{
  "type": "FeatureCollection",
  "features": [
    {
      "type": "Feature",
      "id": 1,
      "geometry": {
        "type": "Polygon",
        "coordinates": [
          [
            [
              -86.64038423031764,
              39.34828045479662
            ],
            [
              -86.6413622307126,
              39.34961045499409
            ],
            [
              -86.64143423077921,
              39.350164455092965
            ],
            [
              -86.64166323088251,
              39.35060745516355
            ],
            [
              -86.64216323105566,
              39.35093845519996
            ],
            [
              -86.642861231267,
              39.351031455182486
            ],
            [
              -86.6482002331338,
              39.35478045561075
            ],
            [
              -86.64952923358305,
              39.355526455682686
            ],
            [
              -86.65048423387675,
              39.35570945566908
            ],
            [
              -86.65057823390336,
              39.35569945566253
            ],
            [
              -86.65155623418057,
              39.355600455595656
            ],
            [
              -86.6524702344141,
              39.355198455475914
            ],
            [
              -86.65343023462398,
              39.35434645527065
            ],
            [
              -86.65427723476567,
              39.35306745499202
            ],
            [
              -86.6550072348825,
              39.35190045474
            ],
            [
              -86.65596523511219,
              39.351296454580684
            ],
            [
              -86.65715923542322,
              39.35084345443761
            ],
            [
              -86.65771223556727,
              39.35063345437125
            ],
            [
              -86.65791023561896,
              39.35055945434776
            ],
            [
              -86.6584032357407,
              39.35029145427368
            ],
            [
              -86.65872623577197,
              39.34952745411635
            ],
            [
              -86.6587172357551,
              39.34935445408484
            ],
            [
              -86.65869023569856,
              39.34876445397702
            ],
            [
              -86.65868523568945,
              39.34867145396007
            ],
            [
              -86.65867323566324,
              39.348395453909625
            ],
            [
              -86.6586692356545,
              39.34830345389283
            ],
            [
              -86.65864723560993,
              39.34784045380825
            ],
            [
              -86.65891623564055,
              39.347259453687435
            ],
            [
              -86.65925423559727,
              39.34553745335216
            ],
            [
              -86.65929323554428,
              39.34475645320574
            ],
            [
              -86.65914223546633,
              39.344344453137055
            ],
            [
              -86.65822023512015,
              39.3434074530095
            ],
            [
              -86.65705923469635,
              39.34237445287608
            ],
            [
              -86.65677423457818,
              39.34194945281165
            ],
            [
              -86.65662123448804,
              39.341396452716936
            ],
            [
              -86.65579923420415,
              39.34086145265878
            ],
            [
              -86.65534023399978,
              39.34000545252322
            ],
            [
              -86.65577923405569,
              39.339129452339364
            ],
            [
              -86.65601723408817,
              39.33868045224447
            ],
            [
              -86.65597423407044,
              39.33861745223499
            ],
            [
              -86.65574523394979,
              39.337963452125365
            ],
            [
              -86.65560123382781,
              39.33699245195284
            ],
            [
              -86.65552323366258,
              39.33526145163651
            ],
            [
              -86.65539923359353,
              39.334862451568824
            ],
            [
              -86.65506723340913,
              39.33379845138845
            ],
            [
              -86.65507223331618,
              39.33265145117598
            ],
            [
              -86.65551223334838,
              39.331483450938016
            ],
            [
              -86.65638523353475,
              39.33065345074109
            ],
            [
              -86.65763323385471,
              39.330117450579955
            ],
            [
              -86.65878123418868,
              39.33010645052096
            ],
            [
              -86.65952823444263,
              39.330544450564915
            ],
            [
              -86.65985323456358,
              39.33086245060761
            ],
            [
              -86.66013623469973,
              39.33151345071401
            ],
            [
              -86.66037723484055,
              39.33237045086062
            ],
            [
              -86.66061923495296,
              39.332878450942616
            ],
            [
              -86.6611272351509,
              39.333482451029155
            ],
            [
              -86.66169623535359,
              39.33392845108337
            ],
            [
              -86.66228823554076,
              39.334104451086546
            ],
            [
              -86.66298123575486,
              39.334249451078996
            ],
            [
              -86.66377823597966,
              39.33415645102218
            ],
            [
              -86.66453523616937,
              39.3337784509147
            ],
            [
              -86.66465023619244,
              39.33365145088547
            ],
            [
              -86.66517223629786,
              39.3330824507543
            ],
            [
              -86.66556323635722,
              39.33241745061183
            ],
            [
              -86.66574123637143,
              39.33195945051827
            ],
            [
              -86.66585223638019,
              39.33167245045966
            ],
            [
              -86.66575423628892,
              39.33091145032372
            ],
            [
              -86.66549423611121,
              39.329673450107556
            ],
            [
              -86.66551723608664,
              39.329293450036104
            ],
            [
              -86.66556023609729,
              39.32927045002971
            ],
            [
              -86.66572523613816,
              39.32918245000529
            ],
            [
              -86.66584423616767,
              39.329119449987715
            ],
            [
              -86.66633423631333,
              39.32915244996946
            ],
            [
              -86.66696723650726,
              39.32926544995895
            ],
            [
              -86.66768023673367,
              39.32948944996501
            ],
            [
              -86.66914723722199,
              39.330223450027994
            ],
            [
              -86.67055223770257,
              39.33108345011734
            ],
            [
              -86.67124423793332,
              39.33143445014793
            ],
            [
              -86.6720392381876,
              39.33170645015877
            ],
            [
              -86.67291723845297,
              39.331819450136074
            ],
            [
              -86.67398123876254,
              39.33180945008135
            ],
            [
              -86.67424423883904,
              39.33180745006793
            ],
            [
              -86.67512323909172,
              39.331762450015965
            ],
            [
              -86.6759592393528,
              39.33197145001307
            ],
            [
              -86.6768152396368,
              39.33238845004774
            ],
            [
              -86.676927239674,
              39.332443450052324
            ],
            [
              -86.67699423969613,
              39.33247545005496
            ],
            [
              -86.67703923971106,
              39.33249745005679
            ],
            [
              -86.67737523982282,
              39.33266445007097
            ],
            [
              -86.67753123987474,
              39.33274245007769
            ],
            [
              -86.67771123993457,
              39.33283145008521
            ],
            [
              -86.67825924011683,
              39.333103450108304
            ],
            [
              -86.67838224015854,
              39.33317445011532
            ],
            [
              -86.6792172404421,
              39.33366045016373
            ],
            [
              -86.67926824045942,
              39.33369045016677
            ],
            [
              -86.679949240694,
              39.33412645021359
            ],
            [
              -86.68097024105147,
              39.33485145029696
            ],
            [
              -86.68204624141703,
              39.33547945035967
            ],
            [
              -86.68293324169606,
              39.3357264503613
            ],
            [
              -86.68379924195919,
              39.33585445034197
            ],
            [
              -86.68446224216069,
              39.335953450327324
            ],
            [
              -86.68550924247342,
              39.33604245029177
            ],
            [
              -86.68553024247963,
              39.33604345029091
            ],
            [
              -86.68559324249844,
              39.33604945028893
            ],
            [
              -86.68561524250495,
              39.33605045028802
            ],
            [
              -86.68561624249328,
              39.335905450261116
            ],
            [
              -86.68561724248156,
              39.33575945023409
            ],
            [
              -86.68561924245657,
              39.335448450176465
            ],
            [
              -86.68563224231154,
              39.33364244984179
            ],
            [
              -86.6856372422635,
              39.333041449730366
            ],
            [
              -86.6856382422464,
              39.3328304496913
            ],
            [
              -86.68564224219574,
              39.33220044957457
            ],
            [
              -86.68564424217901,
              39.33199044953558
            ],
            [
              -86.68567624184362,
              39.327804448759636
            ],
            [
              -86.68569324141087,
              39.32248744777514
            ],
            [
              -86.68566324129827,
              39.321225447543135
            ],
            [
              -86.68576324132191,
              39.32115844752577
            ],
            [
              -86.68554424091882,
              39.31703644677393
            ],
            [
              -86.68552924087227,
              39.31652344667974
            ],
            [
              -86.6855062407638,
              39.31528644645198
            ],
            [
              -86.68549824074003,
              39.31502644640428
            ],
            [
              -86.68546924068875,
              39.314505446309326
            ],
            [
              -86.68546424067642,
              39.314373446285124
            ],
            [
              -86.68545824066344,
              39.314237446260265
            ],
            [
              -86.68545224062815,
              39.31382944618507
            ],
            [
              -86.68545024061646,
              39.313694446160184
            ],
            [
              -86.68544824060635,
              39.313578446138756
            ],
            [
              -86.68544724060466,
              39.313561446135715
            ],
            [
              -86.6854392405766,
              39.313248446078184
            ],
            [
              -86.68543824056941,
              39.31316444606267
            ],
            [
              -86.68543824055855,
              39.31303244603823
            ],
            [
              -86.68543724055071,
              39.31294144602145
            ],
            [
              -86.68543624052813,
              39.31267044597134
            ],
            [
              -86.68543624052074,
              39.312580445954694
            ],
            [
              -86.68541824051447,
              39.31256744595321
            ],
            [
              -86.68543624051844,
              39.312552445949514
            ],
            [
              -86.68543524049569,
              39.31227944589906
            ],
            [
              -86.68543524049076,
              39.312219445887926
            ],
            [
              -86.6854152404228,
              39.31146344574905
            ],
            [
              -86.68540924039863,
              39.31119144569895
            ],
            [
              -86.68540724039345,
              39.31113544568871
            ],
            [
              -86.68540324037846,
              39.31096744565784
            ],
            [
              -86.68540224037366,
              39.31091244564768
            ],
            [
              -86.6853852403149,
              39.31025844552748
            ],
            [
              -86.68538024026584,
              39.30967944542057
            ],
            [
              -86.6853652402001,
              39.308933445283245
            ],
            [
              -86.68535624017085,
              39.30860944522376
            ],
            [
              -86.68533724010513,
              39.30787744508919
            ],
            [
              -86.68531324000642,
              39.30676244488403
            ],
            [
              -86.68529723994222,
              39.30603844475082
            ],
            [
              -86.68528923988154,
              39.30532844461979
            ],
            [
              -86.68527823984599,
              39.30493544454761
            ],
            [
              -86.68527523981324,
              39.304547444475894
            ],
            [
              -86.68526123978593,
              39.304264444424234
            ],
            [
              -86.68524723973957,
              39.30375044432978
            ],
            [
              -86.68524323967092,
              39.302929444178034
            ],
            [
              -86.68522623961474,
              39.302306444063525
            ],
            [
              -86.68521723956265,
              39.301704443952524
            ],
            [
              -86.6851932394041,
              39.29986044361235
            ],
            [
              -86.68518523938118,
              39.29961044356647
            ],
            [
              -86.68517823936206,
              39.29940244352833
            ],
            [
              -86.68515823930717,
              39.298805443418765
            ],
            [
              -86.68513523924007,
              39.298070443283876
            ],
            [
              -86.68511223914668,
              39.297015443089705
            ],
            [
              -86.68511323913029,
              39.29681244305207
            ],
            [
              -86.68508623909037,
              39.29642244298117
            ],
            [
              -86.68508523908721,
              39.29638744297477
            ],
            [
              -86.68508323907817,
              39.29628444295576
            ],
            [
              -86.68508323907537,
              39.2962504429495
            ],
            [
              -86.6850562389464,
              39.29477644267792
            ],
            [
              -86.68505423893592,
              39.294656442655814
            ],
            [
              -86.68504723890119,
              39.29425844258245
            ],
            [
              -86.68502323878724,
              39.29295644234263
            ],
            [
              -86.68500123875077,
              39.29259044227591
            ],
            [
              -86.68496123870385,
              39.292161442198456
            ],
            [
              -86.68475723846245,
              39.28994644179846
            ],
            [
              -86.6849912385289,
              39.28992444178279
            ],
            [
              -86.68493423836976,
              39.28818944146433
            ],
            [
              -86.68488823822554,
              39.28659644117161
            ],
            [
              -86.68486523816506,
              39.28594144105146
            ],
            [
              -86.68485723814263,
              39.28569644100648
            ],
            [
              -86.68480923795221,
              39.28354744061092
            ],
            [
              -86.68479023787542,
              39.28267944045107
            ],
            [
              -86.6847752377739,
              39.28149644023274
            ],
            [
              -86.68462923704364,
              39.27311543868755
            ],
            [
              -86.68462723694921,
              39.27197143847572
            ],
            [
              -86.68460823684974,
              39.27082643826459
            ],
            [
              -86.68459223671319,
              39.26921843796746
            ],
            [
              -86.68456023659208,
              39.26785543771655
            ],
            [
              -86.6845552365285,
              39.26709843757652
            ],
            [
              -86.68454023646963,
              39.26643343745403
            ],
            [
              -86.68450323632133,
              39.26475643714519
            ],
            [
              -86.68449623627781,
              39.2642504370518
            ],
            [
              -86.68447523613298,
              39.26255843673928
            ],
            [
              -86.68445823604308,
              39.261522436548155
            ],
            [
              -86.68444623594955,
              39.26042443634533
            ],
            [
              -86.68443523590358,
              39.2599024362491
            ],
            [
              -86.68441723583824,
              39.25916943611419
            ],
            [
              -86.68441523582169,
              39.258974436078134
            ],
            [
              -86.68440423570674,
              39.257610435825946
            ],
            [
              -86.68437023558042,
              39.25619043556448
            ],
            [
              -86.68436423555436,
              39.25589343550968
            ],
            [
              -86.68436023550329,
              39.255284435397016
            ],
            [
              -86.68435923550128,
              39.25526343539318
            ],
            [
              -86.68434423545436,
              39.25474443529774
            ],
            [
              -86.68434423545314,
              39.254729435295
            ],
            [
              -86.68434823539775,
              39.2540394351669
            ],
            [
              -86.68432823532744,
              39.25325243502203
            ],
            [
              -86.68432723531699,
              39.25312843499912
            ],
            [
              -86.68432623528368,
              39.252725434924464
            ],
            [
              -86.6843202352713,
              39.25259543490067
            ],
            [
              -86.68431723525332,
              39.252386434862096
            ],
            [
              -86.68431023520003,
              39.251761434746584
            ],
            [
              -86.68430923518878,
              39.25162743472179
            ],
            [
              -86.68430723518213,
              39.25155343470819
            ],
            [
              -86.68429623513782,
              39.251051434615654
            ],
            [
              -86.68427623501225,
              39.24958943434567
            ],
            [
              -86.68426423493165,
              39.24864843417187
            ],
            [
              -86.68423823482775,
              39.24747243395513
            ],
            [
              -86.68423223475378,
              39.24659043379195
            ],
            [
              -86.68421423465281,
              39.24542143357615
            ],
            [
              -86.68418923455128,
              39.244270433364015
            ],
            [
              -86.68419523450626,
              39.24369943325789
            ],
            [
              -86.68419823448666,
              39.24344943321141
            ],
            [
              -86.68419723445656,
              39.24308543314392
            ],
            [
              -86.68418223440983,
              39.24256743304863
            ],
            [
              -86.68417623435515,
              39.2419214329292
            ],
            [
              -86.68418023434123,
              39.241736432894726
            ],
            [
              -86.68414623415896,
              39.23963143250612
            ],
            [
              -86.68404423361262,
              39.23331843134067
            ],
            [
              -86.68401123343085,
              39.23121443095212
            ],
            [
              -86.68398923334371,
              39.230227430770164
            ],
            [
              -86.68397123327055,
              39.22939743061719
            ],
            [
              -86.68385623279126,
              39.223946429611885
            ],
            [
              -86.68381823263174,
              39.22213042927699
            ],
            [
              -86.68380923261445,
              39.221951429244214
            ],
            [
              -86.68381223260819,
              39.22186442922792
            ],
            [
              -86.6838102325498,
              39.221157429096905
            ],
            [
              -86.68381023254229,
              39.22106542907978
            ],
            [
              -86.68379823250638,
              39.22066842900678
            ],
            [
              -86.68375023236618,
              39.21912442872274
            ],
            [
              -86.68372623228687,
              39.218240428559966
            ],
            [
              -86.6837252322812,
              39.21817442854776
            ],
            [
              -86.68371323222011,
              39.217469428417594
            ],
            [
              -86.68370823220222,
              39.21726842838054
            ],
            [
              -86.68376923213211,
              39.216193428178094
            ],
            [
              -86.6837852321278,
              39.2160834281569
            ],
            [
              -86.6837892321002,
              39.215731428091445
            ],
            [
              -86.68378323208057,
              39.215512428051085
            ],
            [
              -86.68377923206714,
              39.21536242802344
            ],
            [
              -86.68376023202646,
              39.21493242794462
            ],
            [
              -86.6836082310199,
              39.20315242576647
            ],
            [
              -86.68354423063246,
              39.19863542493136
            ],
            [
              -86.68330122908121,
              39.18048742157454
            ],
            [
              -86.68326822886881,
              39.17800042111444
            ],
            [
              -86.68327922886462,
              39.17790942109698
            ],
            [
              -86.68325822883438,
              39.177613421043006
            ],
            [
              -86.68326022882256,
              39.177461421014726
            ],
            [
              -86.68323822872152,
              39.17630042080021
            ],
            [
              -86.68322522868918,
              39.17595042073587
            ],
            [
              -86.68310722838173,
              39.17259942011941
            ],
            [
              -86.68309622812767,
              39.16952041954812
            ],
            [
              -86.68300722779489,
              39.165753418852894
            ],
            [
              -86.68297322735489,
              39.1604724178736
            ],
            [
              -86.68291022652798,
              39.1505384160311
            ],
            [
              -86.68287222603632,
              39.144630414935094
            ],
            [
              -86.68284422565803,
              39.1400794140907
            ],
            [
              -86.68283922559732,
              39.13935041395547
            ],
            [
              -86.6828322255109,
              39.138312413762904
            ],
            [
              -86.68281222525218,
              39.135201413185634
            ],
            [
              -86.68280622516615,
              39.13416441299318
            ],
            [
              -86.6828062251191,
              39.13358541288554
            ],
            [
              -86.68280622497792,
              39.131848412562654
            ],
            [
              -86.68280622495395,
              39.13155341250781
            ],
            [
              -86.68280322493003,
              39.13127041245533
            ],
            [
              -86.68278522475956,
              39.129236412078114
            ],
            [
              -86.68273122424826,
              39.12313641094665
            ],
            [
              -86.68271422407825,
              39.12110341056949
            ],
            [
              -86.68270922403022,
              39.12053041046315
            ],
            [
              -86.6826942238864,
              39.118812410144464
            ],
            [
              -86.68268922383845,
              39.11824041003829
            ],
            [
              -86.68268122376989,
              39.11742440988697
            ],
            [
              -86.68266022356528,
              39.11497940943335
            ],
            [
              -86.68265322349711,
              39.114164409282075
            ],
            [
              -86.68263322340638,
              39.11311840908854
            ],
            [
              -86.68257322313447,
              39.10998340850845
            ],
            [
              -86.68255322304384,
              39.10893840831501
            ],
            [
              -86.68255022302715,
              39.10874340827895
            ],
            [
              -86.68254522300185,
              39.10844940822446
            ],
            [
              -86.68254122297718,
              39.10815940817074
            ],
            [
              -86.68253922296086,
              39.107965408134746
            ],
            [
              -86.68253722294915,
              39.10782840810937
            ],
            [
              -86.68253522293129,
              39.10761540806982
            ],
            [
              -86.68253222291457,
              39.10742040803374
            ],
            [
              -86.68253022290295,
              39.107284408008546
            ],
            [
              -86.68252622287868,
              39.1069994079557
            ],
            [
              -86.68252322285866,
              39.106763407911984
            ],
            [
              -86.68252022283313,
              39.106459407855546
            ],
            [
              -86.68251022274816,
              39.10544840766798
            ],
            [
              -86.68251022272806,
              39.10520040762183
            ],
            [
              -86.68251022268586,
              39.10468040752511
            ],
            [
              -86.68250922264065,
              39.1041264074221
            ],
            [
              -86.68250922261039,
              39.103753407352734
            ],
            [
              -86.68252122254205,
              39.10286740718735
            ],
            [
              -86.68254422251614,
              39.10246540711143
            ],
            [
              -86.68257622248059,
              39.10191240700695
            ],
            [
              -86.68252122221774,
              39.098868406443366
            ],
            [
              -86.68235922143066,
              39.089740404752945
            ],
            [
              -86.68230622117315,
              39.08675340419967
            ],
            [
              -86.6823072211689,
              39.08669740418915
            ],
            [
              -86.68232622106352,
              39.085328403933495
            ],
            [
              -86.68238622074836,
              39.081221403166126
            ],
            [
              -86.68239022072797,
              39.0809554031164
            ],
            [
              -86.68240622064339,
              39.0798534029105
            ],
            [
              -86.68236722035185,
              39.076393402268415
            ],
            [
              -86.68226421956746,
              39.06707240053818
            ],
            [
              -86.68225221947827,
              39.06601340034159
            ],
            [
              -86.68209821867167,
              39.05659539859533
            ],
            [
              -86.68209821866779,
              39.05654739858638
            ],
            [
              -86.68209821852695,
              39.05480539826197
            ],
            [
              -86.68210221809436,
              39.04943939726227
            ],
            [
              -86.68210321795976,
              39.04777039695132
            ],
            [
              -86.68210321795006,
              39.04765039692899
            ],
            [
              -86.68210321791676,
              39.04723839685226
            ],
            [
              -86.68210421781744,
              39.046005396622505
            ],
            [
              -86.68210521781351,
              39.04595339661278
            ],
            [
              -86.68210421778423,
              39.045594396545965
            ],
            [
              -86.68210321774967,
              39.045170396467014
            ],
            [
              -86.68210021764637,
              39.04390239623095
            ],
            [
              -86.6820992176119,
              39.04347939615217
            ],
            [
              -86.68209921738952,
              39.04072639563925
            ],
            [
              -86.68209921736181,
              39.04038339557536
            ],
            [
              -86.68209921735479,
              39.04029639555913
            ],
            [
              -86.68210021721819,
              39.0386013952433
            ],
            [
              -86.68210021679161,
              39.033318394258856
            ],
            [
              -86.68210021658447,
              39.030752393780695
            ],
            [
              -86.68210121645521,
              39.029147393481544
            ],
            [
              -86.68210121644843,
              39.02906339346587
            ],
            [
              -86.68210121644157,
              39.028978393450075
            ],
            [
              -86.68210421632898,
              39.02757239318787
            ],
            [
              -86.68210421610351,
              39.02477839266713
            ],
            [
              -86.6821072154284,
              39.01639739110473
            ],
            [
              -86.68210921520385,
              39.013605390584125
            ],
            [
              -86.68210921516524,
              39.01312639049485
            ],
            [
              -86.68210921504946,
              39.01169039022711
            ],
            [
              -86.68211021501484,
              39.01125739014631
            ],
            [
              -86.68211021501122,
              39.01121239013791
            ],
            [
              -86.68211021500719,
              39.011162390128575
            ],
            [
              -86.68211021494609,
              39.010404389987286
            ],
            [
              -86.68211121475109,
              39.00798138953542
            ],
            [
              -86.68211221469866,
              39.00732738941343
            ],
            [
              -86.68211321468661,
              39.00717438938484
            ],
            [
              -86.6821152146743,
              39.00701438935491
            ],
            [
              -86.68213821445593,
              39.004221388832974
            ],
            [
              -86.68217321413043,
              39.00005438805417
            ],
            [
              -86.68223921377178,
              38.995363387176035
            ],
            [
              -86.6822822135466,
              38.99241138662331
            ],
            [
              -86.68216121351134,
              38.99241038662901
            ],
            [
              -86.67913021262821,
              38.992397386775224
            ],
            [
              -86.66967720987401,
              38.99235838723135
            ],
            [
              -86.66652620895594,
              38.992345387383416
            ],
            [
              -86.66630020889002,
              38.99234338739412
            ],
            [
              -86.66570620871686,
              38.99234038742263
            ],
            [
              -86.66324920800095,
              38.99233038754121
            ],
            [
              -86.66243520776379,
              38.992327387580545
            ],
            [
              -86.66207520765884,
              38.99232538759781
            ],
            [
              -86.66101020734841,
              38.99231938764886
            ],
            [
              -86.66065620724527,
              38.99231838766602
            ],
            [
              -86.66056320721813,
              38.9923173876704
            ],
            [
              -86.66037420716295,
              38.992315387679284
            ],
            [
              -86.65952920691662,
              38.99231038771978
            ],
            [
              -86.65924820683472,
              38.99230938773337
            ],
            [
              -86.65909320678952,
              38.992308387740785
            ],
            [
              -86.65862820665397,
              38.99230538776302
            ],
            [
              -86.65847320660876,
              38.99230438777044
            ],
            [
              -86.65718520623427,
              38.992309387834474
            ],
            [
              -86.65332220511112,
              38.992325388026764
            ],
            [
              -86.65203520473699,
              38.99233138809092
            ],
            [
              -86.65141020455523,
              38.992333388121914
            ],
            [
              -86.6508582043916,
              38.99229638814204
            ],
            [
              -86.64981720408629,
              38.99226838818783
            ],
            [
              -86.64965520403882,
              38.99226438819504
            ],
            [
              -86.64855620371816,
              38.99225538824723
            ],
            [
              -86.64817820360898,
              38.99226538826758
            ],
            [
              -86.64753720342131,
              38.99225238829654
            ],
            [
              -86.6399192012017,
              38.99222738866507
            ],
            [
              -86.63981820117219,
              38.99222638866983
            ],
            [
              -86.63971720114273,
              38.99222538867459
            ],
            [
              -86.63445519960972,
              38.99221138892976
            ],
            [
              -86.63429519956298,
              38.99220938893723
            ],
            [
              -86.63305719920217,
              38.99220438899688
            ],
            [
              -86.62640119726231,
              38.99217938931818
            ],
            [
              -86.62628119722731,
              38.99217838932387
            ],
            [
              -86.62501219685745,
              38.9921733893851
            ],
            [
              -86.6246641967566,
              38.99217938940323
            ],
            [
              -86.62330919636386,
              38.992201389473685
            ],
            [
              -86.62308019629752,
              38.99220538948565
            ],
            [
              -86.62167019588807,
              38.99221938955733
            ],
            [
              -86.61403419365573,
              38.99210738991026
            ],
            [
              -86.61094319275207,
              38.99206239005317
            ],
            [
              -86.61016019252334,
              38.99205339008984
            ],
            [
              -86.61007019249688,
              38.99205039009371
            ],
            [
              -86.60940919230299,
              38.99203239012268
            ],
            [
              -86.60868319209179,
              38.992035390158755
            ],
            [
              -86.6081431919367,
              38.992062390190235
            ],
            [
              -86.60763119179087,
              38.99210239022277
            ],
            [
              -86.60745519174017,
              38.99210939023268
            ],
            [
              -86.60721719167164,
              38.99211939024623
            ],
            [
              -86.60683619156262,
              38.99214339026935
            ],
            [
              -86.60658419148949,
              38.99214639028224
            ],
            [
              -86.60441119085456,
              38.992119390383564
            ],
            [
              -86.59789518895073,
              38.99204139068785
            ],
            [
              -86.59572318831614,
              38.992015390789305
            ],
            [
              -86.59555618826803,
              38.99202239079876
            ],
            [
              -86.59552318825828,
              38.992020390800015
            ],
            [
              -86.59523618817452,
              38.99201839081368
            ],
            [
              -86.59493218808738,
              38.99203539083173
            ],
            [
              -86.59473518803097,
              38.99204739084362
            ],
            [
              -86.59467218801575,
              38.99208639085398
            ],
            [
              -86.59331618762286,
              38.992111390925
            ],
            [
              -86.58924818644451,
              38.992191391138995
            ],
            [
              -86.58789518605279,
              38.99222039121058
            ],
            [
              -86.58502518521573,
              38.99220539134817
            ],
            [
              -86.5764211827065,
              38.992166391761806
            ],
            [
              -86.57355318187018,
              38.99215439189981
            ],
            [
              -86.57354918188693,
              38.99237739194166
            ],
            [
              -86.57354118193851,
              38.99304839206737
            ],
            [
              -86.57353918195587,
              38.99327239210928
            ],
            [
              -86.57351518212285,
              38.99543839251489
            ],
            [
              -86.5734931822775,
              38.99744339289034
            ],
            [
              -86.57346518247519,
              39.00000539337007
            ],
            [
              -86.57354418265346,
              39.00193739372691
            ],
            [
              -86.57363418285375,
              39.00410339412687
            ],
            [
              -86.57363518288025,
              39.00442939418764
            ],
            [
              -86.57364118296067,
              39.00540839437014
            ],
            [
              -86.57364218297937,
              39.00563739441283
            ],
            [
              -86.57364318298754,
              39.00573539443107
            ],
            [
              -86.57363518311544,
              39.007355394733864
            ],
            [
              -86.57361218349958,
              39.01221639564235
            ],
            [
              -86.57360518362785,
              39.013837395945224
            ],
            [
              -86.57356718372942,
              39.01523739620836
            ],
            [
              -86.5734571840353,
              39.01943839699778
            ],
            [
              -86.57342118413752,
              39.02083939726096
            ],
            [
              -86.57341718432093,
              39.02313339768921
            ],
            [
              -86.57341618433956,
              39.02336839773315
            ],
            [
              -86.57341618435848,
              39.02360339777698
            ],
            [
              -86.5734061847631,
              39.02866639872215
            ],
            [
              -86.57339618531326,
              39.03553540000408
            ],
            [
              -86.57339218531499,
              39.035571400011015
            ],
            [
              -86.57338718531838,
              39.03563140002241
            ],
            [
              -86.573382185321,
              39.03568240003215
            ],
            [
              -86.57337918532319,
              39.0357204000394
            ],
            [
              -86.5733781853254,
              39.035751400045285
            ],
            [
              -86.57337718533283,
              39.03584740006321
            ],
            [
              -86.5733771853354,
              39.03587940006916
            ],
            [
              -86.57337118549074,
              39.03782940043322
            ],
            [
              -86.57335618595785,
              39.043681401525454
            ],
            [
              -86.57335118611361,
              39.04563240188952
            ],
            [
              -86.57334918611593,
              39.04566840189635
            ],
            [
              -86.5733461861199,
              39.04572840190771
            ],
            [
              -86.57334318612291,
              39.04577640191679
            ],
            [
              -86.5733421861256,
              39.04581340192372
            ],
            [
              -86.57330818616305,
              39.04640140203509
            ],
            [
              -86.57320818627629,
              39.048167402369295
            ],
            [
              -86.57318818629963,
              39.04852940243777
            ],
            [
              -86.57325018633537,
              39.048748402475596
            ],
            [
              -86.57324918633758,
              39.048779402481415
            ],
            [
              -86.57324818634108,
              39.04882640249023
            ],
            [
              -86.5732461863443,
              39.04887440249925
            ],
            [
              -86.5732451863466,
              39.048906402505295
            ],
            [
              -86.57324318635175,
              39.048977402518645
            ],
            [
              -86.57324018636838,
              39.049194402559266
            ],
            [
              -86.5732391863739,
              39.04926640257272
            ],
            [
              -86.5732821864988,
              39.05066040283057
            ],
            [
              -86.5733561867108,
              39.05302240326737
            ],
            [
              -86.5733631867598,
              39.053604403375516
            ],
            [
              -86.5733801868568,
              39.05474640358762
            ],
            [
              -86.57338518686629,
              39.05484540360586
            ],
            [
              -86.57340218689531,
              39.05514440366077
            ],
            [
              -86.573479187006,
              39.05623840386094
            ],
            [
              -86.57348318703096,
              39.05653340391578
            ],
            [
              -86.57349018707467,
              39.05705040401183
            ],
            [
              -86.57348518710299,
              39.057419404080854
            ],
            [
              -86.573482187126,
              39.05771540413618
            ],
            [
              -86.57348318712911,
              39.05775040414268
            ],
            [
              -86.57348418713158,
              39.05777740414766
            ],
            [
              -86.57348718713712,
              39.0578354041583
            ],
            [
              -86.57348718713898,
              39.05785840416259
            ],
            [
              -86.57348918714246,
              39.05789440416921
            ],
            [
              -86.57352018722881,
              39.058852404346325
            ],
            [
              -86.57353618733701,
              39.06013640458492
            ],
            [
              -86.5736441876194,
              39.06324640515939
            ],
            [
              -86.57367118773556,
              39.06458840540819
            ],
            [
              -86.57367218774019,
              39.06464240541823
            ],
            [
              -86.57367318774484,
              39.06469640542823
            ],
            [
              -86.57367618775199,
              39.06477340544247
            ],
            [
              -86.57370118781276,
              39.0654364055648
            ],
            [
              -86.57368818784083,
              39.0658314056391
            ],
            [
              -86.57364718785655,
              39.06617440570503
            ],
            [
              -86.57358418786222,
              39.06647240576365
            ],
            [
              -86.57351718786143,
              39.066704405810164
            ],
            [
              -86.57342018785536,
              39.066979405866235
            ],
            [
              -86.57327418783585,
              39.067264405926494
            ],
            [
              -86.5731981878265,
              39.06742340595984
            ],
            [
              -86.57317018782304,
              39.06748140597204
            ],
            [
              -86.57317118782889,
              39.06755040598485
            ],
            [
              -86.57317618787432,
              39.06809540608619
            ],
            [
              -86.57319518802872,
              39.06993940642895
            ],
            [
              -86.57320218808039,
              39.07055440654321
            ],
            [
              -86.57320318812037,
              39.07104540663469
            ],
            [
              -86.57320718824069,
              39.07252140690961
            ],
            [
              -86.57320918828098,
              39.07301340700121
            ],
            [
              -86.5732071883731,
              39.07416140721525
            ],
            [
              -86.57320318865007,
              39.07760540785727
            ],
            [
              -86.57320218874253,
              39.078754408071426
            ],
            [
              -86.57322318879065,
              39.07927440816729
            ],
            [
              -86.57328718893532,
              39.08083440845481
            ],
            [
              -86.57330918898383,
              39.081355408550806
            ],
            [
              -86.57330718899125,
              39.08145440856933
            ],
            [
              -86.57330318901434,
              39.08175440862546
            ],
            [
              -86.57330218902212,
              39.08185440864411
            ],
            [
              -86.57330318902669,
              39.08190740865398
            ],
            [
              -86.57330718904095,
              39.082069408683964
            ],
            [
              -86.57330918904587,
              39.08212340869391
            ],
            [
              -86.57330918910664,
              39.08287540883405
            ],
            [
              -86.57331218928977,
              39.085131409254224
            ],
            [
              -86.57331318935084,
              39.085883409394256
            ],
            [
              -86.57331318935496,
              39.085934409403734
            ],
            [
              -86.57331318936288,
              39.086032409422046
            ],
            [
              -86.57331418937835,
              39.08622040945699
            ],
            [
              -86.57332118959494,
              39.08887440995111
            ],
            [
              -86.57334519032739,
              39.09784741162141
            ],
            [
              -86.57335319057162,
              39.10083841217804
            ],
            [
              -86.57334819057567,
              39.100906412190945
            ],
            [
              -86.5733361905888,
              39.101112412229945
            ],
            [
              -86.57333319059353,
              39.10118141224295
            ],
            [
              -86.57336919068979,
              39.10224141243859
            ],
            [
              -86.57347719097856,
              39.105421413025475
            ],
            [
              -86.57351419107516,
              39.106482413221215
            ],
            [
              -86.57350819108451,
              39.10661941324704
            ],
            [
              -86.5735071910912,
              39.10670541326311
            ],
            [
              -86.57350019114355,
              39.10737741338858
            ],
            [
              -86.57349919116139,
              39.10760141343035
            ],
            [
              -86.57348419119099,
              39.108021413509256
            ],
            [
              -86.57347819120754,
              39.10824741355169
            ],
            [
              -86.57342919135027,
              39.11018741391533
            ],
            [
              -86.57341319139798,
              39.11083441403654
            ],
            [
              -86.5734061914637,
              39.11167141419276
            ],
            [
              -86.57338519166086,
              39.11418241466129
            ],
            [
              -86.57337819172655,
              39.11501941481745
            ],
            [
              -86.57341319174186,
              39.11508241482747
            ],
            [
              -86.57344419175932,
              39.11518641484533
            ],
            [
              -86.57345019176638,
              39.11525241485733
            ],
            [
              -86.57344219182569,
              39.11601341499935
            ],
            [
              -86.5734411918458,
              39.11626541504638
            ],
            [
              -86.573435191864,
              39.116511415092475
            ],
            [
              -86.57343619191992,
              39.11719841522029
            ],
            [
              -86.57343919202225,
              39.11845141545341
            ],
            [
              -86.57343819205128,
              39.11881341552086
            ],
            [
              -86.57340919213948,
              39.12000641574436
            ],
            [
              -86.57340019216541,
              39.12035941581049
            ],
            [
              -86.57338819220558,
              39.12089841591141
            ],
            [
              -86.57339219221063,
              39.1209464159202
            ],
            [
              -86.57340219225847,
              39.12150141602299
            ],
            [
              -86.57341619232194,
              39.122234416158754
            ],
            [
              -86.57341319234037,
              39.122472416203195
            ],
            [
              -86.5734521923933,
              39.12298541629677
            ],
            [
              -86.57341619241399,
              39.12337041637021
            ],
            [
              -86.57338319243277,
              39.12372141643718
            ],
            [
              -86.57330119247834,
              39.12457841660072
            ],
            [
              -86.57327019249544,
              39.12490141666235
            ],
            [
              -86.57325119250686,
              39.12511041670215
            ],
            [
              -86.57320719252459,
              39.12548741677451
            ],
            [
              -86.57318519253371,
              39.12567941681136
            ],
            [
              -86.57307519257789,
              39.12662041699192
            ],
            [
              -86.57303219259599,
              39.12699841706434
            ],
            [
              -86.57307819263825,
              39.12735441712836
            ],
            [
              -86.57312519269286,
              39.12785941722007
            ],
            [
              -86.57315219273394,
              39.128269417295044
            ],
            [
              -86.57315319274768,
              39.12843541732585
            ],
            [
              -86.57316419283173,
              39.129432417510856
            ],
            [
              -86.5731681928944,
              39.13019141765193
            ],
            [
              -86.57318319310758,
              39.132767418130626
            ],
            [
              -86.57318719315997,
              39.13339941824804
            ],
            [
              -86.57318919319451,
              39.133818418325895
            ],
            [
              -86.57319119322695,
              39.13421141839895
            ],
            [
              -86.57319319326945,
              39.13472841849506
            ],
            [
              -86.57319519328583,
              39.13492341853121
            ],
            [
              -86.57318819336521,
              39.135927418718396
            ],
            [
              -86.5731901933945,
              39.1362814187842
            ],
            [
              -86.57319119340661,
              39.136427418811294
            ],
            [
              -86.57318819343591,
              39.13679941888069
            ],
            [
              -86.57318319348798,
              39.13745941900371
            ],
            [
              -86.57318619352348,
              39.137886419083024
            ],
            [
              -86.57318719352716,
              39.1379284190908
            ],
            [
              -86.57320619359093,
              39.13864641922348
            ],
            [
              -86.57321619379691,
              39.14115041968887
            ],
            [
              -86.57322019385411,
              39.14184141981725
            ],
            [
              -86.57322219388689,
              39.142238419890994
            ],
            [
              -86.5732221938968,
              39.142360419913715
            ],
            [
              -86.57324519395809,
              39.14303342003781
            ],
            [
              -86.57325619398614,
              39.14333942009416
            ],
            [
              -86.57325819415556,
              39.14542042048126
            ],
            [
              -86.57325919419526,
              39.14590642057158
            ],
            [
              -86.57325819422013,
              39.14621642062931
            ],
            [
              -86.57325619424023,
              39.14647142067684
            ],
            [
              -86.57325219430116,
              39.14723642081934
            ],
            [
              -86.5732511943119,
              39.1473724208447
            ],
            [
              -86.57325119432164,
              39.147492420867046
            ],
            [
              -86.57324919432698,
              39.14756542088072
            ],
            [
              -86.57323819435294,
              39.14792542094823
            ],
            [
              -86.57324219437795,
              39.148219421002736
            ],
            [
              -86.57324419439372,
              39.14840642103738
            ],
            [
              -86.5732641945699,
              39.15050542142686
            ],
            [
              -86.57326619458647,
              39.1507024214634
            ],
            [
              -86.5732671946335,
              39.151278421570524
            ],
            [
              -86.57326819470295,
              39.15213042172896
            ],
            [
              -86.57328719475629,
              39.15271942183759
            ],
            [
              -86.57329819478647,
              39.1530514218988
            ],
            [
              -86.57330319509943,
              39.15688842261219
            ],
            [
              -86.57330219511172,
              39.15704342264108
            ],
            [
              -86.57329919522795,
              39.15848542290941
            ],
            [
              -86.57329719526464,
              39.15894442299484
            ],
            [
              -86.57329519537605,
              39.16032342325145
            ],
            [
              -86.57329419541311,
              39.16078342333702
            ],
            [
              -86.5732941954218,
              39.16089042335694
            ],
            [
              -86.5732941954257,
              39.160938423365856
            ],
            [
              -86.57329419544786,
              39.161211423416624
            ],
            [
              -86.57329519545685,
              39.161318423436484
            ],
            [
              -86.57329519548203,
              39.16162842349408
            ],
            [
              -86.57329519550014,
              39.161851423535566
            ],
            [
              -86.57329719554362,
              39.16237942363367
            ],
            [
              -86.57329619555786,
              39.16255842366702
            ],
            [
              -86.57329519558274,
              39.16286842372473
            ],
            [
              -86.57329319560401,
              39.16313742377485
            ],
            [
              -86.57328919566851,
              39.163946423925445
            ],
            [
              -86.57328819569015,
              39.16421642397568
            ],
            [
              -86.57328719569563,
              39.164287423989
            ],
            [
              -86.57328619571281,
              39.16450242402899
            ],
            [
              -86.57328619571867,
              39.16457442404236
            ],
            [
              -86.57338019574607,
              39.16457442403774
            ],
            [
              -86.57354819579508,
              39.16457442402947
            ],
            [
              -86.57358219589766,
              39.165715424239984
            ],
            [
              -86.57361019598142,
              39.166645424411506
            ],
            [
              -86.57359919598404,
              39.166717424425485
            ],
            [
              -86.57359719598526,
              39.16673942442963
            ],
            [
              -86.57359719601475,
              39.167102424497166
            ],
            [
              -86.57357819602836,
              39.16733842454196
            ],
            [
              -86.57357519606057,
              39.167745424617756
            ],
            [
              -86.57357419607304,
              39.16790242464702
            ],
            [
              -86.57357319608786,
              39.16808842468164
            ],
            [
              -86.57357219609537,
              39.168184424699575
            ],
            [
              -86.57357019611844,
              39.16847542475377
            ],
            [
              -86.57357019612633,
              39.16857242477179
            ],
            [
              -86.57356919612936,
              39.16861342477949
            ],
            [
              -86.57356919613953,
              39.16873842480269
            ],
            [
              -86.57356919614294,
              39.16878042481051
            ],
            [
              -86.57356519617136,
              39.16914442487837
            ],
            [
              -86.5735731962772,
              39.170418425114875
            ],
            [
              -86.57358519631009,
              39.17078042518158
            ],
            [
              -86.5736021963895,
              39.171696425351065
            ],
            [
              -86.57361119640898,
              39.171903425389104
            ],
            [
              -86.57361219641261,
              39.171944425396674
            ],
            [
              -86.57361919644559,
              39.17232542546717
            ],
            [
              -86.57361219650981,
              39.17314042561902
            ],
            [
              -86.57361219652331,
              39.173306425649876
            ],
            [
              -86.57361219652988,
              39.173387425664956
            ],
            [
              -86.57354919651135,
              39.17338542566768
            ],
            [
              -86.57355119651835,
              39.17346442568224
            ],
            [
              -86.57356119654861,
              39.173801425744415
            ],
            [
              -86.57357719659582,
              39.17432442584082
            ],
            [
              -86.57359219664013,
              39.1748154259314
            ],
            [
              -86.57360319667079,
              39.17515342599368
            ],
            [
              -86.57360319673703,
              39.17596842614517
            ],
            [
              -86.57360519693665,
              39.178416426600165
            ],
            [
              -86.57360619700329,
              39.179232426751774
            ],
            [
              -86.57360419714485,
              39.18098042707682
            ],
            [
              -86.57360119755181,
              39.1859944280089
            ],
            [
              -86.57360019757047,
              39.18622742805222
            ],
            [
              -86.57360019771285,
              39.187977428377486
            ],
            [
              -86.57361219787285,
              39.18990042873422
            ],
            [
              -86.5736311981188,
              39.19285442928221
            ],
            [
              -86.57363219812852,
              39.192970429303784
            ],
            [
              -86.57363319813412,
              39.19303542931574
            ],
            [
              -86.57364519828491,
              39.194845429651515
            ],
            [
              -86.5736501983534,
              39.19566942980433
            ],
            [
              -86.57366019848743,
              39.19727943010302
            ],
            [
              -86.57366319851378,
              39.19759243016104
            ],
            [
              -86.57366419852758,
              39.19775843019182
            ],
            [
              -86.57367019858353,
              39.198424430315285
            ],
            [
              -86.57367819865105,
              39.199224430463495
            ],
            [
              -86.57369419879379,
              39.20092043077783
            ],
            [
              -86.57370319886427,
              39.20175343093214
            ],
            [
              -86.5737111989077,
              39.20225843102554
            ],
            [
              -86.57373719903876,
              39.20377443130588
            ],
            [
              -86.57374619908262,
              39.204280431399454
            ],
            [
              -86.5737421991368,
              39.20496043152597
            ],
            [
              -86.57373219930008,
              39.20700043190543
            ],
            [
              -86.57373019935498,
              39.20768143203202
            ],
            [
              -86.57377019961329,
              39.21070843259228
            ],
            [
              -86.57381419989123,
              39.21396143319433
            ],
            [
              -86.57372520034045,
              39.21979043428123
            ],
            [
              -86.57372120036416,
              39.220095434338035
            ],
            [
              -86.57367920057393,
              39.22281843484573
            ],
            [
              -86.5737172012223,
              39.23063143629445
            ],
            [
              -86.57370320122004,
              39.23065343629923
            ],
            [
              -86.5736882013219,
              39.231955436541696
            ],
            [
              -86.57370620133383,
              39.232037436556055
            ],
            [
              -86.57372320135546,
              39.232241436593085
            ],
            [
              -86.5737372014141,
              39.232910436716615
            ],
            [
              -86.57373520143238,
              39.23314143675956
            ],
            [
              -86.57374120144212,
              39.233239436777446
            ],
            [
              -86.57375120147917,
              39.23365743685457
            ],
            [
              -86.57374920148503,
              39.23373643686931
            ],
            [
              -86.5737592015298,
              39.23424943696405
            ],
            [
              -86.57377020155295,
              39.23449343700881
            ],
            [
              -86.57376820158632,
              39.2349094370861
            ],
            [
              -86.57378120161978,
              39.235273437153026
            ],
            [
              -86.57377520162964,
              39.23541543717972
            ],
            [
              -86.57377320163984,
              39.235547437204325
            ],
            [
              -86.5737692016403,
              39.235567437208246
            ],
            [
              -86.57379820167904,
              39.23593843727565
            ],
            [
              -86.57380120168301,
              39.235976437282574
            ],
            [
              -86.57382020172471,
              39.23641943736383
            ],
            [
              -86.57383920174938,
              39.23665343740637
            ],
            [
              -86.57384820176128,
              39.23676743742706
            ],
            [
              -86.57386520178927,
              39.23704943747854
            ],
            [
              -86.5738652017963,
              39.237135437494516
            ],
            [
              -86.57385820180065,
              39.237213437509375
            ],
            [
              -86.57385020180129,
              39.23725043751659
            ],
            [
              -86.57381920179758,
              39.237315437530185
            ],
            [
              -86.57379120179152,
              39.2373414375364
            ],
            [
              -86.57373620177832,
              39.23737643754564
            ],
            [
              -86.57374720189722,
              39.23879343780812
            ],
            [
              -86.57378020225401,
              39.24304543859566
            ],
            [
              -86.57379220237333,
              39.24446343885823
            ],
            [
              -86.57382520250104,
              39.24590943912495
            ],
            [
              -86.57392120286583,
              39.250032439885295
            ],
            [
              -86.57391620288202,
              39.25024843992565
            ],
            [
              -86.57389020299266,
              39.25169544019543
            ],
            [
              -86.57390220304204,
              39.252256440298915
            ],
            [
              -86.57393820319011,
              39.25394044060961
            ],
            [
              -86.57395020323958,
              39.254502440713296
            ],
            [
              -86.57395720341584,
              39.25663444110846
            ],
            [
              -86.5739812039458,
              39.26303144229399
            ],
            [
              -86.57398920411256,
              39.26504244266667
            ],
            [
              -86.57398920412254,
              39.26516444268929
            ],
            [
              -86.57400920430293,
              39.26729844308412
            ],
            [
              -86.57407020484457,
              39.27370144426862
            ],
            [
              -86.57407220485742,
              39.273851444296355
            ],
            [
              -86.57411920503348,
              39.27583544466194
            ],
            [
              -86.57396020499725,
              39.27595944469283
            ],
            [
              -86.57382620496533,
              39.27604744471577
            ],
            [
              -86.57316920480194,
              39.276393444812406
            ],
            [
              -86.57307020477487,
              39.27641544482138
            ],
            [
              -86.57293620474206,
              39.276492444842255
            ],
            [
              -86.5726252046594,
              39.276591444876026
            ],
            [
              -86.5720882045143,
              39.276733444928894
            ],
            [
              -86.57172020440832,
              39.276750444950245
            ],
            [
              -86.57148020433556,
              39.276717444955956
            ],
            [
              -86.5714232043162,
              39.2766844449527
            ],
            [
              -86.57132420428553,
              39.276662444953494
            ],
            [
              -86.57119020424062,
              39.27659144494697
            ],
            [
              -86.57080820410702,
              39.27632144491578
            ],
            [
              -86.57057520402294,
              39.27612444489075
            ],
            [
              -86.57049720399203,
              39.27602544487627
            ],
            [
              -86.57021520388457,
              39.27571744483308
            ],
            [
              -86.56997420379402,
              39.27547044479919
            ],
            [
              -86.56986820374325,
              39.27522844475953
            ],
            [
              -86.56985420373562,
              39.27518444475205
            ],
            [
              -86.56978420370537,
              39.27506444473328
            ],
            [
              -86.56974120368922,
              39.27502044472724
            ],
            [
              -86.56968520363415,
              39.27454744464229
            ],
            [
              -86.5696422036171,
              39.27449244463419
            ],
            [
              -86.56941620353682,
              39.27431744461295
            ],
            [
              -86.56934520351341,
              39.27428444461031
            ],
            [
              -86.56899220340857,
              39.27426244462368
            ],
            [
              -86.5688222033608,
              39.274284444636166
            ],
            [
              -86.56876620334712,
              39.27431744464507
            ],
            [
              -86.5686952033282,
              39.274339444652654
            ],
            [
              -86.56857620329964,
              39.27441444467244
            ],
            [
              -86.56851120328344,
              39.27444844468193
            ],
            [
              -86.56832820324404,
              39.27461944472271
            ],
            [
              -86.568299203241,
              39.27468544473638
            ],
            [
              -86.56814420320826,
              39.274838444772435
            ],
            [
              -86.56813720320937,
              39.27487744478003
            ],
            [
              -86.5681022032023,
              39.27491544478877
            ],
            [
              -86.56807320320016,
              39.27499244480451
            ],
            [
              -86.56794620317297,
              39.27511344483321
            ],
            [
              -86.5677132031194,
              39.27528944487738
            ],
            [
              -86.5676492031034,
              39.27532244488665
            ],
            [
              -86.56734520302007,
              39.275388444913915
            ],
            [
              -86.56720420297712,
              39.2753664449168
            ],
            [
              -86.56707020293082,
              39.27527844490711
            ],
            [
              -86.56702720291287,
              39.27521244489699
            ],
            [
              -86.56707720289553,
              39.2748224448222
            ],
            [
              -86.56741620292753,
              39.27400444465375
            ],
            [
              -86.56738020288516,
              39.273614444583174
            ],
            [
              -86.56723220280733,
              39.273191444512065
            ],
            [
              -86.56719720277957,
              39.272976444473905
            ],
            [
              -86.56714020271669,
              39.27241144437193
            ],
            [
              -86.56718220270824,
              39.27215844432296
            ],
            [
              -86.56738020274535,
              39.27190544426625
            ],
            [
              -86.56762820279972,
              39.27168544421317
            ],
            [
              -86.5677622028254,
              39.271521444176116
            ],
            [
              -86.56827820294049,
              39.27108744407012
            ],
            [
              -86.56846220297798,
              39.270889444024284
            ],
            [
              -86.56847620297759,
              39.27083444401343
            ],
            [
              -86.56851820298621,
              39.27079044400319
            ],
            [
              -86.56858920299486,
              39.270642443972214
            ],
            [
              -86.56865620296804,
              39.27007544386374
            ],
            [
              -86.5686812029583,
              39.269867443823934
            ],
            [
              -86.56869520296016,
              39.26984044381823
            ],
            [
              -86.56870720295919,
              39.269785443807436
            ],
            [
              -86.56874420295644,
              39.269620443775004
            ],
            [
              -86.56892120297351,
              39.26919744368779
            ],
            [
              -86.56906220298411,
              39.268823443611474
            ],
            [
              -86.56912620299383,
              39.2687144435881
            ],
            [
              -86.56914020299433,
              39.26867044357923
            ],
            [
              -86.5691822030021,
              39.26861544356694
            ],
            [
              -86.56933820301883,
              39.268263443493964
            ],
            [
              -86.56937320300972,
              39.26802744344844
            ],
            [
              -86.56945120302039,
              39.26787944341716
            ],
            [
              -86.56948620301209,
              39.267653443373504
            ],
            [
              -86.56950720301514,
              39.2676154433654
            ],
            [
              -86.56956420300799,
              39.2673244433086
            ],
            [
              -86.56964120298325,
              39.266747443197765
            ],
            [
              -86.56964120297783,
              39.26668144318556
            ],
            [
              -86.56961320295439,
              39.266494443152226
            ],
            [
              -86.56958520294354,
              39.26646144314752
            ],
            [
              -86.56938720287323,
              39.2663084431289
            ],
            [
              -86.56926720283701,
              39.26629344313203
            ],
            [
              -86.5692172028218,
              39.26628644313322
            ],
            [
              -86.56887120272485,
              39.26633544315941
            ],
            [
              -86.5687792027003,
              39.26636344316911
            ],
            [
              -86.56853220263093,
              39.26639644318748
            ],
            [
              -86.56764820237969,
              39.266478443246335
            ],
            [
              -86.56723220226317,
              39.26653844327804
            ],
            [
              -86.56718220224997,
              39.26655544328368
            ],
            [
              -86.56672320212145,
              39.266621443318606
            ],
            [
              -86.56651820206564,
              39.26667044333782
            ],
            [
              -86.56635520202612,
              39.26676944336422
            ],
            [
              -86.56599520194716,
              39.267088443441224
            ],
            [
              -86.56599520194985,
              39.26712144344731
            ],
            [
              -86.56582520191377,
              39.267286443486306
            ],
            [
              -86.5657122018996,
              39.2675164435346
            ],
            [
              -86.56541620190711,
              39.26866444376219
            ],
            [
              -86.56539420190478,
              39.26871444377253
            ],
            [
              -86.56536620190415,
              39.26880744379114
            ],
            [
              -86.56530220189944,
              39.2689774438258
            ],
            [
              -86.56521120190216,
              39.26933544389673
            ],
            [
              -86.56506220189186,
              39.269741443979385
            ],
            [
              -86.56500620188,
              39.26979644399239
            ],
            [
              -86.56475120182179,
              39.26999444404172
            ],
            [
              -86.56462420178651,
              39.270016444052075
            ],
            [
              -86.56448320175168,
              39.2700934440733
            ],
            [
              -86.56429920169708,
              39.2700824440804
            ],
            [
              -86.56398820160362,
              39.270049444089594
            ],
            [
              -86.5639322015846,
              39.27001644408627
            ],
            [
              -86.56386120156209,
              39.2699944440857
            ],
            [
              -86.56359220147009,
              39.26982944406835
            ],
            [
              -86.56352220143889,
              39.269697444047324
            ],
            [
              -86.56352220142989,
              39.269587444026975
            ],
            [
              -86.5637122014718,
              39.26942244398694
            ],
            [
              -86.56439820163607,
              39.26898344387163
            ],
            [
              -86.56457520167653,
              39.26884644383748
            ],
            [
              -86.56463820168814,
              39.26876344381896
            ],
            [
              -86.56467420169328,
              39.26869744380493
            ],
            [
              -86.56468820169194,
              39.268631443791996
            ],
            [
              -86.56467420167627,
              39.26848944376637
            ],
            [
              -86.56459620162158,
              39.26809944369785
            ],
            [
              -86.56450420157624,
              39.26787344366047
            ],
            [
              -86.56444720154624,
              39.26770944363288
            ],
            [
              -86.56442620150591,
              39.2672914435564
            ],
            [
              -86.56444020149289,
              39.267082443516905
            ],
            [
              -86.56435520143492,
              39.26667644344579
            ],
            [
              -86.56431320141816,
              39.266621443437685
            ],
            [
              -86.5642712013987,
              39.26653344342343
            ],
            [
              -86.56417220135899,
              39.26640144340384
            ],
            [
              -86.5641362013413,
              39.26631344338928
            ],
            [
              -86.5640662013146,
              39.26623644337848
            ],
            [
              -86.5636842011789,
              39.26594044334245
            ],
            [
              -86.56357820114927,
              39.26595644335063
            ],
            [
              -86.56337320108675,
              39.26592344335466
            ],
            [
              -86.56331720107038,
              39.26592344335743
            ],
            [
              -86.56286420094719,
              39.2660334434002
            ],
            [
              -86.56282220093762,
              39.26606644340839
            ],
            [
              -86.56270920091363,
              39.26617644343438
            ],
            [
              -86.56268120092837,
              39.26645644348773
            ],
            [
              -86.56271620095431,
              39.266648443521596
            ],
            [
              -86.56275120097219,
              39.2667424435373
            ],
            [
              -86.5627732009862,
              39.26683544355344
            ],
            [
              -86.56285020102621,
              39.267049443589364
            ],
            [
              -86.56290020106728,
              39.26737344364698
            ],
            [
              -86.56285720106281,
              39.26747244366751
            ],
            [
              -86.56269520102545,
              39.26759344369793
            ],
            [
              -86.56258220099747,
              39.26765444371485
            ],
            [
              -86.56249720097574,
              39.26769244372606
            ],
            [
              -86.56207320085699,
              39.26775344375834
            ],
            [
              -86.56198820083438,
              39.26778044376754
            ],
            [
              -86.56193220082076,
              39.26781344377645
            ],
            [
              -86.56186120080095,
              39.26782444378199
            ],
            [
              -86.56180520078728,
              39.267857443790895
            ],
            [
              -86.56153620071368,
              39.26791744381528
            ],
            [
              -86.5614232006834,
              39.267950443827004
            ],
            [
              -86.56136620066951,
              39.26798344383591
            ],
            [
              -86.5611192006073,
              39.268104443870605
            ],
            [
              -86.56084420054187,
              39.268285443917776
            ],
            [
              -86.56050420045565,
              39.26844544396423
            ],
            [
              -86.56030620040063,
              39.26847844398013
            ],
            [
              -86.56013020035326,
              39.26852744399795
            ],
            [
              -86.55957120018921,
              39.26851644402351
            ],
            [
              -86.5587381999497,
              39.26856044407282
            ],
            [
              -86.558662199929,
              39.26857844407994
            ],
            [
              -86.55820019980298,
              39.2686864441228
            ],
            [
              -86.55799619974934,
              39.26875844414622
            ],
            [
              -86.5578901997188,
              39.26876344415238
            ],
            [
              -86.55767819965426,
              39.26873044415675
            ],
            [
              -86.55757219961879,
              39.26867544415176
            ],
            [
              -86.55749419959157,
              39.26862044414544
            ],
            [
              -86.55740919956045,
              39.26854344413532
            ],
            [
              -86.55733819950785,
              39.2681534440665
            ],
            [
              -86.55729619949157,
              39.26810444405948
            ],
            [
              -86.557381199511,
              39.26803844404304
            ],
            [
              -86.55738119948762,
              39.26775244398997
            ],
            [
              -86.55734619945858,
              39.26752244394905
            ],
            [
              -86.55728919942936,
              39.267368443923274
            ],
            [
              -86.5572471994144,
              39.26733544391927
            ],
            [
              -86.55711919935366,
              39.26704944387252
            ],
            [
              -86.55707719930729,
              39.26663244379719
            ],
            [
              -86.55704919929684,
              39.26660444379341
            ],
            [
              -86.55703519928964,
              39.266566443787035
            ],
            [
              -86.5570771992997,
              39.26653944377996
            ],
            [
              -86.55711919930877,
              39.26650044377063
            ],
            [
              -86.55715519930179,
              39.26628644372919
            ],
            [
              -86.55728219931683,
              39.26601744367299
            ],
            [
              -86.55740919934443,
              39.26590144364522
            ],
            [
              -86.55759319938691,
              39.26576444361071
            ],
            [
              -86.5576351993992,
              39.26576444360864
            ],
            [
              -86.55776319943116,
              39.265698443590075
            ],
            [
              -86.55784719945474,
              39.26568744358385
            ],
            [
              -86.55790419946871,
              39.265654443574945
            ],
            [
              -86.55832819958395,
              39.265550443534686
            ],
            [
              -86.55851219963495,
              39.2655174435195
            ],
            [
              -86.55869519968115,
              39.265429443494135
            ],
            [
              -86.55896419974168,
              39.265209443440014
            ],
            [
              -86.55900619974675,
              39.26512144342159
            ],
            [
              -86.55907019975022,
              39.26493544338394
            ],
            [
              -86.55905619973444,
              39.26479244335813
            ],
            [
              -86.55899919971333,
              39.26473744335072
            ],
            [
              -86.55866019959281,
              39.26447344331846
            ],
            [
              -86.55836319949888,
              39.26438544331687
            ],
            [
              -86.55809519941488,
              39.26431444331689
            ],
            [
              -86.55789719934994,
              39.264226443310335
            ],
            [
              -86.55755819923215,
              39.26399544328423
            ],
            [
              -86.55747319920012,
              39.2639074432721
            ],
            [
              -86.55747319919742,
              39.263874443266
            ],
            [
              -86.55740219917043,
              39.26379744325519
            ],
            [
              -86.55733219913658,
              39.263633443228244
            ],
            [
              -86.55727519910326,
              39.26342944319321
            ],
            [
              -86.55728219908688,
              39.26320444315113
            ],
            [
              -86.55731019908612,
              39.263094443129326
            ],
            [
              -86.55762119915441,
              39.26282044306314
            ],
            [
              -86.55762119915353,
              39.26280944306114
            ],
            [
              -86.55773419917931,
              39.26272144303921
            ],
            [
              -86.5577271991732,
              39.262671443030236
            ],
            [
              -86.55755119910998,
              39.26252644301206
            ],
            [
              -86.55749419908953,
              39.26247944300616
            ],
            [
              -86.5574241990673,
              39.26245744300553
            ],
            [
              -86.55726119901699,
              39.262424443007426
            ],
            [
              -86.55706319895206,
              39.26233644300094
            ],
            [
              -86.55686519888438,
              39.26221544298822
            ],
            [
              -86.556809198864,
              39.26216644298191
            ],
            [
              -86.556738198833,
              39.26204044296202
            ],
            [
              -86.55666819880628,
              39.2619634429512
            ],
            [
              -86.5564701987202,
              39.261617442896814
            ],
            [
              -86.5563141986594,
              39.26143044286978
            ],
            [
              -86.55618719861158,
              39.26129844285156
            ],
            [
              -86.5558061984761,
              39.26100144281529
            ],
            [
              -86.55564319842136,
              39.26091344280701
            ],
            [
              -86.55521919827612,
              39.26065044277918
            ],
            [
              -86.5551341982477,
              39.26060644277521
            ],
            [
              -86.5548521981577,
              39.26051244277171
            ],
            [
              -86.55452719805568,
              39.26042444277143
            ],
            [
              -86.55415919794831,
              39.26042444278961
            ],
            [
              -86.55365819780793,
              39.26049644282769
            ],
            [
              -86.55359419779062,
              39.26051244283384
            ],
            [
              -86.55317719767297,
              39.2605624428637
            ],
            [
              -86.5530501976345,
              39.2605454428668
            ],
            [
              -86.5530001976177,
              39.260518442864274
            ],
            [
              -86.55283119756753,
              39.26050744287055
            ],
            [
              -86.55245719743367,
              39.26020544283301
            ],
            [
              -86.55235119739145,
              39.26006744281264
            ],
            [
              -86.55218119732658,
              39.25988044278628
            ],
            [
              -86.55211719729449,
              39.25971644275905
            ],
            [
              -86.5520961972493,
              39.25923844267139
            ],
            [
              -86.55214619725442,
              39.259122442647424
            ],
            [
              -86.55238619730657,
              39.2589034425949
            ],
            [
              -86.5524571973246,
              39.2588704425853
            ],
            [
              -86.55264019737349,
              39.25881544256603
            ],
            [
              -86.55326219755275,
              39.25878744253014
            ],
            [
              -86.55336119758611,
              39.25884244253542
            ],
            [
              -86.55350219762995,
              39.258875442534624
            ],
            [
              -86.55368619769447,
              39.25900744255003
            ],
            [
              -86.55375719771699,
              39.25902944255062
            ],
            [
              -86.5540321978125,
              39.25921644257171
            ],
            [
              -86.55457619799283,
              39.25948044259385
            ],
            [
              -86.55494419812136,
              39.259738442623515
            ],
            [
              -86.55501419814357,
              39.259760442624156
            ],
            [
              -86.55522619821711,
              39.25990344264019
            ],
            [
              -86.55544519828912,
              39.26000244264777
            ],
            [
              -86.55558719833684,
              39.26007944265503
            ],
            [
              -86.55565719835815,
              39.26009044265364
            ],
            [
              -86.55571419837743,
              39.26012244265672
            ],
            [
              -86.55586919842537,
              39.260155442655225
            ],
            [
              -86.55618019851428,
              39.260133442635784
            ],
            [
              -86.5562791985388,
              39.26007944262086
            ],
            [
              -86.5563921985646,
              39.25999144259893
            ],
            [
              -86.55652319859269,
              39.25986744256949
            ],
            [
              -86.5565621986011,
              39.259831442560866
            ],
            [
              -86.55662519860789,
              39.259689442531425
            ],
            [
              -86.55668219862005,
              39.25963444251841
            ],
            [
              -86.55676719862953,
              39.25944744247949
            ],
            [
              -86.55680219862317,
              39.2592444424401
            ],
            [
              -86.55683719862755,
              39.259172442425026
            ],
            [
              -86.55700719861387,
              39.25839844227302
            ],
            [
              -86.5571411986256,
              39.25806344220424
            ],
            [
              -86.55717719862126,
              39.257881442168696
            ],
            [
              -86.55726619863114,
              39.257684442127726
            ],
            [
              -86.55748719865564,
              39.25719544202607
            ],
            [
              -86.55750919864458,
              39.256981441985296
            ],
            [
              -86.55755119863707,
              39.25673944193831
            ],
            [
              -86.55752319859656,
              39.256343441866186
            ],
            [
              -86.55741719852793,
              39.25588244178591
            ],
            [
              -86.5573681984782,
              39.255448441707806
            ],
            [
              -86.55721219842277,
              39.25532744169301
            ],
            [
              -86.55689419832689,
              39.255289441701706
            ],
            [
              -86.55661219824641,
              39.25531144171972
            ],
            [
              -86.55624419814208,
              39.25534944174489
            ],
            [
              -86.55570719798718,
              39.25537144177549
            ],
            [
              -86.55543919790625,
              39.255338441782634
            ],
            [
              -86.55523419784242,
              39.25528944178369
            ],
            [
              -86.5550781977933,
              39.25524544178322
            ],
            [
              -86.55499419776525,
              39.25520144177919
            ],
            [
              -86.55471119766736,
              39.255014441758426
            ],
            [
              -86.55468319763813,
              39.254756441711955
            ],
            [
              -86.5547251976405,
              39.25463544168739
            ],
            [
              -86.55494419768876,
              39.25444344164097
            ],
            [
              -86.55507919772097,
              39.25435544161797
            ],
            [
              -86.55518419774707,
              39.254300441602616
            ],
            [
              -86.55529819777894,
              39.25428344159383
            ],
            [
              -86.55584919792857,
              39.254146441541195
            ],
            [
              -86.55596219796064,
              39.25413544153355
            ],
            [
              -86.55610319799639,
              39.25406944151432
            ],
            [
              -86.55620219802078,
              39.25401444149924
            ],
            [
              -86.55631519804656,
              39.25392644147735
            ],
            [
              -86.55634319804938,
              39.253860441463715
            ],
            [
              -86.55634319803998,
              39.25374544144237
            ],
            [
              -86.55628719801062,
              39.25358644141562
            ],
            [
              -86.55624419799489,
              39.253547441410504
            ],
            [
              -86.55623019798773,
              39.25350944140412
            ],
            [
              -86.55610319793897,
              39.25336644138388
            ],
            [
              -86.5557001977962,
              39.25305844134659
            ],
            [
              -86.55558719775962,
              39.25301444134401
            ],
            [
              -86.55416719733006,
              39.25282844137962
            ],
            [
              -86.5537361971957,
              39.252723441381455
            ],
            [
              -86.55349619711217,
              39.252558441362645
            ],
            [
              -86.55344019709047,
              39.25249244135315
            ],
            [
              -86.5534111970551,
              39.25216344129357
            ],
            [
              -86.55349619705834,
              39.251899441240354
            ],
            [
              -86.5535881970771,
              39.25180044121746
            ],
            [
              -86.55363019708757,
              39.251778441211314
            ],
            [
              -86.55375819711686,
              39.251679441186575
            ],
            [
              -86.55383519713891,
              39.25167444118185
            ],
            [
              -86.55449219733192,
              39.251690441152405
            ],
            [
              -86.55476119740683,
              39.251646441130966
            ],
            [
              -86.5548321974245,
              39.251608441120396
            ],
            [
              -86.55486419743177,
              39.25158344111417
            ],
            [
              -86.553418197009,
              39.25157344118367
            ],
            [
              -86.55262419677682,
              39.251568441221956
            ],
            [
              -86.54908319574061,
              39.251533441390286
            ],
            [
              -86.54763819531786,
              39.25152044145919
            ],
            [
              -86.5462991949266,
              39.25151444152419
            ],
            [
              -86.54293419394354,
              39.251502441688025
            ],
            [
              -86.54228519375387,
              39.25149944171952
            ],
            [
              -86.54159319355178,
              39.251497441753294
            ],
            [
              -86.54094819336082,
              39.25146444177904
            ],
            [
              -86.54056319324806,
              39.25145944179707
            ],
            [
              -86.53940919291003,
              39.25144444185128
            ],
            [
              -86.5390251927975,
              39.251439441869316
            ],
            [
              -86.53732919230137,
              39.251425441950396
            ],
            [
              -86.5342301913948,
              39.25140044209868
            ],
            [
              -86.53224119081273,
              39.2513814421933
            ],
            [
              -86.5305461903167,
              39.25136544227394
            ],
            [
              -86.53036719026427,
              39.25136344228241
            ],
            [
              -86.52983119010757,
              39.25136044230831
            ],
            [
              -86.52965319005553,
              39.2513594423169
            ],
            [
              -86.52958419003524,
              39.25135744231995
            ],
            [
              -86.52937718997434,
              39.25135144232905
            ],
            [
              -86.52930818995411,
              39.25135044233228
            ],
            [
              -86.52924318993497,
              39.251348442335065
            ],
            [
              -86.52905018987828,
              39.25134444234386
            ],
            [
              -86.52898618985957,
              39.25134344234682
            ],
            [
              -86.52886718982587,
              39.25135644235515
            ],
            [
              -86.52851318972593,
              39.251397442380224
            ],
            [
              -86.52839518969257,
              39.251411442388616
            ],
            [
              -86.52802818958571,
              39.251414442407274
            ],
            [
              -86.5269271892654,
              39.251427442464035
            ],
            [
              -86.52656118915898,
              39.251432442483
            ],
            [
              -86.52652918915011,
              39.25143844248568
            ],
            [
              -86.5264171891179,
              39.25144444249236
            ],
            [
              -86.52634718909715,
              39.25144044249509
            ],
            [
              -86.52611718902995,
              39.25143944250626
            ],
            [
              -86.52565418889466,
              39.25143744252866
            ],
            [
              -86.5247831886409,
              39.25144344257279
            ],
            [
              -86.52451718856348,
              39.25144644258647
            ],
            [
              -86.52433918851135,
              39.251444442594895
            ],
            [
              -86.52402118841829,
              39.25144144261003
            ],
            [
              -86.5230671881391,
              39.25143244265539
            ],
            [
              -86.52275018804642,
              39.25143044267066
            ],
            [
              -86.52266918802266,
              39.25142944267448
            ],
            [
              -86.52191818780445,
              39.25144144271377
            ],
            [
              -86.52027118732362,
              39.25144144279502
            ],
            [
              -86.51931618704445,
              39.25143644284116
            ],
            [
              -86.51911918698694,
              39.251436442850874
            ],
            [
              -86.51724118643874,
              39.25143644294351
            ],
            [
              -86.5153561858883,
              39.25143444303614
            ],
            [
              -86.5141561855385,
              39.25144044309648
            ],
            [
              -86.51339318531556,
              39.251438443133665
            ],
            [
              -86.51239418502436,
              39.251443443183916
            ],
            [
              -86.51010218435573,
              39.25144944329808
            ],
            [
              -86.50961618421367,
              39.25144744332166
            ],
            [
              -86.5091891840895,
              39.25145344334382
            ],
            [
              -86.50901518403907,
              39.25145744335316
            ],
            [
              -86.50712018348962,
              39.25150444345531
            ],
            [
              -86.50656318332778,
              39.251513443484505
            ],
            [
              -86.50621418322677,
              39.251524443503726
            ],
            [
              -86.50602918317423,
              39.251542443516186
            ],
            [
              -86.50577218310228,
              39.25158044353595
            ],
            [
              -86.50564318306711,
              39.25161044354787
            ],
            [
              -86.5055921830534,
              39.25162544355318
            ],
            [
              -86.50493618286278,
              39.251636443587536
            ],
            [
              -86.50434418269077,
              39.251646443618625
            ],
            [
              -86.50296918229122,
              39.25166944369068
            ],
            [
              -86.502789182239,
              39.2516734437003
            ],
            [
              -86.50231418210097,
              39.2516814437252
            ],
            [
              -86.50206018202617,
              39.251673443736244
            ],
            [
              -86.50129818180199,
              39.25165244376993
            ],
            [
              -86.50104418172722,
              39.25164544378117
            ],
            [
              -86.50028318150557,
              39.25165144381978
            ],
            [
              -86.5001891814782,
              39.251652443824604
            ],
            [
              -86.49800818082944,
              39.251505443904826
            ],
            [
              -86.49725018060394,
              39.25145444393274
            ],
            [
              -86.49612118027318,
              39.25144044398585
            ],
            [
              -86.49273617928154,
              39.25140044414527
            ],
            [
              -86.49160817895114,
              39.25138744419845
            ],
            [
              -86.48994917846433,
              39.251357444274674
            ],
            [
              -86.48497117700359,
              39.251269444503706
            ],
            [
              -86.48331317651709,
              39.251240444580056
            ],
            [
              -86.48208417615743,
              39.25123144463892
            ],
            [
              -86.47839917507922,
              39.25120444481553
            ],
            [
              -86.47717117471986,
              39.251195444874405
            ],
            [
              -86.47715917471662,
              39.25119844487555
            ],
            [
              -86.47711817470513,
              39.25120444487866
            ],
            [
              -86.47703217468016,
              39.251206444883266
            ],
            [
              -86.47642517450186,
              39.25119344491081
            ],
            [
              -86.47574717430216,
              39.251172444940295
            ],
            [
              -86.47564017427064,
              39.25116944494501
            ],
            [
              -86.47479417402069,
              39.25113344498
            ],
            [
              -86.47409717381348,
              39.251088445006
            ],
            [
              -86.4738361737352,
              39.25106344501421
            ],
            [
              -86.47364517367726,
              39.25103644501862
            ],
            [
              -86.47309817350997,
              39.250944445028495
            ],
            [
              -86.47294617346435,
              39.25092944503317
            ],
            [
              -86.47278517341651,
              39.25091944503922
            ],
            [
              -86.47256117335118,
              39.25092044505045
            ],
            [
              -86.47234617328948,
              39.250933445063474
            ],
            [
              -86.47148517304572,
              39.25102744512336
            ],
            [
              -86.47117917295805,
              39.25104844514234
            ],
            [
              -86.47101017290929,
              39.251055445151955
            ],
            [
              -86.4707171728235,
              39.251053445166015
            ],
            [
              -86.4704931727574,
              39.25104444517541
            ],
            [
              -86.4700681726306,
              39.25101144519023
            ],
            [
              -86.46984917256525,
              39.25099444519786
            ],
            [
              -86.46972217252748,
              39.2509864452026
            ],
            [
              -86.46945217244739,
              39.25097144521314
            ],
            [
              -86.46905317233004,
              39.25096044523074
            ],
            [
              -86.46868417222191,
              39.25095644524818
            ],
            [
              -86.46833817212071,
              39.25095444526487
            ],
            [
              -86.46820117208006,
              39.25094644527016
            ],
            [
              -86.46779017196023,
              39.250949445290956
            ],
            [
              -86.46765417192043,
              39.25094844529746
            ],
            [
              -86.46731917182217,
              39.25094244531281
            ],
            [
              -86.46713317176763,
              39.25094044532162
            ],
            [
              -86.4664651715712,
              39.25092344535141
            ],
            [
              -86.46631817152807,
              39.250921445358266
            ],
            [
              -86.46598417143026,
              39.25091844537412
            ],
            [
              -86.4655441713014,
              39.25091344539489
            ],
            [
              -86.46509517116995,
              39.25090944541628
            ],
            [
              -86.4640501708648,
              39.250910445467944
            ],
            [
              -86.46400717089331,
              39.251414445563675
            ],
            [
              -86.46399317090302,
              39.25158344559578
            ],
            [
              -86.46405617117753,
              39.25472544617627
            ],
            [
              -86.46413117149665,
              39.25837144684975
            ],
            [
              -86.46424817200231,
              39.26415344791777
            ],
            [
              -86.4643121722774,
              39.26729644849828
            ],
            [
              -86.4643351723711,
              39.26836244869505
            ],
            [
              -86.46440617265284,
              39.271561449285514
            ],
            [
              -86.46443017274694,
              39.272628449482454
            ],
            [
              -86.46442117275379,
              39.27274444950444
            ],
            [
              -86.46439817277563,
              39.273094449570515
            ],
            [
              -86.46439017278281,
              39.27321144959267
            ],
            [
              -86.46439317278472,
              39.27322344959473
            ],
            [
              -86.46440317280793,
              39.27347244964045
            ],
            [
              -86.4643961728459,
              39.2739624497318
            ],
            [
              -86.46439417289265,
              39.27454244983957
            ],
            [
              -86.46439417289773,
              39.27460444985104
            ],
            [
              -86.46442217306294,
              39.276528450206875
            ],
            [
              -86.46442717322857,
              39.278539450579935
            ],
            [
              -86.46442917327649,
              39.279119450687524
            ],
            [
              -86.46442117331843,
              39.27966145078852
            ],
            [
              -86.4644271733374,
              39.27987245082736
            ],
            [
              -86.46443617336195,
              39.280140450876665
            ],
            [
              -86.46444017337322,
              39.28026445089952
            ],
            [
              -86.46446617343658,
              39.280947451025
            ],
            [
              -86.46442917344683,
              39.28120545107474
            ],
            [
              -86.4644181738877,
              39.28664245208439
            ],
            [
              -86.46439517553306,
              39.306853455835665
            ],
            [
              -86.46439217573219,
              39.30929845628931
            ],
            [
              -86.4646171764896,
              39.31775045784586
            ],
            [
              -86.46475417695297,
              39.32292145879795
            ],
            [
              -86.4649051776686,
              39.33112046031071
            ],
            [
              -86.46492417770685,
              39.33151946038371
            ],
            [
              -86.4649811778217,
              39.33271746060302
            ],
            [
              -86.46500017786002,
              39.33311746067619
            ],
            [
              -86.4650231779518,
              39.33415546086748
            ],
            [
              -86.46503617799942,
              39.334690460966016
            ],
            [
              -86.46509517822804,
              39.33726946144118
            ],
            [
              -86.46512017832042,
              39.33830746163235
            ],
            [
              -86.46589117854832,
              39.33833946160015
            ],
            [
              -86.46820417923234,
              39.3384384615042
            ],
            [
              -86.46897617946064,
              39.33847146147214
            ],
            [
              -86.46971417967883,
              39.338502461441436
            ],
            [
              -86.47192818033353,
              39.33859746134957
            ],
            [
              -86.47266618055183,
              39.338629461318995
            ],
            [
              -86.47287618061391,
              39.33863846131032
            ],
            [
              -86.47350818080079,
              39.33866546128406
            ],
            [
              -86.47371918086321,
              39.33867446127528
            ],
            [
              -86.47383018089604,
              39.338679461270715
            ],
            [
              -86.47401318095025,
              39.33868846126336
            ],
            [
              -86.47416318099395,
              39.338686461255584
            ],
            [
              -86.4742751810266,
              39.33868546124985
            ],
            [
              -86.47604118154226,
              39.33868146116178
            ],
            [
              -86.48134318309057,
              39.33867146089777
            ],
            [
              -86.48311018360663,
              39.33866846080985
            ],
            [
              -86.48402118387253,
              39.33866546076425
            ],
            [
              -86.48675418467064,
              39.338660460628184
            ],
            [
              -86.48766618493691,
              39.338658460582685
            ],
            [
              -86.48869218523653,
              39.33865646053157
            ],
            [
              -86.49177018613538,
              39.338651460378415
            ],
            [
              -86.4927971864353,
              39.33865046032744
            ],
            [
              -86.49281918644174,
              39.33865046032635
            ],
            [
              -86.49288618646132,
              39.33865046032304
            ],
            [
              -86.49290918646804,
              39.33865046032191
            ],
            [
              -86.49999718853873,
              39.338650459971284
            ],
            [
              -86.50160418901334,
              39.33871345990349
            ],
            [
              -86.50162618901828,
              39.33869545989905
            ],
            [
              -86.50481118995076,
              39.338720459746085
            ],
            [
              -86.50647719044046,
              39.33875745967055
            ],
            [
              -86.50766519078768,
              39.33875945961212
            ],
            [
              -86.50822119094684,
              39.338720459577374
            ],
            [
              -86.5090631911939,
              39.338733459538155
            ],
            [
              -86.5091171912104,
              39.33874245953713
            ],
            [
              -86.5092531912515,
              39.33875945953356
            ],
            [
              -86.50934419128195,
              39.338806459537764
            ],
            [
              -86.50984419143153,
              39.33884945952098
            ],
            [
              -86.51050419162426,
              39.338848459488155
            ],
            [
              -86.51248719220325,
              39.33884545938948
            ],
            [
              -86.51314819239632,
              39.33884545935676
            ],
            [
              -86.51368619255338,
              39.33884445932996
            ],
            [
              -86.51454219280392,
              39.33885045928869
            ],
            [
              -86.51872419402788,
              39.33888045908728
            ],
            [
              -86.52011819443597,
              39.33889145902036
            ],
            [
              -86.52031219449185,
              39.33888245900904
            ],
            [
              -86.52085419464827,
              39.33885945897794
            ],
            [
              -86.52089719466092,
              39.33886045897601
            ],
            [
              -86.52109319471876,
              39.33886745896765
            ],
            [
              -86.52115019473551,
              39.33886845896501
            ],
            [
              -86.52132219478604,
              39.33887245895723
            ],
            [
              -86.52138019480317,
              39.33887445895472
            ],
            [
              -86.52169219489488,
              39.338881458940556
            ],
            [
              -86.5226291951705,
              39.33890545889862
            ],
            [
              -86.52294219526257,
              39.33891345888465
            ],
            [
              -86.52418619562754,
              39.33893345882679
            ],
            [
              -86.52792119672333,
              39.338993458652986
            ],
            [
              -86.5291661970887,
              39.33901445859525
            ],
            [
              -86.52976419726406,
              39.33902345856735
            ],
            [
              -86.53155819779039,
              39.339052458483884
            ],
            [
              -86.53215619796583,
              39.33906245845611
            ],
            [
              -86.53273719813453,
              39.339050458425156
            ],
            [
              -86.53448119864093,
              39.33901445833211
            ],
            [
              -86.53506319880995,
              39.3390034583013
            ],
            [
              -86.53539319890807,
              39.33902445828886
            ],
            [
              -86.5363861992034,
              39.339089458251735
            ],
            [
              -86.53671719930188,
              39.33911145823942
            ],
            [
              -86.53718419943876,
              39.3391174582174
            ],
            [
              -86.53858619984992,
              39.339138458151865
            ],
            [
              -86.53905419998716,
              39.33914545812997
            ],
            [
              -86.53920120003025,
              39.33914745812306
            ],
            [
              -86.5396422001597,
              39.33915545810274
            ],
            [
              -86.53978920020285,
              39.339158458096
            ],
            [
              -86.5398442002182,
              39.33914945809158
            ],
            [
              -86.54000920026424,
              39.33912345807861
            ],
            [
              -86.54006520027995,
              39.33911545807437
            ],
            [
              -86.54018420031568,
              39.33912745807068
            ],
            [
              -86.54061920044424,
              39.33914645805267
            ],
            [
              -86.54088020052149,
              39.33915845804198
            ],
            [
              -86.54165320074719,
              39.339158458003716
            ],
            [
              -86.54202820085672,
              39.33915845798514
            ],
            [
              -86.54290620111566,
              39.33918945794738
            ],
            [
              -86.54313120118071,
              39.339181457934785
            ],
            [
              -86.54688220228121,
              39.33924445776063
            ],
            [
              -86.54709520234442,
              39.33925645775235
            ],
            [
              -86.54711720235085,
              39.33925645775125
            ],
            [
              -86.54728420240009,
              39.33926245774408
            ],
            [
              -86.54763920250294,
              39.339252457724676
            ],
            [
              -86.5478262025577,
              39.33925445771577
            ],
            [
              -86.54802920261722,
              39.33925745770627
            ],
            [
              -86.54806320262708,
              39.339256457704394
            ],
            [
              -86.54825420268234,
              39.33925045769384
            ],
            [
              -86.5484582027415,
              39.33924545768282
            ],
            [
              -86.54882720284928,
              39.33924545766455
            ],
            [
              -86.5490192029054,
              39.339246457655236
            ],
            [
              -86.54929320298652,
              39.33925945764404
            ],
            [
              -86.55011520322972,
              39.339298457610546
            ],
            [
              -86.5503902033111,
              39.3393114575993
            ],
            [
              -86.5504532033295,
              39.339311457596196
            ],
            [
              -86.55064520338583,
              39.33931445758728
            ],
            [
              -86.55070920340464,
              39.339316457584474
            ],
            [
              -86.55163820367717,
              39.3393314575412
            ],
            [
              -86.55200220378377,
              39.33933545752396
            ],
            [
              -86.55588320492119,
              39.339386457341156
            ],
            [
              -86.55717720530052,
              39.3394044572804
            ],
            [
              -86.55769820545329,
              39.339412457256046
            ],
            [
              -86.55926320591243,
              39.3394394571835
            ],
            [
              -86.55978520606563,
              39.33944845715936
            ],
            [
              -86.56093820640383,
              39.3394674571057
            ],
            [
              -86.56440020741934,
              39.33952445694476
            ],
            [
              -86.56555420775781,
              39.33954345689112
            ],
            [
              -86.56613720792876,
              39.33955245686387
            ],
            [
              -86.56788920844262,
              39.33958145678242
            ],
            [
              -86.56847320861394,
              39.339591456755365
            ],
            [
              -86.56963520895478,
              39.33961045670131
            ],
            [
              -86.57312220997758,
              39.339668456539215
            ],
            [
              -86.57428521031878,
              39.33968845648529
            ],
            [
              -86.57509621055661,
              39.33970145644753
            ],
            [
              -86.57753021127046,
              39.33974145633432
            ],
            [
              -86.57763321130066,
              39.33974345632957
            ],
            [
              -86.5783422115085,
              39.33975345629626
            ],
            [
              -86.57843121153455,
              39.339754456292034
            ],
            [
              -86.57869821161277,
              39.33975745627935
            ],
            [
              -86.5787882116392,
              39.33975945627527
            ],
            [
              -86.57902821170947,
              39.33976245626392
            ],
            [
              -86.57974921192094,
              39.33977445623043
            ],
            [
              -86.57999021199163,
              39.33977845621922
            ],
            [
              -86.58238321269314,
              39.33981445610729
            ],
            [
              -86.58956521479855,
              39.33992245577127
            ],
            [
              -86.59195921550044,
              39.339959455659404
            ],
            [
              -86.59217321556312,
              39.33996245564934
            ],
            [
              -86.59281721575186,
              39.3399714556191
            ],
            [
              -86.59303221581492,
              39.33997545560917
            ],
            [
              -86.59312621584243,
              39.339976455604685
            ],
            [
              -86.59341021592567,
              39.33998045559134
            ],
            [
              -86.59350521595357,
              39.339982455587005
            ],
            [
              -86.59624121675547,
              39.340022455458765
            ],
            [
              -86.60445221916198,
              39.34014345507397
            ],
            [
              -86.60501421932676,
              39.3401524550478
            ],
            [
              -86.60719021996097,
              39.3401414549378
            ],
            [
              -86.60743422003269,
              39.340147454926864
            ],
            [
              -86.60816822024849,
              39.34016645489392
            ],
            [
              -86.60841322032053,
              39.34017345488309
            ],
            [
              -86.60852922035467,
              39.3401764548779
            ],
            [
              -86.60887822045724,
              39.340185454862244
            ],
            [
              -86.60899522049162,
              39.34018845485698
            ],
            [
              -86.60917922054564,
              39.340192454848626
            ],
            [
              -86.6097322207083,
              39.34020745482394
            ],
            [
              -86.6099172207627,
              39.34021245481568
            ],
            [
              -86.61171122129007,
              39.34025845473526
            ],
            [
              -86.61709522287285,
              39.34039845449409
            ],
            [
              -86.61889022340057,
              39.34044545441373
            ],
            [
              -86.61985122368296,
              39.340469454370506
            ],
            [
              -86.62273422453043,
              39.34054445424132
            ],
            [
              -86.6228332245596,
              39.340547454236955
            ],
            [
              -86.62369322481617,
              39.34061545420686
            ],
            [
              -86.6249552251873,
              39.34065045415076
            ],
            [
              -86.62500422520176,
              39.34065245414868
            ],
            [
              -86.62874422629872,
              39.34072045397569
            ],
            [
              -86.63000722666928,
              39.34074445391744
            ],
            [
              -86.63033522676554,
              39.34075145390245
            ],
            [
              -86.63084922691645,
              39.340762453879
            ],
            [
              -86.6308462269545,
              39.34123545396668
            ],
            [
              -86.63084522698138,
              39.34156545402781
            ],
            [
              -86.6308402270549,
              39.34247645419658
            ],
            [
              -86.63082822727637,
              39.345209454702825
            ],
            [
              -86.63082422735029,
              39.34612145487179
            ],
            [
              -86.63082622738982,
              39.346594454959195
            ],
            [
              -86.63082722740484,
              39.34677345499226
            ],
            [
              -86.63082322741867,
              39.34695545502614
            ],
            [
              -86.63099822747576,
              39.34702845503095
            ],
            [
              -86.63215122787099,
              39.347742455105816
            ],
            [
              -86.63332422827817,
              39.348530455193384
            ],
            [
              -86.63408122852051,
              39.348791455204086
            ],
            [
              -86.63481422873065,
              39.34874545515914
            ],
            [
              -86.63543822888252,
              39.34837845506029
            ],
            [
              -86.63589922897526,
              39.347871454943636
            ],
            [
              -86.63629122907257,
              39.347663454885655
            ],
            [
              -86.63652422914687,
              39.34774045488837
            ],
            [
              -86.63662822918793,
              39.347870454907266
            ],
            [
              -86.63731422941486,
              39.348195454933304
            ],
            [
              -86.63779222956435,
              39.34831745493212
            ],
            [
              -86.63806822962468,
              39.34807145487298
            ],
            [
              -86.63919722995254,
              39.348052454813384
            ],
            [
              -86.64038423031764,
              39.34828045479662
            ]
          ]
        ]
      },
      "properties": {
        "OBJECTID": 1,
        "CountyCouncil": "3",
        "Council": "Council 3",
        "Rep": "Marty Hawk"
      }
    },
    {
      "type": "Feature",
      "id": 2,
      "geometry": {
        "type": "Polygon",
        "coordinates": [
          [
            [
              -86.38140015396563,
              39.33975946603569
            ],
            [
              -86.38318315448464,
              39.339729465942185
            ],
            [
              -86.38853215604158,
              39.33964146566194
            ],
            [
              -86.39031615656086,
              39.33961246556854
            ],
            [
              -86.39039215658295,
              39.339610465564434
            ],
            [
              -86.39062015664936,
              39.33960746555264
            ],
            [
              -86.39069715667179,
              39.33960646554866
            ],
            [
              -86.39271715725968,
              39.33957246544265
            ],
            [
              -86.39877815902379,
              39.339473465125195
            ],
            [
              -86.40079915961212,
              39.339441465019476
            ],
            [
              -86.40101715967545,
              39.33943646500781
            ],
            [
              -86.40167415986663,
              39.33942546497338
            ],
            [
              -86.40189315993045,
              39.339422464961956
            ],
            [
              -86.40296416024191,
              39.33940246490539
            ],
            [
              -86.40618016117753,
              39.339345464736105
            ],
            [
              -86.4072531614897,
              39.339326464679615
            ],
            [
              -86.40849616185123,
              39.33930346461399
            ],
            [
              -86.41222716293673,
              39.33923846441774
            ],
            [
              -86.4134711632986,
              39.33921646435224
            ],
            [
              -86.41457416361942,
              39.33919646429408
            ],
            [
              -86.41788416458228,
              39.33913746411974
            ],
            [
              -86.41898816490345,
              39.339118464061706
            ],
            [
              -86.41975116512536,
              39.33910446402141
            ],
            [
              -86.42204016579112,
              39.33906346390077
            ],
            [
              -86.4228041660134,
              39.339050463860666
            ],
            [
              -86.42387516632486,
              39.339030463804065
            ],
            [
              -86.42709016726012,
              39.338974463634884
            ],
            [
              -86.42816216757197,
              39.33895646357865
            ],
            [
              -86.42818616757889,
              39.3389554635773
            ],
            [
              -86.4282581675999,
              39.33895446357356
            ],
            [
              -86.4282831676072,
              39.33895446357231
            ],
            [
              -86.42879616775636,
              39.3389444635451
            ],
            [
              -86.4298611680661,
              39.338925463488955
            ],
            [
              -86.43360716915564,
              39.338859463291705
            ],
            [
              -86.43459516944183,
              39.33882746323701
            ],
            [
              -86.43617316989896,
              39.338777463149796
            ],
            [
              -86.43867117062567,
              39.33873546301861
            ],
            [
              -86.44616517280576,
              39.338610462625184
            ],
            [
              -86.44866417353278,
              39.338569462494114
            ],
            [
              -86.4498571738798,
              39.3385494624315
            ],
            [
              -86.45343617492087,
              39.33848946224353
            ],
            [
              -86.45462917526788,
              39.33846946218086
            ],
            [
              -86.45622117573095,
              39.33844246209719
            ],
            [
              -86.4609971771201,
              39.33836246184631
            ],
            [
              -86.4625901775835,
              39.33833646176275
            ],
            [
              -86.46309617773059,
              39.33832746173612
            ],
            [
              -86.46461417817211,
              39.33830246165644
            ],
            [
              -86.46490117825569,
              39.33829846164147
            ],
            [
              -86.46512017832042,
              39.33830746163235
            ],
            [
              -86.46509517822804,
              39.33726946144118
            ],
            [
              -86.46503617799942,
              39.334690460966016
            ],
            [
              -86.4650231779518,
              39.33415546086748
            ],
            [
              -86.46500017786002,
              39.33311746067619
            ],
            [
              -86.4649811778217,
              39.33271746060302
            ],
            [
              -86.46492417770685,
              39.33151946038371
            ],
            [
              -86.4649051776686,
              39.33112046031071
            ],
            [
              -86.46475417695297,
              39.32292145879795
            ],
            [
              -86.4646171764896,
              39.31775045784586
            ],
            [
              -86.46439217573219,
              39.30929845628931
            ],
            [
              -86.46439517553306,
              39.306853455835665
            ],
            [
              -86.4644181738877,
              39.28664245208439
            ],
            [
              -86.46442917344683,
              39.28120545107474
            ],
            [
              -86.46446617343658,
              39.280947451025
            ],
            [
              -86.46444017337322,
              39.28026445089952
            ],
            [
              -86.46443617336195,
              39.280140450876665
            ],
            [
              -86.4644271733374,
              39.27987245082736
            ],
            [
              -86.46442117331843,
              39.27966145078852
            ],
            [
              -86.46442917327649,
              39.279119450687524
            ],
            [
              -86.46442717322857,
              39.278539450579935
            ],
            [
              -86.46442217306294,
              39.276528450206875
            ],
            [
              -86.46439417289773,
              39.27460444985104
            ],
            [
              -86.46439417289265,
              39.27454244983957
            ],
            [
              -86.4643961728459,
              39.2739624497318
            ],
            [
              -86.46440317280793,
              39.27347244964045
            ],
            [
              -86.46439317278472,
              39.27322344959473
            ],
            [
              -86.46439017278281,
              39.27321144959267
            ],
            [
              -86.46439817277563,
              39.273094449570515
            ],
            [
              -86.46442117275379,
              39.27274444950444
            ],
            [
              -86.46443017274694,
              39.272628449482454
            ],
            [
              -86.46440617265284,
              39.271561449285514
            ],
            [
              -86.4643351723711,
              39.26836244869505
            ],
            [
              -86.4643121722774,
              39.26729644849828
            ],
            [
              -86.46424817200231,
              39.26415344791777
            ],
            [
              -86.46413117149665,
              39.25837144684975
            ],
            [
              -86.46405617117753,
              39.25472544617627
            ],
            [
              -86.46399317090302,
              39.25158344559578
            ],
            [
              -86.46400717089331,
              39.251414445563675
            ],
            [
              -86.4640501708648,
              39.250910445467944
            ],
            [
              -86.46509517116995,
              39.25090944541628
            ],
            [
              -86.4655441713014,
              39.25091344539489
            ],
            [
              -86.46598417143026,
              39.25091844537412
            ],
            [
              -86.46631817152807,
              39.250921445358266
            ],
            [
              -86.4664651715712,
              39.25092344535141
            ],
            [
              -86.46713317176763,
              39.25094044532162
            ],
            [
              -86.46731917182217,
              39.25094244531281
            ],
            [
              -86.46765417192043,
              39.25094844529746
            ],
            [
              -86.46779017196023,
              39.250949445290956
            ],
            [
              -86.46820117208006,
              39.25094644527016
            ],
            [
              -86.46833817212071,
              39.25095444526487
            ],
            [
              -86.46868417222191,
              39.25095644524818
            ],
            [
              -86.46905317233004,
              39.25096044523074
            ],
            [
              -86.46945217244739,
              39.25097144521314
            ],
            [
              -86.46972217252748,
              39.2509864452026
            ],
            [
              -86.46984917256525,
              39.25099444519786
            ],
            [
              -86.4700681726306,
              39.25101144519023
            ],
            [
              -86.4704931727574,
              39.25104444517541
            ],
            [
              -86.4707171728235,
              39.251053445166015
            ],
            [
              -86.47101017290929,
              39.251055445151955
            ],
            [
              -86.47117917295805,
              39.25104844514234
            ],
            [
              -86.47148517304572,
              39.25102744512336
            ],
            [
              -86.47234617328948,
              39.250933445063474
            ],
            [
              -86.47256117335118,
              39.25092044505045
            ],
            [
              -86.47278517341651,
              39.25091944503922
            ],
            [
              -86.47294617346435,
              39.25092944503317
            ],
            [
              -86.47309817350997,
              39.250944445028495
            ],
            [
              -86.47364517367726,
              39.25103644501862
            ],
            [
              -86.4738361737352,
              39.25106344501421
            ],
            [
              -86.47409717381348,
              39.251088445006
            ],
            [
              -86.47479417402069,
              39.25113344498
            ],
            [
              -86.47564017427064,
              39.25116944494501
            ],
            [
              -86.47574717430216,
              39.251172444940295
            ],
            [
              -86.47642517450186,
              39.25119344491081
            ],
            [
              -86.47703217468016,
              39.251206444883266
            ],
            [
              -86.47711817470513,
              39.25120444487866
            ],
            [
              -86.47715917471662,
              39.25119844487555
            ],
            [
              -86.47717117471986,
              39.251195444874405
            ],
            [
              -86.47839917507922,
              39.25120444481553
            ],
            [
              -86.48208417615743,
              39.25123144463892
            ],
            [
              -86.48331317651709,
              39.251240444580056
            ],
            [
              -86.48497117700359,
              39.251269444503706
            ],
            [
              -86.48994917846433,
              39.251357444274674
            ],
            [
              -86.49160817895114,
              39.25138744419845
            ],
            [
              -86.49273617928154,
              39.25140044414527
            ],
            [
              -86.49612118027318,
              39.25144044398585
            ],
            [
              -86.49725018060394,
              39.25145444393274
            ],
            [
              -86.49800818082944,
              39.251505443904826
            ],
            [
              -86.5001891814782,
              39.251652443824604
            ],
            [
              -86.50028318150557,
              39.25165144381978
            ],
            [
              -86.50104418172722,
              39.25164544378117
            ],
            [
              -86.50129818180199,
              39.25165244376993
            ],
            [
              -86.50206018202617,
              39.251673443736244
            ],
            [
              -86.50231418210097,
              39.2516814437252
            ],
            [
              -86.502789182239,
              39.2516734437003
            ],
            [
              -86.50296918229122,
              39.25166944369068
            ],
            [
              -86.50434418269077,
              39.251646443618625
            ],
            [
              -86.50493618286278,
              39.251636443587536
            ],
            [
              -86.5055921830534,
              39.25162544355318
            ],
            [
              -86.50564318306711,
              39.25161044354787
            ],
            [
              -86.50577218310228,
              39.25158044353595
            ],
            [
              -86.50602918317423,
              39.251542443516186
            ],
            [
              -86.50621418322677,
              39.251524443503726
            ],
            [
              -86.50656318332778,
              39.251513443484505
            ],
            [
              -86.50712018348962,
              39.25150444345531
            ],
            [
              -86.50901518403907,
              39.25145744335316
            ],
            [
              -86.5091891840895,
              39.25145344334382
            ],
            [
              -86.50961618421367,
              39.25144744332166
            ],
            [
              -86.51010218435573,
              39.25144944329808
            ],
            [
              -86.51239418502436,
              39.251443443183916
            ],
            [
              -86.51339318531556,
              39.251438443133665
            ],
            [
              -86.5141561855385,
              39.25144044309648
            ],
            [
              -86.5153561858883,
              39.25143444303614
            ],
            [
              -86.51724118643874,
              39.25143644294351
            ],
            [
              -86.51911918698694,
              39.251436442850874
            ],
            [
              -86.51931618704445,
              39.25143644284116
            ],
            [
              -86.52027118732362,
              39.25144144279502
            ],
            [
              -86.52191818780445,
              39.25144144271377
            ],
            [
              -86.52266918802266,
              39.25142944267448
            ],
            [
              -86.52275018804642,
              39.25143044267066
            ],
            [
              -86.5230671881391,
              39.25143244265539
            ],
            [
              -86.52402118841829,
              39.25144144261003
            ],
            [
              -86.52433918851135,
              39.251444442594895
            ],
            [
              -86.52451718856348,
              39.25144644258647
            ],
            [
              -86.5247831886409,
              39.25144344257279
            ],
            [
              -86.52565418889466,
              39.25143744252866
            ],
            [
              -86.52611718902995,
              39.25143944250626
            ],
            [
              -86.52634718909715,
              39.25144044249509
            ],
            [
              -86.5264171891179,
              39.25144444249236
            ],
            [
              -86.52652918915011,
              39.25143844248568
            ],
            [
              -86.52656118915898,
              39.251432442483
            ],
            [
              -86.5269271892654,
              39.251427442464035
            ],
            [
              -86.52802818958571,
              39.251414442407274
            ],
            [
              -86.52839518969257,
              39.251411442388616
            ],
            [
              -86.52851318972593,
              39.251397442380224
            ],
            [
              -86.52886718982587,
              39.25135644235515
            ],
            [
              -86.52898618985957,
              39.25134344234682
            ],
            [
              -86.52905018987828,
              39.25134444234386
            ],
            [
              -86.52924318993497,
              39.251348442335065
            ],
            [
              -86.52930818995411,
              39.25135044233228
            ],
            [
              -86.52937718997434,
              39.25135144232905
            ],
            [
              -86.52958419003524,
              39.25135744231995
            ],
            [
              -86.52965319005553,
              39.2513594423169
            ],
            [
              -86.52973219006923,
              39.25124444229166
            ],
            [
              -86.52997019011052,
              39.25089944221592
            ],
            [
              -86.53005019012458,
              39.25078544219075
            ],
            [
              -86.52965919001386,
              39.25082744221783
            ],
            [
              -86.53018519010318,
              39.25004044204578
            ],
            [
              -86.53024219011301,
              39.2499574420276
            ],
            [
              -86.5311331902684,
              39.24867444174547
            ],
            [
              -86.53139019031057,
              39.248272441658145
            ],
            [
              -86.53201219041796,
              39.24736344145867
            ],
            [
              -86.5326051905206,
              39.246500441269205
            ],
            [
              -86.53285419056309,
              39.246130441188264
            ],
            [
              -86.53301719059104,
              39.24588944113547
            ],
            [
              -86.53361219069457,
              39.24503044094663
            ],
            [
              -86.53386619073883,
              39.24466444086617
            ],
            [
              -86.53486619090982,
              39.24318244054167
            ],
            [
              -86.5364991911892,
              39.240765440012325
            ],
            [
              -86.53764319138669,
              39.23909343964545
            ],
            [
              -86.53787319142533,
              39.23874443956934
            ],
            [
              -86.5386651915589,
              39.237548439308206
            ],
            [
              -86.53886119159222,
              39.23725543924413
            ],
            [
              -86.53892419160286,
              39.23716043922335
            ],
            [
              -86.53911319163477,
              39.23687543916113
            ],
            [
              -86.53917719164579,
              39.236781439140486
            ],
            [
              -86.53922319165349,
              39.23671143912523
            ],
            [
              -86.53936119167696,
              39.23650543908017
            ],
            [
              -86.53940819168504,
              39.23643643906505
            ],
            [
              -86.53981119174671,
              39.23575043891781
            ],
            [
              -86.53986319175547,
              39.23567143890055
            ],
            [
              -86.53988819175991,
              39.23563643889285
            ],
            [
              -86.53994819176914,
              39.23553543887111
            ],
            [
              -86.54003819178189,
              39.23536943883587
            ],
            [
              -86.54009919178867,
              39.235234438807794
            ],
            [
              -86.540199191794,
              39.23494143874844
            ],
            [
              -86.54023319179109,
              39.23478443871762
            ],
            [
              -86.54052119173839,
              39.23310743839198
            ],
            [
              -86.5405941917252,
              39.23268443830988
            ],
            [
              -86.54065819171647,
              39.23234843824432
            ],
            [
              -86.54068219171795,
              39.2322804382305
            ],
            [
              -86.54070819172242,
              39.232242438222144
            ],
            [
              -86.54071119172059,
              39.23220943821584
            ],
            [
              -86.5407241917165,
              39.23211243819721
            ],
            [
              -86.54072819171505,
              39.23208043819109
            ],
            [
              -86.5407351917117,
              39.23201443817849
            ],
            [
              -86.54076019170306,
              39.231818438140834
            ],
            [
              -86.54076819170008,
              39.231753438128365
            ],
            [
              -86.54078019169498,
              39.23164843810825
            ],
            [
              -86.54079919168846,
              39.23150043807986
            ],
            [
              -86.54081519167954,
              39.231333438048026
            ],
            [
              -86.54082619167424,
              39.23122943802821
            ],
            [
              -86.5408481916527,
              39.23088643796344
            ],
            [
              -86.54085319164369,
              39.230757437939225
            ],
            [
              -86.54086219163007,
              39.23055843790181
            ],
            [
              -86.54086719160078,
              39.23018143783154
            ],
            [
              -86.5408641915664,
              39.229770437755384
            ],
            [
              -86.54084819153506,
              39.22944343769546
            ],
            [
              -86.54084119152463,
              39.22934043767665
            ],
            [
              -86.54082219149625,
              39.22906043762562
            ],
            [
              -86.54080119147463,
              39.22887043759133
            ],
            [
              -86.54077919145215,
              39.22867343755582
            ],
            [
              -86.54076519143734,
              39.22854143753199
            ],
            [
              -86.54071919139653,
              39.2282054374719
            ],
            [
              -86.54069719138025,
              39.22808443745049
            ],
            [
              -86.5406641913547,
              39.22788943741593
            ],
            [
              -86.5406471913418,
              39.227792437398726
            ],
            [
              -86.5406391913364,
              39.22775443739211
            ],
            [
              -86.54056219128127,
              39.22735343732141
            ],
            [
              -86.5405551912761,
              39.227315437314665
            ],
            [
              -86.54053219126172,
              39.22722143729836
            ],
            [
              -86.54044019120383,
              39.22684043723213
            ],
            [
              -86.5404011911813,
              39.22670343720861
            ],
            [
              -86.5400901910008,
              39.225602437019454
            ],
            [
              -86.53994519092319,
              39.22516943694619
            ],
            [
              -86.53977619083273,
              39.22466443686069
            ],
            [
              -86.53976119082344,
              39.22460443685033
            ],
            [
              -86.5397161907958,
              39.22442643681948
            ],
            [
              -86.53970219078695,
              39.22436743680919
            ],
            [
              -86.53962719074018,
              39.22406243675626
            ],
            [
              -86.53940319061857,
              39.223372436639124
            ],
            [
              -86.53923019052144,
              39.222799436541194
            ],
            [
              -86.53917219048738,
              39.22258943650507
            ],
            [
              -86.53915319047587,
              39.22251643649245
            ],
            [
              -86.5375601895829,
              39.217261435594764
            ],
            [
              -86.53707718931209,
              39.215666435322284
            ],
            [
              -86.53702818928298,
              39.2154844352909
            ],
            [
              -86.53660918904798,
              39.21410043505439
            ],
            [
              -86.53618818881178,
              39.212708434816506
            ],
            [
              -86.53585718862738,
              39.21162943463232
            ],
            [
              -86.53578418858532,
              39.211374434588556
            ],
            [
              -86.53544018839243,
              39.21023843439445
            ],
            [
              -86.53535918834514,
              39.20994743434437
            ],
            [
              -86.53520418825464,
              39.209391434248666
            ],
            [
              -86.5351171881984,
              39.20901243418251
            ],
            [
              -86.53502718813387,
              39.20854243409962
            ],
            [
              -86.53501418812468,
              39.208476434088
            ],
            [
              -86.53498518810402,
              39.208326434061576
            ],
            [
              -86.53497818809801,
              39.208277434052775
            ],
            [
              -86.53496918808997,
              39.20821143404102
            ],
            [
              -86.53454218796418,
              39.20819643405924
            ],
            [
              -86.533262187587,
              39.20815143411394
            ],
            [
              -86.5328361874616,
              39.20813743413231
            ],
            [
              -86.53273318743202,
              39.20814343413847
            ],
            [
              -86.53270218741852,
              39.208088434129806
            ],
            [
              -86.53256818738454,
              39.20815143414813
            ],
            [
              -86.53237418732888,
              39.20816343415989
            ],
            [
              -86.53227818730268,
              39.208185434168705
            ],
            [
              -86.53151618707952,
              39.208175434204406
            ],
            [
              -86.53110318695869,
              39.20817143422401
            ],
            [
              -86.53094518691258,
              39.2081714342318
            ],
            [
              -86.53076918686219,
              39.20818343424267
            ],
            [
              -86.53056818680427,
              39.20819243425427
            ],
            [
              -86.52998218663328,
              39.208192434283134
            ],
            [
              -86.52941318646586,
              39.208175434308004
            ],
            [
              -86.52930118643246,
              39.20816643431187
            ],
            [
              -86.52927218642363,
              39.2081624343125
            ],
            [
              -86.52918618639771,
              39.20815243431491
            ],
            [
              -86.52906718636137,
              39.20813243431705
            ],
            [
              -86.52898418633566,
              39.20811443431779
            ],
            [
              -86.52886018629626,
              39.20807443431644
            ],
            [
              -86.52881718628265,
              39.20806143431618
            ],
            [
              -86.52872918625411,
              39.208026434314
            ],
            [
              -86.52870918621662,
              39.20763743424269
            ],
            [
              -86.52869618619218,
              39.20738343419616
            ],
            [
              -86.5286781861127,
              39.20647143402753
            ],
            [
              -86.5286721860811,
              39.20610443395962
            ],
            [
              -86.52867218607938,
              39.20608343395572
            ],
            [
              -86.5286761860441,
              39.20563543387227
            ],
            [
              -86.52868118604172,
              39.20558843386329
            ],
            [
              -86.52870418604142,
              39.20550243384616
            ],
            [
              -86.52872918604464,
              39.205452433835646
            ],
            [
              -86.52879018605677,
              39.20538243381964
            ],
            [
              -86.5289091860848,
              39.205300433798534
            ],
            [
              -86.52899518610519,
              39.20524243378355
            ],
            [
              -86.5290621861206,
              39.20519143377072
            ],
            [
              -86.5291121861311,
              39.20514143375898
            ],
            [
              -86.52914918613727,
              39.2050844337466
            ],
            [
              -86.52917518613964,
              39.2050204337334
            ],
            [
              -86.52918918613831,
              39.20495343372028
            ],
            [
              -86.5291931861302,
              39.204839433698886
            ],
            [
              -86.52917818611603,
              39.20471943367728
            ],
            [
              -86.52915318609841,
              39.204592433654945
            ],
            [
              -86.52912318608145,
              39.204491433637635
            ],
            [
              -86.52909618606783,
              39.204421433625946
            ],
            [
              -86.52886718596433,
              39.20397043355342
            ],
            [
              -86.52882918594311,
              39.20384543353209
            ],
            [
              -86.52881618592667,
              39.20369043350391
            ],
            [
              -86.52882318592025,
              39.20358643348421
            ],
            [
              -86.52883718591671,
              39.203492433466074
            ],
            [
              -86.52886618591563,
              39.203375433442915
            ],
            [
              -86.52891718591951,
              39.2032404334153
            ],
            [
              -86.52900418592286,
              39.20296943336065
            ],
            [
              -86.52901018591903,
              39.20290043334754
            ],
            [
              -86.52900818591715,
              39.202884433344636
            ],
            [
              -86.52900618591286,
              39.20283943333637
            ],
            [
              -86.52893118586684,
              39.20254243328489
            ],
            [
              -86.52890718584787,
              39.20239543325871
            ],
            [
              -86.52890818583734,
              39.20226243323393
            ],
            [
              -86.52897818583872,
              39.202028433187024
            ],
            [
              -86.52901118583448,
              39.2018574331536
            ],
            [
              -86.52902818582922,
              39.20173243312956
            ],
            [
              -86.52903518582325,
              39.201633433110786
            ],
            [
              -86.52902718581565,
              39.20156943309929
            ],
            [
              -86.52898418579147,
              39.20142643307483
            ],
            [
              -86.52892918576757,
              39.201329433059534
            ],
            [
              -86.52886318574018,
              39.20122943304416
            ],
            [
              -86.52880118571262,
              39.20111343302567
            ],
            [
              -86.52877118569788,
              39.2010394330134
            ],
            [
              -86.52876118569117,
              39.20099243300517
            ],
            [
              -86.52875918568694,
              39.20094843299707
            ],
            [
              -86.52879818567116,
              39.200614432933065
            ],
            [
              -86.52879118565987,
              39.20050043291224
            ],
            [
              -86.5287681856434,
              39.20038043289109
            ],
            [
              -86.52874218562931,
              39.200300432877455
            ],
            [
              -86.52857118554392,
              39.199864432804866
            ],
            [
              -86.52854318552716,
              39.199758432786524
            ],
            [
              -86.52853518551939,
              39.199691432774465
            ],
            [
              -86.52853718548336,
              39.19924143269072
            ],
            [
              -86.52853818547504,
              39.19913543267096
            ],
            [
              -86.52855018542824,
              39.198517432555505
            ],
            [
              -86.52854418538479,
              39.198004432460436
            ],
            [
              -86.52853918534397,
              39.19752043237075
            ],
            [
              -86.52854318527756,
              39.19668943221606
            ],
            [
              -86.52854218525913,
              39.19646643217466
            ],
            [
              -86.52854118521721,
              39.195954432079525
            ],
            [
              -86.52853818515324,
              39.19517843193545
            ],
            [
              -86.5285381851486,
              39.19512143192482
            ],
            [
              -86.52855318502333,
              39.19352743162775
            ],
            [
              -86.52854818496708,
              39.1928534315027
            ],
            [
              -86.52854518492377,
              39.192331431405826
            ],
            [
              -86.52853318489976,
              39.192079431359566
            ],
            [
              -86.52853418488753,
              39.19192543133089
            ],
            [
              -86.52854018485176,
              39.19146343124472
            ],
            [
              -86.5285421848399,
              39.191310431216166
            ],
            [
              -86.52853518483023,
              39.19121643119904
            ],
            [
              -86.52853618481232,
              39.19099243115734
            ],
            [
              -86.52853718481016,
              39.19096243115169
            ],
            [
              -86.52853118478473,
              39.190671431097876
            ],
            [
              -86.52852618473199,
              39.19004043098081
            ],
            [
              -86.52852418470563,
              39.189723430921966
            ],
            [
              -86.52851218468355,
              39.18949443087999
            ],
            [
              -86.5285101846695,
              39.18932943084943
            ],
            [
              -86.5285081846408,
              39.18898343078518
            ],
            [
              -86.52850018460875,
              39.18861743071753
            ],
            [
              -86.52849618456929,
              39.188146430630155
            ],
            [
              -86.5284941845367,
              39.18775243055703
            ],
            [
              -86.5284891845113,
              39.187458430502595
            ],
            [
              -86.5284851844829,
              39.187123430440515
            ],
            [
              -86.52847118443465,
              39.18657943034007
            ],
            [
              -86.52846918442579,
              39.18647743032117
            ],
            [
              -86.52840118439148,
              39.18629943029143
            ],
            [
              -86.5271541840272,
              39.18629443035187
            ],
            [
              -86.5250421834104,
              39.18628743045454
            ],
            [
              -86.5234141829346,
              39.18627743053277
            ],
            [
              -86.52304618282709,
              39.1862754305505
            ],
            [
              -86.52277818274848,
              39.18627043056278
            ],
            [
              -86.52216818256854,
              39.186246430588334
            ],
            [
              -86.52169618242799,
              39.18621143060503
            ],
            [
              -86.5214661823595,
              39.186194430613234
            ],
            [
              -86.52093818220142,
              39.186145430630056
            ],
            [
              -86.52028718200472,
              39.1860624306467
            ],
            [
              -86.51981918186335,
              39.18600343065874
            ],
            [
              -86.51981818186032,
              39.18596943065249
            ],
            [
              -86.519801181851,
              39.18591543064325
            ],
            [
              -86.51962418177433,
              39.18560743059472
            ],
            [
              -86.51961218176885,
              39.1855834305908
            ],
            [
              -86.51948218170988,
              39.18532443054905
            ],
            [
              -86.51944118169014,
              39.185228430533236
            ],
            [
              -86.51937018165769,
              39.18508443050993
            ],
            [
              -86.5193111816276,
              39.18492543048326
            ],
            [
              -86.51923918157807,
              39.18457443042158
            ],
            [
              -86.51920818154682,
              39.184301430372344
            ],
            [
              -86.51920518154124,
              39.184243430361676
            ],
            [
              -86.51919818152712,
              39.184094430334284
            ],
            [
              -86.51920018151517,
              39.18394043030554
            ],
            [
              -86.51918918149829,
              39.183772430274864
            ],
            [
              -86.51919318146003,
              39.18328643018427
            ],
            [
              -86.51918218141886,
              39.18281943009801
            ],
            [
              -86.51916918136676,
              39.18222442998796
            ],
            [
              -86.51915118123877,
              39.18071342970785
            ],
            [
              -86.51909518116149,
              39.17996342957113
            ],
            [
              -86.51908618114841,
              39.17983442954756
            ],
            [
              -86.51898318105198,
              39.17901742940071
            ],
            [
              -86.51911418109216,
              39.17904142939872
            ],
            [
              -86.51940418117661,
              39.179039429384076
            ],
            [
              -86.52067618154717,
              39.179032429320166
            ],
            [
              -86.521101181671,
              39.179030429298905
            ],
            [
              -86.52138118175273,
              39.179030429285135
            ],
            [
              -86.52222318199838,
              39.179030429243696
            ],
            [
              -86.52250418208047,
              39.179031429230065
            ],
            [
              -86.52272518214573,
              39.17904142922108
            ],
            [
              -86.52276718215813,
              39.17904342921937
            ],
            [
              -86.52338918233957,
              39.17904242918859
            ],
            [
              -86.52361118240434,
              39.17904242917767
            ],
            [
              -86.52600918310281,
              39.179028429057055
            ],
            [
              -86.5270591834091,
              39.17902742900521
            ],
            [
              -86.52741618351311,
              39.179025428987295
            ],
            [
              -86.52775218361285,
              39.17904642897466
            ],
            [
              -86.52789218365359,
              39.179045428967584
            ],
            [
              -86.52806418370307,
              39.17903642895746
            ],
            [
              -86.52833118377929,
              39.17901642894061
            ],
            [
              -86.52860918385784,
              39.17898442892095
            ],
            [
              -86.52868118387852,
              39.17898042891667
            ],
            [
              -86.52960118414481,
              39.178954428866575
            ],
            [
              -86.52970118417599,
              39.178979428866285
            ],
            [
              -86.53097618454775,
              39.178976428803004
            ],
            [
              -86.53122718462105,
              39.17897742879083
            ],
            [
              -86.53198218484157,
              39.17898042875424
            ],
            [
              -86.53223418491525,
              39.178982428742195
            ],
            [
              -86.53248818498949,
              39.17898442873007
            ],
            [
              -86.53308618516455,
              39.17899142870197
            ],
            [
              -86.53325018521255,
              39.178993428694284
            ],
            [
              -86.53350418528696,
              39.178997428682514
            ],
            [
              -86.5335061852674,
              39.178749428636294
            ],
            [
              -86.53351418520957,
              39.17800842849808
            ],
            [
              -86.53351718519038,
              39.17776142845201
            ],
            [
              -86.53351918517635,
              39.17758142841844
            ],
            [
              -86.53352618513449,
              39.17704142831767
            ],
            [
              -86.53352918512081,
              39.17686242828423
            ],
            [
              -86.53353118510685,
              39.17668342825085
            ],
            [
              -86.53353818506548,
              39.17614842815101
            ],
            [
              -86.5335411850519,
              39.175970428117736
            ],
            [
              -86.53354418503943,
              39.17580642808711
            ],
            [
              -86.53355418500237,
              39.175314427995104
            ],
            [
              -86.53355818499035,
              39.17515142796461
            ],
            [
              -86.53325418490157,
              39.17515042797938
            ],
            [
              -86.53234218463528,
              39.175147428023706
            ],
            [
              -86.53203918454685,
              39.17514742803862
            ],
            [
              -86.5315761844114,
              39.17514242806048
            ],
            [
              -86.53080518418571,
              39.1751334280967
            ],
            [
              -86.53018918400552,
              39.175127428125904
            ],
            [
              -86.52972718387032,
              39.175122428147716
            ],
            [
              -86.52944818378862,
              39.175118428160715
            ],
            [
              -86.5286111835437,
              39.175109428200194
            ],
            [
              -86.52833318346238,
              39.17510642821331
            ],
            [
              -86.52806618338421,
              39.1751034282259
            ],
            [
              -86.52744818320357,
              39.175099428255564
            ],
            [
              -86.52726818315057,
              39.175093428263324
            ],
            [
              -86.5270031830726,
              39.175085428274826
            ],
            [
              -86.52700018305987,
              39.17493942824785
            ],
            [
              -86.52699418302267,
              39.174502428166846
            ],
            [
              -86.5269921830103,
              39.17435742813999
            ],
            [
              -86.5269891829949,
              39.174178428106856
            ],
            [
              -86.52698018294862,
              39.17364142800741
            ],
            [
              -86.52697818293352,
              39.17346242797421
            ],
            [
              -86.52698018291956,
              39.17328342794082
            ],
            [
              -86.52698218290932,
              39.17314942791579
            ],
            [
              -86.5269751828746,
              39.17274742784135
            ],
            [
              -86.52697218285927,
              39.172569427808384
            ],
            [
              -86.52696918284363,
              39.17238742777469
            ],
            [
              -86.52696018279696,
              39.17184442767413
            ],
            [
              -86.52695818278568,
              39.17171342764986
            ],
            [
              -86.52697218278597,
              39.17166642764044
            ],
            [
              -86.52698618278674,
              39.171625427632165
            ],
            [
              -86.52698418276994,
              39.17142542759506
            ],
            [
              -86.52697918270925,
              39.170696427459674
            ],
            [
              -86.52697818268932,
              39.17045442741468
            ],
            [
              -86.5269761826807,
              39.17035542739639
            ],
            [
              -86.52697318265588,
              39.17006042734167
            ],
            [
              -86.52697218264764,
              39.16996242732352
            ],
            [
              -86.5269711826398,
              39.16986942730627
            ],
            [
              -86.52696818261636,
              39.16959142725466
            ],
            [
              -86.52696718260862,
              39.16949942723762
            ],
            [
              -86.52673018253927,
              39.169497427248885
            ],
            [
              -86.52602018233178,
              39.16949242728291
            ],
            [
              -86.52578418226281,
              39.16949142729433
            ],
            [
              -86.52555518219593,
              39.16949042730541
            ],
            [
              -86.52486918199558,
              39.169487427338595
            ],
            [
              -86.52464118192898,
              39.169486427349625
            ],
            [
              -86.52441118186177,
              39.1694854273607
            ],
            [
              -86.5238191816889,
              39.16948342738945
            ],
            [
              -86.5237241816612,
              39.16948342739413
            ],
            [
              -86.5234951815944,
              39.169483427405375
            ],
            [
              -86.52349318157766,
              39.169284427368495
            ],
            [
              -86.52349018152829,
              39.16868742725758
            ],
            [
              -86.52348918151193,
              39.16848942722077
            ],
            [
              -86.52371818157894,
              39.168491427209894
            ],
            [
              -86.52440518177998,
              39.16849942717762
            ],
            [
              -86.52463518184733,
              39.16850242716687
            ],
            [
              -86.52486518191455,
              39.16850342715574
            ],
            [
              -86.52555518211607,
              39.16850642712236
            ],
            [
              -86.52578518218323,
              39.16850742711123
            ],
            [
              -86.52602018225183,
              39.168507427099655
            ],
            [
              -86.52672518245755,
              39.16850842706518
            ],
            [
              -86.52696018252624,
              39.1685094270538
            ],
            [
              -86.52695618250901,
              39.16831242701733
            ],
            [
              -86.52694918247795,
              39.16795442695108
            ],
            [
              -86.52694418245758,
              39.167721426907995
            ],
            [
              -86.52694318245219,
              39.167658426896324
            ],
            [
              -86.5269441824416,
              39.16752442687134
            ],
            [
              -86.5269411824249,
              39.16732942683525
            ],
            [
              -86.52693218237476,
              39.16674442672686
            ],
            [
              -86.52692918235815,
              39.16655042669092
            ],
            [
              -86.52692718234141,
              39.16635142665397
            ],
            [
              -86.52692118229139,
              39.16575642654359
            ],
            [
              -86.52691918227474,
              39.16555842650686
            ],
            [
              -86.52691018217115,
              39.16431442627589
            ],
            [
              -86.5258771818676,
              39.16428742632168
            ],
            [
              -86.52522818167806,
              39.164284426352964
            ],
            [
              -86.52521618167452,
              39.164284426353575
            ],
            [
              -86.52328118110856,
              39.16426642644541
            ],
            [
              -86.5226331809191,
              39.1642614264763
            ],
            [
              -86.52231818082721,
              39.1642614264918
            ],
            [
              -86.52137618055244,
              39.164261426538104
            ],
            [
              -86.52106318046118,
              39.164262426553684
            ],
            [
              -86.52086718040408,
              39.16426342656355
            ],
            [
              -86.52028018023323,
              39.164268426593324
            ],
            [
              -86.52008518017655,
              39.16427142660347
            ],
            [
              -86.51989518012115,
              39.164271426612814
            ],
            [
              -86.51932517995499,
              39.16427342664122
            ],
            [
              -86.51913617989995,
              39.16427442665069
            ],
            [
              -86.5188571798185,
              39.16427342666423
            ],
            [
              -86.51802017957401,
              39.16427042670482
            ],
            [
              -86.51774117949263,
              39.16427042671854
            ],
            [
              -86.51756617944173,
              39.16427242672751
            ],
            [
              -86.51747617941604,
              39.164279426733216
            ],
            [
              -86.51742917940274,
              39.16428442673646
            ],
            [
              -86.51668117918419,
              39.1642804267725
            ],
            [
              -86.51641717910708,
              39.164279426785285
            ],
            [
              -86.51618717903958,
              39.16427442679568
            ],
            [
              -86.5158691789464,
              39.16426942681039
            ],
            [
              -86.51550017883883,
              39.164270426828715
            ],
            [
              -86.51527117877207,
              39.16427142684016
            ],
            [
              -86.51505817870995,
              39.16427142685064
            ],
            [
              -86.51463517858653,
              39.16427142687142
            ],
            [
              -86.51442117852388,
              39.1642684268814
            ],
            [
              -86.51420917846183,
              39.16426642689145
            ],
            [
              -86.51401317840461,
              39.1642654269009
            ],
            [
              -86.51342717823348,
              39.16426442692952
            ],
            [
              -86.51323217817664,
              39.16426442693911
            ],
            [
              -86.51302417811597,
              39.16426442694934
            ],
            [
              -86.51240217793455,
              39.1642654269801
            ],
            [
              -86.51219517787425,
              39.164266426990466
            ],
            [
              -86.51194217780044,
              39.16426642700291
            ],
            [
              -86.51118617757999,
              39.16426842704042
            ],
            [
              -86.51093417750664,
              39.16427042705318
            ],
            [
              -86.51068917743515,
              39.16427042706522
            ],
            [
              -86.50995717722155,
              39.16427042710121
            ],
            [
              -86.50971317715042,
              39.1642704271132
            ],
            [
              -86.50965317713289,
              39.16427042711616
            ],
            [
              -86.50947217708008,
              39.164270427125054
            ],
            [
              -86.50941317706292,
              39.16427142712813
            ],
            [
              -86.50934917704423,
              39.16427142713129
            ],
            [
              -86.50915817698854,
              39.164271427140676
            ],
            [
              -86.50909517697015,
              39.164271427143774
            ],
            [
              -86.5089721769343,
              39.164271427149814
            ],
            [
              -86.50860417682695,
              39.16427242716808
            ],
            [
              -86.50848217679146,
              39.16427342717427
            ],
            [
              -86.50843817677823,
              39.16426842717551
            ],
            [
              -86.50837517675924,
              39.164261427177266
            ],
            [
              -86.50830817673938,
              39.16425742717983
            ],
            [
              -86.50826517672675,
              39.164256427181755
            ],
            [
              -86.50804017666135,
              39.164259427193365
            ],
            [
              -86.50736517646529,
              39.16427042722862
            ],
            [
              -86.50714117640024,
              39.16427442724036
            ],
            [
              -86.50691717633472,
              39.164272427251014
            ],
            [
              -86.5062471761388,
              39.16426642728285
            ],
            [
              -86.50602417607357,
              39.164264427293425
            ],
            [
              -86.50495517576121,
              39.164259427344994
            ],
            [
              -86.50405517549851,
              39.16425842738906
            ],
            [
              -86.50264017508457,
              39.164245427456216
            ],
            [
              -86.50245317502994,
              39.16424442746522
            ],
            [
              -86.50166917480085,
              39.16424042750296
            ],
            [
              -86.49830117381754,
              39.16423342766719
            ],
            [
              -86.49796017371789,
              39.16423142768358
            ],
            [
              -86.49693817341915,
              39.1642254277327
            ],
            [
              -86.49659817331985,
              39.164224427749225
            ],
            [
              -86.49655117330607,
              39.16422342775136
            ],
            [
              -86.49641117326522,
              39.16422342775823
            ],
            [
              -86.4963651732518,
              39.164223427760504
            ],
            [
              -86.49607817316796,
              39.16422242777441
            ],
            [
              -86.49521717291657,
              39.16422042781635
            ],
            [
              -86.49493117283309,
              39.164220427830415
            ],
            [
              -86.49455317272269,
              39.1642194278488
            ],
            [
              -86.49347517240794,
              39.16421742790134
            ],
            [
              -86.49342217239241,
              39.164216427903774
            ],
            [
              -86.49304517228198,
              39.16421142792137
            ],
            [
              -86.49258017214692,
              39.16421842794557
            ],
            [
              -86.49200917198097,
              39.16422742797528
            ],
            [
              -86.49118617174125,
              39.16423242801664
            ],
            [
              -86.49084217164106,
              39.16423542803409
            ],
            [
              -86.4907221716064,
              39.164239428040716
            ],
            [
              -86.49043217152159,
              39.1642374280546
            ],
            [
              -86.49010717142662,
              39.1642354280702
            ],
            [
              -86.48956517126837,
              39.164234428096655
            ],
            [
              -86.48927617118402,
              39.164234428110845
            ],
            [
              -86.48798117080672,
              39.164242428176
            ],
            [
              -86.48445916977892,
              39.16424242834903
            ],
            [
              -86.48436816975237,
              39.16424242835351
            ],
            [
              -86.48274516927856,
              39.16424042843281
            ],
            [
              -86.48142316889263,
              39.16423942849757
            ],
            [
              -86.48120016882763,
              39.16424042850871
            ],
            [
              -86.4811421688109,
              39.164242428511976
            ],
            [
              -86.47931916827959,
              39.16425142860318
            ],
            [
              -86.47698516759742,
              39.16423942871557
            ],
            [
              -86.47642416743385,
              39.16424142874354
            ],
            [
              -86.47630816740008,
              39.164242428749425
            ],
            [
              -86.47578316724707,
              39.16424542877578
            ],
            [
              -86.47447116686497,
              39.16425542884205
            ],
            [
              -86.47420816678824,
              39.16425542885497
            ],
            [
              -86.47368416663534,
              39.16425642888088
            ],
            [
              -86.47365716662749,
              39.16425642888219
            ],
            [
              -86.47357816660445,
              39.164256428886084
            ],
            [
              -86.4735521665969,
              39.164257428887545
            ],
            [
              -86.47344916656695,
              39.164258428892786
            ],
            [
              -86.47326416651305,
              39.16425942890205
            ],
            [
              -86.47317316648657,
              39.164260428906715
            ],
            [
              -86.47284516639155,
              39.16426942892453
            ],
            [
              -86.47264516633406,
              39.164280428936365
            ],
            [
              -86.47240316626528,
              39.16430342895253
            ],
            [
              -86.47231316623974,
              39.16431242895866
            ],
            [
              -86.47210116617796,
              39.16431342896925
            ],
            [
              -86.47189316611735,
              39.16431442897965
            ],
            [
              -86.46862016517109,
              39.16442642916125
            ],
            [
              -86.46682916465332,
              39.164487429260525
            ],
            [
              -86.46247416339419,
              39.164636429502124
            ],
            [
              -86.46245416336518,
              39.164350429449854
            ],
            [
              -86.46242116331788,
              39.16388542936495
            ],
            [
              -86.46240116328855,
              39.16359542931194
            ],
            [
              -86.46240016327238,
              39.163399429275486
            ],
            [
              -86.46240016322498,
              39.162814429166566
            ],
            [
              -86.46240016320918,
              39.16261942913025
            ],
            [
              -86.46238816316901,
              39.16216642904651
            ],
            [
              -86.46237416311995,
              39.16161142894392
            ],
            [
              -86.46235316304869,
              39.16080742879524
            ],
            [
              -86.4623421630089,
              39.16035542871164
            ],
            [
              -86.46232816296711,
              39.15989042862573
            ],
            [
              -86.46228716284214,
              39.15849542836801
            ],
            [
              -86.46227416280068,
              39.15803042828212
            ],
            [
              -86.4622621626716,
              39.15647942799391
            ],
            [
              -86.46222716228462,
              39.15182642712919
            ],
            [
              -86.46221616215595,
              39.15027642684109
            ],
            [
              -86.46221316213519,
              39.15003042679543
            ],
            [
              -86.4622041620728,
              39.14929242665848
            ],
            [
              -86.46220216205231,
              39.149046426612756
            ],
            [
              -86.46219916201953,
              39.148652426539506
            ],
            [
              -86.46219016192127,
              39.14747042631984
            ],
            [
              -86.4621871618886,
              39.147077426246774
            ],
            [
              -86.46214916169323,
              39.14480042582457
            ],
            [
              -86.46213316161007,
              39.14383042564469
            ],
            [
              -86.46207316130175,
              39.14023542497801
            ],
            [
              -86.4620351611076,
              39.13797242455836
            ],
            [
              -86.4619971609125,
              39.13569742413644
            ],
            [
              -86.46199616090315,
              39.135585424115625
            ],
            [
              -86.46199616087615,
              39.13525142405339
            ],
            [
              -86.46199616086717,
              39.135140424032706
            ],
            [
              -86.46185115864787,
              39.10819441901831
            ],
            [
              -86.46185115862633,
              39.107927418968515
            ],
            [
              -86.46185115856191,
              39.107129418819795
            ],
            [
              -86.46185215854074,
              39.106863418770146
            ],
            [
              -86.46183815851508,
              39.10659641872103
            ],
            [
              -86.46179615843816,
              39.1057954185738
            ],
            [
              -86.46178215841265,
              39.105529418524895
            ],
            [
              -86.4618361581708,
              39.10233741792712
            ],
            [
              -86.46180715813533,
              39.10200241786608
            ],
            [
              -86.46172315802973,
              39.1009974176828
            ],
            [
              -86.46169515799454,
              39.10066241762176
            ],
            [
              -86.46169515794936,
              39.10010241751735
            ],
            [
              -86.46169615790447,
              39.09954241741287
            ],
            [
              -86.46169615789245,
              39.09939341738507
            ],
            [
              -86.46169815769443,
              39.09693141692592
            ],
            [
              -86.46169915758632,
              39.095587416675244
            ],
            [
              -86.46170015748434,
              39.094319416438765
            ],
            [
              -86.4617001574645,
              39.094073416392874
            ],
            [
              -86.46170015744458,
              39.09382641634682
            ],
            [
              -86.4617001574083,
              39.09337641626289
            ],
            [
              -86.46170015728389,
              39.091833415975124
            ],
            [
              -86.46170015718019,
              39.0905474157353
            ],
            [
              -86.46170015712327,
              39.08984141560366
            ],
            [
              -86.46170015711375,
              39.089723415581645
            ],
            [
              -86.46170015710416,
              39.089604415559414
            ],
            [
              -86.46169815708521,
              39.089376415517016
            ],
            [
              -86.4616941570289,
              39.08869241538966
            ],
            [
              -86.46169315701033,
              39.088465415347365
            ],
            [
              -86.4616861569739,
              39.088039415268256
            ],
            [
              -86.46166715686556,
              39.08676341503118
            ],
            [
              -86.4616611568295,
              39.0863384149522
            ],
            [
              -86.46166115682692,
              39.08630641494625
            ],
            [
              -86.46166115681926,
              39.08621141492854
            ],
            [
              -86.46166215681707,
              39.08618041492268
            ],
            [
              -86.46165215676008,
              39.085509414798054
            ],
            [
              -86.4616231565895,
              39.08349741442415
            ],
            [
              -86.46161415653285,
              39.082827414299615
            ],
            [
              -86.46161015652226,
              39.082710414278
            ],
            [
              -86.46161015652096,
              39.082694414275046
            ],
            [
              -86.46160715650937,
              39.08256141425038
            ],
            [
              -86.4616031564955,
              39.08240341422111
            ],
            [
              -86.46160115649153,
              39.082361414213345
            ],
            [
              -86.4615991564816,
              39.08224541419183
            ],
            [
              -86.46159915646346,
              39.08202041414985
            ],
            [
              -86.4615991564285,
              39.081586414068866
            ],
            [
              -86.46160015640945,
              39.081346414024075
            ],
            [
              -86.46160215639199,
              39.08112241398218
            ],
            [
              -86.46160315638825,
              39.081072413972834
            ],
            [
              -86.46160615637717,
              39.08092441394505
            ],
            [
              -86.46160815637381,
              39.08087541393582
            ],
            [
              -86.4615991563294,
              39.08035641383945
            ],
            [
              -86.46157515619706,
              39.078801413550536
            ],
            [
              -86.46156715615302,
              39.0782834134543
            ],
            [
              -86.46284215652547,
              39.078289413393016
            ],
            [
              -86.46667015764365,
              39.078307413209025
            ],
            [
              -86.46794615801632,
              39.07831341314766
            ],
            [
              -86.46947515846283,
              39.078319413073935
            ],
            [
              -86.47120515896813,
              39.07832741299077
            ],
            [
              -86.47406215980253,
              39.07833941285312
            ],
            [
              -86.4755911602491,
              39.078346412779545
            ],
            [
              -86.4772521607353,
              39.07836741270215
            ],
            [
              -86.4773961607772,
              39.07836641269492
            ],
            [
              -86.48250916226736,
              39.07835141244181
            ],
            [
              -86.48281416235619,
              39.07834941242653
            ],
            [
              -86.48462116288282,
              39.07834441233705
            ],
            [
              -86.48551716314387,
              39.07834041229243
            ],
            [
              -86.48820416392657,
              39.07832841215866
            ],
            [
              -86.48910116418796,
              39.078325412114125
            ],
            [
              -86.49077516467425,
              39.078301412027656
            ],
            [
              -86.49579716613327,
              39.078231411768655
            ],
            [
              -86.49747216661996,
              39.07820841168232
            ],
            [
              -86.49753416663724,
              39.07819841167745
            ],
            [
              -86.49764816666968,
              39.07818841166996
            ],
            [
              -86.4976771666782,
              39.07818941166873
            ],
            [
              -86.49776216670323,
              39.07819241166517
            ],
            [
              -86.4978891667425,
              39.07822041166418
            ],
            [
              -86.49821316684105,
              39.0782704116576
            ],
            [
              -86.49829016686333,
              39.07826841165347
            ],
            [
              -86.49837516688805,
              39.07826741164912
            ],
            [
              -86.49848616691632,
              39.07821641163418
            ],
            [
              -86.4986051669514,
              39.07822141162928
            ],
            [
              -86.49999116736032,
              39.07827941157216
            ],
            [
              -86.50017816741482,
              39.078279411563
            ],
            [
              -86.50526016889914,
              39.07830741131931
            ],
            [
              -86.50695416939392,
              39.07831741123817
            ],
            [
              -86.5073561695119,
              39.078326411220175
            ],
            [
              -86.50856516986683,
              39.078355411166335
            ],
            [
              -86.5089681699851,
              39.078365411148425
            ],
            [
              -86.51223717095138,
              39.07852641101826
            ],
            [
              -86.51449417160346,
              39.078451410893706
            ],
            [
              -86.51474717167723,
              39.078451410881314
            ],
            [
              -86.51550817189937,
              39.07845441084457
            ],
            [
              -86.5157621719735,
              39.078455410832305
            ],
            [
              -86.51592117201977,
              39.07845441082434
            ],
            [
              -86.51639917215915,
              39.07845441080091
            ],
            [
              -86.51655917220586,
              39.078454410793064
            ],
            [
              -86.52064417339703,
              39.07845541059306
            ],
            [
              -86.53290017697093,
              39.07846140999348
            ],
            [
              -86.53574017779904,
              39.07846240985444
            ],
            [
              -86.53663817806088,
              39.07846340981059
            ],
            [
              -86.53698617816237,
              39.07846340979353
            ],
            [
              -86.5379351784407,
              39.078484409750914
            ],
            [
              -86.54078217927585,
              39.07854840962321
            ],
            [
              -86.54173217955463,
              39.078570409580735
            ],
            [
              -86.54632718089432,
              39.07857240935577
            ],
            [
              -86.56011218491308,
              39.07857840868083
            ],
            [
              -86.56470718625265,
              39.078581408455975
            ],
            [
              -86.56473518626103,
              39.07858440845515
            ],
            [
              -86.56482118628685,
              39.07859340845259
            ],
            [
              -86.5648501862955,
              39.07859640845178
            ],
            [
              -86.56541918646221,
              39.078606408425706
            ],
            [
              -86.56712918696329,
              39.07863940834792
            ],
            [
              -86.56758818709775,
              39.07864840832711
            ],
            [
              -86.56769918713029,
              39.078650408322034
            ],
            [
              -86.5678141871638,
              39.07865040831639
            ],
            [
              -86.56796518720782,
              39.07865040830898
            ],
            [
              -86.56876518744104,
              39.07865140826993
            ],
            [
              -86.56903218751894,
              39.078652408257
            ],
            [
              -86.56908518753467,
              39.07865540825495
            ],
            [
              -86.56924518758203,
              39.078664408248805
            ],
            [
              -86.56929918759806,
              39.0786684082469
            ],
            [
              -86.57007918782679,
              39.07868540821175
            ],
            [
              -86.5724211885135,
              39.07873640810637
            ],
            [
              -86.57320218874253,
              39.078754408071426
            ],
            [
              -86.57320318865007,
              39.07760540785727
            ],
            [
              -86.5732071883731,
              39.07416140721525
            ],
            [
              -86.57320918828098,
              39.07301340700121
            ],
            [
              -86.57320718824069,
              39.07252140690961
            ],
            [
              -86.57320318812037,
              39.07104540663469
            ],
            [
              -86.57320218808039,
              39.07055440654321
            ],
            [
              -86.57319518802872,
              39.06993940642895
            ],
            [
              -86.57317618787432,
              39.06809540608619
            ],
            [
              -86.57317118782889,
              39.06755040598485
            ],
            [
              -86.57317018782304,
              39.06748140597204
            ],
            [
              -86.5731981878265,
              39.06742340595984
            ],
            [
              -86.57327418783585,
              39.067264405926494
            ],
            [
              -86.57342018785536,
              39.066979405866235
            ],
            [
              -86.57351718786143,
              39.066704405810164
            ],
            [
              -86.57358418786222,
              39.06647240576365
            ],
            [
              -86.57364718785655,
              39.06617440570503
            ],
            [
              -86.57368818784083,
              39.0658314056391
            ],
            [
              -86.57370118781276,
              39.0654364055648
            ],
            [
              -86.57367618775199,
              39.06477340544247
            ],
            [
              -86.57367318774484,
              39.06469640542823
            ],
            [
              -86.57367218774019,
              39.06464240541823
            ],
            [
              -86.57367118773556,
              39.06458840540819
            ],
            [
              -86.5736441876194,
              39.06324640515939
            ],
            [
              -86.57353618733701,
              39.06013640458492
            ],
            [
              -86.57352018722881,
              39.058852404346325
            ],
            [
              -86.57348918714246,
              39.05789440416921
            ],
            [
              -86.57348718713898,
              39.05785840416259
            ],
            [
              -86.57348718713712,
              39.0578354041583
            ],
            [
              -86.57348418713158,
              39.05777740414766
            ],
            [
              -86.57348318712911,
              39.05775040414268
            ],
            [
              -86.573482187126,
              39.05771540413618
            ],
            [
              -86.57348518710299,
              39.057419404080854
            ],
            [
              -86.57349018707467,
              39.05705040401183
            ],
            [
              -86.57348318703096,
              39.05653340391578
            ],
            [
              -86.573479187006,
              39.05623840386094
            ],
            [
              -86.57340218689531,
              39.05514440366077
            ],
            [
              -86.57338518686629,
              39.05484540360586
            ],
            [
              -86.5733801868568,
              39.05474640358762
            ],
            [
              -86.5733631867598,
              39.053604403375516
            ],
            [
              -86.5733561867108,
              39.05302240326737
            ],
            [
              -86.5732821864988,
              39.05066040283057
            ],
            [
              -86.5732391863739,
              39.04926640257272
            ],
            [
              -86.57324018636838,
              39.049194402559266
            ],
            [
              -86.57324318635175,
              39.048977402518645
            ],
            [
              -86.5732451863466,
              39.048906402505295
            ],
            [
              -86.5732461863443,
              39.04887440249925
            ],
            [
              -86.57324818634108,
              39.04882640249023
            ],
            [
              -86.57324918633758,
              39.048779402481415
            ],
            [
              -86.57325018633537,
              39.048748402475596
            ],
            [
              -86.57318818629963,
              39.04852940243777
            ],
            [
              -86.57320818627629,
              39.048167402369295
            ],
            [
              -86.57330818616305,
              39.04640140203509
            ],
            [
              -86.5733421861256,
              39.04581340192372
            ],
            [
              -86.57334318612291,
              39.04577640191679
            ],
            [
              -86.5733461861199,
              39.04572840190771
            ],
            [
              -86.57334918611593,
              39.04566840189635
            ],
            [
              -86.57335118611361,
              39.04563240188952
            ],
            [
              -86.57335618595785,
              39.043681401525454
            ],
            [
              -86.57337118549074,
              39.03782940043322
            ],
            [
              -86.5733771853354,
              39.03587940006916
            ],
            [
              -86.57337718533283,
              39.03584740006321
            ],
            [
              -86.5733781853254,
              39.035751400045285
            ],
            [
              -86.57337918532319,
              39.0357204000394
            ],
            [
              -86.573382185321,
              39.03568240003215
            ],
            [
              -86.57338718531838,
              39.03563140002241
            ],
            [
              -86.57339218531499,
              39.035571400011015
            ],
            [
              -86.57339618531326,
              39.03553540000408
            ],
            [
              -86.5734061847631,
              39.02866639872215
            ],
            [
              -86.57341618435848,
              39.02360339777698
            ],
            [
              -86.57341618433956,
              39.02336839773315
            ],
            [
              -86.57341718432093,
              39.02313339768921
            ],
            [
              -86.57342118413752,
              39.02083939726096
            ],
            [
              -86.5734571840353,
              39.01943839699778
            ],
            [
              -86.57356718372942,
              39.01523739620836
            ],
            [
              -86.57360518362785,
              39.013837395945224
            ],
            [
              -86.57361218349958,
              39.01221639564235
            ],
            [
              -86.57363518311544,
              39.007355394733864
            ],
            [
              -86.57364318298754,
              39.00573539443107
            ],
            [
              -86.57364218297937,
              39.00563739441283
            ],
            [
              -86.57364118296067,
              39.00540839437014
            ],
            [
              -86.57363518288025,
              39.00442939418764
            ],
            [
              -86.57363418285375,
              39.00410339412687
            ],
            [
              -86.57354418265346,
              39.00193739372691
            ],
            [
              -86.57346518247519,
              39.00000539337007
            ],
            [
              -86.5734931822775,
              38.99744339289034
            ],
            [
              -86.57351518212285,
              38.99543839251489
            ],
            [
              -86.57353918195587,
              38.99327239210928
            ],
            [
              -86.57354118193851,
              38.99304839206737
            ],
            [
              -86.57354918188693,
              38.99237739194166
            ],
            [
              -86.57355318187018,
              38.99215439189981
            ],
            [
              -86.57265718160885,
              38.9921503919429
            ],
            [
              -86.56996918082493,
              38.99213839207207
            ],
            [
              -86.56907418056387,
              38.992134392115126
            ],
            [
              -86.56900118054254,
              38.99213339211851
            ],
            [
              -86.56878918048068,
              38.99213239212869
            ],
            [
              -86.56871818046001,
              38.992132392132156
            ],
            [
              -86.5686781804484,
              38.99213239213411
            ],
            [
              -86.5685661804157,
              38.99213139213941
            ],
            [
              -86.56788218021617,
              38.99212839217231
            ],
            [
              -86.56775118017792,
              38.99212739217854
            ],
            [
              -86.56762018013981,
              38.99212739218494
            ],
            [
              -86.56457617925192,
              38.992113392331156
            ],
            [
              -86.55215617562924,
              38.99205739292794
            ],
            [
              -86.54827417449685,
              38.9920403931145
            ],
            [
              -86.54804717443064,
              38.99203939312542
            ],
            [
              -86.54801617442162,
              38.99203939312694
            ],
            [
              -86.54730017420844,
              38.99198239315126
            ],
            [
              -86.54515517357002,
              38.99181439322474
            ],
            [
              -86.54444217335801,
              38.99176139324972
            ],
            [
              -86.54318917299821,
              38.991827393323284
            ],
            [
              -86.54307317296467,
              38.99183039332951
            ],
            [
              -86.54245317278543,
              38.991847393362946
            ],
            [
              -86.54136717247064,
              38.99186839341994
            ],
            [
              -86.5403831721818,
              38.99184139346301
            ],
            [
              -86.53989917204059,
              38.991839393486295
            ],
            [
              -86.53962717196127,
              38.99183839349939
            ],
            [
              -86.53893117175711,
              38.99182139353021
            ],
            [
              -86.53876717170917,
              38.99181939353786
            ],
            [
              -86.53806917150645,
              38.991827393573494
            ],
            [
              -86.53751017134549,
              38.991851393605295
            ],
            [
              -86.53746517133206,
              38.9918473936067
            ],
            [
              -86.53733817129435,
              38.991838393611246
            ],
            [
              -86.53726717127323,
              38.99183339361381
            ],
            [
              -86.53720117125367,
              38.991829393616285
            ],
            [
              -86.53713117123294,
              38.99182539361897
            ],
            [
              -86.53692317117124,
              38.99181139362649
            ],
            [
              -86.53685417115089,
              38.991808393629306
            ],
            [
              -86.53680717113704,
              38.991806393631244
            ],
            [
              -86.53643417102818,
              38.9918043936491
            ],
            [
              -86.53631117099238,
              38.99180439365511
            ],
            [
              -86.53616117095048,
              38.991827393666725
            ],
            [
              -86.53607217092647,
              38.99185139367556
            ],
            [
              -86.53599517090527,
              38.991866393682095
            ],
            [
              -86.53589917087827,
              38.991878393689056
            ],
            [
              -86.53553717077168,
              38.991864393704105
            ],
            [
              -86.53532617071039,
              38.99186739371497
            ],
            [
              -86.53517217066721,
              38.99188839372641
            ],
            [
              -86.53500717062042,
              38.991904393737485
            ],
            [
              -86.53450717047531,
              38.9919113937632
            ],
            [
              -86.53407317034895,
              38.991912393784595
            ],
            [
              -86.53405717034411,
              38.991910393785005
            ],
            [
              -86.53365817022534,
              38.991879393798726
            ],
            [
              -86.53345517016436,
              38.99185639380437
            ],
            [
              -86.53342717015605,
              38.99185439380537
            ],
            [
              -86.53335917013582,
              38.991849393807755
            ],
            [
              -86.53316317007742,
              38.99183339381434
            ],
            [
              -86.5323101698266,
              38.9918053938508
            ],
            [
              -86.53210116976571,
              38.991805393861
            ],
            [
              -86.53206816975609,
              38.99180539386261
            ],
            [
              -86.53171216965013,
              38.99177739387474
            ],
            [
              -86.53078616937664,
              38.99173139391138
            ],
            [
              -86.5304831692871,
              38.99171639392344
            ],
            [
              -86.52952916901083,
              38.99173739397397
            ],
            [
              -86.52868716876856,
              38.991776394022345
            ],
            [
              -86.52833016866413,
              38.99177139403888
            ],
            [
              -86.5281531686125,
              38.99177039404734
            ],
            [
              -86.52794916855282,
              38.99176739405676
            ],
            [
              -86.52748716841874,
              38.99177439408061
            ],
            [
              -86.52707116829801,
              38.9917803941021
            ],
            [
              -86.52637916809877,
              38.99181039414148
            ],
            [
              -86.52596816798045,
              38.99182839416495
            ],
            [
              -86.52430616750632,
              38.99195539426984
            ],
            [
              -86.52361616730957,
              38.99200939431365
            ],
            [
              -86.52299416712803,
              38.992006394343484
            ],
            [
              -86.52113216658482,
              38.99199839443291
            ],
            [
              -86.52107316656762,
              38.9919983944358
            ],
            [
              -86.52051116640367,
              38.99199639446287
            ],
            [
              -86.51970516616845,
              38.9919923945015
            ],
            [
              -86.51729116546416,
              38.99198239461752
            ],
            [
              -86.51659716526166,
              38.99197939465087
            ],
            [
              -86.51648616522931,
              38.9919793946563
            ],
            [
              -86.51641516520863,
              38.99197939465976
            ],
            [
              -86.51633816518614,
              38.99197839466334
            ],
            [
              -86.51567116499149,
              38.99197539469536
            ],
            [
              -86.51322916427894,
              38.9919643948126
            ],
            [
              -86.51241516404149,
              38.991961394851806
            ],
            [
              -86.51153516378464,
              38.99195739489398
            ],
            [
              -86.50890216301644,
              38.991946395020534
            ],
            [
              -86.50801816275852,
              38.99194339506316
            ],
            [
              -86.50775416268154,
              38.99194239507587
            ],
            [
              -86.50686016242015,
              38.99193239511763
            ],
            [
              -86.50553816203372,
              38.99191839517959
            ],
            [
              -86.50337516140138,
              38.99189439528074
            ],
            [
              -86.502214161062,
              38.99188239533515
            ],
            [
              -86.50198616099476,
              38.99187239534444
            ],
            [
              -86.50186716095968,
              38.99186739534927
            ],
            [
              -86.49961416030196,
              38.991854395456876
            ],
            [
              -86.49866416002139,
              38.991808395494665
            ],
            [
              -86.49749815968087,
              38.99180039555006
            ],
            [
              -86.49735315963864,
              38.99180039555715
            ],
            [
              -86.49699615953313,
              38.99178239557125
            ],
            [
              -86.4966481594295,
              38.99175539558314
            ],
            [
              -86.49632115933285,
              38.99173839559598
            ],
            [
              -86.4962801593212,
              38.99174239559873
            ],
            [
              -86.49621615930286,
              38.991746395602576
            ],
            [
              -86.49590515921405,
              38.99176939562205
            ],
            [
              -86.49580115918441,
              38.9917773956286
            ],
            [
              -86.49567315914821,
              38.9917913956375
            ],
            [
              -86.48826615700011,
              38.991928396024676
            ],
            [
              -86.48028715466664,
              38.99183439639653
            ],
            [
              -86.47990515455487,
              38.99182939641424
            ],
            [
              -86.47085015190899,
              38.99175439684204
            ],
            [
              -86.47064315184865,
              38.991754396852144
            ],
            [
              -86.46976215159236,
              38.99176139689646
            ],
            [
              -86.4688841513347,
              38.99174039693538
            ],
            [
              -86.4682031511357,
              38.99173439696742
            ],
            [
              -86.46154014918869,
              38.991680397282416
            ],
            [
              -86.46130714912061,
              38.9916783972934
            ],
            [
              -86.46062614892146,
              38.99167139732533
            ],
            [
              -86.4580521481692,
              38.99164939744678
            ],
            [
              -86.45788714812096,
              38.99164739745444
            ],
            [
              -86.45697414785432,
              38.99164239749799
            ],
            [
              -86.4558501475241,
              38.991611397547054
            ],
            [
              -86.45247814653365,
              38.99152139769466
            ],
            [
              -86.45135514620384,
              38.99149139774386
            ],
            [
              -86.45131014619062,
              38.991490397745864
            ],
            [
              -86.4511781461519,
              38.9914873977517
            ],
            [
              -86.45113414613905,
              38.99148739775382
            ],
            [
              -86.45067314600509,
              38.991493397777475
            ],
            [
              -86.44929214560402,
              38.99151339784857
            ],
            [
              -86.4488341454712,
              38.99152239787257
            ],
            [
              -86.44762414511715,
              38.99150739792874
            ],
            [
              -86.44400114405735,
              38.9914663980978
            ],
            [
              -86.4427941437044,
              38.99145439815436
            ],
            [
              -86.44105714319626,
              38.991434398235306
            ],
            [
              -86.43584914167285,
              38.991376398478415
            ],
            [
              -86.43452314128501,
              38.9913623985404
            ],
            [
              -86.43419414118873,
              38.99135839855572
            ],
            [
              -86.43411314116504,
              38.991357398559465
            ],
            [
              -86.43405514114812,
              38.99135739856229
            ],
            [
              -86.43390914110532,
              38.99135439856885
            ],
            [
              -86.43330214092767,
              38.99134639859691
            ],
            [
              -86.43310014086875,
              38.99134639860676
            ],
            [
              -86.43301114084264,
              38.991344398610735
            ],
            [
              -86.43291814081543,
              38.99134339861508
            ],
            [
              -86.43139814037073,
              38.99132639868599
            ],
            [
              -86.42444313833614,
              38.991249399010606
            ],
            [
              -86.4207271372491,
              38.9912093991842
            ],
            [
              -86.40842313364949,
              38.99107539975865
            ],
            [
              -86.40208313179444,
              38.99100540005439
            ],
            [
              -86.39847713073928,
              38.99096540022254
            ],
            [
              -86.39276012906647,
              38.99090340048943
            ],
            [
              -86.38986412821907,
              38.99087240062462
            ],
            [
              -86.38982312820703,
              38.99087140062644
            ],
            [
              -86.38977812819391,
              38.99087140062862
            ],
            [
              -86.38885012792228,
              38.99086040067179
            ],
            [
              -86.38593212706834,
              38.99082740080767
            ],
            [
              -86.38496012678397,
              38.99081740085315
            ],
            [
              -86.3829671262006,
              38.99079440094588
            ],
            [
              -86.37698812445079,
              38.99072840122463
            ],
            [
              -86.37499512386754,
              38.99070640131751
            ],
            [
              -86.37374312350467,
              38.990737401384244
            ],
            [
              -86.37035012252153,
              38.9908234015655
            ],
            [
              -86.3699901224172,
              38.9908324015847
            ],
            [
              -86.36887512209404,
              38.99086040164424
            ],
            [
              -86.36874512205627,
              38.99086240165093
            ],
            [
              -86.36850812198738,
              38.99086540166302
            ],
            [
              -86.36781412178581,
              38.99087740169903
            ],
            [
              -86.36758412171902,
              38.99088140171101
            ],
            [
              -86.36752012170042,
              38.990882401714316
            ],
            [
              -86.36748512169018,
              38.99088240171601
            ],
            [
              -86.36718712160364,
              38.99088740173143
            ],
            [
              -86.36708912157522,
              38.990889401736574
            ],
            [
              -86.36677412148379,
              38.990895401753015
            ],
            [
              -86.36614712130024,
              38.99088840178224
            ],
            [
              -86.36332112047316,
              38.990858401914174
            ],
            [
              -86.3623791201976,
              38.9908494019583
            ],
            [
              -86.3623361201852,
              38.99085140196077
            ],
            [
              -86.3622101201488,
              38.990856401967825
            ],
            [
              -86.36216812013679,
              38.990859401970475
            ],
            [
              -86.36183512004104,
              38.99087740199
            ],
            [
              -86.36169712000093,
              38.99087940199709
            ],
            [
              -86.36119911985641,
              38.99088940202323
            ],
            [
              -86.3602841195892,
              38.99088740206739
            ],
            [
              -86.35990011947715,
              38.99088740208607
            ],
            [
              -86.35981311945173,
              38.99088640209011
            ],
            [
              -86.35976311943702,
              38.99088540209237
            ],
            [
              -86.35895111919999,
              38.9908844021317
            ],
            [
              -86.35849011906546,
              38.99088440215413
            ],
            [
              -86.35699811862855,
              38.99086540222316
            ],
            [
              -86.35644711846821,
              38.990871402251074
            ],
            [
              -86.3563681184451,
              38.99087040225474
            ],
            [
              -86.35564411823361,
              38.9908684022896
            ],
            [
              -86.3555061181931,
              38.990865402295746
            ],
            [
              -86.35546811818197,
              38.99086440229742
            ],
            [
              -86.35544711817585,
              38.990864402298435
            ],
            [
              -86.35535311814763,
              38.99085540230132
            ],
            [
              -86.35532711814078,
              38.99086440230429
            ],
            [
              -86.35441111787397,
              38.99087040234997
            ],
            [
              -86.35169111708167,
              38.99088940248587
            ],
            [
              -86.35080911682475,
              38.99089540252989
            ],
            [
              -86.35078511681783,
              38.99089640253124
            ],
            [
              -86.34788211596683,
              38.99084940266367
            ],
            [
              -86.34639811553377,
              38.99085040273606
            ],
            [
              -86.33754811295144,
              38.99085940316825
            ],
            [
              -86.3332391116948,
              38.990873403380384
            ],
            [
              -86.32885311041578,
              38.9908894035967
            ],
            [
              -86.32805811018397,
              38.990892403635904
            ],
            [
              -86.3265781097517,
              38.990889403707335
            ],
            [
              -86.32387410896213,
              38.99088640383824
            ],
            [
              -86.31975310775856,
              38.990879404037244
            ],
            [
              -86.31776510717806,
              38.99087740413352
            ],
            [
              -86.31747910709454,
              38.990877404147426
            ],
            [
              -86.31746110723353,
              38.99268440448664
            ],
            [
              -86.31740510765513,
              38.99816940551613
            ],
            [
              -86.31738510780008,
              39.00005740587049
            ],
            [
              -86.31748510788067,
              39.00070040598602
            ],
            [
              -86.31780410813676,
              39.00274040635229
            ],
            [
              -86.31781310822075,
              39.00375940654263
            ],
            [
              -86.31785810864355,
              39.008886407499894
            ],
            [
              -86.31786210867946,
              39.009321407581155
            ],
            [
              -86.31790510910015,
              39.01442740853446
            ],
            [
              -86.31794010942272,
              39.0183334092636
            ],
            [
              -86.3179641096674,
              39.021305409818474
            ],
            [
              -86.31788111041604,
              39.03096541162948
            ],
            [
              -86.31790611049105,
              39.03181141178653
            ],
            [
              -86.31792511052004,
              39.03210441184039
            ],
            [
              -86.31797611062376,
              39.0332144120455
            ],
            [
              -86.31795711065568,
              39.03368241213396
            ],
            [
              -86.31793811067219,
              39.03395741218631
            ],
            [
              -86.3179681106987,
              39.034179412226365
            ],
            [
              -86.31801211072316,
              39.034324412251316
            ],
            [
              -86.31809911076058,
              39.03447441227516
            ],
            [
              -86.31805811092023,
              39.0366184126781
            ],
            [
              -86.31805611092646,
              39.0367034126941
            ],
            [
              -86.31809411133821,
              39.04170641362779
            ],
            [
              -86.31810011137127,
              39.042097413700596
            ],
            [
              -86.31810611140249,
              39.04246541376917
            ],
            [
              -86.31813811192073,
              39.0488174149552
            ],
            [
              -86.32083711271122,
              39.0488464148291
            ],
            [
              -86.32204511306504,
              39.0488594147727
            ],
            [
              -86.32722211458159,
              39.04891841453141
            ],
            [
              -86.33224811605075,
              39.048937414290045
            ],
            [
              -86.33376811649502,
              39.04894241421686
            ],
            [
              -86.33699811743912,
              39.048954414061726
            ],
            [
              -86.33767811763661,
              39.048941414026096
            ],
            [
              -86.33976011824136,
              39.0489014139172
            ],
            [
              -86.34029311839612,
              39.04889041388914
            ],
            [
              -86.34125011867415,
              39.04887341383929
            ],
            [
              -86.34814312067621,
              39.04874241347881
            ],
            [
              -86.34885612088335,
              39.048729413441585
            ],
            [
              -86.35076112143676,
              39.04869441334213
            ],
            [
              -86.35078712147137,
              39.04903141340387
            ],
            [
              -86.35593212295954,
              39.04885841312068
            ],
            [
              -86.36723912622999,
              39.048479412498395
            ],
            [
              -86.3700711270489,
              39.04838241234215
            ],
            [
              -86.37004612707265,
              39.04876941241567
            ],
            [
              -86.36992112719018,
              39.050688412780325
            ],
            [
              -86.36956612752591,
              39.05616341382056
            ],
            [
              -86.3695491275426,
              39.05643341387186
            ],
            [
              -86.36952612756566,
              39.056804413942295
            ],
            [
              -86.3695091275811,
              39.05705841399056
            ],
            [
              -86.36949012759945,
              39.057356414047156
            ],
            [
              -86.36947312761548,
              39.057617414096754
            ],
            [
              -86.36947012761738,
              39.05765241410342
            ],
            [
              -86.36921612787144,
              39.061740414879516
            ],
            [
              -86.36921612790219,
              39.06212341495107
            ],
            [
              -86.3692181279589,
              39.062822415081534
            ],
            [
              -86.36921912796993,
              39.06295641510651
            ],
            [
              -86.3692191279807,
              39.06309041513154
            ],
            [
              -86.36921912800182,
              39.06335341518063
            ],
            [
              -86.36922012802323,
              39.06361641522973
            ],
            [
              -86.36922112806015,
              39.064072415314854
            ],
            [
              -86.36922112807018,
              39.064197415338214
            ],
            [
              -86.3692211280803,
              39.06432341536178
            ],
            [
              -86.36922112809145,
              39.06446241538772
            ],
            [
              -86.36922112810045,
              39.06457441540866
            ],
            [
              -86.36922412818932,
              39.06566941561301
            ],
            [
              -86.36922712827115,
              39.06667741580113
            ],
            [
              -86.36920312848407,
              39.06941541631372
            ],
            [
              -86.36919312867492,
              39.071827416764656
            ],
            [
              -86.36918512883766,
              39.07388141714863
            ],
            [
              -86.36918312885894,
              39.074153417199526
            ],
            [
              -86.36918212888058,
              39.07442641725053
            ],
            [
              -86.36918112888391,
              39.074471417258984
            ],
            [
              -86.36918112889147,
              39.07456541727652
            ],
            [
              -86.36918112890271,
              39.074705417302724
            ],
            [
              -86.36917812896952,
              39.075547417460065
            ],
            [
              -86.36917512902446,
              39.07624241759
            ],
            [
              -86.3691751290362,
              39.076388417617245
            ],
            [
              -86.36917512904189,
              39.076459417630545
            ],
            [
              -86.36917412904731,
              39.07653041764386
            ],
            [
              -86.36917312905915,
              39.076681417672056
            ],
            [
              -86.36917312907137,
              39.076833417700456
            ],
            [
              -86.3691801290819,
              39.07693841771972
            ],
            [
              -86.36918112908394,
              39.076960417723804
            ],
            [
              -86.36918712909235,
              39.07704341773903
            ],
            [
              -86.36920112911366,
              39.07725741777827
            ],
            [
              -86.3692061291221,
              39.07734441779427
            ],
            [
              -86.369215129135,
              39.07747241781775
            ],
            [
              -86.36923512916486,
              39.077771417872604
            ],
            [
              -86.36924112917345,
              39.0778564178882
            ],
            [
              -86.36926612921161,
              39.078240417958675
            ],
            [
              -86.36927112921897,
              39.078313417972026
            ],
            [
              -86.36927612922638,
              39.07838741798559
            ],
            [
              -86.36929412925431,
              39.07866941803739
            ],
            [
              -86.36929512925532,
              39.07867841803902
            ],
            [
              -86.36931412928428,
              39.07896941809242
            ],
            [
              -86.36932512930122,
              39.07914041812382
            ],
            [
              -86.3693601293527,
              39.07965341821787
            ],
            [
              -86.36937212936999,
              39.07982541824942
            ],
            [
              -86.36938912939635,
              39.08009141829827
            ],
            [
              -86.3694431294765,
              39.08089241844521
            ],
            [
              -86.36946112950322,
              39.08115941849414
            ],
            [
              -86.36939912949154,
              39.081239418512126
            ],
            [
              -86.36930512947399,
              39.08136241853965
            ],
            [
              -86.36924012946585,
              39.081497418568034
            ],
            [
              -86.36922312946898,
              39.08159741858757
            ],
            [
              -86.36921212948593,
              39.08184841863496
            ],
            [
              -86.36921112948892,
              39.08188941864268
            ],
            [
              -86.36921312951989,
              39.08226741871316
            ],
            [
              -86.36920912954463,
              39.08258941877345
            ],
            [
              -86.3692091295456,
              39.08260141877568
            ],
            [
              -86.36921212956673,
              39.082853418822616
            ],
            [
              -86.369216129608,
              39.08335241891559
            ],
            [
              -86.36922812973208,
              39.08485141919483
            ],
            [
              -86.36923212977345,
              39.085351419288024
            ],
            [
              -86.36920812983553,
              39.086210419449536
            ],
            [
              -86.3691381300226,
              39.088790419934575
            ],
            [
              -86.36911513008508,
              39.0896504200963
            ],
            [
              -86.36913013013624,
              39.09023242020416
            ],
            [
              -86.36917813029095,
              39.09198042052811
            ],
            [
              -86.36919413034246,
              39.09256342063617
            ],
            [
              -86.3692011303529,
              39.092667420655275
            ],
            [
              -86.36920513035729,
              39.092707420662485
            ],
            [
              -86.36921913038348,
              39.09298242071312
            ],
            [
              -86.36922513039373,
              39.09308742073244
            ],
            [
              -86.36923013040297,
              39.09318442075028
            ],
            [
              -86.36924513043094,
              39.093477420804234
            ],
            [
              -86.36925013044028,
              39.09357542082233
            ],
            [
              -86.36926113046077,
              39.09379042086189
            ],
            [
              -86.36927913049347,
              39.0941314209247
            ],
            [
              -86.36927513050479,
              39.09428642095377
            ],
            [
              -86.36926013051037,
              39.09441042097769
            ],
            [
              -86.36925513051085,
              39.09443442098242
            ],
            [
              -86.36924013051353,
              39.09452242099957
            ],
            [
              -86.36923613052251,
              39.09464842102325
            ],
            [
              -86.369290130622,
              39.09568842121477
            ],
            [
              -86.36928113068461,
              39.09649942136658
            ],
            [
              -86.36922013111419,
              39.102057422406844
            ],
            [
              -86.36921813113253,
              39.102292422450766
            ],
            [
              -86.36922013117683,
              39.102835422552005
            ],
            [
              -86.3692231312643,
              39.10391042275248
            ],
            [
              -86.36922513131367,
              39.10451642286545
            ],
            [
              -86.36923113146182,
              39.10633442320442
            ],
            [
              -86.36923313151121,
              39.10694042331736
            ],
            [
              -86.36923413155932,
              39.10753442342817
            ],
            [
              -86.36924013170483,
              39.10931942376092
            ],
            [
              -86.36924313175363,
              39.10991442387182
            ],
            [
              -86.36924413178654,
              39.110319423947345
            ],
            [
              -86.36924913188592,
              39.111534424173776
            ],
            [
              -86.36925113191921,
              39.11194042424942
            ],
            [
              -86.36930113214505,
              39.11456242473613
            ],
            [
              -86.36945113282312,
              39.12243142619673
            ],
            [
              -86.36949613302598,
              39.12478442663335
            ],
            [
              -86.36950113304927,
              39.12505542668366
            ],
            [
              -86.36952813326117,
              39.12758542715416
            ],
            [
              -86.36954013336245,
              39.12879742737963
            ],
            [
              -86.36956513356333,
              39.131197427825995
            ],
            [
              -86.36965713430253,
              39.14002542946757
            ],
            [
              -86.3696741344327,
              39.14157642975591
            ],
            [
              -86.36969713461532,
              39.14375543016103
            ],
            [
              -86.36969813461668,
              39.143768430163355
            ],
            [
              -86.36973813468016,
              39.14441043028113
            ],
            [
              -86.36975513470635,
              39.14467343032928
            ],
            [
              -86.36979113476389,
              39.14525543043602
            ],
            [
              -86.36985813487098,
              39.14633943063481
            ],
            [
              -86.36989513492932,
              39.14692843074284
            ],
            [
              -86.36989713493426,
              39.14698243075278
            ],
            [
              -86.3698971349379,
              39.14702743076118
            ],
            [
              -86.36989713494678,
              39.147137430781676
            ],
            [
              -86.36989713498433,
              39.14760243086838
            ],
            [
              -86.3698971349891,
              39.147661430879346
            ],
            [
              -86.36989713499693,
              39.14775843089741
            ],
            [
              -86.36990513500744,
              39.147859430915865
            ],
            [
              -86.36993513504723,
              39.14824343098598
            ],
            [
              -86.37005113519861,
              39.14969843125154
            ],
            [
              -86.3700861352431,
              39.15012243132882
            ],
            [
              -86.37009113524947,
              39.150183431339954
            ],
            [
              -86.37009413525357,
              39.15022343134727
            ],
            [
              -86.37011313529581,
              39.15067743143096
            ],
            [
              -86.37017613543416,
              39.152162431704646
            ],
            [
              -86.3701971354803,
              39.15265743179589
            ],
            [
              -86.37020113551934,
              39.153126431883116
            ],
            [
              -86.3702141356605,
              39.15482643219928
            ],
            [
              -86.37021713569288,
              39.15521643227186
            ],
            [
              -86.37027613633069,
              39.16289543369998
            ],
            [
              -86.3702971365438,
              39.165455434175925
            ],
            [
              -86.37030213660344,
              39.16617543430982
            ],
            [
              -86.37031613676281,
              39.1680954346669
            ],
            [
              -86.37036813732736,
              39.17488743592965
            ],
            [
              -86.370376137421,
              39.176015436139366
            ],
            [
              -86.37039713764075,
              39.17865543663013
            ],
            [
              -86.37051613783098,
              39.18057643698208
            ],
            [
              -86.37061413798763,
              39.182158437271916
            ],
            [
              -86.37079213827035,
              39.18500843779399
            ],
            [
              -86.3710461386749,
              39.18908843854131
            ],
            [
              -86.37116613886727,
              39.19103043889702
            ],
            [
              -86.37126813902988,
              39.19267043919741
            ],
            [
              -86.37148613937745,
              39.19617443983915
            ],
            [
              -86.37149813939531,
              39.19635143987153
            ],
            [
              -86.37159413985285,
              39.201651440853475
            ],
            [
              -86.3715951398571,
              39.20170044086253
            ],
            [
              -86.37160013987322,
              39.201881440896
            ],
            [
              -86.37167614022655,
              39.20596644165269
            ],
            [
              -86.3717741406974,
              39.21141944266279
            ],
            [
              -86.37189614127378,
              39.21808544389733
            ],
            [
              -86.37199814174816,
              39.22356344491158
            ],
            [
              -86.37203914200587,
              39.226590445472745
            ],
            [
              -86.37209114233269,
              39.23042844618416
            ],
            [
              -86.37211014244917,
              39.231794446437355
            ],
            [
              -86.37219814298632,
              39.23809044760413
            ],
            [
              -86.37220714300518,
              39.23829044764082
            ],
            [
              -86.37234414353516,
              39.24431944875534
            ],
            [
              -86.37244014394562,
              39.24902344962533
            ],
            [
              -86.37246314400845,
              39.24971344975251
            ],
            [
              -86.37246714402747,
              39.24993244979305
            ],
            [
              -86.37246714402893,
              39.24995044979634
            ],
            [
              -86.37246714403332,
              39.250004449806426
            ],
            [
              -86.37246714403486,
              39.25002344980996
            ],
            [
              -86.37246214403588,
              39.250054449815956
            ],
            [
              -86.37246014403928,
              39.25010344982516
            ],
            [
              -86.37245714405029,
              39.250249449852475
            ],
            [
              -86.37245614405407,
              39.25029944986181
            ],
            [
              -86.3724491440596,
              39.25039244987945
            ],
            [
              -86.37242914407666,
              39.25067444993287
            ],
            [
              -86.37242314408257,
              39.250768449950634
            ],
            [
              -86.37242014408399,
              39.25079644995597
            ],
            [
              -86.37241414408928,
              39.250883449972456
            ],
            [
              -86.37241314409134,
              39.25091244997788
            ],
            [
              -86.37250814411934,
              39.25091544997376
            ],
            [
              -86.37382314450527,
              39.25093444991268
            ],
            [
              -86.37391914453356,
              39.2509374499085
            ],
            [
              -86.37410814458933,
              39.250943449900305
            ],
            [
              -86.3743691446663,
              39.250952449889176
            ],
            [
              -86.37541014497258,
              39.25097744984264
            ],
            [
              -86.3758901451148,
              39.25100044982332
            ],
            [
              -86.37686614540199,
              39.251024449779806
            ],
            [
              -86.37710214547143,
              39.25103044976929
            ],
            [
              -86.37782714568507,
              39.25105144973756
            ],
            [
              -86.37843514586433,
              39.2510704497112
            ],
            [
              -86.37877814596544,
              39.251081449696414
            ],
            [
              -86.37921414609352,
              39.25108944967645
            ],
            [
              -86.37958414620137,
              39.25108544965752
            ],
            [
              -86.37994214630618,
              39.25108744964029
            ],
            [
              -86.37994114630823,
              39.25111644964571
            ],
            [
              -86.37993914631475,
              39.25120444966217
            ],
            [
              -86.37993914631718,
              39.251234449667734
            ],
            [
              -86.37994714638927,
              39.252091449826665
            ],
            [
              -86.37994914639879,
              39.25220144984702
            ],
            [
              -86.37995814647998,
              39.253167450026176
            ],
            [
              -86.37997014657917,
              39.25434345024424
            ],
            [
              -86.37997314660599,
              39.25466245030339
            ],
            [
              -86.3799821466784,
              39.25552045046244
            ],
            [
              -86.38000314685264,
              39.257586450845466
            ],
            [
              -86.38000314689455,
              39.258101450941155
            ],
            [
              -86.37999914707966,
              39.26039045136683
            ],
            [
              -86.37998514717042,
              39.261555451584066
            ],
            [
              -86.38000514720184,
              39.261870451641634
            ],
            [
              -86.38010614733697,
              39.2631674518777
            ],
            [
              -86.38011414739773,
              39.26388545201074
            ],
            [
              -86.38011714741106,
              39.26403845203905
            ],
            [
              -86.38011814742379,
              39.26419145206744
            ],
            [
              -86.38013714755839,
              39.26577645236107
            ],
            [
              -86.38015314769629,
              39.267412452664345
            ],
            [
              -86.38019014790865,
              39.26988745312245
            ],
            [
              -86.3802411481994,
              39.273274453749295
            ],
            [
              -86.38026114831227,
              39.2745884539925
            ],
            [
              -86.38033214871716,
              39.279303454865
            ],
            [
              -86.38034614878548,
              39.280091455010705
            ],
            [
              -86.38044814926079,
              39.2855574560211
            ],
            [
              -86.38047114936785,
              39.28678845624866
            ],
            [
              -86.38063015011434,
              39.29537245783512
            ],
            [
              -86.38064615021932,
              39.29660145806253
            ],
            [
              -86.38064915023405,
              39.29677145809397
            ],
            [
              -86.38071515062762,
              39.3013584589425
            ],
            [
              -86.38072615069176,
              39.30210545908066
            ],
            [
              -86.38075715087234,
              39.30420645946922
            ],
            [
              -86.38082315125531,
              39.30866146029309
            ],
            [
              -86.38083015129466,
              39.30911846037757
            ],
            [
              -86.38085515141563,
              39.31051046063475
            ],
            [
              -86.38089515159898,
              39.312612461023015
            ],
            [
              -86.38099615207194,
              39.31804146202577
            ],
            [
              -86.38106215237988,
              39.32157446267824
            ],
            [
              -86.38109815254785,
              39.323500463033845
            ],
            [
              -86.38110315257356,
              39.323797463088724
            ],
            [
              -86.38116815287826,
              39.32729246373413
            ],
            [
              -86.3812951534737,
              39.33412046499476
            ],
            [
              -86.38129815349166,
              39.33432946503336
            ],
            [
              -86.38140015396563,
              39.33975946603569
            ]
          ]
        ]
      },
      "properties": {
        "OBJECTID": 2,
        "CountyCouncil": "1",
        "Council": "Council 1",
        "Rep": "Peter Iversen"
      }
    },
    {
      "type": "Feature",
      "id": 3,
      "geometry": {
        "type": "Polygon",
        "coordinates": [
          [
            [
              -86.56934520351341,
              39.27428444461031
            ],
            [
              -86.56941620353682,
              39.27431744461295
            ],
            [
              -86.5696422036171,
              39.27449244463419
            ],
            [
              -86.56968520363415,
              39.27454744464229
            ],
            [
              -86.56974120368922,
              39.27502044472724
            ],
            [
              -86.56978420370537,
              39.27506444473328
            ],
            [
              -86.56985420373562,
              39.27518444475205
            ],
            [
              -86.56986820374325,
              39.27522844475953
            ],
            [
              -86.56997420379402,
              39.27547044479919
            ],
            [
              -86.57021520388457,
              39.27571744483308
            ],
            [
              -86.57049720399203,
              39.27602544487627
            ],
            [
              -86.57057520402294,
              39.27612444489075
            ],
            [
              -86.57080820410702,
              39.27632144491578
            ],
            [
              -86.57119020424062,
              39.27659144494697
            ],
            [
              -86.57132420428553,
              39.276662444953494
            ],
            [
              -86.5714232043162,
              39.2766844449527
            ],
            [
              -86.57148020433556,
              39.276717444955956
            ],
            [
              -86.57172020440832,
              39.276750444950245
            ],
            [
              -86.5720882045143,
              39.276733444928894
            ],
            [
              -86.5726252046594,
              39.276591444876026
            ],
            [
              -86.57293620474206,
              39.276492444842255
            ],
            [
              -86.57307020477487,
              39.27641544482138
            ],
            [
              -86.57316920480194,
              39.276393444812406
            ],
            [
              -86.57382620496533,
              39.27604744471577
            ],
            [
              -86.57396020499725,
              39.27595944469283
            ],
            [
              -86.57411920503348,
              39.27583544466194
            ],
            [
              -86.57407220485742,
              39.273851444296355
            ],
            [
              -86.57407020484457,
              39.27370144426862
            ],
            [
              -86.57400920430293,
              39.26729844308412
            ],
            [
              -86.57398920412254,
              39.26516444268929
            ],
            [
              -86.57398920411256,
              39.26504244266667
            ],
            [
              -86.5739812039458,
              39.26303144229399
            ],
            [
              -86.57395720341584,
              39.25663444110846
            ],
            [
              -86.57395020323958,
              39.254502440713296
            ],
            [
              -86.57393820319011,
              39.25394044060961
            ],
            [
              -86.57390220304204,
              39.252256440298915
            ],
            [
              -86.57389020299266,
              39.25169544019543
            ],
            [
              -86.57391620288202,
              39.25024843992565
            ],
            [
              -86.57392120286583,
              39.250032439885295
            ],
            [
              -86.57382520250104,
              39.24590943912495
            ],
            [
              -86.57379220237333,
              39.24446343885823
            ],
            [
              -86.57378020225401,
              39.24304543859566
            ],
            [
              -86.57374720189722,
              39.23879343780812
            ],
            [
              -86.57373620177832,
              39.23737643754564
            ],
            [
              -86.57379120179152,
              39.2373414375364
            ],
            [
              -86.57381920179758,
              39.237315437530185
            ],
            [
              -86.57385020180129,
              39.23725043751659
            ],
            [
              -86.57385820180065,
              39.237213437509375
            ],
            [
              -86.5738652017963,
              39.237135437494516
            ],
            [
              -86.57386520178927,
              39.23704943747854
            ],
            [
              -86.57384820176128,
              39.23676743742706
            ],
            [
              -86.57383920174938,
              39.23665343740637
            ],
            [
              -86.57382020172471,
              39.23641943736383
            ],
            [
              -86.57380120168301,
              39.235976437282574
            ],
            [
              -86.57379820167904,
              39.23593843727565
            ],
            [
              -86.5737692016403,
              39.235567437208246
            ],
            [
              -86.57377320163984,
              39.235547437204325
            ],
            [
              -86.57377520162964,
              39.23541543717972
            ],
            [
              -86.57378120161978,
              39.235273437153026
            ],
            [
              -86.57376820158632,
              39.2349094370861
            ],
            [
              -86.57377020155295,
              39.23449343700881
            ],
            [
              -86.5737592015298,
              39.23424943696405
            ],
            [
              -86.57374920148503,
              39.23373643686931
            ],
            [
              -86.57375120147917,
              39.23365743685457
            ],
            [
              -86.57374120144212,
              39.233239436777446
            ],
            [
              -86.57373520143238,
              39.23314143675956
            ],
            [
              -86.5737372014141,
              39.232910436716615
            ],
            [
              -86.57372320135546,
              39.232241436593085
            ],
            [
              -86.57370620133383,
              39.232037436556055
            ],
            [
              -86.5736882013219,
              39.231955436541696
            ],
            [
              -86.57370320122004,
              39.23065343629923
            ],
            [
              -86.5737172012223,
              39.23063143629445
            ],
            [
              -86.57367920057393,
              39.22281843484573
            ],
            [
              -86.57372120036416,
              39.220095434338035
            ],
            [
              -86.57372520034045,
              39.21979043428123
            ],
            [
              -86.57381419989123,
              39.21396143319433
            ],
            [
              -86.57377019961329,
              39.21070843259228
            ],
            [
              -86.57373019935498,
              39.20768143203202
            ],
            [
              -86.57373219930008,
              39.20700043190543
            ],
            [
              -86.5737421991368,
              39.20496043152597
            ],
            [
              -86.57374619908262,
              39.204280431399454
            ],
            [
              -86.57373719903876,
              39.20377443130588
            ],
            [
              -86.5737111989077,
              39.20225843102554
            ],
            [
              -86.57370319886427,
              39.20175343093214
            ],
            [
              -86.57369419879379,
              39.20092043077783
            ],
            [
              -86.57367819865105,
              39.199224430463495
            ],
            [
              -86.57367019858353,
              39.198424430315285
            ],
            [
              -86.57366419852758,
              39.19775843019182
            ],
            [
              -86.57366319851378,
              39.19759243016104
            ],
            [
              -86.57366019848743,
              39.19727943010302
            ],
            [
              -86.5736501983534,
              39.19566942980433
            ],
            [
              -86.57364519828491,
              39.194845429651515
            ],
            [
              -86.57363319813412,
              39.19303542931574
            ],
            [
              -86.57363219812852,
              39.192970429303784
            ],
            [
              -86.5736311981188,
              39.19285442928221
            ],
            [
              -86.57361219787285,
              39.18990042873422
            ],
            [
              -86.57360019771285,
              39.187977428377486
            ],
            [
              -86.57360019757047,
              39.18622742805222
            ],
            [
              -86.57360119755181,
              39.1859944280089
            ],
            [
              -86.57360419714485,
              39.18098042707682
            ],
            [
              -86.57360619700329,
              39.179232426751774
            ],
            [
              -86.57360519693665,
              39.178416426600165
            ],
            [
              -86.57360319673703,
              39.17596842614517
            ],
            [
              -86.57360319667079,
              39.17515342599368
            ],
            [
              -86.57359219664013,
              39.1748154259314
            ],
            [
              -86.57357719659582,
              39.17432442584082
            ],
            [
              -86.57356119654861,
              39.173801425744415
            ],
            [
              -86.57355119651835,
              39.17346442568224
            ],
            [
              -86.57354919651135,
              39.17338542566768
            ],
            [
              -86.57361219652988,
              39.173387425664956
            ],
            [
              -86.57361219652331,
              39.173306425649876
            ],
            [
              -86.57361219650981,
              39.17314042561902
            ],
            [
              -86.57361919644559,
              39.17232542546717
            ],
            [
              -86.57361219641261,
              39.171944425396674
            ],
            [
              -86.57361119640898,
              39.171903425389104
            ],
            [
              -86.5736021963895,
              39.171696425351065
            ],
            [
              -86.57358519631009,
              39.17078042518158
            ],
            [
              -86.5735731962772,
              39.170418425114875
            ],
            [
              -86.57356519617136,
              39.16914442487837
            ],
            [
              -86.57356919614294,
              39.16878042481051
            ],
            [
              -86.57356919613953,
              39.16873842480269
            ],
            [
              -86.57356919612936,
              39.16861342477949
            ],
            [
              -86.57357019612633,
              39.16857242477179
            ],
            [
              -86.57357019611844,
              39.16847542475377
            ],
            [
              -86.57357219609537,
              39.168184424699575
            ],
            [
              -86.57357319608786,
              39.16808842468164
            ],
            [
              -86.57357419607304,
              39.16790242464702
            ],
            [
              -86.57357519606057,
              39.167745424617756
            ],
            [
              -86.57357819602836,
              39.16733842454196
            ],
            [
              -86.57359719601475,
              39.167102424497166
            ],
            [
              -86.57359719598526,
              39.16673942442963
            ],
            [
              -86.57359919598404,
              39.166717424425485
            ],
            [
              -86.57361019598142,
              39.166645424411506
            ],
            [
              -86.57358219589766,
              39.165715424239984
            ],
            [
              -86.57354819579508,
              39.16457442402947
            ],
            [
              -86.57338019574607,
              39.16457442403774
            ],
            [
              -86.57328619571867,
              39.16457442404236
            ],
            [
              -86.57328619571281,
              39.16450242402899
            ],
            [
              -86.57328719569563,
              39.164287423989
            ],
            [
              -86.57328819569015,
              39.16421642397568
            ],
            [
              -86.57328919566851,
              39.163946423925445
            ],
            [
              -86.57329319560401,
              39.16313742377485
            ],
            [
              -86.57329519558274,
              39.16286842372473
            ],
            [
              -86.57329619555786,
              39.16255842366702
            ],
            [
              -86.57329719554362,
              39.16237942363367
            ],
            [
              -86.57329519550014,
              39.161851423535566
            ],
            [
              -86.57329519548203,
              39.16162842349408
            ],
            [
              -86.57329519545685,
              39.161318423436484
            ],
            [
              -86.57329419544786,
              39.161211423416624
            ],
            [
              -86.5732941954257,
              39.160938423365856
            ],
            [
              -86.5732941954218,
              39.16089042335694
            ],
            [
              -86.57329419541311,
              39.16078342333702
            ],
            [
              -86.57329519537605,
              39.16032342325145
            ],
            [
              -86.57329719526464,
              39.15894442299484
            ],
            [
              -86.57329919522795,
              39.15848542290941
            ],
            [
              -86.57330219511172,
              39.15704342264108
            ],
            [
              -86.57330319509943,
              39.15688842261219
            ],
            [
              -86.57329819478647,
              39.1530514218988
            ],
            [
              -86.57328719475629,
              39.15271942183759
            ],
            [
              -86.57326819470295,
              39.15213042172896
            ],
            [
              -86.5732671946335,
              39.151278421570524
            ],
            [
              -86.57326619458647,
              39.1507024214634
            ],
            [
              -86.5732641945699,
              39.15050542142686
            ],
            [
              -86.57324419439372,
              39.14840642103738
            ],
            [
              -86.57324219437795,
              39.148219421002736
            ],
            [
              -86.57323819435294,
              39.14792542094823
            ],
            [
              -86.57324919432698,
              39.14756542088072
            ],
            [
              -86.57325119432164,
              39.147492420867046
            ],
            [
              -86.5732511943119,
              39.1473724208447
            ],
            [
              -86.57325219430116,
              39.14723642081934
            ],
            [
              -86.57325619424023,
              39.14647142067684
            ],
            [
              -86.57325819422013,
              39.14621642062931
            ],
            [
              -86.57325919419526,
              39.14590642057158
            ],
            [
              -86.57325819415556,
              39.14542042048126
            ],
            [
              -86.57325619398614,
              39.14333942009416
            ],
            [
              -86.57324519395809,
              39.14303342003781
            ],
            [
              -86.5732221938968,
              39.142360419913715
            ],
            [
              -86.57322219388689,
              39.142238419890994
            ],
            [
              -86.57322019385411,
              39.14184141981725
            ],
            [
              -86.57321619379691,
              39.14115041968887
            ],
            [
              -86.57320619359093,
              39.13864641922348
            ],
            [
              -86.57318719352716,
              39.1379284190908
            ],
            [
              -86.57318619352348,
              39.137886419083024
            ],
            [
              -86.57318319348798,
              39.13745941900371
            ],
            [
              -86.57318819343591,
              39.13679941888069
            ],
            [
              -86.57319119340661,
              39.136427418811294
            ],
            [
              -86.5731901933945,
              39.1362814187842
            ],
            [
              -86.57318819336521,
              39.135927418718396
            ],
            [
              -86.57319519328583,
              39.13492341853121
            ],
            [
              -86.57319319326945,
              39.13472841849506
            ],
            [
              -86.57319119322695,
              39.13421141839895
            ],
            [
              -86.57318919319451,
              39.133818418325895
            ],
            [
              -86.57318719315997,
              39.13339941824804
            ],
            [
              -86.57318319310758,
              39.132767418130626
            ],
            [
              -86.5731681928944,
              39.13019141765193
            ],
            [
              -86.57316419283173,
              39.129432417510856
            ],
            [
              -86.57315319274768,
              39.12843541732585
            ],
            [
              -86.57315219273394,
              39.128269417295044
            ],
            [
              -86.57312519269286,
              39.12785941722007
            ],
            [
              -86.57307819263825,
              39.12735441712836
            ],
            [
              -86.57303219259599,
              39.12699841706434
            ],
            [
              -86.57307519257789,
              39.12662041699192
            ],
            [
              -86.57318519253371,
              39.12567941681136
            ],
            [
              -86.57320719252459,
              39.12548741677451
            ],
            [
              -86.57325119250686,
              39.12511041670215
            ],
            [
              -86.57327019249544,
              39.12490141666235
            ],
            [
              -86.57330119247834,
              39.12457841660072
            ],
            [
              -86.57338319243277,
              39.12372141643718
            ],
            [
              -86.57341619241399,
              39.12337041637021
            ],
            [
              -86.5734521923933,
              39.12298541629677
            ],
            [
              -86.57341319234037,
              39.122472416203195
            ],
            [
              -86.57341619232194,
              39.122234416158754
            ],
            [
              -86.57340219225847,
              39.12150141602299
            ],
            [
              -86.57339219221063,
              39.1209464159202
            ],
            [
              -86.57338819220558,
              39.12089841591141
            ],
            [
              -86.57340019216541,
              39.12035941581049
            ],
            [
              -86.57340919213948,
              39.12000641574436
            ],
            [
              -86.57343819205128,
              39.11881341552086
            ],
            [
              -86.57343919202225,
              39.11845141545341
            ],
            [
              -86.57343619191992,
              39.11719841522029
            ],
            [
              -86.573435191864,
              39.116511415092475
            ],
            [
              -86.5734411918458,
              39.11626541504638
            ],
            [
              -86.57344219182569,
              39.11601341499935
            ],
            [
              -86.57345019176638,
              39.11525241485733
            ],
            [
              -86.57344419175932,
              39.11518641484533
            ],
            [
              -86.57341319174186,
              39.11508241482747
            ],
            [
              -86.57337819172655,
              39.11501941481745
            ],
            [
              -86.57332319170875,
              39.11499741481606
            ],
            [
              -86.57324719168479,
              39.11497541481569
            ],
            [
              -86.57317619166297,
              39.11496141481661
            ],
            [
              -86.57286919157004,
              39.11491841482368
            ],
            [
              -86.57281119155252,
              39.114911414825194
            ],
            [
              -86.57242519143678,
              39.114871414836756
            ],
            [
              -86.57193619129153,
              39.11483841485462
            ],
            [
              -86.57156919118376,
              39.11482841487081
            ],
            [
              -86.57107919104162,
              39.114837414896535
            ],
            [
              -86.57088319098479,
              39.114841414906905
            ],
            [
              -86.57065619091804,
              39.11483441491677
            ],
            [
              -86.57058219089545,
              39.11482141491796
            ],
            [
              -86.57051219087204,
              39.11478441491455
            ],
            [
              -86.57045819085828,
              39.11480841492167
            ],
            [
              -86.57029919081808,
              39.1148844149436
            ],
            [
              -86.5702471908049,
              39.11490941495081
            ],
            [
              -86.56989919070315,
              39.11490541496718
            ],
            [
              -86.56885619039834,
              39.114896415016766
            ],
            [
              -86.56850919029694,
              39.11489341503326
            ],
            [
              -86.56805619016555,
              39.11490141505699
            ],
            [
              -86.56789819011972,
              39.11490441506529
            ],
            [
              -86.56679518979809,
              39.114903415119315
            ],
            [
              -86.56670018977049,
              39.114904415124165
            ],
            [
              -86.56659518974008,
              39.11490741512988
            ],
            [
              -86.56642518969124,
              39.11491641513993
            ],
            [
              -86.56626918964703,
              39.11493141515036
            ],
            [
              -86.56624918964143,
              39.11493441515194
            ],
            [
              -86.56620318962851,
              39.1149404151553
            ],
            [
              -86.56612718960722,
              39.11495141516106
            ],
            [
              -86.5660691895912,
              39.114962415165984
            ],
            [
              -86.56602518957921,
              39.11497241516999
            ],
            [
              -86.56579818951772,
              39.11503041519195
            ],
            [
              -86.56547218943075,
              39.115130415226574
            ],
            [
              -86.56513518934084,
              39.115233415262324
            ],
            [
              -86.5649141892819,
              39.11530141528584
            ],
            [
              -86.56511018935194,
              39.11546041530581
            ],
            [
              -86.56519018938054,
              39.115525415313996
            ],
            [
              -86.5656821895593,
              39.11596241537118
            ],
            [
              -86.56587218962841,
              39.11613141539332
            ],
            [
              -86.56592018964588,
              39.11617441539898
            ],
            [
              -86.56613718972591,
              39.11638141542686
            ],
            [
              -86.56640918982609,
              39.116639415461485
            ],
            [
              -86.5669391900201,
              39.11712741552633
            ],
            [
              -86.56700319004354,
              39.11718641553419
            ],
            [
              -86.56719919011672,
              39.11738441556138
            ],
            [
              -86.56699319007133,
              39.11756541560519
            ],
            [
              -86.56607618973338,
              39.11669341548793
            ],
            [
              -86.56552818953202,
              39.11617941541915
            ],
            [
              -86.56519218940913,
              39.1158714153783
            ],
            [
              -86.56467418921747,
              39.1153694153103
            ],
            [
              -86.56441318914783,
              39.115449415337984
            ],
            [
              -86.56424218910183,
              39.115497415355364
            ],
            [
              -86.56415218907705,
              39.115515415363106
            ],
            [
              -86.56411918906812,
              39.11552341536625
            ],
            [
              -86.56402818904215,
              39.115530415372
            ],
            [
              -86.56392818901239,
              39.11552241537544
            ],
            [
              -86.56382618898132,
              39.11550641537746
            ],
            [
              -86.56374318895548,
              39.11548641537781
            ],
            [
              -86.56367318893281,
              39.115458415376054
            ],
            [
              -86.56358318890317,
              39.115416415372636
            ],
            [
              -86.56348418887005,
              39.11536341536766
            ],
            [
              -86.56280818864576,
              39.115027415338304
            ],
            [
              -86.56264818859394,
              39.11496341533424
            ],
            [
              -86.56259518857675,
              39.11494241533291
            ],
            [
              -86.56247818853998,
              39.1149094153325
            ],
            [
              -86.56233418849577,
              39.114881415334374
            ],
            [
              -86.56215918844319,
              39.114862415339424
            ],
            [
              -86.56211918843135,
              39.114860415341006
            ],
            [
              -86.56199218839389,
              39.11485441534616
            ],
            [
              -86.56147418824237,
              39.114848415370496
            ],
            [
              -86.5608531880609,
              39.11484341540003
            ],
            [
              -86.55953918767628,
              39.11482441546109
            ],
            [
              -86.5588941874875,
              39.114815415491066
            ],
            [
              -86.55847818736568,
              39.1148094155104
            ],
            [
              -86.55723118700068,
              39.114791415568284
            ],
            [
              -86.5568161868793,
              39.11478641558774
            ],
            [
              -86.55675718686201,
              39.11478541559047
            ],
            [
              -86.55658018681014,
              39.114782415598604
            ],
            [
              -86.55652118679298,
              39.114782415601496
            ],
            [
              -86.55578418657696,
              39.11476841563506
            ],
            [
              -86.55546918648487,
              39.114765415650005
            ],
            [
              -86.555045186361,
              39.11476241567024
            ],
            [
              -86.55444318618424,
              39.11474741569703
            ],
            [
              -86.55388318602047,
              39.11474141572344
            ],
            [
              -86.55231318556027,
              39.11471041579479
            ],
            [
              -86.55209918549751,
              39.1147064158045
            ],
            [
              -86.55126218525274,
              39.11469741584396
            ],
            [
              -86.55089218514449,
              39.11469241586121
            ],
            [
              -86.54978318482011,
              39.114680415913426
            ],
            [
              -86.5497661848152,
              39.11468041591425
            ],
            [
              -86.54941418471198,
              39.11467341593025
            ],
            [
              -86.54934918469286,
              39.114671415933074
            ],
            [
              -86.54915518463602,
              39.11466841594204
            ],
            [
              -86.54909118461732,
              39.114667415945
            ],
            [
              -86.54900018459064,
              39.114665415949105
            ],
            [
              -86.5485631844619,
              39.11464941596757
            ],
            [
              -86.54804018430787,
              39.1146304159897
            ],
            [
              -86.54707618402514,
              39.114610416033315
            ],
            [
              -86.5469791839969,
              39.11461041603807
            ],
            [
              -86.54645118384308,
              39.114612416064375
            ],
            [
              -86.54641818383347,
              39.114612416065995
            ],
            [
              -86.54632018380511,
              39.11461541607135
            ],
            [
              -86.54628818379587,
              39.11461641607312
            ],
            [
              -86.54611718374632,
              39.11462041608231
            ],
            [
              -86.5459201836889,
              39.11462041609198
            ],
            [
              -86.54561018359851,
              39.11462041610721
            ],
            [
              -86.5448191833665,
              39.11460341614287
            ],
            [
              -86.54460618330404,
              39.11459941615259
            ],
            [
              -86.54445318325915,
              39.114595416159304
            ],
            [
              -86.54390318309753,
              39.114580416183564
            ],
            [
              -86.5436941830363,
              39.11457641619309
            ],
            [
              -86.54207918256283,
              39.11454541626659
            ],
            [
              -86.54173118246122,
              39.114543416283304
            ],
            [
              -86.5414371823763,
              39.11455341629963
            ],
            [
              -86.54141918237113,
              39.11455441630068
            ],
            [
              -86.54066318215543,
              39.11461341634877
            ],
            [
              -86.54064518215026,
              39.11461441634982
            ],
            [
              -86.54058818213382,
              39.114616416353
            ],
            [
              -86.54036418206923,
              39.114625416365705
            ],
            [
              -86.54029018204798,
              39.11462941637008
            ],
            [
              -86.54021218202546,
              39.11463241637447
            ],
            [
              -86.54019618202078,
              39.11463241637525
            ],
            [
              -86.53991418193907,
              39.114638416390186
            ],
            [
              -86.5398211819121,
              39.11464041639513
            ],
            [
              -86.53980618193151,
              39.114934416450666
            ],
            [
              -86.53979918194105,
              39.115077416477604
            ],
            [
              -86.53974018196638,
              39.115603416578466
            ],
            [
              -86.53972018197769,
              39.11581541661897
            ],
            [
              -86.53969418199391,
              39.11610941667498
            ],
            [
              -86.539663182012,
              39.11644441673891
            ],
            [
              -86.53965718201593,
              39.11651441675223
            ],
            [
              -86.53953318205062,
              39.11739041692147
            ],
            [
              -86.53952818205354,
              39.11744441693174
            ],
            [
              -86.53950018207257,
              39.11778041699569
            ],
            [
              -86.53949618207412,
              39.117814417002194
            ],
            [
              -86.53948818208006,
              39.117916417021604
            ],
            [
              -86.53948618208231,
              39.11795141702825
            ],
            [
              -86.53946518208913,
              39.11811141705908
            ],
            [
              -86.53944218209747,
              39.11829741709482
            ],
            [
              -86.53940918211167,
              39.118591417151194
            ],
            [
              -86.53939218211973,
              39.118752417181994
            ],
            [
              -86.5393581821347,
              39.11906041724105
            ],
            [
              -86.53925718218005,
              39.11998441741807
            ],
            [
              -86.5392521821828,
              39.120036417427976
            ],
            [
              -86.53923218219786,
              39.12029441747704
            ],
            [
              -86.53923018221428,
              39.12050441751622
            ],
            [
              -86.53922218221555,
              39.12054941752498
            ],
            [
              -86.53919918222147,
              39.120705417555186
            ],
            [
              -86.53918418224944,
              39.121104417630235
            ],
            [
              -86.53915218225083,
              39.12123741765652
            ],
            [
              -86.53914818225275,
              39.121275417663796
            ],
            [
              -86.53914818225581,
              39.1213134176709
            ],
            [
              -86.53915318227807,
              39.121570417718495
            ],
            [
              -86.53893418221224,
              39.12154641772475
            ],
            [
              -86.53862318212047,
              39.12153241773747
            ],
            [
              -86.5383141820301,
              39.12152941775204
            ],
            [
              -86.53810518196902,
              39.12152741776194
            ],
            [
              -86.53804418195112,
              39.12152641776475
            ],
            [
              -86.53800518193974,
              39.12152641776667
            ],
            [
              -86.5378641818983,
              39.12152241777286
            ],
            [
              -86.53780418188072,
              39.12152141777562
            ],
            [
              -86.5377431818628,
              39.12151941777825
            ],
            [
              -86.53760118182103,
              39.12151541778448
            ],
            [
              -86.53756218180963,
              39.12151541778639
            ],
            [
              -86.5375021817921,
              39.12151441778916
            ],
            [
              -86.53746618178148,
              39.121513417790766
            ],
            [
              -86.53736018175039,
              39.1215104177954
            ],
            [
              -86.53732518174014,
              39.121510417797126
            ],
            [
              -86.5370051816462,
              39.12150241781132
            ],
            [
              -86.5367031815576,
              39.121496417825036
            ],
            [
              -86.53604718136592,
              39.12149141785635
            ],
            [
              -86.53550918120746,
              39.12147241787921
            ],
            [
              -86.53530118114804,
              39.12148741789224
            ],
            [
              -86.53498818105668,
              39.12148641790743
            ],
            [
              -86.5340201807735,
              39.12147541795287
            ],
            [
              -86.53359418064893,
              39.12147141797306
            ],
            [
              -86.53350218062195,
              39.12146941797721
            ],
            [
              -86.53350418061767,
              39.121409417965914
            ],
            [
              -86.5335031806135,
              39.12136141795703
            ],
            [
              -86.53334218056646,
              39.12136041796475
            ],
            [
              -86.53234318027498,
              39.12135841801344
            ],
            [
              -86.53170718008938,
              39.12135741804448
            ],
            [
              -86.5315571800456,
              39.121356418051676
            ],
            [
              -86.53134717998527,
              39.121368418064186
            ],
            [
              -86.53134717998665,
              39.12138541806736
            ],
            [
              -86.53134717999095,
              39.121438418077226
            ],
            [
              -86.53135017999341,
              39.121457418080595
            ],
            [
              -86.53089817986147,
              39.12145641810261
            ],
            [
              -86.52954317946622,
              39.12145541816898
            ],
            [
              -86.52942117943066,
              39.121455418174975
            ],
            [
              -86.52941117950103,
              39.12236141834415
            ],
            [
              -86.52903717939199,
              39.12236141836252
            ],
            [
              -86.52903417942446,
              39.12277341843944
            ],
            [
              -86.52903217944679,
              39.123056418492205
            ],
            [
              -86.52903117946099,
              39.12323541852559
            ],
            [
              -86.52903017948901,
              39.123585418590835
            ],
            [
              -86.52856617935359,
              39.12358441861344
            ],
            [
              -86.52856917935947,
              39.1236464186248
            ],
            [
              -86.52857917937637,
              39.123819418656545
            ],
            [
              -86.52858017937915,
              39.123849418662054
            ],
            [
              -86.528578179385,
              39.123929418677086
            ],
            [
              -86.52858117940711,
              39.124191418725744
            ],
            [
              -86.52849417938164,
              39.12419041872984
            ],
            [
              -86.52840617935614,
              39.12419241873452
            ],
            [
              -86.52840217933523,
              39.123948418689274
            ],
            [
              -86.5283511793205,
              39.12395041869213
            ],
            [
              -86.52793817919893,
              39.123936418709796
            ],
            [
              -86.52716917897433,
              39.12393241874682
            ],
            [
              -86.52682117887272,
              39.12393141876372
            ],
            [
              -86.52668217883219,
              39.123931418770546
            ],
            [
              -86.52667717881998,
              39.123798418746006
            ],
            [
              -86.52667517881375,
              39.12372841873309
            ],
            [
              -86.52667817875076,
              39.12293941858601
            ],
            [
              -86.52646317868799,
              39.122938418596384
            ],
            [
              -86.52627517863306,
              39.12293741860543
            ],
            [
              -86.52588017851772,
              39.122935418624444
            ],
            [
              -86.52560717843797,
              39.122934418637676
            ],
            [
              -86.52520517832069,
              39.12293341865722
            ],
            [
              -86.52473517818336,
              39.12293041867975
            ],
            [
              -86.52438417808081,
              39.122928418696624
            ],
            [
              -86.52438417811125,
              39.123304418766615
            ],
            [
              -86.52418317805254,
              39.12330341877628
            ],
            [
              -86.52357917787596,
              39.123298418805014
            ],
            [
              -86.52294317769014,
              39.123294418835506
            ],
            [
              -86.522460177549,
              39.12329041885849
            ],
            [
              -86.52204917742881,
              39.123287418878114
            ],
            [
              -86.52204817735522,
              39.122381418709395
            ],
            [
              -86.52204817733741,
              39.122161418668455
            ],
            [
              -86.52204817732634,
              39.12202441864289
            ],
            [
              -86.52204817729324,
              39.12161541856673
            ],
            [
              -86.52204817729033,
              39.12157941856007
            ],
            [
              -86.52204817728021,
              39.12145441853675
            ],
            [
              -86.52112417701115,
              39.12145941858302
            ],
            [
              -86.52073117689679,
              39.12146241860288
            ],
            [
              -86.52010917671511,
              39.12145941863285
            ],
            [
              -86.5182451761707,
              39.12145041872271
            ],
            [
              -86.51762417598937,
              39.121447418752645
            ],
            [
              -86.51705517582383,
              39.12145241878148
            ],
            [
              -86.51684817576356,
              39.121454418792005
            ],
            [
              -86.5167581757374,
              39.12145541879662
            ],
            [
              -86.51588117548071,
              39.12144441883765
            ],
            [
              -86.51498017521872,
              39.1214544188837
            ],
            [
              -86.5145241750859,
              39.12145641890644
            ],
            [
              -86.51374917486018,
              39.121460418945226
            ],
            [
              -86.51373317488228,
              39.12179141900769
            ],
            [
              -86.51368817494972,
              39.12278741919538
            ],
            [
              -86.51367317497218,
              39.123119419257975
            ],
            [
              -86.51456717522366,
              39.12300441919267
            ],
            [
              -86.51657717578912,
              39.12274741904618
            ],
            [
              -86.51662817582063,
              39.122952419081834
            ],
            [
              -86.51682517588864,
              39.12308341909652
            ],
            [
              -86.51704417595884,
              39.12316141910033
            ],
            [
              -86.51717117599591,
              39.123161419094096
            ],
            [
              -86.51710117596295,
              39.12300641906865
            ],
            [
              -86.51701817592199,
              39.122799419034195
            ],
            [
              -86.51697517589058,
              39.12256641899292
            ],
            [
              -86.51712117593311,
              39.12256541898552
            ],
            [
              -86.51712217594927,
              39.12276141902199
            ],
            [
              -86.51712717595484,
              39.12281241903123
            ],
            [
              -86.51713517595982,
              39.122845419037006
            ],
            [
              -86.51715117596953,
              39.12290741904779
            ],
            [
              -86.51724517601417,
              39.12312041908282
            ],
            [
              -86.51748817612484,
              39.12361241916253
            ],
            [
              -86.51752417614115,
              39.12368441917416
            ],
            [
              -86.51760217617897,
              39.12387041920495
            ],
            [
              -86.51767017622065,
              39.12414041925191
            ],
            [
              -86.51767417622699,
              39.12420441926362
            ],
            [
              -86.5176801762365,
              39.12430041928126
            ],
            [
              -86.51766217625143,
              39.12454941932852
            ],
            [
              -86.51763917625321,
              39.124654419349156
            ],
            [
              -86.51751717624754,
              39.125024419424086
            ],
            [
              -86.51749517624825,
              39.125112419441564
            ],
            [
              -86.51749517625609,
              39.125209419459615
            ],
            [
              -86.5174961762576,
              39.12522441946237
            ],
            [
              -86.51752217627342,
              39.12532641948007
            ],
            [
              -86.51756517629252,
              39.125407419493044
            ],
            [
              -86.51765117632571,
              39.125507419507414
            ],
            [
              -86.51773817635619,
              39.125570419514915
            ],
            [
              -86.51782917638701,
              39.125623419520295
            ],
            [
              -86.5179151764152,
              39.12566141952317
            ],
            [
              -86.51798017643601,
              39.12568441952425
            ],
            [
              -86.5180451764562,
              39.12569941952386
            ],
            [
              -86.51882717668992,
              39.12576941949851
            ],
            [
              -86.51913317678145,
              39.125797419488684
            ],
            [
              -86.51924817681547,
              39.12580341948415
            ],
            [
              -86.51933517684135,
              39.125809419481016
            ],
            [
              -86.5195951769191,
              39.12583341947274
            ],
            [
              -86.51971117695393,
              39.125845419469236
            ],
            [
              -86.51982417698908,
              39.1258724194687
            ],
            [
              -86.51999917704356,
              39.125915419468136
            ],
            [
              -86.52009617707448,
              39.12594741946937
            ],
            [
              -86.5201601770951,
              39.12597141947069
            ],
            [
              -86.52027017713053,
              39.12601341947312
            ],
            [
              -86.5209091773371,
              39.1262624194881
            ],
            [
              -86.52102617737421,
              39.126299419489214
            ],
            [
              -86.52120417743002,
              39.12634741948941
            ],
            [
              -86.52142917749806,
              39.126377419483994
            ],
            [
              -86.52197517765819,
              39.1263884194592
            ],
            [
              -86.52214517770739,
              39.12638341944993
            ],
            [
              -86.52232217775676,
              39.126355419436045
            ],
            [
              -86.5224001777778,
              39.12633441942829
            ],
            [
              -86.52244017778801,
              39.12631641942298
            ],
            [
              -86.52246217779411,
              39.12631241942116
            ],
            [
              -86.5225201778084,
              39.12628041941233
            ],
            [
              -86.52294717791271,
              39.12603041934481
            ],
            [
              -86.52296617791583,
              39.12600041933829
            ],
            [
              -86.52303417793235,
              39.12595941932731
            ],
            [
              -86.52331317800098,
              39.125801419284194
            ],
            [
              -86.52364717808199,
              39.125599419230184
            ],
            [
              -86.52371417809798,
              39.12555541921871
            ],
            [
              -86.52377617811072,
              39.12548941920335
            ],
            [
              -86.52398217815218,
              39.125259419150424
            ],
            [
              -86.5240491781667,
              39.125197419135574
            ],
            [
              -86.52416917819511,
              39.12511541911444
            ],
            [
              -86.52441017825429,
              39.12497841907711
            ],
            [
              -86.5245121782788,
              39.12491341905999
            ],
            [
              -86.52457517829329,
              39.124865419047964
            ],
            [
              -86.524637178306,
              39.12479941903261
            ],
            [
              -86.52468617831587,
              39.12474441901994
            ],
            [
              -86.52475217832946,
              39.12467441900367
            ],
            [
              -86.52480317833859,
              39.12460341898796
            ],
            [
              -86.52494017835708,
              39.12433841893187
            ],
            [
              -86.52494617835809,
              39.12432941892991
            ],
            [
              -86.52497417836332,
              39.12429341892181
            ],
            [
              -86.52506317838291,
              39.12421441890277
            ],
            [
              -86.52515717840448,
              39.12414241888475
            ],
            [
              -86.52521317841801,
              39.124107418875454
            ],
            [
              -86.52526417843102,
              39.124084418868655
            ],
            [
              -86.5254101784695,
              39.12403341885203
            ],
            [
              -86.52547717848799,
              39.124020418846285
            ],
            [
              -86.52562717853071,
              39.12400841883672
            ],
            [
              -86.52575117856668,
              39.12400541883001
            ],
            [
              -86.52593617862044,
              39.12400341882058
            ],
            [
              -86.52604617865246,
              39.12400241881498
            ],
            [
              -86.52637917874951,
              39.12400141879844
            ],
            [
              -86.52649017878188,
              39.12400141879301
            ],
            [
              -86.52652817879286,
              39.12400041879095
            ],
            [
              -86.52664517882702,
              39.1240004187852
            ],
            [
              -86.52668417883835,
              39.124000418783304
            ],
            [
              -86.5266851788405,
              39.12402341878753
            ],
            [
              -86.52669017884774,
              39.124094418800496
            ],
            [
              -86.52669217885027,
              39.124118418804855
            ],
            [
              -86.5267071788737,
              39.124354418848085
            ],
            [
              -86.52670717887817,
              39.124409418858306
            ],
            [
              -86.52671717895201,
              39.12528541902096
            ],
            [
              -86.52672117897687,
              39.12557841907531
            ],
            [
              -86.5267311790064,
              39.12590741913613
            ],
            [
              -86.52672917901762,
              39.12605341916338
            ],
            [
              -86.52672917901917,
              39.12607241916693
            ],
            [
              -86.52676717914409,
              39.12747841942691
            ],
            [
              -86.52678017918642,
              39.12795441951489
            ],
            [
              -86.526780179189,
              39.12798641952082
            ],
            [
              -86.52677917919657,
              39.12808341953898
            ],
            [
              -86.52678417920085,
              39.12811841954522
            ],
            [
              -86.52679117922725,
              39.12841941960091
            ],
            [
              -86.52679817924886,
              39.12866141964563
            ],
            [
              -86.52681417929881,
              39.12922041974893
            ],
            [
              -86.52681617936884,
              39.13007841990859
            ],
            [
              -86.5268191793871,
              39.130293419948494
            ],
            [
              -86.5268261794223,
              39.130702420024306
            ],
            [
              -86.52682717942784,
              39.13076742003636
            ],
            [
              -86.5268281794338,
              39.13083742004934
            ],
            [
              -86.52682817945106,
              39.131050420088975
            ],
            [
              -86.5268311795039,
              39.13169242020838
            ],
            [
              -86.52683217952152,
              39.13190642024815
            ],
            [
              -86.52683217953172,
              39.13203242027164
            ],
            [
              -86.52683317956277,
              39.13241242034233
            ],
            [
              -86.52683417957336,
              39.132539420365916
            ],
            [
              -86.52683717958814,
              39.132711420397804
            ],
            [
              -86.52684917963353,
              39.133228420493474
            ],
            [
              -86.52685317964871,
              39.1334014205255
            ],
            [
              -86.52685317965008,
              39.13341842052866
            ],
            [
              -86.52685417965449,
              39.133469420538106
            ],
            [
              -86.52685517965617,
              39.133486420541246
            ],
            [
              -86.52685517965746,
              39.13350242054417
            ],
            [
              -86.52685617966172,
              39.13355142055324
            ],
            [
              -86.5268571796634,
              39.13356842055637
            ],
            [
              -86.52686317967395,
              39.13367742057638
            ],
            [
              -86.52688117970577,
              39.13400542063658
            ],
            [
              -86.5268881797167,
              39.13411542065666
            ],
            [
              -86.52689617974976,
              39.134494420726845
            ],
            [
              -86.52690117976877,
              39.13471142076702
            ],
            [
              -86.52689717984212,
              39.13563142093851
            ],
            [
              -86.52689617986559,
              39.13592442099309
            ],
            [
              -86.52689617987262,
              39.13601142100931
            ],
            [
              -86.52727517998261,
              39.13600442098934
            ],
            [
              -86.52791418016815,
              39.13599442095611
            ],
            [
              -86.52841318031255,
              39.135980420928995
            ],
            [
              -86.52879318042258,
              39.135970420908485
            ],
            [
              -86.52897118047476,
              39.13597342090028
            ],
            [
              -86.5293571805879,
              39.1359804208826
            ],
            [
              -86.52950518063068,
              39.13597542087441
            ],
            [
              -86.52968318068218,
              39.13597042086475
            ],
            [
              -86.5298251807232,
              39.135965420856856
            ],
            [
              -86.52996918076508,
              39.1359644208496
            ],
            [
              -86.530827181015,
              39.13596042080666
            ],
            [
              -86.53111418109864,
              39.13595942079237
            ],
            [
              -86.53101018108863,
              39.136210420844264
            ],
            [
              -86.53084118107306,
              39.13662642092997
            ],
            [
              -86.53080118107272,
              39.136766420958
            ],
            [
              -86.53071118106291,
              39.13696942100019
            ],
            [
              -86.53067218105897,
              39.137061421019226
            ],
            [
              -86.53060718105303,
              39.13722142105221
            ],
            [
              -86.53058718105116,
              39.13727042106236
            ],
            [
              -86.53058018105062,
              39.13728942106619
            ],
            [
              -86.53051618104902,
              39.137499421108465
            ],
            [
              -86.53049518104864,
              39.1375704211227
            ],
            [
              -86.53046718104771,
              39.137660421140836
            ],
            [
              -86.53036918103956,
              39.137912421192546
            ],
            [
              -86.53036118103903,
              39.137934421197045
            ],
            [
              -86.53035718106025,
              39.13821142124879
            ],
            [
              -86.53036118106714,
              39.13828142126162
            ],
            [
              -86.53041118110707,
              39.13859442131743
            ],
            [
              -86.53049618116403,
              39.13899142138716
            ],
            [
              -86.53053818119179,
              39.13918342142088
            ],
            [
              -86.53057818121675,
              39.13934742144942
            ],
            [
              -86.53070418129518,
              39.139861421538924
            ],
            [
              -86.53079318135029,
              39.14022142160155
            ],
            [
              -86.53095818145407,
              39.140908421721285
            ],
            [
              -86.53108918153231,
              39.14140242180682
            ],
            [
              -86.53122618161376,
              39.14191442189539
            ],
            [
              -86.5313411816823,
              39.142346421970146
            ],
            [
              -86.53135318168924,
              39.14238842197739
            ],
            [
              -86.53171618189607,
              39.14363442219144
            ],
            [
              -86.53184218196765,
              39.14406442226526
            ],
            [
              -86.532007182062,
              39.14463442236329
            ],
            [
              -86.53232218224181,
              39.145719422549746
            ],
            [
              -86.53250718234652,
              39.146345422657156
            ],
            [
              -86.53267718244233,
              39.14691542275485
            ],
            [
              -86.53275418248583,
              39.1471754227995
            ],
            [
              -86.53293818258952,
              39.147792422905276
            ],
            [
              -86.53293718259661,
              39.14788342292224
            ],
            [
              -86.53296118260984,
              39.14796042293537
            ],
            [
              -86.53304318265486,
              39.14822042297974
            ],
            [
              -86.53305218265966,
              39.14824742298432
            ],
            [
              -86.53308318267814,
              39.14836342300437
            ],
            [
              -86.53320018274711,
              39.14879342307863
            ],
            [
              -86.53323918277012,
              39.148937423103554
            ],
            [
              -86.53328618279758,
              39.149106423132665
            ],
            [
              -86.5334271828798,
              39.149613423220096
            ],
            [
              -86.53347518290758,
              39.14978342324935
            ],
            [
              -86.53351918293258,
              39.14993342327512
            ],
            [
              -86.5336541830087,
              39.150386423352785
            ],
            [
              -86.53369918303406,
              39.15053742337869
            ],
            [
              -86.53372718305762,
              39.15072742341265
            ],
            [
              -86.53373918306738,
              39.15080442342641
            ],
            [
              -86.53374618307954,
              39.15092942344929
            ],
            [
              -86.53374218310888,
              39.15130542351948
            ],
            [
              -86.5337411831243,
              39.15149942355564
            ],
            [
              -86.53373918313468,
              39.15163442358087
            ],
            [
              -86.5337351831664,
              39.152040423656615
            ],
            [
              -86.53373418317713,
              39.152176423681965
            ],
            [
              -86.53373418318264,
              39.152244423694626
            ],
            [
              -86.53373518319948,
              39.15244842373253
            ],
            [
              -86.53373618320542,
              39.152517423745316
            ],
            [
              -86.53373418321864,
              39.152688423777185
            ],
            [
              -86.53373218325967,
              39.153201423872765
            ],
            [
              -86.53373118327333,
              39.15337342390483
            ],
            [
              -86.53372718328606,
              39.153544423936836
            ],
            [
              -86.53371818332529,
              39.15406042403328
            ],
            [
              -86.53371518333837,
              39.154232424065455
            ],
            [
              -86.53371118335963,
              39.15450942411717
            ],
            [
              -86.53370318342496,
              39.155343424272736
            ],
            [
              -86.53370118344692,
              39.15562142432461
            ],
            [
              -86.53369518345954,
              39.15579842435784
            ],
            [
              -86.53368118349859,
              39.15633042445748
            ],
            [
              -86.5336761835116,
              39.15650842449086
            ],
            [
              -86.5336751835224,
              39.1566454245164
            ],
            [
              -86.53366918352431,
              39.15669042452506
            ],
            [
              -86.5336611835278,
              39.15676242453884
            ],
            [
              -86.53365218355748,
              39.157160424613345
            ],
            [
              -86.53365418356448,
              39.15723942462799
            ],
            [
              -86.53366018358113,
              39.15742342466191
            ],
            [
              -86.53366218359713,
              39.15761342469713
            ],
            [
              -86.53366918364551,
              39.158184424803075
            ],
            [
              -86.53367218366188,
              39.15837542483843
            ],
            [
              -86.53367018367753,
              39.15857542487574
            ],
            [
              -86.53366518372479,
              39.15917642498784
            ],
            [
              -86.53366418374081,
              39.15937742502521
            ],
            [
              -86.53374718376512,
              39.159378425021366
            ],
            [
              -86.53399718383828,
              39.15938142500962
            ],
            [
              -86.53408118386287,
              39.15938242500568
            ],
            [
              -86.53426218391583,
              39.15938442499716
            ],
            [
              -86.53480718407528,
              39.159390424971456
            ],
            [
              -86.53498918412852,
              39.15939242496286
            ],
            [
              -86.53523418420033,
              39.15939642495155
            ],
            [
              -86.53583418437618,
              39.15940642492394
            ],
            [
              -86.5359421844076,
              39.15940542491845
            ],
            [
              -86.5359701844155,
              39.159402424916514
            ],
            [
              -86.53603418443387,
              39.15939842491258
            ],
            [
              -86.53621618448712,
              39.15940042490405
            ],
            [
              -86.53623418449233,
              39.159400424903154
            ],
            [
              -86.53629118450897,
              39.15940042490036
            ],
            [
              -86.5363101845146,
              39.15940142489961
            ],
            [
              -86.53630718454603,
              39.15979942497376
            ],
            [
              -86.53629918464063,
              39.16099442519647
            ],
            [
              -86.53629818466436,
              39.16129042525158
            ],
            [
              -86.53630118467358,
              39.161393425270624
            ],
            [
              -86.5362761846663,
              39.16139342527184
            ],
            [
              -86.53620018464414,
              39.161393425275584
            ],
            [
              -86.53617618463716,
              39.16139342527676
            ],
            [
              -86.53592818456472,
              39.161392425288774
            ],
            [
              -86.53518618434803,
              39.16138942532471
            ],
            [
              -86.53493918427591,
              39.16138842533667
            ],
            [
              -86.53479118423256,
              39.161386425343586
            ],
            [
              -86.53434918410325,
              39.16138142536442
            ],
            [
              -86.53429518408738,
              39.16138042536683
            ],
            [
              -86.53420218406026,
              39.1613804253714
            ],
            [
              -86.53419018405948,
              39.161413425378164
            ],
            [
              -86.53419618408215,
              39.16167142542584
            ],
            [
              -86.53422018416072,
              39.1625534255888
            ],
            [
              -86.53422818418696,
              39.16284842564327
            ],
            [
              -86.53423218421673,
              39.16320042570852
            ],
            [
              -86.53423518423303,
              39.16339042574375
            ],
            [
              -86.53425418429158,
              39.164043425864286
            ],
            [
              -86.53424718430678,
              39.164256425904235
            ],
            [
              -86.53424518431139,
              39.16432042591623
            ],
            [
              -86.53363318413312,
              39.164323425946904
            ],
            [
              -86.53237518376662,
              39.16432942600988
            ],
            [
              -86.53110418339637,
              39.16433542607354
            ],
            [
              -86.52984618302979,
              39.164340426136334
            ],
            [
              -86.52919018283876,
              39.16434442616932
            ],
            [
              -86.52847118262923,
              39.164347426205225
            ],
            [
              -86.52821818255556,
              39.16434942621804
            ],
            [
              -86.52776418242335,
              39.16435242624092
            ],
            [
              -86.52760818237664,
              39.16433742624585
            ],
            [
              -86.52730618228749,
              39.16432442625824
            ],
            [
              -86.52691018217115,
              39.16431442627589
            ],
            [
              -86.52691918227474,
              39.16555842650686
            ],
            [
              -86.52692118229139,
              39.16575642654359
            ],
            [
              -86.52692718234141,
              39.16635142665397
            ],
            [
              -86.52692918235815,
              39.16655042669092
            ],
            [
              -86.52693218237476,
              39.16674442672686
            ],
            [
              -86.5269411824249,
              39.16732942683525
            ],
            [
              -86.5269441824416,
              39.16752442687134
            ],
            [
              -86.52694318245219,
              39.167658426896324
            ],
            [
              -86.52694418245758,
              39.167721426907995
            ],
            [
              -86.52694918247795,
              39.16795442695108
            ],
            [
              -86.52695618250901,
              39.16831242701733
            ],
            [
              -86.52696018252624,
              39.1685094270538
            ],
            [
              -86.52672518245755,
              39.16850842706518
            ],
            [
              -86.52602018225183,
              39.168507427099655
            ],
            [
              -86.52578518218323,
              39.16850742711123
            ],
            [
              -86.52555518211607,
              39.16850642712236
            ],
            [
              -86.52486518191455,
              39.16850342715574
            ],
            [
              -86.52463518184733,
              39.16850242716687
            ],
            [
              -86.52440518177998,
              39.16849942717762
            ],
            [
              -86.52371818157894,
              39.168491427209894
            ],
            [
              -86.52348918151193,
              39.16848942722077
            ],
            [
              -86.52349018152829,
              39.16868742725758
            ],
            [
              -86.52349318157766,
              39.169284427368495
            ],
            [
              -86.5234951815944,
              39.169483427405375
            ],
            [
              -86.5237241816612,
              39.16948342739413
            ],
            [
              -86.5238191816889,
              39.16948342738945
            ],
            [
              -86.52441118186177,
              39.1694854273607
            ],
            [
              -86.52464118192898,
              39.169486427349625
            ],
            [
              -86.52486918199558,
              39.169487427338595
            ],
            [
              -86.52555518219593,
              39.16949042730541
            ],
            [
              -86.52578418226281,
              39.16949142729433
            ],
            [
              -86.52602018233178,
              39.16949242728291
            ],
            [
              -86.52673018253927,
              39.169497427248885
            ],
            [
              -86.52696718260862,
              39.16949942723762
            ],
            [
              -86.52696818261636,
              39.16959142725466
            ],
            [
              -86.5269711826398,
              39.16986942730627
            ],
            [
              -86.52697218264764,
              39.16996242732352
            ],
            [
              -86.52697318265588,
              39.17006042734167
            ],
            [
              -86.5269761826807,
              39.17035542739639
            ],
            [
              -86.52697818268932,
              39.17045442741468
            ],
            [
              -86.52697918270925,
              39.170696427459674
            ],
            [
              -86.52698418276994,
              39.17142542759506
            ],
            [
              -86.52698618278674,
              39.171625427632165
            ],
            [
              -86.52697218278597,
              39.17166642764044
            ],
            [
              -86.52695818278568,
              39.17171342764986
            ],
            [
              -86.52696018279696,
              39.17184442767413
            ],
            [
              -86.52696918284363,
              39.17238742777469
            ],
            [
              -86.52697218285927,
              39.172569427808384
            ],
            [
              -86.5269751828746,
              39.17274742784135
            ],
            [
              -86.52698218290932,
              39.17314942791579
            ],
            [
              -86.52698018291956,
              39.17328342794082
            ],
            [
              -86.52697818293352,
              39.17346242797421
            ],
            [
              -86.52698018294862,
              39.17364142800741
            ],
            [
              -86.5269891829949,
              39.174178428106856
            ],
            [
              -86.5269921830103,
              39.17435742813999
            ],
            [
              -86.52699418302267,
              39.174502428166846
            ],
            [
              -86.52700018305987,
              39.17493942824785
            ],
            [
              -86.5270031830726,
              39.175085428274826
            ],
            [
              -86.52726818315057,
              39.175093428263324
            ],
            [
              -86.52744818320357,
              39.175099428255564
            ],
            [
              -86.52806618338421,
              39.1751034282259
            ],
            [
              -86.52833318346238,
              39.17510642821331
            ],
            [
              -86.5286111835437,
              39.175109428200194
            ],
            [
              -86.52944818378862,
              39.175118428160715
            ],
            [
              -86.52972718387032,
              39.175122428147716
            ],
            [
              -86.53018918400552,
              39.175127428125904
            ],
            [
              -86.53080518418571,
              39.1751334280967
            ],
            [
              -86.5315761844114,
              39.17514242806048
            ],
            [
              -86.53203918454685,
              39.17514742803862
            ],
            [
              -86.53234218463528,
              39.175147428023706
            ],
            [
              -86.53325418490157,
              39.17515042797938
            ],
            [
              -86.53355818499035,
              39.17515142796461
            ],
            [
              -86.53355418500237,
              39.175314427995104
            ],
            [
              -86.53354418503943,
              39.17580642808711
            ],
            [
              -86.5335411850519,
              39.175970428117736
            ],
            [
              -86.53353818506548,
              39.17614842815101
            ],
            [
              -86.53353118510685,
              39.17668342825085
            ],
            [
              -86.53352918512081,
              39.17686242828423
            ],
            [
              -86.53352618513449,
              39.17704142831767
            ],
            [
              -86.53351918517635,
              39.17758142841844
            ],
            [
              -86.53351718519038,
              39.17776142845201
            ],
            [
              -86.53351418520957,
              39.17800842849808
            ],
            [
              -86.5335061852674,
              39.178749428636294
            ],
            [
              -86.53350418528696,
              39.178997428682514
            ],
            [
              -86.53325018521255,
              39.178993428694284
            ],
            [
              -86.53308618516455,
              39.17899142870197
            ],
            [
              -86.53248818498949,
              39.17898442873007
            ],
            [
              -86.53223418491525,
              39.178982428742195
            ],
            [
              -86.53198218484157,
              39.17898042875424
            ],
            [
              -86.53122718462105,
              39.17897742879083
            ],
            [
              -86.53097618454775,
              39.178976428803004
            ],
            [
              -86.52970118417599,
              39.178979428866285
            ],
            [
              -86.52960118414481,
              39.178954428866575
            ],
            [
              -86.52868118387852,
              39.17898042891667
            ],
            [
              -86.52860918385784,
              39.17898442892095
            ],
            [
              -86.52833118377929,
              39.17901642894061
            ],
            [
              -86.52806418370307,
              39.17903642895746
            ],
            [
              -86.52789218365359,
              39.179045428967584
            ],
            [
              -86.52775218361285,
              39.17904642897466
            ],
            [
              -86.52741618351311,
              39.179025428987295
            ],
            [
              -86.5270591834091,
              39.17902742900521
            ],
            [
              -86.52600918310281,
              39.179028429057055
            ],
            [
              -86.52361118240434,
              39.17904242917767
            ],
            [
              -86.52338918233957,
              39.17904242918859
            ],
            [
              -86.52276718215813,
              39.17904342921937
            ],
            [
              -86.52272518214573,
              39.17904142922108
            ],
            [
              -86.52250418208047,
              39.179031429230065
            ],
            [
              -86.52222318199838,
              39.179030429243696
            ],
            [
              -86.52138118175273,
              39.179030429285135
            ],
            [
              -86.521101181671,
              39.179030429298905
            ],
            [
              -86.52067618154717,
              39.179032429320166
            ],
            [
              -86.51940418117661,
              39.179039429384076
            ],
            [
              -86.51911418109216,
              39.17904142939872
            ],
            [
              -86.51898318105198,
              39.17901742940071
            ],
            [
              -86.51908618114841,
              39.17983442954756
            ],
            [
              -86.51909518116149,
              39.17996342957113
            ],
            [
              -86.51915118123877,
              39.18071342970785
            ],
            [
              -86.51916918136676,
              39.18222442998796
            ],
            [
              -86.51918218141886,
              39.18281943009801
            ],
            [
              -86.51919318146003,
              39.18328643018427
            ],
            [
              -86.51918918149829,
              39.183772430274864
            ],
            [
              -86.51920018151517,
              39.18394043030554
            ],
            [
              -86.51919818152712,
              39.184094430334284
            ],
            [
              -86.51920518154124,
              39.184243430361676
            ],
            [
              -86.51920818154682,
              39.184301430372344
            ],
            [
              -86.51923918157807,
              39.18457443042158
            ],
            [
              -86.5193111816276,
              39.18492543048326
            ],
            [
              -86.51937018165769,
              39.18508443050993
            ],
            [
              -86.51944118169014,
              39.185228430533236
            ],
            [
              -86.51948218170988,
              39.18532443054905
            ],
            [
              -86.51961218176885,
              39.1855834305908
            ],
            [
              -86.51962418177433,
              39.18560743059472
            ],
            [
              -86.519801181851,
              39.18591543064325
            ],
            [
              -86.51981818186032,
              39.18596943065249
            ],
            [
              -86.51981918186335,
              39.18600343065874
            ],
            [
              -86.52028718200472,
              39.1860624306467
            ],
            [
              -86.52093818220142,
              39.186145430630056
            ],
            [
              -86.5214661823595,
              39.186194430613234
            ],
            [
              -86.52169618242799,
              39.18621143060503
            ],
            [
              -86.52216818256854,
              39.186246430588334
            ],
            [
              -86.52277818274848,
              39.18627043056278
            ],
            [
              -86.52304618282709,
              39.1862754305505
            ],
            [
              -86.5234141829346,
              39.18627743053277
            ],
            [
              -86.5250421834104,
              39.18628743045454
            ],
            [
              -86.5271541840272,
              39.18629443035187
            ],
            [
              -86.52840118439148,
              39.18629943029143
            ],
            [
              -86.52846918442579,
              39.18647743032117
            ],
            [
              -86.52847118443465,
              39.18657943034007
            ],
            [
              -86.5284851844829,
              39.187123430440515
            ],
            [
              -86.5284891845113,
              39.187458430502595
            ],
            [
              -86.5284941845367,
              39.18775243055703
            ],
            [
              -86.52849618456929,
              39.188146430630155
            ],
            [
              -86.52850018460875,
              39.18861743071753
            ],
            [
              -86.5285081846408,
              39.18898343078518
            ],
            [
              -86.5285101846695,
              39.18932943084943
            ],
            [
              -86.52851218468355,
              39.18949443087999
            ],
            [
              -86.52852418470563,
              39.189723430921966
            ],
            [
              -86.52852618473199,
              39.19004043098081
            ],
            [
              -86.52853118478473,
              39.190671431097876
            ],
            [
              -86.52853718481016,
              39.19096243115169
            ],
            [
              -86.52853618481232,
              39.19099243115734
            ],
            [
              -86.52853518483023,
              39.19121643119904
            ],
            [
              -86.5285421848399,
              39.191310431216166
            ],
            [
              -86.52854018485176,
              39.19146343124472
            ],
            [
              -86.52853418488753,
              39.19192543133089
            ],
            [
              -86.52853318489976,
              39.192079431359566
            ],
            [
              -86.52854518492377,
              39.192331431405826
            ],
            [
              -86.52854818496708,
              39.1928534315027
            ],
            [
              -86.52855318502333,
              39.19352743162775
            ],
            [
              -86.5285381851486,
              39.19512143192482
            ],
            [
              -86.52853818515324,
              39.19517843193545
            ],
            [
              -86.52854118521721,
              39.195954432079525
            ],
            [
              -86.52854218525913,
              39.19646643217466
            ],
            [
              -86.52854318527756,
              39.19668943221606
            ],
            [
              -86.52853918534397,
              39.19752043237075
            ],
            [
              -86.52854418538479,
              39.198004432460436
            ],
            [
              -86.52855018542824,
              39.198517432555505
            ],
            [
              -86.52853818547504,
              39.19913543267096
            ],
            [
              -86.52853718548336,
              39.19924143269072
            ],
            [
              -86.52853518551939,
              39.199691432774465
            ],
            [
              -86.52854318552716,
              39.199758432786524
            ],
            [
              -86.52857118554392,
              39.199864432804866
            ],
            [
              -86.52874218562931,
              39.200300432877455
            ],
            [
              -86.5287681856434,
              39.20038043289109
            ],
            [
              -86.52879118565987,
              39.20050043291224
            ],
            [
              -86.52879818567116,
              39.200614432933065
            ],
            [
              -86.52875918568694,
              39.20094843299707
            ],
            [
              -86.52876118569117,
              39.20099243300517
            ],
            [
              -86.52877118569788,
              39.2010394330134
            ],
            [
              -86.52880118571262,
              39.20111343302567
            ],
            [
              -86.52886318574018,
              39.20122943304416
            ],
            [
              -86.52892918576757,
              39.201329433059534
            ],
            [
              -86.52898418579147,
              39.20142643307483
            ],
            [
              -86.52902718581565,
              39.20156943309929
            ],
            [
              -86.52903518582325,
              39.201633433110786
            ],
            [
              -86.52902818582922,
              39.20173243312956
            ],
            [
              -86.52901118583448,
              39.2018574331536
            ],
            [
              -86.52897818583872,
              39.202028433187024
            ],
            [
              -86.52890818583734,
              39.20226243323393
            ],
            [
              -86.52890718584787,
              39.20239543325871
            ],
            [
              -86.52893118586684,
              39.20254243328489
            ],
            [
              -86.52900618591286,
              39.20283943333637
            ],
            [
              -86.52900818591715,
              39.202884433344636
            ],
            [
              -86.52901018591903,
              39.20290043334754
            ],
            [
              -86.52900418592286,
              39.20296943336065
            ],
            [
              -86.52891718591951,
              39.2032404334153
            ],
            [
              -86.52886618591563,
              39.203375433442915
            ],
            [
              -86.52883718591671,
              39.203492433466074
            ],
            [
              -86.52882318592025,
              39.20358643348421
            ],
            [
              -86.52881618592667,
              39.20369043350391
            ],
            [
              -86.52882918594311,
              39.20384543353209
            ],
            [
              -86.52886718596433,
              39.20397043355342
            ],
            [
              -86.52909618606783,
              39.204421433625946
            ],
            [
              -86.52912318608145,
              39.204491433637635
            ],
            [
              -86.52915318609841,
              39.204592433654945
            ],
            [
              -86.52917818611603,
              39.20471943367728
            ],
            [
              -86.5291931861302,
              39.204839433698886
            ],
            [
              -86.52918918613831,
              39.20495343372028
            ],
            [
              -86.52917518613964,
              39.2050204337334
            ],
            [
              -86.52914918613727,
              39.2050844337466
            ],
            [
              -86.5291121861311,
              39.20514143375898
            ],
            [
              -86.5290621861206,
              39.20519143377072
            ],
            [
              -86.52899518610519,
              39.20524243378355
            ],
            [
              -86.5289091860848,
              39.205300433798534
            ],
            [
              -86.52879018605677,
              39.20538243381964
            ],
            [
              -86.52872918604464,
              39.205452433835646
            ],
            [
              -86.52870418604142,
              39.20550243384616
            ],
            [
              -86.52868118604172,
              39.20558843386329
            ],
            [
              -86.5286761860441,
              39.20563543387227
            ],
            [
              -86.52867218607938,
              39.20608343395572
            ],
            [
              -86.5286721860811,
              39.20610443395962
            ],
            [
              -86.5286781861127,
              39.20647143402753
            ],
            [
              -86.52869618619218,
              39.20738343419616
            ],
            [
              -86.52870918621662,
              39.20763743424269
            ],
            [
              -86.52872918625411,
              39.208026434314
            ],
            [
              -86.52881718628265,
              39.20806143431618
            ],
            [
              -86.52886018629626,
              39.20807443431644
            ],
            [
              -86.52898418633566,
              39.20811443431779
            ],
            [
              -86.52906718636137,
              39.20813243431705
            ],
            [
              -86.52918618639771,
              39.20815243431491
            ],
            [
              -86.52927218642363,
              39.2081624343125
            ],
            [
              -86.52930118643246,
              39.20816643431187
            ],
            [
              -86.52941318646586,
              39.208175434308004
            ],
            [
              -86.52998218663328,
              39.208192434283134
            ],
            [
              -86.53056818680427,
              39.20819243425427
            ],
            [
              -86.53076918686219,
              39.20818343424267
            ],
            [
              -86.53094518691258,
              39.2081714342318
            ],
            [
              -86.53110318695869,
              39.20817143422401
            ],
            [
              -86.53151618707952,
              39.208175434204406
            ],
            [
              -86.53227818730268,
              39.208185434168705
            ],
            [
              -86.53237418732888,
              39.20816343415989
            ],
            [
              -86.53256818738454,
              39.20815143414813
            ],
            [
              -86.53270218741852,
              39.208088434129806
            ],
            [
              -86.53273318743202,
              39.20814343413847
            ],
            [
              -86.5328361874616,
              39.20813743413231
            ],
            [
              -86.533262187587,
              39.20815143411394
            ],
            [
              -86.53454218796418,
              39.20819643405924
            ],
            [
              -86.53496918808997,
              39.20821143404102
            ],
            [
              -86.53497818809801,
              39.208277434052775
            ],
            [
              -86.53498518810402,
              39.208326434061576
            ],
            [
              -86.53501418812468,
              39.208476434088
            ],
            [
              -86.53502718813387,
              39.20854243409962
            ],
            [
              -86.5351171881984,
              39.20901243418251
            ],
            [
              -86.53520418825464,
              39.209391434248666
            ],
            [
              -86.53535918834514,
              39.20994743434437
            ],
            [
              -86.53544018839243,
              39.21023843439445
            ],
            [
              -86.53578418858532,
              39.211374434588556
            ],
            [
              -86.53585718862738,
              39.21162943463232
            ],
            [
              -86.53618818881178,
              39.212708434816506
            ],
            [
              -86.53660918904798,
              39.21410043505439
            ],
            [
              -86.53702818928298,
              39.2154844352909
            ],
            [
              -86.53707718931209,
              39.215666435322284
            ],
            [
              -86.5375601895829,
              39.217261435594764
            ],
            [
              -86.53915319047587,
              39.22251643649245
            ],
            [
              -86.53917219048738,
              39.22258943650507
            ],
            [
              -86.53923019052144,
              39.222799436541194
            ],
            [
              -86.53940319061857,
              39.223372436639124
            ],
            [
              -86.53962719074018,
              39.22406243675626
            ],
            [
              -86.53970219078695,
              39.22436743680919
            ],
            [
              -86.5397161907958,
              39.22442643681948
            ],
            [
              -86.53976119082344,
              39.22460443685033
            ],
            [
              -86.53977619083273,
              39.22466443686069
            ],
            [
              -86.53994519092319,
              39.22516943694619
            ],
            [
              -86.5400901910008,
              39.225602437019454
            ],
            [
              -86.5404011911813,
              39.22670343720861
            ],
            [
              -86.54044019120383,
              39.22684043723213
            ],
            [
              -86.54053219126172,
              39.22722143729836
            ],
            [
              -86.5405551912761,
              39.227315437314665
            ],
            [
              -86.54056219128127,
              39.22735343732141
            ],
            [
              -86.5406391913364,
              39.22775443739211
            ],
            [
              -86.5406471913418,
              39.227792437398726
            ],
            [
              -86.5406641913547,
              39.22788943741593
            ],
            [
              -86.54069719138025,
              39.22808443745049
            ],
            [
              -86.54071919139653,
              39.2282054374719
            ],
            [
              -86.54076519143734,
              39.22854143753199
            ],
            [
              -86.54077919145215,
              39.22867343755582
            ],
            [
              -86.54080119147463,
              39.22887043759133
            ],
            [
              -86.54082219149625,
              39.22906043762562
            ],
            [
              -86.54084119152463,
              39.22934043767665
            ],
            [
              -86.54084819153506,
              39.22944343769546
            ],
            [
              -86.5408641915664,
              39.229770437755384
            ],
            [
              -86.54086719160078,
              39.23018143783154
            ],
            [
              -86.54086219163007,
              39.23055843790181
            ],
            [
              -86.54085319164369,
              39.230757437939225
            ],
            [
              -86.5408481916527,
              39.23088643796344
            ],
            [
              -86.54082619167424,
              39.23122943802821
            ],
            [
              -86.54081519167954,
              39.231333438048026
            ],
            [
              -86.54079919168846,
              39.23150043807986
            ],
            [
              -86.54078019169498,
              39.23164843810825
            ],
            [
              -86.54076819170008,
              39.231753438128365
            ],
            [
              -86.54076019170306,
              39.231818438140834
            ],
            [
              -86.5407351917117,
              39.23201443817849
            ],
            [
              -86.54072819171505,
              39.23208043819109
            ],
            [
              -86.5407241917165,
              39.23211243819721
            ],
            [
              -86.54071119172059,
              39.23220943821584
            ],
            [
              -86.54070819172242,
              39.232242438222144
            ],
            [
              -86.54068219171795,
              39.2322804382305
            ],
            [
              -86.54065819171647,
              39.23234843824432
            ],
            [
              -86.5405941917252,
              39.23268443830988
            ],
            [
              -86.54052119173839,
              39.23310743839198
            ],
            [
              -86.54023319179109,
              39.23478443871762
            ],
            [
              -86.540199191794,
              39.23494143874844
            ],
            [
              -86.54009919178867,
              39.235234438807794
            ],
            [
              -86.54003819178189,
              39.23536943883587
            ],
            [
              -86.53994819176914,
              39.23553543887111
            ],
            [
              -86.53988819175991,
              39.23563643889285
            ],
            [
              -86.53986319175547,
              39.23567143890055
            ],
            [
              -86.53981119174671,
              39.23575043891781
            ],
            [
              -86.53940819168504,
              39.23643643906505
            ],
            [
              -86.53936119167696,
              39.23650543908017
            ],
            [
              -86.53922319165349,
              39.23671143912523
            ],
            [
              -86.53917719164579,
              39.236781439140486
            ],
            [
              -86.53911319163477,
              39.23687543916113
            ],
            [
              -86.53892419160286,
              39.23716043922335
            ],
            [
              -86.53886119159222,
              39.23725543924413
            ],
            [
              -86.5386651915589,
              39.237548439308206
            ],
            [
              -86.53787319142533,
              39.23874443956934
            ],
            [
              -86.53764319138669,
              39.23909343964545
            ],
            [
              -86.5364991911892,
              39.240765440012325
            ],
            [
              -86.53486619090982,
              39.24318244054167
            ],
            [
              -86.53386619073883,
              39.24466444086617
            ],
            [
              -86.53361219069457,
              39.24503044094663
            ],
            [
              -86.53301719059104,
              39.24588944113547
            ],
            [
              -86.53285419056309,
              39.246130441188264
            ],
            [
              -86.5326051905206,
              39.246500441269205
            ],
            [
              -86.53201219041796,
              39.24736344145867
            ],
            [
              -86.53139019031057,
              39.248272441658145
            ],
            [
              -86.5311331902684,
              39.24867444174547
            ],
            [
              -86.53024219011301,
              39.2499574420276
            ],
            [
              -86.53018519010318,
              39.25004044204578
            ],
            [
              -86.52965919001386,
              39.25082744221783
            ],
            [
              -86.53005019012458,
              39.25078544219075
            ],
            [
              -86.52997019011052,
              39.25089944221592
            ],
            [
              -86.52973219006923,
              39.25124444229166
            ],
            [
              -86.52965319005553,
              39.2513594423169
            ],
            [
              -86.52983119010757,
              39.25136044230831
            ],
            [
              -86.53036719026427,
              39.25136344228241
            ],
            [
              -86.5305461903167,
              39.25136544227394
            ],
            [
              -86.53224119081273,
              39.2513814421933
            ],
            [
              -86.5342301913948,
              39.25140044209868
            ],
            [
              -86.53732919230137,
              39.251425441950396
            ],
            [
              -86.5390251927975,
              39.251439441869316
            ],
            [
              -86.53940919291003,
              39.25144444185128
            ],
            [
              -86.54056319324806,
              39.25145944179707
            ],
            [
              -86.54094819336082,
              39.25146444177904
            ],
            [
              -86.54159319355178,
              39.251497441753294
            ],
            [
              -86.54228519375387,
              39.25149944171952
            ],
            [
              -86.54293419394354,
              39.251502441688025
            ],
            [
              -86.5462991949266,
              39.25151444152419
            ],
            [
              -86.54763819531786,
              39.25152044145919
            ],
            [
              -86.54908319574061,
              39.251533441390286
            ],
            [
              -86.55262419677682,
              39.251568441221956
            ],
            [
              -86.553418197009,
              39.25157344118367
            ],
            [
              -86.55486419743177,
              39.25158344111417
            ],
            [
              -86.5548321974245,
              39.251608441120396
            ],
            [
              -86.55476119740683,
              39.251646441130966
            ],
            [
              -86.55449219733192,
              39.251690441152405
            ],
            [
              -86.55383519713891,
              39.25167444118185
            ],
            [
              -86.55375819711686,
              39.251679441186575
            ],
            [
              -86.55363019708757,
              39.251778441211314
            ],
            [
              -86.5535881970771,
              39.25180044121746
            ],
            [
              -86.55349619705834,
              39.251899441240354
            ],
            [
              -86.5534111970551,
              39.25216344129357
            ],
            [
              -86.55344019709047,
              39.25249244135315
            ],
            [
              -86.55349619711217,
              39.252558441362645
            ],
            [
              -86.5537361971957,
              39.252723441381455
            ],
            [
              -86.55416719733006,
              39.25282844137962
            ],
            [
              -86.55558719775962,
              39.25301444134401
            ],
            [
              -86.5557001977962,
              39.25305844134659
            ],
            [
              -86.55610319793897,
              39.25336644138388
            ],
            [
              -86.55623019798773,
              39.25350944140412
            ],
            [
              -86.55624419799489,
              39.253547441410504
            ],
            [
              -86.55628719801062,
              39.25358644141562
            ],
            [
              -86.55634319803998,
              39.25374544144237
            ],
            [
              -86.55634319804938,
              39.253860441463715
            ],
            [
              -86.55631519804656,
              39.25392644147735
            ],
            [
              -86.55620219802078,
              39.25401444149924
            ],
            [
              -86.55610319799639,
              39.25406944151432
            ],
            [
              -86.55596219796064,
              39.25413544153355
            ],
            [
              -86.55584919792857,
              39.254146441541195
            ],
            [
              -86.55529819777894,
              39.25428344159383
            ],
            [
              -86.55518419774707,
              39.254300441602616
            ],
            [
              -86.55507919772097,
              39.25435544161797
            ],
            [
              -86.55494419768876,
              39.25444344164097
            ],
            [
              -86.5547251976405,
              39.25463544168739
            ],
            [
              -86.55468319763813,
              39.254756441711955
            ],
            [
              -86.55471119766736,
              39.255014441758426
            ],
            [
              -86.55499419776525,
              39.25520144177919
            ],
            [
              -86.5550781977933,
              39.25524544178322
            ],
            [
              -86.55523419784242,
              39.25528944178369
            ],
            [
              -86.55543919790625,
              39.255338441782634
            ],
            [
              -86.55570719798718,
              39.25537144177549
            ],
            [
              -86.55624419814208,
              39.25534944174489
            ],
            [
              -86.55661219824641,
              39.25531144171972
            ],
            [
              -86.55689419832689,
              39.255289441701706
            ],
            [
              -86.55721219842277,
              39.25532744169301
            ],
            [
              -86.5573681984782,
              39.255448441707806
            ],
            [
              -86.55741719852793,
              39.25588244178591
            ],
            [
              -86.55752319859656,
              39.256343441866186
            ],
            [
              -86.55755119863707,
              39.25673944193831
            ],
            [
              -86.55750919864458,
              39.256981441985296
            ],
            [
              -86.55748719865564,
              39.25719544202607
            ],
            [
              -86.55726619863114,
              39.257684442127726
            ],
            [
              -86.55717719862126,
              39.257881442168696
            ],
            [
              -86.5571411986256,
              39.25806344220424
            ],
            [
              -86.55700719861387,
              39.25839844227302
            ],
            [
              -86.55683719862755,
              39.259172442425026
            ],
            [
              -86.55680219862317,
              39.2592444424401
            ],
            [
              -86.55676719862953,
              39.25944744247949
            ],
            [
              -86.55668219862005,
              39.25963444251841
            ],
            [
              -86.55662519860789,
              39.259689442531425
            ],
            [
              -86.5565621986011,
              39.259831442560866
            ],
            [
              -86.55652319859269,
              39.25986744256949
            ],
            [
              -86.5563921985646,
              39.25999144259893
            ],
            [
              -86.5562791985388,
              39.26007944262086
            ],
            [
              -86.55618019851428,
              39.260133442635784
            ],
            [
              -86.55586919842537,
              39.260155442655225
            ],
            [
              -86.55571419837743,
              39.26012244265672
            ],
            [
              -86.55565719835815,
              39.26009044265364
            ],
            [
              -86.55558719833684,
              39.26007944265503
            ],
            [
              -86.55544519828912,
              39.26000244264777
            ],
            [
              -86.55522619821711,
              39.25990344264019
            ],
            [
              -86.55501419814357,
              39.259760442624156
            ],
            [
              -86.55494419812136,
              39.259738442623515
            ],
            [
              -86.55457619799283,
              39.25948044259385
            ],
            [
              -86.5540321978125,
              39.25921644257171
            ],
            [
              -86.55375719771699,
              39.25902944255062
            ],
            [
              -86.55368619769447,
              39.25900744255003
            ],
            [
              -86.55350219762995,
              39.258875442534624
            ],
            [
              -86.55336119758611,
              39.25884244253542
            ],
            [
              -86.55326219755275,
              39.25878744253014
            ],
            [
              -86.55264019737349,
              39.25881544256603
            ],
            [
              -86.5524571973246,
              39.2588704425853
            ],
            [
              -86.55238619730657,
              39.2589034425949
            ],
            [
              -86.55214619725442,
              39.259122442647424
            ],
            [
              -86.5520961972493,
              39.25923844267139
            ],
            [
              -86.55211719729449,
              39.25971644275905
            ],
            [
              -86.55218119732658,
              39.25988044278628
            ],
            [
              -86.55235119739145,
              39.26006744281264
            ],
            [
              -86.55245719743367,
              39.26020544283301
            ],
            [
              -86.55283119756753,
              39.26050744287055
            ],
            [
              -86.5530001976177,
              39.260518442864274
            ],
            [
              -86.5530501976345,
              39.2605454428668
            ],
            [
              -86.55317719767297,
              39.2605624428637
            ],
            [
              -86.55359419779062,
              39.26051244283384
            ],
            [
              -86.55365819780793,
              39.26049644282769
            ],
            [
              -86.55415919794831,
              39.26042444278961
            ],
            [
              -86.55452719805568,
              39.26042444277143
            ],
            [
              -86.5548521981577,
              39.26051244277171
            ],
            [
              -86.5551341982477,
              39.26060644277521
            ],
            [
              -86.55521919827612,
              39.26065044277918
            ],
            [
              -86.55564319842136,
              39.26091344280701
            ],
            [
              -86.5558061984761,
              39.26100144281529
            ],
            [
              -86.55618719861158,
              39.26129844285156
            ],
            [
              -86.5563141986594,
              39.26143044286978
            ],
            [
              -86.5564701987202,
              39.261617442896814
            ],
            [
              -86.55666819880628,
              39.2619634429512
            ],
            [
              -86.556738198833,
              39.26204044296202
            ],
            [
              -86.556809198864,
              39.26216644298191
            ],
            [
              -86.55686519888438,
              39.26221544298822
            ],
            [
              -86.55706319895206,
              39.26233644300094
            ],
            [
              -86.55726119901699,
              39.262424443007426
            ],
            [
              -86.5574241990673,
              39.26245744300553
            ],
            [
              -86.55749419908953,
              39.26247944300616
            ],
            [
              -86.55755119910998,
              39.26252644301206
            ],
            [
              -86.5577271991732,
              39.262671443030236
            ],
            [
              -86.55773419917931,
              39.26272144303921
            ],
            [
              -86.55762119915353,
              39.26280944306114
            ],
            [
              -86.55762119915441,
              39.26282044306314
            ],
            [
              -86.55731019908612,
              39.263094443129326
            ],
            [
              -86.55728219908688,
              39.26320444315113
            ],
            [
              -86.55727519910326,
              39.26342944319321
            ],
            [
              -86.55733219913658,
              39.263633443228244
            ],
            [
              -86.55740219917043,
              39.26379744325519
            ],
            [
              -86.55747319919742,
              39.263874443266
            ],
            [
              -86.55747319920012,
              39.2639074432721
            ],
            [
              -86.55755819923215,
              39.26399544328423
            ],
            [
              -86.55789719934994,
              39.264226443310335
            ],
            [
              -86.55809519941488,
              39.26431444331689
            ],
            [
              -86.55836319949888,
              39.26438544331687
            ],
            [
              -86.55866019959281,
              39.26447344331846
            ],
            [
              -86.55899919971333,
              39.26473744335072
            ],
            [
              -86.55905619973444,
              39.26479244335813
            ],
            [
              -86.55907019975022,
              39.26493544338394
            ],
            [
              -86.55900619974675,
              39.26512144342159
            ],
            [
              -86.55896419974168,
              39.265209443440014
            ],
            [
              -86.55869519968115,
              39.265429443494135
            ],
            [
              -86.55851219963495,
              39.2655174435195
            ],
            [
              -86.55832819958395,
              39.265550443534686
            ],
            [
              -86.55790419946871,
              39.265654443574945
            ],
            [
              -86.55784719945474,
              39.26568744358385
            ],
            [
              -86.55776319943116,
              39.265698443590075
            ],
            [
              -86.5576351993992,
              39.26576444360864
            ],
            [
              -86.55759319938691,
              39.26576444361071
            ],
            [
              -86.55740919934443,
              39.26590144364522
            ],
            [
              -86.55728219931683,
              39.26601744367299
            ],
            [
              -86.55715519930179,
              39.26628644372919
            ],
            [
              -86.55711919930877,
              39.26650044377063
            ],
            [
              -86.5570771992997,
              39.26653944377996
            ],
            [
              -86.55703519928964,
              39.266566443787035
            ],
            [
              -86.55704919929684,
              39.26660444379341
            ],
            [
              -86.55707719930729,
              39.26663244379719
            ],
            [
              -86.55711919935366,
              39.26704944387252
            ],
            [
              -86.5572471994144,
              39.26733544391927
            ],
            [
              -86.55728919942936,
              39.267368443923274
            ],
            [
              -86.55734619945858,
              39.26752244394905
            ],
            [
              -86.55738119948762,
              39.26775244398997
            ],
            [
              -86.557381199511,
              39.26803844404304
            ],
            [
              -86.55729619949157,
              39.26810444405948
            ],
            [
              -86.55733819950785,
              39.2681534440665
            ],
            [
              -86.55740919956045,
              39.26854344413532
            ],
            [
              -86.55749419959157,
              39.26862044414544
            ],
            [
              -86.55757219961879,
              39.26867544415176
            ],
            [
              -86.55767819965426,
              39.26873044415675
            ],
            [
              -86.5578901997188,
              39.26876344415238
            ],
            [
              -86.55799619974934,
              39.26875844414622
            ],
            [
              -86.55820019980298,
              39.2686864441228
            ],
            [
              -86.558662199929,
              39.26857844407994
            ],
            [
              -86.5587381999497,
              39.26856044407282
            ],
            [
              -86.55957120018921,
              39.26851644402351
            ],
            [
              -86.56013020035326,
              39.26852744399795
            ],
            [
              -86.56030620040063,
              39.26847844398013
            ],
            [
              -86.56050420045565,
              39.26844544396423
            ],
            [
              -86.56084420054187,
              39.268285443917776
            ],
            [
              -86.5611192006073,
              39.268104443870605
            ],
            [
              -86.56136620066951,
              39.26798344383591
            ],
            [
              -86.5614232006834,
              39.267950443827004
            ],
            [
              -86.56153620071368,
              39.26791744381528
            ],
            [
              -86.56180520078728,
              39.267857443790895
            ],
            [
              -86.56186120080095,
              39.26782444378199
            ],
            [
              -86.56193220082076,
              39.26781344377645
            ],
            [
              -86.56198820083438,
              39.26778044376754
            ],
            [
              -86.56207320085699,
              39.26775344375834
            ],
            [
              -86.56249720097574,
              39.26769244372606
            ],
            [
              -86.56258220099747,
              39.26765444371485
            ],
            [
              -86.56269520102545,
              39.26759344369793
            ],
            [
              -86.56285720106281,
              39.26747244366751
            ],
            [
              -86.56290020106728,
              39.26737344364698
            ],
            [
              -86.56285020102621,
              39.267049443589364
            ],
            [
              -86.5627732009862,
              39.26683544355344
            ],
            [
              -86.56275120097219,
              39.2667424435373
            ],
            [
              -86.56271620095431,
              39.266648443521596
            ],
            [
              -86.56268120092837,
              39.26645644348773
            ],
            [
              -86.56270920091363,
              39.26617644343438
            ],
            [
              -86.56282220093762,
              39.26606644340839
            ],
            [
              -86.56286420094719,
              39.2660334434002
            ],
            [
              -86.56331720107038,
              39.26592344335743
            ],
            [
              -86.56337320108675,
              39.26592344335466
            ],
            [
              -86.56357820114927,
              39.26595644335063
            ],
            [
              -86.5636842011789,
              39.26594044334245
            ],
            [
              -86.5640662013146,
              39.26623644337848
            ],
            [
              -86.5641362013413,
              39.26631344338928
            ],
            [
              -86.56417220135899,
              39.26640144340384
            ],
            [
              -86.5642712013987,
              39.26653344342343
            ],
            [
              -86.56431320141816,
              39.266621443437685
            ],
            [
              -86.56435520143492,
              39.26667644344579
            ],
            [
              -86.56444020149289,
              39.267082443516905
            ],
            [
              -86.56442620150591,
              39.2672914435564
            ],
            [
              -86.56444720154624,
              39.26770944363288
            ],
            [
              -86.56450420157624,
              39.26787344366047
            ],
            [
              -86.56459620162158,
              39.26809944369785
            ],
            [
              -86.56467420167627,
              39.26848944376637
            ],
            [
              -86.56468820169194,
              39.268631443791996
            ],
            [
              -86.56467420169328,
              39.26869744380493
            ],
            [
              -86.56463820168814,
              39.26876344381896
            ],
            [
              -86.56457520167653,
              39.26884644383748
            ],
            [
              -86.56439820163607,
              39.26898344387163
            ],
            [
              -86.5637122014718,
              39.26942244398694
            ],
            [
              -86.56352220142989,
              39.269587444026975
            ],
            [
              -86.56352220143889,
              39.269697444047324
            ],
            [
              -86.56359220147009,
              39.26982944406835
            ],
            [
              -86.56386120156209,
              39.2699944440857
            ],
            [
              -86.5639322015846,
              39.27001644408627
            ],
            [
              -86.56398820160362,
              39.270049444089594
            ],
            [
              -86.56429920169708,
              39.2700824440804
            ],
            [
              -86.56448320175168,
              39.2700934440733
            ],
            [
              -86.56462420178651,
              39.270016444052075
            ],
            [
              -86.56475120182179,
              39.26999444404172
            ],
            [
              -86.56500620188,
              39.26979644399239
            ],
            [
              -86.56506220189186,
              39.269741443979385
            ],
            [
              -86.56521120190216,
              39.26933544389673
            ],
            [
              -86.56530220189944,
              39.2689774438258
            ],
            [
              -86.56536620190415,
              39.26880744379114
            ],
            [
              -86.56539420190478,
              39.26871444377253
            ],
            [
              -86.56541620190711,
              39.26866444376219
            ],
            [
              -86.5657122018996,
              39.2675164435346
            ],
            [
              -86.56582520191377,
              39.267286443486306
            ],
            [
              -86.56599520194985,
              39.26712144344731
            ],
            [
              -86.56599520194716,
              39.267088443441224
            ],
            [
              -86.56635520202612,
              39.26676944336422
            ],
            [
              -86.56651820206564,
              39.26667044333782
            ],
            [
              -86.56672320212145,
              39.266621443318606
            ],
            [
              -86.56718220224997,
              39.26655544328368
            ],
            [
              -86.56723220226317,
              39.26653844327804
            ],
            [
              -86.56764820237969,
              39.266478443246335
            ],
            [
              -86.56853220263093,
              39.26639644318748
            ],
            [
              -86.5687792027003,
              39.26636344316911
            ],
            [
              -86.56887120272485,
              39.26633544315941
            ],
            [
              -86.5692172028218,
              39.26628644313322
            ],
            [
              -86.56926720283701,
              39.26629344313203
            ],
            [
              -86.56938720287323,
              39.2663084431289
            ],
            [
              -86.56958520294354,
              39.26646144314752
            ],
            [
              -86.56961320295439,
              39.266494443152226
            ],
            [
              -86.56964120297783,
              39.26668144318556
            ],
            [
              -86.56964120298325,
              39.266747443197765
            ],
            [
              -86.56956420300799,
              39.2673244433086
            ],
            [
              -86.56950720301514,
              39.2676154433654
            ],
            [
              -86.56948620301209,
              39.267653443373504
            ],
            [
              -86.56945120302039,
              39.26787944341716
            ],
            [
              -86.56937320300972,
              39.26802744344844
            ],
            [
              -86.56933820301883,
              39.268263443493964
            ],
            [
              -86.5691822030021,
              39.26861544356694
            ],
            [
              -86.56914020299433,
              39.26867044357923
            ],
            [
              -86.56912620299383,
              39.2687144435881
            ],
            [
              -86.56906220298411,
              39.268823443611474
            ],
            [
              -86.56892120297351,
              39.26919744368779
            ],
            [
              -86.56874420295644,
              39.269620443775004
            ],
            [
              -86.56870720295919,
              39.269785443807436
            ],
            [
              -86.56869520296016,
              39.26984044381823
            ],
            [
              -86.5686812029583,
              39.269867443823934
            ],
            [
              -86.56865620296804,
              39.27007544386374
            ],
            [
              -86.56858920299486,
              39.270642443972214
            ],
            [
              -86.56851820298621,
              39.27079044400319
            ],
            [
              -86.56847620297759,
              39.27083444401343
            ],
            [
              -86.56846220297798,
              39.270889444024284
            ],
            [
              -86.56827820294049,
              39.27108744407012
            ],
            [
              -86.5677622028254,
              39.271521444176116
            ],
            [
              -86.56762820279972,
              39.27168544421317
            ],
            [
              -86.56738020274535,
              39.27190544426625
            ],
            [
              -86.56718220270824,
              39.27215844432296
            ],
            [
              -86.56714020271669,
              39.27241144437193
            ],
            [
              -86.56719720277957,
              39.272976444473905
            ],
            [
              -86.56723220280733,
              39.273191444512065
            ],
            [
              -86.56738020288516,
              39.273614444583174
            ],
            [
              -86.56741620292753,
              39.27400444465375
            ],
            [
              -86.56707720289553,
              39.2748224448222
            ],
            [
              -86.56702720291287,
              39.27521244489699
            ],
            [
              -86.56707020293082,
              39.27527844490711
            ],
            [
              -86.56720420297712,
              39.2753664449168
            ],
            [
              -86.56734520302007,
              39.275388444913915
            ],
            [
              -86.5676492031034,
              39.27532244488665
            ],
            [
              -86.5677132031194,
              39.27528944487738
            ],
            [
              -86.56794620317297,
              39.27511344483321
            ],
            [
              -86.56807320320016,
              39.27499244480451
            ],
            [
              -86.5681022032023,
              39.27491544478877
            ],
            [
              -86.56813720320937,
              39.27487744478003
            ],
            [
              -86.56814420320826,
              39.274838444772435
            ],
            [
              -86.568299203241,
              39.27468544473638
            ],
            [
              -86.56832820324404,
              39.27461944472271
            ],
            [
              -86.56851120328344,
              39.27444844468193
            ],
            [
              -86.56857620329964,
              39.27441444467244
            ],
            [
              -86.5686952033282,
              39.274339444652654
            ],
            [
              -86.56876620334712,
              39.27431744464507
            ],
            [
              -86.5688222033608,
              39.274284444636166
            ],
            [
              -86.56899220340857,
              39.27426244462368
            ],
            [
              -86.56934520351341,
              39.27428444461031
            ]
          ]
        ]
      },
      "properties": {
        "OBJECTID": 3,
        "CountyCouncil": "4",
        "Council": "Council 4",
        "Rep": "Jennifer Crossley"
      }
    },
    {
      "type": "Feature",
      "id": 4,
      "geometry": {
        "type": "Polygon",
        "coordinates": [
          [
            [
              -86.46245416336518,
              39.164350429449854
            ],
            [
              -86.46247416339419,
              39.164636429502124
            ],
            [
              -86.46682916465332,
              39.164487429260525
            ],
            [
              -86.46862016517109,
              39.16442642916125
            ],
            [
              -86.47189316611735,
              39.16431442897965
            ],
            [
              -86.47210116617796,
              39.16431342896925
            ],
            [
              -86.47231316623974,
              39.16431242895866
            ],
            [
              -86.47240316626528,
              39.16430342895253
            ],
            [
              -86.47264516633406,
              39.164280428936365
            ],
            [
              -86.47284516639155,
              39.16426942892453
            ],
            [
              -86.47317316648657,
              39.164260428906715
            ],
            [
              -86.47326416651305,
              39.16425942890205
            ],
            [
              -86.47344916656695,
              39.164258428892786
            ],
            [
              -86.4735521665969,
              39.164257428887545
            ],
            [
              -86.47357816660445,
              39.164256428886084
            ],
            [
              -86.47365716662749,
              39.16425642888219
            ],
            [
              -86.47368416663534,
              39.16425642888088
            ],
            [
              -86.47420816678824,
              39.16425542885497
            ],
            [
              -86.47447116686497,
              39.16425542884205
            ],
            [
              -86.47578316724707,
              39.16424542877578
            ],
            [
              -86.47630816740008,
              39.164242428749425
            ],
            [
              -86.47642416743385,
              39.16424142874354
            ],
            [
              -86.47698516759742,
              39.16423942871557
            ],
            [
              -86.47931916827959,
              39.16425142860318
            ],
            [
              -86.4811421688109,
              39.164242428511976
            ],
            [
              -86.48120016882763,
              39.16424042850871
            ],
            [
              -86.48142316889263,
              39.16423942849757
            ],
            [
              -86.48274516927856,
              39.16424042843281
            ],
            [
              -86.48436816975237,
              39.16424242835351
            ],
            [
              -86.48445916977892,
              39.16424242834903
            ],
            [
              -86.48798117080672,
              39.164242428176
            ],
            [
              -86.48927617118402,
              39.164234428110845
            ],
            [
              -86.48956517126837,
              39.164234428096655
            ],
            [
              -86.49010717142662,
              39.1642354280702
            ],
            [
              -86.49043217152159,
              39.1642374280546
            ],
            [
              -86.4907221716064,
              39.164239428040716
            ],
            [
              -86.49084217164106,
              39.16423542803409
            ],
            [
              -86.49118617174125,
              39.16423242801664
            ],
            [
              -86.49200917198097,
              39.16422742797528
            ],
            [
              -86.49258017214692,
              39.16421842794557
            ],
            [
              -86.49304517228198,
              39.16421142792137
            ],
            [
              -86.49342217239241,
              39.164216427903774
            ],
            [
              -86.49347517240794,
              39.16421742790134
            ],
            [
              -86.49455317272269,
              39.1642194278488
            ],
            [
              -86.49493117283309,
              39.164220427830415
            ],
            [
              -86.49521717291657,
              39.16422042781635
            ],
            [
              -86.49607817316796,
              39.16422242777441
            ],
            [
              -86.4963651732518,
              39.164223427760504
            ],
            [
              -86.49641117326522,
              39.16422342775823
            ],
            [
              -86.49655117330607,
              39.16422342775136
            ],
            [
              -86.49659817331985,
              39.164224427749225
            ],
            [
              -86.49693817341915,
              39.1642254277327
            ],
            [
              -86.49796017371789,
              39.16423142768358
            ],
            [
              -86.49830117381754,
              39.16423342766719
            ],
            [
              -86.50166917480085,
              39.16424042750296
            ],
            [
              -86.50245317502994,
              39.16424442746522
            ],
            [
              -86.50264017508457,
              39.164245427456216
            ],
            [
              -86.50405517549851,
              39.16425842738906
            ],
            [
              -86.50495517576121,
              39.164259427344994
            ],
            [
              -86.50602417607357,
              39.164264427293425
            ],
            [
              -86.5062471761388,
              39.16426642728285
            ],
            [
              -86.50691717633472,
              39.164272427251014
            ],
            [
              -86.50714117640024,
              39.16427442724036
            ],
            [
              -86.50736517646529,
              39.16427042722862
            ],
            [
              -86.50804017666135,
              39.164259427193365
            ],
            [
              -86.50826517672675,
              39.164256427181755
            ],
            [
              -86.50830817673938,
              39.16425742717983
            ],
            [
              -86.50837517675924,
              39.164261427177266
            ],
            [
              -86.50843817677823,
              39.16426842717551
            ],
            [
              -86.50848217679146,
              39.16427342717427
            ],
            [
              -86.50860417682695,
              39.16427242716808
            ],
            [
              -86.5089721769343,
              39.164271427149814
            ],
            [
              -86.50909517697015,
              39.164271427143774
            ],
            [
              -86.50915817698854,
              39.164271427140676
            ],
            [
              -86.50934917704423,
              39.16427142713129
            ],
            [
              -86.50941317706292,
              39.16427142712813
            ],
            [
              -86.50947217708008,
              39.164270427125054
            ],
            [
              -86.50965317713289,
              39.16427042711616
            ],
            [
              -86.50971317715042,
              39.1642704271132
            ],
            [
              -86.50995717722155,
              39.16427042710121
            ],
            [
              -86.51068917743515,
              39.16427042706522
            ],
            [
              -86.51093417750664,
              39.16427042705318
            ],
            [
              -86.51118617757999,
              39.16426842704042
            ],
            [
              -86.51194217780044,
              39.16426642700291
            ],
            [
              -86.51219517787425,
              39.164266426990466
            ],
            [
              -86.51240217793455,
              39.1642654269801
            ],
            [
              -86.51302417811597,
              39.16426442694934
            ],
            [
              -86.51323217817664,
              39.16426442693911
            ],
            [
              -86.51342717823348,
              39.16426442692952
            ],
            [
              -86.51401317840461,
              39.1642654269009
            ],
            [
              -86.51420917846183,
              39.16426642689145
            ],
            [
              -86.51442117852388,
              39.1642684268814
            ],
            [
              -86.51463517858653,
              39.16427142687142
            ],
            [
              -86.51505817870995,
              39.16427142685064
            ],
            [
              -86.51527117877207,
              39.16427142684016
            ],
            [
              -86.51550017883883,
              39.164270426828715
            ],
            [
              -86.5158691789464,
              39.16426942681039
            ],
            [
              -86.51618717903958,
              39.16427442679568
            ],
            [
              -86.51641717910708,
              39.164279426785285
            ],
            [
              -86.51668117918419,
              39.1642804267725
            ],
            [
              -86.51742917940274,
              39.16428442673646
            ],
            [
              -86.51747617941604,
              39.164279426733216
            ],
            [
              -86.51756617944173,
              39.16427242672751
            ],
            [
              -86.51774117949263,
              39.16427042671854
            ],
            [
              -86.51802017957401,
              39.16427042670482
            ],
            [
              -86.5188571798185,
              39.16427342666423
            ],
            [
              -86.51913617989995,
              39.16427442665069
            ],
            [
              -86.51932517995499,
              39.16427342664122
            ],
            [
              -86.51989518012115,
              39.164271426612814
            ],
            [
              -86.52008518017655,
              39.16427142660347
            ],
            [
              -86.52028018023323,
              39.164268426593324
            ],
            [
              -86.52086718040408,
              39.16426342656355
            ],
            [
              -86.52106318046118,
              39.164262426553684
            ],
            [
              -86.52137618055244,
              39.164261426538104
            ],
            [
              -86.52231818082721,
              39.1642614264918
            ],
            [
              -86.5226331809191,
              39.1642614264763
            ],
            [
              -86.52328118110856,
              39.16426642644541
            ],
            [
              -86.52521618167452,
              39.164284426353575
            ],
            [
              -86.52522818167806,
              39.164284426352964
            ],
            [
              -86.5258771818676,
              39.16428742632168
            ],
            [
              -86.52691018217115,
              39.16431442627589
            ],
            [
              -86.52730618228749,
              39.16432442625824
            ],
            [
              -86.52760818237664,
              39.16433742624585
            ],
            [
              -86.52776418242335,
              39.16435242624092
            ],
            [
              -86.52821818255556,
              39.16434942621804
            ],
            [
              -86.52847118262923,
              39.164347426205225
            ],
            [
              -86.52919018283876,
              39.16434442616932
            ],
            [
              -86.52984618302979,
              39.164340426136334
            ],
            [
              -86.53110418339637,
              39.16433542607354
            ],
            [
              -86.53237518376662,
              39.16432942600988
            ],
            [
              -86.53363318413312,
              39.164323425946904
            ],
            [
              -86.53424518431139,
              39.16432042591623
            ],
            [
              -86.53424718430678,
              39.164256425904235
            ],
            [
              -86.53425418429158,
              39.164043425864286
            ],
            [
              -86.53423518423303,
              39.16339042574375
            ],
            [
              -86.53423218421673,
              39.16320042570852
            ],
            [
              -86.53422818418696,
              39.16284842564327
            ],
            [
              -86.53422018416072,
              39.1625534255888
            ],
            [
              -86.53419618408215,
              39.16167142542584
            ],
            [
              -86.53419018405948,
              39.161413425378164
            ],
            [
              -86.53420218406026,
              39.1613804253714
            ],
            [
              -86.53429518408738,
              39.16138042536683
            ],
            [
              -86.53434918410325,
              39.16138142536442
            ],
            [
              -86.53479118423256,
              39.161386425343586
            ],
            [
              -86.53493918427591,
              39.16138842533667
            ],
            [
              -86.53518618434803,
              39.16138942532471
            ],
            [
              -86.53592818456472,
              39.161392425288774
            ],
            [
              -86.53617618463716,
              39.16139342527676
            ],
            [
              -86.53620018464414,
              39.161393425275584
            ],
            [
              -86.5362761846663,
              39.16139342527184
            ],
            [
              -86.53630118467358,
              39.161393425270624
            ],
            [
              -86.53629818466436,
              39.16129042525158
            ],
            [
              -86.53629918464063,
              39.16099442519647
            ],
            [
              -86.53630718454603,
              39.15979942497376
            ],
            [
              -86.5363101845146,
              39.15940142489961
            ],
            [
              -86.53629118450897,
              39.15940042490036
            ],
            [
              -86.53623418449233,
              39.159400424903154
            ],
            [
              -86.53621618448712,
              39.15940042490405
            ],
            [
              -86.53603418443387,
              39.15939842491258
            ],
            [
              -86.5359701844155,
              39.159402424916514
            ],
            [
              -86.5359421844076,
              39.15940542491845
            ],
            [
              -86.53583418437618,
              39.15940642492394
            ],
            [
              -86.53523418420033,
              39.15939642495155
            ],
            [
              -86.53498918412852,
              39.15939242496286
            ],
            [
              -86.53480718407528,
              39.159390424971456
            ],
            [
              -86.53426218391583,
              39.15938442499716
            ],
            [
              -86.53408118386287,
              39.15938242500568
            ],
            [
              -86.53399718383828,
              39.15938142500962
            ],
            [
              -86.53374718376512,
              39.159378425021366
            ],
            [
              -86.53366418374081,
              39.15937742502521
            ],
            [
              -86.53366518372479,
              39.15917642498784
            ],
            [
              -86.53367018367753,
              39.15857542487574
            ],
            [
              -86.53367218366188,
              39.15837542483843
            ],
            [
              -86.53366918364551,
              39.158184424803075
            ],
            [
              -86.53366218359713,
              39.15761342469713
            ],
            [
              -86.53366018358113,
              39.15742342466191
            ],
            [
              -86.53365418356448,
              39.15723942462799
            ],
            [
              -86.53365218355748,
              39.157160424613345
            ],
            [
              -86.5336611835278,
              39.15676242453884
            ],
            [
              -86.53366918352431,
              39.15669042452506
            ],
            [
              -86.5336751835224,
              39.1566454245164
            ],
            [
              -86.5336761835116,
              39.15650842449086
            ],
            [
              -86.53368118349859,
              39.15633042445748
            ],
            [
              -86.53369518345954,
              39.15579842435784
            ],
            [
              -86.53370118344692,
              39.15562142432461
            ],
            [
              -86.53370318342496,
              39.155343424272736
            ],
            [
              -86.53371118335963,
              39.15450942411717
            ],
            [
              -86.53371518333837,
              39.154232424065455
            ],
            [
              -86.53371818332529,
              39.15406042403328
            ],
            [
              -86.53372718328606,
              39.153544423936836
            ],
            [
              -86.53373118327333,
              39.15337342390483
            ],
            [
              -86.53373218325967,
              39.153201423872765
            ],
            [
              -86.53373418321864,
              39.152688423777185
            ],
            [
              -86.53373618320542,
              39.152517423745316
            ],
            [
              -86.53373518319948,
              39.15244842373253
            ],
            [
              -86.53373418318264,
              39.152244423694626
            ],
            [
              -86.53373418317713,
              39.152176423681965
            ],
            [
              -86.5337351831664,
              39.152040423656615
            ],
            [
              -86.53373918313468,
              39.15163442358087
            ],
            [
              -86.5337411831243,
              39.15149942355564
            ],
            [
              -86.53374218310888,
              39.15130542351948
            ],
            [
              -86.53374618307954,
              39.15092942344929
            ],
            [
              -86.53373918306738,
              39.15080442342641
            ],
            [
              -86.53372718305762,
              39.15072742341265
            ],
            [
              -86.53369918303406,
              39.15053742337869
            ],
            [
              -86.5336541830087,
              39.150386423352785
            ],
            [
              -86.53351918293258,
              39.14993342327512
            ],
            [
              -86.53347518290758,
              39.14978342324935
            ],
            [
              -86.5334271828798,
              39.149613423220096
            ],
            [
              -86.53328618279758,
              39.149106423132665
            ],
            [
              -86.53323918277012,
              39.148937423103554
            ],
            [
              -86.53320018274711,
              39.14879342307863
            ],
            [
              -86.53308318267814,
              39.14836342300437
            ],
            [
              -86.53305218265966,
              39.14824742298432
            ],
            [
              -86.53304318265486,
              39.14822042297974
            ],
            [
              -86.53296118260984,
              39.14796042293537
            ],
            [
              -86.53293718259661,
              39.14788342292224
            ],
            [
              -86.53293818258952,
              39.147792422905276
            ],
            [
              -86.53275418248583,
              39.1471754227995
            ],
            [
              -86.53267718244233,
              39.14691542275485
            ],
            [
              -86.53250718234652,
              39.146345422657156
            ],
            [
              -86.53232218224181,
              39.145719422549746
            ],
            [
              -86.532007182062,
              39.14463442236329
            ],
            [
              -86.53184218196765,
              39.14406442226526
            ],
            [
              -86.53171618189607,
              39.14363442219144
            ],
            [
              -86.53135318168924,
              39.14238842197739
            ],
            [
              -86.5313411816823,
              39.142346421970146
            ],
            [
              -86.53122618161376,
              39.14191442189539
            ],
            [
              -86.53108918153231,
              39.14140242180682
            ],
            [
              -86.53095818145407,
              39.140908421721285
            ],
            [
              -86.53079318135029,
              39.14022142160155
            ],
            [
              -86.53070418129518,
              39.139861421538924
            ],
            [
              -86.53057818121675,
              39.13934742144942
            ],
            [
              -86.53053818119179,
              39.13918342142088
            ],
            [
              -86.53049618116403,
              39.13899142138716
            ],
            [
              -86.53041118110707,
              39.13859442131743
            ],
            [
              -86.53036118106714,
              39.13828142126162
            ],
            [
              -86.53035718106025,
              39.13821142124879
            ],
            [
              -86.53036118103903,
              39.137934421197045
            ],
            [
              -86.53036918103956,
              39.137912421192546
            ],
            [
              -86.53046718104771,
              39.137660421140836
            ],
            [
              -86.53049518104864,
              39.1375704211227
            ],
            [
              -86.53051618104902,
              39.137499421108465
            ],
            [
              -86.53058018105062,
              39.13728942106619
            ],
            [
              -86.53058718105116,
              39.13727042106236
            ],
            [
              -86.53060718105303,
              39.13722142105221
            ],
            [
              -86.53067218105897,
              39.137061421019226
            ],
            [
              -86.53071118106291,
              39.13696942100019
            ],
            [
              -86.53080118107272,
              39.136766420958
            ],
            [
              -86.53084118107306,
              39.13662642092997
            ],
            [
              -86.53101018108863,
              39.136210420844264
            ],
            [
              -86.53111418109864,
              39.13595942079237
            ],
            [
              -86.530827181015,
              39.13596042080666
            ],
            [
              -86.52996918076508,
              39.1359644208496
            ],
            [
              -86.5298251807232,
              39.135965420856856
            ],
            [
              -86.52968318068218,
              39.13597042086475
            ],
            [
              -86.52950518063068,
              39.13597542087441
            ],
            [
              -86.5293571805879,
              39.1359804208826
            ],
            [
              -86.52897118047476,
              39.13597342090028
            ],
            [
              -86.52879318042258,
              39.135970420908485
            ],
            [
              -86.52841318031255,
              39.135980420928995
            ],
            [
              -86.52791418016815,
              39.13599442095611
            ],
            [
              -86.52727517998261,
              39.13600442098934
            ],
            [
              -86.52689617987262,
              39.13601142100931
            ],
            [
              -86.52689617986559,
              39.13592442099309
            ],
            [
              -86.52689717984212,
              39.13563142093851
            ],
            [
              -86.52690117976877,
              39.13471142076702
            ],
            [
              -86.52689617974976,
              39.134494420726845
            ],
            [
              -86.5268881797167,
              39.13411542065666
            ],
            [
              -86.52688117970577,
              39.13400542063658
            ],
            [
              -86.52686317967395,
              39.13367742057638
            ],
            [
              -86.5268571796634,
              39.13356842055637
            ],
            [
              -86.52685617966172,
              39.13355142055324
            ],
            [
              -86.52685517965746,
              39.13350242054417
            ],
            [
              -86.52685517965617,
              39.133486420541246
            ],
            [
              -86.52685417965449,
              39.133469420538106
            ],
            [
              -86.52685317965008,
              39.13341842052866
            ],
            [
              -86.52685317964871,
              39.1334014205255
            ],
            [
              -86.52684917963353,
              39.133228420493474
            ],
            [
              -86.52683717958814,
              39.132711420397804
            ],
            [
              -86.52683417957336,
              39.132539420365916
            ],
            [
              -86.52683317956277,
              39.13241242034233
            ],
            [
              -86.52683217953172,
              39.13203242027164
            ],
            [
              -86.52683217952152,
              39.13190642024815
            ],
            [
              -86.5268311795039,
              39.13169242020838
            ],
            [
              -86.52682817945106,
              39.131050420088975
            ],
            [
              -86.5268281794338,
              39.13083742004934
            ],
            [
              -86.52682717942784,
              39.13076742003636
            ],
            [
              -86.5268261794223,
              39.130702420024306
            ],
            [
              -86.5268191793871,
              39.130293419948494
            ],
            [
              -86.52681617936884,
              39.13007841990859
            ],
            [
              -86.52681417929881,
              39.12922041974893
            ],
            [
              -86.52679817924886,
              39.12866141964563
            ],
            [
              -86.52679117922725,
              39.12841941960091
            ],
            [
              -86.52678417920085,
              39.12811841954522
            ],
            [
              -86.52677917919657,
              39.12808341953898
            ],
            [
              -86.526780179189,
              39.12798641952082
            ],
            [
              -86.52678017918642,
              39.12795441951489
            ],
            [
              -86.52676717914409,
              39.12747841942691
            ],
            [
              -86.52672917901917,
              39.12607241916693
            ],
            [
              -86.52672917901762,
              39.12605341916338
            ],
            [
              -86.5267311790064,
              39.12590741913613
            ],
            [
              -86.52672117897687,
              39.12557841907531
            ],
            [
              -86.52671717895201,
              39.12528541902096
            ],
            [
              -86.52670717887817,
              39.124409418858306
            ],
            [
              -86.5267071788737,
              39.124354418848085
            ],
            [
              -86.52669217885027,
              39.124118418804855
            ],
            [
              -86.52669017884774,
              39.124094418800496
            ],
            [
              -86.5266851788405,
              39.12402341878753
            ],
            [
              -86.52668417883835,
              39.124000418783304
            ],
            [
              -86.52664517882702,
              39.1240004187852
            ],
            [
              -86.52652817879286,
              39.12400041879095
            ],
            [
              -86.52649017878188,
              39.12400141879301
            ],
            [
              -86.52637917874951,
              39.12400141879844
            ],
            [
              -86.52604617865246,
              39.12400241881498
            ],
            [
              -86.52593617862044,
              39.12400341882058
            ],
            [
              -86.52575117856668,
              39.12400541883001
            ],
            [
              -86.52562717853071,
              39.12400841883672
            ],
            [
              -86.52547717848799,
              39.124020418846285
            ],
            [
              -86.5254101784695,
              39.12403341885203
            ],
            [
              -86.52526417843102,
              39.124084418868655
            ],
            [
              -86.52521317841801,
              39.124107418875454
            ],
            [
              -86.52515717840448,
              39.12414241888475
            ],
            [
              -86.52506317838291,
              39.12421441890277
            ],
            [
              -86.52497417836332,
              39.12429341892181
            ],
            [
              -86.52494617835809,
              39.12432941892991
            ],
            [
              -86.52494017835708,
              39.12433841893187
            ],
            [
              -86.52480317833859,
              39.12460341898796
            ],
            [
              -86.52475217832946,
              39.12467441900367
            ],
            [
              -86.52468617831587,
              39.12474441901994
            ],
            [
              -86.524637178306,
              39.12479941903261
            ],
            [
              -86.52457517829329,
              39.124865419047964
            ],
            [
              -86.5245121782788,
              39.12491341905999
            ],
            [
              -86.52441017825429,
              39.12497841907711
            ],
            [
              -86.52416917819511,
              39.12511541911444
            ],
            [
              -86.5240491781667,
              39.125197419135574
            ],
            [
              -86.52398217815218,
              39.125259419150424
            ],
            [
              -86.52377617811072,
              39.12548941920335
            ],
            [
              -86.52371417809798,
              39.12555541921871
            ],
            [
              -86.52364717808199,
              39.125599419230184
            ],
            [
              -86.52331317800098,
              39.125801419284194
            ],
            [
              -86.52303417793235,
              39.12595941932731
            ],
            [
              -86.52296617791583,
              39.12600041933829
            ],
            [
              -86.52294717791271,
              39.12603041934481
            ],
            [
              -86.5225201778084,
              39.12628041941233
            ],
            [
              -86.52246217779411,
              39.12631241942116
            ],
            [
              -86.52244017778801,
              39.12631641942298
            ],
            [
              -86.5224001777778,
              39.12633441942829
            ],
            [
              -86.52232217775676,
              39.126355419436045
            ],
            [
              -86.52214517770739,
              39.12638341944993
            ],
            [
              -86.52197517765819,
              39.1263884194592
            ],
            [
              -86.52142917749806,
              39.126377419483994
            ],
            [
              -86.52120417743002,
              39.12634741948941
            ],
            [
              -86.52102617737421,
              39.126299419489214
            ],
            [
              -86.5209091773371,
              39.1262624194881
            ],
            [
              -86.52027017713053,
              39.12601341947312
            ],
            [
              -86.5201601770951,
              39.12597141947069
            ],
            [
              -86.52009617707448,
              39.12594741946937
            ],
            [
              -86.51999917704356,
              39.125915419468136
            ],
            [
              -86.51982417698908,
              39.1258724194687
            ],
            [
              -86.51971117695393,
              39.125845419469236
            ],
            [
              -86.5195951769191,
              39.12583341947274
            ],
            [
              -86.51933517684135,
              39.125809419481016
            ],
            [
              -86.51924817681547,
              39.12580341948415
            ],
            [
              -86.51913317678145,
              39.125797419488684
            ],
            [
              -86.51882717668992,
              39.12576941949851
            ],
            [
              -86.5180451764562,
              39.12569941952386
            ],
            [
              -86.51798017643601,
              39.12568441952425
            ],
            [
              -86.5179151764152,
              39.12566141952317
            ],
            [
              -86.51782917638701,
              39.125623419520295
            ],
            [
              -86.51773817635619,
              39.125570419514915
            ],
            [
              -86.51765117632571,
              39.125507419507414
            ],
            [
              -86.51756517629252,
              39.125407419493044
            ],
            [
              -86.51752217627342,
              39.12532641948007
            ],
            [
              -86.5174961762576,
              39.12522441946237
            ],
            [
              -86.51749517625609,
              39.125209419459615
            ],
            [
              -86.51749517624825,
              39.125112419441564
            ],
            [
              -86.51751717624754,
              39.125024419424086
            ],
            [
              -86.51763917625321,
              39.124654419349156
            ],
            [
              -86.51766217625143,
              39.12454941932852
            ],
            [
              -86.5176801762365,
              39.12430041928126
            ],
            [
              -86.51767417622699,
              39.12420441926362
            ],
            [
              -86.51767017622065,
              39.12414041925191
            ],
            [
              -86.51760217617897,
              39.12387041920495
            ],
            [
              -86.51752417614115,
              39.12368441917416
            ],
            [
              -86.51748817612484,
              39.12361241916253
            ],
            [
              -86.51724517601417,
              39.12312041908282
            ],
            [
              -86.51715117596953,
              39.12290741904779
            ],
            [
              -86.51713517595982,
              39.122845419037006
            ],
            [
              -86.51712717595484,
              39.12281241903123
            ],
            [
              -86.51712217594927,
              39.12276141902199
            ],
            [
              -86.51712117593311,
              39.12256541898552
            ],
            [
              -86.51697517589058,
              39.12256641899292
            ],
            [
              -86.51701817592199,
              39.122799419034195
            ],
            [
              -86.51710117596295,
              39.12300641906865
            ],
            [
              -86.51717117599591,
              39.123161419094096
            ],
            [
              -86.51704417595884,
              39.12316141910033
            ],
            [
              -86.51682517588864,
              39.12308341909652
            ],
            [
              -86.51662817582063,
              39.122952419081834
            ],
            [
              -86.51657717578912,
              39.12274741904618
            ],
            [
              -86.51456717522366,
              39.12300441919267
            ],
            [
              -86.51367317497218,
              39.123119419257975
            ],
            [
              -86.51368817494972,
              39.12278741919538
            ],
            [
              -86.51373317488228,
              39.12179141900769
            ],
            [
              -86.51374917486018,
              39.121460418945226
            ],
            [
              -86.5145241750859,
              39.12145641890644
            ],
            [
              -86.51498017521872,
              39.1214544188837
            ],
            [
              -86.51588117548071,
              39.12144441883765
            ],
            [
              -86.5167581757374,
              39.12145541879662
            ],
            [
              -86.51684817576356,
              39.121454418792005
            ],
            [
              -86.51705517582383,
              39.12145241878148
            ],
            [
              -86.51762417598937,
              39.121447418752645
            ],
            [
              -86.5182451761707,
              39.12145041872271
            ],
            [
              -86.52010917671511,
              39.12145941863285
            ],
            [
              -86.52073117689679,
              39.12146241860288
            ],
            [
              -86.52112417701115,
              39.12145941858302
            ],
            [
              -86.52204817728021,
              39.12145441853675
            ],
            [
              -86.52204817729033,
              39.12157941856007
            ],
            [
              -86.52204817729324,
              39.12161541856673
            ],
            [
              -86.52204817732634,
              39.12202441864289
            ],
            [
              -86.52204817733741,
              39.122161418668455
            ],
            [
              -86.52204817735522,
              39.122381418709395
            ],
            [
              -86.52204917742881,
              39.123287418878114
            ],
            [
              -86.522460177549,
              39.12329041885849
            ],
            [
              -86.52294317769014,
              39.123294418835506
            ],
            [
              -86.52357917787596,
              39.123298418805014
            ],
            [
              -86.52418317805254,
              39.12330341877628
            ],
            [
              -86.52438417811125,
              39.123304418766615
            ],
            [
              -86.52438417808081,
              39.122928418696624
            ],
            [
              -86.52473517818336,
              39.12293041867975
            ],
            [
              -86.52520517832069,
              39.12293341865722
            ],
            [
              -86.52560717843797,
              39.122934418637676
            ],
            [
              -86.52588017851772,
              39.122935418624444
            ],
            [
              -86.52627517863306,
              39.12293741860543
            ],
            [
              -86.52646317868799,
              39.122938418596384
            ],
            [
              -86.52667817875076,
              39.12293941858601
            ],
            [
              -86.52667517881375,
              39.12372841873309
            ],
            [
              -86.52667717881998,
              39.123798418746006
            ],
            [
              -86.52668217883219,
              39.123931418770546
            ],
            [
              -86.52682117887272,
              39.12393141876372
            ],
            [
              -86.52716917897433,
              39.12393241874682
            ],
            [
              -86.52793817919893,
              39.123936418709796
            ],
            [
              -86.5283511793205,
              39.12395041869213
            ],
            [
              -86.52840217933523,
              39.123948418689274
            ],
            [
              -86.52840617935614,
              39.12419241873452
            ],
            [
              -86.52849417938164,
              39.12419041872984
            ],
            [
              -86.52858117940711,
              39.124191418725744
            ],
            [
              -86.528578179385,
              39.123929418677086
            ],
            [
              -86.52858017937915,
              39.123849418662054
            ],
            [
              -86.52857917937637,
              39.123819418656545
            ],
            [
              -86.52856917935947,
              39.1236464186248
            ],
            [
              -86.52856617935359,
              39.12358441861344
            ],
            [
              -86.52903017948901,
              39.123585418590835
            ],
            [
              -86.52903117946099,
              39.12323541852559
            ],
            [
              -86.52903217944679,
              39.123056418492205
            ],
            [
              -86.52903417942446,
              39.12277341843944
            ],
            [
              -86.52903717939199,
              39.12236141836252
            ],
            [
              -86.52941117950103,
              39.12236141834415
            ],
            [
              -86.52942117943066,
              39.121455418174975
            ],
            [
              -86.52954317946622,
              39.12145541816898
            ],
            [
              -86.53089817986147,
              39.12145641810261
            ],
            [
              -86.53135017999341,
              39.121457418080595
            ],
            [
              -86.53134717999095,
              39.121438418077226
            ],
            [
              -86.53134717998665,
              39.12138541806736
            ],
            [
              -86.53134717998527,
              39.121368418064186
            ],
            [
              -86.5315571800456,
              39.121356418051676
            ],
            [
              -86.53170718008938,
              39.12135741804448
            ],
            [
              -86.53234318027498,
              39.12135841801344
            ],
            [
              -86.53334218056646,
              39.12136041796475
            ],
            [
              -86.5335031806135,
              39.12136141795703
            ],
            [
              -86.53350418061767,
              39.121409417965914
            ],
            [
              -86.53350218062195,
              39.12146941797721
            ],
            [
              -86.53359418064893,
              39.12147141797306
            ],
            [
              -86.5340201807735,
              39.12147541795287
            ],
            [
              -86.53498818105668,
              39.12148641790743
            ],
            [
              -86.53530118114804,
              39.12148741789224
            ],
            [
              -86.53550918120746,
              39.12147241787921
            ],
            [
              -86.53604718136592,
              39.12149141785635
            ],
            [
              -86.5367031815576,
              39.121496417825036
            ],
            [
              -86.5370051816462,
              39.12150241781132
            ],
            [
              -86.53732518174014,
              39.121510417797126
            ],
            [
              -86.53736018175039,
              39.1215104177954
            ],
            [
              -86.53746618178148,
              39.121513417790766
            ],
            [
              -86.5375021817921,
              39.12151441778916
            ],
            [
              -86.53756218180963,
              39.12151541778639
            ],
            [
              -86.53760118182103,
              39.12151541778448
            ],
            [
              -86.5377431818628,
              39.12151941777825
            ],
            [
              -86.53780418188072,
              39.12152141777562
            ],
            [
              -86.5378641818983,
              39.12152241777286
            ],
            [
              -86.53800518193974,
              39.12152641776667
            ],
            [
              -86.53804418195112,
              39.12152641776475
            ],
            [
              -86.53810518196902,
              39.12152741776194
            ],
            [
              -86.5383141820301,
              39.12152941775204
            ],
            [
              -86.53862318212047,
              39.12153241773747
            ],
            [
              -86.53893418221224,
              39.12154641772475
            ],
            [
              -86.53915318227807,
              39.121570417718495
            ],
            [
              -86.53914818225581,
              39.1213134176709
            ],
            [
              -86.53914818225275,
              39.121275417663796
            ],
            [
              -86.53915218225083,
              39.12123741765652
            ],
            [
              -86.53918418224944,
              39.121104417630235
            ],
            [
              -86.53919918222147,
              39.120705417555186
            ],
            [
              -86.53922218221555,
              39.12054941752498
            ],
            [
              -86.53923018221428,
              39.12050441751622
            ],
            [
              -86.53923218219786,
              39.12029441747704
            ],
            [
              -86.5392521821828,
              39.120036417427976
            ],
            [
              -86.53925718218005,
              39.11998441741807
            ],
            [
              -86.5393581821347,
              39.11906041724105
            ],
            [
              -86.53939218211973,
              39.118752417181994
            ],
            [
              -86.53940918211167,
              39.118591417151194
            ],
            [
              -86.53944218209747,
              39.11829741709482
            ],
            [
              -86.53946518208913,
              39.11811141705908
            ],
            [
              -86.53948618208231,
              39.11795141702825
            ],
            [
              -86.53948818208006,
              39.117916417021604
            ],
            [
              -86.53949618207412,
              39.117814417002194
            ],
            [
              -86.53950018207257,
              39.11778041699569
            ],
            [
              -86.53952818205354,
              39.11744441693174
            ],
            [
              -86.53953318205062,
              39.11739041692147
            ],
            [
              -86.53965718201593,
              39.11651441675223
            ],
            [
              -86.539663182012,
              39.11644441673891
            ],
            [
              -86.53969418199391,
              39.11610941667498
            ],
            [
              -86.53972018197769,
              39.11581541661897
            ],
            [
              -86.53974018196638,
              39.115603416578466
            ],
            [
              -86.53979918194105,
              39.115077416477604
            ],
            [
              -86.53980618193151,
              39.114934416450666
            ],
            [
              -86.5398211819121,
              39.11464041639513
            ],
            [
              -86.53991418193907,
              39.114638416390186
            ],
            [
              -86.54019618202078,
              39.11463241637525
            ],
            [
              -86.54021218202546,
              39.11463241637447
            ],
            [
              -86.54029018204798,
              39.11462941637008
            ],
            [
              -86.54036418206923,
              39.114625416365705
            ],
            [
              -86.54058818213382,
              39.114616416353
            ],
            [
              -86.54064518215026,
              39.11461441634982
            ],
            [
              -86.54066318215543,
              39.11461341634877
            ],
            [
              -86.54141918237113,
              39.11455441630068
            ],
            [
              -86.5414371823763,
              39.11455341629963
            ],
            [
              -86.54173118246122,
              39.114543416283304
            ],
            [
              -86.54207918256283,
              39.11454541626659
            ],
            [
              -86.5436941830363,
              39.11457641619309
            ],
            [
              -86.54390318309753,
              39.114580416183564
            ],
            [
              -86.54445318325915,
              39.114595416159304
            ],
            [
              -86.54460618330404,
              39.11459941615259
            ],
            [
              -86.5448191833665,
              39.11460341614287
            ],
            [
              -86.54561018359851,
              39.11462041610721
            ],
            [
              -86.5459201836889,
              39.11462041609198
            ],
            [
              -86.54611718374632,
              39.11462041608231
            ],
            [
              -86.54628818379587,
              39.11461641607312
            ],
            [
              -86.54632018380511,
              39.11461541607135
            ],
            [
              -86.54641818383347,
              39.114612416065995
            ],
            [
              -86.54645118384308,
              39.114612416064375
            ],
            [
              -86.5469791839969,
              39.11461041603807
            ],
            [
              -86.54707618402514,
              39.114610416033315
            ],
            [
              -86.54804018430787,
              39.1146304159897
            ],
            [
              -86.5485631844619,
              39.11464941596757
            ],
            [
              -86.54900018459064,
              39.114665415949105
            ],
            [
              -86.54909118461732,
              39.114667415945
            ],
            [
              -86.54915518463602,
              39.11466841594204
            ],
            [
              -86.54934918469286,
              39.114671415933074
            ],
            [
              -86.54941418471198,
              39.11467341593025
            ],
            [
              -86.5497661848152,
              39.11468041591425
            ],
            [
              -86.54978318482011,
              39.114680415913426
            ],
            [
              -86.55089218514449,
              39.11469241586121
            ],
            [
              -86.55126218525274,
              39.11469741584396
            ],
            [
              -86.55209918549751,
              39.1147064158045
            ],
            [
              -86.55231318556027,
              39.11471041579479
            ],
            [
              -86.55388318602047,
              39.11474141572344
            ],
            [
              -86.55444318618424,
              39.11474741569703
            ],
            [
              -86.555045186361,
              39.11476241567024
            ],
            [
              -86.55546918648487,
              39.114765415650005
            ],
            [
              -86.55578418657696,
              39.11476841563506
            ],
            [
              -86.55652118679298,
              39.114782415601496
            ],
            [
              -86.55658018681014,
              39.114782415598604
            ],
            [
              -86.55675718686201,
              39.11478541559047
            ],
            [
              -86.5568161868793,
              39.11478641558774
            ],
            [
              -86.55723118700068,
              39.114791415568284
            ],
            [
              -86.55847818736568,
              39.1148094155104
            ],
            [
              -86.5588941874875,
              39.114815415491066
            ],
            [
              -86.55953918767628,
              39.11482441546109
            ],
            [
              -86.5608531880609,
              39.11484341540003
            ],
            [
              -86.56147418824237,
              39.114848415370496
            ],
            [
              -86.56199218839389,
              39.11485441534616
            ],
            [
              -86.56211918843135,
              39.114860415341006
            ],
            [
              -86.56215918844319,
              39.114862415339424
            ],
            [
              -86.56233418849577,
              39.114881415334374
            ],
            [
              -86.56247818853998,
              39.1149094153325
            ],
            [
              -86.56259518857675,
              39.11494241533291
            ],
            [
              -86.56264818859394,
              39.11496341533424
            ],
            [
              -86.56280818864576,
              39.115027415338304
            ],
            [
              -86.56348418887005,
              39.11536341536766
            ],
            [
              -86.56358318890317,
              39.115416415372636
            ],
            [
              -86.56367318893281,
              39.115458415376054
            ],
            [
              -86.56374318895548,
              39.11548641537781
            ],
            [
              -86.56382618898132,
              39.11550641537746
            ],
            [
              -86.56392818901239,
              39.11552241537544
            ],
            [
              -86.56402818904215,
              39.115530415372
            ],
            [
              -86.56411918906812,
              39.11552341536625
            ],
            [
              -86.56415218907705,
              39.115515415363106
            ],
            [
              -86.56424218910183,
              39.115497415355364
            ],
            [
              -86.56441318914783,
              39.115449415337984
            ],
            [
              -86.56467418921747,
              39.1153694153103
            ],
            [
              -86.56519218940913,
              39.1158714153783
            ],
            [
              -86.56552818953202,
              39.11617941541915
            ],
            [
              -86.56607618973338,
              39.11669341548793
            ],
            [
              -86.56699319007133,
              39.11756541560519
            ],
            [
              -86.56719919011672,
              39.11738441556138
            ],
            [
              -86.56700319004354,
              39.11718641553419
            ],
            [
              -86.5669391900201,
              39.11712741552633
            ],
            [
              -86.56640918982609,
              39.116639415461485
            ],
            [
              -86.56613718972591,
              39.11638141542686
            ],
            [
              -86.56592018964588,
              39.11617441539898
            ],
            [
              -86.56587218962841,
              39.11613141539332
            ],
            [
              -86.5656821895593,
              39.11596241537118
            ],
            [
              -86.56519018938054,
              39.115525415313996
            ],
            [
              -86.56511018935194,
              39.11546041530581
            ],
            [
              -86.5649141892819,
              39.11530141528584
            ],
            [
              -86.56513518934084,
              39.115233415262324
            ],
            [
              -86.56547218943075,
              39.115130415226574
            ],
            [
              -86.56579818951772,
              39.11503041519195
            ],
            [
              -86.56602518957921,
              39.11497241516999
            ],
            [
              -86.5660691895912,
              39.114962415165984
            ],
            [
              -86.56612718960722,
              39.11495141516106
            ],
            [
              -86.56620318962851,
              39.1149404151553
            ],
            [
              -86.56624918964143,
              39.11493441515194
            ],
            [
              -86.56626918964703,
              39.11493141515036
            ],
            [
              -86.56642518969124,
              39.11491641513993
            ],
            [
              -86.56659518974008,
              39.11490741512988
            ],
            [
              -86.56670018977049,
              39.114904415124165
            ],
            [
              -86.56679518979809,
              39.114903415119315
            ],
            [
              -86.56789819011972,
              39.11490441506529
            ],
            [
              -86.56805619016555,
              39.11490141505699
            ],
            [
              -86.56850919029694,
              39.11489341503326
            ],
            [
              -86.56885619039834,
              39.114896415016766
            ],
            [
              -86.56989919070315,
              39.11490541496718
            ],
            [
              -86.5702471908049,
              39.11490941495081
            ],
            [
              -86.57029919081808,
              39.1148844149436
            ],
            [
              -86.57045819085828,
              39.11480841492167
            ],
            [
              -86.57051219087204,
              39.11478441491455
            ],
            [
              -86.57058219089545,
              39.11482141491796
            ],
            [
              -86.57065619091804,
              39.11483441491677
            ],
            [
              -86.57088319098479,
              39.114841414906905
            ],
            [
              -86.57107919104162,
              39.114837414896535
            ],
            [
              -86.57156919118376,
              39.11482841487081
            ],
            [
              -86.57193619129153,
              39.11483841485462
            ],
            [
              -86.57242519143678,
              39.114871414836756
            ],
            [
              -86.57281119155252,
              39.114911414825194
            ],
            [
              -86.57286919157004,
              39.11491841482368
            ],
            [
              -86.57317619166297,
              39.11496141481661
            ],
            [
              -86.57324719168479,
              39.11497541481569
            ],
            [
              -86.57332319170875,
              39.11499741481606
            ],
            [
              -86.57337819172655,
              39.11501941481745
            ],
            [
              -86.57338519166086,
              39.11418241466129
            ],
            [
              -86.5734061914637,
              39.11167141419276
            ],
            [
              -86.57341319139798,
              39.11083441403654
            ],
            [
              -86.57342919135027,
              39.11018741391533
            ],
            [
              -86.57347819120754,
              39.10824741355169
            ],
            [
              -86.57348419119099,
              39.108021413509256
            ],
            [
              -86.57349919116139,
              39.10760141343035
            ],
            [
              -86.57350019114355,
              39.10737741338858
            ],
            [
              -86.5735071910912,
              39.10670541326311
            ],
            [
              -86.57350819108451,
              39.10661941324704
            ],
            [
              -86.57351419107516,
              39.106482413221215
            ],
            [
              -86.57347719097856,
              39.105421413025475
            ],
            [
              -86.57336919068979,
              39.10224141243859
            ],
            [
              -86.57333319059353,
              39.10118141224295
            ],
            [
              -86.5733361905888,
              39.101112412229945
            ],
            [
              -86.57334819057567,
              39.100906412190945
            ],
            [
              -86.57335319057162,
              39.10083841217804
            ],
            [
              -86.57334519032739,
              39.09784741162141
            ],
            [
              -86.57332118959494,
              39.08887440995111
            ],
            [
              -86.57331418937835,
              39.08622040945699
            ],
            [
              -86.57331318936288,
              39.086032409422046
            ],
            [
              -86.57331318935496,
              39.085934409403734
            ],
            [
              -86.57331318935084,
              39.085883409394256
            ],
            [
              -86.57331218928977,
              39.085131409254224
            ],
            [
              -86.57330918910664,
              39.08287540883405
            ],
            [
              -86.57330918904587,
              39.08212340869391
            ],
            [
              -86.57330718904095,
              39.082069408683964
            ],
            [
              -86.57330318902669,
              39.08190740865398
            ],
            [
              -86.57330218902212,
              39.08185440864411
            ],
            [
              -86.57330318901434,
              39.08175440862546
            ],
            [
              -86.57330718899125,
              39.08145440856933
            ],
            [
              -86.57330918898383,
              39.081355408550806
            ],
            [
              -86.57328718893532,
              39.08083440845481
            ],
            [
              -86.57322318879065,
              39.07927440816729
            ],
            [
              -86.57320218874253,
              39.078754408071426
            ],
            [
              -86.5724211885135,
              39.07873640810637
            ],
            [
              -86.57007918782679,
              39.07868540821175
            ],
            [
              -86.56929918759806,
              39.0786684082469
            ],
            [
              -86.56924518758203,
              39.078664408248805
            ],
            [
              -86.56908518753467,
              39.07865540825495
            ],
            [
              -86.56903218751894,
              39.078652408257
            ],
            [
              -86.56876518744104,
              39.07865140826993
            ],
            [
              -86.56796518720782,
              39.07865040830898
            ],
            [
              -86.5678141871638,
              39.07865040831639
            ],
            [
              -86.56769918713029,
              39.078650408322034
            ],
            [
              -86.56758818709775,
              39.07864840832711
            ],
            [
              -86.56712918696329,
              39.07863940834792
            ],
            [
              -86.56541918646221,
              39.078606408425706
            ],
            [
              -86.5648501862955,
              39.07859640845178
            ],
            [
              -86.56482118628685,
              39.07859340845259
            ],
            [
              -86.56473518626103,
              39.07858440845515
            ],
            [
              -86.56470718625265,
              39.078581408455975
            ],
            [
              -86.56011218491308,
              39.07857840868083
            ],
            [
              -86.54632718089432,
              39.07857240935577
            ],
            [
              -86.54173217955463,
              39.078570409580735
            ],
            [
              -86.54078217927585,
              39.07854840962321
            ],
            [
              -86.5379351784407,
              39.078484409750914
            ],
            [
              -86.53698617816237,
              39.07846340979353
            ],
            [
              -86.53663817806088,
              39.07846340981059
            ],
            [
              -86.53574017779904,
              39.07846240985444
            ],
            [
              -86.53290017697093,
              39.07846140999348
            ],
            [
              -86.52064417339703,
              39.07845541059306
            ],
            [
              -86.51655917220586,
              39.078454410793064
            ],
            [
              -86.51639917215915,
              39.07845441080091
            ],
            [
              -86.51592117201977,
              39.07845441082434
            ],
            [
              -86.5157621719735,
              39.078455410832305
            ],
            [
              -86.51550817189937,
              39.07845441084457
            ],
            [
              -86.51474717167723,
              39.078451410881314
            ],
            [
              -86.51449417160346,
              39.078451410893706
            ],
            [
              -86.51223717095138,
              39.07852641101826
            ],
            [
              -86.5089681699851,
              39.078365411148425
            ],
            [
              -86.50856516986683,
              39.078355411166335
            ],
            [
              -86.5073561695119,
              39.078326411220175
            ],
            [
              -86.50695416939392,
              39.07831741123817
            ],
            [
              -86.50526016889914,
              39.07830741131931
            ],
            [
              -86.50017816741482,
              39.078279411563
            ],
            [
              -86.49999116736032,
              39.07827941157216
            ],
            [
              -86.4986051669514,
              39.07822141162928
            ],
            [
              -86.49848616691632,
              39.07821641163418
            ],
            [
              -86.49837516688805,
              39.07826741164912
            ],
            [
              -86.49829016686333,
              39.07826841165347
            ],
            [
              -86.49821316684105,
              39.0782704116576
            ],
            [
              -86.4978891667425,
              39.07822041166418
            ],
            [
              -86.49776216670323,
              39.07819241166517
            ],
            [
              -86.4976771666782,
              39.07818941166873
            ],
            [
              -86.49764816666968,
              39.07818841166996
            ],
            [
              -86.49753416663724,
              39.07819841167745
            ],
            [
              -86.49747216661996,
              39.07820841168232
            ],
            [
              -86.49579716613327,
              39.078231411768655
            ],
            [
              -86.49077516467425,
              39.078301412027656
            ],
            [
              -86.48910116418796,
              39.078325412114125
            ],
            [
              -86.48820416392657,
              39.07832841215866
            ],
            [
              -86.48551716314387,
              39.07834041229243
            ],
            [
              -86.48462116288282,
              39.07834441233705
            ],
            [
              -86.48281416235619,
              39.07834941242653
            ],
            [
              -86.48250916226736,
              39.07835141244181
            ],
            [
              -86.4773961607772,
              39.07836641269492
            ],
            [
              -86.4772521607353,
              39.07836741270215
            ],
            [
              -86.4755911602491,
              39.078346412779545
            ],
            [
              -86.47406215980253,
              39.07833941285312
            ],
            [
              -86.47120515896813,
              39.07832741299077
            ],
            [
              -86.46947515846283,
              39.078319413073935
            ],
            [
              -86.46794615801632,
              39.07831341314766
            ],
            [
              -86.46667015764365,
              39.078307413209025
            ],
            [
              -86.46284215652547,
              39.078289413393016
            ],
            [
              -86.46156715615302,
              39.0782834134543
            ],
            [
              -86.46157515619706,
              39.078801413550536
            ],
            [
              -86.4615991563294,
              39.08035641383945
            ],
            [
              -86.46160815637381,
              39.08087541393582
            ],
            [
              -86.46160615637717,
              39.08092441394505
            ],
            [
              -86.46160315638825,
              39.081072413972834
            ],
            [
              -86.46160215639199,
              39.08112241398218
            ],
            [
              -86.46160015640945,
              39.081346414024075
            ],
            [
              -86.4615991564285,
              39.081586414068866
            ],
            [
              -86.46159915646346,
              39.08202041414985
            ],
            [
              -86.4615991564816,
              39.08224541419183
            ],
            [
              -86.46160115649153,
              39.082361414213345
            ],
            [
              -86.4616031564955,
              39.08240341422111
            ],
            [
              -86.46160715650937,
              39.08256141425038
            ],
            [
              -86.46161015652096,
              39.082694414275046
            ],
            [
              -86.46161015652226,
              39.082710414278
            ],
            [
              -86.46161415653285,
              39.082827414299615
            ],
            [
              -86.4616231565895,
              39.08349741442415
            ],
            [
              -86.46165215676008,
              39.085509414798054
            ],
            [
              -86.46166215681707,
              39.08618041492268
            ],
            [
              -86.46166115681926,
              39.08621141492854
            ],
            [
              -86.46166115682692,
              39.08630641494625
            ],
            [
              -86.4616611568295,
              39.0863384149522
            ],
            [
              -86.46166715686556,
              39.08676341503118
            ],
            [
              -86.4616861569739,
              39.088039415268256
            ],
            [
              -86.46169315701033,
              39.088465415347365
            ],
            [
              -86.4616941570289,
              39.08869241538966
            ],
            [
              -86.46169815708521,
              39.089376415517016
            ],
            [
              -86.46170015710416,
              39.089604415559414
            ],
            [
              -86.46170015711375,
              39.089723415581645
            ],
            [
              -86.46170015712327,
              39.08984141560366
            ],
            [
              -86.46170015718019,
              39.0905474157353
            ],
            [
              -86.46170015728389,
              39.091833415975124
            ],
            [
              -86.4617001574083,
              39.09337641626289
            ],
            [
              -86.46170015744458,
              39.09382641634682
            ],
            [
              -86.4617001574645,
              39.094073416392874
            ],
            [
              -86.46170015748434,
              39.094319416438765
            ],
            [
              -86.46169915758632,
              39.095587416675244
            ],
            [
              -86.46169815769443,
              39.09693141692592
            ],
            [
              -86.46169615789245,
              39.09939341738507
            ],
            [
              -86.46169615790447,
              39.09954241741287
            ],
            [
              -86.46169515794936,
              39.10010241751735
            ],
            [
              -86.46169515799454,
              39.10066241762176
            ],
            [
              -86.46172315802973,
              39.1009974176828
            ],
            [
              -86.46180715813533,
              39.10200241786608
            ],
            [
              -86.4618361581708,
              39.10233741792712
            ],
            [
              -86.46178215841265,
              39.105529418524895
            ],
            [
              -86.46179615843816,
              39.1057954185738
            ],
            [
              -86.46183815851508,
              39.10659641872103
            ],
            [
              -86.46185215854074,
              39.106863418770146
            ],
            [
              -86.46185115856191,
              39.107129418819795
            ],
            [
              -86.46185115862633,
              39.107927418968515
            ],
            [
              -86.46185115864787,
              39.10819441901831
            ],
            [
              -86.46199616086717,
              39.135140424032706
            ],
            [
              -86.46199616087615,
              39.13525142405339
            ],
            [
              -86.46199616090315,
              39.135585424115625
            ],
            [
              -86.4619971609125,
              39.13569742413644
            ],
            [
              -86.4620351611076,
              39.13797242455836
            ],
            [
              -86.46207316130175,
              39.14023542497801
            ],
            [
              -86.46213316161007,
              39.14383042564469
            ],
            [
              -86.46214916169323,
              39.14480042582457
            ],
            [
              -86.4621871618886,
              39.147077426246774
            ],
            [
              -86.46219016192127,
              39.14747042631984
            ],
            [
              -86.46219916201953,
              39.148652426539506
            ],
            [
              -86.46220216205231,
              39.149046426612756
            ],
            [
              -86.4622041620728,
              39.14929242665848
            ],
            [
              -86.46221316213519,
              39.15003042679543
            ],
            [
              -86.46221616215595,
              39.15027642684109
            ],
            [
              -86.46222716228462,
              39.15182642712919
            ],
            [
              -86.4622621626716,
              39.15647942799391
            ],
            [
              -86.46227416280068,
              39.15803042828212
            ],
            [
              -86.46228716284214,
              39.15849542836801
            ],
            [
              -86.46232816296711,
              39.15989042862573
            ],
            [
              -86.4623421630089,
              39.16035542871164
            ],
            [
              -86.46235316304869,
              39.16080742879524
            ],
            [
              -86.46237416311995,
              39.16161142894392
            ],
            [
              -86.46238816316901,
              39.16216642904651
            ],
            [
              -86.46240016320918,
              39.16261942913025
            ],
            [
              -86.46240016322498,
              39.162814429166566
            ],
            [
              -86.46240016327238,
              39.163399429275486
            ],
            [
              -86.46240116328855,
              39.16359542931194
            ],
            [
              -86.46242116331788,
              39.16388542936495
            ],
            [
              -86.46245416336518,
              39.164350429449854
            ]
          ]
        ]
      },
      "properties": {
        "OBJECTID": 4,
        "CountyCouncil": "2",
        "Council": "Council 2",
        "Rep": "Kate Wiltz"
      }
    }
  ]
}