county,level,status,name,politician_id,basis_at_level,result,coded,unit,reviewer_flag,why
Monroe IN,school,challenger,Christa Curtis,439e68cb-eef4-4ed0-9f5a-3611268af2c5,record,blank: no-source,no,,,no board act or statement found (leads/indiana.json)
Monroe IN,school,challenger,Dennis R. Adams,b5a39d79-0e05-4482-b7f4-0649857de09c,record,blank: no-source,no,,,no board act or statement found (leads/indiana.json)
Monroe IN,school,challenger,Kelly D. Scholl,8ff99e87-8d94-4f3c-af18-d67ec3994f7d,record,blank: no-source,no,,,no board act or statement found (leads/indiana.json)
Monroe IN,school,incumbent,Aja Jester,b3799cb0-d361-4405-b82e-59031c5ffe73,record,blank: no-source,no,,,no board act or statement found (leads/indiana.json)
Monroe IN,school,incumbent,Angie Jacobs,234cb50f-b0fb-4902-b807-da06ac2faddf,record,blank: no-source,no,,,no board act or statement found (leads/indiana.json)
Monroe IN,school,incumbent,April Hennessey,2bf43cdc-5580-4288-ad1e-2c2bd1d40511,record,blank: direction-only,yes,april-hennessey,,"Resolution 2023-07, signed by Hennessey, ""strongly opposes"" HB 1608, which its recital says would ""require notification to, and approval from, parents when students request name changes and different pronouns"". That places her against ""Require schools to notify parents"" and ""Require parental permission before staff use a different name or pronouns"", but opposing a state bill neither forbids notification rules nor requires confidentiality, and it does not separate those rungs from ""Require schools to tell parents when parents ask""."
Monroe IN,school,incumbent,Ashley Pirani,556a7d23-3acb-4068-a7bc-cecf5194296c,record,blank: direction-only,yes,ashley-pirani,,"Resolution 2023-07, which she signed, ""strongly opposes"" 2023 House Bill 1608, a bill its recitals say would ""require notification to, and approval from, parents when students request name changes and different pronouns""; that points away from ""Require schools to notify parents"" and ""Require parental permission before staff use a different name or pronouns"". Its operative clauses set no notification rule, so nothing matches ""Require staff to keep a student's gender identity from parents unless the student consents"", ""Forbid rules that require schools to tell parents"", or ""Require schools to tell parents when parents ask"" — side only."
Monroe IN,school,incumbent,Brad Tucker,6093ca32-97c2-4398-abc9-fd0a803e431d,record,blank: no-source,no,,,no board act or statement found (leads/indiana.json)
Monroe IN,school,incumbent,Dana Kerr,55dc950c-cd52-4460-ae3f-630c1c4f771a,record,blank: no-source,no,,,no board act or statement found (leads/indiana.json)
Monroe IN,school,incumbent,Erin Cooperman,e0714c0f-5691-4f55-99b0-8ca5f72777ab,record,blank: direction-only,yes,erin-cooperman,,"Resolution 2023-07, which Cooperman signed, says the Board ""strongly opposes"" laws including HB 1608. Only a recital says that bill requires parental notification and approval, so the resolution puts her on the side against required notification. It does not forbid notification rules (""Forbid rules that require schools to tell parents"") and it does not require staff to withhold a student's identity (""Require staff to keep a student's gender identity from parents unless the student consents""), so it does not pick between those rungs."
Monroe IN,school,incumbent,Erin Wyatt,760e1b7d-022c-4c70-b605-07b6fea2384b,record,blank: direction-only,yes,erin-wyatt,,"Resolution 2023-07, which Wyatt signed, ""strongly opposes"" 2023 House Bill 1608, which its recitals say would ""require notification to, and approval from, parents"". That puts her against the notify and permission rungs, but opposing a state bill does not ""Forbid rules that require schools to tell parents"". It also does not ""Require staff to keep a student's gender identity from parents"" or ""Require schools to tell parents when parents ask"", so the passage shows only a side."
Monroe IN,school,incumbent,Jimmie D Durnil,a5ad7a20-4874-4358-8bbc-d78587e17096,record,blank: no-source,no,,,no board act or statement found (leads/indiana.json)
Monroe IN,school,incumbent,Lawrence J Demoss,006cec13-0c52-46b2-a509-703826a0f06b,record,blank: no-source,no,,,no board act or statement found (leads/indiana.json)
Monroe IN,school,incumbent,Ross Grimes,c062b964-c7bb-4258-8b3f-462f4d5527ae,record,blank: direction-only,yes,ross-grimes,,"Grimes signed MCCSC Resolution 2023-07, which 'strongly opposes' 2023 House Bill 1608, a bill its recitals describe as requiring 'notification to, and approval from, parents when students request name changes and different pronouns'. Opposing a state notification bill places him on the side against required notification, but it does not establish 'Forbid rules that require schools to tell parents' or 'Require staff to keep a student's gender identity from parents unless the student consents'; the operative clause names no such rule."
Monroe IN,school,incumbent,Tiana Williams Iruoje,a167974b-4419-4346-acfb-606842ed963d,record,blank: no-source,no,,,no board act or statement found (leads/indiana.json)
Monroe IN,state,challenger,Amy Huffman Oliver,a6926086-aa11-4f42-bcd7-bf74c1e1a540,record,blank: no-source,no,,,campaign-site sweep found nothing (leads/challengers.json)
Monroe IN,state,challenger,Carrie L. Syczylo,35392708-1b50-48e0-a62d-b09c61a25192,record,blank: no-source,no,,,campaign-site sweep found nothing (leads/challengers.json)
Monroe IN,state,challenger,James H. Pittsford III,6b3fad05-cc7e-4d4f-aff7-a7959d60722c,record,blank: no-source,no,,,campaign-site sweep found nothing (leads/challengers.json)
Monroe IN,state,incumbent,Bob Heaton,77261f08-6172-4a58-a5d6-446c2b84a50e,record,4,yes,bob-heaton,V4.1: HEA 1608 is multi-subject (K-3 sexuality instruction + counselor privilege + notice); reviewer reads direction-only,"Heaton, a co-author of HB 1608 (2023), voted Yea (63–29) to concur in the enrolled act, whose operative section says ""A school shall notify in writing at least one (1) parent of a student"" of a student's request to change name or pronoun. That matches ""Require schools to notify parents"" and excludes notice only ""when parents ask"" and ""parental permission before staff use a different name or pronouns""; the earlier committee version with a permission requirement is superseded by this later act."
Monroe IN,state,incumbent,Dave Hall,e971c7f2-3ab2-483d-97a4-7fe919365f98,record,4,yes,dave-hall,V4.1: HEA 1608 is multi-subject (K-3 sexuality instruction + counselor privilege + notice); reviewer reads direction-only,"Hall voted Yea (63-29) to concur in HEA 1608 (2023), whose operative section provides that ""A school shall notify in writing at least one (1) parent of a student"" of a student's name or pronoun change request, matching ""Require schools to notify parents."" The enrolled text dropped the earlier parental written-request rule, so it does not reach ""Require parental permission before staff use a different name or pronouns,"" and it notifies regardless of whether parents ask."
Monroe IN,state,incumbent,Eric A Koch,8f1088b4-48b5-40ed-95e6-16d8dabd2d33,record,4,yes,eric-a-koch,V4.1: HEA 1608 is multi-subject (K-3 sexuality instruction + counselor privilege + notice); reviewer reads direction-only,"Koch voted Yea (37-12) on final Senate passage of HB 1608 (2023), whose operative section says a school ""shall notify in writing at least one (1) parent"" of a student's request to change name or pronoun, matching ""Require schools to notify parents"" rather than notifying only when parents ask or requiring parental permission. His Nay on the Yoder amendment, which would have let a student withdraw the request to avoid notification, is consistent but only directional."
Monroe IN,state,incumbent,Matt Pierce,72dd5219-490f-48bb-986e-183a6098d602,record,blank: no-evidence,yes,matt-pierce,,"Pierce's only acts in the sources are Nay votes on HB 1608 (2023), a bill that joins a K-3 human sexuality instruction ban with the requirement that ""A school shall notify"" a parent of a name or pronoun request; a No on a multi-subject bill proves nothing (he may have objected to any part), and even read narrowly it would only rule out ""Require schools to notify parents"" without choosing among the other rungs. No own words are in the sources."
Monroe IN,state,incumbent,Peggy Mayfield,f84421ea-eb49-44c3-a6a7-a3cfaf5dc745,record,4,yes,peggy-mayfield,V4.1: HEA 1608 is multi-subject (K-3 sexuality instruction + counselor privilege + notice); reviewer reads direction-only,"Mayfield voted Yea (63-29) to concur in enrolled HB 1608 (2023), whose operative section says ""A school shall notify in writing at least one (1) parent of a student"" of a student's request to change name or pronoun. That matches ""Require schools to notify parents"": it does not wait for parents to ask, and the enrolled text requires no parental permission before staff use a different name or pronouns."
Monroe IN,state,incumbent,Shelli Yoder,5aa536e1-faaa-485c-b6d8-0e4d99d16361,record,blank: direction-only,yes,shelli-yoder,,"Her Nay on HB 1608 is a No on a multi-subject bill, and her failed Amendment #11 (letting a student ""withdraw the"" request to avoid parental notice) and her statement that districts' own name and pronoun policies ""have worked well"" lean against a state mandate to notify parents. None of these matches every clause of ""Require staff to keep a student's gender identity from parents unless the student consents"" or ""Forbid rules that require schools to tell parents"", so only a side is shown."
Monroe IN,federal,challenger,Brad Meyer,926943ad-ee64-4ddb-b9e7-6475a6a2d087,own-words,blank: no-source,no,,,campaign-site sweep found nothing (leads/challengers.json)
Monroe IN,federal,challenger,Tonya Hudson,8f08a551-71c8-43c4-9bcc-b18fd3ac0abc,own-words,blank: direction-only (not coded),no,,,lead files: challengers.json
Monroe IN,federal,incumbent,Erin Houchin,68568faf-1e0f-4ca2-89d9-bda625665712,own-words,blank: direction-only,yes,erin-houchin,,"At the federal level only her own words count. Her op-ed says a ruling to ""block multiple school districts from notifying parents of a child's gender identity change"" should not ""become the new normal"", which places her against keeping gender identity from parents. It does not choose among ""Require schools to tell parents when parents ask"", ""Require schools to notify parents"", and ""Require parental permission before staff use a different name or pronouns""; her votes on H.R. 5 and H.R. 2616 are federal records that cannot seat a chair here."
Monroe IN,federal,incumbent,Jim Banks,023c6644-356e-4afb-925b-e20f9c32209b,own-words,blank: direction-only,yes,jim-banks,,"At the federal level only own words can seat a chair, so his H.R. 5 vote and his S. 2702 sponsorship cannot. His own words, ""Parents should never be kept in the dark about their own kids"", place him on the parents-informed side but do not separate ""Require schools to tell parents when parents ask"", ""Require schools to notify parents"" and ""Require parental permission before staff use a different name or pronouns."""
Monroe IN,federal,incumbent,Todd Young,102b239c-0a3d-44b9-ae32-88d8179197e2,own-words,blank: no-source,no,,,"no bill, vote or statement found (leads/federal.json)"
Monroe IN,local,challenger,Dustin Cole Dillard,,own-words,blank: no-source,no,,,area sweep of local news/official sites found no statement (leads/local.json)
Monroe IN,local,challenger,Jenny Olmes-Stevens,06c0727a-c17c-47b0-9aa8-bb8e6e78b70e,own-words,blank: no-source,no,,,area sweep of local news/official sites found no statement (leads/local.json)
Monroe IN,local,challenger,Joe Husk,04d2e529-5456-44bb-a20f-b1ec676c2c22,own-words,blank: no-source,no,,,area sweep of local news/official sites found no statement (leads/local.json)
Monroe IN,local,challenger,Judith A. Sharp,ba1e0001-2026-4000-8000-000000000013,own-words,blank: no-source,no,,,area sweep of local news/official sites found no statement (leads/local.json)
Monroe IN,local,challenger,Julie M. Hays,ba1e0001-2026-4000-8000-000000000008,own-words,blank: no-source,no,,,area sweep of local news/official sites found no statement (leads/local.json)
Monroe IN,local,challenger,Leon Gordon,7f3c23d7-3878-4735-9e2c-a805413a9c6b,own-words,blank: no-source,no,,,area sweep of local news/official sites found no statement (leads/local.json)
Monroe IN,local,challenger,Lisa Jeneé Trimble,43c7e0fa-ef31-44b5-8044-75f351e83af8,own-words,blank: no-source,no,,,area sweep of local news/official sites found no statement (leads/local.json)
Monroe IN,local,challenger,Rachael Himsel,4f56cccb-0e22-4f55-a237-a4e5fe0f5772,own-words,blank: no-source,no,,,area sweep of local news/official sites found no statement (leads/local.json)
Monroe IN,local,challenger,Susan Luther,ba1e0001-2026-4000-8000-000000000009,own-words,blank: no-source,no,,,area sweep of local news/official sites found no statement (leads/local.json)
Monroe IN,local,challenger,Tree Martin Lucas,ba1e0001-2026-4000-8000-000000000010,own-words,blank: no-source,no,,,area sweep of local news/official sites found no statement (leads/local.json)
Monroe IN,local,incumbent,Amy Swain,fa4cbcff-06c5-4f31-a034-0c9b4b268868,own-words,blank: no-source,no,,,area sweep of local news/official sites found no statement (leads/local.json)
Monroe IN,local,incumbent,Andy Ruff,ec5eefcb-8f41-4bdd-8782-8751f1ed3fb6,own-words,blank: no-source,no,,,area sweep of local news/official sites found no statement (leads/local.json)
Monroe IN,local,incumbent,Andy Spriggs,15c77faa-dfb6-485e-8b83-4611727d1eb3,own-words,blank: no-source,no,,,area sweep of local news/official sites found no statement (leads/local.json)
Monroe IN,local,incumbent,Barbara E. McKinney,c8a73d2a-205d-482e-bc78-8c81d965a28c,own-words,blank: no-source,no,,,area sweep of local news/official sites found no statement (leads/local.json)
Monroe IN,local,incumbent,Barbara Sturbaum,0af9a347-846e-441e-b575-a187d8c0528f,own-words,blank: no-source,no,,,area sweep of local news/official sites found no statement (leads/local.json)
Monroe IN,local,incumbent,Brianne Gregory,f562d63a-d7f8-4fd0-bbe5-7b6a19205fdf,own-words,blank: no-source,no,,,area sweep of local news/official sites found no statement (leads/local.json)
Monroe IN,local,incumbent,Catherine Smith,cb98d180-2a02-4c6f-b25e-06a17635f68a,own-words,blank: no-source,no,,,area sweep of local news/official sites found no statement (leads/local.json)
Monroe IN,local,incumbent,Christopher Reynolds,c905324f-0568-48e9-931f-d42ddc657ec3,own-words,blank: no-source,no,,,area sweep of local news/official sites found no statement (leads/local.json)
Monroe IN,local,incumbent,David B Willibey,53a867be-2009-4139-aca4-6371dd05cb6a,own-words,blank: no-source,no,,,area sweep of local news/official sites found no statement (leads/local.json)
Monroe IN,local,incumbent,David G Henry,0be7d42f-9363-40ad-bbc5-733c862f4395,own-words,blank: no-source,no,,,area sweep of local news/official sites found no statement (leads/local.json)
Monroe IN,local,incumbent,Dawn Durnil,d29e4645-d19f-4081-992d-fe66344a126c,own-words,blank: no-source,no,,,area sweep of local news/official sites found no statement (leads/local.json)
Monroe IN,local,incumbent,Debra A Hutson,420537c2-18a8-4956-8e62-320e1e4760b3,own-words,blank: no-source,no,,,area sweep of local news/official sites found no statement (leads/local.json)
Monroe IN,local,incumbent,Dorothy Granger,06464416-e8f4-4df1-af4c-2d785863721e,own-words,blank: no-source,no,,,area sweep of local news/official sites found no statement (leads/local.json)
Monroe IN,local,incumbent,Efrat Rosser,c7dee89b-1ee2-4858-a11e-b3775a4b4bfd,own-words,blank: no-source,no,,,area sweep of local news/official sites found no statement (leads/local.json)
Monroe IN,local,incumbent,Elizabeth L Jones,db6db0c9-2eb5-474f-bb91-ca6ac9750dbf,own-words,blank: no-source,no,,,area sweep of local news/official sites found no statement (leads/local.json)
Monroe IN,local,incumbent,Elizabeth Sensenstein,15c278e1-20d8-4a2c-9575-2e130a0ec37f,own-words,blank: no-source,no,,,area sweep of local news/official sites found no statement (leads/local.json)
Monroe IN,local,incumbent,Erika Oliphant,ed914571-dd22-4ab5-b764-92a1a465e980,own-words,blank: no-source,no,,,area sweep of local news/official sites found no statement (leads/local.json)
Monroe IN,local,incumbent,Frank Calabrese,6454cabf-c999-4066-a5f1-3853bd35590d,own-words,blank: no-source,no,,,area sweep of local news/official sites found no statement (leads/local.json)
Monroe IN,local,incumbent,Isak Asare,2b280bdf-bf17-48ad-853d-a4f0a854c548,own-words,blank: no-source,no,,,area sweep of local news/official sites found no statement (leads/local.json)
Monroe IN,local,incumbent,Jack Davis,ec9aa60a-c57b-4bd9-b169-22c05b628f96,own-words,blank: no-source,no,,,area sweep of local news/official sites found no statement (leads/local.json)
Monroe IN,local,incumbent,Jake Dodds,dae02b0b-9ec9-4a8f-bd66-ba6972825510,own-words,blank: no-source,no,,,area sweep of local news/official sites found no statement (leads/local.json)
Monroe IN,local,incumbent,Jay M Thrasher,6caa511c-7051-4974-b86f-f112ca3ada2b,own-words,blank: no-source,no,,,area sweep of local news/official sites found no statement (leads/local.json)
Monroe IN,local,incumbent,Jeffrey Hall,fed384b0-7af7-4f8d-b8f4-06d40282abb5,own-words,blank: no-source,no,,,area sweep of local news/official sites found no statement (leads/local.json)
Monroe IN,local,incumbent,Jerry W Ayers,ad773a1b-a007-4b7f-a1fe-2091db751d0d,own-words,blank: no-source,no,,,area sweep of local news/official sites found no statement (leads/local.json)
Monroe IN,local,incumbent,Joan C. Hall,6775a8e6-37cb-437b-923b-5f664f6b3b5d,own-words,blank: no-source,no,,,area sweep of local news/official sites found no statement (leads/local.json)
Monroe IN,local,incumbent,Jody Madeira,8ef73cee-511d-4108-8708-7cfcb4a2a4cd,own-words,blank: no-source,no,,,area sweep of local news/official sites found no statement (leads/local.json)
Monroe IN,local,incumbent,John Wilson,1c0afd7e-f476-4784-920f-f328a5c5d348,own-words,blank: no-source,no,,,area sweep of local news/official sites found no statement (leads/local.json)
Monroe IN,local,incumbent,Joseph G Husk,85194f5e-6574-4371-97da-f1cc89568870,own-words,blank: no-source,no,,,area sweep of local news/official sites found no statement (leads/local.json)
Monroe IN,local,incumbent,Joseph Hickman,3bf35f73-452e-4879-bff4-1bba4e515d8e,own-words,blank: no-source,no,,,area sweep of local news/official sites found no statement (leads/local.json)
Monroe IN,local,incumbent,Julie Thomas,18d5fa5e-d52d-48f9-aa53-2575129e1fe4,own-words,blank: no-source,no,,,area sweep of local news/official sites found no statement (leads/local.json)
Monroe IN,local,incumbent,Katrina W. Ladwig,8d4c84a6-d928-42c1-b9c6-6a1433a161da,own-words,blank: no-source,no,,,area sweep of local news/official sites found no statement (leads/local.json)
Monroe IN,local,incumbent,Kenny L Bryant,664899b9-9002-410b-b42a-40dbaf050d12,own-words,blank: no-source,no,,,area sweep of local news/official sites found no statement (leads/local.json)
Monroe IN,local,incumbent,Kerry Thomson,1c6dbdaf-e110-48d3-9b88-27f911d9521f,own-words,blank: no-source,no,,,area sweep of local news/official sites found no statement (leads/local.json)
Monroe IN,local,incumbent,Liz Feitl,b3830ff1-3b9b-463a-bb7d-311bf1bf0168,own-words,blank: no-source,no,,,area sweep of local news/official sites found no statement (leads/local.json)
Monroe IN,local,incumbent,Marty Stephens,09cbb79e-797b-4c31-bbdf-cf1ecb732100,own-words,blank: no-source,no,,,area sweep of local news/official sites found no statement (leads/local.json)
Monroe IN,local,incumbent,Mary VanDeventer,be355b0e-79a9-4af2-9926-d5bee7ae2515,own-words,blank: no-source,no,,,area sweep of local news/official sites found no statement (leads/local.json)
Monroe IN,local,incumbent,Matt Flaherty,7dc7e4a1-9e52-4287-a100-6e1d715b5085,own-words,blank: no-source,no,,,area sweep of local news/official sites found no statement (leads/local.json)
Monroe IN,local,incumbent,Michelle Bright,c096fd15-2656-4e1c-bf86-beb506d472d7,own-words,blank: no-source,no,,,area sweep of local news/official sites found no statement (leads/local.json)
Monroe IN,local,incumbent,Nicole Bolden,4d20abb8-b05a-444c-883d-03eb4b43d166,own-words,blank: no-source,no,,,area sweep of local news/official sites found no statement (leads/local.json)
Monroe IN,local,incumbent,Noelle M Conyer,125c4d54-6b38-4ccc-a05c-b119f1ea34de,own-words,blank: no-source,no,,,area sweep of local news/official sites found no statement (leads/local.json)
Monroe IN,local,incumbent,Randy Jacobs,bc14c29f-93aa-4326-96f1-dc1e88a3ad0a,own-words,blank: no-source,no,,,area sweep of local news/official sites found no statement (leads/local.json)
Monroe IN,local,incumbent,Randy May,546e468b-c0c6-4ece-84a5-0342024aff9a,own-words,blank: no-source,no,,,area sweep of local news/official sites found no statement (leads/local.json)
Monroe IN,local,incumbent,Richard N Carter,3519181d-779d-4a61-bb0a-8968c5e25076,own-words,blank: no-source,no,,,area sweep of local news/official sites found no statement (leads/local.json)
Monroe IN,local,incumbent,Rita Barrow,a41df72a-b1ee-43b6-8b41-02b4966503db,own-words,blank: no-source,no,,,area sweep of local news/official sites found no statement (leads/local.json)
Monroe IN,local,incumbent,Roger L. Taylor,4e020b4f-662b-4f9e-adc1-6635311f6b6b,own-words,blank: no-source,no,,,area sweep of local news/official sites found no statement (leads/local.json)
Monroe IN,local,incumbent,Ronald H. Hutson,b407f620-d412-46b4-939a-d0967f8f80d2,own-words,blank: no-source,no,,,area sweep of local news/official sites found no statement (leads/local.json)
Monroe IN,local,incumbent,Ruben D Marte,b8d4f904-23c8-4baa-8426-fbc44aafdf88,own-words,blank: no-source,no,,,area sweep of local news/official sites found no statement (leads/local.json)
Monroe IN,local,incumbent,Scott E Smith,4e663791-4b3a-4df3-8cd1-aff5a133d100,own-words,blank: no-source,no,,,area sweep of local news/official sites found no statement (leads/local.json)
Monroe IN,local,incumbent,Scott McGlocklin,9b6c6fda-4a19-4fa2-ab2c-39f18964426e,own-words,blank: no-source,no,,,area sweep of local news/official sites found no statement (leads/local.json)
Monroe IN,local,incumbent,Scott Oldham,b350d009-1533-4829-a88f-ac3387a43bb1,own-words,blank: no-source,no,,,area sweep of local news/official sites found no statement (leads/local.json)
Monroe IN,local,incumbent,Sean McInerney,327c1877-4b56-4fbe-bb06-0720cb656b4b,own-words,blank: no-source,no,,,area sweep of local news/official sites found no statement (leads/local.json)
Monroe IN,local,incumbent,Sean P Hall,c2e83228-1f15-4fb6-a1a2-8b11714afe4c,own-words,blank: no-source,no,,,area sweep of local news/official sites found no statement (leads/local.json)
Monroe IN,local,incumbent,Steven A. Hinds,ca5f69c1-5fd3-4a27-8e58-f78b0a2d3d2d,own-words,blank: no-source,no,,,area sweep of local news/official sites found no statement (leads/local.json)
Monroe IN,local,incumbent,Susie Hamilton,09ae2145-53d0-4def-a32b-0d18d020aed5,own-words,blank: no-source,no,,,area sweep of local news/official sites found no statement (leads/local.json)
Monroe IN,local,incumbent,Thelma K Jeffries,909d124c-63e0-4887-9987-15b78383d406,own-words,blank: no-source,no,,,area sweep of local news/official sites found no statement (leads/local.json)
Monroe IN,local,incumbent,Theresa Oatman,3a65723a-7531-4712-8a7f-e4233a5aadfb,own-words,blank: no-source,no,,,area sweep of local news/official sites found no statement (leads/local.json)
Monroe IN,local,incumbent,Trent Deckard,db4e6911-9dbb-430e-831c-08be094fd637,own-words,blank: no-source,no,,,area sweep of local news/official sites found no statement (leads/local.json)
Monroe IN,local,incumbent,Trevor Sager,b5b48d65-8a25-4c46-a993-22372d549cc5,own-words,blank: no-source,no,,,area sweep of local news/official sites found no statement (leads/local.json)
Monroe IN,local,incumbent,Trohn Enright-Randolph,ee683fa3-f186-4771-9197-e5297118756e,own-words,blank: no-source,no,,,area sweep of local news/official sites found no statement (leads/local.json)
Monroe IN,local,incumbent,Vic Streiff,5fbd1c3f-46f2-4532-89d0-ac971c60c1c8,own-words,blank: no-source,no,,,area sweep of local news/official sites found no statement (leads/local.json)
Monroe IN,local,incumbent,Vicki L McGlocklin,2fca4382-a1f2-431a-b6dd-cfb924d1f8c1,own-words,blank: no-source,no,,,area sweep of local news/official sites found no statement (leads/local.json)
Monroe IN,local,incumbent,Warren Kilmer,8e5d7373-4c60-4069-a71e-cec378c783e3,own-words,blank: no-source,no,,,area sweep of local news/official sites found no statement (leads/local.json)
Monroe IN,local,incumbent,Wendi Reynolds,d5c43411-143e-4a1c-a5d4-4ea346f638b5,own-words,blank: no-source,no,,,area sweep of local news/official sites found no statement (leads/local.json)
Monroe IN,local,incumbent,William E Smith,fe15ab1f-9d2f-4393-8584-8039fe879de7,own-words,blank: no-source,no,,,area sweep of local news/official sites found no statement (leads/local.json)
Monroe IN,local,incumbent,William Ellis,039e82de-035e-4dd3-a700-fe1959e9b447,own-words,blank: no-source,no,,,area sweep of local news/official sites found no statement (leads/local.json)
Racine WI,state,challenger,Adam Duda,4cd7c5f7-4df5-47a0-98d2-fc06d51d7951,record,blank: no-source,no,,,campaign-site sweep found nothing (leads/challengers.json)
Racine WI,state,challenger,Eddie Phanichkul,83f8f9f9-f1f5-457c-8335-d226998eb092,record,blank: no-source,no,,,campaign-site sweep found nothing (leads/challengers.json)
Racine WI,state,challenger,Ellen Schutt,2c8c7755-c1cc-45fc-aa04-a5f9fdeec498,record,blank: direction-only,yes,ellen-schutt,,"Schutt co-sponsored and voted Aye on AB 510 (2023-2024), whose section (3)(e) reserves to parents ""The right to determine the names and pronouns used for the child while at"" school, which points to the parental side (""Require parental permission before staff use a different name or pronouns""). But AB 510 is a multi-subject parental-rights bill, and no statement of hers ties her vote or sponsorship to that provision, so it shows a side at most, not a rung."
Racine WI,state,challenger,Gina Cefalu-Paulick,1d3dabab-3ecf-46e0-8a5e-34be8a7d27b9,record,blank: direction-only (not coded),no,,,lead files: challengers.json
Racine WI,state,challenger,Jim Croft,1fca158a-ec5d-4797-9826-07dc678a33a3,record,blank: no-source,no,,,campaign-site sweep found nothing (leads/challengers.json)
Racine WI,state,challenger,Maria Elena Bisabarros,823ce464-e74e-42c5-8fb8-ac4c46407eee,record,blank: no-source,no,,,campaign-site sweep found nothing (leads/challengers.json)
Racine WI,state,challenger,Mike Bellagio,e2a3c2f9-7067-4443-bed0-eabc6efa892a,record,blank: no-source,no,,,campaign-site sweep found nothing (leads/challengers.json)
Racine WI,state,challenger,Steve Wicklund,165d3a2e-5515-4a6e-8c5a-8e2caec579ba,record,blank: no-source,no,,,campaign-site sweep found nothing (leads/challengers.json)
Racine WI,state,challenger,Trevor Jung,2b7018ff-cbb0-4090-9261-daee8c29abae,record,blank: no-source,no,,,campaign-site sweep found nothing (leads/challengers.json)
Racine WI,state,incumbent,Angelina M. Cruz,11c8f424-55d1-4e28-b297-d6a670a033d6,record,blank: direction-only,yes,angelina-cruz,,"Cruz voted No on AB 103 (2025), whose operative section bars staff from using a name or pronouns not aligned with biological sex 'without written authorization from the pupil’s parent or legal guardian' — the rung 'Require parental permission before staff use a different name or pronouns.' Voting against it rules out that rung but does not show whether she favors notification on request, mandatory notification, forbidding notification rules, or confidentiality unless the student consents."
Racine WI,state,incumbent,Bob Wirch,6e3e9f2e-c393-45ef-b702-8bba4c209220,record,blank: direction-only,yes,bob-wirch,,"Wirch voted Nay on AB 103, whose operative section bars staff from using a name or pronouns not aligned with biological sex ""without written authorization from the pupil’s parent or legal guardian"" — the rung ""Require parental permission before staff use a different name or pronouns."" Opposing that rung does not show which of the remaining rungs (secrecy, forbidding notification rules, notice on request, or mandatory notification) he holds, and his Nays on the multi-subject parents' bills of rights (AB 963, AB 510) prove nothing about the names-and-pronouns clause."
Racine WI,state,incumbent,Chuck Wichgers,3db74c79-d91c-4bfb-9d1e-7cfc022cde25,record,5,yes,chuck-wichgers,,"Wichgers coauthored and voted Aye (50-43) on AB 103 (2025), a single-subject bill whose operative section bars staff from using a name or pronouns not aligned with a minor's biological sex ""without written authorization from the pupil’s parent or legal guardian"". That matches the rung ""Require parental permission before staff use a different name or pronouns"" and goes beyond mere notification. His votes for the multi-subject parental-rights bills AB 963 and AB 510 point the same way but do not seat the chair on their own."
Racine WI,state,incumbent,Greta Neubauer,4e65b04a-e607-4905-93ef-1e6ec0552fb6,record,blank: direction-only,yes,greta-neubauer,,"She voted No on AB 103 (2025), a single-subject bill barring staff from using a name or pronouns not aligned with biological sex ""without written authorization from the pupil’s parent or legal guardian"", which rules out the rung ""Require parental permission before staff use a different name or pronouns"" but does not choose among the notification and confidentiality rungs. Her No votes on AB 510 and AB 963 are on multi-subject bills and prove nothing."
Racine WI,state,incumbent,Julian Bradley,7fdcb712-d201-49d4-9d2b-c28bfa780702,record,5,yes,julian-bradley,,"Bradley voted Aye (18-15) on AB 103 (2025-2026), a single-subject bill whose operative section bars school staff from using a name or pronouns that do not align with a minor pupil's biological sex without written authorization from the parent or legal guardian, which matches the rung ""Require parental permission before staff use a different name or pronouns"" and goes beyond mere notification. His Aye votes on the multi-subject parents' bills of rights (AB 963, AB 510) point the same way but cannot carry a chair alone."
Racine WI,state,incumbent,Robert Wittke,7c8a7cd3-ac60-4292-81c8-11f1946fb9e0,record,5,yes,bob-wittke,,"Wittke voted Aye on AB 103 (2025), a single-subject bill passed 50-43 whose operative section bars staff from using a name or pronouns not aligned with biological sex ""without written authorization from the pupil’s parent or legal guardian"", matching the rung ""Require parental permission before staff use a different name or pronouns."" His authored AB 510 and co-sponsored AB 963 declare a parental right to determine names and pronouns at school, consistent in direction but not chair-shaped on their own."
Racine WI,state,incumbent,Robin Vos,07e3c239-1edf-47c5-8666-cdc7b8ef52ae,record,5,yes,robin-vos,,"As Speaker he voted Y on AB 103 (2025), a single-subject bill providing that school staff may not use a name or pronouns not aligned with a minor's biological sex ""without written authorization from the pupil’s parent or legal guardian"", which matches the rung ""Require parental permission before staff use a different name or pronouns."" His Y votes on the multi-subject parental-rights bills AB 510 and AB 963 point the same way but cannot carry a chair alone."
Racine WI,state,incumbent,Steve Nass,f8901d87-cb68-480a-84cd-b40290c1bb8b,record,5,yes,steve-nass,,"Nass voted Aye (18-15) on Senate concurrence for single-subject AB 103 (2025), whose operative section bars staff from using a name or pronouns not aligned with biological sex ""without written authorization from the pupil’s parent or legal guardian"" — the rung ""Require parental permission before staff use a different name or pronouns."" His cosponsorships and votes on the multi-part parental bills of rights AB 963 and AB 510 point the same way but are multi-subject and carry no chair on their own."
Racine WI,state,incumbent,Van Wanggaard,908761b2-ab7f-4307-a073-a5a00e220b43,record,5,yes,van-wanggaard,,"Wanggaard voted Aye (18-15) on Senate concurrence in AB 103 (2025-2026), a single-subject bill whose operative section bars staff from referring to a minor by a name or pronouns not aligned with biological sex ""without written authorization from the pupil’s parent or legal guardian"", which matches ""Require parental permission before staff use a different name or pronouns."" His AB 510 and AB 963 parental-rights bills and his press-release words point the same way but only show direction."
Racine WI,federal,challenger,Mitchell Berman,125d89b1-3764-465f-8eb8-807c965dd278,own-words,blank: no-source,no,,,campaign-site sweep found nothing (leads/challengers.json)
Racine WI,federal,incumbent,Bryan Steil,255d8144-689b-4753-b0e1-bf66ae283026,own-words,blank: no-evidence,yes,bryan-steil,,"At the federal level only the person's own words can seat a chair on this topic, and every source here is a record: Yea votes on H.R. 5 (118th) and H.R. 2616 (119th), which require parental consent before changing a child's pronouns or preferred name on school forms. No statement by Steil is in the sources, so no passage survives to support ""Require parental permission before staff use a different name or pronouns"" or any other rung."
Racine WI,federal,incumbent,Ron Johnson,00abc782-e86b-40f2-be0d-f07fad802688,own-words,blank: no-source,no,,,"no bill, vote or statement found (leads/federal.json)"
Racine WI,federal,incumbent,Tammy Baldwin,ac7faadb-52c2-4e13-9073-3a607a4f8e57,own-words,blank: no-source,no,,,"no bill, vote or statement found (leads/federal.json)"
Racine WI,local,incumbent,Adam Graf,bed2a2d8-491c-4f51-a2ca-a0de3e2df98f,own-words,blank: no-source,no,,,area sweep of local news/official sites found no statement (leads/local.json)
Racine WI,local,incumbent,Adam Jaskie,ab035a52-9f7a-4a46-a1a0-f117bbf5bad4,own-words,blank: no-source,no,,,area sweep of local news/official sites found no statement (leads/local.json)
Racine WI,local,incumbent,Adam Schaefer,9798bf5f-86f2-404d-b409-f874dcf38cdd,own-words,blank: no-source,no,,,area sweep of local news/official sites found no statement (leads/local.json)
Racine WI,local,incumbent,Ali Gasser,e4166382-4534-449e-930a-5a0a31b69a39,own-words,blank: no-source,no,,,area sweep of local news/official sites found no statement (leads/local.json)
Racine WI,local,incumbent,Alison McCulloch,a516a90f-8c5c-410b-8011-490176f0f423,own-words,blank: no-source,no,,,area sweep of local news/official sites found no statement (leads/local.json)
Racine WI,local,incumbent,Alyson Weiss,21a99682-c016-4eb1-850b-3bf07818596d,own-words,blank: no-source,no,,,area sweep of local news/official sites found no statement (leads/local.json)
Racine WI,local,incumbent,Amy Vanderhoef,1349f478-b02b-427a-9837-8822673133c5,own-words,blank: no-source,no,,,area sweep of local news/official sites found no statement (leads/local.json)
Racine WI,local,incumbent,Andrea Brewer,19754426-3aef-49fd-a743-c2d67f3ebf94,own-words,blank: no-source,no,,,area sweep of local news/official sites found no statement (leads/local.json)
Racine WI,local,incumbent,Andrew Handeland,c078112d-e77d-4caf-bec4-06d0b81827e8,own-words,blank: no-source,no,,,area sweep of local news/official sites found no statement (leads/local.json)
Racine WI,local,incumbent,Barb Witek,ce714870-9224-4ea3-91e3-aa0e55f938b9,own-words,blank: no-source,no,,,area sweep of local news/official sites found no statement (leads/local.json)
Racine WI,local,incumbent,Bill McCormick,b0ead048-2752-40f5-b54f-eb0945f0e335,own-words,blank: no-source,no,,,area sweep of local news/official sites found no statement (leads/local.json)
Racine WI,local,incumbent,Bill Smitz,f51c85d1-88b2-4a44-8c68-0cd0e72bd2bd,own-words,blank: no-source,no,,,area sweep of local news/official sites found no statement (leads/local.json)
Racine WI,local,incumbent,Brett A. Nielsen,0446822f-3443-4cfd-8f8b-8793edd0c5b6,own-words,blank: no-source,no,,,area sweep of local news/official sites found no statement (leads/local.json)
Racine WI,local,incumbent,Brian Johnson,73087f4d-3daf-4065-9b72-6a3e598cf7d1,own-words,blank: no-source,no,,,area sweep of local news/official sites found no statement (leads/local.json)
Racine WI,local,incumbent,Brittany Hodges,6bd87474-91f1-4381-bdfe-b54de0477497,own-words,blank: no-source,no,,,area sweep of local news/official sites found no statement (leads/local.json)
Racine WI,local,incumbent,Brittany Welch,4165290d-132d-4063-93e7-facef421535b,own-words,blank: no-source,no,,,area sweep of local news/official sites found no statement (leads/local.json)
Racine WI,local,incumbent,Carmen Gaspero,c66fa1df-72d8-4ba4-98ea-53e8f617759b,own-words,blank: no-source,no,,,area sweep of local news/official sites found no statement (leads/local.json)
Racine WI,local,incumbent,Charlie Manning,77112407-ca98-4a56-835d-d113a60127b7,own-words,blank: no-source,no,,,area sweep of local news/official sites found no statement (leads/local.json)
Racine WI,local,incumbent,Christopher Schmaling,b5485814-7374-44bc-a8da-f2e7188c01fe,own-words,blank: no-source,no,,,area sweep of local news/official sites found no statement (leads/local.json)
Racine WI,local,incumbent,Cory Bartlett,57fc0a81-f2c1-4429-901c-b05ccd76a546,own-words,blank: no-source,no,,,area sweep of local news/official sites found no statement (leads/local.json)
Racine WI,local,incumbent,Cory Mason,6cd02c2b-6bca-4b74-9703-0917872bf3f7,own-words,blank: no-source,no,,,area sweep of local news/official sites found no statement (leads/local.json)
Racine WI,local,incumbent,Daniel Maurice,136baf8a-84e1-489c-af4e-9c43c3665b10,own-words,blank: no-source,no,,,area sweep of local news/official sites found no statement (leads/local.json)
Racine WI,local,incumbent,David DeGroot,4bbafa07-020e-4f89-8a72-6f427d47c069,own-words,blank: no-source,no,,,area sweep of local news/official sites found no statement (leads/local.json)
Racine WI,local,incumbent,David K. Thompson,04b58fa6-8ec8-4d2b-8582-ae70dbbdab22,own-words,blank: no-source,no,,,area sweep of local news/official sites found no statement (leads/local.json)
Racine WI,local,incumbent,David Karas,397b57a0-6dfc-41fe-b39f-e42fe0e40f9c,own-words,blank: no-source,no,,,area sweep of local news/official sites found no statement (leads/local.json)
Racine WI,local,incumbent,David L. Maack,359c3243-f328-4cfd-b13a-0c319acf1b6d,own-words,blank: no-source,no,,,area sweep of local news/official sites found no statement (leads/local.json)
Racine WI,local,incumbent,Denise Anastasio,a672a629-7be8-415d-8015-146b4e130685,own-words,blank: no-source,no,,,area sweep of local news/official sites found no statement (leads/local.json)
Racine WI,local,incumbent,Don Trottier,3b6ddd4c-1cb7-4468-aeab-fd4e54e8b03f,own-words,blank: no-source,no,,,area sweep of local news/official sites found no statement (leads/local.json)
Racine WI,local,incumbent,Doug Schwartz,63a1fed7-55de-425a-8349-ae89c54af631,own-words,blank: no-source,no,,,area sweep of local news/official sites found no statement (leads/local.json)
Racine WI,local,incumbent,Doug Webb,6b0fa0a1-e8f8-4329-8d70-ec043f5d63f8,own-words,blank: no-source,no,,,area sweep of local news/official sites found no statement (leads/local.json)
Racine WI,local,incumbent,Douglas Nelson,3c297787-e102-4678-b576-620a1e72ebec,own-words,blank: no-source,no,,,area sweep of local news/official sites found no statement (leads/local.json)
Racine WI,local,incumbent,Douglas White,9fc9a6c4-919f-4d31-b502-06cbd9d4b273,own-words,blank: no-source,no,,,area sweep of local news/official sites found no statement (leads/local.json)
Racine WI,local,incumbent,Eric Hopkins,e2b79962-0f11-4aa1-8fcf-987275790eb6,own-words,blank: no-source,no,,,area sweep of local news/official sites found no statement (leads/local.json)
Racine WI,local,incumbent,Ernie Rossi,7dd312fb-8b5c-418b-8e5e-92a585b7cf51,own-words,blank: no-source,no,,,area sweep of local news/official sites found no statement (leads/local.json)
Racine WI,local,incumbent,Eugene Bower,0876e34b-19a5-492d-9eb7-c384bb6e98e5,own-words,blank: no-source,no,,,area sweep of local news/official sites found no statement (leads/local.json)
Racine WI,local,incumbent,Fran Martin,3b814fa0-c74e-4915-ae7a-ef826d3300d7,own-words,blank: no-source,no,,,area sweep of local news/official sites found no statement (leads/local.json)
Racine WI,local,incumbent,"Gary Beck, Jr.",ec3380b3-12bc-4cea-8bf3-278b5840075d,own-words,blank: no-source,no,,,area sweep of local news/official sites found no statement (leads/local.json)
Racine WI,local,incumbent,Grace Allen,7cd80dd2-bbc6-4ae0-8445-b8688bf19c47,own-words,blank: no-source,no,,,area sweep of local news/official sites found no statement (leads/local.json)
Racine WI,local,incumbent,Greg Horeth,d5d3fcd5-0ece-454a-8f17-dd3549a67812,own-words,blank: no-source,no,,,area sweep of local news/official sites found no statement (leads/local.json)
Racine WI,local,incumbent,Holly McManus,3fa607ac-8824-4bb5-99a8-c5267c41af21,own-words,blank: no-source,no,,,area sweep of local news/official sites found no statement (leads/local.json)
Racine WI,local,incumbent,James M. Hoffman,4478ea39-a6a6-495b-93aa-7193bb620675,own-words,blank: no-source,no,,,area sweep of local news/official sites found no statement (leads/local.json)
Racine WI,local,incumbent,James Westfall,0c71e9e8-139e-4354-9f77-8331c4803e72,own-words,blank: no-source,no,,,area sweep of local news/official sites found no statement (leads/local.json)
Racine WI,local,incumbent,Janet Ruffolo,bea5a9c3-479a-490f-8efa-2e7c10e24e69,own-words,blank: no-source,no,,,area sweep of local news/official sites found no statement (leads/local.json)
Racine WI,local,incumbent,Jared Guillien,63abf4d0-ed08-411c-8c8e-d502e4412842,own-words,blank: no-source,no,,,area sweep of local news/official sites found no statement (leads/local.json)
Racine WI,local,incumbent,Jason Ingle,ccfbe508-5951-4b48-9035-37ffaaa7d190,own-words,blank: no-source,no,,,area sweep of local news/official sites found no statement (leads/local.json)
Racine WI,local,incumbent,Jason Ketterhagen,8a2ac0e8-cf73-4ebc-81e5-12e7ef804256,own-words,blank: no-source,no,,,area sweep of local news/official sites found no statement (leads/local.json)
Racine WI,local,incumbent,Jean Jacobson,4d88b3f6-462e-4d04-9128-d8888d777b80,own-words,blank: no-source,no,,,area sweep of local news/official sites found no statement (leads/local.json)
Racine WI,local,incumbent,Jeff Latus,ce63b1cc-7340-4a92-8c4f-5bc7d453effb,own-words,blank: no-source,no,,,area sweep of local news/official sites found no statement (leads/local.json)
Racine WI,local,incumbent,Jeff Rice,13b01734-2244-46b3-ad42-86d0315a9bc5,own-words,blank: no-source,no,,,area sweep of local news/official sites found no statement (leads/local.json)
Racine WI,local,incumbent,Jeff Sterling,93039f23-defc-4274-bb96-554d30fe8683,own-words,blank: no-source,no,,,area sweep of local news/official sites found no statement (leads/local.json)
Racine WI,local,incumbent,Jennifer Ditscheit,674baf82-204c-40f4-9e6e-7a0166aa2347,own-words,blank: no-source,no,,,area sweep of local news/official sites found no statement (leads/local.json)
Racine WI,local,incumbent,Jens Jorgensen,bc8463aa-5db8-41cd-a3cb-34608e9f9a7c,own-words,blank: no-source,no,,,area sweep of local news/official sites found no statement (leads/local.json)
Racine WI,local,incumbent,Jim Venturini,99f0eae3-5f96-475a-b3c3-b4df2a7695fc,own-words,blank: no-source,no,,,area sweep of local news/official sites found no statement (leads/local.json)
Racine WI,local,incumbent,Jody Spencer,fdba65d2-19ae-4cb5-a69e-bd6ca60aeecf,own-words,blank: no-source,no,,,area sweep of local news/official sites found no statement (leads/local.json)
Racine WI,local,incumbent,John Todryk,4130b553-c031-4130-9f5f-bcba283b4e92,own-words,blank: no-source,no,,,area sweep of local news/official sites found no statement (leads/local.json)
Racine WI,local,incumbent,John Wisch,2d0e85a2-ab25-4a0a-9f94-b8dc2c78a946,own-words,blank: no-source,no,,,area sweep of local news/official sites found no statement (leads/local.json)
Racine WI,local,incumbent,Jon Schultz,8f00793e-5c19-485d-a3b0-cd7802157608,own-words,blank: no-source,no,,,area sweep of local news/official sites found no statement (leads/local.json)
Racine WI,local,incumbent,Judi Adams,776145b1-6634-44b3-b701-0e348473098e,own-words,blank: no-source,no,,,area sweep of local news/official sites found no statement (leads/local.json)
Racine WI,local,incumbent,Kari Villalpando,ff6e2e2b-0b00-4755-8b75-b7332487f763,own-words,blank: no-source,no,,,area sweep of local news/official sites found no statement (leads/local.json)
Racine WI,local,incumbent,Karie L. Pope,b2c0c382-3787-49e1-86ff-d77331479d1d,own-words,blank: no-source,no,,,area sweep of local news/official sites found no statement (leads/local.json)
Racine WI,local,incumbent,Katie Mooney,86d17865-356a-46f8-b1fb-c71af7f9a3d9,own-words,blank: no-source,no,,,area sweep of local news/official sites found no statement (leads/local.json)
Racine WI,local,incumbent,Kelli Dunham,903f5c34-96b1-4aa1-bbc9-34cf427137ad,own-words,blank: no-source,no,,,area sweep of local news/official sites found no statement (leads/local.json)
Racine WI,local,incumbent,Kelli Stein,a62d1b11-8044-47a0-a4ca-c28081e8fbe3,own-words,blank: no-source,no,,,area sweep of local news/official sites found no statement (leads/local.json)
Racine WI,local,incumbent,Ken Hinkle,d513a57c-2c38-41a8-89c3-b78359abd40f,own-words,blank: no-source,no,,,area sweep of local news/official sites found no statement (leads/local.json)
Racine WI,local,incumbent,Kristy Boyle,d2a77e1a-5708-4df2-87d5-7942f9b1b2cf,own-words,blank: no-source,no,,,area sweep of local news/official sites found no statement (leads/local.json)
Racine WI,local,incumbent,Laura Rude,0c843cf1-0b1e-4610-9bd1-98776375daca,own-words,blank: no-source,no,,,area sweep of local news/official sites found no statement (leads/local.json)
Racine WI,local,incumbent,Lee Wishau,99fa1a17-73b4-418c-b8ac-a942f0c25f84,own-words,blank: no-source,no,,,area sweep of local news/official sites found no statement (leads/local.json)
Racine WI,local,incumbent,Linda Johnson,fd680f3b-0be7-414a-a447-f6effa0e0ee6,own-words,blank: no-source,no,,,area sweep of local news/official sites found no statement (leads/local.json)
Racine WI,local,incumbent,Malik Frazier,c52c91ca-a08f-4b8b-a26e-7971a25b52a0,own-words,blank: no-source,no,,,area sweep of local news/official sites found no statement (leads/local.json)
Racine WI,local,incumbent,Mark Gelhaus,f4eab6ba-b561-4a0e-83e0-f9fbfd3bef7f,own-words,blank: no-source,no,,,area sweep of local news/official sites found no statement (leads/local.json)
Racine WI,local,incumbent,Marlo Harmon,b9ff7e84-79b3-45a1-b9c6-b6b303771b14,own-words,blank: no-source,no,,,area sweep of local news/official sites found no statement (leads/local.json)
Racine WI,local,incumbent,Mary Kay Hall,f20f076e-c3cf-4979-9c5d-d63bb229af61,own-words,blank: no-source,no,,,area sweep of local news/official sites found no statement (leads/local.json)
Racine WI,local,incumbent,Mary Land,a9762952-cb70-4546-8862-a4cba2137c1f,own-words,blank: no-source,no,,,area sweep of local news/official sites found no statement (leads/local.json)
Racine WI,local,incumbent,Matt Seivert,d8cdee35-5910-4c3c-a60f-9fe0843bd1b8,own-words,blank: no-source,no,,,area sweep of local news/official sites found no statement (leads/local.json)
Racine WI,local,incumbent,Maurice Horton,47cdf9e8-d5f8-4cb3-aeab-8d8ef1be4909,own-words,blank: no-source,no,,,area sweep of local news/official sites found no statement (leads/local.json)
Racine WI,local,incumbent,Melissa Kaprelian,33cdad7e-ada6-4da9-9e99-64bc510fbb6e,own-words,blank: no-source,no,,,area sweep of local news/official sites found no statement (leads/local.json)
Racine WI,local,incumbent,Michael Fox,50a2523b-34fd-4942-a07e-a2a1aea63679,own-words,blank: no-source,no,,,area sweep of local news/official sites found no statement (leads/local.json)
Racine WI,local,incumbent,Michael Lambrecht,09b4c8ea-5f00-48bd-a715-f31c40732053,own-words,blank: no-source,no,,,area sweep of local news/official sites found no statement (leads/local.json)
Racine WI,local,incumbent,Michael Lyman,a33a112b-faea-486c-b5a1-5f931335d56b,own-words,blank: no-source,no,,,area sweep of local news/official sites found no statement (leads/local.json)
Racine WI,local,incumbent,Mike Rosenbaum,4fa7daa6-2ac5-4b7d-b54c-f7bf0c47bbec,own-words,blank: no-source,no,,,area sweep of local news/official sites found no statement (leads/local.json)
Racine WI,local,incumbent,Mike Shenkenberg,64ca10ca-9b15-4ffe-871d-7753b844dc09,own-words,blank: no-source,no,,,area sweep of local news/official sites found no statement (leads/local.json)
Racine WI,local,incumbent,Mike Thelen,44a22a00-fbe0-4137-bac7-b230fcce74fd,own-words,blank: no-source,no,,,area sweep of local news/official sites found no statement (leads/local.json)
Racine WI,local,incumbent,Monte Osterman,3130fabe-aaa0-42c6-aa28-04e9c2ab612a,own-words,blank: no-source,no,,,area sweep of local news/official sites found no statement (leads/local.json)
Racine WI,local,incumbent,Nancy Pierce,b3243e2c-aa25-4be9-b5d1-2061765e0c80,own-words,blank: no-source,no,,,area sweep of local news/official sites found no statement (leads/local.json)
Racine WI,local,incumbent,Nancy Washburn,cf909d3f-2395-4a9e-856f-367302829ef5,own-words,blank: no-source,no,,,area sweep of local news/official sites found no statement (leads/local.json)
Racine WI,local,incumbent,Nathan Pabon,951d059a-0cf5-46ba-9eda-fb96cbe1da8b,own-words,blank: no-source,no,,,area sweep of local news/official sites found no statement (leads/local.json)
Racine WI,local,incumbent,Neal Czaplewski,e56b4563-2b84-452a-acb2-0be3ceba427e,own-words,blank: no-source,no,,,area sweep of local news/official sites found no statement (leads/local.json)
Racine WI,local,incumbent,Nick Ahlers,4901ee85-4731-4253-a2ab-aaf784b15173,own-words,blank: no-source,no,,,area sweep of local news/official sites found no statement (leads/local.json)
Racine WI,local,incumbent,Olivia Turquoise Davis,433fcd8d-29dd-44e9-8d99-5f5a2f72ca7b,own-words,blank: no-source,no,,,area sweep of local news/official sites found no statement (leads/local.json)
Racine WI,local,incumbent,Pat Goldammer,5531302c-c3e9-4ba3-9d55-c465e628a876,own-words,blank: no-source,no,,,area sweep of local news/official sites found no statement (leads/local.json)
Racine WI,local,incumbent,Pat Nannemann,2b88da91-d520-439a-a76e-155eeacdfc24,own-words,blank: no-source,no,,,area sweep of local news/official sites found no statement (leads/local.json)
Racine WI,local,incumbent,Patricia J. Hanson,e444877d-286c-4bc8-93c8-c48fe5f6dbf2,own-words,blank: no-source,no,,,area sweep of local news/official sites found no statement (leads/local.json)
Racine WI,local,incumbent,Paul Kobernick,fdd89340-884e-484c-bb2a-e3f9b47de9a0,own-words,blank: no-source,no,,,area sweep of local news/official sites found no statement (leads/local.json)
Racine WI,local,incumbent,Paul Schroeder,96760409-2245-4934-97e3-97933f798aed,own-words,blank: no-source,no,,,area sweep of local news/official sites found no statement (leads/local.json)
Racine WI,local,incumbent,Phil Hein,6ee76f02-5fab-4d81-8d2f-1bb45d935bec,own-words,blank: no-source,no,,,area sweep of local news/official sites found no statement (leads/local.json)
Racine WI,local,incumbent,Prescott Balch,3ea2a666-643d-4518-b19c-81cd3f61fd34,own-words,blank: no-source,no,,,area sweep of local news/official sites found no statement (leads/local.json)
Racine WI,local,incumbent,"Q.A. Shakoor, II",1375a361-0ef9-4ef6-9d33-8f4bc6c79a4e,own-words,blank: no-source,no,,,area sweep of local news/official sites found no statement (leads/local.json)
Racine WI,local,incumbent,Ralph Malicki,0a695784-7fe4-4545-bf90-9e1770db5709,own-words,blank: no-source,no,,,area sweep of local news/official sites found no statement (leads/local.json)
Racine WI,local,incumbent,Ralph Schopp,e69a31fa-015b-4016-ba86-cf7b2364ea74,own-words,blank: no-source,no,,,area sweep of local news/official sites found no statement (leads/local.json)
Racine WI,local,incumbent,Ram Bhatia,d2fac01d-7489-4932-89e9-e3b0e3640fe7,own-words,blank: no-source,no,,,area sweep of local news/official sites found no statement (leads/local.json)
Racine WI,local,incumbent,Renee Kelly,6c040b24-d9cc-48ad-8271-3cfead5a6c5d,own-words,blank: no-source,no,,,area sweep of local news/official sites found no statement (leads/local.json)
Racine WI,local,incumbent,Richard Paap,efdd4e9a-e43d-4574-91e9-3ebae1131d01,own-words,blank: no-source,no,,,area sweep of local news/official sites found no statement (leads/local.json)
Racine WI,local,incumbent,Rick Cermak,3e87c93c-1140-4ae1-9f91-e9d84f3246c1,own-words,blank: no-source,no,,,area sweep of local news/official sites found no statement (leads/local.json)
Racine WI,local,incumbent,Robert Funk,f6e1591f-1e9a-4613-b252-8378722998b9,own-words,blank: no-source,no,,,area sweep of local news/official sites found no statement (leads/local.json)
Racine WI,local,incumbent,Robert Helback,53c1ddb7-69b7-4063-8f37-9087a8448e59,own-words,blank: no-source,no,,,area sweep of local news/official sites found no statement (leads/local.json)
Racine WI,local,incumbent,Robert N. Miller,6b95b80c-22bd-4176-8346-4c5459b5a090,own-words,blank: no-source,no,,,area sweep of local news/official sites found no statement (leads/local.json)
Racine WI,local,incumbent,Robert Nash,f8fdd78f-8a74-4c70-991c-7f708604fbc2,own-words,blank: no-source,no,,,area sweep of local news/official sites found no statement (leads/local.json)
Racine WI,local,incumbent,Robert Ulander,6c14655c-5643-4f0e-8950-a53f60394bf7,own-words,blank: no-source,no,,,area sweep of local news/official sites found no statement (leads/local.json)
Racine WI,local,incumbent,Rocco Castellano,be460b60-836d-4293-8231-ea1db59d39b7,own-words,blank: no-source,no,,,area sweep of local news/official sites found no statement (leads/local.json)
Racine WI,local,incumbent,Rocco DeMark,144aea3e-8903-4a38-b509-d46cc0c47b21,own-words,blank: no-source,no,,,area sweep of local news/official sites found no statement (leads/local.json)
Racine WI,local,incumbent,Roger Mellem,02cf5cf0-3308-4db4-903c-50042a5eab77,own-words,blank: no-source,no,,,area sweep of local news/official sites found no statement (leads/local.json)
Racine WI,local,incumbent,Russ Kumbier,1d77eab3-465c-4b0e-9cda-19d85400a18f,own-words,blank: no-source,no,,,area sweep of local news/official sites found no statement (leads/local.json)
Racine WI,local,incumbent,Ryan Nelson,8c6d1a44-f10a-4197-8dfa-f09adf231c97,own-words,blank: no-source,no,,,area sweep of local news/official sites found no statement (leads/local.json)
Racine WI,local,incumbent,Sam Peete,afcc665d-1d0a-4bc5-a681-b535801aa044,own-words,blank: no-source,no,,,area sweep of local news/official sites found no statement (leads/local.json)
Racine WI,local,incumbent,Sam Stratton,45c30b1e-939b-4163-8bda-ffbb490b1dd2,own-words,blank: no-source,no,,,area sweep of local news/official sites found no statement (leads/local.json)
Racine WI,local,incumbent,Sandy Weidner,e13f9358-153f-4358-9f31-3238b05f71bb,own-words,blank: no-source,no,,,area sweep of local news/official sites found no statement (leads/local.json)
Racine WI,local,incumbent,Sara Gloeckler,c9630573-4f75-4e28-b761-e6e56b91b819,own-words,blank: no-source,no,,,area sweep of local news/official sites found no statement (leads/local.json)
Racine WI,local,incumbent,Scott Maier,ecf42f21-d452-4039-b24d-8480e8d858e5,own-words,blank: no-source,no,,,area sweep of local news/official sites found no statement (leads/local.json)
Racine WI,local,incumbent,Shad Branen,92708732-1257-4f34-9df4-5a8516a0a1dd,own-words,blank: no-source,no,,,area sweep of local news/official sites found no statement (leads/local.json)
Racine WI,local,incumbent,Steve Nelson,4506c9ca-961e-4bc9-9ad1-72fa9c74fa94,own-words,blank: no-source,no,,,area sweep of local news/official sites found no statement (leads/local.json)
Racine WI,local,incumbent,Steve Peterson,5fb56d68-3716-4f75-8468-5fad3cb9bef5,own-words,blank: no-source,no,,,area sweep of local news/official sites found no statement (leads/local.json)
Racine WI,local,incumbent,Steve Swantz,ff42fa35-69c3-42aa-b9ea-ee84996b6ed1,own-words,blank: no-source,no,,,area sweep of local news/official sites found no statement (leads/local.json)
Racine WI,local,incumbent,Tamara Pollnow,9019d3a4-ba86-47bf-99e3-241044317506,own-words,blank: no-source,no,,,area sweep of local news/official sites found no statement (leads/local.json)
Racine WI,local,incumbent,Taylor Wishau,57e48782-606a-4793-aca7-5fd13dc5e4f0,own-words,blank: no-source,no,,,area sweep of local news/official sites found no statement (leads/local.json)
Racine WI,local,incumbent,Thomas Weatherston,b249285b-0d3f-45ea-8d6d-5ce965a6c79e,own-words,blank: no-source,no,,,area sweep of local news/official sites found no statement (leads/local.json)
Racine WI,local,incumbent,Tim Szeklinski,19158249-4fd5-4d1f-9ee3-a9995e565600,own-words,blank: no-source,no,,,area sweep of local news/official sites found no statement (leads/local.json)
Racine WI,local,incumbent,Timothy Hansen,92b4243c-a2d8-4e9c-978b-adb0babe52de,own-words,blank: no-source,no,,,area sweep of local news/official sites found no statement (leads/local.json)
Racine WI,local,incumbent,Tom Kramer,bd6fa242-e96a-4bb1-8c87-1d4abcd100de,own-words,blank: no-source,no,,,area sweep of local news/official sites found no statement (leads/local.json)
Racine WI,local,incumbent,Tom Mroczkowski,8d78d1b6-3262-444b-a802-cf5ca62003b0,own-words,blank: no-source,no,,,area sweep of local news/official sites found no statement (leads/local.json)
Racine WI,local,incumbent,Tom Preusker,f64a25b4-cc2f-48fa-8910-dec51d8bcce9,own-words,blank: no-source,no,,,area sweep of local news/official sites found no statement (leads/local.json)
Racine WI,local,incumbent,Tony Veranth,b23cda29-b228-4900-ba38-fad82140e184,own-words,blank: no-source,no,,,area sweep of local news/official sites found no statement (leads/local.json)
Racine WI,local,incumbent,Troy McReynolds,19b1b32b-7561-410e-bffd-8b62ba7a1344,own-words,blank: no-source,no,,,area sweep of local news/official sites found no statement (leads/local.json)
Racine WI,local,incumbent,Valena Lena Coleman,1c3fa486-3719-402e-b4d5-65680870eabe,own-words,blank: no-source,no,,,area sweep of local news/official sites found no statement (leads/local.json)
Racine WI,local,incumbent,Walter Davis,945b5c00-7a52-47ec-9eb1-03aadb8914be,own-words,blank: no-source,no,,,area sweep of local news/official sites found no statement (leads/local.json)
Racine WI,local,incumbent,Wendy M. Christensen,106bd9ff-a2bd-4d78-bac9-eb10fae5f52c,own-words,blank: no-source,no,,,area sweep of local news/official sites found no statement (leads/local.json)
Utah County UT,school,incumbent,Ada S. Wilson,6ec1d0b8-5546-46ef-bd21-353a4c1a9315,record,blank: no-source,no,,,no board vote attributable to a member found; Provo Policy 3300 (2025) adoption vote not in posted minutes (leads/utah.json)
Utah County UT,school,incumbent,Brian Rowley,3752a467-acd6-461b-8080-b426497b187b,record,blank: no-source,no,,,no board vote attributable to a member found; Provo Policy 3300 (2025) adoption vote not in posted minutes (leads/utah.json)
Utah County UT,school,incumbent,Emily B. Peterson,62620530-a12a-4298-8f3f-7e8f6b26258d,record,blank: no-source,no,,,no board vote attributable to a member found; Provo Policy 3300 (2025) adoption vote not in posted minutes (leads/utah.json)
Utah County UT,school,incumbent,Emily Harrison,7e25bb14-7369-469e-8e70-9efc9c8ff0da,record,blank: no-source,no,,,no board vote attributable to a member found; Provo Policy 3300 (2025) adoption vote not in posted minutes (leads/utah.json)
Utah County UT,school,incumbent,Gina Hales,cf3373d3-3694-4993-a3fb-723bb3402893,record,blank: no-source,no,,,no board vote attributable to a member found; Provo Policy 3300 (2025) adoption vote not in posted minutes (leads/utah.json)
Utah County UT,school,incumbent,Jennifer Partridge,c094510c-c61a-48d0-8ecf-75507452939e,record,blank: no-source,no,,,no board vote attributable to a member found; Provo Policy 3300 (2025) adoption vote not in posted minutes (leads/utah.json)
Utah County UT,school,incumbent,John Taylor,3d8050a4-c3d6-4577-96dd-4faee3e420c3,record,blank: no-source,no,,,no board vote attributable to a member found; Provo Policy 3300 (2025) adoption vote not in posted minutes (leads/utah.json)
Utah County UT,school,incumbent,Joylin Lincoln,6a359ef9-7247-490c-bbfe-4e4d26669602,record,blank: no-source,no,,,no board vote attributable to a member found; Provo Policy 3300 (2025) adoption vote not in posted minutes (leads/utah.json)
Utah County UT,school,incumbent,Julie King,09760069-7794-4e5e-a9fa-e75fc8139af5,record,blank: no-source,no,,,no board vote attributable to a member found; Provo Policy 3300 (2025) adoption vote not in posted minutes (leads/utah.json)
Utah County UT,school,incumbent,Kristen Betts,9a1ca568-ed6f-4b05-9dce-568aec193ad2,record,blank: no-source,no,,,no board vote attributable to a member found; Provo Policy 3300 (2025) adoption vote not in posted minutes (leads/utah.json)
Utah County UT,school,incumbent,Lisa Boyce,7c457a73-3e59-43cf-a88f-42cd6e104060,record,blank: no-source,no,,,no board vote attributable to a member found; Provo Policy 3300 (2025) adoption vote not in posted minutes (leads/utah.json)
Utah County UT,school,incumbent,Mark Clement,ba8bb16c-2e44-4038-86fe-eeb28d637fdc,record,blank: no-source,no,,,no board vote attributable to a member found; Provo Policy 3300 (2025) adoption vote not in posted minutes (leads/utah.json)
Utah County UT,school,incumbent,Megan Van Wagenen,cc5d770d-c298-43f3-992c-c66ec773cfcf,record,blank: no-source,no,,,no board vote attributable to a member found; Provo Policy 3300 (2025) adoption vote not in posted minutes (leads/utah.json)
Utah County UT,school,incumbent,Melanie Hall,79b453e3-6a30-44e0-9309-ac0e17cb4a2f,record,blank: no-source,no,,,no board vote attributable to a member found; Provo Policy 3300 (2025) adoption vote not in posted minutes (leads/utah.json)
Utah County UT,school,incumbent,Rick Ainge,f1a795ad-7bdc-464f-8a27-a1c2da8fee5d,record,blank: no-source,no,,,no board vote attributable to a member found; Provo Policy 3300 (2025) adoption vote not in posted minutes (leads/utah.json)
Utah County UT,school,incumbent,Sarah L. Beeson,62d7ed8f-56d4-445b-a866-f334a65e8394,record,blank: no-source,no,,,no board vote attributable to a member found; Provo Policy 3300 (2025) adoption vote not in posted minutes (leads/utah.json)
Utah County UT,school,incumbent,Scott Wilson,5b6de6b1-94a8-4ad2-a549-623096d19449,record,blank: no-source,no,,,no board vote attributable to a member found; Provo Policy 3300 (2025) adoption vote not in posted minutes (leads/utah.json)
Utah County UT,school,incumbent,Shannon Acor,b641b49a-abf4-4698-96c0-bb31460c016b,record,blank: no-source,no,,,no board vote attributable to a member found; Provo Policy 3300 (2025) adoption vote not in posted minutes (leads/utah.json)
Utah County UT,school,incumbent,Shauna Warnick,e7d77c10-4db4-48a7-98ab-ef46ac4b15ca,record,blank: no-source,no,,,no board vote attributable to a member found; Provo Policy 3300 (2025) adoption vote not in posted minutes (leads/utah.json)
Utah County UT,school,incumbent,Stacy M. Bateman,cbea551f-160d-4ffe-866d-0a6aa8e4d26b,record,blank: no-source,no,,,no board vote attributable to a member found; Provo Policy 3300 (2025) adoption vote not in posted minutes (leads/utah.json)
Utah County UT,school,incumbent,Teri McCabe,df45ee8f-267b-4e97-9102-022c62d4311a,record,blank: no-source,no,,,no board vote attributable to a member found; Provo Policy 3300 (2025) adoption vote not in posted minutes (leads/utah.json)
Utah County UT,state,challenger,A. Dane Anderson,b39f5819-f736-43f3-8cad-c866c7aea7f5,record,blank: no-source,no,,,campaign-site sweep found nothing (leads/challengers.json)
Utah County UT,state,challenger,Alan Jimenez,e78c733d-2d46-4e3c-b729-cc3cd9121773,record,blank: no-source,no,,,campaign-site sweep found nothing (leads/challengers.json)
Utah County UT,state,challenger,Alan Wessman,22932c75-aa30-4654-bfec-7f4433c708d2,record,blank: no-source,no,,,campaign-site sweep found nothing (leads/challengers.json)
Utah County UT,state,challenger,Brett Nielsen,3d8e57c0-0d6d-4383-8262-9f53c57608f5,record,blank: no-source,no,,,campaign-site sweep found nothing (leads/challengers.json)
Utah County UT,state,challenger,Brooks Benson,9a171371-be83-456e-acd5-ece936ee84ae,record,blank: direction-only (not coded),no,,,lead files: challengers.json
Utah County UT,state,challenger,David Chappell,5b0d6684-3cb7-4c68-80d3-e861006ce9f0,record,blank: no-source,no,,,campaign-site sweep found nothing (leads/challengers.json)
Utah County UT,state,challenger,Doug Fiefia,01eac4cc-d6f2-4b33-ab5f-c3d4d2b93dc0,record,blank: direction-only (not coded),no,,,lead files: challengers.json
Utah County UT,state,challenger,Jennifer K. Doud,c706334f-a803-4aed-8fe1-6dd704d076c1,record,blank: direction-only (not coded),no,,,lead files: challengers.json
Utah County UT,state,challenger,John Boyd,60836cda-1dbf-4ea1-90ee-01d590cf0b70,record,blank: no-source,no,,,campaign-site sweep found nothing (leads/challengers.json)
Utah County UT,state,challenger,Julie Smith,16a7fe4c-4410-42e3-83e9-3ece4f88608b,record,blank: no-source,no,,,campaign-site sweep found nothing (leads/challengers.json)
Utah County UT,state,challenger,Kandee Myers,6c75cc3b-463b-4994-9068-97386a44ad23,record,blank: no-source,no,,,campaign-site sweep found nothing (leads/challengers.json)
Utah County UT,state,challenger,Karli Black,3b34a8a9-eae2-4559-99d6-32055b7cbf38,record,blank: no-source,no,,,campaign-site sweep found nothing (leads/challengers.json)
Utah County UT,state,challenger,Kevin R. Slater,de683367-7986-4550-aa95-7a1896c49d09,record,blank: no-source,no,,,campaign-site sweep found nothing (leads/challengers.json)
Utah County UT,state,challenger,Kristin Meyer,3636bc00-6b02-4a87-914b-62333979660b,record,blank: no-source,no,,,campaign-site sweep found nothing (leads/challengers.json)
Utah County UT,state,challenger,Kristina Robinson,867fda53-8e37-4a0b-8d2b-a709c4b070c8,record,blank: no-source,no,,,campaign-site sweep found nothing (leads/challengers.json)
Utah County UT,state,challenger,Mark Youngquist,87270bae-4651-4e2f-b2c1-cbed60ccac69,record,blank: no-source,no,,,campaign-site sweep found nothing (leads/challengers.json)
Utah County UT,state,challenger,Natassja Grossman,5194fa5e-0f07-43ea-b3cc-ea159fb92732,record,blank: no-source,no,,,campaign-site sweep found nothing (leads/challengers.json)
Utah County UT,state,challenger,Nicole Melling,39674cb9-c52b-4bf6-be3b-ac8a73fd3ad1,record,blank: no-source,no,,,campaign-site sweep found nothing (leads/challengers.json)
Utah County UT,state,challenger,Shana Anderson,8f3acca8-456d-495a-b3f5-d2dd1669213d,record,blank: no-source,no,,,campaign-site sweep found nothing (leads/challengers.json)
Utah County UT,state,challenger,Travis Hysell,a4dfdd94-6829-429f-9a5a-abca52ee4d68,record,blank: no-source,no,,,campaign-site sweep found nothing (leads/challengers.json)
Utah County UT,state,challenger,Tucker Smith,a4aaaa16-4512-4098-bc33-aed05158a651,record,blank: no-source,no,,,campaign-site sweep found nothing (leads/challengers.json)
Utah County UT,state,challenger,Wayne Woodfield,e19741dc-0f7b-42a5-a762-fe34c00fb117,record,blank: no-source,no,,,campaign-site sweep found nothing (leads/challengers.json)
Utah County UT,state,incumbent,Brady Brammer,070c1c1c-ac9d-42e0-bff2-3f4467504cba,record,blank: no-source,no,,,"no instrument stating a rung voted on or sponsored in their tenure, and no statement (state lead files)"
Utah County UT,state,incumbent,Cory Maloy,a42272fb-f41b-4a64-86d5-a0a0eeec5b82,record,blank: direction-only,yes,a-cory-maloy,,"Maloy voted Yea on S.B. 100 (2023), which bars a school from shielding a student's education record from parents and requires written parental consent to change the record's gender identity. That places him on the side of informing parents, but the bill's object is the education record, not ""Require parental permission before staff use a different name or pronouns"" or a duty to ""notify parents"", and the 59-6 vote is near-unanimous, so no single rung is established."
Utah County UT,state,incumbent,Daniel McCay,6ca52345-ae36-4d19-8058-334f66076ee4,record,blank: direction-only,yes,daniel-mccay,,"McCay voted Yea on SB 100 (2023), which bars schools from shielding education records from parents and from changing a record's gender identity ""without written parental consent make changes to a student's education record"". That places him on the parental-involvement side, but the bill's object is the education record, not staff use of a different name or pronouns (""Require parental permission before staff use a different name or pronouns""), and it does not require schools to notify parents, so it does not separate rungs 3, 4 and 5."
Utah County UT,state,incumbent,David P. Hinkins,f01f1d5b-aeca-4548-bd39-14137e552422,record,blank: direction-only,yes,david-p-hinkins,,"Hinkins voted Yea on S.B. 100 (2023), which forbids policies that shield a student's education record from parents and bars changing the record's gender identity ""without written parental consent"". That places him against ""Require staff to keep a student's gender identity from parents"" and ""Forbid rules that require schools to tell parents"", but the bill neither requires schools to notify parents nor requires parental permission before staff use a different name or pronouns, and record access goes beyond ""tell parents when parents ask"" without matching it clause for clause."
Utah County UT,state,incumbent,David Shallenberger,f214eee8-0e54-450a-8a2b-1ca8ce8e9182,record,blank: no-source,no,,,"no instrument stating a rung voted on or sponsored in their tenure, and no statement (state lead files)"
Utah County UT,state,incumbent,Derrin R. Owens,53162004-fa67-42f7-a2f8-6289dc8237b2,record,blank: direction-only,yes,derrin-r-owens,,"Owens voted Yea on SB 100 (2023), which bars schools from shielding a student's education record from parents and from changing the record's gender identity entry ""without written parental consent"". That places him against ""Require staff to keep a student's gender identity from parents"" and ""Forbid rules that require schools to tell parents"", but the bill's object is the education record, not proactive notification (""Require schools to notify parents"") or staff name/pronoun use (""Require parental permission before staff use a different name or pronouns""), and it does not exclude those rungs, so it cannot choose among ""tell parents when parents ask"", ""notify parents"" and ""parental permission""."
Utah County UT,state,incumbent,Doug Welton,2477ac16-810e-4d5c-a71e-a4f3b8f29d1e,record,blank: no-source,no,,,"no instrument stating a rung voted on or sponsored in their tenure, and no statement (state lead files)"
Utah County UT,state,incumbent,Emily Buss,70b5e5a8-2ae4-454e-b75e-adb200b7b91d,record,blank: no-source,no,,,"no instrument stating a rung voted on or sponsored in their tenure, and no statement (state lead files)"
Utah County UT,state,incumbent,Grant Pace,e5c70a0f-1b0a-4ea2-b159-a4d421223929,record,blank: no-source,no,,,"no instrument stating a rung voted on or sponsored in their tenure, and no statement (state lead files)"
Utah County UT,state,incumbent,Heidi Balderree,a352d492-ecaf-45bd-b352-8c9a2cc9cc18,record,blank: no-source,no,,,"no instrument stating a rung voted on or sponsored in their tenure, and no statement (state lead files)"
Utah County UT,state,incumbent,Jackie Larson,b86c57b4-9835-4fa3-8924-c52e52f19a66,record,blank: no-source,no,,,"no instrument stating a rung voted on or sponsored in their tenure, and no statement (state lead files)"
Utah County UT,state,incumbent,Jon Hawkins,8928852d-0688-431b-aad2-bf55275583fb,record,blank: direction-only,yes,jon-hawkins,,"Hawkins voted Yea on S.B. 100 (2023), whose operative section bars schools from blocking a parent's access to the education record and from changing that record's gender identity without written parental consent. That places him on the parental-access side, but the bill neither requires schools to notify parents nor requires permission before staff use a different name or pronouns, and its record-access clause alone does not exclude those rungs; the vote is also near-unanimous."
Utah County UT,state,incumbent,Kay J. Christofferson,2fa5347c-fb56-443d-8f1d-c1bff270bf9e,record,blank: direction-only,yes,kay-j-christofferson,,"Christofferson voted Yea on S.B. 100 (2023), which bars a school from prohibiting a parent's access to the child's education record and from changing that record's gender identity entry ""without written parental consent"". That places him on the parent-information side, but the bill does not match every clause of one rung: it does not ""Require schools to notify parents"", it does not require ""parental permission before staff use a different name or pronouns"", and its consent clause goes beyond ""tell parents when parents ask""; the vote is also near-unanimous (6 Nays)."
Utah County UT,state,incumbent,Keith Grover,dd75cf82-f0b2-4820-9356-28ccf0ee58f9,record,blank: direction-only,yes,keith-grover,,"Grover voted Yea on S.B. 100 (2023), which bars schools from shielding a student's education record from parents and forbids changing the record's gender identity ""without written parental consent"". That puts him on the parental side, but the bill's object is the education record: it does not ""Require schools to notify parents"" nor ""Require parental permission before staff use a different name or pronouns"", and its consent clause goes beyond merely telling parents ""when parents ask"", so no single rung is matched clause for clause."
Utah County UT,state,incumbent,Keven J. Stratton,80ec24cb-49d4-48a4-bc01-58d33caf15d7,record,blank: direction-only,yes,keven-j-stratton,,"Stratton voted Yea on SB 100 (2023), which bars schools from shielding a student's education record from parents and requires written parental consent before changing the record's gender identity. That places him on the parental-rights side, but the bill's object is the education record, not staff use of 'a different name or pronouns' (rung 5), and it does not say schools must 'notify parents' (rung 4) or only tell them 'when parents ask' (rung 3); the vote is also near-unanimous."
Utah County UT,state,incumbent,Kirk Cullimore,29a72e61-eb0b-44da-b535-974993a59838,record,blank: direction-only,yes,kirk-a-cullimore,,"Cullimore voted Yea on SB 100 (2023), which bars schools from shielding a student's education record from parents and forbids changing the record's gender identity ""without written parental consent"". That places him on the parental-involvement side, but the bill's object is the education record, not staff use of names or pronouns (""Require parental permission before staff use a different name or pronouns"") nor a duty to notify parents (""Require schools to notify parents""), so no single rung's clauses are fully matched."
Utah County UT,state,incumbent,Kristen S. Chevrier,596c0496-20ba-41f6-8b9a-f511bc7c2de8,record,blank: no-source,no,,,"no instrument stating a rung voted on or sponsored in their tenure, and no statement (state lead files)"
Utah County UT,state,incumbent,Leah Hansen,ef01b369-5092-4548-bfc3-e3fd611b1039,record,blank: no-source,no,,,"no instrument stating a rung voted on or sponsored in their tenure, and no statement (state lead files)"
Utah County UT,state,incumbent,Lisa Shepherd,63901c61-d007-4cbd-b3bc-c50a4eaa73f3,record,blank: no-source,no,,,"no instrument stating a rung voted on or sponsored in their tenure, and no statement (state lead files)"
Utah County UT,state,incumbent,Michael K. McKell,a7cc7fe1-b491-4498-bab5-3f3661987abb,record,blank: direction-only,yes,michael-k-mckell,,"McKell voted Yea on S.B. 100 (2023), which bars schools from shielding education records from parents and requires written parental consent to change a record's gender identity, ruling out ""Require staff to keep a student's gender identity from parents"" and ""Forbid rules that require schools to tell parents"". But its object is the education record, not staff use of names or pronouns (""Require parental permission before staff use a different name or pronouns"") nor an affirmative duty to notify, and it goes beyond record access on request, so it separates the side but not the rungs."
Utah County UT,state,incumbent,Nelson T. Abbott,ec7d4cce-d016-48ba-82d1-4f246d44542e,record,blank: direction-only,yes,nelson-t-abbott,,"Abbott voted Yea on SB 100 (2023), whose operative text bars a school from preventing a parent from accessing the child's education record and from changing the record's gender identity without written parental consent. That shows the parent-information side but matches neither ""Require schools to notify parents"" nor ""Require parental permission before staff use a different name or pronouns"" clause for clause, and the 59-6 vote is near-unanimous."
Utah County UT,state,incumbent,Norman K. Thurston,0b36a14c-3d2d-4e05-88ab-47a738d1283b,record,blank: no-evidence,yes,norman-k-thurston,,"Thurston's only record is a Yea on SB 100 (2023), which bars schools from blocking a parent's access to the education record and from changing gender-identity entries without written parental consent; the 59-6 vote is near-unanimous and cannot seat a chair alone. Even on its text it does not match ""Require schools to notify parents"" or ""Require parental permission before staff use a different name or pronouns"" clause for clause."
Utah County UT,state,incumbent,Stephanie Gricius,7ebd1d5d-f51f-49fd-98df-3e5223e49208,record,blank: direction-only,yes,stephanie-gricius,,"She was House sponsor of and voted for S.B. 100 (2023), which forbids schools to shield a student's education record from parents and bars changes to the record's gender identity ""without written parental consent"". That puts her on the parental-involvement side, but the bill neither requires schools to notify parents nor requires parental permission before staff use a different name or pronouns (its object is the education record), so it does not separate ""tell parents when parents ask"", ""notify parents"" and ""parental permission before staff use a different name or pronouns""."
Utah County UT,state,incumbent,Stephen L. Whyte,bca7a17c-82d9-4cbc-8858-7763d4c5fe87,record,blank: direction-only,yes,stephen-l-whyte,,"Whyte voted Yea on SB 100 (2023), which bars schools from shielding a student's education record from parents and bars, 'without written parental consent', changes to the record regarding gender identity. That shows the parental-disclosure side, but the vote is near-unanimous and the bill's object (the education record) does not match every clause of 'Require parental permission before staff use a different name or pronouns' or 'Require schools to tell parents when parents ask', so no rung is established."
Utah County UT,state,incumbent,Troy Shelley,09814c92-af5a-417c-b0fb-00d2a6f74451,record,blank: no-source,no,,,"no instrument stating a rung voted on or sponsored in their tenure, and no statement (state lead files)"
Utah County UT,state,incumbent,Val L. Peterson,61816aa4-4de0-4e1a-a249-cea5e2a8d169,record,blank: direction-only,yes,val-l-peterson,,"Peterson voted Yea on SB 100 (2023), which forbids policies that shield a student's education record from parents and bars changing the record's gender identity ""without written parental consent"". That puts him on the parental-information side, but the bill acts on education records, not on ""staff use a different name or pronouns"" (rung 5), an affirmative duty to ""notify parents"" (rung 4), or telling parents ""when parents ask"" (rung 3), and the vote was near-unanimous."
Utah County UT,federal,challenger,Adonis Hooslyn,96eff205-63aa-4999-890c-c83bcad391dd,own-words,blank: no-source,no,,,campaign-site sweep found nothing (leads/challengers.json)
Utah County UT,federal,challenger,Ayden Scott,9f635f02-b145-4c8d-b441-917aa990f91a,own-words,blank: no-source,no,,,campaign-site sweep found nothing (leads/challengers.json)
Utah County UT,federal,challenger,Cassie Easley,68a8232a-8607-42de-aefe-f52e8e012ff9,own-words,blank: no-source,no,,,campaign-site sweep found nothing (leads/challengers.json)
Utah County UT,federal,challenger,Celeste Maloy,a7983eb6-bae0-4269-856b-f4554fb5ce29,own-words,blank: no-evidence,yes,celeste-maloy,,"The only sources are Maloy's Aye vote on H.R. 2616, which requires parental consent before changing a student's ""gender markers, pronouns, or preferred name on any school form""; at the federal level the evidence basis is own words only, so this record cannot seat a chair. Even on its text it shows only a parental-consent direction and does not match the rung ""Require parental permission before staff use a different name or pronouns"" clause for clause. No own-words passage is in the sources."
Utah County UT,federal,challenger,Jonny Larsen,6708ceaa-ae51-4eee-93a3-d4a3be16254d,own-words,blank: no-source,no,,,campaign-site sweep found nothing (leads/challengers.json)
Utah County UT,federal,challenger,Kent Udell,a7e29796-a928-49cc-b795-973a4f69fafe,own-words,blank: no-source,no,,,campaign-site sweep found nothing (leads/challengers.json)
Utah County UT,federal,challenger,Michael R. Stoddard,d6aef5fb-9c50-4d5d-98fb-07346286ab25,own-words,blank: no-source,no,,,campaign-site sweep found nothing (leads/challengers.json)
Utah County UT,federal,challenger,Steven Burt,8483c4a8-9537-43d6-b01a-ba36c64b36ad,own-words,blank: no-source,no,,,campaign-site sweep found nothing (leads/challengers.json)
Utah County UT,federal,challenger,Taylor Wright,fbd12fa6-c3af-4f3b-ae2c-4aac8e68f1f0,own-words,blank: no-source,no,,,campaign-site sweep found nothing (leads/challengers.json)
Utah County UT,federal,incumbent,Burgess Owens,cb87ddbb-5a83-45b7-b67a-789e63f0e58b,own-words,blank: direction-only,yes,burgess-owens,,"At the federal level only own words count. Owens says a district that ""conceals a child’s gender transition from their parents will lose federal funding"" and that parents have ""the ultimate right to make decisions"", which places him on the parental side but does not establish either ""Require schools to notify parents"" or ""Require parental permission before staff use a different name or pronouns""; his votes on H.R. 2616 and H.R. 5 are records that cannot seat a chair at this level, and their consent clause covers school forms rather than staff use."
Utah County UT,federal,incumbent,John Curtis,b87583fe-2348-4bf3-aba5-12f5f88d3606,own-words,blank: no-evidence,yes,john-curtis,,"The only evidence is Curtis's 2023 House Aye on H.R. 5 (118th), a multi-subject bill whose consent clause covers changing names or pronouns ""on any school form"" rather than staff use as in the rung ""Require parental permission before staff use a different name or pronouns""; at the federal level this topic is own words only, so no record can seat a chair and no own-words passage is in the sources."
Utah County UT,federal,incumbent,Mike Kennedy,9e3164d5-ce71-4c50-9220-b969265ce551,own-words,blank: no-evidence,yes,mike-kennedy,,"The only evidence is his Aye on final passage of H.R. 2616, whose Sec. 2 requires schools to ""obtain parental consent before changing a covered student's-- (1) gender markers, pronouns, or preferred name"", close to the rung ""Require parental permission before staff use a different name or pronouns."" But the federal level holds no lever on this topic, so only his own words can seat a chair, and no own-words passage is in the sources."
Utah County UT,federal,incumbent,Mike Lee,4f62ca82-fda1-4386-9a4a-62dd84318f83,own-words,blank: no-source,no,,,"no bill, vote or statement found (leads/federal.json)"
Utah County UT,local,challenger,Corey Astill,fb9afbd5-a74b-41c7-b943-a24b71a5a9d2,own-words,blank: no-source,no,,,area sweep of local news/official sites found no statement (leads/local.json)
Utah County UT,local,challenger,David Hinckley,ef1ecd08-27e8-4d81-bb20-42694093f739,own-words,blank: no-source,no,,,area sweep of local news/official sites found no statement (leads/local.json)
Utah County UT,local,challenger,David Spencer,f43a2014-6b3c-4497-b5bf-c6d04d27ed07,own-words,blank: no-source,no,,,area sweep of local news/official sites found no statement (leads/local.json)
Utah County UT,local,challenger,Fred J. Allen,fc23f648-2ec4-4c6c-a9f5-0722b809e6b1,own-words,blank: no-source,no,,,area sweep of local news/official sites found no statement (leads/local.json)
Utah County UT,local,challenger,Gina Tanner,18cd2d26-4b62-496c-9ef5-3a1dd54f8f1a,own-words,blank: no-source,no,,,area sweep of local news/official sites found no statement (leads/local.json)
Utah County UT,local,challenger,Hans V. Andersen,b8405dd2-5979-40dc-b285-cb4e42c2049a,own-words,blank: no-source,no,,,area sweep of local news/official sites found no statement (leads/local.json)
Utah County UT,local,challenger,Jacob D. Oaks,dc70f6a1-27b8-4646-bf6a-60054f06765a,own-words,blank: no-source,no,,,area sweep of local news/official sites found no statement (leads/local.json)
Utah County UT,local,challenger,Jeanne Marie Bowen,4e3fe9a1-d2d8-426c-a1bb-5a192a420992,own-words,blank: no-source,no,,,area sweep of local news/official sites found no statement (leads/local.json)
Utah County UT,local,challenger,Michelle Kaufusi,abf34eb9-8b81-4c9f-8db6-25ba036419c9,own-words,blank: no-source,no,,,area sweep of local news/official sites found no statement (leads/local.json)
Utah County UT,local,challenger,Russ J. Rampton,0a443f97-e040-439b-8837-ac793dc764f0,own-words,blank: no-source,no,,,area sweep of local news/official sites found no statement (leads/local.json)
Utah County UT,local,incumbent,Aaron R. Davidson,1ec4f7c5-e01d-490d-8d1e-0e30607a553a,own-words,blank: no-source,no,,,area sweep of local news/official sites found no statement (leads/local.json)
Utah County UT,local,incumbent,Alan Lord,4e8b5704-2300-4a19-8d5a-3fa32b8dd6d5,own-words,blank: no-source,no,,,area sweep of local news/official sites found no statement (leads/local.json)
Utah County UT,local,incumbent,Amelia Powers Gardner,6becad9c-0baf-472b-a36e-cbce237fde8e,own-words,blank: no-source,no,,,area sweep of local news/official sites found no statement (leads/local.json)
Utah County UT,local,incumbent,Andrea Allen,2ee9425f-9f08-4791-8c40-fd9518184e94,own-words,blank: no-source,no,,,area sweep of local news/official sites found no statement (leads/local.json)
Utah County UT,local,incumbent,Andrew Young,83c5ec11-e34a-40a2-a519-d236db400a3f,own-words,blank: no-source,no,,,area sweep of local news/official sites found no statement (leads/local.json)
Utah County UT,local,incumbent,Anne Moss,ede38704-579e-4659-98cb-d2740611c1d1,own-words,blank: no-source,no,,,area sweep of local news/official sites found no statement (leads/local.json)
Utah County UT,local,incumbent,Anthony Canto,208a29a7-c18b-4016-ad2b-6c1205a008cb,own-words,blank: no-source,no,,,area sweep of local news/official sites found no statement (leads/local.json)
Utah County UT,local,incumbent,Art Adcock,4c2076a3-b53e-47f7-a33d-cb9b07f8549f,own-words,blank: no-source,no,,,area sweep of local news/official sites found no statement (leads/local.json)
Utah County UT,local,incumbent,Audrey Barton,b4383308-ba57-4135-ab5e-2d55b4443c1c,own-words,blank: no-source,no,,,area sweep of local news/official sites found no statement (leads/local.json)
Utah County UT,local,incumbent,Bill Wright,9f4d432c-86fa-4cf4-a25d-0a501af4ef1d,own-words,blank: no-source,no,,,area sweep of local news/official sites found no statement (leads/local.json)
Utah County UT,local,incumbent,Bob Morgan,9503cd35-3d1a-4282-9139-df0b4a89efa7,own-words,blank: no-source,no,,,area sweep of local news/official sites found no statement (leads/local.json)
Utah County UT,local,incumbent,Bob Provstgaard,9936d3b2-79a4-4008-92b6-f242737a9a50,own-words,blank: no-source,no,,,area sweep of local news/official sites found no statement (leads/local.json)
Utah County UT,local,incumbent,Brad Frost,79b68fb9-0783-45f8-a0c2-70a5ea7db5eb,own-words,blank: no-source,no,,,area sweep of local news/official sites found no statement (leads/local.json)
Utah County UT,local,incumbent,Brandon Gordon,61216f11-68c2-47a6-a609-dc207e178c1c,own-words,blank: no-source,no,,,area sweep of local news/official sites found no statement (leads/local.json)
Utah County UT,local,incumbent,Brent Rummler,96cf4d35-6b07-47dd-ab7f-c20e9b66af96,own-words,blank: no-source,no,,,area sweep of local news/official sites found no statement (leads/local.json)
Utah County UT,local,incumbent,Brett Wright,e4ae63aa-3b66-4097-9bec-eb684725f6ee,own-words,blank: no-source,no,,,area sweep of local news/official sites found no statement (leads/local.json)
Utah County UT,local,incumbent,Brian Del Rosario,4583c2dd-26ae-416e-9d21-3f2586ccea87,own-words,blank: no-source,no,,,area sweep of local news/official sites found no statement (leads/local.json)
Utah County UT,local,incumbent,Brian Hulet,917d3ce9-2177-4bb3-a5ad-5175ae371775,own-words,blank: no-source,no,,,area sweep of local news/official sites found no statement (leads/local.json)
Utah County UT,local,incumbent,Bryn Heather Johnson,7fc14acd-5763-4eef-9ff6-26c098469c06,own-words,blank: no-source,no,,,area sweep of local news/official sites found no statement (leads/local.json)
Utah County UT,local,incumbent,Burt Garfield,4c38e756-d869-4520-a3f6-a4850a985c23,own-words,blank: no-source,no,,,area sweep of local news/official sites found no statement (leads/local.json)
Utah County UT,local,incumbent,Carla Merrill,21829f26-0232-475b-9be7-b494beec9d55,own-words,blank: no-source,no,,,area sweep of local news/official sites found no statement (leads/local.json)
Utah County UT,local,incumbent,Carolyn Lundberg,96f36f38-a65d-435b-a7df-fa4e40128ffb,own-words,blank: no-source,no,,,area sweep of local news/official sites found no statement (leads/local.json)
Utah County UT,local,incumbent,Chris Killpack,3286a648-b0aa-4f52-9d98-735ae85f8a63,own-words,blank: no-source,no,,,area sweep of local news/official sites found no statement (leads/local.json)
Utah County UT,local,incumbent,Chrissy Hannemann,2b906179-0552-4ccd-8170-b67249555088,own-words,blank: no-source,no,,,area sweep of local news/official sites found no statement (leads/local.json)
Utah County UT,local,incumbent,Christopher Carn,6756c0a4-b89b-4c64-80fe-7ca225c9eb3f,own-words,blank: no-source,no,,,area sweep of local news/official sites found no statement (leads/local.json)
Utah County UT,local,incumbent,Clark Taylor,7c28fa35-c89b-4e21-8ed7-a2aabc7d6f16,own-words,blank: no-source,no,,,area sweep of local news/official sites found no statement (leads/local.json)
Utah County UT,local,incumbent,Cole Hooley,bf0d8f88-09bd-470b-9afc-710616365f1c,own-words,blank: no-source,no,,,area sweep of local news/official sites found no statement (leads/local.json)
Utah County UT,local,incumbent,Craig Sacco,44441521-ffe1-4198-bd2b-a9e7f16aaaac,own-words,blank: no-source,no,,,area sweep of local news/official sites found no statement (leads/local.json)
Utah County UT,local,incumbent,Craig Whiting,fc5c7094-67d9-47f2-abcb-19d40470128d,own-words,blank: no-source,no,,,area sweep of local news/official sites found no statement (leads/local.json)
Utah County UT,local,incumbent,Cristy Simons,d89bb319-83b2-4753-a777-22defefeb588,own-words,blank: no-source,no,,,area sweep of local news/official sites found no statement (leads/local.json)
Utah County UT,local,incumbent,Crystal Muhlestein,7c094034-13c1-4027-badf-1638549f3c07,own-words,blank: no-source,no,,,area sweep of local news/official sites found no statement (leads/local.json)
Utah County UT,local,incumbent,Cyd LeMone,6b1d46ff-024b-48bb-8fe9-3aaaed0ea9a2,own-words,blank: no-source,no,,,area sweep of local news/official sites found no statement (leads/local.json)
Utah County UT,local,incumbent,Cynthia Deveraux Rees,0cc2f7dd-5e1e-43a6-ae89-710cbd1afb18,own-words,blank: no-source,no,,,area sweep of local news/official sites found no statement (leads/local.json)
Utah County UT,local,incumbent,Daniel M. Olson,0f50e11e-d9e8-4bf0-954b-171f51ce3a0a,own-words,blank: no-source,no,,,area sweep of local news/official sites found no statement (leads/local.json)
Utah County UT,local,incumbent,David Lauret,cff4f1ec-b08c-4844-a67b-4386e6333ece,own-words,blank: no-source,no,,,area sweep of local news/official sites found no statement (leads/local.json)
Utah County UT,local,incumbent,Delys Snyder,6ae0ff55-b6aa-48e7-b671-b3bed906a383,own-words,blank: no-source,no,,,area sweep of local news/official sites found no statement (leads/local.json)
Utah County UT,local,incumbent,Denise Andersen,d1ef59fc-3597-4201-a614-a3d9a1acb312,own-words,blank: no-source,no,,,area sweep of local news/official sites found no statement (leads/local.json)
Utah County UT,local,incumbent,Dianna Andersen,044136b8-4f18-4168-bf21-200114ba9766,own-words,blank: no-source,no,,,area sweep of local news/official sites found no statement (leads/local.json)
Utah County UT,local,incumbent,Dustin Phillips,c6dba712-76c4-4f35-8dcd-41ee84ca84af,own-words,blank: no-source,no,,,area sweep of local news/official sites found no statement (leads/local.json)
Utah County UT,local,incumbent,Edon Davenport,f290853d-8857-4351-b870-028c3699fd90,own-words,blank: no-source,no,,,area sweep of local news/official sites found no statement (leads/local.json)
Utah County UT,local,incumbent,Emily Lockhart,b97ba2d2-284c-4cab-ae76-7c9ea53a2501,own-words,blank: no-source,no,,,area sweep of local news/official sites found no statement (leads/local.json)
Utah County UT,local,incumbent,Emma Wilson,57dd7c39-f731-4d7d-8ca2-6cac51c31321,own-words,blank: no-source,no,,,area sweep of local news/official sites found no statement (leads/local.json)
Utah County UT,local,incumbent,Eric Jensen,389fa757-a511-4ee1-95d0-191cdafcda2d,own-words,blank: no-source,no,,,area sweep of local news/official sites found no statement (leads/local.json)
Utah County UT,local,incumbent,Erika Price,dfcf5f86-b056-4732-9f48-6e259f56919f,own-words,blank: no-source,no,,,area sweep of local news/official sites found no statement (leads/local.json)
Utah County UT,local,incumbent,Ernie John,49467daf-8bad-41ae-97c0-13425ebd2b8b,own-words,blank: no-source,no,,,area sweep of local news/official sites found no statement (leads/local.json)
Utah County UT,local,incumbent,Ezra Nair,ac737d34-ebcd-46d0-b879-bc1c5ade1885,own-words,blank: no-source,no,,,area sweep of local news/official sites found no statement (leads/local.json)
Utah County UT,local,incumbent,Fred Lowry,4d96a7dd-573d-4499-8ea5-be0738403b0a,own-words,blank: no-source,no,,,area sweep of local news/official sites found no statement (leads/local.json)
Utah County UT,local,incumbent,Gary Garrett,f2f5f328-d35d-4e60-835f-71d553229162,own-words,blank: no-source,no,,,area sweep of local news/official sites found no statement (leads/local.json)
Utah County UT,local,incumbent,Greg Wilding,b0c0f9b4-6b4d-4d9a-a866-cf9c47ffc02b,own-words,blank: no-source,no,,,area sweep of local news/official sites found no statement (leads/local.json)
Utah County UT,local,incumbent,Heather Newall,754e85c3-62c3-46e0-a209-2d10a1bff1e7,own-words,blank: no-source,no,,,area sweep of local news/official sites found no statement (leads/local.json)
Utah County UT,local,incumbent,J. Travis Keel,e1d6b86a-2e01-4ba9-ae36-eaf89b43aaf1,own-words,blank: no-source,no,,,area sweep of local news/official sites found no statement (leads/local.json)
Utah County UT,local,incumbent,Jacob Holdaway,e9469d4c-0502-46da-9b83-767632740514,own-words,blank: no-source,no,,,area sweep of local news/official sites found no statement (leads/local.json)
Utah County UT,local,incumbent,Jacob Hoyt,f61d9c76-a47a-47a9-aab5-610d326acd35,own-words,blank: no-source,no,,,area sweep of local news/official sites found no statement (leads/local.json)
Utah County UT,local,incumbent,Jacob Wood,18c6f850-7ce2-4431-aea3-ade3554e63cb,own-words,blank: no-source,no,,,area sweep of local news/official sites found no statement (leads/local.json)
Utah County UT,local,incumbent,Jake Lake,00bfb299-a5bb-4f23-90e0-b558a30c9f44,own-words,blank: no-source,no,,,area sweep of local news/official sites found no statement (leads/local.json)
Utah County UT,local,incumbent,Jake Smith,e4099df9-2ca5-4316-8d1c-a5cfc6907626,own-words,blank: no-source,no,,,area sweep of local news/official sites found no statement (leads/local.json)
Utah County UT,local,incumbent,James Harrison,b51d198f-c5e7-4091-bdc6-7f1fd46a77ca,own-words,blank: no-source,no,,,area sweep of local news/official sites found no statement (leads/local.json)
Utah County UT,local,incumbent,Jared Gray,0ced2c3b-ebe8-4717-bf0a-38e8d7da9032,own-words,blank: no-source,no,,,area sweep of local news/official sites found no statement (leads/local.json)
Utah County UT,local,incumbent,Jeff Lambson,ca1ff0b6-870b-4d8f-8adc-dfe1f401555b,own-words,blank: no-source,no,,,area sweep of local news/official sites found no statement (leads/local.json)
Utah County UT,local,incumbent,Jeff Siddoway,20346252-6e43-4535-a4df-05a8732ac12d,own-words,blank: no-source,no,,,area sweep of local news/official sites found no statement (leads/local.json)
Utah County UT,local,incumbent,Jeffrey S. Gray,6b16270a-c6c7-46be-9b9c-7def323dc4ef,own-words,blank: no-source,no,,,area sweep of local news/official sites found no statement (leads/local.json)
Utah County UT,local,incumbent,Jenn Gale,9b342a38-ccdc-474f-a1c5-14f763f13af2,own-words,blank: no-source,no,,,area sweep of local news/official sites found no statement (leads/local.json)
Utah County UT,local,incumbent,Jesse Cardon,38bd334d-6769-4f03-bfba-263659088d91,own-words,blank: no-source,no,,,area sweep of local news/official sites found no statement (leads/local.json)
Utah County UT,local,incumbent,Jessica Egbert,67d9d5f2-02ae-4d95-a3c6-9aaf2d3c8588,own-words,blank: no-source,no,,,area sweep of local news/official sites found no statement (leads/local.json)
Utah County UT,local,incumbent,Jessica Smuin,c0678aa1-e574-4fb0-a1a9-a1f3d7f6c4a4,own-words,blank: no-source,no,,,area sweep of local news/official sites found no statement (leads/local.json)
Utah County UT,local,incumbent,Karen Ellingson,2e42df39-3648-4dba-b959-800e9d40823b,own-words,blank: no-source,no,,,area sweep of local news/official sites found no statement (leads/local.json)
Utah County UT,local,incumbent,Karen McCandless,c47c9366-f274-4833-a1bb-a66808ef950e,own-words,blank: no-source,no,,,area sweep of local news/official sites found no statement (leads/local.json)
Utah County UT,local,incumbent,Kasey Beck,2bbcdb6a-40ca-4c36-aa3d-a94e16faba10,own-words,blank: no-source,no,,,area sweep of local news/official sites found no statement (leads/local.json)
Utah County UT,local,incumbent,Kathryn Dahlin,62fb907c-6c59-4279-b86c-b86ef43221f5,own-words,blank: no-source,no,,,area sweep of local news/official sites found no statement (leads/local.json)
Utah County UT,local,incumbent,Katrice MacKay,fcbc33fa-c378-47b1-a79f-559d2c0cb684,own-words,blank: no-source,no,,,area sweep of local news/official sites found no statement (leads/local.json)
Utah County UT,local,incumbent,Kelly Smith,92dba8fc-2bd1-4a68-ad69-ada24e3ff6f4,own-words,blank: no-source,no,,,area sweep of local news/official sites found no statement (leads/local.json)
Utah County UT,local,incumbent,Kevin Oyler,bc307b06-78a9-43b6-95a3-dd85a2bd0d7d,own-words,blank: no-source,no,,,area sweep of local news/official sites found no statement (leads/local.json)
Utah County UT,local,incumbent,Kim Jackson,ce3b62bc-b1c3-4a21-9962-1aba9ff5f016,own-words,blank: no-source,no,,,area sweep of local news/official sites found no statement (leads/local.json)
Utah County UT,local,incumbent,LaNae Millett,25cae5e0-a421-4957-8bb3-89b48f76b1fe,own-words,blank: no-source,no,,,area sweep of local news/official sites found no statement (leads/local.json)
Utah County UT,local,incumbent,Lacee Smith,43403ffc-1145-44e9-886d-006c902b0555,own-words,blank: no-source,no,,,area sweep of local news/official sites found no statement (leads/local.json)
Utah County UT,local,incumbent,Lance Wadman,1d7eb2ca-7942-4c57-84c2-ae44e96ec874,own-words,blank: no-source,no,,,area sweep of local news/official sites found no statement (leads/local.json)
Utah County UT,local,incumbent,Landon Tooke,b3857181-3be4-4a26-9050-a02a5a2c7cbe,own-words,blank: no-source,no,,,area sweep of local news/official sites found no statement (leads/local.json)
Utah County UT,local,incumbent,Laura Ellison,d72908b7-8859-4303-8de8-bbed641e65a8,own-words,blank: no-source,no,,,area sweep of local news/official sites found no statement (leads/local.json)
Utah County UT,local,incumbent,Leslie Jones,38ecda7c-d285-44f0-98b2-fb7bd6bea0c2,own-words,blank: no-source,no,,,area sweep of local news/official sites found no statement (leads/local.json)
Utah County UT,local,incumbent,Lincoln Jacobs,2aee4484-1fbc-4a10-b49a-acd0fbb5c753,own-words,blank: no-source,no,,,area sweep of local news/official sites found no statement (leads/local.json)
Utah County UT,local,incumbent,Logan Millsap,8f0b4dbb-9133-4a68-910a-35e434fe0489,own-words,blank: no-source,no,,,area sweep of local news/official sites found no statement (leads/local.json)
Utah County UT,local,incumbent,Lynn Mecham,0cdb16f8-b3aa-4084-8b60-c710e0a5e7b8,own-words,blank: no-source,no,,,area sweep of local news/official sites found no statement (leads/local.json)
Utah County UT,local,incumbent,Mackey Smith,1c391a9f-570d-4ddc-86d8-08406e41aa03,own-words,blank: no-source,no,,,area sweep of local news/official sites found no statement (leads/local.json)
Utah County UT,local,incumbent,Marsha Judkins,a6225b20-2828-44af-a19b-4683bf3df7eb,own-words,blank: direction-only (not coded),no,,,lead files: local.json
Utah County UT,local,incumbent,Matt Packard,dbca5cc5-6b7d-4f91-9b74-3df94d8c6a34,own-words,blank: no-source,no,,,area sweep of local news/official sites found no statement (leads/local.json)
Utah County UT,local,incumbent,Melanie Bott,9bc63784-f3f3-46e5-882c-08e77815825f,own-words,blank: no-source,no,,,area sweep of local news/official sites found no statement (leads/local.json)
Utah County UT,local,incumbent,Melissa Clark,a25acef2-46dc-4cac-a453-8c411c5a8be7,own-words,blank: no-source,no,,,area sweep of local news/official sites found no statement (leads/local.json)
Utah County UT,local,incumbent,Michael Green,dc503cfa-4d0f-4412-8fee-5e6b715a2cd1,own-words,blank: no-source,no,,,area sweep of local news/official sites found no statement (leads/local.json)
Utah County UT,local,incumbent,Michael Snelson,2ffb80c9-4205-4a19-b5b3-8d06299bf041,own-words,blank: no-source,no,,,area sweep of local news/official sites found no statement (leads/local.json)
Utah County UT,local,incumbent,Michelle Stallings,f0f02657-d3ae-4113-a351-83454ab1bf2e,own-words,blank: no-source,no,,,area sweep of local news/official sites found no statement (leads/local.json)
Utah County UT,local,incumbent,Mike Geddes,ca729597-b121-4f6a-ac33-7d55632f92ca,own-words,blank: no-source,no,,,area sweep of local news/official sites found no statement (leads/local.json)
Utah County UT,local,incumbent,Mike Mendenhall,c941b51a-5860-4d48-9651-9f369aff25cd,own-words,blank: no-source,no,,,area sweep of local news/official sites found no statement (leads/local.json)
Utah County UT,local,incumbent,Mike Smith,59ae2b63-0e76-4e21-93ce-e16994f64581,own-words,blank: no-source,no,,,area sweep of local news/official sites found no statement (leads/local.json)
Utah County UT,local,incumbent,Mindi Wright,9552c6a6-6bab-436e-8efc-3ab054351b23,own-words,blank: no-source,no,,,area sweep of local news/official sites found no statement (leads/local.json)
Utah County UT,local,incumbent,Natalie Hall,d80bd161-1a9b-4005-9564-698907eca70d,own-words,blank: no-source,no,,,area sweep of local news/official sites found no statement (leads/local.json)
Utah County UT,local,incumbent,Parker McCumber,e713ddc5-ebde-4baa-acf2-8fdc323723c3,own-words,blank: no-source,no,,,area sweep of local news/official sites found no statement (leads/local.json)
Utah County UT,local,incumbent,Paul Binns,728e3e09-aecc-4fe7-a5d6-5a1ba4db98d1,own-words,blank: no-source,no,,,area sweep of local news/official sites found no statement (leads/local.json)
Utah County UT,local,incumbent,Paul Taylor,d192d012-3ff7-40a7-81ba-528c8f3977c8,own-words,blank: no-source,no,,,area sweep of local news/official sites found no statement (leads/local.json)
Utah County UT,local,incumbent,Quinn Mecham,741a0d8d-d7ed-460d-bf20-a5fe1c5f47e4,own-words,blank: no-source,no,,,area sweep of local news/official sites found no statement (leads/local.json)
Utah County UT,local,incumbent,Rachel Freeman,92763da9-7352-4bd0-82e0-ec5fe8f23590,own-words,blank: no-source,no,,,area sweep of local news/official sites found no statement (leads/local.json)
Utah County UT,local,incumbent,Rich Wood,2c812d48-3f74-4ae6-bd7e-d51d63c63d1a,own-words,blank: no-source,no,,,area sweep of local news/official sites found no statement (leads/local.json)
Utah County UT,local,incumbent,Robert Taylor,d2cef15d-399c-459a-9ca2-b13e8953a94b,own-words,blank: no-source,no,,,area sweep of local news/official sites found no statement (leads/local.json)
Utah County UT,local,incumbent,Rodney W. Mann,c9fd2316-e3b5-461d-b065-9f42f8298352,own-words,blank: no-source,no,,,area sweep of local news/official sites found no statement (leads/local.json)
Utah County UT,local,incumbent,Ryan Hunter,5573d8e3-8dde-43e3-bce2-e78e8f1a7140,own-words,blank: no-source,no,,,area sweep of local news/official sites found no statement (leads/local.json)
Utah County UT,local,incumbent,Ryan Rowley,0cba6081-173f-478e-a97c-2dac64f74c03,own-words,blank: no-source,no,,,area sweep of local news/official sites found no statement (leads/local.json)
Utah County UT,local,incumbent,Sarah Blackwell,52f2ed4d-72dd-42e4-869d-886c925cd05e,own-words,blank: no-source,no,,,area sweep of local news/official sites found no statement (leads/local.json)
Utah County UT,local,incumbent,Shane Marshall,82b067bc-c926-4396-b31d-9a247f25a285,own-words,blank: no-source,no,,,area sweep of local news/official sites found no statement (leads/local.json)
Utah County UT,local,incumbent,Skyler Beltran,6ee6c033-2f27-499f-8a69-1272d76dcc4a,own-words,blank: no-source,no,,,area sweep of local news/official sites found no statement (leads/local.json)
Utah County UT,local,incumbent,Staci Carroll,fe4aa066-644e-4783-a6e4-3034e38cbb18,own-words,blank: no-source,no,,,area sweep of local news/official sites found no statement (leads/local.json)
Utah County UT,local,incumbent,Stacy Beck,a21fa150-08fe-472c-89e2-344e9f7a80e8,own-words,blank: no-source,no,,,area sweep of local news/official sites found no statement (leads/local.json)
Utah County UT,local,incumbent,Steve Austin,9dc47ce2-e840-429a-b22c-1928013423fa,own-words,blank: no-source,no,,,area sweep of local news/official sites found no statement (leads/local.json)
Utah County UT,local,incumbent,Steve Rogers,1cf3811b-87c3-4d7f-ac33-00cd81cd2d76,own-words,blank: no-source,no,,,area sweep of local news/official sites found no statement (leads/local.json)
Utah County UT,local,incumbent,Steve Stewart,2e62cf4d-7cf3-4ccc-a7e2-1ddee71e7e92,own-words,blank: no-source,no,,,area sweep of local news/official sites found no statement (leads/local.json)
Utah County UT,local,incumbent,Tasha Lowery,e7c7a8c6-1261-449d-8e98-3292e28be63c,own-words,blank: no-source,no,,,area sweep of local news/official sites found no statement (leads/local.json)
Utah County UT,local,incumbent,Therin Garrett,9a695baf-4e89-4110-b527-28af67d2efe9,own-words,blank: no-source,no,,,area sweep of local news/official sites found no statement (leads/local.json)
Utah County UT,local,incumbent,Tim De Graw,3a03b128-9e91-4c44-8a01-1177010212a6,own-words,blank: no-source,no,,,area sweep of local news/official sites found no statement (leads/local.json)
Utah County UT,local,incumbent,Tim Holley,eec03376-c8f9-4b63-85ba-f73d6c944389,own-words,blank: no-source,no,,,area sweep of local news/official sites found no statement (leads/local.json)
Utah County UT,local,incumbent,Todd Williams,ef5d5f7c-3ea1-422f-8432-2c19ef59cf87,own-words,blank: no-source,no,,,area sweep of local news/official sites found no statement (leads/local.json)
Utah County UT,local,incumbent,Troy Walker,33fbfa4a-d2b9-475a-b942-99120c0177b9,own-words,blank: no-source,no,,,area sweep of local news/official sites found no statement (leads/local.json)
Utah County UT,local,incumbent,Van Broderick,f2c520a2-b4df-4ba9-8803-a2ee1e4ff367,own-words,blank: no-source,no,,,area sweep of local news/official sites found no statement (leads/local.json)
Utah County UT,local,incumbent,Wendy Aston,a0acbfdf-9797-4eef-a3c7-4b9d859ff360,own-words,blank: no-source,no,,,area sweep of local news/official sites found no statement (leads/local.json)
Utah County UT,local,incumbent,Zachory Huish,9fa1e9f2-92a6-4d35-9ff7-7be86d41db0e,own-words,blank: no-source,no,,,area sweep of local news/official sites found no statement (leads/local.json)
Utah County UT,local,incumbent,Zack Stratton,a31fdc48-7b8c-4dca-8a9d-8dd4a9fdc729,own-words,blank: no-source,no,,,area sweep of local news/official sites found no statement (leads/local.json)
