{"type":"FeatureCollection","crs":{"type":"name","properties":{"name":"EPSG:4326"}},"features":[{"type":"Feature","geometry":{"type":"Polygon","coordinates":[[[-80.855761775512,34.0992059742089],[-80.8557919604064,34.0991188692523],[-80.8559011317153,34.0991742742238],[-80.855902465848,34.0991749980156],[-80.8560086450924,34.0992366354283],[-80.8560893009754,34.0992893039463],[-80.8560909606648,34.0992904437869],[-80.8561700105062,34.0993475412383],[-80.8562439627988,34.0994066615159],[-80.856245457549,34.0994079165784],[-80.8563172599837,34.0994712938515],[-80.8563571832508,34.0994126642075],[-80.8564362668604,34.0992965265861],[-80.8566618773693,34.0989652057083],[-80.8567803451179,34.0987911624164],[-80.8568490675359,34.098690200439],[-80.8568804538499,34.0985961744049],[-80.856885963582,34.0985796656091],[-80.8570036852209,34.0982267155767],[-80.8570093258925,34.0981614270142],[-80.8570148306273,34.0980977090179],[-80.8570533876192,34.098046592145],[-80.8570763545095,34.098016142734],[-80.8571786119921,34.0978805703232],[-80.857184661503,34.097783735184],[-80.8572067349414,34.0974303890517],[-80.8570373835147,34.0972472625807],[-80.8569638934278,34.0971677941802],[-80.8569186364186,34.0971973802472],[-80.8569177760582,34.09719789682],[-80.8568693187504,34.0972240041125],[-80.8568685518459,34.097224373819],[-80.8568166276077,34.0972470056327],[-80.8567500656925,34.0972690542922],[-80.8567493066339,34.0972692680166],[-80.8566800695042,34.0972849413893],[-80.8566793940634,34.09728505873],[-80.8566077822676,34.0972941741177],[-80.8560690253517,34.0973323728652],[-80.8559957924436,34.0972512721522],[-80.8554557761952,34.0972088125086],[-80.8554226523987,34.0972062077855],[-80.8553770301685,34.097478357997],[-80.8553411309529,34.0976925704038],[-80.8553313615217,34.0977508678862],[-80.8551081205344,34.0977310584181],[-80.8548678243195,34.0977097345432],[-80.8549166298304,34.0973069566302],[-80.8549341005265,34.0971631015455],[-80.8545277794014,34.0971289252547],[-80.8544776309721,34.0971247070756],[-80.8541259223363,34.0970951460081],[-80.8538465230215,34.0970716237244],[-80.8535671249405,34.0970481026168],[-80.8532877540363,34.0970246232914],[-80.853008398505,34.0970011163053],[-80.8528958041419,34.0969916245022],[-80.8527289911832,34.0969775608402],[-80.852300377906,34.0969415195211],[-80.8520712151404,34.0969873460882],[-80.8516913422818,34.0971296072994],[-80.8516638519478,34.0971399023079],[-80.8517681989981,34.0973268412055],[-80.8518055154347,34.0973940238338],[-80.8517938918841,34.0974922334516],[-80.8517816735749,34.0975915207636],[-80.8517636060534,34.0977383285808],[-80.8517466592957,34.0978750181861],[-80.8517184972688,34.0981074698064],[-80.8516950620212,34.098300873543],[-80.8516903252646,34.0983399619683],[-80.8515685757273,34.0983312415967],[-80.8512494725746,34.098329866269],[-80.8509260606071,34.098388120172],[-80.8506197919721,34.0984737570881],[-80.8503649970139,34.0985719137512],[-80.8502154773267,34.0986303498855],[-80.8501953504952,34.0985944451219],[-80.8498253801027,34.0987376006664],[-80.8498059872336,34.0987451044345],[-80.849924456142,34.0989569463903],[-80.8500429050765,34.0991687674566],[-80.8501613101917,34.0993805676046],[-80.850188169798,34.0994285810079],[-80.8501972786035,34.0994448627777],[-80.8499730924269,34.0994921693019],[-80.8499197888172,34.0995034200804],[-80.8497345337289,34.0995425201371],[-80.8494959336001,34.0995928497251],[-80.8492557739377,34.0996435322234],[-80.849015609704,34.099694187201],[-80.8487754234492,34.099744875951],[-80.8485970385169,34.0997825147404],[-80.8484965245864,34.0998189471412],[-80.8482695748524,34.0999011926605],[-80.8480429684103,34.0999833633443],[-80.8479824764904,34.1000052857782],[-80.847961382795,34.1000200015023],[-80.8478448773513,34.100101283113],[-80.8477595668584,34.1001608011677],[-80.8474724393175,34.1003611481089],[-80.8474298942621,34.1006340653862],[-80.8473937487152,34.1008499719787],[-80.8473604192753,34.1010791438864],[-80.8473179143199,34.101351663478],[-80.8472861089175,34.1015555640779],[-80.8472842398587,34.1015667669306],[-80.8474564217274,34.1015845864303],[-80.8477796510998,34.1016192223029],[-80.8480344899408,34.1016465142887],[-80.8482675146295,34.1016716322162],[-80.8485034699436,34.1016969886179],[-80.8487393905625,34.1017224292865],[-80.8489817841904,34.1017486483099],[-80.8492277007379,34.1017748440851],[-80.8494733787174,34.1018018046085],[-80.8495292295796,34.1018074770951],[-80.8497354110029,34.1018306283585],[-80.8499974620009,34.1018593884605],[-80.8502594708072,34.1018882020591],[-80.8505051625321,34.1019151082597],[-80.8507507665071,34.1019420751827],[-80.851012812732,34.1019708520708],[-80.8512907700885,34.1019882971339],[-80.8515700702751,34.1019845465411],[-80.8516127368227,34.1019869427731],[-80.8517358031078,34.1021156959836],[-80.8518862427906,34.1022591357685],[-80.8520650314981,34.1024267803941],[-80.8522952244935,34.1027032885935],[-80.8512895358795,34.1036812265899],[-80.8505005666133,34.1044657928504],[-80.8502706334258,34.1047483404616],[-80.8473491133361,34.1076663516693],[-80.8471351189976,34.1079146031369],[-80.8470998742778,34.1079625857437],[-80.8470043205174,34.1080926755534],[-80.8469858869186,34.108117771745],[-80.8469554036314,34.1081647638199],[-80.8469220463249,34.1082161885919],[-80.8469181962332,34.1082221231884],[-80.8468993664219,34.108251151989],[-80.8468978761673,34.1082534494265],[-80.8468964456978,34.108255654065],[-80.8469095000899,34.1082588160987],[-80.8473937213968,34.1083761121176],[-80.8474565165864,34.1083913229612],[-80.8474617175558,34.1083925826763],[-80.8474420187072,34.1084453290773],[-80.8472943232668,34.1088408805803],[-80.847186094689,34.1091306876921],[-80.8470679413693,34.1094472288768],[-80.8468898039698,34.1099713888778],[-80.8469518289072,34.1100076324048],[-80.8469839681468,34.1100264133165],[-80.8471018381386,34.1100952895434],[-80.8474936301988,34.11032424121],[-80.8478022569634,34.1105046265269],[-80.8478180533293,34.1105138591951],[-80.8481425158942,34.1107034412037],[-80.8484669191273,34.1108930547404],[-80.8487913618151,34.1110826205786],[-80.8489782201553,34.1111918387378],[-80.8490490867526,34.1112332594497],[-80.8490099393807,34.1112786743473],[-80.8488854504827,34.111423094898],[-80.8486242132989,34.1112704289598],[-80.8482369048018,34.1110440886431],[-80.8481577349396,34.1109978216334],[-80.8481001238312,34.110964154793],[-80.8474300146517,34.11057255576],[-80.8474184684742,34.1105659449241],[-80.8473380470191,34.1105205252256],[-80.8466715652289,34.1112995536181],[-80.8467205195592,34.1114033589668],[-80.8467214700852,34.1114052816092],[-80.8467739203197,34.1115074006051],[-80.8467751574094,34.1115097212393],[-80.8468325786012,34.1116127768659],[-80.8469073610053,34.1117358475991],[-80.8469083717315,34.1117374502195],[-80.8469881928319,34.1118575660065],[-80.8469896698396,34.1118596993853],[-80.8470749210157,34.1119774558035],[-80.8470763594143,34.1119793574031],[-80.8471405141744,34.1120617565715],[-80.8470174778956,34.1126484395414],[-80.8468380263263,34.1135953619539],[-80.8468508578148,34.113641337928],[-80.8470803494413,34.1144658114687],[-80.8467719755786,34.1148467415267],[-80.8466076610572,34.1152009995516],[-80.8465761626942,34.1151847233143],[-80.8465750633594,34.1151841557055],[-80.8460537142194,34.1149147605559],[-80.8460512393797,34.1149134816205],[-80.8460503487502,34.1149138150382],[-80.8448316332515,34.1153701990151],[-80.8447989372681,34.1154571814574],[-80.8447484884861,34.1155913903338],[-80.8447348043677,34.1156277945571],[-80.8447638746023,34.1156516395831],[-80.8447803566411,34.1156651266758],[-80.844933547182,34.1158005798752],[-80.8449343037538,34.1158012507633],[-80.8449855732461,34.1158466617252],[-80.8450184179459,34.1158755932333],[-80.8452158885237,34.1160746260313],[-80.8452950368508,34.1161610815209],[-80.8453714482031,34.1162492232886],[-80.8453735340905,34.1162515900733],[-80.845375597186,34.1162539712563],[-80.8453835836912,34.1162636480405],[-80.8454096880543,34.1162942166088],[-80.845417898214,34.1163037142357],[-80.8454205647536,34.116306922102],[-80.8454332736289,34.1163220157025],[-80.8454775813902,34.1163741740359],[-80.8455347129085,34.1164475268103],[-80.8455844744366,34.1165114199547],[-80.8456223868537,34.1165595776739],[-80.8456499243486,34.1165951035685],[-80.8457036069809,34.1166706250098],[-80.8457136380894,34.1166845827523],[-80.8457157868292,34.1166875789774],[-80.8457534337827,34.1167405747057],[-80.8457814288168,34.1167797628343],[-80.8458034470231,34.1168105850236],[-80.8458430826356,34.1168718776872],[-80.845879240051,34.1169273655559],[-80.8458826705838,34.1169325769766],[-80.8458884461499,34.1169413574252],[-80.8458932140409,34.116948624517],[-80.8458935059494,34.1169490712076],[-80.8458976240424,34.1169553618823],[-80.8458989527642,34.1169573968044],[-80.8459016566951,34.11696153884],[-80.8459339917006,34.1170115352663],[-80.8459409242826,34.1170219852432],[-80.8459433634338,34.1170256679977],[-80.8459455798555,34.1170290177584],[-80.8459478438455,34.1170324415152],[-80.8460030858456,34.1171304182275],[-80.8460359117153,34.1171884843105],[-80.8460698808197,34.1172480675133],[-80.8461428876989,34.1173961406059],[-80.8461887308271,34.1174886892333],[-80.8462957490609,34.1177216346668],[-80.8463179184491,34.117772430814],[-80.8463959375658,34.1179487052613],[-80.8464091259824,34.1179789970527],[-80.8464132579877,34.1179884715344],[-80.8464622452889,34.1181000537471],[-80.846504636444,34.1181967150127],[-80.8465859949533,34.1183793358126],[-80.8465893004458,34.1183866308241],[-80.8465903499954,34.1183889963073],[-80.8466096191688,34.1184321859019],[-80.8466255331794,34.1184673680995],[-80.8466897689019,34.1186028841061],[-80.8466948084893,34.1186135156414],[-80.8467396744786,34.1187081664284],[-80.8468625423708,34.1189344963213],[-80.8470096904481,34.1191661424823],[-80.8471356363924,34.1193382753934],[-80.8476003434825,34.1196277368237],[-80.8475869784316,34.1197455907272],[-80.8475788139924,34.1198175910182],[-80.8476966204229,34.1199191709622],[-80.8478181522988,34.1200176689274],[-80.8479432937838,34.1201129900858],[-80.8480719236141,34.1202050423078],[-80.8481680462248,34.1202647405292],[-80.8480249409513,34.1204306528147],[-80.8474909787806,34.1210426491402],[-80.8470703675835,34.120806383591],[-80.8459525399542,34.1205900882734],[-80.8460494314126,34.1197671902322],[-80.845789947258,34.11972950135],[-80.8452124707256,34.1196456238578],[-80.8447461199793,34.1195778854629],[-80.8443844280192,34.1195254515837],[-80.8440266230502,34.1194754587516],[-80.8436461233032,34.1194217809512],[-80.8434371718679,34.1193918483059],[-80.8433560381235,34.1193799377443],[-80.8433437429341,34.1193781324232],[-80.8432374682128,34.1193613616268],[-80.8430302797125,34.119324988066],[-80.842835035519,34.1192861451574],[-80.8427382752057,34.1192653365527],[-80.8426462934995,34.1192447025366],[-80.8425736918825,34.1192282118493],[-80.842285132292,34.1191626684937],[-80.8418692402315,34.1203417383309],[-80.8419508925861,34.1203538218365],[-80.8426277645989,34.1205047102439],[-80.8424898617995,34.121239826167],[-80.8415063981767,34.1213296527396],[-80.8415569142365,34.1216452024669],[-80.8416303640388,34.1222673779337],[-80.8418112746302,34.12233065239],[-80.8422043778366,34.1224681441573],[-80.8424094607287,34.1225398727539],[-80.8426239463779,34.1227167785557],[-80.8426507079779,34.1227388772652],[-80.8429570935185,34.1229916302546],[-80.8432575408405,34.1232394906194],[-80.8432208418437,34.1236628532626],[-80.843194040263,34.1239720469209],[-80.8431542296167,34.124431301077],[-80.8432244870567,34.1258976663318],[-80.8433626352462,34.1272761332377],[-80.8426887420658,34.1274458511066],[-80.840167635259,34.128077545728],[-80.837543674055,34.128753027393],[-80.8356789284649,34.1292332048495],[-80.8355107557429,34.1293522337076],[-80.8354223223268,34.1292891935516],[-80.8353773596207,34.1292571454348],[-80.8352664347725,34.1291780914566],[-80.8352620191793,34.1291749441833],[-80.8352439507567,34.1291620705238],[-80.8351548864094,34.1290986118634],[-80.8351105302385,34.1290670071728],[-80.8353585839835,34.1301403581129],[-80.8354616590388,34.1305886021784],[-80.8356112566259,34.1312391459119],[-80.8347178015022,34.131453186804],[-80.8340745133576,34.1316072915062],[-80.8334315277341,34.1317613202446],[-80.8324048693444,34.1320072491052],[-80.8320028101934,34.1321031903452],[-80.8315575508842,34.1322094391383],[-80.8314970488602,34.1336396259696],[-80.8314970476822,34.1336396737565],[-80.8314970392946,34.133640080398],[-80.8314706434947,34.1342898794645],[-80.8314040792289,34.1359284408973],[-80.8336538911864,34.1382805990213],[-80.83514779753,34.1398222368725],[-80.8365346507505,34.1392728430489],[-80.8373696000452,34.1390752098794],[-80.8375773550955,34.1391524659424],[-80.8374497288092,34.139660481718],[-80.8374164197438,34.1397917415227],[-80.8373795077256,34.1399223333159],[-80.8373257439914,34.1400932074048],[-80.8373183834426,34.1401147809863],[-80.8372757723579,34.1402329119583],[-80.8372295666127,34.1403501049513],[-80.8371797960033,34.1404662843551],[-80.8371264926261,34.1405813752134],[-80.8370838594184,34.1406706102625],[-80.8370390254438,34.1407590964884],[-80.8369920097058,34.1408467963717],[-80.8369428321332,34.1409336727261],[-80.8368915135717,34.1410196887147],[-80.8368380757749,34.1411048078649],[-80.8367825413954,34.1411889940846],[-80.8367249339747,34.141272211677],[-80.8366232563579,34.1414168362267],[-80.8364504436809,34.1412925557811],[-80.8358563325699,34.1409931683712],[-80.8357531795029,34.1410995262213],[-80.8356447052917,34.1412113780182],[-80.8355919627379,34.1412657130617],[-80.8355373753765,34.1413694200349],[-80.8354264957721,34.1415801155144],[-80.8354137280986,34.1417141503598],[-80.8351085451146,34.141739401908],[-80.834680939341,34.1417748104191],[-80.8344405972392,34.1417947708135],[-80.8343192936532,34.1418060603507],[-80.8341409456031,34.1418226845665],[-80.8336613640454,34.1418674290986],[-80.8334703417108,34.1418836837399],[-80.8327767560171,34.1419428666841],[-80.8325585381668,34.1419624483544],[-80.8321305300523,34.1420011927347],[-80.8320239425553,34.1420108426421],[-80.8315371259425,34.1420549145902],[-80.8313267598416,34.1420739484111],[-80.8309012040123,34.1421124736828],[-80.8305064988474,34.1421481578426],[-80.8303378217612,34.142163473355],[-80.8301117183263,34.1421839434362],[-80.8296633637192,34.1422245305837],[-80.8294987050141,34.1422394041391],[-80.8291564180213,34.1422678812556],[-80.8288143456364,34.1422962982151],[-80.8281684270551,34.1423500578854],[-80.8289440568761,34.1429601027532],[-80.8293688127651,34.1433177033418],[-80.8296096076305,34.1435063945451],[-80.8298507651988,34.1436953679877],[-80.8300924465561,34.1438848772559],[-80.830335226684,34.1440753631447],[-80.8305757816937,34.1442641025925],[-80.8308197106408,34.1444521780197],[-80.8310640398514,34.1446368848745],[-80.8313043840219,34.14481863197],[-80.8311482724344,34.1447795536751],[-80.8271258102765,34.143928613736],[-80.8266946515641,34.1438371965657],[-80.826439255019,34.1437256475798],[-80.8262444236074,34.1435576139775],[-80.8260013057963,34.1434635726773],[-80.8257029987948,34.1430724084047],[-80.8254698907036,34.1430240053301],[-80.8250738343094,34.1428940404434],[-80.8249169183883,34.1428004239488],[-80.824818174733,34.1426665676087],[-80.8247003971602,34.1425982292214],[-80.8246060716097,34.142571376154],[-80.8245093913221,34.1424821072],[-80.8244786615023,34.1423909323205],[-80.8244050841731,34.1423096504094],[-80.8243231003507,34.1423286913807],[-80.8242659235932,34.1422195620341],[-80.8241906218722,34.1421978885705],[-80.8241239826143,34.1421428268631],[-80.8239974917405,34.1421227272834],[-80.823836048969,34.1421607175396],[-80.8234796567253,34.1420332643893],[-80.8233127303599,34.1420663077481],[-80.8231833991278,34.142044893179],[-80.8230370973312,34.1419989488037],[-80.8229037820072,34.1420438738443],[-80.822746946093,34.1419943272856],[-80.8225351948971,34.142030466013],[-80.8224706399913,34.1420237032926],[-80.8224443985291,34.1419762011461],[-80.8223880589119,34.1419848289538],[-80.8223521123149,34.1419686025744],[-80.8222511478426,34.1419036779485],[-80.8221795462609,34.14181526444],[-80.8221344314436,34.141814006983],[-80.822065451253,34.1417119053395],[-80.8219528935324,34.1416999485441],[-80.8219260432236,34.1416696122546],[-80.8218620177636,34.1416900848362],[-80.821730223036,34.1416585124467],[-80.8215875206889,34.1415112845232],[-80.8214360599351,34.141502897917],[-80.8212772727053,34.1414643524416],[-80.8211511795228,34.1414623830614],[-80.8210866313172,34.1414083875875],[-80.8209348254479,34.1413476806223],[-80.8206741551575,34.1412573896345],[-80.8205660210165,34.1411407868312],[-80.8204495565648,34.1410258093239],[-80.8203168308482,34.1409931656061],[-80.8202429093538,34.1409497804827],[-80.8201825762537,34.1409055701116],[-80.8200841055069,34.1407707482346],[-80.8200408974879,34.1406639390598],[-80.8199928702616,34.1405070154126],[-80.8198457909944,34.1401279278587],[-80.8197714477567,34.1400751446492],[-80.8198069485651,34.1399610071095],[-80.8197731936145,34.1397706196956],[-80.8198150219909,34.1396320579217],[-80.8198110139992,34.1394841839828],[-80.819920809724,34.1393833815453],[-80.8199701005656,34.1392820324349],[-80.8199565612836,34.1391829736095],[-80.8200087906566,34.1390624709935],[-80.8200213293737,34.1389957116143],[-80.8201302779926,34.1388635044547],[-80.8201918964683,34.1387580993441],[-80.8202422329264,34.1386977676028],[-80.8202864908406,34.1385801224321],[-80.8203440975883,34.1384997137944],[-80.8205327769994,34.1384289394338],[-80.8205729963329,34.1383698931497],[-80.8205988661626,34.1382094939556],[-80.8206768564322,34.138129627625],[-80.8207598360633,34.1380839326514],[-80.8208076623442,34.1380158670473],[-80.8207643737329,34.1379692469843],[-80.8208432605144,34.1378737252672],[-80.8208289195539,34.1378238558585],[-80.8208496826594,34.1377528171875],[-80.8209166862578,34.1376923297471],[-80.820926416045,34.1376700851795],[-80.8208830855224,34.1375843173538],[-80.8209012784469,34.1374966887737],[-80.8208662234851,34.1374413055652],[-80.82082178156,34.137377429523],[-80.8208016076499,34.1372938734733],[-80.8208405339688,34.1371644833502],[-80.8207667377095,34.1371248946884],[-80.8207260950455,34.137112758221],[-80.8206971064706,34.1370681974194],[-80.8206430805856,34.1370690734328],[-80.8206111634437,34.1370342680453],[-80.8206191741146,34.1370174129942],[-80.8205815392449,34.1369726990247],[-80.8205151464544,34.1369402594086],[-80.8205251215789,34.1369033558929],[-80.8205018214446,34.1368324574005],[-80.8204730939892,34.1367813508051],[-80.8204426350839,34.1366963975666],[-80.8204182362752,34.1366251449141],[-80.8204379538794,34.1365837976282],[-80.8204372068536,34.1365100598829],[-80.8204363519065,34.1364256976169],[-80.8202729394081,34.1359985608998],[-80.8202033527566,34.1358822730004],[-80.8199244791254,34.135675222963],[-80.8192823897777,34.1353965516803],[-80.8189833653951,34.1354375932989],[-80.8183745690076,34.1351419828461],[-80.8180594235324,34.1350634905516],[-80.8175096281385,34.1351499236857],[-80.8169995185646,34.1350311072643],[-80.81625838776,34.1346959741801],[-80.8159413287156,34.1344311833694],[-80.8153143088764,34.1335202306083],[-80.8151070119469,34.1334205205211],[-80.8147493168388,34.1334333461037],[-80.814287470759,34.1333016577499],[-80.8142344041012,34.1333143118217],[-80.8138934033203,34.1333957850732],[-80.8129998572275,34.1331015625439],[-80.8127883477343,34.1331145491559],[-80.8125154634527,34.1332917414966],[-80.8122531458045,34.1332654378249],[-80.8119592622858,34.1331477007084],[-80.8116919701967,34.1332066114485],[-80.8113227905002,34.1330193607931],[-80.8105251892219,34.1330777143749],[-80.8100658002447,34.1326941677242],[-80.8097819152257,34.1325320740387],[-80.8093539283582,34.1324051682112],[-80.8091923887771,34.1322078170292],[-80.808542351041,34.1319273536779],[-80.8074400667053,34.1317378985914],[-80.806842179541,34.1313586010597],[-80.8065613878976,34.1311491796693],[-80.8062704607419,34.1309320127104],[-80.8055713575178,34.1305112338812],[-80.805370407075,34.1303166778382],[-80.8050964637507,34.1302025956291],[-80.8047465702436,34.1303345937972],[-80.8046887576729,34.1305516468893],[-80.8044301314699,34.1306656089741],[-80.7998456191685,34.1287316997699],[-80.7992051047489,34.128435454843],[-80.7983293530627,34.1281791288732],[-80.7983292143806,34.1281790853679],[-80.7982847280114,34.1282592682322],[-80.7980681441447,34.1284937387627],[-80.7977190199681,34.1285915884085],[-80.7975657414128,34.1285296338505],[-80.7972459649768,34.1283605459933],[-80.7967685188527,34.128089275522],[-80.7965642140443,34.1279475321093],[-80.7963370401785,34.1277448141119],[-80.7964586851797,34.1274933902339],[-80.7962447662658,34.1273529758145],[-80.7960077116582,34.127652844467],[-80.7957008261704,34.1277134006387],[-80.7954040315874,34.1275930306247],[-80.7947800213832,34.1279828853616],[-80.7945335041969,34.1280650404826],[-80.7940796743817,34.1280951923085],[-80.7940544886552,34.1280968655528],[-80.7939219017511,34.1279356099346],[-80.7938891667445,34.1279556953825],[-80.7938759946707,34.1279663520315],[-80.7937373909462,34.1280756237553],[-80.7936103100644,34.128230593135],[-80.7935699650747,34.1283068679412],[-80.7935295707865,34.128403182298],[-80.7935005856324,34.1285271887936],[-80.7934967992026,34.1286703228294],[-80.7935116663454,34.1287611142764],[-80.793516024008,34.1287877298371],[-80.7935262508376,34.1288134147055],[-80.7935335170721,34.1288316648828],[-80.7935370420742,34.1288424664494],[-80.793545876797,34.1288627056135],[-80.7935684504829,34.1289144205981],[-80.7935884808498,34.1289497452818],[-80.7936070936034,34.1289825690765],[-80.793624805724,34.1290066577848],[-80.7936405182897,34.1290312751562],[-80.7936480803924,34.1290383099284],[-80.793654682591,34.1290472898145],[-80.7937748911997,34.1291698776909],[-80.7935739611449,34.1292550576955],[-80.7935772582914,34.1293210095978],[-80.7935493221499,34.1294194202714],[-80.7934914771889,34.129430412916],[-80.7932894803697,34.1293596313324],[-80.7932295296795,34.1294139258143],[-80.7931864001658,34.1294340091029],[-80.7931030904063,34.1293417097257],[-80.7930757738061,34.1293537015555],[-80.7926824846253,34.1282366363422],[-80.7869410178615,34.1234471819353],[-80.7866490871869,34.1232082913761],[-80.7865036623679,34.1230892885802],[-80.7862085909674,34.1228478244971],[-80.7900882708009,34.1208493815303],[-80.7906217524252,34.1205745660271],[-80.7907322743532,34.120517631181],[-80.7957601881846,34.1179273619445],[-80.7961623420783,34.1175136939586],[-80.7971763773266,34.1187620088346],[-80.797746547738,34.12086798914],[-80.7978648646565,34.1213099005989],[-80.7981945229243,34.122541148938],[-80.8006209432587,34.1216760675383],[-80.7991265604402,34.1199942274826],[-80.7990299598303,34.1196857764462],[-80.7992074347173,34.1195909016123],[-80.7993327585728,34.1197770454006],[-80.7993923547198,34.1198676266974],[-80.7994548822241,34.1199568306945],[-80.7994979677154,34.1200152285853],[-80.7995515365374,34.120077538601],[-80.7997866131708,34.1203509713767],[-80.7998871336385,34.1204461600563],[-80.7999931762174,34.1205371100685],[-80.8000596364926,34.1205877008151],[-80.8001268419889,34.1206348871034],[-80.8001877394791,34.1206745153007],[-80.8002502578121,34.1207123574914],[-80.8003143212975,34.120748367859],[-80.8003798523736,34.1207825028048],[-80.8005037977405,34.120839922945],[-80.8006306503122,34.1208921737868],[-80.800760388084,34.1209392704393],[-80.8008927084997,34.1209811030691],[-80.8010273029786,34.1210175741184],[-80.8011022256052,34.1210353840045],[-80.8011777821024,34.1210512338421],[-80.8012538983554,34.1210651080837],[-80.8013304997004,34.1210769931198],[-80.8014075109977,34.1210868772922],[-80.8014848567053,34.1210947509053],[-80.8015624609531,34.1211006062355],[-80.8016402476172,34.1211044375394],[-80.8017100077719,34.1211045488766],[-80.8018262631324,34.1211047343331],[-80.801844195108,34.1211047629294],[-80.8019258188465,34.1211008335498],[-80.8020072511585,34.1210947483787],[-80.8020884097463,34.1210865135659],[-80.8021692125892,34.1210761374336],[-80.8022495780256,34.1210636304684],[-80.8023294248366,34.12104900531],[-80.8024086723271,34.1210322767389],[-80.8024872404081,34.1210134616614],[-80.8029623176788,34.1208805193659],[-80.8030846286595,34.1208467156559],[-80.8044549202773,34.1204519142586],[-80.8046710069454,34.1203914885408],[-80.8055921904356,34.1201363430325],[-80.8055245030904,34.119919076273],[-80.8054706307037,34.1197461609689],[-80.8054175130527,34.1195756596925],[-80.8054167760085,34.1195731888543],[-80.8053633552296,34.1194001975499],[-80.8053099563751,34.1192271945259],[-80.8052503941285,34.1190342241633],[-80.8051958560012,34.1188575278324],[-80.8051422780921,34.1186839419451],[-80.8051219933789,34.1186182240951],[-80.8046460203391,34.1187449111796],[-80.8041714224846,34.1188698078813],[-80.803970765448,34.1182062481173],[-80.8039559864432,34.1181573793171],[-80.8039363277681,34.1180923700633],[-80.8038920167862,34.1179458313044],[-80.8038875228502,34.1179468908923],[-80.8018695829868,34.1173731841982],[-80.8013928588554,34.1175199181161],[-80.8013927650229,34.117519707876],[-80.8013613979174,34.1174490223803],[-80.8011707762196,34.1170194637312],[-80.8008420878862,34.1162788195004],[-80.8006224408892,34.1160051444352],[-80.8005138821094,34.1158698822006],[-80.8002913975114,34.1155926682943],[-80.8003944792999,34.1155395521633],[-80.8016700922742,34.1148822603736],[-80.8018811152404,34.1151632424291],[-80.8019859436498,34.1153028237869],[-80.8021952664496,34.1155815393573],[-80.8028140194885,34.1155136240513],[-80.8031033994295,34.1154818606943],[-80.8031296085008,34.1154789844033],[-80.8027584295106,34.1152929618257],[-80.802718443176,34.1152389917166],[-80.8025499789046,34.1150116138737],[-80.8024470272165,34.1148726572183],[-80.8022375130567,34.1145898697427],[-80.8031187274074,34.1141357636601],[-80.803366814286,34.1140079175685],[-80.8038871000291,34.1137397989927],[-80.8050670855474,34.1131317013411],[-80.8052583463775,34.1130231410861],[-80.8056853320735,34.112798035464],[-80.806478209445,34.1122986689858],[-80.8065669944777,34.1122547522719],[-80.8067997299392,34.1121396557206],[-80.8073600309309,34.1129366032346],[-80.8074840323653,34.1130129644501],[-80.8077700496667,34.1130638605198],[-80.8077393730981,34.1131238581157],[-80.8077126191072,34.1131851407587],[-80.807702311158,34.1132121002257],[-80.8076910248908,34.1132441228874],[-80.8076831094721,34.1132691366334],[-80.8076728800566,34.113303140106],[-80.8076184040372,34.1132918452434],[-80.8075186266769,34.1136370999508],[-80.8073820932933,34.1141094806412],[-80.8072278071852,34.1146434765818],[-80.8070452978054,34.1152752024277],[-80.8068673021831,34.1158909635446],[-80.8067061668322,34.116434113438],[-80.8066701161081,34.1165338700055],[-80.8066408465955,34.1166349770004],[-80.8066178850285,34.1167372272074],[-80.8066018771423,34.1168403231806],[-80.8065923176546,34.11694431463],[-80.8065915593056,34.1169590161506],[-80.8066021703711,34.1170082523607],[-80.806621438662,34.1170721659709],[-80.8066364236204,34.117111035221],[-80.8066546692365,34.1171515127191],[-80.8066806041196,34.1172003453689],[-80.8067086205942,34.1172457747253],[-80.80675468664,34.1173133285746],[-80.8067882909279,34.1173581823165],[-80.8068340894254,34.1174145937302],[-80.8069013147749,34.1174935442121],[-80.8070825105628,34.1177066450954],[-80.8070958845168,34.1177224704016],[-80.807131216067,34.1177639770072],[-80.807172638326,34.1178155776334],[-80.8072114828487,34.1178685469814],[-80.80724003234,34.1179104965734],[-80.8072686209871,34.1179553027223],[-80.807305056078,34.1180215953],[-80.8073107194007,34.118033262727],[-80.8073278807655,34.1180719316389],[-80.8073429178661,34.118111207565],[-80.8073557998119,34.1181510098284],[-80.807366500139,34.1181912566711],[-80.8073770821608,34.1182430760467],[-80.8073839174547,34.1182948950227],[-80.8073866989043,34.1183337858252],[-80.8073875185381,34.1183695718279],[-80.807384458392,34.1184515905102],[-80.8073771654487,34.1185334241864],[-80.8073763956494,34.118540227024],[-80.8073752264028,34.1185501499355],[-80.8073619986948,34.1186382969009],[-80.8073485392314,34.118706005263],[-80.8073360315477,34.1187587500182],[-80.8073068694631,34.1188719144507],[-80.807252434981,34.119082273463],[-80.8072428857289,34.1191190938244],[-80.8072350730693,34.1191497133637],[-80.8072285325926,34.1191752782898],[-80.8072218787086,34.119200650983],[-80.8072176524923,34.1192176788454],[-80.8072101798329,34.1192494440353],[-80.8072032178772,34.1192840737323],[-80.8071969974143,34.1193206603093],[-80.8071925105423,34.1193519053558],[-80.807188825392,34.1193833905893],[-80.8071861254688,34.1194140225646],[-80.8076538241832,34.1195417328013],[-80.8086260068811,34.1200185303004],[-80.8090667352192,34.1201271953897],[-80.8091128211229,34.119880277103],[-80.8091907842299,34.1200756425035],[-80.8093669904643,34.1201306165731],[-80.8088596343965,34.1211831962369],[-80.8090075923766,34.1212875660762],[-80.8091253855281,34.1213706568075],[-80.8101345521069,34.1220771505757],[-80.8101545258236,34.1220918873762],[-80.8101812547269,34.1221097110001],[-80.8102229821736,34.1221388022866],[-80.8102838661808,34.122181538968],[-80.8103476275043,34.1222263078723],[-80.8103908855342,34.1222565573817],[-80.8104361868505,34.122288470874],[-80.8104904314197,34.122326357144],[-80.8105785320441,34.1223842945983],[-80.8106715246615,34.1224366778379],[-80.8107605032192,34.1224795147893],[-80.810815630984,34.1225029304124],[-80.8108443024362,34.1225141142255],[-80.8109157070204,34.1225395103074],[-80.810999764768,34.1225650644508],[-80.8111098388108,34.1225934667963],[-80.8111765797483,34.122608310364],[-80.8112438942265,34.122621239137],[-80.8113418784249,34.122636930967],[-80.8114260843464,34.1226474307189],[-80.8114962032147,34.1226541139052],[-80.8115493388903,34.1226576019183],[-80.8115740485096,34.1226585735211],[-80.8115937361292,34.1226590830619],[-80.8116493432774,34.1226593215444],[-80.8117069488614,34.1226574486078],[-80.8117824017829,34.122651822866],[-80.8118483643667,34.1226439438562],[-80.8118860469123,34.1226381571652],[-80.8119370704501,34.1226288344566],[-80.8119735181018,34.1226210648953],[-80.8120046285917,34.1226136686566],[-80.8120198554759,34.1226099028631],[-80.8120640427079,34.1225978403974],[-80.8121761760439,34.1225642071266],[-80.8121784706697,34.1225634820433],[-80.8122868914604,34.1225274689568],[-80.8138670231137,34.1219861660099],[-80.8145689508675,34.121755249267],[-80.8146030308407,34.1217441121604],[-80.8145868717645,34.121708207782],[-80.8145837892271,34.1217012846465],[-80.8145662753073,34.1216551667979],[-80.8145512284497,34.1216092915713],[-80.8145372953678,34.1215592486688],[-80.814530684587,34.1215324005076],[-80.8145244353181,34.1215038225749],[-80.8145201946958,34.1214748896758],[-80.8145184590761,34.121448704306],[-80.8145185133909,34.1214235350882],[-80.8145200046243,34.1213971760034],[-80.814524881906,34.1213631875072],[-80.8145325554737,34.1213300976437],[-80.8145422332433,34.1212982036839],[-80.8145504585713,34.1212751944447],[-80.8145613426262,34.1212495048917],[-80.8145724358061,34.1212263800078],[-80.8145884897476,34.1211978948652],[-80.8146066934911,34.1211699503248],[-80.8146295367993,34.1211397882753],[-80.8146491271139,34.1211173955941],[-80.8146688920678,34.1210969679158],[-80.8146894452763,34.121077006673],[-80.814714881286,34.1210536416783],[-80.8147428151788,34.1210297781702],[-80.814774968734,34.1210043475261],[-80.8148257320289,34.1209682805191],[-80.8149671403695,34.1208795284882],[-80.8150503822715,34.1208270488016],[-80.8151186294214,34.1207844940079],[-80.8151591296755,34.1207590756809],[-80.815211787144,34.1207227958317],[-80.8152504039473,34.1206929375401],[-80.8152872162186,34.1206622884917],[-80.8153241187176,34.1206289913521],[-80.815360079951,34.1205932591867],[-80.8153954446754,34.1205550934102],[-80.8154274902433,34.1205191931063],[-80.8154315884475,34.1205146024635],[-80.8154778478703,34.120460734877],[-80.8155237483026,34.1204048830584],[-80.8155790866687,34.1203356851372],[-80.8156167119027,34.1202867864265],[-80.8156495110373,34.120240648681],[-80.815677830133,34.120197175939],[-80.8157045455634,34.120152269856],[-80.8157290820395,34.1201072640565],[-80.8157508644925,34.1200618736619],[-80.8157877618283,34.1199776660924],[-80.8158005484709,34.1199315337992],[-80.8158085590476,34.1199022773566],[-80.815815723571,34.1198757436143],[-80.8158187604692,34.1198614818398],[-80.8158210941216,34.1198440135739],[-80.8158240332264,34.119810627162],[-80.8158244057314,34.1197971720422],[-80.815823772068,34.1197726239469],[-80.8158201719483,34.119738573227],[-80.8158157440028,34.1197063327415],[-80.8158136225139,34.1196930939331],[-80.8158078370388,34.1196619523779],[-80.815804255184,34.119646702476],[-80.8158006711936,34.1196329556603],[-80.81579602805,34.119619183831],[-80.815786758453,34.1195944777625],[-80.8157712067214,34.1195564031859],[-80.8157646406726,34.1195419603641],[-80.8157584429679,34.1195296649725],[-80.8157520424401,34.1195179174973],[-80.815711667583,34.1194442468067],[-80.8157100075622,34.1194413066926],[-80.8156693223442,34.1193713468143],[-80.8156369290587,34.1193183993763],[-80.8156281625532,34.1193048251997],[-80.8156138266492,34.1192832485209],[-80.815579249378,34.119226537847],[-80.8155670656558,34.1192053998647],[-80.8155455780264,34.1191670125806],[-80.8155346076664,34.1191462884607],[-80.8155262730213,34.1191269992086],[-80.8155178279652,34.1191056115974],[-80.8155065352522,34.119074962275],[-80.8154880815357,34.1190096023117],[-80.8154829869778,34.1189804066706],[-80.8154827457075,34.1189786624756],[-80.815477479215,34.1189406770644],[-80.8154762315465,34.1189203974736],[-80.8154765897741,34.1188873561755],[-80.8154789514571,34.1188563457162],[-80.81548245989,34.118825456882],[-80.8154885665334,34.1187866984911],[-80.8154963904149,34.1187499705133],[-80.8154997198277,34.1187353034229],[-80.8155147628261,34.1186763995794],[-80.8155315224742,34.1186192872022],[-80.8155605339569,34.1185333268253],[-80.8155730982424,34.1184932660765],[-80.8155785489373,34.1184726916599],[-80.8155819852119,34.1184551988792],[-80.8155850346848,34.1184375973234],[-80.8155869636615,34.1184212816946],[-80.8155878619134,34.1184033189814],[-80.8155871344338,34.1183548231817],[-80.8155863396665,34.1183240469745],[-80.8155827081057,34.1182789524854],[-80.8155748322187,34.1182060576012],[-80.8155715875544,34.1181812423287],[-80.815565207237,34.118146998107],[-80.8155591023808,34.1181177648949],[-80.815541909361,34.1180429482331],[-80.8155272610492,34.1179851932115],[-80.8155161595354,34.1179453353679],[-80.815463075913,34.1177800184896],[-80.8154469567084,34.1177307730714],[-80.8154318280007,34.1176827265446],[-80.815418928161,34.1176387634008],[-80.8154094488875,34.1176053260686],[-80.8153955240666,34.1175580684853],[-80.8153824462022,34.1175167532882],[-80.8153697915263,34.1174793032927],[-80.8153610678971,34.1174544555229],[-80.8153519969123,34.1174308235944],[-80.8153422390596,34.1174064747151],[-80.8153319622521,34.1173834856898],[-80.8153245099845,34.1173678720466],[-80.8153166267045,34.117352043164],[-80.8153089127245,34.1173376463908],[-80.8152988828797,34.1173198107965],[-80.8152903942363,34.1173056987012],[-80.8152775304993,34.1172853531402],[-80.8152689531343,34.117272171439],[-80.8152584014243,34.1172570545142],[-80.8152481921567,34.1172430119915],[-80.8152345473002,34.1172254568472],[-80.8152099171253,34.1171963078697],[-80.8151854239304,34.1171685016835],[-80.8151656225893,34.1171463334262],[-80.8151422700471,34.1171214873205],[-80.8150953261401,34.117073977693],[-80.8150825070043,34.1170616615847],[-80.8150523912408,34.1170335611728],[-80.8150148307182,34.1170000098703],[-80.8149761227716,34.1169661710168],[-80.8149490074316,34.1169428160494],[-80.8149296185026,34.1169260295585],[-80.8149232700818,34.1169204342314],[-80.8149085554426,34.1169078601076],[-80.8148920659399,34.1168928533259],[-80.814846129631,34.1168507876071],[-80.8148153570162,34.1168216961187],[-80.8148039070694,34.1168109437209],[-80.8147656965967,34.1167727161911],[-80.8147303648517,34.1167297807917],[-80.8147275762205,34.1167259003363],[-80.8147059908902,34.1166930643397],[-80.8146862764024,34.1166573692151],[-80.8146846342425,34.1166537285104],[-80.8146711192691,34.1166192716106],[-80.814669375062,34.1166136858422],[-80.8146683103063,34.1166087340624],[-80.8146620670071,34.1165775322308],[-80.8146615041911,34.1165725811996],[-80.8146591496385,34.1165338102022],[-80.8146594429305,34.1164978419509],[-80.8146637051898,34.116449776445],[-80.8146780736363,34.1163709509654],[-80.8146879300815,34.1163227747792],[-80.8146969118557,34.1162810388486],[-80.8147028704287,34.116244666076],[-80.8147069805491,34.1162007759923],[-80.8147089413622,34.1161561667733],[-80.8147086056,34.1161122700585],[-80.814705410581,34.1160640744042],[-80.814699495865,34.1160137278064],[-80.8146918560912,34.1159650133708],[-80.8146793829686,34.1159064535555],[-80.8146628812505,34.1158439239682],[-80.8146475259622,34.1157821598058],[-80.8146248090852,34.1156754379872],[-80.8146070185422,34.1155721588913],[-80.8145996767697,34.1155185181384],[-80.8145949744994,34.1154644990126],[-80.8145940630095,34.1154081006128],[-80.8145962994255,34.1153528421175],[-80.8146014210775,34.115297361606],[-80.8146076266846,34.1152529976538],[-80.8146158153707,34.1152064888704],[-80.8146264966756,34.11516134353],[-80.8146424474694,34.1151067592034],[-80.8146443529365,34.1151013943766],[-80.81466434718,34.1150468873103],[-80.8146897664362,34.1149907427745],[-80.8147108488537,34.1149509093727],[-80.8147347713831,34.1149106510044],[-80.8147617866328,34.1148724728969],[-80.8147779371414,34.1148529279264],[-80.8147828543226,34.1148474954525],[-80.8148163208952,34.1148103287095],[-80.8148627916852,34.1147683149952],[-80.8148824469426,34.1147518111715],[-80.8149044261359,34.114734452412],[-80.8149208028605,34.1147220950087],[-80.8149246799579,34.1147193813326],[-80.8149436384809,34.1147067419409],[-80.8149482906943,34.1147040285168],[-80.8149737909843,34.1146901825036],[-80.8149997176413,34.114678197275],[-80.8150190128677,34.1146687782536],[-80.8150299569188,34.1146626135653],[-80.8150566651426,34.1146476233045],[-80.8150932837372,34.114625204461],[-80.8151353288573,34.1146004321939],[-80.8151654811313,34.1145839448433],[-80.8152020941385,34.1145646033751],[-80.8152740255776,34.1145269923761],[-80.815448473116,34.1144342104819],[-80.8154858621749,34.1144138683213],[-80.8155244554691,34.1143935991696],[-80.8155896946695,34.1143600067337],[-80.815666285784,34.1143205729231],[-80.8156848060757,34.1143109984615],[-80.8156978711659,34.1143045167656],[-80.8157374954006,34.1142847143405],[-80.8157634108551,34.1142712736317],[-80.8158279467686,34.1142379703663],[-80.8158746802364,34.1142136457149],[-80.8159106436008,34.1141958061656],[-80.8159178935607,34.1141924175923],[-80.8159443786669,34.1141802301158],[-80.8159615328351,34.1141727409664],[-80.8160030189323,34.1141546706262],[-80.8160362494878,34.1141402867201],[-80.816058570323,34.1141307773398],[-80.816087565256,34.1141189866783],[-80.8161233667332,34.114105330599],[-80.8161696968326,34.11408858021],[-80.8162021596495,34.1140778207583],[-80.8162369465493,34.1140671368693],[-80.8162812027355,34.1140544625486],[-80.8163449141181,34.114037523194],[-80.8163541260114,34.1140352465551],[-80.816378232446,34.1140291985812],[-80.8164658752624,34.114007928618],[-80.8164952319651,34.1140013158129],[-80.8165333678799,34.1139934996047],[-80.8165485187357,34.1139905157906],[-80.8166437349651,34.113973232368],[-80.8167800339682,34.1139489466388],[-80.8168471788718,34.1139363779993],[-80.8169294739589,34.1139206108632],[-80.8170573941555,34.1138957489375],[-80.8170974230764,34.1138882933081],[-80.8171625839663,34.1138777963316],[-80.8172187085309,34.113867572761],[-80.817239627452,34.1138631663894],[-80.8172551275579,34.1138580361147],[-80.8172624336562,34.1138547187777],[-80.8172714554766,34.113793944726],[-80.8172700337189,34.1137370839123],[-80.8172698261142,34.1137062336987],[-80.8172692710199,34.1136236439598],[-80.8172707716729,34.1135923932087],[-80.817275608839,34.1135428974611],[-80.8172841464985,34.1134773176645],[-80.8173206591997,34.1133134387069],[-80.8173422248849,34.1132209062475],[-80.8173572622917,34.1131630750723],[-80.8173686860604,34.1131187186265],[-80.8173928123562,34.1130307028011],[-80.817398452389,34.1130084045475],[-80.8174168224508,34.1129345951647],[-80.8174323058342,34.1128693690909],[-80.8174437454858,34.1128174971947],[-80.8174534763827,34.1127601360923],[-80.817460050577,34.112703247337],[-80.8174627502512,34.1126474258819],[-80.8174605749423,34.1125915981657],[-80.8174554858278,34.112556639951],[-80.8174485345009,34.1125210829925],[-80.8174388548378,34.1124869538849],[-80.8174144637211,34.112424651953],[-80.8173824668039,34.112364962712],[-80.8173425773321,34.1123076476924],[-80.8173198337112,34.1122797019925],[-80.8172950825206,34.1122522303225],[-80.8172680316028,34.1122270211755],[-80.8172356758152,34.1122010891908],[-80.817199013665,34.1121769397859],[-80.817160628873,34.1121538608288],[-80.817109058814,34.1121267076178],[-80.8170537540889,34.1121021727618],[-80.8169955798113,34.11207870755],[-80.8169388320667,34.112058346176],[-80.8168976447922,34.1120450975818],[-80.8168807051818,34.1120396328095],[-80.8168687530047,34.1120358218452],[-80.8168188417458,34.1120203476547],[-80.8168158690836,34.1120194262682],[-80.8168100200606,34.1120176674927],[-80.816933273762,34.1119134576744],[-80.8172339223944,34.1117215485472],[-80.8172637119803,34.1117046868482],[-80.8175406844077,34.1116717850914],[-80.8175394725258,34.1116702161997],[-80.8159836063903,34.1096553234981],[-80.8154713587527,34.1088551926394],[-80.8155903844823,34.1088169967189],[-80.8159409255496,34.108710517283],[-80.815938014796,34.1087035222741],[-80.814921925067,34.1062048931292],[-80.8148161689663,34.1059423808747],[-80.8152361852429,34.1057767603869],[-80.8152580131873,34.1057681529757],[-80.8154868841625,34.1056778862547],[-80.8155679055638,34.1056459311928],[-80.8156561869477,34.1056111132049],[-80.8156998394217,34.105593893717],[-80.8165834422382,34.1052452937511],[-80.8166122629515,34.1052339571287],[-80.8166679157855,34.1052120662903],[-80.816794900249,34.1051619598513],[-80.8169326701648,34.1051071795511],[-80.8170543086501,34.1050589134069],[-80.8171862752955,34.1050064109324],[-80.8172913594096,34.1049647168664],[-80.8174037839532,34.1049199750101],[-80.8176785526535,34.1048108274419],[-80.8179120706884,34.1047119439206],[-80.8179151238829,34.1047105535004],[-80.8179201563678,34.1047076331294],[-80.8179224864823,34.1047062813232],[-80.8179269285694,34.1047037036257],[-80.817937123718,34.1046952536188],[-80.817945398778,34.1046854581999],[-80.8179503232747,34.1046767137351],[-80.817950621127,34.1046763129251],[-80.8179507138816,34.1046760209175],[-80.8179515048909,34.1046746163615],[-80.8179552538349,34.104663057842],[-80.8179565343052,34.1046511332311],[-80.8179553043452,34.1046392049418],[-80.8179548662627,34.1046377471892],[-80.8179547024092,34.1046373186523],[-80.8179516043802,34.1046276346057],[-80.8179455442276,34.1046167749396],[-80.8179373107128,34.1046069562306],[-80.8179270906661,34.1045985060612],[-80.8179268515505,34.1045982992267],[-80.81791537585,34.1045915910603],[-80.8179087427188,34.1045887185128],[-80.8178976051415,34.1045892089312],[-80.8177256675442,34.10459678516],[-80.8175745385609,34.1046120307179],[-80.8173417975419,34.1046323777457],[-80.8171863056888,34.1046429520397],[-80.8171567364421,34.1046445090035],[-80.8171433112489,34.1046452159969],[-80.8170338336884,34.104650982446],[-80.8168909655884,34.1046564245791],[-80.8167577569253,34.1046596743904],[-80.8165920060319,34.1046612773489],[-80.816498288017,34.1046609550204],[-80.8164977395224,34.1046609614237],[-80.8164964279647,34.1046609486664],[-80.8164944920609,34.1046609304785],[-80.8161955617527,34.1046566474435],[-80.8159967959177,34.1046536229435],[-80.8151250313682,34.1046403571972],[-80.8144296130369,34.1046297680592],[-80.8137678310259,34.1046196880136],[-80.8131932362732,34.1046109366028],[-80.8117661535887,34.1045891170522],[-80.8104311805399,34.1045687687926],[-80.8094371822428,34.1045536102638],[-80.8094356430804,34.1045535871644],[-80.8079419359515,34.1045307973402],[-80.8079396662645,34.1045307478459],[-80.8079098995638,34.1045298975299],[-80.8077376563421,34.1045249802467],[-80.807585734106,34.1045171114488],[-80.8074081218353,34.1045040910333],[-80.8073820140733,34.1045015285668],[-80.8073504487285,34.1044984301508],[-80.8072094499451,34.1044845906909],[-80.8070201946673,34.1044611246526],[-80.80700633347,34.104459022951],[-80.8069777496279,34.1044546892649],[-80.8068019935688,34.1044280447136],[-80.8067168182061,34.1044133681719],[-80.8066315597899,34.1043975580336],[-80.8066276710213,34.1043968766244],[-80.8066251151371,34.1043963622967],[-80.8066149529959,34.104394478203],[-80.8065050172592,34.1043724638917],[-80.8063829686669,34.1043460123859],[-80.8062763431311,34.1043207660075],[-80.8062526855323,34.1043151639617],[-80.8062282034882,34.1043093676664],[-80.806103563024,34.1042772916857],[-80.8059117601593,34.1042230871972],[-80.8059017799618,34.1042203296036],[-80.805899791243,34.1042197043389],[-80.805893566843,34.1042179453595],[-80.8056834889983,34.104151696206],[-80.8054179328749,34.1040576729005],[-80.8053073758833,34.104014991],[-80.8052980907151,34.1040111984191],[-80.8052882456662,34.1040071768355],[-80.805163438538,34.1039562004797],[-80.8049535892552,34.1038661804127],[-80.8047518181047,34.1037794367575],[-80.8043749332164,34.1036174228072],[-80.8041834624927,34.1035351117596],[-80.8040583465973,34.103481325071],[-80.8040373064836,34.1034726592211],[-80.8039600453759,34.1034408343346],[-80.803868261266,34.1034030281853],[-80.8037397782024,34.1033538849091],[-80.8036099672344,34.1033072136045],[-80.8035776518721,34.1032962711487],[-80.8035665815122,34.1032925225022],[-80.8034982520361,34.1032693846887],[-80.8033466463699,34.1032213982506],[-80.8031698987736,34.1031701870698],[-80.802971420506,34.1031185669791],[-80.8029486926913,34.103113303905],[-80.802935750871,34.1031103069382],[-80.802799126216,34.103078666669],[-80.8026417041761,34.1030460978466],[-80.8024099098602,34.1030047571578],[-80.8023061551849,34.1029894312843],[-80.8022774266103,34.1029851882546],[-80.8022133423866,34.1029757223211],[-80.8020260129074,34.1029530235595],[-80.801856586485,34.1029356549372],[-80.801646758377,34.1029179582958],[-80.801530934875,34.1029103876754],[-80.8014570218257,34.1029055556035],[-80.8013944764365,34.1029014666098],[-80.8011843398401,34.1028883465138],[-80.800802876809,34.1028645389017],[-80.8004339739989,34.102842853008],[-80.8000049072918,34.1028176364928],[-80.7992579821712,34.1027743856971],[-80.7988526824478,34.1027510042529],[-80.7986062038987,34.102736784019],[-80.798103719513,34.1027077892012],[-80.7974769365742,34.10267110676],[-80.7969693948789,34.1026404661689],[-80.7967619823933,34.1026268940057],[-80.7966048348213,34.1026166101661],[-80.7962646475699,34.1025962158355],[-80.7958670437458,34.1025726055362],[-80.7952145627506,34.1025341174882],[-80.792770739583,34.1023879651538],[-80.7927650813019,34.1024829213878],[-80.7914241279929,34.1024036451507],[-80.7871268704276,34.1021534242609],[-80.7869188037699,34.1021354803312],[-80.7854704629341,34.1020105605634],[-80.7852840512359,34.1020010457839],[-80.7850974847753,34.101993933691],[-80.784842965279,34.1019881022158],[-80.7845883545311,34.1019867411045],[-80.7844413510598,34.1019879919317],[-80.7841183874808,34.1019959700406],[-80.7838724056128,34.1020068810515],[-80.7836267426922,34.102021966639],[-80.7833815010764,34.1020412205175],[-80.7831367829473,34.1020646346649],[-80.7797611383705,34.1024175491351],[-80.7795528286503,34.1024393582703],[-80.7783974194358,34.1025601402008],[-80.778340277062,34.102565955077],[-80.7782696808918,34.1025726349711],[-80.7782243872743,34.1025766351226],[-80.7781783754694,34.1025804563448],[-80.7780862700376,34.1025874583998],[-80.7780428674003,34.1025903771435],[-80.7780170652864,34.1025921587461],[-80.7780086060245,34.1025926864415],[-80.7778712570367,34.1026002323489],[-80.7777334645508,34.1026057386156],[-80.7776274781669,34.1026085840044],[-80.7774609651346,34.1026106004575],[-80.7773798050863,34.1026105037432],[-80.7771910530108,34.1026075216514],[-80.7771226146268,34.1026054954495],[-80.7769480802055,34.1025980201821],[-80.7768447148943,34.1025920385682],[-80.7766975717354,34.1025815175851],[-80.7766937982802,34.102581215052],[-80.776685330222,34.1025805361955],[-80.7766809997564,34.1025801839702],[-80.7766790816044,34.1025800290402],[-80.7765650869554,34.1025700192229],[-80.776467488111,34.1025603219293],[-80.7764345566493,34.1025568092435],[-80.7762999107319,34.1025412042429],[-80.7761656162903,34.1025236280471],[-80.7760317150267,34.102504086114],[-80.7758982485211,34.1024825845119],[-80.7757652582185,34.1024591299177],[-80.7756327854158,34.1024337296146],[-80.775500871249,34.1024063914901],[-80.7753695566809,34.1023771240336],[-80.7751245938543,34.1023169491663],[-80.7749497786598,34.1022694653042],[-80.7747763739103,34.1022185284331],[-80.7746044781568,34.1021641675025],[-80.7744341890921,34.1021064134078],[-80.7742468447661,34.1020382553631],[-80.7740617384391,34.1019659899181],[-80.7739952099641,34.101939017814],[-80.7739704880887,34.1019290489604],[-80.7739328155932,34.1019136987607],[-80.7738693827329,34.101888017114],[-80.773812140197,34.1018648001735],[-80.7737506263092,34.1018398045303],[-80.7737157049122,34.1018256774425],[-80.7732962571907,34.1016555413689],[-80.7731965925848,34.1016150787556],[-80.7731068112155,34.1015787259314],[-80.7729019506324,34.1014955657646],[-80.7727720114305,34.1014428522541],[-80.7727117722133,34.1014184995175],[-80.7726184088164,34.1013805456155],[-80.7723660724938,34.1012782244384],[-80.7721885582649,34.101206108264],[-80.7718181280953,34.101053799374],[-80.7717842280472,34.1010430630267],[-80.7703693485145,34.1003844535214],[-80.7702660417667,34.100328512593],[-80.7700337634489,34.1001982355968],[-80.7699352956791,34.1001410743577],[-80.7697757695507,34.1000459415501],[-80.7696180673631,34.0999487272091],[-80.7694675178129,34.0998528869609],[-80.7693187399296,34.0997551510278],[-80.7692719119222,34.0997238542312],[-80.769217542716,34.099687528266],[-80.7691353003302,34.0996325794889],[-80.7690703421559,34.0995891934653],[-80.7690514166115,34.0995765789517],[-80.7690440149755,34.0995716411194],[-80.7690325062931,34.0995639473315],[-80.7690136111886,34.0995513031131],[-80.7689332645838,34.0994976399129],[-80.7688661633435,34.0994527971885],[-80.7687851850478,34.0993987188444],[-80.7676213337123,34.0986301492124],[-80.7676175610434,34.0986276264685],[-80.7675800724833,34.0986021226527],[-80.767546595708,34.0985789030739],[-80.7675281052097,34.0985659005137],[-80.7674950110197,34.0985422993244],[-80.767462187376,34.0985184605889],[-80.7674475569156,34.0985077428851],[-80.7672972437624,34.0983923682825],[-80.7671529530211,34.0982717912678],[-80.7670149431555,34.0981462269459],[-80.7668834650003,34.098015903933],[-80.7667587541991,34.0978810553252],[-80.7666482599191,34.0977505577491],[-80.7666455202368,34.0977472389284],[-80.7666450924294,34.097746721462],[-80.7666427805694,34.0977439146975],[-80.7666410995634,34.0977418908746],[-80.7666400756396,34.0977405706948],[-80.7666374271492,34.0977371979443],[-80.7666347819082,34.0977338261016],[-80.7666321345119,34.0977304497464],[-80.7666294946931,34.097727077012],[-80.7666268418656,34.0977237051548],[-80.7666241955489,34.0977203306048],[-80.7666215188329,34.0977169749328],[-80.7666188508051,34.0977136129654],[-80.7666162044988,34.0977102348085],[-80.7666135809685,34.0977068512842],[-80.7666109411633,34.097703474041],[-80.7666083187246,34.0977000878136],[-80.7666056474537,34.0976967231348],[-80.7666030282596,34.0976933396184],[-80.7666004047426,34.0976899515854],[-80.766597755169,34.0976865797337],[-80.7665951718117,34.0976831710374],[-80.7665925558847,34.0976797821168],[-80.7665899432218,34.097676388694],[-80.7665873327293,34.0976729943735],[-80.7665847688994,34.0976695794019],[-80.766582157321,34.0976661859808],[-80.7665795663606,34.0976627835817],[-80.7665769569577,34.0976593874596],[-80.7665743692518,34.0976559841648],[-80.7665718021787,34.0976525664818],[-80.7665692481292,34.0976491425115],[-80.7665666604263,34.0976457383148],[-80.7665640781479,34.0976423323249],[-80.7665614871963,34.0976389272204],[-80.7665588984103,34.0976355230215],[-80.7665563128858,34.097632115222],[-80.7665537295194,34.0976287110332],[-80.7665305207077,34.097598764998],[-80.7664274106387,34.0974518308367],[-80.7663318888264,34.0973013879915],[-80.7663042264836,34.0972547335135],[-80.7662832061066,34.0972184337975],[-80.7662626175753,34.0971819680793],[-80.7662424587242,34.0971453354533],[-80.7662335292873,34.0971288106874],[-80.7662227512273,34.097108536862],[-80.7662147190241,34.0970932851524],[-80.7662079195415,34.0970535839948],[-80.7662023526487,34.09704249367],[-80.7661990356277,34.0970358690936],[-80.7661884241699,34.0970145216769],[-80.7661857789147,34.0970091769471],[-80.7661800956483,34.0969974389957],[-80.7661629347389,34.0969616361331],[-80.7661498023904,34.0969338594948],[-80.7661317024957,34.0968938169618],[-80.7661261586692,34.0968814264534],[-80.7661136106519,34.0968528132495],[-80.7661134727774,34.0968524974018],[-80.7661071770226,34.0968380180866],[-80.7661011786864,34.0968237755712],[-80.7660960323086,34.0968115084381],[-80.766095200965,34.0968095258809],[-80.7660892525291,34.0967952690319],[-80.7660833301322,34.0967810032148],[-80.7660776499947,34.0967669308131],[-80.7660720421851,34.0967529658472],[-80.7660664495636,34.0967389964013],[-80.766060179016,34.0967228273815],[-80.766056042852,34.096712135581],[-80.7660539279972,34.0967066520864],[-80.7660477008426,34.096690470524],[-80.7660292543849,34.0966404078472],[-80.7660215324372,34.0966183138542],[-80.7660211689305,34.0966172717286],[-80.7660138386907,34.0965962136019],[-80.7660061503698,34.0965741124575],[-80.7659572989843,34.0964247796875],[-80.7659513440147,34.0964065707523],[-80.7658139893489,34.095986495733],[-80.7658049753417,34.0959589152648],[-80.7657865249132,34.0959024623224],[-80.7657133674382,34.0956785678025],[-80.765667733354,34.0955453449635],[-80.7656238387113,34.0954249409729],[-80.7655681097311,34.0952812711651],[-80.7655090587781,34.0951385227582],[-80.7654494958784,34.0950029111196],[-80.7653918274918,34.0948784991967],[-80.7653264908792,34.0947446637156],[-80.765240572641,34.0945786461765],[-80.7652087853789,34.09451978117],[-80.7651820703088,34.0944712932707],[-80.765113709098,34.0943510092969],[-80.7650429000772,34.0942317094909],[-80.7649696637192,34.0941134283283],[-80.7648940211979,34.0939961999903],[-80.764831301255,34.0939023974972],[-80.7648078680544,34.0938682975361],[-80.764805772664,34.0938652621167],[-80.7647801073596,34.093828190491],[-80.7647243894921,34.0937493050865],[-80.764714872733,34.0937361450575],[-80.7645233089754,34.0934718085717],[-80.7645005676163,34.0934515109937],[-80.7642439084043,34.0931048903202],[-80.7641242445693,34.0929398934979],[-80.7637828756552,34.0924695832649],[-80.7633524864143,34.0918775864236],[-80.7633324547988,34.0918495735839],[-80.7632551193062,34.0917414317916],[-80.763059431961,34.0914747442523],[-80.7630574344503,34.091472022773],[-80.7630554402035,34.0914692967915],[-80.7630534492033,34.0914665726196],[-80.7630514734034,34.091463838558],[-80.7630494759007,34.0914611143736],[-80.7630474794744,34.0914583928962],[-80.7630454852184,34.0914556705212],[-80.7630434855459,34.0914529472342],[-80.7630414902039,34.0914502257588],[-80.7630394937831,34.0914475024779],[-80.7630375158115,34.0914447702154],[-80.7630355150534,34.0914420478278],[-80.7630335175368,34.0914393290532],[-80.7630315146138,34.0914366057598],[-80.7630295170974,34.0914338869851],[-80.7630275141747,34.0914311636916],[-80.7630255568232,34.0914284215497],[-80.763023554972,34.0914257027665],[-80.7630215531235,34.0914229830817],[-80.7630195491126,34.0914202615894],[-80.763017546178,34.0914175428041],[-80.7630155421623,34.0914148231151],[-80.7630135674412,34.09141209176],[-80.763011556918,34.0914093738618],[-80.7630095463926,34.0914066568653],[-80.7630075380274,34.0914039425779],[-80.7630055361799,34.0914012228928],[-80.7630035180484,34.0913985130951],[-80.7630023053645,34.0913969130012],[-80.763001509701,34.0913957924959],[-80.7630003056849,34.0913941933201],[-80.762999514369,34.0913930683147],[-80.762997500578,34.0913903567219],[-80.7629954846221,34.0913876442231],[-80.7629934762702,34.0913849254271],[-80.762991434254,34.0913822309122],[-80.7627202748489,34.0910271800234],[-80.7627037034821,34.0910053024167],[-80.7627016169944,34.0910026276488],[-80.7626995066363,34.0909999627537],[-80.7626973854133,34.0909973077564],[-80.7626953054386,34.0909946293941],[-80.7626932102737,34.0909919573145],[-80.762691124868,34.0909892834501],[-80.7626890264445,34.0909866140692],[-80.7626869150035,34.0909839491719],[-80.7626847970425,34.0909812905738],[-80.7626826986195,34.0909786211928],[-80.762680563286,34.0909759742833],[-80.7626784670433,34.090973300398],[-80.7626763469053,34.0909706454024],[-80.7626742083208,34.0909679984866],[-80.7626720936169,34.0909653380911],[-80.7626699973697,34.090962666009],[-80.7626679032803,34.0909599975377],[-80.7626657885793,34.0909573362405],[-80.7626636879874,34.0909546677567],[-80.762661557005,34.0909520154451],[-80.7626594097364,34.0909493739225],[-80.76265731131,34.0909467063445],[-80.7626551933558,34.0909440459425],[-80.7626530916808,34.0909413774564],[-80.7626509682931,34.0909387224541],[-80.762648861192,34.0909360566627],[-80.7626467562461,34.0909333953837],[-80.7626446491453,34.0909307295922],[-80.762642539872,34.0909280655999],[-80.762640430604,34.0909253998041],[-80.7626383224123,34.0909227367154],[-80.7626362131419,34.0909200718214],[-80.7626341060318,34.0909174096364],[-80.7626319967518,34.0909147483489],[-80.7626298744591,34.0909120897415],[-80.7626277716944,34.090909423958],[-80.762625651567,34.0909067662564],[-80.7626235064681,34.0909041247373],[-80.7626213711457,34.0909014751217],[-80.7626192564501,34.0908988129219],[-80.762617149341,34.0908961507366],[-80.7625951869164,34.0908677373392],[-80.7624809542451,34.0907272496996],[-80.7622490328428,34.0904517370751],[-80.7620533766436,34.0902296342814],[-80.7620357126613,34.0902055859412],[-80.7619896924282,34.0901429291399],[-80.7618084105318,34.089946320082],[-80.7616234822234,34.0897520761978],[-80.7613501791602,34.0894895378467],[-80.7610273937571,34.0891788476138],[-80.7607005963691,34.0888767535378],[-80.7593167093373,34.0875968181698],[-80.7592731900045,34.0875482737875],[-80.7590544828461,34.0873466905735],[-80.7589345737822,34.0872380738143],[-80.7579424918317,34.0863393961963],[-80.7576226918401,34.0860265800403],[-80.7573820550333,34.0858037551105],[-80.7567457187526,34.0852137400357],[-80.7565198300609,34.0850040238831],[-80.7564597229782,34.0849482667504],[-80.756358450654,34.0848571955557],[-80.7562635475232,34.0847760489836],[-80.7561633475792,34.0846941856507],[-80.7560608930179,34.0846142777048],[-80.7560374506513,34.0845966019415],[-80.7559710742564,34.0845475804526],[-80.755911287588,34.0845044048699],[-80.7558454868822,34.0844587828899],[-80.7557646036575,34.0844050232769],[-80.7556458370775,34.0843304873284],[-80.7555552493084,34.0842770359578],[-80.7554632598406,34.0842252684872],[-80.7553311381399,34.0841559066082],[-80.7551964013733,34.0840901196063],[-80.7550926500234,34.0840431262866],[-80.7549875280229,34.0839982914331],[-80.7548891579029,34.0839590778772],[-80.7547776525565,34.0839171539976],[-80.7546705961243,34.0838799193221],[-80.7545624615159,34.0838449080278],[-80.7544405720292,34.0838084726136],[-80.7543345105001,34.0837795639143],[-80.7542276432592,34.0837527882394],[-80.7541200322584,34.0837281611108],[-80.7540117398805,34.0837056968049],[-80.7540081732903,34.0837049954446],[-80.7539944787339,34.0837023245843],[-80.7538065961777,34.0836696228006],[-80.7536172420639,34.0836434488932],[-80.7534392943277,34.0836251567601],[-80.7532606249095,34.083612649983],[-80.7531417780655,34.0836075533577],[-80.7530228125257,34.0836050170674],[-80.7529143647217,34.0836050709663],[-80.7528059487892,34.0836072591565],[-80.7527977130819,34.0836075177795],[-80.7526872148522,34.0836121349538],[-80.7525768828311,34.0836189708707],[-80.7524667813581,34.083628021544],[-80.7523569746384,34.0836392816957],[-80.7523115494094,34.0836446039296],[-80.7522665252399,34.0836502677834],[-80.7516654344026,34.0837275473343],[-80.7515022043333,34.0837485628363],[-80.75144385401,34.0837560599046],[-80.7513696867403,34.0837655847319],[-80.7513147697401,34.0837726350649],[-80.751259223945,34.0837797697745],[-80.7511921954678,34.0837883557117],[-80.7511339393268,34.0837958681517],[-80.7510924086936,34.0838012031531],[-80.7510219846376,34.0838102790218],[-80.7508242985334,34.0838334309816],[-80.7507208427378,34.0838438722843],[-80.7505963531237,34.0838548194919],[-80.7504873065334,34.0838630077874],[-80.750409983292,34.0838680713823],[-80.7503475686613,34.0838715580945],[-80.7502713533163,34.0838753722925],[-80.7501407447634,34.0838804548109],[-80.7500477611169,34.0838828763013],[-80.7499486242012,34.0838834513092],[-80.7498446843023,34.0838818083405],[-80.749644791528,34.0838743634435],[-80.7495160767113,34.0838669246707],[-80.7493875650456,34.0838573585904],[-80.7492593073141,34.0838456689829],[-80.7491313541994,34.0838318604674],[-80.7490037562639,34.0838159385006],[-80.7488765639295,34.083797909374],[-80.7487498274576,34.0837777802123],[-80.7486235969295,34.0837555589697],[-80.748446658847,34.0837208628137],[-80.7483319210114,34.0836959783412],[-80.7481082242376,34.0836423534734],[-80.7479667323772,34.0836052063106],[-80.7478261419224,34.0835657609986],[-80.7477505956916,34.0835436056001],[-80.747672082405,34.0835195875599],[-80.7475827009699,34.0834914654592],[-80.747245080154,34.0833840537251],[-80.7467223262686,34.0832178318409],[-80.7464646331681,34.0831363122992],[-80.7464584012805,34.0831343447266],[-80.7463703980383,34.0831065780223],[-80.74627258073,34.0830756010483],[-80.7462111670517,34.0830565843886],[-80.7461014746498,34.0830223739198],[-80.7460108099582,34.0829942922411],[-80.7458054840418,34.0829303124668],[-80.7456371588937,34.08287794338],[-80.7454207811183,34.0828106536928],[-80.7453399241927,34.0827854941463],[-80.7452980047937,34.0827724843482],[-80.7451730534211,34.0827329236284],[-80.7449840137822,34.0826731290602],[-80.744804451057,34.0826162940677],[-80.7447087523952,34.0825860397527],[-80.7443834462397,34.0824851141935],[-80.7442357462144,34.0824393183471],[-80.7442259620579,34.0824362847692],[-80.7441815646142,34.0824225517484],[-80.744165502,34.0824175774326],[-80.7440040862191,34.0823673834937],[-80.7436163017319,34.0822452709876],[-80.7435834442664,34.0822348941984],[-80.7434605790833,34.0821947283178],[-80.7433633958868,34.0821629406372],[-80.7431190264968,34.082081734693],[-80.7429532833552,34.0820239367905],[-80.7427885270468,34.0819642176601],[-80.7426247897379,34.0819025889616],[-80.7424621033958,34.081839062728],[-80.7421881471188,34.081726837847],[-80.7421876914601,34.0817266493508],[-80.7419174619239,34.0816092415051],[-80.7416967971041,34.0815082837008],[-80.7415158278588,34.0814219468859],[-80.7414358432911,34.0813828194981],[-80.7413632568595,34.0813466072828],[-80.7413511576274,34.081340529978],[-80.7413063598781,34.0813179152957],[-80.7411360834047,34.0812300504901],[-80.7409674968473,34.0811399580094],[-80.7408006422955,34.0810476603488],[-80.7406355614063,34.0809531805544],[-80.7399891701019,34.0805731023723],[-80.738992164806,34.0799866749594],[-80.7379237140197,34.0793581756307],[-80.7377869195134,34.0792776567282],[-80.7377706582861,34.0792681213356],[-80.7376870162665,34.0792188984262],[-80.7376033245095,34.079169670846],[-80.7375585198177,34.0791432767159],[-80.7374660836982,34.079088943254],[-80.7373475412108,34.0790192204507],[-80.7373465936481,34.0790186639102],[-80.7372727975839,34.0789752512621],[-80.7372036064046,34.0789345254179],[-80.7371658297307,34.0789122477824],[-80.7370584036277,34.0788478366093],[-80.7369793027249,34.0788004207906],[-80.7368640716522,34.0787313618599],[-80.7368098303569,34.0786988610835],[-80.7367443939157,34.0786597064589],[-80.7366828151334,34.0786227132036],[-80.7366175198527,34.0785835020041],[-80.7365415538718,34.0785380167475],[-80.7364273655087,34.0784688325939],[-80.7363145262376,34.078398132529],[-80.7361855222932,34.0783141722733],[-80.7360583812056,34.0782282671739],[-80.7358526246116,34.0780816412089],[-80.7356670584188,34.0779420116042],[-80.7354859054123,34.0777984256314],[-80.7354248383994,34.0777483259226],[-80.7353298337302,34.0776686326645],[-80.7351947379101,34.0775515265286],[-80.7350626123682,34.0774320970847],[-80.7349822368499,34.0773570712279],[-80.7349332084439,34.0773104350866],[-80.7347502034857,34.0771296043506],[-80.7346791862234,34.0770564449294],[-80.7346394246579,34.0770145388724],[-80.7345943242867,34.0769666350984],[-80.7345066226559,34.0768711249877],[-80.7344149931093,34.0767682603742],[-80.7343442093967,34.0766873864238],[-80.7342322220628,34.076557697136],[-80.7342281137114,34.0765529229322],[-80.7341991609553,34.0765192641381],[-80.7339263040031,34.0762028651158],[-80.7339007361417,34.0761732196929],[-80.7334219909059,34.0756181201668],[-80.7334006372946,34.0755934258253],[-80.7333524315908,34.0755375214596],[-80.7332856280095,34.075460054777],[-80.7332320670142,34.0753979758329],[-80.7331491307994,34.0753017851595],[-80.7330487661875,34.0751857613367],[-80.7329002412295,34.0750170003235],[-80.7327497384696,34.0748494572076],[-80.7326888171834,34.074782594058],[-80.7324834568994,34.0745611368782],[-80.7322746350818,34.0743419329571],[-80.7321016106536,34.0741646533651],[-80.7318487772801,34.0739124414502],[-80.7317918311111,34.073856596924],[-80.7317261727921,34.0737928726431],[-80.7315784031105,34.0736520362302],[-80.7314955892329,34.0735754040601],[-80.7314144744714,34.0735019133788],[-80.7313537738893,34.0734479378373],[-80.7312667403464,34.0733718671495],[-80.7306844068053,34.0728674443385],[-80.730320936998,34.072552904443],[-80.7302854639444,34.072522416195],[-80.7300298961426,34.072302287362],[-80.7300291710423,34.0723016627197],[-80.7299407682644,34.0722255258797],[-80.7297743133478,34.0720821732825],[-80.7297739524291,34.0720818596116],[-80.7295187188277,34.0718620685534],[-80.729077283736,34.0714815336746],[-80.7286196876957,34.07108576752],[-80.7285822871612,34.0710535622528],[-80.7283041317896,34.0708136496532],[-80.72790259812,34.070467139995],[-80.7277853440338,34.0703669543541],[-80.7277727603792,34.070356217421],[-80.7277548936213,34.0703409812034],[-80.7277357322968,34.0703246429872],[-80.727729436673,34.0703192776658],[-80.7276860934466,34.0702823549843],[-80.727496406161,34.0701203554829],[-80.727435426747,34.0700683646725],[-80.7273637754201,34.0700076130444],[-80.7273077470102,34.0699606707705],[-80.7272125845368,34.0698818327581],[-80.7271571471303,34.0698364967175],[-80.7270801839596,34.0697743004679],[-80.727022322921,34.0697279229993],[-80.7270114631239,34.0697192988249],[-80.72676521281,34.069527501967],[-80.7267606265796,34.0695240023424],[-80.7267452465366,34.069512270899],[-80.7267411445268,34.0695091474415],[-80.7266248071348,34.0694213735276],[-80.7264788365732,34.0693136420906],[-80.7263986037734,34.0692553659606],[-80.726381438028,34.0692430083718],[-80.7263810910154,34.0692427587412],[-80.7263642625072,34.0692306597759],[-80.7263635706464,34.0692301614211],[-80.7263298549578,34.0692060192587],[-80.7262516243949,34.0691505571051],[-80.7261460055625,34.0690765462874],[-80.726067469476,34.0690221707777],[-80.7259659883009,34.0689527594267],[-80.7257140311204,34.0687845367198],[-80.7254587184784,34.0686198555083],[-80.7253600191957,34.0685577011819],[-80.7251288227075,34.0684153152719],[-80.7248741765115,34.0682635472015],[-80.724808672366,34.0682253444875],[-80.7245695259599,34.0680886935777],[-80.724443448069,34.0680184049647],[-80.7242980676754,34.0679394108457],[-80.7241430628889,34.0678570363845],[-80.7240653386144,34.0678164860814],[-80.7238351747463,34.0676989893367],[-80.7237847658094,34.0676738769995],[-80.7236818728543,34.0676230669583],[-80.7236155142819,34.067590773177],[-80.7234821289266,34.0675261380329],[-80.7233777892233,34.0674762027603],[-80.723297521095,34.0674378374084],[-80.7231954840043,34.0673895887615],[-80.7231861120651,34.0673851432834],[-80.7231307130891,34.0673589817104],[-80.7230124451861,34.0673044588392],[-80.723004802692,34.0673009657816],[-80.7229103673687,34.0672585245004],[-80.7227740521028,34.0671989711827],[-80.722669893021,34.0671547614377],[-80.7225405076939,34.0671013620363],[-80.7224889832204,34.0670803646889],[-80.7224786635766,34.0670761704136],[-80.7224751901515,34.0670747587214],[-80.7224589515877,34.0670681689542],[-80.7223237723699,34.067013666234],[-80.7220745457315,34.0669148761128],[-80.7218243059931,34.0668178764358],[-80.7215398601417,34.0667102457276],[-80.7212541681018,34.0666049264541],[-80.721137262568,34.0665626488766],[-80.7210768523801,34.0665408925012],[-80.7209961734804,34.0665118364697],[-80.7203386571365,34.0662746856459],[-80.7201266416866,34.0661982217387],[-80.7198134210872,34.0660853768293],[-80.7198076443082,34.0660832935164],[-80.7195447288571,34.0659884139662],[-80.7195039641255,34.0659738822411],[-80.7194934060617,34.0659701226933],[-80.7194631917676,34.0659593676173],[-80.7194123030127,34.0659412188564],[-80.7193858245587,34.065931785964],[-80.7193614044664,34.0659230889878],[-80.7193104972091,34.0659049789158],[-80.7189971853333,34.0657931993274],[-80.7188389176061,34.0657369462622],[-80.718805475338,34.0657250160287],[-80.7184328261677,34.0655922057792],[-80.7184285828502,34.0655906948448],[-80.7181959409268,34.0655078320518],[-80.7181803009717,34.0655022601851],[-80.718079635932,34.0654663734763],[-80.7180718159706,34.0654635848308],[-80.7179633397908,34.065424892269],[-80.7178905423495,34.0653990080194],[-80.717878904382,34.0653948671705],[-80.7176722353542,34.0653211856892],[-80.7173280329242,34.0651978513142],[-80.7169522255551,34.0650627778831],[-80.7165052653398,34.0649021294694],[-80.7155332133746,34.06455270726],[-80.715387843022,34.0645004503529],[-80.7144093686797,34.0641487710796],[-80.7142199907495,34.0640806743824],[-80.7141674521926,34.0640618010137],[-80.7141376735042,34.0640511024422],[-80.7140034341594,34.0640038784311],[-80.7138683125317,34.0639584307856],[-80.7137323425551,34.0639147709189],[-80.7135955583763,34.0638729097952],[-80.7134579943463,34.0638328579269],[-80.713319685012,34.0637946253721],[-80.7131806651071,34.0637582217319],[-80.7130409695437,34.0637236561482],[-80.7128528591921,34.0636802487633],[-80.7126636833138,34.0636401771781],[-80.7124732486647,34.0636034009757],[-80.7122085675818,34.06355808655],[-80.7119993912036,34.0635270451154],[-80.7118609260309,34.0635088019075],[-80.7117922685145,34.0635004038342],[-80.7116563097667,34.0634843194514],[-80.711539044778,34.0634704748632],[-80.7113448690678,34.0634474967212],[-80.7113402976807,34.0634469595077],[-80.711144142086,34.0634241450651],[-80.7110188348671,34.0634096672263],[-80.7110113891309,34.0634088059167],[-80.7108786395492,34.0633934440918],[-80.710745892203,34.0633780758181],[-80.7104850380197,34.0633479799454],[-80.7102020929544,34.0633152531374],[-80.7100057403526,34.0632925626712],[-80.709916247584,34.0632822529101],[-80.7099117996888,34.0632817267527],[-80.7096659818319,34.0632526426163],[-80.7096544370242,34.0632512766133],[-80.7096255858482,34.063247859372],[-80.7094157206804,34.0632230038758],[-80.7093926332571,34.0632202691221],[-80.7093867406535,34.0632195691454],[-80.7093537026704,34.063215639801],[-80.7092191678378,34.0631997373189],[-80.709115625395,34.063187471676],[-80.7090384647829,34.0631783560545],[-80.708966119285,34.0631697872743],[-80.7088994963205,34.0631619117415],[-80.7086770027182,34.0631326801445],[-80.7084500758272,34.0630971263868],[-80.7082245209253,34.063055967766],[-80.7080952312014,34.063029718043],[-80.7079665017404,34.0630016258985],[-80.7078072421703,34.0629641322689],[-80.7076347364346,34.0629200412193],[-80.7074635094916,34.062872623278],[-80.7072936539639,34.0628219040956],[-80.7071252617316,34.0627679111082],[-80.7069433027938,34.0627053021986],[-80.706763311953,34.0626388698768],[-80.7065889153389,34.062570159973],[-80.7064166197016,34.0624978720728],[-80.7064135126923,34.0624965275199],[-80.7063978186923,34.062489714209],[-80.7063593660176,34.0624731331676],[-80.7061217820922,34.0623705817968],[-80.7041093165252,34.0615018945718],[-80.7037808860032,34.0613600969887],[-80.7038019980563,34.0594093040961],[-80.7038210175133,34.0576465629151],[-80.7038306859229,34.0567512716009],[-80.7038400513543,34.055883821796],[-80.7038428047817,34.0556281318404],[-80.7038469363271,34.0552468547141],[-80.7038494882395,34.055004373127],[-80.7038658349028,34.0534903689326],[-80.7038725775035,34.0528597174442],[-80.7038737940665,34.0527379295531],[-80.7038754585318,34.0526062403313],[-80.7038764543007,34.0524935184303],[-80.7038825861432,34.0519889517989],[-80.7038835518287,34.0518912583304],[-80.703885225507,34.0517660098955],[-80.7038856280527,34.0517321495626],[-80.7038887915802,34.0514661313888],[-80.7038889939334,34.0514492016744],[-80.703889964615,34.0513683058516],[-80.70389239554,34.051166253849],[-80.703896072162,34.050716542022],[-80.7039013740654,34.0500977069133],[-80.7039042388956,34.0497632799957],[-80.7039112660409,34.0491489293547],[-80.70393026974,34.0474961519295],[-80.7039291884549,34.0473045329559],[-80.7039391114642,34.0466106367854],[-80.703944050062,34.0458759287047],[-80.7039472910052,34.045648678656],[-80.7039584363887,34.0448673395887],[-80.7039642356886,34.0444594283153],[-80.7039661791217,34.0443211859337],[-80.7039704035578,34.0437482741104],[-80.7039763957167,34.0431907799953],[-80.7039782231835,34.043021062702],[-80.7039788430865,34.0429636748613],[-80.7039788797985,34.0429602458004],[-80.7039825253887,34.0426187967738],[-80.7039883650639,34.0420722045251],[-80.7039919949898,34.0417356010911],[-80.703995092804,34.0414494417397],[-80.7040004692912,34.0409448726596],[-80.7040016088672,34.040839377831],[-80.7040081645173,34.040221558424],[-80.7040107452827,34.0399827061215],[-80.7040166831534,34.0394332832838],[-80.7040336011239,34.0378522345411],[-80.7040647439533,34.0349482900161],[-80.7040728569906,34.0341560867736],[-80.7040822915786,34.0332305686551],[-80.7040870371642,34.0327655445096],[-80.7040931013998,34.0321627141962],[-80.7041082794874,34.0306616216922],[-80.7041100860251,34.0304795703296],[-80.7041104288695,34.0304330966936],[-80.7041163023241,34.0298195118808],[-80.7041234514675,34.0290767976876],[-80.7041283766244,34.0285899694553],[-80.7041336754541,34.0280854750549],[-80.7041371060852,34.0277557849869],[-80.7041404864165,34.0274259126261],[-80.7041439454408,34.0270961387085],[-80.7041507107524,34.0264365786985],[-80.7041558757057,34.0259331476894],[-80.704157314264,34.0257957005039],[-80.7041597328839,34.0255602940708],[-80.7041607018757,34.0254658703647],[-80.7041640479437,34.0251361464975],[-80.7041675122004,34.0248063723873],[-80.7041709167738,34.0244759957696],[-80.7041732739747,34.0242480380514],[-80.7041743215858,34.0241468021537],[-80.7041778128117,34.0238170352329],[-80.7041791004552,34.0236749546724],[-80.7041840991251,34.023140097726],[-80.7041923605796,34.0222369713807],[-80.7041959538382,34.0218825195715],[-80.7041967932083,34.0217901819981],[-80.7042127350839,34.020203806891],[-80.7042147520958,34.0200117457278],[-80.7042851224974,34.013201857124],[-80.7042868437397,34.0130352743149],[-80.7043122154657,34.0105797101012],[-80.7043224679471,34.0095164122056],[-80.7046542230101,34.0093438469414],[-80.7047874092434,34.0091921338721],[-80.7048303713904,34.0091433384688],[-80.7048533270889,34.0091170660194],[-80.7048833620037,34.0090831603451],[-80.7049161710233,34.0090473262031],[-80.7049396597054,34.0090225392091],[-80.704969846508,34.0089916843387],[-80.7050066317329,34.0089554141833],[-80.705044813504,34.0089191942247],[-80.7050930499376,34.0088756276207],[-80.7051528602019,34.0088243699109],[-80.7051992759376,34.0087866356685],[-80.7052535601997,34.0087447244688],[-80.7053064351076,34.008705847739],[-80.7053995334714,34.0086418377059],[-80.7055115138873,34.0085717669738],[-80.7056042922953,34.0085189083013],[-80.7056319629977,34.0085040182789],[-80.7056560020907,34.0084913648796],[-80.7056972587238,34.0084702429284],[-80.7058160337371,34.008413864178],[-80.7059126325644,34.0083724794969],[-80.7059616435865,34.0083529727516],[-80.7059880332813,34.008342838808],[-80.7060317025972,34.0083266475688],[-80.7061259754955,34.0082941414057],[-80.7062215827203,34.0082644609877],[-80.7063184021942,34.0082376442121],[-80.7064163102923,34.00821372532],[-80.7065151819998,34.0081927348524],[-80.7066148910721,34.0081746996108],[-80.7067153101956,34.0081596426235],[-80.7068163111502,34.008147583116],[-80.7069224857239,34.0081381886677],[-80.7070290077824,34.0081321063418],[-80.7074397722534,34.0081134714603],[-80.7096659786139,34.0080124529426],[-80.7136069968038,34.0078337046299],[-80.7142660944945,34.0078037932724],[-80.7143006314284,34.0078022262782],[-80.714925105046,34.0077738971507],[-80.7155842657252,34.0077439717248],[-80.7162431887485,34.0077140666011],[-80.7169023008919,34.007684127753],[-80.7173962023529,34.0076617731291],[-80.717561299766,34.0076542482664],[-80.718220338332,34.0076243383201],[-80.7188795262478,34.0075943052864],[-80.719191469105,34.007580177624],[-80.7195385127764,34.0075644594579],[-80.7201975759003,34.0075345552997],[-80.7208565273466,34.0075045545152],[-80.7215156696899,34.0074746390279],[-80.7222901342546,34.0074394191661],[-80.7228337671043,34.0074146943399],[-80.7234927541869,34.0073844740514],[-80.7241517522658,34.0073543909544],[-80.7251402826535,34.0073092512563],[-80.7262936015776,34.0072565358684],[-80.7264063539442,34.0072513851031],[-80.7272711860638,34.0072118816515],[-80.7279394856583,34.0071813507398],[-80.7281096802229,34.0071736769454],[-80.7285224763603,34.0071546701672],[-80.7286547059229,34.0071487475324],[-80.7288531708235,34.0071395619596],[-80.7289881174203,34.0071334753859],[-80.7292789824463,34.0071201004953],[-80.7298962095279,34.0070905648309],[-80.7301485897459,34.0070785874337],[-80.7302726974386,34.0070726959088],[-80.7304282315699,34.0070660186182],[-80.7315065988657,34.0070191144315],[-80.7317664347472,34.0070073392333],[-80.7323025292357,34.0069830435615],[-80.7322979342671,34.0069130352893],[-80.7332863982681,34.0068680695235],[-80.7332911661933,34.0069380772282],[-80.7333180323652,34.0069368671715],[-80.7335490261803,34.0069264644737],[-80.7336841455326,34.0069203127513],[-80.7339988353633,34.006905939165],[-80.7349869547256,34.0068611042911],[-80.73713544084,34.0067636082968],[-80.7377819790484,34.0067342001012],[-80.7391580862952,34.0066716825586],[-80.7393363527817,34.0066636117838],[-80.7404915590307,34.0066110650956],[-80.740819383102,34.0065960037641],[-80.7409930079,34.0065882076571],[-80.7412046231246,34.0065786285231],[-80.7421935963705,34.0065331627713],[-80.7422852212984,34.0065289158053],[-80.7434622531681,34.006476530164],[-80.7438211191924,34.0064617108239],[-80.744416770053,34.0064345958022],[-80.7455433920462,34.0063833751258],[-80.7472490641779,34.0063055930736],[-80.7490571515607,34.0062233753012],[-80.7499352365875,34.0061834927648],[-80.7507918330402,34.006144419286],[-80.7527986350063,34.0060530987667],[-80.7535123777639,34.0060204494672],[-80.7542092723612,34.0059887653875],[-80.7554965402126,34.0059301007588],[-80.7556362390126,34.0059237330819],[-80.7567740608141,34.0058725749877],[-80.7572112093831,34.0058528180988],[-80.7573415314358,34.005846908961],[-80.7582613598315,34.0058051970417],[-80.7588986021472,34.0057762324197],[-80.7589446718209,34.0057741749644],[-80.759468800688,34.0057502851441],[-80.760485944932,34.0057040122875],[-80.7609309988845,34.0056838283444],[-80.7613820689215,34.0056633676323],[-80.7621924125389,34.0056265602217],[-80.7626328248353,34.0056065037502],[-80.762726855009,34.005602102924],[-80.763122227921,34.0055842498181],[-80.7638141313786,34.0055526447504],[-80.7643085190029,34.0055302522566],[-80.764522536261,34.0055204954596],[-80.7647824507154,34.0055086774427],[-80.7652641182645,34.0054862570309],[-80.765372073354,34.005480878748],[-80.765662078553,34.0054645351261],[-80.7660542038651,34.0054396521968],[-80.7664503520508,34.0054108640108],[-80.7667016928579,34.0053907238552],[-80.7669795153196,34.0053666248492],[-80.7672915561913,34.0053374361603],[-80.7676307666274,34.0053032877023],[-80.7679824953133,34.0052650111826],[-80.768000586494,34.0052628971492],[-80.7683370605587,34.0052234450393],[-80.7687141191072,34.0051760515229],[-80.7690341002756,34.0051335605032],[-80.7693009513695,34.0050981276177],[-80.7698540830265,34.0050244323515],[-80.7706037437806,34.0049228991083],[-80.7713728334973,34.0048186775968],[-80.7721599751721,34.0047120525708],[-80.7724545200009,34.0046721543301],[-80.7734031842652,34.0045436491173],[-80.7736061557004,34.0045161533434],[-80.7750750288083,34.0043171332562],[-80.7763952555513,34.0041366014871],[-80.7771928194672,34.0040275296221],[-80.7778804804634,34.0039338031281],[-80.7781182906731,34.0039013714015],[-80.7790776212943,34.003770534425],[-80.7798492557866,34.0036652342673],[-80.7811517563184,34.0034876447613],[-80.7813147780321,34.0034653814594],[-80.7819849796934,34.0033740883502],[-80.7827747441668,34.0032661697812],[-80.783827406333,34.0031225641713],[-80.7839925916156,34.0031000251996],[-80.7847260214484,34.0029999689989],[-80.7850988505587,34.002949116237],[-80.7858675805515,34.0028442596463],[-80.7861958552144,34.0027995277117],[-80.7865209311924,34.0027552844411],[-80.7871737583062,34.0026660010241],[-80.78745039605,34.0026281915495],[-80.7878157509771,34.0025784296232],[-80.7884719528042,34.0024889134095],[-80.7885148690082,34.0024830569562],[-80.7885256559985,34.0024815857256],[-80.7890524280331,34.0024096535433],[-80.7894212449358,34.0023592895357],[-80.7903866339828,34.0022276558575],[-80.7905673325161,34.0022029098356],[-80.7918012890147,34.0020344967164],[-80.7918182873839,34.0020320239096],[-80.7921825559268,34.0019825935582],[-80.7922564848234,34.0019725533454],[-80.792406032782,34.0019523971667],[-80.7931334921379,34.0018543488946],[-80.7936014878441,34.0017908610787],[-80.7936807383019,34.0017801093091],[-80.7939314103921,34.0017458841926],[-80.7947016510641,34.001639515528],[-80.7952234512469,34.0015688049975],[-80.79568472952,34.0015070105748],[-80.7958356240517,34.0014862762916],[-80.7970437565161,34.0013203492267],[-80.797473261263,34.0012624185942],[-80.7985734185662,34.0011114724271],[-80.7987453449527,34.0010877029515],[-80.7991626093807,34.0010301190224],[-80.8004599536735,34.0008537098411],[-80.8009265620599,34.0007880398015],[-80.8010570534345,34.0007697830896],[-80.801328518339,34.0007341453611],[-80.8014394080617,34.0007197224661],[-80.8016486373686,34.0006922864204],[-80.8019091031388,34.000656200628],[-80.8023445872884,34.0005963447561],[-80.8027068298087,34.0005469632403],[-80.8034084512795,34.0004501653029],[-80.8037610256213,34.0004031747446],[-80.8040930105687,34.0003573201894],[-80.8042688865254,34.0003331200852],[-80.8046906120736,34.0002758104444],[-80.805226321812,34.0002026469473],[-80.8053576711114,34.0001848162704],[-80.8061141267084,34.0000812180523],[-80.8067239355337,33.9999962820964],[-80.8074797874596,33.9998968116303],[-80.8078024765291,33.9998556567546],[-80.8078520009424,33.9998438526028],[-80.8082668452844,33.9997868068935],[-80.8091085665609,33.9996718705018],[-80.8095801439595,33.9996077499409],[-80.8097364182007,33.9995863749149],[-80.8104204891804,33.9994912281629],[-80.8108764108852,33.9994325178337],[-80.8109735453307,33.9994187814057],[-80.81144306163,33.9993527895078],[-80.8117805380199,33.9993064935183],[-80.8124252304699,33.9992182903311],[-80.8126449392924,33.9991886856921],[-80.8129944486836,33.9991409726632],[-80.813355132673,33.9990917010838],[-80.814453682361,33.9989419002374],[-80.8151840920735,33.9988422555248],[-80.8152051314122,33.9988393860781],[-80.8160096992908,33.9987299290828],[-80.8168314562138,33.99861834619],[-80.8172794680533,33.9985570244888],[-80.8182680882113,33.9984210341136],[-80.8183297004825,33.9984125599501],[-80.8185440784243,33.9983830975638],[-80.8189252147915,33.9983309767897],[-80.8193507022668,33.9982726210193],[-80.8203209871801,33.9981397588854],[-80.8210528230541,33.9980396128047],[-80.8212157968931,33.9980173736586],[-80.8218664889217,33.9979282725401],[-80.8226021039253,33.997827548361],[-80.8227650302601,33.9978053801501],[-80.8229671918172,33.997777707802],[-80.8241384371855,33.9976173803777],[-80.8243299477333,33.9975910270386],[-80.8254547639599,33.99743701453],[-80.8259723875925,33.9973661688178],[-80.8271654465752,33.9972027902407],[-80.8273282454049,33.997180399451],[-80.828245723949,33.9970548814846],[-80.8284707580681,33.9970240957],[-80.8290426998953,33.9969458677856],[-80.8292250959425,33.9969207819663],[-80.8310048656997,33.9966770083782],[-80.8325650996854,33.9964632600703],[-80.8329238696863,33.9964140723934],[-80.8336434710579,33.9963155560251],[-80.8345992703626,33.9961847070623],[-80.8347378272315,33.99616571153],[-80.8351577931908,33.9961081517185],[-80.8354067125606,33.9960741272256],[-80.8355779307158,33.9960505925163],[-80.8359980674074,33.9959931743595],[-80.8361608616496,33.9959707728758],[-80.8367403545739,33.9958913751842],[-80.8371310935745,33.9958377792117],[-80.8372938880412,33.9958155187109],[-80.8374563370789,33.9957932584457],[-80.8374630082653,33.9958246284667],[-80.8374634922085,33.9958269068062],[-80.837947060263,33.9957604038078],[-80.8384352680415,33.995693619126],[-80.8384864385072,33.995686659664],[-80.8389210671508,33.9956275453494],[-80.8390618557994,33.995608402711],[-80.8395335615044,33.9955425940956],[-80.8399963279566,33.9954777739532],[-80.8405166786594,33.9954068710786],[-80.8410280878581,33.9953375298437],[-80.8414471684787,33.9952806473314],[-80.8415118198739,33.9952718724856],[-80.8421411525966,33.995186500654],[-80.8427548415762,33.9951031102948],[-80.8434412448241,33.9950083588261],[-80.8439284142505,33.9949411193015],[-80.8444286461284,33.9948721792005],[-80.8445384917561,33.9948570005248],[-80.845078431555,33.9947825241942],[-80.8457433431902,33.9946905942612],[-80.8460574054275,33.994647468051],[-80.8464795910758,33.9945897311015],[-80.8477959944877,33.9944098442687],[-80.8480837544965,33.9943699727849],[-80.8482413731057,33.9943108082533],[-80.8489246678579,33.994217881057],[-80.8501360305362,33.9940534445492],[-80.8503311336067,33.9940269120426],[-80.8511840852668,33.9939111311681],[-80.8514641052911,33.9938729603073],[-80.8517032833868,33.9938404459941],[-80.8522876602291,33.9937610013564],[-80.8524403027757,33.9937402823692],[-80.8530297347929,33.9936602496313],[-80.853291189145,33.9936241996127],[-80.8538594773074,33.9935454246625],[-80.8542912795944,33.9934856679655],[-80.8551232533669,33.993370694695],[-80.8552442675948,33.9933539434007],[-80.8561520515243,33.9932282447212],[-80.8561812676623,33.9932242001789],[-80.8565560703025,33.9931723369798],[-80.8566665245061,33.993157050885],[-80.857386246328,33.9930573942446],[-80.8576693553145,33.9930182111337],[-80.8587011755955,33.9928767524943],[-80.8588736390642,33.9928531077025],[-80.8593626738824,33.9927860982356],[-80.859901899048,33.992712415903],[-80.8604710341398,33.9926346116128],[-80.8607911306345,33.9925908453358],[-80.8608696106608,33.9925801147085],[-80.8614388122116,33.9925029733145],[-80.8620008815825,33.9924267952177],[-80.8625545929697,33.9923518352414],[-80.8631081800079,33.9922768573273],[-80.8636618311067,33.9922018310264],[-80.8642154528839,33.9921269356747],[-80.8645547510581,33.9920809697185],[-80.86454844263,33.9920489459915],[-80.8649033870295,33.9920003803152],[-80.8662901025872,33.9918065821938],[-80.8664231997271,33.9917879024645],[-80.8669194966812,33.9917317203406],[-80.8672904049358,33.9916682390322],[-80.8677315616271,33.9915904303911],[-80.868088573621,33.9915274638865],[-80.8683320870409,33.9914781891797],[-80.8693341822986,33.991275084501],[-80.8701214306002,33.9910944275969],[-80.8702892510908,33.9910519696353],[-80.8706959992081,33.9909490281295],[-80.8709841946026,33.9908761033686],[-80.8713591622198,33.9907726992263],[-80.8723294552558,33.9905052286365],[-80.8741002557668,33.9900159423982],[-80.8736875304008,33.9890266215555],[-80.8723271565428,33.9891910293412],[-80.8720796760752,33.9892707611223],[-80.8719969312232,33.9892974194674],[-80.8719560528886,33.9892027063134],[-80.8719466420668,33.9891885894163],[-80.8718767960092,33.9890838094465],[-80.8713051592737,33.9882262637206],[-80.8705831715062,33.988851994437],[-80.8708601361448,33.9892838294403],[-80.8709956787214,33.9894951607156],[-80.871052833167,33.9896242370605],[-80.8708124689986,33.989704577846],[-80.870646549788,33.989762379225],[-80.8705769154777,33.9897860692505],[-80.8704577941471,33.9898242493812],[-80.8703377632165,33.989860397806],[-80.8701723705306,33.989909610355],[-80.8699861744724,33.9899656718804],[-80.8696641512301,33.9900653926586],[-80.8693782259569,33.9901585663555],[-80.8692320807133,33.9902067952143],[-80.868885632126,33.9903206603248],[-80.868698737707,33.9903820662887],[-80.8686615317222,33.9902465168198],[-80.8686552782801,33.9901498708237],[-80.8686140596194,33.9895128497915],[-80.8681002054368,33.9896452863036],[-80.8670284798327,33.9899212724879],[-80.8670123594549,33.9902531973354],[-80.867003468461,33.990436279988],[-80.867003727956,33.9905738146798],[-80.8665414816389,33.990560995614],[-80.866318764758,33.9905804157274],[-80.8662415386349,33.9904176657482],[-80.8661762002433,33.9902978560266],[-80.8661047615278,33.9901804878137],[-80.8660273553232,33.9900657749468],[-80.8659441220451,33.9899539276641],[-80.8658552161845,33.9898451526117],[-80.8657607998183,33.9897396492298],[-80.8656610458569,33.9896376097567],[-80.8655476316893,33.9895246880418],[-80.8657407368258,33.989434127863],[-80.8659659900157,33.9893948072744],[-80.8701264231385,33.9886684790088],[-80.8688769478234,33.9873047024425],[-80.8686125322644,33.986923982065],[-80.8693267891161,33.9863048665753],[-80.8677230837066,33.9840301531909],[-80.8649368431196,33.9846368438287],[-80.8647272263561,33.9846111097699],[-80.8647567492048,33.9845151273177],[-80.8649691871297,33.9845391340229],[-80.8666604226946,33.9841329706858],[-80.867129194944,33.9840203887695],[-80.8673184572712,33.9839749270872],[-80.87092104535,33.9831095931085],[-80.871281021539,33.9825462586154],[-80.8715590282092,33.9821109319945],[-80.8713321119749,33.9820607386644],[-80.8712599661602,33.9820447748328],[-80.8711574035227,33.9815666741941],[-80.8711123539947,33.9813569182041],[-80.871071570279,33.9811674938116],[-80.8710307876118,33.9809782118673],[-80.870990175273,33.9807887876074],[-80.8709493910128,33.980599363146],[-80.8709086078009,33.9804100811326],[-80.8708679957839,33.9802208001764],[-80.8708504194557,33.9801396173636],[-80.8708098092068,33.9799500496336],[-80.8707581037599,33.9797106554731],[-80.8707186751591,33.9795266091787],[-80.870695653097,33.9794191448856],[-80.8706086754657,33.9790143838976],[-80.8705582522044,33.9788372096896],[-80.8710933359141,33.9787726752617],[-80.8714489830002,33.9787268516124],[-80.8715680099352,33.9787082383079],[-80.8716866101356,33.9786878219292],[-80.8717621325849,33.9786738460002],[-80.8718690401536,33.9786527708368],[-80.8719994971636,33.9786248488667],[-80.8721363184909,33.9785924951121],[-80.8722982071583,33.9785512930873],[-80.8724587819183,33.9785066652466],[-80.8724666974065,33.9785043713237],[-80.8726148914246,33.9784627988477],[-80.8726881669069,33.9786337621793],[-80.8728112694596,33.9787080647625],[-80.8730416543783,33.9788470096008],[-80.8733501545962,33.9790316971734],[-80.8735961572629,33.9791849715254],[-80.8738816437544,33.9793633358766],[-80.8740455891105,33.979465422482],[-80.8742924528276,33.9796192679907],[-80.8744773445558,33.9797345446838],[-80.874588587975,33.979803939911],[-80.8746620623071,33.9798499642931],[-80.8748462647159,33.9799658123165],[-80.874931483436,33.9800191197558],[-80.8749317591934,33.98001929226],[-80.8750213422443,33.9799778697218],[-80.8750261480069,33.9799756473452],[-80.8753940398227,33.979805596455],[-80.875534514231,33.9797406801597],[-80.8755482729052,33.9797343215942],[-80.875750305269,33.9796409061005],[-80.875841947785,33.9795983957663],[-80.8758642510505,33.979588049348],[-80.8759519942863,33.9795473474628],[-80.8762405121603,33.979413937606],[-80.8764748923547,33.9793059238843],[-80.8765343681351,33.9792785143652],[-80.8765482869329,33.9792720999417],[-80.8765825655517,33.9795365102812],[-80.8766107234372,33.9797919109534],[-80.8766707658268,33.9803393613309],[-80.8767153699688,33.9807498052473],[-80.8776453898301,33.9808165731867],[-80.8779295485604,33.9809303708813],[-80.8781024838947,33.9809992510365],[-80.8793487363741,33.9814978015403],[-80.8793562256499,33.9815007979835],[-80.8793478845339,33.9814151493151],[-80.8793164281457,33.9810921136056],[-80.8792988057501,33.9809144519785],[-80.8792736987511,33.9806842486757],[-80.8792140619883,33.9801365944287],[-80.8792137246967,33.9801324426383],[-80.8792125354217,33.9801229942893],[-80.8791852293213,33.9798674516951],[-80.8791566607582,33.9795968926104],[-80.8791300396399,33.9793447861432],[-80.8791280036415,33.9793263180847],[-80.8791078307195,33.9791294727339],[-80.8791005427542,33.9790580359391],[-80.8790849371733,33.9789138718982],[-80.8790622162396,33.978697985373],[-80.878982241728,33.977952960356],[-80.8789805680563,33.9777653177597],[-80.8792043880741,33.9778126312235],[-80.8793223971666,33.9778375096905],[-80.879422366866,33.9778599377035],[-80.8795292045697,33.9778859511854],[-80.8796308873569,33.977912532158],[-80.8797030380153,33.977932952797],[-80.8798351031216,33.9779724223204],[-80.8799072373296,33.97799539556],[-80.8800499578611,33.9780430581701],[-80.8802636070941,33.9781145509086],[-80.8804805214548,33.9781873349641],[-80.8807817619324,33.9782882572554],[-80.880934710647,33.9783398574141],[-80.881094776834,33.9783948347904],[-80.8812874718966,33.9784610108415],[-80.8815219031961,33.9785413958989],[-80.8817408773707,33.9786164718496],[-80.8818380859416,33.9786494876412],[-80.8819517832653,33.9786865280416],[-80.882167330095,33.9787554431126],[-80.8823787573736,33.9788230653612],[-80.8826034082282,33.9788947078541],[-80.8828203329399,33.9789611893803],[-80.8830370879434,33.9790269553113],[-80.8832760011184,33.9790994693553],[-80.8834295502267,33.9791462789209],[-80.8835605252795,33.9791860590361],[-80.8835709205072,33.9791891787832],[-80.883726270168,33.979235807525],[-80.8841773070127,33.9793705000561],[-80.8843942373361,33.9794354035415],[-80.884611683003,33.9795004523003],[-80.8848291304656,33.9795652130336],[-80.8850553371734,33.9796329877942],[-80.8854010881274,33.9797362303922],[-80.8853144652721,33.9799027579651],[-80.8852163805936,33.9801375692977],[-80.8851350186989,33.9803323160255],[-80.8850538274535,33.9805270628487],[-80.8849724639322,33.9807216660781],[-80.8848911000431,33.9809162692444],[-80.8848898111097,33.9809193581998],[-80.8848097355943,33.9811110157189],[-80.8847263019088,33.9813109125636],[-80.8846449369064,33.9815055155389],[-80.8845635713438,33.9817002618224],[-80.8844822056057,33.9818948646715],[-80.8844008393071,33.9820896108287],[-80.8843194728331,33.9822842135515],[-80.8842391409966,33.9824762400983],[-80.8841824246726,33.9826121763066],[-80.8841835869409,33.9827700671903],[-80.88418487491,33.9829624565909],[-80.8841861618024,33.983154845981],[-80.8841876218885,33.9833472355232],[-80.884188910068,33.983539481524],[-80.8841901967852,33.9837320142566],[-80.8841914847834,33.9839244036094],[-80.8841929266022,33.9841303917346],[-80.8841935209695,33.9842646942822],[-80.884195872167,33.9845607222471],[-80.88450082798,33.9846029485085],[-80.8846965134052,33.9846300419653],[-80.8849244997519,33.984661459005],[-80.8851543777991,33.9846933074905],[-80.8855302884887,33.9847454741756],[-80.8856706847546,33.9850013474333],[-80.8858717651354,33.9853674134762],[-80.8859103362155,33.9854375908867],[-80.8862027232357,33.9859703746943],[-80.8862041993462,33.9859731064147],[-80.8865495536575,33.9859270326246],[-80.886678506428,33.9859109657535],[-80.8867579684312,33.9859662317475],[-80.8868446323191,33.9860246557219],[-80.8873225854541,33.9863384273082],[-80.8877289741891,33.9862251455915],[-80.8898443241259,33.9856665944549],[-80.8898171788433,33.9855173280422],[-80.8897130869341,33.9849469423469],[-80.8896610416805,33.9846616060638],[-80.8896270791101,33.9844757449606],[-80.8899594830222,33.9844202137863],[-80.8902019992286,33.984379488474],[-80.8904350600944,33.9843404729901],[-80.8906677754528,33.9843014558619],[-80.8909020386657,33.9842622962869],[-80.8910876618342,33.9842312540227],[-80.891139178459,33.9842225364533],[-80.8913642256823,33.9841848512253],[-80.8914424135876,33.9841717583574],[-80.8913577178431,33.9838839604526],[-80.8913550822901,33.9838778211291],[-80.8913512110859,33.9838721541193],[-80.8913462198335,33.9838671317504],[-80.8915636861791,33.9838222429974],[-80.8922827032162,33.983678833455],[-80.8924868948436,33.9836382137608],[-80.8925270210162,33.9838883963884],[-80.8926400818412,33.9838643763326],[-80.89301018093,33.9837857489338],[-80.8931397703313,33.9837581412589],[-80.893139709403,33.9837583927826],[-80.8928451786986,33.9849734200328],[-80.8928441461495,33.9849776842122],[-80.8932927809475,33.984866989686],[-80.8933080757512,33.9848636124241],[-80.8933593002314,33.9848523030804],[-80.8941898500452,33.9846676405084],[-80.8942950436358,33.9846441108824],[-80.8946972546839,33.9845543823702],[-80.8947111754265,33.9845512769859],[-80.8945945260977,33.9842392478942],[-80.8943794148745,33.9842239063555],[-80.8944093265328,33.9840742016377],[-80.8944326419535,33.9839781698892],[-80.8945725240191,33.9834025563404],[-80.8945739154529,33.983396831685],[-80.8958020828178,33.9828515215429],[-80.8959767264198,33.9827739779414],[-80.8959808385698,33.9827721518262],[-80.8959813083655,33.9831116718962],[-80.8959813135327,33.9831154581673],[-80.8965282194063,33.9831138497078],[-80.8965420917876,33.9831138089782],[-80.8965425383889,33.9834573596239],[-80.8962954406215,33.9834557214058],[-80.8959816193366,33.9834536408387],[-80.8959816215194,33.983454521808],[-80.8959820028355,33.9837588760866],[-80.8961309330912,33.9838022304866],[-80.8965429849937,33.9838009102393],[-80.8965436169651,33.9841406359394],[-80.8965436244932,33.9841442797419],[-80.8967084590728,33.9841080584782],[-80.896994298354,33.9840451685592],[-80.8972754979679,33.9839831334657],[-80.8975525706055,33.9839213801673],[-80.897832738196,33.9838590562146],[-80.8982332211935,33.9837699189469],[-80.8986374852969,33.9836799250497],[-80.898976777427,33.9836041915371],[-80.8986828686892,33.9823119214145],[-80.8986690348925,33.9823114781983],[-80.8983399840994,33.9823009367479],[-80.8973524728549,33.9822692969441],[-80.8974578284688,33.981745755578],[-80.8975980903949,33.9810518517614],[-80.8976293822505,33.9808963916919],[-80.897932094146,33.9793948617516],[-80.8958114900037,33.9790145258988],[-80.8958843507084,33.978767663412],[-80.8959881721415,33.9784159004946],[-80.8959886709831,33.9784142147191],[-80.896506349229,33.9785070835601],[-80.8970570563533,33.9786059190034],[-80.8975312414713,33.9786910171206],[-80.8978526588764,33.9787486849154],[-80.8997051622492,33.9790811655819],[-80.8997162942846,33.9790831637486],[-80.9013093636409,33.9783765358143],[-80.9021559020403,33.9774113788832],[-80.9014672327714,33.9772435525134],[-80.9015452902485,33.9768520928069],[-80.9015124763431,33.9768020771452],[-80.9014829777951,33.9767506480506],[-80.9007718090461,33.975620096371],[-80.9007242618346,33.9755445068779],[-80.9006451070515,33.9754186722983],[-80.9003705201351,33.9749815913864],[-80.900307538312,33.9748810697027],[-80.9001715872199,33.9746569191219],[-80.900160752049,33.9746439375182],[-80.9000665764489,33.9745311048112],[-80.9000644858237,33.9745270237966],[-80.9000717965524,33.9745206381911],[-80.9000759871395,33.974512533598],[-80.9000765349452,33.9745037208044],[-80.9000733716494,33.9744952989221],[-80.9000226106392,33.9744118039727],[-80.9000095150715,33.9743834779582],[-80.8999741554553,33.9743015946232],[-80.8999420802949,33.974218777867],[-80.8999201602981,33.9741563484073],[-80.8998867205437,33.9740475631508],[-80.8998587326344,33.9739377146852],[-80.8998327863118,33.9738064421427],[-80.8998143669023,33.9736742896857],[-80.8998042834013,33.9735456581677],[-80.8998017139034,33.9734655482204],[-80.8998019892447,33.9733854100016],[-80.8998052444764,33.9733046330799],[-80.8998112349021,33.9732239648841],[-80.8998199557411,33.9731434696889],[-80.8998314000372,33.9730632116311],[-80.8998439967642,33.9729894250159],[-80.8998588906532,33.9729159360376],[-80.8998837381453,33.9728116402931],[-80.8999127982288,33.9727081030026],[-80.8999460377488,33.9726054422386],[-80.899983418785,33.9725037750734],[-80.8999997881579,33.9724629922405],[-80.9000428512909,33.9723371880141],[-80.9002573758322,33.9723633290215],[-80.9003448231046,33.9726648650422],[-80.9004357524008,33.973013487415],[-80.9004382199177,33.9730229492257],[-80.9006395370957,33.9730657677965],[-80.9008102783701,33.9731021206867],[-80.9008458362105,33.9731095927229],[-80.901123249142,33.9731683612275],[-80.9012192702574,33.9731884782127],[-80.9013858903684,33.9732241110701],[-80.9015226219936,33.973252992328],[-80.9015396271325,33.97325672718],[-80.9017117438484,33.973292936547],[-80.9018264887668,33.9733170759924],[-80.90192886568,33.9733389152129],[-80.9021660854964,33.9733892041908],[-80.9022081703799,33.9733981119957],[-80.9022721197238,33.9734119549346],[-80.9023202165882,33.9734220135098],[-80.9023258387265,33.9734071144907],[-80.902340034644,33.9733694946463],[-80.902342628299,33.9733700404188],[-80.9025954638445,33.9734232317467],[-80.9028155060394,33.9734696403652],[-80.9028195255759,33.973455373068],[-80.9028470755059,33.9733575817659],[-80.9028843380234,33.9732241985874],[-80.9029114173651,33.9731308883909],[-80.9029317133667,33.9730610903526],[-80.9029543670431,33.9729831950033],[-80.9029886973184,33.972859400065],[-80.9030195773534,33.9727479134508],[-80.9030520100263,33.972630988028],[-80.9032333981696,33.9726729283888],[-80.9033508884938,33.9726999314964],[-80.9035779695545,33.9727502098832],[-80.9036410095688,33.9727640009163],[-80.9038820072952,33.97281700911],[-80.9039313047223,33.972827639676],[-80.9042109507615,33.9728891225626],[-80.9044969467731,33.972951808078],[-80.9044986693684,33.9729521854168],[-80.9044962545072,33.9729612024518],[-80.9044538182104,33.9731129048643],[-80.9044277693045,33.9732076472027],[-80.9043710138539,33.9734130181815],[-80.9043416875047,33.9735194964152],[-80.9043008064367,33.9736649015166],[-80.904253367382,33.9738347802285],[-80.9042674150127,33.9740271796718],[-80.9042770641885,33.9741563046072],[-80.9042956415949,33.9744459036143],[-80.9043106287869,33.9747201834043],[-80.9043247734133,33.9749794328442],[-80.9043361542036,33.9752529938554],[-80.9043475351273,33.9755245512502],[-80.9043602251108,33.9758570894694],[-80.9043702824606,33.9760497445149],[-80.9043797774757,33.9763238720695],[-80.9043804488621,33.9763381872063],[-80.9043888291644,33.976529436974],[-80.904391844027,33.9765981494661],[-80.9043953458943,33.9766942030271],[-80.9044016914797,33.9768591123126],[-80.9044023647503,33.9768727123942],[-80.9044082104229,33.9770238792545],[-80.9044132272151,33.9771485632045],[-80.9044147283097,33.9771886452865],[-80.9044217612606,33.9773535550796],[-80.9044244382568,33.9774195477446],[-80.9044274208934,33.9775183204358],[-80.9044328936473,33.977697400255],[-80.904435766838,33.9777387719288],[-80.9044477757055,33.9779112725008],[-80.9044244855241,33.9779951377424],[-80.9044141107513,33.9780539634846],[-80.9043497802015,33.9784246619065],[-80.9042429803873,33.9788457996736],[-80.904242600978,33.9788472944122],[-80.9042778649314,33.9788537814616],[-80.9043980786164,33.9788758956683],[-80.9047552479311,33.9789284189577],[-80.904724386238,33.9791778986727],[-80.9047204110774,33.9791980794434],[-80.9046917857152,33.979194989845],[-80.9042369425183,33.9791458932493],[-80.9042359390713,33.979151810382],[-80.9042217230188,33.9792356338715],[-80.9042025508485,33.9793242262688],[-80.9041785644198,33.9794165371915],[-80.9040925244628,33.9796844401553],[-80.9045355991133,33.9797866315743],[-80.9045888137635,33.9797989050772],[-80.9045215774774,33.9799998304177],[-80.9045001997968,33.9800638009262],[-80.9044680697326,33.9801599045112],[-80.9044267564444,33.9802834733302],[-80.9044114156694,33.9803284089184],[-80.9043336534635,33.9805672599448],[-80.9043252052061,33.9805937356718],[-80.9042417542538,33.9808513341413],[-80.9041996097407,33.9808429427769],[-80.9037495648584,33.9807533326154],[-80.9037485558038,33.9807564733807],[-80.9036583474376,33.9810375493665],[-80.9035671294135,33.9813217669314],[-80.9035374503243,33.98141421663],[-80.9033765919402,33.9819152449104],[-80.9038298773622,33.982005273691],[-80.9038656949898,33.9820123870652],[-80.903948990586,33.9817553785201],[-80.9039560461797,33.9817336086591],[-80.9044240317513,33.9817882321092],[-80.9044462127929,33.9817908208644],[-80.9046128083862,33.9818052158789],[-80.9046113684441,33.9819149416953],[-80.9046113754755,33.9819154340328],[-80.9046125560693,33.9819606564483],[-80.9046146538242,33.9819840609645],[-80.904619527184,33.9820384529715],[-80.9046199110276,33.9820427327679],[-80.9046648763227,33.9822999530872],[-80.9046733196566,33.9823144836855],[-80.9046878622079,33.982325153531],[-80.9047062316449,33.9823302954166],[-80.9047255576674,33.9823291059013],[-80.9047350992667,33.9823270329909],[-80.9052354506644,33.9822183195843],[-80.9055706055569,33.9821450941462],[-80.9055704287844,33.9821444168298],[-80.9055701948826,33.9821435221585],[-80.9054717467068,33.9817666427686],[-80.905465006058,33.9817404890299],[-80.9055596326196,33.9817202970391],[-80.9057921919122,33.9816706734809],[-80.9058949429375,33.9816484188875],[-80.9061432327231,33.9815955352089],[-80.9061636981869,33.9816596683744],[-80.9062703473498,33.9819938756288],[-80.906397330455,33.9819657029896],[-80.9065227349457,33.9819378806965],[-80.9066464049211,33.981910442902],[-80.9067718731118,33.9818826213063],[-80.9068102168642,33.9818741091467],[-80.9068971680315,33.9818548039623],[-80.9070226359023,33.9818271281891],[-80.9071489635862,33.9817990228182],[-80.9072734523043,33.9817718068306],[-80.9076854766502,33.9816748731248],[-80.907724505912,33.9816648562432],[-80.907953781433,33.9816126824751],[-80.9079710562692,33.9816109667188],[-80.9083314752791,33.9815294974248],[-80.9086657668798,33.9814538761593],[-80.9090000588233,33.9813783982653],[-80.9093185370401,33.9813063425137],[-80.9096719049851,33.9812268677598],[-80.9100730525161,33.9811381228279],[-80.9100834292611,33.9811341727568],[-80.9103433895321,33.9810762711258],[-80.9103604185298,33.9810745350214],[-80.9108063350903,33.980976013991],[-80.9112553437666,33.9808767785142],[-80.9112694257225,33.9808704757349],[-80.9112804241778,33.9808607781429],[-80.9112871767211,33.9808486806413],[-80.9114961610465,33.9808223945599],[-80.9115061299305,33.9808213069989],[-80.9115398477316,33.9808137900691],[-80.911937521165,33.9807251331069],[-80.912334593946,33.9806355970829],[-80.9123355704874,33.9806353768547],[-80.9126758157661,33.9805587354591],[-80.9127421566042,33.980543751581],[-80.9129880106288,33.9804946297319],[-80.9129903219751,33.9804941904182],[-80.913073337423,33.9804787094939],[-80.9130928846237,33.9804751695609],[-80.9132551251896,33.9804469185023],[-80.9134178371236,33.9804206162593],[-80.9135561372568,33.980400078938],[-80.9135768785876,33.9803973251477],[-80.9135783011158,33.9803970565282],[-80.9137617303458,33.9802273232584],[-80.9145270572542,33.9801154532981],[-80.9145919881872,33.980036069322],[-80.9145693434912,33.9799991215993],[-80.9145066761085,33.9798961936148],[-80.9144687636699,33.9798339226193],[-80.9144636696358,33.9798255557707],[-80.9144736648275,33.9797967413878],[-80.9144819362617,33.9797728906168],[-80.9145693046226,33.9795201553253],[-80.914658222925,33.9792625536052],[-80.9147481731481,33.9790018028491],[-80.9148559964721,33.9786890988663],[-80.9148679378337,33.9786544697646],[-80.9149515100398,33.9784128964729],[-80.9151415769904,33.9778620570179],[-80.9152327312442,33.9775978720369],[-80.9152887588444,33.9774354910675],[-80.9153383007153,33.9772919044483],[-80.9153393080051,33.9772889863069],[-80.9153714609588,33.9771957986894],[-80.9154362344828,33.9770080648676],[-80.9154794955483,33.9768826820864],[-80.9154974106016,33.9768307604136],[-80.9155075724069,33.9768013076299],[-80.9155285111382,33.9767409209717],[-80.9155480648546,33.9766845279333],[-80.9153911439292,33.9766424158323],[-80.9154814664275,33.9763524078021],[-80.9154675312265,33.9763558193879],[-80.9149363039248,33.9764858594878],[-80.9147486294615,33.9765318232707],[-80.9147476105894,33.9765289380061],[-80.9145884279886,33.9760779401278],[-80.9145427427147,33.9759459346375],[-80.9145941246171,33.9759336048976],[-80.9151071311102,33.975810279621],[-80.9151681412967,33.9757957208969],[-80.9152447684581,33.9757773216345],[-80.9153205855125,33.9757567243584],[-80.9153955016507,33.9757339537388],[-80.915469427143,33.9757090370491],[-80.9155589580626,33.975675613322],[-80.9156463924407,33.9756385369473],[-80.9157315157399,33.9755978989002],[-80.9158141190945,33.9755537988952],[-80.9159218482654,33.9754896562667],[-80.9160249015729,33.9754203861249],[-80.9166367314063,33.9749054724016],[-80.9166865700875,33.9748596968118],[-80.916731415383,33.9748104670561],[-80.9167709240138,33.9747581599849],[-80.9168047935544,33.9747031760044],[-80.9168281505174,33.9746554744518],[-80.9168471814281,33.9746064569346],[-80.9168617807341,33.974556395341],[-80.9168718674647,33.9745055673498],[-80.9168773856795,33.9744542548904],[-80.9168783047785,33.9744027425791],[-80.9168746196721,33.97435131614],[-80.9168663508086,33.9743002608204],[-80.9168589912881,33.9742709106807],[-80.9167777559886,33.9739419480328],[-80.9166481383,33.9734170448314],[-80.9166098010177,33.9732628511896],[-80.9165916926191,33.9731762695783],[-80.9165776074716,33.9730891703209],[-80.9165725515019,33.9730495377135],[-80.9165681262966,33.9730304134255],[-80.9165614098356,33.9730117581754],[-80.9165524705379,33.9729937619958],[-80.9165413994655,33.9729766082057],[-80.9165283093954,33.9729604715428],[-80.9165133336713,33.9729455163838],[-80.9164966248447,33.9729318950698],[-80.9164783531211,33.9729197463547],[-80.9164724752488,33.9729163276249],[-80.9164856329025,33.9729049641303],[-80.9166055139477,33.9728014303028],[-80.9166614695124,33.9727578937218],[-80.9167908395347,33.972847130738],[-80.9171084867939,33.9729432338486],[-80.9172151154013,33.9730154507913],[-80.9176974289865,33.9733422886567],[-80.9179048474798,33.9734829953021],[-80.9179551573006,33.9735169544815],[-80.91823726818,33.9737082408036],[-80.918320029861,33.9737641228235],[-80.9182927180451,33.9738107204755],[-80.9182910561818,33.9738135534516],[-80.9184646073608,33.9737962033523],[-80.9185955440733,33.973783119891],[-80.9188428101956,33.9737585182829],[-80.9189350843279,33.973749273886],[-80.9192201532164,33.9737209739704],[-80.9194196503359,33.9737010632463],[-80.9194986930606,33.9736930983761],[-80.9197045469529,33.9736726187338],[-80.9197796376024,33.9736652237114],[-80.9197476244317,33.9733583469789],[-80.9197447323935,33.9733306211668],[-80.9197115748202,33.9731602569804],[-80.919920839609,33.9731493688592],[-80.9200021746995,33.9731395791867],[-80.9203192354675,33.9731014146403],[-80.9202950015755,33.972923897665],[-80.920305825375,33.9727393897123],[-80.9203638459189,33.9726107377681],[-80.9204044782299,33.9725207254935],[-80.9204619946674,33.9723926664974],[-80.920462326527,33.9723919309156],[-80.9205317619898,33.9723776436542],[-80.9206851804638,33.9723460756261],[-80.9208404077332,33.9720115162576],[-80.9208236469157,33.9720062630233],[-80.9205580297216,33.9719230142209],[-80.9202495441594,33.9718266219334],[-80.9200951300959,33.9717784253906],[-80.9197553843728,33.9716722777777],[-80.919753897597,33.9716754661615],[-80.9195941309933,33.9720179977784],[-80.919584801189,33.9720150810132],[-80.9194859310528,33.971984172112],[-80.9194279668729,33.9719660506973],[-80.9193316773372,33.9719359476734],[-80.9191706521228,33.972281844887],[-80.9191414385015,33.9723458102245],[-80.9191119753981,33.9724103209255],[-80.9188658229295,33.9723334662014],[-80.9188495858366,33.9723283825646],[-80.918879489547,33.9722627784395],[-80.9189081991483,33.9721997938922],[-80.9190692253983,33.9718537536404],[-80.9190266523071,33.971840452697],[-80.9188066017429,33.9717717023094],[-80.9185439784524,33.9716897937924],[-80.9187052378681,33.9713437892877],[-80.9183847329557,33.9712433763697],[-80.9183143119288,33.971221336422],[-80.9179768039105,33.9711157065814],[-80.9178224503109,33.9710680581835],[-80.917863045652,33.9709745769025],[-80.9179617017427,33.9707557711557],[-80.9180603561132,33.9705371086893],[-80.9181591831445,33.9703184462466],[-80.9182580085916,33.9700997837123],[-80.9183566625404,33.9698811209745],[-80.9184554880663,33.9696624582592],[-80.9185586178836,33.9694339209506],[-80.9186519949916,33.9692271768846],[-80.9187954097394,33.9689097716003],[-80.9192251095416,33.9679577977104],[-80.9188788073808,33.967863343904],[-80.9186211453025,33.9677913998979],[-80.918299059023,33.9676994094879],[-80.917977743874,33.9676055664566],[-80.9177501696526,33.9675377072413],[-80.9175897510257,33.9674892167955],[-80.9173582277427,33.9674186346767],[-80.9170493238011,33.9673242709919],[-80.9170467802171,33.9673235181661],[-80.9168724684201,33.967272055379],[-80.9169505076072,33.9670891091553],[-80.9171369929481,33.966664906108],[-80.9173052110477,33.9662822449859],[-80.9173732208941,33.966127261924],[-80.9174414022908,33.9659725665788],[-80.9175094125924,33.9658177268028],[-80.9175818971333,33.9656531568919],[-80.9176681580292,33.9654566737154],[-80.9177676734472,33.965230568141],[-80.9178349441538,33.9650772443454],[-80.9178352163777,33.9650766232471],[-80.9151420416741,33.9651370793809],[-80.9151656190169,33.9650947241192],[-80.9152571762932,33.9649317420632],[-80.9153487332219,33.9647687608347],[-80.9154402899449,33.9646056361599],[-80.9155318464617,33.9644423680389],[-80.9156275334709,33.9642712298151],[-80.9157208152085,33.9641003766201],[-80.9158115116839,33.9639368218458],[-80.9159020366914,33.9637734093527],[-80.9159691548666,33.9636522098665],[-80.9160071427826,33.9636309065225],[-80.9162347245295,33.9635032302527],[-80.9168727753559,33.963144791096],[-80.9176222030008,33.9627240584943],[-80.9177556535693,33.9627592182171],[-80.91794475063,33.9628088717599],[-80.9181333338783,33.9628585255763],[-80.9183220883275,33.9629081783162],[-80.9185108431293,33.962957688298],[-80.9186995990957,33.9630073404629],[-80.9188883541968,33.9630569932409],[-80.9190771095164,33.9631066448293],[-80.9192658650528,33.9631562970315],[-80.9195526263941,33.9632317347653],[-80.9197477440206,33.9632866274971],[-80.9199247935565,33.9633337598535],[-80.9201133777486,33.9633836964943],[-80.9202652528449,33.9634240267698],[-80.9203019631098,33.9634337753187],[-80.9201600586167,33.9638048635083],[-80.9209142329744,33.9640053227439],[-80.9216684085089,33.9642047746795],[-80.921851153551,33.9642575679096],[-80.9222271292761,33.964355143925],[-80.9223346485269,33.9643831255616],[-80.9226025855327,33.9644572991649],[-80.922636967029,33.9644665153604],[-80.9229789030898,33.9645581661568],[-80.9230515687803,33.9643705453863],[-80.9231226852162,33.9641869326112],[-80.9233117877412,33.9642374372836],[-80.9235006899176,33.9642883536252],[-80.9236485868685,33.9639234204356],[-80.923696073969,33.9637916384437],[-80.9238446909061,33.9638331282384],[-80.9238861649794,33.9638446992045],[-80.9238361422487,33.9639756411191],[-80.9236911334415,33.9643355041801],[-80.9236897603711,33.9643389145077],[-80.9238793135863,33.9643896061456],[-80.9240083555352,33.9644242054717],[-80.9240956274202,33.9644476051069],[-80.9240770310356,33.9644955485129],[-80.9239812796942,33.9647583070149],[-80.9238851835046,33.9650212076846],[-80.9237808419679,33.9652835315117],[-80.9237631035378,33.9653313320159],[-80.9237012762649,33.9655024972937],[-80.9236857769321,33.9655452883556],[-80.9236375597278,33.9656730887841],[-80.9235867588537,33.9658073285168],[-80.9235678164192,33.9658579911761],[-80.9234887723442,33.9660696559621],[-80.9233918434067,33.9663322463639],[-80.9233633299939,33.9663253775538],[-80.9231654576588,33.9662777106504],[-80.922959513079,33.9662279103803],[-80.9227533966653,33.9661781105623],[-80.922603447879,33.9661419441578],[-80.9226016437633,33.9661468411234],[-80.9223272361876,33.9668923327091],[-80.9222141896019,33.9671956278703],[-80.9221524332084,33.9673613144529],[-80.9219085660139,33.9680161994843],[-80.9217514190973,33.9684380168857],[-80.9216831781687,33.968613369932],[-80.9215788734031,33.9685855070183],[-80.9211881104319,33.9684810487289],[-80.921190932259,33.9684994977046],[-80.9212547179065,33.9689165420867],[-80.9213047573704,33.969243663679],[-80.921350527682,33.9695435842461],[-80.9213964698675,33.9698440783696],[-80.9214748620073,33.9703567346044],[-80.9215358565448,33.9707565434055],[-80.9215568640848,33.9708935479974],[-80.9216528264077,33.9715219161163],[-80.9217711177911,33.9714651857945],[-80.921893983622,33.9714062625774],[-80.9222028612932,33.9712583004324],[-80.9219095119192,33.9707907051195],[-80.9218487843173,33.9706624455915],[-80.921934975421,33.9706236857808],[-80.9221526675144,33.9705257887372],[-80.9222987639458,33.9704617029689],[-80.9224253340321,33.9704047598827],[-80.9224308450291,33.970402230427],[-80.9224363040625,33.9703997171694],[-80.9224472676111,33.9703946600237],[-80.9224724743506,33.9703829102749],[-80.9224736415219,33.9703823636667],[-80.922486813909,33.970376165432],[-80.9226432154034,33.970299733176],[-80.9227363772525,33.9702518365226],[-80.9229206487021,33.9701511770057],[-80.9230282774171,33.9702563416975],[-80.923191117427,33.9704883397879],[-80.9233452068632,33.9707084513193],[-80.9239213580091,33.9704316746361],[-80.9242393315581,33.9702554651111],[-80.9241980964196,33.9704508349644],[-80.9243228378632,33.9706382899698],[-80.9244995697722,33.9709023595785],[-80.924742367568,33.9712609456127],[-80.9250704590692,33.9710952621781],[-80.925155541217,33.971213030797],[-80.9254064201767,33.9715685184968],[-80.9250418486487,33.9717523375781],[-80.9252858532689,33.9721112090391],[-80.9253670789204,33.9722308353846],[-80.9256093684591,33.9725874301201],[-80.9256109152503,33.9725897060596],[-80.9259896397139,33.9723986927402],[-80.9260016236715,33.9723926485202],[-80.9262523308704,33.9727482659452],[-80.9263046221272,33.9728503398186],[-80.9262575198673,33.9728740682498],[-80.9260925067217,33.972957424106],[-80.9259199303436,33.9730443541072],[-80.9262390447217,33.9735137998689],[-80.9262425350771,33.9735189335691],[-80.9264132217913,33.9734314294232],[-80.9265777210931,33.9733472135174],[-80.9267420481096,33.9732628539184],[-80.9268991579111,33.9731824735969],[-80.9269063756431,33.9731787808439],[-80.9270683648954,33.973418216767],[-80.9264052117142,33.9737580840035],[-80.9266097598485,33.9740589557],[-80.9267829064821,33.974313571593],[-80.9267893349474,33.974323032507],[-80.9269560529351,33.9745683315004],[-80.9271607464542,33.9748694962664],[-80.9271624922261,33.9748720653572],[-80.9277304164283,33.9746102898013],[-80.9277381547327,33.9746067226419],[-80.9278872259217,33.9748528306377],[-80.9280359880157,33.9750981258199],[-80.9274875136498,33.9753502216511],[-80.9276503701363,33.975589657185],[-80.9277145161772,33.9756854100145],[-80.9277402575646,33.975723681789],[-80.9275719449423,33.9758093198565],[-80.9273207034278,33.9759247881384],[-80.9272830604546,33.9759420860897],[-80.9270319328529,33.976057600739],[-80.9269942897628,33.9760748995038],[-80.9267429913377,33.9761905568357],[-80.9267055181802,33.9762077122411],[-80.9264542189795,33.9763233689841],[-80.9264167455848,33.9763406667715],[-80.9263098302418,33.9763898446856],[-80.9261279722199,33.9764734781553],[-80.9260210565471,33.9765226558189],[-80.9258391979641,33.9766062888624],[-80.9257321109508,33.9766554670747],[-80.9253771572279,33.9768188698876],[-80.9253278249842,33.9768414577446],[-80.9250940543835,33.9769491051798],[-80.9251133614977,33.9770745128587],[-80.9251470189682,33.9772926878863],[-80.9251721375379,33.977454029406],[-80.9251806788978,33.977510720424],[-80.9252144539357,33.9777285131554],[-80.9252354900689,33.9778649713598],[-80.925270527102,33.9780781372524],[-80.9252872730293,33.9781857932083],[-80.9253047029451,33.9782973142901],[-80.9253299906698,33.9784602293176],[-80.9253414398454,33.9785339571208],[-80.9253720275383,33.9787299418387],[-80.9260248039425,33.9786688561973],[-80.9261380870509,33.9786582546938],[-80.9262799512894,33.9785880212144],[-80.9265643564368,33.9790124838885],[-80.9268275753449,33.9789675242932],[-80.9270593487293,33.9789241209369],[-80.9270902249806,33.9789183411081],[-80.9270994191394,33.9789164619427],[-80.927232691123,33.978889829808],[-80.9271656593353,33.9787882302464],[-80.9270382788053,33.9785926417425],[-80.9270369578735,33.9785906130252],[-80.9272591952734,33.9784912058355],[-80.9273195068338,33.9784642287298],[-80.9276191494192,33.9783305715709],[-80.9275212123161,33.9781847244862],[-80.9276669045748,33.9781202887287],[-80.9279917776538,33.9779707473586],[-80.928233292321,33.977859713059],[-80.9282442846173,33.9778546590338],[-80.9284056010168,33.9780943783691],[-80.9286590032907,33.9784715743236],[-80.9290708629011,33.9783119719925],[-80.9296543584307,33.9780569848072],[-80.9299583998635,33.9779342396536],[-80.9301415872259,33.9778602342928],[-80.9302797246672,33.9780827092034],[-80.9304662419947,33.9783993105797],[-80.9306316573975,33.9786801119792],[-80.9308281410224,33.9790136226444],[-80.9308284771927,33.9790141791853],[-80.9309102632676,33.9791518199129],[-80.9309597864089,33.9792230399927],[-80.9309725469521,33.9792413923317],[-80.9308237630857,33.979301591302],[-80.9305231258883,33.9794102936441],[-80.930183881198,33.9795329536045],[-80.9301922991441,33.9795446038925],[-80.9302094593922,33.9795683536995],[-80.9303795455111,33.979803752506],[-80.9305753842364,33.9800745511769],[-80.9311544931338,33.9797771626261],[-80.9311376241446,33.9797529117637],[-80.9309890416612,33.9795393057988],[-80.9311251430652,33.9794608481339],[-80.9315969660162,33.9792635676409],[-80.9318072862258,33.9793390499422],[-80.9318510255689,33.979354748358],[-80.9317989754277,33.9795539790522],[-80.9313584771934,33.9797612739632],[-80.9313401965031,33.9797698769552],[-80.9314500384029,33.9799278816522],[-80.9313199456343,33.9800148767485],[-80.9307544152556,33.9802881493597],[-80.9307362078386,33.9802969470712],[-80.9311615399611,33.9808852113815],[-80.9312722376344,33.9810383122803],[-80.9313252221435,33.9810123841824],[-80.9321657573601,33.9806010631637],[-80.9324502453885,33.9804617955373],[-80.9324934492988,33.980440652381],[-80.9327491694445,33.9803155179954],[-80.933048438958,33.9801690983467],[-80.9333526948123,33.9800132334631],[-80.9336503984812,33.9798608386016],[-80.9339480059467,33.9797139560076],[-80.9342436611639,33.9795681041148],[-80.9343545327016,33.9795123354264],[-80.9345544442211,33.9794116662358],[-80.9346366085638,33.9793701976518],[-80.9348652262567,33.9792550851022],[-80.9349245292844,33.9792253418461],[-80.9351761792589,33.9790985032737],[-80.9352069475675,33.9790830595734],[-80.9354891928202,33.9789407765631],[-80.9357714381162,33.9787986353756],[-80.9357977376782,33.9787853361796],[-80.9360538535999,33.9786563511593],[-80.9361226096572,33.9786216023116],[-80.9363360970313,33.9785142086768],[-80.9364476523912,33.9784580101438],[-80.9366183385532,33.9783719230767],[-80.9367725219005,33.9782942727566],[-80.9369005790379,33.978229779299],[-80.9369492415504,33.9782052631663],[-80.937182991872,33.9780874924918],[-80.937292827694,33.9780322941197],[-80.9374653849063,33.977945847043],[-80.9377103465728,33.9778242153978],[-80.9376462129988,33.9777131324589],[-80.9375943499766,33.977623304401],[-80.9374818087721,33.9774283751529],[-80.9374454993741,33.9773654834666],[-80.9374422747804,33.9773598993673],[-80.9373712885737,33.9772367632946],[-80.9372840035264,33.9770853648227],[-80.9372624585035,33.9770479934645],[-80.9372280584987,33.9769883244764],[-80.9371952515331,33.9769319249757],[-80.9371142520571,33.9767926728557],[-80.9370841909411,33.9767409933525],[-80.9365112941574,33.9769683998617],[-80.9364889231052,33.9769772801523],[-80.9366320411624,33.977224995697],[-80.9364850803232,33.9772874774246],[-80.9360703784226,33.9774708061321],[-80.9358431664517,33.9770922104787],[-80.9357623407122,33.9769723424879],[-80.935845538075,33.9769379673501],[-80.9361989137877,33.9767921405376],[-80.9360552256542,33.9765437298557],[-80.9362026903326,33.9764821334606],[-80.9367979448265,33.9762456856915],[-80.9367957819856,33.9762417161721],[-80.9367837249625,33.9762208030243],[-80.9366877554203,33.9760543384353],[-80.9366809648627,33.9760425577592],[-80.936566776973,33.975845047874],[-80.9364472991092,33.9756388417941],[-80.9364016189867,33.975560316564],[-80.9363637164074,33.975495159524],[-80.9363769590976,33.9754916595732],[-80.9365054247385,33.9754591332598],[-80.9366347245416,33.9754289884297],[-80.9367950374656,33.9753963990461],[-80.9369562434563,33.9753670263499],[-80.9371182044571,33.9753419759311],[-80.9372810156007,33.9753210983563],[-80.937278281265,33.9752993387522],[-80.9374418267977,33.9752814041729],[-80.9376059638005,33.9752677250968],[-80.9376921456386,33.9752622553701],[-80.937812570797,33.9752564265176],[-80.9379331167744,33.9752527161713],[-80.9381013303373,33.9752513683092],[-80.938263524385,33.9752540262185],[-80.9383765774634,33.9752585197379],[-80.9385042989206,33.9752657142917],[-80.9386317817118,33.9752754117158],[-80.9387839933451,33.9752902996184],[-80.9389356411028,33.9753087544513],[-80.9392634366168,33.9753585868829],[-80.939266921879,33.9753460629594],[-80.9393047866069,33.9752099965749],[-80.9393376794287,33.975091798701],[-80.9389940507421,33.9750370840405],[-80.9390446168603,33.9748030641719],[-80.9386782508549,33.9747532598834],[-80.9387654541164,33.9742223337153],[-80.9387886494004,33.9741001447157],[-80.938909073619,33.9741138793935],[-80.9389102104858,33.9741056293198],[-80.938924292382,33.9740034438153],[-80.9389936928837,33.973499833099],[-80.9389881529576,33.973499301973],[-80.9386167561884,33.9734637176609],[-80.9384334350983,33.9734558964612],[-80.9382499418522,33.9734482191782],[-80.9382500099348,33.973445343663],[-80.9382623513009,33.972914177497],[-80.9382643078584,33.9728299678792],[-80.9380547792952,33.972828222312],[-80.9378452524939,33.9728300444539],[-80.9376358865435,33.9728369041703],[-80.9374267826423,33.9728480007955],[-80.9372180641469,33.9728633262779],[-80.9370098544135,33.9728828734685],[-80.9368023848772,33.9729068408635],[-80.9367637831064,33.9729121647177],[-80.9365957430901,33.9729353403233],[-80.9363899314221,33.9729680508448],[-80.9361852277719,33.9730052719423],[-80.9357776238146,33.9730859385529],[-80.9356398865237,33.9731133214941],[-80.935368987234,33.9731671767717],[-80.9352154509166,33.9732181911083],[-80.9351547695435,33.9730976865943],[-80.9351718167934,33.973091943504],[-80.9351758677736,33.9730905804339],[-80.9351968588074,33.9730835346284],[-80.9350935928693,33.9728634654777],[-80.9349731721495,33.9726074568404],[-80.9348529242293,33.9723514481598],[-80.9347328489992,33.9720955819066],[-80.934612774591,33.9718395730504],[-80.9344925297879,33.9715837073426],[-80.9343722847265,33.9713276981293],[-80.9343328776928,33.9712458336331],[-80.9343108731497,33.9712001224545],[-80.9341866788937,33.9709426790299],[-80.9340638578846,33.9706878132791],[-80.9340439314962,33.9706464466854],[-80.9338180474908,33.9701775086866],[-80.9332658844634,33.9703596530288],[-80.9331126033609,33.9704101888317],[-80.9329930514981,33.9701538927339],[-80.9328736724263,33.9698975956955],[-80.9326688536555,33.9694859804778],[-80.9325476165769,33.9695482020079],[-80.9324549828344,33.969595797938],[-80.9323510543856,33.9696491694012],[-80.9322583912121,33.9696967561502],[-80.9321557682148,33.9697494978665],[-80.9318102918981,33.9692767449262],[-80.9316393271813,33.9690460205167],[-80.9314959893614,33.9691178383648],[-80.9314046084989,33.9690027152677],[-80.9312413053,33.968800732924],[-80.9312112907532,33.9687636893707],[-80.9310244246919,33.9685375927567],[-80.930876721842,33.9684430951935],[-80.9307844760069,33.9683840773334],[-80.9307475073987,33.9683604255862],[-80.9305827928265,33.968254667534],[-80.9305155331674,33.9682114821501],[-80.930469074164,33.9681816546005],[-80.9302586920779,33.9680466280489],[-80.9302403855765,33.9680392625059],[-80.9302306259858,33.9680352705566],[-80.9300023439364,33.9679409060286],[-80.9299401678976,33.9679152046506],[-80.9296254779341,33.9677851216444],[-80.9293035906433,33.9676950426106],[-80.929150514392,33.9676521177262],[-80.9290012858063,33.9676102705949],[-80.9286883336297,33.9675227712599],[-80.928521893756,33.9674757234102],[-80.9282202779093,33.9673906640404],[-80.9279080148956,33.9673027339155],[-80.9277766148937,33.9672661553431],[-80.9276390327687,33.9672276875487],[-80.9275952335536,33.9672154943114],[-80.927504715207,33.9671899618133],[-80.9273702248494,33.967151949087],[-80.9272570353372,33.9671198179406],[-80.9272360809213,33.9671139364178],[-80.9271079451067,33.9670777882639],[-80.9269923504999,33.9670450828757],[-80.9269688188785,33.9670384847344],[-80.9268769268499,33.9670125208522],[-80.9267735267039,33.9669838305502],[-80.9266874220981,33.9669596129498],[-80.926657244059,33.9669511244426],[-80.9265442237636,33.9669204246597],[-80.9264281134679,33.9668888636109],[-80.9263245400979,33.9668606020448],[-80.9262503387646,33.9668405174363],[-80.9260494638684,33.9667851455364],[-80.926078601824,33.9667116383453],[-80.9261829400324,33.9664483108809],[-80.926286416245,33.9661874165159],[-80.9263898919532,33.9659263786754],[-80.9264933669125,33.9656654832016],[-80.9265451891705,33.9655349642411],[-80.9266486631881,33.9652740695136],[-80.9267011861455,33.9651436599967],[-80.9268349558955,33.9648119256542],[-80.9268875118268,33.9646815277852],[-80.926975656789,33.9644627083425],[-80.9270641454373,33.9642438899292],[-80.927152291667,33.9640250703382],[-80.9272488714566,33.9637850699195],[-80.9273466558992,33.963542923143],[-80.9273969823363,33.9634122243432],[-80.9276048255278,33.9634719408202],[-80.9278112881594,33.9635135732305],[-80.9283769431712,33.9636276051244],[-80.9283774311514,33.9636277036927],[-80.9288833143614,33.9636279947863],[-80.9288981445178,33.9636280032886],[-80.9289148825806,33.9636489542198],[-80.9289221710942,33.9636580774005],[-80.9291630207468,33.9630409668896],[-80.9292378856387,33.9628509036572],[-80.9292876598279,33.9627245409853],[-80.9294203883112,33.9623882214711],[-80.9295195461977,33.9621377716258],[-80.9290289388425,33.9620048591356],[-80.928284635416,33.9618033890269],[-80.9280694951936,33.9617454187505],[-80.9280802545404,33.9617188199929],[-80.9281753095369,33.961483047761],[-80.9283905037441,33.961543065676],[-80.9284799386114,33.9615672741317],[-80.9296095612276,33.9618730369949],[-80.9296221482424,33.9618764435899],[-80.9297306038517,33.9615995164549],[-80.929778333426,33.9614785455253],[-80.92984387611,33.9613124287398],[-80.9299571488126,33.9610251966274],[-80.9300700746617,33.9607403988172],[-80.9295718235433,33.9606036978261],[-80.9292951329449,33.9605278155502],[-80.9288535613996,33.9604066047139],[-80.9286319817096,33.960350683993],[-80.9286580054704,33.9602860245886],[-80.9287628408513,33.9600254143855],[-80.9288153442735,33.9598951814307],[-80.9289256592034,33.9596207239144],[-80.9290248404392,33.9593739605034],[-80.9291298444567,33.9591134934005],[-80.9291605376676,33.959037277492],[-80.9292191502141,33.95889172503],[-80.929234849156,33.9588527403497],[-80.9292871790939,33.9587225061569],[-80.9293920095853,33.9584618953193],[-80.9294968405236,33.9582012852783],[-80.9296906237459,33.9577199945245],[-80.9296907289241,33.9577197321858],[-80.929906236359,33.957775524991],[-80.9307343102682,33.9579945842328],[-80.9307450424856,33.9579974234062],[-80.9307953089,33.9578663289683],[-80.9308006548748,33.9578523959872],[-80.9308016785262,33.9578497274898],[-80.931241710006,33.9579487430868],[-80.9314046692501,33.9579847665598],[-80.9320572844083,33.9581290300581],[-80.9322365153431,33.9581686483603],[-80.9323395737457,33.9581914295785],[-80.932460880615,33.9582200935016],[-80.9324465987196,33.9582617475338],[-80.9323482638823,33.9585485610465],[-80.9323442237512,33.9585603442207],[-80.9328201248669,33.9586736289261],[-80.9330152256042,33.9587199832679],[-80.9332956692846,33.9587866140447],[-80.9334227394597,33.9588168382802],[-80.9339301024053,33.9589376396505],[-80.9338963301048,33.9590439659684],[-80.9338934287988,33.9590441510763],[-80.9338499014279,33.9591711646663],[-80.9336673494811,33.9597038554001],[-80.9336874462599,33.959708732686],[-80.9344734829391,33.960319958333],[-80.9337668762936,33.9611190054007],[-80.9349835614372,33.9620878050421],[-80.9354723433597,33.9617423387433],[-80.9360627594519,33.9613044623278],[-80.9364159551046,33.9611113962953],[-80.936516968396,33.9609993310254],[-80.9381509529087,33.9591864048286],[-80.9382034679641,33.9589923140501],[-80.9383795563255,33.9588525064485],[-80.9395862861711,33.9598800111741],[-80.9406276249094,33.9613096206274],[-80.9421876172587,33.9635025312369],[-80.9437635788773,33.9656973533697],[-80.9450422792181,33.9677424300852],[-80.9456505216595,33.9684997512009],[-80.9461717171145,33.9689861389114],[-80.9467174202648,33.9693716606438],[-80.9471005368151,33.9695881357418],[-80.947108932354,33.9695925973741],[-80.9469709965631,33.9697498723729],[-80.9464611332174,33.9702585195764],[-80.9464582677772,33.9702613785619],[-80.9463368351025,33.9703825320632],[-80.9462380290052,33.9704811110378],[-80.9460889786404,33.9706279140633],[-80.9463687345232,33.9708225710072],[-80.9466213589654,33.9709983212217],[-80.9469018043219,33.9711932630825],[-80.9471721046174,33.9708360689878],[-80.9470511929601,33.9707667345996],[-80.9475920550661,33.9700766525555],[-80.9477236495022,33.9699012245981],[-80.9485085753741,33.9703031481619],[-80.9510938334823,33.9716283147614],[-80.9521384464552,33.9721671263712],[-80.9545691103916,33.9734566905113],[-80.955187905486,33.9738700063477],[-80.9557549858333,33.9743133302137],[-80.955799000421,33.9743340013407],[-80.9557990350448,33.9743340211906],[-80.9557993152738,33.9743341962219],[-80.9557999601248,33.9743345995154],[-80.9561350699189,33.9746086827352],[-80.9562681582611,33.9747167174197],[-80.9562679068471,33.9747173404115],[-80.9562681156316,33.9747175424678],[-80.9581084997828,33.9764982919957],[-80.9600645590623,33.9784083798787],[-80.9602494074428,33.9785720315278],[-80.9616153500209,33.9797867070853],[-80.9629859346054,33.9809509343264],[-80.9646605505419,33.981981966213],[-80.9657021906444,33.9825940466431],[-80.9657346250785,33.9826134828725],[-80.9657273345588,33.9826254816706],[-80.9657269998862,33.9826259991576],[-80.9661610004606,33.9828839991348],[-80.9674629997131,33.9836599988505],[-80.9678979996704,33.9839189992457],[-80.9680609996169,33.9840219990304],[-80.968550000348,33.9843319988783],[-80.9687139995015,33.9844359989407],[-80.9691069996966,33.9846829989679],[-80.9691889999032,33.9847379990804],[-80.9695000004533,33.9849469993998],[-80.9698270003955,33.9851579991969],[-80.9700879999173,33.9853459995461],[-80.9703780002092,33.9856199992419],[-80.9704550004146,33.9856929989642],[-80.9705169997906,33.9857699995486],[-80.9708719996041,33.9862089994779],[-80.970961000147,33.9863099987499],[-80.9712310000426,33.9866139995586],[-80.9712709994802,33.9866589994262],[-80.9713189998924,33.9867189991984],[-80.9717820004584,33.9872939994126],[-80.9721320000181,33.9877129991078],[-80.9723139995509,33.9879419990551],[-80.9723380001143,33.9879629988119],[-80.9730610001432,33.9886179987383],[-80.9730989998173,33.9886529994526],[-80.9731129999573,33.9886659987627],[-80.9732180004562,33.9887569990057],[-80.9732269999831,33.9887649990718],[-80.973260000381,33.9887909987385],[-80.9734409996455,33.9889389992965],[-80.9735830001644,33.9890559987852],[-80.9739659999745,33.989408998942],[-80.9741389995291,33.989568999372],[-80.9741789999289,33.9896059992433],[-80.9742320004142,33.9896529990037],[-80.9745140005397,33.9899049989866],[-80.97460900017,33.9899899987293],[-80.9746339996426,33.9900119991271],[-80.9747099996601,33.9900809995638],[-80.9747360002136,33.9901039992335],[-80.9758689999962,33.9911269994573],[-80.9761449995292,33.9913829989366],[-80.9761909994808,33.9914019994711],[-80.9767359994959,33.9916269987555],[-80.9773630002662,33.9918709987098],[-80.9780789999704,33.9921399992638],[-80.9786239995794,33.9923529993475],[-80.9786809995306,33.9923749990149],[-80.9787760005142,33.9924119986994],[-80.978837999711,33.9924339991494],[-80.9793140003598,33.9926079992194],[-80.9794729997725,33.99266699888],[-80.9799349997841,33.9929359986821],[-80.9801389997574,33.9930549987298],[-80.9809500000169,33.9936169992795],[-80.981274999772,33.9938179988713],[-80.9813409997982,33.9938589993693],[-80.9817160003198,33.9941219992409],[-80.9818470004298,33.994211999495],[-80.9822399996192,33.9944849993823],[-80.9823710004199,33.9945769990533],[-80.982579999926,33.9947199990964],[-80.9832079996608,33.9951489990199],[-80.9834180000804,33.9952919995686],[-80.9836160001857,33.9954269991609],[-80.9840219994886,33.9957049994856],[-80.9842029996078,33.9958159989042],[-80.9842170002583,33.9958239987948],[-80.9844269996819,33.9959429987755],[-80.9847220002483,33.9961029994233],[-80.9848640003058,33.9961799988439],[-80.9856150004738,33.9965749990356],[-80.9856470001316,33.9965919989448],[-80.9857650002875,33.9966389993896],[-80.9859309997666,33.9966909988055],[-80.9860729998979,33.9967199991716],[-80.9862270004327,33.9967369990386],[-80.9862349997177,33.9967369990245],[-80.9865470000984,33.9967569987557],[-80.9866449997478,33.9967639993451],[-80.9871559996719,33.9968049987309],[-80.9874639995967,33.9968299992923],[-80.9877049998237,33.9968489988475],[-80.9884299996143,33.9969059993988],[-80.9886720004542,33.9969259989609],[-80.9889649995853,33.9969519989224],[-80.9890980004472,33.9969639988221],[-80.9898429996906,33.9970499988557],[-80.9901359996483,33.9970849995563],[-80.9903560001519,33.9971109994244],[-80.991017000512,33.9971899994533],[-80.9912379996051,33.9972169987194],[-80.9915789998444,33.9972529993799],[-80.9926020001083,33.9973609993433],[-80.9929430003237,33.9973979989475],[-80.9929960002376,33.9974239989494],[-80.9930089995579,33.997430998701],[-80.9932280003714,33.9975399987832],[-80.9933519997307,33.9976229991298],[-80.9934750001597,33.9977049993096],[-80.9935160001855,33.9977249994261],[-80.9938909997947,33.9979079992199],[-80.9943530001879,33.9981809990162],[-80.9946959996483,33.9984289995478],[-80.994746000189,33.9984649994519],[-80.9950450001841,33.9987279987568],[-80.9951039998339,33.9987819995631],[-80.9952840002544,33.9989439992183],[-80.9953436140139,33.9989986473534],[-80.995343727695,33.9989985400551],[-80.9953443090343,33.9989990729831],[-80.9961620157651,33.9997747896599],[-80.9961622939895,33.9997750583758],[-80.9961223027435,33.9998931296533],[-80.9960101121955,34.0010950239695],[-80.9959938900418,34.0012989731305],[-80.9959271872855,34.0020443295348],[-80.9958798879011,34.0025669381207],[-80.9957465233072,34.0038495284189],[-80.9956843987028,34.0043942458886],[-80.9956367363042,34.0051033619169],[-80.9955885317309,34.0051794466572],[-80.995459208085,34.0064829391323],[-80.9953940031407,34.0071401079581],[-80.9953450189369,34.0076328115756],[-80.9953462661535,34.0076945348282],[-80.9952811531188,34.0084004745567],[-80.9952422490687,34.0088332711897],[-80.9956482167605,34.0089245868476],[-80.9967633191263,34.0092797465484],[-80.9982254186529,34.0097724875456],[-80.999567883836,34.0098864698561],[-80.999899091169,34.0098982557865],[-81.0001515116484,34.0099345843266],[-81.0004771987625,34.0100380671007],[-81.0007184660531,34.0101661280719],[-81.0012076182966,34.0105629660076],[-81.001431103479,34.0107451980686],[-81.0044063918548,34.0101776261436],[-81.0048678496357,34.0100913153135],[-81.005217309526,34.0100139487816],[-81.006343351321,34.0097480923005],[-81.0063435765319,34.0097480562209],[-81.0063412223875,34.0097449355574],[-81.0064969996978,34.0097009993782],[-81.0069669999741,34.0095729991974],[-81.0071240003268,34.0095309990122],[-81.0073429996296,34.0094579990336],[-81.0080030003151,34.0092429992236],[-81.008222999779,34.0091709994107],[-81.0082899994825,34.0093979988699],[-81.00849299959,34.010079999502],[-81.0085610002042,34.0103079986768],[-81.0085670005108,34.010325998898],[-81.0085859997552,34.0103799994905],[-81.0085929995644,34.0103989987245],[-81.0088900005171,34.0113579995377],[-81.0090469998525,34.0118919990394],[-81.0091259998738,34.0121479992695],[-81.0091539997176,34.0122399994068],[-81.0092039997594,34.0124029995214],[-81.0093260001072,34.0128639995376],[-81.0094599996962,34.0132899990089],[-81.0095709996075,34.0136379994837],[-81.0093180003982,34.0136839990798],[-81.0087039996873,34.0137969995058],[-81.0085589999657,34.0138209992943],[-81.0083059994848,34.0138649995616],[-81.0081499995605,34.0138919995603],[-81.0078070002808,34.0139529990089],[-81.0076910000369,34.0140029991511],[-81.0075470004628,34.0140669988655],[-81.0074439997329,34.0140619988534],[-81.0074200002097,34.0140609994047],[-81.0073410001832,34.01405799874],[-81.0071340003201,34.0141119991379],[-81.0070499996305,34.0141329990975],[-81.0069279995531,34.0141649991497],[-81.0067730001168,34.0142039989727],[-81.0065659995462,34.0142579993228],[-81.0063069998577,34.0143129992593],[-81.006151999516,34.0143469992863],[-81.0059440004327,34.0143779990116],[-81.0058520000242,34.0143929995387],[-81.0053180001585,34.0144359994421],[-81.0051090003482,34.0144539989186],[-81.0051092787702,34.014456326192],[-81.004406903848,34.0145095551592],[-81.0014733508611,34.0147220685176],[-81.0004279058868,34.0147928129961],[-81.0001483963201,34.0148256976995],[-80.9996270878528,34.0149231203743],[-80.9991236151799,34.0150578740183],[-80.9985731386034,34.0152642605387],[-80.9984072708688,34.015340669371],[-80.9962820695837,34.0165002019361],[-80.9960928230113,34.0166041294876],[-80.9959779531041,34.0166670093619],[-80.9958001885775,34.0167651199781],[-80.9957384104959,34.0168002065617],[-80.9952062728909,34.0170911940481],[-80.9952031689947,34.0170021124493],[-80.9952029711508,34.0169964182169],[-80.9951867047263,34.0165295010465],[-80.9951866322902,34.0165274568934],[-80.995176522893,34.0162372719066],[-80.9951764039722,34.0162338544647],[-80.995176193158,34.0162277995512],[-80.9951720903912,34.0161100321575],[-80.9951710151562,34.0160710345564],[-80.9951648793147,34.0158484328983],[-80.9951648458154,34.0158472147022],[-80.9951610041767,34.015707844411],[-80.9951609577116,34.01570612487],[-80.9951606789085,34.0156960303432],[-80.9951596404249,34.0156583699582],[-80.9951484905713,34.0152538539734],[-80.995147158159,34.0152057419824],[-80.9951470987364,34.0152033867429],[-80.9951396284676,34.0149323484256],[-80.9951390298098,34.0149106436103],[-80.995133291796,34.014702461865],[-80.9951327406886,34.0146824693764],[-80.9951327158367,34.014681533412],[-80.9951231741561,34.014335390667],[-80.9951230380018,34.0143304421378],[-80.9951154025557,34.0140533894168],[-80.9951151064734,34.0140426772208],[-80.9951147704106,34.0140304934505],[-80.9951116653419,34.0139275364316],[-80.9951114297323,34.0139197394306],[-80.9951012240173,34.0135814089084],[-80.9951008868191,34.0135702161039],[-80.9950964924355,34.0134244833146],[-80.9950963022193,34.0134182128911],[-80.9950791765785,34.0128504374546],[-80.9950790468897,34.0128461228183],[-80.9950743207898,34.0126894226178],[-80.9950719993533,34.012612478717],[-80.9950675585932,34.0124652508699],[-80.9950653365989,34.0123915630048],[-80.9950458262161,34.0117447010483],[-80.9950457829887,34.0117432420967],[-80.9950317423528,34.0112777147591],[-80.9950314483972,34.0112680205741],[-80.9950303255433,34.0112307722168],[-80.9950187399859,34.0107979703033],[-80.9950157882451,34.0106876589355],[-80.9950151172952,34.0106626295248],[-80.9950121504354,34.0105517924612],[-80.9950099528478,34.0104696700578],[-80.9950098588501,34.0104661687535],[-80.9950048240729,34.0102781208409],[-80.9950047884194,34.0102767818151],[-80.9949996240164,34.0100838556908],[-80.9949996121319,34.0100834102505],[-80.9949965005372,34.0099671548484],[-80.9947405621544,34.0100714574277],[-80.9947402113309,34.0100716007832],[-80.9946985597013,34.0100885753161],[-80.9945717661365,34.0101402471611],[-80.9945553824379,34.0101469235316],[-80.9943995893726,34.010210413407],[-80.9943879255377,34.0102151666421],[-80.99436125745,34.0102260345243],[-80.9943315152845,34.0102385000726],[-80.9943296647906,34.01023927545],[-80.9939306557153,34.010406507483],[-80.9939286958515,34.0104073288358],[-80.9938818864976,34.0104269475264],[-80.9938684273156,34.0104325878966],[-80.9935239008902,34.0105769830396],[-80.9935163786648,34.0105801358912],[-80.9933956320925,34.0106307419361],[-80.9933644549102,34.0106440998578],[-80.9933524725959,34.0106492334953],[-80.9931745200102,34.0107254769828],[-80.9931600753712,34.010731665455],[-80.9922482419546,34.0111223318821],[-80.9922440265501,34.0111241386249],[-80.9920990611406,34.0111862457699],[-80.9920002897025,34.0112283037332],[-80.9919085629957,34.0112673422847],[-80.9919004201905,34.0112708078871],[-80.9918730336109,34.0112813541795],[-80.9916623184961,34.0113624967788],[-80.9916526294395,34.0113662282624],[-80.9915242840118,34.0114156516399],[-80.991045261328,34.0115761917679],[-80.9910451184705,34.0115755235982],[-80.9909694706092,34.0116008757129],[-80.9905392546612,34.0117398379479],[-80.9901490099074,34.0118553098877],[-80.989689526651,34.0119964796118],[-80.9896858970198,34.0119975947125],[-80.9896746378517,34.0120006180763],[-80.9886267337129,34.0122820442561],[-80.9886142638689,34.0122853929261],[-80.9885437955885,34.0123043176207],[-80.9884851951837,34.0123192749978],[-80.988473712889,34.0123222062585],[-80.9881483837695,34.0124052464792],[-80.9880141791768,34.0124381627511],[-80.9878404577146,34.0124807700838],[-80.9877655324101,34.0124991465673],[-80.9873044097108,34.0125911340024],[-80.9869973356433,34.0126441536912],[-80.9868905791115,34.0126625867204],[-80.9862096503372,34.0127618792894],[-80.9861010358326,34.0127777172435],[-80.9860255307156,34.0127887275301],[-80.9860205410615,34.0127895393993],[-80.9859240061782,34.012805250517],[-80.9851244385808,34.0129353797651],[-80.9850813798611,34.0129427541034],[-80.9850131756567,34.0129544355153],[-80.9849732387173,34.0129612754854],[-80.9848673465663,34.0129794111199],[-80.9846022131704,34.0130188215389],[-80.9845528394889,34.0130261606455],[-80.9843167353526,34.0130612558262],[-80.9842462323878,34.0130717354624],[-80.9838207865331,34.0131349728008],[-80.9837881608561,34.0131398223902],[-80.9835970325713,34.0131682305578],[-80.9835158296879,34.0131817966839],[-80.9835148941183,34.0131819525536],[-80.9827530231208,34.0133092266518],[-80.9827436100061,34.0133107997101],[-80.9822758753395,34.0133889345556],[-80.9822589516257,34.0133917616695],[-80.982162345992,34.0134078990575],[-80.9819251058134,34.0134445350341],[-80.9819215746754,34.0134450800477],[-80.9817253771709,34.0134753781605],[-80.9817179857065,34.0134765195247],[-80.981669961757,34.0134839352284],[-80.9816617949777,34.0134851964008],[-80.981250067494,34.0135487750022],[-80.981239229332,34.0135504487213],[-80.9811056694428,34.0135710746646],[-80.9810979736837,34.0135722610305],[-80.9810417460131,34.0135809439318],[-80.980979576756,34.0135906231766],[-80.9809763802034,34.0135911213262],[-80.9809698863939,34.0135921320371],[-80.9808084355355,34.013617268188],[-80.9807908934678,34.0136199994258],[-80.9807879936123,34.0136204507282],[-80.980657384219,34.0136407853966],[-80.980654435634,34.0136412448036],[-80.9806406293694,34.0136433941047],[-80.9806020855235,34.0136493952058],[-80.9801833664867,34.013691472666],[-80.9801105351971,34.0136987909273],[-80.9800965363417,34.0137001980387],[-80.9797640686891,34.0137249004225],[-80.9797084254897,34.0137290346446],[-80.9796949497145,34.0137300360316],[-80.9796756938113,34.0137314665812],[-80.9794576132544,34.0137445675295],[-80.9793978479088,34.013748158107],[-80.9793828919536,34.0137490564207],[-80.9793183513505,34.0137529338086],[-80.9792599451643,34.0137554984126],[-80.9792489502174,34.0137559816887],[-80.9789003245794,34.0137712932698],[-80.9788422001604,34.0137727919168],[-80.9788331261715,34.0137730266147],[-80.9785890391038,34.013779322787],[-80.9785744579162,34.0137796989843],[-80.978479078149,34.0137821594486],[-80.9784179360309,34.013783251609],[-80.9784081452356,34.0137834266389],[-80.9780079819099,34.0137905780813],[-80.9779903093157,34.0137908941499],[-80.9778278949104,34.0137937966636],[-80.9774047388665,34.0137937212446],[-80.9773481413814,34.0137902871759],[-80.9773380735913,34.0137896757892],[-80.9771102490024,34.013775848803],[-80.9770974829014,34.0137750745933],[-80.9768546400894,34.0137603363544],[-80.9767701053586,34.0137520195181],[-80.9767575267151,34.0137507818352],[-80.9763562630872,34.0137113017865],[-80.9760617509087,34.0136820185548],[-80.9760507509781,34.013680924475],[-80.9759025686525,34.0136661899799],[-80.9756504314961,34.0136286472147],[-80.9756334538105,34.0136261191249],[-80.9753101763446,34.013577982044],[-80.9748430329814,34.0134832603129],[-80.9748318092968,34.013480983952],[-80.9747961503357,34.0134737532032],[-80.9745793310106,34.0134176882141],[-80.9743581356168,34.0133604885054],[-80.973838652765,34.0131665778699],[-80.9737996528368,34.0131511136157],[-80.9737852176052,34.0131453892856],[-80.9735181710393,34.0130394938342],[-80.9735094490768,34.0130360348577],[-80.9732519208888,34.0129339126698],[-80.9732454422272,34.0129313441353],[-80.9731569983603,34.012896271476],[-80.972674392773,34.0127078047668],[-80.9726601882697,34.012702257089],[-80.9721266838217,34.0124939089713],[-80.9721063721329,34.0124859766664],[-80.971969871099,34.0124326690006],[-80.9719604314438,34.0124289825242],[-80.9718830011843,34.0123987436473],[-80.971756481172,34.0123499969988],[-80.9717536067275,34.0123488899594],[-80.9713346651068,34.01218747806],[-80.971321156894,34.0121822739364],[-80.9712027032443,34.012136634939],[-80.9711966447469,34.0121343008364],[-80.9711899907193,34.0121319593816],[-80.9706677665172,34.0119482014324],[-80.9706248684371,34.0119300481891],[-80.9706164791494,34.0119264980153],[-80.9705500664148,34.0118983943317],[-80.9705347396558,34.0118919083755],[-80.9704701024827,34.0118645552845],[-80.9703693565271,34.0118219223594],[-80.9703382402576,34.011810284805],[-80.9703213001314,34.0118039490204],[-80.9700603659875,34.0117063612207],[-80.9698341894747,34.0116217712081],[-80.9698312728451,34.0116206803443],[-80.9697275744777,34.0115818973367],[-80.96960889169,34.0115490239197],[-80.9695924155555,34.0115444599887],[-80.9692808926497,34.0114581708614],[-80.9692765078287,34.0114569560882],[-80.9692609714883,34.0114526529369],[-80.9688184075328,34.0113324334241],[-80.9687989968332,34.011328757726],[-80.9687938929716,34.0113277907223],[-80.9685976163493,34.0112905866755],[-80.9685841746052,34.0112880386769],[-80.9684700037209,34.011266399587],[-80.9682038310823,34.01121707723],[-80.9681608229238,34.0112091078015],[-80.9680681090412,34.0111919282412],[-80.968057253555,34.0111907920109],[-80.9680503825281,34.0111900733909],[-80.9677477218145,34.0111584040519],[-80.9677316452624,34.0111570878996],[-80.9677224257154,34.0111563325827],[-80.9674555244955,34.0111344796145],[-80.9674450164909,34.011133619342],[-80.9673416742568,34.0111251576901],[-80.9671970091659,34.0111106625836],[-80.9671813398513,34.0111090921883],[-80.9665241700507,34.0110432269291],[-80.9665119654951,34.0110420198671],[-80.9664014002189,34.0110309405533],[-80.9662610969135,34.0110218214703],[-80.9662468219925,34.0110208933463],[-80.9659476983658,34.0110014512335],[-80.9657392319635,34.0109962135917],[-80.9657214811585,34.0109957677587],[-80.9654752068955,34.0109895796533],[-80.9652049418679,34.0109909297589],[-80.9651938434216,34.0109909852571],[-80.965103769514,34.0109914351575],[-80.9650475459164,34.0109955942052],[-80.9650399825188,34.0109961538338],[-80.9646345431241,34.0110261422044],[-80.9646246246173,34.0110268760662],[-80.9646111736962,34.0110285989863],[-80.9643629271176,34.0110603967233],[-80.9643291602744,34.0110643076128],[-80.9640482285516,34.0110968455352],[-80.9638895801934,34.0111258378133],[-80.9638802069761,34.0111275510202],[-80.9638342840542,34.0111359423893],[-80.9637258138631,34.0111615577779],[-80.9637200269361,34.0111629248664],[-80.9637026217564,34.0111670351347],[-80.9636450199451,34.011180637547],[-80.9634534220235,34.0112258826668],[-80.9631448562823,34.0113258070467],[-80.9631406902606,34.0113271556539],[-80.9628094323603,34.0114563208885],[-80.9627794061687,34.0114680285726],[-80.9624823829497,34.0115838427087],[-80.9624019775993,34.011626513854],[-80.9623797353645,34.0116383184772],[-80.9622500302108,34.0117071536144],[-80.9622289327021,34.0117183499113],[-80.9621837658199,34.0117423204648],[-80.9618498691495,34.011928204635],[-80.9617397045693,34.0119961390312],[-80.9616234137793,34.0120677292329],[-80.9615089729428,34.0121413579096],[-80.9613964335792,34.0122169919178],[-80.9612858463521,34.0122945972115],[-80.9611772610469,34.0123741388569],[-80.9610707265483,34.0124555810488],[-80.960966290818,34.0125388871263],[-80.9608640008738,34.0126240195893],[-80.9605455245108,34.0129067728294],[-80.96020443575,34.0132675420209],[-80.9602209946361,34.0148005024923],[-80.9602273641051,34.0153902615514],[-80.9602326776266,34.0158821840747],[-80.9602471356274,34.0172090109595],[-80.9602517011925,34.0176280974282],[-80.9602544125404,34.0178768975638],[-80.9602595450506,34.0183651714293],[-80.960266735228,34.0190172898068],[-80.9603080344699,34.0190840944875],[-80.9604997493512,34.0189979821889],[-80.9607249662755,34.0193307215539],[-80.9609617149122,34.0194856601342],[-80.9610689593182,34.0197985531731],[-80.9606104440414,34.0200860807106],[-80.9606005287349,34.0200751030018],[-80.9602352938718,34.0203040988632],[-80.9602460012198,34.0206539591274],[-80.9598939437434,34.0208718555693],[-80.959803378157,34.0209266981661],[-80.9598006396594,34.0209240553058],[-80.9597924956061,34.0209161970799],[-80.9597818249035,34.0209227760137],[-80.9588217940521,34.021514650044],[-80.9584686475852,34.021732620481],[-80.9582012466639,34.0218942834726],[-80.9582204321756,34.0219174319903],[-80.9581717588359,34.0219436694116],[-80.9581268398222,34.0219678819667],[-80.9583862087387,34.0222908218538],[-80.9584097057726,34.0223200771762],[-80.9581777397125,34.0224450961726],[-80.9580213590361,34.0225180474781],[-80.9579170743564,34.0225660771236],[-80.9576173374473,34.0227049320527],[-80.9572175697092,34.0228902027321],[-80.9572141343333,34.0228843621585],[-80.9571431352211,34.0227636626577],[-80.9569878820276,34.0224997282258],[-80.9569799176527,34.0225030878938],[-80.9568378037547,34.0225616909182],[-80.9566944155981,34.0226181010543],[-80.9565895376336,34.0226576732619],[-80.9564519097538,34.0227070623333],[-80.9563133200553,34.0227545502518],[-80.9561859862921,34.0227962386092],[-80.95599036963,34.0228570392582],[-80.9557932657785,34.0229144137197],[-80.9557910768744,34.0229150297008],[-80.9557721262384,34.022920341158],[-80.9559512068471,34.0233121795178],[-80.9555081230262,34.0234283971787],[-80.9551104271124,34.0235358985482],[-80.9550897944426,34.0235413310212],[-80.95508749303,34.0235354592406],[-80.9549572149559,34.0232031313374],[-80.9549349569755,34.0231463515206],[-80.954921798655,34.0231498868043],[-80.9547595274127,34.0231934897302],[-80.9545150312111,34.0232560971593],[-80.9542892773836,34.0233137020836],[-80.9536647969282,34.0234729320067],[-80.9533508359059,34.0235529761522],[-80.9532103606859,34.0235899974417],[-80.9530425473115,34.0236338800634],[-80.9528479110211,34.0236849081364],[-80.9528331250988,34.0236880521453],[-80.952975611998,34.0241121236793],[-80.9527663583476,34.024168729385],[-80.9523894610298,34.0242703607869],[-80.9522324771931,34.0243128145653],[-80.9521356738114,34.0243388290916],[-80.9520751499096,34.0243552671104],[-80.9518928904773,34.0244044382548],[-80.9517315790873,34.0244481548013],[-80.9515418886438,34.0245656017083],[-80.9515395596508,34.0245610111635],[-80.951444348088,34.0243733209765],[-80.951140015072,34.0241414510874],[-80.950949195437,34.0240130364347],[-80.9502869365571,34.0245709547236],[-80.9494958849927,34.0252794247065],[-80.9491461900285,34.0251286887071],[-80.9490799465671,34.0251001345789],[-80.9489330960038,34.0250367499098],[-80.9489213977281,34.0250317001045],[-80.9486679616241,34.0249225398725],[-80.9484618853427,34.0248337049986],[-80.9484192603573,34.0248159373967],[-80.9482688701522,34.0247533205142],[-80.9479307923163,34.0246126118726],[-80.947731247369,34.0245296476604],[-80.9476924303682,34.0241055985476],[-80.947691254289,34.0241056124791],[-80.9466546132837,34.0241170935063],[-80.9464458365611,34.0241193083379],[-80.9461943961053,34.0241219750167],[-80.9455823737147,34.024172985886],[-80.9455504820397,34.0242075375401],[-80.9452688862133,34.0245125703728],[-80.9452037580977,34.0245940532056],[-80.9448700629023,34.0250115388098],[-80.9442692926359,34.0259708052913],[-80.9444382421421,34.026044743481],[-80.9446252485465,34.0261265405649],[-80.9447206286738,34.0261682585766],[-80.9450152176498,34.0262970776996],[-80.9451274498785,34.0263460822536],[-80.9457982734284,34.0266391072303],[-80.9458751007058,34.0266730661679],[-80.9461549125291,34.0267952892329],[-80.9463187096762,34.026866789834],[-80.9464661779642,34.0269314113508],[-80.9466504285069,34.0270119372907],[-80.9469005077184,34.0271211208819],[-80.9472109168864,34.0272569540135],[-80.9474183173488,34.0273625305475],[-80.9471971505271,34.0275544690256],[-80.9469718100687,34.0277497803645],[-80.9467771995994,34.0279185242772],[-80.9465873549994,34.0280831320466],[-80.9464396033298,34.0282112182747],[-80.946292451484,34.028338845619],[-80.946186454976,34.0284303109985],[-80.9461068517731,34.028499473486],[-80.9459819849185,34.0286079563086],[-80.9458525072105,34.0287202367364],[-80.9457142509892,34.0288401433347],[-80.9457057892825,34.028847397381],[-80.9456474140083,34.0289015087314],[-80.9454918169173,34.0290459480262],[-80.945338196971,34.0291885169732],[-80.9453305041744,34.0291957009997],[-80.9452426890711,34.0292771809703],[-80.945178366222,34.0293367330053],[-80.9451742071879,34.0293406012451],[-80.9451571364971,34.0293564914959],[-80.9450276764318,34.0294766969516],[-80.9449710850885,34.0295291307098],[-80.9447770248026,34.0297209009509],[-80.944669273938,34.0298272367835],[-80.9446259768343,34.0298701210399],[-80.9445877027066,34.0299079399957],[-80.9445758112951,34.0299196296744],[-80.9444986085402,34.0299989948574],[-80.9444947114435,34.0300030011502],[-80.9442896482587,34.0302140772912],[-80.9440937266002,34.030095581294],[-80.9436480970248,34.0297926806846],[-80.9436459741869,34.0297912388117],[-80.943629158594,34.0298089666214],[-80.9433525976644,34.0301005319254],[-80.9437996900485,34.0304048147276],[-80.9439813627531,34.030531586819],[-80.9439570738369,34.0305566024034],[-80.9438731898461,34.0306443057488],[-80.9438517075577,34.0306667662753],[-80.9434917921124,34.0310551785142],[-80.9434918224234,34.031055199267],[-80.9434620343497,34.0310873320314],[-80.9433748570964,34.0311813715417],[-80.9433453777461,34.0312149245874],[-80.9432579846058,34.0313140539819],[-80.943200096782,34.0313795717116],[-80.9431456890152,34.0314412542954],[-80.9431071930863,34.0314848886095],[-80.9430540391578,34.0315452056582],[-80.9429645047812,34.0316467107229],[-80.942870693268,34.0317531433174],[-80.9428226286616,34.031809491541],[-80.9427377511673,34.0319088074616],[-80.9426969874809,34.0319565126506],[-80.9426562985768,34.032004070884],[-80.942580976177,34.0320922858334],[-80.942556453301,34.0321209330518],[-80.9425484401384,34.0321303006568],[-80.9425074778706,34.0321782680821],[-80.9424830285646,34.0322069567973],[-80.9424318267347,34.0322668858422],[-80.9424204654165,34.0322801607324],[-80.9422376644849,34.0321621584808],[-80.9421347918504,34.0320946980662],[-80.9416472881569,34.0317750057014],[-80.9415795920383,34.031728674535],[-80.9410691200776,34.0313793032908],[-80.9409385344653,34.0312899283426],[-80.9408900683084,34.0313633600485],[-80.9408876235322,34.0313670639487],[-80.9407223247229,34.0316175084282],[-80.9405801101881,34.0318329770624],[-80.9405029952534,34.0319498123959],[-80.9403829368362,34.0321350170015],[-80.9400906517671,34.0325858913451],[-80.9398198149246,34.0330222715898],[-80.9398102852519,34.0330376282376],[-80.9397033497281,34.0332099208193],[-80.9396158885444,34.0333508393004],[-80.939323728581,34.0338216220659],[-80.9392295044699,34.0339734528572],[-80.9391665013364,34.0340749942531],[-80.9390516607785,34.0342600927216],[-80.9389918938747,34.0343564247192],[-80.9388823429194,34.0345329955899],[-80.9389181359582,34.0346492812581],[-80.9389366722171,34.0347095028066],[-80.9389569869158,34.0347681851323],[-80.9389777696252,34.0348282598995],[-80.9389961960628,34.0348815644868],[-80.9390125344903,34.0349285670066],[-80.9390155911444,34.0349374276525],[-80.9390172686123,34.0349423147567],[-80.9390219832379,34.0349560661038],[-80.9390278826859,34.0349729631415],[-80.9390305178488,34.0349805467811],[-80.9390453958088,34.0350236956394],[-80.9390594459364,34.035064318444],[-80.9390812751213,34.0351273395369],[-80.9390936434215,34.0351631491701],[-80.9391047439312,34.035195215248],[-80.9391237456287,34.0352500674001],[-80.9391257495177,34.03525591677],[-80.939136696531,34.0352875914338],[-80.939152036588,34.0353344879423],[-80.9391659673489,34.0353771079249],[-80.9391713711663,34.035393491647],[-80.9391715181458,34.0353939434677],[-80.9391820574836,34.03542628518],[-80.9391980794752,34.035475359606],[-80.9392135513605,34.035522786365],[-80.9392160577827,34.0355302103366],[-80.9392266046949,34.0355656764171],[-80.9392278159269,34.0355697869309],[-80.9392316872866,34.0355829896249],[-80.9392438851323,34.0356241633322],[-80.939258113248,34.0356722152505],[-80.9392728816768,34.0357220311441],[-80.939273268486,34.0357233559216],[-80.9392885264913,34.0357747004232],[-80.9392979535921,34.0358101109442],[-80.9393018317026,34.0358245219081],[-80.939305672985,34.0358389391658],[-80.9393073256967,34.0358451905156],[-80.9393094850216,34.0358533618191],[-80.9393109023112,34.0358586347159],[-80.9393110049366,34.0358590143792],[-80.9393199967123,34.0358928079478],[-80.9393215166459,34.035898436162],[-80.9393368858795,34.0359564775894],[-80.9393469460007,34.0359943121672],[-80.939349510624,34.0360037135782],[-80.9393509549671,34.0360090270636],[-80.9393520589984,34.0360131194895],[-80.9393545932919,34.0360225271973],[-80.9393677260189,34.0360897512775],[-80.9393762826199,34.0361325110702],[-80.9393763732716,34.0361329763885],[-80.9393864203849,34.0361847168759],[-80.9393935208043,34.0362251486837],[-80.9394070591708,34.0363008876479],[-80.9394127895765,34.0363335173305],[-80.9394157375796,34.0363522217004],[-80.9394158561845,34.036352981886],[-80.9394272046523,34.0364270741856],[-80.9394362562294,34.0364853072753],[-80.93943634464,34.0364858798939],[-80.9394405835467,34.036514037347],[-80.9394550743162,34.0366078548206],[-80.9394673902106,34.0367094384185],[-80.9394794326842,34.0368071265626],[-80.9394877431188,34.0368751372463],[-80.9394973705366,34.0369802262095],[-80.9394974705154,34.0369812920599],[-80.939502296757,34.0370337396142],[-80.9395072911223,34.0370889311027],[-80.9395097349743,34.0371145872778],[-80.9395628716219,34.0371104365143],[-80.939566387507,34.0370809447323],[-80.9395667840086,34.0370777376014],[-80.9395672590838,34.0370736901304],[-80.9395689049796,34.0370588652865],[-80.9395704026396,34.0370453694666],[-80.9395722065883,34.0370291146135],[-80.9395738433112,34.0370165530157],[-80.9395815738291,34.0369588754416],[-80.9395874205217,34.0369139730456],[-80.9395972053944,34.0368412453991],[-80.9396050180827,34.0367868157611],[-80.9396104605464,34.0367499274182],[-80.9396185228501,34.0366963004067],[-80.9396237356016,34.0366626192747],[-80.9396321098777,34.0366073666592],[-80.9396382014695,34.0365483276223],[-80.9396448865645,34.0364970425367],[-80.93965582855,34.0364267400943],[-80.9396614644005,34.0363873938224],[-80.9396672923831,34.0363412560862],[-80.939678685984,34.0362554988276],[-80.9396790627235,34.0362526604788],[-80.9396837345624,34.036221094451],[-80.9396950193561,34.0361499094081],[-80.9397022456159,34.0361083466391],[-80.9397255350861,34.0359864913287],[-80.9398289505095,34.0360297984549],[-80.9399620718985,34.0360855452053],[-80.940644330265,34.0363649493127],[-80.9406912661311,34.0363900126815],[-80.9407681472052,34.0364310674348],[-80.9406332001156,34.0366918674557],[-80.9406527251086,34.0366997034922],[-80.9407557998503,34.0367410692298],[-80.9409309598967,34.0368113639737],[-80.9410577298386,34.0368622391719],[-80.9410789733146,34.0368707648508],[-80.9409671078337,34.0371372243645],[-80.9408122201023,34.0374045622418],[-80.9407749169656,34.0374689244606],[-80.9406573660137,34.03767197837],[-80.9405641069835,34.0380766335592],[-80.9404624144901,34.0382002818169],[-80.9401372333914,34.0381481446225],[-80.9397437332639,34.0380849276904],[-80.9397191281974,34.0381875771839],[-80.9396920375534,34.0382897919859],[-80.9396624723769,34.0383915303888],[-80.9396304447231,34.0384927508793],[-80.9395896124624,34.0386111684138],[-80.9395556141493,34.0387024636242],[-80.939541944173,34.0387377645654],[-80.9395287273193,34.038770971994],[-80.9395101718329,34.0388163731207],[-80.9395095729219,34.0388178335717],[-80.9394837018676,34.0388803560841],[-80.9393960629353,34.0390927026236],[-80.9393504167413,34.0392033009333],[-80.9392380220787,34.0394756230744],[-80.9391027322096,34.0398034132235],[-80.939054888137,34.0399193357229],[-80.9390116639009,34.0400240280827],[-80.9389879997488,34.0400801747841],[-80.9389123382815,34.0402508253129],[-80.938895136571,34.0402879070768],[-80.9387946663414,34.0404936662412],[-80.9387276345127,34.0406219097787],[-80.9387068650455,34.0407589396755],[-80.9386334927428,34.0408863134957],[-80.9385496190299,34.0410249444373],[-80.9384623679848,34.0411621232681],[-80.9384436479871,34.0411906994438],[-80.9383978745749,34.0412593848067],[-80.9383228823793,34.0413681962828],[-80.9382851457082,34.0414219048748],[-80.9382601187493,34.0414575056763],[-80.9382300553594,34.0415002733232],[-80.9381666334474,34.0415904344382],[-80.9380838669255,34.0417081488054],[-80.9380786948856,34.0417156068286],[-80.9380718920761,34.041725421062],[-80.9380650246003,34.0417408023117],[-80.9378825357121,34.0419631415087],[-80.9378652495277,34.0419679890314],[-80.9378515681573,34.041978031886],[-80.9377973306223,34.0420398770461],[-80.9376396274042,34.0422131672085],[-80.937517804313,34.0423405971252],[-80.9374434431515,34.0424159222124],[-80.9374366001285,34.0424227689199],[-80.9374284752955,34.0424361504461],[-80.9373111927096,34.0425614310033],[-80.9371882924308,34.0426793219413],[-80.9370624536539,34.0427950643354],[-80.936967347792,34.0428793080669],[-80.9369106650833,34.0429283042745],[-80.9367380322647,34.0430721354988],[-80.9365734820368,34.0432020818449],[-80.9364834085624,34.0432704841374],[-80.9364200728249,34.0433174776608],[-80.936357941727,34.0433627206829],[-80.936231368479,34.0434523244923],[-80.9361196044078,34.043528578127],[-80.9360856547733,34.043551150742],[-80.9360151413317,34.0435982864341],[-80.9359108166968,34.0436680443165],[-80.9358459548415,34.0437112000552],[-80.9355070820843,34.0439372643831],[-80.9353874111909,34.0440328500226],[-80.9347842245976,34.0444397756116],[-80.9345917744267,34.0445696099484],[-80.934399393058,34.044699367375],[-80.9342069514689,34.0448292083246],[-80.9340222473819,34.0449537944183],[-80.9337913668205,34.0451094892229],[-80.9336634804755,34.0451982393782],[-80.933285108344,34.0454501730222],[-80.933274816896,34.0454570257569],[-80.9330813751252,34.0455857778606],[-80.9328972672946,34.0457083382804],[-80.9328880216267,34.0457144936387],[-80.9327075384823,34.0458346328876],[-80.9325270093488,34.0459547592216],[-80.9323465002404,34.0460749511239],[-80.9321531521141,34.0462036801712],[-80.9319597222043,34.046332362882],[-80.931766333894,34.046461130069],[-80.9315728984321,34.046589889711],[-80.9312459599849,34.0468074972656],[-80.9311848292694,34.0468481855733],[-80.9307219706386,34.0471562587309],[-80.9306692454164,34.0471914060711],[-80.9303658753827,34.0473933241893],[-80.9301935680913,34.0475079279341],[-80.9300293735486,34.0476174712106],[-80.9295197411959,34.0479571366568],[-80.9293221553645,34.0480888335052],[-80.9291503338974,34.0482033558076],[-80.9291384734732,34.0482112604741],[-80.9284458679901,34.0486725550606],[-80.9282909404679,34.0487756686843],[-80.9282446806357,34.0488064662533],[-80.9277394328014,34.0491428311423],[-80.927536474359,34.049277947504],[-80.927069543419,34.0495887961089],[-80.9268033441663,34.0497660506635],[-80.9267388752533,34.0498089448263],[-80.9263384759519,34.0500755487672],[-80.9261324890757,34.0502126636587],[-80.9261063023731,34.0502300948826],[-80.9258742038231,34.0503846009281],[-80.9256163597744,34.050556234949],[-80.9253198302885,34.0507536470294],[-80.9250122002259,34.0509584771061],[-80.9207508903563,34.0538048915332],[-80.9207504892877,34.0538051554723],[-80.9203195665488,34.0540888613583],[-80.9202093057318,34.0541622782365],[-80.9199756043835,34.0543178856554],[-80.9199171957167,34.0543567757292],[-80.9199056673057,34.0543682782314],[-80.9199003074593,34.054382577873],[-80.9199019327728,34.0543974960516],[-80.9199102956271,34.0544107599269],[-80.9197811772004,34.0544964001774],[-80.9197690665048,34.0544876611687],[-80.9197541285073,34.054482824899],[-80.9197412895466,34.0544822277977],[-80.9197329782412,34.0544834622478],[-80.9197282158317,34.0544847639135],[-80.9197202600077,34.0544881563351],[-80.9197181009062,34.0544893632028],[-80.9197108978292,34.0544940879056],[-80.919674105916,34.0545186306342],[-80.9196063757034,34.0545637154463],[-80.9195872442272,34.0545764772897],[-80.9195290303319,34.0546152338545],[-80.9195064419801,34.0546302792272],[-80.9194723599899,34.0546529715821],[-80.9194455722018,34.0546708175718],[-80.9194342390051,34.0546783483409],[-80.9194314303613,34.0546802202287],[-80.9194116429524,34.05469348386],[-80.9193082895804,34.0547650676686],[-80.9193175477536,34.0547730635531],[-80.9195196368049,34.0549475886114],[-80.9195226081356,34.0549501549414],[-80.9196272943511,34.0550405620853],[-80.9197621997481,34.0551570546997],[-80.9198563184131,34.0552383378372],[-80.9198642118568,34.0552519710609],[-80.9198849805578,34.0552878437369],[-80.9199249930111,34.0553569064706],[-80.9199709110779,34.0554361233102],[-80.9200051608875,34.0554952718366],[-80.9200226935222,34.0555279341925],[-80.9201186441392,34.0556658795376],[-80.9201386223088,34.0556946454474],[-80.9201551470984,34.0557184381217],[-80.9201575110474,34.0557218218772],[-80.9201675997528,34.0557362671097],[-80.9202311815342,34.0558113825966],[-80.9202070912757,34.0558301574141],[-80.9200062964373,34.0559866407643],[-80.9198862738664,34.0560801767251],[-80.9198599870134,34.0561006632657],[-80.9198682091394,34.0562953368863],[-80.9198672019856,34.0562996066347],[-80.9194825474377,34.0565546349178],[-80.9193480168895,34.0564257972684],[-80.9192011303533,34.0562851852908],[-80.9191959591261,34.0562879483071],[-80.9191309160936,34.0563227003314],[-80.9191250586181,34.0563167634038],[-80.9189825063951,34.0561722821339],[-80.9188710893627,34.0560593296586],[-80.9188605059256,34.056066520024],[-80.91842089876,34.0563651851184],[-80.9182136879902,34.0565059124372],[-80.9182107682969,34.0565025733638],[-80.9181165504012,34.0563948351956],[-80.9177981234367,34.0557729815296],[-80.9177725396385,34.0557896782969],[-80.9174083632027,34.0560273517329],[-80.9171410615384,34.0562055232028],[-80.9168813199663,34.0563786542012],[-80.916481554465,34.0566447051527],[-80.9163119061702,34.0567575058046],[-80.9162235538084,34.0568162516594],[-80.9149188467666,34.0576839485577],[-80.9157521397307,34.0585690847809],[-80.9170046848034,34.0577360730177],[-80.9170135810528,34.057903717278],[-80.9170222625666,34.0582883815497],[-80.9170287249563,34.0585769261301],[-80.9170347004254,34.0588379382135],[-80.9167035555289,34.0590317868674],[-80.916379424753,34.05922154659],[-80.91605536411,34.0594112441899],[-80.9157312608019,34.0596010094342],[-80.9153800276393,34.0598065952911],[-80.9150020022103,34.0600280432366],[-80.9147994381209,34.0601465430998],[-80.9144917800648,34.0598235634059],[-80.9144405005708,34.0597696783747],[-80.9143530326272,34.0596778595984],[-80.9142523710824,34.0595689780219],[-80.9141518514258,34.0594603868019],[-80.9138713106477,34.0591809451304],[-80.9134575603519,34.0587921209089],[-80.9133706185126,34.058713499792],[-80.9132156732934,34.0588165537503],[-80.9122597000682,34.0594522609882],[-80.9120401721441,34.0595982413608],[-80.9118082010001,34.0597524539314],[-80.9115115225923,34.0599497765578],[-80.9112110365268,34.0601495266933],[-80.9111660979975,34.0601793864087],[-80.9111512995296,34.0601892213513],[-80.911147637315,34.0601916550916],[-80.9109721953438,34.0603084206431],[-80.9108100955702,34.060416194879],[-80.9107023652469,34.0604878476236],[-80.9106679912762,34.0605107654449],[-80.9106616349193,34.0605150033131],[-80.9104387020153,34.0606649989908],[-80.9102034011636,34.0608234422488],[-80.9101280832785,34.0608741230249],[-80.910115194754,34.0608827825221],[-80.9100478666632,34.060927431331],[-80.910018237946,34.060946953946],[-80.9099595364263,34.060985837254],[-80.909908587676,34.0610195594883],[-80.9099008175399,34.0610247006841],[-80.9098420780404,34.0610635406272],[-80.9096135463694,34.061214685799],[-80.9090964958289,34.061556630465],[-80.9086202002429,34.061872117679],[-80.908522273634,34.0619373827552],[-80.908922275529,34.0622844702823],[-80.9087294379463,34.0624129390722],[-80.9087230040034,34.0624073700303],[-80.908328900625,34.062066225643],[-80.9083044522107,34.0620825236266],[-80.9079448263525,34.0623222560835],[-80.90761628907,34.0625411762293],[-80.9072365680837,34.0627941996578],[-80.9072306819346,34.0627981230103],[-80.9071006552208,34.0628848267284],[-80.9068041694171,34.06308242483],[-80.9060960254941,34.0635542681174],[-80.9061302493045,34.0635857962348],[-80.9065941565045,34.0640131597782],[-80.9065617585655,34.0640309320005],[-80.9062259390681,34.0642151522889],[-80.9059941447249,34.0643611278582],[-80.9059760369154,34.0643494066464],[-80.9055507056384,34.0640740964096],[-80.905525946993,34.0640739468314],[-80.9053305419994,34.0640727646829],[-80.9053200305185,34.0640727007643],[-80.905318090088,34.0640726884646],[-80.905283628686,34.0640956552021],[-80.905038168738,34.064259233023],[-80.903945192793,34.0649875973699],[-80.9037644268461,34.0651080661305],[-80.9035641783689,34.065241450585],[-80.9035624110151,34.065242627717],[-80.9033108368181,34.0654102765575],[-80.9031105391601,34.0655437504005],[-80.9030461375734,34.0655866709132],[-80.9030507334849,34.0655915913984],[-80.9031160805598,34.0656615384376],[-80.9033844065934,34.0659487516122],[-80.9036855469528,34.0662710841745],[-80.903702435336,34.0662891616575],[-80.90383133419,34.0664271555448],[-80.9039630926193,34.0665681712518],[-80.9040211592429,34.0666302665909],[-80.90409487098,34.0667091895333],[-80.9042266421595,34.0668502338124],[-80.9043314574743,34.0669624483071],[-80.904333585059,34.0669647258022],[-80.9043683331037,34.0670019182692],[-80.9043819049069,34.0670164016855],[-80.9044390510961,34.0670775953277],[-80.904440260099,34.0670777396261],[-80.9045322515707,34.0670887252913],[-80.9047006162515,34.0671087133464],[-80.9047326624425,34.0671125313285],[-80.9049128171169,34.0671339798546],[-80.9049451493125,34.0671378457901],[-80.9051253052231,34.0671592516294],[-80.9051576233803,34.0671630922517],[-80.9053378205531,34.0671845122409],[-80.9053701809314,34.0671884015312],[-80.9055499264484,34.0672097757839],[-80.9055826313916,34.0672136661824],[-80.9058115032189,34.0672409131102],[-80.9058732293967,34.0672506016417],[-80.9058979025402,34.0672544732455],[-80.9061711044529,34.0672973441489],[-80.9062543626767,34.0673081010254],[-80.9066326378504,34.0673569733632],[-80.9068066791113,34.0674566935206],[-80.9068037065396,34.0674592232244],[-80.9067929343743,34.0674683726637],[-80.9067423188874,34.0675118112619],[-80.906633914977,34.0676047738914],[-80.9065589892778,34.0676690266881],[-80.9064085441841,34.0677981673837],[-80.9063757314906,34.0678263347649],[-80.9062664265589,34.0679201520867],[-80.9061812147895,34.0679932902145],[-80.9064344114874,34.0682084116076],[-80.9066233657078,34.068357654803],[-80.9068848030969,34.0685641460049],[-80.9070347060419,34.0686825396514],[-80.9073424865811,34.0688992914722],[-80.90689595841,34.0692701292035],[-80.906383734357,34.0696955227643],[-80.9063195861909,34.0696427023435],[-80.9061584946088,34.0695100572889],[-80.9060078954479,34.0693860499946],[-80.9058468827706,34.0692534677031],[-80.9056817093516,34.0691174601403],[-80.9054022404232,34.0688873348488],[-80.9052595695386,34.0687827378419],[-80.9049931685418,34.0690108375445],[-80.9049266618516,34.0690678110543],[-80.9046925618969,34.0692683531571],[-80.9044836852038,34.0694472079331],[-80.9041433518059,34.0697387131223],[-80.9034043361503,34.070371690851],[-80.9032370407289,34.0705149799817],[-80.9043092543196,34.0712078605131],[-80.9037283982799,34.0724862452709],[-80.9034524390156,34.0730935763128],[-80.9026783849769,34.0740578097914],[-80.9023957006607,34.0742802417834],[-80.9022573904199,34.0743737404694],[-80.9022438180091,34.0743829161471],[-80.9022395097583,34.0743790769907],[-80.9017720188082,34.0746686465191],[-80.9011963318683,34.0749796099628],[-80.9009113274517,34.0750955865495],[-80.9005816417992,34.0752022276512],[-80.8993356590416,34.0756142097463],[-80.8991283539333,34.0757340638088],[-80.8990920755785,34.07562031034],[-80.8990274096612,34.0754224697723],[-80.8990222691804,34.075406742927],[-80.8989763078874,34.0752618977829],[-80.8989482097568,34.0751759209795],[-80.8989241432739,34.0751022797835],[-80.8988756925907,34.074946082162],[-80.8988747695809,34.0749431482316],[-80.8988282358285,34.0747953215787],[-80.8984951719779,34.0737372333321],[-80.8984442817141,34.0735836736186],[-80.8984787308783,34.0735758436025],[-80.899132326273,34.0734272880213],[-80.8991806449838,34.0734175151235],[-80.8992286484933,34.0734067104239],[-80.8992763031947,34.0733948865191],[-80.8993235765725,34.0733820496952],[-80.8993704393585,34.0733682089455],[-80.8994168601174,34.0733533732618],[-80.8994628084979,34.0733375516371],[-80.8995082541463,34.0733207548674],[-80.8995531688753,34.0733029946525],[-80.8995975201663,34.0732842799833],[-80.8996412809094,34.0732646279706],[-80.8996844218392,34.0732440458049],[-80.8997269136808,34.0732225487917],[-80.8997658679807,34.0732017305825],[-80.8998042152854,34.0731801409308],[-80.899841931737,34.0731577960483],[-80.8998789934823,34.07313470854],[-80.8999153853363,34.0731108910177],[-80.8999510823623,34.0730863560854],[-80.8999860650359,34.0730611208602],[-80.9000203138426,34.0730351943437],[-80.9000538092511,34.0730085999645],[-80.9000865317508,34.0729813431177],[-80.9005824376968,34.0725622394552],[-80.9007178284918,34.0726708547117],[-80.9012722502696,34.0732932544674],[-80.9016688354409,34.0729561109042],[-80.9010116657114,34.0724203424337],[-80.9008735760697,34.0723105774908],[-80.901438122315,34.0718212342507],[-80.9021982994417,34.071162309383],[-80.9022073493499,34.0711544601267],[-80.9030298752892,34.070453656175],[-80.9029075558048,34.0703899494068],[-80.9027638603949,34.0703151089027],[-80.9026724229132,34.0702674859947],[-80.9023562417898,34.0701036080416],[-80.9021239956636,34.0699832287431],[-80.9020024121395,34.0699604130911],[-80.9014621192647,34.0698590860572],[-80.9012093916443,34.0698128677503],[-80.9011964940364,34.0698105085988],[-80.9012778183721,34.0697575541636],[-80.9015274314101,34.069595017031],[-80.9015920947927,34.0695529036662],[-80.9016489849692,34.0694871383079],[-80.9017763767134,34.0693398838616],[-80.9017776005272,34.0693384682814],[-80.9018972540668,34.0692001541099],[-80.9021974387013,34.0688530732596],[-80.9024680199268,34.068540240583],[-80.9024706183419,34.0685372093524],[-80.9024981462647,34.0684258366964],[-80.9025129399126,34.0683659808758],[-80.9025213668394,34.0683090667647],[-80.9025346382911,34.068219439682],[-80.9025353381685,34.0682147117902],[-80.9024933365848,34.068067483997],[-80.9024895756452,34.0680542271618],[-80.9024816278044,34.0680479154309],[-80.9022920783236,34.0678973814452],[-80.902198836127,34.067823331021],[-80.9021931908303,34.0678188479004],[-80.9021212008736,34.067756702883],[-80.9019884764592,34.0678416461323],[-80.9018097061409,34.0676556493803],[-80.901936854282,34.0675711843166],[-80.9017700814201,34.067348740893],[-80.9017582688671,34.0673329845015],[-80.9016930034055,34.0672123440479],[-80.9016501685846,34.0671701193322],[-80.9012773746297,34.0668026289339],[-80.9012768627255,34.0668021235826],[-80.9012703839975,34.0668064429195],[-80.9012141399374,34.0668439399002],[-80.9010800879953,34.0668965890534],[-80.9000485313904,34.0675833078192],[-80.8999196136779,34.0676691590229],[-80.8999066494638,34.0676777885306],[-80.8998953811337,34.0676852904929],[-80.8996875802956,34.0678236226951],[-80.8996544919299,34.0678456494007],[-80.8994038362325,34.0680125678045],[-80.8988880449911,34.0683559112844],[-80.8988752735838,34.0683644118987],[-80.8987590621183,34.0684417621151],[-80.8983674611622,34.0687024117838],[-80.898263898866,34.0687713420205],[-80.8981841759647,34.0688244139314],[-80.8980065668494,34.0689426523217],[-80.8979275495773,34.0689952305212],[-80.8978779595713,34.0690282536675],[-80.8973895939347,34.0693533425272],[-80.8971725505224,34.0694978114194],[-80.8970498741706,34.0695794881619],[-80.8966579075877,34.0698418308365],[-80.8966543475225,34.0698442335711],[-80.8964458748126,34.0699847733514],[-80.8964270540473,34.0699974425684],[-80.8963534104704,34.0700470721154],[-80.8963463174025,34.0700518703758],[-80.8962929919559,34.0700879392627],[-80.8962550795949,34.0701131574963],[-80.8961136606241,34.0702076621521],[-80.8955060409628,34.0706130199271],[-80.8955056980951,34.0706125183015],[-80.8949059354301,34.0710138076984],[-80.8947926897884,34.0710895733011],[-80.8947209500971,34.0711375678219],[-80.8941412008683,34.0715254317204],[-80.8940550959703,34.0715831328699],[-80.8939183169789,34.0716743739466],[-80.8938083273657,34.0717469783087],[-80.8935184302181,34.0719383742355],[-80.8933115253625,34.0720750787637],[-80.8931463098043,34.0721842759488],[-80.8924028367715,34.0726756573659],[-80.8917623844012,34.073098795329],[-80.8913201792825,34.0733908687893],[-80.8907010887992,34.0738009662058],[-80.8906817719565,34.073813863131],[-80.8906458135158,34.0738379993266],[-80.8905101660102,34.0739284946055],[-80.8904712936993,34.0739543828591],[-80.8904021231269,34.0740003221767],[-80.8903601630579,34.0740283888451],[-80.8903253976069,34.0740515485737],[-80.8902243288246,34.0741195391672],[-80.8900970854011,34.0742051651066],[-80.8900885363263,34.0742108742208],[-80.8900226280105,34.0742542419018],[-80.8899916477153,34.0742745267106],[-80.889952371186,34.0743002070541],[-80.8898773274398,34.0743509594728],[-80.8898276706276,34.0743830920426],[-80.8895474645703,34.0745694079797],[-80.8892108455639,34.0747933110738],[-80.8891152978008,34.0748572724427],[-80.8891097657033,34.0748609698193],[-80.8890620688239,34.0748928531605],[-80.8890406409993,34.0749071816193],[-80.8890356403042,34.0749105260071],[-80.8889174833551,34.0749896225292],[-80.8889024649515,34.0749996827127],[-80.8888373494854,34.0750432136702],[-80.8887297306696,34.07511509064],[-80.888656307428,34.0751643108989],[-80.8884074430324,34.0753307792008],[-80.8879970988666,34.0756051006981],[-80.887826156908,34.0757194224378],[-80.8877365927081,34.0757793287532],[-80.887245035429,34.0761082343851],[-80.8872040657002,34.0761356056728],[-80.8871159659434,34.0761944651074],[-80.8864688190474,34.0766273038875],[-80.8853008840482,34.0774084477979],[-80.8852454394446,34.0774454539793],[-80.885163558013,34.0775002574729],[-80.8850437898473,34.0775804235747],[-80.8849434042284,34.0776474943311],[-80.8849213534664,34.0776623111063],[-80.8848755298629,34.0776928997349],[-80.8848675929731,34.0776981329631],[-80.8847414627018,34.0777812738376],[-80.884613610861,34.0778656275507],[-80.8845312036654,34.0779199892098],[-80.8844444666753,34.0779772465996],[-80.8844424536961,34.0779785756116],[-80.8844295114193,34.077987113333],[-80.8842709241776,34.0780916889963],[-80.8841765665809,34.0781539587676],[-80.8840339653696,34.078248094912],[-80.8839969745659,34.0782724418903],[-80.8835632785489,34.0785586181215],[-80.8833571438437,34.0786928945543],[-80.8830898305021,34.0788616358628],[-80.8828190438249,34.0790264986921],[-80.8828185839915,34.0790267732717],[-80.8826285204578,34.0791388729908],[-80.8824368898379,34.079249110307],[-80.8823283387627,34.0793103021357],[-80.8820162600662,34.0794813189419],[-80.881700249626,34.0796472623177],[-80.8816564267393,34.0796697166633],[-80.8813694836184,34.0798134624632],[-80.8813747838851,34.0798211859332],[-80.881605198796,34.0801569355902],[-80.8817068233079,34.0803158287198],[-80.8817085835127,34.0803218671639],[-80.8819670755132,34.0812084655549],[-80.8819797904594,34.081206603039],[-80.8821877742147,34.0811761351631],[-80.8823569789237,34.0811513811472],[-80.8825262030977,34.0811265854418],[-80.8826953664427,34.0811018237122],[-80.882864543746,34.0810770852091],[-80.8832807681313,34.0809025063985],[-80.8832783379615,34.0808989695181],[-80.8830075456129,34.0805048677727],[-80.8826770094114,34.0802582243134],[-80.8823908191078,34.0800446704425],[-80.8822845660505,34.0798845264467],[-80.8827518925517,34.0796971370686],[-80.8831401594405,34.0795414937665],[-80.8832614030478,34.0794929340228],[-80.8833531384099,34.0794560827592],[-80.8833735521983,34.0794479020224],[-80.8834109568469,34.0794329268195],[-80.8837589840892,34.0792947571874],[-80.884037523116,34.0791841177332],[-80.8846222159392,34.0789518737837],[-80.8848722782233,34.0788525861373],[-80.8848912314512,34.0788448726714],[-80.8849000201431,34.0788412840015],[-80.8849101738684,34.0788371375521],[-80.8849542241331,34.0788187272165],[-80.8850115249155,34.0787938784908],[-80.8850835451133,34.0787613258504],[-80.8851311721911,34.0787389811097],[-80.8852341410948,34.0786882420949],[-80.8853275565239,34.0786392118807],[-80.8854152248903,34.0785905522957],[-80.8855333669995,34.0785206040394],[-80.8856025850321,34.0784770768292],[-80.8856512937029,34.0784454446425],[-80.8856971296282,34.0784146474567],[-80.8857283480631,34.0783931800497],[-80.8857504300318,34.0783777482149],[-80.8858675108706,34.0782921661742],[-80.8859412516203,34.0782347209354],[-80.8859773236409,34.0782057640303],[-80.8860046263955,34.0781837934252],[-80.8860271137225,34.0781657668672],[-80.8860284653506,34.0781646815789],[-80.8860494710489,34.0781477077252],[-80.8861036144254,34.0781040861503],[-80.8861757758299,34.0780459693703],[-80.8862481638366,34.0779876832385],[-80.8863282069102,34.0779232816385],[-80.8863377105693,34.0779156431578],[-80.8863909890527,34.0778727474204],[-80.8864455182138,34.077828850131],[-80.8865008131774,34.0777843268468],[-80.8865727516451,34.0777264061946],[-80.8866223297145,34.0776865249114],[-80.8866632448952,34.0776535561251],[-80.8867814438813,34.0775584100685],[-80.8868456118073,34.077506765103],[-80.8870136799247,34.0773714807115],[-80.8870568402051,34.0773367384199],[-80.88726805045,34.077166696025],[-80.8873962332546,34.0770634793461],[-80.887479242542,34.0769966379184],[-80.8875201143183,34.0769640412],[-80.8875488104968,34.0769415368117],[-80.8875913653331,34.0769087287958],[-80.8875993409287,34.0769027163728],[-80.8876121976491,34.0768929465414],[-80.8876563055623,34.0768598919452],[-80.8876904576722,34.0768348506118],[-80.8878576533562,34.0767175853197],[-80.8880128765851,34.076616429309],[-80.8881721538901,34.0765197355789],[-80.8883352998408,34.0764276166583],[-80.8885021257652,34.0763401805647],[-80.8886291009177,34.0762779475529],[-80.8887579426594,34.0762184292493],[-80.8889555759386,34.0761339343749],[-80.8889580684324,34.0761329186021],[-80.8891569206801,34.0760557416614],[-80.8893617674334,34.0759841241149],[-80.889364360489,34.0759832662183],[-80.8895697327144,34.075919028178],[-80.8907655284003,34.0755711059696],[-80.8907804755008,34.0755667567672],[-80.8908781413371,34.0756965561908],[-80.8908862481846,34.0757106620462],[-80.8910491846448,34.0756632132991],[-80.8911281577768,34.0758385483005],[-80.8911870756964,34.076076722968],[-80.8912270951288,34.0762385039012],[-80.8912882128953,34.0764855710229],[-80.8912998647054,34.0765328177357],[-80.8912738576179,34.0765376694742],[-80.8912255307075,34.0765466854745],[-80.8912560060953,34.076669886687],[-80.8912893180325,34.0768045543787],[-80.8913089220888,34.0768838070015],[-80.8913226375601,34.0769393005092],[-80.8913558935022,34.0770738545113],[-80.8913892864693,34.0772089604494],[-80.8914139630899,34.0773088020191],[-80.8914225189,34.0773434197257],[-80.8914558225944,34.0774781630804],[-80.8914796875547,34.0775747199881],[-80.8914840161556,34.077592234466],[-80.8914528989911,34.0776198312535],[-80.8914647228352,34.0776752049598],[-80.8914847466702,34.0777544101124],[-80.8915188382795,34.0778892569144],[-80.8915528836276,34.0780239233246],[-80.8915868460598,34.0781582596318],[-80.891620995137,34.0782933318609],[-80.891634771896,34.0783478235945],[-80.8916550149299,34.0784278936097],[-80.8916644226581,34.0784651061745],[-80.89168897768,34.078562230775],[-80.8917230958051,34.0786971821074],[-80.8917570587691,34.078831518342],[-80.8917911199581,34.0789662450764],[-80.8918251974323,34.0791010322232],[-80.8918604179753,34.0792403431934],[-80.8919400484871,34.0795553064031],[-80.8919558679072,34.0796178789386],[-80.8919571521401,34.0796229565315],[-80.892356038329,34.0803889182933],[-80.8918638742327,34.0806118150744],[-80.8917432397022,34.0806586335615],[-80.8915986144624,34.0807146065191],[-80.8915101778155,34.0807488437436],[-80.8913094088345,34.0808266286092],[-80.8908538110934,34.0810031338292],[-80.8904490883805,34.0811598623666],[-80.8901556307968,34.0812735280873],[-80.8896780959211,34.081458622446],[-80.889470270576,34.081539383529],[-80.8891265875352,34.0816727579681],[-80.8888283653741,34.0817885135996],[-80.8886422489489,34.0818606356658],[-80.8885729364113,34.0818875347131],[-80.8885627328923,34.0818914974705],[-80.8884027290359,34.0819536880265],[-80.8876259712204,34.0822632827815],[-80.8873894470756,34.0823575666862],[-80.8873763570654,34.0823627854773],[-80.887244577562,34.082415320563],[-80.8868828246875,34.0825595439453],[-80.8868631922891,34.0825673716025],[-80.8860518030152,34.0828909235362],[-80.8843499278935,34.0835698230907],[-80.884063788273,34.0838893577282],[-80.8826606081055,34.0854562577917],[-80.8824309572837,34.0854787900615],[-80.8824211473875,34.0854693807445],[-80.8822421377315,34.085297673438],[-80.8822031232934,34.0852927935119],[-80.8821079985995,34.0852808948391],[-80.8812596073729,34.0851747720866],[-80.8809113235133,34.085162796138],[-80.8808310582327,34.0851717377775],[-80.8807733691338,34.0851796127075],[-80.8806997597664,34.0851918166236],[-80.8806967127041,34.0851923637228],[-80.880620569367,34.08520708085],[-80.8805507599996,34.0852227796415],[-80.8805464183138,34.0852238114985],[-80.8804717241803,34.0852429625956],[-80.8803728350785,34.0852722757446],[-80.8803362530373,34.0852842139387],[-80.8802748428227,34.0853057662689],[-80.8802369647992,34.0853199222232],[-80.8802015633899,34.0853338271821],[-80.8801688188689,34.0853472108169],[-80.8799576998538,34.085435981306],[-80.8794762949834,34.0856384061234],[-80.8793286670192,34.085706469596],[-80.8787793505294,34.0848624024358],[-80.8787791289004,34.0848620262182],[-80.8787774099391,34.0848598668159],[-80.8787596405,34.0848375391585],[-80.8785309382459,34.0845503455316],[-80.8783547825561,34.084329137526],[-80.8782256620164,34.0841670373549],[-80.8781070958361,34.0840180849075],[-80.8779885061448,34.0838691891229],[-80.8778699212195,34.083720278796],[-80.8777513096345,34.0835713529942],[-80.8776327797263,34.0834224343663],[-80.8775022513013,34.0832585674188],[-80.8773627590216,34.0830833988062],[-80.8772989892154,34.083003293485],[-80.8765210535665,34.0820209978812],[-80.8763847598854,34.0818488816759],[-80.8761611120552,34.0819375097966],[-80.8743717899812,34.0826467806449],[-80.8743678615484,34.0826483374838],[-80.8743655205356,34.0826492656522],[-80.8743663794358,34.0826503187845],[-80.8758170169814,34.0844291249262],[-80.876616215885,34.0854090829596],[-80.8767238926787,34.0855411113171],[-80.8768121371796,34.0856493132044],[-80.8774692337174,34.0865188316002],[-80.8772252746667,34.0866308770919],[-80.8770677746645,34.0866732581355],[-80.876995716863,34.0867003391314],[-80.8767811845413,34.0867811696236],[-80.8765439130569,34.0868695161031],[-80.8763180429723,34.0869450813277],[-80.8761047890536,34.0870200573034],[-80.8758964275737,34.0871094656023],[-80.8758837161912,34.0871149197952],[-80.8760999518934,34.0874385552116],[-80.8760838449958,34.0875110307058],[-80.8760610273932,34.0876136995079],[-80.8761733133611,34.087793693274],[-80.876263434113,34.0879382125545],[-80.8762824110945,34.0879686451595],[-80.8764191699453,34.088187917739],[-80.8765300441099,34.0883657132517],[-80.8764123179648,34.0883850896168],[-80.8761893527655,34.0884213784433],[-80.8761733702278,34.0884239791899],[-80.8762572421872,34.0887556387907],[-80.8762134643119,34.0889029595766],[-80.8762968642959,34.0892181007442],[-80.8765431733142,34.0891766601886],[-80.8766780414332,34.0891541204946],[-80.8767918223306,34.0891349383376],[-80.8770410343228,34.0890926935711],[-80.8772344500124,34.089059505558],[-80.8772915473886,34.0890506398442],[-80.8773912719605,34.089035068008],[-80.8775552058826,34.0890095498437],[-80.8777488245908,34.088979650561],[-80.8778263128132,34.0889676713271],[-80.8781013129494,34.0889245895902],[-80.8785307701449,34.0888572778345],[-80.8792264313334,34.0887481954604],[-80.8793120245135,34.0888914231857],[-80.8795263853985,34.0892544621934],[-80.879633250616,34.0894355854003],[-80.8797649567066,34.0896612629499],[-80.8798305579074,34.0897738056717],[-80.8799095618815,34.0899083244473],[-80.8800504526472,34.0901484473467],[-80.8800545148496,34.0901552742852],[-80.880199381165,34.0904020083503],[-80.8803046184772,34.0905813341008],[-80.8803348859994,34.0906328546195],[-80.8803444623233,34.0906491563061],[-80.8803807554103,34.0907110095612],[-80.8803935412979,34.0908796712511],[-80.8803942339988,34.0908889015171],[-80.8804080066258,34.0910704897326],[-80.8804150467359,34.0911633199781],[-80.8804407640709,34.0912083530011],[-80.8804455265354,34.0912166981263],[-80.8806642818956,34.0916000612093],[-80.8806678075565,34.0916062393014],[-80.8807796548655,34.0918022159469],[-80.8808367675548,34.0919022147621],[-80.8810490124945,34.0922740329463],[-80.8811996794745,34.0923841045295],[-80.8811904268454,34.0923905526097],[-80.8809603181207,34.0925508998509],[-80.8809328930965,34.09257006492],[-80.8809245463117,34.0925758556221],[-80.8808856002757,34.0926021969261],[-80.8806150726178,34.0927856112007],[-80.8802695397145,34.0930198839851],[-80.879923775128,34.0932541790139],[-80.8797016332814,34.0934059196464],[-80.8795797647453,34.0934905720733],[-80.8792372418464,34.0937283560014],[-80.8792230440997,34.0937382164908],[-80.87888500833,34.0939729750536],[-80.8785437969151,34.0942118304154],[-80.878202733361,34.0944505515215],[-80.8778493889641,34.0946978489981],[-80.8777803585023,34.0947461498824],[-80.8775207037621,34.0949278313792],[-80.8771718696999,34.0951720295685],[-80.8771322875825,34.0951996855007],[-80.8768316973565,34.095410517804],[-80.8768232555129,34.095416456909],[-80.8763190983234,34.095771790102],[-80.876193074649,34.0958606115945],[-80.8757520163186,34.0961714677866],[-80.875695878683,34.0962110656618],[-80.8756375115873,34.096252116589],[-80.8756014319996,34.0962771624665],[-80.8755241066195,34.0963306077671],[-80.8755050866953,34.0963437126435],[-80.8754944586755,34.0963510587901],[-80.8754860927411,34.0963568427902],[-80.8754671247556,34.0963699991085],[-80.8753339269597,34.096463668966],[-80.8752078038012,34.0965524244224],[-80.8751303724191,34.0966068747393],[-80.875059669532,34.0966560794956],[-80.8749916260421,34.0967032526998],[-80.8747388156346,34.0968784620251],[-80.8722197952698,34.0986137240962],[-80.8722152925689,34.0986168257465],[-80.8720952721377,34.098697317684],[-80.8720901687455,34.0987005629799],[-80.8719623767928,34.0987787853762],[-80.871960797293,34.0987797061652],[-80.8718293553245,34.0988530772389],[-80.8718274212297,34.0988541076651],[-80.8716922218596,34.098922690411],[-80.8716902922384,34.0989236261634],[-80.8715510589418,34.0989875203698],[-80.8715439841395,34.0989906256477],[-80.8714058092341,34.099047503925],[-80.8712626760454,34.0991003175545],[-80.8711070746627,34.099151027993],[-80.8711051227794,34.0991516228789],[-80.8709449433765,34.0991969489518],[-80.8709006108983,34.0992088375023],[-80.8708860125399,34.0992128438156],[-80.8708550400307,34.0992211124711],[-80.8700247135031,34.0994441846065],[-80.869195292424,34.0996670059773],[-80.8691036933174,34.099510062596],[-80.8688280807526,34.0991884210139],[-80.8686766902579,34.0990117278072],[-80.8686512989813,34.0989820925553],[-80.8684063651787,34.0986962078141],[-80.8683510381886,34.0986313581972],[-80.8682927457013,34.0985630321454],[-80.8680534532355,34.0982823778779],[-80.8677956957822,34.0979795979252],[-80.8677387544636,34.0979128203177],[-80.8675299994622,34.0976678561768],[-80.8675549741264,34.0976592600532],[-80.8682932380394,34.0974053486867],[-80.8683064943847,34.0974006388457],[-80.8690700069051,34.0971387499182],[-80.8692091378123,34.0970908225734],[-80.8694084985047,34.0970222179871],[-80.8695465770701,34.0969747012241],[-80.8698275258485,34.0968779843145],[-80.8699586343237,34.0968329078461],[-80.8701158946841,34.0967787020359],[-80.8703928580282,34.0966833619502],[-80.8704478303033,34.0966644389513],[-80.8708354626508,34.0965309793508],[-80.8713631198087,34.0963495355975],[-80.8714395542278,34.0963232288915],[-80.8716451921205,34.0962525344033],[-80.8716279972685,34.0962392069531],[-80.8714242565948,34.0960812907933],[-80.8713590110648,34.0960307193045],[-80.8711128331303,34.0958405236448],[-80.8708932921826,34.095670906242],[-80.8708555696176,34.0956417139429],[-80.8707614424714,34.0955688803042],[-80.8705480262615,34.0954037986841],[-80.8704464439121,34.0953252214507],[-80.8704137058104,34.0952998897926],[-80.8703835778113,34.0952765770038],[-80.8701314438827,34.0950815644827],[-80.8699286190049,34.0949244375409],[-80.8698046852726,34.0948284231339],[-80.8697049177249,34.0947511455997],[-80.8695935713395,34.0946648985461],[-80.8695529993388,34.0946334657842],[-80.8693230846753,34.0944553426293],[-80.8691285510724,34.0943200734697],[-80.8688243700823,34.094083178987],[-80.8687246417263,34.094005510261],[-80.8686781167666,34.0939692216828],[-80.8683714208507,34.0937300087937],[-80.8682239165835,34.0936148630058],[-80.8680107914091,34.0934486762801],[-80.8678859665731,34.0933513434155],[-80.8677812897384,34.093269714785],[-80.8673809728784,34.0929575403756],[-80.8673580578469,34.0929393515689],[-80.8671293248173,34.0927577946257],[-80.8671369671314,34.0927343807626],[-80.867167604956,34.0926405116789],[-80.8672403701997,34.0924209059634],[-80.866914450898,34.0923475454793],[-80.8669106925111,34.0923466992835],[-80.8664713582818,34.092247785989],[-80.8664099631409,34.0922339630459],[-80.8663978873644,34.0922312441169],[-80.8663729194981,34.0922440770219],[-80.8662328518186,34.0923157703318],[-80.8659073431082,34.0924823807656],[-80.8657505230503,34.0925626421411],[-80.8656301779735,34.0926242347215],[-80.8655130932445,34.0926841589995],[-80.8653769116052,34.092753857421],[-80.8651258442355,34.0928823287391],[-80.8651236206508,34.0928834660482],[-80.8648703494244,34.0930131381956],[-80.8646171728446,34.0931427873836],[-80.8644762899929,34.0932120270431],[-80.8643897425062,34.0932545622098],[-80.864360889707,34.0932687438875],[-80.8641313706632,34.0933815952673],[-80.8641060602535,34.0933940396162],[-80.8638727405269,34.093509048585],[-80.8637362924035,34.0935776809198],[-80.8636243969054,34.0936018340515],[-80.8634056243095,34.0936491266322],[-80.8633612149122,34.0936587266668],[-80.8630967598311,34.0937178742253],[-80.8629643292238,34.0937438688024],[-80.8628070897956,34.0937747328641],[-80.8625174042163,34.0938315826948],[-80.862228198534,34.0938903682877],[-80.8619323447326,34.0939502413588],[-80.8618963957866,34.0939575167254],[-80.8616536196598,34.0940051140531],[-80.8615565470803,34.0940241449586],[-80.8613393662477,34.0940736510978],[-80.8612321636206,34.094135978114],[-80.8609439811871,34.0943034115421],[-80.8608632710292,34.094350303183],[-80.860691825386,34.0944499107335],[-80.8606586442957,34.0944691739693],[-80.8605882539874,34.0945100673109],[-80.8604480101684,34.0945915433966],[-80.8602042516138,34.0947331612132],[-80.8599747396445,34.0948665235004],[-80.8599605204239,34.0948747857907],[-80.8597164597746,34.0950165664053],[-80.8596959363721,34.0950284949876],[-80.8596298260252,34.095066893159],[-80.8595165880902,34.0951326652914],[-80.8594724059396,34.0951583267061],[-80.8592425607664,34.0952919099646],[-80.8590599426768,34.0953979757357],[-80.8590171369534,34.0954228378572],[-80.8589995132659,34.095433051915],[-80.8587511608926,34.0955773495425],[-80.8587279022578,34.0955908636119],[-80.8585304113318,34.0957056056734],[-80.8584564627566,34.0957485694078],[-80.858178609501,34.0959100092509],[-80.858198274129,34.0959320759518],[-80.8581145393434,34.0959880656881],[-80.8580925964027,34.0960061048643],[-80.8579422971045,34.0961296651009],[-80.8578864236945,34.0961755976503],[-80.8577928677892,34.0962525183294],[-80.8577354280854,34.0962997447293],[-80.8577172206708,34.0963147151933],[-80.8576718095623,34.0964489475312],[-80.8576599048204,34.0964841372443],[-80.8575956376039,34.0966740816213],[-80.857538404088,34.0968432376982],[-80.8575230587127,34.096888459135],[-80.8575256592306,34.0969111411459],[-80.8575565952122,34.0971809859953],[-80.8575590846131,34.0972027102931],[-80.857572768912,34.0973220983415],[-80.8575743640509,34.0973536877824],[-80.8575822673575,34.097510197623],[-80.8579974192918,34.0978240864693],[-80.8580078225988,34.097842252759],[-80.8580352012824,34.0978900594934],[-80.8580747892411,34.0979592039683],[-80.8580683639607,34.0979658320808],[-80.8580659699532,34.0979683008467],[-80.8580521704704,34.0979825361107],[-80.8580724384671,34.098001797483],[-80.8581074911182,34.0980351085639],[-80.8580815882622,34.0982422612723],[-80.8580575228591,34.098434723211],[-80.8580464698757,34.0985231165521],[-80.8580320766773,34.0986382291175],[-80.8580249954021,34.0986948581536],[-80.8580121643971,34.0988524000722],[-80.8579992481572,34.0990109887333],[-80.8579934145258,34.0991095264919],[-80.8580380404226,34.0991592725944],[-80.858042323637,34.0991640473672],[-80.8581042036445,34.0992330279246],[-80.85812393503,34.0992544986817],[-80.8581386700138,34.0992705311185],[-80.8582230638375,34.0993623633065],[-80.8582807683381,34.0994251679204],[-80.858285047437,34.0994298254616],[-80.8583518907486,34.0996726100256],[-80.8583683321124,34.0997885160556],[-80.8583766990569,34.0998475043614],[-80.8583868853073,34.099919337341],[-80.8584085296563,34.1000719818496],[-80.8584212006386,34.1001613507832],[-80.858443614652,34.1003192772799],[-80.8584657394156,34.100475186382],[-80.8584821187679,34.1005907595793],[-80.8584853577834,34.1006136153946],[-80.8585101452021,34.1007890190789],[-80.8585546476145,34.1011029528286],[-80.8586263881426,34.1016086106021],[-80.8586317424056,34.1016463528067],[-80.8586539495953,34.1018112182711],[-80.8584974651529,34.1018311619732],[-80.8581875384928,34.1018678341713],[-80.8578804335558,34.1019041752033],[-80.8578550552615,34.1017373060542],[-80.8578538232341,34.1017292057761],[-80.857848236242,34.1016927887383],[-80.8578133406713,34.101465352907],[-80.8574862800585,34.1015029595258],[-80.8571592448619,34.1015420575893],[-80.8571716579071,34.1015733402399],[-80.8569731583246,34.1016040141714],[-80.8561718503059,34.1017270084392],[-80.8561511708721,34.1017311754945],[-80.8561848498238,34.1018468185772],[-80.8553886110552,34.1019157409514],[-80.8552794260565,34.1019251914306],[-80.8551017686682,34.101795782963],[-80.8546750999385,34.1022162517238],[-80.854731927719,34.1022561029035],[-80.8547555172798,34.1024876343817],[-80.8549561065837,34.1027677214538],[-80.8545349946543,34.1028162442835],[-80.8542402780171,34.1027793123968],[-80.8540160859648,34.1026494582795],[-80.8538069799005,34.1025283506448],[-80.8536960907417,34.1024641261672],[-80.8529977049456,34.10204462943],[-80.8526697639005,34.1018142274984],[-80.8528133026865,34.1016604587121],[-80.8530798752284,34.1013936350796],[-80.8531863613621,34.1012848707464],[-80.8532452651642,34.1012247073614],[-80.8532941197848,34.1011748076018],[-80.8533307316165,34.1011954181022],[-80.8533398080756,34.1011860071857],[-80.8533688149423,34.1011559325987],[-80.8534474810653,34.1010743694748],[-80.8536890677054,34.100830630432],[-80.8537056821517,34.1008138679681],[-80.853732310639,34.1007870013677],[-80.8537496405889,34.100769517496],[-80.8539575359336,34.1005613626409],[-80.8541675711107,34.1003499314367],[-80.8545228418532,34.0999854983521],[-80.8546024337306,34.0998993847857],[-80.8545932188664,34.0999754107163],[-80.8547681917626,34.0997894738486],[-80.854937499054,34.0995999423321],[-80.8551010365017,34.0994069359909],[-80.855258699867,34.0992105764522],[-80.8554103892454,34.0990109880533],[-80.855761775512,34.0992059742089]],[[-80.8167980352379,34.1273700449784],[-80.8165196083972,34.1270725659625],[-80.8164955887303,34.1270855244831],[-80.8164691762888,34.127094861058],[-80.8164413389419,34.127100235382],[-80.8164127057533,34.1271015528061],[-80.8163842255837,34.1270987434997],[-80.8163568437372,34.127091880092],[-80.8163313641579,34.1270812261581],[-80.8163083015013,34.1270669501708],[-80.8162886020668,34.127049672077],[-80.816272794008,34.1270298380846],[-80.8162295785925,34.1270500807283],[-80.8166044454256,34.1276031227865],[-80.8167980352379,34.1273700449784]],[[-80.8166113754099,34.1269580322571],[-80.8169295297294,34.1272117754309],[-80.8170703615065,34.1270421476028],[-80.8167684623391,34.126833615108],[-80.8167290509239,34.1268730429882],[-80.8166847107564,34.1269088109142],[-80.8166231060622,34.1269487416134],[-80.8166113754099,34.1269580322571]],[[-80.8178443872147,34.1266543963767],[-80.8175893009406,34.1262187024036],[-80.8174848937761,34.1263052258956],[-80.8174708588435,34.1263167836468],[-80.81744776323,34.1263358976197],[-80.8174415595431,34.1263408774553],[-80.8176646224683,34.1267239933554],[-80.8178658261962,34.1266910140217],[-80.8178443872147,34.1266543963767]],[[-80.8173340455631,34.1262361931882],[-80.8174784903922,34.1261188472804],[-80.8174874382742,34.1261102747048],[-80.8174945595485,34.1261005335846],[-80.8174996734688,34.1260899843232],[-80.8175025298416,34.1260790142723],[-80.8175032349845,34.1260675938331],[-80.8175016811877,34.1260564090194],[-80.8174978676225,34.1260453399077],[-80.8174919370972,34.1260350431245],[-80.8174839361402,34.1260255629197],[-80.8174745114993,34.1260176612537],[-80.8173416779276,34.1259227211258],[-80.8170708627006,34.1261444423775],[-80.8172676617672,34.126285081608],[-80.8173021004239,34.1262609449022],[-80.8173340455631,34.1262361931882]],[[-80.8169199394711,34.126036602006],[-80.8171907818741,34.1258148711975],[-80.8170398601992,34.1257070111258],[-80.816890398412,34.1256000979699],[-80.8168416719661,34.125562212753],[-80.8167958175877,34.1255218160864],[-80.8167531630978,34.1254792348617],[-80.8167059831636,34.1254249450498],[-80.8166636799849,34.1253676553382],[-80.8166425651833,34.1253365147031],[-80.8165416089223,34.1251874834453],[-80.8161678555555,34.125244806729],[-80.8162936022563,34.1254616121341],[-80.8164323663423,34.1256486489974],[-80.8165962121672,34.125800195044],[-80.8167690438065,34.1259287236176],[-80.8169199394711,34.126036602006]],[[-80.8169486790126,34.1254567675206],[-80.8170005075629,34.1254976273718],[-80.8172582141474,34.125248237189],[-80.8171988733032,34.1252057569074],[-80.8162278102971,34.1237713197508],[-80.8161808067119,34.1238034714905],[-80.8160926671243,34.123859153694],[-80.8159726641888,34.123904596149],[-80.8158999549822,34.1239515259899],[-80.8158303055995,34.1240013537888],[-80.8157637287515,34.124054218427],[-80.8158614945069,34.1241451815616],[-80.815912515438,34.1242380247942],[-80.8160446940365,34.124360953438],[-80.816176839347,34.1244839080353],[-80.8163092295431,34.124607107202],[-80.8163520669516,34.1246495292657],[-80.8163916721245,34.1246941015346],[-80.8164277228373,34.1247404159799],[-80.8164441192034,34.1247638187521],[-80.8165261490525,34.1248848117271],[-80.8165308073277,34.1248916830334],[-80.8166235168572,34.1250284493249],[-80.8167208534434,34.1251721345823],[-80.8168184237584,34.1253156803421],[-80.8168573785589,34.1253655244711],[-80.8169009740906,34.1254127109846],[-80.8169486790126,34.1254567675206]],[[-80.8159846064437,34.1245341342975],[-80.8159706601045,34.1245332191865],[-80.815956673772,34.1245342723648],[-80.8159432199058,34.1245372937788],[-80.8159304798196,34.124542165578],[-80.8159188841339,34.1245487982334],[-80.8159089705482,34.1245567164589],[-80.815900670207,34.1245661771294],[-80.8158648532683,34.124618400305],[-80.8158326080261,34.1246724780922],[-80.8158041474781,34.1247281826864],[-80.8161581479988,34.1248431272695],[-80.8162223082363,34.1247346166775],[-80.8161859613671,34.1246985726806],[-80.8160330034449,34.1245563032315],[-80.8160225865121,34.1245481466126],[-80.8160109104989,34.1245416589271],[-80.815998012017,34.1245369574461],[-80.8159846064437,34.1245341342975]],[[-80.8398057081703,34.1247934194235],[-80.8398492062971,34.1252037901756],[-80.8401126463211,34.1251839283508],[-80.8403755028363,34.1251641094],[-80.8403324932175,34.1247538170017],[-80.8400691273218,34.1247736162718],[-80.8398057081703,34.1247934194235]],[[-80.8395859233821,34.1252236408248],[-80.8395423680579,34.1248132149055],[-80.8392795179527,34.1248329743964],[-80.8390161765121,34.1248527696634],[-80.8387525248231,34.1248725874133],[-80.8387957594455,34.125283210657],[-80.839058694643,34.1252633882815],[-80.8393224831147,34.1252435015328],[-80.8395859233821,34.1252236408248]],[[-80.8406533548063,34.1252823911032],[-80.840694859962,34.1256928337766],[-80.8409584291369,34.1256730190158],[-80.8409168760127,34.1252626295669],[-80.8406533548063,34.1252823911032]],[[-80.8404323175645,34.1257125708513],[-80.8403899039626,34.1253021467611],[-80.8401262209429,34.1253219195953],[-80.8401690973152,34.1257323578949],[-80.8404323175645,34.1257125708513]],[[-80.8396424916266,34.1257719436215],[-80.8395997827583,34.1253613935509],[-80.8393363303443,34.125381147875],[-80.8390734612003,34.1254008573124],[-80.8391157921984,34.1258115333071],[-80.83932084283,34.1257961212411],[-80.8393782365214,34.1257918070018],[-80.8395645425964,34.1257778030606],[-80.8396424916266,34.1257719436215]],[[-80.8380622904215,34.125890466003],[-80.8380171649338,34.1254803847202],[-80.8377542866412,34.1255000219267],[-80.8377991281558,34.1259105438509],[-80.8380622904215,34.125890466003]],[[-80.8372070168987,34.1259553121257],[-80.837161465701,34.1255448729153],[-80.8368982286599,34.1255648053925],[-80.8369436359457,34.1259750064686],[-80.8370124428986,34.1259698616272],[-80.8372070168987,34.1259553121257]],[[-80.8366745546028,34.1260514520735],[-80.8362340450688,34.125862081288],[-80.8361126151342,34.1260573079906],[-80.8365529726509,34.1262466131725],[-80.8366692211136,34.1260601110273],[-80.8366745546028,34.1260514520735]],[[-80.8176045714023,34.1259227898705],[-80.8178583081808,34.1256774916491],[-80.8177092058927,34.1255708523103],[-80.8175576617616,34.1254624320085],[-80.8174073792924,34.1253548735666],[-80.8171508451883,34.1256051295773],[-80.8173012352419,34.1257126271657],[-80.8174515899555,34.1258200947609],[-80.8175789802982,34.1259111342675],[-80.8175867602945,34.125915912826],[-80.8175954440746,34.1259198857144],[-80.8176045714023,34.1259227898705]],[[-80.8362148983271,34.1251141618947],[-80.8364182424051,34.1254900796385],[-80.836477374259,34.1254708337393],[-80.8365413713602,34.1254570808828],[-80.8366050706919,34.1254488151748],[-80.836621137752,34.1254476433879],[-80.8365795791336,34.1250368358542],[-80.836559279742,34.1250383924933],[-80.8364710512476,34.1250479387364],[-80.8363797964966,34.1250649954638],[-80.8362958462409,34.1250870714345],[-80.8362148983271,34.1251141618947]],[[-80.837106261233,34.1249970747529],[-80.8371479417429,34.1254078137448],[-80.8374109777562,34.1253878326867],[-80.8373694499548,34.1249770948838],[-80.837106261233,34.1249970747529]],[[-80.8376590764702,34.1249551076127],[-80.8377006381034,34.1253658814309],[-80.8380037970853,34.1253431914964],[-80.8382684681653,34.1253229600902],[-80.8382254596398,34.1249122035117],[-80.8379618777197,34.1249322000094],[-80.8376590764702,34.1249551076127]],[[-80.8373575994266,34.1217577637505],[-80.8378417786684,34.121233156903],[-80.8380608876428,34.1212886024608],[-80.8385850117253,34.1214212306499],[-80.8382892274368,34.1203944115806],[-80.8376852096682,34.1197500288256],[-80.8374461401929,34.1199916153558],[-80.837441111164,34.119996599537],[-80.8374400727758,34.1199976269875],[-80.8373785586929,34.1200575582477],[-80.8373445832971,34.1200898297396],[-80.8373406408221,34.1200935367666],[-80.8373390193049,34.1200950602747],[-80.8373311995595,34.1201023914597],[-80.8373291153834,34.1201043435584],[-80.8372999160244,34.1201312509256],[-80.8372404452929,34.120184925377],[-80.8371948011572,34.1202251721681],[-80.8371672482607,34.1202487932592],[-80.8371300279076,34.1202804599243],[-80.8371296413374,34.1202807831182],[-80.8371105063166,34.1202966716622],[-80.8371074094786,34.1202992247471],[-80.8370889866817,34.1203145705125],[-80.8370609798685,34.1203374083322],[-80.8370484364976,34.120347561853],[-80.8370138044298,34.1203749624554],[-80.8369313006423,34.1204382878043],[-80.8368602970926,34.1204880859713],[-80.836786923788,34.1205354482711],[-80.8367330883427,34.1205677683437],[-80.8367327432004,34.1205679689633],[-80.8367087702491,34.1205817294514],[-80.8366551385499,34.1206112058814],[-80.8366534444964,34.1206120936057],[-80.836580131439,34.1206493210583],[-80.8364638845903,34.1207025336333],[-80.8368371384,34.1211649079682],[-80.836080735176,34.1212965286983],[-80.8359929147607,34.1213118097842],[-80.8362121249025,34.1220282370222],[-80.8362893491575,34.1222805609103],[-80.8363046330874,34.1223305003338],[-80.8363205344278,34.1223824567074],[-80.8363261852303,34.1223841286375],[-80.836339157495,34.1223892113184],[-80.8363499029654,34.1223953775806],[-80.8363509274791,34.1223959650168],[-80.8363613921211,34.122404423861],[-80.8363699518043,34.1224140532716],[-80.8363764382878,34.1224243850597],[-80.8363809858848,34.1224360541795],[-80.836383158879,34.1224478563252],[-80.8363829244232,34.1224599600662],[-80.8363804835342,34.1224715622772],[-80.8363756688035,34.1224828962707],[-80.8363695172704,34.1224925261464],[-80.8363615263289,34.1225013529146],[-80.836359412138,34.1225030831447],[-80.8363519641512,34.1225091767566],[-80.8363412976991,34.1225155961415],[-80.8363295615374,34.1225206787398],[-80.8363170239065,34.1225241895681],[-80.8363216322668,34.1225392472544],[-80.8363253840343,34.1225515068247],[-80.8363321117946,34.1225734885388],[-80.8364992482879,34.122539658706],[-80.8365503935439,34.1225293080669],[-80.8367353920675,34.1224918676697],[-80.8367533372078,34.1224702763559],[-80.8368527013927,34.1223507477139],[-80.8369520924671,34.1222311865637],[-80.8370514973883,34.1221116100196],[-80.83715088247,34.1219920586131],[-80.8372510653752,34.1218730004811],[-80.8373575994266,34.1217577637505]],[[-80.8351839644176,34.1216686800694],[-80.8350993858797,34.121349028606],[-80.8347135694321,34.1214207409048],[-80.83473644147,34.1215068508838],[-80.8347637763515,34.1215920562069],[-80.8347955227911,34.1216761969706],[-80.8348316212232,34.121759115269],[-80.8350210127768,34.1217104844822],[-80.8351839644176,34.1216686800694]],[[-80.8256374836267,34.1198859335349],[-80.8262605478535,34.1197272064808],[-80.826143631015,34.1193833719853],[-80.8261349230518,34.1193855905413],[-80.8255130498823,34.1195440247057],[-80.8255856317989,34.1197434604154],[-80.8256374836267,34.1198859335349]],[[-80.8405853351913,34.1195060828101],[-80.8404927046643,34.1197750421173],[-80.8404907775116,34.1197806381313],[-80.8403892550556,34.1200754143473],[-80.8408227462307,34.1199671952758],[-80.8412173540593,34.1189577802747],[-80.8411764408249,34.1189537669376],[-80.8411557101218,34.1189519461092],[-80.8411312419318,34.1189497967983],[-80.8410845734929,34.118946123217],[-80.8410647031222,34.1189445586472],[-80.8410121604238,34.1189411155668],[-80.8409682517559,34.1189388538864],[-80.8409235907731,34.1189365533572],[-80.8405692146274,34.1189189232113],[-80.8405853351913,34.1195060828101]],[[-80.8431293388277,34.1190729791998],[-80.8431068343629,34.1188033153299],[-80.8430857824217,34.1185510654818],[-80.8430626957922,34.1182744200707],[-80.8430588054177,34.1182278040522],[-80.8430577646639,34.1182153316927],[-80.8430549861261,34.1181820411058],[-80.8417373794676,34.1181618360288],[-80.8412430223324,34.1173123356489],[-80.8411436158452,34.1171415136558],[-80.8411168300701,34.1171576924042],[-80.8410331826449,34.117152168164],[-80.840930606892,34.1172191511736],[-80.8408506266315,34.1168624962988],[-80.8406385549537,34.1167920968144],[-80.8402832672949,34.1169500854739],[-80.8399498647644,34.116790543513],[-80.8398921687516,34.1166961694274],[-80.8399035002573,34.1165812720032],[-80.8398238340633,34.1163926175941],[-80.8399706739781,34.1163492757797],[-80.8397243170672,34.1160616272103],[-80.8396805207036,34.1157511838344],[-80.8396183933853,34.1156902109006],[-80.8395338870432,34.1156072740086],[-80.8395164506083,34.1154475388426],[-80.839910811118,34.1154394014038],[-80.8400304074066,34.1154227860959],[-80.8401492109616,34.1153928798767],[-80.8402843952125,34.115346532734],[-80.8404153058131,34.1152844349196],[-80.8405591817498,34.1151908617286],[-80.8406651891366,34.1151008194618],[-80.8407531453867,34.1150007336625],[-80.840822175434,34.114897760738],[-80.8408498436378,34.1148449373245],[-80.8410554824254,34.1149145582366],[-80.8410931513113,34.1149285012177],[-80.8411296355371,34.1149446652999],[-80.8413804835608,34.1144942171153],[-80.8414246813971,34.1142562350755],[-80.8414397855362,34.1141929144215],[-80.8414615545833,34.1141313316802],[-80.8414897021098,34.1140716064058],[-80.8415237960796,34.1140146325041],[-80.8415640532045,34.1139598728487],[-80.8416098971617,34.1139082806707],[-80.8416554894032,34.1138614814566],[-80.8416550693048,34.113861198697],[-80.8415014227315,34.1137578548286],[-80.8413131888633,34.1136107353774],[-80.8413127815984,34.1136111361025],[-80.8400856768671,34.1127834213592],[-80.8395972046501,34.1132863194248],[-80.8395271012475,34.113358492729],[-80.8396893361596,34.1134675388019],[-80.8395826534607,34.1136277865046],[-80.8395325847162,34.113954739413],[-80.8394848542121,34.1141892411904],[-80.8394442051541,34.1144298519118],[-80.8393880543036,34.1146242083083],[-80.8393278386436,34.1148146822126],[-80.8393065771669,34.1149813580767],[-80.8392760217916,34.1151885891354],[-80.8392226921077,34.1152999788032],[-80.8392037251657,34.1154539908755],[-80.8392089118579,34.1156061947807],[-80.8391376039771,34.1156059573158],[-80.8388076511627,34.1156265720882],[-80.8381591655808,34.1156236742238],[-80.8380794074116,34.1156233178458],[-80.838037688639,34.115623130928],[-80.8374878947851,34.115620670141],[-80.8373879565446,34.1156235924619],[-80.8372872014381,34.1156336711225],[-80.8371898769051,34.115650339123],[-80.8370927680559,34.1156738780873],[-80.8369990888371,34.1157039099221],[-80.836908839953,34.1157400541293],[-80.8368214464578,34.115783071876],[-80.8367398939317,34.1158312512048],[-80.8366631499535,34.1158847801213],[-80.8365916739902,34.1159437557177],[-80.8365264982836,34.1160075112204],[-80.836467884519,34.1160752589201],[-80.836415887356,34.1161473334189],[-80.8363719180038,34.1162216131409],[-80.8363410816008,34.1162872324332],[-80.8363351688085,34.1162998147196],[-80.8363167280968,34.1163505645945],[-80.8363062800568,34.11637931874],[-80.8361989359713,34.116640784457],[-80.8361228085668,34.1168957694287],[-80.8360464139808,34.1171513427753],[-80.8359664725531,34.1174184077138],[-80.8358537873809,34.1177942721585],[-80.8358460473054,34.1178195349435],[-80.8358387170454,34.1178413800247],[-80.8358304113694,34.1178647728918],[-80.8358208689785,34.1178891586702],[-80.8358092407427,34.1179169446077],[-80.8357931024479,34.117951028184],[-80.8358405679187,34.1179723613797],[-80.8360394131037,34.1180616605737],[-80.8360519803349,34.1180673045002],[-80.836094740387,34.1180712498286],[-80.8363199828131,34.1180919741465],[-80.8363241234401,34.1180923546968],[-80.8363514690857,34.1180976294371],[-80.8364132978077,34.1181095543315],[-80.8364173466079,34.1181103351009],[-80.8366526009189,34.1181556840756],[-80.8367217795934,34.1181456113325],[-80.8367386987882,34.1181431422394],[-80.8367451261723,34.1181422048285],[-80.8369196537945,34.1182405387866],[-80.8369402032175,34.1182497736439],[-80.8369755013593,34.1182657254792],[-80.8371155047077,34.118328993763],[-80.8372281174209,34.118379860461],[-80.8372931691611,34.1184034594975],[-80.8374516486894,34.1184609898976],[-80.8374583916739,34.1184634377447],[-80.837566024884,34.1185025100438],[-80.8375803201326,34.1185077115487],[-80.8375987311603,34.1185144097989],[-80.8377513004462,34.1186138544922],[-80.8378648470549,34.1186878641757],[-80.8379145209927,34.1186958384592],[-80.8380226010999,34.1187131887298],[-80.8383283273488,34.1187027388461],[-80.8383461689579,34.1187021290834],[-80.8384753039314,34.1188233998548],[-80.8384882906071,34.1188355956368],[-80.8386078846911,34.1187887531076],[-80.8387298683455,34.1187463867655],[-80.8388720111609,34.1187035153597],[-80.8389308096478,34.1186881351053],[-80.8390121264787,34.1186693432136],[-80.8390850796734,34.1186549351942],[-80.8391869730436,34.118638561972],[-80.8393088512126,34.1186245173856],[-80.8393716726966,34.1186196204709],[-80.8394526071961,34.1186156368798],[-80.8394774156293,34.1186149034098],[-80.8395582744474,34.1186142883038],[-80.8396391058918,34.1186161418915],[-80.8403632307706,34.1186460549662],[-80.8404482632529,34.1186496680808],[-80.8405329513126,34.1186531066722],[-80.8405976943972,34.1186560859169],[-80.8407214604229,34.118662197471],[-80.8408860163383,34.1186703601492],[-80.8409668516193,34.1186742849233],[-80.8411383169553,34.1186852675275],[-80.8413091521789,34.118701684377],[-80.8414791112682,34.118723511717],[-80.8416479438804,34.1187507167715],[-80.8418154061869,34.1187832613644],[-80.841816011983,34.1187833883698],[-80.8418588366005,34.1187926453558],[-80.8419170228435,34.1188057323422],[-80.8420595398726,34.1188380537128],[-80.8421746853673,34.1188641691058],[-80.8422428283776,34.1188796237556],[-80.8423377383867,34.1189011427234],[-80.8424401507211,34.1189243969341],[-80.842514518518,34.1189412569208],[-80.8425742045987,34.1189547828108],[-80.8426614205493,34.1189745912272],[-80.8427250816727,34.1189889967008],[-80.8427723520283,34.1189997115935],[-80.8428455186549,34.1190160216444],[-80.8429814715627,34.1190443951443],[-80.8429871297584,34.1190455311888],[-80.8431293388277,34.1190729791998]],[[-80.8236352929464,34.1182723485833],[-80.8233618951048,34.118065402125],[-80.8233714380687,34.1181516770117],[-80.8233873288566,34.1182373026961],[-80.8235136336367,34.1182643195669],[-80.8236684298387,34.118297431482],[-80.8236352929464,34.1182723485833]],[[-80.8300771262316,34.1182721375069],[-80.8300784341574,34.1182735450045],[-80.8309306618555,34.1180169036692],[-80.8308776119977,34.1178562596291],[-80.8308463747356,34.1177909548699],[-80.8308362342161,34.1177863767929],[-80.8308341751343,34.1177854470691],[-80.8307635229726,34.1177535515368],[-80.83074666968,34.1177566384546],[-80.8306221808551,34.1177794407667],[-80.8304158611579,34.1178612161747],[-80.8303194053856,34.117892758491],[-80.8303131881868,34.1178915408566],[-80.8302141671128,34.1178721413368],[-80.8301818055302,34.1178652993962],[-80.8301187479796,34.1178519667147],[-80.830118498357,34.1178526543504],[-80.8299842179605,34.1182226915815],[-80.8300074691289,34.1182287546869],[-80.8300294008668,34.1182375859245],[-80.8300495408746,34.1182489943957],[-80.8300674538208,34.1182627342509],[-80.8300771262316,34.1182721375069]],[[-80.8304581134379,34.1156265334687],[-80.8302363931891,34.1152985704046],[-80.8301716531174,34.1151380443055],[-80.8300628714401,34.1148683138497],[-80.8300327385773,34.1147935959521],[-80.8300354419902,34.1147915483405],[-80.830064575872,34.1147694809327],[-80.8306826038528,34.1143013681972],[-80.8308675203109,34.1141613050374],[-80.8308644748512,34.1141564967692],[-80.8307625515227,34.1139956038159],[-80.8302987735484,34.1143827725291],[-80.8301735620999,34.1143512394099],[-80.8297212434353,34.1142372618329],[-80.8292905954679,34.1141287657073],[-80.8262595167771,34.1149151049361],[-80.8265842796081,34.1150921055826],[-80.8272263018334,34.1154040965745],[-80.8275227152224,34.1154951600125],[-80.8278024042905,34.1158457663484],[-80.828284068167,34.1166503827228],[-80.8290285908979,34.1169854218824],[-80.829150768388,34.1168848116372],[-80.8291709254643,34.1168683215854],[-80.8291881301513,34.1168541925625],[-80.8292336710905,34.1168155841639],[-80.8292483376243,34.1168032117119],[-80.8292813744567,34.1167749562645],[-80.8293419471417,34.1167228938605],[-80.8294060688486,34.1166671421403],[-80.8294477986993,34.1166308511413],[-80.8294620681462,34.1166186007462],[-80.8294664032733,34.1166148809788],[-80.8294850294883,34.1165989279748],[-80.8295029804752,34.1165839794081],[-80.8295349058747,34.1165573931686],[-80.8295773751126,34.1165226738556],[-80.8295968472681,34.1165065290365],[-80.829602591643,34.1165017535332],[-80.8296189797305,34.1164882346646],[-80.8296542488357,34.1164581625982],[-80.8296812032706,34.1164349904569],[-80.8296941998324,34.1164238762023],[-80.8297745669387,34.1163546908699],[-80.8297824181518,34.1163480463688],[-80.8298084238378,34.1163260153206],[-80.8298431341233,34.1162977755375],[-80.8298701391774,34.1162758161751],[-80.8299234276815,34.1162333147782],[-80.8299253376164,34.1162317971698],[-80.8299437778483,34.1162171593836],[-80.8299778736152,34.116189887119],[-80.8299941494798,34.1161771398792],[-80.8300530386993,34.1161311548059],[-80.8300887155485,34.1161008694744],[-80.8301180754498,34.1160721705577],[-80.8301458944757,34.1160431016444],[-80.8301746336527,34.1160141484949],[-80.8301817247057,34.1160075777681],[-80.8301850796064,34.1160044778889],[-80.8301959782538,34.1159944896096],[-80.8301974466512,34.1159931237765],[-80.8302109498281,34.1159806711728],[-80.8302280486132,34.1159656446922],[-80.8302338065173,34.1159605698216],[-80.8302352856191,34.1159592725299],[-80.8302395817429,34.1159555066962],[-80.8302466688519,34.1159492813014],[-80.8302850960732,34.1159167166303],[-80.8302854272771,34.1159164357604],[-80.830311528809,34.1158962441506],[-80.8303383821512,34.1158757767479],[-80.830362713685,34.1158543068414],[-80.8303970980423,34.1158146945396],[-80.8304252235857,34.1157713903472],[-80.8304457605793,34.1157252697828],[-80.8304498001083,34.1157130792489],[-80.830453288767,34.1157009646054],[-80.8304559746028,34.1156886009059],[-80.8304574578585,34.1156698039228],[-80.8304573310455,34.1156604470758],[-80.8304571977164,34.1156505465104],[-80.8304581134379,34.1156265334687]],[[-80.8311199635721,34.1141738083885],[-80.8311806431942,34.1142137268334],[-80.8313180214808,34.1141551638947],[-80.831669625412,34.1140052774513],[-80.831897216607,34.1139082524884],[-80.8320563537766,34.1139316010508],[-80.8323251449056,34.1139710390401],[-80.8325770935205,34.1140080102157],[-80.8326137637038,34.1140133912233],[-80.8329902143549,34.1139647925802],[-80.8333158532813,34.1139228051512],[-80.8334783441032,34.1139656307607],[-80.8335857110145,34.1139939456275],[-80.8335858290806,34.1139766372384],[-80.8335860090165,34.113950329317],[-80.8335862452532,34.1139156584379],[-80.8335893419588,34.1139131090425],[-80.8336374277274,34.1138735258953],[-80.8336861975487,34.1138143069725],[-80.8336778685949,34.1138076081024],[-80.8336058911138,34.1137497197934],[-80.8335821663506,34.1137306392392],[-80.8334471808144,34.1136990449264],[-80.8332525017707,34.1137431525291],[-80.8331870537869,34.1137579801844],[-80.8331472175047,34.1137847893908],[-80.8330866668526,34.1138255268811],[-80.8330665495219,34.1138256549432],[-80.8329848746968,34.1138261754572],[-80.8329290303204,34.1138265313818],[-80.8326941545483,34.1138054362506],[-80.8325517283864,34.1137464615108],[-80.8325509894044,34.1136950821849],[-80.832550862358,34.1136862861762],[-80.8325494445358,34.1135877149806],[-80.8325028042812,34.1135595730612],[-80.8324635388493,34.1135359368189],[-80.8324476542363,34.1135263756802],[-80.8323255429142,34.1135641480216],[-80.8322020898888,34.1136244440708],[-80.8321850229341,34.1136241369939],[-80.8320859003923,34.1136223557201],[-80.8319892049811,34.113620625438],[-80.8319558936946,34.1136151162417],[-80.8317207912187,34.1135762307207],[-80.8316846094809,34.1135739807252],[-80.8316007693087,34.1135687690557],[-80.8314246397155,34.113557826441],[-80.8312761379401,34.1136367324164],[-80.8312380713134,34.113656959386],[-80.8311965538801,34.1136833608332],[-80.8310581350776,34.1137714024872],[-80.830972057812,34.1138292955695],[-80.830926378643,34.1138600174992],[-80.8309162215599,34.1138668491926],[-80.8309218833913,34.1139347755472],[-80.8309602810111,34.1140021215792],[-80.8309809048219,34.1140382932658],[-80.8309928945122,34.1140593222018],[-80.8311199635721,34.1141738083885]],[[-80.8402304785223,34.1107805921201],[-80.8406123037393,34.1103233126818],[-80.8402876694026,34.110490264826],[-80.8396738440955,34.1108059371317],[-80.8394177840034,34.1109376207575],[-80.839412254459,34.1109404638068],[-80.8392905414303,34.1110030567339],[-80.8385137734575,34.111402444853],[-80.8386519744306,34.1114948080706],[-80.8392823280297,34.1119160843054],[-80.8402304785223,34.1107805921201]],[[-80.8186951206394,34.1115021782905],[-80.8199482987521,34.1084160282309],[-80.8195554828397,34.1085372423708],[-80.8170062315179,34.1093238457595],[-80.8179208132159,34.1116029632998],[-80.8179270762762,34.1116185696614],[-80.8186951206394,34.1115021782905]],[[-80.8389604425368,34.1068481690353],[-80.8387489049438,34.1064527078562],[-80.8374822731851,34.1069238200243],[-80.8374345064236,34.1069415809729],[-80.8374499985304,34.1069978550366],[-80.8374502587806,34.1069989518158],[-80.8374619344576,34.1070556627054],[-80.8374621607261,34.1070569596122],[-80.8374701778977,34.1071154284913],[-80.8374741984221,34.1071750453851],[-80.8374742310128,34.1071761544897],[-80.8374741380848,34.1072356280449],[-80.83747409435,34.107236973289],[-80.8374697661076,34.1072976865178],[-80.837464139115,34.1073401201639],[-80.8374638582495,34.1073418997058],[-80.837455790445,34.1073858756312],[-80.8374364785805,34.1074618643891],[-80.8374357446105,34.1074642150008],[-80.8374088716798,34.1075403083722],[-80.8374085678403,34.1075410518576],[-80.8373749099205,34.107614979531],[-80.8373744203141,34.1076159364703],[-80.8373341427245,34.1076873983983],[-80.8373334990389,34.107688435385],[-80.8372867822888,34.1077571252276],[-80.8372860454506,34.1077581242216],[-80.8372330591659,34.1078237599693],[-80.8372323334737,34.1078245966759],[-80.8371731517023,34.1078869962792],[-80.8371707982816,34.107889321323],[-80.8371074250065,34.1079463630504],[-80.8371121505623,34.1079501463676],[-80.8372095116285,34.1080280832222],[-80.8375502318397,34.1083008218657],[-80.8389604425368,34.1068481690353]],[[-80.8207782087324,34.107108679979],[-80.8216099589661,34.1068183910616],[-80.823349851338,34.1062259488752],[-80.8237071282783,34.1061042899445],[-80.8245757736024,34.1056795185781],[-80.8246522348878,34.1056596543691],[-80.8247420805027,34.1056362915518],[-80.8249453191234,34.1055834431532],[-80.824948816247,34.105590773305],[-80.8249517424004,34.1055969016184],[-80.8249740082812,34.1056436885494],[-80.825324211518,34.1055526539755],[-80.8261740156535,34.1053317429472],[-80.8270132881041,34.1049976509497],[-80.827057780468,34.1049776136049],[-80.8271502064721,34.1049322607285],[-80.8271512579174,34.10493171848],[-80.8272398237767,34.1048831664252],[-80.8272413778109,34.1048822669089],[-80.8273264153433,34.1048304503224],[-80.8273277069285,34.104829615361],[-80.8274097738764,34.1047742392748],[-80.8274810721917,34.1047212818076],[-80.8274826094779,34.1047200829082],[-80.8275495171347,34.1046657803135],[-80.8275507397403,34.104664746885],[-80.8276149762496,34.1046078410109],[-80.8276993833263,34.1045247468104],[-80.8277201440831,34.1045026628665],[-80.827716334246,34.10448090011],[-80.8276889292319,34.1043243372309],[-80.8280041600401,34.1043033483779],[-80.8282469535661,34.1040577580685],[-80.8282545059294,34.1038448121335],[-80.8275092651733,34.1029701740144],[-80.8274955219498,34.1029647908518],[-80.8274812900912,34.1029603799193],[-80.8274666649413,34.102956962088],[-80.8274517494096,34.1029545690591],[-80.827436648615,34.1029532117988],[-80.8274214622551,34.1029529021674],[-80.8274083346662,34.1029534817434],[-80.82739568577,34.1029548031621],[-80.8276578016909,34.102711833978],[-80.8287491045244,34.1021430624734],[-80.8288154563432,34.1022347643926],[-80.8291271655252,34.1020696030625],[-80.8290817064951,34.1020071272847],[-80.8290287380608,34.1019343322707],[-80.8294603494036,34.1016934236719],[-80.8298103351294,34.1015051562468],[-80.8301342056134,34.1013147439992],[-80.8303708814979,34.1011299375302],[-80.8307270340071,34.1008555917958],[-80.830830437283,34.1007736654967],[-80.8309108561357,34.1007127007022],[-80.8310924103678,34.1005564469823],[-80.8315480091035,34.1001742670522],[-80.8318306526229,34.0999371686186],[-80.8315364789057,34.0999052789364],[-80.8316593902566,34.0995837068175],[-80.831633666862,34.0995939312569],[-80.8316254673369,34.0996149085158],[-80.831261066744,34.0997578567284],[-80.8295601042253,34.1004250959136],[-80.8292069274537,34.1005629391547],[-80.8289086963148,34.1006793367135],[-80.8271131889471,34.1013798940407],[-80.8268177598128,34.1015009629553],[-80.8261270617941,34.1017847941338],[-80.8251139965392,34.1021757472772],[-80.8235246375557,34.102805964611],[-80.823181355969,34.1029406722798],[-80.8230371749886,34.1029973060547],[-80.8226957122572,34.1031312656727],[-80.8207073648495,34.1039133171056],[-80.8207079600807,34.1039148066342],[-80.8209139464476,34.1044299606762],[-80.820832370535,34.1044314696868],[-80.8208173647067,34.1044317996999],[-80.820686635817,34.1044343999769],[-80.820660663826,34.1044346456157],[-80.8206576831152,34.104442884448],[-80.8206340085855,34.1045083174616],[-80.8205950739015,34.1046159305426],[-80.8200024630714,34.1062551186625],[-80.820115246039,34.1065406699642],[-80.8207497768455,34.1070639897347],[-80.8207205066008,34.1071234798055],[-80.8207173355099,34.1071299249232],[-80.8207782087324,34.107108679979]],[[-80.8331232005211,34.101619503619],[-80.8340776108368,34.1025710593408],[-80.8341401284765,34.1025480571649],[-80.8352874463012,34.1021254009905],[-80.8354939981876,34.1020490960697],[-80.8355015931709,34.1020462910882],[-80.8361508279759,34.1018064776849],[-80.8364757113155,34.1016865118982],[-80.8354117749137,34.1005964235158],[-80.8336547042486,34.0987960137161],[-80.8328319132171,34.0991194396679],[-80.8346390595456,34.1008234832118],[-80.8344155291351,34.1009291687338],[-80.8344052850742,34.1009473186553],[-80.834398270461,34.1009665017234],[-80.8343946298453,34.1009863226397],[-80.8343944382505,34.1010063729613],[-80.8343970075208,34.1010219168089],[-80.8344051677469,34.1010467029977],[-80.8344189285747,34.1010697115898],[-80.8344377718969,34.1010900762843],[-80.8344609882424,34.1011070303252],[-80.8331232005211,34.101619503619]],[[-80.8373289685502,34.1039376756937],[-80.8360917113788,34.1043942494661],[-80.8360886156044,34.1043953923153],[-80.836326252621,34.1048410160017],[-80.8364258186359,34.1050277230507],[-80.8364562095683,34.1050847120795],[-80.836459700472,34.1050912583415],[-80.8364623526812,34.1050908146008],[-80.836470847776,34.1050896202405],[-80.8364734324985,34.1050893242858],[-80.8364761732763,34.10508904657],[-80.8365053418913,34.1050882932856],[-80.8365341368743,34.1050913544984],[-80.8365615816885,34.1050981739214],[-80.8365880957892,34.105108772846],[-80.8365928357188,34.1051111730328],[-80.8365968931687,34.1051133550176],[-80.8365990609371,34.1051145751326],[-80.8366035467295,34.1051172337661],[-80.8366076274708,34.1051157162004],[-80.8369162480091,34.1050009549961],[-80.8373427681223,34.1048423510039],[-80.8378043175456,34.1046707187631],[-80.837396855715,34.1039126230941],[-80.8373289685502,34.1039376756937]],[[-80.8354560080986,34.1055652935967],[-80.8351867633632,34.1050681063892],[-80.8350519715017,34.1048191980782],[-80.8349868441284,34.104698932459],[-80.8349849668321,34.1047000029614],[-80.8348272227012,34.1047899926179],[-80.8344176943178,34.1050236175393],[-80.8342447655318,34.1051222684591],[-80.8342445346436,34.10512564403],[-80.8342403197713,34.1051483570614],[-80.8342316221891,34.1051702210435],[-80.8342313828021,34.1051706959079],[-80.8342182186296,34.1051912194472],[-80.8342012283384,34.1052093547468],[-80.8341808371956,34.1052249175288],[-80.83418035097,34.1052252342702],[-80.8341568339893,34.1052378245555],[-80.8341313934926,34.1052467730999],[-80.8341044619351,34.1052521048249],[-80.8341038439203,34.1052521860523],[-80.8340759323317,34.1052536518748],[-80.8340618954214,34.1052540100286],[-80.834059567744,34.1052542233222],[-80.8340441628204,34.1052562937348],[-80.8340411190687,34.1052568487087],[-80.8340276811454,34.1052602436052],[-80.8340273698699,34.1052603360622],[-80.833921624263,34.1050755917062],[-80.8330040198206,34.1039625107325],[-80.8325231689194,34.104295662609],[-80.8323637164767,34.1045086725942],[-80.8319101502533,34.1051148632519],[-80.8318277619184,34.1052250259616],[-80.8317955087519,34.1052681861552],[-80.8317521660943,34.1053260142315],[-80.8317257425662,34.1053613395135],[-80.8316914894644,34.1054072272476],[-80.8314472006845,34.1057434875727],[-80.8322234822868,34.1062665857446],[-80.8323890218033,34.1063848206328],[-80.8323043280454,34.1064717902844],[-80.8323121808926,34.1064770820041],[-80.8324736960161,34.1065859158686],[-80.8331361539332,34.1070322924027],[-80.8333587062128,34.1068038312441],[-80.8334815876675,34.1068221620776],[-80.8342236759894,34.1069328614482],[-80.8342336349263,34.1069343471737],[-80.8345466731173,34.1066926155837],[-80.8347612676348,34.1061911992472],[-80.8347653650269,34.1061816261844],[-80.8347752205783,34.1060947365861],[-80.8347780114058,34.1060701290296],[-80.8349243582033,34.1060036472682],[-80.8350662617766,34.1059472329683],[-80.8355570820694,34.1057519365764],[-80.8355524946638,34.1057434646604],[-80.8355187701704,34.1056811907882],[-80.8354560080986,34.1055652935967]],[[-80.856050134025,34.1010356440038],[-80.8559217306008,34.1005307638103],[-80.8557896441288,34.1002367744244],[-80.8557202094792,34.1002536516642],[-80.8551643516877,34.1007516887054],[-80.8552003475447,34.1007816760857],[-80.855237957723,34.1008102595566],[-80.8552771031797,34.100837379045],[-80.8553177016449,34.1008629775543],[-80.8553988007324,34.1009073938202],[-80.855484253337,34.1009457478919],[-80.8555734063316,34.1009777466216],[-80.8556655783039,34.1010031454358],[-80.8557600647648,34.1010217502059],[-80.8558561435333,34.1010334187312],[-80.8559530802569,34.1010380618266],[-80.856050134025,34.1010356440038]],[[-80.8530149131686,34.0923396642558],[-80.8537281308203,34.0920573226346],[-80.8543200845424,34.0918225074868],[-80.8543853542426,34.0917966165238],[-80.855041525506,34.091536638759],[-80.8547677903105,34.0910365175551],[-80.8545739964563,34.0907049565879],[-80.8545533884539,34.0906696983889],[-80.8543297135461,34.0906009545474],[-80.8543083650345,34.0906094350637],[-80.8542718052246,34.0906239579273],[-80.8538825153027,34.0907785996007],[-80.8530229564845,34.0911189149041],[-80.8525494791487,34.0913063694906],[-80.8524619712166,34.0913410145481],[-80.852442825051,34.0913485947759],[-80.852674055912,34.0917510556586],[-80.8530110207816,34.0923412051299],[-80.8530149131686,34.0923396642558]],[[-80.8720579178118,34.0894389873324],[-80.8720535703024,34.0891072355648],[-80.8719248592736,34.0891601163434],[-80.8710473100233,34.0895206516756],[-80.8704652780762,34.0897597705252],[-80.8695827606671,34.0901223316848],[-80.8695568445716,34.0901329785671],[-80.8696525587381,34.0904683400903],[-80.8696683144296,34.0905235430741],[-80.8696700091219,34.090529482418],[-80.8696790161439,34.0905274928423],[-80.869719335244,34.090518588662],[-80.8702824520284,34.0903942213001],[-80.8703697021022,34.0903749551053],[-80.8703821772359,34.0903722008659],[-80.8706603930123,34.0903107681282],[-80.8707944666062,34.0902811485935],[-80.8710426167239,34.0902263273044],[-80.8714171906949,34.0901525803329],[-80.8714656170482,34.0901437281595],[-80.8718937245281,34.0900428332331],[-80.8719609304142,34.090025913961],[-80.8719867467992,34.0900194151066],[-80.8720644973335,34.089999841277],[-80.8720634339884,34.0898615620525],[-80.8720579178118,34.0894389873324]],[[-80.861929618327,34.0883474371419],[-80.8621900426947,34.0881285321623],[-80.8622957590411,34.0881452980453],[-80.8623964665423,34.0881612702202],[-80.862391982798,34.088153324147],[-80.8623110745196,34.088009948331],[-80.8624814030691,34.0879423188699],[-80.8627363112969,34.0878411869266],[-80.8630774481209,34.0877058324508],[-80.8641452272517,34.0872843588964],[-80.8639958258093,34.086764282275],[-80.8628092040995,34.0872350869378],[-80.8624400449887,34.0873815878078],[-80.8622118960335,34.0874720828532],[-80.8618476398749,34.0876165676273],[-80.8614039725309,34.0877926189749],[-80.8613935999136,34.0877967343961],[-80.8615521965344,34.0880748554096],[-80.8616588147156,34.0882618250799],[-80.8618877518837,34.0883826291985],[-80.861929618327,34.0883474371419]],[[-80.861321331513,34.0878358362929],[-80.8613164749168,34.0878273180979],[-80.8610205950283,34.0879446748377],[-80.8604562853951,34.0881685797282],[-80.860443591975,34.0881736166857],[-80.8604422830503,34.0881741363868],[-80.8604440760772,34.0881744891553],[-80.860458057353,34.0881772405632],[-80.8612410275917,34.0883313006815],[-80.8614019447157,34.0883628561337],[-80.8614067704548,34.0883609580692],[-80.8615815770087,34.0882922086438],[-80.861462028477,34.088082567043],[-80.861321331513,34.0878358362929]],[[-80.8647368604497,34.0864702352673],[-80.8648775357228,34.0869728179419],[-80.8650127942727,34.0869194781638],[-80.8654745140427,34.086737395788],[-80.8659674395129,34.0867015620413],[-80.8661388139637,34.0867215423614],[-80.8677696116932,34.0869116594001],[-80.8677711156402,34.0869118350256],[-80.8678848445854,34.0869251305091],[-80.8681048200627,34.0859127208919],[-80.8673923009616,34.0858283303739],[-80.8669830606549,34.0857798575058],[-80.8665932320026,34.0857336790814],[-80.8657800309167,34.0860563435506],[-80.8653327047376,34.0862338170725],[-80.8648155326438,34.0864390199391],[-80.8647368604497,34.0864702352673]],[[-80.9490198567249,34.0241242884902],[-80.949044890076,34.0244568859664],[-80.9492649940275,34.0244491890783],[-80.9492723473587,34.0244489314935],[-80.9492588099256,34.0242682205479],[-80.9492442298765,34.0240743245568],[-80.9492424913212,34.024051203441],[-80.9490149527689,34.0240591830737],[-80.9490166579753,34.0240818262797],[-80.9490198567249,34.0241242884902]],[[-80.9602764212066,34.011020766085],[-80.960204169644,34.010773102799],[-80.9598691947893,34.0107553008727],[-80.9595673411763,34.0107392599388],[-80.9594733536864,34.010734264522],[-80.959445959179,34.0108523692382],[-80.9594168459892,34.0109778862567],[-80.9593751914016,34.0111574731937],[-80.9593308534639,34.0113486307415],[-80.9592289953545,34.0117877710499],[-80.9594295577987,34.0117587326192],[-80.960079840679,34.0116645328431],[-80.9604507907001,34.0116105784879],[-80.9604482149675,34.0116054244535],[-80.9603846949173,34.0114309108767],[-80.9603395530732,34.0112893259949],[-80.9603437289756,34.0111796788358],[-80.9603070044559,34.0110482596806],[-80.9602764212066,34.011020766085]],[[-80.9552447849396,33.9890368580633],[-80.9553193492051,33.9886390553579],[-80.9553017430347,33.988658822508],[-80.9543963579559,33.9896753601938],[-80.954390148283,33.9896659450137],[-80.9535690188995,33.9884209024421],[-80.9535664998074,33.988437216953],[-80.9535191822618,33.9887435346255],[-80.9535556367089,33.9888704817018],[-80.9535969735779,33.9889963865227],[-80.9536355817489,33.9891031871802],[-80.9538213544289,33.9895777570679],[-80.9538424635405,33.9896317310604],[-80.9538888098357,33.9897391267647],[-80.9539412210721,33.9898445698809],[-80.9539995792244,33.9899478229167],[-80.9540637528716,33.9900486533117],[-80.9541363601172,33.9901503914361],[-80.9542150100067,33.990248963657],[-80.9542995040472,33.9903441211772],[-80.9543896289929,33.990435623817],[-80.9548883356247,33.9909112155024],[-80.9548926667901,33.9909153459825],[-80.9548994558493,33.9908791269765],[-80.9552447849396,33.9890368580633]],[[-80.877949802338,33.9889459226871],[-80.8804255284661,33.9882566756002],[-80.8807681464936,33.9877073552345],[-80.880908038314,33.9874870017654],[-80.8812524281986,33.9867646100004],[-80.8818684730153,33.9855167822347],[-80.8809411551955,33.9850898764711],[-80.8797152333511,33.9845272283159],[-80.8796465015502,33.9844955189686],[-80.8786751956387,33.9861066824663],[-80.878470549197,33.9864461323635],[-80.8783453989214,33.986653720428],[-80.8772494597928,33.9884621871299],[-80.877259204531,33.9885174992845],[-80.8772721739123,33.9885911138429],[-80.877201113878,33.9886001119843],[-80.8770634382684,33.9886190133529],[-80.8758990796679,33.988768837553],[-80.8757326246525,33.9887889953883],[-80.8744945575983,33.9889290888147],[-80.8748633745867,33.989805078753],[-80.8760179222971,33.9894837005171],[-80.8761774799932,33.9894393228217],[-80.876893077289,33.9892400790267],[-80.877949802338,33.9889459226871]],[[-80.8826141286382,33.987572046336],[-80.8826303709464,33.9876127529839],[-80.8827632259995,33.9875760709626],[-80.8827740651993,33.9876028528522],[-80.8830626383305,33.9875229211458],[-80.8833756990134,33.9874363887584],[-80.8838444872914,33.9873065834334],[-80.8849237957403,33.9870037260438],[-80.8846855521595,33.9862878423592],[-80.8835647911551,33.9864770844345],[-80.8823760666606,33.9869754118062],[-80.8825930619882,33.987519250458],[-80.8826141286382,33.987572046336]],[[-80.9225931586483,33.9822146141857],[-80.9228001341826,33.9820781255561],[-80.9230070528157,33.9819415914561],[-80.9232270722184,33.9817965818562],[-80.9234468906399,33.9816515663269],[-80.9236666131543,33.9815064547631],[-80.9238866985563,33.9813614088526],[-80.9241063806091,33.9812163118042],[-80.9243261246085,33.9810713189976],[-80.9245460952117,33.9809262790459],[-80.9247655258854,33.9807814178115],[-80.9249733208323,33.9806444237561],[-80.9251705190747,33.9805142642092],[-80.9253786324001,33.9803793480934],[-80.9255995758281,33.9802354970888],[-80.9258869910811,33.9800513240955],[-80.9261730072198,33.9798652433864],[-80.9259591303844,33.979636583602],[-80.9259183568187,33.9794055328049],[-80.9255555556502,33.9794413036657],[-80.9255431592881,33.9793660974326],[-80.9251803688325,33.9794032522255],[-80.9251922421246,33.979477178656],[-80.9249129615428,33.9795047897313],[-80.9249017250079,33.9794307671771],[-80.9246406967451,33.9794557412747],[-80.9243786588458,33.979480290405],[-80.9243894601596,33.9795563929796],[-80.9241279489456,33.9795822322442],[-80.9238896177411,33.9796056830327],[-80.9235755480425,33.9796388711542],[-80.9232115668221,33.9796739446258],[-80.9228691445778,33.9797061206258],[-80.9225766175795,33.9797335513881],[-80.9223143844457,33.9797581564497],[-80.9220533289011,33.9797826408681],[-80.9217583474263,33.9798102881751],[-80.9217484412569,33.9797438369137],[-80.9213714190994,33.9797792421134],[-80.9211105570917,33.9798709226086],[-80.9208331802796,33.9798970424001],[-80.9208215223279,33.9798307116783],[-80.9205592906978,33.9798551651508],[-80.9205702316561,33.9799217749672],[-80.9203070457881,33.9799465627303],[-80.9200447679746,33.9799712567427],[-80.919782546287,33.9799959583522],[-80.9194875459286,33.9800237129601],[-80.9191542353279,33.9800550793934],[-80.919152350679,33.9800414795169],[-80.9191412531601,33.9800424560468],[-80.9191329925947,33.9799869397552],[-80.918755797821,33.980021764308],[-80.9185373645679,33.9801196501755],[-80.9182459711424,33.9801483654192],[-80.9182479703173,33.9801620348161],[-80.918217116193,33.9801650739724],[-80.9181340710349,33.9801732535888],[-80.9181693102684,33.9804477051362],[-80.9180548773351,33.9806268583385],[-80.9181032681871,33.9806742533659],[-80.9182603655346,33.9808281142792],[-80.9185207536474,33.9809415138405],[-80.9183027113554,33.9812930803888],[-80.9185399632476,33.9813964728413],[-80.9185629266637,33.9814064797332],[-80.9188231449576,33.9815197351585],[-80.9190833627181,33.9816331343071],[-80.9193435823816,33.9817463886342],[-80.9194522257293,33.9817936734977],[-80.9196038005641,33.9818596433125],[-80.9198641936997,33.9819728966525],[-80.9200833056804,33.9820684566156],[-80.9201271623257,33.9820875830108],[-80.9203903049705,33.9822021255483],[-80.9206536182534,33.9823166685345],[-80.9208106115738,33.9823776611053],[-80.9212110898001,33.9825534531501],[-80.9213269354125,33.9826043035779],[-80.9218239548524,33.9828226071675],[-80.9218334709335,33.9828267862621],[-80.9219223318279,33.9827439801058],[-80.9220128435256,33.9826624242441],[-80.9221975336197,33.9825049363005],[-80.9222923756948,33.9824282453341],[-80.9223887504932,33.9823528921563],[-80.9224169494988,33.9823312949813],[-80.9225931586483,33.9822146141857]],[[-80.9173108782545,33.9804735757811],[-80.9170168892619,33.9804130237003],[-80.9170165571285,33.9804151037168],[-80.9169692740312,33.9807125507033],[-80.9171414754899,33.9807875084357],[-80.9172618511531,33.9808399058271],[-80.91746871036,33.9805060837327],[-80.9173108782545,33.9804735757811]],[[-80.9473506404925,33.9811471194091],[-80.9473813353635,33.9815310494618],[-80.9477951193727,33.9815080341808],[-80.9478615627171,33.9815043326637],[-80.9481571810321,33.9814878597369],[-80.9485192414394,33.9814676842357],[-80.9488814736942,33.9814476502184],[-80.9491722217323,33.9814314514932],[-80.9491753760094,33.9814311813717],[-80.9494116370138,33.9814111797958],[-80.9494236682603,33.9814157930312],[-80.9494368503749,33.9814168627125],[-80.9496841048345,33.9814030859734],[-80.949809220384,33.9813961150642],[-80.9501827938433,33.9813753658796],[-80.9501931697534,33.9813734647392],[-80.9502030539486,33.9813702189556],[-80.9502121974278,33.9813657122878],[-80.9502203695748,33.9813600564551],[-80.9502273635682,33.981353394746],[-80.9502330050448,33.9813458948082],[-80.9502371510183,33.981337745943],[-80.9502396963781,33.9813291527959],[-80.9502752557906,33.9811447896373],[-80.9504404306047,33.9811544805525],[-80.9504669711401,33.981156119635],[-80.9512486872929,33.9812043838687],[-80.95124103597,33.9814009709921],[-80.951230294525,33.9818418319587],[-80.9512267760416,33.9821811878916],[-80.951711337131,33.9821862313359],[-80.9522042843626,33.9821920551932],[-80.9525343750301,33.9821984587072],[-80.9528642935714,33.9821990615003],[-80.9528692440933,33.981873594156],[-80.9528705544193,33.9817874491992],[-80.9528752357128,33.9817421708714],[-80.9528824045456,33.981672833246],[-80.9528835579987,33.9816616786696],[-80.9529801205148,33.9816594204622],[-80.9529901944234,33.9816614531201],[-80.95331275023,33.9817265383923],[-80.9533234367987,33.9816906319418],[-80.9533841901208,33.9814865101717],[-80.9534638940491,33.9812198584933],[-80.9534647333311,33.9809367165275],[-80.9534657457907,33.9806535737042],[-80.9534629777721,33.9803698577599],[-80.9534608842413,33.9801099038343],[-80.953475706438,33.9800257395408],[-80.9535286229806,33.9797231482465],[-80.9535682641824,33.9794981375378],[-80.9536511669961,33.9790250715593],[-80.9536640681609,33.9789077110458],[-80.9536642911332,33.9789056922062],[-80.9536445611407,33.9789087416234],[-80.95352200719,33.9789276839224],[-80.9529685557519,33.97901289227],[-80.9529432467072,33.9790167888687],[-80.9529397449257,33.9791361708913],[-80.9529364176576,33.9792511156748],[-80.9529336186082,33.9793501689655],[-80.9527687332396,33.9793474300309],[-80.9523273118932,33.9793426805099],[-80.9523488339276,33.9790315726918],[-80.9523241512557,33.9790320771815],[-80.9519195638658,33.9790403420778],[-80.9517516507372,33.9790451686475],[-80.9513335878675,33.9790588907377],[-80.9512490480421,33.9790610045092],[-80.9511657265258,33.9790587731809],[-80.9510828218783,33.9790514882101],[-80.9510007751592,33.9790391883534],[-80.9509200228633,33.9790219390469],[-80.9507643098691,33.9789743501501],[-80.9505021755127,33.9788829046767],[-80.9502674011797,33.9787888122868],[-80.9502519409674,33.9787826140628],[-80.9499406876624,33.9786578332061],[-80.9499074038758,33.9786446981233],[-80.9496583165984,33.978544991075],[-80.9494457318506,33.9784594939863],[-80.949408871293,33.9784421824055],[-80.9492087768195,33.9783505205184],[-80.949079599533,33.9782910621658],[-80.9489330737725,33.9782234369854],[-80.9486638972846,33.9780996476707],[-80.9486223278221,33.9780803059653],[-80.9484680718154,33.9780085255679],[-80.9483198291779,33.977939324563],[-80.9482921729476,33.9779264294394],[-80.948082632451,33.9778284543398],[-80.9480178586532,33.9777983065707],[-80.947794714427,33.9781505605392],[-80.9479390636254,33.9782181843491],[-80.9479493820974,33.9782230182249],[-80.9478729271786,33.9783448843626],[-80.9478587859776,33.9783683399487],[-80.9477418650818,33.9785622678788],[-80.947504498109,33.9786864184445],[-80.9477599604749,33.9790396682835],[-80.9481107673059,33.9788591647447],[-80.9482835098334,33.979048905625],[-80.9481454915392,33.9793844743104],[-80.9481377596291,33.9794032743809],[-80.9480819847346,33.9795326180961],[-80.9480613749165,33.9795258854377],[-80.9480079791585,33.9795049940449],[-80.9479572097133,33.979479967789],[-80.9479095266046,33.979451033435],[-80.9478653618892,33.9794184531593],[-80.9475456060475,33.9796765538092],[-80.947575998861,33.9797092039506],[-80.9477684930609,33.9799152720468],[-80.9478059248032,33.9799603785712],[-80.9478860649317,33.9798468972448],[-80.948474022382,33.9799115590041],[-80.9486373758416,33.9799309665609],[-80.948614261467,33.9800326848877],[-80.9485759976491,33.9802020015198],[-80.9484126897149,33.9801816498153],[-80.9479467214896,33.9801299226086],[-80.9478870778797,33.9801601011506],[-80.9474826406081,33.9803653457906],[-80.9476043651023,33.9805321616733],[-80.9476203653159,33.9805494207912],[-80.9475019863447,33.9806454566546],[-80.947481196771,33.980661557753],[-80.9471650400877,33.9809064118884],[-80.9473099496891,33.981094424415],[-80.9473506404925,33.9811471194091]],[[-80.9536404016267,33.9776845070561],[-80.9536621268656,33.977820843455],[-80.9537763274594,33.9778084965972],[-80.9537852747314,33.9778075296933],[-80.953800722705,33.9776672459632],[-80.9538026386901,33.977648684122],[-80.9538497373869,33.9771921985773],[-80.9539019948248,33.9766857070593],[-80.9539006277464,33.9766858580383],[-80.953602874099,33.9767186746984],[-80.9534916600744,33.9767309314468],[-80.9533281174306,33.9767482495427],[-80.9533269536389,33.9767407676343],[-80.9533133721361,33.9766534402267],[-80.9533020374807,33.9766461537672],[-80.9532578912014,33.976617775721],[-80.9528815811779,33.9766585727006],[-80.952554585201,33.9766940916786],[-80.9526428254895,33.9772387912102],[-80.952966554603,33.9772036458757],[-80.9530177513158,33.977529895933],[-80.9530517761283,33.9777482654509],[-80.9531585156188,33.977736695413],[-80.9533136510891,33.9777198784352],[-80.9534277498147,33.9777076112099],[-80.9536404016267,33.9776845070561]],[[-80.9509707408587,33.9774173181655],[-80.9508859202631,33.9768746656963],[-80.9501668361752,33.9769524758328],[-80.9501662841444,33.9769525360254],[-80.9501668610575,33.9769562359646],[-80.9502513651885,33.9774975272103],[-80.9509711247762,33.9774197754709],[-80.9509707408587,33.9774173181655]],[[-80.9496596185223,33.976882905356],[-80.9498330695268,33.9768644374094],[-80.9499814266619,33.9768341981284],[-80.9499813188304,33.9768335046715],[-80.9498852963811,33.976218305407],[-80.9498332992543,33.9758850220986],[-80.9497230899212,33.9758142997932],[-80.9494384000304,33.9758439656985],[-80.9493086688777,33.9758563193554],[-80.9493072792261,33.9758451844955],[-80.94917865763,33.9758572201669],[-80.9488375761283,33.9758880951142],[-80.9481817274323,33.9759475583427],[-80.9481820279925,33.9759499020077],[-80.9482524015041,33.9764158962388],[-80.9482589862248,33.976459497469],[-80.9483029492132,33.9767506060648],[-80.9483151097012,33.9768311264357],[-80.9483440276021,33.9770226107408],[-80.9489990781937,33.9769537307055],[-80.9492884257613,33.9769226123628],[-80.9493683782084,33.9769140129717],[-80.9494605067009,33.976904104702],[-80.9495136390603,33.9768984473809],[-80.9496596185223,33.976882905356]],[[-80.9512243232806,33.9766978940418],[-80.9512245540604,33.9766993792455],[-80.9515356012434,33.9766657502284],[-80.9515364985591,33.9766656531945],[-80.9515517226177,33.9766640072123],[-80.9514668258416,33.9761188356346],[-80.951391136066,33.9756337221971],[-80.9510651739063,33.9756689509189],[-80.951139693947,33.9761542227916],[-80.9512243232806,33.9766978940418]],[[-80.9558584273711,33.9799340112338],[-80.9558724364277,33.9799407763164],[-80.955861558743,33.9797523634358],[-80.9558411554579,33.9792319295143],[-80.9558363994794,33.9792383155159],[-80.9558353661868,33.979239695662],[-80.9557744596616,33.9793160120714],[-80.9557084137997,33.9793893017764],[-80.9556374447792,33.9794593248746],[-80.955561784895,33.979525852156],[-80.9554670699274,33.9795999673821],[-80.9553503521999,33.9796886759625],[-80.9558584273711,33.9799340112338]],[[-80.953985310064,33.9749301835081],[-80.954045317367,33.9747755862162],[-80.9535792023038,33.9748474925244],[-80.9533583364312,33.9752237908379],[-80.9533606375859,33.9752235410283],[-80.9536464728288,33.975197124418],[-80.9539782154307,33.9749484603074],[-80.953985310064,33.9749301835081]],[[-80.9400684471055,33.9730388868092],[-80.940064281911,33.973038078669],[-80.9399032132964,33.9736416487651],[-80.9399068709869,33.9736423583784],[-80.9401603068757,33.9736915401587],[-80.940214896314,33.9737021877071],[-80.9402566827549,33.9737103385465],[-80.9406098887611,33.9737789316119],[-80.9407712037383,33.9731754094316],[-80.9407642671383,33.9731740607698],[-80.9404176570913,33.9731066723767],[-80.9400684471055,33.9730388868092]],[[-80.9490461297148,33.9720580890525],[-80.9480050377652,33.9715116415271],[-80.9478543087359,33.9717070237055],[-80.9488876866884,33.972245819191],[-80.9488984282995,33.9722514187208],[-80.9490461297148,33.9720580890525]],[[-80.9035810311101,33.9760346133606],[-80.9028138616563,33.9758220843664],[-80.9028235762528,33.9760439681505],[-80.9028239136487,33.9760499810063],[-80.902841003135,33.9764360599136],[-80.9028606168616,33.976869091801],[-80.9028832618752,33.9773707595207],[-80.9028862676091,33.9774359706959],[-80.9029847272354,33.9774647830094],[-80.9030812344285,33.9774978640243],[-80.9031378461951,33.9775196240755],[-80.9032254937205,33.9775569652703],[-80.9033108133061,33.9775978778078],[-80.9033935954515,33.97764226123],[-80.9034736368864,33.9776900065558],[-80.9036160583653,33.9776998187704],[-80.903657445505,33.977702669659],[-80.9036490925861,33.9774902342891],[-80.9036427482352,33.9773254683632],[-80.9036362308935,33.9771605589241],[-80.9036298865916,33.9769957929837],[-80.9036235423148,33.9768310261342],[-80.9036170250474,33.9766661166732],[-80.9036026628983,33.9762963591348],[-80.9035926431157,33.9760378297624],[-80.9035810311101,33.9760346133606]],[[-80.8924118213168,33.9844537080455],[-80.8923285214519,33.9841461583519],[-80.8923155385827,33.9841488603186],[-80.891697833048,33.9842774217514],[-80.8917837911236,33.984580908384],[-80.8917847416252,33.9845842590528],[-80.8922688153836,33.9844835007652],[-80.8924118213168,33.9844537080455]]]},"properties":{"LABEL":"DISTRICT 4"}},{"type":"Feature","geometry":{"type":"Polygon","coordinates":[[[-80.9922570122574,34.0563883487046],[-80.9927814659694,34.0560636362542],[-80.9926067663885,34.0560311543683],[-80.9924327589603,34.0559961935291],[-80.9922594944613,34.0559587639386],[-80.992087023451,34.0559188765192],[-80.9919384254836,34.0558823346205],[-80.9917905371048,34.055843850298],[-80.9907634983523,34.0555113913354],[-80.9909440148422,34.0552788807312],[-80.9915940161854,34.0543274543388],[-80.9919847959393,34.0538075842582],[-80.9920721686424,34.0537215606016],[-80.9915637715179,34.0534386545558],[-80.9913600561334,34.0533252927911],[-80.9908769147204,34.0539278914198],[-80.9900984401106,34.0548984856149],[-80.9897877661233,34.0553001078431],[-80.9891220576579,34.0549539416405],[-80.9890267893107,34.054899395505],[-80.9884583329458,34.0545736187446],[-80.9887804976966,34.0541577505048],[-80.9890608620153,34.0538179541257],[-80.988969571225,34.053598936556],[-80.9892636332369,34.0534003968266],[-80.9894935679921,34.0533679223184],[-80.9896884310856,34.0532405416741],[-80.989883464747,34.0531133032002],[-80.9900783266698,34.0529860644018],[-80.9902731880323,34.0528586828261],[-80.9904680488019,34.052731443407],[-80.9907108926779,34.0525728591392],[-80.9908681034204,34.0523120643137],[-80.9909785297472,34.0521284189533],[-80.9910913630401,34.0519411957533],[-80.9910918884539,34.0518468646231],[-80.991094025643,34.0515238172962],[-80.9910974650523,34.0515239600099],[-80.9910995429248,34.0513865426343],[-80.9911059683465,34.0509523280278],[-80.9910894597396,34.0509473161533],[-80.9916508627242,34.0499918739113],[-80.9920496867766,34.0496651041166],[-80.9921967281873,34.0495606183647],[-80.9924462679876,34.0493835661698],[-80.9929205682961,34.0500965966479],[-80.9930259084046,34.0502550935828],[-80.9934061801657,34.0508272502053],[-80.9925811222907,34.051207964751],[-80.9931619753509,34.0523002851864],[-80.9934147094519,34.0524034341007],[-80.9934249050969,34.0524076283992],[-80.9934589053919,34.0524216154],[-80.9935431378603,34.0522796614103],[-80.9936833105333,34.0520434313517],[-80.9937934565763,34.0518578042512],[-80.9938278789456,34.0517997921536],[-80.9939341067429,34.051620767795],[-80.9940512511834,34.0515704222051],[-80.9941255823632,34.0516888257233],[-80.994171150144,34.0517618313761],[-80.9942145580666,34.0517361271341],[-80.9942951468663,34.0516884044258],[-80.9945142463563,34.0515582968618],[-80.9946552679767,34.0514749940906],[-80.9952052482595,34.0511854370573],[-80.9957512687255,34.0508957349621],[-80.995717737963,34.050833323341],[-80.9958609916458,34.0507803656363],[-80.9960305497657,34.050855807456],[-80.9960687257148,34.050897463139],[-80.9964188627178,34.0507490348269],[-80.9964932491456,34.0507173524663],[-80.9965611636566,34.0507275000608],[-80.9966300513598,34.0507307760098],[-80.9966989124346,34.0507271327668],[-80.9967667474468,34.0507166232089],[-80.9968128992412,34.0507083395835],[-80.9968577919458,34.0506961723475],[-80.9969009552085,34.0506802489803],[-80.9969419367977,34.050660736315],[-80.9969803073406,34.0506378387908],[-80.9970156648218,34.0506117963105],[-80.9970476387954,34.0505828817274],[-80.9970758942666,34.0505513979859],[-80.9975071970513,34.0504175686409],[-80.9975869913549,34.0503929495703],[-80.9982514835448,34.0501868343532],[-80.9984244289292,34.0501415555941],[-80.9990247346499,34.0499584302958],[-80.9990916675487,34.0499380120296],[-80.9992285544779,34.0498963584762],[-80.9993496201592,34.0498641516976],[-80.9996348867711,34.0497880871806],[-80.9997511652144,34.0497570819484],[-80.9999170276782,34.0497059563343],[-81.0000410165508,34.0496707426465],[-81.0002869303798,34.049599314027],[-81.0005887322084,34.0495097056889],[-81.0005793565521,34.0495008123618],[-81.0004470305548,34.0493752940125],[-81.0002291482011,34.0491688823584],[-81.0000114380465,34.0489623269412],[-80.999909181428,34.0488654619124],[-80.9997933855477,34.0487557702282],[-80.9995907193672,34.0485634851294],[-80.9995756785682,34.0485492140232],[-80.9993577993141,34.0483428007925],[-80.999253113456,34.0482363971109],[-80.9990357524781,34.0480295531938],[-80.9988442826536,34.0478472197861],[-80.9988183925474,34.0478225655153],[-80.9986008614262,34.0476157217131],[-80.9983835035848,34.0474088766183],[-80.9979601798206,34.0470060228623],[-80.9979487910377,34.0469951852516],[-80.9979409692399,34.0469877362535],[-80.9977314363358,34.0467881965124],[-80.9975075488611,34.0465753381431],[-80.9973655678788,34.0465037247138],[-80.9970434952271,34.0461868460865],[-80.9970519023057,34.0461798608854],[-80.9975829482935,34.0457386279823],[-80.9975812271301,34.0457365720928],[-80.99740497693,34.0455200436101],[-80.9974026427086,34.0455170310107],[-80.997335448739,34.0454276502318],[-80.9972713571747,34.0453367043611],[-80.9968137131906,34.0449138948804],[-80.9960493855745,34.0442077303299],[-80.9959766506164,34.0441331499822],[-80.9956136243488,34.0437608454253],[-80.9953053063716,34.0434446433101],[-80.9948728661053,34.043001207513],[-80.9946409122066,34.0430258526787],[-80.9944713246566,34.0430438222738],[-80.992150432101,34.0432900313274],[-80.992022461564,34.0431665049116],[-80.9918846646428,34.0430333557634],[-80.9920883593426,34.0428903614745],[-80.9922780763478,34.042765548384],[-80.9924700916604,34.042643195378],[-80.9924606928318,34.042632554842],[-80.9926779455855,34.0425007380552],[-80.992899084443,34.042373478583],[-80.9929383012509,34.0423516111804],[-80.9931095308116,34.0422614742294],[-80.9932830141811,34.0421743752435],[-80.993458673592,34.0420903532634],[-80.9936364303026,34.0420094459505],[-80.9939391196707,34.041880138602],[-80.9941518197568,34.0417902320577],[-80.9944124548595,34.0416799842349],[-80.9944221417846,34.0416764058539],[-80.9947850895406,34.0415412750935],[-80.9948327161638,34.0416102727736],[-80.9948759911281,34.0417635135562],[-80.9949834693448,34.0421441068821],[-80.9955925459046,34.0425912511431],[-80.9956226386118,34.0426108661245],[-80.995655863334,34.0426265925854],[-80.9956915006819,34.0426380900124],[-80.9957287790263,34.0426451094598],[-80.9957396355953,34.0426462757206],[-80.9958025228015,34.042650833546],[-80.9958655903489,34.0426530769833],[-80.9959287153859,34.0426530016625],[-80.9959917749485,34.0426506077303],[-80.9959737318489,34.0425636765988],[-80.995951445971,34.0424774301663],[-80.9959249543914,34.04239201187],[-80.9958943011809,34.0423075637697],[-80.9958595373309,34.0422242263113],[-80.995820720669,34.0421421380929],[-80.9957779157623,34.0420614356348],[-80.9957311938102,34.0419822531523],[-80.9957142762096,34.0419540278012],[-80.9957028876995,34.0419350963804],[-80.9956887850213,34.0419115500036],[-80.995667164748,34.0418756195224],[-80.9956536870205,34.041853119126],[-80.9956332581535,34.0418191624843],[-80.9956193667104,34.0417959939154],[-80.9956017852594,34.0417667207577],[-80.9955781288964,34.0417273258859],[-80.9955598878865,34.0416969436169],[-80.9955554061632,34.0416893854722],[-80.9957754544614,34.0415982329707],[-80.9955644378705,34.0413049240427],[-80.9966203802251,34.0408654156038],[-80.9969974027807,34.0407085308069],[-80.997165563659,34.0406385273554],[-80.9973138342093,34.040576801685],[-80.9974510758318,34.0405196994897],[-80.9975861422938,34.0404635014972],[-80.9974387846357,34.0402175682077],[-80.9972255020524,34.0400235220763],[-80.9972666403802,34.0400345678222],[-80.9973993227687,34.0397092228188],[-80.9974220866664,34.0396482174683],[-80.9974482984179,34.0395779734393],[-80.9977648677568,34.0396629640843],[-80.9978080931674,34.0396745263593],[-80.9979257185103,34.0397094329061],[-80.9978950705803,34.0397799195134],[-80.9978695244622,34.0398386742758],[-80.9978250202077,34.0399386243346],[-80.9978818825823,34.0400334346941],[-80.9980438453348,34.0402729846194],[-80.9980998323513,34.0402496875558],[-80.9983541559354,34.0401438595268],[-80.998501766227,34.04008240924],[-80.9988708663118,34.0399287493888],[-80.9995575605095,34.0396429378857],[-80.999549685074,34.0396374438435],[-80.9994799393531,34.0395905584646],[-80.9994083849451,34.0395456016146],[-80.999335098763,34.0395026216155],[-80.9992601595808,34.0394616646642],[-80.999150603398,34.0394070392551],[-80.9990380562224,34.0393568044583],[-80.998922771761,34.0393110735123],[-80.9988050098901,34.0392699495033],[-80.9987950754771,34.0392667267571],[-80.9986664772878,34.0395763910952],[-80.9985141972634,34.0395266970777],[-80.9983603793778,34.039476505118],[-80.9982655735018,34.0394455811771],[-80.9982059085108,34.0394278918216],[-80.9980504087889,34.0393817354291],[-80.9979407068819,34.0393491915642],[-80.9979084991422,34.0393405266595],[-80.9978950012677,34.0393368953144],[-80.9980166272748,34.0390425730467],[-80.9980171352892,34.0390413449491],[-80.9980154358758,34.0390408562044],[-80.9978611196846,34.0389964705137],[-80.997705112907,34.0389516202275],[-80.9975491117082,34.0389067526127],[-80.9973150831381,34.0388394156552],[-80.9970810311055,34.0387720809598],[-80.9970702216476,34.0387689698644],[-80.9969266346459,34.0387276472142],[-80.9967291630737,34.0386708472327],[-80.9966009190604,34.038979488775],[-80.996486436249,34.0389461950852],[-80.9964202083017,34.0389269059816],[-80.996178818699,34.0388566253476],[-80.9959410297413,34.0387873939312],[-80.9959015093044,34.0387758816204],[-80.9957067406821,34.0387191901091],[-80.9955508568663,34.0386738276599],[-80.9954216653607,34.0390001690834],[-80.9953691202627,34.0391304554449],[-80.9952132846202,34.0390850988907],[-80.9952658450911,34.0389547954619],[-80.9951100054893,34.0389094279553],[-80.9952392121204,34.0385831048825],[-80.9953602770569,34.0382771181277],[-80.9952085977023,34.0382334623054],[-80.9950621920997,34.0381913772564],[-80.9949047509783,34.0381460085172],[-80.9947477703348,34.0381008316579],[-80.9946007673128,34.0380586152924],[-80.9945801235403,34.0380526866622],[-80.9945134017219,34.0380334497148],[-80.9945021787084,34.0380302139433],[-80.9943851463564,34.0383258179705],[-80.9943820719633,34.0383335823105],[-80.9943041572699,34.0383108984742],[-80.9941482911819,34.0382655081104],[-80.9940703636153,34.0382428124043],[-80.9939924869943,34.0382201428008],[-80.9941120695607,34.0379180128008],[-80.994034027492,34.0378955551113],[-80.9939560331191,34.0378731235241],[-80.9938780723677,34.0378506305742],[-80.9936563685943,34.0377866010293],[-80.9936493301624,34.0377917736834],[-80.9934383861771,34.0380704706617],[-80.9932113949366,34.0383703579742],[-80.9932186451715,34.0383723141428],[-80.9935493175314,34.0384615470794],[-80.9934969388896,34.0385918885816],[-80.9933642943749,34.0389172241065],[-80.9935212781581,34.0389596101623],[-80.993678090956,34.0390020798678],[-80.9936469195831,34.0390768223057],[-80.9935408699945,34.0393311005301],[-80.9934157395924,34.0394401654239],[-80.9934482092063,34.0394750229783],[-80.9934845030747,34.0395139834268],[-80.9933660694925,34.039789745453],[-80.9932299084996,34.0401068039026],[-80.9931743364311,34.0402361928481],[-80.9929299124539,34.040805389709],[-80.9928669340655,34.0409338376048],[-80.9927680919481,34.0409096988651],[-80.9926708461667,34.0408814216225],[-80.9926288027448,34.0408676502897],[-80.9926204378288,34.0408648085599],[-80.9925788559252,34.0408501012808],[-80.9925103229628,34.0408249002713],[-80.9916586379417,34.0405117143142],[-80.9910808207893,34.040299120864],[-80.9909990434383,34.0402694114045],[-80.9905495674107,34.0401061139308],[-80.9903555752927,34.0400356344368],[-80.9903185031421,34.0400221692799],[-80.990015794961,34.039912345286],[-80.9898342960632,34.0398464826443],[-80.9896828942989,34.0397915345262],[-80.989525140417,34.0397343314549],[-80.9895866400041,34.0396067371873],[-80.9898979404332,34.0390223171764],[-80.9893313121543,34.038958696817],[-80.9887333679037,34.0387578288562],[-80.9883710230042,34.0390329804043],[-80.9882942745208,34.0390912595216],[-80.988174954655,34.0391892315712],[-80.9881353360848,34.039165077751],[-80.9881118147605,34.0391503111817],[-80.988044135531,34.0391036492892],[-80.9881626058389,34.0390087141838],[-80.9884601737672,34.0387844938734],[-80.9885607647933,34.0387086960518],[-80.9889751974769,34.0383963924966],[-80.9889974199171,34.0382600160956],[-80.9891198086028,34.0382786766006],[-80.9891854042481,34.0382877001649],[-80.98938052018,34.0383134531331],[-80.9896414767899,34.038347918054],[-80.9899019516216,34.0383823814851],[-80.9901197546234,34.0384111801515],[-80.9901632608788,34.0384149562902],[-80.9904259697215,34.0384378113036],[-80.9906563132576,34.0384578383248],[-80.9908224181925,34.03847794224],[-80.9907800863375,34.0385819827562],[-80.9907630335257,34.0386238912778],[-80.9912127757859,34.038675028279],[-80.9912842590212,34.0384993005643],[-80.9913690253234,34.0382910577701],[-80.9914537879654,34.0380828212177],[-80.9915385122864,34.0378746026268],[-80.9916206588589,34.0376727795024],[-80.9916232643586,34.0376663803613],[-80.9917079921965,34.0374581120381],[-80.9917927683613,34.0372498716008],[-80.9913902314061,34.0371355096179],[-80.9913709808992,34.0371300404127],[-80.9912862590737,34.0373382436032],[-80.991239348918,34.0374534189976],[-80.9910845249449,34.0374056479861],[-80.9909293974828,34.0373615899319],[-80.9908376991824,34.0373355468033],[-80.9908379873637,34.037334837192],[-80.9908392310932,34.0373317805434],[-80.9909633945029,34.0370266052147],[-80.9909679046145,34.0370155210261],[-80.9907856655009,34.0369637450214],[-80.9907217896877,34.0369436469277],[-80.9904776924433,34.0368668790044],[-80.9904123983793,34.0370272870409],[-80.9903439611248,34.0371954132867],[-80.990333602718,34.0372208790059],[-80.9902673605139,34.0372079327271],[-80.9900421624901,34.037164116014],[-80.9900300731734,34.0371617670342],[-80.9899461844681,34.0371454684728],[-80.9897761586921,34.0371123795718],[-80.9897504594499,34.0371073784645],[-80.9899072039925,34.036726818072],[-80.989915015344,34.036707853388],[-80.9896331521121,34.0366296740833],[-80.9893240212612,34.0365438923219],[-80.988748381156,34.0363967085409],[-80.9884806162249,34.0363282427362],[-80.9880051395957,34.0362066908863],[-80.9879949610758,34.0362040885163],[-80.9879585039722,34.0362542168359],[-80.9879248351335,34.0363056791384],[-80.9876610763605,34.0367284618044],[-80.9875279284846,34.0369418595003],[-80.9874517752954,34.0370638148759],[-80.9873204299924,34.037275562413],[-80.9873046280815,34.0373010372415],[-80.987171243526,34.0372157747354],[-80.9870379821779,34.0371268449098],[-80.986882351934,34.0370229886499],[-80.9868314752324,34.0369890200796],[-80.9866247740077,34.0368510866764],[-80.9865562903265,34.0368054409666],[-80.9863757677838,34.0366851894782],[-80.9863669988827,34.0366793193926],[-80.9862267474462,34.0365859416643],[-80.9861951850938,34.0365649286996],[-80.9861092594316,34.0365076399352],[-80.9860230837005,34.0364502816519],[-80.9858520269778,34.0364271708045],[-80.985844433577,34.0364261681573],[-80.9855898073881,34.0363918375366],[-80.9855548708619,34.036387108602],[-80.9853621584671,34.0363610144601],[-80.9853444795596,34.0363586201812],[-80.9853330770276,34.0363570760368],[-80.9852226756722,34.0363421236848],[-80.9852103233029,34.0363404044874],[-80.9850064382088,34.0363127864026],[-80.9849361215668,34.036357028502],[-80.9848271503978,34.0364255881243],[-80.9846684182646,34.0365256881638],[-80.9845639289949,34.0365915817978],[-80.9845520926691,34.0365990715951],[-80.984376130211,34.0367099163955],[-80.9843005896138,34.0367575099688],[-80.9842705031414,34.0367763569639],[-80.9841911885288,34.0368260446254],[-80.9840366547127,34.0369228054102],[-80.9839108574562,34.0370017468559],[-80.9837729332253,34.0370882391716],[-80.9835089757359,34.0372534342872],[-80.9834626219708,34.0372825654395],[-80.9834152759157,34.0373123979591],[-80.9832456236424,34.0374192943653],[-80.9827817988448,34.037711475099],[-80.9827750860693,34.0376935674417],[-80.9826164819985,34.0372704618236],[-80.9825977039012,34.0372827925543],[-80.9821896756932,34.0375507350688],[-80.9821711727677,34.0375621739988],[-80.9819743325868,34.0376838128477],[-80.9818931462627,34.0377339829663],[-80.9818920792586,34.0377346536705],[-80.9816798001789,34.0378587667449],[-80.9816397262864,34.0378784285565],[-80.981622036319,34.0378862715714],[-80.9815711004995,34.0379061700785],[-80.9815185172701,34.0379228361529],[-80.9814645821229,34.0379361761391],[-80.9814095981476,34.0379461150727],[-80.981332272239,34.0379541509292],[-80.9812543622965,34.0379554702395],[-80.9812444193786,34.0379552243788],[-80.9812260217402,34.0379547292734],[-80.9812103166965,34.0379543382676],[-80.9811944697745,34.0379539048586],[-80.9810485472166,34.0379501126886],[-80.9810418969002,34.0379501441341],[-80.9810372600016,34.0379505744352],[-80.9809906128596,34.0379490425378],[-80.9809893847608,34.0378111085381],[-80.9808244832756,34.0378162877492],[-80.9808159130509,34.0375617681781],[-80.9808102759979,34.0373943237634],[-80.9808010540227,34.0371195249768],[-80.9807904657371,34.0368036736576],[-80.9807812009185,34.0368036713219],[-80.9803712299858,34.0368035810255],[-80.9802686801192,34.0368035584562],[-80.9802202773556,34.0368022498466],[-80.9801720866013,34.0367982616479],[-80.9801243216538,34.0367916115537],[-80.9800771944216,34.0367823290669],[-80.9800309139835,34.0367704553692],[-80.9799856856615,34.036756043138],[-80.9799417101094,34.0367391563128],[-80.9798991824231,34.0367198698117],[-80.9797660095626,34.0366537315011],[-80.9798507688686,34.0365357722162],[-80.9797117755586,34.0364614076507],[-80.9799566157587,34.0361202763247],[-80.9801046446716,34.0361817965443],[-80.9803683998575,34.0361769720951],[-80.9807696581827,34.0361695869135],[-80.9811031429035,34.0361634534094],[-80.9812474348718,34.0361607981619],[-80.9812526365823,34.0361575239963],[-80.9814511202148,34.0360325826813],[-80.9814592867265,34.036027430722],[-80.9816617701323,34.0358999793479],[-80.9820446642385,34.0356598529689],[-80.9820269346149,34.0356213922631],[-80.9819012861393,34.0353485954062],[-80.9818494459975,34.035156842641],[-80.981833762318,34.0350987081426],[-80.9820089647045,34.0346809896785],[-80.9821026071848,34.0343053818264],[-80.9821492389079,34.03420475407],[-80.9821797496749,34.0341066577407],[-80.9822056784548,34.0339903329971],[-80.9822915484827,34.033908943934],[-80.9822930283201,34.0338176521171],[-80.9823383461584,34.0336994771192],[-80.9823768226011,34.0334365692802],[-80.9823809687279,34.0333404366321],[-80.9824250853329,34.0332210648683],[-80.9824685043542,34.0331441005744],[-80.9824854168832,34.0331141802342],[-80.9825514857109,34.0327751235846],[-80.982525940462,34.0326922533681],[-80.9824781232694,34.0323872601803],[-80.9823982555004,34.0322438280478],[-80.9823511075382,34.0321591603459],[-80.982341965723,34.032142741892],[-80.9826593175649,34.0321388597501],[-80.9827747997665,34.032144747664],[-80.9830200064655,34.0322154679929],[-80.9830710613861,34.0322409063604],[-80.983232280126,34.0323212331614],[-80.983295924315,34.0323529426178],[-80.9833358528113,34.0324144913427],[-80.9833964814772,34.032476536051],[-80.9834152547219,34.0324889639112],[-80.9834237966799,34.0324946186768],[-80.9834640537047,34.0325212682175],[-80.9835420268395,34.0325414666184],[-80.983621730194,34.0325530278669],[-80.9836927630029,34.0325573590405],[-80.9837950056372,34.0325631441765],[-80.9838220744028,34.0325676543763],[-80.9838319081394,34.0325692922331],[-80.9838556434019,34.0325732465476],[-80.9839110885281,34.0325920089919],[-80.9839613301987,34.0326194315147],[-80.9840323645153,34.0326627138926],[-80.9840947385813,34.0327016742],[-80.9841761791894,34.0327377451734],[-80.9842153633978,34.0327518436467],[-80.9842212905221,34.0327539760059],[-80.9842524098251,34.0327651717892],[-80.9843425132971,34.0327983628378],[-80.9844014171818,34.0328272199674],[-80.9844533882948,34.0328632879528],[-80.9845313585077,34.0328907055973],[-80.9845675224534,34.0328914305524],[-80.9845769167834,34.0328916183707],[-80.9846041336974,34.0328921636676],[-80.9846803715986,34.0328864013538],[-80.9847444902968,34.0328921809962],[-80.9848138008847,34.0328994012469],[-80.9848952340757,34.0329311499244],[-80.9849314125535,34.0329541430204],[-80.9849378310732,34.0329582221632],[-80.9849610696499,34.0329729911283],[-80.9850251766766,34.0329903050991],[-80.9851066137767,34.0330004174805],[-80.9852001810585,34.0330105222384],[-80.9853012260312,34.0330189281175],[-80.9853043560019,34.0330191881761],[-80.9853585338177,34.0330359615853],[-80.9854691211611,34.0330789962221],[-80.9856111971929,34.0330705891431],[-80.9856217592092,34.0330699645911],[-80.9857203654595,34.033064129387],[-80.9859525783464,34.0331087194216],[-80.9859632633962,34.0331107710833],[-80.9859621551813,34.0330459409357],[-80.9859582743821,34.0328150670525],[-80.9859574815275,34.0327690048036],[-80.9859566051836,34.0325841780759],[-80.9859546443332,34.0324348824895],[-80.9859536536638,34.0323533421397],[-80.9859506490926,34.0321224962641],[-80.9859505076236,34.0321133584749],[-80.9859476629459,34.0318916702133],[-80.985946361203,34.0317918010681],[-80.9859446735734,34.0316607999645],[-80.9859421942384,34.0314702274002],[-80.9859416354801,34.0314299324006],[-80.9859386742914,34.0311991045054],[-80.9859380587141,34.0311486455921],[-80.9859356860504,34.0309682324094],[-80.9859338539011,34.030827101619],[-80.98593268482,34.0307374162025],[-80.9859319233982,34.0306781522149],[-80.9859297086886,34.0305055386887],[-80.9859267084147,34.0302756926765],[-80.9859255483464,34.0301839667115],[-80.985922958665,34.0299865546999],[-80.985921383699,34.0298624208546],[-80.9859180934595,34.0296046636949],[-80.9857940021726,34.0295541104388],[-80.9856281685806,34.0294915001731],[-80.985530620607,34.0294626120497],[-80.985514691893,34.0294595599073],[-80.9854983530374,34.0294591836455],[-80.9854846636133,34.0294541614062],[-80.9853577942089,34.0294076172259],[-80.9853826581095,34.0293486078066],[-80.9854205470868,34.0292842068722],[-80.9854151354195,34.029008876268],[-80.9854120667286,34.0288524353627],[-80.9854087229924,34.0286830776308],[-80.9854024521025,34.0283659217329],[-80.9853496314016,34.0282320479847],[-80.98539432531,34.0282231809149],[-80.9854372783289,34.0282096015703],[-80.985449053649,34.0282053167461],[-80.985459516134,34.0281991040188],[-80.9854682169075,34.0281912299359],[-80.9854747826772,34.0281820323224],[-80.9854789317499,34.0281719057873],[-80.985480486117,34.0281612847933],[-80.9854793790919,34.0281506250171],[-80.9854756581708,34.0281403837989],[-80.9855760284688,34.0280048390937],[-80.985738779904,34.0280497722598],[-80.9858273468621,34.0280746962537],[-80.9860530442577,34.028138212009],[-80.9860760242465,34.0281445958886],[-80.9861866540962,34.0281625186287],[-80.9862289740464,34.0281693744141],[-80.9862614108989,34.0281746294836],[-80.9863645889058,34.0281780600904],[-80.9866442239762,34.0281872427037],[-80.9866779069411,34.0281883490971],[-80.9869617386346,34.0281977171947],[-80.9869753571594,34.0281981694723],[-80.9869971380634,34.0278267002108],[-80.9870061099085,34.0276734561652],[-80.9870061772092,34.0276724246323],[-80.9870095987891,34.0274614958168],[-80.9870095923439,34.0274611468599],[-80.9870048012213,34.0273752147518],[-80.9869973638297,34.027242840522],[-80.986987413143,34.027065719367],[-80.9869791213133,34.0269836109739],[-80.9869793704024,34.0269764208771],[-80.987140190864,34.02696271293],[-80.9871495282113,34.0269630772805],[-80.9871565577545,34.0269633512219],[-80.9875888429133,34.026896841927],[-80.9875979346745,34.0268954434037],[-80.9875987101066,34.0268952811759],[-80.9876098033346,34.0268929604168],[-80.9879634087315,34.0268189921258],[-80.9881010368834,34.0267897165089],[-80.9881132423343,34.0267871198924],[-80.9882306160637,34.0267621531984],[-80.9882431626528,34.0267594835641],[-80.988269695139,34.0267538396545],[-80.9885948693473,34.0266873626701],[-80.9885964613571,34.0266870373042],[-80.9888526697251,34.026634658518],[-80.9888585179171,34.0266334633942],[-80.988866072912,34.0266319375008],[-80.9895561289577,34.0264925402797],[-80.9895620345274,34.026491346931],[-80.9895998115411,34.026483715442],[-80.9899528502292,34.0263834019858],[-80.9899993543546,34.0263701877795],[-80.9901718342834,34.0263211781468],[-80.9901840386217,34.0263177102878],[-80.9901895511394,34.0263157684704],[-80.9905022025333,34.0262056668464],[-80.9905199854994,34.026199405025],[-80.99072979723,34.0261255178622],[-80.9908915427664,34.0260685570713],[-80.990908618475,34.0260625440102],[-80.9912182876123,34.0259534899308],[-80.9912401945383,34.0259457747634],[-80.9913756073689,34.0258980872259],[-80.9913947785863,34.0258915945409],[-80.9915397030194,34.0258425161657],[-80.9915596063172,34.0258357755386],[-80.9916783924866,34.0257955480734],[-80.9920115060748,34.0256827380123],[-80.9920250976971,34.0256773314142],[-80.9925277027797,34.0254773781912],[-80.9925351559351,34.0254744129607],[-80.9927750721076,34.0253789654775],[-80.9927794614668,34.0253772191472],[-80.9932431936168,34.0251927266386],[-80.9933215096872,34.0251615691544],[-80.9933598484234,34.0251463163131],[-80.9935214512294,34.0250820230847],[-80.993531489377,34.0250782824702],[-80.9936351132455,34.0250396717799],[-80.9936508900915,34.0250337935277],[-80.9937439483141,34.0249991199131],[-80.9937621250255,34.0249923472849],[-80.9941045536333,34.0248647568531],[-80.994134536869,34.0248537656929],[-80.9941911840022,34.0248329995839],[-80.9943484176389,34.0247753586868],[-80.9943590730051,34.0247714530227],[-80.9945060062794,34.0247175895645],[-80.9945491020221,34.0247017919398],[-80.994616972796,34.0246778900279],[-80.9946623232007,34.0246619193358],[-80.9951429968185,34.0244926473697],[-80.9952133483326,34.0244678723851],[-80.9952438900736,34.0244571172219],[-80.995249186848,34.0244552518147],[-80.9953648007248,34.0244145373759],[-80.9953613357562,34.0242656473148],[-80.9953599798094,34.0242073597965],[-80.995355051951,34.0239956529792],[-80.995354393968,34.0239673964882],[-80.9953512952978,34.023834285212],[-80.9953504676915,34.0237987213638],[-80.9953496789835,34.0237647850791],[-80.9953481739542,34.023700089189],[-80.9953429965756,34.0234776900131],[-80.9953418200009,34.023427144457],[-80.9953383669975,34.0232787430756],[-80.9953378289499,34.0232556650281],[-80.9953366793925,34.0232062619199],[-80.9953365162529,34.0231992079397],[-80.9953316047163,34.0229881908625],[-80.9953310991612,34.0229650911737],[-80.995327587279,34.0228048135215],[-80.995327526785,34.0228020597369],[-80.9953241996384,34.0226501904084],[-80.9953239511831,34.0226388506585],[-80.9953198462733,34.0224515905895],[-80.995319240261,34.0224239355203],[-80.9953149906232,34.0222300272226],[-80.9953145866169,34.0222115929133],[-80.9953103153956,34.0220166963435],[-80.9953102257379,34.0220125873065],[-80.99530616518,34.0218272902017],[-80.9953058270719,34.0218118450187],[-80.9953007381676,34.0215796334622],[-80.9953005545316,34.0215712476714],[-80.9952977243729,34.0214421308365],[-80.9952974888881,34.0214313645628],[-80.9952750103559,34.0211480278885],[-80.9952734033606,34.0211277748044],[-80.9952562383194,34.0209114082703],[-80.9952552871135,34.0208994147575],[-80.9952429452646,34.0207438606682],[-80.9952422580962,34.0207157655545],[-80.9952422354079,34.0207148160663],[-80.9952351152814,34.0204230751958],[-80.9952350137207,34.020418902136],[-80.9952321559594,34.0203018166082],[-80.9952312159796,34.0202632960548],[-80.995228582958,34.0201554339946],[-80.995228232901,34.0201410284613],[-80.9952274106888,34.0201073878979],[-80.9952231105749,34.0199312185706],[-80.9952229820054,34.0199259237974],[-80.9952183458962,34.0197360170849],[-80.995218094158,34.0197256944407],[-80.9952171228554,34.0196859475712],[-80.9952147567358,34.0195889653884],[-80.9952144887911,34.019577998931],[-80.995208024662,34.0193131457198],[-80.9952083876166,34.0192708272553],[-80.9952085031512,34.0192573649124],[-80.9952110710289,34.0189587154909],[-80.995211095017,34.0189557516111],[-80.9952121969278,34.018827669984],[-80.9952125500618,34.0187866202026],[-80.9952130754044,34.0187255193716],[-80.9952132552453,34.0187045350654],[-80.9952152181763,34.0184764416372],[-80.9952152890221,34.01846817848],[-80.9952219419379,34.0183161055718],[-80.995222774635,34.0182970707595],[-80.9952286392832,34.0181630290689],[-80.9952278737387,34.0181232551398],[-80.9952186343536,34.0176432114634],[-80.9952185004668,34.0176362377247],[-80.9952106540381,34.0172285264689],[-80.9952103495544,34.0172127088666],[-80.9952101552018,34.0172026359879],[-80.9952062718081,34.017091194048],[-80.9957384104959,34.0168002065617],[-80.9958001885775,34.0167651199781],[-80.9959779531041,34.0166670093619],[-80.9960928230113,34.0166041294876],[-80.9962820695837,34.0165002019361],[-80.9984072708688,34.015340669371],[-80.9985731386034,34.0152642605387],[-80.9991236151799,34.0150578740183],[-80.9996270878528,34.0149231203743],[-81.0001483963201,34.0148256976995],[-81.0004279058868,34.0147928129961],[-81.0014733508611,34.0147220685176],[-81.004406903848,34.0145095551592],[-81.0051092787702,34.014456326192],[-81.0051090003482,34.0144539989186],[-81.0053180001585,34.0144359994421],[-81.0058520000242,34.0143929995387],[-81.0059440004327,34.0143779990116],[-81.006151999516,34.0143469992863],[-81.0063069998577,34.0143129992593],[-81.0065659995462,34.0142579993228],[-81.0067730001168,34.0142039989727],[-81.0069279995531,34.0141649991497],[-81.0070499996305,34.0141329990975],[-81.0071340003201,34.0141119991379],[-81.0073410001832,34.01405799874],[-81.0074200002097,34.0140609994047],[-81.0074439997329,34.0140619988534],[-81.0075470004628,34.0140669988655],[-81.0076910000369,34.0140029991511],[-81.0078070002808,34.0139529990089],[-81.0081499995605,34.0138919995603],[-81.0083059994848,34.0138649995616],[-81.0085589999657,34.0138209992943],[-81.0087039996873,34.0137969995058],[-81.0093180003982,34.0136839990798],[-81.0095709996075,34.0136379994837],[-81.0094599996962,34.0132899990089],[-81.0093260001072,34.0128639995376],[-81.0092039997594,34.0124029995214],[-81.0091539997176,34.0122399994068],[-81.0091259998738,34.0121479992695],[-81.0090469998525,34.0118919990394],[-81.0088900005171,34.0113579995377],[-81.0085929995644,34.0103989987245],[-81.0085859997552,34.0103799994905],[-81.0085670005108,34.010325998898],[-81.0085610002042,34.0103079986768],[-81.00849299959,34.010079999502],[-81.0082899994825,34.0093979988699],[-81.008222999779,34.0091709994107],[-81.0080030003151,34.0092429992236],[-81.0073429996296,34.0094579990336],[-81.0071240003268,34.0095309990122],[-81.0069669999741,34.0095729991974],[-81.0064969996978,34.0097009993782],[-81.0063412223875,34.0097449355574],[-81.0063410004269,34.0097449986878],[-81.0062779999048,34.0096519987433],[-81.006019999828,34.0089109988449],[-81.0059710002091,34.0087249993822],[-81.0059550004789,34.0085369992422],[-81.0060659997865,34.0073209993674],[-81.0060859998763,34.0071519989474],[-81.0060849995316,34.0071379991918],[-81.0062010004689,34.0060859989652],[-81.0062450004198,34.0057229990001],[-81.0063029998391,34.0050119993431],[-81.0063410003154,34.0046879990266],[-81.0064999996034,34.0046059991036],[-81.0064999985172,34.0046059531169],[-81.0039453363821,34.0036837021713],[-81.0028285521137,34.0033266308907],[-81.0033136082452,33.9981160921374],[-81.0156225930508,33.9989350711933],[-81.0159240655868,33.9989195695719],[-81.0165531808735,34.0002977908739],[-81.018636513546,33.9996654426646],[-81.0189255579863,33.9982741853686],[-81.0191330300858,33.9982699209576],[-81.0193368776914,33.9982420709245],[-81.0197572010206,33.9981479625161],[-81.0200434929497,33.9980535074114],[-81.020261925046,33.9979628679295],[-81.0206896354493,33.9977138146352],[-81.0208683257837,33.9975742173253],[-81.0215607827027,33.9969624926976],[-81.022489264481,33.9961394966549],[-81.0230842770922,33.9956286607903],[-81.0234901136855,33.9953317312175],[-81.0237898520644,33.9951363588142],[-81.0237949996486,33.995143998863],[-81.0240569994769,33.9950149993218],[-81.0240779996603,33.9950049989625],[-81.0244299995124,33.9948579993576],[-81.0247489996367,33.9947459995517],[-81.0248779997367,33.9947089993956],[-81.025159691528,33.9946310849928],[-81.0251599989515,33.9946309974651],[-81.0283395899111,33.9936445576663],[-81.031605670066,33.9926280324507],[-81.0348095064149,33.9915973980099],[-81.0353902009393,33.9928953650542],[-81.0357454318624,33.9936960295851],[-81.0361753682086,33.9946529364283],[-81.036713195406,33.9958308397249],[-81.0371952246917,33.9968975410031],[-81.0376709385451,33.9979653177628],[-81.0378225282667,33.9982180261804],[-81.0379097066277,33.9983407420721],[-81.0384317933969,33.9994888421356],[-81.038546355085,33.9997429505557],[-81.0385734040638,33.9997344282751],[-81.0400996950518,33.9992495470979],[-81.0418579782123,33.9986995174947],[-81.0432667265893,33.9982639500416],[-81.0449089665216,33.9977502055937],[-81.0464899816815,33.9972557930001],[-81.0480640313737,33.9967394974869],[-81.0504836006516,33.9959404949165],[-81.0505581590416,33.9960506788672],[-81.0513928075388,33.9965786890501],[-81.0516152335493,33.9966760807675],[-81.0526202745091,33.997116143347],[-81.0544614062822,33.997680201878],[-81.056754803307,33.9984054299936],[-81.0579179002404,33.9991849150625],[-81.0587581906658,34.0000721614554],[-81.0594693707724,34.0010670387888],[-81.0600512460781,34.0018468292265],[-81.0622166488822,34.0040244751224],[-81.0633154047225,34.0049384457389],[-81.0648337487848,34.005448725312],[-81.0657061501355,34.005959327243],[-81.0664172298144,34.0066583134462],[-81.0671609031274,34.0076800352947],[-81.0679687501941,34.0081906568581],[-81.0685243161007,34.0085198164875],[-81.068554218227,34.008537533717],[-81.0686725504261,34.0084470764183],[-81.0692940901244,34.0079719458663],[-81.0699259459449,34.0076410405775],[-81.0704254644956,34.0073347334756],[-81.0710497351224,34.0067528806297],[-81.0716595187564,34.006452595391],[-81.0724458061236,34.006305240925],[-81.0730485177819,34.0063171083548],[-81.0736440463321,34.0065371248934],[-81.0741808362807,34.0068428470051],[-81.0751662928812,34.0075155703034],[-81.0758943673211,34.0079925786223],[-81.0773725021137,34.0088975710696],[-81.077439502889,34.0089413293796],[-81.0782991653395,34.0095029749271],[-81.0786595679744,34.0097057684492],[-81.0790272132125,34.0099126328897],[-81.0796085162832,34.0106345358246],[-81.0810426461847,34.0115272680114],[-81.0820058329683,34.0118327010688],[-81.0825204631282,34.0119425359338],[-81.0835439401418,34.011989569118],[-81.0838384110638,34.0121382186272],[-81.0841685546788,34.0123524491126],[-81.0852049365617,34.0132512603013],[-81.0854207378836,34.0133527226664],[-81.0856305040178,34.0134398914715],[-81.0858566596125,34.0135202416539],[-81.0860795332552,34.0135882945189],[-81.0862876247272,34.0136249844333],[-81.0863554279727,34.0136282888893],[-81.0864961867254,34.0136351483786],[-81.0866523733548,34.0136172966848],[-81.0868151068934,34.0135986963126],[-81.0873523893495,34.013519199686],[-81.087797887451,34.0134370416635],[-81.088033748946,34.0133795652644],[-81.0883056638413,34.0133438920111],[-81.0885808784042,34.0133382514173],[-81.0888331975171,34.013370813578],[-81.0891478011898,34.0134142284406],[-81.0894361765392,34.0134713140416],[-81.089796673487,34.01355838332],[-81.0901834289227,34.0136699586963],[-81.0914011756954,34.0141972842258],[-81.0945550782322,34.0156544675617],[-81.0946878113289,34.0157396670888],[-81.0947450784485,34.0157764253259],[-81.0967861275019,34.0170865002808],[-81.0968910710469,34.0171655478649],[-81.0969616974925,34.0172478854213],[-81.0977557722733,34.0183258390975],[-81.0978033457682,34.018385824973],[-81.0978386380058,34.0184253465486],[-81.0978595514545,34.0184463297135],[-81.0978771555838,34.018457716004],[-81.0979001137122,34.0184703153616],[-81.0979509314988,34.0184921035794],[-81.0982184734147,34.018576474152],[-81.0982627203392,34.0185962296032],[-81.0982991585651,34.0186158559687],[-81.0983184769109,34.0186309819848],[-81.0983488275706,34.0186698220367],[-81.0983833029092,34.0187209733048],[-81.0984063029114,34.018770065166],[-81.0984145176708,34.01879666326],[-81.0984140802964,34.0188251626822],[-81.0984104827536,34.0188457837672],[-81.0984015058138,34.0188723630307],[-81.0982070272614,34.0192442962557],[-81.0981947191842,34.0192736337267],[-81.0981857365945,34.0193029514331],[-81.0981783921978,34.0193425381846],[-81.0981735279825,34.0194441706244],[-81.098156114527,34.019808079981],[-81.098168753094,34.0200342005134],[-81.0981699940643,34.0200493724035],[-81.0981718504806,34.0200601182732],[-81.0981783943012,34.0200723969283],[-81.0981861394771,34.0200822057837],[-81.098192770883,34.0200877252408],[-81.0983021863378,34.0201649114378],[-81.0987498446501,34.0204807075877],[-81.0987633979438,34.0204946920561],[-81.0987703772442,34.0205117222798],[-81.0989348432529,34.0214248794593],[-81.0991317705759,34.0222286217544],[-81.0992265244256,34.0227666474744],[-81.0992544970142,34.0229456607123],[-81.099254890851,34.0229481761327],[-81.0992761463259,34.023091657939],[-81.0992773173847,34.0230957732501],[-81.0993079307982,34.0232029073592],[-81.0993502256036,34.023276071487],[-81.0993913114854,34.0233207212955],[-81.0994804642952,34.0233784766136],[-81.1003915716852,34.0237979789688],[-81.1005014792299,34.0238290111964],[-81.1008879193256,34.0239381231353],[-81.1013206520376,34.0240549119095],[-81.1014519688196,34.0240785670662],[-81.1016442670029,34.0241132062264],[-81.1018799421796,34.024139371411],[-81.1020955912694,34.0241203757991],[-81.1023335857049,34.0240950792682],[-81.1026957584285,34.024024480232],[-81.1031935151045,34.0238841754089],[-81.1034513851551,34.0238114624987],[-81.1035137710588,34.0239394577826],[-81.1039260978237,34.024760636707],[-81.104144182585,34.0251944901844],[-81.104341503637,34.0258880772665],[-81.1043418632874,34.0258890589118],[-81.1072779979623,34.025819489581],[-81.1076554536205,34.0258105434582],[-81.1091464097824,34.02577518427],[-81.1091718011729,34.0257745821487],[-81.1094453142072,34.0259548302906],[-81.1096665867139,34.0258380753671],[-81.1115501165857,34.0259371714369],[-81.1117778195794,34.0260518102804],[-81.1119031777909,34.0261732487349],[-81.1119049448491,34.0263403684862],[-81.1118004739278,34.0264917880463],[-81.1117794956728,34.0267226637827],[-81.1119191452183,34.026935262559],[-81.1123423042692,34.027229622291],[-81.1125078834147,34.0273343504223],[-81.1128947487228,34.0275086676533],[-81.1134265729746,34.0277561105039],[-81.1134349799396,34.0280311309785],[-81.1133922954086,34.028030582975],[-81.1132091810392,34.0280260252316],[-81.1130261569467,34.0280192751126],[-81.1129393834677,34.0280150313647],[-81.1128432751262,34.0280103307676],[-81.1126605604942,34.0279991876662],[-81.1124780596463,34.0279858556856],[-81.1122958072516,34.0279703347953],[-81.1121138466435,34.0279526249573],[-81.1119322081721,34.0279327360641],[-81.1117509351705,34.027910668078],[-81.1116427834049,34.0278961714478],[-81.1116227728363,34.027893489766],[-81.111602754688,34.0278908080878],[-81.1115700590656,34.0278864263828],[-81.1113896210302,34.0278600154514],[-81.1112096698233,34.0278314442591],[-81.1110504607939,34.0278042744219],[-81.1102098523042,34.0276717412153],[-81.1099939925739,34.0276382777779],[-81.1099768000607,34.0276356131707],[-81.1099596086258,34.0276329440517],[-81.1098036758827,34.027608776869],[-81.1096747061392,34.0275887785567],[-81.1096794257359,34.0276108370896],[-81.1096891829523,34.0276563542078],[-81.1097075610944,34.0277420793556],[-81.1097208754394,34.0278041854369],[-81.1097209342666,34.0278044567956],[-81.1097610495574,34.027991580989],[-81.1097745687984,34.0280546408737],[-81.1098177195905,34.0282559126681],[-81.1098336226934,34.0283300919519],[-81.1098618494726,34.0284664070186],[-81.1099066992516,34.0286883711784],[-81.1099316260672,34.0288117344725],[-81.1099383343385,34.028844935287],[-81.109951335644,34.0289092787102],[-81.1100026173714,34.0291630732867],[-81.1100416685001,34.029356335206],[-81.1100487376106,34.0293913183424],[-81.1100772331841,34.0295323372297],[-81.1101656229347,34.0299697714862],[-81.1102252013584,34.0302646271617],[-81.110236537684,34.0303207287082],[-81.1102424145478,34.0303497923503],[-81.1103406464171,34.0308244603716],[-81.1103789465904,34.0310162160332],[-81.1102166358089,34.0310450413833],[-81.1101789040101,34.0308520011547],[-81.1100909725574,34.0304374777874],[-81.1100762961053,34.0304396494623],[-81.1097169641465,34.0304927266987],[-81.1097614297203,34.0307007815745],[-81.1094031882586,34.0307496739683],[-81.1094462711947,34.0309525634459],[-81.1094467971149,34.0309530769486],[-81.1094486003531,34.0309615927734],[-81.1094898439776,34.031156394737],[-81.1092788170891,34.0311878758347],[-81.1089559148772,34.0312360460162],[-81.1088886801731,34.0312460759602],[-81.1088569798505,34.0312502939421],[-81.1088085062332,34.0312567429869],[-81.1087914557337,34.0312590121699],[-81.1086551394085,34.0312771483402],[-81.1084252918474,34.0312989584471],[-81.1082261658239,34.0313116477498],[-81.1078167375544,34.031311749765],[-81.1076430719565,34.0312990170623],[-81.1074126569458,34.0312777454898],[-81.1070612410072,34.0312210502136],[-81.1070499978388,34.031221717246],[-81.1070587381998,34.0309773845355],[-81.1070303842404,34.0305983524643],[-81.1070100778321,34.0305950481256],[-81.1068417825469,34.0305676607264],[-81.1065469987654,34.0305196878238],[-81.106463777966,34.0305061445285],[-81.1064887465543,34.0308689716662],[-81.1064708567532,34.0308677607065],[-81.1064740035706,34.0309111584096],[-81.1065168492415,34.0311291200282],[-81.1064344253352,34.0312288208477],[-81.1064470774069,34.0313453640333],[-81.1064974088618,34.0318089779527],[-81.1065047009043,34.0318264483519],[-81.1065296174937,34.0318861489459],[-81.1065693989024,34.031961668736],[-81.1066157652853,34.0320328429978],[-81.1066692929366,34.0321015061783],[-81.1067291763177,34.032166098127],[-81.1072470294759,34.0326368271185],[-81.1080981536014,34.0334105230246],[-81.1083223144164,34.0338008443946],[-81.1084886492709,34.0339413057962],[-81.108634868527,34.034056581309],[-81.1087813016555,34.0341453926241],[-81.1088997897589,34.0340604482884],[-81.1089522296767,34.0340939074422],[-81.1090062356551,34.0341255843515],[-81.1090617188298,34.0341554385162],[-81.1069064825646,34.0355103941771],[-81.1065571276017,34.035532873522],[-81.105450212594,34.0356040895769],[-81.105450460613,34.035606734937],[-81.1055066069584,34.036205889135],[-81.1055212513855,34.0363621646117],[-81.105224960794,34.0363836546147],[-81.1047047515963,34.0364213840316],[-81.1047042381515,34.0364159959412],[-81.1046677311437,34.0360329465173],[-81.1046655174882,34.0360330926548],[-81.1041316418132,34.0360683280945],[-81.1041314482524,34.0360650064158],[-81.1041227982325,34.0359160510999],[-81.1041149422559,34.0357797188296],[-81.1041085499228,34.0356687571974],[-81.1040942539785,34.0354214128216],[-81.1040836083284,34.0352369387071],[-81.1040799808609,34.0351740684083],[-81.1040648821913,34.0349130180126],[-81.10406334903,34.0348865437476],[-81.1040497695302,34.0346519649032],[-81.1040469972466,34.0346039141266],[-81.1040245252761,34.0344718807072],[-81.1040061930261,34.0343641778404],[-81.1039992380724,34.0343233792856],[-81.104041806072,34.0341623316284],[-81.1040517967827,34.0341269362514],[-81.1041157979183,34.033900155089],[-81.1041751107038,34.0336398356733],[-81.1041760986152,34.0336354967911],[-81.1041851339284,34.0336054483478],[-81.1042218942889,34.0334831873613],[-81.1042448751247,34.0334067557475],[-81.1042505544847,34.0333878325205],[-81.1042859490597,34.033275509331],[-81.1043200866217,34.0331671744787],[-81.1043478110959,34.0330791692064],[-81.104389592444,34.0329465452608],[-81.1043860553883,34.0327003061808],[-81.1043855931796,34.0326799814642],[-81.1043804325027,34.0324532500989],[-81.1043801140737,34.0323291428706],[-81.1043796901354,34.0321921613249],[-81.104380958296,34.0319447991497],[-81.1043847483334,34.0317943309987],[-81.1043864598881,34.0317249946123],[-81.1043871380959,34.0316975085699],[-81.104235390736,34.0317044952827],[-81.1038350661341,34.0317229251133],[-81.1036694859144,34.0317305998775],[-81.1036762611501,34.0316000792532],[-81.1036801859318,34.0315244724397],[-81.1036739020918,34.0315217022703],[-81.1036057551253,34.0314916605816],[-81.1035433107859,34.0314871681409],[-81.103235886345,34.0314650495314],[-81.1031202348759,34.0314659662038],[-81.1025508281848,34.0314706822037],[-81.1024411340504,34.0313393552085],[-81.1024548711427,34.0309109105663],[-81.1025222680341,34.0307857230478],[-81.1025687318854,34.0306994239742],[-81.1025731624662,34.030691196851],[-81.1023672500066,34.0305985445043],[-81.1021664225879,34.0305267213019],[-81.1019746565756,34.0304681461546],[-81.1017936270349,34.0304171090972],[-81.1016723441282,34.0304005641005],[-81.1013629270954,34.0303583247539],[-81.1010158280506,34.0303402122168],[-81.1009536240932,34.0299766964847],[-81.1009356206009,34.0297693986863],[-81.1008907224649,34.0297233882971],[-81.1008854718291,34.0297176695025],[-81.1008374970969,34.0296619573001],[-81.1007934167335,34.0296040577656],[-81.1007533742242,34.0295441593773],[-81.1007174999093,34.02948245712],[-81.1006859105595,34.02941915185],[-81.1006587089964,34.0293544496415],[-81.1006359837577,34.0292885611155],[-81.1006178088089,34.0292217007544],[-81.1006139507141,34.0292065067016],[-81.1006108424629,34.0291944373183],[-81.1006068409969,34.0291788863099],[-81.1006028612334,34.0291633704497],[-81.1005983213824,34.0291458505737],[-81.1005919927461,34.0291212033403],[-81.1005756745254,34.0290576551263],[-81.1005336508435,34.0286025311432],[-81.1005179710488,34.0284327121209],[-81.1004970346599,34.0281693941757],[-81.1004630947877,34.0280208621711],[-81.1004213579064,34.0278737135501],[-81.1003975337711,34.0277942942989],[-81.1003956778774,34.0277880903275],[-81.1003828779424,34.027745270115],[-81.1003656927628,34.0276883031294],[-81.1003586873677,34.0276663831508],[-81.1003464570836,34.0276300339457],[-81.1003397301476,34.02761100548],[-81.1003287683199,34.0275813882124],[-81.1002998548277,34.0275096894987],[-81.1002679530019,34.0274388748166],[-81.100233101734,34.0273690304799],[-81.1001953435099,34.0273002416193],[-81.1001546205921,34.0272326256651],[-81.1001110594555,34.0271662473411],[-81.1000647142855,34.0271011892052],[-81.1000156427294,34.0270375321725],[-81.0999968435303,34.0270143818398],[-81.0999830401693,34.0269978116663],[-81.0999722877044,34.0269851000975],[-81.0999611776666,34.0269722211002],[-81.0999561458964,34.0269663947841],[-81.0999471550998,34.0269561885101],[-81.0999274671016,34.0269342173991],[-81.0999194331127,34.0269254043752],[-81.0999071932012,34.0269122260175],[-81.09989465207,34.0268989126465],[-81.0998869491846,34.0268907801346],[-81.0998763785249,34.0268797951593],[-81.0998631830545,34.0268653479776],[-81.0998475291407,34.0268480155404],[-81.0997993086306,34.0267947460336],[-81.0995806738848,34.0265533490591],[-81.0995392743145,34.026507631994],[-81.099401837037,34.0263558630941],[-81.0992229738933,34.026158339913],[-81.0987758748697,34.0256645415627],[-81.0985489105723,34.0255150502519],[-81.0981689138043,34.0252906584856],[-81.0980770261742,34.0252363984902],[-81.0980746221919,34.0252365500713],[-81.0978821032768,34.0252487144437],[-81.0977756544803,34.0252554366341],[-81.0977262824297,34.025278124334],[-81.0977584308967,34.02576230109],[-81.0972045944524,34.0257870457922],[-81.0971549107487,34.0251427665396],[-81.0975723057878,34.0251232429053],[-81.0977307938144,34.0251158514427],[-81.0976829689572,34.0250818906145],[-81.0976378060089,34.0250460025511],[-81.0975860614384,34.0249991045183],[-81.0975376388438,34.0249488387205],[-81.0975061107153,34.0249113619234],[-81.0974761896522,34.0248719226653],[-81.0973681345377,34.0247210309715],[-81.0973866950513,34.0247199839673],[-81.0970963523983,34.0243145821959],[-81.0971206147646,34.0246687767966],[-81.0968829325264,34.0244297099099],[-81.0966506514041,34.0245948618519],[-81.0957345653188,34.0252417502488],[-81.0956024938749,34.0253041899421],[-81.0954518065521,34.0251413765376],[-81.0953989222867,34.0250842748715],[-81.0953862924789,34.0250702045838],[-81.0953715724048,34.0250530439828],[-81.0953544480555,34.0250318555444],[-81.0953340250955,34.0250048437745],[-81.0953183244512,34.024982323333],[-81.0954456073162,34.0249017914666],[-81.0963475336986,34.0242666066344],[-81.0964306385987,34.0242067316381],[-81.0964147860759,34.0239666292644],[-81.0964037438582,34.023797902377],[-81.0963087616407,34.023802572063],[-81.0960441242327,34.0234623864763],[-81.0957011787582,34.023653391869],[-81.0952608005535,34.0238986252392],[-81.0952715345843,34.0239553301347],[-81.0952789227981,34.0240124370486],[-81.0953091100386,34.0243139106709],[-81.095334931723,34.0245710214252],[-81.0953423277711,34.0246253393717],[-81.0951860729315,34.0246224458281],[-81.0941464721458,34.0246356785333],[-81.0939162574363,34.0246385940971],[-81.0935837643007,34.0246428262241],[-81.0933717026931,34.0246454908451],[-81.0934403743496,34.0257703824056],[-81.0933998710724,34.0257718294553],[-81.0934001519732,34.0257752042941],[-81.0934027436608,34.0258062856265],[-81.0934090165999,34.0258815094461],[-81.0934326183335,34.0261634792193],[-81.0934581716285,34.0264453555241],[-81.0934860829347,34.0267882351905],[-81.0935447965634,34.027473877715],[-81.0935735055749,34.0278167106788],[-81.0936021757265,34.0281594507588],[-81.0935901608222,34.028744722659],[-81.0936486802778,34.0293962438529],[-81.0933086588662,34.0294081687602],[-81.0933086379029,34.0294078126061],[-81.0930463403447,34.0294446841677],[-81.0917992145057,34.0294595024657],[-81.0918015927164,34.0294949652969],[-81.0918060516593,34.0295662121819],[-81.0918080866771,34.0296017825675],[-81.0918127114804,34.0296954986791],[-81.0918168263446,34.029801533228],[-81.0918188085634,34.0298688081664],[-81.0918238375237,34.0301007015897],[-81.0918239196374,34.0301045779177],[-81.0924945555332,34.0300965977378],[-81.0930817429697,34.0300896530749],[-81.0933455570643,34.0300802270147],[-81.0933612381936,34.0303658570077],[-81.0933612359023,34.0303667397693],[-81.0933615351297,34.0303869925246],[-81.0933628718283,34.0304002031602],[-81.0933668113641,34.0304207182757],[-81.0933705979517,34.0304340217464],[-81.0933747096019,34.03044547289],[-81.0933818611467,34.0304617854915],[-81.0933886643966,34.0304745069019],[-81.0933979173351,34.0304891299476],[-81.0934121239385,34.0305076815584],[-81.0934286764462,34.0305253080657],[-81.0934442425138,34.03053911483],[-81.0934572680559,34.0305491481067],[-81.0934768695366,34.0305620248858],[-81.0934895995878,34.0305692207463],[-81.0935005289308,34.0305747471203],[-81.0935114923331,34.0305797225319],[-81.0935231735187,34.0305844584525],[-81.0935377099881,34.0305896006884],[-81.0935552941656,34.0305948235815],[-81.0935740037282,34.0305991655691],[-81.0935825710764,34.0306007668332],[-81.0935918129988,34.0306022323338],[-81.0935998122521,34.0306032884994],[-81.0936087535882,34.0306042114048],[-81.0936154667436,34.0306047590814],[-81.0936233267322,34.0306052283468],[-81.09363033199,34.0306054881614],[-81.0936385858288,34.0306056180913],[-81.0936516946404,34.0306055577069],[-81.0937363535309,34.0306058139077],[-81.0942633364091,34.030608133451],[-81.0944050593923,34.0306031562362],[-81.0945466674851,34.0305962761794],[-81.0947144180303,34.0305839122886],[-81.0949542616927,34.0305536863637],[-81.0954030922007,34.0304971215082],[-81.0954214078232,34.0304948135169],[-81.0954352243532,34.0304922970835],[-81.0956032791996,34.0304616850489],[-81.0958991401321,34.030397352596],[-81.0961433504002,34.0303504080728],[-81.0961227357827,34.0300959863177],[-81.0961130808302,34.0299768338309],[-81.096107243075,34.0299047964849],[-81.0965192839934,34.0298859676724],[-81.0965116168888,34.029769682859],[-81.0965114053637,34.0297664847093],[-81.0966077693768,34.0297597083463],[-81.0966555707294,34.0297563465823],[-81.0974233213545,34.02970155628],[-81.0974268430146,34.029701304648],[-81.0974280014644,34.0297162818044],[-81.0974286364076,34.0297251548923],[-81.0974299888524,34.0297440777162],[-81.0974398340805,34.0298804748876],[-81.0974615462166,34.030181598898],[-81.097462324131,34.0301923897787],[-81.0976943184199,34.0301678529158],[-81.0979271018155,34.0301492033631],[-81.0980918195544,34.0301396046016],[-81.0982178925369,34.0301342218758],[-81.098253427028,34.0301330161396],[-81.0982853996292,34.0301319376474],[-81.0983340564738,34.030130268846],[-81.0987844224983,34.0301151135282],[-81.0993217921244,34.0300969979583],[-81.0994537424834,34.0300925506443],[-81.0998884429117,34.0300779007051],[-81.0999130654565,34.0300771649423],[-81.0999306863638,34.0302965449954],[-81.0999314111691,34.0303126279541],[-81.0999490382878,34.030727473906],[-81.099949738663,34.030743963547],[-81.1002953857559,34.0307221775123],[-81.1005375386714,34.030711115289],[-81.1005425582087,34.0307108857996],[-81.1005564221301,34.0309667991528],[-81.1005814418467,34.0314872103304],[-81.1005919221502,34.0316482391847],[-81.100118739105,34.0316665862066],[-81.0995910773534,34.0316870337148],[-81.099558325707,34.0316883007197],[-81.0992448274023,34.0317004658594],[-81.0988985913934,34.0317138717794],[-81.0985523119853,34.0317273029172],[-81.0982060216275,34.0317407231789],[-81.0978597419746,34.0317541271371],[-81.097885703501,34.0321264499178],[-81.0978651760308,34.0321496930994],[-81.0978509368552,34.0321759949099],[-81.0978436149356,34.0322041935782],[-81.0978435336936,34.0322330435466],[-81.0978506967251,34.0322612704877],[-81.0978647876396,34.0322876275925],[-81.0978851840341,34.0323109506433],[-81.097910984985,34.0323302094385],[-81.0979277301583,34.0326768203784],[-81.0979191983997,34.0326772427901],[-81.0975882228547,34.0326936356535],[-81.0972452141075,34.0327106087361],[-81.0972454151708,34.0327141026461],[-81.0972674373281,34.0330949522632],[-81.0976068791687,34.0330781730862],[-81.0976317706244,34.033076940732],[-81.0976418524325,34.0332140922963],[-81.0976699653017,34.033597696186],[-81.097330560113,34.0336142095028],[-81.0973024198467,34.0332309040217],[-81.0970346812995,34.0332441908787],[-81.0969885057296,34.0332464821038],[-81.0969775771635,34.0332479108112],[-81.0969670900064,34.0332508386912],[-81.0969573376756,34.0332551861656],[-81.0969541901955,34.0332569965219],[-81.0969485918726,34.0332608249816],[-81.0969411112835,34.0332676097646],[-81.0969350927941,34.0332753365781],[-81.0969307116206,34.0332837933872],[-81.0969280898782,34.0332927402459],[-81.0969273020157,34.0333019264251],[-81.0969273623564,34.0333035737742],[-81.0969274204741,34.0333051706302],[-81.0969499013549,34.0336136462656],[-81.0969499167564,34.0336138581517],[-81.0969520453196,34.033643007375],[-81.0969700688831,34.033890326321],[-81.0969737772672,34.0339412403124],[-81.0969775679906,34.0339854474347],[-81.0969847205586,34.034082511968],[-81.0969899813411,34.0341539130458],[-81.0969916332417,34.0341771727681],[-81.0969918981847,34.0341825755145],[-81.096992015002,34.0341901253112],[-81.0969919035509,34.0341940612947],[-81.0969905827334,34.034212779701],[-81.0969872103176,34.0342331795668],[-81.0969805740447,34.0342569110383],[-81.0969722514951,34.0342778143094],[-81.0969570321831,34.0343056326514],[-81.0969405183781,34.0343284512049],[-81.0969212073903,34.0343496921712],[-81.096885501665,34.0343792947202],[-81.0968607862384,34.0343948483996],[-81.0968199612651,34.0344142684817],[-81.0967866400767,34.0344252942365],[-81.096751978565,34.0344329333611],[-81.0967164694068,34.0344370763655],[-81.0967245627029,34.0345522660294],[-81.0964989841166,34.0345648011167],[-81.0961612734762,34.0345835479172],[-81.0960892743714,34.0345875738305],[-81.0947383722032,34.0332721264206],[-81.0946417416174,34.0333386072399],[-81.0945801461427,34.0333809842426],[-81.0939544002089,34.0338114830047],[-81.0935533774888,34.034087373483],[-81.0931812702307,34.0343433811217],[-81.0923941734423,34.0349300392185],[-81.0924492855412,34.0350740357285],[-81.0921874864302,34.0351255656801],[-81.0918629770827,34.0351895316812],[-81.0914279253084,34.0352752045304],[-81.0912510033921,34.0353100445244],[-81.0913927345073,34.035677510459],[-81.0920499890899,34.0355480816756],[-81.0923423443667,34.0354904753203],[-81.0927995243708,34.0354004401724],[-81.0930011978468,34.0355643371662],[-81.0931580504234,34.0357679032355],[-81.0933550912077,34.0359510371507],[-81.0933655622264,34.0359617657465],[-81.0935739566169,34.0361755609846],[-81.0937823671415,34.036389296337],[-81.093990721265,34.0366030016145],[-81.0941991046235,34.0368167425762],[-81.09440747495,34.0370304949083],[-81.0946245519828,34.037239033863],[-81.0949173529144,34.0370633605674],[-81.0950182419624,34.0370028293275],[-81.0951487577656,34.0369185923123],[-81.0952451200753,34.0370174179946],[-81.0952642640368,34.0370371188395],[-81.0952732703976,34.037046259611],[-81.0952757512044,34.0370486715413],[-81.0952785442539,34.0370513627569],[-81.0952848088396,34.0370571648565],[-81.0952893731689,34.0370612027444],[-81.0952922699342,34.0370636567347],[-81.0953005533831,34.0370704004554],[-81.0953066726607,34.0370750665312],[-81.0953087191991,34.037076549148],[-81.095315543831,34.0370814446137],[-81.0953219303255,34.0370858300569],[-81.0953314921738,34.0370918983269],[-81.0953486951922,34.0371017712852],[-81.0953619024173,34.0371085022029],[-81.0953761708478,34.0371150195041],[-81.0953873102076,34.0371195915495],[-81.0954039306553,34.0371256715222],[-81.095417054906,34.0371298479993],[-81.0954256336557,34.0371323228663],[-81.0954347917724,34.0371347134299],[-81.0954442507536,34.0371368891583],[-81.0954569096617,34.0371394627775],[-81.0954669682071,34.0371412097386],[-81.0954794616015,34.0371429872872],[-81.0954887103173,34.037144055894],[-81.0954993192459,34.0371449764777],[-81.0955155822788,34.0371461749404],[-81.0955348324777,34.0371473449529],[-81.0955557255742,34.0371483622134],[-81.0955748117048,34.0371490634653],[-81.0955883108414,34.0371494489152],[-81.0956115221064,34.0371497863075],[-81.0956204632194,34.0371498768038],[-81.0956453517581,34.0371498071356],[-81.0956907425572,34.0371489525156],[-81.0958176250572,34.0371462803101],[-81.095864655546,34.0371453143542],[-81.0958641858912,34.0372827472692],[-81.0958893759368,34.0373539489935],[-81.0959015015926,34.0373882211192],[-81.0957044249358,34.0377980018098],[-81.0961824810504,34.0377933718365],[-81.096512383256,34.037790173568],[-81.0967842638424,34.0377875480644],[-81.0967703995489,34.0379026816995],[-81.0968229221104,34.0393947422229],[-81.0964706175856,34.0394933235959],[-81.096125740614,34.0395969585167],[-81.0959579527328,34.0396496912979],[-81.0957420098481,34.0397202063194],[-81.0956254302589,34.0397644187221],[-81.095468551093,34.039847410469],[-81.0954354515443,34.0398689133461],[-81.0943028563621,34.0403955208835],[-81.0925875630924,34.0388081703042],[-81.0924064599142,34.0386533230943],[-81.0928670206668,34.0383845218508],[-81.0938043609427,34.0379345456285],[-81.0931636885827,34.0374589870686],[-81.0925776575872,34.0378556197339],[-81.0922471702101,34.0374881641244],[-81.092180742838,34.037438230786],[-81.0921013894319,34.0374932172548],[-81.0917968043596,34.0377041497177],[-81.091745796165,34.037739483319],[-81.0915453408551,34.0378770926821],[-81.0914315803439,34.0377811010732],[-81.0916787611569,34.0376071146312],[-81.0919912286434,34.0373907664495],[-81.0917884325424,34.0372123370298],[-81.0916663096963,34.0370997885897],[-81.0917571772758,34.0370669656304],[-81.0916663364586,34.0369815675032],[-81.091609897007,34.0369285147322],[-81.0915642511859,34.0369400278719],[-81.0911599966948,34.0366084245226],[-81.0911252396058,34.03657109557],[-81.0909586944986,34.0363920872068],[-81.0904281183306,34.0366133835221],[-81.0901818120204,34.0367141123799],[-81.0901191703622,34.0366524008609],[-81.0903646221116,34.0365476466846],[-81.0908522961385,34.0363442310734],[-81.0907141062457,34.0361775385928],[-81.0905652283328,34.0359978900945],[-81.0904204855935,34.0358856237955],[-81.0903324328472,34.0357659916246],[-81.090156207892,34.0355257172735],[-81.090113099731,34.0353929605888],[-81.0904031287505,34.0353358455987],[-81.0904045521626,34.0353298942824],[-81.090366262614,34.035200501095],[-81.0903353914986,34.0350961777076],[-81.0902949196052,34.0349594111209],[-81.0898405596711,34.0350453043532],[-81.0898393471331,34.0350406037971],[-81.0897876039627,34.0348400124598],[-81.0897868080962,34.034840196981],[-81.0892578648128,34.0349629139996],[-81.0892187115799,34.0349858262438],[-81.0890002283458,34.0350540231214],[-81.0889569784667,34.0349728971334],[-81.0888083624145,34.0346940481913],[-81.088520410155,34.0341536853836],[-81.0884697517083,34.0340586396218],[-81.0882518358619,34.0336498149632],[-81.0882252535318,34.0336585171774],[-81.0876828621787,34.0338360835556],[-81.0873004596351,34.0339612278455],[-81.0872497271808,34.0338302085318],[-81.0872487289304,34.0338305356468],[-81.08723094405,34.0337996155156],[-81.0868856625452,34.0331993137477],[-81.0871521079698,34.0330702720929],[-81.0872472300507,34.0330242035145],[-81.0872492641039,34.0330232183359],[-81.0872246309821,34.032977063468],[-81.0872222925649,34.032972679268],[-81.0873525470641,34.0329080055952],[-81.0877092030733,34.0327308965963],[-81.0877510730428,34.0327101054826],[-81.0879609490856,34.0326295924911],[-81.0879611954087,34.0326300539843],[-81.0879701597218,34.0326469480975],[-81.0879867567205,34.0326780565271],[-81.088022507415,34.03274516326],[-81.0880502444613,34.0327972263803],[-81.088079489764,34.0328520106399],[-81.0894889761369,34.032573469887],[-81.0895782364203,34.0325558296703],[-81.0910737188598,34.0322602353009],[-81.0906479783754,34.0308474617793],[-81.0905151854924,34.0308401133844],[-81.0904970762301,34.0308390535709],[-81.0904433666949,34.0308357248844],[-81.0901113309103,34.0308188098112],[-81.0899972608844,34.0308130234325],[-81.0895030644033,34.0307878799086],[-81.0892466398913,34.0307748501923],[-81.0891888305055,34.0307718909006],[-81.0891606845117,34.0307704503742],[-81.089256445889,34.0312355769356],[-81.0892581635641,34.0312439217909],[-81.0888133080271,34.0312213098643],[-81.0883355540178,34.0311970011284],[-81.0882380789791,34.0307234965209],[-81.0881194245474,34.0307174862515],[-81.0880896843144,34.0307159798886],[-81.0881718212304,34.0311149713047],[-81.0878643590838,34.031205560815],[-81.0878693897475,34.0311652604973],[-81.0877817546705,34.031218574814],[-81.0875583863127,34.0313544647411],[-81.0874516136334,34.0313853310941],[-81.0872759619287,34.0314361092439],[-81.087256234893,34.0314418119067],[-81.0870641478585,34.0315502908567],[-81.0869607356485,34.0313958793857],[-81.0868550746205,34.0312425269413],[-81.0867471804289,34.0310902562264],[-81.0866370690586,34.0309390897838],[-81.0865462672732,34.030817481077],[-81.0864536378177,34.0306960845697],[-81.0867746236477,34.0304673069861],[-81.086774394529,34.0304656363048],[-81.0867354975494,34.030181627647],[-81.0867250835688,34.0301056247055],[-81.0867052332206,34.0299607433298],[-81.0866763044048,34.0297495422693],[-81.0866473864921,34.0295382726535],[-81.0866184535875,34.0293270309819],[-81.0865894677734,34.0291158046572],[-81.0865746889913,34.0290069460336],[-81.0865528202135,34.0288111027868],[-81.086536969069,34.0286148582242],[-81.0865277676086,34.0284357490791],[-81.0865253124395,34.0283807978397],[-81.0865196265029,34.0282513227867],[-81.0865112538759,34.0280811019634],[-81.0864964429871,34.0278204410044],[-81.0864954268201,34.0278039551033],[-81.086494976604,34.0277967175034],[-81.0864911414926,34.027736120795],[-81.0864890012407,34.0277035232708],[-81.0864887164595,34.0276992566437],[-81.086465365817,34.027377656868],[-81.086447641946,34.0271633126034],[-81.0864414873246,34.0270888638389],[-81.0864412560233,34.027086083169],[-81.0864411332545,34.0270846143915],[-81.0864125040654,34.026743118694],[-81.0863778704503,34.0263297393969],[-81.0863594176691,34.02610949216],[-81.0865148162999,34.025989781128],[-81.0864143100745,34.0258800236132],[-81.0868452901319,34.0255480508935],[-81.0873888588997,34.0251293497914],[-81.0878106714924,34.0248044313694],[-81.0881236627319,34.0245633329802],[-81.0883748153963,34.0243698802093],[-81.0880057987236,34.0240363856176],[-81.0877539158029,34.0242304107532],[-81.0876737888333,34.0241610863117],[-81.0876096688985,34.0241055852553],[-81.0874654939349,34.0239808073251],[-81.0871875690882,34.0237403832286],[-81.0870936343176,34.0236590556951],[-81.0870336293627,34.0235876644469],[-81.086781489739,34.023287478492],[-81.0867747233946,34.0232990835558],[-81.0867676967192,34.0233102659051],[-81.0867612512135,34.0233200159528],[-81.0867512656386,34.0233340885052],[-81.0867442706348,34.023343392596],[-81.0867363405894,34.0233533023785],[-81.0867295803648,34.0233613204844],[-81.0867204768887,34.023371694558],[-81.0867133373246,34.0233794036459],[-81.0867041474303,34.0233889211664],[-81.0866960486618,34.0233969023341],[-81.0866303864816,34.0234583817029],[-81.086584960235,34.0235008643953],[-81.0865805146924,34.0235050585842],[-81.0864557269582,34.0234150669352],[-81.0864534408708,34.0234172001394],[-81.0859404646314,34.0230626159485],[-81.0861848514999,34.0229165212358],[-81.0861708825306,34.0226955691342],[-81.0861983771577,34.0226948422102],[-81.0866658323082,34.022682479031],[-81.086664458949,34.0226607590052],[-81.0866484695492,34.0224079405661],[-81.0866465239797,34.0223771805208],[-81.0868114417128,34.0223721672625],[-81.0874088909093,34.0226054345258],[-81.0875743880623,34.0224149371084],[-81.0875834165946,34.0224045449882],[-81.0869388088169,34.0221029962967],[-81.0869076948062,34.0219670673674],[-81.0870349986274,34.0219595680138],[-81.087066069167,34.0219570773748],[-81.0870930333751,34.0219526910064],[-81.0871194089543,34.0219462872047],[-81.0871610687066,34.0219310016655],[-81.0871993228937,34.021910450831],[-81.0872856256045,34.0220280238093],[-81.0873518132585,34.0220568838603],[-81.0877329600172,34.022223074677],[-81.0877565538534,34.0221937077484],[-81.0878978282417,34.0220172745456],[-81.0878983691274,34.0220177764081],[-81.0879544922758,34.0220698331185],[-81.0879559517269,34.0220674056166],[-81.088153135975,34.0217396141249],[-81.0882215075184,34.0216096318389],[-81.0882592746184,34.0216219465222],[-81.0882872653025,34.0216311536855],[-81.0883044123558,34.0216367220931],[-81.08833708718,34.0216475255237],[-81.0883527267114,34.0216529759734],[-81.0883552670387,34.0216538614354],[-81.0884587472843,34.0213354866938],[-81.0880356311546,34.0212013245834],[-81.0878836360876,34.0211461420066],[-81.0878991667304,34.0211224993175],[-81.0879180693206,34.0210912448115],[-81.0879305690649,34.0210688170484],[-81.087943728319,34.0210432400884],[-81.0879607721096,34.0210061889764],[-81.0879784643856,34.0209615703553],[-81.0879888861098,34.020930764582],[-81.0880189556559,34.020792760071],[-81.088024201665,34.0207274746505],[-81.0880236560005,34.0206620448327],[-81.0880053307128,34.0203809129718],[-81.0880052383161,34.0203795108972],[-81.0876768383502,34.0203878973722],[-81.0875428502503,34.0203913327416],[-81.0873467761605,34.0203963607923],[-81.0870258456928,34.0204045860974],[-81.0866875903723,34.0204132040924],[-81.0865234433575,34.0204314238216],[-81.0860449790759,34.0204441259382],[-81.08603629451,34.0204443564813],[-81.0860187826891,34.0200323152562],[-81.0860169631156,34.0199886572077],[-81.0860060654632,34.0197302173981],[-81.0860053604891,34.0197139476488],[-81.0859944597171,34.0194555673333],[-81.0859937829015,34.0194392966616],[-81.0859904944415,34.0193615157631],[-81.0859828594163,34.019180873962],[-81.0859821826284,34.0191646267331],[-81.0859712765281,34.018906193181],[-81.0859705824132,34.0188899405526],[-81.0859596883157,34.0186315286129],[-81.0859589541391,34.018615276011],[-81.0859480839208,34.0183568505092],[-81.0859473508613,34.0183406276614],[-81.0859369226634,34.0180931890278],[-81.085927923005,34.0178795576677],[-81.0859162135404,34.0178855656752],[-81.0856211137265,34.0180369934421],[-81.0855126478494,34.0180926516136],[-81.0852891168278,34.0182073743124],[-81.0852266317494,34.018355505852],[-81.0851624674079,34.0182338449733],[-81.0851583502083,34.0182260345826],[-81.085127284521,34.0182419762794],[-81.0849194105188,34.0183486904052],[-81.0848609306893,34.018378690231],[-81.0847799042726,34.0181381102836],[-81.0839938876297,34.0182481983572],[-81.0839884687179,34.0182324015652],[-81.0838633021082,34.0178674462555],[-81.083853556616,34.017868810798],[-81.0835521412972,34.0179110016629],[-81.0834600186261,34.0179238984206],[-81.0829206946988,34.0179993993489],[-81.0828215120375,34.0180105203965],[-81.0828183010198,34.0180011728291],[-81.0827523400942,34.0178091307287],[-81.0827509175673,34.0178049901765],[-81.0828490086154,34.0177906364228],[-81.0834307356334,34.0176801168965],[-81.0835311088433,34.0176610469895],[-81.0835925951241,34.0176493628616],[-81.0844950423031,34.0174778672714],[-81.0845538422608,34.0174666930533],[-81.0844846941616,34.0172612890394],[-81.0844460807953,34.0171465859001],[-81.0844450578425,34.017145830071],[-81.0844456550803,34.0171453247135],[-81.0844448840102,34.0171430358255],[-81.0844243811611,34.0170821706933],[-81.0843342662704,34.0168146474876],[-81.0840821548366,34.0168646914964],[-81.0840606553112,34.0168074617222],[-81.0840618834921,34.0168065916529],[-81.084468295416,34.0165187811399],[-81.0844874451744,34.0165052209836],[-81.0845092547023,34.0164897753646],[-81.0847526955064,34.0160460465996],[-81.0848350294426,34.0158959909401],[-81.0848385434428,34.0158896036083],[-81.0846023270675,34.0157924156431],[-81.0842016471625,34.0156275041065],[-81.0838609672742,34.0161848611368],[-81.0835487477957,34.0162570876891],[-81.0834329544872,34.0159456151222],[-81.0826458067996,34.0160969391992],[-81.0823159939356,34.01616030706],[-81.0823262462059,34.0161862962356],[-81.08243886853,34.0164717831587],[-81.0823988601863,34.016480236102],[-81.0822997869038,34.016491873339],[-81.0819011804468,34.0165815467618],[-81.0818195850541,34.0165999032605],[-81.0817398863615,34.0166178301494],[-81.0819169825732,34.0172574757523],[-81.0819322389824,34.0173110428038],[-81.0819084400163,34.0173167040469],[-81.0819253417672,34.0173719147105],[-81.0818804558658,34.0173815943089],[-81.0818614286147,34.0173856978665],[-81.0812448964789,34.0175214849],[-81.0811953965763,34.0175313773661],[-81.0811807298961,34.0175343084634],[-81.081170532552,34.0174974726361],[-81.0811557042958,34.0174438889834],[-81.0810640678184,34.0171129064943],[-81.0809724234137,34.0167819563749],[-81.0807891572292,34.0161199882042],[-81.0806867163975,34.0161430454602],[-81.0806106966128,34.0161601559022],[-81.0804703242507,34.0161917505487],[-81.0806535653915,34.0168537146838],[-81.0807452086278,34.0171846451949],[-81.0808368623553,34.017515618884],[-81.0808516861413,34.0175692530717],[-81.0809433298644,34.0179002320653],[-81.080989158507,34.0180657422605],[-81.0810349721063,34.0182311893224],[-81.0811265988101,34.0185621464931],[-81.0811463493489,34.0186334515962],[-81.0811494137545,34.0186333296668],[-81.0811900692438,34.0188252601882],[-81.0812119176836,34.01889454951],[-81.0812910257444,34.0191454664478],[-81.081317515125,34.019222320657],[-81.0813383427316,34.0192825683902],[-81.081423498912,34.0195501293036],[-81.0815304589709,34.0198777108638],[-81.0816090523365,34.0201183611404],[-81.0799418698161,34.020178568688],[-81.0786639904463,34.0202247027155],[-81.0778114583166,34.0202555001986],[-81.0775485814982,34.0207435048235],[-81.0775626677504,34.0209080387054],[-81.0773225896819,34.0209169602176],[-81.0772891162498,34.0209182037686],[-81.0778959707244,34.0220839491348],[-81.0781584991217,34.0225882828093],[-81.0784878099237,34.0225306296762],[-81.0792370460064,34.0223994544139],[-81.0789819611093,34.0218902986826],[-81.0789982833128,34.0218873884361],[-81.0791146402893,34.0218666411067],[-81.0799368769002,34.0217200257687],[-81.0800976647059,34.0216836846937],[-81.080356486014,34.0221891261626],[-81.0804026972617,34.0221787474558],[-81.0804611005545,34.0223080030824],[-81.080902006283,34.0232650321281],[-81.0809515723849,34.0233726191554],[-81.0808169068819,34.0236343487218],[-81.0807308861368,34.0238015369346],[-81.0821753334394,34.0244932788507],[-81.0830294014039,34.0249022764465],[-81.0831541698871,34.0250365835938],[-81.0829753266899,34.0252494622004],[-81.0828636182014,34.0253824288666],[-81.0827264576038,34.0255456751317],[-81.0826053254562,34.0256898487083],[-81.0825844665984,34.0257146754718],[-81.0822438131387,34.0261201420582],[-81.0822360376402,34.0261293968112],[-81.0820950652322,34.0260672189792],[-81.0819405397289,34.0262301917934],[-81.0816235190702,34.0260692621227],[-81.0812494089283,34.0265664495412],[-81.0810046835426,34.0268916835987],[-81.0809165543004,34.0270078786438],[-81.0807009545731,34.0268993267484],[-81.0803619663387,34.0267286509107],[-81.0800973926582,34.0265954502315],[-81.080167576943,34.0264701980858],[-81.080025083301,34.0263992201394],[-81.0802648799945,34.025962249337],[-81.0798666509604,34.0258045281034],[-81.0798258733677,34.0257883706876],[-81.079640141595,34.0257147790179],[-81.0795420646424,34.0256938089365],[-81.0792869863248,34.025639222932],[-81.0790937227512,34.0255979457428],[-81.0790862553791,34.0255963508915],[-81.0791989571996,34.0251781668625],[-81.0791400950415,34.0251576303962],[-81.0790788683702,34.0251386437673],[-81.079016760969,34.0251217563425],[-81.0789538766046,34.0251069963363],[-81.0788903203414,34.0250943884093],[-81.0785993169282,34.0244678812202],[-81.078461710004,34.0241821556528],[-81.0783347997921,34.0239186400701],[-81.0781037399538,34.0234386843644],[-81.0781014257019,34.0234338779722],[-81.078057268477,34.0233423086636],[-81.0779805489479,34.0233668226329],[-81.0779653689318,34.0233338886689],[-81.0778800106043,34.0231487219639],[-81.0778517825467,34.0231577440195],[-81.0774178043787,34.0232964503082],[-81.0774263284998,34.0233149415021],[-81.0775183232941,34.0235145297137],[-81.0775604739472,34.0236067496852],[-81.0771723572623,34.0237307477066],[-81.077298290945,34.0239795584213],[-81.0773566880651,34.0240949347265],[-81.0774160519587,34.0242122201915],[-81.0775549740777,34.0244866820964],[-81.0775905796983,34.0245570255508],[-81.0775938158856,34.0245634192626],[-81.0776228276782,34.0246207346058],[-81.0775996767983,34.0249213035147],[-81.0774440829103,34.0249143804153],[-81.0772883546908,34.0249100290806],[-81.0771161750362,34.0249081524419],[-81.0770660377948,34.0249081763682],[-81.0769084433764,34.0249100225071],[-81.0767751699197,34.0249135626192],[-81.0766419842614,34.0249189247652],[-81.0766535481901,34.024944683605],[-81.0769656358348,34.0256398797428],[-81.0770267311374,34.0257006477432],[-81.0770243074799,34.0257030712039],[-81.0769973076833,34.0257290712399],[-81.0766273075169,34.0261440715246],[-81.0765023074582,34.0262670714771],[-81.0763823078472,34.0263640714174],[-81.0761533083706,34.0265100714123],[-81.0758783077589,34.0266350715528],[-81.0756273080335,34.0267080718707],[-81.0754973075848,34.0267320712063],[-81.0752863079067,34.0267530718281],[-81.0750533078848,34.0267570712912],[-81.0741003080579,34.0267420715834],[-81.0739133082006,34.0267610718097],[-81.0737423073545,34.0268120715614],[-81.0736633075634,34.0267270713912],[-81.0736169021117,34.0266914729071],[-81.0735903074768,34.0266710715709],[-81.0734453076372,34.0265900715225],[-81.0731823074452,34.0264780711848],[-81.0719333076064,34.0258410711913],[-81.0718143076474,34.0256970715594],[-81.0717713079685,34.0255480712603],[-81.071660307512,34.0255680719025],[-81.0709833079991,34.0256980716555],[-81.0704257318477,34.0257881675715],[-81.0704252246119,34.0257876656144],[-81.0703508350685,34.0257996156017],[-81.0696014496806,34.025919993449],[-81.0696019984741,34.0259210012378],[-81.069478999986,34.0259409994404],[-81.0694648116458,34.0259431083341],[-81.0694050003618,34.0259519991558],[-81.0690489994861,34.0260099991464],[-81.0688140002815,34.0260469991126],[-81.0686179998057,34.026078998815],[-81.0685879997348,34.0260139994865],[-81.0684889996401,34.0258819989234],[-81.068448999799,34.0257939991945],[-81.0682839995778,34.0253429993153],[-81.0681520002619,34.0248859991918],[-81.0681379998974,34.0248599992439],[-81.0681259999543,34.0248369990425],[-81.0680269996928,34.0246829993776],[-81.0679209995058,34.0244519994642],[-81.0678809998409,34.0243749993167],[-81.067815000306,34.0242709994309],[-81.0676169999235,34.02400099878],[-81.0673530003392,34.0236659987398],[-81.0673200000007,34.0236159995173],[-81.0672139994886,34.023489998837],[-81.0670490001722,34.023324999093],[-81.0667589995782,34.0230779993687],[-81.0664289995407,34.02281399903],[-81.0661909997917,34.0225879994844],[-81.0660060002968,34.0224339988651],[-81.0655899994924,34.0221209995474],[-81.0654530002007,34.0220199988214],[-81.0648640003705,34.0215879991759],[-81.0648039998235,34.0215549995402],[-81.0647909997306,34.0215379994131],[-81.0646589995346,34.0214609992723],[-81.0644480003432,34.0213459992251],[-81.0644150003714,34.021334999417],[-81.0643542523269,34.0213011397304],[-81.0643543064221,34.0213010729767],[-81.0643164075734,34.0212801263529],[-81.0641842157724,34.021190502939],[-81.0639798420367,34.0210639280796],[-81.0637269718116,34.0209014866217],[-81.0634687742458,34.0207487153675],[-81.0626434777807,34.020162896846],[-81.0619205058627,34.0195341613388],[-81.0617599720415,34.0193606284187],[-81.0615294345626,34.019042259609],[-81.0613542270314,34.0187148577466],[-81.0611991253841,34.0183890570308],[-81.0611491580068,34.018267709484],[-81.0609587853268,34.017812656539],[-81.0608279469159,34.0174559773263],[-81.0606479257369,34.0167893117412],[-81.0604797474956,34.0162927057806],[-81.060357313455,34.0158379548831],[-81.0602595268771,34.0154712238002],[-81.0602082215711,34.0152146387331],[-81.0601663911812,34.0149192011384],[-81.0601345197505,34.0146950289715],[-81.0600896854934,34.0145940766278],[-81.0600593792955,34.0145455852998],[-81.0599279715361,34.0143353329258],[-81.0597909677983,34.0140602509283],[-81.0594665593125,34.0133766626904],[-81.0592030418914,34.0128274075887],[-81.0590806316002,34.0125400870835],[-81.0589030118932,34.0121231796459],[-81.0587595697014,34.0117632783191],[-81.0586545431133,34.0114885737799],[-81.0585382521734,34.0111600068973],[-81.0584999016931,34.0110123581022],[-81.058446322709,34.0107411493066],[-81.0584072806684,34.0104594558734],[-81.0583944667132,34.0101666844046],[-81.0584007424236,34.009857149439],[-81.0584174833437,34.0097061708],[-81.0584531614458,34.0093843930904],[-81.0585125223363,34.0091758216735],[-81.0585434671927,34.0090498530667],[-81.0584469987817,34.0090230008165],[-81.0581559989925,34.0089440006973],[-81.0580599991432,34.0089180009346],[-81.0580009992165,34.0089020007997],[-81.0578249989431,34.0088540006622],[-81.0577669984789,34.0088380008517],[-81.0572519993738,34.0086970007661],[-81.0570249984276,34.0086360006524],[-81.0565849990976,34.008543000497],[-81.0561759984171,34.0084880013453],[-81.0559539986871,34.0084700009054],[-81.0556759992116,34.0084630007035],[-81.0555079991293,34.0084600011639],[-81.0551439988444,34.0084820008276],[-81.0550239984394,34.0084970006802],[-81.0548159983947,34.0085260012488],[-81.0546689990269,34.0085570007317],[-81.0545519985573,34.0085820013689],[-81.0543029989779,34.008635000718],[-81.0524139985442,34.0093540010277],[-81.0517989989924,34.0094810013373],[-81.0511359989717,34.0096370008298],[-81.05090799896,34.0097180005192],[-81.0497729991716,34.0100500007332],[-81.0495259994477,34.010123001101],[-81.0493379993863,34.0102230005818],[-81.049112999194,34.0102860005395],[-81.0478339987355,34.0106750011547],[-81.0471709994271,34.0108760012826],[-81.0471009994157,34.0108920005815],[-81.0464499988309,34.0110380012247],[-81.0455179987293,34.0113360012714],[-81.0453009988068,34.011405001191],[-81.0438709993819,34.0118360007997],[-81.0423579994034,34.0123040008489],[-81.0419839984689,34.0124150009064],[-81.0415189992118,34.012554001027],[-81.0408619984095,34.0127500005748],[-81.0406799989524,34.0128050009096],[-81.0405839990893,34.0128320012669],[-81.0404879986951,34.0128580006637],[-81.0401679988555,34.0129580012151],[-81.0392079992072,34.0132580006065],[-81.038888998439,34.013359001124],[-81.0385739987041,34.0134570005235],[-81.0376299987529,34.0137530007874],[-81.0373159986098,34.0138530011567],[-81.0371169987649,34.0139130012807],[-81.036518998979,34.0140950008964],[-81.0363209989606,34.0141560012333],[-81.0361929989048,34.014198000996],[-81.0358089988207,34.0143260012606],[-81.0356819991986,34.0143690010915],[-81.0355959984084,34.0143970009989],[-81.0353399986522,34.014483000662],[-81.0352549989796,34.0145130009171],[-81.035025999008,34.0145840006105],[-81.0343409989637,34.0147970011016],[-81.0341749993406,34.0148490010093],[-81.0341119984596,34.014865000954],[-81.034117999008,34.014954000588],[-81.0341259985235,34.0150650011211],[-81.0342159984859,34.0152800008442],[-81.0342889990627,34.0154530013563],[-81.0344429987872,34.0157960009588],[-81.0345559986413,34.0160460006526],[-81.034647998848,34.0162510005146],[-81.0347519994277,34.0162680009151],[-81.0348039987982,34.0163920005466],[-81.0348629991533,34.0165300006613],[-81.0349739984723,34.0167920011919],[-81.0350829990291,34.0168270005087],[-81.0354169984644,34.0176000010269],[-81.0353889983808,34.017680001366],[-81.0355049985995,34.0179640013496],[-81.0355119987295,34.0179810008648],[-81.035635999423,34.0182820008322],[-81.0357159990428,34.0184640009101],[-81.0359579993358,34.0190110010862],[-81.0360389991449,34.0191940006137],[-81.0361709989816,34.0195120009407],[-81.0361779993695,34.019529001313],[-81.036549999334,34.0202510006553],[-81.036648998612,34.0204300008041],[-81.0367419985058,34.020595001083],[-81.0367919994343,34.0207430008115],[-81.0367729987838,34.0208820012978],[-81.0370189990644,34.021402001051],[-81.0371799990175,34.0217410010097],[-81.0373199984529,34.0220880005902],[-81.0373729987339,34.022221001196],[-81.0375199987202,34.0226750009767],[-81.0377309986356,34.0234270009091],[-81.0377929989633,34.0236450006028],[-81.0378329986923,34.0237620006996],[-81.0378819987263,34.0239600010524],[-81.0379773405159,34.0240755135226],[-81.0379866077464,34.0240718137306],[-81.0380099558432,34.0241477267339],[-81.0380974217342,34.024426999534],[-81.0382613270517,34.0249503307288],[-81.0383619155553,34.0254966600471],[-81.0383729460718,34.025791882812],[-81.0383512108956,34.0261292230869],[-81.0383018160402,34.026424054191],[-81.0381036928573,34.0270360610711],[-81.0378766732478,34.0274693043435],[-81.0375518310726,34.0279159164681],[-81.0373249415287,34.0281614282653],[-81.0368163576774,34.0285911569474],[-81.0356171463005,34.0295235181559],[-81.0351953278102,34.0298531521856],[-81.0364561973687,34.0298521814356],[-81.0369689994528,34.029857000814],[-81.0370139987454,34.0298600008692],[-81.0374009989356,34.029881000765],[-81.0377669990584,34.029898000515],[-81.038956999438,34.0299550013001],[-81.0395269992322,34.0299760010196],[-81.0400279985822,34.0299950005942],[-81.0400589985724,34.029997001374],[-81.0407829991644,34.030007000755],[-81.0405209984428,34.0305900008967],[-81.0403779989265,34.0309090013661],[-81.0397789990385,34.032359000968],[-81.0395349991391,34.0329500008287],[-81.039420998801,34.0332250006857],[-81.0393289987401,34.0334190005583],[-81.0390979989441,34.0339140009011],[-81.0389609993719,34.0341750005871],[-81.0387719991773,34.0345380006616],[-81.0386159993189,34.034777000914],[-81.038338998483,34.0352080009061],[-81.0378549984664,34.0358120011768],[-81.03777899883,34.0358920009574],[-81.0375849990825,34.0360990012569],[-81.0373149985096,34.0363050006876],[-81.03673699921,34.0367340005144],[-81.0362019984107,34.0370670007024],[-81.0356129993901,34.0374100012113],[-81.0352709991516,34.0376110006338],[-81.0348449986612,34.037849001149],[-81.0342279985474,34.0381990009067],[-81.0339079991187,34.0383790008489],[-81.0336099991107,34.0385490005385],[-81.0330669985575,34.0388560006135],[-81.0322929984781,34.0392950006065],[-81.0318869994376,34.0395260011393],[-81.0314959992267,34.0397470012604],[-81.0310999986895,34.0399720012977],[-81.0301639985508,34.0405030009977],[-81.0299469990209,34.0406300010245],[-81.0292979989319,34.0410130009888],[-81.0290819990919,34.0411410010295],[-81.0290818441557,34.0411408667136],[-81.0282071472969,34.0416057169136],[-81.0278357612927,34.0418057924777],[-81.0270437261436,34.042257924514],[-81.0233566344632,34.0443632036967],[-81.0210375813171,34.0456801256735],[-81.0199103064597,34.0463201579428],[-81.0186101595471,34.0470474508022],[-81.0172352574996,34.0478307064358],[-81.0155496374674,34.0487909355192],[-81.0142072347531,34.0495407049581],[-81.0138788977303,34.0497062464406],[-81.012759162247,34.0502710419114],[-81.0112068384233,34.0510568495528],[-81.010348617065,34.0514863448209],[-81.0098203658146,34.051720498848],[-81.0074769201232,34.0527570316451],[-81.0066287739377,34.0531760795637],[-81.0065045777569,34.0530652820334],[-81.0062449414787,34.0528405961647],[-81.0061449250925,34.0527544762867],[-81.0068282231253,34.0524654509074],[-81.0061535923429,34.0521910569541],[-81.0054459413235,34.0519600599926],[-81.0048419993802,34.0525980006389],[-81.0037089986802,34.0538000005768],[-81.0030339993231,34.0545160006348],[-81.002432998622,34.0551570010884],[-81.0019919681359,34.055357371419],[-81.0017760430152,34.0554552135266],[-81.0015574956288,34.0555489358549],[-81.0013364394233,34.0556384897498],[-81.0011129891486,34.0557238287214],[-81.0008638500681,34.0558125533207],[-81.000612130467,34.0558960803157],[-81.000357986848,34.0559743577726],[-81.0001015772223,34.0560473370218],[-80.9998962848068,34.0561011757645],[-80.999689741839,34.0561515926189],[-80.999493557826,34.0562025550909],[-80.9992956512411,34.0562486736889],[-80.9990961946914,34.0562899081897],[-80.9988953621367,34.0563262226294],[-80.9987257881216,34.0563531319001],[-80.9985628135467,34.0563756651475],[-80.9983992494863,34.0563950147682],[-80.9982351857062,34.0564111701431],[-80.9980707122466,34.0564241224059],[-80.9978700796285,34.0564356472626],[-80.9976691352985,34.0564424378279],[-80.9974505475084,34.0564478725175],[-80.9972314441288,34.056449872279],[-80.9970649025379,34.0564493273914],[-80.9968983842048,34.0564469477982],[-80.9967319183078,34.0564427339165],[-80.9965655340166,34.0564366864847],[-80.9962463778913,34.0564194885632],[-80.9959278303074,34.0563957278436],[-80.9950837522806,34.056317827469],[-80.9946885421396,34.0562813099373],[-80.9938463577096,34.0562056915184],[-80.9937563352025,34.056295585376],[-80.9931529916721,34.0568995649387],[-80.9931296002401,34.0569231824731],[-80.9928180447696,34.0572466175946],[-80.9927094525078,34.0571824849948],[-80.9920088482657,34.0567627248674],[-80.9922570122574,34.0563883487046]],[[-81.0068101498066,34.0520049545147],[-81.0068149208607,34.0520080894278],[-81.0069525991649,34.0519522428591],[-81.0069631543821,34.051947961045],[-81.0071421016996,34.0522085454971],[-81.0071480486078,34.0522172031785],[-81.0075715154548,34.0520254427952],[-81.0075824324106,34.0520204990663],[-81.0075876611155,34.0520290034837],[-81.0075900013567,34.0520328084709],[-81.0077241346643,34.0519768314203],[-81.0078267972995,34.0519339388273],[-81.0079499201833,34.0518825076425],[-81.0079741718894,34.0518723783087],[-81.0081218896568,34.0518106742231],[-81.0082694338864,34.0517489690705],[-81.0084446677315,34.051675954672],[-81.0086958026869,34.0515709725351],[-81.0087645852719,34.0516722058173],[-81.0088360725126,34.0517582967908],[-81.0089785390823,34.0519693234358],[-81.0089969421936,34.0519608895019],[-81.0090707420022,34.0519270671629],[-81.0100058754023,34.0514984239988],[-81.0105057683866,34.0512693534945],[-81.0106544659523,34.0511998331596],[-81.0110164997333,34.0510286022155],[-81.0114502951313,34.0508199551992],[-81.0117268040918,34.0506844207167],[-81.0118719365468,34.0506132166954],[-81.0122972441223,34.050400560396],[-81.0122126057473,34.0503290818596],[-81.0119551931915,34.0501116931971],[-81.0119241637546,34.0500854876556],[-81.0116317625374,34.0498385478654],[-81.0116251014727,34.0498459216101],[-81.0114905412236,34.0499948735171],[-81.0114981074531,34.0500002171342],[-81.0114209665516,34.0500855349628],[-81.0113731354767,34.0501384370051],[-81.0112081599542,34.0501085077799],[-81.0111069202325,34.0500504958223],[-81.0099627224645,34.0496713203701],[-81.0099595835663,34.0496746794181],[-81.0096173230567,34.0500409918947],[-81.0095984234303,34.0500612119554],[-81.0094960984094,34.0501706886125],[-81.0094594731455,34.0502097697561],[-81.0094231923272,34.0502488508623],[-81.0093865680644,34.0502877886148],[-81.009386224731,34.0502883612139],[-81.0093501138571,34.0503268688102],[-81.0093134895435,34.050365949909],[-81.009277208593,34.0504050309709],[-81.0092407542865,34.0504441120347],[-81.0092041298732,34.0504831921982],[-81.0091473859745,34.0505438891477],[-81.0090906430789,34.0506045860703],[-81.009054188603,34.0506436670771],[-81.0090177351622,34.050682604704],[-81.0089811105462,34.0507216857008],[-81.0089446581374,34.050760766674],[-81.0089082035289,34.0507998467346],[-81.0088717499706,34.0508389276856],[-81.0088654405934,34.0508456917126],[-81.0088352974625,34.0508780086254],[-81.0087988427547,34.0509170895543],[-81.0086272356489,34.0511006108216],[-81.0086216811987,34.0511065840012],[-81.0083811709289,34.0513641546494],[-81.008145063971,34.0514627962918],[-81.0080859082463,34.051487563265],[-81.0080573356145,34.0514994854614],[-81.0079383632369,34.0515491248355],[-81.007790816933,34.0516106853278],[-81.0076432791003,34.0516724277846],[-81.0075825771455,34.051696136028],[-81.0075795956484,34.0516927792192],[-81.0075490733337,34.0516595321713],[-81.0076037212163,34.0516283420935],[-81.0079694567471,34.0513155202639],[-81.0079508824466,34.0512997752452],[-81.0079090905993,34.0512647084916],[-81.0078669542899,34.051229497475],[-81.0078251624979,34.0511942873237],[-81.0078220662391,34.0511915671205],[-81.0078146679462,34.051197101257],[-81.0074394757642,34.0514777653436],[-81.007402163939,34.0515243750167],[-81.0070768216087,34.0518680811432],[-81.0070698880395,34.0518616434738],[-81.0067450644862,34.0515600553475],[-81.0065286976885,34.0517975674813],[-81.0065160177959,34.0518115704868],[-81.0066480988377,34.0518984512053],[-81.0068101498066,34.0520049545147]],[[-81.0064446467149,34.0517996069861],[-81.006075061219,34.0515305163168],[-81.0060668451378,34.0515393415563],[-81.0059737774555,34.0516393101007],[-81.0060936967169,34.0517261541267],[-81.0062218225454,34.051818904593],[-81.0063416849026,34.0519058737128],[-81.0063485229825,34.05191083446],[-81.0064446467149,34.0517996069861]],[[-81.0060527973572,34.0509268964632],[-81.0061916447129,34.0507705654343],[-81.0063178755495,34.0506258234059],[-81.0066686533801,34.0508674462513],[-81.0070420447295,34.0511390443906],[-81.0070494179613,34.0511444072235],[-81.0071539682309,34.0510380460199],[-81.0067644320225,34.0507547875339],[-81.0064187926722,34.0505031793706],[-81.0065067532256,34.0503859299227],[-81.0065922170171,34.0502674080884],[-81.0066580788357,34.0501726180087],[-81.0067425008398,34.0500459575485],[-81.0068421723302,34.0498892703631],[-81.0069368802257,34.0497304643796],[-81.0069500389079,34.0497075553018],[-81.0070634051769,34.0495032992332],[-81.007168918533,34.0492961484678],[-81.0072603327441,34.0490996334956],[-81.0073441197123,34.0489007767498],[-81.0073518427108,34.0488813728162],[-81.0074142360302,34.0487155743255],[-81.0074707708766,34.0485483263376],[-81.0071761852736,34.0484422742494],[-81.0070135682417,34.0484906898972],[-81.0068185064565,34.0485492222818],[-81.0061593774535,34.048746222003],[-81.0060001974466,34.0487937777396],[-81.0057991743535,34.0488539075028],[-81.0057769909184,34.0488603493118],[-81.0055971618288,34.0489118386628],[-81.0055439828036,34.04892706519],[-81.0049793846811,34.0490887856512],[-81.0049404131463,34.0490999483316],[-81.0038770464844,34.0494045256932],[-81.0028064795115,34.0497111535448],[-81.0020627267189,34.0499238786511],[-81.0025072045606,34.0504020349363],[-81.0026666953613,34.050402503197],[-81.002680793026,34.0504025380594],[-81.0026601571532,34.0504155643178],[-81.0027604157448,34.0504449067301],[-81.0028857826808,34.0504815485629],[-81.0030424489828,34.0505273506762],[-81.0031994577652,34.0505731525825],[-81.0033561244066,34.0506190976676],[-81.0035131335235,34.0506648991761],[-81.0036699716444,34.0507105571217],[-81.0038268099445,34.0507565016061],[-81.0039834772415,34.0508021591598],[-81.0041406592673,34.0508479598669],[-81.0042032571892,34.0508662801031],[-81.0044357639795,34.0509341223782],[-81.0056975544039,34.0513026050657],[-81.0057085390799,34.0513058127736],[-81.0058816276119,34.0511169584141],[-81.0060527973572,34.0509268964632]],[[-81.0127547766975,34.0486019982785],[-81.0130911656444,34.0488140868542],[-81.0131790987132,34.0487313627793],[-81.013368223407,34.0488804596204],[-81.0135285353341,34.0487057586632],[-81.0135951828678,34.0487582874775],[-81.0137390130287,34.048871669139],[-81.0140272615333,34.0490979566942],[-81.0143526389489,34.0488106959395],[-81.0144159928151,34.048765726706],[-81.0145629787397,34.0486501975904],[-81.0147643952985,34.0485037320473],[-81.0149664984916,34.0483603913482],[-81.014944139252,34.0483416064166],[-81.0146727935136,34.048139332771],[-81.0146113291644,34.0480935350369],[-81.0143259510008,34.047880858563],[-81.0137890355153,34.0474806128465],[-81.013498868377,34.0478010857919],[-81.0133498373551,34.0479656947221],[-81.0132945177552,34.0480167092991],[-81.0131598024978,34.0481627849118],[-81.0130248745145,34.0483091714779],[-81.0128643726363,34.0484832072778],[-81.0127547766975,34.0486019982785]],[[-81.021748646989,34.0398797540497],[-81.0213685470037,34.0397260048041],[-81.0212985513948,34.0398564638175],[-81.0218259229497,34.0400702320836],[-81.0218370836791,34.0400747566181],[-81.0219092136165,34.0399447044972],[-81.021748646989,34.0398797540497]],[[-81.024369524328,34.0389460286847],[-81.024245335246,34.0388532381388],[-81.0242342663968,34.038867169653],[-81.0241345404861,34.0389926930168],[-81.0240217996716,34.0391345980667],[-81.0237580004115,34.0394666332049],[-81.0238921563025,34.0395379899689],[-81.0238971101983,34.0395406246635],[-81.0239719013354,34.0394464906472],[-81.0241843170174,34.0391791389959],[-81.0243369869278,34.0389869818456],[-81.024369524328,34.0389460286847]],[[-81.0224236425483,34.0386579510482],[-81.0221695654266,34.0386341622305],[-81.0217989126581,34.0385994585865],[-81.0217651849298,34.0387432908505],[-81.0216706485837,34.0390128125927],[-81.0216175009104,34.0391645668556],[-81.0222147163497,34.0392883468098],[-81.022269253738,34.0391447938455],[-81.0222967420429,34.0390680827984],[-81.0223607023647,34.0388746211909],[-81.0223932700154,34.0387665070798],[-81.0224236425483,34.0386579510482]],[[-81.0232876818132,34.0386535684405],[-81.0235204083227,34.0387508460943],[-81.023610872482,34.0386349730927],[-81.023686318494,34.0385331945468],[-81.0237482656852,34.0384519843506],[-81.0237534865932,34.0384451385997],[-81.0236890908549,34.0383939671992],[-81.0241009627147,34.0381195658255],[-81.0242584965848,34.0380706579626],[-81.0242121227877,34.0378002510308],[-81.0242119969625,34.0377995955245],[-81.0241957061925,34.0377159089446],[-81.0241955619316,34.0377151713877],[-81.024176811151,34.0376188408382],[-81.0241763653508,34.0376165533292],[-81.0241469696169,34.0374654036958],[-81.0241580097559,34.0373498143825],[-81.0239961386477,34.0373109061506],[-81.0236837815591,34.0372888647303],[-81.0237005568507,34.0370417993454],[-81.0235365570484,34.037030221245],[-81.0230342444581,34.0369948599792],[-81.0230245116633,34.0369946516901],[-81.0227627638831,34.0369646618482],[-81.0227793689495,34.0368708051387],[-81.0224098283212,34.0368320581024],[-81.0224085189892,34.0368325714023],[-81.0221798199061,34.0369221903085],[-81.0221756572686,34.0369631008833],[-81.0221637071386,34.0369619786057],[-81.0221369983336,34.0369594694501],[-81.0221367096234,34.0369613251867],[-81.0221159937695,34.0370942691458],[-81.022286321533,34.037112155332],[-81.0222650998373,34.0372484059108],[-81.0222977703728,34.0372518228749],[-81.0222553637251,34.037524393441],[-81.0222375466104,34.0376333265919],[-81.0222259949473,34.0376321149815],[-81.0221820282264,34.0376275034709],[-81.0221812514215,34.0376308660239],[-81.0221228902676,34.0378834839938],[-81.0221103962396,34.037882171551],[-81.0220212461881,34.0378728034761],[-81.0219662811465,34.0378670288523],[-81.02181485058,34.0378511289479],[-81.0218041108076,34.0379038230804],[-81.0217973657052,34.0379272412371],[-81.0217835700185,34.0379582317235],[-81.0217647640729,34.037987338496],[-81.0217504843143,34.0380044767758],[-81.0217284338441,34.0380258013445],[-81.0217035372766,34.0380448311588],[-81.0216761367409,34.0380613047094],[-81.0216466087762,34.0380749956154],[-81.0216007222312,34.0380894262475],[-81.0215525675608,34.0380971990395],[-81.0214946814039,34.0381007166622],[-81.0215934015823,34.0382420750937],[-81.0215693326416,34.038423780354],[-81.0224507086024,34.0385290401213],[-81.0224566486154,34.0385297495811],[-81.0224875608057,34.0383969777978],[-81.0224949095877,34.0383631746979],[-81.0227491107283,34.0384285714554],[-81.0232876818132,34.0386535684405]],[[-81.0212119979292,34.0380023716271],[-81.0212833526265,34.0375307089337],[-81.021269243928,34.0375432602172],[-81.0209686959401,34.0378106183111],[-81.021163454604,34.0380008722813],[-81.0211985520627,34.0380019564399],[-81.0212119979292,34.0380023716271]],[[-81.0046850324343,34.0376709108203],[-81.0048324064308,34.0376080697758],[-81.0052808035063,34.0376277336714],[-81.005294492948,34.037628333616],[-81.0052985838565,34.037628475909],[-81.0053267400276,34.036993665472],[-81.0053356955771,34.036791773224],[-81.0046783761515,34.0367639094561],[-81.0046769324066,34.0367643477336],[-81.0045120845964,34.0367568400231],[-81.004193925203,34.0367433393031],[-81.0037061515396,34.0367226402198],[-81.0036277070114,34.0368633268179],[-81.0035432977586,34.0370016000692],[-81.003810887647,34.0373485195637],[-81.0039822678381,34.0375706634576],[-81.0040784461164,34.037695424924],[-81.0042995446606,34.0379819972004],[-81.0043033737122,34.0379869608886],[-81.0047540305634,34.0377647329837],[-81.0046850324343,34.0376709108203]],[[-81.020022998983,34.0367234305516],[-81.0205193163916,34.0367832643325],[-81.0205235416769,34.0367837739926],[-81.020636392864,34.0366844175162],[-81.0207397181787,34.036585931759],[-81.0207951963427,34.0365288037507],[-81.0208488237323,34.0364704637064],[-81.020900562163,34.0364109531701],[-81.020950374796,34.0363503145192],[-81.0210054313989,34.0362789793527],[-81.0210578223569,34.0362062661159],[-81.0210721995714,34.0361852704454],[-81.0212509792116,34.0359240229249],[-81.0212162751055,34.0359065940942],[-81.0211839452502,34.0358862453013],[-81.0211476864907,34.0358581904281],[-81.0211147410972,34.0358274332997],[-81.0210830391912,34.0357915281412],[-81.0210558496341,34.0357531437403],[-81.0210463509781,34.0357575564368],[-81.0203462352999,34.0360828139844],[-81.0201981054874,34.036151631087],[-81.020020902289,34.0364077029024],[-81.0200063092671,34.0364287922607],[-81.0199744347811,34.0364748522934],[-81.0200096038592,34.0366702021379],[-81.020022998983,34.0367234305516]],[[-81.0086426678058,34.0365962748199],[-81.0086416044679,34.0362753711792],[-81.0086431305441,34.0362270939467],[-81.0086470579875,34.0361789108105],[-81.0086533800489,34.0361309045221],[-81.0086620858667,34.0360831575292],[-81.0086849020561,34.0359957457535],[-81.0087138614056,34.0359159618147],[-81.0087493351493,34.0358380223823],[-81.008755561625,34.0358255722585],[-81.0087734548816,34.0357897890841],[-81.008928610628,34.0358369230764],[-81.0089286918647,34.0358369735654],[-81.0089288196772,34.0358370547086],[-81.0091777389811,34.0359203548546],[-81.0094448849706,34.0358754133393],[-81.0098052909948,34.0359552961933],[-81.0097463783741,34.0361537843412],[-81.0097151369594,34.0362428290333],[-81.0096418892638,34.0364516029535],[-81.0096990147115,34.0364406798963],[-81.009718037743,34.0364369715465],[-81.0097218230699,34.0364362291563],[-81.0097370510209,34.0364332271267],[-81.0097484297422,34.0364309701964],[-81.0097560545458,34.0364294520471],[-81.009757425711,34.0364291805296],[-81.0099367740237,34.0363917412673],[-81.0101151730456,34.0363512807377],[-81.0102613555504,34.0363157023672],[-81.0104068030019,34.0362780941174],[-81.010560698605,34.0362272111751],[-81.0106509428164,34.0362011273879],[-81.0106763804452,34.0361937754982],[-81.0108806639436,34.0361314128612],[-81.0111110300078,34.0360600603747],[-81.011139753447,34.036051173413],[-81.011268963897,34.0360111463903],[-81.0120115033289,34.0357811241364],[-81.0119228141297,34.0356035035301],[-81.0118540009918,34.0354658043497],[-81.0120052553196,34.0354107432115],[-81.0123324828011,34.0352800187309],[-81.0125069685561,34.0352103129637],[-81.0125295251122,34.0352054712981],[-81.0125398876759,34.0352032475764],[-81.0126800587246,34.0355721667681],[-81.0126806839056,34.0355738122955],[-81.0130301327047,34.0354655746579],[-81.0130828892621,34.0354492340244],[-81.0130326508417,34.0353366943967],[-81.0130138249591,34.0352880546245],[-81.0129988450124,34.0352384971713],[-81.0131896633475,34.03519258804],[-81.0137057260708,34.0350911555952],[-81.0137839436425,34.0352329274742],[-81.0137897579033,34.0351739650675],[-81.0138034700998,34.0350349196427],[-81.0138129370154,34.0349389242565],[-81.0138151321261,34.0349169380094],[-81.0138151688916,34.0349165701141],[-81.0142267416581,34.0348920462445],[-81.014287398091,34.0350810045649],[-81.0142879973426,34.0350828746091],[-81.0146556949736,34.0349733859411],[-81.0145964512049,34.0348481972283],[-81.0145834247499,34.0348206718466],[-81.0145728959827,34.034800214549],[-81.0145522734286,34.0347691991707],[-81.0145270393263,34.0347406442952],[-81.0144976112088,34.0347150223973],[-81.0144644760027,34.0346927574219],[-81.0144281819717,34.0346742177693],[-81.0143893296446,34.0346597101995],[-81.0143485618789,34.0346494747571],[-81.0143065532248,34.0346436807994],[-81.014271600977,34.0346408201409],[-81.0142301198936,34.0346374255166],[-81.0142169246665,34.0346363467991],[-81.0139998592702,34.0346185792433],[-81.0140067576969,34.0344810250433],[-81.0140517025125,34.034100773768],[-81.0138543919338,34.034086224569],[-81.0136570814247,34.0340716930903],[-81.0134598067234,34.034057161294],[-81.0134596985598,34.0340580738201],[-81.0134153892654,34.0344325846324],[-81.0133954289891,34.0345690464566],[-81.0132116752327,34.0345539790051],[-81.0130142824733,34.0345390768206],[-81.0127504505946,34.0345209585098],[-81.0126881409972,34.0345166782408],[-81.0125737807532,34.0345088234985],[-81.0125790037635,34.0343711577336],[-81.0126043616216,34.033994133413],[-81.0124069887134,34.0339795738042],[-81.0122095476386,34.0339650102813],[-81.0120121564518,34.033950448243],[-81.0118147664193,34.0339359183516],[-81.0116173450455,34.0339213935594],[-81.01141993673,34.0339068314825],[-81.0112890171681,34.0338971664757],[-81.011222558806,34.0338922600719],[-81.0109267427834,34.033870477186],[-81.0106103604816,34.0338471507525],[-81.0104368634475,34.0338343586983],[-81.0104343819274,34.0338414047453],[-81.010421972155,34.0338766385862],[-81.0104116275306,34.0338740867581],[-81.0101114073217,34.0338000157576],[-81.0097632630903,34.0337141329087],[-81.009762050508,34.0337180436519],[-81.0096005075893,34.0342391885814],[-81.0094398378494,34.0342076352985],[-81.0090917153818,34.0341217370487],[-81.0091251338022,34.0340139100128],[-81.009153059654,34.0339238070703],[-81.009256770123,34.0335891779555],[-81.0091410597373,34.0335606271682],[-81.0091677036209,34.0334755332174],[-81.0092665472623,34.0328887627092],[-81.0093230590433,34.0325532830538],[-81.0090385763193,34.032506813627],[-81.0087481132298,34.0324592772646],[-81.0087095410924,34.0324529708203],[-81.0086560173061,34.0324442209137],[-81.008582903132,34.0324322677177],[-81.0084899949756,34.032417124737],[-81.0084241871722,34.0324063981538],[-81.0081391389729,34.0323597616921],[-81.008076171032,34.0323494549277],[-81.0080205711511,34.0323403541227],[-81.007927968611,34.0323252152097],[-81.0077749553347,34.0323002010605],[-81.0076966947193,34.032287407285],[-81.0076068044097,34.032396836165],[-81.0075865598396,34.0323929574124],[-81.0073711532653,34.0323516863056],[-81.0071470085432,34.0323058707875],[-81.0070346942081,34.0322829155512],[-81.0069564735325,34.0322669238977],[-81.0068570619581,34.0322489649681],[-81.0068546085366,34.0322583580559],[-81.0067945899014,34.0322475220852],[-81.0067970682382,34.0322381172751],[-81.0063523442665,34.0321577511508],[-81.006342887955,34.0321684439288],[-81.00608505853,34.0324599891134],[-81.0060922112079,34.0324636721847],[-81.0060156547679,34.0325502178524],[-81.0059338880486,34.0326426526867],[-81.0059519584468,34.0326551943917],[-81.0060198925335,34.0327023488348],[-81.0060666464561,34.0327316579404],[-81.0062911344779,34.0327846267253],[-81.0062624004802,34.0328635489834],[-81.0058706526314,34.0332987195193],[-81.0057223231309,34.0334634064815],[-81.005668528537,34.0335246790751],[-81.0056599416434,34.0335182774377],[-81.005435335477,34.0333508509626],[-81.0054204152601,34.0333499021309],[-81.0053704407669,34.0333467222239],[-81.0053074782396,34.0333427169007],[-81.0053037548074,34.0333444762654],[-81.0052236782363,34.0333823237706],[-81.0051079691393,34.0335124376601],[-81.00500877383,34.033634100558],[-81.0049135940295,34.033757966927],[-81.0053512666525,34.0339607100956],[-81.0053602823212,34.033964886354],[-81.0054285064173,34.0338766408934],[-81.0055234613132,34.033753697014],[-81.0056985111891,34.0335470288996],[-81.0057511620181,34.0334850034317],[-81.0057864410972,34.0335114241393],[-81.0063295176637,34.0339181573058],[-81.0062759656845,34.0339775185511],[-81.0060159546884,34.0342219671744],[-81.0063282580236,34.0344035654549],[-81.0060770217738,34.0346293279254],[-81.0060398616434,34.0347375799039],[-81.0060163995186,34.0348061188005],[-81.0059619839351,34.0349646599567],[-81.0059155304216,34.035100040696],[-81.0059075735685,34.0351232308378],[-81.0058936912965,34.0351636868944],[-81.0058532149891,34.0352818016857],[-81.005798756564,34.0354403427517],[-81.0057443520941,34.0355989108352],[-81.0056899604197,34.0357574644602],[-81.00566997376,34.0358156462591],[-81.0056355512171,34.0359160433027],[-81.0056199837259,34.0359614019048],[-81.0056019873134,34.0360138407125],[-81.0055486671673,34.0361691995088],[-81.0054175442102,34.036551330407],[-81.0054376868187,34.0365560291529],[-81.0054957422083,34.0365676873832],[-81.0055544706766,34.0365767115366],[-81.0056083041312,34.0365826088968],[-81.0056628414607,34.0365863141847],[-81.005978919773,34.0365983018059],[-81.0061424490237,34.0366173835751],[-81.0063940723123,34.0366269143936],[-81.0065919631199,34.0366343953126],[-81.0067898323001,34.0366418759173],[-81.0069876950161,34.0366493562069],[-81.0071856400076,34.0366559480083],[-81.0073497152102,34.0366587688185],[-81.0073507257402,34.0366587858908],[-81.0075491909984,34.0366590612693],[-81.0077476173417,34.0366557780512],[-81.0077873906932,34.0366546809066],[-81.0078271586151,34.0366534412821],[-81.0078867980156,34.0366513122158],[-81.0079861543417,34.0366470480671],[-81.0081350722936,34.0366389759835],[-81.0082838133344,34.0366288937016],[-81.0084529555877,34.0366150037237],[-81.0086217588754,34.0365985016534],[-81.0086238221501,34.036598284202],[-81.0086400359126,34.0365965554298],[-81.0086426678058,34.0365962748199]],[[-81.0241968943513,34.0321854997347],[-81.0242506708525,34.0323557454101],[-81.0242507694972,34.0323560573771],[-81.0241874274806,34.0323703588894],[-81.0241711287311,34.0323740382729],[-81.0242975721252,34.0327743001296],[-81.0243355057929,34.0329081176808],[-81.0242178247413,34.0329342916375],[-81.0241783782248,34.0329430683054],[-81.0238861484243,34.0330080865538],[-81.0235289250022,34.0330875642984],[-81.0235287630638,34.0330894632976],[-81.0235248689626,34.0331350509985],[-81.0235092417673,34.0333179662658],[-81.0235054534409,34.033362295178],[-81.0234876982597,34.0335701264503],[-81.0234793777185,34.0336675317433],[-81.023467922987,34.033801419272],[-81.0235740196272,34.0337779749565],[-81.0236205182447,34.0339383143969],[-81.0237157648858,34.0342645246681],[-81.0237375106498,34.03433899323],[-81.0237571532726,34.0344061196944],[-81.0242706682771,34.0343950269014],[-81.0242022325946,34.0341605339738],[-81.0241989716833,34.0341612316192],[-81.0241148366869,34.0341792277728],[-81.0240897396671,34.0340932615204],[-81.0240187972254,34.0338502686878],[-81.023994969271,34.0336849359382],[-81.0241846573692,34.0336430118222],[-81.0243755105741,34.0336008112687],[-81.0243815720675,34.0335994710623],[-81.0243839015599,34.0335836043924],[-81.024285648279,34.0332749123772],[-81.0243235527442,34.0332664028797],[-81.0244894356873,34.0332294981793],[-81.0245432490831,34.0330463615381],[-81.0246012365863,34.0328490124309],[-81.0246459629433,34.0326967921222],[-81.0247138890977,34.0324656129973],[-81.0247577451453,34.0323163620858],[-81.0246723549472,34.03233536607],[-81.024431085731,34.0323810215011],[-81.0243576817782,34.0321487612024],[-81.0245201607014,34.0318571355882],[-81.0244721370768,34.0317288627622],[-81.0244318398451,34.031558270054],[-81.0243543462432,34.0311968021438],[-81.0243433271339,34.0311992533085],[-81.023996935838,34.031276316479],[-81.0239431313105,34.0313436248623],[-81.0239326655987,34.03135775734],[-81.0240479967025,34.0318861795715],[-81.0240628029391,34.0318708740416],[-81.0241068827249,34.0318253064628],[-81.0241968943513,34.0321854997347]],[[-81.0161917130751,34.0345031339122],[-81.0153602125914,34.0343131985465],[-81.015035397995,34.0342157336234],[-81.0150373450681,34.0342203383393],[-81.015109915672,34.0343919480588],[-81.0152111966647,34.0346314499681],[-81.0152754020262,34.0347831665226],[-81.0152769958947,34.0347869336038],[-81.0161917130751,34.0345031339122]],[[-81.0226711232048,34.0347301274242],[-81.0226681046918,34.0347507127473],[-81.0228016341946,34.0345657418356],[-81.02279519962,34.0345655248074],[-81.0227840222408,34.0345651472463],[-81.0226957469429,34.0345621679895],[-81.0226954496342,34.0345641977571],[-81.0226711232048,34.0347301274242]],[[-81.0180181541001,34.0343127654617],[-81.0180310736767,34.034337061536],[-81.0180334821749,34.0343359052143],[-81.0181311714147,34.034289003794],[-81.0184232686141,34.0341609589974],[-81.0184090597099,34.0341348083691],[-81.0183551138423,34.0340355208977],[-81.01834498246,34.0340386738164],[-81.0180477357158,34.0341311897286],[-81.0179394861271,34.0341648205763],[-81.0180181541001,34.0343127654617]],[[-81.0218532149021,34.0374822196527],[-81.0219249171965,34.0370214867888],[-81.0219108294403,34.0370262637428],[-81.0217280350297,34.0370882449137],[-81.0213529446068,34.0373088948546],[-81.021600506367,34.0373256595892],[-81.0216390364772,34.0373294204174],[-81.0216765827505,34.037337545563],[-81.0217124354056,34.0373498814271],[-81.021745916677,34.0373661948102],[-81.021776393627,34.0373861773213],[-81.0218032901113,34.0374094512069],[-81.0218260976701,34.0374355764926],[-81.0218443851402,34.0374640593003],[-81.0218532149021,34.0374822196527]],[[-81.0116943191311,34.0303102508983],[-81.0106811104366,34.0300440707571],[-81.0106786354798,34.0300506001444],[-81.0105817914027,34.0303061046426],[-81.0103928922536,34.030256544506],[-81.0103942163595,34.0302530512284],[-81.0104922702781,34.0299944278072],[-81.0104545304327,34.0299845141484],[-81.0103193976839,34.0299490176033],[-81.010244165014,34.0299292406434],[-81.010139369593,34.029901693444],[-81.0101363455829,34.0299088206894],[-81.0099634738082,34.030316321523],[-81.0098749579232,34.0305248987713],[-81.0104522084059,34.03062603521],[-81.0104028648474,34.0307776548538],[-81.0104013719144,34.0307822409994],[-81.0110314088177,34.0308724670084],[-81.0114539388749,34.0309329739457],[-81.0114677076212,34.0309349455829],[-81.0116641002038,34.0303936208587],[-81.0116943191311,34.0303102508983]],[[-81.0095426331601,34.0303353830597],[-81.0097935912116,34.0297870336968],[-81.0096026991802,34.0297218867065],[-81.0093920775447,34.02964997189],[-81.0092413606547,34.0295985333746],[-81.009237411747,34.029606165617],[-81.0090859234494,34.0298989319788],[-81.0092158319936,34.0300230713955],[-81.0093655556319,34.0301661375619],[-81.0095341793215,34.0303273027183],[-81.0095426331601,34.0303353830597]],[[-81.0252450243509,34.029848470211],[-81.0254143864285,34.029939596132],[-81.0255114169761,34.0299917492116],[-81.0255672075909,34.0299236011377],[-81.0256062273073,34.0298759655552],[-81.0256148384446,34.0298654527178],[-81.0256788243051,34.0297873400697],[-81.025800807728,34.0296383357879],[-81.0257151692104,34.0295922796368],[-81.0255481125154,34.0295024367555],[-81.0254203424957,34.0296483130971],[-81.025303425557,34.0297817518107],[-81.0252556862617,34.0298362906486],[-81.0252450243509,34.029848470211]],[[-81.0259510205504,34.0296659252031],[-81.0259965589628,34.0296913182323],[-81.0260309219605,34.0296312058297],[-81.026089200179,34.0295292596507],[-81.0260996575539,34.029510965662],[-81.026135359374,34.029448512145],[-81.0259955332649,34.029612158622],[-81.0259510205504,34.0296659252031]],[[-81.0296481919293,34.0246327082379],[-81.0292843285716,34.0242781979537],[-81.0292358522206,34.0243335194482],[-81.029152107456,34.0244315461159],[-81.0290701855317,34.0245306349554],[-81.0289806630607,34.02464278098],[-81.0288934750891,34.0247561950132],[-81.0294189597931,34.0250101867587],[-81.0294472543614,34.0250238623901],[-81.0294533615976,34.0250157826432],[-81.0297008444336,34.0246884114749],[-81.0297027614545,34.0246858754457],[-81.0296481919293,34.0246327082379]],[[-81.0651322377108,34.0132571188336],[-81.0651528930893,34.0132726577974],[-81.0655326094066,34.0129091776011],[-81.065532255045,34.0129088008778],[-81.065300959166,34.0127338803839],[-81.0653003981204,34.0127336723865],[-81.0652823880713,34.0127509106341],[-81.0649214444048,34.0130964021781],[-81.0651322377108,34.0132571188336]],[[-81.0670456132058,34.0128636063745],[-81.0664313633669,34.0134516319108],[-81.065998121185,34.0138663381574],[-81.0660972459451,34.0139411354572],[-81.0668956230662,34.014543553979],[-81.0669808632799,34.0146043898234],[-81.0672679195107,34.0148093088805],[-81.0674553242396,34.0149430183927],[-81.0675840979063,34.0150306433571],[-81.0677073082289,34.0151236501789],[-81.0677693418312,34.0151743656211],[-81.0678297231943,34.0152264454873],[-81.0678884090538,34.015279852464],[-81.0679453573599,34.0153345482867],[-81.068014403447,34.0153929162087],[-81.0680149159005,34.0153960051483],[-81.0682391460587,34.015594228758],[-81.0684655433233,34.0157943235856],[-81.0686919091341,34.0159943909565],[-81.0687085304926,34.0160090884621],[-81.0687114215412,34.0160116449809],[-81.0685710882802,34.016087963928],[-81.0686799062576,34.0161929453445],[-81.0681137707789,34.0165003389351],[-81.0678373019091,34.0166504834118],[-81.0675607530326,34.0168006345233],[-81.0675777658089,34.0168215455687],[-81.0679310916871,34.0172558171577],[-81.0679275847498,34.0172577216608],[-81.0677830056883,34.0173362114999],[-81.0676545063536,34.0174059378148],[-81.0674173321982,34.0171144016993],[-81.0673021231276,34.0169727875599],[-81.0672842096747,34.0169507678766],[-81.0670076913551,34.0171009195294],[-81.0667312056054,34.0172510272605],[-81.0665981908942,34.0173232435983],[-81.0664920973789,34.0172168333442],[-81.0663341955723,34.0167878500272],[-81.0663275144961,34.0167696951928],[-81.0658838563797,34.0166778897219],[-81.0658682568423,34.0171248573266],[-81.0655306012246,34.017332312191],[-81.0653588152853,34.0174378554998],[-81.0653215849961,34.01745824711],[-81.065289351094,34.0174838688914],[-81.0652631591794,34.0175138897309],[-81.0652438588663,34.0175473358191],[-81.0652320762232,34.0175831222378],[-81.0652281934632,34.0176200881523],[-81.065232336545,34.0176570344661],[-81.0652443710857,34.0176927627171],[-81.0652221136706,34.0176994298509],[-81.0650825638524,34.0177412291969],[-81.0648234094328,34.0177693463257],[-81.0643713234621,34.0178183932606],[-81.0643635077873,34.0179014581513],[-81.0643605695204,34.0179326872888],[-81.0643548789394,34.0179469686313],[-81.0643344609269,34.0179982137107],[-81.0643214240338,34.018074564551],[-81.0643214567191,34.0181182950937],[-81.0643258472293,34.0181654345015],[-81.0643258535696,34.0181739167731],[-81.0643258771204,34.0182054238988],[-81.0643172255267,34.0182451986823],[-81.0643162516191,34.0182489935328],[-81.0643041133927,34.0182962839725],[-81.0643057087313,34.0183314358483],[-81.0643065091652,34.0183490879782],[-81.0643070398624,34.0183608052706],[-81.0643085713555,34.0183945631536],[-81.0643129261682,34.018434498009],[-81.0643173768461,34.0184853361476],[-81.0643129994653,34.0185325765764],[-81.0643174178638,34.0186271506941],[-81.0643520144044,34.0186517013281],[-81.0643640038517,34.0186602747682],[-81.0643814589206,34.0186896141835],[-81.0644179085022,34.0187506059643],[-81.0644275694984,34.0188065116383],[-81.0644311312884,34.0188270612909],[-81.0644660862726,34.0189035179521],[-81.0645352769031,34.0189965669838],[-81.0645577583888,34.0190268000458],[-81.0646261954594,34.0190909076162],[-81.0646477865556,34.0191726046338],[-81.0646670620109,34.0192450027399],[-81.0646591227699,34.0193219379394],[-81.0647692484697,34.0194114777304],[-81.0647975142956,34.0194251038621],[-81.0649319831857,34.0194899296835],[-81.0649475829701,34.0195054649891],[-81.0650218365664,34.0195792075379],[-81.0650419466898,34.0195991804285],[-81.065133823135,34.0197213799299],[-81.0652891018654,34.0198410068425],[-81.0653116384692,34.019823371302],[-81.0658350512988,34.0194137726366],[-81.0659792588057,34.0193409605976],[-81.0659893650602,34.0193561704752],[-81.0660036516317,34.0193736252],[-81.0660200431242,34.0193897464109],[-81.0660383613526,34.01940435886],[-81.0660584071867,34.0194173037004],[-81.0660799627158,34.0194284402131],[-81.0661027936175,34.0194376473369],[-81.0661266517051,34.019444824984],[-81.0661512776252,34.0194498951289],[-81.0661583338304,34.0194501050703],[-81.066173234586,34.0194505362534],[-81.0663356892558,34.0194533205377],[-81.0663351291694,34.0195906836873],[-81.0663452747751,34.020145614642],[-81.0664041229095,34.0201437536262],[-81.0666906914668,34.0201346893977],[-81.0667350465656,34.0201332868606],[-81.0669823702497,34.0201244089662],[-81.0680516586053,34.020087689944],[-81.0690552108256,34.0200365711364],[-81.0693936272829,34.0200193312808],[-81.0696558540177,34.0200116407866],[-81.0698212372089,34.020006790502],[-81.0701511394034,34.0199971032857],[-81.0704810166342,34.0199874359456],[-81.0708108385348,34.019977732594],[-81.0711407415864,34.0199680391398],[-81.0716520127051,34.0199530013719],[-81.0719627652278,34.0199439010869],[-81.0727759771835,34.0199200125267],[-81.0729593877613,34.0199086065723],[-81.072978501185,34.0199372828511],[-81.0730145296372,34.0199943764044],[-81.0730484536653,34.0200523569489],[-81.073058563877,34.0200706572663],[-81.0730685311917,34.0200890045553],[-81.0730727394323,34.0200968197974],[-81.0733179437259,34.0206491273408],[-81.0735592613433,34.0211925188345],[-81.0736169589554,34.0213223525088],[-81.0742423190966,34.0227969070285],[-81.074419449927,34.0232145328575],[-81.0744366572388,34.0232165748015],[-81.0744902252378,34.0233628583318],[-81.0748220424214,34.024158907597],[-81.0748393135874,34.0241594309889],[-81.0753261335697,34.0241741912323],[-81.075611446928,34.0242432536396],[-81.0758650953146,34.0238759856255],[-81.075876212821,34.0238650358365],[-81.07598292451,34.023759935493],[-81.0760063506891,34.0237748198877],[-81.0760726289465,34.0238191767526],[-81.0761373811041,34.0238650697709],[-81.0761397282964,34.02386682664],[-81.076264641666,34.023963392017],[-81.0760751338531,34.0234802880394],[-81.0760642073698,34.0234524322996],[-81.0762188152009,34.0233889319264],[-81.0762482774823,34.0233768310911],[-81.0759738150889,34.0230242347752],[-81.0759052369629,34.0229361205142],[-81.0757399052258,34.0227236905998],[-81.0756430339376,34.0229568915807],[-81.0754262742442,34.0234751422121],[-81.0753559659711,34.0235999265753],[-81.075349155838,34.0235967026347],[-81.0753470475828,34.0235957093428],[-81.0752271067283,34.0235428425662],[-81.0751489914787,34.023512172182],[-81.0750696446791,34.0234837781056],[-81.0749891619704,34.0234576945617],[-81.0749076403627,34.0234339529898],[-81.0748246544114,34.0234153243924],[-81.0748006980232,34.0234105490177],[-81.0748590554862,34.0232804783082],[-81.0748951537169,34.0231907908781],[-81.0750539132914,34.0227963485818],[-81.0750797039482,34.0227315667835],[-81.0750803757794,34.0227308071482],[-81.0752255330386,34.0222976476182],[-81.0752904608239,34.0221038984278],[-81.0748775353168,34.0215302701505],[-81.0747824570665,34.0213979555826],[-81.0744944746319,34.020987300949],[-81.0744608405263,34.0209393463125],[-81.0744014521365,34.0208666167357],[-81.07415097062,34.0205087529993],[-81.0741305960329,34.0204798928104],[-81.0736967682524,34.0198661481939],[-81.0734066565671,34.0194557401042],[-81.0733564315986,34.0193846925578],[-81.073247098073,34.0192299761665],[-81.0731789280003,34.0191360702687],[-81.072552083789,34.0194636870153],[-81.0724094448951,34.0195372911556],[-81.0722379093377,34.0193841845211],[-81.0721928744293,34.0193439995049],[-81.0723265861845,34.0192629482784],[-81.0729847992148,34.0188749310979],[-81.0729319717407,34.0188026414578],[-81.0728208476469,34.0186505767123],[-81.0727967031087,34.0186175373282],[-81.0727621601692,34.0186297602649],[-81.0721021426039,34.019061415015],[-81.0719774547601,34.0191517744097],[-81.0717649706457,34.0189621522396],[-81.071807970565,34.0187987486973],[-81.0722986431168,34.0184309893907],[-81.0720735199781,34.0182299469514],[-81.0718483935838,34.0180289329497],[-81.0721835839309,34.0177929434484],[-81.072018664131,34.0175466177207],[-81.0717872493454,34.0173352034247],[-81.0717222090338,34.0172730481814],[-81.0712884595426,34.0168586538336],[-81.0711939368583,34.0169294815077],[-81.0707636599653,34.0165124241888],[-81.070694013061,34.016453661407],[-81.0704737772842,34.0162489531854],[-81.0702535339123,34.0160442689124],[-81.0700332807436,34.0158395644061],[-81.0698130578789,34.0156348838271],[-81.0697476350127,34.0155730018538],[-81.0694436697476,34.0152905068412],[-81.069152946322,34.0150203353214],[-81.0688667618157,34.0147543174161],[-81.0687984887103,34.0146944878755],[-81.0688951730183,34.0146219565719],[-81.0688759912446,34.0146034688622],[-81.0686643019922,34.0143994378811],[-81.0684484579546,34.0141913845363],[-81.0679731838909,34.0137332958086],[-81.0679451427094,34.0137062331343],[-81.0678705583672,34.0136354869438],[-81.0678422380679,34.0136086552332],[-81.0674829210311,34.0132679222173],[-81.0672652876337,34.0130615430855],[-81.06705105886,34.0128583925111],[-81.0670456132058,34.0128636063745]],[[-81.0799939836237,34.014202183717],[-81.0792887865905,34.0155191313408],[-81.0791724652293,34.0157363563349],[-81.0791923359801,34.0157430712325],[-81.0792787156075,34.0157711355632],[-81.0793840883692,34.0158029089977],[-81.0795457882008,34.0158465692851],[-81.079709493974,34.0158846955125],[-81.0797910917896,34.0157348907367],[-81.080015017335,34.0153237864647],[-81.0800298228758,34.0153296469786],[-81.0801025539881,34.0153584381935],[-81.0809370302626,34.0156889645722],[-81.0809452509405,34.0156922206557],[-81.0808821092532,34.0157940780521],[-81.0807976635011,34.0159303031088],[-81.0809002250566,34.0159176705216],[-81.0810022138618,34.0159021521864],[-81.0810261358282,34.0158584195058],[-81.0816971635407,34.0146316455115],[-81.0817189585864,34.014591798602],[-81.0814740604979,34.0144931739631],[-81.0812684927838,34.0144103533213],[-81.0812027007875,34.0143838792164],[-81.0810078813668,34.0143053936913],[-81.0807386197427,34.0141955564378],[-81.0801302840201,34.0139476416628],[-81.0801224796953,34.0139622145555],[-81.0800345133352,34.0141264941988],[-81.0799939836237,34.014202183717]],[[-81.0776026505638,34.0159966665052],[-81.0778313288552,34.0154848741271],[-81.0773768794235,34.015342957666],[-81.0772183310294,34.0152941569434],[-81.0770582326845,34.0152490015019],[-81.0768967052223,34.0152075254218],[-81.0767338705543,34.0151697600064],[-81.076704939417,34.0151634659979],[-81.0765491369924,34.0156686326181],[-81.0771461412117,34.0158593473659],[-81.0775993405174,34.0160040760305],[-81.0776026505638,34.0159966665052]],[[-81.074636955579,34.015686714985],[-81.0744657352679,34.0156671427677],[-81.074407995125,34.0159936870477],[-81.0743641100146,34.0162406426502],[-81.0756477537751,34.0166834963049],[-81.075638398076,34.0165197291891],[-81.0756193891449,34.0163377707661],[-81.0755937921166,34.0160927262862],[-81.0755702973636,34.0158678082258],[-81.0755656624567,34.0157847564712],[-81.074636955579,34.015686714985]],[[-81.0740167385353,34.0241108935759],[-81.0737092314847,34.0233584148483],[-81.0736833743945,34.023363476999],[-81.0736099039901,34.0233805496053],[-81.0735378309684,34.0234013457286],[-81.0734674272366,34.0234257869124],[-81.0733989584044,34.0234537809489],[-81.073718092518,34.0242186067651],[-81.0737310830652,34.0242497400486],[-81.0740167385353,34.0241108935759]],[[-81.0733399037459,34.0241446355864],[-81.0731053121008,34.0235824505737],[-81.0730780897097,34.0235943347394],[-81.0723535937505,34.0239106082746],[-81.0721522815334,34.0239985985235],[-81.0717877972137,34.0241579818932],[-81.071769184039,34.0241714216271],[-81.0717362917469,34.0241980190419],[-81.0717056289414,34.0242264031624],[-81.0716773352835,34.0242564447085],[-81.0716515396439,34.0242880068508],[-81.0716312886868,34.0243166654449],[-81.0716149312996,34.0243432136219],[-81.0715982940078,34.0243743723335],[-81.0715850588627,34.0244036941277],[-81.071568480063,34.0244505206829],[-81.0715616332385,34.0244760101861],[-81.0715566259902,34.0244997881096],[-81.0715527587877,34.024524518469],[-81.0715505567377,34.0245448448833],[-81.0715493918877,34.0245622546125],[-81.0715488877501,34.0245850146288],[-81.0715490902994,34.0245980855069],[-81.0715500455196,34.0246176977604],[-81.0715508408747,34.0246273842291],[-81.0715541571448,34.0246759233533],[-81.0723056577994,34.0244070410237],[-81.0723162945068,34.0244032350769],[-81.0723619702606,34.0245158781648],[-81.0724699213469,34.0247820979282],[-81.0725451451078,34.0247603916252],[-81.0728484767216,34.0246522006268],[-81.0728614724705,34.024645007378],[-81.0731362585586,34.0244929161901],[-81.0734078175174,34.0244016691844],[-81.0734424097602,34.0243900456874],[-81.0733399037459,34.0241446355864]],[[-81.0746684408071,34.0240643841485],[-81.0746783362023,34.0240650670915],[-81.0745233903572,34.0236934636421],[-81.0743796340399,34.0233486976788],[-81.0742955758927,34.0233410177747],[-81.074184536713,34.0233347308342],[-81.0740696569141,34.0233328130048],[-81.0740476465659,34.0233330163959],[-81.0740449013721,34.0233330513963],[-81.0741609238019,34.0236153476274],[-81.0743360500661,34.024041452435],[-81.0746684408071,34.0240643841485]],[[-81.0659171906307,34.0147792117725],[-81.0657534733108,34.0145720106345],[-81.0653903860543,34.0148429349018],[-81.0653931198001,34.0148581117607],[-81.065417257035,34.0149920860983],[-81.0654211126218,34.0150528793146],[-81.0654311078539,34.0152105478253],[-81.0654331006533,34.0152623430648],[-81.0654433178309,34.0155281260421],[-81.0654442269877,34.0155517798281],[-81.0654900814131,34.0157194211229],[-81.0655303905422,34.0158667888217],[-81.0655183174125,34.0158830591362],[-81.0654797863474,34.0159349857593],[-81.0654821767658,34.0159371981685],[-81.065855752151,34.0162829958149],[-81.0661226372062,34.0161473042547],[-81.0661386309723,34.0161391723291],[-81.0661322439678,34.0161301632541],[-81.0661252076398,34.0161202365956],[-81.066606804193,34.0158853597627],[-81.0666210489211,34.0158784126434],[-81.0664381992193,34.0157394660064],[-81.0661566475916,34.0155254917952],[-81.0661385408117,34.0154455802701],[-81.0661001847569,34.0152763040353],[-81.0660753688939,34.0151667788661],[-81.0660046135961,34.0149603698369],[-81.0659619198714,34.014835821017],[-81.0659171906307,34.0147792117725]],[[-81.0659201111954,34.0131042867888],[-81.0659195274112,34.0131040842165],[-81.0659117542723,34.0131115201517],[-81.0658546805261,34.013166124004],[-81.0660986329102,34.013331935855],[-81.0661105077103,34.0133400069528],[-81.0661753848313,34.013277929147],[-81.0661750390868,34.0132774992207],[-81.0659201111954,34.0131042867888]],[[-81.0803368317162,34.0252648370474],[-81.0803400714488,34.0252585420102],[-81.0805643242025,34.0248227807095],[-81.0803368110438,34.0247415888224],[-81.0802609860499,34.0247145202503],[-81.0800399490194,34.025143952638],[-81.0800347245651,34.0251541127172],[-81.0800334565558,34.0251565778716],[-81.0801106623184,34.0251809838801],[-81.0801365735564,34.025189694675],[-81.0802375622044,34.025225677685],[-81.0803368317162,34.0252648370474]],[[-81.0865704497416,34.0168169256151],[-81.0865669754053,34.0168260532289],[-81.0865606589786,34.0168430979356],[-81.0865585187704,34.016849057853],[-81.0865571293789,34.0168532661479],[-81.086551319753,34.0168703429617],[-81.0865488636196,34.0168776457284],[-81.086542893689,34.0168968362352],[-81.0865383967886,34.0169120771761],[-81.0865335275861,34.0169296700063],[-81.0865297179497,34.0169445714289],[-81.0865231210978,34.0169724349088],[-81.0865165555226,34.0170044858546],[-81.0865111614005,34.0170352754085],[-81.0865070562984,34.0170643409176],[-81.0865037683126,34.0170929757465],[-81.0865015050532,34.0171187289338],[-81.0864995249354,34.017153617032],[-81.0864987005695,34.0171953184603],[-81.0864991302496,34.0172220408994],[-81.0865003490789,34.0172506689791],[-81.0865007716587,34.0172573989626],[-81.0865009344105,34.017259875815],[-81.0865044177589,34.017300625653],[-81.0865048168456,34.0173044512817],[-81.0865072158729,34.0173232698614],[-81.0865837190558,34.0179234510309],[-81.0871878337546,34.0179007714905],[-81.0872068052439,34.0181751783374],[-81.0877974263722,34.0181530391184],[-81.087796943447,34.0181413949276],[-81.0877958032284,34.0181117109229],[-81.0877939833186,34.0180664442476],[-81.0877929699969,34.0180401406196],[-81.08779242657,34.0180265082263],[-81.0877915216733,34.0180056471728],[-81.0877912488148,34.0179982390119],[-81.0879563339342,34.017996814665],[-81.0885111333024,34.0180101035178],[-81.08849493517,34.0177630253576],[-81.0884788433144,34.0177603578845],[-81.0879868421889,34.0176788000754],[-81.0878262586192,34.0176468422043],[-81.0878436291041,34.017583557729],[-81.0878517813384,34.0175575208252],[-81.0878583601769,34.0175378465173],[-81.0878651604139,34.0175186607728],[-81.0878766150607,34.0174881049211],[-81.0878868587864,34.0174625750913],[-81.087894783657,34.0174440188357],[-81.0879037408791,34.0174237287837],[-81.0879179073499,34.0173935488183],[-81.08792626898,34.0173764268532],[-81.0879315296797,34.0173660211319],[-81.0879386214642,34.0173524175916],[-81.0880235721435,34.0171933671757],[-81.0875155317033,34.0169866739166],[-81.0871786506961,34.0168496111615],[-81.0866473712425,34.0166334186344],[-81.0866409646764,34.0166308117876],[-81.0865704497416,34.0168169256151]],[[-81.0866525547424,34.0198596149305],[-81.086661506853,34.0200014574823],[-81.0869937419884,34.0199929528815],[-81.0873121078166,34.0199848115162],[-81.0879782366723,34.019967725532],[-81.0879634992088,34.0197590872547],[-81.0879446015975,34.0195506816046],[-81.0879297267179,34.0194135510883],[-81.087925964272,34.0193823036047],[-81.0880912543254,34.0193764353676],[-81.0885997576262,34.0193634379136],[-81.0885821438077,34.0190944054175],[-81.0880588016981,34.019107806471],[-81.0878936642592,34.0191141623762],[-81.0878769502377,34.0189754046731],[-81.0877258149671,34.0189810588381],[-81.0875720224058,34.018986812979],[-81.0876234021954,34.0194213798645],[-81.087635135222,34.0195585811644],[-81.087296729537,34.0195672189641],[-81.0869783468943,34.0195754107989],[-81.0866382420664,34.019584076848],[-81.0866446982973,34.019725060934],[-81.0866475027267,34.0197764476438],[-81.0866516412773,34.0198461207572],[-81.0866525547424,34.0198596149305]],[[-81.091719910143,34.0212052958385],[-81.0920786543513,34.0215133810355],[-81.0921930248296,34.0216138813977],[-81.0920749923422,34.0217050197261],[-81.0925135613767,34.0221158658437],[-81.0925266563398,34.0221111780762],[-81.0928472178217,34.021996423117],[-81.0931035726488,34.0219046528858],[-81.09318346699,34.0218760524006],[-81.0931942131284,34.0220384283228],[-81.09322769503,34.0221527627577],[-81.093336803009,34.0219461604832],[-81.0935176458479,34.0208021163485],[-81.0931473894,34.0209392454379],[-81.0929931238064,34.0207957702626],[-81.0928802301893,34.020622697267],[-81.0927896285546,34.0205200986255],[-81.092568429339,34.0205997728055],[-81.0924115487476,34.0206950062033],[-81.0920733725494,34.0203975989786],[-81.0920419498415,34.020421489325],[-81.0917705935054,34.0206277904264],[-81.0917104884879,34.020673486008],[-81.0917122726109,34.0206750599556],[-81.091808787677,34.0207601900208],[-81.0919323716378,34.0208691958534],[-81.0919377261982,34.0208739185867],[-81.0916260158689,34.0211146111252],[-81.091619853814,34.0211193685223],[-81.091719910143,34.0212052958385]],[[-81.0947257269215,34.0219346305085],[-81.0947469276079,34.0219813429945],[-81.0952327249979,34.0216750035973],[-81.0953058654863,34.0216288734165],[-81.0950869781995,34.0213894602531],[-81.0945650172675,34.0217205854735],[-81.0946679156143,34.0218469349424],[-81.0946992434124,34.0218895153486],[-81.0947257269215,34.0219346305085]],[[-81.0914678307066,34.0221737688366],[-81.0913492853297,34.0220769976096],[-81.0917638039869,34.0217562520026],[-81.0913051142141,34.0213623906569],[-81.0909866182097,34.021608306474],[-81.0908991938751,34.0216758084891],[-81.0907207513767,34.0218135867755],[-81.0902320335994,34.0221909282982],[-81.0902354187776,34.0221940150524],[-81.0905213908752,34.0224548500028],[-81.0906677156308,34.0225883107191],[-81.0906785609846,34.022595425303],[-81.0907953625796,34.0226929964347],[-81.0907411578114,34.0227348576954],[-81.0906773160366,34.0227838809403],[-81.0905558955061,34.0226901506935],[-81.0901294150784,34.0223000712699],[-81.0901133497963,34.0222853762511],[-81.0901110485627,34.0222832715568],[-81.089786020851,34.0222704595448],[-81.0897693048405,34.0220637566094],[-81.0897605206425,34.0219551210469],[-81.0897541688663,34.021843546893],[-81.0897531396549,34.0218254677014],[-81.0897476008732,34.0217281533013],[-81.0897472357548,34.0217217524148],[-81.0893147892979,34.0214880639338],[-81.0892997315962,34.0215029860593],[-81.089282287783,34.0215159822328],[-81.0892584400416,34.021528793692],[-81.0892323066078,34.0215380092456],[-81.0892046621039,34.0215433557346],[-81.0891763259426,34.0215446746834],[-81.0891566599203,34.0215431992073],[-81.0891387382591,34.0215425745795],[-81.0891255561239,34.0215447445133],[-81.0891125086713,34.0215493949189],[-81.0890971805868,34.0215592461482],[-81.0890952775978,34.0215610265636],[-81.0890936819393,34.0215625993677],[-81.089091146354,34.0215652530802],[-81.089085211195,34.0215717721049],[-81.0890702914954,34.0215880323037],[-81.0890377369344,34.021623405811],[-81.0889962100351,34.0216688423755],[-81.0889914410401,34.0216742045831],[-81.0889897590787,34.0216761002555],[-81.0889866893793,34.0216795748935],[-81.0889454789641,34.0217274250574],[-81.0888794174844,34.0218105160134],[-81.0888694631016,34.0218238781824],[-81.0888627615827,34.0218328575754],[-81.0888480522557,34.0218526279039],[-81.0888354246577,34.0218696213157],[-81.0888256238482,34.0218828030316],[-81.0888073220142,34.0219073594307],[-81.0889051197919,34.02198188414],[-81.0890328726076,34.0220871703344],[-81.0890984686196,34.0221449808922],[-81.0891623920968,34.0222040762011],[-81.0890349802995,34.0222915980437],[-81.0885517703762,34.0226388825872],[-81.0885977287267,34.0226812566117],[-81.088750776333,34.0228225568395],[-81.0892621585701,34.0225274478325],[-81.0894016461744,34.0224535498264],[-81.0894322572801,34.022489240397],[-81.0894562944133,34.0225180241884],[-81.0894803777295,34.0225474661805],[-81.0895173379466,34.0225945018155],[-81.0895578309767,34.0226501379835],[-81.0895819249686,34.0226856050883],[-81.0895825963566,34.0226866235216],[-81.089586414288,34.0226924358116],[-81.0896524186327,34.0228039740884],[-81.089719893209,34.0229399129936],[-81.0895752717209,34.0230103967184],[-81.0891515595305,34.0232272362384],[-81.0894755688543,34.0235205731167],[-81.089585965259,34.0236227504374],[-81.0895314400751,34.0236648259936],[-81.089409086618,34.0237592371073],[-81.0892893276921,34.0238516444642],[-81.0890471871751,34.0240384534556],[-81.0888050813475,34.0242252655464],[-81.0885629809756,34.0244120861679],[-81.088565218202,34.0244140619927],[-81.0886407625799,34.0244807687964],[-81.0888079806028,34.0246284229425],[-81.0889714704576,34.0247727838287],[-81.0889866520905,34.0247610725284],[-81.0892136110787,34.0245860128949],[-81.0894557679504,34.024399217121],[-81.0896979162062,34.0242124361996],[-81.089940064506,34.0240256665175],[-81.0901167740837,34.023889340627],[-81.0901822182069,34.0238388530675],[-81.0905454419379,34.0235586549857],[-81.0909044314092,34.0232817095374],[-81.0910913167274,34.0231375489471],[-81.0911465787867,34.0230949221226],[-81.091388747864,34.022908143226],[-81.091630863929,34.0227213819199],[-81.0918729799818,34.0225345786532],[-81.0914672539882,34.0221742156018],[-81.0914678307066,34.0221737688366]],[[-81.0955762947269,34.0326661980283],[-81.0959067189071,34.0330021860771],[-81.0962635570625,34.0327321949155],[-81.0964189276402,34.0327881579462],[-81.0967226442094,34.0327695406172],[-81.0966655881199,34.0319953744618],[-81.0965327302559,34.0319524219135],[-81.0955762947269,34.0326661980283]],[[-81.1044138430895,34.0299924793353],[-81.1044493329698,34.0300733018146],[-81.104496937406,34.0299988619446],[-81.1046917638231,34.0303477928163],[-81.1049195294204,34.030459304349],[-81.1051010135939,34.0304642210522],[-81.1051133734113,34.0304645559359],[-81.1052567179174,34.0302967461564],[-81.1052601148075,34.0302927695038],[-81.1053969997626,34.030346096845],[-81.1056470045799,34.030053300342],[-81.106167437277,34.0299798415068],[-81.1061969764611,34.0303308562401],[-81.1063698785979,34.0303208679929],[-81.1063610063586,34.0301971972317],[-81.1063579956867,34.0301552303916],[-81.1063281073102,34.0297385923716],[-81.1063185409297,34.029605237069],[-81.1063065028277,34.0294374264769],[-81.1063022568557,34.0293782148517],[-81.1062728483326,34.0289340250027],[-81.1062592213106,34.0287282236803],[-81.1062531052097,34.0286357960664],[-81.1062346855627,34.028397153649],[-81.1062194114446,34.028199211983],[-81.1061781294407,34.0276642430482],[-81.1061356406482,34.0271136459522],[-81.1061296238409,34.0270356687924],[-81.1060837564136,34.0270276269992],[-81.104729117869,34.026790127187],[-81.1039588988008,34.0266274936794],[-81.1044138430895,34.0299924793353]]]},"properties":{"LABEL":"DISTRICT 2"}},{"type":"Feature","geometry":{"type":"Polygon","coordinates":[[[-80.9982254186529,34.0097724875456],[-80.9967633191263,34.0092797465484],[-80.9956482167605,34.0089245868476],[-80.9952422490687,34.0088332711897],[-80.9952811531188,34.0084004745567],[-80.9953462661535,34.0076945348282],[-80.9953450189369,34.0076328115756],[-80.9953940031407,34.0071401079581],[-80.995459208085,34.0064829391323],[-80.9955885317309,34.0051794466572],[-80.9956367363042,34.0051033619169],[-80.9956843987028,34.0043942458886],[-80.9957465233072,34.0038495284189],[-80.9958798879011,34.0025669381207],[-80.9959271872855,34.0020443295348],[-80.9959938900418,34.0012989731305],[-80.9960101121955,34.0010950239695],[-80.9961223027435,33.9998931296533],[-80.9961622939895,33.9997750583758],[-80.9961620157651,33.9997747896599],[-80.9953443090343,33.9989990729831],[-80.995343727695,33.9989985400551],[-80.9953436140139,33.9989986473534],[-80.9952840002544,33.9989439992183],[-80.9951039998339,33.9987819995631],[-80.9950450001841,33.9987279987568],[-80.994746000189,33.9984649994519],[-80.9946959996483,33.9984289995478],[-80.9943530001879,33.9981809990162],[-80.9938909997947,33.9979079992199],[-80.9935160001855,33.9977249994261],[-80.9934750001597,33.9977049993096],[-80.9933519997307,33.9976229991298],[-80.9932280003714,33.9975399987832],[-80.9930089995579,33.997430998701],[-80.9929960002376,33.9974239989494],[-80.9929430003237,33.9973979989475],[-80.9926020001083,33.9973609993433],[-80.9915789998444,33.9972529993799],[-80.9912379996051,33.9972169987194],[-80.991017000512,33.9971899994533],[-80.9903560001519,33.9971109994244],[-80.9901359996483,33.9970849995563],[-80.9898429996906,33.9970499988557],[-80.9890980004472,33.9969639988221],[-80.9889649995853,33.9969519989224],[-80.9886720004542,33.9969259989609],[-80.9884299996143,33.9969059993988],[-80.9877049998237,33.9968489988475],[-80.9874639995967,33.9968299992923],[-80.9871559996719,33.9968049987309],[-80.9866449997478,33.9967639993451],[-80.9865470000984,33.9967569987557],[-80.9862349997177,33.9967369990245],[-80.9862270004327,33.9967369990386],[-80.9860729998979,33.9967199991716],[-80.9859309997666,33.9966909988055],[-80.9857650002875,33.9966389993896],[-80.9856470001316,33.9965919989448],[-80.9856150004738,33.9965749990356],[-80.9848640003058,33.9961799988439],[-80.9847220002483,33.9961029994233],[-80.9844269996819,33.9959429987755],[-80.9842170002583,33.9958239987948],[-80.9842029996078,33.9958159989042],[-80.9840219994886,33.9957049994856],[-80.9836160001857,33.9954269991609],[-80.9834180000804,33.9952919995686],[-80.9832079996608,33.9951489990199],[-80.982579999926,33.9947199990964],[-80.9823710004199,33.9945769990533],[-80.9822399996192,33.9944849993823],[-80.9818470004298,33.994211999495],[-80.9817160003198,33.9941219992409],[-80.9813409997982,33.9938589993693],[-80.981274999772,33.9938179988713],[-80.9809500000169,33.9936169992795],[-80.9801389997574,33.9930549987298],[-80.9799349997841,33.9929359986821],[-80.9794729997725,33.99266699888],[-80.9793140003598,33.9926079992194],[-80.978837999711,33.9924339991494],[-80.9787760005142,33.9924119986994],[-80.9786809995306,33.9923749990149],[-80.9786239995794,33.9923529993475],[-80.9780789999704,33.9921399992638],[-80.9773630002662,33.9918709987098],[-80.9767359994959,33.9916269987555],[-80.9761909994808,33.9914019994711],[-80.9761449995292,33.9913829989366],[-80.9758689999962,33.9911269994573],[-80.9747360002136,33.9901039992335],[-80.9747099996601,33.9900809995638],[-80.9746339996426,33.9900119991271],[-80.97460900017,33.9899899987293],[-80.9745140005397,33.9899049989866],[-80.9742320004142,33.9896529990037],[-80.9741789999289,33.9896059992433],[-80.9741389995291,33.989568999372],[-80.9739659999745,33.989408998942],[-80.9735830001644,33.9890559987852],[-80.9734409996455,33.9889389992965],[-80.973260000381,33.9887909987385],[-80.9732269999831,33.9887649990718],[-80.9732180004562,33.9887569990057],[-80.9731129999573,33.9886659987627],[-80.9730989998173,33.9886529994526],[-80.9730610001432,33.9886179987383],[-80.9723380001143,33.9879629988119],[-80.9723139995509,33.9879419990551],[-80.9721320000181,33.9877129991078],[-80.9717820004584,33.9872939994126],[-80.9713189998924,33.9867189991984],[-80.9712709994802,33.9866589994262],[-80.9712310000426,33.9866139995586],[-80.970961000147,33.9863099987499],[-80.9708719996041,33.9862089994779],[-80.9705169997906,33.9857699995486],[-80.9704550004146,33.9856929989642],[-80.9703780002092,33.9856199992419],[-80.9700879999173,33.9853459995461],[-80.9698270003955,33.9851579991969],[-80.9695000004533,33.9849469993998],[-80.9691889999032,33.9847379990804],[-80.9691069996966,33.9846829989679],[-80.9687139995015,33.9844359989407],[-80.968550000348,33.9843319988783],[-80.9680609996169,33.9840219990304],[-80.9678979996704,33.9839189992457],[-80.9674629997131,33.9836599988505],[-80.9661610004606,33.9828839991348],[-80.9657269998862,33.9826259991576],[-80.9657273345588,33.9826254816706],[-80.9657346250785,33.9826134828725],[-80.9657021906444,33.9825940466431],[-80.9646605505419,33.981981966213],[-80.9629859346054,33.9809509343264],[-80.9616153500209,33.9797867070853],[-80.9602494074428,33.9785720315278],[-80.9600645590623,33.9784083798787],[-80.9581084997828,33.9764982919957],[-80.9562681156316,33.9747175424678],[-80.9562679068471,33.9747173404115],[-80.9562681582611,33.9747167174197],[-80.9561350699189,33.9746086827352],[-80.9557999601248,33.9743345995154],[-80.9557993152738,33.9743341962219],[-80.9557990350448,33.9743340211906],[-80.955799000421,33.9743340013407],[-80.9557549858333,33.9743133302137],[-80.955187905486,33.9738700063477],[-80.9545691103916,33.9734566905113],[-80.9521384464552,33.9721671263712],[-80.9510938334823,33.9716283147614],[-80.9485085753741,33.9703031481619],[-80.9477236495022,33.9699012245981],[-80.9478392098441,33.9697471719905],[-80.9479499555698,33.9698049522678],[-80.9482691876235,33.9699719651926],[-80.9483684633302,33.9700239026415],[-80.9485081573989,33.9700972038651],[-80.9484817917907,33.9701327410093],[-80.9486051687562,33.970197207608],[-80.9486080507844,33.9701664325572],[-80.948935489413,33.9697213938107],[-80.9490571494723,33.969784368734],[-80.949688745458,33.9688978780577],[-80.9498725788521,33.9689941829469],[-80.9504248028613,33.9682707746659],[-80.9503548348412,33.9682339001109],[-80.9502685528247,33.9681884283862],[-80.9501988175479,33.9681516764682],[-80.9501124577993,33.9681061631241],[-80.9500258525505,33.968060519774],[-80.9499560861061,33.9680237505733],[-80.9498699570582,33.9679783597843],[-80.9497836301142,33.9679328633548],[-80.9497138627944,33.9678960940162],[-80.9496395861865,33.9678569477032],[-80.9492493598668,33.9676511049974],[-80.9491582914388,33.9676034682341],[-80.9485872911376,33.9673039399722],[-80.9485467180806,33.9672830215081],[-80.9485422295833,33.9672875074572],[-80.9484405706839,33.9673891023961],[-80.9484846715646,33.9674122549938],[-80.949051141118,33.967709644806],[-80.9487280267448,33.9680309956146],[-80.9484512576132,33.9683057220792],[-80.9484095696834,33.9683475756448],[-80.9482647373457,33.9684913768149],[-80.9481594425533,33.9685983351499],[-80.9480055832753,33.9687532268726],[-80.947449832131,33.9684488558693],[-80.9472388837143,33.9686602055497],[-80.9471300046179,33.968769905385],[-80.9467288761875,33.9691717366957],[-80.9469037694179,33.9692736841368],[-80.9469001874808,33.9692784535492],[-80.9469795321433,33.969326204858],[-80.9470602945664,33.9693722767092],[-80.9471424235543,33.9694166398966],[-80.9472258670449,33.9694592662968],[-80.947108932354,33.9695925973741],[-80.9471005368151,33.9695881357418],[-80.9467174202648,33.9693716606438],[-80.9461717171145,33.9689861389114],[-80.9456505216595,33.9684997512009],[-80.9450422792181,33.9677424300852],[-80.9437635788773,33.9656973533697],[-80.9421876172587,33.9635025312369],[-80.9406276249094,33.9613096206274],[-80.9395862861711,33.9598800111741],[-80.9383795563255,33.9588525064485],[-80.9382034679641,33.9589923140501],[-80.9380801052267,33.9589085417397],[-80.937955013731,33.9588265689457],[-80.9377786582155,33.9587173944819],[-80.937598263937,33.9586129026256],[-80.9374140098924,33.9585131970513],[-80.9372260789063,33.9584183766843],[-80.9370612188723,33.9583402742792],[-80.9368938727862,33.9582659339603],[-80.9367241642546,33.9581954106349],[-80.9365522186282,33.9581287563907],[-80.9364574212585,33.9580940081675],[-80.93641836605,33.9581376562722],[-80.9350675573136,33.9596223945102],[-80.9345387161428,33.9591826789088],[-80.9344371907597,33.9590585361805],[-80.9349083889757,33.9576830015007],[-80.9350637441169,33.9572972492237],[-80.9352996947258,33.9573531605861],[-80.9355577745638,33.9567395452487],[-80.9357969303695,33.9564613917628],[-80.9358903359964,33.9564906997546],[-80.9359358996605,33.9565049965083],[-80.9370943612044,33.9568684819298],[-80.9375609034061,33.9562280779448],[-80.9375430554532,33.9562221762656],[-80.9375401507524,33.9562212162822],[-80.9373435389164,33.9561562055172],[-80.937277435189,33.9561343479511],[-80.9361495963548,33.9557614164623],[-80.9357551909305,33.955536045173],[-80.9357169558534,33.9555141957945],[-80.9356622478177,33.955482934798],[-80.9347635212802,33.9565145999643],[-80.9342547598749,33.9570989548354],[-80.9341138348858,33.9574941339762],[-80.9340657539698,33.9574827486513],[-80.9340624693086,33.9574819705307],[-80.9339811512365,33.9574627144843],[-80.9338937723791,33.9574420223332],[-80.9336697697214,33.9580958290292],[-80.9335359556229,33.9584863962569],[-80.9334227394597,33.9588168382802],[-80.9332956692846,33.9587866140447],[-80.9337669906225,33.9574120602196],[-80.9335616034401,33.9573634283168],[-80.9333686778162,33.9573177459583],[-80.9332910958531,33.9572993751439],[-80.9328152012471,33.9571866882384],[-80.9325450999283,33.957974446187],[-80.9324201671801,33.9579389625219],[-80.9324150334687,33.9579378379943],[-80.931653074224,33.9577709679427],[-80.9317332850612,33.9575704631729],[-80.931796622936,33.957412947221],[-80.9319682684224,33.956986073424],[-80.9310154003564,33.9567600909776],[-80.9310142900836,33.956762851404],[-80.9307847134923,33.9573338050799],[-80.9306957240139,33.9575554891752],[-80.9306867195111,33.9575532190415],[-80.9300633947168,33.957382389558],[-80.929850647832,33.9573222225709],[-80.9299270000337,33.9571328664373],[-80.9299448811096,33.9570883292359],[-80.929968828778,33.9570286791484],[-80.930001360591,33.9569478193097],[-80.9293997063212,33.9568031086802],[-80.9295316349342,33.9564077466574],[-80.9294679200554,33.9563925210884],[-80.9292145883698,33.9563319845499],[-80.9288973138863,33.9562564117609],[-80.928585600744,33.9561821984385],[-80.9283446326287,33.956124827741],[-80.9280531784549,33.9560553759054],[-80.9279134703616,33.9560209656724],[-80.9276209004454,33.9559447583414],[-80.9274517654203,33.9558980654294],[-80.9272833393204,33.9558496259525],[-80.9271156481195,33.9557994473812],[-80.926948717678,33.955747537454],[-80.9270901692145,33.955462457606],[-80.9271209136255,33.9554004982436],[-80.9271365773907,33.9553689294611],[-80.9271378976089,33.9553662674785],[-80.9271899116258,33.9552154685036],[-80.9272015915615,33.9552128486704],[-80.9272251689676,33.9552075613375],[-80.9272503892673,33.9552019052616],[-80.9272504389191,33.9551994896017],[-80.9272514600966,33.9551498842656],[-80.9272521811145,33.9551148729773],[-80.9273249531336,33.9549500338157],[-80.927407928353,33.9547728426002],[-80.9274423448489,33.9547005742081],[-80.9274773545353,33.9546266920858],[-80.9275440068638,33.9544860322413],[-80.9276291799083,33.9543165959731],[-80.9277817613407,33.9539745821486],[-80.9277584401844,33.9539637786655],[-80.9276712062823,33.953923368939],[-80.9264838880012,33.9533733569626],[-80.926168601249,33.953219872975],[-80.9264292415608,33.9529373019342],[-80.9266998668473,33.9526693530052],[-80.9269725356744,33.952494351504],[-80.9271184375349,33.9523947592104],[-80.9272897018019,33.9522094899671],[-80.9274296629467,33.9520489560088],[-80.9276530783504,33.9519013569902],[-80.9277386092414,33.9518347305396],[-80.9278567769239,33.951752970622],[-80.9279065427987,33.9518109743443],[-80.9279699643112,33.9517663493168],[-80.9282243207748,33.9515875913758],[-80.9287105600989,33.9512458644263],[-80.9288619785283,33.9511394499552],[-80.929054359651,33.9510041678248],[-80.9291386284449,33.9509449093806],[-80.9294762416142,33.9507074966093],[-80.9286690709554,33.9498859611985],[-80.9281593321062,33.9504577495273],[-80.9278527572139,33.9504121945934],[-80.9274258055895,33.9503487524464],[-80.9261048127676,33.9501524491676],[-80.9243558515502,33.9521193735058],[-80.9243415297931,33.952135347644],[-80.9241385725988,33.9523616051787],[-80.9239300265967,33.9525940915853],[-80.9231076534397,33.9535111238568],[-80.9228182287722,33.9538467024374],[-80.9228100423816,33.9538425936451],[-80.922249242426,33.9535611143606],[-80.9216849172247,33.953276451752],[-80.9215425251935,33.9532039586709],[-80.9209832936406,33.9529156206796],[-80.9207027480394,33.9527710069428],[-80.9204208266549,33.9526279651731],[-80.9198596521141,33.9523391627513],[-80.9187436473076,33.953910906727],[-80.9187199101691,33.9539442437434],[-80.9185715272714,33.9541531058316],[-80.9185008686188,33.9542528150513],[-80.9184289693349,33.9543541158378],[-80.9182862601696,33.9545552905845],[-80.9181436661228,33.9547564607247],[-80.9180010704635,33.9549574882195],[-80.9178583019534,33.9551586578969],[-80.9177157060441,33.9553596850442],[-80.9176604907703,33.9554369477422],[-80.9175695884361,33.9555651884854],[-80.9174839289463,33.9556827987461],[-80.9173330538088,33.9558957784354],[-80.9171820265081,33.9561086802815],[-80.9170311692919,33.9563217254189],[-80.9168868489612,33.9565250398524],[-80.9168553695791,33.9565691079957],[-80.9167358183717,33.9567379411208],[-80.916584444012,33.9569508419633],[-80.9163785808605,33.9568440595799],[-80.9162262623947,33.95705639397],[-80.9160740394246,33.9572687895432],[-80.9159122910665,33.9574944715068],[-80.9158567936706,33.9575716853806],[-80.9156106458758,33.9579205917687],[-80.9154603688794,33.9581339445858],[-80.9153134341603,33.9583425095963],[-80.9150120929768,33.9587703598109],[-80.914853742169,33.9589950597748],[-80.9150642386197,33.959103294149],[-80.9139181313785,33.9607297739802],[-80.9137735391062,33.9605415061218],[-80.9131972438792,33.9603385120144],[-80.9131805664933,33.9604335443801],[-80.9131793716333,33.9604401630105],[-80.9129792452105,33.9609640165063],[-80.9128221383919,33.9609223444784],[-80.9127711701946,33.9610529820038],[-80.909931014341,33.9602346430828],[-80.9099418034653,33.960170261471],[-80.9099458079342,33.959828225183],[-80.9099718269767,33.9597047537066],[-80.9100228953641,33.9595716322391],[-80.910010550036,33.9593732105497],[-80.9099635040059,33.959279666151],[-80.9098181298115,33.9592090123745],[-80.9095312001885,33.9589345115728],[-80.9094333547283,33.9585005461291],[-80.9093418760471,33.9583166021108],[-80.9093639525431,33.9581096094257],[-80.9091984123276,33.9580093495658],[-80.9090396119068,33.9577236031489],[-80.909175022487,33.9576944436199],[-80.9092013892314,33.9573021800901],[-80.909159243036,33.9572709734152],[-80.909220868342,33.9571736164419],[-80.9090175747774,33.9569882674147],[-80.9088280985926,33.9569221742988],[-80.9087978319992,33.9568909095036],[-80.9095103376739,33.9544653411123],[-80.909723435611,33.9537398958215],[-80.9099853684265,33.9538153792843],[-80.9095925123005,33.9521836465978],[-80.9097955647974,33.9522382597721],[-80.9116919716715,33.9527149368749],[-80.9118013843534,33.9527424376511],[-80.9135206763619,33.9531711472676],[-80.9136659200099,33.9529277272003],[-80.9166382767599,33.9506999172935],[-80.9167802417111,33.9505261333177],[-80.9168921161993,33.9502595354137],[-80.9168937584719,33.9502541550843],[-80.9168948899613,33.9502432451015],[-80.9168938812421,33.9502323282742],[-80.9168907612529,33.9502216913668],[-80.9168552937228,33.9501682500463],[-80.9167932033073,33.9500757358108],[-80.9167244996821,33.9499855841011],[-80.9166588836124,33.9498938483109],[-80.916605153088,33.9498148274342],[-80.9165537445911,33.9497347413671],[-80.916468686683,33.9495913935903],[-80.9164376511938,33.9495349731578],[-80.9164024742281,33.9494692442332],[-80.9163753873956,33.9494146875835],[-80.916348988749,33.9493601304896],[-80.9163280769768,33.9493144526658],[-80.9162903133802,33.9492295406925],[-80.9162635803727,33.9491651059728],[-80.9162375372553,33.9490978096709],[-80.9162142391012,33.9490339498471],[-80.9161914585173,33.9489675141696],[-80.9161709084135,33.9489039429379],[-80.9161517324689,33.9488403726309],[-80.9161332462649,33.9487740832156],[-80.9155385984915,33.9466297636361],[-80.9156684523852,33.9464863215328],[-80.917175248011,33.9444941470546],[-80.9179864043321,33.9434217962037],[-80.9181953865908,33.9430766285379],[-80.9208303831644,33.9438548720162],[-80.9247894886802,33.9450240353844],[-80.9273850924349,33.9457932739168],[-80.9311697423529,33.9469116968283],[-80.9310187976097,33.9472500778976],[-80.9298682889355,33.9485407248114],[-80.9297836097593,33.9486357157898],[-80.9308784630717,33.9497221030859],[-80.9309839873224,33.9496481545698],[-80.9320645738294,33.9488885565318],[-80.9322008309674,33.9487927743578],[-80.9328553431969,33.9483326718099],[-80.9333721662965,33.9479693549355],[-80.9336897432496,33.9480334810648],[-80.9340397449454,33.9477875474447],[-80.9347593595529,33.9480013486265],[-80.9361365309269,33.9484104979792],[-80.9361615431532,33.948417870651],[-80.9372562438688,33.9487405226382],[-80.9375294216374,33.9488210375667],[-80.9379966986554,33.9489585499682],[-80.9385888055419,33.9491329169337],[-80.9387276073088,33.9491737908671],[-80.939093347511,33.9492814941468],[-80.9389727827891,33.9495913630549],[-80.9389774749416,33.9496363374549],[-80.9418499211745,33.9504845416351],[-80.9431442609187,33.9515144291843],[-80.9431683839308,33.9515024393339],[-80.9432790411403,33.9514472347831],[-80.9440027205276,33.9510848763634],[-80.944143747352,33.9507668586089],[-80.9445946615475,33.9509094333848],[-80.9449816047861,33.9510235335895],[-80.9456702263002,33.9512265875267],[-80.9458756944594,33.9512871724447],[-80.9462972789668,33.9514114829298],[-80.9471990869841,33.9516772652423],[-80.94735450311,33.9517229661412],[-80.9476008323519,33.9517956268531],[-80.9477922501578,33.9518520899328],[-80.9477954231831,33.9518530263456],[-80.9478054950786,33.9518559972227],[-80.9479721882139,33.9514655729622],[-80.948055441642,33.9512713570887],[-80.9480630579237,33.9512535361034],[-80.9482088394011,33.9509123985001],[-80.9482214344951,33.9508829258334],[-80.9477707814157,33.9507497421802],[-80.947616227077,33.9507021810179],[-80.9476991374848,33.9505081085743],[-80.9477546182953,33.9503786819109],[-80.9477746055217,33.9503317651367],[-80.9477801403084,33.9503187737696],[-80.9478373572093,33.9501844659149],[-80.9479186440843,33.9499949787346],[-80.9479190428253,33.9499940483332],[-80.9479206106985,33.949990393443],[-80.9480754150121,33.9500378569544],[-80.9482104579107,33.9500777935295],[-80.9485287606741,33.9501719243228],[-80.9488560465199,33.950268647724],[-80.9489793318474,33.9503050817631],[-80.9490871429485,33.9503368645988],[-80.9491349281178,33.9503509527485],[-80.9495855518848,33.9504843379381],[-80.9498279567487,33.9505558564943],[-80.9500365732477,33.9506174060458],[-80.9501917875372,33.950663405394],[-80.950106992645,33.9508569061479],[-80.9503849846934,33.9509391818403],[-80.9505576129988,33.9509902733582],[-80.951005699075,33.9511226144798],[-80.9510088742713,33.9511235526148],[-80.9510136159705,33.9511249530459],[-80.9510961762929,33.9509305914713],[-80.9506408611371,33.950796199099],[-80.950723936942,33.9506019813338],[-80.9508055459477,33.9504120758194],[-80.9508059435758,33.9504111481135],[-80.9508073563973,33.9504078592217],[-80.951032335933,33.9504742260369],[-80.9512563258304,33.9505404919635],[-80.9512595010075,33.950541430994],[-80.9512614666964,33.9505420124703],[-80.9513495294675,33.9503353426633],[-80.9514276164505,33.950152288372],[-80.9514825765638,33.9500225577536],[-80.95164803552,33.9496339773154],[-80.9517304209432,33.9494396160813],[-80.9518131499897,33.9492453973876],[-80.9518958775812,33.9490511786289],[-80.9519803262392,33.948853095725],[-80.9520353776954,33.9487234487153],[-80.9521181053664,33.9485292297837],[-80.9516667793622,33.9483975026914],[-80.9515840508005,33.9485917204266],[-80.9515289977473,33.9487212247688],[-80.9513040966324,33.9486556244104],[-80.9513569203935,33.9485254321849],[-80.9516279472239,33.9478882831103],[-80.9518554525483,33.9479548216886],[-80.9517610307614,33.9481760900616],[-80.952212183793,33.9483076742809],[-80.9522579560756,33.9482003428138],[-80.9523066057265,33.9480862621995],[-80.9523183930357,33.9480585498344],[-80.9523573669403,33.947966919067],[-80.9527224429012,33.9471085823603],[-80.9528773989081,33.9471905639177],[-80.9531248149085,33.9466984134526],[-80.9532277461281,33.9467529916317],[-80.9553185454915,33.9478615893041],[-80.9559409930914,33.9481916149675],[-80.9594991936607,33.9500780878947],[-80.9596456761536,33.9501558642913],[-80.9603092967955,33.9505383790014],[-80.9604622561772,33.9506266271977],[-80.960973871852,33.9509217948413],[-80.961060931115,33.9509718213336],[-80.9610630080514,33.9509730140513],[-80.9610688364529,33.9509763639442],[-80.9611621915279,33.9509028782973],[-80.9611631689321,33.9509021193604],[-80.961163932649,33.9509025352896],[-80.9612567589002,33.950830468702],[-80.9614494644936,33.9506889723151],[-80.961615752707,33.9505728245449],[-80.9617852050099,33.9504598975437],[-80.962305931765,33.9501019006642],[-80.9624964762414,33.9499709015263],[-80.9625528602818,33.9500289907474],[-80.9626209291813,33.9500991186406],[-80.9627216578999,33.9502058983636],[-80.963640243015,33.9511807541856],[-80.9642146213296,33.9507892050922],[-80.9644366594602,33.9506378279375],[-80.9645386457104,33.9507457904804],[-80.9653262521174,33.9502172274601],[-80.9656639732013,33.9505915083317],[-80.9657618382309,33.950700040415],[-80.9658550681416,33.9508031320044],[-80.9659106972274,33.9508648443675],[-80.9661301524178,33.9507590883882],[-80.9663156362319,33.9506697024264],[-80.966317027966,33.9506690292242],[-80.9663738780206,33.9506415180351],[-80.9665376845345,33.950562605577],[-80.9667128312667,33.9504782306579],[-80.9667755490168,33.9505427687081],[-80.9671334508308,33.9503555952457],[-80.966850316237,33.9500617568253],[-80.966836043775,33.9500469459648],[-80.9676373347252,33.949531652284],[-80.9678290652179,33.9494012376722],[-80.9680381592901,33.9492584313727],[-80.9686126907652,33.9488672134392],[-80.9687077879128,33.9488022879002],[-80.96880425722,33.9487364257512],[-80.9689956508509,33.9486062094069],[-80.9691870451896,33.9484754210764],[-80.9693785501636,33.9483452735927],[-80.9695476490066,33.9482299480995],[-80.9695701142441,33.9482146271757],[-80.9693092724356,33.9479485174812],[-80.9695006636533,33.9478180144887],[-80.9697594451856,33.9480821196773],[-80.9697834938226,33.9480652706945],[-80.9699487766764,33.9479494685133],[-80.9700032427881,33.9479113418864],[-80.9700138509416,33.9479039161287],[-80.9700997442197,33.9479872002741],[-80.9706136512602,33.948492545542],[-80.9707045867658,33.9485819657146],[-80.970707017295,33.9485808391459],[-80.9708974792354,33.9484926124759],[-80.9709376380621,33.9484740105112],[-80.9711156839764,33.9483915335305],[-80.9721859444884,33.9478958551468],[-80.9721882581073,33.9478947835273],[-80.9721893819171,33.9478959208411],[-80.9722419771117,33.9479491554156],[-80.9722452652596,33.9479524843794],[-80.9722477476807,33.9479513740228],[-80.972560841741,33.9478112685854],[-80.9727522437624,33.947725835475],[-80.973134613816,33.9475551603342],[-80.9733125454821,33.947475796482],[-80.9735508333524,33.9473691584781],[-80.9739967821718,33.9471701343842],[-80.9741814906264,33.9470876994591],[-80.9745096488469,33.9469412423339],[-80.9747845186817,33.9468184777854],[-80.9747522370508,33.9467855478122],[-80.974538160402,33.9465694838656],[-80.9743946356105,33.946424626307],[-80.9742465165245,33.9462751310058],[-80.9743485520898,33.9462051105585],[-80.9743849836606,33.9461801099317],[-80.974735140971,33.9459406619689],[-80.9749376205271,33.9458021049767],[-80.9745134527,33.9453701430696],[-80.9743117147801,33.9451635041129],[-80.974155721339,33.9450035850023],[-80.9739996895367,33.944843634121],[-80.9738436420909,33.9446836631959],[-80.973687596286,33.944523759697],[-80.9735315824566,33.9443637910786],[-80.9733755399894,33.9442038384822],[-80.9732195576036,33.9440439001235],[-80.9730635303492,33.9438839831936],[-80.9725554026423,33.9433630491036],[-80.9725436675788,33.9433511285333],[-80.9724027587326,33.943183259157],[-80.9725943824282,33.9430527702276],[-80.9721241742127,33.9425437957791],[-80.9717457743578,33.9421343276301],[-80.9717444527362,33.9421328972078],[-80.9715813762649,33.942236258775],[-80.971547583344,33.9422576766913],[-80.9713507122996,33.9423824558581],[-80.971264711473,33.9424368535945],[-80.9711536697907,33.942507091296],[-80.9709567986875,33.9426318698301],[-80.9708379661088,33.9427071009248],[-80.9707599259803,33.9427565055764],[-80.9705630537366,33.9428812834777],[-80.9700508848257,33.9432057450453],[-80.9699462637498,33.9432720219674],[-80.9698084882882,33.9433593034068],[-80.9690861167439,33.9438169163942],[-80.9688890676766,33.9439415481895],[-80.968856261459,33.9439623037523],[-80.9687095125544,33.944055149794],[-80.9687027835569,33.944059406897],[-80.9685079128062,33.9441829096818],[-80.9685059064371,33.9441841814925],[-80.9684884000956,33.9441948632722],[-80.9683861298576,33.9440871264534],[-80.9682572518884,33.9441733326741],[-80.9682415665465,33.9441572402546],[-80.9680282744034,33.9439470966084],[-80.9679568889302,33.9438765351913],[-80.9678122927154,33.9437336074238],[-80.9677159643626,33.9436383900962],[-80.9675056772612,33.943430752173],[-80.9674350777988,33.9433610400683],[-80.9673441448041,33.9432713639993],[-80.9672879254029,33.9432159234377],[-80.9671669828815,33.9430966522271],[-80.967091695582,33.9430224057558],[-80.9669358027289,33.942862483813],[-80.9668563997536,33.9427810295863],[-80.966781973931,33.9427046794488],[-80.9667043610899,33.9426250975626],[-80.9664391298993,33.9423531371615],[-80.9663360500174,33.9422474416704],[-80.9661727907938,33.9420800388086],[-80.9660197704538,33.9419231372076],[-80.9657105368164,33.9416060538988],[-80.9656087189938,33.9414980028504],[-80.9654486533904,33.9413380156008],[-80.9649757479073,33.9408497290895],[-80.9645877425706,33.9411211535142],[-80.9640802074583,33.9414763241668],[-80.9641124703193,33.9415085779654],[-80.9647100908499,33.9421060189641],[-80.9647569624337,33.942150673534],[-80.9648240946524,33.9422146305504],[-80.9645639422366,33.9423933279204],[-80.9641949108667,33.9426464498064],[-80.9640645429957,33.9427357955526],[-80.9639950958898,33.9426738248421],[-80.9639516981237,33.9426350988781],[-80.9633492082004,33.9420331334631],[-80.9633228901277,33.9420068379628],[-80.9631307305494,33.9421410581689],[-80.9629438691586,33.9422711903758],[-80.9625653957485,33.9425349114798],[-80.9621798863599,33.9428038465927],[-80.9622702632292,33.9428949906775],[-80.9623342250052,33.9429594954073],[-80.9627970856685,33.9434254604503],[-80.9629017548777,33.9435319330008],[-80.9625725558173,33.9437575099886],[-80.9624814985402,33.943819751326],[-80.9619253551633,33.9442006403811],[-80.9619031127134,33.9443940253166],[-80.9615267051531,33.9446626788382],[-80.9612968994512,33.9446474341649],[-80.9611449239286,33.9445272276818],[-80.9611678409459,33.9443653355034],[-80.9610783970057,33.9442726904869],[-80.9609850049355,33.9441760369389],[-80.9608909255284,33.9440805282799],[-80.9607997643757,33.9439896011834],[-80.9607058562291,33.9438966686343],[-80.9606090283569,33.9438033058679],[-80.9605142607159,33.9437122340367],[-80.9604200067592,33.9436244544579],[-80.9603187137124,33.9435302315999],[-80.9602217137448,33.9434411624362],[-80.9601240260737,33.9433516637569],[-80.9600253082841,33.9432628806285],[-80.9599311496435,33.9431793243341],[-80.9599186078197,33.9431890542994],[-80.9598924102716,33.943167969131],[-80.9598866468775,33.9431633306457],[-80.9598841485774,33.9431613208154],[-80.959762066222,33.9430630646046],[-80.9597469921024,33.9430509325402],[-80.9596305847347,33.942959567146],[-80.9595497754435,33.9428968616626],[-80.9595098856462,33.9428659089797],[-80.9593485572607,33.9427432679644],[-80.9592807016645,33.9426930075183],[-80.9591967799539,33.9426308472181],[-80.9590795130608,33.9425452069081],[-80.958964820864,33.9424628585995],[-80.9588592899243,33.9423885222614],[-80.9587981036071,33.9423454224799],[-80.9586866735237,33.9422683725733],[-80.9586071769128,33.9422145226518],[-80.9586121649659,33.9422000662072],[-80.9583608171781,33.9420277887463],[-80.9581060929662,33.9418589918031],[-80.9579257331885,33.9417435751361],[-80.9577654402876,33.9416428431703],[-80.9577593564673,33.9416390205279],[-80.9575647112781,33.941521101611],[-80.9574093548099,33.9414269831508],[-80.9574070532189,33.9414255892092],[-80.9573883197691,33.9414460309839],[-80.9573871192952,33.9414473407646],[-80.9570913909825,33.9412842716693],[-80.9565892858798,33.9410074026602],[-80.9564520957534,33.9409316293484],[-80.9563682861618,33.9408883490783],[-80.956297028432,33.9408521074623],[-80.9554994506264,33.9418675409303],[-80.955001667597,33.9425012656372],[-80.9529794997289,33.9413963237731],[-80.9529028841929,33.9413544586853],[-80.9515694146782,33.9406256542716],[-80.9508250273889,33.9402188072507],[-80.9508809544811,33.9401691150997],[-80.9509530831773,33.9400558754729],[-80.9510108314054,33.9399215867686],[-80.9510296356896,33.9397786297896],[-80.9509753555648,33.9396990463065],[-80.9510114782438,33.9396821200392],[-80.9511266814664,33.9396676090942],[-80.9511355435743,33.9395046985991],[-80.9517153438871,33.9390010294848],[-80.9522075796184,33.938607556923],[-80.9529040254242,33.9388912554406],[-80.9538318546018,33.9392693460084],[-80.9539646806012,33.9393234352551],[-80.9540906080796,33.9393747147618],[-80.9542091870503,33.9394230013349],[-80.9547246229724,33.9396328928543],[-80.9553972456487,33.9399070789285],[-80.9556409028344,33.9400109484608],[-80.9557863406704,33.9400751304607],[-80.9558960625202,33.9401245556293],[-80.9560348033125,33.940187733147],[-80.9561687357728,33.9402500494733],[-80.9562848102927,33.9403049156928],[-80.9563946122338,33.9403575577686],[-80.9564820113181,33.9404002459573],[-80.9565618540928,33.9404396401733],[-80.9572546132797,33.9394752393526],[-80.9580453199902,33.9383744532365],[-80.9580468053093,33.938372386103],[-80.9580495786531,33.9383735069733],[-80.959550340246,33.9389802224138],[-80.9595507443847,33.9389789403049],[-80.9595516165894,33.9389761696149],[-80.9598045805096,33.9381729180545],[-80.9598287015645,33.9380964612057],[-80.9599081529296,33.9378435229428],[-80.957857653517,33.937344996161],[-80.9576632789639,33.9372968170425],[-80.957707454999,33.9371031054749],[-80.9578813415568,33.9369624066639],[-80.9589915408806,33.936049879663],[-80.9601498933535,33.9370783174753],[-80.9601580169296,33.9370525679548],[-80.9601779265596,33.9369907264942],[-80.9602958929958,33.9366243083843],[-80.9605500799866,33.9358083969332],[-80.9606972120481,33.9353361079796],[-80.9607000713331,33.9353384154785],[-80.962737723946,33.9369826538064],[-80.9627470034024,33.9369915249799],[-80.9627997171523,33.9370419206276],[-80.9628688584893,33.9371080200627],[-80.9630036864019,33.9372369165979],[-80.9630896773365,33.9373192833949],[-80.9631123413895,33.9373409926587],[-80.9632784460037,33.9375009965951],[-80.9633355874919,33.9375560389643],[-80.9635173143824,33.9377299850252],[-80.9635850627562,33.9377975967202],[-80.9635940015827,33.9378065182246],[-80.9637418612494,33.9379540769823],[-80.9638782985492,33.938090236337],[-80.9639551691489,33.9381669506044],[-80.9640051906964,33.9382168706393],[-80.9642101016476,33.938421362621],[-80.9642380356225,33.9384492373281],[-80.9644067245076,33.9386175804295],[-80.9646990920916,33.9389093476393],[-80.9647269182398,33.9389371157996],[-80.9648018016084,33.938964183161],[-80.9648141354218,33.9389682020047],[-80.9650868725654,33.9390658339915],[-80.9652383317788,33.9391201292123],[-80.9656318834093,33.939261329574],[-80.965814201653,33.9393262611683],[-80.9660411065533,33.9394070722142],[-80.9660878174532,33.9394237081382],[-80.9663486492147,33.9395159869038],[-80.9663563478525,33.9395187103726],[-80.9663578616798,33.9395179812949],[-80.9663869241338,33.9395039747023],[-80.9664176749558,33.9394855167868],[-80.9664317630662,33.9394717784454],[-80.9664595952277,33.9394498841901],[-80.9664735103604,33.9394385795293],[-80.966481585083,33.9394340009936],[-80.966505808282,33.9394143961116],[-80.9665279683018,33.9394032370443],[-80.9665454919093,33.939390787268],[-80.9665779542301,33.9393833523541],[-80.9666160831173,33.9393822174459],[-80.966656104832,33.9393710631634],[-80.9667193089384,33.9393682171943],[-80.9667629361276,33.9393580656518],[-80.9667948851352,33.9393490552451],[-80.9668397146778,33.93934064431],[-80.9668421187719,33.939340193193],[-80.9668451349912,33.9393402995004],[-80.9668747497628,33.9393413470944],[-80.9668845914828,33.9393415372801],[-80.9668973845418,33.939341750796],[-80.9669139094495,33.9393379220105],[-80.9669255891397,33.939335634767],[-80.9669499859687,33.9393143120745],[-80.9669550504145,33.9393109635482],[-80.9669783317111,33.939295567534],[-80.9670200678027,33.9392908545501],[-80.9670990743228,33.9392834318706],[-80.9671755069118,33.9392707117777],[-80.9672077093683,33.9392607382985],[-80.9672110624831,33.9392596995063],[-80.9672136913184,33.939259994161],[-80.9672353256578,33.939262423693],[-80.967243005535,33.9392632859595],[-80.9672445851521,33.9392630627512],[-80.9672955635052,33.9392558561648],[-80.9673240753102,33.939249708566],[-80.9674070313509,33.939246009016],[-80.9674685189517,33.9392388673389],[-80.9675504502622,33.9392184189448],[-80.9675681415477,33.9392141286984],[-80.9676146855675,33.9392118505041],[-80.9676390762211,33.9392064177192],[-80.9676766925626,33.939195691696],[-80.9677092793461,33.9391847867137],[-80.967713451562,33.9391833901398],[-80.967715963531,33.9391837478735],[-80.9679554780455,33.9392178209402],[-80.9683180264486,33.9392693966969],[-80.9684895352892,33.9392937272277],[-80.9687112307319,33.9393252785155],[-80.9689220010667,33.9393552748151],[-80.9692148155678,33.939396860173],[-80.9694099107305,33.9394245361424],[-80.9696050060186,33.9394522118047],[-80.9698097187403,33.9394814638984],[-80.9699774992759,33.9395273118222],[-80.9699800782186,33.9395280193922],[-80.9701968004256,33.9395874866579],[-80.9702273690915,33.9395960828487],[-80.9706157358185,33.939702618584],[-80.9706196042483,33.9397036799189],[-80.97073071454,33.9397341968285],[-80.9708727367073,33.9397731663774],[-80.9709330144606,33.9397896422533],[-80.9709972428702,33.9398072642035],[-80.971153854122,33.9398503333379],[-80.9712864305966,33.9398866203136],[-80.9713731072031,33.9399103446696],[-80.9714146658703,33.9399220918967],[-80.9715609823081,33.9399620634519],[-80.9726602541196,33.9402675226736],[-80.9739084302904,33.9406064860665],[-80.9739189432159,33.9406093413076],[-80.9739200501907,33.9406086706637],[-80.9740936437656,33.9405034488403],[-80.9741848492898,33.9404483351397],[-80.9741870881179,33.94044698213],[-80.9741917854366,33.9404441436039],[-80.9743293179448,33.9403610303256],[-80.9744559298583,33.9402845079919],[-80.9747555902236,33.9401033650019],[-80.9749017953354,33.940026810127],[-80.9749788359371,33.93998633233],[-80.9750371527643,33.9399556929486],[-80.9752050646597,33.9398324322818],[-80.9752755682295,33.9397806761285],[-80.9754522332642,33.9396485584067],[-80.975516501718,33.9396004961128],[-80.9755934364518,33.9395418293905],[-80.9756774632108,33.939477755517],[-80.9758554107353,33.9393511207996],[-80.976371352584,33.9389839493277],[-80.9769517282726,33.9385711833611],[-80.9770862996004,33.9384754180603],[-80.9772020403473,33.9385900250146],[-80.9773263171472,33.938499755326],[-80.9773277988969,33.938501278596],[-80.9776552819791,33.9388380660115],[-80.9776596991418,33.9388426087529],[-80.9776617983562,33.9388410888373],[-80.9777844107448,33.9387523053256],[-80.9778711719831,33.9386891528992],[-80.977908441588,33.9386620250942],[-80.9780329319087,33.9385719567215],[-80.9778712448271,33.9384056000557],[-80.9776995906168,33.9382289879613],[-80.9775918659303,33.9381156218688],[-80.9777149660586,33.9380279926956],[-80.9778713704263,33.9379166875635],[-80.9779058088946,33.9378921796372],[-80.9779541538472,33.9378578319378],[-80.9779598811404,33.9378537617055],[-80.9779720477135,33.9378451182086],[-80.978073032709,33.9379580770141],[-80.9784025867505,33.9382971270768],[-80.9784062316761,33.9383008770489],[-80.978408331946,33.9382993571206],[-80.9785207866314,33.9382179597653],[-80.9785305976101,33.9382108586433],[-80.9785320772133,33.9382123782919],[-80.9789218322342,33.9386128000675],[-80.9789940555554,33.9386869992403],[-80.9792431561931,33.9385060125962],[-80.9797301669704,33.9381526861213],[-80.9800348195944,33.9379405246714],[-80.9800450600333,33.9379469140802],[-80.9802652571605,33.9378729382273],[-80.980526880033,33.9375940272379],[-80.9807848858275,33.937600589606],[-80.9813498793599,33.9379686889721],[-80.9808676591409,33.9384828806687],[-80.9809169824798,33.93851621571],[-80.9809730752382,33.9385536870421],[-80.9807746108556,33.9387377021635],[-80.980206352468,33.9392896822784],[-80.9805661732835,33.9395149572605],[-80.9808156642017,33.9396711562297],[-80.980878997229,33.9396127744771],[-80.9809243803633,33.9395709382275],[-80.9809818537,33.939517958603],[-80.9807635576204,33.9393812211379],[-80.9804468865333,33.9391828607479],[-80.9808524005255,33.93878967651],[-80.9810470919477,33.9386028229883],[-80.9817449224339,33.939069296309],[-80.9817787704117,33.9390919073161],[-80.9819362587712,33.9391971110596],[-80.9821130151442,33.9393151857744],[-80.9832377983797,33.9400665356432],[-80.9833698546448,33.9401636078342],[-80.9834986263817,33.9402660246699],[-80.9836236593955,33.9403716107038],[-80.9837445977048,33.9404820853604],[-80.9838613184326,33.9405956677996],[-80.9839403337734,33.9406772581047],[-80.9840166069219,33.9407606415232],[-80.9841462792486,33.9409122988391],[-80.9844402779851,33.9413017420848],[-80.9844418452789,33.9413038180313],[-80.9844789660414,33.9413529905427],[-80.9844994056498,33.9413808353791],[-80.984584941288,33.9414973549386],[-80.9847283870628,33.9416927627749],[-80.9848312685614,33.9418329119478],[-80.9849053991308,33.9419338951195],[-80.9849794271174,33.942034738466],[-80.9846953521807,33.9421743010366],[-80.9838589533138,33.9425881140057],[-80.9838588364564,33.9425881717003],[-80.9832137127627,33.9429073438376],[-80.9831892872067,33.9429194280248],[-80.9827303719565,33.9430948811712],[-80.982730635872,33.9430952445993],[-80.9827328921347,33.9430983441095],[-80.9827966797493,33.9431860051262],[-80.9828237939056,33.9432232659628],[-80.982856917598,33.9432687855337],[-80.9832501256705,33.9438091416974],[-80.9833463495422,33.9439413731684],[-80.9835018717657,33.9441550914512],[-80.9835023184861,33.9441557064804],[-80.9830357548901,33.94437311469],[-80.9813652847338,33.9451560829859],[-80.9813661868103,33.945157312159],[-80.9821393689831,33.9462103836388],[-80.9828118518301,33.94589534288],[-80.9828129533631,33.94589482635],[-80.9828139445261,33.9458943621043],[-80.9828462323723,33.9459424766675],[-80.9836321475937,33.9470742754039],[-80.9836348473478,33.9470730106547],[-80.9846610025123,33.9465920653613],[-80.9847811264216,33.9462307766041],[-80.9847410485172,33.9461757183864],[-80.9847374821692,33.9461708189312],[-80.9851970974116,33.9459538039466],[-80.9857992938806,33.9456742507954],[-80.9858079079585,33.9456702517744],[-80.9862291208221,33.9462770685675],[-80.9869129307863,33.947290307366],[-80.9869161824629,33.947295124668],[-80.9869189211234,33.9472938823943],[-80.9878779494616,33.9468590495564],[-80.9883262764488,33.9466675350215],[-80.9885793914022,33.9470249838337],[-80.9885813840158,33.9470277973667],[-80.9885843281717,33.9470269031369],[-80.9886067528777,33.9470200918439],[-80.9886143637519,33.9470177796451],[-80.9886149111064,33.9470187003459],[-80.9889303384401,33.9475498865408],[-80.9888867070447,33.9475723569693],[-80.9889686198182,33.947718803608],[-80.9889719231585,33.9477183133691],[-80.9890381230418,33.9477084923549],[-80.9890996032363,33.9476993715228],[-80.9891123037243,33.9476974871537],[-80.9891125081548,33.9476979876231],[-80.989183735591,33.9478719904697],[-80.9892218653684,33.947882729601],[-80.9892981056682,33.9480681115427],[-80.9914781083243,33.9521198396769],[-80.9914930222363,33.9521785638932],[-80.9915146133415,33.9522358286746],[-80.9920391449336,33.953192372061],[-80.9922280934884,33.953234326333],[-80.9923597810972,33.9534256284528],[-80.9923110946512,33.9536155099942],[-80.992361286901,33.9536742308485],[-80.9924353457676,33.9537609747747],[-80.9924838525118,33.953817801877],[-80.9925355816292,33.9538752071516],[-80.9926180328583,33.9539667612064],[-80.9926623464455,33.9540158566991],[-80.9927628476137,33.9541219157743],[-80.9928372499187,33.9542000246676],[-80.9928449794542,33.9542083758775],[-80.9929434225156,33.9543070568673],[-80.9929997348464,33.9543634225269],[-80.993047945554,33.9544101051131],[-80.9932477191671,33.954601428066],[-80.9935460606754,33.954887238227],[-80.993611680076,33.954936749264],[-80.993999560388,33.9551702256794],[-80.9938243369864,33.9552960907639],[-80.993862927514,33.9553336931978],[-80.9938874355549,33.9553161344549],[-80.9939130508003,33.9553409102713],[-80.9937527082395,33.9554582223324],[-80.9936111067381,33.9555618228053],[-80.9930824702154,33.955994730111],[-80.9929787482166,33.9559037198434],[-80.9928970148603,33.9558320046926],[-80.9928969780723,33.9558319722288],[-80.9924228794327,33.9554089832322],[-80.9924636265996,33.9553776079168],[-80.9920396211005,33.9550061911982],[-80.9920397368906,33.9550060974275],[-80.9924597252063,33.9546666973289],[-80.9924587535919,33.9546657856382],[-80.9924238523063,33.9546330468257],[-80.992368206358,33.954580849568],[-80.9922803084848,33.9546495807978],[-80.992241094946,33.9546802428996],[-80.9915511433665,33.9552193517304],[-80.9915491781734,33.9552208872133],[-80.9915431754005,33.9552151690437],[-80.9915371553168,33.9552094346418],[-80.9912786944144,33.9549900606799],[-80.9906764939945,33.9544789251304],[-80.9903924556786,33.9542378350096],[-80.990342097096,33.9541950917075],[-80.9903408820597,33.9541940591515],[-80.9901754628224,33.9542687974387],[-80.9900128240192,33.9543476598045],[-80.9898469911702,33.9544347752514],[-80.989706995391,33.9545136392437],[-80.9896648947784,33.9545382552094],[-80.9894812516245,33.9546510395411],[-80.9893694144776,33.9547240353827],[-80.989205012631,33.9548392672949],[-80.9891929833159,33.9548476990655],[-80.9891416527331,33.9548865033996],[-80.9891203750877,33.9549025871896],[-80.98910373995,33.9549151628193],[-80.9890409447508,33.9549626324648],[-80.9889916948025,33.9550018066219],[-80.9888457838339,33.9551222236366],[-80.9888057415341,33.9551576600449],[-80.9887739725923,33.95518577438],[-80.9885786388151,33.9553439340888],[-80.9884023758933,33.9554860628174],[-80.9879873088495,33.9558219888119],[-80.9879571608709,33.9558463835257],[-80.9878915523264,33.9558994699746],[-80.9878901779281,33.9559005807503],[-80.9878893348915,33.9559012632643],[-80.9876710247766,33.9560779043771],[-80.9873756992215,33.9563163577889],[-80.9870119074355,33.9566106770411],[-80.9868322019356,33.9567572404597],[-80.9864162506172,33.9571059589996],[-80.9864150103715,33.9571070003415],[-80.9864131987042,33.9571085177249],[-80.986398222683,33.9571210733289],[-80.986360658139,33.9571526579888],[-80.986257385263,33.9572394877938],[-80.9861340300443,33.9573432025345],[-80.9860624795308,33.9574033603624],[-80.9860204212497,33.9574387216846],[-80.9858941434508,33.9575444926576],[-80.9855502595999,33.9578330442483],[-80.9853777713509,33.9579777776837],[-80.9848769949971,33.9583979695575],[-80.9848752525406,33.9583994301185],[-80.9846835565005,33.9582469902073],[-80.9840965318855,33.9587306325115],[-80.9840101111173,33.9587991884772],[-80.9832819301563,33.9584240893845],[-80.9828671227527,33.9581481891415],[-80.9811625409364,33.9572723884422],[-80.9812196955832,33.9570918490598],[-80.981392410916,33.9565462786881],[-80.9814838445655,33.9562574567344],[-80.981666092251,33.9563147425538],[-80.9812559179922,33.9559417834301],[-80.9807924570753,33.9555257028888],[-80.9807908407779,33.9555242517828],[-80.9806978577523,33.9555930272018],[-80.9805120296742,33.9557309628803],[-80.9799487806544,33.9557970669162],[-80.9795686324447,33.9558416802234],[-80.9795635779099,33.9558422736192],[-80.9781164183008,33.9563419172099],[-80.9781505796783,33.9563592739848],[-80.9788636677631,33.956721587501],[-80.9782703195863,33.9571889470728],[-80.9778663366046,33.9575071467007],[-80.9778414605638,33.9575267400723],[-80.9778397483333,33.9575280887279],[-80.9778663274215,33.9575428770461],[-80.9779373950966,33.9575824189691],[-80.9782831645839,33.9577748034852],[-80.9792939341048,33.9583371794264],[-80.9798936108152,33.9586708222661],[-80.9802046758918,33.9588439369769],[-80.9800321194351,33.9590486727595],[-80.9797766885216,33.9593517373008],[-80.9789631609953,33.9603169601032],[-80.980539444236,33.9611416459604],[-80.9805578720918,33.9611512872437],[-80.9805604364759,33.9611526284905],[-80.9805703337006,33.9611578058648],[-80.9802742509996,33.9615256934318],[-80.9802826742537,33.9622497301205],[-80.9802855880237,33.9624976614682],[-80.9802886281311,33.9627563276903],[-80.9809083882391,33.963082941404],[-80.9815679020593,33.9633100658318],[-80.9814000599277,33.9637321803232],[-80.9812726009365,33.9640604839571],[-80.9812519084919,33.964115275989],[-80.9812470956609,33.9641268703597],[-80.9812237193503,33.9641867016413],[-80.9812171511174,33.9642036726458],[-80.9812087637844,33.9642253494025],[-80.981213596318,33.9642326224314],[-80.981238812702,33.9642705711361],[-80.9813989457519,33.9645115575924],[-80.9815104063179,33.9646803438277],[-80.9815209791104,33.9646964544631],[-80.9815412624825,33.9647273609089],[-80.9815473305124,33.9647366061487],[-80.9816495169136,33.9648917921724],[-80.9817299004564,33.9649766901677],[-80.9819219301822,33.9651789845961],[-80.9820194829944,33.9653691622994],[-80.9821192462812,33.965563647706],[-80.9822528217041,33.9656460273137],[-80.98235767391,33.9657106931022],[-80.9826567984498,33.9655484761118],[-80.9827572582299,33.9654939952496],[-80.9829225478127,33.9654031202965],[-80.9831154355325,33.9656200134675],[-80.9831781248038,33.9657114932891],[-80.9832479042663,33.9658240640791],[-80.9833119395264,33.9659389807033],[-80.9833701172284,33.966056039777],[-80.9834223343826,33.9661750341228],[-80.9834773311496,33.9662936668539],[-80.9835125356851,33.966371686605],[-80.9835897144056,33.9665663742665],[-80.9835944067964,33.9665782116365],[-80.9837098229953,33.9667603091776],[-80.9838482548555,33.9669790550996],[-80.9839789582601,33.9671857755537],[-80.9841098333103,33.9673923525093],[-80.98423298084,33.9675869040319],[-80.9842669873883,33.9676417332153],[-80.984088466226,33.9677125145087],[-80.9840096701578,33.9677478658312],[-80.9836689499884,33.9679007279903],[-80.9837236641368,33.9679991865686],[-80.9837240817371,33.9679999350426],[-80.9836613557247,33.968090252873],[-80.9836141152552,33.9681579352917],[-80.9835452901131,33.9682565434754],[-80.9838105175101,33.9684660013693],[-80.9839433147437,33.9686917905107],[-80.983886017266,33.9687746937996],[-80.983832983398,33.9688595437705],[-80.9837996425663,33.9689179431536],[-80.983774893623,33.9689648919389],[-80.9837429249453,33.9690293031825],[-80.9837130184935,33.9690962917737],[-80.9836858597118,33.9691638533036],[-80.9836394477714,33.9692936816448],[-80.9835648510412,33.969500822413],[-80.983562752526,33.9695066489817],[-80.9834814428147,33.9697388220564],[-80.9834168074681,33.969923615171],[-80.9832224937473,33.9698900869295],[-80.9830670955613,33.9698584338471],[-80.9827625817662,33.9697964056929],[-80.9827515302664,33.9698263850934],[-80.9826984729989,33.9699703085596],[-80.9826898676084,33.9699936517133],[-80.9826185285124,33.9701863162888],[-80.9825714353373,33.9703239429854],[-80.9825685730564,33.9703224556645],[-80.9825316988777,33.9703033026799],[-80.9823573316508,33.9702123802916],[-80.9822060122063,33.9701337476561],[-80.981044890707,33.9695299271832],[-80.9810417261171,33.9695352332599],[-80.9809275028971,33.9697267352341],[-80.9813046306385,33.9704741600259],[-80.9813641544084,33.9705875147391],[-80.9812777685232,33.9706200462206],[-80.9812124742577,33.9706453725745],[-80.9811482072196,33.9706745152864],[-80.9810874395089,33.9707084714998],[-80.981030688975,33.9707469518494],[-80.9809784392363,33.970789628416],[-80.9809481748996,33.9708178174134],[-80.980919863679,33.9708473815126],[-80.9808935954116,33.9708782269029],[-80.980869453452,33.9709102557081],[-80.9808475144083,33.9709433662966],[-80.9808278478984,33.9709774536041],[-80.9808105163297,33.9710124094669],[-80.9807955747006,33.9710481229651],[-80.9807753222142,33.9711117802958],[-80.9807620844423,33.9711767058802],[-80.9807559705683,33.9712423642981],[-80.9807570310278,33.9713082140845],[-80.9807570213026,33.9713517305632],[-80.9807567892643,33.9716248536884],[-80.9807421329868,33.9718525969546],[-80.9807397198016,33.9718899579889],[-80.9807322995802,33.9719756790142],[-80.9807163162174,33.9720605847342],[-80.980697194763,33.9721240111416],[-80.980673677395,33.9721864034598],[-80.9806319055757,33.9722775813528],[-80.9805297997936,33.972501016032],[-80.9804341212595,33.9727099557582],[-80.980430957233,33.9727168650534],[-80.9803752616984,33.9728391036148],[-80.9803565248842,33.9728790233352],[-80.9803406169064,33.9729197862142],[-80.9803275920197,33.972961253239],[-80.9803174946468,33.9730032829955],[-80.9803103850938,33.9730474284452],[-80.9803071655189,33.973091888662],[-80.9803019628291,33.9733051761973],[-80.9802880071096,33.9738512676235],[-80.9802879186542,33.9738547121359],[-80.9808901291393,33.9736730706251],[-80.9809041210156,33.9736688500787],[-80.9812687789075,33.9737010912635],[-80.9812772694198,33.973701841865],[-80.9812855302974,33.9736636133746],[-80.981326974335,33.9734718135843],[-80.9809069279649,33.9734077517762],[-80.980908328767,33.9732892269026],[-80.9809095486512,33.9731714702533],[-80.9809095596763,33.9731705586276],[-80.98120316311,33.9732153751034],[-80.9813799441548,33.9732423583453],[-80.9814330835819,33.9730130455657],[-80.9814857076161,33.9727834468314],[-80.9815397069209,33.9725489817436],[-80.9815926745238,33.9723195263596],[-80.9816176152077,33.972210870533],[-80.9816440962659,33.972095509819],[-80.9816859205783,33.9719149073102],[-80.981697234312,33.9718660543892],[-80.9817500289625,33.9716367413427],[-80.9817630979564,33.9715833494672],[-80.9817767554088,33.9715389542424],[-80.9817929950366,33.9714951667158],[-80.9818110122013,33.9714537163629],[-80.9818313433524,33.9714130158236],[-80.9818618860345,33.9713602932344],[-80.9818962743543,33.9713092409206],[-80.9819343773056,33.9712600533615],[-80.9819760497327,33.9712129179325],[-80.9820238602141,33.9711655200477],[-80.9820752879915,33.9711208280795],[-80.9821301129694,33.9710790332913],[-80.9821881005149,33.9710403145476],[-80.9822518815581,33.9710034315183],[-80.9823186897249,33.9709704778228],[-80.9823680779545,33.9709507028756],[-80.9824188634931,33.9709335598574],[-80.9824930896224,33.9709133873993],[-80.9825866006532,33.9708900136388],[-80.9826816682738,33.9708715051339],[-80.9826896502696,33.9708701843424],[-80.982758655373,33.9708594924986],[-80.9828281224012,33.9708511310763],[-80.9828979380265,33.9708451137159],[-80.9829679883527,33.9708414502344],[-80.9830709525617,33.9708401702208],[-80.9831738146509,33.970844198782],[-80.9836170086056,33.970874058696],[-80.9836315108182,33.9708750362599],[-80.9837199168223,33.9707672548722],[-80.9846822485961,33.9712824273943],[-80.9846851266531,33.9712747046113],[-80.9848762185476,33.970761790809],[-80.9850522802257,33.9708454628108],[-80.9855403887619,33.9710957566834],[-80.9856153566855,33.9711341998495],[-80.9856202145878,33.9711366900316],[-80.9857138421257,33.9709724004283],[-80.9860281468638,33.9711487311857],[-80.9860976527332,33.9711877252903],[-80.9861025511834,33.9711804932304],[-80.9862171107719,33.9711806547946],[-80.9862032691091,33.971244448273],[-80.986587767233,33.971438932282],[-80.9866547686168,33.9714747256353],[-80.9865431544522,33.9717593840124],[-80.986704987608,33.9718442874435],[-80.986752575988,33.9718691995397],[-80.9869194677324,33.9719568074538],[-80.986928497575,33.9719615477878],[-80.9871516639845,33.9720788076902],[-80.9872944938312,33.9721535930051],[-80.987340708135,33.9721779321477],[-80.9874421786488,33.9722311901741],[-80.9874525504807,33.9722366339383],[-80.9874728383303,33.9721297050384],[-80.9874986304895,33.9719938624889],[-80.9875106672809,33.9719291615773],[-80.9875242505056,33.9718578756385],[-80.9875502135025,33.9717220321844],[-80.9875691267069,33.971621975041],[-80.9875780660533,33.9715863322811],[-80.9876072963041,33.9714427596829],[-80.9876110772265,33.9714240081192],[-80.9876183563538,33.9713881659111],[-80.9876430572527,33.971266550363],[-80.9876690186334,33.9711394390146],[-80.9876791621967,33.9710904835292],[-80.9876856972685,33.9710579901879],[-80.9877149250165,33.970914274173],[-80.9877214578561,33.97088206667],[-80.9877510296657,33.9707382082042],[-80.9877575624988,33.970705857326],[-80.98778696319,33.9705619979266],[-80.9878146428721,33.9704265846567],[-80.9877757090795,33.9704070020123],[-80.9874263835963,33.9702312942842],[-80.987277265783,33.9701409539533],[-80.9868850593077,33.9699350681851],[-80.9865141549447,33.9697404927234],[-80.9863630339575,33.9696610770776],[-80.9863923137253,33.9695141791961],[-80.9864131298132,33.9694108942614],[-80.9865768942109,33.9694287046235],[-80.9869837259945,33.9694801373084],[-80.9873981176451,33.9695325721274],[-80.9875621307134,33.9695476138671],[-80.9875629829146,33.9695518601024],[-80.9879753798846,33.9696099284761],[-80.9879764725969,33.9696047762141],[-80.9879784750011,33.9695953273947],[-80.9880104531919,33.9694335755299],[-80.9880326319968,33.9693227819179],[-80.9880456983933,33.9692575084243],[-80.988080599336,33.9690811554259],[-80.9876665544368,33.9690228545891],[-80.9875038747327,33.9689993965623],[-80.9875380714823,33.968827590054],[-80.987538625994,33.9688248029252],[-80.9877017297985,33.9688469904407],[-80.9877017991114,33.9688466450927],[-80.987762090747,33.968855137947],[-80.9881156721926,33.9689049457981],[-80.9881174288193,33.9688960524043],[-80.9881430081683,33.9687665260651],[-80.9880520717966,33.9687190197825],[-80.9877576763703,33.9685652243261],[-80.9876059837601,33.9684860499692],[-80.9872215126432,33.9682850333797],[-80.9868461495724,33.9680888830822],[-80.9866949272849,33.9680094569759],[-80.9866356376671,33.967978399322],[-80.9863166459944,33.9678113011496],[-80.9860933196847,33.9676941820687],[-80.9858141623929,33.967547711863],[-80.9855585412468,33.9674138406544],[-80.9853870974272,33.9673239245983],[-80.985374725109,33.9673195218936],[-80.9853545129512,33.9673184960872],[-80.985335506664,33.9673243170654],[-80.9851069790894,33.9673917602863],[-80.9850557243433,33.9673055973947],[-80.9850018653636,33.9672205444524],[-80.9848926285197,33.9670509024055],[-80.9850547027323,33.9669772856911],[-80.9853023294418,33.9666301848413],[-80.9854669548689,33.9663997379388],[-80.9856155969825,33.9661909047501],[-80.9856875925538,33.9660902885254],[-80.9856919754381,33.9660841348585],[-80.9856929323333,33.9660827923222],[-80.9857296937643,33.9660311736436],[-80.9866986399168,33.9665414834108],[-80.9869378063425,33.9666675237238],[-80.9875785840614,33.9670052078447],[-80.9876591559883,33.9670459470323],[-80.9878156317017,33.9671250632121],[-80.9878578192879,33.9671450312093],[-80.9880593330516,33.9672404084101],[-80.9882824231426,33.9673388729729],[-80.9885258538771,33.9674395283671],[-80.9886659019008,33.9674933913618],[-80.9887694484234,33.9675332157829],[-80.98900804909,33.9676178671423],[-80.9890102394195,33.9676186446104],[-80.9891434391409,33.967633998033],[-80.9891466587264,33.9676343328491],[-80.9891488534559,33.9676345593703],[-80.9891498793978,33.9676346388105],[-80.9891531087346,33.9676348852598],[-80.9891563434824,33.9676351326111],[-80.9892857346975,33.9676433755652],[-80.9892889705384,33.9676435408576],[-80.9892922074615,33.9676437070517],[-80.9892927669698,33.9676437359547],[-80.98929544764,33.9676438029126],[-80.9892986910673,33.9676438816412],[-80.9894316880145,33.967645575635],[-80.989434932533,33.967645583125],[-80.989437016904,33.9676455833026],[-80.9894381748906,33.9676455617601],[-80.9894414204997,33.9676455007202],[-80.9894446617803,33.9676454360729],[-80.9894479063076,33.9676453723276],[-80.9894511508334,33.9676453194027],[-80.9894543953615,33.9676452484435],[-80.9894576377255,33.9676451747789],[-80.9894608800894,33.9676451011142],[-80.9894641267801,33.967645045484],[-80.9894673702268,33.9676449673107],[-80.989470611509,33.9676448891372],[-80.9894738549559,33.967644810062],[-80.9894770973206,33.9676447300849],[-80.9894803396878,33.9676446293684],[-80.9894835863816,33.9676445475881],[-80.9894868287468,33.9676444631022],[-80.9894900711147,33.9676443569752],[-80.9894933123984,33.9676442670789],[-80.9894965526001,33.9676441744772],[-80.9894997960488,33.9676440791705],[-80.9895030394976,33.9676439838638],[-80.9895356285655,33.9676444924767],[-80.9896040284882,33.9676455676563],[-80.9896871702975,33.9676485168763],[-80.9897992626728,33.967652493669],[-80.9898591388534,33.967654617597],[-80.9899040401597,33.9676574850906],[-80.9900874526655,33.9676692004715],[-80.9901137333036,33.9676708788477],[-80.9901361016429,33.967672946446],[-80.990360135733,33.9676936574002],[-80.9903675099565,33.9676943901616],[-80.9903751341598,33.9676952572966],[-80.9906186323748,33.9677247654728],[-80.9906201983382,33.9677249666725],[-80.9908714987259,33.9677626687795],[-80.9908721621206,33.967762781542],[-80.9910592100809,33.9677964064017],[-80.9911211005764,33.967807532537],[-80.9913626059531,33.9678580498507],[-80.9914437475314,33.9677683515727],[-80.9915372450021,33.9676649931783],[-80.9915857578749,33.967611362773],[-80.9925655334589,33.9665289973032],[-80.993299145593,33.9670450841926],[-80.9933013369693,33.9670466262351],[-80.9933077325423,33.9670511252119],[-80.9936793107879,33.9666381912368],[-80.9936806268691,33.9666367278284],[-80.9936843543223,33.9666325846601],[-80.9940065412508,33.9668411310304],[-80.9940082748857,33.9668422528416],[-80.9940133394373,33.966845531704],[-80.9947293949619,33.9664106766097],[-80.9947314653112,33.9664094197137],[-80.9947375129387,33.9664057464031],[-80.9947598090439,33.9664212293649],[-80.9947845327552,33.9664338973539],[-80.9948111761294,33.9664434901087],[-80.994839191784,33.9664498105479],[-80.9948680041425,33.9664527288193],[-80.99489702126,33.9664521849674],[-80.9949256469849,33.9664481901656],[-80.9949532932066,33.9664408264865],[-80.9949812243822,33.9664290950172],[-80.9950066626715,33.9664139295467],[-80.9950290048604,33.9663956896924],[-80.9950477211531,33.9663748079739],[-80.9950616385549,33.96635322339],[-80.9950722379266,33.9663285283167],[-80.9950781419207,33.9663027670477],[-80.9950786637989,33.96629834959],[-80.9950794037151,33.9662849447953],[-80.9962281875797,33.967946391191],[-80.9971314171341,33.9692772694373],[-80.9971853857274,33.9693629893505],[-80.997244130059,33.969446501228],[-80.9972472489732,33.9694506311268],[-80.9973111880109,33.9695310735634],[-80.9973795092512,33.9696089750776],[-80.9973943247961,33.9696252819036],[-80.9974847354554,33.9697247883089],[-80.9975224486514,33.9697662956546],[-80.9974776050721,33.9698524693162],[-80.997500624966,33.9699161701408],[-80.9974635126791,33.9699742863606],[-80.9977121158488,33.9700953934677],[-80.9978119356682,33.9701439216587],[-80.9979114114379,33.9701925931348],[-80.9980291849064,33.97024970392],[-80.9980412979562,33.9702326338528],[-80.9982074136094,33.9699969818412],[-80.9983229878345,33.9698330265408],[-80.9984639519262,33.9696330517573],[-80.998637693135,33.9693865787136],[-80.9986509228507,33.9693678269072],[-80.9987019736437,33.9692962010576],[-80.9988378598554,33.9693654347607],[-80.9989033669149,33.9693987499168],[-80.9988527750861,33.9694716418518],[-80.9988357661032,33.9694958814478],[-80.9986742950266,33.9697249068162],[-80.998589698671,33.9698448936506],[-80.9984307815637,33.9700702938393],[-80.9983567325203,33.9701753203778],[-80.9982393190845,33.9703418527544],[-80.9982339325116,33.9703494504803],[-80.9984044986997,33.9704325137419],[-80.9986924488703,33.9705726571571],[-80.9988766275124,33.9706624114918],[-80.999060634461,33.9707518797076],[-80.9991260939751,33.9707836591233],[-80.999371093548,33.9709030441973],[-80.9995135240716,33.9709723276607],[-80.9998748406578,33.9711482556091],[-81.000263863899,33.9713378045602],[-81.0004589931064,33.9714414653659],[-81.0009397297714,33.9716985065312],[-81.0014243850274,33.9719569984248],[-81.0014625574666,33.9719774938243],[-81.001822615236,33.9721693997605],[-81.0026989234336,33.9726370217054],[-81.0028472079109,33.972697356232],[-81.0053760936414,33.9740367984035],[-81.0057589745882,33.9742357945795],[-81.006431024558,33.9745823917775],[-81.0070309587062,33.9748917921442],[-81.0079477839322,33.9753646106025],[-81.0080571202811,33.9754211586832],[-81.0081678324689,33.9754783233447],[-81.0082871973568,33.9755399552923],[-81.0084050708753,33.9756006413334],[-81.0085227735521,33.9756613272733],[-81.0085811660243,33.9756914610365],[-81.0086406484995,33.9757221564601],[-81.008758522531,33.9757829846324],[-81.0088762257209,33.9758438136057],[-81.0094747097099,33.976152392425],[-81.0095308546972,33.9761812535991],[-81.009682923914,33.9762585407358],[-81.0098294958701,33.9763328218261],[-81.0098576761515,33.9763470918229],[-81.0099930790962,33.9764156477601],[-81.0101135332145,33.9764769045409],[-81.0102403444599,33.9765413094432],[-81.0102687489146,33.9765555171094],[-81.0104208205198,33.9766326599625],[-81.0106625884589,33.9767553158665],[-81.0108316719596,33.9768410455155],[-81.0110320289331,33.9769426620494],[-81.0110777230948,33.9769657876835],[-81.0111895875801,33.9770224635023],[-81.0113390814331,33.9770983178145],[-81.0115081662809,33.9771840465338],[-81.0116801729194,33.9772712066576],[-81.011861630614,33.9773635179954],[-81.0120479000296,33.9774578339961],[-81.0120759803845,33.9774720764434],[-81.0122294298967,33.9775497895117],[-81.0123655239978,33.9776189153548],[-81.012501618276,33.977687755206],[-81.0126378860116,33.9777570241019],[-81.0127739807471,33.9778260070235],[-81.0129099956186,33.9778950727599],[-81.013224364326,33.9774392625153],[-81.0134873656803,33.9770578929918],[-81.0135033418482,33.9770349878767],[-81.0131666195679,33.9768643560383],[-81.0130947951073,33.9768279589918],[-81.0129587016923,33.9767589764046],[-81.0128226084956,33.9766899945685],[-81.0126691600013,33.9766124246867],[-81.0126407356445,33.9765981824056],[-81.0124548116232,33.9765038681414],[-81.0122731830532,33.9764118426078],[-81.0124245029696,33.9761519976984],[-81.0130881077112,33.9749864960885],[-81.013061830096,33.9749653402745],[-81.0126119042515,33.9746031056959],[-81.0122012463635,33.9742721097922],[-81.0119115735091,33.9740386666998],[-81.0118112216125,33.973957798457],[-81.0115053892242,33.9737111648412],[-81.0113860643835,33.9736150600334],[-81.0115665461179,33.9734629900241],[-81.0118991272979,33.9731717770177],[-81.0121877954369,33.9729190126726],[-81.0121041802468,33.9728546875499],[-81.0119650066636,33.9729765047662],[-81.0119709794255,33.972981239964],[-81.0114906264382,33.9734018089387],[-81.0113112855698,33.9735548336452],[-81.0109127585264,33.9732338646917],[-81.0110894150156,33.9730783232183],[-81.0115909525333,33.9726468349935],[-81.0121140421141,33.9721854933212],[-81.0125057109028,33.9724955854861],[-81.0125924891919,33.9725646773573],[-81.0132338245608,33.9730765431015],[-81.0142821399718,33.9739185315694],[-81.014742564488,33.974293688503],[-81.0149655208727,33.9744754867899],[-81.0150630049379,33.9745562599428],[-81.0152824776282,33.9747381148786],[-81.0152931284455,33.9747305274941],[-81.0153678899385,33.9746845112938],[-81.0154488049472,33.9748470990846],[-81.0154808732061,33.9749146763173],[-81.0155180004512,33.9749952149637],[-81.015552607074,33.9750759450754],[-81.0155821732253,33.9751498047927],[-81.0155959257015,33.9751883574017],[-81.0156067003382,33.9752248103051],[-81.0156103541088,33.9752538168957],[-81.0156268341635,33.975119940911],[-81.0156278935853,33.9751130336927],[-81.0156428443685,33.9750154579621],[-81.0156444832227,33.975004759889],[-81.0156482125154,33.9749847829744],[-81.0156643947518,33.974898113244],[-81.015685207264,33.9748241588143],[-81.0156872179908,33.9748170089151],[-81.0157059351309,33.974761036612],[-81.0157335973079,33.9746798063215],[-81.015795600278,33.9745458136024],[-81.0158099641777,33.9745249669808],[-81.0158812988262,33.9744214426514],[-81.0159318479117,33.9743610631871],[-81.0159330436027,33.9743596356291],[-81.0159340347817,33.9743584515587],[-81.0159377235873,33.9743541454273],[-81.0159790416481,33.974305911337],[-81.0160805644636,33.9741948167594],[-81.0161146858839,33.9741570424708],[-81.0162273200115,33.9740323512665],[-81.0164368376652,33.9738004024561],[-81.0150818087559,33.9728057997338],[-81.0152430841186,33.9726266032769],[-81.0150913342986,33.9725233671582],[-81.0154567018541,33.9721478163413],[-81.0157273964168,33.9718695753572],[-81.0158278174734,33.9717959019792],[-81.0161175021783,33.9714980455225],[-81.0164204531047,33.9711865464573],[-81.0167143105535,33.9709742205325],[-81.0173402334318,33.9703279084586],[-81.0174286761188,33.9703826758051],[-81.0175958059692,33.9702045772435],[-81.0184081412156,33.9707588816093],[-81.0184095970772,33.9707598750768],[-81.0194264584131,33.9697043395504],[-81.0214399096079,33.9676143281128],[-81.0214741322416,33.9676377630441],[-81.0228953977395,33.9661947916216],[-81.0208528353366,33.9647970904101],[-81.0206100825997,33.9646309718718],[-81.0191824780472,33.9660691422975],[-81.0176878319775,33.9653275796254],[-81.0177104387583,33.9653432662927],[-81.0177301020725,33.9653614995441],[-81.0177417732633,33.9653763647691],[-81.0177510223573,33.9653923695667],[-81.0177576919054,33.9654092414869],[-81.0177616683702,33.9654266933182],[-81.0177628840584,33.965444427977],[-81.0177613182736,33.9654621435653],[-81.0177569976685,33.9654795385093],[-81.0177499957915,33.9654963166934],[-81.0177404318348,33.9655121925009],[-81.0177284686052,33.9655268956765],[-81.0177143097529,33.9655401759262],[-81.0176981963047,33.965551807179],[-81.0176804025614,33.9655615914343],[-81.0176612314275,33.9655693621336],[-81.0176410092558,33.9655749869952],[-81.0176200802908,33.9655783702662],[-81.0168739540016,33.9665947087116],[-81.0164533142213,33.9663839913687],[-81.0159748605305,33.9661440456996],[-81.0156413747924,33.9660262067158],[-81.0147577799385,33.9657139931961],[-81.0148836092899,33.9654598689598],[-81.0153428081601,33.9645402423046],[-81.0152585932145,33.9645092257324],[-81.0150288857678,33.9644289483303],[-81.0148658400798,33.9643721385667],[-81.0147005618861,33.964314327052],[-81.0145474819507,33.9642608087341],[-81.0144045385704,33.9642110104099],[-81.0145004906185,33.9640061494887],[-81.0142187659814,33.963900439386],[-81.0143140661906,33.9637518633779],[-81.0144156463424,33.9636062048749],[-81.014523377935,33.963463648094],[-81.0146371246888,33.9633243733289],[-81.0147807043075,33.9631923512335],[-81.0154580895213,33.9625694857236],[-81.0216272816316,33.9591581761125],[-81.027373362791,33.9559807560757],[-81.0281128276417,33.9555719164581],[-81.0299584556753,33.9545852549212],[-81.0303652570075,33.9543749153027],[-81.0308949205894,33.9541487394682],[-81.0359400679486,33.9625089958016],[-81.0349977933885,33.9630010900455],[-81.0334903343815,33.963847129844],[-81.0319536516892,33.9647111865653],[-81.0289211332595,33.9664115574959],[-81.0285839754288,33.9666008198633],[-81.0276887384353,33.9671067705063],[-81.0271970907773,33.9673844039896],[-81.0267447202681,33.9676612777203],[-81.0276919670517,33.9685347121755],[-81.0271262734296,33.9692744744397],[-81.0270890412672,33.9694340905769],[-81.0270412971854,33.9696389432451],[-81.026933938994,33.9695600931721],[-81.0268105522314,33.9694687929601],[-81.0266869947791,33.96937763513],[-81.0265637806612,33.9692864771013],[-81.026450019319,33.9692029039172],[-81.0264154780234,33.9691772882984],[-81.0262671756744,33.9690678125715],[-81.0261011728932,33.9689453142928],[-81.0258594875619,33.9690979594305],[-81.025727907988,33.9691810117033],[-81.0255969799799,33.9692650943541],[-81.0255629631787,33.9692884105615],[-81.025497150019,33.9693389586022],[-81.0254347636782,33.9693924382914],[-81.0253609060814,33.9694604477229],[-81.0252434814479,33.9695697543597],[-81.0251112209224,33.96967513604],[-81.024965049834,33.969802852113],[-81.0247709703566,33.9700143824579],[-81.0246886682656,33.9700949188092],[-81.0243768208969,33.9703972172261],[-81.0243604022612,33.9704138254284],[-81.0243160021283,33.97045874287],[-81.0241583723354,33.9703535135366],[-81.0236939292102,33.9700148237052],[-81.0234693356426,33.9702325083859],[-81.0232642201164,33.97043239737],[-81.0231627476603,33.9705308992443],[-81.0228346928408,33.970849350895],[-81.0226111685631,33.9710671329661],[-81.0225988011819,33.971078472409],[-81.0224419817306,33.9712799075313],[-81.0230179664176,33.9717039992867],[-81.0231176113109,33.9715964583557],[-81.0232132104079,33.9714863976468],[-81.0233043578273,33.9713722030057],[-81.0233922602752,33.9712562559688],[-81.0235318918927,33.9710781208784],[-81.0236745549555,33.9709016611956],[-81.0238257267439,33.9710089581856],[-81.0245333033403,33.9715262939808],[-81.0250129985565,33.9718760035641],[-81.0250230702342,33.9718833459523],[-81.0251596911833,33.9719842366811],[-81.0252002463513,33.9719742084695],[-81.0252418728427,33.9719679275525],[-81.02528407342,33.9719654689571],[-81.0253263439885,33.9719668620516],[-81.0253681796175,33.9719720901955],[-81.0254090805714,33.9719810909372],[-81.0254485582793,33.971993756761],[-81.0254861411706,33.9720099363709],[-81.0258162571937,33.9722527109389],[-81.0258199345298,33.9722554153001],[-81.0259451188831,33.9723474329161],[-81.0257943219607,33.9724568209091],[-81.0249622624995,33.9732355850811],[-81.0248978623389,33.9733098600428],[-81.0248176430161,33.973402379701],[-81.0247187327909,33.9733311689777],[-81.0246763342598,33.973397286187],[-81.0246421964276,33.9734505199309],[-81.02468139703,33.9734795471543],[-81.0246736065708,33.9734869111548],[-81.0235475174282,33.9745514958894],[-81.0236985934873,33.9746815096916],[-81.0236914712565,33.9746872368998],[-81.0237777307259,33.9747496826318],[-81.0239201446855,33.9748722127373],[-81.0240201941379,33.9748796189721],[-81.0251336975154,33.9738290189871],[-81.0251426489638,33.9738205717711],[-81.0252771224268,33.9739209298469],[-81.0253976007424,33.9738263629047],[-81.0258356799777,33.97415747898],[-81.0257342849603,33.9742664390589],[-81.0257885139612,33.9743055150532],[-81.0251567366954,33.9749074584576],[-81.0256183981489,33.9752432566026],[-81.0260507468232,33.974837074139],[-81.0262525783185,33.9749780217927],[-81.026663236658,33.9752824140195],[-81.0272525098222,33.9757191960143],[-81.0270217816785,33.9759352028644],[-81.0267933938678,33.9761490176172],[-81.0267917178191,33.9761505860495],[-81.0266455540406,33.9762874237627],[-81.0265063883437,33.9764177061906],[-81.0264111883169,33.9765068305668],[-81.0264056169511,33.9765120463297],[-81.0262795615091,33.976630056165],[-81.0262203797454,33.9766854606027],[-81.0261306553072,33.9767694582925],[-81.0260486899828,33.97684619103],[-81.0260612272872,33.9768586301614],[-81.0260890800366,33.9768862634548],[-81.0261088161464,33.9769062429511],[-81.0261202849429,33.9769178536316],[-81.0262076748332,33.9770077688305],[-81.02612210965,33.97711721633],[-81.0259355548945,33.9773496462961],[-81.0254752636806,33.9779231204317],[-81.0254345430866,33.9780251921646],[-81.0254275214742,33.9780386560978],[-81.0252977137389,33.9782875611258],[-81.0252631592991,33.9783538184196],[-81.0251843350477,33.9785051400564],[-81.0251055126841,33.9786564616369],[-81.025062563424,33.9787386771811],[-81.0250266877536,33.9788073530474],[-81.0249478637538,33.9789586745161],[-81.0248948397253,33.9790604509548],[-81.0248310671051,33.9790366298084],[-81.0246666126017,33.9789795719199],[-81.0246645626152,33.9789834307331],[-81.0245197801008,33.9792559914474],[-81.0244609129745,33.9793662764552],[-81.0244516371831,33.9793630465651],[-81.0240368284934,33.9792186128139],[-81.0237403963259,33.9791073018335],[-81.0237391479429,33.9791097475025],[-81.0235300211962,33.9795196024687],[-81.0233960670659,33.9797817279288],[-81.0233785699648,33.979816056513],[-81.0232799729868,33.9800094957381],[-81.0232710307442,33.9800270266015],[-81.0232516360373,33.9800650417001],[-81.0231484223623,33.9802674689873],[-81.0229266715006,33.9807018335625],[-81.0229265351905,33.9807021013947],[-81.0233301071178,33.9808973430841],[-81.0235774118348,33.9810169843904],[-81.0232456560612,33.9814608589702],[-81.0236658470524,33.9817029184369],[-81.0236756454494,33.9817085630547],[-81.0243229177158,33.9808452276122],[-81.0243266429934,33.9808402566733],[-81.0244406062084,33.980897917365],[-81.0244260592489,33.9809871585524],[-81.0243157939394,33.9817707615942],[-81.0244007727077,33.9821037018896],[-81.0248214290279,33.9823157250736],[-81.0251828987328,33.9824979132648],[-81.0256684250385,33.981875285449],[-81.0256718960723,33.9818708339067],[-81.0257190648303,33.9818985976036],[-81.0258015931031,33.9819460174502],[-81.0261328850669,33.982140255062],[-81.0261391316856,33.9821439173799],[-81.0262294800357,33.9820288089874],[-81.026301688599,33.9819366591189],[-81.026371121216,33.9819771544515],[-81.0266241792445,33.9821370811889],[-81.0266328726975,33.9821425752247],[-81.0269824489444,33.9816969249505],[-81.0269975283895,33.9816777017914],[-81.0269982825242,33.9816767413096],[-81.0270878751027,33.9815625927599],[-81.0271104395568,33.9815338242877],[-81.0272242864236,33.9815981189994],[-81.0275676341717,33.9817931093884],[-81.0276407477887,33.9817031731251],[-81.0277163811727,33.981610136186],[-81.0278087903283,33.9814963147054],[-81.0274599436232,33.9812981765245],[-81.0273387114156,33.9812429917924],[-81.0275188022826,33.981013513572],[-81.027638059544,33.9810706778179],[-81.0279819799375,33.9812660979747],[-81.0279915457842,33.9812715340104],[-81.0280654028399,33.9811804764952],[-81.0281763613142,33.9810438905475],[-81.0278187509171,33.9808407454593],[-81.0277051848065,33.9807760129885],[-81.0277614125308,33.9807041893807],[-81.0277913131907,33.9806659944953],[-81.0277951865553,33.9806610459615],[-81.0277282348587,33.9806229448897],[-81.0278007806157,33.9805311240641],[-81.0280352349132,33.9802485015731],[-81.0279481018432,33.9801988497992],[-81.0281220961658,33.9799892447368],[-81.0283014425724,33.9800908588016],[-81.0283645241192,33.9800125626936],[-81.0286912633594,33.9796070151012],[-81.0287585525958,33.9795290640653],[-81.0288643005024,33.9796183833601],[-81.0289925207089,33.9797261417329],[-81.0290447705535,33.979768214889],[-81.0291725626667,33.9798641347041],[-81.0293052398091,33.9799553354095],[-81.0294651592067,33.9800551237188],[-81.0294201019963,33.980144604494],[-81.0289210390482,33.9807469412899],[-81.0290999109845,33.9808495723188],[-81.0292629751167,33.9809430968725],[-81.0297560366859,33.980348853893],[-81.0298186687283,33.9802729241393],[-81.0299091875323,33.9803286765356],[-81.0302180312157,33.9805186995616],[-81.0303544354004,33.9806025502572],[-81.0304671976092,33.9806723652291],[-81.0304038408204,33.9807426616152],[-81.0303426986297,33.9808163821088],[-81.0290985234037,33.9823164772745],[-81.0291378783145,33.9823309260004],[-81.0292177902987,33.9823585336911],[-81.0292971865593,33.9823877167333],[-81.0293434248628,33.9824315089057],[-81.0293845065499,33.9824720092496],[-81.0293877730735,33.9824745855531],[-81.0294541165318,33.9825223801028],[-81.0295055091063,33.9825651682918],[-81.0295402304174,33.9825955069614],[-81.0308867668647,33.9810362643248],[-81.0309492690544,33.980961813747],[-81.0311114710879,33.9810687417597],[-81.0314082888209,33.9812517513274],[-81.0314375075028,33.9812706391928],[-81.0314450310114,33.9812758852196],[-81.0315355600331,33.9813390024556],[-81.0316285986006,33.9814120684173],[-81.0317162973105,33.9814895810876],[-81.0318324555736,33.9816133205064],[-81.0318710144364,33.9816670324899],[-81.0319047325708,33.9817229593956],[-81.0319334258491,33.9817807992031],[-81.0319562422985,33.9818402536704],[-81.0319739805668,33.9819008978908],[-81.0319865528573,33.9819624316209],[-81.0319873600771,33.9819704809481],[-81.0319876382412,33.9819704412013],[-81.0319928932668,33.9820256080621],[-81.031992901968,33.9820257207732],[-81.0319941865473,33.9820891546017],[-81.03199418549,33.98208922223],[-81.0319930158021,33.9821194179813],[-81.0319903978955,33.9821526537587],[-81.0319844045857,33.9822109154693],[-81.0319733272434,33.9822856579421],[-81.0319582233301,33.982359909391],[-81.0319391233182,33.9824335188122],[-81.0321365575832,33.9824388005179],[-81.0320025773007,33.9826305424669],[-81.0317940554263,33.9830444297488],[-81.0317201747927,33.9830357535061],[-81.0316292695016,33.9830231798774],[-81.031516949234,33.9831869673596],[-81.0314798390126,33.9832464917733],[-81.0314462395825,33.9833074461058],[-81.0314162301034,33.983369686763],[-81.0313898812788,33.98343306712],[-81.0313647972446,33.9835046941923],[-81.0313425889005,33.9835851897961],[-81.031326302282,33.9836666620876],[-81.0313237304976,33.9836846986654],[-81.0313206455998,33.9837055991917],[-81.0313081373438,33.9838046592873],[-81.0312968694541,33.9838945874875],[-81.0312949116028,33.9839102154515],[-81.031293575429,33.9839208829729],[-81.0312606760532,33.9841834347393],[-81.0312508833114,33.9842611191892],[-81.0312294158416,33.9842595150495],[-81.0311860089489,33.9842562708094],[-81.0311522987901,33.9842537508948],[-81.0311220154032,33.9842416260395],[-81.0307974511733,33.9841116828137],[-81.0307246437942,33.9842342517472],[-81.0306508915645,33.9842057174661],[-81.0304298803693,33.9845810898975],[-81.0296919410672,33.9842724019125],[-81.030427936413,33.9845813942492],[-81.0305020391098,33.9846115958284],[-81.0306858676361,33.9846866490822],[-81.0309605051589,33.9847988071779],[-81.0309880575575,33.9848104990325],[-81.0310490377005,33.9848363762733],[-81.03104705626,33.9848408050473],[-81.0310460112116,33.9848454499963],[-81.0310459338974,33.9848501758567],[-81.0310468253496,33.9848548428638],[-81.031048659541,33.9848593157681],[-81.0310513844662,33.9848634611302],[-81.0310549178164,33.9848671590437],[-81.0310591567195,33.9848702995262],[-81.0310639777442,33.9848727915362],[-81.0310692390634,33.9848745611692],[-81.0310747847864,33.984875557067],[-81.0310804536182,33.9848757495138],[-81.0310860788605,33.9848751340426],[-81.031091494905,33.9848737269258],[-81.0311780440365,33.9848471337337],[-81.031333548986,33.9847993519296],[-81.0314309839613,33.9847694131865],[-81.0316906262363,33.9846896327169],[-81.0320837306769,33.9845657608038],[-81.0322876792262,33.9845064441642],[-81.0323014009006,33.9845024478379],[-81.03259901415,33.9844157521074],[-81.0327548529594,33.9843704769747],[-81.0330663590067,33.9842797836964],[-81.0329303122391,33.9839554509311],[-81.0330859779344,33.9839101754227],[-81.0329497595712,33.9835858435954],[-81.032907223074,33.9834830874196],[-81.0330470837356,33.9834414599408],[-81.0330610660063,33.9834372984477],[-81.0331055977212,33.9835404246408],[-81.0332405957336,33.9838622561966],[-81.033241644493,33.9838647563469],[-81.0333974819671,33.9838194804005],[-81.0335529760913,33.9837740618811],[-81.0337076107696,33.9837290717101],[-81.033863447753,33.9836837951769],[-81.0340189565485,33.9836383968068],[-81.0344241827333,33.9835204617721],[-81.0344384875133,33.9835162991325],[-81.034431976642,33.9835675476135],[-81.0344142041067,33.9837052800623],[-81.0343903898894,33.9838930597753],[-81.0343902237232,33.9838943826244],[-81.0351527411513,33.9836721498964],[-81.0350273596415,33.9833943389921],[-81.0347580814072,33.9827967655313],[-81.0347329857977,33.9827410732494],[-81.0347307030988,33.9827360044946],[-81.0347108576153,33.982691964392],[-81.0350066280401,33.9825986430293],[-81.0350622917945,33.9825759818524],[-81.0351019806371,33.9825598237702],[-81.0352811373533,33.982400451322],[-81.0353035414909,33.9823511351249],[-81.0353783064776,33.9821865640956],[-81.0354414299486,33.9819170025186],[-81.0354671783974,33.9818858159465],[-81.0356143791097,33.9817075298051],[-81.0356591265387,33.9814664591767],[-81.0356790434068,33.9814210768596],[-81.0356992965627,33.9813749279914],[-81.0354720576912,33.9814439827612],[-81.0354157500185,33.9813148879606],[-81.0353024109728,33.9810644143818],[-81.0351781357512,33.9807972360574],[-81.0353678294359,33.980752259082],[-81.0353862445543,33.9807478931759],[-81.0356446718348,33.9806866194395],[-81.038627005712,33.9799794529179],[-81.0387165698537,33.9799582141411],[-81.0388883234417,33.9799174853119],[-81.039901998344,33.9796771082172],[-81.0400479266321,33.9796207261339],[-81.04010909573,33.9797452366457],[-81.0401657961766,33.9798681254975],[-81.0402821065132,33.9801197903146],[-81.0406958254104,33.9810151928106],[-81.0408594382326,33.9813914997508],[-81.0408668347757,33.9814085116202],[-81.0408707573503,33.9814175337081],[-81.0409338795331,33.9813966131359],[-81.0410656172838,33.9816867054763],[-81.0410917269763,33.98164120302],[-81.0416158746731,33.980727730895],[-81.0417411529347,33.9805089229666],[-81.0419737840635,33.980104027595],[-81.0421810036105,33.9797422275644],[-81.0426774816038,33.9793229541477],[-81.0427922688092,33.9791965616754],[-81.0429118027875,33.9790732608883],[-81.0430498610776,33.9789401997903],[-81.0431934473337,33.9788112631347],[-81.0433376456566,33.9786904363462],[-81.0434288187868,33.9786181289725],[-81.0435217911274,33.9785474296047],[-81.0436151808766,33.9784791429586],[-81.0437713298366,33.9783710795581],[-81.0439317683105,33.9782674690213],[-81.0440760472359,33.9781802486668],[-81.0442233661777,33.9780966297897],[-81.0450816403106,33.9776210325578],[-81.0455326053255,33.977506967741],[-81.0455372114311,33.9775553552936],[-81.045729633227,33.9795770055694],[-81.0457306792299,33.9795879960936],[-81.045730745904,33.9795892178823],[-81.0457318323281,33.9796090613532],[-81.0459189354283,33.9830284900343],[-81.0459438773578,33.9834842870722],[-81.0459399939542,33.9836046149083],[-81.0458054917341,33.9877616863249],[-81.0459844799212,33.9881770582868],[-81.0464744532766,33.9893141107189],[-81.0474946930023,33.9913298306848],[-81.0478828208286,33.9920968146597],[-81.0504836006516,33.9959404949165],[-81.0480640313737,33.9967394974869],[-81.0464899816815,33.9972557930001],[-81.0449089665216,33.9977502055937],[-81.0432667265893,33.9982639500416],[-81.0418579782123,33.9986995174947],[-81.0400996950518,33.9992495470979],[-81.0385734040638,33.9997344282751],[-81.038546355085,33.9997429505557],[-81.0384317933969,33.9994888421356],[-81.0379097066277,33.9983407420721],[-81.0378225282667,33.9982180261804],[-81.0376709385451,33.9979653177628],[-81.0371952246917,33.9968975410031],[-81.036713195406,33.9958308397249],[-81.0361753682086,33.9946529364283],[-81.0357454318624,33.9936960295851],[-81.0353902009393,33.9928953650542],[-81.0348095064149,33.9915973980099],[-81.031605670066,33.9926280324507],[-81.0283395899111,33.9936445576663],[-81.0251599989515,33.9946309974651],[-81.025159691528,33.9946310849928],[-81.0248779997367,33.9947089993956],[-81.0247489996367,33.9947459995517],[-81.0244299995124,33.9948579993576],[-81.0240779996603,33.9950049989625],[-81.0240569994769,33.9950149993218],[-81.0237949996486,33.995143998863],[-81.0237898520644,33.9951363588142],[-81.0234901136855,33.9953317312175],[-81.0230842770922,33.9956286607903],[-81.022489264481,33.9961394966549],[-81.0215607827027,33.9969624926976],[-81.0208683257837,33.9975742173253],[-81.0206896354493,33.9977138146352],[-81.020261925046,33.9979628679295],[-81.0200434929497,33.9980535074114],[-81.0197572010206,33.9981479625161],[-81.0193368776914,33.9982420709245],[-81.0191330300858,33.9982699209576],[-81.0189255579863,33.9982741853686],[-81.018636513546,33.9996654426646],[-81.0165531808735,34.0002977908739],[-81.0159240655868,33.9989195695719],[-81.0156225930508,33.9989350711933],[-81.0033136082452,33.9981160921374],[-81.0028285521137,34.0033266308907],[-81.0039453363821,34.0036837021713],[-81.0064999985172,34.0046059531169],[-81.0064999996034,34.0046059991036],[-81.0063410003154,34.0046879990266],[-81.0063029998391,34.0050119993431],[-81.0062450004198,34.0057229990001],[-81.0062010004689,34.0060859989652],[-81.0060849995316,34.0071379991918],[-81.0060859998763,34.0071519989474],[-81.0060659997865,34.0073209993674],[-81.0059550004789,34.0085369992422],[-81.0059710002091,34.0087249993822],[-81.006019999828,34.0089109988449],[-81.0061852058736,34.0093854888055],[-81.0062779999048,34.0096519987433],[-81.0063410004269,34.0097449986878],[-81.0063412223875,34.0097449355574],[-81.0063435765319,34.0097480562209],[-81.006343351321,34.0097480923005],[-81.005217309526,34.0100139487816],[-81.0048678496357,34.0100913153135],[-81.0044063918548,34.0101776261436],[-81.001431103479,34.0107451980686],[-81.0012076182966,34.0105629660076],[-81.0007184660531,34.0101661280719],[-81.0004771987625,34.0100380671007],[-81.0001515116484,34.0099345843266],[-80.999899091169,34.0098982557865],[-80.999567883836,34.0098864698561],[-80.9982254186529,34.0097724875456]],[[-80.9798810177689,33.9916196036793],[-80.9800185510693,33.9913532948861],[-80.9800564770607,33.9912798598666],[-80.9800804549099,33.9912334295459],[-80.9801911761413,33.9910190147324],[-80.9801642733715,33.9910093486705],[-80.9801525138301,33.991005123206],[-80.9801569703582,33.9909966569134],[-80.9802147502737,33.9908868953366],[-80.9802649524474,33.9907911387017],[-80.9802459092423,33.9907843810023],[-80.9798169773443,33.9906321754691],[-80.9797733074405,33.9907154786482],[-80.9797669468856,33.990727931053],[-80.979704880946,33.9908463030033],[-80.9795926119031,33.991060287025],[-80.9795460369398,33.9911490512611],[-80.979536734932,33.991166778139],[-80.9798287455455,33.9915508519554],[-80.9796910062741,33.9916264319876],[-80.9794620086903,33.9917414878364],[-80.9794519108973,33.9917276513147],[-80.9794431663039,33.9917318085266],[-80.9793200858174,33.9917903276204],[-80.9793561627721,33.9918378579548],[-80.979252005842,33.9919008246271],[-80.9792493426596,33.9918969621822],[-80.979197142809,33.9918212905303],[-80.979162434943,33.991770974113],[-80.9791114797179,33.9916971042369],[-80.9790889753805,33.9916643207875],[-80.9789426098343,33.9914515812632],[-80.9789365731421,33.9914625557846],[-80.978834811225,33.9916475294339],[-80.9785532161446,33.9921597438022],[-80.9787633728847,33.9922400848285],[-80.9790252520537,33.9923404746275],[-80.9791377573841,33.9923836617824],[-80.9791386644674,33.9923840099927],[-80.9795076599759,33.9922649743944],[-80.9795817422845,33.9922150285871],[-80.9796052951327,33.9921689391437],[-80.9796692773192,33.9920453386148],[-80.9796766484116,33.992031101912],[-80.9797862507117,33.991818998389],[-80.9798069711172,33.9917789011681],[-80.9798810177689,33.9916196036793]],[[-80.9804965781753,33.989399692547],[-80.9803445054461,33.9893461325252],[-80.9803127222043,33.9894073902182],[-80.9803126778011,33.9894074803816],[-80.9800238671163,33.9899641476768],[-80.9800248477864,33.9899645040081],[-80.9801444950086,33.9900079700535],[-80.9800901669066,33.9901118846215],[-80.9805331389909,33.9902691157334],[-80.9805759435148,33.9902843089525],[-80.9806287235221,33.9901835426877],[-80.9807378934992,33.9899764281893],[-80.980793050785,33.9898740170683],[-80.98085153074,33.9897728931397],[-80.9809373373116,33.9896380113124],[-80.9809875080809,33.9895647798384],[-80.9804965781753,33.989399692547]],[[-80.9875854155955,33.9870434821819],[-80.9875896296683,33.9868932332278],[-80.9875897341297,33.9868894577975],[-80.988557488811,33.9869498063932],[-80.9885658984557,33.9869503310594],[-80.9885671174482,33.9868270833633],[-80.9885728115324,33.9866535912408],[-80.9885823572347,33.9863640878288],[-80.9885836810007,33.9863239268851],[-80.9885726399639,33.9863232991832],[-80.9883542753508,33.9863108795242],[-80.988269986804,33.9863061051677],[-80.9882533581431,33.9863051631155],[-80.9881568313822,33.9862996959146],[-80.9881298922671,33.9866284984716],[-80.9879324487017,33.9866171711348],[-80.98796007633,33.9862777754489],[-80.987864069828,33.9862575235224],[-80.987770370681,33.9862308050823],[-80.9876823209627,33.9861994627463],[-80.9875975363172,33.9861623962579],[-80.9875918386407,33.9861596436826],[-80.9875083245068,33.9861158283686],[-80.9874292904471,33.9860665830181],[-80.9873547829902,33.986012174862],[-80.9872858207302,33.9859529102014],[-80.9872754078302,33.9859432401438],[-80.9872023887996,33.9858754378903],[-80.9875559977091,33.9858646488852],[-80.9875711188583,33.9858625187687],[-80.9875642986644,33.9857250891159],[-80.9876013815581,33.9857241000494],[-80.9877993416958,33.9857189664267],[-80.9880031438599,33.9857135463109],[-80.9881071725144,33.9857107150519],[-80.9881498960927,33.9857095523329],[-80.9882011040278,33.9857078394641],[-80.9882737923998,33.9857007607366],[-80.9883454520373,33.985688385281],[-80.9883976929242,33.9856763659314],[-80.9884543947171,33.9856634092009],[-80.9885904871771,33.985632312041],[-80.9885999546068,33.9856301488175],[-80.9886223363288,33.9853120813653],[-80.9883848545845,33.9853185002437],[-80.9881868954026,33.9853236348011],[-80.9881730154242,33.9849433850118],[-80.9881728547421,33.9849390009023],[-80.9881673044295,33.984801718349],[-80.9882355159453,33.9847998979798],[-80.9884334739392,33.9847946208745],[-80.988658926048,33.9847887724848],[-80.9886857834592,33.9844029971564],[-80.9887277695762,33.9839611090841],[-80.9887587270967,33.9836714577172],[-80.9888452675043,33.9828513825725],[-80.9888339688412,33.9828542552944],[-80.9886110057295,33.9829109577691],[-80.9885474254841,33.9829271267252],[-80.9884885279241,33.9829421049292],[-80.9887208121784,33.9835691151274],[-80.9886378151237,33.9835751471822],[-80.9885862271811,33.9835788971515],[-80.9875443588281,33.9836072809215],[-80.9875382475683,33.9835315883806],[-80.9875332816379,33.9834700779892],[-80.9875178710454,33.9830898809911],[-80.9874995509103,33.9826361062175],[-80.9875547101183,33.9826336780574],[-80.9882446250936,33.9826091242545],[-80.9882298533951,33.9825692935774],[-80.9882134305538,33.9825250146232],[-80.9881839629687,33.9824455597557],[-80.9881525413654,33.9823605438689],[-80.9880656139987,33.9821253307934],[-80.987816160364,33.9821354561545],[-80.9877911944314,33.9821364699234],[-80.9877808032854,33.9819992571099],[-80.9877677922239,33.9816219484015],[-80.9877642026135,33.9815178559269],[-80.9875662519887,33.9815239912952],[-80.9874839414073,33.9815265537841],[-80.9874241481421,33.9815284151718],[-80.9874167818847,33.9813911845788],[-80.9874003336096,33.9810517362903],[-80.9871485991272,33.9810620169769],[-80.9869508224081,33.9810700125047],[-80.9869525143655,33.9811117355589],[-80.9869554356789,33.9811836812488],[-80.98697033669,33.9815508415749],[-80.9867725588314,33.9815588368175],[-80.9865747787713,33.9815668317445],[-80.986574578222,33.981561844383],[-80.9865593591487,33.9811836389692],[-80.9865554366087,33.9810861460039],[-80.986538284837,33.9810868519838],[-80.986357658674,33.9810942839573],[-80.9863171248101,33.9810959242064],[-80.9861600517437,33.981102278243],[-80.9861793917023,33.9815829640433],[-80.9859817847161,33.9815909580441],[-80.9859815496933,33.9815851780776],[-80.985962274817,33.9811104146644],[-80.9859358576562,33.9811114819983],[-80.9857644957117,33.9811184083005],[-80.9855973193785,33.9811252861599],[-80.9855667176281,33.9811265449929],[-80.985405332921,33.9811349047714],[-80.9852013680269,33.9811416082429],[-80.9851915071717,33.9810044024538],[-80.9851718163316,33.9805952893741],[-80.9851356339668,33.9805964897245],[-80.985113477301,33.980597224664],[-80.9849740396686,33.9806018498407],[-80.9849741248652,33.9806036388376],[-80.9849935574443,33.9810111072034],[-80.9849977494435,33.9811484547922],[-80.9848059139024,33.9811547758543],[-80.9848034449387,33.9811548576072],[-80.98479577873,33.9810176673849],[-80.9847760908751,33.9806084108725],[-80.9845783141519,33.9806149707082],[-80.9845784316957,33.9806174089383],[-80.9845980010936,33.9810240847816],[-80.9846044784879,33.9811614254534],[-80.9846006879081,33.9811615512219],[-80.9844096132303,33.9811678952099],[-80.9844031123092,33.9811681108024],[-80.9844023513789,33.9811681359545],[-80.9844002233759,33.981030787704],[-80.9843871792385,33.9807572208231],[-80.9843808033113,33.9806234887695],[-80.9843807084161,33.9806215311518],[-80.9842279517887,33.98062666508],[-80.984256948883,33.9799172372451],[-80.984220566011,33.979915470687],[-80.9840263570058,33.9799060419289],[-80.9838287569757,33.9798964257713],[-80.9838279939134,33.9799078602196],[-80.9838025305488,33.9802893105411],[-80.983788652476,33.9805004506325],[-80.9837854187702,33.9805496581619],[-80.9837839544318,33.9805719256235],[-80.9831878733659,33.9805940345772],[-80.9830004456767,33.9805931677429],[-80.9830061928218,33.9805126830696],[-80.9830289628312,33.9805138133204],[-80.9830409014731,33.9805144055711],[-80.9830511975756,33.9804633208805],[-80.9830642777195,33.9804126801927],[-80.9830801147165,33.9803625887502],[-80.983098675649,33.9803131506539],[-80.9828495204758,33.9803046178703],[-80.9826531356535,33.9802980360569],[-80.9826350793955,33.9802974311904],[-80.9826343895538,33.9803045879424],[-80.9826168253633,33.9804936815528],[-80.9826018842069,33.9804929499773],[-80.9823852028324,33.9804823405737],[-80.9823855077722,33.9804837779379],[-80.9824315657738,33.9807004213651],[-80.9829905121557,33.9807322672982],[-80.9829915366248,33.9807350843711],[-80.9830297989974,33.9808404459463],[-80.9830669353011,33.9809427018748],[-80.9830532171616,33.9809420101959],[-80.9824768422756,33.9809129384422],[-80.982477364573,33.9809153911586],[-80.9825181017325,33.9811065542483],[-80.9825279810775,33.9811530485452],[-80.9825798360408,33.9813964860109],[-80.9825818928138,33.9814061408739],[-80.9832282896063,33.9813675413162],[-80.983175574075,33.9812314458865],[-80.9831682726511,33.9812125956172],[-80.9833294337252,33.9812039258266],[-80.9832837241484,33.9810695788862],[-80.9838068890361,33.9810504662685],[-80.9839312116986,33.9810463426979],[-80.9839421854493,33.9811833936363],[-80.9839562308667,33.9814261709854],[-80.9837656682474,33.9814344491101],[-80.9834862634582,33.9814468539818],[-80.9834301707712,33.9814493442301],[-80.9834249243264,33.9814495770713],[-80.9834538544829,33.9815241998704],[-80.9834601119976,33.9815403412552],[-80.9833109415144,33.9815807087212],[-80.9826681764446,33.9816317653914],[-80.9826376965027,33.9816344139505],[-80.9826502352735,33.981687107837],[-80.9826464402836,33.9816875040572],[-80.9820163675481,33.9817533326859],[-80.9818211036578,33.9817744943333],[-80.9818077220151,33.9817123747005],[-80.9817687584689,33.9815089583752],[-80.9817297962194,33.9813053995573],[-80.9812925382247,33.9812352780854],[-80.9810495785817,33.9811963055103],[-80.9808066180762,33.9811573324589],[-80.9807562927053,33.9811492895532],[-80.9805636599231,33.9811185023029],[-80.9805637360749,33.9811215960709],[-80.9805738393563,33.9815285316086],[-80.9805731751743,33.9816610147632],[-80.9805628970106,33.9816594820553],[-80.9804195125527,33.9816380962721],[-80.9804085644093,33.9816364633563],[-80.9804049340248,33.9815033113588],[-80.9803980817271,33.9812163520166],[-80.9803950989426,33.9810914209679],[-80.9803925485921,33.9809783357064],[-80.9800490712602,33.9809301838996],[-80.9799781074169,33.9809202951697],[-80.9799044853065,33.9809100723372],[-80.9798306002141,33.9808997538373],[-80.9798301528102,33.9809013542942],[-80.9796899682487,33.9814031366762],[-80.9796540511589,33.981530454488],[-80.9796459810314,33.9815293314411],[-80.9795195367933,33.9815117354651],[-80.9792347966195,33.9814721149275],[-80.9792588591878,33.981343087421],[-80.9793182514149,33.9809652253732],[-80.9793393546257,33.9808309629324],[-80.9789044680865,33.9807700524805],[-80.9789039632683,33.9807717791633],[-80.9788801219476,33.9808533759741],[-80.9787574718931,33.9812731473566],[-80.9787203249702,33.9814003979656],[-80.9787689782882,33.9814072250082],[-80.9788296058033,33.9814157330535],[-80.9787160626919,33.9819599549308],[-80.9794026793555,33.9820645669041],[-80.979728634843,33.9821111432442],[-80.9796931279391,33.9827699837307],[-80.9796824246635,33.9829685882268],[-80.9796823822569,33.9829694024607],[-80.9796863872521,33.9829692372026],[-80.9801669594955,33.9829494404503],[-80.980404436099,33.9829396008958],[-80.9806020478128,33.9829314733122],[-80.9807998294293,33.9829233445385],[-80.9809976142558,33.9829152154498],[-80.9812371543642,33.98289764519],[-80.9812804567493,33.9828967924053],[-80.9814357836161,33.9828934289363],[-80.9816064841475,33.9828897321184],[-80.9820059918411,33.9828812308085],[-80.9822312207473,33.9828752948773],[-80.9822724652939,33.9830906390833],[-80.9823176100703,33.9833268357779],[-80.9828034588989,33.9833097536209],[-80.9831138929153,33.9832988378264],[-80.9831278029941,33.9833493704386],[-80.9833439533167,33.9833340390799],[-80.9839730747115,33.983289413547],[-80.9841339292132,33.9832792404331],[-80.9841678774478,33.9833666859356],[-80.9842096220107,33.9834743441653],[-80.9840489899453,33.9834855327268],[-80.9835345077675,33.9835208412509],[-80.9831808663779,33.9835451101236],[-80.9831593118928,33.9835456202704],[-80.9827745459431,33.9835547269756],[-80.9823664762052,33.9835643846283],[-80.9823640407303,33.9835644419913],[-80.982363126068,33.9835644932585],[-80.9824101301454,33.9838099660064],[-80.9824349411263,33.9839397755363],[-80.9824552745941,33.9840461635086],[-80.9824998030647,33.9842786061889],[-80.9825002485566,33.9842809290466],[-80.982807411414,33.9842662336078],[-80.9831863988433,33.984248099941],[-80.9831910236539,33.9843279763975],[-80.9831963321966,33.9844208789903],[-80.9831976915392,33.9844440917932],[-80.9832030113164,33.9845349664477],[-80.9831678901179,33.9845367128007],[-80.9828670661591,33.9845516687963],[-80.9825683949622,33.9846366562636],[-80.9825684630838,33.9846370124471],[-80.9826229823893,33.9849213802858],[-80.9827845309477,33.9857652380646],[-80.9825582301607,33.9857940484156],[-80.9822155715409,33.9858390904656],[-80.9822514473853,33.9860281914035],[-80.9821491998463,33.9860416328877],[-80.9821854222947,33.9862136988618],[-80.9824246228212,33.9862224650956],[-80.9824161195235,33.986627996058],[-80.9824131367564,33.9867685625086],[-80.9823746475906,33.9867677734645],[-80.9822996544993,33.9867662371023],[-80.9820900083624,33.9867618301365],[-80.9820804058283,33.9867616285713],[-80.982086529996,33.9866180716247],[-80.9821004412744,33.9863553472876],[-80.9821080940158,33.9862108248186],[-80.9817850359205,33.9861990403061],[-80.9815396493208,33.9861899851763],[-80.9812923728269,33.9861807868067],[-80.9810450963543,33.9861717313154],[-80.9807978199657,33.9861625319601],[-80.9805507146263,33.9861534755099],[-80.9803036104542,33.9861442751964],[-80.9800556457457,33.9861352176237],[-80.9799412988531,33.986131026095],[-80.9798954797815,33.9861293460145],[-80.9798085416454,33.9861261587936],[-80.9795612655199,33.9861169569735],[-80.9795612513505,33.9861173672473],[-80.9795458678802,33.986552833517],[-80.979539133662,33.9867176344228],[-80.979523599303,33.9867170655888],[-80.9794416398943,33.9867140637826],[-80.979264342995,33.9867075690482],[-80.9792508501556,33.9867070744611],[-80.9792402975021,33.9869975156404],[-80.9793996172384,33.987005668411],[-80.9795584740795,33.9870186557561],[-80.9795697142022,33.9870197576882],[-80.9795806112999,33.9867191534165],[-80.9795824678909,33.9865541740699],[-80.9797931452897,33.9865618919955],[-80.9798867182418,33.9865653201563],[-80.9798772081877,33.9867299384852],[-80.9798652742347,33.9870574540127],[-80.979865099276,33.9870696206957],[-80.9801111696903,33.9871041587351],[-80.9803410838074,33.9871365170103],[-80.9803575844957,33.9871388397118],[-80.9803717640154,33.9867486262108],[-80.9803776078719,33.9865841127646],[-80.9805342910614,33.9865912122288],[-80.9807813960616,33.9866025599442],[-80.9810272996526,33.9866136193397],[-80.9811166704381,33.9866176717137],[-80.9811137700668,33.9867825237807],[-80.9810974058196,33.9872238871705],[-80.9813314028543,33.9872302895432],[-80.9813446868985,33.9872306531252],[-80.9813607048484,33.9867930109903],[-80.9813674831699,33.9866284137815],[-80.9813709914288,33.9866284846414],[-80.9813772231642,33.9866285991919],[-80.9815218559833,33.9866280085596],[-80.9816677643015,33.9866206650744],[-80.9816988521681,33.986618260307],[-80.9817631243319,33.9866148748499],[-80.9818621964284,33.9866127902029],[-80.9818566451161,33.9867688926512],[-80.9818392459258,33.9872441817523],[-80.9821513117454,33.9872528157837],[-80.9821792924291,33.9873949637394],[-80.98233815098,33.9874172820225],[-80.982352676314,33.9874193228453],[-80.9823683233518,33.9873831098777],[-80.9823314678337,33.9871796285029],[-80.98233124726,33.987178405759],[-80.9823508357001,33.9871784085471],[-80.9825749473894,33.9871802815084],[-80.9825889524082,33.9871803988929],[-80.982558181744,33.9869840536238],[-80.9825247658416,33.9867708496785],[-80.9825047664929,33.9866307001814],[-80.9827068866701,33.9866368646251],[-80.9827178714749,33.9866371997869],[-80.9826892111037,33.986485971655],[-80.9826407963358,33.9862305116941],[-80.9825695675794,33.9858539773714],[-80.9827956883645,33.9858275078032],[-80.9844573652053,33.9859114676125],[-80.9845349923352,33.9863044406373],[-80.9850524004553,33.9863311287162],[-80.9850869405385,33.9863324214102],[-80.9852518820332,33.986337966779],[-80.9852372643518,33.9865468721882],[-80.9852446056222,33.9865469361809],[-80.9852525552401,33.9865469903268],[-80.9853450225751,33.986547701909],[-80.9853694104926,33.986547889637],[-80.9856333585358,33.9865500674437],[-80.9857892496205,33.9865512756492],[-80.9858021071307,33.9865513754071],[-80.9857867767447,33.9867708163148],[-80.985775925128,33.986927272694],[-80.9859634029785,33.9869376005401],[-80.9863381878066,33.9869581128939],[-80.9865005224926,33.986966309132],[-80.9864911089769,33.9871409936971],[-80.9867222580689,33.9871482377039],[-80.9872427444518,33.9871645491622],[-80.9872112265572,33.98764952363],[-80.9873990488029,33.9876558412599],[-80.9879628653665,33.9876746491065],[-80.988558301283,33.9876944591054],[-80.9885750382493,33.9876931969829],[-80.9885906920916,33.9876881041644],[-80.9886050448645,33.9876787910546],[-80.9886153371267,33.9876662941592],[-80.9886206019649,33.9876517875093],[-80.9886203447725,33.9876366339432],[-80.9885841348503,33.9872686031908],[-80.9885808744359,33.9872359656644],[-80.9885707524028,33.9871041272874],[-80.9885603671977,33.98710385131],[-80.9882356612466,33.9870952213807],[-80.9882363482775,33.987089781457],[-80.987664977545,33.9870491411057],[-80.9875854155955,33.9870434821819]],[[-80.9855747927802,33.9871123182009],[-80.9853869697865,33.9871054252251],[-80.9853869285125,33.9871062502807],[-80.9853625321049,33.9875879852987],[-80.9855370591306,33.9875939858764],[-80.9855505272532,33.9875944491188],[-80.9855747927802,33.9871123182009]],[[-80.9848086840626,33.9875695960671],[-80.9848383319432,33.9870539892328],[-80.9846505093654,33.987045806605],[-80.9844626867975,33.987037767064],[-80.9843116388379,33.9870310204313],[-80.9842748643168,33.9870294413979],[-80.9840870429286,33.9870212579172],[-80.9838992204936,33.9870130741519],[-80.9838991694472,33.9870139848678],[-80.9838688778318,33.9875382721172],[-80.9840570449265,33.9875444514805],[-80.9842448688764,33.987550773886],[-80.9844326928798,33.9875569526359],[-80.9846206879161,33.9875632744939],[-80.9847961295523,33.9875691743346],[-80.9848086840626,33.9875695960671]],[[-80.9720732732241,33.9872660844984],[-80.9724536144282,33.9871385682928],[-80.9720980355393,33.9867195014615],[-80.9718207904746,33.9863926363543],[-80.9718120345343,33.9863956117971],[-80.9714482207777,33.9865192588425],[-80.972068324986,33.9872601718038],[-80.9720732732241,33.9872660844984]],[[-80.9736877120473,33.986729887479],[-80.9737758411373,33.9869076746741],[-80.9737798120527,33.9869063121347],[-80.974187789378,33.9867663330656],[-80.9743927883592,33.9866970443108],[-80.9747794991878,33.9865663365461],[-80.9745509083678,33.9861269752837],[-80.9744505273697,33.9859340807068],[-80.9744496846157,33.9859324610697],[-80.9744203840563,33.9858761570354],[-80.9741842607694,33.9859280707222],[-80.9737814405223,33.9860163065182],[-80.973226518022,33.9861379209772],[-80.9732086693865,33.9862552350786],[-80.9731858907475,33.9863719553122],[-80.9731690748101,33.9864480256476],[-80.9731447739865,33.986522679133],[-80.9731723757335,33.9865332134189],[-80.9733481386915,33.9866002922083],[-80.9736877120473,33.986729887479]],[[-80.9792494524891,33.9865417438112],[-80.9792657683489,33.9865423371561],[-80.9792811673358,33.9861067473886],[-80.9789844016759,33.9860958183948],[-80.9789843918637,33.9860961051355],[-80.9789690011543,33.9865315514978],[-80.9792494524891,33.9865417438112]],[[-80.9782840428094,33.9847215404815],[-80.9782925164009,33.9847206258311],[-80.9783023005508,33.9847208196061],[-80.979026959551,33.9846922294006],[-80.9819110588491,33.9845783994193],[-80.9822542971321,33.984564847657],[-80.9823247505324,33.9845619947979],[-80.982286121004,33.9843591090357],[-80.9822727319778,33.984360807741],[-80.9818262727632,33.9844174460265],[-80.9818259170389,33.9844155605071],[-80.981794175418,33.9842475265333],[-80.9817617341669,33.9840767494512],[-80.9817296370456,33.9839069732976],[-80.9816934193228,33.9837164410466],[-80.9816472482838,33.98347265704],[-80.9816335446877,33.9834729913485],[-80.9810233102385,33.9834878795522],[-80.979660643578,33.9835439201828],[-80.9796606069258,33.9835432835722],[-80.9796311201393,33.9830461671397],[-80.9796266987702,33.9829716169368],[-80.9796074791205,33.9829724153959],[-80.9792599147068,33.9829868518061],[-80.9772656268583,33.9830688831724],[-80.9771870753668,33.9831551863979],[-80.9771165974937,33.9832538002544],[-80.9770801467117,33.9833356729681],[-80.9770423059484,33.9834746612919],[-80.9770041162628,33.9836308261367],[-80.976995658832,33.9837701057196],[-80.9769928796585,33.983881615603],[-80.9770263369388,33.9840748682544],[-80.9770429849499,33.9841473035864],[-80.9770463906538,33.9842636820139],[-80.9770396517601,33.9844043929025],[-80.9770463288643,33.9844954348897],[-80.9770612650325,33.9845904432032],[-80.9770628092472,33.9846001774052],[-80.9770892805618,33.9847295203004],[-80.9770838645037,33.9847683620888],[-80.9770837723189,33.9847690275308],[-80.9782840428094,33.9847215404815]],[[-80.9654246880868,33.9815572270005],[-80.9653928590951,33.9815380108699],[-80.9648595250825,33.9818844174953],[-80.9648917406298,33.9819033218798],[-80.9649564152502,33.9819412740637],[-80.9655093331685,33.9816083277413],[-80.9654246880868,33.9815572270005]],[[-80.9653025945555,33.9809894602638],[-80.9649342132886,33.9807630327575],[-80.964645234364,33.9810860314201],[-80.9646540731887,33.9810913747486],[-80.9649837075851,33.9812906687959],[-80.9651791530552,33.9814088338738],[-80.9651853363567,33.9814019303386],[-80.9652568698318,33.9813220519565],[-80.9654652082356,33.9810894120552],[-80.9654559852409,33.9810837422598],[-80.9653025945555,33.9809894602638]],[[-80.9665673597719,33.9808643783255],[-80.9665765663771,33.9808482664021],[-80.9666698399218,33.9806850437682],[-80.9661240660202,33.9803562327529],[-80.9661201363226,33.9803605842196],[-80.9658495341704,33.9806601995565],[-80.9662777696934,33.9809275510771],[-80.9662778010755,33.9809275700214],[-80.9663036046569,33.9809400984349],[-80.9663313819757,33.9809492399675],[-80.9663655405642,33.9809554851133],[-80.9664004870064,33.9809565884572],[-80.9664351150214,33.9809525150711],[-80.9664683284087,33.9809433939041],[-80.9664990757507,33.9809295136999],[-80.9665263836972,33.9809113138566],[-80.9665493877787,33.980889370516],[-80.9665673597719,33.9808643783255]],[[-80.966359402045,33.9800957710802],[-80.9666569645623,33.9797663288563],[-80.9667857189054,33.9796237899644],[-80.9669898317705,33.9793977395553],[-80.9671032185606,33.9792721654598],[-80.967182292372,33.9791844376603],[-80.9671887180131,33.9791883473594],[-80.9678043356602,33.9795629353812],[-80.9679417503728,33.9796462769912],[-80.9679373612586,33.9796493660074],[-80.9678502998958,33.9797079192758],[-80.9678491035786,33.9797086899254],[-80.9677745569368,33.9797547162597],[-80.9677592248843,33.979763752792],[-80.967625684547,33.9798430204534],[-80.9676636676627,33.9798309862576],[-80.9677891113163,33.9797962544748],[-80.9679537387807,33.9797539258916],[-80.9681989585974,33.9796921499173],[-80.9683105458697,33.9796644663053],[-80.9685032928641,33.9796166464625],[-80.9686124127528,33.9795901918807],[-80.9685901775465,33.979575116922],[-80.9682719361974,33.9793593538794],[-80.9681434717614,33.9792731249559],[-80.9681477574982,33.9792685300544],[-80.9681494813235,33.9792666765868],[-80.9681520540734,33.9792638945787],[-80.9682218825729,33.9791840099567],[-80.9682864810236,33.9791011275676],[-80.9682898618874,33.9790965161988],[-80.9682914299526,33.9790943696345],[-80.9682932286833,33.9790918958094],[-80.9682963410043,33.9790875936575],[-80.9682981895577,33.9790850278709],[-80.968303113638,33.9790781400852],[-80.9683080030873,33.9790712369614],[-80.9683128568245,33.9790643148925],[-80.9683176759306,33.9790573774855],[-80.9683200735791,33.9790539038195],[-80.9683203811375,33.9790534557495],[-80.9683224571603,33.979050420231],[-80.9683250789963,33.979046574217],[-80.9683272037593,33.9790434467368],[-80.9683297433061,33.9790396782485],[-80.9683316872283,33.9790367806574],[-80.9683343686569,33.9790327633341],[-80.9683361393134,33.9790300992408],[-80.9683383539924,33.9790267544719],[-80.968338961541,33.9790258339838],[-80.9683405567676,33.9790234024862],[-80.9683435133016,33.9790188847852],[-80.9683449428381,33.9790166903944],[-80.9683705287626,33.9789761011544],[-80.9683786233133,33.9789627209792],[-80.9683828471605,33.9789556319309],[-80.9683869703136,33.9789486330275],[-80.9683911823051,33.9789414033095],[-80.9684169628374,33.9788953885356],[-80.9685757087182,33.9789364348932],[-80.968624946351,33.9789436303567],[-80.9692077245183,33.9790287974645],[-80.9692042815931,33.9790406297151],[-80.969122221185,33.9793225118722],[-80.969136115118,33.9793903660955],[-80.9691544430087,33.9793842561772],[-80.9692133734767,33.9793646090894],[-80.9694600467551,33.9792823712393],[-80.9697745726405,33.9791348667412],[-80.9698341042461,33.9791069481427],[-80.969822753206,33.9790821297921],[-80.9698186065121,33.9790557965491],[-80.9698218894116,33.9790293788709],[-80.9698324235667,33.9790043117996],[-80.9698497481142,33.9789742613989],[-80.9698705946483,33.9789458057818],[-80.9698947539678,33.9789192305045],[-80.9699219836279,33.9788948022534],[-80.9699599631191,33.9788676163757],[-80.9700017262837,33.9788446018722],[-80.9699882130462,33.9788411053894],[-80.9696599183325,33.9787561676536],[-80.969313182469,33.9786663778092],[-80.969326696125,33.9786199360056],[-80.9693592881432,33.9785079258467],[-80.9694476794433,33.9781022541153],[-80.9694771549478,33.9779659646666],[-80.9695522036389,33.9779716007477],[-80.9696546695592,33.9779854527984],[-80.9697554593781,33.9780061488988],[-80.9698244996652,33.9780247825249],[-80.9698921794859,33.9780466070188],[-80.9699582865452,33.9780715539228],[-80.9700226134813,33.978099544985],[-80.9700742269162,33.9781249488216],[-80.9701243152805,33.9781523897437],[-80.9703716607267,33.9782933579971],[-80.9704183684825,33.9783199767285],[-80.9704338832721,33.9783288198657],[-80.9705558125087,33.9783983209187],[-80.9705962373971,33.9784213637227],[-80.9706297722371,33.9784404788479],[-80.9706712987977,33.9784641494764],[-80.9707044863,33.9784830652218],[-80.9708424037513,33.9785616725014],[-80.970894288861,33.9785892136312],[-80.9709487125397,33.9786131137021],[-80.9708880405155,33.9787411752939],[-80.9706929700873,33.9791790128759],[-80.9707687065094,33.9795055470572],[-80.9708820192016,33.9795016904539],[-80.9709948207459,33.9794919392666],[-80.9710972080173,33.9794778890339],[-80.9711984625841,33.9794589815235],[-80.971313547842,33.97943100074],[-80.9714259815935,33.9793963366302],[-80.9714941614616,33.9793728860501],[-80.9715634518491,33.9793518153173],[-80.9716337331241,33.9793331608111],[-80.9717048839442,33.9793169547387],[-80.9717775078475,33.9793030335441],[-80.9718506006506,33.9792909348612],[-80.9721155181554,33.9792478479985],[-80.9721415192253,33.9792436194229],[-80.9721409418962,33.9792415841399],[-80.9720624881206,33.9789649713872],[-80.9719987662867,33.9787402984339],[-80.9719896275178,33.9787080756604],[-80.97185193117,33.9787305700456],[-80.9718360317091,33.9786562017258],[-80.9718230004819,33.9785952523623],[-80.971624773367,33.978068047342],[-80.9719039841165,33.9780812803319],[-80.9723077459877,33.9785163448962],[-80.9723522508789,33.9785089112281],[-80.9723819772109,33.9785024403844],[-80.9724108200649,33.9784936208317],[-80.9724385127367,33.9784825341227],[-80.9724647991581,33.9784692827739],[-80.9724906630723,33.9784531488504],[-80.9726113436061,33.9785477475316],[-80.9730103919242,33.9788176492912],[-80.9733450280504,33.9790439825598],[-80.9733549253461,33.9790506771577],[-80.9733902531724,33.9786749595148],[-80.9734059404179,33.9785086267141],[-80.9734138687073,33.978424601903],[-80.9734440406317,33.9780983787081],[-80.973430866395,33.9780975959101],[-80.9731538827775,33.9780811378243],[-80.9727900242741,33.9780595158534],[-80.9727849469686,33.9781141762507],[-80.9726214623013,33.9780927021804],[-80.9719737757871,33.9779879648787],[-80.9719795912364,33.9779249602775],[-80.9719992945988,33.9777115557844],[-80.972024814329,33.9774351466655],[-80.9722684099002,33.9774434763316],[-80.9726096455272,33.9774551435974],[-80.9726531512472,33.9774566310947],[-80.9726807714704,33.9774575758581],[-80.9726861658266,33.9773998361939],[-80.9728515743176,33.9774019166748],[-80.9734499602848,33.9774377637306],[-80.9735050671736,33.9774410649422],[-80.9735105846999,33.9773822333003],[-80.9735350670627,33.977112407897],[-80.9735302734369,33.9771121183278],[-80.9731637868282,33.9770899802076],[-80.9728822608208,33.9770729731909],[-80.9728884226828,33.9770074636639],[-80.9728951351229,33.9769361138945],[-80.9728965784143,33.9769206904978],[-80.972800368238,33.9769122087155],[-80.9727324134152,33.9769048232373],[-80.9727704228832,33.9764985166142],[-80.9727959390097,33.9762245400587],[-80.9728328321025,33.9758316126453],[-80.9728385763534,33.9757859928853],[-80.9728453916318,33.9757549894294],[-80.9728545157684,33.9757244006954],[-80.9728770004045,33.9756715446633],[-80.972906758263,33.9756212452917],[-80.9729433800241,33.9755741944282],[-80.9729863619606,33.9755310392376],[-80.9729742926554,33.9755146769181],[-80.9728569774301,33.9753556314644],[-80.9725276076392,33.9753316537723],[-80.9721936772135,33.9753073766197],[-80.9721247012276,33.9753023620689],[-80.9717111085514,33.9752720738394],[-80.9715675136159,33.9752615857033],[-80.9715420428245,33.9752597250489],[-80.971556782633,33.97501180736],[-80.9715569023532,33.9750097947746],[-80.9712731051071,33.9748697328569],[-80.9711312062893,33.9747997012017],[-80.9707752591027,33.9746239776962],[-80.9704208597982,33.9744488261149],[-80.970066117711,33.9742738159003],[-80.969711893327,33.9740988056911],[-80.9694272429875,33.9739580224498],[-80.9690927184614,33.9739537889868],[-80.9686808764759,33.973948532425],[-80.9681917181421,33.9739422519943],[-80.9678440033766,33.9752718755891],[-80.9678157164578,33.9753800380695],[-80.9677690537486,33.9755604261966],[-80.9677244087184,33.9757452283977],[-80.967683177162,33.9759305802743],[-80.9676626937855,33.9760292019583],[-80.9676277476144,33.9762071241797],[-80.9676031244575,33.9763452531009],[-80.9675636872762,33.9765867309987],[-80.9675444392822,33.9767064033401],[-80.9675189086479,33.976865137817],[-80.9674827402691,33.9770907266185],[-80.9674229976681,33.977409067881],[-80.9673195231447,33.9779584358049],[-80.9673010894725,33.9781095850884],[-80.9672909368128,33.9781498066837],[-80.9670215724725,33.9784481951419],[-80.9665753222765,33.9789423583493],[-80.9661290670139,33.979436377419],[-80.9658328982791,33.9797644166341],[-80.965853420661,33.9797796548238],[-80.966359402045,33.9800957710802]],[[-80.9804938318191,33.9752348715226],[-80.9805115492132,33.9752407101627],[-80.9805941009198,33.9749589320737],[-80.9805954624425,33.9749542884892],[-80.9809816918313,33.9750606849537],[-80.9809956117998,33.975064519347],[-80.9810592507427,33.9747664982708],[-80.981121341332,33.9744743461235],[-80.9807615639237,33.9743874554299],[-80.9802548033955,33.9742650626647],[-80.9802546208381,33.9742682420595],[-80.9802047034608,33.9751396008273],[-80.9804938318191,33.9752348715226]],[[-80.9903261998841,33.97505703167],[-80.9903181159099,33.975125455363],[-80.9902942102865,33.9753304388138],[-80.9902787089173,33.9754674521509],[-80.9902851636134,33.9756043860489],[-80.99027071529,33.9757413760135],[-80.9902633195859,33.9758096563733],[-80.9902562669367,33.9758782225999],[-80.9902345937796,33.9760834929184],[-80.9902086211194,33.9763299880674],[-80.9902064042729,33.9763509544049],[-80.9901840244655,33.9765625988067],[-80.9901695758203,33.9766995887259],[-80.9901563783117,33.9768366364472],[-80.9901395225068,33.97698250077],[-80.9901236991561,33.9771193471883],[-80.990118261399,33.9771668965091],[-80.9901080478485,33.9772561936135],[-80.9900923965076,33.9773928975621],[-80.9900767451006,33.9775297439738],[-80.9900610925614,33.9776665903785],[-80.9904970064803,33.9776941085855],[-80.9906805245898,33.9777084217873],[-80.9906764077821,33.9777740594787],[-80.9906598321786,33.977957475469],[-80.9906579899592,33.9779778575275],[-80.9904739523113,33.9779682313293],[-80.9904606230478,33.978105251977],[-80.9904366024125,33.978103744276],[-80.9903492187403,33.9780982605373],[-80.9901847835727,33.9780877977475],[-80.9900200053206,33.9780774780838],[-80.9900198363165,33.9780788252212],[-80.9900030441757,33.9782129618767],[-80.9899975406758,33.9782569223778],[-80.9899923719306,33.9782982120476],[-80.9899857807171,33.9783508631159],[-80.9899685822655,33.9784877309964],[-80.9899613583681,33.9785451313025],[-80.9899513837785,33.9786244338572],[-80.9899469484208,33.97865998782],[-80.9899467404122,33.9786616514533],[-80.9900306560336,33.9786357449586],[-80.9900464028576,33.9786308833152],[-80.9900277867903,33.9787469405761],[-80.990000474035,33.9789172203986],[-80.9900003202278,33.9789181734908],[-80.9901999883392,33.9788599292128],[-80.9903556683771,33.9788145638935],[-80.99064076891,33.9787313996203],[-80.990667197908,33.97872369021],[-80.9909783847536,33.9786328148156],[-80.9911340628884,33.9785874494183],[-80.9914455918441,33.9784967162447],[-80.9915689654287,33.9784606518855],[-80.9917865029305,33.9783959644625],[-80.991733562559,33.9782701718544],[-80.991639626596,33.9780469650013],[-80.9916567424518,33.9780416226348],[-80.9916832015062,33.9780333629672],[-80.9917308678399,33.9780184843727],[-80.9917731688694,33.9776755091865],[-80.9917748891108,33.9776601928951],[-80.9922181908795,33.9776967235212],[-80.9922230845422,33.9776570225439],[-80.992235041394,33.977560020292],[-80.9922376366089,33.9775389664829],[-80.9922518929373,33.9774233170558],[-80.9922648386295,33.9773183004791],[-80.9922687433449,33.9772866138126],[-80.9922855947813,33.9771499096605],[-80.9922520119558,33.9771471303077],[-80.9918424679061,33.97711323591],[-80.9917205088761,33.9771038004756],[-80.9917215736407,33.977095296541],[-80.9917376869856,33.9769665499785],[-80.9918591468101,33.9769765327001],[-80.9918881958656,33.9768502522315],[-80.9923186775313,33.9768861585873],[-80.99233484911,33.9767493308385],[-80.9923516700297,33.976612638379],[-80.99236857857,33.9764758954222],[-80.9923851439403,33.9763393255651],[-80.9924021930865,33.9762024789064],[-80.9924190744018,33.9760658017514],[-80.9924349147537,33.975938101029],[-80.9924360216809,33.9759291795975],[-80.9920063034732,33.9758931898302],[-80.9920231084798,33.9757568481486],[-80.9920252899133,33.9757393461356],[-80.9920401764938,33.975619913153],[-80.9920539514142,33.9755012312167],[-80.9920811740206,33.9752666806372],[-80.9920710731876,33.9752613112216],[-80.9915107229794,33.9749634426266],[-80.9915098798963,33.9749629944199],[-80.9911420627615,33.9747674684317],[-80.991006993794,33.9746956665028],[-80.9908575429821,33.9746161104784],[-80.9904047733331,33.9743755428771],[-80.9903970577779,33.9744412227171],[-80.9903812353035,33.9745780692572],[-80.9903595017807,33.9747674100825],[-80.9903576730451,33.9747833386171],[-80.9903495902038,33.974851762317],[-80.9903421689629,33.9749173700319],[-80.9903418504452,33.9749201851402],[-80.9903339385852,33.97498860885],[-80.9903317912945,33.9750075950511],[-80.9903261998841,33.97505703167]],[[-81.0149937835615,33.9788895840228],[-81.0151606317485,33.9789196248634],[-81.015330572485,33.9789502367797],[-81.0155657434292,33.9789925444561],[-81.0155773349131,33.9789946295519],[-81.015683840693,33.9788488930147],[-81.0157202685218,33.9787994153285],[-81.0157242095292,33.9787940631959],[-81.0158340771879,33.9788513969068],[-81.0158443282048,33.9788567454276],[-81.0159614844738,33.9786968369548],[-81.0160042574407,33.9786385703264],[-81.0158839690216,33.9785758882677],[-81.0159379080395,33.9785021613582],[-81.0160439819929,33.9783573551109],[-81.016250034928,33.978095247911],[-81.0162580960519,33.9780994533204],[-81.0166252649346,33.9782906315685],[-81.0166519575815,33.9783045305141],[-81.0165869717211,33.9782327028907],[-81.0165381922766,33.9781730020639],[-81.0164925395833,33.9781116089502],[-81.0164774570888,33.9780899555467],[-81.0164164083225,33.9779936398277],[-81.0163629798837,33.9778942307314],[-81.016353416745,33.9778744160669],[-81.0163280935299,33.9778266397217],[-81.0163119920599,33.9777962642132],[-81.016285005819,33.9777454502239],[-81.0161158714651,33.9774265428296],[-81.0162797980358,33.9772615810542],[-81.0163232615488,33.9772196720835],[-81.0166713121502,33.9768891372794],[-81.0167151196014,33.9768479053036],[-81.0167116750501,33.9768451546571],[-81.016690030239,33.9768278682256],[-81.016668891967,33.9768105501624],[-81.0166472385361,33.9767933755362],[-81.0166259293265,33.9767763442316],[-81.0166046211799,33.9767591695515],[-81.0165833108496,33.9767418514964],[-81.0165618317101,33.9767246768317],[-81.0165405214244,33.9767075021407],[-81.0165190401373,33.9766903274687],[-81.0164979041532,33.9766732961186],[-81.0164764228831,33.976656121439],[-81.0164551126041,33.9766388033615],[-81.0164338034433,33.9766216286516],[-81.0164123222263,33.9766045973323],[-81.0163910141649,33.9765874226148],[-81.0163695329648,33.976570391288],[-81.0163482227557,33.9765532165632],[-81.0163269136103,33.9765358984631],[-81.0163054334909,33.9765187237532],[-81.0162841243897,33.9765015490171],[-81.0162628163523,33.9764842309055],[-81.0162413351763,33.9764670561845],[-81.0162331482141,33.9764605135619],[-81.0162200250454,33.9764500248088],[-81.0161985438864,33.9764328500802],[-81.0161772348279,33.9764156753254],[-81.016155753686,33.9763985005892],[-81.0161490638261,33.976393109247],[-81.0161344457268,33.9763813258267],[-81.0161131356114,33.9763641510607],[-81.0160918265868,33.9763469762909],[-81.0160705186531,33.9763298015172],[-81.0160492085632,33.9763126267401],[-81.0160277296373,33.976295451981],[-81.0160062485553,33.9762782772184],[-81.015984938491,33.9762611024299],[-81.0159634574261,33.9762439276598],[-81.0159402594937,33.9762251787245],[-81.0159060624791,33.9761984150117],[-81.0158960505231,33.9761906408674],[-81.0158500392799,33.9761549057563],[-81.015545940729,33.9759193459745],[-81.0155225937328,33.9759012606352],[-81.0155133969587,33.9758941355872],[-81.0154096348453,33.976044979022],[-81.0153751530083,33.9761007999265],[-81.0152775870076,33.9760577455059],[-81.0152015433725,33.9761254505745],[-81.0150363885652,33.9762724941852],[-81.0149053638342,33.9761705322391],[-81.0147333466249,33.9763124581748],[-81.0145806968192,33.9761895075938],[-81.0141247057482,33.9770145689424],[-81.0145270155237,33.9772181019408],[-81.0150900976601,33.9775032259285],[-81.0150907222325,33.9775035423518],[-81.0150921380744,33.9775042590372],[-81.0150932887167,33.977504842302],[-81.0151081182551,33.9775123508199],[-81.0149076031555,33.9777768964191],[-81.0143206939183,33.9786103858435],[-81.0148056274108,33.9788562542707],[-81.0149937835615,33.9788895840228]],[[-81.0166745189661,33.9786878279813],[-81.0165606681363,33.9788401902981],[-81.0165520906758,33.9788361797468],[-81.0165383282048,33.9788297433919],[-81.0165344424316,33.9788350143893],[-81.0165120464741,33.9788653904826],[-81.0164515783416,33.9789477072632],[-81.0163229145494,33.9791288042176],[-81.0161650007383,33.9793650496524],[-81.0161415774195,33.9793612204467],[-81.0153936505161,33.9792389646583],[-81.0153994687986,33.979241893583],[-81.0163995232144,33.9797452264087],[-81.0169707962203,33.9800327454475],[-81.0178705231379,33.9804855636701],[-81.018902471366,33.9810049120264],[-81.0191113960313,33.9811100569055],[-81.0193308411501,33.9812205198612],[-81.0202889793197,33.9817028160383],[-81.0203865558486,33.9816018828314],[-81.0214758033636,33.9819059294751],[-81.0215238168867,33.9819193313353],[-81.0215922676282,33.9818776885463],[-81.021644076223,33.9818443271925],[-81.0217360565195,33.9817808723793],[-81.0218246427404,33.9817141504306],[-81.0218910685471,33.9816602409574],[-81.0219553448575,33.9816045525468],[-81.0220174030627,33.9815471446446],[-81.022077176922,33.9814880785317],[-81.0208995016308,33.9809027447777],[-81.0205667286034,33.9807373452932],[-81.019690169184,33.980301657376],[-81.0195737790566,33.9802389614242],[-81.0194554225584,33.9801788747024],[-81.0193266364979,33.9801182315747],[-81.0191956999433,33.9800608735361],[-81.0190627335996,33.9800068534611],[-81.018927860042,33.9799562211466],[-81.0180165820936,33.9797212538405],[-81.0182291454472,33.9794717312334],[-81.0178723954288,33.9792955706158],[-81.0175852699146,33.9791538272001],[-81.0175381592383,33.9791305707233],[-81.0173345241833,33.9790299679097],[-81.0172697386119,33.9789963378527],[-81.0168630850709,33.9787843122319],[-81.0166755036642,33.9786865077493],[-81.0166745189661,33.9786878279813]],[[-81.0212373641121,33.9823092461733],[-81.0211700120039,33.982335310692],[-81.0217110134278,33.9826173575536],[-81.0225133988479,33.9830356252567],[-81.0225304276601,33.9830445021697],[-81.0225159737653,33.982968780393],[-81.0226550688353,33.9826262067134],[-81.0220167886121,33.982271033934],[-81.0217664976435,33.9821318401785],[-81.0217665333551,33.9821318086125],[-81.021687681737,33.9820880084987],[-81.0215794246703,33.9821492308209],[-81.0214681520759,33.9822065786301],[-81.0213540636421,33.9822599490077],[-81.0212373641121,33.9823092461733]],[[-81.0253124780964,33.9834891174072],[-81.0254274902271,33.9837380495739],[-81.0254749938653,33.9837237667206],[-81.0255072474087,33.9837140685548],[-81.0255351049279,33.9837728017709],[-81.025626752814,33.9839713268551],[-81.0259563024995,33.9838660454629],[-81.0258665332034,33.983671590527],[-81.0258638736094,33.9836677714538],[-81.0258392441826,33.983614245893],[-81.0259885765658,33.9835693448951],[-81.0261067048186,33.9835324006315],[-81.0260787688617,33.9834801841879],[-81.0257804508503,33.9833390790069],[-81.0257577469936,33.9833463586894],[-81.0256313112156,33.9833868958354],[-81.0253124780964,33.9834891174072]],[[-81.029307857565,33.9839633396829],[-81.0289525321084,33.9839745781222],[-81.0292258104644,33.9840852336438],[-81.0296915231875,33.9842722306883],[-81.0296985811662,33.9842610983387],[-81.0298790650366,33.9839538085508],[-81.029307857565,33.9839633396829]],[[-81.028343474587,33.9840257481203],[-81.028288829187,33.984023041047],[-81.0283126174785,33.9842490626912],[-81.0286110629378,33.9843738579747],[-81.0286145171002,33.9843481107642],[-81.0286750626264,33.9842876905916],[-81.0287732468712,33.9841505102427],[-81.0289274930639,33.9841221752274],[-81.02873956315,33.9840452682036],[-81.028343474587,33.9840257481203]],[[-81.0257757150965,33.9845750612676],[-81.0256505363019,33.9843028233788],[-81.0254500218416,33.9843669940112],[-81.0255752000528,33.9846390887265],[-81.0255817709325,33.9846369909053],[-81.0257757150965,33.9845750612676]],[[-81.0252887969128,33.9847241260146],[-81.0252762468997,33.9846350535445],[-81.0250854873862,33.9848253459153],[-81.025077828272,33.9848336675048],[-81.0247054881198,33.9850978221229],[-81.023157059269,33.9840321365681],[-81.0228730037168,33.983836634443],[-81.0228873837612,33.9838527019987],[-81.0231212743505,33.9841140425062],[-81.0247369982371,33.9859193293496],[-81.024837317244,33.986032148758],[-81.0249593669861,33.9861825702482],[-81.0250595864954,33.9863047960824],[-81.0251572266052,33.9864227284328],[-81.0252522189775,33.9865359669626],[-81.0252567571772,33.9865413762723],[-81.0255393933902,33.9863958823179],[-81.025197110603,33.985895943893],[-81.0249143322674,33.9860029937947],[-81.0248394036083,33.985879944024],[-81.0246581254489,33.985626265435],[-81.0249104350584,33.9854967282749],[-81.0249396434669,33.9854838388341],[-81.0251360303705,33.9853940470091],[-81.0250257790613,33.9853181339433],[-81.0249919998652,33.9852948758397],[-81.024848361011,33.9853588915428],[-81.0247386850601,33.9852086099142],[-81.0248185797668,33.9851756708719],[-81.0252676263731,33.9849671103297],[-81.0252836756588,33.984966643583],[-81.0252971015933,33.9849605020321],[-81.0253056745815,33.984950532813],[-81.0253083438925,33.9849384728665],[-81.0252974158904,33.9849019377678],[-81.0252910940478,33.9848646557301],[-81.0252894465003,33.9848270286082],[-81.0252924910005,33.9847894619756],[-81.025293706359,33.9847566738416],[-81.0252887969128,33.9847241260146]],[[-81.0274136220595,33.9852677856978],[-81.0274800016377,33.9854186471412],[-81.02753245112,33.9855383054009],[-81.0275945283929,33.9856791470709],[-81.0275988291333,33.985689738452],[-81.0276517933886,33.9858102558639],[-81.0276985680689,33.9859166025228],[-81.0278843101167,33.9858594459725],[-81.0278382392461,33.9857543733343],[-81.02781414768,33.9856994242799],[-81.0277799269055,33.9856221332191],[-81.027698585617,33.9854362052404],[-81.0275568868521,33.9851135865973],[-81.027371147233,33.9851705992971],[-81.0274136220595,33.9852677856978]],[[-81.0255663667424,33.9863794152248],[-81.0256829869246,33.9865496042984],[-81.0256846449015,33.9865520241329],[-81.0259442736267,33.9864708066906],[-81.0258029577536,33.9862645628879],[-81.0255663667424,33.9863794152248]],[[-81.0201042483311,33.9844320164368],[-81.0197390300148,33.9841480737344],[-81.0197326459822,33.9841535444993],[-81.0194170698686,33.984423966353],[-81.0197739663112,33.9847024803344],[-81.0197807425329,33.9847077677598],[-81.0201042483311,33.9844320164368]],[[-81.0406751300053,33.9818697750858],[-81.0405209142347,33.9815297116892],[-81.0402470531025,33.9816170635107],[-81.0399714614761,33.9817038643403],[-81.0395836334835,33.9818281861693],[-81.0397433782313,33.9821728196837],[-81.0397441128374,33.9821744046486],[-81.0400497856173,33.9820743710997],[-81.0401281000633,33.9820487418322],[-81.0404021326761,33.9819591873582],[-81.0406751300053,33.9818697750858]],[[-81.0230111815933,33.9735465667153],[-81.0229525405573,33.9734947563873],[-81.0226864524269,33.9737002208604],[-81.0227505549173,33.9737567516558],[-81.0230202523452,33.9735545794182],[-81.0230111815933,33.9735465667153]],[[-81.0230136933828,33.973448509047],[-81.0230814052535,33.9735086178868],[-81.023697116504,33.9730469586171],[-81.0236131172706,33.9729756052935],[-81.0236735459897,33.9729278654315],[-81.0237587849451,33.9730009957456],[-81.0239432767803,33.9728627986582],[-81.0240506383586,33.9727822264429],[-81.0243065117031,33.9725902000643],[-81.0242094136354,33.9725079101707],[-81.023908363453,33.9727394399128],[-81.023501069859,33.9723942489359],[-81.0232083642485,33.97263178349],[-81.0231261275171,33.9727004396266],[-81.022916340965,33.9728690629308],[-81.0226240005183,33.9731040378617],[-81.0226720927376,33.9731465491536],[-81.0230136933828,33.973448509047]],[[-81.0185248281134,33.9717051123598],[-81.018620511665,33.9716066305082],[-81.0186545438764,33.9715716039182],[-81.0187584267801,33.9714646798251],[-81.0188620248523,33.9713580505442],[-81.0184664110689,33.9710896640567],[-81.0183839432754,33.9710956402106],[-81.0179480604242,33.9715358300523],[-81.0183836810491,33.9718342508708],[-81.0184826198925,33.9717485215166],[-81.0185248281134,33.9717051123598]],[[-80.9570070847825,33.9703543657541],[-80.9569987815132,33.9701184576641],[-80.9569952287085,33.9700161060997],[-80.9569833688465,33.9696812828288],[-80.9569620294729,33.9690631697316],[-80.9569469512794,33.9686374466046],[-80.956935661532,33.9683124818033],[-80.9569349264573,33.9682913148114],[-80.9570755454172,33.9682876007184],[-80.9570713966916,33.968149701696],[-80.9573929830055,33.9681402075642],[-80.9574584207917,33.968140769403],[-80.9575236694813,33.9681449492836],[-80.9575884412396,33.9681527287672],[-80.9576524503354,33.9681640735357],[-80.9577154144018,33.9681789335434],[-80.9577770556812,33.9681972432374],[-80.9578371022513,33.968218921847],[-80.9578952892235,33.9682438737402],[-80.9582249048498,33.9684040233556],[-80.9585041953662,33.9685395331756],[-80.9587833145481,33.9686753290485],[-80.9590641518569,33.9688116974411],[-80.9593100945212,33.9689312837541],[-80.9593216296769,33.968936892565],[-80.9593325580766,33.9689402994092],[-80.9593441392714,33.9689414851386],[-80.9593564512979,33.9689402622286],[-80.9593680114707,33.9689365265578],[-80.9593780933787,33.9689305128661],[-80.9593860635017,33.9689225990379],[-80.959585837041,33.9686368006667],[-80.9597838895925,33.9683532917384],[-80.9597846422385,33.9683522396871],[-80.9597853580969,33.9683511695896],[-80.9599168477844,33.9681627042987],[-80.9600710592969,33.9679418792989],[-80.9602412574056,33.9676984416297],[-80.9603908258064,33.9674841990051],[-80.9605081905916,33.9672893453299],[-80.9605883036619,33.9671749970041],[-80.9606821686579,33.9670408983183],[-80.9607856631243,33.9668897683953],[-80.9608666417843,33.9667575266155],[-80.9609085860717,33.9666828053688],[-80.9609483192203,33.9666072498148],[-80.9609858173525,33.9665309053693],[-80.9610210579346,33.9664538179224],[-80.9610578543283,33.9663676754731],[-80.9610903719813,33.9662803461219],[-80.9611221953035,33.9661920353808],[-80.9612400287954,33.9658571103109],[-80.9612414612993,33.9658530485533],[-80.9612774472331,33.9657510006039],[-80.9613112055302,33.9656473847739],[-80.9613117092508,33.9656462803357],[-80.9613604519741,33.965503306796],[-80.9613997854294,33.9653879280554],[-80.9614906135645,33.965123708218],[-80.9615823003399,33.964859631033],[-80.9616104168797,33.9647793378996],[-80.9616746746978,33.9645958407191],[-80.961767562465,33.9643321929476],[-80.9618589023951,33.9640679729286],[-80.9614149131101,33.9639614292197],[-80.961437964038,33.9638951597415],[-80.9614762708108,33.9637844803279],[-80.9615064268134,33.9636973528615],[-80.9615350311312,33.9637042219519],[-80.9616030658185,33.9637205603922],[-80.9619415407998,33.9638018466436],[-80.9619448454259,33.9638026402614],[-80.9619500728816,33.9638038952432],[-80.9620412406447,33.9635398174726],[-80.9621327508974,33.9632757397221],[-80.9622239186228,33.9630116626841],[-80.9623057117487,33.9627754987863],[-80.9623154299812,33.9627474413922],[-80.9624067664871,33.9624833633346],[-80.9624979314512,33.9622192860421],[-80.9625894429303,33.9619509130173],[-80.9626799208719,33.9616864052324],[-80.9627534481943,33.9614702465476],[-80.9627538555964,33.9614690591161],[-80.9628511468485,33.9611768607606],[-80.9628629131593,33.9611414297296],[-80.9628876639678,33.9610586618299],[-80.9629473920182,33.9608395583852],[-80.9629960920864,33.9606270611557],[-80.9630177850312,33.9605178460079],[-80.963065833898,33.9602408716488],[-80.9626245267964,33.9601947891211],[-80.9626614283636,33.9598760126888],[-80.9627195586801,33.9598825026625],[-80.9627790610812,33.9598891445081],[-80.9631094013417,33.9599260231251],[-80.963112911607,33.9599264146104],[-80.9631204255654,33.9599272536334],[-80.9631423340276,33.9598016823594],[-80.9631750165295,33.9596143506266],[-80.9632294338348,33.9593017342642],[-80.9632299274101,33.9592989021336],[-80.9632843681364,33.9589862550711],[-80.9633126537929,33.9588233529465],[-80.9633399912502,33.9586659094929],[-80.963388897075,33.9583867872557],[-80.9634262512168,33.9581735866489],[-80.9635077015619,33.9577088122831],[-80.9634620082053,33.9577073678126],[-80.9631361855472,33.957698014417],[-80.9631344593878,33.9576984936148],[-80.9631340567976,33.9576986053075],[-80.9631150549748,33.9577038773793],[-80.9628652523045,33.9577722265616],[-80.9627917190209,33.9577922450764],[-80.9627361085406,33.9578073969828],[-80.9626762665117,33.9578237026842],[-80.9623470887825,33.9579137861249],[-80.9623108371696,33.9579236515672],[-80.9621019233691,33.9579808466276],[-80.9620951316737,33.95797928459],[-80.9620931905713,33.9579788376492],[-80.9620063722342,33.9579588688171],[-80.9618157116951,33.957914721046],[-80.96181414776,33.957917820651],[-80.9618137881847,33.9579185337946],[-80.9617153011671,33.9581138070715],[-80.9617032651327,33.9581375661754],[-80.9616617207097,33.9582204621628],[-80.9616456663331,33.9582524950302],[-80.9614037014657,33.9584569769591],[-80.9613295280699,33.9586063666379],[-80.9608979653212,33.9588145105685],[-80.9608355406473,33.9587943881048],[-80.9608031197745,33.9587839369396],[-80.9606832637754,33.9587453021219],[-80.9606785208189,33.958747762292],[-80.9606772382076,33.9587484273489],[-80.9605483805737,33.9588152582894],[-80.9605227510356,33.9588285395653],[-80.9604901304314,33.958845443491],[-80.9603055884744,33.9589412933547],[-80.9602729407426,33.9589581737697],[-80.960111079628,33.959042149648],[-80.9599224118659,33.9591401436843],[-80.9599194915703,33.9591417180314],[-80.9597199926312,33.9592577451996],[-80.9595653421764,33.9593475910422],[-80.9595139641005,33.9593773488069],[-80.9592945312489,33.9595049638881],[-80.9592942457041,33.9595046752465],[-80.9592929261409,33.9595033420834],[-80.9590238913899,33.9596623361932],[-80.9588495070723,33.9597857119791],[-80.9587654350233,33.9598451916223],[-80.9590923105982,33.9601645175375],[-80.9592006067857,33.9602684385093],[-80.959185774716,33.9602805364032],[-80.9591816251163,33.96028656298],[-80.9590099400021,33.9604070156099],[-80.9590024006332,33.9604095406157],[-80.9589954505605,33.9604130486815],[-80.9589892737909,33.9604174478936],[-80.958947307357,33.9604471075359],[-80.9588405548376,33.9603422220283],[-80.9585203760362,33.9600290536896],[-80.9586860397378,33.9599048576165],[-80.9586714414272,33.95989209263],[-80.958669782135,33.9598906421246],[-80.9586300662311,33.9598559111775],[-80.9583370562812,33.959599695389],[-80.958328456212,33.9596027718455],[-80.9583259322551,33.9596036745127],[-80.9581669693953,33.9596605424568],[-80.9580634818017,33.9595481902845],[-80.9579113274037,33.9593907178899],[-80.9577510747427,33.9592248629351],[-80.9576790387958,33.9591503073775],[-80.9575983244611,33.9590667722677],[-80.9575970390968,33.9590707727241],[-80.9575961428097,33.9590735623143],[-80.9575714943547,33.9591502706335],[-80.9574632868761,33.9594870049212],[-80.9574569777386,33.9594833237728],[-80.957453968133,33.9594815680092],[-80.9574232716781,33.9594636584951],[-80.9574021478332,33.9594503080927],[-80.9573788937278,33.9594396971867],[-80.9573540170636,33.9594320574424],[-80.9573280609673,33.9594275556566],[-80.9573015921319,33.9594262901156],[-80.9572751884448,33.9594282884496],[-80.9572494263711,33.9594335070295],[-80.9572248683679,33.9594418319194],[-80.9572233519944,33.9594424689067],[-80.9572222891248,33.9594429175926],[-80.9571985062289,33.9594549919364],[-80.9571772562552,33.9594699916412],[-80.9571590526639,33.9594875542722],[-80.957144335307,33.9595072554668],[-80.9571334598,33.9595286191884],[-80.9571266889288,33.9595511292288],[-80.9571241863005,33.9595742416809],[-80.9571260123891,33.9595973980813],[-80.9567266252522,33.9595932278216],[-80.9567293158785,33.9597064576136],[-80.9567336932201,33.9598849638067],[-80.9567355139647,33.9599613096702],[-80.9567372276949,33.9600331216882],[-80.9567375626045,33.9600492976115],[-80.9562436478176,33.960060456153],[-80.9560821425002,33.9601076379419],[-80.9560773799418,33.9601078138926],[-80.9560732850718,33.9601079657334],[-80.955484650634,33.9601297558202],[-80.9554847018013,33.960131255385],[-80.9554875339754,33.9602145520192],[-80.955493787821,33.9603984448313],[-80.9555041252978,33.9606731477688],[-80.9555056329356,33.960712523349],[-80.9555146338938,33.9609477064739],[-80.9555251434907,33.9612225519039],[-80.9555361612371,33.9615109962055],[-80.9555432113819,33.9616893049422],[-80.9555547372624,33.9619914914704],[-80.9555642314755,33.9622359893698],[-80.955571823511,33.9624381268861],[-80.9555737215329,33.9624886468361],[-80.9555835557009,33.9627414477811],[-80.9555860558069,33.9628080057762],[-80.9555930458712,33.9629941043121],[-80.9556057602263,33.9633237762141],[-80.9556213175744,33.9638046110156],[-80.9556255840715,33.9639421595155],[-80.9556262184844,33.9639626664502],[-80.9556382585507,33.9643518500348],[-80.9556544752986,33.964887366479],[-80.9556627510129,33.9651623541974],[-80.9556712000797,33.9654370552141],[-80.9556794771295,33.9657117570514],[-80.9556886124228,33.965986458274],[-80.9556991232638,33.9662611599681],[-80.9557098051617,33.9665358617032],[-80.9557203150547,33.9668105642586],[-80.9557309981706,33.9670852659542],[-80.9557416802724,33.9673599676293],[-80.9554118280396,33.9673682462181],[-80.9542575310721,33.9674059979975],[-80.9542736802674,33.9681616504291],[-80.9543681988982,33.9682177093733],[-80.9543688307247,33.968218084717],[-80.9554436162297,33.96819227988],[-80.9554966203328,33.9681911852969],[-80.9554945213668,33.9682487118295],[-80.9554917735988,33.9683240324704],[-80.9555407298411,33.9683257632763],[-80.9555616696548,33.9683265038702],[-80.9555617923147,33.968325792465],[-80.9557784928228,33.9683216841743],[-80.9557906864731,33.9686650965821],[-80.9558057567172,33.969090962316],[-80.9558279476939,33.9697079316446],[-80.9558518269791,33.9703804413603],[-80.9558763140344,33.9710651485931],[-80.955876388708,33.9710672667345],[-80.9559007627055,33.971753714101],[-80.9559007776644,33.9717540910207],[-80.9558957444454,33.9718799615006],[-80.9558957301795,33.9718803447219],[-80.9559144526833,33.972292307041],[-80.9563127192651,33.9722831432121],[-80.9569767267836,33.9722680588652],[-80.9570083663837,33.9721662815389],[-80.9570322068509,33.9720630392171],[-80.9570481525185,33.9719587463096],[-80.9570561394106,33.9718538214421],[-80.9570548503886,33.9717280145509],[-80.9570309684775,33.9710411897643],[-80.9570309044435,33.9710393818152],[-80.9570070847825,33.9703543657541]],[[-80.9508288513676,33.9622363458019],[-80.9507582470582,33.9622323096843],[-80.9507568825802,33.9622491215487],[-80.9507013251414,33.9629341348592],[-80.9507023888832,33.9629341875812],[-80.9515474418905,33.9629759118246],[-80.9516304235837,33.9629800091272],[-80.9516716530965,33.9629820450319],[-80.9516754622274,33.9629822331703],[-80.9516790246308,33.9629824085885],[-80.9516891296494,33.9629829075642],[-80.9517479134777,33.9622908166449],[-80.9516316132157,33.9622839003056],[-80.9514869688335,33.9622753974844],[-80.9513552071925,33.9622676164082],[-80.9512236198037,33.9622598343589],[-80.9510920302737,33.9622520530708],[-80.9509606117493,33.9622442708089],[-80.9508288513676,33.9622363458019]],[[-80.9414529378849,33.9594370125673],[-80.9414964390242,33.959411944764],[-80.9415756014207,33.9593663257],[-80.9416718442461,33.9593107137319],[-80.9417706558277,33.9592536177748],[-80.9418028009243,33.959235052186],[-80.9422159292425,33.9589964476728],[-80.9427440623067,33.9586915586635],[-80.9431128245279,33.9584786709173],[-80.94367752399,33.9581528406753],[-80.94455599421,33.9576465851273],[-80.944561857052,33.9576432063271],[-80.9448267021048,33.9574904300882],[-80.9444520472557,33.9566839164236],[-80.9443837509856,33.9565366776358],[-80.944322876377,33.9564054376166],[-80.9442857390311,33.9563554516335],[-80.9442198973831,33.9562668251667],[-80.9440899522612,33.9561213294222],[-80.9437489579145,33.9558755351673],[-80.9435425442071,33.9556846984718],[-80.9433394392499,33.9554972560801],[-80.9433463117306,33.9554936325309],[-80.9433270033227,33.9554745324639],[-80.9433099072487,33.9554540205117],[-80.9432951713105,33.9554322740097],[-80.9432829229053,33.9554094809663],[-80.9432632548138,33.9553672438567],[-80.9432348865156,33.9553156979869],[-80.9431637269924,33.9552078277522],[-80.9431241657609,33.9551502410144],[-80.9430811186751,33.9550944175061],[-80.9430685610374,33.9550783675646],[-80.9430539726988,33.9550546782929],[-80.9430429135359,33.9550296975568],[-80.9430097665029,33.9549315795705],[-80.9429937618719,33.9548903458995],[-80.9429831010371,33.9548647246894],[-80.9429701144639,33.954839859968],[-80.9429548785951,33.9548158980922],[-80.9429374831126,33.9547929801048],[-80.9429251557264,33.9547773820117],[-80.9429240843557,33.9547759378762],[-80.9429158814166,33.9547641992082],[-80.9429120040048,33.9547582253784],[-80.9428941757626,33.9547258273763],[-80.9428807480903,33.9546919873824],[-80.9428652446153,33.954650672769],[-80.9428514160078,33.9546236648966],[-80.9428350046983,33.9545976804901],[-80.9428137463858,33.9545684687136],[-80.9428032881181,33.9545523583946],[-80.9427734600298,33.9544968766596],[-80.9427123385626,33.9543952688863],[-80.9426533516885,33.9542927887633],[-80.9426137817842,33.9542116541541],[-80.9425787652646,33.9541727019745],[-80.9425648032085,33.9541600985771],[-80.9425533556684,33.9541526496332],[-80.9425332092753,33.9541406159552],[-80.9425061969816,33.9541192265226],[-80.942473685044,33.9541020338111],[-80.9424381981653,33.9540821679343],[-80.9424141549287,33.9540739493796],[-80.942390342625,33.9540634405762],[-80.9423770599975,33.9540607626292],[-80.9423516383444,33.9540588418882],[-80.9423385838969,33.9540595995703],[-80.9423363189625,33.9540598807533],[-80.942329646585,33.9540604953242],[-80.9423277864522,33.9540606089768],[-80.9423274142101,33.9540606304448],[-80.9423207053204,33.9540608302102],[-80.9423203330922,33.9540608309388],[-80.9423184676264,33.9540608291694],[-80.9423117611786,33.9540606141474],[-80.9423072924949,33.9540602955674],[-80.9422896697114,33.9540575773431],[-80.9422727453535,33.9540526636222],[-80.9422195058094,33.9540270978044],[-80.942192315974,33.9540169527384],[-80.9421631733742,33.9540118019356],[-80.9421327865166,33.9540096396791],[-80.9421031723683,33.9540035674477],[-80.9420111204989,33.953973367545],[-80.9419833001335,33.9539648563383],[-80.9419545582248,33.9539588361266],[-80.9419011984189,33.9539513674983],[-80.9418879159529,33.9539484983358],[-80.9418766962211,33.9539435300487],[-80.941854947267,33.9539301600715],[-80.9418370885905,33.953921180553],[-80.9418141486016,33.9539139231632],[-80.9417922181901,33.9539047510266],[-80.9417843845613,33.9539008799018],[-80.9417833959073,33.9539003699698],[-80.9417824537714,33.9538998753887],[-80.9417806452233,33.9538989160186],[-80.9417729763544,33.9538946211653],[-80.9417145028043,33.9538797271741],[-80.9416552717203,33.9538670816286],[-80.9416247878907,33.9538601084988],[-80.9415950389836,33.9538511997935],[-80.9415662016857,33.9538404084237],[-80.9415384472691,33.9538277984824],[-80.9414240766703,33.9537810790544],[-80.9413719228844,33.9537662144461],[-80.9413187961453,33.9537539742805],[-80.9412244996718,33.9537410468497],[-80.9411596931218,33.9537290061416],[-80.941094136215,33.9537202284614],[-80.9410553853452,33.9537113020245],[-80.9410463970657,33.9537092319271],[-80.9409551949549,33.9536937286659],[-80.9408878679684,33.953680383699],[-80.9407870992792,33.9536667621378],[-80.9407363755517,33.953660986782],[-80.9406613114431,33.9536578021059],[-80.9406023933213,33.953656771196],[-80.9405730162876,33.9536604793946],[-80.9405108276753,33.9536696109855],[-80.9404539109525,33.9536800622438],[-80.9403984681422,33.9536950367477],[-80.940385828801,33.953700112096],[-80.9403744113,33.9537069070589],[-80.9403630711656,33.9537119115248],[-80.9403318098473,33.953717760329],[-80.9403254368102,33.9537189529343],[-80.940323386054,33.9537193360773],[-80.9403020395574,33.9537231395608],[-80.9402814457792,33.9537291719482],[-80.9402619383865,33.9537373355009],[-80.9402438334448,33.9537474979503],[-80.9401572291319,33.9537895409493],[-80.9400640570826,33.9538247619583],[-80.9400523714262,33.9538317707371],[-80.9399999538998,33.9538699654034],[-80.9398411702174,33.9539593555607],[-80.9398174525356,33.9539765216891],[-80.9398155957339,33.9539780600123],[-80.9398063272313,33.9539852394628],[-80.939783668767,33.9539997519744],[-80.9397589471117,33.9540116988707],[-80.9397474504132,33.9540161170904],[-80.9397200222289,33.9540241425343],[-80.9396715682853,33.9540418691966],[-80.939557467386,33.9541006468149],[-80.9395570765703,33.9541009216469],[-80.9394748026909,33.9541588670857],[-80.9394321339897,33.9541891382918],[-80.9393874988953,33.9542173717781],[-80.9393443652279,33.9542449414983],[-80.9393063234326,33.9542773008302],[-80.9392741325564,33.9543138041141],[-80.9392484349061,33.9543537230059],[-80.9392443072447,33.9543623566899],[-80.9392430686769,33.9543648682558],[-80.9392205842478,33.9544057891604],[-80.9391944317612,33.9544451672153],[-80.9391680288983,33.9544781073707],[-80.9391468413539,33.9545085648457],[-80.939131836727,33.9545414746295],[-80.9391164431908,33.9545798836553],[-80.9390938075894,33.9546363621565],[-80.9390647362722,33.9546937500243],[-80.939052496009,33.9547209118342],[-80.939042867725,33.9547487942662],[-80.9390387482396,33.954764165546],[-80.9390360325428,33.9547790424753],[-80.9390146056627,33.9548964214436],[-80.9390059992519,33.9549268263153],[-80.9389912019444,33.9549555289388],[-80.938965748214,33.9549986038658],[-80.9389258315635,33.9550889097002],[-80.9389234184066,33.955099787678],[-80.9389232864863,33.9551027091629],[-80.9389229116133,33.9551110101473],[-80.938922895118,33.9551113825466],[-80.9388088071883,33.9557294279166],[-80.9387060484518,33.9557769019442],[-80.9386650598671,33.9559614667861],[-80.9390504307219,33.9561089551516],[-80.9390130220168,33.9558094734595],[-80.9392600719288,33.9555235876372],[-80.9392278561774,33.9554119172642],[-80.9394532281826,33.9551706813431],[-80.9395979135355,33.9551036157628],[-80.9400179754692,33.9552589909007],[-80.9402788850319,33.9557876152017],[-80.9406866637793,33.9555779579872],[-80.9417213755166,33.9555828858592],[-80.9420528323953,33.9560805242019],[-80.9409297151963,33.956946142488],[-80.9405447698338,33.9569183318773],[-80.9403119935558,33.957183184668],[-80.9396618789912,33.957922340039],[-80.9391920146522,33.9584570071428],[-80.9388019128908,33.9589003331843],[-80.9388237179417,33.9589180941435],[-80.9389354673994,33.9590022670227],[-80.9390452012891,33.9590882615751],[-80.9391904422577,33.9592085483339],[-80.9393313984991,33.9593323240115],[-80.9397198866352,33.9588974410038],[-80.9400584704976,33.9591945271496],[-80.9401057163032,33.9592375715548],[-80.9401255963683,33.9592556830215],[-80.9404988578825,33.958739533334],[-80.9408686523256,33.9591577123321],[-80.9409152264181,33.9592103656534],[-80.9412298304966,33.9595658518496],[-80.9414398357923,33.9594445627276],[-80.9414529378849,33.9594370125673]],[[-80.937014573007,33.9569780923806],[-80.9365481385312,33.9568385409385],[-80.9360389116004,33.9575389189573],[-80.9365061547231,33.9576761985841],[-80.937014573007,33.9569780923806]],[[-80.9656723221939,33.953360077686],[-80.9653403103222,33.9538048058457],[-80.966297817737,33.9542999605226],[-80.9662635234425,33.9542930963762],[-80.9662618020198,33.9542927514534],[-80.9662090167757,33.9542821861387],[-80.9661528211621,33.9542736856952],[-80.9661479911336,33.9542729548911],[-80.965965871852,33.9542454046029],[-80.9659583584792,33.9542442681859],[-80.965935047982,33.9542407414976],[-80.9658659284115,33.9542300901166],[-80.9657961618849,33.954222944935],[-80.9657955581145,33.9542228978794],[-80.9657885249355,33.9542223774545],[-80.9657879514606,33.9542223358175],[-80.9657603596168,33.95422065282],[-80.9657074166719,33.9542188742037],[-80.9656544320075,33.9542191816904],[-80.9656491482979,33.9542192171972],[-80.9656447053507,33.9542192466248],[-80.9654681663868,33.9542217169805],[-80.9652900298958,33.9542305428127],[-80.9652568464741,33.9542329897871],[-80.965253833927,33.954233221585],[-80.9651645165667,33.9542408601874],[-80.9650202893768,33.9542564021563],[-80.9648769467232,33.9542768521064],[-80.9647760317099,33.9542976598657],[-80.9646761218354,33.9543216002847],[-80.9645962277637,33.9543437183695],[-80.9645173210772,33.9543681744144],[-80.9644069280637,33.9544064367363],[-80.964298846459,33.9544490359441],[-80.9642002749994,33.9544931030957],[-80.9639762403204,33.9541052637651],[-80.9637926239617,33.953801071493],[-80.9637746409022,33.9538097479352],[-80.9637718356484,33.9538111014888],[-80.9628293898652,33.9542658224946],[-80.9630994669225,33.9545630761816],[-80.9631279691194,33.9545944345123],[-80.9634247842251,33.9549904492001],[-80.9634735001312,33.9550642525217],[-80.9634746355652,33.955065995867],[-80.9634751210983,33.9550667417265],[-80.9634834097534,33.9550795034037],[-80.9636049240165,33.9549848728024],[-80.9636637439763,33.9549443706818],[-80.9636824042538,33.9549315222311],[-80.9636892903713,33.9549267803362],[-80.963778123624,33.9548732689161],[-80.9638705614328,33.9548241967126],[-80.9639671176676,33.9547798497101],[-80.964064704548,33.9547418004934],[-80.9641668997284,33.9547077999215],[-80.9642713781215,33.9546790189332],[-80.9643772037487,33.9546562892401],[-80.9644856024493,33.9546388559535],[-80.9644912229095,33.9546383300607],[-80.9644965988138,33.9546378266406],[-80.9648073536682,33.9546087438986],[-80.9649751869513,33.9545934749155],[-80.9654177028207,33.9545520860406],[-80.9659730804081,33.9545004209266],[-80.9660983094295,33.95449286821],[-80.9662243433571,33.9544925228377],[-80.9663503054326,33.9544960856216],[-80.966478276915,33.9545065702292],[-80.9666017773438,33.9545226360055],[-80.9667247689089,33.9545451830347],[-80.9668142569509,33.9545668219734],[-80.9671676889241,33.9541617601782],[-80.9686313391748,33.9549357852677],[-80.9687911625129,33.9550202529613],[-80.9689138295449,33.955085082655],[-80.9698524577991,33.9555811436696],[-80.9701730213966,33.9557480344163],[-80.9707352003871,33.9560370355892],[-80.9727035558357,33.9570494844479],[-80.9727134796044,33.9570362116225],[-80.9727144723057,33.9570348845203],[-80.9736736998981,33.9557519531678],[-80.9745773128931,33.9545439295361],[-80.973352300304,33.9539215102503],[-80.9701340615805,33.9522864451833],[-80.9701322473272,33.9522855240969],[-80.9700614752627,33.9522495656364],[-80.9700125226371,33.952241108361],[-80.9699462223659,33.9522309290993],[-80.9698839293471,33.9522225163303],[-80.9697919208114,33.9522121139629],[-80.9696995936117,33.9522039033701],[-80.9696070229112,33.9521978912359],[-80.9695142840714,33.9521940824549],[-80.9694219379316,33.9521923316457],[-80.9693295713596,33.9521929981653],[-80.9692372754468,33.9521960813564],[-80.9691451412151,33.9522015781783],[-80.9690505651406,33.9522092202055],[-80.9689563107754,33.9522192496646],[-80.9688624648781,33.9522316573238],[-80.9687691138313,33.9522464317623],[-80.968667589356,33.952265444931],[-80.9683074213953,33.9523558241223],[-80.9682886225312,33.9523605415899],[-80.9682717747494,33.9523647879577],[-80.9680412459816,33.9524228901806],[-80.9680389344064,33.9524179878709],[-80.9680385862646,33.9524172492779],[-80.9680033147794,33.9523424313331],[-80.967976233763,33.9523506957602],[-80.9679732502518,33.9523516057204],[-80.9678232532488,33.9523973766393],[-80.9677678152751,33.9524142937156],[-80.9668507529564,33.952694127755],[-80.9653104814994,33.9531650410304],[-80.965311018078,33.9531653297287],[-80.9653123032696,33.953166022604],[-80.9656723221939,33.953360077686]],[[-80.9636551961275,33.9557893406518],[-80.9633485914959,33.9557327076261],[-80.9631006726086,33.956368194513],[-80.9637022828338,33.956546626183],[-80.9637057656417,33.9565476587614],[-80.9637105338099,33.9565490731401],[-80.9637254159021,33.9564225871326],[-80.9637326577938,33.9562956379813],[-80.9637322643181,33.9562157987861],[-80.9637280990898,33.9561360343986],[-80.9637201685781,33.9560564685036],[-80.9637084850905,33.9559772244773],[-80.9636849336578,33.9558826733738],[-80.9636551961275,33.9557893406518]],[[-80.9597868724499,33.955403248811],[-80.9591649426618,33.9541779135305],[-80.9595153336127,33.9540587407898],[-80.9595169850963,33.9540581786599],[-80.9595466003253,33.9540481062701],[-80.9583610680886,33.9537193370327],[-80.9579957860879,33.9540462309272],[-80.9579534139702,33.9540082292005],[-80.9575065954856,33.9544127530907],[-80.9575379812587,33.9544401236161],[-80.957287105238,33.954655964355],[-80.9576180827265,33.954753051719],[-80.9596989182422,33.9553685025161],[-80.9597868724499,33.955403248811]],[[-80.9649650684545,33.9572776090228],[-80.9646665613933,33.9579860654671],[-80.9660842191746,33.9584046356462],[-80.9666154385694,33.958561332316],[-80.9664834083087,33.9586681910578],[-80.9665545154008,33.9586982715279],[-80.9668592986005,33.9588277760638],[-80.9668885845644,33.9588402193955],[-80.9669060492594,33.958847618095],[-80.9671678642443,33.9589585333255],[-80.9674471435558,33.9590769890932],[-80.9677264246638,33.9591955876011],[-80.9681022352153,33.9593550073906],[-80.9681085040936,33.9593458764652],[-80.9681093009663,33.959344716167],[-80.9683610640653,33.958978039097],[-80.9687568399872,33.9584006938939],[-80.9687574408771,33.9583998175811],[-80.968766264757,33.9583869451589],[-80.9683084215699,33.9582505532667],[-80.9673517192998,33.9579656959114],[-80.966799837997,33.9578043665498],[-80.9664104210734,33.9576907126827],[-80.9663707708494,33.9576791401836],[-80.9649686666581,33.957269066315],[-80.9649654627196,33.9572766713533],[-80.9649650684545,33.9572776090228]],[[-80.9690108711962,33.9637533221707],[-80.9689684784527,33.9638148885026],[-80.9688464386655,33.9639919295648],[-80.9686477382612,33.9642798904197],[-80.9686247058567,33.9643132379732],[-80.9684969974661,33.9644985242815],[-80.9684950766436,33.9645013127847],[-80.9684932099604,33.9645040192459],[-80.9684423320451,33.9645775831962],[-80.9683417755999,33.964723137851],[-80.9682092496799,33.9649157796711],[-80.9681317273089,33.965028272516],[-80.9680722493208,33.9651143868072],[-80.9680713581946,33.9651156778273],[-80.968069846637,33.9651178667913],[-80.9682017970327,33.9651783991534],[-80.9682795570611,33.9652140717961],[-80.9684059710753,33.9652720642084],[-80.9684306181796,33.9655228632155],[-80.9684696260325,33.9656561188866],[-80.968590657812,33.9658924842779],[-80.9684569071192,33.9660336798155],[-80.9684074126587,33.9660859285451],[-80.9683693225504,33.9661261387238],[-80.9683712463702,33.9661270851085],[-80.9683737458211,33.9661283147769],[-80.9685000385197,33.9661904449972],[-80.9689993422415,33.9659731783593],[-80.9691068184977,33.9659306219043],[-80.9691175443094,33.9659485496751],[-80.9691444155404,33.9659816617558],[-80.9691757828823,33.9660100734303],[-80.9691966721566,33.9660237846166],[-80.969160791369,33.966057566393],[-80.9691158259092,33.9661020347709],[-80.969037846165,33.966174607517],[-80.9688437926031,33.9663552039525],[-80.9688412875215,33.9663575351459],[-80.9688410255375,33.9663577803453],[-80.9688432501704,33.9663588710718],[-80.9688449781561,33.9663597182118],[-80.96884734778,33.966360879308],[-80.9689681348362,33.9664200816152],[-80.9691026312539,33.9664861050505],[-80.969330056545,33.9665976732893],[-80.9693401918666,33.9666026856968],[-80.9694578546718,33.9666604503267],[-80.969559915861,33.9667105672192],[-80.9698013990337,33.9668289585718],[-80.9698153127615,33.9668361188318],[-80.9699557854085,33.9669083429477],[-80.9702094949941,33.9670345155134],[-80.9702120702324,33.9670358046757],[-80.9704357193441,33.9671472265921],[-80.9704362355638,33.9671472267152],[-80.9706521540887,33.9672547807644],[-80.9706628035717,33.9672599365565],[-80.9708646377204,33.9673604724985],[-80.970889373255,33.9673726459811],[-80.9710771230039,33.9674660213958],[-80.9711159446136,33.9674853549888],[-80.9712896098426,33.9675717132984],[-80.9713425154828,33.9675980644809],[-80.9715019240468,33.9676774038927],[-80.9715620450302,33.9677070487813],[-80.9717650834462,33.9678081570097],[-80.9719929032887,33.9675432033233],[-80.9719995127824,33.9675355159347],[-80.9721415094759,33.9676060562166],[-80.9722164879518,33.9674832213633],[-80.9724502754945,33.9675992216892],[-80.9726968778701,33.9673958648737],[-80.9727965496736,33.9673137211543],[-80.9729499565004,33.9673568555411],[-80.9732059214858,33.967428198487],[-80.9729180234615,33.967831221948],[-80.9730582100474,33.9679007788177],[-80.9729742210223,33.9680190008596],[-80.9729775472877,33.9680206508117],[-80.9727796654968,33.968304394561],[-80.9727763469379,33.9683091539586],[-80.9728210091907,33.9683314945958],[-80.9730170084753,33.9684290203297],[-80.973033327103,33.9684373259203],[-80.9732554372078,33.9685480264192],[-80.9734713638488,33.9686555755229],[-80.9735857684686,33.9687124292905],[-80.9738362239529,33.9688373060436],[-80.9738389724151,33.9688387376365],[-80.9740440775464,33.9689408443396],[-80.9740909738638,33.9689643301545],[-80.9742263369288,33.9690322102011],[-80.9742910985286,33.9690647176485],[-80.9745662912198,33.9692029108807],[-80.9747222688822,33.9692809568738],[-80.9748207000488,33.9693305059963],[-80.9748693140695,33.9693548502907],[-80.9748762519045,33.9693453206262],[-80.9750242597738,33.9691420041878],[-80.9751368505225,33.9689873403268],[-80.9751350084931,33.9689837610721],[-80.9751163611922,33.9689421801433],[-80.9751021900057,33.9688993905351],[-80.9750989101479,33.9688867010185],[-80.9750909583789,33.968813693401],[-80.9750860647171,33.9687492778857],[-80.9750804821794,33.9684475241159],[-80.9750781650663,33.9684177528011],[-80.9750727678271,33.9683882594953],[-80.9752325507865,33.968353143758],[-80.975355902165,33.9683676254397],[-80.9756224970104,33.9683988565392],[-80.9756288589535,33.9685383874538],[-80.9756392663538,33.9687964353701],[-80.9756416551015,33.9688529784455],[-80.9756426126616,33.9688767296658],[-80.9756445944051,33.9689259201197],[-80.9756551329579,33.9691874188776],[-80.9755730030883,33.9693066790692],[-80.9755451465892,33.969293182202],[-80.9753828122823,33.9692145624954],[-80.9753460188408,33.9691953683503],[-80.9753108359905,33.9691741813571],[-80.9751920798032,33.9693361272437],[-80.975096754492,33.9694661211311],[-80.9752705990332,33.9695513277851],[-80.9753286624241,33.9695795394102],[-80.9754677481597,33.9696476235195],[-80.975583761498,33.9697044135297],[-80.9757062427587,33.9697642732147],[-80.9757139732952,33.9697681394552],[-80.9760384735493,33.9699305301],[-80.9766027871504,33.9702130658285],[-80.9768058372402,33.9703147383266],[-80.9768957127083,33.9702416066355],[-80.9771029596158,33.9700728757314],[-80.9772540191121,33.9699498842136],[-80.977310548862,33.969903857793],[-80.9775183094088,33.969734697061],[-80.9778632657509,33.9694537701969],[-80.9779142374191,33.9694122591665],[-80.9780322932049,33.969316229129],[-80.9778633779583,33.9690173058167],[-80.9778365223714,33.9689697800222],[-80.9776187718893,33.968585249214],[-80.9775779988987,33.9685130843331],[-80.9775431967881,33.9685235117204],[-80.9771005127749,33.9686561435181],[-80.9768486258405,33.9687316780664],[-80.9766010326468,33.9688077854977],[-80.976597534103,33.9688025287719],[-80.976394091367,33.9684968800637],[-80.9763196086152,33.9683743018701],[-80.9763547799706,33.9683595178344],[-80.9765019930811,33.9682972917671],[-80.9766959844967,33.968215161864],[-80.9766981202458,33.9681991902335],[-80.9767024878483,33.968183537219],[-80.9767090271059,33.9681684185601],[-80.9767176478895,33.9681540426311],[-80.9767296474172,33.9681389014126],[-80.9767439526776,33.9681252210857],[-80.976760310562,33.9681132437011],[-80.9767784316443,33.9681031811783],[-80.9767979953021,33.9680952115568],[-80.9768186553891,33.9680894758455],[-80.97684004636,33.9680860755281],[-80.9768617897379,33.9680850707676],[-80.9768828713039,33.968086347011],[-80.9769045885618,33.9680900913489],[-80.9770223751428,33.9677309107853],[-80.9768950862638,33.967667663749],[-80.9766776115158,33.96755940433],[-80.9765826297638,33.9675120502686],[-80.9765133907653,33.9674775296386],[-80.9763576235314,33.9673997924834],[-80.9763340526598,33.9673880287883],[-80.9760497571005,33.9672459729274],[-80.9760427139071,33.9672423935819],[-80.9759502032551,33.9671961576299],[-80.9758489863666,33.9671455700641],[-80.9756043360949,33.9670232935849],[-80.9755747891344,33.9670086872804],[-80.975494912122,33.9669686851916],[-80.9752710860196,33.9668569865162],[-80.9750739668359,33.966758593028],[-80.9750544843392,33.9667488677744],[-80.975021493411,33.9667323995146],[-80.9750150789495,33.9667292359252],[-80.9750103438477,33.9667269013455],[-80.9747043427818,33.9665759940278],[-80.974692196684,33.9665700041946],[-80.9746570363153,33.9665526481116],[-80.9746399776878,33.9665442271605],[-80.9744594409646,33.9664552968204],[-80.9743875470978,33.9664198916733],[-80.9742868263164,33.9663702884942],[-80.9742813922471,33.966367612895],[-80.9742521075762,33.9663531902762],[-80.9741929334156,33.9663239851096],[-80.9741055816209,33.9662808705647],[-80.9740562834302,33.9662565258086],[-80.9740490791583,33.9662529228707],[-80.9740476930558,33.9662522291655],[-80.9740467944382,33.9662534994873],[-80.973984904553,33.9663409001166],[-80.9738486400436,33.9665333342932],[-80.9737630337805,33.9666501796572],[-80.9736757097487,33.9666079124267],[-80.9735564730981,33.9665492163889],[-80.9736440555295,33.9664328026017],[-80.9738432810485,33.9661516978316],[-80.973839402992,33.9661497844862],[-80.973836740074,33.9661484719361],[-80.973677175071,33.9660697828888],[-80.9736388685241,33.9660508794141],[-80.9734344575605,33.9659500606575],[-80.9732379254003,33.9658531440604],[-80.9732076932139,33.9658382502959],[-80.9730675977739,33.9657644329963],[-80.9727764427751,33.9656201065929],[-80.9726459529986,33.9655552512173],[-80.9725554291614,33.9655105695032],[-80.9723286900811,33.9653980064024],[-80.9721756407001,33.9653221040484],[-80.9720748122143,33.9652721239231],[-80.971932100896,33.9652014273646],[-80.9716917623778,33.9650823676963],[-80.9716231297867,33.9651636637593],[-80.9711527331989,33.9652000050919],[-80.9709928438748,33.9651970615894],[-80.9710861145328,33.9650830395296],[-80.9712667451527,33.9648715104534],[-80.9712505647185,33.964863477873],[-80.9712480349705,33.9648622221056],[-80.9709453648977,33.964711970773],[-80.9708089797858,33.964644373573],[-80.9704970480955,33.9644898439475],[-80.9703552466803,33.9646913604999],[-80.9703092104497,33.9647567830206],[-80.9701636772253,33.964688318181],[-80.9700811037027,33.9648072483469],[-80.9700648681536,33.9647993472482],[-80.9700623730339,33.9647981518794],[-80.9700081876584,33.9647734528724],[-80.9699528414697,33.9647506106551],[-80.9699328463348,33.9647429241369],[-80.9698762078016,33.9647226995395],[-80.9698186312741,33.9647044059779],[-80.9696904815814,33.9646733116994],[-80.9696328912191,33.9646594004486],[-80.9696847621874,33.9645288797011],[-80.9698197156447,33.96416091636],[-80.9698082480325,33.9641755113643],[-80.9698014921862,33.9641841111383],[-80.9697289663645,33.9642764133083],[-80.9695185540576,33.9641685730799],[-80.9695251477267,33.964150451216],[-80.9695257055955,33.9641489139362],[-80.9695680796284,33.9640324521648],[-80.9695630992421,33.9640299054133],[-80.9695600707607,33.9640283564326],[-80.9693989554883,33.9639459545242],[-80.9693552617051,33.9639236083599],[-80.9693313866806,33.963911292303],[-80.9690716766942,33.963783397682],[-80.9690108711962,33.9637533221707]],[[-80.9726067614361,33.9678367649381],[-80.9724958839342,33.9677817766744],[-80.9724943453825,33.9677839783088],[-80.9722975573456,33.9680656557316],[-80.9722950270013,33.9680692773348],[-80.9723962039849,33.9681196874382],[-80.9725356871527,33.9681892871172],[-80.9727206557915,33.9679242288467],[-80.9727367158182,33.9679012135279],[-80.9726067614361,33.9678367649381]],[[-80.9680428836855,33.9654008138961],[-80.9679493158094,33.9652926972097],[-80.967940031978,33.9653062935062],[-80.967935840525,33.9653123690497],[-80.967934543351,33.9653142487808],[-80.9676633959342,33.9657071609293],[-80.9676258987947,33.9657614954297],[-80.967630536261,33.9657637869843],[-80.9676335485624,33.965765264772],[-80.9678512590313,33.9658720631604],[-80.96807747896,33.9659830599139],[-80.9681613986422,33.9660242202139],[-80.9681644488322,33.9660257169342],[-80.9681680010759,33.9660274590486],[-80.9682775657381,33.9657606917649],[-80.968259013625,33.9657574426648],[-80.9682563754367,33.96575683063],[-80.9682557315823,33.965756675371],[-80.9682214290524,33.9657449548003],[-80.96819098542,33.9657273244561],[-80.9681658447053,33.9657046205927],[-80.968147199394,33.9656779201141],[-80.9681397010358,33.9656614241153],[-80.9681347105222,33.9656442817112],[-80.9681323045842,33.9656267564778],[-80.9681325202129,33.9656091178772],[-80.9681353540916,33.9655916371145],[-80.9681407626457,33.9655745829677],[-80.9681486627139,33.9655582176551],[-80.9681589328263,33.9655427928038],[-80.9681047236958,33.9654829792429],[-80.9680561273808,33.965416116629],[-80.9680518826477,33.9654112120343],[-80.9680428836855,33.9654008138961]],[[-80.9770678958152,33.9433812498048],[-80.9752512377245,33.9415283754242],[-80.9739741234157,33.94239752119],[-80.9748612662177,33.9432731157911],[-80.9757763879112,33.944235526463],[-80.9770678958152,33.9433812498048]],[[-80.9306612937147,33.9498746438575],[-80.9296099578943,33.9488305147932],[-80.929440095708,33.9490210605108],[-80.9292496028059,33.9492347493397],[-80.928944356253,33.9495771613034],[-80.929818459328,33.9504670846077],[-80.9301981142945,33.9502006160575],[-80.9304349470077,33.9500339825285],[-80.9306536363537,33.9498800345314],[-80.9306612937147,33.9498746438575]],[[-80.9219080147156,33.9495212329139],[-80.92121631957,33.9494175193685],[-80.920478292619,33.9504249131818],[-80.9198153913072,33.95007535074],[-80.918850654503,33.9513425646651],[-80.919207399412,33.9515240574054],[-80.9195464868064,33.9516966269205],[-80.919682378018,33.9517657989048],[-80.9201055306061,33.9519811904799],[-80.9208820956598,33.9509213873858],[-80.9219080147156,33.9495212329139]]]},"properties":{"LABEL":"DISTRICT 3"}},{"type":"Feature","geometry":{"type":"Polygon","coordinates":[[[-81.0091815605914,34.0694686264937],[-81.0087090639058,34.069532931748],[-81.0087852965635,34.0698631559438],[-81.0060126640349,34.0720960153935],[-81.0052110794879,34.0712646118097],[-81.0049291422872,34.0714527832823],[-81.0042077162647,34.0719342706469],[-81.0044385694509,34.0721557929799],[-81.0050247048398,34.0727182314906],[-81.0051476742413,34.0728359665953],[-81.0052199513353,34.0729051669498],[-81.0052184669604,34.0729066827435],[-81.0051986229195,34.0729269254872],[-81.0053583283568,34.073040795116],[-81.0057364861741,34.0733104187877],[-81.0066390353088,34.0739537975909],[-81.0063635811956,34.0740005823623],[-81.0056179940066,34.07410313338],[-81.0048716973436,34.0742020508892],[-81.0042636219385,34.0742812311886],[-81.0041217098488,34.0742997015655],[-81.0036761886074,34.0743624114414],[-81.0035955129012,34.0743738651894],[-81.0030880596536,34.0742640889024],[-81.0030044992387,34.0742489617076],[-81.0029198996175,34.0742385780182],[-81.0028582055368,34.074234042588],[-81.0027963183257,34.0742320319314],[-81.002743147184,34.0742324752235],[-81.0026900456731,34.074234781883],[-81.002637108053,34.0742389478154],[-81.0025844282927,34.0742449656256],[-81.0025320999038,34.0742528246316],[-81.002480215774,34.0742625108828],[-81.0024288680026,34.0742740071853],[-81.0023781477367,34.074287293132],[-81.0023011922356,34.0743115991273],[-81.0022262568443,34.0743399408919],[-81.0021536468419,34.074372202965],[-81.0020836580355,34.0744082539148],[-81.0020142640109,34.0744467676791],[-81.0019466563625,34.0744874221091],[-81.0018809304051,34.0745301598905],[-81.0018171788011,34.0745749207722],[-81.0017554914299,34.0746216416509],[-81.0016959552612,34.0746702566596],[-81.0016386542323,34.0747206972615],[-81.0015836691298,34.0747728923455],[-81.0012599360498,34.0750981153668],[-81.0012262598918,34.0751282003826],[-81.0011682992562,34.075171733923],[-81.001105120975,34.0752099111989],[-81.001039066261,34.075244409287],[-81.0009256418676,34.0752988642054],[-81.0008092969368,34.0753488710548],[-81.0007581606524,34.0753690880277],[-81.0006256332158,34.0754165662537],[-81.0004903274813,34.0754582667918],[-81.0003514901543,34.0754943006834],[-81.0002106262666,34.075524399766],[-80.999964982833,34.0755683443939],[-80.9998399250399,34.0755912470601],[-80.9997080979909,34.0756210880401],[-80.9996584425848,34.0756323283016],[-80.9995461147001,34.0756360500919],[-80.9992825815312,34.0756957394029],[-80.9990033915994,34.0758168353865],[-80.9987572279816,34.075989463189],[-80.9986189541776,34.0761219821549],[-80.9982046330173,34.0759476679066],[-80.9976836493981,34.0757333850019],[-80.9975357030684,34.0760256782098],[-80.9980563445934,34.0762398183441],[-80.9984131251204,34.076387252266],[-80.9981749236167,34.0767413815369],[-80.9979695231333,34.0770461283688],[-80.9979159816616,34.0771588577248],[-80.9978589073039,34.0772790186661],[-80.9978411155325,34.0773228996724],[-80.9975648538983,34.0772104573726],[-80.9961961052155,34.076659902966],[-80.9959480544083,34.0765602681251],[-80.9957349671339,34.0769273732469],[-80.9957191039902,34.0769547009182],[-80.9956982872457,34.0769907720386],[-80.9962179571793,34.0771999199531],[-80.9961724024962,34.0772454878239],[-80.9960305105865,34.0773874209279],[-80.9959769859098,34.0774992017684],[-80.9960688883991,34.0775376696123],[-80.9960967410039,34.0775493274503],[-80.9952100678132,34.0776431021211],[-80.9927771460958,34.0779003753068],[-80.9927520180708,34.0779268779142],[-80.9927511387378,34.0779330543916],[-80.9927421491483,34.0779962131558],[-80.9925869462663,34.0790866054841],[-80.9925402989188,34.0794149711821],[-80.9923623126136,34.0806641612009],[-80.9922659152498,34.0813407875052],[-80.9921684828649,34.0820258595924],[-80.9926113149128,34.0817859807029],[-80.9932339240426,34.0814480576222],[-80.9936056983843,34.0812466766922],[-80.9941665379802,34.0809564122198],[-80.9944543522074,34.0808208691972],[-80.9950418487871,34.080577695892],[-80.9953475492029,34.0804825180143],[-80.9959845797766,34.0803552876108],[-80.9963086834617,34.0803248081771],[-80.9966444836928,34.0803245309681],[-80.9965960970342,34.0805085350746],[-80.9965704290985,34.0806061432863],[-80.9965279575104,34.0807699471261],[-80.9964632077251,34.0810196806289],[-80.9963369455382,34.0815066430475],[-80.9961889691139,34.082077222984],[-80.9961277203963,34.082313385111],[-80.9960833261329,34.0825167887216],[-80.9960547614098,34.0826622200787],[-80.99602382581,34.0828409088834],[-80.9959971831631,34.083020075889],[-80.9959916067718,34.0830617270922],[-80.9959699561916,34.0832494981941],[-80.9959532257094,34.0834376170909],[-80.9959438281707,34.0835946302049],[-80.9958974418951,34.0843696121745],[-80.9958840953389,34.0845751175181],[-80.9958669713484,34.084780428889],[-80.9958446279025,34.0850019427654],[-80.995818434641,34.0852231644527],[-80.9957953757389,34.0853942741787],[-80.9957697311646,34.0855651289644],[-80.9957553460457,34.0855636190596],[-80.9948694560364,34.085470621408],[-80.9939109599226,34.0853701714218],[-80.993093804264,34.0852845275792],[-80.9926271191467,34.0852356125054],[-80.991885294832,34.0851579838081],[-80.9918805468359,34.0851609085514],[-80.9904670851474,34.0860314776395],[-80.9896165107595,34.0860939626603],[-80.9894475657762,34.0861713189557],[-80.988859488337,34.0864405861506],[-80.9880125874545,34.0872608537166],[-80.98739226355,34.0878617127843],[-80.9873848865606,34.0878688578529],[-80.9873918208181,34.087872961203],[-80.9880304222788,34.088250851011],[-80.9884934496406,34.0885248405741],[-80.988913885213,34.0887736433718],[-80.9893813114281,34.0890502502582],[-80.9903341047131,34.0896140665456],[-80.990869675439,34.0899309844506],[-80.9907759239939,34.0907812309148],[-80.9906973725811,34.0914950694606],[-80.9906491668772,34.0919331116314],[-80.9906119027284,34.0922716776901],[-80.9906039321608,34.0923440990658],[-80.9905111028686,34.0931874938451],[-80.990489402768,34.0933843115851],[-80.9906654684217,34.0934883850069],[-80.9910798590824,34.0937333348982],[-80.9911880985363,34.0937974240412],[-80.9912164624475,34.0938142198193],[-80.9912309177033,34.0937890279323],[-80.9914035269811,34.0934884382745],[-80.9914462484934,34.0934140418874],[-80.9918595553349,34.0926942835901],[-80.991898546087,34.0926263815811],[-80.9920458388709,34.0923698534397],[-80.992076149974,34.0923170629572],[-80.9921021500914,34.0922717813775],[-80.992257960528,34.0920004190706],[-80.992531268396,34.0915244103813],[-80.9928146170185,34.0910308774628],[-80.9928242337207,34.0910141275164],[-80.9928695228352,34.0910392274749],[-80.9934914158182,34.0913838988763],[-80.9942277664101,34.0917917459647],[-80.9939865421309,34.0924059575835],[-80.9939283284461,34.0925541818014],[-80.9938961532836,34.0926359850705],[-80.993884485138,34.0926656506437],[-80.9937862150538,34.092915500159],[-80.9937396060814,34.0930339243526],[-80.9936753514621,34.0931971727982],[-80.9936186673571,34.0933411923855],[-80.993607961627,34.0933683909823],[-80.9934948128216,34.0936560089764],[-80.9934620883189,34.0937391916468],[-80.993401341824,34.0938912051831],[-80.9932590239856,34.0942463309578],[-80.9931963818989,34.0944027814295],[-80.9932124830804,34.0944177682108],[-80.9932471368912,34.0944500213439],[-80.993085188691,34.0948538544719],[-80.9930746994538,34.0948800088789],[-80.9929404236427,34.0952122166714],[-80.9929124160048,34.0952815108732],[-80.9928774410783,34.0953681087798],[-80.9927484095165,34.0956875939359],[-80.992394784652,34.0965633215042],[-80.9920805284912,34.0973417052071],[-80.9920565209195,34.0974010331815],[-80.9920025669114,34.0975343680476],[-80.9918719053873,34.0978520278918],[-80.9917831344873,34.0980678413365],[-80.9917452500129,34.0981558456326],[-80.9917043126869,34.0982428986347],[-80.9916538824157,34.0983433169277],[-80.9915998502177,34.098442430183],[-80.9915441019199,34.0985374828502],[-80.9914852356522,34.0986312255629],[-80.9914738090692,34.0986238697948],[-80.9909811553748,34.0983066987433],[-80.9908937285821,34.0982504123481],[-80.9907636122527,34.0981666422914],[-80.9897419527531,34.0975088792263],[-80.9897095304185,34.0974880045044],[-80.9895948298707,34.0974141574464],[-80.98901439831,34.0970404548214],[-80.9888556612369,34.0969382535092],[-80.9886036614358,34.0967760034308],[-80.9884129718177,34.0966532286262],[-80.9877848569511,34.0962488126696],[-80.9869941041381,34.0957396709704],[-80.986988901948,34.0957452256661],[-80.9860237729364,34.0967757399697],[-80.9858718539891,34.096937950002],[-80.9852834210683,34.0975662277134],[-80.9827114161663,34.1003122565164],[-80.9820975018841,34.100967675287],[-80.9827685931694,34.1013706971499],[-80.9826782215773,34.1014860974201],[-80.9825657207037,34.1018947162052],[-80.9824921669103,34.1021618708713],[-80.9823376763131,34.102722994821],[-80.9822438840926,34.1030636465528],[-80.981910836244,34.1042732612668],[-80.9814117296433,34.1060859312243],[-80.9812198475046,34.1061445897301],[-80.980769532674,34.1062827738652],[-80.9807596732604,34.1062857992637],[-80.9805676698608,34.1063446731423],[-80.9804979199537,34.1063660607781],[-80.9794128697844,34.1066989745804],[-80.9792094538417,34.1067653581232],[-80.979005864148,34.1068317413024],[-80.9789874501574,34.1068378939278],[-80.978991299699,34.1068321166425],[-80.9790568958107,34.1067336665598],[-80.9790617462213,34.1067263872496],[-80.9793332540527,34.1063188934023],[-80.9794081586313,34.1062064704988],[-80.9796440530426,34.1058524240441],[-80.9803228348979,34.1048336369929],[-80.9792523513968,34.1037060620031],[-80.9792435409076,34.1037114579657],[-80.9772485225958,34.1049332657034],[-80.9761609019931,34.1058658255891],[-80.976155544827,34.1058587175531],[-80.9747053120743,34.1039346690005],[-80.974512336537,34.1036786373577],[-80.974542451763,34.1029864418951],[-80.974649586385,34.1005239177088],[-80.9727007688973,34.0998614762043],[-80.9714951531299,34.0996692527483],[-80.9710056576982,34.0995597795283],[-80.9707494544243,34.0995126347766],[-80.9704733882845,34.0994618338846],[-80.9698555363026,34.0993457415034],[-80.969541049314,34.0992010916321],[-80.9691933250857,34.0991380237167],[-80.9687939032146,34.0989561025536],[-80.9687576489071,34.0986745635448],[-80.9688555728565,34.097893721681],[-80.9688686004109,34.0978113801175],[-80.9688869461061,34.0977300380402],[-80.9689104603546,34.0976496954093],[-80.9668570547398,34.0976879276876],[-80.967641593081,34.0974602083678],[-80.9681355622496,34.0975241766546],[-80.9684950087539,34.0951588560818],[-80.9689203402748,34.0946770060746],[-80.9696809084898,34.0952940630287],[-80.9697417031902,34.0953518835602],[-80.9702992665798,34.0954916015555],[-80.9702483174596,34.0957612579425],[-80.9710931527937,34.0960803512859],[-80.9717391685615,34.0960277751918],[-80.9718160078962,34.0960965438174],[-80.9719137269558,34.096183998989],[-80.9720454931349,34.0962613485242],[-80.9726568756601,34.0966202389187],[-80.9726699628917,34.0966279213916],[-80.9732147275604,34.0960181142184],[-80.9721851550615,34.0953781741714],[-80.9719813016522,34.0953121489367],[-80.9721132755924,34.0949588757229],[-80.9713046049319,34.0944841957747],[-80.9707809674849,34.0941767491229],[-80.9702294669202,34.093852974976],[-80.9696186299686,34.0934944421594],[-80.9694162302308,34.0933756413661],[-80.9692584644111,34.0934055534963],[-80.9690077184603,34.0934530944334],[-80.9689938354918,34.0934031866416],[-80.9689918633454,34.0933960962471],[-80.9688659960838,34.0934199854078],[-80.9688631552301,34.0934204959477],[-80.9685861279841,34.0934731022896],[-80.968349535947,34.0935179882277],[-80.968408299546,34.0937322862929],[-80.9668770648738,34.0940226076583],[-80.9660075994375,34.094187271811],[-80.9658393084348,34.0942219748618],[-80.9656727480871,34.0942620425178],[-80.965573959968,34.0942887544939],[-80.9654759495548,34.0943173808009],[-80.9653787704353,34.0943479057875],[-80.9652824757427,34.0943803127642],[-80.9651875273449,34.0944144258527],[-80.9650935878353,34.0944504203585],[-80.964894209874,34.0941288651845],[-80.9646616751842,34.0941790101406],[-80.9643864251777,34.0942383665965],[-80.9640649604426,34.0943096724753],[-80.9637449360155,34.0943853305058],[-80.9636381520922,34.0944156036891],[-80.9635322524072,34.0944479554277],[-80.9634272954064,34.0944823678671],[-80.9633233390153,34.0945188220155],[-80.9632706817682,34.0945382096826],[-80.963276512619,34.0945713729866],[-80.9632861914049,34.0946039075627],[-80.9632996264263,34.0946355051542],[-80.9633166903936,34.0946658663814],[-80.9633372216334,34.094694703579],[-80.9633610256202,34.0947217435209],[-80.9633878768193,34.0947467300096],[-80.9634175208237,34.0947694263031],[-80.9638708478523,34.095170013391],[-80.9638325499942,34.0952023896396],[-80.9637577130829,34.0952680182267],[-80.9636849133014,34.0953352140147],[-80.963614198056,34.0954039332509],[-80.9635456133961,34.0954741311905],[-80.9632080511739,34.0958340331086],[-80.9631846845304,34.0958616574086],[-80.963164087305,34.095890767009],[-80.9631463951497,34.0959211701996],[-80.963131724585,34.0959526667508],[-80.9631201722318,34.0959850492318],[-80.9631118141756,34.0960181043772],[-80.9631067054648,34.0960516144914],[-80.9631048797484,34.0960853588819],[-80.9626094427348,34.096538202198],[-80.9619402228147,34.0960577074061],[-80.9618426450526,34.0959876468192],[-80.9615916779447,34.0958175868712],[-80.9615431788225,34.0957847228202],[-80.9614920924569,34.0957497804808],[-80.9613527796658,34.0959071116605],[-80.9612918855311,34.0959758817452],[-80.9612675852965,34.0960033834766],[-80.9612672317836,34.0960037828099],[-80.9612204443805,34.0960567346036],[-80.9612078963708,34.0960719095392],[-80.9611541733586,34.0961368776115],[-80.9611420450035,34.0961515441248],[-80.9610780186266,34.0962289728387],[-80.961003210609,34.0963194391069],[-80.9609842458752,34.0963423700443],[-80.9609467425729,34.0963876964471],[-80.9608897094587,34.0964566199226],[-80.9608675390473,34.09648341172],[-80.9608413366478,34.0965150776165],[-80.9608274296967,34.0965318832193],[-80.9608035024407,34.0965607979029],[-80.960784318547,34.0965839821106],[-80.9607699138112,34.0966013898705],[-80.9607145320609,34.0966682543499],[-80.9606604689188,34.0967335250538],[-80.9605914358941,34.0968168687305],[-80.9605129506136,34.0969116255095],[-80.9604653787306,34.0969690598993],[-80.9604394460793,34.097000368728],[-80.9603856764076,34.0970652859417],[-80.9603415692103,34.0971185357967],[-80.9603338391667,34.0971278684018],[-80.9603163088342,34.0971490360076],[-80.960289674424,34.0971811975667],[-80.9601591850483,34.0973387618946],[-80.9598078892788,34.0971215012173],[-80.9597595754685,34.0971534212109],[-80.9597249246369,34.0971763144081],[-80.959713924657,34.0971830409665],[-80.9596988536189,34.0971922575397],[-80.9596395614508,34.0972285164054],[-80.9595475719435,34.0972796531073],[-80.9594531711332,34.0973276520155],[-80.9593380587678,34.0973801290203],[-80.9592199614208,34.0974277953874],[-80.9590991696372,34.0974705348877],[-80.9589797703446,34.0975067790417],[-80.9588584147155,34.0975382065706],[-80.9587353835238,34.0975647445263],[-80.958622695663,34.0975843275566],[-80.9585091035851,34.0975998814856],[-80.9583212000644,34.0976211468765],[-80.9579468955874,34.0971549911565],[-80.9578363306683,34.0966588251184],[-80.9578735493413,34.0962003559858],[-80.9589735182465,34.0952702758229],[-80.959342939192,34.0949579070301],[-80.9596250227142,34.0947193814901],[-80.9597734877797,34.0945938456448],[-80.9605940311392,34.0939000143103],[-80.9606282735118,34.0938710596339],[-80.9607412292041,34.0938608964926],[-80.960874753298,34.0938488831715],[-80.9608770245579,34.0938736241535],[-80.9608831513594,34.0939403602417],[-80.9609102016751,34.0942350969241],[-80.9610375272721,34.0942269776328],[-80.9610454031358,34.0942969368548],[-80.9610569067261,34.0943665473608],[-80.9610720937902,34.0944371788173],[-80.9610905661987,34.0945072657839],[-80.9611058574123,34.0945562245156],[-80.9611380956152,34.0946453547283],[-80.9611761482597,34.094732883563],[-80.9612276898473,34.0948334656883],[-80.9612610490563,34.0948887066194],[-80.9612866928548,34.0949311692515],[-80.9613313941716,34.0949966234034],[-80.9613795158092,34.0950603780354],[-80.9614309635352,34.095122307781],[-80.9614791161578,34.0951752846176],[-80.9614945865337,34.0951613440527],[-80.9615016646518,34.0951549659688],[-80.961454715908,34.0951025611785],[-80.9613944224739,34.0950288628669],[-80.9613388165075,34.0949526562563],[-80.9613021929964,34.0948968201242],[-80.9612535615534,34.0948148588908],[-80.9612105607517,34.0947307474161],[-80.9611854426927,34.0946751176931],[-80.9611626170103,34.0946188084256],[-80.9611421101939,34.0945618849723],[-80.9611239460414,34.0945044134046],[-80.9611072297364,34.0944425703723],[-80.9610932281006,34.0943802624562],[-80.9610894683449,34.0943610437983],[-80.9610808472429,34.0943115885234],[-80.9610738166226,34.0942586235098],[-80.9610676502589,34.0941975003756],[-80.9610291247673,34.0941998768429],[-80.9609406694937,34.0942053330724],[-80.9609399382781,34.0941973755267],[-80.960908482048,34.0938551992309],[-80.9608841708042,34.0935910997257],[-80.9608829715322,34.0935780691847],[-80.960856435129,34.0932883423307],[-80.9608292132965,34.0929928895676],[-80.9608251141224,34.0929481785133],[-80.9608099911022,34.0927832385843],[-80.9608026760409,34.0927034484846],[-80.9607783665596,34.0924369116311],[-80.9607662117451,34.0923039290271],[-80.9607524478033,34.092156106069],[-80.9607439534853,34.0920648750703],[-80.960735052982,34.0919636713656],[-80.9607158696079,34.0917744325372],[-80.9607147695696,34.0917649248808],[-80.9606937620263,34.0915833308018],[-80.9606868176177,34.0915300790172],[-80.9606685591496,34.0913900820744],[-80.9606526093674,34.0912781398125],[-80.9606285939089,34.0911216790644],[-80.960611437263,34.0910160346385],[-80.9605779752976,34.0908250735081],[-80.9605638042647,34.0907508328149],[-80.9605383273886,34.0906173616909],[-80.9605003887026,34.0904334132625],[-80.9604736675626,34.0903123533406],[-80.9604667371875,34.0902809564454],[-80.960418143155,34.0900735284435],[-80.9603719464022,34.08989014898],[-80.9603317579274,34.0897379767506],[-80.9602953448402,34.0896058455476],[-80.9603210527486,34.0894931924441],[-80.9603746142045,34.0892584814691],[-80.960409561153,34.089105342236],[-80.9604525808099,34.0889169814185],[-80.9605378463738,34.0885436470753],[-80.9606383390747,34.0881036372894],[-80.9607067491892,34.08792609462],[-80.9608407312451,34.0875783704685],[-80.9610234829475,34.0871050582319],[-80.9615232212275,34.0862540435759],[-80.9618889832161,34.0856311668953],[-80.9619583779541,34.0855129903985],[-80.9622767163348,34.0849712952112],[-80.9624791562934,34.0846890806896],[-80.9625861445099,34.0845400316722],[-80.9628146587768,34.0842216805195],[-80.9628159361392,34.0842199009827],[-80.9630808142145,34.0838508667541],[-80.9631540493069,34.0837488343777],[-80.9631696930263,34.0837270390618],[-80.9631783893997,34.0837149230396],[-80.9631923135846,34.0837405493506],[-80.9632296201838,34.0837999649856],[-80.963240623841,34.0838306885334],[-80.9632423351122,34.0838354679521],[-80.9632641715877,34.0838631001317],[-80.9632732189421,34.0838969717693],[-80.9632760233824,34.0839074780901],[-80.9632760439128,34.0839076178568],[-80.9632825293547,34.083951816596],[-80.9632852814396,34.0839707364912],[-80.963302258374,34.0839991011953],[-80.9633321472947,34.0839873286517],[-80.9647234733277,34.0834388284228],[-80.9647286063164,34.083437231199],[-80.9661879551653,34.0841930460039],[-80.9662050845804,34.0842358029899],[-80.9664561391221,34.0852796789618],[-80.9678070542315,34.0848284681696],[-80.9679960366593,34.0853763244091],[-80.9680051451386,34.0854028082289],[-80.9680363292489,34.0853931096602],[-80.9680363877066,34.0853932782896],[-80.9680402374889,34.0853920818477],[-80.9682434488699,34.0853288287385],[-80.9687815517436,34.0851613326996],[-80.9696533672629,34.0848901517253],[-80.969278834823,34.0844204108235],[-80.969969283228,34.0842661018141],[-80.969981317524,34.0842634123024],[-80.9700440539843,34.0844276119101],[-80.9702503122311,34.0849657316896],[-80.9703517229492,34.0852302821524],[-80.9706987611023,34.0861360228702],[-80.9707180027517,34.0861863132514],[-80.9708324245031,34.0864853438646],[-80.9709504061199,34.086793676016],[-80.9710965196818,34.0871515646349],[-80.9712194310795,34.0874529059865],[-80.9712775288291,34.0876093736362],[-80.9712874674967,34.087636212652],[-80.9713443201722,34.0877897413975],[-80.9714086798953,34.0879635371066],[-80.9716980596224,34.088684789871],[-80.9717002264311,34.0886901914294],[-80.9727490051334,34.0883656370905],[-80.9731936749643,34.0882278146236],[-80.9732330772378,34.0882156558455],[-80.9734616551031,34.087612706082],[-80.9734705197086,34.0875893183823],[-80.9736419558841,34.0880957692941],[-80.9737590557318,34.0880808144704],[-80.9741251819472,34.0880351995227],[-80.9741437374391,34.0880327895881],[-80.9741498218109,34.0880319991791],[-80.97416148551,34.0880304840776],[-80.9741838712044,34.0879730760336],[-80.9742987058779,34.0876785758358],[-80.9743178788964,34.0876294066538],[-80.9743904786924,34.0874432200993],[-80.9745162398653,34.0871209474381],[-80.9745948482537,34.0869195064333],[-80.9747983553044,34.0863979390792],[-80.9749515856233,34.086005188854],[-80.9749419954789,34.0860025927836],[-80.9747922896074,34.0859620707052],[-80.9747947666225,34.0859559118252],[-80.97492692203,34.0856272893677],[-80.9751380467344,34.0851021936201],[-80.975153833592,34.0850629267594],[-80.9753148042497,34.0846618748018],[-80.9753558277116,34.0845598757401],[-80.9755363729509,34.0841109660684],[-80.9756982009766,34.0837081959697],[-80.9758660536536,34.0832906833875],[-80.9761461489723,34.0825874816303],[-80.9761778385113,34.0825222645552],[-80.9763053692818,34.082259806644],[-80.9764389430425,34.0819849092221],[-80.9767756619729,34.0811551780369],[-80.9770021929454,34.0805832127792],[-80.977125418506,34.0802715338454],[-80.9771306376028,34.0802583287654],[-80.9771897586874,34.0801087910912],[-80.9772138791703,34.0800691521461],[-80.9772646948375,34.0799856431158],[-80.9772700619504,34.0799698673591],[-80.9773141917193,34.0798401242112],[-80.9773623273273,34.0796989376176],[-80.9775405240015,34.0791762699394],[-80.9776932990012,34.0787281575195],[-80.9779316813409,34.0780279269874],[-80.977932164999,34.0780265051192],[-80.9779780226115,34.077883515301],[-80.9780193145569,34.0777395653483],[-80.9780458719935,34.0776367610384],[-80.9780786619916,34.0774984760129],[-80.9781075449257,34.0773595890437],[-80.9781325049222,34.077220176553],[-80.9781535282661,34.0770803152517],[-80.9781973406182,34.0767254492506],[-80.9782483357304,34.0763064693518],[-80.9782622859823,34.0762162673785],[-80.9782745009493,34.0761594027194],[-80.9782893066533,34.0761029658791],[-80.978306681656,34.0760470385566],[-80.9783266008003,34.0759917017134],[-80.9783270323528,34.075990578291],[-80.9783297506777,34.0759835889144],[-80.9783364948569,34.0759667520522],[-80.9783591746051,34.0759143384354],[-80.9783949206002,34.0758432829757],[-80.9784224433362,34.0757945027871],[-80.9784520052485,34.0757465559119],[-80.9784835699544,34.0756995013543],[-80.9785170986067,34.0756533970204],[-80.9785525499415,34.0756082996467],[-80.9785898803292,34.0755642647303],[-80.9786290438278,34.075521346461],[-80.9786699922398,34.0754795976545],[-80.9787349518145,34.0754192996801],[-80.9789574730276,34.0752127456091],[-80.9791162763736,34.0750649657048],[-80.9794675491134,34.0747380755208],[-80.9799941084649,34.0742484956837],[-80.980323877488,34.0739413887971],[-80.9803680155482,34.0739018996596],[-80.9804141471956,34.0738640212475],[-80.9804621876238,34.0738278231927],[-80.9805120485178,34.0737933720381],[-80.9805636382167,34.0737607311151],[-80.9806168618815,34.0737299604272],[-80.98067162167,34.07370111654],[-80.9807278169166,34.0736742524768],[-80.9807773622438,34.0736524962049],[-80.9808613111363,34.0736199000365],[-80.9809474946158,34.0735916290969],[-80.9810355912287,34.0735677888324],[-80.9811252723868,34.0735484681638],[-80.9812157681013,34.0735336690165],[-80.9812168592795,34.0735335186003],[-80.9813016522541,34.0735238128462],[-80.9813869556268,34.0735179748285],[-80.98147181832,34.073516014633],[-80.9816659412351,34.0735217925805],[-80.9816732183799,34.0735220091571],[-80.9816742991178,34.0734945737718],[-80.9816545116118,34.0724256853923],[-80.9817263407364,34.072463775091],[-80.9817998721616,34.0724995448183],[-80.9819142750231,34.0725492377578],[-80.9820319369392,34.0725933474032],[-80.9821524648252,34.0726317263916],[-80.9822754560198,34.0726642465049],[-80.9824004996307,34.0726907990986],[-80.9825271779076,34.0727112954645],[-80.9826550676379,34.0727256671274],[-80.9827837415609,34.0727338660738],[-80.9843896519159,34.0727823166224],[-80.9860058849085,34.0728307484697],[-80.9859845581015,34.0728062689411],[-80.9859389242034,34.0727540860134],[-80.9858580946078,34.0726616568908],[-80.9857316878324,34.0725173548916],[-80.9856485152375,34.0724233284738],[-80.985604423241,34.0723734818601],[-80.9855446379207,34.0723066159129],[-80.9854762975613,34.0722301811612],[-80.985348173392,34.072086881226],[-80.9852200475073,34.0719434368831],[-80.9850919231335,34.0717999933039],[-80.9849744625388,34.071667428801],[-80.9849009493463,34.0715846145752],[-80.9848566577672,34.0715347216737],[-80.9847390256409,34.0714020144509],[-80.9846955163946,34.0713530539275],[-80.9831262950619,34.0722594791929],[-80.9829582521732,34.0721900319498],[-80.982962030922,34.0721878485883],[-80.9844561452812,34.0713245318619],[-80.9844510894651,34.0713188316797],[-80.9838754728911,34.0706698012764],[-80.9838275934438,34.07061576068],[-80.9836688544074,34.0704365967472],[-80.9832527161388,34.0706811720591],[-80.9821031849967,34.0699493989317],[-80.9810426937012,34.0692742878307],[-80.980432489292,34.0688858878064],[-80.9805409878841,34.0687252452008],[-80.9806560594031,34.0685678021796],[-80.9807775677336,34.0684137449301],[-80.9809053691502,34.0682632556351],[-80.9809804464052,34.0681800317183],[-80.9810575074909,34.0680980732747],[-80.9811365216117,34.0680174130509],[-80.9812174571923,34.0679380832747],[-80.9812200761759,34.067917371952],[-80.9812507104794,34.0676751360242],[-80.9812706977349,34.0675151051557],[-80.9853784541952,34.06469311691],[-80.9855272077895,34.0648325557961],[-80.9862189401044,34.064353123936],[-80.9862885537056,34.0643048751819],[-80.9860133983138,34.0640690877207],[-80.9856847730184,34.0639143325695],[-80.9851767711488,34.0635117546179],[-80.9851840097894,34.0635042056587],[-80.9852136719485,34.06347327142],[-80.9852316753398,34.063454495034],[-80.9852404386766,34.0634451104184],[-80.9853892525642,34.0632857485662],[-80.9854991757696,34.0631675259636],[-80.9855955103963,34.0630617539798],[-80.9856689665484,34.0629790263968],[-80.9856902241833,34.0629547536339],[-80.9858472147765,34.0627714181009],[-80.9859290717978,34.062672443817],[-80.9860059680594,34.0625775490512],[-80.9860516512817,34.06251968392],[-80.9862360360743,34.0622795500729],[-80.9862614098307,34.062245062451],[-80.9863004831,34.0621919555957],[-80.986373939832,34.0620897592492],[-80.986619245752,34.0618118751273],[-80.9866240878575,34.0618097278301],[-80.9866329760447,34.0618052281575],[-80.9866405259484,34.0617992712381],[-80.9866463987706,34.0617921243858],[-80.9866503309717,34.0617841083122],[-80.9866521460967,34.0617755827346],[-80.9866517626933,34.0617669302339],[-80.9866491979672,34.0617585390868],[-80.9866445670098,34.0617507858414],[-80.9867108733369,34.0615937343712],[-80.9869468990421,34.0612406253059],[-80.9872431332205,34.0607971999276],[-80.987323527294,34.0606770168304],[-80.9875401087749,34.0603528198765],[-80.987623713881,34.0602278651615],[-80.9878002111074,34.0599637837358],[-80.9880288313669,34.0596201196089],[-80.9880293471579,34.0596194037185],[-80.9880394247948,34.0596039055791],[-80.9884028100424,34.0590450072213],[-80.9884314083358,34.0589955566442],[-80.9884551453091,34.0589443551017],[-80.9884738677926,34.0588917330057],[-80.9884874549765,34.0588380299344],[-80.9884941694144,34.058797442501],[-80.9884978737846,34.0587565883182],[-80.9884985540833,34.0587156218759],[-80.9884962077421,34.0586746980883],[-80.9884916368247,34.0586387855246],[-80.9884847346499,34.0586031318531],[-80.9886492798706,34.058492901218],[-80.9886560909717,34.0584686518428],[-80.9886603573016,34.0584520927318],[-80.9886648978374,34.0584346617133],[-80.9886719042951,34.0584076865518],[-80.9886799502422,34.0583765898683],[-80.9886855963301,34.0583551798001],[-80.9887181723339,34.0581969085549],[-80.9887212437154,34.0581635905571],[-80.9887233501812,34.0581357421113],[-80.9887264843224,34.0580947020613],[-80.9887273257272,34.0580727288999],[-80.9887282670031,34.058049215664],[-80.9887295148794,34.0580173681523],[-80.9887374805533,34.0578459696777],[-80.9887288928694,34.0576713308287],[-80.9887161067131,34.0575500039077],[-80.9886613685593,34.0574787141521],[-80.9886998380845,34.0574579616965],[-80.9886814810489,34.0573309355874],[-80.9897530561275,34.0582472736918],[-80.990322337101,34.0587057925585],[-80.9908921280408,34.0592142794314],[-80.9908881708006,34.0592314562943],[-80.990879025134,34.0592439591889],[-80.9908657114855,34.0592535235996],[-80.9908495141314,34.0592592269126],[-80.9908319955201,34.0592605189682],[-80.9908163286508,34.0592578354512],[-80.9908021753353,34.0592516333344],[-80.990817474499,34.0592649280503],[-80.9909487552318,34.0593790093118],[-80.9909784447795,34.05940480876],[-80.990962930643,34.0593129554011],[-80.990957820188,34.0592731157564],[-80.9910525754713,34.0593711757591],[-80.9913708957566,34.0596421680832],[-80.9913843358194,34.0596679608921],[-80.9913872311532,34.0596735172927],[-80.9918469882794,34.0593119697348],[-80.9915587631398,34.0590603047283],[-80.9916703915391,34.0589669830622],[-80.9920123958521,34.0586801416329],[-80.992020410188,34.0586734200644],[-80.9920595722152,34.058705899572],[-80.9920670144229,34.0587120712002],[-80.9922718991968,34.0585510011697],[-80.9922878594701,34.0585384533701],[-80.9924557038332,34.0586891925499],[-80.9924405618982,34.0587712127721],[-80.9924096023764,34.0587949730658],[-80.9923788138259,34.0588330467563],[-80.9923853393933,34.0589386871095],[-80.9924295368359,34.0589754768749],[-80.9924628194661,34.0589855065706],[-80.9924775194232,34.0589899374546],[-80.9925413180024,34.0589823049085],[-80.9925540543157,34.0589807809186],[-80.9927251974785,34.0591354873396],[-80.9928568419843,34.0592544880212],[-80.9929610777228,34.0591166475436],[-80.9929393232708,34.0591191511974],[-80.9929063849913,34.0591229427209],[-80.992899491921,34.0591172535782],[-80.9928123715212,34.0590453569923],[-80.9926460154134,34.0589080697783],[-80.9926436170882,34.0588035757278],[-80.9926393193171,34.0587785247788],[-80.9926066494525,34.0587111027281],[-80.9925924119979,34.0586957055576],[-80.992582489222,34.0586849748784],[-80.9925435141854,34.0586428240416],[-80.9925411277388,34.0586402432672],[-80.9925370404398,34.0586371709707],[-80.9924259045832,34.0585536345712],[-80.9923524730154,34.0584876409352],[-80.9923542715366,34.0584862290024],[-80.9925982252223,34.0582946657327],[-80.9926025579053,34.0582912639218],[-80.9927694499544,34.0584432000729],[-80.9928715520711,34.0585361510754],[-80.9930104430228,34.0586625936609],[-80.9932211623876,34.0588544268306],[-80.9932232054874,34.058856285321],[-80.9932877536813,34.0588084323257],[-80.993355294683,34.0587635317321],[-80.993425633786,34.0587217129763],[-80.9934985682186,34.0586830966099],[-80.9935120718986,34.0586762742434],[-80.9936319271652,34.0588730458892],[-80.993755416989,34.0590947294236],[-80.9940900410949,34.0596954249564],[-80.9941030615554,34.0596906637626],[-80.9947013175531,34.0594718637421],[-80.9949772145814,34.0593709592142],[-80.9949764107953,34.0593695327115],[-80.9948085132072,34.0590720698108],[-80.9946268295342,34.0588995673853],[-80.9949858682299,34.0587460547037],[-80.9961001824239,34.0583165224203],[-80.9961250264724,34.0583353125738],[-80.9961546032244,34.0583510385018],[-80.9961869920403,34.0583622900449],[-80.9962212250769,34.058368730984],[-80.996256279381,34.0583701688505],[-80.9962911074577,34.0583665606781],[-80.9963246685723,34.0583580142864],[-80.9963559598506,34.0583447850592],[-80.9963840462463,34.0583272683125],[-80.9964102712587,34.0583036484531],[-80.9966254066082,34.0587725908569],[-80.9973668461051,34.0585000645854],[-80.9978640583692,34.0583171378619],[-80.9980113722469,34.05825935805],[-80.9981576397267,34.0581997653201],[-80.9983232608745,34.0581290545814],[-80.9984699136768,34.0580634471144],[-80.9986151208381,34.0579956489134],[-80.9987460897291,34.0579321464612],[-80.9988758183236,34.0578669043518],[-80.999004273267,34.0577999393611],[-80.9991314215328,34.0577312687076],[-80.9992635055842,34.0576571219359],[-80.9994244827386,34.057563077605],[-80.9996601221247,34.0574192085421],[-80.9998912451863,34.0572703511993],[-80.9999990011665,34.0571973572309],[-81.000105363915,34.0571229612444],[-81.0002103071038,34.0570471816574],[-81.0003138047567,34.0569700372299],[-81.0004763373366,34.0568444854253],[-81.0006351416442,34.0567156710714],[-81.0007901231816,34.0565836708341],[-81.0009411897272,34.0564485632746],[-81.001075161004,34.0563132926742],[-81.0014026069408,34.0559779045261],[-81.0017088974396,34.0556584053348],[-81.0018081503964,34.0555528549498],[-81.001915775989,34.0554383983733],[-81.0019423169974,34.0554101732984],[-81.0019919681359,34.055357371419],[-81.002432998622,34.0551570010884],[-81.0030339993231,34.0545160006348],[-81.0037089986802,34.0538000005768],[-81.0048419993802,34.0525980006389],[-81.0054459413235,34.0519600599926],[-81.0061535923429,34.0521910569541],[-81.0068282231253,34.0524654509074],[-81.0061449250925,34.0527544762867],[-81.0062449414787,34.0528405961647],[-81.0065045777569,34.0530652820334],[-81.0066287739377,34.0531760795637],[-81.0074769201232,34.0527570316451],[-81.0098203658146,34.051720498848],[-81.010348617065,34.0514863448209],[-81.0112068384233,34.0510568495528],[-81.012759162247,34.0502710419114],[-81.0138788977303,34.0497062464406],[-81.0142072347531,34.0495407049581],[-81.0155496374674,34.0487909355192],[-81.0172352574996,34.0478307064358],[-81.0186101595471,34.0470474508022],[-81.0199103064597,34.0463201579428],[-81.0210375813171,34.0456801256735],[-81.0233566344632,34.0443632036967],[-81.0270437261436,34.042257924514],[-81.0278357612927,34.0418057924777],[-81.0282071472969,34.0416057169136],[-81.0290818441557,34.0411408667136],[-81.0290819990919,34.0411410010295],[-81.0292979989319,34.0410130009888],[-81.0299469990209,34.0406300010245],[-81.0301639985508,34.0405030009977],[-81.0310999986895,34.0399720012977],[-81.0314959992267,34.0397470012604],[-81.0318869994376,34.0395260011393],[-81.0322929984781,34.0392950006065],[-81.0330669985575,34.0388560006135],[-81.0336099991107,34.0385490005385],[-81.0339079991187,34.0383790008489],[-81.0342279985474,34.0381990009067],[-81.0348449986612,34.037849001149],[-81.0352709991516,34.0376110006338],[-81.0356129993901,34.0374100012113],[-81.0362019984107,34.0370670007024],[-81.03673699921,34.0367340005144],[-81.0373149985096,34.0363050006876],[-81.0375849990825,34.0360990012569],[-81.03777899883,34.0358920009574],[-81.0378549984664,34.0358120011768],[-81.038338998483,34.0352080009061],[-81.0386159993189,34.034777000914],[-81.0387719991773,34.0345380006616],[-81.0389609993719,34.0341750005871],[-81.0390979989441,34.0339140009011],[-81.0393289987401,34.0334190005583],[-81.039420998801,34.0332250006857],[-81.0395349991391,34.0329500008287],[-81.0397789990385,34.032359000968],[-81.0403779989265,34.0309090013661],[-81.0405209984428,34.0305900008967],[-81.0407829991644,34.030007000755],[-81.0400589985724,34.029997001374],[-81.0400279985822,34.0299950005942],[-81.0395269992322,34.0299760010196],[-81.038956999438,34.0299550013001],[-81.0377669990584,34.029898000515],[-81.0374009989356,34.029881000765],[-81.0370139987454,34.0298600008692],[-81.0369689994528,34.029857000814],[-81.0364561973687,34.0298521814356],[-81.0351953278102,34.0298531521856],[-81.0356171463005,34.0295235181559],[-81.0368163576774,34.0285911569474],[-81.0373249415287,34.0281614282653],[-81.0375518310726,34.0279159164681],[-81.0378766732478,34.0274693043435],[-81.0381036928573,34.0270360610711],[-81.0383018160402,34.026424054191],[-81.0383512108956,34.0261292230869],[-81.0383729460718,34.025791882812],[-81.0383619155553,34.0254966600471],[-81.0382613270517,34.0249503307288],[-81.0380974217342,34.024426999534],[-81.0380099558432,34.0241477267339],[-81.0379866077464,34.0240718137306],[-81.0379773405159,34.0240755135226],[-81.0378819987263,34.0239600010524],[-81.0378329986923,34.0237620006996],[-81.0377929989633,34.0236450006028],[-81.0377309986356,34.0234270009091],[-81.0375199987202,34.0226750009767],[-81.0373729987339,34.022221001196],[-81.0373199984529,34.0220880005902],[-81.0371799990175,34.0217410010097],[-81.0370189990644,34.021402001051],[-81.0367729987838,34.0208820012978],[-81.0367919994343,34.0207430008115],[-81.0367419985058,34.020595001083],[-81.036648998612,34.0204300008041],[-81.036549999334,34.0202510006553],[-81.0361779993695,34.019529001313],[-81.0361709989816,34.0195120009407],[-81.0360389991449,34.0191940006137],[-81.0359579993358,34.0190110010862],[-81.0357159990428,34.0184640009101],[-81.035635999423,34.0182820008322],[-81.0355119987295,34.0179810008648],[-81.0355049985995,34.0179640013496],[-81.0353889983808,34.017680001366],[-81.0354169984644,34.0176000010269],[-81.0350829990291,34.0168270005087],[-81.0349739984723,34.0167920011919],[-81.0348629991533,34.0165300006613],[-81.0348039987982,34.0163920005466],[-81.0347519994277,34.0162680009151],[-81.034647998848,34.0162510005146],[-81.0345559986413,34.0160460006526],[-81.0344429987872,34.0157960009588],[-81.0342889990627,34.0154530013563],[-81.0342159984859,34.0152800008442],[-81.0341259985235,34.0150650011211],[-81.034117999008,34.014954000588],[-81.0341119984596,34.014865000954],[-81.0341749993406,34.0148490010093],[-81.0343409989637,34.0147970011016],[-81.035025999008,34.0145840006105],[-81.0352549989796,34.0145130009171],[-81.0353399986522,34.014483000662],[-81.0355959984084,34.0143970009989],[-81.0356819991986,34.0143690010915],[-81.0358089988207,34.0143260012606],[-81.0361929989048,34.014198000996],[-81.0363209989606,34.0141560012333],[-81.036518998979,34.0140950008964],[-81.0371169987649,34.0139130012807],[-81.0373159986098,34.0138530011567],[-81.0376299987529,34.0137530007874],[-81.0385739987041,34.0134570005235],[-81.038888998439,34.013359001124],[-81.0392079992072,34.0132580006065],[-81.0401679988555,34.0129580012151],[-81.0404879986951,34.0128580006637],[-81.0405839990893,34.0128320012669],[-81.0406799989524,34.0128050009096],[-81.0408619984095,34.0127500005748],[-81.0415189992118,34.012554001027],[-81.0419839984689,34.0124150009064],[-81.0423579994034,34.0123040008489],[-81.0438709993819,34.0118360007997],[-81.0453009988068,34.011405001191],[-81.0455179987293,34.0113360012714],[-81.0464499988309,34.0110380012247],[-81.0471009994157,34.0108920005815],[-81.0471709994271,34.0108760012826],[-81.0478339987355,34.0106750011547],[-81.049112999194,34.0102860005395],[-81.0493379993863,34.0102230005818],[-81.0495259994477,34.010123001101],[-81.0497729991716,34.0100500007332],[-81.05090799896,34.0097180005192],[-81.0511359989717,34.0096370008298],[-81.0517989989924,34.0094810013373],[-81.0524139985442,34.0093540010277],[-81.0543029989779,34.008635000718],[-81.0545519985573,34.0085820013689],[-81.0546689990269,34.0085570007317],[-81.0548159983947,34.0085260012488],[-81.0550239984394,34.0084970006802],[-81.0551439988444,34.0084820008276],[-81.0555079991293,34.0084600011639],[-81.0556759992116,34.0084630007035],[-81.0559539986871,34.0084700009054],[-81.0561759984171,34.0084880013453],[-81.0565849990976,34.008543000497],[-81.0570249984276,34.0086360006524],[-81.0572519993738,34.0086970007661],[-81.0577669984789,34.0088380008517],[-81.0578249989431,34.0088540006622],[-81.0580009992165,34.0089020007997],[-81.0580599991432,34.0089180009346],[-81.0581559989925,34.0089440006973],[-81.0584469987817,34.0090230008165],[-81.0585434671927,34.0090498530667],[-81.0585125223363,34.0091758216735],[-81.0584531614458,34.0093843930904],[-81.0584174833437,34.0097061708],[-81.0584007424236,34.009857149439],[-81.0583944667132,34.0101666844046],[-81.0584072806684,34.0104594558734],[-81.058446322709,34.0107411493066],[-81.0584999016931,34.0110123581022],[-81.0585382521734,34.0111600068973],[-81.0586545431133,34.0114885737799],[-81.0587595697014,34.0117632783191],[-81.0589030118932,34.0121231796459],[-81.0590806316002,34.0125400870835],[-81.0592030418914,34.0128274075887],[-81.0594665593125,34.0133766626904],[-81.0597909677983,34.0140602509283],[-81.0599279715361,34.0143353329258],[-81.0600593792955,34.0145455852998],[-81.0600896854934,34.0145940766278],[-81.0601345197505,34.0146950289715],[-81.0601663911812,34.0149192011384],[-81.0602082215711,34.0152146387331],[-81.0602595268771,34.0154712238002],[-81.060357313455,34.0158379548831],[-81.0604797474956,34.0162927057806],[-81.0606479257369,34.0167893117412],[-81.0608279469159,34.0174559773263],[-81.0609587853268,34.017812656539],[-81.0611491580068,34.018267709484],[-81.0611991253841,34.0183890570308],[-81.0613542270314,34.0187148577466],[-81.0615294345626,34.019042259609],[-81.0617599720415,34.0193606284187],[-81.0619205058627,34.0195341613388],[-81.0626434777807,34.020162896846],[-81.0634687742458,34.0207487153675],[-81.0637269718116,34.0209014866217],[-81.0639798420367,34.0210639280796],[-81.0641842157724,34.021190502939],[-81.0643164075734,34.0212801263529],[-81.0643543064221,34.0213010729767],[-81.0643542523269,34.0213011397304],[-81.0644150003714,34.021334999417],[-81.0644480003432,34.0213459992251],[-81.0646589995346,34.0214609992723],[-81.0647909997306,34.0215379994131],[-81.0648039998235,34.0215549995402],[-81.0648640003705,34.0215879991759],[-81.0654530002007,34.0220199988214],[-81.0655899994924,34.0221209995474],[-81.0660060002968,34.0224339988651],[-81.0661909997917,34.0225879994844],[-81.0664289995407,34.02281399903],[-81.0667589995782,34.0230779993687],[-81.0670490001722,34.023324999093],[-81.0672139994886,34.023489998837],[-81.0673200000007,34.0236159995173],[-81.0673530003392,34.0236659987398],[-81.0676169999235,34.02400099878],[-81.067815000306,34.0242709994309],[-81.0678809998409,34.0243749993167],[-81.0679209995058,34.0244519994642],[-81.0680269996928,34.0246829993776],[-81.0681259999543,34.0248369990425],[-81.0681379998974,34.0248599992439],[-81.0681520002619,34.0248859991918],[-81.0682839995778,34.0253429993153],[-81.068448999799,34.0257939991945],[-81.0684889996401,34.0258819989234],[-81.0685879997348,34.0260139994865],[-81.0686179998057,34.026078998815],[-81.0688140002815,34.0260469991126],[-81.0690489994861,34.0260099991464],[-81.0694050003618,34.0259519991558],[-81.0694648116458,34.0259431083341],[-81.069478999986,34.0259409994404],[-81.0696019984741,34.0259210012378],[-81.0696014496806,34.025919993449],[-81.0703508350685,34.0257996156017],[-81.0704252246119,34.0257876656144],[-81.0704257318477,34.0257881675715],[-81.0709833079991,34.0256980716555],[-81.071660307512,34.0255680719025],[-81.0717713079685,34.0255480712603],[-81.0718143076474,34.0256970715594],[-81.0719333076064,34.0258410711913],[-81.0731823074452,34.0264780711848],[-81.0734453076372,34.0265900715225],[-81.0735903074768,34.0266710715709],[-81.0736169021117,34.0266914729071],[-81.0736633075634,34.0267270713912],[-81.0737423073545,34.0268120715614],[-81.0739133082006,34.0267610718097],[-81.0741003080579,34.0267420715834],[-81.0750533078848,34.0267570712912],[-81.0752863079067,34.0267530718281],[-81.0754973075848,34.0267320712063],[-81.0756273080335,34.0267080718707],[-81.0758783077589,34.0266350715528],[-81.0761533083706,34.0265100714123],[-81.0763823078472,34.0263640714174],[-81.0765023074582,34.0262670714771],[-81.0766273075169,34.0261440715246],[-81.0769973076833,34.0257290712399],[-81.0770243074799,34.0257030712039],[-81.0770267300553,34.0257006486456],[-81.0770670292644,34.0257407319893],[-81.0771610175429,34.0258342182877],[-81.0773815939837,34.026408893445],[-81.0776035575675,34.0269873426568],[-81.078785422636,34.0272638281908],[-81.078934058632,34.0272986140671],[-81.0793891570742,34.0275175342447],[-81.0794104173125,34.0274802346135],[-81.0797697344791,34.0268498088193],[-81.079915356195,34.0269148599912],[-81.0800933010067,34.0269861776656],[-81.0801794101514,34.0270206894955],[-81.0805023805173,34.0271840553377],[-81.0803569981857,34.0273925414207],[-81.0805994278314,34.0275212041391],[-81.080605056696,34.0275137632952],[-81.080968129422,34.0270338463211],[-81.0810682463431,34.0269237019079],[-81.0813001509625,34.0270404632501],[-81.0813373178872,34.0270613988272],[-81.0812517730951,34.0271766501391],[-81.0808560339029,34.0276573529448],[-81.0810613260001,34.0277662088415],[-81.0812618966608,34.0278726247925],[-81.0812668364688,34.0278752463953],[-81.081266541054,34.0278755008669],[-81.0808844472712,34.0282774289008],[-81.0807955655937,34.0283932618238],[-81.0807509874793,34.0283701975012],[-81.0805544962088,34.0282687202861],[-81.0803571689572,34.0281679989198],[-81.080072676968,34.0288088159712],[-81.0801737393454,34.0289846454119],[-81.0802369512241,34.0297400252656],[-81.0802938832775,34.0297369966261],[-81.0804099513063,34.0297309504647],[-81.0804099754299,34.0297312687476],[-81.0805932714545,34.0297219922547],[-81.0806982522838,34.0297166788867],[-81.0809289477489,34.0297056704762],[-81.0812584654119,34.0296899469404],[-81.081101329922,34.0292732716052],[-81.0813190614095,34.0292528076418],[-81.081342165717,34.0292889586118],[-81.0814583428639,34.0294709627113],[-81.0819847981241,34.029398937628],[-81.0821297882995,34.029331611358],[-81.0822086151049,34.0294237954195],[-81.0823902597363,34.0296361568317],[-81.0821954071278,34.0296452461603],[-81.0822078074565,34.0297822884481],[-81.0820838333801,34.0297881972477],[-81.0821258741398,34.0303367609185],[-81.0818622798467,34.0303493649064],[-81.0818467392444,34.0303500911004],[-81.0815986052819,34.0303619142855],[-81.0813029300521,34.0303760385912],[-81.0812690223345,34.0303776829454],[-81.080956918312,34.0303925403414],[-81.0806438330401,34.0304074742342],[-81.0805405667506,34.030412665615],[-81.0804625898908,34.0304165853598],[-81.0803637791289,34.0304217917392],[-81.080133150968,34.0304339442055],[-81.0798037357554,34.0304513201954],[-81.0798044801371,34.0304610372869],[-81.07982474408,34.0307255933655],[-81.0798283081601,34.0307721320718],[-81.0798457449416,34.0309998493842],[-81.0798667741241,34.0312741360183],[-81.0792078568717,34.0313088758345],[-81.0792087151708,34.0313200508955],[-81.0792288959749,34.0315831246748],[-81.0798877893555,34.0315484163255],[-81.0798879198202,34.0315501222485],[-81.0799088047318,34.0318227083307],[-81.0799298267243,34.0320969831754],[-81.0799508705285,34.0323712760159],[-81.0799718776232,34.0326455472153],[-81.0799733031852,34.0326644854933],[-81.079995811799,34.0329576849757],[-81.0798993291608,34.0331043888141],[-81.0799005851526,34.0331086791704],[-81.0799050137231,34.0331238103624],[-81.0800007846892,34.0334510656161],[-81.0800399021288,34.0335845525056],[-81.0801753746536,34.0337733015483],[-81.0803193228824,34.0339738093572],[-81.0801990108537,34.0340190981026],[-81.0799759962554,34.0341030039829],[-81.079819971419,34.0341617064256],[-81.0794409328699,34.0343042874351],[-81.0790490992947,34.034412065521],[-81.0789493511708,34.0344395161612],[-81.0790943140207,34.0341821930317],[-81.0792477241577,34.0339098772587],[-81.0792623983897,34.0338838260529],[-81.0792364031131,34.0338713442441],[-81.0792135811773,34.0338551217218],[-81.0791946994109,34.0338357035725],[-81.0791803922495,34.0338137422572],[-81.079171140418,34.0337899756883],[-81.0791672547786,34.0337652024351],[-81.0791688658861,34.0337402548914],[-81.0791759196018,34.0337159713064],[-81.07902069614,34.0337402058705],[-81.0786234930466,34.0338022196456],[-81.0786268343539,34.0338212550042],[-81.0781149750866,34.0339101867703],[-81.0781164781864,34.033918328125],[-81.0781186358854,34.0339317142242],[-81.0781187317433,34.0339323182991],[-81.0781261888592,34.0339924649965],[-81.0781309140436,34.0340528031532],[-81.0781309659031,34.0340538553979],[-81.0781323011272,34.0340882307541],[-81.0781324478735,34.0340912026464],[-81.0781328104507,34.0341112038028],[-81.0781328472567,34.0341314594419],[-81.0781328320729,34.0341338218907],[-81.0781328356798,34.0341377938521],[-81.0781327216574,34.0341529676366],[-81.0781325966411,34.034171539914],[-81.0781324470716,34.0341833494992],[-81.0781324400666,34.0341923330844],[-81.078132002261,34.0342087586242],[-81.0781280202625,34.0342731212709],[-81.0781201358728,34.0343372340907],[-81.078108393172,34.0344003700001],[-81.0781047708737,34.0344176947284],[-81.0781024565508,34.03442864636],[-81.0781009747264,34.0344355993553],[-81.0780981125964,34.0344491869839],[-81.0780955603569,34.0344605355105],[-81.0780941477531,34.034466190924],[-81.0780899923287,34.0344820462253],[-81.0780868587146,34.034492460962],[-81.0780814736868,34.0345091601205],[-81.0780621802753,34.0345573344505],[-81.0780583504837,34.0345656288392],[-81.0780530867309,34.0345763379649],[-81.0780482441741,34.0345857240401],[-81.0780441062711,34.0345934487512],[-81.0780376009289,34.0346049250969],[-81.0780142468092,34.0346456801255],[-81.0778504305892,34.0349322440036],[-81.0777998961634,34.0350205136719],[-81.0777925398044,34.0350335703048],[-81.0777875053016,34.0350427490993],[-81.077778953881,34.0350589299486],[-81.0777729383673,34.0350707918972],[-81.0777591682186,34.0350996466204],[-81.0777499073313,34.0351205771349],[-81.0777458146144,34.0351304216895],[-81.0777329566474,34.0351631486143],[-81.0777245497237,34.0351870433619],[-81.0777221300835,34.0351941880976],[-81.0777142022684,34.0352197182175],[-81.0777050467074,34.0352529639998],[-81.0777024935339,34.0352633621308],[-81.0775332431325,34.0352695381609],[-81.0772404505931,34.0352966308457],[-81.0768879439691,34.0353292484513],[-81.0769765897079,34.0357009105609],[-81.0769621473287,34.0357039465024],[-81.076507878379,34.035799438073],[-81.0764953634988,34.0358020688132],[-81.0763353176694,34.0353803999669],[-81.0758267500957,34.0354274690018],[-81.0754344867721,34.0354637333699],[-81.0755775160928,34.0360207976554],[-81.0755752324288,34.0360214455603],[-81.0754624395361,34.0360534629949],[-81.0755143377532,34.0361816396785],[-81.0755180992751,34.0361828159042],[-81.0757780421618,34.0370831348464],[-81.0757851006061,34.0371075808617],[-81.0756293153131,34.0371414307686],[-81.0755775929662,34.0371526694183],[-81.0757372218893,34.0376782693834],[-81.0754182498525,34.037749105849],[-81.075099224215,34.0378199379189],[-81.0747802468055,34.037890784467],[-81.0744612818485,34.037961607644],[-81.0741412097752,34.038029066443],[-81.0738362382894,34.0380956218565],[-81.0732370917297,34.0382264716326],[-81.0719250191305,34.0385128861695],[-81.0719228581644,34.0386694907955],[-81.0719345131751,34.0387285305198],[-81.0719266137647,34.0388772856159],[-81.0719277587601,34.0390484605731],[-81.0719608823474,34.0392484846931],[-81.0719658568298,34.0393581574398],[-81.0719686199328,34.0394190597917],[-81.0719716192194,34.0394515451505],[-81.0719887186919,34.0396367465823],[-81.0720012344979,34.0396991040156],[-81.0720414198459,34.0397715091877],[-81.0720483566495,34.0397978598429],[-81.072055345611,34.0398244052329],[-81.0720608252985,34.0398452176332],[-81.072065627725,34.0399342020163],[-81.0721119653281,34.0400219531071],[-81.0721173722739,34.0400321922955],[-81.0721702059087,34.0401319654659],[-81.0721725470354,34.0401363887117],[-81.0721738113518,34.0401496482715],[-81.0721859922852,34.0402773776996],[-81.0721834699896,34.0403462071808],[-81.072190751719,34.040370448564],[-81.0721966898503,34.0403902165284],[-81.0722433096546,34.0404498327778],[-81.0722626671329,34.0405356725803],[-81.0722872138413,34.0406445241612],[-81.0723011571559,34.0407063550291],[-81.0723078890884,34.0407362016451],[-81.0723310347557,34.0408146552625],[-81.0723336102404,34.040823384852],[-81.0723325686831,34.0408638362936],[-81.0723305988196,34.04094030729],[-81.0723300030297,34.0409634297415],[-81.0723518495182,34.0410425035699],[-81.0723517646253,34.0411115705681],[-81.0723608978938,34.0411374789884],[-81.0723714046331,34.0411672828209],[-81.0724169744534,34.0412965454366],[-81.0724739417964,34.0413915839498],[-81.0725389027134,34.0414503543963],[-81.0725592906453,34.0414987723867],[-81.0725646489392,34.0415654503166],[-81.0726251159686,34.0417319386216],[-81.0726931956418,34.0418586226309],[-81.0727551438257,34.0419738947665],[-81.072761962263,34.0420724214014],[-81.0727475596331,34.0421559301605],[-81.0727467396175,34.0422019755602],[-81.0727705671998,34.0422507494622],[-81.0728359866774,34.0423332727513],[-81.0728437255107,34.0423430344401],[-81.0728986578684,34.0424025256094],[-81.0729653143181,34.0426009795746],[-81.0730840024112,34.0428172951519],[-81.0731015467575,34.0428901686007],[-81.0730798731219,34.0430172216689],[-81.0730801795724,34.0430655729253],[-81.073080369817,34.0430957118722],[-81.0731506829685,34.0432113773954],[-81.0731954220032,34.0432476143765],[-81.0732022600262,34.0433684479009],[-81.0732150894251,34.0434577853922],[-81.0732460149417,34.0435947080168],[-81.073319625703,34.0437126383368],[-81.0733202534019,34.0437768140872],[-81.0733809616541,34.0438860443454],[-81.0734171585814,34.0439876553447],[-81.07345826278,34.0441289856586],[-81.0734888837622,34.0442079259864],[-81.0735022082051,34.0442422815742],[-81.0735045705296,34.0442497515941],[-81.0735361181818,34.0443494997008],[-81.073554267174,34.0444598289734],[-81.0735864317419,34.0445360335246],[-81.073606610687,34.0445665312045],[-81.0736817883672,34.0445584236827],[-81.0740821761589,34.0445152459488],[-81.074694525635,34.0444288477279],[-81.0749738600012,34.0443732198976],[-81.0751771032104,34.0443327453834],[-81.0755838489243,34.0441875739987],[-81.0757471558193,34.0441292864892],[-81.0761982098038,34.0440051306281],[-81.0762781259361,34.0439875147913],[-81.0783621035408,34.0435281222043],[-81.0783654358255,34.043527387927],[-81.0783615968209,34.0436817591218],[-81.0783323059799,34.0448590210765],[-81.0784178226195,34.0448485453381],[-81.0784345561816,34.0448464951409],[-81.0784349951375,34.0448491566575],[-81.07850020813,34.0452445189547],[-81.0785358608432,34.0452304146887],[-81.0787252923501,34.0451554750477],[-81.0792387851647,34.0449523326745],[-81.0795050115069,34.045426412594],[-81.0796843985796,34.0457660486436],[-81.0795587478467,34.046070129989],[-81.0794085726712,34.0464334463489],[-81.079535469017,34.0467690160917],[-81.0796722176833,34.0471308104494],[-81.0797217084785,34.0472620153157],[-81.0793880859408,34.0473621544994],[-81.0778885563477,34.0478122320738],[-81.0778908500114,34.0478175163472],[-81.0780009484076,34.0480712028912],[-81.078273320787,34.0486989951108],[-81.0783177166165,34.0488013198321],[-81.0782461663841,34.0488233553782],[-81.0781318884481,34.0488585509039],[-81.0777022056484,34.0478681581004],[-81.0776529068038,34.0477545686696],[-81.0771058546445,34.0479230569464],[-81.0748017969546,34.0486326562621],[-81.0747122591191,34.0486602306774],[-81.0747134108102,34.0486754270799],[-81.0747532888795,34.0487208518952],[-81.0747763961773,34.0487625880636],[-81.0748304309677,34.0489383833876],[-81.0748378024528,34.0489719606096],[-81.0748478417397,34.0490176973243],[-81.074862517071,34.0490867552738],[-81.0748635833822,34.0491594002368],[-81.0748755160654,34.0492024550791],[-81.0748760398758,34.0492180774543],[-81.0748781651103,34.0492814208378],[-81.0749134329501,34.049464623083],[-81.0749283763407,34.0495092270077],[-81.0749900879118,34.0496129689167],[-81.075011627266,34.0496624596147],[-81.0750459870284,34.0497876890666],[-81.075051137401,34.0499422807773],[-81.0750828744571,34.0500175319984],[-81.0751241092011,34.0501394173976],[-81.075151899168,34.050290535603],[-81.0751548656677,34.0502998013805],[-81.0751999172804,34.0504405865681],[-81.0752197973471,34.0505024142483],[-81.0752520565105,34.0506379052201],[-81.0752594977634,34.0506691523915],[-81.075269260709,34.0507291413337],[-81.0752886014776,34.0508479687687],[-81.0753139037696,34.0509398031908],[-81.0753439252548,34.0510197071846],[-81.0753448774957,34.0510259372856],[-81.075356032007,34.0510989052],[-81.0753823499718,34.0512024293975],[-81.0754061896057,34.0514247644781],[-81.0754066400231,34.0514269760503],[-81.0754362707613,34.0515724222918],[-81.0754707321267,34.0518131210126],[-81.075490427478,34.0518836067651],[-81.0755017101993,34.0520024092721],[-81.0755221610869,34.0521165534782],[-81.0755240651537,34.0521642661406],[-81.075517402481,34.0522094340342],[-81.0755136656992,34.0522347710863],[-81.0754776373368,34.0523308184507],[-81.0754992887638,34.0525093759327],[-81.0755260925408,34.0526399207003],[-81.0755412303814,34.0527137553712],[-81.0755458619016,34.0527648071263],[-81.0755842482783,34.0529037521787],[-81.0756000881538,34.0529898665209],[-81.0756081222807,34.0531628264376],[-81.0756140546255,34.0533910170121],[-81.0756517214435,34.0535255486875],[-81.0756546143487,34.0535544145145],[-81.0756936489555,34.0536168967416],[-81.0757109315307,34.053713507642],[-81.0757275712396,34.0537307937018],[-81.0757605507631,34.0537483303787],[-81.0757585562723,34.0537875623002],[-81.075753176705,34.0537975851556],[-81.0757473731898,34.0538477839437],[-81.0757840275177,34.0539392785446],[-81.0758240991311,34.0539907062809],[-81.0758579757974,34.0540512827223],[-81.0758766699114,34.0540738712423],[-81.0758853836588,34.0540930168976],[-81.0758925838128,34.0541303487484],[-81.075901334034,34.0541404828966],[-81.0759158099008,34.0541423820214],[-81.0759565046307,34.0541349614774],[-81.0759552657039,34.054159937227],[-81.0759541125963,34.0541851825291],[-81.0759466724687,34.0541987854572],[-81.0759200337825,34.0542172908881],[-81.0759138782371,34.0542269571546],[-81.0759134009897,34.0543343152822],[-81.0759642237234,34.0544360344261],[-81.0759861824521,34.054634513453],[-81.0760292588075,34.0547278876602],[-81.0760597233281,34.0548201965661],[-81.076082314816,34.0549228878273],[-81.0761021325345,34.0549686814916],[-81.076101172326,34.0550172317286],[-81.0761080836419,34.0550536097473],[-81.0761647789918,34.0551507923981],[-81.0762031232879,34.0552386826563],[-81.0762695769927,34.055349935533],[-81.0762803525408,34.0553813013808],[-81.0762824686743,34.0555051191167],[-81.0763014366245,34.0555623647142],[-81.0763031833053,34.0555920652764],[-81.0763194412514,34.0556632697788],[-81.0763533759958,34.0557881409523],[-81.0764099554673,34.0559162190119],[-81.076441722606,34.0560227222804],[-81.0764683155773,34.0561119316269],[-81.0764956844384,34.0562671053374],[-81.0764958742215,34.0563197106477],[-81.0765078588991,34.0564191874906],[-81.0765354589324,34.0565137639455],[-81.0765549055603,34.0566251655207],[-81.0765553059751,34.0566307755812],[-81.0765910408698,34.0566205752814],[-81.077011237714,34.0565006333297],[-81.0775636757298,34.0563429411684],[-81.0781531188413,34.0561746825123],[-81.0796837234294,34.0557377503108],[-81.0799280387726,34.0556680081394],[-81.0810976994485,34.055334109864],[-81.0811041348234,34.0553460088583],[-81.0827501139605,34.0583896073044],[-81.0832369624685,34.0583385718537],[-81.0845143292084,34.0582046558751],[-81.0848505186948,34.0581617334572],[-81.0852454719714,34.0581113137383],[-81.0855065550966,34.0580779944706],[-81.0856889187314,34.0580546917577],[-81.085767674808,34.0580446286422],[-81.0860287781034,34.0580112992448],[-81.0862899147499,34.0579779386174],[-81.0865510144076,34.0579446252556],[-81.0868121203551,34.0579113032246],[-81.0870732444927,34.0578779562859],[-81.0873343532599,34.0578446079067],[-81.0875954780871,34.0578112706887],[-81.0878565864558,34.0577779275225],[-81.088117668639,34.0577446009574],[-81.0885008846475,34.0576956597767],[-81.0887619782437,34.0576623273392],[-81.088876217633,34.0576477131089],[-81.0893494838672,34.0575873273135],[-81.0897737772125,34.0575331147271],[-81.0900349120739,34.0574997804827],[-81.0902960369401,34.0574664051198],[-81.0905571388959,34.0574330698001],[-81.0908182428237,34.0573997411429],[-81.0910793540934,34.0573663749616],[-81.0913404825144,34.0573330271536],[-81.0916015619829,34.0572996797338],[-81.0918626845946,34.057266342553],[-81.0922379965164,34.0572184019609],[-81.0922552400823,34.0572161944402],[-81.0923033117038,34.0572100407568],[-81.0925236830504,34.0570525131275],[-81.092767508499,34.0568782367436],[-81.0929629002291,34.0567385479567],[-81.0931633185388,34.056595302431],[-81.0933637329309,34.0564520565785],[-81.093564140175,34.0563088284355],[-81.0937141152396,34.0562016073106],[-81.0938346503428,34.0561154329349],[-81.0941853579067,34.0558647503316],[-81.0945360569067,34.0556140486913],[-81.0947815650459,34.0554385695516],[-81.0949819448062,34.0552953282765],[-81.0951949065777,34.0551431034149],[-81.09539549278,34.0549996989972],[-81.0955833658731,34.0548654156071],[-81.0957536775354,34.0547436383773],[-81.0958213141299,34.0546953106527],[-81.095995853204,34.0546103133389],[-81.0962181566816,34.0545020918298],[-81.0964056163162,34.0544108505427],[-81.0964109411789,34.0544082585595],[-81.0966478201515,34.0547439996903],[-81.0966563302174,34.054756062178],[-81.0968841590107,34.0546447225476],[-81.0966389788066,34.0542972375019],[-81.0966912863442,34.054271734872],[-81.0968148014666,34.0542116203699],[-81.096866975775,34.0541862268735],[-81.09694208314,34.0541496110583],[-81.0970950025102,34.0540752356365],[-81.0973397000103,34.0544220547359],[-81.0974293326105,34.0545375864307],[-81.0971948580112,34.0546522234343],[-81.0971718436073,34.0546634755954],[-81.0971056879889,34.0546958195528],[-81.0971038137894,34.0546967353316],[-81.0972539639686,34.054923258334],[-81.0972544620673,34.0549240117561],[-81.0972634777931,34.0549376752058],[-81.0973878925904,34.0551253517745],[-81.0969429168742,34.0553200527906],[-81.0967964894754,34.0553836053713],[-81.0967100603484,34.0552421417765],[-81.0965902817556,34.0550461527644],[-81.0965869087924,34.0550475809589],[-81.0961494264051,34.0552328190938],[-81.0962690764738,34.0554288564096],[-81.0963887400788,34.0556248854741],[-81.0968298015705,34.055438130692],[-81.096976633846,34.0553752215629],[-81.0970626803725,34.0555160153113],[-81.0970765690352,34.05550958082],[-81.0970930747455,34.0555019342138],[-81.0973509766214,34.0553824496188],[-81.0973513566717,34.0553822734914],[-81.0975095744206,34.0553089718522],[-81.0974076461643,34.0551551434214],[-81.0974106252969,34.0551532096659],[-81.0974743908152,34.0551118081546],[-81.0977555660996,34.0549292483971],[-81.0977647307795,34.0549232981471],[-81.0977918491744,34.0549056911451],[-81.0981154944903,34.0549080408037],[-81.0981786242432,34.054922275465],[-81.0985624094651,34.0550088104037],[-81.0985926247793,34.0550156230236],[-81.0986667988232,34.0550323472474],[-81.0986810530093,34.0550264704307],[-81.0987510543944,34.055150084168],[-81.098891532145,34.0553981469995],[-81.0989581577338,34.0555239489908],[-81.0989713515233,34.0555473697698],[-81.0989772015601,34.0555577534677],[-81.0991684331025,34.0558972031586],[-81.0993461126607,34.0558278646016],[-81.0994025940922,34.0558058217905],[-81.0994301526016,34.0557950660182],[-81.099641744336,34.0557124865225],[-81.0996392257974,34.0557079990334],[-81.0996151781032,34.0556651457147],[-81.0994857289308,34.0554344693691],[-81.0994321485018,34.0553389918405],[-81.0994183845421,34.0553153596685],[-81.0993601146628,34.0552153115909],[-81.0993604525095,34.0552151796739],[-81.0993825208257,34.055206565307],[-81.0993950712158,34.0552007504959],[-81.0994058116287,34.0551928122016],[-81.0994142326902,34.0551831269058],[-81.0994199350237,34.0551721539433],[-81.0994224390946,34.0551622730307],[-81.099422881403,34.0551569175439],[-81.0995141791553,34.0553003320209],[-81.0996072843546,34.0552623737941],[-81.0997810042048,34.0551915499903],[-81.0997866659831,34.0552092064483],[-81.0997887374349,34.0552273994492],[-81.0997869051994,34.055246731336],[-81.0997810314767,34.0552654920944],[-81.0997734870132,34.0552797961603],[-81.0997635837961,34.0552930662531],[-81.0997515216228,34.0553050346473],[-81.0997375438482,34.0553154598791],[-81.1000420439563,34.0555562616869],[-81.1002436409878,34.0554775908207],[-81.1002958198371,34.0554572291179],[-81.1004824245039,34.0553844084084],[-81.1005245642462,34.0553679635555],[-81.1010758672386,34.0551528219828],[-81.1010819230518,34.0551436044935],[-81.1019527094042,34.0538180744756],[-81.102362805512,34.0531485002467],[-81.1024025083554,34.0530836756851],[-81.1024024311406,34.0530825134706],[-81.1015417375485,34.0526765194339],[-81.1012358605084,34.053154083241],[-81.1011481327687,34.0530475560675],[-81.1004503007333,34.052199870417],[-81.1004333133688,34.0521792354573],[-81.1002996308657,34.0520222673093],[-81.1004413008002,34.0519410701079],[-81.1004733335705,34.0519224486357],[-81.1004999269026,34.0519064094902],[-81.1005352897206,34.0518841190344],[-81.1005640029124,34.051865204472],[-81.1005976304438,34.0518421363434],[-81.1006330165803,34.0518166727929],[-81.1006580325148,34.0517977972726],[-81.1007059852172,34.0517597846094],[-81.1007240682254,34.0517447288478],[-81.1007482109114,34.0517239361224],[-81.1007664065193,34.0517079154547],[-81.100784397902,34.0516914161525],[-81.1008049472652,34.0516724423364],[-81.1008203792654,34.0516581632646],[-81.1009762695475,34.0515161258749],[-81.1011516360807,34.0516416309539],[-81.1015728748646,34.0519985926001],[-81.1019124609197,34.0516764371019],[-81.1019140699574,34.0516749110231],[-81.1019116098868,34.0516731421229],[-81.1014703212695,34.0513560346564],[-81.1013037234876,34.0512227313578],[-81.1013082089498,34.0512187124711],[-81.1018008746323,34.0507772846428],[-81.1018760544739,34.0507225125732],[-81.1019556726121,34.0506722735434],[-81.1020393353628,34.0506268159636],[-81.1021266290449,34.0505863646015],[-81.1021769375207,34.0505659676636],[-81.102228169304,34.0505472306032],[-81.1022802453879,34.0505301823152],[-81.1023330854638,34.0505148490906],[-81.1023866080446,34.050501254575],[-81.1024407305914,34.0504894197332],[-81.1024953696397,34.050479362816],[-81.1025504409289,34.0504710993325],[-81.1026177538352,34.0504635015499],[-81.1026854253196,34.0504585832116],[-81.1026826251166,34.0504940192583],[-81.1026701020192,34.050652447611],[-81.1026323327422,34.0510756556602],[-81.1035890834779,34.0511283484808],[-81.1035906453067,34.0511119409222],[-81.1036308065041,34.0506899794268],[-81.1036527242663,34.0504983978943],[-81.1036679094001,34.0504991669819],[-81.1036841497052,34.0504999901897],[-81.103754417093,34.0505035346454],[-81.103768586052,34.0505042468617],[-81.1038246866303,34.050507060124],[-81.1038078469104,34.0506989395075],[-81.1038067093116,34.0508496192391],[-81.1037587066963,34.0513997310399],[-81.1038206169208,34.0515429840158],[-81.1038471613341,34.0515229298669],[-81.1043722989777,34.0511261903439],[-81.1045561661938,34.050987277221],[-81.1047390739134,34.0508490859816],[-81.1047399859855,34.0508499382113],[-81.1049807998767,34.0510751060283],[-81.1052694122291,34.0514681365948],[-81.1054647837067,34.0516548163409],[-81.1056561956023,34.0518441988005],[-81.1062348683524,34.0524169301589],[-81.1062634134034,34.0523864213956],[-81.1070561463351,34.0515391444318],[-81.1072438997603,34.0513938192846],[-81.1073991644127,34.0515508614142],[-81.107556519777,34.0517100250125],[-81.1077951364972,34.0519513799771],[-81.1088440760616,34.0530124880165],[-81.1089796441877,34.0531496162192],[-81.1090328962027,34.0532034824062],[-81.1091305373364,34.0533022281434],[-81.1093157889362,34.0534895670695],[-81.1093279583278,34.0535019618028],[-81.1093430511098,34.0535174007702],[-81.1093517170233,34.0535263360976],[-81.1093682779152,34.0535436501852],[-81.109403208615,34.0535806518106],[-81.10945137438,34.0536331634472],[-81.109464156131,34.0536474565855],[-81.1094722004777,34.0536565709866],[-81.1095179048138,34.0537089017235],[-81.1095922781723,34.0537981736255],[-81.1096637328993,34.0538890820823],[-81.1097322170368,34.0539815610019],[-81.1097976807858,34.0540755431503],[-81.1098236031649,34.0541143496854],[-81.1099112488471,34.0542539886374],[-81.1099922244482,34.0543963903419],[-81.1100664044772,34.0545413341719],[-81.11013367397,34.054688595561],[-81.1101454976788,34.0547159143794],[-81.1101594435477,34.0547482465107],[-81.1101763056694,34.0547872918356],[-81.110185076175,34.0548075170627],[-81.1101868222556,34.0548115586888],[-81.1104622532332,34.0547152921474],[-81.1104717681299,34.0547119663666],[-81.1109140772744,34.0550588748724],[-81.1116120067507,34.0547779827503],[-81.1116549565576,34.054760696619],[-81.111850947147,34.0548713811385],[-81.1123422186512,34.0551488211691],[-81.112928020557,34.0546992123535],[-81.1130843789773,34.0545806457518],[-81.1134166883391,34.0543244756128],[-81.1134714258743,34.0542822797271],[-81.1134777146433,34.0542774319066],[-81.1135089842396,34.0542533264081],[-81.1135091924088,34.0542641293612],[-81.1135100180148,34.0543069083688],[-81.1135213597898,34.054895043939],[-81.1135230517934,34.0549827614474],[-81.1135306456878,34.0553765763647],[-81.1135358173704,34.055483987181],[-81.1135502080434,34.0569814587522],[-81.1135458509979,34.0571646255113],[-81.1133083634975,34.0571326557666],[-81.1130019725261,34.0570914906533],[-81.1126777813569,34.057047911788],[-81.1126046949263,34.057072615837],[-81.1125548642778,34.0570894585793],[-81.1120800640508,34.0572783545614],[-81.111985184092,34.057316096497],[-81.1114473221645,34.0575299876147],[-81.1113223998431,34.0575784283896],[-81.111207445803,34.0576230044896],[-81.1111950727648,34.0576037473833],[-81.1111556899382,34.0575421531191],[-81.1111144142167,34.0574761152096],[-81.1110268200598,34.0573281876569],[-81.1109420700436,34.0571735162608],[-81.1108629087636,34.0570168069194],[-81.1108423200959,34.0569734432433],[-81.1108336481904,34.0569552026038],[-81.1108197978313,34.0569251625757],[-81.1107955515962,34.056871537328],[-81.110772927229,34.0568196427725],[-81.1107639260855,34.0567972501434],[-81.1107378056811,34.0567309668412],[-81.1106936429478,34.0566316319775],[-81.1106609405854,34.0565580463341],[-81.1106427137352,34.0565171394205],[-81.1106286264723,34.0564855793309],[-81.1106091005972,34.0564403634952],[-81.1105843871887,34.0563829632433],[-81.1105591045108,34.056324294816],[-81.1105215249148,34.0562311188665],[-81.1103920982463,34.0559350796144],[-81.1103861353726,34.0559214369482],[-81.1103717772753,34.0558888834036],[-81.1103400407938,34.0558170406694],[-81.1103291096804,34.0557915190528],[-81.1102943386667,34.0557110886079],[-81.1091893349835,34.0561681982254],[-81.1090414756575,34.0562293833324],[-81.108755411705,34.0557215558261],[-81.1084863917035,34.0558311642602],[-81.1075020441389,34.0562319979684],[-81.1077993258117,34.056744952763],[-81.1084199778291,34.0564853751692],[-81.1087241871918,34.056973313328],[-81.1087950446256,34.0570869848895],[-81.1088381324888,34.0571560453498],[-81.1090442471791,34.0574867338122],[-81.1093689441625,34.058007524228],[-81.1094599664371,34.0581540144099],[-81.1092230759453,34.0582518803924],[-81.1089183742857,34.0583777036636],[-81.1086256780066,34.0584986537755],[-81.1080429834788,34.05873940803],[-81.1077570026956,34.0588594449413],[-81.1074694672982,34.0589801461774],[-81.1071745982608,34.0591039052879],[-81.1059951408386,34.0595990383554],[-81.1054054422085,34.0598465704257],[-81.1051104694827,34.0599701254142],[-81.1047686003831,34.0601027100053],[-81.1051474997906,34.0607234670184],[-81.1052002771805,34.0608099311558],[-81.1055245811015,34.060673805879],[-81.1058194491899,34.0605500200915],[-81.1064091958682,34.0603024842627],[-81.1071872412352,34.0599758512412],[-81.1074700758586,34.060192112005],[-81.1075500956485,34.0601196398758],[-81.1077183159752,34.0599672864037],[-81.107654381367,34.0599184063327],[-81.1076128228805,34.059886633503],[-81.1076482128333,34.0598545757663],[-81.1077832772597,34.0597322248523],[-81.1083746527029,34.0601844324096],[-81.1087537623898,34.0603988009977],[-81.1087794671587,34.0603663474689],[-81.1088918912334,34.0602244152039],[-81.1088935274317,34.0602263433815],[-81.1089569139308,34.0603010692785],[-81.1089685496293,34.0603147863671],[-81.1090142301778,34.06039024912],[-81.109016390659,34.0603938188095],[-81.1090834947776,34.0605046260272],[-81.1093857958776,34.0610036752052],[-81.1096382964431,34.0614205065856],[-81.1096770618338,34.0614068758024],[-81.1099433240838,34.0613132507344],[-81.1099502906773,34.0613270349793],[-81.1099960493286,34.0614175762064],[-81.1109133206734,34.0610952328356],[-81.1112157070615,34.0609524551124],[-81.1120375671935,34.0622072705212],[-81.1136439139418,34.0616359153428],[-81.1132054514692,34.061030470887],[-81.1133476120743,34.0609603161194],[-81.1135606554782,34.0608256256948],[-81.1140031501722,34.0615156282183],[-81.1141913683908,34.0618091250605],[-81.1144231415695,34.0621704496933],[-81.1146741832948,34.0625619139074],[-81.1148456713227,34.0628293221737],[-81.1151751606399,34.0633430167001],[-81.1154556841743,34.0637805172606],[-81.1151815914292,34.0638200042076],[-81.115166374085,34.0638220976122],[-81.1150768714285,34.0638344074653],[-81.1145986057957,34.0639003113428],[-81.1143411180333,34.063935623428],[-81.1141775506091,34.0639581276559],[-81.1139049264905,34.0639956357367],[-81.1136279767322,34.0640337332732],[-81.1135336683596,34.0640467019368],[-81.113425438089,34.0640615840022],[-81.1133850882765,34.0640671283562],[-81.1131082098518,34.0641054428755],[-81.1128313892817,34.0641442742926],[-81.1127196310762,34.064159982188],[-81.1125546259739,34.0641831735682],[-81.1122778515942,34.064222082155],[-81.1120035381965,34.0642573910749],[-81.1120004725426,34.0642577698434],[-81.1117233995367,34.0642956982303],[-81.111462816989,34.0643316328963],[-81.1113714164361,34.064344153676],[-81.1111936198821,34.0643685088768],[-81.1109244375555,34.0644052625321],[-81.1106552152351,34.0644422672097],[-81.1104216567089,34.0644743650757],[-81.1103860403395,34.0644792595389],[-81.1102849987342,34.0644932930035],[-81.1101254906195,34.0645154690862],[-81.1100045947969,34.0645320789156],[-81.1098695732475,34.0645506298344],[-81.1098648188294,34.0645512832554],[-81.1097022489261,34.0645736562672],[-81.1096041566492,34.0645871563797],[-81.1093434757814,34.0646229883969],[-81.1092651182061,34.064633765802],[-81.1090828954685,34.0646588287948],[-81.1089696676626,34.0646743966447],[-81.108805933847,34.0646969092646],[-81.1085067477768,34.0647380490258],[-81.1084846611414,34.0647410862689],[-81.1084823548753,34.0647414029724],[-81.1083823329118,34.0647551571786],[-81.1085800730474,34.0651539177575],[-81.1088849981982,34.0653127984857],[-81.1088806079031,34.0653135552436],[-81.1088617577845,34.0653186520179],[-81.1088445289594,34.0653268062164],[-81.1088296286438,34.0653376831223],[-81.1088176684727,34.0653508362561],[-81.1088091393934,34.0653657257026],[-81.1088043915133,34.0653817402734],[-81.1088036197274,34.065398222595],[-81.1088068557189,34.0654144960934],[-81.108529354092,34.0654018736618],[-81.1079896341846,34.0653454342223],[-81.1079640460522,34.0653427586247],[-81.1081816232541,34.0657763996002],[-81.1082897794251,34.0659919554109],[-81.1083979513282,34.0662075282331],[-81.1085087100062,34.0664282428095],[-81.1086194670879,34.0666489590785],[-81.1087302226236,34.0668697167144],[-81.108841008974,34.0670904020762],[-81.1089491793076,34.0673059752565],[-81.1090572992654,34.0675215528825],[-81.1091275403416,34.0676614464008],[-81.1091655541449,34.0677371519235],[-81.1094049122778,34.0682153560914],[-81.10946134543,34.0683280838401],[-81.1094684191364,34.0683422133365],[-81.11022581059,34.0680056112363],[-81.1104734615484,34.0678955622005],[-81.1107210750844,34.0677855514727],[-81.1109686727204,34.0676754645197],[-81.1112162795252,34.067565416735],[-81.1114638868009,34.0674553846825],[-81.1117114945265,34.067345352132],[-81.1119591351255,34.0672352568377],[-81.1122067491482,34.0671252079573],[-81.1124543506272,34.0670151649024],[-81.1127019493033,34.0669051195489],[-81.1129495907001,34.0667950853808],[-81.1131951372314,34.0666818525391],[-81.1134406928542,34.0665686092808],[-81.1138475032689,34.066380991869],[-81.1139329174429,34.0663415990986],[-81.1143417625064,34.0661530719918],[-81.1143593255904,34.0661449731004],[-81.1142815610968,34.0660237308682],[-81.1140363858768,34.0656414769893],[-81.1140355563976,34.0656401838306],[-81.1141329245299,34.0655966105361],[-81.1143510906039,34.0654990826641],[-81.1145984022528,34.0653885053518],[-81.1148457035699,34.0652779690299],[-81.1150926815559,34.0651675623542],[-81.115485676133,34.0649918608751],[-81.1158334524893,34.0648363746733],[-81.1160663411727,34.0647325759284],[-81.1161358217493,34.0648408973501],[-81.1163718967722,34.0652089469238],[-81.1166669717558,34.0656690325716],[-81.116744762104,34.0657903174834],[-81.1168846943691,34.0660085419118],[-81.1170224621473,34.0662232678618],[-81.1171779538749,34.0664657037855],[-81.1173348916763,34.0667104058739],[-81.1174203205485,34.0668215905344],[-81.1175979538297,34.0671009245055],[-81.1178839534544,34.0675506363098],[-81.1180127221843,34.0677573013256],[-81.1181125842083,34.0679175730843],[-81.1190073228803,34.0676129011029],[-81.1197266758738,34.0673562452537],[-81.1198827488536,34.0673006067092],[-81.1207208028881,34.0669970455236],[-81.1215784108534,34.0666910889743],[-81.1217485599086,34.0668917287684],[-81.121854870641,34.0670170896626],[-81.1219436769591,34.0671218100151],[-81.1221725272962,34.0673916645075],[-81.1217853871032,34.0675297385908],[-81.1211094149154,34.067770821692],[-81.1205484612505,34.0679708799935],[-81.1202456811185,34.0680788619199],[-81.1197487229578,34.0682560924412],[-81.119604284574,34.0683076024968],[-81.1195784714074,34.06831697243],[-81.1192979758831,34.0684191345348],[-81.1189599053782,34.0685460149864],[-81.1190377950447,34.0686847386841],[-81.1191005653275,34.0687965344517],[-81.1191712378901,34.0689209353845],[-81.1188367932009,34.0690371279249],[-81.118921473481,34.069155508722],[-81.119008268627,34.0692728240086],[-81.1190930931798,34.0693838020829],[-81.1191798231331,34.0694937555614],[-81.1192987184956,34.0696389184955],[-81.1194207922381,34.0697822429574],[-81.1195205370642,34.0698951435508],[-81.1196205178427,34.0700047278206],[-81.1197224630987,34.0701130514872],[-81.1197248307875,34.0701155315453],[-81.1206197569674,34.0697801176209],[-81.1206299756317,34.0697762872529],[-81.120772569209,34.0699768350508],[-81.119918998891,34.0702736946283],[-81.1198897450971,34.0702839173304],[-81.1200447616828,34.0704349432878],[-81.1201503020137,34.0705342291936],[-81.1202576699786,34.0706321487291],[-81.1202589458472,34.0706333241932],[-81.1202605211452,34.0706347689713],[-81.1202614096224,34.0706355345436],[-81.120262965291,34.0706368891721],[-81.1202650514846,34.0706387310988],[-81.1202731436887,34.0706444706056],[-81.1202797652043,34.0706476381257],[-81.1202916916609,34.0706508077206],[-81.1203087694321,34.070651048158],[-81.1203137188458,34.0706501822534],[-81.1203200171752,34.0706484899996],[-81.12109325131,34.0704279796441],[-81.121131457455,34.0704157236431],[-81.1211888588255,34.0703956236511],[-81.1212453371623,34.0703737878283],[-81.1213013364215,34.0703500106645],[-81.1213562441194,34.0703245314454],[-81.121409985587,34.0702973848204],[-81.1214624877417,34.0702686077067],[-81.121540260032,34.0702214059191],[-81.1216068747405,34.0701761473206],[-81.1216519476135,34.0701429058155],[-81.1216846646991,34.0701170422713],[-81.1217179480819,34.0700893910222],[-81.1217587941095,34.0700531194478],[-81.1217946516215,34.0700191646742],[-81.1218174016246,34.0699965560354],[-81.1218475067964,34.0699657267209],[-81.1218863829668,34.0699264589308],[-81.1220023183711,34.0698082828677],[-81.1222417235572,34.0695647266335],[-81.1223494659323,34.0694551838244],[-81.1224483327903,34.0693546151325],[-81.1225790620895,34.0694372410902],[-81.1225792399583,34.0694373626423],[-81.1225808520322,34.0694357100642],[-81.1229442491958,34.0696820313399],[-81.1236058028299,34.0701304700539],[-81.1238081358672,34.0702675095729],[-81.1238889714564,34.0703176113718],[-81.1238901372825,34.0703183342623],[-81.124119389607,34.0704782050422],[-81.1241774382322,34.070540476931],[-81.1243539416877,34.0707298220009],[-81.1244143395297,34.0707956945579],[-81.1245637442083,34.0709022232057],[-81.1249610292878,34.0711854384315],[-81.1251193157317,34.0713141551545],[-81.1252683838308,34.0712099603032],[-81.1251997105401,34.0708012540483],[-81.1251713666799,34.0706650956408],[-81.1251724111545,34.0706650657342],[-81.1251768338914,34.0706649197117],[-81.1251915086839,34.0706638517506],[-81.1252095149948,34.0706618192321],[-81.1252351187501,34.0706573949931],[-81.1252615689028,34.0706508536391],[-81.1252759569467,34.0706463334031],[-81.1252833707577,34.0706435875052],[-81.1253107016851,34.0706324998551],[-81.1253366269564,34.0706189637379],[-81.1253369203467,34.0706187957283],[-81.1253401043225,34.0706169638965],[-81.1253731539512,34.0705946417702],[-81.1253874156662,34.0705844906223],[-81.1254130084635,34.07056588645],[-81.1254269872382,34.0705549024257],[-81.1254424486981,34.0705412406992],[-81.1254672002806,34.070515694386],[-81.1254851108485,34.070493367686],[-81.1254993143778,34.0704723215164],[-81.1255118237195,34.0704500976525],[-81.1255238925337,34.070422886134],[-81.1255332576402,34.0703949469287],[-81.1255370742353,34.0703789120017],[-81.1257006320919,34.0703983852737],[-81.1262570356361,34.0704470772314],[-81.1262455564884,34.0704298874443],[-81.1260512337055,34.070138890855],[-81.1258971015341,34.06991643452],[-81.1273248039452,34.069294614581],[-81.1273667382774,34.0692049007153],[-81.1273517832229,34.0691226128615],[-81.1272812874253,34.068982267376],[-81.1272490837064,34.0689589575302],[-81.1271552483059,34.0687833051147],[-81.1271528009736,34.0687373351559],[-81.1269443416653,34.0684251809038],[-81.126826265358,34.0683604757214],[-81.1266377319326,34.0683305139313],[-81.1261658461202,34.0684474812699],[-81.1261363499648,34.0684547923485],[-81.1260126926745,34.0684688994317],[-81.1258953560289,34.0684079463346],[-81.1258851148337,34.0684057358634],[-81.1257866779921,34.0683619649698],[-81.1257683007946,34.0683419454109],[-81.1257356183276,34.0683249681959],[-81.1256391076404,34.0681080597608],[-81.1252902431342,34.0678221845393],[-81.1252491114335,34.0676635166148],[-81.1253346219312,34.0674951522232],[-81.1254332306314,34.0673009989268],[-81.1254640300942,34.0672403573529],[-81.1255001634362,34.0671811629968],[-81.1255453946262,34.0671070635712],[-81.125637514581,34.0671169087955],[-81.1257285451473,34.0671322427985],[-81.1258180145148,34.0671529864716],[-81.1258688094129,34.0671672123016],[-81.12588512059,34.0671719638861],[-81.1259011975379,34.0671765795513],[-81.1259025698196,34.0671769857223],[-81.1261553381485,34.0672506909324],[-81.1261594842495,34.0672519058005],[-81.1264212863458,34.0673280457623],[-81.12673305591,34.0674188722526],[-81.1270323400447,34.0675060282436],[-81.1273428980326,34.067596552374],[-81.127344264893,34.0675969468127],[-81.1275913446814,34.0676688281102],[-81.1275954409478,34.0676700195376],[-81.1278389464085,34.0677409563415],[-81.128085223945,34.0678126932104],[-81.1283314161837,34.0678843539363],[-81.1286272813573,34.0679711480322],[-81.1287960386907,34.0680259876487],[-81.1289622317709,34.0680860064002],[-81.1291838595947,34.0681757796669],[-81.1293204881245,34.0682370071314],[-81.1294497268094,34.0682992745786],[-81.1295421650623,34.0683466519668],[-81.1296008770967,34.0683779955374],[-81.1296661730345,34.0684140056452],[-81.1297295273948,34.0684500123365],[-81.129776042144,34.0684774399179],[-81.1298149510253,34.068500731283],[-81.1298601454895,34.0685284532607],[-81.1298976852975,34.0685520246522],[-81.1299530298995,34.0685875463838],[-81.1300098275615,34.0686252459447],[-81.1301050311206,34.0686909512942],[-81.1301364108535,34.0687134677815],[-81.1304871607253,34.0689328135821],[-81.1305819988574,34.0689921566482],[-81.1307151255981,34.0690754649328],[-81.1307483178568,34.0690962409048],[-81.1307566428841,34.0691022418771],[-81.1307659656326,34.0691088315008],[-81.1307808808656,34.069119319535],[-81.1307959920204,34.06912967842],[-81.1308190445047,34.0691452280594],[-81.1308431841626,34.0691610461533],[-81.1308633136604,34.069173942497],[-81.1308906547204,34.0691909375149],[-81.1308959330254,34.0691941428554],[-81.130750761811,34.0693304359416],[-81.1307754822535,34.0693690462541],[-81.1307808886784,34.0693774100098],[-81.1307898392783,34.0693914840166],[-81.1307938544091,34.0693976635502],[-81.1308037792069,34.0694132405421],[-81.1310091862573,34.069733824933],[-81.1310899806586,34.0698596844495],[-81.1312449650299,34.0701014538774],[-81.1312866116745,34.0701671120927],[-81.1313282746245,34.070232763062],[-81.1313319989713,34.0702386290977],[-81.1314116765133,34.0703640333158],[-81.1313231314291,34.0704018264587],[-81.1312693466891,34.0704246743293],[-81.131248241869,34.0704339199786],[-81.1303516996631,34.0708298674762],[-81.1302382853901,34.0708646661953],[-81.1302143257819,34.0708749750434],[-81.1301495148511,34.0709023703661],[-81.1297552908542,34.0710699535784],[-81.1282424605073,34.0717166484441],[-81.1294779769527,34.0733352140618],[-81.1300114951375,34.0740346707046],[-81.1300165241904,34.074041263969],[-81.1319541752221,34.0731494070587],[-81.1324344246226,34.0729283572334],[-81.1338138645756,34.0722934104968],[-81.1340200410742,34.0721984760569],[-81.1340240559769,34.0721966277778],[-81.1340958921608,34.0721635503556],[-81.1348906581349,34.0717977153904],[-81.1348911408263,34.071799426265],[-81.1349872711353,34.0721403058478],[-81.1350339198415,34.0723059163606],[-81.1350593645088,34.072396149188],[-81.1351492787803,34.0727149936553],[-81.1357218996063,34.072440951193],[-81.1364776317151,34.0734500788443],[-81.1375363798412,34.073057940226],[-81.1381228976387,34.0728508800558],[-81.1382892720543,34.0730067288146],[-81.1392042018506,34.0727858163132],[-81.1391728175328,34.0727340622969],[-81.139156818464,34.0727076779806],[-81.1390878007312,34.0725938616332],[-81.1389314339073,34.0723511857666],[-81.1388831509984,34.0722733053071],[-81.1388428139102,34.0722082397129],[-81.138742708019,34.0720467659683],[-81.1386710066258,34.0719311048136],[-81.1384387141875,34.071556406199],[-81.1383762508883,34.0714556475372],[-81.1380729169627,34.0709417845246],[-81.1378520575279,34.070567634653],[-81.1376313445107,34.070193726742],[-81.1374653897362,34.0699125836597],[-81.1372276206725,34.0695097713637],[-81.1370386164543,34.0691895731509],[-81.1368982926987,34.0689323344038],[-81.1367615110157,34.0686896276628],[-81.1366329857917,34.0684615712868],[-81.136631886788,34.0684593128702],[-81.1366307704598,34.0684570616861],[-81.1366296541346,34.0684548123054],[-81.1366285302235,34.0684525620313],[-81.1366274030663,34.0684503144659],[-81.136757040373,34.0684653696951],[-81.1369325961799,34.0684857572328],[-81.1370213942279,34.0684265817062],[-81.1370813151452,34.0683866502237],[-81.1377675854388,34.0681558967625],[-81.1376319821269,34.0678371513039],[-81.1375958320734,34.0677521785621],[-81.1370468363021,34.0679413886755],[-81.1367291049163,34.0674657701872],[-81.1366163220977,34.0672968452184],[-81.1369797206111,34.0671856222177],[-81.1363875698612,34.0662967131567],[-81.13602462357,34.0664076760782],[-81.1347471370419,34.0668054142237],[-81.1346743997149,34.0668280605409],[-81.1344787328494,34.0668976032695],[-81.1344220221297,34.0668522791734],[-81.1343480598876,34.0667844595015],[-81.1345472985715,34.0667196063857],[-81.1346522285611,34.0666869020905],[-81.1353838198984,34.0664588816133],[-81.1365299062327,34.0661013866338],[-81.1364029938336,34.065898910745],[-81.1362711229941,34.0656854747417],[-81.1362108424835,34.0655582830872],[-81.1363650937828,34.0655104830837],[-81.136397540341,34.0655672979135],[-81.1364271845806,34.0656388060969],[-81.1367449901567,34.0661507102941],[-81.1368815752141,34.0663711502851],[-81.1369725373995,34.066518384706],[-81.1373466370924,34.0671217445275],[-81.1380053154985,34.0669341586649],[-81.1383308110981,34.0674604779714],[-81.1385048595827,34.0675557933161],[-81.1386900728146,34.067657222906],[-81.1389914785647,34.0681722231657],[-81.1389986385601,34.0681844564458],[-81.1391160738715,34.0681762512473],[-81.1393325314542,34.0681611280465],[-81.1393907614817,34.0681429694617],[-81.1394198472495,34.0681339010121],[-81.1398056668032,34.0680136024833],[-81.139825839866,34.0680073139523],[-81.1398336240603,34.0680048877662],[-81.1398602825944,34.0679937471655],[-81.1401322369303,34.0678800986015],[-81.1402870066971,34.0681329938758],[-81.1403116008355,34.0681747872065],[-81.1405642918922,34.0686041892424],[-81.1405171529871,34.0686219823648],[-81.1404697401098,34.0686398812764],[-81.1399764082611,34.0688260891982],[-81.1397975028871,34.0688936151218],[-81.1397552732555,34.06890955397],[-81.139376354788,34.0690525850865],[-81.1393510714391,34.0691042241707],[-81.1394186595118,34.0692172305698],[-81.1396744962654,34.0696449851789],[-81.1397176708793,34.0696275791573],[-81.1397737488772,34.0696634211901],[-81.140083653697,34.0697815941173],[-81.1402825272254,34.069833361743],[-81.1405267984309,34.0698614444989],[-81.1407970995385,34.0698454571209],[-81.1408038800369,34.0698771400877],[-81.1409792428204,34.0698514567882],[-81.1411497429322,34.0698087585433],[-81.1411708777912,34.0697769672215],[-81.141537419292,34.0696298511115],[-81.1416631492121,34.0698181303699],[-81.1416838125486,34.0698560524477],[-81.1421816522264,34.070660383278],[-81.1421833460065,34.070663144104],[-81.1422936484076,34.0708429536679],[-81.1423154536252,34.0708784992816],[-81.142363237686,34.0709547172054],[-81.1424034587508,34.0710243659848],[-81.1424542135751,34.0711068616064],[-81.142518246103,34.0712109382412],[-81.1430141861209,34.0720168067985],[-81.143221160787,34.0723913754481],[-81.1433527536201,34.072629520111],[-81.1433703798121,34.0726614185208],[-81.1435694891625,34.0726227433497],[-81.1437968004679,34.0725785890289],[-81.1448632785414,34.0723714254283],[-81.1448671452763,34.0723698754292],[-81.1449870995311,34.0723217919346],[-81.1451266872185,34.0722658371123],[-81.1451356152056,34.072262373224],[-81.1457418037951,34.0720271674082],[-81.1460567463899,34.0718409402003],[-81.1468113308839,34.0714604543695],[-81.1470655002257,34.0717165100678],[-81.1478745110704,34.0714069366928],[-81.1480542312733,34.0713381647031],[-81.1481047535021,34.0713188309313],[-81.1482689836532,34.0712340081601],[-81.1483162080295,34.0712118397323],[-81.1486169406246,34.0710703492658],[-81.1491200230155,34.0708336569246],[-81.1495799918443,34.0706184213861],[-81.1496388335063,34.0705908842469],[-81.1491369020417,34.0704474094403],[-81.1490816815391,34.0704249913021],[-81.1489183679637,34.0703557258692],[-81.1487565284843,34.0702840960378],[-81.1485962184043,34.0702101215843],[-81.1484374898115,34.0701338430279],[-81.1482803795541,34.0700552603308],[-81.1481249418828,34.0699744122066],[-81.1479712234303,34.0698913184431],[-81.1478192729975,34.0698059997272],[-81.1476380801462,34.0696999831235],[-81.1475595952607,34.0698208824985],[-81.1472260083805,34.069942538957],[-81.1467571704934,34.0691530347176],[-81.1467068260145,34.0691737374056],[-81.146619034248,34.0690259059376],[-81.146669372162,34.0690052041937],[-81.1465955306515,34.068880847858],[-81.1463823689139,34.0684811337921],[-81.1466312329641,34.0683856662979],[-81.146813858701,34.0685514527957],[-81.1469538775185,34.0686734629797],[-81.147096415615,34.0687934204851],[-81.1472414610214,34.0689112955621],[-81.1473889432264,34.0690270395945],[-81.1475388459315,34.0691406264445],[-81.1476911029731,34.0692520165079],[-81.1478456752927,34.0693611809688],[-81.1480025043094,34.0694680802145],[-81.1481615672207,34.0695726881149],[-81.1483227881262,34.0696749758983],[-81.1484861355149,34.069774894903],[-81.1486515486743,34.0698724280617],[-81.1488189852937,34.0699675483663],[-81.1489883922079,34.0700602180018],[-81.1491468420766,34.0701436402487],[-81.149159720621,34.0701504198868],[-81.1493329108507,34.0702381080995],[-81.1494159732963,34.0702785317617],[-81.1495079108631,34.0703232736779],[-81.149684677254,34.0704058860096],[-81.1497493240724,34.0704348766245],[-81.1498016696166,34.0704457797982],[-81.149885889903,34.0704633241728],[-81.1499031892065,34.0704669262667],[-81.1502567717004,34.0702937278287],[-81.1504820776885,34.0701833672828],[-81.1506955363248,34.0700788068198],[-81.1508783431852,34.069989267448],[-81.1509232315484,34.0699672811946],[-81.1510702098031,34.0698952840951],[-81.1511281496864,34.0698668988537],[-81.1513558329434,34.0697553670317],[-81.1514081659731,34.0697297377326],[-81.1514440729806,34.0697121480399],[-81.1514701978016,34.0696993582216],[-81.1515607619996,34.0696549893666],[-81.1517315352956,34.0695713351915],[-81.1519521510441,34.0694632706696],[-81.1520446027575,34.0694179803304],[-81.1523007487143,34.0692925033979],[-81.1523961424889,34.0692457764067],[-81.1525113612027,34.069189338181],[-81.1526053549922,34.0691432971266],[-81.1526768703027,34.069108259865],[-81.152720689251,34.0690867936413],[-81.1527219645162,34.0690861717128],[-81.1531631060289,34.0688700730933],[-81.1533876792505,34.0687600651936],[-81.1534072442731,34.0687504786424],[-81.1534192498136,34.0687445983413],[-81.1534488989683,34.0687289354841],[-81.1534885328983,34.0687079908241],[-81.1536741823551,34.0686099003024],[-81.1534632274191,34.0683276889495],[-81.1534257682643,34.0682775870376],[-81.1531724785056,34.0679387438363],[-81.1553675695887,34.0674552033588],[-81.1558081370757,34.0673581501586],[-81.1564281159936,34.0672215686044],[-81.1570392410845,34.0670898281854],[-81.157026101204,34.0671696630229],[-81.1569666008652,34.0673929562255],[-81.1569767762127,34.0675053431281],[-81.1570308810675,34.0676192335017],[-81.1573354944446,34.0676705596795],[-81.1575040040225,34.0676392766528],[-81.1575911626025,34.0676230935125],[-81.1580066215327,34.067498112086],[-81.1592821847585,34.0671847883644],[-81.1596043906646,34.0671287974008],[-81.159894611766,34.0670378126432],[-81.1600114065499,34.0669300657093],[-81.1603358332895,34.0669112961265],[-81.1604340540294,34.0670217539627],[-81.1604966849559,34.0671456306382],[-81.1606500527364,34.0674489635699],[-81.1607166590984,34.0675806904727],[-81.1610737468879,34.0676708437394],[-81.1613947588735,34.06750195309],[-81.1627712668177,34.0667777150134],[-81.1628362301727,34.0666977349657],[-81.1632008282398,34.0662488500561],[-81.1636197350422,34.0657330954751],[-81.1638278881533,34.0656536033029],[-81.1638765818251,34.0656357740101],[-81.1651186622032,34.0651906409487],[-81.1656717869786,34.0649924112434],[-81.1669697674724,34.0644807152616],[-81.1679041743958,34.0653500401196],[-81.1680814200455,34.0655149398871],[-81.1682791540221,34.065698895846],[-81.1674459743767,34.0663868895904],[-81.1674372123439,34.0663941266241],[-81.167109162831,34.0666644660088],[-81.1674392137153,34.0672880357478],[-81.1674726090702,34.0672775852484],[-81.1675869776469,34.0672394446916],[-81.1677003464471,34.0671992756818],[-81.1677376526569,34.0671852617725],[-81.1678808233103,34.067457476952],[-81.1678897322759,34.0674699695021],[-81.1678962833267,34.067483442668],[-81.1678987488819,34.0674920883154],[-81.1677919405542,34.0675757081436],[-81.167285975518,34.0679737199503],[-81.166995840249,34.0682019477487],[-81.1668439688545,34.0683214134729],[-81.1667078411749,34.0684284948475],[-81.1664198340826,34.0686550412726],[-81.1661318363167,34.068881591509],[-81.1658572499781,34.0690975815336],[-81.1658438316073,34.0691081365618],[-81.1655078195,34.0693724381168],[-81.1652198115118,34.0695989861991],[-81.1651272654745,34.0696717815991],[-81.1648551851424,34.0698857931311],[-81.1647089163049,34.0700008440046],[-81.1646677861745,34.0700331978501],[-81.1645393556861,34.0701356797044],[-81.164040660134,34.0705336232431],[-81.1638502688634,34.0706855517037],[-81.1636597871265,34.0708375530208],[-81.1632542312765,34.0711611699011],[-81.1631342286267,34.0712569198227],[-81.1628067988834,34.0715275847438],[-81.1626323783855,34.0716717782324],[-81.1625261278962,34.0717596053637],[-81.1618702490772,34.0723033660029],[-81.1618498361262,34.072320626524],[-81.1617832941092,34.0723768909421],[-81.1617672257412,34.0723904786342],[-81.1617931263045,34.0727559214795],[-81.1618420172198,34.0741844365533],[-81.1618554376972,34.0744904013827],[-81.161863616131,34.0745138029756],[-81.1619160522978,34.0748291106681],[-81.1620242364746,34.075206841372],[-81.1623118379835,34.0755692199452],[-81.1626615274978,34.0758726410155],[-81.1631067695373,34.0760479414943],[-81.163602098395,34.0761219197285],[-81.1639753541096,34.0761172193241],[-81.1639195865934,34.0761585441106],[-81.1638709444835,34.0765159053228],[-81.1636136422138,34.0764814593642],[-81.1632422142687,34.0764320624178],[-81.1629629614823,34.0765168223102],[-81.162190292491,34.0767513420724],[-81.1621261756609,34.0766099028026],[-81.1615020489064,34.0768245729694],[-81.1613032633598,34.0768929445427],[-81.1612843362666,34.0768549279597],[-81.1610231389815,34.0769445976513],[-81.1609831709829,34.0769583180969],[-81.1605488749914,34.0771074030037],[-81.1606775914516,34.0773603898258],[-81.1607163112818,34.07743649598],[-81.1607956776954,34.077605452734],[-81.1608229585551,34.0776644578897],[-81.1610014010409,34.0780809066638],[-81.1610471324185,34.07818763472],[-81.1610473119955,34.0781880510652],[-81.161013735773,34.0783019340121],[-81.1609913581521,34.0783929456429],[-81.1608748587538,34.0786784209635],[-81.1607207738722,34.0789023931474],[-81.1605662704606,34.0792827798512],[-81.1604193066216,34.0792744921261],[-81.1604191632876,34.0792772388399],[-81.160419018875,34.0792799882603],[-81.1604188690342,34.0792827322775],[-81.1604187191933,34.0792854762948],[-81.1604185628524,34.0792882212221],[-81.1604184075933,34.0792909652463],[-81.1604182458426,34.079293714689],[-81.1604180840817,34.0792964587217],[-81.160417921239,34.0792992036573],[-81.1604177540599,34.079301947697],[-81.1604175803791,34.079304691745],[-81.1604174077836,34.0793074366933],[-81.160417233009,34.0793101753326],[-81.1604170528465,34.0793129302092],[-81.1604168726639,34.0793156742656],[-81.1604166870546,34.0793184138206],[-81.1604164971193,34.0793211578895],[-81.1604163093528,34.0793239028574],[-81.1604161183338,34.0793266469278],[-81.1604159208046,34.0793293864982],[-81.1604157232837,34.079332130577],[-81.1604155268465,34.0793348746543],[-81.1604153217419,34.0793376196446],[-81.1604151122926,34.0793403592303],[-81.1604149028518,34.0793431033245],[-81.1604146934109,34.0793458474187],[-81.1604144774598,34.0793485870128],[-81.1604038181959,34.0794563060001],[-81.1603964759688,34.0795129249891],[-81.1603879523561,34.0795694309886],[-81.1603782473202,34.0796258050629],[-81.160367355402,34.07968202648],[-81.160355287417,34.0797380853073],[-81.1603420454867,34.0797939580978],[-81.1603276339114,34.0798496277137],[-81.1603120591757,34.0799050860309],[-81.1602953201382,34.079960303295],[-81.160287280058,34.0799850152931],[-81.1605018122091,34.0800744765025],[-81.1605315488819,34.080086877698],[-81.160841545762,34.0799952506099],[-81.1609142617179,34.0798841952378],[-81.1609268804266,34.07986492614],[-81.1611025507083,34.0798805824621],[-81.1611800852223,34.0798874933602],[-81.1613390495204,34.0798519752335],[-81.1614426173641,34.0798288360012],[-81.1615262843644,34.0799731480824],[-81.1612918784126,34.0805457485358],[-81.1612763825933,34.0806175976625],[-81.1611990969377,34.0808102777311],[-81.161134194737,34.0809444314438],[-81.1610843018667,34.0811797164843],[-81.1610807614072,34.0811964139386],[-81.1610641214677,34.0812749036026],[-81.1609967361349,34.0814658322234],[-81.1609414957443,34.0816223503561],[-81.160817730827,34.081948748636],[-81.1607231528501,34.0821981737954],[-81.161168103703,34.0822744476736],[-81.1613818552373,34.0822314105173],[-81.1618223029883,34.0821705662613],[-81.1618482631687,34.0822688988408],[-81.162247877286,34.0825212382391],[-81.1622316908041,34.0822646764721],[-81.1621491120576,34.0818499009886],[-81.1621324139237,34.0817660310895],[-81.1622936234636,34.0814899595957],[-81.1627089568275,34.0811247709784],[-81.1628280965477,34.0808908354045],[-81.1628514901848,34.0808449018359],[-81.1629071211312,34.0806003347159],[-81.1628288387264,34.0801422036069],[-81.162830458671,34.0801347084927],[-81.1628705543437,34.0799491868168],[-81.1629282345206,34.0797987896815],[-81.1630026919154,34.0796046487538],[-81.1630102490678,34.0795674164297],[-81.1630542959895,34.0793503999748],[-81.1630941835542,34.0791538716024],[-81.1631075713529,34.0790879156853],[-81.1631454439268,34.0789643514833],[-81.1632115586181,34.0787486593725],[-81.1632259317141,34.078701771854],[-81.1632839963045,34.0783111617608],[-81.1633206001421,34.0782039836466],[-81.1633719036761,34.0780537145361],[-81.1636246808176,34.0781518375679],[-81.1636637704931,34.0782960230571],[-81.1638050776662,34.078478447627],[-81.163896507556,34.0787332673369],[-81.1639050640027,34.078748683858],[-81.1639078400951,34.0787559901461],[-81.1639113339266,34.0787651998436],[-81.163914985224,34.0787819780682],[-81.1639263421127,34.0788049623317],[-81.163912163073,34.0789591536666],[-81.1642035531752,34.0793551625152],[-81.1643221301513,34.0795163232319],[-81.1643600497218,34.0795678412534],[-81.1644394196106,34.0796052011553],[-81.1646220580423,34.0796911728024],[-81.1646520401166,34.0797052903957],[-81.1649284269151,34.0799839424916],[-81.1651354508574,34.0800411632704],[-81.1651283280632,34.0800755854962],[-81.1651205571069,34.0801251739996],[-81.1651199768905,34.0801288815923],[-81.1651184812689,34.0801462770574],[-81.1651165669796,34.0801685538924],[-81.1651161737052,34.0801731151309],[-81.1651157152132,34.0801905533995],[-81.1651151273084,34.0802128320776],[-81.1651150061286,34.080217445252],[-81.1651155892737,34.0802350155848],[-81.1651163318026,34.0802571464213],[-81.1651164869745,34.08026177095],[-81.1651181069096,34.0802792055535],[-81.1651201759448,34.0803013995473],[-81.1651206030355,34.0803059840404],[-81.1651232620265,34.0803233334057],[-81.1651479323537,34.0804344989252],[-81.1651622957736,34.0804771997882],[-81.1651644775555,34.0804830479112],[-81.1652240318948,34.0806140112678],[-81.1654149216573,34.0810225966879],[-81.1656030297956,34.0814252451883],[-81.1656634951424,34.0815553396665],[-81.1657067991184,34.0816485475063],[-81.165740094437,34.0817445566891],[-81.1657529042797,34.0817933828719],[-81.165763118492,34.0818426345047],[-81.1657695452496,34.0818845523915],[-81.1657707173622,34.0818922070189],[-81.1657756855442,34.0819420120707],[-81.1657780358425,34.0819919486547],[-81.1657777268946,34.0820419239529],[-81.1657747812699,34.0820918432584],[-81.1657692052646,34.0821416019675],[-81.1657627469346,34.0821805705099],[-81.1657609997855,34.0821911108118],[-81.1657506131812,34.0822385342676],[-81.1657070803363,34.0823731487126],[-81.1656866970754,34.082420158099],[-81.165663849078,34.082466377288],[-81.1656385784303,34.0825117160535],[-81.1656109380591,34.0825560859587],[-81.1655809819803,34.08259940127],[-81.1655487566297,34.0826415789692],[-81.1655257192362,34.082669417575],[-81.1654820350459,34.0827104789141],[-81.1654364103386,34.0827500541435],[-81.1653889045827,34.0827880737522],[-81.1653460445154,34.082819893498],[-81.1651527579725,34.0829471499841],[-81.1650184201964,34.0830355915652],[-81.1643766816026,34.0834580792949],[-81.1642957364519,34.0835124009669],[-81.164164383514,34.0836047924395],[-81.1658740192697,34.0853928594362],[-81.164680555812,34.0862550047842],[-81.1646188332525,34.0862995936244],[-81.1643449710528,34.0864974489695],[-81.1640071906616,34.086741453234],[-81.1641383148777,34.0868718237283],[-81.1643400465178,34.0870723759591],[-81.1643916023206,34.0871236467935],[-81.1644777430569,34.0872093097466],[-81.1646477425629,34.0873783022352],[-81.1646793839541,34.0874097524254],[-81.1647853378859,34.0875150662889],[-81.1648965908826,34.0876256767161],[-81.1649229391465,34.0876518725564],[-81.165060725394,34.0877888416252],[-81.1651985089607,34.0879258790677],[-81.1652254491008,34.0879526222772],[-81.1652619054528,34.0879888682655],[-81.1652807498144,34.0880075891523],[-81.1653052480855,34.0880319506452],[-81.1653421638103,34.088068091403],[-81.1654343696406,34.0881543693382],[-81.1655296985981,34.0882382648527],[-81.1655395116452,34.0882465616721],[-81.1656279713896,34.0883195351159],[-81.1657188867396,34.0883903886517],[-81.1657248604551,34.0883949341732],[-81.1657325564282,34.0884006973717],[-81.1658578275718,34.0884914539217],[-81.1659540669934,34.0885567910091],[-81.1660524494549,34.0886198800718],[-81.1661526188242,34.0886805096352],[-81.1662547655506,34.0887388108286],[-81.1663586726802,34.0887946681922],[-81.1664643692317,34.0888481511219],[-81.1665718804034,34.0888992169735],[-81.1666810607901,34.0889477695386],[-81.1667191917818,34.0889640397],[-81.1667553186241,34.0889790384644],[-81.1669135982663,34.0890433763434],[-81.1671471786912,34.0891383510324],[-81.167654975344,34.0893448324774],[-81.16776255135,34.0893885666516],[-81.1679666144957,34.089471527783],[-81.1681419918265,34.0895428163751],[-81.168238273012,34.0895819524228],[-81.1682618695593,34.0895906866062],[-81.1683640602242,34.0896285125234],[-81.1683750288091,34.089632839251],[-81.1684019836681,34.089643631902],[-81.1684273452987,34.0896538198759],[-81.1684579466413,34.0896660682939],[-81.168516234873,34.0896865746134],[-81.1685888394038,34.0897102579357],[-81.1686092427996,34.0897165528307],[-81.1687043860153,34.0897438735288],[-81.1688034202244,34.0897697279457],[-81.1689035789072,34.0897923864928],[-81.1692185883225,34.0898367893482],[-81.169255613585,34.0898420083287],[-81.1693304624609,34.0898500421878],[-81.1697378481341,34.0898937794632],[-81.1697383586961,34.089893833768],[-81.1697564462854,34.089895776519],[-81.1700603137289,34.0899283840499],[-81.1700778995938,34.089930349983],[-81.1701019476664,34.0899332574363],[-81.1701227487288,34.0899361440849],[-81.1701364223739,34.089938201929],[-81.1701650907545,34.0899428523032],[-81.1701565099473,34.0899250188865],[-81.170236628621,34.0899422893003],[-81.1703153436011,34.0899635636553],[-81.1703923661036,34.0899887639019],[-81.1704674135534,34.0900177975875],[-81.1705359598794,34.0900485499084],[-81.1706022913407,34.0900824982915],[-81.1706494697373,34.0901093058834],[-81.1706952542139,34.0901377372926],[-81.1707395640816,34.0901677424134],[-81.1707823212499,34.0901992683667],[-81.1708234503644,34.090232259593],[-81.1708628789396,34.0902666579505],[-81.1709005374869,34.0903024028174],[-81.1709363596366,34.0903394311988],[-81.1709702822551,34.090377677838],[-81.1710022455565,34.0904170753308],[-81.1710321932074,34.090457554245],[-81.1710600724266,34.0904990432425],[-81.1710858340778,34.0905414692046],[-81.1711094327567,34.0905847573615],[-81.1711308268705,34.0906288314239],[-81.1711499787115,34.0906736137171],[-81.1712667663159,34.090900351737],[-81.1709180550166,34.0910222253277],[-81.1708492099386,34.0910435095352],[-81.1706932146086,34.0910889960186],[-81.1705361013207,34.0911317364475],[-81.1703755197762,34.0911719229003],[-81.1701395179088,34.0912249099374],[-81.169972730533,34.0912581118332],[-81.1697923793152,34.0912901472369],[-81.1696444526086,34.0913133602387],[-81.1694994570482,34.0913336133551],[-81.1694208610365,34.0913435966848],[-81.1693251227355,34.0913546700211],[-81.1692434298659,34.0913633283823],[-81.169154328931,34.0913718002114],[-81.1690898199642,34.0913774045215],[-81.1690434291958,34.0913810797936],[-81.1689723907791,34.091386325944],[-81.1689071030405,34.0913905263999],[-81.1688623673035,34.0913931506993],[-81.1688248874737,34.0913952006694],[-81.1687937381476,34.0913967524135],[-81.1687435047997,34.0913990523218],[-81.1686128393061,34.0914048060411],[-81.1684823173429,34.0914124908117],[-81.1683519801333,34.0914221042063],[-81.1682218688425,34.0914336431887],[-81.1681855659567,34.0914373468576],[-81.1681818670219,34.0914379172195],[-81.1681643926681,34.091441012903],[-81.168135813825,34.091449096384],[-81.1681148757671,34.0914577463908],[-81.1680951266778,34.0914681534677],[-81.1680673623782,34.0914881394806],[-81.1680440473124,34.091511734983],[-81.1680114768673,34.0915463416236],[-81.1679825506484,34.0915831212643],[-81.1679645046806,34.0916101343399],[-81.1679484262514,34.0916379943417],[-81.167934372545,34.0916666021863],[-81.1679223935451,34.0916958561311],[-81.1679125318567,34.0917256521351],[-81.1679048225549,34.0917558842296],[-81.16789929306,34.0917864448948],[-81.1678959630398,34.0918172254421],[-81.1678948443399,34.091848116401],[-81.1678959409413,34.0918790079081],[-81.1678992489463,34.0919097900979],[-81.1679047565924,34.0919403534937],[-81.167912444294,34.0919705893967],[-81.167922284712,34.0920003902727],[-81.1679342428511,34.0920296501347],[-81.1679482761841,34.0920582649195],[-81.1679648356705,34.0920927534504],[-81.1679783032684,34.0921156785004],[-81.1679882329645,34.0921306338709],[-81.1680059866097,34.0921544737372],[-81.168016353566,34.0921669020051],[-81.1680230585787,34.0921744427068],[-81.1680391719056,34.0921913454537],[-81.1680489789546,34.0922012091951],[-81.1680964272858,34.0922492821117],[-81.1671614948586,34.0929886034007],[-81.1670670400443,34.0929588968907],[-81.166971453143,34.0929318125704],[-81.1668748392925,34.0929073802301],[-81.1667773047602,34.0928856267432],[-81.1666789568258,34.0928665760367],[-81.1665799036633,34.0928502490644],[-81.1664802542225,34.0928366637848],[-81.1663801181086,34.0928258351403],[-81.1660731573269,34.0930244054681],[-81.1660843454088,34.0927926478565],[-81.165128651569,34.0928003229695],[-81.1650719066026,34.0928007788969],[-81.1652075043378,34.0928508177183],[-81.1653531431392,34.0929045137661],[-81.1654355606947,34.0929341252171],[-81.1655926202788,34.0929902926071],[-81.1655326830121,34.0931183479676],[-81.1652481733598,34.0935417797698],[-81.1651120636642,34.093490983369],[-81.1645080133788,34.0932009884234],[-81.1642275087494,34.0932835161684],[-81.1641232794304,34.0934462971804],[-81.1641157574325,34.0934580442883],[-81.164269509628,34.093529695051],[-81.1642886852799,34.0935386314905],[-81.1638474567179,34.0942180963305],[-81.1637543048429,34.0943316008982],[-81.1633996536948,34.0941364917254],[-81.1628729398259,34.0938467225604],[-81.1629262077158,34.0937628640932],[-81.1627032641169,34.0936435574578],[-81.1612672088102,34.0928177282666],[-81.1611851894289,34.0928765440204],[-81.1607662544493,34.0931769478642],[-81.1611986303528,34.0933948547136],[-81.1613276805517,34.0934599210325],[-81.1615762271941,34.0935874715586],[-81.1619004488779,34.0937565147732],[-81.1624214171356,34.0940286605206],[-81.1626367003938,34.0941562992824],[-81.1626123492828,34.0941833355725],[-81.1625199955615,34.0942796639423],[-81.1624222395762,34.0943722292407],[-81.1623278169162,34.0944538095167],[-81.1622787888597,34.0944933626412],[-81.1622390914784,34.0945243312904],[-81.1621843725862,34.0945652560506],[-81.1621419403553,34.0945966475196],[-81.162115795866,34.0946159739822],[-81.1619599257801,34.0947313434445],[-81.1617473244443,34.0945944244587],[-81.1613490240177,34.0942407292332],[-81.1608704820288,34.0938157722751],[-81.1605136054247,34.0940982415338],[-81.1604803955203,34.0941246585778],[-81.1604505535116,34.0941484302423],[-81.1598377814165,34.0946358225317],[-81.1598178002158,34.0947828905625],[-81.1598246685636,34.0950546578973],[-81.1604001648436,34.0956050939325],[-81.1604190343405,34.0955910691893],[-81.1606295639972,34.0954345919862],[-81.1606903889487,34.0955064889892],[-81.1608914131118,34.0957441017652],[-81.1608565839861,34.09581084389],[-81.1608247797874,34.0958786230431],[-81.1608184872389,34.0958926613212],[-81.1608070005228,34.09591982125],[-81.1608030070606,34.0959299414591],[-81.1607827665944,34.0959816952018],[-81.160776535541,34.0959990669065],[-81.1607725916052,34.0960101734875],[-81.16074279882,34.0961040597332],[-81.1607336384499,34.0961378448882],[-81.1607210755469,34.0961876879435],[-81.1607166801334,34.0962054413846],[-81.1607126567386,34.0962215947651],[-81.1607071619948,34.0962438237607],[-81.1607030332407,34.0962604380352],[-81.1606970909607,34.0962844592459],[-81.1606921566796,34.0963044333172],[-81.1606842447576,34.0963364225098],[-81.1606757191417,34.0963706089861],[-81.1606685324347,34.0963997686711],[-81.1606588302613,34.0964388717211],[-81.1606551207319,34.0964536352049],[-81.1606959516934,34.0964728476735],[-81.1608256853557,34.0965324756806],[-81.1609565353279,34.0965903910565],[-81.1610884689453,34.0966465793423],[-81.1612214532721,34.0967010265107],[-81.1613975683299,34.0967698850813],[-81.1615753505125,34.0968357122049],[-81.1614968874409,34.0970517681939],[-81.1614780824976,34.0971031261332],[-81.1612796193892,34.0976451523893],[-81.1612792419671,34.097646181695],[-81.1613626789144,34.0976715313497],[-81.1614482707807,34.0976975345699],[-81.1619840571138,34.0978602303476],[-81.1620223057921,34.0978717589279],[-81.1622290813505,34.0979340854288],[-81.1622828950131,34.0976846368965],[-81.1623614584863,34.0973204587952],[-81.1625048044485,34.0971231192303],[-81.1625196855506,34.0971269832952],[-81.1626721930253,34.0971652727611],[-81.1627715129478,34.0971889821599],[-81.1628028047477,34.0971962546748],[-81.1628215062189,34.0972005519129],[-81.1629717495976,34.0972338256497],[-81.163122634902,34.0972650245661],[-81.1631598914228,34.0972723901467],[-81.1635734860939,34.0973492112165],[-81.163935415821,34.0974157433137],[-81.1638829632314,34.0976175307452],[-81.1636469164128,34.0985568539126],[-81.1628578490055,34.0984169692625],[-81.1625510384824,34.0997618207809],[-81.162292883243,34.1009427761442],[-81.1621618229365,34.1015423116069],[-81.1613698794425,34.1011977747072],[-81.1610952159213,34.101078280123],[-81.1610805137195,34.1010718837471],[-81.1610802159349,34.1006919593564],[-81.161080187135,34.1006534478176],[-81.1604995079058,34.1007024391462],[-81.1603835960961,34.1007122178615],[-81.160166014804,34.1007305582765],[-81.1601654817001,34.1007062172608],[-81.160165442345,34.1007042922286],[-81.1601626264944,34.1005490169603],[-81.1601607439151,34.1003192798928],[-81.1601605148824,34.1000636796424],[-81.160160792797,34.0997916185803],[-81.1601624629998,34.0995285941264],[-81.1601626303438,34.099508458529],[-81.1601640490905,34.0992756974138],[-81.160164129039,34.099269158338],[-81.160384366231,34.0992576519132],[-81.161956218482,34.0991194384846],[-81.161975895307,34.0991177077567],[-81.1619749530676,34.0988131850614],[-81.1606313098466,34.0989303093686],[-81.1603864206868,34.0989517232466],[-81.1601678679939,34.0989634691551],[-81.160169599818,34.0988219746108],[-81.1601699765618,34.0987978812716],[-81.160170473032,34.0987374032405],[-81.1601704308955,34.0987095495391],[-81.1601713147841,34.098548094714],[-81.1601481783718,34.0985457810788],[-81.1601521959862,34.0977758098143],[-81.1601543193268,34.0973755193202],[-81.1592948156273,34.097260332161],[-81.1592808704652,34.0972584637291],[-81.1590698083674,34.0975567895701],[-81.1590630467921,34.0975530427349],[-81.1585814173124,34.0972861339304],[-81.1583605599261,34.097519689038],[-81.1579448613323,34.0979592853843],[-81.1576705664934,34.0981880209459],[-81.1576200096045,34.0982301817784],[-81.1574929505656,34.0983462248725],[-81.1574854518596,34.0983530727103],[-81.1573464353055,34.0982477109724],[-81.1572711719443,34.0981906686963],[-81.1572464613353,34.0981749954375],[-81.1571019969034,34.0980833638683],[-81.1569280574956,34.0979730360863],[-81.1568375070481,34.0979156007862],[-81.1566409256318,34.0977733619119],[-81.156515246101,34.0976824255035],[-81.1561191644496,34.0973958293213],[-81.1560914982837,34.0973758098445],[-81.1562337805685,34.0972621348497],[-81.1559427296589,34.0970806805753],[-81.1555193109655,34.0972893937241],[-81.1555383601299,34.0974129819473],[-81.1552074616687,34.0968746768505],[-81.1550245712825,34.0967757863361],[-81.1551444670291,34.0966318860486],[-81.155268562772,34.0964904716564],[-81.1553022581843,34.0964530314903],[-81.1553233508329,34.0964295416232],[-81.1553337121229,34.096417967337],[-81.1554978536797,34.0965456426386],[-81.156409318886,34.0971170781627],[-81.1567254761346,34.0968649462321],[-81.1567309891958,34.0968605030154],[-81.1557911356576,34.0962114915677],[-81.1556232622978,34.0960956134783],[-81.1558452013603,34.0958486186499],[-81.1551520705534,34.0954238304634],[-81.1553864911297,34.0951896832746],[-81.1560634386855,34.0956086602539],[-81.1561488453827,34.0955156267466],[-81.1564318899619,34.0952100909028],[-81.1566075080199,34.0950226358663],[-81.1566265665717,34.0950026495535],[-81.1566973070147,34.094927607322],[-81.1567438299857,34.0948785901302],[-81.156846647992,34.0947700901818],[-81.1568517203178,34.0947647458337],[-81.1568134823712,34.0946492141015],[-81.1564856226001,34.0944743031307],[-81.1562243982699,34.094334940086],[-81.1556859764244,34.0940477141851],[-81.1557733792895,34.0938265695153],[-81.1560851570224,34.0930661385571],[-81.1561710917314,34.0928564719714],[-81.1562029401558,34.0927787666075],[-81.1562623369433,34.0926338450948],[-81.1562857689859,34.0925785227814],[-81.1563236229283,34.092489106916],[-81.1563598245892,34.0924035919819],[-81.1564307416957,34.0922360741886],[-81.1564874417584,34.0921021555391],[-81.155354968328,34.0917127706922],[-81.1553288738647,34.0917037531575],[-81.155294057241,34.0916918349955],[-81.155261004811,34.0916803916076],[-81.1551912565909,34.0916558782172],[-81.1549879457742,34.0921305989849],[-81.1548416653301,34.0926069614687],[-81.1545629296134,34.093122897419],[-81.1544718819797,34.0932127089019],[-81.1543888618113,34.0932946008017],[-81.1543266162593,34.0932474256053],[-81.1544066753669,34.0931672839809],[-81.154496758858,34.09307710676],[-81.1547629035267,34.0925818143773],[-81.1549135352872,34.0921009543854],[-81.1550209773597,34.0918502830458],[-81.1553553523402,34.0910687502966],[-81.1554864043136,34.0907624386903],[-81.155389305231,34.0907425978834],[-81.1560024625695,34.0891410697894],[-81.1544081400593,34.088786084479],[-81.1541371154518,34.0895451253232],[-81.1538362953569,34.0903877863122],[-81.1535422540517,34.0912178099437],[-81.1532474121712,34.0920469572258],[-81.1530706218616,34.0921921194104],[-81.1530037982449,34.0921330641309],[-81.1529524561454,34.0920876898842],[-81.1517818921807,34.0928668573179],[-81.1515477456946,34.0930192836718],[-81.1512896872095,34.092830377056],[-81.1512282787392,34.0928894794162],[-81.151207300342,34.0929096701271],[-81.1511271734896,34.0929867413574],[-81.1510648814528,34.0930433533668],[-81.1510074997536,34.0930954663033],[-81.1509309380498,34.0931649968269],[-81.1508837497037,34.0932098613367],[-81.1507653326837,34.0933242137031],[-81.1507146013427,34.093372878519],[-81.1507115955386,34.0933757449997],[-81.1504973306541,34.0935821288005],[-81.1504071563852,34.0936689579796],[-81.1502561881875,34.0938126628634],[-81.1501459649512,34.0939150006428],[-81.150045841471,34.0940079666861],[-81.15000745191,34.094043612269],[-81.1498421475305,34.0941971361036],[-81.1496547638702,34.0943711427189],[-81.1495556359494,34.0944631991626],[-81.1494193552505,34.0945676838861],[-81.1492844796492,34.0946901002734],[-81.1492406991395,34.094730482301],[-81.1492152731201,34.0947539357751],[-81.1489206945694,34.0950447121279],[-81.1489147717939,34.0950505576026],[-81.1486254863288,34.095337278342],[-81.148566045538,34.0953849743466],[-81.1483857822787,34.0955297028551],[-81.1482361753364,34.0956678023399],[-81.148002029131,34.0958838750152],[-81.1479938883115,34.0958913884887],[-81.1478121462958,34.0960591314612],[-81.1477413793882,34.0961244530357],[-81.1475724326477,34.0962803999889],[-81.1474259158547,34.0964156517994],[-81.1472261648367,34.0966000440223],[-81.1469253912486,34.0968776889567],[-81.1468040010375,34.0969897272201],[-81.1464341483662,34.0973381540852],[-81.1461448012305,34.0976107359963],[-81.146080316513,34.0976699601645],[-81.1459496120727,34.0977899991936],[-81.14580544054,34.09792238254],[-81.1456058216271,34.0981056962102],[-81.1455342900193,34.0981713843638],[-81.1451613702717,34.0985138426897],[-81.1439360253775,34.0996390689668],[-81.1436068519773,34.099941338078],[-81.142621862281,34.1008458071604],[-81.1416519247691,34.1017364282893],[-81.140569699847,34.1027301240152],[-81.1405638738022,34.1027354739471],[-81.1398530085335,34.1033881699261],[-81.1398362174006,34.1034035867677],[-81.139818854797,34.1034195290261],[-81.1399135619045,34.1039937564484],[-81.1399983507817,34.1045079269695],[-81.1400036242586,34.1045399071124],[-81.1394204711962,34.1044444657768],[-81.1394143799431,34.1044434690458],[-81.1394013137511,34.1045108326585],[-81.1393710556792,34.1046294969898],[-81.1393355258359,34.1047471457894],[-81.1393118982931,34.104814347207],[-81.1392742426087,34.1049142774612],[-81.1392328379032,34.1050131762119],[-81.1391988979881,34.1050872049718],[-81.1391628982544,34.1051605573668],[-81.1391248581571,34.1052331937455],[-81.1390847982541,34.1053050748433],[-81.1390427401952,34.1053761618039],[-81.1389987067108,34.1054464162001],[-81.1389527215991,34.1055158000548],[-81.1389048097134,34.1055842758613],[-81.1388473192434,34.1056618678638],[-81.138787383964,34.1057381690928],[-81.1387410559901,34.1057944052024],[-81.1387290379708,34.1058084703493],[-81.1386959526443,34.1058464886081],[-81.1386360710481,34.1059130856424],[-81.1385708250431,34.1059818571617],[-81.1384990273559,34.1060531176244],[-81.1384251909643,34.1061229217807],[-81.1383846432405,34.1061595470617],[-81.1382158151752,34.1060440003149],[-81.137533914143,34.1055319546773],[-81.1372911770921,34.1057556270379],[-81.1372682404844,34.1057767624321],[-81.1379404611586,34.1062815383008],[-81.138138675592,34.1063719347456],[-81.1378417672209,34.1066281827911],[-81.1376641296507,34.106520185803],[-81.1370014775706,34.1060226041217],[-81.1366998482408,34.1063005147378],[-81.1366747671246,34.106323622541],[-81.1373265766159,34.1068130901964],[-81.1374787489757,34.1069431546083],[-81.1372995429153,34.1070986358409],[-81.1370275711991,34.1073346017738],[-81.1367599886139,34.1075667698125],[-81.1366266757212,34.1076826243502],[-81.1364952147927,34.1077999341304],[-81.1363616390731,34.107922933607],[-81.1362304919883,34.1080477284035],[-81.1361248059128,34.1081533538428],[-81.135916740051,34.1080799390564],[-81.1352471531596,34.1076390378904],[-81.1350002281852,34.1078665423039],[-81.1349692577469,34.1078950770259],[-81.1356875745642,34.1083492207564],[-81.1358716160516,34.1084465683261],[-81.1357861715193,34.1085582477194],[-81.1357329991062,34.1086310800684],[-81.135664877267,34.10872855475],[-81.1355993159023,34.1088272368122],[-81.1355277602387,34.1089411126658],[-81.1354723591917,34.1090342887401],[-81.1354192132672,34.1091283692878],[-81.1352896656515,34.1093813149969],[-81.1352249231733,34.1095243110283],[-81.1351651005759,34.1096687820871],[-81.1350917263877,34.1098548099006],[-81.1350687156761,34.1099098524446],[-81.1350145753001,34.1100457640101],[-81.1350063021422,34.1100665313695],[-81.1348061447422,34.1099923397434],[-81.1336418847645,34.1091180408655],[-81.1333761900249,34.1093628409379],[-81.1323360618569,34.1103216396799],[-81.1301858072087,34.1123036684931],[-81.130195856529,34.1123510238358],[-81.1302247566158,34.1124872356877],[-81.1304696597268,34.1127689856145],[-81.1308280565034,34.1129344447465],[-81.1311633365219,34.1132579691352],[-81.1313541352408,34.1134420689259],[-81.1316854107293,34.1139746032902],[-81.1317646325613,34.1144173747801],[-81.1318863936671,34.114678660757],[-81.1322527867417,34.1149950699786],[-81.1326681906838,34.1151940521745],[-81.1326939882501,34.1152064082174],[-81.1331498607408,34.1141699024465],[-81.133295672716,34.1138383690969],[-81.1336947826579,34.1129308973],[-81.1338576296924,34.1129628242889],[-81.134504980756,34.1130897346937],[-81.1347913983258,34.1131458961862],[-81.1348383522783,34.113208806466],[-81.13483963843,34.1132104785781],[-81.1348955056925,34.1132796566196],[-81.1349706479124,34.1133648562903],[-81.1350174536894,34.1134140206327],[-81.135061289241,34.1134577023982],[-81.1351136447271,34.1135070428087],[-81.1351799841455,34.1135656669516],[-81.1352476297562,34.1136214087868],[-81.1352985030289,34.1136607890321],[-81.1353049870184,34.1136657267538],[-81.1353277194703,34.1136826633938],[-81.1353853178748,34.1137237918382],[-81.1354176080799,34.1137459116913],[-81.1354630267495,34.1137758383471],[-81.1354809679891,34.1137874702218],[-81.13589511677,34.114043814803],[-81.1364967346356,34.1144159958539],[-81.1366144021848,34.1144887894358],[-81.137106779579,34.1147933853507],[-81.1379794004495,34.1153331975027],[-81.1380035606353,34.1153481736245],[-81.1380849051358,34.1154020139141],[-81.1381629547175,34.1154591287066],[-81.1382525252293,34.1155322901268],[-81.1383366612983,34.1156097861981],[-81.1384150602497,34.1156913381465],[-81.1384874400443,34.1157766526072],[-81.1385448649037,34.1158530581576],[-81.1385974601842,34.1159318324331],[-81.1386360778763,34.1159966160105],[-81.138671428034,34.1160626774155],[-81.1387034496739,34.1161299026982],[-81.1387320875535,34.1161981759008],[-81.1387572922669,34.1162673792576],[-81.1387790203296,34.1163373933985],[-81.1387972342537,34.1164080975541],[-81.1388119026128,34.1164793697649],[-81.1388223182845,34.1165471075656],[-81.1388295566464,34.1166151311801],[-81.1388336067246,34.1166833375508],[-81.1388344623755,34.1167516233428],[-81.1388321222952,34.1168198851008],[-81.1388265900214,34.1168880194057],[-81.1388178739281,34.1169559230312],[-81.1388059872132,34.1170234931001],[-81.1387914199469,34.1170887277757],[-81.1387738972914,34.117153457663],[-81.1387534443033,34.1172175901775],[-81.1387300902304,34.1172810335887],[-81.1387054787597,34.1173401243001],[-81.1386783477925,34.1173984469613],[-81.1386487318799,34.1174559272881],[-81.1386166687384,34.1175124920688],[-81.1385821992013,34.1175680692577],[-81.1385453671676,34.1176225880668],[-81.1385062195453,34.1176759790562],[-81.1384648061924,34.1177281742222],[-81.1384211798526,34.1177791070841],[-81.1383753960888,34.1178287127689],[-81.1383275132121,34.117876928094],[-81.1382775922075,34.1179236916475],[-81.1382256966564,34.1179689438665],[-81.1381718926553,34.1180126271131],[-81.1381162487319,34.1180546857477],[-81.1380588357578,34.1180950661997],[-81.1380061923279,34.1181352193807],[-81.1376179820482,34.1184313139699],[-81.137531672485,34.1185056980624],[-81.1374515117748,34.1185846984267],[-81.1373778559819,34.1186679641696],[-81.1373110322809,34.1187551254512],[-81.137251337503,34.1188457951279],[-81.1371990368178,34.1189395704716],[-81.1371543625546,34.1190360349586],[-81.1371175131706,34.119134760119],[-81.1370963779004,34.1192051915401],[-81.1370792239386,34.1192763676018],[-81.1370660887925,34.1193481327191],[-81.1370570011843,34.119420330019],[-81.1370519809894,34.1194928016835],[-81.1370510391916,34.1195653892941],[-81.1370541778601,34.1196379341788],[-81.1370613901443,34.1197102777585],[-81.1370696431322,34.1197654571071],[-81.1370800969598,34.1198203777983],[-81.137092740077,34.1198749791304],[-81.1371075585141,34.1199292007546],[-81.1371197866749,34.1199686642959],[-81.1371472892561,34.1200394945116],[-81.1371780737099,34.1201093844502],[-81.1372120937339,34.1201782289736],[-81.1372492981581,34.1202459245161],[-81.1372974142042,34.120318636497],[-81.1373479132052,34.1203902220296],[-81.1375257207364,34.1206118467382],[-81.1380058386674,34.1203403708599],[-81.1381050578817,34.1202842685618],[-81.1383985762323,34.1201891536638],[-81.1387837984563,34.120064287783],[-81.1389003006849,34.1200265244982],[-81.1392864490225,34.1199013746942],[-81.1395236654027,34.1198244627793],[-81.1398661883913,34.1197134424657],[-81.1400491450726,34.1196541407634],[-81.1400551350502,34.1196521990224],[-81.1400872134483,34.1196639864984],[-81.1401431193337,34.1196845293886],[-81.140186224458,34.1196895959567],[-81.140252484826,34.1196973846758],[-81.1402736871478,34.1196998764104],[-81.1402857590609,34.1196998618806],[-81.1404047544142,34.119699722975],[-81.140443868282,34.1197018004098],[-81.1404796069203,34.1197036986085],[-81.1405220645803,34.1197059534745],[-81.140591176762,34.1197259618645],[-81.1407010794181,34.1198032992786],[-81.1407498744145,34.1198654179632],[-81.1408095100016,34.1199335790762],[-81.1408582892464,34.1199707773027],[-81.140928975223,34.120001612809],[-81.1410318205616,34.1200233445588],[-81.1410505105778,34.1200262294362],[-81.1411211346697,34.1200371316243],[-81.1411847190775,34.1200293518985],[-81.1412329628638,34.1199780721457],[-81.1412971251171,34.1199248167421],[-81.1414164315192,34.1198288800943],[-81.1414702852664,34.1197972178681],[-81.1415192472327,34.1197549701408],[-81.1416215430352,34.1196531638372],[-81.1416237804984,34.1196458000301],[-81.1422853639461,34.1196408713056],[-81.1425183585357,34.1196391508009],[-81.142917144706,34.1196362212992],[-81.1429303233823,34.1196361240891],[-81.143040316897,34.1195284252436],[-81.1432671318028,34.1193063515055],[-81.1435044282978,34.1190740393593],[-81.1437791753063,34.118805043929],[-81.1431715780773,34.1185592001007],[-81.1431587371744,34.1185595638428],[-81.1420799404736,34.118590101899],[-81.1420865289808,34.1186237024276],[-81.1419733699139,34.1184328465777],[-81.1421565959266,34.1183599640425],[-81.1422472375364,34.1183239087993],[-81.1421657490963,34.1182209372022],[-81.1420902555659,34.1181255399624],[-81.1421807272183,34.1179934242953],[-81.1425034662692,34.117522126826],[-81.1425590011214,34.1174410288316],[-81.1426700453218,34.1172571250022],[-81.1430746951929,34.1172229028819],[-81.143105788573,34.1172202729614],[-81.1430781890182,34.1171654279925],[-81.1429601369863,34.1169308411112],[-81.1429226090771,34.1168562671854],[-81.1430425827252,34.1164789545335],[-81.1431519290533,34.1161348779406],[-81.1431911292726,34.1159372228386],[-81.1432441556664,34.1156698559868],[-81.1432004381671,34.1154757083498],[-81.143218981052,34.1154045007185],[-81.1433140723693,34.115039333011],[-81.1434992698164,34.1148984238422],[-81.1435777941977,34.1146673233069],[-81.1438050658233,34.1145206826895],[-81.1444289955056,34.1144338392093],[-81.1446751018342,34.1136977721809],[-81.1446878415527,34.1136596273362],[-81.1446885459019,34.1136575202044],[-81.1459535427787,34.1138508934709],[-81.145994534396,34.1145049496514],[-81.1460488758294,34.1153719681213],[-81.1460619845704,34.1155824674463],[-81.1460687949697,34.1156897243795],[-81.1460868056476,34.1159771478341],[-81.1461026923014,34.1162305364745],[-81.1461092868448,34.1163357495441],[-81.1461176598826,34.1164693470118],[-81.146128010829,34.1166344718737],[-81.1461292075757,34.116653540865],[-81.1461462700393,34.1169256477123],[-81.1461639177297,34.1172071402684],[-81.1461758376662,34.1173971855001],[-81.1461893144445,34.1176120889268],[-81.1462063349296,34.1178835122691],[-81.1462073335539,34.1178995338298],[-81.1462297770532,34.118257689029],[-81.1462342502032,34.1183290881717],[-81.1462484184604,34.1185551741711],[-81.1462523610001,34.1186179954128],[-81.1462709251332,34.1189139378479],[-81.1462920313035,34.1192504164797],[-81.1463563833661,34.1193770086238],[-81.1462670804259,34.1194061927267],[-81.1462573661147,34.1194065837653],[-81.1461357036102,34.1194114868358],[-81.146014486212,34.1194173946295],[-81.1458247715105,34.11942444037],[-81.1458234825486,34.119424487868],[-81.1458201513955,34.1193320675939],[-81.1458186405477,34.1192901505902],[-81.145761041742,34.1192929313022],[-81.1455519231252,34.1193030244992],[-81.1454424243123,34.1193083021656],[-81.1454555481575,34.1193309305173],[-81.1456114430567,34.1195997566438],[-81.1457635584022,34.1198621228954],[-81.1458789901697,34.1200611534329],[-81.1459465341432,34.1201776333582],[-81.1460583116095,34.1202877035643],[-81.1463128544742,34.1205382927349],[-81.1465891466438,34.1208102758457],[-81.1466431057915,34.1208633874186],[-81.1466476573794,34.1208603812809],[-81.146655028935,34.1208555116645],[-81.1467024235323,34.1208241189919],[-81.1467559345967,34.1207887327831],[-81.1468279844073,34.1207411178033],[-81.146844660602,34.1207301526941],[-81.1471432066707,34.1205241703872],[-81.1475631218213,34.1202346980631],[-81.1479589837861,34.1199618031388],[-81.1480290592999,34.1199208124274],[-81.1481010204251,34.1198821474799],[-81.1481747556297,34.1198458682216],[-81.1482501506324,34.1198120308803],[-81.1483288941612,34.1197800629559],[-81.1484091350671,34.1197507836626],[-81.1484907407015,34.1197242414023],[-81.1485735761603,34.1197004800523],[-81.1486235076704,34.119832261148],[-81.1487516716458,34.1201715560517],[-81.1487831712321,34.120163822563],[-81.1488657418016,34.1201435514478],[-81.1489731786321,34.1201171758992],[-81.1491000144019,34.1200859945099],[-81.1493279810309,34.1201181512337],[-81.1495561421609,34.1201498384352],[-81.1497247238051,34.120177669333],[-81.1497121739318,34.1203147432235],[-81.1496952266418,34.120506567463],[-81.1496782780476,34.1206983087367],[-81.1496616262467,34.1208899405372],[-81.1496355058583,34.12118464129],[-81.1496230582102,34.1213251756255],[-81.1496060821801,34.1215200258414],[-81.1495881327504,34.1217256161331],[-81.149690596119,34.1220814865049],[-81.1497697839943,34.1222020979548],[-81.1498005411298,34.1222488513586],[-81.1499721170732,34.12250965777],[-81.149976707737,34.1225166356805],[-81.1501217976274,34.1224500027393],[-81.1501468891306,34.1224942769884],[-81.1502996352555,34.1227636481217],[-81.1504265575604,34.1229874770998],[-81.1505414174393,34.123190023957],[-81.1506266117871,34.1233403403425],[-81.1506654253663,34.123406907009],[-81.150746643684,34.1235462989585],[-81.15085548399,34.1237330942764],[-81.1508987697441,34.1238074125162],[-81.1509564445156,34.12390674908],[-81.1510613557974,34.1240875375257],[-81.1512726031813,34.1244515423941],[-81.1515317659409,34.1248980995946],[-81.1515406259145,34.1249133685164],[-81.1516006111013,34.1248759986115],[-81.1516252692597,34.1248606319964],[-81.1518415845099,34.1247258673306],[-81.1519948156937,34.1246303462685],[-81.1521092651202,34.1245590454052],[-81.1522533196935,34.1244694186585],[-81.1522944827236,34.1244438049257],[-81.1524795748963,34.124328422757],[-81.1525914044379,34.1242585393799],[-81.1526644948828,34.1242128232167],[-81.152849380712,34.1240971954866],[-81.1529828379925,34.1240143353375],[-81.1530347299744,34.123982116926],[-81.1531746282911,34.1238951000432],[-81.1532199819515,34.1238668722966],[-81.1534050325617,34.1237514626291],[-81.1536878563027,34.1235748110668],[-81.1539123513043,34.1234349183362],[-81.1541693230924,34.1234102230941],[-81.154384587125,34.1234435286993],[-81.1543804881034,34.1234905436722],[-81.154378608216,34.1235376561377],[-81.1543789503564,34.1235847936774],[-81.1543815140022,34.1236318838341],[-81.1543862952163,34.1236788542234],[-81.154393286653,34.1237256326448],[-81.1544024775689,34.1237721471928],[-81.1544138538398,34.1238183263675],[-81.1544217085563,34.1238471358431],[-81.1544286287441,34.1238723488085],[-81.1544351069907,34.1238959780853],[-81.1544421058106,34.123921503832],[-81.1544464210263,34.1239372533809],[-81.1544517076226,34.1239565885727],[-81.1547928757358,34.1252005953932],[-81.1550187988287,34.12601402982],[-81.1550345261311,34.1260690833797],[-81.1548269266207,34.1261269211197],[-81.1547380788241,34.126151656423],[-81.1544981720052,34.126218409887],[-81.154177714455,34.1263075783078],[-81.1539119759123,34.1263814786701],[-81.1536707500762,34.1264486153743],[-81.1534983652797,34.1264965646936],[-81.1533885667442,34.1265271001081],[-81.1533260074448,34.1265445407898],[-81.1530710450549,34.1266155993119],[-81.1528274415111,34.1266834802785],[-81.152765390392,34.1267075761876],[-81.15275673227,34.1267109383419],[-81.1521338389821,34.1269419603723],[-81.1521216482498,34.1269464773387],[-81.1516440982175,34.127123557668],[-81.1515394308398,34.1271601480149],[-81.1514898055262,34.1271781256213],[-81.151536154583,34.1272488746237],[-81.1516958244286,34.1275464764589],[-81.1518244028437,34.1277841522422],[-81.1519220818167,34.1279646970269],[-81.1520876088798,34.1282706460171],[-81.1521552496208,34.1283960252743],[-81.1522618422087,34.1285935048426],[-81.1523565725076,34.1287690170269],[-81.1524513107753,34.1289445246119],[-81.1525714080776,34.1291670149812],[-81.1525839356732,34.1291902338431],[-81.1527311146785,34.1294629715322],[-81.152753438437,34.1295043361718],[-81.1523809350114,34.1296699740564],[-81.1510257237111,34.1302725734685],[-81.1486286953645,34.1313384076571],[-81.1487709136286,34.1316087032388],[-81.1487976002572,34.1316594244721],[-81.1485294792023,34.1317786339472],[-81.1485180150322,34.1317780588575],[-81.1471172619476,34.1317077338019],[-81.1467383768213,34.1316887228017],[-81.145094612889,34.1316070192809],[-81.1407312735551,34.1324852504889],[-81.1400886547791,34.1326141884721],[-81.1381924450028,34.1329945949978],[-81.1368312908634,34.1334311266311],[-81.1367574195402,34.1333309071777],[-81.1367315843716,34.133171260831],[-81.1365389210574,34.1327670064077],[-81.1364618425367,34.1325755061905],[-81.1364103611964,34.1324159158502],[-81.136294846867,34.132203160261],[-81.1362182771607,34.1320221186681],[-81.1361795243771,34.1318517672562],[-81.1361153776732,34.1317348801789],[-81.1360253363786,34.1315113367727],[-81.1358587506936,34.1313519361026],[-81.1358200500098,34.131139124865],[-81.135768541287,34.1309581565349],[-81.1356147472935,34.1308413174804],[-81.1355890522486,34.1307562964211],[-81.1355502964438,34.1305326921346],[-81.1355116856554,34.1303837387135],[-81.1354088632279,34.1301708799714],[-81.1352804047082,34.1299579850209],[-81.1351522915079,34.129777422534],[-81.135100883441,34.1296073405095],[-81.1350108120905,34.1293305057547],[-81.1349338319945,34.129181678536],[-81.1348822390609,34.1289900223288],[-81.1348053007834,34.1288412517756],[-81.1347409745304,34.1286708400312],[-81.1347120949605,34.1286325404331],[-81.1346768951694,34.1285858603399],[-81.1345927078616,34.1284409701676],[-81.134510049415,34.1282987120565],[-81.134445754976,34.1281389930077],[-81.1343815702708,34.1280007615087],[-81.1343814204662,34.1279049528691],[-81.1343042114275,34.1276282252803],[-81.1341375782699,34.1274794718101],[-81.1339581147303,34.1272562422226],[-81.1337914022538,34.127011807569],[-81.133637503215,34.1268309005392],[-81.1335605836181,34.1267138462756],[-81.1333936148355,34.1265222176811],[-81.1331463833283,34.1263702771609],[-81.132766661984,34.1261513213075],[-81.1325688577649,34.1259598435356],[-81.1324387386291,34.1257575580276],[-81.1323210900589,34.1255491755187],[-81.132091119942,34.1253311319001],[-81.1318973822578,34.1251704236337],[-81.1317215973415,34.1250243689268],[-81.1315362535994,34.1248705498736],[-81.1327733711293,34.1239271724402],[-81.13735763971,34.1207291121149],[-81.1372115297316,34.1205475342269],[-81.1371580285554,34.1204807381737],[-81.1371082820054,34.1204119642599],[-81.1370623955863,34.120341358357],[-81.137020466615,34.120269070222],[-81.1369825840136,34.1201952531794],[-81.1369488281211,34.1201200637963],[-81.1369192705233,34.1200436615501],[-81.1368939739006,34.1199662084903],[-81.1368729918957,34.1198878688945],[-81.1368563689994,34.1198088089207],[-81.1368441404566,34.119729196254],[-81.1368363321915,34.1196491997513],[-81.1368329607529,34.1195689890833],[-81.1368340332792,34.1194887343744],[-81.1368395474831,34.119408605842],[-81.1368494916568,34.1193287734354],[-81.1368638446968,34.1192494064752],[-81.1368825761491,34.1191706732947],[-81.1369056462734,34.1190927408822],[-81.1369330061276,34.1190157745274],[-81.1369645976721,34.1189399374705],[-81.1370003538924,34.1188653905562],[-81.1370401989419,34.1187922918924],[-81.1370840483024,34.1187207965152],[-81.1371318089636,34.1186510560596],[-81.1371833796204,34.1185832184384],[-81.137238650888,34.1185174275284],[-81.1372975055335,34.118453822865],[-81.1373598187252,34.1183925393466],[-81.1374254582968,34.1183337069487],[-81.1374942850282,34.1182774504475],[-81.1375661529404,34.1182238891563],[-81.1376531726773,34.1181577317017],[-81.1379303095896,34.1179470360691],[-81.1380210995993,34.1178808203011],[-81.1381065895853,34.1178098921353],[-81.1381864266493,34.1177345443704],[-81.1382602812313,34.1176550880491],[-81.1383232908426,34.1175778881491],[-81.1383806491935,34.1174976985803],[-81.1384321518672,34.1174148051489],[-81.1384776153192,34.1173295032968],[-81.1385168775308,34.1172420970493],[-81.1385497985868,34.1171528979309],[-81.1385762611733,34.1170622238551],[-81.1385961709962,34.1169703979913],[-81.1386094571166,34.116877747613],[-81.1386160722036,34.1167846029314],[-81.1386159927024,34.116691295918],[-81.138609218918,34.1165981591223],[-81.1385957750142,34.1165055244857],[-81.1385757089265,34.116413722159],[-81.1385490921916,34.1163230793257],[-81.1385160196916,34.1162339190356],[-81.1384762367949,34.1161456979951],[-81.1384301317096,34.1160596322121],[-81.1383778721736,34.1159760347735],[-81.1383196483118,34.1158952097864],[-81.1382556719441,34.1158174512712],[-81.1381861758144,34.1157430420927],[-81.1381114127444,34.1156722529311],[-81.1380316547132,34.1156053412971],[-81.1380188451977,34.1155952838288],[-81.1379859020487,34.1155704378239],[-81.1379653973782,34.1155554738709],[-81.1379352334737,34.1155344352403],[-81.1379045497972,34.1155137560454],[-81.1378741552469,34.1154942162377],[-81.1378509335728,34.1154797340691],[-81.1377674347366,34.1154282996181],[-81.1376987792261,34.1153855885874],[-81.1375931855079,34.1153204460071],[-81.1367494792025,34.1147980728669],[-81.1354293436533,34.1139815731249],[-81.1353536801117,34.1139352205461],[-81.1352798148463,34.1138869030557],[-81.1352078215856,34.1138366688838],[-81.1351377721888,34.1137845681733],[-81.1350519101035,34.1137159612989],[-81.1349694188905,34.1136445505465],[-81.1348904307894,34.1135704504002],[-81.1348150724229,34.1134937796553],[-81.1347434645935,34.1134146612281],[-81.1346757220899,34.1133332219585],[-81.1346119535034,34.1132495924065],[-81.1345522610531,34.1131639066436],[-81.1338484050185,34.1130259081637],[-81.1338302685936,34.11302235256],[-81.133630911384,34.1134757333839],[-81.1335688317246,34.1136169157818],[-81.1335098154569,34.1137511303185],[-81.1334992700282,34.1137751126611],[-81.1332394392606,34.1143660125287],[-81.1331877818506,34.1144834884266],[-81.1330598189999,34.1147744965684],[-81.1327816884935,34.1154069946805],[-81.1327466117734,34.1153901915962],[-81.1326489553138,34.1153434097475],[-81.1321500167336,34.1151044117121],[-81.1317443647201,34.1147540967035],[-81.1316038964668,34.1144527473876],[-81.1315260430444,34.1140174528384],[-81.1312163334439,34.1135195610571],[-81.1307221135308,34.1130426949766],[-81.1303573074137,34.112874279366],[-81.1300686527915,34.1125422074906],[-81.1300558008094,34.1124816680826],[-81.1300454720699,34.1124330146115],[-81.1299770717128,34.1123348252853],[-81.1299688600866,34.1123133523777],[-81.1299675453552,34.112309913864],[-81.1299701095214,34.1122908119088],[-81.1299724528674,34.112273360249],[-81.1299934986388,34.1122310875595],[-81.1300008382388,34.1121913349611],[-81.1299937164099,34.1121471351044],[-81.1299688952191,34.1121207762646],[-81.1299358730882,34.1120964782078],[-81.1299006576609,34.1120827500631],[-81.1298622350036,34.1120793683714],[-81.1298230484052,34.1120747557784],[-81.1297829586353,34.1120606999751],[-81.1297498616297,34.1120449200681],[-81.1297258896122,34.1120093956701],[-81.1297060676874,34.1119697895616],[-81.1296733100032,34.1119295540564],[-81.1295872136851,34.1118775406033],[-81.1295643236025,34.1118599601759],[-81.1295508886665,34.1118496418932],[-81.1295215637273,34.1118219982628],[-81.1294967009986,34.1117873367479],[-81.1294780186074,34.1117420046795],[-81.1294454172797,34.1117111680072],[-81.1293905001622,34.1116776351158],[-81.129338753905,34.1116534654975],[-81.1292891372861,34.1116311042047],[-81.1291861136851,34.1115902879489],[-81.1291370548294,34.1115646448203],[-81.1290899783107,34.1115358464554],[-81.1290403214584,34.1115032042073],[-81.1289628834362,34.1114326356741],[-81.1289181196836,34.1114091511179],[-81.1288571531942,34.111379398676],[-81.1288186702198,34.1113311890534],[-81.1288021658375,34.1112849475345],[-81.1287694512329,34.1112353830098],[-81.1287338975743,34.1112053616154],[-81.1286899340807,34.1111906061635],[-81.1284059529529,34.1111873203203],[-81.1283517198151,34.1111902869628],[-81.1283061550661,34.1111971804416],[-81.1282613390292,34.1112067456955],[-81.1282181672417,34.1112227021117],[-81.1281684821092,34.1112361838224],[-81.1281247224367,34.1112410258654],[-81.1280724707451,34.1112460885402],[-81.1280213646801,34.1112488372165],[-81.1279769326444,34.1112491453769],[-81.1279488821549,34.1112491742658],[-81.1279039084395,34.1112489816267],[-81.1278725304443,34.1112486090716],[-81.127839230383,34.1112481897958],[-81.1277778522197,34.1112467254949],[-81.1277179232205,34.111240752201],[-81.1276690519217,34.1112322094649],[-81.1276513059742,34.111229107001],[-81.1275963728314,34.1112235351712],[-81.1275340344212,34.1112346185428],[-81.1274679643829,34.1112425363239],[-81.1273997873008,34.1112623835865],[-81.1273432831969,34.1112808338757],[-81.1272735498932,34.1112951716266],[-81.127208164898,34.1113008929892],[-81.1271451855154,34.111304511855],[-81.1271379928199,34.111304438966],[-81.1270855831619,34.1113039055927],[-81.1270310399078,34.1113098312729],[-81.12697158563,34.1113331498466],[-81.1269207469188,34.1113422915735],[-81.1268106370872,34.1113409748472],[-81.1267321516373,34.111352719894],[-81.1266697920864,34.1113694581578],[-81.1266011666352,34.111375064385],[-81.1262853214586,34.1114253782691],[-81.1261746194855,34.1114254294217],[-81.1259855048787,34.1114160238953],[-81.1256743729029,34.1114465270594],[-81.12553496455,34.1114659376817],[-81.1254436950207,34.1114867927288],[-81.1253942575666,34.1115322428616],[-81.125353147894,34.1116053578745],[-81.1253049386592,34.1117267421754],[-81.1252422897477,34.1118272437948],[-81.1251780587964,34.1119059706268],[-81.1250374192871,34.1119873008323],[-81.1248317740786,34.1120869091303],[-81.1247107310062,34.1121268919147],[-81.1244949910118,34.1121715175469],[-81.1243306891509,34.1121630954157],[-81.1242255730908,34.112147170583],[-81.1241990630941,34.1120716646994],[-81.1241946757249,34.1120512461533],[-81.1241019223745,34.1120166054197],[-81.1240257140911,34.1119956860183],[-81.1238851827598,34.1119250204064],[-81.1237512809976,34.1118343065072],[-81.1234960417727,34.1116834037034],[-81.1234096807516,34.1116239429077],[-81.1233205151797,34.1115280319254],[-81.1231721199074,34.1114115673198],[-81.1230196418391,34.1113279329512],[-81.1228265248536,34.1112088026648],[-81.1227195319299,34.1111642493304],[-81.1225125453158,34.1111491855353],[-81.1223652791573,34.1111796756231],[-81.1221943915234,34.111219921448],[-81.1220800318435,34.1113166068494],[-81.1220408916239,34.1113845892052],[-81.1219673678101,34.1114770352816],[-81.1219165693511,34.111576138622],[-81.1218442027063,34.1116752630911],[-81.1217844463012,34.1117680769576],[-81.1216944072854,34.1118649284002],[-81.1216151100149,34.1119319959629],[-81.121526641036,34.1120032715434],[-81.1214523576487,34.1120476218123],[-81.1213470862823,34.1120816961626],[-81.1212328345413,34.1120934501151],[-81.1210818234019,34.1120741320147],[-81.1210097909521,34.1120689571479],[-81.1195811036733,34.1124553382732],[-81.1195041697989,34.1122020534614],[-81.1194396382506,34.1119974236497],[-81.1194288719929,34.1118869770487],[-81.1193686698304,34.1117021446987],[-81.1193384848718,34.1116523128846],[-81.1192575660438,34.1114190714109],[-81.1192065411153,34.1112327982887],[-81.1192164041628,34.1111073018321],[-81.1191457032352,34.1108897431949],[-81.1190949378948,34.1108481858776],[-81.1189937540109,34.110521348994],[-81.1189090981713,34.1103263544434],[-81.1189030615166,34.1103124500788],[-81.1188928147265,34.1102038630355],[-81.1188988048801,34.1101292923763],[-81.118902965276,34.1100775078959],[-81.118821933075,34.1098850128434],[-81.1187311035635,34.1097432950137],[-81.1187209841031,34.1095595117043],[-81.1187508903036,34.1094499322791],[-81.118730547888,34.1093409743367],[-81.1186597396471,34.1092408433059],[-81.1186599668775,34.109073272125],[-81.1186090511657,34.1089217824605],[-81.118558893403,34.1088222042089],[-81.1185285932047,34.1086468373938],[-81.1185179004268,34.1085460763343],[-81.1185179091768,34.1083865221257],[-81.1184369485877,34.1082442220415],[-81.1183766959344,34.1081436984449],[-81.1183563187949,34.1080097378671],[-81.1183056694798,34.1078847768816],[-81.1182954802002,34.1078172240195],[-81.1182348145998,34.1077502917646],[-81.1181742516533,34.1075907942446],[-81.1181248202537,34.1075171716312],[-81.1180633733534,34.1073822960484],[-81.1179021184414,34.1070805166867],[-81.1177913444937,34.1069472142898],[-81.1177601846403,34.1068121186618],[-81.1177104785065,34.1067050962436],[-81.1176699246627,34.1065791705122],[-81.1176389711303,34.1064274702781],[-81.1175585423471,34.106335554702],[-81.1175382240582,34.1062433910635],[-81.1174477696347,34.1060354445769],[-81.1174171038812,34.1059249686303],[-81.1173362719071,34.1058746593266],[-81.1171756674988,34.1057081946483],[-81.1169925852076,34.1055478579772],[-81.1168226080468,34.1054069768023],[-81.1165709280669,34.105247849109],[-81.116368817579,34.1050968815393],[-81.1162478477618,34.1050551975734],[-81.116117217919,34.1049967269902],[-81.1156937142752,34.1048547446584],[-81.1156134130138,34.1048550105655],[-81.1156131929115,34.1048630266746],[-81.1153709860761,34.1047377393557],[-81.1151609734928,34.1046797237642],[-81.1149885593075,34.1046963561891],[-81.1148981635895,34.1046546426039],[-81.1147872886737,34.1046128054104],[-81.1145953120297,34.1045291014635],[-81.1145351996898,34.1044870738446],[-81.1143838996708,34.104453717752],[-81.1140419831732,34.1044541754421],[-81.1139009134271,34.1044794976976],[-81.1137702629034,34.104446121925],[-81.1137395432742,34.1043785874229],[-81.1136394899227,34.1043208499492],[-81.113457860472,34.1042537400517],[-81.1133162936418,34.1041616863385],[-81.1132061935118,34.1040535719814],[-81.1130037649404,34.1040027980097],[-81.1129040446628,34.1039363277977],[-81.1128732329589,34.103927623957],[-81.1127120049292,34.1038019494549],[-81.1125101996443,34.1037016477093],[-81.1123984230133,34.1036257402342],[-81.1122887035928,34.1035429609218],[-81.1121987709056,34.1034595910781],[-81.1119790087502,34.1033104932994],[-81.1118150612374,34.1032080084894],[-81.1116846265534,34.1030750040334],[-81.1115345988247,34.1029584789438],[-81.1114226308698,34.1028656805337],[-81.1113966266667,34.1028492428375],[-81.1112509318669,34.1027567612398],[-81.1109581449835,34.1024215000197],[-81.1106863251001,34.1021961518838],[-81.1106160117911,34.1021124766494],[-81.1105149831226,34.10196183859],[-81.1104250861681,34.1019036602573],[-81.1103629245641,34.101869075758],[-81.1101323178706,34.101710965706],[-81.1100310321089,34.1016268883837],[-81.1098795017863,34.1014088751858],[-81.1097392977722,34.1013010710308],[-81.109541614169,34.1010510345101],[-81.1094363186623,34.1009238744653],[-81.1093228475374,34.1008299285019],[-81.109305406488,34.1008154881541],[-81.109284086925,34.1007743714789],[-81.1092141587667,34.1006395050401],[-81.109164064914,34.1004882484676],[-81.1090834316225,34.1004055840596],[-81.1089220553544,34.1001712786367],[-81.1088819189495,34.1000790775998],[-81.1087909571114,34.0998698896034],[-81.1087196640277,34.0997344442682],[-81.1086452018161,34.0996324025109],[-81.1085488984634,34.0994935435457],[-81.1084878992554,34.09933366081],[-81.1083564372027,34.0991490271416],[-81.1083065051608,34.0990322673168],[-81.1082760741788,34.0989153002191],[-81.1082559568847,34.0987901161475],[-81.1081949607643,34.0986309960528],[-81.1081445904497,34.0985298869548],[-81.1080540721277,34.0984293853258],[-81.1080637173266,34.0982541718488],[-81.1079426225382,34.0981029286332],[-81.1079356907926,34.0980913922727],[-81.1079023908537,34.098035973398],[-81.1079115722319,34.0980169093546],[-81.1079426643423,34.0979523438185],[-81.1078613939085,34.0977252969692],[-81.1078146880858,34.0976519309763],[-81.1077604813277,34.0975667838296],[-81.1077605923348,34.0972904247076],[-81.1076497207901,34.0970565325602],[-81.1076291867504,34.096963603526],[-81.1074979810294,34.0966129253889],[-81.1074165565935,34.0964437074573],[-81.1073059584057,34.0962439775142],[-81.1072858539981,34.0961266188481],[-81.1072148381583,34.0960257173836],[-81.1070834996608,34.0959340289453],[-81.1070230587209,34.0958501049773],[-81.1070035286947,34.0958255014607],[-81.1069057664193,34.0956156450359],[-81.1068811546446,34.0955633715426],[-81.1068220333861,34.0954324959108],[-81.1067310816057,34.0951640405637],[-81.1067104676618,34.095004693718],[-81.1066198608666,34.0948293751003],[-81.1065390256783,34.0947620727941],[-81.1063978981264,34.0945448097287],[-81.1063276811247,34.0943438990822],[-81.1062863724052,34.0939582275993],[-81.1062957935672,34.0937605957703],[-81.1062633060457,34.093720143571],[-81.1061820940816,34.0936257593932],[-81.1060989661638,34.0934189932731],[-81.1060844799201,34.0933829637134],[-81.1060193690323,34.0931941102322],[-81.1058731016649,34.0929513549692],[-81.1058241951439,34.092748993915],[-81.1056616083714,34.0924252895512],[-81.1055477283593,34.0921420262874],[-81.1054014464881,34.0918857767705],[-81.1052551644007,34.0916295234563],[-81.1051414187802,34.0914542051636],[-81.1049952205922,34.0912654223546],[-81.1048651902896,34.0910361447889],[-81.1047513815767,34.0908068515907],[-81.1046051700102,34.0906045719509],[-81.1045076304169,34.0904157484398],[-81.1042246431141,34.0902700979425],[-81.1040692994258,34.0900953563092],[-81.103869682617,34.0898831966013],[-81.1036779392382,34.089751014452],[-81.1035478188545,34.0896625996122],[-81.1034909840942,34.0896139787755],[-81.1031930361605,34.089358718359],[-81.1030966141549,34.0892955770951],[-81.1024715983276,34.0888883786623],[-81.1018400183949,34.0885019382117],[-81.1015453630795,34.0883568907217],[-81.101283125456,34.0882244603685],[-81.1012225883968,34.0881949264698],[-81.101040116138,34.0881056120662],[-81.1008185363441,34.0879211386932],[-81.100585264764,34.0877920231643],[-81.1002972716815,34.0877001682701],[-81.1000852746433,34.0876170780506],[-81.0996314790638,34.0874518455528],[-81.0994982835912,34.0873226476565],[-81.0993318255309,34.0871934762169],[-81.0990905119964,34.0870479031981],[-81.0988951162765,34.0869376002821],[-81.0988469135265,34.0869097262102],[-81.0986781933843,34.086807037154],[-81.0986001805347,34.0867884902098],[-81.098599596301,34.086778948182],[-81.0984339596091,34.0866135119568],[-81.0982812543069,34.0865028604398],[-81.0982560357516,34.0864845870826],[-81.0982314435784,34.0864767303479],[-81.0979677620777,34.0863924880344],[-81.0977459378343,34.0862359226376],[-81.0975127395597,34.0861623871721],[-81.0973052656508,34.0860167840759],[-81.0971465867538,34.085913369114],[-81.0970584127232,34.0857841333288],[-81.0969023037526,34.0857477803981],[-81.0966243024668,34.0856086718603],[-81.0963821369619,34.0854626162917],[-81.0961817809497,34.0852683375094],[-81.0960139298229,34.0851665980966],[-81.0958153475388,34.0850193147841],[-81.0956603497435,34.0848724754807],[-81.0954740892695,34.0847173095383],[-81.09526001319,34.0845583478273],[-81.0951273827776,34.08441172963],[-81.0950833695736,34.0842824576595],[-81.0949401710911,34.0841725863655],[-81.0947496509339,34.0840515385969],[-81.0946271631064,34.0839312790887],[-81.0945059721456,34.0838123971406],[-81.0943721936269,34.0836641081641],[-81.0941363108235,34.0834863140818],[-81.0938852095846,34.0832875362834],[-81.0937182244009,34.0831857930605],[-81.0935416988461,34.0830112928558],[-81.0933520135803,34.0828635227314],[-81.0932636433255,34.0828080022178],[-81.0930195218185,34.08269748847],[-81.0928644428082,34.082467145366],[-81.0925084001163,34.0822620024302],[-81.0924599103253,34.0822288773668],[-81.0924317959003,34.0822150610759],[-81.0924097050313,34.0822017181888],[-81.0923878939887,34.0821845573669],[-81.0923715347747,34.0821693004463],[-81.0923416776041,34.0821330605921],[-81.0922877328066,34.0820949288672],[-81.0922555992936,34.0820741978155],[-81.0921646407643,34.0820117598225],[-81.0920777063525,34.0819567143773],[-81.0920515870247,34.0819316841003],[-81.092026334269,34.0819123779569],[-81.0919970682025,34.0818925986926],[-81.0919672247453,34.0818699570074],[-81.091938816075,34.0818473133511],[-81.0918797071489,34.0818053693487],[-81.0918561697207,34.081780813208],[-81.0918217300855,34.0817486323813],[-81.0917881523013,34.0817197898379],[-81.0917620397485,34.0817009621667],[-81.0917009319521,34.0816664142519],[-81.0916619219968,34.0816509368143],[-81.091587907303,34.0816128195902],[-81.091572686979,34.0815901670247],[-81.0915689338465,34.081565358196],[-81.0915574364355,34.081539124106],[-81.0915267333652,34.0815160050547],[-81.0914963260445,34.0815019521949],[-81.0914696415181,34.0814821709025],[-81.0914469654145,34.0814592848654],[-81.091423720632,34.0814406930545],[-81.0914036289407,34.0814197139687],[-81.0913961571357,34.0814044503759],[-81.0913775080827,34.0813908658238],[-81.0913534051904,34.0813744224385],[-81.0913284449924,34.0813598876389],[-81.0913241234999,34.0813396128788],[-81.0912937032863,34.0813143466546],[-81.0912693166956,34.0812990963871],[-81.0912231350443,34.0812802824446],[-81.0912001811428,34.081264077131],[-81.0911780962013,34.0812569357896],[-81.0911445418363,34.081249803763],[-81.0911181513181,34.0812383717581],[-81.0910992163667,34.0812269342795],[-81.0910751141511,34.0812100129472],[-81.0910547394713,34.0811928508333],[-81.0910289151659,34.08117473873],[-81.0909778454682,34.0811428078953],[-81.0909640668876,34.0811275497965],[-81.0909431174067,34.0811099101932],[-81.0909261912023,34.0811001411331],[-81.0908693828517,34.0810643976318],[-81.0908421323325,34.081052250261],[-81.0908151699218,34.0810420115356],[-81.090782470627,34.0810286752094],[-81.0907374463078,34.0810198815393],[-81.0906878273412,34.0810039336514],[-81.0906276020127,34.0809894244534],[-81.090549009862,34.0809584675002],[-81.0905028144126,34.0809272488508],[-81.0904715465441,34.0809127184733],[-81.0904397140452,34.0809053460556],[-81.0904073027015,34.0808936802385],[-81.0903803436513,34.0808865423023],[-81.0902862862447,34.0808725354443],[-81.0901225114389,34.080816590467],[-81.0900989753669,34.0807915569957],[-81.0900585453334,34.0807894394112],[-81.089983951437,34.0807432110076],[-81.0899718945977,34.080729621466],[-81.0899558240054,34.0807150799483],[-81.0899374614912,34.0807036418765],[-81.0899142288003,34.0806950701701],[-81.0898935680553,34.0806786240065],[-81.0898883739623,34.0806473754446],[-81.0898539376729,34.0806182940452],[-81.0898364347869,34.0806039924938],[-81.0897856562763,34.080575162742],[-81.0897652833233,34.0805613402452],[-81.0897578117231,34.0805448845257],[-81.0897502867805,34.0805344223291],[-81.0896969650105,34.0804848087885],[-81.0896200683818,34.0804288003715],[-81.0895939671347,34.0804199917284],[-81.0894998798257,34.0803766399323],[-81.0894743462379,34.0803613901351],[-81.089446809717,34.0803499585982],[-81.0894189895103,34.0803418670922],[-81.0893848681939,34.0803392668543],[-81.0893381114969,34.0803178296251],[-81.0893226204398,34.0803102062188],[-81.0890589727529,34.080158664877],[-81.0890317137331,34.0801367356573],[-81.0890110505751,34.0801176654494],[-81.0889619920253,34.0800895491591],[-81.0889444899419,34.0800778713763],[-81.0889346733594,34.0800696262047],[-81.0889117745312,34.0800483123905],[-81.08889799585,34.0800313841416],[-81.0888816343621,34.0800139798475],[-81.088868715662,34.0799987208963],[-81.0888580866953,34.0799782116099],[-81.0888464515627,34.0799655594047],[-81.0888420889182,34.079960409408],[-81.088817294413,34.079938669534],[-81.0887172156079,34.079868123964],[-81.0886963256082,34.0798517255506],[-81.0886717622807,34.0798313217759],[-81.0886501814326,34.0798122512598],[-81.0886267598964,34.0797872661119],[-81.0886065597168,34.0797714388578],[-81.0885797033537,34.0797519906808],[-81.0885548740021,34.0797373289888],[-81.088550325372,34.0797346443152],[-81.0884789335129,34.079678201153],[-81.0884597975359,34.0796613370828],[-81.0884408517497,34.0796397363338],[-81.0884321190689,34.0796116307833],[-81.0884306686974,34.0796069638035],[-81.0884155111629,34.0795883665639],[-81.088388486869,34.0795730698124],[-81.0883735254777,34.079577661008],[-81.0883647597131,34.0795848239022],[-81.0883556569994,34.0795994313298],[-81.0883532631305,34.0796130313129],[-81.0883367720349,34.0796359457893],[-81.0883229103092,34.0796519352721],[-81.0883197606545,34.0796555685889],[-81.0882950319182,34.0796976695156],[-81.0882682594954,34.079732459241],[-81.088258961269,34.0797445402843],[-81.0882584396513,34.0797452187206],[-81.088239373006,34.0797737173319],[-81.0882206471837,34.0797974926831],[-81.0881355307351,34.0798759309932],[-81.0881042632577,34.0798165953941],[-81.0881761580618,34.0797443664629],[-81.0881912221377,34.0797172926571],[-81.0881964767702,34.0797078501093],[-81.0881978813061,34.0796794596258],[-81.088204733774,34.0796515422633],[-81.0882198997586,34.0796224260691],[-81.0882290437204,34.0795930752048],[-81.088244789259,34.0795680143651],[-81.0882980447892,34.0794985523394],[-81.0883008895505,34.0794766015504],[-81.088285382327,34.0794529938907],[-81.0882452107171,34.0794201001904],[-81.0882096385703,34.0794024714082],[-81.0881723448247,34.0793798331856],[-81.0881399112725,34.079346695011],[-81.0880902572014,34.0792940061281],[-81.0880658556587,34.0792651569526],[-81.0880532246221,34.0792501357539],[-81.0880311246919,34.0792265327347],[-81.0880055824285,34.079202217116],[-81.0879708633654,34.0791762371733],[-81.0879441771996,34.0791533533228],[-81.0879011342114,34.0791183137327],[-81.0878259687353,34.0790732773439],[-81.0878073111427,34.0790513426683],[-81.0877897927315,34.0790222487226],[-81.0877670574761,34.0789950204363],[-81.0877406424792,34.0789595398367],[-81.0877257007369,34.0789259599909],[-81.087710764041,34.0788994412198],[-81.0876951240699,34.0788580361551],[-81.087677669883,34.0788355280402],[-81.0876551647813,34.0788086331924],[-81.087624634608,34.078785179415],[-81.0876032771789,34.0787594288853],[-81.0875860518748,34.0787371108507],[-81.0875683635418,34.0787102125896],[-81.0875520510343,34.0786829310422],[-81.0875313842796,34.0786596614446],[-81.0875079586084,34.0786310495111],[-81.0874941704787,34.0786043396475],[-81.0874796883188,34.0785728585635],[-81.0874592362782,34.0785358462484],[-81.087435351128,34.0785060894861],[-81.0874045856886,34.0784759561491],[-81.0873887159664,34.0784471035348],[-81.0873834056786,34.0784135168659],[-81.0873622513849,34.0783614279817],[-81.0873406605355,34.0783318607429],[-81.0873204601599,34.0783152704495],[-81.0873024029513,34.0782952387247],[-81.0872935805188,34.0782721555225],[-81.0872908033274,34.0782477281697],[-81.0872484781913,34.0781280910122],[-81.0872422589818,34.0781021386236],[-81.0872308768254,34.0779612946658],[-81.0872466490113,34.077908034677],[-81.0872430589838,34.077901618115],[-81.0872265841547,34.0778721644776],[-81.0871852071661,34.0777982022939],[-81.087182080689,34.0777926122482],[-81.0871739474977,34.0777769908821],[-81.0871476088397,34.0777264086971],[-81.0871388699415,34.0777033218149],[-81.0871322051909,34.0776899662476],[-81.0871172553592,34.0776500880637],[-81.0871119536566,34.0776237536094],[-81.0870905943499,34.0775957127086],[-81.0870791068559,34.0775773985558],[-81.0870257673884,34.0774512796058],[-81.0870054660744,34.0774171272387],[-81.0869993451807,34.077406828891],[-81.0869887718794,34.0773848875174],[-81.0869830116729,34.0773583622199],[-81.0869827589759,34.0773356507928],[-81.0869813578914,34.0773110313059],[-81.0869776630044,34.077286604582],[-81.0869626970272,34.0772295484133],[-81.0869532666656,34.0772030265847],[-81.0869479660053,34.0771776461006],[-81.0869474752959,34.0771467277152],[-81.0869414823071,34.0771171494764],[-81.0869311356933,34.0770921539353],[-81.0869062830931,34.0770116302457],[-81.0868697492414,34.076947146655],[-81.0868593932237,34.0769127997525],[-81.0868536360531,34.076890282427],[-81.0868409610084,34.0768311255156],[-81.0868317658467,34.0768099468876],[-81.0868280579204,34.0767725422322],[-81.0868193199751,34.076750218145],[-81.0868085184262,34.0767296132068],[-81.0868009372695,34.0767164494155],[-81.086789675247,34.0766937447761],[-81.0867774777048,34.0766534832046],[-81.086765528695,34.0766307790425],[-81.0867595431213,34.0766084530274],[-81.0867517240533,34.0765882283139],[-81.086742301983,34.0765708666634],[-81.086734253513,34.0765498783826],[-81.0867160988742,34.076514391772],[-81.0867082819404,34.0764962652718],[-81.0866986300964,34.0764777595412],[-81.0866850781271,34.0764579193352],[-81.0866708394983,34.076440561942],[-81.0866641712635,34.0764235797753],[-81.0866595573521,34.0763978173818],[-81.0866464506905,34.0763649998278],[-81.0866198107539,34.0763308545144],[-81.0865949832642,34.0762747600465],[-81.0865839539592,34.0762549189711],[-81.0865722392666,34.0762377500613],[-81.0865621216275,34.0762118003422],[-81.0865471155619,34.0761908971461],[-81.0865400720805,34.0761810881277],[-81.0865136597301,34.0761457983945],[-81.0864870057108,34.0760975299867],[-81.0864704483926,34.0760544076663],[-81.086460322431,34.0760212057003],[-81.0864586978692,34.0760015492217],[-81.0864527115266,34.0759794134437],[-81.0864430574261,34.0759574722767],[-81.0864343153183,34.0759319030001],[-81.0864232845603,34.0759105353587],[-81.0863794033784,34.0758370858633],[-81.0863660761966,34.0758132383793],[-81.0863291446546,34.0757553867697],[-81.0863180023309,34.0757318551539],[-81.0862996294903,34.0757085837381],[-81.0862463531923,34.0756431566898],[-81.0862384389295,34.0756358513321],[-81.0862277578768,34.0756259925226],[-81.0861976697888,34.0755847884186],[-81.0861836535997,34.0755588422713],[-81.086163659979,34.0755195391164],[-81.0861556100914,34.0754979782236],[-81.0861438913812,34.0754766101304],[-81.0861271259165,34.0754525738462],[-81.0861193031518,34.0754294862422],[-81.0861112551311,34.0754086881694],[-81.0861034227567,34.0753749120086],[-81.0860878016526,34.0753487758047],[-81.0860740134682,34.0753232099959],[-81.0860420875561,34.0752774265696],[-81.0860188809182,34.0752399641479],[-81.0860133717571,34.075231068342],[-81.0859979846182,34.0752123753655],[-81.0859605573119,34.0751707948687],[-81.0859463132584,34.0751465656558],[-81.085928636033,34.0751284468245],[-81.085912101489,34.0751076546084],[-81.0858964772407,34.0750815183806],[-81.0858801747195,34.0750630162772],[-81.085822304794,34.0749911036929],[-81.0858055436307,34.0749733656226],[-81.0857931410054,34.0749560059515],[-81.0857717791744,34.0749243382315],[-81.0857276792274,34.0748608134742],[-81.0857262060093,34.0748580012366],[-81.0857115954127,34.0748300969831],[-81.085688863397,34.0748043470448],[-81.0856571680944,34.074761235044],[-81.0856557426605,34.0747596138974],[-81.0856422422635,34.0747442594112],[-81.0855958539735,34.0746839804416],[-81.0855832219047,34.0746668120634],[-81.0855680567022,34.0746401029053],[-81.0855554216072,34.0746198805218],[-81.0855402645294,34.074600233345],[-81.0855193721291,34.0745773449543],[-81.0855021486377,34.0745565531549],[-81.0854821752371,34.0745359544029],[-81.0854612844937,34.0745168828302],[-81.0854413104625,34.0744978115248],[-81.0854151310709,34.0744648107576],[-81.0853995198172,34.0744482169781],[-81.0853620925645,34.0744060637228],[-81.0853274242976,34.0743717333762],[-81.0853159392613,34.0743539916118],[-81.0852975506538,34.0743131606502],[-81.0852761914369,34.0742837840173],[-81.085247256882,34.0742477320016],[-81.0852240634564,34.0742196920126],[-81.085195127054,34.0741817311196],[-81.0851775361778,34.0741618186672],[-81.0851742340908,34.074158078942],[-81.0851609143576,34.0741422472861],[-81.0851469029232,34.0741216443895],[-81.0851429837902,34.0740998894336],[-81.0851101442577,34.074057350639],[-81.0851014095889,34.0740397981254],[-81.085099326698,34.0740209047572],[-81.0850993012022,34.0739951391443],[-81.0850616386766,34.0739459239625],[-81.0850433855742,34.073931240811],[-81.0850037952765,34.0738993942737],[-81.0849843921632,34.0738821457068],[-81.0849677545767,34.0738673550397],[-81.0849188517641,34.0738164297937],[-81.0848745458097,34.0737735173607],[-81.0848630631561,34.0737646030403],[-81.0848499842762,34.0737544490915],[-81.0848222147001,34.0737357635192],[-81.0848070645327,34.0737227959217],[-81.0847891545946,34.0737021956445],[-81.0847760556421,34.0736760575415],[-81.0847712143315,34.0736497226437],[-81.0847569750936,34.073631982704],[-81.0847328671812,34.073605851207],[-81.0847311654048,34.073604158103],[-81.0847071561787,34.0735802942698],[-81.0846890136161,34.07355778527],[-81.0846738551884,34.0735352751346],[-81.0846733625943,34.0735346073222],[-81.0846563995772,34.073511620522],[-81.0846350458488,34.0734873959938],[-81.0845985399795,34.0734481047177],[-81.0845723647972,34.0734187303356],[-81.0845560594569,34.0733956483963],[-81.084540768649,34.0733761914374],[-81.0845344717986,34.0733681797484],[-81.0845170193226,34.073344333956],[-81.0845125843275,34.0733388303867],[-81.0844965801567,34.0733189645428],[-81.0844727017507,34.0732924514243],[-81.084454794565,34.0732733776465],[-81.0844293109575,34.0732485842217],[-81.084417579178,34.0732275026969],[-81.0844139167959,34.073220920184],[-81.0843957827337,34.0732047093999],[-81.0843872835893,34.0731917372295],[-81.08435623543,34.0731045365708],[-81.0842723967231,34.0729942714773],[-81.0842611609607,34.0729794950801],[-81.0842597830716,34.0729776827272],[-81.0842209571685,34.0729112909739],[-81.0840796573568,34.0727459735689],[-81.0840618342353,34.0727251224542],[-81.0840310650433,34.0726933661057],[-81.083955435057,34.0726153106225],[-81.0839500281168,34.0726097301442],[-81.0838504224427,34.0724881628712],[-81.0838232754545,34.0724550307576],[-81.0837717665984,34.0723824447247],[-81.0837233718755,34.0723142459711],[-81.0836872966895,34.0722467070448],[-81.0836381035183,34.0721929718178],[-81.0836085455585,34.0721606843537],[-81.083567873323,34.072110147047],[-81.0835578850855,34.0720977357642],[-81.0835543538911,34.0720933478365],[-81.083545738328,34.0720796381047],[-81.0835145426195,34.0721036493133],[-81.0830117631335,34.0724915647793],[-81.0784977506508,34.0759737559468],[-81.0768465331414,34.0772474149553],[-81.0763474908352,34.0776479051516],[-81.0760964798773,34.0778503067679],[-81.0757307747998,34.0781454555594],[-81.0749270369634,34.0787941828743],[-81.0744654491885,34.0791639007406],[-81.0725563985708,34.0806929410573],[-81.072050139709,34.0810862178475],[-81.0715523813516,34.0814749620865],[-81.0713616220373,34.0817278773995],[-81.0712643819983,34.0816973706963],[-81.0711663326985,34.0816687134577],[-81.0710675249367,34.0816419205307],[-81.0709680099046,34.0816170057964],[-81.0708678391601,34.0815939821627],[-81.0707670646007,34.081572861558],[-81.0706657384365,34.0815536549246],[-81.0705639131635,34.081536372213],[-81.0705794142825,34.0815144444102],[-81.0700935814377,34.0814408068308],[-81.0692952338051,34.0813198802444],[-81.068431771193,34.0811890884522],[-81.0684714591555,34.081013655989],[-81.0684988722662,34.0809754293754],[-81.0689554473854,34.0803403714982],[-81.0689537249492,34.080339720538],[-81.0680218865996,34.0799876962904],[-81.0679915734915,34.0799762371725],[-81.0679624945051,34.0799618405914],[-81.0675304684375,34.0797481898841],[-81.067211964248,34.0791867458967],[-81.0669787295846,34.0788358341005],[-81.0667048515436,34.0784238861971],[-81.0663357358878,34.0778685848471],[-81.0676649207111,34.0770582679746],[-81.0676978356728,34.0770382020079],[-81.0673592561501,34.0765406595013],[-81.0670470463782,34.0760818606441],[-81.0664548069614,34.0752115374084],[-81.0660676918541,34.0747614700153],[-81.0654913367034,34.0740913767443],[-81.0656451557761,34.073976577859],[-81.0658627231264,34.0738142027835],[-81.0662454574743,34.0734273326349],[-81.0662916136443,34.0733806773984],[-81.0665183710453,34.0731929345612],[-81.0665860780772,34.073136864],[-81.0669140140165,34.0728652870231],[-81.0672745231646,34.0725667113107],[-81.0676443909756,34.0722604074003],[-81.0676322216648,34.0722493575704],[-81.0669297043366,34.0716114382171],[-81.0668115925237,34.0715154038487],[-81.0668126883548,34.0715144943608],[-81.0671540856218,34.0712303371845],[-81.0672783510151,34.071321094848],[-81.0677652210782,34.0717319831142],[-81.0680042476358,34.0719337369801],[-81.0680202849894,34.071947273306],[-81.0681951859633,34.0718012793791],[-81.0685843323878,34.071476488291],[-81.0691410224867,34.0710118614492],[-81.0691258790425,34.0709821485375],[-81.0689582057628,34.0706531555582],[-81.0686906456786,34.0701281524726],[-81.0687736403616,34.0700442919857],[-81.0688531837482,34.0699581464158],[-81.068929185066,34.0698698140806],[-81.069001557586,34.0697793957935],[-81.0690155644647,34.069760868295],[-81.0690265840368,34.0697463215928],[-81.0690378439343,34.0697315123654],[-81.0695154037228,34.0706516736252],[-81.0695211748935,34.0706627926806],[-81.0704397281037,34.0698765447755],[-81.0707306755516,34.0696340550773],[-81.071304990555,34.0691553861273],[-81.0713636922106,34.0691064612165],[-81.0715080428722,34.068986133907],[-81.0717719296667,34.0687661624546],[-81.072233343667,34.0683815324798],[-81.0724432538737,34.0682094425069],[-81.0726004218007,34.0680806062257],[-81.0726024660176,34.0680789287967],[-81.0727596680836,34.0679500264659],[-81.0730640793823,34.0677004603658],[-81.0725740425017,34.067657446952],[-81.0722478172828,34.067675041512],[-81.0722455366463,34.0676751645664],[-81.0722532817566,34.0676652586476],[-81.0722586900818,34.0676549101807],[-81.0722619877755,34.0676439640915],[-81.0722630856975,34.0676327162665],[-81.0722619541707,34.0676214707482],[-81.0722586237823,34.0676105315168],[-81.0722531845577,34.0676001942731],[-81.0722457835264,34.0675907384453],[-81.0722366207477,34.0675824196357],[-81.0724316834776,34.0675651568525],[-81.0725744919068,34.0675557229931],[-81.07301293188,34.0673732478839],[-81.0733031419565,34.0675044417429],[-81.0733138510955,34.0674955159437],[-81.0762109571983,34.065081013529],[-81.0766908259497,34.0646828786297],[-81.0775629189825,34.0639594321463],[-81.0776859565107,34.0638573636279],[-81.0776855970158,34.0638551934925],[-81.0776831230259,34.0638402459729],[-81.0776664267495,34.0638421057764],[-81.0776244589763,34.0637932245194],[-81.0775885654927,34.0637256718279],[-81.0775843157578,34.0637011017106],[-81.0775856098566,34.0636980252479],[-81.0775913949255,34.063684278121],[-81.0775895240445,34.0636761082028],[-81.0775663112687,34.0636471109267],[-81.0775578845611,34.0636365844864],[-81.0775514869172,34.0636138046558],[-81.0775225655682,34.0635704028799],[-81.0775196089446,34.0635608648774],[-81.0774978727287,34.0634907443291],[-81.0774749858492,34.063416912248],[-81.0774376593669,34.0633494794225],[-81.0774169634082,34.0632866285098],[-81.0774106478992,34.0632767914345],[-81.0773303859677,34.0632102446398],[-81.0772970889473,34.063124709694],[-81.0772688187166,34.0630857807176],[-81.0772284258914,34.063034632397],[-81.0771918122736,34.0629631432586],[-81.077163075692,34.0628837170715],[-81.0771345130375,34.0628387045604],[-81.077115267585,34.0627945807302],[-81.0770714689193,34.0627376312107],[-81.0770633218249,34.0627270378358],[-81.0770544144223,34.062703424569],[-81.0770221802551,34.062659726263],[-81.0770187917582,34.0626372429907],[-81.0770020687806,34.0625981408754],[-81.0769918621598,34.0625742768383],[-81.0769846764097,34.0625640444383],[-81.0769717607206,34.0625456508117],[-81.0769464403031,34.0625095927029],[-81.0769269855344,34.0624698827282],[-81.0768323221818,34.0623783623703],[-81.0768168137156,34.0623633687904],[-81.0767774697363,34.062282517183],[-81.0767286783792,34.0622149721888],[-81.0766864543778,34.0621190334929],[-81.0766556026752,34.0620785550581],[-81.076598738212,34.0619578127324],[-81.0764895297197,34.0618040016854],[-81.07646883973,34.0617491043691],[-81.0764620893184,34.0617311947016],[-81.0764144930138,34.0616374656375],[-81.076413482973,34.0616334672752],[-81.076387880848,34.0615321640125],[-81.0763848637847,34.0615202257227],[-81.0763397318686,34.061456376131],[-81.0763040398291,34.0613706313552],[-81.0762258888128,34.0612478154086],[-81.0762079348345,34.0612040485956],[-81.0761609502951,34.0611533205264],[-81.0761267257138,34.0611045539025],[-81.0760746704119,34.0609821726947],[-81.0760721765684,34.0608867928026],[-81.076067344775,34.0608686168378],[-81.0760429504403,34.0608349934192],[-81.0760086027798,34.0608269506557],[-81.0759440725143,34.0607880552651],[-81.0759043927979,34.0607154107128],[-81.0758890868041,34.0606518646104],[-81.0758324262978,34.0605008836634],[-81.0758244002536,34.0604354720197],[-81.0757856488123,34.0603094343149],[-81.0756781300875,34.0601499913148],[-81.0756528622072,34.0600995726058],[-81.0756442798979,34.0600555853857],[-81.075610979065,34.0599981573303],[-81.0755856870892,34.059922688829],[-81.0755746753691,34.05991265163],[-81.0755436048953,34.0598843286824],[-81.0755179161061,34.0598466735907],[-81.0754717247648,34.0598009906053],[-81.0754595306813,34.0597435514783],[-81.0754441154025,34.0596709434065],[-81.0754230936526,34.0595995947881],[-81.0754221562688,34.0595943610588],[-81.0754075392053,34.059512763567],[-81.0753782657244,34.0594714614882],[-81.0753316811115,34.0593895858293],[-81.0753088461861,34.0593494502175],[-81.0752729831563,34.0592468860119],[-81.0752227735464,34.0591275825303],[-81.0751854548518,34.0590649089553],[-81.0751775932696,34.0590481215775],[-81.0751575990533,34.0590054261251],[-81.0751608864704,34.0588311233087],[-81.0751543087648,34.0587573565736],[-81.0751527846973,34.0587402723083],[-81.0751517874574,34.0587359393985],[-81.0751451580265,34.0587071155373],[-81.0751167301841,34.0586486826033],[-81.0751167362893,34.0586432679619],[-81.075116812145,34.0585787809779],[-81.0751029561502,34.0584674957827],[-81.0750969730214,34.0584107913247],[-81.0750948635799,34.0583907994663],[-81.075083492452,34.0583348610931],[-81.0750159368793,34.0582765717082],[-81.0749755567863,34.058254545309],[-81.0749366432076,34.0582333187109],[-81.0749457366904,34.0580999219591],[-81.0749236789841,34.0580733796469],[-81.0749015464608,34.0580467472068],[-81.0748939605582,34.0580029955511],[-81.0748808042016,34.057927115588],[-81.0748746497288,34.0579222736258],[-81.0747709452986,34.0578406999532],[-81.0747819352692,34.0577800268362],[-81.074790630843,34.0577320184117],[-81.0748291520495,34.0576972829033],[-81.0748294372724,34.0576951358112],[-81.0746996432952,34.0575919120232],[-81.0746993150792,34.0575445555416],[-81.0746953231806,34.0575311552452],[-81.0746912378428,34.0575174421191],[-81.0746705134613,34.0574478721834],[-81.074662325209,34.0573839509978],[-81.0746507436475,34.0572935285191],[-81.0745765928669,34.0572255100172],[-81.0745649711419,34.0572148509226],[-81.0745330706903,34.0571186067036],[-81.0745357084371,34.0570883471559],[-81.074545898981,34.0569714416174],[-81.0745435082512,34.0568591954398],[-81.0744750976358,34.0568025752764],[-81.0743947645513,34.0567155446519],[-81.0743453657478,34.0566036845886],[-81.074307264178,34.0564629492747],[-81.0742604051656,34.0563399959762],[-81.0742579957665,34.0563336729719],[-81.0741984347863,34.0562371891031],[-81.0742227522183,34.0561827801911],[-81.0742256326292,34.0561561885673],[-81.0742274447222,34.0561394764847],[-81.0742280693002,34.0560334302885],[-81.0741985677701,34.0559718806047],[-81.0741934983696,34.0559613050199],[-81.0741554198386,34.0558818619246],[-81.0742075768553,34.0558689474333],[-81.0742257771595,34.0558453519794],[-81.0742387843287,34.0558284907357],[-81.0742387493687,34.0558256405179],[-81.0742383231043,34.0557911547781],[-81.0742148044128,34.0557591561753],[-81.0741892499245,34.0557243842872],[-81.0740947289823,34.0556365269554],[-81.0740651457575,34.0555666429708],[-81.0740066049788,34.0554538333015],[-81.0739649543685,34.055349602129],[-81.0739386261324,34.05523235946],[-81.0739393770914,34.0551431224513],[-81.0739394056464,34.0551397933982],[-81.0739689978544,34.0550692357328],[-81.07398274202,34.055036465572],[-81.0739845858116,34.0550339090864],[-81.0740262582448,34.0549760814673],[-81.073991679764,34.0549310113089],[-81.0738798210637,34.0548454309718],[-81.0738629987258,34.0547805491153],[-81.0738400500753,34.0547306452512],[-81.0738261934179,34.0547005118243],[-81.0737977961897,34.0545590031722],[-81.0737939545522,34.0545398526742],[-81.0737742654472,34.0544770013048],[-81.0737608737795,34.0544041248157],[-81.0737542188825,34.0543307682302],[-81.0737405653925,34.0542860444351],[-81.0737482306741,34.0541997960044],[-81.0737188045552,34.0539773450738],[-81.0737029759882,34.0539024430174],[-81.0736664719867,34.0537840133483],[-81.0736106439783,34.0536908839051],[-81.0735677212114,34.0536062163579],[-81.0735534619814,34.0535217707649],[-81.0735444124394,34.0534880484296],[-81.0735260003885,34.0534194389585],[-81.0735266149664,34.0532994372422],[-81.0734976615498,34.0532323533521],[-81.0734760686349,34.0531823286724],[-81.0734760198297,34.0531251904352],[-81.0734832696208,34.0531179600043],[-81.0735088105661,34.0530924865816],[-81.0735131503962,34.0529709317427],[-81.0735078669242,34.0529567413742],[-81.0734832715371,34.0528906692952],[-81.0734196005698,34.052841203297],[-81.0733736539235,34.0527413881625],[-81.0733594464759,34.0526512167667],[-81.0733839204629,34.0526132691193],[-81.0733785865895,34.0525767709697],[-81.0733236721983,34.0525184099836],[-81.07331475618,34.0525089348826],[-81.0732880528849,34.0524541982418],[-81.0732862617109,34.0523684323708],[-81.0732463591617,34.0522953333827],[-81.0731959964143,34.052226058302],[-81.0732121302046,34.0521538802407],[-81.0732378989183,34.0521226124733],[-81.0732353008839,34.0520993531127],[-81.0731893840769,34.0520338922563],[-81.0731851415442,34.0520194514887],[-81.0731626523344,34.0519428932376],[-81.0731487269437,34.0518706147663],[-81.0731332880306,34.0517904627253],[-81.0731363531062,34.0516890676889],[-81.0731108815402,34.0516020732149],[-81.073101570774,34.0515702787965],[-81.0730768266906,34.0514584035519],[-81.0730553313802,34.0512903420803],[-81.0730297887516,34.0512189351384],[-81.0730044796258,34.0511481826795],[-81.0730065521838,34.0510565697462],[-81.0730249808914,34.0509889240341],[-81.0730134407553,34.0509008717614],[-81.0729793900046,34.0507985445364],[-81.0729760701493,34.0506853437922],[-81.0729675468398,34.0506060235063],[-81.0729367111408,34.0505570428753],[-81.0728620740788,34.0504384882803],[-81.0728337586958,34.0503402134394],[-81.0727907435599,34.0501422238643],[-81.0727366330876,34.0500445601309],[-81.0727130427385,34.0499393629116],[-81.0726186375101,34.0496404879484],[-81.0725879662763,34.0494661090242],[-81.072544559075,34.0493903337806],[-81.0725274249029,34.0493604229938],[-81.0724444500692,34.0492155724688],[-81.0723699152079,34.0490514929196],[-81.0723393553353,34.0489842193609],[-81.0723228560476,34.0489310526693],[-81.0722893481062,34.0488230730865],[-81.0722666952311,34.0488321437567],[-81.0687391747649,34.0503252453378],[-81.0686489580897,34.0494375711493],[-81.0680131223478,34.0497066942727],[-81.0680075975407,34.0496502884473],[-81.0680041370972,34.0496153832005],[-81.06800403116,34.0496142940165],[-81.0680023032138,34.0495962927131],[-81.0679969144041,34.0495419859463],[-81.0679934116396,34.0495069761253],[-81.0679864316917,34.0494377887283],[-81.0679812297492,34.0493731827472],[-81.0679714340956,34.0492418640988],[-81.0679646301675,34.0491417657449],[-81.0679625161417,34.0491039869688],[-81.0679582583269,34.0490263988244],[-81.0679559288963,34.0489805906101],[-81.0679546888979,34.0489467183793],[-81.0679522246595,34.0488838349222],[-81.0679507025724,34.0488452830704],[-81.0679484754138,34.0487822002081],[-81.0679464691955,34.0487067162719],[-81.0679448390157,34.0486204479074],[-81.0679449548066,34.0486038423082],[-81.0679447279067,34.0485798917239],[-81.0679448274453,34.0485413371778],[-81.0679452277896,34.0485078427552],[-81.0679452012144,34.0484947682542],[-81.067945483732,34.0484862741729],[-81.0679455566665,34.048473011164],[-81.0679462007876,34.0484519202652],[-81.0679466031001,34.0484277763736],[-81.067949121627,34.0483509554514],[-81.0679543563924,34.0482213543736],[-81.0679640483868,34.0480680787617],[-81.0679681834822,34.0480137036385],[-81.067971397847,34.0479717020204],[-81.0679742171395,34.0479451763385],[-81.0679840359102,34.0478619394842],[-81.0679886260671,34.0478241696476],[-81.0679994052488,34.0477445489456],[-81.0680087017493,34.0476831044373],[-81.0680187644279,34.0476179860186],[-81.0680577648578,34.0473987967204],[-81.0681044909192,34.0471806567571],[-81.0681106899044,34.0471542410219],[-81.0681228900382,34.0471032896844],[-81.0681311792428,34.0470695321336],[-81.0681406057814,34.0470316117515],[-81.0681497257446,34.046996408332],[-81.0681584877318,34.0469633033431],[-81.0681705970702,34.0469181363966],[-81.0681834870926,34.0468725803908],[-81.068191524235,34.0468447624117],[-81.0681945912084,34.0468329242275],[-81.0682046517475,34.0467913696744],[-81.0682136292478,34.0467541582598],[-81.0682204250844,34.046726451868],[-81.0682357731851,34.0466635225211],[-81.0682440629784,34.0466292509943],[-81.0682574868968,34.0465740754418],[-81.0682652725742,34.046542028662],[-81.0682744910972,34.0465042084663],[-81.0682754285653,34.0465007220125],[-81.068279018716,34.046483431912],[-81.0682896107028,34.0464332722162],[-81.0682982832685,34.0463886391387],[-81.0683021455183,34.0463675338317],[-81.0683096908696,34.046324804843],[-81.0683172368757,34.0462815456585],[-81.068320843919,34.0462582692181],[-81.0683287618538,34.0462059631586],[-81.0683387022829,34.0461320153928],[-81.0683447993918,34.046083901394],[-81.0683510176871,34.0460260842269],[-81.0683539422393,34.045995932763],[-81.0683620129069,34.0458932455094],[-81.0683634412052,34.045873584244],[-81.0683701594093,34.0457210828869],[-81.0683731463012,34.0456903407777],[-81.0683748994638,34.0456623855742],[-81.0683753386392,34.0456520808026],[-81.0683766552683,34.0455464442182],[-81.0683764195507,34.0454910976234],[-81.0683764414177,34.0454395641393],[-81.0683755470719,34.0453964340223],[-81.068371492089,34.0452532815347],[-81.0683644864725,34.0451102080514],[-81.0682950995321,34.0453268740288],[-81.0681521375075,34.045695327822],[-81.0681092670884,34.0458058797801],[-81.0680180118649,34.0462661152005],[-81.0674857966073,34.0467862946455],[-81.0674264870791,34.0468432425168],[-81.067315791092,34.0469495867216],[-81.0671792726909,34.0470806799892],[-81.0671444156655,34.0471141822416],[-81.0671240651991,34.0471337924029],[-81.0667491603538,34.0475433730691],[-81.066502121357,34.0477492769196],[-81.0660993249001,34.0479345730893],[-81.0658363411721,34.048116416148],[-81.0649639128558,34.0464345682319],[-81.0626405778221,34.0460318315541],[-81.0618187285519,34.0458893551733],[-81.0618047522882,34.0458869329752],[-81.061045116833,34.0457552714366],[-81.0608642153439,34.0456742927874],[-81.0604559455091,34.0456057410012],[-81.0602729786763,34.0455750182649],[-81.0582856318518,34.045041836699],[-81.0579111432856,34.0449714338437],[-81.0576643774791,34.0449250818328],[-81.0574488022355,34.0448845623717],[-81.057223922442,34.0448423065602],[-81.0565939360698,34.0447239381321],[-81.056386735146,34.0446919808812],[-81.0561603086915,34.0448839959454],[-81.0559512915141,34.04485280072],[-81.0557039547968,34.0448158984035],[-81.0557921788927,34.0446050045159],[-81.0560142935401,34.0445066147006],[-81.0562093313684,34.044420262609],[-81.0561035361153,34.0440735667115],[-81.0559323420455,34.0442380503153],[-81.0559239680842,34.044246678769],[-81.055749127714,34.0444268504846],[-81.0557383452175,34.0444379614624],[-81.0556025749381,34.0445778711135],[-81.0556009090086,34.0445795868771],[-81.0554774262094,34.0447432188967],[-81.0554510263107,34.0447782027995],[-81.0554496604805,34.0447800122029],[-81.0554480240833,34.0447821824037],[-81.055194289338,34.045118410911],[-81.0551798148892,34.0451375936183],[-81.0551397414784,34.0451810368853],[-81.0550781218085,34.0452478426069],[-81.0550652981316,34.0452602808173],[-81.0549583903596,34.0453639875402],[-81.0549363510295,34.0453853727917],[-81.0547855395348,34.0455317055038],[-81.0547783157541,34.0455387184403],[-81.0546263259761,34.0456862894946],[-81.0546111487286,34.0457010252999],[-81.054506973201,34.0458019396844],[-81.0544936622024,34.0458148334019],[-81.0543760475646,34.0459286702991],[-81.0543729211587,34.0459316968427],[-81.0542739838422,34.0460245746615],[-81.0542633646496,34.0460341732985],[-81.0541636692729,34.0461242876742],[-81.0540589403588,34.0462115566185],[-81.0539791524395,34.046271400513],[-81.0539710225988,34.0462778358108],[-81.0538488171676,34.046374572714],[-81.0538062482592,34.0464082702374],[-81.0537730369518,34.0464345599072],[-81.0535544546154,34.0466075870273],[-81.0535528165084,34.046608883464],[-81.0535512682644,34.0466101086284],[-81.0535479583121,34.0466124472394],[-81.0533415759019,34.046758300761],[-81.0533405202219,34.0467590469131],[-81.0531165694537,34.0469436442483],[-81.0534098714314,34.0470172758441],[-81.0534025319481,34.0470232518026],[-81.0533983398141,34.0470266665062],[-81.0533672614907,34.0470519732038],[-81.0531366447487,34.0472398213161],[-81.0528558994781,34.0471651549046],[-81.0528061034174,34.0471474272088],[-81.0526896513415,34.0472293926046],[-81.0526596198346,34.0472505310636],[-81.0524521950477,34.047413294735],[-81.0525564984419,34.0474365259734],[-81.0525748163656,34.0474372999838],[-81.0525334022568,34.047541977679],[-81.0526967923512,34.047583658528],[-81.0526854440141,34.0476095680214],[-81.0526715468112,34.0476175527961],[-81.052662227207,34.0476292744067],[-81.0525810195719,34.0478175800706],[-81.0525107032379,34.0479805300292],[-81.0524304835415,34.047958456277],[-81.0523852734691,34.0479459490724],[-81.0523828975708,34.0479453630741],[-81.0523823905303,34.047945223526],[-81.0523078527758,34.0479289758263],[-81.052179316086,34.0479009575739],[-81.0520460034659,34.0483008304212],[-81.0519840848991,34.0484292165388],[-81.051692769395,34.0483630404621],[-81.051730624092,34.0482291867452],[-81.0518585075915,34.0478307637108],[-81.0517731904488,34.0478878159324],[-81.0516320006647,34.0480041234097],[-81.0516194315555,34.0480144764393],[-81.0514391014866,34.0481630245834],[-81.0514136448572,34.0481839949287],[-81.0512865255526,34.048264178053],[-81.0512788016893,34.0482690494714],[-81.0512608201265,34.0482803929524],[-81.0510646035144,34.0483913114324],[-81.0509876377429,34.0484348180794],[-81.05098608814,34.0484356951591],[-81.0509016182564,34.0484803653095],[-81.0506584729791,34.0486089493591],[-81.050658118858,34.0486091199231],[-81.050569573252,34.0486515967933],[-81.0505359381575,34.0486677318148],[-81.0498802211341,34.048975427476],[-81.0498589789381,34.0489853942784],[-81.0498586042189,34.0489855423061],[-81.0496477953229,34.0490689628229],[-81.049508669155,34.0491240169898],[-81.0495170228064,34.0491252102017],[-81.0493402046983,34.0495354216998],[-81.0493338734956,34.0495565354871],[-81.0493305838276,34.049578124069],[-81.049330381788,34.0495998849684],[-81.04933327021,34.0496215132934],[-81.0493392086262,34.0496427060093],[-81.0493481138355,34.0496631661848],[-81.0493598610689,34.0496826071517],[-81.0493742857374,34.049700756522],[-81.0503716484166,34.0502418822152],[-81.0504060379294,34.0502605630014],[-81.0503589690117,34.0503218573601],[-81.0502372286763,34.0504805410286],[-81.0500733382987,34.0506940995004],[-81.050006848638,34.0507807561719],[-81.0499102459854,34.0509066592512],[-81.0498343164396,34.0510327847876],[-81.0496693840024,34.0512462412198],[-81.0496593554137,34.0512563441586],[-81.0496486581585,34.0512659613531],[-81.0496373279663,34.051275060328],[-81.0496226977446,34.0512854211833],[-81.0496072448125,34.05129492035],[-81.0495910428075,34.0513035127139],[-81.049574169703,34.0513111585691],[-81.0495567056415,34.0513178218159],[-81.0495387329335,34.0513234690586],[-81.0495203382275,34.0513280750152],[-81.0495016038408,34.051331618012],[-81.0494826218428,34.0513340799785],[-81.0494634821407,34.0513354509601],[-81.0494442746437,34.051335724609],[-81.0494250892635,34.0513348981845],[-81.049406019165,34.0513329752563],[-81.0493871510175,34.05132996661],[-81.0493685769079,34.051325884833],[-81.0493503835111,34.0513207506298],[-81.0493326575041,34.0513145883116],[-81.0493154790662,34.0513074257993],[-81.0492989381299,34.0512992973215],[-81.0492831040475,34.0512902416237],[-81.0490093636664,34.0511195230125],[-81.0489317929274,34.0510711454791],[-81.048911581368,34.0510563152324],[-81.0488905242517,34.0510423220836],[-81.0488686714306,34.0510292038837],[-81.0488460759999,34.0510169867604],[-81.048822792141,34.051005702251],[-81.0487988740318,34.0509953764831],[-81.048774376934,34.0509860355834],[-81.0487493647712,34.0509776993638],[-81.0487238928011,34.0509703876394],[-81.0486980238657,34.0509641229277],[-81.0486718143005,34.0509589160263],[-81.04864533344,34.0509547768268],[-81.0486186408716,34.0509517197325],[-81.0485918005104,34.0509497501285],[-81.0485648773558,34.050948874301],[-81.0485379353204,34.0509490931268],[-81.0485100029079,34.0507990087199],[-81.0484506861172,34.0507587128101],[-81.0483309570514,34.0506136703262],[-81.0482847869588,34.0505577663712],[-81.048158142479,34.0504043010092],[-81.0480271874263,34.0502456930366],[-81.0479001720877,34.0500918362083],[-81.0478077055038,34.0501403070393],[-81.0475595026456,34.0502704134657],[-81.0475430839835,34.0502790200748],[-81.0476739365748,34.0504340939703],[-81.0477825160547,34.0505630272819],[-81.0477976962005,34.0505810534377],[-81.0476486357377,34.0506433688266],[-81.0474578444381,34.0507749615123],[-81.0473876034833,34.0508234081948],[-81.0471558186525,34.0507505794734],[-81.0471084714511,34.0507357024287],[-81.0470509810589,34.0507376989295],[-81.0468836618175,34.0507435095957],[-81.0466736206673,34.0506439727169],[-81.046676859683,34.0506400383271],[-81.0467916984045,34.0505005505297],[-81.0469025821915,34.0503658647131],[-81.0468758180237,34.0503510239015],[-81.0468530160999,34.0503321474246],[-81.0468350408172,34.0503099508725],[-81.0468225735976,34.0502852756953],[-81.0468167078659,34.0502636797224],[-81.0468160044659,34.0502590380866],[-81.046370221716,34.0502814888447],[-81.0463703257181,34.0503076297057],[-81.0463703660549,34.0503181524149],[-81.0459754711777,34.0503074158701],[-81.0459236046379,34.0503060058863],[-81.045741988551,34.0503085787261],[-81.0457420289688,34.0502766164996],[-81.0453333488011,34.0503667956452],[-81.045322719921,34.0503691412149],[-81.0452623877734,34.0503824541365],[-81.0452565095553,34.0503837511063],[-81.0452564356428,34.0504368119912],[-81.0452561884051,34.0505948837684],[-81.0451951067181,34.0507344542789],[-81.0448992066879,34.0506377047941],[-81.0448172509901,34.050611323],[-81.0448167412902,34.0506123231583],[-81.0448164195031,34.050612216875],[-81.0447550052932,34.0506783049582],[-81.0447727780754,34.05072735049],[-81.0445230264025,34.0507884829138],[-81.0441523476719,34.0508735039901],[-81.0440044459555,34.0509073833981],[-81.0440033389778,34.0509076371653],[-81.043961547779,34.0507792864755],[-81.043802420415,34.0508157592717],[-81.0436363304396,34.0508538366139],[-81.0434841663988,34.0508887700741],[-81.0434771530052,34.0508903802435],[-81.0436034139516,34.0512789363886],[-81.0434486210562,34.0513137697348],[-81.0433817750592,34.0513288080491],[-81.0433437941227,34.0513373531037],[-81.0432846872538,34.0513506447954],[-81.0431335822795,34.0513846910904],[-81.042976731005,34.0514199988509],[-81.042965966559,34.0514224218104],[-81.0428935454192,34.0514388224405],[-81.0428385068072,34.0514512856643],[-81.0428297862842,34.0514532606685],[-81.0426980751404,34.0510686315892],[-81.0426902924292,34.0510459053664],[-81.0426112390077,34.0510652232775],[-81.042596144279,34.0510689118605],[-81.042547909593,34.0510806981583],[-81.0425471481408,34.0510808841674],[-81.0423834807957,34.0511219796616],[-81.0423665014914,34.051069187001],[-81.0423459256399,34.0510052110016],[-81.0422354562176,34.0506409342998],[-81.042217037562,34.0506413841954],[-81.042074319245,34.0506448734901],[-81.0420715428977,34.0506450358334],[-81.0419039775315,34.0506551517544],[-81.0419116529324,34.0506804641122],[-81.0419120109878,34.0506816452053],[-81.0417527594651,34.0507181623051],[-81.0417366752783,34.0506650969413],[-81.0415693979392,34.050661668929],[-81.0415973118239,34.0507537690223],[-81.0417201532654,34.0511454480872],[-81.0417595279334,34.0512607889446],[-81.0415932152356,34.0512944453427],[-81.0415607108608,34.0511812030718],[-81.0415436782248,34.0511268693296],[-81.0415433939679,34.0511259623246],[-81.0414381759493,34.0507902955977],[-81.041398493321,34.0506594600842],[-81.0412288005499,34.0506542741228],[-81.0412314533407,34.0506630160288],[-81.0412787154165,34.0508187492458],[-81.0412810134259,34.0508263226779],[-81.041120190792,34.0508632010648],[-81.0409691467327,34.050897774002],[-81.0408402506088,34.0509219547084],[-81.040839223139,34.0509185682987],[-81.0408131773131,34.0508327603201],[-81.0408011199304,34.0507928013811],[-81.0407687282554,34.0506861853706],[-81.0407507676967,34.050626946623],[-81.040339307539,34.0506064070378],[-81.0403929754023,34.0507641709219],[-81.0404101147798,34.0508145229294],[-81.0404289963208,34.0508699896539],[-81.0403100956926,34.050894648959],[-81.0403556507104,34.0510286649666],[-81.0401960733515,34.0510638249317],[-81.0401787643743,34.0510676717333],[-81.0400287208929,34.0511007031141],[-81.0398690761077,34.0511358716968],[-81.0398667851034,34.051129138612],[-81.0398623690447,34.0511301463158],[-81.0398291603868,34.0510185367738],[-81.0397341449892,34.0507392380817],[-81.039689885258,34.0506068228231],[-81.0396815647162,34.0505787901348],[-81.039578222573,34.0505665348877],[-81.039526774137,34.0505604342118],[-81.0394827692686,34.0505552157056],[-81.0393736769083,34.0505376331282],[-81.0393431340022,34.0505327105655],[-81.0392017741151,34.0505099262889],[-81.0391712268951,34.0505050027835],[-81.0391541878138,34.0505019180661],[-81.03896619032,34.0504678834052],[-81.0389648805394,34.0504676466718],[-81.0388611934529,34.0504490475459],[-81.0388235012815,34.0504422867432],[-81.0387045920099,34.050420958321],[-81.0386868704602,34.0504177799763],[-81.0386227585014,34.0504062799436],[-81.0384982873804,34.0503839539809],[-81.0384666945589,34.0503782876336],[-81.0383209171738,34.0503521395159],[-81.038288340689,34.0503462957939],[-81.0381463313185,34.0503208234782],[-81.0381034413265,34.0503131299026],[-81.0379762144238,34.0502903092339],[-81.0379559797007,34.0502870260557],[-81.0378519049117,34.0502701412194],[-81.0378268828979,34.0502660813209],[-81.0377506360257,34.0502537116979],[-81.0377466612354,34.0502530672962],[-81.0376088577,34.0502307093277],[-81.0372280796517,34.0501607140678],[-81.0372093159913,34.0501572653174],[-81.037059221494,34.0501236374906],[-81.037044160482,34.0501202624503],[-81.036993986369,34.0501090207099],[-81.0369903289129,34.0501082021633],[-81.0367695339414,34.0500587315938],[-81.0365430960033,34.0499978892733],[-81.0364176198928,34.0499761088443],[-81.0364190740345,34.0500052041576],[-81.0364259123522,34.0501425746527],[-81.0366458780403,34.050129602229],[-81.0366570535324,34.050301153598],[-81.0366681781458,34.0504726824307],[-81.0366822473028,34.0504718523267],[-81.0370881934946,34.0504479045674],[-81.0370968505745,34.050585110358],[-81.0371004761918,34.0505848964758],[-81.0372512400779,34.0505764340572],[-81.0372693504184,34.0507819508342],[-81.0371869082369,34.0507878401456],[-81.0371192648284,34.0507941406579],[-81.0364604533223,34.0508274360092],[-81.0364714774819,34.0509671992279],[-81.0364771509189,34.0510394833403],[-81.0364774134057,34.0510428249261],[-81.0364913961304,34.0512210704891],[-81.0365045885184,34.0513900496073],[-81.0365182249987,34.0515638832836],[-81.0365199643675,34.0515859417117],[-81.0365207409253,34.0515957789191],[-81.0365312417446,34.0517297110287],[-81.0365314922512,34.0517328921165],[-81.0363595378507,34.0517403454641],[-81.0357139922726,34.0517683229071],[-81.0357149732704,34.0517802618991],[-81.0357257555766,34.0519115394139],[-81.0359383215006,34.0519034674575],[-81.0360593375841,34.051895264865],[-81.0365422876611,34.0518716959631],[-81.0365529300311,34.0520071717117],[-81.0364870999524,34.0521254350541],[-81.036478758412,34.0521402883341],[-81.0357340369237,34.052176595029],[-81.0357370495888,34.0523174804639],[-81.0358827058245,34.0523119904461],[-81.0358878893001,34.0523117932813],[-81.0360521540072,34.0523055438722],[-81.0361383686764,34.0523022637091],[-81.0361636090007,34.0523013032741],[-81.0363093789043,34.0522957577196],[-81.0363939242265,34.0522925409854],[-81.0363254005296,34.0524156714409],[-81.0363156051413,34.0524330660953],[-81.0362435036268,34.0525626058548],[-81.0362373453903,34.0525736118717],[-81.0361590593894,34.0527141693228],[-81.0360807980345,34.0528546933494],[-81.0360024757737,34.0529952525044],[-81.0360100914221,34.0530005161624],[-81.0361969730788,34.0531296486714],[-81.0363184204824,34.0531999170288],[-81.0363059183889,34.0532135136529],[-81.0361833936336,34.0531445395218],[-81.0357685490921,34.0531525810634],[-81.0357731779448,34.0531809847498],[-81.0357852665409,34.0532446781495],[-81.0357996865405,34.0533080345395],[-81.0358164244957,34.0533709948118],[-81.0358354647958,34.0534335002276],[-81.0358510451467,34.053439971867],[-81.0358681157547,34.0534428304413],[-81.0358854907159,34.0534418773638],[-81.0359019629828,34.0534371788455],[-81.0359270788447,34.0534149467416],[-81.035963246071,34.0533811102968],[-81.0360905539909,34.0534686391153],[-81.0364696446901,34.0536964194998],[-81.0364547026309,34.0537041919408],[-81.0364365223944,34.0537192627017],[-81.036427584468,34.053730609477],[-81.0364183879386,34.0537401313084],[-81.0364113383182,34.0537440340838],[-81.0363980576116,34.0537533425092],[-81.0363797886099,34.0537609337751],[-81.0363637114562,34.0537667002791],[-81.0363570043941,34.0537685993974],[-81.0363117340998,34.0537742310706],[-81.0362728256019,34.0537761386959],[-81.0362590707742,34.0537838007603],[-81.0362456627292,34.0537969026132],[-81.0362295887395,34.0538102189429],[-81.0362205340662,34.0538479762151],[-81.0362160260368,34.0538651186425],[-81.0361954857016,34.0538917136442],[-81.0361864468678,34.0539105255161],[-81.0361727276405,34.0539333602849],[-81.0361659468904,34.0539635895877],[-81.0361546065473,34.0539862811943],[-81.0361501123259,34.0539976618207],[-81.0361385647037,34.0540091887702],[-81.0361363306079,34.0540110505069],[-81.0361324628927,34.0540155366346],[-81.0361754429716,34.0540741317427],[-81.0362221415976,34.054130721136],[-81.0363260628205,34.0542379782605],[-81.0363575025739,34.0542680611302],[-81.036378964222,34.0542886458171],[-81.0364067463202,34.0543152023375],[-81.0364294336886,34.0543368813066],[-81.0364499351586,34.0543565411296],[-81.0364657309397,34.0543716569164],[-81.0365198521955,34.0544245855273],[-81.0365713394651,34.05447930439],[-81.036620107354,34.0545357227556],[-81.0366660749768,34.0545937470559],[-81.0366807612979,34.0546134283936],[-81.0366926328001,34.0546297400477],[-81.0367044318515,34.054646350181],[-81.0367094886872,34.0546536983534],[-81.0367145227782,34.0546610564509],[-81.0367165281824,34.054664001676],[-81.0367195362912,34.0546684244729],[-81.036724530309,34.0546758015173],[-81.0367382226552,34.0546966264834],[-81.036810139648,34.0548093749206],[-81.0369341467033,34.0550035781319],[-81.0370581044644,34.0551977325324],[-81.0371820346481,34.0553919553355],[-81.0372646101554,34.0555210948019],[-81.0373061516745,34.0555860616304],[-81.0373673893532,34.055683486529],[-81.0374254774798,34.0557822386108],[-81.0374770053159,34.0558763951991],[-81.0375256430877,34.0559716108031],[-81.0375264292044,34.0559732056529],[-81.0375316934993,34.0559839377642],[-81.0380925372638,34.055746708495],[-81.0382637383446,34.0559252578539],[-81.0383350343849,34.0558922088079],[-81.0384989278793,34.0558162368092],[-81.0387955826188,34.0563450101374],[-81.0388052993611,34.0563623303428],[-81.0389010017616,34.0564768157509],[-81.0388772828698,34.0564981174572],[-81.0388484509431,34.0565239344595],[-81.0388180318008,34.0565484572757],[-81.0387861091815,34.0565716183975],[-81.0387527709629,34.0565933540654],[-81.0387181089202,34.0566136044437],[-81.0386822184726,34.0566323137857],[-81.0386451984216,34.0566494305869],[-81.0386071506784,34.0566649077266],[-81.03853287217,34.0566894576294],[-81.038492929453,34.0566998579474],[-81.0384523919324,34.0567085184868],[-81.0384113689179,34.0567154158942],[-81.0383699710289,34.0567205315707],[-81.0383535470698,34.0567220803356],[-81.038342803945,34.0567230773142],[-81.0383340627597,34.0567238753025],[-81.0383188629142,34.0567252685944],[-81.0383063897539,34.0567264302111],[-81.0382826112126,34.0567285970886],[-81.0382606905522,34.0567306263324],[-81.0382425376123,34.0567322829163],[-81.0382219299055,34.0567341692821],[-81.0381995163349,34.0567362356361],[-81.0381867582559,34.0567374090504],[-81.0381640532664,34.0567394836027],[-81.0381423633378,34.0567414766872],[-81.0381262199299,34.0567429622176],[-81.0381053099792,34.0567448838228],[-81.0380797169146,34.0567472685251],[-81.0380491806994,34.0567500433649],[-81.0380249937525,34.0567522779448],[-81.0380063825668,34.0567539797189],[-81.0379922833522,34.0567552797601],[-81.0379822573571,34.0567561881226],[-81.0379781841273,34.0567565572574],[-81.0382328637452,34.0570160021772],[-81.0382778454289,34.0570618256507],[-81.038319883425,34.0571046248512],[-81.0384924991176,34.0572803610249],[-81.038545947971,34.0573296361411],[-81.0385929908872,34.0573665961618],[-81.0386537292858,34.0574075743334],[-81.0386927208735,34.0574303018677],[-81.0387211615226,34.0574455062878],[-81.0387638865962,34.0574660375504],[-81.0388078638851,34.0574846473],[-81.038852968755,34.0575012827953],[-81.0388990733757,34.0575158968899],[-81.0389460470836,34.0575284481664],[-81.0389937567518,34.0575389010534],[-81.0390420671672,34.0575472259266],[-81.0390908414144,34.0575533991927],[-81.0391365518635,34.057557160364],[-81.0391824285946,34.0575590568386],[-81.039228361865,34.0575590840801],[-81.0392742417968,34.0575572420232],[-81.0392924990774,34.0575559883105],[-81.0393520562618,34.0575496287486],[-81.0394109852677,34.0575400368629],[-81.0394974314209,34.0575201163474],[-81.039552655387,34.0575030857135],[-81.0395815721832,34.057493211127],[-81.0396070096861,34.0574843358126],[-81.0396286223823,34.0574766248916],[-81.039655769001,34.0574668527435],[-81.0396759377026,34.0574594245039],[-81.0397040232487,34.0574489306946],[-81.0397361477588,34.057436552861],[-81.039771034236,34.0574229090658],[-81.0398053486261,34.0574091283875],[-81.0398412030682,34.0573943310026],[-81.0398792019643,34.0573782813752],[-81.0399225437267,34.0573593906018],[-81.0399598565863,34.0573428217977],[-81.0399913224731,34.0573284017855],[-81.0400185836079,34.0573158027277],[-81.0400389516957,34.0573062950711],[-81.040070094663,34.0572917615303],[-81.0401027549804,34.057276325803],[-81.0401295133709,34.0572636529446],[-81.0401645456166,34.0572469351353],[-81.0401954283818,34.0572320716289],[-81.0402202012797,34.0572200927918],[-81.0402529100652,34.057204168294],[-81.0403257521674,34.0573140063729],[-81.0405212656932,34.0576893588575],[-81.0409398848507,34.0574591142892],[-81.0410277846469,34.0576236145421],[-81.0414663739913,34.0574409202447],[-81.0415129473496,34.0575101083615],[-81.0415550140227,34.0575726011287],[-81.0415667568803,34.0575710309656],[-81.0419327644161,34.0575220796762],[-81.0424159268315,34.0574574592802],[-81.0425198095082,34.0574542119368],[-81.0425072688078,34.0575884487697],[-81.0424935878799,34.0577348470563],[-81.042387755492,34.0577482669884],[-81.0418961607361,34.0578107468014],[-81.041729535782,34.0578319240561],[-81.0417689617706,34.0578904511061],[-81.0418144416872,34.057957965034],[-81.0419012961342,34.058087052998],[-81.0420062052033,34.0582428464002],[-81.042233174929,34.0585800719965],[-81.0424664763925,34.0589190658964],[-81.042479943253,34.058939804622],[-81.042562057049,34.0590652995824],[-81.0426441180523,34.0591909018032],[-81.0427230155537,34.0593116025769],[-81.0428768646446,34.0595468711422],[-81.042955815922,34.0596676456759],[-81.0432594224393,34.0601320528283],[-81.043265914784,34.0601419835578],[-81.0433906630048,34.0600453142748],[-81.0435154650983,34.0599486123842],[-81.0436401715794,34.0598519230227],[-81.0437594424259,34.0597594887101],[-81.0438983881754,34.0596517817519],[-81.0441610848158,34.0594481470038],[-81.0442187844812,34.0594034361146],[-81.0444366493824,34.059403295222],[-81.0444480671555,34.0594557179727],[-81.0444634571961,34.0595218151986],[-81.0444933627312,34.0596386984517],[-81.0445265874996,34.0597549591251],[-81.0445350751054,34.0597828416773],[-81.0445352487378,34.0597834024648],[-81.0443256062565,34.0598223032506],[-81.0442999073639,34.0598268001215],[-81.0442565985006,34.0598343789217],[-81.0439629764986,34.0604553754391],[-81.043885061515,34.0606201990279],[-81.0438888765268,34.0607185898241],[-81.0443665958582,34.0606911367961],[-81.0445708559403,34.0606793985158],[-81.0448148798292,34.0606466542688],[-81.0449346482725,34.0610155256085],[-81.044955126812,34.0610819716596],[-81.0449906450484,34.0611816434039],[-81.045031735382,34.0612798206688],[-81.0450783075794,34.0613762878142],[-81.0451302593655,34.0614708329556],[-81.0478733257962,34.0637745376836],[-81.0479261897819,34.0638189271686],[-81.0479634788311,34.0638570175782],[-81.0480052445918,34.0638917415433],[-81.0480510508246,34.0639227363711],[-81.0481004190853,34.0639496783191],[-81.0481125949177,34.0639557320354],[-81.048305730831,34.0640517498083],[-81.0485324177939,34.0641644470958],[-81.048908706211,34.0643266932288],[-81.0488415397835,34.0645453155472],[-81.0487346529266,34.0648313472634],[-81.0486993566508,34.0649257947363],[-81.0484149377182,34.0652495879356],[-81.0483243602119,34.0653527049049],[-81.0485248804849,34.0660967216667],[-81.0478833959987,34.0663505771137],[-81.0478469932735,34.0663032977081],[-81.0478167946759,34.0662640742714],[-81.0477637040225,34.0662121332357],[-81.0477260942961,34.0661626442243],[-81.0476886327678,34.0661185120615],[-81.0476570167634,34.0661001307025],[-81.047628610783,34.0660812052892],[-81.0476277599483,34.0660806393566],[-81.0476104733635,34.066069122436],[-81.0475915209923,34.0660625699337],[-81.0475352089823,34.06604309885],[-81.0474291587256,34.0660223843866],[-81.0473975434997,34.066001318641],[-81.0473508857986,34.0659651310343],[-81.0473220199502,34.0659451318173],[-81.0472946021756,34.0659261356187],[-81.047203761634,34.0658814384302],[-81.0471351167721,34.0658481480998],[-81.0470436773106,34.0658115021772],[-81.0469756802672,34.0657857622333],[-81.0469246271623,34.0657633088088],[-81.0468474928171,34.065728624814],[-81.046836769093,34.0657253521312],[-81.0467532495589,34.0656998640788],[-81.0467130785832,34.0656868922089],[-81.046697478334,34.0656818549448],[-81.0465911127288,34.0656558316553],[-81.0465197192462,34.0656300034681],[-81.0463675656229,34.0655577442304],[-81.0461800016365,34.0655058057577],[-81.0461081332692,34.065484962933],[-81.0460675297279,34.065477194646],[-81.0460380139887,34.0654728693824],[-81.0460143493892,34.0654694012509],[-81.0459423173428,34.0654563958483],[-81.0458683806425,34.065431284165],[-81.0458110371329,34.0654122490935],[-81.0457540220436,34.0653873051237],[-81.0457516487187,34.0653862672554],[-81.0457015758745,34.0653602215479],[-81.0456849575782,34.0653496003873],[-81.0456609627717,34.0653342625106],[-81.0456296607999,34.0652978621175],[-81.0455765053356,34.0652692530955],[-81.045504719394,34.0652458689379],[-81.0454234766129,34.0652277378163],[-81.0453328773444,34.0652017662876],[-81.0451824219209,34.0651496639729],[-81.0450981612993,34.0651159661201],[-81.0450074361588,34.0650560882843],[-81.044979284106,34.065009218905],[-81.0449418133885,34.0649625025715],[-81.04487917745,34.0648245717027],[-81.0448634966388,34.064782976259],[-81.0448478941614,34.0647544426154],[-81.0448260599471,34.0647284765174],[-81.0448017923151,34.0647025031782],[-81.0448012882309,34.0647019650532],[-81.0448007234384,34.0647013593236],[-81.0435939298676,34.0632261578103],[-81.0434461180493,34.0632831664683],[-81.0432659434745,34.0633522156338],[-81.0429961709792,34.0634561836585],[-81.0426917083042,34.0635730264889],[-81.042493618319,34.0636494934526],[-81.0418985908529,34.06387839947],[-81.0418090693653,34.0637309154961],[-81.0416662665101,34.0634683363962],[-81.0416048310134,34.0633553702242],[-81.0414676952943,34.0631031051698],[-81.0406450919417,34.0634239664997],[-81.040449797771,34.063500140751],[-81.0403106452576,34.063554403526],[-81.0393818656798,34.061508273194],[-81.0391884958494,34.0615397554676],[-81.038494397387,34.0616528367754],[-81.0377731043254,34.061770369596],[-81.0374488176058,34.0618232011918],[-81.0369506255182,34.0619043616224],[-81.0368003047206,34.0619288491985],[-81.0365386641953,34.0619714833918],[-81.036492287485,34.0619790143954],[-81.036488136126,34.061979690979],[-81.0361842330688,34.0620292140042],[-81.0358624165788,34.0620816232516],[-81.0357830747172,34.0620945438734],[-81.0354624058795,34.0621488984949],[-81.0354049356975,34.0621586395897],[-81.035451223742,34.0623534683444],[-81.0337138732264,34.0626480581542],[-81.0334233301322,34.0628450525087],[-81.0333958477774,34.0628669240079],[-81.033393458736,34.0628694908515],[-81.033340058327,34.0629268921639],[-81.0331467140718,34.0633564254986],[-81.0328535242775,34.0640115842388],[-81.0329965553237,34.0640584556616],[-81.0335234989546,34.0642311344889],[-81.0334928782813,34.0643747886376],[-81.0334926100789,34.0643760519728],[-81.0335082864393,34.0643843775242],[-81.0335147447487,34.0644146868767],[-81.0335321364314,34.0644235728111],[-81.033550471352,34.0644424230262],[-81.0335553162988,34.064447404437],[-81.0335623257565,34.0644546115266],[-81.0336285222019,34.0645101753795],[-81.0336766760009,34.064501889356],[-81.0337899597168,34.0645036619557],[-81.0338029644934,34.0645344077303],[-81.0338707693738,34.0645414179011],[-81.0338988709582,34.0645062255231],[-81.033910487356,34.0644916781478],[-81.0339143056986,34.0644841372022],[-81.0339307720878,34.0644516106738],[-81.0339592280148,34.0644386492664],[-81.0339729213908,34.0644324121618],[-81.0340773729295,34.0644373193744],[-81.0340897460573,34.0645389053937],[-81.0341161630993,34.064755783497],[-81.0341598427048,34.0645492708548],[-81.0342058774173,34.0643316298224],[-81.0344223936504,34.0643306060904],[-81.0347363178559,34.0643291210602],[-81.0347649196533,34.0643289859184],[-81.035042681942,34.0642908160967],[-81.0355156012019,34.0642180012931],[-81.0355261473306,34.0642177430991],[-81.0358918587352,34.0642087851763],[-81.0361833911737,34.0641588850912],[-81.0362900052534,34.0641360088478],[-81.0363212900593,34.0641292956611],[-81.036447898621,34.0641055658467],[-81.0365813252406,34.0641048350193],[-81.0365822179945,34.0641048302479],[-81.0366670296132,34.0641043661128],[-81.0367255787344,34.0640940569595],[-81.0371032734175,34.0654362754204],[-81.0371547325932,34.0656100627705],[-81.0372521004521,34.0659389146313],[-81.0375048795133,34.0668165054964],[-81.0377575513254,34.0677243382018],[-81.0378172764861,34.0679389230268],[-81.0378449275019,34.0680382136375],[-81.0378967505258,34.0682242714811],[-81.0379137774715,34.0682853635975],[-81.0380890470387,34.0688878189207],[-81.03819612464,34.0693769287008],[-81.0395653560943,34.0691721655005],[-81.0393733853162,34.0682263422186],[-81.0393009637973,34.0680206663228],[-81.0394766815875,34.067995709638],[-81.039541270767,34.0679865658337],[-81.0395875166272,34.0681943950486],[-81.0397534471914,34.0690407884839],[-81.0406637255543,34.068904842402],[-81.0415783304191,34.0687682930807],[-81.041948314953,34.0692559110307],[-81.0426270121782,34.0691543728686],[-81.0430723101552,34.0699830645488],[-81.0423664120599,34.0707473556145],[-81.0388905618533,34.0716617741371],[-81.0386718866297,34.071719299576],[-81.0386725783409,34.0717226301839],[-81.0386726977883,34.0717232045199],[-81.038832094297,34.071721978985],[-81.0391507507753,34.0717195282463],[-81.0426270112457,34.0716927388983],[-81.0442926721907,34.0718352155016],[-81.0443169109276,34.0718372536788],[-81.044455976219,34.0718489466158],[-81.0460078647357,34.07317395232],[-81.0464013750774,34.073568923979],[-81.0463967961915,34.0735733908301],[-81.0464591322197,34.0736192380075],[-81.0465204678052,34.0736643804107],[-81.0464110660137,34.0737729228067],[-81.0463490913879,34.0737262928104],[-81.0462879771141,34.0736795443413],[-81.0462929653828,34.0736746778957],[-81.0458930343631,34.0732704317495],[-81.0443935473028,34.0719817402114],[-81.04409641443,34.0719565087308],[-81.0436361763131,34.072317626463],[-81.0433619289554,34.0725155340734],[-81.0432982297422,34.0725615016317],[-81.0432298449803,34.0726264413275],[-81.0429471550675,34.072742358973],[-81.0427953443243,34.0727316840382],[-81.0426886420407,34.0727651191528],[-81.0425817804172,34.0727986047243],[-81.0424364091578,34.0729350423656],[-81.0420755808043,34.0731525026277],[-81.0418762137568,34.073149492563],[-81.0417545071058,34.0730366787275],[-81.0417828928448,34.0728535262604],[-81.041801615195,34.0728282971418],[-81.041789172199,34.072786979837],[-81.0417730967126,34.0727336010179],[-81.0416877870658,34.0726629890178],[-81.0416637673396,34.0725989522335],[-81.0414954792709,34.0726394824876],[-81.0413716249872,34.0726389187781],[-81.0412865894259,34.072646312937],[-81.0411786872711,34.0727048464423],[-81.0410042298334,34.0729993221599],[-81.0409344795669,34.073318570278],[-81.0408802950001,34.0734390143727],[-81.0408173618962,34.0734915680987],[-81.0405287133066,34.0738200857736],[-81.0404654562024,34.0738920806329],[-81.040462048048,34.0738959589852],[-81.0404619839988,34.0738980094359],[-81.0404556671501,34.0741014251186],[-81.0404552199138,34.0741158350777],[-81.0405766351819,34.0742131557079],[-81.040568739384,34.0742502679965],[-81.0405404822172,34.0742689952828],[-81.0403796080815,34.0743756150231],[-81.0403018951204,34.0744581623862],[-81.0402210389867,34.0747153777186],[-81.0401715068557,34.0747693036283],[-81.0400207873506,34.0749333884254],[-81.0399650556994,34.0749940626456],[-81.0399687498289,34.0750271532541],[-81.0399977806661,34.0752871877173],[-81.040085948873,34.0754018300227],[-81.0399770161619,34.0756162665889],[-81.0399424148394,34.0756321013689],[-81.0397517264508,34.0757191786311],[-81.0396738677024,34.0757691604087],[-81.039435658484,34.0761930383877],[-81.0392844370094,34.0763484743358],[-81.0392821524724,34.0763501530914],[-81.0392784919422,34.0763545851219],[-81.0392434356323,34.0763906184596],[-81.0389552579754,34.0764754403793],[-81.0387793776764,34.0765272087706],[-81.0384290040718,34.0766103113261],[-81.0383567876534,34.0766274394865],[-81.0383316408573,34.0766597094832],[-81.0382799447473,34.0767260505544],[-81.0382860730371,34.0769024810528],[-81.0381419685402,34.0769624864329],[-81.0380503894761,34.077000620563],[-81.037997273238,34.0770052345081],[-81.037748716907,34.0770268253685],[-81.0376464068601,34.0770357127559],[-81.0373739766072,34.0770777954436],[-81.0372362147649,34.0764949958952],[-81.0362569928896,34.0723274443056],[-81.0362567692779,34.072326492192],[-81.0353990487693,34.0687222691973],[-81.03498217263,34.066970529269],[-81.0349505746258,34.0668385511841],[-81.0349390485515,34.0667904071032],[-81.034938824738,34.0667888869236],[-81.0349386834972,34.0667879293729],[-81.033965597959,34.066763379528],[-81.0326116027921,34.0667060490055],[-81.0326077727803,34.0667062348568],[-81.0317445104994,34.0667482201149],[-81.0317401959304,34.0667477550461],[-81.0312002120822,34.0666896159238],[-81.0311144263261,34.0666879594097],[-81.0260647210585,34.0665903638995],[-81.0260046606641,34.0665835250879],[-81.0259443207885,34.0665786811533],[-81.0258837970604,34.0665758397725],[-81.0258231854,34.0665750054486],[-81.0258097416965,34.0665750948053],[-81.0257897387145,34.0665754037309],[-81.025684849612,34.066580318486],[-81.0255806227558,34.066591276134],[-81.0254775602008,34.0666082238924],[-81.0253761583943,34.0666310801248],[-81.025276905785,34.0666597347339],[-81.0251802804703,34.0666940496916],[-81.0250867478934,34.0667338597041],[-81.0249967586018,34.0667789730079],[-81.0249107460772,34.0668291722934],[-81.0248291246473,34.0668842157516],[-81.0247522874902,34.0669438382386],[-81.0246806047404,34.067007752553],[-81.0246144217062,34.0670756508187],[-81.0245540572056,34.0671472059686],[-81.0244998020313,34.0672220733191],[-81.0244519175488,34.0672998922309],[-81.0244348971595,34.0673305006001],[-81.0244188802924,34.0673581007457],[-81.0243765934965,34.0674246705954],[-81.0243761212945,34.0674253649861],[-81.0243741101001,34.0674283093849],[-81.0243416833826,34.0674736146244],[-81.0243071338823,34.0675178198084],[-81.0242705154053,34.0675608560893],[-81.0242318849805,34.0676026564397],[-81.0241913027705,34.0676431557571],[-81.0241488319782,34.0676822909651],[-81.0241045387478,34.067720001112],[-81.0240584920625,34.0677562274653],[-81.0239979062843,34.0677998087683],[-81.0239347853467,34.0678408225733],[-81.0238692861888,34.0678791669046],[-81.0238015716633,34.0679147464236],[-81.0237434167537,34.0679423474189],[-81.0236839214887,34.0679678935292],[-81.0235821053244,34.0680058791938],[-81.0234773373922,34.0680378260144],[-81.0234572541861,34.068043217381],[-81.0234367039551,34.0680484708746],[-81.0234058394672,34.0680558696159],[-81.0233897300239,34.0680595127558],[-81.0233781611801,34.0680620080949],[-81.0233710159724,34.0680635495188],[-81.0233545824995,34.0680669618836],[-81.0233353656433,34.0680707724127],[-81.0233087283743,34.0680761451495],[-81.023166912365,34.0681044918274],[-81.0231334399128,34.0680919150449],[-81.0229761975376,34.068032832434],[-81.0228488242024,34.0680603149663],[-81.0222996328707,34.0680818523725],[-81.0222186082007,34.068014465897],[-81.0218725525069,34.0680503909725],[-81.0216657540746,34.0680718161073],[-81.021652821861,34.0680731763014],[-81.0216361354768,34.0680750475022],[-81.021626867584,34.0680762204062],[-81.0215619747692,34.0680857259772],[-81.0214977585719,34.0680980083665],[-81.0214343904405,34.0681130347818],[-81.0213720395591,34.0681307651046],[-81.0212876707383,34.068010471294],[-81.0210689586778,34.0677287119926],[-81.0207603134921,34.067527795362],[-81.0195275078205,34.0668339001362],[-81.0195564359855,34.0668167680602],[-81.0195991397556,34.0667914771531],[-81.0196223739154,34.0667777173637],[-81.0196336123689,34.0667710611453],[-81.0196904148045,34.0667386428546],[-81.0197546277401,34.0666971185926],[-81.0198155416686,34.0666522838177],[-81.0198546341174,34.0666202720673],[-81.0198920423009,34.0665868955878],[-81.0199276974953,34.0665522156979],[-81.0199615341979,34.0665162961107],[-81.0199961825185,34.066469136324],[-81.0200280121815,34.0664206201294],[-81.0200607130295,34.0663639121602],[-81.0200895643007,34.0663057752343],[-81.0201144762674,34.0662463901735],[-81.0201353714551,34.0661859416811],[-81.0201501786967,34.0661328777587],[-81.0201574220266,34.0661066402231],[-81.0202300499319,34.06584352632],[-81.020231162821,34.0658396515933],[-81.0202361111055,34.0658216846903],[-81.0202384017502,34.0658133401132],[-81.0202489353482,34.0657772411935],[-81.020254440631,34.0657597241401],[-81.0202764266046,34.0656981302002],[-81.020301918356,34.0656374792981],[-81.0203290404502,34.0655814069638],[-81.0203591605597,34.0655264047257],[-81.0204017905554,34.0654580261624],[-81.0204490480427,34.0653917876992],[-81.0205007784302,34.0653279060044],[-81.0205568124969,34.0652665900368],[-81.0206014658204,34.0652224552008],[-81.0206483849322,34.0651799795953],[-81.0206745623819,34.0651578117898],[-81.0206766985151,34.0651559819126],[-81.020695848088,34.0651404273384],[-81.0207092197156,34.065129889806],[-81.0207261553039,34.0651168576128],[-81.0207371763716,34.0651085728821],[-81.0207604492029,34.0650915830261],[-81.0207792547602,34.0650783142712],[-81.0207985392209,34.0650651392085],[-81.0208160688482,34.0650534819751],[-81.0208303779463,34.0650442300769],[-81.0208486346014,34.0650327341188],[-81.0208638169439,34.0650234333791],[-81.0208832350287,34.0650118425435],[-81.0209030052663,34.0650003986205],[-81.0209192136765,34.0649913014824],[-81.0209336335984,34.0649834183134],[-81.0209494694426,34.0649749289707],[-81.0209713816696,34.0649635721389],[-81.0209818584513,34.0649582955038],[-81.020994556059,34.0649519950783],[-81.0210052192154,34.0649468157918],[-81.021017907128,34.0649407579192],[-81.0210384481335,34.0649312263208],[-81.0210457357143,34.0649279519643],[-81.0210562472929,34.0649232280508],[-81.0210729219983,34.0649159332844],[-81.0210868039031,34.0649100293904],[-81.0211018428491,34.0649037853625],[-81.0211147888152,34.0648985632994],[-81.0211292449916,34.0648928540673],[-81.0211457108107,34.0648865024906],[-81.021161080325,34.0648807624419],[-81.0211741704953,34.0648759966013],[-81.0211863940059,34.0648716474863],[-81.0212000118327,34.0648669563928],[-81.0212119027949,34.064862906692],[-81.0212287360904,34.064857358444],[-81.0212392100652,34.0648539942644],[-81.0212508085908,34.0648503440569],[-81.0212615317768,34.0648470573778],[-81.0212717382097,34.0648439880927],[-81.0212817084839,34.0648410577069],[-81.0212883008102,34.0648391486085],[-81.0212947523052,34.0648373098654],[-81.0213052068803,34.0648343793948],[-81.021318212828,34.0648308299283],[-81.0213349835464,34.0648263952594],[-81.0213526155656,34.0648217963332],[-81.0213646920067,34.0648186410586],[-81.0213817563222,34.0648141531333],[-81.0213943419495,34.064810863417],[-81.0214092189242,34.0648069736828],[-81.0214235303772,34.0648032472497],[-81.0214373521366,34.0647996300035],[-81.0214483744433,34.0647967517206],[-81.0214645298064,34.0647925488738],[-81.0214765975667,34.0647893737527],[-81.0214901235631,34.0647858503272],[-81.021501375542,34.0647829088817],[-81.021511249459,34.0647803175283],[-81.021524037665,34.0647769619405],[-81.0215357869142,34.0647738968747],[-81.0215451776486,34.0647714579873],[-81.0215539519381,34.0647691733947],[-81.0215616211762,34.0647671604008],[-81.0216032865526,34.0647545874102],[-81.0216433696661,34.0647388499348],[-81.0216815243887,34.064720083872],[-81.0217174212455,34.0646984512717],[-81.0217507502596,34.0646741389373],[-81.0217812236284,34.0646473568117],[-81.0218085782098,34.0646183361655],[-81.0218325777934,34.0645873275988],[-81.0218391951772,34.0645775530554],[-81.0218439387921,34.0645701286362],[-81.0218441597263,34.0645697778413],[-81.0219356618134,34.0644702146205],[-81.0223311906665,34.0645808026967],[-81.022338987722,34.0645829824739],[-81.0224640639927,34.0645366610145],[-81.022559842688,34.0642550316184],[-81.0225705150397,34.0642236509864],[-81.0225752341262,34.0642097740738],[-81.0225262858686,34.0640962840643],[-81.0224743389541,34.0640833127107],[-81.0224213292693,34.0640737735056],[-81.0223675836692,34.0640677252672],[-81.0223134335459,34.0640652052885],[-81.0222630420554,34.0640660396966],[-81.0222128578396,34.0640699301241],[-81.0221823231345,34.0640738164415],[-81.022161649853,34.06408168825],[-81.022135671475,34.0640915807789],[-81.0221942724989,34.0639230144304],[-81.0222525077307,34.0637317932334],[-81.0222433228405,34.0637294919712],[-81.0222214013247,34.0637239965087],[-81.0223749725502,34.0633304584062],[-81.0224188993086,34.0632269079829],[-81.0224357448424,34.0632324214605],[-81.0224692072929,34.0632433736102],[-81.0227086011837,34.0633217299282],[-81.0228644937724,34.0633656369132],[-81.0228924380378,34.0632775036012],[-81.0228594130959,34.0632701374936],[-81.0229344881873,34.0630418994955],[-81.0229535464799,34.0629839598867],[-81.0232769502537,34.0630544269293],[-81.0241913450898,34.0632727759691],[-81.0242646530633,34.0630607336102],[-81.0242936879799,34.0629767547353],[-81.0243229330906,34.0629849597713],[-81.0249481455036,34.063160358103],[-81.0251268209895,34.0626320101855],[-81.0252630817933,34.0622291349186],[-81.0251886726707,34.0621663394128],[-81.0251716165542,34.0621519456334],[-81.0251805567988,34.0621256542314],[-81.0252871400274,34.0618122124287],[-81.0253328702751,34.0616777281818],[-81.0252331299439,34.0614103891986],[-81.0252261158657,34.0613915895418],[-81.0252225599858,34.0613911240918],[-81.0251553949424,34.0613790542047],[-81.0251716588902,34.0612970514642],[-81.0251163505571,34.0612806988419],[-81.0257585108546,34.060873854888],[-81.0257609762073,34.0608722926539],[-81.0256805191823,34.0608019398276],[-81.025601468907,34.0607328165595],[-81.024961351342,34.0601734533719],[-81.0249440863633,34.0601583670991],[-81.0246401732616,34.0604458280698],[-81.0244374431158,34.0606373784462],[-81.0244168598026,34.0606570428894],[-81.0243020676894,34.0607736022024],[-81.0242463865473,34.060833759896],[-81.0241925376136,34.0608950620958],[-81.0241405548388,34.0609574701565],[-81.0240904709973,34.0610209447357],[-81.0240268908241,34.0611064006941],[-81.0239665762879,34.0611934810008],[-81.023909587252,34.0612820992411],[-81.0238559802805,34.0613721674738],[-81.0238127675304,34.0614505468211],[-81.0237557639106,34.0615633591066],[-81.0237039097336,34.0616778793993],[-81.0236714983823,34.0617576461339],[-81.0236414626074,34.061838054396],[-81.023488205951,34.0623011854797],[-81.0234814964926,34.0623215964354],[-81.0235245696022,34.0623360242927],[-81.0233016070398,34.0629828914844],[-81.0229770291189,34.0629125689917],[-81.0222734227241,34.0627373136705],[-81.022096333494,34.0631200924646],[-81.0220551120088,34.0632247387476],[-81.0217670069707,34.0631295137448],[-81.0213078382826,34.0629744870104],[-81.0210874621551,34.0629017846454],[-81.0209820893639,34.0628670217254],[-81.0210332451321,34.0627636472879],[-81.0211739587385,34.0624578703341],[-81.0209067953262,34.0623756537921],[-81.0210269637637,34.0621135175768],[-81.0210878757469,34.0619815047604],[-81.0212241777052,34.0616860978341],[-81.0215192355842,34.0618140442561],[-81.021747725381,34.0618705519577],[-81.0218782199219,34.0619028563233],[-81.0224760125997,34.0620503692728],[-81.0225227284159,34.0619097372875],[-81.0225268843656,34.0618972265259],[-81.0227286654136,34.0617233291374],[-81.0227917315723,34.0616689782993],[-81.0227921247609,34.0616686400944],[-81.0227769823198,34.0616537632302],[-81.0226528910419,34.0615319733926],[-81.0224443237716,34.0613279350867],[-81.0224196753817,34.061303746367],[-81.0224047259693,34.0612890759074],[-81.0224040172404,34.0612883799326],[-81.022313471312,34.0611996891378],[-81.0222947344817,34.0611813377556],[-81.0221835403647,34.0610723319455],[-81.022080942256,34.0609718220065],[-81.0220239009062,34.0609159410424],[-81.0215036777158,34.0604054002876],[-81.0214642671315,34.0603666390499],[-81.0213340557623,34.0602385866883],[-81.0212509089855,34.0601568187822],[-81.0210375388725,34.059946968382],[-81.0208634950923,34.0597750080344],[-81.02086067435,34.0597721808157],[-81.020825158788,34.0597365205197],[-81.0206908817834,34.0596018299179],[-81.0206142908068,34.0595250017274],[-81.0204034498602,34.0593134672314],[-81.0203847961487,34.0592949613492],[-81.0201901727461,34.0591036252294],[-81.0199721888896,34.0588915681587],[-81.01994669777,34.058866631568],[-81.0197250822326,34.0586484016768],[-81.0197243854657,34.0586477119962],[-81.0192696020354,34.0589535836598],[-81.0192243217432,34.0588832148378],[-81.0192239597699,34.0588826522406],[-81.0192626911673,34.0588084183854],[-81.0191942892245,34.0587412748654],[-81.0195460925784,34.0584711391823],[-81.0195465410158,34.0584707955686],[-81.0192938566926,34.0582195210987],[-81.0191777665349,34.0581040508693],[-81.0191773114203,34.0581035982921],[-81.0190732235721,34.0580000797869],[-81.0190418619245,34.0579688897967],[-81.0185416546497,34.058327906797],[-81.0183184551974,34.0584881392342],[-81.0181675525869,34.0585964370031],[-81.0180319153556,34.058461563345],[-81.0180265675595,34.0584654017058],[-81.0180207496509,34.0584695782675],[-81.0180046650963,34.0584811231093],[-81.0176758401356,34.0587171448075],[-81.0176557898408,34.058731535895],[-81.017587789975,34.05866396854],[-81.0173740952276,34.0584523976955],[-81.0171095340561,34.0586814532664],[-81.0170743500645,34.0586468982124],[-81.0168949273162,34.0584706761113],[-81.0168823764321,34.0584815386508],[-81.0161763870909,34.0590926353204],[-81.0164160459176,34.0592817004333],[-81.0163133587199,34.059390114875],[-81.0158970153295,34.0597440659884],[-81.0157699354669,34.0598521557742],[-81.0154881189001,34.0600914784079],[-81.0153955734463,34.0601700557612],[-81.015359789051,34.0601399744843],[-81.0153031159384,34.0600923327014],[-81.0152193573702,34.0600220501333],[-81.0151997851851,34.0600055967313],[-81.0151029039005,34.0599241545988],[-81.0150745213703,34.0598999666693],[-81.0149940082456,34.0598377518528],[-81.0149828402634,34.0598291222463],[-81.0148614000556,34.0597349492485],[-81.0147401323719,34.0596407752071],[-81.0146852700758,34.0595983554962],[-81.0147782251443,34.0595201383844],[-81.01519299567,34.0591658088771],[-81.0153080373703,34.0590673123994],[-81.0155991653815,34.0588189233651],[-81.0156816339002,34.0586932645641],[-81.0162402394664,34.0582215783609],[-81.0160076474831,34.0580264895668],[-81.0157055944493,34.0582815489803],[-81.0154476564891,34.0584993561333],[-81.0153650578061,34.058624994063],[-81.015110900965,34.0588420299857],[-81.0150868021863,34.05882248883],[-81.0148743875442,34.0586502469718],[-81.0151266520697,34.0584349294676],[-81.0152417101934,34.0583363825345],[-81.0153287579414,34.0584040011282],[-81.0155375618725,34.0582276437625],[-81.016072520212,34.0577758091693],[-81.0157357086457,34.0574751032125],[-81.0156723711581,34.057528412722],[-81.014966627294,34.0581226987864],[-81.0148851526262,34.0582472984316],[-81.0146073610859,34.0580317576312],[-81.0145507455811,34.0577888359603],[-81.0145377007297,34.057747426832],[-81.0145269983553,34.0577055549949],[-81.0145186619036,34.0576633121908],[-81.0145127096363,34.0576207909744],[-81.0145091241105,34.0575722338677],[-81.0145085543185,34.0575235874539],[-81.0145110017737,34.0574749813943],[-81.0145164599479,34.0574265452427],[-81.0145318319682,34.0573516816403],[-81.0145544433461,34.0572781012598],[-81.0145645130548,34.0572520232524],[-81.0145700866399,34.057237590175],[-81.0146376510177,34.0570902878284],[-81.0146605132424,34.0570407283377],[-81.0146731848658,34.057013256904],[-81.014179209146,34.0574759687778],[-81.0143909509741,34.0576541567901],[-81.0142984342258,34.0577718459059],[-81.0142212352631,34.057944159268],[-81.0141143073937,34.0581828302828],[-81.0140120140694,34.0584111555996],[-81.0139526712507,34.0583634954449],[-81.0138281380677,34.0582631659211],[-81.0137295778963,34.0581837327272],[-81.0136385861945,34.0581104535453],[-81.0136200095704,34.0580958545486],[-81.0131569290152,34.0577339136497],[-81.0129511939748,34.0575731110672],[-81.0129489993263,34.0575746892505],[-81.0128456710585,34.0576570610888],[-81.0126203985343,34.0578367284329],[-81.0126334741194,34.0578695070755],[-81.0131388349275,34.0582601624081],[-81.0130376028956,34.0583319231032],[-81.0127032648583,34.0585696995289],[-81.012480834513,34.0583979342867],[-81.0122151609459,34.0581927725691],[-81.0121822988254,34.0581673959827],[-81.0118600358872,34.0584245119752],[-81.0116036330141,34.0586289443639],[-81.0110717375677,34.0590532686596],[-81.0110202653385,34.0591389489143],[-81.0108945288629,34.059261199518],[-81.0107731515672,34.0593864649717],[-81.0106856069859,34.0594814929801],[-81.0106006725749,34.0595781479779],[-81.0104877103082,34.0597145536921],[-81.0103797311186,34.059853726915],[-81.0103131431458,34.0599443826714],[-81.0102486704718,34.0600360915046],[-81.0102169088995,34.0600832433676],[-81.0101375287783,34.0602056471909],[-81.0100615805275,34.0603295502105],[-81.0099350226309,34.060544131374],[-81.0098621307126,34.0606678496087],[-81.009859932925,34.0606715809659],[-81.0097321099733,34.0608886389376],[-81.0097023828068,34.0609391177247],[-81.0096264464057,34.0610677502412],[-81.0095741029737,34.0611564190086],[-81.0094286255672,34.0614033517994],[-81.0098354001808,34.0615408798519],[-81.0099747191149,34.0615882496981],[-81.0099759117812,34.0615961420706],[-81.0099761730834,34.0615978696824],[-81.0099788500786,34.0616155894246],[-81.0100115540242,34.0618400347689],[-81.0100494224978,34.062099119786],[-81.0100642261728,34.0621998911361],[-81.010026745222,34.0623197049346],[-81.0099806681134,34.0624658576866],[-81.0099347621368,34.0626035642998],[-81.0098622062653,34.0628291631398],[-81.0097765840724,34.0630947004665],[-81.0096285481933,34.0635549158379],[-81.0095264342418,34.0636115334095],[-81.0094333457136,34.0636631467513],[-81.0103593143745,34.066067154636],[-81.0104199295231,34.0662243305785],[-81.0100083849516,34.0663271196674],[-81.0096575134877,34.0664177569753],[-81.0084144939853,34.0667382002121],[-81.0077158389831,34.0669181761047],[-81.00785693422,34.0674101234272],[-81.0080208979676,34.0679818014972],[-81.0087197920112,34.0678257294161],[-81.0091815605914,34.0694686264937]],[[-81.1450294261757,34.088223964607],[-81.1446379545483,34.088023836653],[-81.1444214549368,34.0880289648527],[-81.1441635623314,34.0878689986943],[-81.1441597414187,34.0878666290019],[-81.1439803765216,34.0878904791221],[-81.1437967711758,34.0879132338408],[-81.1435998406347,34.0879318081703],[-81.1433860973706,34.0879104201458],[-81.1432826503499,34.0878996931916],[-81.143161228551,34.0878871014533],[-81.1431566543685,34.0878866270306],[-81.142941459652,34.0878642588845],[-81.1429264082098,34.0878626946552],[-81.1427071520279,34.087822863406],[-81.1425738012138,34.0877577014481],[-81.142424366707,34.0876872378687],[-81.1424560704325,34.087595004594],[-81.1424887719103,34.0874999731484],[-81.1422088372614,34.0873087236198],[-81.1420473087615,34.0872575775227],[-81.1420448311328,34.0872567931881],[-81.1416237232544,34.0872192095505],[-81.141619212422,34.0872209819892],[-81.1413250136061,34.0873365330176],[-81.1410919284962,34.0874278957676],[-81.1409995234541,34.0874640940987],[-81.1409896883553,34.0874679464252],[-81.1408931564403,34.0875789348134],[-81.1407324099121,34.0877637101444],[-81.1405387137533,34.0879863417575],[-81.1405794130678,34.0880614968198],[-81.1406657889357,34.0882286509799],[-81.140892141825,34.0883473406168],[-81.1412393169173,34.0885331768625],[-81.1412863236437,34.0885583217849],[-81.141435966017,34.0886441159597],[-81.1417867788045,34.0888453156733],[-81.1421376257972,34.0890465450042],[-81.1423573851854,34.0891725746668],[-81.1426890253572,34.0893614984565],[-81.1431586516333,34.0896284751007],[-81.1433968931404,34.0897687056195],[-81.143537199124,34.0898436923541],[-81.1439008910035,34.0900381220748],[-81.1441421744307,34.090167119898],[-81.1443844885764,34.0903034611413],[-81.1447264525252,34.0904959985072],[-81.1449617119501,34.0906284209154],[-81.1451666328519,34.0907570209428],[-81.1455473357225,34.0909802589576],[-81.1456715719198,34.0910430515299],[-81.1459909127597,34.0908822541373],[-81.1462045943103,34.0907746613547],[-81.1462512559607,34.0907081345322],[-81.1462604891728,34.0906912306748],[-81.1462799114658,34.090655504859],[-81.1463497373561,34.0905270530455],[-81.1463956691421,34.0904425637412],[-81.1464566736184,34.0903546924768],[-81.1465975993571,34.0901515768453],[-81.1466432589819,34.0900253282189],[-81.1467995027287,34.0897333101614],[-81.1467757888656,34.0897142712405],[-81.1466937993216,34.0896618749371],[-81.1465102622748,34.0895446079382],[-81.1462841483498,34.0893944334724],[-81.1461980145264,34.0893372321519],[-81.1461793247647,34.0893325879486],[-81.1460747862195,34.0893063845473],[-81.1460456467835,34.0892991458523],[-81.145810866485,34.0892416789214],[-81.1455850257809,34.0891998326107],[-81.14547608144,34.0891796444742],[-81.1454537262454,34.0891755021822],[-81.145473319328,34.0891292689881],[-81.1455409796297,34.0890263052212],[-81.1456499250872,34.0890024723303],[-81.1456278062999,34.0889401650527],[-81.1455323295603,34.0886712126074],[-81.1453930783845,34.0885758037883],[-81.1451532687514,34.0882872838826],[-81.1450294261757,34.088223964607]],[[-81.14136294679,34.0872384815889],[-81.1414515076957,34.0871747734541],[-81.1415731860416,34.0870872411556],[-81.1416143008562,34.0870301025201],[-81.1412152632711,34.0869449421577],[-81.1412269882839,34.0869199495438],[-81.1412328573119,34.0868919609876],[-81.1416484641725,34.0869806189585],[-81.1416517940689,34.086975765918],[-81.141744505583,34.0868406450666],[-81.1417459813284,34.0868384946754],[-81.1417297154496,34.086819312829],[-81.1416423391344,34.0867162700423],[-81.1416031675928,34.0866700773736],[-81.1414235370775,34.0864904858055],[-81.1413282274047,34.0864401190475],[-81.1411888304269,34.086366369433],[-81.1410746431531,34.0863123865512],[-81.1409878086888,34.0862713350959],[-81.1409097852856,34.0862093185013],[-81.1407817504062,34.0861075493011],[-81.1407761999559,34.0861031373513],[-81.140415440209,34.0860326329352],[-81.1402417195535,34.0860941147014],[-81.1398850147082,34.0860650544766],[-81.1398731149768,34.0860640850442],[-81.1397797134471,34.0861453586748],[-81.1396718708256,34.0862264302654],[-81.1399196365051,34.0864807709893],[-81.1400308547885,34.0865825672393],[-81.1401937877026,34.0867475047931],[-81.1402175008939,34.0867715159556],[-81.1403068964575,34.0868564706301],[-81.1403437006873,34.0868914774131],[-81.1404983206384,34.0870346753886],[-81.1406560347612,34.0871862399714],[-81.1408158668114,34.087346256112],[-81.1409680685634,34.0873633046875],[-81.1411238593844,34.0873550631469],[-81.14136294679,34.0872384815889]],[[-81.1454863091595,34.0870981355546],[-81.145661691867,34.0866273541051],[-81.1461117442616,34.0867174490378],[-81.146457372079,34.0867918806689],[-81.1468399459119,34.0868777307453],[-81.1471102158098,34.0861807283801],[-81.1475309892576,34.0850174734738],[-81.1467923199796,34.0848340457086],[-81.1463627488411,34.0847292406686],[-81.1473556950326,34.08203803749],[-81.14733813188,34.0820335318773],[-81.1472909867474,34.0820214358136],[-81.1473815484047,34.0817764412248],[-81.1474349044322,34.0816320969043],[-81.1478473874589,34.080516189383],[-81.1479258054602,34.0803037225418],[-81.1479431484092,34.0803063961151],[-81.1480188009452,34.0803170387163],[-81.1480910666606,34.0803274247232],[-81.1481852317177,34.0803402659948],[-81.1483074186185,34.080356747196],[-81.1483577311451,34.0803635732648],[-81.1483896216688,34.0803685151654],[-81.148446485449,34.080377565939],[-81.1485142797979,34.0803883835398],[-81.1485576494878,34.0803952448797],[-81.1485788980955,34.0803986341376],[-81.1486285238601,34.080404963189],[-81.1486746617735,34.0804102729851],[-81.1486794643208,34.080410794721],[-81.1486914509761,34.0804116658247],[-81.148745880229,34.0804152921437],[-81.1488525206171,34.080422600568],[-81.1489310474704,34.0804262884985],[-81.149009672726,34.0804279897845],[-81.1490883238064,34.0804277028558],[-81.1491669281106,34.0804254279771],[-81.1492454130804,34.0804211672483],[-81.149323706268,34.0804149246024],[-81.1494017354026,34.0804067058019],[-81.1494794284573,34.0803965184334],[-81.1495567137154,34.0803843719005],[-81.1496335198366,34.0803702774156],[-81.1497097759233,34.0803542479887],[-81.1497854115854,34.0803362984164],[-81.1498603570058,34.0803164452675],[-81.1499345430047,34.0802947068678],[-81.1500079011033,34.0802711032836],[-81.1500803635874,34.0802456563026],[-81.1502090006572,34.0801950018446],[-81.150334097747,34.0801385416804],[-81.1504552767642,34.0800764464579],[-81.1505721714607,34.0800089038562],[-81.1506560240389,34.079955430529],[-81.1507371175151,34.0798990879257],[-81.1498724134284,34.0791205053757],[-81.149820642708,34.0789039365239],[-81.1498106191113,34.0788690877183],[-81.1497838196775,34.0787949322072],[-81.1496661696456,34.0785916352388],[-81.1496407569975,34.0783658878338],[-81.1495829175298,34.0778519111055],[-81.1491333624968,34.0775703247107],[-81.1491094182056,34.0773017625056],[-81.1491170022503,34.0772835619228],[-81.1490571911668,34.0772682593709],[-81.1489963172466,34.0772562031354],[-81.1489346346723,34.0772474435576],[-81.1488724010025,34.0772420172136],[-81.1488350646013,34.0772403731073],[-81.1485481482005,34.0772612524617],[-81.1484648443353,34.0772673103981],[-81.1476873783246,34.0773236927086],[-81.1476667385438,34.0773247947625],[-81.1476455943619,34.0773255926435],[-81.1476318329651,34.0773258497516],[-81.1476155626077,34.0773258708941],[-81.1475971409032,34.07732566917],[-81.1475763562669,34.0773250807234],[-81.1475668218872,34.0773246231763],[-81.1475541337561,34.0773239042801],[-81.1475333454652,34.0773224484106],[-81.1475185779834,34.0773211530996],[-81.1475037342706,34.0773196369648],[-81.1474834471083,34.0773172084763],[-81.1474830070602,34.077317148586],[-81.1474684800617,34.0773151749171],[-81.1474489695449,34.0776721729984],[-81.147295986006,34.0780435119914],[-81.1471524694108,34.0783367059298],[-81.1469637814723,34.0784400116419],[-81.1468727365296,34.0785345517824],[-81.1465750250648,34.0787184547365],[-81.1463764903731,34.0787005307702],[-81.1462918201243,34.0786928868691],[-81.1462867165427,34.0786924258082],[-81.1459599219368,34.0787620496758],[-81.1459518537562,34.0787623494993],[-81.145930765532,34.0787631343982],[-81.1457947503105,34.0786561118927],[-81.1456938267893,34.0785467334536],[-81.1457225844216,34.0783864605883],[-81.1456935968704,34.07771321264],[-81.1456879663845,34.0775731173879],[-81.1456953085634,34.0775716146848],[-81.145277816033,34.0768759864724],[-81.1452910386124,34.0768672724575],[-81.1454533321272,34.0767603122643],[-81.1455064517533,34.0767253043684],[-81.1457318827093,34.0766303956702],[-81.1458884899107,34.0765664239604],[-81.145903187424,34.0765604204132],[-81.1459357400337,34.0765471247033],[-81.1462853329081,34.0764043410842],[-81.1462409517382,34.0763451184967],[-81.1462005030411,34.0762839768537],[-81.1461641063033,34.0762210967821],[-81.14613186904,34.0761566640439],[-81.1460809195754,34.0760259319527],[-81.1460599769622,34.0759514274041],[-81.1460444162456,34.0758760154623],[-81.1460342929059,34.0757999650704],[-81.1460296430317,34.0757235474476],[-81.1460296806587,34.0756699044248],[-81.1460324364697,34.0756163104303],[-81.146033076971,34.0756074361997],[-81.1460335674647,34.0755989219175],[-81.1460339329786,34.0755901913781],[-81.1460343145065,34.0755781290954],[-81.1460344533075,34.0755692554546],[-81.1460343667716,34.0755559439875],[-81.1460340149526,34.0755395571862],[-81.1460336201983,34.0755304298976],[-81.1460329527693,34.0755189792886],[-81.1460321221526,34.0755077840481],[-81.1460290997519,34.0754789039403],[-81.1460253840349,34.0754533185011],[-81.1460194320445,34.0754221335245],[-81.1459768434271,34.0752890796142],[-81.1459636864121,34.0752602664173],[-81.1459465473811,34.0752270675958],[-81.145930468133,34.0751989927019],[-81.1458847042517,34.0751286142107],[-81.1458338959025,34.0750606745274],[-81.1457782301035,34.0749954237125],[-81.1457179117499,34.0749331019294],[-81.1456936732646,34.0749101328975],[-81.1456774572963,34.0748952957621],[-81.1456445536297,34.0748666706974],[-81.1456060323498,34.0748352687091],[-81.1455762818805,34.0748123692338],[-81.1454780077465,34.0747426687551],[-81.1453760436875,34.0746767406302],[-81.1452953595769,34.074628773313],[-81.1452127160215,34.0745831745055],[-81.1451282133858,34.0745399995824],[-81.1450419542912,34.074499300975],[-81.1449712588258,34.0744683280242],[-81.1448995424039,34.0744390254562],[-81.1448268620073,34.0744114165528],[-81.1447532753835,34.0743855232501],[-81.1446771225282,34.0743608657274],[-81.1446001755412,34.0743379790275],[-81.1446921000369,34.0741317080316],[-81.1447175057604,34.0740848453579],[-81.144745154257,34.0740388702074],[-81.1447750008468,34.0739938568696],[-81.1448069972985,34.0739498780798],[-81.1448410919072,34.0739070049017],[-81.1448772295778,34.0738653066121],[-81.1449153519141,34.0738248505894],[-81.1449553973135,34.0737857022044],[-81.1450003914032,34.0737452788084],[-81.1450474359843,34.0737065055735],[-81.1450964437417,34.0736694544609],[-81.1451473237174,34.0736341942355],[-81.1452304902178,34.0735827487515],[-81.145290865704,34.0735496863801],[-81.1453792622241,34.0737180050763],[-81.1453811848554,34.0737169532644],[-81.1453816481915,34.0737166993485],[-81.1453874572588,34.0737135429625],[-81.1456407437028,34.0742120754417],[-81.1457566091581,34.0742506677815],[-81.1461564957776,34.0741099569679],[-81.1461630589162,34.0741271488837],[-81.1463197826645,34.0745376844993],[-81.1471991555961,34.0743429841887],[-81.1475395159521,34.0742676151369],[-81.1475511665527,34.0742537487107],[-81.1479626158835,34.0737387099655],[-81.1479619787328,34.0737380714299],[-81.1473983052456,34.0731733959604],[-81.1472733550662,34.0730482252817],[-81.1472714664986,34.073049531358],[-81.1472068806668,34.0730941782285],[-81.1471209284626,34.0731535956355],[-81.1469205892174,34.0729522745975],[-81.1468233354994,34.0730193199017],[-81.1467492132619,34.0730704203489],[-81.1466791668184,34.0731187116965],[-81.146651573988,34.0731377337721],[-81.1466101641491,34.0731634166713],[-81.1465492124005,34.0732012214293],[-81.1464741394205,34.0732477846498],[-81.1464132113645,34.0732855739834],[-81.1463529045628,34.0733229784366],[-81.146310986048,34.0733459324331],[-81.1462496959534,34.0733748080527],[-81.1461756263074,34.0734075055985],[-81.1461574659406,34.0734152138375],[-81.1460518544023,34.0732606936742],[-81.1459646439754,34.0730964685921],[-81.1456595882904,34.0725219663376],[-81.1455544947363,34.0723240433833],[-81.1455471258424,34.0723267841262],[-81.145374475931,34.0723909960866],[-81.1451647156558,34.0724753010635],[-81.145074706739,34.0725114763581],[-81.1449579089678,34.0725584643093],[-81.1438307688908,34.0730024490533],[-81.1437733880253,34.073025051312],[-81.1435998828133,34.0730770412406],[-81.143379938734,34.0731429200047],[-81.1427159453213,34.073354645758],[-81.1412295933791,34.073822991229],[-81.140783353565,34.0739635962698],[-81.1405017018249,34.0740523416569],[-81.1403494963182,34.0738206391722],[-81.1400844490549,34.0738986717698],[-81.1398810874442,34.0739545646984],[-81.1398489718264,34.0738860646994],[-81.139815735376,34.0738179374468],[-81.1397813824442,34.0737501919516],[-81.1397459206459,34.0736828453366],[-81.1397093565006,34.0736159075119],[-81.1396716965339,34.0735493919944],[-81.1396572234136,34.0735247111186],[-81.1396329472679,34.0734833104978],[-81.1393524768932,34.0730303322102],[-81.137884571549,34.073411983985],[-81.1381799450798,34.0737751357243],[-81.1386014521134,34.0743832185407],[-81.1387794558272,34.0746255630345],[-81.1399953418027,34.0742047436754],[-81.1402012206409,34.0741452689355],[-81.1402163303459,34.0741840712129],[-81.1402212806495,34.0741970399669],[-81.1402229042999,34.0742013112181],[-81.1402682386941,34.074326208292],[-81.140279139329,34.0743580371751],[-81.1403118451125,34.0744585281629],[-81.1403396411045,34.0745509329686],[-81.140374309779,34.0746777869773],[-81.140405158222,34.0748053222867],[-81.1404321671499,34.0749334592441],[-81.1404553196768,34.0750621178204],[-81.140457341259,34.0750744911553],[-81.1402516487726,34.0751664348512],[-81.1398369695817,34.0752944141687],[-81.139163795691,34.0755021501711],[-81.1387611848494,34.07562635594],[-81.1387343045564,34.0756211489865],[-81.1383534293867,34.0755473625261],[-81.1380348877923,34.0754706545071],[-81.1377464053167,34.0754087711936],[-81.1377275628591,34.0754047128698],[-81.1374745143846,34.0753505080437],[-81.1371870299656,34.075288845041],[-81.1369124870711,34.0752182602665],[-81.1363554045763,34.0750749453529],[-81.1361186856639,34.0750141077789],[-81.1356337878061,34.074929513848],[-81.135213599358,34.0748562223406],[-81.1348105643126,34.0749306391896],[-81.1345361177734,34.0749813103001],[-81.1341814831066,34.0750468100069],[-81.1341067625135,34.0750606179582],[-81.1337627010454,34.075124197085],[-81.1336500463262,34.0751436026932],[-81.1327585208892,34.0752973231711],[-81.1326963982346,34.0753080339462],[-81.1324319531308,34.0753511128581],[-81.132209177414,34.0753874031575],[-81.132194142108,34.0753898528082],[-81.1322606635259,34.0756393700289],[-81.1322647734443,34.0756547853563],[-81.1322831106037,34.0757235607357],[-81.1323086236105,34.0757250925178],[-81.1323335452016,34.075729888376],[-81.1323572760006,34.0757378329677],[-81.1323792452699,34.0757487352215],[-81.1323989415347,34.0757623100354],[-81.1324158812955,34.0757782537775],[-81.1324296578639,34.0757961836733],[-81.1324399404923,34.0758156692649],[-81.1324480129001,34.0758447357761],[-81.1324483573642,34.0758745669939],[-81.1324409576449,34.0759037572132],[-81.1324261624242,34.0759309309327],[-81.1324331670647,34.0759839028254],[-81.1324413316869,34.0760456612947],[-81.1324720841285,34.0762778455487],[-81.1324804679234,34.0763390501425],[-81.1324845063808,34.0763635986948],[-81.1324884729859,34.0763851149597],[-81.1324898998638,34.0763927092251],[-81.1324942199989,34.0764144036459],[-81.132499091681,34.0764367971849],[-81.1325030170341,34.0764526337844],[-81.1325073196611,34.0764706971411],[-81.1325100975347,34.0764816424262],[-81.1325132683854,34.0764937540713],[-81.1325162234189,34.0765043411986],[-81.1325282719429,34.0765451169262],[-81.1325379409199,34.0765753635209],[-81.1325465179978,34.076603033365],[-81.132735402278,34.0772017509193],[-81.1328760444557,34.0771710078996],[-81.1330157436542,34.0771374197085],[-81.1330500621643,34.0772723370866],[-81.1330470183931,34.0772730923516],[-81.1331273721292,34.0775872782554],[-81.1332190968584,34.077945545122],[-81.1332115585847,34.0779556286219],[-81.1329431122422,34.0783146926033],[-81.1329520312308,34.0785233678187],[-81.1329539400382,34.0785692786035],[-81.1329631018286,34.0787933831521],[-81.1328912380938,34.0788391438617],[-81.1328047391756,34.0788942742438],[-81.132736196581,34.0789379186665],[-81.132651958881,34.0789915668612],[-81.1325697628347,34.0790439378382],[-81.1322265323842,34.0790100018768],[-81.131947340654,34.0789677582687],[-81.1319433868883,34.0790010635683],[-81.1319365958977,34.0790340504671],[-81.1319270020865,34.0790665518333],[-81.1319146540596,34.0790984029945],[-81.131899614377,34.0791294425728],[-81.1318819592363,34.079159513302],[-81.1318617780872,34.0791884628246],[-81.1318391731778,34.0792161444635],[-81.1317700900309,34.0792823165805],[-81.1317038016764,34.0793457923658],[-81.1316340042783,34.0794127198708],[-81.131562252466,34.0794814392469],[-81.1314900439825,34.079550641464],[-81.1314196434216,34.0796180636053],[-81.1313492590269,34.079685500115],[-81.1312799121599,34.0797519066662],[-81.131228108633,34.0798015269407],[-81.1312517018925,34.0798165961886],[-81.1312770274262,34.0798327735732],[-81.1314114889391,34.0799186609797],[-81.1318399606583,34.0801666034951],[-81.1319615524615,34.080236032913],[-81.1320051694468,34.080260899168],[-81.132065764852,34.0802955288144],[-81.1321126324646,34.0803222679775],[-81.1321681411646,34.0803539788256],[-81.1322780748927,34.0804201228803],[-81.1323264396116,34.0804492696648],[-81.1330176854356,34.080849652217],[-81.1332905157434,34.0810104174435],[-81.1334937713215,34.0811282141247],[-81.1337376396472,34.0812696503503],[-81.1339815369517,34.0814110869627],[-81.134266080992,34.0815760725921],[-81.1345825751449,34.0817600186993],[-81.1347741859748,34.0818607177882],[-81.1349671722296,34.081959581992],[-81.1351311451587,34.08204161012],[-81.1354370874821,34.0822032578785],[-81.135978590079,34.0824725723153],[-81.1361343032707,34.0825390180588],[-81.1362618371188,34.0825974578265],[-81.1367667318326,34.0828287570524],[-81.1370985686188,34.0829703503125],[-81.1372695043095,34.0830486051912],[-81.1374755849251,34.0831429493336],[-81.1380335951211,34.0833983983596],[-81.1380617371819,34.0833895161673],[-81.138281425518,34.0833203192241],[-81.1384033854613,34.0830367981081],[-81.1385014394814,34.0828089499464],[-81.1385196615879,34.0827666028422],[-81.1386286751434,34.0825131264363],[-81.1386832211672,34.082386346669],[-81.1387914490739,34.0821328033424],[-81.1389346844555,34.0818016201204],[-81.1391513987263,34.0818361815736],[-81.1402911791774,34.0820181998094],[-81.14152109938,34.0822150710394],[-81.1415238645537,34.0822155142217],[-81.1409450002276,34.0830922806652],[-81.1409382645299,34.0831024845345],[-81.141316124063,34.0832813132919],[-81.1413295895598,34.0832876854896],[-81.1411400454261,34.0834823614626],[-81.1410772183424,34.0838025129541],[-81.1410777517531,34.0838033166489],[-81.1412858492886,34.0841170449925],[-81.1412920416895,34.0841263811802],[-81.1411252739112,34.0848189643972],[-81.1410071681526,34.0850783880234],[-81.1406261920584,34.084906088314],[-81.1404639509766,34.0848326648797],[-81.1401276432606,34.0846805315276],[-81.1397158459768,34.0844942471284],[-81.1396393564575,34.0844596445292],[-81.1394942673345,34.0843940307449],[-81.1392230205163,34.0842712987367],[-81.1389031538834,34.0841267231608],[-81.1385558209868,34.0839706791458],[-81.138357224057,34.0838814942166],[-81.1383378130334,34.0838727767324],[-81.1382776786912,34.0842351585552],[-81.1382121925809,34.0846299364899],[-81.1381766962619,34.0848439171855],[-81.1381415036313,34.0850507435748],[-81.138101701343,34.0853078826065],[-81.1380851041726,34.0854150866917],[-81.1380443930868,34.0856767594424],[-81.1380091396766,34.0858974437582],[-81.1379678656528,34.0861368103687],[-81.1379225189704,34.0863668445574],[-81.1379370847148,34.0863651332216],[-81.1382207173348,34.0863318064586],[-81.138446926572,34.0863052272309],[-81.1386045638934,34.0862643116471],[-81.1386017431839,34.0862563790943],[-81.138593199791,34.0862305716772],[-81.138583268053,34.0861835455801],[-81.1385809907115,34.0861358365866],[-81.1385814448077,34.0861264333431],[-81.13885562706,34.0861237412897],[-81.1389834335548,34.0861224856748],[-81.1389837321692,34.0861181581701],[-81.1389922637088,34.085995103331],[-81.1386382187714,34.0859066608055],[-81.1384836076834,34.0858586419936],[-81.1384981224817,34.0858267062751],[-81.1385350732764,34.0857574588337],[-81.1385783119201,34.085690779374],[-81.138609836636,34.0856489934897],[-81.1386450164401,34.085609278558],[-81.138774906619,34.0856942621901],[-81.1390737426512,34.0858950011953],[-81.1390857769529,34.0858800279181],[-81.1391323361442,34.085822093214],[-81.1390504836166,34.0855222070475],[-81.139084153064,34.0855105601969],[-81.1391323909911,34.085496324521],[-81.139190653284,34.0857947682337],[-81.1392287448891,34.0857914677663],[-81.1392600262915,34.0857887565074],[-81.1393516329322,34.0857808190554],[-81.1395140382783,34.0858180421163],[-81.1396766283303,34.0858548030959],[-81.1397857086403,34.085939399702],[-81.1398990374074,34.0860273664204],[-81.1402495778749,34.0859833197984],[-81.1404155674878,34.0859951011896],[-81.1407732262665,34.0859727539324],[-81.1407726509107,34.0859589128675],[-81.1407637384876,34.0857444678683],[-81.1409213005434,34.0857805963304],[-81.140947357445,34.0857865710647],[-81.1411164546718,34.0858127577706],[-81.1413288390686,34.0858456467947],[-81.141326073251,34.0858508165784],[-81.1413170577653,34.0858742635955],[-81.1413132058176,34.0858986717498],[-81.1409371656157,34.0858404436912],[-81.1409452670253,34.0861145448572],[-81.1410836189773,34.086193100097],[-81.141290849518,34.0863107017217],[-81.1414513338734,34.086318090489],[-81.1415904347282,34.086324458377],[-81.1417934529003,34.0864165139097],[-81.1419964834638,34.0865085907348],[-81.1421994873287,34.0866006429112],[-81.1423353140487,34.0866622299908],[-81.1423437593681,34.0866660587717],[-81.1423425717265,34.0866667877897],[-81.142190401052,34.0867603600611],[-81.1419186773932,34.0869261771703],[-81.1421530359343,34.0871593761691],[-81.1422781665175,34.0872507698032],[-81.1425422537306,34.0874459903369],[-81.1425669659572,34.0874412804459],[-81.1427289777764,34.0874104038602],[-81.1429552086457,34.0873672777664],[-81.1431826498196,34.0873274049347],[-81.1433758303123,34.0872905639174],[-81.1435689932605,34.0872536991756],[-81.1435769746173,34.087256736732],[-81.1437644184454,34.087328062941],[-81.143959791863,34.087402375062],[-81.1441507118899,34.0874840551731],[-81.1442285464604,34.0875729048725],[-81.1441968721693,34.0876796132593],[-81.1441659524054,34.0877865137188],[-81.1445195323702,34.0879223775491],[-81.1446694857344,34.0879811170461],[-81.1448413755477,34.0880283803335],[-81.14501308728,34.0880284153281],[-81.1452641018948,34.0880226199713],[-81.1454600189283,34.088018104107],[-81.1454737978778,34.0882514070154],[-81.1454906005943,34.0885366080349],[-81.1455784481504,34.0886555621872],[-81.1456729558981,34.0889218133968],[-81.1458394904119,34.0889430888133],[-81.1460050828261,34.0889673208244],[-81.1462418063991,34.0890041816923],[-81.1464845780807,34.0890699870531],[-81.1466227649322,34.0891495542598],[-81.1467796745153,34.0892402268342],[-81.1467909286532,34.0892334662565],[-81.1470644085307,34.0890691801964],[-81.1472328829113,34.0890286583441],[-81.1472371520854,34.0890250104923],[-81.147452227209,34.0888425716101],[-81.1475137923931,34.088790340769],[-81.1477066395191,34.0886267323885],[-81.1477578306383,34.0885832780993],[-81.1478685379658,34.0884893652049],[-81.1478567774352,34.0883578320292],[-81.1478421507233,34.0881936929553],[-81.1478364424129,34.0881904140227],[-81.1477776464095,34.0881566420837],[-81.1476911659328,34.0881101090805],[-81.1473401794418,34.087921384724],[-81.1473050131972,34.0879024803038],[-81.1470365595062,34.0877663297975],[-81.1468575113275,34.0877459670477],[-81.1467041593341,34.0876700679903],[-81.1463739779692,34.087508663407],[-81.146005013148,34.087331321229],[-81.1459481980329,34.0873043348487],[-81.1458285766795,34.0872533527076],[-81.1457285871058,34.0872080081766],[-81.1454863091595,34.0870981355546]],[[-81.1554818470875,34.0727259131637],[-81.1557172497218,34.0730676166642],[-81.1557820009714,34.073161600172],[-81.1559686949384,34.073072173846],[-81.1562549325798,34.072935068952],[-81.156398555006,34.0728662708134],[-81.1565710517986,34.0727844292962],[-81.155914397004,34.0718302685701],[-81.1557424152235,34.071912177983],[-81.1556617513075,34.0719506629683],[-81.1556369541943,34.0719624935044],[-81.1555991582029,34.0719805240823],[-81.1553126456556,34.0721172211885],[-81.1551243869747,34.0722070353321],[-81.1551629016837,34.0722629467232],[-81.1554818470875,34.0727259131637]],[[-81.1583081981489,34.0729626444289],[-81.1578628858331,34.073184230577],[-81.1579238562095,34.0732702135136],[-81.1582381712324,34.0737134732257],[-81.15872706815,34.073473594389],[-81.1585596748492,34.0732694033784],[-81.1583081981489,34.0729626444289]],[[-81.1558172804363,34.0745185433187],[-81.1558266257216,34.0745319991598],[-81.1558381586703,34.0745442169467],[-81.1558516415573,34.0745549634408],[-81.1561912568656,34.0747895988355],[-81.1564596767726,34.07463914757],[-81.1568795209328,34.0744038092645],[-81.15701508018,34.0743278296913],[-81.1570144861276,34.0743270964708],[-81.1570147231873,34.0743269636234],[-81.1568787148728,34.0741573617347],[-81.1567130854694,34.0739508135545],[-81.1567007374911,34.0739385175267],[-81.156685503662,34.0739266426188],[-81.1566685857998,34.0739164559845],[-81.1566502627002,34.0739081331001],[-81.1566308238956,34.0739017953273],[-81.1566105762355,34.073897553186],[-81.1565898503137,34.0738954657701],[-81.1565689734455,34.0738955768494],[-81.1565482793472,34.0738978751828],[-81.1565280962846,34.0739023315028],[-81.1565087578511,34.0739088669427],[-81.1565001010251,34.073912917401],[-81.1564741510794,34.0739286141721],[-81.1560342765681,34.0742382210527],[-81.1558405159973,34.0743944332981],[-81.1558331516953,34.074401419777],[-81.1558224940329,34.0744141757612],[-81.1558141117402,34.074428055996],[-81.1558081571048,34.0744427861785],[-81.1558047574338,34.0744580595765],[-81.1558039848049,34.0744735875607],[-81.1558058440445,34.0744890428133],[-81.1558103086173,34.0745041323199],[-81.1558172804363,34.0745185433187]],[[-81.1493465518042,34.075180824955],[-81.1487084709109,34.074539509914],[-81.1485100548496,34.074674686272],[-81.1484695461884,34.0747053679387],[-81.1484328151473,34.0747391822998],[-81.1484002099285,34.0747758088065],[-81.1483720396242,34.0748149002518],[-81.148348571286,34.0748560860612],[-81.1483300273934,34.0748989758058],[-81.1483165837445,34.0749431629033],[-81.1483083677895,34.0749882284723],[-81.1483056679512,34.0750236724141],[-81.1483054748139,34.0750430002565],[-81.1483054924602,34.0750551179761],[-81.1483055042198,34.075065078873],[-81.1483076167515,34.0756353449895],[-81.1487139338051,34.0756433286496],[-81.1489508485864,34.0754701223756],[-81.1490999902101,34.0753620586563],[-81.1493465518042,34.075180824955]],[[-81.1569377350135,34.0953097466988],[-81.1567505580704,34.0951649487706],[-81.1565576380831,34.0953710851636],[-81.1565813851051,34.0953896199131],[-81.1567238110075,34.0955007814963],[-81.1567332824293,34.0954923244167],[-81.1569377350135,34.0953097466988]],[[-81.1669239256202,34.0674450305664],[-81.166713003836,34.0669644559632],[-81.1666540269358,34.0669153093238],[-81.1665437773854,34.0668234418694],[-81.1665281360001,34.0668104127284],[-81.1664060650213,34.0669118006538],[-81.1663193645635,34.066983811014],[-81.1661367694497,34.0671354640049],[-81.166076075905,34.0671858719441],[-81.1660591346651,34.0671999437837],[-81.1659837898302,34.0672625233026],[-81.1659818503669,34.0672647539633],[-81.1659799412601,34.0672669945019],[-81.1659780484245,34.0672692449374],[-81.1659761805385,34.0672715106681],[-81.1659743310993,34.0672737908011],[-81.1659725109332,34.0672760808135],[-81.1659707081306,34.0672783852297],[-81.1659689302687,34.0672807004328],[-81.1659685206824,34.0672812465008],[-81.1659671697702,34.0672830300396],[-81.1659654385448,34.0672853695259],[-81.1659637257576,34.067287718906],[-81.165962036826,34.0672900781728],[-81.1659603782613,34.0672924527276],[-81.1659587370601,34.0672948416863],[-81.165957119704,34.0672972351214],[-81.1659555262158,34.067299644755],[-81.1659539565814,34.0673020633736],[-81.1659524053852,34.0673044918861],[-81.1659508834621,34.067306930278],[-81.1659493853946,34.0673093785564],[-81.1659479122662,34.0673118367202],[-81.1659464564926,34.0673143047793],[-81.1659450354111,34.0673167836123],[-81.1659436327661,34.0673192714375],[-81.1659422604864,34.067321773649],[-81.1659409055439,34.0673242767391],[-81.1659395744658,34.0673267942243],[-81.1659382737443,34.0673293215875],[-81.1659369968696,34.0673318543288],[-81.1659357438507,34.0673343969569],[-81.1659345146856,34.0673369485699],[-81.1659333082857,34.0673395064643],[-81.1659321344076,34.0673420733321],[-81.1659309811347,34.0673446500909],[-81.1659298592931,34.0673472322178],[-81.1659287493889,34.0673498242474],[-81.1659276752481,34.0673524207375],[-81.1659266195457,34.0673550271216],[-81.1659255985249,34.0673576388694],[-81.165924597026,34.0673602605098],[-81.1659236226227,34.0673628866222],[-81.1659226731498,34.0673655181116],[-81.1659217486144,34.0673681585844],[-81.1659208533346,34.0673707999199],[-81.1659199819192,34.0673734556505],[-81.1659191354256,34.0673761122494],[-81.1659183181929,34.067378772416],[-81.1659175226419,34.0673814388654],[-81.1659167585292,34.0673841142897],[-81.1659160182531,34.0673867896821],[-81.1659153083336,34.0673894749525],[-81.1659146157601,34.0673921656098],[-81.1659139589415,34.0673948562194],[-81.1659133216343,34.0673975513113],[-81.1659127125184,34.0674002571859],[-81.1659121326547,34.0674029621196],[-81.1659115766276,34.0674056670215],[-81.1659110390405,34.0674083827189],[-81.1659105437074,34.0674110974583],[-81.1659100722214,34.0674138175759],[-81.1659096245806,34.0674165421701],[-81.1659092007764,34.0674192667324],[-81.1659088062366,34.0674219966657],[-81.1659084355333,34.0674247265673],[-81.1659080951763,34.0674274609367],[-81.1659077786576,34.0674301961759],[-81.1659074913912,34.0674329304743],[-81.1659072344813,34.0674356746508],[-81.1659070013994,34.067438414287],[-81.1659067921627,34.0674411583997],[-81.1659066121818,34.0674439033751],[-81.1659064560358,34.0674466474169],[-81.1659063313108,34.0674493914167],[-81.1659062358502,34.0674521407876],[-81.1659061566418,34.0674548901367],[-81.1659061142614,34.0674576340266],[-81.165906095728,34.0674603832947],[-81.1659061010312,34.0674631325309],[-81.1659061355972,34.0674658862365],[-81.1659062015564,34.0674686254731],[-81.1659062891956,34.067471370091],[-81.1659064082732,34.0674741236836],[-81.1659065500762,34.0674768628189],[-81.1659067168079,34.0674796064294],[-81.1659069193138,34.0674823599106],[-81.1659071391275,34.0674850989417],[-81.1659073881953,34.0674878379336],[-81.1659076686841,34.0674905768837],[-81.1659079730096,34.0674933158018],[-81.1659083044117,34.0674960492737],[-81.1659086618174,34.0674987827108],[-81.1659090484685,34.0675015116005],[-81.1659094589476,34.0675042359498],[-81.1659098997711,34.0675069638654],[-81.165910364414,34.0675096827323],[-81.1659108528934,34.0675124015673],[-81.1659113706166,34.0675151149531],[-81.1659119186686,34.06751782379],[-81.1659124905572,34.067520532595],[-81.1659130851886,34.0675232359594],[-81.1659137112324,34.0675259347736],[-81.1659143600189,34.0675286281471],[-81.1659150391343,34.0675313169718],[-81.165915742095,34.0675340102729],[-81.1659164742734,34.0675366845996],[-81.1659172313702,34.0675393579914],[-81.1659180122949,34.0675420268428],[-81.165918821399,34.0675447001651],[-81.165919655385,34.0675473536169],[-81.1659205262112,34.0675500079213],[-81.1659214067679,34.0675526513923],[-81.1659223187457,34.0675552948215],[-81.1659233558427,34.0675582067861],[-81.1659542587816,34.0676422982864],[-81.1659672628237,34.067677683838],[-81.1660160933103,34.0677247551494],[-81.1660784829451,34.0677029717331],[-81.1665011307363,34.0675740218081],[-81.1665637322829,34.0675549221845],[-81.1669239256202,34.0674450305664]],[[-81.1235358900308,34.0723384903551],[-81.1228706869683,34.0717325136002],[-81.1227344748295,34.0718346523359],[-81.1221381842969,34.072286966442],[-81.1228015719763,34.0728924970744],[-81.1232791851891,34.0725321686134],[-81.1235116340414,34.0723567889328],[-81.1235358900308,34.0723384903551]],[[-81.097189098833,34.0560260127687],[-81.0970693343855,34.055830093679],[-81.0969495779541,34.0556340743697],[-81.0965083944568,34.0558208945829],[-81.09660685394,34.0559822771654],[-81.0966279952406,34.0560169279533],[-81.096747642013,34.0562129106678],[-81.0969345669725,34.0565192164938],[-81.0972868713577,34.0561926575986],[-81.0972821191568,34.0561901573316],[-81.097277450255,34.0561875524032],[-81.0972719246013,34.0561841411341],[-81.0972716394571,34.0561839420842],[-81.0972699611161,34.0561827684982],[-81.0972695057477,34.0561824460503],[-81.0972641810496,34.0561785513182],[-81.0972596148346,34.0561747831298],[-81.0972593177106,34.0561745281846],[-81.0972573755623,34.0561728633846],[-81.0972523902016,34.0561682317062],[-81.0972483856423,34.0561639328845],[-81.0972479062031,34.0561634003617],[-81.0972464244997,34.0561617568415],[-81.0972425743706,34.0561570259895],[-81.0972378216472,34.0561502273697],[-81.0972341518844,34.0561440491654],[-81.0972314386327,34.0561387583756],[-81.0972301506839,34.056136011036],[-81.0972275096067,34.0561293992152],[-81.0972260517999,34.0561249351927],[-81.0972247857486,34.0561204746268],[-81.0972238746142,34.0561166016843],[-81.0972232638649,34.0561129936031],[-81.0972227579041,34.0561091239499],[-81.097222543901,34.0561076480526],[-81.0972223593214,34.0561063254193],[-81.0972221257113,34.0561028378691],[-81.0972206333862,34.0560898781596],[-81.097219029348,34.0560825549956],[-81.0972160113761,34.0560731608573],[-81.097212246844,34.0560646022673],[-81.0972082031176,34.0560572737996],[-81.097189098833,34.0560260127687]],[[-81.0977257676639,34.0553932306521],[-81.0979358812507,34.0557711442679],[-81.0981750264226,34.0556777532194],[-81.0981710847396,34.0556706645509],[-81.0979684183617,34.0553061517615],[-81.0977890224338,34.0553761434336],[-81.0977330118508,34.0553912736949],[-81.0977257676639,34.0553932306521]],[[-81.1100681130308,34.0551869822745],[-81.1099764952262,34.0549746840461],[-81.1092498803566,34.0552602719637],[-81.1093126430558,34.0553646753023],[-81.1093730563692,34.0554700344161],[-81.1100681130308,34.0551869822745]],[[-81.0720993031173,34.0479768422022],[-81.0720164389906,34.0477961517632],[-81.0717503665493,34.0479087746229],[-81.0718773881131,34.0480708368934],[-81.0720993031173,34.0479768422022]],[[-81.0578022444405,34.0440939149808],[-81.0577718591014,34.043983064315],[-81.057760752375,34.0439899457846],[-81.057255775554,34.0443027899201],[-81.057351358322,34.0443478394051],[-81.0574589339981,34.0443908012598],[-81.05746305005,34.0443922979664],[-81.0578022444405,34.0440939149808]],[[-81.0566970233148,34.0438945258756],[-81.0566596658668,34.0439020125456],[-81.0565006055713,34.0439338886079],[-81.0562958113918,34.0439749653369],[-81.0563263257172,34.0440756226793],[-81.0564033348185,34.0443296592024],[-81.0564045842759,34.0443337811693],[-81.056593238837,34.0442502383364],[-81.0568274711891,34.0441465008111],[-81.0568261702377,34.0441448008159],[-81.0567848115956,34.0440857214902],[-81.0567493515682,34.0440240419853],[-81.056720024268,34.0439601695412],[-81.0566970233148,34.0438945258756]],[[-81.0575661470392,34.0432328106469],[-81.0575227498108,34.043074552255],[-81.057502375343,34.0430795498539],[-81.0574984743788,34.0430805065526],[-81.0574790258725,34.0430852764924],[-81.0574437343822,34.043103998428],[-81.0573016850224,34.0431033950177],[-81.0572902191052,34.0431026663321],[-81.05728085572,34.0431020647156],[-81.0572704296992,34.0431014049786],[-81.057260321715,34.0431001175164],[-81.0572459109839,34.0430982783986],[-81.0572287043352,34.0430960816945],[-81.057211216104,34.0430972069513],[-81.0571869832215,34.0430987744365],[-81.0571484790461,34.0431094763156],[-81.0571067607782,34.0431148380377],[-81.0570650300019,34.0431095147011],[-81.0570273571089,34.0430964673962],[-81.0570265250193,34.0430961512845],[-81.0569933457675,34.0430823913716],[-81.0569797142394,34.0430778702331],[-81.0569596273685,34.0430723024854],[-81.0569494707256,34.0430694938658],[-81.0569173631467,34.0430481348822],[-81.0568756367471,34.0430428114798],[-81.0568210771207,34.0430427760497],[-81.0568113924147,34.0430427390041],[-81.0568229709325,34.0434074825416],[-81.05682907617,34.0435999864634],[-81.0568290883435,34.0436003777921],[-81.057649935234,34.0435382731159],[-81.0576176001808,34.0434203855952],[-81.0575948878458,34.0433375856466],[-81.0575661470392,34.0432328106469]],[[-81.066871178318,34.0377570627051],[-81.0668455325947,34.0377851462326],[-81.0668251744369,34.0378074398402],[-81.0667934202455,34.0378415012648],[-81.0667810824693,34.0378595679192],[-81.0667590597299,34.0378779256176],[-81.066715496212,34.0379090592616],[-81.0666997730691,34.0379221413626],[-81.066649867465,34.0379429476897],[-81.0665870614227,34.0379560559474],[-81.0665278894573,34.0379638882213],[-81.0664842262355,34.037976890587],[-81.066405997966,34.0379847339087],[-81.0663373974512,34.0379925476909],[-81.0662779174006,34.0380082535964],[-81.0661686443227,34.0380421181748],[-81.0660999147728,34.0380681587231],[-81.0660654904963,34.0380968058106],[-81.0660466808039,34.0381203635401],[-81.0660156196593,34.0381618435264],[-81.0659594160301,34.0381904904416],[-81.0659124374773,34.0382165914617],[-81.0658718784131,34.0382425456885],[-81.0658093346987,34.0382634539606],[-81.0657093054901,34.0382816859854],[-81.0656500768995,34.0382895187717],[-81.0655782085134,34.038294757724],[-81.0655219001697,34.0382999884231],[-81.0654810614142,34.0382973616981],[-81.065459365733,34.0382948204464],[-81.0654219881415,34.0382844382164],[-81.065375068288,34.0382740375566],[-81.0653343706006,34.0382688823611],[-81.065287538305,34.0382610812038],[-81.0652249737783,34.0382533126414],[-81.0651438663213,34.038245554681],[-81.0651130048691,34.0382481235656],[-81.0650844635215,34.0382507868056],[-81.0650373093632,34.0382341112574],[-81.0649780357886,34.0382254427599],[-81.0649530714831,34.0382202792031],[-81.0649280196154,34.0382124665122],[-81.0648983858021,34.0382099058701],[-81.064870362042,34.0382138095202],[-81.0648374683092,34.0382216515988],[-81.0647968136317,34.0382346986866],[-81.0647704319616,34.0382502432188],[-81.0647453393162,34.0382659547881],[-81.0647219052425,34.0382763445956],[-81.0646859180928,34.0382841891483],[-81.0646531361505,34.0382880708828],[-81.0646203494649,34.0382841989509],[-81.0645952976095,34.0382763870947],[-81.0645610126596,34.0382634268586],[-81.0645328603846,34.03824910277],[-81.0645111911075,34.0382427201256],[-81.0644905819259,34.0382374108434],[-81.0644515760169,34.0382335420975],[-81.0643983573682,34.0382309935784],[-81.0643750546785,34.0382244927341],[-81.0643516099005,34.0382206158864],[-81.0643233516042,34.0382179822584],[-81.0642702778828,34.0382180340927],[-81.0642531135458,34.0382206669053],[-81.0642390466585,34.038225851708],[-81.0642155250806,34.0382337122156],[-81.0641758466581,34.0382502896258],[-81.0640392175098,34.0394180753121],[-81.0641213601161,34.0394589291962],[-81.0644861286558,34.0395979039358],[-81.0648019834649,34.0397174752659],[-81.0649117572296,34.0396861904875],[-81.0658607548543,34.0394622646647],[-81.065649154657,34.0391604114767],[-81.0665386273989,34.038668294258],[-81.0665678083168,34.0386773920269],[-81.0665894214658,34.0386850863053],[-81.066616076861,34.0386889844513],[-81.0666721902552,34.0386919127827],[-81.0667129433902,34.0386941811896],[-81.0667346976329,34.0386980350557],[-81.0667691481804,34.0387032165959],[-81.066841193092,34.038703177826],[-81.0668770715749,34.0387018708851],[-81.0669144373437,34.0386979851913],[-81.066953578433,34.0386914277138],[-81.0669975161439,34.0386786405422],[-81.066871178318,34.0377570627051],[-81.0668913735117,34.0377466976795],[-81.0669161656571,34.0377143577078],[-81.0669301688264,34.0377013720855],[-81.0669456593786,34.0376845678895],[-81.0669673711767,34.0376703851652],[-81.066977631687,34.0376692750553],[-81.0670137059249,34.0376653737967],[-81.0673017414473,34.0376571108491],[-81.0675496822149,34.0376499961735],[-81.0675273541016,34.0374459767326],[-81.067491727297,34.037119877906],[-81.0674049621131,34.0363248801073],[-81.0673637031124,34.0359296342027],[-81.0673285050869,34.0355920960722],[-81.0672927216202,34.0352493103589],[-81.0672569341211,34.0349065435409],[-81.0672283281445,34.0346323168783],[-81.0672119169394,34.034474982833],[-81.0671987681809,34.0343581069355],[-81.0671855694794,34.0342410290804],[-81.067167866567,34.0340839959758],[-81.0671370257577,34.0338098290501],[-81.0671038201915,34.0336111493046],[-81.0670656222679,34.0334130923437],[-81.0670273992802,34.0332419412481],[-81.0669842171597,34.0330716095804],[-81.066982089299,34.0330636920469],[-81.0669213273366,34.0328526074586],[-81.0669139408787,34.0328288445738],[-81.066908712774,34.0328118333161],[-81.0669003527196,34.0327853568541],[-81.0668843185517,34.0327356496591],[-81.0668735642344,34.0327026408055],[-81.0668467603446,34.0326237290073],[-81.0668275857543,34.0325688901461],[-81.0668230170892,34.0325558468868],[-81.0667833090335,34.0324478984311],[-81.0667633282576,34.0323952303703],[-81.0667494952919,34.0323598823591],[-81.0673941267025,34.0322331831703],[-81.0680320394665,34.0321095482697],[-81.0679898091405,34.0319814865601],[-81.0672751937117,34.0319478666896],[-81.0673003026157,34.032004350572],[-81.0673107194153,34.0320280694163],[-81.0673147771526,34.032037241059],[-81.0666714017322,34.0321729443945],[-81.0665181248403,34.0323414614022],[-81.066305731822,34.0325749723972],[-81.0662345082554,34.0326532775181],[-81.0661212617264,34.0327772884446],[-81.0659682340052,34.0329458794521],[-81.0658095763929,34.0331206714961],[-81.0658121705519,34.0331988767926],[-81.0658161230702,34.0333962844767],[-81.0658202581353,34.0335986910471],[-81.0658222784242,34.033698298354],[-81.0657890635222,34.0336987568903],[-81.0656732705757,34.0337003564951],[-81.0652876533884,34.0337053668395],[-81.0652609833221,34.0337057135888],[-81.0652479433884,34.0337201241097],[-81.065001090672,34.033992927792],[-81.06487250241,34.0341329560481],[-81.0648616504541,34.0341449136766],[-81.0647301560454,34.0342894923451],[-81.0645870159691,34.0344469549248],[-81.0645046006764,34.0345375864849],[-81.0643701225801,34.0344190744869],[-81.0643604162236,34.0344105197366],[-81.0642680336015,34.034329083296],[-81.06418572878,34.0342849897504],[-81.0640395089266,34.0342072192991],[-81.0639911219809,34.0341811176604],[-81.0639738683558,34.0341718409057],[-81.0639053359521,34.0341348634588],[-81.0638367754551,34.0340978959067],[-81.0637978746521,34.0340769154455],[-81.0637679506969,34.0340608572184],[-81.0636038546004,34.033972869316],[-81.0634083215522,34.0338682402572],[-81.063212673026,34.033763520777],[-81.0631592658635,34.0337349399046],[-81.0631447514769,34.0337271422221],[-81.06307662085,34.0336906203665],[-81.0629913625674,34.0336449107845],[-81.0628127114854,34.0335491142265],[-81.062604610513,34.033437172999],[-81.0623796466952,34.0333159479329],[-81.0623076332658,34.0331782457582],[-81.0621958665297,34.0329639058987],[-81.0620841188352,34.0327496669067],[-81.0619722363329,34.0325354504115],[-81.0619006554826,34.0324116068034],[-81.0619152986751,34.0324062181866],[-81.0624468276091,34.0322103770504],[-81.0629347142086,34.0320308331553],[-81.0630860715141,34.0319754977627],[-81.0634191567144,34.0318554648412],[-81.0635314727206,34.031815566923],[-81.0637512314088,34.0317366380083],[-81.0639179330671,34.0316767834371],[-81.0640694944921,34.0316223619546],[-81.0642362325172,34.0315624889011],[-81.0644029323792,34.0315025822797],[-81.0645695941362,34.0314427196362],[-81.0649030403967,34.0313229629528],[-81.064837787005,34.0311967408192],[-81.0647725554721,34.0310705276527],[-81.0647655478388,34.0310569725207],[-81.0647072851139,34.0309442774983],[-81.0646904640162,34.0309117251549],[-81.0646875367377,34.0309061424828],[-81.0646863025366,34.0309038546238],[-81.0646797606293,34.0308917383492],[-81.0646704185414,34.0308745451862],[-81.0646626554424,34.0308601509632],[-81.0646418411974,34.0308217315593],[-81.0646214694553,34.0307841261517],[-81.0645843136166,34.0307155201789],[-81.0645723675441,34.030693411419],[-81.0645441167978,34.030641248621],[-81.0645045122353,34.0305681218937],[-81.064436659288,34.0304428296208],[-81.0643998345697,34.0303748987844],[-81.0645499801786,34.0303177470959],[-81.0649561174673,34.0301651938199],[-81.0648747065999,34.030014919283],[-81.0647932743077,34.029864579776],[-81.0647590198885,34.0298014320893],[-81.0647100017425,34.0297149814607],[-81.0646253511362,34.0295658319438],[-81.0645405622806,34.0294167915402],[-81.0644556935826,34.0292677592295],[-81.0644438596855,34.0292722026174],[-81.0640494383488,34.0294203145749],[-81.0638948234559,34.0294732660725],[-81.0638845566351,34.0294558614215],[-81.0638475303846,34.0293851884513],[-81.063821191245,34.0293349153426],[-81.0637761840316,34.029249068212],[-81.0637578130825,34.0292140305494],[-81.0636944448144,34.0290931042368],[-81.0636310767303,34.0289721860031],[-81.0632150742958,34.0291216246615],[-81.0631991569014,34.0290914214586],[-81.0631329711137,34.028965480158],[-81.0630495350078,34.0289954940249],[-81.0628828303669,34.0290553582979],[-81.0627161222484,34.0291152268561],[-81.0625476103616,34.0291373835857],[-81.062420559605,34.0291888126251],[-81.0622935217095,34.0292402649712],[-81.0621700359437,34.0292902600711],[-81.0621301302233,34.0293168539185],[-81.0620170337175,34.0293475969751],[-81.0620037955017,34.0293511959431],[-81.0619031038278,34.0291533808501],[-81.0617916990298,34.0292111647067],[-81.0617848873926,34.029214805537],[-81.0618782781906,34.0293853192211],[-81.0617511723213,34.0294198741725],[-81.0616026365857,34.0294796789868],[-81.0615657572662,34.0294164956483],[-81.0615267068801,34.0293507065725],[-81.0610479634134,34.0295669458889],[-81.0607952594326,34.0296811190508],[-81.0607082405337,34.0295640909229],[-81.0604506829471,34.0292232161486],[-81.0611476308707,34.0288498460444],[-81.0609740046823,34.0286160649803],[-81.0607222009188,34.0282771147794],[-81.0608499337152,34.0282028390633],[-81.0607052771143,34.028011673751],[-81.0607960815439,34.0279630080692],[-81.060961841622,34.0278747598574],[-81.0611273531108,34.0277861652931],[-81.0607905864167,34.0273512930776],[-81.0607805092556,34.0273558344447],[-81.0606170713703,34.0274294936568],[-81.0604435657794,34.0275077282514],[-81.059924582304,34.0277417400318],[-81.0598436792033,34.0277761895794],[-81.0597102138923,34.0278348027668],[-81.0592267245377,34.0280246177472],[-81.0592152978012,34.0280354372362],[-81.059170829769,34.0280738042999],[-81.0591231406488,34.0281093887387],[-81.0590724809842,34.0281420036003],[-81.0590191169262,34.0281714775338],[-81.0589103797265,34.0282435653938],[-81.0587998335364,34.0283137201206],[-81.0586875279216,34.0283819102562],[-81.0585735132368,34.0284481052238],[-81.0585476158332,34.0284627303213],[-81.0584965524844,34.0284910703445],[-81.0584626522559,34.0285096540324],[-81.058381681237,34.0285528716413],[-81.0582879483255,34.0286011780484],[-81.058123284648,34.0286817297916],[-81.0580138048924,34.0287323353064],[-81.0579031817826,34.0287811868901],[-81.0578556475342,34.0288014926966],[-81.057689345749,34.028869380309],[-81.0576736742978,34.0288783765943],[-81.0573768068103,34.0290272894264],[-81.057365244962,34.0293265828246],[-81.0573596941329,34.0295468803971],[-81.0572148641885,34.0295461846498],[-81.0570702203223,34.0295400347031],[-81.0572795191199,34.0299047534092],[-81.0578318015607,34.0299012503241],[-81.0580623671127,34.0298852953944],[-81.0585808353849,34.0298671107622],[-81.0586959546573,34.0298140835838],[-81.0589006083382,34.0297199208834],[-81.0592461226941,34.0295608777287],[-81.0594191635911,34.0294812240045],[-81.059512983755,34.0294380311295],[-81.0595272499724,34.0294314635529],[-81.0594577191879,34.0301356388751],[-81.0596156043656,34.030213990796],[-81.059547540526,34.0309031520912],[-81.059546974812,34.0309088691092],[-81.0596211305218,34.0308791515157],[-81.0596353076933,34.0308734703385],[-81.0596301756493,34.0309240615033],[-81.059616162631,34.0310619482249],[-81.0595951999028,34.0312688134333],[-81.059581219267,34.0314067055325],[-81.059567246182,34.0315446183604],[-81.059553274147,34.031682548313],[-81.0595392673964,34.0318204584383],[-81.059525284419,34.0319583559217],[-81.0595112851718,34.032096283162],[-81.0594972988487,34.0322341707147],[-81.059483338495,34.0323720889058],[-81.05943569386,34.0328416935539],[-81.0593981634628,34.032975728577],[-81.0592987606655,34.0329608837145],[-81.0592510129965,34.0328141196565],[-81.0590854464271,34.032825204658],[-81.0590323960225,34.0328354524093],[-81.0587796784462,34.0328842719554],[-81.0587676722622,34.0328865805679],[-81.0587568626743,34.0328886370401],[-81.0587347806411,34.0328937591968],[-81.0586723799603,34.0329116097978],[-81.0586584411321,34.0329163944647],[-81.0588576477329,34.0333063182113],[-81.0588579773083,34.033309962704],[-81.058869305852,34.033434722087],[-81.0588766905446,34.0335160559295],[-81.0588767200123,34.033516385034],[-81.0588783626736,34.0335158946348],[-81.0591123892285,34.0334460616952],[-81.0591654170932,34.0330796184569],[-81.0593234552836,34.0330394302485],[-81.0594836289334,34.0335488804011],[-81.0595179835423,34.033655405438],[-81.0596381831188,34.0340282641777],[-81.0596549883277,34.0340803938693],[-81.0597767607621,34.0344581280384],[-81.0598966250101,34.0348299298229],[-81.0598039379918,34.0348536169294],[-81.0597375532764,34.0348662509696],[-81.0591090846408,34.035004990706],[-81.0590317129158,34.035022254388],[-81.0590324562411,34.0350259004852],[-81.0591001067139,34.0353577304586],[-81.0591408552638,34.0355576075792],[-81.059142882047,34.0355675504938],[-81.0591780350747,34.0356911090847],[-81.0591795485549,34.0356964319637],[-81.0591796430466,34.0356983894961],[-81.059179720199,34.0357003326096],[-81.0592008854615,34.0362271199905],[-81.0592212013252,34.0366619006833],[-81.0593222310641,34.0366000638887],[-81.0601291970862,34.0361108070664],[-81.0602790699674,34.0360356250928],[-81.0602819098735,34.036046515273],[-81.0602937223257,34.0360948403231],[-81.0603082407911,34.0361592475684],[-81.0603268288292,34.0362520002811],[-81.0603465662239,34.0363705838143],[-81.0603618324925,34.0364896238326],[-81.0603726126357,34.0366090035227],[-81.0603788960564,34.0367286057379],[-81.0603803871585,34.0367914233015],[-81.0603806272855,34.0368573297731],[-81.06037806417,34.0369800839761],[-81.0603700091395,34.0371297942686],[-81.0603549865129,34.0372950017412],[-81.0603545300955,34.0372990199093],[-81.060353133774,34.0373110870503],[-81.0603390195478,34.0374203223523],[-81.0603201475538,34.0375409201488],[-81.0602978713045,34.0376611147587],[-81.0602722031274,34.037780839591],[-81.0602431572292,34.0379000283149],[-81.0602101158695,34.0380208207542],[-81.0602078222997,34.038029222943],[-81.0601610848425,34.0381871771793],[-81.0599983216526,34.0381636171601],[-81.0599953503519,34.0381631641427],[-81.059984444747,34.0381620143437],[-81.0599373302109,34.0381587450182],[-81.0599196751946,34.0381568446564],[-81.0598918750835,34.0381524686288],[-81.0598540717477,34.0381471425253],[-81.0597957160147,34.0381335965571],[-81.059765527889,34.0381280061689],[-81.0597534420237,34.0381257676723],[-81.0597230598759,34.0381199609608],[-81.0597034687203,34.0381171580031],[-81.059695803841,34.0381160616234],[-81.0596638479194,34.0381102322101],[-81.0596383691229,34.0381076674135],[-81.0596189805721,34.0381049463992],[-81.0596060111826,34.0381031266983],[-81.0596008661718,34.0381028126742],[-81.0595788715207,34.0381014688887],[-81.0594139328957,34.0381613536456],[-81.0593536136532,34.0382924228739],[-81.0592570436806,34.0382384242203],[-81.0592227389058,34.0382175005683],[-81.0591802069402,34.0381904790707],[-81.0589558358989,34.0380476079346],[-81.0588942920946,34.0382751623086],[-81.0588935112483,34.0382784448424],[-81.0587595532052,34.0388409322149],[-81.0586163174248,34.0393890318148],[-81.0585665623649,34.0395794189051],[-81.0585646772527,34.0395851067716],[-81.0585569714224,34.0396083578529],[-81.058556463392,34.0396098891671],[-81.0585009162124,34.0397774859595],[-81.0584966430972,34.0397884228023],[-81.0584955099425,34.0397913222788],[-81.0583320624886,34.0402096980825],[-81.0583311823387,34.0402119500229],[-81.0583197155258,34.0402413019022],[-81.0583188429444,34.0402435349033],[-81.0583117941773,34.040261581086],[-81.058253842882,34.0404263881276],[-81.0582530472198,34.0404286499463],[-81.0581887195728,34.0406115938825],[-81.0581879239065,34.0406138547989],[-81.0581335429142,34.0407685088393],[-81.0581227916646,34.0407990848594],[-81.0580659423471,34.0409607633011],[-81.058057661305,34.040984309465],[-81.0579483317481,34.0411473522912],[-81.0578902532835,34.0412828415526],[-81.057787415107,34.0415227486722],[-81.0576846088029,34.0417625826387],[-81.0576492804243,34.0418449956957],[-81.0576881527548,34.0418544363913],[-81.0577216195497,34.0418533451165],[-81.0577782791379,34.0418524603487],[-81.0578030692474,34.0418537607712],[-81.0578407914653,34.0418666978157],[-81.0578881817684,34.0418696350814],[-81.057914271406,34.0418689213967],[-81.0579356374097,34.0418714767423],[-81.0579359753834,34.0418715171607],[-81.0579580785513,34.0418846291723],[-81.0579672173485,34.0418896888096],[-81.0579718972719,34.0418922807932],[-81.0579905547164,34.0418922477337],[-81.0580030756268,34.0418883772311],[-81.058021925309,34.0418778709207],[-81.0580420361298,34.04186626756],[-81.0580636690146,34.0418598157541],[-81.0580772701584,34.0418548284436],[-81.0580779372207,34.0418545837729],[-81.0580796409074,34.0418543963256],[-81.0581137298081,34.0418506545803],[-81.0581169392147,34.0418506530779],[-81.0581325001212,34.041849357274],[-81.0581545374125,34.0418466995842],[-81.0581651035476,34.0418449417443],[-81.0581665537376,34.041844700313],[-81.0581699252403,34.0418441396841],[-81.058197869307,34.0418467270682],[-81.0582213429574,34.0418506041593],[-81.0582433279569,34.0418571067707],[-81.0582606106679,34.0418583871797],[-81.0582803865986,34.0418593445117],[-81.0582869789365,34.0418596633209],[-81.0583181568293,34.0418583123709],[-81.0583291327124,34.0418570186961],[-81.0583461521645,34.0418518340828],[-81.0583632299121,34.0418479614021],[-81.0583768456882,34.0418470073217],[-81.0583820868579,34.0418466405734],[-81.0584006208278,34.0418466309544],[-81.0584100874321,34.0418478915751],[-81.0584563208265,34.0418570562556],[-81.0584595003343,34.0418576868448],[-81.0587023648524,34.0418436645418],[-81.0589431746196,34.0418297662712],[-81.0591902014043,34.041815504794],[-81.0594073860485,34.0418029685213],[-81.0594436217529,34.0418008763821],[-81.0598795074948,34.0417839278898],[-81.0598930592822,34.041782894325],[-81.05989310982,34.0417839177215],[-81.0600903699834,34.0417689084071],[-81.0604957611113,34.0417379349604],[-81.0607423693003,34.0417191035262],[-81.0608219600904,34.041399169334],[-81.060892830377,34.0412192658773],[-81.0608940110602,34.0412162698756],[-81.0612930414337,34.0413133526034],[-81.0613500404291,34.04132721953],[-81.0615091795729,34.0413679117123],[-81.0614866537074,34.0414125900107],[-81.0615928985359,34.0414431525087],[-81.0619921406851,34.0415579971218],[-81.0620237710138,34.041419704983],[-81.062240194112,34.0412068693758],[-81.0624505353052,34.0409999668699],[-81.0619671001955,34.0409097855824],[-81.0619004179642,34.040897346637],[-81.0617202216436,34.0408637004277],[-81.0617623362452,34.0408208914635],[-81.0619425682125,34.0408545042317],[-81.0620141859088,34.0408678649242],[-81.0624938498797,34.0409573491159],[-81.0625557315197,34.0408965177201],[-81.0626325129932,34.0408209811865],[-81.0627775938557,34.0405413696592],[-81.0628590753548,34.0401185093743],[-81.0626341476285,34.0399359599335],[-81.0624178032172,34.0397603199422],[-81.0622108765918,34.0395923680908],[-81.0621148294089,34.0397059005489],[-81.0620815741311,34.0397452093528],[-81.0619838394342,34.0398607361915],[-81.0618577449463,34.0399871884684],[-81.0618331083207,34.0399229875887],[-81.0618133266037,34.0398576328241],[-81.0617984779535,34.0397913784151],[-81.0617886188673,34.0397244822195],[-81.0617250922895,34.0391180784182],[-81.0617152268824,34.039055772727],[-81.0616969693007,34.0389947939887],[-81.0616705529931,34.03893592295],[-81.0616363153659,34.0388799132536],[-81.0615946966934,34.0388274833243],[-81.0615462281932,34.0387793028493],[-81.0614915309406,34.0387359900747],[-81.0614313061114,34.0386980991867],[-81.0613663252295,34.0386661149069],[-81.0612974182505,34.0386404479904],[-81.0612254703057,34.0386214262104],[-81.0612119965177,34.0386187133483],[-81.0611960638886,34.0386157789786],[-81.06119030749,34.0386148025773],[-81.0611808800077,34.038613281559],[-81.061173773962,34.0386121940121],[-81.0611693771344,34.0386115749121],[-81.0611596064602,34.0386102740744],[-81.0611473759378,34.0386088590309],[-81.0611354163356,34.0386076404218],[-81.0611218732599,34.0386064902182],[-81.0610556670032,34.0386012037096],[-81.0611089080777,34.03846740051],[-81.0611633552492,34.0383224679904],[-81.0613653024542,34.0377849095303],[-81.0614336162134,34.0377770742915],[-81.0615180893439,34.0377653420049],[-81.061598033158,34.0377509645366],[-81.061654113619,34.0377392588661],[-81.0617185790369,34.0377208683555],[-81.061803801222,34.0376950600681],[-81.0618570431301,34.0376702694427],[-81.0619270382557,34.0376300469724],[-81.0619737806975,34.0375937007307],[-81.0620300304117,34.0375675848428],[-81.0620813397611,34.0375455867287],[-81.0621482965224,34.0375247971452],[-81.0621967398316,34.0375221606777],[-81.0622616058837,34.0375234527492],[-81.0622853748833,34.0375207564844],[-81.0623488165873,34.0375129944194],[-81.0624219313299,34.0375064808124],[-81.0624857549499,34.0374922055537],[-81.062534235764,34.0374830920716],[-81.0625935384172,34.0374583341432],[-81.0626278667204,34.0374349837081],[-81.0626901827309,34.0373570107728],[-81.0627522984117,34.0373000437574],[-81.0628444806451,34.0372114986131],[-81.0628646478343,34.0371623181527],[-81.0628833170592,34.0371220138166],[-81.0629019620786,34.0371064023673],[-81.062925552108,34.0370946521653],[-81.0629611806249,34.0370856162632],[-81.0629938846126,34.0370748992747],[-81.0630304145331,34.0370632867568],[-81.0631017551864,34.0370426377992],[-81.0631711665905,34.0370290752903],[-81.0632422544276,34.0370152612176],[-81.0632977464205,34.0370114034425],[-81.0633510056835,34.0370113411085],[-81.0633980307808,34.0370100285816],[-81.0634440716247,34.0370149797035],[-81.0634788930596,34.037019041164],[-81.0635164673961,34.037025570945],[-81.063554687452,34.0370338181103],[-81.0635960454958,34.0370423855608],[-81.0636413623138,34.0370553882021],[-81.0636706890637,34.0370695081121],[-81.0637037608066,34.0370904266662],[-81.0637348978842,34.037112454386],[-81.0637707234426,34.0371370206619],[-81.0638044504615,34.0371666329812],[-81.0638155283287,34.0371781716692],[-81.0638215864912,34.037193270118],[-81.0638306506655,34.0372045258064],[-81.0638395981218,34.0372132054157],[-81.063857778415,34.0372283454178],[-81.06387272536,34.037235799242],[-81.0639061776365,34.0372483065484],[-81.0639390260529,34.0372571172134],[-81.0639768053639,34.0372696466177],[-81.0640187612419,34.0372721298927],[-81.0640550418189,34.0372733753519],[-81.0640823221077,34.037272121444],[-81.0641200281638,34.0372633456283],[-81.0641396235894,34.0372545088277],[-81.0641649733329,34.037239584422],[-81.0641803836715,34.0372293422344],[-81.0642055604898,34.0372120320286],[-81.0642312809239,34.0371931480812],[-81.0642585489071,34.0371754553661],[-81.0642945285686,34.0371567094637],[-81.0643173311185,34.0371465581079],[-81.0643476137377,34.0371351864862],[-81.0643774625782,34.0371202119146],[-81.0644046497119,34.0371088896739],[-81.0644196922525,34.0371051127898],[-81.064428687836,34.0371013381406],[-81.0644543314765,34.0370957180984],[-81.0644966019657,34.0370975337954],[-81.0645309104508,34.037104959446],[-81.0645688582698,34.0371125256618],[-81.0646187032104,34.0371262893253],[-81.0646684371597,34.0371451106256],[-81.0647063351768,34.0371627460369],[-81.0647573044658,34.0371851923673],[-81.0647934193978,34.0371951940429],[-81.064813713076,34.0372003844174],[-81.0648515120185,34.0372014620378],[-81.0648877949532,34.0372058568678],[-81.0649465802231,34.0372171342653],[-81.0650218497125,34.0372390438872],[-81.0650701005374,34.0372672172664],[-81.065140296608,34.0372859564159],[-81.0651871491993,34.0372840950723],[-81.0652065517758,34.0372853256126],[-81.0652260943759,34.0372840980597],[-81.0652578814633,34.0372928611436],[-81.0652883247386,34.0373048926634],[-81.0653210324349,34.0373178778776],[-81.0653541922415,34.0373228945796],[-81.0653810294378,34.0373243601272],[-81.0654098491914,34.0373278750753],[-81.0654429129709,34.0373191256496],[-81.0654687009595,34.0373153186276],[-81.0654821995467,34.0373165522383],[-81.0654984275784,34.037326349594],[-81.0655109845301,34.0373341444203],[-81.0655290483534,34.0373466837547],[-81.0655425497812,34.0373516386464],[-81.0655771153454,34.0373578943751],[-81.0656043684419,34.0373579043214],[-81.0656345447005,34.0373591525447],[-81.0656585339938,34.0373628854937],[-81.0656796319746,34.0373716297768],[-81.0656863135052,34.0373771139482],[-81.0657083362067,34.037395448149],[-81.0657188872303,34.0374017652385],[-81.0657354228615,34.0374029972138],[-81.0657655680954,34.0374004754412],[-81.065783876269,34.037395384698],[-81.0658030717651,34.0373892195648],[-81.0658198895624,34.0373841043588],[-81.065834934973,34.0373840963807],[-81.0658470044991,34.0373903883083],[-81.06585153858,34.0373991422486],[-81.0658761732213,34.0374224136092],[-81.0659108704757,34.0374520500869],[-81.0659293848938,34.0374546163937],[-81.0659544044654,34.0374572035876],[-81.0659636345031,34.0374597757233],[-81.0659853874298,34.0374623646467],[-81.0660227626999,34.0374700984367],[-81.0660444329196,34.0374778162261],[-81.0660538380858,34.0374855892299],[-81.0660693194607,34.0374933337518],[-81.066094228216,34.0375010985003],[-81.0661159791587,34.0375010869178],[-81.0661223392904,34.0374984352566],[-81.0661376948973,34.0374933216882],[-81.0661736502861,34.0374799899249],[-81.0661968316218,34.0374780695824],[-81.066226263874,34.0374793658484],[-81.0662728681395,34.0374896707775],[-81.0663023999885,34.0375077628164],[-81.0663220768719,34.0375317526802],[-81.066338111418,34.0375517130159],[-81.066370806131,34.0375840455959],[-81.0664064784549,34.0376137292023],[-81.0664531240549,34.0376395657106],[-81.0664889274898,34.0376538365771],[-81.0665232023476,34.0376550832908],[-81.0665571358533,34.0376589054145],[-81.0665930169144,34.0376614866557],[-81.0666691180779,34.0376821541003],[-81.0667158604704,34.0377041609655],[-81.066782518991,34.0377441576061],[-81.0668354170595,34.0377609709672],[-81.066871178318,34.0377570627051]],[[-81.062450604266,34.0386656968167],[-81.0627613478364,34.0387998076238],[-81.0628450330229,34.0384229540251],[-81.062143669794,34.0381430355921],[-81.0620544284564,34.0385406394832],[-81.0621562582562,34.0385635185975],[-81.062256011431,34.0385919188352],[-81.0623543889244,34.0386260436317],[-81.062450604266,34.0386656968167]],[[-81.0561981039239,34.0275014192822],[-81.0558331776816,34.0272433662132],[-81.0556806939527,34.0271355224431],[-81.0553611821395,34.0269096047666],[-81.0553427492223,34.0269270247366],[-81.0551930722773,34.0270684827236],[-81.0554588860809,34.0273451794865],[-81.0555857362299,34.0274772220951],[-81.0556971969676,34.027593244734],[-81.0558904265638,34.0277943821217],[-81.0561981039239,34.0275014192822]],[[-81.0640063007027,34.0271309791771],[-81.0634148884885,34.0272574354146],[-81.0634138760185,34.0272546514947],[-81.063405325933,34.0272311693876],[-81.0633926879108,34.0272345517924],[-81.0630030818349,34.0273388121848],[-81.0630019822491,34.0273353592474],[-81.0629954704889,34.0273149111866],[-81.0629825798687,34.0273179717723],[-81.0629421527997,34.027327570995],[-81.0633604075528,34.0281551871249],[-81.0633695884355,34.0281733543125],[-81.0633806190171,34.0281870409305],[-81.0633895502204,34.0281985140548],[-81.063399640531,34.0282118720323],[-81.063409484028,34.0282253726028],[-81.0634146194736,34.0282325934638],[-81.0634226020708,34.028244180684],[-81.0634310088244,34.028256724386],[-81.0634375878874,34.0282668660023],[-81.063444464281,34.0282778072704],[-81.0634514526014,34.0282892597424],[-81.0634586428699,34.0283014037113],[-81.0634633328183,34.0283095553478],[-81.0634703023861,34.0283220060054],[-81.0634762540124,34.0283330811955],[-81.0634829574963,34.0283459765242],[-81.0634854248391,34.0283507704801],[-81.0634909613509,34.0283613950338],[-81.0634949230383,34.0283688734748],[-81.0634996037872,34.0283777572915],[-81.0633496044443,34.0284386965916],[-81.0634171261908,34.0285641384744],[-81.0635698085027,34.0285108305747],[-81.0635837162696,34.028537160178],[-81.0635959854619,34.0285605420744],[-81.0636013656905,34.0285706806888],[-81.0637551980708,34.0288623652242],[-81.0637574625529,34.0288666597388],[-81.0639553134086,34.0287924710398],[-81.0647440724216,34.0284962753074],[-81.0653412524495,34.0282653537079],[-81.0653265613001,34.0282377470087],[-81.0652663032798,34.0281243652189],[-81.0652913988089,34.0280512786915],[-81.0653212390465,34.0279794389508],[-81.0653557353593,34.027909059351],[-81.065394785287,34.0278403489098],[-81.0654382728464,34.0277735116869],[-81.065486068876,34.0277087461786],[-81.0655380314197,34.027646244728],[-81.065594006149,34.0275861929538],[-81.065611215707,34.0275690056496],[-81.0653098885817,34.0269234997438],[-81.0653129560002,34.0269226487321],[-81.0653160320935,34.026921812143],[-81.0653191125199,34.0269209773548],[-81.0653221951149,34.0269201461722],[-81.0653252766249,34.026919312285],[-81.0653283592218,34.0269184838073],[-81.0653314407372,34.0269176571335],[-81.06533452767,34.0269168340636],[-81.0653376135191,34.0269160100925],[-81.065340699371,34.0269151897281],[-81.0653437873908,34.0269143720675],[-81.0653468732466,34.0269135571131],[-81.0653499623533,34.0269127448621],[-81.0653530525423,34.0269119317086],[-81.0653561448999,34.0269111221607],[-81.0653592372594,34.0269103153179],[-81.0653623296217,34.0269095120818],[-81.0653654209002,34.0269087079443],[-81.0653685132665,34.0269079101182],[-81.0653716110448,34.0269071086824],[-81.065374704496,34.0269063135606],[-81.0653778001144,34.026905520241],[-81.0653808957356,34.0269047305281],[-81.0653839946042,34.02690393901],[-81.0653870934768,34.026903152902],[-81.0653901923494,34.0269023667939],[-81.065393295558,34.0269015860937],[-81.0653963944353,34.0269008062973],[-81.0653994965614,34.0269000264992],[-81.0654025997725,34.0268992494055],[-81.0654057051516,34.0268984750157],[-81.0654088072851,34.026897705136],[-81.0654119126689,34.0268969370579],[-81.0654150169689,34.0268961680786],[-81.0654181256042,34.0268954036053],[-81.0654212331593,34.0268946427394],[-81.0654243407121,34.0268938791683],[-81.0654274504351,34.0268931210062],[-81.0654305590756,34.0268923637462],[-81.0654336720522,34.0268916118941],[-81.0654367806968,34.0268908600442],[-81.0654398915093,34.0268901108981],[-81.0654430077359,34.0268893608475],[-81.0654461207191,34.026888618012],[-81.0654492347845,34.0268878742741],[-81.0654523499342,34.026887132339],[-81.0654554661702,34.0268863949118],[-81.0654585824075,34.0268856592879],[-81.0654616997285,34.0268849245649],[-81.065464819216,34.0268841907425],[-81.065467938709,34.0268834641335],[-81.0654710571183,34.0268827366234],[-81.0654741766111,34.0268820100143],[-81.0654772982733,34.0268812879124],[-81.0654804199355,34.0268805658106],[-81.0654835416003,34.0268798473153],[-81.065486667599,34.0268791315228],[-81.0654897903509,34.0268784184371],[-81.065492914187,34.0268777071541],[-81.0654960412726,34.0268769967709],[-81.0654991651107,34.0268762881928],[-81.0655022954493,34.026875583218],[-81.065505420375,34.026874880951],[-81.0655085485517,34.0268741813874],[-81.0655116832261,34.0268734818202],[-81.0655148103218,34.0268727849621],[-81.065517938501,34.0268720890049],[-81.0655210710149,34.0268713966522],[-81.0655242024498,34.0268707097102],[-81.0655273349677,34.0268700227675],[-81.0655304696528,34.026869337627],[-81.0655336010904,34.0268686542915],[-81.0655367368618,34.0268679736587],[-81.0655398715509,34.0268672939282],[-81.0655430116576,34.0268666178015],[-81.0655461463507,34.0268659434808],[-81.0655492853771,34.0268652709613],[-81.0655524244061,34.0268646020485],[-81.0655555612705,34.0268639349401],[-81.0655586992199,34.0268632705362],[-81.0655618436671,34.0268626061287],[-81.0655649816192,34.0268619453314],[-81.0655681239051,34.0268612872368],[-81.0655712661924,34.0268606309455],[-81.065574410649,34.0268599791615],[-81.0655775529376,34.0268593246734],[-81.0655806984812,34.0268586782988],[-81.0655838440241,34.0268580310225],[-81.0655869884847,34.0268573846483],[-81.0655901361955,34.0268567400757],[-81.0655932828274,34.0268561009138],[-81.0655964316252,34.0268554617506],[-81.065599579342,34.026854825293],[-81.0656027303105,34.0268541924405],[-81.0656058769484,34.0268535613935],[-81.0656090279181,34.0268529303442],[-81.0656121778083,34.0268523038037],[-81.0656153298678,34.0268516817706],[-81.0656184808436,34.0268510588363],[-81.0656216361512,34.0268504358996],[-81.0656247871311,34.0268498183753],[-81.0656279435285,34.0268492044549],[-81.0656310988422,34.0268485896332],[-81.0656342541586,34.0268479784182],[-81.0656374094763,34.0268473690065],[-81.065640563713,34.0268467623005],[-81.0656437222817,34.026846155592],[-81.0656468819394,34.0268455569981],[-81.0656500405107,34.0268449538963],[-81.0656531980031,34.0268443562051],[-81.0656563565798,34.0268437603167],[-81.0656595184081,34.0268431680333],[-81.0656626802357,34.0268425748481],[-81.0656658377341,34.0268419852718],[-81.0656690028174,34.0268414011017],[-81.0656721679007,34.0268408169314],[-81.065675329735,34.0268402327629],[-81.0656784948223,34.0268396540027],[-81.0656816577436,34.0268390752435],[-81.0656848228356,34.026838502795],[-81.0656879879256,34.0268379276414],[-81.0656911530175,34.0268373551927],[-81.0656943213618,34.0268367872507],[-81.0656974864592,34.0268362220154],[-81.0657006548054,34.0268356567784],[-81.0657038242374,34.0268350951475],[-81.0657069936706,34.0268345353198],[-81.0657101641896,34.0268339790984],[-81.0657133357908,34.0268334219745],[-81.0657165041465,34.0268328693608],[-81.0657196757531,34.0268323194504],[-81.0657228495264,34.0268317704404],[-81.0657260233016,34.0268312241354],[-81.0657291949136,34.0268306814383],[-81.0657323697745,34.0268301387394],[-81.0657355424728,34.02682960055],[-81.0657387151719,34.0268290632622],[-81.0657418911211,34.026828527776],[-81.065745069239,34.0268279958955],[-81.0657482451903,34.0268274631143],[-81.0657514233136,34.026826938447],[-81.0657545981853,34.0268264101747],[-81.0657577784752,34.0268258864078],[-81.0657609533522,34.0268253653489],[-81.0657641368958,34.0268248478921],[-81.0657673139408,34.0268243295369],[-81.0657704964041,34.0268238156872],[-81.0657736756191,34.0268233027409],[-81.0657768570028,34.0268227934002],[-81.06578003947,34.0268222849605],[-81.0657832197714,34.0268217765218],[-81.06578640441,34.0268212752943],[-81.0657895868828,34.0268207740679],[-81.0657927736901,34.0268202764459],[-81.0657959572484,34.0268197788255],[-81.0657991418925,34.0268192848114],[-81.0658023265399,34.0268187953056],[-81.0658055122676,34.0268183021922],[-81.0658086969164,34.0268178144897],[-81.0658118848188,34.0268173330971],[-81.0658150727206,34.0268168508028],[-81.0658182606216,34.0268163676067],[-81.0658214517756,34.026815889819],[-81.0658246385985,34.0268154129352],[-81.0658278265063,34.0268149387559],[-81.0658310154984,34.0268144663792],[-81.0658342077422,34.0268139976075],[-81.065837397822,34.026813531542],[-81.0658405900699,34.0268130681803],[-81.0658437812354,34.0268126057209],[-81.0658469724022,34.0268121450647],[-81.0658501646535,34.0268116862113],[-81.0658533590733,34.0268112309634],[-81.06585655133,34.0268107793234],[-81.0658597479178,34.0268103267793],[-81.0658629412587,34.0268098769419],[-81.0658661356846,34.026809429809],[-81.0658693311956,34.0268089853805],[-81.0658725256263,34.0268085445593],[-81.0658757243902,34.026808105539],[-81.0658789188229,34.0268076674227],[-81.0658821175909,34.0268072338125],[-81.0658853163589,34.0268068002022],[-81.0658885140467,34.0268063701992],[-81.0658917138996,34.0268059392932],[-81.0658949083425,34.0268055147019],[-81.0658981136151,34.0268050901049],[-81.0659013102246,34.0268046664139],[-81.0659045133381,34.0268042508348],[-81.0659077110339,34.0268038316516],[-81.0659109108998,34.0268034178774],[-81.0659141140166,34.0268030068064],[-81.0659173138838,34.0268025948354],[-81.0659205202516,34.0268021864677],[-81.0659237212073,34.0268017817095],[-81.0659269275791,34.0268013787517],[-81.0659301274545,34.0268009776008],[-81.0659333327454,34.0268005773485],[-81.0659365369568,34.0268001816053],[-81.0659397411702,34.026799788567],[-81.0659429464665,34.026799395528],[-81.0659461528492,34.026799006997],[-81.0659493603136,34.0267986166618],[-81.0659525656181,34.026798234443],[-81.0659557730865,34.0267978495178],[-81.0659589805583,34.0267974691011],[-81.0659621858655,34.0267970904887],[-81.0659653944244,34.0267967154815],[-81.0659686040676,34.0267963422769],[-81.0659718137108,34.0267959690722],[-81.0659750233574,34.026795600376],[-81.0659782319244,34.0267952361887],[-81.0659814415738,34.026794871099],[-81.065984653389,34.0267945060081],[-81.0659878608771,34.0267941472313],[-81.0659910737801,34.0267937884515],[-81.0659942845206,34.0267934341813],[-81.0659974952631,34.0267930826161],[-81.0660007092539,34.0267927301474],[-81.0660039221651,34.0267923821877],[-81.0660071350762,34.0267920342278],[-81.0660103490751,34.0267916925792],[-81.0660135598245,34.0267913500306],[-81.0660167759914,34.0267910110857],[-81.0660199899916,34.0267906712402],[-81.0660232039974,34.0267903386082],[-81.0660264212514,34.0267900050727],[-81.0660296341762,34.0267896751462],[-81.0660328492683,34.0267893470219],[-81.0660360676106,34.0267890206991],[-81.0660392816239,34.0267886979853],[-81.0660424978045,34.0267883770738],[-81.0660457161516,34.0267880570626],[-81.0660489334193,34.0267877415604],[-81.0660521506869,34.0267874260582],[-81.0660553712068,34.0267871150626],[-81.0660585873956,34.0267868049709],[-81.0660618057523,34.0267864975831],[-81.0660650251927,34.0267861910963],[-81.0660682457194,34.0267858891174],[-81.0660714651654,34.026785589844],[-81.0660746813623,34.0267852905722],[-81.0660779040598,34.0267849949038],[-81.0660811245934,34.0267847019414],[-81.0660843462114,34.0267844107818],[-81.0660875634988,34.0267841214278],[-81.0660907872847,34.026783832972],[-81.0660940078245,34.0267835481245],[-81.0660972316159,34.0267832668821],[-81.0661004532428,34.0267829874441],[-81.0661036759519,34.0267827071038],[-81.0661068965006,34.0267824339781],[-81.0661101213811,34.02678216085],[-81.0661133451794,34.026781888624],[-81.0661165689811,34.0267816209065],[-81.0661197927841,34.0267813549923],[-81.0661230165872,34.026781089078],[-81.066126241478,34.026780829475],[-81.0661294663689,34.0267805698718],[-81.066132692344,34.0267803120714],[-81.0661359161553,34.0267800569772],[-81.066139141053,34.0267798063907],[-81.0661423648663,34.0267795540013],[-81.0661455930164,34.0267793079214],[-81.0661488200828,34.0267790609403],[-81.0661520471518,34.026778817566],[-81.0661552720571,34.0267785768977],[-81.0661584991296,34.0267783380317],[-81.0661617272858,34.0267781000667],[-81.0661649532802,34.0267778675129],[-81.0661681814405,34.0267776349579],[-81.0661714096036,34.0267774060095],[-81.0661746366851,34.0267771788651],[-81.0661778648516,34.0267769544251],[-81.0661810930208,34.0267767335917],[-81.0661843233546,34.0267765109538],[-81.0661875536919,34.0267762928242],[-81.0661907829475,34.0267760764986],[-81.0661940132882,34.0267758628773],[-81.0661972414657,34.0267756528639],[-81.0662004728928,34.0267754437504],[-81.0662036989071,34.0267752373448],[-81.0662069303383,34.0267750336413],[-81.0662101639376,34.0267748326416],[-81.0662133953716,34.0267746325447],[-81.0662166268055,34.0267744324478],[-81.0661611776773,34.0266449964873],[-81.066148668009,34.0266474503579],[-81.0652676566319,34.0268202939877],[-81.065255330093,34.0268458049425],[-81.0646504766008,34.0269838681522],[-81.0640063007027,34.0271309791771]],[[-81.0553390392622,34.0267136418273],[-81.0556083451453,34.0264525850463],[-81.055754259205,34.0263111408481],[-81.0557691871754,34.0262966700337],[-81.0556322349502,34.0261972581724],[-81.0555775551462,34.0261572590789],[-81.0557800151777,34.0259666723094],[-81.0560694671317,34.0256943242956],[-81.0560586637073,34.0256895925646],[-81.0559858873604,34.0256555665385],[-81.0559156107381,34.025618517759],[-81.0558478652492,34.0255784444127],[-81.0558374996583,34.0255724942735],[-81.0558132223237,34.0255580645256],[-81.0557328010038,34.0255048182957],[-81.055657764242,34.0254463762817],[-81.0556104281056,34.0254042179455],[-81.0555499945206,34.0253314772063],[-81.0554176621824,34.0251721326638],[-81.0554055464733,34.0251575441157],[-81.055395825506,34.0251434720714],[-81.0553792325274,34.0251246206131],[-81.0553598211697,34.0251077378265],[-81.0553379248457,34.0250931136917],[-81.0553139196495,34.0250809993942],[-81.0551844559659,34.0246635769467],[-81.0553860496408,34.0246335688621],[-81.0560855266332,34.0245433637324],[-81.0560366950409,34.02434125426],[-81.0557959411157,34.0243731944143],[-81.0557720025847,34.0243763692265],[-81.0553105279385,34.0244375394349],[-81.055148897163,34.0244671013431],[-81.0551281397066,34.0244169978731],[-81.0551060686968,34.0243740875592],[-81.0550805672147,34.0243325164934],[-81.0550471019983,34.0242865441533],[-81.0550094429905,34.0242428788119],[-81.0549609592314,34.0241955829089],[-81.0549075622039,34.0241521103448],[-81.0548496849087,34.0241128136363],[-81.0547877966748,34.024078011438],[-81.0544562958626,34.0239265523481],[-81.0540930141879,34.0242297642494],[-81.0539054861072,34.0243892225194],[-81.053716953005,34.0245479794138],[-81.054174675555,34.0248715851171],[-81.0542461155201,34.0247995363165],[-81.0547883362574,34.0251840186847],[-81.0549138272071,34.0252733087204],[-81.0548145752372,34.0253695482686],[-81.0550158260354,34.0255118740561],[-81.0552170709988,34.0256541950062],[-81.0550988074639,34.0257688486524],[-81.0550667771881,34.025799943436],[-81.0549807167572,34.0258832983223],[-81.0549739733653,34.0258785313359],[-81.0548499000761,34.025790828636],[-81.0548428359636,34.0257976747305],[-81.0545057226859,34.026124368911],[-81.0546366045245,34.0262169056486],[-81.0547674433105,34.0263094179192],[-81.054898763429,34.0264022652678],[-81.0550496933783,34.0265090322795],[-81.0552006507607,34.0266157747468],[-81.0553390392622,34.0267136418273]],[[-81.0541194343856,34.0258324000807],[-81.0544635698836,34.0254988825096],[-81.0544631830928,34.0254986049568],[-81.0543154127847,34.025392358805],[-81.0539713020526,34.0257258858828],[-81.0541186564684,34.0258318404664],[-81.0541194343856,34.0258324000807]],[[-81.0537161919853,34.0255424968389],[-81.054061387463,34.0252096949434],[-81.0540495996205,34.0252012187205],[-81.0539317397517,34.0251164852748],[-81.0535862418876,34.0254491030026],[-81.0536991461905,34.0255302474562],[-81.0537161919853,34.0255424968389]],[[-81.0531965178059,34.0251688872471],[-81.0535417192222,34.0248361074999],[-81.0535273399125,34.0248257667343],[-81.0534523025502,34.0247718036804],[-81.0530790521052,34.0250844332502],[-81.0531822511607,34.025158630252],[-81.0531965178059,34.0251688872471]],[[-81.058006340926,34.0255720055063],[-81.0581424377589,34.0256978916757],[-81.0581471197514,34.0256936226554],[-81.0585282806538,34.0253460767057],[-81.0585297179249,34.0253447658631],[-81.0585014395785,34.0252790779866],[-81.0583225584192,34.0248635414076],[-81.0583198500328,34.024857247035],[-81.0581261192882,34.0249260751378],[-81.0580198024855,34.0249638834216],[-81.0579462726744,34.0249899993421],[-81.0578490330893,34.0250794902865],[-81.0576609452684,34.0252525583509],[-81.0578512907741,34.0254286414209],[-81.058006340926,34.0255720055063]],[[-81.0771150546894,34.0285823378247],[-81.077279424277,34.0289214499095],[-81.0774543921688,34.029154488683],[-81.0775453926165,34.0292399585935],[-81.0776346504332,34.0293647533697],[-81.0776930052091,34.0293951012929],[-81.0776968040077,34.0293970763335],[-81.0776991918685,34.029396893598],[-81.0778025878675,34.0293889921974],[-81.0778536421363,34.0293953514044],[-81.0779170852203,34.029403252829],[-81.0779855294463,34.0293739047418],[-81.0780121816986,34.0293446937977],[-81.078045388255,34.0293082994269],[-81.0781279517892,34.0293592095166],[-81.0782201928598,34.0292699569842],[-81.0783088554102,34.0291782249843],[-81.078393843367,34.0290841129279],[-81.0784750646402,34.028987722805],[-81.0785051800328,34.0289501959285],[-81.0785017137563,34.0289482648852],[-81.0783104750182,34.0288417412357],[-81.0780706246266,34.0287081392934],[-81.0780430682548,34.0284722315413],[-81.0780216752341,34.0282887688343],[-81.0771015355828,34.0285544450519],[-81.0771150546894,34.0285823378247]],[[-81.0794917891409,34.0291389259059],[-81.0795451152947,34.029776480651],[-81.079775737446,34.0297643310812],[-81.0800042077029,34.0297522996904],[-81.0800063649523,34.0297521864897],[-81.079966545674,34.0292764370183],[-81.0799473737859,34.0290473717969],[-81.0799435341638,34.0290014959959],[-81.0797133018012,34.0290183290381],[-81.0794831083282,34.0290351526112],[-81.0794917891409,34.0291389259059]],[[-81.0770823079961,34.0295831356862],[-81.0768835091338,34.0292196448492],[-81.0766149224769,34.0293207936067],[-81.0769318216437,34.0299110323066],[-81.0769335584366,34.0299142665132],[-81.0771996132701,34.0298105461211],[-81.0772023783104,34.0298094677771],[-81.0770823079961,34.0295831356862]],[[-81.0747255751222,34.0316498483804],[-81.0748729110493,34.0324328067444],[-81.0749429505257,34.0329502678069],[-81.0750070673669,34.0334239658876],[-81.0750489869673,34.0334201651559],[-81.0771564189362,34.0332290529258],[-81.0776639632417,34.0331830214057],[-81.0776712775788,34.0331823567888],[-81.0776879541393,34.0331808441299],[-81.0777418384821,34.0331716004865],[-81.0778413014714,34.0331546043309],[-81.0778370842685,34.0331883501907],[-81.0778455100677,34.0332573939736],[-81.0778595497729,34.0333245100174],[-81.0778684329082,34.0333567373208],[-81.0778794120562,34.0333904862704],[-81.0778954900208,34.0334330941226],[-81.0779139741649,34.0334750200855],[-81.0779410656444,34.0335275285876],[-81.0785621075841,34.0334513695082],[-81.0785568642748,34.0334214555033],[-81.0784972684398,34.0330811621075],[-81.0784757236481,34.0328001120933],[-81.0784700513881,34.0327261117913],[-81.0784490577352,34.0324518511586],[-81.078428037127,34.0321775760917],[-81.0784204226414,34.0320781618303],[-81.0784070296402,34.031903291074],[-81.0783953567017,34.0317511698872],[-81.0783859811034,34.0316289744988],[-81.0783739187985,34.0314714027981],[-81.0783713145318,34.0314373843906],[-81.0783649869212,34.0313547336078],[-81.0783439917545,34.0310804539204],[-81.0790028038911,34.0310448170585],[-81.0789817937773,34.0307705446776],[-81.0789684272452,34.0305960345801],[-81.0789609931403,34.0304989817338],[-81.0789607881476,34.0304962921072],[-81.0786426508372,34.0305134657796],[-81.0786313869121,34.0305140734444],[-81.0785902047945,34.029976580005],[-81.0785893586111,34.0299655239519],[-81.0782599246932,34.0299833250668],[-81.0779305274809,34.0300011469249],[-81.0776011203812,34.0300189634064],[-81.0774228272418,34.0300285921357],[-81.0772329606248,34.030039024909],[-81.0770934505099,34.0300466903831],[-81.0769443248674,34.0300549946513],[-81.0750491046898,34.0301603440721],[-81.0745731318126,34.0301866827159],[-81.0745969986185,34.0304157602933],[-81.074627101509,34.0307046895317],[-81.0747255751222,34.0316498483804]],[[-81.0607852691004,34.0196232421943],[-81.0607536098581,34.0196092813794],[-81.0601679545489,34.0198765900473],[-81.0601079843317,34.0197387181451],[-81.0600508522038,34.0196000130939],[-81.0594223097701,34.0200593446966],[-81.058540769887,34.0207035477703],[-81.058382591812,34.0208191387468],[-81.0582461060293,34.0209188765149],[-81.0578638456598,34.0211982145365],[-81.0576040449551,34.0213880624362],[-81.057524651647,34.0214460783988],[-81.0574921684521,34.0214698153036],[-81.0575144427247,34.0215540676988],[-81.0575207980619,34.0215780120313],[-81.0574309370199,34.0215936566146],[-81.0575122908846,34.0218812134902],[-81.0576292467763,34.0223023997122],[-81.057796861694,34.022341356243],[-81.057893087328,34.0223637212761],[-81.0579321771586,34.0225033732156],[-81.0580453129951,34.0229033375167],[-81.0580824136433,34.0230344611674],[-81.0580910994236,34.0230339296098],[-81.0583649012337,34.0230171675567],[-81.0585248284496,34.0230073845807],[-81.0593726509752,34.0229555202666],[-81.0595651898357,34.0229092178474],[-81.0596285755735,34.0230452985734],[-81.0596812257159,34.0231584452544],[-81.0597251714553,34.0232529138398],[-81.0597463081853,34.0232983645209],[-81.0599104115848,34.0236681804121],[-81.0599218620435,34.0236939408714],[-81.0605779979753,34.0235167653554],[-81.0612149074951,34.0233447688799],[-81.0618986798368,34.023160112089],[-81.0615865036801,34.0225792029928],[-81.0615791668804,34.0225655504304],[-81.061990954786,34.0219828995633],[-81.0626035493814,34.0215723685072],[-81.0627609551848,34.0214668823943],[-81.0627216912338,34.0214386791143],[-81.0626117000497,34.0213471221937],[-81.0625735834332,34.0213329225497],[-81.062556046668,34.0213311180762],[-81.0625071168612,34.0212626714325],[-81.0622514818356,34.0210400914611],[-81.062155080854,34.0209393994256],[-81.0619036090215,34.0207104560597],[-81.0618735653762,34.0206474874656],[-81.061830287553,34.0206234607585],[-81.0617831422813,34.0205972881176],[-81.0617791502257,34.0205950719287],[-81.0617326190144,34.0205372385568],[-81.0617158311163,34.0205163735079],[-81.0617143079245,34.0205154752728],[-81.0616936451681,34.0205032873801],[-81.0615784825548,34.0204061487806],[-81.0614659187655,34.020335777483],[-81.061414988889,34.0202744656135],[-81.0613589638912,34.0201779422417],[-81.0613217996702,34.0201330849184],[-81.0612729475033,34.0200907382705],[-81.0612231637861,34.020066213216],[-81.0610061829234,34.0198836568371],[-81.0609751327477,34.0198537555672],[-81.0609407959678,34.0197962278833],[-81.0609277046782,34.0197912082471],[-81.0609053738841,34.0197826467665],[-81.0608497832758,34.0196912049081],[-81.0607852691004,34.0196232421943]],[[-81.0557716737092,34.0230518795738],[-81.0556210763949,34.0229440942757],[-81.0552733802107,34.023241206358],[-81.0554350574494,34.0233613755347],[-81.0556260008678,34.023180955235],[-81.0556535888681,34.0231548549723],[-81.0557716737092,34.0230518795738]],[[-81.0570596218361,34.0218524283434],[-81.0570264242924,34.0218101521957],[-81.0566619234691,34.022076502861],[-81.0568270694351,34.0221152869012],[-81.0570596218361,34.0218524283434]],[[-81.0279277513041,34.0563318503119],[-81.0279756258176,34.0563632714973],[-81.0281242210237,34.0559538460404],[-81.0280295943104,34.0558964046203],[-81.0281279620352,34.055795562757],[-81.0282705458416,34.0558561274641],[-81.0283492673486,34.0556086347276],[-81.0286031697614,34.0557623117263],[-81.0287592411557,34.0555920945456],[-81.0278319401136,34.0550185242761],[-81.0277465350938,34.0552608515418],[-81.0277294297881,34.0553093869624],[-81.0276345051606,34.0555726480603],[-81.0275439425587,34.0558291625652],[-81.0274713497521,34.0560344201259],[-81.0277392648952,34.0562082981054],[-81.0277671559831,34.0562264491751],[-81.0279277513041,34.0563318503119]],[[-81.0272779365486,34.0565838760564],[-81.0271288772953,34.0570220824227],[-81.0270989427402,34.0571100838291],[-81.0270227493506,34.0573340762176],[-81.0287667996565,34.0589677795576],[-81.029906315349,34.0582457108801],[-81.0302809730646,34.0580083273187],[-81.0303941373684,34.0579755656842],[-81.0304423909318,34.0579433329377],[-81.0310909126683,34.0575101166302],[-81.0313225758909,34.0573553629558],[-81.0313623036931,34.057328702627],[-81.0314002845157,34.0573034069817],[-81.0314695718892,34.0572596891144],[-81.030617599263,34.0567416593956],[-81.0306074131624,34.0567525624191],[-81.0298125915618,34.0576033464025],[-81.0297517910349,34.0576685178814],[-81.0298092822374,34.0577074885846],[-81.0298125157467,34.0577096807141],[-81.0297217175661,34.0578051362623],[-81.0295346180087,34.0580018273804],[-81.029529356921,34.0580073577835],[-81.0282555601227,34.0572019993113],[-81.0272779365486,34.0565838760564]],[[-81.0321760909758,34.058496755016],[-81.0316979676028,34.0587957749439],[-81.0316377890096,34.0588801801701],[-81.0316091701364,34.0589203215893],[-81.0312203171458,34.0586607635847],[-81.0311864860496,34.0586381811947],[-81.0308024263663,34.0588810935192],[-81.0299163569708,34.0594415108058],[-81.0294156617513,34.0597581805414],[-81.0280883730332,34.0605976191091],[-81.0280833102787,34.0606008212449],[-81.0272836340493,34.061106559445],[-81.0272409326528,34.0611335635367],[-81.0271982130215,34.0611599493114],[-81.0271593870378,34.061190217142],[-81.0271249611766,34.0612239721958],[-81.0270953845168,34.0612607741498],[-81.0270710428823,34.0613001429349],[-81.0270522538094,34.0613415649977],[-81.027039262404,34.0613844999997],[-81.0270322381443,34.0614283878659],[-81.0296247421242,34.0614370405293],[-81.0297879967415,34.0614375830624],[-81.0298071460016,34.0614376469955],[-81.0301909206449,34.060894636592],[-81.0302651811637,34.0607895629093],[-81.0302679031349,34.0607909003501],[-81.0305497576406,34.0609293692925],[-81.0303289491338,34.0612416074326],[-81.0300481607644,34.0616386570561],[-81.0297635255188,34.0614993797572],[-81.0297298458103,34.0615470410964],[-81.0295124146797,34.0618547261052],[-81.0292404375739,34.062239543959],[-81.029115879207,34.0624157367322],[-81.0289950156105,34.062584688864],[-81.0284034452926,34.0634116156675],[-81.0281774048307,34.0637272818742],[-81.0282750382893,34.0637423629342],[-81.0284152952378,34.063763847869],[-81.0286013038732,34.0637924851153],[-81.0286145214071,34.0637945198822],[-81.0286563714806,34.0637331026618],[-81.028667981329,34.0637160626116],[-81.028834732598,34.0638051025349],[-81.0287600856689,34.063914596331],[-81.0287450325424,34.0643073952464],[-81.0288954313791,34.0643089608348],[-81.0289312917315,34.0643104907625],[-81.0290086041617,34.0643137449468],[-81.0292394305882,34.0643192352816],[-81.0292549857249,34.0643196049162],[-81.0292551567347,34.0643159070593],[-81.0292571295126,34.0642644329147],[-81.0292590625583,34.0642140101453],[-81.0292612597653,34.0641566407193],[-81.02926213285,34.0641338494828],[-81.0292639273447,34.0640870091451],[-81.0292186760149,34.0640860847516],[-81.0292183728872,34.0640867791217],[-81.0292145832004,34.0640873426657],[-81.0292122842539,34.0640876849458],[-81.0292301583444,34.0640383142983],[-81.0292616654909,34.0639639024008],[-81.0293013078649,34.063891904193],[-81.0293486187623,34.0638231249838],[-81.0294032419639,34.0637582807882],[-81.0294350849062,34.0637255591487],[-81.0294690073267,34.0636939695256],[-81.0295244603692,34.0636483598589],[-81.0295838918437,34.0636062378451],[-81.0296470515605,34.0635678424854],[-81.0297136167624,34.0635334723097],[-81.0298270933079,34.0634797388374],[-81.0305276821133,34.0631481896573],[-81.0305990052743,34.0631174678615],[-81.0306725239993,34.0630914333522],[-81.0307481516625,34.063070193448],[-81.0308258438676,34.0630537851251],[-81.0309048704464,34.0630423492247],[-81.0309844166879,34.0630359238183],[-81.0309952010011,34.0630355595506],[-81.0310196309264,34.0630347347187],[-81.0311545524877,34.0630319643222],[-81.0311556560283,34.0630007494481],[-81.0311609818186,34.0628502836142],[-81.0310479325913,34.062852628365],[-81.0309949558711,34.0628544043973],[-81.0309926736953,34.0628290161676],[-81.0309793613789,34.0626808840421],[-81.0309692776396,34.0625686770199],[-81.0316035312098,34.0616715233679],[-81.0317213340425,34.0615048903771],[-81.0317264399905,34.0615073984684],[-81.0318361919337,34.0615612957867],[-81.0325496013848,34.0619117571614],[-81.0326542776191,34.0619631709328],[-81.0333323566931,34.0622962200703],[-81.0334886085214,34.0623409215466],[-81.0336708985539,34.0619350372996],[-81.0336768287719,34.0619340357203],[-81.0343574476414,34.0618190094861],[-81.0358156079583,34.0615725648956],[-81.03581870061,34.0615011602884],[-81.0358359146309,34.0612430906028],[-81.0358436974611,34.0611304441585],[-81.0358548929805,34.060968394172],[-81.0358587504481,34.0609125551614],[-81.0358969738116,34.0603593173443],[-81.0359000651391,34.0603135594117],[-81.0359167847893,34.0600661964107],[-81.0359155724299,34.0600453317087],[-81.0359124487864,34.060044784386],[-81.035908705686,34.0599591792397],[-81.0359034333983,34.0598385538841],[-81.0358872696399,34.0595616457367],[-81.0358812017279,34.0594580597913],[-81.0358695209483,34.0592586359631],[-81.0358606532171,34.0591072929168],[-81.0357701860095,34.0590872573562],[-81.035685733221,34.0590685337605],[-81.0354254819987,34.0590108344307],[-81.0350808316965,34.0589344366806],[-81.0347361408332,34.0588580253602],[-81.0343914267419,34.0587815977592],[-81.0342072964116,34.0587407958427],[-81.0340467544518,34.0587052205845],[-81.0337020524107,34.058628769423],[-81.0333573932628,34.0585523921316],[-81.0329335357411,34.0584583897792],[-81.0329021125855,34.0584414166181],[-81.0325830452371,34.0582422421104],[-81.0321760909758,34.058496755016]],[[-81.0281635847778,34.0639001581855],[-81.0280555357702,34.0638974703703],[-81.0279774325395,34.0640065397792],[-81.027778628542,34.0642841650257],[-81.0279461692915,34.0642882066645],[-81.0281353086824,34.0642927643602],[-81.028515296118,34.0643018857086],[-81.0285441137952,34.0643025769933],[-81.0285620335544,34.0639098360523],[-81.0283157344595,34.0639039422282],[-81.0281635847778,34.0639001581855]],[[-81.0276856430899,34.0596528112483],[-81.0269708293418,34.0589471228173],[-81.0269218694381,34.0588988435447],[-81.0269337004229,34.0588070807046],[-81.02655538681,34.058476680008],[-81.0265040307065,34.0585571027564],[-81.02644994263,34.0586362751601],[-81.0263931664801,34.0587141329492],[-81.0263337483395,34.0587906129203],[-81.0262886111361,34.0588454910987],[-81.0262203641781,34.0589245871679],[-81.0261858419949,34.0589624400985],[-81.0261504942558,34.059000319342],[-81.0261338957001,34.059017717298],[-81.0261307668108,34.0590209712465],[-81.026124149456,34.059027828172],[-81.0260908349714,34.0590615014977],[-81.0260778221334,34.059074531818],[-81.026062296564,34.0590899070528],[-81.0260313653571,34.0591196448957],[-81.0260120088023,34.0591381380621],[-81.0259876907232,34.0591614130129],[-81.0255964463059,34.0595351762555],[-81.0249877143695,34.0601166976542],[-81.0254054198477,34.0604930719691],[-81.0258134359509,34.0602346047402],[-81.0258196447786,34.0602306720914],[-81.0262191803947,34.0605819642913],[-81.0276856430899,34.0596528112483]],[[-81.0074544829628,34.0647467361614],[-81.0074424215918,34.0647670554867],[-81.0074924702402,34.0647394257068],[-81.008496193422,34.0641828221502],[-81.0087328473138,34.0640516869784],[-81.008039846804,34.0637592933586],[-81.007930819145,34.0639442408106],[-81.0078077700576,34.0641515454565],[-81.0077289030693,34.0642844148064],[-81.0074544829628,34.0647467361614]],[[-81.006139699358,34.0669774570037],[-81.0060153532992,34.0671839536519],[-81.0063846364494,34.0670887451456],[-81.0080805383156,34.0666514892221],[-81.0079246670791,34.066281092976],[-81.0079143729558,34.0662566326937],[-81.0077873771798,34.0659548499991],[-81.0077318594109,34.0658229223601],[-81.0074445991283,34.0651402903958],[-81.0073645220342,34.0649499969719],[-81.006943871211,34.065641972555],[-81.006139699358,34.0669774570037]],[[-80.9912628959022,34.0703438774012],[-80.9908910819786,34.0705244374467],[-80.9909079054922,34.0705481566002],[-80.9912798083087,34.0703678237364],[-80.9913112432452,34.0704123204868],[-80.9914700228883,34.0706370872869],[-80.9916977333706,34.0709590303676],[-80.9919156127167,34.0712671892084],[-80.9919275278183,34.0712840415697],[-80.9921249510513,34.0715632627204],[-80.9921609447038,34.071614285923],[-80.9922587592933,34.0717529350899],[-80.9923525320468,34.0718855633774],[-80.9924572355823,34.0720336489301],[-80.9924901224254,34.0720801426802],[-80.9926152953516,34.0722571039704],[-80.9927492769549,34.072446775784],[-80.9927967469197,34.0725140550259],[-80.9928746623567,34.0726092494432],[-80.9929985072239,34.0727608593881],[-80.9931314513132,34.0729236046063],[-80.9931366859195,34.0729648001472],[-80.9931489862901,34.073061594833],[-80.9931774022871,34.0738975288685],[-80.9929101813653,34.0744196935375],[-80.9928672801476,34.0745035251445],[-80.9925347165529,34.0751399167572],[-80.9925280040122,34.0751371373642],[-80.9923421962903,34.0750601970926],[-80.9918736747788,34.0748661871822],[-80.9916998651074,34.0747941834471],[-80.9915987617774,34.074752299746],[-80.9912670917256,34.074949384051],[-80.9913167106233,34.0738364336215],[-80.9912642749709,34.0738345805902],[-80.9905619081196,34.0738097545278],[-80.9905560467171,34.0739318538291],[-80.990369078958,34.0738027255234],[-80.9898631669314,34.0739349487909],[-80.9892024548355,34.0739127062672],[-80.9884979253564,34.0738862958076],[-80.9884598664153,34.0738848694195],[-80.9884596923603,34.0739626450647],[-80.9884596820002,34.0739671760261],[-80.9882945473594,34.0739612924119],[-80.9882981711866,34.0738788427617],[-80.9882429854986,34.0738768962239],[-80.9881923832698,34.0738751105971],[-80.9881741729771,34.0742762888298],[-80.9882184451527,34.0742944340175],[-80.9888529467937,34.0745544904478],[-80.9890739094723,34.0746450526722],[-80.9891697542686,34.074684335712],[-80.9898307867999,34.074951638064],[-80.9900298329767,34.0750320519364],[-80.9904952626021,34.0752200822787],[-80.9905542165778,34.0752439318027],[-80.9907047715429,34.0753048383722],[-80.9914771054007,34.0756168014859],[-80.9919970409618,34.0758344294636],[-80.9923937630341,34.0760004822885],[-80.9927738410644,34.0761595015429],[-80.9941824879416,34.076748641682],[-80.994362098288,34.0764309174808],[-80.9942429666486,34.0763810074448],[-80.994007745347,34.0762824621549],[-80.9942592268207,34.0758494414272],[-80.9936300145344,34.0755858251874],[-80.993477422262,34.0755218933067],[-80.9934925605788,34.0754992771696],[-80.9935068444358,34.0754126766105],[-80.9935028900114,34.0753896311719],[-80.9935006621488,34.0752751172248],[-80.9935097796592,34.0752718247526],[-80.9935197594483,34.0752287401203],[-80.99353335813,34.0751026322417],[-80.9935398972187,34.0750780121067],[-80.9935442019338,34.0750249067628],[-80.9935565912016,34.0749720876714],[-80.993596160364,34.0748976557196],[-80.9936291654668,34.0748189530425],[-80.9936653677367,34.0748340021941],[-80.9941199174547,34.075022955257],[-80.9946399158184,34.0752388373709],[-80.9946507613812,34.0752215543647],[-80.9948939281999,34.0748340587808],[-80.9949076367401,34.0748122124459],[-80.9950612618588,34.0745674024624],[-80.9954352780433,34.0739712070952],[-80.9953964106008,34.0739699442046],[-80.9947781778678,34.0739498527706],[-80.9946119917435,34.0739443967952],[-80.9944463604245,34.0739389595576],[-80.9944438627428,34.0739902517436],[-80.9944422265542,34.0740238430078],[-80.9942524749987,34.0740169599322],[-80.9943066401177,34.0731034508738],[-80.9948431717381,34.072784696443],[-80.9946376855751,34.0724968159795],[-80.9945752885129,34.072409402176],[-80.9944237206605,34.0721970658986],[-80.9942720192227,34.071984349808],[-80.9941203196092,34.0717717759853],[-80.9939684484834,34.0715589161221],[-80.993817781935,34.0713457693844],[-80.9936671161335,34.0711326224509],[-80.9936088315854,34.0710502063763],[-80.9935451788372,34.0709601987088],[-80.9935162788086,34.0709193328465],[-80.9933709455007,34.0707194982819],[-80.9933338126873,34.0706689090663],[-80.9932245813211,34.0705200926815],[-80.9930656622926,34.0703035090977],[-80.9929149995206,34.0700983771686],[-80.9928331731046,34.0699847727784],[-80.9928007201631,34.0699397164025],[-80.9927517824266,34.0698717733867],[-80.9925889104657,34.0696484614489],[-80.992526757855,34.0695637705504],[-80.9924471932882,34.0694553534198],[-80.9922917165468,34.0692585231099],[-80.9921278128953,34.0690512424292],[-80.9919802938973,34.0688646301096],[-80.9919673497495,34.06884825647],[-80.9919355202557,34.0688079734161],[-80.9917410175625,34.0685618131378],[-80.9914940504531,34.0682335703255],[-80.9913466581584,34.0680859803666],[-80.9912932680605,34.0679464128378],[-80.9912669884843,34.0678777151722],[-80.9911387607589,34.0679306151974],[-80.9910139008926,34.0679888289663],[-80.991006375639,34.0679927651809],[-80.9908927263475,34.0680522095375],[-80.9907755470065,34.0681205919359],[-80.9906002037125,34.0682257973761],[-80.9905995871657,34.0682261534952],[-80.9905992935203,34.0682263247932],[-80.9904790398266,34.068294783319],[-80.9903582519485,34.0683606763832],[-80.9902359344487,34.0684245855146],[-80.9899916733295,34.0685450682173],[-80.9902277988457,34.0688790631836],[-80.9903280620337,34.069021210908],[-80.9904314228489,34.0691673676773],[-80.9905440693082,34.0693266941749],[-80.9906680663734,34.0695020533796],[-80.9907937853842,34.0696798453259],[-80.9908849849718,34.0698090382874],[-80.9909109041519,34.0698457559036],[-80.9909849340296,34.0699503657888],[-80.9910366230984,34.0700234051203],[-80.9911537449694,34.070189315453],[-80.9912628959022,34.0703438774012]],[[-81.0025897279868,34.0702285247554],[-81.0032270226109,34.0709006870935],[-81.0034026664566,34.0710859380603],[-81.0038086297678,34.0715139217575],[-81.0041703182876,34.0712724777432],[-81.0048082076532,34.0708466520689],[-81.0043979421537,34.0704212478243],[-81.0035896870081,34.0695825579177],[-81.0030001306768,34.0699618412631],[-81.0027699902861,34.0701104280784],[-81.0025897279868,34.0702285247554]],[[-80.9982035200523,34.0707660890663],[-80.9982029858775,34.0707659330671],[-80.9982025297074,34.0707662098778],[-80.9979661259572,34.0709097878234],[-80.9977258239068,34.0710555031366],[-80.9974843172851,34.071199642711],[-80.9972086865858,34.0713638796002],[-80.9971732944515,34.0713849683037],[-80.9969887432011,34.0714949343346],[-80.9967776810848,34.0716208943869],[-80.9965150146184,34.0717794891137],[-80.9964907330075,34.071794209333],[-80.9962747076803,34.0719251772373],[-80.9962657617366,34.0719306168317],[-80.9976153039517,34.0721879006793],[-80.9978678760414,34.0722205173977],[-80.9978719762465,34.0722174814963],[-80.997920682436,34.0721827316647],[-80.9979708321164,34.0721494340348],[-80.9980223627947,34.0721176300987],[-80.9980752102575,34.0720873594872],[-80.9981293086505,34.0720586599201],[-80.998184590561,34.0720315671599],[-80.9982409871018,34.0720061149666],[-80.9982984279967,34.0719823350559],[-80.9984085188164,34.0719424579614],[-80.9985214756006,34.0719085832245],[-80.9986368263479,34.0718808523933],[-80.9987540890552,34.0718593813433],[-80.9987224420005,34.0717216784522],[-80.9986556193438,34.0714322540993],[-80.9986235272931,34.0712932527353],[-80.9985234705355,34.0708598676071],[-80.9985231043195,34.0708589334571],[-80.9983249392373,34.0708014341055],[-80.9982035200523,34.0707660890663]],[[-81.0433102376554,34.0506322675883],[-81.0427169930719,34.0506445584629],[-81.0427981236178,34.0509035806617],[-81.0433512223937,34.0507767337882],[-81.0433552062143,34.0507758198868],[-81.0433102376554,34.0506322675883]]]},"properties":{"LABEL":"DISTRICT 1"}}]}