{"type":"FeatureCollection","crs":{"type":"name","properties":{"name":"EPSG:4326"}},"features":[{"type":"Feature","id":178,"geometry":{"type":"Polygon","coordinates":[[[-87.5089486884818,41.6164318149691],[-87.5088326884495,41.6163868144014],[-87.5088316887101,41.6164388152333],[-87.5088286878939,41.6165958153304],[-87.5088286884293,41.6166488157116],[-87.5082986881858,41.6164478151666],[-87.5079086878229,41.6162998150692],[-87.5067126886253,41.6158368152632],[-87.5061846880031,41.6156338155192],[-87.5056336870928,41.6154198154601],[-87.5039806870649,41.6147808153832],[-87.5034306865044,41.6145678150584],[-87.5033816861104,41.6145488158833],[-87.5032356868112,41.6144918157256],[-87.5031876858955,41.6144728158003],[-87.5028696861424,41.6143648150596],[-87.502516686245,41.6142458148565],[-87.5019286855906,41.6140098145387],[-87.5016176857838,41.6138858155844],[-87.5012826857821,41.613744815109],[-87.5002786865821,41.6133248151442],[-87.4999446853489,41.6131848157807],[-87.499943685583,41.613126815472],[-87.499943685378,41.6129558143599],[-87.49994368573,41.6128988145817],[-87.4999406857076,41.612000815013],[-87.4999356855967,41.6107218150251],[-87.4999276852453,41.6104128144927],[-87.4999216849023,41.6101878146289],[-87.4999416848236,41.6097258142392],[-87.4999546843724,41.6091778139915],[-87.4999756851189,41.6085388144484],[-87.499607684389,41.6083538141951],[-87.4995316845316,41.6083158145368],[-87.4985086843978,41.6077958139318],[-87.4981426846987,41.6076108139451],[-87.4976006842971,41.607332814899],[-87.4975556842431,41.6073098140543],[-87.4957946830115,41.6064098141009],[-87.4952076835459,41.6061098140274],[-87.4949466828087,41.6058428143544],[-87.4924676826321,41.6046418144926],[-87.4920966818961,41.6044618137284],[-87.4915216819501,41.60425881413],[-87.4913106820122,41.6041538141098],[-87.4906796817197,41.6038418141212],[-87.490469681919,41.6037378140532],[-87.4885546810847,41.6027598139896],[-87.4828116786236,41.5998268144649],[-87.4816906787958,41.5992548139538],[-87.4808986787777,41.5988468141114],[-87.4808866782375,41.5995358146016],[-87.4808636785964,41.6005498142964],[-87.4807576795052,41.6044628146102],[-87.4807366795892,41.6065148151837],[-87.4807216792201,41.6070658151002],[-87.4806926789236,41.6082268156553],[-87.480651679711,41.6098678157828],[-87.4806576803215,41.6100598157442],[-87.4618026740517,41.6099518167796],[-87.4617306739914,41.6099518159463],[-87.4615156732099,41.6099518164749],[-87.4614446736764,41.609951816043],[-87.4614436735482,41.6099008163106],[-87.461442674333,41.6097488167545],[-87.4614426736367,41.6096988161016],[-87.4614506735322,41.6088038165255],[-87.4614766731233,41.6061198158064],[-87.4614816739112,41.6056358163465],[-87.4614896738179,41.6052258162458],[-87.4614916723649,41.6050898157248],[-87.4614996729349,41.6046848160989],[-87.4615036736722,41.6045498151945],[-87.4615066730419,41.6043708165196],[-87.461517673336,41.6038358158753],[-87.4615216732036,41.603657815345],[-87.4615246735653,41.6035048159195],[-87.4615326729914,41.6030458161569],[-87.4615366725248,41.6028928155181],[-87.4615396729902,41.6026768152569],[-87.4615506729805,41.6020298159143],[-87.4615556731652,41.6018148152904],[-87.4615576729454,41.6016698148163],[-87.4615636735498,41.601234815155],[-87.4615666738746,41.6010908155331],[-87.4615676728487,41.6010158154909],[-87.4615706722869,41.6007918147044],[-87.4615726729917,41.6007178155056],[-87.4615736721955,41.6006078153912],[-87.4615786729413,41.6002778143651],[-87.4615806726747,41.6001688151088],[-87.4615826727121,41.5999888145254],[-87.4615886718525,41.5994498148455],[-87.4615916724219,41.5992708151075],[-87.4615926729591,41.5990878148474],[-87.4615976729619,41.5985388152389],[-87.4616006731404,41.5983568146259],[-87.4616016723928,41.5981728140744],[-87.4616056730167,41.5976208147331],[-87.4616076727692,41.5974378141266],[-87.4616086723538,41.597255814114],[-87.4616136718139,41.5967098143119],[-87.46161567188,41.5965288142452],[-87.461616672717,41.5963468141872],[-87.4616216723099,41.5958008143051],[-87.4616236724151,41.5956198142119],[-87.4616246724441,41.5954498139665],[-87.4616286718325,41.5949408140888],[-87.4616306723353,41.5947718146926],[-87.4616316726723,41.594575814193],[-87.4616366720832,41.593988814147],[-87.4616386728676,41.5937938135909],[-87.4616386726611,41.593425813722],[-87.4616396719006,41.5923248136364],[-87.4616406723475,41.5919578136472],[-87.4616406724038,41.5916838135616],[-87.4616416717233,41.5908608135502],[-87.461642672282,41.5905878133847],[-87.4616426723217,41.5903598129104],[-87.4616426725272,41.5896748129513],[-87.4616436718312,41.5894478133315],[-87.4616436718135,41.5893808130392],[-87.4616436718249,41.5891798139579],[-87.461643671792,41.5891128127627],[-87.461644672111,41.5883468125405],[-87.4616446715303,41.5866358124092],[-87.4616436721216,41.5866128124122],[-87.4616446717891,41.5865508123188],[-87.4617066708827,41.5846718125817],[-87.4617816721436,41.5846638120972],[-87.4617066712956,41.58328581217],[-87.4617066705286,41.5828698123041],[-87.4617066712931,41.5825048117513],[-87.4617066704763,41.5814098118164],[-87.4617076705488,41.5810458120676],[-87.4617016717775,41.58068481172],[-87.4616866708266,41.5796048114548],[-87.4616826716113,41.579244811597],[-87.4616776711562,41.5788838117602],[-87.4616776714857,41.5788468109946],[-87.4616616707443,41.5778028111959],[-87.4616526707271,41.5774418107095],[-87.4616516700663,41.577365810716],[-87.4616526705903,41.5772388115761],[-87.4616496700608,41.5770128103391],[-87.4616456710468,41.5767178110783],[-87.4616246706757,41.5762478116056],[-87.4615846709276,41.5757678105804],[-87.4615556699832,41.5754068107719],[-87.4615516698919,41.5753538111112],[-87.4615336704146,41.5751178106368],[-87.4615146698302,41.5748498102364],[-87.4614936703784,41.5744118108231],[-87.4614916705121,41.5742558104796],[-87.4614906707375,41.5741948102646],[-87.461489670388,41.5741808110349],[-87.4614906712585,41.5740948101697],[-87.4614946705263,41.5740268109028],[-87.4614956705267,41.574016810405],[-87.4614956702558,41.574003811154],[-87.4614866701627,41.5739268105882],[-87.4614866709709,41.5738918112642],[-87.4614886703392,41.5737718110867],[-87.4614896707823,41.5737028106347],[-87.4614936705506,41.5734508103866],[-87.461512669685,41.5730428099193],[-87.4615156702625,41.5729758103181],[-87.4615756705221,41.5722358100333],[-87.4616406703972,41.5713908101195],[-87.4616736696774,41.5703708098468],[-87.4616786705432,41.5702578097743],[-87.4616746698634,41.5701758097882],[-87.4616406700965,41.5696888098231],[-87.4616366700382,41.5696218096617],[-87.4616596695052,41.5664388097539],[-87.4616596694742,41.5654818092862],[-87.4616596692526,41.564657808595],[-87.4616596695181,41.5646388084741],[-87.4616596690922,41.5637878088341],[-87.4616586698579,41.562909808724],[-87.4616586688395,41.5627278089437],[-87.4616586697937,41.5621848085808],[-87.461658668941,41.5620038081677],[-87.4616576694208,41.5618218077472],[-87.4616576691485,41.5612758082537],[-87.4616576696112,41.5610948086944],[-87.4616576690613,41.5601948078198],[-87.4616566685984,41.5593438078941],[-87.4616566690276,41.5592818078336],[-87.4616566693202,41.5583588080885],[-87.461655668685,41.5574868080984],[-87.4616556685831,41.5574528071893],[-87.4616556689309,41.5565438076606],[-87.4616546689012,41.5555008079179],[-87.461654668399,41.5553168073334],[-87.4616546689268,41.5550298072664],[-87.4616546685695,41.554767807298],[-87.46165466828,41.5545848078813],[-87.4616546678778,41.554524807471],[-87.4616546679057,41.5543448071179],[-87.4616546687342,41.5542848075865],[-87.4616546686596,41.5542278071443],[-87.4616546686103,41.5540578079046],[-87.461654668632,41.5540018068506],[-87.4616536683128,41.5539388076666],[-87.461653667742,41.5537528064535],[-87.4616536683629,41.5536908063354],[-87.4616536687485,41.5535018069245],[-87.4616536678916,41.5529378068654],[-87.4616536684432,41.5527498068215],[-87.4616536684316,41.5526018067708],[-87.4616536686946,41.5521598071783],[-87.4616536676206,41.5520128065225],[-87.4616526681986,41.5518318070063],[-87.4616526676579,41.5512888066354],[-87.461652667921,41.5511078067946],[-87.4616526678647,41.5509238060758],[-87.4616526677939,41.5503708071946],[-87.4616526679235,41.5501878067443],[-87.4616516673092,41.5499588066466],[-87.4616516680136,41.5492718062388],[-87.4616516672106,41.5490438060953],[-87.461651668147,41.5490298055812],[-87.4616516674376,41.5489878067946],[-87.4616516672629,41.5489748056903],[-87.461651668278,41.548856806221],[-87.4616516681445,41.5485068063207],[-87.4616516680778,41.5483898062524],[-87.4616516677605,41.5483168064745],[-87.4616516681959,41.5480998058998],[-87.461651668001,41.5480278064099],[-87.4616506680026,41.5479188053835],[-87.4616506671347,41.547594805862],[-87.4616506669935,41.5475468052981],[-87.4616506680478,41.547486805699],[-87.4616506674078,41.5473048063711],[-87.4616506680274,41.5467598059089],[-87.4616506675445,41.5465788059507],[-87.4616496668598,41.5457308059835],[-87.4616496674321,41.5448248056542],[-87.4616496677646,41.5447688054142],[-87.4616346669014,41.5429648050522],[-87.4616196674844,41.5411368042925],[-87.461616666594,41.5407698044009],[-87.4616076671487,41.5396708042354],[-87.4616046667924,41.5393048045443],[-87.4616016668332,41.5389418048088],[-87.461592666365,41.5378528045855],[-87.4615896669064,41.5374908041528],[-87.4615866669861,41.5371978042396],[-87.461579666594,41.536320803503],[-87.4615776664304,41.5360288035269],[-87.4615716667746,41.5353478034262],[-87.4615546662159,41.5333088035804],[-87.4615496662801,41.532628803178],[-87.4615436667534,41.5319158031505],[-87.4615256661066,41.5297798026024],[-87.4615206663993,41.5290678031448],[-87.4615196656066,41.5289848022975],[-87.4615176663857,41.5287378026873],[-87.4615176661916,41.5286558027169],[-87.4615076662817,41.5275178017949],[-87.461479665462,41.524104801096],[-87.4614786648049,41.523894801192],[-87.4617116656227,41.5229968016749],[-87.4623146652974,41.5229968011703],[-87.4641256653556,41.5229998015913],[-87.4647296654916,41.5230008018768],[-87.465076666683,41.5230008017314],[-87.4661206668651,41.5230028018184],[-87.4664686661574,41.5230038010504],[-87.4674436664998,41.523009801733],[-87.4700816677562,41.5230278014617],[-87.4703716676219,41.5230258010024],[-87.4713476685243,41.5230208009103],[-87.4712966681192,41.5237538012593],[-87.4712126681861,41.5250018012056],[-87.4711686677789,41.5251458015783],[-87.4711356681828,41.525482801644],[-87.4711076677794,41.5258798013001],[-87.4710936686696,41.5264508019196],[-87.4710976681951,41.5266898017451],[-87.4711086684859,41.5273638014188],[-87.4711426686812,41.5293888023065],[-87.4711546694876,41.5300648027786],[-87.4711626699303,41.5315688032888],[-87.4711726696389,41.5350948032975],[-87.4711686697523,41.5351588038962],[-87.4711396702406,41.5375538042354],[-87.4713056688973,41.5375548035582],[-87.4736126707283,41.537573804046],[-87.4760186718635,41.5375938039276],[-87.4783566726612,41.5376128037638],[-87.4806486717517,41.5376308036246],[-87.4807376733775,41.5376308028719],[-87.4807986718745,41.5376318030759],[-87.4807936726476,41.5363448031053],[-87.4807936731932,41.536327803507],[-87.4807936726722,41.5361918031947],[-87.4807706719527,41.5359388028362],[-87.480777672689,41.5357098024721],[-87.4807776731899,41.5345698024352],[-87.4807726728375,41.5341858026794],[-87.4807806716875,41.5340488027468],[-87.4807346719743,41.5308128014996],[-87.4807356721879,41.5303388018637],[-87.4807786717707,41.5288058015173],[-87.4807716718968,41.5284428013413],[-87.4807806708859,41.5275308018094],[-87.4807876715669,41.5262368010476],[-87.4807726717572,41.5254328003267],[-87.4807456710951,41.52309480012],[-87.4809186705619,41.5230968006939],[-87.4818066717514,41.5231038011236],[-87.4821786716674,41.5231068011904],[-87.4831326724881,41.5231137998306],[-87.4859946723526,41.5231348004716],[-87.4869496734426,41.5231428004948],[-87.4875396736608,41.5231458004529],[-87.4893096732982,41.5231548001677],[-87.4898996741606,41.5231587999934],[-87.4900686738072,41.523158800108],[-87.4904116741646,41.523161800375],[-87.4905816743118,41.5231598003803],[-87.490748673316,41.5231578000319],[-87.4908566748948,41.523154799807],[-87.4910306747699,41.5231518002147],[-87.4911836744982,41.5231497998942],[-87.4912926739015,41.5231487993202],[-87.4913836750215,41.5231478006947],[-87.4927656746351,41.5231058005565],[-87.4939906754894,41.5230747993604],[-87.4943846753591,41.5230677998292],[-87.4954926754401,41.5230327993071],[-87.5009406772471,41.5228877995382],[-87.501542677557,41.5228707994433],[-87.5017486773225,41.5228647996224],[-87.5020156767173,41.5228587989238],[-87.5033486776305,41.522837799053],[-87.5039516782702,41.5228287997214],[-87.5042946784322,41.5228157997551],[-87.5053246787144,41.5227787990215],[-87.5056686782412,41.522766799074],[-87.5063626793689,41.5227477987535],[-87.5084476792729,41.5226927990581],[-87.5091426798717,41.5226747995445],[-87.5099966798036,41.5226717990121],[-87.5125586806044,41.5226647986097],[-87.5134136801057,41.5226627983362],[-87.5138996807674,41.5226637986667],[-87.5153576809574,41.5226687987405],[-87.5158446805042,41.5226707984819],[-87.5160106811076,41.5226617979313],[-87.5179596814905,41.5226617981679],[-87.5180806824027,41.5226617980002],[-87.518141681843,41.5226617979358],[-87.5186936817432,41.522660798518],[-87.5201906826144,41.5226607989728],[-87.5208796830913,41.5226597986687],[-87.5215636827167,41.5226597986804],[-87.5225476835931,41.522659798733],[-87.5235476831693,41.5226587981652],[-87.5253936846759,41.5226577986218],[-87.5255066838089,41.5226577984537],[-87.5255666839217,41.5226587982919],[-87.5255656839585,41.5227327983057],[-87.5255916850952,41.524746798695],[-87.5256126841982,41.5283517990854],[-87.5254426860672,41.5398948016062],[-87.5254236860401,41.5429198014761],[-87.5254156865568,41.5456598016571],[-87.5254166868259,41.5467768022216],[-87.5254186863029,41.5474868021406],[-87.5254096864982,41.5478308030203],[-87.5254486873386,41.5486778022861],[-87.5254126863587,41.5490088019843],[-87.5254126865475,41.5499658025966],[-87.5254126875206,41.5503028025434],[-87.5254086870361,41.5513298022961],[-87.525417686226,41.5538018034165],[-87.5254176863636,41.5539328033073],[-87.5254196866931,41.5540888032574],[-87.5254206867384,41.5541738043472],[-87.5254266872772,41.5562728041615],[-87.5254276879466,41.5564648035561],[-87.5254286877066,41.5567778035216],[-87.5254306876334,41.5573568034023],[-87.5254316881397,41.5574168035611],[-87.525422687344,41.5575508039305],[-87.5253366875271,41.5588568039981],[-87.5253226877441,41.5614208052334],[-87.5253356882468,41.5614208048007],[-87.5253246880931,41.5634738055794],[-87.5253246879826,41.5639448053825],[-87.5253276877841,41.5653358056002],[-87.5253296885952,41.5665438053711],[-87.5253266888128,41.5672348055816],[-87.5253186891472,41.5687558057829],[-87.5253106887306,41.5700328062483],[-87.525309688565,41.5700828060754],[-87.5253096885173,41.5702848060851],[-87.5253086889449,41.5711138066001],[-87.5252876892899,41.5738458073052],[-87.5252916894334,41.5748958074142],[-87.5252866894453,41.5766288076657],[-87.5252896894213,41.5769848072344],[-87.5252876897549,41.5770428074368],[-87.5252866887126,41.5771148071741],[-87.5252936891481,41.5775668080206],[-87.5252936891885,41.5782958080442],[-87.5252956893368,41.5787538076351],[-87.525296690191,41.5790688079638],[-87.5253026887602,41.5793978079642],[-87.5253046890543,41.5802098088877],[-87.5253066896288,41.5808338086022],[-87.5253076894839,41.5812648075263],[-87.5253076900965,41.5813218083739],[-87.5253076892318,41.5813688082099],[-87.5253076898956,41.5815388077826],[-87.5253076891756,41.5816478080861],[-87.5253066897571,41.5817928077329],[-87.5253106895614,41.582204808517],[-87.5253086898542,41.5823778079526],[-87.5253076900027,41.5826428082809],[-87.5253056899355,41.5828968090514],[-87.5253036893263,41.5830798086148],[-87.525320689196,41.5835348084459],[-87.5253896905566,41.5853618084953],[-87.5253926898989,41.5856498090541],[-87.5253986904516,41.5857848096242],[-87.5254366902027,41.5865648091213],[-87.5254386897575,41.5867468093317],[-87.525437689411,41.5870028087429],[-87.5254356914233,41.5872448095172],[-87.5254316903939,41.5874498088113],[-87.5254346911374,41.5875948093603],[-87.525433690683,41.5878668096585],[-87.5254316906661,41.5881458100811],[-87.5254286902717,41.5883598101115],[-87.5254016908756,41.5887688094508],[-87.5253986902145,41.5888238095846],[-87.5253686909527,41.5892758101193],[-87.5254196905921,41.5895128094426],[-87.5253626905777,41.5901808096528],[-87.5254016910552,41.591083810017],[-87.5254016906053,41.5912528099669],[-87.5253986899804,41.591566810183],[-87.5253956911355,41.5918058099196],[-87.5253926907664,41.5919938097012],[-87.5253886906113,41.5929058108878],[-87.5253886915159,41.5930468100824],[-87.5253886907055,41.5930978109581],[-87.5253886909898,41.5932048104846],[-87.5253876905228,41.5935388100011],[-87.5252626909682,41.5937098097331],[-87.5252276903315,41.5943428102882],[-87.525201691098,41.5955928109193],[-87.5251996919449,41.5969938113878],[-87.5251986915789,41.5976938109293],[-87.5252186917037,41.5992648108356],[-87.5252476913492,41.6003578116148],[-87.5252376919079,41.6007598115014],[-87.5252576916353,41.601063811939],[-87.5252496917548,41.6013678122874],[-87.5252346920969,41.6020208120833],[-87.5252306916977,41.6033218118929],[-87.5252296915794,41.6041968129208],[-87.5252276922511,41.6050758122004],[-87.5252226914785,41.6059608120573],[-87.5252206921218,41.6068348123987],[-87.5252156929777,41.6077078122349],[-87.5252116925691,41.6085918132789],[-87.5252036921268,41.6094698132894],[-87.5252016925415,41.6098998134973],[-87.5251936927162,41.610339813563],[-87.5219936921541,41.6103148138468],[-87.5219996917412,41.6111958143972],[-87.5220056915981,41.6120698137683],[-87.5192386912287,41.6120718144725],[-87.5192406913088,41.6122458136975],[-87.5192466911167,41.6127718142674],[-87.5192486911717,41.6129468146527],[-87.5192506917527,41.6131258143401],[-87.5192566911099,41.6136638136889],[-87.5192586904721,41.6138438145547],[-87.5192606909116,41.6140528144815],[-87.5192666910943,41.6146808145173],[-87.5192696920887,41.6148908138715],[-87.5191746914491,41.6148898144233],[-87.5188926907282,41.61488981399],[-87.5187986917072,41.6148898145724],[-87.5187366911369,41.6148898143976],[-87.5185506918429,41.6148898145337],[-87.5184886912677,41.6148898142251],[-87.5175376909385,41.6148888138553],[-87.517537690881,41.615808814627],[-87.517537691911,41.6168488153615],[-87.5175376914383,41.6169558145598],[-87.5175386915286,41.6174148155341],[-87.518169691312,41.6178428154752],[-87.5187516912701,41.618384814889],[-87.5190636916387,41.6187658143683],[-87.5193636913522,41.6192278155714],[-87.5196166913739,41.6196478148029],[-87.5198136923972,41.6201268154076],[-87.5199406923337,41.620604815224],[-87.5198506925142,41.620581815147],[-87.5197686919481,41.6205528157933],[-87.519726692124,41.6205388156942],[-87.5196036919071,41.6204848149308],[-87.519269692002,41.6203598152002],[-87.5191026918436,41.6202978151098],[-87.5185986916707,41.6201098161363],[-87.5170886919619,41.6195458150323],[-87.5165856907597,41.6193588156525],[-87.5160126907841,41.6191448156796],[-87.5144956901818,41.6185788148696],[-87.5142946907579,41.6185008151428],[-87.5137246904724,41.618279814704],[-87.5127456889594,41.6178998149771],[-87.5098106884349,41.6167648155654],[-87.5089486884818,41.6164318149691]]]},"properties":{"OBJECTID":178,"county_1":"Lake","id39_council":"089-District 1","councildistrictid":"089-District 1","featureid":"089-District 1","CountyCouncil":"County District 1","Full_CountyCouncil_Name":"Lake County District 1","County":"Lake","Shape__Area":89844144.30078125,"Shape__Length":49549.511499872009}},{"type":"Feature","id":179,"geometry":{"type":"Polygon","coordinates":[[[-87.4192876660697,41.6529138256724],[-87.4116136632591,41.6487628255407],[-87.4046936616743,41.6501968270927],[-87.4045896612256,41.6502188270181],[-87.3997036597436,41.6485698263221],[-87.400935660052,41.6471748263745],[-87.4046336605161,41.6429928253087],[-87.4058666609456,41.6415988256672],[-87.4061606612726,41.6412568251261],[-87.4071156611088,41.6409418250182],[-87.4080586606248,41.6400328250468],[-87.4080916614513,41.6399998252481],[-87.4095756612832,41.6385708244785],[-87.4097086612778,41.6384598250891],[-87.4100516616121,41.6381728242228],[-87.4107336613717,41.6376028245429],[-87.4114686616885,41.6369888239011],[-87.4117706615504,41.6366798237602],[-87.4116066607915,41.6363908240964],[-87.4116156621648,41.6361978246894],[-87.4120246612047,41.6359828246565],[-87.4144486621601,41.6354018237027],[-87.4162026634242,41.6349818238354],[-87.4169306623265,41.6348118239784],[-87.4171856629758,41.6347508238666],[-87.4144386622635,41.6334868237514],[-87.4134366626503,41.6330788237203],[-87.412703661395,41.6327998233704],[-87.4105816610375,41.6319948230258],[-87.4087136609238,41.6312088225695],[-87.4064936602308,41.6308838236232],[-87.4059256592471,41.6308688233842],[-87.4055536590596,41.6308228234141],[-87.4035216584031,41.6305718232561],[-87.4011266579384,41.6297848227043],[-87.3986366574428,41.628984823319],[-87.3953996566947,41.6279448240001],[-87.3948096560793,41.6277058233144],[-87.3944826565561,41.6275198234569],[-87.3942676564464,41.6273858231049],[-87.3941246563053,41.6273228236357],[-87.3940586554416,41.6273218232437],[-87.3940626552578,41.6275578240554],[-87.3940666553424,41.6277428238322],[-87.394055655892,41.6282678235667],[-87.3940516556795,41.6285048233292],[-87.3936006564347,41.6283518241365],[-87.3926556556359,41.6280308236317],[-87.3922516556436,41.6278848237896],[-87.3918046552138,41.6277238235969],[-87.389570654412,41.626916823072],[-87.3892286536567,41.6267938241354],[-87.3888966542975,41.6266578236421],[-87.3870666531883,41.6260648231981],[-87.3866006534371,41.6258938239617],[-87.386434653366,41.6258428239683],[-87.3862626533271,41.6258028239174],[-87.3860886526982,41.625773823369],[-87.3845216521463,41.6255598240348],[-87.3830416524345,41.6252258237645],[-87.3826926521658,41.6251518238552],[-87.3803696509703,41.6246628233377],[-87.378744651743,41.6243208240526],[-87.3778646509336,41.6241358233074],[-87.3777526496658,41.6241148237682],[-87.3775726506624,41.6240898232998],[-87.3773896499991,41.6240748232768],[-87.3772056503399,41.6240718232618],[-87.3770226506008,41.6240788235405],[-87.3768406495551,41.6240978238089],[-87.3766606501794,41.6241268238814],[-87.3764856498674,41.624166824477],[-87.3758626492482,41.62436782343],[-87.3756676491158,41.6244518240124],[-87.3750176497246,41.6239728233275],[-87.3744686497178,41.6235688233453],[-87.3741566499515,41.6234548240182],[-87.3725966493821,41.622889824135],[-87.3719656483264,41.6226598240587],[-87.3700176475042,41.6219538238183],[-87.3696006480229,41.6218088233055],[-87.3666096467697,41.6207688238219],[-87.3653286459943,41.6203238238384],[-87.3605906448403,41.6186278237345],[-87.3602436451033,41.6185038239191],[-87.357591643384,41.6175578230015],[-87.3565016431557,41.6171688234157],[-87.3556076432789,41.6168498237878],[-87.3536196432625,41.6161638236101],[-87.3535486425376,41.6161418239859],[-87.3533396425069,41.6160668238342],[-87.3532266418715,41.6160178230359],[-87.3531726426832,41.6159948236907],[-87.3529806423587,41.6158978245564],[-87.3528006420654,41.6157888238425],[-87.352632642393,41.6156698230751],[-87.3525026420107,41.6155628236617],[-87.3523376420643,41.6154018239203],[-87.3522946425646,41.6153498236969],[-87.352193642392,41.6152308236786],[-87.3520726417159,41.615049823416],[-87.3519876421842,41.6148878237101],[-87.3519196414822,41.6147218238167],[-87.3518826422587,41.6144668234223],[-87.3517146427247,41.613281823974],[-87.3516816409493,41.612650823323],[-87.3516776407685,41.612525823225],[-87.3516486417818,41.6115458237426],[-87.3516476414879,41.611498822974],[-87.3516476418415,41.6114648230104],[-87.3516336423687,41.6106538226629],[-87.3516556417497,41.6105658230346],[-87.35167764154,41.6105128227488],[-87.3516916417692,41.6104798221973],[-87.3517336415159,41.6104098226602],[-87.3517416417349,41.6103978234297],[-87.3518776416531,41.6102088228278],[-87.3519376413896,41.6101208232652],[-87.3520046414979,41.6100248231375],[-87.3520706408942,41.6099288232392],[-87.3521366417521,41.6098348220608],[-87.3522576415255,41.6096348225984],[-87.3523186422461,41.6095358229659],[-87.3516876413518,41.6093098220836],[-87.3497976411325,41.6086328223301],[-87.3493346407334,41.6084678228087],[-87.3492516411752,41.608437822737],[-87.3491676399992,41.6084078228618],[-87.3490556407824,41.6084838233076],[-87.3487336401608,41.6087558228064],[-87.3486276402872,41.6088468222255],[-87.3484326406082,41.6090128230649],[-87.3480216408491,41.6093328222606],[-87.3474326401909,41.6095028226074],[-87.3465096400491,41.6097058228201],[-87.3463796397962,41.6097968225186],[-87.3463376398551,41.6097368228587],[-87.3445606395603,41.6099708223298],[-87.3431786382352,41.6100158233181],[-87.342907639069,41.6100148232127],[-87.3425136382203,41.6100008232598],[-87.3415916383237,41.6099688235231],[-87.3407536386477,41.6097098233287],[-87.3405816379855,41.6096198227669],[-87.3402296385824,41.6094358236149],[-87.3400306380137,41.6092588235955],[-87.3395326378869,41.60881682355],[-87.3390836370328,41.6084108228628],[-87.3386596369442,41.6080418230978],[-87.3383476377479,41.6078768233325],[-87.3378926364624,41.6077588234433],[-87.3378736366691,41.6077568227225],[-87.3373306364298,41.6077138227815],[-87.3372076366639,41.6077108225534],[-87.3372066368758,41.6076648236734],[-87.3372066374241,41.6076108223265],[-87.3372056378205,41.6075278234588],[-87.3372056378969,41.6074828229411],[-87.3372016370459,41.6072058228244],[-87.3371916368895,41.6064138226807],[-87.3372006364945,41.6063728230683],[-87.3371996373236,41.6060998227573],[-87.3372066373245,41.6055048219652],[-87.3372036374599,41.6052398224195],[-87.3372026368238,41.605101822783],[-87.3372016366177,41.6050668225997],[-87.3372026375446,41.6049928233593],[-87.337200636955,41.6048458221178],[-87.337198636587,41.6047758226478],[-87.3371976365281,41.6046938222402],[-87.337197636663,41.6045838225258],[-87.337189636664,41.6038768223138],[-87.3371856364777,41.6035148232976],[-87.3371736365011,41.602430822196],[-87.3371706365513,41.6020698223551],[-87.3371666362236,41.601698822403],[-87.3371656371302,41.6015568223953],[-87.3371546365541,41.6005888223714],[-87.3371516358654,41.6002198218924],[-87.3371476361468,41.5998548217764],[-87.3371356364676,41.5987598213063],[-87.3371326357568,41.5983958212835],[-87.3371286360395,41.5980378213106],[-87.337126636804,41.5978538216424],[-87.3371236362137,41.596963821283],[-87.3371236357804,41.5966058216271],[-87.3371226365744,41.5963138216164],[-87.337120635382,41.59543882172],[-87.3371206360848,41.5951478218219],[-87.3371196355999,41.5951018210573],[-87.3371196362984,41.5949638210482],[-87.3371196355222,41.5949188204524],[-87.33711863573,41.5947128213151],[-87.3371176358048,41.5940948209143],[-87.3371176357788,41.593889821019],[-87.3371106347789,41.5937958213219],[-87.3370926350818,41.5935138199882],[-87.3370866356416,41.5934198201336],[-87.3370826361421,41.5933128207052],[-87.3370736355059,41.5929908208634],[-87.337070635722,41.5928848206977],[-87.3370716356073,41.5926728203794],[-87.3370686362658,41.5920288195775],[-87.3370686360008,41.5918148196717],[-87.3370646354412,41.5916398200373],[-87.3370536354009,41.5911188203291],[-87.3370506357986,41.5909448199276],[-87.3370466354101,41.5907658199887],[-87.3370356347064,41.5902308205952],[-87.3370326352658,41.5900528198887],[-87.337003635249,41.5886588199827],[-87.3370036352655,41.588247819531],[-87.3369896354543,41.5880198198296],[-87.3369916353139,41.5879748198224],[-87.3369726355519,41.5869508192508],[-87.3369656351628,41.5859348193674],[-87.3369656346935,41.5857248195347],[-87.3369656346028,41.5850968196656],[-87.3369656348025,41.58488781919],[-87.3369606347964,41.5847158185582],[-87.336947634742,41.5841988187879],[-87.3369436344447,41.5840278192105],[-87.3369406340201,41.5836648186102],[-87.336932634677,41.5825798186111],[-87.3369306341661,41.5822178189981],[-87.3369266346225,41.5820758189253],[-87.3369156338656,41.581647818901],[-87.336911634431,41.5815058188129],[-87.3369086351032,41.5814568190913],[-87.33690163427,41.5813108182104],[-87.3368996344434,41.5812628186652],[-87.3368956341919,41.581076818168],[-87.3368836342808,41.5805238181093],[-87.3368806336785,41.580338818666],[-87.3368766343263,41.5799858182161],[-87.3368666346457,41.5789248177281],[-87.3368636339478,41.5785728173887],[-87.3368546338359,41.5782138183938],[-87.3368306338353,41.57713981819],[-87.3368226337268,41.5767818174806],[-87.3368186332014,41.5764268180506],[-87.3368066340265,41.5753608175054],[-87.3368036332876,41.5750068172694],[-87.3367976333508,41.5746498173821],[-87.3367836329882,41.5735788180094],[-87.3367786334832,41.5732218170087],[-87.3367716331719,41.5728548177757],[-87.3367536333934,41.5717588174425],[-87.3367476329509,41.571392817397],[-87.3367506329046,41.571253817107],[-87.3367606333069,41.5708338160951],[-87.3367616327739,41.5707838173123],[-87.3367646325788,41.5706958168772],[-87.3367526335355,41.5702058175039],[-87.3367376331735,41.5696018160565],[-87.3367246334679,41.569051816867],[-87.3367176337965,41.5687388163493],[-87.3367056329285,41.568249816239],[-87.3367036326764,41.5678828169941],[-87.3367026332171,41.5676428167242],[-87.3366816324723,41.5673548163073],[-87.3366816328465,41.567194816333],[-87.3366776326798,41.5666888163439],[-87.3366706326239,41.5658808157424],[-87.3366886322254,41.5650208153823],[-87.3366926329568,41.5646848163497],[-87.3367016322214,41.5640238160224],[-87.336693633143,41.5637978152313],[-87.3366696328014,41.5631238158453],[-87.336661632239,41.562898815339],[-87.3366546324659,41.5625098152074],[-87.3366326326055,41.5613398147957],[-87.3366266320718,41.5609508153544],[-87.3366076322883,41.5607028155095],[-87.3366036314099,41.5604568144509],[-87.336577631705,41.559007815234],[-87.3365696312789,41.5585248138448],[-87.3366846314792,41.5585248143196],[-87.3370266328111,41.5585268142145],[-87.3371426321214,41.5585278144186],[-87.3378946321195,41.5585298144425],[-87.3382056322425,41.5585318140369],[-87.3395526329289,41.5585208147662],[-87.3396656326953,41.558507814068],[-87.3397756335794,41.5584838148981],[-87.3398816327503,41.5584498141536],[-87.3399806322596,41.5584058149678],[-87.3401086333168,41.5583238143209],[-87.3402216327887,41.5582238140559],[-87.3402796329514,41.5581488142673],[-87.3403236331222,41.558069814498],[-87.3403546330632,41.5579868146136],[-87.3403716331413,41.5579018135706],[-87.3403736332079,41.5578158145311],[-87.3403626336532,41.5577398141731],[-87.340324633796,41.5576758143477],[-87.3402366328207,41.5574888150476],[-87.3401626330149,41.5572998138324],[-87.3401026330833,41.5571068137509],[-87.3400566323797,41.5569128139321],[-87.3400256328036,41.5567158136161],[-87.3400086328395,41.5565188138864],[-87.340005632923,41.5563208144439],[-87.3400186323547,41.556123814698],[-87.3400456333766,41.5559268146133],[-87.3401016330584,41.5556718143824],[-87.3401126335964,41.5556248139315],[-87.3401486326761,41.555412814282],[-87.3401696327485,41.5552008141767],[-87.3401756327101,41.5549868139399],[-87.3401716327296,41.5549448136598],[-87.3401686335471,41.5545808139078],[-87.3401596330618,41.5534908142661],[-87.3401576321424,41.5531278137023],[-87.3401546322602,41.5527638138538],[-87.3401506326489,41.5522678132178],[-87.3401396324877,41.5516728135895],[-87.3401336323886,41.5513098126118],[-87.3401276325173,41.5509488131104],[-87.3401096324796,41.5498658135836],[-87.3401046327044,41.549504812944],[-87.340099632329,41.5491388125891],[-87.3400936315419,41.548665812596],[-87.3400776314662,41.5480428130447],[-87.3400686328003,41.5476778125794],[-87.3403126317443,41.5476798131552],[-87.3410446321815,41.5476858126208],[-87.3412886317911,41.547688812315],[-87.3415306328549,41.5476908123955],[-87.3422586323173,41.5476978131956],[-87.3425016324539,41.547700813176],[-87.3427436335621,41.5477028125011],[-87.3434696321993,41.5477088119874],[-87.3437116333697,41.5477108119732],[-87.3439546341203,41.5477128121716],[-87.3446836328359,41.5477188124349],[-87.3449266336019,41.5477208114771],[-87.3451676333868,41.5477218119093],[-87.3458936335723,41.5477278122594],[-87.3461356336614,41.5477298125565],[-87.3463786337761,41.5477308118375],[-87.3471076344853,41.5477358125943],[-87.3473506341853,41.5477378128268],[-87.3473446346902,41.5475608122304],[-87.3473346335414,41.547191812419],[-87.3473326335208,41.5471238122137],[-87.3473376335525,41.5470308119997],[-87.3473476349608,41.5468548118529],[-87.3473466349218,41.5468118117442],[-87.34734663459,41.5467348120075],[-87.3473466344999,41.5466858125821],[-87.3473466347526,41.546643812555],[-87.3473446344118,41.5464988117038],[-87.3473406343928,41.5460678116917],[-87.3473396344223,41.5459238118091],[-87.3470926347314,41.5459198117692],[-87.346773633755,41.5459158118566],[-87.3463536329898,41.5459018125889],[-87.3461616334945,41.5458968115602],[-87.3461076329503,41.5458978120315],[-87.3461036327727,41.545685812081],[-87.3461016329598,41.5455358123633],[-87.3460866337135,41.5444518114129],[-87.34608263277,41.5440908115692],[-87.3460786336797,41.5438798109408],[-87.3460696335653,41.5432478114486],[-87.3460666336932,41.5430378118018],[-87.3463146331944,41.542960811994],[-87.3470586329164,41.54272981115],[-87.3473066336447,41.5426528109893],[-87.3475416344039,41.542596811316],[-87.3482466330102,41.5424288112734],[-87.348482633568,41.5423738115636],[-87.3484826340985,41.5423458112228],[-87.3484826340552,41.5422628105251],[-87.3484826341713,41.5422358113916],[-87.3485546345523,41.5422368117938],[-87.34877063476,41.542241810645],[-87.3488426347123,41.5422438111743],[-87.3490026342399,41.5422078108133],[-87.3494826337589,41.5421008113853],[-87.3496436340196,41.5420658110925],[-87.3499036336521,41.5420028112746],[-87.35068263558,41.5418148105989],[-87.3509436346571,41.541752811201],[-87.3511286354874,41.5416958107273],[-87.3516856346041,41.5415258109736],[-87.3518716356177,41.5414698111548],[-87.3526386344477,41.5412188110626],[-87.3549396349603,41.5404688098028],[-87.3557076355399,41.5402188099821],[-87.3557036356505,41.5399158107956],[-87.3556936357993,41.539008810479],[-87.3556906364989,41.5387068103396],[-87.3556886354042,41.5383448098446],[-87.355683635692,41.5372588096961],[-87.3556826354141,41.537006809594],[-87.3556766352321,41.5368978090368],[-87.3559136352153,41.5368998092404],[-87.3566266366465,41.5369088099139],[-87.3568646369545,41.5369118099591],[-87.3571126360397,41.5369148101502],[-87.3578566369667,41.5369238092577],[-87.3581046358257,41.5369278094126],[-87.3583416368751,41.5369308102948],[-87.3590556358269,41.5369398091239],[-87.3592946369205,41.5369428092098],[-87.3595396364565,41.5369428096033],[-87.3602746374028,41.5369428094151],[-87.3605206372456,41.5369438094885],[-87.3607576376347,41.5369498099013],[-87.3614716372022,41.5369678099215],[-87.3617096368986,41.5369748101458],[-87.3619516375632,41.5369778090974],[-87.362680637965,41.53698680998],[-87.3629236378902,41.5369908095504],[-87.3631496375482,41.5369938097696],[-87.3638276375979,41.5370038098453],[-87.3640546377145,41.5370078100225],[-87.3643106385451,41.5370108097858],[-87.3650786381809,41.5370228092991],[-87.3653356383182,41.5370268094229],[-87.3655806387098,41.5370298095277],[-87.3663176384279,41.5370408092746],[-87.3665636381195,41.5370448090165],[-87.36679663866,41.5370478092882],[-87.3674976389897,41.5370578086113],[-87.36773163887,41.5370618096096],[-87.3677946392672,41.5370618092934],[-87.36798363883,41.5370648090642],[-87.368047639554,41.5370668097138],[-87.3682346392932,41.5370688095546],[-87.368795639354,41.5370778090408],[-87.3689836396141,41.5370808093563],[-87.3692256397243,41.5370838091972],[-87.3699546395653,41.5370928089402],[-87.3701976402457,41.5370968093167],[-87.3704386399513,41.5370988085199],[-87.371164639502,41.5371078090329],[-87.3714066398015,41.5371108096781],[-87.3716496395548,41.5371128081959],[-87.3723806400608,41.5371208093895],[-87.3726246404224,41.5371238093067],[-87.3728566397052,41.5371258091415],[-87.3735546410706,41.5371338082022],[-87.3737876409588,41.537136808708],[-87.3740376414751,41.5371388089638],[-87.3747876405491,41.5371478092056],[-87.3750376410802,41.537150809386],[-87.3750326418129,41.5375618081654],[-87.3750226410381,41.5386238093058],[-87.3750226412878,41.538797809316],[-87.3750236410885,41.539210809479],[-87.3750356421673,41.5392228094149],[-87.3750716418369,41.539258809268],[-87.3750846411789,41.5392708096702],[-87.3806146431153,41.5389258085248],[-87.3847366445612,41.5386878092914],[-87.3847246443025,41.5375158084731],[-87.3847166435456,41.5371348084113],[-87.3848226444118,41.5371348080049],[-87.3847996436172,41.5353278077832],[-87.3847876436275,41.5343538081774],[-87.3847646440018,41.5334638080599],[-87.384757643507,41.5332488084691],[-87.3847366439154,41.5326068078209],[-87.3847326429367,41.5324488075175],[-87.3847276439254,41.5323928068665],[-87.3846756436769,41.5323528075131],[-87.38458464302,41.5322968071714],[-87.3844846434714,41.5322488076671],[-87.3843786444373,41.5322118073819],[-87.3842656427817,41.5321838071799],[-87.3842086434416,41.5321748078845],[-87.3841506436688,41.5321668076002],[-87.3840326428954,41.5321608074315],[-87.3839146431869,41.5321658077319],[-87.3837986430989,41.5321818074631],[-87.3832666433911,41.5322968067746],[-87.3825396425545,41.5324908072466],[-87.3819896427297,41.5326388082227],[-87.3812716424572,41.5328308080576],[-87.3810966430177,41.5328748083269],[-87.3803656423524,41.533062807902],[-87.380193642446,41.5330848076924],[-87.3800196422203,41.5330968079182],[-87.3786416418521,41.5330988074692],[-87.3783496416332,41.5330998077337],[-87.3774266409157,41.5331058083892],[-87.377422641136,41.5329078083185],[-87.3774136412018,41.5323158072553],[-87.3774106421234,41.5321188078755],[-87.3774046410353,41.5316398078512],[-87.3773996412726,41.5310758077995],[-87.3774036413514,41.5302048081468],[-87.3774046409203,41.530011808029],[-87.3773976414745,41.5299638076758],[-87.377377641695,41.5299188071913],[-87.3773436411329,41.5298778073505],[-87.3772986412175,41.5298438076042],[-87.377227640715,41.5298138078427],[-87.3771836411096,41.5298028073044],[-87.3771246413773,41.5297988069361],[-87.3767876413604,41.529800806684],[-87.3754666408347,41.5298118077658],[-87.3752206403727,41.5298138080847],[-87.3751576400052,41.5298098076358],[-87.3750906407813,41.5297908080291],[-87.3750366411101,41.5297618075802],[-87.3749976404838,41.5297298075195],[-87.3749726405401,41.5297008083004],[-87.374947640471,41.5296478072401],[-87.374942640787,41.5296148076484],[-87.3749416411434,41.5295968080683],[-87.3749416409631,41.5295478067951],[-87.3749366400732,41.5290218070381],[-87.3749216410039,41.527446807452],[-87.3749166409474,41.5269218069064],[-87.374911639835,41.5266738071928],[-87.3748986401372,41.5259298070325],[-87.3748946396648,41.525682807119],[-87.3748876399382,41.5253718071991],[-87.3748816404519,41.5250908068753],[-87.3748756402425,41.5244388059849],[-87.3748736396584,41.5242178066721],[-87.3748726400883,41.5241288063036],[-87.3748706399012,41.5238048064213],[-87.3748666397509,41.5230138056342],[-87.3748606405521,41.522858806429],[-87.3748606405257,41.5228358066694],[-87.3748686394666,41.522513806423],[-87.3754746401657,41.5225198066004],[-87.3772926403524,41.5225408068947],[-87.3778986402117,41.5225478063043],[-87.3779936407636,41.5225488061587],[-87.3782786400497,41.5225518061863],[-87.3783736418003,41.5225528057086],[-87.378423641219,41.5225528059048],[-87.3785766405849,41.5225538060973],[-87.3786276415728,41.5225548059999],[-87.3787346406158,41.5225548063505],[-87.3790576420783,41.5225568063684],[-87.3791656414932,41.5225578061264],[-87.3801526406363,41.5225618065427],[-87.3811246415951,41.5225698054547],[-87.3815366416229,41.5225738062659],[-87.3833106415505,41.5225818063449],[-87.3846766424669,41.5225928062011],[-87.3854476430388,41.5225948060802],[-87.3856166428454,41.5225988062013],[-87.3870046432614,41.5226038050889],[-87.388460643063,41.522610805801],[-87.3889646430621,41.5226148058245],[-87.3890536438196,41.5226148059764],[-87.3893236441187,41.5226178061213],[-87.3894136442112,41.5226188057286],[-87.3899826439777,41.5226198059919],[-87.3916896450377,41.5226258051575],[-87.39225864503,41.5226278052509],[-87.3923036449896,41.5226278051147],[-87.3924406444264,41.5226278051982],[-87.3924866449919,41.5226288055785],[-87.3935316454221,41.5226288050759],[-87.3939456448061,41.5226288048765],[-87.3948896459409,41.5226288048417],[-87.3973246467592,41.5226298054708],[-87.4020996476255,41.5226468047316],[-87.4021376477441,41.5226478049627],[-87.4045036493354,41.5226468047861],[-87.4062306489341,41.5226478045099],[-87.4114116505018,41.5226508045371],[-87.4131396510996,41.5226518040593],[-87.4133376514654,41.5226518042473],[-87.4136596508962,41.5226558047338],[-87.415221652111,41.5226798045062],[-87.4157426518221,41.5226888036529],[-87.4157676515348,41.5226888041754],[-87.4159616522316,41.5226918039666],[-87.4166186517288,41.5227038042294],[-87.4168376516026,41.5227078040814],[-87.4170496519075,41.5227108044398],[-87.4176856528955,41.522721803766],[-87.417898653052,41.5227258038359],[-87.4181366529563,41.5227298044175],[-87.4184006523631,41.522734803928],[-87.4188506526708,41.5227378047046],[-87.4190896535663,41.5227408039626],[-87.4193466533607,41.5227428035484],[-87.4201206527636,41.5227488035218],[-87.4203786536465,41.5227518038378],[-87.4206256539419,41.522752804231],[-87.4213686532889,41.5227578038353],[-87.4216166534262,41.5227598033441],[-87.4218516540669,41.5227608032956],[-87.4225596542236,41.5227648033943],[-87.4227956547499,41.5227668035503],[-87.4229256540092,41.522766803977],[-87.4233176545648,41.5227698034841],[-87.4234486536907,41.5227708036475],[-87.4235636533557,41.5227708038587],[-87.4239116536486,41.5227728035459],[-87.4240276543885,41.5227738035976],[-87.4242696541069,41.5227748041639],[-87.4249956551285,41.522778803075],[-87.4252376543946,41.5227808037092],[-87.4252666543871,41.5227808031013],[-87.4253556539588,41.522780803059],[-87.4253856550826,41.5227818036128],[-87.4255966552645,41.5227828037969],[-87.4262306549919,41.5227858038388],[-87.4264426550969,41.5227878036715],[-87.4266116552426,41.5227888037967],[-87.4276556557949,41.5227938041133],[-87.4277846558657,41.5227938035417],[-87.4288546557997,41.5227978031622],[-87.4296606561941,41.5228008029841],[-87.429756655976,41.5228008029322],[-87.430044656137,41.5228018034823],[-87.4301406555207,41.5228028034148],[-87.4302416559494,41.5228028027853],[-87.4305456560816,41.5228038033457],[-87.4306476565143,41.5228048035227],[-87.4326846576323,41.5228138039384],[-87.4336976574975,41.5228198026636],[-87.43490965811,41.5228308036974],[-87.4351516579994,41.5228318029454],[-87.4358786578225,41.5228358032466],[-87.4361216577969,41.5228378024668],[-87.4363676580217,41.5228388024112],[-87.437106658818,41.5228428028885],[-87.4373536579471,41.5228448027445],[-87.4374236588629,41.5228448032437],[-87.4376346580563,41.5228458029404],[-87.4377056578427,41.5228468025858],[-87.4377576580416,41.5228468028603],[-87.4379136574114,41.5228468026609],[-87.4379666589061,41.5228478030193],[-87.4383146585407,41.5228498032015],[-87.4393596590911,41.5228558035871],[-87.439708659107,41.5228578021287],[-87.4397496588165,41.5228578027819],[-87.4398726590904,41.5228578028351],[-87.4399146589044,41.5228588027087],[-87.4401876596592,41.5228598020916],[-87.4410106594504,41.5228648027768],[-87.4412846591845,41.5228668024407],[-87.4415296591637,41.5228678031687],[-87.4422666597985,41.5228708028308],[-87.4425126601524,41.5228718031192],[-87.4427036601785,41.5228738028947],[-87.443276660124,41.5228808024168],[-87.4434686603902,41.5228838028687],[-87.4451276603574,41.5229038026065],[-87.4470286611509,41.5229268027102],[-87.4501046620451,41.522919802479],[-87.451764662476,41.522916801939],[-87.4519716628993,41.5229168019778],[-87.4519956622554,41.5229168020472],[-87.452690663204,41.5229228017885],[-87.45292266328,41.5229248021952],[-87.4546796632554,41.5229388015949],[-87.4599536641357,41.5229818018137],[-87.4617116656227,41.5229968016749],[-87.4614786648049,41.523894801192],[-87.461479665462,41.524104801096],[-87.4615076662817,41.5275178017949],[-87.4615176661916,41.5286558027169],[-87.4615176663857,41.5287378026873],[-87.4615196656066,41.5289848022975],[-87.4615206663993,41.5290678031448],[-87.4615256661066,41.5297798026024],[-87.4615436667534,41.5319158031505],[-87.4615496662801,41.532628803178],[-87.4615546662159,41.5333088035804],[-87.4615716667746,41.5353478034262],[-87.4615776664304,41.5360288035269],[-87.461579666594,41.536320803503],[-87.4615866669861,41.5371978042396],[-87.4615896669064,41.5374908041528],[-87.461592666365,41.5378528045855],[-87.4616016668332,41.5389418048088],[-87.4616046667924,41.5393048045443],[-87.4616076671487,41.5396708042354],[-87.461616666594,41.5407698044009],[-87.4616196674844,41.5411368042925],[-87.4616346669014,41.5429648050522],[-87.4616496677646,41.5447688054142],[-87.4616496674321,41.5448248056542],[-87.4616496668598,41.5457308059835],[-87.4616506675445,41.5465788059507],[-87.4616506680274,41.5467598059089],[-87.4616506674078,41.5473048063711],[-87.4616506680478,41.547486805699],[-87.4616506669935,41.5475468052981],[-87.4616506671347,41.547594805862],[-87.4616506680026,41.5479188053835],[-87.461651668001,41.5480278064099],[-87.4616516681959,41.5480998058998],[-87.4616516677605,41.5483168064745],[-87.4616516680778,41.5483898062524],[-87.4616516681445,41.5485068063207],[-87.461651668278,41.548856806221],[-87.4616516672629,41.5489748056903],[-87.4616516674376,41.5489878067946],[-87.461651668147,41.5490298055812],[-87.4616516672106,41.5490438060953],[-87.4616516680136,41.5492718062388],[-87.4616516673092,41.5499588066466],[-87.4616526679235,41.5501878067443],[-87.4616526677939,41.5503708071946],[-87.4616526678647,41.5509238060758],[-87.461652667921,41.5511078067946],[-87.4616526676579,41.5512888066354],[-87.4616526681986,41.5518318070063],[-87.4616536676206,41.5520128065225],[-87.4616536686946,41.5521598071783],[-87.4616536684316,41.5526018067708],[-87.4616536684432,41.5527498068215],[-87.4616536678916,41.5529378068654],[-87.4616536687485,41.5535018069245],[-87.4616536683629,41.5536908063354],[-87.461653667742,41.5537528064535],[-87.4616536683128,41.5539388076666],[-87.461654668632,41.5540018068506],[-87.4616546686103,41.5540578079046],[-87.4616546686596,41.5542278071443],[-87.4616546687342,41.5542848075865],[-87.4616546679057,41.5543448071179],[-87.4616546678778,41.554524807471],[-87.46165466828,41.5545848078813],[-87.4616546685695,41.554767807298],[-87.4616546689268,41.5550298072664],[-87.461654668399,41.5553168073334],[-87.4616546689012,41.5555008079179],[-87.4616556689309,41.5565438076606],[-87.4616556685831,41.5574528071893],[-87.461655668685,41.5574868080984],[-87.4616566693202,41.5583588080885],[-87.4616566690276,41.5592818078336],[-87.4616566685984,41.5593438078941],[-87.4616576690613,41.5601948078198],[-87.4616576696112,41.5610948086944],[-87.4616576691485,41.5612758082537],[-87.4616576694208,41.5618218077472],[-87.461658668941,41.5620038081677],[-87.4616586697937,41.5621848085808],[-87.4616586688395,41.5627278089437],[-87.4616586698579,41.562909808724],[-87.4616596690922,41.5637878088341],[-87.4616596695181,41.5646388084741],[-87.4616596692526,41.564657808595],[-87.4616596694742,41.5654818092862],[-87.4616596695052,41.5664388097539],[-87.4616366700382,41.5696218096617],[-87.4616406700965,41.5696888098231],[-87.461448670287,41.5696708099042],[-87.4610666690574,41.5695278099295],[-87.4607666695066,41.5693788100718],[-87.4600426693461,41.5692658101344],[-87.459445668619,41.5692788098156],[-87.4589596683336,41.5694868095699],[-87.4581056688805,41.5699768095038],[-87.4579966691657,41.5700198100099],[-87.4576286691871,41.5701648106319],[-87.457229668707,41.5703228105685],[-87.4571736684415,41.5703318103608],[-87.4570456682745,41.5703518102544],[-87.456754668801,41.5703968105073],[-87.4566636682709,41.5704108100509],[-87.4565366689381,41.570431810289],[-87.4564426685822,41.5704458095509],[-87.4561626684304,41.5704898105186],[-87.4561006684767,41.5705008101358],[-87.4560696677018,41.5704998098606],[-87.4560156678662,41.5704988101626],[-87.4558576679914,41.5704958107844],[-87.4558046680675,41.5704958101186],[-87.4556776689687,41.5704938108395],[-87.4554796679879,41.5704908104644],[-87.4552996677713,41.5704878105559],[-87.4551736673862,41.5704858104848],[-87.4530176680471,41.570448810235],[-87.4513026665118,41.5704208102034],[-87.4498496660657,41.5704238097863],[-87.4489066668131,41.5704018103161],[-87.4482626658662,41.5703478102354],[-87.4473476660771,41.5703318104986],[-87.4469856648885,41.5703258104904],[-87.4467296655177,41.5703218106693],[-87.4465546653744,41.5703308104421],[-87.4462476658261,41.5703478103377],[-87.4455376658784,41.5703888107361],[-87.4444016653059,41.5704268108057],[-87.443841664948,41.5704458107938],[-87.443783663973,41.5704478104546],[-87.4433686653936,41.5704028102433],[-87.4424016640207,41.5701268113768],[-87.4422266639612,41.5700308100255],[-87.442114663654,41.5699698115999],[-87.4419856646881,41.5698988106918],[-87.4418576638877,41.5696438109109],[-87.441940664212,41.569349810243],[-87.4421706644826,41.5689308111244],[-87.4426486648226,41.5680058105447],[-87.4427526643872,41.5675488109655],[-87.4426276646537,41.5673028096092],[-87.442579663454,41.5672078104684],[-87.4422236637979,41.5670018109444],[-87.4418036638057,41.5669328103909],[-87.4410546635115,41.5671768105389],[-87.4404006630724,41.5674678104084],[-87.4399476637061,41.5675848109688],[-87.4398096634166,41.5676218104312],[-87.4388466639531,41.5677748103857],[-87.4379516627304,41.5678148109734],[-87.4374246629311,41.567865811609],[-87.4370926631011,41.5678988112467],[-87.4361346628914,41.5681638107885],[-87.4355776614875,41.5681728113737],[-87.4352186618077,41.5681308111696],[-87.4351006627117,41.5681178113001],[-87.4345256617458,41.5679448109197],[-87.4341616622118,41.567825811412],[-87.4338926618813,41.5677378106718],[-87.4332396616276,41.5672948113074],[-87.4329616603398,41.56701681109],[-87.4328926607637,41.566947811257],[-87.4328786614249,41.5669338106897],[-87.4328246608393,41.5668798107195],[-87.4326386613504,41.5666768108198],[-87.4326126605838,41.5666478110462],[-87.4325456615107,41.5666108112189],[-87.4325446614119,41.5666828106968],[-87.4325436616018,41.567092810734],[-87.4325446614576,41.5674568107135],[-87.4325676616037,41.5678008107909],[-87.4325606609934,41.568155811263],[-87.4325806618376,41.5685038117239],[-87.4325866615115,41.5686208113109],[-87.4325966611145,41.5688658110947],[-87.4326296613476,41.5696048113552],[-87.4326406613164,41.5698498119333],[-87.4326396609471,41.5699268119365],[-87.4326396610069,41.5699878117122],[-87.4326366611508,41.5701178110643],[-87.4326346608843,41.5701768112751],[-87.4326326616962,41.5702038120449],[-87.4326276620823,41.570286811309],[-87.4326256613416,41.5703148114931],[-87.4326216614526,41.5705748118699],[-87.4326076616191,41.5713558124442],[-87.43260466129,41.5716168112184],[-87.4326046622924,41.5716498109111],[-87.4326036614806,41.5717498112957],[-87.4326036618603,41.5717848124801],[-87.4326026612696,41.5719598121923],[-87.4325996613118,41.5724868118543],[-87.4325996619294,41.5726618123717],[-87.4325976610342,41.572765811262],[-87.4325966620029,41.5730808120555],[-87.4325956610584,41.57314881211],[-87.4325966619108,41.5731858120036],[-87.432597661881,41.5732688117922],[-87.4326026624922,41.5735228115804],[-87.4326036621667,41.5736068116599],[-87.432609660913,41.5737328119812],[-87.43262266247,41.5739618121069],[-87.4326356618204,41.5741108114953],[-87.4326466617598,41.5742368123983],[-87.4326496609746,41.5742788127487],[-87.4326576622552,41.57436481207],[-87.4326616617763,41.5744058120658],[-87.4326676617949,41.5744488125195],[-87.4327076618735,41.5747178118924],[-87.4327206619162,41.574807812994],[-87.432719661991,41.5748768124053],[-87.4327606622127,41.5752748122644],[-87.4327836627969,41.5755278124127],[-87.4328086612751,41.5757988122884],[-87.4328756624036,41.5770148121991],[-87.4329376629059,41.5782278130685],[-87.4329366625389,41.5807988132476],[-87.4329316632404,41.5818778137228],[-87.4329306624803,41.5822038136699],[-87.4329236631416,41.583914814133],[-87.4329206639238,41.5843108136128],[-87.4329176638168,41.5851098134654],[-87.4329146635754,41.5861798141014],[-87.4329166631337,41.5862608139822],[-87.4329246633195,41.5865078146288],[-87.4329276627345,41.5865898138349],[-87.4329246630329,41.5868838143063],[-87.4329166638567,41.5877668140668],[-87.4329146632162,41.5880608144371],[-87.4329466634003,41.5904848148432],[-87.4329376639683,41.5914978156105],[-87.4329396635577,41.5921708148816],[-87.4329376645506,41.5923518148951],[-87.4329346637565,41.5925908154867],[-87.4329286632962,41.593311815444],[-87.4329256634137,41.5935518153728],[-87.4329116636209,41.5953438157902],[-87.4328896639002,41.5965818164068],[-87.4328656632984,41.5970508157619],[-87.432825663263,41.5975198160428],[-87.4327466633841,41.5982528160822],[-87.432740663944,41.5983318157018],[-87.4327256650549,41.5985018167608],[-87.4327176643968,41.5986468165496],[-87.4327096639924,41.5988288161445],[-87.4326846646412,41.5995948168132],[-87.4326756645229,41.599910816152],[-87.4326736641371,41.6001448167579],[-87.4326706645518,41.6008038167987],[-87.432669664331,41.6008488162559],[-87.4326686640841,41.601083817052],[-87.432668664327,41.6011248170948],[-87.4326686640483,41.6011408162827],[-87.432668664628,41.6011618168903],[-87.4326676638316,41.6013568170248],[-87.4327056652093,41.6035608175016],[-87.4327046655915,41.6035888174667],[-87.4327066639894,41.6036768173477],[-87.4327076649069,41.6037058174702],[-87.4327006646154,41.6038348169986],[-87.4326846652563,41.6042198173723],[-87.4326786650478,41.6043498180145],[-87.4326696645578,41.6048928172276],[-87.4326446650248,41.6065228174246],[-87.4326366647713,41.6070668175737],[-87.4326326643918,41.6076788179514],[-87.4326286641621,41.6084518174094],[-87.4326626656927,41.6095168185484],[-87.4326826652174,41.6101298184321],[-87.4326826652107,41.610156818029],[-87.4326856659102,41.6102368181424],[-87.4326866661254,41.6102648179602],[-87.4326906653884,41.6103898182605],[-87.4326936657802,41.6104748189007],[-87.43269666532,41.6107828183042],[-87.4326946657672,41.6108398184612],[-87.4326876644587,41.6111258184962],[-87.4326636653532,41.6114678192616],[-87.4326246661902,41.6118098182039],[-87.4325576651525,41.6122188189885],[-87.432487666213,41.6125518189178],[-87.432462665059,41.6126718185643],[-87.4324226653855,41.6128518190345],[-87.4323936663838,41.6129838186766],[-87.4323646652053,41.6131148189582],[-87.4323156661663,41.6133358189583],[-87.4323006656585,41.6133788194618],[-87.4322956653796,41.6134238181574],[-87.4322616650757,41.6135798185916],[-87.432240665019,41.6136748198165],[-87.4322096656786,41.6138248192379],[-87.4321646650225,41.614096819061],[-87.4321336659436,41.6143698192368],[-87.432120665779,41.6145958185424],[-87.4321176654016,41.6149168191009],[-87.4321276655213,41.6153898198233],[-87.4321416648717,41.6159648195844],[-87.4321466650179,41.6162208191485],[-87.432158666177,41.6166968195931],[-87.4321646656857,41.6169918193571],[-87.4321706664659,41.617248819096],[-87.4321716665265,41.6173078195936],[-87.432175666281,41.6174538194303],[-87.432175665809,41.6174858195238],[-87.432176666514,41.6175008192157],[-87.4321786668232,41.6175458192754],[-87.4321786665562,41.6175848195529],[-87.4321986662679,41.618462820155],[-87.4322466665149,41.6205348200871],[-87.4322686668362,41.6215028204342],[-87.4322996659064,41.6228088204211],[-87.4323196668296,41.6236898210943],[-87.4323236665278,41.6240108207869],[-87.4323506667398,41.6260498215213],[-87.4323526670155,41.6262568204903],[-87.4323526677065,41.6262898217041],[-87.4323546672938,41.6273828216166],[-87.4323516675075,41.6276208205877],[-87.4323406665776,41.6285428213881],[-87.4323386670633,41.6286378213046],[-87.4323336672659,41.6288238218751],[-87.4323296674063,41.6290008216432],[-87.4323266668292,41.6290848212242],[-87.4323156677204,41.629569820953],[-87.4323026665956,41.629867822065],[-87.4322926668791,41.6301298218157],[-87.4322816666266,41.6303868220121],[-87.4322526675769,41.6311348220954],[-87.4322506675267,41.6311608223383],[-87.4322396667753,41.6314188227797],[-87.4322356677466,41.6314828221265],[-87.4322276669152,41.6316748226902],[-87.4322256668782,41.6317398222161],[-87.4322156680486,41.6319508219072],[-87.4321956679631,41.6324078221597],[-87.4321896669905,41.6325898224653],[-87.4321836666973,41.6328048230454],[-87.4321706670186,41.6332208220855],[-87.4321326676093,41.6344718225308],[-87.4321206682677,41.6348888225777],[-87.4321046675545,41.635172822353],[-87.432067666962,41.635831822507],[-87.4320586681741,41.6360278222803],[-87.4320506675368,41.6362328227482],[-87.4320526672746,41.6363258226706],[-87.4320526680106,41.6363548236079],[-87.4320516681849,41.6364138231385],[-87.4320516674387,41.636435823031],[-87.4320436667324,41.6365078230219],[-87.432037667849,41.6365838230945],[-87.4320066676678,41.6370298232223],[-87.4319966674253,41.6371798227148],[-87.4319966683242,41.637399823283],[-87.432002668144,41.6380608231291],[-87.4320046671808,41.6382818238636],[-87.4320026677234,41.6383168229906],[-87.4319986686335,41.6384228232507],[-87.4319966685988,41.6384598238476],[-87.4319896682569,41.6388778236398],[-87.4319786678949,41.6397028234834],[-87.4319736680765,41.6400118231109],[-87.4319226680044,41.6405688228161],[-87.4319376687407,41.6407328238391],[-87.4320166682764,41.641295823288],[-87.4320876679821,41.6417298238479],[-87.4322216682518,41.6422588238683],[-87.4324246687896,41.6427668244693],[-87.4329116682441,41.6436998239491],[-87.4328996695631,41.6438138241924],[-87.4329226681615,41.6440428237876],[-87.4329256688926,41.6440678242754],[-87.4329346686041,41.6441638244485],[-87.432991668471,41.644730824503],[-87.4330156686129,41.6449608242345],[-87.4330536687167,41.6454408245058],[-87.4330626684605,41.6455508240581],[-87.433066668674,41.6458758246054],[-87.4330696688952,41.6460418248828],[-87.4330726688442,41.646208824539],[-87.4330736688653,41.64625882494],[-87.4330776688458,41.6464928252377],[-87.4330786690541,41.646554825385],[-87.4330796689657,41.64663882448],[-87.433085669031,41.6469858246831],[-87.4330856691718,41.6470148246784],[-87.433088668671,41.6471418239471],[-87.433090668899,41.6472668245101],[-87.4330916695832,41.6473568243589],[-87.4330946694472,41.6475208249436],[-87.4331006684552,41.6478558253642],[-87.4331036695481,41.6480918253083],[-87.4331076687098,41.6483218253327],[-87.4331136699958,41.6486328252794],[-87.4331186685272,41.6489838247754],[-87.4331316699497,41.6497178251624],[-87.4331356701627,41.6498648253727],[-87.4333256694425,41.6501548249748],[-87.4334646699276,41.6506128250995],[-87.4335056705176,41.6508028256629],[-87.4305986688254,41.6517708257914],[-87.4239176675668,41.6554188263021],[-87.4192876660697,41.6529138256724]]]},"properties":{"OBJECTID":179,"county_1":"Lake","id39_council":"089-District 2","councildistrictid":"089-District 2","featureid":"089-District 2","CountyCouncil":"County District 2","Full_CountyCouncil_Name":"Lake County District 2","County":"Lake","Shape__Area":177915829.1796875,"Shape__Length":71237.3144551299}},{"type":"Feature","id":180,"geometry":{"type":"MultiPolygon","coordinates":[[[[-87.393698644526,41.5149688043798],[-87.3938086449807,41.514827803809],[-87.3938116446246,41.515307804129],[-87.3938206439038,41.5160358037403],[-87.393753644396,41.515987804367],[-87.3936696441237,41.5159098045411],[-87.3936206453761,41.5158538041906],[-87.3935596451462,41.5157638036198],[-87.3935096441003,41.5156518040255],[-87.3934856446879,41.5155528040789],[-87.3934796444087,41.5154398041694],[-87.3934936446714,41.5153428040305],[-87.3935246452011,41.5152488042663],[-87.3936076447088,41.515093804526],[-87.393655645053,41.5150278036597],[-87.393698644526,41.5149688043798]]],[[[-87.5000496996674,41.7604288406325],[-87.4442396835563,41.760351843326],[-87.3750476627817,41.7602578472156],[-87.2768126338324,41.760544852172],[-87.2500446262961,41.7606238540191],[-87.2210056173991,41.760896856081],[-87.2209836175894,41.758725855594],[-87.2209176165776,41.7522138551978],[-87.2208956173206,41.750043854591],[-87.2213036147057,41.7265548499215],[-87.2225286078378,41.6560918374241],[-87.2229376060286,41.6326038336479],[-87.2228766059096,41.6309068332304],[-87.2226966041919,41.625816832733],[-87.2226416051587,41.6242438325114],[-87.2226546042417,41.6241218320391],[-87.2226426052673,41.6239058324836],[-87.2226096051251,41.623257831907],[-87.2225986048832,41.6230418323],[-87.2226046046498,41.6228408320659],[-87.2226266045185,41.6222418314681],[-87.2226296051124,41.622156832315],[-87.2226236050243,41.6220428311843],[-87.2226246044611,41.6218868318014],[-87.222627604139,41.6214228311937],[-87.2226296045008,41.6212708320341],[-87.2226286044177,41.6210778316375],[-87.2226336054136,41.620505831306],[-87.222635604127,41.6204218315833],[-87.2226336052425,41.6203198320275],[-87.2226336051068,41.6201608317394],[-87.2226386034856,41.6196858312959],[-87.2226416044124,41.6195308311639],[-87.2226246047953,41.6189228306481],[-87.2226166035274,41.6186678309447],[-87.2226146046858,41.6186428316838],[-87.2226126050348,41.6185738310904],[-87.2226036043731,41.6183978314167],[-87.2225786039221,41.6178668313851],[-87.2225716047597,41.6176898313067],[-87.2225706047553,41.6175948319634],[-87.2225706042551,41.6173098311341],[-87.2225706036971,41.61721483086],[-87.2225696047217,41.617170830425],[-87.2225686043354,41.6170388309016],[-87.2225686036085,41.6169948304571],[-87.2225666041184,41.6168148311074],[-87.2225616040216,41.6162758306126],[-87.2225606040891,41.6160968306124],[-87.2225576041386,41.6158338309339],[-87.2225506046271,41.6150448308617],[-87.2225486043303,41.6147828305076],[-87.2225466038487,41.614657830345],[-87.2225416031411,41.6142838300972],[-87.2225406033842,41.6141598310805],[-87.2225296037358,41.6133998305409],[-87.2225196033821,41.6126248299232],[-87.2225106041945,41.6119408301342],[-87.2225026029428,41.6111208293864],[-87.2224966033036,41.6103618295092],[-87.2224956034737,41.6102878300029],[-87.2224946039531,41.6100688296097],[-87.222494603497,41.6099958294749],[-87.2224966036943,41.609973829158],[-87.2225076036102,41.6099138298479],[-87.2225116037794,41.6098948294621],[-87.222524602845,41.6098178295353],[-87.2225196024995,41.609723829597],[-87.2224946041816,41.6092108296221],[-87.2224866030242,41.6090398293323],[-87.2224856030396,41.6089908300619],[-87.2224846029341,41.6088458291836],[-87.2224846035168,41.6087978301713],[-87.2224806032524,41.6084678300423],[-87.2224686030121,41.6074778295404],[-87.222465602449,41.6071488296117],[-87.2224606020628,41.6063288290183],[-87.2224496031097,41.6038728285268],[-87.2224466027666,41.6031168285687],[-87.222445602537,41.6030538286684],[-87.2224346033263,41.6026928290567],[-87.2224176024824,41.6020358283918],[-87.2224036022201,41.6017718281394],[-87.2223866019462,41.6016108281798],[-87.2223496028991,41.6012528274338],[-87.2223336027858,41.6008888278645],[-87.2223286023603,41.60074982781],[-87.2223316018807,41.6003988279545],[-87.2223486024293,41.5998008283909],[-87.2223606025288,41.5994388285164],[-87.2223436022949,41.598984828006],[-87.2222956023101,41.5976238282598],[-87.2222806029014,41.5971708278353],[-87.2222806027332,41.5970438275473],[-87.2222846013245,41.5966668277669],[-87.2222866012301,41.5966008277115],[-87.2222856015538,41.5965418271348],[-87.2222816022749,41.5963238275318],[-87.2222726019741,41.5956678271233],[-87.2222706022973,41.5954498274378],[-87.222270602007,41.5951888264861],[-87.2222726020323,41.5944068273982],[-87.2222736022196,41.5941478269689],[-87.2222676012655,41.5941318277444],[-87.222226601327,41.5940388270494],[-87.222225601879,41.5940258267641],[-87.2222256018979,41.5939828264453],[-87.2222246022105,41.5938718273204],[-87.2222216014992,41.5936118266908],[-87.2222196020979,41.5934768266702],[-87.2222136013618,41.5929278265399],[-87.2222086009889,41.5925098270171],[-87.2222076014994,41.5924028263648],[-87.2222066016928,41.592282826306],[-87.222203601505,41.5920748268407],[-87.2222016018197,41.5918758264406],[-87.2221996014852,41.5916958272585],[-87.2221956018053,41.5912798264157],[-87.2221926013714,41.591102826347],[-87.2221916017623,41.5909858262628],[-87.2221876015963,41.5906358263431],[-87.2221866013131,41.5905378265781],[-87.2221796014677,41.5899798270887],[-87.2221776012702,41.589647827078],[-87.2221746012971,41.5895288264224],[-87.2221666013909,41.589405826494],[-87.2221676005001,41.5889118261794],[-87.2221626010998,41.5884758263439],[-87.2221566009081,41.5879048263248],[-87.2221556007489,41.5878038256095],[-87.2221446018859,41.5868428250351],[-87.2221436010931,41.5867608264421],[-87.2221125999771,41.5840508256359],[-87.2221126000238,41.5839958252225],[-87.2221115999428,41.5839408248365],[-87.2221066006597,41.5835398253184],[-87.2221026004108,41.5831388248606],[-87.2220806009369,41.5811968250632],[-87.2220796001367,41.5811588253045],[-87.2220796006795,41.5811238255092],[-87.2220786003838,41.5810508241542],[-87.2220666004902,41.5800038244232],[-87.222063600311,41.5798718250447],[-87.2220635999446,41.5797188246313],[-87.222061599909,41.5795228247416],[-87.2220555999664,41.5793438246937],[-87.2220296009375,41.5777168238553],[-87.2220026000768,41.5761928241709],[-87.2219735998817,41.5745468240034],[-87.2219706000617,41.5743858237946],[-87.2219705997659,41.574365823126],[-87.2219696005415,41.5743328239208],[-87.2219615992371,41.5738788230718],[-87.2219435996951,41.5728698238896],[-87.2219345991276,41.5723208228696],[-87.2219335988773,41.5722968228021],[-87.2218945987954,41.5705418228406],[-87.2218945984297,41.5705088227055],[-87.2218915994332,41.5704698225967],[-87.2218845990382,41.5703828223956],[-87.2218625993091,41.5701228229904],[-87.2218565989367,41.5700368230634],[-87.2218545993129,41.5699388229801],[-87.2218485993192,41.5696468224446],[-87.2218465997546,41.5695498226587],[-87.2218425995995,41.5693718225667],[-87.2218335990654,41.5688378230914],[-87.2218305989431,41.5686598229548],[-87.2218325994159,41.568473822054],[-87.2218415994402,41.5679198231883],[-87.2218455996816,41.5677338222226],[-87.2218395988588,41.5675568224374],[-87.2218195993054,41.5670238224451],[-87.2218135998617,41.5668458223142],[-87.2218065992255,41.5664888225422],[-87.2217885988892,41.5654238221404],[-87.221783598494,41.5650708225567],[-87.2217645989704,41.5644638222268],[-87.2217395984665,41.5635968217862],[-87.2217345984142,41.5634098214884],[-87.221717599221,41.5626458215712],[-87.2217045981546,41.5620538218651],[-87.2217055978847,41.5620408214741],[-87.2217015980467,41.5618678217821],[-87.2216915986239,41.5614518208214],[-87.2216895987344,41.56135182179],[-87.2216705980635,41.5605318216414],[-87.221627597624,41.5585888210269],[-87.2216135983462,41.5579418202662],[-87.2216125985933,41.5579008203251],[-87.2216095981701,41.5577778214163],[-87.2216095981367,41.5577378208637],[-87.2216065977455,41.5576828211818],[-87.2216025975953,41.5575208211366],[-87.2216015978515,41.5574668208095],[-87.2215735976777,41.556489820773],[-87.2215625976789,41.5560928207867],[-87.221476597719,41.5525118196906],[-87.2214565976392,41.5519738194813],[-87.2214545975262,41.5518988198748],[-87.2214095970817,41.5506438201457],[-87.2214085965118,41.5506018198569],[-87.2214015975271,41.550289819425],[-87.2213995976087,41.5502128200791],[-87.2214005967864,41.5493568195475],[-87.2214015968727,41.5492828192587],[-87.2213975977205,41.5490458192889],[-87.2213965973165,41.5489898191784],[-87.2213905973404,41.5488258192122],[-87.2213725965743,41.5481658197738],[-87.221366597216,41.5479458187318],[-87.221365596883,41.5478928195342],[-87.221365597675,41.5477938196377],[-87.2213655968534,41.5477438186509],[-87.2213615970976,41.5473388190833],[-87.2213605975987,41.5471878193814],[-87.2213515965274,41.54693081868],[-87.2213385974241,41.5465328186622],[-87.2213265978021,41.546165818261],[-87.2213215970721,41.5459788192185],[-87.221315596843,41.5459108181628],[-87.2213125960948,41.5458848192098],[-87.2213125962925,41.545864819342],[-87.2213095968158,41.54582781878],[-87.2213075967659,41.545803818616],[-87.2213075970263,41.545776818389],[-87.221289596537,41.5453438184009],[-87.221273596569,41.5449158180804],[-87.221250595729,41.5440478189047],[-87.22124059608,41.5436158180504],[-87.2212385966642,41.5435498184054],[-87.2212365969229,41.5435088174796],[-87.2212375959484,41.5433518185176],[-87.2212395969311,41.5432868182078],[-87.2212295969286,41.5428158178623],[-87.2212125965693,41.5419318178335],[-87.221145596264,41.5402258181558],[-87.221142596519,41.5398418182603],[-87.2211315967026,41.5394458174505],[-87.2211295960963,41.5394028176884],[-87.2211255967438,41.5392748177461],[-87.2211255962198,41.5392328182611],[-87.2211115961449,41.5386088180089],[-87.2210805953075,41.5370298174579],[-87.2210725967469,41.5367418165526],[-87.2210585960235,41.5361208169774],[-87.2209975957087,41.534006816742],[-87.2208225942096,41.5276688161768],[-87.2208215943434,41.5275988150998],[-87.2207885942895,41.5262758148649],[-87.220763594785,41.5255588149811],[-87.2207615950287,41.5255198154486],[-87.2207605952028,41.5254978149022],[-87.2207545952921,41.5253178146791],[-87.2207535941654,41.5252578149082],[-87.2207485938981,41.5251928154108],[-87.2207425955258,41.5250038150521],[-87.2207425949051,41.5249418155372],[-87.2206765947187,41.5228678147656],[-87.2206385939562,41.5216218150571],[-87.2205555936215,41.521579814427],[-87.2204975943879,41.5195418136582],[-87.2204485946337,41.5176818138049],[-87.2204105945874,41.5155848128577],[-87.2202775926627,41.5102868126117],[-87.2202625933628,41.5090368123741],[-87.22020159253,41.5071618117645],[-87.2201995919819,41.5070618118233],[-87.2215605932808,41.5070588120914],[-87.221661593301,41.507058812138],[-87.225645593676,41.5070508118833],[-87.2270075942531,41.5070488118414],[-87.2273055945872,41.5070478117756],[-87.2282035950334,41.5070468117813],[-87.2285025955394,41.5070468115501],[-87.2287165958775,41.5070458115896],[-87.2293605961105,41.5070448115878],[-87.2295395951459,41.5070448115887],[-87.2295755954501,41.5070448111711],[-87.2303875955913,41.5070448108541],[-87.2316505961463,41.507044811569],[-87.2384715975216,41.5070468110797],[-87.2393915980184,41.507055811419],[-87.2407065991008,41.5070678109398],[-87.2419455993798,41.507079810215],[-87.2430645994866,41.5070868110111],[-87.2442836000912,41.5070918112671],[-87.2456706000347,41.5070778114046],[-87.2460906003897,41.5070668101005],[-87.2463145999348,41.5070608104254],[-87.2490366012346,41.5070778110505],[-87.250302601718,41.507092810575],[-87.2504286019126,41.5070908104445],[-87.258798604234,41.507021809393],[-87.2637346057254,41.5071368101596],[-87.2677136064163,41.5070738101208],[-87.2683796076467,41.5070518097752],[-87.273163609235,41.5072668089317],[-87.2741856080648,41.5071698093559],[-87.274431608483,41.507162808935],[-87.2751716093307,41.5071458093],[-87.2754186088882,41.5071408087191],[-87.2760746092244,41.5071868087334],[-87.2780426096717,41.5073248087997],[-87.2786986100402,41.507370809124],[-87.2787426098566,41.5073618089045],[-87.2789596097782,41.5073268095033],[-87.2791796097726,41.5073028088587],[-87.2794016110599,41.5072898092574],[-87.2802966109727,41.5072808091185],[-87.2849736123516,41.50723880796],[-87.2857476121066,41.5072318086406],[-87.2865336126763,41.5072278088463],[-87.2878526122387,41.5072208080211],[-87.2918126134433,41.5072028082607],[-87.2931326151247,41.5071968077101],[-87.2939496153296,41.5071918081797],[-87.296400614676,41.5071798071999],[-87.2972186155011,41.5071768086819],[-87.2983056158096,41.5071938085324],[-87.2986646156127,41.5071968070674],[-87.3031726172863,41.5072298078547],[-87.3036226182698,41.507233807819],[-87.3068866180486,41.5072578074159],[-87.3088156186729,41.5072718080463],[-87.314177619926,41.5073108076622],[-87.3146026214798,41.5073128070748],[-87.3165326219605,41.507325806662],[-87.3165506209068,41.5073258068005],[-87.3166076217638,41.5073258073104],[-87.316626621079,41.5073268068966],[-87.3166016207476,41.5074738067807],[-87.3166086221439,41.5097578071755],[-87.3166086220059,41.5099198076305],[-87.3166126220379,41.5109798070023],[-87.3166136210143,41.5113088076519],[-87.3166146211935,41.5115198079142],[-87.3166146207257,41.511684807452],[-87.3166146215134,41.5116978078456],[-87.3166156214517,41.5118488076165],[-87.3166156208641,41.5118758078418],[-87.3166156207845,41.5120128077407],[-87.3166166211815,41.5120528075109],[-87.316616621293,41.5121758075916],[-87.3166166215545,41.5122308074263],[-87.3166176208746,41.5123398077596],[-87.3166176209663,41.5124088074063],[-87.3166176214502,41.5125038078531],[-87.3166176211443,41.5125858079067],[-87.3166186210663,41.5126678080119],[-87.3166186217934,41.5127638078588],[-87.3166186216713,41.5128318080963],[-87.3166196210139,41.5129408075184],[-87.316619621299,41.512995807346],[-87.3166196214971,41.5131188083072],[-87.3166196219563,41.5131598083214],[-87.3166206222075,41.5132968082433],[-87.3166206216186,41.5133238075619],[-87.3166206212748,41.5134738087344],[-87.3166206210851,41.5134878076454],[-87.3166216220021,41.5136518077596],[-87.3166216214981,41.5138158078341],[-87.3166226212522,41.5139798079564],[-87.3166226219751,41.5141438080046],[-87.3166236215104,41.5143068078136],[-87.3166246216717,41.5145258086356],[-87.3166246214348,41.5146078077613],[-87.3166256218541,41.5147108079917],[-87.3166376216891,41.5147318079203],[-87.3166446220813,41.5147748080286],[-87.3166426219471,41.5149758085359],[-87.3166416222036,41.5150898084337],[-87.3166376220758,41.5158908087771],[-87.3166366215452,41.5161958079726],[-87.3166406223625,41.517367808266],[-87.3166446219511,41.5181208084276],[-87.3166566217251,41.5195278089168],[-87.3166576222621,41.5208848093417],[-87.3166586220565,41.5220578089085],[-87.3167116223913,41.5220578091025],[-87.3167406222721,41.5220578088799],[-87.3175196228921,41.5220638088993],[-87.3177356226489,41.5220658096583],[-87.318501623416,41.5220718096268],[-87.3208016238143,41.5220908098723],[-87.3215686232821,41.522097808643],[-87.3249586258302,41.5221248091521],[-87.3263906257933,41.5221358085386],[-87.3264096248025,41.5221368082918],[-87.3267586252763,41.5221428090504],[-87.3274476262202,41.5221538092325],[-87.3274696259467,41.5221538092776],[-87.3275716260351,41.5221558085504],[-87.3301906260454,41.522218808341],[-87.3312456267045,41.5222318086942],[-87.3324586270258,41.5222488092555],[-87.3336676280864,41.5222598081424],[-87.3360456287656,41.5222868089666],[-87.3361506286541,41.5222878089811],[-87.3362246284857,41.5222878085742],[-87.3364146286935,41.5222888084099],[-87.3369836289696,41.5222918079597],[-87.3371746283752,41.522292808229],[-87.3373506282588,41.522291807641],[-87.3378776293323,41.5222898082755],[-87.3380546289644,41.522289808589],[-87.3381466289154,41.5222868081642],[-87.3384246294705,41.5222798085799],[-87.3385176285408,41.5222788083467],[-87.3388816290858,41.522268808578],[-87.3390016285387,41.5222678087073],[-87.3391206293963,41.522267808236],[-87.3395636296605,41.5222688084395],[-87.3399876295562,41.5222768082896],[-87.3404546297692,41.5222788081085],[-87.3409386297053,41.5223048079941],[-87.341746630599,41.5222918080685],[-87.3441696303361,41.522255807761],[-87.3449786308623,41.5222438077461],[-87.3458026310952,41.5222428078142],[-87.3458026314252,41.5222998080686],[-87.3458316308828,41.5230728072721],[-87.3458406320061,41.5233278074854],[-87.345803632192,41.5234888080438],[-87.3458176313685,41.5240068081043],[-87.3458276308867,41.5246758080404],[-87.3458286306237,41.5249158088392],[-87.3458326308344,41.5252948080899],[-87.3458376315273,41.5256378087677],[-87.3458416322044,41.5258788092219],[-87.3458516318178,41.526612808903],[-87.3458566313878,41.5269178087788],[-87.3458766320488,41.5288158087021],[-87.3458846321705,41.5295508087286],[-87.3458896322349,41.5299148092477],[-87.3459046331463,41.5310068097647],[-87.3459096324841,41.5313708093077],[-87.3459326322629,41.5331838094365],[-87.3471896325222,41.5331908101067],[-87.3474266324746,41.5331918104661],[-87.3481376333261,41.5331978095043],[-87.3483746328316,41.5331998091176],[-87.3486146339774,41.5332018093471],[-87.3493356339815,41.5332088098507],[-87.349576632856,41.5332118090765],[-87.3498156335151,41.5332138088368],[-87.3505366337425,41.5332208099024],[-87.3507766345677,41.5332238095237],[-87.351978634494,41.5332348092576],[-87.3520006339545,41.5332358093986],[-87.3531976351273,41.5332468093303],[-87.3534406345417,41.5332488095155],[-87.3541716347459,41.5332558094168],[-87.3544156343809,41.533258809367],[-87.3546546348085,41.5332588092626],[-87.3553716345269,41.5332598089927],[-87.3556106358026,41.5332608089901],[-87.3556146352368,41.533622809237],[-87.3556296360677,41.5347118098642],[-87.3556346361923,41.5350748100327],[-87.3556406354509,41.5354388093088],[-87.3556586346192,41.5365328093907],[-87.3556616350477,41.5366638093435],[-87.3556766352321,41.5368978090368],[-87.3556826354141,41.537006809594],[-87.355683635692,41.5372588096961],[-87.3556886354042,41.5383448098446],[-87.3556906364989,41.5387068103396],[-87.3556936357993,41.539008810479],[-87.3557036356505,41.5399158107956],[-87.3557076355399,41.5402188099821],[-87.3549396349603,41.5404688098028],[-87.3526386344477,41.5412188110626],[-87.3518716356177,41.5414698111548],[-87.3516856346041,41.5415258109736],[-87.3511286354874,41.5416958107273],[-87.3509436346571,41.541752811201],[-87.35068263558,41.5418148105989],[-87.3499036336521,41.5420028112746],[-87.3496436340196,41.5420658110925],[-87.3494826337589,41.5421008113853],[-87.3490026342399,41.5422078108133],[-87.3488426347123,41.5422438111743],[-87.34877063476,41.542241810645],[-87.3485546345523,41.5422368117938],[-87.3484826341713,41.5422358113916],[-87.3484826340552,41.5422628105251],[-87.3484826340985,41.5423458112228],[-87.348482633568,41.5423738115636],[-87.3482466330102,41.5424288112734],[-87.3475416344039,41.542596811316],[-87.3473066336447,41.5426528109893],[-87.3470586329164,41.54272981115],[-87.3463146331944,41.542960811994],[-87.3460666336932,41.5430378118018],[-87.3460696335653,41.5432478114486],[-87.3460786336797,41.5438798109408],[-87.34608263277,41.5440908115692],[-87.3460866337135,41.5444518114129],[-87.3461016329598,41.5455358123633],[-87.3461036327727,41.545685812081],[-87.3461076329503,41.5458978120315],[-87.3461616334945,41.5458968115602],[-87.3463536329898,41.5459018125889],[-87.346773633755,41.5459158118566],[-87.3470926347314,41.5459198117692],[-87.3473396344223,41.5459238118091],[-87.3473406343928,41.5460678116917],[-87.3473446344118,41.5464988117038],[-87.3473466347526,41.546643812555],[-87.3473466344999,41.5466858125821],[-87.34734663459,41.5467348120075],[-87.3473466349218,41.5468118117442],[-87.3473476349608,41.5468548118529],[-87.3473376335525,41.5470308119997],[-87.3473326335208,41.5471238122137],[-87.3473346335414,41.547191812419],[-87.3473446346902,41.5475608122304],[-87.3473506341853,41.5477378128268],[-87.3471076344853,41.5477358125943],[-87.3463786337761,41.5477308118375],[-87.3461356336614,41.5477298125565],[-87.3458936335723,41.5477278122594],[-87.3451676333868,41.5477218119093],[-87.3449266336019,41.5477208114771],[-87.3446836328359,41.5477188124349],[-87.3439546341203,41.5477128121716],[-87.3437116333697,41.5477108119732],[-87.3434696321993,41.5477088119874],[-87.3427436335621,41.5477028125011],[-87.3425016324539,41.547700813176],[-87.3422586323173,41.5476978131956],[-87.3415306328549,41.5476908123955],[-87.3412886317911,41.547688812315],[-87.3410446321815,41.5476858126208],[-87.3403126317443,41.5476798131552],[-87.3400686328003,41.5476778125794],[-87.3400776314662,41.5480428130447],[-87.3400936315419,41.548665812596],[-87.340099632329,41.5491388125891],[-87.3401046327044,41.549504812944],[-87.3401096324796,41.5498658135836],[-87.3401276325173,41.5509488131104],[-87.3401336323886,41.5513098126118],[-87.3401396324877,41.5516728135895],[-87.3401506326489,41.5522678132178],[-87.3401546322602,41.5527638138538],[-87.3401576321424,41.5531278137023],[-87.3401596330618,41.5534908142661],[-87.3401686335471,41.5545808139078],[-87.3401716327296,41.5549448136598],[-87.3401756327101,41.5549868139399],[-87.3401696327485,41.5552008141767],[-87.3401486326761,41.555412814282],[-87.3401126335964,41.5556248139315],[-87.3401016330584,41.5556718143824],[-87.3400456333766,41.5559268146133],[-87.3400186323547,41.556123814698],[-87.340005632923,41.5563208144439],[-87.3400086328395,41.5565188138864],[-87.3400256328036,41.5567158136161],[-87.3400566323797,41.5569128139321],[-87.3401026330833,41.5571068137509],[-87.3401626330149,41.5572998138324],[-87.3402366328207,41.5574888150476],[-87.340324633796,41.5576758143477],[-87.3403626336532,41.5577398141731],[-87.3403736332079,41.5578158145311],[-87.3403716331413,41.5579018135706],[-87.3403546330632,41.5579868146136],[-87.3403236331222,41.558069814498],[-87.3402796329514,41.5581488142673],[-87.3402216327887,41.5582238140559],[-87.3401086333168,41.5583238143209],[-87.3399806322596,41.5584058149678],[-87.3398816327503,41.5584498141536],[-87.3397756335794,41.5584838148981],[-87.3396656326953,41.558507814068],[-87.3395526329289,41.5585208147662],[-87.3382056322425,41.5585318140369],[-87.3378946321195,41.5585298144425],[-87.3371426321214,41.5585278144186],[-87.3370266328111,41.5585268142145],[-87.3366846314792,41.5585248143196],[-87.3365696312789,41.5585248138448],[-87.336577631705,41.559007815234],[-87.3366036314099,41.5604568144509],[-87.3366076322883,41.5607028155095],[-87.3366266320718,41.5609508153544],[-87.3366326326055,41.5613398147957],[-87.3366546324659,41.5625098152074],[-87.336661632239,41.562898815339],[-87.3366696328014,41.5631238158453],[-87.336693633143,41.5637978152313],[-87.3367016322214,41.5640238160224],[-87.3366926329568,41.5646848163497],[-87.3366886322254,41.5650208153823],[-87.3366706326239,41.5658808157424],[-87.3366776326798,41.5666888163439],[-87.3366816328465,41.567194816333],[-87.3366816324723,41.5673548163073],[-87.3367026332171,41.5676428167242],[-87.3367036326764,41.5678828169941],[-87.3367056329285,41.568249816239],[-87.3367176337965,41.5687388163493],[-87.3367246334679,41.569051816867],[-87.3367376331735,41.5696018160565],[-87.3367526335355,41.5702058175039],[-87.3367646325788,41.5706958168772],[-87.3367616327739,41.5707838173123],[-87.3367606333069,41.5708338160951],[-87.3367506329046,41.571253817107],[-87.3367476329509,41.571392817397],[-87.3367536333934,41.5717588174425],[-87.3367716331719,41.5728548177757],[-87.3367786334832,41.5732218170087],[-87.3367836329882,41.5735788180094],[-87.3367976333508,41.5746498173821],[-87.3368036332876,41.5750068172694],[-87.3368066340265,41.5753608175054],[-87.3368186332014,41.5764268180506],[-87.3368226337268,41.5767818174806],[-87.3368306338353,41.57713981819],[-87.3368546338359,41.5782138183938],[-87.3368636339478,41.5785728173887],[-87.3368666346457,41.5789248177281],[-87.3368766343263,41.5799858182161],[-87.3368806336785,41.580338818666],[-87.3368836342808,41.5805238181093],[-87.3368956341919,41.581076818168],[-87.3368996344434,41.5812628186652],[-87.33690163427,41.5813108182104],[-87.3369086351032,41.5814568190913],[-87.336911634431,41.5815058188129],[-87.3369156338656,41.581647818901],[-87.3369266346225,41.5820758189253],[-87.3369306341661,41.5822178189981],[-87.336932634677,41.5825798186111],[-87.3369406340201,41.5836648186102],[-87.3369436344447,41.5840278192105],[-87.336947634742,41.5841988187879],[-87.3369606347964,41.5847158185582],[-87.3369656348025,41.58488781919],[-87.3369656346028,41.5850968196656],[-87.3369656346935,41.5857248195347],[-87.3369656351628,41.5859348193674],[-87.3369726355519,41.5869508192508],[-87.3369916353139,41.5879748198224],[-87.3369896354543,41.5880198198296],[-87.3370036352655,41.588247819531],[-87.337003635249,41.5886588199827],[-87.3370326352658,41.5900528198887],[-87.3370356347064,41.5902308205952],[-87.3370466354101,41.5907658199887],[-87.3370506357986,41.5909448199276],[-87.3370536354009,41.5911188203291],[-87.3370646354412,41.5916398200373],[-87.3370686360008,41.5918148196717],[-87.3370686362658,41.5920288195775],[-87.3370716356073,41.5926728203794],[-87.337070635722,41.5928848206977],[-87.3370736355059,41.5929908208634],[-87.3370826361421,41.5933128207052],[-87.3370866356416,41.5934198201336],[-87.3370926350818,41.5935138199882],[-87.3371106347789,41.5937958213219],[-87.3371176357788,41.593889821019],[-87.3371176358048,41.5940948209143],[-87.33711863573,41.5947128213151],[-87.3371196355222,41.5949188204524],[-87.3371196362984,41.5949638210482],[-87.3371196355999,41.5951018210573],[-87.3371206360848,41.5951478218219],[-87.337120635382,41.59543882172],[-87.3371226365744,41.5963138216164],[-87.3371236357804,41.5966058216271],[-87.3371236362137,41.596963821283],[-87.337126636804,41.5978538216424],[-87.3371286360395,41.5980378213106],[-87.3371326357568,41.5983958212835],[-87.3371356364676,41.5987598213063],[-87.3371476361468,41.5998548217764],[-87.3371516358654,41.6002198218924],[-87.3371546365541,41.6005888223714],[-87.3371656371302,41.6015568223953],[-87.3371666362236,41.601698822403],[-87.3371706365513,41.6020698223551],[-87.3371736365011,41.602430822196],[-87.3371856364777,41.6035148232976],[-87.337189636664,41.6038768223138],[-87.337197636663,41.6045838225258],[-87.3371976365281,41.6046938222402],[-87.337198636587,41.6047758226478],[-87.337200636955,41.6048458221178],[-87.3372026375446,41.6049928233593],[-87.3372016366177,41.6050668225997],[-87.3372026368238,41.605101822783],[-87.3372036374599,41.6052398224195],[-87.3372066373245,41.6055048219652],[-87.3371996373236,41.6060998227573],[-87.3372006364945,41.6063728230683],[-87.3371916368895,41.6064138226807],[-87.3372016370459,41.6072058228244],[-87.3372056378969,41.6074828229411],[-87.3372056378205,41.6075278234588],[-87.3372066374241,41.6076108223265],[-87.3372066368758,41.6076648236734],[-87.3372076366639,41.6077108225534],[-87.3373306364298,41.6077138227815],[-87.3378736366691,41.6077568227225],[-87.3378926364624,41.6077588234433],[-87.3383476377479,41.6078768233325],[-87.3386596369442,41.6080418230978],[-87.3390836370328,41.6084108228628],[-87.3395326378869,41.60881682355],[-87.3400306380137,41.6092588235955],[-87.3402296385824,41.6094358236149],[-87.3405816379855,41.6096198227669],[-87.3407536386477,41.6097098233287],[-87.3415916383237,41.6099688235231],[-87.3425136382203,41.6100008232598],[-87.342907639069,41.6100148232127],[-87.3431786382352,41.6100158233181],[-87.3445606395603,41.6099708223298],[-87.3463376398551,41.6097368228587],[-87.3463796397962,41.6097968225186],[-87.3465096400491,41.6097058228201],[-87.3474326401909,41.6095028226074],[-87.3480216408491,41.6093328222606],[-87.3484326406082,41.6090128230649],[-87.3486276402872,41.6088468222255],[-87.3487336401608,41.6087558228064],[-87.3490556407824,41.6084838233076],[-87.3491676399992,41.6084078228618],[-87.3492516411752,41.608437822737],[-87.3493346407334,41.6084678228087],[-87.3497976411325,41.6086328223301],[-87.3516876413518,41.6093098220836],[-87.3523186422461,41.6095358229659],[-87.3522576415255,41.6096348225984],[-87.3521366417521,41.6098348220608],[-87.3520706408942,41.6099288232392],[-87.3520046414979,41.6100248231375],[-87.3519376413896,41.6101208232652],[-87.3518776416531,41.6102088228278],[-87.3517416417349,41.6103978234297],[-87.3517336415159,41.6104098226602],[-87.3516916417692,41.6104798221973],[-87.35167764154,41.6105128227488],[-87.3516556417497,41.6105658230346],[-87.3516336423687,41.6106538226629],[-87.3516476418415,41.6114648230104],[-87.3516476414879,41.611498822974],[-87.3516486417818,41.6115458237426],[-87.3516776407685,41.612525823225],[-87.3516816409493,41.612650823323],[-87.3517146427247,41.613281823974],[-87.3518826422587,41.6144668234223],[-87.3519196414822,41.6147218238167],[-87.3519876421842,41.6148878237101],[-87.3520726417159,41.615049823416],[-87.352193642392,41.6152308236786],[-87.3522946425646,41.6153498236969],[-87.3523376420643,41.6154018239203],[-87.3525026420107,41.6155628236617],[-87.352632642393,41.6156698230751],[-87.3528006420654,41.6157888238425],[-87.3529806423587,41.6158978245564],[-87.3531726426832,41.6159948236907],[-87.3532266418715,41.6160178230359],[-87.3533396425069,41.6160668238342],[-87.3535486425376,41.6161418239859],[-87.3536196432625,41.6161638236101],[-87.3556076432789,41.6168498237878],[-87.3565016431557,41.6171688234157],[-87.357591643384,41.6175578230015],[-87.3602436451033,41.6185038239191],[-87.3605906448403,41.6186278237345],[-87.3653286459943,41.6203238238384],[-87.3666096467697,41.6207688238219],[-87.3696006480229,41.6218088233055],[-87.3700176475042,41.6219538238183],[-87.3719656483264,41.6226598240587],[-87.3725966493821,41.622889824135],[-87.3741566499515,41.6234548240182],[-87.3744686497178,41.6235688233453],[-87.3750176497246,41.6239728233275],[-87.3756676491158,41.6244518240124],[-87.3758626492482,41.62436782343],[-87.3764856498674,41.624166824477],[-87.3766606501794,41.6241268238814],[-87.3768406495551,41.6240978238089],[-87.3770226506008,41.6240788235405],[-87.3772056503399,41.6240718232618],[-87.3773896499991,41.6240748232768],[-87.3775726506624,41.6240898232998],[-87.3777526496658,41.6241148237682],[-87.3778646509336,41.6241358233074],[-87.378744651743,41.6243208240526],[-87.3803696509703,41.6246628233377],[-87.3826926521658,41.6251518238552],[-87.3830416524345,41.6252258237645],[-87.3845216521463,41.6255598240348],[-87.3860886526982,41.625773823369],[-87.3862626533271,41.6258028239174],[-87.386434653366,41.6258428239683],[-87.3866006534371,41.6258938239617],[-87.3870666531883,41.6260648231981],[-87.3888966542975,41.6266578236421],[-87.3892286536567,41.6267938241354],[-87.389570654412,41.626916823072],[-87.3918046552138,41.6277238235969],[-87.3922516556436,41.6278848237896],[-87.3926556556359,41.6280308236317],[-87.3936006564347,41.6283518241365],[-87.3940516556795,41.6285048233292],[-87.394055655892,41.6282678235667],[-87.3940666553424,41.6277428238322],[-87.3940626552578,41.6275578240554],[-87.3940586554416,41.6273218232437],[-87.3941246563053,41.6273228236357],[-87.3942676564464,41.6273858231049],[-87.3944826565561,41.6275198234569],[-87.3948096560793,41.6277058233144],[-87.3953996566947,41.6279448240001],[-87.3986366574428,41.628984823319],[-87.4011266579384,41.6297848227043],[-87.4035216584031,41.6305718232561],[-87.4055536590596,41.6308228234141],[-87.4059256592471,41.6308688233842],[-87.4064936602308,41.6308838236232],[-87.4087136609238,41.6312088225695],[-87.4105816610375,41.6319948230258],[-87.412703661395,41.6327998233704],[-87.4134366626503,41.6330788237203],[-87.4144386622635,41.6334868237514],[-87.4171856629758,41.6347508238666],[-87.4169306623265,41.6348118239784],[-87.4162026634242,41.6349818238354],[-87.4144486621601,41.6354018237027],[-87.4120246612047,41.6359828246565],[-87.4116156621648,41.6361978246894],[-87.4116066607915,41.6363908240964],[-87.4117706615504,41.6366798237602],[-87.4114686616885,41.6369888239011],[-87.4107336613717,41.6376028245429],[-87.4100516616121,41.6381728242228],[-87.4097086612778,41.6384598250891],[-87.4095756612832,41.6385708244785],[-87.4080916614513,41.6399998252481],[-87.4080586606248,41.6400328250468],[-87.4071156611088,41.6409418250182],[-87.4061606612726,41.6412568251261],[-87.4058666609456,41.6415988256672],[-87.4046336605161,41.6429928253087],[-87.400935660052,41.6471748263745],[-87.3997036597436,41.6485698263221],[-87.4045896612256,41.6502188270181],[-87.4046936616743,41.6501968270927],[-87.4116136632591,41.6487628255407],[-87.4192876660697,41.6529138256724],[-87.4239176675668,41.6554188263021],[-87.4209786666678,41.6573278272735],[-87.4180396662878,41.6592368278698],[-87.4001726622699,41.6756318318849],[-87.3999136621882,41.6763358311874],[-87.3999136615872,41.6767798316196],[-87.3999876615254,41.6773728319236],[-87.4171306680382,41.6895248325814],[-87.4179426690676,41.6897408331689],[-87.4240426713163,41.6913628330268],[-87.4240616707176,41.6913678327842],[-87.4243876704718,41.6914548330924],[-87.42657167188,41.6920358324726],[-87.4306346731363,41.6931168330467],[-87.4397936751288,41.689202831651],[-87.4534756793231,41.6827058302601],[-87.4546196795499,41.6821628300701],[-87.4625276816829,41.6852908292185],[-87.467161682671,41.6868718291991],[-87.4788476864405,41.6908588300258],[-87.4811506872686,41.691283829546],[-87.4859666890712,41.6921748289917],[-87.4873276900849,41.6924268295066],[-87.4877466890537,41.6926548296701],[-87.492652692064,41.6953278302582],[-87.494288691903,41.6962188296683],[-87.4972636931759,41.6978908296854],[-87.5002396942718,41.6995628300939],[-87.5011216940383,41.7000578298149],[-87.5017766948487,41.7004268301726],[-87.5054246967527,41.7061228310143],[-87.5177437008834,41.7163298319913],[-87.5207377013677,41.7188108320167],[-87.5242417026542,41.7169868321889],[-87.5242367033066,41.7172808317187],[-87.524316702635,41.7182178318405],[-87.5243257019465,41.7183288315609],[-87.5242067034589,41.7195198325135],[-87.5241687035223,41.7218588322979],[-87.5241597035537,41.7224528334221],[-87.5241597037191,41.7229668328004],[-87.5241577031576,41.7231418325805],[-87.5241477041689,41.7238258327486],[-87.523997704624,41.7351358347082],[-87.5239467049703,41.7389558348303],[-87.5238957052358,41.7427748369181],[-87.5236667061342,41.759914839374],[-87.5189477051313,41.7599608393981],[-87.5047937009589,41.7600998403792],[-87.5019357004649,41.7601288409744],[-87.5010036993402,41.7601378402711],[-87.5000756997087,41.7601468410529],[-87.5000496990435,41.7601468410349],[-87.5000496990809,41.7602028410339],[-87.5000497000013,41.7603718403722],[-87.5000496996674,41.7604288406325]]]]},"properties":{"OBJECTID":180,"county_1":"Lake","id39_council":"089-District 3","councildistrictid":"089-District 3","featureid":"089-District 3","CountyCouncil":"County District 3","Full_CountyCouncil_Name":"Lake County District 3","County":"Lake","Shape__Area":778211965.61328125,"Shape__Length":148994.21394634619}},{"type":"Feature","id":181,"geometry":{"type":"MultiPolygon","coordinates":[[[[-87.427900652321,41.4938837979036],[-87.4278826530462,41.4934297978716],[-87.4283586518381,41.4933157984975],[-87.4284216529165,41.4931487980809],[-87.4287136529432,41.4931497988758],[-87.4287196527208,41.4934357983535],[-87.4283256526315,41.4934397988471],[-87.4283326527018,41.4937837979366],[-87.4283346527341,41.4939357981725],[-87.427900652321,41.4938837979036]]],[[[-87.4712966681192,41.5237538012593],[-87.4713476685243,41.5230208009103],[-87.4703716676219,41.5230258010024],[-87.4700816677562,41.5230278014617],[-87.4674436664998,41.523009801733],[-87.4664686661574,41.5230038010504],[-87.4661206668651,41.5230028018184],[-87.465076666683,41.5230008017314],[-87.4647296654916,41.5230008018768],[-87.4641256653556,41.5229998015913],[-87.4623146652974,41.5229968011703],[-87.4617116656227,41.5229968016749],[-87.4599536641357,41.5229818018137],[-87.4546796632554,41.5229388015949],[-87.45292266328,41.5229248021952],[-87.452690663204,41.5229228017885],[-87.4519956622554,41.5229168020472],[-87.4519716628993,41.5229168019778],[-87.451764662476,41.522916801939],[-87.4517596625597,41.5211088020581],[-87.4517456610399,41.5156848009237],[-87.4517446620031,41.5151018006477],[-87.451743660973,41.5145508000138],[-87.4518596614771,41.5140688004577],[-87.4519106619748,41.5138628004851],[-87.4519096613383,41.5138328007464],[-87.4519076613683,41.5137168007032],[-87.4519056621482,41.5135718009742],[-87.4519056615458,41.5135448010093],[-87.4519036617304,41.5134988002923],[-87.4519026618224,41.5134217999842],[-87.4518996609725,41.5132808007913],[-87.4518966616362,41.5131348000754],[-87.4518946617795,41.5130188009177],[-87.4518566615572,41.5110657999084],[-87.4518246607461,41.5094548004699],[-87.4518336615705,41.5089498001078],[-87.4518566611543,41.5077917997012],[-87.4501446597562,41.5077907995118],[-87.44993466041,41.5077907992675],[-87.4474566597151,41.5077728002948],[-87.4450096596295,41.5077608005011],[-87.4432986585127,41.5077537998645],[-87.4431186588079,41.507752800489],[-87.4424136584352,41.5077487999178],[-87.4422456579386,41.5054997990668],[-87.4390926561298,41.5005337987968],[-87.437061655559,41.4967847980361],[-87.4371066555102,41.4958617988968],[-87.4363826551488,41.4958637985149],[-87.4362516560418,41.4958637987593],[-87.4359796555357,41.4958647990533],[-87.4359606553827,41.4952907986117],[-87.4359406558968,41.4946867980918],[-87.4356046547562,41.4946837978443],[-87.4345186547743,41.4946757986427],[-87.4344696547473,41.4934677974335],[-87.4338256541413,41.4925277981618],[-87.4334686540813,41.4924357973943],[-87.4335466541028,41.4922987979395],[-87.4337266538491,41.4921397981136],[-87.4338066539191,41.4920767983256],[-87.4338976534552,41.4920217984256],[-87.4339736544546,41.4919867973612],[-87.4339966536027,41.4919757979655],[-87.4341026545142,41.4919387978877],[-87.434213654502,41.4919127971372],[-87.4343276538764,41.4918977976293],[-87.4344446541793,41.4918927972266],[-87.4345606543786,41.4918987974155],[-87.4346746542796,41.4919167976748],[-87.4347846548464,41.49194479843],[-87.4350056548034,41.4920187978318],[-87.4351106542933,41.49204879746],[-87.435195654965,41.4920637975104],[-87.4352196547841,41.4920677978393],[-87.435346654773,41.4920757979221],[-87.4355656546175,41.4920777979411],[-87.4362226547441,41.4920857969916],[-87.4364426554256,41.4920887973468],[-87.436442654874,41.4920147973986],[-87.4370496557033,41.4920237980692],[-87.4370116558078,41.4907597967325],[-87.436999654329,41.4903267977473],[-87.4347376546014,41.4903357972561],[-87.4348146541305,41.4902347971347],[-87.4349226549481,41.4900927975581],[-87.4360376548493,41.488772796828],[-87.4363396540164,41.4884177971015],[-87.4364146546634,41.488265796742],[-87.4364346546018,41.4882257963833],[-87.4365066545352,41.4879857973666],[-87.4364856550607,41.4877047964919],[-87.436213654916,41.4871677973212],[-87.4360816534467,41.4869047965878],[-87.436039654854,41.4868207969303],[-87.4359426542821,41.4866237961375],[-87.4355266547127,41.4857837963412],[-87.435388653998,41.4855037963021],[-87.4351926536934,41.4851097962466],[-87.4350686535189,41.4848597966786],[-87.4347696536937,41.4842227967231],[-87.4346046538193,41.4839327962744],[-87.4345646533235,41.4838607959722],[-87.4345216527732,41.4835587968287],[-87.4345226536339,41.4835077964953],[-87.4345296530354,41.4832347964726],[-87.4345416531023,41.4827957967501],[-87.4346036530203,41.4824237960221],[-87.4346486539041,41.4821557966379],[-87.4341136527419,41.4820637961378],[-87.4325086531769,41.4817917961115],[-87.4319746525712,41.4817007966715],[-87.4312246515628,41.4815707968967],[-87.4289766514475,41.4811807968336],[-87.4282276507943,41.4810517957221],[-87.4271266511427,41.4808657965241],[-87.4259176510696,41.480653796986],[-87.4246846500553,41.4804367962495],[-87.4235116503238,41.4802187962165],[-87.4224776498886,41.480013796098],[-87.4214466497226,41.4797967957008],[-87.4204206481078,41.4795707961583],[-87.4193976483415,41.4793337959098],[-87.4191296494297,41.4792677969233],[-87.4183796479512,41.479085796116],[-87.4168876487326,41.4787147962336],[-87.4158066477419,41.4784477965018],[-87.4146786470029,41.4781707965543],[-87.4133546466736,41.4778457966548],[-87.4126246459009,41.4776657970523],[-87.4115996460761,41.4774137969282],[-87.4115746464673,41.4774077962786],[-87.4098366459389,41.4769837967092],[-87.4046236441173,41.4757117963821],[-87.4039386442781,41.4755447972073],[-87.4028836437955,41.4753017968169],[-87.4019376427121,41.475089796473],[-87.4017606434336,41.4750517967644],[-87.4009246421202,41.4748737963223],[-87.39990764263,41.4746697962611],[-87.3988876424637,41.4744747964301],[-87.3983786419596,41.4743837967192],[-87.3978636412224,41.4742917965326],[-87.3972476421817,41.4741847967699],[-87.3968686413093,41.4741197975121],[-87.3957316407214,41.4739247966867],[-87.3953526406912,41.4738607972116],[-87.3949276412171,41.4737877971548],[-87.3936566401888,41.4735707974381],[-87.3932326406781,41.4734987961929],[-87.3932276406202,41.4733147972282],[-87.393146640345,41.4716837971867],[-87.3931886405924,41.4712487963006],[-87.3931576393316,41.4695367969464],[-87.3931416395467,41.4686987962101],[-87.3929396387972,41.45765279448],[-87.3928676377884,41.4536917933272],[-87.3927636392043,41.453261792778],[-87.3927266391711,41.4518207929924],[-87.3927166379828,41.451352793057],[-87.3927146378769,41.4512417928404],[-87.3926886384202,41.4499507923956],[-87.3926836381637,41.4496707923538],[-87.3926796376984,41.4494837929203],[-87.3926786385067,41.44943879292],[-87.3926756373578,41.4493037929708],[-87.3926746383451,41.4492597923794],[-87.3926716375202,41.4491457926978],[-87.3926656380043,41.4488057933173],[-87.3926636378267,41.4486927924285],[-87.3926616376809,41.4486187920541],[-87.3926576373681,41.4483987930479],[-87.3926566378508,41.4483257923721],[-87.3926556379727,41.4483027920659],[-87.3926546382274,41.4482347929595],[-87.3926546377558,41.4482127923736],[-87.3926536374442,41.448180792854],[-87.3926516380809,41.4480977923415],[-87.3926466384842,41.4478507926459],[-87.3926456383638,41.4477807920128],[-87.3926456384012,41.4477547928648],[-87.3926446385836,41.4476407919365],[-87.3926426383647,41.447565792137],[-87.3926396383371,41.4473437927603],[-87.3926386375089,41.447269791778],[-87.3926206377106,41.4462167919349],[-87.3925686379765,41.4430597916508],[-87.3925656375487,41.4428367918032],[-87.3925496378626,41.4420077911027],[-87.3925486378687,41.4419827919456],[-87.3925476378085,41.4419107915162],[-87.3925476370955,41.4418867911832],[-87.392535636653,41.4413097916019],[-87.3925036375741,41.4395787909959],[-87.392492637714,41.4390017905869],[-87.3924876366524,41.4387187909109],[-87.3924846369433,41.4385757908831],[-87.3924796361079,41.4382457907836],[-87.3924686375161,41.4373027901316],[-87.3924506372339,41.4359777901357],[-87.3924416364272,41.4352217902536],[-87.3924406361218,41.4351937901261],[-87.392439636869,41.4351097903206],[-87.3924396367735,41.4350817895905],[-87.3924206365346,41.4350907903068],[-87.3921736367916,41.4350907902759],[-87.3913706357521,41.4350907902864],[-87.3911036364911,41.4350917901514],[-87.3897856351451,41.4350677901166],[-87.3894896359145,41.4350627902287],[-87.3884396344363,41.4350437898526],[-87.3858326345014,41.4350177911946],[-87.3845156345169,41.4350047903484],[-87.3842546342226,41.4350037903127],[-87.3833716336609,41.434990790512],[-87.3799416329159,41.4349417914755],[-87.3787986328837,41.4349257908955],[-87.3785016324394,41.4349177910631],[-87.3776126330256,41.4348957911254],[-87.3773166317921,41.434888790789],[-87.3771596320105,41.4348887911228],[-87.3766896325657,41.434892790743],[-87.3765336316558,41.4348947913101],[-87.3762616319743,41.4348907907327],[-87.3758276315983,41.4348847905852],[-87.3754486314201,41.4348787910094],[-87.3751776308084,41.434875791347],[-87.3750286317624,41.4348737908377],[-87.3745846315853,41.4348697911001],[-87.37443663029,41.4348687906301],[-87.3742136310521,41.4348627916939],[-87.3735476314882,41.4348467907451],[-87.3733256301005,41.4348417918001],[-87.3722416305911,41.4348587910398],[-87.371234630791,41.4348747910777],[-87.3689926295666,41.4349127911607],[-87.3681206294163,41.4349267909314],[-87.3679096286879,41.4349307918129],[-87.3672456292729,41.4349357917442],[-87.365253628799,41.434951791384],[-87.3647306278071,41.4349567922532],[-87.3645286284722,41.4349287915385],[-87.3645096276021,41.4349297914299],[-87.3644626279903,41.4349297919364],[-87.3644456288299,41.4349257912947],[-87.3644106291544,41.4349177921796],[-87.3631736280192,41.4349067917844],[-87.3602516275031,41.4348837926928],[-87.3600996277655,41.4348827921198],[-87.3599486262103,41.4348807925395],[-87.3598176263345,41.4348797921556],[-87.3597286270371,41.4348797922432],[-87.3596396268635,41.434878791957],[-87.3595636265072,41.4348797917747],[-87.3594646270754,41.4348807924049],[-87.3593636265133,41.4348837924235],[-87.3582286272853,41.4349037915733],[-87.3581506271339,41.434919792222],[-87.3580696265671,41.4349247920286],[-87.357549626519,41.4349207924635],[-87.3555106258432,41.4349057920374],[-87.3552946250914,41.4349047920708],[-87.3551286262344,41.4349087921612],[-87.3550146256983,41.4349187923494],[-87.3548316258524,41.4349157926437],[-87.3548106250948,41.4347907919187],[-87.354807624967,41.4347687920407],[-87.3548056250874,41.4344127927939],[-87.3548056254263,41.4342877917407],[-87.3548046249839,41.4341967918806],[-87.3548026246794,41.4339277923782],[-87.3548026252371,41.4338377916446],[-87.3548016249817,41.4335397916294],[-87.3547986250615,41.4330307925026],[-87.3547956259716,41.432537792114],[-87.3547936258363,41.4322867919669],[-87.3547876256945,41.4315367915163],[-87.3547866255098,41.431286791377],[-87.354785625464,41.4312717913716],[-87.3547856254286,41.4312277917593],[-87.3547856251436,41.4312137918047],[-87.3547836249104,41.4310047914834],[-87.3547836250956,41.430983791992],[-87.3547796247583,41.430377791728],[-87.354778624402,41.4301697914282],[-87.3547736256332,41.4296367921012],[-87.3547586242409,41.4280387915381],[-87.3547536247611,41.4275067914572],[-87.3547496242514,41.427173790685],[-87.3547406248058,41.4261777910781],[-87.35473762554,41.4258457902652],[-87.3547336249137,41.4254647911748],[-87.3547216240585,41.4243237907859],[-87.3547186251754,41.4239077900179],[-87.3547176242591,41.4238517904007],[-87.3547156244563,41.4236737898353],[-87.354709624085,41.4231397908235],[-87.354707623987,41.4229627905619],[-87.3547046235392,41.4227807898707],[-87.3546976248586,41.422237789947],[-87.3546956241523,41.4220567892884],[-87.3546936240408,41.421894790196],[-87.354688624509,41.4214127893907],[-87.3546876240878,41.4212517903366],[-87.3546856241738,41.4210547899159],[-87.354679624603,41.4204667895749],[-87.3546786244239,41.4202707900845],[-87.3549476238773,41.4202727899686],[-87.3557556234892,41.4202787891476],[-87.3560256249905,41.4202817892211],[-87.3561456246013,41.4202817896391],[-87.3565076246228,41.4202847896135],[-87.3566286246559,41.4202867898761],[-87.3567206243458,41.4202867896052],[-87.3569986250537,41.4202887892881],[-87.3570916243805,41.4202897896566],[-87.3572776249621,41.4202897894989],[-87.357835625622,41.4202927899973],[-87.3580226246343,41.4202937895807],[-87.358097624391,41.420293789679],[-87.358324625671,41.4202947893685],[-87.3584006250861,41.4202957901934],[-87.3596486257358,41.42030278893],[-87.3608826252756,41.4203027890258],[-87.3611446256117,41.4203027895222],[-87.361931626535,41.4203027888977],[-87.3621946256534,41.4203027893873],[-87.362389626167,41.4203027887489],[-87.362976626538,41.4203027886846],[-87.363172627065,41.4203027890771],[-87.3634236261912,41.4203027890732],[-87.3641766271404,41.4203027893217],[-87.3643426265513,41.4203027892902],[-87.3644096275015,41.4203027889805],[-87.364399626243,41.4200637890505],[-87.3643706270442,41.4193497888371],[-87.3643616270994,41.4191117888132],[-87.3643636271105,41.4189047894071],[-87.3643726273033,41.4182827888644],[-87.3643626264498,41.4180897891645],[-87.3643816265793,41.4179247881524],[-87.3643856270288,41.4177787886138],[-87.3643816269199,41.4176047892479],[-87.3643726269626,41.4168707887869],[-87.3643736259151,41.4167937880973],[-87.3643806262788,41.4163877888224],[-87.3643806262068,41.4163297882503],[-87.3643826262028,41.415228787676],[-87.3643826259892,41.4150107889281],[-87.3643826263137,41.4143577884434],[-87.3643836257839,41.4141407878364],[-87.3643836267465,41.4139097875648],[-87.3643846267894,41.4132187879297],[-87.3643856262772,41.4129887876135],[-87.3646186265198,41.4129897872827],[-87.3653206269607,41.4129927877784],[-87.3655546268711,41.4129947882156],[-87.3655786263447,41.4130047872048],[-87.3657696269898,41.4130047877807],[-87.3664236264273,41.41300578764],[-87.3666416272851,41.4130067878649],[-87.3668866276199,41.4130067871409],[-87.3676246269003,41.4130077873398],[-87.3678706269063,41.4130087871635],[-87.3687446271715,41.4130097873128],[-87.371369628353,41.4130147877962],[-87.3722446282719,41.4130167873544],[-87.3724196283135,41.4130167872381],[-87.3729446284552,41.4130167879914],[-87.3731196283582,41.4130177880321],[-87.3733036297216,41.4130177871872],[-87.3738556289728,41.4130187877792],[-87.3740406289113,41.4130197874608],[-87.374755628577,41.4130297872221],[-87.3769006296648,41.4130627868544],[-87.3776166299511,41.4130737875714],[-87.3777536295458,41.4130757869735],[-87.3781656294862,41.4130817864105],[-87.378303630161,41.4130847867883],[-87.3789096305054,41.4130927874135],[-87.3794616311465,41.4131017870286],[-87.3807306306995,41.4131167875491],[-87.3813016307381,41.4131237862844],[-87.3813386312814,41.4131237866564],[-87.3813576315007,41.4131237870383],[-87.3814146321108,41.4131237863652],[-87.3814346310075,41.4131247865722],[-87.3815866314945,41.4131257870502],[-87.381961631467,41.4131307866637],[-87.3820426305599,41.4131317873725],[-87.382086631481,41.4131327869694],[-87.3820876314403,41.4131527874543],[-87.3820866316196,41.4131737874698],[-87.3820866317022,41.4132077866333],[-87.3820866306781,41.4132617868046],[-87.3820726322038,41.4153227879422],[-87.3820686311698,41.415869788179],[-87.3819186313207,41.4158687882451],[-87.3816116321305,41.4158637876478],[-87.3813616312075,41.4158607871471],[-87.3812526319877,41.4158587870638],[-87.3812506311362,41.4161247874769],[-87.3812506317311,41.4161987876849],[-87.3812486318731,41.4166397872083],[-87.3812476310481,41.4167507871365],[-87.3812466309637,41.4167707877192],[-87.3812216323861,41.4203407880001],[-87.3812216320076,41.4204017885332],[-87.3812216317885,41.4204347882459],[-87.381364631369,41.4204447882234],[-87.3815116321683,41.4204547877939],[-87.3817046317292,41.4204637879846],[-87.3820126323454,41.4204797885109],[-87.3821776320665,41.4204857885434],[-87.3823426317953,41.4204897886021],[-87.3828686322317,41.4205027879113],[-87.3833346326438,41.4205027884049],[-87.383665632103,41.4205037885146],[-87.3846216324697,41.4204967878204],[-87.3871766330419,41.4204787880071],[-87.3874956341355,41.4204727877641],[-87.3878846336178,41.4204647883777],[-87.3884596341781,41.4204617881596],[-87.3895586346567,41.4204707878943],[-87.3917756343259,41.4204917878752],[-87.3928586354148,41.4205137876563],[-87.3931216347005,41.4205197877097],[-87.3939586358163,41.4205287880364],[-87.3941656357789,41.42053078802],[-87.3947876356959,41.4205367869154],[-87.3949956359252,41.4205397878002],[-87.3960576362463,41.4205507867794],[-87.3992466366207,41.4205837876957],[-87.40030963809,41.4205947872231],[-87.4011796374329,41.4206087875015],[-87.4037896385528,41.4206507865834],[-87.4046606395499,41.4206657871125],[-87.4061476383062,41.4206747864763],[-87.4069016393788,41.4206817874164],[-87.4075256393915,41.4206887864633],[-87.4135456414579,41.4207647871191],[-87.4157586422194,41.4207927862288],[-87.4143096416992,41.4192597861771],[-87.4142166415129,41.4191617860988],[-87.4128336411339,41.4177817857445],[-87.4127236411588,41.4176807867358],[-87.4126016405887,41.4175867856198],[-87.4124706410432,41.4175007857373],[-87.4123296406174,41.4174237863739],[-87.4122466404618,41.417383786323],[-87.4119626408187,41.4172627862384],[-87.4118036402923,41.4172017862045],[-87.4116386402088,41.417150786499],[-87.411468640869,41.4171107857453],[-87.4112946405328,41.4170807855705],[-87.4111186394544,41.41706178565],[-87.4110016393287,41.4170547858877],[-87.4089916401067,41.416979786777],[-87.4088436392359,41.4169687858398],[-87.4087766397382,41.4169577860144],[-87.4086986397049,41.4169467861864],[-87.4085576402867,41.4169137862079],[-87.40842064027,41.4168707862466],[-87.4082606396408,41.416804786743],[-87.4073836396127,41.4163877863328],[-87.4071946392641,41.4163117861441],[-87.4069996392534,41.4162467862731],[-87.4068196388456,41.4161917865129],[-87.4066476389416,41.4161387867288],[-87.4058796386407,41.4159047865992],[-87.4057976383203,41.4158777861742],[-87.4055756392843,41.4158057864982],[-87.4052786382517,41.4156977858911],[-87.4050556379918,41.4156087859313],[-87.4047406386112,41.4154827855069],[-87.4043636380785,41.4153247860463],[-87.4037976383802,41.4150807862219],[-87.4033946381082,41.4149207857107],[-87.4028146369773,41.414701786067],[-87.4027816373521,41.4146897860313],[-87.4026386373614,41.4146297859465],[-87.4023266373078,41.4144687854703],[-87.4022656372039,41.4144307853531],[-87.4022136370974,41.4143837861005],[-87.4021746377855,41.4143317853558],[-87.4021486369278,41.4142747858687],[-87.4021376372683,41.4142147859787],[-87.4021466375044,41.4140187858959],[-87.4021526368159,41.4138687862997],[-87.4021726374031,41.4134207858203],[-87.4021796380302,41.4132717858254],[-87.4021796379261,41.4123917856379],[-87.4021836370209,41.4097517852218],[-87.4021856372409,41.4088727843943],[-87.4021856371863,41.4083077850863],[-87.4021856376894,41.4066157842054],[-87.4021866359888,41.4060517843578],[-87.4021866362593,41.4045977851427],[-87.4021896364299,41.4014927836163],[-87.4021966358803,41.4006947843836],[-87.4022096355907,41.4002367836608],[-87.4022526355199,41.3987847832529],[-87.4022726355575,41.3987677830695],[-87.4022946360194,41.3987347835846],[-87.4023016361207,41.3986997837912],[-87.4023016361348,41.3984807828944],[-87.4023016360284,41.3975207828974],[-87.4023026361445,41.3972007830818],[-87.4023036349578,41.3969077829312],[-87.4023096349971,41.3960317830606],[-87.4023116350722,41.3957397833761],[-87.4023156351638,41.3948957823823],[-87.4023306355681,41.3923667821445],[-87.4023356354041,41.3915237821453],[-87.4042486360315,41.3915377821372],[-87.4076426366179,41.3915637817193],[-87.4079376369761,41.3915597812884],[-87.4082326365883,41.3915447819791],[-87.4084056376885,41.391531782224],[-87.4087886370404,41.3915107823839],[-87.409167637597,41.3915007814489],[-87.4095476373563,41.3915017811658],[-87.4099886374105,41.3915087818134],[-87.4116116381779,41.3915367814797],[-87.4116676372982,41.3915347813363],[-87.4117366388282,41.3915217811719],[-87.4118016376693,41.3914987817538],[-87.4118586379442,41.3914657815846],[-87.411881637776,41.3914457818775],[-87.4119426376022,41.3915887820105],[-87.4120146381305,41.3915897820922],[-87.4156576396584,41.3916217816966],[-87.4162576399266,41.3916277813271],[-87.4164276393745,41.3916187813264],[-87.4165936400251,41.3916247818901],[-87.4181096394308,41.3916367807893],[-87.4196686409477,41.3916497808961],[-87.4196796407429,41.3936017813656],[-87.4238416418209,41.3936127812679],[-87.4238506423908,41.393498781973],[-87.4263696426475,41.3935037807632],[-87.426366642525,41.3924177808443],[-87.4265356421501,41.3924217808455],[-87.426789643222,41.3924277817096],[-87.4274566435384,41.392443781312],[-87.4274586429042,41.3918967809672],[-87.4274606432554,41.3917247808385],[-87.4287496431551,41.3917367805993],[-87.431231643218,41.3917567801082],[-87.4312386446897,41.3930607807418],[-87.431229644414,41.3945377810918],[-87.4312136445963,41.3976407813754],[-87.4312096445071,41.39897178169],[-87.4312066439444,41.4004497816878],[-87.4312036446547,41.4011857819884],[-87.4311986446553,41.4033937822764],[-87.4311976453508,41.4041307824863],[-87.4311906447583,41.4063777825027],[-87.4311796460359,41.4097897838182],[-87.4311736455508,41.4159347847291],[-87.431175646404,41.4200457848197],[-87.4311856466943,41.4203717855119],[-87.4312046470402,41.4209317857966],[-87.4311876467559,41.4244707861575],[-87.4311866468255,41.4245367862474],[-87.4263296449973,41.4244857871722],[-87.4249636450984,41.4244727866481],[-87.4244166449359,41.4244667864906],[-87.4214886446954,41.4244377862031],[-87.4215226445946,41.4260117869247],[-87.4215116448524,41.428225787482],[-87.4214956440235,41.4316947879365],[-87.4204116441433,41.4317027882223],[-87.4204126451098,41.435208788638],[-87.420607645289,41.4352107887065],[-87.4213266446834,41.4352267887638],[-87.4214616454054,41.4352297891704],[-87.4226136460231,41.4352557884381],[-87.4235866457159,41.4352777885204],[-87.4237656458762,41.4352957877566],[-87.4263146467136,41.4352977876986],[-87.4281006473584,41.4352997881349],[-87.4286866473638,41.43529978774],[-87.4286726466012,41.4351817879174],[-87.4286706471981,41.4348587885393],[-87.4286706464587,41.4347217879653],[-87.4286706469495,41.4345847882699],[-87.4286706462545,41.4344477885896],[-87.4286706467411,41.4343107879879],[-87.4286706465241,41.4341727879812],[-87.4286706470552,41.4340357882732],[-87.428670646376,41.4338987876805],[-87.4286706469271,41.4337617879664],[-87.4286706467507,41.433623787947],[-87.4286706461017,41.4334867873449],[-87.428670646683,41.4333497876213],[-87.4286706460784,41.433212787913],[-87.4286706466555,41.4330757872832],[-87.4286706465296,41.4329377872482],[-87.4286706462226,41.4325007880162],[-87.4286676473857,41.432284787843],[-87.4286616470323,41.4317897875645],[-87.4286706462607,41.4317537878682],[-87.4248096452862,41.431719788273],[-87.4248866445489,41.4280977871858],[-87.4249266451422,41.4260407872217],[-87.4311836474593,41.4260967862372],[-87.4311806480281,41.4279757869983],[-87.4311806470451,41.4281527867775],[-87.4311796479414,41.4289607865851],[-87.4311746479746,41.4315647879114],[-87.4311736477895,41.4317987874737],[-87.4311736470788,41.4322797878797],[-87.431171647751,41.433024788173],[-87.4311686480715,41.4347597877341],[-87.4311686473367,41.4350047878928],[-87.4311666474636,41.4353027884777],[-87.4313542852811,41.4353030681121],[-87.4317615059241,41.4353036755273],[-87.4331766481283,41.4353057876935],[-87.4333296486666,41.4353057884707],[-87.4338786482874,41.4353067882366],[-87.4349696483744,41.4353087884713],[-87.4351536485866,41.4353087882944],[-87.437076649407,41.4353137872254],[-87.4375576506551,41.4353147869905],[-87.4379846506852,41.4353157871964],[-87.438516650106,41.4353167871289],[-87.4420196507815,41.4353237879848],[-87.4456206515574,41.4353307878419],[-87.4461576522347,41.4353307872788],[-87.4477686524676,41.4353337868034],[-87.4483056529317,41.4353347864224],[-87.4487596531239,41.4353347872071],[-87.4501226537593,41.435334786702],[-87.4505776540871,41.4353347864047],[-87.4516146540968,41.4353247871732],[-87.4523636542815,41.4353177865157],[-87.4547276543966,41.4352967866021],[-87.4555136547796,41.43528978712],[-87.4557656554191,41.4352877868897],[-87.4562326557443,41.4352817863526],[-87.4604116562225,41.4352297865953],[-87.4604266559698,41.4352867864648],[-87.46045065633,41.4353877865844],[-87.4606416566582,41.4353817867168],[-87.4612876563847,41.4353857865694],[-87.4646436585151,41.4354047862151],[-87.4650886580585,41.4354067863871],[-87.4654196574748,41.4354087869119],[-87.4655636583923,41.4354097867966],[-87.4657926585379,41.4354177861953],[-87.4657926588304,41.4352027860513],[-87.4658236584362,41.4352027864154],[-87.4659196578793,41.435202786434],[-87.4659516588889,41.4352027864036],[-87.466167658349,41.4352147862058],[-87.4668156574523,41.4352527864848],[-87.4670316585326,41.4352657858469],[-87.4673836578586,41.4352737869845],[-87.4684416590119,41.4352977858573],[-87.46879465884,41.4353057859051],[-87.4690376595188,41.4353127860415],[-87.4697666595909,41.4353347855082],[-87.4700106596758,41.4353427862355],[-87.4712066590066,41.4353247859472],[-87.4741686605535,41.4352827859063],[-87.4742706609005,41.4352807857595],[-87.4745796604129,41.435275785671],[-87.4746826611801,41.4352747850487],[-87.4748006605134,41.4352837857301],[-87.4751556605757,41.4353127863152],[-87.4752746616636,41.4353227854728],[-87.4753646608399,41.4353217852131],[-87.4763056613695,41.4353067856098],[-87.4780296610065,41.4352807851897],[-87.4783446617661,41.4352847858907],[-87.4788966618545,41.4353007854818],[-87.4805546623806,41.43535078603],[-87.4811076628516,41.4353677856381],[-87.4813806625748,41.4353697854447],[-87.4822016634649,41.4353757853886],[-87.4824756626171,41.4353787851335],[-87.482739663744,41.4353767847896],[-87.4835336629968,41.4353747849412],[-87.4837986634627,41.4353737846943],[-87.4853116641156,41.4354077858092],[-87.4892926651028,41.4355727845132],[-87.4893486646862,41.4355707850848],[-87.4894026647265,41.4355707846232],[-87.4922096657947,41.4355777851184],[-87.4936326661554,41.4355817849836],[-87.4939176666584,41.435582784645],[-87.4946516665439,41.4355837851824],[-87.4977116676653,41.4355907840492],[-87.4987316676774,41.4355937846825],[-87.4988426672233,41.4355937847554],[-87.4994426671614,41.4355947842685],[-87.4999236681788,41.4355957840953],[-87.5007136679126,41.4355977845416],[-87.5015336689793,41.4356007847205],[-87.5017706684348,41.4356017843055],[-87.5024326684815,41.4356037849222],[-87.5044966696719,41.4356087839742],[-87.5049886700397,41.435608783703],[-87.5051216691748,41.4356097838163],[-87.5054116696751,41.4356107839878],[-87.5055766704159,41.4356107839333],[-87.5059386696847,41.435612784319],[-87.5062256699904,41.4356127841902],[-87.5073816703974,41.4356157844582],[-87.5083576701181,41.4356137837733],[-87.5084326704379,41.4356127835123],[-87.5084896711232,41.435612783652],[-87.5093006712081,41.4356107836795],[-87.5120886721367,41.4356037841652],[-87.5121096719951,41.4356037839372],[-87.5144166723526,41.4355987836416],[-87.514921673131,41.4355977837701],[-87.5179626738352,41.4355947833446],[-87.5179926739088,41.4355967836371],[-87.5182626733818,41.4355937830934],[-87.518619673257,41.4355937828887],[-87.5204816741638,41.4355977831048],[-87.5205026742835,41.4355967837332],[-87.5211306745786,41.435589782536],[-87.5220696751784,41.4355877829908],[-87.5240526748215,41.4355857837086],[-87.524889675589,41.4355887829504],[-87.5258176759425,41.4355927828904],[-87.5258156762868,41.4365207833586],[-87.5258186760979,41.438799783904],[-87.525816676556,41.4393077842734],[-87.5258166764909,41.4393937835541],[-87.525822676787,41.4402397839538],[-87.5258286758106,41.4408307847027],[-87.5258486761815,41.4426057845539],[-87.5258556766045,41.4431977845034],[-87.5258556771103,41.4432527841686],[-87.5258726767423,41.4433117839505],[-87.5259296758402,41.4435087842103],[-87.5259356761963,41.4435337839649],[-87.5259376766147,41.4436527843216],[-87.5259416765463,41.443771784763],[-87.5259536761131,41.4439247841878],[-87.525942676798,41.4452217839124],[-87.5259056766339,41.4495757853551],[-87.5258936771276,41.4510277859878],[-87.5258766773584,41.4516517858254],[-87.5258276774115,41.4535227865547],[-87.5258226783788,41.4537037854468],[-87.5258146778472,41.4540127861618],[-87.5258116775916,41.4541477864896],[-87.5258046776216,41.4543207864735],[-87.5256336772579,41.4566727867555],[-87.5256316784367,41.4570017863963],[-87.5256306777528,41.4573387867142],[-87.5256356781825,41.4583947870685],[-87.5256286783072,41.4588267869967],[-87.5256226781917,41.459188786466],[-87.5256066777944,41.4602757869377],[-87.5256016782007,41.4606387875608],[-87.525600678685,41.4607147870839],[-87.5255976778022,41.4609427874862],[-87.5255966782903,41.4610187870056],[-87.5256086787054,41.4611607872062],[-87.5256446789623,41.461587787198],[-87.5256576777144,41.4617307877498],[-87.5256606788213,41.4617737882442],[-87.5256726779904,41.4619027872129],[-87.5256766784012,41.4619467880596],[-87.5256766782883,41.4622757875319],[-87.5256766783047,41.4628647880903],[-87.5256766781225,41.4646097882075],[-87.525676677993,41.4647647881632],[-87.5256766785004,41.4656187882853],[-87.5256766789634,41.4665377880821],[-87.5256826792646,41.4673017881018],[-87.5257026797431,41.4695937894954],[-87.525710679242,41.4702907888881],[-87.525708679387,41.4703587885577],[-87.5256926791146,41.4706517887401],[-87.5256456793809,41.4715327889214],[-87.5256316799744,41.4718277888114],[-87.5256136791904,41.4725127896235],[-87.5255606791702,41.4745687901163],[-87.5255436797719,41.4752547891488],[-87.5255446802435,41.4754947900769],[-87.5255476798816,41.4760767901543],[-87.5255626797535,41.4788957903691],[-87.5255636798506,41.4790457903201],[-87.5255616795476,41.479357790951],[-87.5255436803274,41.4828187912486],[-87.5255386809209,41.4884677926605],[-87.5255376807373,41.4892197916259],[-87.5255376802997,41.4897157926314],[-87.5255376805767,41.4898057924228],[-87.5255376809851,41.490028792205],[-87.5255456821482,41.4946377931006],[-87.5255526814879,41.4952977940531],[-87.5255646821636,41.4969137934445],[-87.5255446815047,41.4975097939286],[-87.5255446821978,41.4976947938713],[-87.5255476817812,41.4979307937635],[-87.5255556812512,41.4986447942145],[-87.5255586818286,41.4988837940438],[-87.5255566809895,41.4989507940318],[-87.5255486823097,41.4998727941185],[-87.5255526822198,41.5000657938302],[-87.5255646817288,41.5005347945686],[-87.5255596818615,41.500646794229],[-87.5255526825656,41.5008417940691],[-87.5255486823112,41.5068197957302],[-87.5255486829248,41.5076787953267],[-87.5255446827518,41.5085517960951],[-87.5255656828728,41.5098467960288],[-87.5256096830716,41.512444795717],[-87.5256136832692,41.513779796964],[-87.525613683176,41.5140697967125],[-87.525616683344,41.5174437967615],[-87.5255676844583,41.5226187983165],[-87.5255666839217,41.5226587982919],[-87.5255066838089,41.5226577984537],[-87.5253936846759,41.5226577986218],[-87.5235476831693,41.5226587981652],[-87.5225476835931,41.522659798733],[-87.5215636827167,41.5226597986804],[-87.5208796830913,41.5226597986687],[-87.5201906826144,41.5226607989728],[-87.5186936817432,41.522660798518],[-87.518141681843,41.5226617979358],[-87.5180806824027,41.5226617980002],[-87.5179596814905,41.5226617981679],[-87.5160106811076,41.5226617979313],[-87.5158446805042,41.5226707984819],[-87.5153576809574,41.5226687987405],[-87.5138996807674,41.5226637986667],[-87.5134136801057,41.5226627983362],[-87.5125586806044,41.5226647986097],[-87.5099966798036,41.5226717990121],[-87.5091426798717,41.5226747995445],[-87.5084476792729,41.5226927990581],[-87.5063626793689,41.5227477987535],[-87.5056686782412,41.522766799074],[-87.5053246787144,41.5227787990215],[-87.5042946784322,41.5228157997551],[-87.5039516782702,41.5228287997214],[-87.5033486776305,41.522837799053],[-87.5020156767173,41.5228587989238],[-87.5017486773225,41.5228647996224],[-87.501542677557,41.5228707994433],[-87.5009406772471,41.5228877995382],[-87.4954926754401,41.5230327993071],[-87.4943846753591,41.5230677998292],[-87.4939906754894,41.5230747993604],[-87.4927656746351,41.5231058005565],[-87.4913836750215,41.5231478006947],[-87.4912926739015,41.5231487993202],[-87.4911836744982,41.5231497998942],[-87.4910306747699,41.5231518002147],[-87.4908566748948,41.523154799807],[-87.490748673316,41.5231578000319],[-87.4905816743118,41.5231598003803],[-87.4904116741646,41.523161800375],[-87.4900686738072,41.523158800108],[-87.4898996741606,41.5231587999934],[-87.4893096732982,41.5231548001677],[-87.4875396736608,41.5231458004529],[-87.4869496734426,41.5231428004948],[-87.4859946723526,41.5231348004716],[-87.4831326724881,41.5231137998306],[-87.4821786716674,41.5231068011904],[-87.4818066717514,41.5231038011236],[-87.4809186705619,41.5230968006939],[-87.4807456710951,41.52309480012],[-87.4807726717572,41.5254328003267],[-87.4807876715669,41.5262368010476],[-87.4807806708859,41.5275308018094],[-87.4807716718968,41.5284428013413],[-87.4807786717707,41.5288058015173],[-87.4807356721879,41.5303388018637],[-87.4807346719743,41.5308128014996],[-87.4807806716875,41.5340488027468],[-87.4807726728375,41.5341858026794],[-87.4807776731899,41.5345698024352],[-87.480777672689,41.5357098024721],[-87.4807706719527,41.5359388028362],[-87.4807936726722,41.5361918031947],[-87.4807936731932,41.536327803507],[-87.4807936726476,41.5363448031053],[-87.4807986718745,41.5376318030759],[-87.4807376733775,41.5376308028719],[-87.4806486717517,41.5376308036246],[-87.4783566726612,41.5376128037638],[-87.4760186718635,41.5375938039276],[-87.4736126707283,41.537573804046],[-87.4713056688973,41.5375548035582],[-87.4711396702406,41.5375538042354],[-87.4711686697523,41.5351588038962],[-87.4711726696389,41.5350948032975],[-87.4711626699303,41.5315688032888],[-87.4711546694876,41.5300648027786],[-87.4711426686812,41.5293888023065],[-87.4711086684859,41.5273638014188],[-87.4710976681951,41.5266898017451],[-87.4710936686696,41.5264508019196],[-87.4711076677794,41.5258798013001],[-87.4711356681828,41.525482801644],[-87.4711686677789,41.5251458015783],[-87.4712126681861,41.5250018012056],[-87.4712966681192,41.5237538012593]]]]},"properties":{"OBJECTID":181,"county_1":"Lake","id39_council":"089-District 4","councildistrictid":"089-District 4","featureid":"089-District 4","CountyCouncil":"County District 4","Full_CountyCouncil_Name":"Lake County District 4","County":"Lake","Shape__Area":190241001.5625,"Shape__Length":92326.343092701951}},{"type":"Feature","id":182,"geometry":{"type":"Polygon","coordinates":[[[-87.4625276816829,41.6852908292185],[-87.4546196795499,41.6821628300701],[-87.4534756793231,41.6827058302601],[-87.4397936751288,41.689202831651],[-87.4306346731363,41.6931168330467],[-87.42657167188,41.6920358324726],[-87.4243876704718,41.6914548330924],[-87.4240616707176,41.6913678327842],[-87.4240426713163,41.6913628330268],[-87.4179426690676,41.6897408331689],[-87.4171306680382,41.6895248325814],[-87.3999876615254,41.6773728319236],[-87.3999136615872,41.6767798316196],[-87.3999136621882,41.6763358311874],[-87.4001726622699,41.6756318318849],[-87.4180396662878,41.6592368278698],[-87.4209786666678,41.6573278272735],[-87.4239176675668,41.6554188263021],[-87.4305986688254,41.6517708257914],[-87.4335056705176,41.6508028256629],[-87.4334646699276,41.6506128250995],[-87.4333256694425,41.6501548249748],[-87.4331356701627,41.6498648253727],[-87.4331316699497,41.6497178251624],[-87.4331186685272,41.6489838247754],[-87.4331136699958,41.6486328252794],[-87.4331076687098,41.6483218253327],[-87.4331036695481,41.6480918253083],[-87.4331006684552,41.6478558253642],[-87.4330946694472,41.6475208249436],[-87.4330916695832,41.6473568243589],[-87.433090668899,41.6472668245101],[-87.433088668671,41.6471418239471],[-87.4330856691718,41.6470148246784],[-87.433085669031,41.6469858246831],[-87.4330796689657,41.64663882448],[-87.4330786690541,41.646554825385],[-87.4330776688458,41.6464928252377],[-87.4330736688653,41.64625882494],[-87.4330726688442,41.646208824539],[-87.4330696688952,41.6460418248828],[-87.433066668674,41.6458758246054],[-87.4330626684605,41.6455508240581],[-87.4330536687167,41.6454408245058],[-87.4330156686129,41.6449608242345],[-87.432991668471,41.644730824503],[-87.4329346686041,41.6441638244485],[-87.4329256688926,41.6440678242754],[-87.4329226681615,41.6440428237876],[-87.4328996695631,41.6438138241924],[-87.4329116682441,41.6436998239491],[-87.4324246687896,41.6427668244693],[-87.4322216682518,41.6422588238683],[-87.4320876679821,41.6417298238479],[-87.4320166682764,41.641295823288],[-87.4319376687407,41.6407328238391],[-87.4319226680044,41.6405688228161],[-87.4319736680765,41.6400118231109],[-87.4319786678949,41.6397028234834],[-87.4319896682569,41.6388778236398],[-87.4319966685988,41.6384598238476],[-87.4319986686335,41.6384228232507],[-87.4320026677234,41.6383168229906],[-87.4320046671808,41.6382818238636],[-87.432002668144,41.6380608231291],[-87.4319966683242,41.637399823283],[-87.4319966674253,41.6371798227148],[-87.4320066676678,41.6370298232223],[-87.432037667849,41.6365838230945],[-87.4320436667324,41.6365078230219],[-87.4320516674387,41.636435823031],[-87.4320516681849,41.6364138231385],[-87.4320526680106,41.6363548236079],[-87.4320526672746,41.6363258226706],[-87.4320506675368,41.6362328227482],[-87.4320586681741,41.6360278222803],[-87.432067666962,41.635831822507],[-87.4321046675545,41.635172822353],[-87.4321206682677,41.6348888225777],[-87.4321326676093,41.6344718225308],[-87.4321706670186,41.6332208220855],[-87.4321836666973,41.6328048230454],[-87.4321896669905,41.6325898224653],[-87.4321956679631,41.6324078221597],[-87.4322156680486,41.6319508219072],[-87.4322256668782,41.6317398222161],[-87.4322276669152,41.6316748226902],[-87.4322356677466,41.6314828221265],[-87.4322396667753,41.6314188227797],[-87.4322506675267,41.6311608223383],[-87.4322526675769,41.6311348220954],[-87.4322816666266,41.6303868220121],[-87.4322926668791,41.6301298218157],[-87.4323026665956,41.629867822065],[-87.4323156677204,41.629569820953],[-87.4323266668292,41.6290848212242],[-87.4323296674063,41.6290008216432],[-87.4323336672659,41.6288238218751],[-87.4323386670633,41.6286378213046],[-87.4323406665776,41.6285428213881],[-87.4323516675075,41.6276208205877],[-87.4323546672938,41.6273828216166],[-87.4323526677065,41.6262898217041],[-87.4323526670155,41.6262568204903],[-87.4323506667398,41.6260498215213],[-87.4323236665278,41.6240108207869],[-87.4323196668296,41.6236898210943],[-87.4322996659064,41.6228088204211],[-87.4322686668362,41.6215028204342],[-87.4322466665149,41.6205348200871],[-87.4321986662679,41.618462820155],[-87.4321786665562,41.6175848195529],[-87.4321786668232,41.6175458192754],[-87.432176666514,41.6175008192157],[-87.432175665809,41.6174858195238],[-87.432175666281,41.6174538194303],[-87.4321716665265,41.6173078195936],[-87.4321706664659,41.617248819096],[-87.4321646656857,41.6169918193571],[-87.432158666177,41.6166968195931],[-87.4321466650179,41.6162208191485],[-87.4321416648717,41.6159648195844],[-87.4321276655213,41.6153898198233],[-87.4321176654016,41.6149168191009],[-87.432120665779,41.6145958185424],[-87.4321336659436,41.6143698192368],[-87.4321646650225,41.614096819061],[-87.4322096656786,41.6138248192379],[-87.432240665019,41.6136748198165],[-87.4322616650757,41.6135798185916],[-87.4322956653796,41.6134238181574],[-87.4323006656585,41.6133788194618],[-87.4323156661663,41.6133358189583],[-87.4323646652053,41.6131148189582],[-87.4323936663838,41.6129838186766],[-87.4324226653855,41.6128518190345],[-87.432462665059,41.6126718185643],[-87.432487666213,41.6125518189178],[-87.4325576651525,41.6122188189885],[-87.4326246661902,41.6118098182039],[-87.4326636653532,41.6114678192616],[-87.4326876644587,41.6111258184962],[-87.4326946657672,41.6108398184612],[-87.43269666532,41.6107828183042],[-87.4326936657802,41.6104748189007],[-87.4326906653884,41.6103898182605],[-87.4326866661254,41.6102648179602],[-87.4326856659102,41.6102368181424],[-87.4326826652107,41.610156818029],[-87.4326826652174,41.6101298184321],[-87.4326626656927,41.6095168185484],[-87.4326286641621,41.6084518174094],[-87.4326326643918,41.6076788179514],[-87.4326366647713,41.6070668175737],[-87.4326446650248,41.6065228174246],[-87.4326696645578,41.6048928172276],[-87.4326786650478,41.6043498180145],[-87.4326846652563,41.6042198173723],[-87.4327006646154,41.6038348169986],[-87.4327076649069,41.6037058174702],[-87.4327066639894,41.6036768173477],[-87.4327046655915,41.6035888174667],[-87.4327056652093,41.6035608175016],[-87.4326676638316,41.6013568170248],[-87.432668664628,41.6011618168903],[-87.4326686640483,41.6011408162827],[-87.432668664327,41.6011248170948],[-87.4326686640841,41.601083817052],[-87.432669664331,41.6008488162559],[-87.4326706645518,41.6008038167987],[-87.4326736641371,41.6001448167579],[-87.4326756645229,41.599910816152],[-87.4326846646412,41.5995948168132],[-87.4327096639924,41.5988288161445],[-87.4327176643968,41.5986468165496],[-87.4327256650549,41.5985018167608],[-87.432740663944,41.5983318157018],[-87.4327466633841,41.5982528160822],[-87.432825663263,41.5975198160428],[-87.4328656632984,41.5970508157619],[-87.4328896639002,41.5965818164068],[-87.4329116636209,41.5953438157902],[-87.4329256634137,41.5935518153728],[-87.4329286632962,41.593311815444],[-87.4329346637565,41.5925908154867],[-87.4329376645506,41.5923518148951],[-87.4329396635577,41.5921708148816],[-87.4329376639683,41.5914978156105],[-87.4329466634003,41.5904848148432],[-87.4329146632162,41.5880608144371],[-87.4329166638567,41.5877668140668],[-87.4329246630329,41.5868838143063],[-87.4329276627345,41.5865898138349],[-87.4329246633195,41.5865078146288],[-87.4329166631337,41.5862608139822],[-87.4329146635754,41.5861798141014],[-87.4329176638168,41.5851098134654],[-87.4329206639238,41.5843108136128],[-87.4329236631416,41.583914814133],[-87.4329306624803,41.5822038136699],[-87.4329316632404,41.5818778137228],[-87.4329366625389,41.5807988132476],[-87.4329376629059,41.5782278130685],[-87.4328756624036,41.5770148121991],[-87.4328086612751,41.5757988122884],[-87.4327836627969,41.5755278124127],[-87.4327606622127,41.5752748122644],[-87.432719661991,41.5748768124053],[-87.4327206619162,41.574807812994],[-87.4327076618735,41.5747178118924],[-87.4326676617949,41.5744488125195],[-87.4326616617763,41.5744058120658],[-87.4326576622552,41.57436481207],[-87.4326496609746,41.5742788127487],[-87.4326466617598,41.5742368123983],[-87.4326356618204,41.5741108114953],[-87.43262266247,41.5739618121069],[-87.432609660913,41.5737328119812],[-87.4326036621667,41.5736068116599],[-87.4326026624922,41.5735228115804],[-87.432597661881,41.5732688117922],[-87.4325966619108,41.5731858120036],[-87.4325956610584,41.57314881211],[-87.4325966620029,41.5730808120555],[-87.4325976610342,41.572765811262],[-87.4325996619294,41.5726618123717],[-87.4325996613118,41.5724868118543],[-87.4326026612696,41.5719598121923],[-87.4326036618603,41.5717848124801],[-87.4326036614806,41.5717498112957],[-87.4326046622924,41.5716498109111],[-87.43260466129,41.5716168112184],[-87.4326076616191,41.5713558124442],[-87.4326216614526,41.5705748118699],[-87.4326256613416,41.5703148114931],[-87.4326276620823,41.570286811309],[-87.4326326616962,41.5702038120449],[-87.4326346608843,41.5701768112751],[-87.4326366611508,41.5701178110643],[-87.4326396610069,41.5699878117122],[-87.4326396609471,41.5699268119365],[-87.4326406613164,41.5698498119333],[-87.4326296613476,41.5696048113552],[-87.4325966611145,41.5688658110947],[-87.4325866615115,41.5686208113109],[-87.4325806618376,41.5685038117239],[-87.4325606609934,41.568155811263],[-87.4325676616037,41.5678008107909],[-87.4325446614576,41.5674568107135],[-87.4325436616018,41.567092810734],[-87.4325446614119,41.5666828106968],[-87.4325456615107,41.5666108112189],[-87.4326126605838,41.5666478110462],[-87.4326386613504,41.5666768108198],[-87.4328246608393,41.5668798107195],[-87.4328786614249,41.5669338106897],[-87.4328926607637,41.566947811257],[-87.4329616603398,41.56701681109],[-87.4332396616276,41.5672948113074],[-87.4338926618813,41.5677378106718],[-87.4341616622118,41.567825811412],[-87.4345256617458,41.5679448109197],[-87.4351006627117,41.5681178113001],[-87.4352186618077,41.5681308111696],[-87.4355776614875,41.5681728113737],[-87.4361346628914,41.5681638107885],[-87.4370926631011,41.5678988112467],[-87.4374246629311,41.567865811609],[-87.4379516627304,41.5678148109734],[-87.4388466639531,41.5677748103857],[-87.4398096634166,41.5676218104312],[-87.4399476637061,41.5675848109688],[-87.4404006630724,41.5674678104084],[-87.4410546635115,41.5671768105389],[-87.4418036638057,41.5669328103909],[-87.4422236637979,41.5670018109444],[-87.442579663454,41.5672078104684],[-87.4426276646537,41.5673028096092],[-87.4427526643872,41.5675488109655],[-87.4426486648226,41.5680058105447],[-87.4421706644826,41.5689308111244],[-87.441940664212,41.569349810243],[-87.4418576638877,41.5696438109109],[-87.4419856646881,41.5698988106918],[-87.442114663654,41.5699698115999],[-87.4422266639612,41.5700308100255],[-87.4424016640207,41.5701268113768],[-87.4433686653936,41.5704028102433],[-87.443783663973,41.5704478104546],[-87.443841664948,41.5704458107938],[-87.4444016653059,41.5704268108057],[-87.4455376658784,41.5703888107361],[-87.4462476658261,41.5703478103377],[-87.4465546653744,41.5703308104421],[-87.4467296655177,41.5703218106693],[-87.4469856648885,41.5703258104904],[-87.4473476660771,41.5703318104986],[-87.4482626658662,41.5703478102354],[-87.4489066668131,41.5704018103161],[-87.4498496660657,41.5704238097863],[-87.4513026665118,41.5704208102034],[-87.4530176680471,41.570448810235],[-87.4551736673862,41.5704858104848],[-87.4552996677713,41.5704878105559],[-87.4554796679879,41.5704908104644],[-87.4556776689687,41.5704938108395],[-87.4558046680675,41.5704958101186],[-87.4558576679914,41.5704958107844],[-87.4560156678662,41.5704988101626],[-87.4560696677018,41.5704998098606],[-87.4561006684767,41.5705008101358],[-87.4561626684304,41.5704898105186],[-87.4564426685822,41.5704458095509],[-87.4565366689381,41.570431810289],[-87.4566636682709,41.5704108100509],[-87.456754668801,41.5703968105073],[-87.4570456682745,41.5703518102544],[-87.4571736684415,41.5703318103608],[-87.457229668707,41.5703228105685],[-87.4576286691871,41.5701648106319],[-87.4579966691657,41.5700198100099],[-87.4581056688805,41.5699768095038],[-87.4589596683336,41.5694868095699],[-87.459445668619,41.5692788098156],[-87.4600426693461,41.5692658101344],[-87.4607666695066,41.5693788100718],[-87.4610666690574,41.5695278099295],[-87.461448670287,41.5696708099042],[-87.4616406700965,41.5696888098231],[-87.4616746698634,41.5701758097882],[-87.4616786705432,41.5702578097743],[-87.4616736696774,41.5703708098468],[-87.4616406703972,41.5713908101195],[-87.4615756705221,41.5722358100333],[-87.4615156702625,41.5729758103181],[-87.461512669685,41.5730428099193],[-87.4614936705506,41.5734508103866],[-87.4614896707823,41.5737028106347],[-87.4614886703392,41.5737718110867],[-87.4614866709709,41.5738918112642],[-87.4614866701627,41.5739268105882],[-87.4614956702558,41.574003811154],[-87.4614956705267,41.574016810405],[-87.4614946705263,41.5740268109028],[-87.4614906712585,41.5740948101697],[-87.461489670388,41.5741808110349],[-87.4614906707375,41.5741948102646],[-87.4614916705121,41.5742558104796],[-87.4614936703784,41.5744118108231],[-87.4615146698302,41.5748498102364],[-87.4615336704146,41.5751178106368],[-87.4615516698919,41.5753538111112],[-87.4615556699832,41.5754068107719],[-87.4615846709276,41.5757678105804],[-87.4616246706757,41.5762478116056],[-87.4616456710468,41.5767178110783],[-87.4616496700608,41.5770128103391],[-87.4616526705903,41.5772388115761],[-87.4616516700663,41.577365810716],[-87.4616526707271,41.5774418107095],[-87.4616616707443,41.5778028111959],[-87.4616776714857,41.5788468109946],[-87.4616776711562,41.5788838117602],[-87.4616826716113,41.579244811597],[-87.4616866708266,41.5796048114548],[-87.4617016717775,41.58068481172],[-87.4617076705488,41.5810458120676],[-87.4617066704763,41.5814098118164],[-87.4617066712931,41.5825048117513],[-87.4617066705286,41.5828698123041],[-87.4617066712956,41.58328581217],[-87.4617816721436,41.5846638120972],[-87.4617066708827,41.5846718125817],[-87.4616446717891,41.5865508123188],[-87.4616436721216,41.5866128124122],[-87.4616446715303,41.5866358124092],[-87.461644672111,41.5883468125405],[-87.461643671792,41.5891128127627],[-87.4616436718249,41.5891798139579],[-87.4616436718135,41.5893808130392],[-87.4616436718312,41.5894478133315],[-87.4616426725272,41.5896748129513],[-87.4616426723217,41.5903598129104],[-87.461642672282,41.5905878133847],[-87.4616416717233,41.5908608135502],[-87.4616406724038,41.5916838135616],[-87.4616406723475,41.5919578136472],[-87.4616396719006,41.5923248136364],[-87.4616386726611,41.593425813722],[-87.4616386728676,41.5937938135909],[-87.4616366720832,41.593988814147],[-87.4616316726723,41.594575814193],[-87.4616306723353,41.5947718146926],[-87.4616286718325,41.5949408140888],[-87.4616246724441,41.5954498139665],[-87.4616236724151,41.5956198142119],[-87.4616216723099,41.5958008143051],[-87.461616672717,41.5963468141872],[-87.46161567188,41.5965288142452],[-87.4616136718139,41.5967098143119],[-87.4616086723538,41.597255814114],[-87.4616076727692,41.5974378141266],[-87.4616056730167,41.5976208147331],[-87.4616016723928,41.5981728140744],[-87.4616006731404,41.5983568146259],[-87.4615976729619,41.5985388152389],[-87.4615926729591,41.5990878148474],[-87.4615916724219,41.5992708151075],[-87.4615886718525,41.5994498148455],[-87.4615826727121,41.5999888145254],[-87.4615806726747,41.6001688151088],[-87.4615786729413,41.6002778143651],[-87.4615736721955,41.6006078153912],[-87.4615726729917,41.6007178155056],[-87.4615706722869,41.6007918147044],[-87.4615676728487,41.6010158154909],[-87.4615666738746,41.6010908155331],[-87.4615636735498,41.601234815155],[-87.4615576729454,41.6016698148163],[-87.4615556731652,41.6018148152904],[-87.4615506729805,41.6020298159143],[-87.4615396729902,41.6026768152569],[-87.4615366725248,41.6028928155181],[-87.4615326729914,41.6030458161569],[-87.4615246735653,41.6035048159195],[-87.4615216732036,41.603657815345],[-87.461517673336,41.6038358158753],[-87.4615066730419,41.6043708165196],[-87.4615036736722,41.6045498151945],[-87.4614996729349,41.6046848160989],[-87.4614916723649,41.6050898157248],[-87.4614896738179,41.6052258162458],[-87.4614816739112,41.6056358163465],[-87.4614766731233,41.6061198158064],[-87.4614506735322,41.6088038165255],[-87.4614426736367,41.6096988161016],[-87.461442674333,41.6097488167545],[-87.4614436735482,41.6099008163106],[-87.4614446736764,41.609951816043],[-87.4615156732099,41.6099518164749],[-87.4617306739914,41.6099518159463],[-87.4618026740517,41.6099518167796],[-87.4806576803215,41.6100598157442],[-87.480651679711,41.6098678157828],[-87.4806926789236,41.6082268156553],[-87.4807216792201,41.6070658151002],[-87.4807366795892,41.6065148151837],[-87.4807576795052,41.6044628146102],[-87.4808636785964,41.6005498142964],[-87.4808866782375,41.5995358146016],[-87.4808986787777,41.5988468141114],[-87.4816906787958,41.5992548139538],[-87.4828116786236,41.5998268144649],[-87.4885546810847,41.6027598139896],[-87.490469681919,41.6037378140532],[-87.4906796817197,41.6038418141212],[-87.4913106820122,41.6041538141098],[-87.4915216819501,41.60425881413],[-87.4920966818961,41.6044618137284],[-87.4924676826321,41.6046418144926],[-87.4949466828087,41.6058428143544],[-87.4952076835459,41.6061098140274],[-87.4957946830115,41.6064098141009],[-87.4975556842431,41.6073098140543],[-87.4976006842971,41.607332814899],[-87.4981426846987,41.6076108139451],[-87.4985086843978,41.6077958139318],[-87.4995316845316,41.6083158145368],[-87.499607684389,41.6083538141951],[-87.4999756851189,41.6085388144484],[-87.4999546843724,41.6091778139915],[-87.4999416848236,41.6097258142392],[-87.4999216849023,41.6101878146289],[-87.4999276852453,41.6104128144927],[-87.4999356855967,41.6107218150251],[-87.4999406857076,41.612000815013],[-87.49994368573,41.6128988145817],[-87.499943685378,41.6129558143599],[-87.499943685583,41.613126815472],[-87.4999446853489,41.6131848157807],[-87.5002786865821,41.6133248151442],[-87.5012826857821,41.613744815109],[-87.5016176857838,41.6138858155844],[-87.5019286855906,41.6140098145387],[-87.502516686245,41.6142458148565],[-87.5028696861424,41.6143648150596],[-87.5031876858955,41.6144728158003],[-87.5032356868112,41.6144918157256],[-87.5033816861104,41.6145488158833],[-87.5034306865044,41.6145678150584],[-87.5039806870649,41.6147808153832],[-87.5056336870928,41.6154198154601],[-87.5061846880031,41.6156338155192],[-87.5067126886253,41.6158368152632],[-87.5079086878229,41.6162998150692],[-87.5082986881858,41.6164478151666],[-87.5088286884293,41.6166488157116],[-87.5088286878939,41.6165958153304],[-87.5088316887101,41.6164388152333],[-87.5088326884495,41.6163868144014],[-87.5089486884818,41.6164318149691],[-87.5098106884349,41.6167648155654],[-87.5127456889594,41.6178998149771],[-87.5137246904724,41.618279814704],[-87.5142946907579,41.6185008151428],[-87.5144956901818,41.6185788148696],[-87.5160126907841,41.6191448156796],[-87.5165856907597,41.6193588156525],[-87.5170886919619,41.6195458150323],[-87.5185986916707,41.6201098161363],[-87.5191026918436,41.6202978151098],[-87.519269692002,41.6203598152002],[-87.5196036919071,41.6204848149308],[-87.519726692124,41.6205388156942],[-87.5197686919481,41.6205528157933],[-87.5198506925142,41.620581815147],[-87.5199406923337,41.620604815224],[-87.5198136923972,41.6201268154076],[-87.5196166913739,41.6196478148029],[-87.5193636913522,41.6192278155714],[-87.5190636916387,41.6187658143683],[-87.5187516912701,41.618384814889],[-87.518169691312,41.6178428154752],[-87.5175386915286,41.6174148155341],[-87.5175376914383,41.6169558145598],[-87.517537691911,41.6168488153615],[-87.517537690881,41.615808814627],[-87.5175376909385,41.6148888138553],[-87.5184886912677,41.6148898142251],[-87.5185506918429,41.6148898145337],[-87.5187366911369,41.6148898143976],[-87.5187986917072,41.6148898145724],[-87.5188926907282,41.61488981399],[-87.5191746914491,41.6148898144233],[-87.5192696920887,41.6148908138715],[-87.5192666910943,41.6146808145173],[-87.5192606909116,41.6140528144815],[-87.5192586904721,41.6138438145547],[-87.5192566911099,41.6136638136889],[-87.5192506917527,41.6131258143401],[-87.5192486911717,41.6129468146527],[-87.5192466911167,41.6127718142674],[-87.5192406913088,41.6122458136975],[-87.5192386912287,41.6120718144725],[-87.5220056915981,41.6120698137683],[-87.5219996917412,41.6111958143972],[-87.5219936921541,41.6103148138468],[-87.5251936927162,41.610339813563],[-87.5251746923356,41.6112088131449],[-87.5251526928183,41.6120908134129],[-87.5251426935348,41.6125998135716],[-87.5251426932913,41.6129648135467],[-87.5251426934272,41.6138418138489],[-87.5251196928706,41.6146838143059],[-87.5251226930303,41.6155288136776],[-87.5251256928153,41.6157848138796],[-87.5251376934581,41.6168128147711],[-87.5251456934558,41.6173598149465],[-87.5251266928881,41.6189158153269],[-87.5251416941491,41.6191698152257],[-87.5251406934599,41.6205198153577],[-87.5251406934368,41.6205998150449],[-87.5251406943116,41.620619814277],[-87.5251406938752,41.6206578149226],[-87.5251406941002,41.6207988153199],[-87.5251406935647,41.6209338149624],[-87.5251076936596,41.6217658158719],[-87.5251166942934,41.6226128150605],[-87.5250846945415,41.6230608156447],[-87.5250846947846,41.6231218154344],[-87.5251166945555,41.6253158162645],[-87.5250816949287,41.6259518163446],[-87.525057694381,41.6289838170567],[-87.5250616951913,41.629470816587],[-87.5250596945626,41.6302158168681],[-87.5250626946984,41.6308088167105],[-87.5250556943861,41.6312578169682],[-87.5250696943555,41.6325788169712],[-87.5250826949017,41.6329938174076],[-87.5250866947074,41.6354748181282],[-87.5250556952091,41.6372908185377],[-87.5250556948105,41.6380518187677],[-87.5250556955956,41.6392908186769],[-87.5250026964574,41.6446438183981],[-87.5248486962789,41.6473008194842],[-87.5248976965003,41.6472888197044],[-87.5247996961043,41.6501238197358],[-87.5248446961463,41.650152820219],[-87.5247976960523,41.6513968202398],[-87.5247876972127,41.6537498208317],[-87.5247986962287,41.6545268211655],[-87.5247986969219,41.6556398214533],[-87.5247486969331,41.6567448212365],[-87.5247486971655,41.6572368216955],[-87.5247486974557,41.6587128219519],[-87.5247486969567,41.6592058216426],[-87.5247486972673,41.6604428214482],[-87.5247646970178,41.661736822624],[-87.5248606977453,41.6675908234115],[-87.5248536974969,41.6678868238969],[-87.5247866982582,41.6719868237712],[-87.524761698388,41.6735338244846],[-87.524790698936,41.6737408235535],[-87.5248486989581,41.6754438244556],[-87.524846699316,41.6764928245506],[-87.5248266998594,41.6809598252467],[-87.5247486995749,41.6817428253984],[-87.5248107005149,41.6864188260733],[-87.5248187000663,41.6869458266658],[-87.5246657009199,41.6918098277953],[-87.5246337007352,41.6933398270828],[-87.5246367004794,41.6936208272281],[-87.5246377002784,41.693785827946],[-87.5246147011609,41.6951378274518],[-87.524620700293,41.6954288275865],[-87.5246297005461,41.6972448276926],[-87.524569701699,41.6990438285387],[-87.524546701216,41.7007588286061],[-87.5245447012492,41.7008758289237],[-87.5244667007627,41.7026878288733],[-87.5244707016846,41.7027728298833],[-87.5244737020577,41.7028828293788],[-87.5244747020938,41.7029328300387],[-87.5244767017016,41.7031368291709],[-87.5244737011317,41.7033108291939],[-87.5244477018961,41.7040538294287],[-87.5243157013934,41.7066108297103],[-87.5242207019566,41.7075188300813],[-87.524199701793,41.7078988305553],[-87.5241707014281,41.7083218303516],[-87.5242057027064,41.7125628316077],[-87.5242417026542,41.7169868321889],[-87.5207377013677,41.7188108320167],[-87.5177437008834,41.7163298319913],[-87.5054246967527,41.7061228310143],[-87.5017766948487,41.7004268301726],[-87.5011216940383,41.7000578298149],[-87.5002396942718,41.6995628300939],[-87.4972636931759,41.6978908296854],[-87.494288691903,41.6962188296683],[-87.492652692064,41.6953278302582],[-87.4877466890537,41.6926548296701],[-87.4873276900849,41.6924268295066],[-87.4859666890712,41.6921748289917],[-87.4811506872686,41.691283829546],[-87.4788476864405,41.6908588300258],[-87.467161682671,41.6868718291991],[-87.4625276816829,41.6852908292185]]]},"properties":{"OBJECTID":182,"county_1":"Lake","id39_council":"089-District 5","councildistrictid":"089-District 5","featureid":"089-District 5","CountyCouncil":"County District 5","Full_CountyCouncil_Name":"Lake County District 5","County":"Lake","Shape__Area":163265652.16015625,"Shape__Length":73347.976862486932}},{"type":"Feature","id":183,"geometry":{"type":"Polygon","coordinates":[[[-87.3750326418129,41.5375618081654],[-87.3750376410802,41.537150809386],[-87.3747876405491,41.5371478092056],[-87.3740376414751,41.5371388089638],[-87.3737876409588,41.537136808708],[-87.3735546410706,41.5371338082022],[-87.3728566397052,41.5371258091415],[-87.3726246404224,41.5371238093067],[-87.3723806400608,41.5371208093895],[-87.3716496395548,41.5371128081959],[-87.3714066398015,41.5371108096781],[-87.371164639502,41.5371078090329],[-87.3704386399513,41.5370988085199],[-87.3701976402457,41.5370968093167],[-87.3699546395653,41.5370928089402],[-87.3692256397243,41.5370838091972],[-87.3689836396141,41.5370808093563],[-87.368795639354,41.5370778090408],[-87.3682346392932,41.5370688095546],[-87.368047639554,41.5370668097138],[-87.36798363883,41.5370648090642],[-87.3677946392672,41.5370618092934],[-87.36773163887,41.5370618096096],[-87.3674976389897,41.5370578086113],[-87.36679663866,41.5370478092882],[-87.3665636381195,41.5370448090165],[-87.3663176384279,41.5370408092746],[-87.3655806387098,41.5370298095277],[-87.3653356383182,41.5370268094229],[-87.3650786381809,41.5370228092991],[-87.3643106385451,41.5370108097858],[-87.3640546377145,41.5370078100225],[-87.3638276375979,41.5370038098453],[-87.3631496375482,41.5369938097696],[-87.3629236378902,41.5369908095504],[-87.362680637965,41.53698680998],[-87.3619516375632,41.5369778090974],[-87.3617096368986,41.5369748101458],[-87.3614716372022,41.5369678099215],[-87.3607576376347,41.5369498099013],[-87.3605206372456,41.5369438094885],[-87.3602746374028,41.5369428094151],[-87.3595396364565,41.5369428096033],[-87.3592946369205,41.5369428092098],[-87.3590556358269,41.5369398091239],[-87.3583416368751,41.5369308102948],[-87.3581046358257,41.5369278094126],[-87.3578566369667,41.5369238092577],[-87.3571126360397,41.5369148101502],[-87.3568646369545,41.5369118099591],[-87.3566266366465,41.5369088099139],[-87.3559136352153,41.5368998092404],[-87.3556766352321,41.5368978090368],[-87.3556616350477,41.5366638093435],[-87.3556586346192,41.5365328093907],[-87.3556406354509,41.5354388093088],[-87.3556346361923,41.5350748100327],[-87.3556296360677,41.5347118098642],[-87.3556146352368,41.533622809237],[-87.3556106358026,41.5332608089901],[-87.3553716345269,41.5332598089927],[-87.3546546348085,41.5332588092626],[-87.3544156343809,41.533258809367],[-87.3541716347459,41.5332558094168],[-87.3534406345417,41.5332488095155],[-87.3531976351273,41.5332468093303],[-87.3520006339545,41.5332358093986],[-87.351978634494,41.5332348092576],[-87.3507766345677,41.5332238095237],[-87.3505366337425,41.5332208099024],[-87.3498156335151,41.5332138088368],[-87.349576632856,41.5332118090765],[-87.3493356339815,41.5332088098507],[-87.3486146339774,41.5332018093471],[-87.3483746328316,41.5331998091176],[-87.3481376333261,41.5331978095043],[-87.3474266324746,41.5331918104661],[-87.3471896325222,41.5331908101067],[-87.3459326322629,41.5331838094365],[-87.3459096324841,41.5313708093077],[-87.3459046331463,41.5310068097647],[-87.3458896322349,41.5299148092477],[-87.3458846321705,41.5295508087286],[-87.3458766320488,41.5288158087021],[-87.3458566313878,41.5269178087788],[-87.3458516318178,41.526612808903],[-87.3458416322044,41.5258788092219],[-87.3458376315273,41.5256378087677],[-87.3458326308344,41.5252948080899],[-87.3458286306237,41.5249158088392],[-87.3458276308867,41.5246758080404],[-87.3458176313685,41.5240068081043],[-87.345803632192,41.5234888080438],[-87.3458406320061,41.5233278074854],[-87.3458316308828,41.5230728072721],[-87.3458026314252,41.5222998080686],[-87.3458026310952,41.5222428078142],[-87.3449786308623,41.5222438077461],[-87.3441696303361,41.522255807761],[-87.341746630599,41.5222918080685],[-87.3409386297053,41.5223048079941],[-87.3404546297692,41.5222788081085],[-87.3399876295562,41.5222768082896],[-87.3395636296605,41.5222688084395],[-87.3391206293963,41.522267808236],[-87.3390016285387,41.5222678087073],[-87.3388816290858,41.522268808578],[-87.3385176285408,41.5222788083467],[-87.3384246294705,41.5222798085799],[-87.3381466289154,41.5222868081642],[-87.3380546289644,41.522289808589],[-87.3378776293323,41.5222898082755],[-87.3373506282588,41.522291807641],[-87.3371746283752,41.522292808229],[-87.3369836289696,41.5222918079597],[-87.3364146286935,41.5222888084099],[-87.3362246284857,41.5222878085742],[-87.3361506286541,41.5222878089811],[-87.3360456287656,41.5222868089666],[-87.3336676280864,41.5222598081424],[-87.3324586270258,41.5222488092555],[-87.3312456267045,41.5222318086942],[-87.3301906260454,41.522218808341],[-87.3275716260351,41.5221558085504],[-87.3274696259467,41.5221538092776],[-87.3274476262202,41.5221538092325],[-87.3267586252763,41.5221428090504],[-87.3264096248025,41.5221368082918],[-87.3263906257933,41.5221358085386],[-87.3249586258302,41.5221248091521],[-87.3215686232821,41.522097808643],[-87.3208016238143,41.5220908098723],[-87.318501623416,41.5220718096268],[-87.3177356226489,41.5220658096583],[-87.3175196228921,41.5220638088993],[-87.3167406222721,41.5220578088799],[-87.3167116223913,41.5220578091025],[-87.3166586220565,41.5220578089085],[-87.3166576222621,41.5208848093417],[-87.3166566217251,41.5195278089168],[-87.3166446219511,41.5181208084276],[-87.3166406223625,41.517367808266],[-87.3166366215452,41.5161958079726],[-87.3166376220758,41.5158908087771],[-87.3166416222036,41.5150898084337],[-87.3166426219471,41.5149758085359],[-87.3166446220813,41.5147748080286],[-87.3166376216891,41.5147318079203],[-87.3166256218541,41.5147108079917],[-87.3166246214348,41.5146078077613],[-87.3166246216717,41.5145258086356],[-87.3166236215104,41.5143068078136],[-87.3166226219751,41.5141438080046],[-87.3166226212522,41.5139798079564],[-87.3166216214981,41.5138158078341],[-87.3166216220021,41.5136518077596],[-87.3166206210851,41.5134878076454],[-87.3166206212748,41.5134738087344],[-87.3166206216186,41.5133238075619],[-87.3166206222075,41.5132968082433],[-87.3166196219563,41.5131598083214],[-87.3166196214971,41.5131188083072],[-87.316619621299,41.512995807346],[-87.3166196210139,41.5129408075184],[-87.3166186216713,41.5128318080963],[-87.3166186217934,41.5127638078588],[-87.3166186210663,41.5126678080119],[-87.3166176211443,41.5125858079067],[-87.3166176214502,41.5125038078531],[-87.3166176209663,41.5124088074063],[-87.3166176208746,41.5123398077596],[-87.3166166215545,41.5122308074263],[-87.316616621293,41.5121758075916],[-87.3166166211815,41.5120528075109],[-87.3166156207845,41.5120128077407],[-87.3166156208641,41.5118758078418],[-87.3166156214517,41.5118488076165],[-87.3166146215134,41.5116978078456],[-87.3166146207257,41.511684807452],[-87.3166146211935,41.5115198079142],[-87.3166136210143,41.5113088076519],[-87.3166126220379,41.5109798070023],[-87.3166086220059,41.5099198076305],[-87.3166086221439,41.5097578071755],[-87.3166016207476,41.5074738067807],[-87.316626621079,41.5073268068966],[-87.3166076217638,41.5073258073104],[-87.3165506209068,41.5073258068005],[-87.3165326219605,41.507325806662],[-87.3146026214798,41.5073128070748],[-87.314177619926,41.5073108076622],[-87.3088156186729,41.5072718080463],[-87.3068866180486,41.5072578074159],[-87.3036226182698,41.507233807819],[-87.3031726172863,41.5072298078547],[-87.2986646156127,41.5071968070674],[-87.2983056158096,41.5071938085324],[-87.2972186155011,41.5071768086819],[-87.296400614676,41.5071798071999],[-87.2939496153296,41.5071918081797],[-87.2931326151247,41.5071968077101],[-87.2918126134433,41.5072028082607],[-87.2878526122387,41.5072208080211],[-87.2865336126763,41.5072278088463],[-87.2857476121066,41.5072318086406],[-87.2849736123516,41.50723880796],[-87.2802966109727,41.5072808091185],[-87.2794016110599,41.5072898092574],[-87.2791796097726,41.5073028088587],[-87.2789596097782,41.5073268095033],[-87.2787426098566,41.5073618089045],[-87.2786986100402,41.507370809124],[-87.2780426096717,41.5073248087997],[-87.2760746092244,41.5071868087334],[-87.2754186088882,41.5071408087191],[-87.2751716093307,41.5071458093],[-87.274431608483,41.507162808935],[-87.2741856080648,41.5071698093559],[-87.273163609235,41.5072668089317],[-87.2683796076467,41.5070518097752],[-87.2677136064163,41.5070738101208],[-87.2637346057254,41.5071368101596],[-87.258798604234,41.507021809393],[-87.2504286019126,41.5070908104445],[-87.250302601718,41.507092810575],[-87.2490366012346,41.5070778110505],[-87.2463145999348,41.5070608104254],[-87.2460906003897,41.5070668101005],[-87.2456706000347,41.5070778114046],[-87.2442836000912,41.5070918112671],[-87.2430645994866,41.5070868110111],[-87.2419455993798,41.507079810215],[-87.2407065991008,41.5070678109398],[-87.2393915980184,41.507055811419],[-87.2384715975216,41.5070468110797],[-87.2316505961463,41.507044811569],[-87.2303875955913,41.5070448108541],[-87.2295755954501,41.5070448111711],[-87.2295395951459,41.5070448115887],[-87.2293605961105,41.5070448115878],[-87.2287165958775,41.5070458115896],[-87.2285025955394,41.5070468115501],[-87.2282035950334,41.5070468117813],[-87.2273055945872,41.5070478117756],[-87.2270075942531,41.5070488118414],[-87.225645593676,41.5070508118833],[-87.221661593301,41.507058812138],[-87.2215605932808,41.5070588120914],[-87.2201995919819,41.5070618118233],[-87.220197592085,41.5056378118819],[-87.2201975916807,41.5053608119741],[-87.220185592272,41.5038308115805],[-87.2201885919066,41.5028558111523],[-87.220181591999,41.5013688110872],[-87.2201775927942,41.4999458101481],[-87.2201765927522,41.4998488110251],[-87.2201725921356,41.4983108103143],[-87.2201725922259,41.4977348109631],[-87.2201735919275,41.4965058102463],[-87.2201605915802,41.4929098094263],[-87.2201305910771,41.4911048097002],[-87.2201005909356,41.489307809268],[-87.2200945906154,41.4888958089787],[-87.2200805905019,41.4881828084757],[-87.2200435901858,41.4860438082441],[-87.2200315905943,41.4853318086085],[-87.2200055907946,41.4853318086639],[-87.2200065905497,41.4852918085401],[-87.2200205907944,41.4851798079748],[-87.2200295909783,41.4851468082531],[-87.2200155910669,41.4843358085112],[-87.2200005906699,41.482565807436],[-87.2199925905312,41.4809178078335],[-87.2199815899681,41.4797828067776],[-87.2199545904873,41.4793748071369],[-87.2199375899929,41.4791918072693],[-87.219938589911,41.4790548076489],[-87.2199505892927,41.4788368073666],[-87.2199635895121,41.4787148071062],[-87.2199675892943,41.4786228074373],[-87.2199865894178,41.4780688069427],[-87.219992590073,41.4775878072252],[-87.2200015900079,41.4774478065978],[-87.2199955898208,41.4773088072127],[-87.2199895901186,41.4772578071274],[-87.2199875894128,41.476973806416],[-87.2199875898333,41.4768908059935],[-87.2198245904948,41.4763838061036],[-87.2198185892278,41.4763058063933],[-87.219817589479,41.4762888063568],[-87.2199815897528,41.4758628068869],[-87.2199725896375,41.4745078065227],[-87.2199585893368,41.4735908065519],[-87.2199675896334,41.4734788057948],[-87.2199665894162,41.4733958062354],[-87.219957589787,41.4719398053724],[-87.2199525894341,41.4711588053878],[-87.2199525890243,41.4710928058458],[-87.2199515885765,41.4709248051188],[-87.2199495894126,41.4709068056411],[-87.2199585891576,41.4707098055045],[-87.2199665886278,41.4705408053402],[-87.2199675884135,41.4705198058115],[-87.2198795884274,41.4652648049874],[-87.2198525884316,41.4634468045582],[-87.2198455893449,41.4627168036823],[-87.2198315878738,41.4620628047113],[-87.2197855887852,41.4599848032105],[-87.2197815887788,41.4598228041024],[-87.2197705882308,41.4593378043814],[-87.2197675888437,41.4591768037705],[-87.2197535877125,41.4586008034567],[-87.2197505870504,41.4584268031509],[-87.2197145870428,41.4568758031158],[-87.2197015879894,41.4563008028748],[-87.2196735873916,41.4549848035313],[-87.2195895876732,41.4510368019252],[-87.2195615865149,41.4497208023251],[-87.219596586336,41.4495968018917],[-87.2197055876734,41.4492298021216],[-87.2197205873999,41.4491828013365],[-87.219747587489,41.4491088017248],[-87.2197435873742,41.4490278015735],[-87.219714586713,41.4483248013972],[-87.2197405865037,41.4476648017129],[-87.2197595868712,41.4472098009142],[-87.2197645866929,41.4470598017821],[-87.2197415867307,41.4455558015672],[-87.219799586496,41.4440528006055],[-87.2197865870052,41.4433288002701],[-87.2197625863199,41.4418858000917],[-87.2197075870428,41.4418848014034],[-87.2197115863495,41.4416948008416],[-87.2197135861715,41.441647800866],[-87.219749585539,41.4409388007733],[-87.2197625866134,41.4407038008417],[-87.2197625861066,41.4406668005105],[-87.2197685855415,41.4394818009786],[-87.2197705863713,41.4391797998507],[-87.2197385854006,41.4367207996507],[-87.2197115857948,41.4358187997479],[-87.2196885861964,41.4350497999136],[-87.2196455860538,41.4347477993121],[-87.2196305858989,41.4346027996357],[-87.2199485853833,41.4346207991931],[-87.2200855851563,41.4346207993029],[-87.2218875867006,41.4346227996456],[-87.2219535860137,41.4346227995138],[-87.2231355866226,41.4346237990734],[-87.2232015859362,41.4346237991255],[-87.2243845867347,41.4346247993184],[-87.2244495870206,41.4346247995783],[-87.2266105877717,41.4346267991063],[-87.22667658707,41.4346267989641],[-87.2269765876339,41.4346277997524],[-87.2284465882482,41.4346287991588],[-87.2290925876217,41.4346287991042],[-87.2291575879599,41.4346297997283],[-87.2292345885162,41.4346297990345],[-87.2292995887873,41.4346297992533],[-87.2305425884787,41.4346307988018],[-87.2306075887279,41.4346307982813],[-87.2316185888458,41.4346317981445],[-87.2316835891205,41.4346317988159],[-87.231757589003,41.4346317985441],[-87.2322095901315,41.4346317986473],[-87.2322745891782,41.4346317981009],[-87.2323045899505,41.4346317985124],[-87.2327235897414,41.4346327986347],[-87.2328345895569,41.4346327981054],[-87.2329005900334,41.4346327979752],[-87.2329705902224,41.4346327982638],[-87.2332905891653,41.4346327980376],[-87.2333565896553,41.4346327985458],[-87.2336555898649,41.4346327988046],[-87.2337205901048,41.4346327983246],[-87.2339375899426,41.4346337979586],[-87.23403058932,41.4346337984446],[-87.2389965916229,41.4346377986204],[-87.2390985905795,41.4346377980346],[-87.2391465917876,41.4346377981811],[-87.2391635920119,41.4346377980621],[-87.2391825915026,41.4346377985192],[-87.2396985914999,41.4346387984937],[-87.2438295936229,41.4346477983147],[-87.2445225929637,41.4346497988285],[-87.244588593401,41.4346497982906],[-87.2466455930433,41.4346537977878],[-87.2485525941168,41.4346587979968],[-87.2486185945564,41.4346587978461],[-87.2486575937363,41.4346587980815],[-87.2533615957632,41.4346687981214],[-87.2534275961922,41.4346687979108],[-87.2534865962535,41.4346687978995],[-87.2567115969889,41.4346757971367],[-87.2567775974306,41.4346757977035],[-87.2581405967115,41.4346787969716],[-87.2581705962516,41.434678796952],[-87.2582935974932,41.4346787975569],[-87.2583565972401,41.4346787973229],[-87.2583885972319,41.434678797475],[-87.2584245969125,41.4346787971896],[-87.2678065999899,41.43468179658],[-87.2678726003912,41.4346817970796],[-87.2679406000215,41.4346817967198],[-87.2707126000564,41.4346827968062],[-87.2708756012652,41.4346837972675],[-87.2720646010825,41.4346837972064],[-87.2723986014438,41.4346837970093],[-87.2725996013695,41.4346597966806],[-87.2763296027146,41.434668796849],[-87.277493602277,41.4346747962156],[-87.2779566029167,41.4346767961704],[-87.2781756034433,41.4346777959085],[-87.2793466027575,41.4346827960634],[-87.2798106033313,41.4346857964618],[-87.2812816034556,41.4346917956778],[-87.2856966055352,41.4347127954202],[-87.2871686050779,41.4347197955855],[-87.2891096062111,41.4347277964422],[-87.2909866076484,41.4347357958948],[-87.2949336081578,41.434756795101],[-87.2968536089996,41.4347677950669],[-87.2968746083195,41.4347737955892],[-87.2970146085268,41.4347727953191],[-87.2974376083353,41.4347727951451],[-87.297578608659,41.4347727947356],[-87.2983196088472,41.4347717950155],[-87.2992036084776,41.4347717951795],[-87.2991886083007,41.4324147943844],[-87.2991826085951,41.4311087947554],[-87.2998596091032,41.4311047940869],[-87.3004106088443,41.4311017940951],[-87.3016106101759,41.4310917946839],[-87.301605609767,41.4302097941603],[-87.3014386094304,41.4302087941295],[-87.2998266085213,41.4302097942133],[-87.2968236078626,41.4302207947141],[-87.2968096073683,41.429052794662],[-87.2968046070346,41.4285697943037],[-87.2968036075442,41.428516794065],[-87.2967996086044,41.4280817940672],[-87.2974926078098,41.4281117942828],[-87.2974866073706,41.4276807942563],[-87.2967956081256,41.4276747940973],[-87.2967936082892,41.4274967937771],[-87.2967946083863,41.4268017937452],[-87.2967976080768,41.4249987934343],[-87.296793607181,41.42480979353],[-87.2967886069597,41.4245797936237],[-87.2967746078996,41.4238897931629],[-87.2967706078815,41.423660793776],[-87.2970456077288,41.4235917940939],[-87.2976806072296,41.4232727930844],[-87.2978556068673,41.4231797934554],[-87.2992266073393,41.4225817927641],[-87.299451608148,41.4224897926456],[-87.2995116081527,41.4224657930155],[-87.2999196085621,41.4223447921438],[-87.3006276086076,41.422213793165],[-87.3013276081801,41.4221417929642],[-87.3016636091158,41.4221527929668],[-87.3022616089964,41.4222907921851],[-87.3025636087264,41.4222937923439],[-87.3032886097366,41.4222797927289],[-87.3039616088018,41.4222607933459],[-87.3043936095221,41.4222217928454],[-87.3045886099121,41.422177792283],[-87.3046556093354,41.4221677929718],[-87.3046836089759,41.4221687934323],[-87.304711609866,41.4221757922063],[-87.3047856096032,41.4222437930733],[-87.3049206089808,41.4223747927241],[-87.3049756090982,41.4224117929411],[-87.3052166098287,41.4226147930793],[-87.3056906105273,41.422976792552],[-87.3058876094682,41.4231967925684],[-87.3067696107071,41.4249547936723],[-87.3070686105546,41.4255797930882],[-87.3073536102432,41.4263267929792],[-87.3075426106914,41.4270017932275],[-87.30760061065,41.4274777935771],[-87.3112756118722,41.427473793012],[-87.3112756118123,41.4273527936665],[-87.3112736121517,41.4271767934924],[-87.3112726114288,41.4269707927776],[-87.3112726112351,41.4268887924803],[-87.3112716109877,41.4268067938757],[-87.3112706114539,41.4266707931716],[-87.3112706108587,41.4265347934878],[-87.3112696126567,41.4264197932216],[-87.3112686120731,41.4263047929873],[-87.3112686117193,41.4261907931775],[-87.31126761235,41.4260757929216],[-87.311266611795,41.4259607926805],[-87.3112666125564,41.4258457934267],[-87.3112656121462,41.4257317935015],[-87.3112646116198,41.4256167932536],[-87.3112646123817,41.425501793093],[-87.3112636118965,41.4253867937406],[-87.311262611502,41.4252727929064],[-87.3112626122872,41.4251577927392],[-87.3112616118078,41.4250427924799],[-87.3112606113613,41.4249277931184],[-87.3112596118448,41.4246987929991],[-87.3112576109962,41.4244687933602],[-87.311256611527,41.4242397923229],[-87.3112556120111,41.4240097927561],[-87.3112536113794,41.4237807925107],[-87.311252610738,41.4235507929429],[-87.3112506113441,41.4232907925644],[-87.31125061089,41.4231947922067],[-87.3112496116135,41.4230987926229],[-87.3112486117376,41.4228847927804],[-87.3112476123863,41.4226957919884],[-87.311246611761,41.4225057917865],[-87.3112456111824,41.4223157924786],[-87.3112446118006,41.4221257922473],[-87.3112426113433,41.4219367922401],[-87.3112416120121,41.4217467919965],[-87.3112406115316,41.4215567926638],[-87.3112396110523,41.421366792425],[-87.3112386106977,41.4211777916012],[-87.3112376110788,41.4210257919089],[-87.3112366110765,41.4207977919758],[-87.3112356107152,41.4206077926124],[-87.3112336107527,41.4203277919583],[-87.3112326106975,41.4201817914893],[-87.3108356116081,41.4201827921454],[-87.309952611003,41.4201837919456],[-87.3073046100081,41.4201877925212],[-87.3067536097477,41.4201887921318],[-87.3064756095334,41.4202017919153],[-87.3064226097845,41.420205792451],[-87.3061766103256,41.4202117922435],[-87.3044956098557,41.4202087927251],[-87.301606509636,41.4202042943948],[-87.3016240964906,41.4165521241649],[-87.306439650369,41.4165508202907],[-87.3064416089094,41.4161577919585],[-87.3064426095299,41.4160537917052],[-87.3064536087684,41.4150167911999],[-87.3064576090022,41.4147547914622],[-87.3064716095063,41.4139687915864],[-87.3064746084746,41.4137957908404],[-87.3065566095132,41.4138167910295],[-87.3083836108435,41.4142917906173],[-87.3094116102283,41.4145587912328],[-87.3094666102484,41.4143767912979],[-87.30988660971,41.4129907903235],[-87.3099136104697,41.4129007913827],[-87.3117666106865,41.4129047911799],[-87.3124906110917,41.4129067903588],[-87.3157146125903,41.4129077905471],[-87.3184846136622,41.412907789897],[-87.3192616134734,41.4129077896283],[-87.3213566136329,41.4129087898438],[-87.3214566129749,41.4129087901012],[-87.3215266145314,41.4129087896603],[-87.3216036141173,41.4129087902371],[-87.3234296142956,41.412907789878],[-87.3256156148175,41.4129067894797],[-87.3290896162692,41.4129047901301],[-87.3307376158981,41.4129047901729],[-87.3307856163549,41.4129047899444],[-87.3309316163157,41.4129047899347],[-87.3309806166763,41.4129047904642],[-87.3318686169925,41.4129037903639],[-87.3330116170098,41.412903789605],[-87.3336776164233,41.4129027895917],[-87.3339826171828,41.4129027898769],[-87.3345486177486,41.4129027894697],[-87.3346566172805,41.4129027900955],[-87.3354606174159,41.4129067889015],[-87.3362976174352,41.4129107892957],[-87.3388066180387,41.4129227892767],[-87.3396446198964,41.4129277888727],[-87.3398986187039,41.4129287889501],[-87.3406636183844,41.4129317889277],[-87.3409186188466,41.4129337887032],[-87.3413326196011,41.4129347895024],[-87.3425746199982,41.4129407893496],[-87.3429896200558,41.4129427897517],[-87.3433086197942,41.4129437893963],[-87.3442676194181,41.4129477883801],[-87.3445876209061,41.4129497890953],[-87.3448836209214,41.4129507885296],[-87.3451066198072,41.412951789092],[-87.3451846198123,41.4129527884091],[-87.3454006207021,41.4129537887759],[-87.3457326208255,41.4129557885654],[-87.3459146203765,41.412985788514],[-87.3461246207334,41.4130327890934],[-87.3464496210681,41.4130937891622],[-87.3466126205196,41.4131137894323],[-87.3467446211772,41.4131137892155],[-87.3468726214974,41.4131107886903],[-87.3470216207647,41.4130807895022],[-87.3471476217034,41.4130387891138],[-87.3475156218407,41.4129227888471],[-87.3473966217399,41.4128337883201],[-87.347316621108,41.4127647888323],[-87.3472426215171,41.4127017890787],[-87.3464596212907,41.4119637887258],[-87.3461236199401,41.4116477887582],[-87.341999619374,41.40776478793],[-87.3406256183193,41.4064707877172],[-87.3404646185221,41.4063167874463],[-87.3399816182663,41.4058577880228],[-87.3398216182841,41.4057047879095],[-87.3396966188313,41.405585788332],[-87.3393246181337,41.4052317875584],[-87.3392016181828,41.4051137874872],[-87.3390066174201,41.4049277883123],[-87.3389686180068,41.4048917870618],[-87.3387646177323,41.4046887876386],[-87.3385736171809,41.404479787836],[-87.3384566177951,41.4043397880402],[-87.3383936174504,41.4042637876321],[-87.3382916177225,41.4041287882839],[-87.3382266178472,41.4040427874858],[-87.3380726171087,41.4038167883722],[-87.3380646176815,41.4038047872668],[-87.3379306177217,41.4035857877289],[-87.3374906178579,41.4027687875675],[-87.3373886172323,41.4025787875519],[-87.3372996169763,41.4024237873585],[-87.3372426172859,41.4023387871533],[-87.3371656174748,41.4022207875393],[-87.3370646167582,41.4020917870783],[-87.3370026168209,41.4020117871471],[-87.3369326179033,41.4019217875339],[-87.3367946167675,41.4017447871687],[-87.336720616972,41.4016567867318],[-87.3366486166295,41.4015707875797],[-87.3366416170817,41.4015627875572],[-87.3366176171244,41.4015367871903],[-87.3365246167469,41.4014377878712],[-87.3364946168604,41.4014057870914],[-87.3363506165667,41.4012537877285],[-87.3362596161855,41.4011567877184],[-87.3361486169096,41.4010517871623],[-87.3360396168121,41.4009627869881],[-87.3358756173761,41.400847787625],[-87.3357056159991,41.4007287873715],[-87.3355186163932,41.3987747866376],[-87.3354076159819,41.3987667871381],[-87.3354146153905,41.3982367870198],[-87.3353366161866,41.3982707869618],[-87.3352266162606,41.3985767866187],[-87.3315596147042,41.3983337872578],[-87.330828615583,41.3970197869582],[-87.3350076157359,41.3968897870058],[-87.3354536152002,41.3950247860068],[-87.3368516164649,41.394994786505],[-87.3378716160299,41.3949677860779],[-87.3378596165558,41.3947277868382],[-87.337861616856,41.393091785931],[-87.3378646161893,41.3913887860537],[-87.3378646167146,41.391234785351],[-87.3401606172134,41.3912447852241],[-87.3401606164732,41.3914257857025],[-87.3402826167009,41.3911117849082],[-87.3424456178489,41.3911157857607],[-87.3426926172854,41.3911167856473],[-87.3426916174744,41.3912537854212],[-87.3426886173989,41.3915097855695],[-87.3426826177364,41.3921127857487],[-87.3426816176018,41.3922737852169],[-87.3426806180673,41.3923947851545],[-87.3426786183655,41.3925167855809],[-87.3426746182724,41.3929317853768],[-87.343882618282,41.3929347862992],[-87.3450906182592,41.3929377853323],[-87.3475226199226,41.3929437852233],[-87.3475516196426,41.3929437855694],[-87.3488366201344,41.3929477855166],[-87.3499306205283,41.3929507853568],[-87.3507356203409,41.3929527855498],[-87.3513796204662,41.3929537850479],[-87.3515816195785,41.3929547855581],[-87.352347620307,41.392956784731],[-87.3523466211248,41.3934097844548],[-87.352345620407,41.3938637853935],[-87.3523436204387,41.3947277854746],[-87.3545776222395,41.3947387853126],[-87.3548156217892,41.3947407852261],[-87.3548146215799,41.394688785735],[-87.3548046210175,41.3935667844677],[-87.3548026216738,41.3931937845543],[-87.3548006212691,41.3931377849234],[-87.3548006211194,41.3929697852999],[-87.354799621054,41.3929147848175],[-87.3547996207648,41.3927807845263],[-87.3548446219447,41.3927807841135],[-87.3549096218173,41.3927807846134],[-87.3549236218377,41.3927807844386],[-87.3556036211744,41.3927827842129],[-87.355603620894,41.3924397844873],[-87.3556036217416,41.392359784606],[-87.3556046212089,41.3919587846542],[-87.3549186211339,41.3919567846771],[-87.3547966211794,41.3919557847746],[-87.3547966223475,41.3918857845256],[-87.3547856210508,41.3913317848641],[-87.3547816213495,41.3911477846608],[-87.3549676209375,41.391145784358],[-87.3555286210648,41.3911417850507],[-87.3557166216902,41.3911407850967],[-87.356137621375,41.3911367845436],[-87.3564526225325,41.3911347843091],[-87.3573546222418,41.3911387843398],[-87.3574026221467,41.3911387847778],[-87.3578246213482,41.391140785114],[-87.3582236229207,41.3911417850041],[-87.3594206217735,41.3911477837276],[-87.3598206225913,41.3911497844041],[-87.3598196231272,41.391340783691],[-87.3598186233065,41.3919157842635],[-87.3598186231385,41.39210778445],[-87.3598196231209,41.3922057844267],[-87.3598316225612,41.3922917851829],[-87.3598556224816,41.3923717838329],[-87.3598986233534,41.3924567844414],[-87.3599516228188,41.3925337847251],[-87.3600336234623,41.3926167850063],[-87.3600956231954,41.392668784182],[-87.3601836225518,41.3927247845291],[-87.3602796229275,41.3927717847447],[-87.3604716237001,41.3928527843172],[-87.3607196231007,41.3929577842565],[-87.360602623908,41.3931057850134],[-87.3602536228247,41.3935517848293],[-87.3601376231504,41.3937007842229],[-87.3600226236174,41.3938467849102],[-87.3596806234497,41.3942837841396],[-87.359566623556,41.3944307852846],[-87.3596826233169,41.3944797849291],[-87.3600266232197,41.3946257849777],[-87.3601436230913,41.3946857847004],[-87.3602466230774,41.3947517843704],[-87.3603456235072,41.3948287842711],[-87.3603596231532,41.3948417849493],[-87.3604336225461,41.3949127844679],[-87.3608226234133,41.3953277846965],[-87.3609126232757,41.3954217852981],[-87.3610986234066,41.3956147850536],[-87.3615106230178,41.3960407844063],[-87.3615776241544,41.3960967850743],[-87.3616116238019,41.396117784327],[-87.3616946243156,41.3961687852668],[-87.3618256236994,41.3962237851308],[-87.3624936245899,41.3964497844165],[-87.3625966243524,41.3964787852755],[-87.3627046241846,41.3964977856177],[-87.362834624036,41.3965057847498],[-87.363705624289,41.3965067846625],[-87.3644266245438,41.3965087844811],[-87.3644246244877,41.3974157850255],[-87.3644226249054,41.3984437849247],[-87.3644136241874,41.3984617849239],[-87.3644186246977,41.3998867852635],[-87.3644086256529,41.4015967853026],[-87.3644006255522,41.4027967862956],[-87.3643956253488,41.4056967862942],[-87.3646416255339,41.4056967865204],[-87.3653826257916,41.4056997866268],[-87.365629625482,41.405700786507],[-87.3658176257099,41.4057007863914],[-87.3663816256784,41.4057037869767],[-87.3665706266247,41.4057047864709],[-87.3668386263436,41.4057057867443],[-87.3676426266897,41.4057087864988],[-87.3679116261902,41.4057097865935],[-87.3684666272981,41.4057117863641],[-87.3701336266685,41.4057177859569],[-87.3706896274514,41.4057207866221],[-87.3711436266993,41.4057217864028],[-87.3725086281169,41.4057277863296],[-87.3729636282117,41.4057297860099],[-87.3731876285908,41.4057297854512],[-87.3738596281825,41.4057327857447],[-87.3740846282293,41.4057337860301],[-87.3740856277686,41.4060357863177],[-87.3740876283607,41.4062697867976],[-87.3740826288981,41.4069437858211],[-87.374080629146,41.4072467867732],[-87.3740796284423,41.4073317857078],[-87.3740776286362,41.407586786535],[-87.3740776288336,41.4076727862357],[-87.3740746290796,41.4079777864315],[-87.3740676282476,41.4088937863998],[-87.3740666281214,41.4091997868886],[-87.3756466293663,41.4092387871322],[-87.3781836297381,41.4093017863689],[-87.3782526304315,41.4115047869292],[-87.378303630161,41.4130847867883],[-87.3781656294862,41.4130817864105],[-87.3777536295458,41.4130757869735],[-87.3776166299511,41.4130737875714],[-87.3769006296648,41.4130627868544],[-87.374755628577,41.4130297872221],[-87.3740406289113,41.4130197874608],[-87.3738556289728,41.4130187877792],[-87.3733036297216,41.4130177871872],[-87.3731196283582,41.4130177880321],[-87.3729446284552,41.4130167879914],[-87.3724196283135,41.4130167872381],[-87.3722446282719,41.4130167873544],[-87.371369628353,41.4130147877962],[-87.3687446271715,41.4130097873128],[-87.3678706269063,41.4130087871635],[-87.3676246269003,41.4130077873398],[-87.3668866276199,41.4130067871409],[-87.3666416272851,41.4130067878649],[-87.3664236264273,41.41300578764],[-87.3657696269898,41.4130047877807],[-87.3655786263447,41.4130047872048],[-87.3655546268711,41.4129947882156],[-87.3653206269607,41.4129927877784],[-87.3646186265198,41.4129897872827],[-87.3643856262772,41.4129887876135],[-87.3643846267894,41.4132187879297],[-87.3643836267465,41.4139097875648],[-87.3643836257839,41.4141407878364],[-87.3643826263137,41.4143577884434],[-87.3643826259892,41.4150107889281],[-87.3643826262028,41.415228787676],[-87.3643806262068,41.4163297882503],[-87.3643806262788,41.4163877888224],[-87.3643736259151,41.4167937880973],[-87.3643726269626,41.4168707887869],[-87.3643816269199,41.4176047892479],[-87.3643856270288,41.4177787886138],[-87.3643816265793,41.4179247881524],[-87.3643626264498,41.4180897891645],[-87.3643726273033,41.4182827888644],[-87.3643636271105,41.4189047894071],[-87.3643616270994,41.4191117888132],[-87.3643706270442,41.4193497888371],[-87.364399626243,41.4200637890505],[-87.3644096275015,41.4203027889805],[-87.3643426265513,41.4203027892902],[-87.3641766271404,41.4203027893217],[-87.3634236261912,41.4203027890732],[-87.363172627065,41.4203027890771],[-87.362976626538,41.4203027886846],[-87.362389626167,41.4203027887489],[-87.3621946256534,41.4203027893873],[-87.361931626535,41.4203027888977],[-87.3611446256117,41.4203027895222],[-87.3608826252756,41.4203027890258],[-87.3596486257358,41.42030278893],[-87.3584006250861,41.4202957901934],[-87.358324625671,41.4202947893685],[-87.358097624391,41.420293789679],[-87.3580226246343,41.4202937895807],[-87.357835625622,41.4202927899973],[-87.3572776249621,41.4202897894989],[-87.3570916243805,41.4202897896566],[-87.3569986250537,41.4202887892881],[-87.3567206243458,41.4202867896052],[-87.3566286246559,41.4202867898761],[-87.3565076246228,41.4202847896135],[-87.3561456246013,41.4202817896391],[-87.3560256249905,41.4202817892211],[-87.3557556234892,41.4202787891476],[-87.3549476238773,41.4202727899686],[-87.3546786244239,41.4202707900845],[-87.354679624603,41.4204667895749],[-87.3546856241738,41.4210547899159],[-87.3546876240878,41.4212517903366],[-87.354688624509,41.4214127893907],[-87.3546936240408,41.421894790196],[-87.3546956241523,41.4220567892884],[-87.3546976248586,41.422237789947],[-87.3547046235392,41.4227807898707],[-87.354707623987,41.4229627905619],[-87.354709624085,41.4231397908235],[-87.3547156244563,41.4236737898353],[-87.3547176242591,41.4238517904007],[-87.3547186251754,41.4239077900179],[-87.3547216240585,41.4243237907859],[-87.3547336249137,41.4254647911748],[-87.35473762554,41.4258457902652],[-87.3547406248058,41.4261777910781],[-87.3547496242514,41.427173790685],[-87.3547536247611,41.4275067914572],[-87.3547586242409,41.4280387915381],[-87.3547736256332,41.4296367921012],[-87.354778624402,41.4301697914282],[-87.3547796247583,41.430377791728],[-87.3547836250956,41.430983791992],[-87.3547836249104,41.4310047914834],[-87.3547856251436,41.4312137918047],[-87.3547856254286,41.4312277917593],[-87.354785625464,41.4312717913716],[-87.3547866255098,41.431286791377],[-87.3547876256945,41.4315367915163],[-87.3547936258363,41.4322867919669],[-87.3547956259716,41.432537792114],[-87.3547986250615,41.4330307925026],[-87.3548016249817,41.4335397916294],[-87.3548026252371,41.4338377916446],[-87.3548026246794,41.4339277923782],[-87.3548046249839,41.4341967918806],[-87.3548056254263,41.4342877917407],[-87.3548056250874,41.4344127927939],[-87.354807624967,41.4347687920407],[-87.3548106250948,41.4347907919187],[-87.3548316258524,41.4349157926437],[-87.3550146256983,41.4349187923494],[-87.3551286262344,41.4349087921612],[-87.3552946250914,41.4349047920708],[-87.3555106258432,41.4349057920374],[-87.357549626519,41.4349207924635],[-87.3580696265671,41.4349247920286],[-87.3581506271339,41.434919792222],[-87.3582286272853,41.4349037915733],[-87.3593636265133,41.4348837924235],[-87.3594646270754,41.4348807924049],[-87.3595636265072,41.4348797917747],[-87.3596396268635,41.434878791957],[-87.3597286270371,41.4348797922432],[-87.3598176263345,41.4348797921556],[-87.3599486262103,41.4348807925395],[-87.3600996277655,41.4348827921198],[-87.3602516275031,41.4348837926928],[-87.3631736280192,41.4349067917844],[-87.3644106291544,41.4349177921796],[-87.3644456288299,41.4349257912947],[-87.3644626279903,41.4349297919364],[-87.3645096276021,41.4349297914299],[-87.3645286284722,41.4349287915385],[-87.3647306278071,41.4349567922532],[-87.365253628799,41.434951791384],[-87.3672456292729,41.4349357917442],[-87.3679096286879,41.4349307918129],[-87.3681206294163,41.4349267909314],[-87.3689926295666,41.4349127911607],[-87.371234630791,41.4348747910777],[-87.3722416305911,41.4348587910398],[-87.3733256301005,41.4348417918001],[-87.3735476314882,41.4348467907451],[-87.3742136310521,41.4348627916939],[-87.37443663029,41.4348687906301],[-87.3745846315853,41.4348697911001],[-87.3750286317624,41.4348737908377],[-87.3751776308084,41.434875791347],[-87.3754486314201,41.4348787910094],[-87.3758276315983,41.4348847905852],[-87.3762616319743,41.4348907907327],[-87.3765336316558,41.4348947913101],[-87.3766896325657,41.434892790743],[-87.3771596320105,41.4348887911228],[-87.3773166317921,41.434888790789],[-87.3776126330256,41.4348957911254],[-87.3785016324394,41.4349177910631],[-87.3787986328837,41.4349257908955],[-87.3799416329159,41.4349417914755],[-87.3833716336609,41.434990790512],[-87.3842546342226,41.4350037903127],[-87.3845156345169,41.4350047903484],[-87.3858326345014,41.4350177911946],[-87.3884396344363,41.4350437898526],[-87.3894896359145,41.4350627902287],[-87.3897856351451,41.4350677901166],[-87.3911036364911,41.4350917901514],[-87.3913706357521,41.4350907902864],[-87.3921736367916,41.4350907902759],[-87.3924206365346,41.4350907903068],[-87.3924396367735,41.4350817895905],[-87.392439636869,41.4351097903206],[-87.3924406361218,41.4351937901261],[-87.3924416364272,41.4352217902536],[-87.3924506372339,41.4359777901357],[-87.3924686375161,41.4373027901316],[-87.3924796361079,41.4382457907836],[-87.3924846369433,41.4385757908831],[-87.3924876366524,41.4387187909109],[-87.392492637714,41.4390017905869],[-87.3925036375741,41.4395787909959],[-87.392535636653,41.4413097916019],[-87.3925476370955,41.4418867911832],[-87.3925476378085,41.4419107915162],[-87.3925486378687,41.4419827919456],[-87.3925496378626,41.4420077911027],[-87.3925656375487,41.4428367918032],[-87.3925686379765,41.4430597916508],[-87.3926206377106,41.4462167919349],[-87.3926386375089,41.447269791778],[-87.3926396383371,41.4473437927603],[-87.3926426383647,41.447565792137],[-87.3926446385836,41.4476407919365],[-87.3926456384012,41.4477547928648],[-87.3926456383638,41.4477807920128],[-87.3926466384842,41.4478507926459],[-87.3926516380809,41.4480977923415],[-87.3926536374442,41.448180792854],[-87.3926546377558,41.4482127923736],[-87.3926546382274,41.4482347929595],[-87.3926556379727,41.4483027920659],[-87.3926566378508,41.4483257923721],[-87.3926576373681,41.4483987930479],[-87.3926616376809,41.4486187920541],[-87.3926636378267,41.4486927924285],[-87.3926656380043,41.4488057933173],[-87.3926716375202,41.4491457926978],[-87.3926746383451,41.4492597923794],[-87.3926756373578,41.4493037929708],[-87.3926786385067,41.44943879292],[-87.3926796376984,41.4494837929203],[-87.3926836381637,41.4496707923538],[-87.3926886384202,41.4499507923956],[-87.3927146378769,41.4512417928404],[-87.3927166379828,41.451352793057],[-87.3927266391711,41.4518207929924],[-87.3927636392043,41.453261792778],[-87.3928676377884,41.4536917933272],[-87.3929396387972,41.45765279448],[-87.3931416395467,41.4686987962101],[-87.3931576393316,41.4695367969464],[-87.3931886405924,41.4712487963006],[-87.393146640345,41.4716837971867],[-87.3932276406202,41.4733147972282],[-87.3932326406781,41.4734987961929],[-87.3936566401888,41.4735707974381],[-87.3949276412171,41.4737877971548],[-87.3953526406912,41.4738607972116],[-87.3957316407214,41.4739247966867],[-87.3968686413093,41.4741197975121],[-87.3972476421817,41.4741847967699],[-87.3978636412224,41.4742917965326],[-87.3983786419596,41.4743837967192],[-87.3988876424637,41.4744747964301],[-87.39990764263,41.4746697962611],[-87.4009246421202,41.4748737963223],[-87.4017606434336,41.4750517967644],[-87.4019376427121,41.475089796473],[-87.4028836437955,41.4753017968169],[-87.4039386442781,41.4755447972073],[-87.4046236441173,41.4757117963821],[-87.4098366459389,41.4769837967092],[-87.4115746464673,41.4774077962786],[-87.4115996460761,41.4774137969282],[-87.4126246459009,41.4776657970523],[-87.4133546466736,41.4778457966548],[-87.4146786470029,41.4781707965543],[-87.4158066477419,41.4784477965018],[-87.4168876487326,41.4787147962336],[-87.4183796479512,41.479085796116],[-87.4191296494297,41.4792677969233],[-87.4193976483415,41.4793337959098],[-87.4204206481078,41.4795707961583],[-87.4214466497226,41.4797967957008],[-87.4224776498886,41.480013796098],[-87.4235116503238,41.4802187962165],[-87.4246846500553,41.4804367962495],[-87.4259176510696,41.480653796986],[-87.4271266511427,41.4808657965241],[-87.4282276507943,41.4810517957221],[-87.4289766514475,41.4811807968336],[-87.4312246515628,41.4815707968967],[-87.4319746525712,41.4817007966715],[-87.4325086531769,41.4817917961115],[-87.4341136527419,41.4820637961378],[-87.4346486539041,41.4821557966379],[-87.4346036530203,41.4824237960221],[-87.4345416531023,41.4827957967501],[-87.4345296530354,41.4832347964726],[-87.4345226536339,41.4835077964953],[-87.4345216527732,41.4835587968287],[-87.4345646533235,41.4838607959722],[-87.4346046538193,41.4839327962744],[-87.4347696536937,41.4842227967231],[-87.4350686535189,41.4848597966786],[-87.4351926536934,41.4851097962466],[-87.435388653998,41.4855037963021],[-87.4355266547127,41.4857837963412],[-87.4359426542821,41.4866237961375],[-87.436039654854,41.4868207969303],[-87.4360816534467,41.4869047965878],[-87.436213654916,41.4871677973212],[-87.4364856550607,41.4877047964919],[-87.4365066545352,41.4879857973666],[-87.4364346546018,41.4882257963833],[-87.4364146546634,41.488265796742],[-87.4363396540164,41.4884177971015],[-87.4360376548493,41.488772796828],[-87.4349226549481,41.4900927975581],[-87.4348146541305,41.4902347971347],[-87.4347376546014,41.4903357972561],[-87.436999654329,41.4903267977473],[-87.4370116558078,41.4907597967325],[-87.4370496557033,41.4920237980692],[-87.436442654874,41.4920147973986],[-87.4364426554256,41.4920887973468],[-87.4362226547441,41.4920857969916],[-87.4355656546175,41.4920777979411],[-87.435346654773,41.4920757979221],[-87.4352196547841,41.4920677978393],[-87.435195654965,41.4920637975104],[-87.4351106542933,41.49204879746],[-87.4350056548034,41.4920187978318],[-87.4347846548464,41.49194479843],[-87.4346746542796,41.4919167976748],[-87.4345606543786,41.4918987974155],[-87.4344446541793,41.4918927972266],[-87.4343276538764,41.4918977976293],[-87.434213654502,41.4919127971372],[-87.4341026545142,41.4919387978877],[-87.4339966536027,41.4919757979655],[-87.4339736544546,41.4919867973612],[-87.4338976534552,41.4920217984256],[-87.4338066539191,41.4920767983256],[-87.4337266538491,41.4921397981136],[-87.4335466541028,41.4922987979395],[-87.4334686540813,41.4924357973943],[-87.4338256541413,41.4925277981618],[-87.4344696547473,41.4934677974335],[-87.4345186547743,41.4946757986427],[-87.4356046547562,41.4946837978443],[-87.4359406558968,41.4946867980918],[-87.4359606553827,41.4952907986117],[-87.4359796555357,41.4958647990533],[-87.4362516560418,41.4958637987593],[-87.4363826551488,41.4958637985149],[-87.4371066555102,41.4958617988968],[-87.437061655559,41.4967847980361],[-87.4390926561298,41.5005337987968],[-87.4422456579386,41.5054997990668],[-87.4424136584352,41.5077487999178],[-87.4431186588079,41.507752800489],[-87.4432986585127,41.5077537998645],[-87.4450096596295,41.5077608005011],[-87.4474566597151,41.5077728002948],[-87.44993466041,41.5077907992675],[-87.4501446597562,41.5077907995118],[-87.4518566611543,41.5077917997012],[-87.4518336615705,41.5089498001078],[-87.4518246607461,41.5094548004699],[-87.4518566615572,41.5110657999084],[-87.4518946617795,41.5130188009177],[-87.4518966616362,41.5131348000754],[-87.4518996609725,41.5132808007913],[-87.4519026618224,41.5134217999842],[-87.4519036617304,41.5134988002923],[-87.4519056615458,41.5135448010093],[-87.4519056621482,41.5135718009742],[-87.4519076613683,41.5137168007032],[-87.4519096613383,41.5138328007464],[-87.4519106619748,41.5138628004851],[-87.4518596614771,41.5140688004577],[-87.451743660973,41.5145508000138],[-87.4517446620031,41.5151018006477],[-87.4517456610399,41.5156848009237],[-87.4517596625597,41.5211088020581],[-87.451764662476,41.522916801939],[-87.4501046620451,41.522919802479],[-87.4470286611509,41.5229268027102],[-87.4451276603574,41.5229038026065],[-87.4434686603902,41.5228838028687],[-87.443276660124,41.5228808024168],[-87.4427036601785,41.5228738028947],[-87.4425126601524,41.5228718031192],[-87.4422666597985,41.5228708028308],[-87.4415296591637,41.5228678031687],[-87.4412846591845,41.5228668024407],[-87.4410106594504,41.5228648027768],[-87.4401876596592,41.5228598020916],[-87.4399146589044,41.5228588027087],[-87.4398726590904,41.5228578028351],[-87.4397496588165,41.5228578027819],[-87.439708659107,41.5228578021287],[-87.4393596590911,41.5228558035871],[-87.4383146585407,41.5228498032015],[-87.4379666589061,41.5228478030193],[-87.4379136574114,41.5228468026609],[-87.4377576580416,41.5228468028603],[-87.4377056578427,41.5228468025858],[-87.4376346580563,41.5228458029404],[-87.4374236588629,41.5228448032437],[-87.4373536579471,41.5228448027445],[-87.437106658818,41.5228428028885],[-87.4363676580217,41.5228388024112],[-87.4361216577969,41.5228378024668],[-87.4358786578225,41.5228358032466],[-87.4351516579994,41.5228318029454],[-87.43490965811,41.5228308036974],[-87.4336976574975,41.5228198026636],[-87.4326846576323,41.5228138039384],[-87.4306476565143,41.5228048035227],[-87.4305456560816,41.5228038033457],[-87.4302416559494,41.5228028027853],[-87.4301406555207,41.5228028034148],[-87.430044656137,41.5228018034823],[-87.429756655976,41.5228008029322],[-87.4296606561941,41.5228008029841],[-87.4288546557997,41.5227978031622],[-87.4277846558657,41.5227938035417],[-87.4276556557949,41.5227938041133],[-87.4266116552426,41.5227888037967],[-87.4264426550969,41.5227878036715],[-87.4262306549919,41.5227858038388],[-87.4255966552645,41.5227828037969],[-87.4253856550826,41.5227818036128],[-87.4253556539588,41.522780803059],[-87.4252666543871,41.5227808031013],[-87.4252376543946,41.5227808037092],[-87.4249956551285,41.522778803075],[-87.4242696541069,41.5227748041639],[-87.4240276543885,41.5227738035976],[-87.4239116536486,41.5227728035459],[-87.4235636533557,41.5227708038587],[-87.4234486536907,41.5227708036475],[-87.4233176545648,41.5227698034841],[-87.4229256540092,41.522766803977],[-87.4227956547499,41.5227668035503],[-87.4225596542236,41.5227648033943],[-87.4218516540669,41.5227608032956],[-87.4216166534262,41.5227598033441],[-87.4213686532889,41.5227578038353],[-87.4206256539419,41.522752804231],[-87.4203786536465,41.5227518038378],[-87.4201206527636,41.5227488035218],[-87.4193466533607,41.5227428035484],[-87.4190896535663,41.5227408039626],[-87.4188506526708,41.5227378047046],[-87.4184006523631,41.522734803928],[-87.4181366529563,41.5227298044175],[-87.417898653052,41.5227258038359],[-87.4176856528955,41.522721803766],[-87.4170496519075,41.5227108044398],[-87.4168376516026,41.5227078040814],[-87.4166186517288,41.5227038042294],[-87.4159616522316,41.5226918039666],[-87.4157676515348,41.5226888041754],[-87.4157426518221,41.5226888036529],[-87.415221652111,41.5226798045062],[-87.4136596508962,41.5226558047338],[-87.4133376514654,41.5226518042473],[-87.4131396510996,41.5226518040593],[-87.4114116505018,41.5226508045371],[-87.4062306489341,41.5226478045099],[-87.4045036493354,41.5226468047861],[-87.4021376477441,41.5226478049627],[-87.4020996476255,41.5226468047316],[-87.3973246467592,41.5226298054708],[-87.3948896459409,41.5226288048417],[-87.3939456448061,41.5226288048765],[-87.3935316454221,41.5226288050759],[-87.3924866449919,41.5226288055785],[-87.3924406444264,41.5226278051982],[-87.3923036449896,41.5226278051147],[-87.39225864503,41.5226278052509],[-87.3916896450377,41.5226258051575],[-87.3899826439777,41.5226198059919],[-87.3894136442112,41.5226188057286],[-87.3893236441187,41.5226178061213],[-87.3890536438196,41.5226148059764],[-87.3889646430621,41.5226148058245],[-87.388460643063,41.522610805801],[-87.3870046432614,41.5226038050889],[-87.3856166428454,41.5225988062013],[-87.3854476430388,41.5225948060802],[-87.3846766424669,41.5225928062011],[-87.3833106415505,41.5225818063449],[-87.3815366416229,41.5225738062659],[-87.3811246415951,41.5225698054547],[-87.3801526406363,41.5225618065427],[-87.3791656414932,41.5225578061264],[-87.3790576420783,41.5225568063684],[-87.3787346406158,41.5225548063505],[-87.3786276415728,41.5225548059999],[-87.3785766405849,41.5225538060973],[-87.378423641219,41.5225528059048],[-87.3783736418003,41.5225528057086],[-87.3782786400497,41.5225518061863],[-87.3779936407636,41.5225488061587],[-87.3778986402117,41.5225478063043],[-87.3772926403524,41.5225408068947],[-87.3754746401657,41.5225198066004],[-87.3748686394666,41.522513806423],[-87.3748606405257,41.5228358066694],[-87.3748606405521,41.522858806429],[-87.3748666397509,41.5230138056342],[-87.3748706399012,41.5238048064213],[-87.3748726400883,41.5241288063036],[-87.3748736396584,41.5242178066721],[-87.3748756402425,41.5244388059849],[-87.3748816404519,41.5250908068753],[-87.3748876399382,41.5253718071991],[-87.3748946396648,41.525682807119],[-87.3748986401372,41.5259298070325],[-87.374911639835,41.5266738071928],[-87.3749166409474,41.5269218069064],[-87.3749216410039,41.527446807452],[-87.3749366400732,41.5290218070381],[-87.3749416409631,41.5295478067951],[-87.3749416411434,41.5295968080683],[-87.374942640787,41.5296148076484],[-87.374947640471,41.5296478072401],[-87.3749726405401,41.5297008083004],[-87.3749976404838,41.5297298075195],[-87.3750366411101,41.5297618075802],[-87.3750906407813,41.5297908080291],[-87.3751576400052,41.5298098076358],[-87.3752206403727,41.5298138080847],[-87.3754666408347,41.5298118077658],[-87.3767876413604,41.529800806684],[-87.3771246413773,41.5297988069361],[-87.3771836411096,41.5298028073044],[-87.377227640715,41.5298138078427],[-87.3772986412175,41.5298438076042],[-87.3773436411329,41.5298778073505],[-87.377377641695,41.5299188071913],[-87.3773976414745,41.5299638076758],[-87.3774046409203,41.530011808029],[-87.3774036413514,41.5302048081468],[-87.3773996412726,41.5310758077995],[-87.3774046410353,41.5316398078512],[-87.3774106421234,41.5321188078755],[-87.3774136412018,41.5323158072553],[-87.377422641136,41.5329078083185],[-87.3774266409157,41.5331058083892],[-87.3783496416332,41.5330998077337],[-87.3786416418521,41.5330988074692],[-87.3800196422203,41.5330968079182],[-87.380193642446,41.5330848076924],[-87.3803656423524,41.533062807902],[-87.3810966430177,41.5328748083269],[-87.3812716424572,41.5328308080576],[-87.3819896427297,41.5326388082227],[-87.3825396425545,41.5324908072466],[-87.3832666433911,41.5322968067746],[-87.3837986430989,41.5321818074631],[-87.3839146431869,41.5321658077319],[-87.3840326428954,41.5321608074315],[-87.3841506436688,41.5321668076002],[-87.3842086434416,41.5321748078845],[-87.3842656427817,41.5321838071799],[-87.3843786444373,41.5322118073819],[-87.3844846434714,41.5322488076671],[-87.38458464302,41.5322968071714],[-87.3846756436769,41.5323528075131],[-87.3847276439254,41.5323928068665],[-87.3847326429367,41.5324488075175],[-87.3847366439154,41.5326068078209],[-87.384757643507,41.5332488084691],[-87.3847646440018,41.5334638080599],[-87.3847876436275,41.5343538081774],[-87.3847996436172,41.5353278077832],[-87.3848226444118,41.5371348080049],[-87.3847166435456,41.5371348084113],[-87.3847246443025,41.5375158084731],[-87.3847366445612,41.5386878092914],[-87.3806146431153,41.5389258085248],[-87.3750846411789,41.5392708096702],[-87.3750716418369,41.539258809268],[-87.3750356421673,41.5392228094149],[-87.3750236410885,41.539210809479],[-87.3750226412878,41.538797809316],[-87.3750226410381,41.5386238093058],[-87.3750326418129,41.5375618081654]],[[-87.3938116446246,41.515307804129],[-87.3938086449807,41.514827803809],[-87.393698644526,41.5149688043798],[-87.393655645053,41.5150278036597],[-87.3936076447088,41.515093804526],[-87.3935246452011,41.5152488042663],[-87.3934936446714,41.5153428040305],[-87.3934796444087,41.5154398041694],[-87.3934856446879,41.5155528040789],[-87.3935096441003,41.5156518040255],[-87.3935596451462,41.5157638036198],[-87.3936206453761,41.5158538041906],[-87.3936696441237,41.5159098045411],[-87.393753644396,41.515987804367],[-87.3938206439038,41.5160358037403],[-87.3938116446246,41.515307804129]],[[-87.4283326527018,41.4937837979366],[-87.4283256526315,41.4934397988471],[-87.4287196527208,41.4934357983535],[-87.4287136529432,41.4931497988758],[-87.4284216529165,41.4931487980809],[-87.4283586518381,41.4933157984975],[-87.4278826530462,41.4934297978716],[-87.427900652321,41.4938837979036],[-87.4283346527341,41.4939357981725],[-87.4283326527018,41.4937837979366]],[[-87.3571786222964,41.4000607857778],[-87.3568566231166,41.3999867862901],[-87.3565466224464,41.4000477865594],[-87.3564226219252,41.4000717863078],[-87.3562996221835,41.4000957856292],[-87.3562746223434,41.4001777858905],[-87.3562406236174,41.4002877869172],[-87.3560026225217,41.4002837867169],[-87.355911621658,41.400281786285],[-87.355911622145,41.3994107862922],[-87.3559126220367,41.3993247860956],[-87.3553946221967,41.3993207857968],[-87.3547966221037,41.3993167858153],[-87.3547946223002,41.3995157859361],[-87.3547886216495,41.4001157854491],[-87.3547876223668,41.4003157864918],[-87.3539486219097,41.400314786487],[-87.3514316213528,41.4003097859864],[-87.3513596213902,41.4003087858049],[-87.3505916211514,41.4003087860258],[-87.3503596211993,41.4003087857289],[-87.3501956198683,41.400307787106],[-87.3499116204661,41.4003077869959],[-87.3499116207213,41.4003817866471],[-87.3499096207715,41.4015977864144],[-87.3499086206056,41.4016227866314],[-87.3499086212793,41.4018717861713],[-87.3499086205734,41.4018739362922],[-87.350969481333,41.4018752262022],[-87.3507116208746,41.4020387867803],[-87.3508516214315,41.4020397866997],[-87.350923621316,41.4019827873359],[-87.3510256211113,41.4019177863533],[-87.3511376212251,41.4018607863905],[-87.3513436220753,41.4017677873267],[-87.3514986212083,41.401710786637],[-87.3516166211908,41.401681786623],[-87.3517376210249,41.4016637866202],[-87.3518606210403,41.4016567859573],[-87.3523896213587,41.4016487864779],[-87.3526386217968,41.4016367862168],[-87.3527456224495,41.4016277870575],[-87.3528856222986,41.401617786358],[-87.3531886212334,41.4016057865802],[-87.3532966209865,41.4015977860895],[-87.3534026218302,41.4015777857161],[-87.3535236221771,41.4015407857867],[-87.3536736220798,41.4014797857599],[-87.353752621431,41.4014477864073],[-87.3537806222134,41.4014327868618],[-87.3540326226921,41.401305786127],[-87.3539796217584,41.4012227867057],[-87.3536926212666,41.4007797858005],[-87.3536346213569,41.400691786775],[-87.3542556217581,41.400474786291],[-87.354565621758,41.4004757861443],[-87.3547846222203,41.4004767862667],[-87.3547846218909,41.4005737861384],[-87.354784621505,41.4006397858856],[-87.3547846218957,41.4007407861377],[-87.3547836221165,41.4010467863369],[-87.3547846225676,41.4011497860589],[-87.3547826225809,41.4013267862133],[-87.3547786220514,41.4015517862227],[-87.3556556228129,41.4015697867887],[-87.3556466226452,41.4020447861572],[-87.3558176228316,41.4020457858585],[-87.356331623151,41.402048785858],[-87.3564226221144,41.4020497865515],[-87.3571876234029,41.4020427863963],[-87.3571786222964,41.4000607857778]],[[-87.3523120591962,41.3965925267812],[-87.3523132283443,41.3947724431896],[-87.3511335979279,41.3947662748856],[-87.3511298828936,41.3965876276096],[-87.3523120591962,41.3965925267812]]]},"properties":{"OBJECTID":183,"county_1":"Lake","id39_council":"089-District 6","councildistrictid":"089-District 6","featureid":"089-District 6","CountyCouncil":"County District 6","Full_CountyCouncil_Name":"Lake County District 6","County":"Lake","Shape__Area":299864826.7734375,"Shape__Length":115291.48160997946}},{"type":"Feature","id":184,"geometry":{"type":"MultiPolygon","coordinates":[[[[-87.3511298828936,41.3965876276096],[-87.3511335979279,41.3947662748856],[-87.3523132283443,41.3947724431896],[-87.3523120591962,41.3965925267812],[-87.3511298828936,41.3965876276096]]],[[[-87.354565621758,41.4004757861443],[-87.3542556217581,41.400474786291],[-87.3536346213569,41.400691786775],[-87.3536926212666,41.4007797858005],[-87.3539796217584,41.4012227867057],[-87.3540326226921,41.401305786127],[-87.3537806222134,41.4014327868618],[-87.353752621431,41.4014477864073],[-87.3536736220798,41.4014797857599],[-87.3535236221771,41.4015407857867],[-87.3534026218302,41.4015777857161],[-87.3532966209865,41.4015977860895],[-87.3531886212334,41.4016057865802],[-87.3528856222986,41.401617786358],[-87.3527456224495,41.4016277870575],[-87.3526386217968,41.4016367862168],[-87.3523896213587,41.4016487864779],[-87.3518606210403,41.4016567859573],[-87.3517376210249,41.4016637866202],[-87.3516166211908,41.401681786623],[-87.3514986212083,41.401710786637],[-87.3513436220753,41.4017677873267],[-87.3511376212251,41.4018607863905],[-87.3510256211113,41.4019177863533],[-87.350923621316,41.4019827873359],[-87.3508516214315,41.4020397866997],[-87.3507116196792,41.4020387867978],[-87.350969481333,41.4018752262022],[-87.3499086205734,41.4018739362922],[-87.3499086212793,41.4018717861713],[-87.3499086206056,41.4016227866314],[-87.3499096207715,41.4015977864144],[-87.3499116207213,41.4003817866471],[-87.3499116204661,41.4003077869959],[-87.3501956198683,41.400307787106],[-87.3503596211993,41.4003087857289],[-87.3505916211514,41.4003087860258],[-87.3513596213902,41.4003087858049],[-87.3514316213528,41.4003097859864],[-87.3539486219097,41.400314786487],[-87.3547876223668,41.4003157864918],[-87.3547886216495,41.4001157854491],[-87.3547946223002,41.3995157859361],[-87.3547966221037,41.3993167858153],[-87.3553946221967,41.3993207857968],[-87.3559126220367,41.3993247860956],[-87.355911622145,41.3994107862922],[-87.355911621658,41.400281786285],[-87.3560026225217,41.4002837867169],[-87.3562406236174,41.4002877869172],[-87.3562746223434,41.4001777858905],[-87.3562996221835,41.4000957856292],[-87.3564226219252,41.4000717863078],[-87.3565466224464,41.4000477865594],[-87.3568566231166,41.3999867862901],[-87.3571786222964,41.4000607857778],[-87.3571876234029,41.4020427863963],[-87.3564226221144,41.4020497865515],[-87.356331623151,41.402048785858],[-87.3558176228316,41.4020457858585],[-87.3556466226452,41.4020447861572],[-87.3556556228129,41.4015697867887],[-87.3547786220514,41.4015517862227],[-87.3547826225809,41.4013267862133],[-87.3547846225676,41.4011497860589],[-87.3547836221165,41.4010467863369],[-87.3547846218957,41.4007407861377],[-87.354784621505,41.4006397858856],[-87.3547846218909,41.4005737861384],[-87.3547846222203,41.4004767862667],[-87.354565621758,41.4004757861443]]],[[[-87.5211306745786,41.435589782536],[-87.5205026742835,41.4355967837332],[-87.5204816741638,41.4355977831048],[-87.518619673257,41.4355937828887],[-87.5182626733818,41.4355937830934],[-87.5179926739088,41.4355967836371],[-87.5179626738352,41.4355947833446],[-87.514921673131,41.4355977837701],[-87.5144166723526,41.4355987836416],[-87.5121096719951,41.4356037839372],[-87.5120886721367,41.4356037841652],[-87.5093006712081,41.4356107836795],[-87.5084896711232,41.435612783652],[-87.5084326704379,41.4356127835123],[-87.5083576701181,41.4356137837733],[-87.5073816703974,41.4356157844582],[-87.5062256699904,41.4356127841902],[-87.5059386696847,41.435612784319],[-87.5055766704159,41.4356107839333],[-87.5054116696751,41.4356107839878],[-87.5051216691748,41.4356097838163],[-87.5049886700397,41.435608783703],[-87.5044966696719,41.4356087839742],[-87.5024326684815,41.4356037849222],[-87.5017706684348,41.4356017843055],[-87.5015336689793,41.4356007847205],[-87.5007136679126,41.4355977845416],[-87.4999236681788,41.4355957840953],[-87.4994426671614,41.4355947842685],[-87.4988426672233,41.4355937847554],[-87.4987316676774,41.4355937846825],[-87.4977116676653,41.4355907840492],[-87.4946516665439,41.4355837851824],[-87.4939176666584,41.435582784645],[-87.4936326661554,41.4355817849836],[-87.4922096657947,41.4355777851184],[-87.4894026647265,41.4355707846232],[-87.4893486646862,41.4355707850848],[-87.4892926651028,41.4355727845132],[-87.4853116641156,41.4354077858092],[-87.4837986634627,41.4353737846943],[-87.4835336629968,41.4353747849412],[-87.482739663744,41.4353767847896],[-87.4824756626171,41.4353787851335],[-87.4822016634649,41.4353757853886],[-87.4813806625748,41.4353697854447],[-87.4811076628516,41.4353677856381],[-87.4805546623806,41.43535078603],[-87.4788966618545,41.4353007854818],[-87.4783446617661,41.4352847858907],[-87.4780296610065,41.4352807851897],[-87.4763056613695,41.4353067856098],[-87.4753646608399,41.4353217852131],[-87.4752746616636,41.4353227854728],[-87.4751556605757,41.4353127863152],[-87.4748006605134,41.4352837857301],[-87.4746826611801,41.4352747850487],[-87.4745796604129,41.435275785671],[-87.4742706609005,41.4352807857595],[-87.4741686605535,41.4352827859063],[-87.4712066590066,41.4353247859472],[-87.4700106596758,41.4353427862355],[-87.4697666595909,41.4353347855082],[-87.4690376595188,41.4353127860415],[-87.46879465884,41.4353057859051],[-87.4684416590119,41.4352977858573],[-87.4673836578586,41.4352737869845],[-87.4670316585326,41.4352657858469],[-87.4668156574523,41.4352527864848],[-87.466167658349,41.4352147862058],[-87.4659516588889,41.4352027864036],[-87.4659196578793,41.435202786434],[-87.4658236584362,41.4352027864154],[-87.4657926588304,41.4352027860513],[-87.4657926585379,41.4354177861953],[-87.4655636583923,41.4354097867966],[-87.4654196574748,41.4354087869119],[-87.4650886580585,41.4354067863871],[-87.4646436585151,41.4354047862151],[-87.4612876563847,41.4353857865694],[-87.4606416566582,41.4353817867168],[-87.46045065633,41.4353877865844],[-87.4604266559698,41.4352867864648],[-87.4604116562225,41.4352297865953],[-87.4562326557443,41.4352817863526],[-87.4557656554191,41.4352877868897],[-87.4555136547796,41.43528978712],[-87.4547276543966,41.4352967866021],[-87.4523636542815,41.4353177865157],[-87.4516146540968,41.4353247871732],[-87.4505776540871,41.4353347864047],[-87.4501226537593,41.435334786702],[-87.4487596531239,41.4353347872071],[-87.4483056529317,41.4353347864224],[-87.4477686524676,41.4353337868034],[-87.4461576522347,41.4353307872788],[-87.4456206515574,41.4353307878419],[-87.4420196507815,41.4353237879848],[-87.438516650106,41.4353167871289],[-87.4379846506852,41.4353157871964],[-87.4375576506551,41.4353147869905],[-87.437076649407,41.4353137872254],[-87.4351536485866,41.4353087882944],[-87.4349696483744,41.4353087884713],[-87.4338786482874,41.4353067882366],[-87.4333296486666,41.4353057884707],[-87.4331766481283,41.4353057876935],[-87.4311666474636,41.4353027884777],[-87.4311686473367,41.4350047878928],[-87.4311686480715,41.4347597877341],[-87.431171647751,41.433024788173],[-87.4311736470788,41.4322797878797],[-87.4311736477895,41.4317987874737],[-87.4311746479746,41.4315647879114],[-87.4311796479414,41.4289607865851],[-87.4311806470451,41.4281527867775],[-87.4311806480281,41.4279757869983],[-87.4311836474593,41.4260967862372],[-87.4249266451422,41.4260407872217],[-87.4248866445489,41.4280977871858],[-87.4248096452862,41.431719788273],[-87.4286706462607,41.4317537878682],[-87.4286616470323,41.4317897875645],[-87.4286676473857,41.432284787843],[-87.4286706462226,41.4325007880162],[-87.4286706465296,41.4329377872482],[-87.4286706466555,41.4330757872832],[-87.4286706460784,41.433212787913],[-87.428670646683,41.4333497876213],[-87.4286706461017,41.4334867873449],[-87.4286706467507,41.433623787947],[-87.4286706469271,41.4337617879664],[-87.428670646376,41.4338987876805],[-87.4286706470552,41.4340357882732],[-87.4286706465241,41.4341727879812],[-87.4286706467411,41.4343107879879],[-87.4286706462545,41.4344477885896],[-87.4286706469495,41.4345847882699],[-87.4286706464587,41.4347217879653],[-87.4286706471981,41.4348587885393],[-87.4286726466012,41.4351817879174],[-87.4286866473638,41.43529978774],[-87.4281006473584,41.4352997881349],[-87.4263146467136,41.4352977876986],[-87.4237656458762,41.4352957877566],[-87.4235866457159,41.4352777885204],[-87.4226136460231,41.4352557884381],[-87.4214616454054,41.4352297891704],[-87.4213266446834,41.4352267887638],[-87.420607645289,41.4352107887065],[-87.4204126451098,41.435208788638],[-87.4204116441433,41.4317027882223],[-87.4214956440235,41.4316947879365],[-87.4215116448524,41.428225787482],[-87.4215226445946,41.4260117869247],[-87.4214886446954,41.4244377862031],[-87.4244166449359,41.4244667864906],[-87.4249636450984,41.4244727866481],[-87.4263296449973,41.4244857871722],[-87.4311866468255,41.4245367862474],[-87.4311876467559,41.4244707861575],[-87.4312046470402,41.4209317857966],[-87.4311856466943,41.4203717855119],[-87.431175646404,41.4200457848197],[-87.4311736455508,41.4159347847291],[-87.4311796460359,41.4097897838182],[-87.4311906447583,41.4063777825027],[-87.4311976453508,41.4041307824863],[-87.4311986446553,41.4033937822764],[-87.4312036446547,41.4011857819884],[-87.4312066439444,41.4004497816878],[-87.4312096445071,41.39897178169],[-87.4312136445963,41.3976407813754],[-87.431229644414,41.3945377810918],[-87.4312386446897,41.3930607807418],[-87.431231643218,41.3917567801082],[-87.4287496431551,41.3917367805993],[-87.4274606432554,41.3917247808385],[-87.4274586429042,41.3918967809672],[-87.4274566435384,41.392443781312],[-87.426789643222,41.3924277817096],[-87.4265356421501,41.3924217808455],[-87.426366642525,41.3924177808443],[-87.4263696426475,41.3935037807632],[-87.4238506423908,41.393498781973],[-87.4238416418209,41.3936127812679],[-87.4196796407429,41.3936017813656],[-87.4196686409477,41.3916497808961],[-87.4181096394308,41.3916367807893],[-87.4165936400251,41.3916247818901],[-87.4164276393745,41.3916187813264],[-87.4162576399266,41.3916277813271],[-87.4156576396584,41.3916217816966],[-87.4120146381305,41.3915897820922],[-87.4119426376022,41.3915887820105],[-87.411881637776,41.3914457818775],[-87.4118586379442,41.3914657815846],[-87.4118016376693,41.3914987817538],[-87.4117366388282,41.3915217811719],[-87.4116676372982,41.3915347813363],[-87.4116116381779,41.3915367814797],[-87.4099886374105,41.3915087818134],[-87.4095476373563,41.3915017811658],[-87.409167637597,41.3915007814489],[-87.4087886370404,41.3915107823839],[-87.4084056376885,41.391531782224],[-87.4082326365883,41.3915447819791],[-87.4079376369761,41.3915597812884],[-87.4076426366179,41.3915637817193],[-87.4042486360315,41.3915377821372],[-87.4023356354041,41.3915237821453],[-87.4023306355681,41.3923667821445],[-87.4023156351638,41.3948957823823],[-87.4023116350722,41.3957397833761],[-87.4023096349971,41.3960317830606],[-87.4023036349578,41.3969077829312],[-87.4023026361445,41.3972007830818],[-87.4023016360284,41.3975207828974],[-87.4023016361348,41.3984807828944],[-87.4023016361207,41.3986997837912],[-87.4022946360194,41.3987347835846],[-87.4022726355575,41.3987677830695],[-87.4022526355199,41.3987847832529],[-87.4022096355907,41.4002367836608],[-87.4021966358803,41.4006947843836],[-87.4021896364299,41.4014927836163],[-87.4021866362593,41.4045977851427],[-87.4021866359888,41.4060517843578],[-87.4021856376894,41.4066157842054],[-87.4021856371863,41.4083077850863],[-87.4021856372409,41.4088727843943],[-87.4021836370209,41.4097517852218],[-87.4021796379261,41.4123917856379],[-87.4021796380302,41.4132717858254],[-87.4021726374031,41.4134207858203],[-87.4021526368159,41.4138687862997],[-87.4021466375044,41.4140187858959],[-87.4021376372683,41.4142147859787],[-87.4021486369278,41.4142747858687],[-87.4021746377855,41.4143317853558],[-87.4022136370974,41.4143837861005],[-87.4022656372039,41.4144307853531],[-87.4023266373078,41.4144687854703],[-87.4026386373614,41.4146297859465],[-87.4027816373521,41.4146897860313],[-87.4028146369773,41.414701786067],[-87.4033946381082,41.4149207857107],[-87.4037976383802,41.4150807862219],[-87.4043636380785,41.4153247860463],[-87.4047406386112,41.4154827855069],[-87.4050556379918,41.4156087859313],[-87.4052786382517,41.4156977858911],[-87.4055756392843,41.4158057864982],[-87.4057976383203,41.4158777861742],[-87.4058796386407,41.4159047865992],[-87.4066476389416,41.4161387867288],[-87.4068196388456,41.4161917865129],[-87.4069996392534,41.4162467862731],[-87.4071946392641,41.4163117861441],[-87.4073836396127,41.4163877863328],[-87.4082606396408,41.416804786743],[-87.40842064027,41.4168707862466],[-87.4085576402867,41.4169137862079],[-87.4086986397049,41.4169467861864],[-87.4087766397382,41.4169577860144],[-87.4088436392359,41.4169687858398],[-87.4089916401067,41.416979786777],[-87.4110016393287,41.4170547858877],[-87.4111186394544,41.41706178565],[-87.4112946405328,41.4170807855705],[-87.411468640869,41.4171107857453],[-87.4116386402088,41.417150786499],[-87.4118036402923,41.4172017862045],[-87.4119626408187,41.4172627862384],[-87.4122466404618,41.417383786323],[-87.4123296406174,41.4174237863739],[-87.4124706410432,41.4175007857373],[-87.4126016405887,41.4175867856198],[-87.4127236411588,41.4176807867358],[-87.4128336411339,41.4177817857445],[-87.4142166415129,41.4191617860988],[-87.4143096416992,41.4192597861771],[-87.4157586422194,41.4207927862288],[-87.4135456414579,41.4207647871191],[-87.4075256393915,41.4206887864633],[-87.4069016393788,41.4206817874164],[-87.4061476383062,41.4206747864763],[-87.4046606395499,41.4206657871125],[-87.4037896385528,41.4206507865834],[-87.4011796374329,41.4206087875015],[-87.40030963809,41.4205947872231],[-87.3992466366207,41.4205837876957],[-87.3960576362463,41.4205507867794],[-87.3949956359252,41.4205397878002],[-87.3947876356959,41.4205367869154],[-87.3941656357789,41.42053078802],[-87.3939586358163,41.4205287880364],[-87.3931216347005,41.4205197877097],[-87.3928586354148,41.4205137876563],[-87.3917756343259,41.4204917878752],[-87.3895586346567,41.4204707878943],[-87.3884596341781,41.4204617881596],[-87.3878846336178,41.4204647883777],[-87.3874956341355,41.4204727877641],[-87.3871766330419,41.4204787880071],[-87.3846216324697,41.4204967878204],[-87.383665632103,41.4205037885146],[-87.3833346326438,41.4205027884049],[-87.3828686322317,41.4205027879113],[-87.3823426317953,41.4204897886021],[-87.3821776320665,41.4204857885434],[-87.3820126323454,41.4204797885109],[-87.3817046317292,41.4204637879846],[-87.3815116321683,41.4204547877939],[-87.381364631369,41.4204447882234],[-87.3812216317885,41.4204347882459],[-87.3812216320076,41.4204017885332],[-87.3812216323861,41.4203407880001],[-87.3812466309637,41.4167707877192],[-87.3812476310481,41.4167507871365],[-87.3812486318731,41.4166397872083],[-87.3812506317311,41.4161987876849],[-87.3812506311362,41.4161247874769],[-87.3812526319877,41.4158587870638],[-87.3813616312075,41.4158607871471],[-87.3816116321305,41.4158637876478],[-87.3819186313207,41.4158687882451],[-87.3820686311698,41.415869788179],[-87.3820726322038,41.4153227879422],[-87.3820866306781,41.4132617868046],[-87.3820866317022,41.4132077866333],[-87.3820866316196,41.4131737874698],[-87.3820876314403,41.4131527874543],[-87.382086631481,41.4131327869694],[-87.3820426305599,41.4131317873725],[-87.381961631467,41.4131307866637],[-87.3815866314945,41.4131257870502],[-87.3814346310075,41.4131247865722],[-87.3814146321108,41.4131237863652],[-87.3813576315007,41.4131237870383],[-87.3813386312814,41.4131237866564],[-87.3813016307381,41.4131237862844],[-87.3807306306995,41.4131167875491],[-87.3794616311465,41.4131017870286],[-87.3789096305054,41.4130927874135],[-87.378303630161,41.4130847867883],[-87.3782526304315,41.4115047869292],[-87.3781836297381,41.4093017863689],[-87.3756466293663,41.4092387871322],[-87.3740666281214,41.4091997868886],[-87.3740676282476,41.4088937863998],[-87.3740746290796,41.4079777864315],[-87.3740776288336,41.4076727862357],[-87.3740776286362,41.407586786535],[-87.3740796284423,41.4073317857078],[-87.374080629146,41.4072467867732],[-87.3740826288981,41.4069437858211],[-87.3740876283607,41.4062697867976],[-87.3740856277686,41.4060357863177],[-87.3740846282293,41.4057337860301],[-87.3738596281825,41.4057327857447],[-87.3731876285908,41.4057297854512],[-87.3729636282117,41.4057297860099],[-87.3725086281169,41.4057277863296],[-87.3711436266993,41.4057217864028],[-87.3706896274514,41.4057207866221],[-87.3701336266685,41.4057177859569],[-87.3684666272981,41.4057117863641],[-87.3679116261902,41.4057097865935],[-87.3676426266897,41.4057087864988],[-87.3668386263436,41.4057057867443],[-87.3665706266247,41.4057047864709],[-87.3663816256784,41.4057037869767],[-87.3658176257099,41.4057007863914],[-87.365629625482,41.405700786507],[-87.3653826257916,41.4056997866268],[-87.3646416255339,41.4056967865204],[-87.3643956253488,41.4056967862942],[-87.3644006255522,41.4027967862956],[-87.3644086256529,41.4015967853026],[-87.3644186246977,41.3998867852635],[-87.3644136241874,41.3984617849239],[-87.3644226249054,41.3984437849247],[-87.3644246244877,41.3974157850255],[-87.3644266245438,41.3965087844811],[-87.363705624289,41.3965067846625],[-87.362834624036,41.3965057847498],[-87.3627046241846,41.3964977856177],[-87.3625966243524,41.3964787852755],[-87.3624936245899,41.3964497844165],[-87.3618256236994,41.3962237851308],[-87.3616946243156,41.3961687852668],[-87.3616116238019,41.396117784327],[-87.3615776241544,41.3960967850743],[-87.3615106230178,41.3960407844063],[-87.3610986234066,41.3956147850536],[-87.3609126232757,41.3954217852981],[-87.3608226234133,41.3953277846965],[-87.3604336225461,41.3949127844679],[-87.3603596231532,41.3948417849493],[-87.3603456235072,41.3948287842711],[-87.3602466230774,41.3947517843704],[-87.3601436230913,41.3946857847004],[-87.3600266232197,41.3946257849777],[-87.3596826233169,41.3944797849291],[-87.359566623556,41.3944307852846],[-87.3596806234497,41.3942837841396],[-87.3600226236174,41.3938467849102],[-87.3601376231504,41.3937007842229],[-87.3602536228247,41.3935517848293],[-87.360602623908,41.3931057850134],[-87.3607196231007,41.3929577842565],[-87.3604716237001,41.3928527843172],[-87.3602796229275,41.3927717847447],[-87.3601836225518,41.3927247845291],[-87.3600956231954,41.392668784182],[-87.3600336234623,41.3926167850063],[-87.3599516228188,41.3925337847251],[-87.3598986233534,41.3924567844414],[-87.3598556224816,41.3923717838329],[-87.3598316225612,41.3922917851829],[-87.3598196231209,41.3922057844267],[-87.3598186231385,41.39210778445],[-87.3598186233065,41.3919157842635],[-87.3598196231272,41.391340783691],[-87.3598206225913,41.3911497844041],[-87.3594206217735,41.3911477837276],[-87.3582236229207,41.3911417850041],[-87.3578246213482,41.391140785114],[-87.3574026221467,41.3911387847778],[-87.3573546222418,41.3911387843398],[-87.3564526225325,41.3911347843091],[-87.356137621375,41.3911367845436],[-87.3557166216902,41.3911407850967],[-87.3555286210648,41.3911417850507],[-87.3549676209375,41.391145784358],[-87.3547816213495,41.3911477846608],[-87.3547856210508,41.3913317848641],[-87.3547966223475,41.3918857845256],[-87.3547966211794,41.3919557847746],[-87.3549186211339,41.3919567846771],[-87.3556046212089,41.3919587846542],[-87.3556036217416,41.392359784606],[-87.355603620894,41.3924397844873],[-87.3556036211744,41.3927827842129],[-87.3549236218377,41.3927807844386],[-87.3549096218173,41.3927807846134],[-87.3548446219447,41.3927807841135],[-87.3547996207648,41.3927807845263],[-87.354799621054,41.3929147848175],[-87.3548006211194,41.3929697852999],[-87.3548006212691,41.3931377849234],[-87.3548026216738,41.3931937845543],[-87.3548046210175,41.3935667844677],[-87.3548146215799,41.394688785735],[-87.3548156217892,41.3947407852261],[-87.3545776222395,41.3947387853126],[-87.3523436204387,41.3947277854746],[-87.352345620407,41.3938637853935],[-87.3523466211248,41.3934097844548],[-87.352347620307,41.392956784731],[-87.3515816195785,41.3929547855581],[-87.3513796204662,41.3929537850479],[-87.3507356203409,41.3929527855498],[-87.3499306205283,41.3929507853568],[-87.3488366201344,41.3929477855166],[-87.3475516196426,41.3929437855694],[-87.3475226199226,41.3929437852233],[-87.3450906182592,41.3929377853323],[-87.343882618282,41.3929347862992],[-87.3426746182724,41.3929317853768],[-87.3426786183655,41.3925167855809],[-87.3426806180673,41.3923947851545],[-87.3426816176018,41.3922737852169],[-87.3426826177364,41.3921127857487],[-87.3426886173989,41.3915097855695],[-87.3426916174744,41.3912537854212],[-87.3426926172854,41.3911167856473],[-87.3424456178489,41.3911157857607],[-87.3402826167009,41.3911117849082],[-87.3401606164732,41.3914257857025],[-87.3401606172134,41.3912447852241],[-87.3378646167146,41.391234785351],[-87.3378646161893,41.3913887860537],[-87.337861616856,41.393091785931],[-87.3378596165558,41.3947277868382],[-87.3378716160299,41.3949677860779],[-87.3368516164649,41.394994786505],[-87.3354536152002,41.3950247860068],[-87.3350076157359,41.3968897870058],[-87.330828615583,41.3970197869582],[-87.3315596147042,41.3983337872578],[-87.3352266162606,41.3985767866187],[-87.3353366161866,41.3982707869618],[-87.3354146153905,41.3982367870198],[-87.3354076159819,41.3987667871381],[-87.3355186163932,41.3987747866376],[-87.3357056159991,41.4007287873715],[-87.3358756173761,41.400847787625],[-87.3360396168121,41.4009627869881],[-87.3361486169096,41.4010517871623],[-87.3362596161855,41.4011567877184],[-87.3363506165667,41.4012537877285],[-87.3364946168604,41.4014057870914],[-87.3365246167469,41.4014377878712],[-87.3366176171244,41.4015367871903],[-87.3366416170817,41.4015627875572],[-87.3366486166295,41.4015707875797],[-87.336720616972,41.4016567867318],[-87.3367946167675,41.4017447871687],[-87.3369326179033,41.4019217875339],[-87.3370026168209,41.4020117871471],[-87.3370646167582,41.4020917870783],[-87.3371656174748,41.4022207875393],[-87.3372426172859,41.4023387871533],[-87.3372996169763,41.4024237873585],[-87.3373886172323,41.4025787875519],[-87.3374906178579,41.4027687875675],[-87.3379306177217,41.4035857877289],[-87.3380646176815,41.4038047872668],[-87.3380726171087,41.4038167883722],[-87.3382266178472,41.4040427874858],[-87.3382916177225,41.4041287882839],[-87.3383936174504,41.4042637876321],[-87.3384566177951,41.4043397880402],[-87.3385736171809,41.404479787836],[-87.3387646177323,41.4046887876386],[-87.3389686180068,41.4048917870618],[-87.3390066174201,41.4049277883123],[-87.3392016181828,41.4051137874872],[-87.3393246181337,41.4052317875584],[-87.3396966188313,41.405585788332],[-87.3398216182841,41.4057047879095],[-87.3399816182663,41.4058577880228],[-87.3404646185221,41.4063167874463],[-87.3406256183193,41.4064707877172],[-87.341999619374,41.40776478793],[-87.3461236199401,41.4116477887582],[-87.3464596212907,41.4119637887258],[-87.3472426215171,41.4127017890787],[-87.347316621108,41.4127647888323],[-87.3473966217399,41.4128337883201],[-87.3475156218407,41.4129227888471],[-87.3471476217034,41.4130387891138],[-87.3470216207647,41.4130807895022],[-87.3468726214974,41.4131107886903],[-87.3467446211772,41.4131137892155],[-87.3466126205196,41.4131137894323],[-87.3464496210681,41.4130937891622],[-87.3461246207334,41.4130327890934],[-87.3459146203765,41.412985788514],[-87.3457326208255,41.4129557885654],[-87.3454006207021,41.4129537887759],[-87.3451846198123,41.4129527884091],[-87.3451066198072,41.412951789092],[-87.3448836209214,41.4129507885296],[-87.3445876209061,41.4129497890953],[-87.3442676194181,41.4129477883801],[-87.3433086197942,41.4129437893963],[-87.3429896200558,41.4129427897517],[-87.3425746199982,41.4129407893496],[-87.3413326196011,41.4129347895024],[-87.3409186188466,41.4129337887032],[-87.3406636183844,41.4129317889277],[-87.3398986187039,41.4129287889501],[-87.3396446198964,41.4129277888727],[-87.3388066180387,41.4129227892767],[-87.3362976174352,41.4129107892957],[-87.3354606174159,41.4129067889015],[-87.3346566172805,41.4129027900955],[-87.3345486177486,41.4129027894697],[-87.3339826171828,41.4129027898769],[-87.3336776164233,41.4129027895917],[-87.3330116170098,41.412903789605],[-87.3318686169925,41.4129037903639],[-87.3309806166763,41.4129047904642],[-87.3309316163157,41.4129047899347],[-87.3307856163549,41.4129047899444],[-87.3307376158981,41.4129047901729],[-87.3290896162692,41.4129047901301],[-87.3256156148175,41.4129067894797],[-87.3234296142956,41.412907789878],[-87.3216036141173,41.4129087902371],[-87.3215266145314,41.4129087896603],[-87.3214566129749,41.4129087901012],[-87.3213566136329,41.4129087898438],[-87.3192616134734,41.4129077896283],[-87.3184846136622,41.412907789897],[-87.3157146125903,41.4129077905471],[-87.3124906110917,41.4129067903588],[-87.3117666106865,41.4129047911799],[-87.3099136104697,41.4129007913827],[-87.30988660971,41.4129907903235],[-87.3094666102484,41.4143767912979],[-87.3094116102283,41.4145587912328],[-87.3083836108435,41.4142917906173],[-87.3065566095132,41.4138167910295],[-87.3064746084746,41.4137957908404],[-87.3064716095063,41.4139687915864],[-87.3064576090022,41.4147547914622],[-87.3064536087684,41.4150167911999],[-87.3064426095299,41.4160537917052],[-87.3064416089094,41.4161577919585],[-87.306439650369,41.4165508202907],[-87.3016240964906,41.4165521241649],[-87.301606509636,41.4202042943948],[-87.3044956098557,41.4202087927251],[-87.3061766103256,41.4202117922435],[-87.3064226097845,41.420205792451],[-87.3064756095334,41.4202017919153],[-87.3067536097477,41.4201887921318],[-87.3073046100081,41.4201877925212],[-87.309952611003,41.4201837919456],[-87.3108356116081,41.4201827921454],[-87.3112326106975,41.4201817914893],[-87.3112336107527,41.4203277919583],[-87.3112356107152,41.4206077926124],[-87.3112366110765,41.4207977919758],[-87.3112376110788,41.4210257919089],[-87.3112386106977,41.4211777916012],[-87.3112396110523,41.421366792425],[-87.3112406115316,41.4215567926638],[-87.3112416120121,41.4217467919965],[-87.3112426113433,41.4219367922401],[-87.3112446118006,41.4221257922473],[-87.3112456111824,41.4223157924786],[-87.311246611761,41.4225057917865],[-87.3112476123863,41.4226957919884],[-87.3112486117376,41.4228847927804],[-87.3112496116135,41.4230987926229],[-87.31125061089,41.4231947922067],[-87.3112506113441,41.4232907925644],[-87.311252610738,41.4235507929429],[-87.3112536113794,41.4237807925107],[-87.3112556120111,41.4240097927561],[-87.311256611527,41.4242397923229],[-87.3112576109962,41.4244687933602],[-87.3112596118448,41.4246987929991],[-87.3112606113613,41.4249277931184],[-87.3112616118078,41.4250427924799],[-87.3112626122872,41.4251577927392],[-87.311262611502,41.4252727929064],[-87.3112636118965,41.4253867937406],[-87.3112646123817,41.425501793093],[-87.3112646116198,41.4256167932536],[-87.3112656121462,41.4257317935015],[-87.3112666125564,41.4258457934267],[-87.311266611795,41.4259607926805],[-87.31126761235,41.4260757929216],[-87.3112686117193,41.4261907931775],[-87.3112686120731,41.4263047929873],[-87.3112696126567,41.4264197932216],[-87.3112706108587,41.4265347934878],[-87.3112706114539,41.4266707931716],[-87.3112716109877,41.4268067938757],[-87.3112726112351,41.4268887924803],[-87.3112726114288,41.4269707927776],[-87.3112736121517,41.4271767934924],[-87.3112756118123,41.4273527936665],[-87.3112756118722,41.427473793012],[-87.30760061065,41.4274777935771],[-87.3075426106914,41.4270017932275],[-87.3073536102432,41.4263267929792],[-87.3070686105546,41.4255797930882],[-87.3067696107071,41.4249547936723],[-87.3058876094682,41.4231967925684],[-87.3056906105273,41.422976792552],[-87.3052166098287,41.4226147930793],[-87.3049756090982,41.4224117929411],[-87.3049206089808,41.4223747927241],[-87.3047856096032,41.4222437930733],[-87.304711609866,41.4221757922063],[-87.3046836089759,41.4221687934323],[-87.3046556093354,41.4221677929718],[-87.3045886099121,41.422177792283],[-87.3043936095221,41.4222217928454],[-87.3039616088018,41.4222607933459],[-87.3032886097366,41.4222797927289],[-87.3025636087264,41.4222937923439],[-87.3022616089964,41.4222907921851],[-87.3016636091158,41.4221527929668],[-87.3013276081801,41.4221417929642],[-87.3006276086076,41.422213793165],[-87.2999196085621,41.4223447921438],[-87.2995116081527,41.4224657930155],[-87.299451608148,41.4224897926456],[-87.2992266073393,41.4225817927641],[-87.2978556068673,41.4231797934554],[-87.2976806072296,41.4232727930844],[-87.2970456077288,41.4235917940939],[-87.2967706078815,41.423660793776],[-87.2967746078996,41.4238897931629],[-87.2967886069597,41.4245797936237],[-87.296793607181,41.42480979353],[-87.2967976080768,41.4249987934343],[-87.2967946083863,41.4268017937452],[-87.2967936082892,41.4274967937771],[-87.2967956081256,41.4276747940973],[-87.2974866073706,41.4276807942563],[-87.2974926078098,41.4281117942828],[-87.2967996086044,41.4280817940672],[-87.2968036075442,41.428516794065],[-87.2968046070346,41.4285697943037],[-87.2968096073683,41.429052794662],[-87.2968236078626,41.4302207947141],[-87.2998266085213,41.4302097942133],[-87.3014386094304,41.4302087941295],[-87.301605609767,41.4302097941603],[-87.3016106101759,41.4310917946839],[-87.3004106088443,41.4311017940951],[-87.2998596091032,41.4311047940869],[-87.2991826085951,41.4311087947554],[-87.2991886083007,41.4324147943844],[-87.2992036084776,41.4347717951795],[-87.2983196088472,41.4347717950155],[-87.297578608659,41.4347727947356],[-87.2974376083353,41.4347727951451],[-87.2970146085268,41.4347727953191],[-87.2968746083195,41.4347737955892],[-87.2968536089996,41.4347677950669],[-87.2949336081578,41.434756795101],[-87.2909866076484,41.4347357958948],[-87.2891096062111,41.4347277964422],[-87.2871686050779,41.4347197955855],[-87.2856966055352,41.4347127954202],[-87.2812816034556,41.4346917956778],[-87.2798106033313,41.4346857964618],[-87.2793466027575,41.4346827960634],[-87.2781756034433,41.4346777959085],[-87.2779566029167,41.4346767961704],[-87.277493602277,41.4346747962156],[-87.2763296027146,41.434668796849],[-87.2725996013695,41.4346597966806],[-87.2723986014438,41.4346837970093],[-87.2720646010825,41.4346837972064],[-87.2708756012652,41.4346837972675],[-87.2707126000564,41.4346827968062],[-87.2679406000215,41.4346817967198],[-87.2678726003912,41.4346817970796],[-87.2678065999899,41.43468179658],[-87.2584245969125,41.4346787971896],[-87.2583885972319,41.434678797475],[-87.2583565972401,41.4346787973229],[-87.2582935974932,41.4346787975569],[-87.2581705962516,41.434678796952],[-87.2581405967115,41.4346787969716],[-87.2567775974306,41.4346757977035],[-87.2567115969889,41.4346757971367],[-87.2534865962535,41.4346687978995],[-87.2534275961922,41.4346687979108],[-87.2533615957632,41.4346687981214],[-87.2486575937363,41.4346587980815],[-87.2486185945564,41.4346587978461],[-87.2485525941168,41.4346587979968],[-87.2466455930433,41.4346537977878],[-87.244588593401,41.4346497982906],[-87.2445225929637,41.4346497988285],[-87.2438295936229,41.4346477983147],[-87.2396985914999,41.4346387984937],[-87.2391825915026,41.4346377985192],[-87.2391635920119,41.4346377980621],[-87.2391465917876,41.4346377981811],[-87.2390985905795,41.4346377980346],[-87.2389965916229,41.4346377986204],[-87.23403058932,41.4346337984446],[-87.2339375899426,41.4346337979586],[-87.2337205901048,41.4346327983246],[-87.2336555898649,41.4346327988046],[-87.2333565896553,41.4346327985458],[-87.2332905891653,41.4346327980376],[-87.2329705902224,41.4346327982638],[-87.2329005900334,41.4346327979752],[-87.2328345895569,41.4346327981054],[-87.2327235897414,41.4346327986347],[-87.2323045899505,41.4346317985124],[-87.2322745891782,41.4346317981009],[-87.2322095901315,41.4346317986473],[-87.231757589003,41.4346317985441],[-87.2316835891205,41.4346317988159],[-87.2316185888458,41.4346317981445],[-87.2306075887279,41.4346307982813],[-87.2305425884787,41.4346307988018],[-87.2292995887873,41.4346297992533],[-87.2292345885162,41.4346297990345],[-87.2291575879599,41.4346297997283],[-87.2290925876217,41.4346287991042],[-87.2284465882482,41.4346287991588],[-87.2269765876339,41.4346277997524],[-87.22667658707,41.4346267989641],[-87.2266105877717,41.4346267991063],[-87.2244495870206,41.4346247995783],[-87.2243845867347,41.4346247993184],[-87.2232015859362,41.4346237991255],[-87.2231355866226,41.4346237990734],[-87.2219535860137,41.4346227995138],[-87.2218875867006,41.4346227996456],[-87.2200855851563,41.4346207993029],[-87.2199485853833,41.4346207991931],[-87.2196305858989,41.4346027996357],[-87.2195815854023,41.4340027997945],[-87.2195185856503,41.4322307994723],[-87.2195165841739,41.4292007987481],[-87.2195875849265,41.4273017975296],[-87.219619584175,41.4264027974878],[-87.2196225849632,41.4263457977142],[-87.2196235850393,41.4221727969255],[-87.2196075840448,41.4201787970086],[-87.2196395843273,41.4200387970514],[-87.2197375847512,41.4196277973834],[-87.2197675845907,41.4195127974974],[-87.2197705840414,41.4194927972408],[-87.2197685835518,41.4186807966226],[-87.2197655839235,41.4162467956738],[-87.2197645840837,41.4156427956423],[-87.219751583069,41.4154497959256],[-87.2197565843658,41.4154327966292],[-87.2197475847317,41.4153727957197],[-87.2197365836116,41.415180796332],[-87.219734583916,41.4151167959324],[-87.2197655836543,41.4137487951879],[-87.2198125828156,41.4116187956639],[-87.2198125830144,41.4114557958622],[-87.2198135834265,41.4092947950045],[-87.2199515826905,41.4062467947533],[-87.2198935830555,41.4050267948324],[-87.2198955831878,41.404874794008],[-87.2199075819747,41.403984794501],[-87.2199035834113,41.4034237939991],[-87.2198945830364,41.4017447935874],[-87.2198935818758,41.4011857935913],[-87.2198945826818,41.4010197934159],[-87.2198985829403,41.4005527932831],[-87.2198985822734,41.4005237935692],[-87.2199005827153,41.4003587937169],[-87.2199035832713,41.3996667926374],[-87.2199045827794,41.3995857936584],[-87.2199165817019,41.397266792922],[-87.2199215824379,41.3965027927653],[-87.2198625824645,41.3953987925623],[-87.219755582084,41.3945927929581],[-87.2197555819985,41.3939707920282],[-87.2197625822995,41.392396791683],[-87.2197505813498,41.3921057918752],[-87.219735581015,41.3917107915675],[-87.2197225821287,41.3914857920882],[-87.2197165818246,41.3914017919587],[-87.2197155813737,41.3913877917923],[-87.2197015819422,41.3910957915643],[-87.2196985817938,41.3909987916107],[-87.2196965817753,41.3909517912294],[-87.219691581318,41.3908107909951],[-87.2196905808885,41.3907637915244],[-87.2196855814654,41.3906247919386],[-87.2196675822241,41.389594792082],[-87.2196505819729,41.3885247913177],[-87.2196445814453,41.3873097915184],[-87.2196505811553,41.3860877910198],[-87.2196575808855,41.384918790909],[-87.2196575803577,41.3848377908319],[-87.2196585811618,41.3845687908744],[-87.2196605813157,41.3844827909253],[-87.2196605812552,41.3843227905142],[-87.2196615811694,41.3840087907937],[-87.2196625812771,41.383842791068],[-87.2196645812393,41.3836837909887],[-87.219664580475,41.382211789745],[-87.2196655803341,41.3777947898583],[-87.2196655799131,41.3773197888755],[-87.2196665805089,41.3763237893452],[-87.2196665802706,41.3760567887964],[-87.2196665804232,41.3759417888768],[-87.2196715799605,41.375255788913],[-87.2196745800725,41.374989789572],[-87.2196815795121,41.3738107885123],[-87.2196825796007,41.3736397886332],[-87.2196515794979,41.3702757878539],[-87.2196405798905,41.3690977878804],[-87.2196395792454,41.3690597885782],[-87.2196345783866,41.3680107878228],[-87.2196335786229,41.3673187876011],[-87.2196305795789,41.3619827868131],[-87.2196315795737,41.3607137869789],[-87.2196345782527,41.3605377868833],[-87.2196425786003,41.3602047867825],[-87.2196505794479,41.359741786762],[-87.2196425780105,41.3594267862988],[-87.2196445788483,41.3576257857335],[-87.2196505779019,41.3533727853309],[-87.2196955776415,41.3498917847912],[-87.2197295765566,41.3474047840702],[-87.2197375774457,41.3473657843498],[-87.2197485771993,41.3473467842777],[-87.2197675773438,41.3473297840459],[-87.2197945767626,41.3473047838613],[-87.2198415776712,41.3472807841441],[-87.2200355775785,41.3472157840223],[-87.2201015767492,41.3471877838709],[-87.2201575773702,41.3471507841507],[-87.2202045769917,41.3471057843536],[-87.2202385773131,41.3470557836723],[-87.2202595770935,41.3470017842762],[-87.2202655768911,41.346947784818],[-87.2202545779045,41.3441097835791],[-87.2203015764611,41.3429227831023],[-87.2202905775355,41.3388237820791],[-87.2202745765367,41.3344407818837],[-87.2202745761405,41.3343017819828],[-87.2202745763918,41.3341197817411],[-87.2202735761648,41.3339617825177],[-87.2202725763508,41.3336207817886],[-87.2202715760678,41.3334917816893],[-87.2202715768269,41.3333347818836],[-87.2201875757257,41.3304097810898],[-87.219937575389,41.3216367804365],[-87.2198565743775,41.3187607789863],[-87.2198555742926,41.3187127795164],[-87.2198385742446,41.3174717785312],[-87.2197915735442,41.3137487786021],[-87.2197795741367,41.3127827782039],[-87.2197785735635,41.3125077784431],[-87.2197665744538,41.3111587784343],[-87.2197585733384,41.3108217777626],[-87.2196865735123,41.3076327778102],[-87.2196525732173,41.3057627774356],[-87.2196225736702,41.3040787763401],[-87.2196225726608,41.3040537766682],[-87.2196045726563,41.3032047766235],[-87.2195445734896,41.3011377761855],[-87.2194965726938,41.2995007764244],[-87.2194075727894,41.2969687750874],[-87.219294572753,41.2943477753881],[-87.2192475723681,41.2924877740984],[-87.2192425713264,41.2923257750405],[-87.2192095714491,41.2912447747628],[-87.2191935718102,41.2899147738847],[-87.2191725711177,41.2893877737063],[-87.2191535710156,41.2890097743392],[-87.2190995717999,41.2878787744632],[-87.219082571996,41.2875027739199],[-87.2190695715026,41.286940773993],[-87.2190265713282,41.2865737742695],[-87.2190385716459,41.2862547734353],[-87.2190365711759,41.2858907736714],[-87.2190105705994,41.2853177730945],[-87.2189905710997,41.2850357728687],[-87.2189885703743,41.2849797730106],[-87.21890557157,41.2821497722944],[-87.2188815711205,41.2819817731534],[-87.2188985706965,41.2817477732497],[-87.218875570477,41.2810137733622],[-87.2188725702453,41.279699772496],[-87.2188595705541,41.2790887716888],[-87.2188605701098,41.2775987724925],[-87.218862570112,41.2774027719876],[-87.2188775699725,41.2760137722201],[-87.2189025702724,41.2755467721202],[-87.2188785703262,41.2753857716468],[-87.2188995702872,41.2749707717371],[-87.2188895700923,41.2749077718503],[-87.2188805694406,41.271153770555],[-87.2188715694794,41.2676057704661],[-87.2188725687637,41.2675367704145],[-87.2188765690985,41.2675227700461],[-87.2188875692717,41.2665457705519],[-87.2188895697427,41.2664437705263],[-87.2188695693924,41.2652407694784],[-87.2188785693021,41.2650767701536],[-87.2188695691613,41.2648847704398],[-87.2188735687276,41.2647617702114],[-87.2188605694459,41.2644727702667],[-87.21887156928,41.2641107692914],[-87.2188615695207,41.2640037699059],[-87.2188715690244,41.2639537695269],[-87.2188635693195,41.2636487693914],[-87.2188695695086,41.2635817700982],[-87.218900569018,41.2632797700395],[-87.2188915692008,41.2630877693662],[-87.2188745692561,41.2629107693307],[-87.2188545683897,41.2628317697415],[-87.2188415694729,41.262813769374],[-87.2188285692827,41.2627897695975],[-87.2188275690645,41.2620967698214],[-87.2188175687954,41.2610287691746],[-87.2188345687142,41.2609337691739],[-87.2189655689055,41.2607747686756],[-87.2190595686922,41.2606847692678],[-87.2190735689176,41.2606197689992],[-87.2190865690524,41.2605887690625],[-87.2191445679813,41.2603307687319],[-87.219104569243,41.2597827689476],[-87.2190605686291,41.2545897685252],[-87.2190685678737,41.2545417678337],[-87.2190865679402,41.254520767927],[-87.2190585685249,41.2544937685626],[-87.2190685674878,41.2536937687543],[-87.2190465686807,41.2523387678155],[-87.2190485682164,41.2511647676265],[-87.2190295682278,41.2509517670044],[-87.2190115673263,41.2509177671395],[-87.2189935674429,41.2508977677426],[-87.2190385674579,41.2508557672194],[-87.2190475680231,41.2496987666347],[-87.2190185677606,41.2473777667694],[-87.2190145675676,41.2464637664736],[-87.2190095674926,41.2451587659547],[-87.2190225674796,41.2437217660904],[-87.2190315668095,41.242898765654],[-87.2190135667155,41.2428097667714],[-87.218981566943,41.2426547664925],[-87.2189025669657,41.2422627659578],[-87.21889356715,41.2421897657606],[-87.2188885676654,41.2421457661138],[-87.218867567205,41.2420347655682],[-87.220143567024,41.2409227650221],[-87.2206985679607,41.2404297656748],[-87.2208575683557,41.2402967658652],[-87.2219445673158,41.2393437650307],[-87.2223515677472,41.238991764546],[-87.2239365678415,41.2376007651238],[-87.2245425687383,41.2370697649177],[-87.2249735691878,41.2366867650148],[-87.2261235691056,41.2356807640498],[-87.2261885680827,41.2356287644201],[-87.2262935693306,41.2355547641894],[-87.2263295684198,41.2355207640253],[-87.2263775695909,41.235514764341],[-87.2264685688761,41.2354927642884],[-87.2266875688892,41.2354197645064],[-87.2269095679914,41.2353507638123],[-87.2269925689654,41.2353147640859],[-87.227126569249,41.2352757643582],[-87.2271675692509,41.2352577640054],[-87.2273005687483,41.2352157639612],[-87.2274295690329,41.2351677645107],[-87.2293515693526,41.2345177643522],[-87.229573569752,41.2344487639169],[-87.2296575687968,41.2344147638465],[-87.2301405697264,41.2342557635368],[-87.2303575696395,41.2341797639688],[-87.2308835703821,41.2340047641143],[-87.2309685701021,41.2339717642576],[-87.231450569808,41.2338117636067],[-87.23158457032,41.2337717637423],[-87.2317115703182,41.2337217643692],[-87.232019569789,41.2336227642566],[-87.2324555703514,41.2334737630211],[-87.2325455699588,41.2334477640362],[-87.2326295697498,41.2334137635929],[-87.2330255711718,41.2332847631053],[-87.2331535698961,41.2332367636792],[-87.2338555709921,41.2330047632565],[-87.2346855708817,41.2327247637388],[-87.2347745713963,41.2326987631171],[-87.2351195710586,41.232574763117],[-87.2356915710322,41.2323877631276],[-87.2362115705856,41.2322057624418],[-87.2366065711428,41.232074763493],[-87.236783571461,41.232019762787],[-87.2371765715802,41.2318847634265],[-87.2373525714216,41.2318297637908],[-87.2374365725177,41.2317947630738],[-87.2376985719578,41.2317067634913],[-87.2378325714772,41.2316667626865],[-87.2381805719497,41.231546762634],[-87.2384395713585,41.231451762898],[-87.2386165721636,41.2313977633331],[-87.2386805724213,41.2313737632256],[-87.2387255714328,41.2313617630335],[-87.2394675722382,41.231108763589],[-87.2397265719724,41.2310167629345],[-87.2398595714981,41.2309747628189],[-87.2401195721658,41.2308837623687],[-87.240209572426,41.2308587622565],[-87.2402495724309,41.230839762462],[-87.2408205728073,41.2306517629559],[-87.2409045730824,41.2306177627848],[-87.2409495723595,41.230605762622],[-87.2411235717123,41.2305447626326],[-87.2412995716247,41.2304887620194],[-87.2416045730612,41.230383762572],[-87.241775572142,41.2303187624945],[-87.2422165725768,41.2301777623774],[-87.2424765726248,41.2300857625692],[-87.2430905732621,41.229882762936],[-87.2433075722763,41.2298067624354],[-87.2433975732565,41.22978076307],[-87.243481573442,41.2297467619246],[-87.2443995735917,41.2294367622194],[-87.2444885739607,41.2294097627523],[-87.2446165731948,41.2293607619502],[-87.2448815743248,41.2292787619874],[-87.2450095728323,41.2292287622022],[-87.2454025730666,41.2290957625501],[-87.2457055727932,41.2289887618885],[-87.2468925743444,41.2285977619005],[-87.2478945737958,41.2282527618676],[-87.2479845746293,41.2282277619853],[-87.2481125737289,41.2281787618091],[-87.2483315740809,41.2281057623589],[-87.2484165738026,41.2280717618967],[-87.2487245753796,41.22797376164],[-87.2488095738163,41.2279407621644],[-87.2488545748314,41.2279297619538],[-87.2490265743511,41.2278657620505],[-87.2491595746353,41.2278237620092],[-87.2492455747516,41.2277917623076],[-87.2493785740767,41.2277517618427],[-87.2494615748554,41.2277167625225],[-87.2495515740676,41.2276907619826],[-87.2498555745557,41.2275847613325],[-87.2499435742832,41.2275577615139],[-87.249984574866,41.2275387616921],[-87.2501605743632,41.2274817616168],[-87.2502415746519,41.2274437620657],[-87.2503145743641,41.2273967612426],[-87.2533555753048,41.2263327617751],[-87.2541825763774,41.2260467611355],[-87.2542665766034,41.2260117607847],[-87.2545305763518,41.2259257609429],[-87.2549215757206,41.2257897607953],[-87.2551375768118,41.2257107606449],[-87.2555295761618,41.2255767606625],[-87.2564845763601,41.2252417610905],[-87.2567055761567,41.2251737613441],[-87.2567455758784,41.2251537608802],[-87.2568375773685,41.2251317608489],[-87.2581875769005,41.2246677611939],[-87.258359577435,41.2246057606868],[-87.258535578068,41.2245477609697],[-87.258664576613,41.2245007602961],[-87.2589715764658,41.2243997607724],[-87.2590125776433,41.224381760794],[-87.2604065773915,41.2239057606805],[-87.2607965777339,41.2237687604005],[-87.2608855774796,41.2237407596417],[-87.2617105782057,41.2234537603042],[-87.261842577528,41.2234117604124],[-87.2619715774492,41.223364760525],[-87.2622785783201,41.2232627599345],[-87.2623195790882,41.2232447605877],[-87.2624935788244,41.2231847602406],[-87.2626265781385,41.223143760355],[-87.2627985783606,41.223080760081],[-87.263235578689,41.222933759953],[-87.263277578345,41.2229157599194],[-87.2637575781522,41.2227517595642],[-87.2638905779643,41.222712759831],[-87.2639335783632,41.2226957604391],[-87.2640685788581,41.2226587604711],[-87.2646315787128,41.2224597601108],[-87.2649385788723,41.2223587600144],[-87.2650665794091,41.2223107602789],[-87.2652865780654,41.222238759267],[-87.2658935786396,41.2220267592869],[-87.2660255795746,41.2219847599901],[-87.2660675783612,41.2219677593111],[-87.2666785787448,41.2217607599501],[-87.2670695794553,41.2216227593244],[-87.267331580079,41.2215357603289],[-87.2674605789634,41.2214877593645],[-87.2675935794203,41.2214477594983],[-87.26767857964,41.2214137601482],[-87.2679395787731,41.2213237591199],[-87.2679845798262,41.2213117591934],[-87.2687665800081,41.2210387596626],[-87.2694625800628,41.2208007590336],[-87.269515580647,41.2207857595184],[-87.2695995796718,41.2207517600867],[-87.2706475803849,41.2203977597477],[-87.2709505803937,41.2202897590658],[-87.2710855808945,41.2202517586338],[-87.271214580515,41.2202057595808],[-87.2713045810418,41.2201797591634],[-87.2734815810425,41.2194307587133],[-87.2736145812891,41.2193877589405],[-87.2737425809656,41.2193387591404],[-87.2738745809723,41.2192967589816],[-87.2747425821929,41.2189947586198],[-87.2750495815436,41.2188937586473],[-87.275090581379,41.2188747589208],[-87.275177581574,41.2188447590516],[-87.2752665812085,41.2188197590808],[-87.2754825819974,41.2187417590278],[-87.2755415819897,41.2187277588045],[-87.2755815816077,41.2187077590173],[-87.2757135822147,41.2186667589051],[-87.2757985817423,41.218632758086],[-87.2758735822369,41.2186077588226],[-87.2758875822968,41.2186027585358],[-87.2761035814219,41.2185297591326],[-87.2761615820663,41.218503758365],[-87.2762505820574,41.2184787585307],[-87.2768145812561,41.2182817584095],[-87.2769915819349,41.2182247583332],[-87.2770325814669,41.2182067582788],[-87.2771215822435,41.2181787584893],[-87.2781655825883,41.217817758636],[-87.2784765827889,41.2177237581773],[-87.278831582271,41.2176017583261],[-87.2793045829606,41.2174407590704],[-87.2798675831094,41.217242758565],[-87.2799125817275,41.2172277574496],[-87.2801325823627,41.2171567581777],[-87.280828582669,41.2169177579677],[-87.2812185826789,41.2167797576479],[-87.2816125826831,41.2166477578727],[-87.2816535831143,41.2166307583226],[-87.2818735831038,41.2165577586269],[-87.282088583615,41.2164797584421],[-87.2827875840186,41.2162437576184],[-87.2829595837529,41.2161807579162],[-87.2829775830481,41.2161737575347],[-87.2836145841989,41.2159587580174],[-87.2840145839801,41.2158187583582],[-87.2842225834648,41.215746757451],[-87.2844415835332,41.2156757577193],[-87.2845705846179,41.2156277574073],[-87.2847465840556,41.2155707577059],[-87.2848325833078,41.2155377572497],[-87.2850075838021,41.2154787578695],[-87.285094584921,41.2154507584297],[-87.2852235842735,41.2154017579548],[-87.2854445846102,41.2153327577272],[-87.2856165845937,41.2152717574781],[-87.2857355848438,41.2152097573271],[-87.2866985837929,41.2145127573666],[-87.2876505854249,41.213811757798],[-87.2884965847033,41.213189757436],[-87.2889915853715,41.2128257564217],[-87.2904515853409,41.2117537564452],[-87.2904765858058,41.2117337568459],[-87.2906875854322,41.2115757567344],[-87.2907395847219,41.2115387564241],[-87.2908555845431,41.2114557560856],[-87.2909725847774,41.2113717564651],[-87.2911375855931,41.2112547564606],[-87.2928315863677,41.2099917559664],[-87.2929725865885,41.2098947555296],[-87.2934685859549,41.2095267557544],[-87.2936185860913,41.2094167559645],[-87.2949365868212,41.2084287566543],[-87.2950515858187,41.2083377552763],[-87.295455586323,41.207983755624],[-87.2978335863757,41.2059437551633],[-87.2980575868011,41.2057577553175],[-87.2984905868094,41.2054227550877],[-87.2997125869384,41.2045147550717],[-87.2998205874063,41.2044447548765],[-87.300762587876,41.2037427551212],[-87.3017545873852,41.2030057543953],[-87.3030155878584,41.202075753657],[-87.303259588454,41.2018977549413],[-87.3046235885198,41.2009007539277],[-87.3049965879533,41.2006297539797],[-87.3063765880385,41.1996317535964],[-87.3072735886561,41.1989877535919],[-87.3073825890443,41.198916753315],[-87.3101125902494,41.1969107532291],[-87.3102155904106,41.1968337527281],[-87.3116435896525,41.1957767527594],[-87.3119415904579,41.1955537529571],[-87.3120825902112,41.1954477520241],[-87.3121235897896,41.1954237535559],[-87.3134015897523,41.1944567520904],[-87.3140795896473,41.1939517520748],[-87.3143905903749,41.1937147520955],[-87.3144155900277,41.1936967525311],[-87.314589590802,41.1935747522229],[-87.3171655910898,41.1916577518754],[-87.3190665924148,41.1902487519117],[-87.3208895921638,41.1888827510052],[-87.3216015922288,41.1883537507658],[-87.3217615932655,41.1882427512144],[-87.3217765921594,41.1882327508175],[-87.3226245917676,41.1876037504027],[-87.3240945929353,41.1865297512918],[-87.3241595937663,41.1864767500871],[-87.3242115925251,41.1864137505386],[-87.3242535929675,41.1863967502748],[-87.324408592742,41.1863137507829],[-87.3245295932551,41.1862547504251],[-87.3246045929367,41.186210750505],[-87.3259515933328,41.185561749952],[-87.3277075934766,41.1847167505715],[-87.3286315932048,41.1842667499919],[-87.3289205932808,41.1841407495501],[-87.3309695941667,41.1831507500398],[-87.3310525945854,41.1831167500374],[-87.3311985943286,41.1830627495945],[-87.3312675943144,41.1830377497719],[-87.3313125945268,41.1830257494924],[-87.3314655948587,41.1829957497808],[-87.3317995951939,41.1829637492942],[-87.3321805944111,41.1829327491005],[-87.333089595335,41.1828677486313],[-87.3331225954308,41.1828657493329],[-87.333148594987,41.1828647490568],[-87.3340935952097,41.1828087487177],[-87.334631595759,41.1827797491035],[-87.3348105952763,41.1827707486498],[-87.3358135961428,41.1827227494674],[-87.3359565967063,41.1827187495319],[-87.336004596126,41.1827207494924],[-87.336147595835,41.1827177487909],[-87.3366385966167,41.1826967488089],[-87.3372465956548,41.1826697489335],[-87.338057596352,41.1826397488979],[-87.3391625968491,41.182603748806],[-87.3398725975999,41.1825817489974],[-87.339919597203,41.182575749075],[-87.3399655970753,41.1825647492597],[-87.3400985971012,41.1825487492357],[-87.3402365966035,41.182578748743],[-87.3402845973541,41.1825837488767],[-87.3404135973203,41.182580749171],[-87.3406625972293,41.1825737483516],[-87.3409995973308,41.1825647488662],[-87.3413855969944,41.1825557488536],[-87.3414815968512,41.1825487492636],[-87.3415275973304,41.1825397486341],[-87.3417275983485,41.1824727487661],[-87.3417715970816,41.1824857490443],[-87.3419115976408,41.1825117493078],[-87.3420065972042,41.1825197485108],[-87.3422455976924,41.1825187487474],[-87.342342598017,41.1825157488233],[-87.3425795976632,41.1825077488588],[-87.3426745982868,41.1825127491186],[-87.3427215982454,41.1825207485726],[-87.3428115979633,41.1825457485575],[-87.3429445979128,41.1825037485188],[-87.3429915985913,41.1824957484101],[-87.34318259762,41.1824937491435],[-87.3432305989497,41.1824897493099],[-87.343946598031,41.1824707488625],[-87.343994597996,41.1824737494425],[-87.3440415980692,41.1824817483551],[-87.3441305975979,41.1825077487296],[-87.3441755985393,41.1825147484397],[-87.3443505985839,41.1824557482621],[-87.3443955983616,41.1824437482862],[-87.3445865982843,41.1824297486725],[-87.3462165992888,41.1823697487923],[-87.3462635986584,41.1823647484448],[-87.3465895982866,41.1823037483416],[-87.3466755987228,41.1822717489796],[-87.3468525990701,41.1822167487718],[-87.3486955989133,41.1816137485433],[-87.348913599374,41.1815387477396],[-87.3489695988636,41.1815197475383],[-87.3497056005351,41.1812827487366],[-87.3499276001257,41.1812167484189],[-87.3500125999852,41.1811827487753],[-87.3500596000022,41.1811767483141],[-87.3501985990974,41.1811467483554],[-87.3502905997643,41.1811417483939],[-87.3503266000817,41.1811187476895],[-87.3504456006389,41.1810587481623],[-87.3516116009856,41.1806817479286],[-87.3537906005577,41.1799787474088],[-87.3554216019508,41.179459747891],[-87.3573156019468,41.1788517471572],[-87.3575406024017,41.1787897471978],[-87.3577186017234,41.1787377473488],[-87.3579376019938,41.1786637475942],[-87.3598346021545,41.1780627477123],[-87.3600136022928,41.1780107467155],[-87.360231602429,41.1779367465122],[-87.3607186023965,41.1777847467721],[-87.3633646032211,41.1769417461981],[-87.3636706037665,41.1768407458849],[-87.3638926036769,41.176772746801],[-87.3640296032353,41.176738746518],[-87.364207603751,41.1766867465496],[-87.3644376030918,41.1766357462312],[-87.3646196044843,41.1765907467723],[-87.364893603443,41.1765437464452],[-87.3652146039932,41.1764697456883],[-87.3660436037752,41.1762907466987],[-87.3661826039631,41.1762647469143],[-87.3665956045554,41.1761697463908],[-87.3677916049903,41.175908745954],[-87.3679316047052,41.1758827464032],[-87.3681146055136,41.1758397462905],[-87.3682076046887,41.1758227462997],[-87.368504604937,41.1757537461772],[-87.3686206054942,41.1757277457277],[-87.3691726047734,41.1756077460761],[-87.3693126053471,41.1755827460953],[-87.3695896055951,41.1755247466197],[-87.369776604689,41.175493745765],[-87.3700936051132,41.1754107459548],[-87.3704166057885,41.1753407457885],[-87.3705486054351,41.1752997453084],[-87.3707306051445,41.1752537457813],[-87.3708646056082,41.1752157461179],[-87.3717716050993,41.1749837462957],[-87.3719556063738,41.1749417463437],[-87.3724766054961,41.174803745936],[-87.3740826064706,41.1743817455793],[-87.3749496065214,41.174172744965],[-87.3751036062174,41.1741327454981],[-87.3752426069903,41.174104745778],[-87.3760726078263,41.1738847451378],[-87.3789766078155,41.1731167448363],[-87.3799446084016,41.1728617450544],[-87.380580608223,41.1726937446742],[-87.3806266083208,41.1726847455692],[-87.3807146090637,41.1726597449056],[-87.3808806082793,41.1725887443008],[-87.3809886074896,41.1725177452845],[-87.3821446083023,41.1716097447632],[-87.3821916082237,41.1715727453261],[-87.3837786086505,41.1703517439152],[-87.3839046086178,41.1702437450162],[-87.3839726086321,41.1701557438574],[-87.3840506086363,41.1701157439662],[-87.3841236092713,41.170068744949],[-87.3843876086614,41.1698617442611],[-87.3844936085865,41.1697897444163],[-87.3858086094707,41.1687997439668],[-87.3878886103019,41.1672187437685],[-87.3884706103224,41.1667777429977],[-87.3902776101936,41.1654137425474],[-87.3905736103953,41.165188742867],[-87.3915086100593,41.1644757428872],[-87.392254611129,41.1639087432215],[-87.393489610493,41.1629617429853],[-87.3936626118352,41.1628377422637],[-87.3937076106006,41.1628257428932],[-87.3938016107975,41.1628137432932],[-87.3944826111399,41.1627887423627],[-87.3955746120105,41.1627507421946],[-87.3956586109815,41.1627437426624],[-87.395706611777,41.1627467424325],[-87.3966166116547,41.1627247425172],[-87.3972186116363,41.162705742026],[-87.3997766130521,41.1626297417113],[-87.4018996127337,41.1625607419841],[-87.4022666130705,41.1625497419383],[-87.4032246135438,41.1625257417383],[-87.4034606141489,41.1625177425357],[-87.4055256145456,41.1624517414122],[-87.4056686145251,41.1624407416951],[-87.405762614787,41.1624257420666],[-87.4058146141597,41.162412741737],[-87.4059566140311,41.1624307419324],[-87.4069156143809,41.1624067418351],[-87.4086416149389,41.1623527415805],[-87.4087836145904,41.1623677417168],[-87.4089246153207,41.1623467421166],[-87.4104096163484,41.1622997415973],[-87.4107936157421,41.1622967416387],[-87.4108876152003,41.1623067422768],[-87.4109346165102,41.16229774114],[-87.410981617004,41.1622937408834],[-87.4121326154503,41.1622637417878],[-87.4128986169681,41.162237741428],[-87.4129946160509,41.1622377415629],[-87.4132796171232,41.1622077419977],[-87.4133746164023,41.1621937411733],[-87.4134656164856,41.1622017412667],[-87.413506616393,41.162210742008],[-87.4135556166836,41.1622157414927],[-87.4142396160651,41.162231741415],[-87.4143436167121,41.1622377408883],[-87.4144266176029,41.1622557409413],[-87.4146476179646,41.162355741043],[-87.4153736170654,41.1627097414043],[-87.4155216179094,41.1627777420403],[-87.4158836169598,41.1629537413444],[-87.4159216174873,41.1629687421034],[-87.4161386171417,41.1630757413534],[-87.4163566179841,41.1631787415566],[-87.4168326172142,41.1634057408665],[-87.4173026179447,41.1636377411217],[-87.4174096179142,41.163693741566],[-87.4190876189252,41.1644967410944],[-87.419227619123,41.1645717423066],[-87.4193986184273,41.164683742103],[-87.4194806193478,41.1647017419976],[-87.4195606193026,41.1647267414738],[-87.4196366185681,41.1647577418084],[-87.4197416186781,41.1648147411435],[-87.4201196187757,41.1649967421072],[-87.4202156192873,41.165043741221],[-87.4202546188558,41.1650577420712],[-87.4211296196275,41.1654807417908],[-87.421225618596,41.1655137413909],[-87.4228826198942,41.1660767411588],[-87.4234156205549,41.1662617416104],[-87.4235096201996,41.1662997418583],[-87.4238916209713,41.1663337417438],[-87.4239716193563,41.1663857423598],[-87.4241006209181,41.1664567419288],[-87.4244316203079,41.1665867412906],[-87.424531620986,41.1666167416868],[-87.4250656197403,41.1667997409982],[-87.4256036205534,41.1669787418868],[-87.425648620788,41.1669997417617],[-87.4257486203805,41.1670277421987],[-87.4258006212128,41.1670447416944],[-87.4270146204045,41.1674617415641],[-87.4271136209388,41.1674907420287],[-87.4272576219681,41.1675437418093],[-87.4277456216146,41.1677057419174],[-87.4278896218015,41.1677597412688],[-87.4279406211613,41.167773741436],[-87.4289606218034,41.1681237412563],[-87.4294536214158,41.1682897418008],[-87.4294836225853,41.1683017414807],[-87.4297436221347,41.1684057415394],[-87.429826622021,41.1684437420292],[-87.4304366221514,41.168688741393],[-87.4305416222369,41.1687317410994],[-87.4308346220158,41.1688547414271],[-87.4308776226182,41.168868741276],[-87.4309596222409,41.1689077413133],[-87.4310466227771,41.1689367421506],[-87.4312126229669,41.1690087415445],[-87.4314256220296,41.1690907415718],[-87.4318006231014,41.1692487421141],[-87.4319706224399,41.169314741799],[-87.4320516223215,41.1693537410695],[-87.432261622691,41.1694387415529],[-87.4322996227038,41.169461741499],[-87.4324666228904,41.1695317419302],[-87.4325106240065,41.1695457411275],[-87.4328896230025,41.1696977421762],[-87.4329716230179,41.1697357422039],[-87.433139623036,41.1698037418095],[-87.4332906238053,41.169865741432],[-87.4337676237978,41.1700637415418],[-87.4341066235877,41.1701967414726],[-87.4342456236037,41.1702557419882],[-87.4343996241656,41.1703207419768],[-87.4345286238186,41.1703677410502],[-87.434818623302,41.170486741561],[-87.4351566246016,41.170625741421],[-87.4352436234688,41.1706567415925],[-87.4353676244723,41.1707107415383],[-87.4354536237904,41.1707417415962],[-87.4355346239639,41.1707807419847],[-87.4355786235041,41.1707937414695],[-87.4356616236584,41.170829742395],[-87.435747623943,41.1708617416702],[-87.4358716233519,41.1709157410918],[-87.4362916249605,41.1710867414377],[-87.4363786242871,41.1711167421828],[-87.4364596247432,41.1711547415544],[-87.4365356242171,41.1711827421619],[-87.436753625015,41.1712747417318],[-87.4368436241135,41.1712997419587],[-87.4370006244191,41.1713817415554],[-87.4370966237563,41.1714387417],[-87.4372326242803,41.1714717421666],[-87.4373186249966,41.1715037420508],[-87.4374096241391,41.1715267419525],[-87.4375376245159,41.1715747416377],[-87.4376636244066,41.1716277422037],[-87.4383846248311,41.1719097417166],[-87.4386806243949,41.172029741276],[-87.4388286258057,41.1720857415777],[-87.4389786253876,41.1721427418993],[-87.4390616250601,41.172179741609],[-87.4391066252932,41.172191741985],[-87.4394006250723,41.1723127419979],[-87.4396076261866,41.1724027417719],[-87.4397356251433,41.1724507426128],[-87.4397766258482,41.1724697419587],[-87.4399916255165,41.1725477423787],[-87.4402026258916,41.1726327416399],[-87.4404596255038,41.1727287417182],[-87.440547625546,41.1727577424226],[-87.4406726255461,41.1728107415589],[-87.4408026252981,41.1728567420838],[-87.4409716261327,41.1729237413814],[-87.4411886263191,41.17300074168],[-87.4414446250347,41.1730977418112],[-87.4417896263111,41.1732217420606],[-87.4420986263229,41.1733197415439],[-87.442180627078,41.173356741778],[-87.4422986266024,41.1734177418558],[-87.4424416255974,41.1734317412389],[-87.4425326268079,41.1734517413707],[-87.4436006272735,41.1737717417913],[-87.4436866257544,41.1738037414113],[-87.4439106263428,41.1738667415067],[-87.4440636271891,41.1739127425584],[-87.4446206279106,41.174082741805],[-87.4451196272242,41.1742117418354],[-87.4453046279918,41.1742487417156],[-87.4453926274323,41.1742777422983],[-87.4456776267797,41.1743067417466],[-87.4457736270731,41.1743087412479],[-87.4458636280442,41.1743017419531],[-87.4459096267089,41.1742977419855],[-87.4460466276052,41.1742717416029],[-87.4460926276027,41.1742637419304],[-87.4462556282423,41.1742977415522],[-87.4462776283807,41.1743027418487],[-87.4465116281822,41.1743427416684],[-87.4466056280033,41.1743547416124],[-87.4467526277297,41.1743587422791],[-87.4467976281704,41.1743607423989],[-87.4469206285993,41.1743617418522],[-87.4469686279603,41.174361742554],[-87.4469896275832,41.1743617420122],[-87.447199627092,41.1743557423178],[-87.4472776270558,41.1743547414274],[-87.4475626283731,41.1743247414599],[-87.4476096280334,41.1743167419274],[-87.4477526280563,41.1743257410161],[-87.447847627568,41.1743197415392],[-87.4478946280504,41.1743127413303],[-87.4479866279746,41.174291741429],[-87.4480306287917,41.1742777418808],[-87.4483016281448,41.1742137412159],[-87.4483956277197,41.1741917412091],[-87.4484456272242,41.1741817419323],[-87.4485346282309,41.1741657420432],[-87.4485786279168,41.1741507410503],[-87.4486996281851,41.1740927415346],[-87.4487376274637,41.1740707408359],[-87.4487686283983,41.1740437413274],[-87.4488496285939,41.174014741584],[-87.4489896285765,41.1739677415007],[-87.4491186287424,41.1739267416668],[-87.4495946284373,41.1737587411942],[-87.4499766286879,41.173608741418],[-87.4500656280472,41.1735817418952],[-87.4503156285027,41.173476741135],[-87.4503616282357,41.1734657414066],[-87.4504876289643,41.1734137412075],[-87.4506186289548,41.1733687406203],[-87.4508736287159,41.1732697416495],[-87.451260629348,41.1731287416543],[-87.4514306282341,41.1730617411199],[-87.4520316291909,41.1728397413237],[-87.4522436299259,41.1727567408805],[-87.4526396291072,41.172613740981],[-87.4526756302266,41.1726017410934],[-87.4528016286667,41.1725497411066],[-87.4529336292147,41.1725077414392],[-87.4531026300084,41.1724397409689],[-87.453359628413,41.1723437407747],[-87.4534046296821,41.1723317414682],[-87.4535746290997,41.1722647413714],[-87.4538796297074,41.1721637406472],[-87.4540496294275,41.1720967416474],[-87.4546506293613,41.1718747408437],[-87.4547336300672,41.1718387412568],[-87.4548646297581,41.1717947407126],[-87.4550756289648,41.1717097409151],[-87.4553786301246,41.1716017405065],[-87.455632630566,41.1715017407969],[-87.455850630232,41.1714267405955],[-87.4559756301103,41.1713747409571],[-87.456063630525,41.1713457408244],[-87.4562316303013,41.1712767410746],[-87.4562766304588,41.1712637403134],[-87.4564876297139,41.1711787406369],[-87.4568306296669,41.1710507406],[-87.4569566300222,41.1709997409055],[-87.4571716301291,41.1709217405703],[-87.4576386300896,41.170739740204],[-87.4577686299865,41.1706927409539],[-87.457995631311,41.1705987403471],[-87.4581876310258,41.1705887408521],[-87.4584746301848,41.1705927407685],[-87.4602016315657,41.1705797395494],[-87.4628396312469,41.1705437397028],[-87.4639516324592,41.1705207397416],[-87.4641346327325,41.1705177409048],[-87.4652876329963,41.1704807403803],[-87.4654786325649,41.1704707398459],[-87.4655746322691,41.1704777399279],[-87.4656216333585,41.1704857395698],[-87.4657136326641,41.1704707402627],[-87.4658086333537,41.170460740767],[-87.4678416332615,41.1703887396108],[-87.468156633391,41.1703777402952],[-87.4682526332407,41.1703807403334],[-87.4689716335342,41.170366739498],[-87.4693996336289,41.1703527398405],[-87.4701706343168,41.1703277391768],[-87.4707936334407,41.1703027401347],[-87.4708416345811,41.1703047405711],[-87.4709356340175,41.1703157401144],[-87.4710776346786,41.1702987401677],[-87.4727546351083,41.1702407393272],[-87.4733786351722,41.1702257402244],[-87.4736666350751,41.1702247397121],[-87.4740736347263,41.1702097394474],[-87.4740986355626,41.1702097395885],[-87.4741936346221,41.1702147393768],[-87.4742416350174,41.1702217392638],[-87.4743826348615,41.1702047401491],[-87.4753896361018,41.1701787391345],[-87.4754366353585,41.170182739688],[-87.4756316355792,41.170178739009],[-87.4757086348223,41.1701757392904],[-87.4759426357429,41.1701707390629],[-87.4759646361273,41.1701707391237],[-87.4760206356839,41.1701657398164],[-87.4771566359124,41.1701377394347],[-87.4799686364257,41.1700427389246],[-87.4812796372022,41.1699997386023],[-87.4821906378971,41.169974738958],[-87.4822716374075,41.1699807388643],[-87.4823656379586,41.1699677395288],[-87.48255763726,41.1699557383139],[-87.4827006375376,41.1699617388581],[-87.4831806373229,41.1699477394153],[-87.4842556377655,41.1699257392865],[-87.4843496378122,41.1699127392407],[-87.4847806387058,41.1698937395173],[-87.4854016384714,41.1698447385936],[-87.4854996382694,41.1698407388176],[-87.4855916392754,41.1698217384178],[-87.4867836397846,41.1697187387338],[-87.4869256392726,41.1697217379902],[-87.4869706391011,41.169707738416],[-87.4870636386206,41.1696907388654],[-87.4878746390993,41.1696237378566],[-87.4897316389809,41.1694547388725],[-87.4898756401803,41.1694477380094],[-87.4903516403581,41.1694017382768],[-87.4917836399436,41.1692757383302],[-87.4923056397794,41.1692307391737],[-87.4950186408229,41.1689687378157],[-87.4950646417061,41.1689607374982],[-87.4953976412801,41.1689257376964],[-87.4955316414398,41.1688877381792],[-87.4956956421568,41.1688137382755],[-87.4958326419217,41.1688467381359],[-87.4959266413839,41.1688617384626],[-87.496070641176,41.1688647378807],[-87.4965616416452,41.1688217381385],[-87.4975956422929,41.1687317379092],[-87.4991696417518,41.168576737927],[-87.4993086421132,41.1685637379288],[-87.4999276431785,41.1685117371874],[-87.5000396425024,41.1685037375538],[-87.5002146424477,41.1684917380673],[-87.5027406438173,41.1682707375723],[-87.5028346429982,41.16825873722],[-87.503741643458,41.1681807374943],[-87.505144644216,41.1680547379056],[-87.5118016457834,41.1674577374027],[-87.5135176462963,41.1672987369448],[-87.5136136467441,41.1672927365134],[-87.5136786466796,41.1672967370454],[-87.5137716474253,41.1672777368423],[-87.5149616475559,41.1671747370258],[-87.5157226476105,41.1671047373556],[-87.5158636468181,41.167111736385],[-87.5159086469415,41.1670977363259],[-87.516000647072,41.167078736889],[-87.5164286467562,41.1670357368978],[-87.5170006471496,41.1669877372631],[-87.5187156484729,41.1668347360626],[-87.5196676481958,41.1667417364088],[-87.5201446489962,41.1667027358925],[-87.520239648996,41.1667007357326],[-87.5203326477609,41.1666827360208],[-87.5204526483808,41.1666717361522],[-87.5212366491815,41.1666057363327],[-87.5224246493949,41.1664927358785],[-87.5238056488306,41.1663837362984],[-87.524904650072,41.1663187361628],[-87.5249996496166,41.1663087355988],[-87.5251376504104,41.1662827358513],[-87.5251856498623,41.1662817360146],[-87.5253266497816,41.1662587363993],[-87.5255006500024,41.1661987357325],[-87.5255456502396,41.1661797355742],[-87.525633649483,41.1662097362774],[-87.52571364966,41.166222735883],[-87.5257266505247,41.166225735918],[-87.5258156496749,41.1662517360516],[-87.525982650372,41.1663227366322],[-87.5260246503313,41.1663297352641],[-87.5261536507382,41.1662827363627],[-87.5262076504394,41.1662597359851],[-87.5262376494957,41.166247736248],[-87.5263256506492,41.1662197359969],[-87.5263706507236,41.1661967359273],[-87.5263946504261,41.1661847358013],[-87.526413649905,41.1661747360913],[-87.5265276506383,41.1661247357834],[-87.5265476506266,41.1661157355458],[-87.5265926501899,41.1660977353387],[-87.5265916501073,41.1661567360258],[-87.5265916505746,41.1662167362056],[-87.5265816504965,41.169780736063],[-87.5265816506998,41.1698497366414],[-87.5265826511818,41.1698937366798],[-87.5265826513304,41.1699357359738],[-87.5265836514129,41.1738247373218],[-87.5265836508673,41.1745517375086],[-87.5265836516228,41.1767347382293],[-87.5265846518326,41.1774627384741],[-87.5265886511479,41.1796807388515],[-87.5265786516664,41.1818017383656],[-87.5265686520642,41.1840367387532],[-87.5265446524445,41.1891777405184],[-87.5265446530329,41.1892637395385],[-87.5265446521677,41.1893427397698],[-87.5265426530238,41.1894197400775],[-87.5265426528256,41.1896807399909],[-87.5265206535036,41.1944877404567],[-87.5265186528267,41.1983727416235],[-87.5265136542704,41.2091477438119],[-87.5265136537523,41.2102517435657],[-87.5265076561735,41.2230487460588],[-87.5265076563228,41.2238347462709],[-87.5265226563237,41.2303867472404],[-87.5265256579521,41.2385297487086],[-87.5265566581592,41.2446557498411],[-87.5265856588882,41.2500487505318],[-87.5266026591875,41.2533027517673],[-87.52660965891,41.2548537514911],[-87.5266326585999,41.2595067520858],[-87.5266396589888,41.2610447531574],[-87.5266406600975,41.2610587524525],[-87.5266546595588,41.2639107536349],[-87.5266746604825,41.2679757537262],[-87.5266966602451,41.272468754652],[-87.526711660331,41.2753217555963],[-87.5267486612249,41.2826667567533],[-87.526748660999,41.2829737563449],[-87.5267446613432,41.2880447576093],[-87.5267366632505,41.2980597595999],[-87.5267346633628,41.2981827583992],[-87.5267346631701,41.2984037587839],[-87.526737663411,41.2990397592681],[-87.5267386633061,41.2992527588455],[-87.5267326634001,41.3004927594025],[-87.5267196631647,41.3042187600213],[-87.5267176633746,41.3053037604961],[-87.5267196643988,41.3054607605119],[-87.5267246634886,41.3057697598903],[-87.5267406639521,41.3066937605465],[-87.5267466631404,41.3070017604784],[-87.5267586636201,41.3080037610107],[-87.5267626643318,41.3083327613141],[-87.5267416646434,41.3110097621361],[-87.5267346637786,41.3120127615876],[-87.5267346639357,41.3122557614473],[-87.5267346645906,41.3123907621565],[-87.5267336637611,41.3124547613476],[-87.5267256639652,41.3137817614564],[-87.5267256639502,41.3142287618623],[-87.5267236649009,41.3165987621544],[-87.5267226655935,41.3179007625818],[-87.5266616651724,41.3237227636188],[-87.5266576652281,41.3242277639272],[-87.5266696651963,41.3260987636842],[-87.5266716648912,41.3262617633495],[-87.5266796655751,41.3266597635766],[-87.5266786656607,41.3267537642045],[-87.5266806664436,41.3269177641585],[-87.5266756660174,41.326963763518],[-87.5266646658574,41.3270867640977],[-87.526663666193,41.3271027638191],[-87.5266636655251,41.3271497646125],[-87.5266326656499,41.3293887643785],[-87.5266266657961,41.3300487646583],[-87.5266086656813,41.332128764926],[-87.5266186660681,41.3338217652821],[-87.5265696667873,41.3385787658641],[-87.5265676676308,41.3387437656709],[-87.5265456678815,41.3415787666914],[-87.5265456668777,41.34159476644],[-87.526546667451,41.3416427665696],[-87.5265476672899,41.3422537663757],[-87.5265526664119,41.3440897664946],[-87.5265556670579,41.3447017673573],[-87.5265466681046,41.3454367674427],[-87.5265196676521,41.3476447673121],[-87.5265116677942,41.3483807674368],[-87.5264936678549,41.3498547679937],[-87.5264816677724,41.3508967682265],[-87.5264466687225,41.354279768873],[-87.5264316683907,41.3557557688461],[-87.5264176684138,41.3581397695135],[-87.5263896694917,41.3632137708187],[-87.526372669355,41.3652947706281],[-87.5263536688831,41.3676797714791],[-87.5263416698361,41.3690177716053],[-87.5263096705132,41.3730317723152],[-87.5262996696082,41.3743707717567],[-87.526297670367,41.3744957724214],[-87.5262956693581,41.3748727725497],[-87.5262946703772,41.3749987717567],[-87.5262926702703,41.3750857730317],[-87.5262906705882,41.375346772503],[-87.5262906700357,41.3754347723781],[-87.5262846706283,41.3759037724818],[-87.5262696710381,41.3773147730948],[-87.5262666703925,41.3777867723507],[-87.526265670414,41.3778207731244],[-87.5262626707647,41.3784167726953],[-87.5262536710992,41.3803117732693],[-87.5262516704594,41.3809437731947],[-87.5262466702822,41.3816827741846],[-87.5262326714662,41.3838997739572],[-87.5262286713106,41.3846397740621],[-87.5262236709235,41.3852977743983],[-87.5262156720649,41.3861567746062],[-87.5262126710729,41.3865577752408],[-87.5261916719532,41.3907117760008],[-87.5261846714103,41.392231775419],[-87.5261826720358,41.392537775669],[-87.526179672053,41.3936507753606],[-87.5261726723756,41.3972227767868],[-87.5261586724365,41.3979127764459],[-87.5261346729305,41.3993347761941],[-87.5261216717255,41.4008127773545],[-87.5261006725492,41.4035257770032],[-87.5260776732643,41.4044227769875],[-87.526087672365,41.4052507774767],[-87.5260906728681,41.405525777578],[-87.5260976734564,41.4066567783134],[-87.5260986731089,41.4067297776374],[-87.5260996735069,41.4068317778573],[-87.5261146739801,41.4071077777886],[-87.5261746738611,41.4080327776356],[-87.5261726736482,41.4081627783154],[-87.5261216736029,41.4115317790018],[-87.5261176738878,41.4124657793148],[-87.5261146738509,41.4139017792412],[-87.5260656739898,41.4161907797779],[-87.5260506741159,41.416913779464],[-87.5259996748292,41.4194547801184],[-87.5259896744721,41.4200227804177],[-87.5259056744957,41.4247907813484],[-87.5259046752999,41.4248817805072],[-87.5259056740789,41.4250607807677],[-87.5259096751327,41.4261917815417],[-87.5259106751315,41.4264957814941],[-87.5259106744886,41.4265477812984],[-87.5259116745958,41.4266857814811],[-87.5259126752312,41.4268277819825],[-87.5259136752645,41.4270077815752],[-87.5259096745989,41.4273347820666],[-87.5259006750394,41.4283177814381],[-87.5258986757057,41.4286457813302],[-87.5258956751446,41.4289527819337],[-87.5258746757332,41.4300327815465],[-87.5258456761328,41.4316297817783],[-87.5258206759624,41.4330667831386],[-87.5258176757696,41.4340877827352],[-87.5258176754813,41.4342017825686],[-87.5258176759425,41.4355927828904],[-87.524889675589,41.4355887829504],[-87.5240526748215,41.4355857837086],[-87.5220696751784,41.4355877829908],[-87.5211306745786,41.435589782536]]]]},"properties":{"OBJECTID":184,"county_1":"Lake","id39_council":"089-District 7","councildistrictid":"089-District 7","featureid":"089-District 7","CountyCouncil":"County District 7","Full_CountyCouncil_Name":"Lake County District 7","County":"Lake","Shape__Area":1193975691.0117188,"Shape__Length":184593.12539486933}}]}