{"type":"FeatureCollection","features":[{"type":"Feature","geometry":{"type":"Polygon","coordinates":[[[-111.63600355239107,40.2826243158311],[-111.63602709527977,40.282651919167328],[-111.63602900540482,40.282712483223612],[-111.63604088972181,40.283056986916414],[-111.63605004719086,40.283056969944866],[-111.63656364514996,40.283056023783985],[-111.63656342522276,40.282945705480948],[-111.63661865170891,40.282776132227703],[-111.63673965805516,40.28256408878616],[-111.63688363483621,40.282411214697547],[-111.63742605423268,40.282537707640799],[-111.63781363488751,40.282537244634504],[-111.63781300627949,40.282223614350329],[-111.63838854117276,40.282104192416199],[-111.63889773659962,40.28197644988002],[-111.6392403313618,40.281882695007376],[-111.63953951745701,40.281822970379203],[-111.6399157810577,40.281763152668397],[-111.64057955254785,40.281635207585843],[-111.64081201497417,40.28159253887101],[-111.64108868809147,40.281482056563625],[-111.64133162862697,40.281303663753981],[-111.64178480612559,40.280955504806705],[-111.64203932993856,40.280751697444188],[-111.64237169236466,40.280920810541552],[-111.64241581329603,40.280802024312379],[-111.64247060379886,40.280649434786596],[-111.64251471497255,40.280530646720294],[-111.64255874839199,40.280369482650585],[-111.6426579913018,40.280267620510841],[-111.64272454376957,40.280165791033411],[-111.64273509052177,40.280064038983717],[-111.64279051027867,40.279996194363896],[-111.64281166848862,40.279614586487497],[-111.64297157491714,40.279589686237763],[-111.64294937722738,40.278611058988652],[-111.64332858916254,40.278472986025506],[-111.64372766925725,40.278411235691607],[-111.644127232676,40.278364927603775],[-111.64414672397781,40.278257841533843],[-111.64408655689456,40.278196836043961],[-111.64418608778784,40.278013127230132],[-111.64422516163251,40.277630812244837],[-111.64418397084576,40.277003938646253],[-111.64402427517331,40.27691234313739],[-111.64406325377163,40.276484044091731],[-111.64438270357026,40.27648364507106],[-111.64509928113635,40.275504091622267],[-111.64555854459689,40.275518781470261],[-111.64559715666437,40.274922345650637],[-111.64557656862281,40.274509566104733],[-111.64543552352458,40.273913350377853],[-111.64535516185992,40.273622980376459],[-111.64503411540126,40.273072802756502],[-111.64490770540181,40.27304986809213],[-111.6447812966647,40.2730269341899],[-111.64471916283988,40.272967001335644],[-111.6446610502461,40.272904747010919],[-111.64460710501284,40.272840328653146],[-111.64455746505388,40.272773911815754],[-111.6445044005748,40.272693261820784],[-111.64446452528296,40.272625386423648],[-111.6444272356657,40.272552476818596],[-111.64439482056231,40.272478212008636],[-111.64436971039622,40.272409858087507],[-111.6443487303834,40.272340692077506],[-111.64433147889496,40.272268724054797],[-111.64432044760071,40.27220462266817],[-111.64430537896139,40.27208766388766],[-111.64429555865654,40.271981062323334],[-111.6442939647192,40.271900327886172],[-111.64429841926439,40.271819656223151],[-111.64429825647008,40.271752409856312],[-111.64429039625689,40.271685433285725],[-111.64417771017446,40.271131445018],[-111.6440619458363,40.270536303613383],[-111.64405817427162,40.270536470382332],[-111.64389520105371,40.270543681940637],[-111.64310771476714,40.270578522923515],[-111.64310597946934,40.270578599803656],[-111.64297045695801,40.270584614595116],[-111.64288473464973,40.270591686902378],[-111.64282718026985,40.270600289115372],[-111.64276056824207,40.270613137202425],[-111.64275746306551,40.270613736324435],[-111.64265147526072,40.270644154511743],[-111.64224041439759,40.270819609663832],[-111.64174730774407,40.271030080045776],[-111.64174517556422,40.271030990483069],[-111.64152073586754,40.271170019514216],[-111.6415086044717,40.271178779468514],[-111.64146685192432,40.271208928677062],[-111.64141692239622,40.27125081866],[-111.64138409889681,40.271282171092267],[-111.64135349323057,40.271314813254172],[-111.64131949998428,40.271355968790616],[-111.64107290427449,40.271639068221056],[-111.64107192831399,40.271640188900278],[-111.64060638543498,40.272168929281833],[-111.64052782129126,40.272246934930102],[-111.64044751300034,40.272321957888401],[-111.64044626901784,40.272323119413507],[-111.64034963308309,40.272407284557531],[-111.64024928542966,40.272488858422413],[-111.64014534109221,40.272567746293198],[-111.64003792452502,40.272643858847559],[-111.63992716252653,40.272717102257175],[-111.63981318426738,40.272787391697641],[-111.63969612362706,40.272854644140338],[-111.63957762496661,40.272917975880873],[-111.63957612037346,40.272918780152544],[-111.63882219232028,40.273386050883701],[-111.63840744789206,40.273628200178706],[-111.63834922483458,40.273659489067583],[-111.63827689680566,40.273695071784282],[-111.6382194059933,40.273723354294354],[-111.63791899349789,40.273858364638947],[-111.63787135252296,40.273831187249407],[-111.63782405351522,40.273801552482198],[-111.63777855974313,40.273770303414452],[-111.63773496657866,40.273737503881506],[-111.63768536225453,40.273695770735131],[-111.63728378204576,40.273357907008673],[-111.63728067080064,40.273357910666284],[-111.63693899049498,40.273653284198112],[-111.63693765000502,40.273654443096518],[-111.63688862912763,40.273696707410416],[-111.63657448887471,40.273967547361536],[-111.6357976210692,40.2746401483653],[-111.63579922985679,40.274641445221462],[-111.63503627497391,40.275295569754626],[-111.63498331455878,40.275316150324826],[-111.63434970117748,40.27526198772339],[-111.63451735110131,40.275767930650041],[-111.63451747300472,40.275768332196222],[-111.63395557259464,40.275770854131466],[-111.63395535519733,40.275772729518621],[-111.6345237774208,40.275769813696151],[-111.63452563932871,40.275776056606588],[-111.63487690789569,40.276953770904576],[-111.63534619577422,40.277505690850127],[-111.63540908059703,40.278047000153968],[-111.63540908537549,40.278047037975369],[-111.63540909255552,40.278047101011978],[-111.6354185492246,40.278047090046691],[-111.63553519362387,40.278046952929941],[-111.63624655217505,40.278046112574351],[-111.63624662743507,40.278046113387227],[-111.63624827841282,40.278046111461087],[-111.63624871230957,40.278052016463931],[-111.63624973960803,40.278065980619012],[-111.63628555901164,40.278553003234279],[-111.63628556143689,40.278553040157767],[-111.63628557594213,40.278553238282022],[-111.63629481866369,40.27855322749555],[-111.63632790549033,40.278553188876401],[-111.63637354877577,40.278553134685318],[-111.63637362991417,40.278553134590567],[-111.63637563250386,40.278553132252043],[-111.63637643088686,40.278559005305425],[-111.63637654187886,40.278559824759839],[-111.63639911151947,40.278868801377385],[-111.63640876703303,40.278868790099814],[-111.63742783347061,40.278867579137568],[-111.63742352603226,40.278874018390717],[-111.63725807949686,40.279121367046528],[-111.63722636299246,40.279169274322136],[-111.63689722219661,40.279159982313686],[-111.63685174516748,40.279158698160735],[-111.63608914230164,40.279137165130912],[-111.63587543147895,40.279822851702065],[-111.63590147357513,40.279851131262248],[-111.6357879206233,40.281114046121694],[-111.63576286066274,40.281563755399866],[-111.63576256085715,40.281569129872864],[-111.63572214485912,40.282294376449705],[-111.63600355239107,40.2826243158311]]]},"properties":{"LOCALSCHOOL":"P2","PRECINCTID":"25PR12"}},{"type":"Feature","geometry":{"type":"Polygon","coordinates":[[[-111.63099222903546,40.272072519916016],[-111.63176190093168,40.272071642279101],[-111.63182480546166,40.272071570382721],[-111.63182526755408,40.272071569861055],[-111.63228798663511,40.272071039375412],[-111.63228808069969,40.272071039268823],[-111.63232063998615,40.272071001478437],[-111.63239522851495,40.272070916034544],[-111.63239885942315,40.272077003870535],[-111.63241680635608,40.272107093834663],[-111.63267068906983,40.272532989246201],[-111.6333620394258,40.273692719283453],[-111.63339878443797,40.27577558130259],[-111.63340812078302,40.275775533710906],[-111.63395535519733,40.275772729518621],[-111.63395557259464,40.275770854131466],[-111.63451747300472,40.275768332196222],[-111.63451735110131,40.275767930650041],[-111.63434970117748,40.27526198772339],[-111.63498331455878,40.275316150324826],[-111.63503627497391,40.275295569754626],[-111.63579922985679,40.274641445221462],[-111.6357976210692,40.2746401483653],[-111.63657448887471,40.273967547361536],[-111.63688862912763,40.273696707410416],[-111.63693765000502,40.273654443096518],[-111.63693899049498,40.273653284198112],[-111.63728067080064,40.273357910666284],[-111.63728378204576,40.273357907008673],[-111.63768536225453,40.273695770735131],[-111.63773496657866,40.273737503881506],[-111.63777855974313,40.273770303414452],[-111.63782405351522,40.273801552482198],[-111.63787135252296,40.273831187249407],[-111.63791899349789,40.273858364638947],[-111.6382194059933,40.273723354294354],[-111.63827689680566,40.273695071784282],[-111.63834922483458,40.273659489067583],[-111.63840744789206,40.273628200178706],[-111.63882219232028,40.273386050883701],[-111.63957612037346,40.272918780152544],[-111.63957762496661,40.272917975880873],[-111.63969612362706,40.272854644140338],[-111.63981318426738,40.272787391697641],[-111.63992716252653,40.272717102257175],[-111.64003792452502,40.272643858847559],[-111.64014534109221,40.272567746293198],[-111.64024928542966,40.272488858422413],[-111.64034963308309,40.272407284557531],[-111.64044626901784,40.272323119413507],[-111.64044751300034,40.272321957888401],[-111.64052782129126,40.272246934930102],[-111.64060638543498,40.272168929281833],[-111.64107192831399,40.271640188900278],[-111.64107290427449,40.271639068221056],[-111.64131949998428,40.271355968790616],[-111.64135349323057,40.271314813254172],[-111.64138409889681,40.271282171092267],[-111.64141692239622,40.27125081866],[-111.64146685192432,40.271208928677062],[-111.6415086044717,40.271178779468514],[-111.64152073586754,40.271170019514216],[-111.64174517556422,40.271030990483069],[-111.64174730774407,40.271030080045776],[-111.64224041439759,40.270819609663832],[-111.64265147526072,40.270644154511743],[-111.64275746306551,40.270613736324435],[-111.64276056824207,40.270613137202425],[-111.64282718026985,40.270600289115372],[-111.64288473464973,40.270591686902378],[-111.64297045695801,40.270584614595116],[-111.64310597946934,40.270578599803656],[-111.64310771476714,40.270578522923515],[-111.64389520105371,40.270543681940637],[-111.64405817427162,40.270536470382332],[-111.64406180865254,40.270532012213401],[-111.64409681271104,40.270531354783621],[-111.64445272781026,40.270528842652851],[-111.64493806771706,40.270525415925206],[-111.64525714599772,40.270523161412669],[-111.64650230682631,40.270490083301333],[-111.64732608061135,40.270486797963095],[-111.64752282047704,40.270490969036459],[-111.64752759654866,40.270483342651914],[-111.64752484666597,40.270197877029027],[-111.64751939673936,40.269632040590984],[-111.64751067561031,40.269368600493372],[-111.64750664709825,40.268983961908766],[-111.64750267286624,40.268591746986985],[-111.64750521348606,40.268581833983738],[-111.64750574729671,40.268581843216495],[-111.64750567948803,40.268581475839134],[-111.64770717895837,40.268584984014751],[-111.64778116726963,40.268618003501565],[-111.64829287520325,40.268668990521128],[-111.64857575317427,40.268761276643907],[-111.64918149402482,40.268997610737692],[-111.65036689212137,40.269418830319211],[-111.65051481932475,40.269459815400758],[-111.65097306986983,40.26964468903531],[-111.65144390752339,40.269644072123107],[-111.65142862921009,40.268809212400186],[-111.65274753987043,40.268828064357066],[-111.65276196444708,40.269271221210282],[-111.65281615833963,40.269467086429842],[-111.65293790675514,40.269621513662372],[-111.65308597314805,40.269724433527657],[-111.65310941756054,40.269744752851636],[-111.65337679008329,40.269591873309189],[-111.65415574391218,40.269104496749222],[-111.65449442130073,40.268903656589089],[-111.65497126738232,40.26854726820239],[-111.65522249725298,40.268346541916387],[-111.65553478870883,40.26801514023218],[-111.65574979315262,40.267719891486927],[-111.6559339652468,40.267440446587919],[-111.65597777194769,40.267312419004838],[-111.65600387579788,40.267236131904454],[-111.65583863892287,40.267237636873546],[-111.65376668454753,40.267256488244222],[-111.65371528805225,40.26586788953631],[-111.64947103180512,40.265820089782331],[-111.64747200539287,40.265809458851244],[-111.64748559428538,40.266974039130268],[-111.64749054046973,40.26739402440834],[-111.64749454854361,40.267654010341367],[-111.64750748214524,40.268332001270053],[-111.64750748346252,40.268332067015443],[-111.64691853112474,40.268337073188356],[-111.64652162071165,40.268340010862744],[-111.64652150196352,40.268340011912422],[-111.64474361982703,40.2683329958993],[-111.64474349872357,40.268332995148775],[-111.64468795315479,40.268338106699659],[-111.64467504244043,40.268339294435719],[-111.64437357956565,40.268367038155993],[-111.64370362044346,40.268375001300072],[-111.64370350404856,40.268375003244593],[-111.6426705155024,40.268387050681831],[-111.64116253844713,40.268404064723235],[-111.64039561906382,40.268412996086568],[-111.64039555910271,40.268412997059272],[-111.64016917957957,40.268417637156041],[-111.63785457243159,40.268465051180847],[-111.63760950250385,40.268456041097224],[-111.637375615857,40.268394004500905],[-111.63737557821329,40.26839399463811],[-111.63648854431217,40.268393561406469],[-111.63614319392211,40.268504535809285],[-111.63602834712702,40.268541440272372],[-111.63602800990397,40.268541549643203],[-111.63602790175136,40.268541557875004],[-111.63581813163974,40.26855999057517],[-111.63581748156395,40.268560048071905],[-111.63554959486713,40.268526024085205],[-111.63470063826527,40.268490890669455],[-111.63429262034209,40.268474003418831],[-111.63429254156007,40.268473999906817],[-111.63263648720994,40.268352071265888],[-111.63217359097492,40.2683800072734],[-111.6316413677599,40.268411696955653],[-111.63153561667021,40.268417993650857],[-111.63153554730815,40.268417997331554],[-111.63129761694991,40.268431992736637],[-111.63129751349636,40.268431999157471],[-111.63126921075138,40.268433763818848],[-111.63123804187441,40.268435707320386],[-111.63108851988095,40.268445030328586],[-111.63099821833202,40.268477934043879],[-111.63097061217307,40.268487992787058],[-111.63097062236928,40.268488406171478],[-111.63097808357678,40.268488357273412],[-111.63098266971924,40.272072530638944],[-111.63099222903546,40.272072519916016]]]},"properties":{"LOCALSCHOOL":"P2","PRECINCTID":"25PR13"}},{"type":"Feature","geometry":{"type":"Polygon","coordinates":[[[-111.66501599493371,40.282829105146831],[-111.66653943816843,40.282833852437072],[-111.66678852166466,40.28280268695719],[-111.66721619027501,40.282748868248405],[-111.66768498520473,40.282690306497592],[-111.66788001070165,40.282664856104361],[-111.66805037057199,40.282643151520666],[-111.66814792919642,40.282630478680773],[-111.66856539004979,40.282576030266178],[-111.66856556639245,40.282576007495649],[-111.66857718374885,40.282143428933601],[-111.66858253889966,40.281944049827224],[-111.66859456668026,40.281544053994637],[-111.66859587161011,40.281499454144516],[-111.66860108568535,40.281321157418951],[-111.66860225710404,40.281281084382968],[-111.66860252177077,40.281272036155578],[-111.66868723923658,40.280826744669888],[-111.66868728102769,40.280826523952328],[-111.66879353357692,40.28026802926663],[-111.6687774337048,40.28023560601094],[-111.66866502929329,40.280009234446496],[-111.66865780608804,40.279994686901908],[-111.66858097465131,40.279839955865334],[-111.66858096047135,40.279839927965909],[-111.6685805232059,40.279839047769251],[-111.66774255429104,40.27909305108863],[-111.66774200248612,40.279092451152884],[-111.66754809119894,40.278881781097908],[-111.66754603373829,40.278879545953757],[-111.66754713432138,40.278879511051016],[-111.66759007237346,40.27887816062217],[-111.66759195136066,40.278878101185271],[-111.66849814994085,40.278849578015823],[-111.66864417116058,40.27884498201594],[-111.66867352473287,40.27884405789505],[-111.66867352812982,40.278844004752251],[-111.6686735427316,40.278843726432676],[-111.66867354495486,40.278843674192231],[-111.66868455631058,40.278636877123255],[-111.66868459113186,40.278636214200247],[-111.6687825204864,40.276797059645453],[-111.66875766429789,40.27642798689763],[-111.6687270841829,40.275973923285378],[-111.66871651946819,40.275817056432324],[-111.66871911986031,40.275699815060527],[-111.6687295565165,40.275229376927847],[-111.66848614261933,40.275225389977869],[-111.66797905982199,40.27521708253532],[-111.6679777745487,40.275217060967428],[-111.66797555090317,40.275217026338964],[-111.6678190715663,40.275038962676376],[-111.66779452641525,40.275011031171417],[-111.66779449404727,40.27501077813713],[-111.66778342489921,40.274924522318983],[-111.66772253788349,40.274450056277573],[-111.66762626326494,40.273686174977975],[-111.66759063285059,40.273403470828406],[-111.6675895704378,40.273395039625726],[-111.66702193500157,40.273373588074428],[-111.66701991473383,40.273373511707369],[-111.66695455354957,40.273371041941274],[-111.66652753809068,40.272897021394272],[-111.66652727290915,40.272892895922915],[-111.66639956640961,40.270904534070475],[-111.66639957220109,40.27090449803643],[-111.66652772506954,40.270174469958008],[-111.66657853570899,40.269885017654531],[-111.66658033742618,40.269831032242003],[-111.66659952086256,40.269256388993981],[-111.66659953293524,40.269256035023282],[-111.66659947033048,40.269254948934893],[-111.6665984186745,40.269236842069596],[-111.6665700928111,40.268749106689356],[-111.66657005967105,40.268748533025757],[-111.66657789311425,40.268749251373386],[-111.66700168258075,40.268788138415552],[-111.66704110151802,40.268791755762372],[-111.66773251826213,40.268855194950625],[-111.66797055887947,40.268877034755128],[-111.66827983175855,40.268896511720939],[-111.66828760000833,40.268897001284003],[-111.66863752175382,40.268919036886366],[-111.66863752164299,40.268918991854257],[-111.66863754608993,40.268843415994112],[-111.66863757149925,40.268762021063239],[-111.66851205056395,40.268476236655175],[-111.66851153032108,40.268475052157036],[-111.66851654529803,40.268305033738223],[-111.66867652657864,40.267984022639723],[-111.66872794383718,40.267815387183717],[-111.66872805464034,40.267815024964193],[-111.66865155743095,40.267589021262395],[-111.66860589402229,40.267529196092262],[-111.66844854324546,40.267323045706256],[-111.66844865728416,40.267323042839799],[-111.66845044429805,40.267323004235955],[-111.6687245297785,40.267317039813214],[-111.66891955194363,40.267310049835871],[-111.66936352667554,40.267295048616496],[-111.66936730396328,40.26729491524592],[-111.66936967990272,40.267294830741491],[-111.66961853055089,40.267286026861271],[-111.66967907447344,40.267286880971135],[-111.66975954652266,40.267288015900498],[-111.66975960531111,40.267288016715703],[-111.66975967468112,40.267288017515462],[-111.66979456887465,40.267256122656661],[-111.67011985821155,40.267254456724132],[-111.67011882261504,40.267230394786772],[-111.67013898122836,40.267229752976107],[-111.67027381352547,40.267118498734504],[-111.6702904233599,40.266745392888389],[-111.67032342919899,40.265918107935825],[-111.67032487362067,40.26588195300323],[-111.67032487236887,40.265881922383109],[-111.6704144192901,40.265883085050767],[-111.67042946950653,40.265505895088424],[-111.67043192414934,40.26544436117333],[-111.67094912131772,40.265890032769185],[-111.67115950880641,40.265892301302522],[-111.6711655982151,40.2657823433263],[-111.67115262226166,40.265698204191317],[-111.67115262541131,40.265697111703162],[-111.67115262528532,40.265697061267183],[-111.67115262512785,40.265696998222182],[-111.67115075755535,40.265695362684781],[-111.6709756244552,40.265541997887432],[-111.67075547669423,40.265365833960814],[-111.67071451720088,40.265333033784238],[-111.67055851278484,40.265220061372787],[-111.67038158623895,40.265108019027579],[-111.67017755014042,40.264978026420998],[-111.6697955418181,40.264737077011603],[-111.66979360122595,40.264736789825562],[-111.66964671957535,40.26471503566956],[-111.66964655256631,40.264715010694118],[-111.66964599347359,40.264714751219707],[-111.66955069104627,40.264670465277568],[-111.66954553797673,40.264668070737073],[-111.66856559211189,40.264005068439388],[-111.66801553366493,40.2636320173633],[-111.66727256859799,40.263063042443463],[-111.66713034895088,40.263169844834721],[-111.66703181166103,40.263243841561014],[-111.66703161216405,40.263243991353747],[-111.66703149833405,40.263244077078006],[-111.66689983602707,40.263329909636454],[-111.6668966268662,40.26333200192235],[-111.66689652944024,40.263332065106859],[-111.66689213943059,40.263334440982959],[-111.66676352212126,40.26340400515825],[-111.66668063792595,40.263438799301206],[-111.66663949176163,40.263456072089227],[-111.66651344596309,40.263500331355736],[-111.66649162192421,40.263507994555887],[-111.66649158550943,40.263508007216871],[-111.66624912205319,40.263556300421975],[-111.66624062140069,40.263557993131791],[-111.66624052269324,40.263558013086545],[-111.66623995386792,40.263558094053963],[-111.66606459935092,40.263583079846221],[-111.66590355007212,40.263590043829254],[-111.66452357276209,40.263540047226741],[-111.66434052392609,40.263534069842542],[-111.6642036232999,40.263529001778913],[-111.66420358449878,40.263529000032221],[-111.66389452322666,40.263517080108223],[-111.66375962361924,40.263511999708697],[-111.66375958246687,40.263511997965139],[-111.66347458719702,40.263501559861758],[-111.66346983357015,40.263501384586768],[-111.66185794268263,40.2634419035316],[-111.66129349676243,40.263421069130111],[-111.66109585900541,40.263419277705744],[-111.66035826103374,40.263412590745787],[-111.66035458818624,40.26341255706231],[-111.65944753247351,40.263390070857795],[-111.65856961709014,40.26337002742153],[-111.65849324272855,40.263883952518142],[-111.65839647717772,40.264300632670398],[-111.65767957905425,40.266809900458185],[-111.65759836557034,40.267122984355964],[-111.65730627033768,40.268082565326104],[-111.6571331878976,40.268710998214829],[-111.65695081929653,40.269396772839642],[-111.65692171455665,40.269623742878977],[-111.65689702665377,40.270162737044132],[-111.65693069672554,40.270730190515508],[-111.65696214215721,40.271085934248092],[-111.65696891265961,40.271162525835216],[-111.65699952071773,40.271445658909613],[-111.6570337150681,40.271896470828601],[-111.65703759729892,40.271947644700894],[-111.65708165870561,40.272294984507766],[-111.65710882967548,40.272507372907654],[-111.65723561152781,40.273432337143397],[-111.65728037759972,40.273747726345],[-111.6573156985873,40.273994525316631],[-111.65736446103693,40.274267983201909],[-111.65701960398147,40.274350787824424],[-111.65688904099423,40.274463686018819],[-111.65670956544756,40.274739478796754],[-111.65576260841574,40.275605321616126],[-111.65548588179338,40.276069283691704],[-111.65553505596236,40.276219519274875],[-111.65569966858719,40.276695411162123],[-111.65529261699861,40.277385000523267],[-111.65534179167793,40.277535231623759],[-111.65539212170761,40.277998761289808],[-111.65508186013233,40.278299772955457],[-111.65506635538375,40.278575509818786],[-111.65485440234178,40.27896406684259],[-111.6545439366344,40.279177575387813],[-111.6544632920036,40.27957848211242],[-111.65433279635621,40.279729126657749],[-111.65431646954097,40.279841869850124],[-111.65418622992318,40.280105067068249],[-111.65346731916797,40.280607189494589],[-111.65337103694939,40.281434132678733],[-111.65307763452333,40.281873060527126],[-111.65308942645684,40.28239576903605],[-111.65308389128532,40.282450588400806],[-111.6530794788939,40.282490020643209],[-111.65307988286087,40.282490290306008],[-111.65308012901028,40.282490454800659],[-111.65309883870292,40.282502949185343],[-111.65314769193022,40.282531998353313],[-111.65315551207648,40.282536648014791],[-111.6531919365413,40.282556862863416],[-111.6532149262363,40.282566966718015],[-111.65325300250352,40.28258380467885],[-111.65328463622221,40.282597271878316],[-111.65332436226491,40.28261298094872],[-111.65336518905102,40.282628688560109],[-111.65339828506815,40.282637651504409],[-111.65344056943906,40.282648856672189],[-111.65348322660016,40.28266005593094],[-111.65351778406436,40.282666767119721],[-111.65355271079186,40.282673476011468],[-111.6535876375242,40.282680183992163],[-111.6536229308286,40.282684640778577],[-111.65366722163056,40.282689084815594],[-111.65381883006594,40.282695640947111],[-111.65435170538433,40.282697190416165],[-111.65531162330787,40.282702671747337],[-111.65618407480498,40.282708263991175],[-111.65671373747419,40.282752988210014],[-111.65726655379396,40.282794624778113],[-111.65735924928322,40.28280027933436],[-111.6576998946351,40.282821058783036],[-111.65848956004722,40.282841852911936],[-111.65859349464408,40.282838342525451],[-111.65896717322167,40.282825720880936],[-111.65947010805655,40.282808730939692],[-111.65992262272511,40.282805204017656],[-111.66055298107712,40.282804339165907],[-111.66067829352569,40.282804166831831],[-111.66079837176142,40.282806058633881],[-111.66091821857945,40.282812060256283],[-111.66108792321329,40.2828281909567],[-111.66187509319019,40.282829095695675],[-111.6621670825847,40.282824255871461],[-111.66245612501022,40.282819464448423],[-111.66313271835352,40.282838112095263],[-111.66460424553156,40.282826966250866],[-111.66501599493371,40.282829105146831]]]},"properties":{"LOCALSCHOOL":"P1","PRECINCTID":"25PR14"}},{"type":"Feature","geometry":{"type":"Polygon","coordinates":[[[-111.67236462255006,40.256690996879009],[-111.67236459205161,40.256691023042848],[-111.67216461997464,40.256816992787932],[-111.67216452255823,40.256817054175677],[-111.67195463347528,40.256880049535823],[-111.67195453950389,40.256880078494952],[-111.67197550114949,40.257002032330689],[-111.67214049929764,40.257776053920452],[-111.67215150178448,40.257961040722286],[-111.67211670970057,40.258129559137032],[-111.67211661910798,40.258129997886186],[-111.67211660285132,40.258130078067822],[-111.67207056686316,40.258267015602804],[-111.67201851253346,40.25837804403529],[-111.67179076335457,40.258827704504412],[-111.67179061478751,40.258827996532929],[-111.67179059841068,40.258828028980332],[-111.67173951494547,40.258966077975352],[-111.67171961860305,40.259068998143213],[-111.67171960234802,40.259069079225434],[-111.67172949894714,40.259285065211927],[-111.67174458589751,40.260418077443582],[-111.67171949913352,40.260652013363135],[-111.67153356361763,40.261400052644809],[-111.67129250700175,40.262247064265999],[-111.67117055348712,40.262580033927058],[-111.67117019134288,40.262583781148621],[-111.67113962533976,40.262900914853361],[-111.67113956574234,40.262901530082431],[-111.67113962559858,40.262902430641397],[-111.67117176493289,40.263388315710316],[-111.67117254078691,40.263400048196296],[-111.6712345245837,40.263603027884393],[-111.67148054091113,40.26428000066614],[-111.67158456497846,40.264726076639583],[-111.67160058347173,40.265002029098206],[-111.67160051765322,40.26500438438454],[-111.67159403226682,40.265236190500858],[-111.67159402254271,40.265236532760646],[-111.67155679242438,40.265539167607386],[-111.67155724195351,40.265541210512616],[-111.67155718998988,40.265541587058962],[-111.67155662072959,40.265545724562394],[-111.67155580435794,40.2655516547144],[-111.67155541176774,40.265554509438338],[-111.67155186795421,40.26558023439231],[-111.67155166702494,40.265581689230771],[-111.67155161968503,40.265582034247764],[-111.67155109656801,40.265585818630086],[-111.67149162349098,40.266015988736015],[-111.67156962651467,40.266089999099052],[-111.6717122921681,40.266245952357814],[-111.67177553048016,40.266315027136741],[-111.67192253027743,40.266504058073352],[-111.67205356673004,40.266700013986551],[-111.67213352708134,40.266837022139079],[-111.67224152899585,40.267055037066413],[-111.67232452114264,40.267264029199907],[-111.67239452154718,40.267492017944605],[-111.67244455071135,40.26773703400908],[-111.67249255821456,40.268203054265832],[-111.6724365267699,40.268658022297714],[-111.67236454074448,40.269027015699876],[-111.67214552858601,40.26999803134899],[-111.67213556947073,40.270113039452426],[-111.67213453051701,40.270313046254493],[-111.67215252292385,40.270514037312722],[-111.67217872953445,40.270655625939241],[-111.67217874503464,40.27065571147768],[-111.67218953715403,40.270714022207912],[-111.6722455599877,40.270910015305304],[-111.67225052795565,40.270920871551247],[-111.67225055281246,40.270920937261636],[-111.67225113092421,40.270922190106013],[-111.6722712688163,40.270966192007975],[-111.67227631482244,40.270977218359377],[-111.67235822041711,40.271156189746492],[-111.67257247067073,40.270942996977091],[-111.67259755210364,40.270918039073173],[-111.67266858033034,40.270833534665556],[-111.67267131759075,40.270830277489807],[-111.67267151922209,40.270830037620208],[-111.67267275308402,40.270828819925491],[-111.67267417695103,40.270827414615738],[-111.67270006691301,40.27080185746523],[-111.67294404551809,40.27056102606624],[-111.67294528867244,40.270559301291897],[-111.67300192648784,40.2704807036963],[-111.67301131514479,40.270467675470719],[-111.67301794215319,40.270458479076147],[-111.67302906839737,40.270443038149317],[-111.67304058367338,40.270427073370278],[-111.67304063522799,40.270427002143002],[-111.67306650240093,40.270391140665623],[-111.67306659144838,40.270391017145329],[-111.67307519508532,40.27037908886426],[-111.67307955255873,40.270373048086135],[-111.6731865664605,40.270207031190964],[-111.67330652574314,40.270024053847564],[-111.67340905240906,40.269815538356312],[-111.67341583756884,40.269801514245884],[-111.67341867748348,40.269795643227653],[-111.67347654009779,40.269676039903274],[-111.67364713585818,40.269554400115162],[-111.67368321023008,40.269528677181945],[-111.67382853555833,40.269425052481424],[-111.67395495135163,40.269187410969835],[-111.67396375692572,40.269170856604681],[-111.67401553128948,40.269073526905146],[-111.67401565713271,40.269045765234104],[-111.67401567806766,40.26904104582276],[-111.67401603262364,40.268962140679356],[-111.67401754231427,40.268626522024874],[-111.67401754458113,40.268626025765997],[-111.67402114518781,40.268602132587581],[-111.6740227327453,40.268591600778649],[-111.67406554444163,40.26830753200128],[-111.67406567639047,40.268301619969023],[-111.6740659193337,40.268290803757708],[-111.67406956449715,40.268128038208161],[-111.67418154655671,40.267583041092102],[-111.67452742068625,40.266865363068916],[-111.6745285329182,40.266863054852855],[-111.67469054183248,40.26651501922732],[-111.67468995847877,40.266355844464549],[-111.67468966217029,40.266275131730204],[-111.67468962721708,40.266265572327498],[-111.67468954637364,40.266243547154168],[-111.67466056718698,40.265927043195596],[-111.67474726982815,40.265804044643986],[-111.67475105131545,40.265798679240298],[-111.67475856509265,40.265788020557814],[-111.67475989241129,40.265786156935945],[-111.67476769232566,40.265775211419175],[-111.67476983150149,40.265772209066107],[-111.67482081437373,40.265700661079769],[-111.6748305214807,40.265687038684923],[-111.67483061422753,40.265686986308594],[-111.67489719383018,40.265648608241527],[-111.67499001163375,40.265595105895329],[-111.67505255260174,40.265559056557116],[-111.67506316525908,40.265552925259101],[-111.67507168943045,40.265548001255368],[-111.67520892006219,40.26546872048791],[-111.67528455144574,40.265425027410679],[-111.67528555946029,40.265424281063083],[-111.67568103993324,40.26513152698454],[-111.67595717369299,40.264933340980072],[-111.67596454930246,40.2649280475746],[-111.67596461970473,40.264927993429708],[-111.67600395012434,40.264897827347127],[-111.67620054772357,40.264747036441037],[-111.67628624856974,40.264633873265687],[-111.67633157352033,40.264574024423794],[-111.67638659847638,40.264474261375149],[-111.67641154285118,40.264429035558663],[-111.67647854590938,40.264308021624323],[-111.67649333389927,40.264287603232795],[-111.67675953141745,40.263920042099187],[-111.67677680120111,40.263793946151431],[-111.67677853671719,40.263781275029139],[-111.67677857133884,40.263781023696353],[-111.67681557599941,40.263506023670814],[-111.67681572610439,40.263504965183643],[-111.67685704790193,40.26321418285557],[-111.67685706752775,40.26321404322556],[-111.6768574920192,40.263213162650715],[-111.67687043841548,40.263186304667592],[-111.67687267196312,40.263181671059179],[-111.67696879723353,40.262982246497231],[-111.67697180840943,40.262975998649537],[-111.67697193353645,40.262975739974252],[-111.67697203293403,40.262975533575514],[-111.67697225578893,40.262975332393466],[-111.67697254080906,40.262975075277097],[-111.67697928983051,40.262968997389748],[-111.67714660977636,40.262818299602237],[-111.67717886040784,40.262789252539612],[-111.6771829327908,40.262785586130896],[-111.67718355795758,40.262785023178509],[-111.6773245680257,40.262586053449496],[-111.67732712569494,40.26258039260177],[-111.67737319638218,40.262478418024443],[-111.67738675501589,40.262448406783136],[-111.67738864520273,40.262444222207606],[-111.67742306834501,40.262368030109819],[-111.67744655126958,40.262316052310133],[-111.67744669851592,40.262296189217722],[-111.67744755241556,40.262181024889429],[-111.67744941459129,40.262075232058578],[-111.67745361996047,40.261840117150335],[-111.67745355276293,40.261840045200678],[-111.67744118495789,40.261826379565392],[-111.67744099277733,40.261826166404113],[-111.67744093618616,40.261826104345459],[-111.67727414814281,40.261641809704187],[-111.67711054546957,40.261461035116845],[-111.67692251096113,40.261258534977252],[-111.67692248973952,40.261258511592608],[-111.67691554717706,40.261251035032075],[-111.67575054647232,40.259999034794212],[-111.67565354648573,40.259895035287812],[-111.67482665370488,40.259006150982238],[-111.67482654643048,40.259006034959327],[-111.67411717665124,40.258241456948873],[-111.67254055257585,40.25654205165273],[-111.67236462255006,40.256690996879009]]]},"properties":{"LOCALSCHOOL":"P1","PRECINCTID":"25PR17"}},{"type":"Feature","geometry":{"type":"Polygon","coordinates":[[[-111.69672499713893,40.252579612820824],[-111.69672383463882,40.252579629190251],[-111.69633874529872,40.252585155415986],[-111.69544250486729,40.252597089762645],[-111.69549595067622,40.252737324241643],[-111.69554503597593,40.252878491862951],[-111.69558774251065,40.253015265066701],[-111.69562611733923,40.253152789445174],[-111.69563665248045,40.253235293832603],[-111.69564965000396,40.253337047281299],[-111.69491576851836,40.253357507397027],[-111.69482238575772,40.253353984122789],[-111.69480938578045,40.25336837748582],[-111.69480384315186,40.253374513855434],[-111.69480007832493,40.253388255947485],[-111.69474990384553,40.253434235872795],[-111.69472817388376,40.253458294251878],[-111.69450664910552,40.253463775644327],[-111.69445542474132,40.253465042633181],[-111.69405013100105,40.253457010452252],[-111.69384260148581,40.253452897016068],[-111.69358104415218,40.253448827781234],[-111.6923236184318,40.253441899606528],[-111.69182072882271,40.253442725209347],[-111.69127669835112,40.25344361786302],[-111.69089209951048,40.253446499013258],[-111.69090393928589,40.254333589742572],[-111.6909106705959,40.254837971200907],[-111.69090553970054,40.257085102431695],[-111.6908023108132,40.257083017764728],[-111.69070860507273,40.257074165287314],[-111.69067331471683,40.257065214641678],[-111.69052078738643,40.257038445094011],[-111.69043075532612,40.257029584597134],[-111.69028786195183,40.257032071013491],[-111.68992675506283,40.257034907952935],[-111.68899820947789,40.257036416651523],[-111.68899836074549,40.257048214003447],[-111.68899587364227,40.257059856211654],[-111.68899082010448,40.257071000012481],[-111.68898334969479,40.257081316426657],[-111.68897368492722,40.257090500674337],[-111.68896210835869,40.257098280301754],[-111.68894896497017,40.257104425985297],[-111.68893464219678,40.257108756967654],[-111.68891956170923,40.257111144673992],[-111.68890417119947,40.257111518129008],[-111.68888991233693,40.257110036216133],[-111.68887614596883,40.257106825160022],[-111.6888632296891,40.257101966341374],[-111.68885149417522,40.257095585316371],[-111.68884124435165,40.257087847311446],[-111.68883274409235,40.257078951844221],[-111.68882621267956,40.257069127325131],[-111.68882181892091,40.257058629265693],[-111.68881967641276,40.25704772767704],[-111.68881983882787,40.257036703474824],[-111.68831698745896,40.257037516580631],[-111.687825718171,40.256997778797945],[-111.68745570119712,40.256966850806634],[-111.68680805223434,40.256835044145255],[-111.68655832997328,40.256729619046716],[-111.68622364942155,40.256588299410531],[-111.68578318871464,40.256507586127498],[-111.68546359334121,40.256487559488399],[-111.68537356743177,40.256493931357063],[-111.68537591293033,40.256503163785482],[-111.6853023491429,40.256500776768263],[-111.68528485786103,40.256500209200951],[-111.68528486386533,40.256500256025127],[-111.6852895234544,40.256513692265067],[-111.68529641261864,40.256526133476022],[-111.68530532830209,40.25653721295717],[-111.68531600771776,40.256546604144262],[-111.6853281360932,40.256554030234973],[-111.68534135594831,40.256559272347602],[-111.68535527763198,40.256562175972505],[-111.68536949080693,40.256562655526238],[-111.68536955429346,40.256562658127393],[-111.6853105148363,40.256753919042588],[-111.68532215889795,40.257848138063849],[-111.68535312660302,40.259840779109567],[-111.68535313092154,40.259841071813234],[-111.68536500553293,40.260626330403731],[-111.68536518537933,40.260626322012392],[-111.68536519773605,40.260632628327286],[-111.68536672132431,40.26063262500768],[-111.68764616626561,40.260648089143523],[-111.68766100751766,40.260648192280797],[-111.68766106982008,40.260648190379406],[-111.68767591341597,40.260648290809122],[-111.68771706542101,40.260648568698741],[-111.6877231879994,40.260648558854591],[-111.68773297734354,40.260624526443792],[-111.68776457777892,40.260549838054558],[-111.68801814948964,40.260238364266264],[-111.68821055091642,40.260062509901495],[-111.68825227653691,40.260024372246122],[-111.68830932527442,40.259966251505354],[-111.68830954804166,40.259966034089949],[-111.68843273644305,40.259840492169154],[-111.68851809080557,40.259767776568467],[-111.68877951154219,40.259543788121526],[-111.68902343955817,40.259311078498968],[-111.68925760505378,40.259112012572615],[-111.68934836653638,40.259051642671587],[-111.68949233381758,40.258956009739691],[-111.68972674142634,40.258847018981854],[-111.68979248485255,40.258809678428349],[-111.68990248402902,40.258741726680448],[-111.6899990604259,40.25867894567827],[-111.69015644496992,40.258576428038509],[-111.69044896825287,40.258426332824094],[-111.69059624879658,40.258395721714287],[-111.69059710757256,40.258395939169866],[-111.69070710846805,40.258423329282614],[-111.69074520776702,40.258433047181839],[-111.69108298903076,40.258612299348449],[-111.69118487127807,40.258685393084825],[-111.69119346202847,40.258691569172001],[-111.69119349972232,40.258691596129715],[-111.69119355861926,40.258691638363722],[-111.69120216939625,40.258697828827842],[-111.69133298153506,40.258791869161278],[-111.69135436913878,40.258804573777702],[-111.69135631207521,40.25880572792618],[-111.69135606676953,40.258717881800685],[-111.69135597909674,40.258686485346139],[-111.69135597412711,40.258684705673339],[-111.69135596287609,40.258680255588722],[-111.69135595679231,40.258678076930551],[-111.69185962258894,40.258676233485502],[-111.69206726816302,40.258675472364189],[-111.69212961449966,40.258675243689012],[-111.69480052601411,40.258665421930914],[-111.69480060595326,40.258665421797517],[-111.69481214064167,40.258665380034664],[-111.69481882963113,40.258665355363171],[-111.6948629828366,40.25866519161162],[-111.69486492253452,40.258665187473483],[-111.69494323352379,40.258665053136312],[-111.6949204305778,40.258521575594635],[-111.69491198098466,40.258451478727316],[-111.69490886544131,40.258381123473406],[-111.69490161981884,40.257231052367167],[-111.69490269890555,40.257219866309676],[-111.69490605345689,40.257208948449232],[-111.69491159959802,40.257198568219664],[-111.69491919934065,40.257188981635267],[-111.69492866644539,40.257180425877209],[-111.69493976757963,40.257173112987154],[-111.69495222582327,40.257167222656186],[-111.6949657359489,40.257162901298635],[-111.69497996322774,40.257160255749767],[-111.69499455517764,40.257159350544114],[-111.69591109875623,40.25715781609771],[-111.695913039587,40.257157811940104],[-111.69591030056375,40.25707023384566],[-111.69604765455038,40.257069777210056],[-111.69604959419796,40.257069771250897],[-111.69831631976346,40.257061420619728],[-111.69860026009331,40.257060371437781],[-111.6986021856312,40.257060364559592],[-111.69887668635614,40.25705935057735],[-111.69887712852832,40.257065077950912],[-111.69887713099183,40.257065116674617],[-111.69887757797603,40.257070881867264],[-111.69887950635831,40.257095753603174],[-111.69888392622532,40.257152790470109],[-111.69888535804523,40.257152788030929],[-111.69888540741573,40.257152787046181],[-111.69891103426724,40.257152695651847],[-111.69892458811826,40.257152589698471],[-111.69899511837194,40.257150714135747],[-111.69900069007601,40.257150565938666],[-111.69900555649974,40.257150436055881],[-111.6990057586813,40.25715043120799],[-111.69907821311739,40.257148487468349],[-111.69912181109645,40.257146109256283],[-111.69917487197668,40.257143216825312],[-111.69918353898893,40.257142688668758],[-111.69918395271442,40.25714266454608],[-111.69925175728929,40.25713851843954],[-111.69931061487129,40.25713321762553],[-111.69934888916407,40.257129772141781],[-111.69936328807015,40.257128397481551],[-111.69936414716366,40.257128315856747],[-111.69942444811558,40.257122544183055],[-111.69949211531075,40.25711402281933],[-111.69952265209299,40.257110178002698],[-111.69954969487154,40.257106650774809],[-111.69959603171954,40.257100594857953],[-111.69966934931219,40.25708869080097],[-111.69969604411173,40.25708435715282],[-111.69976611085568,40.257072717081762],[-111.69976662193581,40.257072618937144],[-111.69984407764649,40.257057164536583],[-111.69987031838274,40.257051930076265],[-111.69992972922122,40.257040076682522],[-111.69993431188087,40.257038988055847],[-111.69993815210388,40.257038075426365],[-111.69993864197103,40.257037959304391],[-111.70001623350028,40.257019525210119],[-111.70005020342855,40.257011456634508],[-111.70010033163189,40.256999465949242],[-111.70010783968945,40.256997384289789],[-111.70010839527887,40.256997231127812],[-111.70018535648282,40.256975933036962],[-111.70023295258025,40.256962764084307],[-111.70026397854313,40.25695418082104],[-111.70026899937487,40.256952587966794],[-111.70027496330418,40.256950697181004],[-111.7002755669771,40.256950505207875],[-111.70035169802276,40.256926353373828],[-111.70038072016662,40.256917146666538],[-111.70042515947553,40.256903052682993],[-111.70043405145856,40.256899875238737],[-111.70043749692148,40.256898642639541],[-111.70043821560728,40.256898385621355],[-111.70046651797604,40.256888267770968],[-111.70047398193596,40.256885586331386],[-111.70051459568637,40.256870996320586],[-111.70052574817126,40.256866989992361],[-111.7005575615898,40.256855566452622],[-111.70055764731495,40.25685553568325],[-111.70056120901532,40.25685425604695],[-111.70058653549124,40.25684515921165],[-111.70058898965637,40.256844224624622],[-111.70058991965429,40.256843869972357],[-111.7005955958756,40.256841686953486],[-111.70059593170437,40.256841557583684],[-111.70059735251834,40.256841010249737],[-111.70061235675058,40.256835219413837],[-111.70061383744059,40.256834645857992],[-111.70061373897236,40.256827111197929],[-111.70082850380467,40.256659848090166],[-111.70106649013979,40.256535742417],[-111.69880744600582,40.254543340121032],[-111.69780037317972,40.253652371889487],[-111.69734260678356,40.253247370548934],[-111.69729551194818,40.253205704128661],[-111.69721595273249,40.253126517424235],[-111.69713639252259,40.253047329765003],[-111.69708581834928,40.25299375173369],[-111.69708574760297,40.252993676198514],[-111.69698403552447,40.252884975503804],[-111.69692636324787,40.252819670306486],[-111.69683862719521,40.252718828392062],[-111.69678004187679,40.252647801028303],[-111.69678002064325,40.252647774945231],[-111.69672499713893,40.252579612820824]]]},"properties":{"LOCALSCHOOL":"P6","PRECINCTID":"25PR18"}},{"type":"Feature","geometry":{"type":"Polygon","coordinates":[[[-111.63429254156007,40.268473999906817],[-111.63429262034209,40.268474003418831],[-111.63470063826527,40.268490890669455],[-111.63554959486713,40.268526024085205],[-111.63581748156395,40.268560048071905],[-111.63581813163974,40.26855999057517],[-111.63602790175136,40.268541557875004],[-111.63602800990397,40.268541549643203],[-111.63602834712702,40.268541440272372],[-111.63614319392211,40.268504535809285],[-111.63648854431217,40.268393561406469],[-111.63737557821329,40.26839399463811],[-111.637375615857,40.268394004500905],[-111.63760950250385,40.268456041097224],[-111.63785457243159,40.268465051180847],[-111.64016917957957,40.268417637156041],[-111.64039555910271,40.268412997059272],[-111.64039561906382,40.268412996086568],[-111.64116253844713,40.268404064723235],[-111.6426705155024,40.268387050681831],[-111.64370350404856,40.268375003244593],[-111.64370362044346,40.268375001300072],[-111.64437357956565,40.268367038155993],[-111.64467504244043,40.268339294435719],[-111.64468795315479,40.268338106699659],[-111.64474349872357,40.268332995148775],[-111.64474361982703,40.2683329958993],[-111.64652150196352,40.268340011912422],[-111.64652162071165,40.268340010862744],[-111.64691853112474,40.268337073188356],[-111.64750748346252,40.268332067015443],[-111.64750748214524,40.268332001270053],[-111.64749454854361,40.267654010341367],[-111.64749054046973,40.26739402440834],[-111.64748559428538,40.266974039130268],[-111.64747200539287,40.265809458851244],[-111.6474585815341,40.264659071226973],[-111.64745858138289,40.264659000976749],[-111.64624562346896,40.264685078149078],[-111.64519219975716,40.264705354137803],[-111.64406692765471,40.2647203405459],[-111.64403260804134,40.264720798084483],[-111.64400555580627,40.264723718922511],[-111.64397962582099,40.264730305799816],[-111.64395565589795,40.264740346032326],[-111.64393442247719,40.264753513531033],[-111.64391649373511,40.264769961607456],[-111.64390298219469,40.264788725201043],[-111.64389438372879,40.264809116509525],[-111.64389101420974,40.264830389409994],[-111.64389585608596,40.265030442962995],[-111.64334930700184,40.265035876063443],[-111.64256593413509,40.265043659388603],[-111.64255843097816,40.264750987534718],[-111.64255598070082,40.264655413103831],[-111.64255507606048,40.264620117001982],[-111.64254793634619,40.264575005169021],[-111.64253348959083,40.26453093079266],[-111.64251027155115,40.264485375650594],[-111.64246393590697,40.264394462469802],[-111.64245057772811,40.264369522773862],[-111.64244821556311,40.26436488913123],[-111.64234715738948,40.264399214403532],[-111.64234709747305,40.264399235191441],[-111.64234235108083,40.264400847729938],[-111.64223446837268,40.264433095328222],[-111.64219597914537,40.264443370842734],[-111.64186179591093,40.264532588226011],[-111.64176852644053,40.264554582698111],[-111.64167952130248,40.264570985215656],[-111.64158975586993,40.264584743390699],[-111.64156086845962,40.264588288233988],[-111.64149936413754,40.264595836344377],[-111.64141405648358,40.26460373298336],[-111.64141062231788,40.264604303648767],[-111.64140848627966,40.264604389095119],[-111.64034867345269,40.26461588115059],[-111.63787421998263,40.264624903242776],[-111.63787480020422,40.264617026411415],[-111.63789546247395,40.264353963033869],[-111.63789500352291,40.264124738423433],[-111.63793727918028,40.263985541412296],[-111.63800109647062,40.263870871427748],[-111.63800110582514,40.263870846198579],[-111.63820361694826,40.263666094304391],[-111.63840087075737,40.263492914116796],[-111.63895037199984,40.263010468970471],[-111.63962112612128,40.262435570788689],[-111.63984431337362,40.262271618420371],[-111.63885661112317,40.262275383017034],[-111.63886247831917,40.261891700689844],[-111.63886311565108,40.261849999102068],[-111.63887164749232,40.261292075374179],[-111.63888532169126,40.261187915542223],[-111.6378953879147,40.261189097931542],[-111.63786160590367,40.259530493142073],[-111.63758116379459,40.259513327085422],[-111.63739021245948,40.25966780035958],[-111.63704797264232,40.259429202399787],[-111.63703833888079,40.259222390012255],[-111.63702868435449,40.259141556556344],[-111.63678709157286,40.259110952167262],[-111.63667422531276,40.259068303609652],[-111.63662324157308,40.259029537284647],[-111.63661621688955,40.259031617893967],[-111.63659153593358,40.259038937510645],[-111.63658039912943,40.259042239702985],[-111.63650851919435,40.259063553824141],[-111.63649406448015,40.259067837990372],[-111.63605188883805,40.259253320002394],[-111.63589336164723,40.259310815504961],[-111.63568977671747,40.259384657672918],[-111.63538762066666,40.259466491790327],[-111.63520677630345,40.259517532077943],[-111.63521042304276,40.25952708732197],[-111.63544965635975,40.260123489506675],[-111.63559644785235,40.260413778610079],[-111.635054909091,40.260281459123547],[-111.63494526381048,40.260254668274733],[-111.63492504716608,40.260249435465141],[-111.63490185961263,40.260242333640122],[-111.634878851625,40.260234478662262],[-111.63485581308048,40.260226625516459],[-111.63483632707933,40.260219893171268],[-111.63481684460879,40.260213160818672],[-111.6347979101084,40.260205301121076],[-111.63477842308208,40.260197443859447],[-111.63475967537236,40.260190708847816],[-111.63474101259379,40.260181726621362],[-111.63471637684987,40.260170496964996],[-111.63469808086533,40.260161511606455],[-111.63467987886455,40.260153089040884],[-111.63465885452169,40.260142417209963],[-111.63463694157431,40.260130623293357],[-111.63460926741884,40.26011545498698],[-111.63458664816,40.260101972261722],[-111.63456412060353,40.260088487625083],[-111.63453797181745,40.260071817065857],[-111.63451114611499,40.260053461269692],[-111.63449137383067,40.2600397861099],[-111.63447334967094,40.260026108032683],[-111.63444918711008,40.260007938290492],[-111.63442944357402,40.259993323712258],[-111.63409541234168,40.259699498022393],[-111.63395663258459,40.259555552021752],[-111.63376550050839,40.259319350424803],[-111.63339481962682,40.258939253847771],[-111.63322999296373,40.258813350555172],[-111.63300422750601,40.258710034445706],[-111.63277342427995,40.258660760657712],[-111.63247544156491,40.258636330458856],[-111.63246987155182,40.258985336650852],[-111.63250593015161,40.259205956067035],[-111.63268384757629,40.259734883203805],[-111.63269290981542,40.25976864896468],[-111.63270031196768,40.259795659958428],[-111.63270549209699,40.259815918625549],[-111.6327132741244,40.259849682236599],[-111.63271957123099,40.259876694484547],[-111.63273162954339,40.259937477141484],[-111.63273738486139,40.259971242153128],[-111.63273962434465,40.259987000926699],[-111.63274371604736,40.260014015679694],[-111.6327476421491,40.260047786372375],[-111.63275193151048,40.260081553949639],[-111.63275362131544,40.260101817482159],[-111.6327556814345,40.260122079692771],[-111.63275853418884,40.260171611122026],[-111.63275949042648,40.260191878189936],[-111.63276064665853,40.260218892675972],[-111.63276106579785,40.260245913403828],[-111.63276114314677,40.260286444221492],[-111.6327604662749,40.260315714209348],[-111.63275924676931,40.2603494889483],[-111.6327583655292,40.260369754501937],[-111.63275730324855,40.260390022062637],[-111.63275550503349,40.260410288658662],[-111.63275083876292,40.260466583483463],[-111.63274668023068,40.260500363363761],[-111.63274178458194,40.260534141379644],[-111.63273960966769,40.260549904268807],[-111.63269337645208,40.261007104333729],[-111.63266355176611,40.261302030611411],[-111.63262814608665,40.261421407392994],[-111.63250570795051,40.261750282348665],[-111.63205613691581,40.262759516356944],[-111.63195119837154,40.263020823249377],[-111.63185285593796,40.263273114316604],[-111.63182513509739,40.263344016544615],[-111.63170372779503,40.263654545841852],[-111.63161594649955,40.263879065942682],[-111.6315589345476,40.264034492485415],[-111.63153993364887,40.264088550834344],[-111.63152725253858,40.264180880402378],[-111.63152006843788,40.264268704148932],[-111.63151466961986,40.264324999682131],[-111.63151580462427,40.264343011316349],[-111.63152417813072,40.264493859123263],[-111.63158133826535,40.26460637631871],[-111.63171526577914,40.264705297224921],[-111.63192558433528,40.264792871816937],[-111.63187495437749,40.264793354116499],[-111.63167617550123,40.264795247353881],[-111.63138919008061,40.264797979874494],[-111.63113349199614,40.264805022169632],[-111.63097992466932,40.26480969776722],[-111.63061254635991,40.264821367376307],[-111.63044680311521,40.264796784013427],[-111.63038616542195,40.264787846188838],[-111.63004688912731,40.264702663242488],[-111.62973323584281,40.264623344666234],[-111.62841493099671,40.264289952793618],[-111.62841620459152,40.264349101292069],[-111.62732147587637,40.264338941235948],[-111.62636277878444,40.264334912082809],[-111.62636370815945,40.267306052965566],[-111.62636383817021,40.267722081319945],[-111.62636408618827,40.268518301242295],[-111.62636408064178,40.268518481377193],[-111.62850569440286,40.268504523991567],[-111.63097051772958,40.268488407189466],[-111.63097062236928,40.268488406171478],[-111.63097061217307,40.268487992787058],[-111.63099821833202,40.268477934043879],[-111.63108851988095,40.268445030328586],[-111.63123804187441,40.268435707320386],[-111.63126921075138,40.268433763818848],[-111.63129751349636,40.268431999157471],[-111.63129761694991,40.268431992736637],[-111.63153554730815,40.268417997331554],[-111.63153561667021,40.268417993650857],[-111.6316413677599,40.268411696955653],[-111.63217359097492,40.2683800072734],[-111.63263648720994,40.268352071265888],[-111.63429254156007,40.268473999906817]]]},"properties":{"LOCALSCHOOL":"P2","PRECINCTID":"25PR32"}},{"type":"Feature","geometry":{"type":"Polygon","coordinates":[[[-111.56688272448061,40.287260024834694],[-111.56688272451754,40.287260062661503],[-111.56994463851731,40.28722030370529],[-111.57159314773405,40.28719886399697],[-111.57234492068918,40.287189108892015],[-111.58100215823002,40.287076421010134],[-111.58100215324993,40.287076187748163],[-111.5809327911618,40.283426102605659],[-111.58530643541063,40.283556085638253],[-111.59038792957236,40.283706899828594],[-111.59037800749617,40.283300375804913],[-111.59037716087214,40.283265686513822],[-111.5903003292936,40.28011748564149],[-111.60003570163835,40.280389920194374],[-111.60014751576936,40.280393050461242],[-111.60014907043318,40.280393087855643],[-111.59998925866083,40.276793443516112],[-111.59994179377436,40.273105681767341],[-111.60471906633386,40.272880949618134],[-111.60466553811857,40.269204172132689],[-111.6094371653945,40.268990403264468],[-111.61886705887717,40.268567054009218],[-111.6188674421397,40.268567035606168],[-111.61943103852407,40.268563401925142],[-111.61943975190661,40.268563345278515],[-111.62636408064178,40.268518481377193],[-111.62636408618827,40.268518301242295],[-111.62636383817021,40.267722081319945],[-111.62636370815945,40.267306052965566],[-111.62636277878444,40.264334912082809],[-111.62732147587637,40.264338941235948],[-111.62841620459152,40.264349101292069],[-111.62841493099671,40.264289952793618],[-111.62973323584281,40.264623344666234],[-111.63004688912731,40.264702663242488],[-111.63038616542195,40.264787846188838],[-111.63044680311521,40.264796784013427],[-111.63061254635991,40.264821367376307],[-111.63097992466932,40.26480969776722],[-111.63113349199614,40.264805022169632],[-111.63138919008061,40.264797979874494],[-111.63167617550123,40.264795247353881],[-111.63187495437749,40.264793354116499],[-111.63192558433528,40.264792871816937],[-111.63171526577914,40.264705297224921],[-111.63158133826535,40.26460637631871],[-111.63152417813072,40.264493859123263],[-111.63151580462427,40.264343011316349],[-111.63151466961986,40.264324999682131],[-111.63152006843788,40.264268704148932],[-111.63152725253858,40.264180880402378],[-111.63153993364887,40.264088550834344],[-111.6315589345476,40.264034492485415],[-111.63161594649955,40.263879065942682],[-111.63170372779503,40.263654545841852],[-111.63182513509739,40.263344016544615],[-111.63185285593796,40.263273114316604],[-111.63195119837154,40.263020823249377],[-111.63205613691581,40.262759516356944],[-111.63250570795051,40.261750282348665],[-111.63262814608665,40.261421407392994],[-111.63266355176611,40.261302030611411],[-111.63269337645208,40.261007104333729],[-111.63273960966769,40.260549904268807],[-111.63274178458194,40.260534141379644],[-111.63274668023068,40.260500363363761],[-111.63275083876292,40.260466583483463],[-111.63275550503349,40.260410288658662],[-111.63275730324855,40.260390022062637],[-111.6327583655292,40.260369754501937],[-111.63275924676931,40.2603494889483],[-111.6327604662749,40.260315714209348],[-111.63276114314677,40.260286444221492],[-111.63276106579785,40.260245913403828],[-111.63276064665853,40.260218892675972],[-111.63275949042648,40.260191878189936],[-111.63275853418884,40.260171611122026],[-111.6327556814345,40.260122079692771],[-111.63275362131544,40.260101817482159],[-111.63275193151048,40.260081553949639],[-111.6327476421491,40.260047786372375],[-111.63274371604736,40.260014015679694],[-111.63273962434465,40.259987000926699],[-111.63273738486139,40.259971242153128],[-111.63273162954339,40.259937477141484],[-111.63271957123099,40.259876694484547],[-111.6327132741244,40.259849682236599],[-111.63270549209699,40.259815918625549],[-111.63270031196768,40.259795659958428],[-111.63269290981542,40.25976864896468],[-111.63268384757629,40.259734883203805],[-111.63250593015161,40.259205956067035],[-111.63246987155182,40.258985336650852],[-111.63247544156491,40.258636330458856],[-111.63277342427995,40.258660760657712],[-111.63300422750601,40.258710034445706],[-111.63322999296373,40.258813350555172],[-111.63339481962682,40.258939253847771],[-111.63376550050839,40.259319350424803],[-111.63393367891177,40.259265549302583],[-111.63483343196242,40.258514920333511],[-111.63500311128669,40.25801784251415],[-111.63492459962406,40.257863148908775],[-111.63481156455306,40.257640431381013],[-111.63478075838945,40.257463233925563],[-111.63447943271875,40.257525348714758],[-111.63421717783675,40.257178904791317],[-111.63381966119891,40.256984820323154],[-111.63370146682956,40.256927113446302],[-111.63360296421145,40.256879015442252],[-111.63360282187433,40.25687112773263],[-111.63354537349664,40.256355733829736],[-111.63436666043609,40.256336067002962],[-111.63444096286426,40.256331901527346],[-111.6348198230379,40.256149076225633],[-111.63511762625167,40.255909254150005],[-111.63482927760712,40.255448679985115],[-111.63420759097947,40.255387033647082],[-111.63412527638897,40.254925305584152],[-111.63429892616153,40.254768244546305],[-111.63429656419144,40.254730267825877],[-111.63423187719238,40.253690958806615],[-111.6335056591798,40.253361675937178],[-111.63333887803411,40.25335664278834],[-111.63301295458257,40.253346802141927],[-111.63299175793789,40.252807571876922],[-111.63298233782844,40.252493263369914],[-111.63295390581293,40.251544580913176],[-111.63291659422583,40.25029957481447],[-111.63288480877976,40.249610049379456],[-111.6325791804848,40.249442235691703],[-111.63249252454791,40.249394651881644],[-111.63243830492671,40.2493959743178],[-111.6324381084095,40.249392209824983],[-111.63237614574193,40.249149823396181],[-111.63236596756502,40.248876432781444],[-111.63250166628576,40.248876292340462],[-111.6325008177925,40.2484513873937],[-111.63252618930225,40.248368920298795],[-111.63255150234848,40.248286643299807],[-111.63255080162885,40.247938911215662],[-111.63239587769674,40.24793908433039],[-111.63246437610458,40.247505996540383],[-111.63247459579854,40.247441375898269],[-111.63199108588263,40.247441928124474],[-111.63184528714871,40.247474246105995],[-111.6318099358044,40.247474665203207],[-111.63189234640927,40.246989401718359],[-111.63192488717144,40.246895555005963],[-111.63196409634287,40.246782478161798],[-111.63214237978364,40.246344762093557],[-111.63219797787137,40.246148342009462],[-111.63221631799146,40.245982466429432],[-111.63223733360789,40.245843028208725],[-111.63223741982023,40.245819482400762],[-111.63223753789225,40.245786863401705],[-111.63223800831963,40.245657251128314],[-111.6322384775855,40.2455276469571],[-111.63223850457474,40.245520313828123],[-111.63223855297387,40.245507020168269],[-111.63223670946755,40.245476883780569],[-111.63221025340698,40.245463468834394],[-111.63215822368959,40.245437083746978],[-111.63215729543488,40.245436616459543],[-111.63209466547274,40.245404857452996],[-111.63204315821491,40.245378739215973],[-111.63151768141053,40.244420565257947],[-111.63091424415832,40.244421248112211],[-111.62972372836931,40.244425314354331],[-111.62923532772936,40.244427592576869],[-111.62822054029259,40.244904413012023],[-111.62822047803418,40.245118049257158],[-111.62823807683472,40.245300398195468],[-111.62825155497298,40.245440052699678],[-111.62823651043132,40.245555003965585],[-111.6282109258587,40.245606198034686],[-111.62816251425075,40.245703069342582],[-111.62807158351642,40.245817987689641],[-111.62807151785128,40.245818070621496],[-111.62769650441753,40.245670010123369],[-111.62756451561177,40.245624058240267],[-111.62756453903054,40.245461079171065],[-111.62739250276945,40.245458047227054],[-111.6269456139382,40.245452001673833],[-111.62694555516897,40.245452000837084],[-111.6261435449548,40.245472019035887],[-111.62534801515777,40.245442535812174],[-111.62476160016723,40.245456994455971],[-111.62475852440603,40.245457070696091],[-111.62347458411939,40.245413001694835],[-111.62332603152176,40.245400063279789],[-111.6233251088362,40.245400044440366],[-111.62308382709148,40.245395077138966],[-111.62308149275719,40.245395030064635],[-111.6227635334351,40.245390072677147],[-111.62269586205267,40.245389150410901],[-111.62239997872376,40.245385115409988],[-111.62239401601731,40.245385034299254],[-111.61781156256794,40.245318052987862],[-111.61692354158123,40.245305041638417],[-111.616855474141,40.244968995990696],[-111.61694958707841,40.244470007870092],[-111.61697661431035,40.24362521525039],[-111.61697803695381,40.243580746881172],[-111.61698557858656,40.243345000206062],[-111.6169540318898,40.243143860578812],[-111.61678154602278,40.242044057920687],[-111.615841510552,40.241463006248146],[-111.61508458694301,40.241082063354114],[-111.61394654388023,40.240976029374224],[-111.61265057698398,40.240983076746296],[-111.61183450249789,40.241068028317756],[-111.61055053512042,40.239414026282134],[-111.61048356646204,40.237835040871587],[-111.61064604855505,40.236015155896254],[-111.61067433046803,40.235698370308953],[-111.61067449437054,40.235696528318002],[-111.60892817082522,40.23573810982009],[-111.599404893905,40.235963787564387],[-111.59124851711584,40.235820084587125],[-111.58989089594644,40.235796108979734],[-111.5899580551978,40.239589308457319],[-111.58556266487757,40.239567854439123],[-111.58555893930669,40.23956783645518],[-111.58044819673277,40.239542681604213],[-111.57932713889818,40.239547037107464],[-111.57557615077863,40.239561527361204],[-111.5742109489035,40.239566771516486],[-111.57161808017985,40.239576687192027],[-111.57096888537069,40.239579161532752],[-111.570996002787,40.243333621879714],[-111.57099353931815,40.243333616172812],[-111.5641573033069,40.243317574899436],[-111.56148297317318,40.24331118933226],[-111.55984961753069,40.24329851046857],[-111.55957019494879,40.243296340533355],[-111.55190856300271,40.243236538389539],[-111.55190856454291,40.24323702023689],[-111.55190856457769,40.243237066170053],[-111.55191061196901,40.24390438869117],[-111.55191061329302,40.243904585032332],[-111.55191068668032,40.243928546802088],[-111.5519198672133,40.246920216312319],[-111.54237514505968,40.246839636331259],[-111.54237629163846,40.247201799671977],[-111.54237629166464,40.24720184200249],[-111.54242057870562,40.261188670256672],[-111.53692823511838,40.261171635578606],[-111.53692823297193,40.261172015651702],[-111.53692823299521,40.261172058882721],[-111.53691367642573,40.264677071681369],[-111.53689844817795,40.268343620399946],[-111.53688180047878,40.272355669065455],[-111.53686866082985,40.275522050712645],[-111.53686865869278,40.275522449697554],[-111.5376042924787,40.275526812919658],[-111.54246611067573,40.275555534780814],[-111.54246612224027,40.27555901575667],[-111.54246924126657,40.276542637663951],[-111.54247353674725,40.276542589268509],[-111.54743434171294,40.276487096058858],[-111.54743433503648,40.276491039970445],[-111.54743275999564,40.277499141923023],[-111.54742869619636,40.28009983483549],[-111.55023489139923,40.280079352701748],[-111.55237658026817,40.280063674687185],[-111.55732249998705,40.280027318479569],[-111.55732445792449,40.280027304008954],[-111.5572880517612,40.283673597155932],[-111.56222186798568,40.283655899857941],[-111.56690292942416,40.283600738327159],[-111.56688272448061,40.287260024834694]]]},"properties":{"LOCALSCHOOL":"P3","PRECINCTID":"25PR33"}},{"type":"Feature","geometry":{"type":"Polygon","coordinates":[[[-111.63376550050839,40.259319350424803],[-111.63395663258459,40.259555552021752],[-111.63409541234168,40.259699498022393],[-111.63442944357402,40.259993323712258],[-111.63444918711008,40.260007938290492],[-111.63447334967094,40.260026108032683],[-111.63449137383067,40.2600397861099],[-111.63451114611499,40.260053461269692],[-111.63453797181745,40.260071817065857],[-111.63456412060353,40.260088487625083],[-111.63458664816,40.260101972261722],[-111.63460926741884,40.26011545498698],[-111.63463694157431,40.260130623293357],[-111.63465885452169,40.260142417209963],[-111.63467987886455,40.260153089040884],[-111.63469808086533,40.260161511606455],[-111.63471637684987,40.260170496964996],[-111.63474101259379,40.260181726621362],[-111.63475967537236,40.260190708847816],[-111.63477842308208,40.260197443859447],[-111.6347979101084,40.260205301121076],[-111.63481684460879,40.260213160818672],[-111.63483632707933,40.260219893171268],[-111.63485581308048,40.260226625516459],[-111.634878851625,40.260234478662262],[-111.63490185961263,40.260242333640122],[-111.63492504716608,40.260249435465141],[-111.63494526381048,40.260254668274733],[-111.635054909091,40.260281459123547],[-111.63559644785235,40.260413778610079],[-111.63544965635975,40.260123489506675],[-111.63521042304276,40.25952708732197],[-111.63520677630345,40.259517532077943],[-111.63538762066666,40.259466491790327],[-111.63568977671747,40.259384657672918],[-111.63589336164723,40.259310815504961],[-111.63605188883805,40.259253320002394],[-111.63649406448015,40.259067837990372],[-111.63650851919435,40.259063553824141],[-111.63658039912943,40.259042239702985],[-111.63659153593358,40.259038937510645],[-111.63661621688955,40.259031617893967],[-111.63662324157308,40.259029537284647],[-111.63667422531276,40.259068303609652],[-111.63678709157286,40.259110952167262],[-111.63702868435449,40.259141556556344],[-111.63703833888079,40.259222390012255],[-111.63704797264232,40.259429202399787],[-111.63739021245948,40.25966780035958],[-111.63758116379459,40.259513327085422],[-111.63786160590367,40.259530493142073],[-111.63786159555494,40.259530023917208],[-111.63785304063018,40.259106872184631],[-111.63780094438036,40.256529904672192],[-111.64017502683375,40.25530251395498],[-111.64139024217178,40.254683188448467],[-111.64290198117813,40.253868576383873],[-111.64326969600717,40.253868120284501],[-111.64323603994562,40.251256620777554],[-111.64316257328699,40.24977010772313],[-111.64260813112308,40.249751498057776],[-111.64239306345347,40.2497442834024],[-111.64224492718166,40.249734888297681],[-111.6420977226997,40.249719081045704],[-111.64195192267658,40.24969691331286],[-111.64180799511546,40.249668454786438],[-111.64170878744395,40.249644885470239],[-111.64118382017496,40.249509720695556],[-111.64083779982406,40.24941799499603],[-111.64049272589564,40.249324198337661],[-111.64040251306386,40.249299274215126],[-111.64032583537907,40.249271542638901],[-111.64024280411785,40.249240694291089],[-111.64008244222359,40.249181116110726],[-111.64006214968681,40.249173576802733],[-111.63980057383202,40.249072342986317],[-111.63968484512881,40.249025815252246],[-111.6395647686936,40.248977539936433],[-111.63933081478717,40.248880081784598],[-111.63921237297802,40.248818643856438],[-111.63898054119315,40.24869599579138],[-111.63874967833458,40.24856732436465],[-111.6387190232246,40.248551981297894],[-111.63863179552048,40.248503371464231],[-111.63835458412694,40.248340857418718],[-111.63806100792998,40.248160331949883],[-111.63802096791065,40.248133475078639],[-111.63798260474633,40.248105216601068],[-111.63794600319632,40.2480756212654],[-111.63791123978268,40.248044749326439],[-111.63787839339383,40.248012669142021],[-111.63786779304047,40.248001259616913],[-111.63786776830284,40.248001232626635],[-111.63784753234498,40.247979451784417],[-111.63781872729949,40.247945167422408],[-111.63779203717931,40.247909892543262],[-111.63775131238565,40.247845721547712],[-111.63771609051177,40.247764412776839],[-111.63768790376155,40.247681507849144],[-111.63766687624698,40.247597365081944],[-111.63765309800134,40.247512347334933],[-111.63764662732441,40.247426819305204],[-111.63764717847705,40.247324932586778],[-111.63764185270247,40.247297958984987],[-111.63743830349389,40.247298201523968],[-111.63732343219228,40.247298339419267],[-111.63724169075141,40.247235895293038],[-111.63710545652609,40.247131823119254],[-111.6367257573586,40.246791799201013],[-111.63661868100669,40.246695911627192],[-111.63650904902254,40.246687617905309],[-111.63645116014742,40.246683238177141],[-111.6361152685818,40.246221581291422],[-111.63534132034899,40.24509254639419],[-111.63528439656625,40.245009504818675],[-111.63527732024313,40.245010916233987],[-111.63527584720634,40.245006581306896],[-111.63490663865942,40.245077308011638],[-111.63459980757239,40.245137927482517],[-111.63459977115086,40.245137934729712],[-111.63415376969546,40.245226047276653],[-111.63383281539522,40.245285438960551],[-111.63378224774294,40.245294797048423],[-111.63378219017021,40.245294807021551],[-111.63377224206877,40.245296648545292],[-111.63364577968328,40.245323513014554],[-111.63356180019078,40.245344295284312],[-111.63347878511559,40.245367237051973],[-111.63339606845256,40.245391953602031],[-111.63333933609738,40.245406227089269],[-111.63333791768837,40.245406955534719],[-111.63331743646647,40.245417472411155],[-111.63328164096556,40.245429495546951],[-111.63320178456577,40.245459448679],[-111.6331235512539,40.24549181905293],[-111.63304706669054,40.245526556992957],[-111.63297245182162,40.245563605623623],[-111.63288292549009,40.245618421206999],[-111.63285582233328,40.245637508026334],[-111.63283224005147,40.245659986285844],[-111.63259448351016,40.245660279120102],[-111.63250380503051,40.245613630211537],[-111.63223670946755,40.245476883780569],[-111.63223855297387,40.245507020168269],[-111.63223850457474,40.245520313828123],[-111.6322384775855,40.2455276469571],[-111.63223800831963,40.245657251128314],[-111.63223753789225,40.245786863401705],[-111.63223741982023,40.245819482400762],[-111.63223733360789,40.245843028208725],[-111.63221631799146,40.245982466429432],[-111.63219797787137,40.246148342009462],[-111.63214237978364,40.246344762093557],[-111.63196409634287,40.246782478161798],[-111.63192488717144,40.246895555005963],[-111.63189234640927,40.246989401718359],[-111.6318099358044,40.247474665203207],[-111.63184528714871,40.247474246105995],[-111.63199108588263,40.247441928124474],[-111.63247459579854,40.247441375898269],[-111.63246437610458,40.247505996540383],[-111.63239587769674,40.24793908433039],[-111.63255080162885,40.247938911215662],[-111.63255150234848,40.248286643299807],[-111.63252618930225,40.248368920298795],[-111.6325008177925,40.2484513873937],[-111.63250166628576,40.248876292340462],[-111.63236596756502,40.248876432781444],[-111.63237614574193,40.249149823396181],[-111.6324381084095,40.249392209824983],[-111.63243830492671,40.2493959743178],[-111.63249252454791,40.249394651881644],[-111.6325791804848,40.249442235691703],[-111.63288480877976,40.249610049379456],[-111.63291659422583,40.25029957481447],[-111.63295390581293,40.251544580913176],[-111.63298233782844,40.252493263369914],[-111.63299175793789,40.252807571876922],[-111.63301295458257,40.253346802141927],[-111.63333887803411,40.25335664278834],[-111.6335056591798,40.253361675937178],[-111.63423187719238,40.253690958806615],[-111.63429656419144,40.254730267825877],[-111.63429892616153,40.254768244546305],[-111.63412527638897,40.254925305584152],[-111.63420759097947,40.255387033647082],[-111.63482927760712,40.255448679985115],[-111.63511762625167,40.255909254150005],[-111.6348198230379,40.256149076225633],[-111.63444096286426,40.256331901527346],[-111.63436666043609,40.256336067002962],[-111.63354537349664,40.256355733829736],[-111.63360282187433,40.25687112773263],[-111.63360296421145,40.256879015442252],[-111.63370146682956,40.256927113446302],[-111.63381966119891,40.256984820323154],[-111.63421717783675,40.257178904791317],[-111.63447943271875,40.257525348714758],[-111.63478075838945,40.257463233925563],[-111.63481156455306,40.257640431381013],[-111.63492459962406,40.257863148908775],[-111.63500311128669,40.25801784251415],[-111.63483343196242,40.258514920333511],[-111.63393367891177,40.259265549302583],[-111.63376550050839,40.259319350424803]]]},"properties":{"LOCALSCHOOL":"P3","PRECINCTID":"25PR34"}},{"type":"Feature","geometry":{"type":"Polygon","coordinates":[[[-111.63223670946755,40.245476883780569],[-111.63250380503051,40.245613630211537],[-111.63259448351016,40.245660279120102],[-111.63283224005147,40.245659986285844],[-111.63285582233328,40.245637508026334],[-111.63288292549009,40.245618421206999],[-111.63297245182162,40.245563605623623],[-111.63304706669054,40.245526556992957],[-111.6331235512539,40.24549181905293],[-111.63320178456577,40.245459448679],[-111.63328164096556,40.245429495546951],[-111.63331743646647,40.245417472411155],[-111.63333791768837,40.245406955534719],[-111.63333933609738,40.245406227089269],[-111.63339606845256,40.245391953602031],[-111.63347878511559,40.245367237051973],[-111.63356180019078,40.245344295284312],[-111.63364577968328,40.245323513014554],[-111.63377224206877,40.245296648545292],[-111.63378219017021,40.245294807021551],[-111.63378224774294,40.245294797048423],[-111.63383281539522,40.245285438960551],[-111.63415376969546,40.245226047276653],[-111.63459977115086,40.245137934729712],[-111.63459980757239,40.245137927482517],[-111.63490663865942,40.245077308011638],[-111.63527584720634,40.245006581306896],[-111.63527732024313,40.245010916233987],[-111.63528439656625,40.245009504818675],[-111.63534132034899,40.24509254639419],[-111.6361152685818,40.246221581291422],[-111.63645116014742,40.246683238177141],[-111.63650904902254,40.246687617905309],[-111.63661868100669,40.246695911627192],[-111.6367257573586,40.246791799201013],[-111.63710545652609,40.247131823119254],[-111.63724169075141,40.247235895293038],[-111.63732343219228,40.247298339419267],[-111.63743830349389,40.247298201523968],[-111.63764185270247,40.247297958984987],[-111.63764717847705,40.247324932586778],[-111.63764662732441,40.247426819305204],[-111.63765309800134,40.247512347334933],[-111.63766687624698,40.247597365081944],[-111.63768790376155,40.247681507849144],[-111.63771609051177,40.247764412776839],[-111.63775131238565,40.247845721547712],[-111.63779203717931,40.247909892543262],[-111.63781872729949,40.247945167422408],[-111.63784753234498,40.247979451784417],[-111.63786776830284,40.248001232626635],[-111.63786779304047,40.248001259616913],[-111.63787839339383,40.248012669142021],[-111.63791123978268,40.248044749326439],[-111.63794600319632,40.2480756212654],[-111.63798260474633,40.248105216601068],[-111.63802096791065,40.248133475078639],[-111.63806100792998,40.248160331949883],[-111.63835458412694,40.248340857418718],[-111.63863179552048,40.248503371464231],[-111.6387190232246,40.248551981297894],[-111.63874967833458,40.24856732436465],[-111.63898054119315,40.24869599579138],[-111.63921237297802,40.248818643856438],[-111.63933081478717,40.248880081784598],[-111.6395647686936,40.248977539936433],[-111.63968484512881,40.249025815252246],[-111.63980057383202,40.249072342986317],[-111.64006214968681,40.249173576802733],[-111.64008244222359,40.249181116110726],[-111.64024280411785,40.249240694291089],[-111.64032583537907,40.249271542638901],[-111.64040251306386,40.249299274215126],[-111.64049272589564,40.249324198337661],[-111.64083779982406,40.24941799499603],[-111.64118382017496,40.249509720695556],[-111.64170878744395,40.249644885470239],[-111.64180799511546,40.249668454786438],[-111.64195192267658,40.24969691331286],[-111.6420977226997,40.249719081045704],[-111.64224492718166,40.249734888297681],[-111.64239306345347,40.2497442834024],[-111.64260813112308,40.249751498057776],[-111.64316257328699,40.24977010772313],[-111.64316211904311,40.249739468174845],[-111.6431534210507,40.249265717209781],[-111.64311417020326,40.247127784793058],[-111.64311143446196,40.246890499159967],[-111.64309085672174,40.245901697304319],[-111.6430991676925,40.245901692519894],[-111.64309840579493,40.245857092324719],[-111.64309512916766,40.244816846279811],[-111.6431445877992,40.242997471715299],[-111.64314734236541,40.242428898647383],[-111.64314843769358,40.24220264096914],[-111.64315171047588,40.241482113632692],[-111.64316160622582,40.241297468731538],[-111.64314632223171,40.239957766389615],[-111.64122882640885,40.239964604689135],[-111.6401824662897,40.239959112111706],[-111.63825650086288,40.239954656298771],[-111.63816066610045,40.239966026132528],[-111.63764389384998,40.239953126017276],[-111.63763734586273,40.240167038658207],[-111.63763598647002,40.240221079396555],[-111.63762877840068,40.240473272317537],[-111.63761066014705,40.240594879921183],[-111.63751514962581,40.240768368923106],[-111.63745286689654,40.240844998614719],[-111.63740047154977,40.240908105950695],[-111.6372467922199,40.2410118590427],[-111.63706442004705,40.241093134730178],[-111.63695797030623,40.241122528174564],[-111.63684417147164,40.241151932839955],[-111.63674621885941,40.241206087659869],[-111.63668091019397,40.24123994040594],[-111.63650817556774,40.241366232024419],[-111.6363964137698,40.241494706477788],[-111.63635537292707,40.241542038653826],[-111.63630755020161,40.241688450438168],[-111.63629852814292,40.241954151453427],[-111.63629499920128,40.242108653374252],[-111.63628454814325,40.242566010186415],[-111.63627825642081,40.2428413196957],[-111.63623038669731,40.242965215158293],[-111.63619593807482,40.243003532146744],[-111.63611860952511,40.243086930810342],[-111.63607445246204,40.243130462146119],[-111.63602256514099,40.243181612977885],[-111.63596388017629,40.24321995993764],[-111.63590738616107,40.243256049985895],[-111.63584170749549,40.243287651941984],[-111.63576744744549,40.243323831946462],[-111.63568925136143,40.24335476117804],[-111.63560774990493,40.243380188515232],[-111.63552359969454,40.243399911442999],[-111.63543747976478,40.243413768851838],[-111.63535008452961,40.243421649152168],[-111.6352621190767,40.243423488478527],[-111.63517429329708,40.243419274299079],[-111.63508731599332,40.24340903821733],[-111.63500188666569,40.243392863186557],[-111.634918695506,40.2433708808082],[-111.63480164101701,40.243333889400496],[-111.634705703603,40.243295719772199],[-111.63447482728148,40.243170778333429],[-111.63438472382485,40.243135243329171],[-111.6342909571746,40.243105790966183],[-111.63419422705742,40.243082643792818],[-111.63409525307421,40.243065972098897],[-111.63399477118713,40.243055900224533],[-111.633893531365,40.243052503860859],[-111.63379228582944,40.243055809163266],[-111.63369178904881,40.243065789148552],[-111.63359278952623,40.24308237090986],[-111.6334960239154,40.24310543111968],[-111.63340221232394,40.24313479783676],[-111.6333979091319,40.243136420324682],[-111.63258410725673,40.243636838866664],[-111.63251533102979,40.243683099662036],[-111.63245214731018,40.243733829406203],[-111.63239505132024,40.243788632160332],[-111.63234448533883,40.243847081423773],[-111.63230084575284,40.243908720125397],[-111.63226447249821,40.243973070542438],[-111.63223718198552,40.244035523793258],[-111.63221673830297,40.244099496785395],[-111.6322032828302,40.244164547142567],[-111.63219690875469,40.244230229839999],[-111.63219765752969,40.24429608910237],[-111.63220953558596,40.244627634114167],[-111.63223670946755,40.245476883780569]]]},"properties":{"LOCALSCHOOL":"P3","PRECINCTID":"25PR35"}},{"type":"Feature","geometry":{"type":"Polygon","coordinates":[[[-111.6430991676925,40.245901692519894],[-111.64379178848236,40.245901261066791],[-111.64553660553578,40.245900158723096],[-111.64571694452698,40.245900043615222],[-111.6457474239599,40.24590002447583],[-111.64652559581407,40.24590620411594],[-111.6465300531619,40.245069067753043],[-111.64658152345845,40.245068279906455],[-111.64686833404062,40.245063892573526],[-111.64700167380025,40.245150549291317],[-111.64767026219648,40.245431287620981],[-111.6478296472945,40.245448234270107],[-111.64782947605738,40.24536884119874],[-111.64858061949182,40.245389624701197],[-111.64859389040868,40.244307512335688],[-111.64986542842435,40.244309810842147],[-111.64993786283964,40.244309154011702],[-111.65166461638871,40.244293485429729],[-111.65166713771262,40.24387344534049],[-111.65167516444258,40.24300470959362],[-111.65167077417982,40.24168300862253],[-111.65046436532522,40.241689308375527],[-111.64995082732155,40.241691985810071],[-111.64822462698262,40.241694188902137],[-111.64655864798185,40.241691791206144],[-111.64655789658228,40.242198408860041],[-111.64472185431765,40.242196195641704],[-111.64315589019402,40.242202610213361],[-111.64314843769358,40.24220264096914],[-111.64314734236541,40.242428898647383],[-111.6431445877992,40.242997471715299],[-111.64309512916766,40.244816846279811],[-111.64309840579493,40.245857092324719],[-111.6430991676925,40.245901692519894]]]},"properties":{"LOCALSCHOOL":"P3","PRECINCTID":"25PR36"}},{"type":"Feature","geometry":{"type":"Polygon","coordinates":[[[-111.65541388100864,40.244302557881824],[-111.65571716204501,40.244320720611178],[-111.65611792475974,40.244321003975081],[-111.65606487757383,40.246354433656386],[-111.65654566152816,40.246356596288521],[-111.65732943072797,40.246375999918243],[-111.65732218540847,40.24657862911593],[-111.65778115324768,40.246585698490549],[-111.65778124170046,40.246623100600409],[-111.65814713463114,40.246627234797039],[-111.65862230336961,40.246631385122861],[-111.65862228620971,40.246648855971841],[-111.6586365490552,40.246631449524074],[-111.65863689470706,40.246586801087943],[-111.65863831892158,40.246408919695853],[-111.6586441431508,40.245751439231832],[-111.65864390979968,40.245650115396217],[-111.65863868739706,40.244346431511524],[-111.65864298800362,40.243029220797432],[-111.65864726458767,40.241705256509171],[-111.65864731523878,40.241699212163404],[-111.65863738709396,40.241696976728896],[-111.65863740617296,40.241705220372566],[-111.65684318088054,40.241698686377532],[-111.65512025611275,40.241687480871356],[-111.6539652112295,40.241685992119862],[-111.6533966163319,40.241685255592579],[-111.65167077417982,40.24168300862253],[-111.65167516444258,40.24300470959362],[-111.65166713771262,40.24387344534049],[-111.65166461638871,40.244293485429729],[-111.65244915621658,40.244288041212378],[-111.65339422643416,40.244302496919431],[-111.65511139939548,40.244232993123646],[-111.65541388100864,40.244302557881824]]]},"properties":{"LOCALSCHOOL":"P7","PRECINCTID":"25PR37"}},{"type":"Feature","geometry":{"type":"Polygon","coordinates":[[[-111.66753251323932,40.250644984319266],[-111.66742658789518,40.249990017855446],[-111.66741851946543,40.249360042610782],[-111.66743250502789,40.246379049739772],[-111.66742954953224,40.24567102504799],[-111.66742456937247,40.244314070140113],[-111.66742457128754,40.24431389180836],[-111.66683470204717,40.244310323208708],[-111.666220974403,40.244306608177773],[-111.66514077580243,40.244310392161466],[-111.66406754120715,40.24430740327432],[-111.66301378440998,40.244308877874609],[-111.66212127182148,40.244312374348702],[-111.6621204517087,40.243033447319149],[-111.66213303022961,40.24245025948747],[-111.66216748631513,40.240403479179228],[-111.66047249693966,40.240390058668424],[-111.65865817454795,40.240388036676485],[-111.65864731523878,40.241699212163404],[-111.65864726458767,40.241705256509171],[-111.65864298800362,40.243029220797432],[-111.65863868739706,40.244346431511524],[-111.65864390979968,40.245650115396217],[-111.6586441431508,40.245751439231832],[-111.65863831892158,40.246408919695853],[-111.65863689470706,40.246586801087943],[-111.6586365490552,40.246631449524074],[-111.65862228620971,40.246648855971841],[-111.65862202967365,40.246903165893144],[-111.65862493073402,40.248165797587923],[-111.65862781531736,40.248657967589033],[-111.65863070966981,40.248658181613202],[-111.65863137546519,40.248804660674246],[-111.65862417329224,40.24934280806815],[-111.65862033793277,40.249748106722983],[-111.65861274692311,40.250594727967474],[-111.65973375066531,40.250591580967317],[-111.65994833329083,40.250590977324421],[-111.66017056446542,40.250590351985068],[-111.66026790487095,40.250590216584122],[-111.66202848945956,40.250587786171629],[-111.66398966775238,40.250598555531454],[-111.66538072984441,40.250596594881671],[-111.66712479088812,40.250596362639229],[-111.66753247914058,40.250644979864965],[-111.66753251323932,40.250644984319266]]]},"properties":{"LOCALSCHOOL":"P7","PRECINCTID":"25PR38"}},{"type":"Feature","geometry":{"type":"Polygon","coordinates":[[[-111.66743957576732,40.241724073348266],[-111.66743654154759,40.243055038074949],[-111.66742457128754,40.24431389180836],[-111.66742456937247,40.244314070140113],[-111.66742954953224,40.24567102504799],[-111.66743250502789,40.246379049739772],[-111.66741851946543,40.249360042610782],[-111.66742658789518,40.249990017855446],[-111.66753251323932,40.250644984319266],[-111.66753251921557,40.250645024839955],[-111.66753264508664,40.250645065188543],[-111.66808347334936,40.250822011231541],[-111.66808354275562,40.250822033647879],[-111.66888054379072,40.251166034908614],[-111.66914754409611,40.25128503487754],[-111.66914759451376,40.251284983467464],[-111.66999554418815,40.250416034947598],[-111.66976254332945,40.248958034814137],[-111.67116054416925,40.247020033758012],[-111.67116062282278,40.247019994914687],[-111.67159454245353,40.24680803359071],[-111.67159462110887,40.246807995647707],[-111.67232310160787,40.246452799969624],[-111.67236865486639,40.246430588400706],[-111.67272254389172,40.246258033698894],[-111.67384704319724,40.244706534107102],[-111.67384653132478,40.2447062979981],[-111.67364149955736,40.244611933885537],[-111.67363954386109,40.24461103344116],[-111.67363961426484,40.244610987403213],[-111.67377854373498,40.244519033960671],[-111.67377862120428,40.244518993316035],[-111.67383734915092,40.244488333244398],[-111.67387018456593,40.244471189968088],[-111.67388669851894,40.244462568647208],[-111.67416354399921,40.244318032699738],[-111.67570690294669,40.244277029458949],[-111.67653454377773,40.244255033246787],[-111.6765346024352,40.244254990827436],[-111.67653764442043,40.244252794940671],[-111.67671293538423,40.244126249293281],[-111.67672021007563,40.244120997386197],[-111.67731858692812,40.243689020765771],[-111.67731862329545,40.243688994591622],[-111.67731871024351,40.243688984552364],[-111.67887740116727,40.243518036630952],[-111.67941417617025,40.243412456140547],[-111.68066756542059,40.242897964343996],[-111.68209690439231,40.242461750327756],[-111.683033546589,40.242105031931438],[-111.68303362642234,40.242104999382732],[-111.68389862625433,40.241909995824798],[-111.6851485462989,40.241342033424793],[-111.68514862729339,40.241341996369563],[-111.68540154660863,40.241227032755866],[-111.68540162760529,40.2412269966011],[-111.68556807797665,40.241151834693476],[-111.68604154610439,40.240938032432801],[-111.6860416282781,40.240937997176374],[-111.68676073034024,40.240625838867729],[-111.6867606572185,40.240625745316805],[-111.68672120378656,40.240577157864422],[-111.68642588039785,40.240225384516521],[-111.68631781265421,40.240280815749294],[-111.68622682431288,40.24033646641012],[-111.68613062409324,40.240386705180171],[-111.68602975773656,40.240431248371983],[-111.68592480044954,40.240469841073114],[-111.68581634635059,40.240502266170317],[-111.68570501315089,40.240528337136638],[-111.68559143394883,40.240547906150972],[-111.68547625370081,40.240560863202973],[-111.68536012686513,40.240567134295752],[-111.6852437138776,40.240566682352316],[-111.68512767528648,40.240559511728094],[-111.68501267173684,40.240545662807001],[-111.68495452341423,40.240531925438084],[-111.68489500623518,40.240522224233487],[-111.68483459637601,40.240516634091982],[-111.68477377580861,40.240515200182436],[-111.68238094123244,40.240522251998129],[-111.6820764495629,40.240513719964198],[-111.68131869045902,40.240485629268797],[-111.68094478913763,40.240477202088989],[-111.68032291487887,40.240446640757398],[-111.67753565776704,40.240432900597114],[-111.67659028256936,40.24043433745377],[-111.67627812424561,40.240434807521716],[-111.67567506117317,40.240433465136071],[-111.67445571220765,40.240430791682172],[-111.67379535744274,40.240429525203197],[-111.67292969252222,40.240426306825199],[-111.67271188148526,40.240419876237915],[-111.67192151659863,40.240421041297097],[-111.67161356890921,40.240418530440451],[-111.67019892246053,40.240417667541138],[-111.66927459707212,40.240422659386937],[-111.66744300696159,40.240418546461299],[-111.66744262499641,40.240418545207973],[-111.66744251686995,40.240418544462386],[-111.66744251341854,40.240419056038135],[-111.66743957576732,40.241724073348266]]]},"properties":{"LOCALSCHOOL":"P7","PRECINCTID":"25PR39"}},{"type":"Feature","geometry":{"type":"Polygon","coordinates":[[[-111.6843198774671,40.233831365440047],[-111.68416237715878,40.233826080459295],[-111.68407154356146,40.23382303093846],[-111.68390754494051,40.233820031817629],[-111.68253754437671,40.233795365655034],[-111.68230254394729,40.233794031641409],[-111.68210954327334,40.233793032416521],[-111.68154066376938,40.233789032665641],[-111.68154054272892,40.233789032853927],[-111.68166049825648,40.233899176402112],[-111.68180954555255,40.234036032057688],[-111.68191186805056,40.234131333000356],[-111.68283164292413,40.234987971837938],[-111.6837956902385,40.235885813219696],[-111.68381954625215,40.235908030814649],[-111.68522654464539,40.237217031647702],[-111.68654396968901,40.238538083850891],[-111.68668054548127,40.23867503231947],[-111.68791105433925,40.239894264455529],[-111.68809854554996,40.240080032002489],[-111.68809862536366,40.240079994046447],[-111.69020211649571,40.239146084109031],[-111.69065588666378,40.239008038218962],[-111.69144466925451,40.238768069355189],[-111.69173933287058,40.238612306656115],[-111.69190851901513,40.238422605806377],[-111.69211073920984,40.238200763637707],[-111.69238128153505,40.238067857051668],[-111.6928220521245,40.237960912874215],[-111.69311698446512,40.237903291362393],[-111.69323027292457,40.23790087653957],[-111.69354281679355,40.237900354169192],[-111.69389166187467,40.237908857358768],[-111.694350730455,40.23793897003678],[-111.69460058660462,40.237936323689176],[-111.6948136579279,40.237934009309306],[-111.69486298299597,40.237933473938057],[-111.69494635176963,40.237963019369268],[-111.69557847228167,40.238069359399645],[-111.69574558343446,40.238096361856947],[-111.69587376908902,40.238140748982502],[-111.69623448017002,40.238224560451528],[-111.69643108364845,40.238235716669109],[-111.69663353670296,40.238253561764296],[-111.69710458747291,40.238245900623689],[-111.69740814049587,40.238228395854946],[-111.69762251904601,40.238193719046407],[-111.69809016014811,40.23809014635966],[-111.69848927040606,40.237979814570089],[-111.69895053045788,40.237836441268641],[-111.6992305942593,40.237751377704093],[-111.69950452151708,40.237714359439515],[-111.69974268963422,40.237695766072299],[-111.69997505094547,40.237681635902781],[-111.70016578309544,40.237672210538719],[-111.70048471609307,40.237711635953239],[-111.70075895175319,40.237777393257907],[-111.70088141861596,40.23785250063613],[-111.70105119907674,40.237879490906735],[-111.70138794053916,40.23788130068106],[-111.70165615262589,40.237880832168955],[-111.70202565715182,40.237904209096463],[-111.70229081012288,40.237928797916261],[-111.70260974317377,40.237967020555551],[-111.70287491427808,40.237994008260422],[-111.70306568588067,40.237998133835255],[-111.70329805901565,40.237991039245664],[-111.70356618373202,40.237957444041442],[-111.70370899293732,40.237945698021868],[-111.70402446193552,40.237872056194881],[-111.70445623673712,40.237757186829953],[-111.7048464297679,40.237662827396811],[-111.70511143047112,40.237636103408747],[-111.70534380881493,40.237631223945712],[-111.70552566125994,40.237646865247214],[-111.70568965335858,40.23768071925042],[-111.7059850233165,40.237773870871258],[-111.70619069536843,40.23782377411392],[-111.7064111212546,40.237859935739834],[-111.70665252937751,40.237881125151951],[-111.70681057242808,40.237871741399871],[-111.70698326480431,40.237821163450725],[-111.70718295036737,40.237811711640397],[-111.70730464971682,40.237777180614906],[-111.70751345126421,40.237822448408089],[-111.7077222199338,40.237856387457086],[-111.70791311075031,40.237899451887593],[-111.70806190408226,40.237946023453055],[-111.7082706452578,40.237970699241963],[-111.70859272320683,40.238008900826152],[-111.70886684966553,40.238035858015103],[-111.70906355881647,40.238081144674432],[-111.70928715238401,40.238128609213966],[-111.70948392065878,40.238193448261129],[-111.70971662530809,40.238288937418567],[-111.7099819712174,40.238375105962831],[-111.71022989406789,40.238470573919003],[-111.71051909704802,40.238595637145103],[-111.71068632329991,40.238661557790628],[-111.71100579859201,40.238874425761523],[-111.71119699802779,40.23902025698915],[-111.71142369127865,40.239200168301679],[-111.71161183667104,40.239371063265502],[-111.71186817930126,40.239551407193986],[-111.71188379713773,40.239562394740325],[-111.71204214261935,40.239653546960312],[-111.71233447160795,40.239773972420721],[-111.71255817938821,40.239855750790952],[-111.71271003500134,40.239873654737586],[-111.71283230731709,40.239880291217212],[-111.71297244435807,40.239873172610565],[-111.71315687093808,40.23985241721784],[-111.71324004006802,40.23981109010586],[-111.71352857454603,40.23957309619265],[-111.71362949297638,40.239703347822356],[-111.71362860964703,40.239581317139638],[-111.71377216375815,40.239232062593985],[-111.7142699393041,40.238889190381123],[-111.71474249302155,40.238787600833909],[-111.71492546063493,40.238585999359614],[-111.71487106029649,40.237942346053082],[-111.71471262842589,40.237680983103154],[-111.71549995704935,40.237578975747361],[-111.71618307348109,40.237658174198138],[-111.71647157628269,40.23755691836012],[-111.7178066859823,40.236367275138207],[-111.71804279093045,40.236266114038088],[-111.71805365550973,40.236266443193941],[-111.71867331501382,40.236285171175723],[-111.71925177323541,40.236545561343839],[-111.71943644931295,40.236887337908705],[-111.71994021221042,40.237131704601062],[-111.72001497579839,40.237167970852539],[-111.72041043533717,40.237609889259744],[-111.72056934202382,40.238012105090988],[-111.72077948097829,40.238051852644951],[-111.72120521816672,40.23827398282733],[-111.72127914965387,40.238312556413518],[-111.72156803694277,40.238332078532714],[-111.72182972641502,40.238110243808556],[-111.7217990293862,40.2366414306873],[-111.72187362588748,40.235333354887985],[-111.72234569254955,40.235231733506581],[-111.72273985563784,40.235271296134911],[-111.72462874349566,40.234784660676432],[-111.7251010000097,40.234743596835621],[-111.72623058646771,40.234841942025277],[-111.72637326439899,40.234894269049526],[-111.72694025315782,40.235102207336979],[-111.72657323094118,40.235283938668722],[-111.7261269447048,40.235325133767113],[-111.72573408399946,40.235547231236829],[-111.72555123572833,40.23590978776221],[-111.72569759397484,40.236243099382655],[-111.72581605656205,40.236512881223263],[-111.7265554316425,40.236679239438388],[-111.72730198812791,40.237025527142535],[-111.72837056928819,40.237521170943324],[-111.72847710786247,40.237570585809713],[-111.72870732606978,40.237579940333362],[-111.72997917328605,40.237631612796385],[-111.73061591474043,40.237908708249776],[-111.73075710196233,40.237783082356067],[-111.73106487860922,40.237509225550781],[-111.7318193523522,40.236837887957861],[-111.73183155542277,40.236827028837595],[-111.73156229605161,40.236722209245372],[-111.73155155464333,40.236718028099773],[-111.72984955322279,40.235972029299653],[-111.72954555418274,40.235839028001422],[-111.72814655456875,40.235227028879862],[-111.7275805549442,40.234974028423942],[-111.7270525541083,40.234748027699858],[-111.72690655250592,40.234685028892535],[-111.72674155410623,40.234624029339521],[-111.72659655276057,40.234584029141949],[-111.7264045541235,40.234555027785341],[-111.72593055196715,40.234504028970221],[-111.72442155283969,40.234428027723055],[-111.72405955299818,40.234429028593325],[-111.72326755211819,40.234379028934747],[-111.72194855274573,40.234314028977344],[-111.72174355222432,40.234294028720356],[-111.72155155266863,40.234278029353646],[-111.72123855163491,40.234245028673847],[-111.72001655225777,40.234054028406781],[-111.71900655122482,40.233905028678983],[-111.71845655234004,40.233861027617628],[-111.71766074267202,40.233843502609929],[-111.71664055106578,40.233821029111006],[-111.71300555147977,40.233828029072917],[-111.71272964712502,40.233828030649072],[-111.71182055096168,40.233828029693719],[-111.71128855025263,40.233829030087584],[-111.71038455011545,40.233833030146172],[-111.70810954902068,40.233842029380909],[-111.70696854910388,40.233848030323138],[-111.70570754753818,40.233848030676803],[-111.7046885495778,40.233850030382605],[-111.70422454941247,40.233844029806576],[-111.70342054931459,40.233847029925712],[-111.70250354901987,40.233847029612932],[-111.70084154788633,40.233847030332555],[-111.70024554683856,40.233848031064845],[-111.69821354776364,40.233850030940147],[-111.69617654654343,40.233853030590282],[-111.69476594815556,40.23388002342125],[-111.69476554627434,40.233880031297154],[-111.69173254699368,40.233885031012171],[-111.69077754578582,40.233894030952484],[-111.68923654599085,40.233896030958057],[-111.68744405486052,40.233890033318353],[-111.68744354601257,40.233890031433653],[-111.68633354460657,40.23386703103246],[-111.68632964028473,40.23386729665468],[-111.68610624437584,40.23388248329104],[-111.68610554528793,40.233882531239914],[-111.68610466386086,40.233882509228458],[-111.68589154302596,40.233877181065161],[-111.68588554462183,40.233877031203455],[-111.68564654587919,40.233870030762034],[-111.6854075450438,40.23384703060244],[-111.68523254496054,40.233852032423499],[-111.68513087812508,40.233847032089351],[-111.68498987650716,40.233847697896813],[-111.68498873887619,40.23384766817717],[-111.68463031785066,40.233838183545949],[-111.68462454389919,40.233838030562382],[-111.68444854418793,40.233834031645131],[-111.68435021227033,40.233831993918486],[-111.6843198774671,40.233831365440047]]]},"properties":{"LOCALSCHOOL":"P6","PRECINCTID":"25PR40"}},{"type":"Feature","geometry":{"type":"Polygon","coordinates":[[[-111.67445571220765,40.240430791682172],[-111.67567506117317,40.240433465136071],[-111.67627812424561,40.240434807521716],[-111.67659028256936,40.24043433745377],[-111.67753565776704,40.240432900597114],[-111.68032291487887,40.240446640757398],[-111.68094478913763,40.240477202088989],[-111.68131869045902,40.240485629268797],[-111.6820764495629,40.240513719964198],[-111.68238094123244,40.240522251998129],[-111.68477377580861,40.240515200182436],[-111.68483459637601,40.240516634091982],[-111.68489500623518,40.240522224233487],[-111.68495452341423,40.240531925438084],[-111.68501267173684,40.240545662807001],[-111.68512767528648,40.240559511728094],[-111.6852437138776,40.240566682352316],[-111.68536012686513,40.240567134295752],[-111.68547625370081,40.240560863202973],[-111.68559143394883,40.240547906150972],[-111.68570501315089,40.240528337136638],[-111.68581634635059,40.240502266170317],[-111.68592480044954,40.240469841073114],[-111.68602975773656,40.240431248371983],[-111.68613062409324,40.240386705180171],[-111.68622682431288,40.24033646641012],[-111.68631781265421,40.240280815749294],[-111.68642588039785,40.240225384516521],[-111.68672120378656,40.240577157864422],[-111.6867606572185,40.240625745316805],[-111.68676073034024,40.240625838867729],[-111.68683054586214,40.240595531840711],[-111.68683270112264,40.24059460071809],[-111.68726454559594,40.240408031872839],[-111.6872646289511,40.240407999315558],[-111.68771116016106,40.240232386002297],[-111.6877967576979,40.240198721493748],[-111.68809854554996,40.240080032002489],[-111.68791105433925,40.239894264455529],[-111.68668054548127,40.23867503231947],[-111.68654396968901,40.238538083850891],[-111.68522654464539,40.237217031647702],[-111.68381954625215,40.235908030814649],[-111.6837956902385,40.235885813219696],[-111.68283164292413,40.234987971837938],[-111.68191186805056,40.234131333000356],[-111.68180954555255,40.234036032057688],[-111.68166049825648,40.233899176402112],[-111.68154054272892,40.233789032853927],[-111.68131950061131,40.23378717078068],[-111.68106554404696,40.233785032421515],[-111.68081254443385,40.233783029827244],[-111.68052854427198,40.233781031411041],[-111.67828154381704,40.233779032126741],[-111.67749954343212,40.233780032261656],[-111.67749881826677,40.233779995537049],[-111.67733944697987,40.233771675293134],[-111.67704459040199,40.233756283153745],[-111.67689352853233,40.233768831373588],[-111.6766090265715,40.233776788122469],[-111.67645863762026,40.233780993798085],[-111.67645728394038,40.233781031871018],[-111.67623955599025,40.233781015017271],[-111.67566755802487,40.233782013397857],[-111.6744777698393,40.233784016178326],[-111.6744779731264,40.234589241529029],[-111.67448305074029,40.235155174490593],[-111.67451787761296,40.235274456401505],[-111.67450076117285,40.236485859894707],[-111.67448942646196,40.237803084702342],[-111.67447008823929,40.239151843820459],[-111.67446615175081,40.239502077682367],[-111.67445571220765,40.240430791682172]]]},"properties":{"LOCALSCHOOL":"P7","PRECINCTID":"25PR41"}},{"type":"Feature","geometry":{"type":"Polygon","coordinates":[[[-111.66744251686995,40.240418544462386],[-111.66744262499641,40.240418545207973],[-111.66744300696159,40.240418546461299],[-111.66927459707212,40.240422659386937],[-111.67019892246053,40.240417667541138],[-111.67161356890921,40.240418530440451],[-111.67192151659863,40.240421041297097],[-111.67271188148526,40.240419876237915],[-111.67292969252222,40.240426306825199],[-111.67379535744274,40.240429525203197],[-111.67445571220765,40.240430791682172],[-111.67446615175081,40.239502077682367],[-111.67447008823929,40.239151843820459],[-111.67448942646196,40.237803084702342],[-111.67450076117285,40.236485859894707],[-111.67451787761296,40.235274456401505],[-111.67448305074029,40.235155174490593],[-111.6744779731264,40.234589241529029],[-111.6744777698393,40.233784016178326],[-111.67447055206843,40.23378402696882],[-111.67418132161139,40.233782528895041],[-111.67273553381223,40.23377502723482],[-111.6710275255429,40.233764033827143],[-111.66929553922505,40.233756038579997],[-111.66749161701881,40.233756014226785],[-111.66749156181319,40.23375602511387],[-111.66749119672731,40.233818710288553],[-111.66748424546087,40.235011005535696],[-111.66748355715151,40.235128990413621],[-111.66747764227934,40.235692655221044],[-111.66746958899346,40.236460020267849],[-111.66746791671508,40.237189292748653],[-111.6674665616404,40.237779994589246],[-111.66745151724523,40.239097064818417],[-111.66744984175791,40.239343072490691],[-111.66744251686995,40.240418544462386]]]},"properties":{"LOCALSCHOOL":"P7","PRECINCTID":"25PR42"}},{"type":"Feature","geometry":{"type":"Polygon","coordinates":[[[-111.65865817454795,40.240388036676485],[-111.66047249693966,40.240390058668424],[-111.66216748631513,40.240403479179228],[-111.66213303022961,40.24245025948747],[-111.6621204517087,40.243033447319149],[-111.66212127182148,40.244312374348702],[-111.66301378440998,40.244308877874609],[-111.66406754120715,40.24430740327432],[-111.66514077580243,40.244310392161466],[-111.666220974403,40.244306608177773],[-111.66683470204717,40.244310323208708],[-111.66742457128754,40.24431389180836],[-111.66743654154759,40.243055038074949],[-111.66743957576732,40.241724073348266],[-111.66744251341854,40.240419056038135],[-111.66744251686995,40.240418544462386],[-111.66744984175791,40.239343072490691],[-111.66745151724523,40.239097064818417],[-111.6674665616404,40.237779994589246],[-111.66564649773872,40.237778043630897],[-111.66392650602609,40.237767022621405],[-111.6622104815648,40.237765052038561],[-111.66048658208292,40.237751028021208],[-111.65935007662513,40.237748535905375],[-111.65933344479802,40.237748499168802],[-111.65914403095429,40.237748083908961],[-111.65910558924698,40.237747999420542],[-111.65869846683319,40.237747128874474],[-111.65866861487224,40.237747064985534],[-111.65866615808071,40.238189045870222],[-111.65866208348798,40.2390618202163],[-111.65866060015432,40.23956491970447],[-111.65865817454795,40.240388036676485]]]},"properties":{"LOCALSCHOOL":"P7","PRECINCTID":"25PR43"}},{"type":"Feature","geometry":{"type":"Polygon","coordinates":[[[-111.65866861487224,40.237747064985534],[-111.65869846683319,40.237747128874474],[-111.65910558924698,40.237747999420542],[-111.65914403095429,40.237748083908961],[-111.65933344479802,40.237748499168802],[-111.65935007662513,40.237748535905375],[-111.66048658208292,40.237751028021208],[-111.6622104815648,40.237765052038561],[-111.66392650602609,40.237767022621405],[-111.66564649773872,40.237778043630897],[-111.6674665616404,40.237779994589246],[-111.66746791671508,40.237189292748653],[-111.66746958899346,40.236460020267849],[-111.66747764227934,40.235692655221044],[-111.66748355715151,40.235128990413621],[-111.66748424546087,40.235011005535696],[-111.66749119672731,40.233818710288553],[-111.66749156181319,40.23375602511387],[-111.6674913645201,40.233756079436297],[-111.66726754087378,40.233819032856033],[-111.66726739750102,40.233819031260197],[-111.66583054167464,40.233803032653185],[-111.66567354037045,40.233740032394572],[-111.6655865484524,40.233770678132657],[-111.66558559268965,40.233771014532195],[-111.66549762496919,40.233802003836821],[-111.66549754042795,40.233802032777639],[-111.66412754029389,40.233794033275402],[-111.66394754060873,40.233734034296894],[-111.66374562569503,40.233795007467172],[-111.66374553997149,40.23379503370645],[-111.66241654027537,40.233792032673975],[-111.66223154056237,40.233727032172027],[-111.66201454115378,40.233791034200635],[-111.66069853886295,40.233788033387647],[-111.660502538996,40.233725033037423],[-111.66029462421268,40.233789006762521],[-111.66029453966293,40.233789032997642],[-111.65896755731784,40.233786215982811],[-111.65888153914244,40.233786033200062],[-111.65874240815212,40.233735370683796],[-111.6586977899302,40.233719124117243],[-111.65869356725156,40.233783949050078],[-111.65869338884735,40.233808918132091],[-111.65868413437381,40.235103420188416],[-111.65867692613246,40.236429640887991],[-111.65867069967656,40.237371848181489],[-111.65866861792883,40.237746862334362],[-111.6586686147117,40.237746995635447],[-111.65866861487224,40.237747064985534]]]},"properties":{"LOCALSCHOOL":"P5","PRECINCTID":"25PR44"}},{"type":"Feature","geometry":{"type":"Polygon","coordinates":[[[-111.65167077417982,40.24168300862253],[-111.6533966163319,40.241685255592579],[-111.6539652112295,40.241685992119862],[-111.65512025611275,40.241687480871356],[-111.65684318088054,40.241698686377532],[-111.65863740617296,40.241705220372566],[-111.65863738709396,40.241696976728896],[-111.65864731523878,40.241699212163404],[-111.65865817454795,40.240388036676485],[-111.65866060015432,40.23956491970447],[-111.65866208348798,40.2390618202163],[-111.65866615808071,40.238189045870222],[-111.65866861487224,40.237747064985534],[-111.6586684973504,40.237747065145307],[-111.65802861936244,40.237748001739007],[-111.65802851594326,40.237748001879027],[-111.65686351843905,40.237749033970047],[-111.6551374936456,40.237734042154955],[-111.65384181064371,40.237734055878029],[-111.65341349642735,40.237734057653746],[-111.6516925841707,40.237725021834578],[-111.65169230446486,40.237725020396795],[-111.65169201070727,40.238133435431372],[-111.65169174856749,40.239046318650281],[-111.65168363314343,40.240359033085937],[-111.65167077417982,40.24168300862253]]]},"properties":{"LOCALSCHOOL":"P7","PRECINCTID":"25PR45"}},{"type":"Feature","geometry":{"type":"Polygon","coordinates":[[[-111.6482715512546,40.233912574196772],[-111.64824887792949,40.23507661176032],[-111.64824659853623,40.236400575467655],[-111.6482484896233,40.237407054032943],[-111.64825556944668,40.237718017148076],[-111.64997357368455,40.237718021593558],[-111.65169230446486,40.237725020396795],[-111.6516925841707,40.237725021834578],[-111.65341349642735,40.237734057653746],[-111.65384181064371,40.237734055878029],[-111.6551374936456,40.237734042154955],[-111.65686351843905,40.237749033970047],[-111.65802851594326,40.237748001879027],[-111.65802861936244,40.237748001739007],[-111.6586684973504,40.237747065145307],[-111.65866861487224,40.237747064985534],[-111.6586686147117,40.237746995635447],[-111.65866861792883,40.237746862334362],[-111.65867069967656,40.237371848181489],[-111.65867692613246,40.236429640887991],[-111.65868413437381,40.235103420188416],[-111.65869338884735,40.233808918132091],[-111.65869356725156,40.233783949050078],[-111.6586977899302,40.233719124117243],[-111.65869753941074,40.233719032591168],[-111.65849062416071,40.233784005970563],[-111.65849053843721,40.233784033106616],[-111.65767753869305,40.233784032852917],[-111.6572440913708,40.233784033138406],[-111.65706953869881,40.233784033120621],[-111.65687453884681,40.233719033088605],[-111.65516353841723,40.233708033094096],[-111.65344053743451,40.233712034097394],[-111.65171253760002,40.233696034246314],[-111.65095053578837,40.233691172576471],[-111.64998953808686,40.233685033438377],[-111.64827553643812,40.233685034178976],[-111.6482754432229,40.233694638873338],[-111.6482715512546,40.233912574196772]]]},"properties":{"LOCALSCHOOL":"P3","PRECINCTID":"25PR46"}},{"type":"Feature","geometry":{"type":"Polygon","coordinates":[[[-111.65169230446486,40.237725020396795],[-111.64997357368455,40.237718021593558],[-111.64825556944668,40.237718017148076],[-111.6482484896233,40.237407054032943],[-111.64659050000709,40.237400022818441],[-111.64579658836017,40.237408058573457],[-111.6447445557546,40.237420050669662],[-111.64316049143257,40.237411026381324],[-111.64316047053644,40.237411149796408],[-111.64315917611516,40.238374854550919],[-111.64314632223171,40.239957766389615],[-111.64316160622582,40.241297468731538],[-111.64315171047588,40.241482113632692],[-111.64314843769358,40.24220264096914],[-111.64315589019402,40.242202610213361],[-111.64472185431765,40.242196195641704],[-111.64655789658228,40.242198408860041],[-111.64655864798185,40.241691791206144],[-111.64822462698262,40.241694188902137],[-111.64995082732155,40.241691985810071],[-111.65046436532522,40.241689308375527],[-111.65167077417982,40.24168300862253],[-111.65168363314343,40.240359033085937],[-111.65169174856749,40.239046318650281],[-111.65169201070727,40.238133435431372],[-111.65169230446486,40.237725020396795]]]},"properties":{"LOCALSCHOOL":"P3","PRECINCTID":"25PR47"}},{"type":"Feature","geometry":{"type":"Polygon","coordinates":[[[-111.62822054029259,40.244904413012023],[-111.62923532772936,40.244427592576869],[-111.62972372836931,40.244425314354331],[-111.63091424415832,40.244421248112211],[-111.63151768141053,40.244420565257947],[-111.63204315821491,40.245378739215973],[-111.63209466547274,40.245404857452996],[-111.63215729543488,40.245436616459543],[-111.63215822368959,40.245437083746978],[-111.63221025340698,40.245463468834394],[-111.63223670946755,40.245476883780569],[-111.63220953558596,40.244627634114167],[-111.63219765752969,40.24429608910237],[-111.63219690875469,40.244230229839999],[-111.6322032828302,40.244164547142567],[-111.63221673830297,40.244099496785395],[-111.63223718198552,40.244035523793258],[-111.63226447249821,40.243973070542438],[-111.63230084575284,40.243908720125397],[-111.63234448533883,40.243847081423773],[-111.63239505132024,40.243788632160332],[-111.63245214731018,40.243733829406203],[-111.63251533102979,40.243683099662036],[-111.63258410725673,40.243636838866664],[-111.6333979091319,40.243136420324682],[-111.63340221232394,40.24313479783676],[-111.6334960239154,40.24310543111968],[-111.63359278952623,40.24308237090986],[-111.63369178904881,40.243065789148552],[-111.63379228582944,40.243055809163266],[-111.633893531365,40.243052503860859],[-111.63399477118713,40.243055900224533],[-111.63409525307421,40.243065972098897],[-111.63419422705742,40.243082643792818],[-111.6342909571746,40.243105790966183],[-111.63438472382485,40.243135243329171],[-111.63447482728148,40.243170778333429],[-111.634705703603,40.243295719772199],[-111.63480164101701,40.243333889400496],[-111.634918695506,40.2433708808082],[-111.63500188666569,40.243392863186557],[-111.63508731599332,40.24340903821733],[-111.63517429329708,40.243419274299079],[-111.6352621190767,40.243423488478527],[-111.63535008452961,40.243421649152168],[-111.63543747976478,40.243413768851838],[-111.63552359969454,40.243399911442999],[-111.63560774990493,40.243380188515232],[-111.63568925136143,40.24335476117804],[-111.63576744744549,40.243323831946462],[-111.63584170749549,40.243287651941984],[-111.63590738616107,40.243256049985895],[-111.63596388017629,40.24321995993764],[-111.63602256514099,40.243181612977885],[-111.63607445246204,40.243130462146119],[-111.63611860952511,40.243086930810342],[-111.63619593807482,40.243003532146744],[-111.63623038669731,40.242965215158293],[-111.63627825642081,40.2428413196957],[-111.63628454814325,40.242566010186415],[-111.63629499920128,40.242108653374252],[-111.63629852814292,40.241954151453427],[-111.63630755020161,40.241688450438168],[-111.63635537292707,40.241542038653826],[-111.6363964137698,40.241494706477788],[-111.63650817556774,40.241366232024419],[-111.63668091019397,40.24123994040594],[-111.63674621885941,40.241206087659869],[-111.63684417147164,40.241151932839955],[-111.63695797030623,40.241122528174564],[-111.63706442004705,40.241093134730178],[-111.6372467922199,40.2410118590427],[-111.63740047154977,40.240908105950695],[-111.63745286689654,40.240844998614719],[-111.63751514962581,40.240768368923106],[-111.63761066014705,40.240594879921183],[-111.63762877840068,40.240473272317537],[-111.63763598647002,40.240221079396555],[-111.63763734586273,40.240167038658207],[-111.63764389384998,40.239953126017276],[-111.63816066610045,40.239966026132528],[-111.63825650086288,40.239954656298771],[-111.6401824662897,40.239959112111706],[-111.64122882640885,40.239964604689135],[-111.64314632223171,40.239957766389615],[-111.64315917611516,40.238374854550919],[-111.64316047053644,40.237411149796408],[-111.64316049143257,40.237411026381324],[-111.64247325944081,40.237412796794615],[-111.64201819595228,40.237413966557412],[-111.64187796641247,40.237414326244185],[-111.64119449620017,40.237416079150805],[-111.63998554868988,40.237406013372073],[-111.6393855614362,40.237409058743346],[-111.6391966840561,40.237410101952392],[-111.63851817611247,40.237413848028602],[-111.6384815262405,40.237414050034928],[-111.63769057290818,40.237418049854469],[-111.63746955017544,40.237404042249423],[-111.63638003411231,40.2373930553523],[-111.63633661414288,40.23764040466579],[-111.63633650839652,40.23764100732609],[-111.63633849414781,40.238029027876252],[-111.63634249147239,40.238142073145958],[-111.6363356389632,40.238195377278686],[-111.63627473316193,40.238669117876832],[-111.6362745514558,40.238670529411671],[-111.63617957980865,40.239451034967225],[-111.6361365583242,40.23970299222642],[-111.63609752080809,40.239878077733415],[-111.63607859564016,40.240002996856397],[-111.63607858752064,40.24000305090501],[-111.6360295756194,40.240218012670795],[-111.63596408318993,40.240355043956654],[-111.63585754727607,40.240541041901913],[-111.63585219406636,40.240548822562026],[-111.63574595108811,40.240703226979228],[-111.63574504052032,40.240704549294826],[-111.63559762396478,40.240890002791211],[-111.6355975864487,40.240890049668728],[-111.6354796509798,40.241014862978453],[-111.63547855439069,40.241016024291078],[-111.63502569747008,40.240788625549072],[-111.63502456456112,40.240788056746887],[-111.63494850914459,40.240877036360565],[-111.63477861197046,40.241018997997614],[-111.63477854508957,40.241019053915281],[-111.63468113102222,40.241112956655343],[-111.63468102192684,40.241113061256875],[-111.63456852342674,40.24121503313313],[-111.6344040276763,40.241338551636922],[-111.63426861872433,40.241422003372357],[-111.63426854946562,40.24142204578272],[-111.63412159539946,40.241493509439493],[-111.63412155430331,40.241493529301074],[-111.63396761997025,40.241556007774271],[-111.63396753776549,40.241556041192759],[-111.63380562340095,40.241602496106829],[-111.63380555527311,40.241602515999233],[-111.6335176186642,40.241671007957954],[-111.63351751058175,40.241671030597921],[-111.6335158750028,40.241671247724582],[-111.63300705751251,40.241737998635521],[-111.6330065487407,40.24173806496286],[-111.63289257809116,40.241739048598191],[-111.63261150623237,40.241742026098827],[-111.63208347953784,40.241763020979718],[-111.63139531897882,40.241768582851471],[-111.63084761392604,40.241773006988481],[-111.63084748464608,40.241773008034038],[-111.6302443330225,40.241778141754821],[-111.62826592872958,40.241794958301874],[-111.62802361348056,40.241797014829523],[-111.62802354061435,40.241797015810114],[-111.62803450970772,40.242665997442415],[-111.62804754184187,40.243669025007542],[-111.62817456643296,40.244463049088502],[-111.62822057442371,40.24478506322464],[-111.62822054029259,40.244904413012023]]]},"properties":{"LOCALSCHOOL":"P3","PRECINCTID":"25PR48"}},{"type":"Feature","geometry":{"type":"Polygon","coordinates":[[[-111.6269456139382,40.245452001673833],[-111.62739250276945,40.245458047227054],[-111.62756453903054,40.245461079171065],[-111.62756451561177,40.245624058240267],[-111.62769650441753,40.245670010123369],[-111.62807151785128,40.245818070621496],[-111.62807158351642,40.245817987689641],[-111.62816251425075,40.245703069342582],[-111.6282109258587,40.245606198034686],[-111.62823651043132,40.245555003965585],[-111.62825155497298,40.245440052699678],[-111.62823807683472,40.245300398195468],[-111.62822047803418,40.245118049257158],[-111.62822054029259,40.244904413012023],[-111.62822057442371,40.24478506322464],[-111.62817456643296,40.244463049088502],[-111.62804754184187,40.243669025007542],[-111.62803450970772,40.242665997442415],[-111.62802354061435,40.241797015810114],[-111.62802361348056,40.241797014829523],[-111.62826592872958,40.241794958301874],[-111.6302443330225,40.241778141754821],[-111.63084748464608,40.241773008034038],[-111.63084761392604,40.241773006988481],[-111.63139531897882,40.241768582851471],[-111.63208347953784,40.241763020979718],[-111.63261150623237,40.241742026098827],[-111.63289257809116,40.241739048598191],[-111.6330065487407,40.24173806496286],[-111.63300705751251,40.241737998635521],[-111.6335158750028,40.241671247724582],[-111.63351751058175,40.241671030597921],[-111.6335176186642,40.241671007957954],[-111.63380555527311,40.241602515999233],[-111.63380562340095,40.241602496106829],[-111.63396753776549,40.241556041192759],[-111.63396761997025,40.241556007774271],[-111.63412155430331,40.241493529301074],[-111.63412159539946,40.241493509439493],[-111.63426854946562,40.24142204578272],[-111.63426861872433,40.241422003372357],[-111.6344040276763,40.241338551636922],[-111.63456852342674,40.24121503313313],[-111.63468102192684,40.241113061256875],[-111.63468113102222,40.241112956655343],[-111.63477854508957,40.241019053915281],[-111.63477861197046,40.241018997997614],[-111.63494850914459,40.240877036360565],[-111.63502456456112,40.240788056746887],[-111.63502569747008,40.240788625549072],[-111.63547855439069,40.241016024291078],[-111.6354796509798,40.241014862978453],[-111.6355975864487,40.240890049668728],[-111.63559762396478,40.240890002791211],[-111.63574504052032,40.240704549294826],[-111.63574595108811,40.240703226979228],[-111.63585219406636,40.240548822562026],[-111.63585754727607,40.240541041901913],[-111.63596408318993,40.240355043956654],[-111.6360295756194,40.240218012670795],[-111.63607858752064,40.24000305090501],[-111.63607859564016,40.240002996856397],[-111.63609752080809,40.239878077733415],[-111.6361365583242,40.23970299222642],[-111.63617957980865,40.239451034967225],[-111.6362745514558,40.238670529411671],[-111.63627473316193,40.238669117876832],[-111.6363356389632,40.238195377278686],[-111.63634249147239,40.238142073145958],[-111.63633849414781,40.238029027876252],[-111.63633650839652,40.23764100732609],[-111.63633661414288,40.23764040466579],[-111.63638003411231,40.2373930553523],[-111.63746955017544,40.237404042249423],[-111.63769057290818,40.237418049854469],[-111.6384815262405,40.237414050034928],[-111.63851817611247,40.237413848028602],[-111.6391966840561,40.237410101952392],[-111.6393855614362,40.237409058743346],[-111.63998554868988,40.237406013372073],[-111.64119449620017,40.237416079150805],[-111.64187796641247,40.237414326244185],[-111.64201819595228,40.237413966557412],[-111.64247325944081,40.237412796794615],[-111.64316049143257,40.237411026381324],[-111.6447445557546,40.237420050669662],[-111.64579658836017,40.237408058573457],[-111.64659050000709,40.237400022818441],[-111.6482484896233,40.237407054032943],[-111.64824659853623,40.236400575467655],[-111.64824887792949,40.23507661176032],[-111.6482715512546,40.233912574196772],[-111.6482754432229,40.233694638873338],[-111.64827553643812,40.233685034178976],[-111.64659562556355,40.233676036043384],[-111.64659815995174,40.233686283204591],[-111.64419045567777,40.233665667607369],[-111.6436318569003,40.233660697609402],[-111.6432080394308,40.233660586178438],[-111.64193874461277,40.233660244530036],[-111.64138860376279,40.233661036607877],[-111.64135685048069,40.233662982657684],[-111.64127393899109,40.233661916705238],[-111.64116422238419,40.233654044453367],[-111.64095018686811,40.233652091141472],[-111.64089781035526,40.233654941910956],[-111.64084259717883,40.233660156694519],[-111.64079633627631,40.233663644005482],[-111.64071426975106,40.233674611175324],[-111.64065108046009,40.233690547863965],[-111.64061384982496,40.233478256327011],[-111.64059622037063,40.233342518370407],[-111.6405969989258,40.233303852350616],[-111.64061025996666,40.232644754725719],[-111.64062738114941,40.231793807504943],[-111.64059233844981,40.231634203301994],[-111.64053755001666,40.231520234713109],[-111.6404331674287,40.231406327585582],[-111.64029405341542,40.231284860593689],[-111.64012524014547,40.231193837900506],[-111.63996641081785,40.23113321179224],[-111.63980268249838,40.231103002842907],[-111.63964892639902,40.231099387071168],[-111.63830965737931,40.231096424683415],[-111.63788918441398,40.231095492011541],[-111.63631109741033,40.231091976228825],[-111.63607301267871,40.231080853589084],[-111.63586955960226,40.231024075593169],[-111.63570079917174,40.230955854618252],[-111.63555680599693,40.230872399779429],[-111.63545246153453,40.230773691193704],[-111.63536296643908,40.230659762236961],[-111.63527345664006,40.230538230798039],[-111.63524744467146,40.230465560992442],[-111.63522857557103,40.230412845916959],[-111.63520355386261,40.230298840298126],[-111.63519338123184,40.230169612613352],[-111.6352245523357,40.229820822195045],[-111.63520967931159,40.229820839428051],[-111.62630008459048,40.229830941865373],[-111.62116819325878,40.229840122605317],[-111.61836219127612,40.229845024277566],[-111.61838209490998,40.231938960840516],[-111.61819830221684,40.235517081306469],[-111.61818654147119,40.235517362511928],[-111.61441388229331,40.235607402696907],[-111.61261637775459,40.235650259503117],[-111.61176421129767,40.235670567898886],[-111.61129888877566,40.235681654690481],[-111.61067449437054,40.235696528318002],[-111.61067433046803,40.235698370308953],[-111.61064604855505,40.236015155896254],[-111.61048356646204,40.237835040871587],[-111.61055053512042,40.239414026282134],[-111.61183450249789,40.241068028317756],[-111.61265057698398,40.240983076746296],[-111.61394654388023,40.240976029374224],[-111.61508458694301,40.241082063354114],[-111.615841510552,40.241463006248146],[-111.61678154602278,40.242044057920687],[-111.6169540318898,40.243143860578812],[-111.61698557858656,40.243345000206062],[-111.61697803695381,40.243580746881172],[-111.61697661431035,40.24362521525039],[-111.61694958707841,40.244470007870092],[-111.616855474141,40.244968995990696],[-111.61692354158123,40.245305041638417],[-111.61781156256794,40.245318052987862],[-111.62239401601731,40.245385034299254],[-111.62239997872376,40.245385115409988],[-111.62269586205267,40.245389150410901],[-111.6227635334351,40.245390072677147],[-111.62308149275719,40.245395030064635],[-111.62308382709148,40.245395077138966],[-111.6233251088362,40.245400044440366],[-111.62332603152176,40.245400063279789],[-111.62347458411939,40.245413001694835],[-111.62475852440603,40.245457070696091],[-111.62476160016723,40.245456994455971],[-111.62534801515777,40.245442535812174],[-111.6261435449548,40.245472019035887],[-111.62694555516897,40.245452000837084],[-111.6269456139382,40.245452001673833]]]},"properties":{"LOCALSCHOOL":"P4","PRECINCTID":"25PR49"}},{"type":"Feature","geometry":{"type":"Polygon","coordinates":[[[-111.64262756033388,40.227275222240948],[-111.63950489430408,40.22734626252786],[-111.63831298657455,40.227358940418682],[-111.63623984342929,40.227397405418301],[-111.63523961077043,40.227407575441354],[-111.63523039708188,40.228134866348739],[-111.63523452143782,40.228922934070326],[-111.63523031048706,40.229091181339562],[-111.6352263500614,40.229249430137479],[-111.63523592758611,40.229689387238345],[-111.6352245523357,40.229820822195045],[-111.63519338123184,40.230169612613352],[-111.63520355386261,40.230298840298126],[-111.63522857557103,40.230412845916959],[-111.63524744467146,40.230465560992442],[-111.63527345664006,40.230538230798039],[-111.63536296643908,40.230659762236961],[-111.63545246153453,40.230773691193704],[-111.63555680599693,40.230872399779429],[-111.63570079917174,40.230955854618252],[-111.63586955960226,40.231024075593169],[-111.63607301267871,40.231080853589084],[-111.63631109741033,40.231091976228825],[-111.63788918441398,40.231095492011541],[-111.63830965737931,40.231096424683415],[-111.63964892639902,40.231099387071168],[-111.63980268249838,40.231103002842907],[-111.63996641081785,40.23113321179224],[-111.64012524014547,40.231193837900506],[-111.64029405341542,40.231284860593689],[-111.6404331674287,40.231406327585582],[-111.64053755001666,40.231520234713109],[-111.64059233844981,40.231634203301994],[-111.64062738114941,40.231793807504943],[-111.64061025996666,40.232644754725719],[-111.6405969989258,40.233303852350616],[-111.64059622037063,40.233342518370407],[-111.64061384982496,40.233478256327011],[-111.64065108046009,40.233690547863965],[-111.64071426975106,40.233674611175324],[-111.64079633627631,40.233663644005482],[-111.64084259717883,40.233660156694519],[-111.64089781035526,40.233654941910956],[-111.64095018686811,40.233652091141472],[-111.64116422238419,40.233654044453367],[-111.64127393899109,40.233661916705238],[-111.64135685048069,40.233662982657684],[-111.64138860376279,40.233661036607877],[-111.64193874461277,40.233660244530036],[-111.6432080394308,40.233660586178438],[-111.64321093845328,40.233203218738396],[-111.64319787223576,40.233014854833471],[-111.643178609598,40.232903014505155],[-111.64315467813475,40.232791703177227],[-111.64312610279038,40.232681037901429],[-111.64312022151128,40.232660340872009],[-111.64308532898288,40.232548090972074],[-111.6429840487373,40.232293857688788],[-111.64297358717562,40.232255832265778],[-111.64295526036011,40.232212103624938],[-111.64291584431675,40.232102212611274],[-111.64288172369491,40.231991285649627],[-111.64285294343838,40.231879473098815],[-111.64282425339786,40.231737028263915],[-111.64280422814797,40.231593714489819],[-111.64279291411356,40.231449843350617],[-111.64278425498976,40.231234456071427],[-111.6427350023535,40.229799068740363],[-111.64273059763629,40.229670707356753],[-111.64272844252858,40.229600151768118],[-111.64270190356875,40.228731467995644],[-111.64268774515259,40.228373504497718],[-111.6426726194322,40.227991077636084],[-111.64264727322683,40.227287832544754],[-111.64262756033388,40.227275222240948]]]},"properties":{"LOCALSCHOOL":"P4","PRECINCTID":"25PR50"}},{"type":"Feature","geometry":{"type":"Polygon","coordinates":[[[-111.6432080394308,40.233660586178438],[-111.6436318569003,40.233660697609402],[-111.64419045567777,40.233665667607369],[-111.64659815995174,40.233686283204591],[-111.64659562556355,40.233676036043384],[-111.6465955362503,40.233676035254895],[-111.64655853600681,40.233131034620861],[-111.64655753604409,40.232688033729943],[-111.64657253643638,40.232257034623281],[-111.64657153757098,40.231814033617034],[-111.64658853714916,40.230920034073002],[-111.64653953467035,40.229652033674554],[-111.64543154648624,40.228320853285105],[-111.6454315205681,40.228320821794462],[-111.64542753635965,40.228316034371538],[-111.64517653447963,40.22797603419118],[-111.64491553685865,40.227620033095747],[-111.64466653481279,40.227282034131733],[-111.64450343091512,40.227060800977164],[-111.64447853589303,40.227027033790534],[-111.64375767835585,40.226080542948864],[-111.64375756288678,40.226080391780883],[-111.64374053459797,40.22605803325456],[-111.64304153512461,40.22512403264416],[-111.64294844852203,40.225244471695724],[-111.64266435991475,40.225613185966139],[-111.64265191407931,40.225631213404718],[-111.64264093347823,40.225649239951444],[-111.64263068959984,40.225667263795188],[-111.64262191800111,40.225687542882994],[-111.64261498410507,40.225707814320145],[-111.64260915119546,40.22572808621252],[-111.64260515482945,40.225748356760803],[-111.64260262487211,40.225768622814854],[-111.64260120060484,40.225788889318856],[-111.64260124158103,40.225809154932833],[-111.64262536306406,40.226706463467067],[-111.64263195644006,40.226951719315693],[-111.64264064498288,40.227274924342581],[-111.64262756033388,40.227275222240948],[-111.64264727322683,40.227287832544754],[-111.6426726194322,40.227991077636084],[-111.64268774515259,40.228373504497718],[-111.64270190356875,40.228731467995644],[-111.64272844252858,40.229600151768118],[-111.64273059763629,40.229670707356753],[-111.6427350023535,40.229799068740363],[-111.64278425498976,40.231234456071427],[-111.64279291411356,40.231449843350617],[-111.64280422814797,40.231593714489819],[-111.64282425339786,40.231737028263915],[-111.64285294343838,40.231879473098815],[-111.64288172369491,40.231991285649627],[-111.64291584431675,40.232102212611274],[-111.64295526036011,40.232212103624938],[-111.64297358717562,40.232255832265778],[-111.6429840487373,40.232293857688788],[-111.64308532898288,40.232548090972074],[-111.64312022151128,40.232660340872009],[-111.64312610279038,40.232681037901429],[-111.64315467813475,40.232791703177227],[-111.643178609598,40.232903014505155],[-111.64319787223576,40.233014854833471],[-111.64321093845328,40.233203218738396],[-111.6432080394308,40.233660586178438]]]},"properties":{"LOCALSCHOOL":"P4","PRECINCTID":"25PR51"}},{"type":"Feature","geometry":{"type":"Polygon","coordinates":[[[-111.64828644589652,40.228335164624603],[-111.64967196294887,40.228344228911709],[-111.65001417368248,40.228346465348331],[-111.65172940680431,40.228351002722555],[-111.65347438589356,40.228357726507475],[-111.65518300982603,40.228362221811658],[-111.65518808513856,40.227035999306651],[-111.65519148220174,40.226179501413533],[-111.65519322886108,40.225739046627275],[-111.65519682210028,40.225739064364816],[-111.65411785635165,40.225722757739291],[-111.64709187510653,40.225656585654555],[-111.64632661679745,40.226059219710187],[-111.64375913197284,40.226080597899461],[-111.64375779233832,40.226080545510413],[-111.64375767835585,40.226080542948864],[-111.64447853589303,40.227027033790534],[-111.64450343091512,40.227060800977164],[-111.64466653481279,40.227282034131733],[-111.64491553685865,40.227620033095747],[-111.64517653447963,40.22797603419118],[-111.64542753635965,40.228316034371538],[-111.6454315205681,40.228320821794462],[-111.64543154648624,40.228320853285105],[-111.64543165693966,40.228320852246775],[-111.64586729393277,40.228319157490141],[-111.64828644589652,40.228335164624603]]]},"properties":{"LOCALSCHOOL":"P4","PRECINCTID":"25PR52"}},{"type":"Feature","geometry":{"type":"Polygon","coordinates":[[[-111.65706953869881,40.233784033120621],[-111.6572440913708,40.233784033138406],[-111.65767753869305,40.233784032852917],[-111.65849053843721,40.233784033106616],[-111.65849062416071,40.233784005970563],[-111.65869753941074,40.233719032591168],[-111.65869761923538,40.233718995555776],[-111.65869779448066,40.233719059263969],[-111.65869782172305,40.233718644025238],[-111.65870127894752,40.233673433681567],[-111.65870281535877,40.23365333979514],[-111.65869240466272,40.232329392702653],[-111.65869927915746,40.231016677075743],[-111.65870614010998,40.229697209647306],[-111.6587129950714,40.22837323753599],[-111.65871983397173,40.227047009689237],[-111.65872398075443,40.226176602682067],[-111.65872385936824,40.225744527358437],[-111.65810886039066,40.225749028826954],[-111.65690986866575,40.225745761146186],[-111.65626177123563,40.225744378266953],[-111.65589012586227,40.225742524629631],[-111.65519682210028,40.225739064364816],[-111.65519322886108,40.225739046627275],[-111.65519148220174,40.226179501413533],[-111.65518808513856,40.227035999306651],[-111.65518300982603,40.228362221811658],[-111.65347438589356,40.228357726507475],[-111.65172940680431,40.228351002722555],[-111.65001417368248,40.228346465348331],[-111.64967196294887,40.228344228911709],[-111.64828644589652,40.228335164624603],[-111.64586729393277,40.228319157490141],[-111.64543165693966,40.228320852246775],[-111.64543154648624,40.228320853285105],[-111.64653953467035,40.229652033674554],[-111.64658853714916,40.230920034073002],[-111.64657153757098,40.231814033617034],[-111.64657253643638,40.232257034623281],[-111.64655753604409,40.232688033729943],[-111.64655853600681,40.233131034620861],[-111.6465955362503,40.233676035254895],[-111.64659562556355,40.233676036043384],[-111.64827553643812,40.233685034178976],[-111.64998953808686,40.233685033438377],[-111.65095053578837,40.233691172576471],[-111.65171253760002,40.233696034246314],[-111.65344053743451,40.233712034097394],[-111.65516353841723,40.233708033094096],[-111.65687453884681,40.233719033088605],[-111.65706953869881,40.233784033120621]]]},"properties":{"LOCALSCHOOL":"P4","PRECINCTID":"25PR53"}},{"type":"Feature","geometry":{"type":"Polygon","coordinates":[[[-111.66583054167464,40.233803032653185],[-111.66726739750102,40.233819031260197],[-111.66726754087378,40.233819032856033],[-111.6674913645201,40.233756079436297],[-111.66749156181319,40.23375602511387],[-111.66749161701881,40.233756014226785],[-111.66746864910786,40.233476721797238],[-111.66749143133119,40.233181724723252],[-111.6674974890166,40.23235536530138],[-111.66750860507217,40.231042643742761],[-111.66752005864885,40.22971866569916],[-111.66753116834029,40.228403690589509],[-111.66753918705585,40.227441570389487],[-111.66754224107441,40.227075208783482],[-111.66753685763518,40.226674425358418],[-111.66747940157656,40.22585265430817],[-111.66229264096323,40.225785681732248],[-111.6605263824905,40.225761105138865],[-111.65967627301426,40.225735249991082],[-111.65940055731303,40.225739570916744],[-111.65872385936824,40.225744527358437],[-111.65872398075443,40.226176602682067],[-111.65871983397173,40.227047009689237],[-111.6587129950714,40.22837323753599],[-111.65870614010998,40.229697209647306],[-111.65869927915746,40.231016677075743],[-111.65869240466272,40.232329392702653],[-111.65870281535877,40.23365333979514],[-111.65870127894752,40.233673433681567],[-111.65869782172305,40.233718644025238],[-111.65869779448066,40.233719059263969],[-111.65869761923538,40.233718995555776],[-111.65869753941074,40.233719032591168],[-111.6586977899302,40.233719124117243],[-111.65874240815212,40.233735370683796],[-111.65888153914244,40.233786033200062],[-111.65896755731784,40.233786215982811],[-111.66029453966293,40.233789032997642],[-111.66029462421268,40.233789006762521],[-111.660502538996,40.233725033037423],[-111.66069853886295,40.233788033387647],[-111.66201454115378,40.233791034200635],[-111.66223154056237,40.233727032172027],[-111.66241654027537,40.233792032673975],[-111.66374553997149,40.23379503370645],[-111.66374562569503,40.233795007467172],[-111.66394754060873,40.233734034296894],[-111.66412754029389,40.233794033275402],[-111.66549754042795,40.233802032777639],[-111.66549762496919,40.233802003836821],[-111.66558559268965,40.233771014532195],[-111.6655865484524,40.233770678132657],[-111.66567354037045,40.233740032394572],[-111.66583054167464,40.233803032653185]]]},"properties":{"LOCALSCHOOL":"P5","PRECINCTID":"25PR54"}},{"type":"Feature","geometry":{"type":"Polygon","coordinates":[[[-111.66749161701881,40.233756014226785],[-111.66929553922505,40.233756038579997],[-111.6710275255429,40.233764033827143],[-111.67273553381223,40.23377502723482],[-111.67418132161139,40.233782528895041],[-111.67447055206843,40.23378402696882],[-111.6744777698393,40.233784016178326],[-111.67566755802487,40.233782013397857],[-111.67623955599025,40.233781015017271],[-111.67645728394038,40.233781031871018],[-111.67645863762026,40.233780993798085],[-111.6766090265715,40.233776788122469],[-111.67689352853233,40.233768831373588],[-111.67704459040199,40.233756283153745],[-111.67728834815532,40.23369004193362],[-111.677288518433,40.233689995741592],[-111.67746758881583,40.23364619133298],[-111.67753050185986,40.233630801630191],[-111.67757453040386,40.233620031265865],[-111.67757462551609,40.233620002300178],[-111.67757591950861,40.233619606745158],[-111.67773695930572,40.233570410115682],[-111.67782649830163,40.233543056832289],[-111.67782662742047,40.233542999894333],[-111.6780235282577,40.233455998176311],[-111.67833648857616,40.233289069450521],[-111.67910248166123,40.232759662325492],[-111.67911488867951,40.232751087061843],[-111.67949552821838,40.232488007239617],[-111.67967958606889,40.232368002628334],[-111.67681153288648,40.229442990558951],[-111.67680686640384,40.229438341238605],[-111.67450462083397,40.227144594150509],[-111.67450455250766,40.227144525802814],[-111.67450448712381,40.22579299078344],[-111.67450462107068,40.225792988781819],[-111.6745046833441,40.225792987788047],[-111.67450438918051,40.225792827010373],[-111.67409862712462,40.225786678166656],[-111.67174638355783,40.225783408059435],[-111.67106731456177,40.225792541162598],[-111.66910050746966,40.225844128889079],[-111.66899103479766,40.225844705380879],[-111.66884237812519,40.225845487981019],[-111.66819751062035,40.22584888075432],[-111.66747940157656,40.22585265430817],[-111.66753685763518,40.226674425358418],[-111.66754224107441,40.227075208783482],[-111.66753918705585,40.227441570389487],[-111.66753116834029,40.228403690589509],[-111.66752005864885,40.22971866569916],[-111.66750860507217,40.231042643742761],[-111.6674974890166,40.23235536530138],[-111.66749143133119,40.233181724723252],[-111.66746864910786,40.233476721797238],[-111.66749161701881,40.233756014226785]]]},"properties":{"LOCALSCHOOL":"P5","PRECINCTID":"25PR55"}},{"type":"Feature","geometry":{"type":"Polygon","coordinates":[[[-111.69476594805064,40.233879986494571],[-111.69476991687461,40.233727063058168],[-111.69481056557042,40.233429780835309],[-111.69490245401298,40.233069366244315],[-111.69490795198693,40.232936508612887],[-111.6949369985667,40.230108401407371],[-111.69494940107805,40.228917264711036],[-111.69495666853324,40.228244009199905],[-111.69496298094211,40.22762254831342],[-111.69497474943161,40.226467434480981],[-111.6949801210324,40.22577391866777],[-111.69302668472911,40.225783921237493],[-111.68949683375892,40.225776199622615],[-111.68836421664668,40.225780443549262],[-111.68742990627233,40.22578393662419],[-111.68738108831266,40.225784118600657],[-111.68736149271017,40.225902850349293],[-111.68736334500579,40.226010511005235],[-111.68736344577282,40.226067591776996],[-111.68737197748183,40.226124296946566],[-111.68738883122799,40.226179895353653],[-111.68741379123206,40.226233675822328],[-111.68743870917841,40.226307731038865],[-111.68745494756294,40.226383190805805],[-111.68746237664529,40.226459457298972],[-111.68745566753746,40.227764723093983],[-111.68745504881409,40.228791593893561],[-111.68745863328523,40.228849366130696],[-111.68745203881652,40.228943922204188],[-111.68742515098953,40.2291356826575],[-111.68741854209009,40.229224987018611],[-111.68741609199336,40.229582162315083],[-111.68741664481797,40.229784383007761],[-111.68741975969795,40.230829635888362],[-111.68741210511568,40.23121952668113],[-111.68742383083867,40.232016589722186],[-111.68742453273497,40.232157268254412],[-111.68744329004454,40.232820392366314],[-111.68744356991049,40.233235624528149],[-111.68744401107456,40.233889921707473],[-111.68744405475462,40.233889994590356],[-111.68744405486052,40.233890033318353],[-111.68923654599085,40.233896030958057],[-111.69077754578582,40.233894030952484],[-111.69173254699368,40.233885031012171],[-111.69476554627434,40.233880031297154],[-111.69476594815556,40.23388002342125],[-111.69476594805064,40.233879986494571]]]},"properties":{"LOCALSCHOOL":"P5","PRECINCTID":"25PR56"}},{"type":"Feature","geometry":{"type":"Polygon","coordinates":[[[-111.73190986280828,40.23742616461977],[-111.73256895852293,40.237442514058301],[-111.73256897967156,40.237448747449172],[-111.73257458017844,40.239108071968197],[-111.73257469926689,40.239143516989486],[-111.73561267901327,40.239529164333383],[-111.73592279498061,40.239568526050775],[-111.73612540593462,40.239594242512652],[-111.73612649234438,40.239594379916163],[-111.73711819498688,40.239720247021729],[-111.73785376165533,40.240243087927468],[-111.73867139354306,40.240824244841889],[-111.73982958831984,40.2403597972528],[-111.74036176215077,40.239258199947358],[-111.74033614735318,40.238075916243091],[-111.74073923634067,40.237494770008283],[-111.7408266857434,40.237368689708234],[-111.7409753730425,40.236990566931397],[-111.7406500990883,40.236980490558061],[-111.74062260085563,40.23697963849316],[-111.74062247156752,40.2369796342564],[-111.74048231239796,40.23697529196842],[-111.73993510547081,40.236929843516691],[-111.73976876488901,40.236916028862566],[-111.73973039371117,40.236912841909266],[-111.73913187032896,40.236863127810786],[-111.73912998167451,40.236863101058226],[-111.73912933175077,40.236863091582023],[-111.73812903588683,40.236848838550308],[-111.73809224885426,40.236848314666652],[-111.73806924535288,40.2368479869194],[-111.73998639991564,40.23626856423067],[-111.73806173686746,40.23467411873024],[-111.73807689317552,40.234666032347114],[-111.73807702220887,40.234665964534692],[-111.73807705505401,40.234665947355268],[-111.73911399473093,40.234112778203496],[-111.73914466227752,40.234096420697078],[-111.74005721636155,40.232687944604024],[-111.73954714347265,40.231461553598386],[-111.73904762612939,40.230260496336264],[-111.73899742011768,40.230217003764004],[-111.73720687546225,40.22866586328734],[-111.73606671158625,40.227680786273801],[-111.73606512878281,40.227679418674782],[-111.73469671238952,40.226497083462341],[-111.73394086643839,40.225789080843469],[-111.73291910824589,40.224831968833442],[-111.7317679681981,40.223753615786855],[-111.73170581057265,40.223507870239573],[-111.73170580589742,40.223506486837174],[-111.7316236878312,40.199064324844322],[-111.73161106527144,40.195305880215621],[-111.73121283600054,40.195306674808727],[-111.73121276435975,40.19530667585137],[-111.73121267392409,40.19530667603064],[-111.66073760033161,40.195425862607827],[-111.66128057750656,40.195898985884128],[-111.66226956921348,40.196864005173076],[-111.6635975832977,40.197844999580816],[-111.66488057888142,40.198772003380171],[-111.66562354897457,40.199271989915431],[-111.6663615661496,40.199877048306767],[-111.66707149487598,40.200408026605018],[-111.67100854649344,40.202392020898429],[-111.67505151605845,40.204512027962643],[-111.67509156078634,40.205634992664379],[-111.67515754459167,40.207489009389384],[-111.67567650706761,40.207885004649007],[-111.67567748310653,40.207995003657985],[-111.67648749320215,40.209913053963234],[-111.67650656615119,40.210153042225215],[-111.67651754274458,40.210288028371217],[-111.67671955387637,40.210596049353342],[-111.676893564289,40.211125052578474],[-111.67726853986069,40.211632067787221],[-111.67732652825734,40.211897054839611],[-111.67744257286139,40.212138998429388],[-111.67744351143345,40.212316028093461],[-111.67755857099502,40.212624013950105],[-111.67753053290487,40.212734993637881],[-111.67753073586903,40.212735794916604],[-111.67757902260864,40.212926471347792],[-111.67757903448017,40.21292651906473],[-111.67759027488576,40.212936478567983],[-111.67766673586755,40.21300422509691],[-111.67767610717301,40.212335879515791],[-111.67767306527233,40.211161842623959],[-111.67773547564708,40.210411593565432],[-111.68146392213372,40.211083013847407],[-111.68562376214113,40.211831964343304],[-111.68597499286228,40.211907389221217],[-111.68639453125581,40.212031376527278],[-111.68679486859565,40.212188304103094],[-111.68717161867697,40.212376453513919],[-111.6875206538372,40.212593762801113],[-111.6878381508254,40.212837851613749],[-111.68797719146706,40.212969860828792],[-111.68799729214039,40.21297324464571],[-111.68806986812176,40.213044524823431],[-111.68991224765438,40.214992149544862],[-111.69005787873991,40.21514219560774],[-111.69022997416073,40.21530850478328],[-111.69039741687823,40.215458314899841],[-111.69055997031589,40.215593638439451],[-111.69074083490077,40.215733801681473],[-111.69099362174715,40.215913499367744],[-111.69102218948531,40.215932941973648],[-111.6910182441418,40.216209529289877],[-111.69099818663081,40.2176156004099],[-111.69099729802562,40.217677881547289],[-111.69098873854954,40.218277931769826],[-111.69096569157635,40.219893501932667],[-111.69094701123917,40.221202939461229],[-111.69094734380424,40.221205491382491],[-111.69097130291674,40.221389324254083],[-111.69104551145881,40.221958714140008],[-111.69110580894322,40.222446058719626],[-111.69110574080086,40.222446060632556],[-111.69110555750284,40.222446059131428],[-111.69037383119658,40.222437712769235],[-111.69037281601042,40.222437705418933],[-111.69037281593789,40.222437679299958],[-111.68946317439979,40.222426989239764],[-111.68946316825595,40.22242731708922],[-111.68943022838394,40.222426940955224],[-111.6894302423073,40.222423900311504],[-111.68943024928487,40.222423874181068],[-111.68838990097775,40.222403819283493],[-111.68838980788355,40.222409279221942],[-111.68838975026551,40.222412683801764],[-111.68838971095572,40.222415054396869],[-111.68838696967748,40.22241501919364],[-111.68837844028835,40.222679175198529],[-111.68837547080537,40.22277099395037],[-111.68836491846,40.223097320191052],[-111.68832565288552,40.224311611354764],[-111.68825345041138,40.224311906190593],[-111.68818622233719,40.225113811267825],[-111.68803076615804,40.225119621623882],[-111.68785812254359,40.225126073691975],[-111.68785661138193,40.22539319932234],[-111.68736041939894,40.225394006974334],[-111.68735989440169,40.225687332004014],[-111.68742990627233,40.22578393662419],[-111.68836421664668,40.225780443549262],[-111.68949683375892,40.225776199622615],[-111.69302668472911,40.225783921237493],[-111.6949801210324,40.22577391866777],[-111.69497474943161,40.226467434480981],[-111.69496298094211,40.22762254831342],[-111.69495666853324,40.228244009199905],[-111.69494940107805,40.228917264711036],[-111.6949369985667,40.230108401407371],[-111.69490795198693,40.232936508612887],[-111.69490245401298,40.233069366244315],[-111.69481056557042,40.233429780835309],[-111.69476991687461,40.233727063058168],[-111.69476594805064,40.233879986494571],[-111.69476594815556,40.23388002342125],[-111.69617654654343,40.233853030590282],[-111.69821354776364,40.233850030940147],[-111.70024554683856,40.233848031064845],[-111.70084154788633,40.233847030332555],[-111.70250354901987,40.233847029612932],[-111.70342054931459,40.233847029925712],[-111.70422454941247,40.233844029806576],[-111.7046885495778,40.233850030382605],[-111.70570754753818,40.233848030676803],[-111.70696854910388,40.233848030323138],[-111.70810954902068,40.233842029380909],[-111.71038455011545,40.233833030146172],[-111.71128855025263,40.233829030087584],[-111.71182055096168,40.233828029693719],[-111.71272964712502,40.233828030649072],[-111.71300555147977,40.233828029072917],[-111.71664055106578,40.233821029111006],[-111.71766074267202,40.233843502609929],[-111.71845655234004,40.233861027617628],[-111.71900655122482,40.233905028678983],[-111.72001655225777,40.234054028406781],[-111.72123855163491,40.234245028673847],[-111.72155155266863,40.234278029353646],[-111.72174355222432,40.234294028720356],[-111.72194855274573,40.234314028977344],[-111.72326755211819,40.234379028934747],[-111.72405955299818,40.234429028593325],[-111.72442155283969,40.234428027723055],[-111.72593055196715,40.234504028970221],[-111.7264045541235,40.234555027785341],[-111.72659655276057,40.234584029141949],[-111.72674155410623,40.234624029339521],[-111.72690655250592,40.234685028892535],[-111.7270525541083,40.234748027699858],[-111.7275805549442,40.234974028423942],[-111.72814655456875,40.235227028879862],[-111.72954555418274,40.235839028001422],[-111.72984955322279,40.235972029299653],[-111.73155155464333,40.236718028099773],[-111.73156229605161,40.236722209245372],[-111.73183155542277,40.236827028837595],[-111.7318193523522,40.236837887957861],[-111.73106487860922,40.237509225550781],[-111.73075710196233,40.237783082356067],[-111.73061591474043,40.237908708249776],[-111.73097258082962,40.238063926114485],[-111.73114880301384,40.238140614745454],[-111.73114914431137,40.238140757273605],[-111.73173241118086,40.237947767496088],[-111.73173064227419,40.237422080370038],[-111.73173064214023,40.237422040741492],[-111.73173064105022,40.237421718309214],[-111.73190986280828,40.23742616461977]]]},"properties":{"LOCALSCHOOL":"P5","PRECINCTID":"25PR57"}},{"type":"Feature","geometry":{"type":"Polygon","coordinates":[[[-111.6843198774671,40.233831365440047],[-111.68435021227033,40.233831993918486],[-111.68444854418793,40.233834031645131],[-111.68462454389919,40.233838030562382],[-111.68463031785066,40.233838183545949],[-111.68498873887619,40.23384766817717],[-111.68498987650716,40.233847697896813],[-111.68513087812508,40.233847032089351],[-111.68523254496054,40.233852032423499],[-111.6854075450438,40.23384703060244],[-111.68564654587919,40.233870030762034],[-111.68588554462183,40.233877031203455],[-111.68589154302596,40.233877181065161],[-111.68610466386086,40.233882509228458],[-111.68610554528793,40.233882531239914],[-111.68610624437584,40.23388248329104],[-111.68632964028473,40.23386729665468],[-111.68633354460657,40.23386703103246],[-111.68744354601257,40.233890031433653],[-111.68744405486052,40.233890033318353],[-111.68744405475462,40.233889994590356],[-111.68744401107456,40.233889921707473],[-111.68744356991049,40.233235624528149],[-111.68744329004454,40.232820392366314],[-111.68742453273497,40.232157268254412],[-111.68742383083867,40.232016589722186],[-111.68741210511568,40.23121952668113],[-111.68741975969795,40.230829635888362],[-111.68741664481797,40.229784383007761],[-111.68741609199336,40.229582162315083],[-111.68741854209009,40.229224987018611],[-111.68742515098953,40.2291356826575],[-111.68745203881652,40.228943922204188],[-111.68745863328523,40.228849366130696],[-111.68745504881409,40.228791593893561],[-111.68745566753746,40.227764723093983],[-111.68746237664529,40.226459457298972],[-111.68745494756294,40.226383190805805],[-111.68743870917841,40.226307731038865],[-111.68741379123206,40.226233675822328],[-111.68738883122799,40.226179895353653],[-111.68737197748183,40.226124296946566],[-111.68736344577282,40.226067591776996],[-111.68736334500579,40.226010511005235],[-111.68736149271017,40.225902850349293],[-111.68738108831266,40.225784118600657],[-111.68742990627233,40.22578393662419],[-111.68735989440169,40.225687332004014],[-111.68736041939894,40.225394006974334],[-111.68785661138193,40.22539319932234],[-111.68785812254359,40.225126073691975],[-111.68803076615804,40.225119621623882],[-111.68818622233719,40.225113811267825],[-111.68825345041138,40.224311906190593],[-111.68832565288552,40.224311611354764],[-111.68836491846,40.223097320191052],[-111.68837547080537,40.22277099395037],[-111.68837844028835,40.222679175198529],[-111.68838696967748,40.22241501919364],[-111.68838971095572,40.222415054396869],[-111.68838975026551,40.222412683801764],[-111.68838980788355,40.222409279221942],[-111.68838990097775,40.222403819283493],[-111.68943024928487,40.222423874181068],[-111.6894302423073,40.222423900311504],[-111.68943022838394,40.222426940955224],[-111.68946316825595,40.22242731708922],[-111.68946317439979,40.222426989239764],[-111.69037281593789,40.222437679299958],[-111.69037281601042,40.222437705418933],[-111.69037383119658,40.222437712769235],[-111.69110555750284,40.222446059131428],[-111.69110574080086,40.222446060632556],[-111.69110580894322,40.222446058719626],[-111.69104551145881,40.221958714140008],[-111.69097130291674,40.221389324254083],[-111.69094734380424,40.221205491382491],[-111.69094701123917,40.221202939461229],[-111.69096569157635,40.219893501932667],[-111.69098873854954,40.218277931769826],[-111.69099729802562,40.217677881547289],[-111.69099818663081,40.2176156004099],[-111.6910182441418,40.216209529289877],[-111.69102218948531,40.215932941973648],[-111.69099362174715,40.215913499367744],[-111.69074083490077,40.215733801681473],[-111.69055997031589,40.215593638439451],[-111.69039741687823,40.215458314899841],[-111.69022997416073,40.21530850478328],[-111.69005787873991,40.21514219560774],[-111.68991224765438,40.214992149544862],[-111.68806986812176,40.213044524823431],[-111.68799729214039,40.21297324464571],[-111.68797719146706,40.212969860828792],[-111.6878381508254,40.212837851613749],[-111.6875206538372,40.212593762801113],[-111.68717161867697,40.212376453513919],[-111.68679486859565,40.212188304103094],[-111.68639453125581,40.212031376527278],[-111.68597499286228,40.211907389221217],[-111.68562376214113,40.211831964343304],[-111.68146392213372,40.211083013847407],[-111.67773547564708,40.210411593565432],[-111.67767306527233,40.211161842623959],[-111.67767610717301,40.212335879515791],[-111.67766673586755,40.21300422509691],[-111.67768249865041,40.213893068763554],[-111.67770448312223,40.214117993996723],[-111.67770454657143,40.21518605291471],[-111.67770454099647,40.216023023143386],[-111.67772151682192,40.218470046427583],[-111.67771050286781,40.220230989223971],[-111.67772159822678,40.222052073993993],[-111.6777225634676,40.222550016446242],[-111.67772156043208,40.223381043867874],[-111.67772052901488,40.224280004100805],[-111.67771957225703,40.225787993561639],[-111.67703255243345,40.225787059113202],[-111.67675250925376,40.225792030143666],[-111.6757368756144,40.225788724866888],[-111.67532999542547,40.225787397800282],[-111.67526563918918,40.225787188254564],[-111.67525147071166,40.225787141984767],[-111.67520762104846,40.225786998878853],[-111.6752075399726,40.22578699900059],[-111.6747035770501,40.225791017667703],[-111.67454205382873,40.225792616667327],[-111.67454081421988,40.225792630230004],[-111.67454047699805,40.225792633436349],[-111.67452608339659,40.225792775652479],[-111.67451958453978,40.225792840312131],[-111.6745046833441,40.225792987788047],[-111.67450462107068,40.225792988781819],[-111.67450448712381,40.22579299078344],[-111.67450455250766,40.227144525802814],[-111.67450462083397,40.227144594150509],[-111.67680686640384,40.229438341238605],[-111.67681153288648,40.229442990558951],[-111.67967958606889,40.232368002628334],[-111.67949552821838,40.232488007239617],[-111.67911488867951,40.232751087061843],[-111.67910248166123,40.232759662325492],[-111.67833648857616,40.233289069450521],[-111.6780235282577,40.233455998176311],[-111.67782662742047,40.233542999894333],[-111.67782649830163,40.233543056832289],[-111.67773695930572,40.233570410115682],[-111.67757591950861,40.233619606745158],[-111.67757462551609,40.233620002300178],[-111.67757453040386,40.233620031265865],[-111.67753050185986,40.233630801630191],[-111.67746758881583,40.23364619133298],[-111.677288518433,40.233689995741592],[-111.67728834815532,40.23369004193362],[-111.67704459040199,40.233756283153745],[-111.67733944697987,40.233771675293134],[-111.67749881826677,40.233779995537049],[-111.67749954343212,40.233780032261656],[-111.67828154381704,40.233779032126741],[-111.68052854427198,40.233781031411041],[-111.68081254443385,40.233783029827244],[-111.68106554404696,40.233785032421515],[-111.68131950061131,40.23378717078068],[-111.68154054272892,40.233789032853927],[-111.68154066376938,40.233789032665641],[-111.68210954327334,40.233793032416521],[-111.68230254394729,40.233794031641409],[-111.68253754437671,40.233795365655034],[-111.68390754494051,40.233820031817629],[-111.68407154356146,40.23382303093846],[-111.68416237715878,40.233826080459295],[-111.6843198774671,40.233831365440047]]]},"properties":{"LOCALSCHOOL":"P5","PRECINCTID":"25PR58"}},{"type":"Feature","geometry":{"type":"Polygon","coordinates":[[[-111.67675250925376,40.225792030143666],[-111.67703255243345,40.225787059113202],[-111.67771957225703,40.225787993561639],[-111.67772052901488,40.224280004100805],[-111.67772156043208,40.223381043867874],[-111.6777225634676,40.222550016446242],[-111.67772159822678,40.222052073993993],[-111.67771050286781,40.220230989223971],[-111.67772151682192,40.218470046427583],[-111.67770454099647,40.216023023143386],[-111.67770454657143,40.21518605291471],[-111.67770448312223,40.214117993996723],[-111.67768249865041,40.213893068763554],[-111.67766673586755,40.21300422509691],[-111.67759027488576,40.212936478567983],[-111.67578852810536,40.212929495388025],[-111.67394998918637,40.212936755263691],[-111.6730142008189,40.212940398383743],[-111.67141776223652,40.21294709696393],[-111.67053062922177,40.212950809883893],[-111.67002692114183,40.212944790092003],[-111.66962885230474,40.212949309018818],[-111.66888923826696,40.21295770077819],[-111.66858418626028,40.212969402018004],[-111.66855151766968,40.212968997087152],[-111.66774084756321,40.212958953119568],[-111.66744459700121,40.212955281572235],[-111.66743637913861,40.213497939137653],[-111.66744430044517,40.214337792932383],[-111.66743798860084,40.215209794370061],[-111.66743526515135,40.215585971247243],[-111.66743029998757,40.216271980739499],[-111.66746572492825,40.217246893215687],[-111.66745222883384,40.217740346593907],[-111.66744564302684,40.217981132729051],[-111.66828343923981,40.218656031966574],[-111.66911946789664,40.219307841067369],[-111.67095097474272,40.220769965582399],[-111.67095102341771,40.220770167258486],[-111.67141326631797,40.221140141380211],[-111.673916400492,40.223143519626021],[-111.67431198231851,40.223482928420097],[-111.67536269940453,40.22442704418188],[-111.67638341684342,40.225429145679158],[-111.67675250925376,40.225792030143666]]]},"properties":{"LOCALSCHOOL":"P5","PRECINCTID":"25PR59"}},{"type":"Feature","geometry":{"type":"Polygon","coordinates":[[[-111.65872385936824,40.225744527358437],[-111.65940055731303,40.225739570916744],[-111.65967627301426,40.225735249991082],[-111.6605263824905,40.225761105138865],[-111.66229264096323,40.225785681732248],[-111.66747940157656,40.22585265430817],[-111.66819751062035,40.22584888075432],[-111.66884237812519,40.225845487981019],[-111.66899103479766,40.225844705380879],[-111.66910050746966,40.225844128889079],[-111.67106731456177,40.225792541162598],[-111.67174638355783,40.225783408059435],[-111.67409862712462,40.225786678166656],[-111.67450438918051,40.225792827010373],[-111.6745046833441,40.225792987788047],[-111.67451958453978,40.225792840312131],[-111.67452608339659,40.225792775652479],[-111.67454047699805,40.225792633436349],[-111.67454081421988,40.225792630230004],[-111.67454205382873,40.225792616667327],[-111.6747035770501,40.225791017667703],[-111.6752075399726,40.22578699900059],[-111.67520762104846,40.225786998878853],[-111.67525147071166,40.225787141984767],[-111.67526563918918,40.225787188254564],[-111.67532999542547,40.225787397800282],[-111.6757368756144,40.225788724866888],[-111.67675250925376,40.225792030143666],[-111.67638341684342,40.225429145679158],[-111.67536269940453,40.22442704418188],[-111.67431198231851,40.223482928420097],[-111.673916400492,40.223143519626021],[-111.67141326631797,40.221140141380211],[-111.67095102341771,40.220770167258486],[-111.67095097474272,40.220769965582399],[-111.66911946789664,40.219307841067369],[-111.66828343923981,40.218656031966574],[-111.66744564302684,40.217981132729051],[-111.66715857690311,40.217749878726011],[-111.66713612547754,40.217749610068779],[-111.66681462111119,40.217486499597698],[-111.66638448459824,40.217099830491307],[-111.66599806459232,40.216719852516619],[-111.66568331768534,40.216373546183796],[-111.66502568946112,40.215579647417862],[-111.66401149488406,40.214353517524877],[-111.66331982915214,40.213517285042293],[-111.66278778332271,40.212867301903145],[-111.66263272574997,40.212655864873881],[-111.66254486778141,40.212558240489265],[-111.6623617407845,40.212325248862662],[-111.66171472525393,40.211484027581157],[-111.66146210686169,40.211171634001133],[-111.66082994768963,40.21038987292566],[-111.66020518635959,40.20961724071671],[-111.66008299564518,40.209482312045559],[-111.6598047043248,40.209145270936105],[-111.65903790235409,40.20821656743454],[-111.6589432871024,40.208101972879554],[-111.65891120725917,40.208063118832349],[-111.65883849078116,40.207973616495678],[-111.65820952617328,40.207199437815717],[-111.65677382622484,40.2054338269919],[-111.65776540032735,40.206905072701822],[-111.65843236517286,40.207928546656767],[-111.65864128081451,40.208249125948896],[-111.65884502285893,40.208545479602314],[-111.65896279741976,40.208881695309046],[-111.65898743689519,40.208973223813857],[-111.65902917981792,40.209128281424391],[-111.65902575937926,40.209241919753552],[-111.65903319547429,40.209983537016932],[-111.65903655910951,40.210319017665583],[-111.65906320033817,40.212976015185419],[-111.65905417832022,40.2131742374794],[-111.65902164461561,40.213889067832447],[-111.65899116373647,40.214558763189835],[-111.65898879496443,40.21461081282046],[-111.65898808569723,40.214671251631877],[-111.65895292155697,40.217666349016355],[-111.65897537891803,40.220859148836176],[-111.65897504771185,40.220874911698225],[-111.65897399091801,40.22089292629245],[-111.65897328725865,40.220908689661798],[-111.65897296361588,40.220926701455625],[-111.65897155355418,40.220951471463614],[-111.65896977574229,40.220976243773734],[-111.65896872873422,40.221001014187358],[-111.65896730417694,40.221019026579874],[-111.65896587323192,40.221034790939406],[-111.65896517661885,40.221050554298493],[-111.65896374619332,40.221068570301334],[-111.65896194631554,40.221084334262592],[-111.65896088716096,40.221102347057439],[-111.65895945973553,40.221118110511128],[-111.65895765515366,40.221133873577806],[-111.65895586284891,40.221151891874435],[-111.65895406531703,40.221167655831948],[-111.65895226947734,40.221185670530524],[-111.65895083852331,40.221201433988448],[-111.65894903864121,40.221217198849551],[-111.65894687504624,40.221235214949395],[-111.65894471092399,40.221250976703764],[-111.65885698847354,40.221739704690208],[-111.65874143667335,40.222262243251876],[-111.65871159723044,40.222694598443759],[-111.65868926762698,40.223358865264423],[-111.65869489136931,40.223721960194958],[-111.65871560021792,40.225058815638064],[-111.65872322922154,40.225565217421106],[-111.65872385936824,40.225744527358437]]]},"properties":{"LOCALSCHOOL":"P5","PRECINCTID":"25PR60"}},{"type":"Feature","geometry":{"type":"Polygon","coordinates":[[[-111.61831542342222,40.224749562442589],[-111.6183308014247,40.226542577889397],[-111.61834766333962,40.228316638404038],[-111.61836219127612,40.229845024277566],[-111.62116819325878,40.229840122605317],[-111.62630008459048,40.229830941865373],[-111.63520967931159,40.229820839428051],[-111.6352245523357,40.229820822195045],[-111.63523592758611,40.229689387238345],[-111.6352263500614,40.229249430137479],[-111.63523031048706,40.229091181339562],[-111.63523452143782,40.228922934070326],[-111.63523039708188,40.228134866348739],[-111.63523961077043,40.227407575441354],[-111.63623984342929,40.227397405418301],[-111.63831298657455,40.227358940418682],[-111.63950489430408,40.22734626252786],[-111.64262756033388,40.227275222240948],[-111.64264064498288,40.227274924342581],[-111.64263195644006,40.226951719315693],[-111.64262536306406,40.226706463467067],[-111.64260124158103,40.225809154932833],[-111.64260120060484,40.225788889318856],[-111.64260262487211,40.225768622814854],[-111.64260515482945,40.225748356760803],[-111.64260915119546,40.22572808621252],[-111.64261498410507,40.225707814320145],[-111.64262191800111,40.225687542882994],[-111.64263068959984,40.225667263795188],[-111.64264093347823,40.225649239951444],[-111.64265191407931,40.225631213404718],[-111.64266435991475,40.225613185966139],[-111.64294844852203,40.225244471695724],[-111.64304153512461,40.22512403264416],[-111.64187240224108,40.223562332701192],[-111.64187231623117,40.223562218422344],[-111.64168053442309,40.223306032656367],[-111.64162922751549,40.223238107061057],[-111.64160953399353,40.223212034431157],[-111.64081853443925,40.222164034375552],[-111.6408152228734,40.222159764754132],[-111.64076091370595,40.22208973484183],[-111.64075959902081,40.222090349775279],[-111.64075952273411,40.222090391297485],[-111.64073909428895,40.222101494021011],[-111.64070708108211,40.222116171909164],[-111.64067367623818,40.222128898841611],[-111.64063908404937,40.222139600717071],[-111.64060351234971,40.222148211536144],[-111.64056717605102,40.222154678800941],[-111.64053029479676,40.222158965319245],[-111.64049309060086,40.222161043803595],[-111.64017233332815,40.22215730365216],[-111.63866265765604,40.222139691057144],[-111.6371439396555,40.222115266895941],[-111.63668151177954,40.222115149299711],[-111.63600210663847,40.222115735997939],[-111.63518754620854,40.222119705159386],[-111.63505971052491,40.222114560933534],[-111.63493234036092,40.222104751526722],[-111.63480572365486,40.222090301826199],[-111.63468013660193,40.22207124033666],[-111.63460082690982,40.222060272682178],[-111.63452275407879,40.222044914646247],[-111.63444634244389,40.222025249503496],[-111.63437199758037,40.22200138126626],[-111.63431581646522,40.221979976987669],[-111.63426130616116,40.221956170508541],[-111.63401966003542,40.221837214818606],[-111.63381457593563,40.22197250371071],[-111.63366059205471,40.222060758146995],[-111.63359478822332,40.222094211852742],[-111.63352718122061,40.222125481689964],[-111.63346713751187,40.222150805706193],[-111.63340590958141,40.222174408989055],[-111.6333435843092,40.222196255411276],[-111.63328024389126,40.222216316956732],[-111.63321597874882,40.222234565600296],[-111.63315087460883,40.222250976024284],[-111.6330850219054,40.222265526508345],[-111.63301851224782,40.2222781953311],[-111.6329124167671,40.222294325404661],[-111.63280527330826,40.222305671384206],[-111.63237259835384,40.22233453822065],[-111.63229904097824,40.222338008112899],[-111.6321870541321,40.222338970839061],[-111.63207519708664,40.22233473381857],[-111.63200082656844,40.222329019544148],[-111.63167546671242,40.222297747974764],[-111.63162313736461,40.222294527722511],[-111.63157065933744,40.222293423257412],[-111.63151010703105,40.222294779457158],[-111.63148352037709,40.222296141489835],[-111.63148334180134,40.222296150697623],[-111.63145393552945,40.222297658204397],[-111.63125320918557,40.222307940895853],[-111.63123085102758,40.222311673146713],[-111.63120944105395,40.222317859517766],[-111.63118943254518,40.222326368904675],[-111.63117125166028,40.222337018896347],[-111.6311514672749,40.22235336554089],[-111.63113608920472,40.222372291214739],[-111.63112567307148,40.222393110795913],[-111.63112059929111,40.222415066405922],[-111.63112038133447,40.222431346924253],[-111.63113870676769,40.222648603486455],[-111.63080545075618,40.222665125415098],[-111.63068339657502,40.222671176786037],[-111.63067918473151,40.222671385952083],[-111.63049775937181,40.222680380301746],[-111.63016969002835,40.222696644230936],[-111.63016119985893,40.222621196676307],[-111.63016096562558,40.222545468812726],[-111.63016898948123,40.222469990224084],[-111.6301852160064,40.222395290556712],[-111.6302020177482,40.222341995254752],[-111.63022937738822,40.222275586311113],[-111.63036010107311,40.221908105609351],[-111.63039857005147,40.221799962170223],[-111.6305204975524,40.221457205997204],[-111.63053189628627,40.221419267476143],[-111.6305407998658,40.221380939058449],[-111.63054718967781,40.221342316235187],[-111.63054880941256,40.221326005323597],[-111.63055104593768,40.221303496299967],[-111.63055144829458,40.221230958723801],[-111.63054302389574,40.221158708423872],[-111.63051585093262,40.221019726885125],[-111.63045337560082,40.22070018050713],[-111.63033616841757,40.220729349578555],[-111.62968155859652,40.220917518327141],[-111.62968023986515,40.220917898068805],[-111.62968016823359,40.220917918863513],[-111.62914744718402,40.221071046806657],[-111.62876573743728,40.220330178185698],[-111.62838462459831,40.22008127455522],[-111.62838332320996,40.220082127108363],[-111.62838320820815,40.220082201989477],[-111.62796432377061,40.220356615084448],[-111.62789790119808,40.22008101739732],[-111.62777681423248,40.219578602993906],[-111.62775317682717,40.219539832151327],[-111.62762537007505,40.219330198954253],[-111.62762534911235,40.21932903622821],[-111.62762432709137,40.219279879452792],[-111.62760137630707,40.218154094937908],[-111.627594959902,40.217839480510698],[-111.62759496074669,40.217839303080169],[-111.62703020421269,40.217586953285128],[-111.62701563426762,40.217580442978395],[-111.627015453534,40.217580549452848],[-111.62612239592166,40.21758151821092],[-111.62612221851809,40.217580242170222],[-111.62610646227819,40.217581529128509],[-111.62600375487135,40.21758164999688],[-111.62571592969408,40.217581954165901],[-111.62452134549403,40.217583234260161],[-111.62437679964812,40.217583388432317],[-111.62297204111528,40.217584875615202],[-111.62290646672977,40.217584944708072],[-111.62286449672625,40.217584988910708],[-111.62286450782779,40.217591184525432],[-111.62261427621181,40.21759144775492],[-111.62253898561538,40.217591526851329],[-111.62122165744651,40.217592902006032],[-111.62086417630755,40.217593273758773],[-111.61824833261309,40.217565048936272],[-111.61824833386565,40.217565093967863],[-111.61826348134925,40.219129003244717],[-111.61829181390185,40.222053895581702],[-111.61829623087328,40.222921000108677],[-111.6182963818049,40.222950593728477],[-111.61829779821795,40.223084402832512],[-111.61831542342222,40.224749562442589]]]},"properties":{"LOCALSCHOOL":"P4","PRECINCTID":"25PR61"}},{"type":"Feature","geometry":{"type":"Polygon","coordinates":[[[-111.68317671492508,40.256426498984418],[-111.68201625221197,40.256432817260588],[-111.6804642865505,40.256478009209459],[-111.67979244513916,40.256499309498238],[-111.6789692408115,40.256516334812439],[-111.67745392760661,40.256529905140269],[-111.67632164025665,40.256541127979965],[-111.67616310445779,40.256542698468714],[-111.67599049536105,40.256585594599933],[-111.67588602163804,40.256623357722013],[-111.67566868912056,40.256757759082852],[-111.67538234396808,40.256940887033117],[-111.67536189307255,40.256959330609746],[-111.67530361866463,40.2570397685733],[-111.67530186074426,40.25707129390603],[-111.67529642464503,40.257100573140413],[-111.67529666890498,40.257195141750955],[-111.67528986244494,40.257262702396574],[-111.67522361982184,40.25808013918364],[-111.67517703481134,40.25868139163989],[-111.67514129173121,40.258782768155747],[-111.67506952456517,40.258875193104089],[-111.67482672883654,40.259006109439952],[-111.67482665370488,40.259006150982238],[-111.67565354648573,40.259895035287812],[-111.67575054647232,40.259999034794212],[-111.67691554717706,40.261251035032075],[-111.67692248973952,40.261258511592608],[-111.67692251096113,40.261258534977252],[-111.67711054546957,40.261461035116845],[-111.67727414814281,40.261641809704187],[-111.67744093618616,40.261826104345459],[-111.67744099277733,40.261826166404113],[-111.67744118495789,40.261826379565392],[-111.67745355276293,40.261840045200678],[-111.67745361996047,40.261840117150335],[-111.67745366711399,40.261840166614263],[-111.6774547234089,40.261841296221569],[-111.67745651768972,40.261843212773449],[-111.67745662732895,40.26184333059156],[-111.67745662936063,40.261843207199831],[-111.67746017928809,40.261639646544012],[-111.67746368693683,40.261465163335252],[-111.67746375252719,40.261461891184226],[-111.67746364587128,40.26139664936197],[-111.67746364532316,40.261396437710665],[-111.67768792521494,40.261245708316153],[-111.67768820217802,40.261245521460658],[-111.67768827024489,40.261245475424033],[-111.67768895091855,40.261245016859299],[-111.67769802439882,40.261251818247885],[-111.67772709888739,40.261273611087013],[-111.67793713639529,40.261429421074517],[-111.67796720089318,40.261451658164525],[-111.67798031436448,40.261461357959909],[-111.67846971195695,40.261201219076142],[-111.67861456452769,40.261124219181497],[-111.67861641475788,40.261123240049194],[-111.67885905829272,40.260994261548021],[-111.67903564303322,40.260792896146079],[-111.67903640140051,40.260792032162925],[-111.67915873120097,40.260652535964958],[-111.67923383315235,40.260594600928705],[-111.67952300653432,40.260371311227182],[-111.67952306050839,40.260371271515659],[-111.67952460488095,40.260371575361106],[-111.67975462642063,40.26041699685247],[-111.68008707016531,40.260482633500004],[-111.68013654915707,40.260492402147825],[-111.68029261168074,40.260523214681776],[-111.68029271165963,40.260523234341655],[-111.6802930045401,40.260523292431451],[-111.68029434874663,40.260527049658464],[-111.68030689902157,40.260562128511125],[-111.68032080892493,40.260601011398514],[-111.68032082550194,40.260601056405314],[-111.68032097946643,40.260601487577667],[-111.68032672949667,40.260601525530419],[-111.68032733494752,40.260601529098537],[-111.68033029279572,40.260601529933879],[-111.68045822070216,40.260602381526915],[-111.68045826187695,40.260602392271025],[-111.68057182825122,40.260603156958183],[-111.68062608844318,40.260603490926066],[-111.68062605178564,40.260603409924514],[-111.68058653499668,40.260521666000813],[-111.68054259459915,40.260442212321635],[-111.6805565786054,40.26045910869373],[-111.68057317527378,40.260473447118315],[-111.68059192334827,40.260484829100719],[-111.68061230178085,40.260492938311927],[-111.68063374421243,40.260497549380062],[-111.68065565471314,40.260498534153953],[-111.68065572524961,40.260498534044814],[-111.68107509573213,40.260501217678801],[-111.6813780835116,40.260515667499192],[-111.68425441012201,40.260534026552278],[-111.68425316750788,40.260340343338818],[-111.68425303150065,40.260319054944667],[-111.68426579764902,40.260321316137521],[-111.68493388212025,40.260439632552391],[-111.6849339656272,40.260439646830463],[-111.6849890967472,40.260451782425704],[-111.68504293975477,40.260468742484711],[-111.68509507335108,40.260490394302195],[-111.68509514515799,40.26049042931362],[-111.68527654017565,40.260576207482529],[-111.68535398355003,40.260632630820247],[-111.68535671807271,40.260632646293168],[-111.6853586590001,40.260632641410446],[-111.68536478157009,40.260632628988056],[-111.68536519773605,40.260632628327286],[-111.68536518537933,40.260626322012392],[-111.68536500553293,40.260626330403731],[-111.68535313092154,40.259841071813234],[-111.68535312660302,40.259840779109567],[-111.68532215889795,40.257848138063849],[-111.6853105148363,40.256753919042588],[-111.68536955429346,40.256562658127393],[-111.6853694919825,40.256562655524355],[-111.68535527876338,40.256562176103117],[-111.68534135701012,40.256559272617565],[-111.68532813705644,40.256554030645873],[-111.68531600855106,40.256546604691415],[-111.68530532897302,40.256537213628896],[-111.68529641309526,40.256526134253185],[-111.68528952370691,40.256513693120979],[-111.68528486386778,40.256500256925769],[-111.68528485786103,40.256500209200951],[-111.68505935225792,40.256492891551474],[-111.68430061152975,40.256468888954196],[-111.68428727150071,40.256468466893544],[-111.68317671492508,40.256426498984418]]]},"properties":{"LOCALSCHOOL":"P6","PRECINCTID":"25PR19"}},{"type":"Feature","geometry":{"type":"Polygon","coordinates":[[[-111.71720206767934,40.246696188232256],[-111.71718737359573,40.246691517772042],[-111.71701538269942,40.246513600402928],[-111.71698062408809,40.246477443492068],[-111.71694661062489,40.246440891600642],[-111.71691417216354,40.246403586528857],[-111.71686435374835,40.24634146474498],[-111.71681577913695,40.246274567171859],[-111.7167777649597,40.246220566219208],[-111.71674291746552,40.246162534358568],[-111.7167133501747,40.246106114758376],[-111.71668378313021,40.246050501233086],[-111.71665949625938,40.245991663470996],[-111.71664365718664,40.24595378081208],[-111.71663778902922,40.245939416392019],[-111.71663649161732,40.245924230199655],[-111.71663000359145,40.245849850161726],[-111.71662959103874,40.245849850026723],[-111.71533814776789,40.245849213445709],[-111.71368654476618,40.24584839836497],[-111.71368659455909,40.245848912546244],[-111.71368839763393,40.245867784214418],[-111.71373630520077,40.248089955193329],[-111.71422620385873,40.24808012088296],[-111.71423159170088,40.248306055667072],[-111.71424146698335,40.24872027780836],[-111.71423535175677,40.248779831100705],[-111.71422124119898,40.248838582173846],[-111.71419928612546,40.248895901192697],[-111.71416971968867,40.248951176182764],[-111.71413286091089,40.249003814825194],[-111.71408910178945,40.24905325528848],[-111.71403891200153,40.249098967120652],[-111.71398282835725,40.249140461176623],[-111.71392145011454,40.249177295030584],[-111.71385543427803,40.249209072985529],[-111.71378548740144,40.249235455995446],[-111.71376561683434,40.249241081827186],[-111.71371235853188,40.249256160778259],[-111.71367310423506,40.249265227442713],[-111.71362606719043,40.249276091626577],[-111.71356460467523,40.249219592750059],[-111.7134973141945,40.249167135814986],[-111.71342464938267,40.24911907303747],[-111.7133470966883,40.249075726852439],[-111.71326517536586,40.249037387212013],[-111.71317943512793,40.249004312490875],[-111.71311098161772,40.248973442465854],[-111.71303912773939,40.2489475033682],[-111.71296447597062,40.248926712950805],[-111.71288765451625,40.248911247491051],[-111.71278978062942,40.248894012751578],[-111.71269356448816,40.248871970834998],[-111.71259940604006,40.248845214684572],[-111.712507698237,40.248813856171331],[-111.71241375466973,40.248769154900764],[-111.71232385320063,40.248719815052432],[-111.71223838356185,40.248666050281912],[-111.7121577143799,40.248608092296806],[-111.71208219788582,40.248546193549963],[-111.71201215814408,40.248480621856736],[-111.71194790163437,40.248411661276265],[-111.71188970549449,40.2483396112316],[-111.71180094849903,40.24837770775158],[-111.71180430089694,40.248541301410469],[-111.71181104976965,40.24887056462547],[-111.71182384019599,40.249564489634402],[-111.71169356555751,40.249570636932006],[-111.70752685975717,40.249855895822229],[-111.70652077107471,40.249893031545405],[-111.706292561846,40.249899935960372],[-111.70589818394699,40.249912254241821],[-111.70579199482241,40.249912441492974],[-111.70568573593042,40.249889382068396],[-111.70556434428941,40.249877972097103],[-111.70545815639252,40.249878159042453],[-111.70511156730053,40.249868251644344],[-111.70392587497143,40.24983435158979],[-111.7037286681543,40.249834695930623],[-111.70357704046653,40.249858207160777],[-111.70338854251672,40.250004762717325],[-111.70324892133648,40.250072646581273],[-111.70311717854878,40.250129728572411],[-111.70296070214044,40.250186855220747],[-111.70276300309523,40.250244054167972],[-111.70262299759489,40.250294834585645],[-111.70223760557565,40.250474520745101],[-111.70236210362808,40.250645303435761],[-111.70244123469219,40.25083437492502],[-111.70247561782624,40.251075124947384],[-111.70244245174739,40.251247189610957],[-111.70236428168748,40.25138493553721],[-111.70234072562282,40.251457825483428],[-111.70210628318159,40.251445588279033],[-111.7018930621995,40.251463161459966],[-111.70166002382109,40.25152180212099],[-111.70128733790581,40.251610423568039],[-111.70110793970646,40.251679537049618],[-111.70094689900819,40.251786958439752],[-111.70085931156582,40.251702296734138],[-111.70077126628286,40.251751376924453],[-111.70047758852844,40.251914914659459],[-111.7003780250545,40.251965458972229],[-111.69553056852551,40.247270894695625],[-111.69553247155355,40.249227492249396],[-111.69557132773664,40.24976598033583],[-111.6955755406369,40.249808051681399],[-111.69557975353976,40.24985012212565],[-111.69559115572798,40.249963978598267],[-111.6955918357818,40.249968738298513],[-111.69559366003328,40.249981499263832],[-111.69560144162247,40.250035942268831],[-111.69560144761273,40.250035981887407],[-111.69562113794296,40.250170868165711],[-111.69563607773954,40.250251166756762],[-111.6956592054799,40.250372157425595],[-111.69566178889403,40.25038567366245],[-111.69567882068722,40.250457604394533],[-111.69570084501963,40.250553550706179],[-111.69570599550714,40.250572380078566],[-111.69573003745532,40.250660262176716],[-111.69575401413945,40.250747907505996],[-111.69576145569532,40.250771296629132],[-111.6957677324654,40.250793478131364],[-111.69578980219812,40.250860386468759],[-111.69581539940005,40.250940837368582],[-111.69582553859195,40.250968729716732],[-111.69585806392313,40.25105820791017],[-111.69585807695603,40.251058243914329],[-111.69589817306868,40.251164444377146],[-111.69593479836028,40.251253848115212],[-111.69596255415185,40.251321602485191],[-111.69597927862391,40.251358217368718],[-111.69601991470422,40.251447181128938],[-111.6960481674586,40.251509036281597],[-111.69606877245081,40.251549842564351],[-111.69611332210272,40.251638065684183],[-111.69616657649487,40.251739132741235],[-111.69621493204046,40.251826356905561],[-111.69624301435337,40.251877012705599],[-111.69627258559288,40.2519258764029],[-111.69632460642008,40.252011837047164],[-111.69635204123055,40.252057167462233],[-111.69638671938856,40.252109906141769],[-111.69644226027536,40.252194372032825],[-111.69650882554181,40.252290958300563],[-111.69650884206808,40.252290982590317],[-111.69656776618267,40.252373780122362],[-111.69663887097499,40.252468959057225],[-111.69670098020497,40.252549861589131],[-111.69672499713893,40.252579612820824],[-111.69678002064325,40.252647774945231],[-111.69678004187679,40.252647801028303],[-111.69683862719521,40.252718828392062],[-111.69692636324787,40.252819670306486],[-111.69698403552447,40.252884975503804],[-111.69708574760297,40.252993676198514],[-111.69708581834928,40.25299375173369],[-111.69713639252259,40.253047329765003],[-111.69721595273249,40.253126517424235],[-111.69729551194818,40.253205704128661],[-111.69734260678356,40.253247370548934],[-111.69780037317972,40.253652371889487],[-111.69880744600582,40.254543340121032],[-111.70106649013979,40.256535742417],[-111.70082850380467,40.256659848090166],[-111.7008284545454,40.256659886902824],[-111.70076819007288,40.256706821602563],[-111.70061373897236,40.256827111197929],[-111.70063670385325,40.256847359751916],[-111.70066209782,40.256869746770136],[-111.70067056719556,40.2568772139036],[-111.7029834073374,40.258916215596813],[-111.70352437222108,40.259395974179057],[-111.70369535818836,40.259548389912595],[-111.70381922303514,40.259658802169618],[-111.70381925839668,40.259658833630603],[-111.70425458999341,40.260042669441233],[-111.70431118201972,40.260097325326342],[-111.704306526053,40.26008846118895],[-111.70425659905456,40.25999217018515],[-111.70420667219373,40.259895878256607],[-111.70420678298701,40.259895974432169],[-111.70500667454846,40.260598407525301],[-111.70504953724954,40.260636047791664],[-111.70508156878917,40.260664175509895],[-111.70536989332899,40.260665336697031],[-111.70537001441949,40.260665337384708],[-111.70537010611709,40.260665337223401],[-111.7053748756508,40.260665356753677],[-111.70626637037314,40.260668940463162],[-111.70635595841091,40.260745520069122],[-111.70636311045662,40.260751629132628],[-111.70636672185002,40.260754717375981],[-111.70641830789934,40.260755087315104],[-111.70642538174414,40.260755137853721],[-111.70725035887745,40.260761046333315],[-111.70773388468912,40.260762990730434],[-111.7095824374195,40.260770403838983],[-111.70958275106325,40.260770707694988],[-111.70962515730685,40.260770877440677],[-111.70972825651245,40.260872229548887],[-111.71019608997439,40.260876511106979],[-111.71021858578165,40.26087661470811],[-111.71253515253493,40.260876723036347],[-111.712564812883,40.260876546551088],[-111.71386158633153,40.260861032528048],[-111.71388106423117,40.260860729355286],[-111.71598195339831,40.260820056808782],[-111.71599323537856,40.260819917952652],[-111.71631408476715,40.260818232351802],[-111.71686605113067,40.260815323330569],[-111.71709437894151,40.260816878616701],[-111.71732252792782,40.260823949359242],[-111.71755027357695,40.26083652787181],[-111.71777738783457,40.26085460197308],[-111.71800903309908,40.260873059854823],[-111.71824131913945,40.260885960880721],[-111.71847401777872,40.260893289262192],[-111.71870690204955,40.260895040017999],[-111.7235438003749,40.260873338473587],[-111.72354247772023,40.260747183577216],[-111.72354188689512,40.260690761784382],[-111.72355668164937,40.260690642490935],[-111.72490913229099,40.260679695979199],[-111.72814357456274,40.260653453031146],[-111.728143539665,40.260610838910814],[-111.7281435045754,40.260568167148833],[-111.72814350439549,40.26056811311026],[-111.72814350328636,40.260567073763937],[-111.72814347195252,40.260528707995135],[-111.72814653552143,40.260528683094954],[-111.72817557371947,40.258569389863801],[-111.72817798399205,40.258406733314082],[-111.72741689904772,40.257228110100087],[-111.72705550021993,40.256668428464728],[-111.72704830893045,40.256657290606725],[-111.72660952230234,40.256580402667261],[-111.72646979608312,40.256198148954532],[-111.72622508142948,40.255528660613926],[-111.72495408773881,40.254899755578194],[-111.72365953929602,40.253045567630828],[-111.72364929288334,40.253030891346448],[-111.72339298281257,40.252663763552476],[-111.72244831923588,40.251690678767652],[-111.72210344494175,40.251335419806722],[-111.72195132501705,40.25116030825312],[-111.72074853139041,40.250035575358027],[-111.72031314524125,40.249628432547738],[-111.71933608048504,40.248267972185566],[-111.71886440879271,40.247884537681358],[-111.71803372410625,40.247273924546811],[-111.71769637195924,40.246853292220287],[-111.71761081671006,40.2468260998454],[-111.71720206767934,40.246696188232256]]]},"properties":{"LOCALSCHOOL":"P6","PRECINCTID":"25PR20"}},{"type":"Feature","geometry":{"type":"Polygon","coordinates":[[[-111.69865674518394,40.245971832792875],[-111.69923848911725,40.24645010692614],[-111.69975430506499,40.246880116945732],[-111.69977136357582,40.246881001013477],[-111.70014368558215,40.247189495673645],[-111.70104472167245,40.247951251213671],[-111.70165898713996,40.24849057883938],[-111.70338854251672,40.250004762717325],[-111.70357704046653,40.249858207160777],[-111.7037286681543,40.249834695930623],[-111.70392587497143,40.24983435158979],[-111.70511156730053,40.249868251644344],[-111.70545815639252,40.249878159042453],[-111.70556434428941,40.249877972097103],[-111.70568573593042,40.249889382068396],[-111.70579199482241,40.249912441492974],[-111.70589818394699,40.249912254241821],[-111.706292561846,40.249899935960372],[-111.70652077107471,40.249893031545405],[-111.70752685975717,40.249855895822229],[-111.71169356555751,40.249570636932006],[-111.71182384019599,40.249564489634402],[-111.71181104976965,40.24887056462547],[-111.71180430089694,40.248541301410469],[-111.71180094849903,40.24837770775158],[-111.71188970549449,40.2483396112316],[-111.71194790163437,40.248411661276265],[-111.71201215814408,40.248480621856736],[-111.71208219788582,40.248546193549963],[-111.7121577143799,40.248608092296806],[-111.71223838356185,40.248666050281912],[-111.71232385320063,40.248719815052432],[-111.71241375466973,40.248769154900764],[-111.712507698237,40.248813856171331],[-111.71259940604006,40.248845214684572],[-111.71269356448816,40.248871970834998],[-111.71278978062942,40.248894012751578],[-111.71288765451625,40.248911247491051],[-111.71296447597062,40.248926712950805],[-111.71303912773939,40.2489475033682],[-111.71311098161772,40.248973442465854],[-111.71317943512793,40.249004312490875],[-111.71326517536586,40.249037387212013],[-111.7133470966883,40.249075726852439],[-111.71342464938267,40.24911907303747],[-111.7134973141945,40.249167135814986],[-111.71356460467523,40.249219592750059],[-111.71362606719043,40.249276091626577],[-111.71371235853188,40.249256160778259],[-111.71378548740144,40.249235455995446],[-111.71385543427803,40.249209072985529],[-111.71392145011454,40.249177295030584],[-111.71398282835725,40.249140461176623],[-111.71403891200153,40.249098967120652],[-111.71408910178945,40.24905325528848],[-111.71413286091089,40.249003814825194],[-111.71416971968867,40.248951176182764],[-111.71419928612546,40.248895901192697],[-111.71422124119898,40.248838582173846],[-111.71423535175677,40.248779831100705],[-111.71424146698335,40.24872027780836],[-111.71422620385873,40.24808012088296],[-111.71373630520077,40.248089955193329],[-111.71368839763393,40.245867784214418],[-111.71368654476618,40.24584839836497],[-111.71365962873794,40.242544305084095],[-111.71342671097158,40.24254493746168],[-111.71048721834676,40.242552894477321],[-111.71038843606125,40.242548238768542],[-111.71029050884712,40.24253726965906],[-111.7101941209869,40.2425200615736],[-111.71009994985855,40.242496737586777],[-111.70976243668547,40.242475705539839],[-111.7077855713201,40.24247924148542],[-111.70730811773488,40.242484591932701],[-111.70656436102688,40.242491047876484],[-111.70605454953082,40.242495471446112],[-111.70592267203443,40.242496615644086],[-111.70536163589712,40.242613986465976],[-111.70518712475219,40.242613054976779],[-111.7051742276013,40.242614454746651],[-111.70505890123925,40.242614656511741],[-111.70447195637166,40.242611419805364],[-111.70403530077837,40.242620957182069],[-111.70353800168681,40.242621821828585],[-111.70063788121298,40.242604326706044],[-111.69958121860871,40.242608390808478],[-111.69811063677254,40.242615398454383],[-111.69778115222478,40.2426047008654],[-111.69711309380708,40.242614836590008],[-111.69663127452928,40.242633661423056],[-111.69566454087487,40.242619526382256],[-111.69549634873339,40.24262656310394],[-111.69555920181253,40.242772813873351],[-111.69569690467696,40.243020259848635],[-111.69581833222639,40.24322720989101],[-111.69603739569017,40.243539818017197],[-111.69636172487186,40.243928804118511],[-111.69658945185166,40.244187357439266],[-111.6970292216585,40.244612175926747],[-111.69716029268724,40.244722283598556],[-111.69817026180714,40.245580696914359],[-111.69865674518394,40.245971832792875]]]},"properties":{"LOCALSCHOOL":"P6","PRECINCTID":"25PR21"}},{"type":"Feature","geometry":{"type":"Polygon","coordinates":[[[-111.7003780250545,40.251965458972229],[-111.70047758852844,40.251914914659459],[-111.70077126628286,40.251751376924453],[-111.70085931156582,40.251702296734138],[-111.70094689900819,40.251786958439752],[-111.70110793970646,40.251679537049618],[-111.70128733790581,40.251610423568039],[-111.70166002382109,40.25152180212099],[-111.7018930621995,40.251463161459966],[-111.70210628318159,40.251445588279033],[-111.70234072562282,40.251457825483428],[-111.70236428168748,40.25138493553721],[-111.70244245174739,40.251247189610957],[-111.70247561782624,40.251075124947384],[-111.70244123469219,40.25083437492502],[-111.70236210362808,40.250645303435761],[-111.70223760557565,40.250474520745101],[-111.70262299759489,40.250294834585645],[-111.70276300309523,40.250244054167972],[-111.70296070214044,40.250186855220747],[-111.70311717854878,40.250129728572411],[-111.70324892133648,40.250072646581273],[-111.70338854251672,40.250004762717325],[-111.70165898713996,40.24849057883938],[-111.70104472167245,40.247951251213671],[-111.70014368558215,40.247189495673645],[-111.69977136357582,40.246881001013477],[-111.69975430506499,40.246880116945732],[-111.69923848911725,40.24645010692614],[-111.69865674518394,40.245971832792875],[-111.69817026180714,40.245580696914359],[-111.69716029268724,40.244722283598556],[-111.6970292216585,40.244612175926747],[-111.69658945185166,40.244187357439266],[-111.69636172487186,40.243928804118511],[-111.69603739569017,40.243539818017197],[-111.69581833222639,40.24322720989101],[-111.69569690467696,40.243020259848635],[-111.69555920181253,40.242772813873351],[-111.69549634873339,40.24262656310394],[-111.69566454087487,40.242619526382256],[-111.69663127452928,40.242633661423056],[-111.69711309380708,40.242614836590008],[-111.69778115222478,40.2426047008654],[-111.69811063677254,40.242615398454383],[-111.69958121860871,40.242608390808478],[-111.70063788121298,40.242604326706044],[-111.70353800168681,40.242621821828585],[-111.70403530077837,40.242620957182069],[-111.70447195637166,40.242611419805364],[-111.70505890123925,40.242614656511741],[-111.7051742276013,40.242614454746651],[-111.70518712475219,40.242613054976779],[-111.70536163589712,40.242613986465976],[-111.70592267203443,40.242496615644086],[-111.70605454953082,40.242495471446112],[-111.70656436102688,40.242491047876484],[-111.70730811773488,40.242484591932701],[-111.7077855713201,40.24247924148542],[-111.70976243668547,40.242475705539839],[-111.71009994985855,40.242496737586777],[-111.7101941209869,40.2425200615736],[-111.71029050884712,40.24253726965906],[-111.71038843606125,40.242548238768542],[-111.71048721834676,40.242552894477321],[-111.71342671097158,40.24254493746168],[-111.71365962873794,40.242544305084095],[-111.71363811854538,40.239903692393121],[-111.71363096339907,40.239906280459046],[-111.71362949297638,40.239703347822356],[-111.71352857454603,40.23957309619265],[-111.71324004006802,40.23981109010586],[-111.71315687093808,40.23985241721784],[-111.71297244435807,40.239873172610565],[-111.71283230731709,40.239880291217212],[-111.71271003500134,40.239873654737586],[-111.71255817938821,40.239855750790952],[-111.71233447160795,40.239773972420721],[-111.71204214261935,40.239653546960312],[-111.71188379713773,40.239562394740325],[-111.71186817930126,40.239551407193986],[-111.71161183667104,40.239371063265502],[-111.71142369127865,40.239200168301679],[-111.71119699802779,40.23902025698915],[-111.71100579859201,40.238874425761523],[-111.71068632329991,40.238661557790628],[-111.71051909704802,40.238595637145103],[-111.71022989406789,40.238470573919003],[-111.7099819712174,40.238375105962831],[-111.70971662530809,40.238288937418567],[-111.70948392065878,40.238193448261129],[-111.70928715238401,40.238128609213966],[-111.70906355881647,40.238081144674432],[-111.70886684966553,40.238035858015103],[-111.70859272320683,40.238008900826152],[-111.7082706452578,40.237970699241963],[-111.70806190408226,40.237946023453055],[-111.70791311075031,40.237899451887593],[-111.7077222199338,40.237856387457086],[-111.70751345126421,40.237822448408089],[-111.70730464971682,40.237777180614906],[-111.70718295036737,40.237811711640397],[-111.70698326480431,40.237821163450725],[-111.70681057242808,40.237871741399871],[-111.70665252937751,40.237881125151951],[-111.7064111212546,40.237859935739834],[-111.70619069536843,40.23782377411392],[-111.7059850233165,40.237773870871258],[-111.70568965335858,40.23768071925042],[-111.70552566125994,40.237646865247214],[-111.70534380881493,40.237631223945712],[-111.70511143047112,40.237636103408747],[-111.7048464297679,40.237662827396811],[-111.70445623673712,40.237757186829953],[-111.70402446193552,40.237872056194881],[-111.70370899293732,40.237945698021868],[-111.70356618373202,40.237957444041442],[-111.70329805901565,40.237991039245664],[-111.70306568588067,40.237998133835255],[-111.70287491427808,40.237994008260422],[-111.70260974317377,40.237967020555551],[-111.70229081012288,40.237928797916261],[-111.70202565715182,40.237904209096463],[-111.70165615262589,40.237880832168955],[-111.70138794053916,40.23788130068106],[-111.70105119907674,40.237879490906735],[-111.70088141861596,40.23785250063613],[-111.70075895175319,40.237777393257907],[-111.70048471609307,40.237711635953239],[-111.70016578309544,40.237672210538719],[-111.69997505094547,40.237681635902781],[-111.69974268963422,40.237695766072299],[-111.69950452151708,40.237714359439515],[-111.6992305942593,40.237751377704093],[-111.69895053045788,40.237836441268641],[-111.69848927040606,40.237979814570089],[-111.69809016014811,40.23809014635966],[-111.69762251904601,40.238193719046407],[-111.69740814049587,40.238228395854946],[-111.69710458747291,40.238245900623689],[-111.69663353670296,40.238253561764296],[-111.69643108364845,40.238235716669109],[-111.69623448017002,40.238224560451528],[-111.69587376908902,40.238140748982502],[-111.69574558343446,40.238096361856947],[-111.69557847228167,40.238069359399645],[-111.69494635176963,40.237963019369268],[-111.69486298299597,40.237933473938057],[-111.6948136579279,40.237934009309306],[-111.69460058660462,40.237936323689176],[-111.694350730455,40.23793897003678],[-111.69389166187467,40.237908857358768],[-111.69354281679355,40.237900354169192],[-111.69323027292457,40.23790087653957],[-111.69311698446512,40.237903291362393],[-111.6928220521245,40.237960912874215],[-111.69238128153505,40.238067857051668],[-111.69211073920984,40.238200763637707],[-111.69190851901513,40.238422605806377],[-111.69173933287058,40.238612306656115],[-111.69144466925451,40.238768069355189],[-111.69065588666378,40.239008038218962],[-111.69020211649571,40.239146084109031],[-111.69061545913763,40.239567910822906],[-111.69104562704545,40.239997268573305],[-111.69152286909365,40.240449065588429],[-111.69381237631126,40.242507601401968],[-111.69396528123782,40.242670051211441],[-111.69411161276282,40.242836017986548],[-111.69425123408367,40.24300534616615],[-111.69438401190648,40.24317787567967],[-111.69450982350808,40.243353445537601],[-111.69462854849367,40.243531888441353],[-111.69474007587205,40.243713038877146],[-111.69484430167927,40.24389672411337],[-111.69494112665421,40.244082773210991],[-111.6950304585712,40.244271010714783],[-111.69511221577393,40.244461259349578],[-111.69518631894616,40.244653339133059],[-111.69525270052458,40.244847070962592],[-111.69530912702425,40.245034525644968],[-111.69535832412198,40.245223173144623],[-111.69540024662747,40.245412848726787],[-111.69543485992966,40.245603388538228],[-111.69546213293701,40.245794626917352],[-111.6954820416092,40.245986398189466],[-111.69549973547619,40.246374128850022],[-111.69552999536823,40.246681471472108],[-111.69553056852551,40.247270894695625],[-111.7003780250545,40.251965458972229]]]},"properties":{"LOCALSCHOOL":"P6","PRECINCTID":"25PR22"}},{"type":"Feature","geometry":{"type":"Polygon","coordinates":[[[-111.6923236184318,40.253441899606528],[-111.69358104415218,40.253448827781234],[-111.69384260148581,40.253452897016068],[-111.69405013100105,40.253457010452252],[-111.69445542474132,40.253465042633181],[-111.69450664910552,40.253463775644327],[-111.69472817388376,40.253458294251878],[-111.69474990384553,40.253434235872795],[-111.69480007832493,40.253388255947485],[-111.69480384315186,40.253374513855434],[-111.69480938578045,40.25336837748582],[-111.69482238575772,40.253353984122789],[-111.69491576851836,40.253357507397027],[-111.69564965000396,40.253337047281299],[-111.69563665248045,40.253235293832603],[-111.69562611733923,40.253152789445174],[-111.69558774251065,40.253015265066701],[-111.69554503597593,40.252878491862951],[-111.69549595067622,40.252737324241643],[-111.69544250486729,40.252597089762645],[-111.69633874529872,40.252585155415986],[-111.69672383463882,40.252579629190251],[-111.69672499713893,40.252579612820824],[-111.69670098020497,40.252549861589131],[-111.69663887097499,40.252468959057225],[-111.69656776618267,40.252373780122362],[-111.69650884206808,40.252290982590317],[-111.69650882554181,40.252290958300563],[-111.69644226027536,40.252194372032825],[-111.69638671938856,40.252109906141769],[-111.69635204123055,40.252057167462233],[-111.69632460642008,40.252011837047164],[-111.69627258559288,40.2519258764029],[-111.69624301435337,40.251877012705599],[-111.69621493204046,40.251826356905561],[-111.69616657649487,40.251739132741235],[-111.69611332210272,40.251638065684183],[-111.69606877245081,40.251549842564351],[-111.6960481674586,40.251509036281597],[-111.69601991470422,40.251447181128938],[-111.69597927862391,40.251358217368718],[-111.69596255415185,40.251321602485191],[-111.69593479836028,40.251253848115212],[-111.69589817306868,40.251164444377146],[-111.69585807695603,40.251058243914329],[-111.69585806392313,40.25105820791017],[-111.69582553859195,40.250968729716732],[-111.69581539940005,40.250940837368582],[-111.69578980219812,40.250860386468759],[-111.6957677324654,40.250793478131364],[-111.69576145569532,40.250771296629132],[-111.69575401413945,40.250747907505996],[-111.69573003745532,40.250660262176716],[-111.69570599550714,40.250572380078566],[-111.69570084501963,40.250553550706179],[-111.69567882068722,40.250457604394533],[-111.69566178889403,40.25038567366245],[-111.6956592054799,40.250372157425595],[-111.69563607773954,40.250251166756762],[-111.69562113794296,40.250170868165711],[-111.69560144761273,40.250035981887407],[-111.69560144162247,40.250035942268831],[-111.69559366003328,40.249981499263832],[-111.6955918357818,40.249968738298513],[-111.69559115572798,40.249963978598267],[-111.69557975353976,40.24985012212565],[-111.6955755406369,40.249808051681399],[-111.69557132773664,40.24976598033583],[-111.69553247155355,40.249227492249396],[-111.69552999536823,40.246681471472108],[-111.69549973547619,40.246374128850022],[-111.6954820416092,40.245986398189466],[-111.69546213293701,40.245794626917352],[-111.69543485992966,40.245603388538228],[-111.69540024662747,40.245412848726787],[-111.69535832412198,40.245223173144623],[-111.69530912702425,40.245034525644968],[-111.69525270052458,40.244847070962592],[-111.69502789817017,40.244892486595283],[-111.69488043271502,40.244920335175898],[-111.69455874373614,40.244981084005921],[-111.69415123098356,40.245047059812343],[-111.69214750662877,40.245133683947465],[-111.691763719634,40.245152120975639],[-111.69053633413513,40.245190362369762],[-111.69013598031337,40.245200073954926],[-111.68950758287906,40.245207802122366],[-111.68830548862465,40.245254126286866],[-111.68812586052432,40.245263003645299],[-111.68794592430305,40.245266688965529],[-111.68776593385184,40.245265172831381],[-111.68758614662974,40.245258461133467],[-111.68740681657449,40.245246561570866],[-111.68722819882839,40.245229492650196],[-111.68688614051669,40.245191764009661],[-111.68642609802123,40.245122697347092],[-111.68568231355175,40.244984283667399],[-111.68410484843901,40.244736850593327],[-111.68363165327764,40.244692563389492],[-111.68296294980797,40.24467323533004],[-111.68271618997369,40.24466909878484],[-111.68272638478327,40.244871861886288],[-111.68282475605787,40.245261240639408],[-111.68290191319318,40.245407475664962],[-111.68301032288637,40.245567169611569],[-111.6830831410811,40.245654347476311],[-111.68308733524205,40.245659368335104],[-111.68318009891266,40.245735776381913],[-111.68330875687272,40.24577385209956],[-111.68346237085983,40.245805134467673],[-111.68377537574881,40.245829409108246],[-111.6841346375104,40.245844605234865],[-111.68448357751892,40.245846305895093],[-111.68567474436051,40.245851172097282],[-111.68583388187957,40.245886944016071],[-111.68593179840413,40.245965596003515],[-111.68597065173135,40.246105700711013],[-111.68597648227336,40.246866175386302],[-111.68599268021951,40.247014756146299],[-111.68599827339794,40.247316467209821],[-111.68597349189858,40.247523654668562],[-111.68592680515958,40.24764531964793],[-111.68582963221588,40.247841365099312],[-111.68569170002927,40.248041980359595],[-111.68551261710472,40.248238156693382],[-111.6853308993164,40.248411820649793],[-111.68519799013528,40.248569645496517],[-111.68518152853915,40.248594440411686],[-111.68516616945281,40.248619230873551],[-111.6851486212034,40.248650783289392],[-111.68512980528098,40.248689088991419],[-111.68511319792518,40.248727391187657],[-111.6851015339099,40.248761184990364],[-111.68509516152029,40.248781461539522],[-111.68508625498531,40.248815248265736],[-111.68507936779974,40.248849034491222],[-111.68507394868776,40.248882816587091],[-111.68507001825482,40.248923353904971],[-111.68506865842657,40.248963882643494],[-111.68506910420007,40.248993154887707],[-111.68507100825026,40.249017920665295],[-111.68507131597879,40.249132750443927],[-111.68507574619753,40.249272934204534],[-111.68508471730757,40.249556831181934],[-111.68510183850508,40.25009865430728],[-111.6851233680803,40.250452123651229],[-111.68512784659778,40.250479136059681],[-111.68512955634624,40.250499396179819],[-111.68512966583033,40.250539927073014],[-111.68512806555425,40.250560194243405],[-111.68512209622119,40.250593975395319],[-111.68511245364674,40.250627765974052],[-111.68510260827742,40.250654802896527],[-111.68509311374042,40.250675082583157],[-111.68507812506644,40.250837221596903],[-111.68507455659427,40.251555496658135],[-111.68508034821076,40.251661312956102],[-111.68510034941546,40.252266969237866],[-111.6851267767201,40.252530367408795],[-111.68512813695814,40.252829829495703],[-111.68513504070181,40.252870349585777],[-111.68514659295695,40.252931123318128],[-111.68515588646746,40.252971638714989],[-111.68516293828623,40.252998647020497],[-111.68516999363938,40.253025656220373],[-111.68518407787664,40.253072917986593],[-111.68519481409314,40.253104425494286],[-111.68525166643502,40.253207908196792],[-111.68526225742306,40.253320472590339],[-111.6852460795875,40.253451093351487],[-111.68886878914664,40.253447537452864],[-111.68994253467456,40.253450298594451],[-111.69089209951048,40.253446499013258],[-111.69127669835112,40.25344361786302],[-111.69182072882271,40.253442725209347],[-111.6923236184318,40.253441899606528]]]},"properties":{"LOCALSCHOOL":"P6","PRECINCTID":"25PR23"}},{"type":"Feature","geometry":{"type":"Polygon","coordinates":[[[-111.67254055257585,40.25654205165273],[-111.67411717665124,40.258241456948873],[-111.67482654643048,40.259006034959327],[-111.67482665370488,40.259006150982238],[-111.67482672883654,40.259006109439952],[-111.67506952456517,40.258875193104089],[-111.67514129173121,40.258782768155747],[-111.67517703481134,40.25868139163989],[-111.67522361982184,40.25808013918364],[-111.67528986244494,40.257262702396574],[-111.67529666890498,40.257195141750955],[-111.67529642464503,40.257100573140413],[-111.67530186074426,40.25707129390603],[-111.67530361866463,40.2570397685733],[-111.67536189307255,40.256959330609746],[-111.67538234396808,40.256940887033117],[-111.67566868912056,40.256757759082852],[-111.67588602163804,40.256623357722013],[-111.67599049536105,40.256585594599933],[-111.67616310445779,40.256542698468714],[-111.67632164025665,40.256541127979965],[-111.67745392760661,40.256529905140269],[-111.6789692408115,40.256516334812439],[-111.67979244513916,40.256499309498238],[-111.6804642865505,40.256478009209459],[-111.68201625221197,40.256432817260588],[-111.68317671492508,40.256426498984418],[-111.68428727150071,40.256468466893544],[-111.68430061152975,40.256468888954196],[-111.68505935225792,40.256492891551474],[-111.68528485786103,40.256500209200951],[-111.6853023491429,40.256500776768263],[-111.68537591293033,40.256503163785482],[-111.68537356743177,40.256493931357063],[-111.68546359334121,40.256487559488399],[-111.68578318871464,40.256507586127498],[-111.68622364942155,40.256588299410531],[-111.68655832997328,40.256729619046716],[-111.68680805223434,40.256835044145255],[-111.68745570119712,40.256966850806634],[-111.687825718171,40.256997778797945],[-111.68831698745896,40.257037516580631],[-111.68881983882787,40.257036703474824],[-111.68881967641276,40.25704772767704],[-111.68882181892091,40.257058629265693],[-111.68882621267956,40.257069127325131],[-111.68883274409235,40.257078951844221],[-111.68884124435165,40.257087847311446],[-111.68885149417522,40.257095585316371],[-111.6888632296891,40.257101966341374],[-111.68887614596883,40.257106825160022],[-111.68888991233693,40.257110036216133],[-111.68890417119947,40.257111518129008],[-111.68891956170923,40.257111144673992],[-111.68893464219678,40.257108756967654],[-111.68894896497017,40.257104425985297],[-111.68896210835869,40.257098280301754],[-111.68897368492722,40.257090500674337],[-111.68898334969479,40.257081316426657],[-111.68899082010448,40.257071000012481],[-111.68899587364227,40.257059856211654],[-111.68899836074549,40.257048214003447],[-111.68899820947789,40.257036416651523],[-111.68992675506283,40.257034907952935],[-111.69028786195183,40.257032071013491],[-111.69043075532612,40.257029584597134],[-111.69052078738643,40.257038445094011],[-111.69067331471683,40.257065214641678],[-111.69070860507273,40.257074165287314],[-111.6908023108132,40.257083017764728],[-111.69090553970054,40.257085102431695],[-111.6909106705959,40.254837971200907],[-111.69090393928589,40.254333589742572],[-111.69089209951048,40.253446499013258],[-111.68994253467456,40.253450298594451],[-111.68886878914664,40.253447537452864],[-111.6852460795875,40.253451093351487],[-111.68327087434614,40.253447454275189],[-111.68198701566794,40.253447213830874],[-111.68058966858952,40.253453884348829],[-111.67882317005611,40.253472366813199],[-111.6772410927318,40.253495042337185],[-111.6770266708906,40.253535897809016],[-111.67683087799008,40.253536195448753],[-111.67657887799449,40.253534323465963],[-111.67638889879139,40.25350984371331],[-111.67613049268692,40.253444936787865],[-111.67601486227301,40.253422186057747],[-111.67590335764069,40.253400246786065],[-111.67567925748197,40.253391577750307],[-111.67551770663175,40.253421091857014],[-111.67537195289864,40.25345283363302],[-111.67516643831365,40.253529697378553],[-111.67502710089816,40.253628976892088],[-111.67484681618089,40.253804873658773],[-111.67430197016436,40.254352831888269],[-111.67416277068681,40.254506150879621],[-111.67386359832699,40.25473626321714],[-111.67340767430154,40.255153490551521],[-111.67305965831761,40.255536784507214],[-111.67294730148028,40.255703568320499],[-111.67289630964216,40.255877020520302],[-111.67283567215857,40.256158562997541],[-111.67276916563014,40.256298262864377],[-111.67255354982015,40.256528213793779],[-111.67254062532328,40.256541997506332],[-111.67254055257585,40.25654205165273]]]},"properties":{"LOCALSCHOOL":"P6","PRECINCTID":"25PR24"}},{"type":"Feature","geometry":{"type":"Polygon","coordinates":[[[-111.68161589256103,40.245643411734221],[-111.68147216469343,40.245940242342556],[-111.68148388858981,40.246354703010553],[-111.68080885377047,40.246930877676796],[-111.67990091992328,40.247385901558346],[-111.67949868036479,40.247691262369216],[-111.67915049825793,40.248107602573413],[-111.67913359550181,40.248500909401997],[-111.67861032260549,40.249591734438894],[-111.67829997981447,40.249580484205111],[-111.67678017373717,40.249525376514526],[-111.67648319188433,40.249515215321409],[-111.67618621130653,40.249505057874117],[-111.67599013102728,40.249498358302667],[-111.67599076929663,40.249746918837999],[-111.67599162313424,40.250079425040667],[-111.67598719999376,40.250079431709018],[-111.67599370980422,40.252614474962741],[-111.67599580935493,40.253390385834201],[-111.67601486227301,40.253422186057747],[-111.67613049268692,40.253444936787865],[-111.67638889879139,40.25350984371331],[-111.67657887799449,40.253534323465963],[-111.67683087799008,40.253536195448753],[-111.6770266708906,40.253535897809016],[-111.6772410927318,40.253495042337185],[-111.67882317005611,40.253472366813199],[-111.68058966858952,40.253453884348829],[-111.68198701566794,40.253447213830874],[-111.68327087434614,40.253447454275189],[-111.6852460795875,40.253451093351487],[-111.68526225742306,40.253320472590339],[-111.68525166643502,40.253207908196792],[-111.68519481409314,40.253104425494286],[-111.68518407787664,40.253072917986593],[-111.68516999363938,40.253025656220373],[-111.68516293828623,40.252998647020497],[-111.68515588646746,40.252971638714989],[-111.68514659295695,40.252931123318128],[-111.68513504070181,40.252870349585777],[-111.68512813695814,40.252829829495703],[-111.6851267767201,40.252530367408795],[-111.68510034941546,40.252266969237866],[-111.68508034821076,40.251661312956102],[-111.68507455659427,40.251555496658135],[-111.68507812506644,40.250837221596903],[-111.68509311374042,40.250675082583157],[-111.68510260827742,40.250654802896527],[-111.68511245364674,40.250627765974052],[-111.68512209622119,40.250593975395319],[-111.68512806555425,40.250560194243405],[-111.68512966583033,40.250539927073014],[-111.68512955634624,40.250499396179819],[-111.68512784659778,40.250479136059681],[-111.6851233680803,40.250452123651229],[-111.68510183850508,40.25009865430728],[-111.68508471730757,40.249556831181934],[-111.68507574619753,40.249272934204534],[-111.68507131597879,40.249132750443927],[-111.68507100825026,40.249017920665295],[-111.68506910420007,40.248993154887707],[-111.68506865842657,40.248963882643494],[-111.68507001825482,40.248923353904971],[-111.68507394868776,40.248882816587091],[-111.68507936779974,40.248849034491222],[-111.68508625498531,40.248815248265736],[-111.68509516152029,40.248781461539522],[-111.6851015339099,40.248761184990364],[-111.68511319792518,40.248727391187657],[-111.68512980528098,40.248689088991419],[-111.6851486212034,40.248650783289392],[-111.68516616945281,40.248619230873551],[-111.68518152853915,40.248594440411686],[-111.68519799013528,40.248569645496517],[-111.6853308993164,40.248411820649793],[-111.68551261710472,40.248238156693382],[-111.68569170002927,40.248041980359595],[-111.68582963221588,40.247841365099312],[-111.68592680515958,40.24764531964793],[-111.68597349189858,40.247523654668562],[-111.68599827339794,40.247316467209821],[-111.68599268021951,40.247014756146299],[-111.68597648227336,40.246866175386302],[-111.68597065173135,40.246105700711013],[-111.68593179840413,40.245965596003515],[-111.68583388187957,40.245886944016071],[-111.68567474436051,40.245851172097282],[-111.68448357751892,40.245846305895093],[-111.6841346375104,40.245844605234865],[-111.68377537574881,40.245829409108246],[-111.68346237085983,40.245805134467673],[-111.68330875687272,40.24577385209956],[-111.68318009891266,40.245735776381913],[-111.68308733524205,40.245659368335104],[-111.6830831410811,40.245654347476311],[-111.68302622056142,40.245685935229787],[-111.68291621303079,40.24574721507804],[-111.68262632676387,40.245695514051611],[-111.68259198083065,40.245577866127725],[-111.68238732033318,40.245578189695934],[-111.68204593437028,40.245526397462122],[-111.68201224456942,40.245657191289062],[-111.68161589256103,40.245643411734221]]]},"properties":{"LOCALSCHOOL":"P6","PRECINCTID":"25PR25"}},{"type":"Feature","geometry":{"type":"Polygon","coordinates":[[[-111.66790154644157,40.251467045553497],[-111.66800352245518,40.251611051429379],[-111.66800989832805,40.251618795946634],[-111.66818176214626,40.251827558640024],[-111.66818257328255,40.251828543682784],[-111.66821182960827,40.251860237721495],[-111.66866856203018,40.252355017035029],[-111.66897955211678,40.252692536006577],[-111.66910752860633,40.252832030607522],[-111.66974656719557,40.253524032114939],[-111.67212752712079,40.256095013811816],[-111.67254055257585,40.25654205165273],[-111.67254062532328,40.256541997506332],[-111.67255354982015,40.256528213793779],[-111.67276916563014,40.256298262864377],[-111.67283567215857,40.256158562997541],[-111.67289630964216,40.255877020520302],[-111.67294730148028,40.255703568320499],[-111.67305965831761,40.255536784507214],[-111.67340767430154,40.255153490551521],[-111.67386359832699,40.25473626321714],[-111.67416277068681,40.254506150879621],[-111.67430197016436,40.254352831888269],[-111.67484681618089,40.253804873658773],[-111.67502710089816,40.253628976892088],[-111.67516643831365,40.253529697378553],[-111.67537195289864,40.25345283363302],[-111.67551770663175,40.253421091857014],[-111.67567925748197,40.253391577750307],[-111.67590335764069,40.253400246786065],[-111.67601486227301,40.253422186057747],[-111.67599580935493,40.253390385834201],[-111.67599370980422,40.252614474962741],[-111.67598719999376,40.250079431709018],[-111.67599162313424,40.250079425040667],[-111.67599076929663,40.249746918837999],[-111.67599013102728,40.249498358302667],[-111.67618621130653,40.249505057874117],[-111.67648319188433,40.249515215321409],[-111.67678017373717,40.249525376514526],[-111.67829997981447,40.249580484205111],[-111.67861032260549,40.249591734438894],[-111.67913359550181,40.248500909401997],[-111.67915049825793,40.248107602573413],[-111.67949868036479,40.247691262369216],[-111.67990091992328,40.247385901558346],[-111.68080885377047,40.246930877676796],[-111.68148388858981,40.246354703010553],[-111.68147216469343,40.245940242342556],[-111.68161589256103,40.245643411734221],[-111.68201224456942,40.245657191289062],[-111.68204593437028,40.245526397462122],[-111.68238732033318,40.245578189695934],[-111.68259198083065,40.245577866127725],[-111.68262632676387,40.245695514051611],[-111.68291621303079,40.24574721507804],[-111.68302622056142,40.245685935229787],[-111.6830831410811,40.245654347476311],[-111.68301032288637,40.245567169611569],[-111.68290191319318,40.245407475664962],[-111.68282475605787,40.245261240639408],[-111.68272638478327,40.244871861886288],[-111.68271618997369,40.24466909878484],[-111.68296294980797,40.24467323533004],[-111.68363165327764,40.244692563389492],[-111.68410484843901,40.244736850593327],[-111.68568231355175,40.244984283667399],[-111.68642609802123,40.245122697347092],[-111.68688614051669,40.245191764009661],[-111.68722819882839,40.245229492650196],[-111.68740681657449,40.245246561570866],[-111.68758614662974,40.245258461133467],[-111.68776593385184,40.245265172831381],[-111.68794592430305,40.245266688965529],[-111.68812586052432,40.245263003645299],[-111.68830548862465,40.245254126286866],[-111.68950758287906,40.245207802122366],[-111.69013598031337,40.245200073954926],[-111.69053633413513,40.245190362369762],[-111.691763719634,40.245152120975639],[-111.69214750662877,40.245133683947465],[-111.69415123098356,40.245047059812343],[-111.69455874373614,40.244981084005921],[-111.69488043271502,40.244920335175898],[-111.69502789817017,40.244892486595283],[-111.69525270052458,40.244847070962592],[-111.69518631894616,40.244653339133059],[-111.69511221577393,40.244461259349578],[-111.6950304585712,40.244271010714783],[-111.69494112665421,40.244082773210991],[-111.69484430167927,40.24389672411337],[-111.69474007587205,40.243713038877146],[-111.69462854849367,40.243531888441353],[-111.69450982350808,40.243353445537601],[-111.69438401190648,40.24317787567967],[-111.69425123408367,40.24300534616615],[-111.69411161276282,40.242836017986548],[-111.69396528123782,40.242670051211441],[-111.69381237631126,40.242507601401968],[-111.69152286909365,40.240449065588429],[-111.69104562704545,40.239997268573305],[-111.69061545913763,40.239567910822906],[-111.69020211649571,40.239146084109031],[-111.68809862536366,40.240079994046447],[-111.68809854554996,40.240080032002489],[-111.6877967576979,40.240198721493748],[-111.68771116016106,40.240232386002297],[-111.6872646289511,40.240407999315558],[-111.68726454559594,40.240408031872839],[-111.68683270112264,40.24059460071809],[-111.68683054586214,40.240595531840711],[-111.68676073034024,40.240625838867729],[-111.6860416282781,40.240937997176374],[-111.68604154610439,40.240938032432801],[-111.68556807797665,40.241151834693476],[-111.68540162760529,40.2412269966011],[-111.68540154660863,40.241227032755866],[-111.68514862729339,40.241341996369563],[-111.6851485462989,40.241342033424793],[-111.68389862625433,40.241909995824798],[-111.68303362642234,40.242104999382732],[-111.683033546589,40.242105031931438],[-111.68209690439231,40.242461750327756],[-111.68066756542059,40.242897964343996],[-111.67941417617025,40.243412456140547],[-111.67887740116727,40.243518036630952],[-111.67731871024351,40.243688984552364],[-111.67731862329545,40.243688994591622],[-111.67731858692812,40.243689020765771],[-111.67672021007563,40.244120997386197],[-111.67671293538423,40.244126249293281],[-111.67653764442043,40.244252794940671],[-111.6765346024352,40.244254990827436],[-111.67653454377773,40.244255033246787],[-111.67570690294669,40.244277029458949],[-111.67416354399921,40.244318032699738],[-111.67388669851894,40.244462568647208],[-111.67387018456593,40.244471189968088],[-111.67383734915092,40.244488333244398],[-111.67377862120428,40.244518993316035],[-111.67377854373498,40.244519033960671],[-111.67363961426484,40.244610987403213],[-111.67363954386109,40.24461103344116],[-111.67364149955736,40.244611933885537],[-111.67384653132478,40.2447062979981],[-111.67384704319724,40.244706534107102],[-111.67272254389172,40.246258033698894],[-111.67236865486639,40.246430588400706],[-111.67232310160787,40.246452799969624],[-111.67159462110887,40.246807995647707],[-111.67159454245353,40.24680803359071],[-111.67116062282278,40.247019994914687],[-111.67116054416925,40.247020033758012],[-111.66976254332945,40.248958034814137],[-111.66999554418815,40.250416034947598],[-111.66914759451376,40.251284983467464],[-111.66914754409611,40.25128503487754],[-111.66888054379072,40.251166034908614],[-111.66808354275562,40.250822033647879],[-111.66808347334936,40.250822011231541],[-111.66753264508664,40.250645065188543],[-111.66753251921557,40.250645024839955],[-111.66760555151282,40.250877033703937],[-111.66769155432472,40.251086020377777],[-111.667781531467,40.25126603276378],[-111.66790154644157,40.251467045553497]]]},"properties":{"LOCALSCHOOL":"P6","PRECINCTID":"25PR26"}},{"type":"Feature","geometry":{"type":"Polygon","coordinates":[[[-111.67071451720088,40.265333033784238],[-111.67075547669423,40.265365833960814],[-111.6709756244552,40.265541997887432],[-111.67115075755535,40.265695362684781],[-111.67115262512785,40.265696998222182],[-111.67114994787389,40.2653702675997],[-111.67114969711324,40.265269875655385],[-111.67124185007205,40.265348312900514],[-111.67124161850204,40.265335157503529],[-111.67124151037746,40.265329057586527],[-111.6712414419728,40.265325208325649],[-111.67125318232138,40.265333147413777],[-111.67125317888211,40.265333182543984],[-111.67126259926999,40.265339584028453],[-111.67126455027798,40.265341206832822],[-111.67126504764042,40.265341224116206],[-111.67129303147887,40.26536047940732],[-111.67131911869026,40.265378696327737],[-111.67155679242438,40.265539167607386],[-111.67159402254271,40.265236532760646],[-111.67159403226682,40.265236190500858],[-111.67160051765322,40.26500438438454],[-111.67160058347173,40.265002029098206],[-111.67158456497846,40.264726076639583],[-111.67148054091113,40.26428000066614],[-111.6712345245837,40.263603027884393],[-111.67117254078691,40.263400048196296],[-111.67117176493289,40.263388315710316],[-111.67113962559858,40.262902430641397],[-111.67113956574234,40.262901530082431],[-111.67113962533976,40.262900914853361],[-111.67117019134288,40.262583781148621],[-111.67117055348712,40.262580033927058],[-111.67129250700175,40.262247064265999],[-111.67153356361763,40.261400052644809],[-111.67171949913352,40.260652013363135],[-111.67174458589751,40.260418077443582],[-111.67172949894714,40.259285065211927],[-111.67171960234802,40.259069079225434],[-111.67171961860305,40.259068998143213],[-111.67173951494547,40.258966077975352],[-111.67179059841068,40.258828028980332],[-111.67179061478751,40.258827996532929],[-111.67179076335457,40.258827704504412],[-111.67201851253346,40.25837804403529],[-111.67207056686316,40.258267015602804],[-111.67211660285132,40.258130078067822],[-111.67211661910798,40.258129997886186],[-111.67211670970057,40.258129559137032],[-111.67215150178448,40.257961040722286],[-111.67214049929764,40.257776053920452],[-111.67197550114949,40.257002032330689],[-111.67195453950389,40.256880078494952],[-111.67195463347528,40.256880049535823],[-111.67216452255823,40.256817054175677],[-111.67216461997464,40.256816992787932],[-111.67236459205161,40.256691023042848],[-111.67236462255006,40.256690996879009],[-111.67254055257585,40.25654205165273],[-111.67212752712079,40.256095013811816],[-111.66974656719557,40.253524032114939],[-111.66910752860633,40.252832030607522],[-111.66897955211678,40.252692536006577],[-111.66866856203018,40.252355017035029],[-111.66821182960827,40.251860237721495],[-111.66821177796318,40.251860268417992],[-111.66787330751704,40.252058843618315],[-111.66783699418451,40.252079161348853],[-111.66780472722736,40.252103977400047],[-111.66778237013281,40.252124271448466],[-111.66776369070028,40.252146816334445],[-111.66774484991643,40.252178363441431],[-111.6677318931384,40.252212156416761],[-111.66772608193656,40.252239185153051],[-111.66772524655923,40.252272962511945],[-111.66772768668805,40.252295475244082],[-111.66774420774146,40.253040737098125],[-111.66775378624941,40.253202841108127],[-111.66771654364842,40.253295211168648],[-111.6676421793959,40.253378628936588],[-111.66753984758819,40.253441820387515],[-111.66742166084518,40.25348251735609],[-111.66711845648447,40.253573017617192],[-111.66699114238084,40.253636245243364],[-111.66681070000459,40.253755839225796],[-111.66666181008522,40.25385962562406],[-111.66657828403038,40.253952062267146],[-111.66652268753083,40.254051214779793],[-111.66634335015769,40.25447477366329],[-111.666179094019,40.254756460362138],[-111.66598031905045,40.255042700931611],[-111.66582527763046,40.25518702505515],[-111.66564807600204,40.25528184383375],[-111.66547116570514,40.255345138323754],[-111.66498327493971,40.255476425588164],[-111.66462637422924,40.255546727882013],[-111.66446091258653,40.255634777027424],[-111.66434574239217,40.255709240017012],[-111.66420322730575,40.25586930566439],[-111.66416263041963,40.255945917877824],[-111.66412293041104,40.2560878267264],[-111.66408349306111,40.256493173927311],[-111.66410443445103,40.256954725820513],[-111.66410243284321,40.257040292012093],[-111.66359582338021,40.258108270910157],[-111.66355007162267,40.258333497870659],[-111.66353696981992,40.258538412691891],[-111.66355099054385,40.258718520794631],[-111.66361127766645,40.258887307763757],[-111.66362524372668,40.259044903327975],[-111.66356044268798,40.259405797143778],[-111.66273297374286,40.258611587943044],[-111.66226576129348,40.258179925513218],[-111.66201973543804,40.258009010813566],[-111.66180280464123,40.257890260423494],[-111.66177611340972,40.258303582187217],[-111.66172223493544,40.258924446268146],[-111.66168670955085,40.259333839784944],[-111.6615526092816,40.260785719355376],[-111.661542169784,40.26090340154007],[-111.66141864309063,40.262295929223484],[-111.66129349676243,40.263421069130111],[-111.66185794268263,40.2634419035316],[-111.66346983357015,40.263501384586768],[-111.66347458719702,40.263501559861758],[-111.66375958246687,40.263511997965139],[-111.66375962361924,40.263511999708697],[-111.66389452322666,40.263517080108223],[-111.66420358449878,40.263529000032221],[-111.6642036232999,40.263529001778913],[-111.66434052392609,40.263534069842542],[-111.66452357276209,40.263540047226741],[-111.66590355007212,40.263590043829254],[-111.66606459935092,40.263583079846221],[-111.66623995386792,40.263558094053963],[-111.66624052269324,40.263558013086545],[-111.66624062140069,40.263557993131791],[-111.66624912205319,40.263556300421975],[-111.66649158550943,40.263508007216871],[-111.66649162192421,40.263507994555887],[-111.66651344596309,40.263500331355736],[-111.66663949176163,40.263456072089227],[-111.66668063792595,40.263438799301206],[-111.66676352212126,40.26340400515825],[-111.66689213943059,40.263334440982959],[-111.66689652944024,40.263332065106859],[-111.6668966268662,40.26333200192235],[-111.66689983602707,40.263329909636454],[-111.66703149833405,40.263244077078006],[-111.66703161216405,40.263243991353747],[-111.66703181166103,40.263243841561014],[-111.66713034895088,40.263169844834721],[-111.66727256859799,40.263063042443463],[-111.66801553366493,40.2636320173633],[-111.66856559211189,40.264005068439388],[-111.66954553797673,40.264668070737073],[-111.66955069104627,40.264670465277568],[-111.66964599347359,40.264714751219707],[-111.66964655256631,40.264715010694118],[-111.66964671957535,40.26471503566956],[-111.66979360122595,40.264736789825562],[-111.6697955418181,40.264737077011603],[-111.67017755014042,40.264978026420998],[-111.67038158623895,40.265108019027579],[-111.67055851278484,40.265220061372787],[-111.67071451720088,40.265333033784238]]]},"properties":{"LOCALSCHOOL":"P1","PRECINCTID":"25PR27"}},{"type":"Feature","geometry":{"type":"Polygon","coordinates":[[[-111.66821182960827,40.251860237721495],[-111.66818257328255,40.251828543682784],[-111.66818176214626,40.251827558640024],[-111.66800989832805,40.251618795946634],[-111.66800352245518,40.251611051429379],[-111.66790154644157,40.251467045553497],[-111.667781531467,40.25126603276378],[-111.66769155432472,40.251086020377777],[-111.66760555151282,40.250877033703937],[-111.66753251921557,40.250645024839955],[-111.66753251323932,40.250644984319266],[-111.66753247914058,40.250644979864965],[-111.66712479088812,40.250596362639229],[-111.66538072984441,40.250596594881671],[-111.66398966775238,40.250598555531454],[-111.66202848945956,40.250587786171629],[-111.66026790487095,40.250590216584122],[-111.66017056446542,40.250590351985068],[-111.65994833329083,40.250590977324421],[-111.65973375066531,40.250591580967317],[-111.65861274692311,40.250594727967474],[-111.65862033793277,40.249748106722983],[-111.65862417329224,40.24934280806815],[-111.65863137546519,40.248804660674246],[-111.65863070966981,40.248658181613202],[-111.65862781531736,40.248657967589033],[-111.65862781700555,40.248658189146703],[-111.65808848314892,40.248981875081547],[-111.65763221093731,40.249219613492144],[-111.65724941623701,40.249468751542096],[-111.65683703053119,40.249706426774175],[-111.65654284569726,40.249932793833835],[-111.65627804234808,40.250272011861121],[-111.65617556458443,40.250509436011264],[-111.65613642620804,40.250627193384744],[-111.65611874176294,40.251518382833957],[-111.65614951273322,40.253626308505893],[-111.65610197529793,40.255774489375291],[-111.65699108237357,40.255783225889324],[-111.65859865756775,40.255811064453823],[-111.65898435704807,40.255835585070358],[-111.6593831837104,40.255920137223391],[-111.65978264748291,40.256082400485212],[-111.66011633662694,40.256277194855954],[-111.66049593761872,40.256566977769772],[-111.66109371460884,40.25717087393636],[-111.66135008490298,40.257437713354271],[-111.66157463322529,40.257665050585416],[-111.66180280464123,40.257890260423494],[-111.66201973543804,40.258009010813566],[-111.66226576129348,40.258179925513218],[-111.66273297374286,40.258611587943044],[-111.66356044268798,40.259405797143778],[-111.66362524372668,40.259044903327975],[-111.66361127766645,40.258887307763757],[-111.66355099054385,40.258718520794631],[-111.66353696981992,40.258538412691891],[-111.66355007162267,40.258333497870659],[-111.66359582338021,40.258108270910157],[-111.66410243284321,40.257040292012093],[-111.66410443445103,40.256954725820513],[-111.66408349306111,40.256493173927311],[-111.66412293041104,40.2560878267264],[-111.66416263041963,40.255945917877824],[-111.66420322730575,40.25586930566439],[-111.66434574239217,40.255709240017012],[-111.66446091258653,40.255634777027424],[-111.66462637422924,40.255546727882013],[-111.66498327493971,40.255476425588164],[-111.66547116570514,40.255345138323754],[-111.66564807600204,40.25528184383375],[-111.66582527763046,40.25518702505515],[-111.66598031905045,40.255042700931611],[-111.666179094019,40.254756460362138],[-111.66634335015769,40.25447477366329],[-111.66652268753083,40.254051214779793],[-111.66657828403038,40.253952062267146],[-111.66666181008522,40.25385962562406],[-111.66681070000459,40.253755839225796],[-111.66699114238084,40.253636245243364],[-111.66711845648447,40.253573017617192],[-111.66742166084518,40.25348251735609],[-111.66753984758819,40.253441820387515],[-111.6676421793959,40.253378628936588],[-111.66771654364842,40.253295211168648],[-111.66775378624941,40.253202841108127],[-111.66774420774146,40.253040737098125],[-111.66772768668805,40.252295475244082],[-111.66772524655923,40.252272962511945],[-111.66772608193656,40.252239185153051],[-111.6677318931384,40.252212156416761],[-111.66774484991643,40.252178363441431],[-111.66776369070028,40.252146816334445],[-111.66778237013281,40.252124271448466],[-111.66780472722736,40.252103977400047],[-111.66783699418451,40.252079161348853],[-111.66787330751704,40.252058843618315],[-111.66821177796318,40.251860268417992],[-111.66821182960827,40.251860237721495]]]},"properties":{"LOCALSCHOOL":"P1","PRECINCTID":"25PR28"}},{"type":"Feature","geometry":{"type":"Polygon","coordinates":[[[-111.64355211357068,40.25993142460382],[-111.64248944691803,40.260356034035688],[-111.64229416482404,40.260435077903161],[-111.64196099194342,40.260631372371911],[-111.64166419763004,40.260832127676792],[-111.64109457801395,40.261280889163018],[-111.64055180291211,40.261745376800675],[-111.63989395866173,40.262268295905578],[-111.63984430984671,40.262271618424613],[-111.63962112612128,40.262435570788689],[-111.63895037199984,40.263010468970471],[-111.63840087075737,40.263492914116796],[-111.63820361694826,40.263666094304391],[-111.63800110582514,40.263870846198579],[-111.63800109647062,40.263870871427748],[-111.63793727918028,40.263985541412296],[-111.63789500352291,40.264124738423433],[-111.63789546247395,40.264353963033869],[-111.63787480020422,40.264617026411415],[-111.63787421998263,40.264624903242776],[-111.64034867345269,40.26461588115059],[-111.64140848627966,40.264604389095119],[-111.64141062231788,40.264604303648767],[-111.64141405648358,40.26460373298336],[-111.64149936413754,40.264595836344377],[-111.64156086845962,40.264588288233988],[-111.64158975586993,40.264584743390699],[-111.64167952130248,40.264570985215656],[-111.64176852644053,40.264554582698111],[-111.64186179591093,40.264532588226011],[-111.64219597914537,40.264443370842734],[-111.64223446837268,40.264433095328222],[-111.64234235108083,40.264400847729938],[-111.64234709747305,40.264399235191441],[-111.64234715738948,40.264399214403532],[-111.64244821556311,40.26436488913123],[-111.64245057772811,40.264369522773862],[-111.64246393590697,40.264394462469802],[-111.64251027155115,40.264485375650594],[-111.64253348959083,40.26453093079266],[-111.64254793634619,40.264575005169021],[-111.64255507606048,40.264620117001982],[-111.64255598070082,40.264655413103831],[-111.64255843097816,40.264750987534718],[-111.64256593413509,40.265043659388603],[-111.64334930700184,40.265035876063443],[-111.64389585608596,40.265030442962995],[-111.64389101420974,40.264830389409994],[-111.64389438372879,40.264809116509525],[-111.64390298219469,40.264788725201043],[-111.64391649373511,40.264769961607456],[-111.64393442247719,40.264753513531033],[-111.64395565589795,40.264740346032326],[-111.64397962582099,40.264730305799816],[-111.64400555580627,40.264723718922511],[-111.64403260804134,40.264720798084483],[-111.64406692765471,40.2647203405459],[-111.64519219975716,40.264705354137803],[-111.64624562346896,40.264685078149078],[-111.64745858138289,40.264659000976749],[-111.64745157132985,40.263973052703641],[-111.64743655093288,40.263113018592982],[-111.64743662029453,40.263113017604773],[-111.65080352455298,40.263077014712991],[-111.65080362212623,40.263077011885009],[-111.65181952758047,40.263043997975522],[-111.65181962162669,40.263043995151278],[-111.65184868872944,40.263043020679461],[-111.6518490625609,40.263043008484864],[-111.6522944900093,40.263028077433859],[-111.65259152938944,40.263050007622553],[-111.65288050356831,40.263126036831359],[-111.65365056923879,40.263334039862535],[-111.65394451252661,40.263413012213491],[-111.65394462185276,40.263413007566115],[-111.65459155119684,40.263387011259674],[-111.65459162173634,40.263387011166301],[-111.65504352010575,40.263389047252069],[-111.65546959639994,40.263389067005029],[-111.65603856957694,40.263390076867303],[-111.65856954654441,40.263370024815387],[-111.65856961709014,40.26337002742153],[-111.65944753247351,40.263390070857795],[-111.66035458818624,40.26341255706231],[-111.66035826103374,40.263412590745787],[-111.66109585900541,40.263419277705744],[-111.66129349676243,40.263421069130111],[-111.66141864309063,40.262295929223484],[-111.661542169784,40.26090340154007],[-111.6615526092816,40.260785719355376],[-111.66168670955085,40.259333839784944],[-111.66172223493544,40.258924446268146],[-111.66177611340972,40.258303582187217],[-111.66180280464123,40.257890260423494],[-111.66157463322529,40.257665050585416],[-111.66135008490298,40.257437713354271],[-111.66109371460884,40.25717087393636],[-111.66049593761872,40.256566977769772],[-111.66011633662694,40.256277194855954],[-111.65978264748291,40.256082400485212],[-111.6593831837104,40.255920137223391],[-111.65898435704807,40.255835585070358],[-111.65859865756775,40.255811064453823],[-111.65699108237357,40.255783225889324],[-111.65610320140388,40.255774501245533],[-111.65608398132316,40.258778277941012],[-111.65497853225395,40.258763988362894],[-111.65329098706664,40.258667145060343],[-111.6530860685713,40.258698937500426],[-111.65239826070082,40.258823676381446],[-111.65225990454121,40.258886902223573],[-111.65207010406925,40.258945692582706],[-111.65144913215052,40.259225700453094],[-111.65022585544693,40.259760914379378],[-111.64982037945344,40.259977591622103],[-111.64852104267506,40.260688510356857],[-111.64771119938501,40.261135356121628],[-111.64754752678581,40.26121887470277],[-111.64739368651153,40.261261850636757],[-111.64710621446991,40.261350023547486],[-111.64612562238818,40.261673238813657],[-111.64593064157553,40.261720765725663],[-111.64580433568523,40.261756949388229],[-111.64568136534672,40.261804385932898],[-111.64525072432546,40.26194677609984],[-111.64509731928685,40.26202352089495],[-111.64367009008285,40.260129425428154],[-111.64355211357068,40.25993142460382]]]},"properties":{"LOCALSCHOOL":"P2","PRECINCTID":"25PR29"}},{"type":"Feature","geometry":{"type":"Polygon","coordinates":[[[-111.64325068215065,40.258965853474727],[-111.64325294403045,40.258992871918998],[-111.64325707628909,40.259035644891874],[-111.64326082059999,40.259069416370806],[-111.64326604968961,40.259109939080325],[-111.64327089434956,40.259143705605354],[-111.64327499368041,40.259170719991587],[-111.64327945627446,40.25919773573299],[-111.64328206141306,40.259213493862092],[-111.64328985918482,40.259254013416381],[-111.64329672940481,40.259287777452883],[-111.64331323135525,40.259362062391581],[-111.6433202661578,40.259389070469176],[-111.64332693889173,40.259416082593233],[-111.64333618972141,40.259449845504584],[-111.64336208594527,40.259535374286159],[-111.6433728133549,40.259569136280916],[-111.64338667258113,40.259609648380739],[-111.64341863147378,40.259695170600494],[-111.64342897330783,40.259722177308447],[-111.6434422635682,40.25975368452886],[-111.64345075617572,40.259773939553995],[-111.64346219720025,40.259798690588298],[-111.64346847496893,40.259814444197552],[-111.64355211357068,40.25993142460382],[-111.64367009008285,40.260129425428154],[-111.64509731928685,40.26202352089495],[-111.64525072432546,40.26194677609984],[-111.64568136534672,40.261804385932898],[-111.64580433568523,40.261756949388229],[-111.64593064157553,40.261720765725663],[-111.64612562238818,40.261673238813657],[-111.64710621446991,40.261350023547486],[-111.64739368651153,40.261261850636757],[-111.64754752678581,40.26121887470277],[-111.64771119938501,40.261135356121628],[-111.64852104267506,40.260688510356857],[-111.64982037945344,40.259977591622103],[-111.65022585544693,40.259760914379378],[-111.65144913215052,40.259225700453094],[-111.65207010406925,40.258945692582706],[-111.65225990454121,40.258886902223573],[-111.65239826070082,40.258823676381446],[-111.6530860685713,40.258698937500426],[-111.65329098706664,40.258667145060343],[-111.65497853225395,40.258763988362894],[-111.65608398132316,40.258778277941012],[-111.65610320140388,40.255774501245533],[-111.65610197529793,40.255774489375291],[-111.65610202115373,40.25577242953117],[-111.65614951273322,40.253626308505893],[-111.65611874176294,40.251518382833957],[-111.65613642620804,40.250627193384744],[-111.65617556458443,40.250509436011264],[-111.65627804234808,40.250272011861121],[-111.65654284569726,40.249932793833835],[-111.65683703053119,40.249706426774175],[-111.65724941623701,40.249468751542096],[-111.65763221093731,40.249219613492144],[-111.65808848314892,40.248981875081547],[-111.65862781700555,40.248658189146703],[-111.65862781531736,40.248657967589033],[-111.65862493073402,40.248165797587923],[-111.65862202967365,40.246903165893144],[-111.65862228620971,40.246648855971841],[-111.65862230336961,40.246631385122861],[-111.65814713463114,40.246627234797039],[-111.65778124170046,40.246623100600409],[-111.65778115324768,40.246585698490549],[-111.65732218540847,40.24657862911593],[-111.65732943072797,40.246375999918243],[-111.65654566152816,40.246356596288521],[-111.65606487757383,40.246354433656386],[-111.65611792475974,40.244321003975081],[-111.65571716204501,40.244320720611178],[-111.65541388100864,40.244302557881824],[-111.65511139939548,40.244232993123646],[-111.65339422643416,40.244302496919431],[-111.65244915621658,40.244288041212378],[-111.65166461638871,40.244293485429729],[-111.64993786283964,40.244309154011702],[-111.64986542842435,40.244309810842147],[-111.64859389040868,40.244307512335688],[-111.64858061949182,40.245389624701197],[-111.64782947605738,40.24536884119874],[-111.6478296472945,40.245448234270107],[-111.64767026219648,40.245431287620981],[-111.64700167380025,40.245150549291317],[-111.64686833404062,40.245063892573526],[-111.64658152345845,40.245068279906455],[-111.6465300531619,40.245069067753043],[-111.64652559581407,40.24590620411594],[-111.6457474239599,40.24590002447583],[-111.64571694452698,40.245900043615222],[-111.64553660553578,40.245900158723096],[-111.64379178848236,40.245901261066791],[-111.6430991676925,40.245901692519894],[-111.64309085672174,40.245901697304319],[-111.64311143446196,40.246890499159967],[-111.64311417020326,40.247127784793058],[-111.6431534210507,40.249265717209781],[-111.64316211904311,40.249739468174845],[-111.64316257328699,40.24977010772313],[-111.64323603994562,40.251256620777554],[-111.64326969248067,40.253868120288814],[-111.64328596247248,40.253867521203368],[-111.64328693913208,40.253888237625823],[-111.64330785633742,40.254331949807288],[-111.64330884136,40.254802994055645],[-111.64330967499468,40.25520332492291],[-111.64329097790345,40.255923865536985],[-111.64326650979879,40.256693952310613],[-111.64325412808968,40.257977386907818],[-111.64325068215065,40.258965853474727]]]},"properties":{"LOCALSCHOOL":"P2","PRECINCTID":"25PR30"}},{"type":"Feature","geometry":{"type":"Polygon","coordinates":[[[-111.64326969248067,40.253868120288814],[-111.64290198117813,40.253868576383873],[-111.64139024217178,40.254683188448467],[-111.64017502683375,40.25530251395498],[-111.63780094438036,40.256529904672192],[-111.63785304063018,40.259106872184631],[-111.63786159555494,40.259530023917208],[-111.63786160590367,40.259530493142073],[-111.6378953879147,40.261189097931542],[-111.63888532169126,40.261187915542223],[-111.63887164749232,40.261292075374179],[-111.63886311565108,40.261849999102068],[-111.63886247831917,40.261891700689844],[-111.63885661112317,40.262275383017034],[-111.63984430984671,40.262271618424613],[-111.63989395866173,40.262268295905578],[-111.64055180291211,40.261745376800675],[-111.64109457801395,40.261280889163018],[-111.64166419763004,40.260832127676792],[-111.64196099194342,40.260631372371911],[-111.64229416482404,40.260435077903161],[-111.64248944691803,40.260356034035688],[-111.64355211475191,40.259931427304345],[-111.64346847496893,40.259814444197552],[-111.64346219720025,40.259798690588298],[-111.64345075617572,40.259773939553995],[-111.6434422635682,40.25975368452886],[-111.64342897330783,40.259722177308447],[-111.64341863147378,40.259695170600494],[-111.64338667258113,40.259609648380739],[-111.6433728133549,40.259569136280916],[-111.64336208594527,40.259535374286159],[-111.64333618972141,40.259449845504584],[-111.64332693889173,40.259416082593233],[-111.6433202661578,40.259389070469176],[-111.64331323135525,40.259362062391581],[-111.64329672940481,40.259287777452883],[-111.64328985918482,40.259254013416381],[-111.64328206141306,40.259213493862092],[-111.64327945627446,40.25919773573299],[-111.64327499368041,40.259170719991587],[-111.64327089434956,40.259143705605354],[-111.64326604968961,40.259109939080325],[-111.64326082059999,40.259069416370806],[-111.64325707628909,40.259035644891874],[-111.64325294403045,40.258992871918998],[-111.64325068215065,40.258965853474727],[-111.64325412808968,40.257977386907818],[-111.64326650980067,40.25669395321124],[-111.64329097790345,40.255923865536985],[-111.64330967499468,40.25520332492291],[-111.64330884136,40.254802994055645],[-111.64330785633742,40.254331949807288],[-111.64328693913208,40.253888237625823],[-111.64328596247248,40.253867521203368],[-111.64326969248067,40.253868120288814]]]},"properties":{"LOCALSCHOOL":"P2","PRECINCTID":"25PR31"}},{"type":"Feature","geometry":{"type":"Polygon","coordinates":[[[-111.65872921862776,40.310115313405106],[-111.65927857406061,40.31011466666893],[-111.65928624381817,40.310126971472208],[-111.65929382854861,40.310139136792699],[-111.66023917016736,40.311651637170712],[-111.66026888782672,40.311699178645249],[-111.66026937778767,40.311698404329611],[-111.66032648867724,40.311608164524927],[-111.6603411792351,40.311584938659934],[-111.66099787581925,40.310547291745749],[-111.66099807273312,40.31054697985531],[-111.66104306438545,40.310475885812636],[-111.66154484421564,40.309682987051048],[-111.66158120349998,40.309625532199867],[-111.66158129492322,40.309625387972069],[-111.66181385764229,40.309257891349539],[-111.66181397836499,40.309257700248089],[-111.66183689588574,40.309221484652369],[-111.66222571768878,40.308607056416747],[-111.6622439020442,40.308578321664569],[-111.66224393017191,40.308578276593792],[-111.6622443075709,40.308577679850167],[-111.66226648039084,40.308542642324213],[-111.66237209552217,40.308469918921936],[-111.66237440895307,40.308469658125546],[-111.66246635779301,40.30840659851561],[-111.66246667139147,40.308406383728709],[-111.6624669485783,40.308406193309537],[-111.66248668174514,40.308392659963154],[-111.66248666098916,40.308391349569838],[-111.66324370711601,40.307809511491101],[-111.66325908646971,40.307787782020583],[-111.66330930702128,40.307716825633058],[-111.66331719892879,40.307705674659431],[-111.66341570276606,40.307566496139927],[-111.6634705638857,40.307460517434031],[-111.66349035993787,40.307422275829424],[-111.66351686939774,40.307371064700298],[-111.6635268042921,40.307351874493527],[-111.6635515276997,40.307272504826621],[-111.66356386778189,40.307232888468938],[-111.66370073200348,40.306793502501463],[-111.66390418850038,40.306400486635987],[-111.66390495258121,40.306399261601932],[-111.66390529829022,40.306398706326121],[-111.66399013204021,40.306262632911739],[-111.66419888678233,40.305927785514527],[-111.66426497747787,40.305821775283235],[-111.66466201702738,40.305410638651487],[-111.66491646118064,40.304690906709972],[-111.66491650675307,40.304690779656092],[-111.66491756532977,40.304687783550762],[-111.66498710631092,40.304595912467313],[-111.66511505006726,40.304426885173484],[-111.66527752589326,40.303976364021025],[-111.66529463211972,40.303928932187482],[-111.66539555356175,40.303649088994149],[-111.66539569934285,40.303647591932041],[-111.66539572226077,40.303647339721721],[-111.66540599214676,40.303541301501411],[-111.66540599785223,40.303541228541889],[-111.66540757825152,40.303524901389757],[-111.66540904045576,40.303509803771952],[-111.66541717550516,40.303425795405822],[-111.66542835311384,40.303310359562488],[-111.66544483299435,40.303048578268282],[-111.66545252628657,40.302926372763437],[-111.66545253327934,40.30292634573447],[-111.66548233633453,40.302838913064882],[-111.66548525065652,40.30283037001206],[-111.6655633455929,40.302601255678866],[-111.66590816279732,40.302290200337424],[-111.6661915494078,40.301874040698785],[-111.666191637376,40.301873935199247],[-111.66619177333276,40.301873730561539],[-111.66619204672871,40.301873447372976],[-111.66619248671385,40.301872979317118],[-111.6663446955658,40.30171113279264],[-111.66647696141388,40.301570502840171],[-111.66666556285915,40.301369963132132],[-111.66666577406232,40.301369743976295],[-111.66666601225705,40.301369498663547],[-111.66666855122033,40.301366794934907],[-111.66666862396085,40.30136671647579],[-111.66666877296862,40.301366558651928],[-111.66667195846028,40.30101809175693],[-111.66668719663241,40.30094668020223],[-111.66668814802539,40.300942232404758],[-111.66675128220614,40.300646350007611],[-111.66666842266578,40.300300408719188],[-111.66646504136762,40.299970938851438],[-111.66638224334673,40.299632441862293],[-111.66637950598495,40.299621244546287],[-111.66632697737683,40.299406490544129],[-111.66649889217592,40.299143394890315],[-111.66650769265749,40.299042593013056],[-111.66650791466137,40.299040045696458],[-111.66651938615227,40.298908651687626],[-111.66669138380406,40.298496285865369],[-111.66670882240129,40.298056747535142],[-111.66670950177267,40.298039627260692],[-111.66672094895019,40.297751100906623],[-111.66679868928972,40.297660100352914],[-111.66680123684247,40.297657118308955],[-111.6668233402536,40.297631244769718],[-111.66688565782586,40.297558297831124],[-111.66694797526532,40.297485350857578],[-111.66695763224834,40.297472802890823],[-111.66697163112016,40.297454615232809],[-111.66697445457775,40.297450946505087],[-111.66699614289833,40.297422766092616],[-111.66699622732207,40.297422656994883],[-111.6669901843099,40.297133433247659],[-111.66698863028535,40.29705905545287],[-111.66698862897955,40.297059002317134],[-111.66698862770234,40.297058960889693],[-111.66698518909739,40.296912599660935],[-111.66697962978571,40.296676034534087],[-111.66697962853047,40.296676002112939],[-111.66722670267148,40.296651133330649],[-111.66726752672432,40.296647018411846],[-111.66759201898526,40.296512507875057],[-111.66759223989102,40.296512415693115],[-111.66778857216407,40.296431029664205],[-111.66778874300375,40.296430666461973],[-111.66784356830597,40.296315031427568],[-111.66785798753182,40.296284258446299],[-111.66794477057127,40.296099050026392],[-111.66794804919286,40.296092053664459],[-111.66803001734776,40.295735159064058],[-111.66809644826138,40.295445911999735],[-111.66809653553973,40.295445530003796],[-111.66822153346605,40.29515704064336],[-111.66840331699581,40.294979371100524],[-111.66853357532966,40.294852060022578],[-111.66853363753957,40.294852007695809],[-111.66864300513836,40.294760140607998],[-111.6688455320828,40.29459001926989],[-111.6689295334231,40.294339047651988],[-111.66892852152498,40.293686055931758],[-111.66894400940706,40.293670286775772],[-111.66909137680409,40.293520237078546],[-111.66911965867519,40.293491440559677],[-111.66912005170629,40.293491040107291],[-111.66912036393262,40.293490782072716],[-111.66915742491808,40.293460139134133],[-111.66939507502364,40.293263641142822],[-111.66941153368516,40.293250032046409],[-111.66937421962825,40.293200125052422],[-111.6693736744317,40.293199395425354],[-111.6693255521205,40.293135030829639],[-111.66958357668132,40.29243504242644],[-111.66957759719151,40.292435087132951],[-111.66957565421019,40.292435101661965],[-111.66949194606178,40.292435729313787],[-111.66932210573538,40.292437001460911],[-111.66931752114672,40.292437036026335],[-111.66931751165289,40.292437001815863],[-111.66931351663472,40.292421938123795],[-111.66931350001492,40.292421876003871],[-111.6693085944069,40.292403383099483],[-111.66930368879486,40.292384887492965],[-111.66930229737056,40.292379642389925],[-111.66928755087496,40.292324044832668],[-111.66928754942501,40.292323934056213],[-111.6692815522014,40.291785717532939],[-111.66928153397855,40.291784054980376],[-111.66928180246752,40.291781331960642],[-111.66930950838096,40.291499875537163],[-111.66930954164971,40.291499535948148],[-111.66930994138507,40.291498522150114],[-111.66935263482789,40.291390298948734],[-111.66935352313037,40.291388047865226],[-111.66961252326298,40.290928058953376],[-111.66966852526498,40.290809025734951],[-111.66972556048999,40.290667048106457],[-111.66976173611761,40.290559415108561],[-111.66976454750478,40.290551051291288],[-111.66977854756558,40.290426031252437],[-111.66977822152423,40.290424505143186],[-111.66977789906038,40.290422998842757],[-111.66977659490406,40.290416898008225],[-111.66973864964315,40.290239434493465],[-111.66973856516334,40.290239041036948],[-111.66973849065218,40.290236025805527],[-111.66973750707056,40.290196020846011],[-111.66973750575161,40.290195963207026],[-111.66973478538635,40.290085381284975],[-111.66973455518766,40.290076018575007],[-111.66939995332341,40.290087267863356],[-111.66939803405572,40.290087332790954],[-111.66937655165191,40.290088054734625],[-111.66934337280429,40.289944667051415],[-111.6693404102639,40.28993186335682],[-111.66932627996317,40.289870795287541],[-111.66932342799207,40.289858470572014],[-111.66928968586065,40.28971264384851],[-111.66928955033505,40.289712057728806],[-111.66913955836021,40.289714033072016],[-111.6688787543831,40.289716598997039],[-111.66887785585304,40.289716607501234],[-111.66771662777627,40.289728024683924],[-111.66771652192857,40.289728025736558],[-111.66771426441129,40.289727799315067],[-111.66742452588643,40.28969873525994],[-111.66742259658709,40.289698541686029],[-111.66742255776666,40.289698538139113],[-111.66731410634267,40.289758387905593],[-111.66727886645347,40.289801742912253],[-111.66701777188614,40.289991577695361],[-111.66680593457298,40.290089320553086],[-111.66660114231146,40.290176223690423],[-111.66637515372598,40.290268571301219],[-111.66617036038632,40.290355475479643],[-111.66591616104105,40.290474931029728],[-111.66576091154386,40.290588826495984],[-111.66563382604667,40.290653967159884],[-111.66549269010255,40.290757016568485],[-111.66538693798714,40.290876255126221],[-111.66529531307718,40.290990062554314],[-111.66518245605945,40.291093071553831],[-111.66509784454806,40.291185215743639],[-111.66494249132703,40.291255806629351],[-111.66473771690514,40.291353534813361],[-111.66462472834945,40.291402414161432],[-111.66443410322783,40.291505530199842],[-111.66429996860298,40.291581507690893],[-111.66414474338875,40.291706229305831],[-111.66402485136194,40.291825486459089],[-111.66389802922305,40.292004297121352],[-111.66382758278561,40.292107245257867],[-111.66376434953862,40.292269728944731],[-111.66366586537629,40.292475563777366],[-111.66363088042463,40.292627180315101],[-111.6636276280619,40.292723070426426],[-111.66345046480791,40.292724627093044],[-111.65854579628667,40.292829219951429],[-111.65746705436506,40.292849046771046],[-111.65746192762691,40.292847588343903],[-111.65746585612446,40.293066079653279],[-111.65742961335123,40.293066488760296],[-111.65691285945792,40.293072321311278],[-111.65654948960254,40.294482799763053],[-111.65649631740203,40.294775211676871],[-111.65636895530704,40.295365788838382],[-111.65613722671361,40.295751794947762],[-111.65571304354989,40.296642483373269],[-111.6557136411059,40.296905825231555],[-111.65571435539901,40.297221026484394],[-111.65556239268091,40.298393246400309],[-111.65554310832937,40.298586118168927],[-111.6553886800652,40.298868211182672],[-111.65517574896772,40.2988535796826],[-111.65521473935264,40.299046373043929],[-111.65494465727294,40.299521481276926],[-111.65500495680246,40.300045775054862],[-111.65502191749584,40.300193247911508],[-111.65515505471019,40.300201384033613],[-111.65524750536736,40.300199765253659],[-111.65528147345545,40.300449932994816],[-111.65521228038018,40.300450063673935],[-111.65523937622098,40.30064976980379],[-111.65501402818758,40.300655283721447],[-111.65502253106752,40.300764663670989],[-111.65503749729578,40.300874872630082],[-111.65509604204085,40.301305994104403],[-111.65509563356372,40.301318328852595],[-111.65508846526961,40.301318397810959],[-111.65508855134745,40.301333552693514],[-111.65509044865226,40.301666983503075],[-111.65509055572095,40.301685693164785],[-111.65526670341306,40.301683522820028],[-111.65520463884036,40.301965527636199],[-111.65520463185392,40.301965559167712],[-111.65507482144767,40.301966805109437],[-111.65505780269483,40.302458935804928],[-111.65505529762495,40.302531380834431],[-111.65509183200037,40.302936960462659],[-111.65509099209977,40.302936963378961],[-111.65497582340456,40.302937375595292],[-111.65497583413836,40.30293744042676],[-111.65497626373828,40.302940143563838],[-111.65493546247176,40.302940711944409],[-111.6549538110641,40.303082652936283],[-111.65496043155191,40.303165843031707],[-111.65490310895113,40.303408482608198],[-111.6547802509785,40.303415719030788],[-111.65478508305991,40.303550876338441],[-111.65478865970627,40.30364375229037],[-111.65506309328622,40.303620846368311],[-111.65506803656056,40.303620433620665],[-111.65508354853914,40.303619138631646],[-111.65508362734023,40.303619132222607],[-111.65508416953708,40.303619087371743],[-111.65508418519309,40.303626000625563],[-111.65508424144448,40.303649800732337],[-111.65508431090844,40.303679435135152],[-111.65508431110831,40.303679523397093],[-111.65508431158966,40.303679735946325],[-111.65534049478858,40.303842269128772],[-111.6553405572251,40.303842308673694],[-111.6553414737493,40.303842890165861],[-111.65511762725492,40.304800005835929],[-111.65491595534172,40.306600583142341],[-111.65491342843445,40.306600586492912],[-111.65480689953439,40.306600729496509],[-111.65479938704384,40.306600739450531],[-111.65475747544211,40.306600795874999],[-111.65475762766789,40.306601003719891],[-111.65475763363332,40.30660104063795],[-111.65475784738419,40.30660244534419],[-111.65475854118603,40.306607007938553],[-111.65476944732144,40.306678702885229],[-111.65477646771413,40.306724851986253],[-111.65477660265678,40.306725740733405],[-111.65478062741963,40.306793003765478],[-111.65480862761609,40.307081004760569],[-111.65487362859362,40.307538003871301],[-111.65487395755007,40.307538849130509],[-111.65490162790925,40.307610004856571],[-111.65492862758794,40.307653004046209],[-111.65495862843864,40.307682004298691],[-111.65505562787514,40.3077230048548],[-111.65507643975577,40.307724987447578],[-111.65507691866247,40.30772503274423],[-111.65509762699493,40.307727004663093],[-111.65524956635517,40.307720098547094],[-111.65525162723544,40.307720004844576],[-111.65525185509601,40.307722438054519],[-111.6553166272578,40.308411004471964],[-111.65531862718903,40.308425004865754],[-111.65531863079387,40.308425038184431],[-111.65532233050912,40.308464379249145],[-111.65533566321108,40.308463930120325],[-111.65560244896905,40.308454944347048],[-111.65560439582256,40.308454879610537],[-111.65774837128561,40.308426577864097],[-111.65777362151444,40.308426242957673],[-111.65777449322934,40.308426232774167],[-111.65778308917847,40.308426119394319],[-111.65779292919605,40.308735634985659],[-111.65782477808709,40.30973721438815],[-111.65814341172688,40.310116002398381],[-111.65817181972726,40.310115969348089],[-111.65817193031451,40.310115969198378],[-111.65817854908042,40.310115960237958],[-111.65872921862776,40.310115313405106]]]},"properties":{"LOCALSCHOOL":"P1","PRECINCTID":"25PR04"}},{"type":"Feature","geometry":{"type":"Polygon","coordinates":[[[-111.65447700503231,40.303213521626176],[-111.65447708463137,40.303214390633805],[-111.65447708824371,40.303214427555048],[-111.65447765138596,40.30322054032181],[-111.65449707110425,40.303431462299251],[-111.65449709699014,40.303432507902336],[-111.65451863878971,40.303666289675917],[-111.6546263230364,40.303657302064558],[-111.65462640536452,40.303657294750529],[-111.65463746335222,40.303656372274169],[-111.65478865970627,40.30364375229037],[-111.65478508305991,40.303550876338441],[-111.6547802509785,40.303415719030788],[-111.65490310895113,40.303408482608198],[-111.65496043155191,40.303165843031707],[-111.6549538110641,40.303082652936283],[-111.65493546247176,40.302940711944409],[-111.65497626373828,40.302940143563838],[-111.65497583413836,40.30293744042676],[-111.65497582340456,40.302937375595292],[-111.65509099209977,40.302936963378961],[-111.65509183200037,40.302936960462659],[-111.65505529762495,40.302531380834431],[-111.65505780269483,40.302458935804928],[-111.65507482144767,40.301966805109437],[-111.65520463185392,40.301965559167712],[-111.65520463884036,40.301965527636199],[-111.65526670341306,40.301683522820028],[-111.65509055572095,40.301685693164785],[-111.65509044865226,40.301666983503075],[-111.65508855134745,40.301333552693514],[-111.65508846526961,40.301318397810959],[-111.65509563356372,40.301318328852595],[-111.65509604204085,40.301305994104403],[-111.65503749729578,40.300874872630082],[-111.65502253106752,40.300764663670989],[-111.65501402818758,40.300655283721447],[-111.65523937622098,40.30064976980379],[-111.65521228038018,40.300450063673935],[-111.65528147345545,40.300449932994816],[-111.65524750536736,40.300199765253659],[-111.65515505471019,40.300201384033613],[-111.65502191749584,40.300193247911508],[-111.65500495680246,40.300045775054862],[-111.65494465727294,40.299521481276926],[-111.65521473935264,40.299046373043929],[-111.65517574896772,40.2988535796826],[-111.6553886800652,40.298868211182672],[-111.65554310832937,40.298586118168927],[-111.65556239268091,40.298393246400309],[-111.65571435539901,40.297221026484394],[-111.6557136411059,40.296905825231555],[-111.65571304354989,40.296642483373269],[-111.65613722671361,40.295751794947762],[-111.65636895530704,40.295365788838382],[-111.65649631740203,40.294775211676871],[-111.65654948960254,40.294482799763053],[-111.65338957249986,40.294487038731354],[-111.653247123688,40.293595070180913],[-111.65321180461393,40.29337390723947],[-111.65301335648057,40.293379637836836],[-111.65301331884707,40.293379639687373],[-111.65264809815766,40.293393767599547],[-111.65237691864468,40.293401596958638],[-111.65090421552178,40.293444107748314],[-111.64987439919452,40.293475269034069],[-111.64905896490907,40.29349819793768],[-111.64876347082752,40.293509367880979],[-111.6486577487194,40.29351581414506],[-111.6485527252064,40.293527124670291],[-111.64844878243778,40.293543259344816],[-111.6483462978162,40.293564158249985],[-111.64810514296084,40.293633040622446],[-111.64807608451626,40.293641328204735],[-111.64805461661103,40.293646108082193],[-111.64806012208527,40.293653619627918],[-111.64806261234644,40.293657016378894],[-111.64802305175171,40.293676182553156],[-111.64800976775426,40.293682619131751],[-111.64800069008055,40.293687017640053],[-111.64795565552443,40.293711639584927],[-111.64794408027217,40.293717967716397],[-111.64781510164993,40.293798780405588],[-111.64783494379982,40.293829265297759],[-111.64783778705991,40.293835455384745],[-111.64784970370157,40.293861397581004],[-111.64785619385125,40.293884263761925],[-111.64785915210044,40.293894682196587],[-111.64786027119028,40.293904193315115],[-111.64786252373599,40.293923331716172],[-111.64786314438659,40.293928605965384],[-111.64786372672353,40.293968979913814],[-111.64786452202304,40.294024097030359],[-111.64786523854295,40.294073777096301],[-111.64786662163078,40.294169611292972],[-111.6478684556436,40.294296702443276],[-111.64786904634673,40.294337679803654],[-111.64786915130637,40.294344891075625],[-111.64787288997026,40.294603995251549],[-111.64787408774814,40.294686990179343],[-111.64786426343356,40.294730794310105],[-111.64785050689687,40.29477397387096],[-111.64783761255333,40.294804101201628],[-111.64782815771058,40.294826193194119],[-111.64780006035693,40.294876761711826],[-111.64776642102622,40.294925303593338],[-111.64774254635788,40.294953609302532],[-111.64772748595215,40.29497146637339],[-111.64770839199379,40.294988619741105],[-111.64764709314657,40.295051456349377],[-111.64748767801592,40.29519431148185],[-111.64738008959657,40.295290723597454],[-111.64728836444081,40.295372920666388],[-111.64684960008812,40.295786456650873],[-111.64637149513334,40.296245672802655],[-111.64607232147644,40.296551972943021],[-111.64579314990488,40.296781710305204],[-111.64559394744468,40.296889023753309],[-111.6451746280101,40.296965907910128],[-111.64470550227185,40.297020028330344],[-111.64438612389122,40.29709695062396],[-111.64412644116622,40.297219595780483],[-111.64392725633471,40.297342181142461],[-111.64382763450844,40.297495175198243],[-111.64326831880443,40.297495871505944],[-111.64326914724704,40.297893579871157],[-111.64335658845124,40.301131322103963],[-111.64335432030832,40.301382408559718],[-111.64335432038372,40.301382444585016],[-111.64335431656457,40.301382867888421],[-111.64335426398036,40.301388654535891],[-111.64335423724059,40.301391614957474],[-111.64336766152597,40.30212666645464],[-111.6468838602176,40.302122298469612],[-111.64688385157125,40.302118267236729],[-111.64688384477162,40.302115097008901],[-111.64688383194697,40.302109117707076],[-111.64688383186582,40.302109079880466],[-111.64688233351241,40.301410487680599],[-111.64694758113323,40.301410405626811],[-111.64694765994608,40.301410405527669],[-111.6469569104561,40.301410393891501],[-111.64695926778344,40.301410390926129],[-111.64813611519499,40.301408904577876],[-111.64813611141945,40.30140715915099],[-111.64813610631526,40.301404799492339],[-111.64813609984542,40.301401808489828],[-111.64813609975189,40.301401765259477],[-111.64813609239954,40.301398366270185],[-111.6481342542352,40.300548574710071],[-111.64820054558433,40.300548490631911],[-111.64820062557249,40.30054849053046],[-111.64820874201632,40.300548480233665],[-111.64821225090789,40.300548475782001],[-111.64827922686126,40.300548390790659],[-111.64931131618884,40.300547076231688],[-111.64931138001403,40.300542899901835],[-111.64931142428965,40.300540007903614],[-111.6493115159731,40.300534041974771],[-111.64931151706698,40.300534004146705],[-111.6493119723126,40.300504338422073],[-111.64931500484899,40.300306893551088],[-111.64938054641387,40.300300223411135],[-111.64938062520773,40.300300215204672],[-111.64939224795259,40.300299032217261],[-111.64939536444237,40.30029871481058],[-111.65001513853116,40.300235635304084],[-111.6500175905569,40.300235385381107],[-111.65025529121513,40.300211191427159],[-111.65256406651017,40.300208069393136],[-111.6525826201345,40.300208044260806],[-111.65258273893978,40.300208044105617],[-111.65404385942882,40.300206043717992],[-111.65404394412377,40.300206044506929],[-111.65404825757787,40.300206037918421],[-111.65405213815922,40.300206032801185],[-111.65405254984275,40.30021020760676],[-111.65414217029364,40.301120000904184],[-111.65413936251436,40.301120032528566],[-111.65413927899863,40.301120033539405],[-111.65413628301647,40.30112006811391],[-111.65414898791758,40.301212905092221],[-111.65414934311731,40.301215497553741],[-111.65416499259713,40.301329862139312],[-111.65416130141706,40.301329902135045],[-111.65416121790106,40.301329903145927],[-111.65292737799581,40.301343367269901],[-111.65291227568063,40.301343532941445],[-111.65069153788255,40.301367732129954],[-111.65070225125355,40.301719240871208],[-111.65071471821042,40.302128282601622],[-111.64973442471236,40.302095757618105],[-111.64847195747879,40.302135898978086],[-111.64836056936232,40.302139439484797],[-111.64827204039781,40.302142253783387],[-111.64827913701906,40.302167171660642],[-111.64851662838484,40.303001004106648],[-111.64851663905198,40.303001041019144],[-111.64851682278875,40.303001688342178],[-111.64852653913246,40.303001578721236],[-111.64946888896422,40.30299090399307],[-111.6494689324888,40.302990903937356],[-111.64952336751658,40.302990286693912],[-111.65058525855986,40.302978248454217],[-111.65059377199493,40.302981038455691],[-111.65214241787309,40.302971339605996],[-111.65389013392183,40.302948353898721],[-111.65389460373146,40.302999002436557],[-111.65389460734542,40.302999040258499],[-111.65389513242681,40.303004990964197],[-111.65390328986605,40.303097419612051],[-111.65390405152505,40.303106045792958],[-111.65391366237284,40.303214965853805],[-111.65391366597879,40.303215000073187],[-111.65391366961308,40.303215046901435],[-111.6539136828787,40.303215191886196],[-111.65391721867901,40.303215061138999],[-111.65392376685,40.303214819247223],[-111.65402033796487,40.303211255147737],[-111.65403578477984,40.303215538917534],[-111.65405447680774,40.303220723544364],[-111.65408678378878,40.303219601977254],[-111.65408854934634,40.303219541107346],[-111.65422925632217,40.303214658625421],[-111.6544763200932,40.30320608508675],[-111.65447700503231,40.303213521626176]]]},"properties":{"LOCALSCHOOL":"P1","PRECINCTID":"25PR05"}},{"type":"Feature","geometry":{"type":"Polygon","coordinates":[[[-111.63630063836597,40.298075063951423],[-111.63636832779068,40.301527610194718],[-111.6363781143602,40.301527419544115],[-111.63661915451405,40.301522734704484],[-111.63664471604322,40.301522237379245],[-111.63664501834313,40.301522230721218],[-111.63876032276947,40.301481092916312],[-111.638937977002,40.301477635878946],[-111.64111064404922,40.301435337136908],[-111.64335423724059,40.301391614957474],[-111.64335426398036,40.301388654535891],[-111.64335431656457,40.301382867888421],[-111.64335432038372,40.301382444585016],[-111.64335432030832,40.301382408559718],[-111.64335658845124,40.301131322103963],[-111.64326914724704,40.297893579871157],[-111.64326831880443,40.297495871505944],[-111.64382763450844,40.297495175198243],[-111.64392725633471,40.297342181142461],[-111.64412644116622,40.297219595780483],[-111.64438612389122,40.29709695062396],[-111.64470550227185,40.297020028330344],[-111.6451746280101,40.296965907910128],[-111.64559394744468,40.296889023753309],[-111.64579314990488,40.296781710305204],[-111.64607232147644,40.296551972943021],[-111.64637149513334,40.296245672802655],[-111.64684960008812,40.295786456650873],[-111.64728836444081,40.295372920666388],[-111.64738008959657,40.295290723597454],[-111.64748767801592,40.29519431148185],[-111.64764709314657,40.295051456349377],[-111.64770839199379,40.294988619741105],[-111.64772748595215,40.29497146637339],[-111.64774254635788,40.294953609302532],[-111.64776642102622,40.294925303593338],[-111.64780006035693,40.294876761711826],[-111.64782815771058,40.294826193194119],[-111.64783761255333,40.294804101201628],[-111.64785050689687,40.29477397387096],[-111.64786426343356,40.294730794310105],[-111.64787408774814,40.294686990179343],[-111.64787288997026,40.294603995251549],[-111.64786915130637,40.294344891075625],[-111.64786904634673,40.294337679803654],[-111.6478684556436,40.294296702443276],[-111.64786662163078,40.294169611292972],[-111.64786523854295,40.294073777096301],[-111.64786452202304,40.294024097030359],[-111.64786372672353,40.293968979913814],[-111.64786314438659,40.293928605965384],[-111.64786252373599,40.293923331716172],[-111.64786027119028,40.293904193315115],[-111.64785915210044,40.293894682196587],[-111.64785619385125,40.293884263761925],[-111.64784970370157,40.293861397581004],[-111.64783778705991,40.293835455384745],[-111.64783494379982,40.293829265297759],[-111.64781510164993,40.293798780405588],[-111.64794408027217,40.293717967716397],[-111.64795565552443,40.293711639584927],[-111.64800069008055,40.293687017640053],[-111.64800976775426,40.293682619131751],[-111.64802305175171,40.293676182553156],[-111.64806261234644,40.293657016378894],[-111.64806012208527,40.293653619627918],[-111.64805461661103,40.293646108082193],[-111.64803777578322,40.293623128038874],[-111.64801535184108,40.29358826754985],[-111.64800790956767,40.293574934932188],[-111.64799540659709,40.293552533899685],[-111.64797799673242,40.293516032392397],[-111.64796317304271,40.293478866538109],[-111.64795097810189,40.293441145261077],[-111.64794144742461,40.293402976593569],[-111.64793460829588,40.29336447037948],[-111.64793197729352,40.293335112017623],[-111.64792299337952,40.293307750309076],[-111.64792295978518,40.293292195435441],[-111.64792293861829,40.29328239472116],[-111.64792285524426,40.293243790786448],[-111.64792256509351,40.29310889991708],[-111.64790987516241,40.292459587519467],[-111.6478935952134,40.292058357632165],[-111.64779799750735,40.292060020524637],[-111.64729702419248,40.292068732962242],[-111.64708593258625,40.291529148288845],[-111.64571889598261,40.29163237443781],[-111.64708883832105,40.290840470557967],[-111.64679387715783,40.290842654604312],[-111.64681815131364,40.290296683999756],[-111.64622457232601,40.290302685621306],[-111.64615824624873,40.289961067210271],[-111.64601761839236,40.289578983165825],[-111.64575795837264,40.289487515269293],[-111.64529900476042,40.289656411990158],[-111.64458159224513,40.290314774790026],[-111.64406254049807,40.290468467943583],[-111.6434850536024,40.291187904472046],[-111.64338521562918,40.291233843444431],[-111.64320625503456,40.291585793767368],[-111.64287679182731,40.291547930008768],[-111.64285535586862,40.290936303009786],[-111.64293458453467,40.290676271917569],[-111.64267485969471,40.290554263830401],[-111.64243589090763,40.290417569258864],[-111.6424351416764,40.290416419156429],[-111.64269334203716,40.289957853673961],[-111.64257335144335,40.289789684331389],[-111.64203406534513,40.289556602174422],[-111.64197366853571,40.28953049853515],[-111.64217596881954,40.289375219198902],[-111.64225285541539,40.289316203088866],[-111.64281130930486,40.288933068899489],[-111.64320988639309,40.288596302085281],[-111.64314967996802,40.288519854888847],[-111.64316092494956,40.288116563708897],[-111.64316239534971,40.288063809665694],[-111.64316844224187,40.287846921113257],[-111.64256627622783,40.287835857491636],[-111.64238959741567,40.287832610954219],[-111.64239153921193,40.287853585376631],[-111.64241524254329,40.288109545170848],[-111.64219138130616,40.288192643392549],[-111.64204432810196,40.288159194253844],[-111.64192323158801,40.288105469725629],[-111.64173752135423,40.288015458387861],[-111.64162044176992,40.287952117047354],[-111.64106791321321,40.288164515149077],[-111.64047449540161,40.288329775319497],[-111.63971626694904,40.288321092056734],[-111.63923576762281,40.288041149166133],[-111.6386659718471,40.287248484495201],[-111.63864747697173,40.287173539028387],[-111.63862075463786,40.287135922217253],[-111.63834915042651,40.286754858556989],[-111.63833699707274,40.286770036119172],[-111.63830687696186,40.286795096058754],[-111.6382699756177,40.286825385025615],[-111.63823526502729,40.286852650642778],[-111.63818303541082,40.286883827739778],[-111.63815476201529,40.286900339286227],[-111.63812207410709,40.286919406657304],[-111.63801842747445,40.286979520774935],[-111.63794858743029,40.287020720175192],[-111.63745292074526,40.286325456027583],[-111.63724736443832,40.28640433710283],[-111.63721278795093,40.286411166749318],[-111.63716070609686,40.286421641117876],[-111.63711286284396,40.286430994594959],[-111.63709086666765,40.286434914780507],[-111.63702073311741,40.286446384765171],[-111.63697281454634,40.286453966715065],[-111.63692447003936,40.286460275640209],[-111.6368800052313,40.286465943246455],[-111.63684472662645,40.28647044635391],[-111.63680929046515,40.286474969449323],[-111.63676476291695,40.286479263609749],[-111.63672037101256,40.286483170319386],[-111.63669356638282,40.286485565871892],[-111.63664933450715,40.286489519200494],[-111.63661342309437,40.286491632680949],[-111.63657754712061,40.286493236346914],[-111.63652377229495,40.286496396515453],[-111.63648850076228,40.286497976030887],[-111.63645255509282,40.286498837612903],[-111.63639891419105,40.286499566741242],[-111.63636291132666,40.286500055497676],[-111.63632718365329,40.286500541219894],[-111.63627325364725,40.286499601742875],[-111.63623763079303,40.28649898042935],[-111.63620156380192,40.286497975049784],[-111.63616585627142,40.286497352912512],[-111.63613966971722,40.286493576434985],[-111.6358542651802,40.286448509313708],[-111.63553106263763,40.28637018961637],[-111.6350889500621,40.286217368809723],[-111.6345492430905,40.285897770259176],[-111.63451605939873,40.285874244144331],[-111.63449603948006,40.285860433373671],[-111.63446502384978,40.28583719835602],[-111.63444571923702,40.285822315892396],[-111.63406206296548,40.285770942186829],[-111.6337347462983,40.285727112229573],[-111.63372529901369,40.285725846840009],[-111.63374488464916,40.28694725829439],[-111.63379894340369,40.290318182524103],[-111.63379895982521,40.290326589064634],[-111.63379661463826,40.29032659085037],[-111.63379653466207,40.29032659094198],[-111.63377403664602,40.290326617611242],[-111.63375370034031,40.29032664180086],[-111.63375370339958,40.290327003854003],[-111.63375370347521,40.290327042581367],[-111.63381354307951,40.297532984114426],[-111.63381354465695,40.29753318945771],[-111.63381808535664,40.298079998408781],[-111.6338180854323,40.298080037136067],[-111.63381808674404,40.29808010648356],[-111.63382819305072,40.298080059781292],[-111.63399204295939,40.298079303657047],[-111.63408793406919,40.29807886039405],[-111.63630051261899,40.298068619144679],[-111.63630063836597,40.298075063951423]]]},"properties":{"LOCALSCHOOL":"P1","PRECINCTID":"25PR06"}},{"type":"Feature","geometry":{"type":"Polygon","coordinates":[[[-111.63923576762281,40.288041149166133],[-111.63971626694904,40.288321092056734],[-111.64047449540161,40.288329775319497],[-111.64106791321321,40.288164515149077],[-111.64162044176992,40.287952117047354],[-111.64173752135423,40.288015458387861],[-111.64192323158801,40.288105469725629],[-111.64204432810196,40.288159194253844],[-111.64219138130616,40.288192643392549],[-111.64241524254329,40.288109545170848],[-111.64239153921193,40.287853585376631],[-111.64238959741567,40.287832610954219],[-111.64231809270662,40.287060450256305],[-111.64219756065039,40.286632529381308],[-111.64207674271769,40.286280948699343],[-111.64219620013289,40.285974879415186],[-111.64233553301816,40.285745323036522],[-111.64231435666501,40.285256015850685],[-111.64315322669884,40.285270418649191],[-111.64311254957981,40.284888040512946],[-111.64419055151198,40.28484089096159],[-111.64406863438957,40.283755321325259],[-111.64231122347691,40.283742235293772],[-111.64290907639935,40.283145107435708],[-111.64264887301856,40.28277843338175],[-111.64296794185249,40.282579179059141],[-111.64286202513931,40.282471510071524],[-111.64276678111139,40.282374691468313],[-111.64272942436881,40.282336716575259],[-111.6427011561163,40.28230798014684],[-111.64265982130593,40.282268415957112],[-111.64259593550233,40.282186874298887],[-111.6433382899727,40.281268755455542],[-111.64333439097084,40.281256072008446],[-111.6433071580186,40.281132457304111],[-111.64329975083554,40.28109883555063],[-111.64327377767077,40.280980941961161],[-111.64299402515356,40.280904767243186],[-111.64349250062543,40.280368839872146],[-111.64347071052158,40.279589066014609],[-111.64297157491714,40.279589686237763],[-111.64281166848862,40.279614586487497],[-111.64279051027867,40.279996194363896],[-111.64273509052177,40.280064038983717],[-111.64272454376957,40.280165791033411],[-111.6426579913018,40.280267620510841],[-111.64255874839199,40.280369482650585],[-111.64251471497255,40.280530646720294],[-111.64247060379886,40.280649434786596],[-111.64241581329603,40.280802024312379],[-111.64237169236466,40.280920810541552],[-111.64203932993856,40.280751697444188],[-111.64178480612559,40.280955504806705],[-111.64133162862697,40.281303663753981],[-111.64108868809147,40.281482056563625],[-111.64081201497417,40.28159253887101],[-111.64057955254785,40.281635207585843],[-111.6399157810577,40.281763152668397],[-111.63953951745701,40.281822970379203],[-111.6392403313618,40.281882695007376],[-111.63889773659962,40.28197644988002],[-111.63838854117276,40.282104192416199],[-111.63781300627949,40.282223614350329],[-111.63781363488751,40.282537244634504],[-111.63742605423268,40.282537707640799],[-111.63688363483621,40.282411214697547],[-111.63673965805516,40.28256408878616],[-111.63661865170891,40.282776132227703],[-111.63656342522276,40.282945705480948],[-111.63656364514996,40.283056023783985],[-111.63605004719086,40.283056969944866],[-111.63604088972181,40.283056986916414],[-111.63603894581097,40.283056994584548],[-111.63603862123787,40.283056995863241],[-111.63603854009233,40.283056995057123],[-111.63601062330875,40.283057122138288],[-111.63601043515115,40.283057123258018],[-111.63368267274021,40.283067468102779],[-111.63372529901369,40.285725846840009],[-111.6337347462983,40.285727112229573],[-111.63406206296548,40.285770942186829],[-111.63444571923702,40.285822315892396],[-111.63446502384978,40.28583719835602],[-111.63449603948006,40.285860433373671],[-111.63451605939873,40.285874244144331],[-111.6345492430905,40.285897770259176],[-111.6350889500621,40.286217368809723],[-111.63553106263763,40.28637018961637],[-111.6358542651802,40.286448509313708],[-111.63613966971722,40.286493576434985],[-111.63616585627142,40.286497352912512],[-111.63620156380192,40.286497975049784],[-111.63623763079303,40.28649898042935],[-111.63627325364725,40.286499601742875],[-111.63632718365329,40.286500541219894],[-111.63636291132666,40.286500055497676],[-111.63639891419105,40.286499566741242],[-111.63645255509282,40.286498837612903],[-111.63648850076228,40.286497976030887],[-111.63652377229495,40.286496396515453],[-111.63657754712061,40.286493236346914],[-111.63661342309437,40.286491632680949],[-111.63664933450715,40.286489519200494],[-111.63669356638282,40.286485565871892],[-111.63672037101256,40.286483170319386],[-111.63676476291695,40.286479263609749],[-111.63680929046515,40.286474969449323],[-111.63684472662645,40.28647044635391],[-111.6368800052313,40.286465943246455],[-111.63692447003936,40.286460275640209],[-111.63697281454634,40.286453966715065],[-111.63702073311741,40.286446384765171],[-111.63709086666765,40.286434914780507],[-111.63711286284396,40.286430994594959],[-111.63716070609686,40.286421641117876],[-111.63721278795093,40.286411166749318],[-111.63724736443832,40.28640433710283],[-111.63745292074526,40.286325456027583],[-111.63794858743029,40.287020720175192],[-111.63801842747445,40.286979520774935],[-111.63812207410709,40.286919406657304],[-111.63815476201529,40.286900339286227],[-111.63818303541082,40.286883827739778],[-111.63823526502729,40.286852650642778],[-111.6382699756177,40.286825385025615],[-111.63830687696186,40.286795096058754],[-111.63833699707274,40.286770036119172],[-111.63834915042651,40.286754858556989],[-111.63862075463786,40.287135922217253],[-111.63864747697173,40.287173539028387],[-111.6386659718471,40.287248484495201],[-111.63923576762281,40.288041149166133]]]},"properties":{"LOCALSCHOOL":"P1","PRECINCTID":"25PR07"}},{"type":"Feature","geometry":{"type":"Polygon","coordinates":[[[-111.64790987516241,40.292459587519467],[-111.64792256509351,40.29310889991708],[-111.64792285524426,40.293243790786448],[-111.64792293861829,40.29328239472116],[-111.64792295978518,40.293292195435441],[-111.64792299337952,40.293307750309076],[-111.64793197729352,40.293335112017623],[-111.64793460829588,40.29336447037948],[-111.64794144742461,40.293402976593569],[-111.64795097810189,40.293441145261077],[-111.64796317304271,40.293478866538109],[-111.64797799673242,40.293516032392397],[-111.64799540659709,40.293552533899685],[-111.64800790956767,40.293574934932188],[-111.64801535184108,40.29358826754985],[-111.64803777578322,40.293623128038874],[-111.64805461661103,40.293646108082193],[-111.64807608451626,40.293641328204735],[-111.64810514296084,40.293633040622446],[-111.6483462978162,40.293564158249985],[-111.64844878243778,40.293543259344816],[-111.6485527252064,40.293527124670291],[-111.6486577487194,40.29351581414506],[-111.64876347082752,40.293509367880979],[-111.64905896490907,40.29349819793768],[-111.64987439919452,40.293475269034069],[-111.65090421552178,40.293444107748314],[-111.65237691864468,40.293401596958638],[-111.65264809815766,40.293393767599547],[-111.65301331884707,40.293379639687373],[-111.65301335648057,40.293379637836836],[-111.65321180461393,40.29337390723947],[-111.65320504334609,40.293331570814608],[-111.65317681130331,40.293331436718482],[-111.65305040811376,40.292515776554588],[-111.65296356611229,40.291954847631601],[-111.65741423261649,40.291854672813884],[-111.65744290902967,40.291854462142915],[-111.65744332393331,40.291791406987095],[-111.65743042430906,40.291434914736634],[-111.6573841984037,40.29015734626703],[-111.65738294006547,40.289607658280033],[-111.65738220856709,40.289288275532606],[-111.65738217795452,40.289274952419149],[-111.65738197430417,40.289185808331112],[-111.65738195787944,40.289178659980223],[-111.65738161515476,40.289028987718979],[-111.65738135910452,40.288917549271112],[-111.6573813413886,40.288909838922471],[-111.65738167412928,40.288814078906157],[-111.65725341868981,40.288622153395103],[-111.6571711187712,40.288498997265833],[-111.65694048419608,40.288153864444276],[-111.6569269940977,40.288133676723604],[-111.656874058413,40.288034552303273],[-111.65684965586529,40.287988856907226],[-111.65681703257358,40.28792776980616],[-111.65678114937924,40.287860577132214],[-111.65676475156148,40.287829871122469],[-111.65660597584258,40.287526867594018],[-111.65659301067102,40.287502126393989],[-111.65657641558856,40.287470455133452],[-111.6565606970907,40.287436383391224],[-111.65649260149358,40.287288770644977],[-111.65648748611862,40.287277680717146],[-111.65644402456165,40.287124822025682],[-111.65643980622222,40.287109985133078],[-111.65635334043071,40.287090391313008],[-111.65629565619706,40.287077319177932],[-111.65626675525723,40.287078245879208],[-111.65623799380973,40.287018644892946],[-111.65619338941075,40.286923878891642],[-111.65615183650587,40.28683559339764],[-111.65614049252974,40.286811493031877],[-111.65612056051867,40.286769144572872],[-111.65611212611505,40.286751224107753],[-111.65609587303383,40.286716692783429],[-111.65607065260744,40.286663110496491],[-111.6560684639459,40.286658459814944],[-111.65605622082286,40.286660381027147],[-111.65605362618309,40.286660787980551],[-111.65605350921579,40.286660552169174],[-111.65605261102587,40.286660692968375],[-111.65596529248413,40.286484767830089],[-111.65596502820408,40.286483881052717],[-111.6559649416856,40.286483588460264],[-111.65591442841857,40.286313942918241],[-111.65587888096989,40.286194560103318],[-111.65588100839258,40.286200219587542],[-111.65585796630704,40.286122832225558],[-111.65583748861059,40.286099446512488],[-111.65583141381057,40.286092508881993],[-111.65578641528668,40.286041118949498],[-111.65575641749045,40.286006861684719],[-111.65572734886025,40.28597366412702],[-111.65573137069117,40.285979240931503],[-111.65570672610211,40.28595109456338],[-111.65565083281018,40.285887263248377],[-111.6556115909607,40.285888525097576],[-111.65561108835158,40.285887815162177],[-111.65559650207315,40.285867212639495],[-111.65506885942213,40.285879363308709],[-111.6548144770815,40.285885219892315],[-111.65445939760437,40.285329736577374],[-111.65441622932714,40.285261642214358],[-111.65435122567639,40.285159101085149],[-111.65430319153438,40.285083330645989],[-111.65424167932828,40.284986297656999],[-111.65422740452031,40.284963780686425],[-111.65391980315121,40.284447895283414],[-111.65372891457538,40.284127697913974],[-111.65367796170484,40.284029345674249],[-111.65356616685078,40.283813549734518],[-111.65353362693466,40.283750738608532],[-111.65343512106318,40.283509379283473],[-111.65333362587924,40.283509947586992],[-111.65311071419984,40.283511196508655],[-111.65312101170912,40.283205703689489],[-111.6531266914634,40.283037206166092],[-111.6531312606384,40.282901667240353],[-111.65307608073053,40.282901230714295],[-111.65306649826741,40.2826278852556],[-111.65307326472245,40.282558327093248],[-111.65307987824751,40.282490330840886],[-111.65308012901028,40.282490454800659],[-111.65307988286087,40.282490290306008],[-111.6530794788939,40.282490020643209],[-111.6530517300051,40.28247149029729],[-111.65302595769417,40.282451257845409],[-111.65300128965241,40.282431025742383],[-111.65297128201286,40.282406300124869],[-111.65295379285199,40.282390559111533],[-111.65293169169962,40.282368070227989],[-111.65290517780078,40.282342215117602],[-111.65288011678284,40.282311849490263],[-111.65286132489695,40.282289357161652],[-111.65284363374273,40.282266863389317],[-111.65282667492549,40.282242120655901],[-111.65281081918499,40.282217373774607],[-111.65279200223938,40.282183624354687],[-111.65276474625043,40.282156638976744],[-111.65273602266416,40.282129657312851],[-111.65270546489604,40.282104933245144],[-111.6526859593897,40.282091449131407],[-111.65265337895919,40.282066721389675],[-111.65261860598159,40.282046501510514],[-111.65258309671258,40.282025159483489],[-111.65254612132566,40.282006068261261],[-111.6525155825491,40.281990346926634],[-111.65248468424562,40.281976877656106],[-111.65244459436087,40.281962292772754],[-111.65239549504058,40.281945472532527],[-111.65234566443277,40.281929776324908],[-111.65231992728133,40.281923055086416],[-111.65228536795776,40.281916343544715],[-111.65224235072505,40.281907393216976],[-111.65219823426476,40.281900695908611],[-111.65216257808245,40.281896240064661],[-111.65211828804279,40.281892923058393],[-111.65206462429097,40.28188961193613],[-111.65203761683267,40.281889647097664],[-111.6519929698885,40.281890832813396],[-111.65193105167063,40.28189428988221],[-111.65173079498938,40.281905807335882],[-111.65173095421395,40.281908672969017],[-111.65172913388879,40.281908714061508],[-111.65128687132315,40.281918731016887],[-111.65104232328841,40.281924268558726],[-111.65100029469555,40.281925219944505],[-111.65076469890494,40.281930555294792],[-111.64975422014348,40.281944313922253],[-111.64963661617907,40.281945890375667],[-111.64943620681788,40.281948576006037],[-111.64873765264426,40.281957933762556],[-111.64768564533068,40.281976424215067],[-111.64763726130838,40.28197611972832],[-111.64739884450172,40.28197462139272],[-111.64734792731068,40.281974812633699],[-111.64711203811743,40.281975699924224],[-111.64709960131604,40.281975871400185],[-111.64698359898328,40.281977473786434],[-111.6468252743566,40.281979659749005],[-111.64653860374618,40.281986499002656],[-111.64624024040977,40.282018727753929],[-111.64619053934531,40.282025072848576],[-111.64593144704186,40.28205814688372],[-111.64589943023125,40.282062233464707],[-111.64589192009835,40.282063191221333],[-111.6458810993045,40.282064573712205],[-111.64586375595559,40.282066246249116],[-111.64577034218264,40.282075256709113],[-111.64568588748072,40.282081166720531],[-111.64566383286299,40.282082710008417],[-111.64565917196335,40.282083036449656],[-111.64561896662234,40.28208484553803],[-111.64561221595363,40.282085149365081],[-111.64555088375252,40.282087907925629],[-111.64544244630109,40.282090068557793],[-111.64535805331663,40.282090170922395],[-111.64456607940861,40.282091130516328],[-111.64450302456476,40.282091204947577],[-111.6439000269671,40.282091915246596],[-111.64381894318019,40.282092010620403],[-111.643708058896,40.282092140809205],[-111.64359199207018,40.282092277264788],[-111.64354360756893,40.282092334040797],[-111.64341784361456,40.282092481340705],[-111.64329795147175,40.282092691550801],[-111.64324232412925,40.282094452094711],[-111.64317276081331,40.282099874590763],[-111.64310382582599,40.282108849303782],[-111.64303160727647,40.282122233932725],[-111.64296081389145,40.282139515646818],[-111.64289180297766,40.282160607549926],[-111.64282492474605,40.282185402941131],[-111.6427832735441,40.282203925113258],[-111.64275326318941,40.282217271469491],[-111.64274012431439,40.282224235972663],[-111.64268512661263,40.28225338937375],[-111.64265982130593,40.282268415957112],[-111.6427011561163,40.28230798014684],[-111.64272942436881,40.282336716575259],[-111.64276678111139,40.282374691468313],[-111.64286202513931,40.282471510071524],[-111.64296794185249,40.282579179059141],[-111.64264887301856,40.28277843338175],[-111.64290907639935,40.283145107435708],[-111.64231122347691,40.283742235293772],[-111.64406863438957,40.283755321325259],[-111.64419055151198,40.28484089096159],[-111.64311254957981,40.284888040512946],[-111.64315322669884,40.285270418649191],[-111.64231435666501,40.285256015850685],[-111.64233553301816,40.285745323036522],[-111.64219620013289,40.285974879415186],[-111.64207674271769,40.286280948699343],[-111.64219756065039,40.286632529381308],[-111.64231809270662,40.287060450256305],[-111.64238959741567,40.287832610954219],[-111.64256627622783,40.287835857491636],[-111.64316844224187,40.287846921113257],[-111.64316239534971,40.288063809665694],[-111.64316092494956,40.288116563708897],[-111.64314967996802,40.288519854888847],[-111.64320988639309,40.288596302085281],[-111.64281130930486,40.288933068899489],[-111.64225285541539,40.289316203088866],[-111.64217596881954,40.289375219198902],[-111.64197366853571,40.28953049853515],[-111.64203406534513,40.289556602174422],[-111.64257335144335,40.289789684331389],[-111.64269334203716,40.289957853673961],[-111.6424351416764,40.290416419156429],[-111.64243589090763,40.290417569258864],[-111.64267485969471,40.290554263830401],[-111.64293458453467,40.290676271917569],[-111.64285535586862,40.290936303009786],[-111.64287679182731,40.291547930008768],[-111.64320625503456,40.291585793767368],[-111.64338521562918,40.291233843444431],[-111.6434850536024,40.291187904472046],[-111.64406254049807,40.290468467943583],[-111.64458159224513,40.290314774790026],[-111.64529900476042,40.289656411990158],[-111.64575795837264,40.289487515269293],[-111.64601761839236,40.289578983165825],[-111.64615824624873,40.289961067210271],[-111.64622457232601,40.290302685621306],[-111.64681815131364,40.290296683999756],[-111.64679387715783,40.290842654604312],[-111.64708883832105,40.290840470557967],[-111.64571889598261,40.29163237443781],[-111.64708593258625,40.291529148288845],[-111.64729702419248,40.292068732962242],[-111.64779799750735,40.292060020524637],[-111.6478935952134,40.292058357632165],[-111.64790987516241,40.292459587519467]]]},"properties":{"LOCALSCHOOL":"P1","PRECINCTID":"25PR08"}},{"type":"Feature","geometry":{"type":"Polygon","coordinates":[[[-111.65635334043071,40.287090391313008],[-111.65643980622222,40.287109985133078],[-111.65644402456165,40.287124822025682],[-111.65648748611862,40.287277680717146],[-111.65649260149358,40.287288770644977],[-111.6565606970907,40.287436383391224],[-111.65657641558856,40.287470455133452],[-111.65659301067102,40.287502126393989],[-111.65660597584258,40.287526867594018],[-111.65676475156148,40.287829871122469],[-111.65678114937924,40.287860577132214],[-111.65681703257358,40.28792776980616],[-111.65684965586529,40.287988856907226],[-111.656874058413,40.288034552303273],[-111.6569269940977,40.288133676723604],[-111.65694048419608,40.288153864444276],[-111.6571711187712,40.288498997265833],[-111.65725341868981,40.288622153395103],[-111.65738167412928,40.288814078906157],[-111.6573813413886,40.288909838922471],[-111.65738135910452,40.288917549271112],[-111.65738161515476,40.289028987718979],[-111.65738195787944,40.289178659980223],[-111.65738197430417,40.289185808331112],[-111.65738217795452,40.289274952419149],[-111.65738220856709,40.289288275532606],[-111.65738294006547,40.289607658280033],[-111.6573841984037,40.29015734626703],[-111.65743042430906,40.291434914736634],[-111.65744332393331,40.291791406987095],[-111.65744290902967,40.291854462142915],[-111.65744474497863,40.291950132684221],[-111.65744543858253,40.291986318498786],[-111.65746072567043,40.292783163715207],[-111.65746123177586,40.292808897867467],[-111.65746192762691,40.292847588343903],[-111.65746705436506,40.292849046771046],[-111.65854579628667,40.292829219951429],[-111.66345046480791,40.292724627093044],[-111.6636276280619,40.292723070426426],[-111.66363088042463,40.292627180315101],[-111.66366586537629,40.292475563777366],[-111.66376434953862,40.292269728944731],[-111.66382758278561,40.292107245257867],[-111.66389802922305,40.292004297121352],[-111.66402485136194,40.291825486459089],[-111.66414474338875,40.291706229305831],[-111.66429996860298,40.291581507690893],[-111.66443410322783,40.291505530199842],[-111.66462472834945,40.291402414161432],[-111.66473771690514,40.291353534813361],[-111.66494249132703,40.291255806629351],[-111.66509784454806,40.291185215743639],[-111.66518245605945,40.291093071553831],[-111.66529531307718,40.290990062554314],[-111.66538693798714,40.290876255126221],[-111.66549269010255,40.290757016568485],[-111.66563382604667,40.290653967159884],[-111.66576091154386,40.290588826495984],[-111.66591616104105,40.290474931029728],[-111.66617036038632,40.290355475479643],[-111.66637515372598,40.290268571301219],[-111.66660114231146,40.290176223690423],[-111.66680593457298,40.290089320553086],[-111.66701777188614,40.289991577695361],[-111.66727886645347,40.289801742912253],[-111.66731410634267,40.289758387905593],[-111.66742255776666,40.289698538139113],[-111.66742249539102,40.289698521116392],[-111.66742261612964,40.289698357026992],[-111.66742263601782,40.289698313767794],[-111.66742493568019,40.28969172499766],[-111.66758023277438,40.289246881903338],[-111.66761999340117,40.289132987639654],[-111.66762445250282,40.289120212876142],[-111.66762555267645,40.28911705996012],[-111.66756445403563,40.288971846574988],[-111.6675644398387,40.288971812371088],[-111.66756439251942,40.288971699859054],[-111.66755653872254,40.288953033665706],[-111.66755167223758,40.288935815017282],[-111.66755094143062,40.288933227627965],[-111.66755088567601,40.288933032269185],[-111.667476557548,40.28867001885282],[-111.66747643166653,40.288670002821782],[-111.66747484698425,40.288669806052667],[-111.66747450698801,40.288669763309485],[-111.66728492143393,40.288646136521741],[-111.66727949798336,40.288645460703826],[-111.66725616655927,40.288642553528085],[-111.66725602656041,40.288642535715773],[-111.66725596713131,40.288642280019268],[-111.66719676586023,40.288385890560228],[-111.6671965685391,40.288385034334468],[-111.66718358808113,40.287674807573765],[-111.66718357322748,40.287674022237177],[-111.66718361321401,40.287674022179949],[-111.66718523029907,40.287674012660176],[-111.66727592937706,40.28767348291575],[-111.66735253687904,40.287673035436555],[-111.66735257209308,40.287673007466296],[-111.66769852760706,40.287398308770022],[-111.66782354686275,40.28729903990348],[-111.66872833690441,40.28657855459025],[-111.6687293299042,40.286577764195023],[-111.66885457670325,40.286478028235564],[-111.66885354914464,40.285762048656281],[-111.6688511788107,40.284617256058901],[-111.66884808502225,40.283122629009696],[-111.66884789464933,40.283030604480999],[-111.66884756118571,40.282869554119692],[-111.66884754568204,40.282861832945613],[-111.66884754370184,40.282861029576594],[-111.66861620178828,40.28286200776131],[-111.66860833596111,40.282862174928162],[-111.66816006266539,40.282871751984466],[-111.66816271575502,40.28267392233488],[-111.66856517127674,40.282586528455916],[-111.66856704363163,40.282586122266267],[-111.66856556532944,40.282576053429871],[-111.66856556639245,40.282576007495649],[-111.66856539004979,40.282576030266178],[-111.66814792919642,40.282630478680773],[-111.66805037057199,40.282643151520666],[-111.66788001070165,40.282664856104361],[-111.66768498520473,40.282690306497592],[-111.66721619027501,40.282748868248405],[-111.66678852166466,40.28280268695719],[-111.66653943816843,40.282833852437072],[-111.66501599493371,40.282829105146831],[-111.66460424553156,40.282826966250866],[-111.66313271835352,40.282838112095263],[-111.66245612501022,40.282819464448423],[-111.6621670825847,40.282824255871461],[-111.66187509319019,40.282829095695675],[-111.66108792321329,40.2828281909567],[-111.66091821857945,40.282812060256283],[-111.66079837176142,40.282806058633881],[-111.66067829352569,40.282804166831831],[-111.66055298107712,40.282804339165907],[-111.65992262272511,40.282805204017656],[-111.65947010805655,40.282808730939692],[-111.65896717322167,40.282825720880936],[-111.65859349464408,40.282838342525451],[-111.65848956004722,40.282841852911936],[-111.6576998946351,40.282821058783036],[-111.65735924928322,40.28280027933436],[-111.65726655379396,40.282794624778113],[-111.65671373747419,40.282752988210014],[-111.65618407480498,40.282708263991175],[-111.65531162330787,40.282702671747337],[-111.65435170538433,40.282697190416165],[-111.65381883006594,40.282695640947111],[-111.65366722163056,40.282689084815594],[-111.6536229308286,40.282684640778577],[-111.6535876375242,40.282680183992163],[-111.65355271079186,40.282673476011468],[-111.65351778406436,40.282666767119721],[-111.65348322660016,40.28266005593094],[-111.65344056943906,40.282648856672189],[-111.65339828506815,40.282637651504409],[-111.65336518905102,40.282628688560109],[-111.65332436226491,40.28261298094872],[-111.65328463622221,40.282597271878316],[-111.65325300250352,40.28258380467885],[-111.6532149262363,40.282566966718015],[-111.6531919365413,40.282556862863416],[-111.65315551207648,40.282536648014791],[-111.65314769193022,40.282531998353313],[-111.65309883870292,40.282502949185343],[-111.65308012901028,40.282490454800659],[-111.65307987824751,40.282490330840886],[-111.65307326472245,40.282558327093248],[-111.65306649826741,40.2826278852556],[-111.65307608073053,40.282901230714295],[-111.6531312606384,40.282901667240353],[-111.6531266914634,40.283037206166092],[-111.65312101170912,40.283205703689489],[-111.65311071419984,40.283511196508655],[-111.65333362587924,40.283509947586992],[-111.65343512106318,40.283509379283473],[-111.65353362693466,40.283750738608532],[-111.65356616685078,40.283813549734518],[-111.65367796170484,40.284029345674249],[-111.65372891457538,40.284127697913974],[-111.65391980315121,40.284447895283414],[-111.65422740452031,40.284963780686425],[-111.65424167932828,40.284986297656999],[-111.65430319153438,40.285083330645989],[-111.65435122567639,40.285159101085149],[-111.65441622932714,40.285261642214358],[-111.65445939760437,40.285329736577374],[-111.6548144770815,40.285885219892315],[-111.65506885942213,40.285879363308709],[-111.65559650207315,40.285867212639495],[-111.65561108835158,40.285887815162177],[-111.6556115909607,40.285888525097576],[-111.65565083281018,40.285887263248377],[-111.65570672610211,40.28595109456338],[-111.65573137069117,40.285979240931503],[-111.65572734886025,40.28597366412702],[-111.65575641749045,40.286006861684719],[-111.65578641528668,40.286041118949498],[-111.65583141381057,40.286092508881993],[-111.65583748861059,40.286099446512488],[-111.65585796630704,40.286122832225558],[-111.65588100839258,40.286200219587542],[-111.65587888096989,40.286194560103318],[-111.65591442841857,40.286313942918241],[-111.6559649416856,40.286483588460264],[-111.65596502820408,40.286483881052717],[-111.65596529248413,40.286484767830089],[-111.65605261102587,40.286660692968375],[-111.65605350921579,40.286660552169174],[-111.65605362618309,40.286660787980551],[-111.65605622082286,40.286660381027147],[-111.6560684639459,40.286658459814944],[-111.65607065260744,40.286663110496491],[-111.65609587303383,40.286716692783429],[-111.65611212611505,40.286751224107753],[-111.65612056051867,40.286769144572872],[-111.65614049252974,40.286811493031877],[-111.65615183650587,40.28683559339764],[-111.65619338941075,40.286923878891642],[-111.65623799380973,40.287018644892946],[-111.65626675525723,40.287078245879208],[-111.65629565619706,40.287077319177932],[-111.65635334043071,40.287090391313008]]]},"properties":{"LOCALSCHOOL":"P1","PRECINCTID":"25PR09"}},{"type":"Feature","geometry":{"type":"Polygon","coordinates":[[[-111.65211828804279,40.281892923058393],[-111.65216257808245,40.281896240064661],[-111.65219823426476,40.281900695908611],[-111.65224235072505,40.281907393216976],[-111.65228536795776,40.281916343544715],[-111.65231992728133,40.281923055086416],[-111.65234566443277,40.281929776324908],[-111.65239549504058,40.281945472532527],[-111.65244459436087,40.281962292772754],[-111.65248468424562,40.281976877656106],[-111.6525155825491,40.281990346926634],[-111.65254612132566,40.282006068261261],[-111.65258309671258,40.282025159483489],[-111.65261860598159,40.282046501510514],[-111.65265337895919,40.282066721389675],[-111.6526859593897,40.282091449131407],[-111.65270546489604,40.282104933245144],[-111.65273602266416,40.282129657312851],[-111.65276474625043,40.282156638976744],[-111.65279200223938,40.282183624354687],[-111.65281081918499,40.282217373774607],[-111.65282667492549,40.282242120655901],[-111.65284363374273,40.282266863389317],[-111.65286132489695,40.282289357161652],[-111.65288011678284,40.282311849490263],[-111.65290517780078,40.282342215117602],[-111.65293169169962,40.282368070227989],[-111.65295379285199,40.282390559111533],[-111.65297128201286,40.282406300124869],[-111.65300128965241,40.282431025742383],[-111.65302595769417,40.282451257845409],[-111.6530517300051,40.28247149029729],[-111.6530794788939,40.282490020643209],[-111.65308389128532,40.282450588400806],[-111.65308942645684,40.28239576903605],[-111.65307763452333,40.281873060527126],[-111.65337103694939,40.281434132678733],[-111.65346731916797,40.280607189494589],[-111.65418622992318,40.280105067068249],[-111.65431646954097,40.279841869850124],[-111.65433279635621,40.279729126657749],[-111.6544632920036,40.27957848211242],[-111.6545439366344,40.279177575387813],[-111.65485440234178,40.27896406684259],[-111.65506635538375,40.278575509818786],[-111.65508186013233,40.278299772955457],[-111.65539212170761,40.277998761289808],[-111.65534179167793,40.277535231623759],[-111.65529261699861,40.277385000523267],[-111.65569966858719,40.276695411162123],[-111.65553505596236,40.276219519274875],[-111.65548588179338,40.276069283691704],[-111.65576260841574,40.275605321616126],[-111.65670956544756,40.274739478796754],[-111.65688904099423,40.274463686018819],[-111.65701960398147,40.274350787824424],[-111.65736446103693,40.274267983201909],[-111.6573156985873,40.273994525316631],[-111.65728037759972,40.273747726345],[-111.65723561152781,40.273432337143397],[-111.65710882967548,40.272507372907654],[-111.65708165870561,40.272294984507766],[-111.65703759729892,40.271947644700894],[-111.6570337150681,40.271896470828601],[-111.65699952071773,40.271445658909613],[-111.65696891265961,40.271162525835216],[-111.65696214215721,40.271085934248092],[-111.65693069672554,40.270730190515508],[-111.65689702665377,40.270162737044132],[-111.65692171455665,40.269623742878977],[-111.65695081929653,40.269396772839642],[-111.6571331878976,40.268710998214829],[-111.65730627033768,40.268082565326104],[-111.65759836557034,40.267122984355964],[-111.65767957905425,40.266809900458185],[-111.65839647717772,40.264300632670398],[-111.65849324272855,40.263883952518142],[-111.65856961709014,40.26337002742153],[-111.65856954654441,40.263370024815387],[-111.65603856957694,40.263390076867303],[-111.65546959639994,40.263389067005029],[-111.65504352010575,40.263389047252069],[-111.65459162173634,40.263387011166301],[-111.65459155119684,40.263387011259674],[-111.65394462185276,40.263413007566115],[-111.65394451252661,40.263413012213491],[-111.65365056923879,40.263334039862535],[-111.65288050356831,40.263126036831359],[-111.65259152938944,40.263050007622553],[-111.6522944900093,40.263028077433859],[-111.6518490625609,40.263043008484864],[-111.65184868872944,40.263043020679461],[-111.65181962162669,40.263043995151278],[-111.65181952758047,40.263043997975522],[-111.65080362212623,40.263077011885009],[-111.65080352455298,40.263077014712991],[-111.64743662029453,40.263113017604773],[-111.64743655093288,40.263113018592982],[-111.64745157132985,40.263973052703641],[-111.64745858138289,40.264659000976749],[-111.6474585815341,40.264659071226973],[-111.64747200539287,40.265809458851244],[-111.64947103180512,40.265820089782331],[-111.65371528805225,40.26586788953631],[-111.65376668454753,40.267256488244222],[-111.65583863892287,40.267237636873546],[-111.65600387579788,40.267236131904454],[-111.65597777194769,40.267312419004838],[-111.6559339652468,40.267440446587919],[-111.65574979315262,40.267719891486927],[-111.65553478870883,40.26801514023218],[-111.65522249725298,40.268346541916387],[-111.65497126738232,40.26854726820239],[-111.65449442130073,40.268903656589089],[-111.65415574391218,40.269104496749222],[-111.65337679008329,40.269591873309189],[-111.65310941756054,40.269744752851636],[-111.65302157151199,40.269794981664361],[-111.65300877845876,40.269782050763503],[-111.65285423788141,40.26988976759727],[-111.65228744160729,40.270267145048763],[-111.65190088303565,40.270609276432062],[-111.65170637173864,40.270877471848685],[-111.65149781215618,40.271274024221093],[-111.65148364815373,40.271848204024238],[-111.65147484899964,40.272854683924102],[-111.65145692135265,40.274052562954537],[-111.65146225395294,40.274304735244932],[-111.65143703930313,40.275032038154144],[-111.65143032959911,40.276153349003323],[-111.65140583239059,40.27654065530043],[-111.6513905511078,40.277274699636578],[-111.6513663793544,40.277977232851534],[-111.65146687092276,40.279217735133983],[-111.65148262782066,40.279530689523718],[-111.6516208324287,40.280914792663047],[-111.65167094952217,40.281416685608832],[-111.65167730308183,40.281480323871662],[-111.65169935767682,40.281655753640855],[-111.65173079498938,40.281905807335882],[-111.65193105167063,40.28189428988221],[-111.6519929698885,40.281890832813396],[-111.65203761683267,40.281889647097664],[-111.65206462429097,40.28188961193613],[-111.65211828804279,40.281892923058393]]]},"properties":{"LOCALSCHOOL":"P2","PRECINCTID":"25PR10"}},{"type":"Feature","geometry":{"type":"Polygon","coordinates":[[[-111.64259593550233,40.282186874298887],[-111.64265982130593,40.282268415957112],[-111.64268512661263,40.28225338937375],[-111.64274012431439,40.282224235972663],[-111.64275326318941,40.282217271469491],[-111.6427832735441,40.282203925113258],[-111.64282492474605,40.282185402941131],[-111.64289180297766,40.282160607549926],[-111.64296081389145,40.282139515646818],[-111.64303160727647,40.282122233932725],[-111.64310382582599,40.282108849303782],[-111.64317276081331,40.282099874590763],[-111.64324232412925,40.282094452094711],[-111.64329795147175,40.282092691550801],[-111.64341784361456,40.282092481340705],[-111.64354360756893,40.282092334040797],[-111.64359199207018,40.282092277264788],[-111.643708058896,40.282092140809205],[-111.64381894318019,40.282092010620403],[-111.6439000269671,40.282091915246596],[-111.64450302456476,40.282091204947577],[-111.64456607940861,40.282091130516328],[-111.64535805331663,40.282090170922395],[-111.64544244630109,40.282090068557793],[-111.64555088375252,40.282087907925629],[-111.64561221595363,40.282085149365081],[-111.64561896662234,40.28208484553803],[-111.64565917196335,40.282083036449656],[-111.64566383286299,40.282082710008417],[-111.64568588748072,40.282081166720531],[-111.64577034218264,40.282075256709113],[-111.64586375595559,40.282066246249116],[-111.6458810993045,40.282064573712205],[-111.64589192009835,40.282063191221333],[-111.64589943023125,40.282062233464707],[-111.64593144704186,40.28205814688372],[-111.64619053934531,40.282025072848576],[-111.64624024040977,40.282018727753929],[-111.64653860374618,40.281986499002656],[-111.6468252743566,40.281979659749005],[-111.64698359898328,40.281977473786434],[-111.64709960131604,40.281975871400185],[-111.64711203811743,40.281975699924224],[-111.64734792731068,40.281974812633699],[-111.64739884450172,40.28197462139272],[-111.64763726130838,40.28197611972832],[-111.64768564533068,40.281976424215067],[-111.64873765264426,40.281957933762556],[-111.64943620681788,40.281948576006037],[-111.64963661617907,40.281945890375667],[-111.64975422014348,40.281944313922253],[-111.65076469890494,40.281930555294792],[-111.65100029469555,40.281925219944505],[-111.65104232328841,40.281924268558726],[-111.65128687132315,40.281918731016887],[-111.65172913388879,40.281908714061508],[-111.65173095421395,40.281908672969017],[-111.65173079498938,40.281905807335882],[-111.65169935767682,40.281655753640855],[-111.65167730308183,40.281480323871662],[-111.65167094952217,40.281416685608832],[-111.6516208324287,40.280914792663047],[-111.65148262782066,40.279530689523718],[-111.65146687092276,40.279217735133983],[-111.6513663793544,40.277977232851534],[-111.6513905511078,40.277274699636578],[-111.65140583239059,40.27654065530043],[-111.65143032959911,40.276153349003323],[-111.65143703930313,40.275032038154144],[-111.65146225395294,40.274304735244932],[-111.65145692135265,40.274052562954537],[-111.65147484899964,40.272854683924102],[-111.65148364815373,40.271848204024238],[-111.65149781215618,40.271274024221093],[-111.65170637173864,40.270877471848685],[-111.65190088303565,40.270609276432062],[-111.65228744160729,40.270267145048763],[-111.65285423788141,40.26988976759727],[-111.65300877845876,40.269782050763503],[-111.65302157151199,40.269794981664361],[-111.65310941756054,40.269744752851636],[-111.65308597314805,40.269724433527657],[-111.65293790675514,40.269621513662372],[-111.65281615833963,40.269467086429842],[-111.65276196444708,40.269271221210282],[-111.65274753987043,40.268828064357066],[-111.65142862921009,40.268809212400186],[-111.65144390752339,40.269644072123107],[-111.65097306986983,40.26964468903531],[-111.65051481932475,40.269459815400758],[-111.65036689212137,40.269418830319211],[-111.64918149402482,40.268997610737692],[-111.64857575317427,40.268761276643907],[-111.64829287520325,40.268668990521128],[-111.64778116726963,40.268618003501565],[-111.64770717895837,40.268584984014751],[-111.64750567948803,40.268581475839134],[-111.64750574729671,40.268581843216495],[-111.64750521348606,40.268581833983738],[-111.64750267286624,40.268591746986985],[-111.64750664709825,40.268983961908766],[-111.64751067561031,40.269368600493372],[-111.64751939673936,40.269632040590984],[-111.64752484666597,40.270197877029027],[-111.64752759654866,40.270483342651914],[-111.64752282047704,40.270490969036459],[-111.64732608061135,40.270486797963095],[-111.64650230682631,40.270490083301333],[-111.64525714599772,40.270523161412669],[-111.64493806771706,40.270525415925206],[-111.64445272781026,40.270528842652851],[-111.64409681271104,40.270531354783621],[-111.64406180865254,40.270532012213401],[-111.64405817427162,40.270536470382332],[-111.6440619458363,40.270536303613383],[-111.64417771017446,40.271131445018],[-111.64429039625689,40.271685433285725],[-111.64429825647008,40.271752409856312],[-111.64429841926439,40.271819656223151],[-111.6442939647192,40.271900327886172],[-111.64429555865654,40.271981062323334],[-111.64430537896139,40.27208766388766],[-111.64432044760071,40.27220462266817],[-111.64433147889496,40.272268724054797],[-111.6443487303834,40.272340692077506],[-111.64436971039622,40.272409858087507],[-111.64439482056231,40.272478212008636],[-111.6444272356657,40.272552476818596],[-111.64446452528296,40.272625386423648],[-111.6445044005748,40.272693261820784],[-111.64455746505388,40.272773911815754],[-111.64460710501284,40.272840328653146],[-111.6446610502461,40.272904747010919],[-111.64471916283988,40.272967001335644],[-111.6447812966647,40.2730269341899],[-111.64490770540181,40.27304986809213],[-111.64503411540126,40.273072802756502],[-111.64535516185992,40.273622980376459],[-111.64543552352458,40.273913350377853],[-111.64557656862281,40.274509566104733],[-111.64559715666437,40.274922345650637],[-111.64555854459689,40.275518781470261],[-111.64509928113635,40.275504091622267],[-111.64438270357026,40.27648364507106],[-111.64406325377163,40.276484044091731],[-111.64402427517331,40.27691234313739],[-111.64418397084576,40.277003938646253],[-111.64422516163251,40.277630812244837],[-111.64418608778784,40.278013127230132],[-111.64408655689456,40.278196836043961],[-111.64414672397781,40.278257841533843],[-111.644127232676,40.278364927603775],[-111.64372766925725,40.278411235691607],[-111.64332858916254,40.278472986025506],[-111.64294937722738,40.278611058988652],[-111.64297157491714,40.279589686237763],[-111.64347071052158,40.279589066014609],[-111.64349250062543,40.280368839872146],[-111.64299402515356,40.280904767243186],[-111.64327377767077,40.280980941961161],[-111.64329975083554,40.28109883555063],[-111.6433071580186,40.281132457304111],[-111.64333439097084,40.281256072008446],[-111.6433382899727,40.281268755455542],[-111.64259593550233,40.282186874298887]]]},"properties":{"LOCALSCHOOL":"P2","PRECINCTID":"25PR11"}},{"type":"Feature","geometry":{"type":"Polygon","coordinates":[[[-111.6302020177482,40.222341995254752],[-111.6301852160064,40.222395290556712],[-111.63016898948123,40.222469990224084],[-111.63016096562558,40.222545468812726],[-111.63016119985893,40.222621196676307],[-111.63016969002835,40.222696644230936],[-111.63049775937181,40.222680380301746],[-111.63067918473151,40.222671385952083],[-111.63068339657502,40.222671176786037],[-111.63080545075618,40.222665125415098],[-111.63113870676769,40.222648603486455],[-111.63112038133447,40.222431346924253],[-111.63112059929111,40.222415066405922],[-111.63112567307148,40.222393110795913],[-111.63113608920472,40.222372291214739],[-111.6311514672749,40.22235336554089],[-111.63117125166028,40.222337018896347],[-111.63118943254518,40.222326368904675],[-111.63120944105395,40.222317859517766],[-111.63123085102758,40.222311673146713],[-111.63125320918557,40.222307940895853],[-111.63145393552945,40.222297658204397],[-111.63148334180134,40.222296150697623],[-111.63148352037709,40.222296141489835],[-111.63151010703105,40.222294779457158],[-111.63157065933744,40.222293423257412],[-111.63162313736461,40.222294527722511],[-111.63167546671242,40.222297747974764],[-111.63200082656844,40.222329019544148],[-111.63207519708664,40.22233473381857],[-111.6321870541321,40.222338970839061],[-111.63229904097824,40.222338008112899],[-111.63237259835384,40.22233453822065],[-111.63280527330826,40.222305671384206],[-111.6329124167671,40.222294325404661],[-111.63301851224782,40.2222781953311],[-111.6330850219054,40.222265526508345],[-111.63315087460883,40.222250976024284],[-111.63321597874882,40.222234565600296],[-111.63328024389126,40.222216316956732],[-111.6333435843092,40.222196255411276],[-111.63340590958141,40.222174408989055],[-111.63346713751187,40.222150805706193],[-111.63352718122061,40.222125481689964],[-111.63359478822332,40.222094211852742],[-111.63366059205471,40.222060758146995],[-111.63381457593563,40.22197250371071],[-111.63401966003542,40.221837214818606],[-111.63426130616116,40.221956170508541],[-111.63431581646522,40.221979976987669],[-111.63437199758037,40.22200138126626],[-111.63444634244389,40.222025249503496],[-111.63452275407879,40.222044914646247],[-111.63460082690982,40.222060272682178],[-111.63468013660193,40.22207124033666],[-111.63480572365486,40.222090301826199],[-111.63493234036092,40.222104751526722],[-111.63505971052491,40.222114560933534],[-111.63518754620854,40.222119705159386],[-111.63600210663847,40.222115735997939],[-111.63668151177954,40.222115149299711],[-111.6371439396555,40.222115266895941],[-111.63866265765604,40.222139691057144],[-111.64017233332815,40.22215730365216],[-111.64049309060086,40.222161043803595],[-111.64053029479676,40.222158965319245],[-111.64056717605102,40.222154678800941],[-111.64060351234971,40.222148211536144],[-111.64063908404937,40.222139600717071],[-111.64067367623818,40.222128898841611],[-111.64070708108211,40.222116171909164],[-111.64073909428895,40.222101494021011],[-111.64075952273411,40.222090391297485],[-111.64075959902081,40.222090349775279],[-111.64076091370595,40.22208973484183],[-111.64068595192261,40.221993073957222],[-111.64068553253021,40.22199253316797],[-111.64064056986011,40.221933143999308],[-111.64033803404632,40.22153353360153],[-111.64031572087806,40.221504344015422],[-111.64031162112317,40.221498991836114],[-111.64020382191738,40.22135795779765],[-111.64020249184719,40.221356215723318],[-111.63961453390695,40.220587034277671],[-111.63954253252435,40.22049203259234],[-111.63897853379268,40.219747033292506],[-111.63839053272791,40.218969034267758],[-111.63821475924922,40.218692627152443],[-111.63792505996994,40.218802651180425],[-111.6376440715746,40.218923764817234],[-111.63758701691515,40.218944060884432],[-111.63752752321217,40.218959711503231],[-111.63746623398555,40.218970549289971],[-111.6374038093048,40.218976456379202],[-111.63734092227284,40.218977368930751],[-111.63679371989012,40.218984505483554],[-111.63637694416478,40.218979798362241],[-111.63628418940549,40.218980417410414],[-111.63619176449615,40.218974381039089],[-111.63610048260298,40.218961744141296],[-111.63601114290098,40.218942616569088],[-111.63592452940516,40.218917166737093],[-111.63584140038664,40.218885617131683],[-111.6357474559497,40.218852003133108],[-111.63565009688935,40.218824686825641],[-111.63555004261687,40.218803869112556],[-111.63544802889589,40.218789704046038],[-111.63534480548803,40.218782296128225],[-111.63517029394774,40.218776004680933],[-111.63490451354127,40.21877776143409],[-111.63452961863301,40.218776770340391],[-111.6341547776092,40.218781695302333],[-111.63390956481966,40.218793038860653],[-111.63365482797526,40.218813892051742],[-111.63330003756589,40.218829737893479],[-111.6331480091948,40.218839919586749],[-111.63295311251281,40.218839307817653],[-111.63293122956063,40.218839055347757],[-111.63290964601107,40.218836277088165],[-111.63288885661578,40.218831033720313],[-111.63285748875457,40.218823521928698],[-111.63282814488082,40.218812181830124],[-111.63280161276714,40.218797316951772],[-111.63277860635414,40.218779328176524],[-111.63275974457417,40.218758699356052],[-111.63274222649657,40.218731800425132],[-111.6327302658547,40.218703167707886],[-111.63272414239064,40.21867347187785],[-111.632721210357,40.218605749343453],[-111.63272437485728,40.21853803338275],[-111.63273361769937,40.218470646451614],[-111.63286209449896,40.217724906698315],[-111.63286195213315,40.217650826828923],[-111.63286185674011,40.217600989019232],[-111.63285282047606,40.217213358721651],[-111.63285377276007,40.217027530219653],[-111.63285493703471,40.216800736822435],[-111.63285520147548,40.216749244982005],[-111.63285583588632,40.216625537929566],[-111.63285405327957,40.216611413132298],[-111.63284741917465,40.216558823135351],[-111.63283073732903,40.216504828741492],[-111.63280163080999,40.216457200830895],[-111.63276837827129,40.216409575829076],[-111.63273511700677,40.216355598482878],[-111.63271016517086,40.216311145145447],[-111.63268935354108,40.21626668709375],[-111.63267683899696,40.216225394424455],[-111.63267644129384,40.216025924230642],[-111.63194467155921,40.216024862675852],[-111.63184428159923,40.216024716770612],[-111.63154643420346,40.216024282896555],[-111.63132379227365,40.216024996640819],[-111.63123637816292,40.21602527602888],[-111.63059405096482,40.21602732882117],[-111.63047775688548,40.216027701207125],[-111.63039156947201,40.21602559364667],[-111.63029387599403,40.216016896144517],[-111.63020478866707,40.21600158172587],[-111.6301156923635,40.215979658216902],[-111.63003519755377,40.215951117822705],[-111.62996044533254,40.21591816855755],[-111.62988567179394,40.215876408125403],[-111.62981663852183,40.215830239739894],[-111.62951664091277,40.215581036670649],[-111.62918651662935,40.215306806248371],[-111.62903401533799,40.215174841166295],[-111.62897073655056,40.21513306832798],[-111.62890171588499,40.215093504809978],[-111.62883271363269,40.215064949982384],[-111.62876659687464,40.21504080065391],[-111.62869185512771,40.215014455988864],[-111.62860564013577,40.214996934167004],[-111.62851655863484,40.214983818759585],[-111.62840737823167,40.21497513323007],[-111.62789519834175,40.214976725246117],[-111.62730424292944,40.214978556806976],[-111.62519213709466,40.214951929282535],[-111.61817150389551,40.215016031463406],[-111.61824833261309,40.217565048936272],[-111.62086417630755,40.217593273758773],[-111.62122165744651,40.217592902006032],[-111.62253898561538,40.217591526851329],[-111.62261427621181,40.21759144775492],[-111.62286450782779,40.217591184525432],[-111.62286449672625,40.217584988910708],[-111.62290646672977,40.217584944708072],[-111.62297204111528,40.217584875615202],[-111.62437679964812,40.217583388432317],[-111.62452134549403,40.217583234260161],[-111.62571592969408,40.217581954165901],[-111.62600375487135,40.21758164999688],[-111.62610646227819,40.217581529128509],[-111.62612221851809,40.217580242170222],[-111.62612239592166,40.21758151821092],[-111.627015453534,40.217580549452848],[-111.62701563426762,40.217580442978395],[-111.62703020421269,40.217586953285128],[-111.62759496074669,40.217839303080169],[-111.627594959902,40.217839480510698],[-111.62760137630707,40.218154094937908],[-111.62762432709137,40.219279879452792],[-111.62762534911235,40.21932903622821],[-111.62762537007505,40.219330198954253],[-111.62775317682717,40.219539832151327],[-111.62777681423248,40.219578602993906],[-111.62789790119808,40.22008101739732],[-111.62796432377061,40.220356615084448],[-111.62838320820815,40.220082201989477],[-111.62838332320996,40.220082127108363],[-111.62838462459831,40.22008127455522],[-111.62876573743728,40.220330178185698],[-111.62914744718402,40.221071046806657],[-111.62968016823359,40.220917918863513],[-111.62968023986515,40.220917898068805],[-111.62968155859652,40.220917518327141],[-111.63033616841757,40.220729349578555],[-111.63045337560082,40.22070018050713],[-111.63051585093262,40.221019726885125],[-111.63054302389574,40.221158708423872],[-111.63055144829458,40.221230958723801],[-111.63055104593768,40.221303496299967],[-111.63054880941256,40.221326005323597],[-111.63054718967781,40.221342316235187],[-111.6305407998658,40.221380939058449],[-111.63053189628627,40.221419267476143],[-111.6305204975524,40.221457205997204],[-111.63039857005147,40.221799962170223],[-111.63036010107311,40.221908105609351],[-111.63022937738822,40.222275586311113],[-111.6302020177482,40.222341995254752]]]},"properties":{"LOCALSCHOOL":"P4","PRECINCTID":"25PR62"}},{"type":"Feature","geometry":{"type":"Polygon","coordinates":[[[-111.63679371989012,40.218984505483554],[-111.63734092227284,40.218977368930751],[-111.6374038093048,40.218976456379202],[-111.63746623398555,40.218970549289971],[-111.63752752321217,40.218959711503231],[-111.63758701691515,40.218944060884432],[-111.6376440715746,40.218923764817234],[-111.63792505996994,40.218802651180425],[-111.63821475924922,40.218692627152443],[-111.63819403303324,40.218660034374444],[-111.63727504414626,40.21744201000385],[-111.63693253251701,40.216988033059515],[-111.63647553299243,40.216384032142294],[-111.63640660821457,40.216289178830245],[-111.6361565316179,40.215945033866362],[-111.63566899601933,40.21527423997528],[-111.63518553177425,40.21460903320358],[-111.63501553218745,40.214387032976703],[-111.63301953142448,40.211660033381044],[-111.63256653125549,40.211034033842473],[-111.63047653018687,40.208603032328348],[-111.63012653142663,40.208197031717681],[-111.62980652848699,40.207824031974354],[-111.62942752886127,40.207384032685574],[-111.62924353036681,40.207170033423303],[-111.62910452904168,40.206985032184384],[-111.6289055292533,40.206839032652866],[-111.62878852941685,40.206738032067477],[-111.62849852929152,40.206488032064648],[-111.62736552852343,40.205679031755238],[-111.62720552919546,40.205569032052139],[-111.62643752955984,40.20504503274384],[-111.62472752839889,40.203899032823017],[-111.62365052852731,40.203165033214837],[-111.62344552646992,40.203026032341128],[-111.62269352748901,40.202514032980623],[-111.6219975279373,40.20203003208379],[-111.62181352777765,40.201907031817747],[-111.62167952748014,40.20181503214058],[-111.62142452665843,40.20162603272184],[-111.62130731650552,40.201533654867518],[-111.62120096445855,40.201674465952287],[-111.62107596039182,40.201596357048707],[-111.62102981323685,40.201567408120155],[-111.61994806835746,40.200519332295109],[-111.61933412049061,40.200822976322705],[-111.6182510902394,40.201358561927414],[-111.61764964622243,40.201656010286854],[-111.61778360139276,40.201815349931927],[-111.61778475392177,40.201847636600789],[-111.61782662774847,40.203019706654047],[-111.61782516653012,40.203019716235914],[-111.61801886569334,40.209922792944603],[-111.61803045587712,40.210335819337637],[-111.61808989626027,40.212308224366964],[-111.61817042354576,40.214980187245224],[-111.61817150389551,40.215016031463406],[-111.62519213709466,40.214951929282535],[-111.62730424292944,40.214978556806976],[-111.62789519834175,40.214976725246117],[-111.62840737823167,40.21497513323007],[-111.62851655863484,40.214983818759585],[-111.62860564013577,40.214996934167004],[-111.62869185512771,40.215014455988864],[-111.62876659687464,40.21504080065391],[-111.62883271363269,40.215064949982384],[-111.62890171588499,40.215093504809978],[-111.62897073655056,40.21513306832798],[-111.62903401533799,40.215174841166295],[-111.62918651662935,40.215306806248371],[-111.62951664091277,40.215581036670649],[-111.62981663852183,40.215830239739894],[-111.62988567179394,40.215876408125403],[-111.62996044533254,40.21591816855755],[-111.63003519755377,40.215951117822705],[-111.6301156923635,40.215979658216902],[-111.63020478866707,40.21600158172587],[-111.63029387599403,40.216016896144517],[-111.63039156947201,40.21602559364667],[-111.63047775688548,40.216027701207125],[-111.63059405096482,40.21602732882117],[-111.63123637816292,40.21602527602888],[-111.63132379227365,40.216024996640819],[-111.63154643420346,40.216024282896555],[-111.63184428159923,40.216024716770612],[-111.63194467155921,40.216024862675852],[-111.63267644129384,40.216025924230642],[-111.63267683899696,40.216225394424455],[-111.63268935354108,40.21626668709375],[-111.63271016517086,40.216311145145447],[-111.63273511700677,40.216355598482878],[-111.63276837827129,40.216409575829076],[-111.63280163080999,40.216457200830895],[-111.63283073732903,40.216504828741492],[-111.63284741917465,40.216558823135351],[-111.63285405327957,40.216611413132298],[-111.63285583588632,40.216625537929566],[-111.63285520147548,40.216749244982005],[-111.63285493703471,40.216800736822435],[-111.63285377276007,40.217027530219653],[-111.63285282047606,40.217213358721651],[-111.63286185674011,40.217600989019232],[-111.63286195213315,40.217650826828923],[-111.63286209449896,40.217724906698315],[-111.63273361769937,40.218470646451614],[-111.63272437485728,40.21853803338275],[-111.632721210357,40.218605749343453],[-111.63272414239064,40.21867347187785],[-111.6327302658547,40.218703167707886],[-111.63274222649657,40.218731800425132],[-111.63275974457417,40.218758699356052],[-111.63277860635414,40.218779328176524],[-111.63280161276714,40.218797316951772],[-111.63282814488082,40.218812181830124],[-111.63285748875457,40.218823521928698],[-111.63288885661578,40.218831033720313],[-111.63290964601107,40.218836277088165],[-111.63293122956063,40.218839055347757],[-111.63295311251281,40.218839307817653],[-111.6331480091948,40.218839919586749],[-111.63330003756589,40.218829737893479],[-111.63365482797526,40.218813892051742],[-111.63390956481966,40.218793038860653],[-111.6341547776092,40.218781695302333],[-111.63452961863301,40.218776770340391],[-111.63490451354127,40.21877776143409],[-111.63517029394774,40.218776004680933],[-111.63534480548803,40.218782296128225],[-111.63544802889589,40.218789704046038],[-111.63555004261687,40.218803869112556],[-111.63565009688935,40.218824686825641],[-111.6357474559497,40.218852003133108],[-111.63584140038664,40.218885617131683],[-111.63592452940516,40.218917166737093],[-111.63601114290098,40.218942616569088],[-111.63610048260298,40.218961744141296],[-111.63619176449615,40.218974381039089],[-111.63628418940549,40.218980417410414],[-111.63637694416478,40.218979798362241],[-111.63679371989012,40.218984505483554]]]},"properties":{"LOCALSCHOOL":"P4","PRECINCTID":"25PR63"}},{"type":"Feature","geometry":{"type":"Polygon","coordinates":[[[-111.61425034975376,40.185812626047586],[-111.61398053099622,40.185808571369357],[-111.61398094347585,40.1858165202447],[-111.61398074182698,40.185881747576566],[-111.61398094368285,40.18591983654526],[-111.61398094451216,40.185973345111996],[-111.6139813567595,40.186273764543259],[-111.61398102623961,40.186284753891243],[-111.61398033897724,40.186302259005124],[-111.61397832034632,40.186329860083575],[-111.6139765039181,40.186350524035397],[-111.61397366675153,40.186373873869663],[-111.61397242693288,40.186382527778569],[-111.61396799287795,40.1864123711728],[-111.61396527994373,40.186426385483131],[-111.61396050061042,40.186450564025691],[-111.61395610880399,40.186470499152293],[-111.61395046538253,40.186492697974252],[-111.61394380398133,40.18651783306035],[-111.61393290341719,40.186556537215786],[-111.61392422471029,40.18658676123173],[-111.61391393028062,40.186623460811006],[-111.61390262683867,40.186663553281974],[-111.61389354286568,40.186696552641926],[-111.61386972576989,40.186786297524336],[-111.61386326631356,40.186814979228444],[-111.61385539422582,40.186860004891571],[-111.61384893481322,40.186902872980717],[-111.61384388927891,40.186950675337208],[-111.61384086026372,40.18700140739147],[-111.61384005376281,40.187060311717644],[-111.61384002098174,40.187073818132845],[-111.61372624612949,40.187073807544436],[-111.6137261972801,40.187068426114386],[-111.61372471994068,40.187068423952347],[-111.61245466655717,40.187066869736192],[-111.61232554973209,40.187066711354404],[-111.61076810823793,40.187064786543559],[-111.61076817903493,40.187064994530076],[-111.61076819201386,40.187065032345735],[-111.61077019920512,40.187070988342839],[-111.61077690873078,40.187090901092212],[-111.61241145940301,40.191942085423364],[-111.61271537487849,40.192264873958372],[-111.61271514439358,40.192122463826408],[-111.6132310378369,40.192635325707855],[-111.61320263961086,40.1927818832471],[-111.6159928100415,40.195743243031231],[-111.61635657154596,40.19574094699923],[-111.61666009280303,40.196060420802809],[-111.61692032689156,40.196726576395349],[-111.6203516345402,40.200431269557058],[-111.62119725166754,40.201344180789285],[-111.62118652048974,40.201348137739252],[-111.62135724339683,40.201467549275591],[-111.62134110344641,40.201488919864673],[-111.62130731650552,40.201533654867518],[-111.62142452665843,40.20162603272184],[-111.62167952748014,40.20181503214058],[-111.62181352777765,40.201907031817747],[-111.6219975279373,40.20203003208379],[-111.62269352748901,40.202514032980623],[-111.62344552646992,40.203026032341128],[-111.62365052852731,40.203165033214837],[-111.62472752839889,40.203899032823017],[-111.62643752955984,40.20504503274384],[-111.62720552919546,40.205569032052139],[-111.62736552852343,40.205679031755238],[-111.62849852929152,40.206488032064648],[-111.62878852941685,40.206738032067477],[-111.6289055292533,40.206839032652866],[-111.62910452904168,40.206985032184384],[-111.62924353036681,40.207170033423303],[-111.62942752886127,40.207384032685574],[-111.62980652848699,40.207824031974354],[-111.63012653142663,40.208197031717681],[-111.63047653018687,40.208603032328348],[-111.63256653125549,40.211034033842473],[-111.63301953142448,40.211660033381044],[-111.63501553218745,40.214387032976703],[-111.63518553177425,40.21460903320358],[-111.63566899601933,40.21527423997528],[-111.6361565316179,40.215945033866362],[-111.63640660821457,40.216289178830245],[-111.63647553299243,40.216384032142294],[-111.63693253251701,40.216988033059515],[-111.63727504414626,40.21744201000385],[-111.63819403303324,40.218660034374444],[-111.63821475924922,40.218692627152443],[-111.63839053272791,40.218969034267758],[-111.63897853379268,40.219747033292506],[-111.63954253252435,40.22049203259234],[-111.63961453390695,40.220587034277671],[-111.64020249184719,40.221356215723318],[-111.64020382191738,40.22135795779765],[-111.64031162112317,40.221498991836114],[-111.64031572087806,40.221504344015422],[-111.64033803404632,40.22153353360153],[-111.64064056986011,40.221933143999308],[-111.64068553253021,40.22199253316797],[-111.64068595192261,40.221993073957222],[-111.64076091370595,40.22208973484183],[-111.6408152228734,40.222159764754132],[-111.64081853443925,40.222164034375552],[-111.64160953399353,40.223212034431157],[-111.64162922751549,40.223238107061057],[-111.64168053442309,40.223306032656367],[-111.64187231623117,40.223562218422344],[-111.64187240224108,40.223562332701192],[-111.64304153512461,40.22512403264416],[-111.64374053459797,40.22605803325456],[-111.64375756288678,40.226080391780883],[-111.64375767835585,40.226080542948864],[-111.64375779233832,40.226080545510413],[-111.64375913197284,40.226080597899461],[-111.64632661679745,40.226059219710187],[-111.64709187510653,40.225656585654555],[-111.65411785635165,40.225722757739291],[-111.65519682210028,40.225739064364816],[-111.65589012586227,40.225742524629631],[-111.65626177123563,40.225744378266953],[-111.65690986866575,40.225745761146186],[-111.65810886039066,40.225749028826954],[-111.65872385936824,40.225744527358437],[-111.65872322922154,40.225565217421106],[-111.65871560021792,40.225058815638064],[-111.65869489136931,40.223721960194958],[-111.65868926762698,40.223358865264423],[-111.65871159723044,40.222694598443759],[-111.65874143667335,40.222262243251876],[-111.65885698847354,40.221739704690208],[-111.65894471092399,40.221250976703764],[-111.65894687504624,40.221235214949395],[-111.65894903864121,40.221217198849551],[-111.65895083852331,40.221201433988448],[-111.65895226947734,40.221185670530524],[-111.65895406531703,40.221167655831948],[-111.65895586284891,40.221151891874435],[-111.65895765515366,40.221133873577806],[-111.65895945973553,40.221118110511128],[-111.65896088716096,40.221102347057439],[-111.65896194631554,40.221084334262592],[-111.65896374619332,40.221068570301334],[-111.65896517661885,40.221050554298493],[-111.65896587323192,40.221034790939406],[-111.65896730417694,40.221019026579874],[-111.65896872873422,40.221001014187358],[-111.65896977574229,40.220976243773734],[-111.65897155355418,40.220951471463614],[-111.65897296361588,40.220926701455625],[-111.65897328725865,40.220908689661798],[-111.65897399091801,40.22089292629245],[-111.65897504771185,40.220874911698225],[-111.65897537891803,40.220859148836176],[-111.65895292155697,40.217666349016355],[-111.65898808569723,40.214671251631877],[-111.65898879496443,40.21461081282046],[-111.65899116373647,40.214558763189835],[-111.65902164461561,40.213889067832447],[-111.65905417832022,40.2131742374794],[-111.65906320033817,40.212976015185419],[-111.65903655910951,40.210319017665583],[-111.65903319547429,40.209983537016932],[-111.65902575937926,40.209241919753552],[-111.65902917981792,40.209128281424391],[-111.65898743689519,40.208973223813857],[-111.65896279741976,40.208881695309046],[-111.65884502285893,40.208545479602314],[-111.65864128081451,40.208249125948896],[-111.65843236517286,40.207928546656767],[-111.65776540032735,40.206905072701822],[-111.65677382622484,40.2054338269919],[-111.65586422102032,40.204315975341245],[-111.65457220129565,40.202728025780942],[-111.65279558935217,40.200544697829265],[-111.65218394685043,40.199792996197949],[-111.65157022605325,40.199793984413745],[-111.64987822475385,40.199381984582949],[-111.64705122378479,40.198692985346902],[-111.64662022392422,40.198665983814799],[-111.64618722306888,40.198616985398672],[-111.64618322397163,40.199138985076566],[-111.64597122350879,40.199130985181263],[-111.64567722305111,40.199119985453933],[-111.64503022337645,40.199136985607645],[-111.64421722241291,40.199164985577951],[-111.6418252215018,40.199194986059787],[-111.64140522205804,40.199206986621355],[-111.64073422157125,40.199236985901386],[-111.64041767251568,40.199254779906752],[-111.64042141713263,40.199266883011724],[-111.64016440261925,40.199269016870872],[-111.63971964452853,40.199272705473824],[-111.64252345763983,40.208188321283018],[-111.64254762566206,40.208186919147991],[-111.64310525907501,40.210101910721747],[-111.64165612001385,40.210114087309528],[-111.6416452032679,40.210114178020973],[-111.64163991727074,40.209716220487969],[-111.64163990895362,40.209715606247684],[-111.6416367766179,40.209714238344908],[-111.64163363687108,40.20971269482218],[-111.64163050336083,40.209711326920605],[-111.64162781589594,40.209709786451342],[-111.64162467768328,40.209708416753976],[-111.64162154416969,40.209707047050884],[-111.64161840443478,40.209705508931698],[-111.64161527091957,40.209704138327744],[-111.64161257993108,40.209702597862403],[-111.6416094452488,40.209701230862329],[-111.64160630821357,40.209699862063744],[-111.64160317316886,40.209698319435169],[-111.64160003613567,40.209696951537047],[-111.64159690380346,40.209695584533797],[-111.64159421163728,40.20969404226814],[-111.64159107695019,40.209692672565623],[-111.64158793874276,40.209691304668581],[-111.64158480406155,40.209689937667854],[-111.64158166666836,40.209688395041553],[-111.6415785319837,40.209687026239337],[-111.64157539377679,40.209685658341954],[-111.64157270783841,40.209684287193717],[-111.6415695692785,40.209682748171147],[-111.64156643459424,40.209681379368647],[-111.64156329756261,40.209680011469494],[-111.64156016287491,40.209678640865434],[-111.64155702584347,40.209677272966189],[-111.64155389116166,40.20967590506396],[-111.64155075259508,40.209674362438285],[-111.64154806783802,40.209672993990004],[-111.64154493197994,40.209671625188292],[-111.64154179377626,40.209670258190691],[-111.64153865908949,40.209668887586048],[-111.64153552205707,40.20966751878553],[-111.64153238737613,40.209666150882747],[-111.64152924916547,40.209664780282132],[-111.64152611566136,40.20966341327842],[-111.64152297745471,40.209662044478961],[-111.641519843949,40.209660676574408],[-111.64151670456415,40.209659305974903],[-111.64151357223156,40.209657937168075],[-111.64151043285442,40.209656570171042],[-111.64150774574375,40.209655199022656],[-111.64150460871258,40.209653830221306],[-111.64150147403288,40.209652462317692],[-111.64149833735691,40.209651265541837],[-111.6414952038466,40.209649894934664],[-111.64149206446642,40.209648526135801],[-111.64148893096377,40.209647159131045],[-111.64148579275491,40.209645788529286],[-111.64148265925068,40.209644420623668],[-111.64147952022594,40.2096432238502],[-111.64147638672196,40.209641855944461],[-111.64147324968832,40.209640485340948],[-111.64147011500798,40.20963911653579],[-111.6414651866202,40.209637236529176],[-111.64146205311121,40.209635865921108],[-111.64145891373418,40.209634498021984],[-111.64145578175875,40.209633301239272],[-111.64145264355675,40.209631933338613],[-111.64144950887346,40.20963056273159],[-111.64144637219944,40.209629365954363],[-111.64144323752197,40.20962799804915],[-111.64144009931674,40.209626628346818],[-111.64143696499066,40.209625430665795],[-111.64143382796412,40.209624062763154],[-111.64143069364012,40.209622865982674],[-111.64142755543908,40.209621498081297],[-111.64142442075493,40.209620126572915],[-111.64142128408548,40.209618931596331],[-111.64141815058196,40.209617562788331],[-111.64141501272869,40.209616363309699],[-111.64141187922905,40.209614996302911],[-111.64140874020691,40.209613799527467],[-111.64140515912923,40.209612431261675],[-111.64140202127834,40.209611232683322],[-111.6413988881302,40.209610035900518],[-111.64139574993034,40.209608667998324],[-111.64139261678248,40.209607471215342],[-111.64138947740258,40.209606100612412],[-111.64138634542959,40.209604903827838],[-111.64138141587186,40.209603023819085],[-111.64137827919467,40.209601824338066],[-111.64137514451801,40.209600455530349],[-111.64137200784847,40.209599259651718],[-111.64136708298867,40.209597378736014],[-111.64136394513906,40.209596180156673],[-111.6413608104648,40.209594812249215],[-111.64135767379392,40.209593615469593],[-111.64135453947264,40.209592418687009],[-111.64134961108209,40.209590534172214],[-111.64134647324246,40.209589340095668],[-111.64134154955877,40.20958745917747],[-111.64133841171193,40.209586261498075],[-111.64133348332791,40.209584379684593],[-111.64133034900925,40.209583183802017],[-111.64132721233202,40.209581983418921],[-111.64132228747653,40.209580103401983],[-111.64131915080698,40.209578906621282],[-111.6413160164889,40.209577710738344],[-111.64131287863925,40.209576511256934],[-111.64130974431951,40.209575314473184],[-111.64130616007607,40.209574118234244],[-111.64130302575843,40.209572922350951],[-111.641299889084,40.209571722867757],[-111.64129675476657,40.209570526984287],[-111.64129361809792,40.209569330202918],[-111.64129003620451,40.209568133960708],[-111.6412868983595,40.209566936279899],[-111.64128376520983,40.209565736792008],[-111.64128062736876,40.209564540912382],[-111.64127704195167,40.209563344673988],[-111.64127390798379,40.209562318113605],[-111.64127077718962,40.209561121324526],[-111.64126584646345,40.20955924131232],[-111.6412627101428,40.209558212953148],[-111.64125778176466,40.209556332037103],[-111.6412528572672,40.20955462404293],[-111.64124972060004,40.20955342726036],[-111.64124479256957,40.209551714766818],[-111.64123986807274,40.209550006772105],[-111.64123672940899,40.209548981117074],[-111.64123180220513,40.209547099297843],[-111.64122687888184,40.209545390400478],[-111.64122374021851,40.209544364745085],[-111.64121881336585,40.209542653149654],[-111.64121567905117,40.209541457264017],[-111.64121209399066,40.209540433049334],[-111.64120896084907,40.209539236261421],[-111.64120582300124,40.209538035876442],[-111.64120089885873,40.209536499005146],[-111.64119597201461,40.20953479101135],[-111.6411928329925,40.209533590627473],[-111.64118925263165,40.209532566406402],[-111.6411861159666,40.209531369622134],[-111.64118118830082,40.209529832754235],[-111.64117626379974,40.209528121154172],[-111.64117133578027,40.209526412260118],[-111.64116640928808,40.209524874489496],[-111.64116327496957,40.209523675900449],[-111.64115968991072,40.209522651684175],[-111.64115655712494,40.209521626920498],[-111.64115162910463,40.209519917125007],[-111.64114670026015,40.209518377555092],[-111.64114177341499,40.20951666775774],[-111.64113684575125,40.20951513088793],[-111.64113192125423,40.209513420186667],[-111.6411283373711,40.209512395967934],[-111.6411252034097,40.20951137030427],[-111.64112027692332,40.209509834332998],[-111.64111713790177,40.209508633046411],[-111.64111355754336,40.20950760882301],[-111.64111042006004,40.209506584063853],[-111.64110549592193,40.209505047188422],[-111.64110191203041,40.209504018465616],[-111.64109877924635,40.209502993700468],[-111.64109384923512,40.209501456831681],[-111.64108892274641,40.20949991905777],[-111.64108534003383,40.209498892134363],[-111.64108220607368,40.209497866469476],[-111.64107727688771,40.209496159374204],[-111.64107369805545,40.209495305372599],[-111.64107056056588,40.209494277009647],[-111.6410656305559,40.209492740139659],[-111.64106205137196,40.209491715012646],[-111.64105891506485,40.209490690250604],[-111.64105398622455,40.209489150676767],[-111.6410504058681,40.209488126451433],[-111.64104726955948,40.209487100788429],[-111.64104234542235,40.209485563009736],[-111.64103876071371,40.209484707212788],[-111.6410356279315,40.209483682445871],[-111.64103204287662,40.209482658225639],[-111.641028908918,40.209481632559317],[-111.64102398277859,40.209480263205784],[-111.64102039772594,40.209479239885795],[-111.6410172637695,40.209478215119859],[-111.64101367988627,40.209477189096319],[-111.64101054628377,40.209476336355891],[-111.64100696239888,40.20947530943149],[-111.64100382961755,40.209474284663727],[-111.64100024491364,40.209473430666918],[-111.6409971121325,40.209472405898964],[-111.64099218447522,40.209470869023065],[-111.6409885997698,40.209470014125223],[-111.64098546698528,40.209468987555674],[-111.64098188228564,40.2094681353596],[-111.64097874833031,40.209467110592556],[-111.64097516480368,40.209466257494228],[-111.6409720308411,40.209465229124397],[-111.64096844613995,40.20946437602727],[-111.64096531218316,40.209463350359201],[-111.64096172865872,40.209462498161116],[-111.64095679982078,40.209460957682488],[-111.6409532209956,40.209460105478414],[-111.64095008386667,40.209459250939332],[-111.6409465035115,40.209458225810131],[-111.64094336756121,40.209457373070705],[-111.64093978603336,40.209456348843347],[-111.64093665007582,40.209455492501128],[-111.64093306537563,40.209454639402892],[-111.6409281415969,40.209453273645046],[-111.6409245565434,40.209452248520833],[-111.64092142411785,40.209451395776576],[-111.64091783941254,40.209450539975904],[-111.64091470545894,40.20944951520719],[-111.64091112310693,40.209448661204782],[-111.64090619580487,40.209447295450246],[-111.64090261463153,40.209446443247458],[-111.64089947867492,40.209445586904252],[-111.6408958986728,40.209444732898554],[-111.64089097019476,40.209443366244152],[-111.64088648964749,40.209442172876052],[-111.64025022327903,40.209289518316666],[-111.63949881042568,40.209109232464776],[-111.63900186086418,40.208989997254903],[-111.63856009554954,40.208884000755454],[-111.63816488731341,40.208789172385025],[-111.63815349049406,40.208786437966566],[-111.63816496656509,40.209613322501454],[-111.63817588267639,40.209620533769389],[-111.63818322344284,40.210115989080428],[-111.63692822232329,40.210159989870171],[-111.63684222213864,40.210160988733506],[-111.63579422196821,40.210169989572144],[-111.63556922157548,40.210171989521015],[-111.63533522141923,40.210173989568915],[-111.63504922216188,40.210175989007716],[-111.63461322135448,40.209752988979915],[-111.63347122122813,40.208644989264052],[-111.6332162205352,40.20839698933743],[-111.63321057257504,40.208397033614425],[-111.6332087378244,40.208394696693979],[-111.63320712541973,40.208393131385733],[-111.63320503164671,40.208391098283549],[-111.63262519243953,40.208395651556586],[-111.63248104610511,40.208396782646467],[-111.63129402625651,40.208406092721091],[-111.6312844453951,40.208406167450036],[-111.63123001988772,40.208140552736978],[-111.63122887441891,40.208134963625263],[-111.63042553715586,40.208178940396245],[-111.63027024091497,40.208187524278571],[-111.62936889641688,40.207100289598969],[-111.62940613498553,40.207078249657172],[-111.62946280360252,40.20704471012089],[-111.62969239453852,40.206908825490245],[-111.62987051605303,40.206806730163684],[-111.6300526660948,40.206708903706762],[-111.63023867217635,40.206615438160981],[-111.63042835358564,40.206526422875768],[-111.63062153195649,40.206441943595998],[-111.63081802186763,40.206362080671404],[-111.63146611127416,40.206108417671594],[-111.63139642870765,40.20604434298756],[-111.63125360549635,40.205913008141117],[-111.6310481218283,40.205713232927046],[-111.63084981323641,40.20550923960247],[-111.63065882681431,40.205301179349547],[-111.6306488424503,40.205318597612816],[-111.63064616277464,40.205315376246432],[-111.63035102446038,40.204976666851906],[-111.62999565437983,40.204500590979514],[-111.62985474310905,40.204300173299565],[-111.62954857497,40.203804139280265],[-111.62914479460045,40.203041060887308],[-111.6276555009258,40.200225895320884],[-111.6271983229331,40.199361809017724],[-111.62719607572737,40.199357865664567],[-111.62720815706808,40.199356480780565],[-111.62630219455271,40.197642935267943],[-111.62607288583118,40.197209202349839],[-111.62441908382742,40.194088099712381],[-111.62441906733092,40.19408807000805],[-111.62432562369183,40.19391170793358],[-111.6240536558181,40.193398398259347],[-111.62287835161027,40.191180047434827],[-111.62217205832063,40.189846864971521],[-111.62142299373166,40.188432885770176],[-111.62109637817268,40.187815982140435],[-111.62061607988763,40.186908785321243],[-111.62052778340933,40.186742007537191],[-111.6205277268509,40.186741899515745],[-111.62043937424404,40.186575013635519],[-111.6204113325319,40.186522421183355],[-111.62040975017921,40.18651945332148],[-111.62031030095508,40.186481989178873],[-111.62015766954021,40.186424490402224],[-111.61877468028889,40.186204925086003],[-111.61604016896821,40.185839494696154],[-111.614271826462,40.185812948159764],[-111.61425034975376,40.185812626047586]]]},"properties":{"LOCALSCHOOL":"P4","PRECINCTID":"25PR64"}},{"type":"Feature","geometry":{"type":"Polygon","coordinates":[[[-111.66331982915214,40.213517285042293],[-111.66401149488406,40.214353517524877],[-111.66502568946112,40.215579647417862],[-111.66568331768534,40.216373546183796],[-111.66599806459232,40.216719852516619],[-111.66638448459824,40.217099830491307],[-111.66681462111119,40.217486499597698],[-111.66713612547754,40.217749610068779],[-111.66715857690311,40.217749878726011],[-111.66744564302684,40.217981132729051],[-111.66745222883384,40.217740346593907],[-111.66746572492825,40.217246893215687],[-111.66743029998757,40.216271980739499],[-111.66743526515135,40.215585971247243],[-111.66743798860084,40.215209794370061],[-111.66744430044517,40.214337792932383],[-111.66743637913861,40.213497939137653],[-111.66744459700121,40.212955281572235],[-111.66774084756321,40.212958953119568],[-111.66855151766968,40.212968997087152],[-111.66858418626028,40.212969402018004],[-111.66888923826696,40.21295770077819],[-111.66962885230474,40.212949309018818],[-111.67002692114183,40.212944790092003],[-111.67053062922177,40.212950809883893],[-111.67141776223652,40.21294709696393],[-111.6730142008189,40.212940398383743],[-111.67394998918637,40.212936755263691],[-111.67578852810536,40.212929495388025],[-111.67759027488576,40.212936478567983],[-111.67757903448017,40.21292651906473],[-111.67757902260864,40.212926471347792],[-111.67753073586903,40.212735794916604],[-111.67753053290487,40.212734993637881],[-111.67755857099502,40.212624013950105],[-111.67744351143345,40.212316028093461],[-111.67744257286139,40.212138998429388],[-111.67732652825734,40.211897054839611],[-111.67726853986069,40.211632067787221],[-111.676893564289,40.211125052578474],[-111.67671955387637,40.210596049353342],[-111.67651754274458,40.210288028371217],[-111.67650656615119,40.210153042225215],[-111.67648749320215,40.209913053963234],[-111.67567748310653,40.207995003657985],[-111.67567650706761,40.207885004649007],[-111.67515754459167,40.207489009389384],[-111.67509156078634,40.205634992664379],[-111.67505151605845,40.204512027962643],[-111.67100854649344,40.202392020898429],[-111.66707149487598,40.200408026605018],[-111.6663615661496,40.199877048306767],[-111.66562354897457,40.199271989915431],[-111.66488057888142,40.198772003380171],[-111.6635975832977,40.197844999580816],[-111.66226956921348,40.196864005173076],[-111.66128057750656,40.195898985884128],[-111.66073760033161,40.195425862607827],[-111.65602305676984,40.195432316537385],[-111.65603287914932,40.199782189272213],[-111.65217933229505,40.199787324438311],[-111.65218394684842,40.199792995297273],[-111.65279558935217,40.200544697829265],[-111.65457220129565,40.202728025780942],[-111.65586422102032,40.204315975341245],[-111.65677382622484,40.2054338269919],[-111.65820952617328,40.207199437815717],[-111.65883849078116,40.207973616495678],[-111.65891120725917,40.208063118832349],[-111.6589432871024,40.208101972879554],[-111.65903790235409,40.20821656743454],[-111.6598047043248,40.209145270936105],[-111.66008299564518,40.209482312045559],[-111.66020518635959,40.20961724071671],[-111.66082994768963,40.21038987292566],[-111.66146210686169,40.211171634001133],[-111.66171472525393,40.211484027581157],[-111.6623617407845,40.212325248862662],[-111.66254486778141,40.212558240489265],[-111.66263272574997,40.212655864873881],[-111.66278778332271,40.212867301903145],[-111.66331982915214,40.213517285042293]]]},"properties":{"LOCALSCHOOL":"P5","PRECINCTID":"25PR65"}}]}