office_id,politician_id,full_name,current_title,proposed_title,source,confidence,evidence
cf67d522-cc1e-467c-94dd-1ad5819aa761,1e239b16-89e0-4a93-9724-0df547e079f3,David Abbott,Indiana Elected Official,State Representative,sos_lookup,high,"IN SoS record: ""david harrell abbott"" → State Representative"
991ade3e-9f63-4390-a185-6891052d59da,56319cac-3615-4b01-8c2e-ee3e5409badb,Kent Abernathy,Indiana Elected Official,(none),unresolved,none,(committee: Friends of Kent Abernathy | notes head: Auto-discovered from Indiana 2024 contribution data. Committ)
7409a330-8922-4c62-a5c8-aa8bd61e6626,69fcc5f5-2bcb-47a1-9895-ebef02c39a01,Amy Adams,Indiana Elected Official,State Representative,sos_lookup,high,"IN SoS record: ""amy burke adams"" → State Representative"
4063f37a-05d2-4360-ac1f-3853fbffc793,e49194fe-c8ee-438e-a035-f0d1a5b65643,Stanley Albaugh,Indiana Elected Official,(none),unresolved,none,(committee: Committee to Elect Stan Albaugh | notes head: Auto-discovered from Indiana 2021 contribution data. Committ)
92839e3c-f77e-4c2c-ae27-4ea124b0c0bb,2bef7ff6-76fd-45d1-b3ab-427f63da3d1f,Juanita Albright,Indiana Elected Official,(none),unresolved,none,(committee: Albright for Indiana | notes head: Auto-discovered from Indiana 2025 contribution data. Committ)
32161d37-914b-4157-82ea-5e8f4a591a3c,96f697c8-8614-4bc3-b796-bcf02a0380a1,Scott Alexander,Indiana Elected Official,(none),unresolved,none,(committee: Committee to Elect Scott Alexander | notes head: Auto-discovered from Indiana 2025 contribution data. Committ)
5d9a69f8-c501-4f4f-a83b-3be9757d9045,021908fb-3b25-4668-99dd-926b3878b736,Miguel Andrade,Indiana Elected Official,(none),unresolved,none,(committee: Citizens For Mike Andrade | notes head: Auto-discovered from Indiana 2025 contribution data. Committ)
4e121a4b-34fe-4240-a669-7c6587605c71,1090e08b-6b15-46be-be03-4ce509aa1484,Jason Applegate,Indiana Elected Official,State Representative,sos_lookup,high,"IN SoS record: ""jason p applegate"" → State Representative"
d38f0120-9f0b-42f4-bc52-de8426d4e608,4cd2e408-6fbb-4f3b-9987-df31bcda1fd5,Bruce Armstrong,Indiana Elected Official,(none),unresolved,none,(committee: Armstrong for District 58 | notes head: Auto-discovered from Indiana 2020 contribution data. Committ)
5609b418-f1a4-4495-b124-052b69757a69,0a70a9a3-c133-40a2-9a46-d4fc4181f744,Thomas Arthur,Indiana Elected Official,State Representative,sos_lookup,high,"IN SoS record: ""thomas leroy arthur"" → State Representative"
d2efda19-d97f-44d6-a27c-72d5b3f7ed81,d8c7bc2e-8826-4862-b2f7-d1bab58ff66e,James Atterholt,Indiana Elected Official,(none),unresolved,none,(committee: Committee to Elect Jim Atterholt | notes head: Auto-discovered from Indiana 2025 contribution data. Committ)
cd28b520-6ede-49f0-82bc-f8b04af34bc9,d0f12008-8c27-488d-80ae-91324a3b3f11,Terri Austin,Indiana Elected Official,(none),unresolved,none,(committee: Committee to Elect Terri Austin | notes head: Auto-discovered from Indiana 2022 contribution data. Committ)
c4f49ce6-6b7a-4aeb-85bc-c245198cae94,844bbee0-d817-4318-b869-459cc44c022b,Michael Aylesworth,Indiana Elected Official,(none),unresolved,none,(committee: Committee to Elect Michael Aylesworth | notes head: Auto-discovered from Indiana 2025 contribution data. Committ)
36507f8f-14a3-4533-a93d-ac4df9b981eb,050d5ebe-4fad-4f9b-989b-363604cebaa9,Mark Back,Indiana Elected Official,(none),unresolved,none,(committee: Back for Indiana | notes head: Auto-discovered from Indiana 2020 contribution data. Committ)
14a0b70a-9814-491e-aa17-64a88d7bf946,a6f59b7b-b203-4c83-9358-0653b4aab462,Mark Bacon,Indiana Elected Official,State Representative,sos_lookup,high,"IN SoS record: ""mark ellis bacon"" → State Representative"
880e3990-1247-471d-a6a2-a7d9d9dcf21e,76c43594-0de5-4a65-bc36-2622661f432f,Ronald Bacon,Indiana Elected Official,State Representative,sos_lookup,high,"IN SoS record: ""ronald a. bacon"" → State Representative"
a328c65e-778d-4822-bcc6-99152d0ebf39,f03404a3-3d60-4381-aca3-7b310b9ba677,Richard Bagsby,Indiana Elected Official,State Senator,sos_lookup,high,"IN SoS record: ""richard roy bagsby"" → State Senator"
b887d3ce-bcab-4663-b0f8-97cd7c9d9c01,706b4bbb-77e6-4d60-aa60-a4e255e0423d,Alyssa Bailey,Indiana Elected Official,State Representative,sos_lookup,high,"IN SoS record: ""alyssa ann bailey"" → State Representative"
1df785ee-66e2-4511-8dd4-71fd90674a39,37097b9e-9248-403c-9625-29d8419fe0b2,Jason Baird,Indiana Elected Official,State Representative,sos_lookup,high,"IN SoS record: ""jason beau baird"" → State Representative"
d8dfcd1c-6c74-46c4-8c58-7a9ba7de9e58,dbf231d1-f831-4d7c-85d6-510f5f6dbd36,James Baker,Indiana Elected Official,State Representative,sos_lookup,high,"IN SoS record: ""james eugene baker"" → State Representative"
5871f17b-9fa2-4290-b082-43a6e7c9f6ff,d28881ad-377f-41dd-8da2-a1660d238119,Natasha Baker,Indiana Elected Official,State Senator,sos_lookup,high,"IN SoS record: ""natasha nichole morgan baker"" → State Senator"
ef1af5bc-a051-4216-a989-b119ab994a5a,4dcf4fa8-90f3-4717-9fa6-8e2fdbe9e602,Scott Baldwin,Indiana Elected Official,State Senator,sos_lookup,high,"IN SoS record: ""scott a. baldwin"" → State Senator"
fc4792a5-faf7-4a02-9a30-bc211ab2ffa8,a9050503-8729-421a-88d3-6dd67450aa82,Lisa Barker,Indiana Elected Official,State Representative,sos_lookup,high,"IN SoS record: ""lisa renee barker"" → State Representative"
8c113dee-3687-4c31-b9d4-0b703662b987,2a2dbf58-8d44-4b9d-b192-1b0fdec51e57,Loretta Barnes,Indiana Elected Official,State Representative,sos_lookup,high,"IN SoS record: ""loretta louise barnes"" → State Representative"
6b9112bd-64dd-4a89-8cc2-5abef7949910,e8924377-59f6-47fa-a6a3-abf5a80c678b,Stuart Barnes-israel,Indiana Elected Official,(none),unresolved,none,(committee: Friends of Stu Barnes-Israel | notes head: Auto-discovered from Indiana 2022 contribution data. Committ)
c4bab908-f6b3-49b9-bdb1-71f535b3c01a,e3212d91-de7f-484a-9e75-e5c49f22ab92,Timothy Barr,Indiana Elected Official,State Senator,sos_lookup,high,"IN SoS record: ""timothy eldon barr"" → State Senator"
8db90724-bafd-459d-adfb-8ba158a66e2c,fb36e358-ddbc-408c-a631-2dc6520dfcfd,Bradford Barrett,Indiana Elected Official,State Representative,sos_lookup,high,"IN SoS record: ""bradford j barrett"" → State Representative"
b11b5aa9-53b7-4062-a739-396eeb9564b8,01753ecb-95e2-4ffe-867b-23643afcc9c6,Stephen Bartels,Indiana Elected Official,(none),unresolved,none,(committee: Friends of Stephen Bartels | notes head: Auto-discovered from Indiana 2025 contribution data. Committ)
aa35ac95-5dff-4d86-aca0-b68a78aa4a95,9613e582-652f-43d3-a986-0d941d3d2599,John Bartlett,Indiana Elected Official,State Representative,sos_lookup,high,"IN SoS record: ""john eugene bartlett"" → State Representative"
854b1faf-07ad-48a7-8763-322a3ac127ee,8e08ee07-2f48-4b73-af2b-d164c5b0046d,Tabitha Bartley,Indiana Elected Official,(none),unresolved,none,(committee: Bartley for Indiana | notes head: Auto-discovered from Indiana 2020 contribution data. Committ)
101a9240-c451-4174-b199-464ddadfdb79,ea05323c-8b6d-4b16-873c-083d9873889d,Garrett Bascom,Indiana Elected Official,(none),unresolved,none,(committee: Bascom for Indiana | notes head: Auto-discovered from Indiana 2025 contribution data. Committ)
eed530f8-0901-4392-a654-d3a7af174721,245d3807-f6ee-44be-a321-bd597d0aab7a,Dale Basham,Indiana Elected Official,State Representative,sos_lookup,high,"IN SoS record: ""dale e basham"" → State Representative"
1f0b807f-5625-41f2-9da7-075907a67337,d1b3b3fa-09ad-4b4b-b39a-bbb68ad346b0,Jenifer Bass-patino,Indiana Elected Official,(none),unresolved,none,(committee: Committee to Elect Jen Bass-Patino | notes head: Auto-discovered from Indiana 2024 contribution data. Committ)
9e98b3ee-763e-4686-bd13-4154ec4ad634,4d18ab44-ae01-48f0-89ac-fde73bb5cd42,Eric Bassler,Indiana Elected Official,(none),unresolved,none,(committee: Bassler Campaign Committee | notes head: Auto-discovered from Indiana 2025 contribution data. Committ)
7fe9abec-4324-4670-ad2c-44a725b26537,3fb0f088-8660-4545-ad0d-891c8babb350,Don Bates,Indiana Elected Official,(none),unresolved,none,(committee: Bates For Indiana | notes head: Auto-discovered from Indiana 2022 contribution data. Committ)
ec01f363-6be9-4ed7-809b-e38b81621bee,8383a2a6-ba13-4922-b5c5-4f49c26b1844,Joseph Batic,Indiana Elected Official,(none),unresolved,none,(committee: Committee to Elect Joe Batic | notes head: Auto-discovered from Indiana 2024 contribution data. Committ)
989c8df9-29ab-4108-a80b-7140fba2988f,dacf5d5d-8a77-4470-a971-3e4356ba37e6,Cheryl Batteiger-smith,Indiana Elected Official,(none),unresolved,none,(committee: FRIENDS OF CHERYL BATTEIGER-SMITH | notes head: Auto-discovered from Indiana 2022 contribution data. Committ)
f793a373-5f8b-4d33-996c-14a291853975,30435f0e-c19b-4534-b906-7609fdbce5d2,B. Bauer,Indiana Elected Official,State Representative,sos_lookup,high,"IN SoS record: ""b. patrick bauer"" → State Representative"
349ce8a4-a3e1-431b-a17e-cf781b39bde1,d213077c-770a-4fcd-8e53-08133a8b7789,Beau Bayh,Indiana Elected Official,Secretary of State,sos_lookup,high,"IN SoS record: ""beau bayh"" → Secretary of State"
9f46e93a-e050-47cb-9f6e-e555e5544020,ebf39ec4-597c-4426-accf-8b281d127f74,Christian Beaver,Indiana Elected Official,State Senator,sos_lookup,high,"IN SoS record: ""christian michael beaver"" → State Senator"
3af2e15a-df0b-4676-aabe-0b5a196f31a6,cf0b663c-c250-4d51-bfc9-bfc5408af30a,Naomi Bechtold,Indiana Elected Official,(none),unresolved,none,(committee: Bechtold for Indiana | notes head: Auto-discovered from Indiana 2022 contribution data. Committ)
17eea0ca-0b41-41a8-bd52-b2511c72e5a1,c615d3d1-2363-47ed-a3a6-d87022dbe558,Lisa Beck,Indiana Elected Official,State Representative,sos_lookup,high,"IN SoS record: ""lisa ann beck"" → State Representative"
ad2667c3-8e8d-4637-8105-4c4ad7cb16a7,34f7e7f3-84f9-484e-be41-e3300c18f7f1,Vaneta Becker,Indiana Elected Official,State Senator,sos_lookup,high,"IN SoS record: ""vaneta g. becker"" → State Senator"
d580c8c7-cf7b-4fd0-b09a-038fc6640a14,5922a7c4-65a4-46da-acb2-6df183e596b2,Robert Behning,Indiana Elected Official,(none),unresolved,none,(committee: COMMITTEE TO ELECT ROBERT BEHNING | notes head: Auto-discovered from Indiana 2025 contribution data. Committ)
baad0517-5dfa-43f3-9600-ef2cf6aa370f,f3c7b671-a50a-4d3a-9e60-7a169a2aeb21,Wesley Bennett,Indiana Elected Official,State Representative,sos_lookup,high,"IN SoS record: ""wesley ray bennett"" → State Representative"
bc036eae-4d70-4dfe-9c78-43c4926706e0,7c9368b5-27fa-44a3-9651-b094279f22da,Dion Bergeron,Indiana Elected Official,(none),unresolved,none,(committee: Dion Bergeron For Indiana | notes head: Auto-discovered from Indiana 2022 contribution data. Committ)
445e51ef-71ad-466b-928d-bdf1ed67c6ef,c4fb4b53-0a30-4384-9301-485045f1e78c,Michael Bienz,Indiana Elected Official,(none),unresolved,none,(committee: Friends of Michael Bienz | notes head: Auto-discovered from Indiana 2020 contribution data. Committ)
a70506a9-cae4-4dbf-b554-ce722ff5fc96,5d61dcb7-3f4b-46e5-a301-49d8cd95c29e,Garrett Blad,Indiana Elected Official,State Representative,sos_lookup,high,"IN SoS record: ""garrett nathan blad"" → State Representative"
69b741a1-4d61-478f-9b71-9d8e21cef293,28c6ec18-ae91-448c-8977-78d9114c974b,Sarah Blessing,Indiana Elected Official,State Representative,notes,high,"Committee name: ""Sarah Blessing for State House 70"""
a6768e83-a5db-443b-a552-1cb7adc26fd6,c77ed6b8-0f75-45cd-83eb-2cf533ecc4ff,Benjamin Blohm,Indiana Elected Official,State Representative,sos_lookup,high,"IN SoS record: ""benjamin harvey blohm"" → State Representative"
54dad9b1-a3e0-4cc9-ae3b-0004ee715c77,bc8d8243-5aca-49ba-9611-505d1f854277,Sara Blohm,Indiana Elected Official,State Representative,sos_lookup,high,"IN SoS record: ""sara blohm"" → State Representative"
c81783be-4ef6-4342-ae16-d00735973daa,3990b3ad-7e58-4616-af39-c071828888b1,Kacey Blundell,Indiana Elected Official,(none),unresolved,none,(committee: Committee to Elect Kacey Blundell | notes head: Auto-discovered from Indiana 2025 contribution data. Committ)
507562da-fa35-4b79-8d58-4295ccb9b4a1,153f5aa2-8519-489a-b022-d9388e3aee34,Andrew Boersma,Indiana Elected Official,State Representative,sos_lookup,high,"IN SoS record: ""andrew r boersma"" → State Representative"
0b5e373f-d3e7-49d4-8b00-2cec5d6a9116,6f6727e0-0751-4aff-9ad4-a0c7b0e94b40,Luke Bohm,Indiana Elected Official,(none),unresolved,none,(committee: Bohm for Indiana | notes head: Auto-discovered from Indiana 2020 contribution data. Committ)
35003e5b-e45f-4bde-abb8-47877e823911,c9b9d91d-b0a9-468f-bc94-df2cfbfc66e5,Brian Bosma,Indiana Elected Official,(none),unresolved,none,(committee: Committee To Elect Brian Bosma | notes head: Auto-discovered from Indiana 2022 contribution data. Committ)
e1a1dc10-6ea4-4f8a-a99d-9ae9d746936a,0314e7d4-55f5-4b61-9cd5-96b7efd53f67,Tanner Bouchie,Indiana Elected Official,(none),unresolved,none,(committee: Friends of Tanner Bouchie | notes head: Auto-discovered from Indiana 2025 contribution data. Committ)
febb6413-38ab-4dd2-a920-da9277330bbf,6bbaca87-351f-457e-9d8c-99a311d7c654,Alex Bowman,Indiana Elected Official,(none),unresolved,none,(committee: Alex Bowman for Indiana | notes head: Auto-discovered from Indiana 2022 contribution data. Committ)
ae2375c4-7232-48a2-a7f4-184903b6f78b,0e6a8b72-9333-4e01-a708-e2d652337bdd,Patricia Boy,Indiana Elected Official,State Representative,sos_lookup,high,"IN SoS record: ""patricia a boy"" → State Representative"
259160ef-f2df-468e-91d4-580671f440e2,df3e30fd-a0fa-4742-85e7-d62f1d01004f,Daniel Bragg,Indiana Elected Official,State Representative,sos_lookup,high,"IN SoS record: ""daniel adam bragg"" → State Representative"
2354a115-d3e9-4a5d-84e3-cd864d39a611,b0993f27-5290-409f-998a-6d4dc4eb80de,Patricia Bratton,Indiana Elected Official,(none),unresolved,none,(committee: COMMITTEE TO ELECT PATRICIA BRATTON | notes head: Auto-discovered from Indiana 2024 contribution data. Committ)
a79318e2-8902-49e9-860d-f9fd3c06dd63,537d600c-86b5-4f69-8f3e-a49cea2b49a2,Michael Braun,Indiana Elected Official,Governor,sos_lookup,high,"IN SoS record: ""michael k braun"" → Governor"
acd24410-e242-439a-92ff-f0dce74a67fe,93bf92a2-6842-4918-99c9-f1a3e725596f,Jean Breaux,Indiana Elected Official,State Senator,sos_lookup,high,"IN SoS record: ""jean dominique breaux"" → State Senator"
155944e7-4cb0-46f0-aa63-b1dfeaa1a16f,423989af-1ed2-4eb3-afb4-c1c4a1b48967,Edward Brickley,Indiana Elected Official,(none),unresolved,none,(committee: Friends of Ed Brickley | notes head: Auto-discovered from Indiana 2025 contribution data. Committ)
ae91b7cb-b6fb-44b1-880d-6d13af64eec6,dd60853a-5b5b-4039-9aec-ae26d9ad2665,Russell Brooksbank,Indiana Elected Official,State Representative,sos_lookup,high,"IN SoS record: ""russell paul brooksbank"" → State Representative"
51e228a6-889d-4e5e-a5f9-c8ec85e71034,92d5cc7e-5381-470e-8ea7-5f388cfbdb55,Elizabeth Brown,Indiana Elected Official,State Senator,sos_lookup,high,"IN SoS record: ""elizabeth marie brown"" → State Senator"
6bd09adb-f93a-40ee-98e7-666f953797e8,483369e7-8159-4ba0-be18-246c7e1677d5,Timothy Brown,Indiana Elected Official,(none),unresolved,none,(committee: CITIZENS FOR TIM BROWN | notes head: Auto-discovered from Indiana 2021 contribution data. Committ)
87fee22d-573f-4cd5-b950-00932366eba7,d1959e9d-2c5e-4108-964f-413a72ff55cf,Theresa Bruno,Indiana Elected Official,(none),unresolved,none,(committee: Friends of Theresa Bruno | notes head: Auto-discovered from Indiana 2020 contribution data. Committ)
2e8da448-1464-4ce8-8844-5cc5770e5d6f,6280a36a-9c26-4c22-a0d8-3ac06693fbfb,James Buck,Indiana Elected Official,State Senator,sos_lookup,high,"IN SoS record: ""james r buck"" → State Senator"
6dd8b6f1-79eb-4303-a70d-7652dd6ecbee,1be52c83-c916-4774-8ebd-cfad8f3e7c43,Alexander Burton,Indiana Elected Official,State Representative,sos_lookup,high,"IN SoS record: ""alexander richard burton"" → State Representative"
840aea90-8f2b-4372-bf4a-373f33f6a971,d5b8a7a4-60e3-4863-8db1-38319b87a109,Jada Burton,Indiana Elected Official,State Representative,sos_lookup,high,"IN SoS record: ""jada marie burton"" → State Representative"
8494eb80-0526-46c0-a56d-33efc007d926,3b65fd20-b548-4b7a-89b6-49ea5757218c,Justin Busch,Indiana Elected Official,(none),unresolved,none,(committee: Friends of Justin Busch | notes head: Auto-discovered from Indiana 2025 contribution data. Committ)
1a7eb031-0bd8-40db-b589-551ed123fdf2,8338fdc1-bae1-4751-a708-e7e3eb06e133,Keely Butrum,Indiana Elected Official,(none),unresolved,none,(committee: Citizens for Keely Butrum | notes head: Auto-discovered from Indiana 2024 contribution data. Committ)
3e4e981a-fad7-4a62-80f2-95728950dfbc,43319a92-44e2-4553-987f-2edb7850053e,Christine Campbell,Indiana Elected Official,State Representative,sos_lookup,high,"IN SoS record: ""christine anne campbell"" → State Representative"
160fbae7-a6aa-4775-ad37-4b26084f48c4,44e31197-406e-4de5-bb0a-d0ab917c91ef,Luke Campbell,Indiana Elected Official,State Representative,sos_lookup,high,"IN SoS record: ""luke william campbell"" → State Representative"
55c07cc2-a121-4ee8-9b10-eab3ef90fda4,2196e133-ebd6-41f1-b536-463272198d8f,Richard Cannon,Indiana Elected Official,State Representative,sos_lookup,high,"IN SoS record: ""richard lee cannon sr."" → State Representative"
223607f3-1de7-4d1f-8873-41e6318b045f,a9bf758c-e902-40cc-ace0-b306c63eb936,Martin Carbaugh,Indiana Elected Official,(none),unresolved,none,(committee: VoteCarbaugh.com | notes head: Auto-discovered from Indiana 2025 contribution data. Committ)
cea3bbb7-d3d3-490d-90b9-6af5023e9fb5,96106579-f9c7-4cfd-93b7-b2328a1045d2,Heather Carie,Indiana Elected Official,(none),unresolved,none,(committee: Citizens for Heather Carie | notes head: Auto-discovered from Indiana 2022 contribution data. Committ)
95b11bbc-7705-4009-a622-07fc769576ea,690b7e2c-d670-4e91-8a08-0558c7602d70,Robert Carmony,Indiana Elected Official,(none),unresolved,none,(committee: Committee To Elect Bob Carmony | notes head: Auto-discovered from Indiana 2022 contribution data. Committ)
68fefc22-d6da-4f7d-9c9c-b33077d918bb,eee187f3-ebff-40b4-a34e-506cbf04935e,Brittany Carroll,Indiana Elected Official,(none),unresolved,none,(committee: Friends of Brittany Carroll | notes head: Auto-discovered from Indiana 2022 contribution data. Committ)
12137701-819d-47d5-afc3-db5e2827e3f6,e4e68811-6f95-4937-b783-50cd848c584c,Autumn Carter,Indiana Elected Official,State Representative,sos_lookup,high,"IN SoS record: ""autumn carter"" → State Representative"
0990b342-7d66-4189-84be-cd990a3a5a49,ed801084-e497-4535-9b3b-99d93c2f0361,Rebecca Cash,Indiana Elected Official,(none),unresolved,none,(committee: Friends of Becky Cash | notes head: Auto-discovered from Indiana 2025 contribution data. Committ)
851778b9-fd29-423d-b07c-a7805fcfc915,d79613eb-78a6-48b8-879d-abaad09d11db,Camden Chaffee,Indiana Elected Official,(none),unresolved,none,(committee: The Committee to Elect Camden Chaffee | notes head: Auto-discovered from Indiana 2022 contribution data. Committ)
8535f367-7eea-4804-9244-02bcc5849d15,f26a6624-65a7-4257-8f49-9c80ceb52a4c,Bradley Chambers,Indiana Elected Official,Governor,sos_lookup,high,"IN SoS record: ""bradley b chambers"" → Governor"
6802f356-9b02-4f29-8674-61dd149f487c,8615c739-444a-469d-a709-0e5a9324275d,Jaxon Chance,Indiana Elected Official,(none),unresolved,none,(committee: Friends of Jack Chance | notes head: Auto-discovered from Indiana 2025 contribution data. Committ)
0dfc9576-3427-474c-80fa-ce92ffdeac11,1962abfc-0685-4975-b5cb-31c259b83753,Robert Cherry,Indiana Elected Official,State Representative,sos_lookup,high,"IN SoS record: ""robert w. cherry"" → State Representative"
06230b78-17ad-48d4-81dd-29cc73959f11,80aa1796-9214-4f00-a773-3b8043c29c7e,Wendy Chesser,Indiana Elected Official,(none),unresolved,none,(committee: Friends of Wendy Dant Chesser | notes head: Auto-discovered from Indiana 2025 contribution data. Committ)
427ddc7b-a1db-48ad-bd71-a264908c4551,8cb655c4-e5af-4498-a87e-cbb073303d71,Alexander Choi,Indiana Elected Official,State Senator,sos_lookup,high,"IN SoS record: ""alexander sang-il choi"" → State Senator"
46581988-55bd-4efc-9c54-539892dba112,e8d1687a-a6dd-4cda-b060-0d064d08bf2b,Christopher Chyung,Indiana Elected Official,(none),unresolved,none,(committee: Chris Chyung for Change | notes head: Auto-discovered from Indiana 2020 contribution data. Committ)
a5ac4d4a-32d4-4648-aab2-06cca5e6cd7c,2ec7f0c5-8330-40a1-b0a3-ca7e53c0db1d,John Clay,Indiana Elected Official,State Senator,sos_lookup,high,"IN SoS record: ""john philip clay"" → State Senator"
ea248db8-c727-4580-a09d-e3ad37629684,a86f6dca-53f8-41a0-a9ff-fdc83f6efb20,Cindi Clayton,Indiana Elected Official,State Senator,sos_lookup,high,"IN SoS record: ""cindi clayton"" → State Senator"
a70c8ae4-8dfb-4035-a738-bde8718eeaad,935ca848-88bb-4cd9-b06a-46292a736052,Chris Cleveland,Indiana Elected Official,(none),unresolved,none,(committee: Cleveland for Indiana | notes head: Auto-discovered from Indiana 2025 contribution data. Committ)
c808048b-d99a-4ef6-b663-a67af440f6b1,11991567-4041-4649-85f1-d3cdd79e3be0,Clyde Allen Perfect,Indiana Elected Official,(none),unresolved,none,(committee: Vote Chip Perfect | notes head: Auto-discovered from Indiana 2023 contribution data. Committ)
2a2323e5-f385-4e3c-86bb-da2f4ec73f20,2b98ac9e-f6b7-4826-8ee3-e5f416f8761c,Cecilia Coble,Indiana Elected Official,(none),unresolved,none,(committee: Cecilia Coble For Indiana | notes head: Auto-discovered from Indiana 2020 contribution data. Committ)
d8282fb9-705b-46cd-9a23-e972f91014fc,517d681a-db73-4e17-ad22-3e7e1a6c3644,Keirsh Cochran,Indiana Elected Official,State Representative,sos_lookup,high,"IN SoS record: ""keirsh adam cochran"" → State Representative"
fd9af0fd-3499-4e0d-9505-6adfb6e2a360,3eddbf77-cc2c-4628-a817-1716f8450fc2,John Colburn,Indiana Elected Official,(none),unresolved,none,(committee: Committee to Elect John D Colburn | notes head: Auto-discovered from Indiana 2025 contribution data. Committ)
7c508e58-1e06-44aa-a96a-ca23bb5bd995,0bf666e8-8d66-4782-bbc2-284f82d861b1,Hunter Collins,Indiana Elected Official,State Representative,sos_lookup,high,"IN SoS record: ""hunter collins"" → State Representative"
f7929623-3971-411e-ad85-15ee4fef9a2e,f0e871d5-01a2-4fa3-81f7-479855896f16,Ray Collins,Indiana Elected Official,State Representative,sos_lookup,high,"IN SoS record: ""ray anthony collins"" → State Representative"
9f219a05-589a-41f2-bdaa-3db947905afb,15a1a3f8-10e5-4c08-93be-af38f7a71e00,William Colteryahn,Indiana Elected Official,(none),unresolved,none,(committee: Colteryahn4Indiana | notes head: Auto-discovered from Indiana 2025 contribution data. Committ)
a0084cc5-6f94-4fdf-b255-1a7ea3252a57,c5bc4cd1-7f27-4c03-bae7-780420e5969b,Matthew Commons,Indiana Elected Official,(none),unresolved,none,(committee: Committee to Elect Matt Commons | notes head: Auto-discovered from Indiana 2025 contribution data. Committ)
eb75f4d1-1c10-4275-a6f6-9c94254e036e,3e0b4a10-bb4c-4f3d-bc98-dc0ce7303763,Edward Comstock,Indiana Elected Official,(none),unresolved,none,(committee: Friends of Edward Comstock | notes head: Auto-discovered from Indiana 2025 contribution data. Committ)
421155fb-8ac0-4b38-b63a-b7050f76ebab,246a1f71-2901-404e-8f30-e910c9a7d7bc,Todd Connor,Indiana Elected Official,State Senator,sos_lookup,high,"IN SoS record: ""todd david connor"" → State Senator"
a73dee52-5651-4bfb-80af-ee50cb5f1752,b54c5dc8-c0e4-462d-ac86-f85284738985,Anthony Cook,Indiana Elected Official,State Representative,sos_lookup,high,"IN SoS record: ""anthony j cook"" → State Representative"
8f48d641-843a-446a-b5cd-e646f373ef82,ea9ed449-afb1-4faa-803e-de174750188a,Pete Cowden,Indiana Elected Official,(none),unresolved,none,(committee: FRIENDS TO ELECT PETE COWDEN | notes head: Auto-discovered from Indiana 2020 contribution data. Committ)
4a36041d-1f8f-41bd-980d-21ae98f8f006,bd80401b-67dd-4803-9ce6-583b702e7b86,Christopher Coyle,Indiana Elected Official,(none),unresolved,none,(committee: Hoosiers for Coyle | notes head: Auto-discovered from Indiana 2023 contribution data. Committ)
7e48fe79-4a00-4ad7-8b93-83bb8a33a8a9,6ee00238-a8c2-4057-9e89-ee57f817b95c,John Crane,Indiana Elected Official,(none),unresolved,none,(committee: Crane for Indiana Committee | notes head: Auto-discovered from Indiana 2023 contribution data. Committ)
1b79fe5f-3cd4-49b3-a216-642e7afad5ee,95e4f47c-a7e4-48c4-8b89-016c4cf3a44a,Cory Criswell,Indiana Elected Official,(none),unresolved,none,(committee: Hoosiers for Criswell | notes head: Auto-discovered from Indiana 2025 contribution data. Committ)
fab7828a-b155-479d-b55d-f7e9c6e0b032,77e6f0b2-b355-4fde-9df9-47b80e7f3cfc,Suzanne Crouch,Indiana Elected Official,(none),unresolved,none,(committee: Friends of Suzanne Crouch | notes head: Auto-discovered from Indiana 2025 contribution data. Committ)
2a438f02-6444-42fa-b239-6706eac4c581,634d4e4c-57e4-454d-9e40-94e6a0e46f04,Kendell Culp,Indiana Elected Official,State Representative,sos_lookup,high,"IN SoS record: ""kendell culp"" → State Representative"
fb411c59-daad-456e-bde2-2b62156e424a,10592166-d56a-48a9-a09d-fb7b4c194cfe,Curtis Theophilus Hill,Indiana Elected Official,(none),unresolved,none,(committee: Curtis Hill for Indiana | notes head: Auto-discovered from Indiana 2024 contribution data. Committ)
75e70213-7cb6-4885-b145-57624aa7c1a0,a4be1bc7-4834-48d9-a94c-250966bd1956,Nansi Custer,Indiana Elected Official,(none),unresolved,none,(committee: Friends of Nansi Custer | notes head: Auto-discovered from Indiana 2022 contribution data. Committ)
325827a4-0b96-41fc-ba38-8e73b9e98806,f89a48f7-411d-450e-987d-4cb20690f1cf,Leslie Dallner,Indiana Elected Official,(none),unresolved,none,(committee: COMMITTEE TO ELECT LESLIE DALLNER | notes head: Auto-discovered from Indiana 2024 contribution data. Committ)
4b23f22b-f7b6-43b3-8b2f-ef057e5dd400,c2aa6cd4-bf43-4a00-8a76-f466e1e13dfb,Jennifer David,Indiana Elected Official,State Representative,sos_lookup,high,"IN SoS record: ""jennifer lynne david"" → State Representative"
f019129a-8378-4f44-8a24-99479ea05a01,bc04aa3e-ee5b-4e4a-8aed-b96336c679da,Benjamin Davis,Indiana Elected Official,State Representative,sos_lookup,high,"IN SoS record: ""benjamin paul davis"" → State Representative"
2fb05851-b9de-43a5-b7e1-558f0f130071,a03af3e4-aec3-43ce-ae37-30c31ea45808,Jordan Davis,Indiana Elected Official,(none),unresolved,none,(committee: Citizens for Jordan A. Davis | notes head: Auto-discovered from Indiana 2022 contribution data. Committ)
d1e7fa72-e424-45d0-9e51-7b0029a675c6,4dd0a6d2-9651-4d20-958d-3be0c735d261,Laura Davis,Indiana Elected Official,(none),unresolved,none,(committee: Friends of Michelle Davis | notes head: Auto-discovered from Indiana 2025 contribution data. Committ)
ba02a8af-81ef-4bc1-9acb-638e38d43ddc,c2ea11d6-b6a8-45b4-8dcb-b9d80e955123,Paula Davis,Indiana Elected Official,(none),unresolved,none,(committee: Committee to Elect Paula Davis | notes head: Auto-discovered from Indiana 2025 contribution data. Committ)
34f3d10b-d046-4a7b-a954-a0d2fd8f4937,fc670b6b-f6bc-4926-964b-3c91a492ef8c,Ryan Davis,Indiana Elected Official,(none),unresolved,none,(committee: Committee to Elect Ryan Davis for District 33 | notes head: Auto-discovered from Indiana 2020 contribution data. Committ)
197c4d6d-3f8a-44ee-9fa1-069b9684b0ca,fc44fc74-d6eb-4a3b-9d8c-8ca3ae150e21,Zackery Davis,Indiana Elected Official,(none),unresolved,none,(committee: Friends of Zack Davis | notes head: Auto-discovered from Indiana 2022 contribution data. Committ)
e2ed5b38-ba26-4937-9c8b-147671eaf787,97f61433-c3e7-4f93-8374-b470e57443c3,Steven Davisson,Indiana Elected Official,State Representative,sos_lookup,high,"IN SoS record: ""steven joseph davisson"" → State Representative"
c006b336-c5fa-43b0-bc84-abc07abd3153,10731653-25f1-49c2-920a-9afe34532767,Ross Deal,Indiana Elected Official,State Representative,notes,high,"Committee name: ""Ross Deal for Indiana House District 7"""
6b655f17-b7dd-4cf0-bc89-8fefabb87c44,a8d329ab-ac11-4889-891a-c3e15e29d1f1,Pamela Dechert,Indiana Elected Official,(none),unresolved,none,(committee: Pam Dechert for Indiana | notes head: Auto-discovered from Indiana 2021 contribution data. Committ)
90fbab8a-d260-42e9-8ea8-5b684357c48c,8a3eb0a4-fa2a-4918-bf67-8d9ff22253f3,Spencer Deery,Indiana Elected Official,(none),unresolved,none,(committee: Spencer Deery for Indiana | notes head: Auto-discovered from Indiana 2025 contribution data. Committ)
abf2d682-b6ee-4f33-bd57-ad04dca744b0,3de8d183-2323-45d5-a178-4d24b8f56702,Edward Delaney,Indiana Elected Official,State Representative,sos_lookup,high,"IN SoS record: ""edward o delaney"" → State Representative [WARNING: 2 name matches, offices: State Representative, State Senator]"
19a72141-4b64-4c63-b94b-8e1df0385288,3c3d3d80-b2b3-4daa-9496-ff39d33d7a9c,Daniel Dernulc,Indiana Elected Official,State Senator,sos_lookup,high,"IN SoS record: ""daniel edward dernulc"" → State Senator"
45a56bc1-33bc-4af9-b3a4-862a7a9e829e,d0850aba-f97b-454c-8108-108555d4263d,Susan Dillon,Indiana Elected Official,State Representative,sos_lookup,high,"IN SoS record: ""susan marie dillon"" → State Representative"
fca86de5-1480-4c53-8e54-b85b72686c9b,d5ba871f-73eb-476f-ba85-b9b543ddea37,Eric Doden,Indiana Elected Official,(none),unresolved,none,(committee: Doden for Indiana | notes head: Auto-discovered from Indiana 2025 contribution data. Committ)
b654e361-a0cb-4d66-a49c-62023ca9acc2,692e61f9-9ce3-4735-997c-fbf903dc6733,Juli Dominguez,Indiana Elected Official,(none),unresolved,none,(committee: Dominguez for 16 | notes head: Auto-discovered from Indiana 2020 contribution data. Committ)
23d4ff0d-427d-4708-9e84-31b2ffe210cb,250a7ae0-f130-449e-9625-4c2d1512bbf6,Stacey Donato,Indiana Elected Official,(none),unresolved,none,(committee: Committee to Elect Stacey A. Donato | notes head: Auto-discovered from Indiana 2025 contribution data. Committ)
b9718575-a7c2-4a43-97fa-0a1c8fed11c5,4b62501c-2b3e-4c37-abd0-5a4afd857afe,Eugene Dooley,Indiana Elected Official,(none),unresolved,none,(committee: Citizens for Eugene P Dooley | notes head: Auto-discovered from Indiana 2020 contribution data. Committ)
bf4ebbfa-1a57-4637-9338-12858d14a14a,fe91d2c3-0239-465e-b6ed-ebe15ad3d93e,Brandon Dothager,Indiana Elected Official,(none),unresolved,none,(committee: An Organized Region for Brandon Dothager | notes head: Auto-discovered from Indiana 2020 contribution data. Committ)
66d9a30c-41a8-43ed-9bd3-56f3827033f1,b020bd7f-455c-42ac-a5ea-c5b9997102bb,Patrick Downey,Indiana Elected Official,(none),unresolved,none,(committee: ELECT DOWNEY | notes head: Auto-discovered from Indiana 2025 contribution data. Committ)
a291fbbf-9c48-40a5-92d2-70ae20f569ed,3717269d-4976-486c-b4db-78cb44e049c1,Earl Lynn Harris,Indiana Elected Official,(none),unresolved,none,(committee: Committee to Elect Earl L. Harris Jr. | notes head: Auto-discovered from Indiana 2025 contribution data. Committ)
baaad912-ddaa-4ef6-8f76-999ee345b3e3,10a89419-da02-4a4c-91f4-51b8bc56d15f,Ashley Eason,Indiana Elected Official,State Senator,sos_lookup,high,"IN SoS record: ""ashley bradford eason"" → State Senator"
8ef9aef0-9814-443d-bece-db59b5b5e861,3e5dfe90-48af-4649-abb7-382f64904eb4,Sean Eberhart,Indiana Elected Official,(none),unresolved,none,(committee: Committee to Elect Sean Eberhart | notes head: Auto-discovered from Indiana 2021 contribution data. Committ)
ee218d74-9d4e-4b8f-a9cc-658b68b4d085,f455ceed-55c7-460a-9731-371cc7f5e063,Marlena Edmondson,Indiana Elected Official,(none),unresolved,none,(committee: Edmondson For Indiana | notes head: Auto-discovered from Indiana 2025 contribution data. Committ)
fbb0ee7c-9e47-45bf-adcc-4eb732a71453,6a7a36f8-2fa5-4e1b-bdc6-6df3b63a4ac4,Jeffrey Ellington,Indiana Elected Official,State Senator,sos_lookup,high,"IN SoS record: ""jeffrey roger ellington"" → State Senator"
822b330c-4f90-4447-86ea-35ddbb48fa55,2259ecfa-5d7b-4321-a758-4064b835a345,Angela Elliott,Indiana Elected Official,State Representative,sos_lookup,high,"IN SoS record: ""angela m elliott"" → State Representative"
33dc218d-bf12-4b6f-bc60-f6ca68d6949e,7fb69071-9856-4754-ab95-71c3cf2fc40d,Christopher Elliott,Indiana Elected Official,(none),unresolved,none,(committee: Elliott for Indiana | notes head: Auto-discovered from Indiana 2022 contribution data. Committ)
af79c31a-2f28-4b44-909e-0fc5ea484907,e6c53166-9e0c-4a06-b55c-b577973df73a,Anne Engelhardt,Indiana Elected Official,(none),unresolved,none,(committee: Committee to Elect Anne Engelhardt | notes head: Auto-discovered from Indiana 2024 contribution data. Committ)
eb3ea283-6e13-4edc-9d70-b4393ae3176c,627467eb-e823-4bf1-b97d-026a36d55f43,Sue Errington,Indiana Elected Official,(none),unresolved,none,(committee: Friends of Sue Errington | notes head: Auto-discovered from Indiana 2025 contribution data. Committ)
8c3e313f-a0c9-4c36-bdc7-13dfc6e3766c,a2b4d349-e535-4e2f-bb20-3a49a2728a57,Brian Evans,Indiana Elected Official,State Representative,sos_lookup,high,"IN SoS record: ""brian michael evans"" → State Representative"
da589f5c-01e6-42ad-afff-cab2cd1e1e63,d8fcd564-a9f0-42f5-b136-e4e4442c5bfc,Jorge Fernandez,Indiana Elected Official,(none),unresolved,none,(committee: Citizens for Fernandez | notes head: Auto-discovered from Indiana 2025 contribution data. Committ)
2d6a6085-afe3-4ef2-940d-aeec05c69711,a57cfc8d-2294-458d-94ba-34f6fe4e0df4,Pamela Fish,Indiana Elected Official,State Representative,sos_lookup,high,"IN SoS record: ""pamela s mishler fish"" → State Representative"
b6235084-95c9-48a4-8fa5-5b0339cba442,2f7eeb65-c1e2-4b0f-b89d-10a4f5bccd1e,Rita Fleming,Indiana Elected Official,State Representative,sos_lookup,high,"IN SoS record: ""rita ann fleming"" → State Representative"
a730fe30-9dcf-4e7b-aee6-c9e201e4c44f,ccb11c68-3807-4add-901b-2de3f73a127c,Joel Florek,Indiana Elected Official,(none),unresolved,none,(committee: Friends of Joel Florek | notes head: Auto-discovered from Indiana 2024 contribution data. Committ)
71937269-88a8-43df-8240-941c3a3a8ff5,58990c19-e33e-4b55-b168-cb8b2fe81ff6,Stephen Folz,Indiana Elected Official,(none),unresolved,none,(committee: Neighbors for Steve Folz | notes head: Auto-discovered from Indiana 2021 contribution data. Committ)
82a3089b-d2cd-4e50-9423-812a15399ffc,1c13318c-d7b8-48da-9b2b-699610277114,James Ford,Indiana Elected Official,State Senator,sos_lookup,high,"IN SoS record: ""james david ford"" → State Senator"
0a10c646-adce-47ab-9239-4d4eeee30ff9,ad47de71-253c-4710-976e-1d57b7787cae,Jonathan Ford,Indiana Elected Official,State Senator,sos_lookup,high,"IN SoS record: ""jonathan ford"" → State Senator"
1f7e8bb1-85e3-4c83-b7d6-a71b5b07c8f8,1ca3a2a9-e046-4184-840d-99b64daa9006,Kathleen Forte,Indiana Elected Official,State Senator,sos_lookup,high,"IN SoS record: ""kathleen suzanne forte"" → State Senator"
3fec4ba7-3513-4761-85fc-bd5504639708,2f781903-c319-4e92-b7e7-2d0ef4461e7e,Suzanne Fortenberry,Indiana Elected Official,State Representative,sos_lookup,high,"IN SoS record: ""suzanne fortenberry"" → State Representative"
09c3aec8-885d-4d21-9980-3be89b1a405d,afed5d85-cd08-4fc5-9432-e1ed2f7ea4ad,Melinda Fountain,Indiana Elected Official,(none),unresolved,none,(committee: Committee to Elect Melinda Fountain | notes head: Auto-discovered from Indiana 2025 contribution data. Committ)
8a1679e3-5814-4052-b192-f16b0014e7d0,7ac75846-3990-45d0-b74a-b85d6d672f61,Aaron Freeman,Indiana Elected Official,State Senator,sos_lookup,high,"IN SoS record: ""aaron michael freeman"" → State Senator"
058cc7b9-66e5-45fd-8215-b6e5afbfd0a9,6bb4888c-3029-4430-849c-7b3c214f70f3,Randall Frye,Indiana Elected Official,State Representative,sos_lookup,high,"IN SoS record: ""randall lucian frye"" → State Representative"
2eb0930b-98f5-4c01-bd12-a544c8bcd195,0affe92f-ae87-4ba4-ba24-f0d063544410,Ian Gamroth,Indiana Elected Official,(none),unresolved,none,(committee: Friends of Ian Gamroth | notes head: Auto-discovered from Indiana 2020 contribution data. Committ)
81d9b42e-594a-45f5-8ab4-163ab1f196ac,3fe5501c-d04e-4df9-aa5e-3ad1feb08b0b,Christopher Garten,Indiana Elected Official,State Senator,sos_lookup,high,"IN SoS record: ""christopher paul garten"" → State Senator"
350baf5f-bafa-4a95-9bf5-8ba1dfa43db1,dc46bb80-ef45-404b-8dd9-726b9d81cdb3,Michael Gaskill,Indiana Elected Official,State Senator,sos_lookup,high,"IN SoS record: ""michael r gaskill"" → State Senator"
f9e1827e-7b6d-435e-9dbc-d9397492b70f,33f7c653-4e4b-40c7-bea6-74e46624e28d,John Gaylor,Indiana Elected Official,State Senator,sos_lookup,high,"IN SoS record: ""john gaylor"" → State Senator"
c90f6a19-510b-41ef-bfd0-902b8ba9d98b,6a200c04-7360-455e-b43d-f0ab2591a3cc,Mark Genda,Indiana Elected Official,(none),unresolved,none,(committee: Friends of Mark Genda | notes head: Auto-discovered from Indiana 2025 contribution data. Committ)
b729149d-003c-43f5-bef6-3ce4b0ea84a7,3049d066-da0c-4227-a4bf-7f0fece2f4b3,Philip Gift,Indiana Elected Official,(none),unresolved,none,(committee: Friends of Phil Gift | notes head: Auto-discovered from Indiana 2025 contribution data. Committ)
bbb0cbad-acbf-4c22-a2bf-1f587fb62db3,179c4d85-fa23-477a-826b-2ef2f565f5dc,Fred Glynn,Indiana Elected Official,State Representative,sos_lookup,high,"IN SoS record: ""fred glynn"" → State Representative"
2ca2eb77-7926-41c0-838f-ec32428ca5ba,d8460379-df08-4bae-bf27-c0965a9d57c6,Gregory Goode,Indiana Elected Official,(none),unresolved,none,(committee: Committee to Elect Greg Goode | notes head: Auto-discovered from Indiana 2025 contribution data. Committ)
7cd98a3c-8ba5-498c-96d0-299bf9d3276f,011f3dda-0b4e-4cf6-abdd-cfbad5629619,Kevin Goodman,Indiana Elected Official,(none),unresolved,none,(committee: Committee to Elect Kevin Goodman 2022 | notes head: Auto-discovered from Indiana 2022 contribution data. Committ)
a4df40a9-0513-4982-aa1b-600d33473925,d0efd79f-5389-4f44-bd90-0c5df373023b,Charles Goodrich,Indiana Elected Official,State Representative,sos_lookup,high,"IN SoS record: ""charles douglas goodrich"" → State Representative"
ff45ab64-8be7-42cb-aacb-0daa79aa12b8,68ad7f20-531b-4cff-af6b-53917a747d2b,Mitchell Gore,Indiana Elected Official,(none),unresolved,none,(committee: Committee to Elect Mitch Gore | notes head: Auto-discovered from Indiana 2025 contribution data. Committ)
7f55f430-a678-494f-b445-ac703dc84e41,17e978e4-1413-477c-8cb0-ead241f1d3d6,Jeff Gormong,Indiana Elected Official,(none),unresolved,none,(committee: Committee To Elect Jeff Gormong | notes head: Auto-discovered from Indiana 2020 contribution data. Committ)
9c84b2e2-ef7e-447f-a3a9-a47d2625ff14,8c19d065-7b5f-4308-bff9-87173b0ae795,Phillip Goss,Indiana Elected Official,State Representative,sos_lookup,high,"IN SoS record: ""phillip goss"" → State Representative"
bedb0699-eafc-4fd1-a4fe-445d5c27c604,1e3c9273-2989-4511-9763-a431394792de,Lori Goss-reaves,Indiana Elected Official,(none),unresolved,none,(committee: Friends of Lori Goss-Reaves | notes head: Auto-discovered from Indiana 2025 contribution data. Committ)
9ead047f-44d4-4a99-8cae-efdad7a1be11,9ad1db62-bd80-4aa1-a59c-63be14917321,Lindsay Gramlich,Indiana Elected Official,(none),unresolved,none,(committee: Our Community for Lindsay Gramlich | notes head: Auto-discovered from Indiana 2025 contribution data. Committ)
a933b9f5-2cb8-4142-b77f-a1c86bd032f3,3d2f33b4-f37e-4f11-a73e-c88dd3591166,Tiffany Grant,Indiana Elected Official,State Representative,sos_lookup,high,"IN SoS record: ""tiffany lea grant"" → State Representative"
d2c773e7-f1fa-44a7-845e-a04ab8be3cd9,9deb156e-8038-4dff-bae4-d3e4ff371681,Gabrianna Gratzol,Indiana Elected Official,(none),unresolved,none,(committee: Friends of Gabrianna Gratzol | notes head: Auto-discovered from Indiana 2025 contribution data. Committ)
3d915f00-b37e-4daf-84c5-9ac90070de7f,fbdab212-fdce-4097-8267-42e29db8c754,Robert Greene,Indiana Elected Official,State Representative,sos_lookup,high,"IN SoS record: ""robert richard greene iii"" → State Representative"
1c67e82f-1151-4835-9449-1ce44bb4c751,fa680238-7795-49cc-ad5c-2ffa212e9e0c,John Gregg,Indiana Elected Official,State Representative,sos_lookup,high,"IN SoS record: ""john r. gregg"" → State Representative"
cd28a6bc-32ce-4035-9855-f63cbbf1f082,6f9df33a-f033-4d1a-b0b0-3ec00d54cb27,Melinda Griesemer,Indiana Elected Official,(none),unresolved,none,(committee: Melinda Griesemer for Indiana | notes head: Auto-discovered from Indiana 2022 contribution data. Committ)
f6a305df-e469-44d1-b618-f0daaec52e58,7257c098-9f42-445a-b59c-6a9433ff5af5,Donna Griffin,Indiana Elected Official,State Representative,sos_lookup,high,"IN SoS record: ""donna lynn griffin"" → State Representative"
456484c6-b928-4583-96f3-6bd72bbfdfce,d80d0041-b27c-4f58-b32a-aefc48fb37b6,R Griffin,Indiana Elected Official,State Representative,sos_lookup,high,"IN SoS record: ""r michael griffin"" → State Representative"
d88140dc-382f-4278-9feb-84eb832dbf98,9f319042-1c7b-46bd-8ad8-24534655c7dd,Timothy Gust,Indiana Elected Official,(none),unresolved,none,(committee: Committee to Elect Tim Gust | notes head: Auto-discovered from Indiana 2020 contribution data. Committ)
1fb4dd9a-f15c-41eb-9a6d-e9426cc79bcb,db185741-18b0-4b39-885e-0e1fa3da8da4,William Gutrich,Indiana Elected Official,(none),unresolved,none,(committee: Gutrich for Indiana | notes head: Auto-discovered from Indiana 2024 contribution data. Committ)
b7b23111-824d-4ac0-9e75-15250f5627a7,a05cc4e8-8486-41af-a322-efaf57f0870b,Douglas Gutwein,Indiana Elected Official,State Representative,sos_lookup,high,"IN SoS record: ""douglas l gutwein"" → State Representative"
e2dd96c7-e8c5-401f-aaf7-4987d2eca877,a8ef5f09-5bd2-4acb-9e83-549466878901,Craig Haggard,Indiana Elected Official,(none),unresolved,none,(committee: Hoosiers for Haggard | notes head: Auto-discovered from Indiana 2025 contribution data. Committ)
3ee001bc-e40a-45da-8b9e-b67cf801134a,99daa584-c31d-444b-8e9e-dd9b152fb6b5,Cindy Hajicek,Indiana Elected Official,(none),unresolved,none,(committee: Friends of Cindi Hajicek | notes head: Auto-discovered from Indiana 2024 contribution data. Committ)
f2797a9c-e15b-4f11-b43d-445bdf18cd5b,9add96c9-68e0-4215-a9f5-8fd7e28f5510,David Hall,Indiana Elected Official,State Representative,sos_lookup,high,"IN SoS record: ""david allen hall"" → State Representative"
7055f337-20f3-4bd5-a8af-a4d667880752,4810c896-5f26-41c4-837d-f1e8f5f6dc53,Carey Hamilton,Indiana Elected Official,State Representative,sos_lookup,high,"IN SoS record: ""carey e hamilton"" → State Representative"
f6f8845c-f364-4199-9f14-e36ce3e09d26,3f7e3e3c-07af-4468-9346-ecd1b1140cf8,Curtis Hammitt,Indiana Elected Official,State Representative,sos_lookup,high,"IN SoS record: ""curtis l hammitt"" → State Representative"
89fd7809-89d7-42af-b040-9cba8770a37a,24b55f04-d1ad-4a5a-b025-3da6ce32245e,Travis Hankins,Indiana Elected Official,(none),unresolved,none,(committee: Travis Hankins for Indiana | notes head: Auto-discovered from Indiana 2025 contribution data. Committ)
48d9ed6a-5db3-41ae-8d19-8b86df20be2c,34f47083-3144-4a1e-ac2f-0dc7680ff2b6,Katrina Hardwick,Indiana Elected Official,(none),unresolved,none,(committee: Kat Hardwick for Indiana | notes head: Auto-discovered from Indiana 2020 contribution data. Committ)
5013db67-9b3c-4c9e-b136-3bb9bd2e3a4c,b185eb57-6226-4d1a-9e31-76acb0c8d552,Chad Harmon,Indiana Elected Official,State Representative,sos_lookup,high,"IN SoS record: ""chad harmon"" → State Representative"
99e68389-2653-404c-acda-fad62ed668d9,bf83cb16-272e-4980-8332-58eeda00e707,Wayne Harmon,Indiana Elected Official,State Representative,sos_lookup,high,"IN SoS record: ""wayne edward harmon"" → State Representative"
191b974d-0b2c-43ed-bac2-c6087de00317,1df62539-e872-4e2e-8f0a-973b1cd74496,Chad Harris,Indiana Elected Official,State Representative,sos_lookup,high,"IN SoS record: ""chad micheal harris"" → State Representative"
42fc6041-4964-47b9-968c-6238102888fa,767fa43b-2bbe-4801-b44a-5267fe2f6852,Jason Hart,Indiana Elected Official,State Senator,sos_lookup,high,"IN SoS record: ""jason lee hart"" → State Senator"
9cc62029-29ea-4a6a-b9c0-eda15a30cde6,fd43a41a-d16d-462f-a68c-d60d9cab52e9,Michael-paul Hart,Indiana Elected Official,State Representative,notes,high,"Committee name: ""Hart For House"""
40f7a8f0-2d5b-4d39-bb04-b5e44252b3cd,d3c9cdfa-0e69-4db4-81e6-b6145b7eb40f,Christopher Hartig,Indiana Elected Official,(none),unresolved,none,(committee: Chris Hartig for Indiana | notes head: Auto-discovered from Indiana 2024 contribution data. Committ)
c6296803-c394-4e41-acf8-56e2860a457e,cf1be32b-b0f4-47b7-9a46-1394f65987e6,Ragen Hatcher,Indiana Elected Official,(none),unresolved,none,(committee: Committee to Elect Ragen Hatcher | notes head: Auto-discovered from Indiana 2025 contribution data. Committ)
41733fc3-0926-4b20-b1d4-7cb0ccc54410,c0b267d0-fc32-4418-a2cc-7315aedb7166,Ryan Hatfield,Indiana Elected Official,(none),unresolved,none,(committee: Friends of Ryan Hatfield | notes head: Auto-discovered from Indiana 2023 contribution data. Committ)
8221535d-6e09-44d7-be46-70f4324cc575,82481985-be28-4f75-86b4-dcd2f71cb11b,Thomas Hedde,Indiana Elected Official,State Representative,sos_lookup,high,"IN SoS record: ""thomas andrew hedde"" → State Representative"
c75f7507-f032-41a3-8f67-d5b4824667af,c9e4b190-a535-4af3-be5e-1105a13ba6fb,Zach Heimach,Indiana Elected Official,(none),unresolved,none,(committee: Supporters of Zach Heimach | notes head: Auto-discovered from Indiana 2022 contribution data. Committ)
1f4e2675-3490-4f66-8802-ffc3658eac4a,25b37d28-3c79-44bc-b5ee-6ff777d43c5e,Dave Heine,Indiana Elected Official,(none),unresolved,none,(committee: Citizens For Dave Heine | notes head: Auto-discovered from Indiana 2025 contribution data. Committ)
a172a812-a2ed-401e-9ccb-6b7a43a49bdc,eb01da93-ff1d-4abb-a2b6-ffca36163552,Crystal Henry,Indiana Elected Official,State Representative,sos_lookup,high,"IN SoS record: ""crystal ann henry"" → State Representative"
c6e4a2db-47ec-4c2a-9f2f-ec92ee0b7aa5,cfca3142-3f46-4ff3-a77f-cbb2438929d8,William Henry,Indiana Elected Official,Lieutenant Governor,sos_lookup,high,"IN SoS record: ""william e henry"" → Lieutenant Governor"
06be85eb-85f4-456b-8cd1-5186555a0a1d,c9f0abc9-d0d6-4616-a15a-a2167dc1ca6e,Ronald Herrell,Indiana Elected Official,(none),unresolved,none,(committee: hoosiers for herrell | notes head: Auto-discovered from Indiana 2025 contribution data. Committ)
66c0454f-956f-4dd2-b52f-edf823ca2565,2eaf01b5-2ee1-4257-b4b6-8df4b29d7f98,Michelle Higgs,Indiana Elected Official,State Representative,sos_lookup,high,"IN SoS record: ""michelle r higgs"" → State Representative"
264950a2-2c7a-42e8-9497-7d24a31a78e5,cd1df58c-8626-4793-bb81-f304d3e19418,Mark Hinton,Indiana Elected Official,(none),unresolved,none,(committee: Friends of Mark Hinton | notes head: Auto-discovered from Indiana 2020 contribution data. Committ)
7faea189-de64-470e-9474-17e738d7aaa9,b0028957-e9c1-4756-ace8-67fdb669a60a,Craig Hirsty,Indiana Elected Official,(none),unresolved,none,(committee: Hirsty for Hoosiers | notes head: Auto-discovered from Indiana 2021 contribution data. Committ)
5357e072-e732-49d1-a971-e40ece6d4621,fd26849e-b8d3-4bce-810b-ab9922ac6191,Eric Holcomb,Indiana Elected Official,Governor,sos_lookup,high,"IN SoS record: ""eric joseph holcomb"" → Governor"
5cc08113-a69e-492c-9308-73e50976393b,8b98d8e9-c41c-4722-80de-3bc5192656ee,Travis Holdman,Indiana Elected Official,(none),unresolved,none,(committee: Hoosiers for Holdman | notes head: Auto-discovered from Indiana 2025 contribution data. Committ)
3a75a29e-db1b-41c7-83ab-7aa1bd55a1ea,3a6c6611-c48f-4358-946f-68e521754192,Byron Holland,Indiana Elected Official,State Senator,sos_lookup,high,"IN SoS record: ""byron edward holland"" → State Senator"
3da9b350-0d41-4296-bd0c-0db916addc43,cbcdbf6f-1d25-4abe-8d25-0760510b25a0,Thomas Horrocks,Indiana Elected Official,(none),unresolved,none,(committee: Friends of Thomas Horrocks | notes head: Auto-discovered from Indiana 2024 contribution data. Committ)
c836b25f-c57b-4414-a056-1ebcb9833dd9,b4852f72-adf9-404e-a33e-c8773ef521ea,Matthew Hostettler,Indiana Elected Official,State Representative,sos_lookup,high,"IN SoS record: ""matthew douglas hostettler"" → State Representative"
ea48c369-6847-49ba-8cc1-4ae822fdeb55,fb9b5604-3963-49de-bed7-3150903c146a,Scott Houldieson,Indiana Elected Official,(none),unresolved,none,(committee: Committee To Elect Scott Houldieson | notes head: Auto-discovered from Indiana 2025 contribution data. Committ)
6b47aa8e-ee3d-4fdc-bba3-a478ac0bcc89,8f08a551-71c8-43c4-9bcc-b18fd3ac0abc,Tonya Hudson,Indiana Elected Official,Lieutenant Governor,notes,high,"Committee name: ""Tonya Hudson for Lt. Governer"""
6ba5d81c-4b34-487f-82e7-a5822af3c500,3c59f3a3-9843-4505-8f18-8a997321e3e8,John Hurley,Indiana Elected Official,(none),unresolved,none,(committee: Hoosiers 4 Hurley | notes head: Auto-discovered from Indiana 2023 contribution data. Committ)
87f9eff4-e837-4091-8651-2f33458cbc05,ffad238e-8c3b-44b7-94c9-9aeb2d82cc4a,Tammari Ingalls,Indiana Elected Official,(none),unresolved,none,(committee: Ingalls for Indiana | notes head: Auto-discovered from Indiana 2022 contribution data. Committ)
5deffdb8-81b4-4785-862b-43bea9f75b98,c68d71a3-1ed0-4f20-804e-8d39fe0930e9,Andrew Ireland,Indiana Elected Official,(none),unresolved,none,(committee: Ireland for Indiana Inc. | notes head: Auto-discovered from Indiana 2025 contribution data. Committ)
e0e71d3b-bf30-481a-9b26-22bc9383d859,a84832d2-d922-4e0d-98e2-d95b979790e3,Anthony Isa,Indiana Elected Official,State Representative,sos_lookup,high,"IN SoS record: ""anthony clyde isa"" → State Representative"
9eead26c-dfa0-4337-aa59-0e1f60a0c3d2,39c8e464-1f85-46ea-8ecf-edd7b26e633b,Ronald Itnyre,Indiana Elected Official,State Senator,sos_lookup,high,"IN SoS record: ""ronald itnyre"" → State Senator"
cb0aa4f7-3290-48a7-8158-f5d581f68aca,9ec5d907-b5d8-4f16-8379-703f748b58e0,Carolyn Jackson,Indiana Elected Official,State Representative,sos_lookup,high,"IN SoS record: ""carolyn bascomb jackson"" → State Representative"
c31300b7-28fb-418d-a95e-2013acbf39e2,8598210b-f0f0-4b8e-a61b-ad45abf981d0,Christopher Jeter,Indiana Elected Official,(none),unresolved,none,(committee: Jeter for Indiana | notes head: Auto-discovered from Indiana 2025 contribution data. Committ)
172523f6-cc7b-4654-ba86-c526d62b9893,cad4ccac-0ca7-4eb4-935c-6ef2522c257f,Blake Johnson,Indiana Elected Official,State Representative,notes,high,"Committee name: ""Johnson for House"""
7c1e40ad-e17d-40cf-a813-c7bcb4754254,162def26-1875-44f6-8f46-1ac8128ead01,Tyler Johnson,Indiana Elected Official,(none),unresolved,none,(committee: Vote Dr Johnson | notes head: Auto-discovered from Indiana 2025 contribution data. Committ)
a5429d09-2a14-4c85-bc53-dcf4a3283864,4f082059-2549-49b8-9eb6-2fe80bde1bc5,Davyd Jones,Indiana Elected Official,State Representative,sos_lookup,high,"IN SoS record: ""davyd j jones"" → State Representative"
edb12b94-9f92-49a9-b150-9e860a389c6f,281098fa-1722-4d5d-89eb-9d190975d248,Thomas Jones,Indiana Elected Official,(none),unresolved,none,(committee: Committee to Elect Tom Jones | notes head: Auto-discovered from Indiana 2022 contribution data. Committ)
025b4706-79e6-4739-9627-0abcd76238e1,45e48053-6db5-4e63-a5d7-2ad613340bd9,Jack Jordan,Indiana Elected Official,State Representative,sos_lookup,high,"IN SoS record: ""jack jordan"" → State Representative"
e63094d8-c501-4329-90f7-cd27c6ada69b,0e9e1a6e-2567-4f18-adf6-052f966473fb,Charles Kallas,Indiana Elected Official,State Representative,sos_lookup,high,"IN SoS record: ""charles blaine kallas"" → State Representative"
7b74c1e6-1b21-4bd1-80f1-928e82b002f5,9c4aa310-5706-42e8-b3f1-b5dee9b6f6fa,Michael Karickhoff,Indiana Elected Official,(none),unresolved,none,(committee: Friends for Karickhoff | notes head: Auto-discovered from Indiana 2025 contribution data. Committ)
834785ef-6c94-444d-ae99-6f2af68688d9,47b9fa38-12f6-4b13-8868-13f470f79de1,Michael Katcher,Indiana Elected Official,(none),unresolved,none,(committee: Committee To Elect Michael Katcher | notes head: Auto-discovered from Indiana 2025 contribution data. Committ)
c472344e-9cd1-4cea-9d97-bb9ba4f3d177,92294e08-1941-4d84-a09d-70b04b4e7504,Melissa Kauffman,Indiana Elected Official,State Representative,sos_lookup,high,"IN SoS record: ""melissa d kauffman"" → State Representative"
3dc65667-6812-4a0e-9509-977abb38867b,7eb64d2a-2e0a-477e-b3fd-50c26809838c,Coumba Kebe,Indiana Elected Official,(none),unresolved,none,(committee: Kebe For Indiana | notes head: Auto-discovered from Indiana 2025 contribution data. Committ)
b1a09184-f820-47ef-ab1d-786b0cced1c9,54e5d484-7470-4057-8b4b-9a716c3744fe,Lana Keesling,Indiana Elected Official,(none),unresolved,none,(committee: Friends of Lana  Keesling | notes head: Auto-discovered from Indiana 2022 contribution data. Committ)
76cb622b-6419-4792-b520-be578b8967a7,40d603c3-36e7-428f-bd03-e0ab57378379,Teresa Kendall,Indiana Elected Official,State Representative,notes,high,"Committee name: ""Kendall for House District 63"""
165054d3-72b5-4eda-ad6f-65d1ecf60e94,097e83fd-034d-42cd-ba8e-1e022fd690bc,Howard Kenley,Indiana Elected Official,Governor,sos_lookup,high,"IN SoS record: ""howard luke kenley"" → Governor [WARNING: 2 name matches, offices: Governor, State Senator]"
cfeff37f-ca3f-4aa5-be15-8d1577fd7319,daa1338a-1e7c-42a1-851b-febb62e69a22,Bob Kern,Indiana Elected Official,Lieutenant Governor,sos_lookup,high,"IN SoS record: ""bob kern"" → Lieutenant Governor"
70eccd00-a4ae-4dca-b326-97de156745d3,b5a9a489-0784-428a-b1ed-81fd40e07ff5,Joanna King,Indiana Elected Official,State Representative,sos_lookup,high,"IN SoS record: ""joanna king"" → State Representative"
5cfbe654-a298-4a33-9c76-3475ed3ee75a,c54359e8-c7ab-4057-8167-47da4d5b33dc,Myra Kinser,Indiana Elected Official,State Representative,sos_lookup,high,"IN SoS record: ""myra jo kinser"" → State Representative"
a2b98929-61f8-4ceb-9cdc-69140ff783fb,b027ac05-0578-4c57-b755-3fb3a885f612,Ashley Klein,Indiana Elected Official,State Representative,sos_lookup,high,"IN SoS record: ""ashley elizabeth klein"" → State Representative"
d3d6e2c8-4e90-435c-aa3a-e307c3be89c7,15d7efa7-cf0e-40f1-a867-bd692fe5f855,Brittany Kloer,Indiana Elected Official,(none),unresolved,none,(committee: Brittany Kloer for Education and Agriculture | notes head: Auto-discovered from Indiana 2022 contribution data. Committ)
05dde422-631a-4f1a-8aba-f65e01a33f69,f333e446-1237-48f2-ae71-95a1f43cf08c,Tera Klutz,Indiana Elected Official,(none),unresolved,none,(committee: Friends of Tera Klutz | notes head: Auto-discovered from Indiana 2023 contribution data. Committ)
0ab03a45-9ca0-47a7-a26f-bb89348f61bb,150f9f11-38c0-4bbe-90b3-906116a3c72d,Karl Knable,Indiana Elected Official,(none),unresolved,none,(committee: Committee to Elect Karl Knable | notes head: Auto-discovered from Indiana 2022 contribution data. Committ)
da8593c1-feec-4878-9f1e-5efaf1d21062,b803b7fb-41d5-4962-ad01-73fc861b2352,Greg Knott,Indiana Elected Official,(none),unresolved,none,(committee: Hoosiers For Knott | notes head: Auto-discovered from Indiana 2022 contribution data. Committ)
195a70b9-10bb-4372-ab5f-eb19a28c7e36,c4e35129-c551-40d6-909c-5d548b8d1f4a,Ryan Kominakis,Indiana Elected Official,(none),unresolved,none,(committee: Ryan Kominakis for Indiana | notes head: Auto-discovered from Indiana 2025 contribution data. Committ)
cfb85970-d707-4baf-a403-8e911703a28d,d95c87a9-e530-49a3-98d7-32a51e0f2223,Adam Krupp,Indiana Elected Official,(none),unresolved,none,(committee: Hoosiers for Adam Krupp | notes head: Auto-discovered from Indiana 2020 contribution data. Committ)
52d0a708-b8f1-4dc7-9bde-332d39890bf9,b5834c42-15b3-4dfa-b071-f99167b08d8e,Dennis Kruse,Indiana Elected Official,State Senator,sos_lookup,high,"IN SoS record: ""dennis k. kruse"" → State Senator"
d7cd199a-d0d6-49ae-9609-0b5c6071bd19,4a56e65f-a9a9-4092-bc60-2a29e3b98390,Jeffery Larson,Indiana Elected Official,(none),unresolved,none,(committee: Committee To Elect Jeff Larson | notes head: Auto-discovered from Indiana 2024 contribution data. Committ)
0fbfd5ae-c4ba-45c2-8f32-ea9ebb79c468,217b8c85-424b-41df-aa1b-7818425623d7,Ryan Lauer,Indiana Elected Official,State Representative,sos_lookup,high,"IN SoS record: ""ryan david lauer"" → State Representative"
954f7352-47b7-4132-a45a-70b7b41f5772,febf3613-79a2-4add-8164-a08a5afd5e24,Kenneth Lave,Indiana Elected Official,State Representative,notes,high,"Committee name: ""Sending Jasen Lave To The Indiana State House 2020"""
e5f7de20-7ed5-4db3-9380-c5f46e8d9a31,e2446db6-c2dd-400d-8384-68308face0fd,Connie Lawson,Indiana Elected Official,Secretary of State,sos_lookup,high,"IN SoS record: ""connie lawson"" → Secretary of State"
6da61f86-7165-42c5-80a3-57bc94284727,e869ec2a-2b8e-4b1f-a725-3f8cd4a2c48a,Ethan Lawson,Indiana Elected Official,State Representative,sos_lookup,high,"IN SoS record: ""ethan j lawson"" → State Representative"
5a7d04f2-201d-467f-8c03-512e567d79cd,af7200bc-a05f-4f00-9d59-bad5910de9c4,Linda Lawson,Indiana Elected Official,Lieutenant Governor,sos_lookup,high,"IN SoS record: ""linda clayton lawson"" → Lieutenant Governor"
620d4c80-b99d-4ef3-a090-607b08c7eee2,f48abb35-52e6-4cd0-bdfc-a56f8c337817,Marvin Layne,Indiana Elected Official,(none),unresolved,none,(committee: Layne for Indiana | notes head: Auto-discovered from Indiana 2025 contribution data. Committ)
14b5ae90-b484-4b7a-be5b-155e48301215,caf631f5-7fb2-4562-af76-844aadd4fdb3,Donald Lehe,Indiana Elected Official,(none),unresolved,none,(committee: Friends of Don Lehe | notes head: Auto-discovered from Indiana 2022 contribution data. Committ)
df1cc32c-f124-41e7-8640-b217d14af543,a237ad7b-a716-4113-88c1-99d2e06d08d7,Gregory Lemaster,Indiana Elected Official,State Representative,notes,high,"Committee name: ""Gregory W. LeMaster for House District 33 Candidates Committtee"""
f6bc6caa-be16-41eb-b138-6e984fc536b3,c378f185-ea54-4d96-a7bc-a7fd5c99be2a,Martha Lemert,Indiana Elected Official,(none),unresolved,none,(committee: Martha M Lemert for Indiana | notes head: Auto-discovered from Indiana 2022 contribution data. Committ)
14a18667-75b5-490c-ba4b-4ff5d46bb286,aee30e8b-9243-479a-80f4-a35f870a55dc,Daniel Leonard,Indiana Elected Official,(none),unresolved,none,(committee: Committee to Elect Dan Leonard | notes head: Auto-discovered from Indiana 2022 contribution data. Committ)
fc57122b-7886-4c39-8c06-ecfd760c9307,1b8b0a6f-018c-4675-9bae-891aa79f8599,Joel Levi,Indiana Elected Official,State Representative,sos_lookup,high,"IN SoS record: ""joel levi"" → State Representative"
44fd33d0-bb72-49c1-af2c-e2338634e3fe,21d8dd26-2fb9-4e71-bbba-5fef0272406e,William Levin,Indiana Elected Official,Governor,sos_lookup,high,"IN SoS record: ""william jay levin"" → Governor"
c9ed67cf-366e-4188-b6cc-fc71b51ff3b4,0cecacde-7a9c-4ef3-9b8a-580ef116a406,Ryan Liedtky,Indiana Elected Official,State Representative,sos_lookup,high,"IN SoS record: ""ryan joseph liedtky"" → State Representative"
df816a18-12c7-4d2c-877a-f2f65a79ce9f,37562039-c90f-40a5-842f-ce4799984931,James Lietz,Indiana Elected Official,(none),unresolved,none,(committee: Citizens for Jim Lietz | notes head: Auto-discovered from Indiana 2024 contribution data. Committ)
32fd0c0d-76e5-4444-b5bf-239ed5fb3201,ed2a8708-c453-4ff2-8f44-7b86a5515722,Shane Lindauer,Indiana Elected Official,(none),unresolved,none,(committee: shanelindauer.com | notes head: Auto-discovered from Indiana 2025 contribution data. Committ)
119e0ace-3f82-47cd-b0ab-4468ea588572,25eb2824-0a38-42d8-9c7e-e0efadabaef7,Andrew Locke,Indiana Elected Official,State Representative,sos_lookup,high,"IN SoS record: ""andrew tyler locke"" → State Representative"
d7392044-c17f-45d0-917f-8b0ed67d26bf,dae3cec9-a803-43bd-bb73-39c9e729eaf8,Daniel Lopez,Indiana Elected Official,State Representative,sos_lookup,high,"IN SoS record: ""daniel orlando lopez"" → State Representative"
3b2ec599-87c8-405f-9611-be01d93d1ce8,a6eb5709-281d-4d35-8619-df6c968e79a2,Michael Lovely,Indiana Elected Official,(none),unresolved,none,(committee: Lovely for Indiana | notes head: Auto-discovered from Indiana 2020 contribution data. Committ)
0a01a254-252c-4110-9ca8-4108a77205f8,114d44d9-7008-4679-88a4-ff6f3476c86f,Joshua Lowry,Indiana Elected Official,(none),unresolved,none,(committee: Lowry for Indiana | notes head: Auto-discovered from Indiana 2024 contribution data. Committ)
3138c3f1-8186-4434-bfd2-0368c10b6500,94ad7e9c-9184-4bf5-b573-90cd9f908529,James Lucas,Indiana Elected Official,(none),unresolved,none,(committee: Friends of Jim Lucas | notes head: Auto-discovered from Indiana 2025 contribution data. Committ)
0bb99526-0f64-4b09-b3b3-e7aea0771317,f3038eda-c434-46a3-b614-93796d12d679,Randall Lyness,Indiana Elected Official,State Representative,sos_lookup,high,"IN SoS record: ""randall jeffrey lyness"" → State Representative"
bc2e9ee6-aba8-4073-98fc-8af547ae29ec,f6e6b1f6-b91b-4ff2-81c0-600e8e1dc886,Manuel Maldonado,Indiana Elected Official,(none),unresolved,none,(committee: Committee to Elect Manuel Maldonado | notes head: Auto-discovered from Indiana 2024 contribution data. Committ)
43cd8524-c68f-4777-8e59-a4b89eeece78,99e7f3ea-5004-4d67-b891-3d00b7ddc20e,Kevin Mandrell,Indiana Elected Official,(none),unresolved,none,(committee: Mandrell for Indiana | notes head: Auto-discovered from Indiana 2024 contribution data. Committ)
a10dec03-963d-4e83-a670-93989a1094b1,7d6fadc7-a2df-449a-82a7-cc8205ab3be7,Nicholas Marshall,Indiana Elected Official,State Senator,sos_lookup,high,"IN SoS record: ""nicholas lamar marshall"" → State Senator"
dcb6c9af-3d69-4fe3-8b80-c10a03bb9a32,f5e56980-3067-4c5d-b7a8-a5d88b2f300b,Clifford Marsiglio,Indiana Elected Official,Lieutenant Governor,sos_lookup,high,"IN SoS record: ""clifford marsiglio"" → Lieutenant Governor [WARNING: 2 name matches, offices: Lieutenant Governor, State Senator]"
2219064e-d0e7-4e8d-92e0-70dc21d9972c,d4ad4055-1374-4cf8-b4fe-5777ef5ddccf,Victoria Martz,Indiana Elected Official,(none),unresolved,none,(committee: Election Committee for Victoria C. Martz | notes head: Auto-discovered from Indiana 2025 contribution data. Committ)
899dfe15-5d4c-4e80-9aad-21389a433306,24bf07f9-d6ee-4dbb-9f4d-924eb3130dc7,Mark Massa,Indiana Elected Official,(none),unresolved,none,(committee: COMMITTEE TO RETAIN MARK S MASSA | notes head: Auto-discovered from Indiana 2024 contribution data. Committ)
43e36232-4096-4e31-aa92-6ad0cd689b97,5e9ddc9e-4068-4fee-8712-26295f263a29,Jeffrey Maurer,Indiana Elected Official,(none),unresolved,none,(committee: MAURER FOR INDIANA | notes head: Auto-discovered from Indiana 2023 contribution data. Committ)
7bfae857-63ac-4c4d-be8a-8cc7ebf5583c,69d76f0a-0139-46aa-908f-577d5b4e8870,Randall Maxwell,Indiana Elected Official,State Senator,sos_lookup,high,"IN SoS record: ""randall maxwell"" → State Senator"
0aaa8b69-d5dc-4237-aa26-093eb0a2dc56,5f39f8d5-a1d1-44e1-af5c-7abba4f6bf7d,Christopher May,Indiana Elected Official,State Representative,sos_lookup,high,"IN SoS record: ""christopher david may"" → State Representative"
a2de391d-17f5-47c8-bb68-79356326d341,40f29051-ef2a-4d16-9078-8b62382edbb8,Randall Mccallister,Indiana Elected Official,(none),unresolved,none,(committee: Committee to Elect McCallister | notes head: Auto-discovered from Indiana 2025 contribution data. Committ)
0d233ce8-332c-4206-b631-ba5ce5df2efb,b0bed15f-0b8b-4550-ba3e-330eb1ecf555,Heather Mccarthy,Indiana Elected Official,State Representative,sos_lookup,high,"IN SoS record: ""heather a. mccarthy"" → State Representative"
51594c0e-f79f-416a-a3d5-96d5783c6bdc,0c8eabdb-4854-4c84-8a4c-92f31dbbd07b,Jessica Mcclellan,Indiana Elected Official,State Treasurer,sos_lookup,high,"IN SoS record: ""jessica mcclellan"" → State Treasurer"
4f714128-6eb7-40c2-ba32-d3310d665158,e6d57cd7-a98b-4826-a03a-8e648582fd47,James Mcclure,Indiana Elected Official,State Representative,sos_lookup,high,"IN SoS record: ""james ronald mcclure"" → State Representative"
a569b2ae-ecef-4011-bc36-e04f786cce7e,50f10c84-5d84-41ec-a596-10b734b08f87,Nancy Mcdevitt,Indiana Elected Official,State Representative,notes,high,"Committee name: ""McDevitt for HOUSE 66"""
0410546b-6537-4a07-902a-004a1894093f,fd6d08d1-c771-4bf1-bd93-68c65e0e8fe5,Leah Mcgrath,Indiana Elected Official,(none),unresolved,none,(committee: Friends of Leah McGrath | notes head: Auto-discovered from Indiana 2020 contribution data. Committ)
3e972f1f-e317-428e-9343-23966d7e6fe3,79d98ed9-7e52-4ca6-81a3-a564ff48a5c0,Matthew Mcnally,Indiana Elected Official,(none),unresolved,none,(committee: McNally For Indiana | notes head: Auto-discovered from Indiana 2024 contribution data. Committ)
37cc952f-cbbc-430f-9e13-44bc79da8534,743110e2-69fc-4a64-9105-e20857b9d7e0,Andrew Mcneil,Indiana Elected Official,(none),unresolved,none,(committee: Committee to Elect Andrew McNeil | notes head: Auto-discovered from Indiana 2022 contribution data. Committ)
008a64c7-f83f-41fc-8666-8ab94653e7aa,2c6f6e80-d1ff-4b75-9ec2-647fb34a502e,Charles Meeks,Indiana Elected Official,State Senator,notes,high,"Committee name: ""Bud Meeks for State Senante"""
6d78496b-831c-4891-a34c-389f889c22a4,9c6a1b85-af9f-47aa-aa0f-46b332108ef9,Ron Meer,Indiana Elected Official,(none),unresolved,none,(committee: Citizens To Elect Meer | notes head: Auto-discovered from Indiana 2022 contribution data. Committ)
2afabcb1-aa1d-4a65-8f4b-8386d76c4aef,2cc51bdc-7606-4172-ae67-b6cb4e6c70a2,Eddie Melton,Indiana Elected Official,Governor,sos_lookup,high,"IN SoS record: ""eddie darale melton"" → Governor"
2241dae0-0b88-4143-8742-cb1704c0d8ea,c93d27ca-26e9-46a1-a261-ed127313d43b,Jennifer Meltzer,Indiana Elected Official,State Representative,sos_lookup,high,"IN SoS record: ""jennifer meltzer"" → State Representative"
610ba983-a807-4984-9bde-bd11fb410a7c,6185fe8e-8f41-47c1-8bab-9648357b3237,James Merritt,Indiana Elected Official,State Senator,sos_lookup,high,"IN SoS record: ""james w. merritt"" → State Senator"
88165c05-0797-4781-8e76-aa2ddcd606c9,32fbb733-d65c-457b-8ef0-f52e1701d284,Kyle Miller,Indiana Elected Official,(none),unresolved,none,(committee: Friends of Kyle Miller | notes head: Auto-discovered from Indiana 2025 contribution data. Committ)
d8f7e0ae-ea4e-4c73-be0a-9dbc424ecd28,6c29f85c-b568-40c5-8805-b205a815773a,Rob Miller,Indiana Elected Official,(none),unresolved,none,(committee: Friends of Rob Miller | notes head: Auto-discovered from Indiana 2025 contribution data. Committ)
8f2c8411-68aa-49c4-af1d-97ddddddc370,2a8506a8-62c8-495d-9104-3aa114b7f7cb,Frederic Mills,Indiana Elected Official,State Representative,sos_lookup,high,"IN SoS record: ""frederic allen mills"" → State Representative"
ec214060-bc0e-48ad-ace5-1fec4e0f868a,c2cfdf00-d537-4c57-92a8-27dadf7a0274,Aaron Mishler,Indiana Elected Official,State Representative,sos_lookup,high,"IN SoS record: ""aaron kelly mishler"" → State Representative"
3d248da2-76ca-4842-a4f3-948d595c38d3,50f26964-e294-49cb-951a-48a61772ff86,Derek Molter,Indiana Elected Official,(none),unresolved,none,(committee: COMMITTEE TO RETAIN DEREK R MOLTER | notes head: Auto-discovered from Indiana 2024 contribution data. Committ)
a830553a-38e0-407b-877d-116cade60076,38f33c5e-38b9-4d3e-bcec-268c689429e2,John Moton,Indiana Elected Official,(none),unresolved,none,(committee: Friends of John Moton | notes head: Auto-discovered from Indiana 2022 contribution data. Committ)
bf5953e0-4840-45a9-9edd-6d4ef1a2d4ac,216a5420-7b79-44aa-851e-9e3eaab7d429,Charles Mumaw,Indiana Elected Official,State Senator,sos_lookup,high,"IN SoS record: ""charles d. mumaw"" → State Senator"
5ec64b73-e9d7-401a-88a4-d9f96884056d,0612b6de-319f-47c5-a818-2ac9dde06ed4,Timothy Murphy,Indiana Elected Official,State Senator,sos_lookup,high,"IN SoS record: ""timothy charles murphy"" → State Senator"
2e4d5e73-4a94-4a3a-8f95-607e3a447be3,18934827-486e-4994-ad83-09f35d27a75d,Cheryl Musgrave,Indiana Elected Official,State Representative,sos_lookup,high,"IN SoS record: ""cheryl aw musgrave"" → State Representative"
755b7550-b435-4abe-b23a-36068d681bfd,b97a8b8c-c0ae-4ff6-84c8-91dd6d726781,Bryan Mu�oz,Indiana Elected Official,(none),unresolved,none,(committee: Friends of Bryan Mu�oz | notes head: Auto-discovered from Indiana 2022 contribution data. Committ)
fe70eb92-5892-4d59-8f2c-a14f81f89801,9965f45e-f848-45d1-93cc-41a3a7cd0295,William Nash,Indiana Elected Official,State Representative,sos_lookup,high,"IN SoS record: ""william moss nash"" → State Representative"
9247915f-84e1-44bb-b4af-c4fa0b614fb2,9044faa7-78d0-4783-8ba9-431a30ff35bc,Heath Natter,Indiana Elected Official,(none),unresolved,none,(committee: Committee to Elect Heath VanNatter | notes head: Auto-discovered from Indiana 2025 contribution data. Committ)
bbe89a79-1858-4646-87bc-ad87ca24d696,347c367c-ec8c-44c5-8b92-85ac13c8986a,Nicholas Neal,Indiana Elected Official,State Representative,sos_lookup,high,"IN SoS record: ""nicholas maurice neal"" → State Representative"
c2bc400c-b72c-440a-9d8f-2e23eceb31e8,bd1326ca-76ba-4d38-9032-108b1b37b05c,Barbara Neihouser,Indiana Elected Official,(none),unresolved,none,(committee: Neihouser For Indiana | notes head: Auto-discovered from Indiana 2022 contribution data. Committ)
1283eddd-c74f-4662-8745-cbf9ed838eb7,338b6bc2-e3d8-42db-9ae8-f2aba2cbd563,Amie Neiling,Indiana Elected Official,(none),unresolved,none,(committee: Committee to Elect Amie Neiling | notes head: Auto-discovered from Indiana 2020 contribution data. Committ)
35abf440-fe4a-4523-8752-ded733899e12,6e1a895d-a956-4806-8938-4977e34cac9a,Rick Niemeyer,Indiana Elected Official,State Senator,sos_lookup,high,"IN SoS record: ""rick n niemeyer"" → State Senator"
932f631c-7e65-49b1-ae72-7f1a4327a386,0bb1bf53-3a53-4e66-8870-3b61a774b26b,Jordan Nienaber,Indiana Elected Official,State Representative,notes,high,"Committee name: ""Jordan Nienaber for House District 90"""
0e1ffef1-228e-4a18-a2a3-60e660496d89,838ac326-9eeb-491b-92dd-e67da14999cb,Elise Nieshalla,Indiana Elected Official,(none),unresolved,none,(committee: Friends for Elise Nieshalla | notes head: Auto-discovered from Indiana 2025 contribution data. Committ)
085df86c-4bd0-4038-b9a1-c5556cca2c4c,30975434-3159-40d0-8268-2d450613721a,Paul Nix,Indiana Elected Official,(none),unresolved,none,(committee: Nix4Indiana Campaign Committee | notes head: Auto-discovered from Indiana 2022 contribution data. Committ)
21260ab6-e3c7-4d0f-8ecf-c178581cb490,5a5a854e-6cdb-4ffe-b648-c8c049f7a845,Randall Novak,Indiana Elected Official,(none),unresolved,none,(committee: Committee to Elect Randy Novak | notes head: Auto-discovered from Indiana 2025 contribution data. Committ)
b97180d2-62bc-426c-851e-473654cda051,b08e941b-a858-4ebf-9448-dd23a904fc07,Johnny Nugent,Indiana Elected Official,(none),unresolved,none,(committee: JOHNNY NUGENT VICTORY TEAM | notes head: Auto-discovered from Indiana 2021 contribution data. Committ)
692158d4-b34f-4f57-be84-bd4f68092303,f99fd6d5-48c1-44c0-83cb-013bf86b7600,Leslie Nuss,Indiana Elected Official,(none),unresolved,none,(committee: Committee to Elect Leslie Nuss | notes head: Auto-discovered from Indiana 2025 contribution data. Committ)
44125bff-1264-49b3-9e85-8687b8816125,bba53cbb-15de-432f-9d6e-d0ab431eac15,Timothy O'brien,Indiana Elected Official,State Representative,sos_lookup,high,"IN SoS record: ""timothy andrew o'brien"" → State Representative"
0333ab5e-204e-4b38-95cb-07eb13a76b7c,7d45288e-cd01-4fc8-9e28-666d21aa66de,Justin Oakley,Indiana Elected Official,(none),unresolved,none,(committee: Justin Oakley 2012 | notes head: Auto-discovered from Indiana 2020 contribution data. Committ)
c1921614-9db5-433d-b286-abe74ffc3f8f,befd0035-e611-4d14-9da9-227156bb2c10,Julie Olthoff,Indiana Elected Official,(none),unresolved,none,(committee: Voters for Julie Olthoff | notes head: Auto-discovered from Indiana 2025 contribution data. Committ)
81338fd9-195d-4b79-95ce-d015814d0b40,57a61f49-006c-4c8f-926b-42fedd87f235,Eric Orr,Indiana Elected Official,(none),unresolved,none,(committee: Eric Orr Committee | notes head: Auto-discovered from Indiana 2020 contribution data. Committ)
8f1eab30-7daa-4a93-9ba8-c2e98fdfe1b1,3a61311b-1693-4606-b3ff-7f889a9be81c,Katrina Owens,Indiana Elected Official,State Senator,sos_lookup,high,"IN SoS record: ""katrina r owens"" → State Senator"
a4cef6ab-d5fb-4982-8810-c7dd110b23b7,c3b085bb-58c5-4cce-a8e3-4db3da3a106d,Lasima Packett,Indiana Elected Official,(none),unresolved,none,(committee: Friends of Packett for the People | notes head: Auto-discovered from Indiana 2025 contribution data. Committ)
527f9263-1ee3-4c0f-a103-d6bd403fd997,fd9ed04c-840e-4687-9971-40b39178980a,Logan Patberg,Indiana Elected Official,(none),unresolved,none,(committee: Patberg For Indiana | notes head: Auto-discovered from Indiana 2025 contribution data. Committ)
d544a3c9-b5c2-4ec9-9d2d-605f445febba,0408c7bf-e5f9-4754-b978-ad45e317afca,Lindsay Patterson,Indiana Elected Official,State Representative,sos_lookup,high,"IN SoS record: ""lindsay margaret patterson"" → State Representative"
a08292fe-2fdc-41b2-82d7-a662eee07c74,f1df1219-a804-4943-9c98-ae2371a42663,Tonda Pauley,Indiana Elected Official,(none),unresolved,none,(committee: Committee to Elect Tonda Pauley | notes head: Auto-discovered from Indiana 2020 contribution data. Committ)
62455246-4464-46e0-837f-23e8a536db0c,2ad8823b-1b85-4b2b-88bb-00595836d9aa,Zachary Payne,Indiana Elected Official,State Representative,sos_lookup,high,"IN SoS record: ""zachary charles payne"" → State Representative"
5a07b8dc-5b4c-4e5e-9b1c-2165b01a8053,47dce837-cf0b-4904-97c5-606f73af2fca,Hollie Payton,Indiana Elected Official,(none),unresolved,none,(committee: Hollie Payton for IN | notes head: Auto-discovered from Indiana 2024 contribution data. Committ)
e86a9bcd-b46f-4808-bff8-68dad4311df9,59c190f2-380f-44a9-8398-f94913d1bf15,Greg Peete,Indiana Elected Official,(none),unresolved,none,(committee: Friends of Greg Peete | notes head: Auto-discovered from Indiana 2020 contribution data. Committ)
ee3c1cec-5170-407d-8a0e-0b9c494ae3fa,3da375d2-9f8b-4742-b802-0f150363328f,Veronica Pejril,Indiana Elected Official,(none),unresolved,none,(committee: Friends to Elect Veronica Pejril | notes head: Auto-discovered from Indiana 2024 contribution data. Committ)
934b85c7-3d7e-4895-a0cc-808d938379fc,2c954db3-46b9-48eb-bceb-45aa38a8ff65,Michael Pence,Indiana Elected Official,Governor,sos_lookup,high,"IN SoS record: ""michael richard pence"" → Governor"
1911f17d-e5ae-4bb5-a33f-da3e7ea1749d,5383c7e2-6abf-4bac-8fdc-adc07b2c6767,James Peters,Indiana Elected Official,U.S. Representative,notes,high,"Committee name: ""James Peters for Congress"""
bdf88f59-a962-4fbb-85ce-3f2ad06d1a27,40200c4e-48b7-41b2-9c58-c8f2ab890ca4,Tonya Pfaff,Indiana Elected Official,State Representative,sos_lookup,high,"IN SoS record: ""tonya marie pfaff"" → State Representative"
dfa522a2-cb56-4b7a-9cd1-16ffcf77be24,aa2ee278-9763-4a30-90a9-9231331ac129,Kyle Pierce,Indiana Elected Official,State Representative,sos_lookup,high,"IN SoS record: ""kyle edward pierce"" → State Representative"
c734eece-261e-4a2c-8223-f1d3f63a0de0,1fc5bfdb-f355-49cb-9405-a4bc40809205,Mark Pierce,Indiana Elected Official,State Representative,sos_lookup,high,"IN SoS record: ""mark alan pierce"" → State Representative"
f8c101d0-1424-4ccc-a51f-158582fdb2de,4b938d2b-2e54-4fbc-b048-5406968644d2,Rodney Pol,Indiana Elected Official,State Senator,sos_lookup,high,"IN SoS record: ""rodney pol"" → State Senator"
d1ca075a-a267-43e4-add2-32238f1247e3,f99b2967-b6b7-423e-b1c6-a003f7c19e48,Nannett Polk,Indiana Elected Official,(none),unresolved,none,(committee: The Committee to Elect Nan Polk | notes head: Auto-discovered from Indiana 2022 contribution data. Committ)
8c5501b1-1a56-4618-a87f-4f5f355b53e9,1631b301-b7c8-4994-b8b3-592ec7cb262c,Robert Pope,Indiana Elected Official,(none),unresolved,none,(committee: Committee to Elect Robert Pope | notes head: Auto-discovered from Indiana 2024 contribution data. Committ)
a4066043-a9a6-411d-9394-46766eb3620e,672d95d1-1aeb-4fe9-8980-5caa47dfddcb,Debora Porter,Indiana Elected Official,State Representative,sos_lookup,high,"IN SoS record: ""debora irene porter"" → State Representative"
496dcf31-1e29-4fe6-9080-5ac3d2e06170,d10e01ec-ac09-4201-b121-224c0c4c145b,Blythe Potter,Indiana Elected Official,Secretary of State,sos_lookup,high,"IN SoS record: ""blythe elizabeth potter"" → Secretary of State"
17b63caf-3619-4519-b2b7-924d786f1cd0,8dafa118-65a4-4f96-a45c-06b4e0c295cd,Michael Potter,Indiana Elected Official,State Representative,sos_lookup,high,"IN SoS record: ""michael e potter"" → State Representative"
9cab3fe3-e3a8-46be-9be4-074b7bad2c00,cfa043c0-3be3-47b6-bc71-f61e77c678d2,Tracey Powell,Indiana Elected Official,State Senator,sos_lookup,high,"IN SoS record: ""tracey bryan powell"" → State Senator"
f67d7531-a3c7-4079-8f80-d0ae72ebbe07,eefa2730-6f67-436f-81ee-11fc82658695,Humberto Prado,Indiana Elected Official,(none),unresolved,none,(committee: Committee to Elect Humberto Prado | notes head: Auto-discovered from Indiana 2024 contribution data. Committ)
9ef98086-c22c-490a-9391-9b42d84c5d82,5f9aea18-9efd-442a-893a-901fbbdb84fa,James Pressel,Indiana Elected Official,State Representative,sos_lookup,high,"IN SoS record: ""james robert pressel jr."" → State Representative"
9ae09aa4-035e-4917-a6ae-100c88b65078,3732f476-e26f-4fee-a2fb-7e50f3baa537,Ryan Price,Indiana Elected Official,State Representative,sos_lookup,high,"IN SoS record: ""ryan christopher price"" → State Representative"
e7c84cf6-d1f7-42a0-8ad1-d7b1f27f775d,5dd4fa3d-3348-4158-8d77-3b804c095a18,Cherrish Pryor,Indiana Elected Official,(none),unresolved,none,(committee: Committee to Elect Cherrish Pryor | notes head: Auto-discovered from Indiana 2025 contribution data. Committ)
84ccce71-56bc-4d2d-a98c-822a23b50ebb,d921ed4b-4285-45a8-9d6c-fd6ae10347ea,Timothy Radice,Indiana Elected Official,(none),unresolved,none,(committee: Citizens for Tim Radice | notes head: Auto-discovered from Indiana 2022 contribution data. Committ)
ce4ed4bf-fb7f-4b1a-924f-5c2f115a9c79,b0a77039-9924-4b2b-9ff9-399fbe5f2af6,Amy Rainey,Indiana Elected Official,State Representative,sos_lookup,high,"IN SoS record: ""amy dawn rainey"" → State Representative"
dd014706-b956-4e53-9a75-a849bd5c8aaa,8c1a477c-b3d7-4831-9581-6fa2452db2d3,Donald Rainwater,Indiana Elected Official,State Representative,sos_lookup,high,"IN SoS record: ""donald g rainwater ii"" → State Representative [WARNING: 2 name matches, offices: State Representative, State Senator]"
63769ea7-5130-4cd0-b98f-1b9d71c7219d,e8054d02-34c2-485b-b54a-47658cc269b7,Lonnie Randolph,Indiana Elected Official,State Senator,sos_lookup,high,"IN SoS record: ""lonnie m. randolph"" → State Senator"
5618989b-dc41-4218-97c9-68a917180d14,5e57c2e5-93c8-43be-b970-359625ce702b,Nathan Ranke,Indiana Elected Official,State Representative,sos_lookup,high,"IN SoS record: ""nathan allan ranke"" → State Representative"
bfbd4895-ec5b-44ff-b3b5-7b7e1a2fc7fe,e2e6f2b7-415c-4143-bada-f35879e9d2bb,Douglas Rapp,Indiana Elected Official,State Representative,sos_lookup,high,"IN SoS record: ""douglas charles rapp"" → State Representative"
7e297bdf-3978-45c6-ad6b-a9eb016221da,cedd1efb-1296-430a-bb42-399d64f27357,Claude Reahard,Indiana Elected Official,State Representative,notes,high,"Committee name: ""Reahard for Indiana House"""
8f01fb8d-9746-47e8-af76-b0c924052e12,294f8019-f046-462d-a139-0fb06fa254d0,Mara Reardon,Indiana Elected Official,(none),unresolved,none,(committee: Citizens for Mara Candelaria Reardon | notes head: Auto-discovered from Indiana 2022 contribution data. Committ)
c8b1cb01-c670-4eb7-b631-ba3560ef65aa,e29dccf1-a90b-41ef-8123-908eef5991b0,Jamie Reitenour,Indiana Elected Official,Secretary of State,sos_lookup,high,"IN SoS record: ""jamie maranatha reitenour"" → Secretary of State"
8cc2c254-ad93-4207-aabe-cf844b13f3d9,118f374c-0d75-4da5-9f50-2af9f874ec00,Jessica Renslow,Indiana Elected Official,(none),unresolved,none,(committee: Friends of Jessica Renslow | notes head: Auto-discovered from Indiana 2020 contribution data. Committ)
dca35230-aad5-4e8b-884b-a9bc06b82383,dafee102-7e2c-445f-97f6-21c5d0d852d0,Tom Rhoades,Indiana Elected Official,(none),unresolved,none,(committee: Friends of Tom Rhoades | notes head: Auto-discovered from Indiana 2020 contribution data. Committ)
46b09d19-d241-4028-88fa-23bad8559703,043776fa-4f9c-4b9e-ab33-6119b75c10d8,Morgan Rigg,Indiana Elected Official,(none),unresolved,none,(committee: Rigg For Liberty | notes head: Auto-discovered from Indiana 2022 contribution data. Committ)
eb2d272f-87b8-4d3d-8ef5-4f41cbb8a4d3,a711c6a0-0611-4b7b-8cbd-977f15272f7b,Eugene Rinehart,Indiana Elected Official,State Representative,sos_lookup,high,"IN SoS record: ""eugene dave rinehart"" → State Representative"
9a5094e2-62cf-47d1-8208-d00d13e9d4f3,261a1049-04eb-4625-8a4a-92345e87358c,Melissa Rinehart,Indiana Elected Official,State Representative,sos_lookup,high,"IN SoS record: ""melissa anne rinehart"" → State Representative"
eeb323ad-ae2b-470e-97a8-142447bb5871,24875cc6-5a31-4099-8cd8-fe8ddb3b2ca0,David Ring,Indiana Elected Official,State Senator,sos_lookup,high,"IN SoS record: ""david l ring"" → State Senator"
c0b47159-69cb-4c63-b043-6d4be536ed45,35067721-e268-4ede-9e54-39c2f3fb27da,Martin Rio,Indiana Elected Official,State Senator,sos_lookup,high,"IN SoS record: ""martin del rio"" → State Senator"
ebc47b51-d553-4be6-935f-fe8710020e7f,9789fdf8-64b0-4815-9e77-238b49fffab8,Felipe Rios,Indiana Elected Official,State Representative,sos_lookup,high,"IN SoS record: ""felipe jesus rios"" → State Representative"
1ecf4928-8db6-4648-90a2-266740ebe60d,a2df03d9-9208-4ab0-84a7-ab5f544eba08,Michael Ripley,Indiana Elected Official,(none),unresolved,none,(committee: Friends for Mike Ripley | notes head: Auto-discovered from Indiana 2021 contribution data. Committ)
ef02bd0d-1c3a-42e8-a756-0f394e529065,59749068-4443-4633-861e-fff0b6aea844,Kristi Risk,Indiana Elected Official,State Senator,sos_lookup,high,"IN SoS record: ""kristi marie risk"" → State Senator"
0766532e-02af-4ee8-b085-0a1912864947,283b1fdd-3d89-4f82-a065-098324f2f967,Keil Roark,Indiana Elected Official,(none),unresolved,none,(committee: Keil Roark For Indiana | notes head: Auto-discovered from Indiana 2022 contribution data. Committ)
a99044df-8577-4594-99c6-7ad4dd6ef0f7,bd99314f-03da-4450-942a-415b347cf0b1,Robert Lee Compton,Indiana Elected Official,(none),unresolved,none,(committee: Compton for Progress | notes head: Auto-discovered from Indiana 2024 contribution data. Committ)
1a68cc3e-a456-4f81-9177-ff54841af7e6,9165bb5a-f72d-4074-860b-67b665f0b597,Theodore Rokita,Indiana Elected Official,(none),unresolved,none,(committee: Todd Rokita Election Committee | notes head: Auto-discovered from Indiana 2025 contribution data. Committ)
54850306-73a6-441f-a179-ae32f1c9920c,6af62df1-dad7-4941-8f1c-817c339d9eb0,Ronald Carlomon Saunders,Indiana Elected Official,(none),unresolved,none,(committee: Saunders for Indiana | notes head: Auto-discovered from Indiana 2020 contribution data. Committ)
14a6e65b-8db4-4f55-8ea9-92223a37dd90,e565fee9-df19-4484-ab3e-5d3f39a43f2a,Richard Rouser,Indiana Elected Official,(none),unresolved,none,(committee: Rick Rouser for District 23 | notes head: Auto-discovered from Indiana 2024 contribution data. Committ)
a3ef91eb-da91-4923-9b6a-cb9906f2b269,d9ca3eac-f51d-4d1a-b7ae-df5249459d24,Elizabeth Rowray,Indiana Elected Official,(none),unresolved,none,(committee: Elizabeth Rowray for Indiana | notes head: Auto-discovered from Indiana 2025 contribution data. Committ)
9c09ea97-865a-4215-b70e-3e5ddd57a3c4,0a8ab4bc-ec37-48e2-b526-3aa8bf204a03,Ryan Royer,Indiana Elected Official,(none),unresolved,none,(committee: Friends of Ryan Royer | notes head: Auto-discovered from Indiana 2020 contribution data. Committ)
fa6f3caa-dd2a-4bc8-9168-2d3edea6a77e,bacd3719-1cb1-47bf-a8bb-068e91e53c0e,John Ruckelshaus,Indiana Elected Official,State Senator,sos_lookup,high,"IN SoS record: ""john christian ruckelshaus"" → State Senator"
923f9e5e-b639-4bc1-9c1f-09fb0b02c48b,f63a6255-6cfa-4c40-8916-fcf37370e567,Ben Ruiz,Indiana Elected Official,State Representative,sos_lookup,high,"IN SoS record: ""ben ruiz"" → State Representative"
7b47bc10-9d5d-49a7-bfc8-6689ceae7486,3de28e27-f1e7-4cc2-81c3-3aff502b4c37,Loretta Rush,Indiana Elected Official,(none),unresolved,none,(committee: COMMITTEE TO RETAIN LORETTA H RUSH | notes head: Auto-discovered from Indiana 2024 contribution data. Committ)
65300995-10bb-4b3b-aca8-48a1088fc341,403b2e0e-4d70-4f28-ae9b-1132f0954fdd,Katherine Rybak,Indiana Elected Official,(none),unresolved,none,(committee: Committee to Elect Rybak | notes head: Auto-discovered from Indiana 2023 contribution data. Committ)
0368f293-d8f6-4b39-8941-23c763ed358c,53bdc7cb-9a96-40bc-9b69-583f66554328,Alex Sabol,Indiana Elected Official,(none),unresolved,none,(committee: Committee to Elect Alex Sabol | notes head: Auto-discovered from Indiana 2020 contribution data. Committ)
b5532e8d-2731-4163-aae6-a919ec2e34a1,d8b55659-dd83-449e-9ff5-243758fb8ff6,David Sanders,Indiana Elected Official,State Senator,sos_lookup,high,"IN SoS record: ""david avram sanders"" → State Senator"
3e890f53-b099-4f60-9c87-0796cfa98bd8,0180028f-1097-43ea-92b2-eff6514c4f5c,Brian Savilla,Indiana Elected Official,(none),unresolved,none,(committee: Friends of Brian Savilla | notes head: Auto-discovered from Indiana 2024 contribution data. Committ)
29bf491e-c486-4e1b-bf24-b476472f9e9a,82bb4a77-7067-474f-a442-0b6c65988323,Daryl Schmitt,Indiana Elected Official,(none),unresolved,none,(committee: Daryl Schmitt for Indiana | notes head: Auto-discovered from Indiana 2025 contribution data. Committ)
ece0266a-ea3f-4b54-973b-3efa01ccdf6e,8872aa5d-7760-4b76-97b7-879eed8ad6b2,John Schmitz,Indiana Elected Official,(none),unresolved,none,(committee: SchmitzHouse97 | notes head: Auto-discovered from Indiana 2023 contribution data. Committ)
33e04111-0181-4ca5-bc34-23bcfbe5f669,0ab98f60-21d1-4597-a49a-f055d7f9a682,Peter Seat,Indiana Elected Official,(none),unresolved,none,(committee: People for Pete Seat | notes head: Auto-discovered from Indiana 2022 contribution data. Committ)
edd0f290-ef54-477b-8a79-2e7e79dc22e2,d65bdc25-683b-4634-9a4a-baed9e69a9c1,Sean Selby,Indiana Elected Official,(none),unresolved,none,(committee: Friends of Sean Selby | notes head: Auto-discovered from Indiana 2022 contribution data. Committ)
b73e7ef3-cb78-43f0-8228-87f2db9ae08e,cb7dfd3e-5a22-496d-ab31-35886688e1b2,Rhonda Sharp,Indiana Elected Official,(none),unresolved,none,(committee: RHONDA SHARP FOR INDIANA | notes head: Auto-discovered from Indiana 2024 contribution data. Committ)
bc772c66-903a-418f-84ca-e4f2cd93cbb2,521a35a8-d4d5-4b2e-98e4-3cacd552a9ae,Evan Shearin,Indiana Elected Official,(none),unresolved,none,(committee: Evan Shearin for Indiana | notes head: Auto-discovered from Indiana 2022 contribution data. Committ)
0be4ba65-a1c7-43d3-a1a8-7d123932d7c7,ce4a2292-9d86-4283-813c-eced27300261,David Shelton,Indiana Elected Official,Secretary of State,sos_lookup,high,"IN SoS record: ""david w shelton"" → Secretary of State"
464b9ff5-3362-4beb-94d0-ead17954d6a6,33a0f450-0894-43e3-b62c-00136da21ad7,Kevin Short,Indiana Elected Official,State Senator,sos_lookup,high,"IN SoS record: ""kevin short"" → State Senator"
d4331237-7b01-4587-84e8-6c1a09e72d73,2fe6fbb1-6d6e-4066-9c16-a2529302fe5c,Eric Shotwell,Indiana Elected Official,(none),unresolved,none,(committee: Committee to Elect Eric Shotwell | notes head: Auto-discovered from Indiana 2022 contribution data. Committ)
f56d705b-6428-470d-9492-31dd5e3ceb63,5d0867a9-99d8-4e6a-b7b2-46a19e70eec7,Sarah Shydale,Indiana Elected Official,State Representative,notes,high,"Committee name: ""Sarah Shydale for house district 97"""
83fadc55-d3fa-409e-8e4b-37e497e78074,9ec580af-69f4-48c9-9623-48152c7c0826,Nicholas Siler,Indiana Elected Official,(none),unresolved,none,(committee: Nick Siler for Southern Indiana | notes head: Auto-discovered from Indiana 2021 contribution data. Committ)
6e9d8198-8d95-4976-a480-823eff8228df,bee73850-d656-46be-ab7f-f01ea0629b01,Rebecca Skillman,Indiana Elected Official,Lieutenant Governor,sos_lookup,high,"IN SoS record: ""rebecca sue skillman"" → Lieutenant Governor"
80a11fe2-3208-4211-8a72-805fba3a6a26,98255886-e292-47e7-bfd1-8bfe760bb460,Harold Slager,Indiana Elected Official,(none),unresolved,none,(committee: Committee to Elect Hal Slager | notes head: Auto-discovered from Indiana 2025 contribution data. Committ)
9cf72958-a067-42e6-9679-91f22eb4fe24,03c3a107-8c08-4359-b9e1-83c977f098c5,Benjamin Smaltz,Indiana Elected Official,State Representative,sos_lookup,high,"IN SoS record: ""benjamin charles smaltz"" → State Representative"
74b9c649-89e1-402e-bb9b-a41d46bc10d5,452300b4-c6da-4866-be08-7462421673f1,Hunter Smith,Indiana Elected Official,(none),unresolved,none,(committee: Hunter Smith For Indiana | notes head: Auto-discovered from Indiana 2025 contribution data. Committ)
1dd85edc-a150-46f8-a6e2-1d1c65187177,f7ce3630-e883-42cd-9848-96af81f6a69b,Todd Smith,Indiana Elected Official,(none),unresolved,none,(committee: Todd Smith for Indiana | notes head: Auto-discovered from Indiana 2024 contribution data. Committ)
073800ae-114b-464d-9481-8d57792dce39,6c52f78a-51c2-4b1f-b91d-a0c9451f5cc2,Vernon Smith,Indiana Elected Official,(none),unresolved,none,(committee: COMMITTEE TO ELECT DR. VERNON G. SMITH ST. REP. | notes head: Auto-discovered from Indiana 2025 contribution data. Committ)
ee523eed-9700-4137-9df7-8c5ac1fe7919,afa59144-d3bb-4627-ab11-a8577458c56a,Julie Snider,Indiana Elected Official,(none),unresolved,none,(committee: Committee to Elect Julie Snider | notes head: Auto-discovered from Indiana 2021 contribution data. Committ)
582a090a-f727-476d-8108-39d0d15a1cd1,79bb9e5a-a74a-44ef-a1c4-5b956ad36e5e,Edmond Soliday,Indiana Elected Official,(none),unresolved,none,(committee: Friends of Ed Soliday Committee | notes head: Auto-discovered from Indiana 2025 contribution data. Committ)
c4ea099d-c808-4fa7-8db5-035a85bc49b4,c92d6bc5-d59d-42da-a750-b0244a33c035,Michael Speedy,Indiana Elected Official,(none),unresolved,none,(committee: Friends For Mike Speedy | notes head: Auto-discovered from Indiana 2024 contribution data. Committ)
d62d6e08-185a-422a-bb7b-6c2955c4ecfb,d59f65dc-c85b-4ac6-aa47-97fc40c54ec2,Mark Spelbring,Indiana Elected Official,State Representative,sos_lookup,high,"IN SoS record: ""mark c spelbring"" → State Representative"
96876981-5144-4512-91d9-a33385a62551,2245b567-b64e-4124-b76e-4b6250420539,Paula Staley,Indiana Elected Official,(none),unresolved,none,(committee: Paula Staley For the People for a change | notes head: Auto-discovered from Indiana 2020 contribution data. Committ)
fab07928-b7d4-4bf4-8823-acb5332ef0a4,6bab0126-276b-43c4-91fa-5fff573d51a9,Emma Steele,Indiana Elected Official,State Representative,sos_lookup,high,"IN SoS record: ""emma leann steele"" → State Representative"
a74252ee-88e8-48f7-80b0-94b0eae096e2,f7cc2143-c455-4297-bcd0-6a1ea7d08680,Michael Stephenson,Indiana Elected Official,State Representative,sos_lookup,high,"IN SoS record: ""michael m stephenson"" → State Representative"
fa4fe289-ba2f-4a20-8efb-c517ad726cad,6611aa3d-b5f6-49f7-9869-3ab7e21cb816,John Stoffel,Indiana Elected Official,(none),unresolved,none,(committee: Friends of John Stoffel | notes head: Auto-discovered from Indiana 2020 contribution data. Committ)
172e0bb1-f38c-4df7-8a25-623485a6f06d,ebd339e5-0b0a-4b54-9f32-fd2954098566,Tiffany Stoner,Indiana Elected Official,(none),unresolved,none,(committee: Friends of Tiffany Stoner | notes head: Auto-discovered from Indiana 2025 contribution data. Committ)
09209cc8-862a-427c-818b-fd1e85852b2f,0547660f-996b-4f41-bba8-aa456515b7ae,Mark Stoops,Indiana Elected Official,State Senator,sos_lookup,high,"IN SoS record: ""mark a stoops"" → State Senator [WARNING: 2 name matches, offices: State Senator, State Representative]"
d446b4b3-f0d0-46cb-933d-8d8df492663a,844129ec-8370-4024-8674-8294db8571ea,Nathaniel Stout,Indiana Elected Official,(none),unresolved,none,(committee: Hoosiers to Elect Nate Stout | notes head: Auto-discovered from Indiana 2025 contribution data. Committ)
9569bc73-36bf-40e5-aa15-26b458e32442,65aadaef-c855-4fb7-907a-b7adae5d9559,Kellie Streeter,Indiana Elected Official,(none),unresolved,none,(committee: Streeter for Indiana | notes head: Auto-discovered from Indiana 2024 contribution data. Committ)
bc433b6d-50c1-4174-a307-ee3fbcbf0f82,250926de-90d5-42db-8844-d97b9e764545,Scott Strother,Indiana Elected Official,(none),unresolved,none,(committee: Strother 47 | notes head: Auto-discovered from Indiana 2022 contribution data. Committ)
e9e8c6fc-8611-4c99-a01f-00babce3a2b5,e1b9f3b9-44f9-4a6f-be56-39e9b58d4935,Joseph Sturm,Indiana Elected Official,(none),unresolved,none,(committee: SturmforIndianaHouse41 | notes head: Auto-discovered from Indiana 2024 contribution data. Committ)
98916aef-0897-41fd-ab6a-8daa23cf61d3,8c8961c7-5569-4442-a344-8fca32294623,Holli Sullivan,Indiana Elected Official,Secretary of State,sos_lookup,high,"IN SoS record: ""holli a sullivan"" → Secretary of State"
47874bc0-d987-4ed0-838d-e91b283f684a,dcbf4c7d-b68c-4b98-ac7d-04bdb9d17ab0,Bradley Swain,Indiana Elected Official,State Representative,sos_lookup,high,"IN SoS record: ""bradley allen swain"" → State Representative"
0572ade9-3fca-4ca2-be00-24e2eefa8567,7683de6a-e18c-42d2-9c90-6f5fe38f6932,Lorissa Sweet,Indiana Elected Official,State Representative,sos_lookup,high,"IN SoS record: ""lorissa christine sweet"" → State Representative"
d7b48d85-ee63-47fa-91eb-2dc5ee78f07f,5f3e294b-21b1-4f02-9d7e-acab821ecf77,Ethan Sweetland-may,Indiana Elected Official,(none),unresolved,none,(committee: Friends of Ethan Sweetland-May | notes head: Auto-discovered from Indiana 2025 contribution data. Committ)
621d34e9-62df-4ee0-a1f4-5e491e54ceb9,e4d8d493-0e19-4ef3-a960-a22f44cec651,Tamla Tatum,Indiana Elected Official,State Senator,sos_lookup,high,"IN SoS record: ""tamla dixon tatum"" → State Senator"
c738ea36-02f2-48b2-8aba-79f6bd1a6fdd,46522006-3f2a-43f5-8e89-d699b092de11,Gayla Taylor,Indiana Elected Official,State Representative,sos_lookup,high,"IN SoS record: ""gayla j taylor"" → State Representative"
482d327e-e01a-4aad-9c76-0358dec748b6,8339f52f-6e06-417e-9048-5913b114942c,Jacob Teshka,Indiana Elected Official,(none),unresolved,none,(committee: Committee to Elect Jake Teshka | notes head: Auto-discovered from Indiana 2025 contribution data. Committ)
55cee429-1797-46e0-8fe8-b6d5b60e4301,c75e7a13-17a3-4ea8-b166-90d2de2d6891,Ross Thomas,Indiana Elected Official,State Senator,sos_lookup,high,"IN SoS record: ""ross graham thomas"" → State Senator"
2e51a8ed-6c05-43bd-81c5-6c44d1b3486d,3688a87d-4b4c-400c-ab5a-52c90896ef2f,Jeffrey Thompson,Indiana Elected Official,State Representative,sos_lookup,high,"IN SoS record: ""jeffrey allen thompson"" → State Representative"
744b8493-f0c9-4473-9a21-2587baa46d80,b01acc58-d051-4414-a115-95c054e3c9de,Michael Thompson,Indiana Elected Official,(none),unresolved,none,(committee: Patriots for Mike Thompson | notes head: Auto-discovered from Indiana 2025 contribution data. Committ)
4e4afa85-0003-4d36-8b12-ad47309d1f53,48c4f92e-defe-4f4f-8b56-25955ae7e13e,Kathleen Thorpe,Indiana Elected Official,(none),unresolved,none,(committee: Kathy Thorpe for Indiana | notes head: Auto-discovered from Indiana 2023 contribution data. Committ)
757da5be-b48a-43e2-aaae-d099a95c9db6,011a0787-46a2-4a37-a01d-6553445ff632,Brian Tibbs,Indiana Elected Official,(none),unresolved,none,(committee: Tibbs for District 66 | notes head: Auto-discovered from Indiana 2020 contribution data. Committ)
e8274290-fa94-44b6-ab4f-a855c9a98ee4,fd985071-f285-4f58-8b26-82c57c97e088,Timothy Lee Mcvey,Indiana Elected Official,(none),unresolved,none,(committee: Committee to Elect Tim McVey | notes head: Auto-discovered from Indiana 2024 contribution data. Committ)
51a36e86-9a15-43d2-9478-b60b955013a4,337b1dff-975e-4da3-a10b-5b8b95f29ec7,Paul Tinkle,Indiana Elected Official,State Representative,sos_lookup,high,"IN SoS record: ""paul j tinkle"" → State Representative"
595257fa-0d33-4a76-9e72-00551735cc1a,dfab8491-551f-4a3f-b76c-d220a9f4b23b,James Tomes,Indiana Elected Official,(none),unresolved,none,(committee: Committee to Elect Jim Tomes | notes head: Auto-discovered from Indiana 2025 contribution data. Committ)
de539075-42d1-4b59-b008-2ad8b23c2a44,2431e62b-83bc-493b-9691-a62bff7ae1aa,Catherine Torzewski,Indiana Elected Official,(none),unresolved,none,(committee: Committee to Elect Catherine Torzewski | notes head: Auto-discovered from Indiana 2025 contribution data. Committ)
78ccacbb-ff3a-41ef-9575-3a5bda916133,dc771810-74ca-462a-9dc1-415ebb44161a,Michael Travis,Indiana Elected Official,State Representative,notes,high,"Committee name: ""Mike Travis for House 51"""
2e0ca0f3-3545-42f3-9946-c39ead634517,8fd94cc5-dffe-47cc-b09a-6e0c15a1882d,Bill Treadway,Indiana Elected Official,(none),unresolved,none,(committee: The Committee to Elect Bill Treadway | notes head: Auto-discovered from Indiana 2020 contribution data. Committ)
122c42c5-928c-489c-a01c-d53c2e5d38ea,91fa9e11-028e-4b65-a84d-0590a3404191,Ronald Turpin,Indiana Elected Official,State Senator,sos_lookup,high,"IN SoS record: ""ronald wayne turpin"" → State Senator"
2f1a3280-dce1-47da-b3b5-e4bc0232c437,660d5fa7-ae6b-4e9b-940f-27a7f0d04512,Nathan Uldricks,Indiana Elected Official,(none),unresolved,none,(committee: Committee to Elect Nate Uldricks | notes head: Auto-discovered from Indiana 2025 contribution data. Committ)
9d58f11b-a11d-41cc-b4e6-679d36f8fc07,052c67c1-da93-41c2-819c-ed42e67bb298,Ivan Ursery,Indiana Elected Official,State Representative,sos_lookup,high,"IN SoS record: ""ivan dana ursery ii"" → State Representative"
303f2f5e-dec0-40ce-9db1-53390fe6739b,5b97f0b3-e83c-4170-a2d6-ca92555debc2,Theodore Uzelac,Indiana Elected Official,State Representative,sos_lookup,high,"IN SoS record: ""theodore (ted) uzelac"" → State Representative"
2463978a-b6aa-4232-8f73-f2fe1c3fe684,0214b442-ec37-4018-89d3-1e6b4371947e,Jocelyn Vare,Indiana Elected Official,(none),unresolved,none,(committee: FRIENDS OF JOCELYN VARE | notes head: Auto-discovered from Indiana 2023 contribution data. Committ)
476f9c42-cd8b-45f8-8e11-5f993174e287,d57bc0c9-130f-43cd-a2c1-6f5b880e7d1e,Josh Vergiels,Indiana Elected Official,(none),unresolved,none,(committee: Committee to Elect Josh Vergiels | notes head: Auto-discovered from Indiana 2024 contribution data. Committ)
66ccd994-a9f0-4955-9687-4bd5d6525094,e16246d0-f1ca-47b1-93c1-c268b4a206ce,Ann Vermilion,Indiana Elected Official,State Representative,sos_lookup,high,"IN SoS record: ""ann e vermilion"" → State Representative"
0f307ea7-aa04-4773-b8b7-113e94054847,ce988baa-450f-46c1-a4c8-573ca660fac9,James Vick,Indiana Elected Official,State Representative,sos_lookup,high,"IN SoS record: ""james michael vick"" → State Representative"
69fc99fa-96c1-4192-ba70-d5a1d593f65f,04a7334f-1540-44ab-92b4-4afd069af290,David Vinzant,Indiana Elected Official,State Senator,sos_lookup,high,"IN SoS record: ""david rea vinzant"" → State Senator"
5998a647-23eb-4a68-b18d-4e2a6f3173aa,e93bb9f1-8f60-4f56-a492-0e40d7d49647,Greg Walker,Indiana Elected Official,(none),unresolved,none,(committee: Taxpayers for Greg Walker | notes head: Auto-discovered from Indiana 2024 contribution data. Committ)
f5bd553b-0eed-4162-a47d-f6a861d366d0,eb94127d-d394-4704-a53b-1efb2db3bc60,Kyle Walker,Indiana Elected Official,State Senator,sos_lookup,high,"IN SoS record: ""kyle walker"" → State Senator"
6e114ebe-cf02-451b-99ef-6e44c791439e,501caac4-8074-43ef-bcd3-29bd80141d9f,Tom Wallace,Indiana Elected Official,State Senator,sos_lookup,high,"IN SoS record: ""tom wallace"" → State Senator"
3a996c74-f270-4bd8-b403-3cad710e1e8d,901e60ea-518c-4dbe-b4de-4ca0a2c3e521,Bryan Washburn,Indiana Elected Official,State Representative,sos_lookup,high,"IN SoS record: ""bryan wayne washburn"" → State Representative"
dad1d6e2-922e-466f-b30d-5006b3cee8f0,87ebd2dc-459f-42d9-a8a0-74ae13b1e68c,Christella Washington,Indiana Elected Official,State Representative,sos_lookup,high,"IN SoS record: ""christella yvonne washington"" → State Representative"
7645fb0c-a0ba-4246-a050-a984ba7051cd,660b3418-35a3-4777-bd57-b5f67dd26806,William Webster,Indiana Elected Official,State Senator,sos_lookup,high,"IN SoS record: ""william j webster"" → State Senator"
d654c2f7-17b9-4ddd-b2e0-cd6b016a17f5,16268b46-3064-40a2-8c48-39ba106a233b,Jonathan Weinzapfel,Indiana Elected Official,State Representative,sos_lookup,high,"IN SoS record: ""jonathan david weinzapfel"" → State Representative"
4de92c6c-ff27-4489-8e28-17c640128b43,a56821be-473b-4fcf-9bbc-09413ff21dd9,Shane Weist,Indiana Elected Official,State Representative,sos_lookup,high,"IN SoS record: ""shane michael weist"" → State Representative"
d6427dd2-fea4-4246-aa60-c2db00c2c398,4741b28e-6724-46f7-9c0d-cf3209f8040e,Destiny Wells,Indiana Elected Official,Attorney General,sos_lookup,high,"IN SoS record: ""destiny reve scott wells"" → Attorney General"
9605a66f-18cb-483a-a909-e1dfb1b0e98b,48f99b45-486d-4d6d-8f48-ed21a793778f,Timothy Wesco,Indiana Elected Official,(none),unresolved,none,(committee: Wesco Victory Committee | notes head: Auto-discovered from Indiana 2025 contribution data. Committ)
49d68ee5-6d0e-40ea-8e0a-9a2261b45444,1a52460e-846f-4e24-a849-4a9dee591827,John Westercamp,Indiana Elected Official,(none),unresolved,none,"(committee: Friends of John Westercamp, LLC | notes head: Auto-discovered from Indiana 2025 contribution data. Committ)"
5d59aaaf-19df-49ba-8463-5dbc2f2a9a63,bffed800-3185-4f34-9548-cbce31b4aee8,Donald Westerhausen,Indiana Elected Official,State Representative,sos_lookup,high,"IN SoS record: ""donald robert westerhausen"" → State Representative"
413cea72-2664-4c86-9782-ac4eae3297bf,f9f3b4d6-8acb-49f3-bf16-a151db00a8a3,Matthew Whetstone,Indiana Elected Official,State Representative,sos_lookup,high,"IN SoS record: ""matthew d whetstone"" → State Representative"
5c116137-e335-4c75-8251-f15bbba765b5,b7f9da64-bb15-4112-bf63-c01dcbd6796d,Patricia Whitcomb,Indiana Elected Official,(none),unresolved,none,(committee: Whitcomb for Indiana | notes head: Auto-discovered from Indiana 2025 contribution data. Committ)
90f6578f-9638-4c96-9dbd-290b3bf36217,e1698498-2031-48c1-a117-5309e4347059,Elizabeth White,Indiana Elected Official,Secretary of State,sos_lookup,high,"IN SoS record: ""elizabeth l white"" → Secretary of State [WARNING: 2 name matches, offices: Secretary of State, Attorney General]"
46d29713-0136-43d2-b677-91a11c0996c9,ae4d08d2-71c8-4861-b418-8c981d78d13d,James White,Indiana Elected Official,State Representative,sos_lookup,high,"IN SoS record: ""james alec white"" → State Representative"
ff95c3a5-f782-4e59-9509-67489d5a83ba,ee071923-484c-4f67-bdee-b041dbd71379,Nicholas White,Indiana Elected Official,(none),unresolved,none,(committee: Nick White for Indiana | notes head: Auto-discovered from Indiana 2020 contribution data. Committ)
208df51e-aaac-4230-ba59-e53f8e7558c1,21ac63a1-c054-4cc3-9ab3-c9190c12ceb8,Stephen Whitmer,Indiana Elected Official,(none),unresolved,none,(committee: Whitmer for Indy | notes head: Auto-discovered from Indiana 2024 contribution data. Committ)
ede9f601-3efe-45ea-af1a-662dbce4d659,d4a6e977-705e-49d3-8637-68f52bf26a8a,Karen Whitney,Indiana Elected Official,(none),unresolved,none,(committee: Committee To Elect Karen Whitney | notes head: Auto-discovered from Indiana 2024 contribution data. Committ)
27ede32f-444a-435b-88a5-7c462d53cfb1,c17983df-3876-4bc0-8e93-a38765f87978,Jeffrey Wible,Indiana Elected Official,(none),unresolved,none,(committee: Wible for Indiana | notes head: Auto-discovered from Indiana 2020 contribution data. Committ)
d4b16e01-7678-4742-8861-7870628d12ff,41be2ec7-4a2b-4cce-aae4-efdf46ebfb73,Thomas Wichlinski,Indiana Elected Official,(none),unresolved,none,(committee: Committtee to Elect Tom Wichlinski | notes head: Auto-discovered from Indiana 2020 contribution data. Committ)
5ff76a60-a6db-40c5-a378-1b7a292b2d51,a0c010e6-95a0-482d-8148-bb54cbcc5781,Sharon Wight,Indiana Elected Official,(none),unresolved,none,(committee: Friends of Sharon Wight | notes head: Auto-discovered from Indiana 2025 contribution data. Committ)
8d04b7a5-2d0b-4139-b102-1b3fd9ea4791,a70cf1ad-60e3-40e8-ad7c-2ed2898e6db8,Michael Wilber,Indiana Elected Official,(none),unresolved,none,(committee: Mike Wilber for Indiana | notes head: Auto-discovered from Indiana 2020 contribution data. Committ)
451a4d8b-fc86-4ede-bf2c-b1f9280b7c1d,3c7c825a-990d-4852-b1e9-54c842abee92,Victoria Wilburn,Indiana Elected Official,(none),unresolved,none,(committee: Committee to Elect Victoria Garcia Wilburn | notes head: Auto-discovered from Indiana 2025 contribution data. Committ)
f58bad03-3128-431a-8a72-022ebfec45ac,0e8cc72f-8601-4804-b476-f87055decabd,Elizabeth Williams,Indiana Elected Official,State Representative,sos_lookup,high,"IN SoS record: ""elizabeth lynn williams"" → State Representative"
9b60a362-58fa-483c-a3c1-09d10e4f5e4f,cff12b3f-28d5-4062-b0db-70b08da0815a,Robin Williams,Indiana Elected Official,(none),unresolved,none,(committee: ROBIN WILLIAMS FOR INDIANA | notes head: Auto-discovered from Indiana 2022 contribution data. Committ)
d38b9ee9-3f4e-48b6-a50d-1bf150a091bf,e6210f15-df21-433c-b3ee-40805ca21e49,Greg Woods,Indiana Elected Official,State Representative,sos_lookup,high,"IN SoS record: ""greg andrew woods"" → State Representative"
4cb68b3a-b3e0-41f7-adc2-89e2790d29d9,3601a053-4d55-4083-b53e-a3348cdf3ee9,Kent Yeager,Indiana Elected Official,(none),unresolved,none,(committee: Yeager for 70 | notes head: Auto-discovered from Indiana 2020 contribution data. Committ)
666549c9-8a9b-47d1-b47e-c231315cb4d8,dae3d553-3056-432b-b66b-75eb1866c5db,Niles Yensel,Indiana Elected Official,(none),unresolved,none,(committee: Yensel for Indiana | notes head: Auto-discovered from Indiana 2020 contribution data. Committ)
df67b2ba-c6c7-4567-826c-dac742952a68,2938f29e-8356-4280-baf6-e2b5e4f2540f,Stephanie Yocum,Indiana Elected Official,State Representative,sos_lookup,high,"IN SoS record: ""stephanie jo yocum"" → State Representative"
2b26b574-d15e-4173-a2c3-fe4bf71dabaa,967db1b6-56c2-4bd4-8190-4558dc5f42b8,John Young,Indiana Elected Official,State Representative,sos_lookup,high,"IN SoS record: ""john terrill young"" → State Representative"
3466b140-bad9-4b08-84dc-8650dd8a8388,3aff3f17-274f-435b-8984-f83267c8826f,R Young,Indiana Elected Official,State Representative,sos_lookup,high,"IN SoS record: ""daniel reed young"" → State Representative"
b54dc6d3-d81c-43de-8d8c-5294a4513bde,1bb66ce4-c722-4ec0-8203-c292409cee81,Maria Yuquilima,Indiana Elected Official,(none),unresolved,none,(committee: Hoosiers for Yuquilima | notes head: Auto-discovered from Indiana 2025 contribution data. Committ)
72dc741a-5bc4-4e90-b99e-eefd4ca288ae,0bbfa799-99af-4202-abdc-fc37846af5a4,Dennis Zent,Indiana Elected Official,(none),unresolved,none,(committee: Committee to Elect Denny Zent | notes head: Auto-discovered from Indiana 2023 contribution data. Committ)
7e452f77-60e8-4754-9150-d3ba081ebf7e,e9149f3b-e878-4b12-8cd0-6f569ee88208,James Zimmerman,Indiana Elected Official,State Representative,sos_lookup,high,"IN SoS record: ""james a zimmerman"" → State Representative"
47a67169-91c0-4340-8a51-1a198fd4d234,89120c7a-44a3-4f12-81e0-5841b18f2c77,John Zody,Indiana Elected Official,(none),unresolved,none,(committee: John Zody for Indiana | notes head: Auto-discovered from Indiana 2025 contribution data. Committ)
e0bdd9ad-db4c-4600-a62d-0fabf08d174b,c25d0d7f-0e46-40d5-8fc6-3588f0bd86c1,Kathryn Zoucha,Indiana Elected Official,(none),unresolved,none,(committee: Zoucha for Indiana | notes head: Auto-discovered from Indiana 2025 contribution data. Committ)