{"type":"FeatureCollection","features":[{"type":"Feature","geometry":{"type":"MultiPolygon","coordinates":[[[[-93.413006999923653,37.224203999834323],[-93.413181000000918,37.220337999989027],[-93.412057000069666,37.220326000123229],[-93.40371599982447,37.220263999951712],[-93.404291999584657,37.213075000242021],[-93.405746000127124,37.21309000026379],[-93.406213999932262,37.213095000270386],[-93.409034000255318,37.21312099972701],[-93.410009000223667,37.213131999879678],[-93.410293999730698,37.213135000311254],[-93.410569000090319,37.213136999883488],[-93.410672999847392,37.213136999883488],[-93.41126500039941,37.213145000318136],[-93.411995999970287,37.213154000180147],[-93.412000999993154,37.213020000136645],[-93.412006999840941,37.212837999931303],[-93.411260000376544,37.21282400000738],[-93.410606999725161,37.212811999661717],[-93.410323000043022,37.212807000351795],[-93.410578000311162,37.205682000336687],[-93.406835999723185,37.205632999879775],[-93.404575000340188,37.205602999730367],[-93.40459999955624,37.204862000124642],[-93.395324000423983,37.206813000113691],[-93.395279000218153,37.207914000165594],[-93.397511000187151,37.207951000169061],[-93.397388999988408,37.210649000257924],[-93.39622800024722,37.210629000296585],[-93.39615299990416,37.212522999941761],[-93.396147000056374,37.212643000195072],[-93.396106000048491,37.212642000044717],[-93.395920000275652,37.212639000308926],[-93.395410999564319,37.212629000234962],[-93.395086999699217,37.212623000046889],[-93.395009999706318,37.212620999745603],[-93.394373999671686,37.212609000083084],[-93.394088000339721,37.212604000044287],[-93.393689999956464,37.212600000156066],[-93.39350300035872,37.212592999814639],[-93.392930000073278,37.212582000298816],[-93.392591000139575,37.212574999955713],[-93.392150999923501,37.212567000176051],[-93.39170499985967,37.21255899968012],[-93.39104500043392,37.212545999856061],[-93.390514999806172,37.212535999769777],[-93.390189000291244,37.212530000289682],[-93.389199000254266,37.212511000263646],[-93.389154999873341,37.21243399995857],[-93.389091000299246,37.212371999739418],[-93.38901199975821,37.212332000009475],[-93.388924999719578,37.212315000242981],[-93.388605000052451,37.212311999778805],[-93.388353000157366,37.212306999720319],[-93.388184000102953,37.212292000258323],[-93.388020000071435,37.212251000330376],[-93.387893999674731,37.212200000249389],[-93.387790999742563,37.212138999994991],[-93.38765600002337,37.212036000204087],[-93.387595999748896,37.211975999976332],[-93.387632999558832,37.211018999659224],[-93.38822500011085,37.210380000155503],[-93.388449000416827,37.210191000172173],[-93.388677999847374,37.210005000271543],[-93.388908999826057,37.209825000323477],[-93.389144000002702,37.209647999800815],[-93.389383000377308,37.209477000017138],[-93.38962500022663,37.209309999908854],[-93.389868999725792,37.20914700021779],[-93.390016999863789,37.209053999753536],[-93.390066000267595,37.209020999653575],[-93.389971999657959,37.208921999982472],[-93.389963000335428,37.208927999749442],[-93.389771999641397,37.209050999875146],[-93.389524999769208,37.209214999969305],[-93.389281000270046,37.209383999959599],[-93.388803000419159,37.209734999830701],[-93.388338000088766,37.210105000136629],[-93.388112000132921,37.210295999982897],[-93.387508999710263,37.210944999781013],[-93.387364999770213,37.211101000116251],[-93.38718300019535,37.211411000201224],[-93.387159999730812,37.211566000123788],[-93.387164999753693,37.211721999890557],[-93.38719900008887,37.211875000284039],[-93.387259000363329,37.212018999655527],[-93.387344999678746,37.212150000290769],[-93.38745299963378,37.212263000049838],[-93.387523999778878,37.212315000242981],[-93.387579000030485,37.212354999981947],[-93.387719999597465,37.212422999704138],[-93.387794000115633,37.21244699980187],[-93.388359000005153,37.212648000231283],[-93.388538000105285,37.212711999807134],[-93.388740999596578,37.212783999801687],[-93.389081000253512,37.212905999933618],[-93.389770999816506,37.21315300003657],[-93.389647999792842,37.213164000184513],[-93.389539999837822,37.21318000033186],[-93.389320999554698,37.2132259997529],[-93.38921699979764,37.213255999733406],[-93.388952000382062,37.213352999875028],[-93.388846000076882,37.213402999751814],[-93.388722000228313,37.213470999960279],[-93.388487000051668,37.213618000275197],[-93.388031999766994,37.213905999959664],[-93.387650000175597,37.214145000038037],[-93.387404000128285,37.21422900021804],[-93.387334999632998,37.214254999999305],[-93.387064000369648,37.21435399982731],[-93.386611999559719,37.214619999697327],[-93.38644500005347,37.214718000354296],[-93.38571799978223,37.214707999840492],[-93.38567099992656,37.214706999717521],[-93.385628000268852,37.215738000014206],[-93.385643000337467,37.21582500017594],[-93.385701999888695,37.21582500017594],[-93.385690000193151,37.216080000145915],[-93.385660000055907,37.216930000020632],[-93.385639999964425,37.217289999925114],[-93.385619000048038,37.217748999922861],[-93.385579999689966,37.218660000345601],[-93.385559999598485,37.219540000106946],[-93.3855400004053,37.219910000257585],[-93.385526999986524,37.220270000247432],[-93.385526000161605,37.220280000023919],[-93.385504000420298,37.220871000268858],[-93.385482999605571,37.221392999981816],[-93.385480000130855,37.221480000059621],[-93.385468000435296,37.221763999656353],[-93.385464000237334,37.221857000191029],[-93.385456999666332,37.222046000278254],[-93.385453000366681,37.222135999676475],[-93.385449999993625,37.222229999775777],[-93.3854480003438,37.222266999912087],[-93.385444999970758,37.222324999779907],[-93.385398999940008,37.222317000318803],[-93.385290000160069,37.222297999896334],[-93.37630899968228,37.220797000039092],[-93.376041999718581,37.220751000227011],[-93.375967000273832,37.2207379996686],[-93.374941000251866,37.220562999801558],[-93.374680000135967,37.220518999938655],[-93.374301000019258,37.220466999677477],[-93.374306000042139,37.220378999814116],[-93.374347000050022,37.218937000077005],[-93.374362000118637,37.21842900013781],[-93.374363999768448,37.218362000180541],[-93.374381000385213,37.217812000097318],[-93.374397000278734,37.217262999669991],[-93.374404999776345,37.216995000349051],[-93.374413999997159,37.216714000254854],[-93.374424999867827,37.216312999881076],[-93.374428000240883,37.216254000295578],[-93.374429999890708,37.216206999756125],[-93.375183000101188,37.216220999767685],[-93.376297999811612,37.21624399998538],[-93.376460000193347,37.216247999680405],[-93.376804000149917,37.216254999682711],[-93.376805999799743,37.216215999968256],[-93.377555999637195,37.216228999875298],[-93.37832599956613,37.216203000058925],[-93.380364000264677,37.216234999776589],[-93.380558000433453,37.216109000317964],[-93.380597999718105,37.216070999917555],[-93.38076900032064,37.215914999842958],[-93.380877000275675,37.215805000155882],[-93.381262000240142,37.215456000132527],[-93.381617000067394,37.215134000236894],[-93.381867000312639,37.214908999969552],[-93.382147999621722,37.21465400033383],[-93.382222000139876,37.214586999885427],[-93.382397000042062,37.214429000065778],[-93.382859999824348,37.214010000191578],[-93.382968999604287,37.213909999778643],[-93.38319399973517,37.213532999991749],[-93.38329400019262,37.213335000197432],[-93.383541999889729,37.212894999748002],[-93.38333799967522,37.212837999931303],[-93.382900000007311,37.212763000257517],[-93.382823999839331,37.212749000319683],[-93.38248900010359,37.212744999723725],[-93.382283000239255,37.212743000141103],[-93.381870999612289,37.21273800011118],[-93.381525999830799,37.212733000080924],[-93.38145899988362,37.212733000080924],[-93.380966999789052,37.212726999901122],[-93.380928000329305,37.212802999758971],[-93.380904999864754,37.212847999977612],[-93.38083200006983,37.212992000353751],[-93.380745999856103,37.213021000281984],[-93.380745000031212,37.213130000307302],[-93.380741999658142,37.2133000002556],[-93.380576999801704,37.213296999830597],[-93.380078999859322,37.213297999972312],[-93.380093000103045,37.21288599985516],[-93.37957099987122,37.212879999687466],[-93.379581999741873,37.212579999996443],[-93.379581999741873,37.212478000244715],[-93.379604000381505,37.212033999887232],[-93.379606000031316,37.212004000136218],[-93.379604000381505,37.211875000284039],[-93.380037999851453,37.211694999788875],[-93.380771999795385,37.211386000322349],[-93.380786999864,37.210961999856174],[-93.380888000146328,37.208226999661363],[-93.384649000102556,37.20831399989865],[-93.385880999988856,37.208343999685823],[-93.385998999989624,37.208340999779203],[-93.386019999906026,37.207820000113792],[-93.386023000279067,37.207747000175495],[-93.386038000347682,37.207422999851829],[-93.386050000043255,37.20716999968743],[-93.386055000066122,37.206842999782147],[-93.386060000089003,37.206520000101577],[-93.386064000286964,37.206450000318618],[-93.386070000134737,37.206370000282696],[-93.386072999609468,37.206268000006588],[-93.385901999905258,37.206266000252306],[-93.380949000245707,37.206169000301223],[-93.380950000070612,37.20531000002881],[-93.380929000154211,37.205308999781273],[-93.380430000386937,37.205290000083416],[-93.38037699978517,37.205290000083416],[-93.380129999912967,37.205290000083416],[-93.379800000200078,37.205282000246903],[-93.378811999812939,37.205259999797661],[-93.378692999987251,37.205256999768388],[-93.378740999667826,37.203990999683754],[-93.378901000399722,37.199722000345432],[-93.376553999904658,37.199686999813935],[-93.3754729996311,37.199668999738684],[-93.375480000202117,37.199569999963721],[-93.375482999676862,37.199454999866944],[-93.375486000049889,37.199368999760978],[-93.374314000438048,37.199351999936447],[-93.374311000065006,37.199456000192072],[-93.374310000240101,37.199500000174538],[-93.374302999669098,37.199651999981704],[-93.372009999600721,37.199619000063699],[-93.369120999680689,37.199573999827052],[-93.367514999700575,37.199549999928337],[-93.362885000081206,37.199449999672126],[-93.360319000201358,37.199434000191253],[-93.360226000314952,37.199432999865785],[-93.359207999790584,37.199427999669496],[-93.359223999684104,37.199009000217423],[-93.359222000034279,37.198912999858365],[-93.35922600023224,37.198585000334184],[-93.359540000051609,37.198585999955277],[-93.359632000113109,37.198561000121039],[-93.359831000304752,37.198506000170362],[-93.360088000222689,37.198434000148296],[-93.360156999819651,37.198415000150909],[-93.360249999706085,37.198390000260041],[-93.360289999889062,37.19848100030957],[-93.360688000272305,37.198369999912018],[-93.360705999815664,37.198364999645321],[-93.36085099958062,37.198324000021749],[-93.360764000440284,37.198123999706247],[-93.360750000196589,37.198092000179074],[-93.360679000051476,37.197930000217738],[-93.360628999822779,37.197814999769228],[-93.360576999944229,37.197695000265533],[-93.360567999723401,37.197674000100179],[-93.36053400028652,37.197596000048378],[-93.360489000080676,37.197492000092382],[-93.360438999851965,37.197376999692153],[-93.36053400028652,37.197378000044864],[-93.360520000042811,37.197346999838977],[-93.360460999593286,37.197215000343171],[-93.360268000147755,37.196776999647213],[-93.360211000246338,37.196648000241844],[-93.360104999941129,37.196408000195923],[-93.360105999766049,37.196199000077009],[-93.36010800031417,37.195998999856307],[-93.360109000139076,37.195792999726258],[-93.359500999693537,37.195785999972465],[-93.359441000317403,37.195785000314231],[-93.359006000124211,37.195779999876322],[-93.358490999565092,37.19577500015366],[-93.35638800036584,37.195792000068124],[-93.350114000233205,37.195792999726258],[-93.349875999683533,37.195800999852906],[-93.349742999614136,37.195804000258022],[-93.349231000326384,37.195817999761573],[-93.347322000397554,37.195827000258845],[-93.342210999655947,37.195756999861182],[-93.341111999839057,37.195743000346319],[-93.341111000014138,37.195678000315773],[-93.341110000189218,37.195419999675607],[-93.3411300002807,37.194568999692891],[-93.341140000326462,37.194200000183429],[-93.341174999588247,37.193804999923934],[-93.3411799996111,37.193750000086212],[-93.341194999679715,37.192616999811221],[-93.341199999702596,37.192250000190263],[-93.3411799996111,37.192229999646841],[-93.3411300002807,37.192209999813748],[-93.340970000447143,37.192209999813748],[-93.34097600029493,37.191603999782274],[-93.340978999769646,37.191280000292501],[-93.340979999594566,37.191176000223393],[-93.341003999884009,37.190201999765847],[-93.341091999747547,37.188402000330186],[-93.341121999884791,37.18782800010792],[-93.341263000350096,37.184780000156472],[-93.341275000045655,37.184566000307115],[-93.341330000297248,37.183212999892376],[-93.341333999596898,37.18311400001015],[-93.341382000175784,37.183114999836128],[-93.341460999818494,37.183115999662043],[-93.342460000076301,37.183130000086678],[-93.343226999632193,37.183141000316233],[-93.343826999681809,37.183150000177548],[-93.344102000041431,37.183155000020527],[-93.344264000423138,37.183156999671333],[-93.34425199982924,37.183939000073586],[-93.345280000399356,37.183954999975342],[-93.345299999592527,37.183519999829848],[-93.345303999790488,37.183288000302348],[-93.345400000049963,37.183288000302348],[-93.345496000309424,37.183236000150096],[-93.346821000082144,37.183246999648517],[-93.34682299973197,37.183193999643123],[-93.347170000061581,37.183197999658312],[-93.347129000053712,37.184329999743476],[-93.347115999634923,37.184674000112871],[-93.34768700027054,37.184675999723517],[-93.34767399985175,37.184972999995516],[-93.347656000308405,37.185371000042061],[-93.348586999895815,37.185396999745549],[-93.348586999895815,37.184932000256325],[-93.34831999993213,37.184930999738768],[-93.348330999802783,37.184342000323639],[-93.348349000244468,37.183418999990501],[-93.348354000267321,37.183228000123464],[-93.349068999944663,37.18326000022482],[-93.349131999693867,37.183262999696858],[-93.349375000266434,37.183258999685052],[-93.349576000107874,37.183265000060516],[-93.349997999882262,37.183277999918019],[-93.350182000005276,37.183282999752521],[-93.350193999700849,37.183284000291913],[-93.350279999914562,37.183285999939308],[-93.350383999671649,37.183289000126024],[-93.350525000136955,37.183285000115589],[-93.351090999851394,37.183280000281272],[-93.351206000377431,37.183281000104998],[-93.351257000431062,37.183281000104998],[-93.351988999826844,37.183245000000092],[-93.35239899990566,37.18324300035156],[-93.353069000275497,37.183231000312482],[-93.353461999737561,37.183204000038565],[-93.35358499976121,37.183207000228542],[-93.353689000416594,37.183196999833491],[-93.353659000279379,37.18394600020995],[-93.352973000016036,37.183940999703687],[-93.352940000404061,37.184835999889849],[-93.35427799969726,37.18484799967392],[-93.354361000436242,37.18484799967392],[-93.354359999713012,37.184889999976832],[-93.354357000238281,37.184962000032776],[-93.353793999998587,37.184957000309417],[-93.353780999579797,37.185294999756415],[-93.352461999654849,37.185283000043299],[-93.350977000048573,37.185269999815212],[-93.350997000140055,37.18457000024965],[-93.350806000344335,37.18456799992056],[-93.350669999901911,37.184567000113873],[-93.35062100039643,37.184706000317291],[-93.350594999558837,37.184780000156472],[-93.350573999642435,37.18483800021184],[-93.350541000030489,37.185199999649669],[-93.350522999588819,37.185759999873305],[-93.350961999979958,37.185762999961746],[-93.350950000284399,37.186171999927218],[-93.353747000142917,37.186197000285453],[-93.353747999967823,37.186168999855077],[-93.353754999640529,37.18599099989202],[-93.354269000374742,37.185994999759082],[-93.354282999720112,37.185996000262548],[-93.354317999880237,37.185997000050378],[-93.354303999636514,37.186610999661774],[-93.35883399969677,37.18663800014901],[-93.358878000077709,37.186639999707658],[-93.358883999925482,37.186445000270872],[-93.358890999598174,37.186311999823019],[-93.358909000039844,37.185949999989845],[-93.359156999736967,37.185953000070683],[-93.359415000378121,37.185956000151464],[-93.359672000296086,37.185959000232067],[-93.359929000214024,37.185963000100877],[-93.360191999979762,37.18596600018121],[-93.360212999896163,37.18596699996943],[-93.360255999553857,37.18596699996943],[-93.360262000299954,37.185777999686387],[-93.360268000147755,37.185586000266376],[-93.360273999995528,37.185393999642564],[-93.3602799998433,37.185201999962018],[-93.360285999691101,37.185009999793365],[-93.360289000064142,37.18489700002506],[-93.360289999889062,37.184876999681094],[-93.360292000437184,37.184817000048824],[-93.36029800028497,37.184623000005175],[-93.36029900010989,37.184594999706874],[-93.360309000155624,37.184425000228856],[-93.360309000155624,37.184146999963239],[-93.360309999980544,37.183315999653843],[-93.360310999805449,37.183039999970084],[-93.360246000406434,37.183039999970084],[-93.360053999887512,37.183039999970084],[-93.359990000313388,37.183039999970084],[-93.359853999870964,37.183038000316181],[-93.359447000165176,37.183035000119496],[-93.359386000065825,37.183035000119496],[-93.359386999890717,37.182977000110903],[-93.35935199973062,37.182948999918082],[-93.35935299955554,37.182775000276344],[-93.359458999860749,37.182113999953856],[-93.359487000348153,37.182104999969098],[-93.359842000175405,37.181975999831195],[-93.360174000436402,37.181856000204142],[-93.36040700006491,37.181765000157107],[-93.360514000195039,37.181723000263595],[-93.360513000370119,37.181533000248997],[-93.360510999821997,37.181335000245063],[-93.360509999997078,37.181201000251583],[-93.360515000019959,37.18115499992129],[-93.360551999829866,37.180223999662374],[-93.360576000119323,37.179774999888842],[-93.360592000012844,37.179475000311037],[-93.36061100027942,37.179112999916704],[-93.360695999769931,37.1774559998548],[-93.360751999846414,37.176349999775873],[-93.360781999983644,37.175757000320267],[-93.359575000211706,37.175749000217316],[-93.359216000186507,37.175745999731177],[-93.356615000146562,37.175714999949378],[-93.356294999581095,37.175711000253642],[-93.357313000105478,37.174922000306175],[-93.357528000190626,37.174829999843958],[-93.357643999643258,37.174664000329187],[-93.357977999554109,37.174400999764906],[-93.358325999708654,37.174125999662749],[-93.358878000077709,37.173690000226529],[-93.358913000237791,37.173691000177186],[-93.359187999699088,37.173444999739608],[-93.359324000141541,37.173338000297363],[-93.359692000387568,37.173060999987094],[-93.360031000321285,37.172801000172534],[-93.360350999988412,37.172542000144979],[-93.360490999730501,37.172420999880373],[-93.360781999983644,37.17214799967185],[-93.360822000166621,37.172109000072844],[-93.360982000000178,37.17194900014902],[-93.361428999888929,37.171455000053811],[-93.36151299955452,37.17133800012332],[-93.361565000331368,37.171282999671241],[-93.361781000241422,37.170983000014722],[-93.362053000228002,37.170570000156843],[-93.362093000410979,37.170520999817676],[-93.362240999650666,37.170285999750725],[-93.362305999947978,37.17015000020664],[-93.362398999834411,37.169958999717849],[-93.36259800002604,37.169549000006448],[-93.362632000361231,37.16948000031126],[-93.362731999920342,37.169275000150009],[-93.363013000127722,37.168813000247866],[-93.363322999749116,37.168644000346582],[-93.363567000146602,37.168681000268357],[-93.363567999971522,37.168481000185423],[-93.363567999971522,37.168397999941938],[-93.36365300036033,37.168310000213772],[-93.363812000368981,37.168155000240063],[-93.363822000414729,37.167960000329565],[-93.363836999585033,37.167798000153425],[-93.364023000256182,37.166969999795199],[-93.364059000241198,37.166820000144753],[-93.364440000007704,37.165776999654788],[-93.364676000009254,37.165245999862236],[-93.364710000344431,37.16478000011054],[-93.364733999735577,37.164467000180551],[-93.364711999994256,37.16368899971166],[-93.364682999681946,37.162837000040945],[-93.364672999636198,37.162438000013964],[-93.364653000443042,37.161992000096028],[-93.364633000351546,37.161780000342318],[-93.364629999978504,37.161751000059645],[-93.36459800019145,37.161509999970747],[-93.364558999833378,37.161269999944452],[-93.364511999977736,37.161030999990324],[-93.36442999996197,37.160688000188408],[-93.364407000395744,37.160602999729733],[-93.364373999885473,37.160459999778332],[-93.364388999954073,37.15969299965284],[-93.364394999801874,37.159437999644929],[-93.364418000266397,37.159215999897874],[-93.364744999606231,37.159220999892895],[-93.368370999843236,37.159283000090156],[-93.368815000257243,37.159293000071003],[-93.36880900040947,37.15947599991685],[-93.368764000203626,37.16087700024255],[-93.371130999891832,37.160930000153954],[-93.370981000104024,37.165585000225121],[-93.370939000271221,37.167455000278323],[-93.370931999700218,37.167738999870437],[-93.370926999677337,37.167934999662229],[-93.37091599980667,37.168505999956338],[-93.372480999778915,37.168518000186999],[-93.37300300001074,37.168522000263451],[-93.373248000233119,37.168523000282562],[-93.373244999860049,37.168578999898493],[-93.373150000323818,37.172249000265118],[-93.373702999619468,37.172255000083531],[-93.374273000430179,37.172257000022867],[-93.374853000388313,37.172255000083531],[-93.377138000060768,37.172259999931811],[-93.377610999888773,37.172260999901397],[-93.377646000048884,37.169222999657492],[-93.378400000084284,37.169228999716168],[-93.37839000003855,37.168649999735379],[-93.377670000338327,37.168640000276596],[-93.377670000338327,37.168615999852101],[-93.377670000338327,37.168547000020794],[-93.377671000163247,37.168524000301652],[-93.377680000384075,37.167350000297461],[-93.377680000384075,37.167072000189229],[-93.377680000384075,37.166059999774149],[-93.377769999897453,37.164569999728805],[-93.377800000034668,37.163459999676817],[-93.377831999821723,37.162719999653802],[-93.377860000309127,37.162080000021774],[-93.377899999593794,37.161269999944452],[-93.377901000316996,37.161231999858494],[-93.377906000339877,37.161120999837074],[-93.377907999989702,37.161083999793753],[-93.377913999837489,37.160926999795244],[-93.377933000104051,37.160455999991051],[-93.377938999951837,37.160317000272329],[-93.378068999648178,37.160319999939333],[-93.380430000386937,37.160422000001098],[-93.382587000012862,37.160373000241265],[-93.383540000239904,37.160396000293204],[-93.387630000084087,37.160469000193785],[-93.387809000184234,37.160458999652533],[-93.387960999621882,37.160449999951851],[-93.388080000345894,37.160441999660172],[-93.389487999959286,37.160453000329447],[-93.390616999913419,37.160571000054453],[-93.392452000222391,37.160619000278189],[-93.393305999816917,37.160642000255272],[-93.395933999621036,37.16131000024042],[-93.396429999913593,37.16148299980896],[-93.396691000029506,37.161573999944522],[-93.396930000404097,37.161715999827102],[-93.397139999568054,37.161839000265971],[-93.397139999568054,37.162008999739861],[-93.397141000291299,37.162144000228807],[-93.39640499979923,37.162528000333204],[-93.395027000323083,37.163246000283209],[-93.394787000123557,37.16337400010039],[-93.394726000024193,37.163402999760379],[-93.394630999589623,37.16345299978984],[-93.39359600024514,37.16399300000522],[-93.393145999983332,37.164228000312654],[-93.392900999760954,37.164355999898603],[-93.392314999955033,37.164661999797438],[-93.392309000107261,37.164817999844573],[-93.392308000282355,37.165030999733183],[-93.392251000380938,37.166549999880523],[-93.392248999832802,37.166580999843212],[-93.394752999788352,37.166626999741318],[-93.395117999661352,37.166635000094239],[-93.395225999616386,37.166633000006094],[-93.395228000164522,37.166539000098517],[-93.396819999900927,37.166566999930893],[-93.396871999779464,37.165056999994398],[-93.396871999779464,37.165033999928937],[-93.399898999791745,37.16508699978904],[-93.401459999566015,37.165115000159403],[-93.401568000419374,37.165117000287715],[-93.401576999741891,37.16477699990466],[-93.40162000029791,37.163061000074912],[-93.40162000029791,37.163035999934685],[-93.401529000061331,37.163041999768602],[-93.401538000282144,37.162810000353169],[-93.401549999977718,37.162507999794236],[-93.401560999848357,37.162230999875305],[-93.401574000267161,37.161904000067828],[-93.401580999939853,37.161728999813079],[-93.401417999733226,37.161571000327285],[-93.401402999664626,37.161556000091636],[-93.401288999861805,37.161485000033387],[-93.401267000120498,37.161472000005439],[-93.400830000277494,37.161201999965542],[-93.400780999873675,37.161172000060667],[-93.400776999675728,37.161078999921905],[-93.400775000025902,37.161015999647461],[-93.40076800035321,37.160823000173053],[-93.401491000426475,37.16044700029002],[-93.401601999856254,37.160389000122478],[-93.401527000411491,37.160308999966567],[-93.401503999946968,37.160284999760108],[-93.401476000357874,37.160252999950217],[-93.401356999633862,37.160119999924135],[-93.401261000272697,37.160013000228481],[-93.401247999853922,37.159997999683611],[-93.401187999579463,37.159980000171366],[-93.401055000408391,37.159938999754871],[-93.400671000268844,37.159821999893488],[-93.400256000167133,37.160044000008689],[-93.3997890001869,37.160167999718318],[-93.399860000332012,37.157730000180166],[-93.398440000124751,37.157705999870821],[-93.397075999993959,37.157691999746532],[-93.397013000244769,37.159862000239748],[-93.395249000080923,37.160134000314699],[-93.395058000285204,37.160112999727843],[-93.39303200018054,37.159889000264606],[-93.392432000130896,37.159875999962182],[-93.392586999941614,37.155213999909208],[-93.393602999917832,37.155223999712355],[-93.393643000100809,37.154017000244416],[-93.39364499975062,37.153939000213263],[-93.3969720002369,37.154000000235278],[-93.397029000138289,37.152402000213343],[-93.397106000131203,37.152402000213343],[-93.397224000131956,37.15240399996209],[-93.40065700002512,37.152448999664166],[-93.401789000352323,37.152464000274911],[-93.401836000207965,37.150320999954729],[-93.401836000207965,37.150206000051824],[-93.40251900009828,37.150210999926749],[-93.405186000260471,37.150234000206154],[-93.406075999839985,37.150242000146093],[-93.40612699989363,37.150240999885135],[-93.406281999704319,37.150240000340169],[-93.406333999582841,37.150240000340169],[-93.406340000328967,37.150048000111738],[-93.406360000420449,37.149470000255299],[-93.406361000245369,37.149283999713738],[-93.40636200007026,37.149203999979143],[-93.40636299989518,37.149021999891772],[-93.406369999567858,37.148490000264346],[-93.406376000313955,37.148239000138105],[-93.406382999986661,37.147977999850731],[-93.406388999834448,37.147740999994582],[-93.406399999705101,37.147379999680787],[-93.406404999727968,37.147030000266213],[-93.406408999925929,37.146793000303418],[-93.406409999750835,37.14673000029714],[-93.406430999667236,37.146170999681658],[-93.406439999888065,37.145939999650409],[-93.406459999979546,37.145079999961723],[-93.406480000071042,37.144379999707155],[-93.406481999720853,37.144305999686274],[-93.406505000185405,37.143684999725139],[-93.406510000208272,37.14355999984415],[-93.406540000345501,37.143199999977931],[-93.406540000345501,37.143160000125768],[-93.40628300042755,37.143158999771131],[-93.403272000308789,37.143152999791411],[-93.403310999768522,37.139754000292285],[-93.403316999616294,37.139532999727919],[-93.402139999981586,37.139509999774653],[-93.402069999661393,37.139509000087919],[-93.402038999699244,37.139509000087919],[-93.402032000026566,37.139707000112914],[-93.401991999843588,37.143140999830493],[-93.397434000194238,37.143098000313003],[-93.392954000362721,37.143055000055035],[-93.393060999594539,37.139659000219538],[-93.393070999640273,37.139373000313],[-93.392879999844567,37.139369999814981],[-93.390686000408706,37.139337000057864],[-93.389821000045217,37.139325000207698],[-93.389590000066534,37.139321000018512],[-93.388897999955404,37.139311000260776],[-93.388800000046118,37.139309999855236],[-93.388667999801626,37.139305999665318],[-93.388630000166813,37.139304000286344],[-93.388517000188898,37.139300999785597],[-93.388480000378962,37.13930000009605],[-93.388480000378962,37.139500000041899],[-93.388480000378962,37.139532000041442],[-93.388480000378962,37.139899999779594],[-93.388470000333228,37.140229000298781],[-93.388466000135267,37.140402999798965],[-93.386767000268748,37.140373999910061],[-93.386804999903575,37.139639999760995],[-93.386823000345245,37.139284000048875],[-93.386409999893374,37.139277000071949],[-93.385798000148171,37.139265999902271],[-93.384900000172706,37.139249999847969],[-93.383962000014279,37.139237000293626],[-93.383350000269104,37.139230000312338],[-93.382540000157192,37.139219999826459],[-93.382005000404902,37.13920799995774],[-93.380180000141678,37.13917000024157],[-93.379570000046314,37.139149999968673],[-93.377970999738892,37.13912699989902],[-93.376789999906222,37.139110000123203],[-93.376626999699596,37.139105999922656],[-93.37648199993464,37.139101999721888],[-93.376046999741462,37.139093000343614],[-93.375901999976506,37.139089999834496],[-93.375521000210014,37.139080999738631],[-93.374999999803094,37.139070000256581],[-93.374379999661983,37.139050999650102],[-93.374116999896245,37.139042999958669],[-93.374101000002725,37.139483000349962],[-93.374071999690401,37.14039599992558],[-93.374051999598933,37.141089000003632],[-93.374048000299283,37.141219000140865],[-93.373957999887608,37.141217000096347],[-93.373425999610021,37.141206000208776],[-93.372624999718951,37.141189000184092],[-93.372581000236337,37.142551999767889],[-93.372582999886163,37.142630000087081],[-93.369546999653039,37.142565000184703],[-93.369528000284774,37.143164000111945],[-93.369505999645156,37.143914000225806],[-93.369457000139676,37.145429999807753],[-93.369456000314756,37.145467000351495],[-93.36943600022326,37.146186000105637],[-93.369407999735856,37.146184000192513],[-93.36932700044332,37.146180999964656],[-93.369299999780836,37.146179999649981],[-93.368483999821137,37.146161000113388],[-93.367579999997901,37.146139999941624],[-93.36621000001935,37.146129999653198],[-93.366035999942071,37.146125999823873],[-93.365383000189013,37.14611100010405],[-93.365327999937406,37.146221999965469],[-93.365195999692943,37.146365000353157],[-93.364980999607781,37.147440999981718],[-93.364872999652746,37.147825000300458],[-93.364756000375195,37.148202999806344],[-93.364485000213548,37.148861999783641],[-93.364344999573149,37.149114000266067],[-93.3640469996473,37.149647000068683],[-93.364045999822409,37.149970999830941],[-93.364009000012487,37.150076000324589],[-93.363891000011705,37.150410999663372],[-93.363983000073205,37.150477999782595],[-93.364070000111852,37.15054900015415],[-93.364205999655979,37.150678000245094],[-93.364322999831842,37.150813000204529],[-93.364517999825509,37.151081000332731],[-93.364682999681946,37.151308999672636],[-93.364891999919323,37.151598000284906],[-93.365004999897224,37.151754000084544],[-93.365503999664497,37.152445999684865],[-93.365573999984719,37.152532999752452],[-93.365649000327778,37.152617999976897],[-93.365916000291477,37.152876000039349],[-93.366030999919204,37.152969999754482],[-93.366641000014553,37.15347799986418],[-93.366203000346644,37.153470999768864],[-93.366029000269378,37.153467999830113],[-93.365519999558032,37.153460000231519],[-93.365005999722129,37.153451999916044],[-93.364590999620432,37.153446000036901],[-93.364558999833378,37.154437000350498],[-93.364558000008472,37.154549999854581],[-93.364382000281381,37.154548000162642],[-93.364274000326347,37.154544000062572],[-93.364301000090521,37.154764000239489],[-93.364291999869707,37.155033999646719],[-93.364281999823959,37.155334999801006],[-93.363981000423394,37.155325000012589],[-93.363799999775097,37.15531900028202],[-93.362714000376997,37.155290999862764],[-93.362705000156154,37.155496000007702],[-93.362218999909359,37.155479000331113],[-93.362064999923561,37.156432000137521],[-93.362162000007942,37.157002999988812],[-93.362261999567053,37.157108000024941],[-93.362278000358899,37.15712500005116],[-93.362500000116754,37.157356000281268],[-93.362406000405414,37.157781999988977],[-93.362473000352566,37.157924999994684],[-93.362537999751595,37.158062999658625],[-93.362372000070238,37.158135000223744],[-93.362232000328149,37.158199000191225],[-93.361972999862061,37.158310000207663],[-93.361907999564721,37.160563999899985],[-93.362453000261084,37.160571000054453],[-93.362824999806762,37.160540999899162],[-93.363054999960525,37.160491000091149],[-93.363130000303599,37.1606180001545],[-93.363251999604003,37.16083199982932],[-93.363261999649779,37.160848000329366],[-93.363706000063786,37.160965000034537],[-93.36375100026963,37.161101999759033],[-93.363799999775097,37.161253000134423],[-93.363907999730145,37.161582000116411],[-93.363907999730145,37.161640000084439],[-93.363911000103187,37.161873999725664],[-93.363916000126054,37.162244999874837],[-93.364041999624447,37.162440000213117],[-93.364039999974622,37.162503000016635],[-93.364029999928889,37.16277399979991],[-93.364025999730913,37.162888999916248],[-93.363969999654415,37.164527000226357],[-93.363802000323233,37.165373999871747],[-93.363709000436828,37.165857999804786],[-93.363661999682847,37.165986000209507],[-93.363586000413179,37.166195000186249],[-93.363540000382429,37.166320999923819],[-93.363307999680529,37.166774999690496],[-93.362731000095437,37.167865999924999],[-93.36236100019957,37.168046999724048],[-93.36226900013807,37.168187000283801],[-93.362044000007174,37.168526000339746],[-93.362306999772898,37.168675000166175],[-93.362079999992176,37.169100999793315],[-93.361890999846295,37.16945500014679],[-93.361818000051372,37.169592000230757],[-93.361680999783999,37.169850000346905],[-93.361676999586052,37.169956999717677],[-93.361609999638901,37.169953999717301],[-93.361608999813981,37.169985999715081],[-93.361452000353452,37.170255999872339],[-93.36133500017759,37.170437999667314],[-93.361216000351916,37.170614999782963],[-93.361090999780131,37.170788000243547],[-93.360980000350352,37.170942999827354],[-93.36086399999941,37.171094999854027],[-93.36074199980068,37.171244000341602],[-93.36061499957907,37.17139099985733],[-93.360455999570405,37.171562999994023],[-93.360290999713968,37.171729999856161],[-93.360118000359918,37.171893000167231],[-93.360001000184056,37.171998000277995],[-93.359851000396219,37.172127000275722],[-93.359331999639139,37.172568999935038],[-93.358622999809583,37.173107000235547],[-93.357106000416252,37.174286999929933],[-93.35673599962206,37.174587000068293],[-93.356010999898984,37.175181999979841],[-93.355122000144348,37.175902999723725],[-93.353648000408711,37.177096000332917],[-93.353138999697364,37.177519000024205],[-93.351274999974407,37.17900500003249],[-93.351052000391647,37.179222000239719],[-93.350884000162154,37.179409999875723],[-93.350781000229986,37.1794920003166],[-93.350515999916126,37.179954000054693],[-93.350476999558069,37.180029000122047],[-93.350360000280517,37.180257000184426],[-93.350321999747365,37.18033299981375],[-93.350318000447729,37.180310000103511],[-93.35032000009754,37.180252000149622],[-93.35032000009754,37.18023200000713],[-93.35024399992956,37.180231000143039],[-93.350028999844412,37.180230000278883],[-93.350017000148839,37.180699000234931],[-93.349776999949327,37.180699000234931],[-93.349380000289287,37.180681999785335],[-93.345394000202177,37.1806459998731],[-93.345393000377257,37.180690999939635],[-93.345390999829121,37.180765999990975],[-93.345390000004215,37.180810000129547],[-93.345390000004215,37.180993999975968],[-93.345390000004215,37.181070000295243],[-93.345378000308656,37.181351999832025],[-93.34534200032364,37.182197999998422],[-93.345329999729756,37.182480000333918],[-93.345328000079931,37.18252400018978],[-93.345324999706889,37.182658999815331],[-93.345324999706889,37.182679000030923],[-93.345102000124115,37.182682000241748],[-93.344984999948267,37.182679999862657],[-93.343809999963369,37.182661000194976],[-93.343156000385406,37.182650999727628],[-93.343036999661379,37.182649000063428],[-93.342511000129917,37.182640999974616],[-93.342510000305026,37.18264999989551],[-93.342497999711128,37.182649000063428],[-93.341523999567684,37.182639000310154],[-93.341470000039322,37.182637999762214],[-93.341403000092185,37.182636999929926],[-93.341405999566931,37.182559999922681],[-93.341456999620533,37.181256999775698],[-93.341501000001458,37.179976000005801],[-93.341660999835042,37.175565999689276],[-93.341689000322447,37.17475600027781],[-93.341753999721462,37.173006000073414],[-93.341795999554265,37.171916000292619],[-93.34182800023963,37.170956999644837],[-93.341866999699377,37.169937999713383],[-93.341892999638645,37.16922599968688],[-93.343486999923186,37.169243999860704],[-93.343901000199978,37.169248999908227],[-93.345790000037283,37.169271000113362],[-93.345811999778604,37.168630000100642],[-93.345824000372488,37.168302000038224],[-93.345652999769939,37.168299999994147],[-93.34565899961774,37.167918999946622],[-93.345877999900836,37.167807999723671],[-93.34617699965159,37.167652000121379],[-93.346566999638924,37.167450000112098],[-93.346628999563208,37.166750000062819],[-93.346616000042715,37.166628999829669],[-93.34660400034717,37.165673000262863],[-93.347565999896716,37.165158000043199],[-93.348595000291738,37.16482699974113],[-93.348813999676551,37.164791000148554],[-93.348832000118207,37.164200999690031],[-93.348873999950996,37.164162000284882],[-93.349237000174156,37.16383799976812],[-93.350314000249767,37.163852000185955],[-93.350335000166154,37.163135000355759],[-93.350344000386983,37.162850999928295],[-93.349237000174156,37.162396000114647],[-93.347037999817118,37.161490999990477],[-93.347192999627808,37.161397000130854],[-93.347171999711421,37.161377000008592],[-93.348084999755486,37.160640000008492],[-93.348085999580405,37.160449999951851],[-93.347980000173507,37.160449999951851],[-93.347851000302086,37.160447999699997],[-93.346660000423668,37.160430000294909],[-93.34628499960661,37.160424000253592],[-93.345764000098043,37.160418000211813],[-93.345688999754955,37.166070000290176],[-93.345681000257343,37.166592999663742],[-93.345677999884302,37.166754000232849],[-93.345390999829121,37.166880999795154],[-93.345257999759738,37.16694000003212],[-93.345031999803922,37.167039999673364],[-93.344805999848106,37.167139999898197],[-93.344558999975916,37.167249000314598],[-93.344259000400257,37.167380999932],[-93.344148999897072,37.167430000159719],[-93.343918999743323,37.167424999991852],[-93.343579999809592,37.167418999790002],[-93.343322000066735,37.16741400033721],[-93.343064000323878,37.167409000168277],[-93.342807000405926,37.167405000032915],[-93.342548999764759,37.167399999863392],[-93.342286999823941,37.167394999693535],[-93.342022000408377,37.167390000239195],[-93.341764999592129,37.167385000068684],[-93.341772999988052,37.166992999987293],[-93.341773999812943,37.166904000014341],[-93.341792000254614,37.166102999836113],[-93.341794999729345,37.166040000169794],[-93.341807000323229,37.165398999954526],[-93.341812000346096,37.165167999962698],[-93.341819000018788,37.164807999878761],[-93.341834000087403,37.16409500012179],[-93.341843000308231,37.163694000126711],[-93.341855999828709,37.163114999977402],[-93.34187300044546,37.162334999708023],[-93.34189099998882,37.161533999788318],[-93.341909000430476,37.16072400030334],[-93.341912999730127,37.160538999649752],[-93.341910000255396,37.160407000253308],[-93.341915000278263,37.160180999970528],[-93.341952000088185,37.159228000171723],[-93.34196999963153,37.159189999775187],[-93.342005999616546,37.159169999784886],[-93.342019999860241,37.159149999789278],[-93.342027000431258,37.15896199985837],[-93.34204800034766,37.158398000124215],[-93.342049999997471,37.158349999922102],[-93.342049999997471,37.158209999755087],[-93.342058000393394,37.158012000201282],[-93.342081999784511,37.157417999860286],[-93.342090000180448,37.157219999664107],[-93.3420319995558,37.157088999654214],[-93.342043000324779,37.156769999762851],[-93.341530000313796,37.156762999972372],[-93.341335000320129,37.156764000147007],[-93.34122900001492,37.15676599978039],[-93.340259999894343,37.156753999831629],[-93.339843000142835,37.15674499968982],[-93.334344999786921,37.156663000337254],[-93.332080000205977,37.156633000062932],[-93.331998000190211,37.156627999896749],[-93.331003000130366,37.156619999916536],[-93.330433000217965,37.156621000093068],[-93.330374999593317,37.156621000093068],[-93.330326999912756,37.156621000093068],[-93.329917999658846,37.156622000269635],[-93.328614999627433,37.15662600025977],[-93.328376999976072,37.156626999720267],[-93.328043000065222,37.156627999896749],[-93.327827999980059,37.156627999896749],[-93.327597000001376,37.156629000073224],[-93.327545999947759,37.156629000073224],[-93.327366000022707,37.156626999720267],[-93.327268000113406,37.15662600025977],[-93.327121999625234,37.156625000083253],[-93.327011000195469,37.156623999906721],[-93.326878999950992,37.156622000269635],[-93.326755000102423,37.156621000093068],[-93.326637000101641,37.156623999906721],[-93.326498000184472,37.156618999739948],[-93.325175000061591,37.156606999767853],[-93.324461000209141,37.156599999962282],[-93.323959000068797,37.156594999793853],[-93.323677000036511,37.156593000156001],[-93.323471000172177,37.156590999802141],[-93.32342099994348,37.156590000341112],[-93.323198000360705,37.156587999987167],[-93.323164000025514,37.156587999987167],[-93.3230569998954,37.156582999817957],[-93.323057999720319,37.156548000056375],[-93.323060000268441,37.156509999744578],[-93.323066999941148,37.156242000243878],[-93.323070000314189,37.156140000269751],[-93.323081000184843,37.155957999693392],[-93.323090000405671,37.155830000205803],[-93.323106000299205,37.155411000154736],[-93.323109999598842,37.15531999975984],[-93.323119999644589,37.155230000166327],[-93.323149999781805,37.154489999765097],[-93.323158000177727,37.154243999831152],[-93.32320000001053,37.152969999754482],[-93.32320000001053,37.152919999951052],[-93.324651000179941,37.152933000017654],[-93.325370000055244,37.152940000162779],[-93.325697000293403,37.152940000162779],[-93.325735999753135,37.152940000162779],[-93.32580000022557,37.152940000162779],[-93.326299999817763,37.152941999897294],[-93.326319000084339,37.152941999897294],[-93.326324000107192,37.152842999730801],[-93.32633400015294,37.152471999978928],[-93.326325999757032,37.151615000118078],[-93.326324999932126,37.151522999922442],[-93.32613099976335,37.151521000150446],[-93.326118000242872,37.151521000150446],[-93.325883999891147,37.151518999662386],[-93.325871000370668,37.151518999662386],[-93.325801999875381,37.151518000134324],[-93.325623999600154,37.151516999890234],[-93.325374000253206,37.151515000118074],[-93.325127000381002,37.151513000345822],[-93.324879999610474,37.151510999857557],[-93.32463299973827,37.151510000329381],[-93.324470000429969,37.15150799984103],[-93.324138000168944,37.151506000068643],[-93.323839000418218,37.151504000296136],[-93.323619000310174,37.151501999807635],[-93.323234000345721,37.151498999790761],[-93.323235999995532,37.151436999653953],[-93.323241999843319,37.15131199969705],[-93.323245000216374,37.15122299987673],[-93.323256000087014,37.150958000290288],[-93.323260000284989,37.150870000305979],[-93.32326399958464,37.150751999759429],[-93.32327600017851,37.150400999939706],[-93.323282000026296,37.150234000206154],[-93.32778600014727,37.150258000023371],[-93.327790000345232,37.149795000326762],[-93.327851000444582,37.148887000315106],[-93.327956999851494,37.146374000298394],[-93.327986000163804,37.145691999900961],[-93.32844800012117,37.145695999753187],[-93.328741000024124,37.145699000000278],[-93.329017000208651,37.145700999926277],[-93.329290999845043,37.145704000173168],[-93.329411000393961,37.145704999778083],[-93.330270000011339,37.145711999876255],[-93.330391000385177,37.145713000197063],[-93.330699000356759,37.145715000122699],[-93.330764999580666,37.145715999727422],[-93.331287999637397,37.145718999973717],[-93.331479000331427,37.14572099989919],[-93.331465000087732,37.14606400029426],[-93.331439999973369,37.146620000058057],[-93.331436999600328,37.146709000283415],[-93.331419000056982,37.147122999785864],[-93.331680999997801,37.147124000088077],[-93.332397000398373,37.147127999864558],[-93.333757000331175,37.147148000176166],[-93.333770999676588,37.146781999794683],[-93.333856000065381,37.146783000101344],[-93.333917999989666,37.146783000101344],[-93.333922000187627,37.146590999688478],[-93.333870000309091,37.146590999688478],[-93.333656999873753,37.146590000095273],[-93.333393000283124,37.146588000192821],[-93.333128999794155,37.146586000290327],[-93.332865000203512,37.146583000078422],[-93.332583999996118,37.146581000175736],[-93.332421999614425,37.146581999769062],[-93.332424000162547,37.146533999941965],[-93.33243599985812,37.146246000339801],[-93.332440000056067,37.146150000228722],[-93.332440000056067,37.145919000133325],[-93.332440999880987,37.14573599969642],[-93.33230799981159,37.145726999675205],[-93.332211999552129,37.145387999768509],[-93.332187000336091,37.145308999819136],[-93.332147999978019,37.145185999697361],[-93.332383000154664,37.14519999998911],[-93.332404999895985,37.145255999698009],[-93.332913999708992,37.145257000024912],[-93.333083999588311,37.14525899996255],[-93.333129999619061,37.145260000289419],[-93.333137000190078,37.144896000027344],[-93.333139999664795,37.144780000134432],[-93.333158000106479,37.14432200010333],[-93.333113999725555,37.144324000065694],[-93.332647999570227,37.144318000178387],[-93.332220999772943,37.144312999913865],[-93.331988000144463,37.144310000327877],[-93.331989999794288,37.144156000176508],[-93.331997000365277,37.143978000057295],[-93.332003000213064,37.143798000258947],[-93.332010999710675,37.143604999796452],[-93.332019999931489,37.143345999975097],[-93.332033000350293,37.143023000113622],[-93.332043000396041,37.142769000098419],[-93.332051999718544,37.142529000016445],[-93.332070999985135,37.142039999972482],[-93.33208799970356,37.141799999725798],[-93.332089000426791,37.141176000246901],[-93.332332999925953,37.141183999712766],[-93.332686000103379,37.141195000319598],[-93.332789999860438,37.141238999866694],[-93.333066999869871,37.141357999880682],[-93.33325500019086,37.141438999698892],[-93.333261000038632,37.141134999659073],[-93.333589000101682,37.141138999752336],[-93.333847999669473,37.141142000180182],[-93.334106000310641,37.141144000226681],[-93.334343000137096,37.141148000319411],[-93.334625000169424,37.141151000030852],[-93.334882000087362,37.141153999742123],[-93.335139000005313,37.141157000169372],[-93.33539699974817,37.141159999880394],[-93.335653999666121,37.141163000307415],[-93.335910999584073,37.141166000018266],[-93.33616900022524,37.141168999728933],[-93.336426000143192,37.141172000155592],[-93.336599000395552,37.141174000201246],[-93.336872000207038,37.141178000292449],[-93.337268000042158,37.141181999667332],[-93.337258999821316,37.141640000093034],[-93.337246000300837,37.142266999708049],[-93.337243999752687,37.14234900035035],[-93.339187000016707,37.142360000071712],[-93.340269000115185,37.142366000114329],[-93.340719000376978,37.142347000335761],[-93.341210999573264,37.140823000326556],[-93.341460999818494,37.140029999811802],[-93.341799999752226,37.138960000335224],[-93.34187400027038,37.138961000029255],[-93.34193700001957,37.138961999723286],[-93.342149999556582,37.138965000237476],[-93.342166000348413,37.138965000237476],[-93.342179999693812,37.138869999890048],[-93.342186000439909,37.13882299987754],[-93.342497999711128,37.138583000166108],[-93.342501000084184,37.138459999848834],[-93.342500000259264,37.138447999859551],[-93.342505000282145,37.138245000170492],[-93.342869000330211,37.138248999700437],[-93.343375999595096,37.138255000069194],[-93.343557000243379,37.138257000191963],[-93.343698999635293,37.138257999895295],[-93.344425000081614,37.138301999718394],[-93.344451999845802,37.137574999652244],[-93.344454000393924,37.137516000130383],[-93.344455000218829,37.13748499970778],[-93.344456999868655,37.137438000267103],[-93.344471999937269,37.137019999721218],[-93.344487000005884,37.136618000344818],[-93.344495000401807,37.136530000146486],[-93.344470000287444,37.136530000146486],[-93.344360999609179,37.13655400001543],[-93.344271000095816,37.136556000183177],[-93.344179999859236,37.136556999908983],[-93.344086999972802,37.136558000350924],[-93.343990999713341,37.136559000076709],[-93.343892999804041,37.136559000076709],[-93.343861999841906,37.136559000076709],[-93.343792000420038,37.136559000076709],[-93.34368799976464,37.136558000350924],[-93.343477999702344,37.136554999741271],[-93.343372000295474,37.136553000289588],[-93.343265000165346,37.136551999847583],[-93.343157000210297,37.136551000121763],[-93.343049000255277,37.13654999967973],[-93.342942000125149,37.136548999953838],[-93.342834999995034,37.136548999953838],[-93.342731000237947,37.136548000227926],[-93.34263199960543,37.136546999785907],[-93.342537999894105,37.136546999785907],[-93.342419000068418,37.136546999785907],[-93.342263000432794,37.137016999846026],[-93.34215999960233,37.137018000281884],[-93.342000999593665,37.137016000126302],[-93.340886999708147,37.137001999752087],[-93.340852000446361,37.137892000179569],[-93.340844000050453,37.138124000146114],[-93.340738999570164,37.138119999893419],[-93.340716000003937,37.138119999893419],[-93.340666999600131,37.138119000188325],[-93.340623000117503,37.138119000188325],[-93.340597000178221,37.138119000188325],[-93.340542999751563,37.138119000188325],[-93.340459999910905,37.13812100031469],[-93.340468000306814,37.137708999657697],[-93.338801000227321,37.137707999947111],[-93.338775000288067,37.13819499994127],[-93.338740999952861,37.13819499994127],[-93.338678000203672,37.138194000237107],[-93.338571000073571,37.138274999862517],[-93.338155000146941,37.138269999914705],[-93.337158000437284,37.13825900031469],[-93.336401000028829,37.138250999823434],[-93.336300999571407,37.138167000342676],[-93.336184000293869,37.13817700025163],[-93.336210000233123,37.137680000168288],[-93.336230000324619,37.137320000247605],[-93.336240000370353,37.136980000181794],[-93.33577900023792,37.136973999711977],[-93.334810999942249,37.136962000203141],[-93.334670000375255,37.13696000004613],[-93.334576999590524,37.13696000004613],[-93.334543000153658,37.137059000236484],[-93.334534999757736,37.137080999783748],[-93.333994999982565,37.137074000319124],[-93.333974999891069,37.137488999994048],[-93.333414000199511,37.137476000137106],[-93.333411999651375,37.137516000130383],[-93.332852999609628,37.13750600013406],[-93.332722000088381,37.137503000278137],[-93.332731000309209,37.137306999645482],[-93.332739999631727,37.137087999963875],[-93.332698999623844,37.137083999656454],[-93.33183499998357,37.137070999729929],[-93.331825999762756,37.137318000100009],[-93.331815999716994,37.137551000107187],[-93.33175700016578,37.137551000107187],[-93.330945000404043,37.137544999682653],[-93.33085599981726,37.137548000253055],[-93.330843000296795,37.137922999719322],[-93.330839000098834,37.138010000023009],[-93.330835999725792,37.138090999845467],[-93.330696999808609,37.138209000094712],[-93.330355000400161,37.138209999798669],[-93.329909000336315,37.138211000218696],[-93.329737999733794,37.138209000094712],[-93.329085999805642,37.138204000142487],[-93.328249999754462,37.138197000065631],[-93.327694999910676,37.138194000237107],[-93.326575000177371,37.138187000159313],[-93.325969000279969,37.138184000330348],[-93.325967999556738,37.138213000342695],[-93.325594000361235,37.138211999922646],[-93.325507000322617,37.138211999922646],[-93.325109999764251,37.138189000283887],[-93.32474400006636,37.138170000172266],[-93.324710999556075,37.138168000047195],[-93.324652000004846,37.138165000217469],[-93.324169000131093,37.138161999671546],[-93.324137000344052,37.138160999966999],[-93.323800000060146,37.138148999930301],[-93.32365600012011,37.138143999974119],[-93.32367299983855,37.137767000035382],[-93.323719999694205,37.136740000352845],[-93.323724999717086,37.136546999785907],[-93.323728000090114,37.136449999812278],[-93.323740999610607,37.136051000185411],[-93.323742000333837,37.136011000133685],[-93.323745999633488,37.13587600025064],[-93.323749999831435,37.135741999863235],[-93.323759000052277,37.135453999991107],[-93.32376400007513,37.135265999871137],[-93.32376499990005,37.13523400021559],[-93.323898999794352,37.13523400021559],[-93.325257000077357,37.135249999686977],[-93.325277999993759,37.134702000289153],[-93.323775999770703,37.134683000017993],[-93.321975999621827,37.134672999647172],[-93.314693000083992,37.134660999773402],[-93.314698999931778,37.13406799982095],[-93.314699999756684,37.134010000188375],[-93.31471999984818,37.133749999980296],[-93.314740999764581,37.133238999824378],[-93.314780000122624,37.132299999761372],[-93.314780000122624,37.132060000127069],[-93.314780000122624,37.131709000222187],[-93.314780000122624,37.131340000237863],[-93.314786999795331,37.13119899968715],[-93.314833999651,37.130276999708258],[-93.314869999635988,37.129589999768854],[-93.314859999590254,37.1290700003144],[-93.314869999635988,37.128879999718855],[-93.31487999968175,37.128580000106709],[-93.314902000321368,37.127509999850865],[-93.31490899999406,37.127151999946193],[-93.314919999864728,37.126679999776456],[-93.314924000062689,37.126588000050049],[-93.31492800026065,37.126499999646562],[-93.314939000131304,37.126237999695164],[-93.314944000154156,37.126151000180514],[-93.314948000352118,37.126062999985173],[-93.315073999850497,37.126064999713982],[-93.315126999553954,37.126202000352706],[-93.315165999911997,37.126282000062041],[-93.315200000247202,37.126349999927527],[-93.315236000232204,37.126416999872205],[-93.315314999874929,37.12654399986107],[-93.315354000232986,37.126596000342097],[-93.315474999708499,37.126777000098699],[-93.315498000173022,37.126812000029361],[-93.315652000158821,37.126997000110364],[-93.31571499990801,37.127061999779819],[-93.31588899998529,37.12718699970344],[-93.316068999910328,37.127306000332801],[-93.316253999858262,37.127420000110213],[-93.317058999947292,37.127900000116504],[-93.317303000344779,37.127900000116504],[-93.317546000019021,37.128087999915977],[-93.317915000089954,37.128427999830215],[-93.317920999937741,37.128645999679399],[-93.318330000191651,37.128964000199304],[-93.318548999576464,37.129133999811991],[-93.318608999850909,37.129180000290376],[-93.318911999799624,37.129418000107854],[-93.319422000335877,37.129414999931264],[-93.319429000008554,37.129225000201878],[-93.319438000229397,37.128978999738088],[-93.319446999551914,37.12870300001277],[-93.319451999574781,37.128554000194157],[-93.319455999772757,37.128447000239596],[-93.319460999795609,37.128281999691858],[-93.319464999993571,37.128171999843097],[-93.319466999643396,37.128113999988678],[-93.319473000389507,37.127936000083785],[-93.319475999864224,37.12785000021313],[-93.31947900023728,37.127757999760306],[-93.319485000085066,37.12757800004551],[-93.319487999559797,37.127500999809989],[-93.319490999932839,37.127400000312448],[-93.319499000328761,37.127146000129407],[-93.319506999826359,37.126889000249626],[-93.319510000199429,37.126807999894865],[-93.319516000047201,37.126631000356461],[-93.319521000070083,37.126458999700368],[-93.31952400044311,37.126370000002758],[-93.319532999765642,37.126111999772839],[-93.319532999765642,37.126093000209742],[-93.319541000161564,37.125854000095948],[-93.319547000009337,37.125779999859766],[-93.319458000320878,37.125779999859766],[-93.319340000320111,37.125779999859766],[-93.319312999657626,37.125734000179804],[-93.319269999999904,37.125659999826297],[-93.319249999908422,37.125640000279709],[-93.319209999725459,37.125625999949335],[-93.319189999633949,37.125620000011573],[-93.319158999671814,37.125620000011573],[-93.319018000104819,37.125620000011573],[-93.31859799998027,37.125620000011573],[-93.318458000238167,37.125620000011573],[-93.318381000245282,37.125620000011573],[-93.318150000266598,37.125620000011573],[-93.318073000273714,37.125620000011573],[-93.317489999942524,37.125620000011573],[-93.317457000330549,37.125620999881868],[-93.317342999629432,37.125623000338607],[-93.317089999909427,37.125630000146302],[-93.317123000419727,37.124812000231103],[-93.31681500044813,37.124811000350185],[-93.316427999935541,37.124809999752934],[-93.316022999879593,37.124808999871924],[-93.315729999976611,37.124807999990907],[-93.315549000226667,37.124807000109875],[-93.315261000346567,37.12480600022888],[-93.315015000299269,37.124807999990907],[-93.314992999659651,37.124807999990907],[-93.314990000184906,37.124849999995668],[-93.314990000184906,37.124937000289542],[-93.314990000184906,37.124990000320764],[-93.314977999591036,37.125221999736809],[-93.314970000093439,37.125379999963236],[-93.314965000070558,37.125579000304938],[-93.314964000245652,37.125605999677504],[-93.314910999643885,37.125603000066043],[-93.314459999557172,37.125597999997062],[-93.313681000305721,37.125590000315725],[-93.313169999944563,37.125585000245934],[-93.312655000283755,37.125579000304938],[-93.312141000447852,37.125574000234366],[-93.311641999782253,37.125569000163473],[-93.311107000029963,37.125566999705306],[-93.310934999602509,37.125566999705306],[-93.31043300036049,37.125564999963274],[-93.310414999918834,37.12612199984256],[-93.310404999873086,37.12643699992968],[-93.31040099967511,37.126547000151533],[-93.310375999560762,37.12731799994053],[-93.31037499973587,37.127347999667641],[-93.309981000448872,37.127342999713939],[-93.309727999830571,37.127340000171323],[-93.309433000277778,37.12733600006473],[-93.309143999674475,37.127331999957917],[-93.308962999924518,37.127330000262532],[-93.308854999969469,37.127328999698577],[-93.308460999784174,37.127323999743616],[-93.308219999759743,37.127321000200254],[-93.308140000292127,37.12732000035242],[-93.307955000344194,37.127317000092653],[-93.307443999983036,37.127308999876824],[-93.306941999842692,37.127300999660086],[-93.30659000038851,37.127294999855174],[-93.30611599983726,37.127288000201474],[-93.30581799991144,37.127283000243807],[-93.305314000121271,37.127276999721225],[-93.305143000417061,37.127275000024383],[-93.304847000141052,37.127270999914352],[-93.304551999689934,37.127266999804107],[-93.30425700013717,37.127264000258428],[-93.303961999686052,37.127260000147814],[-93.303667000133288,37.127256000036994],[-93.303410000215337,37.12725299977469],[-93.303103999893565,37.127248999663493],[-93.302734999822633,37.127243999703261],[-93.302374999972528,37.127238999742687],[-93.301953000198125,37.127233999781787],[-93.301784000143755,37.127232000083801],[-93.30171999967132,37.127229999669588],[-93.301252999691087,37.127226000273424],[-93.301384000110659,37.123569999648815],[-93.301394999981312,37.12353299985574],[-93.301408000400102,37.123114999853449],[-93.301422999570406,37.122584999783967],[-93.301506000309388,37.119975000314597],[-93.30151299998208,37.11989900016949],[-93.302540999653885,37.119923000298982],[-93.302643999586053,37.119925000190001],[-93.302681000294271,37.118780000191251],[-93.30441199994786,37.118805999879761],[-93.304471000397413,37.116352000232609],[-93.302980000045011,37.116329999673454],[-93.302847999800534,37.11632599970136],[-93.302759999936995,37.116323999715206],[-93.302547000399983,37.116318999749652],[-93.302190000024595,37.116309999810831],[-93.301962000418968,37.116303999850992],[-93.301363000194257,37.116288999949312],[-93.30095999978812,37.11628000000691],[-93.300529999617822,37.11628000000691],[-93.300250000133659,37.11628000000691],[-93.299687999718842,37.116270000069605],[-93.299566000418437,37.116270000069605],[-93.299462999587959,37.116270000069605],[-93.299277999640026,37.116270000069605],[-93.299219999913717,37.116270000069605],[-93.298967000193713,37.116265000100476],[-93.298720000321509,37.116260000131021],[-93.298656999674009,37.116258000143183],[-93.298169999602294,37.116250000191123],[-93.297969999585746,37.116250000191123],[-93.297999999722975,37.115740000071426],[-93.297999999722975,37.115604999843953],[-93.298415999649592,37.115609999856659],[-93.298998999980768,37.115615999871494],[-93.299043000361706,37.115616999873922],[-93.299050999859318,37.115268999665403],[-93.298701000054947,37.115265000353553],[-93.298485999969785,37.115263000339432],[-93.297941999996667,37.11525700029663],[-93.297947999844439,37.115071000166722],[-93.297943999646478,37.114858999977599],[-93.297576000298761,37.114852999902787],[-93.297356000190746,37.114849999865172],[-93.297340000297211,37.114849999865172],[-93.297297999566112,37.114849999865172],[-93.297126999861888,37.114849999865172],[-93.29706999996047,37.114849999865172],[-93.297073000333526,37.114703000026985],[-93.297080000006218,37.114379999672359],[-93.29708400020418,37.114265000293578],[-93.297090000051966,37.114120000080405],[-93.297099000272809,37.113806999651793],[-93.297110000143434,37.113489999956535],[-93.297116999816154,37.113290000037736],[-93.297218000098482,37.113293000137091],[-93.301718000021495,37.113309999981759],[-93.30173300009011,37.112857000205352],[-93.298342999854654,37.112843999698924],[-93.297353999642596,37.112840000259048],[-93.297242000387925,37.112840000259048],[-93.297131000059849,37.112836000102526],[-93.297150000326411,37.11256000025692],[-93.297229999794055,37.111550999787276],[-93.296951000134797,37.111541999998053],[-93.296711999760177,37.111531000095049],[-93.296510999918738,37.111522999643562],[-93.296080999748426,37.111200000051774],[-93.296019999649047,37.111178000144776],[-93.295961999922739,37.111151999985964],[-93.295906999671161,37.111121000225815],[-93.29585499979261,37.111087000266267],[-93.295147999612865,37.110574000267199],[-93.295016000266699,37.110442999709036],[-93.293962999582234,37.109666000211114],[-93.293581999815729,37.109397000149947],[-93.292975999918326,37.10895899981417],[-93.292773000427047,37.108957999723806],[-93.292754999985377,37.10941899985793],[-93.2927209996502,37.110303999776747],[-93.292683000015359,37.11133999983106],[-93.292677999992492,37.111460000356992],[-93.292666000296919,37.111798999687004],[-93.292650000403398,37.112276999796336],[-93.292522000356882,37.115937999969645],[-93.292518999983827,37.116032999736959],[-93.292518000158921,37.116240000249903],[-93.292615000243302,37.116240000249903],[-93.29265799990101,37.116240000249903],[-93.292729999871028,37.116240000249903],[-93.292946999606002,37.116240000249903],[-93.293020000299251,37.116240000249903],[-93.293257999950626,37.116242000238223],[-93.293971999803077,37.116248000202958],[-93.294210000352749,37.116250000191123],[-93.294474999768312,37.116247000208858],[-93.295229999628631,37.116240000249903],[-93.295273000184665,37.116239000255689],[-93.295340999956721,37.116238000261468],[-93.295326999713012,37.116770000329701],[-93.295306999621545,37.117473000237823],[-93.296223000038651,37.117474000215729],[-93.296239999757077,37.117519999901084],[-93.296306999704228,37.117737999649314],[-93.296303000404592,37.117851000254248],[-93.296284000138016,37.118593000157254],[-93.296279999940054,37.118891999998077],[-93.296269000069401,37.119141000164554],[-93.296254999825706,37.119534999660956],[-93.296249999802825,37.119808000027398],[-93.296255999650597,37.119873000140053],[-93.296199999574114,37.120713999651187],[-93.296180000380943,37.121009999916986],[-93.296165000312328,37.121505999974623],[-93.296116999733442,37.123206000317801],[-93.295891999602546,37.123491999734895],[-93.293781000007371,37.123552999959067],[-93.293570999945075,37.123600000145295],[-93.293526999564151,37.123609999830627],[-93.29333099974555,37.123612000340515],[-93.293246000255067,37.123612000340515],[-93.292784000297701,37.123615999927665],[-93.29254999994599,37.123615999927665],[-93.292286000355332,37.123530000162134],[-93.29229499967785,37.123645999689636],[-93.292176999677068,37.127116000322232],[-93.292178000400298,37.127251999925967],[-93.292364999998057,37.127250000228457],[-93.293252000102839,37.127233999781787],[-93.293688000120937,37.127237999893772],[-93.294206999979707,37.127238999742687],[-93.294428999737562,37.127237000044836],[-93.294416000217083,37.127677000335524],[-93.294406999996255,37.128015000270302],[-93.29440600017135,37.128109999922941],[-93.29440500034643,37.128235000264397],[-93.294390000277815,37.128719999978223],[-93.294380000232067,37.129010999890262],[-93.2944670002707,37.129014000082869],[-93.294613999685495,37.129014000082869],[-93.295986000212181,37.129010999890262],[-93.295987000037101,37.129096999874051],[-93.295985000387262,37.129438000088548],[-93.295983999664045,37.129560000214248],[-93.295982999839126,37.12960499989984],[-93.296057000357294,37.129907000089446],[-93.296054999809144,37.130457999971981],[-93.296053999984252,37.13080899994997],[-93.296053999984252,37.130848000085763],[-93.295198999666496,37.130848999886986],[-93.295196000191766,37.131490999886083],[-93.295196000191766,37.131522999692244],[-93.295196000191766,37.131555999992905],[-93.295105999780063,37.13156200017621],[-93.295013999718563,37.131569000150805],[-93.295012999893672,37.131688000335416],[-93.295010000418912,37.132060000127069],[-93.29500500039606,37.132615999694558],[-93.29500500039606,37.132681000267326],[-93.295057000274596,37.132681000267326],[-93.295053000076635,37.132898000265754],[-93.295048000053754,37.133109000297772],[-93.295044999680698,37.133276999654839],[-93.295043999855793,37.133302000324399],[-93.295041000381048,37.133395000250509],[-93.29503800000802,37.13350799968353],[-93.2950370001831,37.133524000236065],[-93.295033999810059,37.133638999721285],[-93.295029999612098,37.13376500000286],[-93.295026000312461,37.133882999837553],[-93.295022999939405,37.134057000326187],[-93.295018999741444,37.134109999699952],[-93.29500500039606,37.134120000145188],[-93.294909000136585,37.134193000347267],[-93.294837999991472,37.13424700009822],[-93.294796999983603,37.134277999699165],[-93.294779000440244,37.134285000138632],[-93.294747999579783,37.134265000006671],[-93.294724000188651,37.134255000296776],[-93.294698000249397,37.13424700009822],[-93.294670999586899,37.13424199988421],[-93.294642999997791,37.134239999655243],[-93.294461000422928,37.134235999913358],[-93.293944000213969,37.134223000213659],[-93.293421000157252,37.134209000038787],[-93.293108999987709,37.13420000007843],[-93.293108999987709,37.134498999858941],[-93.2928760003592,37.134500000328032],[-93.292810000236983,37.134500000328032],[-93.292269999563487,37.13450300030302],[-93.291973000360898,37.134504999808875],[-93.291831999895578,37.134506000277952],[-93.291352000394866,37.134490999686186],[-93.290913999828632,37.134492000155383],[-93.28889000027209,37.13449700035293],[-93.288215999704306,37.134500000328032],[-93.288029999931467,37.134501000081009],[-93.28747099988972,37.134507000030844],[-93.287285999941815,37.134509000252706],[-93.286337999737626,37.134516999707387],[-93.283494000023438,37.134542999719713],[-93.282546999644183,37.134553000107665],[-93.281663999737333,37.13456200002603],[-93.280610999951193,37.134565999750677],[-93.280614000324249,37.134460000172503],[-93.280769000134939,37.129109999738183],[-93.287624999875518,37.129034999995518],[-93.287675999929149,37.127129999660745],[-93.287783000059264,37.123574999851769],[-93.287783000059264,37.123559999958196],[-93.287798000127893,37.123006000278778],[-93.287814000021399,37.122420999978345],[-93.287841999610492,37.121379000127881],[-93.287854000204376,37.120952000304534],[-93.287865999899935,37.120525000221498],[-93.287871999747722,37.120317999963589],[-93.287876999770589,37.120143000176036],[-93.287902999709857,37.119078000053136],[-93.287932999847087,37.118077000241904],[-93.285562999785824,37.118088999880079],[-93.285399999579198,37.118087999910294],[-93.284737999605312,37.118089999849801],[-93.284745000176329,37.117868999764525],[-93.284764000442891,37.117189000249688],[-93.284772999765408,37.11685999983964],[-93.284773999590314,37.116739999991779],[-93.284783999636062,37.116488999826366],[-93.284786000184198,37.116425999657054],[-93.284790000382159,37.116333999645335],[-93.284791000207079,37.116240000249903],[-93.284689999924723,37.116240000249903],[-93.284289999891655,37.116230000307304],[-93.28345200019065,37.116234000284528],[-93.28345300001557,37.116274000044704],[-93.283457000213531,37.116393999914813],[-93.283458999863342,37.116435000298438],[-93.283448999817594,37.11666700014645],[-93.283418999680379,37.117367000356786],[-93.283396999939058,37.117600000190443],[-93.283375000197765,37.11852599973389],[-93.28335900030423,37.119237000165334],[-93.283344000235601,37.119913000126587],[-93.282011999891893,37.119918999800404],[-93.281985999952624,37.119918999800404],[-93.281338000222433,37.119922000353426],[-93.280738999997709,37.119925000190001],[-93.280262999796648,37.119928000026533],[-93.279959000023027,37.119929999917481],[-93.279538999898463,37.11993299975375],[-93.27889899966587,37.119938000196946],[-93.278850000160375,37.120410000148105],[-93.278850000160375,37.121203999927921],[-93.278718999740818,37.121211000144264],[-93.271051000238515,37.121112999921941],[-93.267928999791664,37.121073999783519],[-93.267831999707269,37.121071999922847],[-93.267260000145058,37.12106399976318],[-93.266660000095428,37.121054999672111],[-93.26657499970662,37.121052999810878],[-93.266537000071793,37.121051999880308],[-93.266506999934549,37.121051999880308],[-93.266470000124642,37.121050999949652],[-93.266306999918015,37.121050000018997],[-93.266173999848633,37.121048000157636],[-93.266045999802103,37.12104700022693],[-93.265995999573391,37.121046000296268],[-93.265968999809218,37.120976000100143],[-93.265937999847083,37.120975000168485],[-93.265897999664105,37.120974000236821],[-93.265066999635806,37.120954000168375],[-93.265066999635806,37.120932000230283],[-93.264243000178496,37.120921000258818],[-93.264254000049164,37.121029999970624],[-93.264139000421423,37.121028000108744],[-93.264076999598842,37.121027000177783],[-93.26405099965956,37.121026000246793],[-93.264038000139095,37.121026000246793],[-93.263380000363142,37.121015000289034],[-93.263381000188062,37.120983000337567],[-93.263383999662793,37.120810999739938],[-93.26351599990727,37.115585999792607],[-93.263956000123315,37.115594999817489],[-93.26469699973994,37.115587999798251],[-93.265609999784019,37.115599999830913],[-93.265671999708289,37.115619999881091],[-93.265730000332937,37.115639999926039],[-93.267479000428168,37.115607999851598],[-93.268117999937544,37.115595999820201],[-93.268174999838948,37.112941999879723],[-93.268175999663868,37.112881999740225],[-93.272049999597982,37.112942999917422],[-93.272762999625513,37.112942999917422],[-93.272810000379494,37.110780999943508],[-93.272827000097934,37.110302999704146],[-93.272381000034088,37.110310000212017],[-93.272309999888989,37.110311000284518],[-93.272271000429228,37.110311000284518],[-93.272114999895308,37.110378000097143],[-93.271921999551452,37.110462000334444],[-93.271873999870891,37.110482000309048],[-93.271719000060187,37.110548999970369],[-93.271611999930059,37.110547999901009],[-93.271324999874892,37.110545999762238],[-93.27105299988834,37.110544000339814],[-93.270896000427811,37.110543000270383],[-93.270778000427029,37.110542000200994],[-93.270227999707799,37.110536999853579],[-93.27004299975988,37.110535999784112],[-93.269959000094289,37.110530000083088],[-93.269691000305684,37.110513000330776],[-93.269333999930325,37.110489000083973],[-93.268929999699267,37.110462000334444],[-93.268461000069209,37.11043100029184],[-93.268270000273503,37.110419000156398],[-93.268280000319237,37.109439000107926],[-93.267830999882349,37.109348999657726],[-93.267553000048011,37.10918700001065],[-93.267198000220787,37.108988999652972],[-93.267543999827183,37.108313999688384],[-93.268282999793982,37.108322999861173],[-93.268314999581037,37.105432999644883],[-93.270073999722015,37.104049999711982],[-93.270190999897878,37.09842399966228],[-93.270193000446028,37.09824799991555],[-93.270194000270934,37.098235999999339],[-93.27032700034033,37.098238999978584],[-93.270467000082419,37.098249000147327],[-93.27061000019755,37.098265999786328],[-93.270743000266918,37.098287000346566],[-93.27087899981106,37.098314999651585],[-93.270955999803945,37.098330999761558],[-93.271139999926959,37.098386000248261],[-93.271263999775528,37.098427999863482],[-93.271385999974257,37.098476000111724],[-93.271503999975039,37.098529000037047],[-93.271618999602765,37.098587000345418],[-93.271733000303897,37.098650000308901],[-93.271837000060955,37.098716000180296],[-93.271889999764426,37.09876799971282],[-93.271935999795161,37.098808000100554],[-93.272008999590099,37.098863000240911],[-93.272073999887425,37.098905000308221],[-93.272150000055419,37.098946000129686],[-93.272231000246265,37.098983999979325],[-93.272323000307779,37.099018999861734],[-93.272417999844023,37.099047999833907],[-93.272515999753296,37.099069999681866],[-93.272616000210746,37.099085000128177],[-93.272716999594763,37.099092999744023],[-93.272818999702011,37.099093999964644],[-93.272920999809259,37.099089000294434],[-93.273021000266695,37.099076000290644],[-93.273218999735093,37.099017000135007],[-93.273412999903854,37.098950000303326],[-93.27360299987464,37.098878000011744],[-93.27379000037071,37.098798000005594],[-93.273971999945573,37.098713000219945],[-93.274150000220828,37.098621999694672],[-93.274322999574864,37.098524999841175],[-93.274511999720758,37.098407000058785],[-93.274648999988116,37.098315999882473],[-93.274808999821673,37.098200000239373],[-93.27495899960951,37.098080999716821],[-93.275103000447857,37.097956999978912],[-93.27523999981689,37.097828999805536],[-93.275371000236476,37.097695999653773],[-93.27549400026011,37.097558000213809],[-93.275609999712756,37.097416999794298],[-93.275719000391021,37.097272000283397],[-93.275607000238011,37.097269000265918],[-93.275547999788472,37.097266999776487],[-93.275115999968335,37.097437999873414],[-93.275044999823237,37.09746699973423],[-93.274955000309859,37.097511000341953],[-93.274929000370577,37.097525999663944],[-93.274905999906053,37.097538999933704],[-93.274860999700223,37.097570999761558],[-93.274823999890287,37.097602000052113],[-93.274792000103247,37.097612000304927],[-93.27467599975229,37.097654000349216],[-93.274669000079584,37.097681999888174],[-93.274608999805139,37.097716999655546],[-93.274536000010215,37.097735999890972],[-93.274513000443989,37.097740999650412],[-93.27448599978149,37.097743999649254],[-93.274455999644275,37.097743999649254],[-93.274426000405342,37.097740000128447],[-93.274192000053617,37.09775099988488],[-93.274088000296544,37.097752999645024],[-93.273985000364377,37.09775099988488],[-93.273883000257143,37.097743000127331],[-93.273833999853338,37.097740999650412],[-93.273786000172748,37.097741999888875],[-93.273737999593862,37.097746999647981],[-93.273710999829689,37.097752999645024],[-93.273684999890406,37.097762999877894],[-93.273660999600978,37.097776000107039],[-93.273641000407792,37.097792000330848],[-93.273593999653826,37.097831999800896],[-93.273544000323412,37.097870999729537],[-93.273514000186196,37.097889999926338],[-93.273468999980338,37.097910999874337],[-93.273433999820256,37.097915000102581],[-93.273421000299777,37.097915000102581],[-93.273402000033201,37.097912000110561],[-93.273387999789492,37.097906999645836],[-93.273375000269027,37.097900999660993],[-93.273349000329745,37.097888999689829],[-93.273323000390477,37.097879999710216],[-93.273289999880205,37.097871999966287],[-93.273223999757974,37.09786499974178],[-93.273157999635714,37.097861999747792],[-93.273044999657813,37.097858999753619],[-93.273016000243814,37.097858999753619],[-93.272997999802158,37.097858999753619],[-93.272980000258798,37.097861999747792],[-93.272941999725646,37.097855000238887],[-93.272918000334528,37.097848000012867],[-93.272894999870005,37.097839000028387],[-93.272874999778494,37.097828000284728],[-93.272856000410243,37.097813999827011],[-93.272766999823475,37.097747999886366],[-93.272680999609747,37.097678999886874],[-93.272570000179982,37.097584000023637],[-93.272464999699693,37.097484999790545],[-93.272367999615298,37.09738399965822],[-93.272273999903987,37.097275000300804],[-93.272186999865326,37.097164999824052],[-93.27210800022263,37.097051999877934],[-93.272097000351962,37.09703799999334],[-93.272083000108267,37.097025999885538],[-93.272067000214733,37.097015000023852],[-93.272031000229745,37.096999999884176],[-93.271955000061752,37.096976999903092],[-93.271941999642962,37.096973999873882],[-93.271921999551452,37.096975999654532],[-93.271910999680827,37.096981000180705],[-93.271844999558567,37.096993999827497],[-93.271776999786525,37.09700199966413],[-93.271708000189534,37.09700400016051],[-93.271642000067303,37.09700199966413],[-93.271483999883543,37.096950999884911],[-93.271335999745546,37.096909999700372],[-93.271271000346545,37.09688300012597],[-93.271247000057073,37.096870999993577],[-93.271218999569669,37.096852999791437],[-93.271186999782643,37.096823000161486],[-93.271154000170668,37.096772999796571],[-93.271124999858344,37.09671700003652],[-93.271105999591768,37.096669999642963],[-93.271081000375716,37.096624000189998],[-93.271062999934074,37.096602999885278],[-93.27094099973533,37.09643300030914],[-93.270807999665934,37.096288999889282],[-93.2707480002898,37.096212000074878],[-93.270728000198332,37.096188999854654],[-93.270703999908861,37.096168000145852],[-93.270677999969607,37.096149000233744],[-93.270611999847375,37.096110000135248],[-93.270554999945958,37.09606100027694],[-93.270479999602884,37.096004999990654],[-93.270400000135268,37.095952999994807],[-93.270348000256718,37.095921999746082],[-93.270265000416046,37.095864999810374],[-93.270206999791412,37.095834000242185],[-93.270175000004357,37.095820999679823],[-93.270119999752765,37.095804999756325],[-93.270160999760662,37.095768000009784],[-93.270185999875011,37.095744000106421],[-93.27210800022263,37.09385100035324],[-93.272171999796711,37.093787999982091],[-93.272182999667365,37.093776999650331],[-93.272744000257262,37.093231999713147],[-93.273380000291894,37.092617999846489],[-93.27347800020118,37.092516000084615],[-93.273569000437789,37.092409999666778],[-93.273653000103351,37.092300000009288],[-93.273730000096265,37.092185999661631],[-93.273797999868322,37.092069999948912],[-93.273858000142781,37.091950000232245],[-93.273910000021317,37.091827999692477],[-93.273954000402242,37.091703999753179],[-93.273988999664027,37.091577999687928],[-93.27401399977839,37.091461999761101],[-93.274031000395141,37.091345000050389],[-93.274041000440889,37.091226999834582],[-93.274043999915605,37.091109000151626],[-93.274038999892724,37.090991000284923],[-93.274027000197179,37.090873999847041],[-93.274007999930589,37.090756999945107],[-93.273981000166415,37.090641000194694],[-93.273946999831239,37.090525999883916],[-93.27388699955678,37.090392000192693],[-93.273819999609628,37.090258999885144],[-93.27374500016488,37.090129999983532],[-93.273662000324194,37.090002999826964],[-93.273572999737425,37.089878999767762],[-93.273475999653044,37.089757999820755],[-93.273371999895957,37.089641999974404],[-93.273314000169648,37.089589000282032],[-93.273180000275346,37.08948599967875],[-93.27311499997802,37.089444000123031],[-93.272992999779277,37.089339999689919],[-93.272865999557666,37.089239999800306],[-93.272670999563999,37.089109000325664],[-93.271816999969488,37.088529999727918],[-93.271709000014454,37.088633000197312],[-93.271648999739995,37.088689999840341],[-93.272504999882656,37.089266000314552],[-93.272694999853442,37.089393999905035],[-93.272823999724892,37.089496000286104],[-93.272946999748527,37.089603000109719],[-93.273063000099484,37.089713999726982],[-93.273171999879423,37.08983000017966],[-93.273273999986671,37.089949000045721],[-93.27336799969801,37.09007299999034],[-93.273453999911723,37.090200000029604],[-93.273531999729528,37.090330000148427],[-93.273601000224829,37.090463000331319],[-93.273655999578096,37.090581999919962],[-93.273689000088368,37.090695999814344],[-93.273715000027636,37.090812000197104],[-93.273732999570981,37.090927999685725],[-93.273741999791824,37.091045000040232],[-93.27374400033996,37.091162999822849],[-93.273736999768943,37.091279999814603],[-93.273721999700342,37.091397000342191],[-93.273699999959035,37.09151299965194],[-93.273668999996886,37.09162700029551],[-93.273631000362059,37.091741000051009],[-93.273583999608064,37.09185200011963],[-93.273530000079717,37.091961999710861],[-93.273468999980338,37.092068000038779],[-93.273400000383376,37.092172999906516],[-93.273324000215382,37.092273999819376],[-93.273242000199616,37.092370999793467],[-93.273152999612861,37.092465000152224],[-93.272524000149232,37.093064999923335],[-93.272431000262813,37.093147000132134],[-93.271746999649281,37.093776000076076],[-93.271677000227399,37.09384399975729],[-93.271385000149337,37.094132000301684],[-93.270832999780296,37.09467499965681],[-93.269980000010676,37.095515000019333],[-93.269796999712582,37.095695000011432],[-93.269242999693702,37.096240000146729],[-93.268574000047124,37.096421000105479],[-93.268539999711919,37.09643099979764],[-93.268488999658317,37.096481999926816],[-93.268497000054225,37.096207999756729],[-93.268500000427281,37.096140000047441],[-93.268500000427281,37.096020000327265],[-93.268500000427281,37.095470000133581],[-93.268502999902012,37.095388999842086],[-93.268517000145707,37.095116000291725],[-93.265803999952766,37.095076000104356],[-93.26547000004193,37.095071000169007],[-93.265476999714622,37.093880000153902],[-93.265478000437852,37.093750999967185],[-93.264897999581393,37.093750999967185],[-93.263985000435639,37.093750999967185],[-93.262151999776492,37.093686999937468],[-93.259458999675047,37.09359299966151],[-93.259457000025236,37.093776999650331],[-93.259406999796497,37.095779000052509],[-93.259370999811495,37.097198000055464],[-93.259354000093069,37.098277000182847],[-93.259323999955825,37.099887999719996],[-93.259308000062305,37.100814000195385],[-93.256908999688733,37.100717000282465],[-93.254742999841952,37.100627999699164],[-93.25469000013851,37.100627000215283],[-93.254625999666089,37.100624000330598],[-93.254624999841198,37.100677000186167],[-93.254623000191359,37.100774000150309],[-93.254619999818317,37.100978000230931],[-93.254603000099877,37.101896999710867],[-93.254603000099877,37.102017000153168],[-93.254680000092762,37.102227000111554],[-93.254679000267856,37.102261999928608],[-93.254674000244989,37.102373000346837],[-93.254651999605372,37.102980999674884],[-93.254640999734704,37.103377999925591],[-93.254615999620356,37.104171999916552],[-93.254619999818317,37.104267000115932],[-93.254993000087211,37.104287999729173],[-93.255015999653438,37.104288999881199],[-93.25508699979855,37.104292999772667],[-93.255111000087993,37.104295000076576],[-93.255199999776465,37.104300000119608],[-93.255294000386101,37.104302999858724],[-93.255749999597356,37.104320000288546],[-93.25584199965887,37.104333000108909],[-93.255890000237756,37.1043399997357],[-93.25601499991123,37.104392999857239],[-93.256036999652551,37.104401999779569],[-93.256080000208556,37.104420000337413],[-93.256100000300052,37.104434999724432],[-93.256120000391533,37.104449999824865],[-93.256179999767667,37.104500000138252],[-93.256240000042126,37.104559999754244],[-93.256290000270837,37.104620000039212],[-93.256450000104422,37.104960000039675],[-93.256466999822848,37.105003999877667],[-93.257009999971061,37.106370000336554],[-93.257209999987609,37.106840000095161],[-93.257215000010476,37.106854000317604],[-93.257420000049891,37.107379999738463],[-93.257459000407948,37.107474000102819],[-93.257471000103507,37.107502999703904],[-93.257365999623204,37.107560000196784],[-93.257046999780982,37.107733000198301],[-93.256862999657969,37.107827000124537],[-93.256675000235319,37.107918000338344],[-93.256546000363869,37.107979000215707],[-93.256502999807864,37.1080000002326],[-93.25631299983705,37.108092000340292],[-93.25622099977555,37.108134000305633],[-93.256125000414414,37.10817099974404],[-93.255835999811069,37.108277000319831],[-93.255109000438168,37.108547000156541],[-93.254497999619574,37.108766000041456],[-93.254127999723707,37.10889800000966],[-93.254179999602272,37.108990999832869],[-93.254222000333371,37.109065000003419],[-93.254269000189026,37.109149000264338],[-93.254172999929565,37.109183999748552],[-93.254025999616459,37.109223999651029],[-93.252813999821669,37.109570000253669],[-93.250401000102684,37.110259000079026],[-93.249471000340179,37.110523999665254],[-93.248507000242498,37.110798999701728],[-93.248093999790612,37.110917000239581],[-93.247837999697566,37.110985999643248],[-93.247784000169219,37.111008999669316],[-93.2476140002899,37.111087000266267],[-93.247447999710232,37.111169999655992],[-93.24728600022685,37.111256999911269],[-93.247128999867996,37.111348999644299],[-93.246975999707132,37.111445000212093],[-93.246862999729231,37.111521000246988],[-93.246753000124386,37.111598000261068],[-93.246619000230083,37.111700000121942],[-93.246491000183568,37.111805000003812],[-93.246368000159904,37.111914999996792],[-93.246250999984042,37.11202799997946],[-93.246139999655966,37.112144999986754],[-93.246035000073974,37.112266000000048],[-93.245937000164687,37.112389999955212],[-93.245908999677283,37.112426000135208],[-93.245810999767997,37.112564999754333],[-93.245718999706483,37.112706999957311],[-93.245583999987275,37.112931000180048],[-93.245563999895765,37.112954999652956],[-93.24531399965052,37.113397999959211],[-93.244877999632436,37.114173999826647],[-93.243659999989845,37.116157999965594],[-93.243263000329804,37.116806999846702],[-93.242288000361469,37.118487999659877],[-93.242120000131962,37.1184910002696],[-93.240672000335593,37.118434000125106],[-93.240721999665993,37.116582000355663],[-93.239462000190613,37.116548999972949],[-93.238190000121349,37.116516000292201],[-93.237375999811476,37.116494999771476],[-93.236516000369178,37.116465000040932],[-93.236329999698,37.116450000171149],[-93.236170999689364,37.116453000145356],[-93.236145999575001,37.117290999742544],[-93.236138999902323,37.117640999920987],[-93.236127000206736,37.118204999865917],[-93.235842999626314,37.118366000311227],[-93.235829000280901,37.118374000039701],[-93.235736000394496,37.118466999686191],[-93.235691000188652,37.118494000162947],[-93.235316000269933,37.118708000125586],[-93.234995999704466,37.118891000038893],[-93.234947000198986,37.11879299967844],[-93.234886000099621,37.118184999782208],[-93.234828000373284,37.117590999687557],[-93.234804999908761,37.117358999805582],[-93.234809999931628,37.116875000344486],[-93.234800999710799,37.116323999715206],[-93.234826999650068,37.115425999887492],[-93.234788000190306,37.11512199992432],[-93.234701999976593,37.114473999944344],[-93.234610999740013,37.114136999739344],[-93.234266999783415,37.113258999720074],[-93.234178000094957,37.112443000174459],[-93.234204000034225,37.111747999840411],[-93.234147999957727,37.111057999888359],[-93.233931000222753,37.110377000025508],[-93.233731000206205,37.108872999875977],[-93.233778999886781,37.108598000009664],[-93.233705000266951,37.108050000351717],[-93.233491999831614,37.106470999951483],[-93.233388999899447,37.10570499985689],[-93.23338600042473,37.10568199965288],[-93.233357999937311,37.105476999924548],[-93.23333700002091,37.105324999827133],[-93.236466999965373,37.105408999937502],[-93.236558000201967,37.105411000211944],[-93.236543999958258,37.106166999859049],[-93.236532000262685,37.106752999780596],[-93.236524999691696,37.106850999963143],[-93.236513999821042,37.10694799990199],[-93.23648899970668,37.107091000006264],[-93.236456000094705,37.107192000092539],[-93.236410999888875,37.107346999643823],[-93.236401999668033,37.107404999648558],[-93.236399000193316,37.107463000325311],[-93.236403000391277,37.107508999644679],[-93.236415999911728,37.107554000260045],[-93.236432999630168,37.107590999981802],[-93.2364550002698,37.107627000293967],[-93.236482999858893,37.107660999657632],[-93.236516000369178,37.107692000117737],[-93.236570999722446,37.107735999801449],[-93.236630000171999,37.107776999858203],[-93.236795999853328,37.107889000179746],[-93.237157000426677,37.108144999985633],[-93.237306000389594,37.108274000021694],[-93.237375999811476,37.108336999809495],[-93.237415999994454,37.108378000257353],[-93.237426000040188,37.10838799980403],[-93.23743899956068,37.108396999968079],[-93.237452999804361,37.108402999838034],[-93.237467999872976,37.108408000326293],[-93.237483999766511,37.108410999902723],[-93.237501000383261,37.1084120000003],[-93.237517000276782,37.108409999805119],[-93.237533000170316,37.108407000228709],[-93.237591999721545,37.108388999901919],[-93.237650000346164,37.108369000091038],[-93.237755999753077,37.10832899973704],[-93.237857999860324,37.108284999681409],[-93.237990000104801,37.108227000350581],[-93.238014000394244,37.108217000066176],[-93.238069999572431,37.108191999707685],[-93.238124999824024,37.108164999855653],[-93.238149000113467,37.108153000077564],[-93.238288000030636,37.108084000241966],[-93.238431000145766,37.108020000140961],[-93.238483999849208,37.108001000335612],[-93.238529000055053,37.107988999815113],[-93.238575000085802,37.107980000319003],[-93.238653999728527,37.107968999898617],[-93.238698000109466,37.107964000097738],[-93.238770999904389,37.107958000193001],[-93.238845000422558,37.107954999882274],[-93.238919000042401,37.107955999985826],[-93.238960000050284,37.107957000089428],[-93.238977999593615,37.107432999881993],[-93.238977999593615,37.107423000209231],[-93.242073000276292,37.107514000191969],[-93.24240100033937,37.107522999743466],[-93.242411000385104,37.107025000267193],[-93.242469999936333,37.104123999695084],[-93.242475999784105,37.103880999808645],[-93.242739000448168,37.103889999791811],[-93.244772000225538,37.103957000269681],[-93.245450000092973,37.103980000281034],[-93.245544999629203,37.103981999876758],[-93.245547000177339,37.103908999911965],[-93.245568000093726,37.10304999986063],[-93.245578999964394,37.102588999648908],[-93.24559900005589,37.10173399970116],[-93.24566199980508,37.1004740002139],[-93.245666999827932,37.100400000247532],[-93.245672999675719,37.100319000211194],[-93.249929000099584,37.100466000027374],[-93.250200000261245,37.100479999995024],[-93.25030999986609,37.100499999739569],[-93.250420000369274,37.100510000326295],[-93.250436000262781,37.100510999811718],[-93.25021899962951,37.100306999906515],[-93.250203999560881,37.100292999906955],[-93.250205000284112,37.100253000303283],[-93.250220000352712,37.099720000058007],[-93.250238999720978,37.099167999773726],[-93.250243999743859,37.099030000148922],[-93.250262000185515,37.09848000031014],[-93.250273000056183,37.098184000101682],[-93.250290999599514,37.097660000353677],[-93.250298999995451,37.097433000093922],[-93.250303000193398,37.097301000207814],[-93.250313000239146,37.097010999748044],[-93.250325999759625,37.095783999941084],[-93.250328000307761,37.095674000165751],[-93.249956999688663,37.095599999810112],[-93.249770999915839,37.09556199969628],[-93.249442999852775,37.09541499967969],[-93.249272999973471,37.095338999963879],[-93.248677999946707,37.095053000255781],[-93.248580999862327,37.094980000285119],[-93.248196999722779,37.094695000217214],[-93.247796999689697,37.09453600016603],[-93.247692000107719,37.09449399982644],[-93.247006999669281,37.094467000107628],[-93.246960999638517,37.094460000285082],[-93.246855000231633,37.094429999707721],[-93.245789999851596,37.094170999985245],[-93.245793000224637,37.094077999879914],[-93.245515000390299,37.093979000081575],[-93.245368000077207,37.093979000081575],[-93.244407000352552,37.09450500005412],[-93.243916999907782,37.094575000358191],[-93.243869000227207,37.094710999658616],[-93.243705000195675,37.095158999842567],[-93.243819999823415,37.095478000131173],[-93.243778999815518,37.095599000259902],[-93.243655999791883,37.095851999969874],[-93.243526000095542,37.09606499988638],[-93.243449000102643,37.096105000268118],[-93.24337899978245,37.096199000293971],[-93.243429000011147,37.096385999739418],[-93.243401000422054,37.096582999828499],[-93.243030999627905,37.096573000156397],[-93.242970000426837,37.096587000126917],[-93.242906999779336,37.096595000006516],[-93.242844000030146,37.09659800005074],[-93.241977999841737,37.096588999917785],[-93.24146800020381,37.096591999962179],[-93.241248000095766,37.096596000260114],[-93.241129000270092,37.096599000304295],[-93.241052000277207,37.09659800005074],[-93.241052000277207,37.096545000207612],[-93.240832000169178,37.096531000229383],[-93.240851000435754,37.095720000195463],[-93.240218999700758,37.095704999799402],[-93.240139000233128,37.095702999985221],[-93.237116000418794,37.095637000355239],[-93.23663299964673,37.095618999859937],[-93.236646999890425,37.095158000286538],[-93.236647999715345,37.095137000292034],[-93.234512999830699,37.095069999895323],[-93.233013000155808,37.095022999913205],[-93.232326999892464,37.095001999881227],[-93.232080999845167,37.094993999833434],[-93.231904000293156,37.093287000318476],[-93.231895999897247,37.092736000045981],[-93.231895999897247,37.092631999831191],[-93.231818999904362,37.092629000346498],[-93.231807000208775,37.092629000346498],[-93.231761000178025,37.092626999734563],[-93.231527999651206,37.092619000152588],[-93.231510999932766,37.092619000152588],[-93.231211000357121,37.092610000263505],[-93.231012999990412,37.0926039998592],[-93.23094100002038,37.092600999656852],[-93.230754000422621,37.092594999968391],[-93.22960299982887,37.092558999677806],[-93.227873999825107,37.092505999875783],[-93.226744000046054,37.092491000276596],[-93.225888999728326,37.092479000165184],[-93.225461999931042,37.092474000058516],[-93.225595999825373,37.092659000203838],[-93.225718000024088,37.09282299997826],[-93.225995000033521,37.093087999658827],[-93.226108999836342,37.093174999903489],[-93.226759999939603,37.093669999987704],[-93.226879999590196,37.093769999764099],[-93.227390000126448,37.094169999699631],[-93.227545999762043,37.094275000237438],[-93.227422999738408,37.097728999653903],[-93.227419000438758,37.097934999807805],[-93.226580000014536,37.097915000102581],[-93.22591100036793,37.097898999904757],[-93.225507000136901,37.097888999689829],[-93.22429199996904,37.097859999990526],[-93.224230999869661,37.097858000233209],[-93.224245000113356,37.097178999685127],[-93.224245999938276,37.097129000271657],[-93.223821999615751,37.09712000020177],[-93.223859000323984,37.096132000119795],[-93.223896000133919,37.095136000019181],[-93.222993000135588,37.095115000018588],[-93.222972000219187,37.095115000018588],[-93.222969999671037,37.095182999931225],[-93.222952000127719,37.095962999748792],[-93.222951000302785,37.095976999831962],[-93.222766000354852,37.09597199995612],[-93.219480999701389,37.09588699986606],[-93.219309999997165,37.095880999721253],[-93.219033999812652,37.095874000029333],[-93.218385000257555,37.095858999663825],[-93.218379000409755,37.09628200023505],[-93.218375000211793,37.096528999720469],[-93.218371000013832,37.096803999697116],[-93.218369000364007,37.096932000169154],[-93.218362999617923,37.097289000141608],[-93.218356999770123,37.09771000013324],[-93.218352999572176,37.09796799970389],[-93.218349000272539,37.098224000081281],[-93.218348000447619,37.098303999977041],[-93.216883999859419,37.098259000314734],[-93.215427999667128,37.098213999909255],[-93.213970999649931,37.098169000193501],[-93.209371999992712,37.098070000008306],[-93.20925999983973,37.098070000008306],[-93.20925999983973,37.098630000075964],[-93.209249999793968,37.09906000033795],[-93.209243999946182,37.099196000186119],[-93.209242000296371,37.099266999957109],[-93.209233999900448,37.099500999811298],[-93.209229999702487,37.09963000023933],[-93.209224999679606,37.099891000350318],[-93.209222000204889,37.100099000055714],[-93.209209999611005,37.100829999777581],[-93.209202999938313,37.101341000195994],[-93.209202000113393,37.101379000277305],[-93.209180000372086,37.102969999961338],[-93.209170000326353,37.103319999702933],[-93.213706000234382,37.10339200007148],[-93.213726000325863,37.1022550001098],[-93.213947000258813,37.102260999749873],[-93.217328000273426,37.102363000006058],[-93.21827099955641,37.102393000308105],[-93.21825399983797,37.103164999791687],[-93.219000000375772,37.103186999877018],[-93.219295999753456,37.103189000210072],[-93.222579999683717,37.103280000264618],[-93.226466000211715,37.103386999968514],[-93.227477000165081,37.103415000254394],[-93.229987999793337,37.103481999719548],[-93.230068999984198,37.103482999882161],[-93.232223000135392,37.103583999764489],[-93.232224999785217,37.103645999710693],[-93.232269999991061,37.104054000332518],[-93.23243999987038,37.105293999831098],[-93.232536000129826,37.10599600012165],[-93.232512999665303,37.106692999752461],[-93.232502999619555,37.106807999884055],[-93.232517999688156,37.106884000273837],[-93.232526000084093,37.106960999987734],[-93.232538999604571,37.107120999868627],[-93.232553999673172,37.107282000240389],[-93.232569999566721,37.107423000209231],[-93.232651999582458,37.108063000248372],[-93.23266199962822,37.108233000233994],[-93.232663000351437,37.108276000220464],[-93.232745000367203,37.108812000002196],[-93.2328010004437,37.108925000316745],[-93.232942000010695,37.109208999779625],[-93.23294399966052,37.10923599997583],[-93.232988000041445,37.109650000346043],[-93.23302200037665,37.110029000091949],[-93.233020999653419,37.110058000147454],[-93.232996000437382,37.110441000283892],[-93.232972999972844,37.110714999838223],[-93.232998999912098,37.110875999733601],[-93.233024000026461,37.111022999837438],[-93.233152000072977,37.111809000214741],[-93.233202000301702,37.112032000178665],[-93.23326199967785,37.112298000054139],[-93.233364999610018,37.112756999834218],[-93.233374999655751,37.112843999698924],[-93.233423000234637,37.113275000255328],[-93.233427000432599,37.11330599985007],[-93.233388000074541,37.11347300015229],[-93.233347999891564,37.11365699985295],[-93.233260000028011,37.11404399978862],[-93.233243000309585,37.114131000323674],[-93.233271999723584,37.114401000063339],[-93.233285000142374,37.114530000188033],[-93.233331999998029,37.114973999886885],[-93.233348999716469,37.115037999841789],[-93.233532999839497,37.115695000022313],[-93.233713999589455,37.116343000297704],[-93.233798000153357,37.116645999667668],[-93.233862999552358,37.116878000301803],[-93.233993999971943,37.117851000254248],[-93.234060999919095,37.118344000337309],[-93.234039000177773,37.118344000337309],[-93.233993999971943,37.118341999688191],[-93.233859000252735,37.118336999855906],[-93.233759999620219,37.118333999956342],[-93.233788999932543,37.118374000039701],[-93.233870000123375,37.118486999695357],[-93.233930000397834,37.118570000285885],[-93.234025999758998,37.118703000317467],[-93.23404599985048,37.118731999916278],[-93.234106000124953,37.1188130003178],[-93.234128999691151,37.118845999713749],[-93.234198000186453,37.119358000306327],[-93.234102999751897,37.119412999850638],[-93.233930000397834,37.119513999977713],[-93.233845999833932,37.119562999707135],[-93.23384500000904,37.119598000108397],[-93.233843000359201,37.119732999662723],[-93.23383900016124,37.120034999847448],[-93.232891999781984,37.120004000142515],[-93.232659999978395,37.119996999814553],[-93.232454000114075,37.11999000020225],[-93.232198000021029,37.119981999928285],[-93.231353999573926,37.119960999652712],[-93.230980000378437,37.119439000038071],[-93.230551000033046,37.119659999838078],[-93.230130999908468,37.119122000284257],[-93.229698000263411,37.119344000246599],[-93.229264999720073,37.119567000224521],[-93.22883200007503,37.119789000314491],[-93.228909000067929,37.119888000047979],[-93.228916999565527,37.11990299995287],[-93.227519999822789,37.119870000301404],[-93.227404000370143,37.119834000079166],[-93.227036000124102,37.11982100005438],[-93.227000999964019,37.119820000107474],[-93.225276999983137,37.119766000090159],[-93.224943999897192,37.119752000105933],[-93.224749999728431,37.119745999702573],[-93.224307000037655,37.119731999714652],[-93.223706999988025,37.119713999930987],[-93.222491999820164,37.119671999941652],[-93.222477999576469,37.120378999880437],[-93.22246500005599,37.121231000144803],[-93.22246500005599,37.121858999766204],[-93.222470000078857,37.121995000220601],[-93.222415999652171,37.124739000290631],[-93.222413000177454,37.126168000002963],[-93.22236700014669,37.126194999881669],[-93.219674999870165,37.127950999826375],[-93.219458000135162,37.128095000211921],[-93.21861700006113,37.128643000188376],[-93.217847000132195,37.129713999998188],[-93.217637999894819,37.130007000009954],[-93.216093999838975,37.132157999783203],[-93.215168000274446,37.133448999854842],[-93.2151940002137,37.133509000165787],[-93.215283999727077,37.133713000150763],[-93.215178000320179,37.133752000222223],[-93.21514900000787,37.133771999773607],[-93.21503900040301,37.133884000314794],[-93.214778000287097,37.134132999862594],[-93.214475000338396,37.134737999885253],[-93.214224000268231,37.1349640003004],[-93.214183000260348,37.1350059996821],[-93.214031999749295,37.135238999647939],[-93.214003000335296,37.135315999887673],[-93.213933000015089,37.13542199969897],[-93.213897999855007,37.135574000250116],[-93.213890000357395,37.135626000255506],[-93.213886999984339,37.135651000148926],[-93.213887999809259,37.135676000034138],[-93.213887999809259,37.135687999746935],[-93.213886000159434,37.135700999911101],[-93.213881999961473,37.135713000336033],[-93.213873999565564,37.135768999906936],[-93.213888999634165,37.135798000128837],[-93.213902999877874,37.135823999700918],[-93.213906000250915,37.135855999823093],[-93.213910000448877,37.135882000091399],[-93.213912999923608,37.135909000085128],[-93.213907000075835,37.135935000335273],[-93.213903999702779,37.135960999860281],[-93.213897000030087,37.135987999825829],[-93.213887999809259,37.136014000048824],[-93.213887999809259,37.136040999995458],[-93.213887999809259,37.136115000224194],[-93.213800999770612,37.136730000253898],[-93.213723999777727,37.13715300027561],[-93.213737000196517,37.13717900009825],[-93.213738000021422,37.137204999911908],[-93.213743999869209,37.137230999716628],[-93.213758000112918,37.137257999945099],[-93.213768000158652,37.137283999731601],[-93.213784999877092,37.137308000077503],[-93.213804999968573,37.137330999984087],[-93.213847999626282,37.137391999795867],[-93.213855000197299,37.137418000252467],[-93.213881000136553,37.137438999981256],[-93.213901000228049,37.137456999846421],[-93.213927999992222,37.137481000137434],[-93.213958000129466,37.137493999993467],[-93.213980999695679,37.137514999701168],[-93.214004000160216,37.137536000119127],[-93.214020999878642,37.137559999668944],[-93.21403099992439,37.137586000067806],[-93.21404799964283,37.137610000317899],[-93.214073999582098,37.137628000142385],[-93.21409399967358,37.137650999951681],[-93.214117999963022,37.137675000181154],[-93.21414100042756,37.137695999838556],[-93.214163999993772,37.137717000206329],[-93.214180999712212,37.137740999698728],[-93.214188000283215,37.137767000035382],[-93.214194999955936,37.137792999646969],[-93.214215000047403,37.137816999831344],[-93.214240999986686,37.137835000322767],[-93.214263999552898,37.137858999777684],[-93.214283999644366,37.137882000232892],[-93.214303999735876,37.137905999672952],[-93.214323000002437,37.137932999660528],[-93.214336000421213,37.137951000124296],[-93.214353999964572,37.137976999672645],[-93.214368000208268,37.138005999764339],[-93.214390999774494,37.138029999881148],[-93.214418000436993,37.138048000321845],[-93.214441000003205,37.138068999875763],[-93.214451000048967,37.138095000099689],[-93.214455000246929,37.13812200001982],[-93.214455000246929,37.138151000055878],[-93.214461999919607,37.13817700025163],[-93.214478999638047,37.13820299972231],[-93.21450200010257,37.138223999949346],[-93.214514999623063,37.13825000012001],[-93.214518999821024,37.138276999984811],[-93.214532000239814,37.138303000137256],[-93.21454899995824,37.138327000159848],[-93.214559000003987,37.138378999705367],[-93.214599000186965,37.138428999812987],[-93.214635999996872,37.13847699977071],[-93.214646000042634,37.138502999854424],[-93.214652999715312,37.1385289999292],[-93.214652999715312,37.138555999694432],[-93.214666999959036,37.13858199975099],[-93.21467700000477,37.138607999798623],[-93.214690000423559,37.138635000251732],[-93.21469399972321,37.138661000281147],[-93.214697000096237,37.138695999728242],[-93.214697999921157,37.138725999957543],[-93.214697999921157,37.138766000006051],[-93.214687999875423,37.1387929996867],[-93.214675000354944,37.138822000181676],[-93.214642999669579,37.138869999890048],[-93.214626999776058,37.138895999838695],[-93.214620000103352,37.138923000189024],[-93.214604000209846,37.138949000119453],[-93.214594999989004,37.138975999734789],[-93.214584000118336,37.139008999649384],[-93.214555999630932,37.139049999957251],[-93.214506000300531,37.139073999742912],[-93.214476999988221,37.139087000041336],[-93.214451000048967,37.139108000022979],[-93.214437999630178,37.139135000297642],[-93.214411999690896,37.139152999759332],[-93.214381999553652,37.139172000340146],[-93.214345999568664,37.13918799969489],[-93.214317000154651,37.139200999973774],[-93.214297000063169,37.13922499971148],[-93.214281000169649,37.139249000157747],[-93.214251000032419,37.139265000212269],[-93.214227999567882,37.139288999929718],[-93.214185999735093,37.139313000355635],[-93.214159999795811,37.13933200018019],[-93.214143000077371,37.139355999876393],[-93.214123999810795,37.139378999876477],[-93.214097999871541,37.139397999684455],[-93.214061999886525,37.139422999763717],[-93.21390899972566,37.139419000295831],[-93.213811999641266,37.139417000203728],[-93.213588000233599,37.139408999834934],[-93.213142999994673,37.139392999810809],[-93.208662000338236,37.13924700006114],[-93.208531999743585,37.139245999654811],[-93.208511999652075,37.139244999964539],[-93.208485999712835,37.140123000061372],[-93.208467000344569,37.140743999905816],[-93.208450999552724,37.141268999803643],[-93.208423999788536,37.142190999749403],[-93.208413999742803,37.142522000339774],[-93.208427000161606,37.142512000289088],[-93.208438000032231,37.142500999873732],[-93.208443000055112,37.142486999798493],[-93.208448000077993,37.142474000084363],[-93.20845399992578,37.142460000004128],[-93.208454999750685,37.1424459999213],[-93.208454999750685,37.142431999835871],[-93.208455999575591,37.142417000099513],[-93.208457000298807,37.142403000008727],[-93.208458000123741,37.142388000266614],[-93.208459999773552,37.142364999749248],[-93.208463000146608,37.142350999648841],[-93.208463999971514,37.142337000261932],[-93.208468000169475,37.142323000156338],[-93.208474000017247,37.142309999697879],[-93.208479000040128,37.142296000303389],[-93.208484000063009,37.142253000305544],[-93.208494000108757,37.142241999852573],[-93.208503000329586,37.142229000096293],[-93.208508000352438,37.142216000337832],[-93.208510000002263,37.142200999842537],[-93.208510999827183,37.142169999907551],[-93.208511999652075,37.142155000119232],[-93.208515999850036,37.142140999979951],[-93.208523000421053,37.14212800020637],[-93.208531999743585,37.142116000082844],[-93.208542999614224,37.142103999957406],[-93.208550000185241,37.142070000307847],[-93.208539000314587,37.142058000175119],[-93.208539000314587,37.142044000017883],[-93.208540999964399,37.14202999985806],[-93.208554000383188,37.142019999742331],[-93.208560000230975,37.142006999947945],[-93.208566000078761,37.141992000127303],[-93.208573999576373,37.141979999982198],[-93.208576999949415,37.141965000156205],[-93.208581999972296,37.141952000352369],[-93.208590000368204,37.141938999830202],[-93.208593999667855,37.141924999650939],[-93.208595000391085,37.141911000185196],[-93.208597000040896,37.141878999759804],[-93.208597999865816,37.141865000285485],[-93.208598999690736,37.141849000064781],[-93.20860899973647,37.141838000269111],[-93.208617000132392,37.141824999727348],[-93.208622999980165,37.141811999899403],[-93.20862600035322,37.14179700004015],[-93.20862499962999,37.141782999834611],[-93.208622999980165,37.141753999758642],[-93.208622999980165,37.141726000045111],[-93.208622000155259,37.14171100016879],[-93.208618999782203,37.141667999838404],[-93.208619999607123,37.14165400032504],[-93.208621000330339,37.141638999718353],[-93.208622000155259,37.141625000199667],[-93.208636000398954,37.141577000091097],[-93.208642000246755,37.141564000220583],[-93.208653000117394,37.141552000007579],[-93.208663999988048,37.141539999792677],[-93.208675999683621,37.141528999952122],[-93.20868800027749,37.141516999733568],[-93.208695999775088,37.141505000229202],[-93.208704999995931,37.141492000346318],[-93.208721999714371,37.141474000008998],[-93.208746000003828,37.141374999867381],[-93.208865999654407,37.141106000050783],[-93.208879000073196,37.141089000003632],[-93.208886999570808,37.141076000049203],[-93.20889699961657,37.141065000141118],[-93.208905999837384,37.141052999849009],[-93.208913000408401,37.141039999888392],[-93.208924000279055,37.141024000209285],[-93.208930000126841,37.14101100024368],[-93.208936999799533,37.1409980002759],[-93.208946000020347,37.140985999973111],[-93.208957999715935,37.140973999668468],[-93.208968999586574,37.140962999745554],[-93.208982999830283,37.140944999998453],[-93.208991000226206,37.140931000351287],[-93.209003999746685,37.140921999758383],[-93.209013999792418,37.140910000159643],[-93.209018999815299,37.140897000174498],[-93.20901799999038,37.140882000133757],[-93.209024999663086,37.140869000143802],[-93.209038999906781,37.140858000205618],[-93.209049999777434,37.140847000265843],[-93.209060999648088,37.140834999939095],[-93.209074000066877,37.140824999665384],[-93.209088000310587,37.140817999831043],[-93.209104000204107,37.140810999996056],[-93.209118000447816,37.140802999774628],[-93.209134000341336,37.140795999938256],[-93.209166999953297,37.140784999989464],[-93.209183999671737,37.140780000207492],[-93.209197999915432,37.140771000312732],[-93.209212000159141,37.14076300008707],[-93.209228000052676,37.140756000247002],[-93.209244999771101,37.140750999747006],[-93.209262000387866,37.140743000235339],[-93.209279000106292,37.140737999734533],[-93.209294999999827,37.140730999892149],[-93.209310999893333,37.140724999719843],[-93.209326999786882,37.140717000205427],[-93.209345000228524,37.140715000147637],[-93.209362999771898,37.140713000089846],[-93.209385000411501,37.140704000187064],[-93.209402000129941,37.140700000070794],[-93.209417000198556,37.140693000224886],[-93.209434999741902,37.14069100016652],[-93.209453000183572,37.14069100016652],[-93.209469999902012,37.140685999662225],[-93.209484000145707,37.140678000143694],[-93.209501999689053,37.140676000084923],[-93.209520999955629,37.140674999697438],[-93.209539000397299,37.140674000026102],[-93.209556999940631,37.140674999697438],[-93.209575000382301,37.140674999697438],[-93.209592999925647,37.140674999697438],[-93.209612000192223,37.140671999967182],[-93.209629999735569,37.140671999967182],[-93.209648000177239,37.140671000295747],[-93.209665999720585,37.140669999908248],[-93.209684000162255,37.140669000236798],[-93.209701999705587,37.140665999790187],[-93.209720000147243,37.140663000059568],[-93.209736999865683,37.140658999941138],[-93.209797999965062,37.140656000210186],[-93.209812000208771,37.140660000328779],[-93.209961999996594,37.140704000187064],[-93.210011000400399,37.140728999834728],[-93.210054000058108,37.140754999860569],[-93.210066999578572,37.140765000143539],[-93.210081999647201,37.140774000039066],[-93.210099000263952,37.140776999765286],[-93.210129000401167,37.140785999659386],[-93.210146000119593,37.140791000157016],[-93.210155000340436,37.140797000324135],[-93.21018700012749,37.140810999996056],[-93.210201000371185,37.140821999941075],[-93.210218000089625,37.14083600032447],[-93.210225999587237,37.140841999771865],[-93.210254000074642,37.140862000313533],[-93.210279000189004,37.140875999973424],[-93.210299000280486,37.140886999908986],[-93.210326000044674,37.140897000174498],[-93.210340000288369,37.140904999669885],[-93.210373999725249,37.140929999967227],[-93.210398000014678,37.140951999821048],[-93.210420999580904,37.140973999668468],[-93.210438000197655,37.140990999741454],[-93.210456999565906,37.141003999710499],[-93.210475999832482,37.141026999925586],[-93.21048699970315,37.141037999839199],[-93.210497999573803,37.141050000133738],[-93.210509000342768,37.141061000043997],[-93.210521000038327,37.141071000286523],[-93.210535000282036,37.141080999811599],[-93.210551000175556,37.141089000003632],[-93.210568999718916,37.14108800033771],[-93.210588999810398,37.141086999955675],[-93.210606000427148,37.141080999811599],[-93.210622000320683,37.141076999715281],[-93.210639000039109,37.141073000334842],[-93.210653000282818,37.141065000141118],[-93.210668000351433,37.141054999897804],[-93.210685999894778,37.1410509998001],[-93.210702999613218,37.141048999751199],[-93.210745000344318,37.141041999937585],[-93.210878000413715,37.141063999758835],[-93.211660999863113,37.140643000181399],[-93.21165099981738,37.140919000037918],[-93.211583000045337,37.143061000042536],[-93.211573999824495,37.14335300029154],[-93.211689000350518,37.143355999915535],[-93.212460000104386,37.143375000156752],[-93.21339700043788,37.143397999650965],[-93.217559000252095,37.143500999977505],[-93.217554000229242,37.143802999841434],[-93.217550999856186,37.143947000134446],[-93.217509000023398,37.14628799990259],[-93.217503000175611,37.146723999884635],[-93.221991000403065,37.146865000144096],[-93.22198999967982,37.146919999747411],[-93.222041999558357,37.147002999945379],[-93.222013000144358,37.149205000253822],[-93.222008000121505,37.149428999867276],[-93.221927999755565,37.152821999982585],[-93.221921999907778,37.153423000018478],[-93.221912999686936,37.154370999649615],[-93.221906000014243,37.155048999744629],[-93.221886999747667,37.155618999827837],[-93.221869000204322,37.156182000065186],[-93.221844000089973,37.156933000122379],[-93.221829999846278,37.157329000067676],[-93.221817000325785,37.157723999924563],[-93.221702999624654,37.15771999999258],[-93.220654000036461,37.157682999716393],[-93.220527999639756,37.157678000335601],[-93.2201779998354,37.157663000043335],[-93.219950000229773,37.157713999736167],[-93.217141999602276,37.157616000253917],[-93.215272000031504,37.157550000180287],[-93.215129999741293,37.157545000074748],[-93.215124999718412,37.157647000301111],[-93.21511999969556,37.157763999949054],[-93.214971999557534,37.15775899985767],[-93.213829000258016,37.157714999898239],[-93.212784999794394,37.157677000173003],[-93.212862999612184,37.158512000303155],[-93.21294499962795,37.159391000243083],[-93.212951000374062,37.15945999984234],[-93.213004999902424,37.160046000271187],[-93.213180999629515,37.160227000184193],[-93.213850999999337,37.160919999673744],[-93.214020999878642,37.161095999771071],[-93.214015999855775,37.161304000268956],[-93.214257999705112,37.1613110003549],[-93.214275000321862,37.161311999753508],[-93.214276000146768,37.161248000273808],[-93.214295000413344,37.160360000022074],[-93.214297999888075,37.160237000040212],[-93.214539999737411,37.160244000224964],[-93.214763000218497,37.160250999693197],[-93.215137000312311,37.160261999674397],[-93.215128999916374,37.160794999644537],[-93.215126000441657,37.161026000114965],[-93.215123000068587,37.161205000313331],[-93.215118000045734,37.161336000349806],[-93.215431000040169,37.161344999945044],[-93.215990000081916,37.16136299984823],[-93.21708899989882,37.161392000279761],[-93.217083999875953,37.16161899991603],[-93.217063999784472,37.162200000276066],[-93.217048999715843,37.162704000265975],[-93.217040000393354,37.163032999659563],[-93.217022999776589,37.163496999988894],[-93.217013999555761,37.163782000218568],[-93.216985000141747,37.164577000228164],[-93.217002999685093,37.164578000299471],[-93.216986999791587,37.165258999956976],[-93.216888000057381,37.165273000111597],[-93.216899999752926,37.16534999984173],[-93.216913000171715,37.165474000153367],[-93.216903999950887,37.165916000070972],[-93.21689899992802,37.166114999732535],[-93.216893000080248,37.166388000261165],[-93.216887000232461,37.166661999847385],[-93.21688100038466,37.166936999911975],[-93.216862999943018,37.167764999915896],[-93.216862000118098,37.167835999801746],[-93.216857999920137,37.168046999724048],[-93.216851000247459,37.168310000213772],[-93.216845000399672,37.168616999869904],[-93.216840000376791,37.16885700018981],[-93.216863999767909,37.168899000077921],[-93.216861000293193,37.168957000157761],[-93.216687000215913,37.168948000037233],[-93.215960999769592,37.168912000260143],[-93.215899999670242,37.168910000232266],[-93.215769999973887,37.168910000232266],[-93.21571999974519,37.168900000092044],[-93.215665000391908,37.168887999922035],[-93.215503000010202,37.168853000131051],[-93.215448999583515,37.16884199996845],[-93.214778000287097,37.168969000316864],[-93.214687000050503,37.168967000290451],[-93.21448500038413,37.168960000197714],[-93.214119999612848,37.168949000050702],[-93.213886000159434,37.168941999956253],[-93.213887999809259,37.168804000110185],[-93.213888999634165,37.168737999783467],[-93.213893999657046,37.168500999859653],[-93.213895000380276,37.168431999923364],[-93.213900000403129,37.16815700028792],[-93.213900000403129,37.16811399996292],[-93.21390500042601,37.167839999914293],[-93.213906000250915,37.167809999780722],[-93.213911000273797,37.167536000061546],[-93.213914999573433,37.167263000100583],[-93.213917000121569,37.167163000038556],[-93.213917999946489,37.167107000089146],[-93.213919999596314,37.166987999790514],[-93.213924999619167,37.166743999807323],[-93.213924999619167,37.166712999911496],[-93.213929999642062,37.166437999747686],[-93.213933000015089,37.166241000319289],[-93.213934999664914,37.166163000014905],[-93.213939999687796,37.165887999997366],[-93.213943000060851,37.165678999887518],[-93.213943999885757,37.165612999695057],[-93.213944999710662,37.165521000068196],[-93.213957000304546,37.165280999891962],[-93.213897999855007,37.165278999767999],[-93.212961000419796,37.16524699992469],[-93.212730000441113,37.165240000203212],[-93.212650000075172,37.165230000293228],[-93.211963999811829,37.165215000067839],[-93.211720000312667,37.165209999753415],[-93.211579999672267,37.165209999753415],[-93.209980000438264,37.165180000007531],[-93.209905000095176,37.165177999880889],[-93.209219999656753,37.165160000170367],[-93.20898799985315,37.165150000249746],[-93.208750000201789,37.165140000327852],[-93.208292000442384,37.165126000148661],[-93.208059999740485,37.165119999764229],[-93.208022000105643,37.165118000351868],[-93.208017000082762,37.165055999929422],[-93.208017000082762,37.165034999994198],[-93.208017999907696,37.164762000305238],[-93.208018999732587,37.164515000077856],[-93.208019999557507,37.164267999759154],[-93.208021000280723,37.163972999853954],[-93.208022999930549,37.163614999973198],[-93.208022999930549,37.1634779997922],[-93.20802499958036,37.163010999786131],[-93.20802700012851,37.162465999933822],[-93.208028999778321,37.161894999823225],[-93.208032000151377,37.161176999926312],[-93.208032000151377,37.161131999691676],[-93.208032999976297,37.160873999881737],[-93.208033999801202,37.160598999950025],[-93.208034999626122,37.160409999916737],[-93.208034999626122,37.16032300032213],[-93.208036000349338,37.160019999718052],[-93.208037000174258,37.159650000239608],[-93.208037999999164,37.159484999733536],[-93.207591000110412,37.159473000216359],[-93.207007999779236,37.159458000280267],[-93.205879999650008,37.159427999683267],[-93.205893000068812,37.160426999916353],[-93.20589999974149,37.160937999678083],[-93.205902000289626,37.16107400004978],[-93.205791999786456,37.16107099969679],[-93.205789000311725,37.161429000172376],[-93.205785000113764,37.161894999823225],[-93.205785000113764,37.16197900015527],[-93.205781999740708,37.162391999713961],[-93.205780000090883,37.162623000315278],[-93.205776999717841,37.163034999842978],[-93.205773000418191,37.163515000095472],[-93.205771999694974,37.163644000256618],[-93.205770999870069,37.163799000175722],[-93.20560099999075,37.163783999666265],[-93.205468999746273,37.163773000197587],[-93.205375000034934,37.163740000350167],[-93.204769999962451,37.163707999855326],[-93.204697999992419,37.163774999645575],[-93.204697999992419,37.163787999993332],[-93.20424699990572,37.163783000300342],[-93.203990999812675,37.163880000297901],[-93.203760999658925,37.163967000093876],[-93.203624000289864,37.164068000167497],[-93.203620999916822,37.164432999847087],[-93.203620000091902,37.164537000229402],[-93.203604000198396,37.164560999801701],[-93.203589999954687,37.164615000064259],[-93.203608000396358,37.164681999766387],[-93.203620999916822,37.164792000217027],[-93.203618000442091,37.164836000352437],[-93.203615999893955,37.164933999781027],[-93.20364699985609,37.16493499984761],[-93.203855000268561,37.164942999663758],[-93.204470000386806,37.164970000021363],[-93.204802999574397,37.164978999899759],[-93.204840000282644,37.164979999965745],[-93.205119999766808,37.164989999908805],[-93.205267999904805,37.164995000237781],[-93.205642999823539,37.165007999659814],[-93.205636999975766,37.165098999846784],[-93.205631999952885,37.165367000162028],[-93.205631999952885,37.165392000247174],[-93.205627999754938,37.165600999718983],[-93.205626000105113,37.16566599986502],[-93.205622999732057,37.165837000092395],[-93.205621000082232,37.165940999974467],[-93.205619000432407,37.166070000290176],[-93.205616000059365,37.166215999799164],[-93.205614000409554,37.166303999818062],[-93.205610000211564,37.166490000008963],[-93.205610000211564,37.166537000007835],[-93.205605000188712,37.166773000321868],[-93.20560000016583,37.167005999781537],[-93.20560000016583,37.167038000311805],[-93.205595999967883,37.167239999990656],[-93.205595000142978,37.167312999724075],[-93.205589000295177,37.167587000251707],[-93.205587999571961,37.167640999783977],[-93.205841000190262,37.167707000352905],[-93.206104999780891,37.167776000235307],[-93.206221999956767,37.167936999715906],[-93.206293999926785,37.167906000309429],[-93.206370000094765,37.167881000340088],[-93.206534999951202,37.167830999660737],[-93.206589000377889,37.16781800000841],[-93.206514000034829,37.167713999845851],[-93.206764000280074,37.167422999924618],[-93.20683000040232,37.167346000158972],[-93.206857999991414,37.167272999741577],[-93.206862000189375,37.16725899995749],[-93.206868000037147,37.167214999800997],[-93.206867000212227,37.167171000334733],[-93.206858999816319,37.167127000127003],[-93.206832000052131,37.167039000350542],[-93.206827999854184,37.167022999729383],[-93.206806999937783,37.166954999915149],[-93.206785000196462,37.166879999754322],[-93.206769000302941,37.166804000193096],[-93.206765999929885,37.166788000238036],[-93.206756999709071,37.16671600004053],[-93.206753000409421,37.166642999730456],[-93.206754000234326,37.166570000065718],[-93.206872000235109,37.166572000155526],[-93.207288000161711,37.166578999753639],[-93.20744499962224,37.166585000022245],[-93.20807399998418,37.166592000334965],[-93.208068999961299,37.166677999829105],[-93.208054999717604,37.166962000193593],[-93.208047000219992,37.167106000051355],[-93.20804300002203,37.167195999823093],[-93.208034999626122,37.167351000332069],[-93.20802700012851,37.167502999709612],[-93.20800799986192,37.167877000229709],[-93.207996999991281,37.168100999643421],[-93.207987999770452,37.16827900024451],[-93.20796299965609,37.168754000041467],[-93.208428999811417,37.168779999737723],[-93.208751000026695,37.168789999893832],[-93.209859999889346,37.168824999713941],[-93.211008000110056,37.168862000262934],[-93.211347999868664,37.168872999706821],[-93.212399999829913,37.168906000176307],[-93.212318999639066,37.172566000038366],[-93.213450999966241,37.172602000222106],[-93.214583000293445,37.172636999708196],[-93.214564999851774,37.17336000002782],[-93.214529999691678,37.174801000274101],[-93.214504999577315,37.17580099979758],[-93.214420999911724,37.175798000029275],[-93.213840000128684,37.17578099990822],[-93.21381300036451,37.175779999985167],[-93.21381099981636,37.175842000198486],[-93.213804000143668,37.176167999905701],[-93.213801999595532,37.176218999996109],[-93.213801999595532,37.176270000052092],[-93.213820000037188,37.176270000052092],[-93.213902000052954,37.176271999885202],[-93.213963999977238,37.176273999718219],[-93.214193000306096,37.176281999765528],[-93.214420000086818,37.176289999812049],[-93.214575999722427,37.17629400019284],[-93.215489999591412,37.17632000015778],[-93.215725999592962,37.176322999905402],[-93.216109999732524,37.176330000031804],[-93.216240000327176,37.176333999694705],[-93.21663000031451,37.17634600011376],[-93.216760000010851,37.176349999775873],[-93.216756999637795,37.176394000339371],[-93.216751999614928,37.176528000270906],[-93.216750999790008,37.176572999927529],[-93.216739999919383,37.176820000110311],[-93.216734000071582,37.177262000230151],[-93.216729999873621,37.177669999807364],[-93.216724000025835,37.177956000162077],[-93.216719000002982,37.17820400000862],[-93.216579000260879,37.178198999837917],[-93.215335999605614,37.17815999978356],[-93.215288999749959,37.179785999891259],[-93.215283999727077,37.179979000323989],[-93.214850000257115,37.179959999976916],[-93.214355999614398,37.179943999944626],[-93.213919999596314,37.179929999645196],[-93.213849000349526,37.179929999645196],[-93.213855000197299,37.180158000006436],[-93.213830000082936,37.181265000011095],[-93.213816999664147,37.181758999662534],[-93.213456999814028,37.181747999947426],[-93.213142000169768,37.181738000074859],[-93.213147000192635,37.181521999785261],[-93.213152000215516,37.181292000262417],[-93.212137000064175,37.181269000128452],[-93.212120000345749,37.182149999882164],[-93.212118999622533,37.182162000092987],[-93.212118999622533,37.18219899983653],[-93.212118999622533,37.182211999877502],[-93.212117999797613,37.182260999791637],[-93.212116000147773,37.182408999894314],[-93.212116000147773,37.182459000230978],[-93.212113999599651,37.182559000089356],[-93.212113999599651,37.182584000212202],[-93.212906999993109,37.182605000280333],[-93.212907999818029,37.182982999793055],[-93.212905000343298,37.183043000166514],[-93.212851999741545,37.183034000292452],[-93.212830000000224,37.183030000268573],[-93.212702999778628,37.183015999825457],[-93.212280000179319,37.182969999884726],[-93.212258000438013,37.182968000228968],[-93.212110000300001,37.182960000174006],[-93.212055000048437,37.183539999817455],[-93.212048000375731,37.18399899968766],[-93.211987000276366,37.187227000265288],[-93.211983000078405,37.187449000027122],[-93.212184999744764,37.187468999689962],[-93.212384999761298,37.187486000043286],[-93.212583999952926,37.187513999985377],[-93.212780999596418,37.187550000202442],[-93.21297499976518,37.187591999718371],[-93.213168000109022,37.187639999954371],[-93.213358000079836,37.187694999948761],[-93.21354499967758,37.187755999921691],[-93.213727999975688,37.18782400033794],[-93.213907000075835,37.187897000221959],[-93.214082999802926,37.18797699979816],[-93.214779999936937,37.188125000150485],[-93.214839000386476,37.188185999776081],[-93.215075000388026,37.188044000254749],[-93.215195999863525,37.187949999789652],[-93.215253999589862,37.187870000184851],[-93.215329999757842,37.187797000274728],[-93.215486000291762,37.187606999795406],[-93.215519999728627,37.187575000104566],[-93.215640000277546,37.187467999921616],[-93.215785999867421,37.187340000125651],[-93.216501000443088,37.18737199991606],[-93.21648999967411,37.187608000277521],[-93.216483000001418,37.187798000038661],[-93.216448999666227,37.188720999813171],[-93.216430000297962,37.189212000125963],[-93.216436000145734,37.189391999854813],[-93.216477000153631,37.191023999809637],[-93.216416999879172,37.192405999810333],[-93.216400999985638,37.193067000220822],[-93.216373000396572,37.193757999713796],[-93.216343000259343,37.194644000274408],[-93.215667000041719,37.194625000038741],[-93.214923000052067,37.194603999734987],[-93.207432000101747,37.194395000346702],[-93.207264999697188,37.194391000208959],[-93.207249999628573,37.194460000050654],[-93.20722000038964,37.19464000014986],[-93.207212999818637,37.194843000120514],[-93.207210000343906,37.194969999694166],[-93.207210000343906,37.195340000113511],[-93.207210000343906,37.195493999749715],[-93.207210000343906,37.195569999788951],[-93.207201999947998,37.195956000351487],[-93.207200000298172,37.196110000162278],[-93.207196000100197,37.19630800007085],[-93.207184000404638,37.19690200025854],[-93.207180000206677,37.197100000236539],[-93.207180000206677,37.19728199975831],[-93.207180000206677,37.197773999846945],[-93.207180000206677,37.197827999984256],[-93.207180000206677,37.197860000338899],[-93.207190000252425,37.198009999897565],[-93.207196000100197,37.198069999780671],[-93.207400000314692,37.198073999723483],[-93.207942999564608,37.198096000120721],[-93.207940000089877,37.198428000262609],[-93.207934000242091,37.199087000240397],[-93.207934000242091,37.199098999906532],[-93.207930999869035,37.199423999798427],[-93.207930999869035,37.199445999802222],[-93.207928000394318,37.199757000145198],[-93.207924000196343,37.200074999994655],[-93.208980000355552,37.200110000346299],[-93.209000000447034,37.20016999999131],[-93.209053999975396,37.200180000285293],[-93.209048000127623,37.200284000115694],[-93.209018999815299,37.200795000076631],[-93.20903600043205,37.200795999668514],[-93.209355000274257,37.200807999778462],[-93.209705000078657,37.200821000193592],[-93.210112999609336,37.200837000096016],[-93.210305999953178,37.201325999725917],[-93.210294000257619,37.20162700009292],[-93.210290999884549,37.201824000263258],[-93.210178999731568,37.201822999969508],[-93.209847000368867,37.201819999803682],[-93.20980800001081,37.201819999803682],[-93.209693000383069,37.201814999765453],[-93.209654999849931,37.20181400018712],[-93.209495999841266,37.201807000276084],[-93.209018999815299,37.201785999823713],[-93.208859999806634,37.201780000204465],[-93.208582999797187,37.201773000290324],[-93.208410000443152,37.201770000122444],[-93.207755000141944,37.201748000080514],[-93.207479999782336,37.201739999868508],[-93.207283000138844,37.201732999950657],[-93.207170000160943,37.20172999978125],[-93.206694999784773,37.20171000031818],[-93.206499999791106,37.20170299968202],[-93.206437999866836,37.201700000226893],[-93.206252000093997,37.201692000009857],[-93.206190000169713,37.201690000134334],[-93.2058369999923,37.201671000240964],[-93.205610000211564,37.201659999848602],[-93.205339999874838,37.201620000164588],[-93.205180000041253,37.201579999743849],[-93.204850000328392,37.201540000017502],[-93.204888999788139,37.201707999727603],[-93.204887999963205,37.201734999825042],[-93.204872000069699,37.202140999701399],[-93.204867999871738,37.202261000008015],[-93.204933999993983,37.202264000156362],[-93.204917000275543,37.203018999825936],[-93.204907000229795,37.203458000351205],[-93.204897000184047,37.203898000020274],[-93.204886000313394,37.204380999725004],[-93.204865000397007,37.20534300032066],[-93.205713000143732,37.205368000055188],[-93.205868999779355,37.205372999857978],[-93.206026999963115,37.205377999660435],[-93.207156999742139,37.205412000168742],[-93.209423000046328,37.205473999667404],[-93.209418999848381,37.206997000277227],[-93.20941499965042,37.208237999812049],[-93.209418000023462,37.209137999877889],[-93.209469999902012,37.209140000271461],[-93.209935000232406,37.209147999699056],[-93.210510000167673,37.209159999911996],[-93.211589999718001,37.209190000078308],[-93.213019999971024,37.209220000232683],[-93.213900000403129,37.209249999659733],[-93.214600000011885,37.209278000115802],[-93.214880000394345,37.209290000308059],[-93.215230000198716,37.209300000109096],[-93.215420000169516,37.209301999782959],[-93.215909999715976,37.209309999908854],[-93.215990000081916,37.209312000297871],[-93.216180000052702,37.209319999707219],[-93.216938000286078,37.209338999821334],[-93.21788999978989,37.209364999856824],[-93.218449999656542,37.209379999900683],[-93.218566000007499,37.209382999766056],[-93.219212000087879,37.209404999728733],[-93.21997000032124,37.209430000263957],[-93.219950000229773,37.209659999934239],[-93.219940000184025,37.210000000060184],[-93.219940000184025,37.21066000005554],[-93.219920000092543,37.21113000005591],[-93.219910999871701,37.211373000296192],[-93.219910000046795,37.211390000274918],[-93.219900000001047,37.212459999642981],[-93.219884999932447,37.212839000079107],[-93.219869999863832,37.213230000323293],[-93.22013199980465,37.213243000029493],[-93.220501999700488,37.213261999871193],[-93.220628000097193,37.213265000297589],[-93.220561000150042,37.216768999813404],[-93.216170000006969,37.216636999947056],[-93.216087000166297,37.216634999752181],[-93.216077999945469,37.217117000109958],[-93.216073999747508,37.217366000194055],[-93.216070000447857,37.217608999664733],[-93.216066000249896,37.217858000270937],[-93.216062000051949,37.218103999821459],[-93.216057000029068,37.218352000149785],[-93.216052999831106,37.218598000235389],[-93.216048999633145,37.218845999655045],[-93.216045000333494,37.219078000081574],[-93.216042999785373,37.219178000082401],[-93.216038999587411,37.219448999697121],[-93.216033999564544,37.219725000051447],[-93.216029000439974,37.220005000322431],[-93.216024000417107,37.22028200012214],[-93.216020000219146,37.220518999938655],[-93.21601699984609,37.220752000269918],[-93.216002999602395,37.221520999979298],[-93.215995000104797,37.222039000098043],[-93.215983000409224,37.222725999668597],[-93.215979000211263,37.222971999795625],[-93.21597099981534,37.22343200027624],[-93.215966999617393,37.223641000086992],[-93.215965999792473,37.223727999717731],[-93.215965999792473,37.223750999792465],[-93.215883999776707,37.223760999822716],[-93.21582799970021,37.223767999843155],[-93.215809000331944,37.223937000138868],[-93.215749000057485,37.223935000137629],[-93.215717000270431,37.223935000137629],[-93.215230000198716,37.223918000124527],[-93.213770999633397,37.223870000066938],[-93.213634000264349,37.223866000060788],[-93.213285000284884,37.223855000042711],[-93.212963999894527,37.223845000024873],[-93.212351000324432,37.223824999985204],[-93.209549000443033,37.223733999737881],[-93.209175000349205,37.223721999697105],[-93.209162999755335,37.223957000148843],[-93.209120000097627,37.225532999992787],[-93.209113000424935,37.225763999903002],[-93.209103000379201,37.226168000017566],[-93.209095999808184,37.226412999679013],[-93.209089999960412,37.226637999966186],[-93.209079000089758,37.227056999795892],[-93.209065999670969,37.227530999738079],[-93.209057000348437,37.227873000046088],[-93.209048999952515,37.228173999661344],[-93.208956000066109,37.231063999742155],[-93.207134000175927,37.231004000344221],[-93.206738000340806,37.2309910001227],[-93.206652000127079,37.234339000242919],[-93.206669999670424,37.234643000085107],[-93.207479999782336,37.234659999826007],[-93.207498000224007,37.234659999826007],[-93.207970000227107,37.234679999852851],[-93.208520999872917,37.234700999732283],[-93.209009999594457,37.234719999890594],[-93.209209999611005,37.234719999890594],[-93.210177000081757,37.234750999762184],[-93.210419999755999,37.234759999907091],[-93.210730000275703,37.23474999990497],[-93.210969999576903,37.234779999907417],[-93.211059999988592,37.234819999892089],[-93.211090000125807,37.234859999855537],[-93.211110000217303,37.234909999779994],[-93.211114000415265,37.235050999960606],[-93.211120000263051,37.235210000060903],[-93.211100000171555,37.23580999990196],[-93.211110000217303,37.23588000033525],[-93.211140000354533,37.23593000029841],[-93.211179999639199,37.23595999983128],[-93.211249999959392,37.235990000067375],[-93.211350000416829,37.235990000067375],[-93.211470000067408,37.235969999672903],[-93.211979999705349,37.235859999911547],[-93.212553999815711,37.235741999807075],[-93.213122999903177,37.235625000078727],[-93.214660000286329,37.235310000127605],[-93.214830000165648,37.235271000253235],[-93.215396999704993,37.23514499969604],[-93.21543699988797,37.235134999744979],[-93.215559000086685,37.235109000009061],[-93.215600000094568,37.23509999990582],[-93.215596999721512,37.235133000040676],[-93.21559099987374,37.235235999762004],[-93.215590000048834,37.235269999687702],[-93.215584000201062,37.235386999967005],[-93.215580000003087,37.23547000024454],[-93.215573000330394,37.235740999963006],[-93.215569999957353,37.235859999911547],[-93.215569999957353,37.235958000148862],[-93.215569999957353,37.236030000125247],[-93.215566999584311,37.236164999895657],[-93.215564999934472,37.236288999789622],[-93.215564000109566,37.236341999705139],[-93.215559999911605,37.236599999895255],[-93.215559999911605,37.237310000067851],[-93.215579000178181,37.237787999904789],[-93.215580000003087,37.23781000016546],[-93.215580000003087,37.237959999691036],[-93.215590000048834,37.238160000262944],[-93.215590000048834,37.238270000244043],[-93.21552800012455,37.238275999822299],[-93.21551200023103,37.238275999822299],[-93.215414000321744,37.238424000233934],[-93.215260000335959,37.238421999901746],[-93.21294499962795,37.238384999825065],[-93.211080999904993,37.238358999779685],[-93.210940000337999,37.238356000351509],[-93.210350000334117,37.23833500005987],[-93.210054000058108,37.23832499981679],[-93.209772999850699,37.238317999717367],[-93.209551000092858,37.238312000142457],[-93.208962999738802,37.238294999794761],[-93.208450999552724,37.238278000158367],[-93.208005000387203,37.238263999950135],[-93.20767999979887,37.238252999886825],[-93.20767899997395,37.238209000332894],[-93.207677000324139,37.238122000245177],[-93.20772699965454,37.237011999931383],[-93.206642000081345,37.237245999907501],[-93.206577999608911,37.237260000304801],[-93.206555999867604,37.238097999734784],[-93.206553000392873,37.238184000038473],[-93.206165000055364,37.238172999963489],[-93.204737000350491,37.238146999844972],[-93.202877999752047,37.238123000057719],[-93.202666000039969,37.238116999752108],[-93.201582000291666,37.238417000143706],[-93.201322999825578,37.238498000330793],[-93.201054000212068,37.238588000118725],[-93.200787000248368,37.238683000255115],[-93.200522999759414,37.238783000005817],[-93.200265999841449,37.23889400031041],[-93.200012000296582,37.239010999971242],[-93.199763999701133,37.239135000189897],[-93.199520000201971,37.239263999906711],[-93.19928099982738,37.239400000117513],[-93.199047000373966,37.239540999766753],[-93.198818999869999,37.239688000048403],[-93.198597000112159,37.23983999970735],[-93.198380000377185,37.239997999931248],[-93.198170000314889,37.24015999968119],[-93.197966000100408,37.240327999928205],[-93.197767999733685,37.240501000135971],[-93.197576999937965,37.240679000270156],[-93.197392999814966,37.240860999804013],[-93.197216000262955,37.241047000138771],[-93.196993999606789,37.241295999879938],[-93.195523000244194,37.243162000347169],[-93.195094999723722,37.24366200024307],[-93.194898999905135,37.243864999911914],[-93.194697000238776,37.244064000099293],[-93.194489999651211,37.244254999766945],[-93.194271000266426,37.244447000109382],[-93.19404899961026,37.244631000008368],[-93.193820000179727,37.244810000124183],[-93.193599000246763,37.24497500013797],[-93.193374000115867,37.245134999763003],[-93.193142000312292,37.24528999974622],[-93.192906000310714,37.245440000118442],[-93.192665000286311,37.245585000194488],[-93.19266100008835,37.245695000066107],[-93.192659000438525,37.2458680001114],[-93.192403000345479,37.246008999817306],[-93.19214200022958,37.24614400030795],[-93.191967000327395,37.246230000012361],[-93.191877999740612,37.246273999889738],[-93.191656999807691,37.246427999973214],[-93.191609999952021,37.246461000154461],[-93.191471999859758,37.246519999705768],[-93.191346000361378,37.246574999694303],[-93.191079000397679,37.246683000153105],[-93.190562000188748,37.246874000333968],[-93.190294000400115,37.246964000131577],[-93.189993999926159,37.247058000027899],[-93.189651999619386,37.247153999907525],[-93.188681999673918,37.247352999990966],[-93.188021000423262,37.247459999646125],[-93.188024999722899,37.247297999855171],[-93.188027000271035,37.247163999694287],[-93.188027000271035,37.247060999824875],[-93.188027000271035,37.247044000020331],[-93.188049000012342,37.246176000192797],[-93.18805800023317,37.24576499990075],[-93.188216000416915,37.238474999747929],[-93.188219999716566,37.238372999970267],[-93.188203999823031,37.238294999794761],[-93.188030999570685,37.238350999873909],[-93.187790000444565,37.238429999799934],[-93.187310000045542,37.238598000326974],[-93.186709999995927,37.238809999708394],[-93.185620000399851,37.239220000227675],[-93.184529999905465,37.239660000153059],[-93.183840000342471,37.239940000068621],[-93.183660000417404,37.239990000199484],[-93.183600000142945,37.239990000199484],[-93.183600000142945,37.240021000049438],[-93.183600000142945,37.240118000097304],[-93.183600000142945,37.240149999680227],[-93.18359699976989,37.240227000297118],[-93.183592999571928,37.240376000236459],[-93.183575999853502,37.241053999984764],[-93.183570000005716,37.241279999975859],[-93.183539999868486,37.24126000026979],[-93.183513000104313,37.241251999956809],[-93.183430000263627,37.241229999985578],[-93.183324999783338,37.241224999698687],[-93.183262000034148,37.241223000155934],[-93.182060000285077,37.241170000096488],[-93.181880000360024,37.241170000096488],[-93.18176999985684,37.241189999826432],[-93.181680000343476,37.241199999689428],[-93.181569999840306,37.241239999843252],[-93.180569999757594,37.24172000003346],[-93.180537000145648,37.241735000079515],[-93.179840000011637,37.242080000315383],[-93.179670000132319,37.242170000117198],[-93.178854000172649,37.242571000311763],[-93.178836999555884,37.242578999769648],[-93.178838000279114,37.242762999938506],[-93.178829000058286,37.243149000076833],[-93.178817000362713,37.24370600018954],[-93.178781000377697,37.24534100033533],[-93.178753999715212,37.246573999993927],[-93.178745000392681,37.246994999973431],[-93.1787460002176,37.247125000232401],[-93.178752000065401,37.24737800010444],[-93.17882599968523,37.247366000251205],[-93.179090000174185,37.247320000200347],[-93.17915700012135,37.247311999815544],[-93.179152000098469,37.247438000056867],[-93.179117999763278,37.248512999809108],[-93.178722999753063,37.248508999680141],[-93.17868500011825,37.249745000108163],[-93.178629999866658,37.251609999820289],[-93.178625999668697,37.251856000092388],[-93.178617000346179,37.252194000231668],[-93.174052999950746,37.253780000050213],[-93.174012999767768,37.255311999664222],[-93.174011999942849,37.255489999850631],[-93.174909999918313,37.255530000284516],[-93.176009999560122,37.255569999982185],[-93.176140000154803,37.255580000082013],[-93.176780000387382,37.255600000277745],[-93.177449999858879,37.255639999938246],[-93.178369999575665,37.255680000292479],[-93.178511999865876,37.255685999914796],[-93.178526000109571,37.255508000191512],[-93.178552000048839,37.254546000176433],[-93.179264000251479,37.254578000068186],[-93.17997499973086,37.254611000255188],[-93.179947000141766,37.255694000125487],[-93.17994499959363,37.255741999941598],[-93.180189999816008,37.255750000146321],[-93.180413000297079,37.255758999928723],[-93.181610000023284,37.255809999867154],[-93.181969999873402,37.255830000001765],[-93.181969000048468,37.255775999912075],[-93.181979999919136,37.255460000226243],[-93.18198999996487,37.255359999723737],[-93.182031999797658,37.254704000314412],[-93.182512000196681,37.254725000334965],[-93.183221000026279,37.25475599984388],[-93.183200000109878,37.255501999839986],[-93.183196999736808,37.255576999909238],[-93.183190999889035,37.255804000254706],[-93.183190000064116,37.255880000315173],[-93.183270000430056,37.255882999760921],[-93.183512000279407,37.255892000242447],[-93.183592999571928,37.255894999687719],[-93.18373999988502,37.255899999716235],[-93.184319000018249,37.255931000171678],[-93.184479999676739,37.255939999932458],[-93.185180000183792,37.255960000032609],[-93.185269999697169,37.255960000032609],[-93.185930000021244,37.255990000172851],[-93.186498000283819,37.256019000011065],[-93.186699999950179,37.256030000341241],[-93.187224999656721,37.256049999702476],[-93.187352999703251,37.256054000146094],[-93.187500000016342,37.256059999738639],[-93.187740000215854,37.256066000045664],[-93.187761999957161,37.256067000335115],[-93.187834999752084,37.25606900019902],[-93.187842000323101,37.255612999830085],[-93.187859999866447,37.254808000052478],[-93.187961000148775,37.250310000160013],[-93.187962999798614,37.250086999752163],[-93.187967999821495,37.249999000134238],[-93.187967999821495,37.249870000199856],[-93.188096999692903,37.249870000199856],[-93.188130000203202,37.249870000199856],[-93.192584000095465,37.249870000199856],[-93.194780000079447,37.249870000199856],[-93.195283000044682,37.249876000284864],[-93.19549999977967,37.249880000341264],[-93.196170000149493,37.249880000341264],[-93.196259999662871,37.249870000199856],[-93.196519999953864,37.249880000341264],[-93.197617000120943,37.249885999710351],[-93.198337999646071,37.249889000109818],[-93.198399999570356,37.249889999766218],[-93.198401000293586,37.249789000078302],[-93.198443000126375,37.248304999972085],[-93.198450999623972,37.247927000104802],[-93.199894000295799,37.247943999710081],[-93.199859000135689,37.249726000161886],[-93.199758999678252,37.249805000321075],[-93.199823000150687,37.249803999948476],[-93.199856999587539,37.249803999948476],[-93.199927999732679,37.249808000008699],[-93.201593000162333,37.249807000351161],[-93.209253999991944,37.249818000158278],[-93.211597000289018,37.249820999845376],[-93.212204999836246,37.249822000217755],[-93.212199999813379,37.250133999912251],[-93.212198000163554,37.250310000160013],[-93.212184999744764,37.251063000193966],[-93.212177000247152,37.251470999854973],[-93.212091000033425,37.25671800005653],[-93.215289999574864,37.256821999874177],[-93.215289999574864,37.256877000207815],[-93.215358000245232,37.256879000050169],[-93.215318000062268,37.259272999953659],[-93.215297999970787,37.260552999793617],[-93.219449999739254,37.260660000006553],[-93.219740000167491,37.260676000085489],[-93.219740000167491,37.259986000297708],[-93.219768999581476,37.256064000181681],[-93.219770000304706,37.255978999836785],[-93.219771000129626,37.255909000195729],[-93.219891999605125,37.255914000223363],[-93.220860999725687,37.255953000141155],[-93.220889000213106,37.254837999936456],[-93.220916999802199,37.253758000161184],[-93.220946000114509,37.252632000250919],[-93.220972999878683,37.251570999799327],[-93.220988999772217,37.250977999926853],[-93.220992000145273,37.250861999895591],[-93.220998999817965,37.250650999738362],[-93.221001000366101,37.250467999886027],[-93.221003000015926,37.250420999934285],[-93.221007000213888,37.250330000324716],[-93.221008000038779,37.250238999890165],[-93.221009999688604,37.250154000123608],[-93.221013999886566,37.250009000258522],[-93.221018000084541,37.24985599999966],[-93.221024999757219,37.249640000156909],[-93.221052000419718,37.24963699974753],[-93.221120000191789,37.249629999983647],[-93.221188999788751,37.249611999668502],[-93.221280000025359,37.249589999992509],[-93.221419999767448,37.249549999980076],[-93.221599999692501,37.249490000279195],[-93.221670000012693,37.249459999695752],[-93.221910000212205,37.249340000102855],[-93.221996000425918,37.249282000278768],[-93.22223999992508,37.249120000114495],[-93.2224309997208,37.248971000300344],[-93.22276499963165,37.248709000147741],[-93.223019999899762,37.248510000069942],[-93.223327000046424,37.248249000137839],[-93.223318999650516,37.248593000198639],[-93.223317000000691,37.248670999727921],[-93.223316000175771,37.248718000056215],[-93.223310000327984,37.24889499970574],[-93.223307999779863,37.248974000021171],[-93.223281000015675,37.250046000349258],[-93.223279000365849,37.250133000259083],[-93.223277999642619,37.25016499988007],[-93.223272999619766,37.250334000357007],[-93.223270999969927,37.250441999718539],[-93.223239000182872,37.251667999997494],[-93.224189999861792,37.251693999741917],[-93.224327000129136,37.251697999701797],[-93.224547000237166,37.25170300000886],[-93.225826999804028,37.251739999982782],[-93.225858999591082,37.251741000329673],[-93.226157000415228,37.251747999897439],[-93.226345999662797,37.251753999832907],[-93.226200999897841,37.251871999896231],[-93.225601999673145,37.252379999767314],[-93.22526600011247,37.252976999937651],[-93.225149999761513,37.253480000034585],[-93.225167000378264,37.253640999798264],[-93.225172000401145,37.253736999871087],[-93.225262999739428,37.254806999746307],[-93.225303999747311,37.255297000175588],[-93.225313999793045,37.255522000056423],[-93.225362000371945,37.25656400026913],[-93.225364000021756,37.256599999718311],[-93.225461000106151,37.257420999706802],[-93.225569000061171,37.257806999833775],[-93.225747000336412,37.258317000243203],[-93.225851000093471,37.258567999915563],[-93.226143000171533,37.259099999942705],[-93.22633700034028,37.259513000195305],[-93.226816999841006,37.260629000067389],[-93.227750999801458,37.260904999814755],[-93.228047000077467,37.260913999696243],[-93.228269999660228,37.260920000331581],[-93.228420000346389,37.260920000331581],[-93.228843999770575,37.260927999986379],[-93.228929999984302,37.26092999972122],[-93.228990000258776,37.26092999972122],[-93.22904999963491,37.260939999824458],[-93.23021999959694,37.260960000026948],[-93.230603999736488,37.260971999859933],[-93.233372000181006,37.26106600015359],[-93.233377000203888,37.260987999872548],[-93.233381000401849,37.260875000202049],[-93.233408999990942,37.259622999752594],[-93.233932999872579,37.259640999820839],[-93.236036999795061,37.25971100028373],[-93.236846000082068,37.259740000119344],[-93.23685199992984,37.259344999820492],[-93.236888999739762,37.257774999883644],[-93.236892000112803,37.257656999771193],[-93.236896000310765,37.257518000237852],[-93.236326000398378,37.257499000106783],[-93.235534999654718,37.25747300022077],[-93.235537000202854,37.257323999765902],[-93.235568999989908,37.255809999867154],[-93.23559099973123,37.254383000293146],[-93.235598000302232,37.253884000348805],[-93.235604000150019,37.25377299995619],[-93.237138000160101,37.253798000084686],[-93.237385000032319,37.25383200021745],[-93.238087000189182,37.253944000125749],[-93.23809800005985,37.253946000045957],[-93.238079999618165,37.254664000156929],[-93.238077000143448,37.254942000204508],[-93.238155999786144,37.254942000204508],[-93.238149999938372,37.255050000110948],[-93.238129999846905,37.255079999898562],[-93.238119999801128,37.255150000309932],[-93.238099999709661,37.255571999859228],[-93.238089999663927,37.255809999867154],[-93.238069999572431,37.256079999806879],[-93.238069999572431,37.25628000019762],[-93.238068999747526,37.256318000354831],[-93.238060000424994,37.256660000192099],[-93.238047999831124,37.257159999898562],[-93.238040000333513,37.257539999743834],[-93.238030000287779,37.257690000039403],[-93.238040000333513,37.258150000322509],[-93.23803299976251,37.2583509997664],[-93.238020000242031,37.258789999991308],[-93.238000000150564,37.259599999897453],[-93.237980000059054,37.260000000045359],[-93.237968000363509,37.260333999892737],[-93.237947000447093,37.260995000011079],[-93.237944999898957,37.261040000068924],[-93.23794099970101,37.261173999859423],[-93.237939999876076,37.261220000031336],[-93.238309999771957,37.261230000096063],[-93.239233999686661,37.261273999793197],[-93.239550000054166,37.261289999741649],[-93.241000000398671,37.261329999955493],[-93.242370000377221,37.261390000236375],[-93.242515000142177,37.261391999958903],[-93.242520000165044,37.261218000304183],[-93.242581000264423,37.258044999930213],[-93.242606000378771,37.258000999776783],[-93.242603999830635,37.257948000077846],[-93.242603999830635,37.25787600030565],[-93.242608000028596,37.257798999847502],[-93.242608999853516,37.2577760001504],[-93.242611000401652,37.25773300010718],[-93.244025999687722,37.257784000139118],[-93.24402499986283,37.257806000282429],[-93.24392699995353,37.261276999739074],[-93.243916999907782,37.261423000298983],[-93.244150000434601,37.261429999682079],[-93.244413000200339,37.261433999839994],[-93.24475999963164,37.261439999718981],[-93.244989999785432,37.261445000094398],[-93.245002000379301,37.261502999849121],[-93.245289000434468,37.261512999876281],[-93.245318999673401,37.262053000086375],[-93.245333999742016,37.26221400011606],[-93.245389999818514,37.262319999907696],[-93.245569999743566,37.262549999846406],[-93.246100000371314,37.263339999788123],[-93.246221999671732,37.263519999973163],[-93.246270000250618,37.263589999690588],[-93.246460000221418,37.263890000193925],[-93.24670000042093,37.264269999687841],[-93.247119999647182,37.264919999833126],[-93.247164000028107,37.264985999710142],[-93.24725199989166,37.265115000212589],[-93.247480000395612,37.265449999703868],[-93.247589000175552,37.265590999938304],[-93.247650000274916,37.265669999903579],[-93.247719999696812,37.265751000107677],[-93.247850000291464,37.265900000335002],[-93.247888999751197,37.26593199969286],[-93.247909999667598,37.265949999683087],[-93.248020000170783,37.265990000281541],[-93.248139999821376,37.266040000284796],[-93.248240000278798,37.266049999709523],[-93.248434000447546,37.266058999691104],[-93.24845000034108,37.266059999847847],[-93.248576999664365,37.266059999847847],[-93.248720999604416,37.266059999847847],[-93.248939999887526,37.266059999847847],[-93.249155999797594,37.266049999709523],[-93.249180000087051,37.266049999709523],[-93.249299999737644,37.266030000143807],[-93.249279999646163,37.265810000280908],[-93.249289999691896,37.26568000009236],[-93.249329999874874,37.26557000008745],[-93.249390000149333,37.26548000035389],[-93.249482000210847,37.265377999953841],[-93.249489999708445,37.265370000056834],[-93.24970999981646,37.265030000072628],[-93.250780000219379,37.263729999645236],[-93.250808999633378,37.263699000254796],[-93.250851000364491,37.263654999829598],[-93.250990000281647,37.263510000212491],[-93.250902000418108,37.263503000307708],[-93.250858000037184,37.263500999926279],[-93.250745999884174,37.263496999878164],[-93.250377999638161,37.263483000065577],[-93.249185000109918,37.263439000229113],[-93.249231000140682,37.261630000166939],[-93.2481359996234,37.261590000112491],[-93.248209000316663,37.258152000131105],[-93.24821400033953,37.25793800029232],[-93.251520999835989,37.258059000038628],[-93.251565000216914,37.258059000038628],[-93.251660999578064,37.258060000301619],[-93.256014000086324,37.258281000184532],[-93.256529999572038,37.258295999794001],[-93.258270000344766,37.258347999703929],[-93.260300999574,37.258406999956961],[-93.26038199976486,37.258408999758743],[-93.260472000176534,37.258408999758743],[-93.260486000420244,37.258411000275409],[-93.261630000442992,37.258439000353654],[-93.262683000229146,37.258466000163843],[-93.262663000137678,37.259024000271033],[-93.262611000259113,37.260293000346572],[-93.262573999550895,37.260292000113225],[-93.260346999604749,37.260271000214672],[-93.260344999954924,37.26043899995409],[-93.260339999932071,37.260701000067911],[-93.260338000282246,37.260765000328348],[-93.260329999886309,37.261240000159475],[-93.260319999840576,37.261449999754504],[-93.260319999840576,37.261743000134622],[-93.260319999840576,37.262070000079142],[-93.260310999619747,37.262865999816611],[-93.264768999709972,37.262959999891265],[-93.264765000410321,37.263044000025985],[-93.264750000341706,37.263350000286316],[-93.264750000341706,37.263496999878164],[-93.264725000227358,37.264209000090197],[-93.264895000106662,37.264214999748077],[-93.266275999955866,37.264268000041717],[-93.26634100025322,37.26218600001129],[-93.26645000003316,37.262190000129038],[-93.267110000357235,37.262200000064979],[-93.268209999999058,37.26221800023233],[-93.26830999955817,37.262219999932874],[-93.269060000293933,37.262239999795462],[-93.269160999677936,37.262239999795462],[-93.269434000387733,37.26224299970292],[-93.269545999642432,37.259049000086854],[-93.269563000259183,37.258567999915563],[-93.26961799961245,37.258566999659323],[-93.271859999627182,37.2586200003527],[-93.272400000300678,37.258633000098882],[-93.272529999997019,37.258639999741312],[-93.273990000387258,37.258690000334482],[-93.273990000387258,37.258745000019182],[-93.27398399964116,37.258890000230373],[-93.275427000312959,37.258884999685336],[-93.280820000188555,37.258873999772035],[-93.280820000188555,37.258930999825246],[-93.280820000188555,37.25931200027734],[-93.280820000188555,37.25944000024446],[-93.280820000188555,37.259667999915166],[-93.280815000165688,37.260031999765275],[-93.280811999792647,37.260137999767998],[-93.280912000250083,37.260139000003377],[-93.280938000189337,37.260139000003377],[-93.280984000220087,37.260139000003377],[-93.281458999697946,37.260140000238749],[-93.283100999663048,37.260134999776696],[-93.283100999663048,37.260149999731951],[-93.283077000271931,37.261080999923372],[-93.283038999738778,37.262527999658879],[-93.287562999951234,37.262535999857782],[-93.289452999613488,37.262538999753446],[-93.289483999575623,37.261414999981803],[-93.290713999812098,37.261423000298983],[-93.29129799996818,37.261426000238934],[-93.291889999621887,37.261429999682079],[-93.296555000299676,37.261456999850054],[-93.296740000247596,37.261455000129253],[-93.296744000445557,37.261031999711051],[-93.296747999745193,37.260301000067955],[-93.296750000293343,37.260149999731951],[-93.296760000339077,37.259970000072236],[-93.296777000057517,37.259379000309593],[-93.296777000057517,37.259361000178728],[-93.296778999707328,37.259306999760334],[-93.296780000430573,37.259289999858915],[-93.296781000255478,37.259239999664025],[-93.296786000278345,37.259092000093766],[-93.296787999928171,37.259043000017385],[-93.297851999584992,37.259041000232479],[-93.299419999930251,37.259039999982527],[-93.300529999617822,37.259039999982527],[-93.301045000176941,37.259044000267352],[-93.301620000112209,37.259050000336686],[-93.302109999658654,37.259070000326062],[-93.302830000257202,37.259076999927863],[-93.304990000256169,37.259099999942705],[-93.305560999993475,37.259106000007634],[-93.305710999781311,37.2591079997908],[-93.306188999632198,37.259090999844474],[-93.30977100038659,37.25913099979617],[-93.30983300031086,37.259132000044985],[-93.310234999993781,37.259141999671954],[-93.310286000047398,37.259142999920563],[-93.310294000443307,37.258922999958351],[-93.310302999765838,37.258706000116909],[-93.310320000382589,37.258320000306846],[-93.310310000336841,37.257919999817098],[-93.310318999659344,37.257765000075153],[-93.310339999575746,37.257439999857539],[-93.310367000238259,37.256793000345091],[-93.310389999804471,37.256300000207503],[-93.31040099967511,37.256103000021859],[-93.310404000048166,37.256056000010346],[-93.310957000242112,37.256066000045664],[-93.311087999763387,37.25606799990959],[-93.311462999682107,37.256076999654013],[-93.311842999623707,37.256084999823152],[-93.312256000075578,37.256094999854625],[-93.31244900041942,37.256099000295862],[-93.312676000200156,37.25610400031082],[-93.312882000064462,37.256109000325452],[-93.313087999928797,37.256114000339764],[-93.313396999725271,37.256121000216261],[-93.313706000420083,37.256128000092104],[-93.314160999806433,37.256138000117872],[-93.314529000052474,37.256146000280545],[-93.314858999765349,37.256153000154065],[-93.314968000443614,37.256156000303903],[-93.315396999890694,37.256166000325997],[-93.315456000340234,37.256166999899108],[-93.315695999641434,37.256171999909562],[-93.315826000236086,37.256175000058697],[-93.316256000406398,37.256185000078212],[-93.316360000163471,37.25618699993899],[-93.31647099959325,37.256190000087521],[-93.31659699998994,37.256193000235896],[-93.316837000189452,37.25619800024463],[-93.317833000074202,37.256220999708567],[-93.317828999876241,37.256328999926382],[-93.317436000414162,37.256320000212071],[-93.316950000167353,37.256308999924201],[-93.316745999952857,37.256303999922842],[-93.316595000340101,37.256298999921142],[-93.316798999656299,37.256478999773414],[-93.3170520002746,37.256701999851828],[-93.317219999605769,37.256849999828013],[-93.317540000171235,37.257130000224272],[-93.317673000240617,37.2572570000507],[-93.317980000387294,37.257550000297151],[-93.318380000420376,37.257910000027906],[-93.318710000133251,37.258259999725354],[-93.318962999853255,37.258550999847358],[-93.319049999891874,37.258650000148577],[-93.319310000182867,37.258979999974486],[-93.319340000320111,37.259030000341959],[-93.319351000190764,37.259050000336686],[-93.319399999696245,37.259135000076178],[-93.319521999894974,37.259347999843214],[-93.319656999614196,37.25935200011169],[-93.325853999753917,37.25949000030657],[-93.32639799972705,37.259499000357131],[-93.3264150003438,37.259049000086854],[-93.326534000169488,37.255872000124249],[-93.324143000191825,37.255826000261273],[-93.324199000268322,37.25405799978477],[-93.324257999819565,37.25217900012224],[-93.323685000432434,37.252162000042297],[-93.322898999711654,37.252139000054214],[-93.322943999917484,37.250863000254142],[-93.322944999742418,37.250670000166458],[-93.322630000098144,37.25067200017358],[-93.321779999803255,37.250680000201697],[-93.321661999802473,37.250680000201697],[-93.321280000211061,37.250680000201697],[-93.320880000177979,37.250680000201697],[-93.320830999774159,37.250678000194732],[-93.3206140000392,37.250668999805349],[-93.32045900022851,37.250662000137339],[-93.320471999748975,37.250392999736057],[-93.320480999969803,37.250209999972164],[-93.320660999894855,37.246435999736761],[-93.32074000043589,37.244781000262094],[-93.324734000020626,37.244870999698939],[-93.324719999776917,37.245231999665229],[-93.324912000295839,37.24523699968632],[-93.325206999848646,37.245243000140206],[-93.325261000275304,37.245243999858282],[-93.325519999843067,37.245250000311607],[-93.325914000028376,37.245258999918086],[-93.325950999838298,37.245260000351024],[-93.326154000227888,37.245263999937343],[-93.326197999710502,37.245264999655149],[-93.326242000091426,37.245266000088009],[-93.326394000427399,37.245269999674001],[-93.326565000131623,37.245273000257271],[-93.326874999753016,37.245279999710775],[-93.326884999798764,37.244924000016233],[-93.327176999876826,37.244929000057759],[-93.329141000057206,37.244965000060724],[-93.330347999829144,37.244980000176056],[-93.338489000057791,37.245078999718345],[-93.341132999755445,37.245111999775212],[-93.341696999820059,37.245118000239096],[-93.342881000025784,37.245133000323982],[-93.342874000353078,37.24530999981306],[-93.342795999636962,37.247336999942625],[-93.342753999804174,37.248448999865417],[-93.342742000108601,37.248663000201631],[-93.34274299993352,37.24868300008837],[-93.34356200026626,37.248687999880495],[-93.34418999990497,37.24869299967223],[-93.344239000308761,37.248667000322428],[-93.344382000423892,37.248591999809953],[-93.344564999823703,37.248486999682108],[-93.344737000251143,37.248386000258797],[-93.344904999582312,37.248282000236721],[-93.34507000033706,37.248173999924404],[-93.345200000033401,37.248084000141766],[-93.345327000255025,37.247992000173426],[-93.345569999929268,37.247807999899777],[-93.345805999930832,37.247619999715766],[-93.346036999909487,37.247426000213238],[-93.346261000215492,37.247228000014282],[-93.346477999950451,37.247025000108088],[-93.346688999837667,37.246816999739167],[-93.346734999868417,37.246766999846777],[-93.34677699970122,37.246714000110558],[-93.346814000409438,37.246659999922713],[-93.346863999739838,37.246566000244975],[-93.346909999770588,37.246471000033189],[-93.346951999603391,37.246374999998565],[-93.34699599998433,37.246261999860693],[-93.347032999794251,37.246147999847352],[-93.347062999931467,37.246032000246437],[-93.347087000220924,37.245915999751794],[-93.347105999589189,37.245791999962648],[-93.347115999634923,37.24568099980533],[-93.34712099965779,37.245359999957103],[-93.347132000426768,37.245213999729664],[-93.347134000076593,37.245136999917037],[-93.347985000196388,37.245141999944444],[-93.34877500021679,37.245146000252134],[-93.348910999760918,37.245144999817633],[-93.349018999715952,37.245146000252134],[-93.349053000051143,37.245146000252134],[-93.349080999640236,37.245146000252134],[-93.349347999603921,37.245147999690758],[-93.349573999559752,37.245149000125224],[-93.350228999860946,37.245154000151771],[-93.351957999864695,37.245167000076314],[-93.352029999834727,37.245210000140695],[-93.352750000433275,37.245210000140695],[-93.354320000428373,37.245230000228823],[-93.354789999883337,37.245240000270854],[-93.355139999687708,37.245250000311607],[-93.35652999975774,37.245269999674001],[-93.356614000321642,37.245269999674001],[-93.356611999773506,37.245312999679626],[-93.356543000176529,37.24699299986866],[-93.357115999563661,37.247001000287327],[-93.361036000426864,37.247041999916917],[-93.361008999764366,37.247771999824764],[-93.360967999756483,37.248863000260485],[-93.36174600008134,37.248878000315003],[-93.361941999899926,37.248881999709297],[-93.362617000292602,37.24888700020324],[-93.363300000182903,37.248896999760028],[-93.363634000093754,37.248896999760028],[-93.364179999716711,37.248902999922528],[-93.364854000284495,37.248909999753941],[-93.365310000394061,37.248913000192225],[-93.365389999861691,37.248915000246036],[-93.365513999710259,37.248913999861621],[-93.365517000083301,37.248839000310028],[-93.365519999558032,37.248770000141839],[-93.365541000372744,37.248340000115462],[-93.365549999695261,37.248180000144473],[-93.365579999832491,37.247260000153915],[-93.365589999878239,37.24710000003499],[-93.365605999771745,37.246730000291187],[-93.365615999817507,37.246499999959994],[-93.36564000010695,37.245969999757662],[-93.365646999779642,37.245887000315363],[-93.365650000152684,37.245824999707295],[-93.36574899988689,37.24586199970723],[-93.367313999859121,37.246459999737468],[-93.367933000175313,37.246697000227734],[-93.36850800011058,37.246961000330742],[-93.36899799965704,37.247221999718455],[-93.369319999872303,37.247403999899007],[-93.369728000301322,37.247660999723614],[-93.370093000174293,37.247927999787223],[-93.370295999665572,37.248095000200415],[-93.370406000168757,37.248189000116085],[-93.370584000443984,37.248347999676035],[-93.370719999988111,37.248474000330305],[-93.370752999600057,37.248510000069942],[-93.37091599980667,37.248674999848284],[-93.371074999815349,37.248844999762063],[-93.371227000151308,37.249017999726448],[-93.371273000182057,37.249073999704216],[-93.371395000380787,37.249223000029758],[-93.371624999636268,37.249503000170733],[-93.371638999879949,37.249520000135611],[-93.371870999683551,37.249793999796985],[-93.372202999944577,37.250209000320019],[-93.372295000006062,37.250320999893709],[-93.372695000039158,37.250807000175897],[-93.37285999989561,37.251013000258794],[-93.373497999580053,37.251782999871637],[-93.374281999752696,37.252747000083687],[-93.374559999587049,37.253084000186888],[-93.374558999762129,37.253132999849321],[-93.374499000385981,37.254555999697168],[-93.374420999669866,37.256422000009714],[-93.374253000338697,37.260091999650236],[-93.380359000241825,37.260204999780477],[-93.380520999725221,37.260206000014975],[-93.380699999825353,37.260210999757327],[-93.380838999742522,37.260211999991739],[-93.380869999704657,37.260250000310307],[-93.380965000139227,37.260250999829225],[-93.381053000002765,37.260252000063112],[-93.383117999567204,37.262775999711266],[-93.383198999758037,37.262875999662796],[-93.383295999842431,37.263013000353169],[-93.383515999950461,37.263272999704711],[-93.38355799978325,37.263314999966724],[-93.383597999966213,37.263362999931076],[-93.383612000209922,37.263323000082082],[-93.383621000430765,37.263280999824524],[-93.383629999753268,37.26320699975637],[-93.383632000301418,37.263184999760718],[-93.383635999601054,37.263133000330406],[-93.383642000347152,37.263013999835422],[-93.383644999821897,37.262965000165757],[-93.38368400017994,37.262232000280065],[-93.383712999593953,37.26168099970517],[-93.383760000347934,37.260813999999456],[-93.383786000287188,37.260308999788499],[-93.383787999937013,37.260281999923961],[-93.383855999709084,37.260271999733362],[-93.383879999998541,37.260269999981048],[-93.383940000272972,37.26025999978885],[-93.384249999894379,37.260229999919233],[-93.384499000314733,37.260219999721727],[-93.385029999869062,37.26020000003772],[-93.385959999631567,37.26020000003772],[-93.38636499968753,37.260204000260948],[-93.386987000376763,37.260210999757327],[-93.387368999968189,37.260214999979972],[-93.388514999640748,37.260226999931653],[-93.388897999955404,37.260231999672619],[-93.389051999941174,37.260232999906748],[-93.38951499972346,37.260237999647316],[-93.389670000432474,37.260240000115466],[-93.389670000432474,37.260299000316465],[-93.389520999571246,37.263860999811385],[-93.388377000446809,37.263863999654269],[-93.388359999830044,37.264309000283731],[-93.388250000225213,37.267590999782811],[-93.387483999595915,37.267598000022524],[-93.387045999928006,37.267591999919269],[-93.389899999687927,37.271090999829944],[-93.390022999711576,37.271240000213638],[-93.390037999780191,37.271258999737583],[-93.390112000298345,37.27135199997204],[-93.390194000314125,37.271440999750681],[-93.390283000002583,37.271524999718267],[-93.390378000437124,37.27160499997477],[-93.390478999821156,37.271678999653808],[-93.39058699977619,37.27174800028402],[-93.390698999929185,37.271811999734553],[-93.390816999929953,37.271870000083183],[-93.390922000410256,37.271915000076405],[-93.391030000365305,37.271954999650639],[-93.391141999619961,37.271991000321563],[-93.391488000124681,37.272095999856816],[-93.3918479999748,37.272219999956796],[-93.39186700024139,37.271249000289714],[-93.397193999994741,37.271249000289714],[-93.39703400016117,37.274891999765515],[-93.397639000233681,37.274904000237754],[-93.397598000225784,37.276675000349385],[-93.397589999829862,37.277009999875169],[-93.397710000378765,37.276980000245111],[-93.397739999617684,37.276977000210003],[-93.397830000029387,37.276970000127534],[-93.398179999833744,37.276960000008572],[-93.398640000141285,37.276970000127534],[-93.39879900014995,37.276973000162933],[-93.400119999724694,37.276999999761586],[-93.400304999672613,37.277006999841248],[-93.400445000313013,37.277011999897717],[-93.4004510001608,37.276861000189072],[-93.4004510001608,37.276848000015377],[-93.400457000008586,37.276702000054861],[-93.400463999681278,37.276543000299625],[-93.400478999749893,37.276126999733243],[-93.400497000191564,37.27576899993128],[-93.400795000117384,37.275776000125425],[-93.401448999695376,37.275788999769439],[-93.401450000418592,37.275759999680673],[-93.40146399976399,37.275317000313237],[-93.401469999611763,37.275130000196278],[-93.401478000007685,37.274997000258573],[-93.40150999979474,37.27448999999622],[-93.401543000305026,37.274425999962858],[-93.401635000366525,37.272259000009456],[-93.401691000443009,37.271247000114052],[-93.402786999886885,37.271252999926055],[-93.406244000069492,37.271274000336597],[-93.40606499996936,37.274923000266718],[-93.41049299992234,37.274951999963086],[-93.410498999770113,37.274780000269566],[-93.410543000151051,37.273586999899941],[-93.410558000219652,37.273195000215949],[-93.407181000403,37.273124000071263],[-93.407208000167188,37.272556000077515],[-93.408472999665435,37.272580999690447],[-93.410576999587917,37.272620000270905],[-93.410815999962523,37.272620000270905],[-93.410826000008271,37.272435000032388],[-93.410830000206246,37.272350000291986],[-93.41084000025198,37.271670000343946],[-93.410860000343462,37.27094999988617],[-93.410877000061888,37.270482999890312],[-93.410899999628114,37.269859999882122],[-93.410969999948321,37.268260000139115],[-93.411000999910456,37.267665999967953],[-93.410734999771677,37.267663999697056],[-93.406449000108907,37.26763399991718],[-93.406694000331285,37.262239000302934],[-93.406740000362035,37.261241999886032],[-93.403894999924617,37.261227999654267],[-93.402600000289127,37.261221000252348],[-93.40215599987512,37.26121899981031],[-93.402141999631411,37.261607000209693],[-93.402027999828604,37.263983000235982],[-93.401859999599111,37.267607999955274],[-93.400730999644978,37.267605999682836],[-93.399610000086753,37.267605000261526],[-93.398482999782431,37.267602999989066],[-93.397229999979757,37.267598000022524],[-93.396213000178591,37.267599000158832],[-93.392821000293324,37.267593000055655],[-93.392956999837452,37.263917000194922],[-93.392981999951814,37.263257000177511],[-93.392986000149776,37.263158000212222],[-93.393096999579527,37.260259000270054],[-93.393239999694671,37.26025999978885],[-93.393660999644155,37.260261000022609],[-93.393920999935148,37.260262000256361],[-93.39556999957297,37.260269999981048],[-93.396726000189588,37.260269999981048],[-93.397520000407965,37.260269999981048],[-93.39766099997496,37.260271000214672],[-93.399949999845376,37.260280000171903],[-93.400400000107183,37.260286000142834],[-93.401939999965052,37.260310000021605],[-93.406710000224805,37.260310000021605],[-93.407569999667103,37.260320000207159],[-93.408619999978541,37.260335999643353],[-93.411154000071335,37.260375999648872],[-93.411161999568918,37.260234999660057],[-93.411169000139935,37.26016499968415],[-93.411179000185683,37.260058000197901],[-93.411215999995619,37.259543999878794],[-93.411215000170685,37.25906400025832],[-93.411298999836291,37.257680000219629],[-93.411359000110735,37.257239999686618],[-93.411397999570497,37.257029999793687],[-93.411401999768458,37.256970000329552],[-93.411416999837058,37.256792000065275],[-93.411329999798426,37.256790000220569],[-93.409985999759144,37.256762999809631],[-93.409267999708732,37.256752000301454],[-93.406959999571754,37.256719000337327],[-93.407053000356498,37.254442000076686],[-93.407090999991325,37.253469999655998],[-93.407104000410101,37.253258000040503],[-93.407109000432982,37.253093000287784],[-93.407116000105688,37.252857999842831],[-93.407126000151422,37.252561000024031],[-93.407148999717634,37.252167000318572],[-93.407158999763382,37.251772999982805],[-93.407186000425867,37.251127000062539],[-93.407266999718416,37.249118000066126],[-93.407351000282318,37.247023999698591],[-93.407389999742051,37.246059000212611],[-93.407394999764932,37.245939999918107],[-93.407398000137974,37.245858999862527],[-93.407408000183736,37.245550000201717],[-93.407444999993658,37.244445999665665],[-93.407465000085125,37.24386100025135],[-93.407521000161637,37.242182000082678],[-93.407896000080356,37.242185000073754],[-93.407947999958893,37.242185000073754],[-93.408450000099222,37.242190000296958],[-93.408720000435963,37.242190000296958],[-93.408722999910708,37.242030000140666],[-93.408835000063689,37.238567999698368],[-93.409989999957105,37.238574999774627],[-93.410014000246534,37.238026000303186],[-93.41014800014085,37.234936000299811],[-93.403478999998015,37.234893000095511],[-93.403354000324555,37.234889999814214],[-93.403388999586326,37.23408799995984],[-93.403448999860771,37.232665999698156],[-93.403572999709326,37.229693000114466],[-93.403756000007448,37.229124000269174],[-93.403746999786605,37.22900499970207],[-93.403731999718019,37.228885999662424],[-93.403710999801618,37.228768000086824],[-93.403684000037416,37.228651000264676],[-93.403651000425455,37.228535000200687],[-93.403643999854467,37.228514999974301],[-93.403674999816602,37.227783000341304],[-93.403680999664374,37.227647999867429],[-93.403639999656477,37.227559999799269],[-93.403669999793721,37.227050000080737],[-93.403675999641493,37.226895999745771],[-93.403756999832353,37.224903000282843],[-93.403760000205395,37.224829999705989],[-93.403796000190411,37.224274000313393],[-93.403801000213292,37.224225999767121],[-93.403805000411253,37.224126000021037],[-93.403806000236145,37.224108000052659],[-93.403899000122578,37.224111000047671],[-93.412991000030118,37.22456600005777],[-93.413006999923653,37.224203999834323]],[[-93.40653699997246,37.245853000172751],[-93.406526000101792,37.246054000246119],[-93.406434999865198,37.248315999998475],[-93.405059999863767,37.248307999719415],[-93.405152999750186,37.246049000279221],[-93.405161000146123,37.245846000057362],[-93.40527699959874,37.245846000057362],[-93.405976000280887,37.245848999902599],[-93.406209999734287,37.2458500003277],[-93.406255999765065,37.2458500003277],[-93.406393999857315,37.245851000037725],[-93.40644099971297,37.245851999747686],[-93.40653699997246,37.245853000172751]],[[-93.404377999798385,37.245843999922151],[-93.40437500032364,37.246000000300434],[-93.404335999965582,37.246030000116093],[-93.403803999688023,37.246416999671219],[-93.40338299973854,37.246416999671219],[-93.402849999636075,37.245905000090168],[-93.402842999963369,37.245888000024841],[-93.402844999613194,37.245791999962648],[-93.402935999849802,37.245791999962648],[-93.402960000139245,37.245809999760141],[-93.403029999561127,37.245839999651501],[-93.403120999797736,37.245839999651501],[-93.403899999947498,37.245843000212027],[-93.404160000238491,37.245843999922151],[-93.404335999965582,37.245843999922151],[-93.404377999798385,37.245843999922151]],[[-93.404223999812586,37.236057000098675],[-93.40420200007128,37.236606000321615],[-93.403280999631292,37.236603000108488],[-93.403299000072963,37.2361869999148],[-93.403302000446004,37.236116999766622],[-93.403304999920735,37.23604800010861],[-93.404223999812586,37.236057000098675]],[[-93.402657000190544,37.22403700013556],[-93.402638999748888,37.224168999928082],[-93.402632000076181,37.224214999801497],[-93.402591000068284,37.224508999760445],[-93.402626000228409,37.225263000046219],[-93.402562999580908,37.225595000124876],[-93.402008999562028,37.22683300000584],[-93.401818999591214,37.227189999982294],[-93.401777999583345,37.227430000128429],[-93.401269999595229,37.227419999869383],[-93.400965999821608,37.227513999820289],[-93.400679999591347,37.227509000054177],[-93.400515999559801,37.227506000194275],[-93.399927000279163,37.227495999945312],[-93.397819999983625,37.227460000182404],[-93.39708000019192,37.227449999927288],[-93.396490000188038,37.227449999927288],[-93.396379999684868,37.227446000111023],[-93.3961699996226,37.227439999670906],[-93.396064000215688,37.227436999808305],[-93.395889000313502,37.227433999945589],[-93.394293000379122,37.227403999881268],[-93.394089999989546,37.227400000062509],[-93.393269999831901,37.227380000250378],[-93.392099999869885,37.22736999998471],[-93.391740000019766,37.227359999717656],[-93.391129999924416,37.227350000164563],[-93.390050000374075,37.227339999894916],[-93.389991999749427,37.22733899993937],[-93.38904299972036,37.227319000111066],[-93.388610000075303,37.227309999793199],[-93.388020000071435,37.227309999793199],[-93.387518999756011,37.227309999793199],[-93.387179999822308,37.227309999793199],[-93.386987000376763,37.227309999793199],[-93.386988000201669,37.227234000245048],[-93.386974999782879,37.225945999680732],[-93.387854000390064,37.225945999680732],[-93.38784400034433,37.222729999735215],[-93.385535000382447,37.222342000152025],[-93.385538999682097,37.22224400010014],[-93.385547000078006,37.222062999997974],[-93.385644000162387,37.22207899968857],[-93.385869000293283,37.222116999923756],[-93.385901000080338,37.222122000047349],[-93.385928999669432,37.222127000170659],[-93.393956999920164,37.223477999883848],[-93.394183999700871,37.223521000160339],[-93.394411000379918,37.223558999669017],[-93.394639999810451,37.223590999842749],[-93.394861999568306,37.223617999978778],[-93.395085999874297,37.223639000077902],[-93.395309000355368,37.223656000153831],[-93.395533999587954,37.223668000205123],[-93.402657000190544,37.22403700013556]],[[-93.3784510001379,37.212469000302072],[-93.378450000313009,37.21249899986821],[-93.378448999589779,37.212536999921532],[-93.378447999764873,37.212579999996443],[-93.378443999566898,37.212686000209565],[-93.378437999719111,37.212866999918774],[-93.378385000015683,37.214446000071305],[-93.378374000145016,37.214797000002868],[-93.378355999703345,37.215324000114919],[-93.37834499983272,37.215649000246593],[-93.378338000160014,37.215965000167962],[-93.378334999786958,37.216034000318835],[-93.37672100030926,37.216054999667961],[-93.376619000201984,37.216055999773069],[-93.376477999736665,37.216053000173055],[-93.374844999992391,37.216013000248523],[-93.374757000128852,37.216011000037106],[-93.37348800043263,37.215980000330546],[-93.371719000245903,37.215930000015483],[-93.371459999779802,37.215922999983029],[-93.371458999954896,37.216006000223764],[-93.371421000320069,37.216035999814245],[-93.371388999634689,37.216070999917555],[-93.371361999870516,37.216108000213509],[-93.371330000083461,37.216191000250717],[-93.371325999885499,37.216233999673861],[-93.371289000075592,37.217709000182211],[-93.371267000334285,37.217776000004093],[-93.37124999971752,37.217796000216936],[-93.371178999572422,37.2178359999115],[-93.371120999846099,37.217843999847851],[-93.37005200016641,37.21781599970921],[-93.369574000315524,37.217811000015494],[-93.369391999842335,37.217817999872707],[-93.369103000137343,37.217849000254752],[-93.368960999847104,37.217873000057118],[-93.368821000105029,37.217903999701178],[-93.368546999570341,37.217983999669848],[-93.368415000224175,37.218032999975357],[-93.368040000305442,37.218176999754711],[-93.36790899988587,37.218223999782168],[-93.367814000349625,37.218251999769372],[-93.367717000265245,37.218280999821786],[-93.367579000172995,37.218312000013562],[-93.367450000301559,37.218333000159269],[-93.367318999881988,37.218346999776273],[-93.367188000360727,37.218354000299129],[-93.366937000290562,37.218356999807696],[-93.366780999756642,37.218347999850998],[-93.366666999953836,37.218343000192547],[-93.366495000424706,37.218358999956855],[-93.366149999744877,37.218391000190721],[-93.365805999788307,37.21842399976935],[-93.364998000224531,37.218470000285144],[-93.364855999934306,37.218376999866557],[-93.364793000185117,37.218272999931777],[-93.364785999614114,37.218261999813379],[-93.364778999941421,37.218250999693332],[-93.36481999994929,37.218231999677371],[-93.364746000329447,37.218117000118525],[-93.364685000230068,37.218021999821964],[-93.365399999907439,37.2177180002151],[-93.365572000334893,37.21764499983766],[-93.366081999972835,37.21742699979918],[-93.366466999937302,37.217265999937268],[-93.367078999682477,37.217009000214375],[-93.367978000381171,37.216639000141811],[-93.36797300035829,37.216791999864029],[-93.367964999962368,37.216842000323162],[-93.368025000236813,37.216817000097741],[-93.370908000309072,37.215577000124647],[-93.371458000129991,37.215339999804137],[-93.371452000282204,37.215361000061847],[-93.371725000093676,37.215245000302794],[-93.372336999838865,37.214987000014204],[-93.372976000246567,37.214717000231403],[-93.373306999784347,37.214578000194351],[-93.373700000144751,37.214412000056413],[-93.374035999705384,37.214270999915293],[-93.374423000218002,37.214107000079224],[-93.374916000137503,37.213899999873092],[-93.375241999652431,37.213761999897152],[-93.375429999973392,37.213682999880227],[-93.375677999670515,37.213577999774991],[-93.375982000342447,37.2134499998919],[-93.376347000215432,37.213295999688917],[-93.376696000194897,37.213149000177459],[-93.376963000158568,37.21303699974424],[-93.377240999992921,37.212918999695646],[-93.377492000063086,37.212813999957945],[-93.377732000262611,37.212711999807134],[-93.378000000051202,37.212577999694062],[-93.378128000097732,37.212516999745255],[-93.378230000204965,37.212468000149421],[-93.378448999589779,37.212361000191393],[-93.3784510001379,37.212469000302072]],[[-93.376149999673629,37.227188000067265],[-93.376146000373993,37.227303000101521],[-93.376144999650748,37.227330000339172],[-93.376134999605014,37.227624000314187],[-93.376100000343229,37.228605000235994],[-93.376047999566367,37.230028999681103],[-93.372355000280535,37.229935000004261],[-93.372360000303402,37.229776000223296],[-93.372363999603039,37.229668999781552],[-93.372452000364902,37.227263999661709],[-93.372457000387783,37.227114000313207],[-93.372675999772596,37.227118000147151],[-93.373389999625019,37.227129999647566],[-93.374230999699066,37.227148000325201],[-93.374749999557835,37.227159999820891],[-93.374912999764447,37.227166000283297],[-93.374999999803094,37.22717000011442],[-93.375404999859057,37.227176999818433],[-93.375569999715481,37.227179999691373],[-93.376070000205999,37.227187000109751],[-93.376149999673629,37.227188000067265]],[[-93.374736000212451,37.142105000325991],[-93.374720000318916,37.142676000237607],[-93.374005999568169,37.142660999833538],[-93.37402300018492,37.142089999808697],[-93.374736000212451,37.142105000325991]],[[-93.374301999844178,37.156687999721441],[-93.374244999942775,37.156972999849472],[-93.373880999894695,37.156959999761483],[-93.373933999598137,37.156671999772854],[-93.374301999844178,37.156687999721441]],[[-93.3732199997457,37.146291999723346],[-93.373202000202369,37.146653999810546],[-93.3724659997103,37.146637999886821],[-93.372481999603821,37.146273999812237],[-93.3732199997457,37.146291999723346]],[[-93.371037000180507,37.226002000349283],[-93.371002000020411,37.226962000030021],[-93.37099600017261,37.227091999792364],[-93.370988999601622,37.227238000072617],[-93.370904000111125,37.227236000158861],[-93.370356999764951,37.227226999831089],[-93.370356999764951,37.227281000351098],[-93.37035299956699,37.227379000295414],[-93.370346999719217,37.227528999832089],[-93.370186000060713,37.227525999973032],[-93.369826000210608,37.227519000301413],[-93.369750000042615,37.227551000225446],[-93.369555999873882,37.227632999879297],[-93.369288000085248,37.22773399993229],[-93.369144999970132,37.227804999945263],[-93.368852000067164,37.228071000306066],[-93.366718000007452,37.230013000246629],[-93.366548999953054,37.230329000072594],[-93.366537000257495,37.230339999861613],[-93.36646299973934,37.230489000031696],[-93.366425999929419,37.23063199972129],[-93.366424000279594,37.230687999770879],[-93.36628700001225,37.230685999948683],[-93.366280000339529,37.230780000119744],[-93.366278999616327,37.230804000098985],[-93.366277999791407,37.230836999968595],[-93.366252999677044,37.231496000148894],[-93.366240000156566,37.23188000026029],[-93.366199999973588,37.232790000340771],[-93.366149999744877,37.234330000047748],[-93.366119999607648,37.234769999907897],[-93.36604799963763,37.236409999974008],[-93.366010000002802,37.237299999688787],[-93.365999999957069,37.237410000209664],[-93.365969999819825,37.23793999981924],[-93.365967000345094,37.23799200019009],[-93.365800999765426,37.237993000004359],[-93.365503999664497,37.237993000004359],[-93.365107999829391,37.237989000032137],[-93.364711000169351,37.237986999688395],[-93.361383999683099,37.2379639996648],[-93.361397999926794,37.237639999674769],[-93.361462000399214,37.236102000032915],[-93.361524000323485,37.234640999652576],[-93.361571000179168,37.234080000316048],[-93.361594999570286,37.233784000025345],[-93.361690000004842,37.232410000125839],[-93.361704000248537,37.231608000353589],[-93.361735000210672,37.230822999808936],[-93.361766999997727,37.230012000326518],[-93.361797999959862,37.229211000011922],[-93.361886999648334,37.226969999713752],[-93.361903000440165,37.226977000151621],[-93.362044999832094,37.226970999674187],[-93.362532999728714,37.226975000230944],[-93.363999999791659,37.226986999754118],[-93.364349999596016,37.226990000349907],[-93.364490000236415,37.226990000349907],[-93.364730000435927,37.226990000349907],[-93.364880000223749,37.226992000270187],[-93.36605000018578,37.227013000145107],[-93.366440000173114,37.22701999986365],[-93.366440000173114,37.226994000190416],[-93.366440000173114,37.226909999919265],[-93.366440999998019,37.226890999938682],[-93.366456000066634,37.226589000243756],[-93.366470000310343,37.226330000160225],[-93.366488999678594,37.225685000295108],[-93.366490000401825,37.225669999916519],[-93.366498999724357,37.225444000337092],[-93.370176999839899,37.225532000013281],[-93.370262000228692,37.225578999749551],[-93.370390000275208,37.225647999689706],[-93.370426000260224,37.225667999961175],[-93.370499000055162,37.225707999772958],[-93.370513000298871,37.225715000327988],[-93.370646000368254,37.22578800004819],[-93.370693000223923,37.225814000137206],[-93.371037000180507,37.226002000349283]],[[-93.370831000316187,37.219656999757277],[-93.370828999768051,37.219795999735666],[-93.370747999577205,37.221487000291759],[-93.369005000228029,37.221467000342152],[-93.368954999999332,37.221467999660213],[-93.368944000128678,37.221741999720741],[-93.367986999703689,37.221731000108221],[-93.36795599974154,37.222483000229602],[-93.369243999704324,37.222497999811416],[-93.369206000069511,37.22339900002725],[-93.366709999611544,37.223369999796539],[-93.366579000090297,37.223368999788406],[-93.366440999998019,37.223367999780258],[-93.366446999845806,37.223258000231503],[-93.366481000180997,37.222616999916973],[-93.366490000401825,37.222439000056113],[-93.366608000402607,37.220286000318424],[-93.366651000060301,37.219508999704516],[-93.366651999885221,37.219241999841636],[-93.364236999618115,37.218843000165919],[-93.363716999934439,37.21875699997728],[-93.36366800042893,37.218749000137755],[-93.363649000162368,37.21874599992946],[-93.363424999856377,37.218709000211994],[-93.363649999987288,37.218463999846236],[-93.364487999688265,37.218105999977318],[-93.364640999849144,37.218326000349791],[-93.364727000062871,37.218412000314437],[-93.364903999614882,37.218565000017506],[-93.365029000186667,37.218589999663628],[-93.365508999687378,37.218565000017506],[-93.365852999643977,37.218548000224786],[-93.366196999600547,37.218530999712904],[-93.366661999930955,37.218507000119843],[-93.366809000244061,37.218514999985025],[-93.366912000176228,37.218520999704559],[-93.366937000290562,37.218521999776968],[-93.366921000397056,37.21900599965555],[-93.36871200032509,37.219304000137882],[-93.370831000316187,37.219656999757277]],[[-93.365907000070635,37.156441999779581],[-93.365883999606112,37.157152999791244],[-93.364602000389411,37.1571239998813],[-93.364346000296365,37.157122999711369],[-93.3643620001899,37.156416000134719],[-93.364609999887023,37.156421000314978],[-93.365907000070635,37.156441999779581]],[[-93.354472999690941,37.179334999909528],[-93.35440599974379,37.181649000292126],[-93.354384999827388,37.182130000242154],[-93.354329999575796,37.182109999881249],[-93.354219999970937,37.182090000230659],[-93.3538800002123,37.182091000070187],[-93.353620999746227,37.182082999922329],[-93.353620999746227,37.181944999743024],[-93.353621999571132,37.181865000218565],[-93.353686999868458,37.180196999745036],[-93.353701999937073,37.179327000185467],[-93.354472999690941,37.179334999909528]],[[-93.337340999837082,37.138543000020839],[-93.337328000316603,37.138829000200765],[-93.337312000423083,37.139353999782671],[-93.337304000027174,37.139662999674734],[-93.337297000354454,37.139957999909704],[-93.337288999958545,37.140260000313091],[-93.337077000246438,37.140260000313091],[-93.337001000078445,37.140260000313091],[-93.336859999613139,37.140260000313091],[-93.336775000122643,37.140260000313091],[-93.336760000054042,37.140260000313091],[-93.336760000054042,37.140200000343171],[-93.336763000427098,37.140058999832576],[-93.336770000099776,37.139779999937112],[-93.336790000191257,37.139100000337571],[-93.33679699986395,37.138649000323802],[-93.336926999560291,37.138649000323802],[-93.337005000276406,37.13853699967499],[-93.337340999837082,37.138543000020839]],[[-93.24399100042595,37.098111999798704],[-93.243942000022145,37.100232000287953],[-93.243776000340802,37.1002269999764],[-93.243100000123192,37.100235000188157],[-93.241730000144628,37.100198999945064],[-93.241703000380454,37.10110700029341],[-93.241024999614709,37.101088999664718],[-93.241023999789789,37.101211000339326],[-93.241023999789789,37.101269000027386],[-93.241016000292191,37.101783000189322],[-93.241010000444405,37.102280000278583],[-93.240970000261441,37.103324999810326],[-93.240970000261441,37.103340000130572],[-93.240970000261441,37.103839999792221],[-93.238370000046402,37.103749999853108],[-93.237653999645815,37.103730999693113],[-93.237215999977906,37.103718999928937],[-93.237158000251597,37.103717000326284],[-93.236509999623081,37.103699999761112],[-93.236527000239832,37.103569000209021],[-93.236512999996123,37.103460999882856],[-93.236521000392031,37.103333999859544],[-93.236538999935391,37.103198999725414],[-93.23656300022482,37.103075999935086],[-93.236596999661714,37.102955999737439],[-93.236687000073388,37.102717999833885],[-93.236806999723981,37.102490000224364],[-93.236938000143567,37.102299000086113],[-93.237113999870672,37.102082999957197],[-93.237411999796493,37.101692999955631],[-93.237477000093818,37.101596999922869],[-93.237588000421894,37.101395999930403],[-93.237670000437674,37.101185000341232],[-93.237724999790942,37.100971000293477],[-93.237740999684462,37.100861999648394],[-93.237748000255479,37.10077100027145],[-93.237750999730196,37.100641000153125],[-93.237963000340628,37.100634000184527],[-93.237960999792492,37.100574000324734],[-93.238298999901289,37.100278999904752],[-93.239163000439873,37.100246000298831],[-93.239165000089685,37.100128999821436],[-93.239795000276544,37.100146999961744],[-93.241069999820553,37.100180999817105],[-93.241073000193595,37.099996000124868],[-93.2410740000185,37.099932999847731],[-93.241079999866287,37.09963000023933],[-93.241083000239342,37.099033000096718],[-93.241084999889154,37.098857999839005],[-93.241084999889154,37.098671000046252],[-93.241164000430203,37.098672999782053],[-93.241289000103663,37.098653999781611],[-93.241664999847302,37.098596999751713],[-93.24170400020536,37.098590999821518],[-93.242288000361469,37.098308999699],[-93.242604999655555,37.098065999788197],[-93.242802000197358,37.097810000309948],[-93.243491999760352,37.097883999940144],[-93.243763999746903,37.097913000346772],[-93.243776000340802,37.098050000338723],[-93.243781000363668,37.09810599983004],[-93.243804999754801,37.098107000063692],[-93.24399100042595,37.098111999798704]],[[-93.24153000012808,37.254087999967474],[-93.241510999861518,37.254994000284725],[-93.241345000180161,37.254996000177115],[-93.241005000421524,37.254998999658056],[-93.240975000284323,37.254998999658056],[-93.240885999697539,37.254998999658056],[-93.240857000283526,37.254999999961676],[-93.240829999621042,37.254999999961676],[-93.240683000206261,37.254998000069392],[-93.240704999947567,37.254078999985389],[-93.240854999735404,37.254080999902072],[-93.241096999584727,37.254082999818642],[-93.24153000012808,37.254087999967474]],[[-93.222032000410934,37.144318000178387],[-93.222020999641956,37.145022999792523],[-93.2220220003652,37.145100999711737],[-93.222009999771331,37.145100000098843],[-93.221846999564704,37.145091000001997],[-93.221609999738234,37.145079999961723],[-93.22132500023119,37.145072000191796],[-93.221324000406298,37.145009000184075],[-93.221331999903896,37.144301999760486],[-93.222032000410934,37.144318000178387]],[[-93.217678999902702,37.16906200005333],[-93.217676000427957,37.169148000315857],[-93.217658999811221,37.169439000037151],[-93.217652000138528,37.169638999732136],[-93.217300999610927,37.169632999706018],[-93.217069999632244,37.169618999643291],[-93.21707200018038,37.169494999690144],[-93.217077000203261,37.16940399978558],[-93.217087000248995,37.169312999771435],[-93.217104999792355,37.169223999667324],[-93.217128000256892,37.169136000185226],[-93.217261000326275,37.169049999909042],[-93.217678999902702,37.16906200005333]],[[-93.212475999997892,37.098882999695832],[-93.21247000015012,37.099331999790095],[-93.211902999712464,37.099314999673837],[-93.211905000260586,37.099271000113809],[-93.211910000283467,37.098873000327281],[-93.211911000108373,37.098856000108022],[-93.211942000070522,37.098857000331776],[-93.212475999997892,37.098882999695832]],[[-93.180490000289979,37.247345000324778],[-93.180454000304962,37.248527999933309],[-93.179903999585733,37.248521999741001],[-93.179916000179631,37.248108000332692],[-93.179937999920924,37.247419000243966],[-93.179938999745843,37.247362999751331],[-93.180490000289979,37.247345000324778]]],[[[-93.364434000159918,37.146392999781533],[-93.364327000029803,37.14625599989688],[-93.364331000227764,37.146059999745397],[-93.364130000386311,37.146059999745397],[-93.363779999683629,37.146080000339424],[-93.363629999895792,37.146080000339424],[-93.363322999749116,37.146086999686823],[-93.363209999771215,37.146089999918402],[-93.362930000287065,37.146089999918402],[-93.362279000183804,37.146084000171186],[-93.362266999589934,37.146445000226777],[-93.362219999734265,37.147717999672921],[-93.362197000168038,37.148367000303715],[-93.361777999868394,37.148361000021083],[-93.361730000187819,37.149666000161567],[-93.361847000363667,37.149667999982618],[-93.361956000143621,37.149875000152171],[-93.362557000018157,37.150133000265541],[-93.362855999768897,37.150261000089479],[-93.363204999748362,37.150073000251133],[-93.363666999705728,37.148754999907283],[-93.363799999775097,37.148254000151923],[-93.364189999762445,37.147296000312686],[-93.364272999603116,37.147054999971218],[-93.364434000159918,37.146392999781533]]]]},"properties":{"GEOID":"2970000","NAME":"Springfield city","BASENAME":"Springfield"}}]}