{"type":"FeatureCollection","crs":{"type":"name","properties":{"name":"EPSG:4326"}},"features":[{"type":"Feature","geometry":{"type":"MultiPolygon","coordinates":[[[[-86.5566682073751,39.1584494217211],[-86.5566677196114,39.1613621022629],[-86.5567535597017,39.1621661434082],[-86.5567689487387,39.162566598482],[-86.5592107054645,39.1627348983931],[-86.5594294235469,39.162964669425],[-86.5595847837015,39.1643095666675],[-86.5609442230961,39.1642870595965],[-86.5609497230373,39.1635435044579],[-86.5615775361846,39.163103018345],[-86.5623125593958,39.1630634213016],[-86.563071306614,39.1630250782571],[-86.563307723766,39.1640477294356],[-86.5707497897456,39.1617006286328],[-86.5710587919752,39.163417962937],[-86.5715179641093,39.1634199809148],[-86.5715760771915,39.1642242460615],[-86.573030185572,39.16368741389],[-86.5730283056021,39.1640646179603],[-86.5730271966202,39.1642914240025],[-86.5730262126317,39.1644374290297],[-86.5730252026416,39.164562429053],[-86.5723831844547,39.1645664250853],[-86.5715632022151,39.1645604111246],[-86.5712092001116,39.1645574281414],[-86.5701712108082,39.1645484141909],[-86.5694792046057,39.1645394352233],[-86.5683432102725,39.1645154202747],[-86.5679921981699,39.1645134302917],[-86.5649812032906,39.1644984284371],[-86.5635972008854,39.1644794145016],[-86.5630191977164,39.164473431529],[-86.5626681866138,39.1644714235459],[-86.5600931908627,39.1644694186723],[-86.5587681834741,39.1644424307324],[-86.557151196001,39.1644244328087],[-86.5563071967548,39.16442341985],[-86.5558291776153,39.1644224368734],[-86.5556102055514,39.1644214178839],[-86.553948196065,39.164401414962],[-86.5527921917269,39.1643894310166],[-86.5521881885519,39.164403428049],[-86.5520751935192,39.1644074160553],[-86.5503921930257,39.164374417132],[-86.548818180565,39.1643544142057],[-86.547344179135,39.1643544252782],[-86.546315171834,39.1643434283268],[-86.5456771796474,39.164337411357],[-86.5446111793359,39.1643304294082],[-86.5437391810804,39.1643154124483],[-86.5433581959687,39.1643084314658],[-86.5427301887846,39.1642974204946],[-86.5422231856369,39.1643004215201],[-86.5412701713593,39.1643044205677],[-86.5408991852504,39.1642954185843],[-86.5398991779566,39.1642694266287],[-86.5342973973202,39.1642411108989],[-86.533642917129,39.1642377789305],[-86.5336401832394,39.1656084301856],[-86.5336341703173,39.1665894163684],[-86.5336181783911,39.167556434549],[-86.5336059894577,39.1684198827102],[-86.5336041934674,39.1685464157339],[-86.5335931715413,39.169495420911],[-86.5335921886197,39.1704644320912],[-86.5323151722462,39.170453431152],[-86.5310531928781,39.1704544302143],[-86.5297751815059,39.1704624242786],[-86.5292061883403,39.1704664183073],[-86.5289521922663,39.17046743432],[-86.5282861920721,39.170468437353],[-86.5282831770324,39.1699904222642],[-86.5282821680251,39.1699034382481],[-86.5282801939916,39.1694994201731],[-86.5269671886088,39.169501422238],[-86.5257971772675,39.1695024202957],[-86.5246281789255,39.1694914403512],[-86.5234871855918,39.1694804184053],[-86.5234721905073,39.1684934292224],[-86.5269599755262,39.1685098860539],[-86.5269091781693,39.1642944202722],[-86.5258761838674,39.1642884393219],[-86.5253191667041,39.1642784163474],[-86.5241191803528,39.1642634384036],[-86.5238031932605,39.1642614274188],[-86.523641187213,39.1642594144264],[-86.5226261649166,39.1642554134756],[-86.5219551697207,39.1642534185082],[-86.521084181467,39.1642584175519],[-86.5206581883429,39.1642614405735],[-86.5200751821731,39.1642644166027],[-86.5191381889,39.1642674346493],[-86.518792172799,39.1642674336663],[-86.5177151894848,39.1642674287192],[-86.5163991691011,39.1642704227845],[-86.5161951770416,39.1642704187945],[-86.5160681840045,39.1642694158006],[-86.5152801957745,39.1642684328392],[-86.514216163464,39.1642674148912],[-86.5139981714004,39.164267420902],[-86.5138901803688,39.1642674149073],[-86.5132101741705,39.1642674399407],[-86.5121751948685,39.1642674239916],[-86.5109171895017,39.164270421054],[-86.5097051891478,39.164267427113],[-86.5093881630553,39.1642674311286],[-86.5090741619638,39.1642684371443],[-86.5084661937865,39.1642704371745],[-86.5082471787227,39.1642704261853],[-86.5070921713854,39.1642674392415],[-86.5059961670654,39.1642644302948],[-86.504909191748,39.1642614293477],[-86.5026501700877,39.1642474214561],[-86.5024421670269,39.1642464394661],[-86.5017071768121,39.1642424165015],[-86.4983271658257,39.1642404336672],[-86.4970691794573,39.1642244207261],[-86.4965981803198,39.164223422749],[-86.4949371548344,39.1642154318292],[-86.493063171287,39.1642084269199],[-86.4908241676354,39.1642304220341],[-86.490754160615,39.1642304230375],[-86.4906761815922,39.1642304380413],[-86.4892761881836,39.1642294321099],[-86.4880011708126,39.164242419175],[-86.4871171715539,39.164234441217],[-86.4860711632503,39.1642544262721],[-86.4850131649401,39.1642364243207],[-86.4844721577832,39.1642484163495],[-86.4844557187784,39.1642488533504],[-86.4843591677505,39.1642514323556],[-86.4827641812842,39.1642414384321],[-86.4812411708393,39.164236435506],[-86.4808227147172,39.1642364415265],[-86.4807401516931,39.1642364265306],[-86.4795851663562,39.1642394265879],[-86.478908152159,39.164244427622],[-86.4781231739305,39.1642504296617],[-86.4766681495048,39.164238416731],[-86.4763201694032,39.1642374287479],[-86.4758861682764,39.164236429769],[-86.4751841500726,39.1642494338059],[-86.4736741826322,39.1642534318808],[-86.473505160583,39.1642554298895],[-86.4732141724984,39.1642584379044],[-86.4729501734215,39.1642604329177],[-86.4725091672948,39.1642864289442],[-86.4722441512203,39.1643204289635],[-86.4721641661986,39.1643404369711],[-86.4719061640884,39.1639104199038],[-86.4718171740443,39.1636874258667],[-86.4717791670256,39.1635924228509],[-86.4717041789813,39.1633164308031],[-86.471676166959,39.1631424357721],[-86.4716361819238,39.1628524327202],[-86.47162617488,39.1623464306264],[-86.4716291488315,39.1617384155131],[-86.4716111687698,39.1610414173842],[-86.4716041767405,39.1607044193219],[-86.4716001587132,39.1603824272621],[-86.4715791606396,39.1595494261081],[-86.4715711686022,39.1591164380278],[-86.4715661605733,39.1587784339652],[-86.4715511784571,39.1573974237088],[-86.4715141553707,39.1564644275369],[-86.4715061603047,39.1556774273908],[-86.4715051813,39.1556234173808],[-86.4715041602954,39.1555704223709],[-86.4715001792688,39.1552564193127],[-86.4714551500907,39.1532204359359],[-86.4714301700071,39.1522774267615],[-86.4714131809602,39.1517594156658],[-86.4714084389224,39.1513096135823],[-86.4716164119801,39.1512729535653],[-86.4717581960205,39.1512610685561],[-86.4718708220541,39.1512690995521],[-86.4720055340946,39.1512840005483],[-86.4720001480906,39.151254429543],[-86.4722121531541,39.1512734155362],[-86.4723731742009,39.1512714315278],[-86.4726171592727,39.1512784215172],[-86.4726591822827,39.15125091151],[-86.4736870645826,39.1512502534594],[-86.4737468207574,39.1531929368182],[-86.4760436824171,39.153061939681],[-86.4760471456738,39.1562198132688],[-86.4778231971868,39.1561528111691],[-86.4783717243702,39.156441636196],[-86.4783453994668,39.1577284784368],[-86.4781431424386,39.1581087585175],[-86.4781387934785,39.1586163896123],[-86.4781491965278,39.1591884247182],[-86.4786483667297,39.1598821808229],[-86.4790115918202,39.1596900647693],[-86.4792169188746,39.1596229567467],[-86.4793414968908,39.1593733456941],[-86.4796644569707,39.1591962836453],[-86.480446856182,39.1589858505677],[-86.4806919682516,39.1589632595514],[-86.480584012862,39.1545418907336],[-86.4805873618077,39.1538599396065],[-86.4822558862968,39.1538862105294],[-86.4868676136397,39.1538522752967],[-86.4872164967423,39.1538616382813],[-86.4925732423065,39.1538757360209],[-86.4928608414166,39.1541970780665],[-86.4932940485778,39.1546277161254],[-86.493552946676,39.1549072071647],[-86.4937052287371,39.1551124121954],[-86.4939209898105,39.1552412812088],[-86.4943661079498,39.1553572802086],[-86.4946094980191,39.1553360791926],[-86.4954271692441,39.1551692681214],[-86.4960868524266,39.155045475066],[-86.4965743975697,39.1550550140438],[-86.4969661306892,39.1551198860366],[-86.4974206898262,39.1551736250243],[-86.4977191649122,39.1551604360072],[-86.4977195109134,39.1551740010097],[-86.4980397110061,39.1551646539923],[-86.4982105400517,39.155112137974],[-86.4986243181597,39.1549550279245],[-86.4987322632015,39.1550824959429],[-86.4993557393995,39.1552810509493],[-86.4997435035178,39.155344411942],[-86.5001043176193,39.1552979509156],[-86.5004479907169,39.1552646098925],[-86.5014559320086,39.1552345858374],[-86.5020292581796,39.1552805518178],[-86.5024621843094,39.1553241408046],[-86.5032267045338,39.1553408807702],[-86.5039084997313,39.1553228847334],[-86.5045939629099,39.1550592856506],[-86.5054690281366,39.1547057705418],[-86.5061850133119,39.1542916644296],[-86.5066022464011,39.1538900503343],[-86.5071302755404,39.1537082432745],[-86.5074564946286,39.1536214482423],[-86.5077488647134,39.153616440227],[-86.5084321949176,39.1536761522046],[-86.5084351639617,39.1542084213035],[-86.5084421900669,39.1554814345401],[-86.508447179163,39.1566494197572],[-86.5084343412485,39.1577502149627],[-86.5163421345607,39.1578130075857],[-86.516373173569,39.1578034115824],[-86.5177131699599,39.1578034155166],[-86.5189411903179,39.1578004194556],[-86.5226371503982,39.1578249312786],[-86.5226371893974,39.1578154322768],[-86.5226341793195,39.1568664141003],[-86.5226501732513,39.1559664149321],[-86.5226531732369,39.1557794298972],[-86.522649591158,39.1548178617184],[-86.5226481941268,39.1544384186478],[-86.5226446501205,39.154374018636],[-86.5226401841126,39.1542924266211],[-86.5226373720994,39.1541403635929],[-86.5226361870939,39.154076413581],[-86.5270000003766,39.1541964683889],[-86.5337147803382,39.1542322280655],[-86.5337314422734,39.1533732189048],[-86.536362449041,39.1533754387758],[-86.5363742010831,39.153852425864],[-86.5363571872221,39.155626418195],[-86.536357177234,39.1557734152223],[-86.5363261722956,39.1566444363858],[-86.5363201993036,39.1567644174085],[-86.5363342023638,39.1574564185365],[-86.5363351674611,39.158652416759],[-86.5363221825169,39.1593864358962],[-86.5373122008071,39.1594044228509],[-86.5386831732076,39.1594114147847],[-86.5410621879035,39.1594364286724],[-86.5425051813249,39.1594424206026],[-86.5434611716041,39.1594464135563],[-86.5458551993041,39.1594684344426],[-86.5459332013277,39.1594784304406],[-86.54603617636,39.1595064154408],[-86.5460551934016,39.1599504325224],[-86.546086189443,39.1603494235951],[-86.5461091694766,39.1606804246555],[-86.5461491805498,39.1614384107946],[-86.5462241735715,39.1614364227906],[-86.5465791816741,39.161425428771],[-86.5466851987043,39.161415428764],[-86.5470722058093,39.1613194137271],[-86.5476881769723,39.1611144346586],[-86.5480702030711,39.1609584306108],[-86.5485411871911,39.1607444345478],[-86.5486681732237,39.1606894195314],[-86.5486909542296,39.1606804365286],[-86.5488731912769,39.1606084335062],[-86.5493001823914,39.1604844234621],[-86.5494445604312,39.1604566684499],[-86.5496331914833,39.1604204124339],[-86.5499467365733,39.1604026844151],[-86.5500751956102,39.1603954204074],[-86.5508341838302,39.1603784353669],[-86.5516781880755,39.1603674363234],[-86.5520361931781,39.1603464173018],[-86.5524331782902,39.1603004272738],[-86.5530121894498,39.1601864312241],[-86.5531610584901,39.1601473262095],[-86.553549186595,39.1600454181714],[-86.5538651826786,39.1599404361364],[-86.5541440137521,39.1598438791047],[-86.5542261847738,39.1598154240953],[-86.5542726287858,39.1597968540896],[-86.5544211908243,39.1597374290712],[-86.5546772088895,39.159621272037],[-86.5547341809041,39.1595954210294],[-86.5548219989258,39.1595475240162],[-86.5551062009961,39.1593924259734],[-86.5552661810334,39.1592774249441],[-86.5557461781482,39.1589664128626],[-86.5562301822657,39.1586754317847],[-86.5566682073751,39.1584494217211]]],[[[-86.5665052357628,39.1525230671347],[-86.5675899799634,39.1510975148162],[-86.5676738709961,39.1511986208309],[-86.5677309520183,39.1512674028409],[-86.5679711820574,39.1508864197582],[-86.5681392060841,39.1506104096986],[-86.5682737101082,39.1504242236573],[-86.5683941801297,39.1502574136204],[-86.5684603871429,39.150181982603],[-86.5685301841568,39.1501024225848],[-86.5686951861918,39.1499404215465],[-86.5688892092352,39.1497784105069],[-86.5691041842839,39.1496054284641],[-86.5693901883535,39.1494354204185],[-86.5695521813939,39.149352423395],[-86.5699112454837,39.149167499343],[-86.5701501845433,39.1490444243083],[-86.5704441926156,39.148878431263],[-86.5706261986613,39.1487874202371],[-86.5711593767946,39.1485143011601],[-86.5714442098658,39.1483684181189],[-86.5721931950523,39.1479754100089],[-86.5726291921608,39.1477454299447],[-86.5729761822469,39.1475604158932],[-86.5729761813076,39.1483074310322],[-86.5729762083413,39.1487234111095],[-86.5729751853549,39.1488944291414],[-86.5729791863753,39.1491314161853],[-86.5729825135512,39.1512874145862],[-86.5729842086412,39.1523904257913],[-86.572960197784,39.1542354241356],[-86.57296120783,39.1547984332403],[-86.5685808825582,39.1548660104684],[-86.5668358370516,39.1548940375595],[-86.5633719932637,39.1576313652391],[-86.5629386101569,39.1578725223053],[-86.559798646232,39.1577583554385],[-86.5597921781727,39.1570514273074],[-86.5601700182664,39.1568493202512],[-86.5603082033008,39.1567754262306],[-86.5604061933252,39.1567244142163],[-86.560859179437,39.1564744301476],[-86.5614762075859,39.1560914160459],[-86.5619606956803,39.1555141329147],[-86.5621879137313,39.1553258698685],[-86.5632812989961,39.1546604246909],[-86.5634370610349,39.1545783966681],[-86.5641618732154,39.1541982915616],[-86.5665052357628,39.1525230671347]]],[[[-86.5575927336108,39.1580310255978],[-86.5566682073751,39.1584494217211],[-86.5569416724443,39.1583191436834],[-86.5570061894606,39.1582884106745],[-86.5573452075466,39.1581304246284],[-86.5574271625679,39.1580975176183],[-86.5575927336108,39.1580310255978]]]]},"properties":{"schlbrd":"5"}},{"type":"Feature","geometry":{"type":"Polygon","coordinates":[[[-86.5084022869511,39.154196947303],[-86.5083994009081,39.1536762652063],[-86.5077488407137,39.1536194052276],[-86.5074564706288,39.1536244402429],[-86.5071302515407,39.1537112082751],[-86.5066022224013,39.1538930433349],[-86.5061849883121,39.1542946564301],[-86.5054690031368,39.1547087635424],[-86.5045939389101,39.1550622496512],[-86.5039084747315,39.1553258767339],[-86.503226679534,39.1553438457707],[-86.5024621603096,39.1553271058052],[-86.5020292331798,39.1552835448184],[-86.5014559070087,39.155237577838],[-86.5004479657171,39.1552676018931],[-86.5001042936195,39.1553009429162],[-86.499743479518,39.1553473769425],[-86.4993557143997,39.1552840429498],[-86.4987322382017,39.1550854619435],[-86.4986242931599,39.1549580199251],[-86.4982105160519,39.1551151039746],[-86.4980396870063,39.1551676189928],[-86.4977194859136,39.1551769930102],[-86.4977191409124,39.1551634010078],[-86.497679144764,39.1534753946955],[-86.4976871567607,39.1534064116823],[-86.4976741426559,39.152160412451],[-86.4976961326156,39.1515834053425],[-86.4977031616072,39.1514544003182],[-86.4977261386024,39.1513114172904],[-86.4977581376022,39.151194397267],[-86.4978651656158,39.1509764152212],[-86.4979591316343,39.1508664061961],[-86.4981891486796,39.1505973991347],[-86.4982381306894,39.1505414161219],[-86.4983011397019,39.1504694131054],[-86.498257133689,39.1504694121075],[-86.4982131626762,39.1504694111097],[-86.4981041356444,39.1504694131151],[-86.4980141486181,39.1504694001195],[-86.496778151257,39.1504634061791],[-86.4952381288042,39.1504194032465],[-86.4949001297051,39.150413414262],[-86.4947271236543,39.15041089327],[-86.4945540826037,39.150408372278],[-86.4946501553771,39.1472653826882],[-86.4946701673454,39.1468014576009],[-86.4946853392821,39.1459663614446],[-86.48750557319,39.1460012348037],[-86.4875858003894,39.1481745912044],[-86.4853430217353,39.1481774923151],[-86.4853520758982,39.1501575266833],[-86.4853547659023,39.1501981196907],[-86.4849981487981,39.1501963987079],[-86.4849241367766,39.1501964037115],[-86.4847691277313,39.1501964037191],[-86.484611139685,39.1501944117265],[-86.4834541373478,39.1502004047844],[-86.4831811472685,39.1502044087986],[-86.4831221462513,39.1502053948016],[-86.4830461502293,39.1502064038056],[-86.4829488842011,39.1502082908107],[-86.4828514198289,39.1459638410252],[-86.4827090847874,39.1459631890321],[-86.4827542057583,39.1454416829328],[-86.4839297040999,39.1454241228718],[-86.4837772209267,39.1438351685834],[-86.4821965144664,39.143846190663],[-86.4819120033667,39.1436407006387],[-86.4803831349195,39.1436264037111],[-86.4803901448215,39.1423914034808],[-86.4803911348051,39.1421843944422],[-86.4803911267875,39.1419663964016],[-86.4806321398518,39.141892414376],[-86.4806721398613,39.141865412369],[-86.4807221338708,39.141803401355],[-86.4807271578698,39.141772403349],[-86.48077212588,39.1417374103402],[-86.4808211528922,39.1417103993328],[-86.480916157919,39.1416994143261],[-86.4809861539403,39.1417104013247],[-86.4811051319785,39.1417534073269],[-86.4811601329946,39.1417533893242],[-86.4812101580079,39.1417373943187],[-86.4812401300129,39.1416913963087],[-86.4813101550203,39.1415294132751],[-86.4813451430266,39.1414823972647],[-86.4814101420397,39.1414093992478],[-86.4815391310704,39.1413244042257],[-86.4817241561194,39.141262403205],[-86.4818031481396,39.1412273931947],[-86.4818931431643,39.1412083921867],[-86.4820131541991,39.14120439818],[-86.4822021262532,39.1411924131686],[-86.4823521252945,39.1411613931554],[-86.4827601364124,39.1411463921326],[-86.4829801514734,39.1411074131145],[-86.4831691505236,39.1410463910939],[-86.4834331495959,39.1409883910702],[-86.4835631506341,39.1409913940643],[-86.4836181516505,39.1409954110624],[-86.4836621596649,39.141015406064],[-86.4837521526937,39.1410464000653],[-86.4838371557185,39.1410463970611],[-86.4838871287343,39.1410613980614],[-86.483976149764,39.1411074040656],[-86.4840211407781,39.1411194140657],[-86.4840811457953,39.141115413062],[-86.4841401478103,39.1410883970541],[-86.4841751558202,39.1410844040516],[-86.484195149827,39.1410963950529],[-86.4842201458424,39.1411964070703],[-86.4842551408555,39.141231401075],[-86.4842791518628,39.1412353960746],[-86.4843041308679,39.1412083980684],[-86.4842891288569,39.141127409054],[-86.4842591248438,39.1410734140455],[-86.4842741538444,39.1410264050359],[-86.4843341578569,39.1409643890214],[-86.4843941468725,39.1409414150142],[-86.4844291568827,39.1409414030125],[-86.4844791348999,39.1409724100158],[-86.4845291599134,39.1409603940111],[-86.4845291439075,39.1408873889976],[-86.4845241529036,39.140856393992],[-86.4845291409029,39.1408294039867],[-86.4845591589088,39.1407944139787],[-86.4846731249358,39.1407174099588],[-86.4848481319812,39.1406473909372],[-86.4849021259948,39.1406204049295],[-86.4849571480099,39.1406094029248],[-86.484992135021,39.1406204009251],[-86.4850021540252,39.1406364039276],[-86.4849971500285,39.1406943909386],[-86.4850221460399,39.1407444059467],[-86.485047160049,39.1407674049497],[-86.4850721570563,39.1407673969485],[-86.4851171590669,39.1407364109405],[-86.4851521490743,39.1407013919323],[-86.4852021580867,39.1406744119249],[-86.4852511521001,39.1406634069204],[-86.4853111571173,39.1406594049167],[-86.4853661351346,39.1406744029168],[-86.4854761361666,39.1406743899114],[-86.4855251601791,39.1406514149047],[-86.4858421272546,39.14044141185],[-86.4859621382835,39.1403664148302],[-86.486117156318,39.1402333897978],[-86.4861511263243,39.140189414788],[-86.4861661313255,39.1401494067797],[-86.4861481603086,39.140006407754],[-86.4861791503099,39.1399103897346],[-86.4861791553072,39.1398763997283],[-86.4861451592933,39.1398274097208],[-86.4861171602838,39.1398113967192],[-86.4860761382714,39.1398053937201],[-86.4860481392619,39.1397894077185],[-86.4860391592578,39.1397714057156],[-86.4860551352598,39.1397374147084],[-86.4861571312797,39.139616391681],[-86.4862481393014,39.1395564006653],[-86.4863531433289,39.1395174026528],[-86.486464153359,39.1394893896422],[-86.4866291493974,39.1393684136116],[-86.4867281514215,39.1393093965957],[-86.4869051534696,39.1392654125788],[-86.4870541535075,39.1391973985589],[-86.4870711395109,39.1391774155543],[-86.48707814951,39.1391404135471],[-86.4870631525027,39.1391043975411],[-86.4870691345001,39.1390514115309],[-86.4871651475267,39.1390333975229],[-86.4872121515386,39.1390113985165],[-86.4872431555451,39.1389803955092],[-86.4872491495431,39.1389344105003],[-86.4872241355323,39.1388904084934],[-86.487231141532,39.1388624114878],[-86.4872461565354,39.1388504074848],[-86.4873271275589,39.1388473894803],[-86.4874111565809,39.1388164104704],[-86.4874791475954,39.138751413455],[-86.4875471276115,39.1387044004429],[-86.487721127656,39.13862739842],[-86.4878081566761,39.1385623884036],[-86.4878421556833,39.1385273913954],[-86.487975126716,39.1384533903751],[-86.4880681347404,39.1384194093642],[-86.4881301327553,39.1383793933537],[-86.4881661347617,39.1383284003425],[-86.4881711297591,39.1382793903331],[-86.4881241287404,39.1382174023239],[-86.4881271607396,39.1381964143198],[-86.4881521457447,39.1381684003133],[-86.4882991337823,39.1381044102942],[-86.4883601587978,39.1380753982858],[-86.4884311288138,39.1380164012714],[-86.4884591578113,39.1378864042457],[-86.4884901418086,39.137740389217],[-86.488528149815,39.1376813892043],[-86.4885801578263,39.1376344021929],[-86.4887821498779,39.1375443911663],[-86.4888541318973,39.137524413159],[-86.4889931419345,39.1374824011443],[-86.4891261289658,39.1373894001205],[-86.4892201299782,39.1372034000812],[-86.4892441529826,39.1371723880743],[-86.4892821319923,39.137154406069],[-86.4894211440318,39.1371414150598],[-86.489623155086,39.1370823980389],[-86.4898001301319,39.137011393017],[-86.4899111281589,39.1369463939994],[-86.4900171481834,39.1368653899791],[-86.4903431592627,39.1366704119268],[-86.4906681303449,39.136515402882],[-86.4908421513902,39.1364474008608],[-86.4909601594222,39.1364163998492],[-86.4910131344353,39.1363883898414],[-86.4911771514711,39.1362393978056],[-86.4912521484885,39.1361834117915],[-86.4913951335227,39.1360913927674],[-86.4914751385406,39.1360223917506],[-86.4915091365448,39.1359534037361],[-86.4915341505428,39.1358373927132],[-86.4917861476166,39.1358413897016],[-86.4949171345365,39.1359204135627],[-86.4958631478138,39.1359363875192],[-86.4965271470086,39.1359504124892],[-86.4965141509707,39.1355284084113],[-86.4965281519589,39.1353323903741],[-86.4965511579552,39.1352023933487],[-86.4965991459577,39.1350614033201],[-86.4966981349694,39.1348493942758],[-86.4967261529735,39.1347994022651],[-86.4968791520017,39.1345954072196],[-86.4975051311335,39.1339674040719],[-86.4980771302578,39.1334413979459],[-86.4982651513008,39.1332944119093],[-86.499157143512,39.1326893967528],[-86.4999411387001,39.1321873976208],[-86.5001011377389,39.132090400595],[-86.5004491498235,39.1318804035388],[-86.5008571469201,39.1316034104671],[-86.5013051360237,39.1312684093828],[-86.5017601651214,39.1308353982797],[-86.5018321371359,39.1307553942613],[-86.5020061371721,39.1305754122193],[-86.5021481311993,39.1303993881795],[-86.5023871432429,39.1300764101076],[-86.5026761632911,39.1296304040104],[-86.5028721313187,39.1292644079326],[-86.503018162336,39.1289523858673],[-86.5033971403742,39.1280583926822],[-86.5036281593997,39.1275393935742],[-86.5038071444259,39.1272183925057],[-86.5040961434741,39.1267724114084],[-86.5042721385088,39.1265664063614],[-86.5049281546529,39.1259813972203],[-86.5053591657532,39.1256683981408],[-86.5059821619017,39.1252573990337],[-86.5061571629441,39.1251503910051],[-86.5066401400612,39.1248563969267],[-86.5074951502709,39.1243643887931],[-86.5076801583172,39.1242703887665],[-86.5082431584581,39.1239824116852],[-86.5087651365902,39.123731980613],[-86.508763715534,39.1230433834848],[-86.5087807454484,39.1219232732753],[-86.5091251485176,39.1215363901863],[-86.5104501528966,39.1214443971042],[-86.5106371659516,39.121449407096],[-86.5115641472238,39.1214724080547],[-86.512493167495,39.1214744080095],[-86.5127791435785,39.1214764119958],[-86.5132601687191,39.1214793959728],[-86.5137591648635,39.1214653899457],[-86.5139191579101,39.1214643859376],[-86.5135134689262,39.1231267172672],[-86.5166182918108,39.1228672400664],[-86.5167558928585,39.122960325077],[-86.5169619229292,39.1230913840913],[-86.5171163769785,39.1231443280936],[-86.517062569952,39.1230101370712],[-86.5169902079141,39.1228031820362],[-86.5169594598864,39.1225713879946],[-86.5171101509303,39.122570389987],[-86.5171211449517,39.1227953880284],[-86.5171481409699,39.1229234080509],[-86.5173321480541,39.1233003911121],[-86.5175851641752,39.1238854112086],[-86.5176091631869,39.1239434042182],[-86.5176671352203,39.1241474072534],[-86.5176731662434,39.1244113953022],[-86.5176731692498,39.124490385317],[-86.517654162254,39.1246103853402],[-86.5175191362473,39.1250144004221],[-86.5174841622504,39.1251783884544],[-86.5174961492638,39.1253013934767],[-86.5175601442941,39.1254443905002],[-86.5176481543287,39.1255554095165],[-86.5177351613597,39.1256243895251],[-86.5178991364143,39.1257084035327],[-86.5180031484465,39.1257313935319],[-86.5191061617754,39.1258194074941],[-86.5196431609361,39.1258704094772],[-86.5198371389955,39.1259053924743],[-86.5202381541237,39.1260443894804],[-86.5210101603728,39.1263393944974],[-86.5211991474309,39.1263773984953],[-86.5214181484963,39.1263953944879],[-86.5219911446636,39.1263973864601],[-86.5221921617213,39.126385395448],[-86.5223491507653,39.1263644054364],[-86.5224421447906,39.1263414064276],[-86.5224801378003,39.1263244024225],[-86.5225751548243,39.1262773884091],[-86.5230311529344,39.1259953863342],[-86.5233381630071,39.1257874012803],[-86.5238261681218,39.1254464111929],[-86.5245501462871,39.1248794080518],[-86.5246031472991,39.1248363920411],[-86.5247561713313,39.1246834010051],[-86.5248211553428,39.1245914059848],[-86.524989151368,39.1242964029216],[-86.5250521563801,39.1242184009041],[-86.525242151426,39.1241013878729],[-86.5253301484486,39.1240633988615],[-86.5254221484732,39.124036409852],[-86.5255401705064,39.1240214078434],[-86.5259291616185,39.1240044058211],[-86.5264461697676,39.1239834027918],[-86.526502276784,39.1239844937892],[-86.5265050937922,39.1240744258059],[-86.5267030118498,39.1240743547962],[-86.5267041528544,39.1241263898058],[-86.526720155978,39.1255954030785],[-86.5267831721802,39.1278673914985],[-86.5268101472881,39.1291023977272],[-86.5268201383271,39.1295484078097],[-86.526839144433,39.1307884000397],[-86.5268341485066,39.1317144022123],[-86.5268361685444,39.1321744042979],[-86.5268391595736,39.1325243973629],[-86.5268511506245,39.1331103874714],[-86.5268581616542,39.1334513935345],[-86.5268601446616,39.1335353895501],[-86.5268741577127,39.1341154026574],[-86.5269001437713,39.1347464037736],[-86.5268921518563,39.1358243859747],[-86.5268981618731,39.136010400009],[-86.5270611579205,39.1360084050007],[-86.5284731513305,39.1359863889272],[-86.5286221573737,39.1359833919193],[-86.5287991644251,39.1359794019099],[-86.5289701714747,39.1359763989009],[-86.5297761677084,39.1359604068583],[-86.530811141009,39.1359443968045],[-86.531096151092,39.1359423967901],[-86.5309831720699,39.1360763948206],[-86.530872740062,39.1363762648819],[-86.5308461570601,39.1364484008966],[-86.5305771730324,39.1370744060263],[-86.5305231280279,39.137214147055],[-86.5304441460214,39.1374184000969],[-86.5304081540226,39.1375623991254],[-86.5303791680237,39.1376804031488],[-86.5303261490417,39.1380944032285],[-86.5303331550596,39.1382893992645],[-86.5303651730889,39.1385364053089],[-86.5308381743971,39.1406363996766],[-86.5311431675892,39.1419103878987],[-86.5312451566545,39.1423493939754],[-86.5313897977368,39.1428440340604],[-86.5316051488593,39.1435803981868],[-86.5316661228938,39.1437864952222],[-86.5317471589396,39.1440603912692],[-86.5323201742655,39.1460184106055],[-86.5325361643817,39.1466754027171],[-86.5326021594198,39.1469074127571],[-86.5326961514737,39.1472344148133],[-86.5327817395202,39.1474999308585],[-86.5328901505791,39.1478363899158],[-86.5329941626396,39.1482084109799],[-86.5329963196409,39.1482166029813],[-86.533003170645,39.1482423889858],[-86.5330165046488,39.148241654985],[-86.5330391526553,39.1482403889837],[-86.5330653616628,39.1482388659821],[-86.5330901616699,39.1482373909806],[-86.5334751687837,39.148255406965],[-86.5336524638372,39.1482772189604],[-86.5337921718793,39.1482944059567],[-86.5339493519285,39.1483364129568],[-86.5340541749614,39.1483643899568],[-86.5343171530461,39.1484633989623],[-86.5347041521754,39.1486653999809],[-86.5347945962065,39.1487243889874],[-86.5348881622388,39.1487853959942],[-86.5349601512636,39.1488324089994],[-86.5351301653244,39.1489704050167],[-86.535275176379,39.1491223950379],[-86.5353631754132,39.1492284030533],[-86.5354551424507,39.1493594150731],[-86.5355121714757,39.1494623940895],[-86.535561020502,39.1496108571147],[-86.5355901645176,39.1496994011298],[-86.5356801605789,39.1501304112056],[-86.535731958619,39.1504398322606],[-86.5357519086346,39.1505591382818],[-86.5363221698015,39.1505664012551],[-86.536286169983,39.1529343906975],[-86.5362821780019,39.1531813077437],[-86.5362791500161,39.1533674147784],[-86.5363621580403,39.1533673927744],[-86.5363624260413,39.1533784037764],[-86.5337314192736,39.1533761849053],[-86.5337147573384,39.154235192066],[-86.5269999763769,39.1541994613894],[-86.5226361630941,39.1540794055816],[-86.5226375151005,39.1541533505953],[-86.5226401611128,39.1542953906216],[-86.5226447181209,39.1543788236369],[-86.522648170127,39.1544414116484],[-86.5226496591598,39.1548404027226],[-86.5226531502372,39.1557823948977],[-86.5226501492515,39.1559694079326],[-86.5226341553198,39.1568694081009],[-86.5226371663976,39.1578183962773],[-86.5226371263984,39.1578279242791],[-86.5189411663182,39.1578034114562],[-86.5176802899494,39.1577919445161],[-86.5163402925585,39.1577919395819],[-86.5163421105609,39.1578159995863],[-86.5084013112391,39.1577529349648],[-86.5084143001525,39.1566379457567],[-86.5084092760563,39.1554699335395],[-86.5084022869511,39.154196947303]],[[-86.5030161560781,39.1504754148749],[-86.5034011461903,39.1504743928558],[-86.5036851412736,39.1504786888426],[-86.5036822311074,39.1484392984632],[-86.5036143669218,39.1463918700854],[-86.5036659976836,39.1432654525007],[-86.5002072876711,39.1432231046628],[-86.4989121622954,39.1432494007312],[-86.4989251343026,39.1432924057386],[-86.4989671453268,39.1434393947639],[-86.4990161483757,39.143866409841],[-86.4990091633899,39.1440674058788],[-86.4989391323958,39.1443924039427],[-86.498912156398,39.1445163949671],[-86.498884150421,39.1449014020402],[-86.4988491514217,39.145036391067],[-86.4988351304234,39.1451074030809],[-86.4988421404324,39.1451934020966],[-86.4988911634524,39.1452644011074],[-86.498891144455,39.1452964131134],[-86.4988911564594,39.1453503911234],[-86.4989671334899,39.1454534021389],[-86.4989811414967,39.1454863911443],[-86.4990511455377,39.1457404051882],[-86.4990581415486,39.1458494112081],[-86.4990231475489,39.1459794032341],[-86.4990161605603,39.1461464082655],[-86.4989811575593,39.1462603932884],[-86.4988911465458,39.1464173993221],[-86.4990465546269,39.1468585123966],[-86.499521061058,39.1504709730458],[-86.5010491525044,39.150478398972],[-86.5030161560781,39.1504754148749]],[[-86.5080181523866,39.1362674009841],[-86.5080331653872,39.1362203879746],[-86.5080691633949,39.1361853939663],[-86.5081161504069,39.1361644029601],[-86.5082411404418,39.1361453889504],[-86.508295136458,39.1361513939489],[-86.5083491514755,39.1361723899502],[-86.5084181514998,39.1362234129562],[-86.5084461565085,39.1362303869562],[-86.5085421465366,39.1362314099517],[-86.5087691475997,39.1361923889333],[-86.5092511337291,39.1360544108839],[-86.5093941387693,39.1360354008733],[-86.5097011388577,39.1360213998556],[-86.5099141119198,39.1360210488451],[-86.5101414449237,39.1352495356903],[-86.5107726670422,39.1344392915084],[-86.5115971942109,39.1335513303026],[-86.511828276286,39.1336474333092],[-86.5128011226331,39.1344285084069],[-86.5128111542057,39.1291134084166],[-86.5124751521306,39.1293963964858],[-86.5121281500612,39.1297884105758],[-86.5120221420409,39.1299203926056],[-86.5119941440367,39.1299694016161],[-86.511982159042,39.130078396637],[-86.5120071430639,39.1302584096693],[-86.5120221370823,39.1304313987008],[-86.5120131430928,39.1305933977314],[-86.5119761500891,39.1306823937498],[-86.5119291350786,39.1307204077591],[-86.5117861340423,39.1307884017788],[-86.5116841400201,39.1308813878012],[-86.5111661469244,39.1315663919542],[-86.5110671589044,39.1316753989793],[-86.5102511527163,39.1322924111343],[-86.5100491646724,39.1324783911788],[-86.5098631626362,39.1327014042295],[-86.5096611356011,39.1329964102943],[-86.5091121575186,39.1339544094997],[-86.5082991513863,39.1352504007809],[-86.5079821603319,39.1357214038842],[-86.5078651533087,39.1358554139149],[-86.5077751502877,39.1359203959314],[-86.5075051492197,39.1360534029694],[-86.5072531571531,39.1361394119978],[-86.5069991320841,39.136202403022],[-86.506841166039,39.136214388032],[-86.506698164997,39.1362114020385],[-86.5066361619803,39.1362274040445],[-86.5065991609714,39.1362514100508],[-86.5065611589649,39.1363073960631],[-86.5065411599654,39.1363863970788],[-86.5071361601441,39.1364494120613],[-86.5076521482921,39.1364184120302],[-86.5079621363738,39.1363103939949],[-86.5080181523866,39.1362674009841]]]},"properties":{"schlbrd":"4"}},{"type":"Feature","geometry":{"type":"Polygon","coordinates":[[[-86.5569416724443,39.1583191436834],[-86.5566682073751,39.1584494217211],[-86.5562301822657,39.1586754317847],[-86.5557461781482,39.1589664128626],[-86.555473773083,39.1591429269089],[-86.5552661810334,39.1592774249441],[-86.5551062009961,39.1593924259734],[-86.5548543989338,39.1595298250113],[-86.5547341809041,39.1595954210294],[-86.5546717948882,39.1596237460377],[-86.5544211908243,39.1597374290712],[-86.5542261847738,39.1598154240953],[-86.5538651826786,39.1599404361364],[-86.553549186595,39.1600454181714],[-86.553301376528,39.1601104871957],[-86.5530121894498,39.1601864312241],[-86.5524331782902,39.1603004272738],[-86.5520361931781,39.1603464173018],[-86.5516781880755,39.1603674363234],[-86.5515416600358,39.1603692013304],[-86.5508341838302,39.1603784353669],[-86.5500751956102,39.1603954204074],[-86.5499467365733,39.1604026844151],[-86.5496331914833,39.1604204124339],[-86.5494714724387,39.1604514934476],[-86.5493001823914,39.1604844234621],[-86.5488731912769,39.1606084335062],[-86.5487100892346,39.1606728635262],[-86.5486681732237,39.1606894195314],[-86.5485411871911,39.1607444345478],[-86.548328538137,39.1608410635762],[-86.5480702030711,39.1609584306108],[-86.5478312390093,39.1610560076407],[-86.5476881769723,39.1611144346586],[-86.5472608648593,39.1612566397061],[-86.5470722058093,39.1613194137271],[-86.5468746577557,39.1613684187459],[-86.5466851987043,39.161415428764],[-86.5465791816741,39.161425428771],[-86.5462241735715,39.1614364227906],[-86.5461673815551,39.1614379457936],[-86.5461491805498,39.1614384107946],[-86.546140582534,39.1612753127647],[-86.5461091694766,39.1606804246555],[-86.546086189443,39.1603494235951],[-86.5460551934016,39.1599504325224],[-86.5460447743787,39.1597067444776],[-86.54603617636,39.1595064154408],[-86.5459332013277,39.1594784304406],[-86.5458551993041,39.1594684344426],[-86.5450517230692,39.1594610464807],[-86.5434611716041,39.1594464135563],[-86.5425051813249,39.1594424206026],[-86.5419278641563,39.1594400136305],[-86.5410621879035,39.1594364286724],[-86.5400430176054,39.1594257237205],[-86.5386831732076,39.1594114147847],[-86.5373122008071,39.1594044228509],[-86.5363221825169,39.1593864358962],[-86.5363351674611,39.158652416759],[-86.5363342023638,39.1574564185365],[-86.5363201993036,39.1567644174085],[-86.5363261722956,39.1566444363858],[-86.536357177234,39.1557734152223],[-86.5363571872221,39.155626418195],[-86.5363742010831,39.153852425864],[-86.5363621810401,39.1533644277738],[-86.5362791730158,39.1533644227779],[-86.5362826889993,39.1531471007373],[-86.5362861929827,39.152931425697],[-86.5363221928012,39.1505634362546],[-86.5357519316343,39.1505561732812],[-86.5357256456139,39.1503990582533],[-86.5356801835786,39.150127418205],[-86.5355901875175,39.1496964361292],[-86.5355681065056,39.1496293681178],[-86.5355121944754,39.1494594290889],[-86.5354551654505,39.1493564220726],[-86.535363199413,39.1492254110527],[-86.5352751993788,39.1491194300373],[-86.5351301893242,39.1489674130161],[-86.5349601742633,39.1488294169989],[-86.5348881852385,39.1487824309936],[-86.5347949702064,39.1487216179869],[-86.5347041751752,39.1486624349804],[-86.5343171760459,39.1484604329617],[-86.5340541979611,39.1483614249563],[-86.5338930759107,39.1483183829562],[-86.5337921948791,39.1482914129561],[-86.5336887348479,39.1482787079589],[-86.5334751917835,39.1482524139645],[-86.5330901846697,39.14823442598],[-86.5330649266624,39.1482358989815],[-86.533039175655,39.1482374239831],[-86.5330175156489,39.1482386399844],[-86.5330031936447,39.1482394229852],[-86.5329966856408,39.148214901981],[-86.5329941856393,39.1482054179793],[-86.5328901735788,39.1478334249152],[-86.5327815555199,39.1474963058578],[-86.5326961754734,39.1472314218127],[-86.5326021834195,39.1469044207565],[-86.5325361873815,39.1466724107166],[-86.5323201972652,39.1460154186049],[-86.5317471819394,39.1440574262686],[-86.5316738408979,39.1438095392262],[-86.5316051728591,39.1435774331863],[-86.5314122107493,39.1429175290729],[-86.5312451796543,39.1423464279749],[-86.531143190589,39.1419074228982],[-86.5308381973968,39.140633434676],[-86.5303651970887,39.1385334123084],[-86.5303331780594,39.1382864342639],[-86.5303261720415,39.138091410228],[-86.5303791910234,39.1376774101483],[-86.5304081770223,39.1375594341249],[-86.5304441690212,39.1374154340963],[-86.5305355290287,39.1371791730479],[-86.5305771960321,39.1370714140257],[-86.5308461810599,39.1364454088961],[-86.5308715750617,39.1363764238819],[-86.5309831960697,39.13607342982],[-86.5310961740918,39.1359394317896],[-86.5313701841715,39.1359374077757],[-86.5322711824338,39.1359314297303],[-86.5334811677872,39.1359364306718],[-86.5349161702066,39.1359474196034],[-86.535157186277,39.1359494315919],[-86.5351071942805,39.1361724116358],[-86.5350021692948,39.1367274287443],[-86.5349631833069,39.1370174248002],[-86.5349031673378,39.1376144129143],[-86.5348731723735,39.138163414018],[-86.5348621914158,39.138724419123],[-86.5348851664738,39.1393574082396],[-86.53492518053,39.13990742334],[-86.5350011796046,39.1405544184567],[-86.5350691806547,39.140928409523],[-86.5351191986868,39.1411434305606],[-86.5355361799333,39.1426854348271],[-86.5358761981391,39.1440014180553],[-86.5360091842201,39.1445214221456],[-86.5362501723654,39.1454464083058],[-86.5363181904015,39.1456464133397],[-86.5364101784467,39.1458744243776],[-86.5367731816149,39.1466434305029],[-86.5383063250507,39.1465024594014],[-86.538336161026,39.1460900503231],[-86.5388881731855,39.1460724222927],[-86.5391021892443,39.1460274342738],[-86.5391521992565,39.1459984272659],[-86.5394291923155,39.1457284312021],[-86.540266181491,39.1448824160035],[-86.5406231715672,39.1445384129219],[-86.5407276955897,39.1444395368984],[-86.5413491907233,39.1438514177584],[-86.5416224467813,39.1435838976952],[-86.5418251828243,39.1433854286483],[-86.5426821770049,39.1425304284471],[-86.5435551891865,39.1416294262364],[-86.5436222182004,39.1415593672201],[-86.5438221692418,39.1413504221714],[-86.543944686267,39.1412210131413],[-86.5439821852748,39.1411814311321],[-86.5441017752999,39.1410612341038],[-86.5441912023186,39.1409714280827],[-86.5445311833904,39.1406334290031],[-86.544868174459,39.1402664209182],[-86.5451202005102,39.1399914088546],[-86.5464525737869,39.1386113425323],[-86.5467814638565,39.1382872314558],[-86.5487593812755,39.1363393869961],[-86.548761179276,39.136339422996],[-86.5499831806341,39.1363604229398],[-86.5515861871061,39.1364174148716],[-86.5543211789094,39.1364884227504],[-86.5558921913701,39.1365204176792],[-86.5593281893717,39.1365154335093],[-86.5599771725611,39.1365174154777],[-86.5603662046745,39.1365174314586],[-86.5606821897666,39.1365174214431],[-86.5617991810924,39.1365184163884],[-86.5618529421081,39.1365187663858],[-86.5618546660982,39.1363901713618],[-86.5643318878232,39.1364228362461],[-86.5659109062842,39.1364308171699],[-86.5672591126811,39.1364776761123],[-86.5672955364693,39.1337336915999],[-86.5729086761076,39.133755661328],[-86.572904202045,39.1329984121873],[-86.5728911869664,39.1320764180164],[-86.5728901877415,39.1293044245005],[-86.5728798306667,39.1284196723364],[-86.5734547155698,39.1251555807006],[-86.5734326803361,39.1223498861794],[-86.5734170553194,39.1221996621522],[-86.5734381752087,39.1207564028826],[-86.5734331861916,39.1205634218469],[-86.5734582020996,39.1193374086174],[-86.5734741879864,39.1178824023457],[-86.5734531828789,39.1166304081137],[-86.5734611898491,39.1162334040394],[-86.573467179776,39.1153094048671],[-86.5734571917653,39.1152134028497],[-86.5734261957505,39.115142403838],[-86.5733861747343,39.1150864108296],[-86.5733242047116,39.115029415822],[-86.5733911767263,39.1149694158075],[-86.5734681797401,39.1148624277838],[-86.5735591897503,39.1146604207417],[-86.5735842057497,39.1145634187225],[-86.5736051867398,39.1143664056848],[-86.5736101927069,39.1139404226052],[-86.5735020494336,39.1109544830546],[-86.5735017991988,39.1080544555146],[-86.573505793165,39.1076224004339],[-86.5735021930856,39.1066545642539],[-86.5735058180757,39.1065183172283],[-86.5733025235986,39.1013543472766],[-86.5734018245709,39.1006543271414],[-86.5733017523614,39.0860545234267],[-86.573415274178,39.0833761669221],[-86.5734246720547,39.081816186631],[-86.5734642229687,39.080608570404],[-86.5735591968358,39.078620978029],[-86.5732023362742,39.0729544999905],[-86.5732020040804,39.0705544825432],[-86.5732512038313,39.0672914089327],[-86.5734411838432,39.0667523978229],[-86.5735272018425,39.066432417759],[-86.5735842018359,39.0661464097029],[-86.5736191738161,39.0657743956318],[-86.5736651917368,39.0646253954154],[-86.5736611776499,39.0635624162175],[-86.5736441745603,39.0625134100227],[-86.5735271983107,39.0598424085305],[-86.5734941881511,39.0579834041856],[-86.5734891911362,39.0578163941547],[-86.5734822041157,39.0575883961125],[-86.5734581940095,39.0563583938843],[-86.5734401789386,39.0555434177333],[-86.573309191609,39.0519293990658],[-86.5732541883909,39.0494234016013],[-86.5732511983506,39.04893340651],[-86.5732531893371,39.0487593974775],[-86.5733022501173,39.0458543669334],[-86.5734021121222,39.0455545158725],[-86.5734097637036,39.0403322198981],[-86.5734019773246,39.0356555440262],[-86.5734025353086,39.0354554449889],[-86.573402117761,39.0286555527203],[-86.5735796071236,39.0200923081138],[-86.5736025646286,39.0138554359487],[-86.5736024779692,39.0056552724181],[-86.5736338478536,39.0041034391269],[-86.5738667055298,38.9992294682055],[-86.5738688261701,38.9947434043678],[-86.5737939699404,38.9921555038882],[-86.5884001832,38.9922223831863],[-86.594579199985,38.9920403918499],[-86.5948371960609,38.9920503948392],[-86.5957101973154,38.992053388797],[-86.5958321933499,38.9920403897886],[-86.6062961874004,38.992080399284],[-86.6099041754525,38.9921003941111],[-86.6163451983436,38.992294383832],[-86.6249891958506,38.9921723773861],[-86.626280187227,38.992178402324],[-86.6344812026147,38.9921793769225],[-86.6399292092053,38.9922363946663],[-86.6402912083139,38.9922753856558],[-86.6486181977402,38.9923043992533],[-86.6497932180852,38.9923413902026],[-86.6584741976091,38.9923053947706],[-86.6592492098351,38.9923103837335],[-86.6605641902185,38.9923183956706],[-86.6624502107692,38.9923403965822],[-86.6665202079546,38.9923503933846],[-86.6822821975467,38.9924123896235],[-86.682174224125,38.9999833900409],[-86.6821102096862,39.0071803833861],[-86.6821402000192,39.0112034021347],[-86.6821372212095,39.013574388577],[-86.682122221337,39.0276063811933],[-86.6821222269772,39.0355373846713],[-86.6824482015267,39.0411663847041],[-86.6825182286603,39.0425684049619],[-86.6825432296932,39.0428853910197],[-86.6822792327704,39.0447923913879],[-86.6821432168013,39.0456644015571],[-86.6820962298099,39.045941410611],[-86.6821002348615,39.046565394727],[-86.682099204959,39.0477743999523],[-86.6820812276758,39.0567074106171],[-86.6821362201499,39.0623723876693],[-86.6821522351693,39.0625543947024],[-86.6822142181874,39.0625543876994],[-86.6822722269041,39.0712044003071],[-86.6823432366196,39.0797864079011],[-86.6823762351884,39.0866893901843],[-86.6824642168311,39.094304405597],[-86.6825432234746,39.1019574070169],[-86.6825132165399,39.1028694191881],[-86.6825062255734,39.1033073992699],[-86.6824912266374,39.1041513994277],[-86.6825172358529,39.1067144219031],[-86.6825252169005,39.1072714210064],[-86.682510211953,39.1079734181377],[-86.6825282380226,39.1087664082843],[-86.6825062220358,39.1090073953302],[-86.6826022092164,39.1108884036753],[-86.6826322364927,39.1141864032872],[-86.6826602218076,39.1179634179883],[-86.6826822170459,39.1208194015182],[-86.6827852119297,39.1313304124674],[-86.6828032381118,39.133506404871],[-86.6828092411741,39.1342514120092],[-86.6828122192182,39.1347834071079],[-86.6828402325948,39.1393164039491],[-86.6829502097034,39.1525514284032],[-86.6830602198067,39.1657094098421],[-86.6830595448102,39.1657539128504],[-86.6699271369728,39.1656153754727],[-86.6542610803856,39.1653409421946],[-86.6511202364691,39.1653254923467],[-86.6447892456235,39.1653175986574],[-86.6407718984465,39.1652414328414],[-86.6385567197997,39.165227122948],[-86.6357977149889,39.1651435010684],[-86.6291051350309,39.1650533053816],[-86.6188011920265,39.1650404178871],[-86.6159022181797,39.1650184200259],[-86.614517209773,39.1649824090874],[-86.6130151953334,39.1649604321573],[-86.6115581979053,39.1649204162217],[-86.6110372237533,39.164918415247],[-86.6106112206291,39.1649174292678],[-86.6054252001137,39.1648734335152],[-86.6053611950949,39.1648724295181],[-86.6052592040651,39.164871435523],[-86.6024152032333,39.1648374116568],[-86.601680210018,39.1648264146909],[-86.600376196637,39.1648154167531],[-86.6000292085356,39.1648124127696],[-86.5991932172913,39.1648054288096],[-86.5991191952696,39.164804434813],[-86.5990351912451,39.1648034258169],[-86.5969672186405,39.1647834199151],[-86.5936422176677,39.1647414360711],[-86.5923301842832,39.1647174101312],[-86.5898371945543,39.1646924112493],[-86.5884035281356,39.1646828993182],[-86.5881812070706,39.1646814333289],[-86.5864752075727,39.1646754344118],[-86.5860272054419,39.1646734134335],[-86.5858791853987,39.1646734134408],[-86.5857241873534,39.1646724224482],[-86.5846902000518,39.1646704194987],[-86.583188188613,39.1646604125708],[-86.5829441875416,39.1646574155823],[-86.5827131934741,39.1646554355933],[-86.5820131922696,39.1646494336267],[-86.5814922071172,39.1646444186514],[-86.580903196945,39.1646384206793],[-86.5807181928909,39.164636414688],[-86.5803591957858,39.1646314337048],[-86.5802051927407,39.164629424712],[-86.5801221847163,39.1646274187157],[-86.5799861976766,39.1646264197222],[-86.5791361804277,39.1646134367616],[-86.5774311879287,39.1645904258413],[-86.5762591915856,39.164574431896],[-86.5762162005731,39.1645744098982],[-86.5761792035623,39.1645744138999],[-86.5755991873927,39.1645684289274],[-86.5743291800219,39.1645624209888],[-86.5743061850151,39.1645624309899],[-86.5739141929007,39.1645604160089],[-86.5738411868794,39.1645604260125],[-86.5736941808366,39.1645614310199],[-86.5735471817937,39.1645614200271],[-86.5734742117725,39.1645614290307],[-86.5734081897532,39.164561415034],[-86.5732771947151,39.1645624340406],[-86.5731492066778,39.1645624240469],[-86.5730252026416,39.164562429053],[-86.5730262126317,39.1644374290297],[-86.5730271966202,39.1642914240025],[-86.5730283056021,39.1640646179603],[-86.573030185572,39.16368741389],[-86.5715760771915,39.1642242460615],[-86.5715179641093,39.1634199809148],[-86.5710587919752,39.163417962937],[-86.5707497897456,39.1617006286328],[-86.563307723766,39.1640477294356],[-86.563071306614,39.1630250782571],[-86.5623125593958,39.1630634213016],[-86.5615775361846,39.163103018345],[-86.5609497230373,39.1635435044579],[-86.5609442230961,39.1642870595965],[-86.5595847837015,39.1643095666675],[-86.5594294235469,39.162964669425],[-86.5592107054645,39.1627348983931],[-86.5567689487387,39.162566598482],[-86.5567535597017,39.1621661434082],[-86.5566677196114,39.1613621022629],[-86.5566682073751,39.1584494217211],[-86.5575927336108,39.1580310255978],[-86.5574271625679,39.1580975176183],[-86.5573452075466,39.1581304246284],[-86.5570061894606,39.1582884106745],[-86.5569416724443,39.1583191436834]],[[-86.5729842086412,39.1523904257913],[-86.5729825135512,39.1512874145862],[-86.5729791863753,39.1491314161853],[-86.5729751853549,39.1488944291414],[-86.5729762083413,39.1487234111095],[-86.5729761813076,39.1483074310322],[-86.5729761822469,39.1475604158932],[-86.5726291921608,39.1477454299447],[-86.5721931950523,39.1479754100089],[-86.5714442098658,39.1483684181189],[-86.5711593767946,39.1485143011601],[-86.5706261986613,39.1487874202371],[-86.5704441926156,39.148878431263],[-86.5701501845433,39.1490444243083],[-86.5699112454837,39.149167499343],[-86.5695521813939,39.149352423395],[-86.5693901883535,39.1494354204185],[-86.5691041842839,39.1496054284641],[-86.5690467262708,39.1496516574755],[-86.5688892092352,39.1497784105069],[-86.568763018207,39.1498838055327],[-86.5686951861918,39.1499404215465],[-86.5685301841568,39.1501024225848],[-86.5684520661413,39.1501914726052],[-86.5683941801297,39.1502574136204],[-86.5682745661083,39.1504230186571],[-86.5681392060841,39.1506104096986],[-86.5679711820574,39.1508864197582],[-86.5677309520183,39.1512674028409],[-86.5676979540055,39.1512276378351],[-86.5675899799634,39.1510975148162],[-86.5665052357628,39.1525230671347],[-86.5641618732154,39.1541982915616],[-86.5634370610349,39.1545783966681],[-86.5632812989961,39.1546604246909],[-86.5621879137313,39.1553258698685],[-86.5619606956803,39.1555141329147],[-86.5614762075859,39.1560914160459],[-86.560859179437,39.1564744301476],[-86.5604061933252,39.1567244142163],[-86.5603082033008,39.1567754262306],[-86.5601857742704,39.1568409072488],[-86.5597921781727,39.1570514273074],[-86.559798646232,39.1577583554385],[-86.5629386101569,39.1578725223053],[-86.5633719932637,39.1576313652391],[-86.5668358370516,39.1548940375595],[-86.5685808825582,39.1548660104684],[-86.57296120783,39.1547984332403],[-86.572960197784,39.1542354241356],[-86.5729842086412,39.1523904257913]]]},"properties":{"schlbrd":"3"}},{"type":"Feature","geometry":{"type":"MultiPolygon","coordinates":[[[[-86.3702971205438,39.1654554431759],[-86.3702001395127,39.1530474448684],[-86.3701971504801,39.1526554447955],[-86.3700901392507,39.1502024403436],[-86.3699141280085,39.1478404409119],[-86.3698971469321,39.1469554197478],[-86.3696971376153,39.143755439161],[-86.3695991418321,39.1344064304227],[-86.3695121161368,39.1261014168782],[-86.3695011270494,39.1250564166838],[-86.3692681179276,39.1119824152564],[-86.3692351247512,39.1099124148718],[-86.369234146505,39.1068594213022],[-86.3692241382672,39.1039434317586],[-86.3692241491347,39.1022974094514],[-86.3692321426074,39.095717426223],[-86.3692071355042,39.0945254200017],[-86.369256122465,39.0938604128752],[-86.3692561284379,39.0935244098125],[-86.3692321193959,39.0930894187325],[-86.3693161253897,39.092707420657],[-86.369208131343,39.0925194286272],[-86.3691591313011,39.0921764255656],[-86.3691161440854,39.0896514150964],[-86.3692281417675,39.085291414277],[-86.3692711387605,39.0850484202295],[-86.3693201207328,39.0845264291297],[-86.3693681436352,39.0831384218682],[-86.3693281376088,39.082955431836],[-86.3692341115738,39.082861423823],[-86.3692131385386,39.0824994277565],[-86.3692451374882,39.0817574126164],[-86.3692481184738,39.0815664205806],[-86.3692541344649,39.0814344225556],[-86.3694381424985,39.0811844114999],[-86.3693621453615,39.0797564102371],[-86.3693321323022,39.079127406121],[-86.369215134135,39.0774724228177],[-86.3691731420714,39.0768334077004],[-86.3691771468311,39.0738294091393],[-86.3691951314889,39.0695044043307],[-86.3692191432902,39.0669434148512],[-86.3692351211248,39.064826419455],[-86.3692221399053,39.0621404159539],[-86.3694351256343,39.0579904181683],[-86.3695271295447,39.0565404038929],[-86.370071128049,39.0483834233423],[-86.350789109472,39.049032426404],[-86.350762108437,39.0486944113421],[-86.3376601336316,39.0489444190275],[-86.3369001224102,39.0489504030658],[-86.3272241125824,39.0489204165317],[-86.3181391249211,39.0488184159553],[-86.3180921263716,39.0421314197073],[-86.318095119314,39.0414004265705],[-86.3181631087758,39.034431408264],[-86.3180911127426,39.0342784182389],[-86.3180201117132,39.0341704072221],[-86.3179990977023,39.0341114042121],[-86.3179721156841,39.0339824041893],[-86.3179621176504,39.0335974061178],[-86.3179521185046,39.0318124027844],[-86.3179001064362,39.0311484236628],[-86.3178931014243,39.0310244146399],[-86.317873113411,39.0309324146237],[-86.3177951253769,39.0307904236009],[-86.3178001133228,39.0300964244709],[-86.3179641146675,39.0213063998186],[-86.3179401004235,39.0183434112655],[-86.317908117102,39.0144384075364],[-86.317851108637,39.0088293964896],[-86.3178130972184,39.0037304195372],[-86.317805117137,39.0027404113522],[-86.3173861108004,39.0000573978705],[-86.3174050946552,38.9981693945161],[-86.3174801090949,38.9908774051474],[-86.3177661001784,38.9908774141335],[-86.328058123184,38.9908924066359],[-86.3288531204158,38.9908893955967],[-86.3375491159517,38.9908593921682],[-86.3478830979671,38.9908494006637],[-86.3506261347723,38.9909083925412],[-86.355137120095,38.9909853953362],[-86.3552301341167,38.9909173903189],[-86.3553501231496,38.9908913963082],[-86.355479130187,38.9908884123014],[-86.3599211044859,38.9909194140911],[-86.3621851151463,38.9909164059803],[-86.3625331142469,38.9909043889611],[-86.3673411316488,38.9908894037243],[-86.3674651276851,38.9908913997187],[-86.3687561120597,38.9908643896508],[-86.3749961368679,38.9907073893177],[-86.384960111784,38.9908184118533],[-86.3899001312301,38.990878407624],[-86.4005631453498,38.9909904111256],[-86.4113491345057,38.9911084076223],[-86.4221341466608,38.9912263911188],[-86.433235144909,38.9913583986024],[-86.4340421321449,38.9913644025642],[-86.4427951507047,38.9914544071543],[-86.4489511364993,38.9914474038528],[-86.4508911490662,38.9914633997612],[-86.4510681431167,38.9914484067498],[-86.4569741488543,38.991642389498],[-86.4615270321849,38.991680277283],[-86.4615401541887,38.9916804022824],[-86.4682741571572,38.9917444019659],[-86.4708601369114,38.9917474068403],[-86.4800411675927,38.9918063864033],[-86.4957381651653,38.99176840163],[-86.4962951553265,38.9917533856],[-86.5004011645269,38.991798408408],[-86.5020141530003,38.9918394033369],[-86.502157170042,38.9918394013299],[-86.5022741660735,38.9918073933182],[-86.5080121527561,38.9919353840619],[-86.5080776597752,38.9919357890588],[-86.5124161470418,38.9919623968519],[-86.5168061543229,38.9919833836414],[-86.5210261735536,38.9919944074373],[-86.5233901782444,38.9920184063264],[-86.5257511559326,38.9920204042114],[-86.5260281510046,38.9919123961777],[-86.5265011531359,38.9918303911393],[-86.5270221742873,38.9918253811129],[-86.5276951784834,38.99182540208],[-86.5295961520385,38.9918393819897],[-86.5334351851561,38.9918264017997],[-86.5354131697333,38.991836393705],[-86.535617183794,38.9918513816977],[-86.5358461648682,38.9919453957042],[-86.5359291748915,38.991934391698],[-86.5360651549278,38.9918934046838],[-86.536337172001,38.9918173916563],[-86.5366871731014,38.9917983846356],[-86.5372371562645,38.9918333856152],[-86.5375641553608,38.9918454036015],[-86.5387301626998,38.991837398543],[-86.5402671881502,38.9918683944737],[-86.5426791878538,38.9918783883577],[-86.5444891663776,38.991834401261],[-86.5480561904339,38.9920473801265],[-86.558422164457,38.992086401627],[-86.5686471844387,38.9921244031342],[-86.5690751795642,38.9921343901151],[-86.5735541728704,38.9921544018998],[-86.5737939699404,38.9921555038882],[-86.5738688261701,38.9947434043678],[-86.5738667055298,38.9992294682055],[-86.5736338478536,39.0041034391269],[-86.5736024779692,39.0056552724181],[-86.5736025646286,39.0138554359487],[-86.5735796071236,39.0200923081138],[-86.573402117761,39.0286555527203],[-86.5734025353086,39.0354554449889],[-86.5734019773246,39.0356555440262],[-86.5734097637036,39.0403322198981],[-86.5734021121222,39.0455545158725],[-86.5733022501173,39.0458543669334],[-86.5732531893371,39.0487593974775],[-86.5732511983506,39.04893340651],[-86.5732541883909,39.0494234016013],[-86.573309191609,39.0519293990658],[-86.5734401789386,39.0555434177333],[-86.5734581940095,39.0563583938843],[-86.5734822041157,39.0575883961125],[-86.5734891911362,39.0578163941547],[-86.5734941881511,39.0579834041856],[-86.5735271983107,39.0598424085305],[-86.5736441745603,39.0625134100227],[-86.5736611776499,39.0635624162175],[-86.5736651917368,39.0646253954154],[-86.5736191738161,39.0657743956318],[-86.5735842018359,39.0661464097029],[-86.5735272018425,39.066432417759],[-86.5734411838432,39.0667523978229],[-86.5732512038313,39.0672914089327],[-86.5732020040804,39.0705544825432],[-86.5732023362742,39.0729544999905],[-86.5735591968358,39.078620978029],[-86.5734642229687,39.080608570404],[-86.5734246720547,39.081816186631],[-86.573415274178,39.0833761669221],[-86.5733017523614,39.0860545234267],[-86.5734018245709,39.1006543271414],[-86.5733025235986,39.1013543472766],[-86.5735058180757,39.1065183172283],[-86.5735021930856,39.1066545642539],[-86.573505793165,39.1076224004339],[-86.5735017991988,39.1080544555146],[-86.5735020494336,39.1109544830546],[-86.5736101927069,39.1139404226052],[-86.5736051867398,39.1143664056848],[-86.5735842057497,39.1145634187225],[-86.5735591897503,39.1146604207417],[-86.5734681797401,39.1148624277838],[-86.5733911767263,39.1149694158075],[-86.5733242047116,39.115029415822],[-86.5733861747343,39.1150864108296],[-86.5734261957505,39.115142403838],[-86.5734571917653,39.1152134028497],[-86.573467179776,39.1153094048671],[-86.5734611898491,39.1162334040394],[-86.5734531828789,39.1166304081137],[-86.5734741879864,39.1178824023457],[-86.5734582020996,39.1193374086174],[-86.5734331861916,39.1205634218469],[-86.5734381752087,39.1207564028826],[-86.5734170553194,39.1221996621522],[-86.5734326803361,39.1223498861794],[-86.5734547155698,39.1251555807006],[-86.5728798306667,39.1284196723364],[-86.5728901877415,39.1293044245005],[-86.5728911869664,39.1320764180164],[-86.572904202045,39.1329984121873],[-86.5729086761076,39.133755661328],[-86.5672955364693,39.1337336915999],[-86.5672591126811,39.1364776761123],[-86.5659109062842,39.1364308171699],[-86.5643318878232,39.1364228362461],[-86.5618546660982,39.1363901713618],[-86.5618529421081,39.1365187663858],[-86.5617991810924,39.1365184163884],[-86.5606821897666,39.1365174214431],[-86.5603662046745,39.1365174314586],[-86.5599771725611,39.1365174154777],[-86.5593281893717,39.1365154335093],[-86.5558921913701,39.1365204176792],[-86.5543211789094,39.1364884227504],[-86.5515861871061,39.1364174148716],[-86.5499831806341,39.1363604229398],[-86.548761179276,39.136339422996],[-86.5487593812755,39.1363393869961],[-86.5467814638565,39.1382872314558],[-86.5464525737869,39.1386113425323],[-86.5451202005102,39.1399914088546],[-86.544868174459,39.1402664209182],[-86.5445311833904,39.1406334290031],[-86.5441912023186,39.1409714280827],[-86.5440854322964,39.1410776871077],[-86.5439821852748,39.1411814311321],[-86.543944686267,39.1412210131413],[-86.5438221692418,39.1413504221714],[-86.5436039511966,39.1415784742245],[-86.5435551891865,39.1416294262364],[-86.5426821770049,39.1425304284471],[-86.5418251828243,39.1433854286483],[-86.5416224467813,39.1435838976952],[-86.5413491907233,39.1438514177584],[-86.5407381735919,39.144429618896],[-86.5406231715672,39.1445384129219],[-86.540266181491,39.1448824160035],[-86.5394291923155,39.1457284312021],[-86.5391521992565,39.1459984272659],[-86.5391021892443,39.1460274342738],[-86.5388881731855,39.1460724222927],[-86.538336161026,39.1460900503231],[-86.5383063250507,39.1465024594014],[-86.5367731816149,39.1466434305029],[-86.5364101784467,39.1458744243776],[-86.5363181904015,39.1456464133397],[-86.5362501723654,39.1454464083058],[-86.5360091842201,39.1445214221456],[-86.5358761981391,39.1440014180553],[-86.5355361799333,39.1426854348271],[-86.5351191986868,39.1411434305606],[-86.5350691806547,39.140928409523],[-86.5350011796046,39.1405544184567],[-86.53492518053,39.13990742334],[-86.5348851664738,39.1393574082396],[-86.5348621914158,39.138724419123],[-86.5348731723735,39.138163414018],[-86.5349031673378,39.1376144129143],[-86.5349631833069,39.1370174248002],[-86.5350021692948,39.1367274287443],[-86.5351071942805,39.1361724116358],[-86.535157186277,39.1359494315919],[-86.5349161702066,39.1359474196034],[-86.5334811677872,39.1359364306718],[-86.5322711824338,39.1359314297303],[-86.5313701841715,39.1359374077757],[-86.5310961740918,39.1359394317896],[-86.5308111640088,39.1359414308039],[-86.5297761917083,39.1359574138578],[-86.5289701944744,39.1359734069003],[-86.5287991874249,39.1359764099093],[-86.5286221803735,39.1359804269187],[-86.5284731743303,39.1359834239266],[-86.5270611819202,39.1360054120001],[-86.5268981858729,39.1360074080084],[-86.5268921758561,39.1358214209741],[-86.5269001677711,39.134743411773],[-86.5268741807124,39.1341124106568],[-86.5268601676613,39.1335324235495],[-86.526858184654,39.133448427534],[-86.5268511746243,39.1331074214709],[-86.5268391825734,39.1325214323623],[-86.5268361915441,39.1321714122973],[-86.5268341715063,39.1317114092118],[-86.5268391684328,39.1307854070391],[-86.5268201623268,39.1295454158092],[-86.5268101712878,39.1290994317266],[-86.52678319618,39.127864426498],[-86.5267201799777,39.125592410078],[-86.5267041758542,39.1241234248053],[-86.5267030348496,39.1240713897956],[-86.5265051167919,39.1240714608053],[-86.5265022997838,39.1239815297887],[-86.5264461927673,39.1239804107913],[-86.5259291846182,39.1240014138205],[-86.5255401945061,39.1240184158428],[-86.525422171473,39.1240334178514],[-86.5253301714483,39.1240604058609],[-86.5252421744258,39.1240984228723],[-86.5250521803798,39.1242154079035],[-86.5249891753677,39.1242934099211],[-86.5248211793426,39.1245884129843],[-86.5247561953311,39.1246804080046],[-86.5246031702988,39.1248334270406],[-86.5245501702869,39.1248764160513],[-86.5238261911216,39.1254434191923],[-86.5233381860069,39.1257844092798],[-86.5230311759342,39.1259924213336],[-86.522575178824,39.1262744234085],[-86.5224801618001,39.1263214094219],[-86.5224421687903,39.126338413427],[-86.5223491747651,39.1263614134358],[-86.522192184721,39.1263824294475],[-86.5219911686633,39.1263944214595],[-86.5214181714961,39.1263924294873],[-86.5211991704307,39.1263744064947],[-86.5210101843726,39.1263364294969],[-86.5202381771235,39.1260414244799],[-86.5198371629953,39.1259024274737],[-86.5196431849359,39.1258674174767],[-86.5191061857751,39.1258164144936],[-86.5180031724463,39.1257284285313],[-86.5178991604141,39.1257054105321],[-86.5177351853595,39.1256214245246],[-86.5176481783284,39.125552417516],[-86.5175601682939,39.1254414264996],[-86.5174961722636,39.1252984284761],[-86.5174841862502,39.1251754224538],[-86.517519160247,39.1250114074215],[-86.5176541862538,39.1246074203397],[-86.5176731932496,39.1244874203164],[-86.5176731902432,39.1244084303017],[-86.5176671592201,39.1241444142528],[-86.5176091871867,39.1239404112177],[-86.517585188175,39.1238824182081],[-86.5173321720539,39.1232974261115],[-86.5171481649697,39.1229204160503],[-86.5171211679515,39.1227924230278],[-86.5171101749301,39.1225674249864],[-86.5169594838862,39.122568394994],[-86.5169902309139,39.1228002170357],[-86.5170625939517,39.1230071720707],[-86.5171164009783,39.123141335093],[-86.516961946929,39.1230884190908],[-86.5167559168582,39.1229573600765],[-86.5166183158106,39.1228642750659],[-86.513513493926,39.1231237242666],[-86.5139191819099,39.1214614219371],[-86.5137591888633,39.1214624249451],[-86.5132601927188,39.1214764309722],[-86.5127791675783,39.1214734189953],[-86.5124931914947,39.1214714150089],[-86.5115641722236,39.1214694150542],[-86.5106371909513,39.1214464140954],[-86.5104501768964,39.1214414321036],[-86.5091251725173,39.1215334241858],[-86.5087807694482,39.1219203082747],[-86.5087637395338,39.1230404194842],[-86.5087651605899,39.1237290156124],[-86.5082431824579,39.1239794186847],[-86.5076801833169,39.1242674237659],[-86.5074951742706,39.1243614247925],[-86.506640164061,39.1248534319261],[-86.5061571869439,39.1251474260046],[-86.5059821859015,39.1252544340331],[-86.505359190753,39.1256654331403],[-86.5049281786526,39.1259784322197],[-86.5042721635085,39.1265634133608],[-86.5040961674739,39.1267694184079],[-86.5038071684256,39.1272154275051],[-86.5036281843994,39.1275364285737],[-86.5033971643741,39.1280554276817],[-86.5030181873358,39.1289494218668],[-86.5028721563185,39.1292614149321],[-86.5026761882909,39.1296274120098],[-86.5023871682426,39.1300734181071],[-86.5021481561991,39.130396423179],[-86.5020061621719,39.1305724202187],[-86.5018321611357,39.1307524292608],[-86.5017601891211,39.1308324342792],[-86.5013051600235,39.1312654173822],[-86.5008571719199,39.1316004184665],[-86.5004491748233,39.1318774105382],[-86.5001011617387,39.1320874355944],[-86.4999411626999,39.1321844316203],[-86.4991571675118,39.1326864317523],[-86.4982651753005,39.1332914189087],[-86.4980771542576,39.1334384339454],[-86.4975051561333,39.1339644120714],[-86.4968791770015,39.134592414219],[-86.4967261779733,39.1347964092645],[-86.4966981589692,39.1348464302752],[-86.4965991709575,39.1350584113196],[-86.4965511829549,39.1351994293482],[-86.4965281769587,39.1353294253735],[-86.4965141759705,39.1355254164107],[-86.4965271720084,39.1359474194886],[-86.4958631728136,39.1359334225186],[-86.4949171595362,39.1359174215621],[-86.4917861726164,39.1358384257011],[-86.4915341755425,39.1358344277127],[-86.4915091625446,39.1359504107355],[-86.4914751635403,39.1360194267501],[-86.4913951575225,39.1360884287668],[-86.4912521734882,39.136180419791],[-86.4911771764709,39.1362364328051],[-86.4910131594351,39.1363854238409],[-86.4909601844219,39.1364134348487],[-86.49084217639,39.1364444368603],[-86.4906681553447,39.1365124108815],[-86.4903431842625,39.1366674199263],[-86.4900171721831,39.1368624249786],[-86.4899111531587,39.1369434289989],[-86.4898001551316,39.1370084280165],[-86.4896231800857,39.1370794330384],[-86.4894211690315,39.1371384220593],[-86.489282156992,39.1371514140685],[-86.4892441779824,39.1371694230737],[-86.4892201549779,39.1372004350807],[-86.4891261539655,39.1373864351199],[-86.4889931669343,39.1374794361437],[-86.4888541568971,39.1375214211584],[-86.4887821748777,39.1375414261656],[-86.4885801838261,39.1376314101923],[-86.4885281748147,39.1376784242037],[-86.4884901668084,39.1377374242165],[-86.4884591828111,39.1378834122452],[-86.4884311538135,39.1380134362708],[-86.4883601827976,39.1380724332853],[-86.4882991587822,39.1381014172936],[-86.4881521707444,39.1381654343128],[-86.4881271857394,39.1381934213192],[-86.4881241537402,39.1382144373233],[-86.4881711547589,39.1382764253326],[-86.4881661597614,39.1383254353419],[-86.488130157755,39.1383764283532],[-86.4880681597402,39.1384164173637],[-86.4879751517158,39.1384504263746],[-86.487842180683,39.1385244253949],[-86.4878081816759,39.1385594224031],[-86.4877211526558,39.1386244324194],[-86.4875471526112,39.1387014354423],[-86.4874791725952,39.1387484204544],[-86.4874111815806,39.1388134184698],[-86.4873271525586,39.1388444254798],[-86.4872461815353,39.1388474154843],[-86.4872311675319,39.1388594184872],[-86.4872241605321,39.1388874154928],[-86.4872491745429,39.1389314174997],[-86.4872431805449,39.1389774305087],[-86.4872121765384,39.1390084335159],[-86.4871651725264,39.1390304315223],[-86.4870691594998,39.1390484185304],[-86.4870631775024,39.1391014325406],[-86.4870781745097,39.1391374215465],[-86.4870711645106,39.1391744225538],[-86.4870541785073,39.1391944335583],[-86.4869051784693,39.1392624205783],[-86.4867281764213,39.1393064315952],[-86.4866291743971,39.139365421611],[-86.4864641783588,39.1394864246416],[-86.4863531693287,39.1395144096523],[-86.4862481643012,39.1395534356648],[-86.4861571562795,39.1396134266804],[-86.4860551612595,39.1397344227079],[-86.4860391842576,39.1397684137151],[-86.4860481642617,39.139786415718],[-86.4860761632712,39.1398024277196],[-86.4861171852836,39.1398084307187],[-86.4861451842931,39.1398244167203],[-86.4861791803069,39.1398734337277],[-86.4861791753097,39.1399074247341],[-86.4861481853084,39.1400034157534],[-86.4861661563252,39.1401464147792],[-86.4861511513241,39.1401864227874],[-86.4861171813178,39.1402304247972],[-86.4859621632833,39.1403634208296],[-86.4858421522543,39.1404384188495],[-86.4855251851788,39.1406484219041],[-86.4854761611664,39.1406714249108],[-86.4853661611343,39.1406714099162],[-86.485311182117,39.1406564119162],[-86.4852511770999,39.1406604149198],[-86.4852021830865,39.1406714199243],[-86.485152174074,39.1406984269317],[-86.4851171850667,39.14073341794],[-86.4850721820561,39.140764431948],[-86.4850471860487,39.1407644129492],[-86.4850221710396,39.1407414139462],[-86.4849971750283,39.1406914259381],[-86.485002179025,39.1406334109271],[-86.4849921600208,39.1406174349245],[-86.4849571740097,39.1406064099242],[-86.4849021509945,39.1406174119289],[-86.484848156981,39.1406444259367],[-86.4846731509355,39.1407144169582],[-86.4845591839085,39.1407914219782],[-86.4845291659027,39.1408264109862],[-86.4845241779034,39.1408534289915],[-86.4845291689073,39.140884424997],[-86.4845291849132,39.1409574290106],[-86.4844791598996,39.1409694170153],[-86.4844291828825,39.1409384380119],[-86.4843941728723,39.1409384230136],[-86.4843341828567,39.1409614240209],[-86.4842741798442,39.1410234130354],[-86.4842591498436,39.1410704220449],[-86.4842891538567,39.1411244160534],[-86.4843041558677,39.1412054330678],[-86.4842791768626,39.1412324300741],[-86.4842551668552,39.1412284350745],[-86.4842201708422,39.1411934150697],[-86.4841951748268,39.1410934300523],[-86.48417518182,39.1410814120511],[-86.4841401728101,39.1410854320535],[-86.4840811707951,39.1411124190614],[-86.4840211657778,39.1411164220651],[-86.4839761747638,39.1411044120651],[-86.4838871537341,39.1410584330609],[-86.4838371817183,39.1410434320606],[-86.4837521786934,39.1410434340647],[-86.4836621846647,39.1410124130634],[-86.4836181776502,39.1409924190618],[-86.4835631766339,39.1409884290638],[-86.4834331755957,39.1409854260696],[-86.4831691755234,39.1410434260934],[-86.4829801764732,39.141104421114],[-86.4827601614121,39.141143426132],[-86.4823521502942,39.1411584291548],[-86.482202152253,39.141189421168],[-86.4820131801988,39.1412014331795],[-86.4818931681641,39.1412054261862],[-86.4818031731394,39.1412244281941],[-86.4817241821192,39.1412594112045],[-86.4815391560702,39.1413214112251],[-86.4814101680395,39.1414064342473],[-86.4813451680264,39.1414794322641],[-86.48131018102,39.1415264202745],[-86.4812401550127,39.1416884313081],[-86.4812101830077,39.1417344293182],[-86.4811601579944,39.1417504243236],[-86.4811051579783,39.1417504153263],[-86.4809861789401,39.1417074363242],[-86.4809161829188,39.1416964213256],[-86.4808211778919,39.1417074343323],[-86.4807721518798,39.1417344163397],[-86.4807271828696,39.1417694373484],[-86.4807221588706,39.1418004363544],[-86.480672165861,39.1418624193684],[-86.4806321648515,39.1418894213754],[-86.4803911517872,39.141963430401],[-86.4803911598048,39.1421814284416],[-86.4803901708213,39.1423884114802],[-86.4803831599192,39.1436234387105],[-86.4819120283665,39.1436377346382],[-86.4821965404662,39.1438431986624],[-86.4837772459265,39.1438322035828],[-86.4839297290997,39.1454211578712],[-86.4827542307581,39.1454386909322],[-86.4827091097871,39.1459602250315],[-86.4828514448287,39.1459608480246],[-86.4829489102008,39.1502052988101],[-86.483046175229,39.150203438805],[-86.4831221712512,39.1502024298011],[-86.4831811722683,39.150201415798],[-86.4834541623476,39.1501974127838],[-86.4846111656848,39.1501914187259],[-86.4847691527311,39.1501934387186],[-86.4849241617763,39.150193438711],[-86.4849981737979,39.1501934337073],[-86.4853547909021,39.1501951266901],[-86.485352100898,39.1501545616827],[-86.485343047735,39.1481744993145],[-86.4875858253892,39.1481715992038],[-86.4875055981898,39.1459982428031],[-86.4946853642819,39.1459633684441],[-86.4946701923451,39.1467984636003],[-86.4946501803769,39.1472623906877],[-86.4945541076034,39.1504054072775],[-86.4946693276371,39.1504070602721],[-86.4949001547048,39.1504104222615],[-86.4952381538039,39.150416411246],[-86.4967781752568,39.1504604141785],[-86.4980141736179,39.150466435119],[-86.4981041606442,39.1504664201145],[-86.498213187676,39.1504664181091],[-86.4982508116869,39.1504664151073],[-86.4983011647017,39.1504664211049],[-86.4982381556891,39.1505384231214],[-86.4981891726794,39.1505944331342],[-86.497959156634,39.1508634141955],[-86.4978651906156,39.1509734232206],[-86.497758162602,39.1511914322665],[-86.4977261636021,39.1513084252898],[-86.4977119596051,39.151396869307],[-86.497703185607,39.1514514353176],[-86.4976961576154,39.1515804133419],[-86.4976741676557,39.1521574194504],[-86.4976788386935,39.1526062595337],[-86.4976871817605,39.1534034196817],[-86.4976791697637,39.153472429695],[-86.4976941168192,39.1541025828115],[-86.4977191649122,39.1551604360072],[-86.4974206898262,39.1551736250243],[-86.4969661306892,39.1551198860366],[-86.4965743975697,39.1550550140438],[-86.4960868524266,39.155045475066],[-86.4954271692441,39.1551692681214],[-86.4946094980191,39.1553360791926],[-86.4943661079498,39.1553572802086],[-86.4939209898105,39.1552412812088],[-86.4937052287371,39.1551124121954],[-86.493552946676,39.1549072071647],[-86.4932940485778,39.1546277161254],[-86.4928608414166,39.1541970780665],[-86.4925732423065,39.1538757360209],[-86.4872164967423,39.1538616382813],[-86.4868676136397,39.1538522752967],[-86.4822558862968,39.1538862105294],[-86.4805873618077,39.1538599396065],[-86.480584012862,39.1545418907336],[-86.4806919682516,39.1589632595514],[-86.480446856182,39.1589858505677],[-86.4796644569707,39.1591962836453],[-86.4793414968908,39.1593733456941],[-86.4792169188746,39.1596229567467],[-86.4790115918202,39.1596900647693],[-86.4786483667297,39.1598821808229],[-86.4781491965278,39.1591884247182],[-86.4781387934785,39.1586163896123],[-86.4781431424386,39.1581087585175],[-86.4783453994668,39.1577284784368],[-86.4783717243702,39.156441636196],[-86.4778231971868,39.1561528111691],[-86.4760471456738,39.1562198132688],[-86.4760436824171,39.153061939681],[-86.4737468207574,39.1531929368182],[-86.4736870645826,39.1512502534594],[-86.4726591822827,39.15125091151],[-86.4726171592727,39.1512784215172],[-86.4723731742009,39.1512714315278],[-86.4722121531541,39.1512734155362],[-86.4720001480906,39.151254429543],[-86.4720055340946,39.1512840005483],[-86.4718708220541,39.1512690995521],[-86.4717581960205,39.1512610685561],[-86.4716164119801,39.1512729535653],[-86.4714084389224,39.1513096135823],[-86.4714131809602,39.1517594156658],[-86.4714301700071,39.1522774267615],[-86.4714551500907,39.1532204359359],[-86.4715001792688,39.1552564193127],[-86.4715041602954,39.1555704223709],[-86.4715051813,39.1556234173808],[-86.4715061603047,39.1556774273908],[-86.4715141553707,39.1564644275369],[-86.4715511784571,39.1573974237088],[-86.4715661605733,39.1587784339652],[-86.4715711686022,39.1591164380278],[-86.4715791606396,39.1595494261081],[-86.4716001587132,39.1603824272621],[-86.4716041767405,39.1607044193219],[-86.4716111687698,39.1610414173842],[-86.4716291488315,39.1617384155131],[-86.47162617488,39.1623464306264],[-86.4716361819238,39.1628524327202],[-86.471676166959,39.1631424357721],[-86.4717041789813,39.1633164308031],[-86.4717791670256,39.1635924228509],[-86.4718171740443,39.1636874258667],[-86.4719061640884,39.1639104199038],[-86.4721641661986,39.1643404369711],[-86.4666993435965,39.1642542652235],[-86.4624989143786,39.1643544974484],[-86.4617988421661,39.1642543144642],[-86.4526972015142,39.1643141939222],[-86.4493242525424,39.1644727881172],[-86.4421333094438,39.1644815184718],[-86.432927454764,39.1645790359417],[-86.4283751394296,39.1645144421531],[-86.4201591660559,39.1648269286143],[-86.4159691368288,39.1647834328118],[-86.4120977927042,39.1648555070151],[-86.3999980321787,39.164955407627],[-86.3980301476071,39.1649934357306],[-86.3783967088937,39.1652553717418],[-86.3702971545438,39.165455580176],[-86.3702971205438,39.1654554431759]]],[[[-86.4995210860578,39.1504680090452],[-86.4990465796266,39.146855546396],[-86.4988911715456,39.1464144343216],[-86.4989811825591,39.1462574282879],[-86.4990161855601,39.1461434152649],[-86.4990231715487,39.1459764382335],[-86.4990581665483,39.1458464192076],[-86.4990511705375,39.1457374121876],[-86.4989811654965,39.1454834261438],[-86.4989671574896,39.1454504371383],[-86.4988911814592,39.1453474261229],[-86.4988911694548,39.1452934211128],[-86.4988911874522,39.1452614361069],[-86.4988421654321,39.1451904370961],[-86.4988351554231,39.1451044100804],[-86.4988491764215,39.1450334260665],[-86.4988841754208,39.1448984370397],[-86.4989121813977,39.1445134299665],[-86.4989391573956,39.1443894109421],[-86.4990091873897,39.1440644128782],[-86.4990161733755,39.1438634178404],[-86.4989671693266,39.1434364287634],[-86.4989251583024,39.1432894127381],[-86.4989121872952,39.1432464347307],[-86.5002073116709,39.1432201126622],[-86.5036660216834,39.1432624595002],[-86.5036143909216,39.1463889050848],[-86.5036822551072,39.1484363344626],[-86.5036851652733,39.1504757238421],[-86.5034011711901,39.1504714288553],[-86.5030161810778,39.1504724218743],[-86.5010491775042,39.1504754339716],[-86.4995210860578,39.1504680090452]]],[[[-86.50663618698,39.1362244110439],[-86.5066981889968,39.1362084100379],[-86.5068411900388,39.1362114230315],[-86.5069991560839,39.1361994100215],[-86.5072531821529,39.1361364189973],[-86.5075051742194,39.1360504109688],[-86.5077751742874,39.1359174309309],[-86.5078651783084,39.1358524209143],[-86.5079821843317,39.1357184108837],[-86.5082991753861,39.1352474087803],[-86.5091121815183,39.1339514164991],[-86.5096611596009,39.1329934182938],[-86.509863186636,39.1326984122289],[-86.5100491886722,39.1324754261783],[-86.5102511767161,39.1322894181337],[-86.5110671829041,39.1316724339787],[-86.5111661709242,39.1315634269536],[-86.5116841640199,39.1308784228006],[-86.5117861580421,39.1307854087783],[-86.5119291590783,39.1307174157586],[-86.5119761740889,39.1306794277492],[-86.5120131670925,39.1305904337308],[-86.512022161082,39.1304284337002],[-86.5120071670637,39.1302554166687],[-86.5119821830418,39.1300754316364],[-86.5119941680365,39.1299664086156],[-86.5120221650407,39.129917427605],[-86.5121281740609,39.1297854185753],[-86.5124751761304,39.1293934314853],[-86.5128111782055,39.129110415416],[-86.5128011466328,39.1344255154063],[-86.5118283002858,39.1336444673086],[-86.5115972182106,39.1335483383021],[-86.510772691042,39.1344363255079],[-86.5101414689234,39.1352465716898],[-86.5099141359195,39.1360180828446],[-86.5097011638575,39.1360184078551],[-86.509394163769,39.1360324088728],[-86.5092511587289,39.1360514178834],[-86.5087691715994,39.1361894239327],[-86.5085421705364,39.1362284179511],[-86.5084461815083,39.1362274229556],[-86.5084181754995,39.1362204209557],[-86.5083491754753,39.1361694239496],[-86.5082951604578,39.1361484279484],[-86.5082411644416,39.1361424239499],[-86.5081161754067,39.1361614109595],[-86.5080691873947,39.1361824289658],[-86.508033189387,39.1362174219741],[-86.5080181763864,39.1362644349835],[-86.5079621603736,39.1363074279943],[-86.5076521722919,39.1364154180296],[-86.5071361851438,39.1364464200608],[-86.5065411839652,39.1363834310782],[-86.5065611829646,39.1363044310625],[-86.5065991859711,39.1362484170502],[-86.50663618698,39.1362244110439]]]]},"properties":{"schlbrd":"2"}},{"type":"Feature","geometry":{"type":"Polygon","coordinates":[[[-86.5072527966908,39.1797763961188],[-86.5059825821937,39.1782193138917],[-86.5050879568192,39.1768213746756],[-86.504563372587,39.1758469835202],[-86.5032755660174,39.1734588981392],[-86.5022631755672,39.171550803834],[-86.5015401813579,39.1715714388734],[-86.5013181652929,39.1715689298838],[-86.5013161202923,39.1715688928839],[-86.5010961852279,39.1715664208943],[-86.5007899061383,39.1715637929088],[-86.5007881791378,39.171563783909],[-86.5001635239551,39.1715584359387],[-86.5001619289197,39.1711280628586],[-86.5001601678599,39.1703974347228],[-86.4970801599148,39.169826417768],[-86.4959031605543,39.1696154247865],[-86.4943221590708,39.1693434328136],[-86.4915951862353,39.1688534288565],[-86.4913961831742,39.1688164248594],[-86.4911381860951,39.1687694278633],[-86.490446181883,39.1686434298738],[-86.4901361757879,39.1685864188785],[-86.490071269768,39.1685748048795],[-86.4892271855094,39.1684234248929],[-86.4872131538918,39.1680554219233],[-86.4864291746538,39.1679424379409],[-86.4860141825294,39.1679014339536],[-86.4856431604192,39.1678784189675],[-86.4852871223152,39.1678770319847],[-86.4848801571963,39.1678754360045],[-86.4840221749513,39.1679424390591],[-86.4836481788459,39.1679874360858],[-86.4834493297908,39.1680244381025],[-86.4832291787299,39.1680654221209],[-86.4829886636641,39.168120439143],[-86.4827481825984,39.168175428165],[-86.4825877165555,39.1682237471819],[-86.4818681593631,39.1684404202576],[-86.481598491293,39.1685471482907],[-86.4813501622285,39.1686454193212],[-86.4805491710246,39.169013438429],[-86.4803276399709,39.1691492674652],[-86.4800451609025,39.1693224225113],[-86.4797921858429,39.1694974315563],[-86.4795321697831,39.1696954396059],[-86.4794304667602,39.1697798046266],[-86.4791391786948,39.1700214396859],[-86.4789141836455,39.1702234167345],[-86.4788237156268,39.1703179707566],[-86.4786251615856,39.170525436805],[-86.4785037085617,39.1706669998373],[-86.4784501605511,39.1707294298515],[-86.4776651654037,39.1717364280775],[-86.4772261723248,39.1723444262122],[-86.4768901202632,39.1727937163123],[-86.4767341172346,39.1730023063588],[-86.4766766252151,39.1729692253555],[-86.4766191681957,39.1729361443522],[-86.4755924190027,39.1742519236475],[-86.4752255139337,39.174722078753],[-86.4753917739897,39.174814373762],[-86.4752031579557,39.1750734188194],[-86.4745541578383,39.1759614280166],[-86.4739871517326,39.1766984431816],[-86.4732631845997,39.177665424397],[-86.4721763662762,39.1775881804361],[-86.4716997801343,39.1775542984532],[-86.4715997769186,39.1752544070301],[-86.4717426427641,39.1728349305729],[-86.4718085356928,39.1717185523619],[-86.4719005605928,39.1701544020663],[-86.471997933308,39.1662895363421],[-86.4719930072711,39.165852337261],[-86.4719830541963,39.1649650050963],[-86.4719842231655,39.1645813210249],[-86.4719848091503,39.1643914689895],[-86.4721641661986,39.1643404369711],[-86.4722441512203,39.1643204289635],[-86.4725091672948,39.1642864289442],[-86.4729501734215,39.1642604329177],[-86.4732141724984,39.1642584379044],[-86.473505160583,39.1642554298895],[-86.4736741826322,39.1642534318808],[-86.4751841500726,39.1642494338059],[-86.4758861682764,39.164236429769],[-86.4763201694032,39.1642374287479],[-86.4766681495048,39.164238416731],[-86.4781231739305,39.1642504296617],[-86.478908152159,39.164244427622],[-86.4795851663562,39.1642394265879],[-86.4807401516931,39.1642364265306],[-86.4808227147172,39.1642364415265],[-86.4812411708393,39.164236435506],[-86.4827641812842,39.1642414384321],[-86.4843591677505,39.1642514323556],[-86.4844721577832,39.1642484163495],[-86.4850131649401,39.1642364243207],[-86.4860711632503,39.1642544262721],[-86.4871171715539,39.164234441217],[-86.4880011708126,39.164242419175],[-86.4892761881836,39.1642294321099],[-86.4906761815922,39.1642304380413],[-86.490754160615,39.1642304230375],[-86.4908241676354,39.1642304220341],[-86.493063171287,39.1642084269199],[-86.4949371898344,39.1642154318292],[-86.4965981803198,39.164223422749],[-86.4970691794573,39.1642244207261],[-86.4983271658257,39.1642404336672],[-86.5017071768121,39.1642424165015],[-86.5024421670269,39.1642464394661],[-86.5026501700877,39.1642474214561],[-86.504909191748,39.1642614293477],[-86.5059961670654,39.1642644302948],[-86.5070921713854,39.1642674392415],[-86.5082471787227,39.1642704261853],[-86.5084661937865,39.1642704371745],[-86.5090741619638,39.1642684371443],[-86.5093881630553,39.1642674311286],[-86.5097051891478,39.164267427113],[-86.5109171895017,39.164270421054],[-86.5121751948685,39.1642674239916],[-86.5132101741705,39.1642674399407],[-86.5138901803688,39.1642674149073],[-86.5139981714004,39.164267420902],[-86.514216163464,39.1642674148912],[-86.5152801957745,39.1642684328392],[-86.5160681840045,39.1642694158006],[-86.5161951770416,39.1642704187945],[-86.5163991691011,39.1642704227845],[-86.5177151894848,39.1642674287192],[-86.518792172799,39.1642674336663],[-86.5191381889,39.1642674346493],[-86.5200751821731,39.1642644166027],[-86.5206581883429,39.1642614405735],[-86.521084181467,39.1642584175519],[-86.5219551697207,39.1642534185082],[-86.5226261649166,39.1642554134756],[-86.523641187213,39.1642594144264],[-86.5238031932605,39.1642614274188],[-86.5241191803528,39.1642634384036],[-86.5253191667041,39.1642784163474],[-86.5258761838674,39.1642884393219],[-86.5269091781693,39.1642944202722],[-86.5269599755262,39.1685098860539],[-86.5234721905073,39.1684934292224],[-86.5234871855918,39.1694804184053],[-86.5234861666272,39.1699204154872],[-86.5234841746687,39.1704384375836],[-86.523509188737,39.171189438722],[-86.5235111787735,39.1716324148043],[-86.5223771924422,39.1716274288592],[-86.5209891750372,39.1716274379274],[-86.5209981931126,39.1725234370937],[-86.5210081921876,39.1734114242584],[-86.521021192247,39.174095432385],[-86.521058539414,39.1760184587408],[-86.5211009046709,39.1790299552988],[-86.5211009846723,39.1790464283019],[-86.5198821823169,39.1790504243626],[-86.5189751740538,39.1790684394106],[-86.5190601691279,39.1796754245193],[-86.5192021825422,39.1842664203661],[-86.5192421825837,39.1846334194324],[-86.5193551956477,39.1850154334979],[-86.5193812176601,39.1850744235076],[-86.5194491696925,39.1852284205329],[-86.519542526735,39.1854170795633],[-86.5196381747786,39.1856104435946],[-86.5196811867976,39.1856889826071],[-86.5198511868724,39.1859994206564],[-86.5193951767332,39.1859234406647],[-86.5192331806837,39.1858964366676],[-86.5189605565997,39.185842017671],[-86.5183761764197,39.185725437678],[-86.5174112991214,39.1855187106871],[-86.5170131919983,39.1854334216908],[-86.5161921807409,39.1852144246905],[-86.5158671916376,39.1851094176869],[-86.5147491682795,39.1847164336689],[-86.5145450022129,39.1846303526629],[-86.5142651721216,39.1845124376547],[-86.5137181739429,39.184277436638],[-86.5133062318071,39.1840851556225],[-86.5129211776802,39.183905442608],[-86.5125606585602,39.183723871592],[-86.5120991654067,39.1834914235714],[-86.5119394193531,39.1834052265633],[-86.5117321862835,39.1832934275527],[-86.5116171812449,39.183232433547],[-86.5103521938103,39.1824244374589],[-86.5094321824898,39.1817844253852],[-86.5084901881561,39.1810604212968],[-86.5074951887923,39.1801554351774],[-86.5072061786815,39.1798304171312],[-86.5072527966908,39.1797763961188]]]},"properties":{"schlbrd":"6"}},{"type":"Feature","geometry":{"type":"MultiPolygon","coordinates":[[[[-86.5332314695917,39.2083193241467],[-86.5308571848908,39.208219435245],[-86.5302151977059,39.2082494452822],[-86.5293781824606,39.2082364353211],[-86.5291781734006,39.2082164293272],[-86.5290041933462,39.2081714263274],[-86.5287121902516,39.2080564273204],[-86.5286601900698,39.2060084199424],[-86.5286831930407,39.2055694368597],[-86.5287051800399,39.2054794328418],[-86.5287601700493,39.2053974378239],[-86.5288031870589,39.2053614298151],[-86.5290781871245,39.2051824377683],[-86.5291481861393,39.2051124307518],[-86.5291881841456,39.2050474417377],[-86.5292051901466,39.2049984327278],[-86.5292091951388,39.2048884377072],[-86.5291841881154,39.2046894326714],[-86.5291231920827,39.2045074426406],[-86.5287892039282,39.2038054385266],[-86.5287591949108,39.2036994285084],[-86.5287591788989,39.2035534204812],[-86.5287891738949,39.2033964364506],[-86.5289211709083,39.2030884373869],[-86.528949188903,39.2029224383546],[-86.5288811728555,39.202583425295],[-86.5288651958329,39.2023624432547],[-86.5288941868222,39.2021264382094],[-86.5289251908226,39.2020204431881],[-86.5290151938245,39.2017214421281],[-86.529024182816,39.201583440102],[-86.5290011738016,39.2014894330857],[-86.5287601826939,39.2010294230121],[-86.5287481756798,39.2009004359887],[-86.5287971876672,39.2005684319246],[-86.5287971806614,39.2004974319114],[-86.5285421965301,39.199798438794],[-86.5284721694084,39.1862524192792],[-86.5283581983749,39.1862504212844],[-86.5243511822041,39.1862294264777],[-86.522168193567,39.1862274175848],[-86.5213271733166,39.1861654336147],[-86.5206381971103,39.1861004436365],[-86.5204221820454,39.186078423643],[-86.5198511868724,39.1859994206564],[-86.5196916188022,39.1857080316101],[-86.5196381747786,39.1856104435946],[-86.5195225287259,39.1853766775568],[-86.5194491696925,39.1852284205329],[-86.519393519666,39.1851022675121],[-86.5193551956477,39.1850154334979],[-86.5192421825837,39.1846334194324],[-86.5192021825422,39.1842664203661],[-86.5190601691279,39.1796754245193],[-86.5189751740538,39.1790684394106],[-86.5198821823169,39.1790504243626],[-86.5211009846723,39.1790464283019],[-86.5211009046709,39.1790299552988],[-86.521058539414,39.1760184587408],[-86.521021192247,39.174095432385],[-86.5210081921876,39.1734114242584],[-86.5209981931126,39.1725234370937],[-86.5209891750372,39.1716274379274],[-86.5223771924422,39.1716274288592],[-86.5235111787735,39.1716324148043],[-86.523509188737,39.171189438722],[-86.5234841746687,39.1704384375836],[-86.5234861666272,39.1699204154872],[-86.5234871855918,39.1694804184053],[-86.5246281789255,39.1694914403512],[-86.5257971772675,39.1695024202957],[-86.5269671886088,39.169501422238],[-86.5282801939916,39.1694994201731],[-86.5282821680251,39.1699034382481],[-86.5282831770324,39.1699904222642],[-86.5282861920721,39.170468437353],[-86.5289521922663,39.17046743432],[-86.5292061883403,39.1704664183073],[-86.5297751815059,39.1704624242786],[-86.5310531928781,39.1704544302143],[-86.5323151722462,39.170453431152],[-86.5335921886197,39.1704644320912],[-86.5335931715413,39.169495420911],[-86.5336041934674,39.1685464157339],[-86.5336088534419,39.168215159672],[-86.5336181783911,39.167556434549],[-86.5336341703173,39.1665894163684],[-86.5336401832394,39.1656084301856],[-86.533642917129,39.1642377789305],[-86.5342973973202,39.1642411108989],[-86.5398991779566,39.1642694266287],[-86.5408991852504,39.1642954185843],[-86.5412701713593,39.1643044205677],[-86.5422231856369,39.1643004215201],[-86.5427301887846,39.1642974204946],[-86.5433581959687,39.1643084314658],[-86.5437391810804,39.1643154124483],[-86.5446111793359,39.1643304294082],[-86.5456771796474,39.164337411357],[-86.546315171834,39.1643434283268],[-86.547344179135,39.1643544252782],[-86.548818180565,39.1643544142057],[-86.5503921930257,39.164374417132],[-86.5520751935192,39.1644074160553],[-86.5521881885519,39.164403428049],[-86.5527921917269,39.1643894310166],[-86.553948196065,39.164401414962],[-86.5556102055514,39.1644214178839],[-86.5558291776153,39.1644224368734],[-86.5563071967548,39.16442341985],[-86.557151196001,39.1644244328087],[-86.5587681834741,39.1644424307324],[-86.5600931908627,39.1644694186723],[-86.5626681866138,39.1644714235459],[-86.5630191977164,39.164473431529],[-86.5635972008854,39.1644794145016],[-86.5649812032906,39.1644984284371],[-86.5679921981699,39.1645134302917],[-86.5683432102725,39.1645154202747],[-86.5694792046057,39.1645394352233],[-86.5701712108082,39.1645484141909],[-86.5712092001116,39.1645574281414],[-86.5715632022151,39.1645604111246],[-86.5723831844547,39.1645664250853],[-86.5730252026416,39.164562429053],[-86.5731492066778,39.1645624240469],[-86.5732771947151,39.1645624340406],[-86.5734081897532,39.164561415034],[-86.5734742117725,39.1645614290307],[-86.5735471817937,39.1645614200271],[-86.5735811999717,39.1666304304102],[-86.5735822040652,39.1677764306232],[-86.5735731911238,39.168531419764],[-86.573570178141,39.1687534128055],[-86.5735701861612,39.1690014188516],[-86.5735701961738,39.1691564338804],[-86.5734939225002,39.173447625682],[-86.5731021993827,39.1734064306936],[-86.5727892062896,39.1733844127049],[-86.5705331876152,39.1731814387783],[-86.567627210745,39.1729014168693],[-86.566544180492,39.1736754230665],[-86.5639481998904,39.17558843355],[-86.5624892095499,39.1766344288163],[-86.5621782014785,39.1768724238759],[-86.561558176333,39.1773074279873],[-86.5612711792683,39.1775414360449],[-86.5590781977582,39.1791344164491],[-86.5588161767002,39.1793614205042],[-86.5586202056582,39.1795484155486],[-86.5585053526351,39.1796758695779],[-86.5583652076069,39.1798314326138],[-86.5581623265682,39.1800839326707],[-86.5579892105353,39.1802994187193],[-86.557856409511,39.180477610759],[-86.557670194477,39.1807274398146],[-86.5574791804443,39.1810104408766],[-86.5572882004116,39.1812934409386],[-86.5571947873986,39.1814686519757],[-86.5571672033947,39.1815204179867],[-86.5571031093872,39.1816570770153],[-86.5570312003787,39.1818104210474],[-86.5569071833673,39.1821154401102],[-86.5568082663634,39.1824229891722],[-86.5566772033584,39.1828304412544],[-86.5564037243374,39.1835544134025],[-86.5562092023226,39.1840694225078],[-86.5561542043203,39.1842394255421],[-86.5556241932972,39.1858564338688],[-86.5554761932955,39.1863664359709],[-86.5553821802991,39.1867474210463],[-86.5552992073024,39.1870864231134],[-86.5552812043031,39.1871584391277],[-86.5552732093036,39.1871944241348],[-86.5551201863178,39.1879174292767],[-86.5550916803229,39.1880824173087],[-86.555063209328,39.1882474333409],[-86.5550101893646,39.1888874264624],[-86.5549492004057,39.1896114256],[-86.5548761914903,39.1909134178456],[-86.5548637015051,39.1911395388883],[-86.554839207534,39.1915834379719],[-86.5547844785768,39.1923049391087],[-86.5547311956184,39.1930074192419],[-86.5546451796859,39.1941464314578],[-86.5545312027922,39.1958614397822],[-86.5544670258508,39.1968115179619],[-86.554437178878,39.1972534420455],[-86.5543862039431,39.1982354302305],[-86.5542291810945,39.2006584256885],[-86.5541621841579,39.2016774318811],[-86.5540888492514,39.2030894331471],[-86.5540521792982,39.2037954192801],[-86.5539828823545,39.204734573458],[-86.5539171994077,39.2056244336266],[-86.5538722034562,39.2063814217695],[-86.5538721824921,39.2068214208512],[-86.5538721955279,39.2072614219329],[-86.5539221956355,39.2084044241428],[-86.5539225266363,39.2084120031442],[-86.5520866230991,39.2083928842312],[-86.5519592940475,39.1959300719216],[-86.5493827202965,39.1959383630501],[-86.5493258113155,39.1963760161343],[-86.5473426577363,39.1963669092302],[-86.5473244336393,39.1952407410218],[-86.5472288144876,39.1937179797435],[-86.5438254374934,39.1937022699082],[-86.5446335066854,39.1931637907684],[-86.5410293546308,39.1931262319388],[-86.5409539185562,39.1924794158224],[-86.5419998488532,39.1923800037524],[-86.5421179097724,39.190962505483],[-86.5444762034596,39.1909525703651],[-86.5448715843598,39.1883059618536],[-86.5449270833556,39.1880559898044],[-86.5479815282512,39.1881117686644],[-86.5479102971378,39.1869725874562],[-86.5407834970361,39.1866945257554],[-86.5403701799135,39.186669427771],[-86.5392371955787,39.1866174408171],[-86.5377271991353,39.1865814418848],[-86.537729199166,39.1869524289537],[-86.537729191178,39.187099425981],[-86.537730192259,39.1880924391656],[-86.5377311953459,39.1891582103636],[-86.5377322004313,39.1902054215583],[-86.5377291374449,39.1903825775914],[-86.5377261774581,39.1905554226237],[-86.5377244464657,39.1906561216424],[-86.5377191854891,39.1909624166997],[-86.5377239835439,39.1916193388215],[-86.5377271705807,39.1920604249034],[-86.537746317595,39.1921667129222],[-86.5377682046112,39.1922884429438],[-86.5378001856264,39.1923594269554],[-86.5378931996641,39.1924904419751],[-86.5380211717122,39.1926224419933],[-86.538192195772,39.1927444300076],[-86.5382556017934,39.1927803640112],[-86.5382821948024,39.1927954240126],[-86.5384915868703,39.1928789340179],[-86.5385981999049,39.1929214400205],[-86.5397291902664,39.1933094240369],[-86.5399661873422,39.1933914400405],[-86.5404452024952,39.1935544250472],[-86.5405048315145,39.1935771070485],[-86.5407053925792,39.1936533520528],[-86.5407371955894,39.1936654420535],[-86.5408721716345,39.19373643906],[-86.5409691986704,39.1938284270724],[-86.5410731737138,39.1939894430972],[-86.5411291877442,39.1941614381264],[-86.5413302038778,39.1950834212879],[-86.541921172242,39.197441432697],[-86.542105191357,39.1981944288279],[-86.5424452055567,39.199431419041],[-86.5427322057369,39.2006164362471],[-86.5428081897717,39.2007714452722],[-86.5428482027876,39.2008224232797],[-86.5429071988089,39.2008734352863],[-86.5430661998628,39.2009654332956],[-86.5432151939102,39.2010144462973],[-86.5433381769468,39.2010224292928],[-86.5438021840827,39.201028422271],[-86.5460761867439,39.2010014271539],[-86.5472602010888,39.2009954320945],[-86.547291203115,39.2012064321322],[-86.5473082061367,39.2014114381695],[-86.5473101961499,39.2015674211983],[-86.5473072012322,39.2025884193882],[-86.5473261992981,39.203329445525],[-86.5473291763086,39.2034484235469],[-86.5473341883278,39.2036664425872],[-86.5473751944838,39.2054354449139],[-86.5473821865667,39.2064284290981],[-86.5415826518856,39.2065646064091],[-86.5377629857747,39.2066080896054],[-86.5375234118387,39.2082533289229],[-86.5364018535115,39.2082533399782],[-86.5357579393274,39.2083000650186],[-86.5349773771009,39.2083153370599],[-86.5345147579666,39.2083243880844],[-86.5332314695917,39.2083193241467]]],[[[-86.50048269173,39.2045757600635],[-86.5004827972479,39.1986449079609],[-86.5003829198043,39.1935449260175],[-86.4974318419484,39.1936118041751],[-86.4974149029435,39.193612185176],[-86.4959814445278,39.1936446402525],[-86.4960818601022,39.1880449292062],[-86.4960814988991,39.1855447817412],[-86.4955270701643,39.1784865394555],[-86.4954704729737,39.1763408000591],[-86.4957388339884,39.1755574219002],[-86.4954722088693,39.1750480958185],[-86.495451475573,39.1714718031541],[-86.4957998816748,39.1714727921372],[-86.4960788807562,39.1714727971235],[-86.4973158701198,39.1715057940688],[-86.4983248774165,39.1715328010243],[-86.4994578957473,39.1715348039689],[-86.5001448749489,39.1715488149378],[-86.500145261949,39.1715488169378],[-86.5007698821317,39.1715541649081],[-86.5007716451322,39.171554173908],[-86.5010778882218,39.1715568028934],[-86.5012978232862,39.1715592738831],[-86.5012998682868,39.171559311883],[-86.5015218843518,39.1715617938725],[-86.5022578965649,39.1715408108324],[-86.5032755660174,39.1734588981392],[-86.504563372587,39.1758469835202],[-86.5050879568192,39.1768213746756],[-86.5059825821937,39.1782193138917],[-86.5072527966908,39.1797763961188],[-86.5071878786755,39.1798208001303],[-86.5074768877862,39.1801458181765],[-86.50847188815,39.181050804296],[-86.5094138814837,39.1817748083843],[-86.5103338928041,39.182414820458],[-86.5115988792388,39.1832228155461],[-86.5117138852774,39.1832838095518],[-86.5117329582838,39.1832940895527],[-86.5111518741629,39.1838931986927],[-86.511144455235,39.1848083348633],[-86.5112058803738,39.1862958161369],[-86.5144966193337,39.1862909249741],[-86.5144304673261,39.1864358680043],[-86.5144515243881,39.1871234831312],[-86.5145088295584,39.1890128064797],[-86.5145439576299,39.1897670966182],[-86.5145551496722,39.190247511707],[-86.5145494486796,39.1903595567281],[-86.514512238674,39.1904236207418],[-86.5144510236605,39.1904763657547],[-86.5143617646365,39.1905022597639],[-86.5142979776185,39.1905108167686],[-86.5120042899434,39.1904388608681],[-86.5119770079355,39.1904400988696],[-86.511949836928,39.1904449908718],[-86.5119200809201,39.1904553868753],[-86.5118902539127,39.1904703148795],[-86.5118610199058,39.1904902678847],[-86.5118395309012,39.1905122918898],[-86.5118033588961,39.1905787489039],[-86.5117768229044,39.1907753919419],[-86.5117776639273,39.1910547269937],[-86.5117798670308,39.1923203232289],[-86.5117800980338,39.1923570322358],[-86.5117906790416,39.1924141092459],[-86.5118242810569,39.1924822532569],[-86.5119057990883,39.1925759742703],[-86.5120236071309,39.1926761602831],[-86.5123154322319,39.1928719203052],[-86.5123513382453,39.1929080623101],[-86.5124033902661,39.1929765443203],[-86.5124240092762,39.1930271363287],[-86.5124342362821,39.1930626583348],[-86.5124439012959,39.1931980343595],[-86.5124189083259,39.1936575154462],[-86.5123767713237,39.1937807204711],[-86.5123005513139,39.1939344265034],[-86.5122529903078,39.1940302875236],[-86.512233050307,39.194091882536],[-86.5122200543104,39.1941805265532],[-86.5122228063186,39.19427193957],[-86.5122414763304,39.1943498115835],[-86.5122961913568,39.1944774726046],[-86.5125622294748,39.1949742376839],[-86.5126463105125,39.1951356747098],[-86.5127136395437,39.1952785807331],[-86.5127504965624,39.1953763927494],[-86.5128031635903,39.1955303737754],[-86.5128527896206,39.1957247258091],[-86.5128936576474,39.195906790841],[-86.5129640346858,39.1961268058784],[-86.5130474207231,39.1962871149041],[-86.5131139477516,39.1963984979215],[-86.5131832077853,39.196564803949],[-86.513213706803,39.1966723589675],[-86.5132272728177,39.1968055289916],[-86.5132398618314,39.1969287830139],[-86.5132788428915,39.1975279401234],[-86.5133047209394,39.1980238842143],[-86.5133261649667,39.1982827292614],[-86.5133654449934,39.1984696442942],[-86.5134415630389,39.1987568443439],[-86.5135383760872,39.1990026313847],[-86.5136556181421,39.1992575794264],[-86.5137127651689,39.1993818474467],[-86.5137819452013,39.1995322834712],[-86.5138351072237,39.1996169414844],[-86.5138918942476,39.1997073544984],[-86.5140145912958,39.1998592885206],[-86.5142803653936,39.2001085915539],[-86.5142956523994,39.2001251395562],[-86.5141991923882,39.2003334395997],[-86.5141481743786,39.2003984246143],[-86.5141185343717,39.2004201606198],[-86.5140881843647,39.2004424436253],[-86.5140211833468,39.2004634216326],[-86.5139281793199,39.2004664266377],[-86.5138271892894,39.2004534406403],[-86.5136201852245,39.2003984246402],[-86.5135011851882,39.2003784306424],[-86.5132971961287,39.2003784216524],[-86.5132251661084,39.2003884476579],[-86.5130601950643,39.200437443675],[-86.5128851750199,39.2005204356991],[-86.5126691679674,39.2006494337337],[-86.5125001799248,39.2007324277574],[-86.5121771768404,39.2008534327959],[-86.5105931133808,39.2008862628799],[-86.5105012344083,39.2015543500086],[-86.5104064866191,39.2044869125585],[-86.50048269173,39.2045757600635]]]]},"properties":{"schlbrd":"7"}},{"type":"Feature","geometry":{"type":"Polygon","coordinates":[[[-86.3814011389661,39.3397604740358],[-86.3811491587888,39.3262664625447],[-86.3808981576129,39.3127724530525],[-86.380831133295,39.3091194723777],[-86.3807281606913,39.3020924670782],[-86.3806871474473,39.2992494705522],[-86.3806311401146,39.295372460835],[-86.3804821584158,39.2873374593501],[-86.3803331527175,39.2793034618649],[-86.3802621543126,39.2745884529924],[-86.3801531496976,39.2674284606673],[-86.38013714256,39.2657964433648],[-86.3801321593431,39.2631494548731],[-86.3800491412117,39.2618334496326],[-86.3800371321812,39.2615014465715],[-86.3800541520913,39.2603354553539],[-86.3800351539991,39.2592714611571],[-86.3800161548848,39.2579354419096],[-86.3799911338164,39.2571844527713],[-86.3799761456773,39.2555284424642],[-86.3799101423016,39.2511464466528],[-86.379914136297,39.2510754446394],[-86.3788181279761,39.2510694506922],[-86.3750021528541,39.2509864528644],[-86.3724261320962,39.2509254559797],[-86.3724071560831,39.2508324599633],[-86.3724561470541,39.2502994458618],[-86.3724621520359,39.2500544468159],[-86.3724671610349,39.2500234538099],[-86.3724671270274,39.249932439793],[-86.3724621490112,39.2497504367594],[-86.3724371359346,39.2488984376022],[-86.3722001510052,39.238316455646],[-86.3721921429866,39.2381164516092],[-86.3719981257475,39.2235554499101],[-86.3717481435711,39.2099554403916],[-86.3714981463956,39.1963554278723],[-86.3709481305181,39.1875054292513],[-86.3704801337722,39.1799804458728],[-86.370391126638,39.1786434306282],[-86.3702971545438,39.165455580176],[-86.3783967088937,39.1652553717418],[-86.3980301476071,39.1649934357306],[-86.3999980321787,39.164955407627],[-86.4120977927042,39.1648555070151],[-86.4159691368288,39.1647834328118],[-86.4201591660559,39.1648269286143],[-86.4283751394296,39.1645144421531],[-86.432927454764,39.1645790359417],[-86.4421333094438,39.1644815184718],[-86.4493242525424,39.1644727881172],[-86.4526972015142,39.1643141939222],[-86.4617988421661,39.1642543144642],[-86.4624989143786,39.1643544974484],[-86.4666993435965,39.1642542652235],[-86.4721641661986,39.1643404369711],[-86.4719848091503,39.1643914689895],[-86.4719842191656,39.1645817600249],[-86.4719830541963,39.1649650050963],[-86.4719930072711,39.165852337261],[-86.471997933308,39.1662895363421],[-86.4719005605928,39.1701544020663],[-86.4718085356928,39.1717185523619],[-86.471710318799,39.1733821676763],[-86.4715997769186,39.1752544070301],[-86.4716997801343,39.1775542984532],[-86.4732631845997,39.177665424397],[-86.4739871517326,39.1766984431816],[-86.4741227507578,39.1765222011421],[-86.4745541578383,39.1759614280166],[-86.4752031579557,39.1750734188194],[-86.4753917739897,39.174814373762],[-86.4752255139337,39.174722078753],[-86.4766191681957,39.1729361443522],[-86.4767341172346,39.1730023063588],[-86.4768901202632,39.1727937163123],[-86.4772261723248,39.1723444262122],[-86.4776651654037,39.1717364280775],[-86.4784501605511,39.1707294298515],[-86.4785037085617,39.1706669998373],[-86.4786251615856,39.170525436805],[-86.4788237156268,39.1703179707566],[-86.4789141836455,39.1702234167345],[-86.4791391786948,39.1700214396859],[-86.4794304667602,39.1697798046266],[-86.4795321697831,39.1696954396059],[-86.4797921858429,39.1694974315563],[-86.4800451609025,39.1693224225113],[-86.4803276399709,39.1691492674652],[-86.4805491710246,39.169013438429],[-86.4813501622285,39.1686454193212],[-86.481598491293,39.1685471482907],[-86.4818681593631,39.1684404202576],[-86.4825877165555,39.1682237471819],[-86.4827481825984,39.168175428165],[-86.4829886636641,39.168120439143],[-86.4832291787299,39.1680654221209],[-86.4834493297908,39.1680244381025],[-86.4836481788459,39.1679874360858],[-86.4840221749513,39.1679424390591],[-86.4848801571963,39.1678754360045],[-86.4852871223152,39.1678770319847],[-86.4856431604192,39.1678784189675],[-86.4860141825294,39.1679014339536],[-86.4864291746538,39.1679424379409],[-86.4872131538918,39.1680554219233],[-86.4892271855094,39.1684234248929],[-86.490071269768,39.1685748048795],[-86.4901361757879,39.1685864188785],[-86.490446181883,39.1686434298738],[-86.4911381860951,39.1687694278633],[-86.4913961831742,39.1688164248594],[-86.4915951862353,39.1688534288565],[-86.4943221590708,39.1693434328136],[-86.4959031605543,39.1696154247865],[-86.4970801599148,39.169826417768],[-86.5001601678599,39.1703974347228],[-86.5001619289197,39.1711280628586],[-86.5001635239551,39.1715584359387],[-86.500163171955,39.1715584339387],[-86.4994761927534,39.1715444229698],[-86.4983431734226,39.1715424190252],[-86.497334166126,39.1715154400697],[-86.4960971787623,39.1714824171244],[-86.4958181776809,39.1714824381381],[-86.4954681855787,39.1714814421552],[-86.4954515365739,39.1714814401559],[-86.4954722088693,39.1750480958185],[-86.4957388339884,39.1755574219002],[-86.4954704729737,39.1763408000591],[-86.4955270701643,39.1784865394555],[-86.4960814988991,39.1855447817412],[-86.4960997989052,39.1855544007421],[-86.4961001611083,39.1880545492071],[-86.4959997475339,39.1936542602534],[-86.4974332049496,39.1936218041769],[-86.4974501449545,39.1936214221759],[-86.5004012228104,39.1935545450183],[-86.500501101254,39.1986545269617],[-86.50048269173,39.2045757600635],[-86.5103881256146,39.2044968715612],[-86.5103878526136,39.2044869865594],[-86.5104064866191,39.2044869125585],[-86.5105012344083,39.2015543500086],[-86.510555686392,39.2011585189324],[-86.5105931133808,39.2008862628799],[-86.5112158135614,39.2008731788469],[-86.5121009838183,39.2008545417998],[-86.5121771768404,39.2008534327959],[-86.5125001799248,39.2007324277574],[-86.5126691679674,39.2006494337337],[-86.5128851750199,39.2005204356991],[-86.5130601950643,39.200437443675],[-86.5132251661084,39.2003884476579],[-86.5132663211199,39.2003827176548],[-86.5132971961287,39.2003784216524],[-86.5135011851882,39.2003784306424],[-86.5135576372054,39.2003879326414],[-86.5136201852245,39.2003984246402],[-86.5138271892894,39.2004534406403],[-86.5138830953063,39.2004606326388],[-86.5139281793199,39.2004664266377],[-86.5140211833468,39.2004634216326],[-86.5140881843647,39.2004424436253],[-86.5141185343717,39.2004201606198],[-86.5141481743786,39.2003984246143],[-86.5141676043823,39.2003736716087],[-86.5141991923882,39.2003334395997],[-86.5142956523994,39.2001251395562],[-86.5142803653936,39.2001085915539],[-86.5140145912958,39.1998592885206],[-86.5138918942476,39.1997073544984],[-86.5138351072237,39.1996169414844],[-86.5137819452013,39.1995322834712],[-86.5137127651689,39.1993818474467],[-86.5136556181421,39.1992575794264],[-86.5135383760872,39.1990026313847],[-86.5134415630389,39.1987568443439],[-86.5133654449934,39.1984696442942],[-86.5133261649667,39.1982827292614],[-86.5133047209394,39.1980238842143],[-86.5132788428915,39.1975279401234],[-86.5132398618314,39.1969287830139],[-86.5132272728177,39.1968055289916],[-86.513213706803,39.1966723589675],[-86.5131832077853,39.196564803949],[-86.5131139477516,39.1963984979215],[-86.5130474207231,39.1962871149041],[-86.5129640346858,39.1961268058784],[-86.5128936576474,39.195906790841],[-86.5128527896206,39.1957247258091],[-86.5128031635903,39.1955303737754],[-86.5127504965624,39.1953763927494],[-86.5127136395437,39.1952785807331],[-86.5126463105125,39.1951356747098],[-86.5125622294748,39.1949742376839],[-86.5122961913568,39.1944774726046],[-86.5122414763304,39.1943498115835],[-86.5122228063186,39.19427193957],[-86.5122200543104,39.1941805265532],[-86.512233050307,39.194091882536],[-86.5122529903078,39.1940302875236],[-86.5123005513139,39.1939344265034],[-86.5123767713237,39.1937807204711],[-86.5124189083259,39.1936575154462],[-86.5124439012959,39.1931980343595],[-86.5124342362821,39.1930626583348],[-86.5124240092762,39.1930271363287],[-86.5124033902661,39.1929765443203],[-86.5123513382453,39.1929080623101],[-86.5123154322319,39.1928719203052],[-86.5120236071309,39.1926761602831],[-86.5119057990883,39.1925759742703],[-86.5118242810569,39.1924822532569],[-86.5117906790416,39.1924141092459],[-86.5117800980338,39.1923570322358],[-86.5117798670308,39.1923203232289],[-86.5117776639273,39.1910547269937],[-86.5117768229044,39.1907753919419],[-86.5118033588961,39.1905787489039],[-86.5118395309012,39.1905122918898],[-86.5118610199058,39.1904902678847],[-86.5118902539127,39.1904703148795],[-86.5119200809201,39.1904553868753],[-86.511949836928,39.1904449908718],[-86.5119770079355,39.1904400988696],[-86.5120042899434,39.1904388608681],[-86.5142979776185,39.1905108167686],[-86.5143617646365,39.1905022597639],[-86.5144510236605,39.1904763657547],[-86.514512238674,39.1904236207418],[-86.5145494486796,39.1903595567281],[-86.5145551496722,39.190247511707],[-86.5145439576299,39.1897670966182],[-86.5145088295584,39.1890128064797],[-86.5144515243881,39.1871234831312],[-86.5144304673261,39.1864358680043],[-86.5144966193337,39.1862909249741],[-86.5112058803738,39.1862958161369],[-86.511144455235,39.1848083348633],[-86.5111518741629,39.1838931986927],[-86.5117329582838,39.1832940895527],[-86.5119293373497,39.1834000425628],[-86.5120808984005,39.1834818065705],[-86.5125589755596,39.1837226005918],[-86.512902875674,39.1838957986071],[-86.5132561927905,39.1840606956204],[-86.5136998709368,39.1842678206371],[-86.5142468701155,39.1845028216539],[-86.5145844642256,39.1846450966637],[-86.5147308662733,39.184706816668],[-86.5158488886315,39.1850998006861],[-86.5161738777348,39.1852048086896],[-86.5169948889922,39.1854238056899],[-86.5175716921706,39.1855473846845],[-86.5183578734136,39.1857158216772],[-86.5189031565816,39.1858246076706],[-86.5192148766776,39.1858868216668],[-86.5193957227328,39.1859169636635],[-86.5198328828663,39.1859898046555],[-86.5204038790393,39.1860688076421],[-86.5206198941041,39.1860908006356],[-86.5213088693104,39.1861558176138],[-86.5221498895608,39.1862178025839],[-86.524332876198,39.1862198124769],[-86.5283398943688,39.1862408072836],[-86.5284539014022,39.1862428042783],[-86.5285421965301,39.199798438794],[-86.5287971806614,39.2004974319114],[-86.5287971876672,39.2005684319246],[-86.5287481756798,39.2009004359887],[-86.5287601826939,39.2010294230121],[-86.5289828997955,39.2014798180848],[-86.529024182816,39.201583440102],[-86.5290151938245,39.2017214421281],[-86.5289251908226,39.2020204431881],[-86.5288941868222,39.2021264382094],[-86.5288651958329,39.2023624432547],[-86.5288628998495,39.202573811294],[-86.528949188903,39.2029224383546],[-86.5289211709083,39.2030884373869],[-86.5287891738949,39.2033964364506],[-86.5287591788989,39.2035534204812],[-86.5287591949108,39.2036994285084],[-86.5287892039282,39.2038054385266],[-86.5291231920827,39.2045074426406],[-86.5291841881154,39.2046894326714],[-86.5292130261387,39.2048726137041],[-86.5292051901466,39.2049984327278],[-86.5291881841456,39.2050474417377],[-86.5291481861393,39.2051124307518],[-86.5290781871245,39.2051824377683],[-86.5288031870589,39.2053614298151],[-86.5287601700493,39.2053974378239],[-86.5287051800399,39.2054794328418],[-86.5286831930407,39.2055694368597],[-86.5287121902516,39.2080564273204],[-86.5290041933462,39.2081714263274],[-86.5291781734006,39.2082164293272],[-86.5293781824606,39.2082364353211],[-86.5302151977059,39.2082494452822],[-86.5308571848908,39.208219435245],[-86.5332314695917,39.2083193241467],[-86.5345147579666,39.2083243880844],[-86.5349773771009,39.2083153370599],[-86.5357579393274,39.2083000650186],[-86.5364018535115,39.2082533399782],[-86.5375234118387,39.2082533289229],[-86.5377629857747,39.2066080896054],[-86.5415826518856,39.2065646064091],[-86.5473821865667,39.2064284290981],[-86.5473751944838,39.2054354449139],[-86.5473341883278,39.2036664425872],[-86.5473291763086,39.2034484235469],[-86.5473261992981,39.203329445525],[-86.5473072012322,39.2025884193882],[-86.5473101961499,39.2015674211983],[-86.5473082061367,39.2014114381695],[-86.547291203115,39.2012064321322],[-86.5472602010888,39.2009954320945],[-86.5460761867439,39.2010014271539],[-86.5438021840827,39.201028422271],[-86.5433381769468,39.2010224292928],[-86.5432151939102,39.2010144462973],[-86.5430661998628,39.2009654332956],[-86.5429071988089,39.2008734352863],[-86.5428482027876,39.2008224232797],[-86.5428081897717,39.2007714452722],[-86.5427322057369,39.2006164362471],[-86.5424452055567,39.199431419041],[-86.542105191357,39.1981944288279],[-86.541921172242,39.197441432697],[-86.5413302038778,39.1950834212879],[-86.5411291877442,39.1941614381264],[-86.5410731737138,39.1939894430972],[-86.5409691986704,39.1938284270724],[-86.5408721716345,39.19373643906],[-86.5407371955894,39.1936654420535],[-86.5407053925792,39.1936533520528],[-86.5405071895152,39.1935779960486],[-86.5404452024952,39.1935544250472],[-86.5399661873422,39.1933914400405],[-86.5397291902664,39.1933094240369],[-86.5385981999049,39.1929214400205],[-86.5384702708634,39.1928704340174],[-86.5382821948024,39.1927954240126],[-86.5382569727938,39.1927811400112],[-86.538192195772,39.1927444300076],[-86.5380211717122,39.1926224419933],[-86.5379679316922,39.1925675289858],[-86.5378931996641,39.1924904419751],[-86.5378001856264,39.1923594269554],[-86.5377682046112,39.1922884429438],[-86.5377426975922,39.1921466259186],[-86.5377271705807,39.1920604249034],[-86.53772451155,39.1916924558351],[-86.5377191854891,39.1909624166997],[-86.5377238654683,39.1906901626488],[-86.5377261774581,39.1905554226237],[-86.5377301524404,39.1903243215805],[-86.5377322004313,39.1902054215583],[-86.5377315133746,39.1895093674289],[-86.537730192259,39.1880924391656],[-86.537729191178,39.187099425981],[-86.537729199166,39.1869524289537],[-86.5377271991353,39.1865814418848],[-86.5392371955787,39.1866174408171],[-86.5403701799135,39.186669427771],[-86.5407834970361,39.1866945257554],[-86.5479102971378,39.1869725874562],[-86.5479815282512,39.1881117686644],[-86.5449270833556,39.1880559898044],[-86.5448715843598,39.1883059618536],[-86.5444762034596,39.1909525703651],[-86.5421179097724,39.190962505483],[-86.5419998488532,39.1923800037524],[-86.5409539185562,39.1924794158224],[-86.5410293546308,39.1931262319388],[-86.5446335066854,39.1931637907684],[-86.5438254374934,39.1937022699082],[-86.5472288144876,39.1937179797435],[-86.5473244336393,39.1952407410218],[-86.5473426577363,39.1963669092302],[-86.5493258113155,39.1963760161343],[-86.5493827202965,39.1959383630501],[-86.5519592940475,39.1959300719216],[-86.5520866230991,39.2083928842312],[-86.5539225266363,39.2084120031442],[-86.5539221956355,39.2084044241428],[-86.5538962325796,39.2078106660339],[-86.5538721955279,39.2072614219329],[-86.5538722094922,39.2068225198514],[-86.5538722034562,39.2063814217695],[-86.5539171994077,39.2056244336266],[-86.5540521792982,39.2037954192801],[-86.5541621841579,39.2016774318811],[-86.5542291810945,39.2006584256885],[-86.5543862039431,39.1982354302305],[-86.554437178878,39.1972534420455],[-86.5544819488372,39.1965905689201],[-86.5545312027922,39.1958614397822],[-86.5546451796859,39.1941464314578],[-86.5547311956184,39.1930074192419],[-86.5547851835762,39.1922954431069],[-86.554839207534,39.1915834379719],[-86.5548761914903,39.1909134178456],[-86.5549492004057,39.1896114256],[-86.5550101893646,39.1888874264624],[-86.555063209328,39.1882474333409],[-86.5551201863178,39.1879174292767],[-86.5552732093036,39.1871944241348],[-86.5552812043031,39.1871584391277],[-86.5552992073024,39.1870864231134],[-86.5553821802991,39.1867474210463],[-86.5554761932955,39.1863664359709],[-86.5556241932972,39.1858564338688],[-86.5561542043203,39.1842394255421],[-86.5562092023226,39.1840694225078],[-86.5566772033584,39.1828304412544],[-86.5569071833673,39.1821154401102],[-86.5570312003787,39.1818104210474],[-86.5571672033947,39.1815204179867],[-86.5572882004116,39.1812934409386],[-86.5574791804443,39.1810104408766],[-86.557670194477,39.1807274398146],[-86.5579892105353,39.1802994187193],[-86.5583652076069,39.1798314326138],[-86.5586202056582,39.1795484155486],[-86.5588161767002,39.1793614205042],[-86.5590781977582,39.1791344164491],[-86.5612711792683,39.1775414360449],[-86.561558176333,39.1773074279873],[-86.5621782014785,39.1768724238759],[-86.5624892095499,39.1766344288163],[-86.5639481998904,39.17558843355],[-86.566544180492,39.1736754230665],[-86.567627210745,39.1729014168693],[-86.5705331876152,39.1731814387783],[-86.5727892062896,39.1733844127049],[-86.5731021993827,39.1734064306936],[-86.5734939225002,39.173447625682],[-86.5736105165353,39.1734598876785],[-86.5736031216708,39.1751535609937],[-86.5736035010042,39.1792533617558],[-86.5736032887113,39.1879477543718],[-86.5737029675059,39.1973535031147],[-86.5737029338642,39.2017535659322],[-86.5737464290826,39.2042803693994],[-86.5737188112125,39.2059729017152],[-86.5736911933423,39.207665435031],[-86.5738035708874,39.2139534851934],[-86.573703210592,39.2229535968696],[-86.57370312022,39.2306534402993],[-86.5737121913334,39.2320104295507],[-86.5737381923551,39.2321834295815],[-86.5737762015288,39.2341764379497],[-86.5737771936012,39.2350594311135],[-86.5737981956456,39.2355284311995],[-86.5737922086504,39.2356094262149],[-86.5737991857223,39.2364654293734],[-86.573814198786,39.2371914395074],[-86.5738092007939,39.237306428529],[-86.5738929484261,39.2447496099063],[-86.5738662166344,39.2473953533987],[-86.5739237838684,39.2500535998891],[-86.5738908900029,39.2518178642181],[-86.5739066381567,39.253643291556],[-86.5740042741367,39.2652833337106],[-86.5740104335594,39.2704293016648],[-86.5742662170776,39.2758494526573],[-86.5741745202853,39.2909264304572],[-86.5741853694555,39.2929653428345],[-86.5742632056705,39.2953124542658],[-86.5742492016754,39.2954214442867],[-86.5742902128051,39.2968574365508],[-86.5742822228691,39.2976679547014],[-86.5742741979332,39.298478445852],[-86.5743272110993,39.30031645919],[-86.5743422091435,39.3008024492794],[-86.5743352131739,39.3011974413529],[-86.5742682222563,39.3024404465866],[-86.574228218409,39.3044454439601],[-86.5742322034266,39.3046464589971],[-86.5741898557456,39.3086864337479],[-86.5745823296479,39.3182884165074],[-86.5744790152188,39.3256107548688],[-86.5741453946102,39.3315617519874],[-86.5742542428871,39.3345454135346],[-86.5742749861788,39.3380223251773],[-86.5742718493148,39.3396882414859],[-86.5684732106141,39.3395924507555],[-86.5581202115758,39.3394044452336],[-86.5493952170175,39.3392744486418],[-86.5473022024038,39.3392434687396],[-86.5467182032328,39.3392374557675],[-86.5461341930573,39.3391774637853],[-86.5438462023847,39.3391224598884],[-86.5435711933048,39.3391284599032],[-86.5433042012286,39.3391494599203],[-86.5427412190673,39.3391874519552],[-86.5422502109219,39.3391624649749],[-86.541340191658,39.339184450024],[-86.5406081994421,39.3391594600556],[-86.5404282173894,39.3391574680641],[-86.540264212341,39.3391514590712],[-86.5397892142029,39.3391594550962],[-86.5390551849875,39.3391464711301],[-86.5367182123022,39.3391124572395],[-86.5350641868103,39.3390044673014],[-86.5321571909662,39.3390634654563],[-86.5229422042627,39.3389144488848],[-86.5213832048043,39.3388774459551],[-86.520118195436,39.3388924720205],[-86.5136861975535,39.3388454663301],[-86.5131481813964,39.3388464563569],[-86.5102162035403,39.3388504505027],[-86.5097961944175,39.3388484645232],[-86.5093522062855,39.3388214565401],[-86.5092421922508,39.3387894505397],[-86.5090971942067,39.3387684465429],[-86.5082641799602,39.3387294655769],[-86.5059041952704,39.3387244536928],[-86.5033702015289,39.3387094658154],[-86.5018121910748,39.3387214598946],[-86.5000021935404,39.3386534569716],[-86.4929092024681,39.3386514623221],[-86.4830491945898,39.3386804538151],[-86.4744941900906,39.338685464239],[-86.4741771749981,39.3386874572551],[-86.4737201748635,39.3386744662752],[-86.4726921695595,39.3386304493179],[-86.4689771964609,39.3384714574721],[-86.4651211793207,39.3383074526323],[-86.4649126942591,39.338298904641],[-86.464902162256,39.3382984636415],[-86.4505371640775,39.3385374743956],[-86.4361741518993,39.3387774691497],[-86.433822160218,39.33885345828],[-86.4288561827748,39.3389554725442],[-86.4285691646909,39.3389554515583],[-86.4227491779974,39.3390514648636],[-86.4126361730558,39.3392324563964],[-86.4028211492006,39.3394084629136],[-86.4007991456121,39.3394414570195],[-86.3906941726713,39.3396114745497],[-86.3903451635694,39.3396124715671],[-86.3814011389661,39.3397604740358]]]},"properties":{"schlbrd":"1"}}]}