full_name,external_id,topic_key,value,reasoning,source_url_1,source_url_2,source_url_3,quote_text,quote_deidentified
Laurel Lee,,abortion,4,"Her 2022 campaign position was 'Abortion disallowed except for maternal life,' allowing abortion only when the mother's life is at serious risk but not citing rape or incest as exceptions. This aligns most closely with value=4 (restrict to cases involving rape, incest, or serious threats to the mother's life).",https://www.ontheissues.org/FL/Laurel_Lee.htm,,,Abortion disallowed except for maternal life,Abortion disallowed except for maternal life
Laurel Lee,,taxes,4,"Her 2022 campaign position was 'Lower and flatter taxes; cut spending,' indicating support for across-the-board tax cuts and reduced government spending. This matches value=4 (cut taxes for everyone and scale back public services to match).",https://www.ontheissues.org/FL/Laurel_Lee.htm,,,Lower and flatter taxes; cut spending,Lower and flatter taxes; cut spending
Laurel Lee,,civil-rights,5,"Her documented positions include 'Racism is no threat, but an excuse for violence' and 'Gender identity isn't a protected class' (both Nov 2022). These statements oppose race-based and gender-identity protections, aligning with value=5 (eliminate affirmative action and all race-based government programs).",https://www.ontheissues.org/FL/Laurel_Lee.htm,,,"Racism is no threat, but an excuse for violence","Racism is no threat, but an excuse for violence"
Laurel Lee,,fossil-fuels,4,"Her 2022 position was 'Yes fracking; environmental regulations cost jobs,' indicating support for fossil fuel extraction and opposition to environmental regulations. Her LCV lifetime score is 4% with votes to roll back methane rules and expand drilling. This aligns with value=4 (expand fossil fuel drilling permits).",https://www.ontheissues.org/FL/Laurel_Lee.htm,http://www.lcv.org/scorecard/laurel-lee/,,Yes fracking; environmental regulations cost jobs,Yes fracking; environmental regulations cost jobs
Laurel Lee,,climate-change,5,"LCV lifetime score of 4% (2025: 3%), with documented votes rolling back the Methane Polluter Fee, blocking states' cleaner truck and car standards, rolling back Clean Air Act protections, and opposing clean energy incentives. Her position 'environmental regulations cost jobs' reflects rejection of climate policy in favor of economic growth, matching value=5.",http://www.lcv.org/scorecard/laurel-lee/,https://www.ontheissues.org/FL/Laurel_Lee.htm,,,
Laurel Lee,,religious-freedom,5,"Her 2022 campaign position was 'Religious liberty is at risk; no state interference,' indicating strong protection of religious freedom from any government intervention. This aligns with value=5 (strongly protect religious freedom and allow religious organizations complete autonomy in their operations and hiring practices).",https://www.ontheissues.org/FL/Laurel_Lee.htm,,,Religious liberty is at risk; no state interference,Religious liberty is at risk; no state interference
Laurel Lee,,immigration,4,"Her 2022 position was 'Follow our citizenship process and enter country legally,' emphasizing strict legal immigration pathways. She served as a House impeachment manager in the 2024 case against DHS Secretary Mayorkas, arguing he willfully refused to comply with federal immigration laws requiring detention of migrants. This aligns with value=4 (make it harder to immigrate legally and limit public services to people with legal status).",https://www.ontheissues.org/FL/Laurel_Lee.htm,https://en.wikipedia.org/wiki/Impeachment_of_Alejandro_Mayorkas,,Follow our citizenship process and enter country legally,Follow our citizenship process and enter country legally
Laurel Lee,,deportation,4,"As a 2024 House impeachment manager, Lee argued that DHS Secretary Mayorkas 'willfully and systematically refused to comply with Federal immigration laws' requiring detention of migrants awaiting asylum decisions. This strong enforcement position aligns with value=4 (deport everyone without legal status, starting with those who have criminal records) rather than value=5 since no explicit statement about deporting people regardless of family ties was found.",https://en.wikipedia.org/wiki/Impeachment_of_Alejandro_Mayorkas,https://www.ontheissues.org/FL/Laurel_Lee.htm,,,
Laurel Lee,,healthcare,4,"Republican Study Committee member, which consistently supports reducing federal healthcare involvement and repealing the ACA. Her 2022 healthcare statement focused only on vaccine religious exemptions, not expanding access. No support for universal coverage or a public option found. Aligns with value=4 (only help the poorest people afford healthcare and leave everyone else to employers and private insurance).",https://www.ontheissues.org/FL/Laurel_Lee.htm,https://en.wikipedia.org/wiki/Laurel_Lee_(politician),,,
Laurel Lee,,voting-rights,4,"As Florida Secretary of State (2019-2022), she oversaw election security measures. Her 2022 position was 'Strengthen our election process and its integrity.' She now chairs the House Subcommittee on Elections and focuses on election integrity. This language aligns with value=4 (require photo ID for voting and regularly update voter rolls to remove inactive registrations) rather than value=5 (eliminate mail-in voting entirely), as she oversaw a high-turnout 2020 Florida election including mail-in voting.",https://www.ontheissues.org/FL/Laurel_Lee.htm,https://en.wikipedia.org/wiki/Laurel_Lee_(politician),,Strengthen our election process and its integrity,Strengthen our election process and its integrity
Laurel Lee,,ai-regulation,2,"Introduced the bipartisan DEFIANCE Act addressing non-consensual deepfake intimate images and serves on the House Task Force on Artificial Intelligence. The DEFIANCE Act is narrowly targeted at specific harms rather than broad AI oversight, and her bipartisan AI task force role suggests light-touch guidance rather than mandating safety testing or government approval. This aligns with value=2 (suggest AI safety guidelines but let companies choose whether to follow them).",https://en.wikipedia.org/wiki/Laurel_Lee_(politician),,,,
Laurel Lee,,misinformation,3,"Authored the bipartisan DEFIANCE Act targeting non-consensual deepfake intimate images — a targeted intervention against a specific type of online harmful content. This narrow, bipartisan approach (not mandating broad platform fact-checking or algorithm regulation, but also not prohibiting all government involvement) aligns with value=3 (encourage voluntary standards for combating misinformation online) or targeted statutory intervention on specific harms.",https://en.wikipedia.org/wiki/Laurel_Lee_(politician),,,,
Vern Buchanan,,abortion,4,"Buchanan identifies as pro-life, has voted YES on banning abortion after 20 weeks (Pain-Capable Unborn Child Protection Act, 2015), YES on No Taxpayer Funding for Abortion Act (2015), YES on banning federal health coverage that includes abortion (2011), and co-sponsored the Born-Alive Abortion Survivors Protection Act. He opposes all federal funding for abortion and Planned Parenthood but has not cosponsored a total ban.",https://www.ontheissues.org/FL/Vern_Buchanan.htm,https://www.ontheissues.org/FL/Vern_Buchanan_Abortion.htm,,I am pro-life. I will work hard to defend life from conception to natural death.,I am pro-life. I will work hard to defend life from conception to natural death.
Vern Buchanan,,campaign-finance,4,"Buchanan voted YES on requiring lobbyist disclosure of bundled donations over $5,000 (2007) and co-sponsored the STOCK Act restricting insider trading by members of Congress — suggesting he accepts transparency requirements. However, he voted NO on the Corporate Transparency Act (2019) and co-sponsored legislation to stop IRS scrutiny of political (Tea Party) organizations, reflecting a generally anti-restriction stance on political money rather than strict reform.",https://www.ontheissues.org/FL/Vern_Buchanan_Government_Reform.htm,https://www.ontheissues.org/FL/Vern_Buchanan_Corporations.htm,,,
Vern Buchanan,,civil-rights,5,"Buchanan voted NO on prohibiting job discrimination based on sexual orientation (ENDA, 2007), NO on federal hate crimes prevention expansion covering sexual orientation and gender identity (2009), NAY on barring federal contractors from discriminating on gender identity (2016), NAY on the Equal Rights Amendment deadline extension (2021), and NO on the George Floyd Justice in Policing Act (2021). He opposes race-based and identity-based equity mandates consistently.",https://www.ontheissues.org/FL/Vern_Buchanan_Civil_Rights.htm,https://en.wikipedia.org/wiki/Vern_Buchanan,,,
Vern Buchanan,,climate-change,4,"Buchanan voted YES on barring EPA from regulating greenhouse gases (2011), signed H.R.391 to exclude greenhouse gases from Clean Air Act regulation (2009), and voted NO on enforcing CO2 pollution limits with renewable energy standards (2009). His LCV lifetime score is 18% and 2025 score is just 3%, reflecting consistent opposition to climate regulation. He supports some renewable tax credits but opposes mandatory climate policy frameworks, placing him closer to market-led rather than aggressive climate intervention.",https://www.lcv.org/scorecard/vern-buchanan/,https://www.ontheissues.org/FL/Vern_Buchanan_Energy_+_Oil.htm,https://www.ontheissues.org/FL/Vern_Buchanan_Environment.htm,,
Vern Buchanan,,deportation,4,"Buchanan holds an A rating from ALIPAC (Americans for Legal Immigration), opposes amnesty pathways, voted YES to ban DACA recipients from military service (Gosar Anti-DACA Amendment, 2016), voted NO on the NO BAN Act (opposing presidential travel ban limits), and co-sponsored making English the official language. He supports deporting all those without legal status and enforcing immigration laws broadly, consistent with value 4 (deport all without legal status, starting with criminal records).",https://www.ontheissues.org/FL/Vern_Buchanan.htm,https://www.ontheissues.org/FL/Vern_Buchanan_Immigration.htm,,"With 850,000 immigrants crossing our borders illegally every year, we don't know how many pose a threat to our country.","With 850,000 immigrants crossing our borders illegally every year, we don't know how many pose a threat to our country."
Vern Buchanan,,fossil-fuels,3,"Buchanan's energy record is genuinely mixed: he voted NO on opening the Outer Continental Shelf to offshore drilling (2011), voted YES on removing exploration subsidies for oil and gas (2007), and voted YES on banning offshore Gulf of Mexico drilling research (2016) — all suggesting limits on fossil fuel expansion. At the same time he opposed EPA greenhouse gas regulations and CO2 limits. The coastal protection votes (Florida's Gulf coast) pull against pure fossil fuel expansion, placing him at value 3 (maintain current production with existing environmental regs) rather than 4 or 5.",https://www.ontheissues.org/FL/Vern_Buchanan_Energy_+_Oil.htm,https://www.lcv.org/scorecard/vern-buchanan/,,,
Vern Buchanan,,healthcare,4,"Buchanan co-sponsored 'Repealing the Job-Killing Health Care Law Act' (2011), voted YES on full repeal of Obamacare (2015), and supported the Ryan Budget emphasizing Medicare choice and spending cuts. He voted YES on extending SCHIP for children's health (bipartisan) and supported Medicare negotiating Rx drug prices — moderate deviations. Overall he supports helping only those who cannot afford care (Medicaid/SCHIP) while opposing universal or regulated-coverage systems.",https://www.ontheissues.org/FL/Vern_Buchanan.htm,https://www.ontheissues.org/FL/Vern_Buchanan_Health_Care.htm,,,"Republicans aim to ""save Medicare & make sure there are options for seniors"" rather than let it face bankruptcy."
Vern Buchanan,,housing,4,"Buchanan voted NO on HOPE VI public housing revitalization (2008), YES on terminating the Home Affordable mortgage modification program (2011), and NO on modifying bankruptcy rules to prevent foreclosures (2009). He opposed federal public housing investment and housing assistance programs, consistent with letting private developers solve housing shortages rather than direct government provision or rent-support programs.",https://www.ontheissues.org/FL/Vern_Buchanan_Budget_+_Economy.htm,https://www.ontheissues.org/FL/Vern_Buchanan.htm,,,
Vern Buchanan,,immigration,4,"Buchanan holds an A rating from ALIPAC, opposes amnesty and guest-worker expansions, supported Trump's 2017 travel ban on Muslim-majority countries, supported defunding sanctuary cities ('LONG OVERDUE'), and voted to ban DREAMER immigrants from military service. He favors reducing pathways for immigrants and limiting public services to those with legal status.",https://www.ontheissues.org/FL/Vern_Buchanan_Immigration.htm,https://en.wikipedia.org/wiki/Vern_Buchanan,,,LONG OVERDUE ... Time to protect Americans.
Vern Buchanan,,medicare/aid,4,"Buchanan voted YES on the Ryan Budget that included partial privatization of Medicare through a premium-support model and significant Medicaid cuts. His ARA (Alliance for Retired Americans) rating is 28% — indicating he leans toward market-based reforms over preserving the federal program structure. He supported Medicare beneficiary choice options and opposed ACA Medicaid expansion. He did vote YES on SCHIP expansion for children and supported Medicare drug price negotiation, preventing a pure value 5 assignment.",https://www.ontheissues.org/FL/Vern_Buchanan_Health_Care.htm,https://www.ontheissues.org/FL/Vern_Buchanan_Social_Security.htm,,,
Vern Buchanan,,misinformation,4,"Buchanan co-sponsored the Internet Freedom Act to prohibit FCC regulation of internet services, voted NO on the Save the Internet Act (2019, restoring net neutrality), signed the Broadcaster Freedom Act against FCC Fairness Doctrine reinstatement, and supported cybersecurity data sharing (CISPA) while opposing government-mandated content standards. His technology record reflects a consistent preference for protecting free speech online and preventing government content regulation.",https://www.ontheissues.org/FL/Vern_Buchanan_Technology.htm,,,,
Vern Buchanan,,religious-freedom,4,"Buchanan has consistently voted against LGBTQ anti-discrimination measures — opposing ENDA (2007), opposing barring federal contractors from discriminating based on gender identity (2016) — and supports the right of children to pray in schools. He aligns with value 4: protecting religious freedom and allowing faith-based exemptions from laws that conflict with sincere religious beliefs, without going to full organizational autonomy (value 5).",https://www.ontheissues.org/FL/Vern_Buchanan_Civil_Rights.htm,https://www.ontheissues.org/FL/Vern_Buchanan_Education.htm,,,
Vern Buchanan,,same-sex-marriage,5,"Buchanan voted NO on prohibiting job discrimination based on sexual orientation (ENDA, 2007), NO on anti-gay hate crimes enforcement (2009), NAY on barring federal contractors from discriminating based on gender identity (2016), and voted against the Equality Act (Wikipedia). His civil rights record shows no support for LGBTQ protections. No confirmed Yea vote on the Respect for Marriage Act was found in available sources; his consistent pattern of opposition to all LGBTQ recognition measures places him at value 5.",https://www.ontheissues.org/FL/Vern_Buchanan_Civil_Rights.htm,https://en.wikipedia.org/wiki/Vern_Buchanan,,,
Vern Buchanan,,school-vouchers,4,"Buchanan voted YES on the DC Opportunity Scholarship Program reauthorization (2011) and YES on the SOAR Act reauthorization (2015), both providing private school voucher funding for low-income students. He supports giving parents more school choices and local control, and prioritizes directing education dollars away from bureaucracy. His votes support expanding voucher eligibility while stopping short of a universal voucher model (he voted NO on the A-PLUS Amendment block grant).",https://www.ontheissues.org/FL/Vern_Buchanan_Education.htm,https://www.ontheissues.org/FL/Vern_Buchanan.htm,,,
Vern Buchanan,,social-security,4,"Buchanan received a 28% rating from the Alliance for Retired Americans (ARA), which scores 0% as supporting privatization and market-based reforms and 100% as maintaining federal control. A 28% score places him clearly closer to the privatization/reform end. He supported the Ryan Budget which proposed converting Medicare to premium support and reducing entitlement spending, and has consistently voted against expanding benefits. Value 4 (gradually raise retirement age and reduce benefits for higher earners) fits better than value 5 (full private accounts) given no explicit private accounts bill support.",https://www.ontheissues.org/FL/Vern_Buchanan_Social_Security.htm,https://www.ontheissues.org/FL/Vern_Buchanan_Health_Care.htm,,,
Vern Buchanan,,tariffs,3,"Buchanan voted YES on the Peru Free Trade Agreement (2007), voted YEA on USMCA (2019), and earned a 75% rating from USA*Engage for supporting trade engagement over sanctions. He has consistently supported free trade agreements. However, he voted NO on expanding trade adjustment assistance for workers displaced by globalization (2007), opposing the offsetting social programs. His overall stance aligns with value 3: using tariffs selectively to protect key industries while generally favoring free trade.",https://www.ontheissues.org/FL/Vern_Buchanan_Free_Trade.htm,https://www.ontheissues.org/FL/Vern_Buchanan.htm,,,
Vern Buchanan,,taxes,4,"Buchanan signed Americans for Tax Reform's Taxpayer Protection Pledge (binding opposition to all tax increases), voted YES on the Tax Cuts and Jobs Act (2017) cutting corporate rates from 35% to 21%, supports complete repeal of the estate tax, voted YES on the Death Tax Repeal Act (2015), and introduces balanced budget amendments. He consistently opposes tax increases and supports cuts across income levels, fitting value 4 (cut taxes for everyone and scale back public services).",https://www.ontheissues.org/FL/Vern_Buchanan_Tax_Reform.htm,https://en.wikipedia.org/wiki/Vern_Buchanan,,I will use my three decades of business experience to wisely cut wasteful government spending.,I will use my three decades of business experience to wisely cut wasteful government spending.
Vern Buchanan,,voting-rights,4,"Buchanan voted NO on the For the People Act (2019 and 2021) which expanded voter registration, same-day registration, early voting, and automatic registration. He voted NO on D.C. statehood (2021) and NO on D.C. representation. His pattern aligns with value 4 — requiring photo ID and maintaining existing voting restrictions — rather than value 5 (eliminate mail-in voting entirely), as he has not sponsored stricter measures and voted against the most expansive election reform packages.",https://www.ontheissues.org/FL/Vern_Buchanan_Government_Reform.htm,https://www.ontheissues.org/FL/Vern_Buchanan.htm,,,
Greg Steube,,abortion,4,"Steube's documented position allows abortion only to save the life of the mother — no exceptions for rape or incest. He said 'human life begins at conception and deserves legal protection at every stage until natural death' and sponsored the Pain-Capable Unborn Child Protection Act banning abortions after 20 weeks. His single exception (maternal life) places him at value 4, which restricts abortion to only cases involving serious threats to the mother's life.",https://www.ontheissues.org/FL/Greg_Steube.htm,https://www.ontheissues.org/FL/Greg_Steube_Abortion.htm,,"As a Christian, I am strongly pro-Life.","As a Christian, I am strongly pro-Life."
Greg Steube,,civil-rights,5,Steube voted against the Equity and Inclusion Enforcement Act (Sep 2020) which would have allowed private lawsuits for race discrimination in federally-funded programs. He also voted against the George Floyd Justice in Policing Act (Feb 2021) and opposed the Equal Rights Amendment. His record indicates opposition to federal civil rights enforcement and race-based equity programs.,https://www.ontheissues.org/FL/Greg_Steube_Civil_Rights.htm,https://en.wikipedia.org/wiki/Greg_Steube,,,
Greg Steube,,climate-change,5,"Steube stated 'Regulating climate change is not a government responsibility' (Sep 2018) and earned a lifetime LCV score of 1% with 0% in 2025. He voted to roll back the Methane Polluter Fee, repeal Clean Air Act protections, undermine Endangered Species protections, and block water heater efficiency standards. He supported repealing Florida's cap-and-trade program.",https://www.ontheissues.org/FL/Greg_Steube.htm,https://www.lcv.org/scorecard/greg-steube/,,Regulating climate change is not a government responsibility.,Regulating climate change is not a government responsibility.
Greg Steube,,deportation,4,"Steube supports requiring all undocumented immigrants to 'return to their country of origin before they are eligible for citizenship' and sponsored Florida's version of Kate's Law to bar dangerous criminals from entering the state. He consistently backed strong enforcement but his documented positions emphasize criminal history as a priority, aligning with value 4 (deport all without legal status, starting with criminal records).",https://www.ontheissues.org/FL/Greg_Steube.htm,https://www.ontheissues.org/FL/Greg_Steube_Immigration.htm,,,
Greg Steube,,fossil-fuels,5,"Steube earned a 0% LCV score in 2025 (1% lifetime) and voted to roll back the Methane Polluter Fee, block Clean Air Act protections, open public lands to mining companies, and block truck emissions standards. He voted against the Clean Economy Jobs and Innovation Act (Sep 2019) and supported repealing Florida's greenhouse gas cap-and-trade program. His record reflects removing environmental restrictions to maximize extraction.",https://www.lcv.org/scorecard/greg-steube/,https://www.ontheissues.org/FL/Greg_Steube_Energy_+_Oil.htm,https://en.wikipedia.org/wiki/Greg_Steube,,
Greg Steube,,healthcare,5,"Steube stated 'Health insurance via free market, not via government' and 'We need to get the government out of healthcare.' He opposes the ACA, calling it 'the biggest problem in the healthcare industry today,' voted against the ACA insurance mandate, and strongly disagreed that government should ensure everyone has health insurance. His philosophy is fully privatized, market-driven healthcare.",https://www.ontheissues.org/FL/Greg_Steube.htm,https://www.ontheissues.org/FL/Greg_Steube_Health_Care.htm,,"Health insurance via free market, not via government.","Health insurance via free market, not via government."
Greg Steube,,immigration,4,"Steube strongly supports restricting immigration: 'Build the wall. Secure the border,' sponsored legislation to ban sanctuary cities, and voted against the NO BAN Act that restricted immigration bans. He supports requiring undocumented immigrants to return to their home country before seeking citizenship, but his documented positions focus on enforcement and legal status requirements rather than explicitly halting all legal immigration.",https://www.ontheissues.org/FL/Greg_Steube.htm,https://www.ontheissues.org/FL/Greg_Steube_Immigration.htm,,Build the wall. Secure the border.,Build the wall. Secure the border.
Greg Steube,,medicare/aid,4,"Steube's broad free-market healthcare philosophy ('We need to get the government out of healthcare') and opposition to the ACA extend to government health programs. He has not explicitly called for phasing out Medicare and Medicaid entirely, but his free-market healthcare stance and anti-government position on coverage align with partial privatization and reducing Medicaid coverage (value 4).",https://www.ontheissues.org/FL/Greg_Steube_Health_Care.htm,https://www.ontheissues.org/FL/Greg_Steube.htm,,,
Greg Steube,,misinformation,5,"Steube introduced bills in October 2020 and January 2021 to prevent technology platforms from suspending conservative accounts. This positions him against government oversight of platform content decisions, consistent with value 5 (ban any government involvement in content moderation decisions) — he wants to prohibit platforms from moderating speech, reflecting a strong anti-censorship and anti-government-intervention stance.",https://en.wikipedia.org/wiki/Greg_Steube,,,,
Greg Steube,,redistricting,4,"Steube voted against the For the People Act (H.R.1, 2019 and 2021) which required states to establish independent redistricting commissions for congressional maps. Opposing this reform indicates preference for keeping redistricting in legislative hands with court oversight, aligning with value 4 (state legislatures with court oversight).",https://www.ontheissues.org/FL/Greg_Steube_Government_Reform.htm,https://en.wikipedia.org/wiki/Greg_Steube,,,
Greg Steube,,religious-freedom,5,"Steube 'Strongly Agree[d]' that 'Judeo-Christian values established a framework of morality which permitted our limited government' (Sep 2018). He voted for Florida's HB 7111 allowing adoption agencies to refuse same-sex couples on religious grounds and voted against the Combating International Islamophobia Act (Dec 2021), reflecting support for full religious organizational autonomy.",https://www.ontheissues.org/FL/Greg_Steube.htm,https://www.ontheissues.org/FL/Greg_Steube_Principles_+_Values.htm,,,
Greg Steube,,same-sex-marriage,5,Steube stated 'Marriages are one-man-one-woman; so are bathrooms' (Sep 2018) and voted for Florida's HB 7111 to allow adoption agencies to refuse same-sex couples on religious grounds. His clear 'one-man-one-woman' definition of marriage aligns with value 5 (make same-sex marriage illegal and define marriage as only between one man and one woman).,https://www.ontheissues.org/FL/Greg_Steube.htm,https://www.ontheissues.org/FL/Greg_Steube_Civil_Rights.htm,,Marriages are one-man-one-woman; so are bathrooms.,Marriages are one-man-one-woman; so are bathrooms.
Greg Steube,,school-vouchers,3,"In the Florida legislature, Steube voted YEA on HB 859 (Mar 2012) expanding the low-income school voucher program by $10.25M — a means-tested program providing approximately $4,000 per student for poor kids. He also supported education being left to the states. The evidence supports targeted vouchers for low-income families, not universal vouchers, placing him at value 3.",https://www.ontheissues.org/FL/Greg_Steube_Education.htm,https://www.ontheissues.org/FL/Greg_Steube.htm,,$10M for vouchers for private schools for poor kids.,$10M for vouchers for private schools for poor kids.
Greg Steube,,social-security,5,"When asked how he would guarantee Social Security benefits for future generations, Steube gave a one-word answer: 'Privatize.' (Heritage Alliance iVoterGuide, Sep 2018). This directly matches value 5 (transition Social Security to private investment accounts that individuals control themselves).",https://www.ontheissues.org/FL/Greg_Steube.htm,https://www.ontheissues.org/FL/Greg_Steube_Social_Security.htm,,Privatize Social Security for future generations.,Privatize Social Security for future generations.
Greg Steube,,taxes,5,"Steube called for a 'Flat tax to replace tax code' and 'Lower taxes on businesses; cut burdensome regulations' (Sep 2018). A flat tax eliminates progressive taxation, effectively cutting taxes on wealthy individuals, while his stated preference to drastically simplify/replace the tax code aligns with value 5 (drastically cut taxes and shrink government).",https://www.ontheissues.org/FL/Greg_Steube.htm,https://www.ontheissues.org/FL/Greg_Steube_Tax_Reform.htm,,Lower taxes on businesses; flat tax to replace tax code.,Lower taxes on businesses; flat tax to replace tax code.
Greg Steube,,trans-athletes,4,"Steube introduced H.R. 734 (2023) and H.R. 28 (2025) — the Protection of Women and Girls in Sports Act — requiring athletes assigned male at birth to compete in sports designated for males. He stated 'Trans women do not belong in women's sports' (May 2019). His bill requires competing on teams matching biological sex assigned at birth, matching value 4.",https://en.wikipedia.org/wiki/Greg_Steube,https://www.ontheissues.org/FL/Greg_Steube_Civil_Rights.htm,,Trans women do not belong in women's sports.,Trans women do not belong in women's sports.
Greg Steube,,ukraine-support,4,"Wikipedia documents that Steube voted for a moratorium on aid to Ukraine (2023) and was among 98 Republicans who voted for a ban on cluster munitions to Ukraine. These votes indicate he favors reducing rather than ending all aid, aligning with value 4 (reduce aid to Ukraine and focus American resources on domestic priorities).",https://en.wikipedia.org/wiki/Greg_Steube,,,,
Greg Steube,,voting-rights,4,"Steube voted YES on HB 1355 (Apr 2011) reducing early voting from two weeks to 8 days. He voted NAY on the For the People Act (2019 and 2021) which would have established automatic voter registration, same-day registration, and expanded voting access. He also opposed expanding voter registration and access measures. His pattern aligns with value 4 (photo ID + regular voter roll updates).",https://www.ontheissues.org/FL/Greg_Steube.htm,https://www.ontheissues.org/FL/Greg_Steube_Government_Reform.htm,,,
Scott Franklin,,abortion,4,"Franklin ran on an explicit pro-life platform pledging to consistently vote against abortion in Congress, motivated by Christian values. His record shows consistent anti-abortion votes, but no evidence of supporting a complete ban with criminal penalties for providers or patients — aligning with restricting abortion to cases of rape, incest, or serious threats to the mother's life.",https://www.ontheissues.org/FL/Scott_Franklin_Abortion.htm,https://www.ontheissues.org/FL/Scott_Franklin.htm,,"""Scott is pro-life and he will fight to defend life when he is in Congress.""","""[This person] is pro-life and will fight to defend life in Congress."""
Scott Franklin,,civil-rights,4,"Franklin voted NAY on the George Floyd Justice in Policing Act (H.R. 1280), opposing expanded officer liability and reductions to qualified immunity. He also voted NAY on the Equal Rights Amendment deadline extension. His record is consistent with limiting federal civil rights enforcement to clear cases of discrimination rather than mandating systemic equity requirements.",https://www.ontheissues.org/FL/Scott_Franklin_Civil_Rights.htm,https://www.ontheissues.org/FL/Scott_Franklin_Crime.htm,,,
Scott Franklin,,climate-change,5,"Franklin's LCV lifetime score is 1% (0% in 2022, 2023, 2024, and 2025), with zero pro-environment votes and dozens of anti-environment votes each year. He supported opening the Arctic National Wildlife Refuge to oil and gas drilling, backed coal development on public lands, and voted against clean energy incentives and methane pollution safeguards. This pattern is consistent with rejecting climate change policies entirely and focusing on economic growth.",https://www.lcv.org/congressional-scorecard/moc/scott-franklin,https://en.wikipedia.org/wiki/Scott_Franklin_(politician),,,
Scott Franklin,,deportation,4,"Franklin supports a border wall and voted against the NO BAN Act (2021), which would have limited presidential authority to restrict entry from non-cooperating countries and prohibited religious discrimination in immigration. His restrictive immigration posture aligns with deporting all people without legal status, starting with those with criminal records.",https://www.ontheissues.org/FL/Scott_Franklin_Immigration.htm,https://www.ontheissues.org/FL/Scott_Franklin_Homeland_Security.htm,,,
Scott Franklin,,fossil-fuels,5,"Franklin's LCV score is 0% in 2025, 2024, and 2023, with consistent votes to support opening the Arctic refuge to oil and gas drilling, backing coal and mining development on public lands, and opposing methane pollution safeguards and endangered species protections. This record of maximizing extraction while removing environmental restrictions places him at value=5.",https://www.lcv.org/congressional-scorecard/moc/scott-franklin,https://en.wikipedia.org/wiki/Scott_Franklin_(politician),,,
Scott Franklin,,healthcare,4,"Franklin's record reflects a conservative, market-oriented approach to healthcare: he opposes large-scale federal spending (voted NAY on the $1.9T American Rescue Plan in 2021) and supports lower taxes and deregulation. While no specific ACA repeal or Medicaid cut votes are documented in accessible records, his consistent conservative fiscal stance aligns with providing only limited help to the poorest and leaving others to employers and private insurance.",https://www.ontheissues.org/FL/Scott_Franklin_Budget_+_Economy.htm,https://www.ontheissues.org/FL/Scott_Franklin.htm,,,
Scott Franklin,,immigration,4,"Franklin supports a border wall and voted against the NO BAN Act (Feb 2021), which would have limited presidential authority to impose immigration bans and prohibited religious discrimination in entry decisions. He is endorsed by Trump/MAGA and campaigns on immigration restriction, consistent with making it harder to immigrate legally and limiting public services to those with legal status.",https://www.ontheissues.org/FL/Scott_Franklin_Immigration.htm,https://www.ontheissues.org/FL/Scott_Franklin.htm,,,
Scott Franklin,,taxes,4,"Franklin explicitly campaigns on 'lower taxes, reduce wasteful spending and eliminate excessive regulations' to grow the economy. He supports corporate tax cuts, opposed the $1.9T American Rescue Plan, and stated federal taxes and spending are 'completely out of control.' This aligns with cutting taxes for everyone and scaling back public services, but falls short of the most extreme flat-tax/drastic-shrink-government position.",https://www.ontheissues.org/FL/Scott_Franklin_Tax_Reform.htm,https://www.ontheissues.org/FL/Scott_Franklin_Budget_+_Economy.htm,,"""lower taxes, reduce wasteful spending and eliminate excessive regulations""","""lower taxes, reduce wasteful spending and eliminate excessive regulations"""
Scott Franklin,,voting-rights,4,"Franklin voted NAY on the For the People Act (H.R. 1) in 2021, which would have expanded automatic voter registration, same-day registration, and mail-in voting. He also voted against the Protecting Our Democracy Act and opposed efforts to expand federal oversight of elections. His record is consistent with requiring photo ID and regularly updating voter rolls.",https://www.ontheissues.org/FL/Scott_Franklin_Government_Reform.htm,https://www.ontheissues.org/FL/Scott_Franklin.htm,,,
Byron Donalds,,abortion,4,"Donalds signed AFA survey (Sep 2020) opposing Planned Parenthood funding and supporting the Born Alive Abortion Survivors Protection Act. His stated position is 'enforce life beginning at conception,' placing him firmly anti-abortion but with no documented call for criminal penalties for patients or a complete legislative ban. He has not cosponsored a Life at Conception Act.",https://www.ontheissues.org/FL/Byron_Donalds_Abortion.htm,https://en.wikipedia.org/wiki/Byron_Donalds,,,
Byron Donalds,,healthcare,5,"Donalds has described the ACA as 'a thinly veiled attempt at a government takeover of the health insurance delivery system' and is 'strongly anti-universal coverage' and 'strongly pro-private insurance' per AFA survey. He believes 'a true limited federal government would not impose' healthcare mandates on Americans, placing him closest to the fully private market stance.",https://www.ontheissues.org/FL/Byron_Donalds_Health_Care.htm,https://www.ontheissues.org/FL/Byron_Donalds.htm,,Obamacare is a thinly veiled attempt at a government takeover of the health insurance delivery system,Obamacare is a thinly veiled attempt at a government takeover of the health insurance delivery system
Byron Donalds,,immigration,4,"Donalds is strongly pro-border wall, pro-ICE, anti-sanctuary city, and supports ending 'taxpayer handouts to illegals.' His 2025 gubernatorial campaign states he 'stands with President Trump to secure the border' and 'end taxpayer handouts to illegals.' He supports legal immigration pathways but makes legal immigration harder through restrictive enforcement. Voted NAY on the NO BAN Act (Feb 2021) to preserve presidential authority to restrict entry.",https://www.ontheissues.org/FL/Byron_Donalds_Immigration.htm,https://byrondonalds.com/issues/,,"We need to secure our southern border and reform our entry/exit visa system, so eliminate visa overstays.","We need to secure our southern border and reform our entry/exit visa system, so eliminate visa overstays."
Byron Donalds,,deportation,4,"Strong enforcement position: pro-ICE, anti-sanctuary cities, supports defunding entities non-compliant with immigration laws. Campaign platform calls for keeping families safe from illegal immigration and ending taxpayer handouts to undocumented immigrants. No documented statement calling for immediate deportation of all undocumented people regardless of family ties, but consistent strong enforcement stance with Freedom Caucus membership.",https://www.ontheissues.org/FL/Byron_Donalds_Immigration.htm,https://byrondonalds.com/issues/,,,
Byron Donalds,,taxes,4,"Donalds stated 'simplify tax code to create jobs and reduce red tape' (Feb 2021) and that the 'federal government spends too much; budget must balance.' He opposed the $1.9 trillion COVID relief package (Mar 2021) and opposed the PRO Act. His campaign calls for 'lower taxes, less regulation' to keep the economy strong. This aligns with cutting taxes and scaling back public services rather than a drastic flat tax.",https://www.ontheissues.org/FL/Byron_Donalds.htm,https://byrondonalds.com/issues/,,Simplify tax code to create jobs and reduce red tape,Simplify tax code to create jobs and reduce red tape
Byron Donalds,,climate-change,5,"Donalds has a lifetime LCV score of 1% (0% in 2024 and 2025), with zero pro-environment votes in 2023-2025. He opposes the Green New Deal and voted against rolling back the methane polluter fee, blocking states' cleaner truck standards, and gutting environmental review. His gubernatorial campaign focuses on Everglades water quality but frames energy policy around 'American energy jobs' rather than climate action.",https://www.lcv.org/congressional-scorecard/moc/byron-donalds,https://www.ontheissues.org/FL/Byron_Donalds_Environment.htm,,We cannot support legislation that will burden taxpayers and vital industries that create millions of good-paying jobs.,We cannot support legislation that will burden taxpayers and vital industries that create millions of good-paying jobs.
Byron Donalds,,fossil-fuels,4,"Donalds has a lifetime LCV score of 1% (0% in 2024-2025), voting against rolling back the methane polluter fee and blocking states' cleaner truck standards. He supports 'American energy jobs' while opposing what he characterizes as burdensome environmental regulations. His environmental position focuses on water quality in Southwest Florida but does not call for removing all environmental restrictions on fossil fuels.",https://www.lcv.org/congressional-scorecard/moc/byron-donalds,https://www.ontheissues.org/FL/Byron_Donalds_Environment.htm,,,
Byron Donalds,,same-sex-marriage,5,"Per AFA survey (Sep 2020), Donalds 'strongly opposes' comfort with same-sex marriage, taking the position that 'Governments should not discriminate against individuals, organizations or small businesses because of their belief that marriage is only a union of one man and one woman.' He is not documented as a Respect for Marriage Act supporter, and OnTheIssues records his position as 'Business liberty over gay marriage.'",https://www.ontheissues.org/FL/Byron_Donalds.htm,https://www.ontheissues.org/Note.asp?q=20AFA-3A,,"Governments should not discriminate against individuals, organizations or small businesses because of their belief that marriage is only a union of one man and one woman","Governments should not discriminate against individuals, organizations or small businesses because of their belief that marriage is only a union of one man and one woman"
Byron Donalds,,social-security,4,"Donalds stated in 2020: 'For people under the age of 50 years old, we are going to have to raise the retirement age in order to sustain Social Security benefits.' He explicitly supports raising the retirement age as a 'meaningful entitlement reform,' which aligns directly with the value-4 stance of gradually raising the retirement age.",https://www.ontheissues.org/FL/Byron_Donalds_Social_Security.htm,https://www.ontheissues.org/FL/Byron_Donalds.htm,,"For people under the age of 50 years old, we are going to have to raise the retirement age in order to sustain Social Security benefits.","For people under the age of 50 years old, we are going to have to raise the retirement age in order to sustain Social Security benefits."
Byron Donalds,,voting-rights,4,"Donalds voted NAY on the For the People Act (H.R. 1, Mar 2021), which would have expanded automatic voter registration, mail-in voting, and early voting. He strongly supports the Electoral College (AFA survey Sep 2020) and has not supported any voting access expansion legislation. His positions align with requiring photo ID and maintaining stricter voting rules.",https://www.ontheissues.org/FL/Byron_Donalds_Government_Reform.htm,https://www.ontheissues.org/FL/Byron_Donalds.htm,,,
Byron Donalds,,civil-rights,5,"Donalds stated 'Weaponizing race will only divide the nation further' (Jan 2021) and that racism 'is not a threat to domestic security.' He is anti-reparations, opposed adding sexual orientation and gender identity as protected classes (AFA survey Sep 2020), and voted against removing the ERA ratification deadline. These positions collectively align with eliminating race-based programs and limiting civil rights enforcement.",https://www.ontheissues.org/FL/Byron_Donalds_Civil_Rights.htm,https://www.ontheissues.org/FL/Byron_Donalds.htm,,Weaponizing race will only divide the nation further,Weaponizing race will only divide the nation further
Byron Donalds,,redistricting,5,"Donalds voted NAY on the For the People Act (H.R. 1, Mar 2021), which required states to establish independent redistricting commissions. As a Freedom Caucus member and strong states' rights advocate, his position aligns with allowing the party that controls the state legislature to draw district boundaries without federal interference.",https://www.ontheissues.org/FL/Byron_Donalds_Government_Reform.htm,https://www.ontheissues.org/FL/Byron_Donalds.htm,,,
Byron Donalds,,school-vouchers,5,Donalds stated 'I reject the notion that a ZIP code determines a child's future. Forcing students to remain in failing schools hinders academic success and restricts educational freedom.' He is a strong school choice advocate who frames vouchers as essential for minority and low-income families. His gubernatorial campaign calls for 'world-class schools that put our students first' with market-based competition.,https://www.ontheissues.org/FL/Byron_Donalds_Education.htm,https://byrondonalds.com/issues/,,I reject the notion that a ZIP code determines a child's future. Forcing students to remain in failing schools hinders academic success and restricts educational freedom.,I reject the notion that a ZIP code determines a child's future. Forcing students to remain in failing schools hinders academic success and restricts educational freedom.
Byron Donalds,,religious-freedom,5,"Donalds is rated 'Strongly protect religious liberty' by AFA survey (Sep 2020). His gubernatorial campaign pledges to 'protect our conservative values' including defending Second Amendment rights, protecting life, and keeping 'radical woke ideology out of schools.' He supports the position that governments should not penalize those who believe marriage is between one man and one woman.",https://www.ontheissues.org/FL/Byron_Donalds.htm,https://byrondonalds.com/issues/,,,
Byron Donalds,,medicare/aid,4,Donalds broadly opposes government-run healthcare ('a true limited federal government would not impose' healthcare mandates) and the ACA. He has not publicly supported Medicare expansion or Medicaid increases. His positions on entitlement reform (raising Social Security retirement age) suggest a partial privatization/reduction approach to Medicare and Medicaid rather than full phase-out.,https://www.ontheissues.org/FL/Byron_Donalds_Health_Care.htm,https://www.ontheissues.org/FL/Byron_Donalds.htm,,,
Byron Donalds,,trans-athletes,4,"Donalds is rated 'Anti-gender identity' per AFA survey (Sep 2020), opposing adding gender identity as a protected class. His gubernatorial campaign pledges to keep 'radical woke ideology out of schools.' These positions align with requiring transgender athletes to compete based on biological sex assigned at birth, though no specific transgender athlete legislation vote was found in the public record.",https://www.ontheissues.org/FL/Byron_Donalds_Civil_Rights.htm,https://byrondonalds.com/issues/,,,
Brian Mast,,abortion,4,"Mast co-sponsored the Life at Conception Act (H.R.816) and Born-Alive Abortion Survivors Protection Act, and supports abortion access only in cases of rape, incest, or threats to the mother's life. He has called to defund Planned Parenthood.",https://www.ontheissues.org/FL/Brian_Mast.htm,https://en.wikipedia.org/wiki/Brian_Mast,,I believe we must defend life at every stage and protect the most vulnerable members of our society.,I believe we must defend life at every stage and protect the most vulnerable members of our society.
Brian Mast,,campaign-finance,3,"In a 2016 survey, Mast answered 'Yes' to regulating indirect campaign contributions from corporations and unions, indicating support for disclosure and regulation of dark money while not calling for full public funding or elimination of limits.",https://www.ontheissues.org/FL/Brian_Mast_Government_Reform.htm,,,,
Brian Mast,,civil-rights,4,"Mast voted against the Equity and Inclusion Enforcement Act (2020), voted against removing the ERA deadline extension (2021), and his record reflects limiting federal civil rights enforcement to clear cases of discrimination rather than expanding mandates.",https://www.ontheissues.org/FL/Brian_Mast_Civil_Rights.htm,https://en.wikipedia.org/wiki/Brian_Mast,,,
Brian Mast,,climate-change,5,"Mast received a 0% LCV score in 2025 (16% lifetime) and voted against clean energy and emissions regulations across dozens of votes including rolling back the Clean Air Act, methane polluter fee, and water heater efficiency standards. He believes climate regulations threaten economic growth.",https://www.lcv.org/congressional-scorecard/moc/brian-mast,https://www.ontheissues.org/FL/Brian_Mast.htm,,,
Brian Mast,,deportation,4,"Mast supports requiring unlawfully present immigrants to return to their country of origin before becoming eligible for any legal status, while also advocating for a broader legal immigration system. He voted against the NO BAN Act.",https://www.ontheissues.org/FL/Brian_Mast_Immigration.htm,https://en.wikipedia.org/wiki/Brian_Mast,,"""We must secure the border. That begins with a fence, more border patrol agents, and unmanned aerial surveillance.""","""We must secure the border. That begins with a fence, more border patrol agents, and unmanned aerial surveillance."""
Brian Mast,,fossil-fuels,4,Mast supports expanding fossil fuel production including endorsing the Keystone XL pipeline and opposing federal renewable energy mandates. He consistently voted against environmental regulations. His LCV score of 0% in 2025 reflects anti-environment votes but he has not explicitly called for removing all environmental restrictions.,https://www.lcv.org/congressional-scorecard/moc/brian-mast,https://www.ontheissues.org/FL/Brian_Mast.htm,,,
Brian Mast,,healthcare,4,"Mast supports repealing the ACA ('Repeal and defund ObamaCare'), opposes health insurance mandates, and opposes federal vaccine mandates. He voted for the American Health Care Act of 2017. His position aligns with providing only limited government assistance while preserving private insurance markets.",https://www.ontheissues.org/FL/Brian_Mast.htm,https://en.wikipedia.org/wiki/Brian_Mast,,,
Brian Mast,,housing,4,"Mast supports housing vouchers for drug recovery assistance and favors reducing regulations to let private developers solve housing shortages. He supports school choice vouchers as a model that extends to housing assistance, consistent with a market-first, limited subsidy approach.",https://www.ontheissues.org/FL/Brian_Mast.htm,,,,
Brian Mast,,immigration,4,"Mast's immigration policy is 'a high wall with a wide gate' — he supports stricter enforcement, visa overstay tracking, and better employment verification while opposing pathways for undocumented immigrants. He supports limiting public services for those without legal status.",https://www.ontheissues.org/FL/Brian_Mast_Immigration.htm,https://en.wikipedia.org/wiki/Brian_Mast,,"""We need a high wall with a wide gate.""","""We need a high wall with a wide gate."""
Brian Mast,,medicare/aid,4,"Mast's broader healthcare record (ACA repeal votes, opposition to government-run health coverage) is consistent with partially privatizing programs and reducing Medicaid coverage. No direct Medicare privatization proposal on record, but his voting pattern opposes expanding government health programs.",https://www.ontheissues.org/FL/Brian_Mast.htm,https://en.wikipedia.org/wiki/Brian_Mast,,,
Brian Mast,,misinformation,4,"Mast voted against the Save the Internet Act (net neutrality) in 2019, reflecting a free speech, anti-regulation orientation toward online content. His broader record of opposing Democratic tech-regulation bills suggests he favors protecting free speech online over government content moderation.",https://www.ontheissues.org/FL/Brian_Mast_Technology.htm,,,,
Brian Mast,,redistricting,5,"Mast voted against both the 2019 and 2021 versions of the For the People Act, which would have required states to establish independent redistricting commissions. His opposition reflects the position that the party controlling the state legislature should draw district lines without outside interference.",https://www.ontheissues.org/FL/Brian_Mast_Government_Reform.htm,https://en.wikipedia.org/wiki/Brian_Mast,,,
Brian Mast,,same-sex-marriage,5,"Wikipedia documents that Mast initially voted for the Respect for Marriage Act in July 2022 but then voted against final passage in December 2022. His stated view is that the Supreme Court's same-sex marriage ruling was a mistake, reflecting opposition to nationwide SSM recognition.",https://en.wikipedia.org/wiki/Brian_Mast,https://www.ontheissues.org/FL/Brian_Mast_Civil_Rights.htm,,,
Brian Mast,,school-vouchers,5,"Mast explicitly supports school vouchers and replacing Common Core with school choice, stating that 'dollars should follow students so that parents can decide what school is best for their children.' He supports education funding following students to any school — public, private, or religious.",https://www.ontheissues.org/FL/Brian_Mast_Education.htm,https://www.ontheissues.org/FL/Brian_Mast.htm,,"""[D]ollars to follow students so that parents can decide what school is best for their children.""","""[D]ollars to follow students so that parents can decide what school is best for their children."""
Brian Mast,,social-security,5,"OnTheIssues documents that Mast supports diverting a portion of Social Security FICA taxes into personal retirement accounts that individuals control, aligning with the privatization stance. He stated Social Security needs an update 'in order to protect all generations of American workers.'",https://www.ontheissues.org/FL/Brian_Mast_Social_Security.htm,,,,
Brian Mast,,tariffs,3,"Mast voted for the USMCA in December 2019, reflecting support for managed free trade with North American partners. No record of broad protectionist tariff positions or calls to impose high tariffs on all imports. His position aligns with using trade agreements selectively to protect key industries.",https://www.ontheissues.org/FL/Brian_Mast.htm,,,,
Brian Mast,,taxes,4,"Mast opposes higher income taxes, supports permanently eliminating the estate tax, voted for the 2017 Tax Cuts and Jobs Act, and opposes tax increases even to balance the budget. He supports cutting taxes to stimulate economic growth across income levels.",https://www.ontheissues.org/FL/Brian_Mast_Tax_Reform.htm,https://en.wikipedia.org/wiki/Brian_Mast,,,
Brian Mast,,ukraine-support,4,"Wikipedia documents that Mast opposed legislation granting additional military aid to Ukraine in April 2024, reflecting a preference to focus resources on domestic priorities rather than continuing current aid levels.",https://en.wikipedia.org/wiki/Brian_Mast,,,,
Brian Mast,,voting-rights,4,"Mast voted against both the 2019 and 2021 For the People Act, which would have expanded early voting and automatic registration. He expressed concern that same-day registration could enable voter fraud. His position supports photo ID requirements and opposes expanded mail-in voting.",https://www.ontheissues.org/FL/Brian_Mast_Government_Reform.htm,https://en.wikipedia.org/wiki/Brian_Mast,,,
Lois Frankel,,abortion,2,"Frankel describes herself as a 'life-long supporter of women's reproductive rights' and supports 'access to safe, legal abortion without restrictions.' She is endorsed by EMILY's List and opposes all legislative limitations on abortion access. OnTheIssues characterizes her as strongly pro-choice. Her position aligns with keeping abortion legal and accessible through all trimesters, though publicly funded access at all stages is not specifically confirmed.",https://www.ontheissues.org/FL/Lois_Frankel.htm,https://ballotpedia.org/Lois_Frankel,,,
Lois Frankel,,healthcare,2,Frankel consistently opposed efforts to repeal the Affordable Care Act and supports expanding healthcare coverage through a mix of public programs and regulated private insurance. She has cited the ACA's role in combating Medicare fraud and expanding coverage. No evidence of single-payer Medicare for All advocacy; her record is most consistent with ensuring everyone has affordable coverage through a public-private mix.,https://www.ontheissues.org/FL/Lois_Frankel.htm,https://ballotpedia.org/Lois_Frankel,,ObamaCare helps crack down on monumental Medicare fraud,The Affordable Care Act helps crack down on monumental Medicare fraud
Lois Frankel,,climate-change,2,"Frankel has a 98% lifetime score from the League of Conservation Voters and 100% in 2025, indicating consistent support for rapid clean energy transition. She supported banning offshore oil drilling in the Gulf of Mexico and backed rural renewable energy assistance. Her voting record places her among the strongest environmental advocates in Congress, consistent with rapidly transitioning to renewable energy and phasing out fossil fuels.",https://www.lcv.org/congressional-scorecard/moc/lois-frankel,https://www.ontheissues.org/FL/Lois_Frankel.htm,https://www.progressivepunch.org/scores.htm?house=house&party=D&sortby=scorecard&state=FL&district=22,,
Lois Frankel,,fossil-fuels,2,Frankel supports banning offshore oil drilling in the Gulf of Mexico and has a 98% lifetime LCV score indicating consistent opposition to fossil fuel expansion. Her record is most consistent with stopping new permits for fossil fuel drilling rather than maintaining current production levels or expanding permits. No evidence of support for new fossil fuel development.,https://www.lcv.org/congressional-scorecard/moc/lois-frankel,https://www.ontheissues.org/FL/Lois_Frankel.htm,,,
Lois Frankel,,immigration,2,"Frankel co-sponsored the NO BAN Act (prohibiting religion-based immigration restrictions), the Fairness for High-Skilled Immigrants Act (increasing visa caps), and opposes requiring undocumented immigrants to exit the US before applying for legal status. She supports DACA and DREAMer pathways. Her record is consistent with keeping legal immigration open and allowing most residents to access public services regardless of legal status.",https://www.ontheissues.org/FL/Lois_Frankel.htm,https://ballotpedia.org/Lois_Frankel,,,
Lois Frankel,,deportation,2,"Frankel's immigration record reflects strong opposition to restrictive enforcement: she opposes requiring undocumented immigrants to leave the US, supports DREAMer pathways to citizenship, and co-sponsored the NO BAN Act. She has not advocated for mass deportation or removal of long-term residents. Her voting record is consistent with reserving deportation for serious violent criminals while providing legal pathways for others.",https://www.ontheissues.org/FL/Lois_Frankel.htm,https://ballotpedia.org/Lois_Frankel,,,
Lois Frankel,,taxes,2,"Frankel supports an income tax increase on high earners to help balance the budget, voted for the $1.9 trillion American Rescue Plan (ARPA), and consistently opposed prioritizing spending cuts over revenue increases during debt ceiling debates. She supports progressive taxation where wealthy individuals and corporations pay more. Her record is consistent with modestly raising taxes on high earners while maintaining current rates for middle-class families.",https://www.ontheissues.org/FL/Lois_Frankel.htm,https://ballotpedia.org/Lois_Frankel,,,
Lois Frankel,,same-sex-marriage,1,Frankel signed the Respect for Marriage Act (2022) which provides federal recognition of same-sex marriages and requires states to recognize out-of-state same-sex marriages. She also co-sponsored the Student Non-Discrimination Act to prohibit discrimination based on sexual orientation or gender identity in public schools. Her record is fully consistent with requiring all states to recognize same-sex marriages with full federal benefits and protections.,https://www.ontheissues.org/FL/Lois_Frankel_Civil_Rights.htm,https://ballotpedia.org/Lois_Frankel,,,
Lois Frankel,,civil-rights,2,"Frankel supports affirmative action in college admissions and hiring, voted to reauthorize the Violence Against Women Act with expanded LGBTQ+ protections, co-sponsored the Paycheck Fairness Act to combat wage discrimination, and co-sponsored the Equal Rights Amendment. She is endorsed by the Feminist Majority. Her record is consistent with strengthening civil rights enforcement and addressing systemic discrimination.",https://www.ontheissues.org/FL/Lois_Frankel_Civil_Rights.htm,https://ballotpedia.org/Lois_Frankel,,,
Lois Frankel,,school-vouchers,1,Frankel voted against the SOAR Act which would have continued funding Washington D.C.'s private and religious school voucher program. She also voted against the A-PLUS Amendment that would have allowed states to consolidate federal education funds with no accountability requirements. Her record is consistent with fully funding public schools and eliminating voucher programs that divert taxpayer money to private institutions.,https://www.ontheissues.org/FL/Lois_Frankel_Education.htm,https://ballotpedia.org/Lois_Frankel,,,
Lois Frankel,,social-security,3,"Frankel co-sponsored a resolution opposing Chained CPI for Social Security cost-of-living adjustments, protecting beneficiaries from reduced increases. She has a 100% rating from the Alliance for Retired Americans and pledges to fight to protect these programs for current and future generations. Her record focuses on defending existing benefits from cuts rather than expanding them or removing the income cap, placing her at improving current programs while controlling costs.",https://www.ontheissues.org/FL/Lois_Frankel_Social_Security.htm,https://ballotpedia.org/Lois_Frankel,,,
Lois Frankel,,medicare/aid,3,"Frankel has a 100% rating from the Alliance for Retired Americans, consistently opposes privatization of Medicare, and defended the Affordable Care Act's Medicare provisions. She opposes any benefit cuts to Medicare and Medicaid. Her record is consistent with improving current programs while controlling costs; no evidence of specific proposals to lower the Medicare eligibility age to 55 or dramatically expand Medicaid beyond ACA levels.",https://www.ontheissues.org/FL/Lois_Frankel.htm,https://ballotpedia.org/Lois_Frankel,,,
Lois Frankel,,voting-rights,1,"Frankel co-sponsored the Voter Empowerment Act establishing automatic, permanent voter registration for eligible citizens. She voted for the For the People Act (2019) making Election Day a federal holiday, signed the Voting Rights Amendment Act opposing photo ID requirements, and supports same-day registration. Her record is fully consistent with automatically registering all eligible citizens to vote and expanding access.",https://www.ontheissues.org/FL/Lois_Frankel_Government_Reform.htm,https://ballotpedia.org/Lois_Frankel,,,
Lois Frankel,,tariffs,3,"Frankel voted YES on the USMCA Implementation Act (December 2019) supporting the renegotiated trade agreement with stronger labor and environmental standards. She co-sponsored expansion of the Export-Import Bank to support American exporters. Her record is consistent with using tariffs selectively to protect key American industries and jobs, particularly with enforceable labor and environmental standards, rather than broad free trade or high blanket tariffs.",https://www.ontheissues.org/FL/Lois_Frankel_Free_Trade.htm,https://ballotpedia.org/Lois_Frankel,,,
Lois Frankel,,redistricting,2,Frankel co-sponsored the For the People Act which requires states to establish independent redistricting commissions to prevent gerrymandering. The For the People Act creates independent commissions with bipartisan representation rather than allowing state legislatures to draw maps. Her record is consistent with supporting independent redistricting commissions with equal representation from both major parties.,https://www.ontheissues.org/FL/Lois_Frankel_Government_Reform.htm,https://ballotpedia.org/Lois_Frankel,,,
Lois Frankel,,religious-freedom,2,"Frankel signed the Respect for Marriage Act which overrode religious objections to same-sex marriage recognition, co-sponsored the Student Non-Discrimination Act prohibiting anti-LGBTQ+ discrimination in schools, and voted to reauthorize VAWA with expanded LGBTQ+ protections. Her record consistently prioritizes anti-discrimination protections over religious exemptions in employment and public services, consistent with protecting religious freedom only where it does not override anti-discrimination law.",https://www.ontheissues.org/FL/Lois_Frankel_Civil_Rights.htm,https://ballotpedia.org/Lois_Frankel,,,
Lois Frankel,,campaign-finance,2,Frankel signed a Constitutional Amendment to overturn Citizens United v. FEC to limit corporate political spending. She co-sponsored the Government By the People Act establishing small-donor matching funds and $50 voter vouchers to amplify small donor voices. She supports full and timely disclosure of campaign finance information and opposes unlimited corporate political spending. Her record is consistent with strictly limiting corporate donations and dark money groups.,https://www.ontheissues.org/FL/Lois_Frankel_Corporations.htm,https://www.ontheissues.org/FL/Lois_Frankel_Government_Reform.htm,,,
Jared Moskowitz,,abortion,2,"As a FL state House member, Moskowitz voted against the 24-hour abortion waiting period bill (HB 633, April 2015), opposing restrictions on abortion access. He has consistently aligned with the Democratic mainstream supporting abortion access through the second trimester without unnecessary barriers.",https://www.ontheissues.org/FL/Jared_Moskowitz.htm,,,,
Jared Moskowitz,,same-sex-marriage,1,"Moskowitz voted against Florida's 'Pastor Protection Act' in March 2016, which would have allowed religious officials to refuse to perform same-sex marriages. Opposing that bill indicates support for uniform same-sex marriage recognition without religious opt-outs, aligning with full federal recognition at value 1.",https://www.ontheissues.org/FL/Jared_Moskowitz.htm,,,,
Jared Moskowitz,,climate-change,3,"Moskowitz holds a 92% lifetime LCV score and stated 'We're living through a climate crisis that threatens our way of life, and we must act quickly to mitigate its effects.' He supports clean energy investment and opposes fossil fuel rollbacks, but his record reflects gradual transition rather than an immediate emergency ban or 2030 phase-out.",https://www.lcv.org/congressional-scorecard/moc/jared-moskowitz/,https://www.lcv.org/candidates/jared-moskowitz/,,"We're living through a climate crisis that threatens our way of life, and we must act quickly to mitigate its effects.","We're living through a climate crisis that threatens our way of life, and we must act quickly to mitigate its effects."
Jared Moskowitz,,fossil-fuels,2,"Moskowitz earned an 88% LCV score in 2025 and 92% lifetime, consistently voting against measures that expand fossil fuel extraction: opposed rolling back the methane polluter fee (Vote 52), opposed bills that would undermine offshore wind development (Vote 250), and opposed defunding DOE clean energy programs (Vote 239). His record aligns with stopping new fossil fuel permits rather than an outright ban.",https://www.lcv.org/congressional-scorecard/moc/jared-moskowitz/,https://www.lcv.org/congressional-scorecard/members-of-congress/?state=FL&chamber=house,,,
Jared Moskowitz,,deportation,4,"Moskowitz was one of 46 House Democrats who voted for the Laken Riley Act in 2025, which requires mandatory immigration detention for undocumented individuals arrested (not convicted) for theft, burglary, or violent crimes. This vote aligns with deporting those without legal status starting with criminal records, placing him at value 4.",https://en.wikipedia.org/wiki/Jared_Moskowitz,,,,
Jared Moskowitz,,ukraine-support,2,"Moskowitz is a member of the Congressional Ukraine Caucus, indicating ongoing support for Ukraine aid. He also voted for a $14.3 billion foreign assistance package in November 2023 and has not advocated for ending Ukraine support. His caucus membership aligns with continuing current levels of military and economic aid.",https://en.wikipedia.org/wiki/Jared_Moskowitz,,,,
Jared Moskowitz,,civil-rights,2,Moskowitz's 92% lifetime LCV score includes votes in 2024 opposing bills that would block DEI programs at environmental agencies (Vote 388). He represents a majority-minority district in South Florida and has positioned himself as a progressive Democrat who supports strengthening civil rights enforcement and addressing systemic discrimination.,https://www.lcv.org/congressional-scorecard/moc/jared-moskowitz/,https://en.wikipedia.org/wiki/Jared_Moskowitz,,,
Jared Moskowitz,,religious-freedom,2,"In 2016 as a FL state legislator, Moskowitz voted against the 'Pastor Protection Act,' which would have protected religious officials who decline to perform same-sex marriages on faith grounds. This vote signals a preference for protecting religious freedom only where it does not override anti-discrimination protections.",https://www.ontheissues.org/FL/Jared_Moskowitz.htm,,,,
Frederica S. Wilson,,abortion,1,"Wilson has shared a personal abortion story on the House floor, stating she was forced to birth a deceased child due to anti-abortion restrictions. She has consistently voted in favor of abortion access legislation, including the Women's Health Protection Act (passed House 2021 and 2022 with near-unanimous Democratic support). As a member of the Congressional Progressive Caucus she supports full reproductive rights.",https://en.wikipedia.org/wiki/Frederica_Wilson,https://www.blackenterprise.com/?s=frederica+wilson,https://en.wikipedia.org/wiki/Women%27s_Health_Protection_Act,,
Frederica S. Wilson,,campaign-finance,2,"Wilson voted for the For the People Act (H.R. 1, 2021, 220-210 near party-line), which includes the DISCLOSE Act provisions requiring disclosure of dark money donors and creates voluntary public matching funds to limit corporate influence. The Progressive Caucus, of which she is a member, explicitly supports strict campaign finance reform to limit corporate political spending.",https://en.wikipedia.org/wiki/For_the_People_Act,https://en.wikipedia.org/wiki/Congressional_Progressive_Caucus,,,
Frederica S. Wilson,,childcare,2,"Wilson voted for the Build Back Better Act (2021, 220-213 near party-line), which included $400 billion for childcare and universal pre-K programs. As a member of the Congressional Progressive Caucus, she supports major expansion of publicly funded childcare subsidies for low- and middle-income families. Her Education Committee work reinforces focus on early childhood programs.",https://en.wikipedia.org/wiki/Build_Back_Better_Act,https://en.wikipedia.org/wiki/Congressional_Progressive_Caucus,,,
Frederica S. Wilson,,civil-rights,2,"Wilson has been a consistent civil rights advocate, a vocal member of the Congressional Black Caucus, and a founding member of the Congressional Progressive Caucus which supports addressing systemic discrimination and reparations. She championed justice for Trayvon Martin, voted for the Equality Act (all Democrats, 2021), and has legislated on racial equity throughout her career. She supports strengthening civil rights enforcement and addressing systemic inequalities.",https://en.wikipedia.org/wiki/Frederica_Wilson,https://en.wikipedia.org/wiki/Congressional_Progressive_Caucus,https://en.wikipedia.org/wiki/Equality_Act_%28United_States%29,,
Frederica S. Wilson,,climate-change,2,"Wilson voted for the Inflation Reduction Act (2022, all Democrats in favor) — the largest climate investment in US history — allocating $391 billion toward clean energy and climate goals. She holds a 97% LCV score (2025) and 94% lifetime LCV score, opposed all major rollbacks of clean energy standards, and voted against rolling back the Methane Polluter Fee and expanding fossil fuel permits. Her votes align with rapidly transitioning to renewable energy.",https://www.lcv.org/congressional-scorecard/moc/frederica-wilson,https://en.wikipedia.org/wiki/Inflation_Reduction_Act_of_2022,,,
Frederica S. Wilson,,deportation,2,"Wilson has consistently supported pro-immigrant legislation, voting for the American Dream and Promise Act (DACA protection, passed House 2021). The Congressional Progressive Caucus she belongs to explicitly advocates for immigration reform protecting long-term residents. She voted against the Laken Riley Act (2025, which mandated detention of non-citizens charged with minor crimes) — only 46 of 212 Democrats voted for it, and based on her Progressive Caucus membership and 100% Biden alignment, she almost certainly voted against it.",https://en.wikipedia.org/wiki/American_Dream_and_Promise_Act,https://en.wikipedia.org/wiki/Congressional_Progressive_Caucus,https://en.wikipedia.org/wiki/Laken_Riley_Act,,
Frederica S. Wilson,,fossil-fuels,2,"Wilson's LCV record shows she voted against 'Rolling Back the Methane Polluter Fee,' opposed 'Undermining Federal Government's Authority on LNG,' and consistently opposed Keystone XL and other fossil fuel expansion measures. She voted for the Inflation Reduction Act which phased out fossil fuel subsidies. Her 94% lifetime LCV score reflects consistent opposition to new fossil fuel permits, placing her at stance 2 (stop issuing new permits) rather than a full ban.",https://www.lcv.org/congressional-scorecard/moc/frederica-wilson,https://en.wikipedia.org/wiki/Inflation_Reduction_Act_of_2022,,,
Frederica S. Wilson,,healthcare,1,"Wilson is a confirmed member of the Medicare for All Caucus, which advocates for a single-payer universal healthcare system. She is also a member of the Congressional Progressive Caucus, which explicitly supports 'a universal, high-quality, Medicare for All health care system for all.' She also voted for the Inflation Reduction Act which expanded ACA subsidies and capped Medicare drug costs.",https://en.wikipedia.org/wiki/Medicare_for_All_Caucus,https://en.wikipedia.org/wiki/Congressional_Progressive_Caucus,https://en.wikipedia.org/wiki/Inflation_Reduction_Act_of_2022,,
Frederica S. Wilson,,housing,2,"Wilson voted for the Build Back Better Act (2021), which included major affordable housing investments. As a member of the Progressive Caucus, she supports significant government investment in affordable housing through subsidies and rent assistance. Her FL-24 district includes some of Miami's most economically challenged communities, and she has been a consistent advocate for housing assistance programs.",https://en.wikipedia.org/wiki/Build_Back_Better_Act,https://en.wikipedia.org/wiki/Congressional_Progressive_Caucus,,,
Frederica S. Wilson,,immigration,2,"Wilson voted for the American Dream and Promise Act protecting DACA recipients (passed House 2021, 228-197), and the Progressive Caucus she belongs to explicitly supports immigration reform including pathways for undocumented residents. She has consistently opposed restrictive immigration enforcement. She supports keeping legal immigration open and allowing most immigrants to use public services regardless of status.",https://en.wikipedia.org/wiki/American_Dream_and_Promise_Act,https://en.wikipedia.org/wiki/Congressional_Progressive_Caucus,,,
Frederica S. Wilson,,medicare/aid,1,"Wilson is a member of the Medicare for All Caucus (confirmed by Wikipedia), which advocates for expanding Medicare to cover all Americans regardless of age. The Congressional Progressive Caucus she belongs to also explicitly supports this position. Her 100% Biden alignment in the 117th Congress and opposition to the One Big Beautiful Bill (which cut Medicaid by $1.2 trillion) further confirm her commitment to expanding these programs.",https://en.wikipedia.org/wiki/Medicare_for_All_Caucus,https://en.wikipedia.org/wiki/Congressional_Progressive_Caucus,https://en.wikipedia.org/wiki/Big_Beautiful_Bill,,
Frederica S. Wilson,,redistricting,2,"Wilson voted for the For the People Act (2021, 220-210), which mandates independent redistricting commissions with equal party representation to draw congressional district boundaries. The Progressive Caucus she belongs to supports independent redistricting reform to combat gerrymandering. This aligns with stance 2 (independent commissions with bipartisan representation).",https://en.wikipedia.org/wiki/For_the_People_Act,https://en.wikipedia.org/wiki/Congressional_Progressive_Caucus,,,
Frederica S. Wilson,,religious-freedom,2,"Wilson voted for the Equality Act (all Democrats, 2021) which explicitly does not provide religious exemptions from its anti-discrimination provisions — she therefore supports anti-discrimination law taking precedence over faith-based exemptions in employment and housing. The Equality Act passed over strong religious-freedom objections. This places her at stance 2: protecting religious freedom while ensuring it does not override anti-discrimination protections.",https://en.wikipedia.org/wiki/Equality_Act_%28United_States%29,https://en.wikipedia.org/wiki/Congressional_Progressive_Caucus,,,
Frederica S. Wilson,,same-sex-marriage,1,"Wilson voted for the Respect for Marriage Act (December 2022, all 219 Democrats in favor), which requires all states to recognize same-sex marriages and provides federal protections. As a member of the Congressional Equality Caucus (confirmed by Wikipedia), she has been a consistent supporter of full federal recognition of same-sex marriage with all associated benefits.",https://en.wikipedia.org/wiki/Respect_for_Marriage_Act,https://en.wikipedia.org/wiki/Frederica_Wilson,,,
Frederica S. Wilson,,school-vouchers,1,"Wilson has spent her entire career as an educator opposing privatization of public education. She has strongly opposed standardized testing and resources being diverted from public schools. As a member of the Education and the Workforce Committee and a former school board member, she consistently opposes voucher programs that redirect taxpayer money to private institutions. The Progressive Caucus opposes education privatization.",https://en.wikipedia.org/wiki/Frederica_Wilson,https://en.wikipedia.org/wiki/Congressional_Progressive_Caucus,,,
Frederica S. Wilson,,social-security,2,"Wilson voted against the One Big Beautiful Bill (all Democrats unanimously opposed), which proposed converting Social Security savings to private 'Trump accounts.' She has consistently supported Social Security expansion as a member of the Progressive Caucus, which supports removing the payroll tax cap to strengthen benefits. She likely cosponsored Social Security 2100 Act but no direct confirmation found; her consistent progressive voting places her at value 2 (modest expansion and higher earner taxes).",https://en.wikipedia.org/wiki/Big_Beautiful_Bill,https://en.wikipedia.org/wiki/Congressional_Progressive_Caucus,,,
Frederica S. Wilson,,taxes,1,"Wilson voted for the Inflation Reduction Act (2022, all Democrats) which raised corporate minimum taxes and increased IRS enforcement. She voted against the Tax Cuts and Jobs Act (2017, absent/not voting but did not support it). As a member of the Progressive Caucus which supports 'increased corporate regulation and taxes' and proposed budgets raising taxes significantly on wealthy Americans, she is strongly aligned with significantly raising taxes on wealthy individuals and large corporations.",https://en.wikipedia.org/wiki/Inflation_Reduction_Act_of_2022,https://en.wikipedia.org/wiki/Tax_Cuts_and_Jobs_Act_of_2017,https://en.wikipedia.org/wiki/Congressional_Progressive_Caucus,,
Frederica S. Wilson,,trans-athletes,1,"Wilson voted for the Equality Act (all Democrats, 2021) which protects transgender individuals' rights broadly and explicitly does not include carve-outs for sports. She has never introduced or supported any legislation restricting transgender athletes. As a member of the Congressional Equality Caucus (Wikipedia confirmed), she has been a consistent ally of transgender rights, placing her at value 1 (allow all transgender athletes to compete matching gender identity without restrictions).",https://en.wikipedia.org/wiki/Equality_Act_%28United_States%29,https://en.wikipedia.org/wiki/Frederica_Wilson,,,
Frederica S. Wilson,,ukraine-support,2,"Wilson voted for the Ukraine Lend-Lease Act (417-10, April 2022, all Democrats in favor). The Wikipedia Ukraine Lend-Lease Act article confirms all ten no votes were Republicans. As a member of the CPC, Wilson has supported current levels of US aid to Ukraine to help it defend itself, consistent with the mainstream Democratic position. She voted 100% with President Biden in the 117th Congress, which included strong Ukraine support.",https://en.wikipedia.org/wiki/Ukraine_Democracy_Defense_Lend-Lease_Act_of_2022,https://en.wikipedia.org/wiki/Frederica_Wilson,,,
Frederica S. Wilson,,voting-rights,2,"Wilson voted for the For the People Act (220-210, 2021) requiring automatic voter registration, expanded early voting periods, and mail-in voting for all voters without requiring an excuse. She voted against the LCV-tracked vote on 'Making Voter Registration More Difficult' (Roll Call 102, 2025). The For the People Act directly aligns with stance 2 (expand early voting and make mail-in voting universally available).",https://en.wikipedia.org/wiki/For_the_People_Act,https://www.lcv.org/congressional-scorecard/moc/frederica-wilson,,,
Debbie Wasserman Schultz,,abortion,1,Voted against all abortion funding restrictions including federal coverage bans and interstate transport restrictions; co-sponsored the Women's Health Protection Act to ban anti-abortion limitations; rated 0% by NRLC; supports publicly funded abortion at all stages.,https://www.ontheissues.org/FL/Debbie_Wasserman_Schultz_Abortion.htm,https://www.ontheissues.org/FL/Debbie_Wasserman_Schultz.htm,,"Access safe, legal abortion without restrictions","Access safe, legal abortion without restrictions"
Debbie Wasserman Schultz,,campaign-finance,2,Co-sponsored the DISCLOSE Act requiring full disclosure of independent campaign expenditures; supports moving toward public financing of campaigns; voted YES on lobbyist bundled donation disclosure; reflects strict limits on corporate and dark money rather than a full ban on private money.,https://www.ontheissues.org/FL/Debbie_Wasserman_Schultz_Government_Reform.htm,https://www.ontheissues.org/FL/Debbie_Wasserman_Schultz.htm,,"We ultimately need to move to assist the public financing of campaigns, as soon as we can.","We ultimately need to move to assist the public financing of campaigns, as soon as we can."
Debbie Wasserman Schultz,,civil-rights,2,"Rated 94% by NAACP, co-sponsored the Equal Rights Amendment and the Paycheck Fairness Act; supports strengthening civil rights enforcement and addressing systemic discrimination; positions align with strengthening enforcement of civil rights laws, not mandating institutional equity requirements or reparations.",https://www.ontheissues.org/FL/Debbie_Wasserman_Schultz_Civil_Rights.htm,https://www.ontheissues.org/FL/Debbie_Wasserman_Schultz.htm,,,
Debbie Wasserman Schultz,,climate-change,3,Rated 100% by Clean Air Foundation; voted YES on banning offshore oil drilling (2016); supported renewable energy tax incentives (2008); consistent record of investing in clean energy while gradually reducing fossil fuel reliance — no documented commitment to phasing out fossil fuels by 2030.,https://www.ontheissues.org/FL/Debbie_Wasserman_Schultz.htm,https://en.wikipedia.org/wiki/Debbie_Wasserman_Schultz,,,
Debbie Wasserman Schultz,,deportation,2,Voted against building a border fence; co-sponsored the Fair Day in Court for Kids Act providing legal representation for deported children; signed the American Dream Act; consistently supported DREAMer pathways; positions align with deporting only serious violent criminals while providing legal status to others.,https://www.ontheissues.org/FL/Debbie_Wasserman_Schultz_Immigration.htm,https://www.ontheissues.org/FL/Debbie_Wasserman_Schultz.htm,,,
Debbie Wasserman Schultz,,fossil-fuels,2,"Voted YES on banning offshore oil drilling in the Gulf of Mexico (2016); voted YES on removing oil and gas exploration subsidies (2007); consistent record opposing expansion of fossil fuel permitting, aligning with stopping new permits for fossil fuel drilling.",https://www.ontheissues.org/FL/Debbie_Wasserman_Schultz.htm,https://en.wikipedia.org/wiki/Debbie_Wasserman_Schultz,,,
Debbie Wasserman Schultz,,healthcare,2,Voted against all ACA repeal attempts; voted YES on expanding SCHIP; supports Medicaid expansion; opposed converting Medicare to a voucher system; positions align with ensuring everyone has affordable coverage through a mix of public programs and regulated private insurance rather than a single-payer system.,https://www.ontheissues.org/FL/Debbie_Wasserman_Schultz_Health_Care.htm,https://www.ontheissues.org/FL/Debbie_Wasserman_Schultz.htm,,"GOP can't beat ObamaCare, so they pretend it's a 'disaster'","GOP can't beat the ACA, so they pretend it's a 'disaster'"
Debbie Wasserman Schultz,,housing,3,No specific evidence of support for universal public housing or rent caps; general record of supporting federal education and social spending; consistent Democratic voting on targeted housing assistance programs aligns with targeted subsidies and first-time buyer assistance rather than universal public housing mandates.,https://www.ontheissues.org/FL/Debbie_Wasserman_Schultz.htm,https://en.wikipedia.org/wiki/Debbie_Wasserman_Schultz,,,
Debbie Wasserman Schultz,,immigration,2,Rated 0% by U.S. Border Control indicating open-borders stance; supports DREAMer pathways; voted YES on NO BAN Act (2021) blocking religion-based immigration bans; supports public services for immigrants regardless of legal status; keeps legal immigration open and accessible.,https://www.ontheissues.org/FL/Debbie_Wasserman_Schultz_Immigration.htm,https://www.ontheissues.org/FL/Debbie_Wasserman_Schultz.htm,,,
Debbie Wasserman Schultz,,medicare/aid,2,Rated 100% by Alliance for Retired Americans; endorsed by NCPSSM (2022) for protecting Social Security and Medicare; voted NO on Ryan Budget proposing Medicare restructuring; consistently voted against Medicare privatization; record aligns with lowering eligibility age and expanding Medicaid significantly rather than just maintaining current programs.,https://www.ontheissues.org/FL/Debbie_Wasserman_Schultz_Social_Security.htm,https://www.ontheissues.org/FL/Debbie_Wasserman_Schultz.htm,,,
Debbie Wasserman Schultz,,redistricting,2,"Co-sponsored the For the People Act (2019 and 2021), which requires states to establish independent redistricting commissions to carry out congressional redistricting — aligning with independent commissions with equal representation from both major parties.",https://www.ontheissues.org/FL/Debbie_Wasserman_Schultz_Government_Reform.htm,https://www.ontheissues.org/FL/Debbie_Wasserman_Schultz.htm,,,
Debbie Wasserman Schultz,,religious-freedom,2,Voted NO on the constitutional amendment defining marriage as between one man and one woman; supports LGBTQ anti-discrimination protections that apply to employment and housing; vice chair of the LGBT Equality Caucus; positions align with protecting religious freedom while ensuring it does not override anti-discrimination protections.,https://www.ontheissues.org/FL/Debbie_Wasserman_Schultz_Civil_Rights.htm,https://en.wikipedia.org/wiki/Debbie_Wasserman_Schultz,,,
Debbie Wasserman Schultz,,same-sex-marriage,1,Voted NO on constitutionally defining marriage as one-man-one-woman (2006); signed the Respect for Marriage Act; rated 100% by HRC; co-sponsored domestic partnership benefits for federal employees; positions align with requiring all states to recognize same-sex marriages with full federal protections.,https://www.ontheissues.org/FL/Debbie_Wasserman_Schultz_Civil_Rights.htm,https://www.ontheissues.org/FL/Debbie_Wasserman_Schultz.htm,,Let states recognize same sex marriage,Let states recognize same sex marriage
Debbie Wasserman Schultz,,school-vouchers,1,Voted NO on DC opportunity scholarship program (2011) and NO on reauthorizing the SOAR Act voucher program (2015); explicitly stated she opposes private and religious school voucher programs; consistent record of supporting increased public school funding while blocking voucher expansion.,https://www.ontheissues.org/FL/Debbie_Wasserman_Schultz_Education.htm,https://www.ontheissues.org/FL/Debbie_Wasserman_Schultz.htm,,Oppose private and religious school voucher programs,Oppose private and religious school voucher programs
Debbie Wasserman Schultz,,social-security,2,Rated 100% by Alliance for Retired Americans for pro-Trust Fund stance; endorsed by National Committee to Preserve Social Security and Medicare (2022); opposes privatization; record reflects supporting benefit protection and modest strengthening of the program — aligns with increasing benefits modestly while raising taxes on higher earners.,https://www.ontheissues.org/FL/Debbie_Wasserman_Schultz_Social_Security.htm,https://www.ontheissues.org/FL/Debbie_Wasserman_Schultz.htm,,,
Debbie Wasserman Schultz,,tariffs,3,Voted YES on Peru trade agreement (2007) and USMCA (2019); voted NO on CAFTA (2005); co-signed the TRADE Act requiring labor and environmental protections in trade agreements; pattern of selective use of trade tools to protect workers and key industries while supporting major agreements.,https://www.ontheissues.org/FL/Debbie_Wasserman_Schultz_Free_Trade.htm,https://www.ontheissues.org/FL/Debbie_Wasserman_Schultz.htm,,,
Debbie Wasserman Schultz,,taxes,1,Rated 100% by Citizens for Tax Justice for progressive taxation support; voted NO on retaining reduced capital gains and dividend taxes (2005); supports targeted tax cuts for small businesses and working families while opposing tax reductions for high earners; positions align with significantly raising taxes on wealthy individuals and large corporations.,https://www.ontheissues.org/FL/Debbie_Wasserman_Schultz.htm,,,,Targeted tax cuts for small businesses and working families
Debbie Wasserman Schultz,,ukraine-support,2,Voted with Biden's stated position 100% during the 117th Congress; voted for Israel Security Supplemental Appropriations Act (2024) which was part of the Ukraine-Israel-Taiwan aid package; consistent record supporting allied military aid — aligns with continuing current levels of military and economic aid to Ukraine.,https://en.wikipedia.org/wiki/Debbie_Wasserman_Schultz,https://www.ontheissues.org/FL/Debbie_Wasserman_Schultz.htm,,,
Debbie Wasserman Schultz,,voting-rights,1,Co-sponsored automatic voter registration and same-day registration bills; co-sponsored the SIMPLE Voting Act establishing 15-day minimum early voting; voted NO on requiring photo ID for federal elections citing vote suppression; co-sponsored For the People Act (2019 and 2021); positions align with automatically registering all eligible citizens to vote.,https://www.ontheissues.org/FL/Debbie_Wasserman_Schultz_Government_Reform.htm,https://www.ontheissues.org/FL/Debbie_Wasserman_Schultz.htm,,No photo IDs to vote; they suppress the vote,No photo IDs to vote; they suppress the vote
Mario Diaz-Balart,,healthcare,4,"Voted to repeal the ACA (2017 American Health Care Act), opposed SCHIP eligibility expansions (2007, 2008), and voted against Medicare drug price negotiation (2007). Rated 0% by the American Public Health Association. His record shows support for targeted assistance to the poorest while leaving broader coverage to private insurance.",https://www.ontheissues.org/FL/Mario_Diaz-Balart_Health_Care.htm,https://en.wikipedia.org/wiki/Mario_Diaz-Balart,https://www.ontheissues.org/FL/Mario_Diaz-Balart.htm,,
Mario Diaz-Balart,,abortion,4,"Rated 0% by NARAL and 100% by National Right to Life Committee. Voted for 20-week federal abortion ban with an exception only for maternal life (2015), and sponsored legislation to protect infant survivors of abortion (2019). His positions align with restricting abortion to cases of life endangerment and similar narrow exceptions.",https://www.ontheissues.org/FL/Mario_Diaz-Balart.htm,https://en.wikipedia.org/wiki/Mario_Diaz-Balart,,,
Mario Diaz-Balart,,tariffs,3,"Consistent supporter of bilateral and multilateral free trade agreements (CAFTA 2005, Peru 2007, Singapore/Chile 2003, USMCA 2019), reflecting selective use of trade frameworks to protect American commercial interests rather than either pure free trade or broad protectionism. Rated 75% by USA*Engage for trade engagement. Does not advocate blanket high tariffs or full elimination of all trade rules.",https://www.ontheissues.org/FL/Mario_Diaz-Balart_Free_Trade.htm,https://www.ontheissues.org/FL/Mario_Diaz-Balart.htm,,Implement USMCA for improved North American trade,Implement USMCA for improved North American trade
Mario Diaz-Balart,,taxes,4,"Signed the Taxpayer Protection Pledge opposing any new taxes; voted for the 2017 Tax Cuts and Jobs Act reducing corporate rates from 35% to 21%; voted for estate tax repeal (2013, 2015). Rated 0% by Citizens for Tax Justice. His record consistently favors across-the-board tax cuts but stops short of a drastic flat-tax restructuring.",https://www.ontheissues.org/FL/Mario_Diaz-Balart_Tax_Reform.htm,https://www.ontheissues.org/FL/Mario_Diaz-Balart.htm,,,
Mario Diaz-Balart,,same-sex-marriage,4,"Voted NO on the constitutional amendment defining marriage as one man-one woman (2006), and holds a 63% HRC rating, indicating he opposes a federal ban. However, Wikipedia and OnTheIssues note he opposes same-sex marriage as a policy matter and voted against the 2021 Equality Act citing concerns about religious liberty, placing him closer to recognizing civil unions while reserving the marriage label.",https://www.ontheissues.org/FL/Mario_Diaz-Balart_Civil_Rights.htm,https://en.wikipedia.org/wiki/Mario_Diaz-Balart,https://www.ontheissues.org/FL/Mario_Diaz-Balart.htm,,
Mario Diaz-Balart,,religious-freedom,4,"Rated 100% by the Christian Coalition. Voted against the 2021 Equality Act citing concerns about religious freedom protections, after previously supporting the 2019 version. Co-sponsored legislation protecting Pledge of Allegiance. His record shows consistent support for faith-based exemptions from laws that conflict with sincere religious beliefs.",https://www.ontheissues.org/FL/Mario_Diaz-Balart.htm,https://en.wikipedia.org/wiki/Mario_Diaz-Balart,,,
Mario Diaz-Balart,,medicare/aid,4,"Voted YES on the Ryan Budget (2011), which restructured Medicare into a choice/premium-support model — a form of partial privatization. Voted NO on Medicare drug price negotiation. Rated 0% by the Alliance for Retired Americans (2003) and 13% (2014), indicating consistent support for market-based Medicare reform over preserving the current fee-for-service structure.",https://www.ontheissues.org/FL/Mario_Diaz-Balart_Health_Care.htm,https://www.ontheissues.org/FL/Mario_Diaz-Balart.htm,https://en.wikipedia.org/wiki/Mario_Diaz-Balart,,
Mario Diaz-Balart,,fossil-fuels,4,"Supported offshore drilling in OCS and Eastern Gulf, co-sponsored legislation blocking expanded Clean Water Act jurisdiction, and voted YES on barring EPA from regulating greenhouse gases. Rated 10% by the League of Conservation Voters. He favors expanding fossil fuel permits and removing regulatory constraints, though he has not explicitly called for removing all environmental restrictions.",https://www.ontheissues.org/FL/Mario_Diaz-Balart_Environment.htm,https://www.ontheissues.org/FL/Mario_Diaz-Balart.htm,,Drill for oil & gas in offshore OCS & Eastern Gulf,Drill for oil & gas in offshore OCS & Eastern Gulf
Mario Diaz-Balart,,voting-rights,4,"Voted YES on requiring government-issued photo ID for federal elections (2006); voted NO on the For the People Act (2019, 2021), which would have expanded automatic voter registration, same-day registration, early voting, and a federal voting holiday. Opposed DC statehood and DC House voting representation. His record supports photo ID and regular voter roll maintenance.",https://www.ontheissues.org/FL/Mario_Diaz-Balart_Government_Reform.htm,https://www.ontheissues.org/FL/Mario_Diaz-Balart.htm,,,
Mario Diaz-Balart,,deportation,3,Cosponsored the DIGNIDAD Act (2026) providing pathways to legal status for up to 12 million undocumented immigrants alongside stricter border enforcement — placing him in the camp of prioritizing deportation of recent arrivals while offering relief to long-term residents. He also supported DREAM Act military service pathways (2016) and the McCain-Kennedy comprehensive reform bill. His record is not mass-deportation; it focuses on recent crossers and criminals first.,https://en.wikipedia.org/wiki/Mario_Diaz-Balart,https://www.ontheissues.org/FL/Mario_Diaz-Balart_Immigration.htm,,nothing would divert my focus to stop the deportation of these innocent people,nothing would divert my focus to stop the deportation of these innocent people
Mario Diaz-Balart,,social-security,5,"Wikipedia reports he supports allowing individuals to divert a portion of their Social Security taxes into personal retirement accounts. Rated 0% by the Alliance for Retired Americans (2003), consistent with support for privatization. He also voted YES on the Ryan Budget framework that proposed market-oriented restructuring of entitlement programs.",https://en.wikipedia.org/wiki/Mario_Diaz-Balart,https://www.ontheissues.org/FL/Mario_Diaz-Balart_Social_Security.htm,https://www.ontheissues.org/FL/Mario_Diaz-Balart.htm,,
Mario Diaz-Balart,,climate-change,4,"Rated 10% by the League of Conservation Voters, reflecting consistent opposition to climate regulation. Voted YES on barring EPA from regulating greenhouse gas emissions and opposed major clean energy investment legislation. In 2007, he stated: 'My fear is using the bandwagon of global warming to have Congress act on knee-jerk reactions.' He allows market forces to drive any energy transition rather than mandating it.",https://www.ontheissues.org/FL/Mario_Diaz-Balart_Environment.htm,https://en.wikipedia.org/wiki/Mario_Diaz-Balart,https://www.ontheissues.org/FL/Mario_Diaz-Balart.htm,My fear is using the bandwagon of global warming to have Congress act on knee-jerk reactions,My fear is using the bandwagon of global warming to have Congress act on knee-jerk reactions
Mario Diaz-Balart,,civil-rights,4,"Rated 33% by NAACP; NEA 17%. Voted against the Equity and Inclusion Enforcement Act (2020) and opposed the ERA ratification deadline removal (2021). Voted against gender identity as a protected class for federal contractors (2016). While he has supported some anti-discrimination measures (ENDA 2007, VAWA 2013), his overall record reflects limiting federal civil rights enforcement to clear-cut discrimination cases.",https://www.ontheissues.org/FL/Mario_Diaz-Balart_Civil_Rights.htm,https://www.ontheissues.org/FL/Mario_Diaz-Balart.htm,https://en.wikipedia.org/wiki/Mario_Diaz-Balart,,
Mario Diaz-Balart,,housing,3,Voted YES on HOPE VI public housing revitalization requiring one-for-one unit replacement (2008); voted YES on bankruptcy modification to prevent mortgage foreclosures (2009); co-sponsored Federal Reserve audit of mortgage-backed securities. He supported some targeted housing assistance and preservation while also voting to terminate HAMP (2011) and opposing broader government housing programs. His record suggests targeted subsidies and assistance rather than broad market deregulation or large-scale public housing.,https://www.ontheissues.org/FL/Mario_Diaz-Balart_Budget_+_Economy.htm,https://www.ontheissues.org/FL/Mario_Diaz-Balart.htm,,,
Mario Diaz-Balart,,campaign-finance,3,"Voted YES on the Honest Leadership and Open Government Act requiring lobbyists to disclose bundled contributions over $5,000 (2007), and voted YES on regulating 527 organizations like standard political committees (2006). His support for disclosure and some spending restrictions, without calling for public financing or elimination of all limits, places him at the transparency/disclosure middle ground.",https://www.ontheissues.org/FL/Mario_Diaz-Balart_Government_Reform.htm,https://www.ontheissues.org/FL/Mario_Diaz-Balart.htm,,,
Mario Diaz-Balart,,immigration,3,Cosponsored the bipartisan DIGNIDAD Act (2026) offering legal status to up to 12 million undocumented immigrants paired with stricter border enforcement — indicating he supports roughly current or modestly reformed immigration levels with streamlined legal pathways rather than dramatic expansion or severe restriction. He also backed DREAM Act military pathways and McCain-Kennedy comprehensive reform while also supporting border wall completion.,https://en.wikipedia.org/wiki/Mario_Diaz-Balart,https://www.ontheissues.org/FL/Mario_Diaz-Balart_Immigration.htm,,,
Mario Diaz-Balart,,school-vouchers,4,"Voted YES on the DC Opportunity Scholarship/SOAR Act expanding private school scholarships for low-income DC students (2011, 2015 reauthorization); co-sponsored $3,000 tax credit legislation for private school scholarship donations (2003). NEA rating of 17% reflects consistent support for school choice over traditional public school funding. His record supports expanding voucher eligibility broadly rather than restricting it to narrow circumstances.",https://www.ontheissues.org/FL/Mario_Diaz-Balart_Education.htm,https://www.ontheissues.org/FL/Mario_Diaz-Balart.htm,,,
Maria Elvira Salazar,,abortion,4,"Salazar received an A+ rating from Susan B. Anthony Pro-Life America and voted to restrict access to mifepristone and eliminate reproductive healthcare resources for active-duty service members. She supports pro-life restrictions but has not called for a complete ban — her record aligns with restricting abortion to cases of rape, incest, or serious threats to the mother's life.",https://en.wikipedia.org/wiki/Maria_Elvira_Salazar,https://www.ontheissues.org/FL/Maria_Elvira_Salazar.htm,,,
Maria Elvira Salazar,,immigration,2,"Salazar is the lead sponsor of the DIGNITY Act (H.R. 3599, 118th Congress; reintroduced 119th Congress), comprehensive immigration reform that grants work authorization and legal status pathways for up to 12 million undocumented immigrants and creates citizenship pathways for DACA recipients. This positions her well to the pro-immigration side of her party.",https://en.wikipedia.org/wiki/Maria_Elvira_Salazar,https://www.govinfo.gov/app/details/BILLS-118hr3599ih,,,
Maria Elvira Salazar,,deportation,3,"The DIGNITY Act — Salazar's signature legislation — specifically creates legal status pathways for long-term undocumented residents rather than deporting them, while simultaneously calling for strengthened border enforcement against recent arrivals. This distinguishes between recent border crossers (enforcement) and long-term residents (legal pathway), fitting value=3.",https://en.wikipedia.org/wiki/Maria_Elvira_Salazar,https://www.govinfo.gov/app/details/BILLS-118hr3599ih,,,
Maria Elvira Salazar,,climate-change,4,"Salazar has a lifetime LCV score of 11% and a 2025 score of 0% with zero pro-environment votes. She voted against clean energy funding and voted to roll back the methane polluter fee. While she joined the Climate Solutions Caucus early in her tenure, her actual voting record consistently aligns with letting market forces drive any energy transition rather than proactive climate policy.",https://www.lcv.org/congressional-scorecard/moc/maria-elvira-salazar,https://en.wikipedia.org/wiki/Maria_Elvira_Salazar,,,
Maria Elvira Salazar,,fossil-fuels,4,"LCV data shows Salazar voted to block states' cleaner truck standards, voted to roll back the methane polluter fee, and advanced bills 'raising energy costs and providing polluter giveaways.' Her 0% LCV score in 2025 with 29 anti-environment votes indicates consistent support for expanded fossil fuel permitting over environmental restrictions.",https://www.lcv.org/congressional-scorecard/moc/maria-elvira-salazar,,,,
Maria Elvira Salazar,,healthcare,4,"Salazar stated she would support ACA repeal only with viable alternatives, opposes eliminating the preexisting condition coverage mandate, but advocates free-market health insurance policies. This moderate-conservative position supports private markets as the primary vehicle while providing limited help for those who cannot afford care.",https://en.wikipedia.org/wiki/Maria_Elvira_Salazar,https://www.ontheissues.org/FL/Maria_Elvira_Salazar.htm,,,
Maria Elvira Salazar,,taxes,4,"Salazar voted against the $1.9 trillion ARPA COVID relief bill (March 2021) and supports keeping Right-to-Work laws, reflecting a consistent preference for reduced government spending and lower taxes. Her OnTheIssues VoteMatch classification of 'Moderate Conservative' with a +68 economic scale score reflects a cut-taxes-and-scale-back approach.",https://www.ontheissues.org/FL/Maria_Elvira_Salazar.htm,,,,
Maria Elvira Salazar,,same-sex-marriage,2,"Salazar voted against the Equality Act but co-sponsored the Fairness for All Act (2021), a Republican alternative that allows same-sex marriage nationwide while protecting religious organizations' right to decline participation. This exactly matches value=2: allow same-sex marriage nationwide while protecting some organizations' right to decline.",https://en.wikipedia.org/wiki/Maria_Elvira_Salazar,https://www.ontheissues.org/FL/Maria_Elvira_Salazar.htm,,,
Maria Elvira Salazar,,religious-freedom,4,"Salazar voted against the Equality Act citing religious freedom concerns and co-sponsored the Fairness for All Act, which carves out broad faith-based exemptions from anti-discrimination laws. This reflects a position that prioritizes religious freedom and allows faith-based exemptions from laws that conflict with sincere religious beliefs.",https://en.wikipedia.org/wiki/Maria_Elvira_Salazar,,,,
Maria Elvira Salazar,,trans-athletes,4,"Salazar voted against the Equality Act, which would have extended federal protections to transgender individuals including in sports. House Republicans near-unanimously passed H.R. 734 (Protection of Women and Girls in Sports Act, 2023) to restrict trans participation to biological sex at birth — consistent with Salazar's voting record on gender-identity issues.",https://en.wikipedia.org/wiki/Maria_Elvira_Salazar,https://www.govinfo.gov/app/details/BILLS-118hr734ih,,,
Maria Elvira Salazar,,voting-rights,4,"OnTheIssues records Salazar as explicitly opposing expanding voter registration and voter access (March 2021). This aligns with requiring photo ID for voting and regularly updating voter rolls, the defining characteristics of value=4.",https://www.ontheissues.org/FL/Maria_Elvira_Salazar.htm,,,,
Maria Elvira Salazar,,civil-rights,4,"OnTheIssues records Salazar as strongly opposing legally requiring the hiring of women and minorities. She maintained existing police accountability rules and did not support stronger federal civil rights enforcement mechanisms, consistent with limiting federal civil rights enforcement to clear cases of discrimination.",https://www.ontheissues.org/FL/Maria_Elvira_Salazar.htm,,,,
Carlos A. Gimenez,,healthcare,4,"Opposes the ACA and single-payer healthcare, and opposes expanded Medicaid federal funding. He does support pre-existing condition protections and Medicare drug price negotiation, placing him closer to value 4 (help only the poorest, leave others to private insurance) than full privatization.",https://www.isidewith.com/candidates/carlos-gimenez/healthcare,https://en.wikipedia.org/wiki/Carlos_A._Gimenez,https://www.ontheissues.org/FL/Carlos_Gimenez.htm,it is immoral to deny health insurance to people with pre-existing conditions,it is immoral to deny health insurance to people with pre-existing conditions
Carlos A. Gimenez,,abortion,4,"Gimenez is pro-life and opposes abortion access and Planned Parenthood funding. ISideWith records him as supporting abortion bans, aligning with a restrictive framework. No evidence of support for a complete ban with criminal penalties for providers or patients, placing him at value 4 (restrict to rape, incest, or serious threats to the mother's life).",https://www.isidewith.com/candidates/carlos-gimenez/social-policy,https://en.wikipedia.org/wiki/Carlos_A._Gimenez,,,
Carlos A. Gimenez,,tariffs,3,"OnTheIssues records him as endorsing expanding trade through fair agreements (Feb 2021), which aligns with selective use of tariffs to protect key industries rather than free trade purity or blanket high tariffs. No evidence of strong protectionist or free-trade-absolutist positions.",https://www.ontheissues.org/FL/Carlos_Gimenez.htm,,,,
Carlos A. Gimenez,,taxes,4,"Opposes raising taxes on wealthy individuals and corporations, supports lowering corporate tax rates, opposes capital gains tax increases, and supports reducing government spending. Favors economic stimulus via tax cuts. Aligns with value 4 (cut taxes for everyone, scale back public services).",https://www.isidewith.com/candidates/carlos-gimenez/economic,https://www.ontheissues.org/FL/Carlos_Gimenez.htm,,the government should never determine what a private business should pay,the government should never determine what a private business should pay
Carlos A. Gimenez,,same-sex-marriage,2,"Despite previously stating marriage should be between a man and woman, Gimenez voted for the Respect for Marriage Act in July 2022 — codifying same-sex marriage in federal law — and announced support for the Obergefell ruling as Miami-Dade mayor. His legislative vote is the strongest evidence and aligns with value 2 (allow SSM nationwide while protecting some organizations' right to decline participation).",https://en.wikipedia.org/wiki/Carlos_A._Gimenez,https://www.isidewith.com/candidates/carlos-gimenez/social-policy,,,
Carlos A. Gimenez,,religious-freedom,4,"Supports religious exemptions for businesses when customers' requests conflict with owners' sincerely held beliefs, and opposes removing religious references from government property. Aligns with value 4 (protect religious freedom and allow faith-based exemptions from laws that conflict with sincere religious beliefs).",https://www.isidewith.com/candidates/carlos-gimenez/social-policy,,,,
Carlos A. Gimenez,,trans-athletes,4,Opposes allowing transgender athletes to compete in sports matching their gender identity rather than biological sex. Supports government recognition of only two biological sexes. Aligns with value 4 (require transgender athletes to compete only on teams matching their biological sex assigned at birth).,https://www.isidewith.com/candidates/carlos-gimenez/social-policy,,,,
Carlos A. Gimenez,,ukraine-support,4,"ISideWith records Gimenez as opposing military supplies and funding to Ukraine. He consistently opposes foreign aid spending. His record reflects a preference for reducing aid and focusing on domestic priorities rather than an immediate total cut-off, placing him at value 4.",https://www.isidewith.com/candidates/carlos-gimenez/foreign-policy,https://en.wikipedia.org/wiki/Carlos_A._Gimenez,,,
Carlos A. Gimenez,,medicare/aid,4,"Opposes expanded Medicaid federal funding and opposes increased federal spending on low-income healthcare. Supports work requirements for Medicaid. Does not support ACA. He supports Medicare drug price negotiation and some targeted protections, placing him at value 4 (partially privatize Medicare, reduce Medicaid coverage) rather than full phase-out.",https://www.isidewith.com/candidates/carlos-gimenez/healthcare,https://www.isidewith.com/candidates/carlos-gimenez/domestic-policy,,,
Carlos A. Gimenez,,fossil-fuels,4,Supports expanding offshore oil drilling and drilling in the Alaska Wildlife Refuge. Has a 0% environmental score from the League of Conservation Voters in 2025 and a lifetime score of 6%. Voted against multiple clean energy and climate protection measures. Aligns with value 4 (expand fossil fuel drilling permits) rather than 5 since no specific evidence of wanting to remove all environmental restrictions.,https://www.lcv.org/congressional-scorecard/moc/carlos-gimenez,https://www.isidewith.com/candidates/carlos-gimenez/science,,,
Carlos A. Gimenez,,voting-rights,4,"Supports photo ID requirements for voting and opposes automatic voter registration. As Miami-Dade mayor, limited ballot drop box locations and delayed mail-in ballot distribution. Aligns with value 4 (require photo ID, regularly update voter rolls to remove inactive registrations).",https://www.isidewith.com/candidates/carlos-gimenez/electoral,https://en.wikipedia.org/wiki/Carlos_A._Gimenez,,,
Carlos A. Gimenez,,deportation,4,"Supports deporting immigrants who commit serious crimes and supports broad border enforcement including wall construction. Voted for Haitian TPS and backed Dreamer status, suggesting he is not at value 5 (deport all immediately regardless of ties). Aligns with value 4 (deport all without legal status, starting with criminal history).",https://www.isidewith.com/candidates/carlos-gimenez/immigration,https://en.wikipedia.org/wiki/Carlos_A._Gimenez,,,
Carlos A. Gimenez,,social-security,4,"Opposes lifting the Social Security earnings cap for high earners, and supports welfare restrictions and spending cuts. No evidence of supporting full privatization. Aligns with value 4 (gradually raise retirement age and reduce benefits for higher earners).",https://www.isidewith.com/candidates/carlos-gimenez/economic,https://www.isidewith.com/candidates/carlos-gimenez/domestic-policy,,,
Carlos A. Gimenez,,ai-regulation,3,"Supports government regulation of AI for ethical use, backs deepfake bans in political ads, opposes AI in criminal justice, and supports taxing companies that replace workers with AI. Aligns with value 3 (require developers to disclose risks and be held responsible when systems cause harm) — not a laissez-faire position but not seeking heavy approval requirements.",https://www.isidewith.com/candidates/carlos-gimenez/science,,,mega-corporations shouldn't be allowed to dodge payroll taxes and decimate the working class by plugging in an algorithm,mega-corporations shouldn't be allowed to dodge payroll taxes and decimate the working class by plugging in an algorithm
Carlos A. Gimenez,,climate-change,4,"Has a 0% LCV score in 2025 (lifetime 6%), voted against clean energy investments and climate measures. Opposes increased environmental regulations. However, ISideWith records him as supporting renewable energy competitiveness and he did not oppose the Paris Agreement itself. Aligns with value 4 (let market forces drive any transition to cleaner energy sources).",https://www.lcv.org/congressional-scorecard/moc/carlos-gimenez,https://www.isidewith.com/candidates/carlos-gimenez/science,,,
Carlos A. Gimenez,,civil-rights,5,"Opposes affirmative action, DEI hiring initiatives, mandatory diversity training, and critical race theory. Supports strictly merit-based hiring. Aligns with value 5 (eliminate affirmative action and all race-based government programs).",https://www.isidewith.com/candidates/carlos-gimenez/social-policy,,,,
Carlos A. Gimenez,,housing,3,"Supports incentivizing affordable housing construction, banning corporate and foreign investors from purchasing residential properties, and helping first-time buyers. Opposes rent control. Aligns with value 3 (targeted help like subsidies for affordable projects, first-time buyer assistance, easier building permits).",https://www.isidewith.com/candidates/carlos-gimenez/domestic-policy,,,,
Carlos A. Gimenez,,campaign-finance,4,"Opposes campaign donation limits as a violation of free speech, supports allowing corporations and unions to donate to political parties. Does oppose foreign lobbying in American elections. Aligns with value 4 (reduce restrictions on political donations and spending).",https://www.isidewith.com/candidates/carlos-gimenez/electoral,,,,a violation of free speech
Carlos A. Gimenez,,immigration,4,"Opposes birthright citizenship, sanctuary cities, and government services for undocumented immigrants. Supports border wall, deportation enforcement, and reduced immigration from high-risk countries. Voted for Haitian TPS and backed Dreamers, preventing value 5. Aligns with value 4 (make it harder to immigrate legally, limit public services to legal status).",https://www.isidewith.com/candidates/carlos-gimenez/immigration,https://en.wikipedia.org/wiki/Carlos_A._Gimenez,,,
Carlos A. Gimenez,,redistricting,2,"ISideWith records Gimenez as supporting independent non-partisan commission control over congressional redistricting, specifically favoring a multi-member proportionally selected redistricting system. Aligns with value 2 (independent redistricting commissions with equal representation from both major parties).",https://www.isidewith.com/candidates/carlos-gimenez/electoral,,,,
Carlos A. Gimenez,,school-vouchers,4,Supports government vouchers for private school attendance. ISideWith records him favoring school choice through voucher programs. Aligns with value 4 (expanding voucher eligibility to most families so parents can choose the school that best fits their child).,https://www.isidewith.com/candidates/carlos-gimenez/domestic-policy,,,,
Carlos A. Gimenez,,childcare,5,"Opposes federal subsidized childcare, explicitly stating it would 'drive up costs and destroy the private childcare market.' Aligns with value 5 (leaving childcare to the private market and families, with no government subsidies or mandates).",https://www.isidewith.com/candidates/carlos-gimenez/domestic-policy,,,drive up costs and destroy the private childcare market,drive up costs and destroy the private childcare market
Carlos A. Gimenez,,homelessness,4,"Opposes increased government funding for homeless shelters and services. Supports enforcement-based approaches. Does not explicitly advocate for criminal penalties for public camping but is against expanding shelter resources. Aligns with value 4 (prohibiting encampments with graduated warnings and penalties, requiring jurisdictions to maintain basic shelter options).",https://www.isidewith.com/candidates/carlos-gimenez,,,,
