full_name,external_id,topic_key,value,reasoning,source_url_1,source_url_2,source_url_3,quote_text,quote_deidentified
Jimmy Patronis,,immigration,4,"Patronis stated in his March 2025 congressional campaign that he supports Trump's immigration goals and wants to complete the border wall. He served on Florida's State Board of Immigration Enforcement as CFO. This aligns with making it harder to immigrate legally and limiting public services to those with legal status, but not the most restrictive stance (full stoppage of legal immigration).",https://www.wusf.org/politics-issues/2025-03-27/florida-elect-two-newest-members-congress-special-elections,https://www.wusf.org/politics-issues/2025-02-17/larry-keefe-tapped-lead-florida-board-immigration-enforcement,,,
Jimmy Patronis,,deportation,4,"Patronis supports Trump's immigration enforcement agenda, including completing the border wall and strict enforcement — aligning with deporting all people without legal status starting with criminal histories. He served on Florida's State Board of Immigration Enforcement. No statement found supporting mass immediate deportation regardless of family ties (value 5).",https://www.wusf.org/politics-issues/2025-03-27/florida-elect-two-newest-members-congress-special-elections,https://www.wusf.org/politics-issues/2024-11-25/trump-backs-florida-cfo-jimmy-patronis-open-congressional-seat,,,
Jimmy Patronis,,fossil-fuels,4,"As Florida CFO, Patronis actively opposed ESG investing standards that would restrict fossil fuel investment, pulling $2 billion from BlackRock in December 2022 over its use of ESG ratings. He voted as the sole Cabinet dissenter against three conservation land purchases totaling $193 million. His anti-ESG campaign supported expanding fossil fuel finance. This aligns with expanding drilling permits rather than maximizing extraction.",https://www.wusf.org/politics-issues/2022-12-02/florida-pulls-2-billion-from-the-blackrock-asset-management-firm-over-esg,https://www.wusf.org/environment/2024-03-26/jimmy-patronis-florida-chief-financial-officer-costs-state-purchase-land-deals-polk-county,,"Using our cash, however, to fund BlackRock's social-engineering project isn't something Florida ever signed up for.","Using our cash, however, to fund BlackRock's social-engineering project isn't something Florida ever signed up for."
Jimmy Patronis,,climate-change,4,Patronis's anti-ESG campaign was explicitly directed at preventing state pension funds from being managed under climate-oriented investment criteria. He opposed land conservation deals and framed climate-related financial regulation as undemocratic corporate activism. No evidence he supports any government climate mandates. Aligns with letting market forces drive any energy transition.,https://www.wusf.org/politics-issues/2022-12-02/florida-pulls-2-billion-from-the-blackrock-asset-management-firm-over-esg,https://www.wusf.org/politics-issues/2023-03-09/florida-lawmakers-move-forward-esg-investments,,"Whether stakeholder capitalism, or ESG standards, are being pushed by BlackRock for ideological reasons, or to develop social credit ratings, the effect is to avoid dealing with the messiness of democracy.","Whether stakeholder capitalism, or ESG standards, are being pushed by BlackRock for ideological reasons, or to develop social credit ratings, the effect is to avoid dealing with the messiness of democracy."
Jimmy Patronis,,taxes,4,"Patronis voted as a Florida state House member to eliminate property taxes entirely. In his November 2025 congressional interview he supports government spending limits and previously backed supply-side tax cutting as CFO. He has not endorsed a flat tax but favors cutting taxes and scaling back government spending, aligning with value 4 (cut taxes for everyone and scale back public services).",https://www.wusf.org/politics-issues/2025-11-06/u-s-rep-jimmy-patronis-government-shutdown-property-tax-reform-more,https://www.wusf.org/politics-issues/2025-03-27/florida-elect-two-newest-members-congress-special-elections,,"I voted before, in the (state) House, to get rid of property taxes. It would be great.","Before, I voted to get rid of property taxes. It would be great."
Jimmy Patronis,,healthcare,4,Patronis characterized Democrats' push to preserve enhanced ACA subsidies as political leverage rather than a genuine healthcare need. Throughout his CFO tenure he favored market-based insurance solutions over government expansion (opposed expanding Citizens Insurance eligibility). He has not proposed universal coverage or a public option. Aligns with helping only the poorest while leaving others to employers and private insurance.,https://www.wusf.org/politics-issues/2025-11-06/u-s-rep-jimmy-patronis-government-shutdown-property-tax-reform-more,https://www.wusf.org/politics-issues/2020-12-25/5-questions-with-florida-chief-financial-officer-jimmy-patronis,,This is what the Democrats are spun up on. They want the enhanced subsidies.,This is what the other side is spun up on. They want the enhanced subsidies.
Neal P. Dunn,,abortion,4,"Dunn stated he would 'only allow abortion for rape, incest, and maternal life' in 2016, supports defunding Planned Parenthood, and sponsored a bill in March 2019 to protect infant survivors of abortion. His position aligns with restricting abortion to cases of rape, incest, or serious threats to the mother's life.",https://www.ontheissues.org/FL/Neal_Dunn.htm,https://en.wikipedia.org/wiki/Neal_Dunn,,,"Only allow abortion for rape, incest, and maternal life"
Neal P. Dunn,,civil-rights,5,"Dunn voted NO on private lawsuits for school race discrimination (September 2020), consistently opposes expanding civil rights enforcement mechanisms, and supports limiting federal government involvement in social equity. He identifies as a 'very conservative Catholic' who opposes most federal equity mandates.",https://www.ontheissues.org/FL/Neal_Dunn.htm,https://en.wikipedia.org/wiki/Neal_Dunn,,,
Neal P. Dunn,,climate-change,5,"Dunn has a lifetime LCV environmental score of 3% (0% in 2024 and 2025), opposes greenhouse gas emission regulations, opposes government development of wind and solar energy, and has cast 32 anti-environment votes in 2025 alone. His record reflects a consistent rejection of climate change policies in favor of economic priorities.",https://www.lcv.org/congressional-scorecard/moc/neal-dunn,https://www.ontheissues.org/FL/Neal_Dunn.htm,,,
Neal P. Dunn,,deportation,4,"Dunn stated 'Stop debating; stop amnesty; stop illegal immigration' and supports 'illegals returning to country of origin' with immigration bans from non-cooperating countries. However, he cosponsored the DIGNIDAD Act (H.R. 4393, 2025) which would provide a renewable legal status for up to 12 million undocumented immigrants paired with stricter enforcement, placing him closer to deporting those without legal status while processing by criminal history first.",https://www.ontheissues.org/FL/Neal_Dunn.htm,https://en.wikipedia.org/wiki/Neal_Dunn,https://en.wikipedia.org/wiki/DIGNIDAD_Act,Stop debating; stop amnesty; stop illegal immigration,Stop debating; stop amnesty; stop illegal immigration
Neal P. Dunn,,fossil-fuels,4,"Dunn supports deregulating domestic oil exploration and drilling, opposes greenhouse gas emission regulations, and has earned a 0% LCV environmental score in 2024 and 2025 with zero pro-environment votes. He consistently votes to expand fossil fuel access while opposing renewable energy government development.",https://www.ontheissues.org/FL/Neal_Dunn.htm,https://www.lcv.org/congressional-scorecard/moc/neal-dunn,,,
Neal P. Dunn,,healthcare,5,"Dunn has called for 'full and immediate repeal of ObamaCare,' supports Congressionally repealing the Affordable Care Act, and opposes federal wage controls and healthcare roles. He has described the ACA as 'failing' and has consistently opposed government involvement in healthcare coverage decisions.",https://www.ontheissues.org/FL/Neal_Dunn.htm,https://en.wikipedia.org/wiki/Neal_Dunn,,Full and immediate repeal of ObamaCare,Full and immediate repeal of ObamaCare
Neal P. Dunn,,immigration,4,"Dunn supports border wall construction, opposes pathways to citizenship for undocumented immigrants, and has said 'stop amnesty; stop illegal immigration.' However, his 2025 cosponsor status on the DIGNIDAD Act — which would grant renewable legal status to millions of undocumented immigrants — shows he supports restricting legal immigration while providing some relief to long-term undocumented residents, not stopping most immigration entirely.",https://www.ontheissues.org/FL/Neal_Dunn.htm,https://en.wikipedia.org/wiki/DIGNIDAD_Act,https://en.wikipedia.org/wiki/Neal_Dunn,,
Neal P. Dunn,,medicare/aid,4,"Dunn supports full repeal of the Affordable Care Act which would reduce Medicaid coverage, and his conservative fiscal record and opposition to federal healthcare role indicates support for reducing Medicare/Medicaid scope. He opposes expanding government healthcare programs and his overall record aligns with partially privatizing or reducing these programs rather than phasing them out entirely.",https://www.ontheissues.org/FL/Neal_Dunn.htm,https://en.wikipedia.org/wiki/Neal_Dunn,,,
Neal P. Dunn,,religious-freedom,5,"Dunn describes himself as a 'very conservative Catholic,' states that 'religious liberty is at risk,' supports 'Judeo-Christian framework of morality,' and supports 'letting businesses disagree with same-sex marriage positions.' He advocates for protecting religious organizations' autonomy and sees religious freedom as a foundational value requiring strong federal protection.",https://www.ontheissues.org/FL/Neal_Dunn.htm,,,,
Neal P. Dunn,,same-sex-marriage,5,Dunn supports 'defining marriage as one-man-one-woman' and supports businesses' right to disagree with same-sex marriage positions. He consistently opposes legal recognition of same-sex marriages and defines marriage as exclusively between one man and one woman.,https://www.ontheissues.org/FL/Neal_Dunn.htm,https://en.wikipedia.org/wiki/Neal_Dunn,,,
Neal P. Dunn,,school-vouchers,4,"Dunn opposes Common Core, opposes federal education standards, and according to Wikipedia, supports defunding the Department of Education. His consistent opposition to centralized federal education policy and support for school choice principles aligns with expanding voucher eligibility to most families while maintaining baseline public school funding.",https://en.wikipedia.org/wiki/Neal_Dunn,https://www.ontheissues.org/FL/Neal_Dunn.htm,,,
Neal P. Dunn,,tariffs,3,"Dunn endorsed implementing USMCA for 'improved North American trade' in December 2019, indicating support for managed trade agreements rather than blanket protectionism or full free trade. His position reflects selective use of trade agreements and tariffs to protect key interests while supporting structured North American commerce.",https://www.ontheissues.org/FL/Neal_Dunn.htm,,,Implement USMCA for improved North American trade,Implement USMCA for improved North American trade
Neal P. Dunn,,taxes,4,"Dunn voted for the Tax Cuts and Jobs Act of 2017, describing it as 'good medicine for America.' He 'opposes tax increases even to balance the budget' and supports 'lowering taxes to promote economic growth' and reducing corporate tax rates from 35% to 21%. His record consistently supports across-the-board tax cuts and scaling back government spending.",https://en.wikipedia.org/wiki/Neal_Dunn,https://www.ontheissues.org/FL/Neal_Dunn.htm,,Good medicine for America,Good medicine for America
Neal P. Dunn,,voting-rights,4,"Dunn voted to 'oppose expanding voter registration and voter access' (March 2021) and voted to object to certification of several states' electoral votes following the 2020 election. He opposed creation of a January 6 commission and supports restrictive rather than expansive voting access measures, aligning with requiring photo ID and regular voter roll updates.",https://www.ontheissues.org/FL/Neal_Dunn.htm,https://en.wikipedia.org/wiki/Neal_Dunn,,,
Kat Cammack,,abortion,4,"Cammack co-chairs the Congressional Pro-Life Caucus and cosponsored a 15-week nationwide abortion ban in 2022. Wikipedia documents she supports restrictions to the first trimester with exceptions for rape, incest, and maternal life threats — matching value 4 (restrict to only cases involving rape, incest, or serious threats to life). She believes states should set abortion policy and has not called for a total ban.",https://en.wikipedia.org/wiki/Kat_Cammack,https://www.ontheissues.org/FL/Kat_Cammack.htm,,,
Kat Cammack,,civil-rights,5,"Cammack voted against the Equality Act, calling it 'a farce that will strip people of faith,' and has consistently opposed federal anti-discrimination mandates covering gender identity and sexual orientation. OnTheIssues records her as anti-gender identity (Sep 2020). Her record aligns with eliminating affirmative action and all race-based government programs (value 5).",https://en.wikipedia.org/wiki/Kat_Cammack,https://www.ontheissues.org/FL/Kat_Cammack.htm,,The Equality Act is a farce that will strip people of faith.,The Equality Act is a farce that will strip people of faith.
Kat Cammack,,climate-change,5,"Cammack has a 0% LCV score in 2025 and a 1% lifetime score, voting against virtually all environmental and climate legislation tracked by the League of Conservation Voters. She expressed disappointment at the Keystone Pipeline halt (Jan 2021), signaling support for fossil fuel infrastructure over climate regulation. Her record reflects rejection of climate change policies in favor of economic growth (value 5).",https://www.lcv.org/congressional-scorecard/members-of-congress/?state=FL&chamber=house,https://www.ontheissues.org/FL/Kat_Cammack.htm,,,
Kat Cammack,,deportation,4,"OnTheIssues records Cammack as strongly pro-ICE enforcement and strongly anti-sanctuary city (Sep 2020). Wikipedia notes she has criticized the Biden administration's border policy and supports comprehensive immigration enforcement. Her record aligns with deporting all people without legal status, starting with those with criminal records (value 4), not a blanket immediate deportation regardless of ties.",https://www.ontheissues.org/FL/Kat_Cammack.htm,https://en.wikipedia.org/wiki/Kat_Cammack,,,
Kat Cammack,,fossil-fuels,4,"Cammack expressed disappointment at the decision to halt the Keystone XL Pipeline (Jan 2021), indicating support for expanding fossil fuel infrastructure. Her 0% LCV score confirms consistent opposition to fossil fuel restrictions. She aligns with expanding fossil fuel drilling permits (value 4) rather than full removal of environmental restrictions.",https://www.ontheissues.org/FL/Kat_Cammack.htm,https://www.lcv.org/congressional-scorecard/members-of-congress/?state=FL&chamber=house,,,
Kat Cammack,,healthcare,5,"OnTheIssues records Cammack as strongly anti-universal healthcare coverage and strongly pro-private insurance (Sep 2020). She opposes all government-run healthcare programs, aligning with the stance that government should stay out of healthcare entirely and let private markets handle all coverage decisions (value 5).",https://www.ontheissues.org/FL/Kat_Cammack.htm,https://en.wikipedia.org/wiki/Kat_Cammack,,,
Kat Cammack,,immigration,4,"OnTheIssues records Cammack as strongly pro-border wall, strongly pro-ICE enforcement, strongly anti-sanctuary city, and supportive of immigration bans from non-cooperating countries (Apr 2021). Her record aligns with making legal immigration harder and limiting public services to those with legal status (value 4).",https://www.ontheissues.org/FL/Kat_Cammack.htm,https://en.wikipedia.org/wiki/Kat_Cammack,,,
Kat Cammack,,medicare/aid,4,"Cammack strongly opposes universal healthcare and supports private insurance over government programs (OnTheIssues Sep 2020). She voted against the American Rescue Plan, which included Medicaid expansion. Her positions align with partially privatizing Medicare and reducing Medicaid coverage (value 4) rather than full phase-out.",https://www.ontheissues.org/FL/Kat_Cammack.htm,https://en.wikipedia.org/wiki/Kat_Cammack,,,
Kat Cammack,,misinformation,4,"Cammack has consistently opposed expanded government regulatory authority and supports First Amendment protections on digital platforms. She is on record opposing Democratic-sponsored legislation imposing new mandates on tech platforms, describing such efforts as potential censorship. Her record aligns with protecting free speech online and preventing government censorship (value 4) rather than a complete ban on government involvement.",https://www.ontheissues.org/FL/Kat_Cammack.htm,https://en.wikipedia.org/wiki/Kat_Cammack,,,
Kat Cammack,,religious-freedom,5,"OnTheIssues records Cammack as prioritizing business liberty over gay marriage rights (Sep 2020). She called the Equality Act 'a farce that will strip people of faith' per Wikipedia, consistently supporting faith-based exemptions from civil rights laws. Her record aligns with strongly protecting religious freedom and allowing religious organizations complete autonomy in their operations (value 5).",https://en.wikipedia.org/wiki/Kat_Cammack,https://www.ontheissues.org/FL/Kat_Cammack.htm,,The Equality Act is a farce that will strip people of faith.,The Equality Act is a farce that will strip people of faith.
Kat Cammack,,same-sex-marriage,2,"Wikipedia documents Cammack voted for the Respect for Marriage Act in July 2022, citing Fourteenth Amendment equal protection. This legislation requires federal and state recognition of same-sex marriages and provides full federal benefits and protections, while including religious liberty protections for organizations declining participation. Her vote matches value 2 — allowing same-sex marriage nationwide while protecting some organizations' right to decline.",https://en.wikipedia.org/wiki/Kat_Cammack,,,,
Kat Cammack,,school-vouchers,4,"Cammack is strongly anti-free college (OnTheIssues Sep 2020) and labels campuses 'indoctrination camps' per Wikipedia, reflecting pro-parental-choice and anti-public-school-monopoly views. Her anti-government-spending and parental-choice record aligns with expanding voucher eligibility to most families so parents can choose the best school for their child (value 4).",https://www.ontheissues.org/FL/Kat_Cammack.htm,https://en.wikipedia.org/wiki/Kat_Cammack,,,
Kat Cammack,,taxes,4,Cammack voted against the $1.9 trillion American Rescue Plan and the Fiscal Responsibility Act (2023). She stated 'Throwing money at a problem does not make it go away' and supports the REINS Act requiring congressional approval for major regulations. Her record aligns with cutting taxes for everyone and scaling back public services (value 4).,https://en.wikipedia.org/wiki/Kat_Cammack,https://www.ontheissues.org/FL/Kat_Cammack.htm,,Throwing money at a problem does not make it go away.,Throwing money at a problem does not make it go away.
Kat Cammack,,trans-athletes,4,OnTheIssues records Cammack as anti-gender identity (Sep 2020) and she consistently voted against all LGBTQ protections including gender identity provisions in the Equality Act. Her documented positions opposing any transgender recognition in law align with requiring athletes to compete on teams matching their biological sex assigned at birth (value 4). No evidence found of her supporting a total ban on all trans athletes from any organized sports.,https://www.ontheissues.org/FL/Kat_Cammack.htm,https://en.wikipedia.org/wiki/Kat_Cammack,,,
Kat Cammack,,ukraine-support,2,"Wikipedia documents Cammack supported the Ukraine Democracy Defense Lend-Lease Act (2022), providing military aid to Ukraine. She voted for troop support following the October 7, 2024 attacks on Israel. She has not been identified among the isolationist bloc in the House Freedom Caucus opposing aid. Her record supports continuing current levels of military and economic aid to help Ukraine defend itself (value 2).",https://en.wikipedia.org/wiki/Kat_Cammack,,,,
Kat Cammack,,voting-rights,4,"OnTheIssues records Cammack as opposing expanding voter registration and access (Mar 2021). Wikipedia confirms she voted to overturn 2020 election results and questioned the election's fairness. She opposes mail-in voting expansion and broader voter access measures, consistent with requiring photo ID for voting and regularly updating voter rolls (value 4).",https://www.ontheissues.org/FL/Kat_Cammack.htm,https://en.wikipedia.org/wiki/Kat_Cammack,,,
Aaron Bean,,abortion,4,"Bean stated 'Ban abortion after 15 weeks; exception for maternal health' in his 2022 congressional campaign (Nov 2022). A 15-week ban with only a maternal health exception restricts abortion well below the second trimester and covers few cases beyond serious maternal risk, matching value 4: restrict to rape, incest, or serious threats to the mother's life.",https://www.ontheissues.org/FL/Aaron_Bean.htm,,,,
Aaron Bean,,civil-rights,5,"OTI records Bean opposing Critical Race Theory and gender identity curricula in schools (Nov 2022), and contending that some are 'painting the country as racist.' His stated opposition to race-based framing in public education aligns with value 5: eliminate affirmative action and all race-based government programs.",https://www.ontheissues.org/FL/Aaron_Bean.htm,,,Contends some are painting the country as racist,Contends some are painting the country as racist
Aaron Bean,,climate-change,5,"Bean has a lifetime LCV score of 1% (0% in 2023 and 2025). OTI records his support for fracking and view that environmental regulations cost jobs. His LCV-documented votes against clean air, clean energy, and climate legislation — and no recorded pro-environment votes in 2023 or 2025 — align with value 5: reject climate change policies and focus on economic growth instead.",https://www.lcv.org/congressional-scorecard/moc/aaron-bean,https://www.ontheissues.org/FL/Aaron_Bean.htm,,,
Aaron Bean,,deportation,4,"OTI records Bean opposing sanctuary cities and all pathways for undocumented immigrants, stating 'Only support legal immigration; no sanctuary cities' (Nov 2022). This reflects support for deporting all without legal status starting with those with criminal records, matching value 4.",https://www.ontheissues.org/FL/Aaron_Bean.htm,,,Only support legal immigration; no sanctuary cities,Only support legal immigration; no sanctuary cities
Aaron Bean,,fossil-fuels,5,"Bean's LCV scorecard shows he voted for Arctic Refuge oil drilling, opening Wyoming coal lands, blocking fracking bans, and defunding DOE clean energy programs (2023-2025). He has cast zero pro-environment votes in two of three congressional years. OTI records his support for fracking and advocacy for energy independence over renewables. This aligns with value 5: remove environmental restrictions and maximize fossil fuel extraction.",https://www.lcv.org/congressional-scorecard/moc/aaron-bean,https://www.ontheissues.org/FL/Aaron_Bean.htm,,,
Aaron Bean,,healthcare,4,"No evidence of support for universal or public-option coverage. Bean's consistent advocacy for limited government, federal overreach opposition ('Free state of Florida against federal overreach,' Sep 2022), and tax cutting aligns with value 4: only help the poorest afford healthcare and leave everyone else to employers and private insurance.",https://www.ontheissues.org/FL/Aaron_Bean.htm,,,Advocates 'Free state of Florida against federal overreach',
Aaron Bean,,homelessness,4,"Bean supports qualified immunity for police and opposes redirecting police funds (OTI, Nov 2022). His law-enforcement-first approach and opposition to reallocating public safety resources toward social services aligns with value 4: prohibit encampments with graduated warnings and penalties while maintaining basic shelter options.",https://www.ontheissues.org/FL/Aaron_Bean.htm,,,,
Aaron Bean,,immigration,4,OTI records 'Only support legal immigration; no sanctuary cities' (Nov 2022). He supports legal immigration channels while blocking public services and pathways for undocumented immigrants. This matches value 4: make it harder to immigrate legally and limit public services to people with legal status.,https://www.ontheissues.org/FL/Aaron_Bean.htm,,,Only support legal immigration; no sanctuary cities,Only support legal immigration; no sanctuary cities
Aaron Bean,,religious-freedom,5,OTI records 'Government should not infringe on religious exercise rights' (Nov 2022) and Bean's support for Florida's 'Pastor Protection Act' allowing clergy and churches to refuse to perform same-sex marriages (Mar 2016). This aligns with value 5: strongly protect religious freedom and allow religious organizations complete autonomy in their operations.,https://www.ontheissues.org/FL/Aaron_Bean.htm,,,Government should not infringe on religious exercise rights,Government should not infringe on religious exercise rights
Aaron Bean,,same-sex-marriage,5,"OTI records Bean supporting the Florida 'Pastor Protection Act on gay marriage' (Mar 2016), which protects refusal to perform same-sex marriages. He was not in Congress for the 2022 Respect for Marriage Act vote. His support for state-level legislation designed to limit same-sex marriage recognition aligns with value 5: make same-sex marriage illegal or define marriage as only between one man and one woman.",https://www.ontheissues.org/FL/Aaron_Bean.htm,,,,
Aaron Bean,,school-vouchers,5,"OTI records Bean voting for 'increased scholarships for private schools' in the Florida legislature (Apr 2007). Florida later enacted universal ESA (Education Savings Account) vouchers in 2023, which Bean supported as part of the DeSantis school choice agenda. His consistent private-school scholarship support aligns with value 5: universal vouchers so that education funding follows the student to any school.",https://www.ontheissues.org/FL/Aaron_Bean.htm,,,,
Aaron Bean,,taxes,4,"OTI records 'Cut spending; federal tax code should be simpler and flatter' and 'Support tax holidays & tax-cutting spirit' (Sep-Nov 2022). A flatter, simpler tax code with cutting as the priority aligns with value 4: cut taxes for everyone and scale back public services to match.",https://www.ontheissues.org/FL/Aaron_Bean.htm,,,Cut spending; federal tax code should be simpler and flatter,Cut spending; federal tax code should be simpler and flatter
Aaron Bean,,trans-athletes,4,"OTI records Bean supporting restrictions on teaching 'sexual orientation/gender identity' (Mar 2022) and opposing gender identity education (Nov 2022). Florida enacted transgender sports bans under which Bean's alignment with DeSantis-era policies places him squarely in support of requiring transgender athletes to compete on teams matching their biological sex assigned at birth, matching value 4.",https://www.ontheissues.org/FL/Aaron_Bean.htm,,,,
Aaron Bean,,voting-rights,4,OTI records 'Enact restrictions on vote-by-mail' (Apr 2021) and 'Require photo ID to vote' (Nov 2022). Opposing expanded mail voting while requiring photo ID exactly matches value 4: require photo ID for voting and regularly update voter rolls to remove inactive registrations.,https://www.ontheissues.org/FL/Aaron_Bean.htm,,,Require photo ID to vote,Require photo ID to vote
John Rutherford,,abortion,4,Cosponsored the Life at Conception Act (H.R. 816) implementing 14th Amendment protections for pre-born humans and the Born-Alive Abortion Survivors Protection Act. Describes himself as a 'strong defender of the lives of the unborn.' Aligns with restricting abortion to serious health threats and limited cases rather than a complete ban with criminal penalties.,https://www.ontheissues.org/FL/John_Rutherford.htm,https://en.wikipedia.org/wiki/John_Rutherford_(Florida_politician),https://ballotpedia.org/John_Rutherford_(Florida),"All life is sacred, period.","All life is sacred, period."
John Rutherford,,campaign-finance,4,Voted against the For the People Act (2019 and 2021) which would have expanded campaign finance disclosures and established federal matching funds for small donations. Opposed requirements for presidential candidates to submit tax returns. Aligns with reducing restrictions on political donations and spending.,https://www.ontheissues.org/FL/John_Rutherford_Government_Reform.htm,https://ballotpedia.org/John_Rutherford_(Florida),,,
John Rutherford,,civil-rights,4,"Voted against the Equality Act in both 2019 and 2021, against private lawsuits for school discrimination, and against ERA deadline extension. Voted with Trump 96.6% of the time. Aligns with limiting federal civil rights enforcement to clear cases of discrimination.",https://en.wikipedia.org/wiki/John_Rutherford_(Florida_politician),https://www.ontheissues.org/FL/John_Rutherford_Civil_Rights.htm,https://ballotpedia.org/John_Rutherford_(Florida),,
John Rutherford,,climate-change,5,"LCV lifetime score of 5% (0% in 2024 and 2025), with no pro-environment votes in 2024–2025. Criticized the Green New Deal as a 'socialist manifesto' and questions the scientific consensus on human causation of climate change. Consistently votes against clean air, clean energy, and methane pollution controls.",https://www.lcv.org/congressional-scorecard/moc/john-rutherford,https://en.wikipedia.org/wiki/John_Rutherford_(Florida_politician),https://ballotpedia.org/John_Rutherford_(Florida),,
John Rutherford,,deportation,4,"Supports requiring illegal immigrants to return to their country of origin, defended Trump's family separation policy at the border, and opposes executive amnesty. Backs continued border wall construction and restrictions on entry from non-cooperating countries.",https://www.ontheissues.org/FL/John_Rutherford_Immigration.htm,https://en.wikipedia.org/wiki/John_Rutherford_(Florida_politician),https://ballotpedia.org/John_Rutherford_(Florida),"First and foremost, strengthen wall along southern border.","First and foremost, strengthen wall along southern border."
John Rutherford,,fossil-fuels,4,"LCV lifetime score of 5% with consistent anti-environment votes including opposition to methane pollution limits, clean energy funding, and endangered species protections. His 2019 bipartisan moratorium on Gulf/Atlantic offshore drilling was specific to protecting Florida tourism, not a principled anti-fossil-fuel position. Overall record aligns with expanding fossil fuel drilling.",https://www.lcv.org/congressional-scorecard/moc/john-rutherford,https://en.wikipedia.org/wiki/John_Rutherford_(Florida_politician),https://ballotpedia.org/John_Rutherford_(Florida),,
John Rutherford,,healthcare,4,"Describes the ACA as 'too big, too complex, too burdensome for small businesses.' Supported the unsuccessful 2017 ACA repeal effort. Advocates a market-driven approach to healthcare reform. Aligns with only helping the poorest afford care and leaving everyone else to employers and private insurance.",https://www.ontheissues.org/FL/John_Rutherford.htm,https://en.wikipedia.org/wiki/John_Rutherford_(Florida_politician),https://ballotpedia.org/John_Rutherford_(Florida),,
John Rutherford,,immigration,4,"'First and foremost, strengthen wall along southern border.' Opposes illegal immigration and executive amnesty, supports requiring undocumented immigrants to return to their country of origin, voted against the NO BAN Act. Supports increased high-skill worker visa caps but maintains restrictive posture toward undocumented residents.",https://www.ontheissues.org/FL/John_Rutherford_Immigration.htm,https://en.wikipedia.org/wiki/John_Rutherford_(Florida_politician),https://ballotpedia.org/John_Rutherford_(Florida),"First and foremost, strengthen wall along southern border.","First and foremost, strengthen wall along southern border."
John Rutherford,,redistricting,5,Voted against the For the People Act (2019 and 2021) which would have required states to establish independent nonpartisan redistricting commissions for congressional districts. His opposition aligns with leaving redistricting to the party that controls the state legislature without outside interference.,https://www.ontheissues.org/FL/John_Rutherford_Government_Reform.htm,https://ballotpedia.org/John_Rutherford_(Florida),,,
John Rutherford,,school-vouchers,4,Rated as 'Strongly Favors' school vouchers per VoteMatch analysis. Opposes federal education standards and voted against the Equity and Inclusion Enforcement Act. Aligns with expanding voucher eligibility to most families so parents can choose any school.,https://www.ontheissues.org/FL/John_Rutherford.htm,https://ballotpedia.org/John_Rutherford_(Florida),,,
John Rutherford,,tariffs,3,"Voted for the USMCA Implementation Act (December 2019), favoring updated North American trade rules. Described as supporting trade deals that benefit American workers while opposing those that harm them. VoteMatch rates him as favoring free trade but his overall record suggests selective use of trade agreements.",https://www.ontheissues.org/FL/John_Rutherford_Free_Trade.htm,https://ballotpedia.org/John_Rutherford_(Florida),,,
John Rutherford,,taxes,4,"Voted for the Tax Cuts and Jobs Act of 2017, cutting corporate tax rates from 35% to 21%. States 'Keep the government off our backs & out of our wallets' and opposes raising income taxes even to balance the budget. Advocates lower taxes to stimulate economic growth. Aligns with cutting taxes for everyone and scaling back public services.",https://www.ontheissues.org/FL/John_Rutherford.htm,https://en.wikipedia.org/wiki/John_Rutherford_(Florida_politician),https://ballotpedia.org/John_Rutherford_(Florida),Keep the government off our backs & out of our wallets.,Keep the government off our backs & out of our wallets.
John Rutherford,,voting-rights,4,"Voted against the For the People Act (2019, 2021) which would have implemented automatic voter registration, same-day registration, and no-fault absentee balloting. Opposed making Election Day a federal holiday, citing fraud concerns with same-day registration. Aligns with requiring photo ID and regularly purging inactive voter rolls.",https://www.ontheissues.org/FL/John_Rutherford_Government_Reform.htm,https://en.wikipedia.org/wiki/John_Rutherford_(Florida_politician),https://ballotpedia.org/John_Rutherford_(Florida),,
Randy Fine,,abortion,4,"Fine served as a Florida State Senator when the 6-week Heartbeat Protection Act (SB 300) passed 26-13 on April 3, 2023. His strongly conservative legislative record — co-introduction of the Parental Rights in Education Act (HB 1557, 2022) and consistent alignment with Florida's Republican caucus on social issues — places him squarely at value 4: abortion restricted to cases of rape, incest, or serious threats to life.",https://www.flsenate.gov/Session/Bill/2023/300,https://en.wikipedia.org/wiki/Randy_Fine,https://www.flsenate.gov/Senators,,
Randy Fine,,civil-rights,5,"Fine introduced SB 100 (2025) prohibiting governmental entities from displaying flags representing political, racial, or sexual-orientation viewpoints, signaling opposition to race-conscious public policy. He has consistently opposed DEI and critical race theory in Florida public schools, placing him at value 5: eliminate affirmative action and all race-based government programs.",https://www.flsenate.gov/Session/Bill/2025/100,https://en.wikipedia.org/wiki/Randy_Fine,,,
Randy Fine,,climate-change,5,"The League of Conservation Voters awarded Fine a 4% score for his 2025 congressional voting record, reflecting consistent votes against clean energy initiatives, endangered species protections, clean air standards, and climate action programs. This record places him at value 5: reject climate change policies and focus on economic growth.",https://www.lcv.org/congressional-scorecard/members-of-congress/randy-fine/,https://en.wikipedia.org/wiki/Randy_Fine,,,
Randy Fine,,deportation,5,"Fine co-sponsored Florida legislation imposing mandatory death sentences for undocumented immigrants convicted of first-degree murder or child rape, filed a 2024 bill eliminating in-state tuition for undocumented college students, and publicly called for mass deportation of Muslims including denaturalization of Muslim American citizens. This record places him clearly at value 5: deport all undocumented people regardless of how long they've lived here or family ties.",https://en.wikipedia.org/wiki/Randy_Fine,https://www.flsenate.gov/Session/Bill/2025/90,,"If you're not an Islamophobe, you're a fool.","If you're not an Islamophobe, you're a fool."
Randy Fine,,fossil-fuels,4,"The League of Conservation Voters gave Fine a 4% score (2025) documenting votes against clean energy and in favor of traditional energy development, including votes to expand offshore oil and gas leasing and roll back clean energy tax credits. His consistent anti-environmental voting record aligns with value 4: expand fossil fuel drilling permits.",https://www.lcv.org/congressional-scorecard/members-of-congress/randy-fine/,https://en.wikipedia.org/wiki/Randy_Fine,,,
Randy Fine,,immigration,5,"Fine filed bills eliminating in-state tuition for undocumented immigrants (SB 90, 2025), co-sponsored legislation imposing harsher criminal penalties specifically targeting undocumented immigrants, supports denaturalization of Muslim American citizens, and calls for blocking public services to non-citizens. This record places him at value 5: stop most legal immigration and block public services for anyone without legal status.",https://en.wikipedia.org/wiki/Randy_Fine,https://www.flsenate.gov/Session/Bill/2025/90,,,
Randy Fine,,religious-freedom,5,"Fine was a co-introducer of CS/CS/HB 1557 (2022), the Parental Rights in Education Act, which restricts classroom discussion of sexual orientation or gender identity and allows parents to sue school districts for damages — explicitly protecting religious and cultural values over institutional anti-discrimination norms. He also introduced SB 100 (2025) shielding government entities from displaying viewpoints contrary to religious values, placing him at value 5.",https://www.flsenate.gov/Session/Bill/2022/1557,https://en.wikipedia.org/wiki/Randy_Fine,https://www.flsenate.gov/Session/Bill/2025/100,,
Randy Fine,,same-sex-marriage,5,"Fine introduced SB 100 (2025) prohibiting governmental display of flags representing sexual-orientation viewpoints; Wikipedia documents he made unsubstantiated allegations that LGBTQ people engage in ""grooming"" of minors and stated: ""If it means erasing a community because you have to target children, then, damn right, we ought to do it!"" His record is consistent with opposition to legal same-sex marriage, placing him at value 5.",https://www.flsenate.gov/Session/Bill/2025/100,https://en.wikipedia.org/wiki/Randy_Fine,,"If it means erasing a community because you have to target children, then, damn right, we ought to do it!","If it means erasing a community because you have to target children, then, damn right, we ought to do it!"
Randy Fine,,school-vouchers,5,"Fine was a co-introducer of CS/CS/CS/CS/HB 1 (2023), which expanded Florida's Family Empowerment Scholarship and Florida Tax Credit Scholarship programs — the cornerstone of Florida's universal school choice system allowing funds to follow students to any school. Wikipedia confirms he ""supports expanded school vouchers enabling families to choose private or homeschooling with taxpayer funds."" This places him at value 5: universal vouchers so education funding follows the student to any school.",https://www.flsenate.gov/Session/Bill/2023/HB1,https://en.wikipedia.org/wiki/Randy_Fine,,,
Randy Fine,,trans-athletes,5,"Fine voted yes on CS/HB 1475 (April 2021) in the Florida House, which banned transgender girls from competing on girls' sports teams. Wikipedia documents this vote explicitly. He also introduced SB 100 (2025) targeting sexual-orientation viewpoints in government settings. His record places him at value 5: completely ban transgender athletes from competing.",https://en.wikipedia.org/wiki/Randy_Fine,https://www.flsenate.gov/Session/Bill/2025/100,,,
Randy Fine,,ukraine-support,4,"Fine criticized Ukrainian President Zelensky for insufficient gratitude toward President Trump and expressed support for Trump's peace efforts to end the Russo-Ukrainian war. Wikipedia further notes he claimed Ukraine has ""financial incentives for the war to never end."" This skepticism of continued aid without demanding concessions places him at value 4: reduce aid to Ukraine and focus American resources on domestic priorities.",https://en.wikipedia.org/wiki/Randy_Fine,,,,
Cory Mills,,immigration,5,"Mills called for an immigration moratorium in July 2022, stating 'Our workers need an immigration moratorium.' He introduced the PARENT Act (H.R. 2337) to restrict birthright citizenship and the 'No Citizenship for Alien Invaders Act' (March 2025) to prohibit immigrants from obtaining citizenship through illegal entry. This pattern — moratorium, birthright restrictions, and legislation criminalizing illegal entry as a path to citizenship — aligns with value 5: stop most legal immigration and block public services for anyone without legal status.",https://www.ontheissues.org/FL/Cory_Mills.htm,https://www.floridadaily.com/?s=cory+mills,https://www.lcv.org/congressional-scorecard/moc/cory-mills,Our workers need an immigration moratorium.,Our workers need an immigration moratorium.
Cory Mills,,deportation,5,"Mills introduced the 'No Citizenship for Alien Invaders Act' (March 2025) to eliminate any citizenship pathway for those who entered illegally, and the PARENT Act (H.R. 2337) limiting birthright citizenship. His co-sponsorship of a Biden impeachment resolution over border handling and his 'immigration moratorium' framing indicate a move-quickly-deport-all posture regardless of family ties or duration of residence, consistent with value 5.",https://www.floridadaily.com/?s=cory+mills,https://www.ontheissues.org/FL/Cory_Mills.htm,,,
Cory Mills,,climate-change,5,"Mills received a lifetime LCV score of 0% with zero pro-environment votes in every tracked year (2023: 0/35; 2024: 0/32; 2025: 0/33). He voted against clean air protections, blocking the Delaware River Basin Fracking Ban, removing public lands protections, and every clean energy standard tracked by LCV. This consistent record of opposing all climate policy aligns with value 5: reject climate change policies and focus on economic growth.",https://www.lcv.org/congressional-scorecard/moc/cory-mills,https://www.floridadaily.com/?s=cory+mills,,,
Cory Mills,,fossil-fuels,5,"Mills' lifetime LCV score of 0% includes votes against blocking the Delaware River Basin Fracking Ban, against clean air standards, against removing environmental restrictions on public lands, and against every tracked energy efficiency and clean energy measure. He has voted to roll back Clean Air Act protections and block states' cleaner vehicles standards. This pattern aligns with value 5: remove environmental restrictions and maximize fossil fuel extraction.",https://www.lcv.org/congressional-scorecard/moc/cory-mills,,,,
Cory Mills,,civil-rights,5,"Mills introduced legislation framing school content as 'the Left's efforts to sexualize children in schools' and has ardently supported dismantling the Department of Education. He co-chaired the Congressional DOGE Caucus aimed at eliminating federal programs. His rhetoric consistently targets federal institutional involvement in social equity matters, aligning with value 5: eliminate affirmative action and all race-based government programs.",https://www.floridadaily.com/?s=cory+mills,https://www.floridadaily.com/cory-mills-offers-bill-to-end-the-sexualization-of-children-in-schools/,,The battlefield for the future of our society is being fought within the classrooms of American schools. This bill targets the Left's efforts to sexualize children in schools across the U.S.,The battlefield for the future of our society is being fought within the classrooms of American schools. This bill targets the Left's efforts to sexualize children in schools across the U.S.
Cory Mills,,school-vouchers,5,"Mills has ardently supported dismantling the Department of Education, publicly backing Rep. Thomas Massie's bill to abolish it entirely. Eliminating the federal Department of Education is the most extreme form of pro-school-choice positioning — it removes any federal support for public school systems — aligning with value 5: providing universal vouchers so education funding follows the student to any school chosen by the family.",https://www.floridadaily.com/?s=cory+mills+education+schools,,,,
Cory Mills,,taxes,4,"Mills co-chaired the Congressional DOGE Caucus with Aaron Bean and co-introduced H.R. 2006 to codify the Department of Government Efficiency, reflecting a strong preference for cutting government spending and reducing its footprint. He also publicly backed dismantling the Department of Education. This anti-spending, smaller-government posture aligns with value 4: cut taxes for everyone and scale back public services to match.",https://www.floridadaily.com/?s=cory+mills,https://www.floridadaily.com/?s=cory+mills+doge+spending,,,
Mike Haridopolos,,ai-regulation,2,"Haridopolos chairs the House Science subcommittee on Space and Aeronautics and sits on the Financial Services subcommittee covering Digital Assets, Financial Technology, and AI. He applauded cryptocurrency legislation for providing ""smart rules, consumer protections"" while simultaneously cosponsoring the Anti-CBDC Surveillance State Act to prevent government tracking of digital transactions, reflecting a posture of light-touch voluntary guidelines rather than strict regulatory mandates.",https://spacecoastdaily.com/2025/07/congressman-mike-haridopolos-applauds-house-passage-of-key-cryptocurrency-bills-protect-americans-financial-freedoms/,https://en.wikipedia.org/wiki/Mike_Haridopolos,,"America is open for digital asset innovation, and we are going to do it the right way, with smart rules, consumer protections, and a firm commitment to freedom.","America is open for digital asset innovation, and we are going to do it the right way, with smart rules, consumer protections, and a firm commitment to freedom."
Mike Haridopolos,,climate-change,5,"As Florida Senate President in 2012, Haridopolos led the repeal of Florida's cap-and-trade greenhouse gas program and was rated as strongly opposing green energy prioritization. His 2025 budget resolution vote explicitly supported 'unleashing American energy,' prioritizing fossil fuel production over climate policy. As a member of the Republican Study Committee, his record reflects rejection of climate-based energy restrictions in favor of economic growth.",https://www.ontheissues.org/FL/Mike_Haridopolos.htm,https://spacecoastdaily.com/2025/02/congressman-mike-haridopolos-votes-to-pass-house-budget-resolution-lay-the-foundation-to-restore-fiscal-responsibility/,https://en.wikipedia.org/wiki/Mike_Haridopolos,,
Mike Haridopolos,,deportation,4,"Haridopolos declared 'Our Southern Border is in chaos. Illegal immigration is out of control.' in his 2024 candidacy announcement and pledged to 'fight to stop illegal immigration.' He voted five times to fully fund the Department of Homeland Security and framed border enforcement as a national security imperative, reflecting a broad deportation priority ordered by criminal history first.",https://spacecoastdaily.com/2024/04/former-florida-senate-president-mike-haridopolos-declares-candidacy-for-u-s-congress/,https://spacecoastdaily.com/2026/03/rep-mike-haridopolos-requests-pay-be-withheld-amid-department-of-homeland-security-shutdown/,,Our Southern Border is in chaos. Illegal immigration is out of control.,Our Southern Border is in chaos. Illegal immigration is out of control.
Mike Haridopolos,,fossil-fuels,4,"As Florida Senate President in 2012, Haridopolos led the repeal of Florida's cap-and-trade greenhouse gas program, removing market-based emissions controls. His February 2025 budget resolution vote explicitly cited 'unleashing American energy' as a goal, supporting expanded fossil fuel production. His record reflects support for expanding drilling permits rather than maintaining current levels.",https://www.ontheissues.org/FL/Mike_Haridopolos.htm,https://spacecoastdaily.com/2025/02/congressman-mike-haridopolos-votes-to-pass-house-budget-resolution-lay-the-foundation-to-restore-fiscal-responsibility/,,,
Mike Haridopolos,,healthcare,4,Haridopolos opposed the ACA as a 'government takeover of healthcare' and supported Florida's Health Care Freedom Act to allow residents to opt out of federal healthcare mandates. In 2017 he stated the 'repeal and replacement of Obamacare will improve care and lower costs.' His stance aligns with limiting government healthcare assistance to the poorest while leaving others to employer and private insurance markets.,https://www.politifact.com/personalities/mike-haridopolos/,https://spacecoastdaily.com/2017/03/mike-haridopolos-qa-citizens-want-to-see-real-changes-in-dc-that-positively-impact-their-lives/,,the repeal and replacement of Obamacare will improve care and lower costs,the repeal and replacement of Obamacare will improve care and lower costs
Mike Haridopolos,,immigration,4,"Haridopolos ran in 2024 on stopping illegal immigration and 'tough vetting' for legal entry, calling the border 'in chaos.' He voted five times to fully fund DHS and consistently frames immigration restriction as a national security matter. His 2017 statement — 'We need a tough vetting process to make sure people who enter our nation will not do our citizens harm' — reflects a restrictionist stance favoring reduced immigration and limits on public services for undocumented residents.",https://spacecoastdaily.com/2024/04/former-florida-senate-president-mike-haridopolos-declares-candidacy-for-u-s-congress/,https://spacecoastdaily.com/2017/03/mike-haridopolos-qa-citizens-want-to-see-real-changes-in-dc-that-positively-impact-their-lives/,,We need a tough vetting process to make sure people who enter our nation will not do our citizens harm,We need a tough vetting process to make sure people who enter our nation will not do our citizens harm
Mike Haridopolos,,medicare/aid,4,"Haridopolos signed the Cut-Cap-and-Balance pledge in 2012, which requires a balanced budget amendment and deep spending caps that would structurally reduce Medicaid coverage. He voted for the February 2025 House Republican Budget Resolution — the legislative vehicle for the One Big Beautiful Bill, which includes significant Medicaid work requirements and per-capita caps. As a Republican Study Committee member, his pattern aligns with partial privatization and reduced Medicaid coverage.",https://www.ontheissues.org/FL/Mike_Haridopolos.htm,https://spacecoastdaily.com/2025/02/congressman-mike-haridopolos-votes-to-pass-house-budget-resolution-lay-the-foundation-to-restore-fiscal-responsibility/,https://en.wikipedia.org/wiki/Mike_Haridopolos,,
Mike Haridopolos,,misinformation,4,"Haridopolos cosponsored the Anti-CBDC Surveillance State Act, which prevents federal government from issuing a digital currency that could track citizens' transactions, citing a 'firm commitment to freedom' from government overreach. His consistent framing of government intervention in private affairs — whether economic or informational — reflects a posture of protecting free speech online and preventing government censorship rather than mandating platform accountability.",https://spacecoastdaily.com/2025/07/congressman-mike-haridopolos-applauds-house-passage-of-key-cryptocurrency-bills-protect-americans-financial-freedoms/,,,,
Mike Haridopolos,,religious-freedom,5,"OTI classifies Haridopolos as 'strongly favoring Christian values as the foundation for America.' As Florida Senate President he advanced socially conservative legislation aligned with faith-based governance. He served as a campaign advisor for Mike Huckabee's 2016 presidential run, whose platform centered on maximum religious liberty for faith institutions. His record reflects support for religious organizations having complete autonomy in their operations.",https://www.ontheissues.org/FL/Mike_Haridopolos.htm,https://spacecoastdaily.com/2015/05/mike-haridopolos-advisor-for-mike-huckabee-national-presidential-campaign/,,,
Mike Haridopolos,,school-vouchers,5,"OTI classifies Haridopolos as 'strongly favoring school choice vouchers.' As Florida Senate President in March 2012, he championed $10 million for school vouchers targeting poor students. He has consistently opposed Common Core while favoring parental choice in education, aligning with the universal voucher position that education funding should follow the student to any school the family chooses.",https://www.ontheissues.org/FL/Mike_Haridopolos.htm,https://en.wikipedia.org/wiki/Mike_Haridopolos,,I'm also glad to see we are moving away from Common Core,We are moving away from Common Core
Mike Haridopolos,,taxes,4,Haridopolos signed the Cut-Cap-and-Balance pledge (2012) requiring deep federal spending cuts. In 2017 he stated his priority was 'focus on keeping taxes low and reducing the regulatory burden.' His February 2025 budget resolution vote prioritized making the 2017 Tax Cuts and Jobs Act permanent 'to prevent tax increases on Floridians' while preserving the child tax credit and standard deduction — consistent with cutting taxes across all income levels.,https://spacecoastdaily.com/2025/02/congressman-mike-haridopolos-votes-to-pass-house-budget-resolution-lay-the-foundation-to-restore-fiscal-responsibility/,https://spacecoastdaily.com/2017/03/mike-haridopolos-qa-citizens-want-to-see-real-changes-in-dc-that-positively-impact-their-lives/,,focus on keeping taxes low and reducing the regulatory burden,focus on keeping taxes low and reducing the regulatory burden
Mike Haridopolos,,voting-rights,4,"As Florida Senate President in 2011, Haridopolos led legislation to reduce early voting periods and implement stricter third-party voter registration requirements. OTI classifies him as 'strongly opposing easier voter registration.' His record reflects the position of requiring photo ID for voting and regularly updating voter rolls, without going so far as eliminating mail-in voting entirely.",https://www.ontheissues.org/FL/Mike_Haridopolos.htm,https://en.wikipedia.org/wiki/Mike_Haridopolos,,,
Darren Soto,,abortion,2,"Soto co-sponsored the Women's Health Protection Act (H.R.3471 and H.R.448) to ban government-imposed limitations on abortion services and has pledged to fight efforts to defund Planned Parenthood. He opposes medically unnecessary restrictions and led efforts in the Florida Senate to defeat a 24-hour waiting period bill. His record reflects consistent support for legal, accessible abortion, aligning with keeping abortion legal and accessible without gestational-limit restrictions, though there is no documented position on public funding at all stages.",https://www.ontheissues.org/FL/Darren_Soto.htm,https://www.ontheissues.org/FL/Darren_Soto_Abortion.htm,,Women have a right to control their own bodies.,Women have a right to control their own bodies.
Darren Soto,,campaign-finance,2,"Soto co-sponsored the Government by the People Act, which would provide voters with $50 vouchers for federal candidates and offer a 6-to-1 public matching fund to reduce big donor influence. He also voted YES on the For the People Act (2019), which included provisions for independent redistricting and campaign finance transparency. These positions align with strictly limiting corporate donations and dark money groups rather than banning all private money.",https://www.ontheissues.org/FL/Darren_Soto_Government_Reform.htm,https://www.ontheissues.org/FL/Darren_Soto.htm,,,
Darren Soto,,civil-rights,2,"Soto co-sponsored the George Floyd Justice in Policing Act (2021) to strengthen law enforcement accountability and limit qualified immunity, and co-sponsored the Equal Rights Amendment (H.J.Res.17, 2021). He pledges to pass the Equality Act for nationwide LGBTQ anti-discrimination protections in employment, housing, and education. His record reflects strengthening civil rights enforcement and addressing systemic discrimination.",https://www.ontheissues.org/FL/Darren_Soto_Civil_Rights.htm,https://en.wikipedia.org/wiki/Darren_Soto,,"In Congress, I'll fight to pass the Equality Act to provide nationwide protections against LGBT discrimination in employment, housing, and education.","In Congress, I'll fight to pass the Equality Act to provide nationwide protections against LGBT discrimination in employment, housing, and education."
Darren Soto,,climate-change,2,"Soto received a 100% LCV score in 2017 and has stated 'Climate change is real and it is caused by human activity' while advocating for 'dramatically reducing our carbon emissions and transitioning to a clean energy future.' He supports federal regulation of greenhouse gas emissions, renewable energy investment, and opposed offshore drilling proposals for Florida's coast. His record aligns with rapidly transitioning to renewable energy and phasing out fossil fuels.",https://www.ontheissues.org/FL/Darren_Soto_Environment.htm,https://en.wikipedia.org/wiki/Darren_Soto,https://www.ontheissues.org/FL/Darren_Soto_Energy_+_Oil.htm,Climate change is real and it is caused by human activity.,Climate change is real and it is caused by human activity.
Darren Soto,,deportation,2,Soto stated 'We aren't going to deport 11 million undocumented people' and supports comprehensive immigration reform with a pathway to citizenship. He co-sponsored the Fair Day in Court for Kids Act (H.R.4646) to provide government-funded legal counsel to immigrants in removal proceedings. His record opposes mass deportation while advocating for a path to legalization for long-term undocumented residents.,https://www.ontheissues.org/FL/Darren_Soto_Immigration.htm,https://en.wikipedia.org/wiki/Darren_Soto,,We aren't going to deport 11 million undocumented people.,We aren't going to deport 11 million undocumented people.
Darren Soto,,fossil-fuels,2,Soto committed to 'ban fracking on all our public lands and finish the work Pres. Obama started to reduce our reliance on carbon fuels.' He actively opposed Trump administration offshore drilling proposals for Florida's coasts and has been named 'Champion of the Everglades' by Audubon Florida. His record aligns with stopping new permits for fossil fuel drilling rather than merely maintaining existing levels.,https://www.ontheissues.org/FL/Darren_Soto_Environment.htm,https://www.ontheissues.org/FL/Darren_Soto_Energy_+_Oil.htm,https://en.wikipedia.org/wiki/Darren_Soto,,
Darren Soto,,healthcare,2,"Soto supports the Affordable Care Act and has been 'leading the fight to expand Medicaid in Florida,' stating 'All Floridians should have access to health coverage.' He opposes ACA repeal and committed to 'defend and improve on the Affordable Care Act.' This reflects ensuring everyone has affordable coverage through a mix of public programs (Medicaid expansion) and regulated private insurance, rather than a single-payer or fully private approach.",https://www.ontheissues.org/FL/Darren_Soto.htm,https://www.ontheissues.org/FL/Darren_Soto_Health_Care.htm,,"I've been leading the fight to expand Medicaid in Florida, and in Congress, I'll keep up the fight to defend and improve on the Affordable Care Act.","I've been leading the fight to expand Medicaid in Florida, and in Congress, I'll keep up the fight to defend and improve on the Affordable Care Act."
Darren Soto,,housing,3,"Wikipedia notes Soto advocated for affordable housing and homelessness prevention funding in Central Florida, and he voted NO on HR 5735 (which would have diverted housing vouchers from long-term waitlisted individuals to opioid recovery programs, with critics arguing it hurt vulnerable populations). His housing record reflects targeted assistance like subsidies and preservation of existing housing programs rather than rent caps or large-scale public housing construction.",https://en.wikipedia.org/wiki/Darren_Soto,https://www.ontheissues.org/FL/Darren_Soto_Welfare_+_Poverty.htm,,,
Darren Soto,,immigration,2,"Soto supports comprehensive immigration reform with a pathway to citizenship, championed DREAMers in the Florida Legislature, co-sponsored the NO BAN Act to prohibit religious discrimination in immigration decisions, and co-sponsored the Fairness for High-Skilled Immigrants Act to expand per-country visa caps. His record consistently supports open legal immigration and public services access regardless of legal status.",https://www.ontheissues.org/FL/Darren_Soto_Immigration.htm,https://en.wikipedia.org/wiki/Darren_Soto,,,
Darren Soto,,medicare/aid,3,"Soto strongly supports the ACA and Medicaid expansion but has not sponsored or cosponsored Medicare for All or Medicare age-reduction to 55 legislation based on available evidence. His stated goal is to 'defend and improve on the Affordable Care Act' and expand Medicaid to those without coverage, reflecting improving current programs and expanding access within the existing structure rather than a full Medicare-to-all transformation.",https://www.ontheissues.org/FL/Darren_Soto.htm,https://www.ontheissues.org/FL/Darren_Soto_Health_Care.htm,,,
Darren Soto,,redistricting,2,"Soto backed the For the People Act (voted YES, 2019), which requires states to establish independent redistricting commissions for congressional redistricting to reduce partisan gerrymandering. This aligns with independent redistricting commissions with bipartisan representation, though the legislation does not mandate equal major-party representation specifically.",https://www.ontheissues.org/FL/Darren_Soto_Government_Reform.htm,https://www.ontheissues.org/FL/Darren_Soto.htm,,,
Darren Soto,,religious-freedom,2,"Soto supports the Equality Act which would prohibit religious exemptions from overriding LGBTQ anti-discrimination protections, and is Vice Chair of the Congressional Equality Caucus. In the Florida Senate he sponsored legislation removing the statutory marriage definition restricting marriage to heterosexual couples. His record aligns with protecting religious freedom while ensuring it does not override anti-discrimination protections in employment and housing.",https://www.ontheissues.org/FL/Darren_Soto_Civil_Rights.htm,https://en.wikipedia.org/wiki/Darren_Soto,,,
Darren Soto,,same-sex-marriage,1,"Soto has consistently and fully supported same-sex marriage. In the Florida Senate, he sponsored legislation eliminating the statutory definition restricting marriage to heterosexual couples. He states 'We embrace our proud LGBT community' and that 'love is love.' As Vice Chair of the Congressional Equality Caucus, he fights for nationwide recognition and full federal protections for same-sex couples.",https://www.ontheissues.org/FL/Darren_Soto_Civil_Rights.htm,https://en.wikipedia.org/wiki/Darren_Soto,,We embrace our proud LGBT community.,We embrace our proud LGBT community.
Darren Soto,,social-security,2,"Soto states 'we must strengthen and expand Social Security, not cut it' and calls it 'among the most successful government programs in our nation's history.' He opposes allowing individuals to divert Social Security taxes into personal retirement accounts (privatization) and has pledged to 'stand up for our seniors and fight every attempt to privatize or cut Social Security.' His record aligns with modestly increasing benefits while opposing cuts.",https://www.ontheissues.org/FL/Darren_Soto_Social_Security.htm,https://www.ontheissues.org/FL/Darren_Soto.htm,,Social Security is among the most successful government programs in our nation's history: It nearly eradicated destitute poverty in old age.,Social Security is among the most successful government programs in our nation's history: It nearly eradicated destitute poverty in old age.
Darren Soto,,tariffs,3,"Soto opposed the Trans-Pacific Partnership, citing concerns about corporate power to sue governments over worker and environmental protections, but voted for the USMCA (December 2019), which he saw as improving on NAFTA with better labor and environmental standards. His approach reflects selective use of trade policy to protect workers and key industries rather than either free trade or blanket high tariffs.",https://www.ontheissues.org/FL/Darren_Soto_Free_Trade.htm,https://www.ontheissues.org/FL/Darren_Soto.htm,,,
Darren Soto,,taxes,2,"Soto voted against the Tax Cuts and Jobs Act (2017), opposing the reduction of the corporate tax rate from 35% to 21% and warning it would 'balloon the federal deficit by over $1.5 trillion' while causing 'painful cuts to core domestic programs.' He supported the American Rescue Plan ($1.9T) and COVID-19 relief bills. His record reflects moderate tax increases on wealthy people and large companies to fund public services.",https://www.ontheissues.org/FL/Darren_Soto_Corporations.htm,https://www.ontheissues.org/FL/Darren_Soto_Budget_+_Economy.htm,,,
Darren Soto,,voting-rights,1,"Soto supports automatic voter registration, same-day registration, early voting periods, and vote-by-mail options. He voted YES on the For the People Act (2019) and co-sponsored the Voter Empowerment Act. He also opposed HB 1355 in the Florida Legislature, which would have reduced early voting from two weeks to eight days. Automatic voter registration for all eligible citizens is the defining feature of value=1.",https://www.ontheissues.org/FL/Darren_Soto_Government_Reform.htm,https://www.ontheissues.org/FL/Darren_Soto.htm,,,
Maxwell Frost,,abortion,1,"Frost advocates for unrestricted abortion access grounded in bodily autonomy, stating in January 2023 he would fight for 'civil rights, personal freedom, bodily autonomy.' He cosponsored the Women's Health Protection Act to federally protect abortion access. This matches stance 1: ensure abortion is legal, accessible, and publicly funded at all stages.",https://www.ontheissues.org/FL/Maxwell_Frost.htm,https://en.wikipedia.org/wiki/Maxwell_Frost,,"Fight for civil rights, personal freedom, bodily autonomy.","Fight for civil rights, personal freedom, bodily autonomy."
Maxwell Frost,,healthcare,1,"Frost explicitly supports single-payer healthcare. He stated in March 2023 he wants 'universal comprehensive healthcare with no co-pays, premiums,' introduced the EPIPEN Act (2024) to cap drug costs, and organized opposition to Medicaid and ACA cuts. This matches stance 1: free healthcare available to everyone paid for by the public sector.",https://www.ontheissues.org/FL/Maxwell_Frost.htm,https://en.wikipedia.org/wiki/Maxwell_Frost,,"Universal comprehensive healthcare with no co-pays, premiums.","Universal comprehensive healthcare with no co-pays, premiums."
Maxwell Frost,,climate-change,2,"Frost is a Green New Deal advocate with a 100% LCV lifetime score. He stated 'If there is a future, it is a green future' and frames climate as 'the greatest challenge facing our country.' His advocacy for rapid green transition aligns with stance 2: rapidly transition to renewable energy and phase out fossil fuels by 2030.",https://www.ontheissues.org/FL/Maxwell_Frost.htm,https://www.lcv.org/scorecard/members-of-congress/?memberID=F000475&state=FL&chamber=House,,"If there is a future, it is a green future. We cannot hesitate and we cannot let big-oil, big-business, and the 1% decide our fates for us.","If there is a future, it is a green future. We cannot hesitate and we cannot let big-oil, big-business, and the 1% decide our fates for us."
Maxwell Frost,,fossil-fuels,2,"Frost is a Green New Deal proponent with a 100% LCV lifetime score, indicating consistent votes against fossil fuel expansion. He explicitly opposes big oil's political influence. His position aligns with stance 2: stop issuing new permits for fossil fuel drilling — consistent opposition to new extraction without calling for an immediate ban.",https://www.lcv.org/scorecard/members-of-congress/?memberID=F000475&state=FL&chamber=House,https://en.wikipedia.org/wiki/Maxwell_Frost,,,
Maxwell Frost,,immigration,1,Frost advocates for a 'speedy path to citizenship for undocumented folks' (Oct 2022) and condemned GOP immigration enforcement funding as 'an outrage' while Americans struggle financially. He opposed the border wall and traveled to El Salvador to advocate for a wrongly deported immigrant. This matches stance 1: easier legal pathways and full public services for all immigrants.,https://www.ontheissues.org/FL/Maxwell_Frost.htm,https://www.commondreams.org/tag/maxwell-frost,https://www.pbs.org/newshour/tag/maxwell-frost,Provide a speedy path to citizenship for undocumented folks.,Provide a speedy path to citizenship for undocumented folks.
Maxwell Frost,,deportation,1,"Frost has vigorously opposed deportation enforcement, traveling to El Salvador to advocate for wrongly deported Kilmar Abrego Garcia and calling GOP ICE funding increases an 'outrage.' His stated position of protecting all undocumented residents aligns with stance 1: stop deportations entirely and protect undocumented residents from removal.",https://www.pbs.org/newshour/tag/maxwell-frost,https://www.commondreams.org/tag/maxwell-frost,,Congressional Republicans gifting ICE with billions of extra dollars of funding while Americans are struggling to make ends meet is an outrage.,Congressional Republicans gifting ICE with billions of extra dollars of funding while Americans are struggling to make ends meet is an outrage.
Maxwell Frost,,housing,2,"Frost cosponsored the End Junk Fees for Renters Act (2023) to eliminate hidden landlord fees and increase rental transparency. His housing advocacy emphasizes tenant protections and affordable housing requirements, aligning with stance 2: rent caps, requiring affordable units in developments, and publicly funding new housing.",https://en.wikipedia.org/wiki/Maxwell_Frost,,,,
Maxwell Frost,,civil-rights,2,"Frost introduced the Right to Record Act with Sen. Blumenthal to establish civil rights against federal law enforcement violations, and has consistently championed systemic justice causes. This reflects stance 2: strengthen civil rights enforcement and address systemic discrimination.",https://www.commondreams.org/tag/maxwell-frost,https://en.wikipedia.org/wiki/Maxwell_Frost,,,
Maxwell Frost,,medicare/aid,1,"Frost co-organized the 'Shutdown Showdown' to defend healthcare programs, opposing GOP Medicaid and ACA cuts that would cause 'around 15 million Americans losing their health insurance.' He supports single-payer, which is the fullest expansion of Medicare. This matches stance 1: expand Medicare to cover everyone regardless of age.",https://www.commondreams.org/tag/maxwell-frost,https://www.ontheissues.org/FL/Maxwell_Frost.htm,,,
Daniel Webster,,abortion,5,"Webster co-sponsored the Life at Conception Act (HR 722, 2025), the Heartbeat Protection Act (HR 682, 2025), the Protecting the Dignity of Unborn Children Act (HR 686, 2025), and a bill to nullify FDA mifepristone modifications (HR 679). Wikipedia documents he opposes abortion under all circumstances with no exceptions for rape or incest.",https://en.wikipedia.org/wiki/Daniel_Webster_(Florida_politician),https://api.congress.gov/v3/member/W000806/cosponsored-legislation?api_key=DEMO_KEY&limit=50&sort=updateDate+desc&offset=200,,,
Daniel Webster,,childcare,4,"Webster co-sponsored the Respect Parents' Childcare Choices Act (HR 2282, 2025), framed around reducing government mandates and expanding parental control. His broader record shows no support for universal subsidies or public childcare programs, consistent with reducing regulations while keeping limited subsidies for the lowest-income families.",https://api.congress.gov/v3/member/W000806/cosponsored-legislation?api_key=DEMO_KEY&limit=50&sort=updateDate+desc&offset=100,,,,
Daniel Webster,,civil-rights,5,"Webster received a 0 rating from the Human Rights Campaign and co-sponsored the First Amendment Defense Act (per Wikipedia), which broadly protects religious and conscience-based exemptions that can override civil rights protections. His voting record shows consistent opposition to anti-discrimination expansions and race-based federal programs.",https://en.wikipedia.org/wiki/Daniel_Webster_(Florida_politician),https://www.lcv.org/congressional-scorecard/moc/daniel-webster,,,
Daniel Webster,,climate-change,5,"Webster scored 0% from the League of Conservation Voters in 2025 (lifetime 5%). He co-sponsored H.J.RES 88 and 89 opposing EPA emissions standards, and sponsored the America First Energy Act (HR 1365, 2025). He consistently votes against climate-related investments and clean air measures, prioritizing economic activity over environmental regulation.",https://www.lcv.org/congressional-scorecard/moc/daniel-webster,https://api.congress.gov/v3/member/W000806/cosponsored-legislation?api_key=DEMO_KEY&limit=50&sort=updateDate+desc&offset=50,https://api.congress.gov/v3/member/W000806/sponsored-legislation?limit=20&api_key=DEMO_KEY,,
Daniel Webster,,deportation,5,"Webster co-sponsored the Alien Removal Not Resort Stays Act (HR 1485), the SAFE for America Act (HR 1241), the CARTEL Act (HR 1079), the No Bailout for Sanctuary Cities Act (HR 32), and the Preventing Violence Against Women by Illegal Aliens Act (HR 30), all in 2025. This suite of bills reflects support for aggressive removal of undocumented immigrants with no carve-outs for family ties or length of residence.",https://api.congress.gov/v3/member/W000806/cosponsored-legislation?api_key=DEMO_KEY&limit=50&sort=updateDate+desc&offset=150,https://api.congress.gov/v3/member/W000806/cosponsored-legislation?api_key=DEMO_KEY&limit=50&sort=updateDate+desc&offset=200,,,
Daniel Webster,,fossil-fuels,5,"Webster scored 0% from the LCV in 2025 (lifetime 5%) and co-sponsored the Cutting LNG Bunkering Red Tape Act (HR 4760), a bill to expand offshore critical minerals extraction (HR 4018), and the Energy Choice Act (HR 3699). He sponsored the America First Energy Act (HR 1365). His record reflects support for removing environmental restrictions and maximizing fossil fuel production.",https://www.lcv.org/congressional-scorecard/moc/daniel-webster,https://api.congress.gov/v3/member/W000806/cosponsored-legislation?api_key=DEMO_KEY&limit=50&sort=updateDate+desc&offset=50,https://api.congress.gov/v3/member/W000806/sponsored-legislation?limit=20&api_key=DEMO_KEY,,
Daniel Webster,,healthcare,4,"Webster has no co-sponsorships of healthcare expansion bills. He co-sponsored the No Abortion Coverage for Medicaid Act (HR 719, 2025) and sponsored the HEALTH Act (HR 6167, 2025) — a market-based taxation-and-healthcare measure. His overall record supports limited government involvement providing assistance only to the poorest while leaving others to private insurance.",https://api.congress.gov/v3/member/W000806/cosponsored-legislation?api_key=DEMO_KEY&limit=50&sort=updateDate+desc,https://api.congress.gov/v3/member/W000806/sponsored-legislation?limit=20&api_key=DEMO_KEY,,,
Daniel Webster,,immigration,5,"Webster co-sponsored the Birthright Citizenship Act (HR 569, 2025) to restrict birthright citizenship, the SAVE Act (HR 22) requiring proof of citizenship to vote, the CARTEL Act (HR 1079), and multiple anti-sanctuary and enforcement bills in 2025. His record reflects support for restricting legal immigration pathways and blocking public services for those without legal status.",https://api.congress.gov/v3/member/W000806/cosponsored-legislation?api_key=DEMO_KEY&limit=50&sort=updateDate+desc&offset=150,https://api.congress.gov/v3/member/W000806/cosponsored-legislation?api_key=DEMO_KEY&limit=50&sort=updateDate+desc&offset=200,https://en.wikipedia.org/wiki/Daniel_Webster_(Florida_politician),,
Daniel Webster,,medicare/aid,4,"Webster co-sponsored the Medicare Audiology Access Improvement Act (HR 2757, 2025) — a modest Medicare expansion — indicating he does not favor phasing out Medicare entirely. However, his co-sponsorship of the No Abortion Coverage for Medicaid Act (HR 719) and broader conservative record align with partial privatization and reduced Medicaid coverage.",https://api.congress.gov/v3/member/W000806/cosponsored-legislation?api_key=DEMO_KEY&limit=50&sort=updateDate+desc&offset=50,https://api.congress.gov/v3/member/W000806/cosponsored-legislation?api_key=DEMO_KEY&limit=50&sort=updateDate+desc,,,
Daniel Webster,,religious-freedom,5,"Wikipedia documents Webster co-sponsored the First Amendment Defense Act, which would prohibit the federal government from taking action against entities acting on religious beliefs about marriage or sexuality — effectively granting religious organizations complete autonomy in operations and hiring. His HRC score of 0 and consistent conservative record reinforce this position.",https://en.wikipedia.org/wiki/Daniel_Webster_(Florida_politician),,,,
Daniel Webster,,same-sex-marriage,5,"Wikipedia states Webster does not support same-sex marriage and he received a 0 rating from the Human Rights Campaign. He co-sponsored the First Amendment Defense Act, which would protect entities refusing to recognize same-sex marriages. His legislative record contains no vote or co-sponsorship in support of marriage equality.",https://en.wikipedia.org/wiki/Daniel_Webster_(Florida_politician),,,,
Daniel Webster,,school-vouchers,5,"Webster co-sponsored the Educational Choice for Children Act of 2025 (HR 833), a universal tax-credit scholarship program allowing education funding to follow students to any school including private and religious ones. He also co-sponsored a resolution supporting National School Choice Week (H.RES 974, 2024), consistent with a universal voucher position.",https://api.congress.gov/v3/member/W000806/cosponsored-legislation?api_key=DEMO_KEY&limit=50&sort=updateDate+desc&offset=300,https://api.congress.gov/v3/member/W000806/cosponsored-legislation?api_key=DEMO_KEY&limit=50&sort=updateDate+desc&offset=250,,,
Daniel Webster,,taxes,4,"Webster voted for the Tax Cuts and Jobs Act of 2017 and co-sponsored the Death Tax Repeal Act (HR 1301, 2025) and the American Innovation Act (HR 1778, 2025). Wikipedia quotes him saying the TCJA allows Americans to keep more money in their pockets. His record reflects support for broad tax cuts across income levels scaled back from current rates.",https://en.wikipedia.org/wiki/Daniel_Webster_(Florida_politician),https://api.congress.gov/v3/member/W000806/cosponsored-legislation?api_key=DEMO_KEY&limit=50&sort=updateDate+desc&offset=200,,it allows Americans to keep more money in their pockets,it allows Americans to keep more money in their pockets
Daniel Webster,,trans-athletes,4,"Webster co-sponsored the Protection of Women and Girls in Sports Act of 2025 (HR 28) and the Protection of Women in Olympic and Amateur Sports Act of 2026 (HR 1028), plus a resolution on NCAA eligibility for women's sports (H.RES 47). These bills require transgender women to compete on teams matching their biological sex assigned at birth.",https://api.congress.gov/v3/member/W000806/cosponsored-legislation?api_key=DEMO_KEY&limit=50&sort=updateDate+desc&offset=200,https://api.congress.gov/v3/member/W000806/cosponsored-legislation?api_key=DEMO_KEY&limit=50&sort=updateDate+desc&offset=150,,,
Daniel Webster,,voting-rights,4,"Webster co-sponsored the SAVE Act (HR 22, 2025), which requires documentary proof of citizenship to register to vote — a restrictive eligibility requirement. He also signed an amicus brief supporting Texas v. Pennsylvania contesting 2020 election results (Wikipedia). His record supports strict voter eligibility requirements consistent with requiring photo ID and maintaining tight voter rolls.",https://api.congress.gov/v3/member/W000806/cosponsored-legislation?api_key=DEMO_KEY&limit=50&sort=updateDate+desc&offset=150,https://en.wikipedia.org/wiki/Daniel_Webster_(Florida_politician),,,
Gus Bilirakis,,abortion,4,"Bilirakis has a long anti-abortion record: he backs a 20-week ban with only a maternal-life exception, voted against embryonic stem cell research (Jan 2007), and supports defunding Planned Parenthood. He has stated that 'life and human rights begin at fertilization or cloning' (Aug 2013). This places him at value 4 — restricting abortion to cases of rape, incest, or serious threats to the mother's life — not a complete ban with criminal penalties.",https://www.ontheissues.org/FL/Gus_Bilirakis.htm,https://en.wikipedia.org/wiki/Gus_Bilirakis,,Life and human rights begin at fertilization or cloning.,Life and human rights begin at fertilization or cloning.
Gus Bilirakis,,healthcare,4,"Bilirakis repeatedly voted to repeal the ACA ('Repeal the Job-Killing Health Care Law,' Jan 2011), voted NO on expanding SCHIP (Jan 2009), and supports Health Savings Accounts. He voted YES on the Ryan Budget which included a Medicare choice (privatization) option. His record aligns with value 4 — helping only the poorest while leaving everyone else to employers and private insurance — not full privatization.",https://www.ontheissues.org/FL/Gus_Bilirakis.htm,https://en.wikipedia.org/wiki/Gus_Bilirakis,,Repeal the Job-Killing Health Care Law.,Repeal the Job-Killing Health Care Law.
Gus Bilirakis,,taxes,5,"Bilirakis signed the Taxpayer Protection Pledge (no new taxes), advocates replacing the income tax with a FairTax flat consumption tax, supports eliminating the estate tax, and backed reducing the corporate rate from 35% to 21%. Stated: 'Replace income tax & employment tax with FairTax' (Jan 2009). This matches value 5 — drastically cut taxes and shrink government.",https://www.ontheissues.org/FL/Gus_Bilirakis.htm,,,Replace income tax & employment tax with FairTax.,Replace income tax & employment tax with FairTax.
Gus Bilirakis,,immigration,4,"Bilirakis opposes amnesty ('No amnesty for those that have broken the law'), voted for a border fence, opposes birthright citizenship, and calls for English-only government services. Rated 'A' by anti-amnesty groups. This aligns with value 4 — make it harder to immigrate legally and limit public services to those with legal status.",https://www.ontheissues.org/FL/Gus_Bilirakis.htm,,,No amnesty for those that have broken the law.,No amnesty for those that have broken the law.
Gus Bilirakis,,deportation,4,"Bilirakis's 'A' rating from anti-amnesty groups and opposition to legal status for undocumented immigrants ('No amnesty') indicates strong support for deportation of those without legal status, prioritizing those with criminal records first. His record aligns with value 4 — deport everyone without legal status, starting with criminal records.",https://www.ontheissues.org/FL/Gus_Bilirakis.htm,,,,
Gus Bilirakis,,fossil-fuels,4,"Bilirakis signed the No Climate Tax Pledge, supports offshore oil drilling (voted to open Outer Continental Shelf, May 2011), voted against removing oil/gas exploration subsidies, and opposes renewable energy tax credits. LCV lifetime score is 8% and 0% in 2025, including votes to roll back the methane fee and open the Arctic Refuge. This matches value 4 — expand fossil fuel drilling permits.",https://www.ontheissues.org/FL/Gus_Bilirakis.htm,http://www.lcv.org/scorecard/gus-bilirakis/,,,
Gus Bilirakis,,climate-change,5,"Bilirakis signed the No Climate Tax Pledge, voted to bar greenhouse gases from Clean Air Act rules, voted against renewable energy tax credits, and has a 0% LCV score in 2025 (including votes against the methane fee and for rolling back clean energy programs). His pattern of opposition to all climate action places him at value 5 — reject climate change policies and focus on economic growth.",https://www.ontheissues.org/FL/Gus_Bilirakis.htm,http://www.lcv.org/scorecard/gus-bilirakis/,,,
Gus Bilirakis,,same-sex-marriage,5,"Bilirakis voted YES to constitutionally define marriage as one-man-one-woman (Jul 2006), voted NO on prohibiting employment discrimination based on sexual orientation (Nov 2007), and has stated 'respect faith-based opposition to same-sex marriage' (Jul 2015). This places him at value 5 — make same-sex marriage illegal and define marriage as only between one man and one woman.",https://www.ontheissues.org/FL/Gus_Bilirakis.htm,,,Respect faith-based opposition to same-sex marriage.,Respect faith-based opposition to same-sex marriage.
Gus Bilirakis,,civil-rights,5,"Bilirakis voted against prohibiting job discrimination based on sexual orientation (Nov 2007), against enforcing anti-gay hate crimes (Apr 2009), and against the Violence Against Women Act reauthorization (Feb 2013). He supports no race-based federal programs. Consistent with value 5 — eliminate affirmative action and all race-based government programs.",https://www.ontheissues.org/FL/Gus_Bilirakis.htm,https://en.wikipedia.org/wiki/Gus_Bilirakis,,,
Gus Bilirakis,,religious-freedom,4,Bilirakis voted NO on allowing courts to decide on 'God' in the Pledge of Allegiance (Jul 2006) and supports 'faith-based exemptions from GLBT services.' He has called for respecting religious organizations' opposition to same-sex marriage. This aligns with value 4 — protect religious freedom and allow faith-based exemptions from laws that conflict with sincere religious beliefs.,https://www.ontheissues.org/FL/Gus_Bilirakis.htm,,,,
Gus Bilirakis,,voting-rights,4,"Bilirakis voted YES on requiring voter photo ID (Sep 2006), opposes same-day voter registration, and has stated opposition to 'expanding voter registration and voter access' (Mar 2021). He also stated support for overturning the 2020 presidential election result due to pandemic voting rules (Dec 2020). This places him at value 4 — require photo ID and regularly update voter rolls.",https://www.ontheissues.org/FL/Gus_Bilirakis.htm,,,,
Gus Bilirakis,,school-vouchers,4,"Bilirakis supports school vouchers ('Vouchers break link of low-income and low-quality schools,' Oct 2015), backed the DC opportunity scholarship program (Mar 2011), and supports A-PLUS letting states escape No Child Left Behind. This aligns with value 4 — expanding voucher eligibility to most families while maintaining baseline public school funding.",https://www.ontheissues.org/FL/Gus_Bilirakis.htm,,,Vouchers break link of low-income and low-quality schools.,Vouchers break link of low-income and low-quality schools.
Gus Bilirakis,,tariffs,3,"Bilirakis voted for Peru free trade (Nov 2007) and supports USMCA ('Implement USMCA for improved North American trade,' Dec 2019), and was rated 63% by trade advocates. His record reflects selective, deal-by-deal engagement rather than pure free trade or across-the-board tariffs. This matches value 3 — use tariffs selectively to protect key American industries and jobs.",https://www.ontheissues.org/FL/Gus_Bilirakis.htm,,,,
Gus Bilirakis,,social-security,4,"Bilirakis was rated only 16% by senior citizen advocacy groups (Jan 2013), indicating opposition to expanding Social Security benefits. He aligns with Republican Study Committee positions that generally favor raising the retirement age and reducing benefits for higher earners. This places him at value 4 — gradually raise the retirement age and reduce benefits for higher earners.",https://www.ontheissues.org/FL/Gus_Bilirakis.htm,,,,
Gus Bilirakis,,medicare/aid,4,Bilirakis voted YES on the Ryan Budget (Apr 2011) which included a Medicare voucher/choice (partial privatization) option and voted against expanding SCHIP. He supports repeal of ACA Medicaid expansion. This aligns with value 4 — partially privatize Medicare and reduce Medicaid coverage.,https://www.ontheissues.org/FL/Gus_Bilirakis.htm,https://en.wikipedia.org/wiki/Gus_Bilirakis,,,
Gus Bilirakis,,misinformation,4,"Bilirakis has called for prohibiting the return of the Fairness Doctrine (Jan 2009), voted NO on net neutrality regulation (Apr 2019), and supported retroactive immunity for telecom surveillance. His pattern reflects a strong free-speech/anti-government-regulation stance in media, aligning with value 4 — protect free speech online and prevent government censorship.",https://www.ontheissues.org/FL/Gus_Bilirakis.htm,,,,
Gus Bilirakis,,ai-regulation,2,"As chairman of the House Subcommittee on Innovation, Data, and Commerce in the 118th Congress, Bilirakis has focused on promoting innovation. He has historically opposed government regulatory mandates on technology (voted against net neutrality in 2019), favoring industry-led approaches. His subcommittee chairmanship and overall posture is consistent with value 2 — suggest AI safety guidelines but let companies choose whether to follow them.",https://en.wikipedia.org/wiki/Gus_Bilirakis,https://www.ontheissues.org/FL/Gus_Bilirakis.htm,,,
Gus Bilirakis,,childcare,4,Bilirakis voted NO on four weeks of paid parental leave for federal employees (Jun 2009) and aligns with Republican Study Committee positions favoring reduced government mandates and subsidies for childcare. His fiscal conservatism and opposition to federal benefit expansion aligns with value 4 — reducing regulations on childcare providers with limited subsidies only for the lowest-income families.,https://www.ontheissues.org/FL/Gus_Bilirakis.htm,,,,
Anna Paulina Luna,,abortion,5,"Luna calls herself a 'pro-life extremist' and her recorded Nov 2022 position on OnTheIssues states 'Abortion disallowed with no exceptions,' placing her at value 5. She has attributed her anti-abortion stance to a college experience and has been a consistent anti-abortion voice in Congress.",https://www.ontheissues.org/FL/Anna_Paulina_Luna.htm,https://en.wikipedia.org/wiki/Anna_Paulina_Luna,,,
Anna Paulina Luna,,civil-rights,5,Luna's Nov 2022 position states 'Oppose Critical Race Theory; racism is no threat' and she 'strongly opposes legally requiring hiring women and minorities.' This places her at value 5: eliminating affirmative action and all race-based government programs.,https://www.ontheissues.org/FL/Anna_Paulina_Luna.htm,,,,
Anna Paulina Luna,,climate-change,5,"Luna has a lifetime LCV score of 0% (2023–2025), voting against every tracked environmental measure. Her recorded position states 'environmental regulations cost jobs.' She has consistently voted against climate initiatives, clean energy incentives, and international climate efforts.",https://www.lcv.org/congressional-scorecard/moc/anna-paulina-luna,https://www.ontheissues.org/FL/Anna_Paulina_Luna.htm,,environmental regulations cost jobs,environmental regulations cost jobs
Anna Paulina Luna,,deportation,4,"Luna's recorded positions emphasize border security and requiring immigrants to 'pass background check and contribute to society,' paired with supporting 'counter trafficking efforts at the US-Mexico border.' This reflects a deport-everyone-without-legal-status approach prioritizing criminal records, consistent with value 4.",https://www.ontheissues.org/FL/Anna_Paulina_Luna.htm,https://en.wikipedia.org/wiki/Anna_Paulina_Luna,,,
Anna Paulina Luna,,fossil-fuels,5,"Luna's recorded position is 'Yes fracking; environmental regulations cost jobs' and 'American Oil from American Soil.' Her LCV score is 0% lifetime; she voted to reverse Arctic drilling protections, block fracking bans, and open public lands to energy extraction — consistent with value 5 (remove environmental restrictions and maximize fossil fuel extraction).",https://www.ontheissues.org/FL/Anna_Paulina_Luna.htm,https://www.lcv.org/congressional-scorecard/moc/anna-paulina-luna,,American Oil from American Soil,American Oil from American Soil
Anna Paulina Luna,,healthcare,4,"Luna identifies as a 'medical freedom' advocate and is 'against vaccine mandates,' opposing expansion of ObamaCare. Her Heritage Action score is 98%, reflecting consistent opposition to expanded government healthcare. This aligns with value 4: only help the poorest people afford healthcare and leave everyone else to employers and private insurance.",https://www.ontheissues.org/FL/Anna_Paulina_Luna.htm,https://en.wikipedia.org/wiki/Anna_Paulina_Luna,,For medical freedom and against vaccine mandates,For medical freedom and against vaccine mandates
Anna Paulina Luna,,immigration,4,"Luna's recorded Nov 2022 position: 'Pass background check and contribute to society' and strong border enforcement focus. Her 98% Heritage Action score reflects consistent support for restricting immigration and limiting public services to those with legal status, consistent with value 4.",https://www.ontheissues.org/FL/Anna_Paulina_Luna.htm,https://en.wikipedia.org/wiki/Anna_Paulina_Luna,,,
Anna Paulina Luna,,medicare/aid,4,Luna's 98% Heritage Action score and consistent opposition to expanding ACA and government healthcare programs aligns with value 4 (partially privatize Medicare and reduce Medicaid). No evidence of complete phase-out advocacy (value 5) was found in fetched sources.,https://www.ontheissues.org/FL/Anna_Paulina_Luna.htm,https://en.wikipedia.org/wiki/Anna_Paulina_Luna,,,
Anna Paulina Luna,,misinformation,4,"Luna supports FEC regulation of social media platforms but frames this as protecting conservatives from censorship rather than combating misinformation. She accused Twitter and the federal government of jointly censoring Americans in 2020. Her stance prioritizes free speech protection over government-mandated content moderation, consistent with value 4.",https://en.wikipedia.org/wiki/Anna_Paulina_Luna,,,,
Anna Paulina Luna,,religious-freedom,4,Luna's recorded Nov 2022 position states 'Religious Liberty is at risk; no laws about religion' and she is a consistent defender of religious freedom in line with her 98% Heritage Action score. This aligns with value 4: protect religious freedom and allow faith-based exemptions from laws that conflict with sincere religious beliefs.,https://www.ontheissues.org/FL/Anna_Paulina_Luna.htm,,,,
Anna Paulina Luna,,tariffs,4,"Luna's 'American Oil from American Soil' and America First economic positioning, combined with strong economic nationalism reflected in her 98% Heritage Action score, align with value 4: increasing tariffs on countries that don't trade fairly with America. She co-sponsored a credit card interest rate cap with AOC (2025), showing economic populism but not pure free-trade orientation.",https://www.ontheissues.org/FL/Anna_Paulina_Luna.htm,https://en.wikipedia.org/wiki/Anna_Paulina_Luna,,,
Anna Paulina Luna,,taxes,4,"Luna's Nov 2022 recorded position: 'Enhance tax cuts; reduce subsidy spending.' Her 98% Heritage Action score reflects consistent support for tax cuts and reduced government spending, consistent with value 4 (cut taxes for everyone and scale back public services).",https://www.ontheissues.org/FL/Anna_Paulina_Luna.htm,,,Enhance tax cuts; reduce subsidy spending,Enhance tax cuts; reduce subsidy spending
Anna Paulina Luna,,trans-athletes,4,"Luna opposes what she calls 'radical left-wing gender theory' in schools and maintains a 98% Heritage Action score, indicating consistent conservative voting on gender issues. Her strong social conservatism aligns with value 4: require transgender athletes to compete only on teams matching their biological sex assigned at birth.",https://en.wikipedia.org/wiki/Anna_Paulina_Luna,,,,
Anna Paulina Luna,,ukraine-support,5,"Luna co-sponsored H.Res.113 (Ukraine Fatigue Resolution) to suspend ALL U.S. foreign aid to Ukraine, voted against the $60 billion military aid package (April 2024), and met with Russian envoy Kirill Dmitriev in October 2025 advocating for 'peace and trade.' This is the clearest possible value 5: end all aid to Ukraine immediately.",https://en.wikipedia.org/wiki/Anna_Paulina_Luna,,,,
Anna Paulina Luna,,voting-rights,4,Luna's Nov 2022 recorded position: 'Voter ID should be MANDATORY.' Her 98% Heritage Action score supports strict voter ID requirements. This aligns with value 4: require photo ID for voting and regularly update voter rolls. No evidence found of calls to eliminate mail-in voting entirely (value 5).,https://www.ontheissues.org/FL/Anna_Paulina_Luna.htm,,,Voter ID should be MANDATORY,Voter ID should be MANDATORY
Kathy Castor,,abortion,2,"Castor is endorsed by NARAL Pro-Choice America and has stated support for safe, legal abortion without restrictions. She supports county funding for Planned Parenthood and affirmed the constitutional right to terminate pregnancy for health. Her record reflects keeping abortion legal and accessible, consistent with the second-trimester framework, without evidence of supporting full public funding at all stages.",https://www.ontheissues.org/FL/Kathy_Castor.htm,https://en.wikipedia.org/wiki/Kathy_Castor,,"Access safe, legal abortion without restrictions","Access safe, legal abortion without restrictions"
Kathy Castor,,campaign-finance,2,"Castor co-sponsored the DISCLOSE Act (independent expenditure disclosure), the Government By the People Act (6-to-1 public campaign financing matching), and voter voucher public financing. She supports banning congressional insider trading via the STOCK Act. Her record places her at strictly limiting corporate donations and dark money, not at a full ban on private money.",https://www.ontheissues.org/FL/Kathy_Castor_Government_Reform.htm,https://www.ontheissues.org/FL/Kathy_Castor.htm,,,
Kathy Castor,,childcare,2,"Castor voted YES on paid parental leave for federal employees (2009), signed legislation expanding free school meals, and has a consistent record supporting family assistance programs and expanding access for low- and middle-income families. Her broader progressive record on social spending aligns with significantly expanding childcare subsidies and provider grants.",https://www.ontheissues.org/FL/Kathy_Castor_Families_+_Children.htm,https://www.ontheissues.org/FL/Kathy_Castor.htm,,,
Kathy Castor,,civil-rights,2,"Castor co-sponsored the George Floyd Justice in Policing Act (2021) to strengthen police accountability, voted YES on ENDA multiple times (2007, 2009), co-sponsored the ERA, and backed hate crimes protections. Her record consistently supports strengthening civil rights enforcement and addressing systemic discrimination.",https://www.ontheissues.org/FL/Kathy_Castor_Civil_Rights.htm,https://en.wikipedia.org/wiki/Kathy_Castor,,"The march towards equality under the law for all of our citizens has sometimes been slow, but it has been steady.","The march towards equality under the law for all of our citizens has sometimes been slow, but it has been steady."
Kathy Castor,,climate-change,2,"Castor chaired the House Select Committee on Climate Crisis (2019–2023), conducting 120+ hearings. She supported a 50% clean electricity target by 2030, backed the Inflation Reduction Act's clean energy provisions, voted YES on enforcing CO2 pollution limits (2009), and opposed offshore drilling. Her leadership position and legislative record reflect rapid transition to renewable energy.",https://www.ontheissues.org/FL/Kathy_Castor_Energy_+_Oil.htm,https://en.wikipedia.org/wiki/Kathy_Castor,,"For the first time in the history of our country, we will put enforceable limits on global warming pollution","For the first time in the history of our country, we will put enforceable limits on global warming pollution"
Kathy Castor,,deportation,2,"Castor voted NAY on the anti-DACA amendment (2016), co-sponsored the American Dream Act allowing undocumented students to attend school, co-sponsored providing legal counsel to children in deportation proceedings, and backed pathway to citizenship for undocumented immigrants including through military service. Her record aligns with deporting only serious violent criminals while providing legal status to others.",https://www.ontheissues.org/FL/Kathy_Castor_Immigration.htm,https://www.ontheissues.org/FL/Kathy_Castor.htm,,,
Kathy Castor,,fossil-fuels,2,"Castor voted YES on banning offshore oil drilling in the Gulf of Mexico (2016), voted NO on opening the Outer Continental Shelf to drilling (2011), backed removing oil and gas exploration subsidies (2007), and voted NO on barring EPA from regulating greenhouse gases (2011). As chair of the House Select Committee on Climate Crisis, she has been among the most vocal advocates for stopping new fossil fuel permits.",https://www.ontheissues.org/FL/Kathy_Castor_Energy_+_Oil.htm,https://en.wikipedia.org/wiki/Kathy_Castor,,ending the unwarranted tax breaks & subsidies which have been lavished on Big Oil,ending the unwarranted tax breaks & subsidies which have been lavished on Big Oil
Kathy Castor,,healthcare,2,"Castor voted YES on the ACA, voted against full ACA repeal (2015), voted YES on Medicare expansion override (2008), opposed the Ryan Budget's Medicare changes (2011), supported Medicare prescription drug negotiation, and criticized Florida Republicans for refusing Medicaid expansion. Her record supports affordable coverage through a mix of public programs and regulated private insurance.",https://www.ontheissues.org/FL/Kathy_Castor_Health_Care.htm,https://www.ontheissues.org/FL/Kathy_Castor.htm,https://en.wikipedia.org/wiki/Kathy_Castor,,
Kathy Castor,,housing,2,"Castor voted YES on revitalizing severely distressed public housing (2008), YES on modifying bankruptcy rules to avoid foreclosures (2009), NO on terminating the Home Affordable Modification Program (2011), and YES on regulating the subprime mortgage industry (2007). She supports public housing investment and rent/affordability protections, aligning with publicly funding new housing and requiring affordable units.",https://www.ontheissues.org/FL/Kathy_Castor_Budget_+_Economy.htm,https://www.ontheissues.org/FL/Kathy_Castor.htm,,,
Kathy Castor,,immigration,2,"Castor voted YEA on the NO BAN Act (2021), co-sponsored the Fairness for High-Skilled Immigrants Act (2019) increasing visa caps, co-sponsored the American Dream Act, and supported DACA. She opposes religion-based immigration bans and backs legalizing undocumented immigrants. Her record aligns with keeping legal immigration open and allowing most residents to use public services.",https://www.ontheissues.org/FL/Kathy_Castor_Immigration.htm,https://www.ontheissues.org/FL/Kathy_Castor.htm,,,
Kathy Castor,,medicare/aid,2,"Castor earned a 100% rating from the Alliance for Retired Americans (pro-Trust Fund), was endorsed by the National Committee to Preserve Social Security and Medicare (2022), voted NO on the Ryan Budget's Medicare changes (2011), supported expanding Medicaid and SCHIP, and backed Medicare prescription drug price negotiation. Her record aligns with lowering the Medicare age and significantly expanding Medicaid.",https://www.ontheissues.org/FL/Kathy_Castor_Social_Security.htm,https://www.ontheissues.org/FL/Kathy_Castor_Health_Care.htm,https://www.ontheissues.org/FL/Kathy_Castor.htm,,
Kathy Castor,,redistricting,2,"Castor co-sponsored the For the People Act (H.R.1, 2021) requiring states to establish independent redistricting commissions for congressional redistricting. She described Florida's 2026 congressional map as a 'blatantly unconstitutional' partisan gerrymander, reflecting strong support for reform. The For the People Act's commission model with partisan balance aligns with value=2.",https://www.ontheissues.org/FL/Kathy_Castor_Government_Reform.htm,https://en.wikipedia.org/wiki/Kathy_Castor,,,
Kathy Castor,,religious-freedom,2,"Castor cast the sole vote against a county resolution barring recognition of gay pride events (2005), stating 'I think it's inappropriate for government to promote discrimination.' She voted YES on ENDA multiple times, protecting LGBTQ workers from employment discrimination. Her record supports religious freedom but not at the expense of anti-discrimination protections in employment and housing.",https://www.ontheissues.org/FL/Kathy_Castor_Civil_Rights.htm,https://en.wikipedia.org/wiki/Kathy_Castor,,I think it's inappropriate for government to promote discrimination.,I think it's inappropriate for government to promote discrimination.
Kathy Castor,,same-sex-marriage,2,"Castor signed the Respect for Marriage Act (2022) codifying same-sex marriage at the federal level, filed an amicus brief supporting the Supreme Court striking down DOMA Section 3 (2013), and welcomed the Obergefell decision (2015). The Respect for Marriage Act includes some religious-organization exemptions, placing her at value=2 (allow nationwide while protecting some organizations' right to decline participation).",https://www.ontheissues.org/FL/Kathy_Castor_Civil_Rights.htm,https://en.wikipedia.org/wiki/Kathy_Castor,,,
Kathy Castor,,school-vouchers,1,"Castor explicitly stated she opposes 'private and religious school voucher programs,' voted NO on the DC Opportunity Scholarship (vouchers, 2011), NO on the SOAR Act reauthorization (2015), and NO on the A-PLUS Block Grant Amendment (2015). She supports fully funding public schools and making community college free. Her record firmly places her at eliminating vouchers and fully funding public schools.",https://www.ontheissues.org/FL/Kathy_Castor_Education.htm,https://www.ontheissues.org/FL/Kathy_Castor.htm,,Oppose private and religious school voucher programs,Oppose private and religious school voucher programs
Kathy Castor,,social-security,2,"Castor earned a 100% rating from the Alliance for Retired Americans, was endorsed by the National Committee to Preserve Social Security and Medicare (2022), and consistently opposes privatization. Her record reflects support for modest benefit increases and maintaining program solvency by raising taxes on higher earners, consistent with value=2.",https://www.ontheissues.org/FL/Kathy_Castor_Social_Security.htm,https://www.ontheissues.org/FL/Kathy_Castor.htm,,,
Kathy Castor,,tariffs,2,"Castor voted YES on the Peru Trade Promotion Agreement (2007), YES on USMCA Implementation Act (2019), co-sponsored $25B Export-Import Bank expansion, and supported worker adjustment assistance for trade-displaced workers. She holds a 75% USA*Engage score supporting trade engagement over sanctions. Her record favors reducing most tariffs while retaining protections for workers and environmental concerns.",https://www.ontheissues.org/FL/Kathy_Castor_Free_Trade.htm,https://www.ontheissues.org/FL/Kathy_Castor.htm,,,
Kathy Castor,,taxes,1,"Castor co-sponsored the Paying a Fair Share Act (2012) imposing a minimum 30% tax rate on individuals earning over $1 million, voted YES on the $1.9 trillion American Rescue Plan (2021), voted NO on TCJA corporate tax cuts (2017), and supported closing offshore business tax loopholes. Her record consistently reflects significantly raising taxes on wealthy individuals and large corporations.",https://www.ontheissues.org/FL/Kathy_Castor_Tax_Reform.htm,https://www.ontheissues.org/FL/Kathy_Castor_Budget_+_Economy.htm,https://www.ontheissues.org/FL/Kathy_Castor.htm,,
Kathy Castor,,voting-rights,1,"Castor co-sponsored the Voter Empowerment Act (automatic voter registration for all citizens), co-sponsored the SIMPLE Voting Act (15-day early voting nationwide), co-sponsored the Voting Rights Amendment Act (opposing photo ID requirements as suppressive), and voted YES on the For the People Act of 2019. Her record places her at the most expansive end: automatic registration for all eligible citizens.",https://www.ontheissues.org/FL/Kathy_Castor_Government_Reform.htm,https://www.ontheissues.org/FL/Kathy_Castor.htm,,,
