link_id,politician_id,row_name,row_seat,external_id,stored_committee_name,official_committee_name,filer_area_code,cal_access_status,category,sub_category,controlling_candidate,sos_reports,action,reason
f20343cd-8915-442f-b30b-deeb430a477d,e30ddde5-a722-477b-837b-056fdc7e2d6b,Adrin Nazarian,Council Member,1457723,NAZARIAN FOR ASSEMBLY 2024; ADRIN,NAZARIAN FOR ASSEMBLY 2024; ADRIN,323,TERMINATED 06/30/2024,40002:CONTROLLED,0:N/A,ADRIN NAZARIAN,F460 x6,confirm,Cal-Access bulk export (2026-09-23): category CONTROLLED; controlling candidate ADRIN NAZARIAN (FILER_LINKS_CD / Form 460 cover); SOS e-filed reports F460 x6.
72eab27b-0fe4-4cb8-a30f-5156d13e608c,e30ddde5-a722-477b-837b-056fdc7e2d6b,Adrin Nazarian,Council Member,1453755,NAZARIAN FOR CITY COUNCIL 2024 - OFFICEHOLDER ACCOUNT; ADRIN,NAZARIAN FOR CITY COUNCIL 2024 - OFFICEHOLDER ACCOUNT; ADRIN,323,ACTIVE,40002:CONTROLLED,0:N/A,ADRIN NAZARIAN,F460 x12,confirm,Cal-Access bulk export (2026-09-23): category CONTROLLED; controlling candidate ADRIN NAZARIAN (FILER_LINKS_CD / Form 460 cover); SOS e-filed reports F460 x12.
9a460229-f070-4ec4-bd56-a722b4fcf8b9,e30ddde5-a722-477b-837b-056fdc7e2d6b,Adrin Nazarian,Council Member,1475315,NAZARIAN FOR CITY COUNCIL 2024 SPONSORED BY LOS ANGELES COUNTY FEDERATION OF LABOR AFL-CIO; WORKING FAMILIES IN SUPPORT OF ADRIN,NAZARIAN FOR CITY COUNCIL 2024 SPONSORED BY LOS ANGELES COUNTY FEDERATION OF LABOR AFL-CIO; WORKING FAMILIES IN SUPPORT OF ADRIN,213,TERMINATED 06/30/2025,0:N/A,40102:PRIMARILY FORMED CANDIDATE,,,dispute_pf,"Cal-Access category PRIMARILY FORMED CANDIDATE: an independent committee that supports or opposes this person, not a committee they control; its money is not their fundraising."
8823a46e-3268-431c-9dc6-a63f169643e2,e30ddde5-a722-477b-837b-056fdc7e2d6b,Adrin Nazarian,Council Member,1473037,"NAZARIAN FOR COUNCIL 2024: SPONSORED BY BIZFED PAC, A PROJECT OF THE LOS ANGELES COUNTY BUSINESS FEDERATION; GOOD JOBS AND SAFE NEIGHBORHOODS - ANGELENOS SUPPORTING ADRIN","NAZARIAN FOR COUNCIL 2024: SPONSORED BY BIZFED PAC, A PROJECT OF THE LOS ANGELES COUNTY BUSINESS FEDERATION; GOOD JOBS AND SAFE NEIGHBORHOODS - ANGELENOS SUPPORTING ADRIN",323,TERMINATED 12/26/2024,0:N/A,40102:PRIMARILY FORMED CANDIDATE,,,dispute_pf,"Cal-Access category PRIMARILY FORMED CANDIDATE: an independent committee that supports or opposes this person, not a committee they control; its money is not their fundraising."
bde22829-5502-4bed-aa34-360c0eb37d3f,e30ddde5-a722-477b-837b-056fdc7e2d6b,Adrin Nazarian,Council Member,1468736,NAZARIAN FOR STATE CONTROLLER 2030; ADRIN,NAZARIAN FOR STATE CONTROLLER 2030; ADRIN,323,ACTIVE,40002:CONTROLLED,0:N/A,ADRIN NAZARIAN,F460 x7,confirm,Cal-Access bulk export (2026-09-23): category CONTROLLED; controlling candidate ADRIN NAZARIAN (FILER_LINKS_CD / Form 460 cover); SOS e-filed reports F460 x7.
5bccd773-d2b9-46bb-b686-926320027311,ea803096-927f-41fe-98e1-deab56291810,Al Muratsuchi,Assembly Member,1318496,"MURATSUCHI FOR ASSEMBLY 2010, AL","MURATSUCHI FOR ASSEMBLY 2010, AL",310,TERMINATED 11/25/2009,40002:CONTROLLED,0:N/A,AL MURATSUCHI,,leave_no_sos_reports,"controlled by this person, but no SOS e-filed reports (files with a local filing officer): confirming would load no data and would show 'data pending' for ever"
914eeaec-2ce3-45ce-bab0-f2bc4b7b7bfb,ea803096-927f-41fe-98e1-deab56291810,Al Muratsuchi,Assembly Member,1320547,"MURATSUCHI FOR SCHOOL BOARD 2009, AL","MURATSUCHI FOR SCHOOL BOARD 2009, AL",310,TERMINATED 06/30/2010,40002:CONTROLLED,0:N/A,,,leave_no_sos_reports,"controlled by this person, but no SOS e-filed reports (files with a local filing officer): confirming would load no data and would show 'data pending' for ever"
67f17bd4-9468-44e1-87c5-a1ea3dbc9c70,ea803096-927f-41fe-98e1-deab56291810,Al Muratsuchi,Assembly Member,1478738,MURATSUCHI FOR SUPERINTENDENT OF PUBLIC INSTRUCTION 2026; AL,MURATSUCHI FOR SUPERINTENDENT OF PUBLIC INSTRUCTION 2026; AL,916,ACTIVE,40002:CONTROLLED,0:N/A,AL MURATSUCHI,"F460 x9, F497 x60",confirm,"Cal-Access bulk export (2026-09-23): category CONTROLLED; controlling candidate AL MURATSUCHI (FILER_LINKS_CD / Form 460 cover); SOS e-filed reports F460 x9, F497 x60."
8bbd2d19-abc1-4860-b675-c5e03e4a2686,ea803096-927f-41fe-98e1-deab56291810,Al Muratsuchi,Assembly Member,1277198,"MURATSUCHI, FRIENDS OF AL","MURATSUCHI, FRIENDS OF AL",310,TERMINATED 03/26/2007,40002:CONTROLLED,0:N/A,,,leave_no_sos_reports,"controlled by this person, but no SOS e-filed reports (files with a local filing officer): confirming would load no data and would show 'data pending' for ever"
b9c35ec4-b1aa-4777-ae12-d74b63f76bb0,5cf487ec-b383-466f-a5db-b01b607acd9c,Alejandra Avila,Mayor,1322299,"AVILA FOR CITY CLERK 2009, BALDWIN PARK FOR ALEJANDRA","AVILA CITY CLERK 2013, BALDWIN PARK FOR ALEJANDRA",626,TERMINATED 10/15/2015,40002:CONTROLLED,0:N/A,,,leave_no_sos_reports,"controlled by this person, but no SOS e-filed reports (files with a local filing officer): confirming would load no data and would show 'data pending' for ever"
e7a6b585-88e4-48f4-a668-826647d8ed26,5cf487ec-b383-466f-a5db-b01b607acd9c,Alejandra Avila,Mayor,1455242,AVILA FOR CITY COUNCIL 2022; ALEJANDRA,AVILA FOR CITY COUNCIL 2022; ALEJANDRA,626,TERMINATED 01/28/2025,40002:CONTROLLED,0:N/A,,,leave_no_sos_reports,"controlled by this person, but no SOS e-filed reports (files with a local filing officer): confirming would load no data and would show 'data pending' for ever"
34b63d2e-f372-4820-9d6c-893023eca1f4,1ef074ea-8237-48b9-b84d-8b165e790bbb,Ali Saleh,Mayor,1314653,"SALEH FOR CITY COUNCIL 2009, ALI","SALEH FOR CITY COUNCIL 2009, ALI",323,TERMINATED 07/21/2010,40002:CONTROLLED,0:N/A,,,leave_no_sos_reports,"controlled by this person, but no SOS e-filed reports (files with a local filing officer): confirming would load no data and would show 'data pending' for ever"
fd01c215-4d68-429a-a33a-2ed38fb3355c,218c0fc3-5992-464d-b78c-c4f11668f0be,Alicia Weintraub,Council Member,1336144,"WEINTRAUB FOR CALABASAS CITY COUNCIL 2011, ALICIA","WEINTRAUB FOR CALABASAS CITY COUNCIL 2011, ALICIA",818,TERMINATED 07/11/2011,40002:CONTROLLED,0:N/A,,,leave_no_sos_reports,"controlled by this person, but no SOS e-filed reports (files with a local filing officer): confirming would load no data and would show 'data pending' for ever"
9ecabc8e-c3f7-43f2-a5ed-985decda85b3,218c0fc3-5992-464d-b78c-c4f11668f0be,Alicia Weintraub,Council Member,1426393,WEINTRAUB FOR CALABASAS CITY COUNCIL 2020; ALICIA,WEINTRAUB FOR CALABASAS CITY COUNCIL 2020; ALICIA,818,TERMINATED 11/18/2020,40002:CONTROLLED,0:N/A,,,leave_no_sos_reports,"controlled by this person, but no SOS e-filed reports (files with a local filing officer): confirming would load no data and would show 'data pending' for ever"
1b248394-92a8-4e06-aa30-301fc59da398,84a73092-e2e4-4030-8b05-2113ec404df1,Alissa Roston,,1460582,ROSTON FOR CITY COUNCIL 2024; ALISSA,ROSTON FOR CITY COUNCIL 2024; ALISSA,213,TERMINATED 03/28/2024,40002:CONTROLLED,0:N/A,,,leave_no_sos_reports,"controlled by this person, but no SOS e-filed reports (files with a local filing officer): confirming would load no data and would show 'data pending' for ever"
3fb08c44-96e1-4d04-8a69-78eda0cbafdc,5b0b0edf-c2f2-4359-92d5-d245f8826111,Amy Thomas Howorth,Mayor,1363858,"HOWORTH FOR STATE SENATE 2014, AMY","HOWORTH FOR STATE SENATE 2014, AMY",562,TERMINATED 06/30/2018,40002:CONTROLLED,0:N/A,AMY HOWORTH,"F460 x14, F497 x40",confirm,"Cal-Access bulk export (2026-09-23): category CONTROLLED; controlling candidate AMY HOWORTH (FILER_LINKS_CD / Form 460 cover); SOS e-filed reports F460 x14, F497 x40."
354b398b-14e4-4c8e-b1e7-86f85e2d7c53,5b0b0edf-c2f2-4359-92d5-d245f8826111,Amy Thomas Howorth,Mayor,1336651,"HOWORTH TO MANHATTAN BEACH CITY COUNCIL 2011, COMMITTEE TO ELECT AMY","HOWORTH TO MANHATTAN BEACH CITY COUNCIL 2011, COMMITTEE TO ELECT AMY",310,TERMINATED 12/31/2013,40002:CONTROLLED,0:N/A,,,leave_no_sos_reports,"controlled by this person, but no SOS e-filed reports (files with a local filing officer): confirming would load no data and would show 'data pending' for ever"
aa284bfb-0242-41da-ae54-3344b977d683,5b0b0edf-c2f2-4359-92d5-d245f8826111,Amy Thomas Howorth,Mayor,1451138,HOWORTH TO MANHATTAN BEACH CITY COUNCIL 2022; COMMITTEE TO ELECT AMY,HOWORTH TO MANHATTAN BEACH CITY COUNCIL 2022; COMMITTEE TO ELECT AMY,424,TERMINATED 10/19/2024,40002:CONTROLLED,0:N/A,,,leave_no_sos_reports,"controlled by this person, but no SOS e-filed reports (files with a local filing officer): confirming would load no data and would show 'data pending' for ever"
a197574e-a21b-4438-9b2e-43cf732a5339,ba647863-25fb-4ccf-9cb0-5a1c912d1b27,Ana Valencia,Councilmember,1340884,"VALENCIA FOR ASSEMBLY 2012, ANA","VALENCIA FOR ASSEMBLY 2012, ANA",213,TERMINATED 12/31/2012,40002:CONTROLLED,0:N/A,ANA VALENCIA,F460 x3,confirm,Cal-Access bulk export (2026-09-23): category CONTROLLED; controlling candidate ANA VALENCIA (FILER_LINKS_CD / Form 460 cover); SOS e-filed reports F460 x3.
349d5d69-d9b5-4f48-bcb7-49d0f0606160,ba647863-25fb-4ccf-9cb0-5a1c912d1b27,Ana Valencia,Councilmember,1424358,"VALENCIA FOR NORWALK CITY COUNCIL, 2020; ANA",VALENCIA FOR NORWALK CITY COUNCIL 2024; ANA,213,ACTIVE,40002:CONTROLLED,0:N/A,Ana Valencia,F460 x4,confirm,Cal-Access bulk export (2026-09-23): category CONTROLLED; controlling candidate Ana Valencia (FILER_LINKS_CD / Form 460 cover); SOS e-filed reports F460 x4.
1df42322-9c96-43f6-9e68-1347fc0e9741,ba647863-25fb-4ccf-9cb0-5a1c912d1b27,Ana Valencia,Councilmember,1236722,"VALENCIA FOR SCHOOL BOARD 2018, ANA","VALENCIA FOR SCHOOL BOARD 2018, ANA",213,ACTIVE,40002:CONTROLLED,0:N/A,,,leave_no_sos_reports,"controlled by this person, but no SOS e-filed reports (files with a local filing officer): confirming would load no data and would show 'data pending' for ever"
1c916e0e-08bf-4c1e-98f1-7e6afb138506,ba647863-25fb-4ccf-9cb0-5a1c912d1b27,Ana Valencia,Councilmember,1293143,"VALENCIA, FRIENDS OF ANA","VALENCIA, FRIENDS OF ANA",213,TERMINATED 12/31/2012,40002:CONTROLLED,0:N/A,ANA VALENCIA,,leave_no_sos_reports,"controlled by this person, but no SOS e-filed reports (files with a local filing officer): confirming would load no data and would show 'data pending' for ever"
1050c4bc-9682-41e6-b8da-accc54f6010d,f2e91286-8dbc-477a-88be-458dffe774a2,Andrej Selivra,,1486172,ANDREJ A. SELIVRA,"SELIVRA, ANDREJ A.",213,ACTIVE,0:N/A,0:N/A,,,leave_filer_record,"a candidate filer record, not a committee: no contributions are filed under it"
f82c1949-072a-4467-b9da-0853ef78bd85,d2498737-1f26-493c-b724-3e9063ce18f1,Andrew C. Lara,Council Member,1429490,LARA FOR PICO RIVERA CITY COUNCIL 2020; ANDREW C.,LARA FOR PICO RIVERA CITY COUNCIL 2020; ANDREW C.,323,ACTIVE,40002:CONTROLLED,0:N/A,,,leave_no_sos_reports,"controlled by this person, but no SOS e-filed reports (files with a local filing officer): confirming would load no data and would show 'data pending' for ever"
85d6d287-f1e7-4023-b4f6-bebb7f692dcd,f34cded6-da16-4ce7-aed9-e5ef2b905108,Andrew Chou,Council Member (District 3),1407610,CHOU FOR DIAMOND BAR CITY COUNCIL 2018; ANDREW,CHOU FOR DIAMOND BAR CITY COUNCIL 2018; ANDREW,626,TERMINATED 08/16/2021,40002:CONTROLLED,0:N/A,,,leave_no_sos_reports,"controlled by this person, but no SOS e-filed reports (files with a local filing officer): confirming would load no data and would show 'data pending' for ever"
e4dd52aa-9162-4ac2-b39c-34c80e4ba123,35f41c8d-0460-45c7-9e8c-28be5c42fb56,Angie Jimenez,,1409768,"JIMENEZ FOR MONTEBELLO CITY COUNCIL 2018, ANGIE","JIMENEZ FOR MONTEBELLO CITY COUNCIL 2018, ANGIE",213,TERMINATED 12/31/2021,40002:CONTROLLED,0:N/A,,,leave_no_sos_reports,"controlled by this person, but no SOS e-filed reports (files with a local filing officer): confirming would load no data and would show 'data pending' for ever"
d9839f81-e71b-4f14-b7e1-89739e32b1ea,62fee96f-2c08-4623-9977-ec9f5ec50a84,Ankur Patel,,1487198,PATEL FOR SCHOOL BOARD 2026; ANKUR,PATEL FOR SCHOOL BOARD 2026; ANKUR,818,ACTIVE,40002:CONTROLLED,0:N/A,,,leave_no_sos_reports,"controlled by this person, but no SOS e-filed reports (files with a local filing officer): confirming would load no data and would show 'data pending' for ever"
2a5fd4b4-9e1a-4a52-8557-5fb0116d54ab,62fee96f-2c08-4623-9977-ec9f5ec50a84,Ankur Patel,,1400524,ANKUR PATEL,"PATEL, ANKUR",818,ACTIVE,0:N/A,0:N/A,PATEL FOR ASSEMBLY 2018; ANKUR; PATEL FOR STATE SUPERINTENDANT OF PUBLIC INSTRUCTION 2026; PATEL FOR ASSEMBLY 2018 SPECIAL; ANKUR,,leave_no_sos_reports,"controlled by this person, but no SOS e-filed reports (files with a local filing officer): confirming would load no data and would show 'data pending' for ever"
01f109f5-e8f9-4df6-8cc8-50e629961716,62fee96f-2c08-4623-9977-ec9f5ec50a84,Ankur Patel,,1487197,ANKUR PATEL,"PATEL, ANKUR",815,ACTIVE,0:N/A,0:N/A,,,leave_filer_record,"a candidate filer record, not a committee: no contributions are filed under it"
90e0223b-d888-40d6-bda6-d9a0749d5fc2,59ef70e5-6123-4c46-bc5b-66a4114ce2d2,Annette C. Delgadillo,Council Member,1446224,DELGADILLO FOR PARAMOUNT CITY COUNCIL 2022; ANNETTE C.,DELGADILLO FOR PARAMOUNT CITY COUNCIL 2022; ANNETTE C.,805,TERMINATED 08/06/2022,40002:CONTROLLED,0:N/A,,,leave_no_sos_reports,"controlled by this person, but no SOS e-filed reports (files with a local filing officer): confirming would load no data and would show 'data pending' for ever"
2e4605fc-d98f-4005-950b-870869170acb,59ef70e5-6123-4c46-bc5b-66a4114ce2d2,Annette C. Delgadillo,Council Member,1489014,DELGADILLO FOR PARAMOUNT CITY COUNCIL 2026; ANNETTE C.,DELGADILLO FOR PARAMOUNT CITY COUNCIL 2026; ANNETTE C.,805,ACTIVE,40002:CONTROLLED,0:N/A,,,leave_no_sos_reports,"controlled by this person, but no SOS e-filed reports (files with a local filing officer): confirming would load no data and would show 'data pending' for ever"
1a299f32-9619-42c3-a493-b0519daeac35,751a4678-0c36-443b-8ccb-30a52c94c494,Annette Rodriguez,Council Member,1486626,RODRIGUEZ FOR 2026 SANTA FE SPRINGS CITY COUNCIL; ANNETTE,RODRIGUEZ FOR 2026 SANTA FE SPRINGS CITY COUNCIL; ANNETTE,562,ACTIVE,40002:CONTROLLED,0:N/A,,,leave_no_sos_reports,"controlled by this person, but no SOS e-filed reports (files with a local filing officer): confirming would load no data and would show 'data pending' for ever"
85283ee0-3dce-468d-a462-04702d034d5e,751a4678-0c36-443b-8ccb-30a52c94c494,Annette Rodriguez,Council Member,1358906,"RODRIGUEZ TO CITY COUNCIL 2013, COMMITTEE TO ELECT ANNETTE","RODRIGUEZ TO CITY COUNCIL 2013, COMMITTEE TO ELECT ANNETTE",562,TERMINATED 11/06/2013,40002:CONTROLLED,0:N/A,,,leave_no_sos_reports,"controlled by this person, but no SOS e-filed reports (files with a local filing officer): confirming would load no data and would show 'data pending' for ever"
0bb38353-334b-49cd-b826-9e85ff8ea55a,751a4678-0c36-443b-8ccb-30a52c94c494,Annette Rodriguez,Council Member,1297484,"RODRIGUEZ, ANNETTE","RODRIGUEZ, ANNETTE",,ACTIVE,40002:CONTROLLED,0:N/A,,,leave_no_sos_reports,"controlled by this person, but no SOS e-filed reports (files with a local filing officer): confirming would load no data and would show 'data pending' for ever"
5db3605f-5191-4b41-af87-34bc1e4bab24,b5b95809-4511-4da4-b462-70af8a68f302,Antonio Villaraigosa,,1471635,VILLARAIGOSA FOR GOVERNOR 2026; ANTONIO,VILLARAIGOSA FOR GOVERNOR 2026; ANTONIO,916,ACTIVE,40002:CONTROLLED,0:N/A,ANTONIO R. VILLARAIGOSA; Antonio Villaraigosa,"F460 x10, F497 x285",confirm,"Cal-Access bulk export (2026-09-23): category CONTROLLED; controlling candidate ANTONIO R. VILLARAIGOSA; Antonio Villaraigosa (FILER_LINKS_CD / Form 460 cover); SOS e-filed reports F460 x10, F497 x285."
886bcf21-9844-4a7c-96ef-e68f12102a57,b5b95809-4511-4da4-b462-70af8a68f302,Antonio Villaraigosa,,1004202,ANTONIO R. VILLARAIGOSA,"VILLARAIGOSA, ANTONIO R.",310,ACTIVE,0:N/A,0:N/A,"ASSEMBLY VICTORY FUND '98; VILLARAIGOSA OFFICEHOLDER ACCOUNT, ASSEMBLY MEMBER ANTONIO; VILLARAIGOSA, COMMITTEE TO ELECT ANTONIO",,leave_filer_record,"a candidate filer record, not a committee: no contributions are filed under it"
5107208e-5106-4347-a818-4c5065908b6b,4d92b952-9cec-445e-8f09-239b82f16a88,April Verlato,,1377409,VERLATO CITY COUNCIL 2016; COMMITTEE TO ELECT APRIL,VERLATO CITY COUNCIL 2016; COMMITTEE TO ELECT APRIL,626,TERMINATED 03/09/2017,40002:CONTROLLED,0:N/A,,,leave_no_sos_reports,"controlled by this person, but no SOS e-filed reports (files with a local filing officer): confirming would load no data and would show 'data pending' for ever"
d95e3b9e-4438-434c-8b02-d57c1a2560d5,9b2e0e78-91b0-4e8a-882c-7660da792004,Ardy Kassakhian,Mayor,1424420,KASSAKHIAN FOR GLENDALE CITY COUNCIL 2020; SUPPORTING ARDY,KASSAKHIAN FOR GLENDALE CITY COUNCIL 2020; SUPPORTING ARDY,916,TERMINATED 06/30/2021,0:N/A,40102:PRIMARILY FORMED CANDIDATE,,,dispute_pf,"Cal-Access category PRIMARILY FORMED CANDIDATE: an independent committee that supports or opposes this person, not a committee they control; its money is not their fundraising."
15b025a8-2b2d-46e2-bbb6-123a33a884b3,9b2e0e78-91b0-4e8a-882c-7660da792004,Ardy Kassakhian,Mayor,1366018,"KASSAKHIAN FOR STATE ASSEMBLY 2016, ARDY","KASSAKHIAN FOR STATE ASSEMBLY 2016, ARDY",213,TERMINATED 12/31/2017,40002:CONTROLLED,0:N/A,ARDY KASSAKHIAN,"F460 x28, F497 x173",confirm,"Cal-Access bulk export (2026-09-23): category CONTROLLED; controlling candidate ARDY KASSAKHIAN (FILER_LINKS_CD / Form 460 cover); SOS e-filed reports F460 x28, F497 x173."
86af9c03-215f-4094-b29b-c27ac51934e5,b7dc60f1-7d9f-4ac8-abb1-a977ffd25d26,Armond Aghakhanian,Board Member (Trustee Area 5),1352285,"AGHAKHANIAN FOR SCHOOL BOARD 2013, ARMOND","AGHAKHANIAN FOR SCHOOL BOARD 2013, ARMOND",213,TERMINATED 06/30/2013,40002:CONTROLLED,0:N/A,,,leave_no_sos_reports,"controlled by this person, but no SOS e-filed reports (files with a local filing officer): confirming would load no data and would show 'data pending' for ever"
d6ef1da6-fa02-4563-87a9-14e6cf335de3,b7dc60f1-7d9f-4ac8-abb1-a977ffd25d26,Armond Aghakhanian,Board Member (Trustee Area 5),1373355,AGHAKHANIAN FOR SCHOOL BOARD 2015; DR. ARMOND,AGHAKHANIAN FOR SCHOOL BOARD 2015; DR. ARMOND,310,TERMINATED 06/25/2015,40002:CONTROLLED,0:N/A,,,leave_no_sos_reports,"controlled by this person, but no SOS e-filed reports (files with a local filing officer): confirming would load no data and would show 'data pending' for ever"
5925e2e0-6dc5-4dfa-826d-6d4c8c9d655c,f05ec762-9053-45a0-be1a-a4b173a06015,Asaad Alnajjar,,1479527,ALNAJJAR FOR LA MAYOR 2026; ASAAD,ALNAJJAR FOR LA MAYOR 2026; ASAAD,818,ACTIVE,40002:CONTROLLED,0:N/A,,,leave_no_sos_reports,"controlled by this person, but no SOS e-filed reports (files with a local filing officer): confirming would load no data and would show 'data pending' for ever"
add8c661-51b8-4985-bd68-382af2e9520d,9ac3ac10-0177-40fd-8887-72d90ed396ed,Asam Sheikh,Council Member,1379204,SHEIKH FOR TORRANCE CITY COUNCIL 2016; ASAM,SHEIKH FOR TORRANCE CITY COUNCIL 2016; ASAM,310,TERMINATED 08/01/2016,40002:CONTROLLED,0:N/A,,,leave_no_sos_reports,"controlled by this person, but no SOS e-filed reports (files with a local filing officer): confirming would load no data and would show 'data pending' for ever"
6fef7788-020c-4eb9-9597-2fe65076eb45,9ac3ac10-0177-40fd-8887-72d90ed396ed,Asam Sheikh,Council Member,1481579,SHEIKH FOR TORRANCE CITY COUNCIL DISTRICT 3 (2026); ASAM,SHEIKH FOR TORRANCE CITY COUNCIL DISTRICT 3 (2026); ASAM,310,ACTIVE,40002:CONTROLLED,0:N/A,,,leave_no_sos_reports,"controlled by this person, but no SOS e-filed reports (files with a local filing officer): confirming would load no data and would show 'data pending' for ever"
0379604c-2629-4712-9ba3-a9aee79587b5,9ac3ac10-0177-40fd-8887-72d90ed396ed,Asam Sheikh,Council Member,1437683,SHEIKH FOR TORRANCE CITY COUNCIL DISTRICT 3 2022; ASAM,SHEIKH FOR TORRANCE CITY COUNCIL DISTRICT 3 2022; ASAM,310,ACTIVE,40002:CONTROLLED,0:N/A,,,leave_no_sos_reports,"controlled by this person, but no SOS e-filed reports (files with a local filing officer): confirming would load no data and would show 'data pending' for ever"
aa83ce12-63b4-4df5-a8a1-b0ca7375a0a6,df0fdde7-448c-42fb-971d-8fd28c56ca0c,Ashley M. Brown,,1486188,BROWN FOR ASSEMBLY 2026; COMMITTEE TO ELECT ASHLEY,BROWN FOR ASSEMBLY 2026; COMMITTEE TO ELECT ASHLEY,323,ACTIVE,40002:CONTROLLED,0:N/A,ASHLEY BROWN,,leave_no_sos_reports,"controlled by this person, but no SOS e-filed reports (files with a local filing officer): confirming would load no data and would show 'data pending' for ever"
f38c9553-963b-4509-9e8c-a066961f4d29,df0fdde7-448c-42fb-971d-8fd28c56ca0c,Ashley M. Brown,,1486187,ASHLEY BROWN,"BROWN, ASHLEY",323,ACTIVE,0:N/A,0:N/A,,,leave_filer_record,"a candidate filer record, not a committee: no contributions are filed under it"
f33fc51c-1a9f-4412-9025-ad11bcd7cf9f,df0fdde7-448c-42fb-971d-8fd28c56ca0c,Ashley M. Brown,,1486224,ASHLEY BROWN,"BROWN, ASHLEY",323,ACTIVE,0:N/A,0:N/A,BROWN FOR ASSEMBLY 2026; COMMITTEE TO ELECT ASHLEY,,leave_no_sos_reports,"controlled by this person, but no SOS e-filed reports (files with a local filing officer): confirming would load no data and would show 'data pending' for ever"
0152950e-45fa-463b-b66d-ca40f96b0188,2b4b35a8-1498-46ad-aa9b-04650b454262,Aurelio Mattucci,Council Member,1356365,"MATTUCCI FOR CITY COUNCIL 2014, AURELIO","MATTUCCI FOR CITY COUNCIL 2014, AURELIO",310,TERMINATED 08/18/2014,40002:CONTROLLED,0:N/A,,,leave_no_sos_reports,"controlled by this person, but no SOS e-filed reports (files with a local filing officer): confirming would load no data and would show 'data pending' for ever"
cef68f49-27bc-4a22-8218-13e321460894,2b4b35a8-1498-46ad-aa9b-04650b454262,Aurelio Mattucci,Council Member,1395952,MATTUCCI FOR CITY COUNCIL 2018; AURELIO,MATTUCCI FOR CITY COUNCIL 2018; AURELIO,310,TERMINATED 06/30/2019,40002:CONTROLLED,0:N/A,,,leave_no_sos_reports,"controlled by this person, but no SOS e-filed reports (files with a local filing officer): confirming would load no data and would show 'data pending' for ever"
8e5ba02d-2055-4fdb-a10f-e70a2880b6ef,2b4b35a8-1498-46ad-aa9b-04650b454262,Aurelio Mattucci,Council Member,1436217,MATTUCCI FOR CITY COUNCIL 2022; AURELIO,MATTUCCI FOR CITY COUNCIL 2022; AURELIO,310,TERMINATED 12/08/2023,40002:CONTROLLED,0:N/A,,,leave_no_sos_reports,"controlled by this person, but no SOS e-filed reports (files with a local filing officer): confirming would load no data and would show 'data pending' for ever"
e935627e-3d9d-488a-bbe4-8ef4e46ffdce,475b846d-bce8-43e0-bac8-bd65d58d9c46,Austin Bishop,Council Member (District 1),1390244,BISHOP FOR PALMDALE CITY COUNCIL 2020; AUSTIN,BISHOP FOR PALMDALE CITY COUNCIL 2020; AUSTIN,661,TERMINATED 08/08/2024,40002:CONTROLLED,0:N/A,,,leave_no_sos_reports,"controlled by this person, but no SOS e-filed reports (files with a local filing officer): confirming would load no data and would show 'data pending' for ever"
97393d44-1b5b-4108-95e1-7df03da00a08,475b846d-bce8-43e0-bac8-bd65d58d9c46,Austin Bishop,Council Member (District 1),1470502,BISHOP FOR PALMDALE CITY COUNCIL 2024; AUSTIN,BISHOP FOR PALMDALE CITY COUNCIL 2024; AUSTIN,661,ACTIVE,40002:CONTROLLED,0:N/A,,,leave_no_sos_reports,"controlled by this person, but no SOS e-filed reports (files with a local filing officer): confirming would load no data and would show 'data pending' for ever"
abc36e29-aa85-4593-842e-900de2805452,61f64014-03c2-4b7c-86a2-d97db91dd2d7,Barbara Ferraro,Council Member,1420226,FERRARO FOR RANCHO PALOS VERDES CITY COUNCIL 2019; BARBARA,FERRARO FOR RANCHO PALOS VERDES CITY COUNCIL 2019; BARBARA,310,TERMINATED 12/04/2022,40002:CONTROLLED,0:N/A,,,leave_no_sos_reports,"controlled by this person, but no SOS e-filed reports (files with a local filing officer): confirming would load no data and would show 'data pending' for ever"
45b48b74-df1e-45f5-9619-c805a1c11fd4,61f64014-03c2-4b7c-86a2-d97db91dd2d7,Barbara Ferraro,Council Member,1451004,FERRARO FOR RANCHO PALOS VERDES CITY COUNCIL 2022; BARBARA,FERRARO FOR RANCHO PALOS VERDES CITY COUNCIL 2022; BARBARA,310,TERMINATED 12/31/2022,40002:CONTROLLED,0:N/A,,,leave_no_sos_reports,"controlled by this person, but no SOS e-filed reports (files with a local filing officer): confirming would load no data and would show 'data pending' for ever"
a534fe21-6f28-433f-8068-22a745cbdd4f,61f64014-03c2-4b7c-86a2-d97db91dd2d7,Barbara Ferraro,Council Member,1076643,"FERRARO FOR RANCHO PALOS VERDES CITY COUNCIL, BARBARA","FERRARO FOR RANCHO PALOS VERDES CITY COUNCIL, BARBARA",310,TERMINATED 01/15/2020,40002:CONTROLLED,0:N/A,,,leave_no_sos_reports,"controlled by this person, but no SOS e-filed reports (files with a local filing officer): confirming would load no data and would show 'data pending' for ever"
312eaedf-39c4-40a1-b49c-52cfa9ddd7c5,b943ec10-59a6-47b4-a3df-52b9747df53b,Barry Waite,Council Member,1431834,WAITE FOR LOMITA CITY COUNCIL 2024; BARRY,WAITE FOR LOMITA CITY COUNCIL 2024; BARRY,310,ACTIVE,40002:CONTROLLED,0:N/A,,,leave_no_sos_reports,"controlled by this person, but no SOS e-filed reports (files with a local filing officer): confirming would load no data and would show 'data pending' for ever"
fcd925ad-bfe7-4d01-81af-4d7971651f2a,d90648b6-f36e-4111-a361-ea34b34dd67d,Becky A. Shevlin,Mayor,1336334,"SHEVLIN FOR CITY COUNCIL 2011, BECKY A.","SHEVLIN FOR CITY COUNCIL 2011, BECKY A.",626,TERMINATED 12/31/2011,40002:CONTROLLED,0:N/A,,,leave_no_sos_reports,"controlled by this person, but no SOS e-filed reports (files with a local filing officer): confirming would load no data and would show 'data pending' for ever"
e5ad5471-0cf1-4b49-9292-ad376a995fa5,d90648b6-f36e-4111-a361-ea34b34dd67d,Becky A. Shevlin,Mayor,1314862,"SHEVLIN FOR CITY COUNCIL, BECKY","SHEVLIN FOR CITY COUNCIL, BECKY",626,TERMINATED 06/30/2009,40002:CONTROLLED,0:N/A,,,leave_no_sos_reports,"controlled by this person, but no SOS e-filed reports (files with a local filing officer): confirming would load no data and would show 'data pending' for ever"
15bc68dc-240e-47c8-a7d5-d75b8ff3ec39,3377a5d0-7e65-4e38-b5a1-d359c0a7f2ab,Bernadette Suarez,Council Member,1365102,"SUAREZ CITY CLERK 2014, COMMITTEE TO ELECT BERNADETTE","SUAREZ CITY CLERK 2014, COMMITTEE TO ELECT BERNADETTE",916,TERMINATED 06/30/2014,40002:CONTROLLED,0:N/A,,,leave_no_sos_reports,"controlled by this person, but no SOS e-filed reports (files with a local filing officer): confirming would load no data and would show 'data pending' for ever"
60fb7a69-58f7-4855-82d4-52873a1adbae,3377a5d0-7e65-4e38-b5a1-d359c0a7f2ab,Bernadette Suarez,Council Member,1409940,SUAREZ CITY COUNCIL 2018; COMMITTEE TO ELECT BERNADETTE,SUAREZ CITY COUNCIL 2018; COMMITTEE TO ELECT BERNADETTE,310,TERMINATED 08/01/2022,40002:CONTROLLED,0:N/A,,,leave_no_sos_reports,"controlled by this person, but no SOS e-filed reports (files with a local filing officer): confirming would load no data and would show 'data pending' for ever"
d235ae31-1335-4f33-845b-aca993cd4c15,3377a5d0-7e65-4e38-b5a1-d359c0a7f2ab,Bernadette Suarez,Council Member,1450131,SUAREZ FOR CITY COUNCIL 2022; BERNADETTE,SUAREZ FOR CITY COUNCIL 2022; BERNADETTE,310,ACTIVE,40002:CONTROLLED,0:N/A,,,leave_no_sos_reports,"controlled by this person, but no SOS e-filed reports (files with a local filing officer): confirming would load no data and would show 'data pending' for ever"
b1c70973-d6ab-4913-ac83-1c4f9ff998e6,c534692d-34fa-4bde-ae83-b27f7d2a6adc,Bill Uphoff,Council Member,1470988,UPHOFF FOR LOMITA CITY COUNCIL 2024; BILL,UPHOFF FOR LOMITA CITY COUNCIL 2024; BILL,310,TERMINATED 02/18/2025,40002:CONTROLLED,0:N/A,,,leave_no_sos_reports,"controlled by this person, but no SOS e-filed reports (files with a local filing officer): confirming would load no data and would show 'data pending' for ever"
bf29dbb2-5e13-4953-8fb1-31948d05784e,0379cbef-05d8-4fd7-ba51-92b7661a4bbc,Bob Blumenfield,Council Member,1313853,"BLUMENFIELD FOR ASSEMBLY 2010, BOB","BLUMENFIELD FOR ASSEMBLY 2010, BOB",323,TERMINATED 12/31/2010,40002:CONTROLLED,0:N/A,BOB BLUMENFIELD,"F460 x10, F497 x80",confirm,"Cal-Access bulk export (2026-09-23): category CONTROLLED; controlling candidate BOB BLUMENFIELD (FILER_LINKS_CD / Form 460 cover); SOS e-filed reports F460 x10, F497 x80."
e40f672c-79c4-4d7e-a0fd-e72e7d00a081,0379cbef-05d8-4fd7-ba51-92b7661a4bbc,Bob Blumenfield,Council Member,1354204,"BLUMENFIELD FOR ASSEMBLY 2012 - OFFICEHOLDER ACCOUNT, BOB","BLUMENFIELD FOR ASSEMBLY 2012 - OFFICEHOLDER ACCOUNT, BOB",323,TERMINATED 09/30/2013,40002:CONTROLLED,0:N/A,Bob Blumenfield,F460 x2,confirm,Cal-Access bulk export (2026-09-23): category CONTROLLED; controlling candidate Bob Blumenfield (FILER_LINKS_CD / Form 460 cover); SOS e-filed reports F460 x2.
0a0b6b74-7a8a-428e-92d4-3c1dcb74979b,0379cbef-05d8-4fd7-ba51-92b7661a4bbc,Bob Blumenfield,Council Member,1294888,"BLUMENFIELD FOR ASSEMBLY, BOB","BLUMENFIELD FOR ASSEMBLY, BOB",323,TERMINATED 06/30/2009,40002:CONTROLLED,0:N/A,BOB BLUMENFIELD,"F460 x10, F497 x71",confirm,"Cal-Access bulk export (2026-09-23): category CONTROLLED; controlling candidate BOB BLUMENFIELD (FILER_LINKS_CD / Form 460 cover); SOS e-filed reports F460 x10, F497 x71."
22eb1420-b957-41d2-9247-08cef321a38f,0379cbef-05d8-4fd7-ba51-92b7661a4bbc,Bob Blumenfield,Council Member,1358999,"BLUMENFIELD FOR CITY COUNCIL 2013 OFFICEHOLDER ACCOUNT, BOB","BLUMENFIELD FOR CITY COUNCIL 2013 OFFICEHOLDER ACCOUNT, BOB",323,ACTIVE,40002:CONTROLLED,0:N/A,BOB BLUMENFIELD,F460 x9,confirm,Cal-Access bulk export (2026-09-23): category CONTROLLED; controlling candidate BOB BLUMENFIELD (FILER_LINKS_CD / Form 460 cover); SOS e-filed reports F460 x9.
369325a3-519c-4b9c-8c90-f31ef9ec41c6,0379cbef-05d8-4fd7-ba51-92b7661a4bbc,Bob Blumenfield,Council Member,1349095,"BLUMENFIELD FOR CITY COUNCIL 2013, BOB","BLUMENFIELD FOR CITY COUNCIL 2013, BOB",323,TERMINATED 12/31/2013,40002:CONTROLLED,0:N/A,BOB BLUMENFIELD,F460 x7,confirm,Cal-Access bulk export (2026-09-23): category CONTROLLED; controlling candidate BOB BLUMENFIELD (FILER_LINKS_CD / Form 460 cover); SOS e-filed reports F460 x7.
1e1dd95e-d92c-4f90-aa46-8c5172dcc1f0,0379cbef-05d8-4fd7-ba51-92b7661a4bbc,Bob Blumenfield,Council Member,1379872,BLUMENFIELD FOR CITY COUNCIL 2017; BOB,BLUMENFIELD FOR CITY COUNCIL 2017; BOB,323,TERMINATED 06/30/2017,40002:CONTROLLED,0:N/A,,,leave_no_sos_reports,"controlled by this person, but no SOS e-filed reports (files with a local filing officer): confirming would load no data and would show 'data pending' for ever"
a6625af6-123e-46ab-936d-f5498dc48831,0379cbef-05d8-4fd7-ba51-92b7661a4bbc,Bob Blumenfield,Council Member,1436172,BLUMENFIELD FOR CITY COUNCIL 2022; BOB,BLUMENFIELD FOR CITY COUNCIL 2022; BOB,323,TERMINATED 02/16/2023,40002:CONTROLLED,0:N/A,,,leave_no_sos_reports,"controlled by this person, but no SOS e-filed reports (files with a local filing officer): confirming would load no data and would show 'data pending' for ever"
aeabb816-4263-4771-b133-1cc14e6164f6,0379cbef-05d8-4fd7-ba51-92b7661a4bbc,Bob Blumenfield,Council Member,1483728,BLUMENFIELD FOR SENATE 2028; BOB,BLUMENFIELD FOR SENATE 2028; BOB,323,ACTIVE,40002:CONTROLLED,0:N/A,BOB BLUMENFIELD,"F460 x2, F497 x1",confirm,"Cal-Access bulk export (2026-09-23): category CONTROLLED; controlling candidate BOB BLUMENFIELD (FILER_LINKS_CD / Form 460 cover); SOS e-filed reports F460 x2, F497 x1."
5517f544-088b-4113-974f-38d70146ef4d,d304c0d7-f0ad-49fd-8252-87e86ca93c53,Bob Jensen,Board Member (Trustee Area 2),1280442,JENSEN FOR HART SCHOOL BOARD 2022; COMMITTEE TO ELECT BOB,JENSEN FOR HART SCHOOL BOARD 2022; COMMITTEE TO ELECT BOB,661,ACTIVE,40002:CONTROLLED,0:N/A,,,leave_no_sos_reports,"controlled by this person, but no SOS e-filed reports (files with a local filing officer): confirming would load no data and would show 'data pending' for ever"
87c97050-e7ce-4685-85f0-30d45990c61c,b9dba9c1-ce70-4dd6-8665-13e5a6b177b4,Brad Halpern,Council Member,1451421,HALPERN FOR WLV CITY COUNCIL 2022; BRAD,HALPERN FOR WLV CITY COUNCIL 2022; BRAD,818,TERMINATED 12/29/2022,40002:CONTROLLED,0:N/A,,,leave_no_sos_reports,"controlled by this person, but no SOS e-filed reports (files with a local filing officer): confirming would load no data and would show 'data pending' for ever"
8ba0a29f-8868-47ab-aa01-7068d396fb42,96c77e2b-df35-4d56-a573-8bc0c15a142d,Brad Sherman,Representative,1060089,"SHERMAN 1994 STATE COMMITTEE, THE BRAD","SHERMAN 1994 STATE COMMITTEE, THE BRAD",213,TERMINATED 01/08/2003,40002:CONTROLLED,0:N/A,"SHERMAN, BRAD",,leave_no_sos_reports,"controlled by this person, but no SOS e-filed reports (files with a local filing officer): confirming would load no data and would show 'data pending' for ever"
7572ff78-a2c6-4894-a553-ff24302fd14c,96c77e2b-df35-4d56-a573-8bc0c15a142d,Brad Sherman,Representative,1048226,"SHERMAN, FRIENDS OF BRAD","SHERMAN, FRIENDS OF BRAD",213,TERMINATED 01/28/2005,40002:CONTROLLED,0:N/A,"SHERMAN, BRAD",,leave_no_sos_reports,"controlled by this person, but no SOS e-filed reports (files with a local filing officer): confirming would load no data and would show 'data pending' for ever"
ca2cd737-3fca-46ae-92c8-f0242c9fa958,c80e1343-70e4-4371-ade4-40f276dd3e25,Brian Bergman,Council Member,1353908,"BERGMAN FOR COUNCIL 2013, BRIAN","BERGMAN FOR COUNCIL 2013, BRIAN",562,ACTIVE,40002:CONTROLLED,0:N/A,,,leave_no_sos_reports,"controlled by this person, but no SOS e-filed reports (files with a local filing officer): confirming would load no data and would show 'data pending' for ever"
82d70115-f4b8-4f49-a811-c4013e505851,c80e1343-70e4-4371-ade4-40f276dd3e25,Brian Bergman,Council Member,1273504,"BERGMAN, COMMITTEE TO ELECT BRIAN","BERGMAN, COMMITTEE TO ELECT BRIAN",562,TERMINATED 06/30/2005,40002:CONTROLLED,0:N/A,,,leave_no_sos_reports,"controlled by this person, but no SOS e-filed reports (files with a local filing officer): confirming would load no data and would show 'data pending' for ever"
22f4e6b8-ac77-4f90-9229-66f1620cf0ff,c80e1343-70e4-4371-ade4-40f276dd3e25,Brian Bergman,Council Member,1314260,"BERGMAN, COMMITTEE TO ELECT BRIAN","BERGMAN, COMMITTEE TO ELECT BRIAN",562,TERMINATED 07/31/2009,40002:CONTROLLED,0:N/A,,,leave_no_sos_reports,"controlled by this person, but no SOS e-filed reports (files with a local filing officer): confirming would load no data and would show 'data pending' for ever"
28213440-d2ac-4d64-81b8-72c17a976fe2,22fc2cdc-2f51-4d81-8814-4b54b2bc6582,Brian Gutierrez,Council Member (District 1),1323176,"GUTIERREZ FOR ASSEMBLY 2010, BRIAN A.","GUTIERREZ FOR ASSEMBLY 2010, BRIAN A.",626,TERMINATED 05/23/2010,40002:CONTROLLED,0:N/A,BRIAN A. GUTIERREZ,,leave_no_sos_reports,"controlled by this person, but no SOS e-filed reports (files with a local filing officer): confirming would load no data and would show 'data pending' for ever"
58a7e724-dc30-46da-b258-f90414d97e37,22fc2cdc-2f51-4d81-8814-4b54b2bc6582,Brian Gutierrez,Council Member (District 1),1379095,GUTIERREZ FOR WEST COVINA CITY COUNCIL 2015; BRIAN,GUTIERREZ FOR WEST COVINA CITY COUNCIL 2015; BRIAN,213,TERMINATED 12/31/2016,40002:CONTROLLED,0:N/A,,,leave_no_sos_reports,"controlled by this person, but no SOS e-filed reports (files with a local filing officer): confirming would load no data and would show 'data pending' for ever"
c2bdc51e-b433-4b8e-8890-67fe9f824b5d,22fc2cdc-2f51-4d81-8814-4b54b2bc6582,Brian Gutierrez,Council Member (District 1),1429327,GUTIERREZ FOR WEST COVINA CITY COUNCIL 2020; BRIAN,GUTIERREZ FOR WEST COVINA CITY COUNCIL 2020; BRIAN,213,TERMINATED 12/31/2020,40002:CONTROLLED,0:N/A,,,leave_no_sos_reports,"controlled by this person, but no SOS e-filed reports (files with a local filing officer): confirming would load no data and would show 'data pending' for ever"
e53d96ff-76bb-4719-9cc6-55723394e720,5368e8cf-ca20-40b3-9709-094be3a2f5e4,Britt Huff,Council Member,1361397,"HUFF 2013 FOR R.H.E. COUNCIL, COMMITTEE TO ELECT BRITT","HUFF 2013 FOR R.H.E. COUNCIL, COMMITTEE TO ELECT BRITT",310,TERMINATED 12/11/2013,40002:CONTROLLED,0:N/A,,,leave_no_sos_reports,"controlled by this person, but no SOS e-filed reports (files with a local filing officer): confirming would load no data and would show 'data pending' for ever"
b3074935-3bbc-40d7-a002-701dae388e8d,5368e8cf-ca20-40b3-9709-094be3a2f5e4,Britt Huff,Council Member,1406355,HUFF FOR CITY COUNCIL 2018; COMMITTEE TO ELECT BRITT,HUFF FOR CITY COUNCIL 2018; COMMITTEE TO ELECT BRITT,310,TERMINATED 12/21/2018,40002:CONTROLLED,0:N/A,,,leave_no_sos_reports,"controlled by this person, but no SOS e-filed reports (files with a local filing officer): confirming would load no data and would show 'data pending' for ever"
03879ada-ce34-43a4-86bf-7dfc0c1f4358,ac0d1a12-af8e-4464-9cb7-4ed2b549cbbe,Bryant Acosta,,1485313,BRYANT ACOSTA,"ACOSTA, BRYANT",323,ACTIVE,0:N/A,0:N/A,,,leave_filer_record,"a candidate filer record, not a committee: no contributions are filed under it"
daf08a77-fdeb-4541-8c5c-7fd5b5e2b475,4baa73c2-d38b-4d07-894f-1577d5ba43a3,Caroline Menjivar,Senator,1455274,MENJIVAR FOR SENATE 2022; CALIFORNIANS ALLIED TO SUPPORT CAROLINE,MENJIVAR FOR SENATE 2022; CALIFORNIANS ALLIED TO SUPPORT CAROLINE,510,TERMINATED 12/31/2022,0:N/A,40102:PRIMARILY FORMED CANDIDATE,Caroline Menjivar; Daniel Hertzberg,"F460 x3, F497 x7",dispute_pf,"Cal-Access category PRIMARILY FORMED CANDIDATE: an independent committee that supports or opposes this person, not a committee they control; its money is not their fundraising."
874b84b4-c739-4917-940c-d9e8be306d85,0314141a-3444-4382-a9ae-84394bbd486f,Caroline Torosis,Council Member,1389120,TOROSIS FOR RENT CONTROL BOARD 2016; CAROLINE,TOROSIS FOR RENT CONTROL BOARD 2016; CAROLINE,650,ACTIVE,40002:CONTROLLED,0:N/A,,,leave_no_sos_reports,"controlled by this person, but no SOS e-filed reports (files with a local filing officer): confirming would load no data and would show 'data pending' for ever"
7b5c9f92-9896-4c58-9bad-5ab1a9761cd9,32a054c8-990a-4cad-a7d4-86964b42b402,Cesar A. Garcia,Council Member (District 6),1452511,GARCIA CAMPAIGN FOR DUARTE CITY COUNCIL 2022; CESAR A.,GARCIA CAMPAIGN FOR DUARTE CITY COUNCIL 2022; CESAR A.,626,ACTIVE,40002:CONTROLLED,0:N/A,,,leave_no_sos_reports,"controlled by this person, but no SOS e-filed reports (files with a local filing officer): confirming would load no data and would show 'data pending' for ever"
96d00760-a305-439d-a0a0-852f1632744f,f4d09579-b7bd-480b-8b8f-3b6c08acaab3,Chris Anstead,Council Member,1359777,"ANSTEAD FOR CITY COUNCIL 2013, CHRIS","ANSTEAD FOR CITY COUNCIL 2013, CHRIS",818,TERMINATED 01/31/2014,40002:CONTROLLED,0:N/A,,,leave_no_sos_reports,"controlled by this person, but no SOS e-filed reports (files with a local filing officer): confirming would load no data and would show 'data pending' for ever"
8c5a4c8d-f5e8-4ccc-8eb4-9ae30430da07,f4d09579-b7bd-480b-8b8f-3b6c08acaab3,Chris Anstead,Council Member,1406448,ANSTEAD FOR CITY COUNCIL 2018; COMMITTEE TO ELECT CHRIS,ANSTEAD FOR CITY COUNCIL 2018; COMMITTEE TO ELECT CHRIS,818,TERMINATED 12/31/2018,40002:CONTROLLED,0:N/A,,,leave_no_sos_reports,"controlled by this person, but no SOS e-filed reports (files with a local filing officer): confirming would load no data and would show 'data pending' for ever"
b10cbb39-fa3e-4967-a682-2e0660ac38f8,f4d09579-b7bd-480b-8b8f-3b6c08acaab3,Chris Anstead,Council Member,1455662,ANSTEAD FOR CITY COUNCIL 2022; COMMITTEE TO REELECT CHRIS,ANSTEAD FOR CITY COUNCIL 2022; COMMITTEE TO REELECT CHRIS,818,ACTIVE,40002:CONTROLLED,0:N/A,,,leave_no_sos_reports,"controlled by this person, but no SOS e-filed reports (files with a local filing officer): confirming would load no data and would show 'data pending' for ever"
a1ab4630-db23-49c8-915d-61e2cac03fc6,2d47a965-81a2-4508-865c-06d45bf6ff42,Christine Parra,,1430482,PARRA RUNNING FOR SANTA MONICA CITY COUNCIL 2020; CHRISTINE,PARRA RUNNING FOR SANTA MONICA CITY COUNCIL 2020; CHRISTINE,310,TERMINATED 04/03/2025,40002:CONTROLLED,0:N/A,,,leave_no_sos_reports,"controlled by this person, but no SOS e-filed reports (files with a local filing officer): confirming would load no data and would show 'data pending' for ever"
e85546e9-7758-4f8f-bd09-636b873c6113,a83a63a8-3e0f-4a2e-9226-8c0cd26a1349,Christopher John Rizzotti,Council Member,1371051,"RIZZOTTI TO BURBANK CITY COUNCIL 2015, ELECT CHRISTOPHER JOHN","RIZZOTTI TO BURBANK CITY COUNCIL 2015, ELECT CHRISTOPHER JOHN",818,TERMINATED 06/08/2015,40002:CONTROLLED,0:N/A,,,leave_no_sos_reports,"controlled by this person, but no SOS e-filed reports (files with a local filing officer): confirming would load no data and would show 'data pending' for ever"
0cf3c709-0572-4dbc-a4a4-73e1eda7b98c,a83a63a8-3e0f-4a2e-9226-8c0cd26a1349,Christopher John Rizzotti,Council Member,1474164,"WILKE AND CHRIS RIZZOTTI FOR CITY COUNCIL 2024, SPONSORED BY BIZFED PAC, A PROJECT OF LOS ANGELES COUNTY BUSINESS FEDERATION; BURBANK NEIGHBORS UNITED SUPPORTING JUDIE","WILKE AND CHRIS RIZZOTTI FOR CITY COUNCIL 2024, SPONSORED BY BIZFED PAC, A PROJECT OF LOS ANGELES COUNTY BUSINESS FEDERATION; BURBANK NEIGHBORS UNITED SUPPORTING JUDIE",323,TERMINATED 12/27/2024,0:N/A,40102:PRIMARILY FORMED CANDIDATE,,,dispute_pf,"Cal-Access category PRIMARILY FORMED CANDIDATE: an independent committee that supports or opposes this person, not a committee they control; its money is not their fundraising."
8e125125-1c5c-4f4d-b12a-d4717e1443f5,f034f7ef-2aef-43fa-8d06-1f6902705dc4,Cindy Galvan,Council Member (District 5),1467786,GALVAN FOR EL MONTE CITY COUNCIL DISTRICT 5 2024; CINDY,GALVAN FOR EL MONTE CITY COUNCIL DISTRICT 5 2028; CINDY,213,ACTIVE,40002:CONTROLLED,0:N/A,,,leave_no_sos_reports,"controlled by this person, but no SOS e-filed reports (files with a local filing officer): confirming would load no data and would show 'data pending' for ever"
b7ab0707-4317-425b-9c8c-5ba6f91ecf30,4967617f-5919-4816-8661-a675f05e8b66,Claudia M. Frometa,Mayor,1406705,FROMETA FOR DOWNEY CITY COUNCIL 2018; CLAUDIA,FROMETA FOR DOWNEY CITY COUNCIL 2018; CLAUDIA,562,TERMINATED 08/01/2021,40002:CONTROLLED,0:N/A,,,leave_no_sos_reports,"controlled by this person, but no SOS e-filed reports (files with a local filing officer): confirming would load no data and would show 'data pending' for ever"
501157c7-c376-47f8-99fc-60128fc901f4,4967617f-5919-4816-8661-a675f05e8b66,Claudia M. Frometa,Mayor,1449968,FROMETA FOR DOWNEY COUNCIL DISTRICT 4 2022; CLAUDIA,FROMETA FOR DOWNEY COUNCIL DISTRICT 4 2022; CLAUDIA,562,TERMINATED 01/31/2024,40002:CONTROLLED,0:N/A,,,leave_no_sos_reports,"controlled by this person, but no SOS e-filed reports (files with a local filing officer): confirming would load no data and would show 'data pending' for ever"
30f6dea6-58bb-4024-af9d-3604161a31ea,1d731710-7e7e-4685-ade7-f34bce70c088,Colter Carlisle,,1483691,COLTER CARLISLE,"CARLISLE, COLTER",310,ACTIVE,0:N/A,0:N/A,,,leave_filer_record,"a candidate filer record, not a committee: no contributions are filed under it"
f6db9ecf-1e58-44bf-a064-1e354d8f2670,556e4303-9d45-4540-8bba-617da6641bfe,Corey Calaycay,Council Member (District 1),1272663,"CALAYCAY, COMMITTEE TO ELECT COREY","CALAYCAY 2013, COMMITTEE TO ELECT COREY",909,TERMINATED 06/30/2013,40002:CONTROLLED,0:N/A,COREY L. CALAYCAY; Corey Calaycay,F460 x3,confirm,Cal-Access bulk export (2026-09-23): category CONTROLLED; controlling candidate COREY L. CALAYCAY; Corey Calaycay (FILER_LINKS_CD / Form 460 cover); SOS e-filed reports F460 x3.
212b2639-309f-4d21-b6f5-d2db0fcdd6ea,556e4303-9d45-4540-8bba-617da6641bfe,Corey Calaycay,Council Member (District 1),1390392,CALAYCAY CLAREMONT CITY COUNCIL 2017; COREY,CALAYCAY CLAREMONT CITY COUNCIL 2017; COREY,909,TERMINATED 04/12/2017,40002:CONTROLLED,0:N/A,,,leave_no_sos_reports,"controlled by this person, but no SOS e-filed reports (files with a local filing officer): confirming would load no data and would show 'data pending' for ever"
0ce225fd-48b7-4eaf-8442-f85365aa8692,556e4303-9d45-4540-8bba-617da6641bfe,Corey Calaycay,Council Member (District 1),1425517,CALAYCAY FOR CLAREMONT CITY COUNCIL 2020; COREY,CALAYCAY FOR CLAREMONT CITY COUNCIL 2020; COREY,909,TERMINATED 12/31/2020,40002:CONTROLLED,0:N/A,,,leave_no_sos_reports,"controlled by this person, but no SOS e-filed reports (files with a local filing officer): confirming would load no data and would show 'data pending' for ever"
10b16d7e-d218-4dcc-b6b9-ae355c2fa9f0,2d5e46ab-9fd7-4545-9545-b46c7780a070,Cynthia Sternquist,Mayor,1368185,STERNQUIST FOR CITY COUNCIL 2024; CYNTHIA,STERNQUIST FOR CITY COUNCIL 2024; CYNTHIA,626,ACTIVE,40002:CONTROLLED,0:N/A,,,leave_no_sos_reports,"controlled by this person, but no SOS e-filed reports (files with a local filing officer): confirming would load no data and would show 'data pending' for ever"
c4acef2c-815e-4105-b077-6bea16526a7c,2d5e46ab-9fd7-4545-9545-b46c7780a070,Cynthia Sternquist,Mayor,1333744,"STERNQUIST TO CITY COUNCIL 2011, COMMITTEE TO ELECT CYNTHIA","STERNQUIST TO CITY COUNCIL 2011, COMMITTEE TO ELECT CYNTHIA",626,TERMINATED 12/31/2011,40002:CONTROLLED,0:N/A,,,leave_no_sos_reports,"controlled by this person, but no SOS e-filed reports (files with a local filing officer): confirming would load no data and would show 'data pending' for ever"
13808be8-68fe-43b0-866d-b993bbeaed90,2d5e46ab-9fd7-4545-9545-b46c7780a070,Cynthia Sternquist,Mayor,1293645,"STERNQUIST, COMMITTEE TO ELECT CYNTHIA","STERNQUIST, COMMITTEE TO ELECT CYNTHIA",626,TERMINATED 01/31/2008,40002:CONTROLLED,0:N/A,,,leave_no_sos_reports,"controlled by this person, but no SOS e-filed reports (files with a local filing officer): confirming would load no data and would show 'data pending' for ever"
9b1de69f-eb37-458f-8b44-43998d18eedf,3e7cf8cb-c295-4db2-b0c7-c7abdf77a988,Daisy Lomelí,Council Member,1429436,LOMELI FOR CUDAHY CITY COUNCIL 2020; DAISY,LOMELI FOR CUDAHY CITY COUNCIL 2020; DAISY,442,TERMINATED 12/31/2024,40002:CONTROLLED,0:N/A,,,leave_no_sos_reports,"controlled by this person, but no SOS e-filed reports (files with a local filing officer): confirming would load no data and would show 'data pending' for ever"
787441e6-6110-4aea-ae4e-f3c14d8cafa9,3e7cf8cb-c295-4db2-b0c7-c7abdf77a988,Daisy Lomelí,Council Member,1470863,LOMELI FOR CUDAHY CITY COUNCIL 2024; DAISY,LOMELI FOR CUDAHY CITY COUNCIL 2024; DAISY,442,ACTIVE,40002:CONTROLLED,0:N/A,,,leave_no_sos_reports,"controlled by this person, but no SOS e-filed reports (files with a local filing officer): confirming would load no data and would show 'data pending' for ever"
20187dda-2ab2-4294-bdbe-1fc8315b4a1e,9db24324-3d82-4c2b-8404-078a53708447,Daniel Brotman,Councilmember,1419316,BROTMAN FOR CITY COUNCIL 2020; DAN,BROTMAN FOR CITY COUNCIL 2020; DAN,213,TERMINATED 12/14/2021,40002:CONTROLLED,0:N/A,,,leave_no_sos_reports,"controlled by this person, but no SOS e-filed reports (files with a local filing officer): confirming would load no data and would show 'data pending' for ever"
bec5c36d-b0d3-4b9d-a24a-968b40cb817d,296d94c3-756b-466a-9971-24a9bbce5776,Daryl Supernaw,Councilmember,1466741,"SUPERNAW 2024, SPONSORED BY LA VOTE; NEIGHBORHOOD LEADERS SUPPORTING LONG BEACH CITY COUNCIL MEMBER DARYL","SUPERNAW 2024, SPONSORED BY LA VOTE; NEIGHBORHOOD LEADERS SUPPORTING LONG BEACH CITY COUNCIL MEMBER DARYL",213,TERMINATED 12/05/2024,0:N/A,40102:PRIMARILY FORMED CANDIDATE,,,dispute_pf,"Cal-Access category PRIMARILY FORMED CANDIDATE: an independent committee that supports or opposes this person, not a committee they control; its money is not their fundraising."
cc2018e0-cd40-4aa3-b042-f50f85aed00e,296d94c3-756b-466a-9971-24a9bbce5776,Daryl Supernaw,Councilmember,1342472,"SUPERNAW FOR CITY COUNCIL 2012, DARYL","SUPERNAW FOR CITY COUNCIL 2012, DARYL",562,TERMINATED 01/31/2013,40002:CONTROLLED,0:N/A,,,leave_no_sos_reports,"controlled by this person, but no SOS e-filed reports (files with a local filing officer): confirming would load no data and would show 'data pending' for ever"
b9fd2d82-8ce9-4abf-ade2-620b6eb0da94,296d94c3-756b-466a-9971-24a9bbce5776,Daryl Supernaw,Councilmember,1380351,SUPERNAW FOR CITY COUNCIL 2016; DARYL,SUPERNAW FOR CITY COUNCIL 2016; DARYL,562,TERMINATED 04/22/2016,40002:CONTROLLED,0:N/A,,,leave_no_sos_reports,"controlled by this person, but no SOS e-filed reports (files with a local filing officer): confirming would load no data and would show 'data pending' for ever"
dd6ab7ee-055d-4afe-92c3-05c0badfedc2,296d94c3-756b-466a-9971-24a9bbce5776,Daryl Supernaw,Councilmember,1374797,SUPERNAW FOR CITY COUNCIL 2015; DARYL,SUPERNAW OFFICEHOLDER ACCOUNT 2015; COUNCILMAN DARYL,562,ACTIVE,40002:CONTROLLED,0:N/A,,,leave_no_sos_reports,"controlled by this person, but no SOS e-filed reports (files with a local filing officer): confirming would load no data and would show 'data pending' for ever"
5ee32c80-db80-468f-af23-d1e377f61694,09429ad7-cf23-4b5c-af0b-59cb393d5efd,David Arellano,Council Member,1461741,ARELLANO LAKEWOOD CITY COUNCIL 2028 DISTRICT 4; DAVID,ARELLANO LAKEWOOD CITY COUNCIL 2028 DISTRICT 4; DAVID,562,ACTIVE,40002:CONTROLLED,0:N/A,,,leave_no_sos_reports,"controlled by this person, but no SOS e-filed reports (files with a local filing officer): confirming would load no data and would show 'data pending' for ever"
0b996b64-2667-4d08-8110-5cf1e5ce2db3,acc990ea-5264-4d2f-9e44-940a85105481,David Fredendall,Council Member (District 2),1423684,FREDENDALL FOR GLENDORA CITY COUNCIL 2020; DAVID,FREDENDALL FOR GLENDORA CITY COUNCIL 2020; DAVID,626,TERMINATED 09/16/2024,40002:CONTROLLED,0:N/A,,,leave_no_sos_reports,"controlled by this person, but no SOS e-filed reports (files with a local filing officer): confirming would load no data and would show 'data pending' for ever"
9e48fbb9-3202-4b0f-9a4d-de93239e4534,570c385b-469f-4951-af6c-d6f6960d1279,David J. Shapiro,Council Member,1455621,SHAPIRO 4 MORAGA TOWN COUNCIL 2022; DAVID,SHAPIRO 4 MORAGA TOWN COUNCIL 2022; DAVID,925,TERMINATED 12/29/2022,40002:CONTROLLED,0:N/A,,,leave_no_sos_reports,"controlled by this person, but no SOS e-filed reports (files with a local filing officer): confirming would load no data and would show 'data pending' for ever"
c4624fc1-83cc-44f9-acba-3a64f064d8e7,570c385b-469f-4951-af6c-d6f6960d1279,David J. Shapiro,Council Member,1351290,"SHAPIRO FOR CALABASAS CITY COUNCIL 2013, DAVID J.","SHAPIRO FOR CALABASAS CITY COUNCIL 2013, DAVID J.",818,TERMINATED 02/18/2014,40002:CONTROLLED,0:N/A,,,leave_no_sos_reports,"controlled by this person, but no SOS e-filed reports (files with a local filing officer): confirming would load no data and would show 'data pending' for ever"
db1d9a9f-365e-4aad-aff1-cdf9340d0260,f29e5d90-c09a-4cb9-a3c4-8cdbe2fe41c5,David L. Bradley,Mayor,1420888,BRADLEY FOR RPV CITY COUNCIL 2019; DAVID,BRADLEY FOR RPV CITY COUNCIL 2019; DAVID,310,ACTIVE,40002:CONTROLLED,0:N/A,,,leave_no_sos_reports,"controlled by this person, but no SOS e-filed reports (files with a local filing officer): confirming would load no data and would show 'data pending' for ever"
6136c5cb-1b93-4138-a869-ac564ea82442,f29e5d90-c09a-4cb9-a3c4-8cdbe2fe41c5,David L. Bradley,Mayor,1451715,BRADLEY FOR RPV CITY COUNCIL 2022; DAVID,BRADLEY FOR RPV CITY COUNCIL 2022; DAVID,310,ACTIVE,40002:CONTROLLED,0:N/A,,,leave_no_sos_reports,"controlled by this person, but no SOS e-filed reports (files with a local filing officer): confirming would load no data and would show 'data pending' for ever"
dbccf666-a31e-42f8-91a9-c6319f922cbb,27bf2707-875b-45c0-93fd-76b93c21f9b4,David McGowan,Council Member,1414919,MCGOWAN FOR CITY COUNCIL 2019; DAVID,MCGOWAN FOR CITY COUNCIL 2019; DAVID,310,TERMINATED 03/31/2019,40002:CONTROLLED,0:N/A,,,leave_no_sos_reports,"controlled by this person, but no SOS e-filed reports (files with a local filing officer): confirming would load no data and would show 'data pending' for ever"
af66acef-639d-4735-a41f-498e0c04d8cc,664b5518-3e28-4f8f-a42f-12fb6d627567,David Torres,,1406081,TORRES FOR CITY COUNCIL 2018; DAVID,TORRES FOR CITY COUNCIL 2020; DAVID,323,TERMINATED 09/23/2022,40002:CONTROLLED,0:N/A,,,leave_no_sos_reports,"controlled by this person, but no SOS e-filed reports (files with a local filing officer): confirming would load no data and would show 'data pending' for ever"
fac521c0-52fc-4874-ab94-46fee41dcb2d,664b5518-3e28-4f8f-a42f-12fb6d627567,David Torres,,1451487,TORRES FOR CITY COUNCIL 2022; DAVID,TORRES FOR CITY COUNCIL 2022; DAVID,442,TERMINATED 06/30/2026,40002:CONTROLLED,0:N/A,,,leave_no_sos_reports,"controlled by this person, but no SOS e-filed reports (files with a local filing officer): confirming would load no data and would show 'data pending' for ever"
0c699e7b-65f0-4d5e-83ed-a8398e4a5a19,664b5518-3e28-4f8f-a42f-12fb6d627567,David Torres,,1474129,TORRES FOR CITY COUNCIL 2024; DAVID,TORRES FOR CITY COUNCIL 2024; DAVID,442,TERMINATED 03/09/2026,40002:CONTROLLED,0:N/A,,,leave_no_sos_reports,"controlled by this person, but no SOS e-filed reports (files with a local filing officer): confirming would load no data and would show 'data pending' for ever"
748ce54b-19dc-460d-8e10-4b7f296cbc4d,bde02cb9-cace-4daa-b239-89c83af2b851,Dawn Murdock,Council Member,1429556,MURDOCK FOR PVE COUNCIL 2020; DAWN,MURDOCK FOR PVE COUNCIL 2020; DAWN,310,TERMINATED 12/31/2020,40002:CONTROLLED,0:N/A,,,leave_no_sos_reports,"controlled by this person, but no SOS e-filed reports (files with a local filing officer): confirming would load no data and would show 'data pending' for ever"
277daf33-605a-4132-87ec-629b6a71e491,83d57d34-d294-4d5e-9793-d26dd8fa6d17,Debbie S. Baker,Council Member,1466502,BAKER FOR LA PALMA CITY COUNCIL DISTRICT 1 2024; DEBBIE S.,BAKER FOR LA PALMA CITY COUNCIL DISTRICT 1 2024; DEBBIE S.,714,TERMINATED 07/24/2025,40002:CONTROLLED,0:N/A,,,leave_no_sos_reports,"controlled by this person, but no SOS e-filed reports (files with a local filing officer): confirming would load no data and would show 'data pending' for ever"
1af94845-def5-47f9-807e-e0797976639c,2fcf82ab-e952-47b2-9e9a-a833016b6216,Debby Stegura,Mayor,1429557,STEGURA FOR RHE COUNCIL 2020; DEBBY,STEGURA FOR RHE COUNCIL 2020; DEBBY,310,TERMINATED 12/07/2020,40002:CONTROLLED,0:N/A,,,leave_no_sos_reports,"controlled by this person, but no SOS e-filed reports (files with a local filing officer): confirming would load no data and would show 'data pending' for ever"
0e1aac48-a828-4480-bdc8-c1d3cb00ed45,f1f9d53e-2972-406d-9979-90119d893508,Deborah Klein Lopez,Council Member,1406127,LOPEZ FOR CITY COUNCIL 2018; COMMITTEE TO ELECT DEBORAH KLEIN,LOPEZ FOR CITY COUNCIL 2018; COMMITTEE TO ELECT DEBORAH KLEIN,818,TERMINATED 12/31/2018,40002:CONTROLLED,0:N/A,,,leave_no_sos_reports,"controlled by this person, but no SOS e-filed reports (files with a local filing officer): confirming would load no data and would show 'data pending' for ever"
04497ded-9ce7-4f26-89fd-21b7870c2e91,f1f9d53e-2972-406d-9979-90119d893508,Deborah Klein Lopez,Council Member,1446788,LOPEZ FOR CITY COUNCIL 2022; COMMITEE TO REELECT DEBORAH KLEIN,LOPEZ FOR CITY COUNCIL 2022; COMMITEE TO REELECT DEBORAH KLEIN,818,TERMINATED 12/31/2022,40002:CONTROLLED,0:N/A,,,leave_no_sos_reports,"controlled by this person, but no SOS e-filed reports (files with a local filing officer): confirming would load no data and would show 'data pending' for ever"
eb50dfb6-78b4-4c92-8563-334bddbff150,db853cfa-ab6d-4a30-bfbc-fb05b3956970,Debra Martin,Council Member,1346953,"MARTIN FOR POMONA CITY COUNCIL 2012, DEBRA","MARTIN FOR POMONA CITY COUNCIL 2016, DEBRA",909,TERMINATED 06/30/2017,40002:CONTROLLED,0:N/A,,,leave_no_sos_reports,"controlled by this person, but no SOS e-filed reports (files with a local filing officer): confirming would load no data and would show 'data pending' for ever"
b6d22fd2-5634-4cf0-9f81-aff9efa5604f,db853cfa-ab6d-4a30-bfbc-fb05b3956970,Debra Martin,Council Member,1391445,"MARTIN FOR POMONA CITY COUNCIL, DISTRICT 6 AND ELLIOT ROTHMAN FOR POMONA MAYOR 2016; FRIENDS IN SUPPORT OF DEBRA","MARTIN FOR POMONA CITY COUNCIL, DISTRICT 6 AND ELLIOT ROTHMAN FOR POMONA MAYOR 2016; FRIENDS IN SUPPORT OF DEBRA",213,TERMINATED 12/20/2016,0:N/A,40102:PRIMARILY FORMED CANDIDATE,,,dispute_pf,"Cal-Access category PRIMARILY FORMED CANDIDATE: an independent committee that supports or opposes this person, not a committee they control; its money is not their fundraising."
fe55a909-c1ef-4a9b-8c7d-97bfbd5b85c4,bfa60e39-6a47-4d12-a26b-4742f6b139ab,Denise Menchaca,Mayor,1276902,"MENCHACA FOR SCHOOL BOARD 2009, DENISE","MENCHACA FOR SCHOOL BOARD 2009, DENISE",626,TERMINATED 12/31/2012,40002:CONTROLLED,0:N/A,,,leave_no_sos_reports,"controlled by this person, but no SOS e-filed reports (files with a local filing officer): confirming would load no data and would show 'data pending' for ever"
f18d158b-c6f2-4117-ab85-e04b11c5fbae,028e1a70-5ac2-42ec-bc2e-eafc9dcc630e,Diana Craighead,Board Member (District 5),1401235,CRAIGHEAD FOR SCHOOL BOARD 2022; DIANA,CRAIGHEAD FOR SCHOOL BOARD 2022; DIANA,310,TERMINATED 06/30/2022,40002:CONTROLLED,0:N/A,,,leave_no_sos_reports,"controlled by this person, but no SOS e-filed reports (files with a local filing officer): confirming would load no data and would show 'data pending' for ever"
5fdbcf79-8cb3-4088-bacf-b84468f4f15e,729bc539-3175-4e5d-96ba-c18768890e1e,Dionne Faulk,Council Member (District 4),1432208,FAULK FOR CITY COUNCIL 2020; DIONNE,FAULK FOR CITY COUNCIL 2020; DIONNE,213,TERMINATED 11/30/2022,40002:CONTROLLED,0:N/A,,,leave_no_sos_reports,"controlled by this person, but no SOS e-filed reports (files with a local filing officer): confirming would load no data and would show 'data pending' for ever"
f9c29d81-63c5-47fa-8e0e-6a41a365c940,729bc539-3175-4e5d-96ba-c18768890e1e,Dionne Faulk,Council Member (District 4),1479340,FAULK FOR CITY COUNCIL 2028; DIONNE,FAULK FOR CITY COUNCIL 2028; DIONNE,310,ACTIVE,40002:CONTROLLED,0:N/A,,,leave_no_sos_reports,"controlled by this person, but no SOS e-filed reports (files with a local filing officer): confirming would load no data and would show 'data pending' for ever"
d91c2755-0e42-4a6b-a32c-9a9b1dade218,729bc539-3175-4e5d-96ba-c18768890e1e,Dionne Faulk,Council Member (District 4),1374257,FAULK FOR SCHOOL BOARD 2015; DIONNE,FAULK FOR SCHOOL BOARD 2015; DIONNE,213,TERMINATED 06/30/2015,40002:CONTROLLED,0:N/A,,,leave_no_sos_reports,"controlled by this person, but no SOS e-filed reports (files with a local filing officer): confirming would load no data and would show 'data pending' for ever"
d8d402b8-927d-4aa2-bc70-fcae6799249f,729bc539-3175-4e5d-96ba-c18768890e1e,Dionne Faulk,Council Member (District 4),1393771,FAULK FOR SCHOOL BOARD 2017; DIONNE,FAULK FOR SCHOOL BOARD 2017; DIONNE,310,TERMINATED 06/30/2017,40002:CONTROLLED,0:N/A,,,leave_no_sos_reports,"controlled by this person, but no SOS e-filed reports (files with a local filing officer): confirming would load no data and would show 'data pending' for ever"
6255a384-438a-41cd-b6f2-1426ef483cac,729bc539-3175-4e5d-96ba-c18768890e1e,Dionne Faulk,Council Member (District 4),1398668,FAULK FOR SCHOOL BOARD 2021; DIONNE,FAULK FOR SCHOOL BOARD 2021; DIONNE,310,TERMINATED 12/31/2020,40002:CONTROLLED,0:N/A,,,leave_no_sos_reports,"controlled by this person, but no SOS e-filed reports (files with a local filing officer): confirming would load no data and would show 'data pending' for ever"
5535ecab-e0d7-42dd-a514-b1664fee1dde,71c35909-e5b5-40ca-883f-21af5c287b5e,Dorothy Pemberton,Councilmember,1459910,PEMBERTON FOR DOWNEY CITY COUNCIL 2023; DOROTHY,PEMBERTON FOR DOWNEY CITY COUNCIL 2023; DOROTHY,562,TERMINATED 03/22/2024,40002:CONTROLLED,0:N/A,,,leave_no_sos_reports,"controlled by this person, but no SOS e-filed reports (files with a local filing officer): confirming would load no data and would show 'data pending' for ever"
ac1a4bf8-b0d6-4d7b-9f64-38dd5d3d8986,4197ba7e-fcae-4111-bd81-615bb1527677,Doug Chaffee,Supervisor,1289392,"CHAFFEE FOR CITY COUNCIL 2014, DOUG","CHAFFEE FOR CITY COUNCIL 2014, DOUG",310,TERMINATED 06/30/2017,40002:CONTROLLED,0:N/A,,,leave_no_sos_reports,"controlled by this person, but no SOS e-filed reports (files with a local filing officer): confirming would load no data and would show 'data pending' for ever"
b949bf39-a5dd-4ecf-a293-7c5938ca4b59,4197ba7e-fcae-4111-bd81-615bb1527677,Doug Chaffee,Supervisor,1403873,CHAFFEE FOR ORANGE COUNTY DISTRICT 4 SUPERVISOR 2022; DOUG,CHAFFEE FOR ORANGE COUNTY DISTRICT 4 SUPERVISOR 2022; DOUG,310,TERMINATED 12/31/2023,40002:CONTROLLED,0:N/A,,,leave_no_sos_reports,"controlled by this person, but no SOS e-filed reports (files with a local filing officer): confirming would load no data and would show 'data pending' for ever"
52b42ef4-51d5-4225-be33-b36a9c423d3d,b81d5aad-1765-47b5-88c8-fbe15cd8af9a,Dr. Monica Sanchez,Council Member,1410460,SANCHEZ FOR COUNCIL 2019; CONCERNED CITIZENS TO SUPPORT MONICA,SANCHEZ FOR COUNCIL 2019; CONCERNED CITIZENS TO SUPPORT MONICA,562,TERMINATED 06/30/2020,0:N/A,40102:PRIMARILY FORMED CANDIDATE,,,dispute_pf,"Cal-Access category PRIMARILY FORMED CANDIDATE: an independent committee that supports or opposes this person, not a committee they control; its money is not their fundraising."
61033f4f-0c74-4f00-822e-1d22b000ff83,5d7f84b4-e987-4be2-b3c5-64933e559bed,Dylan Kendall,,1484454,DYLAN KENDALL,"KENDALL, DYLAN",323,ACTIVE,0:N/A,0:N/A,,,leave_filer_record,"a candidate filer record, not a committee: no contributions are filed under it"
78bad9b2-3550-4098-9eff-1f13faaee584,cca09d1e-6e2b-427c-add8-5eeea52a9633,Ed Gililland,,1259882,"GILILLAND CAMPAIGN, ED","GILILLAND CAMPAIGN, ED",626,TERMINATED 02/02/2004,40002:CONTROLLED,0:N/A,,,leave_no_sos_reports,"controlled by this person, but no SOS e-filed reports (files with a local filing officer): confirming would load no data and would show 'data pending' for ever"
b1a1a9a3-df63-4267-b759-8a3cb459442f,a5e2f51c-b87e-4f0b-bd45-01493876591f,Ed Reece,Council Member (District 2),1400638,REECE FOR CLAREMONT CITY COUNCIL 2018; ED,REECE FOR CLAREMONT CITY COUNCIL 2026; ED,909,ACTIVE,40002:CONTROLLED,0:N/A,,,leave_no_sos_reports,"controlled by this person, but no SOS e-filed reports (files with a local filing officer): confirming would load no data and would show 'data pending' for ever"
1f1f994f-83a0-4c2b-a66e-0c48bf0fd3e5,3a24f871-eea7-4485-8324-925c46b7049b,Edward Belden,Council Member,1444006,BELDEN FOR CITY COUNCIL 2022; EDWARD,BELDEN FOR CITY COUNCIL 2022; EDWARD,805,TERMINATED 09/26/2022,40002:CONTROLLED,0:N/A,,,leave_no_sos_reports,"controlled by this person, but no SOS e-filed reports (files with a local filing officer): confirming would load no data and would show 'data pending' for ever"
8baf17af-1f66-4fa5-9a53-4a7b8ecafc88,3a24f871-eea7-4485-8324-925c46b7049b,Edward Belden,Council Member,1455373,BELDEN FOR CITY COUNCIL 2024; EDWARD,BELDEN FOR CITY COUNCIL 2024; EDWARD,805,TERMINATED 12/31/2024,40002:CONTROLLED,0:N/A,,,leave_no_sos_reports,"controlled by this person, but no SOS e-filed reports (files with a local filing officer): confirming would load no data and would show 'data pending' for ever"
4841320f-dcff-4aeb-b70c-0ebbd3914511,6786edfc-849f-4560-9f09-78ccd1657517,Edward T. Garcia,Council Member,1430080,GARCIA FOR COUNCIL 2020; EDWARD T,GARCIA FOR COUNCIL 2020; EDWARD T,626,TERMINATED 11/30/2020,40002:CONTROLLED,0:N/A,,,leave_no_sos_reports,"controlled by this person, but no SOS e-filed reports (files with a local filing officer): confirming would load no data and would show 'data pending' for ever"
15835cc2-578e-4e09-89fb-eec383437d5f,6786edfc-849f-4560-9f09-78ccd1657517,Edward T. Garcia,Council Member,1454704,GARCIA FOR COUNCIL 2022; EDWARD T.,GARCIA FOR COUNCIL 2022; EDWARD T.,626,ACTIVE,40002:CONTROLLED,0:N/A,,,leave_no_sos_reports,"controlled by this person, but no SOS e-filed reports (files with a local filing officer): confirming would load no data and would show 'data pending' for ever"
544027ac-8678-44d3-8101-793ff18cb6ee,6786edfc-849f-4560-9f09-78ccd1657517,Edward T. Garcia,Council Member,1433497,GARCIA PERRIS UNION SCHOOL BOARD 2020; EDWARD,GARCIA PERRIS UNION SCHOOL BOARD 2020; EDWARD,909,TERMINATED 12/31/2020,40002:CONTROLLED,0:N/A,,,leave_no_sos_reports,"controlled by this person, but no SOS e-filed reports (files with a local filing officer): confirming would load no data and would show 'data pending' for ever"
49d7983d-8754-4296-bb74-9ace85978980,6786edfc-849f-4560-9f09-78ccd1657517,Edward T. Garcia,Council Member,1450361,GARCIA PERRIS UNION SCHOOL BOARD 2022; EDWARD,GARCIA PERRIS UNION SCHOOL BOARD 2022; EDWARD,909,ACTIVE,40002:CONTROLLED,0:N/A,,,leave_no_sos_reports,"controlled by this person, but no SOS e-filed reports (files with a local filing officer): confirming would load no data and would show 'data pending' for ever"
1686e548-14ea-42fb-84a8-3722519bc1b4,173f125c-0ec3-488e-8b74-ffd991e1a87b,Eileen Wang,,1483690,WANG FOR ARCADIA CITY COUNCIL 2026; EILEEN,WANG FOR ARCADIA CITY COUNCIL 2026; EILEEN,626,TERMINATED 05/12/2026,40002:CONTROLLED,0:N/A,,,leave_no_sos_reports,"controlled by this person, but no SOS e-filed reports (files with a local filing officer): confirming would load no data and would show 'data pending' for ever"
64fd8868-ab27-4025-80e0-94377440fb46,84eebb94-9163-40ec-8cc2-1391a00e636e,Elen Asatryan,Councilmember,1442796,ASATRYAN CITY COUNCIL 2022; ELEN,ASATRYAN CITY COUNCIL 2026 OFFICEHOLDER ACCOUNT; ELEN,310,ACTIVE,40002:CONTROLLED,0:N/A,ELEN ASATRYAN,"F460 x12, F497 x1",confirm,"Cal-Access bulk export (2026-09-23): category CONTROLLED; controlling candidate ELEN ASATRYAN (FILER_LINKS_CD / Form 460 cover); SOS e-filed reports F460 x12, F497 x1."
b01cf5bc-1b4b-43af-b909-7af553a9a915,84eebb94-9163-40ec-8cc2-1391a00e636e,Elen Asatryan,Councilmember,1423337,ASATRYAN FOR COUNTY CENTRAL COMMITTEE 2020; ELEN,ASATRYAN FOR COUNTY CENTRAL COMMITTEE 2020; ELEN,310,TERMINATED 12/31/2023,40002:CONTROLLED,0:N/A,ELEN ASATRYAN,F460 x1,confirm,Cal-Access bulk export (2026-09-23): category CONTROLLED; controlling candidate ELEN ASATRYAN (FILER_LINKS_CD / Form 460 cover); SOS e-filed reports F460 x1.
580be75b-c173-4066-9df4-4e353e85b957,03df7cce-7502-4089-acd5-139841002cbe,Eleni Kounalakis,Lieutenant Governor,1462782,KOUNALAKIS FOR GOVERNOR 2026; DEMOCRATIC LIEUTENANT GOVERNORS ASSOCIATION SUPPORTING LT. GOV. ELENI,KOUNALAKIS FOR GOVERNOR 2026; DEMOCRATIC LIEUTENANT GOVERNORS ASSOCIATION SUPPORTING LT. GOV. ELENI,202,TERMINATED 08/05/2025,0:N/A,40102:PRIMARILY FORMED CANDIDATE,,F460 x3,dispute_pf,"Cal-Access category PRIMARILY FORMED CANDIDATE: an independent committee that supports or opposes this person, not a committee they control; its money is not their fundraising."
64dfa634-5d33-42b1-8177-4195b556adaf,03df7cce-7502-4089-acd5-139841002cbe,Eleni Kounalakis,Lieutenant Governor,1401936,"KOUNALAKIS FOR LIEUTENANT GOVERNOR 2018, SPONSORED BY THE CALIFORNIA MEDICAL ASSOCIATION; CALIFORNIANS FOR ELENI","KOUNALAKIS FOR LIEUTENANT GOVERNOR 2018, SPONSORED BY THE CALIFORNIA MEDICAL ASSOCIATION; CALIFORNIANS FOR ELENI",213,TERMINATED 02/20/2019,0:N/A,40102:PRIMARILY FORMED CANDIDATE,Eleni Kounalakis,"F460 x9, F497 x8",dispute_pf,"Cal-Access category PRIMARILY FORMED CANDIDATE: an independent committee that supports or opposes this person, not a committee they control; its money is not their fundraising."
a80aa2c2-b72f-4439-8925-2400d2160790,03df7cce-7502-4089-acd5-139841002cbe,Eleni Kounalakis,Lieutenant Governor,1395990,KOUNALAKIS FOR LIEUTENANT GOVERNOR 2018; ELENI,KOUNALAKIS FOR LIEUTENANT GOVERNOR 2018; ELENI,916,TERMINATED 02/13/2019,40002:CONTROLLED,0:N/A,ELENI KOUNALAKIS,"F460 x20, F497 x305",confirm,"Cal-Access bulk export (2026-09-23): category CONTROLLED; controlling candidate ELENI KOUNALAKIS (FILER_LINKS_CD / Form 460 cover); SOS e-filed reports F460 x20, F497 x305."
110d0267-4cef-47ed-a561-6ac5bd2d54c7,03df7cce-7502-4089-acd5-139841002cbe,Eleni Kounalakis,Lieutenant Governor,1483008,KOUNALAKIS FOR TREASURER 2026; ELENI,KOUNALAKIS FOR TREASURER 2026; ELENI,916,ACTIVE,40002:CONTROLLED,0:N/A,ELENI KOUNALAKIS,"F460 x8, F497 x67",confirm,"Cal-Access bulk export (2026-09-23): category CONTROLLED; controlling candidate ELENI KOUNALAKIS (FILER_LINKS_CD / Form 460 cover); SOS e-filed reports F460 x8, F497 x67."
79eb5ccf-318c-4104-9fcf-68b84a914454,100405fd-4ccc-427d-9ccd-962739d6d292,Elmer Roldan,,1482309,ROLDAN FOR CITY COUNCIL 2026; ELMER,ROLDAN FOR CITY COUNCIL 2026; ELMER,213,ACTIVE,40002:CONTROLLED,0:N/A,,,leave_no_sos_reports,"controlled by this person, but no SOS e-filed reports (files with a local filing officer): confirming would load no data and would show 'data pending' for ever"
30148a48-6e3b-4acc-9cf7-55147405e978,100405fd-4ccc-427d-9ccd-962739d6d292,Elmer Roldan,,1482308,ELMER ROLDAN,"ROLDAN, ELMER",213,ACTIVE,0:N/A,0:N/A,,,leave_filer_record,"a candidate filer record, not a committee: no contributions are filed under it"
9c9e4c64-7592-457e-8db8-9e3fc133aba4,b98ba8b8-dd19-4f20-bbd9-d27d495cb4a8,Emmett G. Badar,Mayor,1293584,"BADAR FOR CITY COUNCIL 2011, COMMITTEE TO ELECT EMMETT","BADAR FOR CITY COUNCIL 2011, COMMITTEE TO ELECT EMMETT",909,TERMINATED 11/14/2019,40002:CONTROLLED,0:N/A,,,leave_no_sos_reports,"controlled by this person, but no SOS e-filed reports (files with a local filing officer): confirming would load no data and would show 'data pending' for ever"
afe274f0-e914-4538-9d6c-0bd00aa1558c,b98ba8b8-dd19-4f20-bbd9-d27d495cb4a8,Emmett G. Badar,Mayor,1423104,BADAR FOR MAYOR 2026; EMMETT G.,BADAR FOR MAYOR 2026; EMMETT G.,909,ACTIVE,40002:CONTROLLED,0:N/A,,,leave_no_sos_reports,"controlled by this person, but no SOS e-filed reports (files with a local filing officer): confirming would load no data and would show 'data pending' for ever"
0bacd44f-5fc5-406b-816b-206ed78861b6,28ec5db0-6daa-4f01-9825-2193ba21e349,Eric Chan,Council Member,1361498,"CHAN FOR WATER BOARD 2013, ERIC","CHAN FOR WATER BOARD 2013, ERIC",323,TERMINATED 12/31/2014,40002:CONTROLLED,0:N/A,,,leave_no_sos_reports,"controlled by this person, but no SOS e-filed reports (files with a local filing officer): confirming would load no data and would show 'data pending' for ever"
ea9c4dae-1dcf-4ba5-ba66-11846477062b,340c4a0a-e6cb-4e32-9a56-f5cbf951cbc4,Eric Ching,,1344120,"CHING FOR WALNUT CITY COUNCIL 2012, ERIC",CHING FOR WALNUT CITY COUNCIL 2020; ERIC,626,TERMINATED 08/28/2024,40002:CONTROLLED,0:N/A,,,leave_no_sos_reports,"controlled by this person, but no SOS e-filed reports (files with a local filing officer): confirming would load no data and would show 'data pending' for ever"
2f18818a-ee8a-4a40-b75d-5a64c30b6849,99326b14-0b7b-4187-8852-6f592bc61dd3,Eric Weber,Council Member,1423674,WEBER FOR CITY COUNCIL 2020; ERIC,WEBER FOR CITY COUNCIL 2020; ERIC,626,ACTIVE,40002:CONTROLLED,0:N/A,,,leave_no_sos_reports,"controlled by this person, but no SOS e-filed reports (files with a local filing officer): confirming would load no data and would show 'data pending' for ever"
81f68ef6-da1b-44e5-a175-3793203385d9,296b7b65-fd92-4f3c-8960-f0bade09513d,Erik Lutz,Council Member,1472433,LUTZ FOR PICO RIVERA CITY COUNCIL 2024; ERIK,LUTZ FOR PICO RIVERA CITY COUNCIL 2024; ERIK,213,ACTIVE,40002:CONTROLLED,0:N/A,,,leave_no_sos_reports,"controlled by this person, but no SOS e-filed reports (files with a local filing officer): confirming would load no data and would show 'data pending' for ever"
57381369-0c2d-48ed-b298-275e29566388,317698c6-2ae7-4f7f-ab39-bb3811ed50f3,Eunisses Hernandez,Council Member,1487284,"HERNANDEZ FOR CITY COUNCIL 2026, SPONSORED BY LOS ANGELES COUNTY FEDERATION OF LABOR, AFL-CIO; WORKING FAMILIES IN SUPPORT OF EUNISSES","HERNANDEZ FOR CITY COUNCIL 2026, SPONSORED BY LOS ANGELES COUNTY FEDERATION OF LABOR, AFL-CIO; WORKING FAMILIES IN SUPPORT OF EUNISSES",213,ACTIVE,0:N/A,40102:PRIMARILY FORMED CANDIDATE,,,dispute_pf,"Cal-Access category PRIMARILY FORMED CANDIDATE: an independent committee that supports or opposes this person, not a committee they control; its money is not their fundraising."
80eda941-1162-429c-996f-5ff961813444,317698c6-2ae7-4f7f-ab39-bb3811ed50f3,Eunisses Hernandez,Council Member,1485664,"HERNANDEZ FOR COUNCIL 2026, SPONSORED BY UNITE HERE LOCAL 11; WORKING FAMILIES FOR EUNISSES","HERNANDEZ FOR COUNCIL 2026, SPONSORED BY UNITE HERE LOCAL 11; WORKING FAMILIES FOR EUNISSES",213,TERMINATED 02/06/2026,0:N/A,40102:PRIMARILY FORMED CANDIDATE,,,dispute_pf,"Cal-Access category PRIMARILY FORMED CANDIDATE: an independent committee that supports or opposes this person, not a committee they control; its money is not their fundraising."
8b2088b5-ab14-44cb-a2df-5b9d6171f153,41ef8aaa-b604-4725-b46d-dab1656cc198,Fiona Ma,Treasurer,1313995,"MA 2010, FIONA","MA FOR ASSEMBLY 2010, FIONA",916,TERMINATED 05/06/2011,40002:CONTROLLED,0:N/A,FIONA MA,"F460 x26, F497 x115",confirm,"Cal-Access bulk export (2026-09-23): category CONTROLLED; controlling candidate FIONA MA (FILER_LINKS_CD / Form 460 cover); SOS e-filed reports F460 x26, F497 x115."
c2645dd7-3d04-41cf-9840-ec9b285eb8e8,41ef8aaa-b604-4725-b46d-dab1656cc198,Fiona Ma,Treasurer,1261603,"MA EXPLORATORY COMMITTEE, FIONA","MA FOR ASSEMBLY, FIONA",415,TERMINATED 12/31/2007,40002:CONTROLLED,0:N/A,FIONA MA,"F460 x21, F497 x135",confirm,"Cal-Access bulk export (2026-09-23): category CONTROLLED; controlling candidate FIONA MA (FILER_LINKS_CD / Form 460 cover); SOS e-filed reports F460 x21, F497 x135."
c3f31740-1081-4d29-8bde-724dc8ffb0dc,41ef8aaa-b604-4725-b46d-dab1656cc198,Fiona Ma,Treasurer,1334964,"MA FOR SENATE 2014, FIONA","MA FOR SENATE 2014, FIONA",916,TERMINATED 04/20/2012,40002:CONTROLLED,0:N/A,FIONA MA,"F460 x7, F497 x4",confirm,"Cal-Access bulk export (2026-09-23): category CONTROLLED; controlling candidate FIONA MA (FILER_LINKS_CD / Form 460 cover); SOS e-filed reports F460 x7, F497 x4."
cf93d43a-6aa2-46e3-9137-15a24cbef3a1,41ef8aaa-b604-4725-b46d-dab1656cc198,Fiona Ma,Treasurer,1343107,"MA FOR STATE BOARD OF EQUALIZATION 2014, FIONA","MA FOR STATE BOARD OF EQUALIZATION 2014, FIONA",916,TERMINATED 10/16/2015,40002:CONTROLLED,0:N/A,FIONA MA,"F460 x37, F497 x131",confirm,"Cal-Access bulk export (2026-09-23): category CONTROLLED; controlling candidate FIONA MA (FILER_LINKS_CD / Form 460 cover); SOS e-filed reports F460 x37, F497 x131."
4292c91b-4fbe-4c14-bb39-daaad09d32e7,41ef8aaa-b604-4725-b46d-dab1656cc198,Fiona Ma,Treasurer,1373945,MA FOR STATE BOARD OF EQUALIZATION 2018; RE ELECT FIONA,MA FOR STATE BOARD OF EQUALIZATION 2018; RE ELECT FIONA,916,TERMINATED 04/20/2017,40002:CONTROLLED,0:N/A,FIONA MA,"F460 x13, F497 x17",confirm,"Cal-Access bulk export (2026-09-23): category CONTROLLED; controlling candidate FIONA MA (FILER_LINKS_CD / Form 460 cover); SOS e-filed reports F460 x13, F497 x17."
0801e246-e05b-4bd4-b6c2-88bf87360aaf,41ef8aaa-b604-4725-b46d-dab1656cc198,Fiona Ma,Treasurer,1384474,MA FOR STATE TREASURER 2018; FIONA,MA FOR STATE TREASURER 2018; FIONA,916,TERMINATED 08/15/2019,40002:CONTROLLED,0:N/A,FIONA MA,"F460 x36, F497 x370",confirm,"Cal-Access bulk export (2026-09-23): category CONTROLLED; controlling candidate FIONA MA (FILER_LINKS_CD / Form 460 cover); SOS e-filed reports F460 x36, F497 x370."
fd7ab2fb-988c-4391-ad8c-933137394a8a,41ef8aaa-b604-4725-b46d-dab1656cc198,Fiona Ma,Treasurer,1238185,"MA FOR SUPERVISOR, FIONA","MA FOR SUPERVISOR, FIONA",415,TERMINATED 03/22/2006,40002:CONTROLLED,0:N/A,FIONA MA,,leave_no_sos_reports,"controlled by this person, but no SOS e-filed reports (files with a local filing officer): confirming would load no data and would show 'data pending' for ever"
8112a0d5-722d-4091-b526-af84cd18eae9,41ef8aaa-b604-4725-b46d-dab1656cc198,Fiona Ma,Treasurer,1440631,MA LEGAL DEFENSE FUND; FIONA,MA LEGAL DEFENSE FUND; FIONA,415,TERMINATED 12/31/2024,40002:CONTROLLED,0:N/A,FIONA MA,"F460 x13, F497 x7",confirm,"Cal-Access bulk export (2026-09-23): category CONTROLLED; controlling candidate FIONA MA (FILER_LINKS_CD / Form 460 cover); SOS e-filed reports F460 x13, F497 x7."
25d4f68f-fceb-4406-a6ea-b17d1e66c6f7,41ef8aaa-b604-4725-b46d-dab1656cc198,Fiona Ma,Treasurer,1458948,MA STATE TREASURER OFFICEHOLDER ACCOUNT COMMITTEE 2022; FIONA,MA STATE TREASURER OFFICEHOLDER ACCOUNT COMMITTEE 2022; FIONA,916,ACTIVE,40002:CONTROLLED,0:N/A,FIONA MA,F460 x23,confirm,Cal-Access bulk export (2026-09-23): category CONTROLLED; controlling candidate FIONA MA (FILER_LINKS_CD / Form 460 cover); SOS e-filed reports F460 x23.
4f1ace51-6634-4eea-aeac-c118501abcff,3bdeb92d-284e-4672-b006-d6cd68070e64,Frank Aurelio Yokoyama,Mayor,1353027,"YOKOYAMA FOR CERRITOS CITY COUNCIL 2013, FRANK","YOKOYAMA FOR CERRITOS CITY COUNCIL 2013, FRANK",323,TERMINATED 06/30/2015,40002:CONTROLLED,0:N/A,,,leave_no_sos_reports,"controlled by this person, but no SOS e-filed reports (files with a local filing officer): confirming would load no data and would show 'data pending' for ever"
114c6836-911b-42a7-ba40-27ce3709c7ec,3bdeb92d-284e-4672-b006-d6cd68070e64,Frank Aurelio Yokoyama,Mayor,1374987,YOKOYAMA FOR CERRITOS CITY COUNCIL 2015; FRANK,YOKOYAMA FOR CERRITOS CITY COUNCIL 2015; FRANK,323,TERMINATED 06/30/2016,40002:CONTROLLED,0:N/A,,,leave_no_sos_reports,"controlled by this person, but no SOS e-filed reports (files with a local filing officer): confirming would load no data and would show 'data pending' for ever"
4af445f3-2a76-4aa9-a026-2a29c449ddff,3bdeb92d-284e-4672-b006-d6cd68070e64,Frank Aurelio Yokoyama,Mayor,1395161,YOKOYAMA FOR CERRITOS CITY COUNCIL 2017; FRANK,YOKOYAMA FOR CERRITOS CITY COUNCIL 2017; FRANK,310,ACTIVE,40002:CONTROLLED,0:N/A,,,leave_no_sos_reports,"controlled by this person, but no SOS e-filed reports (files with a local filing officer): confirming would load no data and would show 'data pending' for ever"
d107ab2c-3b3a-40b2-8a66-b41e731e25b1,3bdeb92d-284e-4672-b006-d6cd68070e64,Frank Aurelio Yokoyama,Mayor,1442100,YOKOYAMA FOR CITY COUNCIL 2022; FRANK,YOKOYAMA FOR CITY COUNCIL 2022; FRANK,562,TERMINATED 08/11/2025,40002:CONTROLLED,0:N/A,,,leave_no_sos_reports,"controlled by this person, but no SOS e-filed reports (files with a local filing officer): confirming would load no data and would show 'data pending' for ever"
769dd5ec-67e3-4fbb-95e7-84004cc2e4ad,03575512-bf5d-4611-84dd-a8624c903164,Frank Garcia,Council Member,1258914,"GARCIA FOR SCHOOL BOARD, FRANK","GARCIA FOR SCHOOL BOARD, FRANK",510,ACTIVE,40002:CONTROLLED,0:N/A,,,leave_no_sos_reports,"controlled by this person, but no SOS e-filed reports (files with a local filing officer): confirming would load no data and would show 'data pending' for ever"
f5a8cfe3-4aae-4dc6-8b65-1514f9bb69e3,90b0fc60-30ca-4388-92b0-ff5dd2b443cb,Gabriela Camacho,Council Member,1429722,CAMACHO FOR LYNWOOD CITY TREASURER 2020; GABRIELA,CAMACHO FOR LYNWOOD CITY TREASURER 2020; GABRIELA,213,TERMINATED 09/23/2022,40002:CONTROLLED,0:N/A,,,leave_no_sos_reports,"controlled by this person, but no SOS e-filed reports (files with a local filing officer): confirming would load no data and would show 'data pending' for ever"
ac24177e-147e-4d1a-95d9-056741139975,f26309c8-2525-49b2-bdaf-62980cbb1853,Gavin Newsom,Governor,1394881,NEWSOM FOR GOVERNOR 2018; CITIZENS SUPPORTING,"NEWSOM FOR GOVERNOR 2018, SPONSORED BY LABOR ORGANIZATIONS AND BLUE SHIELD OF CALIFORNIA; CITIZENS SUPPORTING GAVIN",415,TERMINATED 12/31/2018,0:N/A,40102:PRIMARILY FORMED CANDIDATE,Gavin Newsom,"F460 x12, F497 x18",dispute_pf,"Cal-Access category PRIMARILY FORMED CANDIDATE: an independent committee that supports or opposes this person, not a committee they control; its money is not their fundraising."
fd7c76df-e0b0-4ffe-b027-cac9b331d1a7,f26309c8-2525-49b2-bdaf-62980cbb1853,Gavin Newsom,Governor,1406095,NEWSOM FOR GOVERNOR 2018; AFRICAN AMERICAN VOTER REGISTRATION EDUCATION AND PARTICIPATION PROJECT IN SUPPORT OF GAVIN,NEWSOM FOR GOVERNOR 2018; AFRICAN AMERICAN VOTER REGISTRATION EDUCATION AND PARTICIPATION PROJECT IN SUPPORT OF GAVIN,213,TERMINATED 10/20/2018,0:N/A,40102:PRIMARILY FORMED CANDIDATE,Gavin Newsom,"F460 x3, F497 x4",dispute_pf,"Cal-Access category PRIMARILY FORMED CANDIDATE: an independent committee that supports or opposes this person, not a committee they control; its money is not their fundraising."
2ba49952-9b0c-4965-a92e-df9bce8109cd,f26309c8-2525-49b2-bdaf-62980cbb1853,Gavin Newsom,Governor,1405859,NEWSOM FOR GOVERNOR 2018; EDUCATION ORGANIZATIONS FOR GAVIN,NEWSOM FOR GOVERNOR 2018; EDUCATION ORGANIZATIONS FOR GAVIN,916,TERMINATED 12/31/2018,0:N/A,40102:PRIMARILY FORMED CANDIDATE,Gavin Newsom,"F460 x5, F497 x6",dispute_pf,"Cal-Access category PRIMARILY FORMED CANDIDATE: an independent committee that supports or opposes this person, not a committee they control; its money is not their fundraising."
497e26ef-cb10-4b0b-bbdd-c3ee71fa8702,f26309c8-2525-49b2-bdaf-62980cbb1853,Gavin Newsom,Governor,1290430,"NEWSOM FOR MAYOR, GAVIN","NEWSOM FOR MAYOR, GAVIN",415,TERMINATED 10/10/2009,40002:CONTROLLED,0:N/A,Gavin Newsom,F460 x3,confirm,Cal-Access bulk export (2026-09-23): category CONTROLLED; controlling candidate Gavin Newsom (FILER_LINKS_CD / Form 460 cover); SOS e-filed reports F460 x3.
e6edecd6-ba7e-48f2-a0d7-f827df264aad,f26309c8-2525-49b2-bdaf-62980cbb1853,Gavin Newsom,Governor,1419867,NEWSOM; CALIFORNIANS TO RECALL GAVIN,NEWSOM; CALIFORNIANS TO RECALL GAVIN,916,TERMINATED 04/28/2020,0:N/A,40102:PRIMARILY FORMED CANDIDATE,,"F460 x4, F497 x4",dispute_pf,"Cal-Access category PRIMARILY FORMED CANDIDATE: an independent committee that supports or opposes this person, not a committee they control; its money is not their fundraising."
efc259ba-d1ee-4b5d-b9bb-f79a2555dacd,931cccf5-caee-4356-b71c-184d8f011c59,Gene Goss,Council Member,1344755,"GOSS FOR CITY COUNCIL 2012, GENE","GOSS FOR CITY COUNCIL 2012, GENE",626,TERMINATED 06/30/2013,40002:CONTROLLED,0:N/A,,,leave_no_sos_reports,"controlled by this person, but no SOS e-filed reports (files with a local filing officer): confirming would load no data and would show 'data pending' for ever"
2e32a8e3-07a7-41eb-9ab9-333bb491bd73,931cccf5-caee-4356-b71c-184d8f011c59,Gene Goss,Council Member,1362729,"GOSS FOR CITY COUNCIL 2014, GENE","GOSS FOR CITY COUNCIL 2014, GENE",626,TERMINATED 06/30/2014,40002:CONTROLLED,0:N/A,,,leave_no_sos_reports,"controlled by this person, but no SOS e-filed reports (files with a local filing officer): confirming would load no data and would show 'data pending' for ever"
62b4c3da-b7b7-4998-b319-69919b0f93ed,931cccf5-caee-4356-b71c-184d8f011c59,Gene Goss,Council Member,1402540,GOSS FOR CITY COUNCIL 2018; GENE,GOSS FOR CITY COUNCIL 2018; GENE,626,TERMINATED 11/30/2018,40002:CONTROLLED,0:N/A,,,leave_no_sos_reports,"controlled by this person, but no SOS e-filed reports (files with a local filing officer): confirming would load no data and would show 'data pending' for ever"
ffc10d27-2b15-4390-bd14-a44250888315,931cccf5-caee-4356-b71c-184d8f011c59,Gene Goss,Council Member,1452251,GOSS FOR CITY COUNCIL 2022; GENE,GOSS FOR CITY COUNCIL 2022; GENE,626,TERMINATED 12/31/2022,40002:CONTROLLED,0:N/A,,,leave_no_sos_reports,"controlled by this person, but no SOS e-filed reports (files with a local filing officer): confirming would load no data and would show 'data pending' for ever"
5de2ee39-60ef-4d72-bb7e-444e4e714156,3e73448b-bd10-4e6b-bf2a-c9368cf64af9,George Dotson,,1458910,DOTSON FOR CITY COUNCIL 2023; KEEP INGLEWOOD RISING IN SUPPORT OF GEORGE,DOTSON FOR CITY COUNCIL 2023; KEEP INGLEWOOD RISING IN SUPPORT OF GEORGE,213,TERMINATED 03/23/2023,0:N/A,40102:PRIMARILY FORMED CANDIDATE,,,dispute_pf,"Cal-Access category PRIMARILY FORMED CANDIDATE: an independent committee that supports or opposes this person, not a committee they control; its money is not their fundraising."
fbd0486b-fdc0-47ae-a3a0-6aa37af2db7f,2ffdbaa3-2d1e-4c16-89e8-26d50fd1e509,Georgina Tamayo,Council Member (District 1),1453392,TAMAYO FOR CITY COUNCIL 2022; GEORGINA,TAMAYO FOR CITY COUNCIL 2022; GEORGINA,562,TERMINATED 12/31/2024,40002:CONTROLLED,0:N/A,,,leave_no_sos_reports,"controlled by this person, but no SOS e-filed reports (files with a local filing officer): confirming would load no data and would show 'data pending' for ever"
1004daab-a626-47a2-a4ad-3a3a95823e64,7a04bf87-ab95-4ae7-a142-9899662637b1,Gloria D. Gray,Council Member (District 1),1317738,"GRAY FOR ASSEMBLY 2009, GLORIA","GRAY FOR ASSEMBLY 2009, GLORIA",213,TERMINATED 12/31/2014,40002:CONTROLLED,0:N/A,GLORIA GRAY,"F460 x17, F497 x10",confirm,"Cal-Access bulk export (2026-09-23): category CONTROLLED; controlling candidate GLORIA GRAY (FILER_LINKS_CD / Form 460 cover); SOS e-filed reports F460 x17, F497 x10."
7efe162f-4dd8-4f5e-9320-c0277a8ebee8,7a04bf87-ab95-4ae7-a142-9899662637b1,Gloria D. Gray,Council Member (District 1),1245980,"GRAY FOR CITY CLERK, GLORIA","GRAY FOR CITY CLERK, GLORIA",213,TERMINATED 06/30/2006,40002:CONTROLLED,0:N/A,,,leave_no_sos_reports,"controlled by this person, but no SOS e-filed reports (files with a local filing officer): confirming would load no data and would show 'data pending' for ever"
fcd00ad7-0ca4-4078-9f86-f673c60b33d0,7a04bf87-ab95-4ae7-a142-9899662637b1,Gloria D. Gray,Council Member (District 1),1450193,GRAY FOR CITY COUNCIL 2026; GLORIA,GRAY FOR CITY COUNCIL 2026; GLORIA,310,TERMINATED 07/27/2026,40002:CONTROLLED,0:N/A,,,leave_no_sos_reports,"controlled by this person, but no SOS e-filed reports (files with a local filing officer): confirming would load no data and would show 'data pending' for ever"
bd2b5c93-fa93-4c0d-9d77-b487d4996e50,7a04bf87-ab95-4ae7-a142-9899662637b1,Gloria D. Gray,Council Member (District 1),1069964,"GRAY FOR CITY COUNCIL, GLORIA","GRAY FOR CITY COUNCIL, GLORIA",213,TERMINATED 01/31/2003,40002:CONTROLLED,0:N/A,,,leave_no_sos_reports,"controlled by this person, but no SOS e-filed reports (files with a local filing officer): confirming would load no data and would show 'data pending' for ever"
2da180bd-388b-4613-a7c9-dce27d81cc01,7a04bf87-ab95-4ae7-a142-9899662637b1,Gloria D. Gray,Council Member (District 1),1273313,"GRAY FOR CITY COUNCIL, GLORIA","GRAY FOR CITY COUNCIL, GLORIA",213,TERMINATED 06/30/2006,40002:CONTROLLED,0:N/A,,,leave_no_sos_reports,"controlled by this person, but no SOS e-filed reports (files with a local filing officer): confirming would load no data and would show 'data pending' for ever"
8e96d33d-9aa0-4366-b534-67b05b90158c,7a04bf87-ab95-4ae7-a142-9899662637b1,Gloria D. Gray,Council Member (District 1),1289214,"GRAY FOR WEST BASIN WATER BOARD 2022, GLORIA","GRAY FOR WEST BASIN WATER BOARD 2022, GLORIA",310,ACTIVE,40002:CONTROLLED,0:N/A,GLORIA GRAY,F460 x19,confirm,Cal-Access bulk export (2026-09-23): category CONTROLLED; controlling candidate GLORIA GRAY (FILER_LINKS_CD / Form 460 cover); SOS e-filed reports F460 x19.
b69e21cc-a02a-483e-b2e7-81e19e80909a,7a04bf87-ab95-4ae7-a142-9899662637b1,Gloria D. Gray,Council Member (District 1),1232041,"GRAY, COMMITTEE TO ELECT GLORIA","GRAY, COMMITTEE TO ELECT GLORIA",213,TERMINATED 01/13/2003,40002:CONTROLLED,0:N/A,,,leave_no_sos_reports,"controlled by this person, but no SOS e-filed reports (files with a local filing officer): confirming would load no data and would show 'data pending' for ever"
956bff70-0479-4c6c-8fb0-5eeaa1f80bcb,4c098a3b-d1b4-4751-8ace-2100f43f20b5,Gloria Olmos,Mayor,1393080,OLMOS FOR MAYOR 2017; GLORIA,OLMOS FOR MAYOR 2017; GLORIA,626,ACTIVE,40002:CONTROLLED,0:N/A,,,leave_no_sos_reports,"controlled by this person, but no SOS e-filed reports (files with a local filing officer): confirming would load no data and would show 'data pending' for ever"
73adfa00-762f-488a-ad67-fe30133df86a,ba4cf33d-ddc6-429c-9cdc-ca98815fc9a7,Gretchen Shepherd Romey,Mayor,1397421,ROMEY TO COUNCIL 2017; COMMITTEE TO ELECT GRETCHEN SHEPHERD,ROMEY FOR CITY COUNCIL 2017; GRETCHEN SHEPHERD,626,TERMINATED 12/31/2017,40002:CONTROLLED,0:N/A,,,leave_no_sos_reports,"controlled by this person, but no SOS e-filed reports (files with a local filing officer): confirming would load no data and would show 'data pending' for ever"
aa36b1cb-19f1-4452-8f4a-be161a8d15df,4d8f32df-98d0-4942-acd6-66fb266e9086,Haylynn Conrad,Council Member,1474526,CONRAD FOR MALIBU CITY COUNCIL 2024; HAYLYNN,CONRAD FOR MALIBU CITY COUNCIL 2024; HAYLYNN,951,ACTIVE,40002:CONTROLLED,0:N/A,,,leave_no_sos_reports,"controlled by this person, but no SOS e-filed reports (files with a local filing officer): confirming would load no data and would show 'data pending' for ever"
57867323-4367-48ef-939a-22c755c65fe4,29a8c85b-2572-463c-8034-8986615d7717,Heather Hutt,Council Member,1476026,HUTT FOR CITY COUNCIL 2024 SPONSORED BY LOS ANGELES COUNTY FEDERATION OF LABOR AFL-CIO; WORKING FAMILIES IN SUPPORT OF HEATHER,HUTT FOR CITY COUNCIL 2024 SPONSORED BY LOS ANGELES COUNTY FEDERATION OF LABOR AFL-CIO; WORKING FAMILIES IN SUPPORT OF HEATHER,213,TERMINATED 06/30/2025,0:N/A,40102:PRIMARILY FORMED CANDIDATE,,,dispute_pf,"Cal-Access category PRIMARILY FORMED CANDIDATE: an independent committee that supports or opposes this person, not a committee they control; its money is not their fundraising."
1116d226-afc7-4e4d-b628-ba7b8a6681f3,29a8c85b-2572-463c-8034-8986615d7717,Heather Hutt,Council Member,1458184,HUTT FOR CITY COUNCIL 2024; HEATHER,HUTT FOR CITY COUNCIL 2024; HEATHER,442,ACTIVE,40002:CONTROLLED,0:N/A,,,leave_no_sos_reports,"controlled by this person, but no SOS e-filed reports (files with a local filing officer): confirming would load no data and would show 'data pending' for ever"
3f6c2cef-226c-4e3d-8408-25f86cbfbf7e,29a8c85b-2572-463c-8034-8986615d7717,Heather Hutt,Council Member,1466446,"HUTT FOR LOS ANGELES CITY COUNCIL 2024, SPONSORED BY WESTERN STATES REGIONAL COUNCIL OF CARPENTERS; BUILDING A STRONGER CALIFORNIA, SUPPORTING HEATHER","HUTT FOR LOS ANGELES CITY COUNCIL 2024, SPONSORED BY WESTERN STATES REGIONAL COUNCIL OF CARPENTERS; BUILDING A STRONGER CALIFORNIA, SUPPORTING HEATHER",916,TERMINATED 09/30/2024,0:N/A,40102:PRIMARILY FORMED CANDIDATE,,,dispute_pf,"Cal-Access category PRIMARILY FORMED CANDIDATE: an independent committee that supports or opposes this person, not a committee they control; its money is not their fundraising."
6241dfee-f85f-49cf-bcf0-2749630af839,29a8c85b-2572-463c-8034-8986615d7717,Heather Hutt,Council Member,1483612,HEATHER HUTT,"HUTT, HEATHER",213,ACTIVE,0:N/A,0:N/A,,,leave_filer_record,"a candidate filer record, not a committee: no contributions are filed under it"
fd66b515-5dc2-4e98-8d8d-acf6571c35c0,92d68971-8cc2-480b-8e29-9938f7a280f1,Hector Sosa,Councilmember,1448976,SOSA FOR DOWNEY CITY COUNCIL 2026; HECTOR,SOSA FOR DOWNEY CITY COUNCIL 2026; HECTOR,562,ACTIVE,40002:CONTROLLED,0:N/A,,,leave_no_sos_reports,"controlled by this person, but no SOS e-filed reports (files with a local filing officer): confirming would load no data and would show 'data pending' for ever"
9a655a51-ff3d-48e7-9996-ea572cc4ffb7,f1f3e6ca-5532-4f33-8ec2-64791b08f59b,Hilda L. Solis,Supervisor,1060659,"SOLIS FOR STATE SENATE, HILDA","SOLIS FOR STATE SENATE, HILDA",626,TERMINATED 06/22/2001,40002:CONTROLLED,0:N/A,"SOLIS, HILDA",,leave_no_sos_reports,"controlled by this person, but no SOS e-filed reports (files with a local filing officer): confirming would load no data and would show 'data pending' for ever"
ed98d12a-08e4-4c97-9c13-1570edfe5b09,fc5fda5f-f5bb-49bd-b7b3-b56eeaa6bb50,Holly J. Mitchell,Supervisor,1466771,"MITCHELL FOR COUNTY SUPERVISOR 2024, SPONSORED BY LA VOICE ACTION; WORKING FAMILIES FOR HOLLY","MITCHELL FOR COUNTY SUPERVISOR 2024, SPONSORED BY LA VOICE ACTION; WORKING FAMILIES FOR HOLLY",213,TERMINATED 09/27/2024,0:N/A,40102:PRIMARILY FORMED CANDIDATE,,,dispute_pf,"Cal-Access category PRIMARILY FORMED CANDIDATE: an independent committee that supports or opposes this person, not a committee they control; its money is not their fundraising."
61f3acdf-0b59-4c9f-be4f-a46bb1cc2d40,fc5fda5f-f5bb-49bd-b7b3-b56eeaa6bb50,Holly J. Mitchell,Supervisor,1304553,"MITCHELL, COMMITTEE TO ELECT HOLLY","MITCHELL, COMMITTEE TO ELECT HOLLY",661,TERMINATED 01/31/2009,40002:CONTROLLED,0:N/A,HOLLY MITCHELL,,leave_no_sos_reports,"controlled by this person, but no SOS e-filed reports (files with a local filing officer): confirming would load no data and would show 'data pending' for ever"
6d3f8eba-6d2b-4422-af9f-1878d2f05c33,b7c00468-c2b4-4e48-876b-d218f3b53eac,Houston Brignano,,1484787,BRIGNANO FOR STATE ASSEMBLY DISTRICT 66 2026; COMMITTEE TO ELECT HOUSTON,BRIGNANO FOR STATE ASSEMBLY DISTRICT 66 2026; COMMITTEE TO ELECT HOUSTON,310,TERMINATED 12/18/2025,40002:CONTROLLED,0:N/A,HOUSTON BRIGNANO,,leave_no_sos_reports,"controlled by this person, but no SOS e-filed reports (files with a local filing officer): confirming would load no data and would show 'data pending' for ever"
85069ecf-7a9f-4217-a514-1edecf76ea0b,0e00453c-c95f-4d44-a7af-cf1307850a00,Hugo Argumedo,Council Member,1373951,ARGUMEDO FOR CITY COUNCIL 2024; FRIENDS OF HUGO,ARGUMEDO FOR CITY COUNCIL 2024; FRIENDS OF HUGO,310,ACTIVE,40002:CONTROLLED,0:N/A,,,leave_no_sos_reports,"controlled by this person, but no SOS e-filed reports (files with a local filing officer): confirming would load no data and would show 'data pending' for ever"
6b3ecf81-889d-4b5b-bbc6-3c5a1a4a0d93,0e00453c-c95f-4d44-a7af-cf1307850a00,Hugo Argumedo,Council Member,1075486,"ARGUMEDO, FRIENDS OF HUGO A.","ARGUMEDO, FRIENDS OF HUGO A.",323,TERMINATED 06/30/2011,40002:CONTROLLED,0:N/A,,,leave_no_sos_reports,"controlled by this person, but no SOS e-filed reports (files with a local filing officer): confirming would load no data and would show 'data pending' for ever"
33976dbe-e626-4ee2-bd0f-70b4b09357c4,5cdd28b7-f8be-4968-bc1a-0e7928786980,Isaac G. Bryan,Assembly Member,1460187,BRYAN BALLOT MEASURE COMMITTEE; JUSTICE CA: ISAAC,BRYAN BALLOT MEASURE COMMITTEE; JUSTICE CA: ISAAC,213,ACTIVE,40002:CONTROLLED,40103:GENERAL PURPOSE,ISAAC BRYAN; Issac Bryan,"F460 x13, F497 x12",confirm,"Cal-Access bulk export (2026-09-23): category CONTROLLED; controlling candidate ISAAC BRYAN; Issac Bryan (FILER_LINKS_CD / Form 460 cover); SOS e-filed reports F460 x13, F497 x12."
38fc87bc-3d26-43ca-85d7-b5b06586c194,5cdd28b7-f8be-4968-bc1a-0e7928786980,Isaac G. Bryan,Assembly Member,1437763,"BRYAN FOR ASSEMBLY 2021 SPONSORED BY AMERICAN FEDERATION OF STATE, COUNTY AND MUNICIPAL EMPLOYEES LOCAL 3299; UCLA CUSTODIANS, COOKS, GROUDSKEEPERS AND NURSE ASSISTANTS SUPPORTING ISAAC","BRYAN FOR ASSEMBLY 2021 SPONSORED BY AMERICAN FEDERATION OF STATE, COUNTY AND MUNICIPAL EMPLOYEES LOCAL 3299; UCLA CUSTODIANS, COOKS, GROUDSKEEPERS AND NURSE ASSISTANTS SUPPORTING ISAAC",510,TERMINATED 08/23/2021,0:N/A,40102:PRIMARILY FORMED CANDIDATE,Isaac Bryan; Bryan Isaac,"F460 x3, F497 x4",dispute_pf,"Cal-Access category PRIMARILY FORMED CANDIDATE: an independent committee that supports or opposes this person, not a committee they control; its money is not their fundraising."
2935de15-7ed2-4a0a-9d53-ac683df75f6b,5cdd28b7-f8be-4968-bc1a-0e7928786980,Isaac G. Bryan,Assembly Member,1477261,ISAAC BRYAN,"BRYAN, ISAAC",213,ACTIVE,0:N/A,0:N/A,,,leave_filer_record,"a candidate filer record, not a committee: no contributions are filed under it"
19059992-5d16-4413-b3cc-2684e3a32f38,491acdc5-5b4b-4230-a959-762faba6cd88,Isabel Aguayo,Council Member,1424271,AGUAYO FOR PARAMOUNT CITY COUNCIL 2020; COMMITTEE TO ELECT ISABEL,AGUAYO FOR PARAMOUNT CITY COUNCIL 2020; COMMITTEE TO ELECT ISABEL,562,TERMINATED 11/30/2023,40002:CONTROLLED,0:N/A,,,leave_no_sos_reports,"controlled by this person, but no SOS e-filed reports (files with a local filing officer): confirming would load no data and would show 'data pending' for ever"
5f39b0c8-fc49-4a23-97a1-c3e1abdfcd76,fa591cc1-9072-447f-a913-dc14524a85dc,Ivan Altamirano,Mayor,1404798,ALTAMIRANO FOR ASSEMBLY 2018; THE COMMUNITY COALITION SUPPORTING IVAN,ALTAMIRANO FOR ASSEMBLY 2018 AND VILLARAIGOSA FOR GOVERNOR 2018; THE COMMUNITY COALITION SUPPORTING IVAN,818,TERMINATED 09/30/2019,0:N/A,40102:PRIMARILY FORMED CANDIDATE,Antonio Villaraigosa; Ivan Altamirano,"F460 x6, F497 x5",dispute_pf,"Cal-Access category PRIMARILY FORMED CANDIDATE: an independent committee that supports or opposes this person, not a committee they control; its money is not their fundraising."
31a54f61-9df2-4790-8ba6-156a937a58f1,fa591cc1-9072-447f-a913-dc14524a85dc,Ivan Altamirano,Mayor,1402554,"ALTAMIRANO FOR ASSEMBLY 2018, IVAN","ALTAMIRANO FOR ASSEMBLY 2018, IVAN",562,TERMINATED 06/30/2021,40002:CONTROLLED,0:N/A,IVAN ALTAMIRANO,"F460 x11, F497 x35",confirm,"Cal-Access bulk export (2026-09-23): category CONTROLLED; controlling candidate IVAN ALTAMIRANO (FILER_LINKS_CD / Form 460 cover); SOS e-filed reports F460 x11, F497 x35."
894c3bac-1b08-4769-a492-e61a960059ec,fa591cc1-9072-447f-a913-dc14524a85dc,Ivan Altamirano,Mayor,1353052,ALTAMIRANO FOR CITY COUNCIL 2026; IVAN,ALTAMIRANO FOR CITY COUNCIL 2026; IVAN,213,ACTIVE,40002:CONTROLLED,0:N/A,IVAN ALTAMIRANO,"F460 x10, F497 x1",confirm,"Cal-Access bulk export (2026-09-23): category CONTROLLED; controlling candidate IVAN ALTAMIRANO (FILER_LINKS_CD / Form 460 cover); SOS e-filed reports F460 x10, F497 x1."
236446a3-0af3-4c94-8154-cd48b71ae415,97285c92-b664-4687-a1e4-6d88cf9c7fe4,Jacqui Irwin,Assembly Member,1373767,IRWIN FOR ASSEMBLY 2016; JACQUI,IRWIN FOR ASSEMBLY 2016; JACQUI,916,TERMINATED 06/30/2017,40002:CONTROLLED,0:N/A,JACQUI IRWIN,"F460 x15, F497 x153",confirm,"Cal-Access bulk export (2026-09-23): category CONTROLLED; controlling candidate JACQUI IRWIN (FILER_LINKS_CD / Form 460 cover); SOS e-filed reports F460 x15, F497 x153."
12707d36-88b8-405e-9e9e-c7c70552a4ad,97285c92-b664-4687-a1e4-6d88cf9c7fe4,Jacqui Irwin,Assembly Member,1393074,IRWIN FOR ASSEMBLY 2018; JACQUI,IRWIN FOR ASSEMBLY 2018; JACQUI,916,TERMINATED 06/30/2019,40002:CONTROLLED,0:N/A,JACQUI IRWIN,"F460 x12, F497 x139",confirm,"Cal-Access bulk export (2026-09-23): category CONTROLLED; controlling candidate JACQUI IRWIN (FILER_LINKS_CD / Form 460 cover); SOS e-filed reports F460 x12, F497 x139."
aaef9b67-833c-4b96-85ba-69890e9f09be,97285c92-b664-4687-a1e4-6d88cf9c7fe4,Jacqui Irwin,Assembly Member,1267134,"IRWIN FOR CITY COUNCIL, JACQUI","IRWIN FOR CITY COUNCIL, JACQUI",,TERMINATED 06/15/2005,40002:CONTROLLED,0:N/A,,,leave_no_sos_reports,"controlled by this person, but no SOS e-filed reports (files with a local filing officer): confirming would load no data and would show 'data pending' for ever"
5a3d1454-3a39-482a-8e45-e04fd1511fd0,97285c92-b664-4687-a1e4-6d88cf9c7fe4,Jacqui Irwin,Assembly Member,1362508,"IRWIN FOR STATE ASSEMBLY 2014, JACQUI","IRWIN FOR STATE ASSEMBLY 2014, JACQUI",805,TERMINATED 03/12/2015,40002:CONTROLLED,0:N/A,JACQUI IRWIN,"F460 x15, F497 x134",confirm,"Cal-Access bulk export (2026-09-23): category CONTROLLED; controlling candidate JACQUI IRWIN (FILER_LINKS_CD / Form 460 cover); SOS e-filed reports F460 x15, F497 x134."
fe0ea0ff-29b1-41b5-a8b9-52eaacdd041f,f7e7461a-6416-4fda-965b-6dfd10dd1f12,James A Light,Mayor,1273888,"LIGHT, FRIENDS OF JIM","LIGHT, FRIENDS OF JIM",310,TERMINATED 07/27/2005,40002:CONTROLLED,0:N/A,,,leave_no_sos_reports,"controlled by this person, but no SOS e-filed reports (files with a local filing officer): confirming would load no data and would show 'data pending' for ever"
54635cb7-dee6-465b-bea4-44f0221f4e5d,e258ed0d-24fe-40a0-96d7-6ab22618aa71,James Gazeley,Council Member,1320944,"GAZELEY FOR LOMITA CITY COUNCIL 2009, COMMITTEE TO ELECT JAMES","GAZELEY FOR LOMITA CITY COUNCIL 2009, COMMITTEE TO ELECT JAMES",310,TERMINATED 01/15/2010,40002:CONTROLLED,0:N/A,,,leave_no_sos_reports,"controlled by this person, but no SOS e-filed reports (files with a local filing officer): confirming would load no data and would show 'data pending' for ever"
86be9354-6d91-4049-a23b-a6d1eb84bdfb,e258ed0d-24fe-40a0-96d7-6ab22618aa71,James Gazeley,Council Member,1359457,"GAZELEY FOR LOMITA CITY COUNCIL 2013, COMMITTEE TO ELECT JAMES","GAZELEY FOR LOMITA CITY COUNCIL 2013, COMMITTEE TO ELECT JAMES",310,ACTIVE,40002:CONTROLLED,0:N/A,,,leave_no_sos_reports,"controlled by this person, but no SOS e-filed reports (files with a local filing officer): confirming would load no data and would show 'data pending' for ever"
38bfb6f4-f046-4dc7-9dbc-dfad376a54ea,b9a1a62b-f63a-4a53-85fb-fd6ac911c0cd,James R. Bozajian,Mayor,1227797,BOZAJIAN CAMPAIGN COMMITTEE,BOZAJIAN FOR CALABASAS CITY COUNCIL 2026; JAMES,818,ACTIVE,40002:CONTROLLED,0:N/A,,,leave_no_sos_reports,"controlled by this person, but no SOS e-filed reports (files with a local filing officer): confirming would load no data and would show 'data pending' for ever"
f116979a-b7a0-4335-9d8b-81b204fc3b98,eba94628-3dc2-49d8-b6c5-3a95ceab0616,Janet Keo Conklin,Council Member,1481169,CONKLIN FOR ASSESSOR 2026; JANET,CONKLIN FOR ASSESSOR 2026; JANET,323,ACTIVE,40002:CONTROLLED,0:N/A,,,leave_no_sos_reports,"controlled by this person, but no SOS e-filed reports (files with a local filing officer): confirming would load no data and would show 'data pending' for ever"
1acb823e-a69f-4636-83f9-2e473ae3a066,eba94628-3dc2-49d8-b6c5-3a95ceab0616,Janet Keo Conklin,Council Member,1477622,CONKLIN FOR SENATE 2025; JANET K,CONKLIN FOR SENATE 2025; JANET K,213,TERMINATED 01/08/2025,40002:CONTROLLED,0:N/A,JANET K CONKLIN,F460 x1,confirm,Cal-Access bulk export (2026-09-23): category CONTROLLED; controlling candidate JANET K CONKLIN (FILER_LINKS_CD / Form 460 cover); SOS e-filed reports F460 x1.
516a1c7c-1333-4da6-91e6-e1d3c2a9999d,eba94628-3dc2-49d8-b6c5-3a95ceab0616,Janet Keo Conklin,Council Member,1480863,CONKLIN FOR SENATE 2026; JANET,CONKLIN FOR SENATE 2026; JANET,310,TERMINATED 05/14/2025,40002:CONTROLLED,0:N/A,JANET K CONKLIN; Janet Keo Conklin,F460 x1,confirm,Cal-Access bulk export (2026-09-23): category CONTROLLED; controlling candidate JANET K CONKLIN; Janet Keo Conklin (FILER_LINKS_CD / Form 460 cover); SOS e-filed reports F460 x1.
3f7a93aa-a3f2-46b1-a3c9-cb9d32bd556f,6640a2dd-0f1d-4f3e-a794-23e3cc716ae6,Janice Hahn,Supervisor,1378965,HAHN FOR SUPERVISOR 2016 ATTORNEY'S FEES FUND; JANICE,HAHN FOR SUPERVISOR 2016 ATTORNEY'S FEES FUND; JANICE,213,TERMINATED 04/28/2016,40002:CONTROLLED,0:N/A,,,leave_no_sos_reports,"controlled by this person, but no SOS e-filed reports (files with a local filing officer): confirming would load no data and would show 'data pending' for ever"
f0612d84-bb70-46de-9844-8cbbd99ad098,6640a2dd-0f1d-4f3e-a794-23e3cc716ae6,Janice Hahn,Supervisor,1392563,HAHN FOR SUPERVISOR 2016 ATTORNEY'S FEES FUND; JANICE,HAHN FOR SUPERVISOR 2016 ATTORNEY'S FEES FUND; JANICE,213,TERMINATED 12/28/2021,40002:CONTROLLED,0:N/A,,,leave_no_sos_reports,"controlled by this person, but no SOS e-filed reports (files with a local filing officer): confirming would load no data and would show 'data pending' for ever"
8baa8e1a-0bb7-44cd-b9bb-99e6d7551415,6640a2dd-0f1d-4f3e-a794-23e3cc716ae6,Janice Hahn,Supervisor,1391276,HAHN FOR SUPERVISOR 2016; NEIGHBORS UNITE SUPPORTING JANICE,"HAHN FOR SUPERVISOR 2016, MAJOR FUNDING BY SERVICE EMPLOYEES INTERNATIONAL UNION SEIU LOCAL 721; NEIGHBORS UNITED SUPPORTING JANICE",562,TERMINATED 07/25/2018,0:N/A,40102:PRIMARILY FORMED CANDIDATE,,,dispute_pf,"Cal-Access category PRIMARILY FORMED CANDIDATE: an independent committee that supports or opposes this person, not a committee they control; its money is not their fundraising."
857ad2eb-bbb6-4d6b-ab8d-08ec6a840881,6640a2dd-0f1d-4f3e-a794-23e3cc716ae6,Janice Hahn,Supervisor,1392298,HAHN FOR SUPERVISOR 2016; COALITION FOR TODAY IN SUPPORT OF JANICE,HAHN FOR SUPERVISOR 2016; COALITION FOR TODAY IN SUPPORT OF JANICE,213,TERMINATED 12/31/2017,40002:CONTROLLED,0:N/A,,,leave_no_sos_reports,"controlled by this person, but no SOS e-filed reports (files with a local filing officer): confirming would load no data and would show 'data pending' for ever"
9dbe6dcb-c96a-4576-a347-370f022b1848,6640a2dd-0f1d-4f3e-a794-23e3cc716ae6,Janice Hahn,Supervisor,1066639,"HAHN, JANICE FOR ASSEMBLY","HAHN, JANICE FOR ASSEMBLY",310,TERMINATED 12/13/1995,40002:CONTROLLED,0:N/A,JANICE K. HAHN,,leave_no_sos_reports,"controlled by this person, but no SOS e-filed reports (files with a local filing officer): confirming would load no data and would show 'data pending' for ever"
8d9c4b02-0643-4719-8125-ba50ee17fb51,434cd9b0-ce80-42fd-b71d-f221349e33f5,Jason Gibbs,Council Member (District 3),1406598,GIBBS FOR CITY COUNCIL 2018; JASON,GIBBS FOR CITY COUNCIL 2018; JASON,805,TERMINATED 08/10/2021,40002:CONTROLLED,0:N/A,,,leave_no_sos_reports,"controlled by this person, but no SOS e-filed reports (files with a local filing officer): confirming would load no data and would show 'data pending' for ever"
2f788131-7068-46c8-b858-5a24a28a1ddd,434cd9b0-ce80-42fd-b71d-f221349e33f5,Jason Gibbs,Council Member (District 3),1419551,GIBBS FOR CITY COUNCIL 2020; JASON,GIBBS FOR CITY COUNCIL 2020; JASON,805,TERMINATED 08/10/2021,40002:CONTROLLED,0:N/A,,,leave_no_sos_reports,"controlled by this person, but no SOS e-filed reports (files with a local filing officer): confirming would load no data and would show 'data pending' for ever"
a19137f8-07a7-433b-b4dd-dc44581dd33b,434cd9b0-ce80-42fd-b71d-f221349e33f5,Jason Gibbs,Council Member (District 3),1456775,GIBBS FOR CITY COUNCIL 2024; JASON,GIBBS FOR CITY COUNCIL 2024; JASON,805,TERMINATED 03/11/2025,40002:CONTROLLED,0:N/A,,,leave_no_sos_reports,"controlled by this person, but no SOS e-filed reports (files with a local filing officer): confirming would load no data and would show 'data pending' for ever"
21806c49-4b7d-4e93-8812-6e7ddc1d9661,434cd9b0-ce80-42fd-b71d-f221349e33f5,Jason Gibbs,Council Member (District 3),1480110,GIBBS FOR CITY COUNCIL 2028; JASON,GIBBS FOR CITY COUNCIL 2028; JASON,805,ACTIVE,40002:CONTROLLED,0:N/A,,,leave_no_sos_reports,"controlled by this person, but no SOS e-filed reports (files with a local filing officer): confirming would load no data and would show 'data pending' for ever"
4d0f1661-e628-4154-98bd-b77a8a0653e4,0d3f6eaf-8f8e-4ec3-a2e7-a8e67487450e,Jason Lyon,Councilmember,1439310,LYON FOR PASADENA CITY COUNCIL (2026); JASON,LYON FOR PASADENA CITY COUNCIL (2026); JASON,626,ACTIVE,40002:CONTROLLED,0:N/A,,,leave_no_sos_reports,"controlled by this person, but no SOS e-filed reports (files with a local filing officer): confirming would load no data and would show 'data pending' for ever"
a4c9cbc2-569f-49a9-a86f-ff726a0bb3cc,18db5d61-6bce-4f55-ad45-bed01f329548,Jay Obernolte,Representative,1362834,"OBERNOLTE FOR ASSEMBLY 2014, JAY","OBERNOLTE FOR ASSEMBLY 2014, JAY",916,TERMINATED 02/15/2020,40002:CONTROLLED,0:N/A,JAY OBERNOLTE,"F460 x31, F497 x52",confirm,"Cal-Access bulk export (2026-09-23): category CONTROLLED; controlling candidate JAY OBERNOLTE (FILER_LINKS_CD / Form 460 cover); SOS e-filed reports F460 x31, F497 x52."
4bfb00ab-333f-4782-a3d8-b6a465769269,18db5d61-6bce-4f55-ad45-bed01f329548,Jay Obernolte,Representative,1374093,OBERNOLTE FOR ASSEMBLY 2016; JAY,OBERNOLTE FOR ASSEMBLY 2016; JAY,916,TERMINATED 04/21/2018,40002:CONTROLLED,0:N/A,JAY OBERNOLTE,"F450 x1, F460 x13, F497 x71",confirm,"Cal-Access bulk export (2026-09-23): category CONTROLLED; controlling candidate JAY OBERNOLTE (FILER_LINKS_CD / Form 460 cover); SOS e-filed reports F450 x1, F460 x13, F497 x71."
8ef7bdb1-2f18-41b1-86cc-dc016eaad3d1,18db5d61-6bce-4f55-ad45-bed01f329548,Jay Obernolte,Representative,1392884,OBERNOLTE FOR ASSEMBLY 2018; JAY,OBERNOLTE FOR ASSEMBLY 2018; JAY,916,TERMINATED 12/31/2019,40002:CONTROLLED,0:N/A,JAY OBERNOLTE,"F460 x13, F497 x84",confirm,"Cal-Access bulk export (2026-09-23): category CONTROLLED; controlling candidate JAY OBERNOLTE (FILER_LINKS_CD / Form 460 cover); SOS e-filed reports F460 x13, F497 x84."
2efbf707-ac80-47e0-b209-344f5a8a335c,18db5d61-6bce-4f55-ad45-bed01f329548,Jay Obernolte,Representative,1414881,OBERNOLTE FOR ASSEMBLY 2020; JAY,OBERNOLTE FOR ASSEMBLY 2020; JAY,916,TERMINATED 12/31/2020,40002:CONTROLLED,0:N/A,JAY OBERNOLTE,"F460 x11, F497 x5",confirm,"Cal-Access bulk export (2026-09-23): category CONTROLLED; controlling candidate JAY OBERNOLTE (FILER_LINKS_CD / Form 460 cover); SOS e-filed reports F460 x11, F497 x5."
981989bf-3cd9-42a5-be08-d88303e72673,18db5d61-6bce-4f55-ad45-bed01f329548,Jay Obernolte,Representative,1327455,"OBERNOLTE FOR CITY COUNCIL 2010, JAY","OBERNOLTE FOR CITY COUNCIL 2010, JAY",909,TERMINATED 12/19/2010,40002:CONTROLLED,0:N/A,,,leave_no_sos_reports,"controlled by this person, but no SOS e-filed reports (files with a local filing officer): confirming would load no data and would show 'data pending' for ever"
b977bd38-7219-46ee-8fbf-7ad8af302a07,b4156310-2dce-4667-bac6-b713e1d1bb6f,Jeanne K. Hobson,Council Member,1464134,HOBSON FOR CITY COUNCIL 2024; JEANNE,HOBSON FOR CITY COUNCIL 2024; JEANNE,213,TERMINATED 06/30/2024,40002:CONTROLLED,0:N/A,,,leave_no_sos_reports,"controlled by this person, but no SOS e-filed reports (files with a local filing officer): confirming would load no data and would show 'data pending' for ever"
882e9147-a69f-401c-9486-8a470dc037f8,da8e58bc-7a02-41ed-a8c6-7d7ad087c7b3,Jed Leano,Council Member (District 4),1457815,LEANO FOR ASSEMBLY 2024; JED,LEANO FOR ASSEMBLY 2024; JED,916,TERMINATED 04/01/2024,40002:CONTROLLED,0:N/A,JED LEANO,"F460 x8, F497 x34",confirm,"Cal-Access bulk export (2026-09-23): category CONTROLLED; controlling candidate JED LEANO (FILER_LINKS_CD / Form 460 cover); SOS e-filed reports F460 x8, F497 x34."
25211b19-776e-436e-9474-72bad7f54be8,da8e58bc-7a02-41ed-a8c6-7d7ad087c7b3,Jed Leano,Council Member (District 4),1439467,LEANO FOR CITY COUNCIL 2022; JED,LEANO FOR CITY COUNCIL 2022; JED,714,TERMINATED 06/28/2023,40002:CONTROLLED,0:N/A,Jed Leano,F460 x1,confirm,Cal-Access bulk export (2026-09-23): category CONTROLLED; controlling candidate Jed Leano (FILER_LINKS_CD / Form 460 cover); SOS e-filed reports F460 x1.
10458b2e-1ed7-4c97-a281-fbb243921f4d,da8e58bc-7a02-41ed-a8c6-7d7ad087c7b3,Jed Leano,Council Member (District 4),1404831,LEANO FOR CLAREMONT CITY COUNCIL 2018; JED,LEANO FOR CLAREMONT CITY COUNCIL 2018; JED,714,TERMINATED 12/31/2018,40002:CONTROLLED,0:N/A,,,leave_no_sos_reports,"controlled by this person, but no SOS e-filed reports (files with a local filing officer): confirming would load no data and would show 'data pending' for ever"
79ac5700-01b5-427d-866a-51a4273b20e7,84c5018c-bd47-41df-8192-64d1ace15712,Jeff Baird,,1398973,BAIRD FOR HIGH SCHOOL BOARD 2017; JEFF,BAIRD FOR HIGH SCHOOL BOARD 2017; JEFF,562,TERMINATED 06/30/2018,40002:CONTROLLED,0:N/A,,,leave_no_sos_reports,"controlled by this person, but no SOS e-filed reports (files with a local filing officer): confirming would load no data and would show 'data pending' for ever"
7a015289-38a9-46a2-850a-016d9150d807,84c5018c-bd47-41df-8192-64d1ace15712,Jeff Baird,,1059963,"BAIRD FOR SCHOOL BOARD, JEFF","BAIRD FOR SCHOOL BOARD 2013, JEFF",562,TERMINATED 07/27/2015,40002:CONTROLLED,0:N/A,,,leave_no_sos_reports,"controlled by this person, but no SOS e-filed reports (files with a local filing officer): confirming would load no data and would show 'data pending' for ever"
fea6d17f-dada-4eb9-a98b-7365c97e8113,85233a92-ce12-4567-910e-be1776cd4aac,Jeff Prang,Assessor,1070275,"PRANG 2013 OFFICEHOLDER ACCOUNT, WEST HOLLYWOOD COUNCILMEMBER JEFFREY","PRANG 2013 OFFICEHOLDER ACCOUNT, WEST HOLLYWOOD COUNCILMEMBER JEFFREY",323,TERMINATED 12/31/2014,40002:CONTROLLED,0:N/A,,,leave_no_sos_reports,"controlled by this person, but no SOS e-filed reports (files with a local filing officer): confirming would load no data and would show 'data pending' for ever"
f5965146-210d-444e-9f6b-7072a264b430,939b40cf-dce4-4c7d-a6bf-8ca6fac6f194,Jeff Wood,Council Member,1328444,"WOOD FOR CITY COUNCIL 2015, JEFF","WOOD FOR CITY COUNCIL 2015, JEFF",562,TERMINATED 12/31/2014,40002:CONTROLLED,0:N/A,,,leave_no_sos_reports,"controlled by this person, but no SOS e-filed reports (files with a local filing officer): confirming would load no data and would show 'data pending' for ever"
6e4e2d74-c451-4806-ab50-268d01e04346,939b40cf-dce4-4c7d-a6bf-8ca6fac6f194,Jeff Wood,Council Member,1404710,WOOD FOR LAKEWOOD CITY COUNCIL 2019; JEFF,WOOD FOR LAKEWOOD CITY COUNCIL 2020; JEFF,562,TERMINATED 06/16/2020,40002:CONTROLLED,0:N/A,,,leave_no_sos_reports,"controlled by this person, but no SOS e-filed reports (files with a local filing officer): confirming would load no data and would show 'data pending' for ever"
bbca2ff8-9eed-4619-9b85-2f7949508b8d,939b40cf-dce4-4c7d-a6bf-8ca6fac6f194,Jeff Wood,Council Member,1446298,WOOD FOR LAKEWOOD CITY COUNCIL 2024 - DISTRICT 3; JEFF,WOOD FOR LAKEWOOD CITY COUNCIL 2024 - DISTRICT 3; JEFF,562,TERMINATED 06/13/2024,40002:CONTROLLED,0:N/A,,,leave_no_sos_reports,"controlled by this person, but no SOS e-filed reports (files with a local filing officer): confirming would load no data and would show 'data pending' for ever"
633decb9-618f-413f-83c0-bf0e3bd6a2ab,4ef6ef6a-7a0c-4f66-bc9e-3e923ce4965d,Jen Fenton,Board Member,1450833,FENTON TO MANHATTAN BEACH SCHOOL BOARD 2022; COMMITTEE TO ELECT JEN,FENTON TO MANHATTAN BEACH SCHOOL BOARD 2022; COMMITTEE TO ELECT JEN,310,TERMINATED 12/31/2022,40002:CONTROLLED,0:N/A,,,leave_no_sos_reports,"controlled by this person, but no SOS e-filed reports (files with a local filing officer): confirming would load no data and would show 'data pending' for ever"
ea77c829-184a-4642-9ebe-d67f2bb2c501,df7e4a1a-14d1-4044-9f81-2936486b3d4a,Jennifer Cochran,,1360163,"COCHRAN GOVERNING BOARD 2013, COMMITTEE TO ELECT JENNIFER","COCHRAN GOVERNING BOARD 2013, COMMITTEE TO ELECT JENNIFER",310,TERMINATED 12/20/2013,40002:CONTROLLED,0:N/A,,,leave_no_sos_reports,"controlled by this person, but no SOS e-filed reports (files with a local filing officer): confirming would load no data and would show 'data pending' for ever"
1d0fbf01-2d7f-47cd-beb6-f7b7842df226,6b7c665d-4930-4dfc-ab31-53ceeb84ee60,Jennifer Hong,Council Member,1477655,HONG FOR CERRITOS CITY COUNCIL 2025; JENNIFER,HONG FOR CERRITOS CITY COUNCIL 2025; JENNIFER,442,ACTIVE,40002:CONTROLLED,0:N/A,,,leave_no_sos_reports,"controlled by this person, but no SOS e-filed reports (files with a local filing officer): confirming would load no data and would show 'data pending' for ever"
7e257c9d-a2f3-46ac-a34c-d18db0eef210,6b7c665d-4930-4dfc-ab31-53ceeb84ee60,Jennifer Hong,Council Member,1421151,HONG FOR CITY COUNCIL 2020; JENNIFER,HONG FOR CITY COUNCIL 2020; JENNIFER,562,TERMINATED 12/31/2021,40002:CONTROLLED,0:N/A,,,leave_no_sos_reports,"controlled by this person, but no SOS e-filed reports (files with a local filing officer): confirming would load no data and would show 'data pending' for ever"
a5d621e8-05ff-41aa-8e74-513b819d38a8,6b7c665d-4930-4dfc-ab31-53ceeb84ee60,Jennifer Hong,Council Member,1442367,HONG FOR CITY COUNCIL 2022; JENNIFER,HONG FOR CITY COUNCIL 2022; JENNIFER,442,ACTIVE,40002:CONTROLLED,0:N/A,,,leave_no_sos_reports,"controlled by this person, but no SOS e-filed reports (files with a local filing officer): confirming would load no data and would show 'data pending' for ever"
4711cc69-4b89-4a9b-bab7-3f2965e0eea4,3ed36508-9ae9-41af-aaba-e5e39bb87aa7,Jennifer Perez,Mayor,1388419,PEREZ FOR NORWALK CITY COUNCIL 2017; COMMITTEE TO ELECT JENNIFER,PEREZ FOR NORWALK CITY COUNCIL 2017; COMMITTEE TO ELECT JENNIFER,562,TERMINATED 06/30/2022,40002:CONTROLLED,0:N/A,,,leave_no_sos_reports,"controlled by this person, but no SOS e-filed reports (files with a local filing officer): confirming would load no data and would show 'data pending' for ever"
488e0480-3543-4125-836c-db5b28499eaa,d8767eea-759a-4298-9e3b-089659d15732,Jeremy Gerson,Council Member,1464810,GERSON FOR CITY COUNCIL 2024; JEREMY,GERSON FOR CITY COUNCIL 2024; JEREMY,213,TERMINATED 02/05/2025,40002:CONTROLLED,0:N/A,,,leave_no_sos_reports,"controlled by this person, but no SOS e-filed reports (files with a local filing officer): confirming would load no data and would show 'data pending' for ever"
7cd9f7ea-2fa0-4611-9a9a-b9ade1f19104,f173ce9a-6941-4570-bd3f-97bc1157beaf,Jesse Gabriel,Assembly Member,1402641,"GABRIEL FOR ASSEMBLY 2018, ELECT JESSE","GABRIEL FOR ASSEMBLY 2018, ELECT JESSE",916,TERMINATED 03/19/2019,40002:CONTROLLED,0:N/A,JESSE GABRIEL,"F460 x8, F497 x93",confirm,"Cal-Access bulk export (2026-09-23): category CONTROLLED; controlling candidate JESSE GABRIEL (FILER_LINKS_CD / Form 460 cover); SOS e-filed reports F460 x8, F497 x93."
f994faf2-64de-4e00-9009-79987bf4b594,f173ce9a-6941-4570-bd3f-97bc1157beaf,Jesse Gabriel,Assembly Member,1400729,GABRIEL FOR ASSEMBLY 2018; JESSE,GABRIEL FOR ASSEMBLY 2018; JESSE,213,TERMINATED 07/27/2018,40002:CONTROLLED,0:N/A,JESSE GABRIEL,"F460 x8, F497 x92",confirm,"Cal-Access bulk export (2026-09-23): category CONTROLLED; controlling candidate JESSE GABRIEL (FILER_LINKS_CD / Form 460 cover); SOS e-filed reports F460 x8, F497 x92."
41ef55e7-bc51-45a4-8f87-a554d684c47f,f173ce9a-6941-4570-bd3f-97bc1157beaf,Jesse Gabriel,Assembly Member,1414962,GABRIEL FOR ASSEMBLY 2020; JESSE,GABRIEL FOR ASSEMBLY 2020; JESSE,213,TERMINATED 12/31/2020,40002:CONTROLLED,0:N/A,JESSE GABRIEL,"F460 x8, F497 x106",confirm,"Cal-Access bulk export (2026-09-23): category CONTROLLED; controlling candidate JESSE GABRIEL (FILER_LINKS_CD / Form 460 cover); SOS e-filed reports F460 x8, F497 x106."
ced138b2-3fd6-415b-aa25-5521838f5e0e,f173ce9a-6941-4570-bd3f-97bc1157beaf,Jesse Gabriel,Assembly Member,1434953,GABRIEL FOR ASSEMBLY 2022; JESSE,GABRIEL FOR ASSEMBLY 2022; JESSE,213,TERMINATED 08/30/2023,40002:CONTROLLED,0:N/A,JESSE GABRIEL,"F460 x15, F497 x107",confirm,"Cal-Access bulk export (2026-09-23): category CONTROLLED; controlling candidate JESSE GABRIEL (FILER_LINKS_CD / Form 460 cover); SOS e-filed reports F460 x15, F497 x107."
b3c36f2f-82ac-478a-b0f3-5cd6e528c220,f173ce9a-6941-4570-bd3f-97bc1157beaf,Jesse Gabriel,Assembly Member,1456615,GABRIEL FOR ASSEMBLY 2024; JESSE,GABRIEL FOR ASSEMBLY 2024; JESSE,213,TERMINATED 10/31/2025,40002:CONTROLLED,0:N/A,JESSE GABRIEL,"F460 x13, F497 x165",confirm,"Cal-Access bulk export (2026-09-23): category CONTROLLED; controlling candidate JESSE GABRIEL (FILER_LINKS_CD / Form 460 cover); SOS e-filed reports F460 x13, F497 x165."
f5c4d42d-cd30-48c4-b980-b71cd324bbf3,f173ce9a-6941-4570-bd3f-97bc1157beaf,Jesse Gabriel,Assembly Member,1485445,GABRIEL FOR ATTORNEY GENERAL 2026; JESSE,GABRIEL FOR ATTORNEY GENERAL 2026; JESSE,213,ACTIVE,40002:CONTROLLED,0:N/A,JESSE GABRIEL,"F460 x5, F497 x5",confirm,"Cal-Access bulk export (2026-09-23): category CONTROLLED; controlling candidate JESSE GABRIEL (FILER_LINKS_CD / Form 460 cover); SOS e-filed reports F460 x5, F497 x5."
2b615f13-61c0-41a0-acd2-9fa024c0719d,f173ce9a-6941-4570-bd3f-97bc1157beaf,Jesse Gabriel,Assembly Member,1485332,"GABRIEL; UNITED FOR JUSTICE, A BALLOT MEASURE COMMITTEE CONTROLLED BY JESSE","GABRIEL; UNITED FOR JUSTICE, A BALLOT MEASURE COMMITTEE CONTROLLED BY JESSE",213,ACTIVE,40002:CONTROLLED,40103:GENERAL PURPOSE,JESSE GABRIEL,"F460 x4, F497 x8",confirm,"Cal-Access bulk export (2026-09-23): category CONTROLLED; controlling candidate JESSE GABRIEL (FILER_LINKS_CD / Form 460 cover); SOS e-filed reports F460 x4, F497 x8."
da4a05d7-aef9-4535-82f7-450c3e24f6b7,c7f76380-249c-436b-824c-ba44ff496c40,Jessica Ancona,Mayor,1360275,"ANCONA FOR SCHOOL BOARD 2013, SUPPORTERS OF JESSICA","ANCONA FOR SCHOOL BOARD 2013, SUPPORTERS OF JESSICA",626,TERMINATED 11/09/2015,40002:CONTROLLED,0:N/A,,,leave_no_sos_reports,"controlled by this person, but no SOS e-filed reports (files with a local filing officer): confirming would load no data and would show 'data pending' for ever"
3b496e9c-03b6-4dc3-a95e-569c68dbc173,685f2150-7b2a-4f94-992c-bf0cf23ffa69,Jessica M. Caloza,Assembly Member,1473341,"CALOZA FOR ASSEMBLY 2024, SPONSORED BY GOLDEN STATE LEADERSHIP FUND PAC; FREEDOM FUND - JESSICA","CALOZA FOR ASSEMBLY 2024, SPONSORED BY GOLDEN STATE LEADERSHIP FUND PAC; FREEDOM FUND - JESSICA",213,TERMINATED 06/10/2025,0:N/A,40102:PRIMARILY FORMED CANDIDATE,JESSICA CALOZA,"F460 x4, F497 x5",dispute_pf,"Cal-Access category PRIMARILY FORMED CANDIDATE: an independent committee that supports or opposes this person, not a committee they control; its money is not their fundraising."
70cc7485-2969-4b75-88b5-c751d6560724,685f2150-7b2a-4f94-992c-bf0cf23ffa69,Jessica M. Caloza,Assembly Member,1467374,JESSICA CALOZA,"CALOZA, JESSICA",213,ACTIVE,0:N/A,0:N/A,,,leave_filer_record,"a candidate filer record, not a committee: no contributions are filed under it"
0057da64-921f-4fa1-8b97-7927d6ece1fe,685f2150-7b2a-4f94-992c-bf0cf23ffa69,Jessica M. Caloza,Assembly Member,1476899,JESSICA CALOZA,"CALOZA, JESSICA",916,ACTIVE,0:N/A,0:N/A,,,leave_filer_record,"a candidate filer record, not a committee: no contributions are filed under it"
791835c6-7665-4f3b-a108-a5a58c5b471b,31409962-7388-40da-bb5c-07146fb353bd,Jim Roos,Council Member,1429267,ROOS FOR PALOS VERDES ESTATES CITY COUNCIL 2020; JIM,ROOS FOR PALOS VERDES ESTATES CITY COUNCIL 2020; JIM,310,TERMINATED 12/07/2020,40002:CONTROLLED,0:N/A,,,leave_no_sos_reports,"controlled by this person, but no SOS e-filed reports (files with a local filing officer): confirming would load no data and would show 'data pending' for ever"
9864d903-a59e-41e2-aa4c-3240aab0dcf8,d2e60dbe-31b5-44e0-9c95-b95b65bdb697,Joe Franklin,Council Member,1469170,FRANKLIN FOR CITY COUNCIL 2024; RE-ELECT JOE,FRANKLIN FOR CITY COUNCIL 2024; RE-ELECT JOE,310,TERMINATED 06/30/2025,40002:CONTROLLED,0:N/A,,,leave_no_sos_reports,"controlled by this person, but no SOS e-filed reports (files with a local filing officer): confirming would load no data and would show 'data pending' for ever"
e17198a3-5ddc-4198-ab3c-120c320e486b,d2e60dbe-31b5-44e0-9c95-b95b65bdb697,Joe Franklin,Council Member,1414106,FRANKLIN FOR MANHATTAN BEACH CITY COUNCIL 2019; JOE,FRANKLIN FOR MANHATTAN BEACH CITY COUNCIL 2019; JOE,213,TERMINATED 04/23/2019,40002:CONTROLLED,0:N/A,,,leave_no_sos_reports,"controlled by this person, but no SOS e-filed reports (files with a local filing officer): confirming would load no data and would show 'data pending' for ever"
4972d099-8d5c-4e6c-9596-b066d3690769,b6e6ecef-e4c6-4d2a-a0fc-f777706f7138,Joe Males,,1440863,MALES CITY COUNCIL 2021; JOE,MALES CITY COUNCIL 2021; JOE,951,ACTIVE,40002:CONTROLLED,0:N/A,,,leave_no_sos_reports,"controlled by this person, but no SOS e-filed reports (files with a local filing officer): confirming would load no data and would show 'data pending' for ever"
356e8f9a-feca-46c1-ba5d-28c3645334e6,b6e6ecef-e4c6-4d2a-a0fc-f777706f7138,Joe Males,,1430062,MALES FOR CITY COUNCIL 2020; JOE,MALES FOR CITY COUNCIL 2020; JOE,951,TERMINATED 08/01/2021,40002:CONTROLLED,0:N/A,,,leave_no_sos_reports,"controlled by this person, but no SOS e-filed reports (files with a local filing officer): confirming would load no data and would show 'data pending' for ever"
a56e2aae-ab14-4032-bca8-35f417f75b4c,b6e6ecef-e4c6-4d2a-a0fc-f777706f7138,Joe Males,,1472048,MALES FOR CITY COUNCIL 2024; JOE,MALES FOR CITY COUNCIL 2024; JOE,909,TERMINATED 02/06/2026,40002:CONTROLLED,0:N/A,,,leave_no_sos_reports,"controlled by this person, but no SOS e-filed reports (files with a local filing officer): confirming would load no data and would show 'data pending' for ever"
f3009520-82aa-4035-a481-9b17666f5142,4cee37b3-76a5-40f8-ad03-f30be18886aa,Joe Messina,Board Member (Trustee Area 5),1258220,"MESSINA FOR WM. S. HART SCHOOL DISTRICT, COMMITTEE TO ELECT JOE","MESSINA FOR HART BOARD 2022, AREA 5; COMMITTEE TO RE-ELECT JOE",661,TERMINATED 12/15/2023,40002:CONTROLLED,0:N/A,,,leave_no_sos_reports,"controlled by this person, but no SOS e-filed reports (files with a local filing officer): confirming would load no data and would show 'data pending' for ever"
37096caa-4a3e-48ae-9e32-aa5cfca39e28,4cee37b3-76a5-40f8-ad03-f30be18886aa,Joe Messina,Board Member (Trustee Area 5),1477097,MESSINA FOR SANTA CLARITA CITY COUNCIL 2026 AREA 4; JOE,MESSINA FOR SANTA CLARITA CITY COUNCIL 2026 AREA 4; JOE,661,TERMINATED 12/25/2025,40002:CONTROLLED,0:N/A,,,leave_no_sos_reports,"controlled by this person, but no SOS e-filed reports (files with a local filing officer): confirming would load no data and would show 'data pending' for ever"
8c7d5512-10c3-43e2-a9de-e9a39efd763e,4cee37b3-76a5-40f8-ad03-f30be18886aa,Joe Messina,Board Member (Trustee Area 5),1485242,"MESSINA FOR WM S HART UNION HIGH SCHOOL DISTRICT 2026, TRUSTEE AREA 5; JOE","MESSINA FOR WM S HART UNION HIGH SCHOOL DISTRICT 2026, TRUSTEE AREA 5; JOE",661,ACTIVE,40002:CONTROLLED,0:N/A,,,leave_no_sos_reports,"controlled by this person, but no SOS e-filed reports (files with a local filing officer): confirming would load no data and would show 'data pending' for ever"
52cccc34-9213-4831-bbef-24f71c92ea5e,30f6667d-a88b-46e4-91d8-678130ae37b6,John A. Mirisch,,1392930,MIRISCH - BEVERLY HILLS CITY COUNCIL 2022; REELECT JOHN,MIRISCH - BEVERLY HILLS CITY COUNCIL 2022; REELECT JOHN,323,ACTIVE,40002:CONTROLLED,0:N/A,,,leave_no_sos_reports,"controlled by this person, but no SOS e-filed reports (files with a local filing officer): confirming would load no data and would show 'data pending' for ever"
3062546f-4fd5-4b86-8f15-aa494840f949,30f6667d-a88b-46e4-91d8-678130ae37b6,John A. Mirisch,,1313820,"MIRISCH FOR CITY COUNCIL 2013, JOHN","MIRISCH FOR CITY COUNCIL 2013, JOHN",323,TERMINATED 07/31/2013,40002:CONTROLLED,0:N/A,,,leave_no_sos_reports,"controlled by this person, but no SOS e-filed reports (files with a local filing officer): confirming would load no data and would show 'data pending' for ever"
aa594c31-1a04-4599-bb92-8e56c95c8c93,0aef6a35-2e2a-4ca9-90ea-f01225b6a033,John Chou,Council Member,1472046,CHOU FOR SAN MARINO CITY COUNCIL 2024; JOHN,CHOU FOR SAN MARINO CITY COUNCIL 2024; JOHN,626,ACTIVE,40002:CONTROLLED,0:N/A,,,leave_no_sos_reports,"controlled by this person, but no SOS e-filed reports (files with a local filing officer): confirming would load no data and would show 'data pending' for ever"
2c4fb901-7cf4-4b93-862e-ccd8cf73f651,0acbacdd-a873-4e5e-aad9-fa5eca6d7b1e,John Harabedian,Assembly Member,1462230,HARABEDIAN FOR ASSEMBLY 2024; JOHN,HARABEDIAN FOR ASSEMBLY 2024; JOHN,323,TERMINATED 06/30/2025,40002:CONTROLLED,0:N/A,JOHN HARABEDIAN,"F460 x8, F497 x136",confirm,"Cal-Access bulk export (2026-09-23): category CONTROLLED; controlling candidate JOHN HARABEDIAN (FILER_LINKS_CD / Form 460 cover); SOS e-filed reports F460 x8, F497 x136."
9c476f27-f49d-4047-b2ec-0b7710699145,0acbacdd-a873-4e5e-aad9-fa5eca6d7b1e,John Harabedian,Assembly Member,1477449,HARABEDIAN FOR ASSEMBLY 2026; JOHN,HARABEDIAN FOR ASSEMBLY 2026; JOHN,323,ACTIVE,40002:CONTROLLED,0:N/A,JOHN HARABEDIAN,"F460 x6, F497 x107",confirm,"Cal-Access bulk export (2026-09-23): category CONTROLLED; controlling candidate JOHN HARABEDIAN (FILER_LINKS_CD / Form 460 cover); SOS e-filed reports F460 x6, F497 x107."
05ab7365-d02a-4bac-b4f1-c077b42a283e,0acbacdd-a873-4e5e-aad9-fa5eca6d7b1e,John Harabedian,Assembly Member,1458353,HARABEDIAN FOR SENATE 2024; JOHN,HARABEDIAN FOR SENATE 2024; JOHN,323,TERMINATED 12/31/2023,40002:CONTROLLED,0:N/A,JOHN HARABEDIAN,"F460 x2, F497 x13",confirm,"Cal-Access bulk export (2026-09-23): category CONTROLLED; controlling candidate JOHN HARABEDIAN (FILER_LINKS_CD / Form 460 cover); SOS e-filed reports F460 x2, F497 x13."
cf1cd849-cc25-43be-a033-c662fb79b739,0acbacdd-a873-4e5e-aad9-fa5eca6d7b1e,John Harabedian,Assembly Member,1419619,HARABEDIAN FOR SUPERVISOR 2020; JOHN,HARABEDIAN FOR SUPERVISOR 2020; JOHN,323,TERMINATED 06/30/2020,40002:CONTROLLED,0:N/A,,,leave_no_sos_reports,"controlled by this person, but no SOS e-filed reports (files with a local filing officer): confirming would load no data and would show 'data pending' for ever"
f8093904-4b95-477b-b91d-d9a6cf2365b0,30f77168-39ca-437e-9d1e-36a9837523a3,John King,Council Member,1272857,"KING FOR COVINA CITY COUNCIL 2017, JOHN","KING FOR COVINA CITY COUNCIL 2017, JOHN",626,TERMINATED 06/30/2022,40002:CONTROLLED,0:N/A,,,leave_no_sos_reports,"controlled by this person, but no SOS e-filed reports (files with a local filing officer): confirming would load no data and would show 'data pending' for ever"
65475a5d-8f1d-4761-a1bd-c7c08bfb8a62,30f77168-39ca-437e-9d1e-36a9837523a3,John King,Council Member,1366413,"KING SUPERVISOR 2014, COMMITTEE TO ELECT JOHN","KING SUPERVISOR 2014, COMMITTEE TO ELECT JOHN",707,TERMINATED 06/30/2014,40002:CONTROLLED,0:N/A,,,leave_no_sos_reports,"controlled by this person, but no SOS e-filed reports (files with a local filing officer): confirming would load no data and would show 'data pending' for ever"
4137975b-3ba2-4cc9-b002-23f25c69216a,30f77168-39ca-437e-9d1e-36a9837523a3,John King,Council Member,1489159,KING SUPERVISOR 2026; ELECT JOHN,KING SUPERVISOR 2026; ELECT JOHN,707,TERMINATED 06/30/2026,40002:CONTROLLED,0:N/A,,,leave_no_sos_reports,"controlled by this person, but no SOS e-filed reports (files with a local filing officer): confirming would load no data and would show 'data pending' for ever"
c4fd1710-bb1d-4244-80b6-eac3f8066f33,c3155cf3-9a97-43d1-a076-dd6ef6aa46e9,John Lee,Council Member,1466455,"LEE FOR COUNCIL 2024: SPONSORED BY BIZFED PAC, A PROJECT OF THE LOS ANGELES COUNTY BUSINESS FEDERATION; ANGELENOS FOR GOOD JOBS AND SAFE NEIGHBORHOODS - SUPPORTING JOHN","LEE FOR COUNCIL 2024: SPONSORED BY BIZFED PAC, A PROJECT OF THE LOS ANGELES COUNTY BUSINESS FEDERATION; ANGELENOS FOR GOOD JOBS AND SAFE NEIGHBORHOODS - SUPPORTING JOHN",323,TERMINATED 03/08/2024,0:N/A,40102:PRIMARILY FORMED CANDIDATE,,,dispute_pf,"Cal-Access category PRIMARILY FORMED CANDIDATE: an independent committee that supports or opposes this person, not a committee they control; its money is not their fundraising."
e0f41d2e-883d-4abc-a5e5-8e5aa5a74bf2,c3155cf3-9a97-43d1-a076-dd6ef6aa46e9,John Lee,Council Member,1480011,JOHN Q. LEE,"LEE, JOHN Q.",213,ACTIVE,0:N/A,0:N/A,,,leave_filer_record,"a candidate filer record, not a committee: no contributions are filed under it"
5cc60ec9-a5a1-4082-9212-99096d51c307,67fdd0d7-b467-4cad-b62d-6b1fe1628aff,John M. Mora,Council Member,1408962,MORA FOR SANTA FE SPRINGS CITY COUNCIL 2018; JOHN,MORA FOR SANTA FE SPRINGS CITY COUNCIL 2018; JOHN,626,TERMINATED 01/31/2019,40002:CONTROLLED,0:N/A,,,leave_no_sos_reports,"controlled by this person, but no SOS e-filed reports (files with a local filing officer): confirming would load no data and would show 'data pending' for ever"
a4bb8dd6-975c-4792-8573-0bc584486953,67fdd0d7-b467-4cad-b62d-6b1fe1628aff,John M. Mora,Council Member,1449576,MORA FOR SANTA FE SPRINGS CITY COUNCIL 2022; JOHN,MORA FOR SANTA FE SPRINGS CITY COUNCIL 2022; JOHN,626,TERMINATED 07/29/2025,40002:CONTROLLED,0:N/A,,,leave_no_sos_reports,"controlled by this person, but no SOS e-filed reports (files with a local filing officer): confirming would load no data and would show 'data pending' for ever"
3500f255-35af-4f76-b10e-2bf28d528734,67fdd0d7-b467-4cad-b62d-6b1fe1628aff,John M. Mora,Council Member,1467610,MORA FOR SANTA FE SPRINGS CITY COUNCIL 2024; JOHN,MORA FOR SANTA FE SPRINGS CITY COUNCIL 2024; JOHN,626,ACTIVE,40002:CONTROLLED,0:N/A,,,leave_no_sos_reports,"controlled by this person, but no SOS e-filed reports (files with a local filing officer): confirming would load no data and would show 'data pending' for ever"
073e4433-0363-459b-abf4-fc89bfc40324,6940b872-1458-4612-85aa-0c6704b0bb62,John R. Garcia,Mayor,1300040,"GARCIA 2007, FRIENDS TO ELECT JOHN","GARCIA 2007, FRIENDS TO ELECT JOHN",626,TERMINATED 03/05/2009,40002:CONTROLLED,0:N/A,,,leave_no_sos_reports,"controlled by this person, but no SOS e-filed reports (files with a local filing officer): confirming would load no data and would show 'data pending' for ever"
0978221d-4795-4148-a1aa-d55c2804be5c,6940b872-1458-4612-85aa-0c6704b0bb62,John R. Garcia,Mayor,1324107,"GARCIA FOR MAYOR OF EL CAJON 2010, COMMITTEE TO ELECT JOHN MICHAEL","GARCIA FOR MAYOR OF EL CAJON 2010, COMMITTEE TO ELECT JOHN MICHAEL",619,TERMINATED 01/16/2012,40002:CONTROLLED,0:N/A,,,leave_no_sos_reports,"controlled by this person, but no SOS e-filed reports (files with a local filing officer): confirming would load no data and would show 'data pending' for ever"
901c64b8-0355-4b9f-91c7-9bb5265569a2,6940b872-1458-4612-85aa-0c6704b0bb62,John R. Garcia,Mayor,1069751,"GARCIA, FRIENDS TO ELECT JOHN","GARCIA, FRIENDS TO ELECT JOHN",818,TERMINATED 10/10/2010,40002:CONTROLLED,0:N/A,,,leave_no_sos_reports,"controlled by this person, but no SOS e-filed reports (files with a local filing officer): confirming would load no data and would show 'data pending' for ever"
4dc0cde0-3a25-476e-90c5-875156f919de,6940b872-1458-4612-85aa-0c6704b0bb62,John R. Garcia,Mayor,1257384,"GARCIA, FRIENDS TO RE-ELECT JOHN","GARCIA, FRIENDS TO RE-ELECT JOHN",626,TERMINATED 06/30/2004,40002:CONTROLLED,0:N/A,,,leave_no_sos_reports,"controlled by this person, but no SOS e-filed reports (files with a local filing officer): confirming would load no data and would show 'data pending' for ever"
1cd9d61c-4749-48e9-94f2-9029152eef12,6940b872-1458-4612-85aa-0c6704b0bb62,John R. Garcia,Mayor,1248417,"GARCIA, SUPPORTERS TO ELECT JOHN","GARCIA, SUPPORTERS TO ELECT JOHN",626,TERMINATED 02/04/2004,40002:CONTROLLED,0:N/A,,,leave_no_sos_reports,"controlled by this person, but no SOS e-filed reports (files with a local filing officer): confirming would load no data and would show 'data pending' for ever"
0cadf370-9808-4644-870c-4f6ea222c8dc,e9af3b91-ab9c-4f97-bc18-c1baef871e85,Jon Kaji,Council Member,1436707,KAJI FOR CITY COUNCIL 2026; JON,KAJI FOR CITY COUNCIL 2026; JON,310,TERMINATED 06/30/2026,40002:CONTROLLED,0:N/A,,,leave_no_sos_reports,"controlled by this person, but no SOS e-filed reports (files with a local filing officer): confirming would load no data and would show 'data pending' for ever"
66ba9248-cd7c-4f27-a967-0402b620c43c,063fd6f1-42f0-47dc-aa7d-7feac385c495,Jon Kean,Board Member,1385021,KEAN FOR SCHOOL BOARD 2016; JON,KEAN FOR SCHOOL BOARD 2016; JON,310,TERMINATED 06/30/2020,40002:CONTROLLED,0:N/A,,,leave_no_sos_reports,"controlled by this person, but no SOS e-filed reports (files with a local filing officer): confirming would load no data and would show 'data pending' for ever"
95dcc024-0a16-4c38-8686-c0cb9763e224,b7787103-e3f0-4f55-9c22-8ec049c0880b,Jorge Herrera Avila,Council Member,1443716,HERRERA AVILA FOR CITY COUNCIL 2022; JORGE,HERRERA AVILA FOR CITY COUNCIL 2022; JORGE,626,TERMINATED 01/05/2026,40002:CONTROLLED,0:N/A,,,leave_no_sos_reports,"controlled by this person, but no SOS e-filed reports (files with a local filing officer): confirming would load no data and would show 'data pending' for ever"
a7d0f0c4-d3d5-4fc4-b25f-1484b0319110,93613d15-1098-423b-9e18-81f125ac2408,Jorge Nuño,,1480022,JORGE NUNO,"NUNO, JORGE",323,ACTIVE,0:N/A,0:N/A,,,leave_filer_record,"a candidate filer record, not a committee: no contributions are filed under it"
2a37bc0d-bc09-4923-adda-966f87f83377,5e294235-7f08-49e6-b2e1-9f9d752e6bc3,Jose Sanchez,Council Member (Mayor Pro Tem),1466748,JOSE RAMON VERDUGO SANCHEZ,"SANCHEZ, JOSE RAMON VERDUGO",323,ACTIVE,0:N/A,0:N/A,,,leave_filer_record,"a candidate filer record, not a committee: no contributions are filed under it"
1cba9d31-f718-4f73-bd4b-662aba598f14,ac1445bf-8c81-4c81-a784-a5943d209bbc,Josh Fryday,,1479464,FRYDAY FOR LT. GOVERNOR 2026; JOSH,FRYDAY FOR LT. GOVERNOR 2026; JOSH,916,ACTIVE,40002:CONTROLLED,0:N/A,JOSH FRYDAY,"F460 x8, F497 x117",confirm,"Cal-Access bulk export (2026-09-23): category CONTROLLED; controlling candidate JOSH FRYDAY (FILER_LINKS_CD / Form 460 cover); SOS e-filed reports F460 x8, F497 x117."
7f5ec4a3-0b5f-4fc2-b813-0397efbcc0e0,ac1445bf-8c81-4c81-a784-a5943d209bbc,Josh Fryday,,1484260,"FRYDAY FOR LT. GOVERNOR 2026; TGIF, JOSH","FRYDAY FOR LT. GOVERNOR 2026; TGIF, JOSH",213,ACTIVE,0:N/A,40102:PRIMARILY FORMED CANDIDATE,Josh Fryday,"F460 x4, F497 x16",dispute_pf,"Cal-Access category PRIMARILY FORMED CANDIDATE: an independent committee that supports or opposes this person, not a committee they control; its money is not their fundraising."
8db01f2b-7544-4d04-a21e-cc1dea3f05e0,ac1445bf-8c81-4c81-a784-a5943d209bbc,Josh Fryday,,1479447,JOSH FRYDAY,"FRYDAY, JOSH",916,ACTIVE,0:N/A,0:N/A,FRYDAY FOR LT. GOVERNOR 2026; JOSH,,leave_no_sos_reports,"controlled by this person, but no SOS e-filed reports (files with a local filing officer): confirming would load no data and would show 'data pending' for ever"
4c9cc564-d04b-4ebd-8fc6-d7af769ae5b6,39d99fc2-b8ab-4846-8ff3-bcb65e16bee4,Josh Lowenthal,Assembly Member,1399481,LOWENTHAL FOR ASSEMBLY 2018; JOSH,LOWENTHAL FOR ASSEMBLY 2018; JOSH,213,TERMINATED 06/30/2019,40002:CONTROLLED,0:N/A,JOSH LOWENTHAL,"F460 x15, F497 x176",confirm,"Cal-Access bulk export (2026-09-23): category CONTROLLED; controlling candidate JOSH LOWENTHAL (FILER_LINKS_CD / Form 460 cover); SOS e-filed reports F460 x15, F497 x176."
ec787129-a870-4223-833a-dffc64868356,39d99fc2-b8ab-4846-8ff3-bcb65e16bee4,Josh Lowenthal,Assembly Member,1417328,LOWENTHAL FOR ASSEMBLY 2020; JOSH,LOWENTHAL FOR ASSEMBLY 2020; JOSH,213,TERMINATED 12/31/2020,40002:CONTROLLED,0:N/A,JOSH LOWENTHAL,"F460 x5, F497 x2",confirm,"Cal-Access bulk export (2026-09-23): category CONTROLLED; controlling candidate JOSH LOWENTHAL (FILER_LINKS_CD / Form 460 cover); SOS e-filed reports F460 x5, F497 x2."
79835229-fa8e-4120-aed3-4a8f14fc1d41,39d99fc2-b8ab-4846-8ff3-bcb65e16bee4,Josh Lowenthal,Assembly Member,1443482,LOWENTHAL FOR ASSEMBLY 2022; JOSH,LOWENTHAL FOR ASSEMBLY 2022; JOSH,213,TERMINATED 03/24/2023,40002:CONTROLLED,0:N/A,JOSH LOWENTHAL,"F460 x7, F497 x126",confirm,"Cal-Access bulk export (2026-09-23): category CONTROLLED; controlling candidate JOSH LOWENTHAL (FILER_LINKS_CD / Form 460 cover); SOS e-filed reports F460 x7, F497 x126."
a1668a34-f93f-4202-b8f1-e216b5102bbf,39d99fc2-b8ab-4846-8ff3-bcb65e16bee4,Josh Lowenthal,Assembly Member,1456968,LOWENTHAL FOR ASSEMBLY 2024; JOSH,LOWENTHAL FOR ASSEMBLY 2024; JOSH,916,TERMINATED 03/17/2025,40002:CONTROLLED,0:N/A,JOSH LOWENTHAL,"F460 x16, F497 x148",confirm,"Cal-Access bulk export (2026-09-23): category CONTROLLED; controlling candidate JOSH LOWENTHAL (FILER_LINKS_CD / Form 460 cover); SOS e-filed reports F460 x16, F497 x148."
1b4b968a-f7d1-413e-a82b-d76bb88c090e,39d99fc2-b8ab-4846-8ff3-bcb65e16bee4,Josh Lowenthal,Assembly Member,1441454,LOWENTHAL FOR ASSEMBLY 2026; JOSH,LOWENTHAL FOR ASSEMBLY 2026; JOSH,213,TERMINATED 04/28/2022,40002:CONTROLLED,0:N/A,JOSH LOWENTHAL,F460 x2,confirm,Cal-Access bulk export (2026-09-23): category CONTROLLED; controlling candidate JOSH LOWENTHAL (FILER_LINKS_CD / Form 460 cover); SOS e-filed reports F460 x2.
3f8d326e-5505-4ef3-9453-16b145594551,39d99fc2-b8ab-4846-8ff3-bcb65e16bee4,Josh Lowenthal,Assembly Member,1434831,LOWENTHAL FOR SENATE 2026; JOSH,LOWENTHAL FOR SENATE 2026; JOSH,213,TERMINATED 12/31/2021,40002:CONTROLLED,0:N/A,JOSH LOWENTHAL,F460 x3,confirm,Cal-Access bulk export (2026-09-23): category CONTROLLED; controlling candidate JOSH LOWENTHAL (FILER_LINKS_CD / Form 460 cover); SOS e-filed reports F460 x3.
28145bf2-8f01-4196-9ecb-8edad688e980,b959d608-5674-467e-a1c8-3572c76a729b,Juan Carrillo,Assembly Member,1443329,CARRILLO FOR ASSEMBLY 2022; JUAN,CARRILLO FOR ASSEMBLY 2022; JUAN,619,TERMINATED 06/30/2023,40002:CONTROLLED,0:N/A,JUAN CARRILLO,"F460 x9, F497 x105",confirm,"Cal-Access bulk export (2026-09-23): category CONTROLLED; controlling candidate JUAN CARRILLO (FILER_LINKS_CD / Form 460 cover); SOS e-filed reports F460 x9, F497 x105."
6a7a4eac-bb61-4e8b-9ca3-4b158ccbe8ed,b959d608-5674-467e-a1c8-3572c76a729b,Juan Carrillo,Assembly Member,1477268,CARRILLO FOR ASSEMBLY 2026; JUAN,CARRILLO FOR ASSEMBLY 2026; JUAN,916,ACTIVE,40002:CONTROLLED,0:N/A,JUAN CARRILLO; Juan Carrilllo,"F460 x9, F497 x101",confirm,"Cal-Access bulk export (2026-09-23): category CONTROLLED; controlling candidate JUAN CARRILLO; Juan Carrilllo (FILER_LINKS_CD / Form 460 cover); SOS e-filed reports F460 x9, F497 x101."
6f083d55-2aaf-43bb-8bcc-3bde6ae3a81c,b959d608-5674-467e-a1c8-3572c76a729b,Juan Carrillo,Assembly Member,1361381,"CARRILLO FOR PALMDALE SCHOOL DISTRICT BOARD OF TRUSTEES 2013, JUAN","CARRILLO FOR PALMDALE SCHOOL DISTRICT BOARD OF TRUSTEES 2013, JUAN",661,TERMINATED 11/09/2016,40002:CONTROLLED,0:N/A,,,leave_no_sos_reports,"controlled by this person, but no SOS e-filed reports (files with a local filing officer): confirming would load no data and would show 'data pending' for ever"
fcc9d694-bd10-4323-8f49-eff666a92a18,d4e58a72-03c0-47f6-9b9d-0ff3db70d3d0,Juanita Martin,Council Member,1486774,MARTIN TO CITY COUNCIL 2026; COMMITTEE TO RE-ELECT JUANITA,MARTIN TO CITY COUNCIL 2026; COMMITTEE TO RE-ELECT JUANITA,562,ACTIVE,40002:CONTROLLED,0:N/A,,,leave_no_sos_reports,"controlled by this person, but no SOS e-filed reports (files with a local filing officer): confirming would load no data and would show 'data pending' for ever"
ce4ac2f6-7a34-40c6-861d-ffcabedf1299,d75dfa60-351b-4f0d-880a-45acf013c82a,Judy Chu,Representative,1270388,"CHU CAMPAIGN COMMITTEE, JUDY","CHU CAMPAIGN COMMITTEE, JUDY",323,TERMINATED 06/30/2007,40002:CONTROLLED,0:N/A,JUDY CHU,"F460 x13, F497 x94",confirm,"Cal-Access bulk export (2026-09-23): category CONTROLLED; controlling candidate JUDY CHU (FILER_LINKS_CD / Form 460 cover); SOS e-filed reports F460 x13, F497 x94."
53ca55a3-b657-4765-9d61-0646a1e647f6,d75dfa60-351b-4f0d-880a-45acf013c82a,Judy Chu,Representative,1236618,"CHU FOR ASSEMBLY 2002, JUDY","CHU FOR ASSEMBLY 2002, JUDY",626,TERMINATED 01/13/2004,40002:CONTROLLED,0:N/A,JUDY CHU,"F460 x17, F497 x74",confirm,"Cal-Access bulk export (2026-09-23): category CONTROLLED; controlling candidate JUDY CHU (FILER_LINKS_CD / Form 460 cover); SOS e-filed reports F460 x17, F497 x74."
990bd5bc-ede8-4af6-92bb-eca25937add5,d75dfa60-351b-4f0d-880a-45acf013c82a,Judy Chu,Representative,1250390,"CHU FOR ASSEMBLY 2004, JUDY","CHU FOR ASSEMBLY 2004, JUDY",626,TERMINATED 07/30/2005,40002:CONTROLLED,0:N/A,JUDY CHU,"F460 x15, F497 x56",confirm,"Cal-Access bulk export (2026-09-23): category CONTROLLED; controlling candidate JUDY CHU (FILER_LINKS_CD / Form 460 cover); SOS e-filed reports F460 x15, F497 x56."
67196403-38e1-474a-a7dd-f2295b2dafbc,d75dfa60-351b-4f0d-880a-45acf013c82a,Judy Chu,Representative,1292608,"CHU CAMPAIGN COMMITTEE 2010, JUDY","CHU FOR BOARD OF EQUALIZATION 2010, JUDY",323,TERMINATED 06/30/2012,40002:CONTROLLED,0:N/A,JUDY CHU,"F460 x13, F497 x16",confirm,"Cal-Access bulk export (2026-09-23): category CONTROLLED; controlling candidate JUDY CHU (FILER_LINKS_CD / Form 460 cover); SOS e-filed reports F460 x13, F497 x16."
ca6c479f-ab5c-4192-b4da-28c2811bf580,d75dfa60-351b-4f0d-880a-45acf013c82a,Judy Chu,Representative,1072243,"CHU FOR ASSEMBLY, JUDY","CHU, FRIENDS OF JUDY",626,TERMINATED 08/01/2001,40002:CONTROLLED,0:N/A,JUDY CHU,,leave_no_sos_reports,"controlled by this person, but no SOS e-filed reports (files with a local filing officer): confirming would load no data and would show 'data pending' for ever"
2976c281-39bc-4714-9553-3b4bf32ae914,01147c2b-0f40-4255-b09e-b5a19a45fd31,Julia Brownley,Representative,1292925,"BROWNLEY FOR ASSEMBLY 2008, JULIA","BROWNLEY FOR ASSEMBLY 2008, JULIA",626,TERMINATED 08/28/2009,40002:CONTROLLED,0:N/A,JULIA BROWNLEY,"F460 x14, F497 x57",confirm,"Cal-Access bulk export (2026-09-23): category CONTROLLED; controlling candidate JULIA BROWNLEY (FILER_LINKS_CD / Form 460 cover); SOS e-filed reports F460 x14, F497 x57."
9d695f38-8f7f-4ab2-8e0c-548a2a2d0e2d,01147c2b-0f40-4255-b09e-b5a19a45fd31,Julia Brownley,Representative,1333787,"BROWNLEY FOR ASSEMBLY 2010 OFFICEHOLDER ACCOUNT, JULIA","BROWNLEY FOR ASSEMBLY 2010 OFFICEHOLDER ACCOUNT, JULIA",626,TERMINATED 02/28/2013,40002:CONTROLLED,0:N/A,JULIA BROWNLEY,F460 x9,confirm,Cal-Access bulk export (2026-09-23): category CONTROLLED; controlling candidate JULIA BROWNLEY (FILER_LINKS_CD / Form 460 cover); SOS e-filed reports F460 x9.
9a09459b-2473-47af-8553-8d9b944d8c92,01147c2b-0f40-4255-b09e-b5a19a45fd31,Julia Brownley,Representative,1313506,"BROWNLEY FOR ASSEMBLY 2010, JULIA","BROWNLEY FOR ASSEMBLY 2010, JULIA",626,TERMINATED 03/01/2013,40002:CONTROLLED,0:N/A,JULIA BROWNLEY,"F460 x21, F497 x66",confirm,"Cal-Access bulk export (2026-09-23): category CONTROLLED; controlling candidate JULIA BROWNLEY (FILER_LINKS_CD / Form 460 cover); SOS e-filed reports F460 x21, F497 x66."
8aba0362-d07e-4338-8a3a-5702492b1905,01147c2b-0f40-4255-b09e-b5a19a45fd31,Julia Brownley,Representative,1271026,"BROWNLEY FOR ASSEMBLY, JULIA","BROWNLEY FOR ASSEMBLY, JULIA",310,TERMINATED 12/31/2007,40002:CONTROLLED,0:N/A,JULIA BROWNLEY,"F460 x17, F497 x91",confirm,"Cal-Access bulk export (2026-09-23): category CONTROLLED; controlling candidate JULIA BROWNLEY (FILER_LINKS_CD / Form 460 cover); SOS e-filed reports F460 x17, F497 x91."
05b911bb-f2a5-4340-ba60-130cf59fad8b,0738714b-e2e0-42d6-b594-2edfa28736b5,Julia Ruedas,Council Member (District 3),1450674,RUEDAS FOR EL MONTE CITY COUNCIL 2022; JULIA,RUEDAS FOR EL MONTE CITY COUNCIL 2022; JULIA,626,TERMINATED 07/31/2025,40002:CONTROLLED,0:N/A,,,leave_no_sos_reports,"controlled by this person, but no SOS e-filed reports (files with a local filing officer): confirming would load no data and would show 'data pending' for ever"
bf1a8d8d-d764-4f91-93ba-b87f30f8a400,0738714b-e2e0-42d6-b594-2edfa28736b5,Julia Ruedas,Council Member (District 3),1476923,RUEDAS FOR EL MONTE CITY COUNCIL 2026; JULIA,RUEDAS FOR EL MONTE CITY COUNCIL 2026; JULIA,626,ACTIVE,40002:CONTROLLED,0:N/A,,,leave_no_sos_reports,"controlled by this person, but no SOS e-filed reports (files with a local filing officer): confirming would load no data and would show 'data pending' for ever"
96deee56-f221-40ba-b15c-61d333366ea8,0738714b-e2e0-42d6-b594-2edfa28736b5,Julia Ruedas,Council Member (District 3),1379206,RUEDAS FOR EL MONTE CITY SCHOOL BOARD 2015; JULIA,RUEDAS FOR EL MONTE CITY SCHOOL BOARD 2018; JULIA,626,TERMINATED 12/31/2022,40002:CONTROLLED,0:N/A,,,leave_no_sos_reports,"controlled by this person, but no SOS e-filed reports (files with a local filing officer): confirming would load no data and would show 'data pending' for ever"
18ff176f-7f54-4dc0-a69d-43dbfcef5cfa,b9149eb5-4dc6-400e-b685-92ad0fa05b18,Karen Davis,Council Member (District 4),1272543,"DAVIS FOR CITY COUNCIL COMMITTEE, KAREN","DAVIS FOR CITY COUNCIL COMMITTEE, KAREN",626,TERMINATED 08/03/2005,40002:CONTROLLED,0:N/A,,,leave_no_sos_reports,"controlled by this person, but no SOS e-filed reports (files with a local filing officer): confirming would load no data and would show 'data pending' for ever"
ecf3be1f-a07a-4d2d-b4e3-9207cde94d3f,b9149eb5-4dc6-400e-b685-92ad0fa05b18,Karen Davis,Council Member (District 4),1389661,"DAVIS TO CITY COUNCIL 2017, COMMITTEE TO RE-ELECT KAREN","DAVIS TO CITY COUNCIL 2017, COMMITTEE TO RE-ELECT KAREN",626,TERMINATED 07/30/2018,40002:CONTROLLED,0:N/A,,,leave_no_sos_reports,"controlled by this person, but no SOS e-filed reports (files with a local filing officer): confirming would load no data and would show 'data pending' for ever"
6ce7e288-8eca-49a7-a95a-3e1328cfee69,b9149eb5-4dc6-400e-b685-92ad0fa05b18,Karen Davis,Council Member (District 4),1445793,DAVIS TO CITY COUNCIL 2022; COMMITTEE TO RE-ELECT KAREN,DAVIS TO CITY COUNCIL 2022; COMMITTEE TO RE-ELECT KAREN,626,TERMINATED 12/13/2022,40002:CONTROLLED,0:N/A,,,leave_no_sos_reports,"controlled by this person, but no SOS e-filed reports (files with a local filing officer): confirming would load no data and would show 'data pending' for ever"
da8920c9-0d63-4ad8-9662-7573fef4a13a,21c9e711-fb18-4afb-884f-08acd2b598ba,Karen Ruth Bass,Mayor,1258024,BASS FOR ASSEMBLY,BASS FOR ASSEMBLY,213,TERMINATED 06/30/2005,40002:CONTROLLED,0:N/A,KAREN BASS,"F460 x22, F497 x88",confirm,"Cal-Access bulk export (2026-09-23): category CONTROLLED; controlling candidate KAREN BASS (FILER_LINKS_CD / Form 460 cover); SOS e-filed reports F460 x22, F497 x88."
2bee667f-c499-4041-a1d7-e60add8c32c2,21c9e711-fb18-4afb-884f-08acd2b598ba,Karen Ruth Bass,Mayor,1272594,BASS FOR ASSEMBLY 2006,BASS FOR ASSEMBLY 2006,213,TERMINATED 06/30/2007,40002:CONTROLLED,0:N/A,KAREN BASS,"F460 x21, F497 x65",confirm,"Cal-Access bulk export (2026-09-23): category CONTROLLED; controlling candidate KAREN BASS (FILER_LINKS_CD / Form 460 cover); SOS e-filed reports F460 x21, F497 x65."
10f39f88-e575-4bee-89d3-7a373978c1fb,21c9e711-fb18-4afb-884f-08acd2b598ba,Karen Ruth Bass,Mayor,1292751,"BASS FOR ASSEMBLY 2008, KAREN","BASS FOR ASSEMBLY 2008, KAREN",213,TERMINATED 06/30/2012,40002:CONTROLLED,0:N/A,KAREN BASS,"F460 x28, F497 x125",confirm,"Cal-Access bulk export (2026-09-23): category CONTROLLED; controlling candidate KAREN BASS (FILER_LINKS_CD / Form 460 cover); SOS e-filed reports F460 x28, F497 x125."
67655250-a7e0-46a5-902a-71c1f5c0d54e,21c9e711-fb18-4afb-884f-08acd2b598ba,Karen Ruth Bass,Mayor,1033780,BASS FOR ASSEMBLY COMMITTEE,BASS FOR ASSEMBLY COMMITTEE,707,TERMINATED 12/01/1990,40002:CONTROLLED,0:N/A,,,leave_no_sos_reports,"controlled by this person, but no SOS e-filed reports (files with a local filing officer): confirming would load no data and would show 'data pending' for ever"
aa75339d-e5c0-42cc-acfe-153f498efe8d,21c9e711-fb18-4afb-884f-08acd2b598ba,Karen Ruth Bass,Mayor,1243712,"BASS FOR CITY COUNCIL, KAREN","BASS FOR CITY COUNCIL, KAREN",213,TERMINATED 12/15/2004,40002:CONTROLLED,0:N/A,,,leave_no_sos_reports,"controlled by this person, but no SOS e-filed reports (files with a local filing officer): confirming would load no data and would show 'data pending' for ever"
64397140-7c79-4d5e-99d8-a7fa73963028,21c9e711-fb18-4afb-884f-08acd2b598ba,Karen Ruth Bass,Mayor,1368683,BASS FOR LAKE FOREST CITY COUNCIL 2014,BASS FOR LAKE FOREST CITY COUNCIL 2014,949,TERMINATED 12/18/2014,40002:CONTROLLED,0:N/A,,,leave_no_sos_reports,"controlled by this person, but no SOS e-filed reports (files with a local filing officer): confirming would load no data and would show 'data pending' for ever"
156a17ac-1921-45a1-9dcc-91ddef859484,21c9e711-fb18-4afb-884f-08acd2b598ba,Karen Ruth Bass,Mayor,1448983,BASS FOR MAYOR 2022 - GENERAL; KAREN,BASS FOR MAYOR 2022 - GENERAL; KAREN,213,TERMINATED 06/30/2024,40002:CONTROLLED,0:N/A,,,leave_no_sos_reports,"controlled by this person, but no SOS e-filed reports (files with a local filing officer): confirming would load no data and would show 'data pending' for ever"
4eb357bc-c71d-4eb2-b6eb-43165ce82c42,21c9e711-fb18-4afb-884f-08acd2b598ba,Karen Ruth Bass,Mayor,1454451,"BASS FOR MAYOR 2022, SPONSORED BY CONSTRUCTION LABOR UNIONS; BUILDING A STRONGER LOS ANGELES IN SUPPORT OF KAREN","BASS FOR MAYOR 2022, SPONSORED BY CONSTRUCTION LABOR UNIONS; BUILDING A STRONGER LOS ANGELES IN SUPPORT OF KAREN",213,TERMINATED 12/28/2022,0:N/A,40102:PRIMARILY FORMED CANDIDATE,,,dispute_pf,"Cal-Access category PRIMARILY FORMED CANDIDATE: an independent committee that supports or opposes this person, not a committee they control; its money is not their fundraising."
c68b71e3-162d-47b3-bfae-1b11cbeda32a,21c9e711-fb18-4afb-884f-08acd2b598ba,Karen Ruth Bass,Mayor,1455342,"BASS FOR MAYOR 2022, SPONSORED BY INTERNATIONAL BROTHERHOOD OF ELECTRICAL WORKERS LOCAL UNION 18; WORKING CALIFORNIANS TO SUPPORT KAREN","BASS FOR MAYOR 2022, SPONSORED BY INTERNATIONAL BROTHERHOOD OF ELECTRICAL WORKERS LOCAL UNION 18; WORKING CALIFORNIANS TO SUPPORT KAREN",213,TERMINATED 12/31/2023,0:N/A,40102:PRIMARILY FORMED CANDIDATE,,,dispute_pf,"Cal-Access category PRIMARILY FORMED CANDIDATE: an independent committee that supports or opposes this person, not a committee they control; its money is not their fundraising."
5c08c9e3-4bd6-479d-a89c-1c4fe8af073c,21c9e711-fb18-4afb-884f-08acd2b598ba,Karen Ruth Bass,Mayor,1455350,"BASS FOR MAYOR 2022, SPONSORED BY LABORERS' INTERNATIONAL UNION OF NORTH AMERICA, LOCAL 300; ANGELENOS UNITED FOR","BASS FOR MAYOR 2022, SPONSORED BY LABORERS' INTERNATIONAL UNION OF NORTH AMERICA, LOCAL 300; ANGELENOS UNITED FOR",213,TERMINATED 05/26/2023,0:N/A,40102:PRIMARILY FORMED CANDIDATE,,,dispute_pf,"Cal-Access category PRIMARILY FORMED CANDIDATE: an independent committee that supports or opposes this person, not a committee they control; its money is not their fundraising."
69317152-628e-4000-9e15-cacd4f024ab1,21c9e711-fb18-4afb-884f-08acd2b598ba,Karen Ruth Bass,Mayor,1455305,BASS FOR MAYOR 2022; WOMEN'S MARCH ACTION SUPPORTING KAREN,BASS FOR MAYOR 2022; WOMEN'S MARCH ACTION SUPPORTING KAREN,408,ACTIVE,0:N/A,40102:PRIMARILY FORMED CANDIDATE,,,dispute_pf,"Cal-Access category PRIMARILY FORMED CANDIDATE: an independent committee that supports or opposes this person, not a committee they control; its money is not their fundraising."
0ea13fc1-1624-4cb9-a9e0-4ebd8a1d8916,21c9e711-fb18-4afb-884f-08acd2b598ba,Karen Ruth Bass,Mayor,1488928,"BASS FOR MAYOR 2026, SPONSORED BY LOS ANGELES COUNTY FEDERATION OF LABOR, AFL-CIO; WORKING PEOPLE IN SUPPORT OF KAREN","BASS FOR MAYOR 2026, SPONSORED BY LOS ANGELES COUNTY FEDERATION OF LABOR, AFL-CIO; WORKING PEOPLE IN SUPPORT OF KAREN",213,ACTIVE,0:N/A,40102:PRIMARILY FORMED CANDIDATE,,,dispute_pf,"Cal-Access category PRIMARILY FORMED CANDIDATE: an independent committee that supports or opposes this person, not a committee they control; its money is not their fundraising."
02cd64ed-98d6-4c56-8e7a-21808bd77133,21c9e711-fb18-4afb-884f-08acd2b598ba,Karen Ruth Bass,Mayor,1471359,BASS FOR MAYOR 2026; RE-ELECT KAREN,BASS FOR MAYOR 2026; RE-ELECT KAREN,213,ACTIVE,40002:CONTROLLED,0:N/A,,,leave_no_sos_reports,"controlled by this person, but no SOS e-filed reports (files with a local filing officer): confirming would load no data and would show 'data pending' for ever"
070361d1-a15f-4027-be58-c92236c14a49,21c9e711-fb18-4afb-884f-08acd2b598ba,Karen Ruth Bass,Mayor,1488865,BASS FOR MAYOR 2026; UNIDOS CON KAREN,BASS FOR MAYOR 2026; UNIDOS CON KAREN,213,ACTIVE,0:N/A,40102:PRIMARILY FORMED CANDIDATE,,,dispute_pf,"Cal-Access category PRIMARILY FORMED CANDIDATE: an independent committee that supports or opposes this person, not a committee they control; its money is not their fundraising."
1a0e69da-6d37-49f8-a450-2f752ac8ace7,21c9e711-fb18-4afb-884f-08acd2b598ba,Karen Ruth Bass,Mayor,1249633,BASS ON BOARD,BASS ON BOARD,619,TERMINATED 10/22/2002,40002:CONTROLLED,0:N/A,,,leave_no_sos_reports,"controlled by this person, but no SOS e-filed reports (files with a local filing officer): confirming would load no data and would show 'data pending' for ever"
77ab4a08-7a6c-4e49-bcbe-62654a37acf4,21c9e711-fb18-4afb-884f-08acd2b598ba,Karen Ruth Bass,Mayor,1479867,BASS; COMMITTEE AGAINST THE RECALL OF KAREN,BASS; COMMITTEE AGAINST THE RECALL OF KAREN,213,TERMINATED 12/31/2025,40002:CONTROLLED,40101:PRIMARILY FORMED MEASURE,,,leave_no_sos_reports,"controlled by this person, but no SOS e-filed reports (files with a local filing officer): confirming would load no data and would show 'data pending' for ever"
130c860b-2e21-451a-a437-69d1aafef9e5,21c9e711-fb18-4afb-884f-08acd2b598ba,Karen Ruth Bass,Mayor,1479998,BASS; SEA CHANGE PAC (FED PAC ID #C00486720) - AGAINST THE RECALL OF KAREN,BASS; SEA CHANGE PAC (FED PAC ID #C00486720) - AGAINST THE RECALL OF KAREN,213,TERMINATED 03/31/2025,40002:CONTROLLED,40101:PRIMARILY FORMED MEASURE,,,leave_no_sos_reports,"controlled by this person, but no SOS e-filed reports (files with a local filing officer): confirming would load no data and would show 'data pending' for ever"
2c4326c8-91c5-42f0-9c15-62669c3e83df,21c9e711-fb18-4afb-884f-08acd2b598ba,Karen Ruth Bass,Mayor,1391602,GREENWOOD FOR BASS LAKE SCHOOL BOARD 2016,GREENWOOD FOR BASS LAKE SCHOOL BOARD 2016,559,TERMINATED 12/31/2016,40002:CONTROLLED,0:N/A,,,leave_no_sos_reports,"controlled by this person, but no SOS e-filed reports (files with a local filing officer): confirming would load no data and would show 'data pending' for ever"
b8003431-f077-4fef-9ba5-64b16e207e58,695ab650-58df-43b8-b8c9-b075e1e519fd,Kate Vadehra,,1431243,VADEHRA FOR LVUSD SCHOOL BOARD 2020; KATE,VADEHRA FOR LVUSD SCHOOL BOARD 2020; KATE,310,ACTIVE,40002:CONTROLLED,0:N/A,,,leave_no_sos_reports,"controlled by this person, but no SOS e-filed reports (files with a local filing officer): confirming would load no data and would show 'data pending' for ever"
801600cf-e8c4-434a-a986-1f55957e396a,f22187bb-dc57-4088-bb19-8bc39bcb95c9,Katherine Lee,Council Member (District 1),1406827,LEE FOR CITY COUNCIL 2018; KATHERINE,LEE FOR CITY COUNCIL 2018; KATHERINE,626,TERMINATED 01/31/2019,40002:CONTROLLED,0:N/A,,,leave_no_sos_reports,"controlled by this person, but no SOS e-filed reports (files with a local filing officer): confirming would load no data and would show 'data pending' for ever"
bac4b6a2-acdc-4e03-bd30-6c528a945cce,f22187bb-dc57-4088-bb19-8bc39bcb95c9,Katherine Lee,Council Member (District 1),1450594,LEE FOR CITY COUNCIL 2022; KATHERINE,LEE FOR CITY COUNCIL 2022; KATHERINE,626,TERMINATED 12/31/2022,40002:CONTROLLED,0:N/A,,,leave_no_sos_reports,"controlled by this person, but no SOS e-filed reports (files with a local filing officer): confirming would load no data and would show 'data pending' for ever"
481abf26-288b-4431-8b83-c6536eb876ef,122f1897-2dae-4f21-bee0-1c02c95e9e3a,Kathryn Barger,Supervisor,1464782,BARGER FOR LA COUNTY SUPERVISOR 2024 FOR RESPONSIBLE GOVERNMENT; INDEPENDENT COMMITTEE TO RE-ELECT KATHRYN,BARGER FOR LA COUNTY SUPERVISOR 2024 FOR RESPONSIBLE GOVERNMENT; INDEPENDENT COMMITTEE TO RE-ELECT KATHRYN,213,TERMINATED 06/30/2024,0:N/A,40102:PRIMARILY FORMED CANDIDATE,,,dispute_pf,"Cal-Access category PRIMARILY FORMED CANDIDATE: an independent committee that supports or opposes this person, not a committee they control; its money is not their fundraising."
6d16d1da-4201-477c-87dc-381f92832cd4,122f1897-2dae-4f21-bee0-1c02c95e9e3a,Kathryn Barger,Supervisor,1383622,BARGER FOR SUPERVISOR 2016 ATTORNEY'S FEES FUND; KATHRYN,BARGER FOR SUPERVISOR 2016 ATTORNEY'S FEES FUND; KATHRYN,213,ACTIVE,40002:CONTROLLED,0:N/A,,,leave_no_sos_reports,"controlled by this person, but no SOS e-filed reports (files with a local filing officer): confirming would load no data and would show 'data pending' for ever"
ea64de83-2833-458e-96fd-9fb3b83a0d15,122f1897-2dae-4f21-bee0-1c02c95e9e3a,Kathryn Barger,Supervisor,1466037,BARGER FOR SUPERVISOR 2024 OPPOSING CAREER POLITICIANS; CITIZENS FOR KATHRYN,BARGER FOR SUPERVISOR 2024 OPPOSING CAREER POLITICIANS; CITIZENS FOR KATHRYN,213,TERMINATED 03/12/2024,0:N/A,40102:PRIMARILY FORMED CANDIDATE,,,dispute_pf,"Cal-Access category PRIMARILY FORMED CANDIDATE: an independent committee that supports or opposes this person, not a committee they control; its money is not their fundraising."
518f3e21-0436-4a49-8c76-4bcf90911d91,10678016-146d-4543-941c-00414b4c4ad2,Katy Yaroslavsky,Council Member,1448948,YAROSLAVSKY FOR CITY COUNCIL 2022 OFFICEHOLDER; KATY,YAROSLAVSKY FOR CITY COUNCIL 2022 OFFICEHOLDER; KATY,213,ACTIVE,40002:CONTROLLED,0:N/A,,,leave_no_sos_reports,"controlled by this person, but no SOS e-filed reports (files with a local filing officer): confirming would load no data and would show 'data pending' for ever"
90d8bc9b-2b59-4aa5-b82c-8a70ff80b3b6,10678016-146d-4543-941c-00414b4c4ad2,Katy Yaroslavsky,Council Member,1477341,YAROSLAVSKY FOR CITY COUNCIL 2026; KATY,YAROSLAVSKY FOR CITY COUNCIL 2026; KATY,213,ACTIVE,40002:CONTROLLED,0:N/A,,,leave_no_sos_reports,"controlled by this person, but no SOS e-filed reports (files with a local filing officer): confirming would load no data and would show 'data pending' for ever"
04f4f2c0-240b-4b78-9c2f-25144b9ebebf,10678016-146d-4543-941c-00414b4c4ad2,Katy Yaroslavsky,Council Member,1477340,KATY YAROSLAVSKY,"YAROSLAVSKY, KATY",213,ACTIVE,0:N/A,0:N/A,,,leave_filer_record,"a candidate filer record, not a committee: no contributions are filed under it"
a619562a-c10d-4b93-985b-ee055467ca56,7b9efd89-3f51-4efa-9574-df78fe6e9473,Keir Jones,Mayor,1489478,JONES FOR CITY COUNCIL 2026; RE-ELECT KEIR,JONES FOR CITY COUNCIL 2026; RE-ELECT KEIR,442,ACTIVE,40002:CONTROLLED,0:N/A,,,leave_no_sos_reports,"controlled by this person, but no SOS e-filed reports (files with a local filing officer): confirming would load no data and would show 'data pending' for ever"
90714357-a784-4ec5-9526-a28637d12e04,7b9efd89-3f51-4efa-9574-df78fe6e9473,Keir Jones,Mayor,1393055,JONES FOR COUNCIL 2017; KEIR,JONES FOR COUNCIL 2017; KEIR,562,TERMINATED 06/30/2017,40002:CONTROLLED,0:N/A,,,leave_no_sos_reports,"controlled by this person, but no SOS e-filed reports (files with a local filing officer): confirming would load no data and would show 'data pending' for ever"
75ed19c9-591c-4af7-8bef-4eea87774ea0,7b9efd89-3f51-4efa-9574-df78fe6e9473,Keir Jones,Mayor,1414933,JONES FOR COUNCIL 2019; KEIR,JONES FOR COUNCIL 2019; KEIR,562,TERMINATED 06/30/2019,40002:CONTROLLED,0:N/A,,,leave_no_sos_reports,"controlled by this person, but no SOS e-filed reports (files with a local filing officer): confirming would load no data and would show 'data pending' for ever"
b52778c0-7f46-4ccf-a933-66ee48b04260,7b9efd89-3f51-4efa-9574-df78fe6e9473,Keir Jones,Mayor,1436041,JONES TO CITY COUNCIL 2022; RE-ELECT KEIR,JONES TO CITY COUNCIL 2022; RE-ELECT KEIR,562,TERMINATED 12/31/2022,40002:CONTROLLED,0:N/A,,,leave_no_sos_reports,"controlled by this person, but no SOS e-filed reports (files with a local filing officer): confirming would load no data and would show 'data pending' for ever"
87cc1f54-a80e-46d4-ae16-29f4ebe9cca9,cd072ca5-4dc1-450c-b39f-37f5febc6dfe,Keith G. Cascio,,1482114,KEITH G. CASCIO,"CASCIO, KEITH G.",310,ACTIVE,0:N/A,0:N/A,,,leave_filer_record,"a candidate filer record, not a committee: no contributions are filed under it"
32c72ae8-297c-41b7-863a-514afbb029ba,48f9dd33-0c21-4c49-a128-90dc8736bcef,Kelly Gonez,LAUSD Board Member (District 6),1395147,GONEZ FOR SCHOOL BOARD 2017 - GENERAL; KELLY,GONEZ FOR SCHOOL BOARD 2017 OFFICEHOLDER; KELLY,323,ACTIVE,40002:CONTROLLED,0:N/A,,,leave_no_sos_reports,"controlled by this person, but no SOS e-filed reports (files with a local filing officer): confirming would load no data and would show 'data pending' for ever"
dc30c6d6-248d-4c08-b67d-6dea89dabee0,48f9dd33-0c21-4c49-a128-90dc8736bcef,Kelly Gonez,LAUSD Board Member (District 6),1391809,GONEZ FOR SCHOOL BOARD 2017; KELLY,GONEZ FOR SCHOOL BOARD 2017; KELLY,323,TERMINATED 04/29/2017,40002:CONTROLLED,0:N/A,,,leave_no_sos_reports,"controlled by this person, but no SOS e-filed reports (files with a local filing officer): confirming would load no data and would show 'data pending' for ever"
9a92b811-ab6e-40ae-b9b0-4c643fc6c574,48f9dd33-0c21-4c49-a128-90dc8736bcef,Kelly Gonez,LAUSD Board Member (District 6),1433376,GONEZ FOR SCHOOL BOARD 2022; KELLY,GONEZ FOR SCHOOL BOARD 2022; KELLY,323,TERMINATED 12/31/2024,40002:CONTROLLED,0:N/A,,,leave_no_sos_reports,"controlled by this person, but no SOS e-filed reports (files with a local filing officer): confirming would load no data and would show 'data pending' for ever"
50da6fed-6fde-4b66-9b4f-f5bcd7c04573,48f9dd33-0c21-4c49-a128-90dc8736bcef,Kelly Gonez,LAUSD Board Member (District 6),1482173,GONEZ FOR SCHOOL BOARD 2026; KELLY,GONEZ FOR SCHOOL BOARD 2026; KELLY,323,ACTIVE,40002:CONTROLLED,0:N/A,,,leave_no_sos_reports,"controlled by this person, but no SOS e-filed reports (files with a local filing officer): confirming would load no data and would show 'data pending' for ever"
dc3a8c7b-dad1-4886-a93e-24e180b52319,6e259d04-b1a3-49bc-b6f2-0a25246912a8,Kelly Honig,Mayor,1479915,HONIG FOR STATE ASSEMBLY 2026; KELLY,HONIG FOR STATE ASSEMBLY 2026; KELLY,916,TERMINATED 07/27/2026,40002:CONTROLLED,0:N/A,KELLY HONIG,"F460 x7, F497 x19",confirm,"Cal-Access bulk export (2026-09-23): category CONTROLLED; controlling candidate KELLY HONIG (FILER_LINKS_CD / Form 460 cover); SOS e-filed reports F460 x7, F497 x19."
3adc2392-22f8-4617-a065-d2c27e859ce0,6e259d04-b1a3-49bc-b6f2-0a25246912a8,Kelly Honig,Mayor,1379166,HONIG FOR WESTLAKE VILLAGE CITY COUNCIL 2015; FRIENDS OF KELLY,HONIG FOR WESTLAKE VILLAGE CITY COUNCIL 2015; FRIENDS OF KELLY,818,TERMINATED 07/30/2016,40002:CONTROLLED,0:N/A,,,leave_no_sos_reports,"controlled by this person, but no SOS e-filed reports (files with a local filing officer): confirming would load no data and would show 'data pending' for ever"
d8851a68-0533-4ee0-b9bd-6e269272cf0e,6e259d04-b1a3-49bc-b6f2-0a25246912a8,Kelly Honig,Mayor,1427011,HONIG FOR WESTLAKE VILLAGE CITY COUNCIL 2020; FRIENDS OF KELLY,HONIG FOR WESTLAKE VILLAGE CITY COUNCIL 2020; FRIENDS OF KELLY,818,TERMINATED 12/15/2020,40002:CONTROLLED,0:N/A,,,leave_no_sos_reports,"controlled by this person, but no SOS e-filed reports (files with a local filing officer): confirming would load no data and would show 'data pending' for ever"
a465d5fc-07fd-4e29-80e5-64d0f82f0a08,f34994d5-7b6d-4f4a-b197-e31fa8214a53,Kelly Kriebs,Council Member,1429983,KRIEBS FOR CITY COUNCIL 2020; KELLY,KRIEBS FOR CITY COUNCIL 2020; KELLY,626,ACTIVE,40002:CONTROLLED,0:N/A,,,leave_no_sos_reports,"controlled by this person, but no SOS e-filed reports (files with a local filing officer): confirming would load no data and would show 'data pending' for ever"
27613d37-824f-4f9b-8f29-790f9fafc143,7a600b15-32ff-4c13-90e5-d4ee5f627bb5,Ken Mann,Council Member,1303194,MANN FOR CITY COUNCIL 2024; KEN,MANN FOR CITY COUNCIL 2024; KEN,661,ACTIVE,40002:CONTROLLED,0:N/A,,,leave_no_sos_reports,"controlled by this person, but no SOS e-filed reports (files with a local filing officer): confirming would load no data and would show 'data pending' for ever"
b149c118-c9ed-480a-965b-6ddba2f5e14b,590fd6ec-3194-43af-97fc-25490490c565,Kenneth Mejia,City Controller,1473146,KENNETH MEJIA,"MEJIA, KENNETH",818,ACTIVE,0:N/A,0:N/A,,,leave_filer_record,"a candidate filer record, not a committee: no contributions are filed under it"
31b8e0f8-24a7-46a7-9afe-181e18732ea3,590fd6ec-3194-43af-97fc-25490490c565,Kenneth Mejia,City Controller,1482995,KENNETH MEJIA,"MEJIA, KENNETH",818,ACTIVE,0:N/A,0:N/A,,,leave_filer_record,"a candidate filer record, not a committee: no contributions are filed under it"
4ab072bd-264a-4119-9635-8828041552c5,6c4c7919-3e7f-41fa-8b1b-1c8b421fe4a7,Konstantine Anthony,Council Member,1393446,ANTHONY FOR BURBANK CITY COUNCIL 2017; KONSTANTINE,ANTHONY FOR BURBANK CITY COUNCIL 2017; KONSTANTINE,323,TERMINATED 06/30/2017,40002:CONTROLLED,0:N/A,,,leave_no_sos_reports,"controlled by this person, but no SOS e-filed reports (files with a local filing officer): confirming would load no data and would show 'data pending' for ever"
13a5fa48-c5c3-4c63-b135-9eeca28f2418,6c4c7919-3e7f-41fa-8b1b-1c8b421fe4a7,Konstantine Anthony,Council Member,1426631,ANTHONY FOR BURBANK CITY COUNCIL 2020; KONSTANTINE,ANTHONY FOR BURBANK CITY COUNCIL 2020; KONSTANTINE,818,TERMINATED 05/18/2021,40002:CONTROLLED,0:N/A,,,leave_no_sos_reports,"controlled by this person, but no SOS e-filed reports (files with a local filing officer): confirming would load no data and would show 'data pending' for ever"
9c91e396-2393-4913-ac2f-7ae701b24993,6c4c7919-3e7f-41fa-8b1b-1c8b421fe4a7,Konstantine Anthony,Council Member,1470392,ANTHONY FOR BURBANK CITY COUNCIL 2024; KONSTANTINE,ANTHONY FOR BURBANK CITY COUNCIL 2024; KONSTANTINE,323,TERMINATED 03/10/2025,40002:CONTROLLED,0:N/A,,,leave_no_sos_reports,"controlled by this person, but no SOS e-filed reports (files with a local filing officer): confirming would load no data and would show 'data pending' for ever"
2ba53f14-8df9-45ff-965b-885dc6aae814,8e0725b2-ef27-4d64-b6d6-b26e161c5dd3,Kyle Rohrbach,,1448010,ROHRBACH FOR THOUSAND OAKS CITY COUNCIL 2022; KYLE,ROHRBACH FOR THOUSAND OAKS CITY COUNCIL 2022; KYLE,805,TERMINATED 12/31/2022,40002:CONTROLLED,0:N/A,,,leave_no_sos_reports,"controlled by this person, but no SOS e-filed reports (files with a local filing officer): confirming would load no data and would show 'data pending' for ever"
c6dcd1af-f96d-499e-85be-94c2ba7cf989,fda02d25-60dd-44b6-9e9b-67108ec03e9e,Larry J. Spicer,Council Member,1278116,"SPICER FOR CITY COUNCIL, COMMITTEE TO ELECT LARRY","SPICER FOR CITY COUNCIL, COMMITTEE TO ELECT LARRY",760,TERMINATED 01/07/2013,40002:CONTROLLED,0:N/A,,,leave_no_sos_reports,"controlled by this person, but no SOS e-filed reports (files with a local filing officer): confirming would load no data and would show 'data pending' for ever"
c7c925e3-ed1e-4034-acbf-b0eb753891c0,fda02d25-60dd-44b6-9e9b-67108ec03e9e,Larry J. Spicer,Council Member,1464697,SPICER MAYOR OF MONROVIA 2024; COMMITTEE TO ELECT LARRY,SPICER MAYOR OF MONROVIA 2024; COMMITTEE TO ELECT LARRY,626,TERMINATED 08/19/2024,40002:CONTROLLED,0:N/A,,,leave_no_sos_reports,"controlled by this person, but no SOS e-filed reports (files with a local filing officer): confirming would load no data and would show 'data pending' for ever"
8dee3c3b-a0db-447a-a2d7-5a422c6eaa87,fda02d25-60dd-44b6-9e9b-67108ec03e9e,Larry J. Spicer,Council Member,1354777,"SPICER TO MONROVIA CITY COUNCIL 2013, COMMITTEE TO ELECT LARRY","SPICER TO MONROVIA CITY COUNCIL 2013, COMMITTEE TO ELECT LARRY",626,TERMINATED 06/30/2013,40002:CONTROLLED,0:N/A,,,leave_no_sos_reports,"controlled by this person, but no SOS e-filed reports (files with a local filing officer): confirming would load no data and would show 'data pending' for ever"
4ada7b70-58c0-4098-80ad-36fcd19a8b98,623ef841-c9e5-4865-aa61-d82544c9bea4,Larry Rodriguez,Council Member,1470202,RODRIGUEZ FOR SOUTH EL MONTE CITY COUNCIL 2024; LARRY,RODRIGUEZ FOR SOUTH EL MONTE CITY COUNCIL 2024; LARRY,626,ACTIVE,40002:CONTROLLED,0:N/A,,,leave_no_sos_reports,"controlled by this person, but no SOS e-filed reports (files with a local filing officer): confirming would load no data and would show 'data pending' for ever"
fd96b8e0-eb27-4c82-ac9d-3fa2216184e9,0952f897-7414-4ad3-af88-022de9e4971c,Laurie Lieberman,Board Member,1327016,"LIEBERMAN FOR SCHOOL BOARD 2010, LAURIE","LIEBERMAN FOR SCHOOL BOARD 2010, LAURIE",310,TERMINATED 07/08/2011,40002:CONTROLLED,0:N/A,,,leave_no_sos_reports,"controlled by this person, but no SOS e-filed reports (files with a local filing officer): confirming would load no data and would show 'data pending' for ever"
e046bbcd-9aa0-4050-9152-01601e366f20,85169d37-0da8-44c6-9fb2-24e9ebf03bdf,Linda Freedman,Mayor,1427531,FREEDMAN FOR WALNUT CITY COUNCIL 2020; LINDA,FREEDMAN FOR WALNUT CITY COUNCIL 2020; LINDA,909,TERMINATED 02/07/2022,40002:CONTROLLED,0:N/A,,,leave_no_sos_reports,"controlled by this person, but no SOS e-filed reports (files with a local filing officer): confirming would load no data and would show 'data pending' for ever"
2fbd83de-73fb-4ea8-ba27-4be70ff91f92,85169d37-0da8-44c6-9fb2-24e9ebf03bdf,Linda Freedman,Mayor,1471035,FREEDMAN FOR WALNUT CITY COUNCIL 2024; LINDA,FREEDMAN FOR WALNUT CITY COUNCIL 2024; LINDA,909,ACTIVE,40002:CONTROLLED,0:N/A,,,leave_no_sos_reports,"controlled by this person, but no SOS e-filed reports (files with a local filing officer): confirming would load no data and would show 'data pending' for ever"
90e3445f-5bf0-419c-b498-6dfb5c1c8aa2,dafc1db2-758f-498f-93f8-4f632b0adc7a,Linda Menges,Board Member,1381014,MENGES CANDIDATE FOR LAS VIRGENES UNIFIED SCHOOL DISTRICT GOVERNING BOARD 2015; LINDA,MENGES CANDIDATE FOR LAS VIRGENES UNIFIED SCHOOL DISTRICT GOVERNING BOARD 2015; LINDA,818,TERMINATED 11/18/2015,40002:CONTROLLED,0:N/A,,,leave_no_sos_reports,"controlled by this person, but no SOS e-filed reports (files with a local filing officer): confirming would load no data and would show 'data pending' for ever"
fdd82c9f-c73d-4eba-87d6-32296fd48e07,dafc1db2-758f-498f-93f8-4f632b0adc7a,Linda Menges,Board Member,1472424,MENGES FOR LAS VIRGENES SCHOOL BOARD 2024; LINDA,MENGES FOR LAS VIRGENES SCHOOL BOARD 2024; LINDA,805,TERMINATED 12/31/2024,40002:CONTROLLED,0:N/A,,,leave_no_sos_reports,"controlled by this person, but no SOS e-filed reports (files with a local filing officer): confirming would load no data and would show 'data pending' for ever"
2052d55a-827c-4540-9005-dfd1f9a3303d,dafc1db2-758f-498f-93f8-4f632b0adc7a,Linda Menges,Board Member,1429292,MENGES FOR LAS VIRGENES USD SCHOOL BOARD 2020; LINDA,MENGES FOR LAS VIRGENES USD SCHOOL BOARD 2020; LINDA,818,TERMINATED 11/30/2020,40002:CONTROLLED,0:N/A,,,leave_no_sos_reports,"controlled by this person, but no SOS e-filed reports (files with a local filing officer): confirming would load no data and would show 'data pending' for ever"
33422e0c-60e5-451f-9d56-5d891048a389,81dfcf88-c739-4461-9d16-931f8d51a8c5,Lindsey P. Horvath,Supervisor,1416361,"D'AMICO, LINDSEY HORVATH, AND LAUREN MEISTER FOR CITY COUNCIL 2019; WEST HOLLYWOOD ALLIANCE FOR CONTINUED PROGRESS SUPPORTING JOHN","D'AMICO, LINDSEY HORVATH, AND LAUREN MEISTER FOR CITY COUNCIL 2019; WEST HOLLYWOOD ALLIANCE FOR CONTINUED PROGRESS SUPPORTING JOHN",510,TERMINATED 02/21/2020,0:N/A,40102:PRIMARILY FORMED CANDIDATE,,,dispute_pf,"Cal-Access category PRIMARILY FORMED CANDIDATE: an independent committee that supports or opposes this person, not a committee they control; its money is not their fundraising."
90f83671-d82a-4c31-977c-e8a5a73c0f69,81dfcf88-c739-4461-9d16-931f8d51a8c5,Lindsey P. Horvath,Supervisor,1446284,HORVATH AND AGAINST BOB HERTZBERG FOR SUPERVISOR 2022; NEIGHBORS FOR LINDSEY,HORVATH AND AGAINST BOB HERTZBERG FOR SUPERVISOR 2022; NEIGHBORS FOR LINDSEY,510,TERMINATED 12/15/2022,0:N/A,40102:PRIMARILY FORMED CANDIDATE,,,dispute_pf,"Cal-Access category PRIMARILY FORMED CANDIDATE: an independent committee that supports or opposes this person, not a committee they control; its money is not their fundraising."
f931da03-3112-47d5-8dfa-bc52c9fba6e3,81dfcf88-c739-4461-9d16-931f8d51a8c5,Lindsey P. Horvath,Supervisor,1415257,HORVATH AND JOHN D'AMICO FOR COUNCIL 2019; WEST HOLLYWOOD UNITED TO SUPPORT LINDSEY,HORVATH AND JOHN D'AMICO FOR COUNCIL 2019; WEST HOLLYWOOD UNITED TO SUPPORT LINDSEY,213,TERMINATED 06/18/2019,40002:CONTROLLED,0:N/A,,,leave_no_sos_reports,"controlled by this person, but no SOS e-filed reports (files with a local filing officer): confirming would load no data and would show 'data pending' for ever"
2997f8ce-6eb8-4558-b60d-9baca205c375,0afa998d-94e9-4af4-ba00-256c38869398,Lisa Calderon,Assembly Member,1423176,CALDERON FOR ASSEMBLY 2020; LISA,CALDERON FOR ASSEMBLY 2020; LISA,213,TERMINATED 06/30/2021,40002:CONTROLLED,0:N/A,LISA CALDERON,"F460 x9, F497 x95",confirm,"Cal-Access bulk export (2026-09-23): category CONTROLLED; controlling candidate LISA CALDERON (FILER_LINKS_CD / Form 460 cover); SOS e-filed reports F460 x9, F497 x95."
53f8a653-711b-4c5b-8217-ccf5956f1a51,0afa998d-94e9-4af4-ba00-256c38869398,Lisa Calderon,Assembly Member,1435686,CALDERON FOR ASSEMBLY 2022; LISA,CALDERON FOR ASSEMBLY 2022; LISA,213,TERMINATED 01/20/2024,40002:CONTROLLED,0:N/A,LISA CALDERON,"F460 x16, F497 x100",confirm,"Cal-Access bulk export (2026-09-23): category CONTROLLED; controlling candidate LISA CALDERON (FILER_LINKS_CD / Form 460 cover); SOS e-filed reports F460 x16, F497 x100."
5fbd143e-f106-4ee9-9e7a-ccb4c4578de6,0afa998d-94e9-4af4-ba00-256c38869398,Lisa Calderon,Assembly Member,1456830,CALDERON FOR ASSEMBLY 2024; LISA,CALDERON FOR ASSEMBLY 2024; LISA,213,TERMINATED 04/30/2025,40002:CONTROLLED,0:N/A,LISA CALDERON,"F460 x14, F497 x112",confirm,"Cal-Access bulk export (2026-09-23): category CONTROLLED; controlling candidate LISA CALDERON (FILER_LINKS_CD / Form 460 cover); SOS e-filed reports F460 x14, F497 x112."
acf07674-0b7a-47dd-8280-5d5323d399c4,0afa998d-94e9-4af4-ba00-256c38869398,Lisa Calderon,Assembly Member,1477264,CALDERON FOR ASSEMBLY 2026; LISA,CALDERON FOR ASSEMBLY 2026; LISA,213,ACTIVE,40002:CONTROLLED,0:N/A,LISA CALDERON,"F460 x6, F497 x73",confirm,"Cal-Access bulk export (2026-09-23): category CONTROLLED; controlling candidate LISA CALDERON (FILER_LINKS_CD / Form 460 cover); SOS e-filed reports F460 x6, F497 x73."
36f8ca5c-0a4e-4d7f-b456-20db8acb9557,d5d51559-14e8-466e-85de-0d24de421905,Lori Woods,Council Member,1354138,WOODS / LORI 4 COUNCIL 2013,WOODS / LORI 4 COUNCIL 2013,310,TERMINATED 01/01/2014,40002:CONTROLLED,0:N/A,,,leave_no_sos_reports,"controlled by this person, but no SOS e-filed reports (files with a local filing officer): confirming would load no data and would show 'data pending' for ever"
50cb78c1-c98a-4054-b57c-7383e68f8203,3a578edc-56ad-43cf-ac8f-68d05fd5d7a8,Lorraine Canales,Council Member,1462774,CANALES 4 POMONA CITY COUNCIL 2024; LORRAINE,CANALES 4 POMONA CITY COUNCIL 2024; LORRAINE,213,ACTIVE,40002:CONTROLLED,0:N/A,,,leave_no_sos_reports,"controlled by this person, but no SOS e-filed reports (files with a local filing officer): confirming would load no data and would show 'data pending' for ever"
84ebad34-1535-4fd0-91c0-35374cab6715,b10c4a24-a504-403b-820f-e0115578715a,Luis Roa,Council Member,1412085,ROA FOR CITY COUNCIL 2018; LUIS,ROA FOR CITY COUNCIL 2018; LUIS,562,TERMINATED 06/30/2022,40002:CONTROLLED,0:N/A,,,leave_no_sos_reports,"controlled by this person, but no SOS e-filed reports (files with a local filing officer): confirming would load no data and would show 'data pending' for ever"
ba65439f-90e3-4b58-9077-c699ac254ffd,b10c4a24-a504-403b-820f-e0115578715a,Luis Roa,Council Member,1453274,ROA FOR CITY COUNCIL 2022; LUIS,ROA FOR CITY COUNCIL 2022; LUIS,562,TERMINATED 07/30/2026,40002:CONTROLLED,0:N/A,,,leave_no_sos_reports,"controlled by this person, but no SOS e-filed reports (files with a local filing officer): confirming would load no data and would show 'data pending' for ever"
442319b0-3f4a-493f-9eef-8d9876074672,d429897d-efa9-4cf4-863b-900325cb7190,Maebe Pudlo,,1481572,"PUDLO FOR CA STATE SENATE DISTRICT 26, 2026; MAEBE","PUDLO FOR CA STATE SENATE DISTRICT 26, 2026; MAEBE",310,ACTIVE,40002:CONTROLLED,0:N/A,MAEBE PUDLO,"F460 x4, F497 x1",confirm,"Cal-Access bulk export (2026-09-23): category CONTROLLED; controlling candidate MAEBE PUDLO (FILER_LINKS_CD / Form 460 cover); SOS e-filed reports F460 x4, F497 x1."
d99b6aaf-6519-47fb-8338-b75f34aee524,d429897d-efa9-4cf4-863b-900325cb7190,Maebe Pudlo,,1480365,MAEBE PUDLO,"PUDLO, MAEBE",310,ACTIVE,0:N/A,0:N/A,"PUDLO FOR CA STATE SENATE DISTRICT 26, 2026; MAEBE",,leave_no_sos_reports,"controlled by this person, but no SOS e-filed reports (files with a local filing officer): confirming would load no data and would show 'data pending' for ever"
afc6fef5-924f-4bd9-a259-39dbd67e20a2,ea85dfe3-1092-468e-a799-cb8054c135db,Malia M. Cohen,Controller,1436104,COHEN FOR CONTROLLER 2022 SPONSORED BY LABOR ORGANIZATIONS; NURSES AND EDUCATORS FOR MALIA,COHEN FOR CONTROLLER 2022 SPONSORED BY LABOR ORGANIZATIONS; NURSES AND EDUCATORS FOR MALIA,916,TERMINATED 06/30/2023,0:N/A,40102:PRIMARILY FORMED CANDIDATE,Sydney Kamlager; Isaac Bryan; Lanhee Chen,"F460 x12, F497 x20",dispute_pf,"Cal-Access category PRIMARILY FORMED CANDIDATE: an independent committee that supports or opposes this person, not a committee they control; its money is not their fundraising."
0dbe3c0e-1c51-4c60-8943-88020f89c098,ea85dfe3-1092-468e-a799-cb8054c135db,Malia M. Cohen,Controller,1437983,COHEN FOR CONTROLLER 2022; MALIA,COHEN FOR CONTROLLER 2022; MALIA,916,TERMINATED 02/07/2023,40002:CONTROLLED,0:N/A,MALIA M. COHEN; Malia Cohen,"F460 x22, F497 x233",confirm,"Cal-Access bulk export (2026-09-23): category CONTROLLED; controlling candidate MALIA M. COHEN; Malia Cohen (FILER_LINKS_CD / Form 460 cover); SOS e-filed reports F460 x22, F497 x233."
1bf18bc6-b325-450d-9dae-19ff688ac187,ea85dfe3-1092-468e-a799-cb8054c135db,Malia M. Cohen,Controller,1345779,"COHEN FOR DEMOCRATIC COUNTY CENTRAL COMMITTEE 2012, MALIA","COHEN FOR DEMOCRATIC COUNTY CENTRAL COMMITTEE 2012, MALIA",415,TERMINATED 12/08/2015,40002:CONTROLLED,0:N/A,,,leave_no_sos_reports,"controlled by this person, but no SOS e-filed reports (files with a local filing officer): confirming would load no data and would show 'data pending' for ever"
20c1ec0d-7a1b-4ed6-9968-18fada9bec8a,ea85dfe3-1092-468e-a799-cb8054c135db,Malia M. Cohen,Controller,1378369,COHEN FOR DEMOCRATIC COUNTY CENTRAL COMMITTEE 2016; MALIA,COHEN FOR DEMOCRATIC COUNTY CENTRAL COMMITTEE 2016; MALIA,415,TERMINATED 03/06/2019,40002:CONTROLLED,0:N/A,MALIA M. COHEN; Malia Cohen,F460 x8,confirm,Cal-Access bulk export (2026-09-23): category CONTROLLED; controlling candidate MALIA M. COHEN; Malia Cohen (FILER_LINKS_CD / Form 460 cover); SOS e-filed reports F460 x8.
4b3fcf30-e297-4fee-a8c8-def75610ace9,ea85dfe3-1092-468e-a799-cb8054c135db,Malia M. Cohen,Controller,1393775,COHEN FOR STATE BOARD OF EQUALIZATION 2018; MALIA,COHEN FOR STATE BOARD OF EQUALIZATION 2018; MALIA,415,TERMINATED 03/06/2019,40002:CONTROLLED,0:N/A,MALIA M. COHEN; Malia Cohen,"F460 x12, F497 x107",confirm,"Cal-Access bulk export (2026-09-23): category CONTROLLED; controlling candidate MALIA M. COHEN; Malia Cohen (FILER_LINKS_CD / Form 460 cover); SOS e-filed reports F460 x12, F497 x107."
2a50667f-dee3-46fc-8af4-e2a53f2035b4,ea85dfe3-1092-468e-a799-cb8054c135db,Malia M. Cohen,Controller,1414911,COHEN FOR STATE BOARD OF EQUALIZATION 2022; MALIA,COHEN FOR STATE BOARD OF EQUALIZATION 2022; MALIA,916,TERMINATED 12/31/2021,40002:CONTROLLED,0:N/A,MALIA M. COHEN; Malia Cohen,"F460 x12, F497 x20",confirm,"Cal-Access bulk export (2026-09-23): category CONTROLLED; controlling candidate MALIA M. COHEN; Malia Cohen (FILER_LINKS_CD / Form 460 cover); SOS e-filed reports F460 x12, F497 x20."
7e753469-1d9f-4625-a7a4-3f5c033c8ff2,ea85dfe3-1092-468e-a799-cb8054c135db,Malia M. Cohen,Controller,1321410,"COHEN FOR SUPERVISOR 2010, MALIA","COHEN FOR SUPERVISOR 2010, MALIA",415,TERMINATED 08/15/2013,40002:CONTROLLED,0:N/A,,,leave_no_sos_reports,"controlled by this person, but no SOS e-filed reports (files with a local filing officer): confirming would load no data and would show 'data pending' for ever"
0d9ac7ca-5bcf-40f4-b7c4-7e650dbfce2a,cdab13e8-29d3-4e2a-a766-f441d0478830,Manuel Lozano,Council Member,1360087,"LOZANO 2013, MAYOR MANUEL","LOZANO 2013, MAYOR MANUEL",626,ACTIVE,40002:CONTROLLED,0:N/A,,,leave_no_sos_reports,"controlled by this person, but no SOS e-filed reports (files with a local filing officer): confirming would load no data and would show 'data pending' for ever"
88285a24-6886-4426-a19f-ffb7b7467621,cdab13e8-29d3-4e2a-a766-f441d0478830,Manuel Lozano,Council Member,1379573,LOZANO 2020; MAYOR MANUEL,LOZANO 2020; MAYOR MANUEL,626,TERMINATED 12/31/2020,40002:CONTROLLED,0:N/A,,,leave_no_sos_reports,"controlled by this person, but no SOS e-filed reports (files with a local filing officer): confirming would load no data and would show 'data pending' for ever"
95d9d642-96f0-4bf3-9eff-3b6c1583b9ee,cdab13e8-29d3-4e2a-a766-f441d0478830,Manuel Lozano,Council Member,1404062,"LOZANO FOR ASSEMBLY, 48TH DISTRICT 2016; MANUEL","LOZANO FOR ASSEMBLY, 48TH DISTRICT 2016; MANUEL",626,TERMINATED 07/29/2017,40002:CONTROLLED,0:N/A,MANUEL LOZANO,,leave_no_sos_reports,"controlled by this person, but no SOS e-filed reports (files with a local filing officer): confirming would load no data and would show 'data pending' for ever"
dcf8154d-8ece-4b29-9a71-b6fd88bcc0d3,cdab13e8-29d3-4e2a-a766-f441d0478830,Manuel Lozano,Council Member,1475889,LOZANO FOR CITY COUNCIL 2024; MANUEL,LOZANO FOR CITY COUNCIL 2024; MANUEL,626,TERMINATED 01/24/2025,40002:CONTROLLED,0:N/A,,,leave_no_sos_reports,"controlled by this person, but no SOS e-filed reports (files with a local filing officer): confirming would load no data and would show 'data pending' for ever"
badb7b06-ed61-45a3-8c37-17f7893631c2,cdab13e8-29d3-4e2a-a766-f441d0478830,Manuel Lozano,Council Member,1321930,"LOZANO FOR MAYOR 2009, FRIENDS OF MANUEL","LOZANO FOR MAYOR 2009, FRIENDS OF MANUEL",626,TERMINATED 09/06/2013,40002:CONTROLLED,0:N/A,,,leave_no_sos_reports,"controlled by this person, but no SOS e-filed reports (files with a local filing officer): confirming would load no data and would show 'data pending' for ever"
abb397db-f34f-43cd-baa7-b382543ea7f9,cdab13e8-29d3-4e2a-a766-f441d0478830,Manuel Lozano,Council Member,1338315,"LOZANO FOR MAYOR 2011, FRIENDS OF MANUEL","LOZANO FOR MAYOR 2011, FRIENDS OF MANUEL",626,TERMINATED 09/06/2013,40002:CONTROLLED,0:N/A,,,leave_no_sos_reports,"controlled by this person, but no SOS e-filed reports (files with a local filing officer): confirming would load no data and would show 'data pending' for ever"
736a3e49-fc29-40cc-b7e5-98a6ec96a9d0,cdab13e8-29d3-4e2a-a766-f441d0478830,Manuel Lozano,Council Member,1452091,LOZANO FOR MAYOR 2022; MANUEL,LOZANO FOR MAYOR 2022; MANUEL,626,TERMINATED 02/09/2023,40002:CONTROLLED,0:N/A,,,leave_no_sos_reports,"controlled by this person, but no SOS e-filed reports (files with a local filing officer): confirming would load no data and would show 'data pending' for ever"
635ef22d-a5fd-458e-8b31-d8a5e535671e,cdab13e8-29d3-4e2a-a766-f441d0478830,Manuel Lozano,Council Member,1251071,"LOZANO, FRIENDS OF MANUEL","LOZANO, FRIENDS OF MANUEL",626,TERMINATED 09/11/2013,40002:CONTROLLED,0:N/A,,,leave_no_sos_reports,"controlled by this person, but no SOS e-filed reports (files with a local filing officer): confirming would load no data and would show 'data pending' for ever"
b63e77be-194a-4b3e-9051-46bb625507e6,a2c92310-496f-4c38-894c-0fef00663a2b,Manuel R. Garcia,Council Member,1034573,"GARCIA, COMMITTEE TO ELECT MANUEL D.","GARCIA, COMMITTEE TO ELECT MANUEL D.",213,TERMINATED 12/01/1990,40002:CONTROLLED,0:N/A,,,leave_no_sos_reports,"controlled by this person, but no SOS e-filed reports (files with a local filing officer): confirming would load no data and would show 'data pending' for ever"
b3c7ae22-e5bf-41a8-a2b8-43f54065de5b,cd3d1dde-aa80-4a9f-aa2b-8a5f94876208,Margaret Clark,Mayor,1392530,CLARK TO ROSEMEAD CITY COUNCIL 2017; COMMITTEE TO RE-ELECT MARGARET,CLARK TO ROSEMEAD CITY COUNCIL 2017; COMMITTEE TO RE-ELECT MARGARET,626,TERMINATED 01/13/2022,40002:CONTROLLED,0:N/A,,,leave_no_sos_reports,"controlled by this person, but no SOS e-filed reports (files with a local filing officer): confirming would load no data and would show 'data pending' for ever"
e0151a21-aa01-42e1-9d1e-b15d3f7e9334,bd64253b-0bd1-4b9f-85b1-76180c760d07,Margarita L. Rios,Vice Mayor,1318969,"RIOS FOR SCHOOL BOARD 2009, COMMITTEE TO ELECT MARGARITA","RIOS FOR SCHOOL BOARD 2009, COMMITTEE TO ELECT MARGARITA",562,TERMINATED 01/24/2011,40002:CONTROLLED,0:N/A,,,leave_no_sos_reports,"controlled by this person, but no SOS e-filed reports (files with a local filing officer): confirming would load no data and would show 'data pending' for ever"
8d03b8c3-6d8b-4844-9ceb-6e262bcbce7e,bd64253b-0bd1-4b9f-85b1-76180c760d07,Margarita L. Rios,Vice Mayor,1356898,"RIOS FOR SCHOOL BOARD 2013, MARGARITA L.","RIOS FOR SCHOOL BOARD 2013, MARGARITA L.",562,TERMINATED 12/31/2020,40002:CONTROLLED,0:N/A,,,leave_no_sos_reports,"controlled by this person, but no SOS e-filed reports (files with a local filing officer): confirming would load no data and would show 'data pending' for ever"
41a16a4e-ccb8-4caa-95fa-1d1bd90c0434,7157dd95-0f1b-4e05-bd4f-39317345b47c,Marissa Roy,,1479257,ROY FOR LOS ANGELES CITY ATTORNEY 2026; MARISSA,ROY FOR LOS ANGELES CITY ATTORNEY 2026; MARISSA,510,ACTIVE,40002:CONTROLLED,0:N/A,,,leave_no_sos_reports,"controlled by this person, but no SOS e-filed reports (files with a local filing officer): confirming would load no data and would show 'data pending' for ever"
7faabd6a-1b12-41e7-b5b8-ce8b3c5d09e2,9dd2a633-c532-4154-b2b0-9b725fcb292f,Mark A. Waronek,Council Member,1408333,WARONEK FOR LOMITA CITY COUNCIL 2018; RE-ELECT MARK,WARONEK FOR LOMITA CITY COUNCIL 2022; MARK,310,ACTIVE,40002:CONTROLLED,0:N/A,,,leave_no_sos_reports,"controlled by this person, but no SOS e-filed reports (files with a local filing officer): confirming would load no data and would show 'data pending' for ever"
5f95f1b3-6d45-4dc2-b631-01a8932532cb,005d7df1-227e-4110-b254-ec835d5b5e95,Mark Gonzalez,Assembly Member,1475174,"GONZALEZ FOR ASSEMBLY 2024, SPONSORED BY EQUALITY CALIFORNIA AND LGBT (LESBIAN, GAY, BISEXUAL & TRANSGENDER) CAUCUS LEADERSHIP FUND; COMMUNITIES UNITED TO ELECT MARK","GONZALEZ FOR ASSEMBLY 2024, SPONSORED BY EQUALITY CALIFORNIA AND LGBT (LESBIAN, GAY, BISEXUAL & TRANSGENDER) CAUCUS LEADERSHIP FUND; COMMUNITIES UNITED TO ELECT MARK",213,TERMINATED 12/31/2024,0:N/A,40102:PRIMARILY FORMED CANDIDATE,MARK GONZALEZ,"F460 x3, F497 x6",dispute_pf,"Cal-Access category PRIMARILY FORMED CANDIDATE: an independent committee that supports or opposes this person, not a committee they control; its money is not their fundraising."
0e95c043-d05a-4a54-a11f-c0ff46267d97,005d7df1-227e-4110-b254-ec835d5b5e95,Mark Gonzalez,Assembly Member,1477311,MARK GONZALEZ,"GONZALEZ, MARK",626,ACTIVE,0:N/A,0:N/A,,,leave_filer_record,"a candidate filer record, not a committee: no contributions are filed under it"
099084c7-dea3-4ece-b41d-c85f8a319e07,ece32bfa-26de-4177-9bb3-cea506870747,Marqueece Harris-Dawson,Council Member,1483235,HARRIS-DAWSON LEGAL DEFENSE COMMITTEE FOR C.D. CAL. CASE NO. 2:25-CV-05917; THE MARQUEECE,HARRIS-DAWSON LEGAL DEFENSE COMMITTEE FOR C.D. CAL. CASE NO. 2:25-CV-05917; THE MARQUEECE,213,TERMINATED 03/31/2026,40002:CONTROLLED,0:N/A,,,leave_no_sos_reports,"controlled by this person, but no SOS e-filed reports (files with a local filing officer): confirming would load no data and would show 'data pending' for ever"
2e02df27-cd65-4716-9660-34eb56704a80,ece32bfa-26de-4177-9bb3-cea506870747,Marqueece Harris-Dawson,Council Member,1483234,MARQUEECE HARRIS-DAWSON,"HARRIS-DAWSON, MARQUEECE",213,ACTIVE,0:N/A,0:N/A,,,leave_filer_record,"a candidate filer record, not a committee: no contributions are filed under it"
45cec46d-6401-4853-ae88-dbbc9b0d99a3,b4f9688b-add0-44d6-bab8-e923d17d105e,Mary N. Wells,Council Member,1461127,WELLS FOR BEVERLY HILLS CITY COUNCIL 2024; MARY,WELLS FOR BEVERLY HILLS CITY COUNCIL 2024; MARY,213,TERMINATED 06/10/2025,40002:CONTROLLED,0:N/A,,,leave_no_sos_reports,"controlled by this person, but no SOS e-filed reports (files with a local filing officer): confirming would load no data and would show 'data pending' for ever"
8e27e555-078a-4bc5-bd08-d062516905a6,b4f9688b-add0-44d6-bab8-e923d17d105e,Mary N. Wells,Council Member,1430003,WELLS FOR SCHOOL BOARD 2020; MARY,WELLS FOR SCHOOL BOARD 2020; MARY,213,TERMINATED 06/14/2023,40002:CONTROLLED,0:N/A,,,leave_no_sos_reports,"controlled by this person, but no SOS e-filed reports (files with a local filing officer): confirming would load no data and would show 'data pending' for ever"
5ced1ac1-0814-43c0-b24f-cc8854b13198,b4f9688b-add0-44d6-bab8-e923d17d105e,Mary N. Wells,Council Member,1239841,"WELLS, FRIENDS OF MARY","WELLS, FRIENDS OF MARY",707,ACTIVE,40002:CONTROLLED,0:N/A,,,leave_no_sos_reports,"controlled by this person, but no SOS e-filed reports (files with a local filing officer): confirming would load no data and would show 'data pending' for ever"
cc7a6c15-57e5-4114-8569-7a17562368fe,895b104d-b2d4-4c7c-a543-e3464774326d,Mary Zendejas,Councilmember,1419572,ZENDEJAS FOR CITY COUNCIL 2019; MARY,ZENDEJAS FOR CITY COUNCIL 2019 OFFICEHOLDER ACCOUNT; MARY,442,ACTIVE,40002:CONTROLLED,0:N/A,,,leave_no_sos_reports,"controlled by this person, but no SOS e-filed reports (files with a local filing officer): confirming would load no data and would show 'data pending' for ever"
81420a84-3978-4164-b20f-b658d5360d2c,895b104d-b2d4-4c7c-a543-e3464774326d,Mary Zendejas,Councilmember,1436395,ZENDEJAS FOR CITY COUNCIL 2022; MARY,ZENDEJAS FOR CITY COUNCIL 2022; MARY,562,TERMINATED 07/25/2024,40002:CONTROLLED,0:N/A,,,leave_no_sos_reports,"controlled by this person, but no SOS e-filed reports (files with a local filing officer): confirming would load no data and would show 'data pending' for ever"
3c17eb4c-cb7a-4b59-aaa0-eed6a6f26d13,895b104d-b2d4-4c7c-a543-e3464774326d,Mary Zendejas,Councilmember,1479349,ZENDEJAS FOR CITY COUNCIL 2026; MARY,ZENDEJAS FOR CITY COUNCIL 2026; MARY,442,ACTIVE,40002:CONTROLLED,0:N/A,,,leave_no_sos_reports,"controlled by this person, but no SOS e-filed reports (files with a local filing officer): confirming would load no data and would show 'data pending' for ever"
b6495621-152f-4b21-a832-75173e3208b5,d0d7068a-3e65-4cbe-be5e-81cdac31cb70,Max Fomin,,1486740,FOMIN GOVERNOR 2026; MAX,FOMIN GOVERNOR 2026; MAX,424,ACTIVE,40002:CONTROLLED,0:N/A,MAX M FOMIN,,leave_no_sos_reports,"controlled by this person, but no SOS e-filed reports (files with a local filing officer): confirming would load no data and would show 'data pending' for ever"
d058ccfb-130a-4730-bb79-eb4bb5e48bf8,d0d7068a-3e65-4cbe-be5e-81cdac31cb70,Max Fomin,,1486739,MAX FOMIN,"FOMIN, MAX",424,ACTIVE,0:N/A,0:N/A,,,leave_filer_record,"a candidate filer record, not a committee: no contributions are filed under it"
a3edae7b-919a-4941-87d3-c6a50a417091,d0d7068a-3e65-4cbe-be5e-81cdac31cb70,Max Fomin,,1486509,MAX M FOMIN,"FOMIN, MAX M",424,ACTIVE,0:N/A,0:N/A,FOMIN GOVERNOR 2026; MAX,,leave_no_sos_reports,"controlled by this person, but no SOS e-filed reports (files with a local filing officer): confirming would load no data and would show 'data pending' for ever"
c9b94f16-0a43-4416-97b9-461c76c0b708,203ab943-324d-4478-9093-d827d5d9c7da,Maxine Waters,Representative,1047470,"WATERS, FRIENDS OF MAXINE","WATERS, FRIENDS OF MAXINE",213,TERMINATED 12/01/1990,40002:CONTROLLED,0:N/A,,,leave_no_sos_reports,"controlled by this person, but no SOS e-filed reports (files with a local filing officer): confirming would load no data and would show 'data pending' for ever"
f299eafd-edb4-4f02-976c-0cc1503e94df,80d61182-1d3a-4b9e-891a-ac6851875b16,Mayra Aguiluz,Mayor,1452981,AGUILUZ FOR MAYWOOD CITY COUNCIL 2022; MAYRA,AGUILUZ FOR MAYWOOD CITY COUNCIL 2026; MAYRA,323,ACTIVE,40002:CONTROLLED,0:N/A,,,leave_no_sos_reports,"controlled by this person, but no SOS e-filed reports (files with a local filing officer): confirming would load no data and would show 'data pending' for ever"
48feed74-3623-4169-8269-28326fa2bb9c,6f3b9ac9-afde-4bef-9a18-31b8bef485da,Megan Kerr,Councilmember,1457680,KERR FOR CITY COUNCIL 2022 OFFICEHOLDER ACCOUNT; MEGAN,KERR FOR CITY COUNCIL 2022 OFFICEHOLDER ACCOUNT; MEGAN,442,ACTIVE,40002:CONTROLLED,0:N/A,,,leave_no_sos_reports,"controlled by this person, but no SOS e-filed reports (files with a local filing officer): confirming would load no data and would show 'data pending' for ever"
6bba00e9-e123-469c-8ca9-62d60eb56273,6f3b9ac9-afde-4bef-9a18-31b8bef485da,Megan Kerr,Councilmember,1442719,KERR FOR CITY COUNCIL 2022; MEGAN,KERR FOR CITY COUNCIL 2022; MEGAN,442,ACTIVE,40002:CONTROLLED,0:N/A,,,leave_no_sos_reports,"controlled by this person, but no SOS e-filed reports (files with a local filing officer): confirming would load no data and would show 'data pending' for ever"
bfdcfc85-3c41-43dd-8ebd-5ecc00bf72c2,6f3b9ac9-afde-4bef-9a18-31b8bef485da,Megan Kerr,Councilmember,1483919,KERR FOR CITY COUNCIL 2026; MEGAN,KERR FOR CITY COUNCIL 2026; MEGAN,562,ACTIVE,40002:CONTROLLED,0:N/A,,,leave_no_sos_reports,"controlled by this person, but no SOS e-filed reports (files with a local filing officer): confirming would load no data and would show 'data pending' for ever"
84a6436c-4983-4b90-b24b-c67a157368a8,6f3b9ac9-afde-4bef-9a18-31b8bef485da,Megan Kerr,Councilmember,1355481,"KERR FOR SCHOOL BOARD 2022, MEGAN","KERR FOR SCHOOL BOARD 2022, MEGAN",949,TERMINATED 06/30/2023,40002:CONTROLLED,0:N/A,,,leave_no_sos_reports,"controlled by this person, but no SOS e-filed reports (files with a local filing officer): confirming would load no data and would show 'data pending' for ever"
00f2c95b-69fa-425c-8104-c1068fc72348,0d4b6036-0898-444f-a01a-91847f33855d,Melissa Ramoso,Council Member,1359915,"RAMOSO FOR ARTESIA CITY COUNCIL 2013, MELISSA","RAMOSO FOR ARTESIA CITY COUNCIL 2013, MELISSA",323,TERMINATED 06/30/2014,40002:CONTROLLED,0:N/A,,,leave_no_sos_reports,"controlled by this person, but no SOS e-filed reports (files with a local filing officer): confirming would load no data and would show 'data pending' for ever"
c128ac9f-128f-4fe6-b20f-f051fec7888f,0d4b6036-0898-444f-a01a-91847f33855d,Melissa Ramoso,Council Member,1409946,RAMOSO FOR CITY COUNCIL 2022; MELISSA,RAMOSO FOR CITY COUNCIL 2022; MELISSA,323,TERMINATED 12/31/2024,40002:CONTROLLED,0:N/A,,,leave_no_sos_reports,"controlled by this person, but no SOS e-filed reports (files with a local filing officer): confirming would load no data and would show 'data pending' for ever"
a7436733-83e7-4f16-8942-7c1cd323289f,0d4b6036-0898-444f-a01a-91847f33855d,Melissa Ramoso,Council Member,1488516,RAMOSO FOR CITY COUNCIL 2026; MELISSA,RAMOSO FOR CITY COUNCIL 2026; MELISSA,323,ACTIVE,40002:CONTROLLED,0:N/A,,,leave_no_sos_reports,"controlled by this person, but no SOS e-filed reports (files with a local filing officer): confirming would load no data and would show 'data pending' for ever"
c609a08f-ad9f-4895-a625-2e9dd60a2e6e,7e14a7c0-50dc-43ee-81b6-b86ae1ed10dc,Michael A. Cacciotti,Council Member (District 4),1053422,"CACCIOTTI, FRIENDS OF MICHAEL","CACCIOTTI, FRIENDS OF MICHAEL",213,TERMINATED 03/21/1991,40002:CONTROLLED,0:N/A,MICHAEL A. CACCIOTTI,,leave_no_sos_reports,"controlled by this person, but no SOS e-filed reports (files with a local filing officer): confirming would load no data and would show 'data pending' for ever"
4120fb3e-9d25-4158-ae57-eb5387bd642c,97fe17c8-83b4-4ce6-b5a7-5265eb6ac5e7,Michael Allawos,Council Member (District 1),1373859,ALLAWOS FOR GLENDORA CITY COUNCIL 2015; MICHAEL,ALLAWOS FOR GLENDORA CITY COUNCIL 2015; MICHAEL,626,TERMINATED 06/30/2015,40002:CONTROLLED,0:N/A,,,leave_no_sos_reports,"controlled by this person, but no SOS e-filed reports (files with a local filing officer): confirming would load no data and would show 'data pending' for ever"
899db1be-332a-4514-961a-f313740d82ff,956adbd6-02dd-42ec-92d5-b7680e2727cb,Michael Detoy,Council Member,1420401,DETOY FOR HERMOSA BEACH CITY COUNCIL 2019; MICHAEL,,,,40002:CONTROLLED,0:N/A,,,leave_no_sos_reports,"controlled by this person, but no SOS e-filed reports (files with a local filing officer): confirming would load no data and would show 'data pending' for ever"
258d71de-a35f-4bc2-b590-b36b2381bb88,24076e95-943f-4f94-afe3-05552575659c,Michael Hooper,Board Member (Trustee Area D),1462965,HOOPER FOR SCHOOL BOARD 2024; MICHAEL,HOOPER FOR SCHOOL BOARD 2024; MICHAEL,310,TERMINATED 12/31/2024,40002:CONTROLLED,0:N/A,,,leave_no_sos_reports,"controlled by this person, but no SOS e-filed reports (files with a local filing officer): confirming would load no data and would show 'data pending' for ever"
8d63c1f6-07fc-48d8-b802-d475242fd935,c36ae746-7519-4bf2-a602-3b4836095f13,Michael Keegan,Council Member,1322096,COALITION OF PACIFIC COAST HIGHWAY HERMOSA BEACH BUSINESSMEN AND RESIDENTS OPPOSING THE ELECTION OF MICHAEL KEEGAN FOR CITY COUNCIL 2009,COALITION OF PACIFIC COAST HIGHWAY HERMOSA BEACH BUSINESSMEN AND RESIDENTS OPPOSING THE ELECTION OF MICHAEL KEEGAN FOR CITY COUNCIL 2009,310,TERMINATED 11/13/2009,0:N/A,40102:PRIMARILY FORMED CANDIDATE,,,dispute_pf,"Cal-Access category PRIMARILY FORMED CANDIDATE: an independent committee that supports or opposes this person, not a committee they control; its money is not their fundraising."
7530a276-60f4-4f81-9549-bd4f79cc73c3,c36ae746-7519-4bf2-a602-3b4836095f13,Michael Keegan,Council Member,1473737,KEEGAN FOR CITY COUNCIL 2024; MICHAEL,KEEGAN FOR CITY COUNCIL 2024; MICHAEL,310,TERMINATED 03/19/2025,40002:CONTROLLED,0:N/A,,,leave_no_sos_reports,"controlled by this person, but no SOS e-filed reports (files with a local filing officer): confirming would load no data and would show 'data pending' for ever"
cbad13db-1b0f-4a36-9520-ae3ba9eaa99d,c36ae746-7519-4bf2-a602-3b4836095f13,Michael Keegan,Council Member,1276910,"KEEGAN, FRIENDS OF MICHAEL","KEEGAN, FRIENDS OF MICHAEL",310,TERMINATED 02/05/2009,40002:CONTROLLED,0:N/A,,,leave_no_sos_reports,"controlled by this person, but no SOS e-filed reports (files with a local filing officer): confirming would load no data and would show 'data pending' for ever"
c36a894c-fcac-4fd6-97bb-c635a0ebc99c,2213867b-8542-45df-bf57-37463cbe548d,Michael Kemps,Council Member,1414925,KEMPS FOR PVE COUNCIL 2019; MICHAEL,KEMPS FOR PVE COUNCIL 2019; MICHAEL,310,ACTIVE,40002:CONTROLLED,0:N/A,,,leave_no_sos_reports,"controlled by this person, but no SOS e-filed reports (files with a local filing officer): confirming would load no data and would show 'data pending' for ever"
9f94f668-12a6-43b8-aafe-31dcd505d29f,cf6a072a-026b-4b95-9eb4-180be6480a95,Michelle Velasquez Bean,Council Member,1470290,BEAN FOR CITY COUNCIL 2026; MICHELLE,BEAN FOR CITY COUNCIL 2026; MICHELLE,213,ACTIVE,40002:CONTROLLED,0:N/A,,,leave_no_sos_reports,"controlled by this person, but no SOS e-filed reports (files with a local filing officer): confirming would load no data and would show 'data pending' for ever"
890cfc57-5bac-4856-b476-72341250ad0a,6133e73c-4c33-4cfc-9fd3-de1382729f42,Mike A. Gipson,Assembly Member,1365913,"GIPSON FOR ASSEMBLY 2014, JOBS CREATION COUNCIL PAC TO SUPPORT MIKE","GIPSON FOR ASSEMBLY 2014, JOBS CREATION COUNCIL PAC TO SUPPORT MIKE",310,TERMINATED 06/30/2016,0:N/A,40102:PRIMARILY FORMED CANDIDATE,Mike Gipson; Isadore Hall,"F460 x9, F497 x9",dispute_pf,"Cal-Access category PRIMARILY FORMED CANDIDATE: an independent committee that supports or opposes this person, not a committee they control; its money is not their fundraising."
0fc22e5d-81ec-42ab-8807-b5631e205103,6133e73c-4c33-4cfc-9fd3-de1382729f42,Mike A. Gipson,Assembly Member,1265606,"GIPSON FOR CARSON CITY COUNCIL 2013, MIKE","GIPSON FOR CARSON CITY COUNCIL 2013, MIKE",213,TERMINATED 09/19/2020,40002:CONTROLLED,0:N/A,MIKE GIPSON,"F460 x34, F497 x1",confirm,"Cal-Access bulk export (2026-09-23): category CONTROLLED; controlling candidate MIKE GIPSON (FILER_LINKS_CD / Form 460 cover); SOS e-filed reports F460 x34, F497 x1."
c72eb956-0514-4ca5-af4a-c1a0964fd3b0,cacdb3e3-f716-4914-9e32-a95cc632af42,Mike Fong,Assembly Member,1436882,FONG FOR ASSEMBLY 2022; MIKE,FONG FOR ASSEMBLY 2022; MIKE,323,TERMINATED 06/30/2023,40002:CONTROLLED,0:N/A,MICHAEL FONG,"F460 x11, F497 x106",confirm,"Cal-Access bulk export (2026-09-23): category CONTROLLED; controlling candidate MICHAEL FONG (FILER_LINKS_CD / Form 460 cover); SOS e-filed reports F460 x11, F497 x106."
ce193d25-23f3-4405-a6a6-94d783c73b23,cacdb3e3-f716-4914-9e32-a95cc632af42,Mike Fong,Assembly Member,1456970,FONG FOR ASSEMBLY 2024; MIKE,FONG FOR ASSEMBLY 2024; MIKE,323,TERMINATED 12/31/2024,40002:CONTROLLED,0:N/A,MICHAEL FONG,"F460 x10, F497 x139",confirm,"Cal-Access bulk export (2026-09-23): category CONTROLLED; controlling candidate MICHAEL FONG (FILER_LINKS_CD / Form 460 cover); SOS e-filed reports F460 x10, F497 x139."
6df5c5ce-3a7f-4086-9df4-065193a9bb19,cacdb3e3-f716-4914-9e32-a95cc632af42,Mike Fong,Assembly Member,1477447,FONG FOR ASSEMBLY 2026; MIKE,FONG FOR ASSEMBLY 2026; MIKE,323,ACTIVE,40002:CONTROLLED,0:N/A,MICHAEL FONG; Mike Fong,"F460 x6, F497 x98",confirm,"Cal-Access bulk export (2026-09-23): category CONTROLLED; controlling candidate MICHAEL FONG; Mike Fong (FILER_LINKS_CD / Form 460 cover); SOS e-filed reports F460 x6, F497 x98."
cc95567e-1a25-4041-92fa-08ab3908657b,cacdb3e3-f716-4914-9e32-a95cc632af42,Mike Fong,Assembly Member,1366498,"FONG FOR COMMUNITY COLLEGE BOARD TRUSTEE 2015, MIKE","FONG FOR COMMUNITY COLLEGE BOARD TRUSTEE 2024, MIKE",323,TERMINATED 09/24/2022,40002:CONTROLLED,0:N/A,MICHAEL FONG,F460 x14,confirm,Cal-Access bulk export (2026-09-23): category CONTROLLED; controlling candidate MICHAEL FONG (FILER_LINKS_CD / Form 460 cover); SOS e-filed reports F460 x14.
b44107eb-f867-4139-982d-c6f4246695dc,09da90d6-7ab7-494a-a4b6-9665a30aed16,Mireya Garcia,Council Member,1446919,GARCIA FOR COMMERCE CITY COUNCIL 2026; FRIENDS OF MIREYA,GARCIA FOR COMMERCE CITY COUNCIL 2026; FRIENDS OF MIREYA,323,ACTIVE,40002:CONTROLLED,0:N/A,,,leave_no_sos_reports,"controlled by this person, but no SOS e-filed reports (files with a local filing officer): confirming would load no data and would show 'data pending' for ever"
5bed6f8b-d46d-4862-a101-6783350c8e45,7c0d3bdd-a363-4d97-93a9-67034c6a0ead,Monica Rodriguez,Council Member,1476848,MONICA RODRIGUEZ,"RODRIGUEZ, MONICA",213,ACTIVE,0:N/A,0:N/A,,,leave_filer_record,"a candidate filer record, not a committee: no contributions are filed under it"
3190e0d5-cdb0-403b-9ccb-15dba78f1000,805427db-0028-42f3-8ccd-11886c74938d,Nancy Tragarz,Council Member,1315576,"TRAGARZ AND MARY SU, BETTER REPRESENTATION WALNUT CITIZENS COMMITTEE TO SUPPORT THE RECALL OF NANCY","TRAGARZ AND MARY SU, BETTER REPRESENTATION WALNUT CITIZENS COMMITTEE TO SUPPORT THE RECALL OF NANCY",909,TERMINATED 01/15/2014,0:N/A,40102:PRIMARILY FORMED CANDIDATE,,,dispute_pf,"Cal-Access category PRIMARILY FORMED CANDIDATE: an independent committee that supports or opposes this person, not a committee they control; its money is not their fundraising."
01fc0444-38cc-47d0-9087-92f75a251022,805427db-0028-42f3-8ccd-11886c74938d,Nancy Tragarz,Council Member,1303427,"TRAGARZ, COMMITTEE TO ELECT NANCY",TRAGARZ FOR COUNCIL 2024; COMMITTEE TO RE-ELECT NANCY,909,ACTIVE,40002:CONTROLLED,0:N/A,,,leave_no_sos_reports,"controlled by this person, but no SOS e-filed reports (files with a local filing officer): confirming would load no data and would show 'data pending' for ever"
122fd090-32d6-4534-9f11-fe57adacda4b,83474f06-c501-416d-a870-65d75f0cec9d,Nathan Hochman,District Attorney,1443581,HOCHMAN FOR ATTORNEY GENERAL 2022; FRIENDS OF NATHAN,HOCHMAN FOR ATTORNEY GENERAL 2022; FRIENDS OF NATHAN,202,TERMINATED 07/29/2024,0:N/A,40102:PRIMARILY FORMED CANDIDATE,NATHAN HOCHMAN,"F460 x8, F497 x32",dispute_pf,"Cal-Access category PRIMARILY FORMED CANDIDATE: an independent committee that supports or opposes this person, not a committee they control; its money is not their fundraising."
5f816c9e-dd5a-4bfe-8bb4-8839ac9ff9ca,83474f06-c501-416d-a870-65d75f0cec9d,Nathan Hochman,District Attorney,1475744,"HOCHMAN FOR DA 2024; ALLIANCE TO RESTORE JUSTICE & SAFETY IN LA COUNTY, SUPPORTING NATHAN","HOCHMAN FOR DA 2024; SPONSORED BY CALIFORNIA ASSOCIATION OF REALTORS ALLIANCE TO RESTORE JUSTICE & SAFETY IN LA COUNTY, SUPPORTING NATHAN",310,TERMINATED 11/15/2024,0:N/A,40102:PRIMARILY FORMED CANDIDATE,,,dispute_pf,"Cal-Access category PRIMARILY FORMED CANDIDATE: an independent committee that supports or opposes this person, not a committee they control; its money is not their fundraising."
a1449452-f1e2-4e62-9f8d-9b27af1b5208,83474f06-c501-416d-a870-65d75f0cec9d,Nathan Hochman,District Attorney,1474166,"HOCHMAN FOR DISTRICT ATTORNEY 2024, SPONSORED BY BIZFED PAC, A PROJECT OF LOS ANGELES COUNTY BUSINESS FEDERATION; NEIGHBORS AND SMALL BUSINESSES FOR A SAFER LA COUNTY SUPPORTING NATHAN","HOCHMAN FOR DISTRICT ATTORNEY 2024, SPONSORED BY BIZFED PAC, A PROJECT OF LOS ANGELES COUNTY BUSINESS FEDERATION; NEIGHBORS AND SMALL BUSINESSES FOR A SAFER LA COUNTY SUPPORTING NATHAN",323,TERMINATED 12/26/2024,0:N/A,40102:PRIMARILY FORMED CANDIDATE,,,dispute_pf,"Cal-Access category PRIMARILY FORMED CANDIDATE: an independent committee that supports or opposes this person, not a committee they control; its money is not their fundraising."
a30edad0-b030-4849-bdf5-288d3b6f7e24,83474f06-c501-416d-a870-65d75f0cec9d,Nathan Hochman,District Attorney,1476163,HOCHMAN FOR DISTRICT ATTORNEY 2024; FIREFIGHTERS SUPPORTING NATHAN,HOCHMAN FOR DISTRICT ATTORNEY 2024; FIREFIGHTERS SUPPORTING NATHAN,213,TERMINATED 06/16/2025,0:N/A,40102:PRIMARILY FORMED CANDIDATE,,,dispute_pf,"Cal-Access category PRIMARILY FORMED CANDIDATE: an independent committee that supports or opposes this person, not a committee they control; its money is not their fundraising."
a2e6b223-f4b7-4dd2-ae96-f4b425fb91e0,83474f06-c501-416d-a870-65d75f0cec9d,Nathan Hochman,District Attorney,1460973,"HOCHMAN FOR DISTRICT ATTORNEY 2024; LOS ANGELES COUNTY DESERVES BETTER, PRIMARILY FORMED TO SUPPORT NATHAN","HOCHMAN FOR DISTRICT ATTORNEY 2024; LOS ANGELES COUNTY DESERVES BETTER, PRIMARILY FORMED TO SUPPORT NATHAN",916,TERMINATED 12/31/2024,0:N/A,40102:PRIMARILY FORMED CANDIDATE,,,dispute_pf,"Cal-Access category PRIMARILY FORMED CANDIDATE: an independent committee that supports or opposes this person, not a committee they control; its money is not their fundraising."
7845b2d0-8f9c-4737-82e1-291fd73b3ded,83474f06-c501-416d-a870-65d75f0cec9d,Nathan Hochman,District Attorney,1472059,HOCHMAN FOR DISTRICT ATTORNEY 2024; NORTH LOS ANGELES CRIME VICTIMS FOR NATHAN,HOCHMAN FOR DISTRICT ATTORNEY 2024; NORTH LOS ANGELES CRIME VICTIMS FOR NATHAN,213,TERMINATED 12/04/2024,0:N/A,40102:PRIMARILY FORMED CANDIDATE,,,dispute_pf,"Cal-Access category PRIMARILY FORMED CANDIDATE: an independent committee that supports or opposes this person, not a committee they control; its money is not their fundraising."
842054bb-2a6a-463c-96bf-414c7272e54d,83474f06-c501-416d-a870-65d75f0cec9d,Nathan Hochman,District Attorney,1477192,HOCHMAN OFFICEHOLDER ACCOUNT; DISTRICT ATTORNEY NATHAN,HOCHMAN OFFICEHOLDER ACCOUNT; DISTRICT ATTORNEY NATHAN,949,ACTIVE,40002:CONTROLLED,0:N/A,,,leave_no_sos_reports,"controlled by this person, but no SOS e-filed reports (files with a local filing officer): confirming would load no data and would show 'data pending' for ever"
71967f44-3d8f-4ac1-8dda-50e9267e11dd,9b362b24-72a3-4c81-8e38-7bd476eba72e,Nayiri Nahabedian,,1323751,"NAHABEDIAN FOR ASSEMBLY 2010, NAYIRI","NAHABEDIAN FOR ASSEMBLY 2010, NAYIRI",818,TERMINATED 06/30/2011,40002:CONTROLLED,0:N/A,NAYIRI NAHABEDIAN; Nayri Nahabedian,F460 x7,confirm,Cal-Access bulk export (2026-09-23): category CONTROLLED; controlling candidate NAYIRI NAHABEDIAN; Nayri Nahabedian (FILER_LINKS_CD / Form 460 cover); SOS e-filed reports F460 x7.
ea53fa07-61cc-4a59-85c1-14b3a0d5c604,9b362b24-72a3-4c81-8e38-7bd476eba72e,Nayiri Nahabedian,,1293449,NAYIRI NAHABEDIAN COMMITTEE,NAYIRI NAHABEDIAN COMMITTEE,818,TERMINATED 06/16/2016,40002:CONTROLLED,0:N/A,,,leave_no_sos_reports,"controlled by this person, but no SOS e-filed reports (files with a local filing officer): confirming would load no data and would show 'data pending' for ever"
f93b0e71-b0ed-43de-87cf-0a8f29576e59,ca4fefaf-f175-4d58-823d-0bf39e530a29,Ned E Davis,Council Member,1427687,DAVIS CITY COUNCIL WESTLAKE VILLAGE 2020; COMMITTEE TO RE-ELECT NED E,DAVIS CITY COUNCIL WESTLAKE VILLAGE 2020; COMMITTEE TO RE-ELECT NED E,818,TERMINATED 08/19/2020,40002:CONTROLLED,0:N/A,,,leave_no_sos_reports,"controlled by this person, but no SOS e-filed reports (files with a local filing officer): confirming would load no data and would show 'data pending' for ever"
7ce9eeea-068a-4ffa-99eb-f0f596ffe77f,ca4fefaf-f175-4d58-823d-0bf39e530a29,Ned E Davis,Council Member,1300985,"DAVIS, COMMITTEE TO ELECT NED","DAVIS, COMMITTEE TO ELECT NED",818,TERMINATED 07/29/2008,40002:CONTROLLED,0:N/A,,,leave_no_sos_reports,"controlled by this person, but no SOS e-filed reports (files with a local filing officer): confirming would load no data and would show 'data pending' for ever"
223c537d-6d62-40cb-a55d-b4ceb91b80e8,72828ba8-a748-4a81-80ff-774464e42640,Nick Melvoin,LAUSD Board Member (District 4),1395130,MELVOIN FOR SCHOOL BOARD 2017 - GENERAL; NICK,MELVOIN FOR SCHOOL BOARD 2017 OFFICEHOLDER ACCOUNT; NICK,916,ACTIVE,40002:CONTROLLED,0:N/A,,,leave_no_sos_reports,"controlled by this person, but no SOS e-filed reports (files with a local filing officer): confirming would load no data and would show 'data pending' for ever"
e63b9b76-49a2-4cb5-b579-c6b618315f1c,72828ba8-a748-4a81-80ff-774464e42640,Nick Melvoin,LAUSD Board Member (District 4),1382816,"MELVOIN FOR SCHOOL BOARD 2017, NICK","MELVOIN FOR SCHOOL BOARD 2017, NICK",916,TERMINATED 05/10/2017,40002:CONTROLLED,0:N/A,,,leave_no_sos_reports,"controlled by this person, but no SOS e-filed reports (files with a local filing officer): confirming would load no data and would show 'data pending' for ever"
73f6f24a-77b9-403a-92d9-fe0cda8240f8,72828ba8-a748-4a81-80ff-774464e42640,Nick Melvoin,LAUSD Board Member (District 4),1439298,MELVOIN FOR SCHOOL BOARD 2022; NICK,MELVOIN FOR SCHOOL BOARD 2022; NICK,916,TERMINATED 12/28/2022,40002:CONTROLLED,0:N/A,,,leave_no_sos_reports,"controlled by this person, but no SOS e-filed reports (files with a local filing officer): confirming would load no data and would show 'data pending' for ever"
36a76b36-4f91-435c-8a22-e278d5756f44,72828ba8-a748-4a81-80ff-774464e42640,Nick Melvoin,LAUSD Board Member (District 4),1483673,MELVOIN FOR SCHOOL BOARD 2026; NICK,MELVOIN FOR SCHOOL BOARD 2026; NICK,916,ACTIVE,40002:CONTROLLED,0:N/A,,,leave_no_sos_reports,"controlled by this person, but no SOS e-filed reports (files with a local filing officer): confirming would load no data and would show 'data pending' for ever"
b0c28845-bbc2-4542-b4fe-d40d1039ad36,e31e6ebf-91ea-478f-b4dc-6974888bdffa,Nick Schultz,Assembly Member,1458459,SCHULTZ FOR ASSEMBLY 2024; NICK,SCHULTZ FOR ASSEMBLY 2024; NICK,323,TERMINATED 06/30/2025,40002:CONTROLLED,0:N/A,NICHOLAS BERNARD COOLON SCHULTZ; Nicholas Schultz,"F460 x9, F497 x112",confirm,"Cal-Access bulk export (2026-09-23): category CONTROLLED; controlling candidate NICHOLAS BERNARD COOLON SCHULTZ; Nicholas Schultz (FILER_LINKS_CD / Form 460 cover); SOS e-filed reports F460 x9, F497 x112."
7bd535e4-aa28-42e5-986c-ac43a3bcd51d,e31e6ebf-91ea-478f-b4dc-6974888bdffa,Nick Schultz,Assembly Member,1477852,SCHULTZ FOR ASSEMBLY 2026; NICK,SCHULTZ FOR ASSEMBLY 2026; NICK,323,ACTIVE,40002:CONTROLLED,0:N/A,NICHOLAS BERNARD COOLON SCHULTZ; Nicholas Schultz,"F460 x5, F497 x89",confirm,"Cal-Access bulk export (2026-09-23): category CONTROLLED; controlling candidate NICHOLAS BERNARD COOLON SCHULTZ; Nicholas Schultz (FILER_LINKS_CD / Form 460 cover); SOS e-filed reports F460 x5, F497 x89."
86638d0e-3fe4-4d75-a818-39f2922f6bd6,e31e6ebf-91ea-478f-b4dc-6974888bdffa,Nick Schultz,Assembly Member,1426601,SCHULTZ FOR BURBANK CITY COUNCIL 2020; NICK,SCHULTZ FOR BURBANK CITY COUNCIL 2020; NICK,323,TERMINATED 12/31/2020,40002:CONTROLLED,0:N/A,,,leave_no_sos_reports,"controlled by this person, but no SOS e-filed reports (files with a local filing officer): confirming would load no data and would show 'data pending' for ever"
ac2b3782-e09b-4197-8318-0f0fad9cfac0,a9cf3d6b-05ed-4460-a01a-e8c1242f25c7,Nicolas Kiet Quach,,1477075,NICOLAS KIET QUACH,"QUACH, NICOLAS KIET",626,ACTIVE,0:N/A,0:N/A,,,leave_filer_record,"a candidate filer record, not a committee: no contributions are filed under it"
db9140d8-8e3e-47f5-8a1c-1b1d63ff000e,f4f83935-f240-40f5-bd1d-2accbcff1af6,Nina Trieu Tarnay,Council Member,1472531,TARNAY FOR MANHATTAN  BEACH CITY COUNCIL 2024; NINA,TARNAY FOR MANHATTAN BEACH CITY COUNCIL 2024; NINA,310,TERMINATED 12/31/2024,40002:CONTROLLED,0:N/A,,,leave_no_sos_reports,"controlled by this person, but no SOS e-filed reports (files with a local filing officer): confirming would load no data and would show 'data pending' for ever"
d1be9b47-7d06-4adf-9eb3-02290b3b7051,26dbe16a-9dff-42c0-939f-5b5e529063ca,Nithya Raman,Council Member,1425985,RAMAN FOR CITY COUNCIL 2020 - GENERAL; NITHYA,RAMAN FOR CITY COUNCIL 2020 - GENERAL; NITHYA,323,ACTIVE,40002:CONTROLLED,0:N/A,,,leave_no_sos_reports,"controlled by this person, but no SOS e-filed reports (files with a local filing officer): confirming would load no data and would show 'data pending' for ever"
4afe62b5-a46d-4a3c-bb5d-d5a8f9078f54,26dbe16a-9dff-42c0-939f-5b5e529063ca,Nithya Raman,Council Member,1420143,RAMAN FOR CITY COUNCIL 2020; NITHYA,RAMAN FOR CITY COUNCIL 2020 - OFFICEHOLDER ACCOUNT; NITHYA,323,ACTIVE,40002:CONTROLLED,0:N/A,,,leave_no_sos_reports,"controlled by this person, but no SOS e-filed reports (files with a local filing officer): confirming would load no data and would show 'data pending' for ever"
e9d72fe3-77e4-4bca-9cea-a236e70e454d,26dbe16a-9dff-42c0-939f-5b5e529063ca,Nithya Raman,Council Member,1466448,"RAMAN FOR CITY COUNCIL 2024, SPONSORED BY UNITE HERE LOCAL 11; WORKER POWER FOR NITHYA","RAMAN FOR CITY COUNCIL 2024, SPONSORED BY UNITE HERE LOCAL 11; WORKER POWER FOR NITHYA",213,TERMINATED 06/30/2025,0:N/A,40102:PRIMARILY FORMED CANDIDATE,,,dispute_pf,"Cal-Access category PRIMARILY FORMED CANDIDATE: an independent committee that supports or opposes this person, not a committee they control; its money is not their fundraising."
7845c155-443c-4f76-aa42-54ec745e2f7b,26dbe16a-9dff-42c0-939f-5b5e529063ca,Nithya Raman,Council Member,1459485,RAMAN FOR CITY COUNCIL 2024; NITHYA,RAMAN FOR CITY COUNCIL 2024; NITHYA,323,ACTIVE,40002:CONTROLLED,0:N/A,,,leave_no_sos_reports,"controlled by this person, but no SOS e-filed reports (files with a local filing officer): confirming would load no data and would show 'data pending' for ever"
3299e75c-4ae3-40bb-9d17-5ee9b0fa9782,26dbe16a-9dff-42c0-939f-5b5e529063ca,Nithya Raman,Council Member,1487932,RAMAN FOR MAYOR 2026; NITHYA,RAMAN FOR MAYOR 2026; NITHYA,510,ACTIVE,40002:CONTROLLED,0:N/A,,,leave_no_sos_reports,"controlled by this person, but no SOS e-filed reports (files with a local filing officer): confirming would load no data and would show 'data pending' for ever"
bf7c5f9a-6268-45e1-9b55-733076c31679,d32179cb-2d56-4ca0-b9eb-dc15569640c3,Noel Almario,,1486671,ALMARIO FOR SUPERVISOR 2026; COMMITTEE TO ELECT NOEL,ALMARIO FOR SUPERVISOR 2026; COMMITTEE TO ELECT NOEL,949,ACTIVE,40002:CONTROLLED,0:N/A,,,leave_no_sos_reports,"controlled by this person, but no SOS e-filed reports (files with a local filing officer): confirming would load no data and would show 'data pending' for ever"
23290d55-d66d-483e-921d-684d666d6f05,d32179cb-2d56-4ca0-b9eb-dc15569640c3,Noel Almario,,1486670,NOEL ALMARIO,"ALMARIO, NOEL",949,ACTIVE,0:N/A,0:N/A,,,leave_filer_record,"a candidate filer record, not a committee: no contributions are filed under it"
1a4f4621-758d-4c96-a582-28cb26e9c1a7,6fa28860-c3d6-45bf-8aad-eac353dc4559,Nora Garcia,Council Member,1407655,GARCIA FOR CITY COUNCIL 2026; NORA,GARCIA FOR CITY COUNCIL 2030; NORA,909,ACTIVE,40002:CONTROLLED,0:N/A,,,leave_no_sos_reports,"controlled by this person, but no SOS e-filed reports (files with a local filing officer): confirming would load no data and would show 'data pending' for ever"
0285f183-00cb-4f7c-85df-93f186c9330f,8d820dc7-0935-44ee-a14d-fb4e3502eba1,Norm Zezula,Council Member,1398663,ZEZULA FOR CITY COUNCIL 2017; NORM,ZEZULA FOR CITY COUNCIL 2017; NORM,562,TERMINATED 12/29/2017,40002:CONTROLLED,0:N/A,,,leave_no_sos_reports,"controlled by this person, but no SOS e-filed reports (files with a local filing officer): confirming would load no data and would show 'data pending' for ever"
b3bfe576-dd05-4986-9e12-70c72c97318b,e5f53196-d413-48fa-8dff-0962c5c1c566,Oralia Rebollo,Council Member,1373896,REBOLLO FOR COUNCIL 2024; ORALIA,REBOLLO FOR COUNCIL 2024; ORALIA,562,ACTIVE,40002:CONTROLLED,0:N/A,,,leave_no_sos_reports,"controlled by this person, but no SOS e-filed reports (files with a local filing officer): confirming would load no data and would show 'data pending' for ever"
ddbd5043-2a1e-4a92-a0d0-ce451f95b4a0,86e513e7-d0a7-4419-8edd-6113629d7998,Oscar de la Torre,,1391562,DE LA TORRE FOR SANTA MONICA CITY COUNCIL 2016; OSCAR,DE LA TORRE FOR SANTA MONICA CITY COUNCIL 2016; OSCAR,310,ACTIVE,40002:CONTROLLED,0:N/A,,,leave_no_sos_reports,"controlled by this person, but no SOS e-filed reports (files with a local filing officer): confirming would load no data and would show 'data pending' for ever"
e6ad5907-5744-4237-97ef-7c0393db8b9b,86e513e7-d0a7-4419-8edd-6113629d7998,Oscar de la Torre,,1472802,DE LA TORRE FOR SANTA MONICA CITY COUNCIL 2024; OSCAR,DE LA TORRE FOR SANTA MONICA CITY COUNCIL 2024; OSCAR,442,ACTIVE,40002:CONTROLLED,0:N/A,,,leave_no_sos_reports,"controlled by this person, but no SOS e-filed reports (files with a local filing officer): confirming would load no data and would show 'data pending' for ever"
b3c94ffa-7098-4eb9-9a02-ece870d139ea,86e513e7-d0a7-4419-8edd-6113629d7998,Oscar de la Torre,,1330292,"DE LA TORRE FOR SCHOOL BOARD 2010, FRIENDS TO RE-ELECT OSCAR","DE LA TORRE FOR SCHOOL BOARD 2010, FRIENDS TO RE-ELECT OSCAR",310,TERMINATED 08/01/2011,40002:CONTROLLED,0:N/A,,,leave_no_sos_reports,"controlled by this person, but no SOS e-filed reports (files with a local filing officer): confirming would load no data and would show 'data pending' for ever"
95a6ed7e-26de-4e1b-973e-172e9c59e785,86e513e7-d0a7-4419-8edd-6113629d7998,Oscar de la Torre,,1409327,DE LA TORRE TO SMMUSD SCHOOL BOARD 2018; FAMILIES TO RE-ELECT OSCAR,DE LA TORRE TO SMMUSD SCHOOL BOARD 2018; FAMILIES TO RE-ELECT OSCAR,310,ACTIVE,40002:CONTROLLED,0:N/A,,,leave_no_sos_reports,"controlled by this person, but no SOS e-filed reports (files with a local filing officer): confirming would load no data and would show 'data pending' for ever"
2e445f7b-581d-4101-a204-8204feb91894,86e513e7-d0a7-4419-8edd-6113629d7998,Oscar de la Torre,,1248474,"DE LA TORRE, FRIENDS TO ELECT OSCAR","DE LA TORRE, FRIENDS TO ELECT OSCAR",310,TERMINATED 11/14/2014,40002:CONTROLLED,0:N/A,,,leave_no_sos_reports,"controlled by this person, but no SOS e-filed reports (files with a local filing officer): confirming would load no data and would show 'data pending' for ever"
a255b695-7243-4646-8ed7-6fe11bc9136c,5537914b-18c8-44c7-957d-e0a1c1e1d59a,Paige Kaluderovic,Council Member,1458407,KALUDEROVIC FOR CITY COUNCIL 2023; REDONDO BEACH EMPOWERED FOR PUBLIC SAFETY SUPPORTING PAIGE,KALUDEROVIC FOR CITY COUNCIL 2023; REDONDO BEACH EMPOWERED FOR PUBLIC SAFETY SUPPORTING PAIGE,562,TERMINATED 12/31/2023,0:N/A,40102:PRIMARILY FORMED CANDIDATE,,,dispute_pf,"Cal-Access category PRIMARILY FORMED CANDIDATE: an independent committee that supports or opposes this person, not a committee they control; its money is not their fundraising."
975a0491-5d84-4b84-9d0f-c758f0b4351e,5537914b-18c8-44c7-957d-e0a1c1e1d59a,Paige Kaluderovic,Council Member,1456561,KALUDEROVIC FOR CITY COUNCIL DISTRICT THREE 2023; PAIGE,KALUDEROVIC FOR CITY COUNCIL DISTRICT THREE 2023; PAIGE,424,TERMINATED 12/31/2023,40002:CONTROLLED,0:N/A,,,leave_no_sos_reports,"controlled by this person, but no SOS e-filed reports (files with a local filing officer): confirming would load no data and would show 'data pending' for ever"
2ac6a448-8808-4908-82c8-6d5fe7504a0d,deea52f0-0422-4fc8-971a-27a2471e14f2,Pat Burns,Council Member,1444900,BURNS FOR HUNTINGTON BEACH CITY COUNCIL 2022; PAT,BURNS FOR CITY COUNCIL 2022; PAT,714,TERMINATED 02/10/2026,40002:CONTROLLED,0:N/A,,,leave_no_sos_reports,"controlled by this person, but no SOS e-filed reports (files with a local filing officer): confirming would load no data and would show 'data pending' for ever"
9fe277df-9109-4299-98d4-9d4622f9bb72,96b82f1f-649e-4e95-b009-3c34c45ceebd,Patty Lopez,Council Member,1358262,"LOPEZ FOR ASSEMBLY 2014, PATTY","LOPEZ FOR ASSEMBLY 2014, PATTY",818,TERMINATED 05/05/2016,40002:CONTROLLED,0:N/A,PATTY LOPEZ,F460 x4,confirm,Cal-Access bulk export (2026-09-23): category CONTROLLED; controlling candidate PATTY LOPEZ (FILER_LINKS_CD / Form 460 cover); SOS e-filed reports F460 x4.
7ed128e0-f717-40a4-af6a-d3179e9bb934,96b82f1f-649e-4e95-b009-3c34c45ceebd,Patty Lopez,Council Member,1400606,LOPEZ FOR ASSEMBLY 2018; PATTY,LOPEZ FOR ASSEMBLY 2018; PATTY,213,TERMINATED 12/31/2018,40002:CONTROLLED,0:N/A,PATTY LOPEZ,"F460 x8, F497 x3",confirm,"Cal-Access bulk export (2026-09-23): category CONTROLLED; controlling candidate PATTY LOPEZ (FILER_LINKS_CD / Form 460 cover); SOS e-filed reports F460 x8, F497 x3."
86537140-9acc-4ce1-a32c-9857a1d46c52,96b82f1f-649e-4e95-b009-3c34c45ceebd,Patty Lopez,Council Member,1403923,LOPEZ FOR ASSEMBLY 2018; PEOPLE FOR ETHICAL STANDARDS OPPOSING PATTY,LOPEZ FOR ASSEMBLY 2018; PEOPLE FOR ETHICAL STANDARDS OPPOSING PATTY,916,TERMINATED 12/20/2018,0:N/A,40102:PRIMARILY FORMED CANDIDATE,Patty Lopez,"F460 x5, F497 x1",dispute_pf,"Cal-Access category PRIMARILY FORMED CANDIDATE: an independent committee that supports or opposes this person, not a committee they control; its money is not their fundraising."
c25c0d18-16c4-4e31-8dbb-dbdf1a2bd5cc,96b82f1f-649e-4e95-b009-3c34c45ceebd,Patty Lopez,Council Member,1476478,LOPEZ FOR SAN FERNANDO CITY COUNCIL 2024; PATTY,LOPEZ FOR SAN FERNANDO CITY COUNCIL 2024; PATTY,661,TERMINATED 01/04/2025,40002:CONTROLLED,0:N/A,,,leave_no_sos_reports,"controlled by this person, but no SOS e-filed reports (files with a local filing officer): confirming would load no data and would show 'data pending' for ever"
dc4cb009-6edf-4a65-8a31-4bdb880da1a6,72add1da-a898-4789-ab17-f41ec7260bc5,Paul Cheng,Council Member (District 4),1322974,"CHENG FOR COUNCIL 2010, FRIENDS OF PAUL","CHENG FOR COUNCIL 2010, FRIENDS OF PAUL",626,TERMINATED 06/30/2010,40002:CONTROLLED,0:N/A,,,leave_no_sos_reports,"controlled by this person, but no SOS e-filed reports (files with a local filing officer): confirming would load no data and would show 'data pending' for ever"
a3a09717-b670-4cbe-a433-be921b08ac52,c8ca15a6-8944-40b6-8175-15614c30ee77,Peggy Lemons,Mayor,1393617,LEMONS FOR COUNCIL 2017; PEGGY L.,LEMONS FOR COUNCIL 2017; PEGGY L.,562,TERMINATED 07/27/2017,40002:CONTROLLED,0:N/A,,,leave_no_sos_reports,"controlled by this person, but no SOS e-filed reports (files with a local filing officer): confirming would load no data and would show 'data pending' for ever"
25e0ecad-943f-49be-a8cc-be3585863ec6,c8ca15a6-8944-40b6-8175-15614c30ee77,Peggy Lemons,Mayor,1489649,LEMONS FOR PARAMOUNT CITY COUNCIL 2026; PEGGY,LEMONS FOR PARAMOUNT CITY COUNCIL 2026; PEGGY,562,TERMINATED 07/28/2026,40002:CONTROLLED,0:N/A,,,leave_no_sos_reports,"controlled by this person, but no SOS e-filed reports (files with a local filing officer): confirming would load no data and would show 'data pending' for ever"
a8ec0212-d1a5-4352-b548-9caa3b1f52eb,8f5bfaa6-09c6-40b1-99d5-f12953fda21d,Penny Sylvester,Mayor,1468351,SYLVESTER FOR CITY COUNCIL 2024; COMMITTEE TO ELECT PENNY,SYLVESTER FOR CITY COUNCIL 2024; COMMITTEE TO ELECT PENNY,818,TERMINATED 12/27/2024,40002:CONTROLLED,0:N/A,,,leave_no_sos_reports,"controlled by this person, but no SOS e-filed reports (files with a local filing officer): confirming would load no data and would show 'data pending' for ever"
869595a3-2cc7-4547-985e-19061dc34ec0,822966a7-5f09-4151-ba43-630afbd676c2,Pete Aguilar,Representative,1297710,"AGUILAR, FRIENDS OF PETE","AGUILAR FOR REDLANDS CITY COUNCIL 2012, FRIENDS OF PETE",909,TERMINATED 12/31/2014,40002:CONTROLLED,0:N/A,,,leave_no_sos_reports,"controlled by this person, but no SOS e-filed reports (files with a local filing officer): confirming would load no data and would show 'data pending' for ever"
ed894c4a-6dba-4acb-9125-e49d4e7b8946,14f4f8c5-307b-47ce-8f44-fa6383cd7799,Peter Kraut,Council Member,1427298,KRAUT FOR CALABASAS CITY COUNCIL 2020; PETER,KRAUT FOR CALABASAS CITY COUNCIL 2020; PETER,818,TERMINATED 05/31/2021,40002:CONTROLLED,0:N/A,,,leave_no_sos_reports,"controlled by this person, but no SOS e-filed reports (files with a local filing officer): confirming would load no data and would show 'data pending' for ever"
bf4ea965-acdb-46f9-b0ed-a599e49ded9c,14f4f8c5-307b-47ce-8f44-fa6383cd7799,Peter Kraut,Council Member,1468839,KRAUT FOR CALABASAS CITY COUNCIL 2024; PETER,KRAUT FOR CALABASAS CITY COUNCIL 2024; PETER,818,TERMINATED 08/23/2024,40002:CONTROLLED,0:N/A,,,leave_no_sos_reports,"controlled by this person, but no SOS e-filed reports (files with a local filing officer): confirming would load no data and would show 'data pending' for ever"
fc5753a1-5a9f-4359-8a5e-1132b7d7ffa9,7714b7c6-9283-4ab8-802e-cbcfba5ddc96,Phil Brock,,1364342,"BROCK FOR CITY COUNCIL 2014, PHIL","BROCK FOR CITY COUNCIL 2014, PHIL",310,TERMINATED 12/31/2014,40002:CONTROLLED,0:N/A,,,leave_no_sos_reports,"controlled by this person, but no SOS e-filed reports (files with a local filing officer): confirming would load no data and would show 'data pending' for ever"
2cc75efb-8252-4a48-a253-3339e2c21d99,7714b7c6-9283-4ab8-802e-cbcfba5ddc96,Phil Brock,,1392146,BROCK FOR CITY COUNCIL 2018; PHIL,BROCK FOR CITY COUNCIL 2018; PHIL,310,TERMINATED 03/31/2019,40002:CONTROLLED,0:N/A,,,leave_no_sos_reports,"controlled by this person, but no SOS e-filed reports (files with a local filing officer): confirming would load no data and would show 'data pending' for ever"
792ddd93-d6ef-4da8-aed5-afa9b7be1b99,7714b7c6-9283-4ab8-802e-cbcfba5ddc96,Phil Brock,,1428992,BROCK FOR CITY COUNCIL 2020; PHIL,BROCK FOR CITY COUNCIL 2024; PHIL,310,ACTIVE,40002:CONTROLLED,0:N/A,,,leave_no_sos_reports,"controlled by this person, but no SOS e-filed reports (files with a local filing officer): confirming would load no data and would show 'data pending' for ever"
4637ee44-7dde-411b-8e0f-3a6330ecba99,d64c969e-f458-4387-98b5-1e7af8cb42f0,Pilar Schiavo,Assembly Member,1438397,SCHIAVO FOR ASSEMBLY 2022; PILAR,SCHIAVO FOR ASSEMBLY 2022; PILAR,916,TERMINATED 03/09/2023,40002:CONTROLLED,0:N/A,PILAR SCHIAVO,"F460 x16, F497 x178",confirm,"Cal-Access bulk export (2026-09-23): category CONTROLLED; controlling candidate PILAR SCHIAVO (FILER_LINKS_CD / Form 460 cover); SOS e-filed reports F460 x16, F497 x178."
d91f58ff-8f03-425a-9837-e1b0474d4766,d64c969e-f458-4387-98b5-1e7af8cb42f0,Pilar Schiavo,Assembly Member,1477036,SCHIAVO FOR ASSEMBLY 2026; PILAR,SCHIAVO FOR ASSEMBLY 2026; PILAR,916,ACTIVE,40002:CONTROLLED,0:N/A,PILAR SCHIAVO,"F460 x13, F497 x135",confirm,"Cal-Access bulk export (2026-09-23): category CONTROLLED; controlling candidate PILAR SCHIAVO (FILER_LINKS_CD / Form 460 cover); SOS e-filed reports F460 x13, F497 x135."
c00642d7-b90e-44a2-94a0-b8e88b4890a1,466b49a0-2122-439f-831f-325dd2d1828c,Rachel Bratakos,Council Member,1465035,BRATAKOS SAN DIMAS CITY COUNCIL 2024; RACHEL,BRATAKOS SAN DIMAS CITY COUNCIL 2024; RACHEL,909,ACTIVE,40002:CONTROLLED,0:N/A,,,leave_no_sos_reports,"controlled by this person, but no SOS e-filed reports (files with a local filing officer): confirming would load no data and would show 'data pending' for ever"
d5194bfd-c38d-4174-93c8-91aa29168e7e,a1e9b61d-96e0-47be-ae4f-dab05158e56b,Rachelle Marcus,Board Member,1406061,MARCUS BH SCHOOL BOARD 2018; ELECT RACHELLE,MARCUS BH SCHOOL BOARD 2018; ELECT RACHELLE,562,TERMINATED 06/30/2019,40002:CONTROLLED,0:N/A,,,leave_no_sos_reports,"controlled by this person, but no SOS e-filed reports (files with a local filing officer): confirming would load no data and would show 'data pending' for ever"
0df160a2-3fdf-4ab7-8b4b-ea7218452ba0,2491319d-cfe1-4838-9c3e-c6b591f7176e,Raquel Zamora,,1485501,ZAMORA FOR LA SCHOOL BOARD 2026; RAQUEL,ZAMORA FOR LA SCHOOL BOARD 2026; RAQUEL,323,ACTIVE,40002:CONTROLLED,0:N/A,,,leave_no_sos_reports,"controlled by this person, but no SOS e-filed reports (files with a local filing officer): confirming would load no data and would show 'data pending' for ever"
ce521b2d-c465-42ea-bdeb-b22f64935613,50e1b55e-e3be-48f8-abf5-bb0c71bec68b,Raul Claros,,1479833,RAUL CLAROS,"CLAROS, RAUL",213,ACTIVE,0:N/A,0:N/A,,,leave_filer_record,"a candidate filer record, not a committee: no contributions are filed under it"
470d2086-3962-448f-bab6-b36d6d998920,89132b96-8e37-4db9-a69a-92c8791fd8ac,Ray Pearl,Council Member,1359838,"PEARL FOR SCHOOL BOARD 2013, RAY","PEARL FOR SCHOOL BOARD 2013, RAY",818,TERMINATED 12/23/2013,40002:CONTROLLED,0:N/A,,,leave_no_sos_reports,"controlled by this person, but no SOS e-filed reports (files with a local filing officer): confirming would load no data and would show 'data pending' for ever"
ef55865f-ac2a-47cc-a9a4-8b8aee75be83,89132b96-8e37-4db9-a69a-92c8791fd8ac,Ray Pearl,Council Member,1410173,PEARL FOR WESTLAKE VILLAGE CITY COUNCIL 2018; RAY,PEARL FOR WESTLAKE VILLAGE CITY COUNCIL 2018; RAY,818,TERMINATED 12/27/2021,40002:CONTROLLED,0:N/A,,,leave_no_sos_reports,"controlled by this person, but no SOS e-filed reports (files with a local filing officer): confirming would load no data and would show 'data pending' for ever"
96745fa9-32a7-449e-bca5-3a843547d41c,89132b96-8e37-4db9-a69a-92c8791fd8ac,Ray Pearl,Council Member,1443552,PEARL FOR WESTLAKE VILLAGE CITY COUNCIL 2022; RAY,PEARL FOR WESTLAKE VILLAGE CITY COUNCIL 2022; RAY,818,TERMINATED 12/28/2022,40002:CONTROLLED,0:N/A,,,leave_no_sos_reports,"controlled by this person, but no SOS e-filed reports (files with a local filing officer): confirming would load no data and would show 'data pending' for ever"
17155d30-eae7-4845-a542-0f278337a45f,4c9d7584-4e07-46f7-8f8c-770afc8dce94,Rex Richardson,Mayor,1444231,PRICE FOR MAYOR 2022 AND OPPOSING REX RICHARDSON FOR MAYOR 2022; COMMITTEE FOR A SAFE AND STRONG LONG BEACH: SUPPORTING SUZIE,PRICE FOR MAYOR 2022 AND OPPOSING REX RICHARDSON FOR MAYOR 2022; COMMITTEE FOR A SAFE AND STRONG LONG BEACH: SUPPORTING SUZIE,916,TERMINATED 08/31/2022,0:N/A,40102:PRIMARILY FORMED CANDIDATE,,,dispute_pf,"Cal-Access category PRIMARILY FORMED CANDIDATE: an independent committee that supports or opposes this person, not a committee they control; its money is not their fundraising."
f6b95909-8fbf-44a1-8dba-85d52956b418,161fa300-f273-4d3b-8bd6-fcd5da9c8aeb,Rich Sarian,,1485259,SARIAN FOR LA CITY COUNCIL 2026; RICH,SARIAN FOR LA CITY COUNCIL 2026; RICH,442,ACTIVE,40002:CONTROLLED,0:N/A,,,leave_no_sos_reports,"controlled by this person, but no SOS e-filed reports (files with a local filing officer): confirming would load no data and would show 'data pending' for ever"
cfc87cc8-c7ba-4316-a624-f47fe0d15b45,161fa300-f273-4d3b-8bd6-fcd5da9c8aeb,Rich Sarian,,1485258,RICH SARIAN,"SARIAN, RICH",442,ACTIVE,0:N/A,0:N/A,,,leave_filer_record,"a candidate filer record, not a committee: no contributions are filed under it"
56f8205d-e261-46a6-b19f-be83d69e72f3,6e5d3005-07e5-4c57-a3e0-033a2b17bbdc,Richard J. Loa,Council Member (District 2),1460282,LOA FOR CITY COUNCIL 2024; RICHARD,LOA FOR CITY COUNCIL 2024; RICHARD,661,ACTIVE,40002:CONTROLLED,0:N/A,,,leave_no_sos_reports,"controlled by this person, but no SOS e-filed reports (files with a local filing officer): confirming would load no data and would show 'data pending' for ever"
e046d161-fa35-48ce-b7c3-1ed76cf4f359,6e5d3005-07e5-4c57-a3e0-033a2b17bbdc,Richard J. Loa,Council Member (District 2),1355685,"LOA FOR PALMDALE CITY COUNCIL 2013, RICHARD","LOA FOR PALMDALE CITY COUNCIL 2013, RICHARD",661,ACTIVE,40002:CONTROLLED,0:N/A,,,leave_no_sos_reports,"controlled by this person, but no SOS e-filed reports (files with a local filing officer): confirming would load no data and would show 'data pending' for ever"
9f6fc181-85e0-4ccb-ac30-37ab39438337,6e5d3005-07e5-4c57-a3e0-033a2b17bbdc,Richard J. Loa,Council Member (District 2),1417042,LOA FOR PALMDALE CITY COUNCIL 2020; RICHARD,LOA FOR PALMDALE CITY COUNCIL 2020; RICHARD,661,ACTIVE,40002:CONTROLLED,0:N/A,,,leave_no_sos_reports,"controlled by this person, but no SOS e-filed reports (files with a local filing officer): confirming would load no data and would show 'data pending' for ever"
d6d7223b-4964-4a0a-b45c-86274a1b2d76,6e5d3005-07e5-4c57-a3e0-033a2b17bbdc,Richard J. Loa,Council Member (District 2),1226519,"LOA  FOR PALMDALE COUNCIL, RICHARD","LOA FOR PALMDALE COUNCIL, RICHARD",661,TERMINATED 12/31/2005,40002:CONTROLLED,0:N/A,,,leave_no_sos_reports,"controlled by this person, but no SOS e-filed reports (files with a local filing officer): confirming would load no data and would show 'data pending' for ever"
7fdb49ae-5cbd-44f2-b2ea-4f00275f6d06,6e5d3005-07e5-4c57-a3e0-033a2b17bbdc,Richard J. Loa,Council Member (District 2),1388568,"LOA FOR PALMDALE MAYOR 2016, RICHARD","LOA FOR PALMDALE MAYOR 2016, RICHARD",661,TERMINATED 12/31/2019,40002:CONTROLLED,0:N/A,,,leave_no_sos_reports,"controlled by this person, but no SOS e-filed reports (files with a local filing officer): confirming would load no data and would show 'data pending' for ever"
05e53ccb-37db-4eb9-8881-0e9820561f2b,9f07a6d3-ecce-4105-be1d-23fb69d288c8,Rick Cole,Councilmember,1460671,COLE FOR CITY COUNCIL 2024; RICK,COLE FOR CITY COUNCIL 2024; RICK,626,ACTIVE,40002:CONTROLLED,0:N/A,,,leave_no_sos_reports,"controlled by this person, but no SOS e-filed reports (files with a local filing officer): confirming would load no data and would show 'data pending' for ever"
61ab4349-e787-4bcb-b4e4-06aa44599a84,e3b9af1b-3704-4bc5-a6ef-ab1f814bd29d,Rick Ramirez,Councilmember,1290217,"RAMIREZ FOR CITY COUNCIL 2011, RICK","RAMIREZ FOR CITY COUNCIL 2011, RICK",213,TERMINATED 03/23/2011,40002:CONTROLLED,0:N/A,Rick Ramirez,F460 x9,confirm,Cal-Access bulk export (2026-09-23): category CONTROLLED; controlling candidate Rick Ramirez (FILER_LINKS_CD / Form 460 cover); SOS e-filed reports F460 x9.
01593047-0ec6-43f6-b5a0-c8f265ba0e6c,08bf0f81-2f3f-4fd1-98d1-d3c4ae77c5c7,Rita Soto,Mayor,1430502,SOTO FOR LYNWOOD CITY COUNCIL 2024; RITA,SOTO FOR LYNWOOD CITY COUNCIL 2024; RITA,213,ACTIVE,40002:CONTROLLED,0:N/A,,,leave_no_sos_reports,"controlled by this person, but no SOS e-filed reports (files with a local filing officer): confirming would load no data and would show 'data pending' for ever"
0caf5ead-2bd8-40f9-9b9f-7fea3608c158,8b183a30-3afb-4d9e-aa40-aa2ad2c674aa,Rob Bonta,Attorney General,1352589,"BONTA FOR ASSEMBLY 2012, WITH MAJOR FUNDING BY THE CALIFORNIA PROFESSIONAL FIREFIGHTERS AND CALIFORNIA SCHOOL EMPLOYEES ASSOCIATION, SUPPORT ROB","BONTA FOR ASSEMBLY 2012, WITH MAJOR FUNDING BY THE CALIFORNIA PROFESSIONAL FIREFIGHTERS AND CALIFORNIA SCHOOL EMPLOYEES ASSOCIATION, SUPPORT ROB",415,TERMINATED 12/31/2012,0:N/A,40102:PRIMARILY FORMED CANDIDATE,ROB BONTA,"F460 x2, F497 x1",dispute_pf,"Cal-Access category PRIMARILY FORMED CANDIDATE: an independent committee that supports or opposes this person, not a committee they control; its money is not their fundraising."
66e33895-bee4-4cdc-8edc-13dcdb5e3931,8b183a30-3afb-4d9e-aa40-aa2ad2c674aa,Rob Bonta,Attorney General,1353796,"BONTA FOR ASSEMBLY 2014, ROB","BONTA FOR ASSEMBLY 2014, ROB",510,TERMINATED 03/02/2015,40002:CONTROLLED,0:N/A,ROB BONTA,"F460 x30, F497 x204",confirm,"Cal-Access bulk export (2026-09-23): category CONTROLLED; controlling candidate ROB BONTA (FILER_LINKS_CD / Form 460 cover); SOS e-filed reports F460 x30, F497 x204."
314c8ec7-3424-4984-926f-b36d9c70320a,8b183a30-3afb-4d9e-aa40-aa2ad2c674aa,Rob Bonta,Attorney General,1373426,BONTA FOR ASSEMBLY 2016; ROB,BONTA FOR ASSEMBLY 2016; ROB,510,TERMINATED 12/31/2016,40002:CONTROLLED,0:N/A,ROB BONTA,"F460 x23, F497 x218",confirm,"Cal-Access bulk export (2026-09-23): category CONTROLLED; controlling candidate ROB BONTA (FILER_LINKS_CD / Form 460 cover); SOS e-filed reports F460 x23, F497 x218."
75ba072e-7272-4cfe-b3d5-a65bd2ad7e8f,8b183a30-3afb-4d9e-aa40-aa2ad2c674aa,Rob Bonta,Attorney General,1392389,BONTA FOR ASSEMBLY 2018; ROB,BONTA FOR ASSEMBLY 2018; ROB,510,TERMINATED 12/31/2018,40002:CONTROLLED,0:N/A,ROB BONTA,"F460 x22, F497 x189",confirm,"Cal-Access bulk export (2026-09-23): category CONTROLLED; controlling candidate ROB BONTA (FILER_LINKS_CD / Form 460 cover); SOS e-filed reports F460 x22, F497 x189."
627175c2-2900-412a-b38e-2cbe06ac0b85,8b183a30-3afb-4d9e-aa40-aa2ad2c674aa,Rob Bonta,Attorney General,1434826,BONTA FOR ASSEMBLY 2022; ROB,BONTA FOR ASSEMBLY 2022; ROB,510,TERMINATED 09/30/2021,40002:CONTROLLED,0:N/A,ROB BONTA,F460 x3,confirm,Cal-Access bulk export (2026-09-23): category CONTROLLED; controlling candidate ROB BONTA (FILER_LINKS_CD / Form 460 cover); SOS e-filed reports F460 x3.
5e08ed3f-cfc9-4103-b123-69fed846cdb6,8b183a30-3afb-4d9e-aa40-aa2ad2c674aa,Rob Bonta,Attorney General,1447769,BONTA FOR ATTORNEY GENERAL 2022 SPONSORED BY LABOR OGANIZATIONS; CALIFORNIANS SUPPORTING ROB,BONTA FOR ATTORNEY GENERAL 2022 SPONSORED BY LABOR OGANIZATIONS; CALIFORNIANS SUPPORTING ROB,510,TERMINATED 12/31/2022,0:N/A,40102:PRIMARILY FORMED CANDIDATE,Eric Early; Rob Bonta,"F460 x8, F497 x10",dispute_pf,"Cal-Access category PRIMARILY FORMED CANDIDATE: an independent committee that supports or opposes this person, not a committee they control; its money is not their fundraising."
50aecf13-751f-4e97-95aa-35fba02df996,8b183a30-3afb-4d9e-aa40-aa2ad2c674aa,Rob Bonta,Attorney General,1439160,BONTA FOR ATTORNEY GENERAL 2022; COMMUNITIES FOR JUSTICE SUPPORTING ROB,BONTA FOR ATTORNEY GENERAL 2022; COMMUNITIES FOR JUSTICE SUPPORTING ROB,213,TERMINATED 01/31/2023,0:N/A,40102:PRIMARILY FORMED CANDIDATE,Rob Bonta,"F460 x6, F497 x4",dispute_pf,"Cal-Access category PRIMARILY FORMED CANDIDATE: an independent committee that supports or opposes this person, not a committee they control; its money is not their fundraising."
b63c5d0a-4f72-47ce-929d-0913812b9a49,8b183a30-3afb-4d9e-aa40-aa2ad2c674aa,Rob Bonta,Attorney General,1437201,BONTA FOR CA ATTORNEY GENERAL 2022; ROB,BONTA FOR CA ATTORNEY GENERAL 2022; ROB,916,TERMINATED 04/14/2023,40002:CONTROLLED,0:N/A,ROB BONTA,"F460 x22, F497 x437",confirm,"Cal-Access bulk export (2026-09-23): category CONTROLLED; controlling candidate ROB BONTA (FILER_LINKS_CD / Form 460 cover); SOS e-filed reports F460 x22, F497 x437."
7504cd56-f3f5-4b1a-bf45-9edf1f05cf56,8b183a30-3afb-4d9e-aa40-aa2ad2c674aa,Rob Bonta,Attorney General,1456428,BONTA FOR CA ATTORNEY GENERAL 2026; ROB,BONTA FOR CA ATTORNEY GENERAL 2026; ROB,916,ACTIVE,40002:CONTROLLED,0:N/A,ROB BONTA,"F460 x37, F497 x464",confirm,"Cal-Access bulk export (2026-09-23): category CONTROLLED; controlling candidate ROB BONTA (FILER_LINKS_CD / Form 460 cover); SOS e-filed reports F460 x37, F497 x464."
3afce4c2-23a1-49e8-9a64-78f60cf1de1f,8b183a30-3afb-4d9e-aa40-aa2ad2c674aa,Rob Bonta,Attorney General,1324086,"BONTA FOR CITY COUNCIL 2010, ROB","BONTA FOR CITY COUNCIL 2010, ROB",510,TERMINATED 05/14/2013,40002:CONTROLLED,0:N/A,ROB BONTA; Robert Bonta,F460 x9,confirm,Cal-Access bulk export (2026-09-23): category CONTROLLED; controlling candidate ROB BONTA; Robert Bonta (FILER_LINKS_CD / Form 460 cover); SOS e-filed reports F460 x9.
f1b1c32a-a660-489c-812e-b5204d825248,8b183a30-3afb-4d9e-aa40-aa2ad2c674aa,Rob Bonta,Attorney General,1339722,"BONTA FOR STATE ASSEMBLY 2012, ROB","BONTA FOR STATE ASSEMBLY 2012, ROB",510,TERMINATED 06/30/2013,40002:CONTROLLED,0:N/A,ROB BONTA,"F460 x28, F497 x111",confirm,"Cal-Access bulk export (2026-09-23): category CONTROLLED; controlling candidate ROB BONTA (FILER_LINKS_CD / Form 460 cover); SOS e-filed reports F460 x28, F497 x111."
7b179688-04f8-4d1d-a962-fb2f66234cf3,8b183a30-3afb-4d9e-aa40-aa2ad2c674aa,Rob Bonta,Attorney General,1308537,"BONTA, FRIENDS OF ROB","BONTA, FRIENDS OF ROB",510,TERMINATED 03/08/2010,40002:CONTROLLED,0:N/A,,,leave_no_sos_reports,"controlled by this person, but no SOS e-filed reports (files with a local filing officer): confirming would load no data and would show 'data pending' for ever"
c3644401-b140-4fee-b20b-0952a79525db,4da817bf-9c82-44c0-9ebe-c36b29113244,Rob Saemann,Council Member,1452697,SAEMANN FOR HERMOSA COUNCIL 2022; ROB,SAEMANN FOR HERMOSA COUNCIL 2022; ROB,310,TERMINATED 12/31/2022,40002:CONTROLLED,0:N/A,,,leave_no_sos_reports,"controlled by this person, but no SOS e-filed reports (files with a local filing officer): confirming would load no data and would show 'data pending' for ever"
dd3829e8-7f9a-40c0-9080-7e14f6b17ad9,f2a863a9-ce21-453a-9d2b-fc7282307eb0,Robert Gin,Board Member (Trustee Area 4),1243864,"GIN FOR ALHAMBRA SCHOOL BOARD, BOB","GIN FOR ALHAMBRA SCHOOL BOARD, BOB",323,TERMINATED 01/15/2021,40002:CONTROLLED,0:N/A,,,leave_no_sos_reports,"controlled by this person, but no SOS e-filed reports (files with a local filing officer): confirming would load no data and would show 'data pending' for ever"
51e2b2f8-8616-4734-a575-1a3b0e39347f,f2a863a9-ce21-453a-9d2b-fc7282307eb0,Robert Gin,Board Member (Trustee Area 4),1332029,"GIN FOR CITY COUNCIL 2011, BOB","GIN FOR CITY COUNCIL 2011, BOB",323,TERMINATED 06/30/2011,40002:CONTROLLED,0:N/A,,,leave_no_sos_reports,"controlled by this person, but no SOS e-filed reports (files with a local filing officer): confirming would load no data and would show 'data pending' for ever"
139a2288-e03c-40e6-bc76-b9c233b7e9f9,21975878-739e-452b-8bf7-95919680462a,Robert Luna,Sheriff,1464439,LUNA FOR JUDGE 2024; BOBBY,LUNA FOR JUDGE 2024; BOBBY,442,ACTIVE,40002:CONTROLLED,0:N/A,BOBBY LUNA,"F460 x8, F497 x5",dispute_other_person,"Cal-Access: this committee is controlled by BOBBY LUNA, a 2024 candidate for judge; not Sheriff Robert Luna."
26a6c250-97cd-487b-addc-7941d4db2654,21975878-739e-452b-8bf7-95919680462a,Robert Luna,Sheriff,1479269,ROBERT LUNA,"LUNA, ROBERT",213,ACTIVE,0:N/A,0:N/A,,,leave_filer_record,"a candidate filer record, not a committee: no contributions are filed under it"
d28b2211-f5b9-4786-be73-d372b2bd168c,43534230-24b1-432a-9901-f1c666ed009e,Roberto Uranga,Councilmember,1393997,URANGA FOR CITY COUNCIL 2018; ROBERTO,URANGA FOR CITY COUNCIL 2018; ROBERTO,562,TERMINATED 06/30/2019,40002:CONTROLLED,0:N/A,,,leave_no_sos_reports,"controlled by this person, but no SOS e-filed reports (files with a local filing officer): confirming would load no data and would show 'data pending' for ever"
988ce08a-5cf8-4a7e-b8f3-e0ad8a5c96af,43534230-24b1-432a-9901-f1c666ed009e,Roberto Uranga,Councilmember,1439119,URANGA FOR CITY COUNCIL 2022; ROBERTO,URANGA FOR CITY COUNCIL 2022; ROBERTO,562,TERMINATED 06/30/2023,40002:CONTROLLED,0:N/A,,,leave_no_sos_reports,"controlled by this person, but no SOS e-filed reports (files with a local filing officer): confirming would load no data and would show 'data pending' for ever"
2b1ee15b-106c-4186-98ad-7cee70f56b46,43534230-24b1-432a-9901-f1c666ed009e,Roberto Uranga,Councilmember,1260907,"URANGA FOR COLLEGE BOARD, FRIENDS OF ROBERTO","URANGA FOR COLLEGE BOARD 2012, ROBERTO",562,TERMINATED 12/30/2014,40002:CONTROLLED,0:N/A,,,leave_no_sos_reports,"controlled by this person, but no SOS e-filed reports (files with a local filing officer): confirming would load no data and would show 'data pending' for ever"
266f1df9-4761-419c-b798-b0c61a93ec9f,43534230-24b1-432a-9901-f1c666ed009e,Roberto Uranga,Councilmember,1414482,URANGA FOR SENATE 2020; ROBERTO,URANGA FOR SENATE 2020; ROBERTO,562,TERMINATED 06/30/2020,40002:CONTROLLED,0:N/A,ROBERTO URANGA,,leave_no_sos_reports,"controlled by this person, but no SOS e-filed reports (files with a local filing officer): confirming would load no data and would show 'data pending' for ever"
d28a9b38-40ff-4e1b-b5db-12b1962940c6,4a484a17-5426-403c-8c51-0b7e387a07b1,Robin Funk,,1280321,"FUNK, COMMITTEE TO ELECT ROBIN","FUNK, COMMITTEE TO ELECT ROBIN",310,TERMINATED 11/22/2005,40002:CONTROLLED,0:N/A,,,leave_no_sos_reports,"controlled by this person, but no SOS e-filed reports (files with a local filing officer): confirming would load no data and would show 'data pending' for ever"
4cafd50e-3d85-4d90-85fd-73e01131b6df,f5bf4ec4-7d1b-460e-b4e2-539826c59596,Rosario Diaz,Council Member (District 3),1431707,"DIAZ FOR CITY COUNCIL, DISTRICT 3, 2020; ROSARIO","DIAZ FOR CITY COUNCIL, DISTRICT 3, 2020; ROSARIO",626,TERMINATED 06/30/2021,40002:CONTROLLED,0:N/A,,,leave_no_sos_reports,"controlled by this person, but no SOS e-filed reports (files with a local filing officer): confirming would load no data and would show 'data pending' for ever"
74c6aaf4-cca4-42cf-aaf2-82ddd79c833f,f5bf4ec4-7d1b-460e-b4e2-539826c59596,Rosario Diaz,Council Member (District 3),1463766,DIAZ FOR WEST COVINA CITY COUNCIL 2024; ROSARIO,DIAZ FOR WEST COVINA CITY COUNCIL 2024; ROSARIO,626,ACTIVE,40002:CONTROLLED,0:N/A,,,leave_no_sos_reports,"controlled by this person, but no SOS e-filed reports (files with a local filing officer): confirming would load no data and would show 'data pending' for ever"
19fce95a-8a53-4cfc-8274-58cf2bbd82fc,8d4396fa-1637-4502-844d-1b7e5dbe8e0f,Rudy Bojorquez,Council Member,1432774,"BOJORQUEZ RUDY BOJORQUEZ SEAT : CITY COUNCIL NOVEMBER 3, 2020; SEM ACTION COMMITTEE TO ELECT RUDY","BOJORQUEZ RUDY BOJORQUEZ SEAT : CITY COUNCIL NOVEMBER 3, 2020; SEM ACTION COMMITTEE TO ELECT RUDY",626,TERMINATED 09/16/2021,40002:CONTROLLED,0:N/A,,,leave_no_sos_reports,"controlled by this person, but no SOS e-filed reports (files with a local filing officer): confirming would load no data and would show 'data pending' for ever"
c052747a-de83-4cbf-ac04-257c567d9faa,8d4396fa-1637-4502-844d-1b7e5dbe8e0f,Rudy Bojorquez,Council Member,1448856,BOJORQUEZ TO CITY COUNCIL 2022; SOUTH EL MONTE ACTION COMMITTEE TO ELECT RUDY,BOJORQUEZ TO CITY COUNCIL 2026; SOUTH EL MONTE ACTION COMMITTEE TO RE-ELECT RUDY,626,ACTIVE,40002:CONTROLLED,0:N/A,,,leave_no_sos_reports,"controlled by this person, but no SOS e-filed reports (files with a local filing officer): confirming would load no data and would show 'data pending' for ever"
582be2e5-4d98-4311-93c4-4c93b3ef8bea,cb9400fa-ebf6-4f30-a0ff-36d23b1aeed5,Ryan A. Vienna,Council Member,1388979,VIENNA FOR CITY COUNCIL 2026; RYAN,VIENNA FOR CITY COUNCIL 2026; RYAN,909,ACTIVE,40002:CONTROLLED,0:N/A,,,leave_no_sos_reports,"controlled by this person, but no SOS e-filed reports (files with a local filing officer): confirming would load no data and would show 'data pending' for ever"
d5987f51-f815-4d0b-abdc-39843dccee0d,4244252f-7230-4a45-90b5-1a76754b8d60,Sabrina Bow,Council Member (District 2),1430779,BOW FOR AZUSA SCHOOL BOARD 2020; SABRINA,BOW FOR AZUSA SCHOOL BOARD 2024; SABRINA,626,TERMINATED 05/20/2025,40002:CONTROLLED,0:N/A,,,leave_no_sos_reports,"controlled by this person, but no SOS e-filed reports (files with a local filing officer): confirming would load no data and would show 'data pending' for ever"
03398460-15d7-4f10-8e5a-d04ab31dbcc7,3c2bfe51-9a53-4992-801b-138a1a8ce9ed,Sade Elhawary,Assembly Member,1458935,ELHAWARY FOR ASSEMBLY 2024; SADE,ELHAWARY FOR ASSEMBLY 2024; SADE,213,TERMINATED 06/30/2025,40002:CONTROLLED,0:N/A,ZEINAB SADE ELHAWARY; Sade Elhawary,"F460 x17, F497 x136",confirm,"Cal-Access bulk export (2026-09-23): category CONTROLLED; controlling candidate ZEINAB SADE ELHAWARY; Sade Elhawary (FILER_LINKS_CD / Form 460 cover); SOS e-filed reports F460 x17, F497 x136."
7b8f4e36-9d48-4103-b993-dff46943ddf8,3c2bfe51-9a53-4992-801b-138a1a8ce9ed,Sade Elhawary,Assembly Member,1476905,ELHAWARY FOR ASSEMBLY 2026; SADE,ELHAWARY FOR ASSEMBLY 2026; SADE,916,ACTIVE,40002:CONTROLLED,0:N/A,ZEINAB SADE ELHAWARY; Sade Elhawary,"F460 x9, F497 x100",confirm,"Cal-Access bulk export (2026-09-23): category CONTROLLED; controlling candidate ZEINAB SADE ELHAWARY; Sade Elhawary (FILER_LINKS_CD / Form 460 cover); SOS e-filed reports F460 x9, F497 x100."
ef8e7bba-9d67-43a0-b5f2-121ff01fbb9e,3c2bfe51-9a53-4992-801b-138a1a8ce9ed,Sade Elhawary,Assembly Member,1476904,SADE ELHAWARY,"ELHAWARY, SADE",916,ACTIVE,0:N/A,0:N/A,,,leave_filer_record,"a candidate filer record, not a committee: no contributions are filed under it"
6d01825d-2b16-44c7-af60-0054757071db,3aedc075-d219-40f9-932b-c92d000c5d9a,Sal Medina,Council Member (District 5),1433397,MEDINA FOR CITY COUNCIL 2024; COMMITTEE TO ELECT SAL,MEDINA FOR CITY COUNCIL 2024; COMMITTEE TO ELECT SAL,626,ACTIVE,40002:CONTROLLED,0:N/A,,,leave_no_sos_reports,"controlled by this person, but no SOS e-filed reports (files with a local filing officer): confirming would load no data and would show 'data pending' for ever"
2e9ac834-fa2c-43c9-9836-51099837676c,3ce8b7fa-a703-45be-9e07-71b1a8ebfa8d,Sara Hernandez,,1477358,SARA HERNANDEZ,"HERNANDEZ, SARA",213,ACTIVE,0:N/A,0:N/A,HERNANDEZ FOR STATE SENATE 2026; SARA,,leave_no_sos_reports,"controlled by this person, but no SOS e-filed reports (files with a local filing officer): confirming would load no data and would show 'data pending' for ever"
4085627c-c2f0-47a8-a4a4-458d1c79ba62,16b687c1-1577-4c7b-a978-54bb1995a0f6,Sarah Rascon,,1481479,SARAH RASCON,"RASCON, SARAH",323,ACTIVE,0:N/A,0:N/A,RASCON FOR STATE SENATE 2026,,leave_no_sos_reports,"controlled by this person, but no SOS e-filed reports (files with a local filing officer): confirming would load no data and would show 'data pending' for ever"
88a9cde7-2ce6-417d-9ce7-183e217855fa,60ba761c-1695-46af-b56f-7881a5b8df4a,Scarlet Peralta,Council Member (District 2),1427376,PERALTA FOR MONTEBELLO CITY COUNCIL 2020; SCARLET,PERALTA FOR MONTEBELLO CITY COUNCIL 2020; SCARLET,562,TERMINATED 12/31/2022,40002:CONTROLLED,0:N/A,,,leave_no_sos_reports,"controlled by this person, but no SOS e-filed reports (files with a local filing officer): confirming would load no data and would show 'data pending' for ever"
c3e51982-f78c-4915-a17d-68c46ee72925,60ba761c-1695-46af-b56f-7881a5b8df4a,Scarlet Peralta,Council Member (District 2),1450698,PERALTA FOR MONTEBELLO CITY COUNCIL 2022; SCARLET,PERALTA FOR MONTEBELLO CITY COUNCIL 2022; SCARLET,562,ACTIVE,40002:CONTROLLED,0:N/A,,,leave_no_sos_reports,"controlled by this person, but no SOS e-filed reports (files with a local filing officer): confirming would load no data and would show 'data pending' for ever"
bf400e85-6076-4e2c-b991-6b453c8a2b7a,60ba761c-1695-46af-b56f-7881a5b8df4a,Scarlet Peralta,Council Member (District 2),1470876,PERALTA FOR MONTEBELLO CITY COUNCIL 2024; SCARLET,PERALTA FOR MONTEBELLO CITY COUNCIL 2024; SCARLET,442,ACTIVE,40002:CONTROLLED,0:N/A,,,leave_no_sos_reports,"controlled by this person, but no SOS e-filed reports (files with a local filing officer): confirming would load no data and would show 'data pending' for ever"
ac90d95a-2887-4b93-9071-3f3dff63150b,2806719d-6e25-4d2d-bb6e-95d97c35ed0e,Scott Behrendt,Council Member,1450888,BEHRENDT FOR REDONDO BEACH CITY COUNCIL 2023; SCOTT,BEHRENDT FOR REDONDO BEACH CITY COUNCIL 2027; SCOTT,323,ACTIVE,40002:CONTROLLED,0:N/A,,,leave_no_sos_reports,"controlled by this person, but no SOS e-filed reports (files with a local filing officer): confirming would load no data and would show 'data pending' for ever"
d7de0345-6903-48d3-8588-b9f869c1b9c1,7a309179-6ed3-4cc0-80ad-f73e6ed49759,Sean Dang,Council Member,1409067,DANG FOR COUNCIL 2020; SEAN,DANG FOR COUNCIL 2020; SEAN,626,TERMINATED 12/18/2023,40002:CONTROLLED,0:N/A,,,leave_no_sos_reports,"controlled by this person, but no SOS e-filed reports (files with a local filing officer): confirming would load no data and would show 'data pending' for ever"
0dbc1f17-0481-43c6-8a07-afd80c14920d,7a309179-6ed3-4cc0-80ad-f73e6ed49759,Sean Dang,Council Member,1464741,DANG FOR ROSEMEAD CITY COUNCIL 2024; SEAN,DANG FOR ROSEMEAD CITY COUNCIL 2024; SEAN,626,ACTIVE,40002:CONTROLLED,0:N/A,,,leave_no_sos_reports,"controlled by this person, but no SOS e-filed reports (files with a local filing officer): confirming would load no data and would show 'data pending' for ever"
89ccfb76-dfe2-42eb-840e-ce6621ea181c,f299af69-895e-4729-8bf3-439b4036acbd,Sergio Jimenez,Council Member,1443183,JIMENEZ TO MONROVIA CITY COUNCIL 2022; COMMITTEE TO ELECT SERGIO,JIMENEZ TO MONROVIA CITY COUNCIL 2022; COMMITTEE TO ELECT SERGIO,626,TERMINATED 11/22/2023,40002:CONTROLLED,0:N/A,,,leave_no_sos_reports,"controlled by this person, but no SOS e-filed reports (files with a local filing officer): confirming would load no data and would show 'data pending' for ever"
a8ca1396-010f-4e8f-a2d3-a580596404ef,f299af69-895e-4729-8bf3-439b4036acbd,Sergio Jimenez,Council Member,1465433,JIMENEZ TO MONROVIA CITY COUNCIL 2024; COMMITTEE TO ELECT SERGIO,JIMENEZ TO MONROVIA CITY COUNCIL 2024; COMMITTEE TO ELECT SERGIO,626,TERMINATED 06/27/2024,40002:CONTROLLED,0:N/A,,,leave_no_sos_reports,"controlled by this person, but no SOS e-filed reports (files with a local filing officer): confirming would load no data and would show 'data pending' for ever"
66bb33c7-940e-41bf-80ee-65ef18ecc404,b3838bf2-01e9-4684-8ab2-279febc8eb27,Shannon K. Cooley,"Judge, Los Angeles County Superior Court",1486868,SHANNON KATHLEEN COOLEY,"COOLEY, SHANNON KATHLEEN",213,ACTIVE,0:N/A,0:N/A,,,leave_filer_record,"a candidate filer record, not a committee: no contributions are filed under it"
52fa44ee-86ce-495e-b4d3-883d347435cb,0695e308-a400-426d-9f1b-4e674e5daf02,Sharon Kalani,Council Member,1418737,KALANI FOR TORRANCE CITY COUNCIL 2020; SHARON,KALANI FOR TORRANCE CITY COUNCIL 2020; SHARON,310,TERMINATED 06/30/2020,40002:CONTROLLED,0:N/A,,,leave_no_sos_reports,"controlled by this person, but no SOS e-filed reports (files with a local filing officer): confirming would load no data and would show 'data pending' for ever"
489834a8-cb34-4782-be3d-64f461beed67,0695e308-a400-426d-9f1b-4e674e5daf02,Sharon Kalani,Council Member,1460388,KALANI FOR TORRANCE CITY COUNCIL 2024; SHARON,KALANI FOR TORRANCE CITY COUNCIL 2024; SHARON,310,TERMINATED 08/19/2024,40002:CONTROLLED,0:N/A,,,leave_no_sos_reports,"controlled by this person, but no SOS e-filed reports (files with a local filing officer): confirming would load no data and would show 'data pending' for ever"
494baf9d-2314-4e12-be69-ec2832bc1294,0695e308-a400-426d-9f1b-4e674e5daf02,Sharon Kalani,Council Member,1480765,KALANI FOR TORRANCE MAYOR 2026; SHARON,KALANI FOR TORRANCE MAYOR 2026; SHARON,213,ACTIVE,40002:CONTROLLED,0:N/A,,,leave_no_sos_reports,"controlled by this person, but no SOS e-filed reports (files with a local filing officer): confirming would load no data and would show 'data pending' for ever"
b62d3020-cec3-43a1-866c-38eb9ae2c2bf,09b98050-abe0-4c49-8f15-c22e54f5cb78,Shaunna Elias,Council Member (District 3),1463512,ELIAS FOR CITY COUNCIL 2024; SHAUNNA,ELIAS FOR CITY COUNCIL 2024; SHAUNNA,951,TERMINATED 12/19/2024,40002:CONTROLLED,0:N/A,,,leave_no_sos_reports,"controlled by this person, but no SOS e-filed reports (files with a local filing officer): confirming would load no data and would show 'data pending' for ever"
941f10b1-040f-46ac-a5d0-70747bf17b65,09b98050-abe0-4c49-8f15-c22e54f5cb78,Shaunna Elias,Council Member (District 3),1448028,ELIAS FOR SCHOOL BOARD 2022; SHAUNNA,ELIAS FOR SCHOOL BOARD 2022; SHAUNNA,951,TERMINATED 12/30/2022,40002:CONTROLLED,0:N/A,,,leave_no_sos_reports,"controlled by this person, but no SOS e-filed reports (files with a local filing officer): confirming would load no data and would show 'data pending' for ever"
e2c69d0b-f981-4f7f-a6b3-e809603ce7ac,bb21e688-3264-4237-beda-e748db65384a,Sheila Crippen-Thomas,Council Member (District 1),1469478,CRIPPEN-THOMAS FOR CITY COUNCIL 2024; SHEILA,CRIPPEN-THOMAS FOR CITY COUNCIL 2024; SHEILA,562,ACTIVE,40002:CONTROLLED,0:N/A,,,leave_no_sos_reports,"controlled by this person, but no SOS e-filed reports (files with a local filing officer): confirming would load no data and would show 'data pending' for ever"
6e5cb312-41f6-4fb1-96e3-a2effc4e8e2c,849095db-2563-40e3-9f96-26b9b0affda7,Sophia M. Tse,Council Member,1341223,"TSE FOR ABC UNIFIED SCHOOL DISTRICT BOARD OF EDUCATION 2011, FRIENDS OF SOPHIA","TSE FOR ABC UNIFIED SCHOOL DISTRICT BOARD OF EDUCATION 2011, FRIENDS OF SOPHIA",562,TERMINATED 01/19/2012,40002:CONTROLLED,0:N/A,,,leave_no_sos_reports,"controlled by this person, but no SOS e-filed reports (files with a local filing officer): confirming would load no data and would show 'data pending' for ever"
8292b7db-aafb-458c-99bc-405a4697a7bd,849095db-2563-40e3-9f96-26b9b0affda7,Sophia M. Tse,Council Member,1428637,TSE FOR ABCUSD BOARD OF EDUCATION 2020; SOPHIA,TSE FOR ABCUSD BOARD OF EDUCATION 2020; SOPHIA,562,TERMINATED 05/06/2025,40002:CONTROLLED,0:N/A,,,leave_no_sos_reports,"controlled by this person, but no SOS e-filed reports (files with a local filing officer): confirming would load no data and would show 'data pending' for ever"
29892587-b471-4161-a23f-9c4fb8cba28e,849095db-2563-40e3-9f96-26b9b0affda7,Sophia M. Tse,Council Member,1379729,TSE FOR ABCUSD GOVERNING BOARD 2015; FRIENDS OF SOPHIA,TSE FOR ABCUSD GOVERNING BOARD 2015; FRIENDS OF SOPHIA,562,ACTIVE,40002:CONTROLLED,0:N/A,,,leave_no_sos_reports,"controlled by this person, but no SOS e-filed reports (files with a local filing officer): confirming would load no data and would show 'data pending' for ever"
bd007023-fbaa-47e4-a429-89f1fd9f425a,849095db-2563-40e3-9f96-26b9b0affda7,Sophia M. Tse,Council Member,1374024,TSE FOR CERRITOS CITY COUNCIL 2015; SOPHIA,TSE FOR CERRITOS CITY COUNCIL 2015; SOPHIA,562,TERMINATED 12/12/2015,40002:CONTROLLED,0:N/A,,,leave_no_sos_reports,"controlled by this person, but no SOS e-filed reports (files with a local filing officer): confirming would load no data and would show 'data pending' for ever"
da799565-f871-4467-8640-9e48d7218e06,849095db-2563-40e3-9f96-26b9b0affda7,Sophia M. Tse,Council Member,1422843,TSE FOR CERRITOS CITY COUNCIL 2020; SOPHIA,TSE FOR CERRITOS CITY COUNCIL 2020; SOPHIA,562,TERMINATED 06/29/2020,40002:CONTROLLED,0:N/A,,,leave_no_sos_reports,"controlled by this person, but no SOS e-filed reports (files with a local filing officer): confirming would load no data and would show 'data pending' for ever"
02dbb6c8-26bf-4f62-b3ec-60447d20cbb0,849095db-2563-40e3-9f96-26b9b0affda7,Sophia M. Tse,Council Member,1477407,TSE FOR CERRITOS CITY COUNCIL 2025; SOPHIA,TSE FOR CERRITOS CITY COUNCIL 2025; SOPHIA,562,ACTIVE,40002:CONTROLLED,0:N/A,,,leave_no_sos_reports,"controlled by this person, but no SOS e-filed reports (files with a local filing officer): confirming would load no data and would show 'data pending' for ever"
cf75d416-4d33-4cd8-9a40-04ac43aac5b5,849095db-2563-40e3-9f96-26b9b0affda7,Sophia M. Tse,Council Member,1300599,"TSE, FRIENDS OF SOPHIA","TSE, FRIENDS OF SOPHIA",562,TERMINATED 12/31/2007,40002:CONTROLLED,0:N/A,,,leave_no_sos_reports,"controlled by this person, but no SOS e-filed reports (files with a local filing officer): confirming would load no data and would show 'data pending' for ever"
6927ed8a-cc61-457a-892e-f84418be7ba3,d94a4b34-28aa-4259-99cb-041b45d78a87,Steve Hill,,1375394,HILL FOR SENATE 2015; STEVE,HILL FOR SENATE 2015; STEVE,310,TERMINATED 06/25/2015,40002:CONTROLLED,0:N/A,STEVE HILL,F460 x2,confirm,Cal-Access bulk export (2026-09-23): category CONTROLLED; controlling candidate STEVE HILL (FILER_LINKS_CD / Form 460 cover); SOS e-filed reports F460 x2.
11565ea6-d841-4cf7-a9c1-3048fdbc02ec,d94a4b34-28aa-4259-99cb-041b45d78a87,Steve Hill,,1381799,HILL FOR SENATE 2016; STEVE,HILL FOR SENATE 2016; STEVE,310,TERMINATED 06/30/2016,40002:CONTROLLED,0:N/A,STEVE HILL; Melvin Steve Hill,F460 x5,confirm,Cal-Access bulk export (2026-09-23): category CONTROLLED; controlling candidate STEVE HILL; Melvin Steve Hill (FILER_LINKS_CD / Form 460 cover); SOS e-filed reports F460 x5.
26da6c0e-2215-4214-98e8-33601e84c36d,d94a4b34-28aa-4259-99cb-041b45d78a87,Steve Hill,,1419899,HILL FOR SENATE 2020; STEVE,HILL FOR SENATE 2020; STEVE,310,TERMINATED 06/30/2020,40002:CONTROLLED,0:N/A,STEVE HILL,F460 x4,confirm,Cal-Access bulk export (2026-09-23): category CONTROLLED; controlling candidate STEVE HILL (FILER_LINKS_CD / Form 460 cover); SOS e-filed reports F460 x4.
8eaba57c-7060-405d-9aa8-1a8d5ab54acf,07e0311b-5013-49ac-849e-7aeaa3402ea2,Steve Lustro,Council Member,1398563,LUSTRO FOR CITY COUNCIL 2018; FRIENDS OF STEVE,LUSTRO FOR CITY COUNCIL 2018; FRIENDS OF STEVE,909,TERMINATED 06/28/2019,40002:CONTROLLED,0:N/A,,,leave_no_sos_reports,"controlled by this person, but no SOS e-filed reports (files with a local filing officer): confirming would load no data and would show 'data pending' for ever"
0307c521-2a65-407c-9ff2-bb5c34f3e5b7,07e0311b-5013-49ac-849e-7aeaa3402ea2,Steve Lustro,Council Member,1444008,LUSTRO FOR CITY COUNCIL 2022; FRIENDS OF STEVE,LUSTRO FOR CITY COUNCIL 2022; FRIENDS OF STEVE,909,TERMINATED 12/13/2023,40002:CONTROLLED,0:N/A,,,leave_no_sos_reports,"controlled by this person, but no SOS e-filed reports (files with a local filing officer): confirming would load no data and would show 'data pending' for ever"
3d5330b3-cc6f-4b63-8356-a4f908c8ee45,07e0311b-5013-49ac-849e-7aeaa3402ea2,Steve Lustro,Council Member,1320509,"LUSTRO FOR SCHOOL BOARD 2009, FRIENDS OF STEVE","LUSTRO FOR SCHOOL BOARD 2009, FRIENDS OF STEVE",909,TERMINATED 05/10/2010,40002:CONTROLLED,0:N/A,,,leave_no_sos_reports,"controlled by this person, but no SOS e-filed reports (files with a local filing officer): confirming would load no data and would show 'data pending' for ever"
5df8d92e-4978-4d7f-83f3-348cb165109b,07e0311b-5013-49ac-849e-7aeaa3402ea2,Steve Lustro,Council Member,1237050,"LUSTRO, FRIENDS OF STEVE","LUSTRO, FRIENDS OF STEVE",909,TERMINATED 01/23/2003,40002:CONTROLLED,0:N/A,,,leave_no_sos_reports,"controlled by this person, but no SOS e-filed reports (files with a local filing officer): confirming would load no data and would show 'data pending' for ever"
5b2b870e-ab39-436b-8275-40e6f04e638a,e2ce84d2-ee0b-4851-b1d8-168a2f54a82b,Steve Madison,Councilmember,1075546,"MADISON FOR CITY COUNCIL 2020, FRIENDS OF STEVE","MADISON FOR CITY COUNCIL 2020, FRIENDS OF STEVE",626,ACTIVE,40002:CONTROLLED,0:N/A,,,leave_no_sos_reports,"controlled by this person, but no SOS e-filed reports (files with a local filing officer): confirming would load no data and would show 'data pending' for ever"
cc9a5078-2b3c-40e3-94da-0e45545a5d69,e2ce84d2-ee0b-4851-b1d8-168a2f54a82b,Steve Madison,Councilmember,1464334,MADISON FOR CITY COUNCIL 2024; FRIENDS OF STEVE,MADISON FOR CITY COUNCIL 2024; FRIENDS OF STEVE,213,ACTIVE,40002:CONTROLLED,0:N/A,,,leave_no_sos_reports,"controlled by this person, but no SOS e-filed reports (files with a local filing officer): confirming would load no data and would show 'data pending' for ever"
d588ce71-5035-4d36-a8b1-00cedb7928fc,e2ce84d2-ee0b-4851-b1d8-168a2f54a82b,Steve Madison,Councilmember,1289559,"MADISON FOR YCCD BOARD OF TRUSTEES, STEVE","MADISON FOR COLLEGE BOARD OF TRUSTEES, STEVE",209,TERMINATED 01/31/2007,40002:CONTROLLED,0:N/A,,,leave_no_sos_reports,"controlled by this person, but no SOS e-filed reports (files with a local filing officer): confirming would load no data and would show 'data pending' for ever"
0392938a-3358-4b37-88d2-cbc03d9ae2d5,1c1a6f49-b41b-4507-aa15-2eaf79d8240a,Steve Uhring,Council Member,1430818,UHRING CITY COUNCIL 2028; STEVE,UHRING CITY COUNCIL 2028; STEVE,310,ACTIVE,40002:CONTROLLED,0:N/A,,,leave_no_sos_reports,"controlled by this person, but no SOS e-filed reports (files with a local filing officer): confirming would load no data and would show 'data pending' for ever"
1fdafe40-7280-4808-82ad-5a02bd154484,7a52ea32-cd3d-4853-ba1e-7c51087d998f,Steven Llanusa,,1277932,"LLANUSA, COMMITTEE TO ELECT STEVEN","LLANUSA FOR CLAREMONT BOARD OF EDUCATION, 2009, COMMITTEE TO RE-ELECT STEVEN",909,TERMINATED 07/29/2010,40002:CONTROLLED,0:N/A,,,leave_no_sos_reports,"controlled by this person, but no SOS e-filed reports (files with a local filing officer): confirming would load no data and would show 'data pending' for ever"
23a96ef5-461b-48e2-968e-57bef837ed71,7a52ea32-cd3d-4853-ba1e-7c51087d998f,Steven Llanusa,,1361108,"LLANUSA FOR CLAREMONT SCHOOL BOARD 2013, COMMITTEE TO ELECT STEVEN","LLANUSA FOR CLAREMONT SCHOOL BOARD 2013, COMMITTEE TO ELECT STEVEN",909,TERMINATED 01/30/2015,40002:CONTROLLED,0:N/A,,,leave_no_sos_reports,"controlled by this person, but no SOS e-filed reports (files with a local filing officer): confirming would load no data and would show 'data pending' for ever"
0db5bcb4-c570-406c-a02c-843ebcaf258b,7a52ea32-cd3d-4853-ba1e-7c51087d998f,Steven Llanusa,,1456489,LLANUSA FOR CLAREMONT UNIFIED SCHOOL BOARD TRUSTEE 2022; COMMITTEE TO ELECT STEVEN,LLANUSA FOR CLAREMONT UNIFIED SCHOOL BOARD TRUSTEE 2022; COMMITTEE TO ELECT STEVEN,909,TERMINATED 12/25/2022,40002:CONTROLLED,0:N/A,,,leave_no_sos_reports,"controlled by this person, but no SOS e-filed reports (files with a local filing officer): confirming would load no data and would show 'data pending' for ever"
dcf51285-d4d3-436d-a3ab-9428ef899d2d,b13891ed-faa2-481b-b773-7d0f0c2f6bbf,Suely Saro,Councilmember,1437829,SARO FOR LONG BEACH CITY COUNCIL 2020 OFFICEHOLDER ACCOUNT; SUELY,SARO FOR LONG BEACH CITY COUNCIL 2020 OFFICEHOLDER ACCOUNT; SUELY,562,ACTIVE,40002:CONTROLLED,0:N/A,,,leave_no_sos_reports,"controlled by this person, but no SOS e-filed reports (files with a local filing officer): confirming would load no data and would show 'data pending' for ever"
3448bd02-47b7-4166-acce-fcd8fd974e8d,b13891ed-faa2-481b-b773-7d0f0c2f6bbf,Suely Saro,Councilmember,1415954,SARO FOR LONG BEACH CITY COUNCIL 2020; SUELY,SARO FOR LONG BEACH CITY COUNCIL 2020; SUELY,562,TERMINATED 06/30/2021,40002:CONTROLLED,0:N/A,,,leave_no_sos_reports,"controlled by this person, but no SOS e-filed reports (files with a local filing officer): confirming would load no data and would show 'data pending' for ever"
b93aa5f0-8b65-471e-ab93-f2e2ec62aad2,b13891ed-faa2-481b-b773-7d0f0c2f6bbf,Suely Saro,Councilmember,1458520,SARO FOR LONG BEACH CITY COUNCIL 2024; SUELY,SARO FOR LONG BEACH CITY COUNCIL 2024; SUELY,562,TERMINATED 05/31/2024,40002:CONTROLLED,0:N/A,,,leave_no_sos_reports,"controlled by this person, but no SOS e-filed reports (files with a local filing officer): confirming would load no data and would show 'data pending' for ever"
93f3b23e-eddd-4f49-a717-47e2e6ab47a9,555e463f-ad3c-4043-a9ed-c5ac16c8649f,Suzy Kim,,1488000,KIM FOR MAYOR 2026; COMMITTEE TO ELECT SUZY,KIM FOR MAYOR 2026; COMMITTEE TO ELECT SUZY,818,ACTIVE,40002:CONTROLLED,0:N/A,,,leave_no_sos_reports,"controlled by this person, but no SOS e-filed reports (files with a local filing officer): confirming would load no data and would show 'data pending' for ever"
7574c2de-beb5-4fa2-b99b-d51f8ef9ff4a,ea6f7109-6067-4a48-bbdf-2a8b9cffe05f,Tamala Takahashi,Mayor,1426418,TAKAHASHI FOR CITY COUNCIL 2020; TAMALA,TAKAHASHI FOR CITY COUNCIL 2020; TAMALA,916,TERMINATED 12/31/2020,40002:CONTROLLED,0:N/A,,,leave_no_sos_reports,"controlled by this person, but no SOS e-filed reports (files with a local filing officer): confirming would load no data and would show 'data pending' for ever"
02fbbecb-7a8d-4d3b-87ee-e8fa06d167ec,ea6f7109-6067-4a48-bbdf-2a8b9cffe05f,Tamala Takahashi,Mayor,1448296,TAKAHASHI FOR CITY COUNCIL 2022; TAMALA,TAKAHASHI FOR CITY COUNCIL 2022; TAMALA,916,TERMINATED 03/30/2023,40002:CONTROLLED,0:N/A,,,leave_no_sos_reports,"controlled by this person, but no SOS e-filed reports (files with a local filing officer): confirming would load no data and would show 'data pending' for ever"
1e3f0ea2-2f41-489f-89bf-e3b276993f94,3a39c313-b994-447b-b3fd-592e4994769b,Ted W. Lieu,Representative,1280888,"LIEU FOR ASSEMBLY 2006, TED","LIEU FOR ASSEMBLY 2006, TED",818,TERMINATED 10/18/2008,40002:CONTROLLED,0:N/A,TED LIEU,"F460 x24, F497 x105",confirm,"Cal-Access bulk export (2026-09-23): category CONTROLLED; controlling candidate TED LIEU (FILER_LINKS_CD / Form 460 cover); SOS e-filed reports F460 x24, F497 x105."
c340dc92-720e-48e6-8367-d330c5608436,3a39c313-b994-447b-b3fd-592e4994769b,Ted W. Lieu,Representative,1293239,"LIEU FOR ASSEMBLY 2008, TED","LIEU FOR ASSEMBLY 2008, TED",818,TERMINATED 12/31/2008,40002:CONTROLLED,0:N/A,TED LIEU,"F460 x20, F497 x101",confirm,"Cal-Access bulk export (2026-09-23): category CONTROLLED; controlling candidate TED LIEU (FILER_LINKS_CD / Form 460 cover); SOS e-filed reports F460 x20, F497 x101."
de4a8b8d-43a8-4ab1-9070-4ae0824c979b,3a39c313-b994-447b-b3fd-592e4994769b,Ted W. Lieu,Representative,1277916,"LIEU FOR ASSEMBLY, TED","LIEU FOR ASSEMBLY, TED",818,TERMINATED 03/13/2007,40002:CONTROLLED,0:N/A,TED LIEU,"F460 x13, F497 x60",confirm,"Cal-Access bulk export (2026-09-23): category CONTROLLED; controlling candidate TED LIEU (FILER_LINKS_CD / Form 460 cover); SOS e-filed reports F460 x13, F497 x60."
e9fa9fe3-b806-43bf-8465-382ab2af20ad,3a39c313-b994-447b-b3fd-592e4994769b,Ted W. Lieu,Representative,1314048,"LIEU 2010, FRIENDS OF TED","LIEU FOR ATTORNEY GENERAL 2010, TED",916,TERMINATED 12/31/2012,40002:CONTROLLED,0:N/A,TED LIEU; Ted W. Lieu,"F460 x22, F497 x112",confirm,"Cal-Access bulk export (2026-09-23): category CONTROLLED; controlling candidate TED LIEU; Ted W. Lieu (FILER_LINKS_CD / Form 460 cover); SOS e-filed reports F460 x22, F497 x112."
26b19f71-620c-42cb-b849-bb27d7d817b3,3a39c313-b994-447b-b3fd-592e4994769b,Ted W. Lieu,Representative,1333752,"LIEU FOR STATE SENATE 2014, TED","LIEU FOR SENATE 2014, TED",323,TERMINATED 06/30/2016,40002:CONTROLLED,0:N/A,TED LIEU; Ted W. Lieu,"F460 x29, F497 x44",confirm,"Cal-Access bulk export (2026-09-23): category CONTROLLED; controlling candidate TED LIEU; Ted W. Lieu (FILER_LINKS_CD / Form 460 cover); SOS e-filed reports F460 x29, F497 x44."
bb2d8aad-7bda-471f-b801-726d64dc35d8,3a39c313-b994-447b-b3fd-592e4994769b,Ted W. Lieu,Representative,1334437,"LIEU FOR STATE SENATE 2011, TED","LIEU FOR STATE SENATE 2011, TED",916,TERMINATED 12/31/2012,40002:CONTROLLED,0:N/A,TED LIEU; Ted W. Lieu,"F460 x14, F497 x64",confirm,"Cal-Access bulk export (2026-09-23): category CONTROLLED; controlling candidate TED LIEU; Ted W. Lieu (FILER_LINKS_CD / Form 460 cover); SOS e-filed reports F460 x14, F497 x64."
5e4bdce1-624b-4a4b-af5f-5106a00df547,3a39c313-b994-447b-b3fd-592e4994769b,Ted W. Lieu,Representative,1237029,"LIEU, COMMITTEE TO ELECT TED","LIEU, COMMITTEE TO ELECT TED",818,TERMINATED 12/31/2004,40002:CONTROLLED,0:N/A,,,leave_no_sos_reports,"controlled by this person, but no SOS e-filed reports (files with a local filing officer): confirming would load no data and would show 'data pending' for ever"
71e85ba5-d92a-4c2a-84e7-b82328aeb92a,3a39c313-b994-447b-b3fd-592e4994769b,Ted W. Lieu,Representative,1249404,"LIEU, FRIENDS OF TED","LIEU, FRIENDS OF TED",818,TERMINATED 07/30/2005,40002:CONTROLLED,0:N/A,,,leave_no_sos_reports,"controlled by this person, but no SOS e-filed reports (files with a local filing officer): confirming would load no data and would show 'data pending' for ever"
702f4423-0b7d-4b40-8fc2-a0882853c6bb,9e7f9ff8-24d7-4ab3-b09b-c9adf823a602,Terry Ragins,,1236995,"RAGINS 2011 BOARD OF EDUCATION, COMMITTEE TO ELECT TERRY","RAGINS 2011 BOARD OF EDUCATION, COMMITTEE TO ELECT TERRY",310,TERMINATED 01/31/2012,40002:CONTROLLED,0:N/A,,,leave_no_sos_reports,"controlled by this person, but no SOS e-filed reports (files with a local filing officer): confirming would load no data and would show 'data pending' for ever"
3bb7336b-529e-4b09-8d02-c8f7547478d1,63dae673-c615-47b5-9ae1-6dab5a0cc6d0,Thomas Wong,Council Member,1452656,WONG FOR HAYWARD SCHOOL BOARD 2022; TOM,WONG FOR HAYWARD SCHOOL BOARD 2022; TOM,510,TERMINATED 03/26/2023,40002:CONTROLLED,0:N/A,,,leave_no_sos_reports,"controlled by this person, but no SOS e-filed reports (files with a local filing officer): confirming would load no data and would show 'data pending' for ever"
3d2e3ffb-629f-4bd0-b373-55a7d8f401b7,e562016e-d672-4e8a-a870-c0de2cbff0f5,Timothy Hepburn,Council Member (District 4),1384392,HEPBURN - MAYOR 2017; TIMOTHY J,HEPBURN - MAYOR 2017; TIMOTHY J,909,TERMINATED 04/25/2017,40002:CONTROLLED,0:N/A,,,leave_no_sos_reports,"controlled by this person, but no SOS e-filed reports (files with a local filing officer): confirming would load no data and would show 'data pending' for ever"
7f399fd4-bccd-4432-961c-6a5c8deb8795,e562016e-d672-4e8a-a870-c0de2cbff0f5,Timothy Hepburn,Council Member (District 4),1418733,HEPBURN MAYOR 2020; TIMOTHY,HEPBURN MAYOR 2020; TIMOTHY,909,TERMINATED 06/15/2020,40002:CONTROLLED,0:N/A,,,leave_no_sos_reports,"controlled by this person, but no SOS e-filed reports (files with a local filing officer): confirming would load no data and would show 'data pending' for ever"
08323d25-d33a-43f1-bb1c-e1cf59e4542a,e509b170-f6dc-461e-9946-8eb471968a81,Todd Rogers,Mayor,1366464,"ROGERS FOR SHERIFF 2014, FRIENDS TO SUPPORT TODD","ROGERS FOR SHERIFF 2014, FRIENDS TO SUPPORT TODD",310,TERMINATED 12/31/2014,0:N/A,40102:PRIMARILY FORMED CANDIDATE,,,dispute_pf,"Cal-Access category PRIMARILY FORMED CANDIDATE: an independent committee that supports or opposes this person, not a committee they control; its money is not their fundraising."
c284f0a7-29a0-458a-bbaf-c1ec18e23770,a89f2105-4692-4010-8264-2cf45a14545d,Tom Chavez,Council Member,1355008,"CHAVEZ CITY COUNCIL 2013, COMMITTEE TO RE-ELECT TOM","CHAVEZ CITY COUNCIL 2013, COMMITTEE TO RE-ELECT TOM",626,TERMINATED 06/30/2013,40002:CONTROLLED,0:N/A,,,leave_no_sos_reports,"controlled by this person, but no SOS e-filed reports (files with a local filing officer): confirming would load no data and would show 'data pending' for ever"
a8332cc5-9c19-4b6a-95ed-2f42b1ba0329,a89f2105-4692-4010-8264-2cf45a14545d,Tom Chavez,Council Member,1486778,"CHAVEZ FOR CITY COUNCIL, 2026; RE-ELECT TOM","CHAVEZ FOR CITY COUNCIL, 2026; RE-ELECT TOM",626,TERMINATED 03/03/2026,40002:CONTROLLED,0:N/A,,,leave_no_sos_reports,"controlled by this person, but no SOS e-filed reports (files with a local filing officer): confirming would load no data and would show 'data pending' for ever"
8eb82efd-ce95-4948-a9af-206e5b06cccf,a89f2105-4692-4010-8264-2cf45a14545d,Tom Chavez,Council Member,1314574,"CHAVEZ, COMMITTEE TO ELECT TOM","CHAVEZ, COMMITTEE TO ELECT TOM",626,TERMINATED 06/30/2009,40002:CONTROLLED,0:N/A,,,leave_no_sos_reports,"controlled by this person, but no SOS e-filed reports (files with a local filing officer): confirming would load no data and would show 'data pending' for ever"
456f205a-c8a9-4e0d-a737-5bfe7f1b7bc0,e8bdd8a7-a1b2-43e3-afd4-df975980819e,Tom Lackey,Assembly Member,1346065,"LACKEY FOR ASSEMBLY 2012, TOM","LACKEY FOR ASSEMBLY 2012, TOM",661,TERMINATED 07/24/2012,40002:CONTROLLED,0:N/A,TOM LACKEY; Thomas Lackey,"F460 x4, F497 x7",confirm,"Cal-Access bulk export (2026-09-23): category CONTROLLED; controlling candidate TOM LACKEY; Thomas Lackey (FILER_LINKS_CD / Form 460 cover); SOS e-filed reports F460 x4, F497 x7."
cbfce697-f064-4783-ae5c-1c0d5f43bef2,e8bdd8a7-a1b2-43e3-afd4-df975980819e,Tom Lackey,Assembly Member,1477470,LACKEY FOR BOARD OF EQUALIZATION 2026; TOM,LACKEY FOR BOARD OF EQUALIZATION 2026; TOM,209,TERMINATED 06/30/2026,40002:CONTROLLED,0:N/A,TOM LACKEY; Thomas Lackey,"F460 x4, F497 x1",confirm,"Cal-Access bulk export (2026-09-23): category CONTROLLED; controlling candidate TOM LACKEY; Thomas Lackey (FILER_LINKS_CD / Form 460 cover); SOS e-filed reports F460 x4, F497 x1."
70baad4d-ca70-4d56-82cc-2f6c59f97744,e8bdd8a7-a1b2-43e3-afd4-df975980819e,Tom Lackey,Assembly Member,1359327,"LACKEY FOR PALMDALE CITY COUNCIL 2013, TOM","LACKEY FOR PALMDALE CITY COUNCIL 2013, TOM",661,TERMINATED 03/07/2014,40002:CONTROLLED,0:N/A,TOM LACKEY,,leave_no_sos_reports,"controlled by this person, but no SOS e-filed reports (files with a local filing officer): confirming would load no data and would show 'data pending' for ever"
f59c95be-0b6b-4355-98bd-28171852f3b9,e8bdd8a7-a1b2-43e3-afd4-df975980819e,Tom Lackey,Assembly Member,1279259,"LACKEY FOR PALMDALE CITY COUNCIL, TOM","LACKEY FOR PALMDALE CITY COUNCIL, TOM",661,TERMINATED 07/21/2006,40002:CONTROLLED,0:N/A,,,leave_no_sos_reports,"controlled by this person, but no SOS e-filed reports (files with a local filing officer): confirming would load no data and would show 'data pending' for ever"
e4f3505e-303c-4ca4-9b65-f1f25685e8a5,e8bdd8a7-a1b2-43e3-afd4-df975980819e,Tom Lackey,Assembly Member,1308920,"LACKEY, TAXPAYERS FOR TOM","LACKEY, TAXPAYERS FOR TOM",940,TERMINATED 06/30/2010,40002:CONTROLLED,0:N/A,,,leave_no_sos_reports,"controlled by this person, but no SOS e-filed reports (files with a local filing officer): confirming would load no data and would show 'data pending' for ever"
4debba49-de57-4915-898b-2d94ab9dafc7,863ef272-ea35-482b-aee2-447c06bd469d,Tony Strickland,Senator,1466874,STRICKLAND FOR CENTRAL COMMITTEE 2024; TONY,STRICKLAND FOR CENTRAL COMMITTEE 2024; TONY,805,ACTIVE,40002:CONTROLLED,0:N/A,TONY STRICKLAND,F460 x11,confirm,Cal-Access bulk export (2026-09-23): category CONTROLLED; controlling candidate TONY STRICKLAND (FILER_LINKS_CD / Form 460 cover); SOS e-filed reports F460 x11.
a6572654-305d-4dcf-9c9b-c3acdc846640,863ef272-ea35-482b-aee2-447c06bd469d,Tony Strickland,Senator,1441848,STRICKLAND FOR HB CITY COUNCIL 2022; TONY,STRICKLAND FOR HB CITY COUNCIL 2026; TONY,805,ACTIVE,40002:CONTROLLED,0:N/A,TONY STRICKLAND,F460 x11,confirm,Cal-Access bulk export (2026-09-23): category CONTROLLED; controlling candidate TONY STRICKLAND (FILER_LINKS_CD / Form 460 cover); SOS e-filed reports F460 x11.
0f5ad76d-217e-4190-832b-8143ad9f9a98,863ef272-ea35-482b-aee2-447c06bd469d,Tony Strickland,Senator,1477792,STRICKLAND FOR SENATE 2025; CALIFORNIA LEADERSHIP COALITION - IN SUPPORT OF TONY,STRICKLAND FOR SENATE 2025; CALIFORNIA LEADERSHIP COALITION - IN SUPPORT OF TONY,619,TERMINATED 03/07/2025,0:N/A,40102:PRIMARILY FORMED CANDIDATE,,,dispute_pf,"Cal-Access category PRIMARILY FORMED CANDIDATE: an independent committee that supports or opposes this person, not a committee they control; its money is not their fundraising."
b2d5883f-f1fa-4f37-a3f0-ed80a6cd98cc,863ef272-ea35-482b-aee2-447c06bd469d,Tony Strickland,Senator,1476971,STRICKLAND FOR SENATE 2025; TONY,STRICKLAND FOR SENATE 2025; TONY,805,TERMINATED 05/07/2025,40002:CONTROLLED,0:N/A,TONY STRICKLAND,"F460 x6, F497 x46",confirm,"Cal-Access bulk export (2026-09-23): category CONTROLLED; controlling candidate TONY STRICKLAND (FILER_LINKS_CD / Form 460 cover); SOS e-filed reports F460 x6, F497 x46."
91c1345e-bd07-4b6b-9cb4-2c6939b9efc4,863ef272-ea35-482b-aee2-447c06bd469d,Tony Strickland,Senator,1467958,STRICKLAND FOR SENATE 2026; TONY,STRICKLAND FOR SENATE 2026; TONY,805,ACTIVE,40002:CONTROLLED,0:N/A,TONY STRICKLAND,"F460 x11, F497 x175",confirm,"Cal-Access bulk export (2026-09-23): category CONTROLLED; controlling candidate TONY STRICKLAND (FILER_LINKS_CD / Form 460 cover); SOS e-filed reports F460 x11, F497 x175."
662c0d25-87e2-4419-abf8-ef21564f76a1,863ef272-ea35-482b-aee2-447c06bd469d,Tony Strickland,Senator,1314562,"STRICKLAND SENATE 2012, TONY","STRICKLAND SENATE 2012, TONY",805,TERMINATED 03/22/2013,40002:CONTROLLED,0:N/A,TONY STRICKLAND,"F460 x13, F497 x71",confirm,"Cal-Access bulk export (2026-09-23): category CONTROLLED; controlling candidate TONY STRICKLAND (FILER_LINKS_CD / Form 460 cover); SOS e-filed reports F460 x13, F497 x71."
38c6ef42-bf9a-4ee2-8d21-3c5ffb8a1a4f,f8808ac0-8a9d-4657-8bf7-2ae60d96399c,Tony Thurmond,Superintendent of Public Instruction,1355575,"THURMOND FOR ASSEMBLY 2014, TONY","THURMOND FOR ASSEMBLY 2014, TONY",510,TERMINATED 03/09/2015,40002:CONTROLLED,0:N/A,TONY THURMOND,"F460 x12, F497 x100",confirm,"Cal-Access bulk export (2026-09-23): category CONTROLLED; controlling candidate TONY THURMOND (FILER_LINKS_CD / Form 460 cover); SOS e-filed reports F460 x12, F497 x100."
a1f6eae5-b580-454a-91c4-8bf888201a57,f8808ac0-8a9d-4657-8bf7-2ae60d96399c,Tony Thurmond,Superintendent of Public Instruction,1373771,THURMOND FOR ASSEMBLY 2016; TONY,THURMOND FOR ASSEMBLY 2016; TONY,510,TERMINATED 12/31/2016,40002:CONTROLLED,0:N/A,TONY THURMOND,"F460 x12, F497 x120",confirm,"Cal-Access bulk export (2026-09-23): category CONTROLLED; controlling candidate TONY THURMOND (FILER_LINKS_CD / Form 460 cover); SOS e-filed reports F460 x12, F497 x120."
6a1c39d4-6d87-4ba7-bbc5-63a540f28d19,f8808ac0-8a9d-4657-8bf7-2ae60d96399c,Tony Thurmond,Superintendent of Public Instruction,1392488,THURMOND FOR ASSEMBLY 2018; TONY,THURMOND FOR ASSEMBLY 2018; TONY,510,TERMINATED 08/31/2018,40002:CONTROLLED,0:N/A,TONY THURMOND,"F460 x10, F497 x15",confirm,"Cal-Access bulk export (2026-09-23): category CONTROLLED; controlling candidate TONY THURMOND (FILER_LINKS_CD / Form 460 cover); SOS e-filed reports F460 x10, F497 x15."
72193d94-bb7e-42ad-b48c-1c34541cb287,f8808ac0-8a9d-4657-8bf7-2ae60d96399c,Tony Thurmond,Superintendent of Public Instruction,1296272,"THURMOND FOR ASSEMBLY, TONY","THURMOND FOR ASSEMBLY, TONY",510,TERMINATED 06/15/2010,40002:CONTROLLED,0:N/A,TONY THURMOND,"F460 x13, F497 x34",confirm,"Cal-Access bulk export (2026-09-23): category CONTROLLED; controlling candidate TONY THURMOND (FILER_LINKS_CD / Form 460 cover); SOS e-filed reports F460 x13, F497 x34."
bec78e4d-0ea9-434c-8a95-28d29f207049,f8808ac0-8a9d-4657-8bf7-2ae60d96399c,Tony Thurmond,Superintendent of Public Instruction,1461509,THURMOND FOR GOVERNOR 2026; TONY,THURMOND FOR GOVERNOR 2026; TONY,510,TERMINATED 06/30/2026,40002:CONTROLLED,0:N/A,TONY THURMOND,"F460 x21, F497 x76",confirm,"Cal-Access bulk export (2026-09-23): category CONTROLLED; controlling candidate TONY THURMOND (FILER_LINKS_CD / Form 460 cover); SOS e-filed reports F460 x21, F497 x76."
ac5b6d7f-8da5-4657-9a5e-4613e923c18c,f8808ac0-8a9d-4657-8bf7-2ae60d96399c,Tony Thurmond,Superintendent of Public Instruction,1310055,"THURMOND FOR SCHOOL BOARD, TONY","THURMOND FOR SCHOOL BOARD, TONY",510,TERMINATED 08/06/2013,40002:CONTROLLED,0:N/A,Tony Thurmond,"F460 x7, F497 x2",confirm,"Cal-Access bulk export (2026-09-23): category CONTROLLED; controlling candidate Tony Thurmond (FILER_LINKS_CD / Form 460 cover); SOS e-filed reports F460 x7, F497 x2."
839f059d-f4b4-48a0-8f96-18baa1c7cff3,f8808ac0-8a9d-4657-8bf7-2ae60d96399c,Tony Thurmond,Superintendent of Public Instruction,1318438,"THURMOND FOR SENATE 2009 EXPLORATORY COMMITTEE, TONY","THURMOND FOR SENATE 2009 EXPLORATORY COMMITTEE, TONY",510,TERMINATED 12/31/2009,40002:CONTROLLED,0:N/A,TONY THURMOND,F460 x1,confirm,Cal-Access bulk export (2026-09-23): category CONTROLLED; controlling candidate TONY THURMOND (FILER_LINKS_CD / Form 460 cover); SOS e-filed reports F460 x1.
5001c7cf-094c-4b0f-9a39-1369ce42005a,f8808ac0-8a9d-4657-8bf7-2ae60d96399c,Tony Thurmond,Superintendent of Public Instruction,1405429,THURMOND FOR SUPERINTENDENT OF PUBLIC INSTRUCTION 2018 SPONSORED BY TEACHERS ORGANIZATIONS; EDUCATORS SUPPORTING TONY,"THURMOND FOR SUPERINTENDENT OF PUBLIC INSTRUCTION 2018, SPONSORED BY TEACHERS AND SCHOOL EMPLOYEE ORGANIZATIONS; EDUCATORS SUPPORTING TONY",916,TERMINATED 04/30/2019,0:N/A,40102:PRIMARILY FORMED CANDIDATE,Tony Thurmond,"F460 x7, F497 x32",dispute_pf,"Cal-Access category PRIMARILY FORMED CANDIDATE: an independent committee that supports or opposes this person, not a committee they control; its money is not their fundraising."
2e695fb8-7760-4dc4-b39e-fd0edf2d2ad6,f8808ac0-8a9d-4657-8bf7-2ae60d96399c,Tony Thurmond,Superintendent of Public Instruction,1448022,"THURMOND FOR SUPERINTENDENT OF PUBLIC INSTRUCTION 2022, SPONSORED BY TEACHER, SCHOOL EMPLOYEE AND LABOR ORGANIZATIONS; CALIFORNIANS SUPPORTING TONY","THURMOND FOR SUPERINTENDENT OF PUBLIC INSTRUCTION 2022, SPONSORED BY TEACHER, SCHOOL EMPLOYEE AND LABOR ORGANIZATIONS; CALIFORNIANS SUPPORTING TONY",916,TERMINATED 03/07/2023,0:N/A,40102:PRIMARILY FORMED CANDIDATE,Tony Thurmond,"F460 x9, F497 x10",dispute_pf,"Cal-Access category PRIMARILY FORMED CANDIDATE: an independent committee that supports or opposes this person, not a committee they control; its money is not their fundraising."
250e7300-1cab-43d5-b902-70bbdcf602a0,f8808ac0-8a9d-4657-8bf7-2ae60d96399c,Tony Thurmond,Superintendent of Public Instruction,1460345,THURMOND SUPERINTENDENT OF PUBLIC INSTRUCTION 2022 OFFICEHOLDER ACCOUNT; TONY,THURMOND SUPERINTENDENT OF PUBLIC INSTRUCTION 2022 OFFICEHOLDER ACCOUNT; TONY,510,ACTIVE,40002:CONTROLLED,0:N/A,Tony Thurmond,"F460 x13, F497 x5",confirm,"Cal-Access bulk export (2026-09-23): category CONTROLLED; controlling candidate Tony Thurmond (FILER_LINKS_CD / Form 460 cover); SOS e-filed reports F460 x13, F497 x5."
5c54e6ad-3ef2-43a7-a64c-9c49e1ce4e78,f8808ac0-8a9d-4657-8bf7-2ae60d96399c,Tony Thurmond,Superintendent of Public Instruction,1268709,"THURMOND, COMMITTEE TO ELECT TONY","THURMOND, COMMITTEE TO ELECT TONY",510,TERMINATED 06/01/2011,40002:CONTROLLED,0:N/A,Tony Thurmond,F460 x10,confirm,Cal-Access bulk export (2026-09-23): category CONTROLLED; controlling candidate Tony Thurmond (FILER_LINKS_CD / Form 460 cover); SOS e-filed reports F460 x10.
9e171375-d638-44a2-942d-a710c36ecff8,d0977350-df68-4cfe-822e-816ba13f9213,Traci Park,Council Member,1449034,PARK FOR CITY COUNCIL 2022 - GENERAL; TRACI,PARK FOR CITY COUNCIL 2022 - GENERAL; TRACI,323,ACTIVE,40002:CONTROLLED,0:N/A,,,leave_no_sos_reports,"controlled by this person, but no SOS e-filed reports (files with a local filing officer): confirming would load no data and would show 'data pending' for ever"
c57ee551-1caf-41b2-b98b-4222144cf8ca,d0977350-df68-4cfe-822e-816ba13f9213,Traci Park,Council Member,1439296,PARK FOR CITY COUNCIL 2022 - OFFICEHOLDER ACCOUNT; TRACI,PARK FOR CITY COUNCIL 2022 - OFFICEHOLDER ACCOUNT; TRACI,323,ACTIVE,40002:CONTROLLED,0:N/A,,,leave_no_sos_reports,"controlled by this person, but no SOS e-filed reports (files with a local filing officer): confirming would load no data and would show 'data pending' for ever"
7706dafc-2cfb-4a2a-94d4-51f74c0b5449,d0977350-df68-4cfe-822e-816ba13f9213,Traci Park,Council Member,1447771,"PARK FOR CITY COUNCIL 2022; RESIDENTS, LOCAL BUSINESSES, AND PUBLIC SAFETY ORGANIZATIONS FOR SAFER AND CLEANER NEIGHBORHOODS -- SUPPORTING TRACI","PARK FOR CITY COUNCIL 2022; RESIDENTS, LOCAL BUSINESSES, AND PUBLIC SAFETY ORGANIZATIONS FOR SAFER AND CLEANER NEIGHBORHOODS -- SUPPORTING TRACI",213,TERMINATED 12/31/2022,0:N/A,40102:PRIMARILY FORMED CANDIDATE,,,dispute_pf,"Cal-Access category PRIMARILY FORMED CANDIDATE: an independent committee that supports or opposes this person, not a committee they control; its money is not their fundraising."
0519dcf5-33aa-4b9e-9485-79917c2d104f,d0977350-df68-4cfe-822e-816ba13f9213,Traci Park,Council Member,1442937,PARK FOR SAFE COUNCIL DISTRICT 11 2022; TRACI,PARK FOR SAFE COUNCIL DISTRICT 11 2022; TRACI,310,TERMINATED 10/22/2022,0:N/A,40102:PRIMARILY FORMED CANDIDATE,,,dispute_pf,"Cal-Access category PRIMARILY FORMED CANDIDATE: an independent committee that supports or opposes this person, not a committee they control; its money is not their fundraising."
cf123825-de68-4952-a7ff-c4f64355768b,d0977350-df68-4cfe-822e-816ba13f9213,Traci Park,Council Member,1481224,"PARK TO FIX HOMELESSNESS FOR LA CITY COUNCIL DISTRICT 11, 2026; RE-ELECT TRACI","PARK TO FIX HOMELESSNESS FOR LA CITY COUNCIL DISTRICT 11, 2026; RE-ELECT TRACI",213,ACTIVE,0:N/A,40102:PRIMARILY FORMED CANDIDATE,,,dispute_pf,"Cal-Access category PRIMARILY FORMED CANDIDATE: an independent committee that supports or opposes this person, not a committee they control; its money is not their fundraising."
5b6720ef-8b63-46a5-8433-8561ee9fc11a,f7826942-64bb-41bf-9588-407a2bc11e31,Tyron Hampton,Council Member,1464923,HAMPTON FOR CITY COUNCIL 2024; TYRON,HAMPTON FOR CITY COUNCIL 2024; TYRON,626,ACTIVE,40002:CONTROLLED,0:N/A,,,leave_no_sos_reports,"controlled by this person, but no SOS e-filed reports (files with a local filing officer): confirming would load no data and would show 'data pending' for ever"
11f63681-4a33-49ec-a46b-36dcd0ea7beb,f7826942-64bb-41bf-9588-407a2bc11e31,Tyron Hampton,Council Member,1355013,"HAMPTON FOR SCHOOL BOARD 2013, FRIENDS OF TYRON","HAMPTON FOR SCHOOL BOARD 2013, FRIENDS OF TYRON",626,TERMINATED 12/20/2013,40002:CONTROLLED,0:N/A,,,leave_no_sos_reports,"controlled by this person, but no SOS e-filed reports (files with a local filing officer): confirming would load no data and would show 'data pending' for ever"
76b9f1a4-b1c2-4029-9f63-b9cecba80dcd,dc7f4747-abc2-4a1a-8d65-c1d4d5b609d2,Valerie Munoz,Mayor,1362861,"MUNOZ FOR LA PUENTE CITY COUNCIL 2014, VALERIE","MUNOZ FOR LA PUENTE CITY COUNCIL 2014, VALERIE",626,TERMINATED 09/30/2014,40002:CONTROLLED,0:N/A,,,leave_no_sos_reports,"controlled by this person, but no SOS e-filed reports (files with a local filing officer): confirming would load no data and would show 'data pending' for ever"
8932605a-869f-4af1-aa17-1b28b9563e5b,a223d51d-7077-4d9d-98b0-bcfafabbbc71,Vartan Gharpetian,Councilmember,1363934,"GHARPETIAN FOR GLENDALE CITY COUNCIL 2014, VARTAN","GHARPETIAN FOR GLENDALE CITY COUNCIL 2015, VARTAN",818,ACTIVE,40002:CONTROLLED,0:N/A,,,leave_no_sos_reports,"controlled by this person, but no SOS e-filed reports (files with a local filing officer): confirming would load no data and would show 'data pending' for ever"
f8917570-0491-45e8-b180-b181e2c20ce5,a223d51d-7077-4d9d-98b0-bcfafabbbc71,Vartan Gharpetian,Councilmember,1465250,GHARPETIAN FOR GLENDALE CITY COUNCIL 2024; VARTAN,GHARPETIAN FOR GLENDALE CITY COUNCIL 2024; VARTAN,818,ACTIVE,40002:CONTROLLED,0:N/A,,,leave_no_sos_reports,"controlled by this person, but no SOS e-filed reports (files with a local filing officer): confirming would load no data and would show 'data pending' for ever"
9fb63972-452f-47f4-95c1-e824ff28032e,a223d51d-7077-4d9d-98b0-bcfafabbbc71,Vartan Gharpetian,Councilmember,1313629,"GHARPETIAN FOR GLENDALE CITY COUNCIL, VARTAN","GHARPETIAN FOR GLENDALE CITY COUNCIL, VARTAN",818,TERMINATED 06/30/2010,40002:CONTROLLED,0:N/A,,,leave_no_sos_reports,"controlled by this person, but no SOS e-filed reports (files with a local filing officer): confirming would load no data and would show 'data pending' for ever"
db0d515f-3d0b-4af7-9437-9e7c5b6a500e,058007b1-7493-4a2f-a37a-93174fea961e,Velveth Schmitz,Council Member,1379468,SCHMITZ TO CITY COUNCIL 2015; COMMITTEE TO ELECT VELVETH,SCHMITZ TO CITY COUNCIL 2015; COMMITTEE TO ELECT VELVETH,310,TERMINATED 01/08/2016,40002:CONTROLLED,0:N/A,,,leave_no_sos_reports,"controlled by this person, but no SOS e-filed reports (files with a local filing officer): confirming would load no data and would show 'data pending' for ever"
6ee981bc-c35e-4a46-8352-4f558fcda985,2ce5f5a8-21f3-4a82-8df1-b7a5980e5a01,Victor Linares,Council Member,1392476,LINARES FOR CITY COUNCIL 2017; VICTOR,LINARES FOR CITY COUNCIL 2017; VICTOR,626,TERMINATED 12/31/2021,40002:CONTROLLED,0:N/A,,,leave_no_sos_reports,"controlled by this person, but no SOS e-filed reports (files with a local filing officer): confirming would load no data and would show 'data pending' for ever"
b225d432-26a0-4b61-8d69-b2e106f590c4,2ce5f5a8-21f3-4a82-8df1-b7a5980e5a01,Victor Linares,Council Member,1484082,LINARES FOR CITY COUNCIL 2026; VICTOR,LINARES FOR CITY COUNCIL 2026; VICTOR,626,ACTIVE,40002:CONTROLLED,0:N/A,,,leave_no_sos_reports,"controlled by this person, but no SOS e-filed reports (files with a local filing officer): confirming would load no data and would show 'data pending' for ever"
13b73e54-8300-4ae7-93d7-29804af0c373,447ef220-cb9e-4ade-aba8-9dea87ed9931,Victor M. Gordo,Mayor,1461537,GORDO FOR MAYOR 2024; VICTOR,GORDO FOR MAYOR 2024; VICTOR,626,ACTIVE,40002:CONTROLLED,0:N/A,,,leave_no_sos_reports,"controlled by this person, but no SOS e-filed reports (files with a local filing officer): confirming would load no data and would show 'data pending' for ever"
2f4b312f-29cf-4bc7-9b5b-01cea46ed1f0,56cecf7c-6de0-440f-b8e2-34945ec52333,Victor Preciado,Council Member,1403059,PRECIADO POMONA CITY COUNCIL DISTRICT 2 2018; VICTOR,PRECIADO FOR CITY COUNCIL 2026; VICTOR,909,ACTIVE,40002:CONTROLLED,0:N/A,,,leave_no_sos_reports,"controlled by this person, but no SOS e-filed reports (files with a local filing officer): confirming would load no data and would show 'data pending' for ever"
db34e11b-babe-4cda-9ec6-aaf39fb6c44f,56cecf7c-6de0-440f-b8e2-34945ec52333,Victor Preciado,Council Member,1413710,PRECIADO FOR POMONA CITY COUNCIL 2018; CALIFORNIA TAXPAYERS FOR ACCOUNTABILITY TO SUPPORT VICTOR,PRECIADO FOR POMONA CITY COUNCIL 2018; CALIFORNIA TAXPAYERS FOR ACCOUNTABILITY TO SUPPORT VICTOR,916,ACTIVE,0:N/A,40102:PRIMARILY FORMED CANDIDATE,,,dispute_pf,"Cal-Access category PRIMARILY FORMED CANDIDATE: an independent committee that supports or opposes this person, not a committee they control; its money is not their fundraising."
538fe1ff-eb6a-4948-bb2a-4accf998bd69,4c9d644a-d849-41c0-bd44-171d0d1c7b41,Vilma Cuellar Stallings,Council Member,1422475,STALLINGS FOR PARAMOUNT CITY COUNCIL 2020; COMMITTEE TO ELECT VILMA CUELLAR,STALLINGS FOR PARAMOUNT CITY COUNCIL 2020; COMMITTEE TO ELECT VILMA CUELLAR,562,TERMINATED 04/25/2020,40002:CONTROLLED,0:N/A,,,leave_no_sos_reports,"controlled by this person, but no SOS e-filed reports (files with a local filing officer): confirming would load no data and would show 'data pending' for ever"
1d9ad6ed-67d8-4af0-8f9c-78843afe0666,4c9d644a-d849-41c0-bd44-171d0d1c7b41,Vilma Cuellar Stallings,Council Member,1462991,STALLINGS FOR PARAMOUNT CITY COUNCIL 2024; COMMITTEE TO ELECT VILMA CUELLAR,STALLINGS FOR PARAMOUNT CITY COUNCIL 2024; COMMITTEE TO ELECT VILMA CUELLAR,562,ACTIVE,40002:CONTROLLED,0:N/A,,,leave_no_sos_reports,"controlled by this person, but no SOS e-filed reports (files with a local filing officer): confirming would load no data and would show 'data pending' for ever"
5dabc701-04a5-470e-8b0c-4ee7eec511cc,4bc0840f-a922-4d10-88ee-ef0f6c883af5,Vincent Yu,Council Member,1314978,"YU, FRIENDS OF VINCENT","YU, FRIENDS OF VINCENT",626,TERMINATED 06/30/2009,40002:CONTROLLED,0:N/A,,,leave_no_sos_reports,"controlled by this person, but no SOS e-filed reports (files with a local filing officer): confirming would load no data and would show 'data pending' for ever"
52f42b04-cfbf-41e4-92f2-6e4985e9f9bf,661de009-8046-4beb-ba70-420a862e78e8,Vivian Malauulu,,1479357,MALAUULU FOR CITY COUNCIL 2026; VIVIAN,MALAUULU FOR CITY COUNCIL 2026; VIVIAN,562,ACTIVE,40002:CONTROLLED,0:N/A,,,leave_no_sos_reports,"controlled by this person, but no SOS e-filed reports (files with a local filing officer): confirming would load no data and would show 'data pending' for ever"
17b4c327-d320-493a-a21a-986c74ce5a8a,661de009-8046-4beb-ba70-420a862e78e8,Vivian Malauulu,,1485010,MALAUULU FOR LONG BEACH CITY COUNCIL 2026; FRIENDS OF VIVIAN,MALAUULU FOR LONG BEACH CITY COUNCIL 2026; FRIENDS OF VIVIAN,213,TERMINATED 06/30/2026,0:N/A,40102:PRIMARILY FORMED CANDIDATE,,,dispute_pf,"Cal-Access category PRIMARILY FORMED CANDIDATE: an independent committee that supports or opposes this person, not a committee they control; its money is not their fundraising."
3140a613-074b-4087-b2d7-053f715169b8,ce9b3f73-5996-44e1-8125-d1895152317b,Wade Crowfoot,Secretary for Natural Resources,1220579,"CROWFOOT, COMMITTEE TO ELECT WADE","CROWFOOT, COMMITTEE TO ELECT WADE",415,TERMINATED 12/31/2002,40002:CONTROLLED,0:N/A,WADE JAMES CROWFOOT,,leave_no_sos_reports,"controlled by this person, but no SOS e-filed reports (files with a local filing officer): confirming would load no data and would show 'data pending' for ever"
84f33e24-c6e5-483f-b1e6-7f3fc36210d0,d18dcb81-ad41-468f-9b12-a70ed21fd3a7,Wendi Morse,Council Member (District 1),1469986,MORSE FOR COUNCIL 2024; WENDI,MORSE FOR COUNCIL 2024; WENDI,562,ACTIVE,40002:CONTROLLED,0:N/A,,,leave_no_sos_reports,"controlled by this person, but no SOS e-filed reports (files with a local filing officer): confirming would load no data and would show 'data pending' for ever"
911ff37e-236d-4deb-b6c3-1db99b60165b,2c036cbd-691d-4e4e-adf4-5e0718e17439,Wendy Lau,Council Member (District 5),1423538,LAU TO CITY COUNCIL 2020; COMMITTEE TO ELECT WENDY,LAU TO CITY COUNCIL 2020; COMMITTEE TO ELECT WENDY,626,ACTIVE,40002:CONTROLLED,0:N/A,,,leave_no_sos_reports,"controlled by this person, but no SOS e-filed reports (files with a local filing officer): confirming would load no data and would show 'data pending' for ever"
a3bd86de-ec52-4a69-bcde-53218294901f,0be41eea-1e14-4f67-87a9-752b573c252c,William Scott,,1320655,"SCOTT FOR NOVATO SANITARY BOARD 2009, FRIENDS OF BILL","SCOTT FOR NOVATO SANITARY BOARD 2009, FRIENDS OF BILL",415,TERMINATED 06/30/2010,40002:CONTROLLED,0:N/A,,,leave_no_sos_reports,"controlled by this person, but no SOS e-filed reports (files with a local filing officer): confirming would load no data and would show 'data pending' for ever"
6084afe0-4467-44cf-9b16-d20cb1015d29,0f74219c-7d10-4d29-85fe-0f1d834df8a7,Xavier Becerra,,1003436,XAVIER BECERRA,"BECERRA, XAVIER",202,ACTIVE,0:N/A,0:N/A,BECERRA FOR GOVERNOR 2026; BECERRA FOR ATTORNEY GENERAL 2022; BECERRA FOR SUPERINTENDENT OF PUBLIC INSTRUCTION 2030,,leave_no_sos_reports,"controlled by this person, but no SOS e-filed reports (files with a local filing officer): confirming would load no data and would show 'data pending' for ever"
961407e4-5144-4a68-8c9c-729f7ac348d7,1037b127-09a5-444a-9c66-b7ddb8dd5db6,Zeel Ahir,Council Member,1474839,AHIR FOR ARTESIA CITY COUNCIL 2024; ZEEL,AHIR FOR ARTESIA CITY COUNCIL 2024; ZEEL,562,ACTIVE,40002:CONTROLLED,0:N/A,,,leave_no_sos_reports,"controlled by this person, but no SOS e-filed reports (files with a local filing officer): confirming would load no data and would show 'data pending' for ever"
bcd83773-2ea2-4f44-b0f8-683bea587080,226f5ab3-9611-4eb4-9f0a-3730877004a3,Zein Obagi,Council Member,1434200,OBAGI JR FOR REDONDO BEACH COUNCIL DISTRICT 4 2021; ZEIN,OBAGI JR FOR REDONDO BEACH COUNCIL DISTRICT 4 2021; ZEIN,310,TERMINATED 06/30/2024,40002:CONTROLLED,0:N/A,,,leave_no_sos_reports,"controlled by this person, but no SOS e-filed reports (files with a local filing officer): confirming would load no data and would show 'data pending' for ever"
