link_id,politician_id,row_name,row_seat,external_id,stored_committee_name,official_committee_name,filer_area_code,cal_access_status,category,sub_category,controlling_candidate,sos_reports,action,reason
a40bbb67-d949-458c-8631-318be830e09d,8a27a8b7-88b4-4f79-bbcf-d1d0e70d4032,Adam B. Schiff,U.S. Senate - California,1066273,SCHIFF FOR STATE SENATE,SCHIFF FOR STATE SENATE,916,TERMINATED 07/12/2002,40002:CONTROLLED,0:N/A,ADAM BENNETT SCHIFF,,leave_no_sos_reports,"controlled by this person, but no SOS e-filed reports (files with a local filing officer): confirming would load no data and would show 'data pending' for ever"
bd1ddd58-55a7-402f-ae8f-ef3ec35a579b,e30ddde5-a722-477b-837b-056fdc7e2d6b,Adrin Nazarian,Council Member,1341967,NAZARIAN FOR ASSEMBLY 2012,NAZARIAN FOR ASSEMBLY 2012,818,TERMINATED 06/30/2018,40002:CONTROLLED,0:N/A,ADRIN NAZARIAN,"F460 x39, F497 x104",confirm,"Cal-Access bulk export (2026-09-23): category CONTROLLED; controlling candidate ADRIN NAZARIAN (FILER_LINKS_CD / Form 460 cover); SOS e-filed reports F460 x39, F497 x104."
91815b1c-be90-413f-b48e-77ba24dc07be,e30ddde5-a722-477b-837b-056fdc7e2d6b,Adrin Nazarian,Council Member,1354458,NAZARIAN FOR ASSEMBLY 2014,NAZARIAN FOR ASSEMBLY 2014,626,TERMINATED 06/30/2015,40002:CONTROLLED,0:N/A,ADRIN NAZARIAN,"F460 x11, F497 x127",confirm,"Cal-Access bulk export (2026-09-23): category CONTROLLED; controlling candidate ADRIN NAZARIAN (FILER_LINKS_CD / Form 460 cover); SOS e-filed reports F460 x11, F497 x127."
319407f9-b921-4844-8982-5a9d8734b759,e30ddde5-a722-477b-837b-056fdc7e2d6b,Adrin Nazarian,Council Member,1374420,NAZARIAN FOR ASSEMBLY 2016,NAZARIAN FOR ASSEMBLY 2016,626,TERMINATED 12/31/2017,40002:CONTROLLED,0:N/A,ADRIN NAZARIAN,"F460 x12, F497 x98",confirm,"Cal-Access bulk export (2026-09-23): category CONTROLLED; controlling candidate ADRIN NAZARIAN (FILER_LINKS_CD / Form 460 cover); SOS e-filed reports F460 x12, F497 x98."
02268e0b-60e6-43d3-a6c3-901f78a68a8f,e30ddde5-a722-477b-837b-056fdc7e2d6b,Adrin Nazarian,Council Member,1392480,NAZARIAN FOR ASSEMBLY 2018,NAZARIAN FOR ASSEMBLY 2018,626,TERMINATED 06/30/2019,40002:CONTROLLED,0:N/A,ADRIN NAZARIAN,"F460 x13, F497 x102",confirm,"Cal-Access bulk export (2026-09-23): category CONTROLLED; controlling candidate ADRIN NAZARIAN (FILER_LINKS_CD / Form 460 cover); SOS e-filed reports F460 x13, F497 x102."
0db6c13a-5148-4367-856a-90a8e5476234,e30ddde5-a722-477b-837b-056fdc7e2d6b,Adrin Nazarian,Council Member,1414380,NAZARIAN FOR ASSEMBLY 2020,NAZARIAN FOR ASSEMBLY 2020,626,TERMINATED 07/31/2021,40002:CONTROLLED,0:N/A,ADRIN NAZARIAN,"F460 x15, F497 x85",confirm,"Cal-Access bulk export (2026-09-23): category CONTROLLED; controlling candidate ADRIN NAZARIAN (FILER_LINKS_CD / Form 460 cover); SOS e-filed reports F460 x15, F497 x85."
bdd9fc51-1105-457e-80e7-5a120b1150e9,e30ddde5-a722-477b-837b-056fdc7e2d6b,Adrin Nazarian,Council Member,1435021,NAZARIAN FOR ASSEMBLY 2022,NAZARIAN FOR ASSEMBLY 2022,626,TERMINATED 04/15/2023,40002:CONTROLLED,0:N/A,ADRIN NAZARIAN,"F460 x10, F497 x18",confirm,"Cal-Access bulk export (2026-09-23): category CONTROLLED; controlling candidate ADRIN NAZARIAN (FILER_LINKS_CD / Form 460 cover); SOS e-filed reports F460 x10, F497 x18."
8ff22147-f55c-4857-ae46-169aa3fd3a64,e30ddde5-a722-477b-837b-056fdc7e2d6b,Adrin Nazarian,Council Member,1323151,NAZARIAN FOR ASSEMBLY IN 2010,NAZARIAN FOR ASSEMBLY IN 2010,818,TERMINATED 12/31/2009,40002:CONTROLLED,0:N/A,ADRIN NAZARIAN,F460 x1,confirm,Cal-Access bulk export (2026-09-23): category CONTROLLED; controlling candidate ADRIN NAZARIAN (FILER_LINKS_CD / Form 460 cover); SOS e-filed reports F460 x1.
a7244798-c0fe-4e7e-8e22-2ab044ecdf73,ea803096-927f-41fe-98e1-deab56291810,Al Muratsuchi,Assembly Member,1479966,MURATSUCHI ASSEMBLY 2024 OFFICEHOLDER ACCOUNT,MURATSUCHI ASSEMBLY 2024 OFFICEHOLDER ACCOUNT,916,ACTIVE,40002:CONTROLLED,0:N/A,AL MURATSUCHI,F460 x7,confirm,Cal-Access bulk export (2026-09-23): category CONTROLLED; controlling candidate AL MURATSUCHI (FILER_LINKS_CD / Form 460 cover); SOS e-filed reports F460 x7.
22977389-9901-4d13-84b4-4a469e945207,ea803096-927f-41fe-98e1-deab56291810,Al Muratsuchi,Assembly Member,1341558,MURATSUCHI FOR ASSEMBLY 2012,MURATSUCHI FOR ASSEMBLY 2012,323,TERMINATED 06/30/2013,40002:CONTROLLED,0:N/A,AL MURATSUCHI,"F460 x12, F497 x114",confirm,"Cal-Access bulk export (2026-09-23): category CONTROLLED; controlling candidate AL MURATSUCHI (FILER_LINKS_CD / Form 460 cover); SOS e-filed reports F460 x12, F497 x114."
a5192f9a-444e-49dd-bb48-b6c6a98be5bf,ea803096-927f-41fe-98e1-deab56291810,Al Muratsuchi,Assembly Member,1353738,MURATSUCHI FOR ASSEMBLY 2014,MURATSUCHI FOR ASSEMBLY 2014,213,TERMINATED 06/12/2015,40002:CONTROLLED,0:N/A,AL MURATSUCHI,"F460 x15, F497 x140",confirm,"Cal-Access bulk export (2026-09-23): category CONTROLLED; controlling candidate AL MURATSUCHI (FILER_LINKS_CD / Form 460 cover); SOS e-filed reports F460 x15, F497 x140."
1cacc887-e308-4903-aba0-01d4932ce825,ea803096-927f-41fe-98e1-deab56291810,Al Muratsuchi,Assembly Member,1375498,MURATSUCHI FOR ASSEMBLY 2016,MURATSUCHI FOR ASSEMBLY 2016,213,TERMINATED 05/01/2017,40002:CONTROLLED,0:N/A,AL MURATSUCHI,"F460 x11, F497 x120",confirm,"Cal-Access bulk export (2026-09-23): category CONTROLLED; controlling candidate AL MURATSUCHI (FILER_LINKS_CD / Form 460 cover); SOS e-filed reports F460 x11, F497 x120."
551eae5e-21e6-4077-80ad-f0334dc84670,ea803096-927f-41fe-98e1-deab56291810,Al Muratsuchi,Assembly Member,1392662,MURATSUCHI FOR ASSEMBLY 2018,MURATSUCHI FOR ASSEMBLY 2018,213,TERMINATED 03/27/2019,40002:CONTROLLED,0:N/A,AL MURATSUCHI,"F460 x13, F497 x127",confirm,"Cal-Access bulk export (2026-09-23): category CONTROLLED; controlling candidate AL MURATSUCHI (FILER_LINKS_CD / Form 460 cover); SOS e-filed reports F460 x13, F497 x127."
b4ee3f7b-2e68-44a1-9d9d-c262a07e8dd6,ea803096-927f-41fe-98e1-deab56291810,Al Muratsuchi,Assembly Member,1415052,MURATSUCHI FOR ASSEMBLY 2020,MURATSUCHI FOR ASSEMBLY 2020,213,TERMINATED 04/05/2021,40002:CONTROLLED,0:N/A,AL MURATSUCHI,"F460 x13, F497 x71",confirm,"Cal-Access bulk export (2026-09-23): category CONTROLLED; controlling candidate AL MURATSUCHI (FILER_LINKS_CD / Form 460 cover); SOS e-filed reports F460 x13, F497 x71."
2446525a-5703-43e3-bcd2-dde659bda308,ea803096-927f-41fe-98e1-deab56291810,Al Muratsuchi,Assembly Member,1435331,MURATSUCHI FOR ASSEMBLY 2022,MURATSUCHI FOR ASSEMBLY 2022,916,TERMINATED 02/06/2023,40002:CONTROLLED,0:N/A,AL MURATSUCHI,"F460 x17, F497 x78",confirm,"Cal-Access bulk export (2026-09-23): category CONTROLLED; controlling candidate AL MURATSUCHI (FILER_LINKS_CD / Form 460 cover); SOS e-filed reports F460 x17, F497 x78."
3e94a7b1-b90d-4b80-9b5d-a2d667f5672e,ea803096-927f-41fe-98e1-deab56291810,Al Muratsuchi,Assembly Member,1457643,MURATSUCHI FOR ASSEMBLY 2024,MURATSUCHI FOR ASSEMBLY 2024,916,TERMINATED 12/09/2025,40002:CONTROLLED,0:N/A,AL MURATSUCHI,"F460 x12, F497 x88",confirm,"Cal-Access bulk export (2026-09-23): category CONTROLLED; controlling candidate AL MURATSUCHI (FILER_LINKS_CD / Form 460 cover); SOS e-filed reports F460 x12, F497 x88."
b58adc6e-63fc-4556-938a-3582e7281006,7bad257e-66a9-46a7-a9fd-d8c80bf454c3,Albert F. Ambriz,Council Member,1410872,AMBRIZ FOR CITY COUNCILMEMBER DISTRICT 3 2018,AMBRIZ FOR CITY COUNCILMEMBER DISTRICT 3 2018,209,ACTIVE,40002:CONTROLLED,0:N/A,,,leave_no_candidate_name,"controlled, but Cal-Access names no controlling candidate and the SOS holds no e-filed reports: nothing identifies the person and nothing would load"
3ca6e57b-96f6-4e12-a052-39b47a81c96f,7bad257e-66a9-46a7-a9fd-d8c80bf454c3,Albert F. Ambriz,Council Member,1247400,AMBRIZ FOR COUNCIL,AMBRIZ FOR COUNCIL,714,TERMINATED 12/31/2010,40002:CONTROLLED,0:N/A,,,leave_no_candidate_name,"controlled, but Cal-Access names no controlling candidate and the SOS holds no e-filed reports: nothing identifies the person and nothing would load"
33659f65-de67-45e2-881a-3674a5c6279b,1ef074ea-8237-48b9-b84d-8b165e790bbb,Ali Saleh,Mayor,1343313,SALEH FOR ASSEMBLY 2012,SALEH FOR ASSEMBLY 2012,323,TERMINATED 12/21/2012,40002:CONTROLLED,0:N/A,ALI SALEH,F460 x7,confirm,Cal-Access bulk export (2026-09-23): category CONTROLLED; controlling candidate ALI SALEH (FILER_LINKS_CD / Form 460 cover); SOS e-filed reports F460 x7.
c1327f16-b292-402a-9b6c-56b85d20b706,1ef074ea-8237-48b9-b84d-8b165e790bbb,Ali Saleh,Mayor,1334427,SALEH FOR CITY COUNCIL 2024,SALEH FOR CITY COUNCIL 2024,213,ACTIVE,40002:CONTROLLED,0:N/A,ALI SALEH,"F460 x17, F497 x18",confirm,"Cal-Access bulk export (2026-09-23): category CONTROLLED; controlling candidate ALI SALEH (FILER_LINKS_CD / Form 460 cover); SOS e-filed reports F460 x17, F497 x18."
2fce7f96-4c2f-4e06-b86b-2818a9a010f5,1ef074ea-8237-48b9-b84d-8b165e790bbb,Ali Saleh,Mayor,1415367,SALEH FOR SENATE 2019,SALEH FOR SENATE 2019,213,TERMINATED 06/30/2023,40002:CONTROLLED,0:N/A,ALI SALEH,"F460 x13, F497 x28",confirm,"Cal-Access bulk export (2026-09-23): category CONTROLLED; controlling candidate ALI SALEH (FILER_LINKS_CD / Form 460 cover); SOS e-filed reports F460 x13, F497 x28."
06bfa589-faa0-42a3-9c75-d17dac502e4e,1ef074ea-8237-48b9-b84d-8b165e790bbb,Ali Saleh,Mayor,1395460,SALEH FOR SENATE 2020,SALEH FOR SENATE 2020,213,TERMINATED 05/08/2019,40002:CONTROLLED,0:N/A,ALI SALEH,"F460 x7, F497 x6",confirm,"Cal-Access bulk export (2026-09-23): category CONTROLLED; controlling candidate ALI SALEH (FILER_LINKS_CD / Form 460 cover); SOS e-filed reports F460 x7, F497 x6."
6ba8c337-c6f5-4daf-bebf-4739b157bc1d,2382e3c5-f6ff-4aeb-88c6-8538df3ea05d,Ali Taj,Council Member,1474786,TAJ FOR ASSEMBLY 2026,TAJ FOR ASSEMBLY 2026,916,TERMINATED 07/27/2026,40002:CONTROLLED,0:N/A,ALI SAJJAD TAJ; Ali Taj,"F460 x8, F497 x51",confirm,"Cal-Access bulk export (2026-09-23): category CONTROLLED; controlling candidate ALI SAJJAD TAJ; Ali Taj (FILER_LINKS_CD / Form 460 cover); SOS e-filed reports F460 x8, F497 x51."
cff59122-bc48-43fc-a24b-09b30c7c3d9d,2382e3c5-f6ff-4aeb-88c6-8538df3ea05d,Ali Taj,Council Member,1358275,TAJ FOR CITY COUNCIL 2018,TAJ FOR CITY COUNCIL 2018,562,TERMINATED 07/09/2026,40002:CONTROLLED,0:N/A,Ali Taj,F460 x5,confirm,Cal-Access bulk export (2026-09-23): category CONTROLLED; controlling candidate Ali Taj (FILER_LINKS_CD / Form 460 cover); SOS e-filed reports F460 x5.
d75b5c60-7b0f-4d76-a3e2-850d335c7935,2382e3c5-f6ff-4aeb-88c6-8538df3ea05d,Ali Taj,Council Member,1403289,TAJ FOR SENATE 2018,TAJ FOR SENATE 2018,323,TERMINATED 12/31/2018,40002:CONTROLLED,0:N/A,ALI SAJJAD TAJ; Ali Taj,"F460 x4, F497 x37",confirm,"Cal-Access bulk export (2026-09-23): category CONTROLLED; controlling candidate ALI SAJJAD TAJ; Ali Taj (FILER_LINKS_CD / Form 460 cover); SOS e-filed reports F460 x4, F497 x37."
ff40cd01-eeeb-4a26-842d-4b4d237d56e8,218c0fc3-5992-464d-b78c-c4f11668f0be,Alicia Weintraub,Council Member,1059149,WEINTRAUB FOR ASSEMBLY,WEINTRAUB FOR ASSEMBLY,213,TERMINATED 06/24/1993,40002:CONTROLLED,0:N/A,,,leave_no_candidate_name,"controlled, but Cal-Access names no controlling candidate and the SOS holds no e-filed reports: nothing identifies the person and nothing would load"
45d2004b-a669-4c03-b079-e7dc0dbc9c41,218c0fc3-5992-464d-b78c-c4f11668f0be,Alicia Weintraub,Council Member,1375365,WEINTRAUB FOR CALABASAS CITY COUNCIL 2015,WEINTRAUB FOR CALABASAS CITY COUNCIL 2015,818,TERMINATED 01/05/2016,40002:CONTROLLED,0:N/A,,,leave_no_candidate_name,"controlled, but Cal-Access names no controlling candidate and the SOS holds no e-filed reports: nothing identifies the person and nothing would load"
fbc6b6c1-9d68-4707-951e-1b3f3bec699c,218c0fc3-5992-464d-b78c-c4f11668f0be,Alicia Weintraub,Council Member,1466262,WEINTRAUB FOR CALABASAS CITY COUNCIL 2024,WEINTRAUB FOR CALABASAS CITY COUNCIL 2024,818,TERMINATED 09/05/2024,40002:CONTROLLED,0:N/A,,,leave_no_candidate_name,"controlled, but Cal-Access names no controlling candidate and the SOS holds no e-filed reports: nothing identifies the person and nothing would load"
5c855d32-12cf-4d54-b656-f9e068906fac,1ac8efa3-10c7-404e-8ed6-a73804881819,Ana Maria Quintana,Council Member,1055766,QUINTANA FOR ASSEMBLY,QUINTANA FOR ASSEMBLY,213,T,40002:CONTROLLED,0:N/A,"QUINTANA, BRIAN",,leave_no_candidate_name,"controlled, but Cal-Access names no controlling candidate and the SOS holds no e-filed reports: nothing identifies the person and nothing would load"
51b4e5c7-0b57-4d59-8ca7-c07dc3f977c4,1ac8efa3-10c7-404e-8ed6-a73804881819,Ana Maria Quintana,Council Member,1334366,QUINTANA FOR BELL CITY COUNCIL 2026,QUINTANA FOR BELL CITY COUNCIL 2026,323,ACTIVE,40002:CONTROLLED,0:N/A,ANA MARIA QUINTANA,,leave_no_sos_reports,"controlled by this person, but no SOS e-filed reports (files with a local filing officer): confirming would load no data and would show 'data pending' for ever"
f23c9f18-fea5-4506-833c-12f6af327449,1ac8efa3-10c7-404e-8ed6-a73804881819,Ana Maria Quintana,Council Member,1415390,QUINTANA FOR SENATE 2019,QUINTANA FOR SENATE 2019,323,TERMINATED 06/30/2019,40002:CONTROLLED,0:N/A,ANA MARIA QUINTANA,"F460 x7, F497 x14",confirm,"Cal-Access bulk export (2026-09-23): category CONTROLLED; controlling candidate ANA MARIA QUINTANA (FILER_LINKS_CD / Form 460 cover); SOS e-filed reports F460 x7, F497 x14."
61249f00-7525-4a6a-9179-a773aecda077,1ac8efa3-10c7-404e-8ed6-a73804881819,Ana Maria Quintana,Council Member,1416983,"QUINTANA FOR SENATE 2019, BULLDOG VICTORY FUND FOR","QUINTANA FOR SENATE 2019, BULLDOG VICTORY FUND FOR",310,TERMINATED 12/31/2019,0:N/A,40102:PRIMARILY FORMED CANDIDATE,Ana Maria Quintana,"F460 x2, F497 x2",dispute_pf,"Cal-Access category PRIMARILY FORMED CANDIDATE: an independent committee that supports or opposes this person, not a committee they control; its money is not their fundraising."
596af058-fda4-42dd-abd3-b5845ec63b39,1ac8efa3-10c7-404e-8ed6-a73804881819,Ana Maria Quintana,Council Member,1408537,QUINTANA FOR SENATE 2020,QUINTANA FOR SENATE 2020,323,TERMINATED 04/16/2019,40002:CONTROLLED,0:N/A,ANA MARIA QUINTANA,"F460 x9, F497 x4",confirm,"Cal-Access bulk export (2026-09-23): category CONTROLLED; controlling candidate ANA MARIA QUINTANA (FILER_LINKS_CD / Form 460 cover); SOS e-filed reports F460 x9, F497 x4."
69763a0d-e269-455c-a027-147cc713bd2b,ba647863-25fb-4ccf-9cb0-5a1c912d1b27,Ana Valencia,Councilmember,1337268,VALENCIA 4 CITY COUNCIL 2012,VALENCIA 4 CITY COUNCIL 2012,909,TERMINATED 06/25/2014,40002:CONTROLLED,0:N/A,,,leave_no_candidate_name,"controlled, but Cal-Access names no controlling candidate and the SOS holds no e-filed reports: nothing identifies the person and nothing would load"
babdab71-b692-4c5e-bdb0-cd86ce2c7508,ba647863-25fb-4ccf-9cb0-5a1c912d1b27,Ana Valencia,Councilmember,1364057,VALENCIA 4 CITY COUNCIL 2014,VALENCIA 4 CITY COUNCIL 2014,909,TERMINATED 04/05/2016,40002:CONTROLLED,0:N/A,,,leave_no_candidate_name,"controlled, but Cal-Access names no controlling candidate and the SOS holds no e-filed reports: nothing identifies the person and nothing would load"
fad4755e-c177-4fec-80ba-75e5266f64d3,ba647863-25fb-4ccf-9cb0-5a1c912d1b27,Ana Valencia,Councilmember,1384832,VALENCIA 4 CITY COUNCIL 2026,VALENCIA 4 CITY COUNCIL 2026,909,ACTIVE,40002:CONTROLLED,0:N/A,,,leave_no_candidate_name,"controlled, but Cal-Access names no controlling candidate and the SOS holds no e-filed reports: nothing identifies the person and nothing would load"
3ce773a3-1fab-47f3-b0be-454fd18c3ed4,ba647863-25fb-4ccf-9cb0-5a1c912d1b27,Ana Valencia,Councilmember,1411478,VALENCIA 4 SCHOOL BOARD 2018,VALENCIA 4 SCHOOL BOARD 2018,626,ACTIVE,40002:CONTROLLED,0:N/A,,,leave_no_candidate_name,"controlled, but Cal-Access names no controlling candidate and the SOS holds no e-filed reports: nothing identifies the person and nothing would load"
e2ca1764-0be9-4ae7-bfca-df519894397c,ba647863-25fb-4ccf-9cb0-5a1c912d1b27,Ana Valencia,Councilmember,1309480,VALENCIA FOR CITY COUNCIL,VALENCIA FOR CITY COUNCIL,818,TERMINATED 06/30/2009,40002:CONTROLLED,0:N/A,,,leave_no_candidate_name,"controlled, but Cal-Access names no controlling candidate and the SOS holds no e-filed reports: nothing identifies the person and nothing would load"
8c6b831f-3f69-4aa4-807b-e8804cf0e5b5,ba647863-25fb-4ccf-9cb0-5a1c912d1b27,Ana Valencia,Councilmember,1406902,VALENCIA FOR CITY COUNCIL 2018,VALENCIA FOR CITY COUNCIL 2018,562,ACTIVE,40002:CONTROLLED,0:N/A,,,leave_no_candidate_name,"controlled, but Cal-Access names no controlling candidate and the SOS holds no e-filed reports: nothing identifies the person and nothing would load"
ecc2cf26-dbb1-446b-acf4-ae0bcc3f3824,ba647863-25fb-4ccf-9cb0-5a1c912d1b27,Ana Valencia,Councilmember,1426635,VALENCIA FOR CITY COUNCIL 2020,VALENCIA FOR CITY COUNCIL 2024,562,TERMINATED 12/31/2022,40002:CONTROLLED,0:N/A,Avelino Valencia III,F460 x6,dispute_other_person,"Cal-Access: this committee is controlled by Avelino Valencia III, a different person with the same surname (FILER_LINKS_CD / Form 460 cover)."
db9cd3d3-41dc-4351-bb85-fdfb361a9267,ba647863-25fb-4ccf-9cb0-5a1c912d1b27,Ana Valencia,Councilmember,1449346,"VALENCIA FOR CITY COUNCIL DISTRICT 5, 2022","VALENCIA FOR CITY COUNCIL DISTRICT 5, 2022",951,TERMINATED 12/30/2022,40002:CONTROLLED,0:N/A,,,leave_no_candidate_name,"controlled, but Cal-Access names no controlling candidate and the SOS holds no e-filed reports: nothing identifies the person and nothing would load"
621d3dd8-c727-47a3-b488-03daa5b049be,ba647863-25fb-4ccf-9cb0-5a1c912d1b27,Ana Valencia,Councilmember,1438279,VALENCIA FOR MAYOR 2022,VALENCIA FOR MAYOR 2022,909,TERMINATED 08/15/2023,40002:CONTROLLED,0:N/A,,,leave_no_candidate_name,"controlled, but Cal-Access names no controlling candidate and the SOS holds no e-filed reports: nothing identifies the person and nothing would load"
b48bbae0-8daf-44bd-b558-e47906cbb07f,7dff1af1-993e-4d8f-8901-e4f96b93f11d,Andrew Gruel,Council Member,1484047,GRUEL FOR CITY COUNCIL 2026,GRUEL FOR CITY COUNCIL 2026,714,ACTIVE,40002:CONTROLLED,0:N/A,,,leave_no_candidate_name,"controlled, but Cal-Access names no controlling candidate and the SOS holds no e-filed reports: nothing identifies the person and nothing would load"
3ee42209-d7f7-46de-a89a-f01fd8e162ac,06ba1b93-6bc5-4360-9f98-a006c60d2863,Ann Marshall,Mayor,1472002,MARSHALL FOR COUNCIL 2024,MARSHALL FOR COUNCIL 2024,650,TERMINATED 11/25/2024,40002:CONTROLLED,0:N/A,,,leave_no_candidate_name,"controlled, but Cal-Access names no controlling candidate and the SOS holds no e-filed reports: nothing identifies the person and nothing would load"
1ae83d6e-ec62-4ece-9bc9-a2ebaf89510e,06ba1b93-6bc5-4360-9f98-a006c60d2863,Ann Marshall,Mayor,1238100,MARSHALL FOR COUNCIL CAMPAIGN,MARSHALL FOR COUNCIL CAMPAIGN,510,TERMINATED 05/29/2006,40002:CONTROLLED,0:N/A,,,leave_no_candidate_name,"controlled, but Cal-Access names no controlling candidate and the SOS holds no e-filed reports: nothing identifies the person and nothing would load"
6d18f84d-7153-4f99-a6e6-8bba82884d0b,06ba1b93-6bc5-4360-9f98-a006c60d2863,Ann Marshall,Mayor,1380398,MARSHALL FOR JUDGE 2016,MARSHALL FOR JUDGE 2016,213,TERMINATED 12/08/2016,40002:CONTROLLED,0:N/A,PHILIP MARSHALL,"F460 x2, F497 x1",dispute_other_person,"Cal-Access: this committee is controlled by PHILIP MARSHALL, a different person with the same surname (FILER_LINKS_CD / Form 460 cover)."
3538a3c3-0c87-4f2d-999a-6e30f95129db,59ef70e5-6123-4c46-bc5b-66a4114ce2d2,Annette C. Delgadillo,Council Member,1043433,DELGADILLO FOR ASSEMBLY,DELGADILLO FOR ASSEMBLY,213,TERMINATED 12/01/1990,40002:CONTROLLED,0:N/A,,,leave_no_candidate_name,"controlled, but Cal-Access names no controlling candidate and the SOS holds no e-filed reports: nothing identifies the person and nothing would load"
b8622f40-dae5-40e2-9703-577663af05b7,9b2e0e78-91b0-4e8a-882c-7660da792004,Ardy Kassakhian,Mayor,1419692,KASSAKHIAN FOR CITY COUNCIL 2020,KASSAKHIAN FOR CITY COUNCIL 2020,213,TERMINATED 12/31/2023,40002:CONTROLLED,0:N/A,,,leave_no_candidate_name,"controlled, but Cal-Access names no controlling candidate and the SOS holds no e-filed reports: nothing identifies the person and nothing would load"
0cc63ee4-a6aa-47d3-8624-d023445d49a0,9b2e0e78-91b0-4e8a-882c-7660da792004,Ardy Kassakhian,Mayor,1272902,KASSAKHIAN FOR  CLERK,KASSAKHIAN FOR CLERK 2013,213,TERMINATED 12/31/2020,40002:CONTROLLED,0:N/A,ARDY KASSAKHIAN; Ardashes Kassakhian,F460 x14,confirm,Cal-Access bulk export (2026-09-23): category CONTROLLED; controlling candidate ARDY KASSAKHIAN; Ardashes Kassakhian (FILER_LINKS_CD / Form 460 cover); SOS e-filed reports F460 x14.
84c02690-3554-4c3f-a605-454eb4c9d459,9b2e0e78-91b0-4e8a-882c-7660da792004,Ardy Kassakhian,Mayor,1465067,KASSAKHIAN FOR COUNCIL 2024,KASSAKHIAN FOR COUNCIL 2024,213,ACTIVE,40002:CONTROLLED,0:N/A,,,leave_no_candidate_name,"controlled, but Cal-Access names no controlling candidate and the SOS holds no e-filed reports: nothing identifies the person and nothing would load"
555b75c4-3ff1-47f2-bfd7-d7386de68921,b7dc60f1-7d9f-4ac8-abb1-a977ffd25d26,Armond Aghakhanian,Board Member (Trustee Area 5),1470441,AGHAKHANIAN FOR BURBANK SCHOOL BOARD AREA 5 2024,AGHAKHANIAN FOR BURBANK SCHOOL BOARD AREA 5 2024,818,TERMINATED 12/23/2024,40002:CONTROLLED,0:N/A,,,leave_no_candidate_name,"controlled, but Cal-Access names no controlling candidate and the SOS holds no e-filed reports: nothing identifies the person and nothing would load"
636414ac-58da-4587-a3e5-5637367f9752,2b4b35a8-1498-46ad-aa9b-04650b454262,Aurelio Mattucci,Council Member,1481751,MATTUCCI FOR TREASURER 2026,MATTUCCI FOR TREASURER 2026,310,ACTIVE,40002:CONTROLLED,0:N/A,,,leave_no_candidate_name,"controlled, but Cal-Access names no controlling candidate and the SOS holds no e-filed reports: nothing identifies the person and nothing would load"
1dd10441-a10f-482a-b654-5841b092c1e6,475b846d-bce8-43e0-bac8-bd65d58d9c46,Austin Bishop,Council Member (District 1),1050130,BISHOP FOR ASSEMBLY,BISHOP FOR ASSEMBLY,213,TERMINATED 12/01/1990,40002:CONTROLLED,0:N/A,,,leave_no_candidate_name,"controlled, but Cal-Access names no controlling candidate and the SOS holds no e-filed reports: nothing identifies the person and nothing would load"
42b2f73a-ff63-4b21-b38c-31fbe777e5df,61f64014-03c2-4b7c-86a2-d97db91dd2d7,Barbara Ferraro,Council Member,1053347,FERRARO OFFICE HOLDER COMMITTEE,FERRARO OFFICE HOLDER COMMITTEE,818,TERMINATED 02/05/2004,40002:CONTROLLED,0:N/A,,,leave_no_candidate_name,"controlled, but Cal-Access names no controlling candidate and the SOS holds no e-filed reports: nothing identifies the person and nothing would load"
80e006a1-5795-4a7e-a648-f2fb50f3545d,b943ec10-59a6-47b4-a3df-52b9747df53b,Barry Waite,Council Member,1381512,WAITE FOR CITY COUNCIL 2016,WAITE FOR CITY COUNCIL DISTRICT 8 2016,408,TERMINATED 11/20/2016,40002:CONTROLLED,0:N/A,,,leave_no_candidate_name,"controlled, but Cal-Access names no controlling candidate and the SOS holds no e-filed reports: nothing identifies the person and nothing would load"
04287475-c24b-412a-aa81-4ad79ef2eaba,b943ec10-59a6-47b4-a3df-52b9747df53b,Barry Waite,Council Member,1338124,WAITE FOR LOMITA CITY COUNCIL,WAITE FOR LOMITA CITY COUNCIL,310,TERMINATED 12/31/2009,40002:CONTROLLED,0:N/A,,,leave_no_candidate_name,"controlled, but Cal-Access names no controlling candidate and the SOS holds no e-filed reports: nothing identifies the person and nothing would load"
4e4df27c-3236-4da9-a1ea-67971fa6df25,b943ec10-59a6-47b4-a3df-52b9747df53b,Barry Waite,Council Member,1043313,"WAITE FOR STATE SENATOR COMMITTEE, DR","WAITE FOR STATE SENATOR COMMITTEE, DR",714,TERMINATED 12/01/1990,40002:CONTROLLED,0:N/A,,,leave_no_candidate_name,"controlled, but Cal-Access names no controlling candidate and the SOS holds no e-filed reports: nothing identifies the person and nothing would load"
ea83d67f-eec1-4b20-979b-5fcbf611fddd,d90648b6-f36e-4111-a361-ea34b34dd67d,Becky A. Shevlin,Mayor,1445429,SHEVLIN FOR MAYOR 2022,SHEVLIN FOR MAYOR 2022,626,TERMINATED 08/07/2023,40002:CONTROLLED,0:N/A,,,leave_no_candidate_name,"controlled, but Cal-Access names no controlling candidate and the SOS holds no e-filed reports: nothing identifies the person and nothing would load"
90ff37fd-c272-48ea-a783-58f0784da67a,d90648b6-f36e-4111-a361-ea34b34dd67d,Becky A. Shevlin,Mayor,1462261,SHEVLIN FOR MAYOR 2024,SHEVLIN FOR MAYOR 2024,626,TERMINATED 08/26/2024,40002:CONTROLLED,0:N/A,,,leave_no_candidate_name,"controlled, but Cal-Access names no controlling candidate and the SOS holds no e-filed reports: nothing identifies the person and nothing would load"
7f48c6c8-6316-4491-b9fc-083507ddf03f,3377a5d0-7e65-4e38-b5a1-d359c0a7f2ab,Bernadette Suarez,Council Member,1471064,SUAREZ FOR MAYOR 2024,SUAREZ FOR MAYOR 2024,310,ACTIVE,40002:CONTROLLED,0:N/A,,,leave_no_candidate_name,"controlled, but Cal-Access names no controlling candidate and the SOS holds no e-filed reports: nothing identifies the person and nothing would load"
b3e13c70-90b0-4d04-92ba-9b482f79c4ef,d304c0d7-f0ad-49fd-8252-87e86ca93c53,Bob Jensen,Board Member (Trustee Area 2),1252286,JENSEN FAMILY,JENSEN FAMILY,805,TERMINATED 12/10/2002,0:N/A,40102:PRIMARILY FORMED CANDIDATE,,,dispute_pf,"Cal-Access category PRIMARILY FORMED CANDIDATE: an independent committee that supports or opposes this person, not a committee they control; its money is not their fundraising."
5adfcb94-467a-48ec-b052-b96f31319165,c41b4ff0-48a9-4507-be26-7733d67dc741,Brad Waller,Council Member,1434383,WALLER FOR CITY COUNCIL 2021,WALLER FOR CITY COUNCIL 2021,213,TERMINATED 10/08/2024,40002:CONTROLLED,0:N/A,,,leave_no_candidate_name,"controlled, but Cal-Access names no controlling candidate and the SOS holds no e-filed reports: nothing identifies the person and nothing would load"
5b6d52f4-25b3-44ce-9437-ab09fc2d2eeb,c41b4ff0-48a9-4507-be26-7733d67dc741,Brad Waller,Council Member,1470897,WALLER FOR CITY COUNCIL 2025,WALLER FOR CITY COUNCIL 2025,213,ACTIVE,40002:CONTROLLED,0:N/A,,,leave_no_candidate_name,"controlled, but Cal-Access names no controlling candidate and the SOS holds no e-filed reports: nothing identifies the person and nothing would load"
db3a74c5-261b-4a56-ac60-2540c36a4069,5368e8cf-ca20-40b3-9709-094be3a2f5e4,Britt Huff,Council Member,1349966,"HUFF FOR COUNCIL 2012, FRIENDS OF","HUFF FOR COUNCIL 2012, FRIENDS OF",408,TERMINATED 12/27/2012,40002:CONTROLLED,0:N/A,,,leave_no_candidate_name,"controlled, but Cal-Access names no controlling candidate and the SOS holds no e-filed reports: nothing identifies the person and nothing would load"
8cde354a-8938-4d86-989b-8f539e1f8434,5368e8cf-ca20-40b3-9709-094be3a2f5e4,Britt Huff,Council Member,1376107,HUFF FOR SUPERVISOR 2016,HUFF FOR SUPERVISOR 2016,818,TERMINATED 12/06/2016,40002:CONTROLLED,0:N/A,ROBERT 'BOB' HUFF,"F460 x7, F497 x38",dispute_other_person,"Cal-Access: this committee is controlled by ROBERT 'BOB' HUFF, a different person with the same surname (FILER_LINKS_CD / Form 460 cover)."
f8218006-b976-4ccb-8856-c1e552906d9e,f75231e6-b6e4-4b1b-8ce5-d275c3f4bb7f,Butch Twining,Council Member,1461371,TWINING FOR CITY COUNCIL 2024,TWINING FOR CITY COUNCIL 2024,714,ACTIVE,40002:CONTROLLED,0:N/A,,,leave_no_candidate_name,"controlled, but Cal-Access names no controlling candidate and the SOS holds no e-filed reports: nothing identifies the person and nothing would load"
2de39835-e1e7-4998-b783-b8abac63bd9e,5d3261e6-ec6f-4e71-84e9-371979da3fd1,Caleb Norwood,,1390180,NORWOOD 4 SCHOOL BOARD 2016,NORWOOD 4 SCHOOL BOARD 2016,858,TERMINATED 01/01/2017,40002:CONTROLLED,0:N/A,,,leave_no_candidate_name,"controlled, but Cal-Access names no controlling candidate and the SOS holds no e-filed reports: nothing identifies the person and nothing would load"
a58a31b2-4b2b-4e6d-9324-df32bf88369a,5d3261e6-ec6f-4e71-84e9-371979da3fd1,Caleb Norwood,,1408964,NORWOOD FOR SCHOOL BOARD 2018,NORWOOD FOR SCHOOL BOARD 2018,858,TERMINATED 02/07/2019,40002:CONTROLLED,0:N/A,,,leave_no_candidate_name,"controlled, but Cal-Access names no controlling candidate and the SOS holds no e-filed reports: nothing identifies the person and nothing would load"
780dd538-cda0-4729-b420-fa0e75de9dd0,4baa73c2-d38b-4d07-894f-1577d5ba43a3,Caroline Menjivar,Senator,1440303,MENJIVAR FOR SENATE 2022,MENJIVAR FOR SENATE 2022,916,TERMINATED 12/31/2022,40002:CONTROLLED,0:N/A,CAROLINE MENJIVAR,"F460 x11, F497 x64",confirm,"Cal-Access bulk export (2026-09-23): category CONTROLLED; controlling candidate CAROLINE MENJIVAR (FILER_LINKS_CD / Form 460 cover); SOS e-filed reports F460 x11, F497 x64."
da84ccce-ec5c-40a4-9892-2116c46ee4b6,4baa73c2-d38b-4d07-894f-1577d5ba43a3,Caroline Menjivar,Senator,1456738,MENJIVAR FOR SENATE 2026,MENJIVAR FOR SENATE 2026,916,ACTIVE,40002:CONTROLLED,0:N/A,CAROLINE MENJIVAR,"F460 x26, F497 x148",confirm,"Cal-Access bulk export (2026-09-23): category CONTROLLED; controlling candidate CAROLINE MENJIVAR (FILER_LINKS_CD / Form 460 cover); SOS e-filed reports F460 x26, F497 x148."
3a35a313-dbc3-4cf8-b29c-f4481a9dc00a,0314141a-3444-4382-a9ae-84394bbd486f,Caroline Torosis,Council Member,1446716,TOROSIS FOR CITY COUNCIL 2022,TOROSIS FOR CITY COUNCIL 2026,213,ACTIVE,40002:CONTROLLED,0:N/A,,,leave_no_candidate_name,"controlled, but Cal-Access names no controlling candidate and the SOS holds no e-filed reports: nothing identifies the person and nothing would load"
f27f9a46-0acd-45c7-b94d-bcc094ac67d5,0314141a-3444-4382-a9ae-84394bbd486f,Caroline Torosis,Council Member,1427919,TOROSIS FOR RENT CONTROL BOARD 2020,TOROSIS FOR RENT CONTROL BOARD 2020,213,TERMINATED 10/22/2022,40002:CONTROLLED,0:N/A,,,leave_no_candidate_name,"controlled, but Cal-Access names no controlling candidate and the SOS holds no e-filed reports: nothing identifies the person and nothing would load"
1cc3c811-0771-4158-bdfc-59c0229656a5,709e3ae5-821a-4181-853e-6e59ed62390a,Chadwick Castle,Council Member,1470969,CASTLE FOR CITY COUNCIL 2025,CASTLE FOR CITY COUNCIL 2025 OFFICEHOLDER ACCOUNT,310,TERMINATED 02/20/2026,40002:CONTROLLED,0:N/A,,,leave_no_candidate_name,"controlled, but Cal-Access names no controlling candidate and the SOS holds no e-filed reports: nothing identifies the person and nothing would load"
6c92d915-84e1-4f89-815a-96003ab59bf8,709e3ae5-821a-4181-853e-6e59ed62390a,Chadwick Castle,Council Member,1482472,CASTLE FOR DISTRICT 4 SUPERVISOR 2026,CASTLE FOR DISTRICT 4 SUPERVISOR 2026,909,ACTIVE,40002:CONTROLLED,0:N/A,,,leave_no_candidate_name,"controlled, but Cal-Access names no controlling candidate and the SOS holds no e-filed reports: nothing identifies the person and nothing would load"
e75ef43e-4778-44ba-9ce0-e85413d2b0e8,4cdfe715-5128-49cd-a88c-9b4f35f63653,Chia Yu Teng,Council Member (District 4),1451670,TENG FOR DB CITY COUNCIL 2022; DR.,TENG FOR DB CITY COUNCIL 2026; DR.,310,ACTIVE,40002:CONTROLLED,0:N/A,,,leave_no_candidate_name,"controlled, but Cal-Access names no controlling candidate and the SOS holds no e-filed reports: nothing identifies the person and nothing would load"
2e3ae8e5-783f-40d1-98d4-2d6d7fc70d72,f4d09579-b7bd-480b-8b8f-3b6c08acaab3,Chris Anstead,Council Member,1379074,ANSTEAD FOR CITY COUNCIL 2015,ANSTEAD FOR CITY COUNCIL 2015,805,TERMINATED 02/01/2016,40002:CONTROLLED,0:N/A,,,leave_no_candidate_name,"controlled, but Cal-Access names no controlling candidate and the SOS holds no e-filed reports: nothing identifies the person and nothing would load"
82f65779-c8eb-4e38-ad2b-f66aaa16d137,05000cf0-c364-4e92-9ce3-ab6ec1f2b67e,Chris Espinosa,,1445409,ESPINOSA FOR JUDGE 2022,ESPINOSA FOR JUDGE 2022,714,TERMINATED 06/30/2022,40002:CONTROLLED,0:N/A,DAN ESPINOSA,"F460 x3, F497 x9",dispute_other_person,"Cal-Access: this committee is controlled by DAN ESPINOSA, a different person with the same surname (FILER_LINKS_CD / Form 460 cover)."
64db929c-90a8-45dd-8b35-a260e7423a6e,2d47a965-81a2-4508-865c-06d45bf6ff42,Christine Parra,,1272655,PARRA FOR ASSEMBLY 2006,PARRA FOR ASSEMBLY 2006,916,TERMINATED 03/17/2008,40002:CONTROLLED,0:N/A,NICOLE M. PARRA; Nicole Parra,"F460 x21, F497 x120",dispute_other_person,"Cal-Access: this committee is controlled by NICOLE M. PARRA; Nicole Parra, a different person with the same surname (FILER_LINKS_CD / Form 460 cover)."
654cb998-64fc-4d46-88bb-08f5ca666fc3,2d47a965-81a2-4508-865c-06d45bf6ff42,Christine Parra,,1234189,PARRA FOR ASSEMBLY COMMITTEE,PARRA FOR ASSEMBLY COMMITTEE,916,TERMINATED 04/27/2007,40002:CONTROLLED,0:N/A,NICOLE M. PARRA; Nicole Parra,"F460 x29, F497 x50",dispute_other_person,"Cal-Access: this committee is controlled by NICOLE M. PARRA; Nicole Parra, a different person with the same surname (FILER_LINKS_CD / Form 460 cover)."
7329ab38-5737-4bff-bd56-017e50edbb1d,2d47a965-81a2-4508-865c-06d45bf6ff42,Christine Parra,,1251452,PARRA FOR ASSEMBLY COMMITTEE 2004,PARRA FOR ASSEMBLY COMMITTEE 2004,916,TERMINATED 04/27/2007,40002:CONTROLLED,0:N/A,NICOLE M. PARRA; Nicole Parra,"F460 x34, F497 x100",dispute_other_person,"Cal-Access: this committee is controlled by NICOLE M. PARRA; Nicole Parra, a different person with the same surname (FILER_LINKS_CD / Form 460 cover)."
792a6c73-0536-44eb-8e11-e6ab719af6f3,2d47a965-81a2-4508-865c-06d45bf6ff42,Christine Parra,,1428232,PARRA FOR COUNCIL 2020,PARRA FOR COUNCIL 2020,559,TERMINATED 11/13/2023,40002:CONTROLLED,0:N/A,,,leave_no_candidate_name,"controlled, but Cal-Access names no controlling candidate and the SOS holds no e-filed reports: nothing identifies the person and nothing would load"
ffd3ac09-04d5-475b-9a4a-8cfb97606010,2d47a965-81a2-4508-865c-06d45bf6ff42,Christine Parra,,1293213,PARRA FOR SENATE 2010,PARRA FOR SENATE 2010,916,TERMINATED 12/31/2008,40002:CONTROLLED,0:N/A,NICOLE M. PARRA; Nicole Parra,"F460 x12, F497 x4",dispute_other_person,"Cal-Access: this committee is controlled by NICOLE M. PARRA; Nicole Parra, a different person with the same surname (FILER_LINKS_CD / Form 460 cover)."
4a4e2536-8669-46e6-b9c9-970f15da9579,a83a63a8-3e0f-4a2e-9226-8c0cd26a1349,Christopher John Rizzotti,Council Member,1428081,RIZZOTTI TO BURBANK CITY COUNCIL 2020; ELECT,RIZZOTTI TO BURBANK CITY COUNCIL 2020; ELECT,818,TERMINATED 08/25/2020,40002:CONTROLLED,0:N/A,,,leave_no_candidate_name,"controlled, but Cal-Access names no controlling candidate and the SOS holds no e-filed reports: nothing identifies the person and nothing would load"
ebee99bc-b396-4966-85df-797a565126a1,a83a63a8-3e0f-4a2e-9226-8c0cd26a1349,Christopher John Rizzotti,Council Member,1443244,RIZZOTTI TO BURBANK CITY COUNCIL 2022; ELECT,RIZZOTTI TO BURBANK CITY COUNCIL 2022; ELECT,818,TERMINATED 08/12/2022,40002:CONTROLLED,0:N/A,,,leave_no_candidate_name,"controlled, but Cal-Access names no controlling candidate and the SOS holds no e-filed reports: nothing identifies the person and nothing would load"
56e640fb-90a2-4a5c-a2ff-245a1c05696b,a83a63a8-3e0f-4a2e-9226-8c0cd26a1349,Christopher John Rizzotti,Council Member,1466605,RIZZOTTI TO BURBANK CITY COUNCIL 2024; ELECT,RIZZOTTI TO BURBANK CITY COUNCIL 2024; ELECT,818,TERMINATED 12/31/2024,40002:CONTROLLED,0:N/A,,,leave_no_candidate_name,"controlled, but Cal-Access names no controlling candidate and the SOS holds no e-filed reports: nothing identifies the person and nothing would load"
84b577f5-d2fc-4a66-a19c-a0b9064cac03,556e4303-9d45-4540-8bba-617da6641bfe,Corey Calaycay,Council Member (District 1),1323868,CALAYCAY FOR ASSEMBLY 2010,CALAYCAY FOR ASSEMBLY 2010,909,TERMINATED 06/30/2010,40002:CONTROLLED,0:N/A,COREY L. CALAYCAY,"F460 x4, F497 x3",confirm,"Cal-Access bulk export (2026-09-23): category CONTROLLED; controlling candidate COREY L. CALAYCAY (FILER_LINKS_CD / Form 460 cover); SOS e-filed reports F460 x4, F497 x3."
628422de-16a7-43a3-be49-ff36e02f5754,1ae14d1b-8749-4d09-9c14-9fe9aa9ab5ff,Crystal Golden,,1428476,ARONSON AND GOLDEN TO THE TRUCKEE TAHOE AIRPORT DISTRICT BOARD OF DIRECTORS 2020; COMMITTEE TO ELECT,ARONSON AND GOLDEN TO THE TAHOE AIRPORT DISTRICT BOARD OF DIRECTORS 2020; COMMITTEE TO ELECT,530,TERMINATED 12/03/2020,40002:CONTROLLED,0:N/A,,,leave_no_candidate_name,"controlled, but Cal-Access names no controlling candidate and the SOS holds no e-filed reports: nothing identifies the person and nothing would load"
b99703cb-e8a7-4605-9f4b-9e1cddc06347,1ae14d1b-8749-4d09-9c14-9fe9aa9ab5ff,Crystal Golden,,1489259,GOLDEN FOR ENCINITAS CITY COUNCIL 2026,GOLDEN FOR ENCINITAS CITY COUNCIL 2026,858,ACTIVE,40002:CONTROLLED,0:N/A,,,leave_no_candidate_name,"controlled, but Cal-Access names no controlling candidate and the SOS holds no e-filed reports: nothing identifies the person and nothing would load"
2749f18c-ce24-480e-a316-6bc7cb726549,24455c8e-228c-47d9-ab63-dc64f750c010,Crystal Larios,Council Member,1289648,LARIOS FOR CITY CLERK,LARIOS FOR CITY CLERK,951,ACTIVE,40002:CONTROLLED,0:N/A,,,leave_no_candidate_name,"controlled, but Cal-Access names no controlling candidate and the SOS holds no e-filed reports: nothing identifies the person and nothing would load"
da24b797-7234-4636-be3b-63fbd7bebc0f,3e7cf8cb-c295-4db2-b0c7-c7abdf77a988,Daisy Lomelí,Council Member,1409393,LOMELI FOR RIO HONDO COLLEGE BOARD 2026,LOMELI FOR RIO HONDO COLLEGE BOARD 2026,562,ACTIVE,40002:CONTROLLED,0:N/A,,,leave_no_candidate_name,"controlled, but Cal-Access names no controlling candidate and the SOS holds no e-filed reports: nothing identifies the person and nothing would load"
7b99c5e7-4332-4aae-bf16-51b5ccef0116,dd2c2cfd-401f-4b35-916f-caba8ca9b722,Dan Koops,Council Member (District 2),1313334,KOOPS FOR CITY COUNCIL,KOOPS FOR CITY COUNCIL 2024,562,ACTIVE,40002:CONTROLLED,0:N/A,,,leave_no_candidate_name,"controlled, but Cal-Access names no controlling candidate and the SOS holds no e-filed reports: nothing identifies the person and nothing would load"
54f3911a-ea47-4cd8-80ea-1a4ed4c45c2b,9db24324-3d82-4c2b-8404-078a53708447,Daniel Brotman,Councilmember,1443214,BROTMAN FOR CITY COUNCIL 2026,BROTMAN FOR CITY COUNCIL 2026,213,ACTIVE,40002:CONTROLLED,0:N/A,,,leave_no_candidate_name,"controlled, but Cal-Access names no controlling candidate and the SOS holds no e-filed reports: nothing identifies the person and nothing would load"
380a00f1-0a2b-45e5-983e-d86b46641fda,1e465bb0-28aa-44b7-926e-907ade7d0da6,Darrell Reeves,,1258242,REEVES 4 RPV CAMPAIGN,REEVES 4 RPV CAMPAIGN,310,TERMINATED 01/16/2004,40002:CONTROLLED,0:N/A,,,leave_no_candidate_name,"controlled, but Cal-Access names no controlling candidate and the SOS holds no e-filed reports: nothing identifies the person and nothing would load"
8757dc72-f09e-4ba2-b1a5-3fddc3eb023d,1e465bb0-28aa-44b7-926e-907ade7d0da6,Darrell Reeves,,1305933,REEVES FOR CITY COUNCIL,REEVES FOR CITY COUNCIL,951,TERMINATED 02/22/2009,40002:CONTROLLED,0:N/A,,,leave_no_candidate_name,"controlled, but Cal-Access names no controlling candidate and the SOS holds no e-filed reports: nothing identifies the person and nothing would load"
3c9d1aff-2160-4d68-8ed4-fea0b04aded4,09429ad7-cf23-4b5c-af0b-59cb393d5efd,David Arellano,Council Member,1272071,ARELLANO FOR ASSEMBLY,ARELLANO FOR ASSEMBLY,818,TERMINATED 12/31/2005,40002:CONTROLLED,0:N/A,CHRISTOPHER ARELLANO,F460 x1,dispute_other_person,"Cal-Access: this committee is controlled by CHRISTOPHER ARELLANO, a different person with the same surname (FILER_LINKS_CD / Form 460 cover)."
2000cc4a-5573-44c0-bc64-989a2bd24b75,09429ad7-cf23-4b5c-af0b-59cb393d5efd,David Arellano,Council Member,1282255,ARELLANO FOR SCHOOL BOARD,ARELLANO FOR SCHOOL BOARD,818,TERMINATED 03/31/2009,40002:CONTROLLED,0:N/A,,,leave_no_candidate_name,"controlled, but Cal-Access names no controlling candidate and the SOS holds no e-filed reports: nothing identifies the person and nothing would load"
63238cf5-174b-4940-865e-b9d97be89efc,b90cc4e4-57f3-41b2-9a19-64c218164466,David E. Argudo,Council Member,1301118,ARGUDO COMMITTEE,ARGUDO FOR CITY COUNCIL 2020,213,ACTIVE,40002:CONTROLLED,0:N/A,,,leave_no_candidate_name,"controlled, but Cal-Access names no controlling candidate and the SOS holds no e-filed reports: nothing identifies the person and nothing would load"
f7f94f26-d691-4da7-91a1-500e8b278418,fb1f120a-8821-4649-a209-03b6b77e0105,David Fu,Council Member (District 1),1466677,FU FOR CITY COUNCIL 2024,FU FOR CITY COUNCIL 2024,213,ACTIVE,40002:CONTROLLED,0:N/A,,,leave_no_candidate_name,"controlled, but Cal-Access names no controlling candidate and the SOS holds no e-filed reports: nothing identifies the person and nothing would load"
c787a982-ee08-4fe1-98f8-504a312e3f63,570c385b-469f-4951-af6c-d6f6960d1279,David J. Shapiro,Council Member,1405963,SHAPIRO FOR CALABASAS CITY COUNCIL 2018,SHAPIRO FOR CALABASAS CITY COUNCIL 2018,818,ACTIVE,40002:CONTROLLED,0:N/A,,,leave_no_candidate_name,"controlled, but Cal-Access names no controlling candidate and the SOS holds no e-filed reports: nothing identifies the person and nothing would load"
11a70a4c-864a-4bf2-bc2d-f6fb2844321d,570c385b-469f-4951-af6c-d6f6960d1279,David J. Shapiro,Council Member,1450800,SHAPIRO FOR CALABASAS CITY COUNCIL 2022,SHAPIRO FOR CALABASAS CITY COUNCIL 2022,818,ACTIVE,40002:CONTROLLED,0:N/A,,,leave_no_candidate_name,"controlled, but Cal-Access names no controlling candidate and the SOS holds no e-filed reports: nothing identifies the person and nothing would load"
5c686234-7acd-46fb-829c-f14d8e625df7,f29e5d90-c09a-4cb9-a3c4-8cdbe2fe41c5,David L. Bradley,Mayor,1020207,BRADLEY DINNER COMMITTEE,BRADLEY DINNER COMMITTEE,213,TERMINATED 12/01/1990,0:N/A,40102:PRIMARILY FORMED CANDIDATE,,,dispute_pf,"Cal-Access category PRIMARILY FORMED CANDIDATE: an independent committee that supports or opposes this person, not a committee they control; its money is not their fundraising."
5fc7ddf1-f211-4baf-b3ce-bbc32d58f76f,f29e5d90-c09a-4cb9-a3c4-8cdbe2fe41c5,David L. Bradley,Mayor,1034945,BRADLEY FOR GOVERNOR COMMITTEE,BRADLEY FOR GOVERNOR COMMITTEE,213,TERMINATED 12/01/1990,0:N/A,40102:PRIMARILY FORMED CANDIDATE,,,dispute_pf,"Cal-Access category PRIMARILY FORMED CANDIDATE: an independent committee that supports or opposes this person, not a committee they control; its money is not their fundraising."
655d661c-ef1d-4a5c-9399-10d6eeda0b7e,f29e5d90-c09a-4cb9-a3c4-8cdbe2fe41c5,David L. Bradley,Mayor,1031875,"BRADLEY GROUP, THE","BRADLEY GROUP, THE",213,TERMINATED 12/01/1990,40002:CONTROLLED,0:N/A,,,leave_no_candidate_name,"controlled, but Cal-Access names no controlling candidate and the SOS holds no e-filed reports: nothing identifies the person and nothing would load"
241bdcaf-7f63-4f8c-9937-5547408cb0c2,f29e5d90-c09a-4cb9-a3c4-8cdbe2fe41c5,David L. Bradley,Mayor,1032190,"BRADLEY, AKA OCFB, ORANGE COUNTY FRIENDS OF","BRADLEY, AKA OCFB, ORANGE COUNTY FRIENDS OF",714,TERMINATED 12/01/1990,0:N/A,40102:PRIMARILY FORMED CANDIDATE,,,dispute_pf,"Cal-Access category PRIMARILY FORMED CANDIDATE: an independent committee that supports or opposes this person, not a committee they control; its money is not their fundraising."
fddf1c70-edee-4bd4-8090-eefc3db54c25,f29e5d90-c09a-4cb9-a3c4-8cdbe2fe41c5,David L. Bradley,Mayor,1034932,"BRADLEY, SO. CALIF PHYSICIANS FOR","BRADLEY, SO. CALIF PHYSICIANS FOR",213,TERMINATED 12/01/1990,0:N/A,40102:PRIMARILY FORMED CANDIDATE,,,dispute_pf,"Cal-Access category PRIMARILY FORMED CANDIDATE: an independent committee that supports or opposes this person, not a committee they control; its money is not their fundraising."
b506d2f8-fca6-4348-aabd-3bed1742ed1a,376e56bf-5114-444f-8850-e96e4d0f7f67,Dean Francois,Mayor,1436711,FRANCOIS FOR COUNCIL 2021,FRANCOIS FOR COUNCIL 2021,562,TERMINATED 10/06/2021,40002:CONTROLLED,0:N/A,,,leave_no_candidate_name,"controlled, but Cal-Access names no controlling candidate and the SOS holds no e-filed reports: nothing identifies the person and nothing would load"
16525036-4f77-4e68-87ef-8cee88c9c0bd,376e56bf-5114-444f-8850-e96e4d0f7f67,Dean Francois,Mayor,1454813,FRANCOIS FOR COUNCIL 2022,FRANCOIS FOR COUNCIL 2022,310,TERMINATED 12/30/2022,40002:CONTROLLED,0:N/A,,,leave_no_candidate_name,"controlled, but Cal-Access names no controlling candidate and the SOS holds no e-filed reports: nothing identifies the person and nothing would load"
1fc8df5d-8f6a-4174-b981-afc47dcda0d6,bfa60e39-6a47-4d12-a26b-4742f6b139ab,Denise Menchaca,Mayor,1393663,MENCHACA FOR CITY COUNCIL 2017,MENCHACA FOR CITY COUNCIL 2017,626,TERMINATED 12/31/2018,40002:CONTROLLED,0:N/A,,,leave_no_candidate_name,"controlled, but Cal-Access names no controlling candidate and the SOS holds no e-filed reports: nothing identifies the person and nothing would load"
0edb5b01-3ec8-49bb-ba71-db9f5cb6630f,028e1a70-5ac2-42ec-bc2e-eafc9dcc630e,Diana Craighead,Board Member (District 5),1487894,CRAIGHEAD FOR SCHOOL BOARD 2026,CRAIGHEAD FOR SCHOOL BOARD 2026,310,TERMINATED 06/30/2026,40002:CONTROLLED,0:N/A,,,leave_no_candidate_name,"controlled, but Cal-Access names no controlling candidate and the SOS holds no e-filed reports: nothing identifies the person and nothing would load"
4ddf3916-f67a-4869-a92e-b674bb4706eb,4197ba7e-fcae-4111-bd81-615bb1527677,Doug Chaffee,Supervisor,1268776,CHAFFEE FOR COUNCIL,CHAFFEE FOR COUNCIL,818,TERMINATED 06/30/2005,40002:CONTROLLED,0:N/A,,,leave_no_candidate_name,"controlled, but Cal-Access names no controlling candidate and the SOS holds no e-filed reports: nothing identifies the person and nothing would load"
cfba6677-2bc3-4279-bd1d-c6cfb57f2963,4197ba7e-fcae-4111-bd81-615bb1527677,Doug Chaffee,Supervisor,1389043,CHAFFEE FOR MUNICIPAL WATER DISTRICT 2016,CHAFFEE FOR MUNICIPAL WATER DISTRICT 2016,949,TERMINATED 12/31/2016,40002:CONTROLLED,0:N/A,,,leave_no_candidate_name,"controlled, but Cal-Access names no controlling candidate and the SOS holds no e-filed reports: nothing identifies the person and nothing would load"
c7c236e2-f4b5-44bd-97cb-4f00c04668a9,28413e59-5cf6-416f-89c2-85a13ffdccc5,Doug Stewart,Mayor,1432514,STEWART FOR CITY COUNCIL 2020; DR,STEWART FOR CITY COUNCIL 2020; DR,909,TERMINATED 08/19/2022,40002:CONTROLLED,0:N/A,,,leave_no_candidate_name,"controlled, but Cal-Access names no controlling candidate and the SOS holds no e-filed reports: nothing identifies the person and nothing would load"
8197ec28-d69f-4ad9-b5e8-6450c770ee66,28413e59-5cf6-416f-89c2-85a13ffdccc5,Doug Stewart,Mayor,1427054,STEWART FOR MALIBU CITY COUNCIL 2020,STEWART FOR MALIBU CITY COUNCIL 2020,310,TERMINATED 12/12/2020,40002:CONTROLLED,0:N/A,,,leave_no_candidate_name,"controlled, but Cal-Access names no controlling candidate and the SOS holds no e-filed reports: nothing identifies the person and nothing would load"
534d2a17-a50f-45ee-9e7a-2d834941e99a,28413e59-5cf6-416f-89c2-85a13ffdccc5,Doug Stewart,Mayor,1451173,STEWART FOR MALIBU CITY COUNCIL 2022,STEWART FOR MALIBU CITY COUNCIL 2022,415,TERMINATED 12/18/2022,40002:CONTROLLED,0:N/A,,,leave_no_candidate_name,"controlled, but Cal-Access names no controlling candidate and the SOS holds no e-filed reports: nothing identifies the person and nothing would load"
2b15af42-570b-49e1-8fce-1bcdc5075b91,28413e59-5cf6-416f-89c2-85a13ffdccc5,Doug Stewart,Mayor,1227883,STEWART FOR TRUSTEE,STEWART FOR TRUSTEE,916,TERMINATED 12/21/2000,40002:CONTROLLED,0:N/A,,,leave_no_candidate_name,"controlled, but Cal-Access names no controlling candidate and the SOS holds no e-filed reports: nothing identifies the person and nothing would load"
a0911715-e380-4c84-b7ad-53887dae8178,84eebb94-9163-40ec-8cc2-1391a00e636e,Elen Asatryan,Councilmember,1460844,ASATRYAN FOR ASSEMBLY 2024,ASATRYAN FOR ASSEMBLY 2024,310,TERMINATED 06/30/2026,40002:CONTROLLED,0:N/A,ELEN ASATRYAN,"F460 x11, F497 x42",confirm,"Cal-Access bulk export (2026-09-23): category CONTROLLED; controlling candidate ELEN ASATRYAN (FILER_LINKS_CD / Form 460 cover); SOS e-filed reports F460 x11, F497 x42."
0a30e0fc-e59d-45a8-9f42-7a4a9f3a4a5b,6ed19c10-7b34-47f0-8705-0d154271e362,Eloy Morales,Council Member (District 3),1484996,MORALES FOR ASSEMBLY 2026,MORALES FOR ASSEMBLY 2026,714,ACTIVE,40002:CONTROLLED,0:N/A,PAULO MORALES,"F460 x4, F497 x8",dispute_other_person,"Cal-Access: this committee is controlled by PAULO MORALES, a different person with the same surname (FILER_LINKS_CD / Form 460 cover)."
f10cc21c-68ad-43d9-9ad1-e66305e5aec4,6ed19c10-7b34-47f0-8705-0d154271e362,Eloy Morales,Council Member (District 3),1390860,MORALES FOR CITY COUNCIL 2016,MORALES FOR CITY COUNCIL 2016,619,TERMINATED 12/31/2016,40002:CONTROLLED,0:N/A,,,leave_no_candidate_name,"controlled, but Cal-Access names no controlling candidate and the SOS holds no e-filed reports: nothing identifies the person and nothing would load"
102c7e15-955d-4e02-b618-31100c517d36,6ed19c10-7b34-47f0-8705-0d154271e362,Eloy Morales,Council Member (District 3),1437831,MORALES FOR COUNTY SUPERINTENDENT OF SCHOOLS 2022; DR.,MORALES FOR COUNTY SUPERINTENDENT OF SCHOOLS 2022; DR.,213,TERMINATED 08/09/2023,40002:CONTROLLED,0:N/A,,,leave_no_candidate_name,"controlled, but Cal-Access names no controlling candidate and the SOS holds no e-filed reports: nothing identifies the person and nothing would load"
77de2ef8-9645-4a8d-9482-763cc3298609,6ed19c10-7b34-47f0-8705-0d154271e362,Eloy Morales,Council Member (District 3),1485012,MORALES FOR COUNTY SUPERINTENDENT OF SCHOOLS 2026; DR.,MORALES FOR COUNTY SUPERINTENDENT OF SCHOOLS 2026; DR.,213,TERMINATED 06/24/2026,40002:CONTROLLED,0:N/A,,,leave_no_candidate_name,"controlled, but Cal-Access names no controlling candidate and the SOS holds no e-filed reports: nothing identifies the person and nothing would load"
5b3bb88b-ae4d-4af0-9aa5-f4b29e0d6f5a,d4b76944-76ed-4e7b-9c9f-40ebc29e2d9e,Emily Hibard,Council Member,1453353,HIBARD FOR CITY COUNCIL DISTRICT 5 2022,HIBARD FOR CITY COUNCIL DISTRICT 5 2026,562,ACTIVE,40002:CONTROLLED,0:N/A,,,leave_no_candidate_name,"controlled, but Cal-Access names no controlling candidate and the SOS holds no e-filed reports: nothing identifies the person and nothing would load"
24d4cb0f-5d49-4213-b395-77004ca9104b,384ab890-1f4f-4ec9-bf5e-cc689ed092b5,Emmanuel J. Estrada,Council Member,1390113,ESTRADA FOR CITY COUNCIL 2016,ESTRADA FOR CITY COUNCIL 2016,661,ACTIVE,40002:CONTROLLED,0:N/A,,,leave_no_candidate_name,"controlled, but Cal-Access names no controlling candidate and the SOS holds no e-filed reports: nothing identifies the person and nothing would load"
7e268fa5-274a-4453-95cd-f06a6c1946e1,90d759f2-9a58-43e4-8720-494924c7365e,Eniko Gold,Council Member,1394938,GOLD FOR CITY COUNCIL 2017,GOLD FOR CITY COUNCIL 2018,707,TERMINATED 09/18/2020,40002:CONTROLLED,0:N/A,,,leave_no_candidate_name,"controlled, but Cal-Access names no controlling candidate and the SOS holds no e-filed reports: nothing identifies the person and nothing would load"
97e9e21b-82a8-4603-b9c7-d298924551f6,90d759f2-9a58-43e4-8720-494924c7365e,Eniko Gold,Council Member,1221308,GOLD FOR SUPERVISOR,GOLD FOR SUPERVISOR,,TERMINATED 12/09/1999,40002:CONTROLLED,0:N/A,,,leave_no_candidate_name,"controlled, but Cal-Access names no controlling candidate and the SOS holds no e-filed reports: nothing identifies the person and nothing would load"
62d2fc3a-aab7-4150-9afa-5030454376d4,28ec5db0-6daa-4f01-9825-2193ba21e349,Eric Chan,Council Member,1420545,CHAN & LIANG; NO RECALL -,CHAN & LIANG; NO RECALL -,213,TERMINATED 07/14/2021,0:N/A,40102:PRIMARILY FORMED CANDIDATE,,,dispute_pf,"Cal-Access category PRIMARILY FORMED CANDIDATE: an independent committee that supports or opposes this person, not a committee they control; its money is not their fundraising."
d0a715bd-a812-472b-bbe6-6beb5a6f042b,28ec5db0-6daa-4f01-9825-2193ba21e349,Eric Chan,Council Member,1305228,"CHAN INDEPENDENT EXPENDITURE COMMITTEE MAJOR FUNDING BY THE CALIFORNIA MEDICAL ASSOCIATION PAC, PARTNERS FOR WILMA","CHAN INDEPENDENT EXPENDITURE COMMITTEE MAJOR FUNDING BY THE CALIFORNIA MEDICAL ASSOCIATION PAC, PARTNERS FOR WILMA",916,TERMINATED 06/30/2008,0:N/A,40102:PRIMARILY FORMED CANDIDATE,Wilma Chan,"F460 x2, F497 x2",dispute_pf,"Cal-Access category PRIMARILY FORMED CANDIDATE: an independent committee that supports or opposes this person, not a committee they control; its money is not their fundraising."
4dce4dc0-0187-43b5-a951-8089a43b1d9c,e024113e-ab16-4af6-aa75-d6ce89690a19,Eric Ohlsen,Council Member (District 4),1420273,OHLSEN FOR ASSEMBLY 2020,OHLSEN FOR ASSEMBLY 2020,661,TERMINATED 03/03/2020,40002:CONTROLLED,0:N/A,ERIC A. OHLSEN,,leave_no_sos_reports,"controlled by this person, but no SOS e-filed reports (files with a local filing officer): confirming would load no data and would show 'data pending' for ever"
b0d31ce5-27ab-4033-bd38-3a4151a45dce,e024113e-ab16-4af6-aa75-d6ce89690a19,Eric Ohlsen,Council Member (District 4),1433038,OHLSEN FOR PALMDALE MAYOR 2020,OHLSEN FOR PALMDALE MAYOR 2020,661,TERMINATED 02/01/2021,40002:CONTROLLED,0:N/A,,,leave_no_candidate_name,"controlled, but Cal-Access names no controlling candidate and the SOS holds no e-filed reports: nothing identifies the person and nothing would load"
4dfd5ab1-075c-4dab-a780-b2b6cd3de787,e024113e-ab16-4af6-aa75-d6ce89690a19,Eric Ohlsen,Council Member (District 4),1459556,OHLSEN FOR SENATE 2024,OHLSEN FOR SENATE 2024,916,TERMINATED 10/24/2023,40002:CONTROLLED,0:N/A,ERIC A. OHLSEN,"F460 x2, F497 x1",confirm,"Cal-Access bulk export (2026-09-23): category CONTROLLED; controlling candidate ERIC A. OHLSEN (FILER_LINKS_CD / Form 460 cover); SOS e-filed reports F460 x2, F497 x1."
959ba505-53b8-46fb-b4aa-3faef7b47009,3ac280eb-2029-4e17-b46b-9ff8a040dcfc,Ernest Richter,,1021383,RICHTER FOR ASSEMBLY COMMITTEE,RICHTER FOR ASSEMBLY COMMITTEE,916,TERMINATED 12/01/1990,40002:CONTROLLED,0:N/A,,,leave_no_candidate_name,"controlled, but Cal-Access names no controlling candidate and the SOS holds no e-filed reports: nothing identifies the person and nothing would load"
7abf871c-5312-4adf-b28a-e6a7b18e2adf,92876cb7-9905-4be7-b349-2a4a4ff39846,Estuardo Mazariegos,,1489139,"MAZARIEGOS FOR CITY COUNCIL AND MARISSA ROY FOR CITY ATTORNEY 2026, SPONSORED BY ACCE ACTION; COMMUNITIES UNITED FOR ESTUARDO","MAZARIEGOS FOR CITY COUNCIL AND MARISSA ROY FOR CITY ATTORNEY 2026, SPONSORED BY UNITED TEACHERS LOS ANGELES AND ALLIANCE OF CALIFORNIANS FOR COMMUNITY EMPOWERMENT (ACCE) ACTION; TEACHERS AND COMMUNIT",213,ACTIVE,0:N/A,40102:PRIMARILY FORMED CANDIDATE,,,dispute_pf,"Cal-Access category PRIMARILY FORMED CANDIDATE: an independent committee that supports or opposes this person, not a committee they control; its money is not their fundraising."
c3dc81db-17be-4381-9d85-187b0160e5b2,a9882d8b-b20d-4b0c-b509-c2883b4352e0,Faizah Malik,,1481083,MALIK FOR CITY COUNCIL 2026,MALIK FOR CITY COUNCIL 2026,310,ACTIVE,40002:CONTROLLED,0:N/A,,,leave_no_candidate_name,"controlled, but Cal-Access names no controlling candidate and the SOS holds no e-filed reports: nothing identifies the person and nothing would load"
883f538c-a0fe-40b7-8635-a2a4a257c0f0,e086df00-1e48-4882-9594-82f4e9ee273c,Francis De Leon Sanchez,Council Member,1449668,DE LEON FOR BELL GARDENS CITY COUNCIL 2022,DE LEON FOR BELL GARDENS CITY COUNCIL 2022,213,TERMINATED 05/10/2023,40002:CONTROLLED,0:N/A,,,leave_no_candidate_name,"controlled, but Cal-Access names no controlling candidate and the SOS holds no e-filed reports: nothing identifies the person and nothing would load"
b5cfff50-99c5-48c9-b402-a185164a9ef0,c5384731-1bde-469b-b40a-4057f7ea4ae7,Frank Talavera,Council Member,1280225,TALAVERA FOR CENTINELA VALLEY SCHOOL BOARD MEMBER,TALAVERA FOR CENTINELA VALLEY SCHOOL BOARD MEMBER,310,TERMINATED 03/07/2006,40002:CONTROLLED,0:N/A,,,leave_no_candidate_name,"controlled, but Cal-Access names no controlling candidate and the SOS holds no e-filed reports: nothing identifies the person and nothing would load"
d8f17ef6-ea21-4ef3-9acb-72ec95b9976e,280bf705-d019-4a3f-97e6-88921486faf2,Gabriel Quinones,Council Member,1452272,QUINONES FOR CITY COUNCIL DIST 3 2022,QUINONES FOR CITY COUNCIL DIST 3 2022,213,TERMINATED 03/23/2023,40002:CONTROLLED,0:N/A,,,leave_no_candidate_name,"controlled, but Cal-Access names no controlling candidate and the SOS holds no e-filed reports: nothing identifies the person and nothing would load"
9b5750c7-c8d2-4930-882d-84cd5eb2db76,90b0fc60-30ca-4388-92b0-ff5dd2b443cb,Gabriela Camacho,Council Member,1260897,CAMACHO 4 MAYOR ELECTION COMMITTEE,CAMACHO 4 MAYOR ELECTION COMMITTEE,310,ACTIVE,40002:CONTROLLED,0:N/A,,,leave_no_candidate_name,"controlled, but Cal-Access names no controlling candidate and the SOS holds no e-filed reports: nothing identifies the person and nothing would load"
d1114911-321c-4bd3-9eff-102cd466f2e3,90b0fc60-30ca-4388-92b0-ff5dd2b443cb,Gabriela Camacho,Council Member,1446251,CAMACHO FOR CITY COUNCIL 2026,CAMACHO FOR CITY COUNCIL 2026,213,ACTIVE,40002:CONTROLLED,0:N/A,,,leave_no_candidate_name,"controlled, but Cal-Access names no controlling candidate and the SOS holds no e-filed reports: nothing identifies the person and nothing would load"
2da5abea-81b3-448f-a297-67985ebf9653,90b0fc60-30ca-4388-92b0-ff5dd2b443cb,Gabriela Camacho,Council Member,1319557,CAMACHO FOR COUNCIL 2018,CAMACHO FOR COUNCIL 2018,213,TERMINATED 02/10/2024,40002:CONTROLLED,0:N/A,,,leave_no_candidate_name,"controlled, but Cal-Access names no controlling candidate and the SOS holds no e-filed reports: nothing identifies the person and nothing would load"
94ae98e8-9d2c-4353-b32d-c652becbf3df,90b0fc60-30ca-4388-92b0-ff5dd2b443cb,Gabriela Camacho,Council Member,1379894,CAMACHO FOR TREASURER 2015; LYNWOOD FAMILIES FOR,CAMACHO FOR TREASURER 2015; LYNWOOD FAMILIES FOR,310,TERMINATED 01/24/2017,40002:CONTROLLED,0:N/A,,,leave_no_candidate_name,"controlled, but Cal-Access names no controlling candidate and the SOS holds no e-filed reports: nothing identifies the person and nothing would load"
16199a14-0f46-4008-b789-6e76398595df,71f9120b-9376-4970-a04f-96ba991e0c15,Gary Loe,Council Member,1475769,LOE CITY COUNCIL 2024 DISTRICT 2,LOE CITY COUNCIL 2024 DISTRICT 2,562,TERMINATED 04/27/2026,40002:CONTROLLED,0:N/A,,,leave_no_candidate_name,"controlled, but Cal-Access names no controlling candidate and the SOS holds no e-filed reports: nothing identifies the person and nothing would load"
14fa68f2-9ad8-48b3-8732-05ae78113aa4,f26309c8-2525-49b2-bdaf-62980cbb1853,Gavin Newsom,Governor,1253962,CHINESE AMERICANS FOR NEWSOM,CHINESE AMERICANS FOR NEWSOM,510,TERMINATED 08/04/2004,0:N/A,40102:PRIMARILY FORMED CANDIDATE,,,dispute_pf,"Cal-Access category PRIMARILY FORMED CANDIDATE: an independent committee that supports or opposes this person, not a committee they control; its money is not their fundraising."
2030e16f-7775-4aea-aa5e-d5fbe98aaaff,f26309c8-2525-49b2-bdaf-62980cbb1853,Gavin Newsom,Governor,1224413,NEWSOM 2002,NEWSOM 2002,415,TERMINATED 08/09/2004,40002:CONTROLLED,0:N/A,,,leave_no_candidate_name,"controlled, but Cal-Access names no controlling candidate and the SOS holds no e-filed reports: nothing identifies the person and nothing would load"
63c9d8c3-41ea-489d-818f-8319ce1c2853,f26309c8-2525-49b2-bdaf-62980cbb1853,Gavin Newsom,Governor,1308175,NEWSOM FOR CALIFORNIA - GOVERNOR 2010,NEWSOM FOR CALIFORNIA - GOVERNOR 2010,415,TERMINATED 08/18/2011,40002:CONTROLLED,0:N/A,GAVIN NEWSOM,"F460 x19, F497 x87",confirm,"Cal-Access bulk export (2026-09-23): category CONTROLLED; controlling candidate GAVIN NEWSOM (FILER_LINKS_CD / Form 460 cover); SOS e-filed reports F460 x19, F497 x87."
ea77b414-aa0f-4daf-8ff3-cc762ee29110,f26309c8-2525-49b2-bdaf-62980cbb1853,Gavin Newsom,Governor,1325415,NEWSOM FOR CALIFORNIA - LIEUTENANT GOVERNOR 2010,NEWSOM FOR CALIFORNIA - LIEUTENANT GOVERNOR 2010,415,TERMINATED 12/31/2011,40002:CONTROLLED,0:N/A,GAVIN NEWSOM,"F460 x16, F497 x190",confirm,"Cal-Access bulk export (2026-09-23): category CONTROLLED; controlling candidate GAVIN NEWSOM (FILER_LINKS_CD / Form 460 cover); SOS e-filed reports F460 x16, F497 x190."
adf75fe6-6cd1-418f-ad6c-11ad12ef2b0d,f26309c8-2525-49b2-bdaf-62980cbb1853,Gavin Newsom,Governor,1375287,NEWSOM FOR CALIFORNIA GOVERNOR 2018,NEWSOM FOR CALIFORNIA GOVERNOR 2018,916,TERMINATED 12/31/2019,40002:CONTROLLED,0:N/A,GAVIN NEWSOM,"F460 x43, F497 x1259",confirm,"Cal-Access bulk export (2026-09-23): category CONTROLLED; controlling candidate GAVIN NEWSOM (FILER_LINKS_CD / Form 460 cover); SOS e-filed reports F460 x43, F497 x1259."
d9bab236-653b-435b-8d05-bb8f776c19d1,f26309c8-2525-49b2-bdaf-62980cbb1853,Gavin Newsom,Governor,1460135,NEWSOM FOR CALIFORNIA GOVERNOR 2022 OFFICEHOLDER ACCOUNT,NEWSOM FOR CALIFORNIA GOVERNOR 2022 OFFICEHOLDER ACCOUNT,916,ACTIVE,40002:CONTROLLED,0:N/A,GAVIN NEWSOM,"F460 x7, F497 x2",confirm,"Cal-Access bulk export (2026-09-23): category CONTROLLED; controlling candidate GAVIN NEWSOM (FILER_LINKS_CD / Form 460 cover); SOS e-filed reports F460 x7, F497 x2."
8d650554-d201-4941-904e-79754490551a,f26309c8-2525-49b2-bdaf-62980cbb1853,Gavin Newsom,Governor,1333762,NEWSOM FOR CALIFORNIA LIEUTENANT GOVERNOR 2014,NEWSOM FOR CALIFORNIA LIEUTENANT GOVERNOR 2014,916,TERMINATED 12/31/2018,40002:CONTROLLED,0:N/A,GAVIN NEWSOM,"F460 x52, F497 x276",confirm,"Cal-Access bulk export (2026-09-23): category CONTROLLED; controlling candidate GAVIN NEWSOM (FILER_LINKS_CD / Form 460 cover); SOS e-filed reports F460 x52, F497 x276."
a01edb66-0769-4764-82c4-3ebd982496d4,f26309c8-2525-49b2-bdaf-62980cbb1853,Gavin Newsom,Governor,1412931,NEWSOM FOR GOVERNOR 2018; CENTRAL VALLEY CIVIC ENGAGEMENT PROJECT FOR,NEWSOM FOR GOVERNOR 2018 SPONSORED BY THE CALIFORNIA BUILDING INDUSTRY ASSOCIATION INDEPENDENT EXPENDITURE COMMITTEE; CENTRAL VALLEY CIVIC ENGAGEMENT PROJECT FOR,916,TERMINATED 12/15/2019,0:N/A,40102:PRIMARILY FORMED CANDIDATE,Gavin Newsom,"F460 x2, F497 x1",dispute_pf,"Cal-Access category PRIMARILY FORMED CANDIDATE: an independent committee that supports or opposes this person, not a committee they control; its money is not their fundraising."
de71a512-a7e4-434c-b569-50ba431d2713,f26309c8-2525-49b2-bdaf-62980cbb1853,Gavin Newsom,Governor,1319132,"NEWSOM FOR GOVERNOR, CHANGE CALIFORNIA 2010","NEWSOM FOR GOVERNOR, CHANGE CALIFORNIA 2010",213,TERMINATED 06/30/2010,0:N/A,40102:PRIMARILY FORMED CANDIDATE,,,dispute_pf,"Cal-Access category PRIMARILY FORMED CANDIDATE: an independent committee that supports or opposes this person, not a committee they control; its money is not their fundraising."
d42324e0-1fdf-4e49-9565-4670485e5ce3,f26309c8-2525-49b2-bdaf-62980cbb1853,Gavin Newsom,Governor,1250905,NEWSOM FOR MAYOR,NEWSOM FOR MAYOR,415,TERMINATED 06/30/2007,40002:CONTROLLED,0:N/A,,,leave_no_candidate_name,"controlled, but Cal-Access names no controlling candidate and the SOS holds no e-filed reports: nothing identifies the person and nothing would load"
34878b45-b6b3-4128-933e-27998df4a73b,f26309c8-2525-49b2-bdaf-62980cbb1853,Gavin Newsom,Governor,1254055,"NEWSOM, AFRICAN AMERICANS FOR","NEWSOM, AFRICAN AMERICANS FOR",510,TERMINATED 08/04/2004,0:N/A,40102:PRIMARILY FORMED CANDIDATE,,,dispute_pf,"Cal-Access category PRIMARILY FORMED CANDIDATE: an independent committee that supports or opposes this person, not a committee they control; its money is not their fundraising."
633eaac8-c223-4845-b1ac-9100e6ad66f1,f26309c8-2525-49b2-bdaf-62980cbb1853,Gavin Newsom,Governor,1254056,"NEWSOM, LGBT COMMUNITY FOR","NEWSOM, LGBT COMMUNITY FOR",510,TERMINATED 08/04/2004,0:N/A,40102:PRIMARILY FORMED CANDIDATE,,,dispute_pf,"Cal-Access category PRIMARILY FORMED CANDIDATE: an independent committee that supports or opposes this person, not a committee they control; its money is not their fundraising."
dd4c8ee5-999a-490d-9775-3886ecdc0543,1635074f-3b7b-4d8c-a12d-e99367f99561,Gavin Solomon,,1377947,SOLOMON FOR NEWHALL SCHOOL BOARD 2015,SOLOMON FOR NEWHALL SCHOOL BOARD 2015,661,TERMINATED 08/31/2015,40002:CONTROLLED,0:N/A,,,leave_no_candidate_name,"controlled, but Cal-Access names no controlling candidate and the SOS holds no e-filed reports: nothing identifies the person and nothing would load"
43ffa5ac-9f22-4c45-93aa-10023278dbcc,1635074f-3b7b-4d8c-a12d-e99367f99561,Gavin Solomon,,1456730,SOLOMON FOR TREASURER 2023,SOLOMON FOR TREASURER 2023,310,ACTIVE,40002:CONTROLLED,0:N/A,,,leave_no_candidate_name,"controlled, but Cal-Access names no controlling candidate and the SOS holds no e-filed reports: nothing identifies the person and nothing would load"
c4b1a50a-2127-4f2c-b9c6-f32caca6e747,39426238-e6c2-47d3-bc54-93b8559c9f6b,Gene Masuda,Councilmember,1291164,MASUDA FOR CITY COUNCIL 2024,MASUDA FOR CITY COUNCIL 2024,626,TERMINATED 11/13/2023,40002:CONTROLLED,0:N/A,,,leave_no_candidate_name,"controlled, but Cal-Access names no controlling candidate and the SOS holds no e-filed reports: nothing identifies the person and nothing would load"
0de62910-bd3a-487e-b3f8-e44273b979ff,3e73448b-bd10-4e6b-bf2a-c9368cf64af9,George Dotson,,1272217,DOTSON FOR COUNCIL 2022,DOTSON FOR COUNCIL 2022,310,TERMINATED 06/30/2023,40002:CONTROLLED,0:N/A,,,leave_no_candidate_name,"controlled, but Cal-Access names no controlling candidate and the SOS holds no e-filed reports: nothing identifies the person and nothing would load"
691c8c11-d23e-47a7-974c-ce67f0b0bd6f,7a04bf87-ab95-4ae7-a142-9899662637b1,Gloria D. Gray,Council Member (District 1),1373906,GRAY FOR ASSEMBLY 2016,GRAY FOR ASSEMBLY 2016,916,TERMINATED 04/21/2018,40002:CONTROLLED,0:N/A,ADAM C. GRAY; Adam Gray,"F460 x15, F497 x124",dispute_other_person,"Cal-Access: this committee is controlled by ADAM C. GRAY; Adam Gray, a different person with the same surname (FILER_LINKS_CD / Form 460 cover)."
86e6d703-dd07-45aa-8a79-7d2fb2dfe950,7a04bf87-ab95-4ae7-a142-9899662637b1,Gloria D. Gray,Council Member (District 1),1392612,GRAY FOR ASSEMBLY 2018,GRAY FOR ASSEMBLY 2018,916,TERMINATED 06/30/2019,40002:CONTROLLED,0:N/A,ADAM C. GRAY; Adam Gray,"F460 x11, F497 x121",dispute_other_person,"Cal-Access: this committee is controlled by ADAM C. GRAY; Adam Gray, a different person with the same surname (FILER_LINKS_CD / Form 460 cover)."
6585c8fc-6dc3-4ddc-a417-ad970085d6c2,7a04bf87-ab95-4ae7-a142-9899662637b1,Gloria D. Gray,Council Member (District 1),1414307,GRAY FOR ASSEMBLY 2020,GRAY FOR ASSEMBLY 2020,916,TERMINATED 12/31/2020,40002:CONTROLLED,0:N/A,ADAM C. GRAY; Adam Gray,"F460 x10, F497 x112",dispute_other_person,"Cal-Access: this committee is controlled by ADAM C. GRAY; Adam Gray, a different person with the same surname (FILER_LINKS_CD / Form 460 cover)."
9fee920e-643b-46e3-8b02-dd0cc5dfe045,7a04bf87-ab95-4ae7-a142-9899662637b1,Gloria D. Gray,Council Member (District 1),1434955,GRAY FOR ASSEMBLY 2022,GRAY FOR ASSEMBLY 2022,916,TERMINATED 04/18/2023,40002:CONTROLLED,0:N/A,ADAM C. GRAY; Adam Gray,"F460 x9, F497 x6",dispute_other_person,"Cal-Access: this committee is controlled by ADAM C. GRAY; Adam Gray, a different person with the same surname (FILER_LINKS_CD / Form 460 cover)."
8e1dfd40-76fe-4862-9599-a8f4a62a52b9,7a04bf87-ab95-4ae7-a142-9899662637b1,Gloria D. Gray,Council Member (District 1),1347971,GRAY FOR CENTRAL BASIN MUNICIPAL WATER DISTRICT DIRECTOR 2012,GRAY FOR CENTRAL BASIN MUNICIPAL WATER DISTRICT DIRECTOR 2012,562,TERMINATED 01/28/2013,40002:CONTROLLED,0:N/A,,,leave_no_candidate_name,"controlled, but Cal-Access names no controlling candidate and the SOS holds no e-filed reports: nothing identifies the person and nothing would load"
7bf5feb2-3a36-428a-b264-bebc6c3e3179,7a04bf87-ab95-4ae7-a142-9899662637b1,Gloria D. Gray,Council Member (District 1),1247599,GRAY P.A.C.,GRAY P.A.C.,714,TERMINATED 01/11/2007,40002:CONTROLLED,0:N/A,,,leave_no_candidate_name,"controlled, but Cal-Access names no controlling candidate and the SOS holds no e-filed reports: nothing identifies the person and nothing would load"
b71785bd-49fb-4848-a2c4-c22a585dc492,4c098a3b-d1b4-4751-8ace-2100f43f20b5,Gloria Olmos,Mayor,1397041,OLMOS FOR CITY COUNCIL 2019,OLMOS FOR CITY COUNCIL 2019,949,ACTIVE,40002:CONTROLLED,0:N/A,,,leave_no_candidate_name,"controlled, but Cal-Access names no controlling candidate and the SOS holds no e-filed reports: nothing identifies the person and nothing would load"
3802e594-f6db-4e05-9e2a-bf1d32228fbe,aa4fea2e-80a3-42e9-b94f-e9fc5e0b966f,Greg Stefflre,Council Member,1476750,STEFFLRE FOR CITY COUNCIL 2024,STEFFLRE FOR CITY COUNCIL 2024,213,ACTIVE,40002:CONTROLLED,0:N/A,,,leave_no_candidate_name,"controlled, but Cal-Access names no controlling candidate and the SOS holds no e-filed reports: nothing identifies the person and nothing would load"
15420ef1-b793-4cb6-b0ec-85922e3954e6,29a8c85b-2572-463c-8034-8986615d7717,Heather Hutt,Council Member,1437140,HUTT FOR ASSEMBLY 2021,HUTT FOR ASSEMBLY 2021,310,TERMINATED 06/30/2022,40002:CONTROLLED,0:N/A,HEATHER HUTT,"F460 x5, F497 x56",confirm,"Cal-Access bulk export (2026-09-23): category CONTROLLED; controlling candidate HEATHER HUTT (FILER_LINKS_CD / Form 460 cover); SOS e-filed reports F460 x5, F497 x56."
fee026c0-3572-4fbd-b401-11ebad5aec44,29a8c85b-2572-463c-8034-8986615d7717,Heather Hutt,Council Member,1435499,HUTT FOR ASSEMBLY 2022,HUTT FOR ASSEMBLY 2022,310,TERMINATED 06/30/2022,40002:CONTROLLED,0:N/A,HEATHER HUTT,"F460 x5, F497 x14",confirm,"Cal-Access bulk export (2026-09-23): category CONTROLLED; controlling candidate HEATHER HUTT (FILER_LINKS_CD / Form 460 cover); SOS e-filed reports F460 x5, F497 x14."
c25abda9-4300-415c-80bc-a0e10811f1f2,f1f3e6ca-5532-4f33-8ec2-64791b08f59b,Hilda L. Solis,Supervisor,1397391,SOLIS FOR SENATE 2018,SOLIS FOR SENATE 2018,916,TERMINATED 06/30/2018,40002:CONTROLLED,0:N/A,ABIGAIL SOLIS,F460 x4,dispute_other_person,"Cal-Access: this committee is controlled by ABIGAIL SOLIS, a different person with the same surname (FILER_LINKS_CD / Form 460 cover)."
e76521bb-f35d-4fca-93b5-dc9cd831ab91,f1f3e6ca-5532-4f33-8ec2-64791b08f59b,Hilda L. Solis,Supervisor,1374016,SOLIS FOR SUPERVISOR 2014 OFFICEHOLDER ACCOUNT,SOLIS FOR SUPERVISOR 2014 OFFICEHOLDER ACCOUNT,323,ACTIVE,40002:CONTROLLED,0:N/A,,,leave_no_candidate_name,"controlled, but Cal-Access names no controlling candidate and the SOS holds no e-filed reports: nothing identifies the person and nothing would load"
8616212a-1c73-4051-834d-e92dd36ab4b7,f1f3e6ca-5532-4f33-8ec2-64791b08f59b,Hilda L. Solis,Supervisor,1395229,SOLIS FOR SUPERVISOR 2018,SOLIS FOR SUPERVISOR 2018,323,TERMINATED 12/31/2022,40002:CONTROLLED,0:N/A,,,leave_no_candidate_name,"controlled, but Cal-Access names no controlling candidate and the SOS holds no e-filed reports: nothing identifies the person and nothing would load"
53055a7e-8985-4163-84d8-d017481f7794,0e00453c-c95f-4d44-a7af-cf1307850a00,Hugo Argumedo,Council Member,1377568,"ARGUMEDO, LEGAL DEFENSE FUND FOR COUNCILMEMBER","ARGUMEDO, LEGAL DEFENSE FUND FOR COUNCILMEMBER",310,TERMINATED 12/31/2018,40002:CONTROLLED,0:N/A,,,leave_no_candidate_name,"controlled, but Cal-Access names no controlling candidate and the SOS holds no e-filed reports: nothing identifies the person and nothing would load"
efe8728d-73dd-4ac6-a8a1-ac143c8eaaac,5cdd28b7-f8be-4968-bc1a-0e7928786980,Isaac G. Bryan,Assembly Member,1436986,BRYAN FOR ASSEMBLY 2021,BRYAN FOR ASSEMBLY 2021,213,TERMINATED 12/31/2021,40002:CONTROLLED,0:N/A,ISAAC BRYAN; Issac Bryan,"F460 x6, F497 x31",confirm,"Cal-Access bulk export (2026-09-23): category CONTROLLED; controlling candidate ISAAC BRYAN; Issac Bryan (FILER_LINKS_CD / Form 460 cover); SOS e-filed reports F460 x6, F497 x31."
ca9a48d2-6a25-462a-aedb-c951e67b768e,5cdd28b7-f8be-4968-bc1a-0e7928786980,Isaac G. Bryan,Assembly Member,1435259,BRYAN FOR ASSEMBLY 2022,BRYAN FOR ASSEMBLY 2022,213,TERMINATED 06/30/2023,40002:CONTROLLED,0:N/A,ISAAC BRYAN; Issac Bryan,"F460 x14, F497 x115",confirm,"Cal-Access bulk export (2026-09-23): category CONTROLLED; controlling candidate ISAAC BRYAN; Issac Bryan (FILER_LINKS_CD / Form 460 cover); SOS e-filed reports F460 x14, F497 x115."
d7783c11-6cbd-4a1d-9ac5-22bd097fc8b1,5cdd28b7-f8be-4968-bc1a-0e7928786980,Isaac G. Bryan,Assembly Member,1456634,BRYAN FOR ASSEMBLY 2024,BRYAN FOR ASSEMBLY 2024,213,TERMINATED 06/30/2025,40002:CONTROLLED,0:N/A,ISAAC BRYAN,"F460 x10, F497 x107",confirm,"Cal-Access bulk export (2026-09-23): category CONTROLLED; controlling candidate ISAAC BRYAN (FILER_LINKS_CD / Form 460 cover); SOS e-filed reports F460 x10, F497 x107."
3b2a62bd-9c82-4110-8f78-6fc6ca386102,5cdd28b7-f8be-4968-bc1a-0e7928786980,Isaac G. Bryan,Assembly Member,1477262,BRYAN FOR ASSEMBLY 2026,BRYAN FOR ASSEMBLY 2026,213,ACTIVE,40002:CONTROLLED,0:N/A,ISAAC BRYAN,"F460 x10, F497 x66",confirm,"Cal-Access bulk export (2026-09-23): category CONTROLLED; controlling candidate ISAAC BRYAN (FILER_LINKS_CD / Form 460 cover); SOS e-filed reports F460 x10, F497 x66."
0cc43237-9a55-4641-9d9a-6eefd7c8b6e4,fa591cc1-9072-447f-a913-dc14524a85dc,Ivan Altamirano,Mayor,1396278,"LEON, BACA DEL RIO & ALTAMIRANO FOR CITY COUNCIL 2017; COMMERCE FORWARD SUPPORTING","LEON, BACA DEL RIO & ALTAMIRANO FOR CITY COUNCIL 2017; COMMERCE FORWARD SUPPORTING",916,TERMINATED 06/30/2017,0:N/A,40102:PRIMARILY FORMED CANDIDATE,,,dispute_pf,"Cal-Access category PRIMARILY FORMED CANDIDATE: an independent committee that supports or opposes this person, not a committee they control; its money is not their fundraising."
2cf9f18f-8f01-401e-8295-e774afcfceee,e2693f04-ad66-44a2-830a-d4eaa5235ff3,Ivan Perkins,,1260552,PERKINS FOR ASSEMBLY,PERKINS FOR ASSEMBLY,831,TERMINATED 04/30/2005,40002:CONTROLLED,0:N/A,ROBERT E. PERKINS; Bob Perkins,"F460 x8, F497 x18",dispute_other_person,"Cal-Access: this committee is controlled by ROBERT E. PERKINS; Bob Perkins, a different person with the same surname (FILER_LINKS_CD / Form 460 cover)."
7922d2fd-4fdd-41d3-9c29-c1451f68040d,e2693f04-ad66-44a2-830a-d4eaa5235ff3,Ivan Perkins,,1232224,PERKINS FOR ASSEMBLY,PERKINS FOR ASSEMBLY,866,TERMINATED 10/02/2002,40002:CONTROLLED,0:N/A,Charles E. Perkins,"F460 x4, F497 x6",dispute_other_person,"Cal-Access: this committee is controlled by Charles E. Perkins, a different person with the same surname (FILER_LINKS_CD / Form 460 cover)."
e0bbf0db-fd6d-44cc-b730-bb9514eba0ea,97285c92-b664-4687-a1e4-6d88cf9c7fe4,Jacqui Irwin,Assembly Member,1435250,IRWIN FOR ASSEMBLY 2022,IRWIN FOR ASSEMBLY 2022,916,TERMINATED 03/28/2023,40002:CONTROLLED,0:N/A,JACQUI IRWIN,"F460 x14, F497 x131",confirm,"Cal-Access bulk export (2026-09-23): category CONTROLLED; controlling candidate JACQUI IRWIN (FILER_LINKS_CD / Form 460 cover); SOS e-filed reports F460 x14, F497 x131."
0aa28800-23e4-44ff-ad7f-25ffa0ec21b6,97285c92-b664-4687-a1e4-6d88cf9c7fe4,Jacqui Irwin,Assembly Member,1456714,IRWIN FOR ASSEMBLY 2024,IRWIN FOR ASSEMBLY 2024,916,TERMINATED 06/30/2025,40002:CONTROLLED,0:N/A,JACQUI IRWIN,"F460 x13, F497 x97",confirm,"Cal-Access bulk export (2026-09-23): category CONTROLLED; controlling candidate JACQUI IRWIN (FILER_LINKS_CD / Form 460 cover); SOS e-filed reports F460 x13, F497 x97."
74123aab-dab9-43da-9fe9-c3b17fd42a46,cc643852-7c6d-48d3-9d2e-46fe5cbcf7db,Jake Levine,,1453845,LEVINE 4 MAYOR 2022,LEVINE 4 MAYOR 2022,310,TERMINATED 02/28/2023,40002:CONTROLLED,0:N/A,,,leave_no_candidate_name,"controlled, but Cal-Access names no controlling candidate and the SOS holds no e-filed reports: nothing identifies the person and nothing would load"
7a8c4ab6-8382-45c1-b9b3-9b8e6a9a2e31,cc643852-7c6d-48d3-9d2e-46fe5cbcf7db,Jake Levine,,1250988,LEVINE FOR ASSEMBLY 2004,LEVINE FOR ASSEMBLY 2004,323,TERMINATED 02/26/2005,40002:CONTROLLED,0:N/A,LLOYD LEVINE,"F460 x11, F497 x45",dispute_other_person,"Cal-Access: this committee is controlled by LLOYD LEVINE, a different person with the same surname (FILER_LINKS_CD / Form 460 cover)."
9bbe7f64-1a38-4efe-9faf-a33d3c33574a,cc643852-7c6d-48d3-9d2e-46fe5cbcf7db,Jake Levine,,1272841,LEVINE FOR ASSEMBLY 2006,LEVINE FOR ASSEMBLY 2006,818,TERMINATED 12/15/2008,40002:CONTROLLED,0:N/A,LLOYD LEVINE,"F460 x16, F497 x51",dispute_other_person,"Cal-Access: this committee is controlled by LLOYD LEVINE, a different person with the same surname (FILER_LINKS_CD / Form 460 cover)."
4c11c21f-f3e8-40fc-8c23-6996943ad8ce,cc643852-7c6d-48d3-9d2e-46fe5cbcf7db,Jake Levine,,1339058,LEVINE FOR ASSEMBLY 2012,LEVINE FOR ASSEMBLY 2012,415,TERMINATED 06/30/2013,40002:CONTROLLED,0:N/A,MARC LEVINE,"F460 x14, F497 x54",dispute_other_person,"Cal-Access: this committee is controlled by MARC LEVINE, a different person with the same surname (FILER_LINKS_CD / Form 460 cover)."
a7d72792-692e-4a81-aa3b-7ace180f7e0f,cc643852-7c6d-48d3-9d2e-46fe5cbcf7db,Jake Levine,,1389170,LEVINE FOR CITY COUNCIL 2016,LEVINE FOR CITY COUNCIL 2016,510,TERMINATED 12/14/2016,40002:CONTROLLED,0:N/A,,,leave_no_candidate_name,"controlled, but Cal-Access names no controlling candidate and the SOS holds no e-filed reports: nothing identifies the person and nothing would load"
8656d859-6243-4a9e-8e1d-9a4cccb95d42,cc643852-7c6d-48d3-9d2e-46fe5cbcf7db,Jake Levine,,1441482,LEVINE FOR FUSD TRUSTEE AREA 5 - 2024,LEVINE FOR FUSD TRUSTEE AREA 5 - 2024,559,TERMINATED 10/14/2025,40002:CONTROLLED,0:N/A,,,leave_no_candidate_name,"controlled, but Cal-Access names no controlling candidate and the SOS holds no e-filed reports: nothing identifies the person and nothing would load"
4905d7df-6473-41c7-8b80-145795937294,cc643852-7c6d-48d3-9d2e-46fe5cbcf7db,Jake Levine,,1451177,LEVINE FOR INSURANCE COMMISSIONER 2026,LEVINE FOR INSURANCE COMMISSIONER 2026,415,TERMINATED 04/13/2026,40002:CONTROLLED,0:N/A,MARC LEVINE,F460 x7,dispute_other_person,"Cal-Access: this committee is controlled by MARC LEVINE, a different person with the same surname (FILER_LINKS_CD / Form 460 cover)."
9108f194-37a7-4598-b207-3387f21759bd,cc643852-7c6d-48d3-9d2e-46fe5cbcf7db,Jake Levine,,1463461,LEVINE FOR SONORA CITY COUNCIL 2024,LEVINE FOR SONORA CITY COUNCIL 2024,209,ACTIVE,40002:CONTROLLED,0:N/A,,,leave_no_candidate_name,"controlled, but Cal-Access names no controlling candidate and the SOS holds no e-filed reports: nothing identifies the person and nothing would load"
14e7d853-3db9-4a37-99b0-3a0c79249220,cc643852-7c6d-48d3-9d2e-46fe5cbcf7db,Jake Levine,,1461175,LEVINE FOR SUPERVISOR 2024,LEVINE FOR SUPERVISOR 2024,415,TERMINATED 12/31/2023,40002:CONTROLLED,0:N/A,,,leave_no_candidate_name,"controlled, but Cal-Access names no controlling candidate and the SOS holds no e-filed reports: nothing identifies the person and nothing would load"
9b091b20-e7ac-4667-ad19-7cab0d7f13ec,f7e7461a-6416-4fda-965b-6dfd10dd1f12,James A Light,Mayor,1352882,LIGHT FOR CITY COUNCIL DISTRICT 1 2013,LIGHT FOR CITY COUNCIL DISTRICT 1 2013,310,TERMINATED 07/28/2013,40002:CONTROLLED,0:N/A,,,leave_no_candidate_name,"controlled, but Cal-Access names no controlling candidate and the SOS holds no e-filed reports: nothing identifies the person and nothing would load"
0d1efce0-c864-43c1-a5be-a7c6869a266c,f7e7461a-6416-4fda-965b-6dfd10dd1f12,James A Light,Mayor,1477387,LIGHT FOR MAYOR 2025,LIGHT FOR MAYOR 2025,213,TERMINATED 01/23/2026,40002:CONTROLLED,0:N/A,,,leave_no_candidate_name,"controlled, but Cal-Access names no controlling candidate and the SOS holds no e-filed reports: nothing identifies the person and nothing would load"
9146dfac-1b8e-4091-b30f-066aba8fba9b,f7e7461a-6416-4fda-965b-6dfd10dd1f12,James A Light,Mayor,1341055,LIGHT FOR SCHOOL BOARD 2011,LIGHT FOR SCHOOL BOARD 2011,213,TERMINATED 10/22/2011,40002:CONTROLLED,0:N/A,,,leave_no_candidate_name,"controlled, but Cal-Access names no controlling candidate and the SOS holds no e-filed reports: nothing identifies the person and nothing would load"
809d972e-f386-4d36-9341-890cd1671229,6640a2dd-0f1d-4f3e-a794-23e3cc716ae6,Janice Hahn,Supervisor,1234341,HAHN FOR CITY COUNCIL - GENERAL 2001,HAHN FOR CITY COUNCIL - GENERAL 2001,213,TERMINATED 06/02/2003,40002:CONTROLLED,0:N/A,,,leave_no_candidate_name,"controlled, but Cal-Access names no controlling candidate and the SOS holds no e-filed reports: nothing identifies the person and nothing would load"
4cdc65d0-bc45-43e7-a7a6-38bde5ac0f90,6640a2dd-0f1d-4f3e-a794-23e3cc716ae6,Janice Hahn,Supervisor,1076004,HAHN FOR MAYOR,HAHN FOR MAYOR,213,TERMINATED 07/15/2003,40002:CONTROLLED,0:N/A,,,leave_no_candidate_name,"controlled, but Cal-Access names no controlling candidate and the SOS holds no e-filed reports: nothing identifies the person and nothing would load"
56e43f47-a3b8-4285-8a02-bdaa312e673a,434cd9b0-ce80-42fd-b71d-f221349e33f5,Jason Gibbs,Council Member (District 3),1055434,"GIBBS, CITIZENS FOR","GIBBS, CITIZENS FOR",213,TERMINATED 02/26/1992,40002:CONTROLLED,0:N/A,"GIBBS, GEOFFREY TAYLOR",,leave_no_candidate_name,"controlled, but Cal-Access names no controlling candidate and the SOS holds no e-filed reports: nothing identifies the person and nothing would load"
06b677a4-5b60-4468-be43-f4be7ee409ab,0d3f6eaf-8f8e-4ec3-a2e7-a8e67487450e,Jason Lyon,Councilmember,1260716,LYON FOR ASSEMBLY COMMITTEE,LYON FOR ASSEMBLY COMMITTEE,909,TERMINATED 03/14/2005,40002:CONTROLLED,0:N/A,GEOFFREY LYON,,dispute_other_person,"Cal-Access: this committee is controlled by GEOFFREY LYON, a different person with the same surname (FILER_LINKS_CD / Form 460 cover)."
aeb6af3b-4843-498b-9337-3dd50f4d3eb0,0d3f6eaf-8f8e-4ec3-a2e7-a8e67487450e,Jason Lyon,Councilmember,1077363,LYON FOR STATE SENATE 27,LYON FOR STATE SENATE 27,310,TERMINATED 09/04/2002,40002:CONTROLLED,0:N/A,MARILYN LYON,,dispute_other_person,"Cal-Access: this committee is controlled by MARILYN LYON, a different person with the same surname (FILER_LINKS_CD / Form 460 cover)."
6984cc08-0f18-47b7-b321-ecbc7a6cec24,4ef6ef6a-7a0c-4f66-bc9e-3e923ce4965d,Jen Fenton,Board Member,1018479,FENTON FOR ASSEMBLY,FENTON FOR ASSEMBLY,213,TERMINATED 12/01/1990,40002:CONTROLLED,0:N/A,"FENTON, MASON L.; FENTON, JACK R.",,leave_no_candidate_name,"controlled, but Cal-Access names no controlling candidate and the SOS holds no e-filed reports: nothing identifies the person and nothing would load"
e0a34e7d-25ab-4d06-9c85-d0ed8bf8ddce,c096896b-72e7-49e3-87ea-ddc90888b996,Jennifer Freemon,,1336019,FREEMON FOR SCHOOL BOARD 2011,FREEMON FOR SCHOOL BOARD 2011,818,TERMINATED 06/30/2011,40002:CONTROLLED,0:N/A,,,leave_no_candidate_name,"controlled, but Cal-Access names no controlling candidate and the SOS holds no e-filed reports: nothing identifies the person and nothing would load"
9c623f7a-89eb-441f-9953-22bc7e9c682a,c096896b-72e7-49e3-87ea-ddc90888b996,Jennifer Freemon,,1355844,FREEMON FOR SCHOOL BOARD 2013,FREEMON FOR SCHOOL BOARD 2013,818,TERMINATED 08/15/2013,40002:CONTROLLED,0:N/A,,,leave_no_candidate_name,"controlled, but Cal-Access names no controlling candidate and the SOS holds no e-filed reports: nothing identifies the person and nothing would load"
7c9fcfb9-fb11-468d-9217-e3f0b3d25181,c096896b-72e7-49e3-87ea-ddc90888b996,Jennifer Freemon,,1374892,FREEMON FOR SCHOOL BOARD 2015,FREEMON FOR SCHOOL BOARD 2015,818,TERMINATED 06/30/2015,40002:CONTROLLED,0:N/A,,,leave_no_candidate_name,"controlled, but Cal-Access names no controlling candidate and the SOS holds no e-filed reports: nothing identifies the person and nothing would load"
a188ead7-a722-455a-a9dd-34f275b14bd4,c096896b-72e7-49e3-87ea-ddc90888b996,Jennifer Freemon,,1423006,FREEMON FOR SCHOOL BOARD 2020,FREEMON FOR SCHOOL BOARD 2020,818,TERMINATED 12/15/2020,40002:CONTROLLED,0:N/A,,,leave_no_candidate_name,"controlled, but Cal-Access names no controlling candidate and the SOS holds no e-filed reports: nothing identifies the person and nothing would load"
46d42831-05a0-417f-bfd4-71d3a2bb1bd6,60c73b5e-8097-48a4-89bd-97681f44b2ce,Jennifer Osborn,Director of Industrial Relations,1066486,OSBORN FOR SENATE,OSBORN FOR SENATE,916,TERMINATED 11/16/1995,40002:CONTROLLED,0:N/A,"OSBORN, GEORGE",,leave_no_candidate_name,"controlled, but Cal-Access names no controlling candidate and the SOS holds no e-filed reports: nothing identifies the person and nothing would load"
b7cd9c31-e000-4a71-b150-31edc95b2bb1,d8767eea-759a-4298-9e3b-089659d15732,Jeremy Gerson,Council Member,1412571,GERSON FOR SCHOOL BOARD 2018,GERSON FOR SCHOOL BOARD 2018,310,ACTIVE,40002:CONTROLLED,0:N/A,,,leave_no_candidate_name,"controlled, but Cal-Access names no controlling candidate and the SOS holds no e-filed reports: nothing identifies the person and nothing would load"
23050c6f-aa7e-49dd-b13c-e880b6a2e5b8,f173ce9a-6941-4570-bd3f-97bc1157beaf,Jesse Gabriel,Assembly Member,1050941,GABRIEL FOR ASSEMBLY,GABRIEL FOR ASSEMBLY,818,TERMINATED 12/01/1990,40002:CONTROLLED,0:N/A,"GABRIEL, HELEN R.",,leave_no_candidate_name,"controlled, but Cal-Access names no controlling candidate and the SOS holds no e-filed reports: nothing identifies the person and nothing would load"
55c722bf-f87e-4d8a-b0a5-a8bc61f2d3e6,f173ce9a-6941-4570-bd3f-97bc1157beaf,Jesse Gabriel,Assembly Member,1261365,GABRIEL FOR ASSEMBLY,GABRIEL FOR ASSEMBLY,626,TERMINATED 06/30/2005,40002:CONTROLLED,0:N/A,LYNN GABRIEL,"F460 x11, F497 x24",dispute_other_person,"Cal-Access: this committee is controlled by LYNN GABRIEL, a different person with the same surname (FILER_LINKS_CD / Form 460 cover)."
e8464f95-ae49-4293-b846-99423a277260,f173ce9a-6941-4570-bd3f-97bc1157beaf,Jesse Gabriel,Assembly Member,1439973,GABRIEL FOR GOVERNOR 2021,GABRIEL FOR GOVERNOR 2021,650,TERMINATED 12/20/2023,40002:CONTROLLED,0:N/A,MICHAEL LYNN GABRIEL,,dispute_other_person,"Cal-Access: this committee is controlled by MICHAEL LYNN GABRIEL, a different person with the same surname (FILER_LINKS_CD / Form 460 cover)."
e122654d-4f90-4441-8f8e-d293ec4c95b0,d970169d-cecc-4cb0-979b-785fecc47ed6,Jesse Zwick,Council Member,1449278,ZWICK FOR CITY COUNCIL 2022,ZWICK FOR CITY COUNCIL 2022,424,TERMINATED 07/26/2023,40002:CONTROLLED,0:N/A,,,leave_no_candidate_name,"controlled, but Cal-Access names no controlling candidate and the SOS holds no e-filed reports: nothing identifies the person and nothing would load"
04a6f922-3b18-46ac-8b83-4634a1d7d1c6,c7f76380-249c-436b-824c-ba44ff496c40,Jessica Ancona,Mayor,1409231,ANCONA FOR CITY COUNCIL 2018,ANCONA FOR CITY COUNCIL 2018,626,TERMINATED 12/31/2020,40002:CONTROLLED,0:N/A,,,leave_no_candidate_name,"controlled, but Cal-Access names no controlling candidate and the SOS holds no e-filed reports: nothing identifies the person and nothing would load"
4d10aff4-4348-4498-9375-e12fedaad54f,c7f76380-249c-436b-824c-ba44ff496c40,Jessica Ancona,Mayor,1429063,ANCONA FOR MAYOR 2020,ANCONA FOR MAYOR 2020,626,TERMINATED 01/30/2022,40002:CONTROLLED,0:N/A,,,leave_no_candidate_name,"controlled, but Cal-Access names no controlling candidate and the SOS holds no e-filed reports: nothing identifies the person and nothing would load"
bfdacf11-969d-407d-a05d-3aa7d3fbed87,c7f76380-249c-436b-824c-ba44ff496c40,Jessica Ancona,Mayor,1440716,ANCONA FOR MAYOR 2022,ANCONA FOR MAYOR 2022,626,TERMINATED 06/30/2023,40002:CONTROLLED,0:N/A,,,leave_no_candidate_name,"controlled, but Cal-Access names no controlling candidate and the SOS holds no e-filed reports: nothing identifies the person and nothing would load"
ada3ea6b-7122-43c0-9b82-bf7a3467ee1b,c7f76380-249c-436b-824c-ba44ff496c40,Jessica Ancona,Mayor,1477974,ANCONA FOR MAYOR 2026,ANCONA FOR MAYOR 2026,626,ACTIVE,40002:CONTROLLED,0:N/A,,,leave_no_candidate_name,"controlled, but Cal-Access names no controlling candidate and the SOS holds no e-filed reports: nothing identifies the person and nothing would load"
6b9dcfd5-f240-46cd-83a2-89257943d916,c7f76380-249c-436b-824c-ba44ff496c40,Jessica Ancona,Mayor,1395856,ANCONA FOR SCHOOL BOARD 2018,ANCONA FOR SCHOOL BOARD 2018,626,TERMINATED 09/22/2018,40002:CONTROLLED,0:N/A,,,leave_no_candidate_name,"controlled, but Cal-Access names no controlling candidate and the SOS holds no e-filed reports: nothing identifies the person and nothing would load"
e0d9223c-1f8b-4c4a-b094-699fb61aea85,685f2150-7b2a-4f94-992c-bf0cf23ffa69,Jessica M. Caloza,Assembly Member,1461642,CALOZA FOR ASSEMBLY 2024,CALOZA FOR ASSEMBLY 2024,213,TERMINATED 04/28/2025,40002:CONTROLLED,0:N/A,JESSICA CALOZA,"F460 x11, F497 x121",confirm,"Cal-Access bulk export (2026-09-23): category CONTROLLED; controlling candidate JESSICA CALOZA (FILER_LINKS_CD / Form 460 cover); SOS e-filed reports F460 x11, F497 x121."
82cd5b11-ead5-4bc6-8629-79e2364f654f,685f2150-7b2a-4f94-992c-bf0cf23ffa69,Jessica M. Caloza,Assembly Member,1476900,CALOZA FOR ASSEMBLY 2026,CALOZA FOR ASSEMBLY 2026,916,ACTIVE,40002:CONTROLLED,0:N/A,JESSICA CALOZA,"F460 x7, F497 x138",confirm,"Cal-Access bulk export (2026-09-23): category CONTROLLED; controlling candidate JESSICA CALOZA (FILER_LINKS_CD / Form 460 cover); SOS e-filed reports F460 x7, F497 x138."
456c370b-29e1-42c1-b3c6-b0360a97d9a0,685f2150-7b2a-4f94-992c-bf0cf23ffa69,Jessica M. Caloza,Assembly Member,1475311,CALOZA FOR ASSEMBLY 2024; PROGRESSIVE WOMEN FOR A MORE EQUITABLE LOS ANGELES SUPPORTING JESSICA,PROGRESSIVE WOMEN FOR A MORE EQUITABLE LOS ANGELES,916,ACTIVE,0:N/A,40102:PRIMARILY FORMED CANDIDATE,Jessica Caloza; Franky Carrillo,"F460 x5, F497 x5",dispute_pf,"Cal-Access category PRIMARILY FORMED CANDIDATE: an independent committee that supports or opposes this person, not a committee they control; its money is not their fundraising."
50425a11-c8db-4ab2-9b15-f73e51871658,24866433-c285-4f4b-8cce-60bf4cce13d3,Jesus Rivera,Council Member,1354555,RIVERA FOR CITY COUNCIL 2014,RIVERA FOR CITY COUNCIL 2014,916,TERMINATED 02/10/2016,40002:CONTROLLED,0:N/A,,,leave_no_candidate_name,"controlled, but Cal-Access names no controlling candidate and the SOS holds no e-filed reports: nothing identifies the person and nothing would load"
a816c5f5-49a2-4caf-ac04-8a08712030a2,24866433-c285-4f4b-8cce-60bf4cce13d3,Jesus Rivera,Council Member,1378901,RIVERA FOR CITY COUNCIL 2018,RIVERA FOR CITY COUNCIL 2018,661,TERMINATED 01/30/2017,40002:CONTROLLED,0:N/A,,,leave_no_candidate_name,"controlled, but Cal-Access names no controlling candidate and the SOS holds no e-filed reports: nothing identifies the person and nothing would load"
a836f2bd-4f63-4d69-b1f4-9774d61076f3,24866433-c285-4f4b-8cce-60bf4cce13d3,Jesus Rivera,Council Member,1400452,RIVERA FOR CITY COUNCIL 2018,RIVERA FOR CITY COUNCIL 2018,916,TERMINATED 06/30/2020,40002:CONTROLLED,0:N/A,,,leave_no_candidate_name,"controlled, but Cal-Access names no controlling candidate and the SOS holds no e-filed reports: nothing identifies the person and nothing would load"
601e31cb-1fec-4717-b9d5-6bb3e7e30c9f,24866433-c285-4f4b-8cce-60bf4cce13d3,Jesus Rivera,Council Member,1224499,RIVERA FOR COUNCIL 2001 COMMITTEE,RIVERA FOR COUNCIL 2001 COMMITTEE,213,TERMINATED 09/10/2003,40002:CONTROLLED,0:N/A,EDWARD RIVERA,,dispute_other_person,"Cal-Access: this committee is controlled by EDWARD RIVERA, a different person with the same surname (FILER_LINKS_CD / Form 460 cover)."
4db72982-15a9-4662-8317-050e91074517,24866433-c285-4f4b-8cce-60bf4cce13d3,Jesus Rivera,Council Member,1073055,RIVERA NO TAX,RIVERA NO TAX,310,TERMINATED 10/10/2010,40002:CONTROLLED,0:N/A,EDUARDO M. RIVERA,,dispute_other_person,"Cal-Access: this committee is controlled by EDUARDO M. RIVERA, a different person with the same surname (FILER_LINKS_CD / Form 460 cover)."
b522eeaf-35a4-48e2-a664-da6e83acee57,24866433-c285-4f4b-8cce-60bf4cce13d3,Jesus Rivera,Council Member,1425799,RIVERA SCHOOL BOARD 2020,RIVERA SCHOOL BOARD 2022,562,TERMINATED 12/22/2022,40002:CONTROLLED,0:N/A,,,leave_no_candidate_name,"controlled, but Cal-Access names no controlling candidate and the SOS holds no e-filed reports: nothing identifies the person and nothing would load"
9d1dca08-2fa0-4fd9-91ff-325f49f3bd75,616e3059-af18-49ca-a07d-2825d201086d,Joel Fajardo,Council Member,1379449,FAJARDO FOR ASSEMBLY 2016,FAJARDO FOR ASSEMBLY 2016,562,TERMINATED 12/31/2022,40002:CONTROLLED,0:N/A,JOEL FAJARDO,"F460 x26, F497 x7",confirm,"Cal-Access bulk export (2026-09-23): category CONTROLLED; controlling candidate JOEL FAJARDO (FILER_LINKS_CD / Form 460 cover); SOS e-filed reports F460 x26, F497 x7."
962d3098-e7b1-47b4-bd3b-4f7a18c0b90d,616e3059-af18-49ca-a07d-2825d201086d,Joel Fajardo,Council Member,1349950,FAJARDO FOR CITY COUNCIL 2012,FAJARDO FOR CITY COUNCIL 2012,562,TERMINATED 12/31/2020,40002:CONTROLLED,0:N/A,JOEL FAJARDO,F460 x16,confirm,Cal-Access bulk export (2026-09-23): category CONTROLLED; controlling candidate JOEL FAJARDO (FILER_LINKS_CD / Form 460 cover); SOS e-filed reports F460 x16.
ef5b56df-c0c0-4252-9c74-b59da4b96f03,616e3059-af18-49ca-a07d-2825d201086d,Joel Fajardo,Council Member,1382294,FAJARDO FOR CITY COUNCIL 2017,FAJARDO FOR CITY COUNCIL 2017,562,TERMINATED 12/31/2020,40002:CONTROLLED,0:N/A,JOEL FAJARDO,F460 x16,confirm,Cal-Access bulk export (2026-09-23): category CONTROLLED; controlling candidate JOEL FAJARDO (FILER_LINKS_CD / Form 460 cover); SOS e-filed reports F460 x16.
de816b7b-3ef4-421a-b267-029ca6b129e0,616e3059-af18-49ca-a07d-2825d201086d,Joel Fajardo,Council Member,1424742,FAJARDO FOR CITY COUNCIL 2020,FAJARDO FOR CITY COUNCIL 2020,818,TERMINATED 12/28/2022,40002:CONTROLLED,0:N/A,JOEL FAJARDO,"F460 x12, F497 x3",confirm,"Cal-Access bulk export (2026-09-23): category CONTROLLED; controlling candidate JOEL FAJARDO (FILER_LINKS_CD / Form 460 cover); SOS e-filed reports F460 x12, F497 x3."
bb6f99e4-c950-4bba-bf7a-fc1c3ef6d900,616e3059-af18-49ca-a07d-2825d201086d,Joel Fajardo,Council Member,1442526,FAJARDO FOR CITY COUNCIL 2022,FAJARDO FOR CITY COUNCIL 2022,818,TERMINATED 11/29/2023,40002:CONTROLLED,0:N/A,JOEL FAJARDO,"F460 x7, F497 x2",confirm,"Cal-Access bulk export (2026-09-23): category CONTROLLED; controlling candidate JOEL FAJARDO (FILER_LINKS_CD / Form 460 cover); SOS e-filed reports F460 x7, F497 x2."
6805e068-67d8-4733-8c0f-d4d7d1c575ef,616e3059-af18-49ca-a07d-2825d201086d,Joel Fajardo,Council Member,1487784,FAJARDO FOR CITY COUNCIL 2026,FAJARDO FOR CITY COUNCIL 2026,818,TERMINATED 03/06/2026,40002:CONTROLLED,0:N/A,,,leave_no_candidate_name,"controlled, but Cal-Access names no controlling candidate and the SOS holds no e-filed reports: nothing identifies the person and nothing would load"
a4247fa4-98e5-40f5-b9ad-67d2278e93a9,616e3059-af18-49ca-a07d-2825d201086d,Joel Fajardo,Council Member,1464963,FAJARDO SUPPORTING SYLVIA BALLIN FOR CITY COUNCIL 2024; FAMILIES AND COUNCILMAN,FAJARDO SUPPORTING SYLVIA BALLIN FOR CITY COUNCIL 2024; FAMILIES AND COUNCILMAN,818,TERMINATED 12/15/2023,0:N/A,40102:PRIMARILY FORMED CANDIDATE,,,dispute_pf,"Cal-Access category PRIMARILY FORMED CANDIDATE: an independent committee that supports or opposes this person, not a committee they control; its money is not their fundraising."
921768ff-fad7-4ce2-b1f1-a0b342f93a53,0acbacdd-a873-4e5e-aad9-fa5eca6d7b1e,John Harabedian,Assembly Member,1343660,HARABEDIAN FOR CITY COUNCIL 2012,HARABEDIAN FOR CITY COUNCIL 2012,626,TERMINATED 12/31/2013,40002:CONTROLLED,0:N/A,,,leave_no_candidate_name,"controlled, but Cal-Access names no controlling candidate and the SOS holds no e-filed reports: nothing identifies the person and nothing would load"
0e86ffab-0735-428b-926d-a1686b9a98c6,67fdd0d7-b467-4cad-b62d-6b1fe1628aff,John M. Mora,Council Member,1472461,MORA FOR COUNCIL 2024,MORA FOR COUNCIL 2024,209,TERMINATED 03/31/2025,40002:CONTROLLED,0:N/A,,,leave_no_candidate_name,"controlled, but Cal-Access names no controlling candidate and the SOS holds no e-filed reports: nothing identifies the person and nothing would load"
0b306dad-c4e7-498d-a5ce-84b2a642a405,67fdd0d7-b467-4cad-b62d-6b1fe1628aff,John M. Mora,Council Member,1377442,MORA FOR SFS COUNCIL 2015,MORA FOR SFS COUNCIL 2015,626,TERMINATED 12/23/2015,40002:CONTROLLED,0:N/A,,,leave_no_candidate_name,"controlled, but Cal-Access names no controlling candidate and the SOS holds no e-filed reports: nothing identifies the person and nothing would load"
06520e93-aeb0-4693-b926-bd438d805d5f,3ba41a97-b248-46c3-9e50-7ebd58f1fe59,Jonathan Wagoner,,1237887,WAGONER FOR JUDGE 2002,WAGONER FOR JUDGE 2002,530,TERMINATED 07/30/2003,40002:CONTROLLED,0:N/A,JAMES R. WAGONER,,dispute_other_person,"Cal-Access: this committee is controlled by JAMES R. WAGONER, a different person with the same surname (FILER_LINKS_CD / Form 460 cover)."
b3c48101-c5b6-4a32-932b-e12fa41e30a8,780ddbc3-396e-44c2-8f4b-4a05a6a53ada,Joni Ricks-Oddie,Councilmember,1482367,RICKS-ODDIE FOR CITY COUNCIL 2026,RICKS-ODDIE FOR CITY COUNCIL 2026,442,ACTIVE,40002:CONTROLLED,0:N/A,,,leave_no_candidate_name,"controlled, but Cal-Access names no controlling candidate and the SOS holds no e-filed reports: nothing identifies the person and nothing would load"
2b38cab6-ef88-43ba-9f5b-e431ff6d161f,39d99fc2-b8ab-4846-8ff3-bcb65e16bee4,Josh Lowenthal,Assembly Member,1278874,LOWENTHAL FOR JUDGE,LOWENTHAL FOR JUDGE,,TERMINATED 12/31/2008,40002:CONTROLLED,0:N/A,DAN LOWENTHAL,"F460 x10, F497 x4",dispute_other_person,"Cal-Access: this committee is controlled by DAN LOWENTHAL, a different person with the same surname (FILER_LINKS_CD / Form 460 cover)."
c8387353-ae9f-4dcf-9b12-80f3cd1afb68,39d99fc2-b8ab-4846-8ff3-bcb65e16bee4,Josh Lowenthal,Assembly Member,1313637,LOWENTHAL FOR STATE SENATE 2008 OFFICEHOLDER ACCOUNT,LOWENTHAL FOR STATE SENATE 2008 OFFICEHOLDER ACCOUNT,323,TERMINATED 03/29/2018,40002:CONTROLLED,0:N/A,ALAN LOWENTHAL,F460 x11,dispute_other_person,"Cal-Access: this committee is controlled by ALAN LOWENTHAL, a different person with the same surname (FILER_LINKS_CD / Form 460 cover)."
eab0afbe-482a-4d75-a553-6864e0da1c4c,2f601ba5-a8be-4947-961e-cbbb50b61f28,Juan Benitez,Board Member (District 3),1360491,BENITEZ FOR SCHOOL BOARD 2014,BENITEZ FOR SCHOOL BOARD 2014,562,TERMINATED 12/31/2014,40002:CONTROLLED,0:N/A,,,leave_no_candidate_name,"controlled, but Cal-Access names no controlling candidate and the SOS holds no e-filed reports: nothing identifies the person and nothing would load"
42e8ed1c-1858-4bb8-848b-4f721c8107ea,2f601ba5-a8be-4947-961e-cbbb50b61f28,Juan Benitez,Board Member (District 3),1441526,BENITEZ FOR SCHOOL BOARD 2022,BENITEZ FOR SCHOOL BOARD 2022,213,TERMINATED 10/06/2021,40002:CONTROLLED,0:N/A,,,leave_no_candidate_name,"controlled, but Cal-Access names no controlling candidate and the SOS holds no e-filed reports: nothing identifies the person and nothing would load"
41ac02bf-8b1e-4546-b382-7eb26ab946a5,2f601ba5-a8be-4947-961e-cbbb50b61f28,Juan Benitez,Board Member (District 3),1398148,BENITEZ FOR SCHOOL BOARD 2018,BENITEZ FOR SCHOOL BOARD 2026,562,ACTIVE,40002:CONTROLLED,0:N/A,,,leave_no_candidate_name,"controlled, but Cal-Access names no controlling candidate and the SOS holds no e-filed reports: nothing identifies the person and nothing would load"
b4a03de8-949f-4f56-a560-d85cfef09ab9,b959d608-5674-467e-a1c8-3572c76a729b,Juan Carrillo,Assembly Member,1471537,CARRILLO ASSEMBLY 2022 OFFICEHOLDER ACCOUNT,CARRILLO ASSEMBLY 2022 OFFICEHOLDER ACCOUNT,916,TERMINATED 02/24/2025,40002:CONTROLLED,0:N/A,Wendy Carrillo,F460 x3,dispute_other_person,"Cal-Access: this committee is controlled by Wendy Carrillo, a different person with the same surname (FILER_LINKS_CD / Form 460 cover)."
e921f9fd-6b04-4bee-8b1e-f95dc5ac38a4,b959d608-5674-467e-a1c8-3572c76a729b,Juan Carrillo,Assembly Member,1422203,CARRILLO FOR JUDGE 2020,CARRILLO FOR JUDGE 2020,209,TERMINATED 01/20/2021,40002:CONTROLLED,0:N/A,JARED T. CARRILLO; Jared Carrillo,"F460 x6, F497 x7",dispute_other_person,"Cal-Access: this committee is controlled by JARED T. CARRILLO; Jared Carrillo, a different person with the same surname (FILER_LINKS_CD / Form 460 cover)."
cf0ea7da-e6b1-49e1-9f94-cb3baa78da65,b959d608-5674-467e-a1c8-3572c76a729b,Juan Carrillo,Assembly Member,1415180,CARRILLO FOR SUPERVISOR 2020,CARRILLO FOR SUPERVISOR 2020,916,TERMINATED 06/30/2019,40002:CONTROLLED,0:N/A,,,leave_no_candidate_name,"controlled, but Cal-Access names no controlling candidate and the SOS holds no e-filed reports: nothing identifies the person and nothing would load"
b004c6de-7cc9-468f-9952-b8a6cc3ddbbc,b959d608-5674-467e-a1c8-3572c76a729b,Juan Carrillo,Assembly Member,1378275,CARRILLO FOR WATER BOARD 2015,CARRILLO FOR WATER BOARD 2015,714,TERMINATED 12/31/2017,40002:CONTROLLED,0:N/A,,,leave_no_candidate_name,"controlled, but Cal-Access names no controlling candidate and the SOS holds no e-filed reports: nothing identifies the person and nothing would load"
e0b15e75-83c5-4d74-a53a-35ec15664566,5d6cae71-1ca7-43b5-80d6-2cc5faef81b7,Karen Douglas,Public Utilities Commissioner,1484845,DOUGLAS FOR COMMUNITY COLLEGE BOARD 2026,DOUGLAS FOR COMMUNITY COLLEGE BOARD 2026,714,TERMINATED 11/06/2025,40002:CONTROLLED,0:N/A,,,leave_no_candidate_name,"controlled, but Cal-Access names no controlling candidate and the SOS holds no e-filed reports: nothing identifies the person and nothing would load"
f25b7acc-579d-4943-b7fc-9c378aa5aef2,43b17d54-473e-46f8-add4-bf395e423ba1,Karen Ross,Secretary of Agriculture,1252959,ROSS FOR ASSEMBLY,ROSS FOR ASSEMBLY,714,TERMINATED 07/31/2003,40002:CONTROLLED,0:N/A,REUBEN A. ROSS,,dispute_other_person,"Cal-Access: this committee is controlled by REUBEN A. ROSS, a different person with the same surname (FILER_LINKS_CD / Form 460 cover)."
a3c77ebd-4245-4509-ac94-92f78445b1e9,122f1897-2dae-4f21-bee0-1c02c95e9e3a,Kathryn Barger,Supervisor,1385362,"BARGER FOR SUPERVISOR 2016 SPONSORED BY FIREFIGHTERS, DEPUTY SHERIFFS, AND EMPLOYEE ORGANIZATIONS; FIRST RESPONDERS SUPPORTING","BARGER FOR SUPERVISOR 2016 SPONSORED BY FIREFIGHTERS, DEPUTY SHERIFFS, DISTRICT ATTORNEY INVESTIGATORS, AND EMPLOYEE ORGANIZATIONS; FIRST RESPONDERS SUPPORTING",213,TERMINATED 02/08/2017,0:N/A,40102:PRIMARILY FORMED CANDIDATE,,,dispute_pf,"Cal-Access category PRIMARILY FORMED CANDIDATE: an independent committee that supports or opposes this person, not a committee they control; its money is not their fundraising."
b64adffb-0780-4772-9029-ab30145317c0,122f1897-2dae-4f21-bee0-1c02c95e9e3a,Kathryn Barger,Supervisor,1465915,BARGER FOR SUPERVISOR 2024 SPONSORED BY THE STATE BUILDING & CONSTRUCTION TRADES COUNCIL OF CALIFORNIA; CALIFORNIA UNION TRADES SUPPORTING,BARGER FOR SUPERVISOR 2024 SPONSORED BY THE STATE BUILDING & CONSTRUCTION TRADES COUNCIL OF CALIFORNIA; CALIFORNIA UNION TRADES SUPPORTING,916,TERMINATED 12/27/2024,0:N/A,40102:PRIMARILY FORMED CANDIDATE,,,dispute_pf,"Cal-Access category PRIMARILY FORMED CANDIDATE: an independent committee that supports or opposes this person, not a committee they control; its money is not their fundraising."
199c8943-93f1-483d-8571-7febafc84953,122f1897-2dae-4f21-bee0-1c02c95e9e3a,Kathryn Barger,Supervisor,1465846,BARGER FOR SUPERVISOR 2024; NORTH LOS ANGELES COUNTY RESIDENTS FOR,BARGER FOR SUPERVISOR 2024; NORTH LOS ANGELES COUNTY RESIDENTS FOR,213,TERMINATED 06/14/2024,0:N/A,40102:PRIMARILY FORMED CANDIDATE,,,dispute_pf,"Cal-Access category PRIMARILY FORMED CANDIDATE: an independent committee that supports or opposes this person, not a committee they control; its money is not their fundraising."
8dffe07e-6a19-4b63-8b61-02d61893b5bc,5501c147-5dad-48d5-845c-b6b91e8860a9,Kathy Paspalis,,1318116,PASPALIS FOR SCHOOL BOARD '09,PASPALIS FOR SCHOOL BOARD '09,213,TERMINATED 06/30/2010,40002:CONTROLLED,0:N/A,,,leave_no_candidate_name,"controlled, but Cal-Access names no controlling candidate and the SOS holds no e-filed reports: nothing identifies the person and nothing would load"
7424456c-8c5c-4f26-b010-360e4fde7a60,5501c147-5dad-48d5-845c-b6b91e8860a9,Kathy Paspalis,,1357421,PASPALIS FOR SCHOOL BOARD 2013,PASPALIS FOR SCHOOL BOARD 2013,310,TERMINATED 12/23/2013,40002:CONTROLLED,0:N/A,,,leave_no_candidate_name,"controlled, but Cal-Access names no controlling candidate and the SOS holds no e-filed reports: nothing identifies the person and nothing would load"
36aa654b-007a-4898-a267-1f6fb47ee840,10678016-146d-4543-941c-00414b4c4ad2,Katy Yaroslavsky,Council Member,1069669,YAROSLAVSKY FOR GOVERNMENT REFORM,YAROSLAVSKY FOR GOVERNMENT REFORM,323,ACTIVE,40002:CONTROLLED,0:N/A,,,leave_no_candidate_name,"controlled, but Cal-Access names no controlling candidate and the SOS holds no e-filed reports: nothing identifies the person and nothing would load"
b9bc7db1-ab88-4ca7-b9ec-6c32399fa5c6,10678016-146d-4543-941c-00414b4c4ad2,Katy Yaroslavsky,Council Member,1320380,YAROSLAVSKY FOR SUPERVISOR IN 2010,YAROSLAVSKY FOR SUPERVISOR IN 2010,323,TERMINATED 12/31/2020,40002:CONTROLLED,0:N/A,,,leave_no_candidate_name,"controlled, but Cal-Access names no controlling candidate and the SOS holds no e-filed reports: nothing identifies the person and nothing would load"
923b2078-bb7a-4788-83b9-6a83a748d469,10678016-146d-4543-941c-00414b4c4ad2,Katy Yaroslavsky,Council Member,1069852,YAROSLAVSKY IN '98,YAROSLAVSKY IN '98,323,ACTIVE,40002:CONTROLLED,0:N/A,,,leave_no_candidate_name,"controlled, but Cal-Access names no controlling candidate and the SOS holds no e-filed reports: nothing identifies the person and nothing would load"
814555fe-9c17-449a-9d03-2ac73eb7d61e,10678016-146d-4543-941c-00414b4c4ad2,Katy Yaroslavsky,Council Member,1278548,YAROSLAVSKY IN 2006,YAROSLAVSKY IN 2006,323,ACTIVE,40002:CONTROLLED,0:N/A,,,leave_no_candidate_name,"controlled, but Cal-Access names no controlling candidate and the SOS holds no e-filed reports: nothing identifies the person and nothing would load"
fe229f49-b6c5-481c-8582-2ba936caf7d7,10678016-146d-4543-941c-00414b4c4ad2,Katy Yaroslavsky,Council Member,1075547,"YAROSLAVSKY OFFICEHOLDER, SUPERVISOR","YAROSLAVSKY OFFICEHOLDER, SUPERVISOR",323,TERMINATED 06/30/2019,40002:CONTROLLED,0:N/A,,,leave_no_candidate_name,"controlled, but Cal-Access names no controlling candidate and the SOS holds no e-filed reports: nothing identifies the person and nothing would load"
6c379534-f734-4f77-8a2e-5f35dc300ca3,eb23af50-1ab2-4681-92a2-bc6c2ad633d4,Kaylee May Law,Council Member,1471956,LAW FOR WALNUT CITY COUNCIL 2024,LAW FOR WALNUT CITY COUNCIL 2024,909,ACTIVE,40002:CONTROLLED,0:N/A,,,leave_no_candidate_name,"controlled, but Cal-Access names no controlling candidate and the SOS holds no e-filed reports: nothing identifies the person and nothing would load"
546d83c2-5b07-43ca-a23c-dedc8d4cda2a,697ccd4e-0d33-4491-a8f9-30ec99c50dc0,Keith Eich,Council Member,1392986,EICH FOR CITY COUNCIL 2017,EICH FOR CITY COUNCIL 2017,818,TERMINATED 04/14/2017,40002:CONTROLLED,0:N/A,,,leave_no_candidate_name,"controlled, but Cal-Access names no controlling candidate and the SOS holds no e-filed reports: nothing identifies the person and nothing would load"
104cd967-30b0-4338-9040-3a3190114ee1,697ccd4e-0d33-4491-a8f9-30ec99c50dc0,Keith Eich,Council Member,1423882,EICH FOR CITY COUNCIL 2020,EICH FOR CITY COUNCIL 2020,818,TERMINATED 06/30/2020,40002:CONTROLLED,0:N/A,,,leave_no_candidate_name,"controlled, but Cal-Access names no controlling candidate and the SOS holds no e-filed reports: nothing identifies the person and nothing would load"
22f84983-8a14-47a2-923f-72e19cd4a3c7,697ccd4e-0d33-4491-a8f9-30ec99c50dc0,Keith Eich,Council Member,1462751,EICH FOR COUNCIL 2024; FRIENDS OF,EICH FOR COUNCIL 2024; FRIENDS OF,818,TERMINATED 04/30/2024,40002:CONTROLLED,0:N/A,,,leave_no_candidate_name,"controlled, but Cal-Access names no controlling candidate and the SOS holds no e-filed reports: nothing identifies the person and nothing would load"
6f6b1584-5c92-4fa1-bdf1-c15bffcd441a,7a600b15-32ff-4c13-90e5-d4ee5f627bb5,Ken Mann,Council Member,1474758,MANN FOR CITY COUNCIL 2024,MANN FOR CITY COUNCIL 2024,512,TERMINATED 04/17/2025,40002:CONTROLLED,0:N/A,,,leave_no_candidate_name,"controlled, but Cal-Access names no controlling candidate and the SOS holds no e-filed reports: nothing identifies the person and nothing would load"
2fe6fb48-0c38-4c08-901f-73906b99cdeb,90b0b8a1-c700-4786-84d6-33ddb55f5b6f,Ken Tang,,1426786,TANG FOR ALHAMBRA SCHOOL BOARD 2028,TANG FOR ALHAMBRA SCHOOL BOARD 2028,310,TERMINATED 08/11/2025,40002:CONTROLLED,0:N/A,,,leave_no_candidate_name,"controlled, but Cal-Access names no controlling candidate and the SOS holds no e-filed reports: nothing identifies the person and nothing would load"
2a4da798-2fa7-42bb-a83c-7b56a34f6d44,820d81c8-4f1a-4a05-a739-98e1c1e35c56,Kim Kenne,Board Member (District 1),1332432,KENNE FOR SCHOOL BOARD 2013,KENNE FOR SCHOOL BOARD 2013,626,TERMINATED 06/30/2014,40002:CONTROLLED,0:N/A,,,leave_no_candidate_name,"controlled, but Cal-Access names no controlling candidate and the SOS holds no e-filed reports: nothing identifies the person and nothing would load"
2df9914f-6363-4a44-8b40-94d2f01854e2,820d81c8-4f1a-4a05-a739-98e1c1e35c56,Kim Kenne,Board Member (District 1),1388958,KENNE FOR SCHOOL BOARD 2017,KENNE FOR SCHOOL BOARD 2017,626,TERMINATED 07/07/2017,40002:CONTROLLED,0:N/A,,,leave_no_candidate_name,"controlled, but Cal-Access names no controlling candidate and the SOS holds no e-filed reports: nothing identifies the person and nothing would load"
02ebe5ed-2bf5-4873-b424-7145a6055866,820d81c8-4f1a-4a05-a739-98e1c1e35c56,Kim Kenne,Board Member (District 1),1449630,KENNE FOR SCHOOL BOARD 2022,KENNE FOR SCHOOL BOARD 2022,626,TERMINATED 12/31/2022,40002:CONTROLLED,0:N/A,,,leave_no_candidate_name,"controlled, but Cal-Access names no controlling candidate and the SOS holds no e-filed reports: nothing identifies the person and nothing would load"
a726e796-bc6c-47ac-b5df-a577c53ac57b,601fbd52-628a-4d50-8cb4-99890f056aa2,Kristina Duggan,Councilmember,1463689,DUGGAN FOR CITY COUNCIL 2022 OFFICEHOLDER; KRISTINA,DUGGAN OFFICEHOLDER 2026; COUNCILMEMBER,213,ACTIVE,40002:CONTROLLED,0:N/A,,,leave_no_candidate_name,"controlled, but Cal-Access names no controlling candidate and the SOS holds no e-filed reports: nothing identifies the person and nothing would load"
59df5e63-9d11-4aec-8065-3cbad4733584,8e0725b2-ef27-4d64-b6d6-b26e161c5dd3,Kyle Rohrbach,,1451076,"ENGLER, NEWMAN, AND ROHRBACH FOR THOUSAND OAKS CITY COUNCIL 2022; COMMITTEE SUPPORTING","ENGLER, NEWMAN, AND ROHRBACH FOR THOUSAND OAKS CITY COUNCIL 2022; COMMITTEE SUPPORTING",805,TERMINATED 12/19/2023,0:N/A,40102:PRIMARILY FORMED CANDIDATE,,,dispute_pf,"Cal-Access category PRIMARILY FORMED CANDIDATE: an independent committee that supports or opposes this person, not a committee they control; its money is not their fundraising."
731aa8d5-131d-4bc3-b4fb-12e350cffb87,5604c5ae-d10d-4ca3-920d-dd3592278777,Lana Negrete,Council Member,1371694,NEGRETE FOR CITY COUNCIL 2014,NEGRETE FOR CITY COUNCIL 2014,760,TERMINATED 12/31/2014,40002:CONTROLLED,0:N/A,,,leave_no_candidate_name,"controlled, but Cal-Access names no controlling candidate and the SOS holds no e-filed reports: nothing identifies the person and nothing would load"
ef4cd099-25ec-4751-ab05-b7afa45ebffa,5604c5ae-d10d-4ca3-920d-dd3592278777,Lana Negrete,Council Member,1398367,NEGRETE FOR CITY COUNCIL 2018,NEGRETE FOR CITY COUNCIL 2022,760,TERMINATED 02/17/2021,40002:CONTROLLED,0:N/A,,,leave_no_candidate_name,"controlled, but Cal-Access names no controlling candidate and the SOS holds no e-filed reports: nothing identifies the person and nothing would load"
1a101b20-e71a-4e13-ba17-d3ad0fd6d6f4,5604c5ae-d10d-4ca3-920d-dd3592278777,Lana Negrete,Council Member,1467646,NEGRETE FOR CITY COUNCIL 2024,NEGRETE FOR CITY COUNCIL 2024,760,TERMINATED 12/31/2024,40002:CONTROLLED,0:N/A,,,leave_no_candidate_name,"controlled, but Cal-Access names no controlling candidate and the SOS holds no e-filed reports: nothing identifies the person and nothing would load"
e19c9e9c-b6db-4154-aa2a-50967dc8be95,5604c5ae-d10d-4ca3-920d-dd3592278777,Lana Negrete,Council Member,1456473,NEGRETE FOR COUNCIL 2022; SANTA MONICANS FOR SAFETY SUPPORTING,NEGRETE FOR COUNCIL 2022; SANTA MONICANS FOR SAFETY SUPPORTING,310,TERMINATED 12/20/2022,0:N/A,40102:PRIMARILY FORMED CANDIDATE,,,dispute_pf,"Cal-Access category PRIMARILY FORMED CANDIDATE: an independent committee that supports or opposes this person, not a committee they control; its money is not their fundraising."
e4e71dbc-eec8-4a5e-b8f7-4024382d3f74,23d612b9-b6cd-4387-93c1-59c67d3c9679,Larry G. Burrola,Mayor,1229308,BURROLA FOR ASSEMBLY,BURROLA FOR ASSEMBLY,323,TERMINATED 06/12/2001,40002:CONTROLLED,0:N/A,ALEX BURROLA,,dispute_other_person,"Cal-Access: this committee is controlled by ALEX BURROLA, a different person with the same surname (FILER_LINKS_CD / Form 460 cover)."
e1db4197-f4b0-42e2-a91f-8ffcea5b082e,fda02d25-60dd-44b6-9e9b-67108ec03e9e,Larry J. Spicer,Council Member,1352838,SPICER FOR CITY COUNCIL 2012,SPICER FOR CITY COUNCIL 2012,559,ACTIVE,40002:CONTROLLED,0:N/A,,,leave_no_candidate_name,"controlled, but Cal-Access names no controlling candidate and the SOS holds no e-filed reports: nothing identifies the person and nothing would load"
92543f04-c05a-431c-9ba5-78ab692e715e,fda02d25-60dd-44b6-9e9b-67108ec03e9e,Larry J. Spicer,Council Member,1435552,SPICER FOR CITY COUNCIL 2021,SPICER FOR CITY COUNCIL 2021,310,TERMINATED 04/10/2023,40002:CONTROLLED,0:N/A,,,leave_no_candidate_name,"controlled, but Cal-Access names no controlling candidate and the SOS holds no e-filed reports: nothing identifies the person and nothing would load"
e1aab7c3-0fc7-4c5a-adab-982cac2659b2,fda02d25-60dd-44b6-9e9b-67108ec03e9e,Larry J. Spicer,Council Member,1459561,SPICER FOR MAYOR 2026,SPICER FOR MAYOR 2026,310,ACTIVE,40002:CONTROLLED,0:N/A,,,leave_no_candidate_name,"controlled, but Cal-Access names no controlling candidate and the SOS holds no e-filed reports: nothing identifies the person and nothing would load"
aedafaad-47c7-440b-b1ad-dfce00bfdfc6,fca9a696-f3c7-4673-a9ec-4eb05ba74aa1,Larry Redinger,Board Member,1073428,"REDINGER, COMMITTEE TO ELECT","REDINGER, COMMITTEE TO ELECT",909,TERMINATED 12/12/2012,40002:CONTROLLED,0:N/A,"REDINGER, GARY",,leave_no_candidate_name,"controlled, but Cal-Access names no controlling candidate and the SOS holds no e-filed reports: nothing identifies the person and nothing would load"
42c942c1-293e-487f-a06e-0a3306cdffc1,6854ec39-d6e2-44c4-8c60-0d809234f935,Laurene Weste,Council Member (At-Large),1072180,WESTE FOR CITY COUNCIL 2014,WESTE FOR CITY COUNCIL 2014,661,TERMINATED 07/23/2018,40002:CONTROLLED,0:N/A,,,leave_no_candidate_name,"controlled, but Cal-Access names no controlling candidate and the SOS holds no e-filed reports: nothing identifies the person and nothing would load"
2c962680-3b96-4adf-8a95-4345d4807156,6854ec39-d6e2-44c4-8c60-0d809234f935,Laurene Weste,Council Member (At-Large),1406208,WESTE FOR CITY COUNCIL 2018,WESTE FOR CITY COUNCIL 2018,661,TERMINATED 01/31/2019,40002:CONTROLLED,0:N/A,,,leave_no_candidate_name,"controlled, but Cal-Access names no controlling candidate and the SOS holds no e-filed reports: nothing identifies the person and nothing would load"
f6b21231-c9f9-4b81-aba8-cfaf65089160,6854ec39-d6e2-44c4-8c60-0d809234f935,Laurene Weste,Council Member (At-Large),1442939,WESTE FOR CITY COUNCIL 2022,WESTE FOR CITY COUNCIL 2022,661,ACTIVE,40002:CONTROLLED,0:N/A,,,leave_no_candidate_name,"controlled, but Cal-Access names no controlling candidate and the SOS holds no e-filed reports: nothing identifies the person and nothing would load"
16277125-f7fe-4b23-b389-66e5d3b54c50,0952f897-7414-4ad3-af88-022de9e4971c,Laurie Lieberman,Board Member,1426659,LIEBERMAN FOR SCHOOL BOARD 2020,LIEBERMAN FOR SCHOOL BOARD 2020,650,TERMINATED 12/31/2020,40002:CONTROLLED,0:N/A,,,leave_no_candidate_name,"controlled, but Cal-Access names no controlling candidate and the SOS holds no e-filed reports: nothing identifies the person and nothing would load"
9f288bd2-7951-407f-ba0c-117c6fc0e922,0952f897-7414-4ad3-af88-022de9e4971c,Laurie Lieberman,Board Member,1461131,LIEBERMAN FOR SCHOOL BOARD 2024,LIEBERMAN FOR SCHOOL BOARD 2024,650,ACTIVE,40002:CONTROLLED,0:N/A,,,leave_no_candidate_name,"controlled, but Cal-Access names no controlling candidate and the SOS holds no e-filed reports: nothing identifies the person and nothing would load"
65af81df-21a4-4686-aaff-57a5ac5cfa80,f39c42de-e049-43f0-ba95-4ad98cf14ce4,Lester Herman,,1377932,HERMAN FOR COLLEGE 2015,HERMAN FOR COLLEGE 2015,661,TERMINATED 12/15/2015,40002:CONTROLLED,0:N/A,,,leave_no_candidate_name,"controlled, but Cal-Access names no controlling candidate and the SOS holds no e-filed reports: nothing identifies the person and nothing would load"
1680e2f0-be02-47ff-ab72-86f4e516ad34,0afa998d-94e9-4af4-ba00-256c38869398,Lisa Calderon,Assembly Member,1335303,"CALDERON BOARD OF EQUALIZATION 2014, FRIENDS OF","CALDERON BOARD OF EQUALIZATION 2014, FRIENDS OF",626,TERMINATED 09/30/2012,40002:CONTROLLED,0:N/A,CHARLES M. CALDERON,"F460 x6, F497 x2",dispute_other_person,"Cal-Access: this committee is controlled by CHARLES M. CALDERON, a different person with the same surname (FILER_LINKS_CD / Form 460 cover)."
35823f9f-0b13-4208-917e-1aa9ab269871,0afa998d-94e9-4af4-ba00-256c38869398,Lisa Calderon,Assembly Member,1047774,CALDERON CAMPAIGN COMMITTEE,CALDERON CAMPAIGN COMMITTEE,213,TERMINATED 12/01/1990,40002:CONTROLLED,0:N/A,"CALDERON FOR SENATE 90/SPECIAL, CHARLES; CALDERON, COMMITTEE TO ELECT CHARLES; CALDERON FOR SENATE '98",,leave_no_candidate_name,"controlled, but Cal-Access names no controlling candidate and the SOS holds no e-filed reports: nothing identifies the person and nothing would load"
06c318fb-7bb9-4db0-87cd-5cb101e9f58b,0afa998d-94e9-4af4-ba00-256c38869398,Lisa Calderon,Assembly Member,1272345,CALDERON FOR ASSEMBLY 2006,CALDERON FOR ASSEMBLY 2006,323,TERMINATED 12/31/2006,40002:CONTROLLED,0:N/A,RONALD CALDERON; Ronald S. Calderon,"F460 x14, F497 x2",dispute_other_person,"Cal-Access: this committee is controlled by RONALD CALDERON; Ronald S. Calderon, a different person with the same surname (FILER_LINKS_CD / Form 460 cover)."
3e77826a-3e27-4efc-8207-621d5caf54a4,0afa998d-94e9-4af4-ba00-256c38869398,Lisa Calderon,Assembly Member,1069396,CALDERON FOR ATTORNEY GENERAL,CALDERON FOR ATTORNEY GENERAL,626,TERMINATED 09/22/2003,40002:CONTROLLED,0:N/A,CHARLES M. CALDERON,,dispute_other_person,"Cal-Access: this committee is controlled by CHARLES M. CALDERON, a different person with the same surname (FILER_LINKS_CD / Form 460 cover)."
efa17464-335a-4c63-b879-5968c2ac651c,0afa998d-94e9-4af4-ba00-256c38869398,Lisa Calderon,Assembly Member,1342642,CALDERON FOR CITY CLERK 2011,CALDERON FOR CITY CLERK 2011,323,ACTIVE,40002:CONTROLLED,0:N/A,,,leave_no_candidate_name,"controlled, but Cal-Access names no controlling candidate and the SOS holds no e-filed reports: nothing identifies the person and nothing would load"
2be105fb-b159-4d43-b3a6-3a82033db58f,0afa998d-94e9-4af4-ba00-256c38869398,Lisa Calderon,Assembly Member,1379485,CALDERON FOR CITY COUNCIL 2015,CALDERON FOR CITY COUNCIL 2015,323,ACTIVE,40002:CONTROLLED,0:N/A,,,leave_no_candidate_name,"controlled, but Cal-Access names no controlling candidate and the SOS holds no e-filed reports: nothing identifies the person and nothing would load"
4f185606-01b7-498e-ba00-65bd26a8c033,0afa998d-94e9-4af4-ba00-256c38869398,Lisa Calderon,Assembly Member,1475834,CALDERON FOR COUNCIL 2024,CALDERON FOR COUNCIL 2024,626,TERMINATED 08/27/2025,40002:CONTROLLED,0:N/A,,,leave_no_candidate_name,"controlled, but Cal-Access names no controlling candidate and the SOS holds no e-filed reports: nothing identifies the person and nothing would load"
17095c7d-58a2-4f5e-bf18-7c985b79ac55,0afa998d-94e9-4af4-ba00-256c38869398,Lisa Calderon,Assembly Member,1344427,CALDERON FOR SECRETARY OF STATE 2014,CALDERON FOR SECRETARY OF STATE 2014,626,TERMINATED 12/31/2013,40002:CONTROLLED,0:N/A,CHARLES M. CALDERON; Charles Calderon,"F460 x6, F497 x2",dispute_other_person,"Cal-Access: this committee is controlled by CHARLES M. CALDERON; Charles Calderon, a different person with the same surname (FILER_LINKS_CD / Form 460 cover)."
c43a0b3c-d2a3-435c-8144-fd0ca5953e11,0afa998d-94e9-4af4-ba00-256c38869398,Lisa Calderon,Assembly Member,1049905,CALDERON FOR SENATE '98,CALDERON FOR SENATE '98,626,TERMINATED 01/13/2003,40002:CONTROLLED,0:N/A,CHARLES M. CALDERON,,dispute_other_person,"Cal-Access: this committee is controlled by CHARLES M. CALDERON, a different person with the same surname (FILER_LINKS_CD / Form 460 cover)."
cd189e14-a3dc-4bbb-af1a-c0ae3c976fe2,0afa998d-94e9-4af4-ba00-256c38869398,Lisa Calderon,Assembly Member,1289040,VOTE 4 CALDERON,VOTE 4 CALDERON,323,TERMINATED 01/11/2007,40002:CONTROLLED,0:N/A,,,leave_no_candidate_name,"controlled, but Cal-Access names no controlling candidate and the SOS holds no e-filed reports: nothing identifies the person and nothing would load"
db70f720-ed68-4fae-b064-e289c5d79971,ea85dfe3-1092-468e-a799-cb8054c135db,Malia M. Cohen,Controller,1053703,COHEN FOR COUNCIL,COHEN FOR COUNCIL,415,TERMINATED 08/31/2007,40002:CONTROLLED,0:N/A,,,leave_no_candidate_name,"controlled, but Cal-Access names no controlling candidate and the SOS holds no e-filed reports: nothing identifies the person and nothing would load"
77fa2b36-d22c-4348-a405-ab5fd69ca0b5,ea85dfe3-1092-468e-a799-cb8054c135db,Malia M. Cohen,Controller,1256374,COHEN FOR COUNCIL COMMITTEE,COHEN FOR COUNCIL COMMITTEE,650,TERMINATED 12/30/2015,40002:CONTROLLED,0:N/A,,,leave_no_candidate_name,"controlled, but Cal-Access names no controlling candidate and the SOS holds no e-filed reports: nothing identifies the person and nothing would load"
3e24c68d-818f-471a-ae46-950979bd4112,ea85dfe3-1092-468e-a799-cb8054c135db,Malia M. Cohen,Controller,1346679,COHEN FOR DEMOCRATIC CENTRAL COMMITTEE 2012,COHEN FOR DEMOCRATIC CENTRAL COMMITTEE 2012,415,TERMINATED 06/30/2014,40002:CONTROLLED,0:N/A,,,leave_no_candidate_name,"controlled, but Cal-Access names no controlling candidate and the SOS holds no e-filed reports: nothing identifies the person and nothing would load"
705b81ce-f1f5-47dd-8486-4254324bb9ca,ea85dfe3-1092-468e-a799-cb8054c135db,Malia M. Cohen,Controller,1362440,COHEN FOR JUDGE 2014,COHEN FOR JUDGE 2014,916,TERMINATED 06/30/2014,40002:CONTROLLED,0:N/A,FREDRICK COHEN,"F460 x6, F497 x7",dispute_other_person,"Cal-Access: this committee is controlled by FREDRICK COHEN, a different person with the same surname (FILER_LINKS_CD / Form 460 cover)."
41648f3c-ac5b-4de9-9f9a-ba37ef7ea7ca,ea85dfe3-1092-468e-a799-cb8054c135db,Malia M. Cohen,Controller,1300403,COHEN FOR SCHOOL BOARD 2011,COHEN FOR SCHOOL BOARD 2011,415,TERMINATED 05/19/2012,40002:CONTROLLED,0:N/A,,,leave_no_candidate_name,"controlled, but Cal-Access names no controlling candidate and the SOS holds no e-filed reports: nothing identifies the person and nothing would load"
5fd497f7-4ab7-4ba4-a320-6b103870f650,52a27f1b-ec40-42d4-a0c3-d5c370fef60e,Manuel Acosta,Council Member,1419056,ACOSTA FOR COUNCIL 2020,ACOSTA FOR COUNCIL 2020,760,TERMINATED 03/31/2021,40002:CONTROLLED,0:N/A,,,leave_no_candidate_name,"controlled, but Cal-Access names no controlling candidate and the SOS holds no e-filed reports: nothing identifies the person and nothing would load"
c175c246-b1fc-4ac2-a5f0-1033de3c6f9e,52a27f1b-ec40-42d4-a0c3-d5c370fef60e,Manuel Acosta,Council Member,1437957,ACOSTA FOR COUNCIL 2024,ACOSTA FOR COUNCIL 2024,760,ACTIVE,40002:CONTROLLED,0:N/A,,,leave_no_candidate_name,"controlled, but Cal-Access names no controlling candidate and the SOS holds no e-filed reports: nothing identifies the person and nothing would load"
610ea1a6-a19f-4fa5-a95a-98a3fd0442e6,cdab13e8-29d3-4e2a-a766-f441d0478830,Manuel Lozano,Council Member,1077673,LOZANO FOR ASSEMBLY,LOZANO FOR ASSEMBLY,626,TERMINATED 03/17/2004,40002:CONTROLLED,0:N/A,MANUEL LOZANO,,leave_no_sos_reports,"controlled by this person, but no SOS e-filed reports (files with a local filing officer): confirming would load no data and would show 'data pending' for ever"
d79905ac-a98c-4924-a5f3-b61ea4eef6df,cdab13e8-29d3-4e2a-a766-f441d0478830,Manuel Lozano,Council Member,1372276,LOZANO FOR WATER BOARD 2014,LOZANO FOR WATER BOARD 2014,626,TERMINATED 12/31/2014,40002:CONTROLLED,0:N/A,,,leave_no_candidate_name,"controlled, but Cal-Access names no controlling candidate and the SOS holds no e-filed reports: nothing identifies the person and nothing would load"
dd2dc147-c0be-42bf-b39e-5dc2e000f230,50f4b2ea-42b6-42ea-8e0f-d7e749cb9b50,Marco Barcena,Council Member,1409773,BARCENA FOR CITY COUNCIL 2022,BARCENA FOR CITY COUNCIL 2022,562,ACTIVE,40002:CONTROLLED,0:N/A,,,leave_no_candidate_name,"controlled, but Cal-Access names no controlling candidate and the SOS holds no e-filed reports: nothing identifies the person and nothing would load"
b2c31da1-1adc-4836-b572-d1df50190b79,8d5cb94a-4110-4e86-9f06-2c4f89bb7c71,Mark E. Pulido,Council Member,1390186,PULIDO FOR CITY COUNCIL 2018; COMMITTEE TO ELECT,PULIDO FOR CITY COUNCIL 2018; COMMITTEE TO ELECT,213,TERMINATED 02/07/2019,40002:CONTROLLED,0:N/A,,,leave_no_candidate_name,"controlled, but Cal-Access names no controlling candidate and the SOS holds no e-filed reports: nothing identifies the person and nothing would load"
719abc25-a513-4b03-ad22-31b1a4a50c04,8d5cb94a-4110-4e86-9f06-2c4f89bb7c71,Mark E. Pulido,Council Member,1349273,PULIDO FOR MAYOR 2012,PULIDO FOR MAYOR 2012,949,TERMINATED 03/31/2014,40002:CONTROLLED,0:N/A,,,leave_no_candidate_name,"controlled, but Cal-Access names no controlling candidate and the SOS holds no e-filed reports: nothing identifies the person and nothing would load"
c442078b-0d15-420f-8965-c42366e94fdb,8d5cb94a-4110-4e86-9f06-2c4f89bb7c71,Mark E. Pulido,Council Member,1062353,PULIDO FOR MAYOR,PULIDO FOR MAYOR 2014,949,TERMINATED 06/30/2017,40002:CONTROLLED,0:N/A,,,leave_no_candidate_name,"controlled, but Cal-Access names no controlling candidate and the SOS holds no e-filed reports: nothing identifies the person and nothing would load"
bfb5f987-cb3b-4b04-9b4f-f485ee2b6dde,8d5cb94a-4110-4e86-9f06-2c4f89bb7c71,Mark E. Pulido,Council Member,1391917,PULIDO FOR MAYOR 2016,PULIDO FOR MAYOR 2016,562,TERMINATED 12/31/2016,40002:CONTROLLED,0:N/A,,,leave_no_candidate_name,"controlled, but Cal-Access names no controlling candidate and the SOS holds no e-filed reports: nothing identifies the person and nothing would load"
952de92e-27dc-4773-89ce-1d04c2f37863,433cc087-78b2-4d09-b2d8-c15b5f202008,Martin U. Fuentes,Council Member,1261744,"FUENTES 2004, FRIENDS OF","FUENTES 2004, FRIENDS OF",949,TERMINATED 10/19/2004,40002:CONTROLLED,0:N/A,,,leave_no_candidate_name,"controlled, but Cal-Access names no controlling candidate and the SOS holds no e-filed reports: nothing identifies the person and nothing would load"
a5330e28-e070-4c9a-9ab4-658d6de4a79f,433cc087-78b2-4d09-b2d8-c15b5f202008,Martin U. Fuentes,Council Member,1284325,"FUENTES 2010 FOR REPUBLICAN CENTRAL COMMITTEE, FRIENDS OF","FUENTES 2010 FOR REPUBLICAN CENTRAL COMMITTEE, FRIENDS OF",949,TERMINATED 12/31/2011,40002:CONTROLLED,0:N/A,,,leave_no_candidate_name,"controlled, but Cal-Access names no controlling candidate and the SOS holds no e-filed reports: nothing identifies the person and nothing would load"
50955bfc-be4b-4ac3-8f8a-67445c98d384,433cc087-78b2-4d09-b2d8-c15b5f202008,Martin U. Fuentes,Council Member,1294993,FUENTES FOR ASSEMBLY,FUENTES FOR ASSEMBLY,213,TERMINATED 10/19/2007,40002:CONTROLLED,0:N/A,FELIPE FUENTES,"F460 x7, F497 x39",dispute_other_person,"Cal-Access: this committee is controlled by FELIPE FUENTES, a different person with the same surname (FILER_LINKS_CD / Form 460 cover)."
4c02bfe6-c16d-4dd0-bd0f-db9b2154a784,433cc087-78b2-4d09-b2d8-c15b5f202008,Martin U. Fuentes,Council Member,1313818,FUENTES FOR ASSEMBLY 2010,FUENTES FOR ASSEMBLY 2010,213,TERMINATED 12/31/2011,40002:CONTROLLED,0:N/A,FELIPE FUENTES,"F460 x27, F497 x106",dispute_other_person,"Cal-Access: this committee is controlled by FELIPE FUENTES, a different person with the same surname (FILER_LINKS_CD / Form 460 cover)."
a89a04fa-2d49-4a58-ab02-f85462911b30,433cc087-78b2-4d09-b2d8-c15b5f202008,Martin U. Fuentes,Council Member,1454167,"FUENTES FOR BCSD BOARD AREA 2, 2022","FUENTES FOR BCSD BOARD AREA 2, 2022",661,TERMINATED 06/12/2023,40002:CONTROLLED,0:N/A,,,leave_no_candidate_name,"controlled, but Cal-Access names no controlling candidate and the SOS holds no e-filed reports: nothing identifies the person and nothing would load"
e36f0314-549e-4d01-b2eb-e3b5ed032312,433cc087-78b2-4d09-b2d8-c15b5f202008,Martin U. Fuentes,Council Member,1401956,FUENTES FOR CITY COUNCIL 2018,FUENTES FOR CITY COUNCIL 2018,916,TERMINATED 03/31/2019,40002:CONTROLLED,0:N/A,,,leave_no_candidate_name,"controlled, but Cal-Access names no controlling candidate and the SOS holds no e-filed reports: nothing identifies the person and nothing would load"
903d10e7-4a46-4170-8cd7-c3b4acf4e4d7,433cc087-78b2-4d09-b2d8-c15b5f202008,Martin U. Fuentes,Council Member,1323979,FUENTES FOR COUNCIL 2010,FUENTES FOR COUNCIL 2010,310,TERMINATED 04/13/2010,40002:CONTROLLED,0:N/A,,,leave_no_candidate_name,"controlled, but Cal-Access names no controlling candidate and the SOS holds no e-filed reports: nothing identifies the person and nothing would load"
19394bfd-591f-433c-805f-c0b10a0f70ca,433cc087-78b2-4d09-b2d8-c15b5f202008,Martin U. Fuentes,Council Member,1363136,FUENTES FOR COUNCIL 2014,FUENTES FOR COUNCIL 2014,310,TERMINATED 07/30/2014,40002:CONTROLLED,0:N/A,,,leave_no_candidate_name,"controlled, but Cal-Access names no controlling candidate and the SOS holds no e-filed reports: nothing identifies the person and nothing would load"
ed67e95b-6fa2-43a4-989a-b2f4799c73d0,433cc087-78b2-4d09-b2d8-c15b5f202008,Martin U. Fuentes,Council Member,1239902,"FUENTES, FRIENDS OF","FUENTES, FRIENDS OF",714,TERMINATED 07/22/2002,40002:CONTROLLED,0:N/A,,,leave_no_candidate_name,"controlled, but Cal-Access names no controlling candidate and the SOS holds no e-filed reports: nothing identifies the person and nothing would load"
409ad470-cbc5-40ce-b433-faf26c0513c2,b4f9688b-add0-44d6-bab8-e923d17d105e,Mary N. Wells,Council Member,1055129,WELLS FOR ASSEMBLY,WELLS FOR ASSEMBLY,213,TERMINATED 10/10/2010,40002:CONTROLLED,0:N/A,"WELLS, EVELYN",,leave_no_candidate_name,"controlled, but Cal-Access names no controlling candidate and the SOS holds no e-filed reports: nothing identifies the person and nothing would load"
f1f5f0f1-6017-4b30-a2cb-23884acb0dae,b4f9688b-add0-44d6-bab8-e923d17d105e,Mary N. Wells,Council Member,1343134,WELLS FOR CITY COUNCIL 2012,WELLS FOR CITY COUNCIL 2012,619,TERMINATED 12/31/2013,40002:CONTROLLED,0:N/A,,,leave_no_candidate_name,"controlled, but Cal-Access names no controlling candidate and the SOS holds no e-filed reports: nothing identifies the person and nothing would load"
51708022-c2cc-45ab-80e5-6dc51276c59a,b4f9688b-add0-44d6-bab8-e923d17d105e,Mary N. Wells,Council Member,1361355,WELLS FOR MAYOR 2018,WELLS FOR MAYOR 2018,619,TERMINATED 03/15/2019,40002:CONTROLLED,0:N/A,,,leave_no_candidate_name,"controlled, but Cal-Access names no controlling candidate and the SOS holds no e-filed reports: nothing identifies the person and nothing would load"
569466ba-2a81-4862-9b23-90dc11b01f07,b4f9688b-add0-44d6-bab8-e923d17d105e,Mary N. Wells,Council Member,1417062,WELLS FOR MAYOR 2022,WELLS FOR MAYOR 2022,619,ACTIVE,40002:CONTROLLED,0:N/A,,,leave_no_candidate_name,"controlled, but Cal-Access names no controlling candidate and the SOS holds no e-filed reports: nothing identifies the person and nothing would load"
82c99817-7801-45fc-ba31-34da9e7640e9,b4f9688b-add0-44d6-bab8-e923d17d105e,Mary N. Wells,Council Member,1458048,WELLS FOR MAYOR 2026,WELLS FOR MAYOR 2026,619,ACTIVE,40002:CONTROLLED,0:N/A,,,leave_no_candidate_name,"controlled, but Cal-Access names no controlling candidate and the SOS holds no e-filed reports: nothing identifies the person and nothing would load"
85dc8c44-8c55-4884-945a-713b07e01e3c,b4f9688b-add0-44d6-bab8-e923d17d105e,Mary N. Wells,Council Member,1050021,"WELLS, CITIZENS FOR","WELLS, CITIZENS FOR",213,TERMINATED 12/01/1990,40002:CONTROLLED,0:N/A,,,leave_no_candidate_name,"controlled, but Cal-Access names no controlling candidate and the SOS holds no e-filed reports: nothing identifies the person and nothing would load"
f79bfcdb-be5d-46ab-8a44-05922249d245,203ab943-324d-4478-9093-d827d5d9c7da,Maxine Waters,Representative,1021429,WATERS FOR ASSEMBLY COMMITTEE,WATERS FOR ASSEMBLY COMMITTEE,209,TERMINATED 12/01/1990,40002:CONTROLLED,0:N/A,NORMAN S. WATERS,,dispute_other_person,"Cal-Access: this committee is controlled by NORMAN S. WATERS, a different person with the same surname (FILER_LINKS_CD / Form 460 cover)."
fa19b979-4103-4947-bfd3-4d7668812dcd,203ab943-324d-4478-9093-d827d5d9c7da,Maxine Waters,Representative,1021423,"WATERS, CITIZENS FOR","WATERS, CITIZENS FOR",213,TERMINATED 12/01/1990,40002:CONTROLLED,0:N/A,MAXINE WATERS,,leave_no_sos_reports,"controlled by this person, but no SOS e-filed reports (files with a local filing officer): confirming would load no data and would show 'data pending' for ever"
f76e8f3e-2201-405e-9a1d-e2d3a1e289ab,5549b6d3-b427-4ee3-b33b-48450c6138da,Mia Phillips,,1411364,PHILLIPS 4 SUSD BOARD TRUSTEE 2018,PHILLIPS 4 SUSD BOARD TRUSTEE 2018,209,ACTIVE,40002:CONTROLLED,0:N/A,,,leave_no_candidate_name,"controlled, but Cal-Access names no controlling candidate and the SOS holds no e-filed reports: nothing identifies the person and nothing would load"
6b7eebdc-50df-4ba4-a912-2d2fb4dcc4b6,5549b6d3-b427-4ee3-b33b-48450c6138da,Mia Phillips,,1064644,PHILLIPS FOR ASSEMBLY,PHILLIPS FOR ASSEMBLY,415,TERMINATED 10/10/2010,40002:CONTROLLED,0:N/A,STEVEN PHILLIPS,,dispute_other_person,"Cal-Access: this committee is controlled by STEVEN PHILLIPS, a different person with the same surname (FILER_LINKS_CD / Form 460 cover)."
dd508bf0-56a2-4e68-949a-9f1e3ad6d1b1,5549b6d3-b427-4ee3-b33b-48450c6138da,Mia Phillips,,1239774,PHILLIPS FOR ASSEMBLY,PHILLIPS FOR ASSEMBLY,415,TERMINATED 07/30/2003,40002:CONTROLLED,0:N/A,STEVEN PHILLIPS; Steve Phillips,"F460 x8, F497 x31",dispute_other_person,"Cal-Access: this committee is controlled by STEVEN PHILLIPS; Steve Phillips, a different person with the same surname (FILER_LINKS_CD / Form 460 cover)."
f2dd8314-aa7b-42c1-9b64-40eb4ef49d19,5549b6d3-b427-4ee3-b33b-48450c6138da,Mia Phillips,,1446494,PHILLIPS FOR JUDGE 2022,PHILLIPS FOR JUDGE 2022,805,TERMINATED 12/31/2022,40002:CONTROLLED,0:N/A,PAUL M. PHILLIPS; Paul Phillips,"F460 x1, F497 x7",dispute_other_person,"Cal-Access: this committee is controlled by PAUL M. PHILLIPS; Paul Phillips, a different person with the same surname (FILER_LINKS_CD / Form 460 cover)."
c8d0293a-8269-4a5c-a891-7bc60d2be264,5549b6d3-b427-4ee3-b33b-48450c6138da,Mia Phillips,,1376443,PHILLIPS FOR MAYOR 2015,PHILLIPS FOR MAYOR 2015,415,TERMINATED 02/02/2023,40002:CONTROLLED,0:N/A,,,leave_no_candidate_name,"controlled, but Cal-Access names no controlling candidate and the SOS holds no e-filed reports: nothing identifies the person and nothing would load"
87f02cc5-d9d0-4278-9658-d40e5922793e,5549b6d3-b427-4ee3-b33b-48450c6138da,Mia Phillips,,1452521,PHILLIPS FOR ORINDA UNION SCHOOL DISTRICT 2022,PHILLIPS FOR ORINDA UNION SCHOOL DISTRICT 2022,415,ACTIVE,40002:CONTROLLED,0:N/A,,,leave_no_candidate_name,"controlled, but Cal-Access names no controlling candidate and the SOS holds no e-filed reports: nothing identifies the person and nothing would load"
7dfed839-12af-4047-a081-33da848457b9,7e14a7c0-50dc-43ee-81b6-b86ae1ed10dc,Michael A. Cacciotti,Council Member (District 4),1343054,CACCIOTTI FOR ASSEMBLY 2012,CACCIOTTI FOR ASSEMBLY 2012,213,TERMINATED 07/23/2013,40002:CONTROLLED,0:N/A,MICHAEL ANTHONY CACCIOTTI,"F460 x7, F497 x20",confirm,"Cal-Access bulk export (2026-09-23): category CONTROLLED; controlling candidate MICHAEL ANTHONY CACCIOTTI (FILER_LINKS_CD / Form 460 cover); SOS e-filed reports F460 x7, F497 x20."
5ff0fa85-a2ad-4ebc-bc5f-568f03befe41,7e14a7c0-50dc-43ee-81b6-b86ae1ed10dc,Michael A. Cacciotti,Council Member (District 4),1232042,CACCIOTTI FOR CITY COUNCIL,CACCIOTTI FOR CITY COUNCIL,626,TERMINATED 08/05/2002,40002:CONTROLLED,0:N/A,,,leave_no_candidate_name,"controlled, but Cal-Access names no controlling candidate and the SOS holds no e-filed reports: nothing identifies the person and nothing would load"
235ca989-ccf3-4e8d-8910-6eb87e411002,7e14a7c0-50dc-43ee-81b6-b86ae1ed10dc,Michael A. Cacciotti,Council Member (District 4),1272609,CACCIOTTI FOR CITY COUNCIL 2009,CACCIOTTI FOR CITY COUNCIL 2009,626,TERMINATED 11/14/2011,40002:CONTROLLED,0:N/A,,,leave_no_candidate_name,"controlled, but Cal-Access names no controlling candidate and the SOS holds no e-filed reports: nothing identifies the person and nothing would load"
930d851b-888c-42af-833e-5b04b022e166,7e14a7c0-50dc-43ee-81b6-b86ae1ed10dc,Michael A. Cacciotti,Council Member (District 4),1359318,CACCIOTTI FOR CITY COUNCIL 2022,CACCIOTTI FOR CITY COUNCIL 2026,213,ACTIVE,40002:CONTROLLED,0:N/A,,,leave_no_candidate_name,"controlled, but Cal-Access names no controlling candidate and the SOS holds no e-filed reports: nothing identifies the person and nothing would load"
67311e25-d0ea-45ef-b119-31198148de87,97fe17c8-83b4-4ce6-b5a7-5265eb6ac5e7,Michael Allawos,Council Member (District 1),1393044,ALLAWOS FOR GLENDORA CITY COUNCIL 2017,ALLAWOS FOR GLENDORA CITY COUNCIL 2017,626,TERMINATED 02/15/2018,40002:CONTROLLED,0:N/A,,,leave_no_candidate_name,"controlled, but Cal-Access names no controlling candidate and the SOS holds no e-filed reports: nothing identifies the person and nothing would load"
47178285-e4f0-467c-afa5-f77f79ca07c1,45a74125-ebb2-475c-92c5-3f7d6f899f34,Michael Cao,Council Member (District 5),1443037,CAO 4 ARCARDIA CITY COUNCIL 2022,CAO 4 ARCARDIA CITY COUNCIL 2026,213,ACTIVE,40002:CONTROLLED,0:N/A,,,leave_no_candidate_name,"controlled, but Cal-Access names no controlling candidate and the SOS holds no e-filed reports: nothing identifies the person and nothing would load"
2a904d1d-a40c-46ec-bd5e-ff582688153e,c36ae746-7519-4bf2-a602-3b4836095f13,Michael Keegan,Council Member,1320609,KEEGAN FOR CITY COUNCIL '09,KEEGAN FOR CITY COUNCIL '09,310,TERMINATED 12/11/2013,40002:CONTROLLED,0:N/A,,,leave_no_candidate_name,"controlled, but Cal-Access names no controlling candidate and the SOS holds no e-filed reports: nothing identifies the person and nothing would load"
20dd0975-3431-4c11-820a-a9edc604270d,c36ae746-7519-4bf2-a602-3b4836095f13,Michael Keegan,Council Member,1076676,KEEGAN FOR COUNCIL,KEEGAN FOR COUNCIL,310,TERMINATED 08/02/2001,40002:CONTROLLED,0:N/A,,,leave_no_candidate_name,"controlled, but Cal-Access names no controlling candidate and the SOS holds no e-filed reports: nothing identifies the person and nothing would load"
dbc50143-789a-4a11-9b5d-43c5abebb129,c36ae746-7519-4bf2-a602-3b4836095f13,Michael Keegan,Council Member,1237213,KEEGAN FOR COUNCIL,KEEGAN FOR COUNCIL,310,TERMINATED 08/05/2002,40002:CONTROLLED,0:N/A,,,leave_no_candidate_name,"controlled, but Cal-Access names no controlling candidate and the SOS holds no e-filed reports: nothing identifies the person and nothing would load"
7477f787-be4a-4f74-a795-67b5ca833ecf,b915e738-9116-46fa-941c-97f496d09e0c,Michael T. Davitt,Mayor,1334099,DAVITT FOR CITY COUNCIL 2011,DAVITT FOR CITY COUNCIL 2015,213,TERMINATED 02/22/2022,40002:CONTROLLED,0:N/A,,,leave_no_candidate_name,"controlled, but Cal-Access names no controlling candidate and the SOS holds no e-filed reports: nothing identifies the person and nothing would load"
7cea26de-e7b7-427e-bfa3-e9f9b77d6d83,b915e738-9116-46fa-941c-97f496d09e0c,Michael T. Davitt,Mayor,1446101,DAVITT FOR COUNCIL 2022,DAVITT FOR COUNCIL 2022,213,TERMINATED 12/31/2025,40002:CONTROLLED,0:N/A,,,leave_no_candidate_name,"controlled, but Cal-Access names no controlling candidate and the SOS holds no e-filed reports: nothing identifies the person and nothing would load"
6e9a8e7e-72dc-4bca-af00-07b4fddc2731,5e83fc38-3b6b-460b-9c6f-484cc3146592,Michael Tucker,,1277773,TUCKER FOR ASSEMBLY,TUCKER FOR ASSEMBLY,209,TERMINATED 07/30/2007,40002:CONTROLLED,0:N/A,SUZANNE TUCKER,"F460 x10, F497 x4",dispute_other_person,"Cal-Access: this committee is controlled by SUZANNE TUCKER, a different person with the same surname (FILER_LINKS_CD / Form 460 cover)."
dddf8409-e4b1-4b3a-8509-d22d828f9c14,5e83fc38-3b6b-460b-9c6f-484cc3146592,Michael Tucker,,1430974,TUCKER FOR CITY COUNCIL 2020,TUCKER FOR CITY COUNCIL 2020,949,TERMINATED 07/22/2021,40002:CONTROLLED,0:N/A,,,leave_no_candidate_name,"controlled, but Cal-Access names no controlling candidate and the SOS holds no e-filed reports: nothing identifies the person and nothing would load"
7a7b269f-1303-4ac2-bac2-b9208d4b3585,5e83fc38-3b6b-460b-9c6f-484cc3146592,Michael Tucker,,1464895,TUCKER FOR JUDGE 2024,TUCKER FOR JUDGE 2024,760,ACTIVE,40002:CONTROLLED,0:N/A,ELIZABETH TUCKER,"F460 x8, F497 x12",dispute_other_person,"Cal-Access: this committee is controlled by ELIZABETH TUCKER, a different person with the same surname (FILER_LINKS_CD / Form 460 cover)."
af44384c-3ac9-4a39-a03e-0bf47c5ce0ee,5e83fc38-3b6b-460b-9c6f-484cc3146592,Michael Tucker,,1289928,TUCKER FOR TRACY COUNCIL,TUCKER FOR TRACY COUNCIL,209,TERMINATED 06/30/2010,40002:CONTROLLED,0:N/A,,,leave_no_candidate_name,"controlled, but Cal-Access names no controlling candidate and the SOS holds no e-filed reports: nothing identifies the person and nothing would load"
abd0b049-dea2-4891-8c3e-e33e5b5b3e8e,5cbf44d9-91de-4fc9-b5f0-76e2ae236914,Michelle Bailey,Board Member (District 3),1432423,BAILEY 2020 FOR LACCD BOARD SEAT 1; COMMITTEE OF,BAILEY 2020 FOR LACCD BOARD SEAT 1,323,ACTIVE,40002:CONTROLLED,0:N/A,,,leave_no_candidate_name,"controlled, but Cal-Access names no controlling candidate and the SOS holds no e-filed reports: nothing identifies the person and nothing would load"
93b15d6d-52a8-43cb-b595-deb9d3331a4f,cf6a072a-026b-4b95-9eb4-180be6480a95,Michelle Velasquez Bean,Council Member,1446387,BEAN 4 SHERIFF 2022,BEAN 4 SHERIFF 2022,916,TERMINATED 07/25/2022,40002:CONTROLLED,0:N/A,,,leave_no_candidate_name,"controlled, but Cal-Access names no controlling candidate and the SOS holds no e-filed reports: nothing identifies the person and nothing would load"
1e7cd42d-995a-43ac-b559-9d800bd940cb,6133e73c-4c33-4cfc-9fd3-de1382729f42,Mike A. Gipson,Assembly Member,1299769,GIPSON FOR ASSEMBLY,GIPSON FOR ASSEMBLY,310,TERMINATED 12/31/2010,40002:CONTROLLED,0:N/A,MIKE GIPSON; Mike A. Gipson,"F460 x9, F497 x28",confirm,"Cal-Access bulk export (2026-09-23): category CONTROLLED; controlling candidate MIKE GIPSON; Mike A. Gipson (FILER_LINKS_CD / Form 460 cover); SOS e-filed reports F460 x9, F497 x28."
bc4071f9-5410-4d97-a0c1-99ea283f5e6e,6133e73c-4c33-4cfc-9fd3-de1382729f42,Mike A. Gipson,Assembly Member,1340861,GIPSON FOR ASSEMBLY 2012,GIPSON FOR ASSEMBLY 2012,213,TERMINATED 12/31/2012,40002:CONTROLLED,0:N/A,MIKE GIPSON,"F460 x3, F497 x3",confirm,"Cal-Access bulk export (2026-09-23): category CONTROLLED; controlling candidate MIKE GIPSON (FILER_LINKS_CD / Form 460 cover); SOS e-filed reports F460 x3, F497 x3."
ebe245ee-3759-4a95-a592-3898137ccd1d,6133e73c-4c33-4cfc-9fd3-de1382729f42,Mike A. Gipson,Assembly Member,1356678,GIPSON FOR ASSEMBLY 2014,GIPSON FOR ASSEMBLY 2014,310,TERMINATED 06/30/2019,40002:CONTROLLED,0:N/A,MIKE GIPSON,"F460 x28, F497 x126",confirm,"Cal-Access bulk export (2026-09-23): category CONTROLLED; controlling candidate MIKE GIPSON (FILER_LINKS_CD / Form 460 cover); SOS e-filed reports F460 x28, F497 x126."
ca6936a5-69d7-44ac-83fb-f9c4459758a3,6133e73c-4c33-4cfc-9fd3-de1382729f42,Mike A. Gipson,Assembly Member,1373829,GIPSON FOR ASSEMBLY 2016,GIPSON FOR ASSEMBLY 2016,310,TERMINATED 12/31/2019,40002:CONTROLLED,0:N/A,MIKE GIPSON,"F460 x23, F497 x139",confirm,"Cal-Access bulk export (2026-09-23): category CONTROLLED; controlling candidate MIKE GIPSON (FILER_LINKS_CD / Form 460 cover); SOS e-filed reports F460 x23, F497 x139."
0f5d16c5-abb4-49de-aacd-a2934e7a809b,6133e73c-4c33-4cfc-9fd3-de1382729f42,Mike A. Gipson,Assembly Member,1392928,GIPSON FOR ASSEMBLY 2018,GIPSON FOR ASSEMBLY 2018,310,TERMINATED 12/31/2019,40002:CONTROLLED,0:N/A,MIKE GIPSON,"F460 x11, F497 x122",confirm,"Cal-Access bulk export (2026-09-23): category CONTROLLED; controlling candidate MIKE GIPSON (FILER_LINKS_CD / Form 460 cover); SOS e-filed reports F460 x11, F497 x122."
8536ad23-408b-48eb-bba4-a08cca84b3d7,6133e73c-4c33-4cfc-9fd3-de1382729f42,Mike A. Gipson,Assembly Member,1414387,GIPSON FOR ASSEMBLY 2020,GIPSON FOR ASSEMBLY 2020,213,TERMINATED 06/30/2023,40002:CONTROLLED,0:N/A,MIKE GIPSON,"F460 x22, F497 x126",confirm,"Cal-Access bulk export (2026-09-23): category CONTROLLED; controlling candidate MIKE GIPSON (FILER_LINKS_CD / Form 460 cover); SOS e-filed reports F460 x22, F497 x126."
62c1cbb7-4773-4146-9faa-b5ac8184d4d3,6133e73c-4c33-4cfc-9fd3-de1382729f42,Mike A. Gipson,Assembly Member,1434878,GIPSON FOR ASSEMBLY 2022,GIPSON FOR ASSEMBLY 2022,213,TERMINATED 06/30/2023,40002:CONTROLLED,0:N/A,MIKE GIPSON,"F460 x15, F497 x179",confirm,"Cal-Access bulk export (2026-09-23): category CONTROLLED; controlling candidate MIKE GIPSON (FILER_LINKS_CD / Form 460 cover); SOS e-filed reports F460 x15, F497 x179."
fd43ba0e-ee19-4790-b6e8-0bb4bf8d5367,6133e73c-4c33-4cfc-9fd3-de1382729f42,Mike A. Gipson,Assembly Member,1378039,GIPSON FOR ASSEMBLY LEGAL DEFENSE FUND,GIPSON FOR ASSEMBLY LEGAL DEFENSE FUND,310,TERMINATED 12/31/2018,40002:CONTROLLED,0:N/A,MIKE GIPSON,"F460 x16, F497 x10",confirm,"Cal-Access bulk export (2026-09-23): category CONTROLLED; controlling candidate MIKE GIPSON (FILER_LINKS_CD / Form 460 cover); SOS e-filed reports F460 x16, F497 x10."
bd515ae9-8f94-4763-8f60-09ea9f86989c,cacdb3e3-f716-4914-9e32-a95cc632af42,Mike Fong,Assembly Member,1272178,"FONG 2008, FRIENDS OF","FONG 2008, FRIENDS OF",916,TERMINATED 12/31/2023,40002:CONTROLLED,0:N/A,,,leave_no_candidate_name,"controlled, but Cal-Access names no controlling candidate and the SOS holds no e-filed reports: nothing identifies the person and nothing would load"
22b4e48a-a166-4bbf-a4f0-86edd455d89a,44b51856-a56e-45e4-9701-52df87a760f1,Monica Manalo,Council Member,1232380,MANALO FOR ARTESIA CITY COUNCIL,MANALO FOR ARTESIA CITY COUNCIL,562,TERMINATED 12/31/2004,40002:CONTROLLED,0:N/A,,,leave_no_candidate_name,"controlled, but Cal-Access names no controlling candidate and the SOS holds no e-filed reports: nothing identifies the person and nothing would load"
f03fa556-5ba8-49e4-931d-c2114a48300f,44b51856-a56e-45e4-9701-52df87a760f1,Monica Manalo,Council Member,1473942,MANALO FOR CITY COUNCIL 2024,MANALO FOR CITY COUNCIL 2024,562,ACTIVE,40002:CONTROLLED,0:N/A,,,leave_no_candidate_name,"controlled, but Cal-Access names no controlling candidate and the SOS holds no e-filed reports: nothing identifies the person and nothing would load"
8f79c431-e7f8-4fff-8698-f2cc11137c50,9b362b24-72a3-4c81-8e38-7bd476eba72e,Nayiri Nahabedian,,1325506,"NAHABEDIAN FOR ASSEMBLY 2010, FACULTY FOR OUR UNIVERSITY'S FUTURE, A COMMITTEE SPONSORED BY THE CALIFORNIA FACULTY ASSOCIATION, PROTECT LOCAL SCHOOLS","NAHABEDIAN FOR ASSEMBLY 2010, FACULTY FOR OUR UNIVERSITY'S FUTURE, A COMMITTEE SPONSORED BY THE CALIFORNIA FACULTY ASSOCIATION, PROTECT LOCAL SCHOOLS",310,TERMINATED 06/30/2010,0:N/A,40102:PRIMARILY FORMED CANDIDATE,Mike Gatto; Nayiri Nahabedian,F460 x3,dispute_pf,"Cal-Access category PRIMARILY FORMED CANDIDATE: an independent committee that supports or opposes this person, not a committee they control; its money is not their fundraising."
c0396e55-653a-4a47-8b88-3eeb9f980afc,9b362b24-72a3-4c81-8e38-7bd476eba72e,Nayiri Nahabedian,,1374741,NAHABEDIAN FOR GLENDALE SCHOOL BOARD 2015,NAHABEDIAN FOR GLENDALE SCHOOL BOARD 2020,818,ACTIVE,40002:CONTROLLED,0:N/A,,,leave_no_candidate_name,"controlled, but Cal-Access names no controlling candidate and the SOS holds no e-filed reports: nothing identifies the person and nothing would load"
f6facd77-2489-4d65-95e5-a806fb719961,9b362b24-72a3-4c81-8e38-7bd476eba72e,Nayiri Nahabedian,,1336791,NAHABEDIAN FOR SCHOOL BOARD 2011,NAHABEDIAN FOR SCHOOL BOARD 2011,818,TERMINATED 12/31/2012,40002:CONTROLLED,0:N/A,,,leave_no_candidate_name,"controlled, but Cal-Access names no controlling candidate and the SOS holds no e-filed reports: nothing identifies the person and nothing would load"
48dea9cc-9d76-465f-ab44-73abffbbfe47,9b362b24-72a3-4c81-8e38-7bd476eba72e,Nayiri Nahabedian,,1424180,NAHABEDIAN FOR SCHOOL BOARD 2020,NAHABEDIAN FOR SCHOOL BOARD 2020,818,ACTIVE,40002:CONTROLLED,0:N/A,,,leave_no_candidate_name,"controlled, but Cal-Access names no controlling candidate and the SOS holds no e-filed reports: nothing identifies the person and nothing would load"
d589b3f3-8ef7-417d-a420-ef70090139b6,e31e6ebf-91ea-478f-b4dc-6974888bdffa,Nick Schultz,Assembly Member,1329835,SCHULTZ FOR COUNCIL 2010,SCHULTZ FOR COUNCIL 2010,714,TERMINATED 06/30/2011,40002:CONTROLLED,0:N/A,,,leave_no_candidate_name,"controlled, but Cal-Access names no controlling candidate and the SOS holds no e-filed reports: nothing identifies the person and nothing would load"
fc882c0e-0af6-43aa-8587-a7b0f8219f39,e31e6ebf-91ea-478f-b4dc-6974888bdffa,Nick Schultz,Assembly Member,1486901,SCHULTZ FOR TREASURER TAX COLLECTOR 2026,SCHULTZ FOR TREASURER TAX COLLECTOR 2026,714,TERMINATED 06/30/2026,40002:CONTROLLED,0:N/A,,,leave_no_candidate_name,"controlled, but Cal-Access names no controlling candidate and the SOS holds no e-filed reports: nothing identifies the person and nothing would load"
c78d70ec-ba4c-45a6-b607-ddc89a937366,8bc76d78-5793-4ab8-ba47-ddeefeb33413,Noah Margo,,1342254,MARGO FOR SCHOOL BOARD 2011,MARGO FOR SCHOOL BOARD 2011,310,TERMINATED 12/31/2012,40002:CONTROLLED,0:N/A,,,leave_no_candidate_name,"controlled, but Cal-Access names no controlling candidate and the SOS holds no e-filed reports: nothing identifies the person and nothing would load"
3fcd3216-1f66-4215-ba14-d6a95cd3185b,8bc76d78-5793-4ab8-ba47-ddeefeb33413,Noah Margo,,1376633,MARGO FOR SCHOOL BOARD 2015,MARGO FOR SCHOOL BOARD 2015,310,TERMINATED 12/31/2015,40002:CONTROLLED,0:N/A,,,leave_no_candidate_name,"controlled, but Cal-Access names no controlling candidate and the SOS holds no e-filed reports: nothing identifies the person and nothing would load"
43f9102d-1b97-45cc-96e4-b9d2d3afa4e5,8bc76d78-5793-4ab8-ba47-ddeefeb33413,Noah Margo,,1427452,MARGO FOR SCHOOL BOARD 2020,MARGO FOR SCHOOL BOARD 2020,310,TERMINATED 12/31/2020,40002:CONTROLLED,0:N/A,,,leave_no_candidate_name,"controlled, but Cal-Access names no controlling candidate and the SOS holds no e-filed reports: nothing identifies the person and nothing would load"
dd27362f-9146-4732-bc5f-d1842878fba6,deea52f0-0422-4fc8-971a-27a2471e14f2,Pat Burns,Council Member,1485084,BURNS FOR CITY COUNCIL 2026,BURNS FOR CITY COUNCIL 2026,714,ACTIVE,40002:CONTROLLED,0:N/A,,,leave_no_candidate_name,"controlled, but Cal-Access names no controlling candidate and the SOS holds no e-filed reports: nothing identifies the person and nothing would load"
bd40886b-64c0-4bd8-b4d8-fd0e1e8bceff,deea52f0-0422-4fc8-971a-27a2471e14f2,Pat Burns,Council Member,1483059,BURNS FOR COUNTY SUPERINTENDENT OF SCHOOLS 2026,BURNS FOR COUNTY SUPERINTENDENT OF SCHOOLS 2026,916,ACTIVE,40002:CONTROLLED,0:N/A,,,leave_no_candidate_name,"controlled, but Cal-Access names no controlling candidate and the SOS holds no e-filed reports: nothing identifies the person and nothing would load"
29f8e457-28f9-4461-bd60-cb17cbbb4dbc,7dae12c6-d2b7-45a4-af3f-0003e13fbacf,Pat Cahalan,,1374089,CAHALAN FOR SCHOOL BOARD 2020,CAHALAN FOR SCHOOL BOARD 2020,626,TERMINATED 12/31/2020,40002:CONTROLLED,0:N/A,,,leave_no_candidate_name,"controlled, but Cal-Access names no controlling candidate and the SOS holds no e-filed reports: nothing identifies the person and nothing would load"
152eae79-a122-471e-be76-2dd3fa28cc62,527baa04-a1ec-47e0-9fa9-f5ca47c540c7,Pat Wilson,Council Member,1024650,"RILES & GARY HART, EDUCATORS FOR WILSON","RILES & GARY HART, EDUCATORS FOR WILSON",805,TERMINATED 12/01/1990,40002:CONTROLLED,0:N/A,,,leave_no_candidate_name,"controlled, but Cal-Access names no controlling candidate and the SOS holds no e-filed reports: nothing identifies the person and nothing would load"
efc900d3-6219-4332-bbbe-4e9e2152fbb6,527baa04-a1ec-47e0-9fa9-f5ca47c540c7,Pat Wilson,Council Member,1426596,WILSON 4 AUSD BOARD 2028,WILSON 4 AUSD BOARD 2028,310,ACTIVE,40002:CONTROLLED,0:N/A,,,leave_no_candidate_name,"controlled, but Cal-Access names no controlling candidate and the SOS holds no e-filed reports: nothing identifies the person and nothing would load"
fed3b26a-2fdb-43c2-9299-adc88036f634,527baa04-a1ec-47e0-9fa9-f5ca47c540c7,Pat Wilson,Council Member,1454226,WILSON 4 COLLEGE BOARD 2022,WILSON 4 COLLEGE BOARD 2022,310,TERMINATED 12/31/2022,40002:CONTROLLED,0:N/A,,,leave_no_candidate_name,"controlled, but Cal-Access names no controlling candidate and the SOS holds no e-filed reports: nothing identifies the person and nothing would load"
f125c2e6-d8de-40be-8605-e07e13837529,527baa04-a1ec-47e0-9fa9-f5ca47c540c7,Pat Wilson,Council Member,1466119,WILSON 4 SCHOOL BOARD 2024; J,WILSON 4 SCHOOL BOARD 2024; J,909,TERMINATED 03/19/2025,40002:CONTROLLED,0:N/A,,,leave_no_candidate_name,"controlled, but Cal-Access names no controlling candidate and the SOS holds no e-filed reports: nothing identifies the person and nothing would load"
7e9cdf25-6bff-4031-96ed-529111a32c64,527baa04-a1ec-47e0-9fa9-f5ca47c540c7,Pat Wilson,Council Member,1395381,WILSON CITY COUNCIL 2017; FRIENDS OF,WILSON CITY COUNCIL 2017; FRIENDS OF,562,ACTIVE,40002:CONTROLLED,0:N/A,,,leave_no_candidate_name,"controlled, but Cal-Access names no controlling candidate and the SOS holds no e-filed reports: nothing identifies the person and nothing would load"
103c5148-9ef1-4b8f-b144-5cf3aa37f0b2,527baa04-a1ec-47e0-9fa9-f5ca47c540c7,Pat Wilson,Council Member,1063445,WILSON FOR ASSEMBLY,WILSON FOR ASSEMBLY,213,TERMINATED 10/10/2010,40002:CONTROLLED,0:N/A,,,leave_no_candidate_name,"controlled, but Cal-Access names no controlling candidate and the SOS holds no e-filed reports: nothing identifies the person and nothing would load"
d86827f8-dce1-425f-a560-e8965f5bff0d,527baa04-a1ec-47e0-9fa9-f5ca47c540c7,Pat Wilson,Council Member,1055079,WILSON FOR ASSEMBLY,WILSON FOR ASSEMBLY,714,TERMINATED 10/10/2010,40002:CONTROLLED,0:N/A,,,leave_no_candidate_name,"controlled, but Cal-Access names no controlling candidate and the SOS holds no e-filed reports: nothing identifies the person and nothing would load"
22ce9264-a9ca-479e-9d42-34e51206b45c,527baa04-a1ec-47e0-9fa9-f5ca47c540c7,Pat Wilson,Council Member,1391205,WILSON FOR CITY COUNCIL 2017,WILSON FOR CITY COUNCIL 2017,626,TERMINATED 12/13/2019,40002:CONTROLLED,0:N/A,,,leave_no_candidate_name,"controlled, but Cal-Access names no controlling candidate and the SOS holds no e-filed reports: nothing identifies the person and nothing would load"
8820e34c-b9e5-4961-8bdb-17abf3e5dc33,527baa04-a1ec-47e0-9fa9-f5ca47c540c7,Pat Wilson,Council Member,1461828,WILSON FOR CITY COUNCIL 2024,WILSON FOR CITY COUNCIL 2024,619,TERMINATED 12/31/2024,40002:CONTROLLED,0:N/A,,,leave_no_candidate_name,"controlled, but Cal-Access names no controlling candidate and the SOS holds no e-filed reports: nothing identifies the person and nothing would load"
9bc57ef7-333e-4aef-b854-679fe2db9024,527baa04-a1ec-47e0-9fa9-f5ca47c540c7,Pat Wilson,Council Member,1362034,WILSON FOR COUNCIL 2014,WILSON FOR COUNCIL 2014,909,TERMINATED 02/18/2014,40002:CONTROLLED,0:N/A,,,leave_no_candidate_name,"controlled, but Cal-Access names no controlling candidate and the SOS holds no e-filed reports: nothing identifies the person and nothing would load"
99db60d9-4b07-4fd1-afd6-957e6c957b34,527baa04-a1ec-47e0-9fa9-f5ca47c540c7,Pat Wilson,Council Member,1420900,WILSON FOR COUNCIL 2020,WILSON FOR COUNCIL 2020,909,TERMINATED 10/17/2019,40002:CONTROLLED,0:N/A,,,leave_no_candidate_name,"controlled, but Cal-Access names no controlling candidate and the SOS holds no e-filed reports: nothing identifies the person and nothing would load"
205375e8-b46e-49d9-b838-d31f2f5e7724,527baa04-a1ec-47e0-9fa9-f5ca47c540c7,Pat Wilson,Council Member,1485803,WILSON FOR MAYOR 2026,WILSON FOR DISTRICT 4 CITY COUNCIL 2026,909,ACTIVE,40002:CONTROLLED,0:N/A,,,leave_no_candidate_name,"controlled, but Cal-Access names no controlling candidate and the SOS holds no e-filed reports: nothing identifies the person and nothing would load"
ef9f2221-8a43-4a51-acc3-c489781422e8,527baa04-a1ec-47e0-9fa9-f5ca47c540c7,Pat Wilson,Council Member,1383228,WILSON FOR JUDGE 2016,WILSON FOR JUDGE 2016,310,TERMINATED 06/27/2016,40002:CONTROLLED,0:N/A,RONALD N WILSON,F460 x1,dispute_other_person,"Cal-Access: this committee is controlled by RONALD N WILSON, a different person with the same surname (FILER_LINKS_CD / Form 460 cover)."
15347e0c-36e6-4b94-b2ab-8922485748f6,72add1da-a898-4789-ab17-f41ec7260bc5,Paul Cheng,Council Member (District 4),1425003,CHENG 4 ARCADIA FOR ARCADIA CITY COUNCIL 2020,CHENG 4 ARCADIA FOR ARCADIA CITY COUNCIL 2024,213,ACTIVE,40002:CONTROLLED,0:N/A,,,leave_no_candidate_name,"controlled, but Cal-Access names no controlling candidate and the SOS holds no e-filed reports: nothing identifies the person and nothing would load"
90268d2a-2387-4739-8207-613e43bfb432,8f5bfaa6-09c6-40b1-99d5-f12953fda21d,Penny Sylvester,Mayor,1402215,SYLVESTER FOR CITY COUNCIL 2018,SYLVESTER FOR CITY COUNCIL 2018,209,TERMINATED 05/10/2018,40002:CONTROLLED,0:N/A,,,leave_no_candidate_name,"controlled, but Cal-Access names no controlling candidate and the SOS holds no e-filed reports: nothing identifies the person and nothing would load"
586e2735-9185-4cdf-bc48-13b7e477fe07,21ad587e-dfcd-405e-8bfb-f03c299e542f,Rene Trevino,Council Member,1406233,TREVINO FOR ARTESIA COUNCIL 2026,TREVINO FOR ARTESIA COUNCIL 2026,213,ACTIVE,40002:CONTROLLED,0:N/A,,,leave_no_candidate_name,"controlled, but Cal-Access names no controlling candidate and the SOS holds no e-filed reports: nothing identifies the person and nothing would load"
776f6803-35d1-4dbe-a263-cc6d548f58af,21ad587e-dfcd-405e-8bfb-f03c299e542f,Rene Trevino,Council Member,1238576,TREVINO FOR CITY COUNCIL,TREVINO FOR CITY COUNCIL,559,TERMINATED 01/24/2013,40002:CONTROLLED,0:N/A,,,leave_no_candidate_name,"controlled, but Cal-Access names no controlling candidate and the SOS holds no e-filed reports: nothing identifies the person and nothing would load"
d080966e-6837-46ff-bf0a-fb87a82a6346,21ad587e-dfcd-405e-8bfb-f03c299e542f,Rene Trevino,Council Member,1297409,TREVINO WATER BOARD 2028,TREVINO WATER BOARD 2028,213,ACTIVE,40002:CONTROLLED,0:N/A,,,leave_no_candidate_name,"controlled, but Cal-Access names no controlling candidate and the SOS holds no e-filed reports: nothing identifies the person and nothing would load"
47059dd3-4879-4635-b28c-2cb4a395bd0b,9f07a6d3-ecce-4105-be1d-23fb69d288c8,Rick Cole,Councilmember,1238827,COLE FOR CITY COUNCIL,COLE FOR CITY COUNCIL,323,TERMINATED 07/19/2016,40002:CONTROLLED,0:N/A,,,leave_no_candidate_name,"controlled, but Cal-Access names no controlling candidate and the SOS holds no e-filed reports: nothing identifies the person and nothing would load"
aae26c70-02b5-4c51-a1b4-f413d9488224,9f07a6d3-ecce-4105-be1d-23fb69d288c8,Rick Cole,Councilmember,1225665,COLE FOR CITY COUNCIL,COLE FOR CITY COUNCIL,310,TERMINATED 12/31/2004,40002:CONTROLLED,0:N/A,,,leave_no_candidate_name,"controlled, but Cal-Access names no controlling candidate and the SOS holds no e-filed reports: nothing identifies the person and nothing would load"
4020261e-cf86-4135-b4e3-052bd7a741f8,9f07a6d3-ecce-4105-be1d-23fb69d288c8,Rick Cole,Councilmember,1328668,COLE FOR CITY COUNCIL 2010,COLE FOR CITY COUNCIL 2010,916,TERMINATED 06/30/2011,40002:CONTROLLED,0:N/A,,,leave_no_candidate_name,"controlled, but Cal-Access names no controlling candidate and the SOS holds no e-filed reports: nothing identifies the person and nothing would load"
5f90d572-9439-461b-b852-47035d5f04c2,64d469a4-1f9b-48cd-930d-0947f33cae90,Rick Crosby,Council Member (District 2),1423510,CROSBY FOR COUNCIL 2020,CROSBY FOR COUNCIL 2020,909,TERMINATED 06/11/2020,40002:CONTROLLED,0:N/A,,,leave_no_candidate_name,"controlled, but Cal-Access names no controlling candidate and the SOS holds no e-filed reports: nothing identifies the person and nothing would load"
201e48f0-76af-47a6-adea-0c56af28b707,8b183a30-3afb-4d9e-aa40-aa2ad2c674aa,Rob Bonta,Attorney General,1438600,BONTA FOR ASSEMBLY 2021; EAST BAY UNITED FOR,BONTA FOR ASSEMBLY 2021; EAST BAY UNITED FOR,916,TERMINATED 12/31/2021,0:N/A,40102:PRIMARILY FORMED CANDIDATE,Mia Bonta,"F460 x4, F497 x6",dispute_pf,"Cal-Access category PRIMARILY FORMED CANDIDATE: an independent committee that supports or opposes this person, not a committee they control; its money is not their fundraising."
3c6cb61f-418c-4d44-9f4c-531f79695c50,8b183a30-3afb-4d9e-aa40-aa2ad2c674aa,Rob Bonta,Attorney General,1438628,"BONTA FOR STATE ASSEMBLY 2021 SPONSORED BY LABOR UNIONS, EDUCATION, AND HEALTHCARE ORGANIZATIONS; EDUCATORS AND HEALTHCARE PROFESSIONALS FOR MIA","BONTA FOR STATE ASSEMBLY 2021 SPONSORED BY LABOR UNIONS, EDUCATION, AND HEALTHCARE ORGANIZATIONS; EDUCATORS AND HEALTHCARE PROFESSIONALS FOR MIA",916,TERMINATED 12/31/2021,0:N/A,40102:PRIMARILY FORMED CANDIDATE,Mia Bonta,"F460 x6, F497 x11",dispute_pf,"Cal-Access category PRIMARILY FORMED CANDIDATE: an independent committee that supports or opposes this person, not a committee they control; its money is not their fundraising."
5e86356d-b638-4ca2-8935-09b53ce119ed,4c6c35f0-0c85-4dca-b2df-388400fb4f07,Robert Copeland,Council Member,1393049,COPELAND FOR COUNCIL 2017,COPELAND FOR COUNCIL 2017,562,TERMINATED 07/27/2017,40002:CONTROLLED,0:N/A,,,leave_no_candidate_name,"controlled, but Cal-Access names no controlling candidate and the SOS holds no e-filed reports: nothing identifies the person and nothing would load"
8d00f9b4-c9a2-4d52-ac31-02dc129d86d8,4c6c35f0-0c85-4dca-b2df-388400fb4f07,Robert Copeland,Council Member,1423100,COPELAND FOR COUNCIL 2020,COPELAND FOR COUNCIL 2020,714,TERMINATED 12/31/2020,40002:CONTROLLED,0:N/A,,,leave_no_candidate_name,"controlled, but Cal-Access names no controlling candidate and the SOS holds no e-filed reports: nothing identifies the person and nothing would load"
b2623355-4a54-4c12-bb9c-4abbb838cb67,4c6c35f0-0c85-4dca-b2df-388400fb4f07,Robert Copeland,Council Member,1463893,COPELAND FOR COUNCIL 2024,COPELAND FOR COUNCIL 2024,714,TERMINATED 12/02/2024,40002:CONTROLLED,0:N/A,,,leave_no_candidate_name,"controlled, but Cal-Access names no controlling candidate and the SOS holds no e-filed reports: nothing identifies the person and nothing would load"
7faf0d30-e84f-4297-8458-46a9973beb60,f2a863a9-ce21-453a-9d2b-fc7282307eb0,Robert Gin,Board Member (Trustee Area 4),1422975,GIN FOR CITY COUNCIL 2020,GIN FOR CITY COUNCIL 2020,323,TERMINATED 06/30/2020,40002:CONTROLLED,0:N/A,,,leave_no_candidate_name,"controlled, but Cal-Access names no controlling candidate and the SOS holds no e-filed reports: nothing identifies the person and nothing would load"
156b3cd8-7545-4243-938a-a7dd9761917c,21975878-739e-452b-8bf7-95919680462a,Robert Luna,Sheriff,1034217,LUNA FOR ASSEMBLY,LUNA FOR ASSEMBLY,213,TERMINATED 12/01/1990,40002:CONTROLLED,0:N/A,,,leave_no_candidate_name,"controlled, but Cal-Access names no controlling candidate and the SOS holds no e-filed reports: nothing identifies the person and nothing would load"
a07d88c5-7998-4601-b2e7-79ccdc4b2362,79b73f21-14b0-44d0-a57e-5b022cbfb21d,Robert Parkhurst,Mayor,1429935,PARKHURST FOR CITY COUNCIL 2020,PARKHURST FOR CITY COUNCIL 2020,323,TERMINATED 12/31/2020,40002:CONTROLLED,0:N/A,,,leave_no_candidate_name,"controlled, but Cal-Access names no controlling candidate and the SOS holds no e-filed reports: nothing identifies the person and nothing would load"
be4f100f-2c82-4a03-9d57-2b036e7faf7b,43534230-24b1-432a-9901-f1c666ed009e,Roberto Uranga,Councilmember,1315278,URANGA FOR CITY COUNCIL,URANGA FOR CITY COUNCIL,818,TERMINATED 12/31/2009,40002:CONTROLLED,0:N/A,,,leave_no_candidate_name,"controlled, but Cal-Access names no controlling candidate and the SOS holds no e-filed reports: nothing identifies the person and nothing would load"
da1276dc-d5a8-45d6-acf7-1a0ffc4dee10,43534230-24b1-432a-9901-f1c666ed009e,Roberto Uranga,Councilmember,1219737,URANGA FOR COLLEGE BOARD DISTRICT 2,URANGA FOR COLLEGE BOARD DISTRICT 2,562,TERMINATED 01/10/2000,40002:CONTROLLED,0:N/A,,,leave_no_candidate_name,"controlled, but Cal-Access names no controlling candidate and the SOS holds no e-filed reports: nothing identifies the person and nothing would load"
6d6c4d0c-542b-44af-a7d1-7efd8bf414fd,43534230-24b1-432a-9901-f1c666ed009e,Roberto Uranga,Councilmember,1368048,URANGA FOR WATER REPLENISHMENT WATER DISTRICT 2014,URANGA FOR WATER REPLENISHMENT WATER DISTRICT 2014,213,TERMINATED 12/31/2017,40002:CONTROLLED,0:N/A,,,leave_no_candidate_name,"controlled, but Cal-Access names no controlling candidate and the SOS holds no e-filed reports: nothing identifies the person and nothing would load"
4e59ec23-bcd2-4fcf-a975-1feb2b50a27b,43534230-24b1-432a-9901-f1c666ed009e,Roberto Uranga,Councilmember,1291134,"URANGA, FRIENDS OF","URANGA, FRIENDS OF",818,TERMINATED 03/27/2010,40002:CONTROLLED,0:N/A,TONIA R. URANGA; Tonia Reyes Uranga,"F460 x13, F497 x26",dispute_other_person,"Cal-Access: this committee is controlled by TONIA R. URANGA; Tonia Reyes Uranga, a different person with the same surname (FILER_LINKS_CD / Form 460 cover)."
229bf44c-60ad-4cfb-9087-91bb0d59d02d,4a484a17-5426-403c-8c51-0b7e387a07b1,Robin Funk,,1402781,FUNK FOR CITY COUNCIL 2018,FUNK FOR CITY COUNCIL 2018,916,TERMINATED 12/31/2021,40002:CONTROLLED,0:N/A,,,leave_no_candidate_name,"controlled, but Cal-Access names no controlling candidate and the SOS holds no e-filed reports: nothing identifies the person and nothing would load"
3450ef8b-fc25-4654-907d-eded0129c620,4a484a17-5426-403c-8c51-0b7e387a07b1,Robin Funk,,1443535,FUNK FOR CITY COUNCIL 2022,FUNK FOR CITY COUNCIL 2022,916,TERMINATED 04/05/2023,40002:CONTROLLED,0:N/A,,,leave_no_candidate_name,"controlled, but Cal-Access names no controlling candidate and the SOS holds no e-filed reports: nothing identifies the person and nothing would load"
9f647e94-83e4-440b-951d-d080c6afc009,43d95c94-fbd2-45cf-a0bb-7e0ec46b40d0,Ronald Huffman,,1274868,HUFFMAN FOR ASSEMBLY,HUFFMAN FOR ASSEMBLY,415,TERMINATED 12/20/2007,40002:CONTROLLED,0:N/A,JARED HUFFMAN,"F460 x19, F497 x58",dispute_other_person,"Cal-Access: this committee is controlled by JARED HUFFMAN, a different person with the same surname (FILER_LINKS_CD / Form 460 cover)."
f04d1be6-e8e1-4c67-b1c7-d38218b6b021,43d95c94-fbd2-45cf-a0bb-7e0ec46b40d0,Ronald Huffman,,1292878,HUFFMAN FOR ASSEMBLY 2008,HUFFMAN FOR ASSEMBLY 2008,415,TERMINATED 06/30/2009,40002:CONTROLLED,0:N/A,JARED HUFFMAN,"F460 x14, F497 x71",dispute_other_person,"Cal-Access: this committee is controlled by JARED HUFFMAN, a different person with the same surname (FILER_LINKS_CD / Form 460 cover)."
159b81de-87d9-4747-9140-ea67096c34d2,43d95c94-fbd2-45cf-a0bb-7e0ec46b40d0,Ronald Huffman,,1313855,HUFFMAN FOR ASSEMBLY 2010,HUFFMAN FOR ASSEMBLY 2010,415,TERMINATED 12/31/2012,40002:CONTROLLED,0:N/A,JARED HUFFMAN,"F460 x17, F497 x63",dispute_other_person,"Cal-Access: this committee is controlled by JARED HUFFMAN, a different person with the same surname (FILER_LINKS_CD / Form 460 cover)."
cdd80958-2e9d-49f2-a9ea-746bee82d511,43d95c94-fbd2-45cf-a0bb-7e0ec46b40d0,Ronald Huffman,,1334239,HUFFMAN FOR SENATE 2016,HUFFMAN FOR SENATE 2016,510,TERMINATED 09/30/2012,40002:CONTROLLED,0:N/A,JARED HUFFMAN,F460 x5,dispute_other_person,"Cal-Access: this committee is controlled by JARED HUFFMAN, a different person with the same surname (FILER_LINKS_CD / Form 460 cover)."
d0c84f12-3559-43d2-83ce-c0f702206b5e,4244252f-7230-4a45-90b5-1a76754b8d60,Sabrina Bow,Council Member (District 2),1469155,BOW FOR AZUSA CITY COUNCIL 2024,BOW FOR AZUSA CITY COUNCIL 2024,626,ACTIVE,40002:CONTROLLED,0:N/A,,,leave_no_candidate_name,"controlled, but Cal-Access names no controlling candidate and the SOS holds no e-filed reports: nothing identifies the person and nothing would load"
3b3720ff-33e1-42af-b664-abf68e35b51d,bb6b1993-83ba-46cc-b725-271cca6f206d,Salvador Melendez,Council Member (District 3),1404074,MELENDEZ FOR CITY COUNCIL 2018,MELENDEZ FOR CITY COUNCIL 2018,323,TERMINATED 12/31/2020,40002:CONTROLLED,0:N/A,,,leave_no_candidate_name,"controlled, but Cal-Access names no controlling candidate and the SOS holds no e-filed reports: nothing identifies the person and nothing would load"
1fd63d02-7d97-452f-87d6-a395730e1ddb,bb6b1993-83ba-46cc-b725-271cca6f206d,Salvador Melendez,Council Member (District 3),1438483,MELENDEZ FOR MONTEBELLO CITY COUNCIL 2026,MELENDEZ FOR MONTEBELLO CITY COUNCIL 2026,213,ACTIVE,40002:CONTROLLED,0:N/A,,,leave_no_candidate_name,"controlled, but Cal-Access names no controlling candidate and the SOS holds no e-filed reports: nothing identifies the person and nothing would load"
e33c8750-ce71-4715-beb5-54688422260c,a3f12544-4d18-41da-a69e-9585219985d5,Samantha Mota,,1259374,MOTA FOR MONTEBELLO CITY COUNCIL,MOTA FOR MONTEBELLO CITY COUNCIL,213,TERMINATED 02/02/2004,40002:CONTROLLED,0:N/A,,,leave_no_candidate_name,"controlled, but Cal-Access names no controlling candidate and the SOS holds no e-filed reports: nothing identifies the person and nothing would load"
facd6e60-dcd4-4ef2-aefd-008b5e1796d5,9fe24d34-87c6-400e-8d81-b94646753b1d,Samuel Gallucci,,1025214,"GALLUCCI COMMITTEE, CITIZENS FOR","GALLUCCI COMMITTEE, CITIZENS FOR",213,TERMINATED 12/01/1990,40002:CONTROLLED,0:N/A,"GALLUCCI, PATRICIA A.",,leave_no_candidate_name,"controlled, but Cal-Access names no controlling candidate and the SOS holds no e-filed reports: nothing identifies the person and nothing would load"
bf818abd-a8b1-492e-90fc-47cb2fe0f84e,4bacdb84-7d0d-461b-a3b7-06709526ad03,Scott Meyers,,1324639,MEYERS FOR 45TH ASSEMBLY 2010,MEYERS FOR 45TH ASSEMBLY 2010,858,TERMINATED 02/14/2010,40002:CONTROLLED,0:N/A,ANGELA MEYERS,,dispute_other_person,"Cal-Access: this committee is controlled by ANGELA MEYERS, a different person with the same surname (FILER_LINKS_CD / Form 460 cover)."
f5ca7dfc-3fd2-48de-9d68-995fb1be0b9a,4bacdb84-7d0d-461b-a3b7-06709526ad03,Scott Meyers,,1067721,MEYERS FOR ASSEMBLY,MEYERS FOR ASSEMBLY,619,TERMINATED 06/24/1996,40002:CONTROLLED,0:N/A,ELIZABETH MEYERS,,dispute_other_person,"Cal-Access: this committee is controlled by ELIZABETH MEYERS, a different person with the same surname (FILER_LINKS_CD / Form 460 cover)."
05a578bd-eb5e-4ce1-b3c2-5720c125a8e6,4bacdb84-7d0d-461b-a3b7-06709526ad03,Scott Meyers,,1430508,MEYERS FOR WATER BOARD 2020,MEYERS FOR WATER BOARD 2020,213,TERMINATED 12/31/2020,40002:CONTROLLED,0:N/A,,,leave_no_candidate_name,"controlled, but Cal-Access names no controlling candidate and the SOS holds no e-filed reports: nothing identifies the person and nothing would load"
abfb1611-f0e3-456c-bc8e-406140ba4b07,fcafc695-2a41-41c0-831d-da28c5bf3c9e,Scott Schmerelson,LAUSD Board Member (District 3),1414471,SCHMERELSON FOR SCHOOL BOARD 2020,SCHMERELSON FOR SCHOOL BOARD 2020,323,TERMINATED 12/31/2021,40002:CONTROLLED,0:N/A,,,leave_no_candidate_name,"controlled, but Cal-Access names no controlling candidate and the SOS holds no e-filed reports: nothing identifies the person and nothing would load"
24a982f0-9461-484b-840c-63da429108d8,fcafc695-2a41-41c0-831d-da28c5bf3c9e,Scott Schmerelson,LAUSD Board Member (District 3),1463685,SCHMERELSON FOR SCHOOL BOARD 2020 - OFFICEHOLDER ACCOUNT,SCHMERELSON FOR SCHOOL BOARD 2020 - OFFICEHOLDER ACCOUNT,323,ACTIVE,40002:CONTROLLED,0:N/A,,,leave_no_candidate_name,"controlled, but Cal-Access names no controlling candidate and the SOS holds no e-filed reports: nothing identifies the person and nothing would load"
28df6561-97b9-4840-b66a-e9502824aeda,599376b6-bdfa-4b76-837f-dd2230a546ad,Scott Zeidman,,1301065,"ZEIDMAN FOR CULVER CITY SCHOOL BOARD, ELECT","ZEIDMAN FOR CULVER CITY SCHOOL BOARD 2011, COMMITTEE TO ELECT",310,TERMINATED 01/05/2012,40002:CONTROLLED,0:N/A,,,leave_no_candidate_name,"controlled, but Cal-Access names no controlling candidate and the SOS holds no e-filed reports: nothing identifies the person and nothing would load"
07eea4dd-c626-405b-bb63-0c946242c85f,599376b6-bdfa-4b76-837f-dd2230a546ad,Scott Zeidman,,1430265,ZEIDMAN SCHOOL BOARD 2020; COMMITTEE TO ELECT,ZEIDMAN SCHOOL BOARD 2020; COMMITTEE TO ELECT,310,TERMINATED 12/10/2020,40002:CONTROLLED,0:N/A,,,leave_no_candidate_name,"controlled, but Cal-Access names no controlling candidate and the SOS holds no e-filed reports: nothing identifies the person and nothing would load"
a40c587a-4666-4c65-b37c-0ca43af69530,7a309179-6ed3-4cc0-80ad-f73e6ed49759,Sean Dang,Council Member,1473762,DANG FOR COUNCIL 2024,DANG FOR COUNCIL 2024,714,ACTIVE,40002:CONTROLLED,0:N/A,,,leave_no_candidate_name,"controlled, but Cal-Access names no controlling candidate and the SOS holds no e-filed reports: nothing identifies the person and nothing would load"
0497c3aa-304c-494b-97cc-912f36dd269a,7a309179-6ed3-4cc0-80ad-f73e6ed49759,Sean Dang,Council Member,1465264,DANG FOR JUDGE 2024,DANG FOR JUDGE 2024,714,TERMINATED 12/19/2023,40002:CONTROLLED,0:N/A,BINH Q. DANG,,dispute_other_person,"Cal-Access: this committee is controlled by BINH Q. DANG, a different person with the same surname (FILER_LINKS_CD / Form 460 cover)."
c356ee08-e0ec-4477-a60a-2664e3bff9da,0e59e9c1-a019-4b2a-aa02-b97f17a6d761,Shant Sahakian,,1390574,SAHAKIAN GLENDALE SCHOOL BOARD AREA D 2022 OFFICEHOLDER ACCOUNT,SAHAKIAN GLENDALE SCHOOL BOARD AREA D 2022 OFFICEHOLDER ACCOUNT,818,TERMINATED 06/30/2026,40002:CONTROLLED,0:N/A,,,leave_no_candidate_name,"controlled, but Cal-Access names no controlling candidate and the SOS holds no e-filed reports: nothing identifies the person and nothing would load"
c7c97e78-e675-4666-beb5-9ae7d85999bf,09b98050-abe0-4c49-8f15-c22e54f5cb78,Shaunna Elias,Council Member (District 3),1408854,ELIAS FOR CITY COUNCIL 2018,ELIAS FOR CITY COUNCIL 2018,562,TERMINATED 01/25/2022,40002:CONTROLLED,0:N/A,,,leave_no_candidate_name,"controlled, but Cal-Access names no controlling candidate and the SOS holds no e-filed reports: nothing identifies the person and nothing would load"
c31173c2-619c-4777-a608-f57143b03743,09b98050-abe0-4c49-8f15-c22e54f5cb78,Shaunna Elias,Council Member (District 3),1440992,ELIAS FOR CITY COUNCIL 2022,ELIAS FOR CITY COUNCIL 2022,562,TERMINATED 12/27/2022,40002:CONTROLLED,0:N/A,,,leave_no_candidate_name,"controlled, but Cal-Access names no controlling candidate and the SOS holds no e-filed reports: nothing identifies the person and nothing would load"
45c73326-11f1-42e5-a020-0b08fbefedf4,cadc340d-eac3-4ebc-b402-42fdca5487f0,Shelley Hasselbrink,Mayor,1368868,HASSELBRINK FOR LOS ALAMITOS CITY COUNCIL 2014,HASSELBRINK FOR LOS ALAMITOS CITY COUNCIL 2014,714,TERMINATED 01/07/2015,40002:CONTROLLED,0:N/A,,,leave_no_candidate_name,"controlled, but Cal-Access names no controlling candidate and the SOS holds no e-filed reports: nothing identifies the person and nothing would load"
a1d76317-5507-49f6-b915-e74027b7608b,cadc340d-eac3-4ebc-b402-42fdca5487f0,Shelley Hasselbrink,Mayor,1408086,HASSELBRINK FOR LOS ALAMITOS CITY COUNCIL 2018,HASSELBRINK FOR LOS ALAMITOS CITY COUNCIL 2018,714,TERMINATED 07/30/2019,40002:CONTROLLED,0:N/A,,,leave_no_candidate_name,"controlled, but Cal-Access names no controlling candidate and the SOS holds no e-filed reports: nothing identifies the person and nothing would load"
b2a3a3f8-075e-4ba7-b492-0b34409c9681,152bf23d-d428-4a73-a620-8d8dbd8393bf,Stephen Perestam,Council Member,1420123,PERESTAM FOR RPV CITY COUNCIL 2019,PERESTAM FOR RPV CITY COUNCIL 2019,310,TERMINATED 06/02/2022,40002:CONTROLLED,0:N/A,,,leave_no_candidate_name,"controlled, but Cal-Access names no controlling candidate and the SOS holds no e-filed reports: nothing identifies the person and nothing would load"
905a9ebe-029c-405a-ab44-27a7199a9099,152bf23d-d428-4a73-a620-8d8dbd8393bf,Stephen Perestam,Council Member,1450917,PERESTAM FOR RPV CITY COUNCIL 2022,PERESTAM FOR RPV CITY COUNCIL 2022,310,TERMINATED 07/20/2024,40002:CONTROLLED,0:N/A,,,leave_no_candidate_name,"controlled, but Cal-Access names no controlling candidate and the SOS holds no e-filed reports: nothing identifies the person and nothing would load"
4f8c4489-11f1-4ea9-ba4e-e887bee09562,152bf23d-d428-4a73-a620-8d8dbd8393bf,Stephen Perestam,Council Member,1470721,PERESTAM FOR RPV CITY COUNCIL 2024,PERESTAM FOR RPV CITY COUNCIL 2024,310,ACTIVE,40002:CONTROLLED,0:N/A,,,leave_no_candidate_name,"controlled, but Cal-Access names no controlling candidate and the SOS holds no e-filed reports: nothing identifies the person and nothing would load"
75891382-1cd8-444c-9f48-0875f5ad91ac,97f04f03-ea0b-4289-9ad7-04e3845fae09,Steve Croft,Council Member,1272564,"CROFT, COMMITTEE TO ELECT STEVE","CROFT FOR COUNCIL 2022, RE-ELECT",562,TERMINATED 12/21/2018,40002:CONTROLLED,0:N/A,,,leave_no_candidate_name,"controlled, but Cal-Access names no controlling candidate and the SOS holds no e-filed reports: nothing identifies the person and nothing would load"
508a13ae-f7f2-4f0e-87ed-02da86abccb0,97f04f03-ea0b-4289-9ad7-04e3845fae09,Steve Croft,Council Member,1486835,CROFT FOR COUNCIL 2026,CROFT FOR COUNCIL 2026,562,TERMINATED 07/11/2026,40002:CONTROLLED,0:N/A,,,leave_no_candidate_name,"controlled, but Cal-Access names no controlling candidate and the SOS holds no e-filed reports: nothing identifies the person and nothing would load"
8b624e4a-eb8d-48b6-96c5-b9e93cf5e72e,d94a4b34-28aa-4259-99cb-041b45d78a87,Steve Hill,,1326538,"HILL 2010 ASSESSOR/CLERK RECORDER, COMMITTEE TO ELECT","HILL 2010 ASSESSOR/CLERK RECORDER, COMMITTEE TO ELECT",559,TERMINATED 01/31/2013,40002:CONTROLLED,0:N/A,,,leave_no_candidate_name,"controlled, but Cal-Access names no controlling candidate and the SOS holds no e-filed reports: nothing identifies the person and nothing would load"
0d1eface-3928-4e8d-a414-114233068ec1,d94a4b34-28aa-4259-99cb-041b45d78a87,Steve Hill,,1453923,HILL FOR CITY COUNCIL DISTRICT 5 2022,HILL FOR CITY COUNCIL DISTRICT 5 2022,562,ACTIVE,40002:CONTROLLED,0:N/A,,,leave_no_candidate_name,"controlled, but Cal-Access names no controlling candidate and the SOS holds no e-filed reports: nothing identifies the person and nothing would load"
bb89c5b2-bd9f-47ae-ba53-a4c52655be18,d94a4b34-28aa-4259-99cb-041b45d78a87,Steve Hill,,1056267,HILL FOR COUNTY SUPERVISOR,HILL FOR COUNTY SUPERVISOR,209,ACTIVE,40002:CONTROLLED,0:N/A,,,leave_no_candidate_name,"controlled, but Cal-Access names no controlling candidate and the SOS holds no e-filed reports: nothing identifies the person and nothing would load"
6c77b352-1daf-40de-a685-d572ca44028e,d94a4b34-28aa-4259-99cb-041b45d78a87,Steve Hill,,1432693,HILL FOR HARTNELL COMMUNITY COLLEGE TRUSTEE 2020,HILL FOR HARTNELL COMMUNITY COLLEGE TRUSTEE 2020,831,ACTIVE,40002:CONTROLLED,0:N/A,,,leave_no_candidate_name,"controlled, but Cal-Access names no controlling candidate and the SOS holds no e-filed reports: nothing identifies the person and nothing would load"
624d1d29-7e2b-4813-8c15-a1c2b26b536e,d94a4b34-28aa-4259-99cb-041b45d78a87,Steve Hill,,1454554,HILL FOR SCHOOL BOARD TRUSTEE AREA 3 OFFICE HOLDER 2022,HILL FOR SCHOOL BOARD TRUSTEE AREA 3 OFFICE HOLDER 2022,310,TERMINATED 01/15/2023,40002:CONTROLLED,0:N/A,,,leave_no_candidate_name,"controlled, but Cal-Access names no controlling candidate and the SOS holds no e-filed reports: nothing identifies the person and nothing would load"
a0aa1fe7-3518-46ff-bf52-1c516b8b166f,d94a4b34-28aa-4259-99cb-041b45d78a87,Steve Hill,,1291274,HILL FOR TREASURER,HILL FOR TREASURER,310,TERMINATED 03/29/2007,40002:CONTROLLED,0:N/A,,,leave_no_candidate_name,"controlled, but Cal-Access names no controlling candidate and the SOS holds no e-filed reports: nothing identifies the person and nothing would load"
87cdadd1-fb32-43c5-90f7-7a7471f70413,d94a4b34-28aa-4259-99cb-041b45d78a87,Steve Hill,,1379924,HILL MPUSD BOARD 2015; REELECT,HILL MPUSD BOARD 2015; REELECT,831,TERMINATED 12/31/2015,40002:CONTROLLED,0:N/A,,,leave_no_candidate_name,"controlled, but Cal-Access names no controlling candidate and the SOS holds no e-filed reports: nothing identifies the person and nothing would load"
e750df4d-2835-4b43-9f86-a207234bd5fa,e2ce84d2-ee0b-4851-b1d8-168a2f54a82b,Steve Madison,Councilmember,1391896,MADISON - SCHOOL BOARD TRUSTEE 2016,MADISON - SCHOOL BOARD TRUSTEE 2016,916,TERMINATED 01/31/2017,40002:CONTROLLED,0:N/A,,,leave_no_candidate_name,"controlled, but Cal-Access names no controlling candidate and the SOS holds no e-filed reports: nothing identifies the person and nothing would load"
a65d5cf4-f4a1-41ab-aa15-8f859f4cf06b,e2ce84d2-ee0b-4851-b1d8-168a2f54a82b,Steve Madison,Councilmember,1365917,MADISON FOR CITY COUNCIL 2014,MADISON FOR CITY COUNCIL 2014,949,TERMINATED 12/10/2014,40002:CONTROLLED,0:N/A,,,leave_no_candidate_name,"controlled, but Cal-Access names no controlling candidate and the SOS holds no e-filed reports: nothing identifies the person and nothing would load"
bd2ce833-66ac-49a6-881e-b67509f27418,9c899dc8-9bd5-4583-aa05-c4ddf20dbeec,Steve S. Charelian,Council Member,1471104,CHARELIAN FOR CITY COUNCIL 2024,CHARELIAN FOR CITY COUNCIL 2024,310,ACTIVE,40002:CONTROLLED,0:N/A,,,leave_no_candidate_name,"controlled, but Cal-Access names no controlling candidate and the SOS holds no e-filed reports: nothing identifies the person and nothing would load"
ce56b1ef-463d-4820-a9c5-bd3dba1baf4c,3a39c313-b994-447b-b3fd-592e4994769b,Ted W. Lieu,Representative,1344200,LIEU LEGAL DEFENSE FUND,LIEU LEGAL DEFENSE FUND,916,TERMINATED 08/20/2013,40002:CONTROLLED,0:N/A,TED LIEU,"F460 x4, F497 x5",confirm,"Cal-Access bulk export (2026-09-23): category CONTROLLED; controlling candidate TED LIEU (FILER_LINKS_CD / Form 460 cover); SOS e-filed reports F460 x4, F497 x5."
f3f3fac9-496f-43fd-9461-ad5a167a0f3d,48f36a82-cb26-4701-ba08-5566533982cb,Tim Sandoval,Mayor,1397499,SANDOVAL FOR ASSEMBLY 2017,SANDOVAL FOR ASSEMBLY 2017,818,TERMINATED 12/31/2017,40002:CONTROLLED,0:N/A,GABRIEL SANDOVAL,"F460 x5, F497 x17",dispute_other_person,"Cal-Access: this committee is controlled by GABRIEL SANDOVAL, a different person with the same surname (FILER_LINKS_CD / Form 460 cover)."
9551ff61-70f8-46df-a567-431c6e1c9fb1,48f36a82-cb26-4701-ba08-5566533982cb,Tim Sandoval,Mayor,1396865,SANDOVAL FOR ASSEMBLY 2018,SANDOVAL FOR ASSEMBLY 2018,818,TERMINATED 08/19/2017,40002:CONTROLLED,0:N/A,GABRIEL SANDOVAL,F460 x2,dispute_other_person,"Cal-Access: this committee is controlled by GABRIEL SANDOVAL, a different person with the same surname (FILER_LINKS_CD / Form 460 cover)."
c627603f-f8e6-40d2-b7c8-8c8b7bd4e961,48f36a82-cb26-4701-ba08-5566533982cb,Tim Sandoval,Mayor,1278192,SANDOVAL FOR ASSESSOR,SANDOVAL FOR ASSESSOR,323,TERMINATED 08/03/2006,40002:CONTROLLED,0:N/A,,,leave_no_candidate_name,"controlled, but Cal-Access names no controlling candidate and the SOS holds no e-filed reports: nothing identifies the person and nothing would load"
ef103c52-8da0-4c43-be9f-1cd34ea1cc33,48f36a82-cb26-4701-ba08-5566533982cb,Tim Sandoval,Mayor,1278193,SANDOVAL FOR ASSESSOR 2006,SANDOVAL FOR ASSESSOR 2006,323,TERMINATED 11/28/2005,40002:CONTROLLED,0:N/A,,,leave_no_candidate_name,"controlled, but Cal-Access names no controlling candidate and the SOS holds no e-filed reports: nothing identifies the person and nothing would load"
f2a71b2a-a808-48bb-a942-37d8fc28bdb5,48f36a82-cb26-4701-ba08-5566533982cb,Tim Sandoval,Mayor,1350619,SANDOVAL FOR CITY COUNCIL 2012,SANDOVAL FOR CITY COUNCIL 2024,909,ACTIVE,40002:CONTROLLED,0:N/A,,,leave_no_candidate_name,"controlled, but Cal-Access names no controlling candidate and the SOS holds no e-filed reports: nothing identifies the person and nothing would load"
e3138675-6062-4c0c-a5e4-a073e12745b1,48f36a82-cb26-4701-ba08-5566533982cb,Tim Sandoval,Mayor,1240933,SANDOVAL FOR  JUDGE COMMITTEE,SANDOVAL FOR JUDGE COMMITTEE,714,TERMINATED 01/21/2003,40002:CONTROLLED,0:N/A,GAY A SANDOVAL,,dispute_other_person,"Cal-Access: this committee is controlled by GAY A SANDOVAL, a different person with the same surname (FILER_LINKS_CD / Form 460 cover)."
35faa894-a957-4632-8cd1-d1865085667a,48f36a82-cb26-4701-ba08-5566533982cb,Tim Sandoval,Mayor,1399724,SANDOVAL FOR MAYOR 2018,SANDOVAL FOR MAYOR 2018,909,TERMINATED 06/30/2021,40002:CONTROLLED,0:N/A,,,leave_no_candidate_name,"controlled, but Cal-Access names no controlling candidate and the SOS holds no e-filed reports: nothing identifies the person and nothing would load"
3351ad4e-9f92-4597-8844-7f0a0ee580a7,48f36a82-cb26-4701-ba08-5566533982cb,Tim Sandoval,Mayor,1380664,SANDOVAL FOR MAYOR 2020,SANDOVAL FOR MAYOR 2020,916,TERMINATED 02/24/2023,40002:CONTROLLED,0:N/A,,,leave_no_candidate_name,"controlled, but Cal-Access names no controlling candidate and the SOS holds no e-filed reports: nothing identifies the person and nothing would load"
c9520f75-6daa-4a60-8b05-dc5ee43a429d,48f36a82-cb26-4701-ba08-5566533982cb,Tim Sandoval,Mayor,1453490,SANDOVAL FOR MAYOR 2022,SANDOVAL FOR MAYOR 2022,909,TERMINATED 01/31/2024,40002:CONTROLLED,0:N/A,,,leave_no_candidate_name,"controlled, but Cal-Access names no controlling candidate and the SOS holds no e-filed reports: nothing identifies the person and nothing would load"
527650eb-d910-468b-b101-d87495354d11,48f36a82-cb26-4701-ba08-5566533982cb,Tim Sandoval,Mayor,1457447,SANDOVAL FOR MAYOR 2024,SANDOVAL FOR MAYOR 2024,916,TERMINATED 12/17/2024,40002:CONTROLLED,0:N/A,,,leave_no_candidate_name,"controlled, but Cal-Access names no controlling candidate and the SOS holds no e-filed reports: nothing identifies the person and nothing would load"
fafd322b-a462-41e5-88e4-d3db35e7eec7,48f36a82-cb26-4701-ba08-5566533982cb,Tim Sandoval,Mayor,1473580,SANDOVAL FOR MAYOR 2028,SANDOVAL FOR MAYOR 2028,909,ACTIVE,40002:CONTROLLED,0:N/A,,,leave_no_candidate_name,"controlled, but Cal-Access names no controlling candidate and the SOS holds no e-filed reports: nothing identifies the person and nothing would load"
a4df0dd8-acd9-4739-b371-f6190fca9f7b,48f36a82-cb26-4701-ba08-5566533982cb,Tim Sandoval,Mayor,1236913,SANDOVAL FOR SCHOOL BOARD,SANDOVAL FOR SCHOOL BOARD,909,ACTIVE,40002:CONTROLLED,0:N/A,,,leave_no_candidate_name,"controlled, but Cal-Access names no controlling candidate and the SOS holds no e-filed reports: nothing identifies the person and nothing would load"
784e27b0-c19c-491d-9ff0-9423ef263b4d,48f36a82-cb26-4701-ba08-5566533982cb,Tim Sandoval,Mayor,1370049,SANDOVAL FOR SCHOOL BOARD 2014,SANDOVAL FOR SCHOOL BOARD 2014,909,ACTIVE,40002:CONTROLLED,0:N/A,,,leave_no_candidate_name,"controlled, but Cal-Access names no controlling candidate and the SOS holds no e-filed reports: nothing identifies the person and nothing would load"
db925fb9-bfdb-4a36-b708-0ac66a827d15,48f36a82-cb26-4701-ba08-5566533982cb,Tim Sandoval,Mayor,1371591,SANDOVAL FOR SCHOOL BOARD 2022,SANDOVAL FOR SCHOOL BOARD 2026,909,ACTIVE,40002:CONTROLLED,0:N/A,,,leave_no_candidate_name,"controlled, but Cal-Access names no controlling candidate and the SOS holds no e-filed reports: nothing identifies the person and nothing would load"
2b7b0cb5-aa21-4167-afaa-ef5dfba1e5f9,48f36a82-cb26-4701-ba08-5566533982cb,Tim Sandoval,Mayor,1489040,"SANDOVAL FOR SUPERVISOR 2026, DISTRICT 2","SANDOVAL FOR SUPERVISOR 2026, DISTRICT 2",909,TERMINATED 07/29/2026,40002:CONTROLLED,0:N/A,,,leave_no_candidate_name,"controlled, but Cal-Access names no controlling candidate and the SOS holds no e-filed reports: nothing identifies the person and nothing would load"
219e0ffc-1b43-4781-b1f5-0d233440cc65,a757bdb4-05ec-496e-a247-1ba010e6cafe,Todd Lombardo,,1349403,LOMBARDO FOR COUNCIL 2012,LOMBARDO FOR COUNCIL 2012,760,TERMINATED 02/01/2015,40002:CONTROLLED,0:N/A,,,leave_no_candidate_name,"controlled, but Cal-Access names no controlling candidate and the SOS holds no e-filed reports: nothing identifies the person and nothing would load"
81e44820-79bb-4db4-a3f8-f1cb0119efa3,e509b170-f6dc-461e-9946-8eb471968a81,Todd Rogers,Mayor,1227949,ROGERS 4 SUNSET,ROGERS 4 SUNSET,415,TERMINATED 02/05/2001,40002:CONTROLLED,0:N/A,,,leave_no_candidate_name,"controlled, but Cal-Access names no controlling candidate and the SOS holds no e-filed reports: nothing identifies the person and nothing would load"
347576f1-9932-4713-955d-9f9cb485ceff,e509b170-f6dc-461e-9946-8eb471968a81,Todd Rogers,Mayor,1311752,ROGERS COUNCIL COMMITTEE,ROGERS COUNCIL COMMITTEE,510,TERMINATED 11/21/2008,0:N/A,40102:PRIMARILY FORMED CANDIDATE,,,dispute_pf,"Cal-Access category PRIMARILY FORMED CANDIDATE: an independent committee that supports or opposes this person, not a committee they control; its money is not their fundraising."
75bcd8a8-7640-4898-9162-3d178dabe6b7,e509b170-f6dc-461e-9946-8eb471968a81,Todd Rogers,Mayor,1322505,ROGERS FOR ASSEMBLY 2010,ROGERS FOR ASSEMBLY 2010,626,TERMINATED 01/25/2010,40002:CONTROLLED,0:N/A,MICHAEL K. ROGERS,,dispute_other_person,"Cal-Access: this committee is controlled by MICHAEL K. ROGERS, a different person with the same surname (FILER_LINKS_CD / Form 460 cover)."
b8379492-649c-4431-97e5-99ccf373ba19,e509b170-f6dc-461e-9946-8eb471968a81,Todd Rogers,Mayor,1331536,ROGERS FOR COUNCIL 2010,ROGERS FOR COUNCIL 2010,510,TERMINATED 06/30/2012,40002:CONTROLLED,0:N/A,,,leave_no_candidate_name,"controlled, but Cal-Access names no controlling candidate and the SOS holds no e-filed reports: nothing identifies the person and nothing would load"
c45ed6cd-d439-4cf7-9364-138fc5bca11f,e509b170-f6dc-461e-9946-8eb471968a81,Todd Rogers,Mayor,1369143,ROGERS FOR COUNCIL 2014,ROGERS FOR COUNCIL 2014,510,TERMINATED 12/31/2018,40002:CONTROLLED,0:N/A,,,leave_no_candidate_name,"controlled, but Cal-Access names no controlling candidate and the SOS holds no e-filed reports: nothing identifies the person and nothing would load"
248b9397-48be-4f14-9957-20ff5efa5147,e509b170-f6dc-461e-9946-8eb471968a81,Todd Rogers,Mayor,1390297,ROGERS FOR COUNCIL 2016,ROGERS FOR COUNCIL 2016,510,TERMINATED 12/31/2019,40002:CONTROLLED,0:N/A,,,leave_no_candidate_name,"controlled, but Cal-Access names no controlling candidate and the SOS holds no e-filed reports: nothing identifies the person and nothing would load"
3d3f9edd-f06f-4f49-881d-148ac328731a,e509b170-f6dc-461e-9946-8eb471968a81,Todd Rogers,Mayor,1230501,"ROGERS, COMMITTEE TO ELECT TODD",ROGERS FOR COUNCIL 2022,562,TERMINATED 10/27/2025,40002:CONTROLLED,0:N/A,,,leave_no_candidate_name,"controlled, but Cal-Access names no controlling candidate and the SOS holds no e-filed reports: nothing identifies the person and nothing would load"
c14cf386-5c9b-4f4e-955e-8a92bc8b9e2e,e509b170-f6dc-461e-9946-8eb471968a81,Todd Rogers,Mayor,1484840,ROGERS FOR COUNCIL 2026,ROGERS FOR COUNCIL 2026,562,ACTIVE,40002:CONTROLLED,0:N/A,,,leave_no_candidate_name,"controlled, but Cal-Access names no controlling candidate and the SOS holds no e-filed reports: nothing identifies the person and nothing would load"
2f113f1a-14d5-469a-a066-a38b0a4dedd9,e509b170-f6dc-461e-9946-8eb471968a81,Todd Rogers,Mayor,1363104,ROGERS FOR SHERIFF 2014,ROGERS FOR SHERIFF 2014,562,TERMINATED 12/15/2014,40002:CONTROLLED,0:N/A,,,leave_no_candidate_name,"controlled, but Cal-Access names no controlling candidate and the SOS holds no e-filed reports: nothing identifies the person and nothing would load"
287ec9ce-16e0-4255-95db-5ee8fb666376,e509b170-f6dc-461e-9946-8eb471968a81,Todd Rogers,Mayor,1066404,"ROGERS, NEIGHBORS FOR","ROGERS, NEIGHBORS FOR",510,TERMINATED 12/31/2019,40002:CONTROLLED,0:N/A,JIM ROGERS,,dispute_other_person,"Cal-Access: this committee is controlled by JIM ROGERS, a different person with the same surname (FILER_LINKS_CD / Form 460 cover)."
a485f9ac-4fe8-4a5a-aedf-350a7b2b582b,e8bdd8a7-a1b2-43e3-afd4-df975980819e,Tom Lackey,Assembly Member,1363532,LACKEY FOR ASSEMBLY 2014,LACKEY FOR ASSEMBLY 2014,661,TERMINATED 03/04/2015,40002:CONTROLLED,0:N/A,TOM LACKEY; Thomas Lackey,"F460 x7, F497 x76",confirm,"Cal-Access bulk export (2026-09-23): category CONTROLLED; controlling candidate TOM LACKEY; Thomas Lackey (FILER_LINKS_CD / Form 460 cover); SOS e-filed reports F460 x7, F497 x76."
cd2f4fa3-b83b-41f5-94b1-e3053d2868df,e8bdd8a7-a1b2-43e3-afd4-df975980819e,Tom Lackey,Assembly Member,1373755,LACKEY FOR ASSEMBLY 2016,LACKEY FOR ASSEMBLY 2016,661,TERMINATED 06/30/2017,40002:CONTROLLED,0:N/A,TOM LACKEY; Thomas Lackey,"F460 x11, F497 x92",confirm,"Cal-Access bulk export (2026-09-23): category CONTROLLED; controlling candidate TOM LACKEY; Thomas Lackey (FILER_LINKS_CD / Form 460 cover); SOS e-filed reports F460 x11, F497 x92."
8ec9c573-071c-49b9-afad-f9465e905693,e8bdd8a7-a1b2-43e3-afd4-df975980819e,Tom Lackey,Assembly Member,1414673,LACKEY FOR ASSEMBLY 2020,LACKEY FOR ASSEMBLY 2020,209,TERMINATED 06/30/2021,40002:CONTROLLED,0:N/A,TOM LACKEY; Thomas Lackey,"F460 x10, F497 x79",confirm,"Cal-Access bulk export (2026-09-23): category CONTROLLED; controlling candidate TOM LACKEY; Thomas Lackey (FILER_LINKS_CD / Form 460 cover); SOS e-filed reports F460 x10, F497 x79."
2ef8330c-58d4-46cd-9a21-f89cfcce63d2,e8bdd8a7-a1b2-43e3-afd4-df975980819e,Tom Lackey,Assembly Member,1435844,LACKEY FOR ASSEMBLY 2022,LACKEY FOR ASSEMBLY 2022,209,TERMINATED 08/21/2023,40002:CONTROLLED,0:N/A,TOM LACKEY; Thomas Lackey,"F460 x11, F497 x63",confirm,"Cal-Access bulk export (2026-09-23): category CONTROLLED; controlling candidate TOM LACKEY; Thomas Lackey (FILER_LINKS_CD / Form 460 cover); SOS e-filed reports F460 x11, F497 x63."
a2f77d93-83a5-4dd8-94c1-ef7782ff5944,e8bdd8a7-a1b2-43e3-afd4-df975980819e,Tom Lackey,Assembly Member,1458117,LACKEY FOR ASSEMBLY 2024,LACKEY FOR ASSEMBLY 2024,209,ACTIVE,40002:CONTROLLED,0:N/A,TOM LACKEY; Thomas Lackey,"F460 x11, F497 x61",confirm,"Cal-Access bulk export (2026-09-23): category CONTROLLED; controlling candidate TOM LACKEY; Thomas Lackey (FILER_LINKS_CD / Form 460 cover); SOS e-filed reports F460 x11, F497 x61."
1e652d51-6a6a-4dd6-8397-b87332b90752,863ef272-ea35-482b-aee2-447c06bd469d,Tony Strickland,Senator,1069359,STRICKLAND FOR ASSEMBLY,STRICKLAND FOR ASSEMBLY,805,TERMINATED 12/31/2006,40002:CONTROLLED,0:N/A,TONY STRICKLAND,,leave_no_sos_reports,"controlled by this person, but no SOS e-filed reports (files with a local filing officer): confirming would load no data and would show 'data pending' for ever"
aeb3955d-a806-478b-85d3-969c91859d92,863ef272-ea35-482b-aee2-447c06bd469d,Tony Strickland,Senator,1277272,STRICKLAND FOR CONTROLLER,STRICKLAND FOR CONTROLLER,949,TERMINATED 03/17/2010,40002:CONTROLLED,0:N/A,TONY STRICKLAND,"F460 x24, F497 x146",confirm,"Cal-Access bulk export (2026-09-23): category CONTROLLED; controlling candidate TONY STRICKLAND (FILER_LINKS_CD / Form 460 cover); SOS e-filed reports F460 x24, F497 x146."
a3da9783-c64b-40fc-a69d-81db38d49d42,863ef272-ea35-482b-aee2-447c06bd469d,Tony Strickland,Senator,1361964,STRICKLAND FOR COUNCIL 2014,STRICKLAND FOR COUNCIL 2014,562,TERMINATED 07/31/2016,40002:CONTROLLED,0:N/A,,,leave_no_candidate_name,"controlled, but Cal-Access names no controlling candidate and the SOS holds no e-filed reports: nothing identifies the person and nothing would load"
c3ccd46f-5a6d-4944-a344-c78c6c1254d5,863ef272-ea35-482b-aee2-447c06bd469d,Tony Strickland,Senator,1380124,STRICKLAND FOR COUNCIL 2016,STRICKLAND FOR COUNCIL 2016,805,TERMINATED 12/06/2016,40002:CONTROLLED,0:N/A,,,leave_no_candidate_name,"controlled, but Cal-Access names no controlling candidate and the SOS holds no e-filed reports: nothing identifies the person and nothing would load"
7cd12065-b658-475e-bc1e-490a03117d7a,863ef272-ea35-482b-aee2-447c06bd469d,Tony Strickland,Senator,1322938,STRICKLAND FOR TREASURER TAX COLLECTOR 2010,STRICKLAND FOR TREASURER TAX COLLECTOR 2010,714,TERMINATED 03/01/2010,40002:CONTROLLED,0:N/A,AUDRA STRICKLAND; Auda Strickland,F460 x1,dispute_other_person,"Cal-Access: this committee is controlled by AUDRA STRICKLAND; Auda Strickland, a different person with the same surname (FILER_LINKS_CD / Form 460 cover)."
fa8428c3-42df-4e18-b81e-2f0c418f5e79,f8808ac0-8a9d-4657-8bf7-2ae60d96399c,Tony Thurmond,Superintendent of Public Instruction,1408355,THURMOND FOR SUPERINTENDENT 2018; CLERGY FOR BETTER EDUCATION SUPPORTING,THURMOND FOR SUPERINTENDENT 2018; CLERGY FOR BETTER EDUCATION SUPPORTING,310,TERMINATED 05/14/2020,0:N/A,40102:PRIMARILY FORMED CANDIDATE,,F460 x4,dispute_pf,"Cal-Access category PRIMARILY FORMED CANDIDATE: an independent committee that supports or opposes this person, not a committee they control; its money is not their fundraising."
ac964e77-8a5f-4db5-9361-8fb09dd97407,f8808ac0-8a9d-4657-8bf7-2ae60d96399c,Tony Thurmond,Superintendent of Public Instruction,1410382,THURMOND FOR SUPERINTENDENT OF PUBLIC INSTRUCTION 2018; TIDES ADVOCACY PROJECTS IN SUPPORT OF,THURMOND FOR SUPERINTENDENT OF PUBLIC INSTRUCTION 2018; TIDES ADVOCACY PROJECTS IN SUPPORT OF,916,TERMINATED 02/15/2019,0:N/A,40102:PRIMARILY FORMED CANDIDATE,Tony Thurmond,"F460 x4, F497 x1",dispute_pf,"Cal-Access category PRIMARILY FORMED CANDIDATE: an independent committee that supports or opposes this person, not a committee they control; its money is not their fundraising."
600be320-477b-45bd-83d2-b75c348c9d8b,d0977350-df68-4cfe-822e-816ba13f9213,Traci Park,Council Member,1372461,PARK FOR CITY COUNCIL 2014,PARK FOR CITY COUNCIL 2016,408,TERMINATED 12/31/2016,40002:CONTROLLED,0:N/A,,,leave_no_candidate_name,"controlled, but Cal-Access names no controlling candidate and the SOS holds no e-filed reports: nothing identifies the person and nothing would load"
f30672aa-e86f-4220-b5e3-187160e3d0ad,d0977350-df68-4cfe-822e-816ba13f9213,Traci Park,Council Member,1446510,PARK FOR JUDGE 2022,PARK FOR JUDGE 2022,310,TERMINATED 06/30/2023,40002:CONTROLLED,0:N/A,"CAROLYN ""JIYOUNG"" PARK; Carolyn Park","F460 x11, F497 x1",dispute_other_person,"Cal-Access: this committee is controlled by CAROLYN ""JIYOUNG"" PARK; Carolyn Park, a different person with the same surname (FILER_LINKS_CD / Form 460 cover)."
16ce3ddb-512d-41fe-9df1-454db586c3ee,f7826942-64bb-41bf-9588-407a2bc11e31,Tyron Hampton,Council Member,1373811,HAMPTON FOR CITY COUNCIL 2015,HAMPTON FOR CITY COUNCIL 2015,626,TERMINATED 04/24/2019,40002:CONTROLLED,0:N/A,,,leave_no_candidate_name,"controlled, but Cal-Access names no controlling candidate and the SOS holds no e-filed reports: nothing identifies the person and nothing would load"
96478a23-af0e-4e5c-bf23-c1347c43f15b,f7826942-64bb-41bf-9588-407a2bc11e31,Tyron Hampton,Council Member,1418371,HAMPTON FOR CITY COUNCIL 2020,HAMPTON FOR CITY COUNCIL 2024,626,TERMINATED 11/02/2023,40002:CONTROLLED,0:N/A,,,leave_no_candidate_name,"controlled, but Cal-Access names no controlling candidate and the SOS holds no e-filed reports: nothing identifies the person and nothing would load"
c7c4cf58-5746-4f67-a93c-1c342d425b91,a223d51d-7077-4d9d-98b0-bcfafabbbc71,Vartan Gharpetian,Councilmember,1423605,"DEVINE, GHARPETIAN AND ASTORIAN FOR CITY COUNCIL 2020; GLENDALE FOR RESPONSIBLE GOVERNMENT, SUPPORTING","DEVINE, GHARPETIAN AND ASTORIAN FOR CITY COUNCIL 2020; GLENDALE FOR RESPONSIBLE GOVERNMENT, SUPPORTING",213,TERMINATED 12/11/2020,0:N/A,40102:PRIMARILY FORMED CANDIDATE,,,dispute_pf,"Cal-Access category PRIMARILY FORMED CANDIDATE: an independent committee that supports or opposes this person, not a committee they control; its money is not their fundraising."
ad26f8b4-c1b6-4d88-a18b-1253260ae890,a223d51d-7077-4d9d-98b0-bcfafabbbc71,Vartan Gharpetian,Councilmember,1327777,GHARPETIAN FOR COUNTY CENTRAL COMMITTEE 43RD AD 2010,GHARPETIAN FOR COUNTY CENTRAL COMMITTEE 43RD AD 2010,818,TERMINATED 06/30/2010,40002:CONTROLLED,0:N/A,,,leave_no_candidate_name,"controlled, but Cal-Access names no controlling candidate and the SOS holds no e-filed reports: nothing identifies the person and nothing would load"
c4559518-3751-4da2-96ef-16db016ec772,058007b1-7493-4a2f-a37a-93174fea961e,Velveth Schmitz,Council Member,1023190,SCHMITZ FOR STATE SENATE,SCHMITZ FOR STATE SENATE,714,TERMINATED 12/01/1990,40002:CONTROLLED,0:N/A,"SCHMITZ, JOHN G.",,leave_no_candidate_name,"controlled, but Cal-Access names no controlling candidate and the SOS holds no e-filed reports: nothing identifies the person and nothing would load"
dde1a0fd-cb3c-45d8-bf5b-034f961c6c18,99ed7665-9220-454a-9a1d-73f74fe7bf4f,Victor Farfan,Council Member,1328481,FARFAN FOR CITY COUNCIL 2011,FARFAN FOR CITY COUNCIL 2015,562,TERMINATED 12/31/2015,40002:CONTROLLED,0:N/A,,,leave_no_candidate_name,"controlled, but Cal-Access names no controlling candidate and the SOS holds no e-filed reports: nothing identifies the person and nothing would load"
372c9261-d5dd-487a-844d-d4ab80d1eb05,99ed7665-9220-454a-9a1d-73f74fe7bf4f,Victor Farfan,Council Member,1427192,FARFAN FOR CITY COUNCIL 2020,FARFAN FOR CITY COUNCIL 2020,562,TERMINATED 05/03/2021,40002:CONTROLLED,0:N/A,,,leave_no_candidate_name,"controlled, but Cal-Access names no controlling candidate and the SOS holds no e-filed reports: nothing identifies the person and nothing would load"
cb664a4c-035f-46f9-855d-de682c2b54a9,99ed7665-9220-454a-9a1d-73f74fe7bf4f,Victor Farfan,Council Member,1462606,FARFAN FOR CITY COUNCIL 2024,FARFAN FOR CITY COUNCIL 2024,562,ACTIVE,40002:CONTROLLED,0:N/A,,,leave_no_candidate_name,"controlled, but Cal-Access names no controlling candidate and the SOS holds no e-filed reports: nothing identifies the person and nothing would load"
61f1b1d8-9f03-44b7-9d75-026eba587cb6,2ce5f5a8-21f3-4a82-8df1-b7a5980e5a01,Victor Linares,Council Member,1428691,LINARES FOR CITY COUNCIL 2020,LINARES FOR CITY COUNCIL 2020,707,TERMINATED 12/31/2020,40002:CONTROLLED,0:N/A,,,leave_no_candidate_name,"controlled, but Cal-Access names no controlling candidate and the SOS holds no e-filed reports: nothing identifies the person and nothing would load"
41bc1b4f-85ea-412f-bc88-4f2313b15a76,56cecf7c-6de0-440f-b8e2-34945ec52333,Victor Preciado,Council Member,1440249,PRECIADO FOR CITY COUNCIL 2022,PRECIADO FOR CITY COUNCIL 2026,213,ACTIVE,40002:CONTROLLED,0:N/A,,,leave_no_candidate_name,"controlled, but Cal-Access names no controlling candidate and the SOS holds no e-filed reports: nothing identifies the person and nothing would load"
936cb12d-5e9a-42a1-abf5-f788810ba79a,bc8c4739-bde4-45aa-83c8-76d7aa4568aa,Vikesh P. Patel,Council Member,1457655,PATEL FOR ASSEMBLY 2024,PATEL FOR ASSEMBLY 2024,916,TERMINATED 02/21/2025,40002:CONTROLLED,0:N/A,DARSHANA R PATEL,"F460 x13, F497 x219",dispute_other_person,"Cal-Access: this committee is controlled by DARSHANA R PATEL, a different person with the same surname (FILER_LINKS_CD / Form 460 cover)."
93794d5b-0610-4611-b958-9a1925b9547c,bc8c4739-bde4-45aa-83c8-76d7aa4568aa,Vikesh P. Patel,Council Member,1476942,PATEL FOR ASSEMBLY 2026,PATEL FOR ASSEMBLY 2026,916,ACTIVE,40002:CONTROLLED,0:N/A,DARSHANA R PATEL,"F460 x8, F497 x171",dispute_other_person,"Cal-Access: this committee is controlled by DARSHANA R PATEL, a different person with the same surname (FILER_LINKS_CD / Form 460 cover)."
fab94633-90ac-4cc4-b681-6e3d2f8c72e0,bc8c4739-bde4-45aa-83c8-76d7aa4568aa,Vikesh P. Patel,Council Member,1327614,PATEL FOR SCHOOL BOARD 2010,PATEL FOR SCHOOL BOARD 2010,818,TERMINATED 12/31/2010,40002:CONTROLLED,0:N/A,,,leave_no_candidate_name,"controlled, but Cal-Access names no controlling candidate and the SOS holds no e-filed reports: nothing identifies the person and nothing would load"
8f7143fc-8726-496b-8a53-f9114de9c6f9,18dbc5bc-999e-4e75-b602-80c0ca8202ee,Viviana Longoria,Council Member (District 4),1410847,LONGORIA CITY TREASURER 2018,LONGORIA CITY TREASURER 2018,213,TERMINATED 06/30/2024,40002:CONTROLLED,0:N/A,,,leave_no_candidate_name,"controlled, but Cal-Access names no controlling candidate and the SOS holds no e-filed reports: nothing identifies the person and nothing would load"
d02d999c-82ec-420b-be83-0eea1e59db04,18dbc5bc-999e-4e75-b602-80c0ca8202ee,Viviana Longoria,Council Member (District 4),1452268,LONGORIA EL MONTE CITY TREASURER 2022,LONGORIA EL MONTE CITY TREASURER 2022,213,TERMINATED 08/01/2024,40002:CONTROLLED,0:N/A,,,leave_no_candidate_name,"controlled, but Cal-Access names no controlling candidate and the SOS holds no e-filed reports: nothing identifies the person and nothing would load"
89939bde-0521-41e3-ae4f-06ed73626a39,18dbc5bc-999e-4e75-b602-80c0ca8202ee,Viviana Longoria,Council Member (District 4),1470683,LONGORIA FOR CITY COUNCIL 2028,LONGORIA FOR CITY COUNCIL 2028,213,TERMINATED 06/30/2026,40002:CONTROLLED,0:N/A,,,leave_no_candidate_name,"controlled, but Cal-Access names no controlling candidate and the SOS holds no e-filed reports: nothing identifies the person and nothing would load"
9a7b88fd-245b-48aa-a578-723bfc60cbfb,d18dcb81-ad41-468f-9b12-a70ed21fd3a7,Wendi Morse,Council Member (District 1),1422268,MORSE FOR COUNCIL 2020,MORSE FOR COUNCIL 2020,714,TERMINATED 06/30/2020,40002:CONTROLLED,0:N/A,,,leave_no_candidate_name,"controlled, but Cal-Access names no controlling candidate and the SOS holds no e-filed reports: nothing identifies the person and nothing would load"
a06dc055-a71e-411b-8233-9f81ff7d348e,2c036cbd-691d-4e4e-adf4-5e0718e17439,Wendy Lau,Council Member (District 5),1293211,YES 4 LAU,YES 4 LAU,818,TERMINATED 12/31/2008,40002:CONTROLLED,0:N/A,,,leave_no_candidate_name,"controlled, but Cal-Access names no controlling candidate and the SOS holds no e-filed reports: nothing identifies the person and nothing would load"
d9ef2df4-d494-404f-a841-c543b1cf2b19,a6ed5abd-297e-489d-b6d6-ebea5771b172,Wh Lane,,1349600,LANE FOR AVEK WATER BOARD 2012,LANE FOR AVEK WATER BOARD 2012,661,TERMINATED 08/22/2012,40002:CONTROLLED,0:N/A,,,leave_no_candidate_name,"controlled, but Cal-Access names no controlling candidate and the SOS holds no e-filed reports: nothing identifies the person and nothing would load"
3d44feb6-839e-4e9c-9489-f6ad010c9704,a6ed5abd-297e-489d-b6d6-ebea5771b172,Wh Lane,,1387015,LANE FOR AVEK WATER BOARD 2016,LANE FOR AVEK WATER BOARD 2016,661,TERMINATED 12/31/2016,40002:CONTROLLED,0:N/A,,,leave_no_candidate_name,"controlled, but Cal-Access names no controlling candidate and the SOS holds no e-filed reports: nothing identifies the person and nothing would load"
3208867b-8835-43a1-8234-c1b1e4959bc3,a6ed5abd-297e-489d-b6d6-ebea5771b172,Wh Lane,,1426778,LANE FOR AVEK WATER BOARD 2020,LANE FOR AVEK WATER BOARD 2020,661,TERMINATED 08/13/2021,40002:CONTROLLED,0:N/A,,,leave_no_candidate_name,"controlled, but Cal-Access names no controlling candidate and the SOS holds no e-filed reports: nothing identifies the person and nothing would load"
00b384ca-b5b9-4e97-acc5-2e0082b186ef,a6ed5abd-297e-489d-b6d6-ebea5771b172,Wh Lane,,1280042,LANE FOR COUNCIL,LANE FOR COUNCIL,951,TERMINATED 06/30/2007,40002:CONTROLLED,0:N/A,,,leave_no_candidate_name,"controlled, but Cal-Access names no controlling candidate and the SOS holds no e-filed reports: nothing identifies the person and nothing would load"
fc9915a6-c01f-4e85-80f4-109b89c491bb,a6ed5abd-297e-489d-b6d6-ebea5771b172,Wh Lane,,1306301,LANE FOR COUNCIL,LANE FOR COUNCIL,951,TERMINATED 12/31/2014,40002:CONTROLLED,0:N/A,,,leave_no_candidate_name,"controlled, but Cal-Access names no controlling candidate and the SOS holds no e-filed reports: nothing identifies the person and nothing would load"
af9abf88-6e4e-47e5-b143-fb2060ce2c41,a6ed5abd-297e-489d-b6d6-ebea5771b172,Wh Lane,,1265463,"LANE, CITIZENS OF SHERRI","LANE FOR COUNCIL 2009, CITIZENS OF SHERRI",818,TERMINATED 11/01/2014,40002:CONTROLLED,0:N/A,,,leave_no_candidate_name,"controlled, but Cal-Access names no controlling candidate and the SOS holds no e-filed reports: nothing identifies the person and nothing would load"
c2eccb1c-fe23-4cf6-bc00-8a3f2248a90b,a6ed5abd-297e-489d-b6d6-ebea5771b172,Wh Lane,,1389031,LANE FOR COUNCIL 2020,LANE FOR COUNCIL 2020,951,TERMINATED 09/24/2019,40002:CONTROLLED,0:N/A,,,leave_no_candidate_name,"controlled, but Cal-Access names no controlling candidate and the SOS holds no e-filed reports: nothing identifies the person and nothing would load"
dde25144-a1b4-4b8a-9ced-63974c57abb3,a6ed5abd-297e-489d-b6d6-ebea5771b172,Wh Lane,,1375359,LANE FOR SUPERVISOR 2016,LANE FOR SUPERVISOR 2016,951,TERMINATED 11/15/2016,40002:CONTROLLED,0:N/A,,,leave_no_candidate_name,"controlled, but Cal-Access names no controlling candidate and the SOS holds no e-filed reports: nothing identifies the person and nothing would load"
3aed19d3-f1b1-4dcf-9b41-567b76bee3ae,a6ed5abd-297e-489d-b6d6-ebea5771b172,Wh Lane,,1416171,LANE FOR SUPERVISOR 2020,LANE FOR SUPERVISOR 2020,951,TERMINATED 12/30/2019,40002:CONTROLLED,0:N/A,,,leave_no_candidate_name,"controlled, but Cal-Access names no controlling candidate and the SOS holds no e-filed reports: nothing identifies the person and nothing would load"
a0d0b380-0aec-4623-a457-fc183d3fdc57,0be41eea-1e14-4f67-87a9-752b573c252c,William Scott,,1447959,"SCOTT FOR CITY COUNCIL 2022; RIALTO TAXPAYERS ASSOCIATION, SUPPORTING","SCOTT FOR CITY COUNCIL 2022; RIALTO TAXPAYERS ASSOCIATION, SUPPORTING",714,TERMINATED 08/02/2024,0:N/A,40102:PRIMARILY FORMED CANDIDATE,,,dispute_pf,"Cal-Access category PRIMARILY FORMED CANDIDATE: an independent committee that supports or opposes this person, not a committee they control; its money is not their fundraising."
0e201f66-a39a-4e6d-82ca-8f5d93a5f92a,0be41eea-1e14-4f67-87a9-752b573c252c,William Scott,,1372992,SCOTT LAKESIDE WATER 2014,SCOTT LAKESIDE WATER 2014,619,TERMINATED 12/16/2016,40002:CONTROLLED,0:N/A,,,leave_no_candidate_name,"controlled, but Cal-Access names no controlling candidate and the SOS holds no e-filed reports: nothing identifies the person and nothing would load"
e48e93b0-1ca3-4a2d-9b7f-0e285d3569b8,0be41eea-1e14-4f67-87a9-752b573c252c,William Scott,,1050568,"SCOTT, CITIZENS FOR","SCOTT, CITIZENS FOR",510,TERMINATED 12/01/1990,40002:CONTROLLED,0:N/A,,,leave_no_candidate_name,"controlled, but Cal-Access names no controlling candidate and the SOS holds no e-filed reports: nothing identifies the person and nothing would load"
a68789bd-96c8-4880-8b2f-fe9a5ae08dd1,0be41eea-1e14-4f67-87a9-752b573c252c,William Scott,,1389995,SCOTT/MJUSD SCHOOL BOARD AREA 2 NOV 8 - 2016,SCOTT/MJUSD SCHOOL BOARD AREA 2 NOV 8 - 2016,530,TERMINATED 01/13/2017,40002:CONTROLLED,0:N/A,,,leave_no_candidate_name,"controlled, but Cal-Access names no controlling candidate and the SOS holds no e-filed reports: nothing identifies the person and nothing would load"
43069912-506c-4729-ab58-7c0479dcc220,0be41eea-1e14-4f67-87a9-752b573c252c,William Scott,,1361462,"WILLIBRAND AND LOTT; IN SUPPORT OF COLEMAN, HUTAK AND SCOTT FOR SCHOOL BOARD ELECTION 2013, CITIZENS FOR A BETTER ANTELOPE VALLEY UNION HIGH SCHOOL DISTRICT;OPPOSING","WILLIBRAND AND LOTT; IN SUPPORT OF COLEMAN, HUTAK AND SCOTT FOR SCHOOL BOARD ELECTION 2013, CITIZENS FOR A BETTER ANTELOPE VALLEY UNION HIGH SCHOOL DISTRICT;OPPOSING",661,TERMINATED 11/05/2013,0:N/A,40102:PRIMARILY FORMED CANDIDATE,,,dispute_pf,"Cal-Access category PRIMARILY FORMED CANDIDATE: an independent committee that supports or opposes this person, not a committee they control; its money is not their fundraising."
34057f74-57c3-4a10-8e1c-0c82b0ffb16d,f933bd87-d397-4ef1-873b-57559b629000,Zizette Mullins,Vice Mayor,1351184,MULLINS FOR CITY CLERK 2013,MULLINS FOR CITY CLERK 2013,818,TERMINATED 05/22/2013,40002:CONTROLLED,0:N/A,,,leave_no_candidate_name,"controlled, but Cal-Access names no controlling candidate and the SOS holds no e-filed reports: nothing identifies the person and nothing would load"
7d7a02b4-b323-4d79-a01b-c94466125645,f933bd87-d397-4ef1-873b-57559b629000,Zizette Mullins,Vice Mayor,1450408,MULLINS FOR CITY COUNCIL 2022,MULLINS FOR CITY COUNCIL 2022,818,TERMINATED 06/14/2023,40002:CONTROLLED,0:N/A,,,leave_no_candidate_name,"controlled, but Cal-Access names no controlling candidate and the SOS holds no e-filed reports: nothing identifies the person and nothing would load"
