class,proposed_action,name,district,term_state,term_end,is_incumbent,party,agent_class,confidence,years,evidence_url,evidence_quote,roster_span,roster_complete,note,id
A1 REAL - current member (verified on board page by CA_0143-0154),clear party only,Robert Gin,alhambra unified,OPEN,,t,,,,,,,,,,f2a863a9-ce21-453a-9d2b-fc7282307eb0
A1 REAL - current member (verified on board page by CA_0143-0154),clear party only,Rachelle Marcus,beverly hills unified,OPEN,,t,,,,,,,,,,a1e9b61d-96e0-47be-ae4f-dab05158e56b
A1 REAL - current member (verified on board page by CA_0143-0154),clear party only,Armond Aghakhanian,burbank unified,OPEN,,t,,,,,,,,,,b7dc60f1-7d9f-4ac8-abb1-a977ffd25d26
A1 REAL - current member (verified on board page by CA_0143-0154),clear party only,Alma Taylor-Pleasant,compton unified,OPEN,,t,,,,,,,,,,123e8e2b-4c4c-471f-80a4-216a1a73c50c
A1 REAL - current member (verified on board page by CA_0143-0154),clear party only,Michael Hooper,compton unified,OPEN,,t,,,,,,,,,,24076e95-943f-4f94-afe3-05552575659c
A1 REAL - current member (verified on board page by CA_0143-0154),clear party only,Linda Menges,las virgenes unified,OPEN,,t,,,,,,,,,,dafc1db2-758f-498f-93f8-4f632b0adc7a
A1 REAL - current member (verified on board page by CA_0143-0154),clear party only,Diana Craighead,long beach unified,OPEN,,t,,,,,,,,,,028e1a70-5ac2-42ec-bc2e-eafc9dcc630e
A1 REAL - current member (verified on board page by CA_0143-0154),clear party only,Erik Miller,long beach unified,OPEN,,t,,,,,,,,,,22969acc-f5d2-48de-8715-4eb67601cdba
A1 REAL - current member (verified on board page by CA_0143-0154),clear party only,Juan Benitez,long beach unified,OPEN,,t,,,,,,,,,,2f601ba5-a8be-4947-961e-cbbb50b61f28
A1 REAL - current member (verified on board page by CA_0143-0154),clear party only,Jen Fenton,manhattan beach unified,OPEN,,t,,,,,,,,,,4ef6ef6a-7a0c-4f66-bc9e-3e923ce4965d
A1 REAL - current member (verified on board page by CA_0143-0154),clear party only,Kim Kenne,pasadena unified,OPEN,,t,,,,,,,,,,820d81c8-4f1a-4a05-a739-98e1c1e35c56
A1 REAL - current member (verified on board page by CA_0143-0154),clear party only,Michelle Bailey,pasadena unified,OPEN,,t,,,,,,,,,,5cbf44d9-91de-4fc9-b5f0-76e2ae236914
A1 REAL - current member (verified on board page by CA_0143-0154),clear party only,Yarma Velázquez Vargas,pasadena unified,OPEN,,t,,,,,,,,,,b1f63336-4614-4c12-9b03-6ad3c30604df
A1 REAL - current member (verified on board page by CA_0143-0154),clear party only,Jon Kean,santa monica malibu unified,OPEN,,t,,,,,,,,,,063fd6f1-42f0-47dc-aa7d-7feac385c495
A1 REAL - current member (verified on board page by CA_0143-0154),clear party only,Laurie Lieberman,santa monica malibu unified,OPEN,,t,,,,,,,,,,0952f897-7414-4ad3-af88-022de9e4971c
A1 REAL - current member (verified on board page by CA_0143-0154),clear party only,Maria Leon-Vazquez,santa monica malibu unified,OPEN,,t,,,,,,,,,,dc78ce32-d1d6-40f6-a200-dd8fb5a13f7d
A2 REAL - former member,clear party; keep term + active; is_incumbent=false; append evidence to term source,Ken Tang,alhambra unified,CLOSED,2025-08-05,f,Nonpartisan,,high,,RR/CC,"RR/CC Nov 2024 candidate list: KENNETH TRUNG TANG, incumbent (Alhambra TA); resigned 2025-08-06 per CA_0151",,,,90b0b8a1-c700-4786-84d6-33ddb55f5b6f
A2 REAL - former member,clear party; keep term + active; append evidence to term source,Rosemary Garcia,azusa unified,CLOSED,2022-12-12,f,Nonpartisan,REAL,high,by 2001-2013,http://web.archive.org/web/20010405130848/http://www.azusausd.k12.ca.us:80/districtinfo/districtinfo.html,"Board of Education Rosemary Garcia, Vice President Lisa Harrington, Clerk Jose L. Torres, Member Ilean M. Ochoa, Member",2006-2018 continuous (plus 2001 snapshot; RR/CC 2018-2026),False,Served from at least 2001 until Dec 2013 (her seat was one of three up in Nov 2013; only Cruz-Gonzalez filed for re-election). Recorded end 2022-12-12 is wrong; real end is about Dec 2013.,b545317b-d799-4ca0-ae8d-f9a93c35729f
A2 REAL - former member,clear party; keep term + active; is_incumbent=false; append evidence to term source,Cristina Lucero,baldwin park unified,CLOSED,2024-11-30,f,Nonpartisan,,high,,RR/CC,RR/CC: CHRISTINA LUCERO won Nov 2015 (results.lavote.gov election 967); incumbent on Nov 2020 and Nov 2024 lists,,,,09cd1f70-2a45-4393-ac52-33f55091ffd4
A2 REAL - former member,clear party; keep term + active; append evidence to term source,Alissa Roston,beverly hills unified,CLOSED,2022-11-30,f,Nonpartisan,REAL,high,1999-2007,https://beverlypress.com/2024/01/candidates-for-beverly-hills-council-continue-campaigns/,She served on the Beverly Hills Unified School District Board of Education for two terms from 1999-2007,snapshots 2009-10 and 2014-15 only; RR/CC 2018-2026,False,Two terms 1999-2007; later ran for Beverly Hills City Council (2024). Recorded end 2022-11-30 is wrong.,84a73092-e2e4-4030-8b05-2113ec404df1
A2 REAL - former member,clear party; keep term + active; append evidence to term source,Brian Goldberg,beverly hills unified,CLOSED,2024-11-30,f,Nonpartisan,REAL,high,at least 2009-2015,http://web.archive.org/web/20100917233930/http://bhusd.org/apps/pages/index.jsp?userGroupREC_ID=31884&uREC_ID=31884&type=d&title=Board+of+Education&un=SEC-BOE,"Steven Fenton Board President Lisa Korbatov Vice President Brian David Goldberg, Ph.D Member Myra Lurie Member",snapshots 2009-10 and 2014-15 only; RR/CC 2018-2026,False,"Brian David Goldberg, Ph.D. Exact start and end years not established; not in RR/CC 2018-2026, so he left by 2018. Recorded end 2024-11-30 is wrong.",35d08038-550b-4f13-b564-dcfe48b3dfa6
A2 REAL - former member,clear party; keep term + active; is_incumbent=false; append evidence to term source,Noah Margo,beverly hills unified,CLOSED,2024-11-30,f,Nonpartisan,,high,,RR/CC,RR/CC: NOAH MARGO won Nov 2015 (election 967); incumbent on Nov 2020 list,,,,8bc76d78-5793-4ab8-ba47-ddeefeb33413
A2 REAL - former member,clear party; keep term + active; is_incumbent=false; append evidence to term source,Roberta Reynolds,burbank unified,CLOSED,2024-11-30,f,Nonpartisan,,high,,RR/CC,"RR/CC Nov 2020 candidate list: ROBERTA GRANDE REYNOLDS, incumbent",,,,8d34fe9c-7363-4ec3-9587-be656b7ad8a1
A2 REAL - former member,clear party; keep term + active; is_incumbent=false; append evidence to term source,Steve Ferguson,burbank unified,CLOSED,2022-11-30,f,Nonpartisan,,high,,RR/CC,"RR/CC Nov 2020 candidate list: STEVE FERGUSON, incumbent",,,,31996159-ce51-4ac7-971f-bcd78a467499
A2 REAL - former member,clear party; keep term + active; append evidence to term source,Hilary LaConte,claremont unified,CLOSED,2024-11-30,f,Nonpartisan,REAL,high,Dec 2007-Dec 2020 (elected); appointed again Jan/Feb 2023-Jul 2023 (Trustee Area 4),https://web.archive.org/web/20091108050449/http://www.cusd.claremont.edu:80/boe/index.php,Hilary LaConte Vice President Board Service Began 12/2007 Term Expires 12/2011,"1998 (district page); Dec 2007-2009 and Dec 2013-2014 all seats with service start dates (2009 and 2014 district pages, start dates reach back to 2001); 2018-2026 RR/CC",False,"She really served. Our row says the term ended 2024-11-30. Her appointed term was scheduled to run through November 2024, but the special election ended it in July 2023. Her elected service ran from Dec 2007 to about Dec 2020 (2020 had no incumbents on the ballot).",19db4957-f8af-4e9f-b3d4-b9374e4fd37a
A2 REAL - former member,clear party; keep term + active; is_incumbent=false; append evidence to term source,Steven Llanusa,claremont unified,CLOSED,2023-07-31,f,Nonpartisan,,high,,RR/CC,RR/CC: STEVEN M. LLANUSA incumbent on Nov 2018 and Nov 2022 lists,,,,7a52ea32-cd3d-4853-ba1e-7c51087d998f
A2 REAL - former member,clear party; keep term + active; append evidence to term source,Kathy Paspalis,culver unified,CLOSED,2024-11-30,f,Nonpartisan,REAL,high,2009-2018,https://culvercitycrossroads.com/2018/11/30/paspalis-gets-a-warm-farewell-from-the-school-board-and-the-district/,"After serving on the Culver City Unified School Board for nine years, Kathy Paspalis attended her final meeting on Tuesday, November 27, 2018.",Dec 2005-Nov 2018 continuous (district term listings); RR/CC candidate lists 2018-2026,True,"Katherine 'Kathy' Paspalis, 12/1/2009-11/30/2018 (re-elected 2013; term extended to 2018 by election-date change). Recorded end 2024-11-30 is wrong.",5501c147-5dad-48d5-845c-b6b91e8860a9
A2 REAL - former member,clear party; keep term + active; append evidence to term source,Scott Zeidman,culver unified,CLOSED,2024-11-30,f,Nonpartisan,REAL,high,2007-2011,http://web.archive.org/web/20080421175606/http://www.ccusd.org:80/apps/pages/index.jsp?uREC_ID=42334&type=d,Member: Scott Zeidman Term of Office: 12/1/07 - 11/30/11,Dec 2005-Nov 2018 continuous (district term listings); RR/CC candidate lists 2018-2026,True,"Term 12/1/2007-11/30/2011; seats were filled by Chardiet and Goldberg from 12/1/2011, so he did not continue after 2011. Ran again Nov 2020 (RR/CC) but is not on later rosters. Recorded end 2024-11-30 is wrong.",599376b6-bdfa-4b76-837f-dd2230a546ad
A2 REAL - former member,clear party; keep term + active; is_incumbent=false; append evidence to term source,Donald LaPlante,downey unified,CLOSED,2022-12-12,f,Nonpartisan,,high,,RR/CC,"RR/CC: DONALD E. LA PLANTE won Downey TA4, Nov 2015 (election 967)",,,,b0ad0f94-2ec8-499c-be99-c39082da8f4c
A2 REAL - former member,clear party; keep term + active; append evidence to term source,Robin Funk,el segundo unified,CLOSED,2024-11-30,f,Nonpartisan,REAL,high,2005-2013,https://web.archive.org/web/20080110050328/http://www.elsegundousd.com:80/board.html,Robin Funk was elected to the Board of Education in November 2005,1991-2026,False,"Served Dec 2005 to Dec 2013 (re-seated in 2009 when the ESUSD election had no contest). Our row's end date 2024-11-30 is wrong; true end is Dec 2013. Roster sources: elsegundousd.com board page on Wayback (2001, 2003, 2005, 2008); Smart Voter 2005/2007/2011/2013; RR/CC SVC 2007/2011/2013/2015; RR/CC",4a484a17-5426-403c-8c51-0b7e387a07b1
A2 REAL - former member,clear party; keep term + active; append evidence to term source,Jennifer Freemon,glendale unified,CLOSED,2023-12-31,f,Nonpartisan,REAL,high,2015-2024,https://www.gusd.net/8457_3,Jennifer Freemon 2015 - 2024,1936-2026,True,"Real trustee. Our end date 2023-12-31 is slightly early; she left when successors were sworn in, April 2024 (Crescenta Valley Weekly headline in search results).",c096896b-72e7-49e3-87ea-ddc90888b996
A2 REAL - former member,clear party; keep term + active; append evidence to term source,Nayiri Nahabedian,glendale unified,CLOSED,2026-07-13,f,Nonpartisan,REAL,high,2007-2024,https://www.gusd.net/8457_3,Nayiri Nahabedian 2007 - 2024,1936-2026,True,Real trustee. Our end date 2026-07-13 is wrong; per GUSD her service ended in 2024 (Neda Farid won Area E in March 2024).,9b362b24-72a3-4c81-8e38-7bd476eba72e
A2 REAL - former member,clear party; keep term + active; append evidence to term source,Shant Sahakian,glendale unified,CLOSED,2026-07-13,f,Nonpartisan,REAL,high,2017-2026,https://www.gusd.net/8457_3,Shant Sahakian 2017 - 2026,1936-2026,True,"Real trustee. Ballotpedia labels him incumbent in 2017 although GUSD lists 2017 as his start; he may have been appointed shortly before. Area D had no incumbent in the June 2026 race, consistent with our 2026 end date.",0e59e9c1-a019-4b2a-aa02-b97f17a6d761
A2 REAL - former member,clear party; keep term + active; is_incumbent=false; append evidence to term source,Joseph Chang,hacienda la puente unified,NO_TERM,,t,Nonpartisan,,high,,RR/CC,"RR/CC Nov 2018 candidate list: JOSEPH K. CHANG, incumbent (Hacienda La Puente)",,,,c5f6d8ec-f6c2-4560-ab67-4c4cf3cbba5b
A2 REAL - former member,clear party; keep term + active; append evidence to term source,Kate Vadehra,las virgenes unified,CLOSED,2024-11-30,f,Nonpartisan,REAL,high,2020-2022,https://www.theacorn.com/articles/community-mourns-death-of-school-boards-vadehra/,"Pediatrician Kate Vadehra, who won her LVUSD board election in 2020, died Nov. 26","1996, 2001, 2009-2026 (gap 2002-2008)",False,Real trustee (Kathryn 'Kate' Vadehra). Our end date 2024-11-30 is wrong: she died in office on 2022-11-26; former trustee Jill Gaines was appointed to her seat in Jan 2023 (Patch/Acorn headlines in search results).,695ab650-58df-43b8-b8c9-b075e1e519fd
A2 REAL - former member,clear party; keep term + active; is_incumbent=false; append evidence to term source,Jennifer Cochran,manhattan beach unified,CLOSED,2024-11-30,f,Nonpartisan,,high,,RR/CC,"RR/CC Nov 2018 candidate list: JENNIFER COCHRAN, incumbent",,,,df7e4a1a-14d1-4044-9f81-2936486b3d4a
A2 REAL - former member,clear party; keep term + active; is_incumbent=false; append evidence to term source,Ed Gililland,monrovia unified,CLOSED,2024-12-17,f,Nonpartisan,,high,,RR/CC,"RR/CC Nov 2020 candidate list: ED GILILLAND, incumbent",,,,cca09d1e-6e2b-427c-add8-5eeea52a9633
A2 REAL - former member,clear party; keep term + active; append evidence to term source,Lawrence Torres,pasadena unified,CLOSED,2024-11-30,f,Nonpartisan,REAL,high,2015-2020,"https://ballotpedia.org/Pasadena_Unified_School_District,_California,_elections","Lawrence Torres won election in the general election for Pasadena Unified School District school board District 6 on March 10, 2015.",2004-2017 continuous seat-by-seat; 2024 snapshot; RR/CC 2018-2026,True,"Lawrence 'Larry' Torres, District 6. Not on the Nov 2020 ballot (RR/CC), and D6 is held by Tina Fredericks by 2024, so service ended about Dec 2020. Recorded end 2024-11-30 is likely wrong.",68eea13f-e95d-468b-bc43-aa83c19a37da
A2 REAL - former member,clear party; keep term + active; append evidence to term source,Pat Cahalan,pasadena unified,CLOSED,2024-11-30,f,Nonpartisan,REAL,high,2015-2024,"https://ballotpedia.org/Pasadena_Unified_School_District,_California,_elections","Incumbent Patrick Cahalan won election in the general election for Pasadena Unified School District school board District 4 on March 10, 2015.",2004-2017 continuous seat-by-seat; 2024 snapshot; RR/CC 2018-2026,True,"Patrick Cahalan, District 4. Re-elected Nov 2020 (RR/CC); not on Nov 2024 ballot, so term ended Dec 2024. Recorded end 2024-11-30 is about right.",7dae12c6-d2b7-45a4-af3f-0003e13fbacf
A2 REAL - former member,clear party; keep term + active; append evidence to term source,Craig Foster,santa monica malibu unified,CLOSED,2022-11-30,f,Nonpartisan,REAL,high,2014-2022,https://web.archive.org/web/20150223020419/http://www.smartvoter.org:80/2014/11/04/ca/la/school.html,"Craig Foster .......... 12,126 votes 16.50%","2000-2020 (Smart Voter SMMUSD candidate lists Nov 2000, 2002, 2004, 2006, 2008 incl. 2008 short term, 2010, 2012, 2014; RR/CC 2018 and 2020). Not covered: 2016, 2022, 2024.",False,Elected Nov 2014; eight years on the board implies re-election in Nov 2018 (he is on the RR/CC 2018 list); did not run in 2022; term ended Dec 2022. He also lost a 2012 SMMUSD race. Our closed end date 2022-11-30 is about right.,592a2ac4-686f-47d5-8668-269e21ad1924
A2 REAL - former member,clear party; keep term + active; is_incumbent=false; append evidence to term source,Kenneth Knollenberg,temple unified,CLOSED,2022-12-13,f,Nonpartisan,,high,,RR/CC,RR/CC: KENNETH E. KNOLLENBERG won Nov 2015 (election 967); incumbent on Nov 2020 list,,,,98043faa-6ece-4c24-888f-5d556c04ef98
A2 REAL - former member,clear party; keep term + active; is_incumbent=false; append evidence to term source,Don Lee,torrance unified,CLOSED,2024-12-15,f,Nonpartisan,,high,,RR/CC,"RR/CC: DON LEE won Torrance, Nov 2015 (election 967)",,,,22dfaff5-6d3d-4bba-abc3-6c7500e42ded
A2 REAL - former member,clear party; keep term + active; is_incumbent=false; append evidence to term source,Terry Ragins,torrance unified,CLOSED,2022-11-30,f,Nonpartisan,,high,,RR/CC,"RR/CC: TERRY L. RAGINS won Torrance, Nov 2015 (election 967)",,,,9e7f9ff8-24d7-4ab3-b09b-c9adf823a602
B NO EVIDENCE,clear party; deactivate; keep term (tag as unverified); is_incumbent=false,Arturo Montez,abc unified,CLOSED,2024-11-30,f,Nonpartisan,WRONG_SEAT,medium,"2018-present (Centralia School District, not ABC)",https://www.connortraut.com/,Arturo Montez Centralia School Board Member,1995-2026,False,"[agent said WRONG_SEAT, name-only/weak -> no-evidence] Centralia ESD (Buena Park/La Palma) borders the ABC area but is a different district in Orange County. Match relies on 'Art' = 'Arturo' (the endorsement page uses 'Arturo Montez'). No Montez in any ABC roster or election 1995-2026. Roster sources: district board pages on Wayback (1998, 2001, 2005, 2",e1b7f87e-cde7-408b-860a-f2e034a5dfe0
B NO EVIDENCE,clear party; deactivate; keep term (tag as unverified); is_incumbent=false,Mike Seck,abc unified,CLOSED,2022-11-30,f,Nonpartisan,NO_EVIDENCE,medium,,,,1995-2026,False,"No person with this name in any ABC roster or election 1995-2026. The shared WebSearch budget for the session ran out during this packet, so fewer than 2 web searches were possible for this name; the roster check was done in full. Roster sources: district board pages on Wayback (1998, 2001, 2005, 20",401d37f3-24d8-4b95-8be5-46dab72bc477
B NO EVIDENCE,clear party; deactivate; keep term (tag as unverified); is_incumbent=false,Olimpia Miranda,abc unified,CLOSED,2024-11-30,f,Nonpartisan,NO_EVIDENCE,medium,,,,1995-2026,False,"No person with this name in any ABC roster or election 1995-2026. The name resembles long-time ABC trustee Olympia Chen (1997-2017), but that is a different person. Roster sources: district board pages on Wayback (1998, 2001, 2005, 2008, 2012, Mar 2025, Jun 2025); Smart Voter race pages 2003/2005/20",d142c4c9-ad9c-4003-ac48-27e035ff8f62
B NO EVIDENCE,clear party; deactivate; keep term (tag as unverified); is_incumbent=false,Paula Lantz,abc unified,CLOSED,2024-11-30,f,Nonpartisan,NO_EVIDENCE,medium,,,,1995-2026,False,"No person with this name in any ABC roster or election 1995-2026. The only prominent Paula Lantz found is a University of Michigan public-health professor (unrelated). Roster sources: district board pages on Wayback (1998, 2001, 2005, 2008, 2012, Mar 2025, Jun 2025); Smart Voter race pages 2003/2005",bdfbb3bc-d63c-4188-9ba2-528fa9bcf6ec
B NO EVIDENCE,clear party; deactivate; keep term (tag as unverified); is_incumbent=false,Ramona Anand,abc unified,CLOSED,2022-11-30,f,Nonpartisan,NO_EVIDENCE,medium,,,,1995-2026,False,"No person with this name in any ABC roster or election 1995-2026. The shared WebSearch budget for the session ran out during this packet, so fewer than 2 web searches were possible for this name; the roster check was done in full. Roster sources: district board pages on Wayback (1998, 2001, 2005, 20",c3b1093f-891b-4fd2-bc47-521af38f693d
B NO EVIDENCE,clear party; deactivate; keep term (tag as unverified); is_incumbent=false,Sommer Foster,abc unified,CLOSED,2025-04-25,f,Nonpartisan,NO_EVIDENCE,medium,,,,1995-2026,False,"Recorded end date 2025-04-25. The ABC board page captured 24 Mar 2025 (https://web.archive.org/web/20250324153608/https://www.abcusd.us/apps/pages/BoardMembers) lists six named trustees (Mendoza A1, Yoo A2, Nishii A3, Yokoyama A4, Rios A6, Noyola A7) and shows Trustee Area 5 as 'Vacant'; the Jun 202",220bbe64-4cd0-4949-b7a4-7453e316b1f0
B NO EVIDENCE,clear party; deactivate; keep term (tag as unverified); is_incumbent=false,James Clark,acton agua dulce unified,CLOSED,2024-12-18,f,Nonpartisan,NO_EVIDENCE,high,,https://go.boarddocs.com/ca/aadusd/Board.nsf/goto?open&id=DQAQJR69936F,BOARD OF TRUSTEES Brianna Taksony William Mayes Jorge DeJesus Ken Pfalzgraf Lester Mascon,"2018-11 to 2026-09 continuous (monthly agendas + live page); partial 2000-2018 (board page 2000, minutes Dec 2004, elections 2001-2009, board pages 2011/2012/2015/2016, agendas Oct 2016/Jan 2017/Feb 2018)",True,"Recorded end 2024-12-18 falls inside the continuous monthly roster (Nov 2018-Jan 2026) and the name is absent. Common name; no source ties any James/Jim Clark to this board. Absent from every earlier roster found (2000-2018), but those have gaps, so service before 2018 cannot be fully ruled out. AAD",8a50278f-7d9b-4beb-93c5-d47ea5241468
B NO EVIDENCE,clear party; deactivate; keep term (tag as unverified); is_incumbent=false,James Hicks,acton agua dulce unified,CLOSED,2022-12-14,f,Nonpartisan,NO_EVIDENCE,high,,https://go.boarddocs.com/ca/aadusd/Board.nsf/goto?open&id=DQAQJR69936F,BOARD OF TRUSTEES Brianna Taksony William Mayes Jorge DeJesus Ken Pfalzgraf Lester Mascon,"2018-11 to 2026-09 continuous (monthly agendas + live page); partial 2000-2018 (board page 2000, minutes Dec 2004, elections 2001-2009, board pages 2011/2012/2015/2016, agendas Oct 2016/Jan 2017/Feb 2018)",True,"Recorded end 2022-12-14 falls inside the continuous monthly roster (Nov 2018-Jan 2026) and the name is absent. Common name. Absent from every earlier roster found (2000-2018), but those have gaps, so service before 2018 cannot be fully ruled out. AAD trustees found: 2000 Duzick, Nielson, Harbeson, B",c71b2202-e824-4958-8434-a599cb69e1d8
B NO EVIDENCE,clear party; deactivate; keep term (tag as unverified); is_incumbent=false,Linda Aranda,acton agua dulce unified,CLOSED,2024-12-18,f,Nonpartisan,NO_EVIDENCE,high,,https://go.boarddocs.com/ca/aadusd/Board.nsf/goto?open&id=DQAQJR69936F,BOARD OF TRUSTEES Brianna Taksony William Mayes Jorge DeJesus Ken Pfalzgraf Lester Mascon,"2018-11 to 2026-09 continuous (monthly agendas + live page); partial 2000-2018 (board page 2000, minutes Dec 2004, elections 2001-2009, board pages 2011/2012/2015/2016, agendas Oct 2016/Jan 2017/Feb 2018)",True,"Recorded end 2024-12-18 falls inside the continuous monthly roster (Nov 2018-Jan 2026) and the name is absent. Absent from every earlier roster found (2000-2018), but those have gaps, so service before 2018 cannot be fully ruled out. AAD trustees found: 2000 Duzick, Nielson, Harbeson, Barofsky, Sisc",133b8a7f-3827-4701-b3be-f75021a07b23
B NO EVIDENCE,clear party; deactivate; keep term (tag as unverified); is_incumbent=false,Michael Drewry,acton agua dulce unified,CLOSED,2024-12-18,f,Nonpartisan,NO_EVIDENCE,high,,https://go.boarddocs.com/ca/aadusd/Board.nsf/goto?open&id=DQAQJR69936F,BOARD OF TRUSTEES Brianna Taksony William Mayes Jorge DeJesus Ken Pfalzgraf Lester Mascon,"2018-11 to 2026-09 continuous (monthly agendas + live page); partial 2000-2018 (board page 2000, minutes Dec 2004, elections 2001-2009, board pages 2011/2012/2015/2016, agendas Oct 2016/Jan 2017/Feb 2018)",True,"Recorded end 2024-12-18 falls inside the continuous monthly roster (Nov 2018-Jan 2026) and the name is absent. Absent from every earlier roster found (2000-2018), but those have gaps, so service before 2018 cannot be fully ruled out. AAD trustees found: 2000 Duzick, Nielson, Harbeson, Barofsky, Sisc",c5bcafaa-1860-4ebe-be52-3384f50c2997
B NO EVIDENCE,clear party; deactivate; keep term (tag as unverified); is_incumbent=false,Tiffany Kellogg,acton agua dulce unified,CLOSED,2026-06-29,f,Nonpartisan,NO_EVIDENCE,high,,https://go.boarddocs.com/ca/aadusd/Board.nsf/goto?open&id=DQAQJR69936F,BOARD OF TRUSTEES Brianna Taksony William Mayes Jorge DeJesus Ken Pfalzgraf Lester Mascon,"2018-11 to 2026-09 continuous (monthly agendas + live page); partial 2000-2018 (board page 2000, minutes Dec 2004, elections 2001-2009, board pages 2011/2012/2015/2016, agendas Oct 2016/Jan 2017/Feb 2018)",True,"Recorded end 2026-06-29 falls inside the continuous monthly roster (Nov 2018-Jan 2026) and the name is absent. The board had the same five members in Jan 2026 (BoardDocs) and Sep 2026 (live page), so no one else held a seat in the first half of 2026. The only web hit was an unrelated Tiffany Kellogg",f0d86e95-981c-4fca-8033-3232fc24b8be
B NO EVIDENCE,clear party; deactivate; keep term (tag as unverified); is_incumbent=false,Frances Robles,alhambra unified,CLOSED,2024-11-30,f,Nonpartisan,NO_EVIDENCE,high,,,,2000-2026 (continuous Dec 2020-Jan 2025),True,"No Robles on any Alhambra board roster 2000-2026. Seat holders are continuous Dec 2020-Jan 2025, which covers the recorded end date 2024-11-30. The name matches an unrelated New York Times journalist. The shared WebSearch budget for the session ran out during this packet, so fewer than 2 web searche",ab3b160e-2904-42b0-895e-e28b407ac405
B NO EVIDENCE,clear party; deactivate; keep term (tag as unverified); is_incumbent=false,Luchi Gonzalez,alhambra unified,CLOSED,2024-11-30,f,Nonpartisan,NO_EVIDENCE,high,,,,2000-2026 (continuous Dec 2020-Jan 2025),True,"No Gonzalez on any Alhambra board roster 2000-2026. Seat holders are continuous Dec 2020-Jan 2025 (Moreno, Tang, Wilson, Gin, Russell-Chavez then Chang), which covers the recorded end date 2024-11-30. The name matches an unrelated professional soccer coach. The shared WebSearch budget for the sessio",7ac28374-bcaf-4135-aa10-4462559e1a1a
B NO EVIDENCE,clear party; deactivate; keep term (tag as unverified); is_incumbent=false,Ed Chung,arcadia unified,CLOSED,2023-12-31,f,Nonpartisan,NO_EVIDENCE,medium,,https://web.archive.org/web/20190327001930/https://www.ausd.net/apps/pages/Board,"Cung Nguyen has served on the Arcadia Unified Board of Education for over a decade, beginning his service in 2007.",2002 and 2019 district page snapshots + RR/CC 2020-2026,False,"Common name; only people-search listings. Roster found: 2002 James C. Romo, Maryann Gibson, John R. McClain, Joann E. Steinmeier, Annie L. Yuen; 2019 Cung Nguyen (since 2007), Kay Kinsler (2011), Leigh Chavez (2017), Fenton Eng, Lori Phillipi; RR/CC 2020-2026 adds Raymond Cheung, Shirley Yee and oth",29d411a9-c672-4549-8c2e-a9b276cf8537
B NO EVIDENCE,clear party; deactivate; keep term (tag as unverified); is_incumbent=false,Elizabeth Mensah,arcadia unified,CLOSED,2025-12-31,f,Nonpartisan,NO_EVIDENCE,medium,,https://web.archive.org/web/20190327001930/https://www.ausd.net/apps/pages/Board,"Cung Nguyen has served on the Arcadia Unified Board of Education for over a decade, beginning his service in 2007.",2002 and 2019 district page snapshots + RR/CC 2020-2026,False,"Only social-media profiles of unrelated people. Roster found: 2002 James C. Romo, Maryann Gibson, John R. McClain, Joann E. Steinmeier, Annie L. Yuen; 2019 Cung Nguyen (since 2007), Kay Kinsler (2011), Leigh Chavez (2017), Fenton Eng, Lori Phillipi; RR/CC 2020-2026 adds Raymond Cheung, Shirley Yee a",be1c71f8-d5d9-416e-a713-35ccda7a5743
B NO EVIDENCE,clear party; deactivate; keep term (tag as unverified); is_incumbent=false,Tim Tran,arcadia unified,CLOSED,2023-12-31,f,Nonpartisan,NO_EVIDENCE,medium,,https://web.archive.org/web/20190327001930/https://www.ausd.net/apps/pages/Board,"Cung Nguyen has served on the Arcadia Unified Board of Education for over a decade, beginning his service in 2007.",2002 and 2019 district page snapshots + RR/CC 2020-2026,False,"Common name; no source ties it to AUSD. Roster found: 2002 James C. Romo, Maryann Gibson, John R. McClain, Joann E. Steinmeier, Annie L. Yuen; 2019 Cung Nguyen (since 2007), Kay Kinsler (2011), Leigh Chavez (2017), Fenton Eng, Lori Phillipi; RR/CC 2020-2026 adds Raymond Cheung, Shirley Yee and other",bf906462-f937-4d8c-b452-6555e95b4bac
B NO EVIDENCE,clear party; deactivate; keep term (tag as unverified); is_incumbent=false,Diana Coronel,azusa unified,CLOSED,2024-12-16,f,Nonpartisan,NO_EVIDENCE,medium,,,,2006-2018 continuous (plus 2001 snapshot; RR/CC 2018-2026),True,"Absent from every Azusa roster 2001, 2006-2018 and from RR/CC 2018-2026. Recorded end 2024-12-16 would require 2020s service, which RR/CC rules out unless appointed.",b9ded757-2653-4c45-982d-36682b08b8f8
B NO EVIDENCE,clear party; deactivate; keep term (tag as unverified); is_incumbent=false,Edward Zuniga,azusa unified,CLOSED,2022-12-12,f,Nonpartisan,WRONG_SEAT,medium,,https://www.emuhsd.org/meet-our-administration-2,He previously served on the Board of the El Monte City School District,2006-2018 continuous (plus 2001 snapshot; RR/CC 2018-2026),True,"[agent said WRONG_SEAT, name-only/weak -> no-evidence] Only Azusa link found is an M.A. from Azusa Pacific University. He is an El Monte Union HSD employee/superintendent, not an Azusa USD employee. Absent from all Azusa rosters. Identity match is by exact name only.",0624c64b-af95-4d06-ac16-ca185f50da42
B NO EVIDENCE,clear party; deactivate; keep term (tag as unverified); is_incumbent=false,Kimberly Howell,azusa unified,CLOSED,2024-12-16,f,Nonpartisan,NO_EVIDENCE,medium,,,,2006-2018 continuous (plus 2001 snapshot; RR/CC 2018-2026),True,No tie to Azusa at all found. Absent from all Azusa rosters.,195f331d-ebc2-4d05-9adc-f9508fe0b610
B NO EVIDENCE,clear party; deactivate; keep term (tag as unverified); is_incumbent=false,Ariel Mestas,baldwin park unified,CLOSED,2022-11-30,f,Nonpartisan,NO_EVIDENCE,medium,,,,2001-2026,False,"No person with this name in any Baldwin Park roster or election found (2001-2026). The shared WebSearch budget for the session ran out during this packet, so fewer than 2 web searches were possible for this name; the roster check was done in full. Roster sources: bpusd.k12.ca.us board bios on Waybac",9d2713c4-1d4f-4c40-ae35-b331e9771fa1
B NO EVIDENCE,clear party; deactivate; keep term (tag as unverified); is_incumbent=false,Herman Dace,baldwin park unified,CLOSED,2024-11-30,f,Nonpartisan,NO_EVIDENCE,medium,,,,2001-2026,False,"No person with this name in any Baldwin Park roster or election found (2001-2026). The shared WebSearch budget for the session ran out during this packet, so fewer than 2 web searches were possible for this name; the roster check was done in full. Roster sources: bpusd.k12.ca.us board bios on Waybac",74bfd93c-d707-4432-8e99-ad62a20a1235
B NO EVIDENCE,clear party; deactivate; keep term (tag as unverified); is_incumbent=false,Leticia Garcia,baldwin park unified,CLOSED,2024-11-30,f,Nonpartisan,NO_EVIDENCE,low,,,,2001-2026,False,"No person with this name in any Baldwin Park roster or election found (2001-2026). Common name: absence from rosters is the main evidence. The shared WebSearch budget for the session ran out during this packet, so fewer than 2 web searches were possible for this name; the roster check was done in fu",090f3cb2-20e9-42a9-872e-80081f3b5bfe
B NO EVIDENCE,clear party; deactivate; keep term (tag as unverified); is_incumbent=false,Mario Ventura Rodriguez,baldwin park unified,CLOSED,2024-11-30,f,Nonpartisan,NO_EVIDENCE,medium,,,,2001-2026,False,"No person with this name in any Baldwin Park roster or election found (2001-2026). The shared WebSearch budget for the session ran out during this packet, so fewer than 2 web searches were possible for this name; the roster check was done in full. Roster sources: bpusd.k12.ca.us board bios on Waybac",93989522-c68e-4187-bf11-99afb673473f
B NO EVIDENCE,clear party; deactivate; keep term (tag as unverified); is_incumbent=false,Diana Corona,bassett unified,CLOSED,2024-11-30,f,Nonpartisan,NO_EVIDENCE,medium,,https://web.archive.org/web/20070202235530/http://www.bassett.k12.ca.us:80/board/members.html,"Robert Fuentes, Board President Term, 12/05-11/09 Paul Solano, Board Vice-President Term 12/05-11/09 Karina Moreno, Board Clerk Term 12/05-11/09","Full seat roster Dec 2003-Nov 2015 (term-dated district board pages Feb 2007, Jan 2009, Dec 2009, Jun 2011, Jul 2014 + election results 2003, 2007, 2011, 2013); election candidate lists 2001-2026 (2005, 2009, 2015 Smart Voter; RR/CC 2018-2026); Dec 2001 board page",True,"Absent from every Bassett USD roster and candidate list found. Seat holders Dec 2003-Nov 2015 are documented with terms: Alvarado, Morales (03-07); Fuentes, Solano, Moreno (05-09); Boyd, Santos (07-11); Solano, V. Medina, Sandoval (09-13); J. Medina, Santos (11-15); Solano, Rivera, Romo (13-18). Dec",4fe290b2-aa2f-4ba1-b172-c0e75e8994ee
B NO EVIDENCE,clear party; deactivate; keep term (tag as unverified); is_incumbent=false,John Piazza,bassett unified,CLOSED,2022-11-30,f,Nonpartisan,NO_EVIDENCE,medium,,https://web.archive.org/web/20070202235530/http://www.bassett.k12.ca.us:80/board/members.html,"Robert Fuentes, Board President Term, 12/05-11/09 Paul Solano, Board Vice-President Term 12/05-11/09 Karina Moreno, Board Clerk Term 12/05-11/09","Full seat roster Dec 2003-Nov 2015 (term-dated district board pages Feb 2007, Jan 2009, Dec 2009, Jun 2011, Jul 2014 + election results 2003, 2007, 2011, 2013); election candidate lists 2001-2026 (2005, 2009, 2015 Smart Voter; RR/CC 2018-2026); Dec 2001 board page",True,"Absent from every Bassett USD roster and candidate list found. Seat holders Dec 2003-Nov 2015 are documented with terms: Alvarado, Morales (03-07); Fuentes, Solano, Moreno (05-09); Boyd, Santos (07-11); Solano, V. Medina, Sandoval (09-13); J. Medina, Santos (11-15); Solano, Rivera, Romo (13-18). Dec",3dc1d627-754d-4053-a11c-c30b6088073a
B NO EVIDENCE,clear party; deactivate; keep term (tag as unverified); is_incumbent=false,Maria Huerta,bassett unified,CLOSED,2024-11-30,f,Nonpartisan,NO_EVIDENCE,medium,,https://web.archive.org/web/20070202235530/http://www.bassett.k12.ca.us:80/board/members.html,"Robert Fuentes, Board President Term, 12/05-11/09 Paul Solano, Board Vice-President Term 12/05-11/09 Karina Moreno, Board Clerk Term 12/05-11/09","Full seat roster Dec 2003-Nov 2015 (term-dated district board pages Feb 2007, Jan 2009, Dec 2009, Jun 2011, Jul 2014 + election results 2003, 2007, 2011, 2013); election candidate lists 2001-2026 (2005, 2009, 2015 Smart Voter; RR/CC 2018-2026); Dec 2001 board page",True,"Absent from every Bassett USD roster and candidate list found. Seat holders Dec 2003-Nov 2015 are documented with terms: Alvarado, Morales (03-07); Fuentes, Solano, Moreno (05-09); Boyd, Santos (07-11); Solano, V. Medina, Sandoval (09-13); J. Medina, Santos (11-15); Solano, Rivera, Romo (13-18). Dec",ee87befc-d2e3-4a24-acb8-76f95c3ab2ee
B NO EVIDENCE,clear party; deactivate; keep term (tag as unverified); is_incumbent=false,Rafael Limon,bassett unified,CLOSED,2022-11-30,f,Nonpartisan,NO_EVIDENCE,medium,,https://web.archive.org/web/20070202235530/http://www.bassett.k12.ca.us:80/board/members.html,"Robert Fuentes, Board President Term, 12/05-11/09 Paul Solano, Board Vice-President Term 12/05-11/09 Karina Moreno, Board Clerk Term 12/05-11/09","Full seat roster Dec 2003-Nov 2015 (term-dated district board pages Feb 2007, Jan 2009, Dec 2009, Jun 2011, Jul 2014 + election results 2003, 2007, 2011, 2013); election candidate lists 2001-2026 (2005, 2009, 2015 Smart Voter; RR/CC 2018-2026); Dec 2001 board page",True,"Absent from every Bassett USD roster and candidate list found. Seat holders Dec 2003-Nov 2015 are documented with terms: Alvarado, Morales (03-07); Fuentes, Solano, Moreno (05-09); Boyd, Santos (07-11); Solano, V. Medina, Sandoval (09-13); J. Medina, Santos (11-15); Solano, Rivera, Romo (13-18). Dec",9fc809a1-6e91-46ea-9850-b815df5cfbb9
B NO EVIDENCE,clear party; deactivate; keep term (tag as unverified); is_incumbent=false,Roy Munoz,bassett unified,CLOSED,2022-11-30,f,Nonpartisan,NO_EVIDENCE,medium,,https://web.archive.org/web/20070202235530/http://www.bassett.k12.ca.us:80/board/members.html,"Robert Fuentes, Board President Term, 12/05-11/09 Paul Solano, Board Vice-President Term 12/05-11/09 Karina Moreno, Board Clerk Term 12/05-11/09","Full seat roster Dec 2003-Nov 2015 (term-dated district board pages Feb 2007, Jan 2009, Dec 2009, Jun 2011, Jul 2014 + election results 2003, 2007, 2011, 2013); election candidate lists 2001-2026 (2005, 2009, 2015 Smart Voter; RR/CC 2018-2026); Dec 2001 board page",True,"Absent from every Bassett USD roster and candidate list found. Seat holders Dec 2003-Nov 2015 are documented with terms: Alvarado, Morales (03-07); Fuentes, Solano, Moreno (05-09); Boyd, Santos (07-11); Solano, V. Medina, Sandoval (09-13); J. Medina, Santos (11-15); Solano, Rivera, Romo (13-18). Dec",1c0c6ccc-cbe7-43da-b760-7c812943292f
B NO EVIDENCE,clear party; deactivate; keep term (tag as unverified); is_incumbent=false,Cindy Rosenberger,bellflower unified,CLOSED,2024-11-30,f,Nonpartisan,NO_EVIDENCE,medium,,https://web.archive.org/web/20161220/http://www.busd.k12.ca.us/boardofed.html,Jerry Cleveland is a resident in the City of Lakewood and was first elected to the Board of Education in 1995,"2005-2018 sampled (district page snapshots 2005, 2007, 2010, 2016, 2018) + RR/CC 2018-2026 + 2021/2022 agendas",False,"Only people-search, obituary and nurse-practitioner listings; no BUSD tie. Roster found: 2005 Cleveland, Buonocore, Hersek, Helzer, Ste. Marie; 2007/2010 Cleveland, Buonocore, Ste. Marie/Hersek, Helzer, Laura Sanchez; 2016 ElHessen, Cuadros (elected 2011), Helzer (2002), Sanchez-Ramirez (2005), Clev",6edc2e44-f7f7-4212-8746-03112a933be3
B NO EVIDENCE,clear party; deactivate; keep term (tag as unverified); is_incumbent=false,Joseph Santoyo,bellflower unified,CLOSED,2022-11-30,f,Nonpartisan,NO_EVIDENCE,medium,,https://web.archive.org/web/20161220/http://www.busd.k12.ca.us/boardofed.html,Jerry Cleveland is a resident in the City of Lakewood and was first elected to the Board of Education in 1995,"2005-2018 sampled (district page snapshots 2005, 2007, 2010, 2016, 2018) + RR/CC 2018-2026 + 2021/2022 agendas",False,"Only people-search/social profiles for this name; nothing ties it to BUSD. Roster found: 2005 Cleveland, Buonocore, Hersek, Helzer, Ste. Marie; 2007/2010 Cleveland, Buonocore, Ste. Marie/Hersek, Helzer, Laura Sanchez; 2016 ElHessen, Cuadros (elected 2011), Helzer (2002), Sanchez-Ramirez (2005), Clev",688fdc43-4d61-48c8-9216-c5cccf722a47
B NO EVIDENCE,clear party; deactivate; keep term (tag as unverified); is_incumbent=false,Patricia Avalos,bellflower unified,CLOSED,2022-11-30,f,Nonpartisan,NO_EVIDENCE,medium,,https://web.archive.org/web/20161220/http://www.busd.k12.ca.us/boardofed.html,Jerry Cleveland is a resident in the City of Lakewood and was first elected to the Board of Education in 1995,"2005-2018 sampled (district page snapshots 2005, 2007, 2010, 2016, 2018) + RR/CC 2018-2026 + 2021/2022 agendas",False,"Common name. Hits were a people-search listing for a Patricia Avalos living in Bellflower (no board tie) and a principal at Casa Blanca Community School (not BUSD). Roster found: 2005 Cleveland, Buonocore, Hersek, Helzer, Ste. Marie; 2007/2010 Cleveland, Buonocore, Ste. Marie/Hersek, Helzer, Laura S",b0f48347-625e-4b16-8ac1-e05363219688
B NO EVIDENCE,clear party; deactivate; keep term (tag as unverified); is_incumbent=false,Rebecca Petz,bellflower unified,CLOSED,2024-11-30,f,Nonpartisan,NO_EVIDENCE,medium,,https://web.archive.org/web/20161220/http://www.busd.k12.ca.us/boardofed.html,Jerry Cleveland is a resident in the City of Lakewood and was first elected to the Board of Education in 1995,"2005-2018 sampled (district page snapshots 2005, 2007, 2010, 2016, 2018) + RR/CC 2018-2026 + 2021/2022 agendas",False,"The only person found with this name is a researcher at a German university; no BUSD tie. Roster found: 2005 Cleveland, Buonocore, Hersek, Helzer, Ste. Marie; 2007/2010 Cleveland, Buonocore, Ste. Marie/Hersek, Helzer, Laura Sanchez; 2016 ElHessen, Cuadros (elected 2011), Helzer (2002), Sanchez-Ramir",fe5803dd-c13f-4a9a-9c9e-c433a1c390a9
B NO EVIDENCE,clear party; deactivate; keep term (tag as unverified); is_incumbent=false,Sheila Lichtblau,bellflower unified,CLOSED,2022-11-30,f,Nonpartisan,WRONG_SEAT,medium,,https://www.marin.courts.ca.gov/general-information/judicial-biographies,Judge Sheila Shah Lichtblau was elected to the bench in 2016 with her term starting in January 2017.,"2005-2018 sampled (district page snapshots 2005, 2007, 2010, 2016, 2018) + RR/CC 2018-2026 + 2021/2022 agendas",False,"[agent said WRONG_SEAT, name-only/weak -> no-evidence] Every search hit for this name is the Marin County judge (UC Berkeley, UC Hastings); nothing places anyone of this name in Bellflower or on the BUSD board. Match is by name only, but the surname is rare. Roster found: 2005 Cleveland, Buonocore, Hersek, Helzer, Ste. Marie; 2007/2010 Cleveland, Buonoc",2000e3c6-9634-4591-97ce-ad9d21274e5e
B NO EVIDENCE,clear party; deactivate; keep term (tag as unverified); is_incumbent=false,Svetlana Shagalov,beverly hills unified,CLOSED,2024-11-30,f,Nonpartisan,NO_EVIDENCE,high,,,,snapshots 2009-10 and 2014-15 only; RR/CC 2018-2026,False,Name has no web footprint. Absent from the 2010 and 2015 BHUSD rosters and RR/CC 2018-2026.,9ddd1703-dbaa-4ec6-8a6b-0ec1ef4ae106
B NO EVIDENCE,clear party; deactivate; keep term (tag as unverified); is_incumbent=false,Ann Behrens,bonita unified,CLOSED,2024-11-30,f,Nonpartisan,NO_EVIDENCE,high,,http://web.archive.org/web/20081226203026/http://bonita.k12.ca.us/BoardofEducation/MeetTheBoard/tabid/55/Default.aspx,"Patti Latourelle, President (Term expires November 30, 2009)","2003-12 to 2026-09 (elections 2001-2009, board-page snapshots 2008/2019/2022/2023, live page 2026, district press releases, RR/CC 2018-2026)",True,"Every Bonita seat is accounted for from Dec 2003 to Sep 2026, and this name appears in none of them; recorded end 2024-11-30 falls inside that span. Service before Dec 2003 (only partly covered: 2001 election, White/Latourelle/Jones) cannot be fully ruled out. Bonita trustees found: White, Latourell",c9875c5f-aa1f-400e-8a7b-e085ee305795
B NO EVIDENCE,clear party; deactivate; keep term (tag as unverified); is_incumbent=false,Greg Hasselbach,bonita unified,CLOSED,2024-11-30,f,Nonpartisan,NO_EVIDENCE,high,,http://web.archive.org/web/20081226203026/http://bonita.k12.ca.us/BoardofEducation/MeetTheBoard/tabid/55/Default.aspx,"Patti Latourelle, President (Term expires November 30, 2009)","2003-12 to 2026-09 (elections 2001-2009, board-page snapshots 2008/2019/2022/2023, live page 2026, district press releases, RR/CC 2018-2026)",True,"Every Bonita seat is accounted for from Dec 2003 to Sep 2026, and this name appears in none of them; recorded end 2024-11-30 falls inside that span. Service before Dec 2003 (only partly covered: 2001 election, White/Latourelle/Jones) cannot be fully ruled out. Bonita trustees found: White, Latourell",024bd1aa-94da-4189-880d-afbe711eada9
B NO EVIDENCE,clear party; deactivate; keep term (tag as unverified); is_incumbent=false,Joanne Ruelas,bonita unified,CLOSED,2024-11-30,f,Nonpartisan,NO_EVIDENCE,high,,http://web.archive.org/web/20081226203026/http://bonita.k12.ca.us/BoardofEducation/MeetTheBoard/tabid/55/Default.aspx,"Patti Latourelle, President (Term expires November 30, 2009)","2003-12 to 2026-09 (elections 2001-2009, board-page snapshots 2008/2019/2022/2023, live page 2026, district press releases, RR/CC 2018-2026)",True,"Every Bonita seat is accounted for from Dec 2003 to Sep 2026, and this name appears in none of them; recorded end 2024-11-30 falls inside that span. Service before Dec 2003 (only partly covered: 2001 election, White/Latourelle/Jones) cannot be fully ruled out. Bonita trustees found: White, Latourell",9e200512-e820-47a0-97d5-730302469f88
B NO EVIDENCE,clear party; deactivate; keep term (tag as unverified); is_incumbent=false,Mike Snelgrove,bonita unified,CLOSED,2022-11-30,f,Nonpartisan,NO_EVIDENCE,high,,http://web.archive.org/web/20081226203026/http://bonita.k12.ca.us/BoardofEducation/MeetTheBoard/tabid/55/Default.aspx,"Patti Latourelle, President (Term expires November 30, 2009)","2003-12 to 2026-09 (elections 2001-2009, board-page snapshots 2008/2019/2022/2023, live page 2026, district press releases, RR/CC 2018-2026)",True,"Every Bonita seat is accounted for from Dec 2003 to Sep 2026, and this name appears in none of them; recorded end 2022-11-30 falls inside that span. Service before Dec 2003 (only partly covered: 2001 election, White/Latourelle/Jones) cannot be fully ruled out. Bonita trustees found: White, Latourell",38729e85-809c-43f3-9ed8-e6601b22f6cd
B NO EVIDENCE,clear party; deactivate; keep term (tag as unverified); is_incumbent=false,Adam Schur,burbank unified,CLOSED,2024-11-30,f,Nonpartisan,NO_EVIDENCE,medium,,,,"2005, 2011-2015, 2020-2026 (gaps 2006-2010, 2016-2019)",False,"No hit. Absent from 2005, 2011-2015 and 2020-2026 rosters. Our end date 2024-11-30 falls in the RR/CC-covered era (no filing).",9cab21a6-f107-4789-bcd1-b5b1e6cd7a15
B NO EVIDENCE,clear party; deactivate; keep term (tag as unverified); is_incumbent=false,Charlene Stiles,burbank unified,CLOSED,2025-10-15,f,Nonpartisan,NO_EVIDENCE,medium,,https://outlooknewspapers.com/burbankleader/news/burbank-unified-selects-kelsey-olson-as-new-trustee-replacing-tabet/article_224e8903-92e4-4c44-ac41-d7cc919b23d6.html,filling the seat previously held by Charlene Tabet,"2005, 2011-2015, 2020-2026 (gaps 2006-2010, 2016-2019)",False,"No source for a 'Charlene Stiles' on BUSD. Strong sign this row is a garbled record of real trustee Charlene 'Char' Tabet (elected 2013, re-elected, resigned Sept 3, 2025). Our end date 2025-10-15 matches when Kelsey Olson was appointed to Tabet's seat (Oct 9, 2025). Recommend reviewing against Tabe",352826a5-7a8a-4f18-980d-a3a655f17720
B NO EVIDENCE,clear party; deactivate; keep term (tag as unverified); is_incumbent=false,Anita Torres,charter oak unified,CLOSED,2022-12-14,f,Nonpartisan,NO_EVIDENCE,low,,,,"2016, 2018-2026 (pre-2016 not established)",False,Common name; no hit tied to COUSD. Only 1 targeted query ran for this name before the session web-search budget was exhausted. Absent from 2016 and 2018-2026 rosters.,2551c624-92bb-4510-8770-e7e10d29c143
B NO EVIDENCE,clear party; deactivate; keep term (tag as unverified); is_incumbent=false,Lisa Gonzalez,charter oak unified,CLOSED,2024-12-18,f,Nonpartisan,NO_EVIDENCE,low,,,,"2016, 2018-2026 (pre-2016 not established)",False,Common name; no source ties it to the COUSD board. Absent from 2016 and 2018-2026 rosters. Pre-2016 roster not established.,3406623a-e942-4677-b154-541c4c05fbc9
B NO EVIDENCE,clear party; deactivate; keep term (tag as unverified); is_incumbent=false,Marcia Riddick,charter oak unified,CLOSED,2024-12-18,f,Nonpartisan,NO_EVIDENCE,medium,,,,"2016, 2018-2026 (pre-2016 not established)",False,No hit. Absent from 2016 and 2018-2026 rosters. Our end date 2024-12-18 falls in the RR/CC-covered era (no filing).,0b2c8789-97c0-40e7-927a-c40f01309d3c
B NO EVIDENCE,clear party; deactivate; keep term (tag as unverified); is_incumbent=false,Tim Nader,charter oak unified,CLOSED,2022-12-14,f,Nonpartisan,NO_EVIDENCE,medium,,,,"2016, 2018-2026 (pre-2016 not established)",False,No hit. Absent from 2016 and 2018-2026 rosters.,29fe6345-0c50-478a-b674-c0868ec29def
B NO EVIDENCE,clear party; deactivate; keep term (tag as unverified); is_incumbent=false,Ed Honeycutt,claremont unified,CLOSED,2022-11-30,f,Nonpartisan,NO_EVIDENCE,medium,,,,"1998 (district page); Dec 2007-2009 and Dec 2013-2014 all seats with service start dates (2009 and 2014 district pages, start dates reach back to 2001); 2018-2026 RR/CC",True,"Absent from every roster. roster_complete covers Dec 2007-2009 and Dec 2013-2014 (every seat, with start dates back to 2001).",55a6fb8c-df2e-4cd0-9d36-a2db0b3f2262
B NO EVIDENCE,clear party; deactivate; keep term (tag as unverified); is_incumbent=false,Jennifer Becerra,claremont unified,CLOSED,2022-11-30,f,Nonpartisan,NO_EVIDENCE,medium,,,,"1998 (district page); Dec 2007-2009 and Dec 2013-2014 all seats with service start dates (2009 and 2014 district pages, start dates reach back to 2001); 2018-2026 RR/CC",True,Absent from every roster. roster_complete covers Dec 2007-2009 and Dec 2013-2014.,2c2ba201-424e-4a0c-942a-3cb1256f3f37
B NO EVIDENCE,clear party; deactivate; keep term (tag as unverified); is_incumbent=false,Steve Wolan,claremont unified,CLOSED,2024-11-30,f,Nonpartisan,NO_EVIDENCE,medium,,,,"1998 (district page); Dec 2007-2009 and Dec 2013-2014 all seats with service start dates (2009 and 2014 district pages, start dates reach back to 2001); 2018-2026 RR/CC",True,Absent from every roster. roster_complete covers Dec 2007-2009 and Dec 2013-2014.,39132ee9-bfb6-47a3-b217-4853f7ba0c15
B NO EVIDENCE,clear party; deactivate; keep term (tag as unverified); is_incumbent=false,Danna Perez,compton unified,CLOSED,2024-04-15,f,Nonpartisan,NO_EVIDENCE,medium,,https://web.archive.org/web/20230120171717/https://www.compton.k12.ca.us/board/board-members,"Charles Davis - President Sandra Moss - Vice President Ayanna Davis, Ed.D. - Clerk Denzell Perry- Legislative Representative Alma Pleasant - Member","Full 7-seat roster Jan 2023-Sep 2026 (Jan 2023 board page, Mar 2024 election, Aug 2025 and Jul 2026 district releases); full roster 2001-02 (board page); candidate lists 2001-2026 (Smart Voter 2001-2015, LA County SVC 2007, RR/CC 2017-2026)",True,"Absent from every Compton USD roster and candidate list found (about 90 distinct candidates 2001-2026). 2023-2026 seat holders: C. Davis, Moss, A. Davis, Perry, Taylor-Pleasant, Zurita, Ali, then Hooper (2024) and McCoy (2026). 2003-2022 is covered only by election lists (plus a 2004 board page), so",28018031-c46f-4e1b-b10b-6edf33bb09cc
B NO EVIDENCE,clear party; deactivate; keep term (tag as unverified); is_incumbent=false,Dorothy Taylor-Moore,compton unified,CLOSED,2026-07-20,f,Nonpartisan,NO_EVIDENCE,medium,,https://web.archive.org/web/20230120171717/https://www.compton.k12.ca.us/board/board-members,"Charles Davis - President Sandra Moss - Vice President Ayanna Davis, Ed.D. - Clerk Denzell Perry- Legislative Representative Alma Pleasant - Member","Full 7-seat roster Jan 2023-Sep 2026 (Jan 2023 board page, Mar 2024 election, Aug 2025 and Jul 2026 district releases); full roster 2001-02 (board page); candidate lists 2001-2026 (Smart Voter 2001-2015, LA County SVC 2007, RR/CC 2017-2026)",True,"Absent from every Compton USD roster and candidate list found (about 90 distinct candidates 2001-2026). 2023-2026 seat holders: C. Davis, Moss, A. Davis, Perry, Taylor-Pleasant, Zurita, Ali, then Hooper (2024) and McCoy (2026). 2003-2022 is covered only by election lists (plus a 2004 board page), so",fa10414c-4f35-4929-8909-7e7fe6d7ee90
B NO EVIDENCE,clear party; deactivate; keep term (tag as unverified); is_incumbent=false,Jimmie Thompson,compton unified,CLOSED,2026-07-20,f,Nonpartisan,OTHER_ROLE,high,,https://www.compton.k12.ca.us/departments/personnel-commission/commissioner-members/jimmie-thompson,"Jimmie LaVerne Thompson, appointed to the Personnel Commission by the Teamsters","Full 7-seat roster Jan 2023-Sep 2026 (Jan 2023 board page, Mar 2024 election, Aug 2025 and Jul 2026 district releases); full roster 2001-02 (board page); candidate lists 2001-2026 (Smart Voter 2001-2015, LA County SVC 2007, RR/CC 2017-2026)",True,"[agent said OTHER_ROLE, name-only/weak -> no-evidence] Real person at this district, but in a non-board role: Personnel Commission member 1982-1994 and current Chairperson. Commissioners are appointees, not employees, so Ed Code 35107 does not apply. Absent from every CUSD board candidate list 2001-2026. The fabricated row probably mis-labeled her commi",235af364-eb4b-40db-8581-fdfb8ff155b6
B NO EVIDENCE,clear party; deactivate; keep term (tag as unverified); is_incumbent=false,Amy Rottschafer,covina valley unified,CLOSED,2024-11-30,f,Nonpartisan,NO_EVIDENCE,medium,,,,2001-2026,False,Rare surname; absent from all C-VUSD rosters found.,f0e9775a-f691-4fe8-84dc-d8f9c5e301c7
B NO EVIDENCE,clear party; deactivate; keep term (tag as unverified); is_incumbent=false,Cheryl Cox,covina valley unified,CLOSED,2022-11-30,f,Nonpartisan,NO_EVIDENCE,medium,,https://en.wikipedia.org/wiki/Cheryl_Cox,"served as the Republican mayor of Chula Vista, California, from 2006 to 2014",2001-2026,False,"Coordinator lead: our DB links this row to Cal-Access 'COX FOR MAYOR, CHERYL'. That committee very likely belongs to Cheryl Cox, Mayor of Chula Vista 2006-2014 (also a Chula Vista Elementary SD trustee from 2000). Nothing shows she, or any Cheryl Cox, was on the C-VUSD board. The link to her looks l",06b5dac4-73b6-44a3-a279-77b1758a6163
B NO EVIDENCE,clear party; deactivate; keep term (tag as unverified); is_incumbent=false,John Garcia,covina valley unified,CLOSED,2024-11-30,f,Nonpartisan,NO_EVIDENCE,low,,,,2001-2026,False,Very common name; absent from all C-VUSD election rosters found. Would need a source naming a John Garcia as C-VUSD trustee.,5a521a16-f581-47a0-90eb-1a44434e705b
B NO EVIDENCE,clear party; deactivate; keep term (tag as unverified); is_incumbent=false,Sam Payán,covina valley unified,CLOSED,2024-11-30,f,Nonpartisan,NO_EVIDENCE,medium,,,,2001-2026,False,Absent from all C-VUSD election rosters found.,22763240-b5c9-4ad9-912a-a94cb23db695
B NO EVIDENCE,clear party; deactivate; keep term (tag as unverified); is_incumbent=false,Dawn Espe,culver unified,CLOSED,2022-11-30,f,Nonpartisan,NO_EVIDENCE,high,,,,Dec 2005-Nov 2018 continuous (district term listings); RR/CC candidate lists 2018-2026,True,Only Dawn Espe found is in Minnesota (2026 candidate for Crow Wing County Commissioner; not a seat holder). Absent from complete CCUSD roster Dec 2005-Nov 2018 and RR/CC 2018-2026.,628180d5-26f9-4213-b2c7-6c22ceb120ef
B NO EVIDENCE,clear party; deactivate; keep term (tag as unverified); is_incumbent=false,Jamila Thomas,culver unified,CLOSED,2022-11-30,f,Nonpartisan,NO_EVIDENCE,high,,,,Dec 2005-Nov 2018 continuous (district term listings); RR/CC candidate lists 2018-2026,True,Absent from complete CCUSD roster Dec 2005-Nov 2018 and RR/CC 2018-2026.,6fe04ab6-3df4-4472-ac27-4c35a9c2f72f
B NO EVIDENCE,clear party; deactivate; keep term (tag as unverified); is_incumbent=false,Sadie Farber,culver unified,CLOSED,2022-11-30,f,Nonpartisan,NO_EVIDENCE,high,,,,Dec 2005-Nov 2018 continuous (district term listings); RR/CC candidate lists 2018-2026,True,Absent from complete CCUSD roster Dec 2005-Nov 2018 and RR/CC 2018-2026.,c46ce1ed-be39-4986-a070-4d12f37ee979
B NO EVIDENCE,clear party; deactivate; keep term (tag as unverified); is_incumbent=false,Barbara Ige,downey unified,CLOSED,2024-12-15,f,Nonpartisan,NO_EVIDENCE,high,,https://web.archive.org/web/20120827/http://www.dusd.net/board.asp,Corrin Gutierrez LaPlante Morris Samperi Sodetani Swenson (click on the photos above for more information),"2012-2026 (district pages 2012, 2013, 2016, 2019 + RR/CC 2017-2026); also 2002 snapshot",True,"A Barbara K. Ige, PhD works for Woodcraft Rangers (a Los Angeles youth nonprofit) and taught at LA Valley College; nothing ties her to the DUSD board. Seven seats. 2002: Donald LaPlante, Cheryl Andresen, Betty Ferraro, Margo Hoffer, D. Mark Morris, Barbara Samperi, William Gutierrez. 2012-2016: Tod ",3845a8c4-ef17-4cf1-8384-6d2f57f02b29
B NO EVIDENCE,clear party; deactivate; keep term (tag as unverified); is_incumbent=false,Nila Aikin,downey unified,CLOSED,2024-12-15,f,Nonpartisan,NO_EVIDENCE,high,,https://web.archive.org/web/20120827/http://www.dusd.net/board.asp,Corrin Gutierrez LaPlante Morris Samperi Sodetani Swenson (click on the photos above for more information),"2012-2026 (district pages 2012, 2013, 2016, 2019 + RR/CC 2017-2026); also 2002 snapshot",True,"No web presence at all for this exact name. Seven seats. 2002: Donald LaPlante, Cheryl Andresen, Betty Ferraro, Margo Hoffer, D. Mark Morris, Barbara Samperi, William Gutierrez. 2012-2016: Tod Corrin, Gutierrez, LaPlante, Morris, Samperi, Martha Sodetani, Nancy Swenson. 2019: Giggy Perez-Saab replac",16f0ef7c-ba0b-4bc4-83ee-a7f0a223282a
B NO EVIDENCE,clear party; deactivate; keep term (tag as unverified); is_incumbent=false,Saul Hernandez,downey unified,CLOSED,2022-12-12,f,Nonpartisan,NO_EVIDENCE,high,,https://web.archive.org/web/20120827/http://www.dusd.net/board.asp,Corrin Gutierrez LaPlante Morris Samperi Sodetani Swenson (click on the photos above for more information),"2012-2026 (district pages 2012, 2013, 2016, 2019 + RR/CC 2017-2026); also 2002 snapshot",True,"Common name; no source ties it to DUSD. Seven seats. 2002: Donald LaPlante, Cheryl Andresen, Betty Ferraro, Margo Hoffer, D. Mark Morris, Barbara Samperi, William Gutierrez. 2012-2016: Tod Corrin, Gutierrez, LaPlante, Morris, Samperi, Martha Sodetani, Nancy Swenson. 2019: Giggy Perez-Saab replaced G",e3180a6b-2461-442b-a937-2d7b4401a2a3
B NO EVIDENCE,clear party; deactivate; keep term (tag as unverified); is_incumbent=false,Susan Herbers,downey unified,CLOSED,2024-12-15,f,Nonpartisan,NO_EVIDENCE,high,,https://web.archive.org/web/20120827/http://www.dusd.net/board.asp,Corrin Gutierrez LaPlante Morris Samperi Sodetani Swenson (click on the photos above for more information),"2012-2026 (district pages 2012, 2013, 2016, 2019 + RR/CC 2017-2026); also 2002 snapshot",True,"Only people-search listings and an unrelated IT administrator in Wisconsin. Seven seats. 2002: Donald LaPlante, Cheryl Andresen, Betty Ferraro, Margo Hoffer, D. Mark Morris, Barbara Samperi, William Gutierrez. 2012-2016: Tod Corrin, Gutierrez, LaPlante, Morris, Samperi, Martha Sodetani, Nancy Swenso",699196f9-b15d-43e5-acd8-befdd2948793
B NO EVIDENCE,clear party; deactivate; keep term (tag as unverified); is_incumbent=false,Anna Muñiz,duarte unified,CLOSED,2022-11-30,f,Nonpartisan,NO_EVIDENCE,medium,,https://web.archive.org/web/20040409083715/http://www.duarte.k12.ca.us:80/pages/district/board/district_board.html,"Frank Figueroa, President - Kenneth Bell , Vice President - Rose Brooks - Reyna Diaz - Pam Kawasaki","Full seat roster Dec 2003-Dec 2015 (2004 board page and Jan 2008 board bio pages list all 5; winners 2003, 2005 uncontested, 2007, 2011, 2013 seen; 2009 winners Bell/Diaz inferred from 2013 incumbency); candidate lists 2001-2026 (RR/CC 2018-2026)",True,"Absent from every Duarte USD roster and candidate list found. Board 2004-2008: Figueroa, Bell, Brooks(-Mitchell), Diaz, Kawasaki; then Reyes (2011); later members include Escarcega Carroll, Murray, Finlay, Howard, Jasso, Parker Reyes. After 2015 only election lists were checked, so a short appointme",8766ef1c-343a-49d6-aa6c-339a863d704b
B NO EVIDENCE,clear party; deactivate; keep term (tag as unverified); is_incumbent=false,Denise Jaquez,duarte unified,CLOSED,2024-11-30,f,Nonpartisan,NO_EVIDENCE,medium,,https://web.archive.org/web/20040409083715/http://www.duarte.k12.ca.us:80/pages/district/board/district_board.html,"Frank Figueroa, President - Kenneth Bell , Vice President - Rose Brooks - Reyna Diaz - Pam Kawasaki","Full seat roster Dec 2003-Dec 2015 (2004 board page and Jan 2008 board bio pages list all 5; winners 2003, 2005 uncontested, 2007, 2011, 2013 seen; 2009 winners Bell/Diaz inferred from 2013 incumbency); candidate lists 2001-2026 (RR/CC 2018-2026)",True,"Absent from every Duarte USD roster and candidate list found. Board 2004-2008: Figueroa, Bell, Brooks(-Mitchell), Diaz, Kawasaki; then Reyes (2011); later members include Escarcega Carroll, Murray, Finlay, Howard, Jasso, Parker Reyes. After 2015 only election lists were checked, so a short appointme",d672334c-0b65-446f-be5e-0594889a71d2
B NO EVIDENCE,clear party; deactivate; keep term (tag as unverified); is_incumbent=false,Randy Gonzales,duarte unified,CLOSED,2022-11-30,f,Nonpartisan,NO_EVIDENCE,medium,,https://web.archive.org/web/20040409083715/http://www.duarte.k12.ca.us:80/pages/district/board/district_board.html,"Frank Figueroa, President - Kenneth Bell , Vice President - Rose Brooks - Reyna Diaz - Pam Kawasaki","Full seat roster Dec 2003-Dec 2015 (2004 board page and Jan 2008 board bio pages list all 5; winners 2003, 2005 uncontested, 2007, 2011, 2013 seen; 2009 winners Bell/Diaz inferred from 2013 incumbency); candidate lists 2001-2026 (RR/CC 2018-2026)",True,"Absent from every Duarte USD roster and candidate list found. Board 2004-2008: Figueroa, Bell, Brooks(-Mitchell), Diaz, Kawasaki; then Reyes (2011); later members include Escarcega Carroll, Murray, Finlay, Howard, Jasso, Parker Reyes. After 2015 only election lists were checked, so a short appointme",90db015f-be68-40ea-843c-fc6a42af07d7
B NO EVIDENCE,clear party; deactivate; keep term (tag as unverified); is_incumbent=false,Valerie Navarro,duarte unified,CLOSED,2024-11-30,f,Nonpartisan,NO_EVIDENCE,medium,,https://web.archive.org/web/20040409083715/http://www.duarte.k12.ca.us:80/pages/district/board/district_board.html,"Frank Figueroa, President - Kenneth Bell , Vice President - Rose Brooks - Reyna Diaz - Pam Kawasaki","Full seat roster Dec 2003-Dec 2015 (2004 board page and Jan 2008 board bio pages list all 5; winners 2003, 2005 uncontested, 2007, 2011, 2013 seen; 2009 winners Bell/Diaz inferred from 2013 incumbency); candidate lists 2001-2026 (RR/CC 2018-2026)",True,"Absent from every Duarte USD roster and candidate list found. Board 2004-2008: Figueroa, Bell, Brooks(-Mitchell), Diaz, Kawasaki; then Reyes (2011); later members include Escarcega Carroll, Murray, Finlay, Howard, Jasso, Parker Reyes. After 2015 only election lists were checked, so a short appointme",52897998-3e0d-412c-b9d9-fe6360b6dad5
B NO EVIDENCE,clear party; deactivate; keep term (tag as unverified); is_incumbent=false,Diego Cardenas,el rancho unified,CLOSED,2022-11-30,f,Nonpartisan,NO_EVIDENCE,medium,,https://web.archive.org/web/20170808132702/http://www.erusd.org/ourpages/board_meetings/182013/12-12-13%20Minutes.pdf,"Delia Alvidrez, President Rachel Canchola, Clerk Alfred Renteria, Jr., Member Jose Lara, Member Dr. Aurora R. Villon, Member","2000-2015 sampled (district pages 2000, 2003, 2006, 2009; minutes Dec 2010, Dec 2013; highlights Feb 2015) + RR/CC 2018-2026",False,"Common name; no source ties it to ERUSD. ERUSD staff directory hit was a different Cardenas (counselor). Roster found: 2000 Lupe Salas, Frank P. Boyce, Cecilia M. Chavez, Rita Jo Ramirez, Raul P. Salcido; 2006/2009 Salas, Vince Chavez, Dr. Joseph Rivera, Rita Jo Ramirez, Delia Alvidrez; Dec 2010 off",134cc13a-f45a-442c-9946-4cfe893c46b8
B NO EVIDENCE,clear party; deactivate; keep term (tag as unverified); is_incumbent=false,Gloria Negrete-Mendoza,el rancho unified,CLOSED,2024-11-30,f,Nonpartisan,NO_EVIDENCE,medium,,https://web.archive.org/web/20170808132702/http://www.erusd.org/ourpages/board_meetings/182013/12-12-13%20Minutes.pdf,"Delia Alvidrez, President Rachel Canchola, Clerk Alfred Renteria, Jr., Member Jose Lara, Member Dr. Aurora R. Villon, Member","2000-2015 sampled (district pages 2000, 2003, 2006, 2009; minutes Dec 2010, Dec 2013; highlights Feb 2015) + RR/CC 2018-2026",False,"No person with this name found. The name resembles Gloria Negrete McLeod (former Assemblymember, State Senator and U.S. Representative), but that is a different name and she has no ERUSD tie in any source seen. Roster found: 2000 Lupe Salas, Frank P. Boyce, Cecilia M. Chavez, Rita Jo Ramirez, Raul P",84869bde-6410-46f0-bbe2-1315cd5c017b
B NO EVIDENCE,clear party; deactivate; keep term (tag as unverified); is_incumbent=false,Lesley Chavez Magan,el rancho unified,CLOSED,2022-11-30,f,Nonpartisan,NO_EVIDENCE,medium,,https://web.archive.org/web/20170808132702/http://www.erusd.org/ourpages/board_meetings/182013/12-12-13%20Minutes.pdf,"Delia Alvidrez, President Rachel Canchola, Clerk Alfred Renteria, Jr., Member Jose Lara, Member Dr. Aurora R. Villon, Member","2000-2015 sampled (district pages 2000, 2003, 2006, 2009; minutes Dec 2010, Dec 2013; highlights Feb 2015) + RR/CC 2018-2026",False,"No web hits for this name. Roster found: 2000 Lupe Salas, Frank P. Boyce, Cecilia M. Chavez, Rita Jo Ramirez, Raul P. Salcido; 2006/2009 Salas, Vince Chavez, Dr. Joseph Rivera, Rita Jo Ramirez, Delia Alvidrez; Dec 2010 officers Vincent Chavez, Delia Alvidrez, Rachel Canchola; Dec 2013 Alvidrez, Canc",4956d410-f77a-43f8-92c8-e8827e50a17a
B NO EVIDENCE,clear party; deactivate; keep term (tag as unverified); is_incumbent=false,Raquel Otiniano,el rancho unified,CLOSED,2022-11-30,f,Nonpartisan,NO_EVIDENCE,medium,,https://web.archive.org/web/20170808132702/http://www.erusd.org/ourpages/board_meetings/182013/12-12-13%20Minutes.pdf,"Delia Alvidrez, President Rachel Canchola, Clerk Alfred Renteria, Jr., Member Jose Lara, Member Dr. Aurora R. Villon, Member","2000-2015 sampled (district pages 2000, 2003, 2006, 2009; minutes Dec 2010, Dec 2013; highlights Feb 2015) + RR/CC 2018-2026",False,"No web hits at all for this name in connection with Pico Rivera or ERUSD. Roster found: 2000 Lupe Salas, Frank P. Boyce, Cecilia M. Chavez, Rita Jo Ramirez, Raul P. Salcido; 2006/2009 Salas, Vince Chavez, Dr. Joseph Rivera, Rita Jo Ramirez, Delia Alvidrez; Dec 2010 officers Vincent Chavez, Delia Alv",ea4552a4-3112-4089-9902-1630715cba97
B NO EVIDENCE,clear party; deactivate; keep term (tag as unverified); is_incumbent=false,Tony Fuerte,el rancho unified,CLOSED,2024-11-30,f,Nonpartisan,NO_EVIDENCE,medium,,https://web.archive.org/web/20170808132702/http://www.erusd.org/ourpages/board_meetings/182013/12-12-13%20Minutes.pdf,"Delia Alvidrez, President Rachel Canchola, Clerk Alfred Renteria, Jr., Member Jose Lara, Member Dr. Aurora R. Villon, Member","2000-2015 sampled (district pages 2000, 2003, 2006, 2009; minutes Dec 2010, Dec 2013; highlights Feb 2015) + RR/CC 2018-2026",False,"Only hit for this name is a custodian at a Catholic school in Oregon; no ERUSD tie. Roster found: 2000 Lupe Salas, Frank P. Boyce, Cecilia M. Chavez, Rita Jo Ramirez, Raul P. Salcido; 2006/2009 Salas, Vince Chavez, Dr. Joseph Rivera, Rita Jo Ramirez, Delia Alvidrez; Dec 2010 officers Vincent Chavez,",cbe120bb-0a1a-43ff-ad68-87406b499964
B NO EVIDENCE,clear party; deactivate; keep term (tag as unverified); is_incumbent=false,Al Winkler,el segundo unified,CLOSED,2022-11-30,f,Nonpartisan,NO_EVIDENCE,medium,,,,1991-2026,False,"No person with this name in any El Segundo roster or election found (1991-2026). Roster sources: elsegundousd.com board page on Wayback (2001, 2003, 2005, 2008); Smart Voter 2005/2007/2011/2013; RR/CC SVC 2007/2011/2013/2015; RR/CC candidate lists 2018-2026. Gaps: 2009 (no contest held), 2016-2018 a",81154d3e-fe2c-4864-a341-5c8c8538e4b6
B NO EVIDENCE,clear party; deactivate; keep term (tag as unverified); is_incumbent=false,Amanda Grossman,el segundo unified,CLOSED,2022-11-30,f,Nonpartisan,NO_EVIDENCE,medium,,,,1991-2026,False,"No person with this name in any El Segundo roster or election found (1991-2026). Roster sources: elsegundousd.com board page on Wayback (2001, 2003, 2005, 2008); Smart Voter 2005/2007/2011/2013; RR/CC SVC 2007/2011/2013/2015; RR/CC candidate lists 2018-2026. Gaps: 2009 (no contest held), 2016-2018 a",1bef4877-5dec-4460-ad79-a7ecb186c1b8
B NO EVIDENCE,clear party; deactivate; keep term (tag as unverified); is_incumbent=false,Christian Thomas,el segundo unified,CLOSED,2022-11-30,f,Nonpartisan,NO_EVIDENCE,medium,,,,1991-2026,False,"No person with this name in any El Segundo roster or election found (1991-2026). The shared WebSearch budget for the session ran out during this packet, so fewer than 2 web searches were possible for this name; the roster check was done in full. Roster sources: elsegundousd.com board page on Wayback",c7a69d69-20b9-4d54-ab4a-33198c9f7c78
B NO EVIDENCE,clear party; deactivate; keep term (tag as unverified); is_incumbent=false,Dave Horner,el segundo unified,CLOSED,2024-11-30,f,Nonpartisan,NO_EVIDENCE,medium,,,,1991-2026,False,"No person with this name in any El Segundo roster or election found (1991-2026). Roster sources: elsegundousd.com board page on Wayback (2001, 2003, 2005, 2008); Smart Voter 2005/2007/2011/2013; RR/CC SVC 2007/2011/2013/2015; RR/CC candidate lists 2018-2026. Gaps: 2009 (no contest held), 2016-2018 a",d0f59905-f5e3-4e38-a3df-2dc6fb51a4a4
B NO EVIDENCE,clear party; deactivate; keep term (tag as unverified); is_incumbent=false,Bob Gard,glendora unified,CLOSED,2022-12-11,f,Nonpartisan,NO_EVIDENCE,medium,,,,1999-2026,False,"No person with this name in any Glendora roster or election found (1999-2026). The shared WebSearch budget for the session ran out during this packet, so fewer than 2 web searches were possible for this name; the roster check was done in full. Roster sources: glendora.k12.ca.us board page on Wayback",0136184a-71a4-48cf-b3f0-52beb7da6038
B NO EVIDENCE,clear party; deactivate; keep term (tag as unverified); is_incumbent=false,Dawn Sherrill,glendora unified,CLOSED,2022-12-11,f,Nonpartisan,NO_EVIDENCE,medium,,,,1999-2026,False,"No person with this name in any Glendora roster or election found (1999-2026). A Christine M. Sherrill served on the El Segundo USD board (1991-c.2005); different person and district. The shared WebSearch budget for the session ran out during this packet, so fewer than 2 web searches were possible f",215f92ac-46d3-4b48-9567-62ecbc9ed45c
B NO EVIDENCE,clear party; deactivate; keep term (tag as unverified); is_incumbent=false,Randy Battenfield,glendora unified,CLOSED,2022-12-11,f,Nonpartisan,NO_EVIDENCE,medium,,,,1999-2026,False,"No person with this name in any Glendora roster or election found (1999-2026). The shared WebSearch budget for the session ran out during this packet, so fewer than 2 web searches were possible for this name; the roster check was done in full. Roster sources: glendora.k12.ca.us board page on Wayback",12223b4f-15c1-4852-9e2a-d1d04ff7c165
B NO EVIDENCE,clear party; deactivate; keep term (tag as unverified); is_incumbent=false,Stephanie Harding,glendora unified,CLOSED,2024-12-08,f,Nonpartisan,NO_EVIDENCE,medium,,,,1999-2026,False,"No person with this name in any Glendora roster or election found (1999-2026). Glendora's board did include Peggy B. Harding (first elected 1983, term to Dec 1999, per the 1999 board page); different first name, and nothing ties a Stephanie Harding to the board. The shared WebSearch budget for the s",4e21995f-5d6b-44ca-aac6-bef3a65dcfc9
B NO EVIDENCE,clear party; deactivate; keep term (tag as unverified); is_incumbent=false,Dorothy Chi,hacienda la puente unified,CLOSED,2024-12-16,f,Nonpartisan,NO_EVIDENCE,medium,,,,"1997, 2002, 2011-2026 (gap 2003-2010)",False,"No hit. Absent from all rosters found. Our end date 2024-12-16 falls in the RR/CC-covered era (no filing). Possible confusion with Gina Chi (San Gabriel USD, 2022-) is speculation only.",c5942060-6b40-46f0-8518-9d6aa0e55307
B NO EVIDENCE,clear party; deactivate; keep term (tag as unverified); is_incumbent=false,Eduardo Arreola,hacienda la puente unified,CLOSED,2022-12-12,f,Nonpartisan,NO_EVIDENCE,medium,,,,"1997, 2002, 2011-2026 (gap 2003-2010)",False,No hit. Absent from all rosters found.,b59c2b42-0cc7-4120-91bd-ea078bb4f248
B NO EVIDENCE,clear party; deactivate; keep term (tag as unverified); is_incumbent=false,Gloria Mercado-Vega,hacienda la puente unified,CLOSED,2022-12-12,f,Nonpartisan,NO_EVIDENCE,medium,,,,"1997, 2002, 2011-2026 (gap 2003-2010)",False,"No hit for this exact name. Search returned only a differently named person (Gloria Mercado-Fortine, William S. Hart UHSD, Santa Clarita), not tied to HLPUSD; not treated as the same person. Note: 2011 HLPUSD candidate 'Gloria Alderete' (lost) and 2020 candidate 'Gloria Dora Alderete' share only the",3497ebda-ffab-4987-bf69-d59bcbd3eb82
B NO EVIDENCE,clear party; deactivate; keep term (tag as unverified); is_incumbent=false,Jorge Blanco,hacienda la puente unified,NO_TERM,,t,Nonpartisan,NO_EVIDENCE,medium,,,,"1997, 2002, 2011-2026 (gap 2003-2010)",False,No hit (results were a musician and Spanish place names). Absent from all rosters found. Row has no term.,6acf611b-8790-4e1f-bb08-05164ae18981
B NO EVIDENCE,clear party; deactivate; keep term (tag as unverified); is_incumbent=false,Kathleen Reynen,hacienda la puente unified,CLOSED,2022-12-12,f,Nonpartisan,NO_EVIDENCE,medium,,,,"1997, 2002, 2011-2026 (gap 2003-2010)",False,"No web hit for this name anywhere. Absent from 1997, 2002, 2011-2026 rosters. Our end date 2022-12-12 falls in the RR/CC-covered era, where she never ran.",4e7828d8-5046-483a-9d71-58cc2d5c0f4c
B NO EVIDENCE,clear party; deactivate; keep term (tag as unverified); is_incumbent=false,Samuel Lee,hacienda la puente unified,CLOSED,2024-12-16,f,Nonpartisan,NO_EVIDENCE,medium,,,,"1997, 2002, 2011-2026 (gap 2003-2010)",False,Common name; no source ties a Samuel Lee to the HLPUSD board. Absent from all rosters found. Our end date 2024-12-16 falls in the RR/CC-covered era (no filing).,97aabe4f-794c-4617-8518-cfefe2cd91b7
B NO EVIDENCE,clear party; deactivate; keep term (tag as unverified); is_incumbent=false,Damien Straughn,inglewood unified,CLOSED,2022-11-30,f,Nonpartisan,NO_EVIDENCE,medium,,,,"2006 (district members.htm snapshot, all 5 seats); 2013-2026 partial (Ballotpedia 2017/2024/2026 + member list; RR/CC 2020)",False,"No web presence for this exact name. Results were only unrelated (Inglewood Ward in Perth, Australia; Straughn High School in Alabama).",002969f3-e8cf-4c1e-8ee9-bc855b0f39ac
B NO EVIDENCE,clear party; deactivate; keep term (tag as unverified); is_incumbent=false,Guillermo Vega Jr.,inglewood unified,CLOSED,2024-11-30,f,Nonpartisan,NO_EVIDENCE,medium,,,,"2006 (district members.htm snapshot, all 5 seats); 2013-2026 partial (Ballotpedia 2017/2024/2026 + member list; RR/CC 2020)",False,No source ties this name to IUSD.,0e648516-55fc-4773-ba51-65da7d3c9fda
B NO EVIDENCE,clear party; deactivate; keep term (tag as unverified); is_incumbent=false,Maria Escobedo,inglewood unified,CLOSED,2024-11-30,f,Nonpartisan,NO_EVIDENCE,medium,,,,"2006 (district members.htm snapshot, all 5 seats); 2013-2026 partial (Ballotpedia 2017/2024/2026 + member list; RR/CC 2020)",False,No source ties this name to IUSD.,1d9d72c9-4a06-41eb-8196-a09f879dce80
B NO EVIDENCE,clear party; deactivate; keep term (tag as unverified); is_incumbent=false,Yvonne Gallegos,inglewood unified,CLOSED,2022-11-30,f,Nonpartisan,NO_EVIDENCE,medium,,,,"2006 (district members.htm snapshot, all 5 seats); 2013-2026 partial (Ballotpedia 2017/2024/2026 + member list; RR/CC 2020)",False,"Only unrelated people with this name (a Long Beach hospital employee, a Florida realtor). No IUSD link.",7ea7b7b1-fa32-4652-82a4-4d6f67ad1127
B NO EVIDENCE,clear party; deactivate; keep term (tag as unverified); is_incumbent=false,Brian Riddick,la canada unified,CLOSED,2024-11-30,f,Nonpartisan,NO_EVIDENCE,medium,,,,2000-2026,False,"Absent from LCUSD board pages 2000-2009, elections 2001-2013 and 2017-2026.",9f240574-48a1-44f7-9728-712ade528e84
B NO EVIDENCE,clear party; deactivate; keep term (tag as unverified); is_incumbent=false,Darleen Ramos,la canada unified,CLOSED,2022-11-30,f,Nonpartisan,NO_EVIDENCE,medium,,,,2000-2026,False,Absent from all LCUSD rosters.,0720ce76-332a-4817-b887-2e7599934f64
B NO EVIDENCE,clear party; deactivate; keep term (tag as unverified); is_incumbent=false,Diana Carey,la canada unified,CLOSED,2022-11-30,f,Nonpartisan,WRONG_SEAT,low,,https://ocvote.gov/fileadmin/user_upload/elections/GEN2022/cs/3242-5.pdf,"DIANA LEE CAREY Governing Board Member, Huntington Beach Union High School District",2000-2026,False,"[agent said WRONG_SEAT, name-only/weak -> no-evidence] Identity link is name-only: a real school trustee named Diana Carey sits on Huntington Beach Union HSD (Orange County, ~45 miles away). Nothing places any Diana Carey on the LCUSD board in any roster. If the pipeline pulled real trustee names from other districts, this is that pattern; if not, treat",ea6acf1c-3ada-4062-b324-0278459c99be
B NO EVIDENCE,clear party; deactivate; keep term (tag as unverified); is_incumbent=false,Jon Haraguchi,la canada unified,CLOSED,2024-11-30,f,Nonpartisan,NO_EVIDENCE,medium,,,,2000-2026,False,Absent from all LCUSD rosters.,5112b67b-566e-4099-9c8a-2f1fbc623055
B NO EVIDENCE,clear party; deactivate; keep term (tag as unverified); is_incumbent=false,Kristin Shane,la canada unified,CLOSED,2022-11-30,f,Nonpartisan,NO_EVIDENCE,medium,,,,2000-2026,False,Absent from all LCUSD rosters.,64f2bab6-2325-41da-8202-b8dd756aa9d3
B NO EVIDENCE,clear party; deactivate; keep term (tag as unverified); is_incumbent=false,Barry Zorthian,las virgenes unified,CLOSED,2022-11-30,f,Nonpartisan,NO_EVIDENCE,medium,,,,"1996, 2001, 2009-2026 (gap 2002-2008)",False,"Only famous namesake is Barry Zorthian (1920-2010), US diplomat and Vietnam War press officer, with no LVUSD link. Absent from 1996, 2001 and 2009-2026 rosters. Our end date 2022-11-30 falls in the RR/CC-covered era (no filing).",8f5fded3-98c2-4703-8c83-4ccbf8a6cc7d
B NO EVIDENCE,clear party; deactivate; keep term (tag as unverified); is_incumbent=false,Christine Wood,las virgenes unified,CLOSED,2022-11-30,f,Nonpartisan,NO_EVIDENCE,medium,,,,"1996, 2001, 2009-2026 (gap 2002-2008)",False,"Common name; no source ties it to LVUSD. Web results were unrelated (San Diego pediatrician, an attorney). Absent from all rosters found.",62674342-08a9-48ba-bd31-6fb3fe3f8fde
B NO EVIDENCE,clear party; deactivate; keep term (tag as unverified); is_incumbent=false,Shira Katz,las virgenes unified,CLOSED,2022-11-30,f,Nonpartisan,NO_EVIDENCE,medium,,,,"1996, 2001, 2009-2026 (gap 2002-2008)",False,No hit. Absent from all rosters found.,49ff1385-476d-4bb3-9912-80202b106cbc
B NO EVIDENCE,clear party; deactivate; keep term (tag as unverified); is_incumbent=false,Lyn Behrens,long beach unified,CLOSED,2024-11-30,f,Nonpartisan,NO_EVIDENCE,medium,,,,"1997 (partial), 2004 (all 5 seats), 2016-2017 (all 5 district seats), 2018-2026 RR/CC candidates",False,"No link to LBUSD. The only well-known person with this name is B. Lyn Behrens, a former president of Loma Linda University. This is my own recollection, not a source I fetched, and nothing ties her to Long Beach.",09772a05-d16b-45c4-98c6-8a340dc80734
B NO EVIDENCE,clear party; deactivate; keep term (tag as unverified); is_incumbent=false,Alma Carina Larrazolo,lynwood unified,CLOSED,2022-11-30,f,Nonpartisan,NO_EVIDENCE,medium,,,,"1999, 2002, 2005, 2010 district snapshots (all 5 seats); Dec 2015-2026 every seat accounted for by election winners (Ballotpedia 2013/2015 results + RR/CC incumbent flags 2018-2026)",True,"The real trustee Alma Carina Castro (elected 2020, incumbent 2024) has the same first and middle names. This row may be a garbled copy of her, but I found no source that uses the surname Larrazolo for her. Absent from every roster.",8c0fdb31-0020-4d1f-a60b-230e1146eef5
B NO EVIDENCE,clear party; deactivate; keep term (tag as unverified); is_incumbent=false,George Gamboa,lynwood unified,CLOSED,2022-11-30,f,Nonpartisan,NO_EVIDENCE,medium,,,,"1999, 2002, 2005, 2010 district snapshots (all 5 seats); Dec 2015-2026 every seat accounted for by election winners (Ballotpedia 2013/2015 results + RR/CC incumbent flags 2018-2026)",True,"Absent from every roster. From Dec 2015 through 2026, every seat is held by a known winner or incumbent, so there is no room for him in the implied 2018-2022 term.",a4e55f6b-f062-4a7d-b86a-e5998d696a46
B NO EVIDENCE,clear party; deactivate; keep term (tag as unverified); is_incumbent=false,Jose Ro,lynwood unified,CLOSED,2024-11-30,f,Nonpartisan,NO_EVIDENCE,low,,,,"1999, 2002, 2005, 2010 district snapshots (all 5 seats); Dec 2015-2026 every seat accounted for by election winners (Ballotpedia 2013/2015 results + RR/CC incumbent flags 2018-2026)",True,"The name looks truncated. It could be a cut-off form of a real name, such as José Luis Solache (board president 2005-2010) or the 2026 candidate José Luis Piña, but that is a guess. Nothing matches 'Jose Ro' exactly.",d6b805e8-d1ac-4a22-9cdc-53d2779668ca
B NO EVIDENCE,clear party; deactivate; keep term (tag as unverified); is_incumbent=false,Raul Saldana,lynwood unified,CLOSED,2024-11-30,f,Nonpartisan,NO_EVIDENCE,medium,,,,"1999, 2002, 2005, 2010 district snapshots (all 5 seats); Dec 2015-2026 every seat accounted for by election winners (Ballotpedia 2013/2015 results + RR/CC incumbent flags 2018-2026)",True,Absent from every roster. Dec 2015-2026 is fully accounted for.,23b32605-c2be-473e-9dd6-4fc2974b80b6
B NO EVIDENCE,clear party; deactivate; keep term (tag as unverified); is_incumbent=false,Holly Bhagavan,manhattan beach unified,CLOSED,2022-11-30,f,Nonpartisan,NO_EVIDENCE,medium,,,,2001-2026,False,Rare name; absent from all MBUSD rosters found.,67b3bb06-3c13-49dc-93d0-1aa7f5b04672
B NO EVIDENCE,clear party; deactivate; keep term (tag as unverified); is_incumbent=false,Jason Turner,manhattan beach unified,CLOSED,2024-11-30,f,Nonpartisan,NO_EVIDENCE,low,,,,2001-2026,False,Common name; absent from all MBUSD rosters found.,29558ef3-818a-4e33-968c-5abe35f93e1f
B NO EVIDENCE,clear party; deactivate; keep term (tag as unverified); is_incumbent=false,Joanna Robinson,manhattan beach unified,CLOSED,2022-11-30,f,Nonpartisan,NO_EVIDENCE,low,,,,2001-2026,False,Absent from all MBUSD rosters found (only 'Robinson' hit is Robinson Elementary School).,102e826e-87df-4731-8ee7-ae7c7f0f07dd
B NO EVIDENCE,clear party; deactivate; keep term (tag as unverified); is_incumbent=false,Alex Lujan,monrovia unified,CLOSED,2022-12-13,f,Nonpartisan,NO_EVIDENCE,high,,https://monroviaschools.granicus.com/AgendaViewer.php?view_id=1&event_id=283,"Daniel Gomez Tagle, Board Member",2017-10 to 2026-09 continuous (quarterly agenda roll calls + live page); 2003-12 to 2013-12 via elections; gap 2014-2017 for one seat (Zucco -> Rich),False,"Recorded end 2022-12-13 falls inside the continuous Oct 2017-Sep 2026 roster, and the name is absent. A Granicus agenda names a teacher Higinio Lujan (Canyon Oaks HS), a different person. Also absent from all 2001-2013 election results. One seat changed hands between Dec 2013 and Oct 2017 (Zucco -> ",9e396ede-1420-4b3e-aab2-d1799e284e18
B NO EVIDENCE,clear party; deactivate; keep term (tag as unverified); is_incumbent=false,Jessica Castro,monrovia unified,CLOSED,2022-12-13,f,Nonpartisan,NO_EVIDENCE,high,,https://monroviaschools.granicus.com/AgendaViewer.php?view_id=1&event_id=283,"Daniel Gomez Tagle, Board Member",2017-10 to 2026-09 continuous (quarterly agenda roll calls + live page); 2003-12 to 2013-12 via elections; gap 2014-2017 for one seat (Zucco -> Rich),False,"Recorded end 2022-12-13 falls inside the continuous Oct 2017-Sep 2026 roster, and the name is absent. Also absent from all 2001-2013 election results. One seat changed hands between Dec 2013 and Oct 2017 (Zucco -> Rich) without a roster in between, and pre-2003 is only partly covered. Monrovia trust",2e1658de-04ce-4d50-bb86-6a74f62d2aa6
B NO EVIDENCE,clear party; deactivate; keep term (tag as unverified); is_incumbent=false,Mary Ann Blount,monrovia unified,CLOSED,2024-12-17,f,Nonpartisan,NO_EVIDENCE,high,,https://monroviaschools.granicus.com/AgendaViewer.php?view_id=1&event_id=283,"Daniel Gomez Tagle, Board Member",2017-10 to 2026-09 continuous (quarterly agenda roll calls + live page); 2003-12 to 2013-12 via elections; gap 2014-2017 for one seat (Zucco -> Rich),False,"Recorded end 2024-12-17 falls inside the continuous Oct 2017-Sep 2026 roster, and the name is absent. Also absent from all 2001-2013 election results. One seat changed hands between Dec 2013 and Oct 2017 (Zucco -> Rich) without a roster in between, and pre-2003 is only partly covered. Monrovia trust",341f687f-4a41-414c-8da8-7675922e9283
B NO EVIDENCE,clear party; deactivate; keep term (tag as unverified); is_incumbent=false,Stephanie Juarez,monrovia unified,CLOSED,2024-12-17,f,Nonpartisan,NO_EVIDENCE,high,,https://monroviaschools.granicus.com/AgendaViewer.php?view_id=1&event_id=283,"Daniel Gomez Tagle, Board Member",2017-10 to 2026-09 continuous (quarterly agenda roll calls + live page); 2003-12 to 2013-12 via elections; gap 2014-2017 for one seat (Zucco -> Rich),False,"Recorded end 2024-12-17 falls inside the continuous Oct 2017-Sep 2026 roster, and the name is absent. Also absent from all 2001-2013 election results. One seat changed hands between Dec 2013 and Oct 2017 (Zucco -> Rich) without a roster in between, and pre-2003 is only partly covered. Monrovia trust",f931ec44-44cb-443a-9995-f3e0867be886
B NO EVIDENCE,clear party; deactivate; keep term (tag as unverified); is_incumbent=false,Anthony Medina,montebello unified,CLOSED,2024-12-12,f,Nonpartisan,NO_EVIDENCE,low,,,,"1997, 2002, 2004 (district board page snapshots, all 5 seats); 2013-2026 via election winners (Ballotpedia 2013/2015, WDN 2018/2020 articles, RR/CC 2018-2026)",False,"LEAD, NOT PROOF: a search-engine snippet pointed to a VOTE411 voter-guide entry (onyourballot.vote411.org race id 69228351) for an Anthony Medina running for the MUSD board: an East LA native and LAUSD social studies teacher. The page returns 404 now, so I could not read or quote it. He is not in an",75c60e41-1ef0-426b-9899-67b8796ea4b8
B NO EVIDENCE,clear party; deactivate; keep term (tag as unverified); is_incumbent=false,Christina Lara,montebello unified,CLOSED,2022-12-13,f,Nonpartisan,NO_EVIDENCE,medium,,,,"1997, 2002, 2004 (district board page snapshots, all 5 seats); 2013-2026 via election winners (Ballotpedia 2013/2015, WDN 2018/2020 articles, RR/CC 2018-2026)",False,"Only unrelated LinkedIn profiles found. Recorded end date 2022-12 implies a 2018-2022 term; 2018 winners came from the RR/CC list, which does not include her.",f8dddc8f-f5aa-4e6e-be08-7f686436b3db
B NO EVIDENCE,clear party; deactivate; keep term (tag as unverified); is_incumbent=false,Lorraine Abundis,montebello unified,CLOSED,2022-12-13,f,Nonpartisan,NO_EVIDENCE,medium,,,,"1997, 2002, 2004 (district board page snapshots, all 5 seats); 2013-2026 via election winners (Ballotpedia 2013/2015, WDN 2018/2020 articles, RR/CC 2018-2026)",False,No web presence for this exact name at all. Search surfaced only a different MUSD employee (Lorraine Verduzco) and an unrelated wedding registry.,051b8e30-2ddf-4e74-95ac-f02ca3abbeea
B NO EVIDENCE,clear party; deactivate; keep term (tag as unverified); is_incumbent=false,Paul Shelton,montebello unified,CLOSED,2024-12-12,f,Nonpartisan,NO_EVIDENCE,medium,,,,"1997, 2002, 2004 (district board page snapshots, all 5 seats); 2013-2026 via election winners (Ballotpedia 2013/2015, WDN 2018/2020 articles, RR/CC 2018-2026)",False,Absent from all roster snapshots and from every election winner list 2013-2026. Only other hits were unrelated people named Shelton.,6ded6ac5-dcf5-4e96-aba6-8fc32c827a36
B NO EVIDENCE,clear party; deactivate; keep term (tag as unverified); is_incumbent=false,Vanessa Ramirez,montebello unified,NO_TERM,,t,Nonpartisan,NO_EVIDENCE,medium,,,,"1997, 2002, 2004 (district board page snapshots, all 5 seats); 2013-2026 via election winners (Ballotpedia 2013/2015, WDN 2018/2020 articles, RR/CC 2018-2026)",False,Common name; nothing ties the full name to the MUSD board. No term row in our data.,c5d72741-5ca0-4aad-ae06-486b1186d070
B NO EVIDENCE,clear party; deactivate; keep term (tag as unverified); is_incumbent=false,Vicky Martinez,montebello unified,CLOSED,2022-12-13,f,Nonpartisan,NO_EVIDENCE,medium,,,,"1997, 2002, 2004 (district board page snapshots, all 5 seats); 2013-2026 via election winners (Ballotpedia 2013/2015, WDN 2018/2020 articles, RR/CC 2018-2026)",False,Common name; no source ties the full name to this board.,60fb595d-32dd-46b2-a090-b8c5b48d208b
B NO EVIDENCE,clear party; deactivate; keep term (tag as unverified); is_incumbent=false,David Gallardo,norwalk la mirada unified,CLOSED,2024-12-15,f,Nonpartisan,NO_EVIDENCE,high,,https://go.boarddocs.com/ca/nlmusd/Board.nsf/goto?open&id=DW2KWN53E1F1,"Yes: Norma Amezcua, Jose Rios, Robert Cancio, Narcis Brasov, Becky Langenwalter, Espie Free, Mark Copland","2005-12 to 2026-08 (elections 2001-2013, board page Sep 2009, BoardDocs roll-call votes every 2 months Oct 2013-Aug 2026, RR/CC 2018-2026)",True,"All 7 NLM seats are accounted for from Dec 2005 to Aug 2026 (bimonthly roll-call votes from Oct 2013), and this name appears in none of them; recorded end 2024-12-15 falls inside that span. Common name; NLM agendas mention staff member Elizabeth Gallardo and Sophia Woo-Gallardo, not a David Gallardo",6684b629-12c1-46ac-80ea-6d9e7bf51c6c
B NO EVIDENCE,clear party; deactivate; keep term (tag as unverified); is_incumbent=false,Doug Goist,norwalk la mirada unified,CLOSED,2024-12-15,f,Nonpartisan,NO_EVIDENCE,high,,https://go.boarddocs.com/ca/nlmusd/Board.nsf/goto?open&id=DW2KWN53E1F1,"Yes: Norma Amezcua, Jose Rios, Robert Cancio, Narcis Brasov, Becky Langenwalter, Espie Free, Mark Copland","2005-12 to 2026-08 (elections 2001-2013, board page Sep 2009, BoardDocs roll-call votes every 2 months Oct 2013-Aug 2026, RR/CC 2018-2026)",True,"All 7 NLM seats are accounted for from Dec 2005 to Aug 2026 (bimonthly roll-call votes from Oct 2013), and this name appears in none of them; recorded end 2024-12-15 falls inside that span. Service before Dec 2005 is only partly covered (elections 2001, 2003, 2005). NLM trustees found: Garcia, Adams",52380601-bf5d-4f66-b982-dc79f6a98132
B NO EVIDENCE,clear party; deactivate; keep term (tag as unverified); is_incumbent=false,Patricia Mitchell,norwalk la mirada unified,CLOSED,2022-12-11,f,Nonpartisan,NO_EVIDENCE,high,,https://go.boarddocs.com/ca/nlmusd/Board.nsf/goto?open&id=DW2KWN53E1F1,"Yes: Norma Amezcua, Jose Rios, Robert Cancio, Narcis Brasov, Becky Langenwalter, Espie Free, Mark Copland","2005-12 to 2026-08 (elections 2001-2013, board page Sep 2009, BoardDocs roll-call votes every 2 months Oct 2013-Aug 2026, RR/CC 2018-2026)",True,"All 7 NLM seats are accounted for from Dec 2005 to Aug 2026 (bimonthly roll-call votes from Oct 2013), and this name appears in none of them; recorded end 2022-12-11 falls inside that span. Service before Dec 2005 is only partly covered (elections 2001, 2003, 2005). NLM trustees found: Garcia, Adams",e28513df-231a-420c-9b8c-1ad3b4646d73
B NO EVIDENCE,clear party; deactivate; keep term (tag as unverified); is_incumbent=false,Rosy Simas,norwalk la mirada unified,CLOSED,2022-12-11,f,Nonpartisan,NO_EVIDENCE,high,,https://go.boarddocs.com/ca/nlmusd/Board.nsf/goto?open&id=DW2KWN53E1F1,"Yes: Norma Amezcua, Jose Rios, Robert Cancio, Narcis Brasov, Becky Langenwalter, Espie Free, Mark Copland","2005-12 to 2026-08 (elections 2001-2013, board page Sep 2009, BoardDocs roll-call votes every 2 months Oct 2013-Aug 2026, RR/CC 2018-2026)",True,"All 7 NLM seats are accounted for from Dec 2005 to Aug 2026 (bimonthly roll-call votes from Oct 2013), and this name appears in none of them; recorded end 2022-12-11 falls inside that span. Service before Dec 2005 is only partly covered (elections 2001, 2003, 2005). NLM trustees found: Garcia, Adams",af24991f-7ac0-4264-a7db-7d15963ed06e
B NO EVIDENCE,clear party; deactivate; keep term (tag as unverified); is_incumbent=false,Terri Apodaca,norwalk la mirada unified,CLOSED,2022-12-11,f,Nonpartisan,NO_EVIDENCE,high,,https://go.boarddocs.com/ca/nlmusd/Board.nsf/goto?open&id=DW2KWN53E1F1,"Yes: Norma Amezcua, Jose Rios, Robert Cancio, Narcis Brasov, Becky Langenwalter, Espie Free, Mark Copland","2005-12 to 2026-08 (elections 2001-2013, board page Sep 2009, BoardDocs roll-call votes every 2 months Oct 2013-Aug 2026, RR/CC 2018-2026)",True,"All 7 NLM seats are accounted for from Dec 2005 to Aug 2026 (bimonthly roll-call votes from Oct 2013), and this name appears in none of them; recorded end 2022-12-11 falls inside that span. NLM agendas mention a Mr. Robert Apodaca (program director) and a Stacy Apodaca (parent); neither is Terri Apo",f5bc9f89-8f84-4a76-bc7c-a7c05e01813e
B NO EVIDENCE,clear party; deactivate; keep term (tag as unverified); is_incumbent=false,Cindy Byelich,palos verdes peninsula unified,CLOSED,2024-11-30,f,Nonpartisan,NO_EVIDENCE,high,,,,2005-2016 continuous and 2022-2026 continuous (2001-05 partial; 2016-2022 via RR/CC only),True,"Absent from PVPUSD rosters 2001-2016 and the complete 2022-2026 board (incl. 2025 Hamill vacancy filled by Linda Reid), and from RR/CC 2018-2026. Name has no web footprint at all.",7cbf6f43-43d0-4a61-84ed-277eb3a8cf05
B NO EVIDENCE,clear party; deactivate; keep term (tag as unverified); is_incumbent=false,David Maron,palos verdes peninsula unified,CLOSED,2025-09-24,f,Nonpartisan,NO_EVIDENCE,high,,,,2005-2016 continuous and 2022-2026 continuous (2001-05 partial; 2016-2022 via RR/CC only),True,"Absent from PVPUSD rosters 2001-2016 and the complete 2022-2026 board (incl. 2025 Hamill vacancy filled by Linda Reid), and from RR/CC 2018-2026. Recorded end 2025-09-24 falls in the 2022-2026 span, which is fully accounted for (the only 2025 change was Hamill -> Reid).",649e6bdf-eaed-40aa-b383-3af5725209f3
B NO EVIDENCE,clear party; deactivate; keep term (tag as unverified); is_incumbent=false,Sandra Dorit,palos verdes peninsula unified,CLOSED,2022-11-30,f,Nonpartisan,NO_EVIDENCE,high,,,,2005-2016 continuous and 2022-2026 continuous (2001-05 partial; 2016-2022 via RR/CC only),True,"Absent from PVPUSD rosters 2001-2016 and the complete 2022-2026 board (incl. 2025 Hamill vacancy filled by Linda Reid), and from RR/CC 2018-2026.",c95c888a-8857-421b-af4f-63ddcbace789
B NO EVIDENCE,clear party; deactivate; keep term (tag as unverified); is_incumbent=false,Stacy Hollingsworth,palos verdes peninsula unified,CLOSED,2022-11-30,f,Nonpartisan,NO_EVIDENCE,high,,,,2005-2016 continuous and 2022-2026 continuous (2001-05 partial; 2016-2022 via RR/CC only),True,"Absent from PVPUSD rosters 2001-2016 and the complete 2022-2026 board (incl. 2025 Hamill vacancy filled by Linda Reid), and from RR/CC 2018-2026.",9163f6fc-8e93-4065-a49b-a009ff443477
B NO EVIDENCE,clear party; deactivate; keep term (tag as unverified); is_incumbent=false,Susan Craig,palos verdes peninsula unified,CLOSED,2024-11-30,f,Nonpartisan,NO_EVIDENCE,medium,,,,2005-2016 continuous and 2022-2026 continuous (2001-05 partial; 2016-2022 via RR/CC only),True,"Absent from PVPUSD rosters 2001-2016 and the complete 2022-2026 board (incl. 2025 Hamill vacancy filled by Linda Reid), and from RR/CC 2018-2026. The only 'Craig' on PV pages is Craig Huey (endorser, 2015).",96ee62ec-4a0d-4d02-8d2d-43b84f16a9de
B NO EVIDENCE,clear party; deactivate; keep term (tag as unverified); is_incumbent=false,Dennis Trujillo,paramount unified,CLOSED,2022-12-13,f,Nonpartisan,WRONG_SEAT,medium,,https://www.tpaa.org/board-of-directors/,serving six years as a Board Trustee for the Palmdale School District,"2001-2026 elections (2001, 2003 results; 2005, 2009 lists; 2011 uncontested; no contested race 2007/2013/2015; RR/CC 2018-2026). Full seat roster Dec 2011-Dec 2018.",True,"[agent said WRONG_SEAT, name-only/weak -> no-evidence] Same name as the Palmdale SD trustee in the hint (appointed 2014, re-elected 2015, 6 years; now on the Palmdale Aerospace Academy board). Identity with our row is not proven, but no Paramount link found and the name is absent from all Paramount candidate lists 2001-2026. All five seats were held by ",326107a2-c531-4f59-8879-9ea19f7d0d64
B NO EVIDENCE,clear party; deactivate; keep term (tag as unverified); is_incumbent=false,Maria Avalos,paramount unified,CLOSED,2022-12-13,f,Nonpartisan,NO_EVIDENCE,medium,,https://resources.finalsite.net/images/v1754057582/paramountk12caus/bx89jahwckewouxlqrsr/December122016SupportingDocuments.pdf,"5 – Trustees Anderson, Cuellar, Garcia, Hansen, Peña","2001-2026 elections (2001, 2003 results; 2005, 2009 lists; 2011 uncontested; no contested race 2007/2013/2015; RR/CC 2018-2026). Full seat roster Dec 2011-Dec 2018.",True,"Common name. A Maria Avalos ran for Downey USD Trustee Area 4 in Nov 2015 (confirmed on the 2015 Smart Voter page) and lost; that is a candidacy, not a held seat, and no Paramount link was found. All five seats were held by Tony Peña, Sonya Cuellar, Alicia Anderson, Linda Garcia and Vivian Hansen fr",0214504a-cd44-4fe8-baf3-fec1796efe1a
B NO EVIDENCE,clear party; deactivate; keep term (tag as unverified); is_incumbent=false,Ramon Quintero,paramount unified,CLOSED,2024-12-17,f,Nonpartisan,NO_EVIDENCE,medium,,https://resources.finalsite.net/images/v1754057582/paramountk12caus/bx89jahwckewouxlqrsr/December122016SupportingDocuments.pdf,"5 – Trustees Anderson, Cuellar, Garcia, Hansen, Peña","2001-2026 elections (2001, 2003 results; 2005, 2009 lists; 2011 uncontested; no contested race 2007/2013/2015; RR/CC 2018-2026). Full seat roster Dec 2011-Dec 2018.",True,"All five seats were held by Tony Peña, Sonya Cuellar, Alicia Anderson, Linda Garcia and Vivian Hansen from at least Dec 2011 to Dec 2018 (2011 uncontested Garcia/Hansen; Peña/Cuellar/Anderson on 2009 list and all five voting in the Oct/Dec 2016 minutes); 2018-2026 seats are covered by RR/CC lists. G",3a2a57d8-5502-45ef-aece-3ed0ba1d1e53
B NO EVIDENCE,clear party; deactivate; keep term (tag as unverified); is_incumbent=false,Richard Martinez,paramount unified,CLOSED,2022-12-13,f,Nonpartisan,NO_EVIDENCE,medium,,https://resources.finalsite.net/images/v1754057582/paramountk12caus/bx89jahwckewouxlqrsr/December122016SupportingDocuments.pdf,"5 – Trustees Anderson, Cuellar, Garcia, Hansen, Peña","2001-2026 elections (2001, 2003 results; 2005, 2009 lists; 2011 uncontested; no contested race 2007/2013/2015; RR/CC 2018-2026). Full seat roster Dec 2011-Dec 2018.",True,"Common name. A Richard A. Martinez has been a Little Lake City SD trustee since 1999 (Santa Fe Springs), but nothing ties that person to our row, so this is not classed WRONG_SEAT. The only Martinez on the Paramount board is Diane J. Martinez (elected 2020). All five seats were held by Tony Peña, So",5841f6ec-7b0b-4ccf-9edb-6469c1fe3e48
B NO EVIDENCE,clear party; deactivate; keep term (tag as unverified); is_incumbent=false,Sandra Soto,paramount unified,CLOSED,2024-12-17,f,Nonpartisan,NO_EVIDENCE,medium,,https://resources.finalsite.net/images/v1754057582/paramountk12caus/bx89jahwckewouxlqrsr/December122016SupportingDocuments.pdf,"5 – Trustees Anderson, Cuellar, Garcia, Hansen, Peña","2001-2026 elections (2001, 2003 results; 2005, 2009 lists; 2011 uncontested; no contested race 2007/2013/2015; RR/CC 2018-2026). Full seat roster Dec 2011-Dec 2018.",True,"Common name; no Paramount USD staff or board hit. All five seats were held by Tony Peña, Sonya Cuellar, Alicia Anderson, Linda Garcia and Vivian Hansen from at least Dec 2011 to Dec 2018 (2011 uncontested Garcia/Hansen; Peña/Cuellar/Anderson on 2009 list and all five voting in the Oct/Dec 2016 minut",0821276c-0847-4557-9611-2de17f57939b
B NO EVIDENCE,clear party; deactivate; keep term (tag as unverified); is_incumbent=false,Cynthia Cervantes Jackson,pasadena unified,CLOSED,2022-11-30,f,Nonpartisan,NO_EVIDENCE,high,,,,2004-2017 continuous seat-by-seat; 2024 snapshot; RR/CC 2018-2026,True,"Absent from every PUSD seat 2004-2017 (incl. 2013 and 2015 appointments), the 2024 board, and RR/CC 2018-2026. Side note: Azusa USD's superintendent 2006-2010 was 'Cynthia Cervantes McGuire' (Azusa board page) - a similar name in a different district and role; no link to Pasadena found.",7e2ecc87-9c9d-413d-9948-dfb688e59088
B NO EVIDENCE,clear party; deactivate; keep term (tag as unverified); is_incumbent=false,Adriana Camorlinga,pomona unified,CLOSED,2022-12-13,f,Nonpartisan,NO_EVIDENCE,medium,,,,2001-2026,False,Absent from all PUSD rosters 2001-2026; no source ties the name to PUSD.,d9e394d9-3e01-4643-ae70-90fbccc5aeb7
B NO EVIDENCE,clear party; deactivate; keep term (tag as unverified); is_incumbent=false,Ashley Johnson,pomona unified,CLOSED,2022-12-13,f,Nonpartisan,NO_EVIDENCE,medium,,,,2001-2026,False,"Name absent from every PUSD election 2001-2026 and from Ballotpedia board lists. Common name; nothing ties it to the PUSD board. Recorded end 2022-12-13 matches no PUSD seat change we can see (2022 winners were Konigar-Macklin, Perlman, Nashua, Tye).",a72b6e3b-1f34-4469-b9d1-622b64496927
B NO EVIDENCE,clear party; deactivate; keep term (tag as unverified); is_incumbent=false,Chuck Kauffman,pomona unified,NO_TERM,,t,Nonpartisan,NO_EVIDENCE,medium,,,,2001-2026,False,"Only hit is Kauffman Elementary School in Pomona (a school that dates to c.1910), which does not show a trustee named Chuck Kauffman. Absent from all PUSD rosters 2001-2026.",54dbc290-591b-4a01-95c4-6c2c80c68195
B NO EVIDENCE,clear party; deactivate; keep term (tag as unverified); is_incumbent=false,David Buerge,pomona unified,NO_TERM,,t,Nonpartisan,NO_EVIDENCE,medium,,,,2001-2026,False,Absent from all PUSD rosters 2001-2026; no source ties the name to Pomona.,3f09884f-950d-462b-821f-6161c5d52784
B NO EVIDENCE,clear party; deactivate; keep term (tag as unverified); is_incumbent=false,Evelyne Aquilar,pomona unified,CLOSED,2024-12-10,f,Nonpartisan,NO_EVIDENCE,medium,,,,2001-2026,False,Absent from all PUSD rosters 2001-2026 (also checked the 'Aguilar' spelling).,ca63670f-2000-490e-9a99-0317684f1ad9
B NO EVIDENCE,clear party; deactivate; keep term (tag as unverified); is_incumbent=false,Isabel Cruz,pomona unified,CLOSED,2022-12-13,f,Nonpartisan,NO_EVIDENCE,medium,,,,2001-2026,False,"Common name; absent from all PUSD rosters 2001-2026. Do not confuse with Christine Raquel Cruz-Arvayo (2026 PUSD candidate, PUSD program administrator).",4fe30078-fd83-4d42-aca0-83ea14062dd7
B NO EVIDENCE,clear party; deactivate; keep term (tag as unverified); is_incumbent=false,Roberta Bacon,pomona unified,CLOSED,2024-12-10,f,Nonpartisan,NO_EVIDENCE,medium,,https://web.archive.org/web/2010/http://www.smartvoter.org/2009/11/03/ca/la/race/01507000/,"Roberta A. Perlman 3,253 votes 19.16% Occupation: Doctor of Optometry",2001-2026,False,Likely a garbled copy of real trustee Roberta A. Perlman (on the board since 2009; ran in 2005 as 'Roberta A. Perlman-Hensen'). No 'Roberta Bacon' appears in any PUSD roster. Suggest checking for a duplicate of Perlman rather than a separate person.,04fcc309-611e-4678-808b-87ca80f95ac6
B NO EVIDENCE,clear party; deactivate; keep term (tag as unverified); is_incumbent=false,Eric Sheridan,redondo beach unified,CLOSED,2025-02-28,f,Nonpartisan,NO_EVIDENCE,high,,https://web.archive.org/web/20240601000000/https://www.rbusd.org/apps/pages/index.jsp?uREC_ID=853112&type=d,Rolf Strutzenberg Board Member E-Mail: [email protected] Elected to the Board March 2021 Current Term Expires March 2025,"2010-2026 (terms back to 2007): district member pages 2010, 2012, 2014, 2016, 2017, 2024, 2026 + Daily Breeze 2019",True,"Top hit is an unrelated Goldman Sachs analyst. Every seat is accounted for: 2007-11 Carl Clark, Arlene Staich; 2009-13 Drew Gamet, Todd Loewenstein, Jane Diehl; 2011-15 Anita Avrick, Laura Emdee; 2013-17 and 2017-21 Brad Serkin, Michael Christensen, Brad Waller; 2015-19 Avrick (left 2018, Flinn join",52e2ca7c-cf20-490e-97dd-57741a95fb52
B NO EVIDENCE,clear party; deactivate; keep term (tag as unverified); is_incumbent=false,Maggie McLaughlin,redondo beach unified,CLOSED,2025-02-28,f,Nonpartisan,NO_EVIDENCE,high,,https://web.archive.org/web/20240601000000/https://www.rbusd.org/apps/pages/index.jsp?uREC_ID=853112&type=d,Rolf Strutzenberg Board Member E-Mail: [email protected] Elected to the Board March 2021 Current Term Expires March 2025,"2010-2026 (terms back to 2007): district member pages 2010, 2012, 2014, 2016, 2017, 2024, 2026 + Daily Breeze 2019",True,"Only LinkedIn profiles of unrelated people. Every seat is accounted for: 2007-11 Carl Clark, Arlene Staich; 2009-13 Drew Gamet, Todd Loewenstein, Jane Diehl; 2011-15 Anita Avrick, Laura Emdee; 2013-17 and 2017-21 Brad Serkin, Michael Christensen, Brad Waller; 2015-19 Avrick (left 2018, Flinn joined)",f5925180-4bec-4ab9-9dae-068ad3c8b657
B NO EVIDENCE,clear party; deactivate; keep term (tag as unverified); is_incumbent=false,Mark Schilit,redondo beach unified,CLOSED,2023-02-28,f,Nonpartisan,NO_EVIDENCE,high,,https://web.archive.org/web/20240601000000/https://www.rbusd.org/apps/pages/index.jsp?uREC_ID=853112&type=d,Rolf Strutzenberg Board Member E-Mail: [email protected] Elected to the Board March 2021 Current Term Expires March 2025,"2010-2026 (terms back to 2007): district member pages 2010, 2012, 2014, 2016, 2017, 2024, 2026 + Daily Breeze 2019",True,"No relevant hits. Every seat is accounted for: 2007-11 Carl Clark, Arlene Staich; 2009-13 Drew Gamet, Todd Loewenstein, Jane Diehl; 2011-15 Anita Avrick, Laura Emdee; 2013-17 and 2017-21 Brad Serkin, Michael Christensen, Brad Waller; 2015-19 Avrick (left 2018, Flinn joined), David Witkin; 2019-23 Wi",5977fd63-62f6-471d-b379-046423e7fc75
B NO EVIDENCE,clear party; deactivate; keep term (tag as unverified); is_incumbent=false,Naomi Kim,redondo beach unified,CLOSED,2025-02-28,f,Nonpartisan,NO_EVIDENCE,high,,https://web.archive.org/web/20240601000000/https://www.rbusd.org/apps/pages/index.jsp?uREC_ID=853112&type=d,Rolf Strutzenberg Board Member E-Mail: [email protected] Elected to the Board March 2021 Current Term Expires March 2025,"2010-2026 (terms back to 2007): district member pages 2010, 2012, 2014, 2016, 2017, 2024, 2026 + Daily Breeze 2019",True,"Only people-search listings. Every seat is accounted for: 2007-11 Carl Clark, Arlene Staich; 2009-13 Drew Gamet, Todd Loewenstein, Jane Diehl; 2011-15 Anita Avrick, Laura Emdee; 2013-17 and 2017-21 Brad Serkin, Michael Christensen, Brad Waller; 2015-19 Avrick (left 2018, Flinn joined), David Witkin;",bbff7247-f129-41ef-8d39-393b3c973163
B NO EVIDENCE,clear party; deactivate; keep term (tag as unverified); is_incumbent=false,Rosie Ferree,redondo beach unified,CLOSED,2023-02-28,f,Nonpartisan,NO_EVIDENCE,high,,https://web.archive.org/web/20240601000000/https://www.rbusd.org/apps/pages/index.jsp?uREC_ID=853112&type=d,Rolf Strutzenberg Board Member E-Mail: [email protected] Elected to the Board March 2021 Current Term Expires March 2025,"2010-2026 (terms back to 2007): district member pages 2010, 2012, 2014, 2016, 2017, 2024, 2026 + Daily Breeze 2019",True,"Only hits are a Rosie Ferree in Colorado (people-search/LinkedIn); no Redondo tie. Every seat is accounted for: 2007-11 Carl Clark, Arlene Staich; 2009-13 Drew Gamet, Todd Loewenstein, Jane Diehl; 2011-15 Anita Avrick, Laura Emdee; 2013-17 and 2017-21 Brad Serkin, Michael Christensen, Brad Waller; 2",00c36fe6-86e1-4bd8-bfd7-417739ce553e
B NO EVIDENCE,clear party; deactivate; keep term (tag as unverified); is_incumbent=false,Cary Romo Nakayama,rowland unified,CLOSED,2022-11-30,f,Nonpartisan,NO_EVIDENCE,medium,,,,2000-2026,False,"No person with this name in any Rowland roster or election found (2000-2026). Real Rowland trustee Cary C. Chen (2009-present) shares the first name only. The shared WebSearch budget for the session ran out during this packet, so fewer than 2 web searches were possible for this name; the roster chec",9b1ebb14-fc87-4705-8639-667d8f3b3101
B NO EVIDENCE,clear party; deactivate; keep term (tag as unverified); is_incumbent=false,Jeff Mata,rowland unified,CLOSED,2022-11-30,f,Nonpartisan,NO_EVIDENCE,medium,,,,2000-2026,False,"No person with this name in any Rowland roster or election found (2000-2026). A Jose M. Mata sits on the Baldwin Park USD board (2024-), a different person and district. The shared WebSearch budget for the session ran out during this packet, so fewer than 2 web searches were possible for this name; ",7d4241b8-cc27-48a0-9b76-f205f2eeca84
B NO EVIDENCE,clear party; deactivate; keep term (tag as unverified); is_incumbent=false,Jeff Seawright,rowland unified,CLOSED,2024-11-30,f,Nonpartisan,NO_EVIDENCE,medium,,,,2000-2026,False,"No person with this name in any Rowland roster or election found (2000-2026). The shared WebSearch budget for the session ran out during this packet, so fewer than 2 web searches were possible for this name; the roster check was done in full. Roster sources: rowland.k12.ca.us board pages on Wayback ",015e3a37-ac58-49a1-8483-1343f33a9356
B NO EVIDENCE,clear party; deactivate; keep term (tag as unverified); is_incumbent=false,Marilyn Solorzano,rowland unified,CLOSED,2024-11-30,f,Nonpartisan,NO_EVIDENCE,medium,,,,2000-2026,False,"No person with this name in any Rowland roster or election found (2000-2026). The shared WebSearch budget for the session ran out during this packet, so fewer than 2 web searches were possible for this name; the roster check was done in full. Roster sources: rowland.k12.ca.us board pages on Wayback ",296f315f-bb67-4816-9bcd-a59108ce972a
B NO EVIDENCE,clear party; deactivate; keep term (tag as unverified); is_incumbent=false,Mike Bhatt,rowland unified,CLOSED,2022-11-30,f,Nonpartisan,NO_EVIDENCE,medium,,,,2000-2026,False,"No person with this name in any Rowland roster or election found (2000-2026). The shared WebSearch budget for the session ran out during this packet, so fewer than 2 web searches were possible for this name; the roster check was done in full. Roster sources: rowland.k12.ca.us board pages on Wayback ",9dc46319-a05f-4370-9ab6-8577bb61fb91
B NO EVIDENCE,clear party; deactivate; keep term (tag as unverified); is_incumbent=false,Estela Sanchez-Torres,san gabriel unified,CLOSED,2022-11-30,f,Nonpartisan,NO_EVIDENCE,medium,,,,"2005, 2008, 2015-2026 (gap 2009-2014)",False,"No hit for this name tied to any school board. Per the packet hint, the name resembles Esthela Torres de Siegrist (El Monte UHSD); no source links the two, so not WRONG_SEAT.",d46f8101-1cc9-4f2f-8e6a-ceb58febba8b
B NO EVIDENCE,clear party; deactivate; keep term (tag as unverified); is_incumbent=false,Megan Ngo,san gabriel unified,CLOSED,2022-11-30,f,Nonpartisan,NO_EVIDENCE,medium,,,,"2005, 2008, 2015-2026 (gap 2009-2014)",False,Only people-finder records (a Megan Ngo once had a San Gabriel address). Nothing ties the name to the SGUSD board. Absent from all rosters found.,e526fc4e-536d-4878-b1f0-5d2b903a6ee0
B NO EVIDENCE,clear party; deactivate; keep term (tag as unverified); is_incumbent=false,Nora Martinez,san gabriel unified,CLOSED,2024-11-30,f,Nonpartisan,NO_EVIDENCE,medium,,,,"2005, 2008, 2015-2026 (gap 2009-2014)",False,Common name; no source ties a Nora Martinez to SGUSD. Absent from all rosters found.,8825a1a2-c225-47d3-8848-8fa687f0f7ba
B NO EVIDENCE,clear party; deactivate; keep term (tag as unverified); is_incumbent=false,Yvette Vivanco,san gabriel unified,CLOSED,2024-11-30,f,Nonpartisan,NO_EVIDENCE,medium,,,,"2005, 2008, 2015-2026 (gap 2009-2014)",False,No hit. Absent from all rosters found. Our end date 2024-11-30 falls in the RR/CC-covered era (no filing).,a4ed6e28-252b-4bd5-a6f2-ddb96c37aa3f
B NO EVIDENCE,clear party; deactivate; keep term (tag as unverified); is_incumbent=false,Yvonne Marquez,san gabriel unified,CLOSED,2022-11-30,f,Nonpartisan,NO_EVIDENCE,medium,,,,"2005, 2008, 2015-2026 (gap 2009-2014)",False,"No source ties this name to SGUSD. Absent from 2005, 2008 and 2015-2026 rosters. Our end date 2022-11-30 falls in the RR/CC-covered era (no filing).",3aeeb9e8-68e7-4bd3-a4ff-19958d46debd
B NO EVIDENCE,clear party; deactivate; keep term (tag as unverified); is_incumbent=false,Ann Huang,san marino unified,CLOSED,2022-11-30,f,Nonpartisan,NO_EVIDENCE,medium,,,,"2008-2013 continuous, all 5 seats with term-expiry dates (smusd.us members.jsp snapshots Aug 2008, Oct 2009, Mar 2012, Dec 2013); 2013 result (Patch); 2018-2026 RR/CC candidates",True,Common name. Only San Marino Schools Foundation donor lists show people surnamed Huang. roster_complete covers 2008-2013 only.,1a7a4b31-f17f-4e95-954b-0cd7f78b5e85
B NO EVIDENCE,clear party; deactivate; keep term (tag as unverified); is_incumbent=false,Jason Paguio,san marino unified,CLOSED,2024-11-30,f,Nonpartisan,NO_EVIDENCE,medium,,https://ballotpedia.org/Jason_Paguio,Jason Paguio is a former candidate for District 3 of the Chula Vista City Council in California.,"2008-2013 continuous, all 5 seats with term-expiry dates (smusd.us members.jsp snapshots Aug 2008, Oct 2009, Mar 2012, Dec 2013); 2013 result (Patch); 2018-2026 RR/CC candidates",True,"The only Jason Paguio with a public record is a San Diego-area Asian business association leader and state APIA commissioner. He ran for Chula Vista City Council and lost, in 2014 and 2016. He never held that seat, so this is not WRONG_SEAT. There is no San Marino link. roster_complete refers to 200",910b1c9b-1af6-48a1-ac98-1d93605a915f
B NO EVIDENCE,clear party; deactivate; keep term (tag as unverified); is_incumbent=false,Linh Nguyen,san marino unified,CLOSED,2022-11-30,f,Nonpartisan,NO_EVIDENCE,medium,,,,"2008-2013 continuous, all 5 seats with term-expiry dates (smusd.us members.jsp snapshots Aug 2008, Oct 2009, Mar 2012, Dec 2013); 2013 result (Patch); 2018-2026 RR/CC candidates",True,Very common name; nothing ties it to SMUSD. roster_complete covers 2008-2013 only.,7b2e6829-ce2b-41c7-9258-4f65bb72c258
B NO EVIDENCE,clear party; deactivate; keep term (tag as unverified); is_incumbent=false,Marcella Hovey,san marino unified,CLOSED,2022-11-30,f,Nonpartisan,NO_EVIDENCE,medium,,,,"2008-2013 continuous, all 5 seats with term-expiry dates (smusd.us members.jsp snapshots Aug 2008, Oct 2009, Mar 2012, Dec 2013); 2013 result (Patch); 2018-2026 RR/CC candidates",True,"Probably fabricated. Search results (snippets only, pages not fetched) show that 'Marcella Hovey' is the name of a camellia cultivar and of a woman from Wilmette, Illinois, who died in 2009. No San Marino link. roster_complete covers 2008-2013 only.",59d50869-a5c4-4e95-9276-a129e984fb8d
B NO EVIDENCE,clear party; deactivate; keep term (tag as unverified); is_incumbent=false,Tom Regan,san marino unified,CLOSED,2024-11-30,f,Nonpartisan,NO_EVIDENCE,medium,,,,"2008-2013 continuous, all 5 seats with term-expiry dates (smusd.us members.jsp snapshots Aug 2008, Oct 2009, Mar 2012, Dec 2013); 2013 result (Patch); 2018-2026 RR/CC candidates",True,No SMUSD link. roster_complete covers 2008-2013 only.,d0b60b59-207f-4687-86c9-15c7810d4117
B NO EVIDENCE,clear party; deactivate; keep term (tag as unverified); is_incumbent=false,Alicia Brodkin,santa monica malibu unified,CLOSED,2022-11-30,f,Nonpartisan,NO_EVIDENCE,medium,,,,"2000-2020 (Smart Voter SMMUSD candidate lists Nov 2000, 2002, 2004, 2006, 2008 incl. 2008 short term, 2010, 2012, 2014; RR/CC 2018 and 2020). Not covered: 2016, 2022, 2024.",False,"No person by this name found. Near-matches only: Alicia Mignano (current SMMUSD board member/president) and an Andrea Brodkin on the SMMUSD payroll (Transparent California, 2018). The name may be a blend of the two. Absent from every SMMUSD candidate list 2000-2014 and 2018-2020.",636c3d78-e230-4c1f-b267-921c4775b2c4
B NO EVIDENCE,clear party; deactivate; keep term (tag as unverified); is_incumbent=false,Roy Rifkin,santa monica malibu unified,CLOSED,2022-11-30,f,Nonpartisan,NO_EVIDENCE,medium,,,,"2000-2020 (Smart Voter SMMUSD candidate lists Nov 2000, 2002, 2004, 2006, 2008 incl. 2008 short term, 2010, 2012, 2014; RR/CC 2018 and 2020). Not covered: 2016, 2022, 2024.",False,"A Roy G. Rifkin is a retired entertainment/licensing attorney (Wolf, Rifkin, Shapiro, Schulman & Rabkin, LA); no school-board link found. Absent from every SMMUSD candidate list 2000-2014 and 2018-2020.",fdc4de72-cd43-4ff8-b13e-28e1c419fe83
B NO EVIDENCE,clear party; deactivate; keep term (tag as unverified); is_incumbent=false,James Chang,temple unified,CLOSED,2024-12-12,f,Nonpartisan,NO_EVIDENCE,high,,https://web.archive.org/web/20200814/https://www.tcusd.net/about-us/board-of-education,Meet the Board Donna Georgino Dr. Mike Lin Kenneth Knollenberg Matt Smith Melissa Espinoza,"2018-2026 (2020 district page + RR/CC 2018-2026); also 2002, 2005, 2006 snapshots",True,"Common name; no source ties it to TCUSD. 2002: Steve Borowitz, Matt Smith, Joan Vizcarra, Mike Palmer, John Woodall; 2005: Mukesh Luhar, Rob McKendrick, Edward Chen, Emilie Cales, Matt Smith; 2006: McKendrick, Smith, Luhar, Cales, Joe Walker. 2018-2020: Georgino, Lin, Knollenberg, Smith, Espinoza; 2",a22830b9-27ab-44b5-900d-ece20863a822
B NO EVIDENCE,clear party; deactivate; keep term (tag as unverified); is_incumbent=false,Kevin Pan,temple unified,CLOSED,2024-12-10,f,Nonpartisan,NO_EVIDENCE,high,,https://web.archive.org/web/20200814/https://www.tcusd.net/about-us/board-of-education,Meet the Board Donna Georgino Dr. Mike Lin Kenneth Knollenberg Matt Smith Melissa Espinoza,"2018-2026 (2020 district page + RR/CC 2018-2026); also 2002, 2005, 2006 snapshots",True,"Common name; only people-search and unrelated LinkedIn profiles. 2002: Steve Borowitz, Matt Smith, Joan Vizcarra, Mike Palmer, John Woodall; 2005: Mukesh Luhar, Rob McKendrick, Edward Chen, Emilie Cales, Matt Smith; 2006: McKendrick, Smith, Luhar, Cales, Joe Walker. 2018-2020: Georgino, Lin, Knollen",412056da-037b-4e87-9c5f-bd4fec768d39
B NO EVIDENCE,clear party; deactivate; keep term (tag as unverified); is_incumbent=false,Lena Lee Liu,temple unified,CLOSED,2024-12-10,f,Nonpartisan,NO_EVIDENCE,high,,https://web.archive.org/web/20200814/https://www.tcusd.net/about-us/board-of-education,Meet the Board Donna Georgino Dr. Mike Lin Kenneth Knollenberg Matt Smith Melissa Espinoza,"2018-2026 (2020 district page + RR/CC 2018-2026); also 2002, 2005, 2006 snapshots",True,"Hits are for Lena Liu, a collectibles artist; no Temple City tie. 2002: Steve Borowitz, Matt Smith, Joan Vizcarra, Mike Palmer, John Woodall; 2005: Mukesh Luhar, Rob McKendrick, Edward Chen, Emilie Cales, Matt Smith; 2006: McKendrick, Smith, Luhar, Cales, Joe Walker. 2018-2020: Georgino, Lin, Knolle",09f4a078-f1fa-4cfb-b8fe-6b90200105d2
B NO EVIDENCE,clear party; deactivate; keep term (tag as unverified); is_incumbent=false,George Fuller,torrance unified,CLOSED,2022-11-30,f,Nonpartisan,NO_EVIDENCE,medium,,,,2001-2026,False,Absent from all TUSD rosters found.,544aa910-95a2-4443-99e5-6a3b350940ae
B NO EVIDENCE,clear party; deactivate; keep term (tag as unverified); is_incumbent=false,Michael Rock,torrance unified,CLOSED,2024-12-15,f,Nonpartisan,NO_EVIDENCE,medium,,,,2001-2026,False,"Absent from all TUSD rosters found. Possibly a garbled form of real trustee Michael P. Wermers (TUSD 2009-2018), but that is a guess.",08f76054-5a5d-4543-88de-569ffb4d5b96
B NO EVIDENCE,clear party; deactivate; keep term (tag as unverified); is_incumbent=false,Cindy Ruelas,walnut valley unified,CLOSED,2024-11-30,f,Nonpartisan,NO_EVIDENCE,high,,https://www.wvusd.org/pdfs/Board%20Member%20Bios%202022.pdf,Larry L. Redinger Occupation: Geologist and Dean Emeritus at Mt. San Antonio College Year Elected: 1989,"2001-12 to 2026-09 (elections 2001-2013, district news 2010/2013/2016, Jul 2014 board page, member bios, RR/CC 2018-2026)",True,"Every WV seat is accounted for from Dec 2001 to Sep 2026 (a very stable board), and this name appears in none of them; recorded end 2024-11-30 falls inside that span. The name resembles Cindy M. Ruiz, a real WV trustee since 2001 (re-elected 2022, filing again 2026); this may be a garbled copy of he",509fe7b3-e444-4b85-9ffe-850d2adf7809
B NO EVIDENCE,clear party; deactivate; keep term (tag as unverified); is_incumbent=false,John Castellano,walnut valley unified,CLOSED,2024-11-30,f,Nonpartisan,NO_EVIDENCE,high,,https://www.wvusd.org/pdfs/Board%20Member%20Bios%202022.pdf,Larry L. Redinger Occupation: Geologist and Dean Emeritus at Mt. San Antonio College Year Elected: 1989,"2001-12 to 2026-09 (elections 2001-2013, district news 2010/2013/2016, Jul 2014 board page, member bios, RR/CC 2018-2026)",True,"Every WV seat is accounted for from Dec 2001 to Sep 2026 (a very stable board), and this name appears in none of them; recorded end 2024-11-30 falls inside that span. WV seat chain: Hall (1985-), Redinger (1989-), Ruiz (2001-), Elfelt (<=2001-2011) -> P. Chen (2011-16) -> Abou-Taleb (2017-), A. Lee ",a077e0db-3534-46b9-aee9-40eafb0d019a
B NO EVIDENCE,clear party; deactivate; keep term (tag as unverified); is_incumbent=false,Nathan Donato,walnut valley unified,CLOSED,2022-11-30,f,Nonpartisan,NO_EVIDENCE,high,,https://www.wvusd.org/pdfs/Board%20Member%20Bios%202022.pdf,Larry L. Redinger Occupation: Geologist and Dean Emeritus at Mt. San Antonio College Year Elected: 1989,"2001-12 to 2026-09 (elections 2001-2013, district news 2010/2013/2016, Jul 2014 board page, member bios, RR/CC 2018-2026)",True,"Every WV seat is accounted for from Dec 2001 to Sep 2026 (a very stable board), and this name appears in none of them; recorded end 2022-11-30 falls inside that span. WV seat chain: Hall (1985-), Redinger (1989-), Ruiz (2001-), Elfelt (<=2001-2011) -> P. Chen (2011-16) -> Abou-Taleb (2017-), A. Lee ",23e22371-fd7f-470d-9d2e-4bb9151bceb1
B NO EVIDENCE,clear party; deactivate; keep term (tag as unverified); is_incumbent=false,Noy Palacios,walnut valley unified,CLOSED,2022-11-30,f,Nonpartisan,NO_EVIDENCE,high,,https://www.wvusd.org/pdfs/Board%20Member%20Bios%202022.pdf,Larry L. Redinger Occupation: Geologist and Dean Emeritus at Mt. San Antonio College Year Elected: 1989,"2001-12 to 2026-09 (elections 2001-2013, district news 2010/2013/2016, Jul 2014 board page, member bios, RR/CC 2018-2026)",True,"Every WV seat is accounted for from Dec 2001 to Sep 2026 (a very stable board), and this name appears in none of them; recorded end 2022-11-30 falls inside that span. WV seat chain: Hall (1985-), Redinger (1989-), Ruiz (2001-), Elfelt (<=2001-2011) -> P. Chen (2011-16) -> Abou-Taleb (2017-), A. Lee ",1d6cb616-1d88-4010-9d91-2f13f625c58f
B NO EVIDENCE,clear party; deactivate; keep term (tag as unverified); is_incumbent=false,Wenling Chin,walnut valley unified,CLOSED,2022-11-30,f,Nonpartisan,NO_EVIDENCE,high,,https://www.wvusd.org/pdfs/Board%20Member%20Bios%202022.pdf,Larry L. Redinger Occupation: Geologist and Dean Emeritus at Mt. San Antonio College Year Elected: 1989,"2001-12 to 2026-09 (elections 2001-2013, district news 2010/2013/2016, Jul 2014 board page, member bios, RR/CC 2018-2026)",True,"Every WV seat is accounted for from Dec 2001 to Sep 2026 (a very stable board), and this name appears in none of them; recorded end 2022-11-30 falls inside that span. WV seat chain: Hall (1985-), Redinger (1989-), Ruiz (2001-), Elfelt (<=2001-2011) -> P. Chen (2011-16) -> Abou-Taleb (2017-), A. Lee ",4a11c484-260d-4f62-a7d3-2011cd163f70
B NO EVIDENCE,clear party; deactivate; keep term (tag as unverified); is_incumbent=false,Ben Kay,west covina unified,CLOSED,2022-11-30,f,Nonpartisan,NO_EVIDENCE,medium,,,,2002-2026 with gaps (2003-2009 transitions and 2013-2015 appointments not seat-by-seat),False,Absent from all WCUSD rosters found.,a08c5e26-feee-4bbf-a60a-5de90eda74b5
B NO EVIDENCE,clear party; deactivate; keep term (tag as unverified); is_incumbent=false,Cynthia Moran,west covina unified,CLOSED,2024-11-30,f,Nonpartisan,WRONG_SEAT,medium,,https://www.chinohills.org/174/Cynthia-Moran,"Cynthia Moran was first elected to the Chino Hills City Council in November 2012 and re-elected in 2016, 2020, and 2024.",2002-2026 with gaps (2003-2009 transitions and 2013-2015 appointments not seat-by-seat),False,"[agent said WRONG_SEAT, name-only/weak -> no-evidence] Name is fairly common; identity with our row is by name only. Same pattern as McNaboe (Inland Empire city official). Her bio lists Chino Valley USD volunteer work, no West Covina link. Absent from all WCUSD rosters.",af08db12-bace-48ce-b9e5-eaa0e3e2ffd8
B NO EVIDENCE,clear party; deactivate; keep term (tag as unverified); is_incumbent=false,Joe Panganiban,west covina unified,CLOSED,2024-11-30,f,Nonpartisan,NO_EVIDENCE,medium,,,,2002-2026 with gaps (2003-2009 transitions and 2013-2015 appointments not seat-by-seat),False,"Absent from all WCUSD rosters found (2002-03, ~2009, 2011-2016, RR/CC 2018-2026).",4d0397a4-6863-4e57-bfdf-510d3738630b
B NO EVIDENCE,clear party; deactivate; keep term (tag as unverified); is_incumbent=false,Lorenzo Munoz,west covina unified,CLOSED,2024-11-30,f,Nonpartisan,NO_EVIDENCE,medium,,,,2002-2026 with gaps (2003-2009 transitions and 2013-2015 appointments not seat-by-seat),False,Absent from all WCUSD rosters found.,8f362998-d0ae-490d-a3df-1d5a5de9243f
B NO EVIDENCE,clear party; deactivate; keep term (tag as unverified); is_incumbent=false,Anastasia Flores,wiseburn unified,CLOSED,2022-11-30,f,Nonpartisan,NO_EVIDENCE,medium,,https://web.archive.org/web/20190722032734/https://www.wiseburn.org/board/board-of-trustees,"Neil Goldman , Member 2015 - Present",Full seat roster Dec 2013-Jul 2019 (2013 first unified board results + 2019 board page with each trustee's start year); also full roster Mar 2002 (board page) and 2001-2026 candidate lists (no contest in 2007 or 2015),True,"Absent from every Wiseburn roster and candidate list found. 2002 board: Curtis, Guerrero, Kaneda, Meath, Mora. 2013 unified board: Banuelos, Mora, Martinez, Curtis, Andriacchi. 2019 board: Kaneda (2014-), Banuelos (2009-), Goldman (2015-), Martinez (2005-), Mora (2001-). After 2019 the known changes",f12ba4c2-859f-4453-9b32-37624d0132a0
B NO EVIDENCE,clear party; deactivate; keep term (tag as unverified); is_incumbent=false,Jody Dean,wiseburn unified,CLOSED,2024-11-30,f,Nonpartisan,NO_EVIDENCE,medium,,https://web.archive.org/web/20190722032734/https://www.wiseburn.org/board/board-of-trustees,"Neil Goldman , Member 2015 - Present",Full seat roster Dec 2013-Jul 2019 (2013 first unified board results + 2019 board page with each trustee's start year); also full roster Mar 2002 (board page) and 2001-2026 candidate lists (no contest in 2007 or 2015),True,"Absent from every Wiseburn roster and candidate list found. 2002 board: Curtis, Guerrero, Kaneda, Meath, Mora. 2013 unified board: Banuelos, Mora, Martinez, Curtis, Andriacchi. 2019 board: Kaneda (2014-), Banuelos (2009-), Goldman (2015-), Martinez (2005-), Mora (2001-). After 2019 the known changes",6fa8ba0f-8afc-4bfa-ba1a-970f2a50171f
B NO EVIDENCE,clear party; deactivate; keep term (tag as unverified); is_incumbent=false,Matt Addington,wiseburn unified,CLOSED,2022-11-30,f,Nonpartisan,NO_EVIDENCE,medium,,https://web.archive.org/web/20190722032734/https://www.wiseburn.org/board/board-of-trustees,"Neil Goldman , Member 2015 - Present",Full seat roster Dec 2013-Jul 2019 (2013 first unified board results + 2019 board page with each trustee's start year); also full roster Mar 2002 (board page) and 2001-2026 candidate lists (no contest in 2007 or 2015),True,"Absent from every Wiseburn roster and candidate list found. 2002 board: Curtis, Guerrero, Kaneda, Meath, Mora. 2013 unified board: Banuelos, Mora, Martinez, Curtis, Andriacchi. 2019 board: Kaneda (2014-), Banuelos (2009-), Goldman (2015-), Martinez (2005-), Mora (2001-). After 2019 the known changes",91687c59-c7b0-4b20-8bdd-8cd2ba3e07b5
B NO EVIDENCE,clear party; deactivate; keep term (tag as unverified); is_incumbent=false,Michael Murphy,wiseburn unified,CLOSED,2022-11-30,f,Nonpartisan,NO_EVIDENCE,medium,,https://web.archive.org/web/20190722032734/https://www.wiseburn.org/board/board-of-trustees,"Neil Goldman , Member 2015 - Present",Full seat roster Dec 2013-Jul 2019 (2013 first unified board results + 2019 board page with each trustee's start year); also full roster Mar 2002 (board page) and 2001-2026 candidate lists (no contest in 2007 or 2015),True,"Absent from every Wiseburn roster and candidate list found. 2002 board: Curtis, Guerrero, Kaneda, Meath, Mora. 2013 unified board: Banuelos, Mora, Martinez, Curtis, Andriacchi. 2019 board: Kaneda (2014-), Banuelos (2009-), Goldman (2015-), Martinez (2005-), Mora (2001-). After 2019 the known changes",9bd840d2-3877-42ab-ac68-961accbf9140
B NO EVIDENCE,clear party; deactivate; keep term (tag as unverified); is_incumbent=false,Patricia Ollie,wiseburn unified,CLOSED,2024-11-30,f,Nonpartisan,NO_EVIDENCE,medium,,https://web.archive.org/web/20190722032734/https://www.wiseburn.org/board/board-of-trustees,"Neil Goldman , Member 2015 - Present",Full seat roster Dec 2013-Jul 2019 (2013 first unified board results + 2019 board page with each trustee's start year); also full roster Mar 2002 (board page) and 2001-2026 candidate lists (no contest in 2007 or 2015),True,"Absent from every Wiseburn roster and candidate list found. 2002 board: Curtis, Guerrero, Kaneda, Meath, Mora. 2013 unified board: Banuelos, Mora, Martinez, Curtis, Andriacchi. 2019 board: Kaneda (2014-), Banuelos (2009-), Goldman (2015-), Martinez (2005-), Mora (2001-). After 2019 the known changes",f930cd79-ce2f-4a9e-9e73-1d29a3abd4dc
C0 DISPROVED - already handled (LBCCD trustee; ABC term deleted by CA_0146),clear party; is_incumbent=false; keep active (won LB Council D7 primary 2026),Vivian Malauulu,abc unified,NO_TERM,,t,Nonpartisan,,,,,,,,,661de009-8046-4beb-ba70-420a862e78e8
C0 DISPROVED - already handled (Lynwood trustee; term deleted by CA_0149),"clear party; deactivate (duplicate of Gary Hardie Jr., who holds the Lynwood seat)",Gary Hardie,covina valley unified,NO_TERM,,f,Nonpartisan,,,,,,,,,9f4f1f7f-52be-4b7f-885d-112ff0039119
C1 DISPROVED - documented in a different office / legal bar,clear party; archive + DELETE term; deactivate,Sho Tay,arcadia unified,CLOSED,2023-12-31,f,Nonpartisan,WRONG_SEAT,high,,https://www.pasadenastarnews.com/2014/04/08/tom-beck-roger-chandler-and-sho-tay-elected-to-arcadia-city-council/,"Tom Beck, Roger Chandler and Sho Tay elected to Arcadia City Council",2002 and 2019 district page snapshots + RR/CC 2020-2026,False,"Sho Tay is a real Arcadia elected official, but on the City Council (elected 2014, mayor 2018-19), not the school board. No source places him on the AUSD board. Roster found: 2002 James C. Romo, Maryann Gibson, John R. McClain, Joann E. Steinmeier, Annie L. Yuen; 2019 Cung Nguyen (since 2007), Kay K",1a0a34d3-0203-4f5a-a4f0-2e4f27034b48
C1 DISPROVED - documented in a different office / legal bar,clear party; archive + DELETE term; deactivate,Joseph Rocha,azusa unified,CLOSED,2022-12-12,f,Nonpartisan,WRONG_SEAT,high,,https://www.biographies.net/people/en/joseph_r_rocha,Rocha has been a member of the Azusa City Council since 1997 and was elected Mayor in 2007.,2006-2018 continuous (plus 2001 snapshot; RR/CC 2018-2026),True,"Same city, exact name: Azusa's long-time city councilmember and mayor (council from 1997, mayor from 2007, still mayor in 2014 per Metro caption seen in search results). Not on any Azusa USD roster 2001, 2006-2018 or RR/CC 2018-2026.",29435a50-1e00-4a96-bc0b-9e3755a2a0fa
C1 DISPROVED - documented in a different office / legal bar,clear party; archive + DELETE term; deactivate,Carl Coles,bonita unified,CLOSED,2022-11-30,f,Nonpartisan,OTHER_ROLE,high,"superintendent, documented Nov 2018 - Dec 2020 (not a board member)",https://caschoolnews.net/articles/bonita-unified-school-district-to-celebrate-retiring-board-member/,Bonita Unified Superintendent Carl J. Coles said.,"2003-12 to 2026-09 (elections 2001-2009, board-page snapshots 2008/2019/2022/2023, live page 2026, district press releases, RR/CC 2018-2026)",True,"Carl J. Coles was Bonita USD superintendent, documented Nov 2018 through Dec 2020 (at least). He is absent from every Bonita board roster Dec 2003-2026. Our record puts him on the board with a term ending 2022-11-30, which overlaps his superintendency; Ed Code 35107 bars an employee from sitting on ",4022fac2-7c62-48fe-a194-b451796f636f
C1 DISPROVED - documented in a different office / legal bar,clear party; archive + DELETE term; deactivate,Judy Chen Haggerty,duarte unified,CLOSED,2024-11-30,f,Nonpartisan,WRONG_SEAT,high,,https://www.mtsac.edu/governance/trustees/members/chen.html,Judy Chen Haggerty has served as a member of the Mt. SAC Board of Trustees since 2001.,"Full seat roster Dec 2003-Dec 2015 (2004 board page and Jan 2008 board bio pages list all 5; winners 2003, 2005 uncontested, 2007, 2011, 2013 seen; 2009 winners Bell/Diaz inferred from 2013 incumbency); candidate lists 2001-2026 (RR/CC 2018-2026)",True,"Distinctive name; the real person is a Mt. SAC community college trustee since 2001 (also a Rio Hondo College law professor). She is absent from every Duarte USD candidate list 2001-2026. Duarte is in the Citrus CCD, not Mt. SAC.",f9695574-91b2-482f-823d-0ee090298ee2
C1 DISPROVED - documented in a different office / legal bar,clear party; archive + DELETE term; deactivate,Adrienne Konigar-Macklin,inglewood unified,CLOSED,2022-11-30,f,Nonpartisan,WRONG_SEAT,high,,https://ballotpedia.org/Adrienne_D._Konigar-Macklin,Adrienne D. Konigar-Macklin is an incumbent member of and was a candidate for an at-large seat on the Pomona Unified School District School Board,"2006 (district members.htm snapshot, all 5 seats); 2013-2026 partial (Ballotpedia 2017/2024/2026 + member list; RR/CC 2020)",False,"Also qualifies as OTHER_ROLE: she was IUSD General Counsel 2003-2008, a staff job. Ed Code 35107 would bar board service while she was employed. Nothing places her on the IUSD board. The pipeline probably mixed up her staff job at Inglewood with her elected seat at Pomona.",99effb34-c061-4956-887a-46efa4cd099d
C1 DISPROVED - documented in a different office / legal bar,clear party; archive + DELETE term; deactivate,Herlinda Chico,long beach unified,CLOSED,2022-11-30,f,Nonpartisan,WRONG_SEAT,high,,https://ballotpedia.org/Herlinda_Chico,"Herlinda Chico was a member of the Long Beach Community College District Board of Trustees in California, representing Area 4.","1997 (partial), 2004 (all 5 seats), 2016-2017 (all 5 district seats), 2018-2026 RR/CC candidates",False,Nothing places her on the LBUSD board. The pipeline probably confused the Long Beach college board with the Long Beach school district board.,d71d9dca-9256-46fd-851c-a61d54ec488b
C1 DISPROVED - documented in a different office / legal bar,clear party; archive + DELETE term; deactivate,Tim Goodrich,torrance unified,CLOSED,2026-04-19,f,Nonpartisan,WRONG_SEAT,high,,https://web.archive.org/web/20201025000036/https://www.torranceca.gov/Government/City-Council/Goodrich,"Tim Goodrich was first elected to the City Council on June 3, 2014, and re-elected on June 5, 2018.",2001-2026,False,"Real Torrance politician: City Council 2014-2022 (search snippet also says elected City Treasurer June 2022, not separately fetched). Also a TUSD Citizen Bond Oversight Committee member before 2014 (OTHER_ROLE aspect). Not on the current TUSD board (tusd.org/boe) or any TUSD election roster. Recorde",f3f377a7-5eef-4c16-9df5-6828ac4eeb4e
C1 DISPROVED - documented in a different office / legal bar,clear party; archive + DELETE term; deactivate,Darcy McNaboe,west covina unified,CLOSED,2022-11-30,f,Nonpartisan,WRONG_SEAT,high,,https://cdnsm5-hosted.civiclive.com/UserFiles/Servers/Server_12337255/File/Government/Voting%20Elections/CandidateStatement_DarcyMcNaboe.pdf,"As Mayor, I provided leadership necessary for Grand Terrace to weather recent turbulent times",2002-2026 with gaps (2003-2009 transitions and 2013-2015 appointments not seat-by-seat),False,Unusual name; the only person found is the Grand Terrace mayor (2022 re-election statement). No West Covina tie found. Absent from all WCUSD rosters.,ced90e57-de77-4a49-a9d8-5fa4ec9599c7
C2 ABSENT from district official all-time roster (decision),clear party; deactivate; DELETE term only if you rule this is disproof,Gary Springer,glendale unified,CLOSED,2023-12-31,f,Nonpartisan,NO_EVIDENCE,high,,,,1936-2026,True,"Absent from the district's complete official list of all trustees 1936-2026. Web results were unrelated Gary Springers (Santa Clara obituary, publicist, contractor).",7db07f24-2ec9-4011-82cb-19c9e36468d6
C2 ABSENT from district official all-time roster (decision),clear party; deactivate; DELETE term only if you rule this is disproof,Kathia Dipp Metzler,glendale unified,CLOSED,2026-07-13,f,Nonpartisan,NO_EVIDENCE,high,,,,1936-2026,True,"Absent from the district's complete official list of all trustees 1936-2026. Only similar name found: Elizabeth Dipp Metzger, a financial adviser in El Paso TX, no Glendale link.",636ff578-53a3-4b98-8421-0492afbba802
C2 ABSENT from district official all-time roster (decision),clear party; deactivate; DELETE term only if you rule this is disproof,Don Galvan,south pasadena unified,CLOSED,2024-11-30,f,Nonpartisan,NO_EVIDENCE,high,,,,1923-2026,True,Absent from the official SPUSD list of every trustee 1923-present.,1d2080a9-c3a3-4ee5-9d4e-dab183b00a44
C2 ABSENT from district official all-time roster (decision),clear party; deactivate; DELETE term only if you rule this is disproof,Jennifer Kassan,south pasadena unified,CLOSED,2022-11-30,f,Nonpartisan,NO_EVIDENCE,high,,,,1923-2026,True,Absent from the official SPUSD list of every trustee 1923-present.,6514b3c1-7846-42bf-be84-d5c0077a2dcf
C2 ABSENT from district official all-time roster (decision),clear party; deactivate; DELETE term only if you rule this is disproof,Rosemary Cortez,south pasadena unified,CLOSED,2024-11-30,f,Nonpartisan,NO_EVIDENCE,high,,,,1923-2026,True,Absent from the official SPUSD list of every trustee 1923-present.,8c7c3d26-3d21-492a-86ae-db73cee53f09
C2 ABSENT from district official all-time roster (decision),clear party; deactivate; DELETE term only if you rule this is disproof,Rosemary Lim Youngblood,south pasadena unified,CLOSED,2022-11-30,f,Nonpartisan,NO_EVIDENCE,high,,https://coronadousd.net/Board-of-Trustees/Meet-our-Governing-Board/,Dr. Youngblood currently serves as Board Clerk.,1923-2026,True,"Coordinator lead checked: the Coronado USD trustee elected in 2022 is Dr. Scot Youngblood, not Rosemary. No Rosemary (Lim) Youngblood appears on the Coronado board or ballot pages found, so the 'YOUNGBLOOD FOR CORONADO USD 2022' committee is most likely his (surname-only match in our DB). Not WRONG_",fbd175e9-5edb-49d8-8d04-3b3b84c47b5f
C2 ABSENT from district official all-time roster (decision),clear party; deactivate; DELETE term only if you rule this is disproof,Ying Chen,south pasadena unified,CLOSED,2022-11-30,f,Nonpartisan,NO_EVIDENCE,high,,,,1923-2026,True,Common name; absent from the official SPUSD list of every trustee 1923-present.,d7b1c97d-fc07-456a-8de8-b31d8a9eb517
