link_id,politician_id,row_name,row_district,source_system,external_id,stored_committee_name,official_committee_name,filer_area_code,cal_access_status,prior_status,name_match,verdict,basis,reason
45941559-1abe-400f-9699-cd9fb44c65b0,81154d3e-fe2c-4864-a341-5c8c8538e4b6,Al Winkler,El Segundo Unified,cal_access,1247132,"WINKLER, CITIZENS FOR MICKIE","WINKLER, CITIZENS FOR MICKIE",650,TERMINATED 08/20/2003,needs_research,surname only,disputed,A names another person or place,"surname-only auto-link: Cal-Access 1247132 ""WINKLER, CITIZENS FOR MICKIE"" -- names a different person (Mickie Winkler; filer area code 650, San Mateo County); this row is a CA_0156 no-evidence El Segundo Unified placeholder (deactivated)"
c8987bf1-3aab-4c19-b784-9ebf59de4292,9e396ede-1420-4b3e-aab2-d1799e284e18,Alex Lujan,Monrovia Unified,cal_access,1433882,LUJAN SALINAS UNION HIGH SCHOOL DISTRICT AREA 6 2020,LUJAN SALINAS UNION HIGH SCHOOL DISTRICT AREA 6 2020,831,ACTIVE,needs_research,surname only,disputed,B another office or district named,"surname-only auto-link: Cal-Access 1433882 ""LUJAN SALINAS UNION HIGH SCHOOL DISTRICT AREA 6 2020"" -- a campaign for the board of a different school district, not for the Monrovia Unified board; this row is a CA_0156 no-evidence Monrovia Unified placeholder (deactivated)"
c704641a-2b7b-40fb-8870-777683d7f620,1bef4877-5dec-4460-ad79-a7ecb186c1b8,Amanda Grossman,El Segundo Unified,cal_access,1352789,GROSSMAN TRUSTEE 2012,GROSSMAN TRUSTEE 2012,619,TERMINATED 12/31/2012,needs_research,surname only,disputed,C evidence places it elsewhere,"surname-only auto-link: Cal-Access 1352789 ""GROSSMAN TRUSTEE 2012"" -- a San Diego County school campaign: same filer phone as 1369601 ""GROSSMAN SWEETWATER SCHOOL 2014"" (area code 619); this row is a CA_0156 no-evidence El Segundo Unified placeholder (deactivated)"
affc3c25-b7d4-469e-914c-e376d93b8c76,1bef4877-5dec-4460-ad79-a7ecb186c1b8,Amanda Grossman,El Segundo Unified,cal_access,1369601,GROSSMAN SWEETWATER SCHOOL 2014,GROSSMAN SWEETWATER SCHOOL 2014,619,TERMINATED 08/12/2017,needs_research,surname only,disputed,B another office or district named,"surname-only auto-link: Cal-Access 1369601 ""GROSSMAN SWEETWATER SCHOOL 2014"" -- a campaign for the board of a different school district, not for the El Segundo Unified board; this row is a CA_0156 no-evidence El Segundo Unified placeholder (deactivated)"
30e2680e-cd88-4041-a51f-68cb80aaa2a5,1a7a4b31-f17f-4e95-954b-0cd7f78b5e85,Ann Huang,San Marino Unified,cal_access,1321758,"HUANG COMMITTEE FOR CITY COUNCIL 2009, SONS OF LUCY","HUANG COMMITTEE FOR CITY COUNCIL 2009, SONS OF LUCY",626,ACTIVE,needs_research,surname only,disputed,B another office or district named,"surname-only auto-link: Cal-Access 1321758 ""HUANG COMMITTEE FOR CITY COUNCIL 2009, SONS OF LUCY"" -- a campaign for a city council, not for the San Marino Unified board; this row is a CA_0156 no-evidence San Marino Unified placeholder (deactivated)"
02df329b-3908-4ccc-bb2f-07a56c45437c,1a7a4b31-f17f-4e95-954b-0cd7f78b5e85,Ann Huang,San Marino Unified,cal_access,1368800,"HUANG FOR CITY COUNCIL 2020, DR.","HUANG FOR CITY COUNCIL 2020, DR.",408,TERMINATED 12/12/2019,needs_research,surname only,disputed,B another office or district named,"surname-only auto-link: Cal-Access 1368800 ""HUANG FOR CITY COUNCIL 2020, DR."" -- a campaign for a city council, not for the San Marino Unified board; this row is a CA_0156 no-evidence San Marino Unified placeholder (deactivated)"
3b41a0c0-f02d-43c9-b446-75099a2dfb3d,1a7a4b31-f17f-4e95-954b-0cd7f78b5e85,Ann Huang,San Marino Unified,cal_access,1371336,HUANG FOR CITY COUNCIL 2022,HUANG FOR CITY COUNCIL 2022,714,TERMINATED 09/24/2022,needs_research,surname only,disputed,B another office or district named,"surname-only auto-link: Cal-Access 1371336 ""HUANG FOR CITY COUNCIL 2022"" -- a campaign for a city council, not for the San Marino Unified board; this row is a CA_0156 no-evidence San Marino Unified placeholder (deactivated)"
0a3217ac-5eb2-4592-86a0-37982178e5ba,1a7a4b31-f17f-4e95-954b-0cd7f78b5e85,Ann Huang,San Marino Unified,cal_access,1413370,HUANG FOR CONTROLLER 2022,HUANG FOR CONTROLLER 2022,408,TERMINATED 12/24/2018,needs_research,surname only,disputed,B another office or district named,"surname-only auto-link: Cal-Access 1413370 ""HUANG FOR CONTROLLER 2022"" -- a campaign for Controller, not for the San Marino Unified board; this row is a CA_0156 no-evidence San Marino Unified placeholder (deactivated)"
9c401d22-ea7c-4d0e-9630-7420b7b3afc5,1a7a4b31-f17f-4e95-954b-0cd7f78b5e85,Ann Huang,San Marino Unified,cal_access,1446077,HUANG FOR JUDGE 2022,HUANG FOR JUDGE 2022,714,TERMINATED 12/31/2022,needs_research,surname only,disputed,B another office or district named,"surname-only auto-link: Cal-Access 1446077 ""HUANG FOR JUDGE 2022"" -- a campaign for a judgeship, not for the San Marino Unified board; this row is a CA_0156 no-evidence San Marino Unified placeholder (deactivated)"
f5a3411f-956f-4184-a82b-4654edd4843a,1a7a4b31-f17f-4e95-954b-0cd7f78b5e85,Ann Huang,San Marino Unified,cal_access,1469202,HUANG FOR COUNCIL 2024,HUANG FOR COUNCIL 2024,714,TERMINATED 12/31/2025,needs_research,surname only,disputed,B another office or district named,"surname-only auto-link: Cal-Access 1469202 ""HUANG FOR COUNCIL 2024"" -- a campaign for a city council, not for the San Marino Unified board; this row is a CA_0156 no-evidence San Marino Unified placeholder (deactivated)"
1c49e003-8aaa-4eb4-949e-18c6c481e80a,9d2713c4-1d4f-4c40-ae35-b331e9771fa1,Ariel Mestas,Baldwin Park Unified,cal_access,1282551,MESTAS FOR SHERIFF,MESTAS FOR SHERIFF,559,TERMINATED 06/30/2006,needs_research,surname only,disputed,B another office or district named,"surname-only auto-link: Cal-Access 1282551 ""MESTAS FOR SHERIFF"" -- a campaign for sheriff, not for the Baldwin Park Unified board; this row is a CA_0156 no-evidence Baldwin Park Unified placeholder (deactivated)"
41eef08f-d3bd-4e49-9912-4860b58fa17c,9d2713c4-1d4f-4c40-ae35-b331e9771fa1,Ariel Mestas,Baldwin Park Unified,cal_access,1327508,"MESTAS FOR MAYOR 2010, PARENTS & COMMUNITY FOR DEMOCRACY SARA","MESTAS FOR MAYOR 2010, PARENTS & COMMUNITY FOR DEMOCRACY SARA",925,TERMINATED 01/13/2012,needs_research,surname only,disputed,B another office or district named,"surname-only auto-link: Cal-Access 1327508 ""MESTAS FOR MAYOR 2010, PARENTS & COMMUNITY FOR DEMOCRACY SARA"" -- a campaign for mayor, not for the Baldwin Park Unified board; this row is a CA_0156 no-evidence Baldwin Park Unified placeholder (deactivated)"
0e03c336-c1db-491d-82e6-a15a807a0e43,e1b7f87e-cde7-408b-860a-f2e034a5dfe0,Arturo Montez,ABC Unified,cal_access,1313545,"BURKE MONTEZ, CALIFORNIANS FOR MARY","BURKE MONTEZ, CALIFORNIANS FOR MARY",707,TERMINATED 11/05/2008,needs_research,surname only,disputed,A names another person or place,"surname-only auto-link: Cal-Access 1313545 ""BURKE MONTEZ, CALIFORNIANS FOR MARY"" -- a different person (Mary Burke Montez); this row is a CA_0156 no-evidence ABC Unified placeholder (deactivated)"
862a412c-e509-48db-90ea-a6794d6a1321,a72b6e3b-1f34-4469-b9d1-622b64496927,Ashley Johnson,Pomona Unified,cal_access,1067483,JOHNSON FOR ASSEMBLY COMMITTEE,JOHNSON FOR ASSEMBLY COMMITTEE,619,TERMINATED 04/19/1996,needs_research,surname only,disputed,B another office or district named,"surname-only auto-link: Cal-Access 1067483 ""JOHNSON FOR ASSEMBLY COMMITTEE"" -- a campaign for the State Assembly, not for the Pomona Unified board; this row is a CA_0156 no-evidence Pomona Unified placeholder (deactivated)"
5612bd6b-43cb-4aed-be91-5c8d82668fad,a72b6e3b-1f34-4469-b9d1-622b64496927,Ashley Johnson,Pomona Unified,cal_access,1072799,JOHNSON FOR GOVERNOR COMMITTEE,JOHNSON FOR GOVERNOR COMMITTEE,619,TERMINATED 03/11/1998,needs_research,surname only,disputed,B another office or district named,"surname-only auto-link: Cal-Access 1072799 ""JOHNSON FOR GOVERNOR COMMITTEE"" -- a campaign for Governor, not for the Pomona Unified board; this row is a CA_0156 no-evidence Pomona Unified placeholder (deactivated)"
ae17ae9f-4f92-4574-b74d-ba9e8bf44cc4,a72b6e3b-1f34-4469-b9d1-622b64496927,Ashley Johnson,Pomona Unified,cal_access,1228400,JOHNSON FOR COUNCIL,JOHNSON FOR COUNCIL,831,TERMINATED 08/02/2001,needs_research,surname only,disputed,B another office or district named,"surname-only auto-link: Cal-Access 1228400 ""JOHNSON FOR COUNCIL"" -- a campaign for a city council, not for the Pomona Unified board; this row is a CA_0156 no-evidence Pomona Unified placeholder (deactivated)"
630e40b0-c452-47be-ac33-a7d5c4c74a15,a72b6e3b-1f34-4469-b9d1-622b64496927,Ashley Johnson,Pomona Unified,cal_access,1233530,CITIZENS TO ELECT BOB JOHNSON AND EMILY HOWARD,CITIZENS TO ELECT BOB JOHNSON AND EMILY HOWARD,209,TERMINATED 04/09/2001,needs_research,surname only,disputed,A names another person or place,"surname-only auto-link: Cal-Access 1233530 ""CITIZENS TO ELECT BOB JOHNSON AND EMILY HOWARD"" -- names different people (Bob Johnson and Emily Howard; filer area code 209, San Joaquin County); this row is a CA_0156 no-evidence Pomona Unified placeholder (deactivated)"
a56494c0-64f0-4740-b13f-961eda522fa9,a72b6e3b-1f34-4469-b9d1-622b64496927,Ashley Johnson,Pomona Unified,cal_access,1243574,JOHNSON FOR DEMOCRATIC COUNTY CENTRAL COMMITTEE (DCCC),JOHNSON FOR DEMOCRATIC COUNTY CENTRAL COMMITTEE (DCCC),415,TERMINATED 04/17/2003,needs_research,surname only,disputed,B another office or district named,"surname-only auto-link: Cal-Access 1243574 ""JOHNSON FOR DEMOCRATIC COUNTY CENTRAL COMMITTEE (DCCC)"" -- a campaign for a party central committee, not for the Pomona Unified board; this row is a CA_0156 no-evidence Pomona Unified placeholder (deactivated)"
858cf8bd-6002-4c0c-bb3e-32d090824bbd,a72b6e3b-1f34-4469-b9d1-622b64496927,Ashley Johnson,Pomona Unified,cal_access,1258214,"JOHNSON, VOTE FOR BRENDA J.","JOHNSON, VOTE FOR BRENDA J.",626,TERMINATED 01/07/2004,needs_research,surname only,disputed,A names another person or place,"surname-only auto-link: Cal-Access 1258214 ""JOHNSON, VOTE FOR BRENDA J."" -- names a different person (Brenda J. Johnson); this row is a CA_0156 no-evidence Pomona Unified placeholder (deactivated)"
de248c31-3d9e-44b6-be70-31f46c097ad4,a72b6e3b-1f34-4469-b9d1-622b64496927,Ashley Johnson,Pomona Unified,cal_access,1274017,JOHNSON FOR SHERIFF,JOHNSON FOR SHERIFF,661,TERMINATED 07/20/2006,needs_research,surname only,disputed,B another office or district named,"surname-only auto-link: Cal-Access 1274017 ""JOHNSON FOR SHERIFF"" -- a campaign for sheriff, not for the Pomona Unified board; this row is a CA_0156 no-evidence Pomona Unified placeholder (deactivated)"
1bbf2c18-4ea3-41dc-9722-d5f35c894ed6,a72b6e3b-1f34-4469-b9d1-622b64496927,Ashley Johnson,Pomona Unified,cal_access,1275401,JOHNSON FOR CITY COUNCIL,JOHNSON FOR CITY COUNCIL,760,TERMINATED 08/01/2005,needs_research,surname only,disputed,B another office or district named,"surname-only auto-link: Cal-Access 1275401 ""JOHNSON FOR CITY COUNCIL"" -- a campaign for a city council, not for the Pomona Unified board; this row is a CA_0156 no-evidence Pomona Unified placeholder (deactivated)"
62fe475c-bda8-4290-9036-d23175be040d,a72b6e3b-1f34-4469-b9d1-622b64496927,Ashley Johnson,Pomona Unified,cal_access,1284159,JOHNSON FOR CITY COUNCIL 2012,JOHNSON FOR CITY COUNCIL 2012,714,TERMINATED 07/29/2015,needs_research,surname only,disputed,B another office or district named,"surname-only auto-link: Cal-Access 1284159 ""JOHNSON FOR CITY COUNCIL 2012"" -- a campaign for a city council, not for the Pomona Unified board; this row is a CA_0156 no-evidence Pomona Unified placeholder (deactivated)"
5aff1a2d-ca92-4089-a0a6-dd84e42b4504,a72b6e3b-1f34-4469-b9d1-622b64496927,Ashley Johnson,Pomona Unified,cal_access,1304631,JOHNSON FOR JUDGE,JOHNSON FOR JUDGE,213,TERMINATED 06/03/2008,needs_research,surname only,disputed,B another office or district named,"surname-only auto-link: Cal-Access 1304631 ""JOHNSON FOR JUDGE"" -- a campaign for a judgeship, not for the Pomona Unified board; this row is a CA_0156 no-evidence Pomona Unified placeholder (deactivated)"
c3faa400-4796-47d7-ad08-df24451d8c80,a72b6e3b-1f34-4469-b9d1-622b64496927,Ashley Johnson,Pomona Unified,cal_access,1305097,JOHNSON FOR JUDGE 2008,JOHNSON FOR JUDGE 2008,760,TERMINATED 06/05/2008,needs_research,surname only,disputed,B another office or district named,"surname-only auto-link: Cal-Access 1305097 ""JOHNSON FOR JUDGE 2008"" -- a campaign for a judgeship, not for the Pomona Unified board; this row is a CA_0156 no-evidence Pomona Unified placeholder (deactivated)"
c4346c20-820f-4078-8bdb-d13180d82184,a72b6e3b-1f34-4469-b9d1-622b64496927,Ashley Johnson,Pomona Unified,cal_access,1317828,JOHNSON FOR CITY COUNCIL 2010,JOHNSON FOR CITY COUNCIL 2010,818,TERMINATED 07/27/2010,needs_research,surname only,disputed,B another office or district named,"surname-only auto-link: Cal-Access 1317828 ""JOHNSON FOR CITY COUNCIL 2010"" -- a campaign for a city council, not for the Pomona Unified board; this row is a CA_0156 no-evidence Pomona Unified placeholder (deactivated)"
3c3260b9-2502-43ba-afa4-01ae69c8f05c,a72b6e3b-1f34-4469-b9d1-622b64496927,Ashley Johnson,Pomona Unified,cal_access,1322771,JOHNSON FOR COUNTY SCHOOL BOARD 2010,JOHNSON FOR COUNTY SCHOOL BOARD 2010,909,TERMINATED 01/29/2013,needs_research,surname only,disputed,B another office or district named,"surname-only auto-link: Cal-Access 1322771 ""JOHNSON FOR COUNTY SCHOOL BOARD 2010"" -- a campaign for a county board of education, not for the Pomona Unified board; this row is a CA_0156 no-evidence Pomona Unified placeholder (deactivated)"
c21c2d33-286e-4bbf-844b-5a6b004cc7cd,a72b6e3b-1f34-4469-b9d1-622b64496927,Ashley Johnson,Pomona Unified,cal_access,1328207,"JOHNSON 2010, CITIZENS FOR A BETTER ELK GROVE CITY COUNCIL - JIMMIE","JOHNSON 2010, CITIZENS FOR A BETTER ELK GROVE CITY COUNCIL - JIMMIE",916,TERMINATED 06/30/2011,needs_research,surname only,disputed,B another office or district named,"surname-only auto-link: Cal-Access 1328207 ""JOHNSON 2010, CITIZENS FOR A BETTER ELK GROVE CITY COUNCIL - JIMMIE"" -- a campaign for a city council, not for the Pomona Unified board; this row is a CA_0156 no-evidence Pomona Unified placeholder (deactivated)"
9d05f1b5-55dc-4004-ae4c-0506f4472293,a72b6e3b-1f34-4469-b9d1-622b64496927,Ashley Johnson,Pomona Unified,cal_access,1338528,"JOHNSON FOR 48TH ASSEMBLY DISTRICT 2012, COMMUNITIES 4 DAYMOND","JOHNSON FOR 48TH ASSEMBLY DISTRICT 2012, COMMUNITIES 4 DAYMOND",323,TERMINATED 12/12/2012,needs_research,surname only,disputed,B another office or district named,"surname-only auto-link: Cal-Access 1338528 ""JOHNSON FOR 48TH ASSEMBLY DISTRICT 2012, COMMUNITIES 4 DAYMOND"" -- a campaign for the State Assembly, not for the Pomona Unified board; this row is a CA_0156 no-evidence Pomona Unified placeholder (deactivated)"
8924bd33-eec2-4433-943e-806beb1ea46f,a72b6e3b-1f34-4469-b9d1-622b64496927,Ashley Johnson,Pomona Unified,cal_access,1341482,"JOHNSON, CITIZENS TO RECALL JAMES","JOHNSON, CITIZENS TO RECALL JAMES",562,TERMINATED 06/30/2012,needs_research,surname only,disputed,B another office or district named,"surname-only auto-link: Cal-Access 1341482 ""JOHNSON, CITIZENS TO RECALL JAMES"" -- a recall committee, not a campaign for the Pomona Unified board; this row is a CA_0156 no-evidence Pomona Unified placeholder (deactivated)"
104aa8a7-1fc3-4574-84c5-84cd22fd6675,a72b6e3b-1f34-4469-b9d1-622b64496927,Ashley Johnson,Pomona Unified,cal_access,1350747,"VANANTWERP, HOLCOMBE & JOHNSON FOR DIRECTORS OF CVWD, 2012","VANANTWERP, HOLCOMBE & JOHNSON FOR DIRECTORS OF CVWD, 2012",805,TERMINATED 11/27/2012,needs_research,surname only,disputed,B another office or district named,"surname-only auto-link: Cal-Access 1350747 ""VANANTWERP, HOLCOMBE & JOHNSON FOR DIRECTORS OF CVWD, 2012"" -- a campaign for a water district board, not for the Pomona Unified board; this row is a CA_0156 no-evidence Pomona Unified placeholder (deactivated)"
040bb433-767d-4f92-9b63-dfa6a5208e8b,a72b6e3b-1f34-4469-b9d1-622b64496927,Ashley Johnson,Pomona Unified,cal_access,1352304,JOHNSON WATER DISTRICT 2012,JOHNSON WATER DISTRICT 2012,619,TERMINATED 12/13/2012,needs_research,surname only,disputed,B another office or district named,"surname-only auto-link: Cal-Access 1352304 ""JOHNSON WATER DISTRICT 2012"" -- a campaign for a water district board, not for the Pomona Unified board; this row is a CA_0156 no-evidence Pomona Unified placeholder (deactivated)"
c71a8425-d135-48ae-b96e-0b034687cc12,a72b6e3b-1f34-4469-b9d1-622b64496927,Ashley Johnson,Pomona Unified,cal_access,1355561,JOHNSON FOR CITY COUNCIL 2014,JOHNSON FOR CITY COUNCIL 2014,562,TERMINATED 03/22/2014,needs_research,surname only,disputed,B another office or district named,"surname-only auto-link: Cal-Access 1355561 ""JOHNSON FOR CITY COUNCIL 2014"" -- a campaign for a city council, not for the Pomona Unified board; this row is a CA_0156 no-evidence Pomona Unified placeholder (deactivated)"
0eb45932-4944-4a7b-95fd-12bbbb39e85e,a72b6e3b-1f34-4469-b9d1-622b64496927,Ashley Johnson,Pomona Unified,cal_access,1360256,JOHNSON FOR CITY ATTORNEY 2014,JOHNSON FOR CITY ATTORNEY 2014,562,TERMINATED 11/24/2014,needs_research,surname only,disputed,B another office or district named,"surname-only auto-link: Cal-Access 1360256 ""JOHNSON FOR CITY ATTORNEY 2014"" -- a campaign for city attorney, not for the Pomona Unified board; this row is a CA_0156 no-evidence Pomona Unified placeholder (deactivated)"
01f57f45-567d-4c4d-b4cf-3d54293314b7,a72b6e3b-1f34-4469-b9d1-622b64496927,Ashley Johnson,Pomona Unified,cal_access,1363800,JOHNSON FOR SUPERIOR COURT JUDGE 2014,"JOHNSON 2014, REELECT JUDGE",949,TERMINATED 12/31/2014,needs_research,surname only,disputed,B another office or district named,"surname-only auto-link: Cal-Access 1363800 ""JOHNSON 2014, REELECT JUDGE"" (stored as ""JOHNSON FOR SUPERIOR COURT JUDGE 2014"") -- a campaign for a judgeship, not for the Pomona Unified board; this row is a CA_0156 no-evidence Pomona Unified placeholder (deactivated)"
547e0059-9349-4eee-9ce5-049af5816786,a72b6e3b-1f34-4469-b9d1-622b64496927,Ashley Johnson,Pomona Unified,cal_access,1367034,"JOHNSON CITY ATTORNEY 2014, L.A. YOUNG DEMS WORKING IN LONG BEACH SUPPORTING","JOHNSON CITY ATTORNEY 2014, L.A. YOUNG DEMS WORKING IN LONG BEACH SUPPORTING",626,TERMINATED 05/17/2014,needs_research,surname only,disputed,B another office or district named,"surname-only auto-link: Cal-Access 1367034 ""JOHNSON CITY ATTORNEY 2014, L.A. YOUNG DEMS WORKING IN LONG BEACH SUPPORTING"" -- a campaign for city attorney, not for the Pomona Unified board; this row is a CA_0156 no-evidence Pomona Unified placeholder (deactivated)"
b5364066-37a9-4365-8e6f-0034e5329357,a72b6e3b-1f34-4469-b9d1-622b64496927,Ashley Johnson,Pomona Unified,cal_access,1372526,"JOHNSON JOSHUA BASIN WATER DISTRICT 2014, ELECT ROBERT ""BOB""","JOHNSON JOSHUA BASIN WATER DISTRICT 2014, ELECT ROBERT ""BOB""",760,TERMINATED 07/31/2018,needs_research,surname only,disputed,B another office or district named,"surname-only auto-link: Cal-Access 1372526 ""JOHNSON JOSHUA BASIN WATER DISTRICT 2014, ELECT ROBERT 'BOB'"" -- a campaign for a water district board, not for the Pomona Unified board; this row is a CA_0156 no-evidence Pomona Unified placeholder (deactivated)"
cb640a29-7a43-4c3a-913a-5e66b549fc4b,a72b6e3b-1f34-4469-b9d1-622b64496927,Ashley Johnson,Pomona Unified,cal_access,1386726,JOHNSON FOR CITY COUNCIL 2016,JOHNSON FOR CITY COUNCIL 2016,714,TERMINATED 12/22/2016,needs_research,surname only,disputed,B another office or district named,"surname-only auto-link: Cal-Access 1386726 ""JOHNSON FOR CITY COUNCIL 2016"" -- a campaign for a city council, not for the Pomona Unified board; this row is a CA_0156 no-evidence Pomona Unified placeholder (deactivated)"
bdc514b1-673f-4508-b992-3526a095407b,a72b6e3b-1f34-4469-b9d1-622b64496927,Ashley Johnson,Pomona Unified,cal_access,1411440,"JOHNSON & TRAUSS FOR D6 SUPERVISOR 2018, SPONSORED BY PROGRESS SAN FRANCISCO; SAN FRANCISCANS FOR CHANGE, SUPPORTING","JOHNSON & TRAUSS FOR D6 SUPERVISOR 2018, SPONSORED BY PROGRESS SAN FRANCISCO; SAN FRANCISCANS FOR CHANGE, SUPPORTING",916,TERMINATED 12/31/2018,needs_research,surname only,disputed,B another office or district named,"surname-only auto-link: Cal-Access 1411440 ""JOHNSON & TRAUSS FOR D6 SUPERVISOR 2018, SPONSORED BY PROGRESS SAN FRANCISCO; SAN FRANCISCANS FOR CHANGE, SUPPORTING"" -- a campaign for a county board of supervisors, not for the Pomona Unified board; this row is a CA_0156 no-evidence Pomona Unified placeholder (deactivated)"
16ac9fd4-092c-4d4d-8395-9bde87e654d1,a72b6e3b-1f34-4469-b9d1-622b64496927,Ashley Johnson,Pomona Unified,cal_access,1412983,"BATES, DEMNLUS JOHNSON, AND CESAR ZEPEDA FOR CITY COUNCIL 2018, SPONSORED BY PUBLIC SAFETY AND LOCAL CONSTRUCTION UNIONS; PRIDE AND PURPOSE SUPPORTING NAT","BATES, DEMNLUS JOHNSON, AND CESAR ZEPEDA FOR CITY COUNCIL 2018, SPONSORED BY PUBLIC SAFETY AND LOCAL CONSTRUCTION UNIONS; RICHMOND PRIDE & PURPOSE SUPPORTING NAT",415,TERMINATED 12/31/2018,needs_research,surname only,disputed,B another office or district named,"surname-only auto-link: Cal-Access 1412983 ""BATES, DEMNLUS JOHNSON, AND CESAR ZEPEDA FOR CITY COUNCIL 2018, SPONSORED BY PUBLIC SAFETY AND LOCAL CONSTRUCTION UNIONS; RICHMOND PRIDE & PURPOSE SUPPORTING NAT"" (stored as ""BATES, DEMNLUS JOHNSON, AND CESAR ZEPEDA FOR CITY COUNCIL 2018, SPONSORED BY PUBLIC SAFETY AND LOCAL CONSTRUCTION UNIONS; PRIDE AND PURPOSE SUPPORTING NAT"") -- a campaign for a city council, not for the Pomona Unified board; this row is a CA_0156 no-evidence Pomona Unified placeholder (deactivated)"
cb7315e2-be9f-4611-bb46-4094b883bb68,a72b6e3b-1f34-4469-b9d1-622b64496927,Ashley Johnson,Pomona Unified,cal_access,1413039,JOHNSON FOR COUNCIL DISTRICT 10; 2020 COMMITTEE TO ELECT,JOHNSON FOR COUNCIL DISTRICT 10; 2020 COMMITTEE TO ELECT,323,ACTIVE,needs_research,surname only,disputed,B another office or district named,"surname-only auto-link: Cal-Access 1413039 ""JOHNSON FOR COUNCIL DISTRICT 10; 2020 COMMITTEE TO ELECT"" -- a campaign for a city council, not for the Pomona Unified board; this row is a CA_0156 no-evidence Pomona Unified placeholder (deactivated)"
88700482-dd1c-492a-8318-9de86fa27849,a72b6e3b-1f34-4469-b9d1-622b64496927,Ashley Johnson,Pomona Unified,cal_access,1423331,JOHNSON CITY COUNCIL 2018 OFFICEHOLDER ACCOUNT,JOHNSON CITY COUNCIL 2018 OFFICEHOLDER ACCOUNT,510,ACTIVE,needs_research,surname only,disputed,B another office or district named,"surname-only auto-link: Cal-Access 1423331 ""JOHNSON CITY COUNCIL 2018 OFFICEHOLDER ACCOUNT"" -- a campaign for a city council, not for the Pomona Unified board; this row is a CA_0156 no-evidence Pomona Unified placeholder (deactivated)"
3ef90a8d-9fad-4d70-b307-aaf208d0f801,a72b6e3b-1f34-4469-b9d1-622b64496927,Ashley Johnson,Pomona Unified,cal_access,1426309,JOHNSON FOR COUNCIL 2020,JOHNSON FOR COUNCIL 2020,707,TERMINATED 09/07/2020,needs_research,surname only,disputed,B another office or district named,"surname-only auto-link: Cal-Access 1426309 ""JOHNSON FOR COUNCIL 2020"" -- a campaign for a city council, not for the Pomona Unified board; this row is a CA_0156 no-evidence Pomona Unified placeholder (deactivated)"
9879ebd0-8381-41de-becb-bea919e50882,a72b6e3b-1f34-4469-b9d1-622b64496927,Ashley Johnson,Pomona Unified,cal_access,1428065,JOHNSON FOR WESTMINSTER SCHOOL BOARD 2020,JOHNSON FOR WESTMINSTER SCHOOL BOARD 2020,714,TERMINATED 12/25/2021,needs_research,surname only,disputed,B another office or district named,"surname-only auto-link: Cal-Access 1428065 ""JOHNSON FOR WESTMINSTER SCHOOL BOARD 2020"" -- a campaign for the board of a different school district, not for the Pomona Unified board; this row is a CA_0156 no-evidence Pomona Unified placeholder (deactivated)"
42d82a92-61c5-4501-8fe1-b9deeec24bb1,a72b6e3b-1f34-4469-b9d1-622b64496927,Ashley Johnson,Pomona Unified,cal_access,1441199,JOHNSON FOR SHERIFF 2022,JOHNSON FOR SHERIFF 2022,530,TERMINATED 09/30/2022,needs_research,surname only,disputed,B another office or district named,"surname-only auto-link: Cal-Access 1441199 ""JOHNSON FOR SHERIFF 2022"" -- a campaign for sheriff, not for the Pomona Unified board; this row is a CA_0156 no-evidence Pomona Unified placeholder (deactivated)"
4ae70109-1ca6-4fe3-b820-6ed2121ef2d5,a72b6e3b-1f34-4469-b9d1-622b64496927,Ashley Johnson,Pomona Unified,cal_access,1441869,JOHNSON OAKLAND MAYOR 2022,JOHNSON OAKLAND MAYOR 2022,510,TERMINATED 12/31/2025,needs_research,surname only,disputed,B another office or district named,"surname-only auto-link: Cal-Access 1441869 ""JOHNSON OAKLAND MAYOR 2022"" -- a campaign for mayor, not for the Pomona Unified board; this row is a CA_0156 no-evidence Pomona Unified placeholder (deactivated)"
20154001-6d8a-428e-8acb-22efacd75d12,a72b6e3b-1f34-4469-b9d1-622b64496927,Ashley Johnson,Pomona Unified,cal_access,1442270,JOHNSON FOR MAYOR 2022,JOHNSON FOR MAYOR 2022,510,TERMINATED 01/19/2022,needs_research,surname only,disputed,B another office or district named,"surname-only auto-link: Cal-Access 1442270 ""JOHNSON FOR MAYOR 2022"" -- a campaign for mayor, not for the Pomona Unified board; this row is a CA_0156 no-evidence Pomona Unified placeholder (deactivated)"
a2cdd424-78e7-415f-a710-16569c29bf82,a72b6e3b-1f34-4469-b9d1-622b64496927,Ashley Johnson,Pomona Unified,cal_access,1445471,JOHNSON FOR CITY COUNCIL 2022,JOHNSON PALOMARES FOR CITY COUNCIL 2022,619,TERMINATED 11/16/2022,needs_research,surname only,disputed,B another office or district named,"surname-only auto-link: Cal-Access 1445471 ""JOHNSON PALOMARES FOR CITY COUNCIL 2022"" (stored as ""JOHNSON FOR CITY COUNCIL 2022"") -- a campaign for a city council, not for the Pomona Unified board; this row is a CA_0156 no-evidence Pomona Unified placeholder (deactivated)"
c6e59204-5b31-4254-aefc-7a0e72b1e17d,a72b6e3b-1f34-4469-b9d1-622b64496927,Ashley Johnson,Pomona Unified,cal_access,1447403,JOHNSON FOR FAIRFIELD CITY COUNCIL DISTRICT 1 2022,JOHNSON FOR FAIRFIELD CITY COUNCIL DISTRICT 1 2022,707,ACTIVE,needs_research,surname only,disputed,B another office or district named,"surname-only auto-link: Cal-Access 1447403 ""JOHNSON FOR FAIRFIELD CITY COUNCIL DISTRICT 1 2022"" -- a campaign for a city council, not for the Pomona Unified board; this row is a CA_0156 no-evidence Pomona Unified placeholder (deactivated)"
6d6bdd33-e45b-45a4-b0f2-a6a28b327077,a72b6e3b-1f34-4469-b9d1-622b64496927,Ashley Johnson,Pomona Unified,cal_access,1451268,JOHNSON FOR CITY COUNCIL 2022,JOHNSON FOR CITY COUNCIL 2022,310,TERMINATED 12/31/2022,needs_research,surname only,disputed,B another office or district named,"surname-only auto-link: Cal-Access 1451268 ""JOHNSON FOR CITY COUNCIL 2022"" -- a campaign for a city council, not for the Pomona Unified board; this row is a CA_0156 no-evidence Pomona Unified placeholder (deactivated)"
4db97e86-1ec0-47b8-b7af-f8a23827fe73,a72b6e3b-1f34-4469-b9d1-622b64496927,Ashley Johnson,Pomona Unified,cal_access,1454112,JOHNSON FOR SAN CLEMENTE CITY COUNCIL 2022 THOR,JOHNSON FOR SAN CLEMENTE CITY COUNCIL 2022 THOR,949,ACTIVE,needs_research,surname only,disputed,B another office or district named,"surname-only auto-link: Cal-Access 1454112 ""JOHNSON FOR SAN CLEMENTE CITY COUNCIL 2022 THOR"" -- a campaign for a city council, not for the Pomona Unified board; this row is a CA_0156 no-evidence Pomona Unified placeholder (deactivated)"
106e2d21-991a-4e9d-a597-e6e2ad2258b3,a72b6e3b-1f34-4469-b9d1-622b64496927,Ashley Johnson,Pomona Unified,cal_access,1460471,JOHNSON FOR CITY COUNCIL 2024,JOHNSON FOR CITY COUNCIL 2024,714,ACTIVE,needs_research,surname only,disputed,B another office or district named,"surname-only auto-link: Cal-Access 1460471 ""JOHNSON FOR CITY COUNCIL 2024"" -- a campaign for a city council, not for the Pomona Unified board; this row is a CA_0156 no-evidence Pomona Unified placeholder (deactivated)"
f5a479f4-34d5-484a-8270-31e79c4dcd04,a72b6e3b-1f34-4469-b9d1-622b64496927,Ashley Johnson,Pomona Unified,cal_access,1464521,JOHNSON FOR JUDGE 2026,JOHNSON FOR JUDGE 2026,310,ACTIVE,needs_research,surname only,disputed,B another office or district named,"surname-only auto-link: Cal-Access 1464521 ""JOHNSON FOR JUDGE 2026"" -- a campaign for a judgeship, not for the Pomona Unified board; this row is a CA_0156 no-evidence Pomona Unified placeholder (deactivated)"
5f455f91-4343-4568-984e-878828f75098,a72b6e3b-1f34-4469-b9d1-622b64496927,Ashley Johnson,Pomona Unified,cal_access,1467317,JOHNSON FOR CENTRAL COMMITTEE 2024,JOHNSON FOR CENTRAL COMMITTEE 2024,714,TERMINATED 06/30/2024,needs_research,surname only,disputed,B another office or district named,"surname-only auto-link: Cal-Access 1467317 ""JOHNSON FOR CENTRAL COMMITTEE 2024"" -- a campaign for a party central committee, not for the Pomona Unified board; this row is a CA_0156 no-evidence Pomona Unified placeholder (deactivated)"
55969ff1-0b8b-4053-839f-871c46fa5d1c,a72b6e3b-1f34-4469-b9d1-622b64496927,Ashley Johnson,Pomona Unified,cal_access,1471633,JOHNSON FOR COUNTY BOARD OF EDUCATION 2024,JOHNSON FOR COUNTY BOARD OF EDUCATION 2024,510,ACTIVE,needs_research,surname only,disputed,B another office or district named,"surname-only auto-link: Cal-Access 1471633 ""JOHNSON FOR COUNTY BOARD OF EDUCATION 2024"" -- a campaign for a county board of education, not for the Pomona Unified board; this row is a CA_0156 no-evidence Pomona Unified placeholder (deactivated)"
fe949afd-a417-4c55-8e16-d0ec65bdcdcd,a72b6e3b-1f34-4469-b9d1-622b64496927,Ashley Johnson,Pomona Unified,cal_access,1474267,JOHNSON CITY COUNCIL 2024,JOHNSON CITY COUNCIL 2024,310,TERMINATED 12/31/2024,needs_research,surname only,disputed,B another office or district named,"surname-only auto-link: Cal-Access 1474267 ""JOHNSON CITY COUNCIL 2024"" -- a campaign for a city council, not for the Pomona Unified board; this row is a CA_0156 no-evidence Pomona Unified placeholder (deactivated)"
2e3639d0-3a75-4e3e-8e67-8da0cfa9a0f2,a72b6e3b-1f34-4469-b9d1-622b64496927,Ashley Johnson,Pomona Unified,cal_access,1475541,JOHNSON FOR SYVUHSD TRUSTEE AREA 5 2024,JOHNSON FOR SYVUHSD TRUSTEE AREA 5 2024,805,TERMINATED 01/27/2025,needs_research,surname only,disputed,B another office or district named,"surname-only auto-link: Cal-Access 1475541 ""JOHNSON FOR SYVUHSD TRUSTEE AREA 5 2024"" -- a campaign for the board of a different school district, not for the Pomona Unified board; this row is a CA_0156 no-evidence Pomona Unified placeholder (deactivated)"
91709198-74f0-4697-b709-676b509c555a,a72b6e3b-1f34-4469-b9d1-622b64496927,Ashley Johnson,Pomona Unified,cal_access,1479406,JOHNSON FOR CALPERS BOARD 2025,JOHNSON FOR CALPERS BOARD 2025,916,TERMINATED 12/04/2025,needs_research,surname only,disputed,B another office or district named,"surname-only auto-link: Cal-Access 1479406 ""JOHNSON FOR CALPERS BOARD 2025"" -- a campaign for the CalPERS board, not for the Pomona Unified board; this row is a CA_0156 no-evidence Pomona Unified placeholder (deactivated)"
fcc4d184-12d6-4660-a7e9-28bf6d021af2,a72b6e3b-1f34-4469-b9d1-622b64496927,Ashley Johnson,Pomona Unified,cal_access,1480067,JOHNSON FOR ASSEMBLY 2026,JOHNSON FOR ASSEMBLY 2026,951,ACTIVE,needs_research,surname only,disputed,B another office or district named,"surname-only auto-link: Cal-Access 1480067 ""JOHNSON FOR ASSEMBLY 2026"" -- a campaign for the State Assembly, not for the Pomona Unified board; this row is a CA_0156 no-evidence Pomona Unified placeholder (deactivated)"
e691da78-460f-4a22-ba28-65e6ab165ff1,a72b6e3b-1f34-4469-b9d1-622b64496927,Ashley Johnson,Pomona Unified,cal_access,1480312,JOHNSON FOR ASSEMBLY 2025,JOHNSON FOR ASSEMBLY 2025,951,ACTIVE,needs_research,surname only,disputed,B another office or district named,"surname-only auto-link: Cal-Access 1480312 ""JOHNSON FOR ASSEMBLY 2025"" -- a campaign for the State Assembly, not for the Pomona Unified board; this row is a CA_0156 no-evidence Pomona Unified placeholder (deactivated)"
9b5cddcd-d545-4145-a805-fc37a22fdb37,a72b6e3b-1f34-4469-b9d1-622b64496927,Ashley Johnson,Pomona Unified,cal_access,1481665,JOHNSON FOR MAYOR 2026,JOHNSON FOR MAYOR 2026,510,TERMINATED 06/30/2026,needs_research,surname only,disputed,B another office or district named,"surname-only auto-link: Cal-Access 1481665 ""JOHNSON FOR MAYOR 2026"" -- a campaign for mayor, not for the Pomona Unified board; this row is a CA_0156 no-evidence Pomona Unified placeholder (deactivated)"
f3dc7a4d-53b7-4452-aef0-2af1db813350,a72b6e3b-1f34-4469-b9d1-622b64496927,Ashley Johnson,Pomona Unified,cal_access,1485535,JOHNSON FOR CLAREMONT CITY COUNCIL 2026,JOHNSON FOR CLAREMONT CITY COUNCIL 2026,310,ACTIVE,needs_research,surname only,disputed,B another office or district named,"surname-only auto-link: Cal-Access 1485535 ""JOHNSON FOR CLAREMONT CITY COUNCIL 2026"" -- a campaign for a city council, not for the Pomona Unified board; this row is a CA_0156 no-evidence Pomona Unified placeholder (deactivated)"
0783390b-23c4-4726-84d1-02ddb2ca006f,a08c5e26-feee-4bbf-a60a-5de90eda74b5,Ben Kay,West Covina Unified,cal_access,1441273,MC KAY FOR CITY COUNCIL DISTRICT 3 - 2022,MC KAY FOR CITY COUNCIL DISTRICT 3 - 2022,619,TERMINATED 01/03/2023,needs_research,surname only,disputed,A names another person or place,"surname-only auto-link: Cal-Access 1441273 ""MC KAY FOR CITY COUNCIL DISTRICT 3 - 2022"" -- a different surname (Mc Kay), not Kay; this row is a CA_0156 no-evidence West Covina Unified placeholder (deactivated)"
3d237f92-7bb5-4f0e-be11-21369ac3b116,a08c5e26-feee-4bbf-a60a-5de90eda74b5,Ben Kay,West Covina Unified,cal_access,1441660,MC KAY FOR SUPERIOR COURT JUDGE 2022,MC KAY FOR SUPERIOR COURT JUDGE 2022,818,TERMINATED 06/30/2022,needs_research,surname only,disputed,A names another person or place,"surname-only auto-link: Cal-Access 1441660 ""MC KAY FOR SUPERIOR COURT JUDGE 2022"" -- a different surname (Mc Kay), not Kay; this row is a CA_0156 no-evidence West Covina Unified placeholder (deactivated)"
38fd468b-5dd6-452b-aabf-c4f17c478af6,352826a5-7a8a-4f18-980d-a3a655f17720,Charlene Stiles,Burbank Unified,cal_access,1047677,"STILES, FRIENDS AND NEIGHBORS OF LARRY","STILES, FRIENDS AND NEIGHBORS OF LARRY",916,TERMINATED 12/01/1990,needs_research,surname only,disputed,A names another person or place,"surname-only auto-link: Cal-Access 1047677 ""STILES, FRIENDS AND NEIGHBORS OF LARRY"" -- names a different person (Larry Stiles; filer area code 916, Sacramento); this row is a CA_0156 no-evidence Burbank Unified placeholder (deactivated)"
3fad138d-a84f-42d1-a3a7-8eadd3c564f0,06b5dac4-73b6-44a3-a279-77b1758a6163,Cheryl Cox,Covina-Valley Unified,cal_access,1061796,"COX FOR STATE SENATE, CITIZENS FOR DAVE","COX FOR STATE SENATE, CITIZENS FOR DAVE",916,TERMINATED 03/21/1994,needs_research,surname only,disputed,B another office or district named,"surname-only auto-link: Cal-Access 1061796 ""COX FOR STATE SENATE, CITIZENS FOR DAVE"" -- a campaign for the State Senate, not for the Covina-Valley Unified board; this row is a CA_0156 no-evidence Covina-Valley Unified placeholder (deactivated)"
00f2edd0-a1b7-470c-b772-9611a20ce581,06b5dac4-73b6-44a3-a279-77b1758a6163,Cheryl Cox,Covina-Valley Unified,cal_access,1069205,"COX - ASSEMBLY 2002, TAXPAYERS FOR DAVE","COX - ASSEMBLY 2002, TAXPAYERS FOR DAVE",916,TERMINATED 07/30/2004,needs_research,surname only,disputed,B another office or district named,"surname-only auto-link: Cal-Access 1069205 ""COX - ASSEMBLY 2002, TAXPAYERS FOR DAVE"" -- a campaign for the State Assembly, not for the Covina-Valley Unified board; this row is a CA_0156 no-evidence Covina-Valley Unified placeholder (deactivated)"
64914457-7342-4697-8426-09af5077fcda,06b5dac4-73b6-44a3-a279-77b1758a6163,Cheryl Cox,Covina-Valley Unified,cal_access,1226061,"COX FOR SCHOOL BOARD, CHERYL","COX FOR SCHOOL BOARD, CHERYL",619,TERMINATED 12/31/2006,needs_research,full name,disputed,C evidence places it elsewhere,"name-only auto-link: Cal-Access 1226061 ""COX FOR SCHOOL BOARD, CHERYL"" -- Cheryl Cox of Chula Vista (San Diego County): filer area code 619; the same person's later committees are ""COX FOR MAYOR, CHERYL"" (Chula Vista); this row is a CA_0156 no-evidence Covina-Valley Unified placeholder (deactivated)"
68de76d4-2086-4091-8a3a-7d1a01f88ef6,06b5dac4-73b6-44a3-a279-77b1758a6163,Cheryl Cox,Covina-Valley Unified,cal_access,1245621,COX CAMPAIGN COMMITTEE,COX CAMPAIGN COMMITTEE,916,TERMINATED 01/23/2003,needs_research,surname only,disputed,C evidence places it elsewhere,"surname-only auto-link: Cal-Access 1245621 ""COX CAMPAIGN COMMITTEE"" -- a Sacramento-area committee (filer area code 916); nothing ties it to a Cheryl Cox or to Covina-Valley USD; this row is a CA_0156 no-evidence Covina-Valley Unified placeholder (deactivated)"
bc40dff4-8904-45c4-8094-cf09738fb1e5,06b5dac4-73b6-44a3-a279-77b1758a6163,Cheryl Cox,Covina-Valley Unified,cal_access,1250931,"COX - 2004, TAXPAYERS FOR DAVE","COX - 2004, TAXPAYERS FOR DAVE",916,TERMINATED 06/30/2006,needs_research,surname only,disputed,A names another person or place,"surname-only auto-link: Cal-Access 1250931 ""COX - 2004, TAXPAYERS FOR DAVE"" -- names a different person (Dave Cox, Sacramento); this row is a CA_0156 no-evidence Covina-Valley Unified placeholder (deactivated)"
3d166879-6abf-426c-a4a0-16a5395eb572,06b5dac4-73b6-44a3-a279-77b1758a6163,Cheryl Cox,Covina-Valley Unified,cal_access,1272611,"COX - SENATE 2008, TAXPAYERS FOR DAVE","COX - SENATE 2008, TAXPAYERS FOR DAVE",916,TERMINATED 10/12/2010,needs_research,surname only,disputed,B another office or district named,"surname-only auto-link: Cal-Access 1272611 ""COX - SENATE 2008, TAXPAYERS FOR DAVE"" -- a campaign for the State Senate, not for the Covina-Valley Unified board; this row is a CA_0156 no-evidence Covina-Valley Unified placeholder (deactivated)"
852ba953-b38b-49f1-bbe2-82ca9c089280,06b5dac4-73b6-44a3-a279-77b1758a6163,Cheryl Cox,Covina-Valley Unified,cal_access,1283795,"COX FOR MAYOR, CHERYL","COX FOR MAYOR, CHERYL",619,TERMINATED 12/31/2006,confirmed,full name,disputed,C evidence places it elsewhere,"name-only auto-link: Cal-Access 1283795 ""COX FOR MAYOR, CHERYL"" -- Cheryl Cox's campaign for Mayor of Chula Vista (San Diego County; filer area code 619; the 4 contributions are the 2006 cycle); CA_0156 recorded this lead, and migration 1791 kept the link on the name alone; no evidence its candidate ever sought or held a Covina-Valley USD seat; this row is a CA_0156 no-evidence Covina-Valley Unified placeholder (deactivated)"
89da432a-6ac4-4763-857f-b086797c603c,06b5dac4-73b6-44a3-a279-77b1758a6163,Cheryl Cox,Covina-Valley Unified,cal_access,1308653,COX FOR DELTA COLLEGE TRUSTEE,COX FOR DELTA COLLEGE TRUSTEE,209,TERMINATED 12/31/2008,needs_research,surname only,disputed,B another office or district named,"surname-only auto-link: Cal-Access 1308653 ""COX FOR DELTA COLLEGE TRUSTEE"" -- a campaign for a community college board, not for the Covina-Valley Unified board; this row is a CA_0156 no-evidence Covina-Valley Unified placeholder (deactivated)"
7251f480-4710-403d-83d9-0eba56494822,06b5dac4-73b6-44a3-a279-77b1758a6163,Cheryl Cox,Covina-Valley Unified,cal_access,1320414,"COX FOR MAYOR 2010, CHERYL","COX FOR MAYOR 2010, CHERYL",619,TERMINATED 10/22/2010,needs_research,full name,disputed,C evidence places it elsewhere,"name-only auto-link: Cal-Access 1320414 ""COX FOR MAYOR 2010, CHERYL"" -- Cheryl Cox's 2010 campaign for Mayor of Chula Vista (San Diego County; same filer phone as 1283795); no evidence its candidate ever sought or held a Covina-Valley USD seat; this row is a CA_0156 no-evidence Covina-Valley Unified placeholder (deactivated)"
7b9c12eb-1203-48d7-bae4-ef02e1f29657,06b5dac4-73b6-44a3-a279-77b1758a6163,Cheryl Cox,Covina-Valley Unified,cal_access,1322209,COX FOR WATER BOARD 2009 CAMPAIGN FOR: JACKIE S. COX,COX FOR WATER BOARD 2009 CAMPAIGN FOR: JACKIE S. COX,909,TERMINATED 01/24/2010,needs_research,surname only,disputed,B another office or district named,"surname-only auto-link: Cal-Access 1322209 ""COX FOR WATER BOARD 2009 CAMPAIGN FOR: JACKIE S. COX"" -- a campaign for a water district board, not for the Covina-Valley Unified board; this row is a CA_0156 no-evidence Covina-Valley Unified placeholder (deactivated)"
49464a78-68d1-49fd-aa12-a7f2a7b311ac,06b5dac4-73b6-44a3-a279-77b1758a6163,Cheryl Cox,Covina-Valley Unified,cal_access,1404563,"COX FOR GOVERNOR 2018; RESTORE OUR VALUES, AN INDEPENDENT COMMITTEE SUPPORTING JOHN","COX FOR GOVERNOR 2018; RESTORE OUR VALUES, AN INDEPENDENT COMMITTEE SUPPORTING JOHN",760,TERMINATED 12/31/2018,needs_research,surname only,disputed,B another office or district named,"surname-only auto-link: Cal-Access 1404563 ""COX FOR GOVERNOR 2018; RESTORE OUR VALUES, AN INDEPENDENT COMMITTEE SUPPORTING JOHN"" -- a campaign for Governor, not for the Covina-Valley Unified board; this row is a CA_0156 no-evidence Covina-Valley Unified placeholder (deactivated)"
0edf3e51-4060-40f3-a934-56f38cac5236,06b5dac4-73b6-44a3-a279-77b1758a6163,Cheryl Cox,Covina-Valley Unified,cal_access,1407511,COX FOR GOVERNOR 2018; GREAT AMERICA COMMITTEE (FED PAC ID#C00640664) IN SUPPORT OF,COX FOR GOVERNOR 2018; GREAT AMERICA COMMITTEE (FED PAC ID#C00640664) IN SUPPORT OF,202,TERMINATED 06/30/2018,needs_research,surname only,disputed,B another office or district named,"surname-only auto-link: Cal-Access 1407511 ""COX FOR GOVERNOR 2018; GREAT AMERICA COMMITTEE (FED PAC ID#C00640664) IN SUPPORT OF"" -- a campaign for Governor, not for the Covina-Valley Unified board; this row is a CA_0156 no-evidence Covina-Valley Unified placeholder (deactivated)"
d1ecf4a5-9af2-4e5b-8078-a6da673e9c34,06b5dac4-73b6-44a3-a279-77b1758a6163,Cheryl Cox,Covina-Valley Unified,cal_access,1466901,COX DISTRICT 2 SUPERVISOR 2024; COMMITTEE TO REELECT JILL,COX DISTRICT 2 SUPERVISOR 2024; COMMITTEE TO REELECT JILL,530,TERMINATED 04/11/2024,needs_research,surname only,disputed,B another office or district named,"surname-only auto-link: Cal-Access 1466901 ""COX DISTRICT 2 SUPERVISOR 2024; COMMITTEE TO REELECT JILL"" -- a campaign for a county board of supervisors, not for the Covina-Valley Unified board; this row is a CA_0156 no-evidence Covina-Valley Unified placeholder (deactivated)"
fb7a2cc9-6148-4aac-9f91-a551d5dbab13,06b5dac4-73b6-44a3-a279-77b1758a6163,Cheryl Cox,Covina-Valley Unified,cal_access,1473886,"CHANDRA, ONEILL, KERTES, AND COX TO CITY COUNCIL 2024, SPONSORED BY RELATED SANTA CLARA, LLC; COMMITTEE TO ELECT","CHANDRA, ONEILL, KERTES, AND COX TO CITY COUNCIL 2024, SPONSORED BY RELATED SANTA CLARA, LLC; COMMITTEE TO ELECT",408,TERMINATED 06/30/2025,needs_research,surname only,disputed,B another office or district named,"surname-only auto-link: Cal-Access 1473886 ""CHANDRA, ONEILL, KERTES, AND COX TO CITY COUNCIL 2024, SPONSORED BY RELATED SANTA CLARA, LLC; COMMITTEE TO ELECT"" -- a campaign for a city council, not for the Covina-Valley Unified board; this row is a CA_0156 no-evidence Covina-Valley Unified placeholder (deactivated)"
a38cb39e-71f7-4392-8903-1ba224c6ad80,d0f59905-f5e3-4e38-a3df-2dc6fb51a4a4,Dave Horner,El Segundo Unified,cal_access,1280003,HORNER FOR HAYWARD SCHOOLS,HORNER FOR HAYWARD SCHOOLS,510,TERMINATED 08/15/2016,needs_research,surname only,disputed,B another office or district named,"surname-only auto-link: Cal-Access 1280003 ""HORNER FOR HAYWARD SCHOOLS"" -- a campaign for the board of a different school district, not for the El Segundo Unified board; this row is a CA_0156 no-evidence El Segundo Unified placeholder (deactivated)"
abc8422c-97f4-46fe-8550-5cd37d7fc952,d0f59905-f5e3-4e38-a3df-2dc6fb51a4a4,Dave Horner,El Segundo Unified,cal_access,1373116,HORNER FOR SCHOOL BOARD 2014,HORNER FOR SCHOOL BOARD 2014,408,TERMINATED 11/13/2014,needs_research,surname only,disputed,C evidence places it elsewhere,"surname-only auto-link: Cal-Access 1373116 ""HORNER FOR SCHOOL BOARD 2014"" -- Morgan Hill USD: same filer phone as 1448750 ""HORNER FOR MHUSD TRUSTEE AREA 2 - 2022""; this row is a CA_0156 no-evidence El Segundo Unified placeholder (deactivated)"
c0cacced-c2e5-4c64-bf07-f07e3e6efcef,d0f59905-f5e3-4e38-a3df-2dc6fb51a4a4,Dave Horner,El Segundo Unified,cal_access,1448750,HORNER FOR MHUSD TRUSTEE AREA 2 - 2022,HORNER FOR MHUSD TRUSTEE AREA 2 - 2022,408,TERMINATED 11/23/2022,needs_research,surname only,disputed,B another office or district named,"surname-only auto-link: Cal-Access 1448750 ""HORNER FOR MHUSD TRUSTEE AREA 2 - 2022"" -- a campaign for the board of a different school district, not for the El Segundo Unified board; this row is a CA_0156 no-evidence El Segundo Unified placeholder (deactivated)"
aee177f6-793f-41d4-854f-445d1782d65f,d0f59905-f5e3-4e38-a3df-2dc6fb51a4a4,Dave Horner,El Segundo Unified,cal_access,1487170,HORNER FOR MHUSD TRUSTEE AREA 2 - 2026,HORNER FOR MHUSD TRUSTEE AREA 2 - 2026,408,ACTIVE,needs_research,surname only,disputed,B another office or district named,"surname-only auto-link: Cal-Access 1487170 ""HORNER FOR MHUSD TRUSTEE AREA 2 - 2026"" -- a campaign for the board of a different school district, not for the El Segundo Unified board; this row is a CA_0156 no-evidence El Segundo Unified placeholder (deactivated)"
98192fb1-ea68-4ad0-a874-5b2732dc4067,6684b629-12c1-46ac-80ea-6d9e7bf51c6c,David Gallardo,Norwalk-La Mirada Unified,cal_access,1301111,"GALLARDO, FRIENDS OF DR. ANGEL E.","GALLARDO, FRIENDS OF DR. ANGEL E.",562,TERMINATED 11/01/2007,needs_research,surname only,disputed,A names another person or place,"surname-only auto-link: Cal-Access 1301111 ""GALLARDO, FRIENDS OF DR. ANGEL E."" -- names a different person (Dr. Angel E. Gallardo); this row is a CA_0156 no-evidence Norwalk-La Mirada Unified placeholder (deactivated)"
da60015d-5161-4d72-94ad-25e9a52eb610,6684b629-12c1-46ac-80ea-6d9e7bf51c6c,David Gallardo,Norwalk-La Mirada Unified,cal_access,1320942,"GALLARDO 2009 FOR COUNCIL, COMMITTEE TO ELECT","GALLARDO 2009 FOR COUNCIL, COMMITTEE TO ELECT",760,TERMINATED 05/12/2010,needs_research,surname only,disputed,B another office or district named,"surname-only auto-link: Cal-Access 1320942 ""GALLARDO 2009 FOR COUNCIL, COMMITTEE TO ELECT"" -- a campaign for a city council, not for the Norwalk-La Mirada Unified board; this row is a CA_0156 no-evidence Norwalk-La Mirada Unified placeholder (deactivated)"
4b15d69c-f724-4128-a022-3119d41008c8,6684b629-12c1-46ac-80ea-6d9e7bf51c6c,David Gallardo,Norwalk-La Mirada Unified,cal_access,1374262,GALLARDO FOR BELL CITY COUNCIL 2015,GALLARDO FOR CITY COUNCIL 2020,562,TERMINATED 07/21/2023,needs_research,surname only,disputed,A names another person or place,"surname-only auto-link: Cal-Access 1374262 ""GALLARDO FOR CITY COUNCIL 2020"" (stored as ""GALLARDO FOR BELL CITY COUNCIL 2015"") -- a Bell City Council campaign (Fidencio Gallardo; same filer phone as his 2019 LAUSD committee); this row is a CA_0156 no-evidence Norwalk-La Mirada Unified placeholder (deactivated)"
6ab12796-506b-4098-a598-072e86b7dd66,6684b629-12c1-46ac-80ea-6d9e7bf51c6c,David Gallardo,Norwalk-La Mirada Unified,cal_access,1413143,GALLARDO FOR SCHOOL BOARD 2019,GALLARDO FOR SCHOOL BOARD 2019,562,TERMINATED 01/18/2019,needs_research,surname only,disputed,A names another person or place,"surname-only auto-link: Cal-Access 1413143 ""GALLARDO FOR SCHOOL BOARD 2019"" -- LA City Ethics records the candidate as Fidencio Gallardo, LAUSD Board District 5 (2019 special); same filer phone as his Bell City Council committee; this row is a CA_0156 no-evidence Norwalk-La Mirada Unified placeholder (deactivated)"
e852ae18-a3cb-4e9e-9b52-3e6231ac3f46,6684b629-12c1-46ac-80ea-6d9e7bf51c6c,David Gallardo,Norwalk-La Mirada Unified,cal_access,1461832,GALLARDO FOR SCHOOL BOARD 2024,GALLARDO FOR SCHOOL BOARD 2024,323,TERMINATED 06/30/2025,needs_research,surname only,disputed,A names another person or place,"surname-only auto-link: Cal-Access 1461832 ""GALLARDO FOR SCHOOL BOARD 2024"" -- LA City Ethics records the candidate as Fidencio Gallardo, LAUSD Board District 5 (2024); this row is a CA_0156 no-evidence Norwalk-La Mirada Unified placeholder (deactivated)"
a973938f-6f5f-4b5e-8a8c-1d0df4fc6f71,6684b629-12c1-46ac-80ea-6d9e7bf51c6c,David Gallardo,Norwalk-La Mirada Unified,cal_access,1486238,GALLARDO FOR DISTRICT 1 SUPERVISOR 2026,GALLARDO FOR DISTRICT 1 SUPERVISOR 2026,530,TERMINATED 06/30/2026,needs_research,surname only,disputed,B another office or district named,"surname-only auto-link: Cal-Access 1486238 ""GALLARDO FOR DISTRICT 1 SUPERVISOR 2026"" -- a campaign for a county board of supervisors, not for the Norwalk-La Mirada Unified board; this row is a CA_0156 no-evidence Norwalk-La Mirada Unified placeholder (deactivated)"
f9c7e771-f36e-4f56-886f-413157d0e741,d672334c-0b65-446f-be5e-0594889a71d2,Denise Jaquez,Duarte Unified,cal_access,1247594,"JAQUEZ FOR AC TRANSIT DIRECTOR NUMBER 3, COMMITTEE TO ELECT","JAQUEZ FOR AC TRANSIT DIRECTOR NUMBER 3, COMMITTEE TO ELECT",510,TERMINATED 07/18/2016,needs_research,surname only,disputed,B another office or district named,"surname-only auto-link: Cal-Access 1247594 ""JAQUEZ FOR AC TRANSIT DIRECTOR NUMBER 3, COMMITTEE TO ELECT"" -- a campaign for the AC Transit board, not for the Duarte Unified board; this row is a CA_0156 no-evidence Duarte Unified placeholder (deactivated)"
52bd3f11-7644-4c78-a54a-3c3d28e4dd02,d672334c-0b65-446f-be5e-0594889a71d2,Denise Jaquez,Duarte Unified,cal_access,1248174,"JAQUEZ FOR AC TRANSIT WORD NO.3, COMMITTEE TO ELECT","JAQUEZ FOR AC TRANSIT WORD NO.3, COMMITTEE TO ELECT",510,ACTIVE,needs_research,surname only,disputed,B another office or district named,"surname-only auto-link: Cal-Access 1248174 ""JAQUEZ FOR AC TRANSIT WORD NO.3, COMMITTEE TO ELECT"" -- a campaign for the AC Transit board, not for the Duarte Unified board; this row is a CA_0156 no-evidence Duarte Unified placeholder (deactivated)"
3908b922-64fa-4f0e-9e42-c3795d172aa9,ea6acf1c-3ada-4062-b324-0278459c99be,Diana Carey,La Canada Unified,cal_access,1220475,CAREY CAMPAIGN COMMITTEE,CAREY CAMPAIGN COMMITTEE,949,TERMINATED 01/21/2000,needs_research,surname only,disputed,C evidence places it elsewhere,"surname-only auto-link: Cal-Access 1220475 ""CAREY CAMPAIGN COMMITTEE"" -- an Orange County committee (filer area code 949, terminated 2000); nothing ties it to La Canada USD; this row is a CA_0156 no-evidence La Canada Unified placeholder (deactivated)"
81aeb6d7-5cad-4f67-a72e-964bcd2d3e9d,ea6acf1c-3ada-4062-b324-0278459c99be,Diana Carey,La Canada Unified,cal_access,1264089,CAREY FOR ASSEMBLY,CAREY FOR ASSEMBLY,916,TERMINATED 12/31/2004,needs_research,surname only,disputed,B another office or district named,"surname-only auto-link: Cal-Access 1264089 ""CAREY FOR ASSEMBLY"" -- a campaign for the State Assembly, not for the La Canada Unified board; this row is a CA_0156 no-evidence La Canada Unified placeholder (deactivated)"
3c1f7fe9-436f-441f-b2b3-65fade3e1c83,ea6acf1c-3ada-4062-b324-0278459c99be,Diana Carey,La Canada Unified,cal_access,1345039,"CAREY FOR CITY COUNCIL 2012, FRIENDS OF DIANA","CAREY FOR CITY COUNCIL 2012, FRIENDS OF DIANA",714,TERMINATED 12/27/2012,needs_research,full name,disputed,B another office or district named,"name-only auto-link: Cal-Access 1345039 ""CAREY FOR CITY COUNCIL 2012, FRIENDS OF DIANA"" -- a campaign for a city council, not for the La Canada Unified board; no evidence its candidate ever sought or held a La Canada Unified seat; this row is a CA_0156 no-evidence La Canada Unified placeholder (deactivated)"
c5b0d0b4-30e4-43f0-9b37-12974181079c,ea6acf1c-3ada-4062-b324-0278459c99be,Diana Carey,La Canada Unified,cal_access,1404990,CAREY FOR HUNTINGTON BEACH UNIFIED HIGH SCHOOL DISTRICT 2018; DIANA,CAREY FOR HUNTINGTON BEACH UNIFIED HIGH SCHOOL DISTRICT 2018; DIANA,714,TERMINATED 12/05/2018,needs_research,full name,disputed,B another office or district named,"name-only auto-link: Cal-Access 1404990 ""CAREY FOR HUNTINGTON BEACH UNIFIED HIGH SCHOOL DISTRICT 2018; DIANA"" -- a campaign for the board of a different school district, not for the La Canada Unified board; no evidence its candidate ever sought or held a La Canada Unified seat; this row is a CA_0156 no-evidence La Canada Unified placeholder (deactivated)"
03580fb7-a710-4233-8863-f00850fd89d7,ea6acf1c-3ada-4062-b324-0278459c99be,Diana Carey,La Canada Unified,cal_access,1444301,CAREY FOR HUNTINGTON BEACH UNIFIED HIGH SCHOOL DISTRICT 2022,CAREY FOR HUNTINGTON BEACH UNION HIGH SCHOOL DISTRICT 2022; DIANA,714,TERMINATED 02/06/2023,needs_research,full name,disputed,B another office or district named,"name-only auto-link: Cal-Access 1444301 ""CAREY FOR HUNTINGTON BEACH UNION HIGH SCHOOL DISTRICT 2022; DIANA"" (stored as ""CAREY FOR HUNTINGTON BEACH UNIFIED HIGH SCHOOL DISTRICT 2022"") -- a campaign for the board of a different school district, not for the La Canada Unified board; no evidence its candidate ever sought or held a La Canada Unified seat; this row is a CA_0156 no-evidence La Canada Unified placeholder (deactivated)"
9d40afef-da82-485b-8f97-bc6a0d637978,ea6acf1c-3ada-4062-b324-0278459c99be,Diana Carey,La Canada Unified,cal_access,1483421,CAREY FOR HUNTINGTON BEACH UNION HIGH SCHOOL DISTRICT 2026; DIANA,CAREY FOR HUNTINGTON BEACH UNION HIGH SCHOOL DISTRICT 2026; DIANA,714,ACTIVE,needs_research,full name,disputed,B another office or district named,"name-only auto-link: Cal-Access 1483421 ""CAREY FOR HUNTINGTON BEACH UNION HIGH SCHOOL DISTRICT 2026; DIANA"" -- a campaign for the board of a different school district, not for the La Canada Unified board; no evidence its candidate ever sought or held a La Canada Unified seat; this row is a CA_0156 no-evidence La Canada Unified placeholder (deactivated)"
5626d891-854d-49ad-aad4-9b68d01d5580,4fe290b2-aa2f-4ba1-b172-c0e75e8994ee,Diana Corona,Bassett Unified,cal_access,1219614,ACKERMAN FOR CORONA CITY COUNCIL,ACKERMAN FOR CORONA CITY COUNCIL,909,TERMINATED 05/14/2025,needs_research,surname only,disputed,A names another person or place,"surname-only auto-link: Cal-Access 1219614 ""ACKERMAN FOR CORONA CITY COUNCIL"" -- the match is on the city name Corona, not the surname; this row is a CA_0156 no-evidence Bassett Unified placeholder (deactivated)"
7efe0aa7-6ff7-4bad-bb98-63b87f4656ba,4fe290b2-aa2f-4ba1-b172-c0e75e8994ee,Diana Corona,Bassett Unified,cal_access,1230107,CONCERNED CITIZENS FOR THE FUTURE OF CORONA,CONCERNED CITIZENS FOR THE FUTURE OF CORONA,909,TERMINATED 06/13/2001,needs_research,surname only,disputed,A names another person or place,"surname-only auto-link: Cal-Access 1230107 ""CONCERNED CITIZENS FOR THE FUTURE OF CORONA"" -- the match is on the city name Corona, not the surname (an issue committee, not a candidate); this row is a CA_0156 no-evidence Bassett Unified placeholder (deactivated)"
16da9aa3-2e95-4df0-874d-afe9be38e465,4fe290b2-aa2f-4ba1-b172-c0e75e8994ee,Diana Corona,Bassett Unified,cal_access,1258090,"CORONA, COMMITTEE TO ELECT","CORONA, COMMITTEE TO ELECT",619,TERMINATED 09/03/2004,needs_research,surname only,disputed,C evidence places it elsewhere,"surname-only auto-link: Cal-Access 1258090 ""CORONA, COMMITTEE TO ELECT"" -- a San Diego committee (filer area code 619); nothing ties it to a Diana Corona or to Bassett USD; this row is a CA_0156 no-evidence Bassett Unified placeholder (deactivated)"
3aa8d1a9-598a-4a50-bfc6-a954ade2de3c,4fe290b2-aa2f-4ba1-b172-c0e75e8994ee,Diana Corona,Bassett Unified,cal_access,1332759,GREEN FOR CORONA / NORCO SCHOOL BOARD 2010,GREEN FOR CORONA / NORCO SCHOOL BOARD 2010,951,TERMINATED 08/08/2016,needs_research,surname only,disputed,A names another person or place,"surname-only auto-link: Cal-Access 1332759 ""GREEN FOR CORONA / NORCO SCHOOL BOARD 2010"" -- the match is on the city name Corona (Corona-Norco USD), not the surname; this row is a CA_0156 no-evidence Bassett Unified placeholder (deactivated)"
248059a4-ae92-45d8-97bf-88ddfce79fcf,4fe290b2-aa2f-4ba1-b172-c0e75e8994ee,Diana Corona,Bassett Unified,cal_access,1361537,"HUSTED FOR CORONA CITY COUNCIL 2014, CAMPAIGN OF DAVID B.",HUSTED FOR CORONA CITY COUNCIL 2014,951,TERMINATED 01/26/2015,needs_research,surname only,disputed,A names another person or place,"surname-only auto-link: Cal-Access 1361537 ""HUSTED FOR CORONA CITY COUNCIL 2014"" (stored as ""HUSTED FOR CORONA CITY COUNCIL 2014, CAMPAIGN OF DAVID B."") -- the match is on the city name Corona, not the surname; this row is a CA_0156 no-evidence Bassett Unified placeholder (deactivated)"
552059a8-b710-4df0-9ab7-a25354f04e10,4fe290b2-aa2f-4ba1-b172-c0e75e8994ee,Diana Corona,Bassett Unified,cal_access,1401828,STEINER FOR CORONA CITY COUNCIL DISTRICT 4 2022,STEINER FOR CORONA CITY COUNCIL DISTRICT 4 2022,951,ACTIVE,needs_research,surname only,disputed,A names another person or place,"surname-only auto-link: Cal-Access 1401828 ""STEINER FOR CORONA CITY COUNCIL DISTRICT 4 2022"" -- the match is on the city name Corona, not the surname; this row is a CA_0156 no-evidence Bassett Unified placeholder (deactivated)"
1e4fc997-6bda-476e-965d-55b3a275ee48,4fe290b2-aa2f-4ba1-b172-c0e75e8994ee,Diana Corona,Bassett Unified,cal_access,1410730,"HUSTED FOR 2018 CORONA CITY COUNCIL DISTRICT 5; COMMITTEE TO ELECT DAVE, THE","HUSTED FOR 2018 CORONA CITY COUNCIL DISTRICT 5; COMMITTEE TO ELECT DAVE, THE",951,TERMINATED 12/06/2018,needs_research,surname only,disputed,A names another person or place,"surname-only auto-link: Cal-Access 1410730 ""HUSTED FOR 2018 CORONA CITY COUNCIL DISTRICT 5; COMMITTEE TO ELECT DAVE, THE"" -- the match is on the city name Corona, not the surname; this row is a CA_0156 no-evidence Bassett Unified placeholder (deactivated)"
0bd65be2-6fc0-4d3f-abc6-a8f908991da6,4fe290b2-aa2f-4ba1-b172-c0e75e8994ee,Diana Corona,Bassett Unified,cal_access,1411737,CORONA FOR CITY COUNCIL 2018,CORONA FOR CITY COUNCIL 2018,909,TERMINATED 01/18/2019,needs_research,surname only,disputed,B another office or district named,"surname-only auto-link: Cal-Access 1411737 ""CORONA FOR CITY COUNCIL 2018"" -- a campaign for a city council, not for the Bassett Unified board; this row is a CA_0156 no-evidence Bassett Unified placeholder (deactivated)"
2d69fd57-0e5c-49bc-8a57-50af5babcc32,4fe290b2-aa2f-4ba1-b172-c0e75e8994ee,Diana Corona,Bassett Unified,cal_access,1426325,DADDARIO FOR CORONA CITY COUNCIL DISTRICT 2 - 2020,DADDARIO FOR CORONA CITY COUNCIL DISTRICT 2 - 2020,714,TERMINATED 07/27/2021,needs_research,surname only,disputed,A names another person or place,"surname-only auto-link: Cal-Access 1426325 ""DADDARIO FOR CORONA CITY COUNCIL DISTRICT 2 - 2020"" -- the match is on the city name Corona, not the surname; this row is a CA_0156 no-evidence Bassett Unified placeholder (deactivated)"
020e228f-82f8-4660-98d2-dda94713ab20,4fe290b2-aa2f-4ba1-b172-c0e75e8994ee,Diana Corona,Bassett Unified,cal_access,1431761,CORONA FOR SCHOOL BOARD 2020,CORONA FOR SCHOOL BOARD 2020,408,TERMINATED 02/09/2021,needs_research,surname only,disputed,C evidence places it elsewhere,"surname-only auto-link: Cal-Access 1431761 ""CORONA FOR SCHOOL BOARD 2020"" -- a Santa Clara County committee (filer area code 408); nothing ties it to a Diana Corona or to Bassett USD; this row is a CA_0156 no-evidence Bassett Unified placeholder (deactivated)"
f230c9cf-69c9-44ad-bf38-21370de2041e,4fe290b2-aa2f-4ba1-b172-c0e75e8994ee,Diana Corona,Bassett Unified,cal_access,1432458,CORONA FOR CITY COUNCIL 2020,CORONA FOR CITY COUNCIL 2020,909,TERMINATED 06/07/2022,needs_research,surname only,disputed,B another office or district named,"surname-only auto-link: Cal-Access 1432458 ""CORONA FOR CITY COUNCIL 2020"" -- a campaign for a city council, not for the Bassett Unified board; this row is a CA_0156 no-evidence Bassett Unified placeholder (deactivated)"
e2c5e074-1375-4649-b3dd-68775420759d,4fe290b2-aa2f-4ba1-b172-c0e75e8994ee,Diana Corona,Bassett Unified,cal_access,1448742,CORONA FOR CITY COUNCIL 2022,CORONA FOR CITY COUNCIL 2022,909,TERMINATED 12/05/2022,needs_research,surname only,disputed,B another office or district named,"surname-only auto-link: Cal-Access 1448742 ""CORONA FOR CITY COUNCIL 2022"" -- a campaign for a city council, not for the Bassett Unified board; this row is a CA_0156 no-evidence Bassett Unified placeholder (deactivated)"
29ed03ba-5429-4da3-aff4-8ac96f200ed1,4fe290b2-aa2f-4ba1-b172-c0e75e8994ee,Diana Corona,Bassett Unified,cal_access,1469041,CORONA FOR CITY COUNCIL 2024; DISTRICT 4,CORONA FOR CITY COUNCIL 2024; DISTRICT 4,909,ACTIVE,needs_research,surname only,disputed,B another office or district named,"surname-only auto-link: Cal-Access 1469041 ""CORONA FOR CITY COUNCIL 2024; DISTRICT 4"" -- a campaign for a city council, not for the Bassett Unified board; this row is a CA_0156 no-evidence Bassett Unified placeholder (deactivated)"
3c28aeee-304d-4ddb-a3d5-fb32a218cad7,4fe290b2-aa2f-4ba1-b172-c0e75e8994ee,Diana Corona,Bassett Unified,cal_access,1481487,ALEXANDER FOR CORONA CITY COUNCIL DISTRICT 4 2026,ALEXANDER FOR CORONA CITY COUNCIL DISTRICT 4 2026,951,ACTIVE,needs_research,surname only,disputed,A names another person or place,"surname-only auto-link: Cal-Access 1481487 ""ALEXANDER FOR CORONA CITY COUNCIL DISTRICT 4 2026"" -- the match is on the city name Corona, not the surname; this row is a CA_0156 no-evidence Bassett Unified placeholder (deactivated)"
cee63cb2-9b4d-4567-9895-429cb7de7903,c5942060-6b40-46f0-8518-9d6aa0e55307,Dorothy Chi,Hacienda La Puente Unified,cal_access,1332862,"CHI FOR FULLERTON CITY COUNCIL 2010, FULLERTON RESIDENTS WHO OPPOSE ROLAND","CHI FOR FULLERTON CITY COUNCIL 2010, FULLERTON RESIDENTS WHO OPPOSE ROLAND",714,TERMINATED 10/23/2012,needs_research,surname only,disputed,B another office or district named,"surname-only auto-link: Cal-Access 1332862 ""CHI FOR FULLERTON CITY COUNCIL 2010, FULLERTON RESIDENTS WHO OPPOSE ROLAND"" -- a campaign for a city council, not for the Hacienda La Puente Unified board; this row is a CA_0156 no-evidence Hacienda La Puente Unified placeholder (deactivated)"
83fcb586-b3ce-48b0-8e80-cf162c4868e5,29d411a9-c672-4549-8c2e-a9b276cf8537,Ed Chung,Arcadia Unified,cal_access,1053427,"CHUNG FOR ASSEMBLY, T. S.","CHUNG FOR ASSEMBLY, T. S.",213,TERMINATED 03/31/1998,needs_research,surname only,disputed,B another office or district named,"surname-only auto-link: Cal-Access 1053427 ""CHUNG FOR ASSEMBLY, T. S."" -- a campaign for the State Assembly, not for the Arcadia Unified board; this row is a CA_0156 no-evidence Arcadia Unified placeholder (deactivated)"
83c12ac6-a285-4c64-9692-d649d304cb73,b59c2b42-0cc7-4120-91bd-ea078bb4f248,Eduardo Arreola,Hacienda La Puente Unified,cal_access,1279448,ARREOLA FOUNDATION,ARREOLA FOUNDATION,,TERMINATED 12/12/2012,needs_research,surname only,disputed,C evidence places it elsewhere,"surname-only auto-link: Cal-Access 1279448 ""ARREOLA FOUNDATION"" -- a foundation, not a candidate committee; no phone and no office on the filer record; nothing ties it to Hacienda La Puente USD; this row is a CA_0156 no-evidence Hacienda La Puente Unified placeholder (deactivated)"
da064c42-804d-4b92-869a-c22bd34ed921,b59c2b42-0cc7-4120-91bd-ea078bb4f248,Eduardo Arreola,Hacienda La Puente Unified,cal_access,1472293,ARREOLA FOR CVUSD TRUSTEE 2024,ARREOLA FOR CVUSD TRUSTEE 2024,769,ACTIVE,needs_research,surname only,disputed,B another office or district named,"surname-only auto-link: Cal-Access 1472293 ""ARREOLA FOR CVUSD TRUSTEE 2024"" -- a campaign for the board of a different school district, not for the Hacienda La Puente Unified board; this row is a CA_0156 no-evidence Hacienda La Puente Unified placeholder (deactivated)"
3349b648-6e3a-4ce5-909a-644118a8fab3,b59c2b42-0cc7-4120-91bd-ea078bb4f248,Eduardo Arreola,Hacienda La Puente Unified,cal_access,1473779,ARREOLA FOR CITY COUNCIL 2024,ARREOLA FOR CITY COUNCIL 2024,213,TERMINATED 12/09/2024,needs_research,surname only,disputed,B another office or district named,"surname-only auto-link: Cal-Access 1473779 ""ARREOLA FOR CITY COUNCIL 2024"" -- a campaign for a city council, not for the Hacienda La Puente Unified board; this row is a CA_0156 no-evidence Hacienda La Puente Unified placeholder (deactivated)"
3438d0c8-8096-4825-a6c6-f539c68f844b,0624c64b-af95-4d06-ac16-ca185f50da42,Edward Zuniga,Azusa Unified,cal_access,1233323,"ZUNIGA, COMMITTEE TO ELECT JOSE ""CHAVA""","ZUNIGA, COMMITTEE TO ELECT JOSE ""CHAVA""",323,ACTIVE,needs_research,surname only,disputed,A names another person or place,"surname-only auto-link: Cal-Access 1233323 ""ZUNIGA, COMMITTEE TO ELECT JOSE 'CHAVA'"" -- names a different person (Jose ""Chava"" Zuniga); this row is a CA_0156 no-evidence Azusa Unified placeholder (deactivated)"
72a1a8c5-9a6e-49e7-b7c8-6c94cdb0101f,0624c64b-af95-4d06-ac16-ca185f50da42,Edward Zuniga,Azusa Unified,cal_access,1318759,"ZUNIGA FOR SCHOOL BOARD 2009, EDDIE","ZUNIGA FOR SCHOOL BOARD 2009, EDDIE",213,TERMINATED 12/31/2013,needs_research,full name,disputed,C evidence places it elsewhere,"name-only auto-link: Cal-Access 1318759 ""ZUNIGA FOR SCHOOL BOARD 2009, EDDIE"" -- Eddie Zuniga ran for and won an El Monte City School District seat on 2009-11-03 (Smart Voter LA County archive); the 2009 Azusa USD race was uncontested with no Zuniga; this row is a CA_0156 no-evidence Azusa Unified placeholder (deactivated)"
0bbfab37-66ea-4197-9130-7cf34e42a995,52e2ca7c-cf20-490e-97dd-57741a95fb52,Eric Sheridan,Redondo Beach Unified,cal_access,1247553,SHERIDAN FOR CITY COUNCIL,SHERIDAN FOR CITY COUNCIL,562,TERMINATED 08/17/2016,needs_research,surname only,disputed,B another office or district named,"surname-only auto-link: Cal-Access 1247553 ""SHERIDAN FOR CITY COUNCIL"" -- a campaign for a city council, not for the Redondo Beach Unified board; this row is a CA_0156 no-evidence Redondo Beach Unified placeholder (deactivated)"
b4b7b98a-201a-4948-98d0-90e86b1a9414,ab3b160e-2904-42b0-895e-e28b407ac405,Frances Robles,Alhambra Unified,cal_access,1256212,"ROBLES, MONTEBELLO FAMILIES FOR CHRIS","ROBLES, MONTEBELLO FAMILIES FOR CHRIS",323,TERMINATED 03/06/2017,needs_research,surname only,disputed,A names another person or place,"surname-only auto-link: Cal-Access 1256212 ""ROBLES, MONTEBELLO FAMILIES FOR CHRIS"" -- names a different person (Chris Robles, Montebello); this row is a CA_0156 no-evidence Alhambra Unified placeholder (deactivated)"
3a3b79f0-d0c8-4260-abf1-971d35b134b3,ab3b160e-2904-42b0-895e-e28b407ac405,Frances Robles,Alhambra Unified,cal_access,1381507,ROBLES 2016; YES ON RECALL OF MAYOR ALBERT,ROBLES 2016; YES ON RECALL OF MAYOR ALBERT,310,TERMINATED 07/14/2016,needs_research,surname only,disputed,B another office or district named,"surname-only auto-link: Cal-Access 1381507 ""ROBLES 2016; YES ON RECALL OF MAYOR ALBERT"" -- a recall committee, not a campaign for the Alhambra Unified board; this row is a CA_0156 no-evidence Alhambra Unified placeholder (deactivated)"
5b215ff5-3540-45a0-b566-14aef320d552,ab3b160e-2904-42b0-895e-e28b407ac405,Frances Robles,Alhambra Unified,cal_access,1391865,KATHERMAN AND ALBERT ROBLES FOR WATER BOARD 2016; NEIGHBORS FOR CLEAN WATER IN SUPPORT OF ROB,KATHERMAN AND ALBERT ROBLES FOR WATER BOARD 2016; NEIGHBORS FOR CLEAN WATER IN SUPPORT OF ROB,213,TERMINATED 12/20/2017,needs_research,surname only,disputed,B another office or district named,"surname-only auto-link: Cal-Access 1391865 ""KATHERMAN AND ALBERT ROBLES FOR WATER BOARD 2016; NEIGHBORS FOR CLEAN WATER IN SUPPORT OF ROB"" -- a campaign for a water district board, not for the Alhambra Unified board; this row is a CA_0156 no-evidence Alhambra Unified placeholder (deactivated)"
f6a294d0-0eea-4dea-91fb-4817e76b0847,ab3b160e-2904-42b0-895e-e28b407ac405,Frances Robles,Alhambra Unified,cal_access,1396999,ROBLES; LEGAL DEFENSE FUND ALBERT,ROBLES; LEGAL DEFENSE FUND ALBERT,562,TERMINATED 12/31/2022,needs_research,surname only,disputed,B another office or district named,"surname-only auto-link: Cal-Access 1396999 ""ROBLES; LEGAL DEFENSE FUND ALBERT"" -- a legal defense fund, not a campaign for the Alhambra Unified board; this row is a CA_0156 no-evidence Alhambra Unified placeholder (deactivated)"
0835f177-1a8d-42de-b4a2-7e902fafbac0,ab3b160e-2904-42b0-895e-e28b407ac405,Frances Robles,Alhambra Unified,cal_access,1412548,ROBLES FOR SCHOOL BOARD 2018,ROBLES FOR SCHOOL BOARD 2018,626,TERMINATED 07/26/2019,needs_research,surname only,disputed,C evidence places it elsewhere,"surname-only auto-link: Cal-Access 1412548 ""ROBLES FOR SCHOOL BOARD 2018"" -- the only 2018 LA County school-board candidates surnamed Robles were Rachael Robles (Covina-Valley USD) and Deanna Coronado Robles (Baldwin Park USD) (RR/CC candidate list); none ran for Alhambra USD; this row is a CA_0156 no-evidence Alhambra Unified placeholder (deactivated)"
f52e1d5c-bbe1-4414-8b03-84ca97793e80,ab3b160e-2904-42b0-895e-e28b407ac405,Frances Robles,Alhambra Unified,cal_access,1413907,AREND FOR PASO ROBLES SCHOOL BOARD 2018,AREND FOR PASO ROBLES SCHOOL BOARD 2018,805,TERMINATED 12/31/2018,needs_research,surname only,disputed,A names another person or place,"surname-only auto-link: Cal-Access 1413907 ""AREND FOR PASO ROBLES SCHOOL BOARD 2018"" -- the match is on the place name Paso Robles, not the surname; this row is a CA_0156 no-evidence Alhambra Unified placeholder (deactivated)"
39483cb2-18a9-4d39-8922-3f2ae04d561b,ab3b160e-2904-42b0-895e-e28b407ac405,Frances Robles,Alhambra Unified,cal_access,1424901,ROBLES FOR LOS ANGELES COUNTY SUPERVISOR #2 2020); LATINO VOTER PROJECT (A COMMITTEE IN SUPPORT OF ALBERT,ROBLES FOR LOS ANGELES COUNTY SUPERVISOR #2 2020); LATINO VOTER PROJECT (A COMMITTEE IN SUPPORT OF ALBERT,213,TERMINATED 09/25/2020,needs_research,surname only,disputed,B another office or district named,"surname-only auto-link: Cal-Access 1424901 ""ROBLES FOR LOS ANGELES COUNTY SUPERVISOR #2 2020); LATINO VOTER PROJECT (A COMMITTEE IN SUPPORT OF ALBERT"" -- a campaign for a county board of supervisors, not for the Alhambra Unified board; this row is a CA_0156 no-evidence Alhambra Unified placeholder (deactivated)"
460fbd2f-71fc-4be7-967a-f30d22a9d864,ab3b160e-2904-42b0-895e-e28b407ac405,Frances Robles,Alhambra Unified,cal_access,1449115,ROBLES FOR ELK GROVE CITY COUNCIL 2022,ROBLES FOR ELK GROVE CITY COUNCIL 2022,916,TERMINATED 12/31/2023,needs_research,surname only,disputed,B another office or district named,"surname-only auto-link: Cal-Access 1449115 ""ROBLES FOR ELK GROVE CITY COUNCIL 2022"" -- a campaign for a city council, not for the Alhambra Unified board; this row is a CA_0156 no-evidence Alhambra Unified placeholder (deactivated)"
c13c945a-dc8e-43ef-8962-7d75a02dd15b,ab3b160e-2904-42b0-895e-e28b407ac405,Frances Robles,Alhambra Unified,cal_access,1458142,ROBLES FOR ELK GROVE CITY COUNCIL 2026,ROBLES FOR ELK GROVE CITY COUNCIL 2026,916,ACTIVE,needs_research,surname only,disputed,B another office or district named,"surname-only auto-link: Cal-Access 1458142 ""ROBLES FOR ELK GROVE CITY COUNCIL 2026"" -- a campaign for a city council, not for the Alhambra Unified board; this row is a CA_0156 no-evidence Alhambra Unified placeholder (deactivated)"
c5adceaa-bcb6-4525-9c28-0201d9fd4d48,ab3b160e-2904-42b0-895e-e28b407ac405,Frances Robles,Alhambra Unified,cal_access,1470337,ROBLES FOR FRESNO BOARD OF EDUCATION AREA 3 2024,ROBLES FOR FRESNO BOARD OF EDUCATION AREA 3 2024,916,TERMINATED 12/31/2024,needs_research,surname only,disputed,B another office or district named,"surname-only auto-link: Cal-Access 1470337 ""ROBLES FOR FRESNO BOARD OF EDUCATION AREA 3 2024"" -- a campaign for the board of a different school district, not for the Alhambra Unified board; this row is a CA_0156 no-evidence Alhambra Unified placeholder (deactivated)"
b2652693-ab49-4005-80f5-a9148508dd16,ab3b160e-2904-42b0-895e-e28b407ac405,Frances Robles,Alhambra Unified,cal_access,1472579,DAUTERMAN FOR 2024 PASO ROBLES JOINT UNIFIED SCHOOL DISTRICT TRUSTEE AREA 7,DAUTERMAN FOR 2024 PASO ROBLES JOINT UNIFIED SCHOOL DISTRICT TRUSTEE AREA 7,805,TERMINATED 12/27/2024,needs_research,surname only,disputed,A names another person or place,"surname-only auto-link: Cal-Access 1472579 ""DAUTERMAN FOR 2024 PASO ROBLES JOINT UNIFIED SCHOOL DISTRICT TRUSTEE AREA 7"" -- the match is on the place name Paso Robles, not the surname; this row is a CA_0156 no-evidence Alhambra Unified placeholder (deactivated)"
8a880394-ff21-4554-9d67-3a38b634ee3b,ab3b160e-2904-42b0-895e-e28b407ac405,Frances Robles,Alhambra Unified,cal_access,1477883,BEAL TO PASO ROBLES CITY COUNCIL 2026; COMMITTEE TO REELECT KRIS,BEAL TO PASO ROBLES CITY COUNCIL 2026; COMMITTEE TO REELECT KRIS,805,ACTIVE,needs_research,surname only,disputed,A names another person or place,"surname-only auto-link: Cal-Access 1477883 ""BEAL TO PASO ROBLES CITY COUNCIL 2026; COMMITTEE TO REELECT KRIS"" -- the match is on the place name Paso Robles, not the surname; this row is a CA_0156 no-evidence Alhambra Unified placeholder (deactivated)"
e52958d0-3f7c-45f4-8cac-0ab9ca0aaf8c,544aa910-95a2-4443-99e5-6a3b350940ae,George Fuller,Torrance Unified,cal_access,1304855,FULLER FOR ASSEMBLY,FULLER FOR ASSEMBLY,626,TERMINATED 01/22/2009,needs_research,surname only,disputed,B another office or district named,"surname-only auto-link: Cal-Access 1304855 ""FULLER FOR ASSEMBLY"" -- a campaign for the State Assembly, not for the Torrance Unified board; this row is a CA_0156 no-evidence Torrance Unified placeholder (deactivated)"
e9cb0e6a-b943-4e1b-9960-ef3f17ef9b72,544aa910-95a2-4443-99e5-6a3b350940ae,George Fuller,Torrance Unified,cal_access,1341337,FULLER FOR PCC BOARD MEMBER 2011,FULLER FOR PCC BOARD MEMBER 2011,626,TERMINATED 01/31/2012,needs_research,surname only,disputed,B another office or district named,"surname-only auto-link: Cal-Access 1341337 ""FULLER FOR PCC BOARD MEMBER 2011"" -- a campaign for a community college board, not for the Torrance Unified board; this row is a CA_0156 no-evidence Torrance Unified placeholder (deactivated)"
4aa76d40-fe98-45ea-b3fb-adaea1f22c91,544aa910-95a2-4443-99e5-6a3b350940ae,George Fuller,Torrance Unified,cal_access,1427196,FULLER FOR OAKLEY CITY COUNCIL 2020; GEORGE,FULLER FOR OAKLEY CITY COUNCIL 2020; GEORGE,626,ACTIVE,needs_research,full name,disputed,B another office or district named,"name-only auto-link: Cal-Access 1427196 ""FULLER FOR OAKLEY CITY COUNCIL 2020; GEORGE"" -- a campaign for a city council, not for the Torrance Unified board; no evidence its candidate ever sought or held a Torrance Unified seat; this row is a CA_0156 no-evidence Torrance Unified placeholder (deactivated)"
1f8e7dc7-d973-4849-8651-0a888cf3cd49,544aa910-95a2-4443-99e5-6a3b350940ae,George Fuller,Torrance Unified,cal_access,1429737,FULLER FOR GOLETA SANITARY DISTRICT BOARD MEMBER 2020,FULLER FOR GOLETA SANITARY DISTRICT BOARD MEMBER 2020,805,TERMINATED 02/01/2021,needs_research,surname only,disputed,B another office or district named,"surname-only auto-link: Cal-Access 1429737 ""FULLER FOR GOLETA SANITARY DISTRICT BOARD MEMBER 2020"" -- a campaign for a sanitary district board, not for the Torrance Unified board; this row is a CA_0156 no-evidence Torrance Unified placeholder (deactivated)"
e6b25101-caee-4f3a-8ba4-b5162fcefb3f,544aa910-95a2-4443-99e5-6a3b350940ae,George Fuller,Torrance Unified,cal_access,1464207,FULLER FOR OAKLEY CITY COUNCIL; GEORGE 2024,FULLER FOR OAKLEY CITY COUNCIL; GEORGE 2024,626,ACTIVE,needs_research,full name,disputed,B another office or district named,"name-only auto-link: Cal-Access 1464207 ""FULLER FOR OAKLEY CITY COUNCIL; GEORGE 2024"" -- a campaign for a city council, not for the Torrance Unified board; no evidence its candidate ever sought or held a Torrance Unified seat; this row is a CA_0156 no-evidence Torrance Unified placeholder (deactivated)"
69ecf6dc-84ca-4d71-b947-d7f249a4aa56,a4e55f6b-f062-4a7d-b86a-e5998d696a46,George Gamboa,Lynwood Unified,cal_access,1262310,GAMBOA FOR HIGHLAND CITY COUNCIL,GAMBOA FOR HIGHLAND CITY COUNCIL,909,ACTIVE,needs_research,surname only,disputed,B another office or district named,"surname-only auto-link: Cal-Access 1262310 ""GAMBOA FOR HIGHLAND CITY COUNCIL"" -- a campaign for a city council, not for the Lynwood Unified board; this row is a CA_0156 no-evidence Lynwood Unified placeholder (deactivated)"
d492776e-9a2e-4e78-9637-7eb988764ada,c71b2202-e824-4958-8434-a599cb69e1d8,James Hicks,Acton-Agua Dulce Unified,cal_access,1434438,HICKS FOR MAYOR COMPTON 2021,HICKS FOR MAYOR COMPTON 2021,213,ACTIVE,needs_research,surname only,disputed,B another office or district named,"surname-only auto-link: Cal-Access 1434438 ""HICKS FOR MAYOR COMPTON 2021"" -- a campaign for mayor, not for the Acton-Agua Dulce Unified board; this row is a CA_0156 no-evidence Acton-Agua Dulce Unified placeholder (deactivated)"
889d1d53-82aa-46b0-890a-3baeeb84448a,c71b2202-e824-4958-8434-a599cb69e1d8,James Hicks,Acton-Agua Dulce Unified,cal_access,1465672,KELLEY AND OPPOSING RUSTY HICKS FOR ASSEMBLY 2024; NORTH COAST NEIGHBORS SUPPORTING ARIEL,KELLEY AND OPPOSING RUSTY HICKS FOR ASSEMBLY 2024; NORTH COAST NEIGHBORS SUPPORTING ARIEL,949,TERMINATED 06/30/2024,needs_research,surname only,disputed,B another office or district named,"surname-only auto-link: Cal-Access 1465672 ""KELLEY AND OPPOSING RUSTY HICKS FOR ASSEMBLY 2024; NORTH COAST NEIGHBORS SUPPORTING ARIEL"" -- a campaign for the State Assembly, not for the Acton-Agua Dulce Unified board; this row is a CA_0156 no-evidence Acton-Agua Dulce Unified placeholder (deactivated)"
a45d0ea1-1c04-4d98-ac2b-4c4042e2d2ad,c71b2202-e824-4958-8434-a599cb69e1d8,James Hicks,Acton-Agua Dulce Unified,cal_access,1466142,"HICKS FOR STATE ASSEMBLY 2024, SPONSORED BY LABOR UNIONS, EDUCATION, AND HEALTHCARE ORGANIZATIONS; EDUCATORS AND HEALTH PROFESSIONALS FOR RUSTY","HICKS FOR STATE ASSEMBLY 2024, SPONSORED BY LABOR UNIONS, EDUCATION, AND HEALTHCARE ORGANIZATIONS; EDUCATORS AND HEALTH PROFESSIONALS FOR RUSTY",916,TERMINATED 12/31/2024,needs_research,surname only,disputed,B another office or district named,"surname-only auto-link: Cal-Access 1466142 ""HICKS FOR STATE ASSEMBLY 2024, SPONSORED BY LABOR UNIONS, EDUCATION, AND HEALTHCARE ORGANIZATIONS; EDUCATORS AND HEALTH PROFESSIONALS FOR RUSTY"" -- a campaign for the State Assembly, not for the Acton-Agua Dulce Unified board; this row is a CA_0156 no-evidence Acton-Agua Dulce Unified placeholder (deactivated)"
e869269e-487c-4fd1-9556-9b3f105dc611,910b1c9b-1af6-48a1-ac98-1d93605a915f,Jason Paguio,San Marino Unified,cal_access,1364108,"PAGUIO FOR CITY COUNCIL 2014, FRIENDS OF JASON","PAGUIO FOR CITY COUNCIL 2014, FRIENDS OF JASON",619,TERMINATED 06/30/2014,needs_research,full name,disputed,B another office or district named,"name-only auto-link: Cal-Access 1364108 ""PAGUIO FOR CITY COUNCIL 2014, FRIENDS OF JASON"" -- a campaign for a city council, not for the San Marino Unified board; no evidence its candidate ever sought or held a San Marino Unified seat; this row is a CA_0156 no-evidence San Marino Unified placeholder (deactivated)"
f96a10b0-b893-430d-a48e-80cccb0f2469,910b1c9b-1af6-48a1-ac98-1d93605a915f,Jason Paguio,San Marino Unified,cal_access,1380324,PAGUIO FOR COUNCIL 2016,PAGUIO FOR COUNCIL 2016,619,TERMINATED 12/07/2016,needs_research,surname only,disputed,B another office or district named,"surname-only auto-link: Cal-Access 1380324 ""PAGUIO FOR COUNCIL 2016"" -- a campaign for a city council, not for the San Marino Unified board; this row is a CA_0156 no-evidence San Marino Unified placeholder (deactivated)"
f8925a7b-c8e5-4ab6-8eaf-b3236cfb4142,2c2ba201-424e-4a0c-942a-3cb1256f3f37,Jennifer Becerra,Claremont Unified,cal_access,1073844,BECERRA FOR CITY COUNCIL 2010,BECERRA FOR CITY COUNCIL 2010,805,TERMINATED 02/23/2011,needs_research,surname only,disputed,B another office or district named,"surname-only auto-link: Cal-Access 1073844 ""BECERRA FOR CITY COUNCIL 2010"" -- a campaign for a city council, not for the Claremont Unified board; this row is a CA_0156 no-evidence Claremont Unified placeholder (deactivated)"
15f0cc71-a351-4521-a3ea-42599e431127,2c2ba201-424e-4a0c-942a-3cb1256f3f37,Jennifer Becerra,Claremont Unified,cal_access,1219963,BECERRA FOR MAYOR,BECERRA FOR MAYOR,213,TERMINATED 06/30/2006,needs_research,surname only,disputed,B another office or district named,"surname-only auto-link: Cal-Access 1219963 ""BECERRA FOR MAYOR"" -- a campaign for mayor, not for the Claremont Unified board; this row is a CA_0156 no-evidence Claremont Unified placeholder (deactivated)"
dd0531ec-5822-4b89-8c28-fccf14d064b0,2c2ba201-424e-4a0c-942a-3cb1256f3f37,Jennifer Becerra,Claremont Unified,cal_access,1394091,BECERRA FOR ATTORNEY GENERAL 2018,BECERRA FOR ATTORNEY GENERAL 2018,213,TERMINATED 05/24/2019,needs_research,surname only,disputed,B another office or district named,"surname-only auto-link: Cal-Access 1394091 ""BECERRA FOR ATTORNEY GENERAL 2018"" -- a campaign for Attorney General, not for the Claremont Unified board; this row is a CA_0156 no-evidence Claremont Unified placeholder (deactivated)"
8b227c54-ad49-49f6-a99b-d12f7b81faa6,2c2ba201-424e-4a0c-942a-3cb1256f3f37,Jennifer Becerra,Claremont Unified,cal_access,1425978,BECERRA; RECALL OF XAVIER,BECERRA; RECALL OF XAVIER,858,TERMINATED 08/18/2020,needs_research,surname only,disputed,B another office or district named,"surname-only auto-link: Cal-Access 1425978 ""BECERRA; RECALL OF XAVIER"" -- a recall committee, not a campaign for the Claremont Unified board; this row is a CA_0156 no-evidence Claremont Unified placeholder (deactivated)"
23f6ba05-8960-4d35-b444-39475343c17d,2c2ba201-424e-4a0c-942a-3cb1256f3f37,Jennifer Becerra,Claremont Unified,cal_access,1454809,BECERRA FOR SUPERINTENDENT OF PUBLIC INSTRUCTION 2030,BECERRA FOR SUPERINTENDENT OF PUBLIC INSTRUCTION 2030,202,ACTIVE,needs_research,surname only,disputed,B another office or district named,"surname-only auto-link: Cal-Access 1454809 ""BECERRA FOR SUPERINTENDENT OF PUBLIC INSTRUCTION 2030"" -- a campaign for state Superintendent of Public Instruction, not for the Claremont Unified board; this row is a CA_0156 no-evidence Claremont Unified placeholder (deactivated)"
8c2cf853-6d5d-46d5-bcf4-171e5ea0e146,2c2ba201-424e-4a0c-942a-3cb1256f3f37,Jennifer Becerra,Claremont Unified,cal_access,1468333,BECERRA VICTORVILLE CITY COUNCIL DISTRICT #3 NOVEMBER 2024 LIZBECERRA4COUNCIL,LIZBECERRA4COUNCIL BECERRA VICTORVILLE CITY COUNCIL 2024,760,TERMINATED 12/10/2024,needs_research,surname only,disputed,B another office or district named,"surname-only auto-link: Cal-Access 1468333 ""LIZBECERRA4COUNCIL BECERRA VICTORVILLE CITY COUNCIL 2024"" (stored as ""BECERRA VICTORVILLE CITY COUNCIL DISTRICT #3 NOVEMBER 2024 LIZBECERRA4COUNCIL"") -- a campaign for a city council, not for the Claremont Unified board; this row is a CA_0156 no-evidence Claremont Unified placeholder (deactivated)"
5c90589b-47ff-4711-b8be-2783f12e9f38,2c2ba201-424e-4a0c-942a-3cb1256f3f37,Jennifer Becerra,Claremont Unified,cal_access,1482190,BECERRA FOR WHITTIER MAYOR 2026,BECERRA FOR WHITTIER MAYOR 2026,213,ACTIVE,needs_research,surname only,disputed,B another office or district named,"surname-only auto-link: Cal-Access 1482190 ""BECERRA FOR WHITTIER MAYOR 2026"" -- a campaign for mayor, not for the Claremont Unified board; this row is a CA_0156 no-evidence Claremont Unified placeholder (deactivated)"
59dfd99b-bdce-4db8-8138-a5a364d56af6,102e826e-87df-4731-8ee7-ae7c7f0f07dd,Joanna Robinson,Manhattan Beach Unified,cal_access,1067138,ROBINSON FOR ASSEMBLY,ROBINSON FOR ASSEMBLY,707,TERMINATED 12/24/2002,needs_research,surname only,disputed,B another office or district named,"surname-only auto-link: Cal-Access 1067138 ""ROBINSON FOR ASSEMBLY"" -- a campaign for the State Assembly, not for the Manhattan Beach Unified board; this row is a CA_0156 no-evidence Manhattan Beach Unified placeholder (deactivated)"
3550ea7e-d1bf-4127-8367-ea40e040a500,102e826e-87df-4731-8ee7-ae7c7f0f07dd,Joanna Robinson,Manhattan Beach Unified,cal_access,1075306,STONE FOR MAYOR AND ROBINSON FOR CITY COUNCIL 2016; UPLAND FIREFIGHTERS' LEGISLATIVE ACTION GROUP SUPPORTING,STONE FOR MAYOR AND ROBINSON FOR CITY COUNCIL 2016; UPLAND FIREFIGHTERS' LEGISLATIVE ACTION GROUP SUPPORTING,909,TERMINATED 09/26/2017,needs_research,surname only,disputed,B another office or district named,"surname-only auto-link: Cal-Access 1075306 ""STONE FOR MAYOR AND ROBINSON FOR CITY COUNCIL 2016; UPLAND FIREFIGHTERS' LEGISLATIVE ACTION GROUP SUPPORTING"" -- a campaign for mayor, not for the Manhattan Beach Unified board; this row is a CA_0156 no-evidence Manhattan Beach Unified placeholder (deactivated)"
0c64c2ab-41ef-4409-9e9d-2b7a24ea88dd,102e826e-87df-4731-8ee7-ae7c7f0f07dd,Joanna Robinson,Manhattan Beach Unified,cal_access,1236265,"ROBINSON, ELECTION COMMITTEE CALVIN H.A.","ROBINSON, ELECTION COMMITTEE CALVIN H.A.",661,TERMINATED 12/31/2001,needs_research,surname only,disputed,A names another person or place,"surname-only auto-link: Cal-Access 1236265 ""ROBINSON, ELECTION COMMITTEE CALVIN H.A."" -- names a different person (Calvin H.A. Robinson); this row is a CA_0156 no-evidence Manhattan Beach Unified placeholder (deactivated)"
6c421989-6a59-44f7-b6bd-de3ec7343b81,102e826e-87df-4731-8ee7-ae7c7f0f07dd,Joanna Robinson,Manhattan Beach Unified,cal_access,1241665,"ROBINSON FOR ASSEMBLY, G.T.","ROBINSON FOR ASSEMBLY, G.T.",323,TERMINATED 12/31/2002,needs_research,surname only,disputed,B another office or district named,"surname-only auto-link: Cal-Access 1241665 ""ROBINSON FOR ASSEMBLY, G.T."" -- a campaign for the State Assembly, not for the Manhattan Beach Unified board; this row is a CA_0156 no-evidence Manhattan Beach Unified placeholder (deactivated)"
b1ef2207-5b0d-4c05-a6e2-c0d766532cb0,102e826e-87df-4731-8ee7-ae7c7f0f07dd,Joanna Robinson,Manhattan Beach Unified,cal_access,1243280,"ROBINSON, FRIENDS FOR CLEO","ROBINSON, FRIENDS FOR CLEO",209,TERMINATED 07/08/2002,needs_research,surname only,disputed,A names another person or place,"surname-only auto-link: Cal-Access 1243280 ""ROBINSON, FRIENDS FOR CLEO"" -- names a different person (Cleo Robinson); this row is a CA_0156 no-evidence Manhattan Beach Unified placeholder (deactivated)"
ba27b8b7-98f5-4c3c-9c1a-d6f5bad6af48,102e826e-87df-4731-8ee7-ae7c7f0f07dd,Joanna Robinson,Manhattan Beach Unified,cal_access,1253644,"ROBINSON, TAXFIGHTERS FOR MIKE","ROBINSON, TAXFIGHTERS FOR MIKE",805,TERMINATED 08/02/2004,needs_research,surname only,disputed,A names another person or place,"surname-only auto-link: Cal-Access 1253644 ""ROBINSON, TAXFIGHTERS FOR MIKE"" -- names a different person (Mike Robinson); this row is a CA_0156 no-evidence Manhattan Beach Unified placeholder (deactivated)"
21b73836-a9ed-411e-ada4-1603f3088a77,102e826e-87df-4731-8ee7-ae7c7f0f07dd,Joanna Robinson,Manhattan Beach Unified,cal_access,1271130,"ROBINSON, VOTE FOR KARIN","ROBINSON, VOTE FOR KARIN",559,TERMINATED 01/10/2005,needs_research,surname only,disputed,A names another person or place,"surname-only auto-link: Cal-Access 1271130 ""ROBINSON, VOTE FOR KARIN"" -- names a different person (Karin Robinson); this row is a CA_0156 no-evidence Manhattan Beach Unified placeholder (deactivated)"
5062aeef-4c00-4a52-af81-7473804920ff,102e826e-87df-4731-8ee7-ae7c7f0f07dd,Joanna Robinson,Manhattan Beach Unified,cal_access,1290038,ROBINSON FOR CITY COUNCIL,ROBINSON FOR CITY COUNCIL,805,TERMINATED 12/21/2006,needs_research,surname only,disputed,B another office or district named,"surname-only auto-link: Cal-Access 1290038 ""ROBINSON FOR CITY COUNCIL"" -- a campaign for a city council, not for the Manhattan Beach Unified board; this row is a CA_0156 no-evidence Manhattan Beach Unified placeholder (deactivated)"
5e055067-adec-4f04-8ae0-c2a48e836258,102e826e-87df-4731-8ee7-ae7c7f0f07dd,Joanna Robinson,Manhattan Beach Unified,cal_access,1307904,ROBINSON FOR CITY COUNCIL,ROBINSON FOR CITY COUNCIL,805,TERMINATED 12/31/2008,needs_research,surname only,disputed,B another office or district named,"surname-only auto-link: Cal-Access 1307904 ""ROBINSON FOR CITY COUNCIL"" -- a campaign for a city council, not for the Manhattan Beach Unified board; this row is a CA_0156 no-evidence Manhattan Beach Unified placeholder (deactivated)"
70035a4b-7a93-4ee0-9dbb-1379e2ca4de5,102e826e-87df-4731-8ee7-ae7c7f0f07dd,Joanna Robinson,Manhattan Beach Unified,cal_access,1343839,ROBINSON FOR COUNCIL 2016,ROBINSON FOR COUNCIL 2016,562,ACTIVE,needs_research,surname only,disputed,B another office or district named,"surname-only auto-link: Cal-Access 1343839 ""ROBINSON FOR COUNCIL 2016"" -- a campaign for a city council, not for the Manhattan Beach Unified board; this row is a CA_0156 no-evidence Manhattan Beach Unified placeholder (deactivated)"
5115709a-e751-41c3-aa1c-f7a50fcea7e6,102e826e-87df-4731-8ee7-ae7c7f0f07dd,Joanna Robinson,Manhattan Beach Unified,cal_access,1352444,ROBINSON FOR SCHOOL BOARD 2013,ROBINSON FOR SCHOOL BOARD 2013,310,TERMINATED 04/21/2017,needs_research,surname only,disputed,A names another person or place,"surname-only auto-link: Cal-Access 1352444 ""ROBINSON FOR SCHOOL BOARD 2013"" -- LA City Ethics records the candidate as Jeneen Robinson, LAUSD Board District 4 (2013); this row is a CA_0156 no-evidence Manhattan Beach Unified placeholder (deactivated)"
aae11273-b3c4-4a83-8b7a-14db92db2622,102e826e-87df-4731-8ee7-ae7c7f0f07dd,Joanna Robinson,Manhattan Beach Unified,la_socrata,1352444,Robinson for School Board 2013,Robinson for School Board 2013,,,needs_research,surname only,disputed,A names another person or place,"surname-only auto-link: LA City committee ""Robinson for School Board 2013"" -- LA City Ethics records the candidate as Jeneen Robinson, LAUSD Board District 4 (2013); this row is a CA_0156 no-evidence Manhattan Beach Unified placeholder (deactivated)"
24b4c2df-ec6f-4dd7-b41c-3ba449d09dbb,102e826e-87df-4731-8ee7-ae7c7f0f07dd,Joanna Robinson,Manhattan Beach Unified,cal_access,1380786,"VOIGTS, HAMILTON & ROBINSON; COMMITTEE TO RECALL CITY COUNCIL MEMBERS","VOIGTS, HAMILTON & ROBINSON; COMMITTEE TO RECALL CITY COUNCIL MEMBERS",949,TERMINATED 06/30/2016,needs_research,surname only,disputed,B another office or district named,"surname-only auto-link: Cal-Access 1380786 ""VOIGTS, HAMILTON & ROBINSON; COMMITTEE TO RECALL CITY COUNCIL MEMBERS"" -- a recall committee, not a campaign for the Manhattan Beach Unified board; this row is a CA_0156 no-evidence Manhattan Beach Unified placeholder (deactivated)"
add6b4f2-2b60-4f3a-b483-f83f5dde0800,102e826e-87df-4731-8ee7-ae7c7f0f07dd,Joanna Robinson,Manhattan Beach Unified,cal_access,1430916,ROBINSON FOR COUNTY BOARD OF EDUCATION 2020,ROBINSON FOR COUNTY BOARD OF EDUCATION 2020,619,TERMINATED 11/20/2020,needs_research,surname only,disputed,B another office or district named,"surname-only auto-link: Cal-Access 1430916 ""ROBINSON FOR COUNTY BOARD OF EDUCATION 2020"" -- a campaign for a county board of education, not for the Manhattan Beach Unified board; this row is a CA_0156 no-evidence Manhattan Beach Unified placeholder (deactivated)"
77264370-77cd-4376-b6c1-00766db8a5ac,102e826e-87df-4731-8ee7-ae7c7f0f07dd,Joanna Robinson,Manhattan Beach Unified,cal_access,1452676,ROBINSON FOR CITY COUNCIL 2022,ROBINSON FOR CITY COUNCIL 2022,831,TERMINATED 12/20/2022,needs_research,surname only,disputed,B another office or district named,"surname-only auto-link: Cal-Access 1452676 ""ROBINSON FOR CITY COUNCIL 2022"" -- a campaign for a city council, not for the Manhattan Beach Unified board; this row is a CA_0156 no-evidence Manhattan Beach Unified placeholder (deactivated)"
f214dbe4-67d3-44aa-b580-dc90e5f7934c,102e826e-87df-4731-8ee7-ae7c7f0f07dd,Joanna Robinson,Manhattan Beach Unified,cal_access,1465460,ROBINSON FOR SENATE 2024,ROBINSON FOR SENATE 2024,909,TERMINATED 12/26/2023,needs_research,surname only,disputed,B another office or district named,"surname-only auto-link: Cal-Access 1465460 ""ROBINSON FOR SENATE 2024"" -- a campaign for the State Senate, not for the Manhattan Beach Unified board; this row is a CA_0156 no-evidence Manhattan Beach Unified placeholder (deactivated)"
ef14a425-8025-4b23-af0f-4b54be7f1d83,6fa8ba0f-8afc-4bfa-ba1a-970f2a50171f,Jody Dean,Wiseburn Unified,cal_access,1024239,DEAN FOR SENATE,DEAN FOR SENATE,213,TERMINATED 12/01/1990,needs_research,surname only,disputed,B another office or district named,"surname-only auto-link: Cal-Access 1024239 ""DEAN FOR SENATE"" -- a campaign for the State Senate, not for the Wiseburn Unified board; this row is a CA_0156 no-evidence Wiseburn Unified placeholder (deactivated)"
b642f0f8-e428-4634-9ee9-42096a08d8b4,6fa8ba0f-8afc-4bfa-ba1a-970f2a50171f,Jody Dean,Wiseburn Unified,cal_access,1066981,"DEAN FOR COUNCIL, COMMITTEE TO ELECT","DEAN FOR COUNCIL, COMMITTEE TO ELECT",408,TERMINATED 10/10/2010,needs_research,surname only,disputed,B another office or district named,"surname-only auto-link: Cal-Access 1066981 ""DEAN FOR COUNCIL, COMMITTEE TO ELECT"" -- a campaign for a city council, not for the Wiseburn Unified board; this row is a CA_0156 no-evidence Wiseburn Unified placeholder (deactivated)"
2860b164-82de-4e81-8b7d-150c1ac77eba,6fa8ba0f-8afc-4bfa-ba1a-970f2a50171f,Jody Dean,Wiseburn Unified,cal_access,1246812,DEAN FOR COUNCIL,DEAN FOR COUNCIL,408,TERMINATED 12/15/2003,needs_research,surname only,disputed,B another office or district named,"surname-only auto-link: Cal-Access 1246812 ""DEAN FOR COUNCIL"" -- a campaign for a city council, not for the Wiseburn Unified board; this row is a CA_0156 no-evidence Wiseburn Unified placeholder (deactivated)"
9ea82d62-4aa6-4fc0-a944-4c7d27906bee,6fa8ba0f-8afc-4bfa-ba1a-970f2a50171f,Jody Dean,Wiseburn Unified,cal_access,1288764,DEAN FOR COUNCIL,DEAN FOR COUNCIL,650,TERMINATED 12/15/2006,needs_research,surname only,disputed,B another office or district named,"surname-only auto-link: Cal-Access 1288764 ""DEAN FOR COUNCIL"" -- a campaign for a city council, not for the Wiseburn Unified board; this row is a CA_0156 no-evidence Wiseburn Unified placeholder (deactivated)"
35653c78-33b1-4e90-a6ef-4c6c1713f8de,6fa8ba0f-8afc-4bfa-ba1a-970f2a50171f,Jody Dean,Wiseburn Unified,cal_access,1292102,"SORGDRAGER, ARTESIA CITIZENS FOR DEAN","SORGDRAGER, ARTESIA CITIZENS FOR DEAN",562,TERMINATED 12/31/2006,needs_research,surname only,disputed,A names another person or place,"surname-only auto-link: Cal-Access 1292102 ""SORGDRAGER, ARTESIA CITIZENS FOR DEAN"" -- names a different person (Dean Sorgdrager, Artesia); Dean is the given name, not the surname; this row is a CA_0156 no-evidence Wiseburn Unified placeholder (deactivated)"
d0b0caec-c95e-4115-b90f-9230b4db8d24,6fa8ba0f-8afc-4bfa-ba1a-970f2a50171f,Jody Dean,Wiseburn Unified,cal_access,1405834,JOHANSSON FOR YOLO COUNTY DISTRICT ATTORNEY 2018; SIERRA CLUB YOLANO GROUP FOR DEAN,JOHANSSON FOR YOLO COUNTY DISTRICT ATTORNEY 2018; SIERRA CLUB YOLANO GROUP FOR DEAN,530,TERMINATED 06/20/2018,needs_research,surname only,disputed,B another office or district named,"surname-only auto-link: Cal-Access 1405834 ""JOHANSSON FOR YOLO COUNTY DISTRICT ATTORNEY 2018; SIERRA CLUB YOLANO GROUP FOR DEAN"" -- a campaign for district attorney, not for the Wiseburn Unified board; this row is a CA_0156 no-evidence Wiseburn Unified placeholder (deactivated)"
843e75cf-561c-4c10-ad12-ad550bf7cf97,a077e0db-3534-46b9-aee9-40eafb0d019a,John Castellano,Walnut Valley Unified,cal_access,1224663,"CASTELLANO, COMMITTEE TO ELECT","CASTELLANO, COMMITTEE TO ELECT",714,TERMINATED 12/31/2008,needs_research,surname only,disputed,C evidence places it elsewhere,"surname-only auto-link: Cal-Access 1224663 ""CASTELLANO, COMMITTEE TO ELECT"" -- an Orange County committee (filer area code 714); the Walnut Valley USD roster is complete 2001-2026 with no Castellano; this row is a CA_0156 no-evidence Walnut Valley Unified placeholder (deactivated)"
29212021-835c-45fc-bbe9-e922803b381c,3dc1d627-754d-4053-a11c-c30b6088073a,John Piazza,Bassett Unified,cal_access,1063014,"PIAZZA FOR STATE SENATE, COMMITTEE FOR","PIAZZA FOR STATE SENATE, COMMITTEE FOR",714,TERMINATED 08/19/1994,needs_research,surname only,disputed,B another office or district named,"surname-only auto-link: Cal-Access 1063014 ""PIAZZA FOR STATE SENATE, COMMITTEE FOR"" -- a campaign for the State Senate, not for the Bassett Unified board; this row is a CA_0156 no-evidence Bassett Unified placeholder (deactivated)"
f2462678-c114-4cff-b7e4-b504c005b621,3dc1d627-754d-4053-a11c-c30b6088073a,John Piazza,Bassett Unified,cal_access,1072308,"PIAZZA, FRIENDS & NEIGHBORS FOR","PIAZZA, FRIENDS & NEIGHBORS FOR",916,TERMINATED 02/02/1998,needs_research,surname only,disputed,C evidence places it elsewhere,"surname-only auto-link: Cal-Access 1072308 ""PIAZZA, FRIENDS & NEIGHBORS FOR"" -- a Sacramento committee (filer area code 916, terminated 1998); nothing ties it to a John Piazza or to Bassett USD; this row is a CA_0156 no-evidence Bassett Unified placeholder (deactivated)"
14897d24-1dcd-4333-88ee-8571e1133d9d,6acf611b-8790-4e1f-bb08-05164ae18981,Jorge Blanco,Hacienda La Puente Unified,cal_access,1049890,BLANCO FOR INSURANCE COMMISSIONER,BLANCO FOR INSURANCE COMMISSIONER,213,TERMINATED 12/01/1990,needs_research,surname only,disputed,B another office or district named,"surname-only auto-link: Cal-Access 1049890 ""BLANCO FOR INSURANCE COMMISSIONER"" -- a campaign for state Insurance Commissioner, not for the Hacienda La Puente Unified board; this row is a CA_0156 no-evidence Hacienda La Puente Unified placeholder (deactivated)"
b9b199a8-2c2c-43b2-a0bd-17c094ccc108,195f331d-ebc2-4d05-9adc-f9508fe0b610,Kimberly Howell,Azusa Unified,cal_access,1350744,HOWELL FOR CITY COUNCIL 2012,HOWELL FOR CITY COUNCIL 2012,805,ACTIVE,needs_research,surname only,disputed,B another office or district named,"surname-only auto-link: Cal-Access 1350744 ""HOWELL FOR CITY COUNCIL 2012"" -- a campaign for a city council, not for the Azusa Unified board; this row is a CA_0156 no-evidence Azusa Unified placeholder (deactivated)"
14bc2d85-864f-4690-bfc0-b265f264f56a,195f331d-ebc2-4d05-9adc-f9508fe0b610,Kimberly Howell,Azusa Unified,cal_access,1377790,HOWELL FOR CITY COUNCIL 2016,HOWELL FOR CITY COUNCIL 2016,805,TERMINATED 12/31/2018,needs_research,surname only,disputed,B another office or district named,"surname-only auto-link: Cal-Access 1377790 ""HOWELL FOR CITY COUNCIL 2016"" -- a campaign for a city council, not for the Azusa Unified board; this row is a CA_0156 no-evidence Azusa Unified placeholder (deactivated)"
06aed415-e700-4469-b993-23eac623489f,195f331d-ebc2-4d05-9adc-f9508fe0b610,Kimberly Howell,Azusa Unified,cal_access,1385559,"HOWELL FOR SUPERVISOR 2016, SPONSORED BY THE COMMITTEE FOR HOME OWNERSHIP OF THE NORTH STATE BUILDING INDUSTRY ASSOC.; HOME BUILDERS AND BUSINESS LEADERS FOR","HOWELL FOR SUPERVISOR 2016, SPONSORED BY THE COMMITTEE FOR HOME OWNERSHIP OF THE NORTH STATE BUILDING INDUSTRY ASSOC.; HOME BUILDERS AND BUSINESS LEADERS FOR",916,TERMINATED 08/31/2016,needs_research,surname only,disputed,B another office or district named,"surname-only auto-link: Cal-Access 1385559 ""HOWELL FOR SUPERVISOR 2016, SPONSORED BY THE COMMITTEE FOR HOME OWNERSHIP OF THE NORTH STATE BUILDING INDUSTRY ASSOC.; HOME BUILDERS AND BUSINESS LEADERS FOR"" -- a campaign for a county board of supervisors, not for the Azusa Unified board; this row is a CA_0156 no-evidence Azusa Unified placeholder (deactivated)"
9710a128-954a-4338-867e-e38a4345ba7a,195f331d-ebc2-4d05-9adc-f9508fe0b610,Kimberly Howell,Azusa Unified,cal_access,1430753,HOWELL FOR SANTA BARBARA COUNTY BOARD OF EDUCATION TRUSTEE 2020,HOWELL FOR SANTA BARBARA COUNTY BOARD OF EDUCATION TRUSTEE 2020,805,TERMINATED 12/22/2020,needs_research,surname only,disputed,B another office or district named,"surname-only auto-link: Cal-Access 1430753 ""HOWELL FOR SANTA BARBARA COUNTY BOARD OF EDUCATION TRUSTEE 2020"" -- a campaign for a county board of education, not for the Azusa Unified board; this row is a CA_0156 no-evidence Azusa Unified placeholder (deactivated)"
d768d5ed-6733-4c8e-b2b2-fca7b2aaf1cb,195f331d-ebc2-4d05-9adc-f9508fe0b610,Kimberly Howell,Azusa Unified,cal_access,1442035,HOWELL FOR CITY COUNCIL 2022,HOWELL FOR CITY COUNCIL 2022,805,TERMINATED 12/31/2023,needs_research,surname only,disputed,B another office or district named,"surname-only auto-link: Cal-Access 1442035 ""HOWELL FOR CITY COUNCIL 2022"" -- a campaign for a city council, not for the Azusa Unified board; this row is a CA_0156 no-evidence Azusa Unified placeholder (deactivated)"
fe878742-4e4c-46dd-9f2f-1fe7cde1d1fe,195f331d-ebc2-4d05-9adc-f9508fe0b610,Kimberly Howell,Azusa Unified,cal_access,1474649,HOWELL FOR ESCONDIDO CITY COUNCIL D4 2024,HOWELL FOR ESCONDIDO CITY COUNCIL D4 2024,760,ACTIVE,needs_research,surname only,disputed,B another office or district named,"surname-only auto-link: Cal-Access 1474649 ""HOWELL FOR ESCONDIDO CITY COUNCIL D4 2024"" -- a campaign for a city council, not for the Azusa Unified board; this row is a CA_0156 no-evidence Azusa Unified placeholder (deactivated)"
959d3e6a-071c-4194-b654-6656de3b2ac3,64f2bab6-2325-41da-8202-b8dd756aa9d3,Kristin Shane,La Canada Unified,cal_access,1260435,SHANE FOR SENATE,SHANE FOR SENATE,408,TERMINATED 06/30/2005,needs_research,surname only,disputed,B another office or district named,"surname-only auto-link: Cal-Access 1260435 ""SHANE FOR SENATE"" -- a campaign for the State Senate, not for the La Canada Unified board; this row is a CA_0156 no-evidence La Canada Unified placeholder (deactivated)"
d8ff1a88-d29f-4838-aebb-db9ade5362da,64f2bab6-2325-41da-8202-b8dd756aa9d3,Kristin Shane,La Canada Unified,cal_access,1290150,"SHANE, FRIENDS OF","SHANE, FRIENDS OF",707,ACTIVE,needs_research,surname only,disputed,C evidence places it elsewhere,"surname-only auto-link: Cal-Access 1290150 ""SHANE, FRIENDS OF"" -- a North Bay committee (filer area code 707); nothing ties it to a Kristin Shane or to La Canada USD; this row is a CA_0156 no-evidence La Canada Unified placeholder (deactivated)"
3451e2f6-500d-46f0-8c51-2ece4a23b624,64f2bab6-2325-41da-8202-b8dd756aa9d3,Kristin Shane,La Canada Unified,cal_access,1307828,SHANE FOR SENATE,SHANE FOR SENATE,408,TERMINATED 02/13/2009,needs_research,surname only,disputed,B another office or district named,"surname-only auto-link: Cal-Access 1307828 ""SHANE FOR SENATE"" -- a campaign for the State Senate, not for the La Canada Unified board; this row is a CA_0156 no-evidence La Canada Unified placeholder (deactivated)"
1af6b97a-e4bd-41ff-8d31-c71f6bd1cbb4,64f2bab6-2325-41da-8202-b8dd756aa9d3,Kristin Shane,La Canada Unified,cal_access,1322383,"BURKE, COCKRELL, MC SHANE FOR DIRECTOR COASTSIDE FIRE DISTRICT NOV. 2009, COMMITTEE FOR","BURKE, COCKRELL, MC SHANE FOR DIRECTOR COASTSIDE FIRE DISTRICT NOV. 2009, COMMITTEE FOR",650,TERMINATED 07/23/2010,needs_research,surname only,disputed,A names another person or place,"surname-only auto-link: Cal-Access 1322383 ""BURKE, COCKRELL, MC SHANE FOR DIRECTOR COASTSIDE FIRE DISTRICT NOV. 2009, COMMITTEE FOR"" -- a different surname (Mc Shane), not Shane; this row is a CA_0156 no-evidence La Canada Unified placeholder (deactivated)"
fcf00587-5118-48d4-ba77-5072608389e7,64f2bab6-2325-41da-8202-b8dd756aa9d3,Kristin Shane,La Canada Unified,cal_access,1331222,"SINGH FOR SCHOOL BOARD, 2010, PARENTS AND EDUCATORS FOR SHANE","SINGH FOR SCHOOL BOARD, 2010, PARENTS AND EDUCATORS FOR SHANE",916,TERMINATED 12/31/2010,needs_research,surname only,disputed,A names another person or place,"surname-only auto-link: Cal-Access 1331222 ""SINGH FOR SCHOOL BOARD, 2010, PARENTS AND EDUCATORS FOR SHANE"" -- names a different person (Shane Singh); Shane is the given name, not the surname; this row is a CA_0156 no-evidence La Canada Unified placeholder (deactivated)"
23d10727-c9e8-40a0-9e04-f84be292710a,64f2bab6-2325-41da-8202-b8dd756aa9d3,Kristin Shane,La Canada Unified,cal_access,1384758,SHANE AS JUDGE 2016; COMMITTEE TO ELECT,SHANE AS JUDGE 2016; COMMITTEE TO ELECT,415,TERMINATED 06/10/2016,needs_research,surname only,disputed,B another office or district named,"surname-only auto-link: Cal-Access 1384758 ""SHANE AS JUDGE 2016; COMMITTEE TO ELECT"" -- a campaign for a judgeship, not for the La Canada Unified board; this row is a CA_0156 no-evidence La Canada Unified placeholder (deactivated)"
ca8c0f97-e9f3-47ae-87a9-1deddcf19bae,64f2bab6-2325-41da-8202-b8dd756aa9d3,Kristin Shane,La Canada Unified,cal_access,1415578,MC SHANE FOR SUPERVISOR 2020,MC SHANE FOR SUPERVISOR 2020,831,TERMINATED 12/31/2020,needs_research,surname only,disputed,A names another person or place,"surname-only auto-link: Cal-Access 1415578 ""MC SHANE FOR SUPERVISOR 2020"" -- a different surname (Mc Shane), not Shane; this row is a CA_0156 no-evidence La Canada Unified placeholder (deactivated)"
bbd45c6a-552e-4af4-8828-21ddbfe35f0a,64f2bab6-2325-41da-8202-b8dd756aa9d3,Kristin Shane,La Canada Unified,cal_access,1442400,MC SHANE FOR DISTRICT 3 CITY COUNCIL 2022,MC SHANE FOR DISTRICT 3 CITY COUNCIL 2026,831,TERMINATED 05/31/2024,needs_research,surname only,disputed,A names another person or place,"surname-only auto-link: Cal-Access 1442400 ""MC SHANE FOR DISTRICT 3 CITY COUNCIL 2026"" (stored as ""MC SHANE FOR DISTRICT 3 CITY COUNCIL 2022"") -- a different surname (Mc Shane), not Shane; this row is a CA_0156 no-evidence La Canada Unified placeholder (deactivated)"
9cd04e70-bfc2-4b22-9da5-1094c3f7204b,133b8a7f-3827-4701-b3be-f75021a07b23,Linda Aranda,Acton-Agua Dulce Unified,cal_access,1301594,ARANDA FOR ASSEMBLY 2008,ARANDA FOR ASSEMBLY 2008,951,TERMINATED 03/15/2008,needs_research,surname only,disputed,B another office or district named,"surname-only auto-link: Cal-Access 1301594 ""ARANDA FOR ASSEMBLY 2008"" -- a campaign for the State Assembly, not for the Acton-Agua Dulce Unified board; this row is a CA_0156 no-evidence Acton-Agua Dulce Unified placeholder (deactivated)"
1a36edbf-5768-4a26-891c-9f3c99f4a14b,133b8a7f-3827-4701-b3be-f75021a07b23,Linda Aranda,Acton-Agua Dulce Unified,cal_access,1360055,ARANDA FOR 61ST ASSEMBLY 2014,ARANDA FOR 61ST ASSEMBLY 2014,951,TERMINATED 12/31/2014,needs_research,surname only,disputed,B another office or district named,"surname-only auto-link: Cal-Access 1360055 ""ARANDA FOR 61ST ASSEMBLY 2014"" -- a campaign for the State Assembly, not for the Acton-Agua Dulce Unified board; this row is a CA_0156 no-evidence Acton-Agua Dulce Unified placeholder (deactivated)"
5ad7574e-255a-424d-b1e7-43fb45747f84,133b8a7f-3827-4701-b3be-f75021a07b23,Linda Aranda,Acton-Agua Dulce Unified,cal_access,1393420,ARANDA FOR NORWALK CITY COUNCIL 2017,ARANDA FOR NORWALK CITY COUNCIL 2017,323,TERMINATED 12/31/2017,needs_research,surname only,disputed,B another office or district named,"surname-only auto-link: Cal-Access 1393420 ""ARANDA FOR NORWALK CITY COUNCIL 2017"" -- a campaign for a city council, not for the Acton-Agua Dulce Unified board; this row is a CA_0156 no-evidence Acton-Agua Dulce Unified placeholder (deactivated)"
5db0d496-a406-4815-82e1-5d1daaab4a88,0214504a-cd44-4fe8-baf3-fec1796efe1a,Maria Avalos,Paramount Unified,la_socrata,1438306,Avalos for City Council 2022,Avalos for City Council 2022,,,needs_research,surname only,disputed,A names another person or place,"surname-only auto-link: LA City committee ""Avalos for City Council 2022"" -- LA City Ethics records the candidate as Elisa Avalos, Los Angeles City Council District 7 (2022); this row is a CA_0156 no-evidence Paramount Unified placeholder (deactivated)"
7a255a35-fde7-473f-a523-2acd530e6942,1d9d72c9-4a06-41eb-8196-a09f879dce80,Maria Escobedo,Inglewood Unified,cal_access,1278122,ESCOBEDO FOR SCHOOL BOARD,ESCOBEDO FOR SCHOOL BOARD,562,TERMINATED 12/31/2008,needs_research,surname only,disputed,C evidence places it elsewhere,"surname-only auto-link: Cal-Access 1278122 ""ESCOBEDO FOR SCHOOL BOARD"" -- the only 2005 LA County school-board candidate surnamed Escobedo was Art Escobedo (Los Nietos SD) (Smart Voter archive); nothing ties it to a Maria Escobedo or to Inglewood USD; this row is a CA_0156 no-evidence Inglewood Unified placeholder (deactivated)"
ea6716e4-b811-45bb-9464-142d2d501a33,1d9d72c9-4a06-41eb-8196-a09f879dce80,Maria Escobedo,Inglewood Unified,cal_access,1318112,ESCOBEDO FOR SCHOOL BOARD 2009,ESCOBEDO FOR SCHOOL BOARD 2009,213,TERMINATED 12/31/2012,needs_research,surname only,disputed,C evidence places it elsewhere,"surname-only auto-link: Cal-Access 1318112 ""ESCOBEDO FOR SCHOOL BOARD 2009"" -- the 2009 LA County school-board candidates surnamed Escobedo were Ben Escobedo (El Monte Union HSD) and Art Escobedo (Los Nietos SD) (Smart Voter archive); nothing ties it to a Maria Escobedo or to Inglewood USD; this row is a CA_0156 no-evidence Inglewood Unified placeholder (deactivated)"
5b0bc6b7-f832-41c9-b2c8-f24093c4b81b,1d9d72c9-4a06-41eb-8196-a09f879dce80,Maria Escobedo,Inglewood Unified,cal_access,1400339,ESCOBEDO FOR WHITTIER CITY COUNCIL 2018,ESCOBEDO FOR WHITTIER CITY COUNCIL 2018,949,TERMINATED 12/27/2018,needs_research,surname only,disputed,B another office or district named,"surname-only auto-link: Cal-Access 1400339 ""ESCOBEDO FOR WHITTIER CITY COUNCIL 2018"" -- a campaign for a city council, not for the Inglewood Unified board; this row is a CA_0156 no-evidence Inglewood Unified placeholder (deactivated)"
138b6d9c-1149-4daf-b15b-38cba53e0431,ee87befc-d2e3-4a24-acb8-76f95c3ab2ee,Maria Huerta,Bassett Unified,cal_access,1370597,HUERTA FOR MUSD BOARD AREA 4 2014,HUERTA FOR MUSD BOARD AREA 4 2014,559,TERMINATED 10/07/2015,needs_research,surname only,disputed,B another office or district named,"surname-only auto-link: Cal-Access 1370597 ""HUERTA FOR MUSD BOARD AREA 4 2014"" -- a campaign for the board of a different school district, not for the Bassett Unified board; this row is a CA_0156 no-evidence Bassett Unified placeholder (deactivated)"
bd2a99b8-8c38-4ca5-977e-0f74415d6ae3,ee87befc-d2e3-4a24-acb8-76f95c3ab2ee,Maria Huerta,Bassett Unified,cal_access,1388610,"HUERTA FOR DELTA COLLEGE TRUSTEE, AREA 2, 2016","HUERTA FOR DELTA COLLEGE TRUSTEE, AREA 2, 2016",209,ACTIVE,needs_research,surname only,disputed,B another office or district named,"surname-only auto-link: Cal-Access 1388610 ""HUERTA FOR DELTA COLLEGE TRUSTEE, AREA 2, 2016"" -- a campaign for a community college board, not for the Bassett Unified board; this row is a CA_0156 no-evidence Bassett Unified placeholder (deactivated)"
5e456aea-8287-4541-a6c6-c5007e072e35,ee87befc-d2e3-4a24-acb8-76f95c3ab2ee,Maria Huerta,Bassett Unified,cal_access,1421411,HUERTA FOR SUPERVISOR 2020,HUERTA FOR SUPERVISOR 2020,661,TERMINATED 12/31/2022,needs_research,surname only,disputed,B another office or district named,"surname-only auto-link: Cal-Access 1421411 ""HUERTA FOR SUPERVISOR 2020"" -- a campaign for a county board of supervisors, not for the Bassett Unified board; this row is a CA_0156 no-evidence Bassett Unified placeholder (deactivated)"
8a72df7e-5166-49af-814a-f8388430133b,ee87befc-d2e3-4a24-acb8-76f95c3ab2ee,Maria Huerta,Bassett Unified,cal_access,1471583,HUERTA FOR SALINAS HIGH SCHOOL DISTRICT TRUSTEE 2 2024,HUERTA FOR SALINAS HIGH SCHOOL DISTRICT TRUSTEE 2 2024,831,TERMINATED 12/28/2024,needs_research,surname only,disputed,B another office or district named,"surname-only auto-link: Cal-Access 1471583 ""HUERTA FOR SALINAS HIGH SCHOOL DISTRICT TRUSTEE 2 2024"" -- a campaign for the board of a different school district, not for the Bassett Unified board; this row is a CA_0156 no-evidence Bassett Unified placeholder (deactivated)"
87dab8fd-94cc-4d3f-9159-f9842a881aa7,341f687f-4a41-414c-8da8-7675922e9283,Mary Ann Blount,Monrovia Unified,cal_access,1363644,BLOUNT FOR GOVERNOR 2014,BLOUNT FOR GOVERNOR 2014,949,TERMINATED 05/17/2014,needs_research,surname only,disputed,B another office or district named,"surname-only auto-link: Cal-Access 1363644 ""BLOUNT FOR GOVERNOR 2014"" -- a campaign for Governor, not for the Monrovia Unified board; this row is a CA_0156 no-evidence Monrovia Unified placeholder (deactivated)"
f11f1eaa-88bf-469f-9339-f0a26f26f4f7,9bd840d2-3877-42ab-ac68-961accbf9140,Michael Murphy,Wiseburn Unified,cal_access,1037964,MURPHY FOR STATE SENATOR,MURPHY FOR STATE SENATOR,916,TERMINATED 12/01/1990,needs_research,surname only,disputed,B another office or district named,"surname-only auto-link: Cal-Access 1037964 ""MURPHY FOR STATE SENATOR"" -- a campaign for the State Senate, not for the Wiseburn Unified board; this row is a CA_0156 no-evidence Wiseburn Unified placeholder (deactivated)"
0626db8a-d701-481f-a512-263005c6cfdf,9bd840d2-3877-42ab-ac68-961accbf9140,Michael Murphy,Wiseburn Unified,cal_access,1220177,MURPHY FOR SUPERIOR COURT JUDGE,MURPHY FOR SUPERIOR COURT JUDGE,530,TERMINATED 01/13/2000,needs_research,surname only,disputed,B another office or district named,"surname-only auto-link: Cal-Access 1220177 ""MURPHY FOR SUPERIOR COURT JUDGE"" -- a campaign for a judgeship, not for the Wiseburn Unified board; this row is a CA_0156 no-evidence Wiseburn Unified placeholder (deactivated)"
7366cca3-d951-41d5-bb10-46d0f5b315de,9bd840d2-3877-42ab-ac68-961accbf9140,Michael Murphy,Wiseburn Unified,cal_access,1226267,MURPHY FOR SCHOOL BOARD,MURPHY FOR SCHOOL BOARD,805,TERMINATED 08/17/2000,needs_research,surname only,disputed,C evidence places it elsewhere,"surname-only auto-link: Cal-Access 1226267 ""MURPHY FOR SCHOOL BOARD"" -- a committee outside the South Bay (filer area code 805; terminated 2000); the Wiseburn roster and candidate lists have no Murphy; this row is a CA_0156 no-evidence Wiseburn Unified placeholder (deactivated)"
e86b65ea-eaf9-402b-9cf5-9850a9b886fe,9bd840d2-3877-42ab-ac68-961accbf9140,Michael Murphy,Wiseburn Unified,cal_access,1284403,"MURPHY, COMMITTEE TO ELECT MICHAEL PATRICK","MURPHY, COMMITTEE TO ELECT MICHAEL PATRICK",916,TERMINATED 09/10/2007,needs_research,full name,disputed,C evidence places it elsewhere,"name-only auto-link: Cal-Access 1284403 ""MURPHY, COMMITTEE TO ELECT MICHAEL PATRICK"" -- Michael Patrick Murphy of the Sacramento area (filer area code 916); the Wiseburn roster and candidate lists have no Murphy; this row is a CA_0156 no-evidence Wiseburn Unified placeholder (deactivated)"
8d3e766a-dbd1-48e7-8de8-27df1f2dbcb3,9bd840d2-3877-42ab-ac68-961accbf9140,Michael Murphy,Wiseburn Unified,cal_access,1340748,"MURPHY FOR MERCED CITY COUNCIL 2011, MIKE","MURPHY FOR MERCED CITY COUNCIL 2011, MIKE",209,TERMINATED 06/30/2016,needs_research,full name,disputed,B another office or district named,"name-only auto-link: Cal-Access 1340748 ""MURPHY FOR MERCED CITY COUNCIL 2011, MIKE"" -- a campaign for a city council, not for the Wiseburn Unified board; no evidence its candidate ever sought or held a Wiseburn Unified seat; this row is a CA_0156 no-evidence Wiseburn Unified placeholder (deactivated)"
1f011a16-967b-46b4-bf0b-023fe71ad3d8,9bd840d2-3877-42ab-ac68-961accbf9140,Michael Murphy,Wiseburn Unified,cal_access,1380768,MURPHY FOR MERCED MAYOR 2018; FRIENDS OF,MURPHY FOR MERCED MAYOR 2018; FRIENDS OF,209,TERMINATED 12/31/2020,needs_research,surname only,disputed,B another office or district named,"surname-only auto-link: Cal-Access 1380768 ""MURPHY FOR MERCED MAYOR 2018; FRIENDS OF"" -- a campaign for mayor, not for the Wiseburn Unified board; this row is a CA_0156 no-evidence Wiseburn Unified placeholder (deactivated)"
2a74d4cb-2421-409e-b801-90c31b9fdfce,9bd840d2-3877-42ab-ac68-961accbf9140,Michael Murphy,Wiseburn Unified,cal_access,1407460,MURPHY FOR COUNCIL 2018,MURPHY FOR COUNCIL 2018,831,TERMINATED 07/31/2018,needs_research,surname only,disputed,B another office or district named,"surname-only auto-link: Cal-Access 1407460 ""MURPHY FOR COUNCIL 2018"" -- a campaign for a city council, not for the Wiseburn Unified board; this row is a CA_0156 no-evidence Wiseburn Unified placeholder (deactivated)"
94c97025-0511-4427-ad97-ea1487da28fb,9bd840d2-3877-42ab-ac68-961accbf9140,Michael Murphy,Wiseburn Unified,cal_access,1410248,MURPHY FOR DISTRICT 4 SUPERVISOR 2018; MIKE,MURPHY FOR DISTRICT 4 SUPERVISOR 2018; MIKE,415,ACTIVE,needs_research,full name,disputed,B another office or district named,"name-only auto-link: Cal-Access 1410248 ""MURPHY FOR DISTRICT 4 SUPERVISOR 2018; MIKE"" -- a campaign for a county board of supervisors, not for the Wiseburn Unified board; no evidence its candidate ever sought or held a Wiseburn Unified seat; this row is a CA_0156 no-evidence Wiseburn Unified placeholder (deactivated)"
2d139232-c08e-4ff1-9af2-656fc63bfe07,9bd840d2-3877-42ab-ac68-961accbf9140,Michael Murphy,Wiseburn Unified,cal_access,1412593,MURPHY FOR MONTEREY PENINSULA UNIFIED SCHOOL DISTRICT AREA 3 TRUSTEE 2018; J,MURPHY FOR MONTEREY PENINSULA UNIFIED SCHOOL DISTRICT AREA 3 TRUSTEE 2018; J,831,TERMINATED 11/16/2018,needs_research,surname only,disputed,B another office or district named,"surname-only auto-link: Cal-Access 1412593 ""MURPHY FOR MONTEREY PENINSULA UNIFIED SCHOOL DISTRICT AREA 3 TRUSTEE 2018; J"" -- a campaign for the board of a different school district, not for the Wiseburn Unified board; this row is a CA_0156 no-evidence Wiseburn Unified placeholder (deactivated)"
462b2fc7-1c80-4dc5-a973-8bf426c8aebb,9bd840d2-3877-42ab-ac68-961accbf9140,Michael Murphy,Wiseburn Unified,cal_access,1422436,MURPHY FOR JUDGE 2020,MURPHY FOR JUDGE 2020,619,TERMINATED 04/20/2020,needs_research,surname only,disputed,B another office or district named,"surname-only auto-link: Cal-Access 1422436 ""MURPHY FOR JUDGE 2020"" -- a campaign for a judgeship, not for the Wiseburn Unified board; this row is a CA_0156 no-evidence Wiseburn Unified placeholder (deactivated)"
23a5a124-5d9c-4936-b22c-3ffacb3681a5,9bd840d2-3877-42ab-ac68-961accbf9140,Michael Murphy,Wiseburn Unified,cal_access,1439073,MURPHY FOR JUDGE 2022,MURPHY FOR JUDGE 2022,619,TERMINATED 12/31/2022,needs_research,surname only,disputed,B another office or district named,"surname-only auto-link: Cal-Access 1439073 ""MURPHY FOR JUDGE 2022"" -- a campaign for a judgeship, not for the Wiseburn Unified board; this row is a CA_0156 no-evidence Wiseburn Unified placeholder (deactivated)"
5f4507b0-4e0c-4d5f-a62b-4ff4ef28012f,9bd840d2-3877-42ab-ac68-961accbf9140,Michael Murphy,Wiseburn Unified,cal_access,1442614,MURPHY FOR ASSEMBLY 2022,MURPHY FOR ASSEMBLY 2022,252,ACTIVE,needs_research,surname only,disputed,B another office or district named,"surname-only auto-link: Cal-Access 1442614 ""MURPHY FOR ASSEMBLY 2022"" -- a campaign for the State Assembly, not for the Wiseburn Unified board; this row is a CA_0156 no-evidence Wiseburn Unified placeholder (deactivated)"
b63a5b6b-e9dc-4471-adac-21b70a29ea79,9bd840d2-3877-42ab-ac68-961accbf9140,Michael Murphy,Wiseburn Unified,cal_access,1453795,MURPHY FOR VUSD AREA 6 TRUSTEE 2022,MURPHY FOR VUSD AREA 6 TRUSTEE 2022,559,ACTIVE,needs_research,surname only,disputed,B another office or district named,"surname-only auto-link: Cal-Access 1453795 ""MURPHY FOR VUSD AREA 6 TRUSTEE 2022"" -- a campaign for the board of a different school district, not for the Wiseburn Unified board; this row is a CA_0156 no-evidence Wiseburn Unified placeholder (deactivated)"
954c5626-5b1c-4e88-87dd-041b53fdcaec,9bd840d2-3877-42ab-ac68-961accbf9140,Michael Murphy,Wiseburn Unified,cal_access,1478647,MURPHY FOR ASSEMBLY 2026,MURPHY FOR ASSEMBLY 2026,209,ACTIVE,needs_research,surname only,disputed,B another office or district named,"surname-only auto-link: Cal-Access 1478647 ""MURPHY FOR ASSEMBLY 2026"" -- a campaign for the State Assembly, not for the Wiseburn Unified board; this row is a CA_0156 no-evidence Wiseburn Unified placeholder (deactivated)"
81771968-e7db-4d6b-b9eb-b2b814f74a30,9bd840d2-3877-42ab-ac68-961accbf9140,Michael Murphy,Wiseburn Unified,cal_access,1485892,MURPHY FOR GLENDALE CITY COUNCIL 2026,MURPHY FOR GLENDALE CITY COUNCIL 2026,818,ACTIVE,needs_research,surname only,disputed,B another office or district named,"surname-only auto-link: Cal-Access 1485892 ""MURPHY FOR GLENDALE CITY COUNCIL 2026"" -- a campaign for a city council, not for the Wiseburn Unified board; this row is a CA_0156 no-evidence Wiseburn Unified placeholder (deactivated)"
028fac21-b94b-4252-b8bd-a19474d45195,9bd840d2-3877-42ab-ac68-961accbf9140,Michael Murphy,Wiseburn Unified,cal_access,1488156,MURPHY FOR COMMUNITY COLLEGE BOARD 2026,MURPHY FOR COMMUNITY COLLEGE BOARD 2026,310,TERMINATED 06/30/2026,needs_research,surname only,disputed,B another office or district named,"surname-only auto-link: Cal-Access 1488156 ""MURPHY FOR COMMUNITY COLLEGE BOARD 2026"" -- a campaign for a community college board, not for the Wiseburn Unified board; this row is a CA_0156 no-evidence Wiseburn Unified placeholder (deactivated)"
458bbb6e-2f58-4c72-b59f-b08b9c3d9064,9bd840d2-3877-42ab-ac68-961accbf9140,Michael Murphy,Wiseburn Unified,cal_access,1488911,MURPHY 4 MURRIETA SCHOOL BOARD 2026,MURPHY 4 MURRIETA SCHOOL BOARD 2026,701,ACTIVE,needs_research,surname only,disputed,B another office or district named,"surname-only auto-link: Cal-Access 1488911 ""MURPHY 4 MURRIETA SCHOOL BOARD 2026"" -- a campaign for the board of a different school district, not for the Wiseburn Unified board; this row is a CA_0156 no-evidence Wiseburn Unified placeholder (deactivated)"
4e02c835-5db6-4cd8-9179-b4f224a7464c,08f76054-5a5d-4543-88de-569ffb4d5b96,Michael Rock,Torrance Unified,cal_access,1247445,"FRAUSTO FOR ALUM ROCK BOARD OF TRUSTEE, COMMITTEE TO ELECTION JOE E.","FRAUSTO FOR ALUM ROCK BOARD OF TRUSTEE, COMMITTEE TO ELECTION JOE E.",408,TERMINATED 07/15/2005,needs_research,surname only,disputed,A names another person or place,"surname-only auto-link: Cal-Access 1247445 ""FRAUSTO FOR ALUM ROCK BOARD OF TRUSTEE, COMMITTEE TO ELECTION JOE E."" -- the match is on the district name Alum Rock (San Jose), not the surname; this row is a CA_0156 no-evidence Torrance Unified placeholder (deactivated)"
fb53c674-e13d-4334-a8f4-bc0eb712af42,08f76054-5a5d-4543-88de-569ffb4d5b96,Michael Rock,Torrance Unified,cal_access,1268706,DARCIE FOR ALUM ROCK,DARCIE FOR ALUM ROCK,408,TERMINATED 11/15/2004,needs_research,surname only,disputed,A names another person or place,"surname-only auto-link: Cal-Access 1268706 ""DARCIE FOR ALUM ROCK"" -- the match is on the district name Alum Rock (San Jose), not the surname; this row is a CA_0156 no-evidence Torrance Unified placeholder (deactivated)"
06c8c00a-d303-4c70-be45-199b0ee4c8fc,08f76054-5a5d-4543-88de-569ffb4d5b96,Michael Rock,Torrance Unified,cal_access,1303021,ROCK,ROCK,310,ACTIVE,needs_research,surname only,keep needs_research,unresolved,"committee named only ""ROCK"": no given name, no office, no electronic filings in any cycle; filer area code 310 fits the Torrance area. Not shown to belong elsewhere"
5942542c-a50a-45e1-a031-31bc8951180b,08f76054-5a5d-4543-88de-569ffb4d5b96,Michael Rock,Torrance Unified,cal_access,1328211,BALDONI FOR ALUM ROCK SCHOOL BOARD 2010,BALDONI FOR ALUM ROCK SCHOOL BOARD 2010,408,TERMINATED 11/22/2010,needs_research,surname only,disputed,A names another person or place,"surname-only auto-link: Cal-Access 1328211 ""BALDONI FOR ALUM ROCK SCHOOL BOARD 2010"" -- the match is on the district name Alum Rock (San Jose), not the surname; this row is a CA_0156 no-evidence Torrance Unified placeholder (deactivated)"
a22f1754-d4ba-44d1-8caf-79abdf5ea967,08f76054-5a5d-4543-88de-569ffb4d5b96,Michael Rock,Torrance Unified,cal_access,1371965,MORENO FOR ALUM ROCK SCHOOL BOARD 2014,MORENO FOR ALUM ROCK SCHOOL BOARD 2014,408,TERMINATED 08/01/2016,needs_research,surname only,disputed,A names another person or place,"surname-only auto-link: Cal-Access 1371965 ""MORENO FOR ALUM ROCK SCHOOL BOARD 2014"" -- the match is on the district name Alum Rock (San Jose), not the surname; this row is a CA_0156 no-evidence Torrance Unified placeholder (deactivated)"
1a6616ee-c34b-4bae-9e51-0c42c6a512eb,bbff7247-f129-41ef-8d39-393b3c973163,Naomi Kim,Redondo Beach Unified,cal_access,1075940,"STAFFORD, COMMITTEE TO ELECT KIM DAVID, THE","STAFFORD, COMMITTEE TO ELECT KIM DAVID, THE",707,TERMINATED 07/24/2002,needs_research,surname only,disputed,A names another person or place,"surname-only auto-link: Cal-Access 1075940 ""STAFFORD, COMMITTEE TO ELECT KIM DAVID, THE"" -- names a different person (Kim David Stafford); Kim is the given name, not the surname; this row is a CA_0156 no-evidence Redondo Beach Unified placeholder (deactivated)"
ab59bd1d-725c-4b16-b5bc-1c1d989f5d9a,bbff7247-f129-41ef-8d39-393b3c973163,Naomi Kim,Redondo Beach Unified,cal_access,1242549,"YAMAGUCHI, COMMITTEE TO RECALL KIM","YAMAGUCHI, COMMITTEE TO RECALL KIM",,TERMINATED 07/30/2003,needs_research,surname only,disputed,B another office or district named,"surname-only auto-link: Cal-Access 1242549 ""YAMAGUCHI, COMMITTEE TO RECALL KIM"" -- a recall committee, not a campaign for the Redondo Beach Unified board; this row is a CA_0156 no-evidence Redondo Beach Unified placeholder (deactivated)"
9bf55ea7-8aa5-4935-bcf8-79776d679075,bbff7247-f129-41ef-8d39-393b3c973163,Naomi Kim,Redondo Beach Unified,cal_access,1326830,"KIM FOR SCHOOL BOARD 2010, ELECT","KIM FOR SCHOOL BOARD 2010, ELECT",760,TERMINATED 12/31/2015,needs_research,surname only,disputed,C evidence places it elsewhere,"surname-only auto-link: Cal-Access 1326830 ""KIM FOR SCHOOL BOARD 2010, ELECT"" -- a committee outside LA County (filer area code 760); Redondo Beach USD elects in March of odd years (CA_0156 roster terms 2007-11 ... 2017-21; elections 2021-03-02 and 2025-03-04), so 2010 was not an RBUSD election year; this row is a CA_0156 no-evidence Redondo Beach Unified placeholder (deactivated)"
6254591f-758f-4038-a074-acbfc6bc397a,bbff7247-f129-41ef-8d39-393b3c973163,Naomi Kim,Redondo Beach Unified,cal_access,1334157,KIM FOR CITY COUNCIL 2011,KIM FOR CITY COUNCIL 2011,213,ACTIVE,needs_research,surname only,disputed,B another office or district named,"surname-only auto-link: Cal-Access 1334157 ""KIM FOR CITY COUNCIL 2011"" -- a campaign for a city council, not for the Redondo Beach Unified board; this row is a CA_0156 no-evidence Redondo Beach Unified placeholder (deactivated)"
801e42a6-8c15-44ec-a4cc-5a8fb33fdded,bbff7247-f129-41ef-8d39-393b3c973163,Naomi Kim,Redondo Beach Unified,cal_access,1360570,KIM FOR SALINAS ELEMENTARY SCHOOL DISTRICT AREA 5 2013,KIM FOR SALINAS ELEMENTARY SCHOOL DISTRICT AREA 5 2013,831,TERMINATED 10/15/2016,needs_research,surname only,disputed,B another office or district named,"surname-only auto-link: Cal-Access 1360570 ""KIM FOR SALINAS ELEMENTARY SCHOOL DISTRICT AREA 5 2013"" -- a campaign for the board of a different school district, not for the Redondo Beach Unified board; this row is a CA_0156 no-evidence Redondo Beach Unified placeholder (deactivated)"
84df8df4-d7bb-4aa3-bd27-2dc1cf10d9fc,bbff7247-f129-41ef-8d39-393b3c973163,Naomi Kim,Redondo Beach Unified,cal_access,1363591,KIM FOR JUDGE 2014,KIM FOR JUDGE 2014,323,TERMINATED 12/31/2014,needs_research,surname only,disputed,B another office or district named,"surname-only auto-link: Cal-Access 1363591 ""KIM FOR JUDGE 2014"" -- a campaign for a judgeship, not for the Redondo Beach Unified board; this row is a CA_0156 no-evidence Redondo Beach Unified placeholder (deactivated)"
efeb8cbf-9b69-46ce-b268-2934bf593c68,bbff7247-f129-41ef-8d39-393b3c973163,Naomi Kim,Redondo Beach Unified,cal_access,1371585,"KIM ACCOUNTABLE VOTE NO ON JANE KIM FOR BOARD OF SUPERVISORS 2014, SAN FRANCISCANS TO HOLD","KIM ACCOUNTABLE VOTE NO ON JANE KIM FOR BOARD OF SUPERVISORS 2014, SAN FRANCISCANS TO HOLD",415,TERMINATED 12/31/2014,needs_research,surname only,disputed,B another office or district named,"surname-only auto-link: Cal-Access 1371585 ""KIM ACCOUNTABLE VOTE NO ON JANE KIM FOR BOARD OF SUPERVISORS 2014, SAN FRANCISCANS TO HOLD"" -- a campaign for a county board of supervisors, not for the Redondo Beach Unified board; this row is a CA_0156 no-evidence Redondo Beach Unified placeholder (deactivated)"
9876d4b9-21fe-479d-be1a-c0a83f1f0880,bbff7247-f129-41ef-8d39-393b3c973163,Naomi Kim,Redondo Beach Unified,cal_access,1390487,"KIM FOR SENATE 2016, SPONSORED BY A COALITION OF FAMILIES, NURSES, TEACHERS, HEALTH CARE, SERVICE, HOTEL AND ELECTRICAL WORKERS; WORKING FAMILIES FOR JANE","KIM FOR SENATE 2016, SPONSORED BY A COALITION OF FAMILIES, NURSES, TEACHERS, HEALTH CARE, SERVICE, HOTEL AND ELECTRICAL WORKERS; WORKING FAMILIES FOR JANE",415,TERMINATED 12/31/2016,needs_research,surname only,disputed,B another office or district named,"surname-only auto-link: Cal-Access 1390487 ""KIM FOR SENATE 2016, SPONSORED BY A COALITION OF FAMILIES, NURSES, TEACHERS, HEALTH CARE, SERVICE, HOTEL AND ELECTRICAL WORKERS; WORKING FAMILIES FOR JANE"" -- a campaign for the State Senate, not for the Redondo Beach Unified board; this row is a CA_0156 no-evidence Redondo Beach Unified placeholder (deactivated)"
d08f6249-a984-4ff0-9511-6cad2b84822e,bbff7247-f129-41ef-8d39-393b3c973163,Naomi Kim,Redondo Beach Unified,cal_access,1390562,KIM FOR SENATE 2016 COMMITTEE; WE CAN'T TRUST JANE,KIM FOR SENATE 2016 COMMITTEE; WE CAN'T TRUST JANE,415,TERMINATED 12/31/2016,needs_research,surname only,disputed,B another office or district named,"surname-only auto-link: Cal-Access 1390562 ""KIM FOR SENATE 2016 COMMITTEE; WE CAN'T TRUST JANE"" -- a campaign for the State Senate, not for the Redondo Beach Unified board; this row is a CA_0156 no-evidence Redondo Beach Unified placeholder (deactivated)"
aa1cbdf4-cb85-4938-a783-c9f85838d122,bbff7247-f129-41ef-8d39-393b3c973163,Naomi Kim,Redondo Beach Unified,cal_access,1403979,KIM FOR SENATE 2018,KIM FOR SENATE 2018,301,TERMINATED 12/03/2018,needs_research,surname only,disputed,B another office or district named,"surname-only auto-link: Cal-Access 1403979 ""KIM FOR SENATE 2018"" -- a campaign for the State Senate, not for the Redondo Beach Unified board; this row is a CA_0156 no-evidence Redondo Beach Unified placeholder (deactivated)"
c57966cd-c3cd-4702-a5e7-e9643b12de43,bbff7247-f129-41ef-8d39-393b3c973163,Naomi Kim,Redondo Beach Unified,cal_access,1447416,KIM FOR LOS ANGELES CITY ATTORNEY 2022; FRIENDS OF RICHARD KIM SUPPORTING RICHARD,KIM FOR LOS ANGELES CITY ATTORNEY 2022; FRIENDS OF RICHARD KIM SUPPORTING RICHARD,408,TERMINATED 07/13/2022,needs_research,surname only,disputed,B another office or district named,"surname-only auto-link: Cal-Access 1447416 ""KIM FOR LOS ANGELES CITY ATTORNEY 2022; FRIENDS OF RICHARD KIM SUPPORTING RICHARD"" -- a campaign for city attorney, not for the Redondo Beach Unified board; this row is a CA_0156 no-evidence Redondo Beach Unified placeholder (deactivated)"
13b16602-2467-4dde-9e04-bb59091be0ff,bbff7247-f129-41ef-8d39-393b3c973163,Naomi Kim,Redondo Beach Unified,cal_access,1453291,KIM FOR SCHOOL BOARD 2022,KIM FOR SCHOOL BOARD 2022,310,TERMINATED 12/31/2022,needs_research,surname only,disputed,C evidence places it elsewhere,"surname-only auto-link: Cal-Access 1453291 ""KIM FOR SCHOOL BOARD 2022"" -- Redondo Beach USD elects in March of odd years (CA_0156 roster terms 2007-11 ... 2017-21; elections 2021-03-02 and 2025-03-04), so 2022 was not an RBUSD election year; the only Kim on the Nov 2022 LA County school ballot was Bryan Y. Kim (Alhambra USD); this row is a CA_0156 no-evidence Redondo Beach Unified placeholder (deactivated)"
6aca18af-faf0-4180-a7ec-8cbadf191ece,bbff7247-f129-41ef-8d39-393b3c973163,Naomi Kim,Redondo Beach Unified,cal_access,1483649,KIM FOR SCHOOL BOARD JUNE 2026,KIM FOR SCHOOL BOARD JUNE 2026,510,ACTIVE,needs_research,surname only,disputed,C evidence places it elsewhere,"surname-only auto-link: Cal-Access 1483649 ""KIM FOR SCHOOL BOARD JUNE 2026"" -- Redondo Beach USD elects in March of odd years (CA_0156 roster terms 2007-11 ... 2017-21; elections 2021-03-02 and 2025-03-04), so June 2026 is not an RBUSD election; its filer phone is shared with an Oakland mayoral committee (1441869); this row is a CA_0156 no-evidence Redondo Beach Unified placeholder (deactivated)"
db70e877-cd9e-41e0-b577-57567337ac51,bbff7247-f129-41ef-8d39-393b3c973163,Naomi Kim,Redondo Beach Unified,cal_access,1483651,KIM FOR SCHOOL BOARD 2026,KIM FOR SCHOOL BOARD 2026,510,ACTIVE,needs_research,surname only,disputed,C evidence places it elsewhere,"surname-only auto-link: Cal-Access 1483651 ""KIM FOR SCHOOL BOARD 2026"" -- Redondo Beach USD elects in March of odd years (CA_0156 roster terms 2007-11 ... 2017-21; elections 2021-03-02 and 2025-03-04), so 2026 is not an RBUSD election year; the only Kim on the Nov 2026 LA County school ballot is Kevin Kim (Saugus Union SD); its filer phone is shared with an Oakland mayoral committee (1441869); this row is a CA_0156 no-evidence Redondo Beach Unified placeholder (deactivated)"
21c88911-b7c6-48a8-8494-72ccd4a4ed12,23e22371-fd7f-470d-9d2e-4bb9151bceb1,Nathan Donato,Walnut Valley Unified,cal_access,1248104,DONATO FOR WATER,DONATO FOR WATER,661,TERMINATED 01/27/2003,needs_research,surname only,disputed,B another office or district named,"surname-only auto-link: Cal-Access 1248104 ""DONATO FOR WATER"" -- a campaign for a water district board, not for the Walnut Valley Unified board; this row is a CA_0156 no-evidence Walnut Valley Unified placeholder (deactivated)"
3247a19d-c359-43aa-950f-f055699d91c9,23e22371-fd7f-470d-9d2e-4bb9151bceb1,Nathan Donato,Walnut Valley Unified,cal_access,1416792,DI DONATO ASSEMBLY 2020,DI DONATO ASSEMBLY 2020,510,ACTIVE,needs_research,surname only,disputed,A names another person or place,"surname-only auto-link: Cal-Access 1416792 ""DI DONATO ASSEMBLY 2020"" -- a different surname (Di Donato), not Donato; this row is a CA_0156 no-evidence Walnut Valley Unified placeholder (deactivated)"
46747674-1d50-42aa-a103-1eab91ac6361,1d6cb616-1d88-4010-9d91-2f13f625c58f,Noy Palacios,Walnut Valley Unified,cal_access,1075565,PALACIOS FOR THE ASSEMBLY,PALACIOS FOR THE ASSEMBLY,510,TERMINATED 07/24/2002,needs_research,surname only,disputed,B another office or district named,"surname-only auto-link: Cal-Access 1075565 ""PALACIOS FOR THE ASSEMBLY"" -- a campaign for the State Assembly, not for the Walnut Valley Unified board; this row is a CA_0156 no-evidence Walnut Valley Unified placeholder (deactivated)"
2f3bdb0b-c11a-48cc-badb-4e8ea1c88b61,b0f48347-625e-4b16-8ac1-e05363219688,Patricia Avalos,Bellflower Unified,la_socrata,1438306,Avalos for City Council 2022,Avalos for City Council 2022,,,needs_research,surname only,disputed,A names another person or place,"surname-only auto-link: LA City committee ""Avalos for City Council 2022"" -- LA City Ethics records the candidate as Elisa Avalos, Los Angeles City Council District 7 (2022); this row is a CA_0156 no-evidence Bellflower Unified placeholder (deactivated)"
747d10ea-ed6d-4034-88b8-5b7a784d283d,6ded6ac5-dcf5-4e96-aba6-8fc32c827a36,Paul Shelton,Montebello Unified,cal_access,1330618,SHELTON FOR AVEK 2010,SHELTON FOR AVEK 2010,661,TERMINATED 01/26/2011,needs_research,surname only,disputed,B another office or district named,"surname-only auto-link: Cal-Access 1330618 ""SHELTON FOR AVEK 2010"" -- a campaign for the Antelope Valley-East Kern Water Agency board, not for the Montebello Unified board; this row is a CA_0156 no-evidence Montebello Unified placeholder (deactivated)"
204efdee-753e-419d-aafb-4fa8d1566472,6ded6ac5-dcf5-4e96-aba6-8fc32c827a36,Paul Shelton,Montebello Unified,cal_access,1350540,SHELTON FOR RENT BOARD 2012,SHELTON FOR RENT BOARD 2012,510,TERMINATED 01/18/2013,needs_research,surname only,disputed,B another office or district named,"surname-only auto-link: Cal-Access 1350540 ""SHELTON FOR RENT BOARD 2012"" -- a campaign for a rent board, not for the Montebello Unified board; this row is a CA_0156 no-evidence Montebello Unified placeholder (deactivated)"
9de31a28-bab2-4fac-997e-99fc350e779f,6ded6ac5-dcf5-4e96-aba6-8fc32c827a36,Paul Shelton,Montebello Unified,cal_access,1411157,SHELTON FOR MERCED CITY COUNCIL 2018,SHELTON FOR MERCED CITY COUNCIL 2022,209,ACTIVE,needs_research,surname only,disputed,B another office or district named,"surname-only auto-link: Cal-Access 1411157 ""SHELTON FOR MERCED CITY COUNCIL 2022"" (stored as ""SHELTON FOR MERCED CITY COUNCIL 2018"") -- a campaign for a city council, not for the Montebello Unified board; this row is a CA_0156 no-evidence Montebello Unified placeholder (deactivated)"
17f95c5b-6fdd-46bf-839a-b8197d7195ad,6ded6ac5-dcf5-4e96-aba6-8fc32c827a36,Paul Shelton,Montebello Unified,cal_access,1489365,SHELTON FOR LT. GOVERNOR 2026,SHELTON FOR LT. GOVERNOR 2026,916,TERMINATED 06/28/2026,needs_research,surname only,disputed,B another office or district named,"surname-only auto-link: Cal-Access 1489365 ""SHELTON FOR LT. GOVERNOR 2026"" -- a campaign for Lieutenant Governor, not for the Montebello Unified board; this row is a CA_0156 no-evidence Montebello Unified placeholder (deactivated)"
12ef6125-5548-4eb5-8610-400c911b1dfb,bdfbb3bc-d63c-4188-9ba2-528fa9bcf6ec,Paula Lantz,ABC Unified,cal_access,1349265,LANTZ FOR WATER BOARD 2012,LANTZ FOR WATER BOARD 2012,909,TERMINATED 01/23/2013,needs_research,surname only,disputed,B another office or district named,"surname-only auto-link: Cal-Access 1349265 ""LANTZ FOR WATER BOARD 2012"" -- a campaign for a water district board, not for the ABC Unified board; this row is a CA_0156 no-evidence ABC Unified placeholder (deactivated)"
8972f8f3-93d3-482e-8c8f-a5d777055492,bdfbb3bc-d63c-4188-9ba2-528fa9bcf6ec,Paula Lantz,ABC Unified,cal_access,1387546,LANTZ FOR TVMWD WATER BOARD 2016,LANTZ FOR TVMWD WATER BOARD 2016,818,TERMINATED 11/28/2016,needs_research,surname only,disputed,B another office or district named,"surname-only auto-link: Cal-Access 1387546 ""LANTZ FOR TVMWD WATER BOARD 2016"" -- a campaign for a water district board, not for the ABC Unified board; this row is a CA_0156 no-evidence ABC Unified placeholder (deactivated)"
abde91be-7727-420d-97ef-4afcb93271bf,9fc809a1-6e91-46ea-9850-b815df5cfbb9,Rafael Limon,Bassett Unified,cal_access,1376167,LIMON FOR ASSEMBLY 2016,LIMON FOR ASSEMBLY 2016,916,TERMINATED 12/31/2016,needs_research,surname only,disputed,B another office or district named,"surname-only auto-link: Cal-Access 1376167 ""LIMON FOR ASSEMBLY 2016"" -- a campaign for the State Assembly, not for the Bassett Unified board; this row is a CA_0156 no-evidence Bassett Unified placeholder (deactivated)"
4e4b237e-0d20-4dd7-941d-fb6edef86c8f,9fc809a1-6e91-46ea-9850-b815df5cfbb9,Rafael Limon,Bassett Unified,cal_access,1392511,LIMON FOR ASSEMBLY 2018,LIMON FOR ASSEMBLY 2018,916,TERMINATED 12/31/2018,needs_research,surname only,disputed,B another office or district named,"surname-only auto-link: Cal-Access 1392511 ""LIMON FOR ASSEMBLY 2018"" -- a campaign for the State Assembly, not for the Bassett Unified board; this row is a CA_0156 no-evidence Bassett Unified placeholder (deactivated)"
da2316c9-64ac-44d0-a990-24033fb22e46,9fc809a1-6e91-46ea-9850-b815df5cfbb9,Rafael Limon,Bassett Unified,cal_access,1414193,LIMON FOR ASSEMBLY 2020,LIMON FOR ASSEMBLY 2020,916,TERMINATED 12/31/2020,needs_research,surname only,disputed,B another office or district named,"surname-only auto-link: Cal-Access 1414193 ""LIMON FOR ASSEMBLY 2020"" -- a campaign for the State Assembly, not for the Bassett Unified board; this row is a CA_0156 no-evidence Bassett Unified placeholder (deactivated)"
2ee4a75e-57e6-4a1e-9b4a-9586545a4aec,9fc809a1-6e91-46ea-9850-b815df5cfbb9,Rafael Limon,Bassett Unified,cal_access,1421406,LIMON FOR SENATE 2020,LIMON FOR SENATE 2020,916,TERMINATED 12/31/2020,needs_research,surname only,disputed,B another office or district named,"surname-only auto-link: Cal-Access 1421406 ""LIMON FOR SENATE 2020"" -- a campaign for the State Senate, not for the Bassett Unified board; this row is a CA_0156 no-evidence Bassett Unified placeholder (deactivated)"
2bed023e-029f-48aa-abd1-f6c0d8a5acb6,9fc809a1-6e91-46ea-9850-b815df5cfbb9,Rafael Limon,Bassett Unified,cal_access,1434494,LIMON FOR SENATE 2024,LIMON FOR SENATE 2024,916,ACTIVE,needs_research,surname only,disputed,B another office or district named,"surname-only auto-link: Cal-Access 1434494 ""LIMON FOR SENATE 2024"" -- a campaign for the State Senate, not for the Bassett Unified board; this row is a CA_0156 no-evidence Bassett Unified placeholder (deactivated)"
8815d7c0-1c66-4a42-891e-fab153b8c0f5,9fc809a1-6e91-46ea-9850-b815df5cfbb9,Rafael Limon,Bassett Unified,cal_access,1477197,LIMON FOR SENATE 2024 OFFICEHOLDER ACCOUNT,LIMON FOR SENATE 2024 OFFICEHOLDER ACCOUNT,916,ACTIVE,needs_research,surname only,disputed,B another office or district named,"surname-only auto-link: Cal-Access 1477197 ""LIMON FOR SENATE 2024 OFFICEHOLDER ACCOUNT"" -- a campaign for the State Senate, not for the Bassett Unified board; this row is a CA_0156 no-evidence Bassett Unified placeholder (deactivated)"
c7509ed5-51e2-4956-aa3d-058b72492377,9fc809a1-6e91-46ea-9850-b815df5cfbb9,Rafael Limon,Bassett Unified,cal_access,1479206,LIMON FOR STATE CONTROLLER 2030,LIMON FOR STATE CONTROLLER 2030,916,ACTIVE,needs_research,surname only,disputed,B another office or district named,"surname-only auto-link: Cal-Access 1479206 ""LIMON FOR STATE CONTROLLER 2030"" -- a campaign for Controller, not for the Bassett Unified board; this row is a CA_0156 no-evidence Bassett Unified placeholder (deactivated)"
df6652ef-51a6-48cb-a15b-e9d6aa6f0347,3a2a57d8-5502-45ef-aece-3ed0ba1d1e53,Ramon Quintero,Paramount Unified,cal_access,1277902,QUINTERO FOR ASSEMBLY,QUINTERO FOR ASSEMBLY,213,TERMINATED 05/10/2006,needs_research,surname only,disputed,B another office or district named,"surname-only auto-link: Cal-Access 1277902 ""QUINTERO FOR ASSEMBLY"" -- a campaign for the State Assembly, not for the Paramount Unified board; this row is a CA_0156 no-evidence Paramount Unified placeholder (deactivated)"
907b522f-34bb-4729-a4c9-de741b18828f,3a2a57d8-5502-45ef-aece-3ed0ba1d1e53,Ramon Quintero,Paramount Unified,cal_access,1287477,QUINTERO FOR COUNTY COMMITTEE,QUINTERO FOR COUNTY COMMITTEE,213,TERMINATED 12/31/2006,needs_research,surname only,disputed,B another office or district named,"surname-only auto-link: Cal-Access 1287477 ""QUINTERO FOR COUNTY COMMITTEE"" -- a campaign for a party central committee, not for the Paramount Unified board; this row is a CA_0156 no-evidence Paramount Unified placeholder (deactivated)"
eb29471c-5189-46ba-ab7d-9d8b534b9d61,3a2a57d8-5502-45ef-aece-3ed0ba1d1e53,Ramon Quintero,Paramount Unified,cal_access,1329566,QUINTERO FOR COLLEGE BOARD 2010,QUINTERO FOR COLLEGE BOARD 2010,408,TERMINATED 02/06/2012,needs_research,surname only,disputed,B another office or district named,"surname-only auto-link: Cal-Access 1329566 ""QUINTERO FOR COLLEGE BOARD 2010"" -- a campaign for a community college board, not for the Paramount Unified board; this row is a CA_0156 no-evidence Paramount Unified placeholder (deactivated)"
db826d36-c7ad-490e-a3f2-05da4621d469,3a2a57d8-5502-45ef-aece-3ed0ba1d1e53,Ramon Quintero,Paramount Unified,cal_access,1373920,"QUINTERO FOR LACCD BOARD OF TRUSTEES, 2015","QUINTERO FOR LACCD BOARD OF TRUSTEES, 2015",323,TERMINATED 03/03/2015,needs_research,surname only,disputed,B another office or district named,"surname-only auto-link: Cal-Access 1373920 ""QUINTERO FOR LACCD BOARD OF TRUSTEES, 2015"" -- a campaign for a community college board, not for the Paramount Unified board; this row is a CA_0156 no-evidence Paramount Unified placeholder (deactivated)"
a3ce5ca4-608f-4c97-96da-307b054e4648,3a2a57d8-5502-45ef-aece-3ed0ba1d1e53,Ramon Quintero,Paramount Unified,cal_access,1382103,QUINTERO FOR ASSEMBLY 2016,QUINTERO FOR ASSEMBLY 2016,408,TERMINATED 10/27/2016,needs_research,surname only,disputed,B another office or district named,"surname-only auto-link: Cal-Access 1382103 ""QUINTERO FOR ASSEMBLY 2016"" -- a campaign for the State Assembly, not for the Paramount Unified board; this row is a CA_0156 no-evidence Paramount Unified placeholder (deactivated)"
6cf64fd7-0147-4593-a338-605128a7da9d,23b32605-c2be-473e-9dd6-4fc2974b80b6,Raul Saldana,Lynwood Unified,cal_access,1293790,SALDANA FOR STATE ASSEMBLY (2008),SALDANA FOR STATE ASSEMBLY (2008),619,TERMINATED 06/30/2009,needs_research,surname only,disputed,B another office or district named,"surname-only auto-link: Cal-Access 1293790 ""SALDANA FOR STATE ASSEMBLY (2008)"" -- a campaign for the State Assembly, not for the Lynwood Unified board; this row is a CA_0156 no-evidence Lynwood Unified placeholder (deactivated)"
b2f3796d-eb0d-4ff2-be42-b8df5e9db696,23b32605-c2be-473e-9dd6-4fc2974b80b6,Raul Saldana,Lynwood Unified,cal_access,1302086,"SALDANA, VICTOR FOR CITY COUNCIL","SALDANA, VICTOR FOR CITY COUNCIL",626,TERMINATED 07/03/2009,needs_research,surname only,disputed,B another office or district named,"surname-only auto-link: Cal-Access 1302086 ""SALDANA, VICTOR FOR CITY COUNCIL"" -- a campaign for a city council, not for the Lynwood Unified board; this row is a CA_0156 no-evidence Lynwood Unified placeholder (deactivated)"
fac359e7-1da0-46e5-a92a-9fb4008e299d,23b32605-c2be-473e-9dd6-4fc2974b80b6,Raul Saldana,Lynwood Unified,cal_access,1377773,SALDANA FOR SCHOOL BOARD 2015,SALDANA FOR SCHOOL BOARD 2015,626,TERMINATED 01/23/2016,needs_research,surname only,disputed,C evidence places it elsewhere,"surname-only auto-link: Cal-Access 1377773 ""SALDANA FOR SCHOOL BOARD 2015"" -- an El Monte-area committee (filer area code 626; Jacqueline Saldana sits on Mountain View SD, El Monte); the Lynwood USD roster is complete from Dec 2015; this row is a CA_0156 no-evidence Lynwood Unified placeholder (deactivated)"
8f14b5ac-cf0f-454b-8ccf-3700abd85ebf,23b32605-c2be-473e-9dd6-4fc2974b80b6,Raul Saldana,Lynwood Unified,cal_access,1405145,SALDANA FOR SUPERVISOR 2018; SAN DIEGANS OPPOSED TO HYPOCRISY & LORI,FLETCHER FOR SUPERVISOR 2018; SAN DIEGO STRONG IN SUPPORT OF NATHAN,619,TERMINATED 06/23/2020,needs_research,surname only,disputed,B another office or district named,"surname-only auto-link: Cal-Access 1405145 ""FLETCHER FOR SUPERVISOR 2018; SAN DIEGO STRONG IN SUPPORT OF NATHAN"" (stored as ""SALDANA FOR SUPERVISOR 2018; SAN DIEGANS OPPOSED TO HYPOCRISY & LORI"") -- a campaign for a county board of supervisors, not for the Lynwood Unified board; this row is a CA_0156 no-evidence Lynwood Unified placeholder (deactivated)"
d84f0b02-2919-401d-ae34-462bdcc24c37,23b32605-c2be-473e-9dd6-4fc2974b80b6,Raul Saldana,Lynwood Unified,cal_access,1427486,SALDANA FOR SCHOOL BOARD 2020,SALDANA FOR SCHOOL BOARD 2020,562,TERMINATED 07/23/2021,needs_research,surname only,disputed,C evidence places it elsewhere,"surname-only auto-link: Cal-Access 1427486 ""SALDANA FOR SCHOOL BOARD 2020"" -- the Nov 2020 LA County school candidates surnamed Saldana were Linda Salomon Saldana (Downey USD) and Jacqueline Saldana (Mountain View SD); none ran for Lynwood USD; this row is a CA_0156 no-evidence Lynwood Unified placeholder (deactivated)"
e019bc8c-8693-4148-9163-b237a706f1e9,23b32605-c2be-473e-9dd6-4fc2974b80b6,Raul Saldana,Lynwood Unified,cal_access,1430356,SALDANA FOR MOUNTAIN VIEW SCHOOL BOARD 2020,SALDANA FOR MOUNTAIN VIEW SCHOOL BOARD 2020,626,TERMINATED 02/05/2021,needs_research,surname only,disputed,B another office or district named,"surname-only auto-link: Cal-Access 1430356 ""SALDANA FOR MOUNTAIN VIEW SCHOOL BOARD 2020"" -- a campaign for the board of a different school district, not for the Lynwood Unified board; this row is a CA_0156 no-evidence Lynwood Unified placeholder (deactivated)"
278b9126-f379-42c9-894b-eb20e833facf,23b32605-c2be-473e-9dd6-4fc2974b80b6,Raul Saldana,Lynwood Unified,cal_access,1446854,SALDANA FOR CITY COUNCIL 2022; SAN DIEGANS OPPOSED TO LORI,SALDANA FOR CITY COUNCIL 2022; SAN DIEGANS OPPOSED TO LORI,619,TERMINATED 05/16/2022,needs_research,surname only,disputed,B another office or district named,"surname-only auto-link: Cal-Access 1446854 ""SALDANA FOR CITY COUNCIL 2022; SAN DIEGANS OPPOSED TO LORI"" -- a campaign for a city council, not for the Lynwood Unified board; this row is a CA_0156 no-evidence Lynwood Unified placeholder (deactivated)"
dbf9a88c-9463-434f-a2ab-9f466b96e974,23b32605-c2be-473e-9dd6-4fc2974b80b6,Raul Saldana,Lynwood Unified,cal_access,1474490,SALDANA FOR SCHOOL BOARD 2024,SALDANA FOR SCHOOL BOARD 2024,562,TERMINATED 12/04/2024,needs_research,surname only,disputed,C evidence places it elsewhere,"surname-only auto-link: Cal-Access 1474490 ""SALDANA FOR SCHOOL BOARD 2024"" -- the Nov 2024 LA County school candidates surnamed Saldana were Linda Salomon Saldana (Downey USD) and Jacqueline Saldana (Mountain View SD); none ran for Lynwood USD; this row is a CA_0156 no-evidence Lynwood Unified placeholder (deactivated)"
3ea36f69-fca3-4786-8ef1-edcf4d1a6b27,23b32605-c2be-473e-9dd6-4fc2974b80b6,Raul Saldana,Lynwood Unified,cal_access,1483732,SALDANA FOR CITY COUNCIL 2026,SALDANA FOR CITY COUNCIL 2026,510,ACTIVE,needs_research,surname only,disputed,B another office or district named,"surname-only auto-link: Cal-Access 1483732 ""SALDANA FOR CITY COUNCIL 2026"" -- a campaign for a city council, not for the Lynwood Unified board; this row is a CA_0156 no-evidence Lynwood Unified placeholder (deactivated)"
79d931fa-ce5a-4e67-8293-b2f28c532f6b,04fcc309-611e-4678-808b-87ca80f95ac6,Roberta Bacon,Pomona Unified,cal_access,1451745,BACON FOR MPUSD BOARD OF ED 2022,BACON FOR MPUSD BOARD OF ED 2022,831,ACTIVE,needs_research,surname only,disputed,B another office or district named,"surname-only auto-link: Cal-Access 1451745 ""BACON FOR MPUSD BOARD OF ED 2022"" -- a campaign for the board of a different school district, not for the Pomona Unified board; this row is a CA_0156 no-evidence Pomona Unified placeholder (deactivated)"
8718b521-5e4d-4dc8-b84b-abcd8f6aedeb,04fcc309-611e-4678-808b-87ca80f95ac6,Roberta Bacon,Pomona Unified,cal_access,1475210,SALWAN AND OPPOSING BACON FOR MAYOR 2024; PRESERVING AGRICULTURE IN ALAMEDA COUNTY SUPPORTING,SALWAN AND OPPOSING BACON FOR MAYOR 2024; PRESERVING AGRICULTURE IN ALAMEDA COUNTY SUPPORTING,408,ACTIVE,needs_research,surname only,disputed,B another office or district named,"surname-only auto-link: Cal-Access 1475210 ""SALWAN AND OPPOSING BACON FOR MAYOR 2024; PRESERVING AGRICULTURE IN ALAMEDA COUNTY SUPPORTING"" -- a campaign for mayor, not for the Pomona Unified board; this row is a CA_0156 no-evidence Pomona Unified placeholder (deactivated)"
09f3d69d-28a8-47c2-99ad-b1a9de544e03,2000e3c6-9634-4591-97ce-ad9d21274e5e,Sheila Lichtblau,Bellflower Unified,cal_access,1384235,LICHTBLAU FOR JUDGE 2016; FRIENDS OF SHEILA,LICHTBLAU FOR JUDGE 2016; FRIENDS OF SHEILA,415,TERMINATED 12/31/2017,needs_research,full name,disputed,B another office or district named,"name-only auto-link: Cal-Access 1384235 ""LICHTBLAU FOR JUDGE 2016; FRIENDS OF SHEILA"" -- a campaign for a judgeship, not for the Bellflower Unified board; no evidence its candidate ever sought or held a Bellflower Unified seat; this row is a CA_0156 no-evidence Bellflower Unified placeholder (deactivated)"
b243eca1-742e-48b1-9248-f877f7034a78,49ff1385-476d-4bb3-9912-80202b106cbc,Shira Katz,Las Virgenes Unified,cal_access,1028745,"KATZ, COMMITTEE TO RE ELECT JUDGE JOSEPH A.","KATZ, COMMITTEE TO RE ELECT JUDGE JOSEPH A.",714,TERMINATED 12/01/1990,needs_research,surname only,disputed,B another office or district named,"surname-only auto-link: Cal-Access 1028745 ""KATZ, COMMITTEE TO RE ELECT JUDGE JOSEPH A."" -- a campaign for a judgeship, not for the Las Virgenes Unified board; this row is a CA_0156 no-evidence Las Virgenes Unified placeholder (deactivated)"
684527e0-3fb3-44e6-951a-934091df663e,49ff1385-476d-4bb3-9912-80202b106cbc,Shira Katz,Las Virgenes Unified,cal_access,1245634,KATZ FOR COUNCIL,KATZ FOR COUNCIL,510,TERMINATED 12/31/2003,needs_research,surname only,disputed,B another office or district named,"surname-only auto-link: Cal-Access 1245634 ""KATZ FOR COUNCIL"" -- a campaign for a city council, not for the Las Virgenes Unified board; this row is a CA_0156 no-evidence Las Virgenes Unified placeholder (deactivated)"
315b0816-2475-440a-9f6a-ed8429c7f7db,49ff1385-476d-4bb3-9912-80202b106cbc,Shira Katz,Las Virgenes Unified,cal_access,1382820,KATZ 2016; ELECT JUDGE,KATZ 2016; ELECT JUDGE,760,TERMINATED 12/05/2018,needs_research,surname only,disputed,B another office or district named,"surname-only auto-link: Cal-Access 1382820 ""KATZ 2016; ELECT JUDGE"" -- a campaign for a judgeship, not for the Las Virgenes Unified board; this row is a CA_0156 no-evidence Las Virgenes Unified placeholder (deactivated)"
c7e02cca-1b65-4d16-822c-195c67b296ae,9163f6fc-8e93-4065-a49b-a009ff443477,Stacy Hollingsworth,Palos Verdes Peninsula Unified,cal_access,1239239,HOLLINGSWORTH FOR SENATE,HOLLINGSWORTH FOR SENATE,,TERMINATED 01/15/2004,needs_research,surname only,disputed,B another office or district named,"surname-only auto-link: Cal-Access 1239239 ""HOLLINGSWORTH FOR SENATE"" -- a campaign for the State Senate, not for the Palos Verdes Peninsula Unified board; this row is a CA_0156 no-evidence Palos Verdes Peninsula Unified placeholder (deactivated)"
8389edca-a978-41d9-a148-e26b56e83f31,9163f6fc-8e93-4065-a49b-a009ff443477,Stacy Hollingsworth,Palos Verdes Peninsula Unified,cal_access,1251235,HOLLINGSWORTH FOR SENATE 2006,HOLLINGSWORTH FOR SENATE 2006,916,TERMINATED 08/13/2007,needs_research,surname only,disputed,B another office or district named,"surname-only auto-link: Cal-Access 1251235 ""HOLLINGSWORTH FOR SENATE 2006"" -- a campaign for the State Senate, not for the Palos Verdes Peninsula Unified board; this row is a CA_0156 no-evidence Palos Verdes Peninsula Unified placeholder (deactivated)"
11caabd8-a2b3-4ace-a8b6-2cf748fbb90b,9163f6fc-8e93-4065-a49b-a009ff443477,Stacy Hollingsworth,Palos Verdes Peninsula Unified,cal_access,1285596,HOLLINGSWORTH FOR COLLEGE BOARD,HOLLINGSWORTH FOR COLLEGE BOARD,619,TERMINATED 03/31/2007,needs_research,surname only,disputed,B another office or district named,"surname-only auto-link: Cal-Access 1285596 ""HOLLINGSWORTH FOR COLLEGE BOARD"" -- a campaign for a community college board, not for the Palos Verdes Peninsula Unified board; this row is a CA_0156 no-evidence Palos Verdes Peninsula Unified placeholder (deactivated)"
f2930eed-53b9-45b2-a00b-95e1ac39eb67,f931ec44-44cb-443a-9995-f3e0867be886,Stephanie Juarez,Monrovia Unified,cal_access,1342549,JUAREZ FOR MAYOR 2011,JUAREZ FOR MAYOR 2011,310,TERMINATED 07/22/2013,needs_research,surname only,disputed,B another office or district named,"surname-only auto-link: Cal-Access 1342549 ""JUAREZ FOR MAYOR 2011"" -- a campaign for mayor, not for the Monrovia Unified board; this row is a CA_0156 no-evidence Monrovia Unified placeholder (deactivated)"
69cb7ee8-ff0e-4b2e-95e1-e8e8ed3caadc,f931ec44-44cb-443a-9995-f3e0867be886,Stephanie Juarez,Monrovia Unified,cal_access,1358112,JUAREZ FOR MAYOR 2013,JUAREZ FOR MAYOR 2013,310,ACTIVE,needs_research,surname only,disputed,B another office or district named,"surname-only auto-link: Cal-Access 1358112 ""JUAREZ FOR MAYOR 2013"" -- a campaign for mayor, not for the Monrovia Unified board; this row is a CA_0156 no-evidence Monrovia Unified placeholder (deactivated)"
85b885b0-95eb-42d0-a7e3-dc2547ee079e,f931ec44-44cb-443a-9995-f3e0867be886,Stephanie Juarez,Monrovia Unified,cal_access,1361209,"JUAREZ FOR MAYOR 2013, HAWTHORNE RESIDENTS FOR GOOD GOVERNMENT PAC TO OPPOSE DANNY","JUAREZ FOR MAYOR 2013, HAWTHORNE RESIDENTS FOR GOOD GOVERNMENT PAC TO OPPOSE DANNY",310,TERMINATED 12/31/2013,needs_research,surname only,disputed,B another office or district named,"surname-only auto-link: Cal-Access 1361209 ""JUAREZ FOR MAYOR 2013, HAWTHORNE RESIDENTS FOR GOOD GOVERNMENT PAC TO OPPOSE DANNY"" -- a campaign for mayor, not for the Monrovia Unified board; this row is a CA_0156 no-evidence Monrovia Unified placeholder (deactivated)"
a66a6da3-d8d9-4f8f-b748-dad2e34b02c2,f931ec44-44cb-443a-9995-f3e0867be886,Stephanie Juarez,Monrovia Unified,cal_access,1406699,JUAREZ FOR SP CITY COUNCIL 2018,JUAREZ FOR SP CITY COUNCIL 2018,805,TERMINATED 12/31/2018,needs_research,surname only,disputed,B another office or district named,"surname-only auto-link: Cal-Access 1406699 ""JUAREZ FOR SP CITY COUNCIL 2018"" -- a campaign for a city council, not for the Monrovia Unified board; this row is a CA_0156 no-evidence Monrovia Unified placeholder (deactivated)"
621f5109-b10f-471f-a2c1-67f7cd6dc2e6,f931ec44-44cb-443a-9995-f3e0867be886,Stephanie Juarez,Monrovia Unified,cal_access,1451621,BERNIER FOR CITY COUNCIL 2022; C MICHELLE JUAREZ,BERNIER FOR CITY COUNCIL 2024; C MICHELLE JUAREZ,714,TERMINATED 12/31/2024,needs_research,surname only,disputed,B another office or district named,"surname-only auto-link: Cal-Access 1451621 ""BERNIER FOR CITY COUNCIL 2024; C MICHELLE JUAREZ"" (stored as ""BERNIER FOR CITY COUNCIL 2022; C MICHELLE JUAREZ"") -- a campaign for a city council, not for the Monrovia Unified board; this row is a CA_0156 no-evidence Monrovia Unified placeholder (deactivated)"
e5a0278f-fd88-4ad4-8765-619da13ccaad,96ee62ec-4a0d-4d02-8d2d-43b84f16a9de,Susan Craig,Palos Verdes Peninsula Unified,cal_access,1349234,CRAIG FOR CITY COUNCIL 2012,CRAIG FOR CITY COUNCIL 2012,714,TERMINATED 12/31/2012,needs_research,surname only,disputed,B another office or district named,"surname-only auto-link: Cal-Access 1349234 ""CRAIG FOR CITY COUNCIL 2012"" -- a campaign for a city council, not for the Palos Verdes Peninsula Unified board; this row is a CA_0156 no-evidence Palos Verdes Peninsula Unified placeholder (deactivated)"
172a9d4b-9d53-4695-83f2-ab57206fda59,96ee62ec-4a0d-4d02-8d2d-43b84f16a9de,Susan Craig,Palos Verdes Peninsula Unified,cal_access,1370140,CRAIG FOR CITY COUNCIL 2014,CRAIG FOR CITY COUNCIL 2014,951,TERMINATED 11/08/2014,needs_research,surname only,disputed,B another office or district named,"surname-only auto-link: Cal-Access 1370140 ""CRAIG FOR CITY COUNCIL 2014"" -- a campaign for a city council, not for the Palos Verdes Peninsula Unified board; this row is a CA_0156 no-evidence Palos Verdes Peninsula Unified placeholder (deactivated)"
dc5be2dc-c25d-4744-bb82-54ff67e50d29,96ee62ec-4a0d-4d02-8d2d-43b84f16a9de,Susan Craig,Palos Verdes Peninsula Unified,cal_access,1447223,SHORETTT AND OPPOSE CRAIG AND LASTER FOR CITY COUNCIL 2022; COMMITTEE FOR ETHICAL GOVERNMENT TO SUPPORT,SHORETTT AND OPPOSE CRAIG AND LASTER FOR CITY COUNCIL 2022; COMMITTEE FOR ETHICAL GOVERNMENT TO SUPPORT,909,TERMINATED 06/30/2022,needs_research,surname only,disputed,B another office or district named,"surname-only auto-link: Cal-Access 1447223 ""SHORETTT AND OPPOSE CRAIG AND LASTER FOR CITY COUNCIL 2022; COMMITTEE FOR ETHICAL GOVERNMENT TO SUPPORT"" -- a campaign for a city council, not for the Palos Verdes Peninsula Unified board; this row is a CA_0156 no-evidence Palos Verdes Peninsula Unified placeholder (deactivated)"
0ef52f11-c9c1-444b-ba4f-b547e4111f89,96ee62ec-4a0d-4d02-8d2d-43b84f16a9de,Susan Craig,Palos Verdes Peninsula Unified,cal_access,1448526,GREIWE FOR MAYOR OF LOS ANGELES 2022; COMMON SENSE FOR CRAIG,GREIWE FOR MAYOR OF LOS ANGELES 2022; COMMON SENSE FOR CRAIG,310,TERMINATED 08/12/2022,needs_research,surname only,disputed,B another office or district named,"surname-only auto-link: Cal-Access 1448526 ""GREIWE FOR MAYOR OF LOS ANGELES 2022; COMMON SENSE FOR CRAIG"" -- a campaign for mayor, not for the Palos Verdes Peninsula Unified board; this row is a CA_0156 no-evidence Palos Verdes Peninsula Unified placeholder (deactivated)"
d0611f2d-943d-462e-a329-9b18f1808716,96ee62ec-4a0d-4d02-8d2d-43b84f16a9de,Susan Craig,Palos Verdes Peninsula Unified,cal_access,1452831,CRAIG FOR TVUSD TRUSTEE AREA 1 2022,CRAIG FOR TVUSD TRUSTEE AREA 1 2022,562,TERMINATED 12/31/2022,needs_research,surname only,disputed,B another office or district named,"surname-only auto-link: Cal-Access 1452831 ""CRAIG FOR TVUSD TRUSTEE AREA 1 2022"" -- a campaign for the board of a different school district, not for the Palos Verdes Peninsula Unified board; this row is a CA_0156 no-evidence Palos Verdes Peninsula Unified placeholder (deactivated)"
20e5f2ff-9ed0-4c35-a061-b106e552e6f0,699196f9-b15d-43e5-acd8-befdd2948793,Susan Herbers,Downey Unified,cal_access,1283573,"HERBERS, FRIENDS OF SUE","HERBERS, FRIENDS OF SUE",310,TERMINATED 01/30/2013,needs_research,full name,disputed,C evidence places it elsewhere,"name-only auto-link: Cal-Access 1283573 ""HERBERS, FRIENDS OF SUE"" -- Sue Herbers of Torrance (filer area code 310, South Bay; her 2020 committee is ""HERBERS FOR TORRANCE CITY COUNCIL 2020; SUE""); nothing ties her to Downey USD; this row is a CA_0156 no-evidence Downey Unified placeholder (deactivated)"
06378a7c-2a3f-4299-b18f-80bcc32d7468,699196f9-b15d-43e5-acd8-befdd2948793,Susan Herbers,Downey Unified,cal_access,1418683,HERBERS FOR TORRANCE CITY COUNCIL 2020; SUE,HERBERS FOR TORRANCE CITY COUNCIL 2020; SUE,562,TERMINATED 06/12/2020,needs_research,full name,disputed,B another office or district named,"name-only auto-link: Cal-Access 1418683 ""HERBERS FOR TORRANCE CITY COUNCIL 2020; SUE"" -- a campaign for a city council, not for the Downey Unified board; no evidence its candidate ever sought or held a Downey Unified seat; this row is a CA_0156 no-evidence Downey Unified placeholder (deactivated)"
f2359235-0a4d-4403-a3d3-85c976a280c4,f5bc9f89-8f84-4a76-bc7c-a7c05e01813e,Terri Apodaca,Norwalk-La Mirada Unified,cal_access,1424730,APODACA CITY OF GLENDORA CITY COUNCIL DIST 2 2020; GLENDORANS FOR MALISSA,APODACA CITY OF GLENDORA CITY COUNCIL DIST 2 2020; GLENDORANS FOR MALISSA,626,TERMINATED 02/28/2020,needs_research,surname only,disputed,B another office or district named,"surname-only auto-link: Cal-Access 1424730 ""APODACA CITY OF GLENDORA CITY COUNCIL DIST 2 2020; GLENDORANS FOR MALISSA"" -- a campaign for a city council, not for the Norwalk-La Mirada Unified board; this row is a CA_0156 no-evidence Norwalk-La Mirada Unified placeholder (deactivated)"
de972d61-fe7e-4bfa-b2eb-4e15a0a3dbbe,29fe6345-0c50-478a-b674-c0868ec29def,Tim Nader,Charter Oak Unified,cal_access,1059447,"NADER FOR ASSEMBLY, TIM","NADER FOR ASSEMBLY, TIM",970,TERMINATED 08/16/1993,needs_research,full name,disputed,B another office or district named,"name-only auto-link: Cal-Access 1059447 ""NADER FOR ASSEMBLY, TIM"" -- a campaign for the State Assembly, not for the Charter Oak Unified board; no evidence its candidate ever sought or held a Charter Oak Unified seat; this row is a CA_0156 no-evidence Charter Oak Unified placeholder (deactivated)"
9a4eff3c-ac20-48f9-9f23-bb0dc3118f12,29fe6345-0c50-478a-b674-c0868ec29def,Tim Nader,Charter Oak Unified,cal_access,1061961,"NADER, FRIENDS OF TIM","NADER, FRIENDS OF TIM",619,TERMINATED 03/28/1994,needs_research,full name,disputed,C evidence places it elsewhere,"name-only auto-link: Cal-Access 1061961 ""NADER, FRIENDS OF TIM"" -- Tim Nader of Chula Vista (filer area code 619; his other committees are Southwestern College board and judge); nothing ties him to Charter Oak USD; this row is a CA_0156 no-evidence Charter Oak Unified placeholder (deactivated)"
03e0abdc-a4c0-432b-a745-8da3fe3dc864,29fe6345-0c50-478a-b674-c0868ec29def,Tim Nader,Charter Oak Unified,cal_access,1328122,"NADER FOR SOUTHWESTERN COLLEGE BOARD 2010, TIM","NADER FOR SOUTHWESTERN COLLEGE BOARD 2010, TIM",619,TERMINATED 01/24/2013,needs_research,full name,disputed,B another office or district named,"name-only auto-link: Cal-Access 1328122 ""NADER FOR SOUTHWESTERN COLLEGE BOARD 2010, TIM"" -- a campaign for a community college board, not for the Charter Oak Unified board; no evidence its candidate ever sought or held a Charter Oak Unified seat; this row is a CA_0156 no-evidence Charter Oak Unified placeholder (deactivated)"
511c220e-afff-4e7e-9101-f2f7386e2e24,29fe6345-0c50-478a-b674-c0868ec29def,Tim Nader,Charter Oak Unified,cal_access,1364306,"NADER FOR SOUTHWESTERN COLLEGE BOARD 2014, TIM","NADER FOR SOUTHWESTERN COLLEGE BOARD 2014, TIM",619,ACTIVE,needs_research,full name,disputed,B another office or district named,"name-only auto-link: Cal-Access 1364306 ""NADER FOR SOUTHWESTERN COLLEGE BOARD 2014, TIM"" -- a campaign for a community college board, not for the Charter Oak Unified board; no evidence its candidate ever sought or held a Charter Oak Unified seat; this row is a CA_0156 no-evidence Charter Oak Unified placeholder (deactivated)"
5ca34a94-459e-4123-9d07-bf39db803d13,29fe6345-0c50-478a-b674-c0868ec29def,Tim Nader,Charter Oak Unified,cal_access,1381976,NADER FOR JUDGE 2016; TIM,NADER FOR JUDGE 2016; TIM,619,ACTIVE,needs_research,full name,disputed,B another office or district named,"name-only auto-link: Cal-Access 1381976 ""NADER FOR JUDGE 2016; TIM"" -- a campaign for a judgeship, not for the Charter Oak Unified board; no evidence its candidate ever sought or held a Charter Oak Unified seat; this row is a CA_0156 no-evidence Charter Oak Unified placeholder (deactivated)"
31d85991-9780-447a-8b4c-4276732a7adc,29fe6345-0c50-478a-b674-c0868ec29def,Tim Nader,Charter Oak Unified,cal_access,1399061,NADER FOR JUDGE 2018; TIM,NADER FOR JUDGE 2018; TIM,619,TERMINATED 07/02/2018,needs_research,full name,disputed,B another office or district named,"name-only auto-link: Cal-Access 1399061 ""NADER FOR JUDGE 2018; TIM"" -- a campaign for a judgeship, not for the Charter Oak Unified board; no evidence its candidate ever sought or held a Charter Oak Unified seat; this row is a CA_0156 no-evidence Charter Oak Unified placeholder (deactivated)"
fca60a01-7e04-4633-b62f-df64210850b9,29fe6345-0c50-478a-b674-c0868ec29def,Tim Nader,Charter Oak Unified,cal_access,1407284,NADER FOR SOUTHWESTERN COLLEGE BOARD 2018; TIM,NADER FOR SOUTHWESTERN COLLEGE BOARD 2018; TIM,619,TERMINATED 01/30/2019,needs_research,full name,disputed,B another office or district named,"name-only auto-link: Cal-Access 1407284 ""NADER FOR SOUTHWESTERN COLLEGE BOARD 2018; TIM"" -- a campaign for a community college board, not for the Charter Oak Unified board; no evidence its candidate ever sought or held a Charter Oak Unified seat; this row is a CA_0156 no-evidence Charter Oak Unified placeholder (deactivated)"
caab6d56-96c1-489f-8962-b000a532363a,29fe6345-0c50-478a-b674-c0868ec29def,Tim Nader,Charter Oak Unified,cal_access,1421899,NADER FOR JUDGE 2020; TIM,NADER FOR JUDGE 2020; TIM,619,TERMINATED 10/28/2023,needs_research,full name,disputed,B another office or district named,"name-only auto-link: Cal-Access 1421899 ""NADER FOR JUDGE 2020; TIM"" -- a campaign for a judgeship, not for the Charter Oak Unified board; no evidence its candidate ever sought or held a Charter Oak Unified seat; this row is a CA_0156 no-evidence Charter Oak Unified placeholder (deactivated)"
6cabebd3-7abc-4afe-ae54-4c1020879d43,d0b60b59-207f-4687-86c9-15c7810d4117,Tom Regan,San Marino Unified,cal_access,1066555,REGAN FOR ASSEMBLY,REGAN FOR ASSEMBLY,818,TERMINATED 12/01/1995,needs_research,surname only,disputed,B another office or district named,"surname-only auto-link: Cal-Access 1066555 ""REGAN FOR ASSEMBLY"" -- a campaign for the State Assembly, not for the San Marino Unified board; this row is a CA_0156 no-evidence San Marino Unified placeholder (deactivated)"
ee8c2139-7721-4d80-abaf-bd2a0cece5a3,52897998-3e0d-412c-b9d9-fe6360b6dad5,Valerie Navarro,Duarte Unified,cal_access,1054484,NAVARRO '92,NAVARRO '92,619,TERMINATED 02/04/2003,needs_research,surname only,disputed,C evidence places it elsewhere,"surname-only auto-link: Cal-Access 1054484 ""NAVARRO '92"" -- a San Diego committee (filer area code 619, 1992); nothing ties it to a Valerie Navarro or to Duarte USD; this row is a CA_0156 no-evidence Duarte Unified placeholder (deactivated)"
18b1f648-7ff7-47f9-8c21-fbfcd51fc54d,52897998-3e0d-412c-b9d9-fe6360b6dad5,Valerie Navarro,Duarte Unified,cal_access,1233864,NAVARRO - THE RIGHT CHOICE,NAVARRO - THE RIGHT CHOICE,619,TERMINATED 05/24/2001,needs_research,surname only,disputed,C evidence places it elsewhere,"surname-only auto-link: Cal-Access 1233864 ""NAVARRO - THE RIGHT CHOICE"" -- a San Diego committee (filer area code 619); nothing ties it to a Valerie Navarro or to Duarte USD; this row is a CA_0156 no-evidence Duarte Unified placeholder (deactivated)"
0e35041d-2a9d-4a6c-8294-944e65c6e207,52897998-3e0d-412c-b9d9-fe6360b6dad5,Valerie Navarro,Duarte Unified,cal_access,1303840,NAVARRO FOR ASSEMBLY,NAVARRO FOR ASSEMBLY,909,TERMINATED 06/28/2011,needs_research,surname only,disputed,B another office or district named,"surname-only auto-link: Cal-Access 1303840 ""NAVARRO FOR ASSEMBLY"" -- a campaign for the State Assembly, not for the Duarte Unified board; this row is a CA_0156 no-evidence Duarte Unified placeholder (deactivated)"
910d10ff-1694-4bb5-83c4-2b5b2c8996d0,52897998-3e0d-412c-b9d9-fe6360b6dad5,Valerie Navarro,Duarte Unified,cal_access,1329070,NAVARRO FOR SAN BERNARDINO COUNTY BOARD OF EDUCATION 2010,NAVARRO FOR SAN BERNARDINO COUNTY BOARD OF EDUCATION 2010,909,TERMINATED 06/28/2011,needs_research,surname only,disputed,B another office or district named,"surname-only auto-link: Cal-Access 1329070 ""NAVARRO FOR SAN BERNARDINO COUNTY BOARD OF EDUCATION 2010"" -- a campaign for a county board of education, not for the Duarte Unified board; this row is a CA_0156 no-evidence Duarte Unified placeholder (deactivated)"
882017d8-13b9-4c2a-9a70-0054368d87a3,52897998-3e0d-412c-b9d9-fe6360b6dad5,Valerie Navarro,Duarte Unified,cal_access,1360581,NAVARRO FOR COUNCIL 2014,NAVARRO FOR COUNCIL 2014,424,ACTIVE,needs_research,surname only,disputed,B another office or district named,"surname-only auto-link: Cal-Access 1360581 ""NAVARRO FOR COUNCIL 2014"" -- a campaign for a city council, not for the Duarte Unified board; this row is a CA_0156 no-evidence Duarte Unified placeholder (deactivated)"
ff4bfa41-4c75-44b6-8f46-03ae94c6b199,52897998-3e0d-412c-b9d9-fe6360b6dad5,Valerie Navarro,Duarte Unified,cal_access,1364913,NAVARRO FOR 47TH ASSEMBLY 2014,NAVARRO FOR 47TH ASSEMBLY 2014,909,TERMINATED 12/31/2017,needs_research,surname only,disputed,B another office or district named,"surname-only auto-link: Cal-Access 1364913 ""NAVARRO FOR 47TH ASSEMBLY 2014"" -- a campaign for the State Assembly, not for the Duarte Unified board; this row is a CA_0156 no-evidence Duarte Unified placeholder (deactivated)"
159c33f5-e5d1-4ed2-b374-3e9a1b784b0c,52897998-3e0d-412c-b9d9-fe6360b6dad5,Valerie Navarro,Duarte Unified,cal_access,1367479,NAVARRO FOR MAYOR 2016,NAVARRO FOR MAYOR 2016,510,ACTIVE,needs_research,surname only,disputed,B another office or district named,"surname-only auto-link: Cal-Access 1367479 ""NAVARRO FOR MAYOR 2016"" -- a campaign for mayor, not for the Duarte Unified board; this row is a CA_0156 no-evidence Duarte Unified placeholder (deactivated)"
2c799696-9c7b-4cff-8302-9c3b84f2a54f,52897998-3e0d-412c-b9d9-fe6360b6dad5,Valerie Navarro,Duarte Unified,cal_access,1400668,NAVARRO FOR OC BOARD OF EDUCATION 2018,NAVARRO FOR OC BOARD OF EDUCATION 2018,949,TERMINATED 07/30/2018,needs_research,surname only,disputed,B another office or district named,"surname-only auto-link: Cal-Access 1400668 ""NAVARRO FOR OC BOARD OF EDUCATION 2018"" -- a campaign for a county board of education, not for the Duarte Unified board; this row is a CA_0156 no-evidence Duarte Unified placeholder (deactivated)"
8a80cdbb-d126-45d6-b013-c73283561618,52897998-3e0d-412c-b9d9-fe6360b6dad5,Valerie Navarro,Duarte Unified,cal_access,1407454,NAVARRO FOR CITY COUNCIL 2018,NAVARRO FOR CITY COUNCIL 2018,949,ACTIVE,needs_research,surname only,disputed,B another office or district named,"surname-only auto-link: Cal-Access 1407454 ""NAVARRO FOR CITY COUNCIL 2018"" -- a campaign for a city council, not for the Duarte Unified board; this row is a CA_0156 no-evidence Duarte Unified placeholder (deactivated)"
f39d44ab-8d55-4a97-b758-f369b70a5e27,52897998-3e0d-412c-b9d9-fe6360b6dad5,Valerie Navarro,Duarte Unified,cal_access,1411462,NAVARRO FOR WESTSIDE SCHOOL BOARD 2018; COMMITTEE TO REELECT JENNIFER,NAVARRO FOR WESTSIDE SCHOOL BOARD 2018; COMMITTEE TO REELECT JENNIFER,661,TERMINATED 01/01/2019,needs_research,surname only,disputed,B another office or district named,"surname-only auto-link: Cal-Access 1411462 ""NAVARRO FOR WESTSIDE SCHOOL BOARD 2018; COMMITTEE TO REELECT JENNIFER"" -- a campaign for the board of a different school district, not for the Duarte Unified board; this row is a CA_0156 no-evidence Duarte Unified placeholder (deactivated)"
24a9d740-9efd-4177-b48c-4479581572c8,52897998-3e0d-412c-b9d9-fe6360b6dad5,Valerie Navarro,Duarte Unified,cal_access,1423842,NAVARRO CITY COUNCIL 2020; WORKING FAMILIES FOR RUBEN,NAVARRO CITY COUNCIL 2020; WORKING FAMILIES FOR RUBEN,408,ACTIVE,needs_research,surname only,disputed,B another office or district named,"surname-only auto-link: Cal-Access 1423842 ""NAVARRO CITY COUNCIL 2020; WORKING FAMILIES FOR RUBEN"" -- a campaign for a city council, not for the Duarte Unified board; this row is a CA_0156 no-evidence Duarte Unified placeholder (deactivated)"
2ed21de5-511d-43f0-a45a-618dce00c2eb,52897998-3e0d-412c-b9d9-fe6360b6dad5,Valerie Navarro,Duarte Unified,cal_access,1432449,NAVARRO FOR SELMA CITY COUNCIL DISTRICT 1 - 2020,NAVARRO FOR SELMA CITY COUNCIL DISTRICT 1 - 2020,559,ACTIVE,needs_research,surname only,disputed,B another office or district named,"surname-only auto-link: Cal-Access 1432449 ""NAVARRO FOR SELMA CITY COUNCIL DISTRICT 1 - 2020"" -- a campaign for a city council, not for the Duarte Unified board; this row is a CA_0156 no-evidence Duarte Unified placeholder (deactivated)"
f786a74c-a736-42c3-b94a-22201e51861d,52897998-3e0d-412c-b9d9-fe6360b6dad5,Valerie Navarro,Duarte Unified,cal_access,1450283,NAVARRO FOR SAN BERNARDINO COUNTY BOARD OF EDUCATION - 2022,NAVARRO FOR SAN BERNARDINO COUNTY BOARD OF EDUCATION - 2022,909,TERMINATED 08/08/2023,needs_research,surname only,disputed,B another office or district named,"surname-only auto-link: Cal-Access 1450283 ""NAVARRO FOR SAN BERNARDINO COUNTY BOARD OF EDUCATION - 2022"" -- a campaign for a county board of education, not for the Duarte Unified board; this row is a CA_0156 no-evidence Duarte Unified placeholder (deactivated)"
38fb6b4d-a400-4ffb-a7c0-2e2a4c514cb5,52897998-3e0d-412c-b9d9-fe6360b6dad5,Valerie Navarro,Duarte Unified,cal_access,1454893,NAVARRO FOR CITY COUNCIL 2022,NAVARRO FOR CITY COUNCIL 2022,323,ACTIVE,needs_research,surname only,disputed,B another office or district named,"surname-only auto-link: Cal-Access 1454893 ""NAVARRO FOR CITY COUNCIL 2022"" -- a campaign for a city council, not for the Duarte Unified board; this row is a CA_0156 no-evidence Duarte Unified placeholder (deactivated)"
3bf80e04-6094-4ebc-b501-2316e87b6279,52897998-3e0d-412c-b9d9-fe6360b6dad5,Valerie Navarro,Duarte Unified,cal_access,1456814,NAVARRO FOR SAN BERNARDINO VALLEY MUNICIPAL WATER DISTRICT - DIRECTOR - DIVISION II - 2024,NAVARRO FOR SAN BERNARDINO VALLEY MUNICIPAL WATER DISTRICT - DIRECTOR - DIVISION II - 2024,909,TERMINATED 06/08/2026,needs_research,surname only,disputed,B another office or district named,"surname-only auto-link: Cal-Access 1456814 ""NAVARRO FOR SAN BERNARDINO VALLEY MUNICIPAL WATER DISTRICT - DIRECTOR - DIVISION II - 2024"" -- a campaign for a water district board, not for the Duarte Unified board; this row is a CA_0156 no-evidence Duarte Unified placeholder (deactivated)"
9148d39a-769d-4d56-94c9-42ac055896fe,4a11c484-260d-4f62-a7d3-2011cd163f70,Wenling Chin,Walnut Valley Unified,cal_access,1072324,"CHIN, CALIFORNIANS FOR JUSTICE","CHIN, CALIFORNIANS FOR JUSTICE",510,TERMINATED 10/10/2010,needs_research,surname only,disputed,A names another person or place,"surname-only auto-link: Cal-Access 1072324 ""CHIN, CALIFORNIANS FOR JUSTICE"" -- a retention campaign for a state justice (Chin; filer area code 510, Oakland), not a school-board candidate; this row is a CA_0156 no-evidence Walnut Valley Unified placeholder (deactivated)"
4e6106d1-78d4-46bf-961e-fa121f55f0ed,4a11c484-260d-4f62-a7d3-2011cd163f70,Wenling Chin,Walnut Valley Unified,la_socrata,1257377,Chin for LA Council,Chin for LA Council,,,needs_research,surname only,disputed,A names another person or place,"surname-only auto-link: LA City committee ""Chin for LA Council"" -- LA City Ethics records the candidate as Darian Chin, Los Angeles City Council District 13 (2005); this row is a CA_0156 no-evidence Walnut Valley Unified placeholder (deactivated)"
4ef4b918-06f5-48e7-a8d5-3e6d1616e991,4a11c484-260d-4f62-a7d3-2011cd163f70,Wenling Chin,Walnut Valley Unified,cal_access,1374743,CHIN FOR CITY COUNCIL 2015; FRIEND OF JANET,CHIN FOR CITY COUNCIL 2015; FRIEND OF JANET,323,TERMINATED 06/30/2015,needs_research,surname only,disputed,B another office or district named,"surname-only auto-link: Cal-Access 1374743 ""CHIN FOR CITY COUNCIL 2015; FRIEND OF JANET"" -- a campaign for a city council, not for the Walnut Valley Unified board; this row is a CA_0156 no-evidence Walnut Valley Unified placeholder (deactivated)"
66763357-09d2-4953-af23-80a7f43d173a,4a11c484-260d-4f62-a7d3-2011cd163f70,Wenling Chin,Walnut Valley Unified,cal_access,1390970,CHIN FOR SCHOOL BOARD 2016,CHIN FOR SCHOOL BOARD 2016,650,TERMINATED 11/08/2016,needs_research,surname only,disputed,C evidence places it elsewhere,"surname-only auto-link: Cal-Access 1390970 ""CHIN FOR SCHOOL BOARD 2016"" -- a San Mateo County committee (filer area code 650); the Walnut Valley USD roster is complete 2001-2026 with no Chin; this row is a CA_0156 no-evidence Walnut Valley Unified placeholder (deactivated)"
0dd2013b-04e2-4792-bd6a-193001a39f82,7ea7b7b1-fa32-4652-82a4-4d6f67ad1127,Yvonne Gallegos,Inglewood Unified,cal_access,1246071,"GALLEGOS FOR COLLEGE BOARD, FRIENDS OF","GALLEGOS FOR COLLEGE BOARD, FRIENDS OF",415,TERMINATED 08/01/2003,needs_research,surname only,disputed,B another office or district named,"surname-only auto-link: Cal-Access 1246071 ""GALLEGOS FOR COLLEGE BOARD, FRIENDS OF"" -- a campaign for a community college board, not for the Inglewood Unified board; this row is a CA_0156 no-evidence Inglewood Unified placeholder (deactivated)"
c57ed417-e202-4330-87a3-ed5524693738,7ea7b7b1-fa32-4652-82a4-4d6f67ad1127,Yvonne Gallegos,Inglewood Unified,cal_access,1254565,"GALLEGOS, COMMITTEE TO RECALL PAUL","GALLEGOS - SUPPORTED BY PACIFIC LUMBER COMPANY, COMMITTEE TO RECALL PAUL",707,TERMINATED 12/31/2004,needs_research,surname only,disputed,B another office or district named,"surname-only auto-link: Cal-Access 1254565 ""GALLEGOS - SUPPORTED BY PACIFIC LUMBER COMPANY, COMMITTEE TO RECALL PAUL"" (stored as ""GALLEGOS, COMMITTEE TO RECALL PAUL"") -- a recall committee, not a campaign for the Inglewood Unified board; this row is a CA_0156 no-evidence Inglewood Unified placeholder (deactivated)"
50d5ae23-480d-4573-99b2-3ddb1bb09ebe,7ea7b7b1-fa32-4652-82a4-4d6f67ad1127,Yvonne Gallegos,Inglewood Unified,cal_access,1324372,"GALLEGOS 2010, CITIZENS FOR DISTRICT ATTORNEY PAUL","GALLEGOS 2010, CITIZENS FOR DISTRICT ATTORNEY PAUL",707,TERMINATED 03/31/2015,needs_research,surname only,disputed,B another office or district named,"surname-only auto-link: Cal-Access 1324372 ""GALLEGOS 2010, CITIZENS FOR DISTRICT ATTORNEY PAUL"" -- a campaign for district attorney, not for the Inglewood Unified board; this row is a CA_0156 no-evidence Inglewood Unified placeholder (deactivated)"
94abb844-55cd-4631-a891-1212d8bbc7e3,7ea7b7b1-fa32-4652-82a4-4d6f67ad1127,Yvonne Gallegos,Inglewood Unified,cal_access,1433304,GALLEGOS FOR CHUALAR SCHOOL BOARD TRUSTEE 2020,GALLEGOS FOR CHUALAR SCHOOL BOARD TRUSTEE 2020,831,TERMINATED 06/30/2021,needs_research,surname only,disputed,B another office or district named,"surname-only auto-link: Cal-Access 1433304 ""GALLEGOS FOR CHUALAR SCHOOL BOARD TRUSTEE 2020"" -- a campaign for the board of a different school district, not for the Inglewood Unified board; this row is a CA_0156 no-evidence Inglewood Unified placeholder (deactivated)"
5cfea999-83f5-45ad-946a-f7b303d3b1bb,3aeeb9e8-68e7-4bd3-a4ff-19958d46debd,Yvonne Marquez,San Gabriel Unified,cal_access,1290235,"MARQUEZ, FAMILIES FOR JORGE","MARQUEZ, FAMILIES FOR JORGE",626,TERMINATED 05/04/2007,needs_research,surname only,disputed,A names another person or place,"surname-only auto-link: Cal-Access 1290235 ""MARQUEZ, FAMILIES FOR JORGE"" -- names a different person (Jorge Marquez); this row is a CA_0156 no-evidence San Gabriel Unified placeholder (deactivated)"
28629a65-48cc-4d55-ac4c-4d810a9d8744,3aeeb9e8-68e7-4bd3-a4ff-19958d46debd,Yvonne Marquez,San Gabriel Unified,cal_access,1303211,"MARQUEZ, TAXPAYERS FOR SHERRY","MARQUEZ, TAXPAYERS FOR SHERRY",661,TERMINATED 12/31/2011,needs_research,surname only,disputed,A names another person or place,"surname-only auto-link: Cal-Access 1303211 ""MARQUEZ, TAXPAYERS FOR SHERRY"" -- names a different person (Sherry Marquez); this row is a CA_0156 no-evidence San Gabriel Unified placeholder (deactivated)"
f9fb9a3b-71da-4a3b-b303-89b084ae47db,3aeeb9e8-68e7-4bd3-a4ff-19958d46debd,Yvonne Marquez,San Gabriel Unified,cal_access,1342272,MARQUEZ FOR ASSEMBLY 2012,MARQUEZ FOR ASSEMBLY 2012,323,TERMINATED 03/31/2015,needs_research,surname only,disputed,B another office or district named,"surname-only auto-link: Cal-Access 1342272 ""MARQUEZ FOR ASSEMBLY 2012"" -- a campaign for the State Assembly, not for the San Gabriel Unified board; this row is a CA_0156 no-evidence San Gabriel Unified placeholder (deactivated)"
a36c69db-2aa9-4ebc-96ce-978b7b18c912,3aeeb9e8-68e7-4bd3-a4ff-19958d46debd,Yvonne Marquez,San Gabriel Unified,cal_access,1382341,MARQUEZ FOR CENTRAL BASIN DISTRICT 1 - 2016,MARQUEZ FOR CENTRAL BASIN DISTRICT 1 - 2016,323,TERMINATED 12/31/2016,needs_research,surname only,disputed,B another office or district named,"surname-only auto-link: Cal-Access 1382341 ""MARQUEZ FOR CENTRAL BASIN DISTRICT 1 - 2016"" -- a campaign for a water district board, not for the San Gabriel Unified board; this row is a CA_0156 no-evidence San Gabriel Unified placeholder (deactivated)"
a2c85f02-fd7b-4380-9a94-38968e091f9d,3aeeb9e8-68e7-4bd3-a4ff-19958d46debd,Yvonne Marquez,San Gabriel Unified,cal_access,1430275,MARQUEZ FOR CYPRESS CITY COUNCIL 2020,MARQUEZ FOR CYPRESS CITY COUNCIL 2024,909,TERMINATED 06/30/2024,needs_research,surname only,disputed,B another office or district named,"surname-only auto-link: Cal-Access 1430275 ""MARQUEZ FOR CYPRESS CITY COUNCIL 2024"" (stored as ""MARQUEZ FOR CYPRESS CITY COUNCIL 2020"") -- a campaign for a city council, not for the San Gabriel Unified board; this row is a CA_0156 no-evidence San Gabriel Unified placeholder (deactivated)"
ad970000-d851-44ff-8a77-e7e2301d0003,3aeeb9e8-68e7-4bd3-a4ff-19958d46debd,Yvonne Marquez,San Gabriel Unified,cal_access,1451907,MARQUEZ FOR COMMUNITY COLLEGE BOARD 2022,MARQUEZ FOR COMMUNITY COLLEGE BOARD 2022,510,ACTIVE,needs_research,surname only,disputed,B another office or district named,"surname-only auto-link: Cal-Access 1451907 ""MARQUEZ FOR COMMUNITY COLLEGE BOARD 2022"" -- a campaign for a community college board, not for the San Gabriel Unified board; this row is a CA_0156 no-evidence San Gabriel Unified placeholder (deactivated)"
d5c9b6b8-1255-40f4-afe8-2df12d01f654,3aeeb9e8-68e7-4bd3-a4ff-19958d46debd,Yvonne Marquez,San Gabriel Unified,cal_access,1452683,MARQUEZ FOR WILDOMAR CITY COUNCIL 2022,MARQUEZ FOR WILDOMAR CITY COUNCIL 2022,951,ACTIVE,needs_research,surname only,disputed,B another office or district named,"surname-only auto-link: Cal-Access 1452683 ""MARQUEZ FOR WILDOMAR CITY COUNCIL 2022"" -- a campaign for a city council, not for the San Gabriel Unified board; this row is a CA_0156 no-evidence San Gabriel Unified placeholder (deactivated)"
