link_id,politician_id,row_name,row_seat,source_system,external_id,stored_committee_name,official_committee_name,filer_area_code,cal_access_status,la_city_ethics_candidate,prior_status,name_match,verdict,basis,reason,lead
a40bbb67-d949-458c-8631-318be830e09d,8a27a8b7-88b4-4f79-bbcf-d1d0e70d4032,Adam B. Schiff,U.S. Senate - California (California),cal_access,1066273,SCHIFF FOR STATE SENATE,SCHIFF FOR STATE SENATE,916,TERMINATED 07/12/2002,,needs_research,surname only,keep needs_research,unresolved,,
8ff22147-f55c-4857-ae46-169aa3fd3a64,e30ddde5-a722-477b-837b-056fdc7e2d6b,Adrin Nazarian,Los Angeles City Council District 2,cal_access,1323151,NAZARIAN FOR ASSEMBLY IN 2010,NAZARIAN FOR ASSEMBLY IN 2010,818,TERMINATED 12/31/2009,,needs_research,surname only,keep needs_research,unresolved,,
bd1ddd58-55a7-402f-ae8f-ef3ec35a579b,e30ddde5-a722-477b-837b-056fdc7e2d6b,Adrin Nazarian,Los Angeles City Council District 2,cal_access,1341967,NAZARIAN FOR ASSEMBLY 2012,NAZARIAN FOR ASSEMBLY 2012,818,TERMINATED 06/30/2018,,needs_research,surname only,keep needs_research,unresolved,,
d41c1708-c56a-4441-8259-d8909c0c1588,e30ddde5-a722-477b-837b-056fdc7e2d6b,Adrin Nazarian,Los Angeles City Council District 2,cal_access,1347821,DEMOCRATS FOR TRANSPARENCY IN DEMOCRACY OPPOSED TO NAZARIAN FOR ASSEMBLY 2012. SPONSORED BY EDVOICE INDEPENDENT EXPENDITURE COMMITTEE,DEMOCRATS FOR TRANSPARENCY IN DEMOCRACY OPPOSED TO NAZARIAN FOR ASSEMBLY 2012. SPONSORED BY EDVOICE INDEPENDENT EXPENDITURE COMMITTEE,916,TERMINATED 12/31/2012,,needs_research,surname only,disputed,"B another named place or district, or an opposing / ballot / recall committee","surname-only auto-link: Cal-Access 1347821 ""DEMOCRATS FOR TRANSPARENCY IN DEMOCRACY OPPOSED TO NAZARIAN FOR ASSEMBLY 2012. SPONSORED BY EDVOICE INDEPENDENT EXPENDITURE COMMITTEE"" -- an independent-expenditure committee OPPOSING Nazarian for Assembly 2012, not the row's own committee; filer area code 916 (Sacramento); this row is Adrin Nazarian, Los Angeles City Council District 2",
91815b1c-be90-413f-b48e-77ba24dc07be,e30ddde5-a722-477b-837b-056fdc7e2d6b,Adrin Nazarian,Los Angeles City Council District 2,cal_access,1354458,NAZARIAN FOR ASSEMBLY 2014,NAZARIAN FOR ASSEMBLY 2014,626,TERMINATED 06/30/2015,,needs_research,surname only,keep needs_research,unresolved,,
319407f9-b921-4844-8982-5a9d8734b759,e30ddde5-a722-477b-837b-056fdc7e2d6b,Adrin Nazarian,Los Angeles City Council District 2,cal_access,1374420,NAZARIAN FOR ASSEMBLY 2016,NAZARIAN FOR ASSEMBLY 2016,626,TERMINATED 12/31/2017,,needs_research,surname only,keep needs_research,unresolved,,
02268e0b-60e6-43d3-a6c3-901f78a68a8f,e30ddde5-a722-477b-837b-056fdc7e2d6b,Adrin Nazarian,Los Angeles City Council District 2,cal_access,1392480,NAZARIAN FOR ASSEMBLY 2018,NAZARIAN FOR ASSEMBLY 2018,626,TERMINATED 06/30/2019,,needs_research,surname only,keep needs_research,unresolved,,
0db6c13a-5148-4367-856a-90a8e5476234,e30ddde5-a722-477b-837b-056fdc7e2d6b,Adrin Nazarian,Los Angeles City Council District 2,cal_access,1414380,NAZARIAN FOR ASSEMBLY 2020,NAZARIAN FOR ASSEMBLY 2020,626,TERMINATED 07/31/2021,,needs_research,surname only,keep needs_research,unresolved,,
bdd9fc51-1105-457e-80e7-5a120b1150e9,e30ddde5-a722-477b-837b-056fdc7e2d6b,Adrin Nazarian,Los Angeles City Council District 2,cal_access,1435021,NAZARIAN FOR ASSEMBLY 2022,NAZARIAN FOR ASSEMBLY 2022,626,TERMINATED 04/15/2023,,needs_research,surname only,keep needs_research,unresolved,,
645a8ff6-afc0-4954-bdc8-4677ff4b3bc1,e30ddde5-a722-477b-837b-056fdc7e2d6b,Adrin Nazarian,Los Angeles City Council District 2,cal_access,1445999,NAZARIAN FOR CITY COUNCIL 2022; BEVERLY HILLS NEIGHBORS SUPPORTING,NAZARIAN FOR CITY COUNCIL 2022; BEVERLY HILLS NEIGHBORS SUPPORTING,916,TERMINATED 12/27/2022,,needs_research,surname only,disputed,"B another named place or district, or an opposing / ballot / recall committee","surname-only auto-link: Cal-Access 1445999 ""NAZARIAN FOR CITY COUNCIL 2022; BEVERLY HILLS NEIGHBORS SUPPORTING"" -- a campaign for the Beverly Hills City Council (2022) in Beverly Hills, not for the row's seat; filer area code 916 (Sacramento); this row is Adrin Nazarian, Los Angeles City Council District 2",
72eab27b-0fe4-4cb8-a30f-5156d13e608c,e30ddde5-a722-477b-837b-056fdc7e2d6b,Adrin Nazarian,Los Angeles City Council District 2,cal_access,1453755,NAZARIAN FOR CITY COUNCIL 2024 - OFFICEHOLDER ACCOUNT; ADRIN,NAZARIAN FOR CITY COUNCIL 2024 - OFFICEHOLDER ACCOUNT; ADRIN,323,ACTIVE,"Nazarian, Adrin",needs_research,full name,keep needs_research,full name (out of scope),,
f20343cd-8915-442f-b30b-deeb430a477d,e30ddde5-a722-477b-837b-056fdc7e2d6b,Adrin Nazarian,Los Angeles City Council District 2,cal_access,1457723,NAZARIAN FOR ASSEMBLY 2024; ADRIN,NAZARIAN FOR ASSEMBLY 2024; ADRIN,323,TERMINATED 06/30/2024,,needs_research,full name,keep needs_research,full name (out of scope),,
bde22829-5502-4bed-aa34-360c0eb37d3f,e30ddde5-a722-477b-837b-056fdc7e2d6b,Adrin Nazarian,Los Angeles City Council District 2,cal_access,1468736,NAZARIAN FOR STATE CONTROLLER 2030; ADRIN,NAZARIAN FOR STATE CONTROLLER 2030; ADRIN,323,ACTIVE,,needs_research,full name,keep needs_research,full name (out of scope),,
8823a46e-3268-431c-9dc6-a63f169643e2,e30ddde5-a722-477b-837b-056fdc7e2d6b,Adrin Nazarian,Los Angeles City Council District 2,cal_access,1473037,"NAZARIAN FOR COUNCIL 2024: SPONSORED BY BIZFED PAC, A PROJECT OF THE LOS ANGELES COUNTY BUSINESS FEDERATION; GOOD JOBS AND SAFE NEIGHBORHOODS - ANGELENOS SUPPORTING ADRIN","NAZARIAN FOR COUNCIL 2024: SPONSORED BY BIZFED PAC, A PROJECT OF THE LOS ANGELES COUNTY BUSINESS FEDERATION; GOOD JOBS AND SAFE NEIGHBORHOODS - ANGELENOS SUPPORTING ADRIN",323,TERMINATED 12/26/2024,,needs_research,full name,keep needs_research,full name (out of scope),,
9a460229-f070-4ec4-bd56-a722b4fcf8b9,e30ddde5-a722-477b-837b-056fdc7e2d6b,Adrin Nazarian,Los Angeles City Council District 2,cal_access,1475315,NAZARIAN FOR CITY COUNCIL 2024 SPONSORED BY LOS ANGELES COUNTY FEDERATION OF LABOR AFL-CIO; WORKING FAMILIES IN SUPPORT OF ADRIN,NAZARIAN FOR CITY COUNCIL 2024 SPONSORED BY LOS ANGELES COUNTY FEDERATION OF LABOR AFL-CIO; WORKING FAMILIES IN SUPPORT OF ADRIN,213,TERMINATED 06/30/2025,,needs_research,full name,keep needs_research,full name (out of scope),,
8bbd2d19-abc1-4860-b675-c5e03e4a2686,ea803096-927f-41fe-98e1-deab56291810,Al Muratsuchi,Assembly Member (Assembly District 66),cal_access,1277198,"MURATSUCHI, FRIENDS OF AL","MURATSUCHI, FRIENDS OF AL",310,TERMINATED 03/26/2007,,needs_research,full name,keep needs_research,full name (out of scope),,
5bccd773-d2b9-46bb-b686-926320027311,ea803096-927f-41fe-98e1-deab56291810,Al Muratsuchi,Assembly Member (Assembly District 66),cal_access,1318496,"MURATSUCHI FOR ASSEMBLY 2010, AL","MURATSUCHI FOR ASSEMBLY 2010, AL",310,TERMINATED 11/25/2009,,needs_research,full name,keep needs_research,full name (out of scope),,
914eeaec-2ce3-45ce-bab0-f2bc4b7b7bfb,ea803096-927f-41fe-98e1-deab56291810,Al Muratsuchi,Assembly Member (Assembly District 66),cal_access,1320547,"MURATSUCHI FOR SCHOOL BOARD 2009, AL","MURATSUCHI FOR SCHOOL BOARD 2009, AL",310,TERMINATED 06/30/2010,,needs_research,full name,keep needs_research,full name (out of scope),,
22977389-9901-4d13-84b4-4a469e945207,ea803096-927f-41fe-98e1-deab56291810,Al Muratsuchi,Assembly Member (Assembly District 66),cal_access,1341558,MURATSUCHI FOR ASSEMBLY 2012,MURATSUCHI FOR ASSEMBLY 2012,323,TERMINATED 06/30/2013,,needs_research,surname only,keep needs_research,unresolved,,
a5192f9a-444e-49dd-bb48-b6c6a98be5bf,ea803096-927f-41fe-98e1-deab56291810,Al Muratsuchi,Assembly Member (Assembly District 66),cal_access,1353738,MURATSUCHI FOR ASSEMBLY 2014,MURATSUCHI FOR ASSEMBLY 2014,213,TERMINATED 06/12/2015,,needs_research,surname only,keep needs_research,unresolved,,
1cacc887-e308-4903-aba0-01d4932ce825,ea803096-927f-41fe-98e1-deab56291810,Al Muratsuchi,Assembly Member (Assembly District 66),cal_access,1375498,MURATSUCHI FOR ASSEMBLY 2016,MURATSUCHI FOR ASSEMBLY 2016,213,TERMINATED 05/01/2017,,needs_research,surname only,keep needs_research,unresolved,,
551eae5e-21e6-4077-80ad-f0334dc84670,ea803096-927f-41fe-98e1-deab56291810,Al Muratsuchi,Assembly Member (Assembly District 66),cal_access,1392662,MURATSUCHI FOR ASSEMBLY 2018,MURATSUCHI FOR ASSEMBLY 2018,213,TERMINATED 03/27/2019,,needs_research,surname only,keep needs_research,unresolved,,
b4ee3f7b-2e68-44a1-9d9d-c262a07e8dd6,ea803096-927f-41fe-98e1-deab56291810,Al Muratsuchi,Assembly Member (Assembly District 66),cal_access,1415052,MURATSUCHI FOR ASSEMBLY 2020,MURATSUCHI FOR ASSEMBLY 2020,213,TERMINATED 04/05/2021,,needs_research,surname only,keep needs_research,unresolved,,
2446525a-5703-43e3-bcd2-dde659bda308,ea803096-927f-41fe-98e1-deab56291810,Al Muratsuchi,Assembly Member (Assembly District 66),cal_access,1435331,MURATSUCHI FOR ASSEMBLY 2022,MURATSUCHI FOR ASSEMBLY 2022,916,TERMINATED 02/06/2023,,needs_research,surname only,keep needs_research,unresolved,,
3e94a7b1-b90d-4b80-9b5d-a2d667f5672e,ea803096-927f-41fe-98e1-deab56291810,Al Muratsuchi,Assembly Member (Assembly District 66),cal_access,1457643,MURATSUCHI FOR ASSEMBLY 2024,MURATSUCHI FOR ASSEMBLY 2024,916,TERMINATED 12/09/2025,,needs_research,surname only,keep needs_research,unresolved,,
67f17bd4-9468-44e1-87c5-a1ea3dbc9c70,ea803096-927f-41fe-98e1-deab56291810,Al Muratsuchi,Assembly Member (Assembly District 66),cal_access,1478738,MURATSUCHI FOR SUPERINTENDENT OF PUBLIC INSTRUCTION 2026; AL,MURATSUCHI FOR SUPERINTENDENT OF PUBLIC INSTRUCTION 2026; AL,916,ACTIVE,,needs_research,full name,keep needs_research,full name (out of scope),,
a7244798-c0fe-4e7e-8e22-2ab044ecdf73,ea803096-927f-41fe-98e1-deab56291810,Al Muratsuchi,Assembly Member (Assembly District 66),cal_access,1479966,MURATSUCHI ASSEMBLY 2024 OFFICEHOLDER ACCOUNT,MURATSUCHI ASSEMBLY 2024 OFFICEHOLDER ACCOUNT,916,ACTIVE,,needs_research,surname only,keep needs_research,unresolved,,
3ca6e57b-96f6-4e12-a052-39b47a81c96f,7bad257e-66a9-46a7-a9fd-d8c80bf454c3,Albert F. Ambriz,"Council Member, Irwindale",cal_access,1247400,AMBRIZ FOR COUNCIL,AMBRIZ FOR COUNCIL,714,TERMINATED 12/31/2010,,needs_research,surname only,keep needs_research,unresolved,,
b58adc6e-63fc-4556-938a-3582e7281006,7bad257e-66a9-46a7-a9fd-d8c80bf454c3,Albert F. Ambriz,"Council Member, Irwindale",cal_access,1410872,AMBRIZ FOR CITY COUNCILMEMBER DISTRICT 3 2018,AMBRIZ FOR CITY COUNCILMEMBER DISTRICT 3 2018,209,ACTIVE,,needs_research,surname only,keep needs_research,unresolved,,
b9c35ec4-b1aa-4777-ae12-d74b63f76bb0,5cf487ec-b383-466f-a5db-b01b607acd9c,Alejandra Avila,"Mayor, Baldwin Park",cal_access,1322299,"AVILA FOR CITY CLERK 2009, BALDWIN PARK FOR ALEJANDRA","AVILA CITY CLERK 2013, BALDWIN PARK FOR ALEJANDRA",626,TERMINATED 10/15/2015,,needs_research,full name,keep needs_research,full name (out of scope),,
e7a6b585-88e4-48f4-a668-826647d8ed26,5cf487ec-b383-466f-a5db-b01b607acd9c,Alejandra Avila,"Mayor, Baldwin Park",cal_access,1455242,AVILA FOR CITY COUNCIL 2022; ALEJANDRA,AVILA FOR CITY COUNCIL 2022; ALEJANDRA,626,TERMINATED 01/28/2025,,needs_research,full name,keep needs_research,full name (out of scope),,
34b63d2e-f372-4820-9d6c-893023eca1f4,1ef074ea-8237-48b9-b84d-8b165e790bbb,Ali Saleh,"Mayor, Bell",cal_access,1314653,"SALEH FOR CITY COUNCIL 2009, ALI","SALEH FOR CITY COUNCIL 2009, ALI",323,TERMINATED 07/21/2010,,needs_research,full name,keep needs_research,full name (out of scope),,
c1327f16-b292-402a-9b6c-56b85d20b706,1ef074ea-8237-48b9-b84d-8b165e790bbb,Ali Saleh,"Mayor, Bell",cal_access,1334427,SALEH FOR CITY COUNCIL 2024,SALEH FOR CITY COUNCIL 2024,213,ACTIVE,,needs_research,surname only,keep needs_research,unresolved,,
33659f65-de67-45e2-881a-3674a5c6279b,1ef074ea-8237-48b9-b84d-8b165e790bbb,Ali Saleh,"Mayor, Bell",cal_access,1343313,SALEH FOR ASSEMBLY 2012,SALEH FOR ASSEMBLY 2012,323,TERMINATED 12/21/2012,,needs_research,surname only,keep needs_research,unresolved,,
06bfa589-faa0-42a3-9c75-d17dac502e4e,1ef074ea-8237-48b9-b84d-8b165e790bbb,Ali Saleh,"Mayor, Bell",cal_access,1395460,SALEH FOR SENATE 2020,SALEH FOR SENATE 2020,213,TERMINATED 05/08/2019,,needs_research,surname only,keep needs_research,unresolved,,
5f3c51aa-2688-4eeb-811f-78d73750fed6,1ef074ea-8237-48b9-b84d-8b165e790bbb,Ali Saleh,"Mayor, Bell",cal_access,1408440,SALEH 4 CUHSD TRUSTEE 2018,SALEH 4 CUHSD TRUSTEE 2018,408,TERMINATED 12/29/2018,,needs_research,surname only,disputed,C the filer evidence places it elsewhere (area code or shared filer phone),"surname-only auto-link: Cal-Access 1408440 ""SALEH 4 CUHSD TRUSTEE 2018"" -- a campaign for the CUHSD (a high school district) board; filer area code 408 (San Jose) is outside the Los Angeles region and nothing ties it to the row; this row is Ali Saleh, Mayor, Bell",
2fce7f96-4c2f-4e06-b86b-2818a9a010f5,1ef074ea-8237-48b9-b84d-8b165e790bbb,Ali Saleh,"Mayor, Bell",cal_access,1415367,SALEH FOR SENATE 2019,SALEH FOR SENATE 2019,213,TERMINATED 06/30/2023,,needs_research,surname only,keep needs_research,unresolved,,
a6fb0b9e-4a9c-41d9-83e8-747d6b2ae414,1ef074ea-8237-48b9-b84d-8b165e790bbb,Ali Saleh,"Mayor, Bell",cal_access,1426623,SALEH 4 CUHSD TRUSTEE 2020,SALEH 4 CUHSD TRUSTEE 2020,408,TERMINATED 03/21/2025,,needs_research,surname only,disputed,C the filer evidence places it elsewhere (area code or shared filer phone),"surname-only auto-link: Cal-Access 1426623 ""SALEH 4 CUHSD TRUSTEE 2020"" -- a campaign for the CUHSD (a high school district) board; filer area code 408 (San Jose) is outside the Los Angeles region and nothing ties it to the row; this row is Ali Saleh, Mayor, Bell",
cff59122-bc48-43fc-a24b-09b30c7c3d9d,2382e3c5-f6ff-4aeb-88c6-8538df3ea05d,Ali Taj,"Council Member, Artesia",cal_access,1358275,TAJ FOR CITY COUNCIL 2018,TAJ FOR CITY COUNCIL 2018,562,TERMINATED 07/09/2026,,needs_research,surname only,keep needs_research,unresolved,,
d75b5c60-7b0f-4d76-a3e2-850d335c7935,2382e3c5-f6ff-4aeb-88c6-8538df3ea05d,Ali Taj,"Council Member, Artesia",cal_access,1403289,TAJ FOR SENATE 2018,TAJ FOR SENATE 2018,323,TERMINATED 12/31/2018,,needs_research,surname only,keep needs_research,unresolved,,
6ba8c337-c6f5-4daf-bebf-4739b157bc1d,2382e3c5-f6ff-4aeb-88c6-8538df3ea05d,Ali Taj,"Council Member, Artesia",cal_access,1474786,TAJ FOR ASSEMBLY 2026,TAJ FOR ASSEMBLY 2026,916,TERMINATED 07/27/2026,,needs_research,surname only,keep needs_research,unresolved,,
ff40cd01-eeeb-4a26-842d-4b4d237d56e8,218c0fc3-5992-464d-b78c-c4f11668f0be,Alicia Weintraub,"Council Member, Calabasas",cal_access,1059149,WEINTRAUB FOR ASSEMBLY,WEINTRAUB FOR ASSEMBLY,213,TERMINATED 06/24/1993,,needs_research,surname only,keep needs_research,unresolved,,
fd01c215-4d68-429a-a33a-2ed38fb3355c,218c0fc3-5992-464d-b78c-c4f11668f0be,Alicia Weintraub,"Council Member, Calabasas",cal_access,1336144,"WEINTRAUB FOR CALABASAS CITY COUNCIL 2011, ALICIA","WEINTRAUB FOR CALABASAS CITY COUNCIL 2011, ALICIA",818,TERMINATED 07/11/2011,,needs_research,full name,keep needs_research,full name (out of scope),,
45d2004b-a669-4c03-b079-e7dc0dbc9c41,218c0fc3-5992-464d-b78c-c4f11668f0be,Alicia Weintraub,"Council Member, Calabasas",cal_access,1375365,WEINTRAUB FOR CALABASAS CITY COUNCIL 2015,WEINTRAUB FOR CALABASAS CITY COUNCIL 2015,818,TERMINATED 01/05/2016,,needs_research,surname only,keep needs_research,unresolved,,
9ecabc8e-c3f7-43f2-a5ed-985decda85b3,218c0fc3-5992-464d-b78c-c4f11668f0be,Alicia Weintraub,"Council Member, Calabasas",cal_access,1426393,WEINTRAUB FOR CALABASAS CITY COUNCIL 2020; ALICIA,WEINTRAUB FOR CALABASAS CITY COUNCIL 2020; ALICIA,818,TERMINATED 11/18/2020,,needs_research,full name,keep needs_research,full name (out of scope),,
fbc6b6c1-9d68-4707-951e-1b3f3bec699c,218c0fc3-5992-464d-b78c-c4f11668f0be,Alicia Weintraub,"Council Member, Calabasas",cal_access,1466262,WEINTRAUB FOR CALABASAS CITY COUNCIL 2024,WEINTRAUB FOR CALABASAS CITY COUNCIL 2024,818,TERMINATED 09/05/2024,,needs_research,surname only,keep needs_research,unresolved,,
1b248394-92a8-4e06-aa30-301fc59da398,84a73092-e2e4-4030-8b05-2113ec404df1,Alissa Roston,"Board Member, Beverly Hills Unified",cal_access,1460582,ROSTON FOR CITY COUNCIL 2024; ALISSA,ROSTON FOR CITY COUNCIL 2024; ALISSA,213,TERMINATED 03/28/2024,,needs_research,full name,keep needs_research,full name (out of scope),,
354b398b-14e4-4c8e-b1e7-86f85e2d7c53,5b0b0edf-c2f2-4359-92d5-d245f8826111,Amy Thomas Howorth,"Mayor, Manhattan Beach",cal_access,1336651,"HOWORTH TO MANHATTAN BEACH CITY COUNCIL 2011, COMMITTEE TO ELECT AMY","HOWORTH TO MANHATTAN BEACH CITY COUNCIL 2011, COMMITTEE TO ELECT AMY",310,TERMINATED 12/31/2013,,needs_research,full name,keep needs_research,full name (out of scope),,
3fb08c44-96e1-4d04-8a69-78eda0cbafdc,5b0b0edf-c2f2-4359-92d5-d245f8826111,Amy Thomas Howorth,"Mayor, Manhattan Beach",cal_access,1363858,"HOWORTH FOR STATE SENATE 2014, AMY","HOWORTH FOR STATE SENATE 2014, AMY",562,TERMINATED 06/30/2018,,needs_research,full name,keep needs_research,full name (out of scope),,
aa284bfb-0242-41da-ae54-3344b977d683,5b0b0edf-c2f2-4359-92d5-d245f8826111,Amy Thomas Howorth,"Mayor, Manhattan Beach",cal_access,1451138,HOWORTH TO MANHATTAN BEACH CITY COUNCIL 2022; COMMITTEE TO ELECT AMY,HOWORTH TO MANHATTAN BEACH CITY COUNCIL 2022; COMMITTEE TO ELECT AMY,424,TERMINATED 10/19/2024,,needs_research,full name,keep needs_research,full name (out of scope),,
5c855d32-12cf-4d54-b656-f9e068906fac,1ac8efa3-10c7-404e-8ed6-a73804881819,Ana Maria Quintana,"Council Member, Bell",cal_access,1055766,QUINTANA FOR ASSEMBLY,QUINTANA FOR ASSEMBLY,213,T,,needs_research,surname only,keep needs_research,unresolved,,
c314f23a-45f7-4d38-9802-7700639a8d57,1ac8efa3-10c7-404e-8ed6-a73804881819,Ana Maria Quintana,"Council Member, Bell",cal_access,1261217,"QUINTANA COMMITTEE TO ELECT RENE, FRIENDS FOR RENE QUINTANA","QUINTANA COMMITTEE TO ELECT RENE, FRIENDS FOR RENE QUINTANA",707,TERMINATED 10/01/2004,,needs_research,surname only,disputed,"A names another person, or the matched token is a place, a word or a given name","surname-only auto-link: Cal-Access 1261217 ""QUINTANA COMMITTEE TO ELECT RENE, FRIENDS FOR RENE QUINTANA"" -- names a different person (Rene Quintana); filer area code 707 (North Bay); this row is Ana Maria Quintana, Council Member, Bell",
51b4e5c7-0b57-4d59-8ca7-c07dc3f977c4,1ac8efa3-10c7-404e-8ed6-a73804881819,Ana Maria Quintana,"Council Member, Bell",cal_access,1334366,QUINTANA FOR BELL CITY COUNCIL 2026,QUINTANA FOR BELL CITY COUNCIL 2026,323,ACTIVE,,needs_research,surname only,keep needs_research,unresolved,,
596af058-fda4-42dd-abd3-b5845ec63b39,1ac8efa3-10c7-404e-8ed6-a73804881819,Ana Maria Quintana,"Council Member, Bell",cal_access,1408537,QUINTANA FOR SENATE 2020,QUINTANA FOR SENATE 2020,323,TERMINATED 04/16/2019,,needs_research,surname only,keep needs_research,unresolved,,
f23c9f18-fea5-4506-833c-12f6af327449,1ac8efa3-10c7-404e-8ed6-a73804881819,Ana Maria Quintana,"Council Member, Bell",cal_access,1415390,QUINTANA FOR SENATE 2019,QUINTANA FOR SENATE 2019,323,TERMINATED 06/30/2019,,needs_research,surname only,keep needs_research,unresolved,,
61249f00-7525-4a6a-9179-a773aecda077,1ac8efa3-10c7-404e-8ed6-a73804881819,Ana Maria Quintana,"Council Member, Bell",cal_access,1416983,"QUINTANA FOR SENATE 2019, BULLDOG VICTORY FUND FOR","QUINTANA FOR SENATE 2019, BULLDOG VICTORY FUND FOR",310,TERMINATED 12/31/2019,,needs_research,surname only,keep needs_research,unresolved,,
1df42322-9c96-43f6-9e68-1347fc0e9741,ba647863-25fb-4ccf-9cb0-5a1c912d1b27,Ana Valencia,"Councilmember, Norwalk",cal_access,1236722,"VALENCIA FOR SCHOOL BOARD 2018, ANA","VALENCIA FOR SCHOOL BOARD 2018, ANA",213,ACTIVE,,needs_research,full name,keep needs_research,full name (out of scope),,
1c916e0e-08bf-4c1e-98f1-7e6afb138506,ba647863-25fb-4ccf-9cb0-5a1c912d1b27,Ana Valencia,"Councilmember, Norwalk",cal_access,1293143,"VALENCIA, FRIENDS OF ANA","VALENCIA, FRIENDS OF ANA",213,TERMINATED 12/31/2012,,needs_research,full name,keep needs_research,full name (out of scope),,
769aa55f-55e9-4c30-bf6f-1ea3f121cc2d,ba647863-25fb-4ccf-9cb0-5a1c912d1b27,Ana Valencia,"Councilmember, Norwalk",cal_access,1300714,VALENCIA FOR VISALIA UNIFIED SCHOOL BOARD,VALENCIA FOR VISALIA UNIFIED SCHOOL BOARD,559,TERMINATED 01/30/2008,,needs_research,surname only,disputed,"B another named place or district, or an opposing / ballot / recall committee","surname-only auto-link: Cal-Access 1300714 ""VALENCIA FOR VISALIA UNIFIED SCHOOL BOARD"" -- a campaign for the Visalia Unified school board in Visalia (Tulare County), not for the row's seat; filer area code 559 (Fresno); this row is Ana Valencia, Councilmember, Norwalk",
e2ca1764-0be9-4ae7-bfca-df519894397c,ba647863-25fb-4ccf-9cb0-5a1c912d1b27,Ana Valencia,"Councilmember, Norwalk",cal_access,1309480,VALENCIA FOR CITY COUNCIL,VALENCIA FOR CITY COUNCIL,818,TERMINATED 06/30/2009,,needs_research,surname only,keep needs_research,unresolved,,
69763a0d-e269-455c-a027-147cc713bd2b,ba647863-25fb-4ccf-9cb0-5a1c912d1b27,Ana Valencia,"Councilmember, Norwalk",cal_access,1337268,VALENCIA 4 CITY COUNCIL 2012,VALENCIA 4 CITY COUNCIL 2012,909,TERMINATED 06/25/2014,,needs_research,surname only,keep needs_research,unresolved,,
a197574e-a21b-4438-9b2e-43cf732a5339,ba647863-25fb-4ccf-9cb0-5a1c912d1b27,Ana Valencia,"Councilmember, Norwalk",cal_access,1340884,"VALENCIA FOR ASSEMBLY 2012, ANA","VALENCIA FOR ASSEMBLY 2012, ANA",213,TERMINATED 12/31/2012,,needs_research,full name,keep needs_research,full name (out of scope),,
babdab71-b692-4c5e-bdb0-cd86ce2c7508,ba647863-25fb-4ccf-9cb0-5a1c912d1b27,Ana Valencia,"Councilmember, Norwalk",cal_access,1364057,VALENCIA 4 CITY COUNCIL 2014,VALENCIA 4 CITY COUNCIL 2014,909,TERMINATED 04/05/2016,,needs_research,surname only,keep needs_research,unresolved,,
fad4755e-c177-4fec-80ba-75e5266f64d3,ba647863-25fb-4ccf-9cb0-5a1c912d1b27,Ana Valencia,"Councilmember, Norwalk",cal_access,1384832,VALENCIA 4 CITY COUNCIL 2026,VALENCIA 4 CITY COUNCIL 2026,909,ACTIVE,,needs_research,surname only,keep needs_research,unresolved,,
28fde96f-ef52-4555-b95e-1bb3cb90ed1a,ba647863-25fb-4ccf-9cb0-5a1c912d1b27,Ana Valencia,"Councilmember, Norwalk",cal_access,1405231,VALENCIA FOR ORANGE CITY COUNCIL 2018,VALENCIA FOR ORANGE CITY COUNCIL 2018,714,TERMINATED 12/31/2018,,needs_research,surname only,disputed,"B another named place or district, or an opposing / ballot / recall committee","surname-only auto-link: Cal-Access 1405231 ""VALENCIA FOR ORANGE CITY COUNCIL 2018"" -- a campaign for the Orange City Council in Orange (Orange County), not for the row's seat; filer area code 714 (Orange County); this row is Ana Valencia, Councilmember, Norwalk",
8c6b831f-3f69-4aa4-807b-e8804cf0e5b5,ba647863-25fb-4ccf-9cb0-5a1c912d1b27,Ana Valencia,"Councilmember, Norwalk",cal_access,1406902,VALENCIA FOR CITY COUNCIL 2018,VALENCIA FOR CITY COUNCIL 2018,562,ACTIVE,,needs_research,surname only,keep needs_research,unresolved,,
3ce773a3-1fab-47f3-b0be-454fd18c3ed4,ba647863-25fb-4ccf-9cb0-5a1c912d1b27,Ana Valencia,"Councilmember, Norwalk",cal_access,1411478,VALENCIA 4 SCHOOL BOARD 2018,VALENCIA 4 SCHOOL BOARD 2018,626,ACTIVE,,needs_research,surname only,keep needs_research,unresolved,,
62f776df-ddb7-4287-9af3-0b464dec7117,ba647863-25fb-4ccf-9cb0-5a1c912d1b27,Ana Valencia,"Councilmember, Norwalk",cal_access,1413837,VALENCIA FOR LAUSD BOARD 2019,VALENCIA FOR LAUSD BOARD 2019,310,TERMINATED 11/20/2019,"Valencia, Nestor",needs_research,surname only,disputed,"A names another person, or the matched token is a place, a word or a given name","surname-only auto-link: Cal-Access 1413837 ""VALENCIA FOR LAUSD BOARD 2019"" -- LA City Ethics names its candidate as Nestor Valencia (LAUSD Board Member - District 5), a different person; filer area code 310 (West LA/South Bay); this row is Ana Valencia, Councilmember, Norwalk",
573f2913-e2af-4eaa-b8d3-ff2d01a8be6c,ba647863-25fb-4ccf-9cb0-5a1c912d1b27,Ana Valencia,"Councilmember, Norwalk",cal_access,1420191,VALENCIA FOR BELL CITY COUNCIL 2020,VALENCIA FOR BELL CITY COUNCIL 2020,310,TERMINATED 06/30/2020,,needs_research,surname only,disputed,"B another named place or district, or an opposing / ballot / recall committee","surname-only auto-link: Cal-Access 1420191 ""VALENCIA FOR BELL CITY COUNCIL 2020"" -- a campaign for the Bell City Council in Bell, not for the row's seat; filer area code 310 (West LA/South Bay); this row is Ana Valencia, Councilmember, Norwalk",
349d5d69-d9b5-4f48-bcb7-49d0f0606160,ba647863-25fb-4ccf-9cb0-5a1c912d1b27,Ana Valencia,"Councilmember, Norwalk",cal_access,1424358,"VALENCIA FOR NORWALK CITY COUNCIL, 2020; ANA",VALENCIA FOR NORWALK CITY COUNCIL 2024; ANA,213,ACTIVE,,needs_research,full name,keep needs_research,full name (out of scope),,
ecc2cf26-dbb1-446b-acf4-ae0bcc3f3824,ba647863-25fb-4ccf-9cb0-5a1c912d1b27,Ana Valencia,"Councilmember, Norwalk",cal_access,1426635,VALENCIA FOR CITY COUNCIL 2020,VALENCIA FOR CITY COUNCIL 2024,562,TERMINATED 12/31/2022,,needs_research,surname only,keep needs_research,unresolved,,
621d3dd8-c727-47a3-b488-03daa5b049be,ba647863-25fb-4ccf-9cb0-5a1c912d1b27,Ana Valencia,"Councilmember, Norwalk",cal_access,1438279,VALENCIA FOR MAYOR 2022,VALENCIA FOR MAYOR 2022,909,TERMINATED 08/15/2023,,needs_research,surname only,keep needs_research,unresolved,,
db9cd3d3-41dc-4351-bb85-fdfb361a9267,ba647863-25fb-4ccf-9cb0-5a1c912d1b27,Ana Valencia,"Councilmember, Norwalk",cal_access,1449346,"VALENCIA FOR CITY COUNCIL DISTRICT 5, 2022","VALENCIA FOR CITY COUNCIL DISTRICT 5, 2022",951,TERMINATED 12/30/2022,,needs_research,surname only,keep needs_research,unresolved,,
32ae28cd-0190-40a9-98ea-d09d0d51ad93,ba647863-25fb-4ccf-9cb0-5a1c912d1b27,Ana Valencia,"Councilmember, Norwalk",cal_access,1471578,VALENCIA 4 FULLERTON CITY COUNCIL DISTRICT 4 2024,VALENCIA 4 FULLERTON CITY COUNCIL DISTRICT 4 2024,714,ACTIVE,,needs_research,surname only,disputed,"B another named place or district, or an opposing / ballot / recall committee","surname-only auto-link: Cal-Access 1471578 ""VALENCIA 4 FULLERTON CITY COUNCIL DISTRICT 4 2024"" -- a campaign for the Fullerton City Council in Fullerton (Orange County), not for the row's seat; filer area code 714 (Orange County); this row is Ana Valencia, Councilmember, Norwalk",
172cee63-5290-4db2-897c-b454f1c1f985,ba647863-25fb-4ccf-9cb0-5a1c912d1b27,Ana Valencia,"Councilmember, Norwalk",la_socrata,1413837,Valencia for LAUSD Board 2019,,,,"Valencia, Nestor",needs_research,surname only,disputed,"A names another person, or the matched token is a place, a word or a given name","surname-only auto-link: LA City Ethics committee 1413837 ""Valencia for LAUSD Board 2019"" -- LA City Ethics names its candidate as Nestor Valencia (LAUSD Board Member - District 5), a different person; this row is Ana Valencia, Councilmember, Norwalk",
1050c4bc-9682-41e6-b8da-accc54f6010d,f2e91286-8dbc-477a-88be-458dffe774a2,Andrej Selivra,"candidate, Los Angeles Mayor",cal_access,1486172,ANDREJ A. SELIVRA,"SELIVRA, ANDREJ A.",213,ACTIVE,,needs_research,full name,keep needs_research,full name (out of scope),,
f82c1949-072a-4467-b9da-0853ef78bd85,d2498737-1f26-493c-b724-3e9063ce18f1,Andrew C. Lara,"Council Member, Pico Rivera",cal_access,1429490,LARA FOR PICO RIVERA CITY COUNCIL 2020; ANDREW C.,LARA FOR PICO RIVERA CITY COUNCIL 2020; ANDREW C.,323,ACTIVE,,needs_research,full name,keep needs_research,full name (out of scope),,
85d6d287-f1e7-4023-b4f6-bebb7f692dcd,f34cded6-da16-4ce7-aed9-e5ef2b905108,Andrew Chou,"Council Member (District 3), Diamond Bar",cal_access,1407610,CHOU FOR DIAMOND BAR CITY COUNCIL 2018; ANDREW,CHOU FOR DIAMOND BAR CITY COUNCIL 2018; ANDREW,626,TERMINATED 08/16/2021,,needs_research,full name,keep needs_research,full name (out of scope),,
b48bbae0-8daf-44bd-b558-e47906cbb07f,7dff1af1-993e-4d8f-8901-e4f96b93f11d,Andrew Gruel,"Council Member, Huntington Beach",cal_access,1484047,GRUEL FOR CITY COUNCIL 2026,GRUEL FOR CITY COUNCIL 2026,714,ACTIVE,,needs_research,surname only,keep needs_research,unresolved,,
e4dd52aa-9162-4ac2-b39c-34c80e4ba123,35f41c8d-0460-45c7-9e8c-28be5c42fb56,Angie Jimenez,"Council Member (District 5), Montebello",cal_access,1409768,"JIMENEZ FOR MONTEBELLO CITY COUNCIL 2018, ANGIE","JIMENEZ FOR MONTEBELLO CITY COUNCIL 2018, ANGIE",213,TERMINATED 12/31/2021,,needs_research,full name,keep needs_research,full name (out of scope),,
2a5fd4b4-9e1a-4a52-8557-5fb0116d54ab,62fee96f-2c08-4623-9977-ec9f5ec50a84,Ankur Patel,"candidate, LAUSD Board of Education District 4",cal_access,1400524,ANKUR PATEL,"PATEL, ANKUR",818,ACTIVE,,needs_research,full name,keep needs_research,full name (out of scope),,
01f109f5-e8f9-4df6-8cc8-50e629961716,62fee96f-2c08-4623-9977-ec9f5ec50a84,Ankur Patel,"candidate, LAUSD Board of Education District 4",cal_access,1487197,ANKUR PATEL,"PATEL, ANKUR",815,ACTIVE,,needs_research,full name,keep needs_research,full name (out of scope),,
d9839f81-e71b-4f14-b7e1-89739e32b1ea,62fee96f-2c08-4623-9977-ec9f5ec50a84,Ankur Patel,"candidate, LAUSD Board of Education District 4",cal_access,1487198,PATEL FOR SCHOOL BOARD 2026; ANKUR,PATEL FOR SCHOOL BOARD 2026; ANKUR,818,ACTIVE,"Patel, Ankur",needs_research,full name,keep needs_research,full name (out of scope),,
f3277c9d-c9f8-43a4-8c25-c65e81349e59,06ba1b93-6bc5-4360-9f98-a006c60d2863,Ann Marshall,"Mayor, Avalon",cal_access,1236386,"GLENDORA CITIZENS FOR RESPONSIBLE GOVERNMENT, A COMMITTEE FORMED TO SUPPORT THE RECALL OF JOHN HAROLD, RICHARD JACOBS AND PAUL MARSHALL",GLENDORA CITIZENS FOR RESPONSIBLE GOVERNMENT,626,TERMINATED 05/20/2002,,needs_research,surname absent,disputed,"B another named place or district, or an opposing / ballot / recall committee","auto-link on a token that is not the row's surname: Cal-Access 1236386 ""GLENDORA CITIZENS FOR RESPONSIBLE GOVERNMENT"" (stored as ""GLENDORA CITIZENS FOR RESPONSIBLE GOVERNMENT, A COMMITTEE FORMED TO SUPPORT THE RECALL OF JOHN HAROLD, RICHARD JACOBS AND PAUL MARSHALL"") -- a Glendora civic committee whose name carries no Marshall at all; the row is in Avalon; filer area code 626 (San Gabriel Valley); this row is Ann Marshall, Mayor, Avalon",
1ae83d6e-ec62-4ece-9bc9-a2ebaf89510e,06ba1b93-6bc5-4360-9f98-a006c60d2863,Ann Marshall,"Mayor, Avalon",cal_access,1238100,MARSHALL FOR COUNCIL CAMPAIGN,MARSHALL FOR COUNCIL CAMPAIGN,510,TERMINATED 05/29/2006,,needs_research,surname only,keep needs_research,unresolved,,
4986e916-4ddb-4241-9194-dbed037acce9,06ba1b93-6bc5-4360-9f98-a006c60d2863,Ann Marshall,"Mayor, Avalon",cal_access,1239795,"MARSHALL, COMMITTEE TO RECALL GAIL","MARSHALL, COMMITTEE TO RECALL GAIL",805,TERMINATED 11/29/2004,,needs_research,surname only,disputed,"A names another person, or the matched token is a place, a word or a given name","surname-only auto-link: Cal-Access 1239795 ""MARSHALL, COMMITTEE TO RECALL GAIL"" -- names a different person (Gail Marshall; a recall committee); filer area code 805 (Central Coast/Ventura); this row is Ann Marshall, Mayor, Avalon",
0c18058c-77f1-4ce8-bd61-51f50c3e4aa7,06ba1b93-6bc5-4360-9f98-a006c60d2863,Ann Marshall,"Mayor, Avalon",cal_access,1249795,LANDOWNERS COMMITTEE TO DEFEAT LOIS CAPPS AND GAIL MARSHALL,LANDOWNERS COMMITTEE TO DEFEAT LOIS CAPPS AND GAIL MARSHALL,,TERMINATED 12/12/2012,,needs_research,surname only,disputed,"A names another person, or the matched token is a place, a word or a given name","surname-only auto-link: Cal-Access 1249795 ""LANDOWNERS COMMITTEE TO DEFEAT LOIS CAPPS AND GAIL MARSHALL"" -- names a different person (Gail Marshall, with Lois Capps; a committee to defeat them); no filer phone; this row is Ann Marshall, Mayor, Avalon",
07c9ddb1-15d5-4f74-ab84-c6f044728c85,06ba1b93-6bc5-4360-9f98-a006c60d2863,Ann Marshall,"Mayor, Avalon",cal_access,1322399,MARSHALL FOR SCHOOL BOARD 2009,MARSHALL FOR SCHOOL BOARD 2009,310,TERMINATED 06/30/2010,,needs_research,surname only,disputed,C the filer evidence places it elsewhere (area code or shared filer phone),"surname-only auto-link: Cal-Access 1322399 ""MARSHALL FOR SCHOOL BOARD 2009"" -- it shares a personal filer phone (filer area code 310 (West LA/South Bay)) with Cal-Access 1445602 ""MARSHALL FOR TORRANCE TREASURER 2022"", which this file disputes as another person's or another place's; this row is Ann Marshall, Mayor, Avalon",
6d18f84d-7153-4f99-a6e6-8bba82884d0b,06ba1b93-6bc5-4360-9f98-a006c60d2863,Ann Marshall,"Mayor, Avalon",cal_access,1380398,MARSHALL FOR JUDGE 2016,MARSHALL FOR JUDGE 2016,213,TERMINATED 12/08/2016,,needs_research,surname only,keep needs_research,unresolved,,
3ffaa925-21b1-4f6d-a985-aab62b88df99,06ba1b93-6bc5-4360-9f98-a006c60d2863,Ann Marshall,"Mayor, Avalon",cal_access,1404715,"TUCK FOR SUPERINTENDENT OF PUBLIC INSTRUCTION 2018, A PROJECT OF EDVOICE; STUDENTS, PARENTS AND TEACHERS SUPPORTING MARSHALL","TUCK FOR SUPERINTENDENT OF PUBLIC INSTRUCTION 2018, A PROJECT OF EDVOICE; STUDENTS, PARENTS AND TEACHERS SUPPORTING MARSHALL",916,TERMINATED 12/31/2018,,needs_research,surname only,disputed,"A names another person, or the matched token is a place, a word or a given name","surname-only auto-link: Cal-Access 1404715 ""TUCK FOR SUPERINTENDENT OF PUBLIC INSTRUCTION 2018, A PROJECT OF EDVOICE; STUDENTS, PARENTS AND TEACHERS SUPPORTING MARSHALL"" -- ""Marshall"" is a given name here; the committee is Marshall Tuck (Superintendent of Public Instruction 2018)'s; filer area code 916 (Sacramento); this row is Ann Marshall, Mayor, Avalon",
8ace36c5-092b-4041-a691-dd4dfbe12cc8,06ba1b93-6bc5-4360-9f98-a006c60d2863,Ann Marshall,"Mayor, Avalon",cal_access,1445602,MARSHALL FOR TORRANCE TREASURER 2022,MARSHALL FOR TORRANCE TREASURER 2022,310,TERMINATED 02/29/2024,,needs_research,surname only,disputed,"B another named place or district, or an opposing / ballot / recall committee","surname-only auto-link: Cal-Access 1445602 ""MARSHALL FOR TORRANCE TREASURER 2022"" -- a campaign for Torrance city treasurer in Torrance, not for the row's seat; filer area code 310 (West LA/South Bay); this row is Ann Marshall, Mayor, Avalon",
3ee42209-d7f7-46de-a89a-f01fd8e162ac,06ba1b93-6bc5-4360-9f98-a006c60d2863,Ann Marshall,"Mayor, Avalon",cal_access,1472002,MARSHALL FOR COUNCIL 2024,MARSHALL FOR COUNCIL 2024,650,TERMINATED 11/25/2024,,needs_research,surname only,keep needs_research,unresolved,,
3538a3c3-0c87-4f2d-999a-6e30f95129db,59ef70e5-6123-4c46-bc5b-66a4114ce2d2,Annette C. Delgadillo,"Council Member, Paramount",cal_access,1043433,DELGADILLO FOR ASSEMBLY,DELGADILLO FOR ASSEMBLY,213,TERMINATED 12/01/1990,,needs_research,surname only,keep needs_research,unresolved,,
e586930c-74ef-46cb-851e-99b2140bda67,59ef70e5-6123-4c46-bc5b-66a4114ce2d2,Annette C. Delgadillo,"Council Member, Paramount",cal_access,1299358,"DELGADILLO, COMMITTEE TO RECALL ROCKY","DELGADILLO, COMMITTEE TO RECALL ROCKY",213,TERMINATED 12/12/2012,,needs_research,surname only,disputed,"A names another person, or the matched token is a place, a word or a given name","surname-only auto-link: Cal-Access 1299358 ""DELGADILLO, COMMITTEE TO RECALL ROCKY"" -- names a different person (Rocky Delgadillo; a recall committee); filer area code 213 (Los Angeles); this row is Annette C. Delgadillo, Council Member, Paramount",
35dd7a84-5070-4cd6-acca-f4872a2b0808,59ef70e5-6123-4c46-bc5b-66a4114ce2d2,Annette C. Delgadillo,"Council Member, Paramount",cal_access,1299724,COMMITTEE TO PRESERVE PUBLIC SAFETY IN LOS ANGELES - NO DELGADILLO RECALL,COMMITTEE TO PRESERVE PUBLIC SAFETY IN LOS ANGELES - NO DELGADILLO RECALL,213,TERMINATED 09/04/2008,,needs_research,surname only,disputed,"B another named place or district, or an opposing / ballot / recall committee","surname-only auto-link: Cal-Access 1299724 ""COMMITTEE TO PRESERVE PUBLIC SAFETY IN LOS ANGELES - NO DELGADILLO RECALL"" -- a Los Angeles committee against the recall of (Rocky) Delgadillo, not the row's own committee; filer area code 213 (Los Angeles); this row is Annette C. Delgadillo, Council Member, Paramount",
90e0223b-d888-40d6-bda6-d9a0749d5fc2,59ef70e5-6123-4c46-bc5b-66a4114ce2d2,Annette C. Delgadillo,"Council Member, Paramount",cal_access,1446224,DELGADILLO FOR PARAMOUNT CITY COUNCIL 2022; ANNETTE C.,DELGADILLO FOR PARAMOUNT CITY COUNCIL 2022; ANNETTE C.,805,TERMINATED 08/06/2022,,needs_research,full name,keep needs_research,full name (out of scope),,
d5b3daff-6ae2-4eb2-b02e-1612ae4e1295,59ef70e5-6123-4c46-bc5b-66a4114ce2d2,Annette C. Delgadillo,"Council Member, Paramount",cal_access,1474911,DELGADILLO FOR TREASURER 2024; FAMILIES FOR LILIANA,DELGADILLO FOR TREASURER 2024; FAMILIES FOR LILIANA,562,ACTIVE,,needs_research,surname only,disputed,"A names another person, or the matched token is a place, a word or a given name","surname-only auto-link: Cal-Access 1474911 ""DELGADILLO FOR TREASURER 2024; FAMILIES FOR LILIANA"" -- names a different person (Liliana Delgadillo); filer area code 562 (Long Beach); this row is Annette C. Delgadillo, Council Member, Paramount",
2e4605fc-d98f-4005-950b-870869170acb,59ef70e5-6123-4c46-bc5b-66a4114ce2d2,Annette C. Delgadillo,"Council Member, Paramount",cal_access,1489014,DELGADILLO FOR PARAMOUNT CITY COUNCIL 2026; ANNETTE C.,DELGADILLO FOR PARAMOUNT CITY COUNCIL 2026; ANNETTE C.,805,ACTIVE,,needs_research,full name,keep needs_research,full name (out of scope),,
0bb38353-334b-49cd-b826-9e85ff8ea55a,751a4678-0c36-443b-8ccb-30a52c94c494,Annette Rodriguez,"Council Member, Santa Fe Springs",cal_access,1297484,"RODRIGUEZ, ANNETTE","RODRIGUEZ, ANNETTE",,ACTIVE,,needs_research,full name,keep needs_research,full name (out of scope),,
85283ee0-3dce-468d-a462-04702d034d5e,751a4678-0c36-443b-8ccb-30a52c94c494,Annette Rodriguez,"Council Member, Santa Fe Springs",cal_access,1358906,"RODRIGUEZ TO CITY COUNCIL 2013, COMMITTEE TO ELECT ANNETTE","RODRIGUEZ TO CITY COUNCIL 2013, COMMITTEE TO ELECT ANNETTE",562,TERMINATED 11/06/2013,,needs_research,full name,keep needs_research,full name (out of scope),,
1a299f32-9619-42c3-a493-b0519daeac35,751a4678-0c36-443b-8ccb-30a52c94c494,Annette Rodriguez,"Council Member, Santa Fe Springs",cal_access,1486626,RODRIGUEZ FOR 2026 SANTA FE SPRINGS CITY COUNCIL; ANNETTE,RODRIGUEZ FOR 2026 SANTA FE SPRINGS CITY COUNCIL; ANNETTE,562,ACTIVE,,needs_research,full name,keep needs_research,full name (out of scope),,
886bcf21-9844-4a7c-96ef-e68f12102a57,b5b95809-4511-4da4-b462-70af8a68f302,Antonio Villaraigosa,"candidate, CA Governor",cal_access,1004202,ANTONIO R. VILLARAIGOSA,"VILLARAIGOSA, ANTONIO R.",310,ACTIVE,,needs_research,full name,keep needs_research,full name (out of scope),,
5db3605f-5191-4b41-af87-34bc1e4bab24,b5b95809-4511-4da4-b462-70af8a68f302,Antonio Villaraigosa,"candidate, CA Governor",cal_access,1471635,VILLARAIGOSA FOR GOVERNOR 2026; ANTONIO,VILLARAIGOSA FOR GOVERNOR 2026; ANTONIO,916,ACTIVE,,needs_research,full name,keep needs_research,full name (out of scope),,
5107208e-5106-4347-a818-4c5065908b6b,4d92b952-9cec-445e-8f09-239b82f16a88,April Verlato,"candidate, U.S. Representative District 28",cal_access,1377409,VERLATO CITY COUNCIL 2016; COMMITTEE TO ELECT APRIL,VERLATO CITY COUNCIL 2016; COMMITTEE TO ELECT APRIL,626,TERMINATED 03/09/2017,,needs_research,full name,keep needs_research,full name (out of scope),,
0cc63ee4-a6aa-47d3-8624-d023445d49a0,9b2e0e78-91b0-4e8a-882c-7660da792004,Ardy Kassakhian,"Mayor, Glendale",cal_access,1272902,KASSAKHIAN FOR  CLERK,KASSAKHIAN FOR CLERK 2013,213,TERMINATED 12/31/2020,,needs_research,surname only,keep needs_research,unresolved,,
15b025a8-2b2d-46e2-bbb6-123a33a884b3,9b2e0e78-91b0-4e8a-882c-7660da792004,Ardy Kassakhian,"Mayor, Glendale",cal_access,1366018,"KASSAKHIAN FOR STATE ASSEMBLY 2016, ARDY","KASSAKHIAN FOR STATE ASSEMBLY 2016, ARDY",213,TERMINATED 12/31/2017,,needs_research,full name,keep needs_research,full name (out of scope),,
b8622f40-dae5-40e2-9703-577663af05b7,9b2e0e78-91b0-4e8a-882c-7660da792004,Ardy Kassakhian,"Mayor, Glendale",cal_access,1419692,KASSAKHIAN FOR CITY COUNCIL 2020,KASSAKHIAN FOR CITY COUNCIL 2020,213,TERMINATED 12/31/2023,,needs_research,surname only,keep needs_research,unresolved,,
d95e3b9e-4438-434c-8b02-d57c1a2560d5,9b2e0e78-91b0-4e8a-882c-7660da792004,Ardy Kassakhian,"Mayor, Glendale",cal_access,1424420,KASSAKHIAN FOR GLENDALE CITY COUNCIL 2020; SUPPORTING ARDY,KASSAKHIAN FOR GLENDALE CITY COUNCIL 2020; SUPPORTING ARDY,916,TERMINATED 06/30/2021,,needs_research,full name,keep needs_research,full name (out of scope),,
84c02690-3554-4c3f-a605-454eb4c9d459,9b2e0e78-91b0-4e8a-882c-7660da792004,Ardy Kassakhian,"Mayor, Glendale",cal_access,1465067,KASSAKHIAN FOR COUNCIL 2024,KASSAKHIAN FOR COUNCIL 2024,213,ACTIVE,,needs_research,surname only,keep needs_research,unresolved,,
86af9c03-215f-4094-b29b-c27ac51934e5,b7dc60f1-7d9f-4ac8-abb1-a977ffd25d26,Armond Aghakhanian,"Board Member (Trustee Area 5), Burbank Unified",cal_access,1352285,"AGHAKHANIAN FOR SCHOOL BOARD 2013, ARMOND","AGHAKHANIAN FOR SCHOOL BOARD 2013, ARMOND",213,TERMINATED 06/30/2013,,needs_research,full name,keep needs_research,full name (out of scope),,
d6ef1da6-fa02-4563-87a9-14e6cf335de3,b7dc60f1-7d9f-4ac8-abb1-a977ffd25d26,Armond Aghakhanian,"Board Member (Trustee Area 5), Burbank Unified",cal_access,1373355,AGHAKHANIAN FOR SCHOOL BOARD 2015; DR. ARMOND,AGHAKHANIAN FOR SCHOOL BOARD 2015; DR. ARMOND,310,TERMINATED 06/25/2015,,needs_research,full name,keep needs_research,full name (out of scope),,
555b75c4-3ff1-47f2-bfd7-d7386de68921,b7dc60f1-7d9f-4ac8-abb1-a977ffd25d26,Armond Aghakhanian,"Board Member (Trustee Area 5), Burbank Unified",cal_access,1470441,AGHAKHANIAN FOR BURBANK SCHOOL BOARD AREA 5 2024,AGHAKHANIAN FOR BURBANK SCHOOL BOARD AREA 5 2024,818,TERMINATED 12/23/2024,,needs_research,surname only,keep needs_research,unresolved,,
5925e2e0-6dc5-4dfa-826d-6d4c8c9d655c,f05ec762-9053-45a0-be1a-a4b173a06015,Asaad Alnajjar,"candidate, Los Angeles Mayor",cal_access,1479527,ALNAJJAR FOR LA MAYOR 2026; ASAAD,ALNAJJAR FOR LA MAYOR 2026; ASAAD,818,ACTIVE,"Alnajjar, Asaad",needs_research,full name,keep needs_research,full name (out of scope),,
add8c661-51b8-4985-bd68-382af2e9520d,9ac3ac10-0177-40fd-8887-72d90ed396ed,Asam Sheikh,"Council Member, Torrance",cal_access,1379204,SHEIKH FOR TORRANCE CITY COUNCIL 2016; ASAM,SHEIKH FOR TORRANCE CITY COUNCIL 2016; ASAM,310,TERMINATED 08/01/2016,,needs_research,full name,keep needs_research,full name (out of scope),,
0379604c-2629-4712-9ba3-a9aee79587b5,9ac3ac10-0177-40fd-8887-72d90ed396ed,Asam Sheikh,"Council Member, Torrance",cal_access,1437683,SHEIKH FOR TORRANCE CITY COUNCIL DISTRICT 3 2022; ASAM,SHEIKH FOR TORRANCE CITY COUNCIL DISTRICT 3 2022; ASAM,310,ACTIVE,,needs_research,full name,keep needs_research,full name (out of scope),,
3b5f5cf0-54ab-44c1-9ea3-5e2f9216d423,9ac3ac10-0177-40fd-8887-72d90ed396ed,Asam Sheikh,"Council Member, Torrance",cal_access,1474238,SHEIKH FOR SAN JAUN WATER DISTRICT - 2 2024,SHEIKH FOR SAN JAUN WATER DISTRICT - 2 2024,916,ACTIVE,,needs_research,surname only,disputed,"B another named place or district, or an opposing / ballot / recall committee","surname-only auto-link: Cal-Access 1474238 ""SHEIKH FOR SAN JAUN WATER DISTRICT - 2 2024"" -- a campaign for the San Juan Water District board in Sacramento County, not for the row's seat; filer area code 916 (Sacramento); this row is Asam Sheikh, Council Member, Torrance",
6fef7788-020c-4eb9-9597-2fe65076eb45,9ac3ac10-0177-40fd-8887-72d90ed396ed,Asam Sheikh,"Council Member, Torrance",cal_access,1481579,SHEIKH FOR TORRANCE CITY COUNCIL DISTRICT 3 (2026); ASAM,SHEIKH FOR TORRANCE CITY COUNCIL DISTRICT 3 (2026); ASAM,310,ACTIVE,,needs_research,full name,keep needs_research,full name (out of scope),,
f38c9553-963b-4509-9e8c-a066961f4d29,df0fdde7-448c-42fb-971d-8fd28c56ca0c,Ashley M. Brown,"candidate, CA State Assembly District 55",cal_access,1486187,ASHLEY BROWN,"BROWN, ASHLEY",323,ACTIVE,,needs_research,full name,keep needs_research,full name (out of scope),,
aa83ce12-63b4-4df5-a8a1-b0ca7375a0a6,df0fdde7-448c-42fb-971d-8fd28c56ca0c,Ashley M. Brown,"candidate, CA State Assembly District 55",cal_access,1486188,BROWN FOR ASSEMBLY 2026; COMMITTEE TO ELECT ASHLEY,BROWN FOR ASSEMBLY 2026; COMMITTEE TO ELECT ASHLEY,323,ACTIVE,,needs_research,full name,keep needs_research,full name (out of scope),,
f33fc51c-1a9f-4412-9025-ad11bcd7cf9f,df0fdde7-448c-42fb-971d-8fd28c56ca0c,Ashley M. Brown,"candidate, CA State Assembly District 55",cal_access,1486224,ASHLEY BROWN,"BROWN, ASHLEY",323,ACTIVE,,needs_research,full name,keep needs_research,full name (out of scope),,
cc90160d-ccef-4350-bc0e-dea79bd34a70,92784a99-8fce-41ea-aaf1-1e9918fa6f29,Audrey B. Collins,,la_socrata,1419960,Collins for City Council 2020,,,,"Collins, Susan",needs_research,surname only,disputed,"A names another person, or the matched token is a place, a word or a given name","surname-only auto-link: LA City Ethics committee 1419960 ""Collins for City Council 2020"" -- LA City Ethics names its candidate as Susan Collins (LA City Council Member - District 4), a different person; this row is Audrey B. Collins (active; no seat or race recorded)",
0152950e-45fa-463b-b66d-ca40f96b0188,2b4b35a8-1498-46ad-aa9b-04650b454262,Aurelio Mattucci,"Council Member, Torrance",cal_access,1356365,"MATTUCCI FOR CITY COUNCIL 2014, AURELIO","MATTUCCI FOR CITY COUNCIL 2014, AURELIO",310,TERMINATED 08/18/2014,,needs_research,full name,keep needs_research,full name (out of scope),,
cef68f49-27bc-4a22-8218-13e321460894,2b4b35a8-1498-46ad-aa9b-04650b454262,Aurelio Mattucci,"Council Member, Torrance",cal_access,1395952,MATTUCCI FOR CITY COUNCIL 2018; AURELIO,MATTUCCI FOR CITY COUNCIL 2018; AURELIO,310,TERMINATED 06/30/2019,,needs_research,full name,keep needs_research,full name (out of scope),,
8e5ba02d-2055-4fdb-a10f-e70a2880b6ef,2b4b35a8-1498-46ad-aa9b-04650b454262,Aurelio Mattucci,"Council Member, Torrance",cal_access,1436217,MATTUCCI FOR CITY COUNCIL 2022; AURELIO,MATTUCCI FOR CITY COUNCIL 2022; AURELIO,310,TERMINATED 12/08/2023,,needs_research,full name,keep needs_research,full name (out of scope),,
636414ac-58da-4587-a3e5-5637367f9752,2b4b35a8-1498-46ad-aa9b-04650b454262,Aurelio Mattucci,"Council Member, Torrance",cal_access,1481751,MATTUCCI FOR TREASURER 2026,MATTUCCI FOR TREASURER 2026,310,ACTIVE,,needs_research,surname only,keep needs_research,unresolved,,
1dd10441-a10f-482a-b654-5841b092c1e6,475b846d-bce8-43e0-bac8-bd65d58d9c46,Austin Bishop,"Council Member (District 1), Palmdale",cal_access,1050130,BISHOP FOR ASSEMBLY,BISHOP FOR ASSEMBLY,213,TERMINATED 12/01/1990,,needs_research,surname only,keep needs_research,unresolved,,
6f891d6c-0940-46f6-864c-ad989e9aae94,475b846d-bce8-43e0-bac8-bd65d58d9c46,Austin Bishop,"Council Member (District 1), Palmdale",cal_access,1371458,PECSI TO BISHOP CITY COUNCIL IN 2014; COMMITTEE TO ELECT,PECSI TO BISHOP CITY COUNCIL IN 2014; COMMITTEE TO ELECT,760,TERMINATED 12/31/2014,,needs_research,surname only,disputed,"A names another person, or the matched token is a place, a word or a given name","surname-only auto-link: Cal-Access 1371458 ""PECSI TO BISHOP CITY COUNCIL IN 2014; COMMITTEE TO ELECT"" -- the surname matched the place name ""Bishop (Inyo County)""; the committee is Pecsi's; filer area code 760 (Inland/north San Diego County); this row is Austin Bishop, Council Member (District 1), Palmdale",
e935627e-3d9d-488a-bbe4-8ef4e46ffdce,475b846d-bce8-43e0-bac8-bd65d58d9c46,Austin Bishop,"Council Member (District 1), Palmdale",cal_access,1390244,BISHOP FOR PALMDALE CITY COUNCIL 2020; AUSTIN,BISHOP FOR PALMDALE CITY COUNCIL 2020; AUSTIN,661,TERMINATED 08/08/2024,,needs_research,full name,keep needs_research,full name (out of scope),,
97393d44-1b5b-4108-95e1-7df03da00a08,475b846d-bce8-43e0-bac8-bd65d58d9c46,Austin Bishop,"Council Member (District 1), Palmdale",cal_access,1470502,BISHOP FOR PALMDALE CITY COUNCIL 2024; AUSTIN,BISHOP FOR PALMDALE CITY COUNCIL 2024; AUSTIN,661,ACTIVE,,needs_research,full name,keep needs_research,full name (out of scope),,
42b2f73a-ff63-4b21-b38c-31fbe777e5df,61f64014-03c2-4b7c-86a2-d97db91dd2d7,Barbara Ferraro,"Council Member, Rancho Palos Verdes",cal_access,1053347,FERRARO OFFICE HOLDER COMMITTEE,FERRARO OFFICE HOLDER COMMITTEE,818,TERMINATED 02/05/2004,,needs_research,surname only,keep needs_research,unresolved,,
a534fe21-6f28-433f-8068-22a745cbdd4f,61f64014-03c2-4b7c-86a2-d97db91dd2d7,Barbara Ferraro,"Council Member, Rancho Palos Verdes",cal_access,1076643,"FERRARO FOR RANCHO PALOS VERDES CITY COUNCIL, BARBARA","FERRARO FOR RANCHO PALOS VERDES CITY COUNCIL, BARBARA",310,TERMINATED 01/15/2020,,needs_research,full name,keep needs_research,full name (out of scope),,
abc36e29-aa85-4593-842e-900de2805452,61f64014-03c2-4b7c-86a2-d97db91dd2d7,Barbara Ferraro,"Council Member, Rancho Palos Verdes",cal_access,1420226,FERRARO FOR RANCHO PALOS VERDES CITY COUNCIL 2019; BARBARA,FERRARO FOR RANCHO PALOS VERDES CITY COUNCIL 2019; BARBARA,310,TERMINATED 12/04/2022,,needs_research,full name,keep needs_research,full name (out of scope),,
45b48b74-df1e-45f5-9619-c805a1c11fd4,61f64014-03c2-4b7c-86a2-d97db91dd2d7,Barbara Ferraro,"Council Member, Rancho Palos Verdes",cal_access,1451004,FERRARO FOR RANCHO PALOS VERDES CITY COUNCIL 2022; BARBARA,FERRARO FOR RANCHO PALOS VERDES CITY COUNCIL 2022; BARBARA,310,TERMINATED 12/31/2022,,needs_research,full name,keep needs_research,full name (out of scope),,
4e4df27c-3236-4da9-a1ea-67971fa6df25,b943ec10-59a6-47b4-a3df-52b9747df53b,Barry Waite,"Council Member, Lomita",cal_access,1043313,"WAITE FOR STATE SENATOR COMMITTEE, DR","WAITE FOR STATE SENATOR COMMITTEE, DR",714,TERMINATED 12/01/1990,,needs_research,surname only,keep needs_research,unresolved,,
04287475-c24b-412a-aa81-4ad79ef2eaba,b943ec10-59a6-47b4-a3df-52b9747df53b,Barry Waite,"Council Member, Lomita",cal_access,1338124,WAITE FOR LOMITA CITY COUNCIL,WAITE FOR LOMITA CITY COUNCIL,310,TERMINATED 12/31/2009,,needs_research,surname only,keep needs_research,unresolved,,
ab598f21-2ef4-4457-beff-611bef402517,b943ec10-59a6-47b4-a3df-52b9747df53b,Barry Waite,"Council Member, Lomita",cal_access,1353388,WAITE FOR CENTRAL COMMITTEE 2014,WAITE FOR CENTRAL COMMITTEE 2014,408,TERMINATED 05/16/2013,,needs_research,surname only,disputed,C the filer evidence places it elsewhere (area code or shared filer phone),"surname-only auto-link: Cal-Access 1353388 ""WAITE FOR CENTRAL COMMITTEE 2014"" -- a campaign for a county party central committee; filer area code 408 (San Jose) is outside the Los Angeles region and nothing ties it to the row; this row is Barry Waite, Council Member, Lomita",
7ce98cbe-07c8-4c0a-a436-077fa4c7885a,b943ec10-59a6-47b4-a3df-52b9747df53b,Barry Waite,"Council Member, Lomita",cal_access,1357921,WAITE FOR CENTRAL COMMITTEE 2016,WAITE FOR CENTRAL COMMITTEE 2016,408,TERMINATED 11/28/2015,,needs_research,surname only,disputed,C the filer evidence places it elsewhere (area code or shared filer phone),"surname-only auto-link: Cal-Access 1357921 ""WAITE FOR CENTRAL COMMITTEE 2016"" -- a campaign for a county party central committee; filer area code 408 (San Jose) is outside the Los Angeles region and nothing ties it to the row; this row is Barry Waite, Council Member, Lomita",
80e006a1-5795-4a7e-a648-f2fb50f3545d,b943ec10-59a6-47b4-a3df-52b9747df53b,Barry Waite,"Council Member, Lomita",cal_access,1381512,WAITE FOR CITY COUNCIL 2016,WAITE FOR CITY COUNCIL DISTRICT 8 2016,408,TERMINATED 11/20/2016,,needs_research,surname only,keep needs_research,unresolved,,
312eaedf-39c4-40a1-b49c-52cfa9ddd7c5,b943ec10-59a6-47b4-a3df-52b9747df53b,Barry Waite,"Council Member, Lomita",cal_access,1431834,WAITE FOR LOMITA CITY COUNCIL 2024; BARRY,WAITE FOR LOMITA CITY COUNCIL 2024; BARRY,310,ACTIVE,,needs_research,full name,keep needs_research,full name (out of scope),,
e5ad5471-0cf1-4b49-9292-ad376a995fa5,d90648b6-f36e-4111-a361-ea34b34dd67d,Becky A. Shevlin,"Mayor, Monrovia",cal_access,1314862,"SHEVLIN FOR CITY COUNCIL, BECKY","SHEVLIN FOR CITY COUNCIL, BECKY",626,TERMINATED 06/30/2009,,needs_research,full name,keep needs_research,full name (out of scope),,
fcd925ad-bfe7-4d01-81af-4d7971651f2a,d90648b6-f36e-4111-a361-ea34b34dd67d,Becky A. Shevlin,"Mayor, Monrovia",cal_access,1336334,"SHEVLIN FOR CITY COUNCIL 2011, BECKY A.","SHEVLIN FOR CITY COUNCIL 2011, BECKY A.",626,TERMINATED 12/31/2011,,needs_research,full name,keep needs_research,full name (out of scope),,
ea83d67f-eec1-4b20-979b-5fcbf611fddd,d90648b6-f36e-4111-a361-ea34b34dd67d,Becky A. Shevlin,"Mayor, Monrovia",cal_access,1445429,SHEVLIN FOR MAYOR 2022,SHEVLIN FOR MAYOR 2022,626,TERMINATED 08/07/2023,,needs_research,surname only,keep needs_research,unresolved,,
90ff37fd-c272-48ea-a783-58f0784da67a,d90648b6-f36e-4111-a361-ea34b34dd67d,Becky A. Shevlin,"Mayor, Monrovia",cal_access,1462261,SHEVLIN FOR MAYOR 2024,SHEVLIN FOR MAYOR 2024,626,TERMINATED 08/26/2024,,needs_research,surname only,keep needs_research,unresolved,,
15bc68dc-240e-47c8-a7d5-d75b8ff3ec39,3377a5d0-7e65-4e38-b5a1-d359c0a7f2ab,Bernadette Suarez,"Council Member, Lawndale",cal_access,1365102,"SUAREZ CITY CLERK 2014, COMMITTEE TO ELECT BERNADETTE","SUAREZ CITY CLERK 2014, COMMITTEE TO ELECT BERNADETTE",916,TERMINATED 06/30/2014,,needs_research,full name,keep needs_research,full name (out of scope),,
60fb7a69-58f7-4855-82d4-52873a1adbae,3377a5d0-7e65-4e38-b5a1-d359c0a7f2ab,Bernadette Suarez,"Council Member, Lawndale",cal_access,1409940,SUAREZ CITY COUNCIL 2018; COMMITTEE TO ELECT BERNADETTE,SUAREZ CITY COUNCIL 2018; COMMITTEE TO ELECT BERNADETTE,310,TERMINATED 08/01/2022,,needs_research,full name,keep needs_research,full name (out of scope),,
d235ae31-1335-4f33-845b-aca993cd4c15,3377a5d0-7e65-4e38-b5a1-d359c0a7f2ab,Bernadette Suarez,"Council Member, Lawndale",cal_access,1450131,SUAREZ FOR CITY COUNCIL 2022; BERNADETTE,SUAREZ FOR CITY COUNCIL 2022; BERNADETTE,310,ACTIVE,,needs_research,full name,keep needs_research,full name (out of scope),,
7f48c6c8-6316-4491-b9fc-083507ddf03f,3377a5d0-7e65-4e38-b5a1-d359c0a7f2ab,Bernadette Suarez,"Council Member, Lawndale",cal_access,1471064,SUAREZ FOR MAYOR 2024,SUAREZ FOR MAYOR 2024,310,ACTIVE,,needs_research,surname only,keep needs_research,unresolved,,
c5ba6076-9016-45b9-a684-7aeb6de4c3ec,3377a5d0-7e65-4e38-b5a1-d359c0a7f2ab,Bernadette Suarez,"Council Member, Lawndale",cal_access,1471906,SUAREZ FOR ONTARIO CITY COUNCIL 2024,SUAREZ FOR ONTARIO CITY COUNCIL 2024,909,ACTIVE,,needs_research,surname only,disputed,"B another named place or district, or an opposing / ballot / recall committee","surname-only auto-link: Cal-Access 1471906 ""SUAREZ FOR ONTARIO CITY COUNCIL 2024"" -- a campaign for the Ontario City Council in Ontario (San Bernardino County), not for the row's seat; filer area code 909 (Inland Empire); this row is Bernadette Suarez, Council Member, Lawndale",
b1c70973-d6ab-4913-ac83-1c4f9ff998e6,c534692d-34fa-4bde-ae83-b27f7d2a6adc,Bill Uphoff,"Council Member, Lomita",cal_access,1470988,UPHOFF FOR LOMITA CITY COUNCIL 2024; BILL,UPHOFF FOR LOMITA CITY COUNCIL 2024; BILL,310,TERMINATED 02/18/2025,,needs_research,full name,keep needs_research,full name (out of scope),,
0a0b6b74-7a8a-428e-92d4-3c1dcb74979b,0379cbef-05d8-4fd7-ba51-92b7661a4bbc,Bob Blumenfield,Los Angeles City Council District 3,cal_access,1294888,"BLUMENFIELD FOR ASSEMBLY, BOB","BLUMENFIELD FOR ASSEMBLY, BOB",323,TERMINATED 06/30/2009,,needs_research,full name,keep needs_research,full name (out of scope),,
bf29dbb2-5e13-4953-8fb1-31948d05784e,0379cbef-05d8-4fd7-ba51-92b7661a4bbc,Bob Blumenfield,Los Angeles City Council District 3,cal_access,1313853,"BLUMENFIELD FOR ASSEMBLY 2010, BOB","BLUMENFIELD FOR ASSEMBLY 2010, BOB",323,TERMINATED 12/31/2010,,needs_research,full name,keep needs_research,full name (out of scope),,
369325a3-519c-4b9c-8c90-f31ef9ec41c6,0379cbef-05d8-4fd7-ba51-92b7661a4bbc,Bob Blumenfield,Los Angeles City Council District 3,cal_access,1349095,"BLUMENFIELD FOR CITY COUNCIL 2013, BOB","BLUMENFIELD FOR CITY COUNCIL 2013, BOB",323,TERMINATED 12/31/2013,"Blumenfield, Bob",needs_research,full name,keep needs_research,full name (out of scope),,
e40f672c-79c4-4d7e-a0fd-e72e7d00a081,0379cbef-05d8-4fd7-ba51-92b7661a4bbc,Bob Blumenfield,Los Angeles City Council District 3,cal_access,1354204,"BLUMENFIELD FOR ASSEMBLY 2012 - OFFICEHOLDER ACCOUNT, BOB","BLUMENFIELD FOR ASSEMBLY 2012 - OFFICEHOLDER ACCOUNT, BOB",323,TERMINATED 09/30/2013,,needs_research,full name,keep needs_research,full name (out of scope),,
22eb1420-b957-41d2-9247-08cef321a38f,0379cbef-05d8-4fd7-ba51-92b7661a4bbc,Bob Blumenfield,Los Angeles City Council District 3,cal_access,1358999,"BLUMENFIELD FOR CITY COUNCIL 2013 OFFICEHOLDER ACCOUNT, BOB","BLUMENFIELD FOR CITY COUNCIL 2013 OFFICEHOLDER ACCOUNT, BOB",323,ACTIVE,,needs_research,full name,keep needs_research,full name (out of scope),,
1e1dd95e-d92c-4f90-aa46-8c5172dcc1f0,0379cbef-05d8-4fd7-ba51-92b7661a4bbc,Bob Blumenfield,Los Angeles City Council District 3,cal_access,1379872,BLUMENFIELD FOR CITY COUNCIL 2017; BOB,BLUMENFIELD FOR CITY COUNCIL 2017; BOB,323,TERMINATED 06/30/2017,"Blumenfield, Bob",needs_research,full name,keep needs_research,full name (out of scope),,
a6625af6-123e-46ab-936d-f5498dc48831,0379cbef-05d8-4fd7-ba51-92b7661a4bbc,Bob Blumenfield,Los Angeles City Council District 3,cal_access,1436172,BLUMENFIELD FOR CITY COUNCIL 2022; BOB,BLUMENFIELD FOR CITY COUNCIL 2022; BOB,323,TERMINATED 02/16/2023,"Blumenfield, Bob",needs_research,full name,keep needs_research,full name (out of scope),,
aeabb816-4263-4771-b133-1cc14e6164f6,0379cbef-05d8-4fd7-ba51-92b7661a4bbc,Bob Blumenfield,Los Angeles City Council District 3,cal_access,1483728,BLUMENFIELD FOR SENATE 2028; BOB,BLUMENFIELD FOR SENATE 2028; BOB,323,ACTIVE,,needs_research,full name,keep needs_research,full name (out of scope),,
c7e8099e-d99e-4a8c-b1f2-b03aeafe7475,d304c0d7-f0ad-49fd-8252-87e86ca93c53,Bob Jensen,"Board Member (Trustee Area 2), William S. Hart Union High",cal_access,1024720,JENSEN FOR ASSEMBLY,JENSEN FOR ASSEMBLY,209,TERMINATED 12/01/1990,,needs_research,surname only,disputed,C the filer evidence places it elsewhere (area code or shared filer phone),"surname-only auto-link: Cal-Access 1024720 ""JENSEN FOR ASSEMBLY"" -- a campaign for the State Assembly; filer area code 209 (Stockton/Modesto) is outside the Los Angeles region and nothing ties it to the row; this row is Bob Jensen, Board Member (Trustee Area 2), William S. Hart Union High",
b3e13c70-90b0-4d04-92ba-9b482f79c4ef,d304c0d7-f0ad-49fd-8252-87e86ca93c53,Bob Jensen,"Board Member (Trustee Area 2), William S. Hart Union High",cal_access,1252286,JENSEN FAMILY,JENSEN FAMILY,805,TERMINATED 12/10/2002,,needs_research,surname only,keep needs_research,unresolved,,
5517f544-088b-4113-974f-38d70146ef4d,d304c0d7-f0ad-49fd-8252-87e86ca93c53,Bob Jensen,"Board Member (Trustee Area 2), William S. Hart Union High",cal_access,1280442,JENSEN FOR HART SCHOOL BOARD 2022; COMMITTEE TO ELECT BOB,JENSEN FOR HART SCHOOL BOARD 2022; COMMITTEE TO ELECT BOB,661,ACTIVE,,needs_research,full name,keep needs_research,full name (out of scope),,
628deee7-8001-4da9-b6c7-8be908313307,d304c0d7-f0ad-49fd-8252-87e86ca93c53,Bob Jensen,"Board Member (Trustee Area 2), William S. Hart Union High",cal_access,1332689,JENSEN 4 RIPON CITY COUNCIL 2010,JENSEN 4 RIPON CITY COUNCIL 2010,209,TERMINATED 12/12/2012,,needs_research,surname only,disputed,"B another named place or district, or an opposing / ballot / recall committee","surname-only auto-link: Cal-Access 1332689 ""JENSEN 4 RIPON CITY COUNCIL 2010"" -- a campaign for the Ripon City Council in Ripon (San Joaquin County), not for the row's seat; filer area code 209 (Stockton/Modesto); this row is Bob Jensen, Board Member (Trustee Area 2), William S. Hart Union High",
40004a69-fab7-4454-98bb-c51a572fe026,d304c0d7-f0ad-49fd-8252-87e86ca93c53,Bob Jensen,"Board Member (Trustee Area 2), William S. Hart Union High",cal_access,1362659,"JENSEN FOR SHERIFF 2014, SANTA CLARA COUNTY PUBLIC SAFETY WORKERS SUPPORT KEVIN","JENSEN FOR SHERIFF 2014, SANTA CLARA COUNTY PUBLIC SAFETY WORKERS SUPPORT KEVIN",916,TERMINATED 12/16/2014,,needs_research,surname only,disputed,"A names another person, or the matched token is a place, a word or a given name","surname-only auto-link: Cal-Access 1362659 ""JENSEN FOR SHERIFF 2014, SANTA CLARA COUNTY PUBLIC SAFETY WORKERS SUPPORT KEVIN"" -- names a different person (Kevin Jensen, Santa Clara County sheriff candidate); filer area code 916 (Sacramento); this row is Bob Jensen, Board Member (Trustee Area 2), William S. Hart Union High",
354f66ff-8ac1-4674-a523-6436d4aecaf5,d304c0d7-f0ad-49fd-8252-87e86ca93c53,Bob Jensen,"Board Member (Trustee Area 2), William S. Hart Union High",cal_access,1391112,JENSEN HESPERIA CITY CONCIL 2016; FAMILIES AGAINST SWANSON AND,JENSEN HESPERIA CITY CONCIL 2016; FAMILIES AGAINST SWANSON AND,760,TERMINATED 12/14/2016,,needs_research,surname only,disputed,"B another named place or district, or an opposing / ballot / recall committee","surname-only auto-link: Cal-Access 1391112 ""JENSEN HESPERIA CITY CONCIL 2016; FAMILIES AGAINST SWANSON AND"" -- a campaign for the Hesperia City Council in Hesperia (San Bernardino County), not for the row's seat; filer area code 760 (Inland/north San Diego County); this row is Bob Jensen, Board Member (Trustee Area 2), William S. Hart Union High",
87c97050-e7ce-4685-85f0-30d45990c61c,b9dba9c1-ce70-4dd6-8665-13e5a6b177b4,Brad Halpern,"Council Member, Westlake Village",cal_access,1451421,HALPERN FOR WLV CITY COUNCIL 2022; BRAD,HALPERN FOR WLV CITY COUNCIL 2022; BRAD,818,TERMINATED 12/29/2022,,needs_research,full name,keep needs_research,full name (out of scope),,
7572ff78-a2c6-4894-a553-ff24302fd14c,96c77e2b-df35-4d56-a573-8bc0c15a142d,Brad Sherman,Representative (District 32),cal_access,1048226,"SHERMAN, FRIENDS OF BRAD","SHERMAN, FRIENDS OF BRAD",213,TERMINATED 01/28/2005,,needs_research,full name,keep needs_research,full name (out of scope),,
8ba0a29f-8868-47ab-aa01-7068d396fb42,96c77e2b-df35-4d56-a573-8bc0c15a142d,Brad Sherman,Representative (District 32),cal_access,1060089,"SHERMAN 1994 STATE COMMITTEE, THE BRAD","SHERMAN 1994 STATE COMMITTEE, THE BRAD",213,TERMINATED 01/08/2003,,needs_research,full name,keep needs_research,full name (out of scope),,
3d7629b7-3b70-41a7-b37e-7fd2ea0cf6df,96c77e2b-df35-4d56-a573-8bc0c15a142d,Brad Sherman,Representative (District 32),cal_access,1340335,SHERMAN FOR COUNCIL 2012,SHERMAN FOR COUNCIL 2012,619,TERMINATED 01/24/2013,,needs_research,surname only,disputed,C the filer evidence places it elsewhere (area code or shared filer phone),"surname-only auto-link: Cal-Access 1340335 ""SHERMAN FOR COUNCIL 2012"" -- a campaign for a city council; filer area code 619 (San Diego) is outside the Los Angeles region and nothing ties it to the row; this row is Brad Sherman, Representative (District 32)",
7ee588cf-605c-4781-b64e-f1eb8a0be7b3,96c77e2b-df35-4d56-a573-8bc0c15a142d,Brad Sherman,Representative (District 32),cal_access,1366806,"SHERMAN FOR CITY COUNCIL 2014, FRIENDS OF","SHERMAN FOR CITY COUNCIL 2014, FRIENDS OF",831,TERMINATED 11/20/2014,,needs_research,surname only,disputed,C the filer evidence places it elsewhere (area code or shared filer phone),"surname-only auto-link: Cal-Access 1366806 ""SHERMAN FOR CITY COUNCIL 2014, FRIENDS OF"" -- a campaign for a city council; filer area code 831 (Monterey/Santa Cruz) is outside the Los Angeles region and nothing ties it to the row; this row is Brad Sherman, Representative (District 32)",
763346d5-cfc7-4349-97d2-5481a5100cc8,96c77e2b-df35-4d56-a573-8bc0c15a142d,Brad Sherman,Representative (District 32),cal_access,1377498,SHERMAN FOR CITY COUNCIL 2016,SHERMAN FOR CITY COUNCIL 2016,619,TERMINATED 01/03/2017,,needs_research,surname only,disputed,C the filer evidence places it elsewhere (area code or shared filer phone),"surname-only auto-link: Cal-Access 1377498 ""SHERMAN FOR CITY COUNCIL 2016"" -- a campaign for a city council; filer area code 619 (San Diego) is outside the Los Angeles region and nothing ties it to the row; this row is Brad Sherman, Representative (District 32)",
f57f3c22-ebd4-473e-a3ca-95f3e92698ab,96c77e2b-df35-4d56-a573-8bc0c15a142d,Brad Sherman,Representative (District 32),cal_access,1423057,SHERMAN FOR MAYOR 2020,SHERMAN FOR MAYOR 2020,858,TERMINATED 09/08/2020,,needs_research,surname only,disputed,C the filer evidence places it elsewhere (area code or shared filer phone),"surname-only auto-link: Cal-Access 1423057 ""SHERMAN FOR MAYOR 2020"" -- a campaign for mayor; filer area code 858 (San Diego) is outside the Los Angeles region and nothing ties it to the row; this row is Brad Sherman, Representative (District 32)",
5adfcb94-467a-48ec-b052-b96f31319165,c41b4ff0-48a9-4507-be26-7733d67dc741,Brad Waller,"Council Member, Redondo Beach",cal_access,1434383,WALLER FOR CITY COUNCIL 2021,WALLER FOR CITY COUNCIL 2021,213,TERMINATED 10/08/2024,,needs_research,surname only,keep needs_research,unresolved,,
5b6d52f4-25b3-44ce-9437-ab09fc2d2eeb,c41b4ff0-48a9-4507-be26-7733d67dc741,Brad Waller,"Council Member, Redondo Beach",cal_access,1470897,WALLER FOR CITY COUNCIL 2025,WALLER FOR CITY COUNCIL 2025,213,ACTIVE,,needs_research,surname only,keep needs_research,unresolved,,
82d70115-f4b8-4f49-a811-c4013e505851,c80e1343-70e4-4371-ade4-40f276dd3e25,Brian Bergman,"Council Member, La Habra Heights",cal_access,1273504,"BERGMAN, COMMITTEE TO ELECT BRIAN","BERGMAN, COMMITTEE TO ELECT BRIAN",562,TERMINATED 06/30/2005,,needs_research,full name,keep needs_research,full name (out of scope),,
22f4e6b8-ac77-4f90-9229-66f1620cf0ff,c80e1343-70e4-4371-ade4-40f276dd3e25,Brian Bergman,"Council Member, La Habra Heights",cal_access,1314260,"BERGMAN, COMMITTEE TO ELECT BRIAN","BERGMAN, COMMITTEE TO ELECT BRIAN",562,TERMINATED 07/31/2009,,needs_research,full name,keep needs_research,full name (out of scope),,
ca2cd737-3fca-46ae-92c8-f0242c9fa958,c80e1343-70e4-4371-ade4-40f276dd3e25,Brian Bergman,"Council Member, La Habra Heights",cal_access,1353908,"BERGMAN FOR COUNCIL 2013, BRIAN","BERGMAN FOR COUNCIL 2013, BRIAN",562,ACTIVE,,needs_research,full name,keep needs_research,full name (out of scope),,
28213440-d2ac-4d64-81b8-72c17a976fe2,22fc2cdc-2f51-4d81-8814-4b54b2bc6582,Brian Gutierrez,"Council Member (District 1), West Covina",cal_access,1323176,"GUTIERREZ FOR ASSEMBLY 2010, BRIAN A.","GUTIERREZ FOR ASSEMBLY 2010, BRIAN A.",626,TERMINATED 05/23/2010,,needs_research,full name,keep needs_research,full name (out of scope),,
58a7e724-dc30-46da-b258-f90414d97e37,22fc2cdc-2f51-4d81-8814-4b54b2bc6582,Brian Gutierrez,"Council Member (District 1), West Covina",cal_access,1379095,GUTIERREZ FOR WEST COVINA CITY COUNCIL 2015; BRIAN,GUTIERREZ FOR WEST COVINA CITY COUNCIL 2015; BRIAN,213,TERMINATED 12/31/2016,,needs_research,full name,keep needs_research,full name (out of scope),,
c2bdc51e-b433-4b8e-8890-67fe9f824b5d,22fc2cdc-2f51-4d81-8814-4b54b2bc6582,Brian Gutierrez,"Council Member (District 1), West Covina",cal_access,1429327,GUTIERREZ FOR WEST COVINA CITY COUNCIL 2020; BRIAN,GUTIERREZ FOR WEST COVINA CITY COUNCIL 2020; BRIAN,213,TERMINATED 12/31/2020,,needs_research,full name,keep needs_research,full name (out of scope),,
d65c3fe9-95cb-482d-8983-7242e914c4d5,9e24181e-f5e5-477f-a6e0-94a007b6b3a0,Bridgett Lewis,"Council Member, Torrance",la_socrata,1344652,Lewis for City Council District 9 2013,,,,"Lewis, Norvell",needs_research,surname only,disputed,"A names another person, or the matched token is a place, a word or a given name","surname-only auto-link: LA City Ethics committee 1344652 ""Lewis for City Council District 9 2013"" -- LA City Ethics names its candidate as Norvell Lewis (LA City Council Member - District 9), a different person; this row is Bridgett Lewis, Council Member, Torrance",
cdbba5f8-0e47-4f73-9eff-c89a59ed1d8a,5368e8cf-ca20-40b3-9709-094be3a2f5e4,Britt Huff,"Council Member, Rolling Hills Estates",cal_access,1253818,"HUFF, TAXPAYERS FOR BOB","HUFF, TAXPAYERS FOR BOB",909,TERMINATED 10/24/2006,,needs_research,surname only,disputed,"A names another person, or the matched token is a place, a word or a given name","surname-only auto-link: Cal-Access 1253818 ""HUFF, TAXPAYERS FOR BOB"" -- names a different person (Bob Huff); filer area code 909 (Inland Empire); this row is Britt Huff, Council Member, Rolling Hills Estates",
248041a3-c749-4f9c-b03c-c9b7b09643e5,5368e8cf-ca20-40b3-9709-094be3a2f5e4,Britt Huff,"Council Member, Rolling Hills Estates",cal_access,1275281,"HUFF 2006, TAXPAYERS FOR BOB","HUFF 2006, TAXPAYERS FOR BOB",909,TERMINATED 12/31/2007,,needs_research,surname only,disputed,"A names another person, or the matched token is a place, a word or a given name","surname-only auto-link: Cal-Access 1275281 ""HUFF 2006, TAXPAYERS FOR BOB"" -- names a different person (Bob Huff); filer area code 909 (Inland Empire); this row is Britt Huff, Council Member, Rolling Hills Estates",
a93a1fd0-e259-406a-8af8-777d90f13799,5368e8cf-ca20-40b3-9709-094be3a2f5e4,Britt Huff,"Council Member, Rolling Hills Estates",cal_access,1292695,"HUFF 2008, TAXPAYERS FOR BOB","HUFF 2008, TAXPAYERS FOR BOB",949,TERMINATED 03/09/2009,,needs_research,surname only,disputed,"A names another person, or the matched token is a place, a word or a given name","surname-only auto-link: Cal-Access 1292695 ""HUFF 2008, TAXPAYERS FOR BOB"" -- names a different person (Bob Huff); filer area code 949 (Orange County); this row is Britt Huff, Council Member, Rolling Hills Estates",
c779c8d8-9a47-4247-8a4c-f280cea02728,5368e8cf-ca20-40b3-9709-094be3a2f5e4,Britt Huff,"Council Member, Rolling Hills Estates",cal_access,1314495,"HUFF FOR SENATE 2012, TAXPAYERS FOR BOB","HUFF FOR SENATE 2012, TAXPAYERS FOR BOB",949,TERMINATED 02/10/2016,,needs_research,surname only,disputed,"A names another person, or the matched token is a place, a word or a given name","surname-only auto-link: Cal-Access 1314495 ""HUFF FOR SENATE 2012, TAXPAYERS FOR BOB"" -- names a different person (Bob Huff); filer area code 949 (Orange County); this row is Britt Huff, Council Member, Rolling Hills Estates",
db3a74c5-261b-4a56-ac60-2540c36a4069,5368e8cf-ca20-40b3-9709-094be3a2f5e4,Britt Huff,"Council Member, Rolling Hills Estates",cal_access,1349966,"HUFF FOR COUNCIL 2012, FRIENDS OF","HUFF FOR COUNCIL 2012, FRIENDS OF",408,TERMINATED 12/27/2012,,needs_research,surname only,keep needs_research,unresolved,,
3e0b0538-3bde-43dd-93ad-9afd412245a3,5368e8cf-ca20-40b3-9709-094be3a2f5e4,Britt Huff,"Council Member, Rolling Hills Estates",cal_access,1355244,"HUFF FOR ASSEMBLY 2016, TAXPAYERS FOR BOB","HUFF FOR ASSEMBLY 2016, TAXPAYERS FOR BOB",949,TERMINATED 12/31/2016,,needs_research,surname only,disputed,"A names another person, or the matched token is a place, a word or a given name","surname-only auto-link: Cal-Access 1355244 ""HUFF FOR ASSEMBLY 2016, TAXPAYERS FOR BOB"" -- names a different person (Bob Huff); filer area code 949 (Orange County); this row is Britt Huff, Council Member, Rolling Hills Estates",
e53d96ff-76bb-4719-9cc6-55723394e720,5368e8cf-ca20-40b3-9709-094be3a2f5e4,Britt Huff,"Council Member, Rolling Hills Estates",cal_access,1361397,"HUFF 2013 FOR R.H.E. COUNCIL, COMMITTEE TO ELECT BRITT","HUFF 2013 FOR R.H.E. COUNCIL, COMMITTEE TO ELECT BRITT",310,TERMINATED 12/11/2013,,needs_research,full name,keep needs_research,full name (out of scope),,
8cde354a-8938-4d86-989b-8f539e1f8434,5368e8cf-ca20-40b3-9709-094be3a2f5e4,Britt Huff,"Council Member, Rolling Hills Estates",cal_access,1376107,HUFF FOR SUPERVISOR 2016,HUFF FOR SUPERVISOR 2016,818,TERMINATED 12/06/2016,,needs_research,surname only,keep needs_research,unresolved,,"probably Bob Huff (LA County Supervisor District 5 race, 2016); no given name in the record"
b3074935-3bbc-40d7-a002-701dae388e8d,5368e8cf-ca20-40b3-9709-094be3a2f5e4,Britt Huff,"Council Member, Rolling Hills Estates",cal_access,1406355,HUFF FOR CITY COUNCIL 2018; COMMITTEE TO ELECT BRITT,HUFF FOR CITY COUNCIL 2018; COMMITTEE TO ELECT BRITT,310,TERMINATED 12/21/2018,,needs_research,full name,keep needs_research,full name (out of scope),,
a5da7df3-5c1f-46a8-b369-b94d877a785f,ffaa618a-f72d-44e1-8fc9-7f889fab58ee,Bruce Lathrop,"Council Member, Bradbury",cal_access,1309291,RESTORE LATHROP,"DRESSER, RESTORE LATHROP WITH STEVE",209,TERMINATED 11/30/2010,,needs_research,surname only,disputed,"A names another person, or the matched token is a place, a word or a given name","surname-only auto-link: Cal-Access 1309291 ""DRESSER, RESTORE LATHROP WITH STEVE"" (stored as ""RESTORE LATHROP"") -- the surname matched the place name ""Lathrop (San Joaquin County)""; the committee is Steve Dresser's; filer area code 209 (Stockton/Modesto); this row is Bruce Lathrop, Council Member, Bradbury",
2cad0ac9-c847-4ba2-b2c3-95877c617774,ffaa618a-f72d-44e1-8fc9-7f889fab58ee,Bruce Lathrop,"Council Member, Bradbury",cal_access,1329029,"DRESSER MAYOR 2010, HOPE FOR LATHROP WITH STEVE","DRESSER MAYOR 2010, HOPE FOR LATHROP WITH STEVE",209,TERMINATED 07/25/2011,,needs_research,surname only,disputed,"A names another person, or the matched token is a place, a word or a given name","surname-only auto-link: Cal-Access 1329029 ""DRESSER MAYOR 2010, HOPE FOR LATHROP WITH STEVE"" -- the surname matched the place name ""Lathrop (San Joaquin County)""; the committee is Steve Dresser's; filer area code 209 (Stockton/Modesto); this row is Bruce Lathrop, Council Member, Bradbury",
63cd070d-d249-4634-b374-68dae75b7186,ffaa618a-f72d-44e1-8fc9-7f889fab58ee,Bruce Lathrop,"Council Member, Bradbury",cal_access,1350703,SANDHU FOR LATHROP CITY COUNCIL 2012,SANDHU FOR LATHROP CITY COUNCIL 2012,209,TERMINATED 01/31/2014,,needs_research,surname only,disputed,"A names another person, or the matched token is a place, a word or a given name","surname-only auto-link: Cal-Access 1350703 ""SANDHU FOR LATHROP CITY COUNCIL 2012"" -- the surname matched the place name ""Lathrop (San Joaquin County)""; the committee is Sandhu's; filer area code 209 (Stockton/Modesto); this row is Bruce Lathrop, Council Member, Bradbury",
7ada3ad5-db60-444f-9925-fe29a71f4f2b,ffaa618a-f72d-44e1-8fc9-7f889fab58ee,Bruce Lathrop,"Council Member, Bradbury",cal_access,1474102,DRESSER FOR LATHROP CITY COUNCIL 2024,DRESSER FOR LATHROP CITY COUNCIL 2024,,TERMINATED 12/19/2024,,needs_research,surname only,disputed,"A names another person, or the matched token is a place, a word or a given name","surname-only auto-link: Cal-Access 1474102 ""DRESSER FOR LATHROP CITY COUNCIL 2024"" -- the surname matched the place name ""Lathrop (San Joaquin County)""; the committee is Dresser's; no filer phone; this row is Bruce Lathrop, Council Member, Bradbury",
03879ada-ce34-43a4-86bf-7dfc0c1f4358,ac0d1a12-af8e-4464-9cb7-4ed2b549cbbe,Bryant Acosta,"candidate, Los Angeles Mayor",cal_access,1485313,BRYANT ACOSTA,"ACOSTA, BRYANT",323,ACTIVE,,needs_research,full name,keep needs_research,full name (out of scope),,
f8218006-b976-4ccb-8856-c1e552906d9e,f75231e6-b6e4-4b1b-8ce5-d275c3f4bb7f,Butch Twining,"Council Member, Huntington Beach",cal_access,1461371,TWINING FOR CITY COUNCIL 2024,TWINING FOR CITY COUNCIL 2024,714,ACTIVE,,needs_research,surname only,keep needs_research,unresolved,,
2de39835-e1e7-4998-b783-b8abac63bd9e,5d3261e6-ec6f-4e71-84e9-371979da3fd1,Caleb Norwood,,cal_access,1390180,NORWOOD 4 SCHOOL BOARD 2016,NORWOOD 4 SCHOOL BOARD 2016,858,TERMINATED 01/01/2017,,needs_research,surname only,keep needs_research,unresolved,,
a58a31b2-4b2b-4e6d-9324-df32bf88369a,5d3261e6-ec6f-4e71-84e9-371979da3fd1,Caleb Norwood,,cal_access,1408964,NORWOOD FOR SCHOOL BOARD 2018,NORWOOD FOR SCHOOL BOARD 2018,858,TERMINATED 02/07/2019,,needs_research,surname only,keep needs_research,unresolved,,
f06d0e1b-ecd0-4b9a-9821-8d6b4a64f094,27a358cd-d4d8-47d6-b2f1-6d984cb46b39,Caroline Menjivar,,cal_access,1347503,MENJIVAR FOR OAKLAND CITY COUNCIL DISTRICT 7 - 2012,MENJIVAR FOR OAKLAND CITY COUNCIL DISTRICT 7 - 2012,510,TERMINATED 07/03/2014,,needs_research,surname only,keep needs_research,unresolved,,"row holds no seat record; Caroline Menjivar is the State Senator for District 20, so these East Bay committees are probably someone else's"
029facc2-b623-431c-b5ae-05d724dc43f9,27a358cd-d4d8-47d6-b2f1-6d984cb46b39,Caroline Menjivar,,cal_access,1368081,MENJIVAR FOR SCHOOL BOARD SAN LEANDRO 2014,MENJIVAR FOR SCHOOL BOARD SAN LEANDRO 2014,510,ACTIVE,,needs_research,surname only,keep needs_research,unresolved,,"row holds no seat record; Caroline Menjivar is the State Senator for District 20, so these East Bay committees are probably someone else's"
cba93f10-3487-41bf-b510-04e334f01245,27a358cd-d4d8-47d6-b2f1-6d984cb46b39,Caroline Menjivar,,cal_access,1381731,MENJIVAR FOR ALAMEDA COUNTY BOARD ED. 3 2016,MENJIVAR FOR ALAMEDA COUNTY BOARD ED. 3 2016,510,ACTIVE,,needs_research,surname only,keep needs_research,unresolved,,"row holds no seat record; Caroline Menjivar is the State Senator for District 20, so these East Bay committees are probably someone else's"
0956732b-6991-4944-b45e-2a6dd51fbb8e,27a358cd-d4d8-47d6-b2f1-6d984cb46b39,Caroline Menjivar,,cal_access,1386808,MENJIVAR FOR OAKLAND SCHOOL DISTRICT 5 2016,MENJIVAR FOR OAKLAND SCHOOL DISTRICT 5 2016,510,ACTIVE,,needs_research,surname only,keep needs_research,unresolved,,"row holds no seat record; Caroline Menjivar is the State Senator for District 20, so these East Bay committees are probably someone else's"
780dd538-cda0-4729-b420-fa0e75de9dd0,27a358cd-d4d8-47d6-b2f1-6d984cb46b39,Caroline Menjivar,,cal_access,1440303,MENJIVAR FOR SENATE 2022,MENJIVAR FOR SENATE 2022,916,TERMINATED 12/31/2022,,needs_research,surname only,keep needs_research,unresolved,,
daf08a77-fdeb-4541-8c5c-7fd5b5e2b475,27a358cd-d4d8-47d6-b2f1-6d984cb46b39,Caroline Menjivar,,cal_access,1455274,MENJIVAR FOR SENATE 2022; CALIFORNIANS ALLIED TO SUPPORT CAROLINE,MENJIVAR FOR SENATE 2022; CALIFORNIANS ALLIED TO SUPPORT CAROLINE,510,TERMINATED 12/31/2022,,needs_research,full name,keep needs_research,full name (out of scope),,
da84ccce-ec5c-40a4-9892-2116c46ee4b6,27a358cd-d4d8-47d6-b2f1-6d984cb46b39,Caroline Menjivar,,cal_access,1456738,MENJIVAR FOR SENATE 2026,MENJIVAR FOR SENATE 2026,916,ACTIVE,,needs_research,surname only,keep needs_research,unresolved,,
874b84b4-c739-4917-940c-d9e8be306d85,0314141a-3444-4382-a9ae-84394bbd486f,Caroline Torosis,"Council Member, Santa Monica",cal_access,1389120,TOROSIS FOR RENT CONTROL BOARD 2016; CAROLINE,TOROSIS FOR RENT CONTROL BOARD 2016; CAROLINE,650,ACTIVE,,needs_research,full name,keep needs_research,full name (out of scope),,
f27f9a46-0acd-45c7-b94d-bcc094ac67d5,0314141a-3444-4382-a9ae-84394bbd486f,Caroline Torosis,"Council Member, Santa Monica",cal_access,1427919,TOROSIS FOR RENT CONTROL BOARD 2020,TOROSIS FOR RENT CONTROL BOARD 2020,213,TERMINATED 10/22/2022,,needs_research,surname only,keep needs_research,unresolved,,
3a35a313-dbc3-4cf8-b29c-f4481a9dc00a,0314141a-3444-4382-a9ae-84394bbd486f,Caroline Torosis,"Council Member, Santa Monica",cal_access,1446716,TOROSIS FOR CITY COUNCIL 2022,TOROSIS FOR CITY COUNCIL 2026,213,ACTIVE,,needs_research,surname only,keep needs_research,unresolved,,
7b5c9f92-9896-4c58-9bad-5ab1a9761cd9,32a054c8-990a-4cad-a7d4-86964b42b402,Cesar A. Garcia,"Council Member (District 6), Duarte",cal_access,1452511,GARCIA CAMPAIGN FOR DUARTE CITY COUNCIL 2022; CESAR A.,GARCIA CAMPAIGN FOR DUARTE CITY COUNCIL 2022; CESAR A.,626,ACTIVE,,needs_research,full name,keep needs_research,full name (out of scope),,
1cc3c811-0771-4158-bdfc-59c0229656a5,709e3ae5-821a-4181-853e-6e59ed62390a,Chadwick Castle,"Council Member, Redondo Beach",cal_access,1470969,CASTLE FOR CITY COUNCIL 2025,CASTLE FOR CITY COUNCIL 2025 OFFICEHOLDER ACCOUNT,310,TERMINATED 02/20/2026,,needs_research,surname only,keep needs_research,unresolved,,
6c92d915-84e1-4f89-815a-96003ab59bf8,709e3ae5-821a-4181-853e-6e59ed62390a,Chadwick Castle,"Council Member, Redondo Beach",cal_access,1482472,CASTLE FOR DISTRICT 4 SUPERVISOR 2026,CASTLE FOR DISTRICT 4 SUPERVISOR 2026,909,ACTIVE,,needs_research,surname only,keep needs_research,unresolved,,
b9c1b9f3-db92-4b1f-a46d-fe96801b782f,4cdfe715-5128-49cd-a88c-9b4f35f63653,Chia Yu Teng,"Council Member (District 4), Diamond Bar",cal_access,1237529,TENG FOR ASSEMBLY 2002,TENG FOR ASSEMBLY 2002,415,ACTIVE,,needs_research,surname only,disputed,C the filer evidence places it elsewhere (area code or shared filer phone),"surname-only auto-link: Cal-Access 1237529 ""TENG FOR ASSEMBLY 2002"" -- a campaign for the State Assembly; filer area code 415 (San Francisco) is outside the Los Angeles region and nothing ties it to the row; this row is Chia Yu Teng, Council Member (District 4), Diamond Bar",
e75ef43e-4778-44ba-9ce0-e85413d2b0e8,4cdfe715-5128-49cd-a88c-9b4f35f63653,Chia Yu Teng,"Council Member (District 4), Diamond Bar",cal_access,1451670,TENG FOR DB CITY COUNCIL 2022; DR.,TENG FOR DB CITY COUNCIL 2026; DR.,310,ACTIVE,,needs_research,surname only,keep needs_research,unresolved,,
96d00760-a305-439d-a0a0-852f1632744f,f4d09579-b7bd-480b-8b8f-3b6c08acaab3,Chris Anstead,"Council Member, Agoura Hills",cal_access,1359777,"ANSTEAD FOR CITY COUNCIL 2013, CHRIS","ANSTEAD FOR CITY COUNCIL 2013, CHRIS",818,TERMINATED 01/31/2014,,needs_research,full name,keep needs_research,full name (out of scope),,
2e3ae8e5-783f-40d1-98d4-2d6d7fc70d72,f4d09579-b7bd-480b-8b8f-3b6c08acaab3,Chris Anstead,"Council Member, Agoura Hills",cal_access,1379074,ANSTEAD FOR CITY COUNCIL 2015,ANSTEAD FOR CITY COUNCIL 2015,805,TERMINATED 02/01/2016,,needs_research,surname only,keep needs_research,unresolved,,
8c5a4c8d-f5e8-4ccc-8eb4-9ae30430da07,f4d09579-b7bd-480b-8b8f-3b6c08acaab3,Chris Anstead,"Council Member, Agoura Hills",cal_access,1406448,ANSTEAD FOR CITY COUNCIL 2018; COMMITTEE TO ELECT CHRIS,ANSTEAD FOR CITY COUNCIL 2018; COMMITTEE TO ELECT CHRIS,818,TERMINATED 12/31/2018,,needs_research,full name,keep needs_research,full name (out of scope),,
b10cbb39-fa3e-4967-a682-2e0660ac38f8,f4d09579-b7bd-480b-8b8f-3b6c08acaab3,Chris Anstead,"Council Member, Agoura Hills",cal_access,1455662,ANSTEAD FOR CITY COUNCIL 2022; COMMITTEE TO REELECT CHRIS,ANSTEAD FOR CITY COUNCIL 2022; COMMITTEE TO REELECT CHRIS,818,ACTIVE,,needs_research,full name,keep needs_research,full name (out of scope),,
e5398b81-fac7-4487-abcc-d11a3917cca5,05000cf0-c364-4e92-9ce3-ab6ec1f2b67e,Chris Espinosa,,cal_access,1402945,"ESPINOSA FOR JUDGE 2018; COMMITTEE TO ELECT ROBERT A. ""BOB""","ESPINOSA FOR JUDGE 2018; COMMITTEE TO ELECT ROBERT A. ""BOB""",760,TERMINATED 07/31/2018,,needs_research,surname only,disputed,"A names another person, or the matched token is a place, a word or a given name","surname-only auto-link: Cal-Access 1402945 ""ESPINOSA FOR JUDGE 2018; COMMITTEE TO ELECT ROBERT A. ""BOB"""" -- names a different person (Robert A. ""Bob"" Espinosa, judicial candidate); filer area code 760 (Inland/north San Diego County); this row is Chris Espinosa (active; no seat or race recorded)",
becd6895-0906-4f9c-b7c2-38e6aa3452e3,05000cf0-c364-4e92-9ce3-ab6ec1f2b67e,Chris Espinosa,,cal_access,1430095,ESPINOSA FOR CITY COUNCIL 2020,MAYRA ESPINOSA FOR CITY COUNCIL 2020,650,TERMINATED 03/23/2022,,needs_research,surname only,disputed,"A names another person, or the matched token is a place, a word or a given name","surname-only auto-link: Cal-Access 1430095 ""MAYRA ESPINOSA FOR CITY COUNCIL 2020"" (stored as ""ESPINOSA FOR CITY COUNCIL 2020"") -- names a different person (Mayra Espinosa); filer area code 650 (San Mateo County); this row is Chris Espinosa (active; no seat or race recorded)",
82f65779-c8eb-4e38-ad2b-f66aaa16d137,05000cf0-c364-4e92-9ce3-ab6ec1f2b67e,Chris Espinosa,,cal_access,1445409,ESPINOSA FOR JUDGE 2022,ESPINOSA FOR JUDGE 2022,714,TERMINATED 06/30/2022,,needs_research,surname only,keep needs_research,unresolved,,
cec0ae40-4334-4d48-b1df-0eca15d0c61d,05000cf0-c364-4e92-9ce3-ab6ec1f2b67e,Chris Espinosa,,cal_access,1468243,ESPINOSA FOR CITY COUNCIL 2024,ESPINOSA FOR CITY COUNCIL 2024,650,ACTIVE,,needs_research,surname only,disputed,C the filer evidence places it elsewhere (area code or shared filer phone),"surname-only auto-link: Cal-Access 1468243 ""ESPINOSA FOR CITY COUNCIL 2024"" -- it shares a personal filer phone (filer area code 650 (San Mateo County)) with Cal-Access 1430095 ""MAYRA ESPINOSA FOR CITY COUNCIL 2020"", which this file disputes as another person's or another place's; this row is Chris Espinosa (active; no seat or race recorded)",
654cb998-64fc-4d46-88bb-08f5ca666fc3,2d47a965-81a2-4508-865c-06d45bf6ff42,Christine Parra,,cal_access,1234189,PARRA FOR ASSEMBLY COMMITTEE,PARRA FOR ASSEMBLY COMMITTEE,916,TERMINATED 04/27/2007,,needs_research,surname only,keep needs_research,unresolved,,probably Nicole Parra (Assembly 2002-2008); no given name in the record
7329ab38-5737-4bff-bd56-017e50edbb1d,2d47a965-81a2-4508-865c-06d45bf6ff42,Christine Parra,,cal_access,1251452,PARRA FOR ASSEMBLY COMMITTEE 2004,PARRA FOR ASSEMBLY COMMITTEE 2004,916,TERMINATED 04/27/2007,,needs_research,surname only,keep needs_research,unresolved,,probably Nicole Parra (Assembly 2002-2008); no given name in the record
64db929c-90a8-45dd-8b35-a260e7423a6e,2d47a965-81a2-4508-865c-06d45bf6ff42,Christine Parra,,cal_access,1272655,PARRA FOR ASSEMBLY 2006,PARRA FOR ASSEMBLY 2006,916,TERMINATED 03/17/2008,,needs_research,surname only,keep needs_research,unresolved,,probably Nicole Parra (Assembly 2002-2008); no given name in the record
95670663-3b1e-431a-a241-b94812490dde,2d47a965-81a2-4508-865c-06d45bf6ff42,Christine Parra,,cal_access,1292765,PARRA 2007,PARRA 2007,213,TERMINATED 06/30/2009,"Parra, Alvin",needs_research,surname only,disputed,"A names another person, or the matched token is a place, a word or a given name","surname-only auto-link: Cal-Access 1292765 ""PARRA 2007"" -- LA City Ethics names its candidate as Alvin Parra (LA City Council Member - District 14), a different person; filer area code 213 (Los Angeles); this row is Christine Parra (active; no seat or race recorded)",
ffd3ac09-04d5-475b-9a4a-8cfb97606010,2d47a965-81a2-4508-865c-06d45bf6ff42,Christine Parra,,cal_access,1293213,PARRA FOR SENATE 2010,PARRA FOR SENATE 2010,916,TERMINATED 12/31/2008,,needs_research,surname only,keep needs_research,unresolved,,
792a6c73-0536-44eb-8e11-e6ab719af6f3,2d47a965-81a2-4508-865c-06d45bf6ff42,Christine Parra,,cal_access,1428232,PARRA FOR COUNCIL 2020,PARRA FOR COUNCIL 2020,559,TERMINATED 11/13/2023,,needs_research,surname only,keep needs_research,unresolved,,
a1ab4630-db23-49c8-915d-61e2cac03fc6,2d47a965-81a2-4508-865c-06d45bf6ff42,Christine Parra,,cal_access,1430482,PARRA RUNNING FOR SANTA MONICA CITY COUNCIL 2020; CHRISTINE,PARRA RUNNING FOR SANTA MONICA CITY COUNCIL 2020; CHRISTINE,310,TERMINATED 04/03/2025,,needs_research,full name,keep needs_research,full name (out of scope),,"full-name match, but the committee names another place: SANTA MONICA"
8b4d98c2-45cd-4a1e-bcdd-2f7151e9cb9a,2d47a965-81a2-4508-865c-06d45bf6ff42,Christine Parra,,cal_access,1431553,PARRA FOR STATE CENTER COMMUNITY COLLEGE TRUSTEE NO.3 2024,PARRA FOR STATE CENTER COMMUNITY COLLEGE TRUSTEE NO.3 2024,559,TERMINATED 02/28/2025,,needs_research,surname only,keep needs_research,unresolved,,
83ede2f6-80b3-439a-bca2-0471cac1b0a2,2d47a965-81a2-4508-865c-06d45bf6ff42,Christine Parra,,cal_access,1474116,PARRA FOR FOWLER CITY COUNCIL 2024,PARRA FOR FOWLER CITY COUNCIL 2024,559,ACTIVE,,needs_research,surname only,keep needs_research,unresolved,,
e76e5220-d17b-44be-95f7-b3e451add0bc,2d47a965-81a2-4508-865c-06d45bf6ff42,Christine Parra,,la_socrata,1292765,Parra 2007,,,,"Parra, Alvin",needs_research,surname only,disputed,"A names another person, or the matched token is a place, a word or a given name","surname-only auto-link: LA City Ethics committee 1292765 ""Parra 2007"" -- LA City Ethics names its candidate as Alvin Parra (LA City Council Member - District 14), a different person; this row is Christine Parra (active; no seat or race recorded)",
e85546e9-7758-4f8f-bd09-636b873c6113,a83a63a8-3e0f-4a2e-9226-8c0cd26a1349,Christopher John Rizzotti,"Council Member, Burbank",cal_access,1371051,"RIZZOTTI TO BURBANK CITY COUNCIL 2015, ELECT CHRISTOPHER JOHN","RIZZOTTI TO BURBANK CITY COUNCIL 2015, ELECT CHRISTOPHER JOHN",818,TERMINATED 06/08/2015,,needs_research,full name,keep needs_research,full name (out of scope),,
4a4e2536-8669-46e6-b9c9-970f15da9579,a83a63a8-3e0f-4a2e-9226-8c0cd26a1349,Christopher John Rizzotti,"Council Member, Burbank",cal_access,1428081,RIZZOTTI TO BURBANK CITY COUNCIL 2020; ELECT,RIZZOTTI TO BURBANK CITY COUNCIL 2020; ELECT,818,TERMINATED 08/25/2020,,needs_research,surname only,keep needs_research,unresolved,,
ebee99bc-b396-4966-85df-797a565126a1,a83a63a8-3e0f-4a2e-9226-8c0cd26a1349,Christopher John Rizzotti,"Council Member, Burbank",cal_access,1443244,RIZZOTTI TO BURBANK CITY COUNCIL 2022; ELECT,RIZZOTTI TO BURBANK CITY COUNCIL 2022; ELECT,818,TERMINATED 08/12/2022,,needs_research,surname only,keep needs_research,unresolved,,
56e640fb-90a2-4a5c-a2ff-245a1c05696b,a83a63a8-3e0f-4a2e-9226-8c0cd26a1349,Christopher John Rizzotti,"Council Member, Burbank",cal_access,1466605,RIZZOTTI TO BURBANK CITY COUNCIL 2024; ELECT,RIZZOTTI TO BURBANK CITY COUNCIL 2024; ELECT,818,TERMINATED 12/31/2024,,needs_research,surname only,keep needs_research,unresolved,,
0cf3c709-0572-4dbc-a4a4-73e1eda7b98c,a83a63a8-3e0f-4a2e-9226-8c0cd26a1349,Christopher John Rizzotti,"Council Member, Burbank",cal_access,1474164,"WILKE AND CHRIS RIZZOTTI FOR CITY COUNCIL 2024, SPONSORED BY BIZFED PAC, A PROJECT OF LOS ANGELES COUNTY BUSINESS FEDERATION; BURBANK NEIGHBORS UNITED SUPPORTING JUDIE","WILKE AND CHRIS RIZZOTTI FOR CITY COUNCIL 2024, SPONSORED BY BIZFED PAC, A PROJECT OF LOS ANGELES COUNTY BUSINESS FEDERATION; BURBANK NEIGHBORS UNITED SUPPORTING JUDIE",323,TERMINATED 12/27/2024,,needs_research,full name,keep needs_research,full name (out of scope),,"full-name match, but the committee names another place: LOS ANGELES"
8e125125-1c5c-4f4d-b12a-d4717e1443f5,f034f7ef-2aef-43fa-8d06-1f6902705dc4,Cindy Galvan,"Council Member (District 5), El Monte",cal_access,1467786,GALVAN FOR EL MONTE CITY COUNCIL DISTRICT 5 2024; CINDY,GALVAN FOR EL MONTE CITY COUNCIL DISTRICT 5 2028; CINDY,213,ACTIVE,,needs_research,full name,keep needs_research,full name (out of scope),,
b7ab0707-4317-425b-9c8c-5ba6f91ecf30,4967617f-5919-4816-8661-a675f05e8b66,Claudia M. Frometa,"Mayor, Downey",cal_access,1406705,FROMETA FOR DOWNEY CITY COUNCIL 2018; CLAUDIA,FROMETA FOR DOWNEY CITY COUNCIL 2018; CLAUDIA,562,TERMINATED 08/01/2021,,needs_research,full name,keep needs_research,full name (out of scope),,
501157c7-c376-47f8-99fc-60128fc901f4,4967617f-5919-4816-8661-a675f05e8b66,Claudia M. Frometa,"Mayor, Downey",cal_access,1449968,FROMETA FOR DOWNEY COUNCIL DISTRICT 4 2022; CLAUDIA,FROMETA FOR DOWNEY COUNCIL DISTRICT 4 2022; CLAUDIA,562,TERMINATED 01/31/2024,,needs_research,full name,keep needs_research,full name (out of scope),,
30f6dea6-58bb-4024-af9d-3604161a31ea,1d731710-7e7e-4685-ade7-f34bce70c088,Colter Carlisle,"candidate, Los Angeles City Council District 13",cal_access,1483691,COLTER CARLISLE,"CARLISLE, COLTER",310,ACTIVE,,needs_research,full name,keep needs_research,full name (out of scope),,
f6db9ecf-1e58-44bf-a064-1e354d8f2670,556e4303-9d45-4540-8bba-617da6641bfe,Corey Calaycay,"Council Member (District 1), Claremont",cal_access,1272663,"CALAYCAY, COMMITTEE TO ELECT COREY","CALAYCAY 2013, COMMITTEE TO ELECT COREY",909,TERMINATED 06/30/2013,,needs_research,full name,keep needs_research,full name (out of scope),,
84b577f5-d2fc-4a66-a19c-a0b9064cac03,556e4303-9d45-4540-8bba-617da6641bfe,Corey Calaycay,"Council Member (District 1), Claremont",cal_access,1323868,CALAYCAY FOR ASSEMBLY 2010,CALAYCAY FOR ASSEMBLY 2010,909,TERMINATED 06/30/2010,,needs_research,surname only,keep needs_research,unresolved,,
212b2639-309f-4d21-b6f5-d2db0fcdd6ea,556e4303-9d45-4540-8bba-617da6641bfe,Corey Calaycay,"Council Member (District 1), Claremont",cal_access,1390392,CALAYCAY CLAREMONT CITY COUNCIL 2017; COREY,CALAYCAY CLAREMONT CITY COUNCIL 2017; COREY,909,TERMINATED 04/12/2017,,needs_research,full name,keep needs_research,full name (out of scope),,
0ce225fd-48b7-4eaf-8442-f85365aa8692,556e4303-9d45-4540-8bba-617da6641bfe,Corey Calaycay,"Council Member (District 1), Claremont",cal_access,1425517,CALAYCAY FOR CLAREMONT CITY COUNCIL 2020; COREY,CALAYCAY FOR CLAREMONT CITY COUNCIL 2020; COREY,909,TERMINATED 12/31/2020,,needs_research,full name,keep needs_research,full name (out of scope),,
c7904583-44ac-4e56-900c-10bfa6da04c2,e5db06dc-1ea5-4247-8820-04d09817b1e2,Cory Moss,"Mayor, Industry",cal_access,1330509,"MOSS FOR SUPERVISOR 2010, ALLIANCE FOR JOBS AND SUSTAINABLE GROWTH, A COALITION OF LABOR UNIONS AND BUSINESS ASSOCIATIONS SUPPORTING STEVE","MOSS FOR SUPERVISOR 2010, ALLIANCE FOR JOBS AND SUSTAINABLE GROWTH, A COALITION OF LABOR UNIONS AND BUSINESS ASSOCIATIONS SUPPORTING STEVE",415,TERMINATED 10/22/2011,,needs_research,surname only,disputed,C the filer evidence places it elsewhere (area code or shared filer phone),"surname-only auto-link: Cal-Access 1330509 ""MOSS FOR SUPERVISOR 2010, ALLIANCE FOR JOBS AND SUSTAINABLE GROWTH, A COALITION OF LABOR UNIONS AND BUSINESS ASSOCIATIONS SUPPORTING STEVE"" -- a campaign for a county board of supervisors; filer area code 415 (San Francisco) is outside the Los Angeles region and nothing ties it to the row; this row is Cory Moss, Mayor, Industry",
501fb73e-94aa-498a-8826-00e62b38a3a2,e5db06dc-1ea5-4247-8820-04d09817b1e2,Cory Moss,"Mayor, Industry",cal_access,1372575,MOSS FOR SCHOOL BOARD 2014,MOSS FOR SCHOOL BOARD 2014,925,TERMINATED 11/26/2014,,needs_research,surname only,disputed,C the filer evidence places it elsewhere (area code or shared filer phone),"surname-only auto-link: Cal-Access 1372575 ""MOSS FOR SCHOOL BOARD 2014"" -- a campaign for a school board; filer area code 925 (Contra Costa) is outside the Los Angeles region and nothing ties it to the row; this row is Cory Moss, Mayor, Industry",
8288aa99-483a-4788-8dbf-78a255ec56ff,1ae14d1b-8749-4d09-9c14-9fe9aa9ab5ff,Crystal Golden,,cal_access,1292584,"HERE EMPLOYEES OF GOLDEN GATE FIELDS, A SPONSORED COMMITTEE OF UNITE HERE LOCAL 2850","HERE EMPLOYEES OF GOLDEN GATE FIELDS, A SPONSORED COMMITTEE OF UNITE HERE LOCAL 2850",510,ACTIVE,,needs_research,surname only,disputed,"A names another person, or the matched token is a place, a word or a given name","surname-only auto-link: Cal-Access 1292584 ""HERE EMPLOYEES OF GOLDEN GATE FIELDS, A SPONSORED COMMITTEE OF UNITE HERE LOCAL 2850"" -- the surname matched the word ""Golden"" (Golden Gate Fields, a union committee), not a person; filer area code 510 (East Bay); this row is Crystal Golden (active; no seat or race recorded)",
6799bec5-fb9f-48c3-b7cf-3f5956d80b4c,1ae14d1b-8749-4d09-9c14-9fe9aa9ab5ff,Crystal Golden,,cal_access,1339150,GOLDEN CALIFORNIA COMMITTEE SPONSORED BY THE SEIU CALIFORNIA STATE COUNCIL,GOLDEN CALIFORNIA COMMITTEE SPONSORED BY THE SEIU CALIFORNIA STATE COUNCIL,916,TERMINATED 03/14/2019,,needs_research,surname only,disputed,"A names another person, or the matched token is a place, a word or a given name","surname-only auto-link: Cal-Access 1339150 ""GOLDEN CALIFORNIA COMMITTEE SPONSORED BY THE SEIU CALIFORNIA STATE COUNCIL"" -- the surname matched the word ""Golden"" (a statewide union committee), not a person; filer area code 916 (Sacramento); this row is Crystal Golden (active; no seat or race recorded)",
02ed4d12-b204-43b2-95fb-885f15fd6b0e,1ae14d1b-8749-4d09-9c14-9fe9aa9ab5ff,Crystal Golden,,cal_access,1371240,NEAL FOR GOLDEN VALLEY UNIFIED SCHOOL DISTRICT BOARD 2014,NEAL FOR GOLDEN VALLEY UNIFIED SCHOOL DISTRICT BOARD 2014,559,TERMINATED 09/16/2016,,needs_research,surname only,disputed,"A names another person, or the matched token is a place, a word or a given name","surname-only auto-link: Cal-Access 1371240 ""NEAL FOR GOLDEN VALLEY UNIFIED SCHOOL DISTRICT BOARD 2014"" -- the surname matched the place name ""Golden Valley (school district)""; the committee is Neal's; filer area code 559 (Fresno); this row is Crystal Golden (active; no seat or race recorded)",
704ab5c2-3931-49c0-8444-cc0ffccf6bb1,1ae14d1b-8749-4d09-9c14-9fe9aa9ab5ff,Crystal Golden,,cal_access,1372144,GOLDEN STATE ALLIANCE,GOLDEN STATE ALLIANCE,916,TERMINATED 04/15/2021,,needs_research,surname only,disputed,"A names another person, or the matched token is a place, a word or a given name","surname-only auto-link: Cal-Access 1372144 ""GOLDEN STATE ALLIANCE"" -- the surname matched the word ""Golden"" (a statewide committee), not a person; filer area code 916 (Sacramento); this row is Crystal Golden (active; no seat or race recorded)",
8a493a26-8ab2-4897-b777-76d6bd1ef720,1ae14d1b-8749-4d09-9c14-9fe9aa9ab5ff,Crystal Golden,,cal_access,1372796,BUCKLEY & MARILYN WHITE FOR GOLDEN HILLS COMMUNITY SERVICES DISTRICT BOARD OF DIRECTORS 2014; FRIENDS OF GOLDEN HILLS SUPPORTING JOHN,BUCKLEY & MARILYN WHITE FOR GOLDEN HILLS COMMUNITY SERVICES DISTRICT BOARD OF DIRECTORS 2014; FRIENDS OF GOLDEN HILLS SUPPORTING JOHN,661,TERMINATED 06/30/2016,,needs_research,surname only,disputed,"A names another person, or the matched token is a place, a word or a given name","surname-only auto-link: Cal-Access 1372796 ""BUCKLEY & MARILYN WHITE FOR GOLDEN HILLS COMMUNITY SERVICES DISTRICT BOARD OF DIRECTORS 2014; FRIENDS OF GOLDEN HILLS SUPPORTING JOHN"" -- the surname matched the place name ""Golden Hills (community services district, Kern County)""; the committee is Buckley and Marilyn White's; filer area code 661 (Kern County/Antelope Valley); this row is Crystal Golden (active; no seat or race recorded)",
628422de-16a7-43a3-be49-ff36e02f5754,1ae14d1b-8749-4d09-9c14-9fe9aa9ab5ff,Crystal Golden,,cal_access,1428476,ARONSON AND GOLDEN TO THE TRUCKEE TAHOE AIRPORT DISTRICT BOARD OF DIRECTORS 2020; COMMITTEE TO ELECT,ARONSON AND GOLDEN TO THE TAHOE AIRPORT DISTRICT BOARD OF DIRECTORS 2020; COMMITTEE TO ELECT,530,TERMINATED 12/03/2020,,needs_research,surname only,keep needs_research,unresolved,,
b99703cb-e8a7-4605-9f4b-9e1cddc06347,1ae14d1b-8749-4d09-9c14-9fe9aa9ab5ff,Crystal Golden,,cal_access,1489259,GOLDEN FOR ENCINITAS CITY COUNCIL 2026,GOLDEN FOR ENCINITAS CITY COUNCIL 2026,858,ACTIVE,,needs_research,surname only,keep needs_research,unresolved,,
2749f18c-ce24-480e-a316-6bc7cb726549,24455c8e-228c-47d9-ab63-dc64f750c010,Crystal Larios,"Council Member, Vernon",cal_access,1289648,LARIOS FOR CITY CLERK,LARIOS FOR CITY CLERK,951,ACTIVE,,needs_research,surname only,keep needs_research,unresolved,,
13808be8-68fe-43b0-866d-b993bbeaed90,2d5e46ab-9fd7-4545-9545-b46c7780a070,Cynthia Sternquist,"Mayor, Temple City",cal_access,1293645,"STERNQUIST, COMMITTEE TO ELECT CYNTHIA","STERNQUIST, COMMITTEE TO ELECT CYNTHIA",626,TERMINATED 01/31/2008,,needs_research,full name,keep needs_research,full name (out of scope),,
c4acef2c-815e-4105-b077-6bea16526a7c,2d5e46ab-9fd7-4545-9545-b46c7780a070,Cynthia Sternquist,"Mayor, Temple City",cal_access,1333744,"STERNQUIST TO CITY COUNCIL 2011, COMMITTEE TO ELECT CYNTHIA","STERNQUIST TO CITY COUNCIL 2011, COMMITTEE TO ELECT CYNTHIA",626,TERMINATED 12/31/2011,,needs_research,full name,keep needs_research,full name (out of scope),,
10b16d7e-d218-4dcc-b6b9-ae355c2fa9f0,2d5e46ab-9fd7-4545-9545-b46c7780a070,Cynthia Sternquist,"Mayor, Temple City",cal_access,1368185,STERNQUIST FOR CITY COUNCIL 2024; CYNTHIA,STERNQUIST FOR CITY COUNCIL 2024; CYNTHIA,626,ACTIVE,,needs_research,full name,keep needs_research,full name (out of scope),,
da24b797-7234-4636-be3b-63fbd7bebc0f,3e7cf8cb-c295-4db2-b0c7-c7abdf77a988,Daisy Lomelí,"Council Member, Cudahy",cal_access,1409393,LOMELI FOR RIO HONDO COLLEGE BOARD 2026,LOMELI FOR RIO HONDO COLLEGE BOARD 2026,562,ACTIVE,,needs_research,surname only,keep needs_research,unresolved,,
9b1de69f-eb37-458f-8b44-43998d18eedf,3e7cf8cb-c295-4db2-b0c7-c7abdf77a988,Daisy Lomelí,"Council Member, Cudahy",cal_access,1429436,LOMELI FOR CUDAHY CITY COUNCIL 2020; DAISY,LOMELI FOR CUDAHY CITY COUNCIL 2020; DAISY,442,TERMINATED 12/31/2024,,needs_research,full name,keep needs_research,full name (out of scope),,
787441e6-6110-4aea-ae4e-f3c14d8cafa9,3e7cf8cb-c295-4db2-b0c7-c7abdf77a988,Daisy Lomelí,"Council Member, Cudahy",cal_access,1470863,LOMELI FOR CUDAHY CITY COUNCIL 2024; DAISY,LOMELI FOR CUDAHY CITY COUNCIL 2024; DAISY,442,ACTIVE,,needs_research,full name,keep needs_research,full name (out of scope),,
7b99c5e7-4332-4aae-bf16-51b5ccef0116,dd2c2cfd-401f-4b35-916f-caba8ca9b722,Dan Koops,"Council Member (District 2), Bellflower",cal_access,1313334,KOOPS FOR CITY COUNCIL,KOOPS FOR CITY COUNCIL 2024,562,ACTIVE,,needs_research,surname only,keep needs_research,unresolved,,
5a3c74fe-860c-42a9-a996-7507e37d90a3,8bfc4fb1-527a-4cb8-b0c4-439a3a015857,Dandy De Paula,"Mayor, Hawaiian Gardens",cal_access,1351200,"URIAS SANTA PAULA UNIFIED SCHOOL DISTRICT 2012, THE COMMITTEE TO ELECT CHRISTINA ""TINA""","URIAS SANTA PAULA UNIFIED SCHOOL DISTRICT 2012, THE COMMITTEE TO ELECT CHRISTINA ""TINA""",805,TERMINATED 01/31/2013,,needs_research,surname only,disputed,"A names another person, or the matched token is a place, a word or a given name","surname-only auto-link: Cal-Access 1351200 ""URIAS SANTA PAULA UNIFIED SCHOOL DISTRICT 2012, THE COMMITTEE TO ELECT CHRISTINA ""TINA"""" -- the surname matched the place name ""Santa Paula""; the committee is Christina ""Tina"" Urias's; filer area code 805 (Central Coast/Ventura); this row is Dandy De Paula, Mayor, Hawaiian Gardens",
1834d7ef-bc1d-4202-9922-f9af46884813,8bfc4fb1-527a-4cb8-b0c4-439a3a015857,Dandy De Paula,"Mayor, Hawaiian Gardens",cal_access,1387161,"URIAS TRUSTEE, SANTA PAULA UNIFIED SCHOOL DISTRICT, 2016; COMMITTEE TO ELECT CHRISTINA ""TINA""","URIAS TRUSTEE, SANTA PAULA UNIFIED SCHOOL DISTRICT, 2016; COMMITTEE TO ELECT CHRISTINA ""TINA""",805,TERMINATED 12/31/2016,,needs_research,surname only,disputed,"A names another person, or the matched token is a place, a word or a given name","surname-only auto-link: Cal-Access 1387161 ""URIAS TRUSTEE, SANTA PAULA UNIFIED SCHOOL DISTRICT, 2016; COMMITTEE TO ELECT CHRISTINA ""TINA"""" -- the surname matched the place name ""Santa Paula""; the committee is Christina ""Tina"" Urias's; filer area code 805 (Central Coast/Ventura); this row is Dandy De Paula, Mayor, Hawaiian Gardens",
b7a0932a-e452-446d-974a-2bd8e4aad36b,8bfc4fb1-527a-4cb8-b0c4-439a3a015857,Dandy De Paula,"Mayor, Hawaiian Gardens",cal_access,1430228,BANGS FOR SANTA PAULA COUNCIL 2020,BANGS FOR SANTA PAULA CITY COUNCIL 2020,805,TERMINATED 12/31/2020,,needs_research,surname only,disputed,"A names another person, or the matched token is a place, a word or a given name","surname-only auto-link: Cal-Access 1430228 ""BANGS FOR SANTA PAULA CITY COUNCIL 2020"" (stored as ""BANGS FOR SANTA PAULA COUNCIL 2020"") -- the surname matched the place name ""Santa Paula""; the committee is Bangs's; filer area code 805 (Central Coast/Ventura); this row is Dandy De Paula, Mayor, Hawaiian Gardens",
35a5748c-e65a-43fa-8c83-cdb2e999de8e,e2679c27-94af-402c-9a8f-c47a284ba4b2,Daniel Alexander,,la_socrata,1444539,Alexander Tsao - Changing City Council in 2022,,,,"Tsao, Alexander",needs_research,surname only,disputed,"A names another person, or the matched token is a place, a word or a given name","surname-only auto-link: LA City Ethics committee 1444539 ""Alexander Tsao - Changing City Council in 2022"" -- LA City Ethics names its candidate as Alexander Tsao (LA City Council Member - District 3), a different person; this row is Daniel Alexander (active; no seat or race recorded)",
20187dda-2ab2-4294-bdbe-1fc8315b4a1e,9db24324-3d82-4c2b-8404-078a53708447,Daniel Brotman,"Councilmember, Glendale",cal_access,1419316,BROTMAN FOR CITY COUNCIL 2020; DAN,BROTMAN FOR CITY COUNCIL 2020; DAN,213,TERMINATED 12/14/2021,,needs_research,full name,keep needs_research,full name (out of scope),,
54f3911a-ea47-4cd8-80ea-1a4ed4c45c2b,9db24324-3d82-4c2b-8404-078a53708447,Daniel Brotman,"Councilmember, Glendale",cal_access,1443214,BROTMAN FOR CITY COUNCIL 2026,BROTMAN FOR CITY COUNCIL 2026,213,ACTIVE,,needs_research,surname only,keep needs_research,unresolved,,
380a00f1-0a2b-45e5-983e-d86b46641fda,1e465bb0-28aa-44b7-926e-907ade7d0da6,Darrell Reeves,,cal_access,1258242,REEVES 4 RPV CAMPAIGN,REEVES 4 RPV CAMPAIGN,310,TERMINATED 01/16/2004,,needs_research,surname only,keep needs_research,unresolved,,
8757dc72-f09e-4ba2-b1a5-3fddc3eb023d,1e465bb0-28aa-44b7-926e-907ade7d0da6,Darrell Reeves,,cal_access,1305933,REEVES FOR CITY COUNCIL,REEVES FOR CITY COUNCIL,951,TERMINATED 02/22/2009,,needs_research,surname only,keep needs_research,unresolved,,
cc2018e0-cd40-4aa3-b042-f50f85aed00e,296d94c3-756b-466a-9971-24a9bbce5776,Daryl Supernaw,"Councilmember, Long Beach",cal_access,1342472,"SUPERNAW FOR CITY COUNCIL 2012, DARYL","SUPERNAW FOR CITY COUNCIL 2012, DARYL",562,TERMINATED 01/31/2013,,needs_research,full name,keep needs_research,full name (out of scope),,
dd6ab7ee-055d-4afe-92c3-05c0badfedc2,296d94c3-756b-466a-9971-24a9bbce5776,Daryl Supernaw,"Councilmember, Long Beach",cal_access,1374797,SUPERNAW FOR CITY COUNCIL 2015; DARYL,SUPERNAW OFFICEHOLDER ACCOUNT 2015; COUNCILMAN DARYL,562,ACTIVE,,needs_research,full name,keep needs_research,full name (out of scope),,
b9fd2d82-8ce9-4abf-ade2-620b6eb0da94,296d94c3-756b-466a-9971-24a9bbce5776,Daryl Supernaw,"Councilmember, Long Beach",cal_access,1380351,SUPERNAW FOR CITY COUNCIL 2016; DARYL,SUPERNAW FOR CITY COUNCIL 2016; DARYL,562,TERMINATED 04/22/2016,,needs_research,full name,keep needs_research,full name (out of scope),,
bec5c36d-b0d3-4b9d-a24a-968b40cb817d,296d94c3-756b-466a-9971-24a9bbce5776,Daryl Supernaw,"Councilmember, Long Beach",cal_access,1466741,"SUPERNAW 2024, SPONSORED BY LA VOTE; NEIGHBORHOOD LEADERS SUPPORTING LONG BEACH CITY COUNCIL MEMBER DARYL","SUPERNAW 2024, SPONSORED BY LA VOTE; NEIGHBORHOOD LEADERS SUPPORTING LONG BEACH CITY COUNCIL MEMBER DARYL",213,TERMINATED 12/05/2024,,needs_research,full name,keep needs_research,full name (out of scope),,
a7aa736c-942b-4b24-b0c7-9a4005492052,09429ad7-cf23-4b5c-af0b-59cb393d5efd,David Arellano,"Council Member, Lakewood",cal_access,1076700,ARELLANO FOR MAYOR,"ARELLANO FOR MAYOR, FRIENDS OF LUPE",408,TERMINATED 02/03/2004,,needs_research,surname only,disputed,"A names another person, or the matched token is a place, a word or a given name","surname-only auto-link: Cal-Access 1076700 ""ARELLANO FOR MAYOR, FRIENDS OF LUPE"" (stored as ""ARELLANO FOR MAYOR"") -- names a different person (Lupe Arellano); filer area code 408 (San Jose); this row is David Arellano, Council Member, Lakewood",
3c9d1aff-2160-4d68-8ed4-fea0b04aded4,09429ad7-cf23-4b5c-af0b-59cb393d5efd,David Arellano,"Council Member, Lakewood",cal_access,1272071,ARELLANO FOR ASSEMBLY,ARELLANO FOR ASSEMBLY,818,TERMINATED 12/31/2005,,needs_research,surname only,keep needs_research,unresolved,,
2000cc4a-5573-44c0-bc64-989a2bd24b75,09429ad7-cf23-4b5c-af0b-59cb393d5efd,David Arellano,"Council Member, Lakewood",cal_access,1282255,ARELLANO FOR SCHOOL BOARD,ARELLANO FOR SCHOOL BOARD,818,TERMINATED 03/31/2009,,needs_research,surname only,keep needs_research,unresolved,,
5ee32c80-db80-468f-af23-d1e377f61694,09429ad7-cf23-4b5c-af0b-59cb393d5efd,David Arellano,"Council Member, Lakewood",cal_access,1461741,ARELLANO LAKEWOOD CITY COUNCIL 2028 DISTRICT 4; DAVID,ARELLANO LAKEWOOD CITY COUNCIL 2028 DISTRICT 4; DAVID,562,ACTIVE,,needs_research,full name,keep needs_research,full name (out of scope),,
c24de837-c054-48e7-8aff-098bde38e037,09429ad7-cf23-4b5c-af0b-59cb393d5efd,David Arellano,"Council Member, Lakewood",cal_access,1474690,ARELLANO FOR POMONA TRUSTEE 2024,ARELLANO FOR POMONA TRUSTEE 2024,909,TERMINATED 12/31/2024,,needs_research,surname only,disputed,"B another named place or district, or an opposing / ballot / recall committee","surname-only auto-link: Cal-Access 1474690 ""ARELLANO FOR POMONA TRUSTEE 2024"" -- a campaign for the Pomona Unified school board in Pomona, not for the row's seat; filer area code 909 (Inland Empire); this row is David Arellano, Council Member, Lakewood",
63238cf5-174b-4940-865e-b9d97be89efc,b90cc4e4-57f3-41b2-9a19-64c218164466,David E. Argudo,"Council Member, La Puente",cal_access,1301118,ARGUDO COMMITTEE,ARGUDO FOR CITY COUNCIL 2020,213,ACTIVE,,needs_research,surname only,keep needs_research,unresolved,,
800d87be-d811-4372-9710-0055871e3dab,b90cc4e4-57f3-41b2-9a19-64c218164466,David E. Argudo,"Council Member, La Puente",cal_access,1445929,ARGUDO FOR SUPERVISOR 2022,ARGUDO FOR SUPERVISOR 2022,415,TERMINATED 09/11/2023,,needs_research,surname only,disputed,C the filer evidence places it elsewhere (area code or shared filer phone),"surname-only auto-link: Cal-Access 1445929 ""ARGUDO FOR SUPERVISOR 2022"" -- a campaign for a county board of supervisors; filer area code 415 (San Francisco) is outside the Los Angeles region and nothing ties it to the row; this row is David E. Argudo, Council Member, La Puente",
0b996b64-2667-4d08-8110-5cf1e5ce2db3,acc990ea-5264-4d2f-9e44-940a85105481,David Fredendall,"Council Member (District 2), Glendora",cal_access,1423684,FREDENDALL FOR GLENDORA CITY COUNCIL 2020; DAVID,FREDENDALL FOR GLENDORA CITY COUNCIL 2020; DAVID,626,TERMINATED 09/16/2024,,needs_research,full name,keep needs_research,full name (out of scope),,
f7f94f26-d691-4da7-91a1-500e8b278418,fb1f120a-8821-4649-a209-03b6b77e0105,David Fu,"Council Member (District 1), Arcadia",cal_access,1466677,FU FOR CITY COUNCIL 2024,FU FOR CITY COUNCIL 2024,213,ACTIVE,,needs_research,surname only,keep needs_research,unresolved,,
c4624fc1-83cc-44f9-acba-3a64f064d8e7,570c385b-469f-4951-af6c-d6f6960d1279,David J. Shapiro,"Council Member, Calabasas",cal_access,1351290,"SHAPIRO FOR CALABASAS CITY COUNCIL 2013, DAVID J.","SHAPIRO FOR CALABASAS CITY COUNCIL 2013, DAVID J.",818,TERMINATED 02/18/2014,,needs_research,full name,keep needs_research,full name (out of scope),,
c787a982-ee08-4fe1-98f8-504a312e3f63,570c385b-469f-4951-af6c-d6f6960d1279,David J. Shapiro,"Council Member, Calabasas",cal_access,1405963,SHAPIRO FOR CALABASAS CITY COUNCIL 2018,SHAPIRO FOR CALABASAS CITY COUNCIL 2018,818,ACTIVE,,needs_research,surname only,keep needs_research,unresolved,,
11a70a4c-864a-4bf2-bc2d-f6fb2844321d,570c385b-469f-4951-af6c-d6f6960d1279,David J. Shapiro,"Council Member, Calabasas",cal_access,1450800,SHAPIRO FOR CALABASAS CITY COUNCIL 2022,SHAPIRO FOR CALABASAS CITY COUNCIL 2022,818,ACTIVE,,needs_research,surname only,keep needs_research,unresolved,,
9e48fbb9-3202-4b0f-9a4d-de93239e4534,570c385b-469f-4951-af6c-d6f6960d1279,David J. Shapiro,"Council Member, Calabasas",cal_access,1455621,SHAPIRO 4 MORAGA TOWN COUNCIL 2022; DAVID,SHAPIRO 4 MORAGA TOWN COUNCIL 2022; DAVID,925,TERMINATED 12/29/2022,,needs_research,full name,keep needs_research,full name (out of scope),,"full-name match, but the committee names another place: MORAGA"
5c686234-7acd-46fb-829c-f14d8e625df7,f29e5d90-c09a-4cb9-a3c4-8cdbe2fe41c5,David L. Bradley,"Mayor, Rancho Palos Verdes",cal_access,1020207,BRADLEY DINNER COMMITTEE,BRADLEY DINNER COMMITTEE,213,TERMINATED 12/01/1990,,needs_research,surname only,keep needs_research,unresolved,,probably Tom Bradley (LA mayor); no given name in the record
655d661c-ef1d-4a5c-9399-10d6eeda0b7e,f29e5d90-c09a-4cb9-a3c4-8cdbe2fe41c5,David L. Bradley,"Mayor, Rancho Palos Verdes",cal_access,1031875,"BRADLEY GROUP, THE","BRADLEY GROUP, THE",213,TERMINATED 12/01/1990,,needs_research,surname only,keep needs_research,unresolved,,probably Tom Bradley (LA mayor); no given name in the record
241bdcaf-7f63-4f8c-9937-5547408cb0c2,f29e5d90-c09a-4cb9-a3c4-8cdbe2fe41c5,David L. Bradley,"Mayor, Rancho Palos Verdes",cal_access,1032190,"BRADLEY, AKA OCFB, ORANGE COUNTY FRIENDS OF","BRADLEY, AKA OCFB, ORANGE COUNTY FRIENDS OF",714,TERMINATED 12/01/1990,,needs_research,surname only,keep needs_research,unresolved,,probably Tom Bradley (LA mayor); no given name in the record
541a223a-ade5-4ace-a10f-75751db31a49,f29e5d90-c09a-4cb9-a3c4-8cdbe2fe41c5,David L. Bradley,"Mayor, Rancho Palos Verdes",cal_access,1034571,"BRADLEY, CONTRA COSTANS FOR TOM","BRADLEY, CONTRA COSTANS FOR TOM",999,TERMINATED 12/01/1990,,needs_research,surname only,disputed,"A names another person, or the matched token is a place, a word or a given name","surname-only auto-link: Cal-Access 1034571 ""BRADLEY, CONTRA COSTANS FOR TOM"" -- names a different person (Tom Bradley); filer area code 999; this row is David L. Bradley, Mayor, Rancho Palos Verdes",
9cb60b3e-584b-437e-9fd2-d336513d458e,f29e5d90-c09a-4cb9-a3c4-8cdbe2fe41c5,David L. Bradley,"Mayor, Rancho Palos Verdes",cal_access,1034800,"BRADLEY, REPUBLICANS FOR TOM","BRADLEY, REPUBLICANS FOR TOM",209,TERMINATED 12/01/1990,,needs_research,surname only,disputed,"A names another person, or the matched token is a place, a word or a given name","surname-only auto-link: Cal-Access 1034800 ""BRADLEY, REPUBLICANS FOR TOM"" -- names a different person (Tom Bradley); filer area code 209 (Stockton/Modesto); this row is David L. Bradley, Mayor, Rancho Palos Verdes",
fba64a6a-24fb-4ce0-a0f4-db9a130e91ff,f29e5d90-c09a-4cb9-a3c4-8cdbe2fe41c5,David L. Bradley,"Mayor, Rancho Palos Verdes",cal_access,1034867,"BRADLEY FOR GOVERNOR, DEPUTY ATTORNEYS GENERAL FOR TOM","BRADLEY FOR GOVERNOR, DEPUTY ATTORNEYS GENERAL FOR TOM",213,TERMINATED 12/01/1990,,needs_research,surname only,disputed,"A names another person, or the matched token is a place, a word or a given name","surname-only auto-link: Cal-Access 1034867 ""BRADLEY FOR GOVERNOR, DEPUTY ATTORNEYS GENERAL FOR TOM"" -- names a different person (Tom Bradley); filer area code 213 (Los Angeles); this row is David L. Bradley, Mayor, Rancho Palos Verdes",
fddf1c70-edee-4bd4-8090-eefc3db54c25,f29e5d90-c09a-4cb9-a3c4-8cdbe2fe41c5,David L. Bradley,"Mayor, Rancho Palos Verdes",cal_access,1034932,"BRADLEY, SO. CALIF PHYSICIANS FOR","BRADLEY, SO. CALIF PHYSICIANS FOR",213,TERMINATED 12/01/1990,,needs_research,surname only,keep needs_research,unresolved,,probably Tom Bradley (LA mayor); no given name in the record
5fc7ddf1-f211-4baf-b3ce-bbc32d58f76f,f29e5d90-c09a-4cb9-a3c4-8cdbe2fe41c5,David L. Bradley,"Mayor, Rancho Palos Verdes",cal_access,1034945,BRADLEY FOR GOVERNOR COMMITTEE,BRADLEY FOR GOVERNOR COMMITTEE,213,TERMINATED 12/01/1990,,needs_research,surname only,keep needs_research,unresolved,,probably Tom Bradley (LA mayor); no given name in the record
aaeddb3a-6196-4146-83ca-19de9cb6c0c5,f29e5d90-c09a-4cb9-a3c4-8cdbe2fe41c5,David L. Bradley,"Mayor, Rancho Palos Verdes",cal_access,1034986,"BRADLEY FOR GOVERNOR, CITIZENS COMMITTEE FOR","BRADLEY FOR GOVERNOR, CITIZENS COMMITTEE FOR",408,TERMINATED 12/01/1990,,needs_research,surname only,disputed,C the filer evidence places it elsewhere (area code or shared filer phone),"surname-only auto-link: Cal-Access 1034986 ""BRADLEY FOR GOVERNOR, CITIZENS COMMITTEE FOR"" -- a campaign for Governor; filer area code 408 (San Jose) is outside the Los Angeles region and nothing ties it to the row; this row is David L. Bradley, Mayor, Rancho Palos Verdes",
b658ef72-ed96-4cef-8f86-e087c9dd3520,f29e5d90-c09a-4cb9-a3c4-8cdbe2fe41c5,David L. Bradley,"Mayor, Rancho Palos Verdes",cal_access,1069349,"BRADLEY MAYOR, COMMITTEE TO RELECT OMAR","BRADLEY MAYOR, COMMITTEE TO RELECT OMAR",310,TERMINATED 07/30/2004,,needs_research,surname only,disputed,"A names another person, or the matched token is a place, a word or a given name","surname-only auto-link: Cal-Access 1069349 ""BRADLEY MAYOR, COMMITTEE TO RELECT OMAR"" -- names a different person (Omar Bradley, Compton mayor); filer area code 310 (West LA/South Bay); this row is David L. Bradley, Mayor, Rancho Palos Verdes",
db1d9a9f-365e-4aad-aff1-cdf9340d0260,f29e5d90-c09a-4cb9-a3c4-8cdbe2fe41c5,David L. Bradley,"Mayor, Rancho Palos Verdes",cal_access,1420888,BRADLEY FOR RPV CITY COUNCIL 2019; DAVID,BRADLEY FOR RPV CITY COUNCIL 2019; DAVID,310,ACTIVE,,needs_research,full name,keep needs_research,full name (out of scope),,
6136c5cb-1b93-4138-a869-ac564ea82442,f29e5d90-c09a-4cb9-a3c4-8cdbe2fe41c5,David L. Bradley,"Mayor, Rancho Palos Verdes",cal_access,1451715,BRADLEY FOR RPV CITY COUNCIL 2022; DAVID,BRADLEY FOR RPV CITY COUNCIL 2022; DAVID,310,ACTIVE,,needs_research,full name,keep needs_research,full name (out of scope),,
dbccf666-a31e-42f8-91a9-c6319f922cbb,27bf2707-875b-45c0-93fd-76b93c21f9b4,David McGowan,"Council Member, Palos Verdes Estates",cal_access,1414919,MCGOWAN FOR CITY COUNCIL 2019; DAVID,MCGOWAN FOR CITY COUNCIL 2019; DAVID,310,TERMINATED 03/31/2019,,needs_research,full name,keep needs_research,full name (out of scope),,
af66acef-639d-4735-a41f-498e0c04d8cc,664b5518-3e28-4f8f-a42f-12fb6d627567,David Torres,"Council Member (District 4), Montebello",cal_access,1406081,TORRES FOR CITY COUNCIL 2018; DAVID,TORRES FOR CITY COUNCIL 2020; DAVID,323,TERMINATED 09/23/2022,,needs_research,full name,keep needs_research,full name (out of scope),,
fac521c0-52fc-4874-ab94-46fee41dcb2d,664b5518-3e28-4f8f-a42f-12fb6d627567,David Torres,"Council Member (District 4), Montebello",cal_access,1451487,TORRES FOR CITY COUNCIL 2022; DAVID,TORRES FOR CITY COUNCIL 2022; DAVID,442,TERMINATED 06/30/2026,,needs_research,full name,keep needs_research,full name (out of scope),,
0c699e7b-65f0-4d5e-83ed-a8398e4a5a19,664b5518-3e28-4f8f-a42f-12fb6d627567,David Torres,"Council Member (District 4), Montebello",cal_access,1474129,TORRES FOR CITY COUNCIL 2024; DAVID,TORRES FOR CITY COUNCIL 2024; DAVID,442,TERMINATED 03/09/2026,,needs_research,full name,keep needs_research,full name (out of scope),,
748ce54b-19dc-460d-8e10-4b7f296cbc4d,bde02cb9-cace-4daa-b239-89c83af2b851,Dawn Murdock,"Council Member, Palos Verdes Estates",cal_access,1429556,MURDOCK FOR PVE COUNCIL 2020; DAWN,MURDOCK FOR PVE COUNCIL 2020; DAWN,310,TERMINATED 12/31/2020,,needs_research,full name,keep needs_research,full name (out of scope),,
af26e456-8ccf-4779-9231-fbc08a95b020,376e56bf-5114-444f-8850-e96e4d0f7f67,Dean Francois,"Mayor, Hermosa Beach",cal_access,1413066,SILVA AND MATT FRANCOIS IN 2018; YES FOR WALNUT CREEK SUPPORTING CITY COUNCIL CANDIDATES CINDY,SILVA AND MATT FRANCOIS IN 2018; YES FOR WALNUT CREEK SUPPORTING CITY COUNCIL CANDIDATES CINDY,925,TERMINATED 12/31/2018,,needs_research,surname only,disputed,"A names another person, or the matched token is a place, a word or a given name","surname-only auto-link: Cal-Access 1413066 ""SILVA AND MATT FRANCOIS IN 2018; YES FOR WALNUT CREEK SUPPORTING CITY COUNCIL CANDIDATES CINDY"" -- names a different person (Matt Francois, Walnut Creek council candidate); filer area code 925 (Contra Costa); this row is Dean Francois, Mayor, Hermosa Beach",
b506d2f8-fca6-4348-aabd-3bed1742ed1a,376e56bf-5114-444f-8850-e96e4d0f7f67,Dean Francois,"Mayor, Hermosa Beach",cal_access,1436711,FRANCOIS FOR COUNCIL 2021,FRANCOIS FOR COUNCIL 2021,562,TERMINATED 10/06/2021,,needs_research,surname only,keep needs_research,unresolved,,
16525036-4f77-4e68-87ef-8cee88c9c0bd,376e56bf-5114-444f-8850-e96e4d0f7f67,Dean Francois,"Mayor, Hermosa Beach",cal_access,1454813,FRANCOIS FOR COUNCIL 2022,FRANCOIS FOR COUNCIL 2022,310,TERMINATED 12/30/2022,,needs_research,surname only,keep needs_research,unresolved,,
277daf33-605a-4132-87ec-629b6a71e491,83d57d34-d294-4d5e-9793-d26dd8fa6d17,Debbie S. Baker,"Council Member, La Palma",cal_access,1466502,BAKER FOR LA PALMA CITY COUNCIL DISTRICT 1 2024; DEBBIE S.,BAKER FOR LA PALMA CITY COUNCIL DISTRICT 1 2024; DEBBIE S.,714,TERMINATED 07/24/2025,,needs_research,full name,keep needs_research,full name (out of scope),,
1af94845-def5-47f9-807e-e0797976639c,2fcf82ab-e952-47b2-9e9a-a833016b6216,Debby Stegura,"Mayor, Rolling Hills Estates",cal_access,1429557,STEGURA FOR RHE COUNCIL 2020; DEBBY,STEGURA FOR RHE COUNCIL 2020; DEBBY,310,TERMINATED 12/07/2020,,needs_research,full name,keep needs_research,full name (out of scope),,
0e1aac48-a828-4480-bdc8-c1d3cb00ed45,f1f9d53e-2972-406d-9979-90119d893508,Deborah Klein Lopez,"Council Member, Agoura Hills",cal_access,1406127,LOPEZ FOR CITY COUNCIL 2018; COMMITTEE TO ELECT DEBORAH KLEIN,LOPEZ FOR CITY COUNCIL 2018; COMMITTEE TO ELECT DEBORAH KLEIN,818,TERMINATED 12/31/2018,,needs_research,full name,keep needs_research,full name (out of scope),,
04497ded-9ce7-4f26-89fd-21b7870c2e91,f1f9d53e-2972-406d-9979-90119d893508,Deborah Klein Lopez,"Council Member, Agoura Hills",cal_access,1446788,LOPEZ FOR CITY COUNCIL 2022; COMMITEE TO REELECT DEBORAH KLEIN,LOPEZ FOR CITY COUNCIL 2022; COMMITEE TO REELECT DEBORAH KLEIN,818,TERMINATED 12/31/2022,,needs_research,full name,keep needs_research,full name (out of scope),,
0cd90a5f-1221-40fa-a185-f275fbdb4837,12e65ea6-e861-4b17-b857-de76f75ec4cc,Deborah L. Christian,,la_socrata,1438114,Christian L. Guzman for City Council 2022,,,,"Guzman , Christian",needs_research,surname only,disputed,"A names another person, or the matched token is a place, a word or a given name","surname-only auto-link: LA City Ethics committee 1438114 ""Christian L. Guzman for City Council 2022"" -- LA City Ethics names its candidate as Christian Guzman (LA City Council Member - District 15), a different person; this row is Deborah L. Christian (active; no seat or race recorded)",
eb50dfb6-78b4-4c92-8563-334bddbff150,db853cfa-ab6d-4a30-bfbc-fb05b3956970,Debra Martin,"Council Member, Pomona",cal_access,1346953,"MARTIN FOR POMONA CITY COUNCIL 2012, DEBRA","MARTIN FOR POMONA CITY COUNCIL 2016, DEBRA",909,TERMINATED 06/30/2017,,needs_research,full name,keep needs_research,full name (out of scope),,
b6d22fd2-5634-4cf0-9f81-aff9efa5604f,db853cfa-ab6d-4a30-bfbc-fb05b3956970,Debra Martin,"Council Member, Pomona",cal_access,1391445,"MARTIN FOR POMONA CITY COUNCIL, DISTRICT 6 AND ELLIOT ROTHMAN FOR POMONA MAYOR 2016; FRIENDS IN SUPPORT OF DEBRA","MARTIN FOR POMONA CITY COUNCIL, DISTRICT 6 AND ELLIOT ROTHMAN FOR POMONA MAYOR 2016; FRIENDS IN SUPPORT OF DEBRA",213,TERMINATED 12/20/2016,,needs_research,full name,keep needs_research,full name (out of scope),,
fe55a909-c1ef-4a9b-8c7d-97bfbd5b85c4,bfa60e39-6a47-4d12-a26b-4742f6b139ab,Denise Menchaca,"Mayor, San Gabriel",cal_access,1276902,"MENCHACA FOR SCHOOL BOARD 2009, DENISE","MENCHACA FOR SCHOOL BOARD 2009, DENISE",626,TERMINATED 12/31/2012,,needs_research,full name,keep needs_research,full name (out of scope),,
1fc8df5d-8f6a-4174-b981-afc47dcda0d6,bfa60e39-6a47-4d12-a26b-4742f6b139ab,Denise Menchaca,"Mayor, San Gabriel",cal_access,1393663,MENCHACA FOR CITY COUNCIL 2017,MENCHACA FOR CITY COUNCIL 2017,626,TERMINATED 12/31/2018,,needs_research,surname only,keep needs_research,unresolved,,
f18d158b-c6f2-4117-ab85-e04b11c5fbae,028e1a70-5ac2-42ec-bc2e-eafc9dcc630e,Diana Craighead,"Board Member (District 5), Long Beach Unified",cal_access,1401235,CRAIGHEAD FOR SCHOOL BOARD 2022; DIANA,CRAIGHEAD FOR SCHOOL BOARD 2022; DIANA,310,TERMINATED 06/30/2022,,needs_research,full name,keep needs_research,full name (out of scope),,
0edb5b01-3ec8-49bb-ba71-db9f5cb6630f,028e1a70-5ac2-42ec-bc2e-eafc9dcc630e,Diana Craighead,"Board Member (District 5), Long Beach Unified",cal_access,1487894,CRAIGHEAD FOR SCHOOL BOARD 2026,CRAIGHEAD FOR SCHOOL BOARD 2026,310,TERMINATED 06/30/2026,,needs_research,surname only,keep needs_research,unresolved,,
5782e313-1066-41a8-864f-0a2b7d679622,1cbc370c-a9d1-4d7e-b799-8461a944bd51,Diane M. Goodman,,la_socrata,1333973,Friends to Elect Goodman for LA City Council 2011,,,,"Goodman, Rich",needs_research,surname only,disputed,"A names another person, or the matched token is a place, a word or a given name","surname-only auto-link: LA City Ethics committee 1333973 ""Friends to Elect Goodman for LA City Council 2011"" -- LA City Ethics names its candidate as Rich Goodman (LA City Council Member - District 6), a different person; this row is Diane M. Goodman (active; no seat or race recorded)",
d91c2755-0e42-4a6b-a32c-9a9b1dade218,729bc539-3175-4e5d-96ba-c18768890e1e,Dionne Faulk,"Council Member (District 4), Inglewood",cal_access,1374257,FAULK FOR SCHOOL BOARD 2015; DIONNE,FAULK FOR SCHOOL BOARD 2015; DIONNE,213,TERMINATED 06/30/2015,,needs_research,full name,keep needs_research,full name (out of scope),,
d8d402b8-927d-4aa2-bc70-fcae6799249f,729bc539-3175-4e5d-96ba-c18768890e1e,Dionne Faulk,"Council Member (District 4), Inglewood",cal_access,1393771,FAULK FOR SCHOOL BOARD 2017; DIONNE,FAULK FOR SCHOOL BOARD 2017; DIONNE,310,TERMINATED 06/30/2017,,needs_research,full name,keep needs_research,full name (out of scope),,
6255a384-438a-41cd-b6f2-1426ef483cac,729bc539-3175-4e5d-96ba-c18768890e1e,Dionne Faulk,"Council Member (District 4), Inglewood",cal_access,1398668,FAULK FOR SCHOOL BOARD 2021; DIONNE,FAULK FOR SCHOOL BOARD 2021; DIONNE,310,TERMINATED 12/31/2020,,needs_research,full name,keep needs_research,full name (out of scope),,
5fdbcf79-8cb3-4088-bacf-b84468f4f15e,729bc539-3175-4e5d-96ba-c18768890e1e,Dionne Faulk,"Council Member (District 4), Inglewood",cal_access,1432208,FAULK FOR CITY COUNCIL 2020; DIONNE,FAULK FOR CITY COUNCIL 2020; DIONNE,213,TERMINATED 11/30/2022,,needs_research,full name,keep needs_research,full name (out of scope),,
f9c29d81-63c5-47fa-8e0e-6a41a365c940,729bc539-3175-4e5d-96ba-c18768890e1e,Dionne Faulk,"Council Member (District 4), Inglewood",cal_access,1479340,FAULK FOR CITY COUNCIL 2028; DIONNE,FAULK FOR CITY COUNCIL 2028; DIONNE,310,ACTIVE,,needs_research,full name,keep needs_research,full name (out of scope),,
5535ecab-e0d7-42dd-a514-b1664fee1dde,71c35909-e5b5-40ca-883f-21af5c287b5e,Dorothy Pemberton,"Councilmember, Downey",cal_access,1459910,PEMBERTON FOR DOWNEY CITY COUNCIL 2023; DOROTHY,PEMBERTON FOR DOWNEY CITY COUNCIL 2023; DOROTHY,562,TERMINATED 03/22/2024,,needs_research,full name,keep needs_research,full name (out of scope),,
4ddf3916-f67a-4869-a92e-b674bb4706eb,4197ba7e-fcae-4111-bd81-615bb1527677,Doug Chaffee,"Supervisor, Orange County",cal_access,1268776,CHAFFEE FOR COUNCIL,CHAFFEE FOR COUNCIL,818,TERMINATED 06/30/2005,,needs_research,surname only,keep needs_research,unresolved,,
ac1a4bf8-b0d6-4d7b-9f64-38dd5d3d8986,4197ba7e-fcae-4111-bd81-615bb1527677,Doug Chaffee,"Supervisor, Orange County",cal_access,1289392,"CHAFFEE FOR CITY COUNCIL 2014, DOUG","CHAFFEE FOR CITY COUNCIL 2014, DOUG",310,TERMINATED 06/30/2017,,needs_research,full name,keep needs_research,full name (out of scope),,
cfba6677-2bc3-4279-bd1d-c6cfb57f2963,4197ba7e-fcae-4111-bd81-615bb1527677,Doug Chaffee,"Supervisor, Orange County",cal_access,1389043,CHAFFEE FOR MUNICIPAL WATER DISTRICT 2016,CHAFFEE FOR MUNICIPAL WATER DISTRICT 2016,949,TERMINATED 12/31/2016,,needs_research,surname only,keep needs_research,unresolved,,
b949bf39-a5dd-4ecf-a293-7c5938ca4b59,4197ba7e-fcae-4111-bd81-615bb1527677,Doug Chaffee,"Supervisor, Orange County",cal_access,1403873,CHAFFEE FOR ORANGE COUNTY DISTRICT 4 SUPERVISOR 2022; DOUG,CHAFFEE FOR ORANGE COUNTY DISTRICT 4 SUPERVISOR 2022; DOUG,310,TERMINATED 12/31/2023,,needs_research,full name,keep needs_research,full name (out of scope),,
355e1aa8-0ab5-4f4e-9e5d-0ef919862474,00d1924e-50d9-485c-8e35-f3856553fdf9,Doug Collins,Secretary of Veterans Affairs (United States),la_socrata,1419960,Collins for City Council 2020,,,,"Collins, Susan",needs_research,surname only,disputed,"A names another person, or the matched token is a place, a word or a given name","surname-only auto-link: LA City Ethics committee 1419960 ""Collins for City Council 2020"" -- LA City Ethics names its candidate as Susan Collins (LA City Council Member - District 4), a different person; this row is Doug Collins, Secretary of Veterans Affairs (United States)",
ee843368-c1e4-4d74-8621-d6b252de14aa,28413e59-5cf6-416f-89c2-85a13ffdccc5,Doug Stewart,"Mayor, Malibu",cal_access,1061383,"STEWART, FRIENDS OF EDUCATION FOR ROBERT ""ROB""","STEWART, FRIENDS OF EDUCATION FOR ROBERT ""ROB""",714,TERMINATED 02/28/1994,,needs_research,surname only,disputed,"A names another person, or the matched token is a place, a word or a given name","surname-only auto-link: Cal-Access 1061383 ""STEWART, FRIENDS OF EDUCATION FOR ROBERT ""ROB"""" -- names a different person (Robert ""Rob"" Stewart); filer area code 714 (Orange County); this row is Doug Stewart, Mayor, Malibu",
2b15af42-570b-49e1-8fce-1bcdc5075b91,28413e59-5cf6-416f-89c2-85a13ffdccc5,Doug Stewart,"Mayor, Malibu",cal_access,1227883,STEWART FOR TRUSTEE,STEWART FOR TRUSTEE,916,TERMINATED 12/21/2000,,needs_research,surname only,keep needs_research,unresolved,,
aaf6239f-f5e0-46c1-80ff-7965ba0c5b2d,28413e59-5cf6-416f-89c2-85a13ffdccc5,Doug Stewart,"Mayor, Malibu",cal_access,1240208,"STEWART, RETAIN JUDGE WILLIAM D.","STEWART, RETAIN JUDGE WILLIAM D.",818,TERMINATED 02/04/2003,,needs_research,surname only,disputed,"A names another person, or the matched token is a place, a word or a given name","surname-only auto-link: Cal-Access 1240208 ""STEWART, RETAIN JUDGE WILLIAM D."" -- names a different person (Judge William D. Stewart); filer area code 818 (San Fernando Valley); this row is Doug Stewart, Mayor, Malibu",
e7fcd4c4-e86a-435b-b2e4-77d9d82f5a66,28413e59-5cf6-416f-89c2-85a13ffdccc5,Doug Stewart,"Mayor, Malibu",cal_access,1292334,"STEWART, FRIENDS OF ROBERT ""ROB""","STEWART, FRIENDS OF ROBERT ""ROB""",714,TERMINATED 12/16/2012,,needs_research,surname only,disputed,"A names another person, or the matched token is a place, a word or a given name","surname-only auto-link: Cal-Access 1292334 ""STEWART, FRIENDS OF ROBERT ""ROB"""" -- names a different person (Robert ""Rob"" Stewart); filer area code 714 (Orange County); this row is Doug Stewart, Mayor, Malibu",
a596f4a7-fc14-400c-8391-2f9749510987,28413e59-5cf6-416f-89c2-85a13ffdccc5,Doug Stewart,"Mayor, Malibu",cal_access,1305406,STEWART FOR SUPERIOR COURT,STEWART FOR SUPERIOR COURT,530,TERMINATED 12/31/2008,,needs_research,surname only,disputed,C the filer evidence places it elsewhere (area code or shared filer phone),"surname-only auto-link: Cal-Access 1305406 ""STEWART FOR SUPERIOR COURT"" -- a campaign for a judgeship; filer area code 530 (far northern California) is outside the Los Angeles region and nothing ties it to the row; this row is Doug Stewart, Mayor, Malibu",
6944db80-3862-41d2-9060-61b7e43ddac9,28413e59-5cf6-416f-89c2-85a13ffdccc5,Doug Stewart,"Mayor, Malibu",cal_access,1348556,"STEWART DESERT HEALTHCARE DISTRICT 2012, COMMITTEE TO ELECT","STEWART DESERT HEALTHCARE DISTRICT 2012, COMMITTEE TO ELECT",626,TERMINATED 11/26/2012,,needs_research,surname only,disputed,"B another named place or district, or an opposing / ballot / recall committee","surname-only auto-link: Cal-Access 1348556 ""STEWART DESERT HEALTHCARE DISTRICT 2012, COMMITTEE TO ELECT"" -- a campaign for the Desert Healthcare District board in Riverside County, not for the row's seat; filer area code 626 (San Gabriel Valley); this row is Doug Stewart, Mayor, Malibu",
5c68ae1d-a318-4b38-b2d2-5efe89c26bd1,28413e59-5cf6-416f-89c2-85a13ffdccc5,Doug Stewart,"Mayor, Malibu",cal_access,1389623,"STEWART CITY COUNCIL 2016; COMMITTEE TO ELECTION JAMES ""STEW""","STEWART CITY COUNCIL 2016; COMMITTEE TO ELECTION JAMES ""STEW""",951,TERMINATED 12/31/2016,,needs_research,surname only,disputed,"A names another person, or the matched token is a place, a word or a given name","surname-only auto-link: Cal-Access 1389623 ""STEWART CITY COUNCIL 2016; COMMITTEE TO ELECTION JAMES ""STEW"""" -- names a different person (James ""Stew"" Stewart); filer area code 951 (Riverside); this row is Doug Stewart, Mayor, Malibu",
b0efdcd3-ff13-4b2a-9ef9-d01a02f09e5f,28413e59-5cf6-416f-89c2-85a13ffdccc5,Doug Stewart,"Mayor, Malibu",cal_access,1411732,STEWART FOR SAN DIEGUITO UNION HIGH SCHOOL DISTRICT TRUSTREE AREA 3 2018,STEWART FOR SAN DIEGUITO UNION HIGH SCHOOL DISTRICT TRUSTREE AREA 3 2018,760,TERMINATED 08/15/2022,,needs_research,surname only,disputed,"B another named place or district, or an opposing / ballot / recall committee","surname-only auto-link: Cal-Access 1411732 ""STEWART FOR SAN DIEGUITO UNION HIGH SCHOOL DISTRICT TRUSTREE AREA 3 2018"" -- a campaign for the San Dieguito Union High School District board in San Diego County, not for the row's seat; filer area code 760 (Inland/north San Diego County); this row is Doug Stewart, Mayor, Malibu",
49661268-bc84-41be-84b4-ef47529eb0bb,28413e59-5cf6-416f-89c2-85a13ffdccc5,Doug Stewart,"Mayor, Malibu",cal_access,1425151,"ROBBINS, FERNANDEZ, NORTHRUP, YARBROUGH, AND STEWART; PROGRESSIVE DEMOCRATS FOR SAN MATEO COUNTY DEMOCRATIC CENTRAL COMMITTEE DISTRICT 2 2020, SUPPORTING","ROBBINS, FERNANDEZ, NORTHRUP, YARBROUGH, AND STEWART; PROGRESSIVE DEMOCRATS FOR SAN MATEO COUNTY DEMOCRATIC CENTRAL COMMITTEE DISTRICT 2 2020, SUPPORTING",650,TERMINATED 12/31/2020,,needs_research,surname only,disputed,"A names another person, or the matched token is a place, a word or a given name","surname-only auto-link: Cal-Access 1425151 ""ROBBINS, FERNANDEZ, NORTHRUP, YARBROUGH, AND STEWART; PROGRESSIVE DEMOCRATS FOR SAN MATEO COUNTY DEMOCRATIC CENTRAL COMMITTEE DISTRICT 2 2020, SUPPORTING"" -- a slate of other people (Robbins, Fernandez, Northrup, Yarbrough and Stewart) for the San Mateo County Democratic Central Committee; filer area code 650 (San Mateo County); this row is Doug Stewart, Mayor, Malibu",
8197ec28-d69f-4ad9-b5e8-6450c770ee66,28413e59-5cf6-416f-89c2-85a13ffdccc5,Doug Stewart,"Mayor, Malibu",cal_access,1427054,STEWART FOR MALIBU CITY COUNCIL 2020,STEWART FOR MALIBU CITY COUNCIL 2020,310,TERMINATED 12/12/2020,,needs_research,surname only,keep needs_research,unresolved,,
c7c236e2-f4b5-44bd-97cb-4f00c04668a9,28413e59-5cf6-416f-89c2-85a13ffdccc5,Doug Stewart,"Mayor, Malibu",cal_access,1432514,STEWART FOR CITY COUNCIL 2020; DR,STEWART FOR CITY COUNCIL 2020; DR,909,TERMINATED 08/19/2022,,needs_research,surname only,keep needs_research,unresolved,,
534d2a17-a50f-45ee-9e7a-2d834941e99a,28413e59-5cf6-416f-89c2-85a13ffdccc5,Doug Stewart,"Mayor, Malibu",cal_access,1451173,STEWART FOR MALIBU CITY COUNCIL 2022,STEWART FOR MALIBU CITY COUNCIL 2022,415,TERMINATED 12/18/2022,,needs_research,surname only,keep needs_research,unresolved,,
ca4c2db9-aa01-45f1-b502-d2ecca70e848,28413e59-5cf6-416f-89c2-85a13ffdccc5,Doug Stewart,"Mayor, Malibu",cal_access,1455154,STEWART FOR RAINBOW MUNICIPAL WATER DISTRICT 2022,STEWART FOR RAINBOW MUNICIPAL WATER DISTRICT 2022,858,TERMINATED 08/25/2025,,needs_research,surname only,disputed,"B another named place or district, or an opposing / ballot / recall committee","surname-only auto-link: Cal-Access 1455154 ""STEWART FOR RAINBOW MUNICIPAL WATER DISTRICT 2022"" -- a campaign for the Rainbow Municipal Water District board in San Diego County, not for the row's seat; filer area code 858 (San Diego); this row is Doug Stewart, Mayor, Malibu",
847033c0-6992-463a-9a0e-1f7fee39c191,bbd7825a-6778-4cca-81c8-8ef3ded55965,Dr. Corey A. Jackson,Assembly Member (Assembly District 60),cal_access,1235879,"UMBERG, CONSUMERS FOR TOM","UMBERG, CONSUMERS FOR TOM",916,TERMINATED 12/31/2023,,needs_research,surname absent,disputed,"A names another person, or the matched token is a place, a word or a given name","auto-link on a token that is not the row's surname: Cal-Access 1235879 ""UMBERG, CONSUMERS FOR TOM"" -- the row's surname does not appear in the committee name; the committee is Tom Umberg's; filer area code 916 (Sacramento); this row is Dr. Corey A. Jackson, Assembly Member (Assembly District 60)",
6ed904e7-69c2-47b9-87e8-3beebc5515b1,bbd7825a-6778-4cca-81c8-8ef3ded55965,Dr. Corey A. Jackson,Assembly Member (Assembly District 60),cal_access,1415628,UMBERG FOR SENATE 2022; COLONEL (RET.) TOM,UMBERG FOR SENATE 2022; COLONEL (RET.) TOM,916,TERMINATED 04/02/2026,,needs_research,surname absent,disputed,"A names another person, or the matched token is a place, a word or a given name","auto-link on a token that is not the row's surname: Cal-Access 1415628 ""UMBERG FOR SENATE 2022; COLONEL (RET.) TOM"" -- the row's surname does not appear in the committee name; the committee is Tom Umberg's; filer area code 916 (Sacramento); this row is Dr. Corey A. Jackson, Assembly Member (Assembly District 60)",
2a703c95-e647-4d47-a7ea-2ca407bebd96,bbd7825a-6778-4cca-81c8-8ef3ded55965,Dr. Corey A. Jackson,Assembly Member (Assembly District 60),cal_access,1461222,UMBERG FOR INSURANCE COMMISSIONER 2026; COLONEL (RET.) TOM,UMBERG FOR INSURANCE COMMISSIONER 2026; COLONEL (RET.) TOM,916,TERMINATED 12/31/2025,,needs_research,surname absent,disputed,"A names another person, or the matched token is a place, a word or a given name","auto-link on a token that is not the row's surname: Cal-Access 1461222 ""UMBERG FOR INSURANCE COMMISSIONER 2026; COLONEL (RET.) TOM"" -- the row's surname does not appear in the committee name; the committee is Tom Umberg's; filer area code 916 (Sacramento); this row is Dr. Corey A. Jackson, Assembly Member (Assembly District 60)",
9017031b-393b-41ae-981e-eca9bd505f51,bbd7825a-6778-4cca-81c8-8ef3ded55965,Dr. Corey A. Jackson,Assembly Member (Assembly District 60),cal_access,1461225,UMBERG SENATE 2022 OFFICEHOLDER ACCOUNT; COLONEL (RET.) TOM,UMBERG SENATE 2022 OFFICEHOLDER ACCOUNT; COLONEL (RET.) TOM,916,ACTIVE,,needs_research,surname absent,disputed,"A names another person, or the matched token is a place, a word or a given name","auto-link on a token that is not the row's surname: Cal-Access 1461225 ""UMBERG SENATE 2022 OFFICEHOLDER ACCOUNT; COLONEL (RET.) TOM"" -- the row's surname does not appear in the committee name; the committee is Tom Umberg's; filer area code 916 (Sacramento); this row is Dr. Corey A. Jackson, Assembly Member (Assembly District 60)",
26136965-240b-4ffb-a055-ca72e8729fc1,bbd7825a-6778-4cca-81c8-8ef3ded55965,Dr. Corey A. Jackson,Assembly Member (Assembly District 60),cal_access,1485168,UMBERG FOR BOARD OF EQUALIZATION 2026; COLONEL (RET.) TOM,UMBERG FOR BOARD OF EQUALIZATION 2026; COLONEL (RET.) TOM,916,ACTIVE,,needs_research,surname absent,disputed,"A names another person, or the matched token is a place, a word or a given name","auto-link on a token that is not the row's surname: Cal-Access 1485168 ""UMBERG FOR BOARD OF EQUALIZATION 2026; COLONEL (RET.) TOM"" -- the row's surname does not appear in the committee name; the committee is Tom Umberg's; filer area code 916 (Sacramento); this row is Dr. Corey A. Jackson, Assembly Member (Assembly District 60)",
52b42ef4-51d5-4225-be33-b36a9c423d3d,b81d5aad-1765-47b5-88c8-fbe15cd8af9a,Dr. Monica Sanchez,"Council Member, Pico Rivera",cal_access,1410460,SANCHEZ FOR COUNCIL 2019; CONCERNED CITIZENS TO SUPPORT MONICA,SANCHEZ FOR COUNCIL 2019; CONCERNED CITIZENS TO SUPPORT MONICA,562,TERMINATED 06/30/2020,,needs_research,full name,keep needs_research,full name (out of scope),,
61033f4f-0c74-4f00-822e-1d22b000ff83,5d7f84b4-e987-4be2-b3c5-64933e559bed,Dylan Kendall,"candidate, Los Angeles City Council District 13",cal_access,1484454,DYLAN KENDALL,"KENDALL, DYLAN",323,ACTIVE,,needs_research,full name,keep needs_research,full name (out of scope),,
78bad9b2-3550-4098-9eff-1f13faaee584,cca09d1e-6e2b-427c-add8-5eeea52a9633,Ed Gililland,"Board Member (Trustee Area 2), Monrovia Unified",cal_access,1259882,"GILILLAND CAMPAIGN, ED","GILILLAND CAMPAIGN, ED",626,TERMINATED 02/02/2004,,needs_research,full name,keep needs_research,full name (out of scope),,
b1a1a9a3-df63-4267-b759-8a3cb459442f,a5e2f51c-b87e-4f0b-bd45-01493876591f,Ed Reece,"Council Member (District 2), Claremont",cal_access,1400638,REECE FOR CLAREMONT CITY COUNCIL 2018; ED,REECE FOR CLAREMONT CITY COUNCIL 2026; ED,909,ACTIVE,,needs_research,full name,keep needs_research,full name (out of scope),,
62a94163-72a1-4d1d-9746-bcb7a61a91ca,3a24f871-eea7-4485-8324-925c46b7049b,Edward Belden,"Council Member, Monrovia",cal_access,1341627,BELDEN FOR ASSEMBLY 2012,BELDEN FOR ASSEMBLY 2012,209,TERMINATED 01/07/2013,,needs_research,surname only,disputed,C the filer evidence places it elsewhere (area code or shared filer phone),"surname-only auto-link: Cal-Access 1341627 ""BELDEN FOR ASSEMBLY 2012"" -- a campaign for the State Assembly; filer area code 209 (Stockton/Modesto) is outside the Los Angeles region and nothing ties it to the row; this row is Edward Belden, Council Member, Monrovia",
1f1f994f-83a0-4c2b-a66e-0c48bf0fd3e5,3a24f871-eea7-4485-8324-925c46b7049b,Edward Belden,"Council Member, Monrovia",cal_access,1444006,BELDEN FOR CITY COUNCIL 2022; EDWARD,BELDEN FOR CITY COUNCIL 2022; EDWARD,805,TERMINATED 09/26/2022,,needs_research,full name,keep needs_research,full name (out of scope),,
8baf17af-1f66-4fa5-9a53-4a7b8ecafc88,3a24f871-eea7-4485-8324-925c46b7049b,Edward Belden,"Council Member, Monrovia",cal_access,1455373,BELDEN FOR CITY COUNCIL 2024; EDWARD,BELDEN FOR CITY COUNCIL 2024; EDWARD,805,TERMINATED 12/31/2024,,needs_research,full name,keep needs_research,full name (out of scope),,
4841320f-dcff-4aeb-b70c-0ebbd3914511,6786edfc-849f-4560-9f09-78ccd1657517,Edward T. Garcia,"Council Member, Sierra Madre",cal_access,1430080,GARCIA FOR COUNCIL 2020; EDWARD T,GARCIA FOR COUNCIL 2020; EDWARD T,626,TERMINATED 11/30/2020,,needs_research,full name,keep needs_research,full name (out of scope),,
544027ac-8678-44d3-8101-793ff18cb6ee,6786edfc-849f-4560-9f09-78ccd1657517,Edward T. Garcia,"Council Member, Sierra Madre",cal_access,1433497,GARCIA PERRIS UNION SCHOOL BOARD 2020; EDWARD,GARCIA PERRIS UNION SCHOOL BOARD 2020; EDWARD,909,TERMINATED 12/31/2020,,needs_research,full name,keep needs_research,full name (out of scope),,"full-name match, but the committee names another place: PERRIS, UNION"
49d7983d-8754-4296-bb74-9ace85978980,6786edfc-849f-4560-9f09-78ccd1657517,Edward T. Garcia,"Council Member, Sierra Madre",cal_access,1450361,GARCIA PERRIS UNION SCHOOL BOARD 2022; EDWARD,GARCIA PERRIS UNION SCHOOL BOARD 2022; EDWARD,909,ACTIVE,,needs_research,full name,keep needs_research,full name (out of scope),,"full-name match, but the committee names another place: PERRIS, UNION"
15835cc2-578e-4e09-89fb-eec383437d5f,6786edfc-849f-4560-9f09-78ccd1657517,Edward T. Garcia,"Council Member, Sierra Madre",cal_access,1454704,GARCIA FOR COUNCIL 2022; EDWARD T.,GARCIA FOR COUNCIL 2022; EDWARD T.,626,ACTIVE,,needs_research,full name,keep needs_research,full name (out of scope),,
1686e548-14ea-42fb-84a8-3722519bc1b4,173f125c-0ec3-488e-8b74-ffd991e1a87b,Eileen Wang,"Council Member (District 3), Arcadia",cal_access,1483690,WANG FOR ARCADIA CITY COUNCIL 2026; EILEEN,WANG FOR ARCADIA CITY COUNCIL 2026; EILEEN,626,TERMINATED 05/12/2026,,needs_research,full name,keep needs_research,full name (out of scope),,
b01cf5bc-1b4b-43af-b909-7af553a9a915,84eebb94-9163-40ec-8cc2-1391a00e636e,Elen Asatryan,"Councilmember, Glendale",cal_access,1423337,ASATRYAN FOR COUNTY CENTRAL COMMITTEE 2020; ELEN,ASATRYAN FOR COUNTY CENTRAL COMMITTEE 2020; ELEN,310,TERMINATED 12/31/2023,,needs_research,full name,keep needs_research,full name (out of scope),,"full-name match, but the committee names another place: CENTRAL"
64fd8868-ab27-4025-80e0-94377440fb46,84eebb94-9163-40ec-8cc2-1391a00e636e,Elen Asatryan,"Councilmember, Glendale",cal_access,1442796,ASATRYAN CITY COUNCIL 2022; ELEN,ASATRYAN CITY COUNCIL 2026 OFFICEHOLDER ACCOUNT; ELEN,310,ACTIVE,,needs_research,full name,keep needs_research,full name (out of scope),,
a0911715-e380-4c84-b7ad-53887dae8178,84eebb94-9163-40ec-8cc2-1391a00e636e,Elen Asatryan,"Councilmember, Glendale",cal_access,1460844,ASATRYAN FOR ASSEMBLY 2024,ASATRYAN FOR ASSEMBLY 2024,310,TERMINATED 06/30/2026,,needs_research,surname only,keep needs_research,unresolved,,
a80aa2c2-b72f-4439-8925-2400d2160790,03df7cce-7502-4089-acd5-139841002cbe,Eleni Kounalakis,Lieutenant Governor,cal_access,1395990,KOUNALAKIS FOR LIEUTENANT GOVERNOR 2018; ELENI,KOUNALAKIS FOR LIEUTENANT GOVERNOR 2018; ELENI,916,TERMINATED 02/13/2019,,needs_research,full name,keep needs_research,full name (out of scope),,
64dfa634-5d33-42b1-8177-4195b556adaf,03df7cce-7502-4089-acd5-139841002cbe,Eleni Kounalakis,Lieutenant Governor,cal_access,1401936,"KOUNALAKIS FOR LIEUTENANT GOVERNOR 2018, SPONSORED BY THE CALIFORNIA MEDICAL ASSOCIATION; CALIFORNIANS FOR ELENI","KOUNALAKIS FOR LIEUTENANT GOVERNOR 2018, SPONSORED BY THE CALIFORNIA MEDICAL ASSOCIATION; CALIFORNIANS FOR ELENI",213,TERMINATED 02/20/2019,,needs_research,full name,keep needs_research,full name (out of scope),,
580be75b-c173-4066-9df4-4e353e85b957,03df7cce-7502-4089-acd5-139841002cbe,Eleni Kounalakis,Lieutenant Governor,cal_access,1462782,KOUNALAKIS FOR GOVERNOR 2026; DEMOCRATIC LIEUTENANT GOVERNORS ASSOCIATION SUPPORTING LT. GOV. ELENI,KOUNALAKIS FOR GOVERNOR 2026; DEMOCRATIC LIEUTENANT GOVERNORS ASSOCIATION SUPPORTING LT. GOV. ELENI,202,TERMINATED 08/05/2025,,needs_research,full name,keep needs_research,full name (out of scope),,
110d0267-4cef-47ed-a561-6ac5bd2d54c7,03df7cce-7502-4089-acd5-139841002cbe,Eleni Kounalakis,Lieutenant Governor,cal_access,1483008,KOUNALAKIS FOR TREASURER 2026; ELENI,KOUNALAKIS FOR TREASURER 2026; ELENI,916,ACTIVE,,needs_research,full name,keep needs_research,full name (out of scope),,
1c548668-e982-41b5-9edb-848ae3d8ebc5,d4d5f813-83fd-4e4e-84f6-ea3f7292f656,Elizabeth Fenner,,cal_access,1380518,"FENNER, NOVATO FIRE BOARD, NOVEMBER 3, 2015; WORTH F. ""SKIP""","FENNER, NOVATO FIRE BOARD, NOVEMBER 3, 2015; WORTH F. ""SKIP""",415,TERMINATED 11/09/2015,,needs_research,surname only,disputed,"A names another person, or the matched token is a place, a word or a given name","surname-only auto-link: Cal-Access 1380518 ""FENNER, NOVATO FIRE BOARD, NOVEMBER 3, 2015; WORTH F. ""SKIP"""" -- names a different person (Worth F. ""Skip"" Fenner, Novato Fire board); filer area code 415 (San Francisco); this row is Elizabeth Fenner (active; no seat or race recorded)",
30148a48-6e3b-4acc-9cf7-55147405e978,100405fd-4ccc-427d-9ccd-962739d6d292,Elmer Roldan,"candidate, Los Angeles City Council District 9",cal_access,1482308,ELMER ROLDAN,"ROLDAN, ELMER",213,ACTIVE,,needs_research,full name,keep needs_research,full name (out of scope),,
79eb5ccf-318c-4104-9fcf-68b84a914454,100405fd-4ccc-427d-9ccd-962739d6d292,Elmer Roldan,"candidate, Los Angeles City Council District 9",cal_access,1482309,ROLDAN FOR CITY COUNCIL 2026; ELMER,ROLDAN FOR CITY COUNCIL 2026; ELMER,213,ACTIVE,"Roldan, Elmer",needs_research,full name,keep needs_research,full name (out of scope),,
9a78a68b-a989-48fe-97d9-bb861d673467,6ed19c10-7b34-47f0-8705-0d154271e362,Eloy Morales,"Council Member (District 3), Inglewood",cal_access,1245060,"MORALES, COMMUNITY FOR MARCELA","MORALES, COMMUNITY FOR MARCELA",805,TERMINATED 08/05/2003,,needs_research,surname only,disputed,"A names another person, or the matched token is a place, a word or a given name","surname-only auto-link: Cal-Access 1245060 ""MORALES, COMMUNITY FOR MARCELA"" -- names a different person (Marcela Morales); filer area code 805 (Central Coast/Ventura); this row is Eloy Morales, Council Member (District 3), Inglewood",
658bdd72-9c45-4a66-b110-1f07bbb9c650,6ed19c10-7b34-47f0-8705-0d154271e362,Eloy Morales,"Council Member (District 3), Inglewood",cal_access,1290880,"MORALES, COMMUNITY FOR MARICELA","MORALES, COMMUNITY FOR MARICELA",805,TERMINATED 01/23/2013,,needs_research,surname only,disputed,"A names another person, or the matched token is a place, a word or a given name","surname-only auto-link: Cal-Access 1290880 ""MORALES, COMMUNITY FOR MARICELA"" -- names a different person (Maricela Morales); filer area code 805 (Central Coast/Ventura); this row is Eloy Morales, Council Member (District 3), Inglewood",
9c39ed5a-251b-48fc-bbfe-621c7cb28cb0,6ed19c10-7b34-47f0-8705-0d154271e362,Eloy Morales,"Council Member (District 3), Inglewood",cal_access,1357192,"MORALES FOR STATE ASSEMBLY 2014, ELOY","MORALES FOR STATE ASSEMBLY 2014, ELOY",213,TERMINATED 06/30/2014,,needs_research,full name,keep needs_research,full name (out of scope),,
f680980e-95fe-47ff-9854-afa31d74bcda,6ed19c10-7b34-47f0-8705-0d154271e362,Eloy Morales,"Council Member (District 3), Inglewood",cal_access,1361371,MORALES FOR SUHSD TRUSTEE A5 2013,MORALES FOR SUHSD TRUSTEE A5 2013,831,TERMINATED 10/29/2018,,needs_research,surname only,disputed,C the filer evidence places it elsewhere (area code or shared filer phone),"surname-only auto-link: Cal-Access 1361371 ""MORALES FOR SUHSD TRUSTEE A5 2013"" -- a campaign for the SUHSD (a high school district) board; filer area code 831 (Monterey/Santa Cruz) is outside the Los Angeles region and nothing ties it to the row; this row is Eloy Morales, Council Member (District 3), Inglewood",
f10cc21c-68ad-43d9-9ad1-e66305e5aec4,6ed19c10-7b34-47f0-8705-0d154271e362,Eloy Morales,"Council Member (District 3), Inglewood",cal_access,1390860,MORALES FOR CITY COUNCIL 2016,MORALES FOR CITY COUNCIL 2016,619,TERMINATED 12/31/2016,,needs_research,surname only,keep needs_research,unresolved,,
102c7e15-955d-4e02-b618-31100c517d36,6ed19c10-7b34-47f0-8705-0d154271e362,Eloy Morales,"Council Member (District 3), Inglewood",cal_access,1437831,MORALES FOR COUNTY SUPERINTENDENT OF SCHOOLS 2022; DR.,MORALES FOR COUNTY SUPERINTENDENT OF SCHOOLS 2022; DR.,213,TERMINATED 08/09/2023,,needs_research,surname only,keep needs_research,unresolved,,
30a28795-5237-42f1-866a-7617b4253053,6ed19c10-7b34-47f0-8705-0d154271e362,Eloy Morales,"Council Member (District 3), Inglewood",cal_access,1472252,MORALES FOR SUPERVISOR 2024,MORALES FOR SUPERVISOR 2024,415,ACTIVE,,needs_research,surname only,disputed,C the filer evidence places it elsewhere (area code or shared filer phone),"surname-only auto-link: Cal-Access 1472252 ""MORALES FOR SUPERVISOR 2024"" -- a campaign for a county board of supervisors; filer area code 415 (San Francisco) is outside the Los Angeles region and nothing ties it to the row; this row is Eloy Morales, Council Member (District 3), Inglewood",
7d4c4c40-aef2-4c50-9def-e7995cea4b87,6ed19c10-7b34-47f0-8705-0d154271e362,Eloy Morales,"Council Member (District 3), Inglewood",cal_access,1475122,MORALES FOR SANTA MARIA HIGH SCHOOL BOARD MEMBER DISTRICT 3 2024,MORALES FOR SANTA MARIA HIGH SCHOOL BOARD MEMBER DISTRICT 3 2024,805,TERMINATED 05/29/2025,,needs_research,surname only,disputed,"B another named place or district, or an opposing / ballot / recall committee","surname-only auto-link: Cal-Access 1475122 ""MORALES FOR SANTA MARIA HIGH SCHOOL BOARD MEMBER DISTRICT 3 2024"" -- a campaign for the Santa Maria high school board in Santa Maria (Santa Barbara County), not for the row's seat; filer area code 805 (Central Coast/Ventura); this row is Eloy Morales, Council Member (District 3), Inglewood",
0a30e0fc-e59d-45a8-9f42-7a4a9f3a4a5b,6ed19c10-7b34-47f0-8705-0d154271e362,Eloy Morales,"Council Member (District 3), Inglewood",cal_access,1484996,MORALES FOR ASSEMBLY 2026,MORALES FOR ASSEMBLY 2026,714,ACTIVE,,needs_research,surname only,keep needs_research,unresolved,,
77de2ef8-9645-4a8d-9482-763cc3298609,6ed19c10-7b34-47f0-8705-0d154271e362,Eloy Morales,"Council Member (District 3), Inglewood",cal_access,1485012,MORALES FOR COUNTY SUPERINTENDENT OF SCHOOLS 2026; DR.,MORALES FOR COUNTY SUPERINTENDENT OF SCHOOLS 2026; DR.,213,TERMINATED 06/24/2026,,needs_research,surname only,keep needs_research,unresolved,,
5b3bb88b-ae4d-4af0-9aa5-f4b29e0d6f5a,d4b76944-76ed-4e7b-9c9f-40ebc29e2d9e,Emily Hibard,"Council Member, Los Alamitos",cal_access,1453353,HIBARD FOR CITY COUNCIL DISTRICT 5 2022,HIBARD FOR CITY COUNCIL DISTRICT 5 2026,562,ACTIVE,,needs_research,surname only,keep needs_research,unresolved,,
5f052ef2-82e8-42e8-91d0-c2ac95ddcd81,384ab890-1f4f-4ec9-bf5e-cc689ed092b5,Emmanuel J. Estrada,"Council Member, Baldwin Park",cal_access,1335083,ESTRADA FOR COUNCIL 2011,ESTRADA FOR COUNCIL 2011,626,TERMINATED 09/28/2011,,needs_research,surname only,disputed,C the filer evidence places it elsewhere (area code or shared filer phone),"surname-only auto-link: Cal-Access 1335083 ""ESTRADA FOR COUNCIL 2011"" -- it shares a personal filer phone (filer area code 626 (San Gabriel Valley)) with Cal-Access 1412078 ""ESTRADA FOR REDLANDS COUNCIL 2018"", which this file disputes as another person's or another place's; this row is Emmanuel J. Estrada, Council Member, Baldwin Park",
3caa0ed2-181a-4b61-80d1-26b6993fa111,384ab890-1f4f-4ec9-bf5e-cc689ed092b5,Emmanuel J. Estrada,"Council Member, Baldwin Park",cal_access,1380635,"ESTRADA TRUSTEE AREA 2 SALINAS CITY ELEMENTARY SCHOOL DISTRICT 11/3/2015; COMMITTEE TO ELECT FRANCISCO, THE","ESTRADA TRUSTEE AREA 2 SALINAS CITY ELEMENTARY SCHOOL DISTRICT 11/3/2015; COMMITTEE TO ELECT FRANCISCO, THE",831,TERMINATED 01/26/2016,,needs_research,surname only,disputed,"A names another person, or the matched token is a place, a word or a given name","surname-only auto-link: Cal-Access 1380635 ""ESTRADA TRUSTEE AREA 2 SALINAS CITY ELEMENTARY SCHOOL DISTRICT 11/3/2015; COMMITTEE TO ELECT FRANCISCO, THE"" -- names a different person (Francisco Estrada, Salinas City Elementary trustee); filer area code 831 (Monterey/Santa Cruz); this row is Emmanuel J. Estrada, Council Member, Baldwin Park",
24d4cb0f-5d49-4213-b395-77004ca9104b,384ab890-1f4f-4ec9-bf5e-cc689ed092b5,Emmanuel J. Estrada,"Council Member, Baldwin Park",cal_access,1390113,ESTRADA FOR CITY COUNCIL 2016,ESTRADA FOR CITY COUNCIL 2016,661,ACTIVE,,needs_research,surname only,keep needs_research,unresolved,,
9c9a6c3c-888d-46ca-81c1-09bd334e3288,384ab890-1f4f-4ec9-bf5e-cc689ed092b5,Emmanuel J. Estrada,"Council Member, Baldwin Park",cal_access,1410130,ESTRADA FOR CHAFFEY HIGH SCHOOL BOARD 2018,ESTRADA FOR CHAFFEY HIGH SCHOOL BOARD 2018,909,ACTIVE,,needs_research,surname only,disputed,"B another named place or district, or an opposing / ballot / recall committee","surname-only auto-link: Cal-Access 1410130 ""ESTRADA FOR CHAFFEY HIGH SCHOOL BOARD 2018"" -- a campaign for the Chaffey high school board in San Bernardino County, not for the row's seat; filer area code 909 (Inland Empire); this row is Emmanuel J. Estrada, Council Member, Baldwin Park",
29f453aa-2262-4b04-a30d-666d6864d89b,384ab890-1f4f-4ec9-bf5e-cc689ed092b5,Emmanuel J. Estrada,"Council Member, Baldwin Park",cal_access,1412078,ESTRADA FOR REDLANDS COUNCIL 2018,ESTRADA FOR REDLANDS COUNCIL 2018,626,TERMINATED 11/30/2018,,needs_research,surname only,disputed,"B another named place or district, or an opposing / ballot / recall committee","surname-only auto-link: Cal-Access 1412078 ""ESTRADA FOR REDLANDS COUNCIL 2018"" -- a campaign for the Redlands City Council in Redlands (San Bernardino County), not for the row's seat; filer area code 626 (San Gabriel Valley); this row is Emmanuel J. Estrada, Council Member, Baldwin Park",
d25876af-f7e4-4be7-acdc-b677a2166ad5,384ab890-1f4f-4ec9-bf5e-cc689ed092b5,Emmanuel J. Estrada,"Council Member, Baldwin Park",cal_access,1419893,ESTRADA FOR MAYOR 2020,ESTRADA FOR MAYOR 2020,626,TERMINATED 11/04/2020,,needs_research,surname only,disputed,C the filer evidence places it elsewhere (area code or shared filer phone),"surname-only auto-link: Cal-Access 1419893 ""ESTRADA FOR MAYOR 2020"" -- it shares a personal filer phone (filer area code 626 (San Gabriel Valley)) with Cal-Access 1470189 ""ESTRADA FOR MENIFEE MAYOR 2024"", which this file disputes as another person's or another place's; this row is Emmanuel J. Estrada, Council Member, Baldwin Park",
df81b197-d0f5-4a6d-8fef-11cabf2911ae,384ab890-1f4f-4ec9-bf5e-cc689ed092b5,Emmanuel J. Estrada,"Council Member, Baldwin Park",cal_access,1470189,ESTRADA FOR MENIFEE MAYOR 2024,ESTRADA FOR MENIFEE MAYOR 2024,626,TERMINATED 12/31/2024,,needs_research,surname only,disputed,"B another named place or district, or an opposing / ballot / recall committee","surname-only auto-link: Cal-Access 1470189 ""ESTRADA FOR MENIFEE MAYOR 2024"" -- a campaign for mayor of Menifee in Menifee (Riverside County), not for the row's seat; filer area code 626 (San Gabriel Valley); this row is Emmanuel J. Estrada, Council Member, Baldwin Park",
9c9e4c64-7592-457e-8db8-9e3fc133aba4,b98ba8b8-dd19-4f20-bbd9-d27d495cb4a8,Emmett G. Badar,"Mayor, San Dimas",cal_access,1293584,"BADAR FOR CITY COUNCIL 2011, COMMITTEE TO ELECT EMMETT","BADAR FOR CITY COUNCIL 2011, COMMITTEE TO ELECT EMMETT",909,TERMINATED 11/14/2019,,needs_research,full name,keep needs_research,full name (out of scope),,
afe274f0-e914-4538-9d6c-0bd00aa1558c,b98ba8b8-dd19-4f20-bbd9-d27d495cb4a8,Emmett G. Badar,"Mayor, San Dimas",cal_access,1423104,BADAR FOR MAYOR 2026; EMMETT G.,BADAR FOR MAYOR 2026; EMMETT G.,909,ACTIVE,,needs_research,full name,keep needs_research,full name (out of scope),,
97e9e21b-82a8-4603-b9c7-d298924551f6,90d759f2-9a58-43e4-8720-494924c7365e,Eniko Gold,"Council Member, Hidden Hills",cal_access,1221308,GOLD FOR SUPERVISOR,GOLD FOR SUPERVISOR,,TERMINATED 12/09/1999,,needs_research,surname only,keep needs_research,unresolved,,
7e268fa5-274a-4453-95cd-f06a6c1946e1,90d759f2-9a58-43e4-8720-494924c7365e,Eniko Gold,"Council Member, Hidden Hills",cal_access,1394938,GOLD FOR CITY COUNCIL 2017,GOLD FOR CITY COUNCIL 2018,707,TERMINATED 09/18/2020,,needs_research,surname only,keep needs_research,unresolved,,
0c64435e-e3fb-473c-8d89-f8a362d43010,90d759f2-9a58-43e4-8720-494924c7365e,Eniko Gold,"Council Member, Hidden Hills",cal_access,1424676,BOSSE AND GOLD FOR COUNCIL 2020; BEVERLY HILLS UNITED TO SUPPORT,BOSSE AND GOLD FOR COUNCIL 2020; BEVERLY HILLS UNITED TO SUPPORT,213,TERMINATED 05/21/2020,,needs_research,surname only,disputed,"B another named place or district, or an opposing / ballot / recall committee","surname-only auto-link: Cal-Access 1424676 ""BOSSE AND GOLD FOR COUNCIL 2020; BEVERLY HILLS UNITED TO SUPPORT"" -- a campaign for the Beverly Hills City Council (Bosse and Gold) in Beverly Hills, not for the row's seat; filer area code 213 (Los Angeles); this row is Eniko Gold, Council Member, Hidden Hills",
8d192941-7bcf-458f-a1f9-799eca3dc201,28ec5db0-6daa-4f01-9825-2193ba21e349,Eric Chan,"Council Member, San Gabriel",cal_access,1076252,CHAN FOR ASSEMBLY,CHAN FOR ASSEMBLY,510,TERMINATED 03/28/2005,,needs_research,surname only,disputed,C the filer evidence places it elsewhere (area code or shared filer phone),"surname-only auto-link: Cal-Access 1076252 ""CHAN FOR ASSEMBLY"" -- a campaign for the State Assembly; filer area code 510 (East Bay) is outside the Los Angeles region and nothing ties it to the row; this row is Eric Chan, Council Member, San Gabriel",
cac8c95f-b9a8-43f4-a7b9-985a70a428d7,28ec5db0-6daa-4f01-9825-2193ba21e349,Eric Chan,"Council Member, San Gabriel",cal_access,1243606,CHAN FOR STATE SENATE 2004,CHAN FOR STATE SENATE 2004,510,TERMINATED 01/13/2004,,needs_research,surname only,disputed,C the filer evidence places it elsewhere (area code or shared filer phone),"surname-only auto-link: Cal-Access 1243606 ""CHAN FOR STATE SENATE 2004"" -- a campaign for the State Senate; filer area code 510 (East Bay) is outside the Los Angeles region and nothing ties it to the row; this row is Eric Chan, Council Member, San Gabriel",
663e2bbb-d451-45e5-a201-c9b946a861e1,28ec5db0-6daa-4f01-9825-2193ba21e349,Eric Chan,"Council Member, San Gabriel",cal_access,1260045,CHAN FOR ASSEMBLY 2004,CHAN FOR ASSEMBLY 2004,510,TERMINATED 12/31/2006,,needs_research,surname only,disputed,C the filer evidence places it elsewhere (area code or shared filer phone),"surname-only auto-link: Cal-Access 1260045 ""CHAN FOR ASSEMBLY 2004"" -- a campaign for the State Assembly; filer area code 510 (East Bay) is outside the Los Angeles region and nothing ties it to the row; this row is Eric Chan, Council Member, San Gabriel",
f50230c5-7e2d-4e43-a6ec-374dd9b3d2c2,28ec5db0-6daa-4f01-9825-2193ba21e349,Eric Chan,"Council Member, San Gabriel",cal_access,1260405,CHAN FOR STATE SENATE,CHAN FOR STATE SENATE,510,TERMINATED 04/08/2009,,needs_research,surname only,disputed,C the filer evidence places it elsewhere (area code or shared filer phone),"surname-only auto-link: Cal-Access 1260405 ""CHAN FOR STATE SENATE"" -- a campaign for the State Senate; filer area code 510 (East Bay) is outside the Los Angeles region and nothing ties it to the row; this row is Eric Chan, Council Member, San Gabriel",
214d7434-d3ad-491e-be50-8c08a1eb3c39,28ec5db0-6daa-4f01-9825-2193ba21e349,Eric Chan,"Council Member, San Gabriel",cal_access,1284097,"CHAN, TAXPAYER FOR WILLIAM","CHAN, TAXPAYER FOR WILLIAM",916,TERMINATED 12/12/2012,,needs_research,surname only,disputed,"A names another person, or the matched token is a place, a word or a given name","surname-only auto-link: Cal-Access 1284097 ""CHAN, TAXPAYER FOR WILLIAM"" -- names a different person (William Chan); filer area code 916 (Sacramento); this row is Eric Chan, Council Member, San Gabriel",
d0a715bd-a812-472b-bbe6-6beb5a6f042b,28ec5db0-6daa-4f01-9825-2193ba21e349,Eric Chan,"Council Member, San Gabriel",cal_access,1305228,"CHAN INDEPENDENT EXPENDITURE COMMITTEE MAJOR FUNDING BY THE CALIFORNIA MEDICAL ASSOCIATION PAC, PARTNERS FOR WILMA","CHAN INDEPENDENT EXPENDITURE COMMITTEE MAJOR FUNDING BY THE CALIFORNIA MEDICAL ASSOCIATION PAC, PARTNERS FOR WILMA",916,TERMINATED 06/30/2008,,needs_research,surname only,keep needs_research,unresolved,,
0bacd44f-5fc5-406b-816b-206ed78861b6,28ec5db0-6daa-4f01-9825-2193ba21e349,Eric Chan,"Council Member, San Gabriel",cal_access,1361498,"CHAN FOR WATER BOARD 2013, ERIC","CHAN FOR WATER BOARD 2013, ERIC",323,TERMINATED 12/31/2014,,needs_research,full name,keep needs_research,full name (out of scope),,
714eb1ee-c1f6-43b4-80ea-9c7a73b793a0,28ec5db0-6daa-4f01-9825-2193ba21e349,Eric Chan,"Council Member, San Gabriel",cal_access,1412918,CHAN FOR LINCOLN UNIFIED SCHOOL DISTRICT TRUSTEE AREA 1 2018,CHAN FOR LINCOLN UNIFIED SCHOOL DISTRICT TRUSTEE AREA 1 2018,209,TERMINATED 08/31/2019,,needs_research,surname only,disputed,"B another named place or district, or an opposing / ballot / recall committee","surname-only auto-link: Cal-Access 1412918 ""CHAN FOR LINCOLN UNIFIED SCHOOL DISTRICT TRUSTEE AREA 1 2018"" -- a campaign for the Lincoln Unified school board in Stockton (San Joaquin County), not for the row's seat; filer area code 209 (Stockton/Modesto); this row is Eric Chan, Council Member, San Gabriel",
62d2fc3a-aab7-4150-9afa-5030454376d4,28ec5db0-6daa-4f01-9825-2193ba21e349,Eric Chan,"Council Member, San Gabriel",cal_access,1420545,CHAN & LIANG; NO RECALL -,CHAN & LIANG; NO RECALL -,213,TERMINATED 07/14/2021,,needs_research,surname only,keep needs_research,unresolved,,
95f316d1-473d-4c8d-8779-ee58674e8fd0,28ec5db0-6daa-4f01-9825-2193ba21e349,Eric Chan,"Council Member, San Gabriel",cal_access,1442944,CHAN 2022; REELECT JUDGE BRUCE,CHAN 2022; REELECT JUDGE BRUCE,415,TERMINATED 07/29/2022,,needs_research,surname only,disputed,"A names another person, or the matched token is a place, a word or a given name","surname-only auto-link: Cal-Access 1442944 ""CHAN 2022; REELECT JUDGE BRUCE"" -- names a different person (Judge Bruce Chan); filer area code 415 (San Francisco); this row is Eric Chan, Council Member, San Gabriel",
14e52f6e-b482-4fc9-8a11-76f275470c35,28ec5db0-6daa-4f01-9825-2193ba21e349,Eric Chan,"Council Member, San Gabriel",cal_access,1456620,CHAN FOR SUPERVISOR 2024; COALITION TO GROW SAN FRANCISCO - GROW SF PAC OPPOSING,CHAN FOR SUPERVISOR 2024; COALITION TO GROW SAN FRANCISCO - GROW SF PAC OPPOSING,510,TERMINATED 12/31/2024,,needs_research,surname only,disputed,"B another named place or district, or an opposing / ballot / recall committee","surname-only auto-link: Cal-Access 1456620 ""CHAN FOR SUPERVISOR 2024; COALITION TO GROW SAN FRANCISCO - GROW SF PAC OPPOSING"" -- a campaign for the San Francisco Board of Supervisors in San Francisco, not for the row's seat; filer area code 510 (East Bay); this row is Eric Chan, Council Member, San Gabriel",
ea9c4dae-1dcf-4ba5-ba66-11846477062b,340c4a0a-e6cb-4e32-9a56-f5cbf951cbc4,Eric Ching,"candidate, U.S. Representative District 31",cal_access,1344120,"CHING FOR WALNUT CITY COUNCIL 2012, ERIC",CHING FOR WALNUT CITY COUNCIL 2020; ERIC,626,TERMINATED 08/28/2024,,needs_research,full name,keep needs_research,full name (out of scope),,"full-name match, but the committee names another place: WALNUT"
4dce4dc0-0187-43b5-a951-8089a43b1d9c,e024113e-ab16-4af6-aa75-d6ce89690a19,Eric Ohlsen,"Council Member (District 4), Palmdale",cal_access,1420273,OHLSEN FOR ASSEMBLY 2020,OHLSEN FOR ASSEMBLY 2020,661,TERMINATED 03/03/2020,,needs_research,surname only,keep needs_research,unresolved,,
b0d31ce5-27ab-4033-bd38-3a4151a45dce,e024113e-ab16-4af6-aa75-d6ce89690a19,Eric Ohlsen,"Council Member (District 4), Palmdale",cal_access,1433038,OHLSEN FOR PALMDALE MAYOR 2020,OHLSEN FOR PALMDALE MAYOR 2020,661,TERMINATED 02/01/2021,,needs_research,surname only,keep needs_research,unresolved,,
4dfd5ab1-075c-4dab-a780-b2b6cd3de787,e024113e-ab16-4af6-aa75-d6ce89690a19,Eric Ohlsen,"Council Member (District 4), Palmdale",cal_access,1459556,OHLSEN FOR SENATE 2024,OHLSEN FOR SENATE 2024,916,TERMINATED 10/24/2023,,needs_research,surname only,keep needs_research,unresolved,,
2f18818a-ee8a-4a40-b75d-5a64c30b6849,99326b14-0b7b-4187-8852-6f592bc61dd3,Eric Weber,"Council Member, San Dimas",cal_access,1423674,WEBER FOR CITY COUNCIL 2020; ERIC,WEBER FOR CITY COUNCIL 2020; ERIC,626,ACTIVE,,needs_research,full name,keep needs_research,full name (out of scope),,
81f68ef6-da1b-44e5-a175-3793203385d9,296b7b65-fd92-4f3c-8960-f0bade09513d,Erik Lutz,"Council Member, Pico Rivera",cal_access,1472433,LUTZ FOR PICO RIVERA CITY COUNCIL 2024; ERIK,LUTZ FOR PICO RIVERA CITY COUNCIL 2024; ERIK,213,ACTIVE,,needs_research,full name,keep needs_research,full name (out of scope),,
6c7af514-440d-42e4-8609-1fa1bcefee96,22969acc-f5d2-48de-8715-4eb67601cdba,Erik Miller,"Board Member (District 2), Long Beach Unified",la_socrata,1262901,Miller for Mayor,,,,"Miller, Addie",needs_research,surname only,disputed,"A names another person, or the matched token is a place, a word or a given name","surname-only auto-link: LA City Ethics committee 1262901 ""Miller for Mayor"" -- LA City Ethics names its candidate as Addie Miller (LA Mayor), a different person; this row is Erik Miller, Board Member (District 2), Long Beach Unified",
959ba505-53b8-46fb-b4aa-3faef7b47009,3ac280eb-2029-4e17-b46b-9ff8a040dcfc,Ernest Richter,,cal_access,1021383,RICHTER FOR ASSEMBLY COMMITTEE,RICHTER FOR ASSEMBLY COMMITTEE,916,TERMINATED 12/01/1990,,needs_research,surname only,keep needs_research,unresolved,,
e046f186-e046-4dfc-80b8-fe0a2a954e4a,ae324e22-d2b7-44bb-82ce-21bca77319fa,Ernie Vargas,"Council Member, Hawaiian Gardens",la_socrata,1459908,Vargas for City Council 2024,,,,"Vargas, Eduardo",needs_research,surname only,disputed,"A names another person, or the matched token is a place, a word or a given name","surname-only auto-link: LA City Ethics committee 1459908 ""Vargas for City Council 2024"" -- LA City Ethics names its candidate as Eduardo Vargas (LA City Council Member - District 14), a different person; this row is Ernie Vargas, Council Member, Hawaiian Gardens",
7abf871c-5312-4adf-b28a-e6a7b18e2adf,92876cb7-9905-4be7-b349-2a4a4ff39846,Estuardo Mazariegos,"candidate, Los Angeles City Council District 9",cal_access,1489139,"MAZARIEGOS FOR CITY COUNCIL AND MARISSA ROY FOR CITY ATTORNEY 2026, SPONSORED BY ACCE ACTION; COMMUNITIES UNITED FOR ESTUARDO","MAZARIEGOS FOR CITY COUNCIL AND MARISSA ROY FOR CITY ATTORNEY 2026, SPONSORED BY UNITED TEACHERS LOS ANGELES AND ALLIANCE OF CALIFORNIANS FOR COMMUNITY EMPOWERMENT (ACCE) ACTION; TEACHERS AND COMMUNIT",213,ACTIVE,,needs_research,surname only,keep needs_research,unresolved,,
80eda941-1162-429c-996f-5ff961813444,317698c6-2ae7-4f7f-ab39-bb3811ed50f3,Eunisses Hernandez,Los Angeles City Council District 1,cal_access,1485664,"HERNANDEZ FOR COUNCIL 2026, SPONSORED BY UNITE HERE LOCAL 11; WORKING FAMILIES FOR EUNISSES","HERNANDEZ FOR COUNCIL 2026, SPONSORED BY UNITE HERE LOCAL 11; WORKING FAMILIES FOR EUNISSES",213,TERMINATED 02/06/2026,,needs_research,full name,keep needs_research,full name (out of scope),,
57381369-0c2d-48ed-b298-275e29566388,317698c6-2ae7-4f7f-ab39-bb3811ed50f3,Eunisses Hernandez,Los Angeles City Council District 1,cal_access,1487284,"HERNANDEZ FOR CITY COUNCIL 2026, SPONSORED BY LOS ANGELES COUNTY FEDERATION OF LABOR, AFL-CIO; WORKING FAMILIES IN SUPPORT OF EUNISSES","HERNANDEZ FOR CITY COUNCIL 2026, SPONSORED BY LOS ANGELES COUNTY FEDERATION OF LABOR, AFL-CIO; WORKING FAMILIES IN SUPPORT OF EUNISSES",213,ACTIVE,,needs_research,full name,keep needs_research,full name (out of scope),,
3dbe42d6-8c01-451a-ac06-f3409aa2665f,a9882d8b-b20d-4b0c-b509-c2883b4352e0,Faizah Malik,"candidate, Los Angeles City Council District 11",cal_access,1427399,MALIK FOR SMUD BOARD 2020,MALIK FOR SMUD BOARD 2020,916,TERMINATED 02/15/2021,,needs_research,surname only,disputed,"B another named place or district, or an opposing / ballot / recall committee","surname-only auto-link: Cal-Access 1427399 ""MALIK FOR SMUD BOARD 2020"" -- a campaign for the SMUD (Sacramento Municipal Utility District) board in Sacramento, not for the row's seat; filer area code 916 (Sacramento); this row is Faizah Malik, candidate, Los Angeles City Council District 11",
c3dc81db-17be-4381-9d85-187b0160e5b2,a9882d8b-b20d-4b0c-b509-c2883b4352e0,Faizah Malik,"candidate, Los Angeles City Council District 11",cal_access,1481083,MALIK FOR CITY COUNCIL 2026,MALIK FOR CITY COUNCIL 2026,310,ACTIVE,"Malik, Faizah",needs_research,surname only,keep needs_research,unresolved,,
fd7ab2fb-988c-4391-ad8c-933137394a8a,41ef8aaa-b604-4725-b46d-dab1656cc198,Fiona Ma,Treasurer,cal_access,1238185,"MA FOR SUPERVISOR, FIONA","MA FOR SUPERVISOR, FIONA",415,TERMINATED 03/22/2006,,needs_research,full name,keep needs_research,full name (out of scope),,
c2645dd7-3d04-41cf-9840-ec9b285eb8e8,41ef8aaa-b604-4725-b46d-dab1656cc198,Fiona Ma,Treasurer,cal_access,1261603,"MA EXPLORATORY COMMITTEE, FIONA","MA FOR ASSEMBLY, FIONA",415,TERMINATED 12/31/2007,,needs_research,full name,keep needs_research,full name (out of scope),,
8b2088b5-ab14-44cb-a2df-5b9d6171f153,41ef8aaa-b604-4725-b46d-dab1656cc198,Fiona Ma,Treasurer,cal_access,1313995,"MA 2010, FIONA","MA FOR ASSEMBLY 2010, FIONA",916,TERMINATED 05/06/2011,,needs_research,full name,keep needs_research,full name (out of scope),,
c3f31740-1081-4d29-8bde-724dc8ffb0dc,41ef8aaa-b604-4725-b46d-dab1656cc198,Fiona Ma,Treasurer,cal_access,1334964,"MA FOR SENATE 2014, FIONA","MA FOR SENATE 2014, FIONA",916,TERMINATED 04/20/2012,,needs_research,full name,keep needs_research,full name (out of scope),,
cf93d43a-6aa2-46e3-9137-15a24cbef3a1,41ef8aaa-b604-4725-b46d-dab1656cc198,Fiona Ma,Treasurer,cal_access,1343107,"MA FOR STATE BOARD OF EQUALIZATION 2014, FIONA","MA FOR STATE BOARD OF EQUALIZATION 2014, FIONA",916,TERMINATED 10/16/2015,,needs_research,full name,keep needs_research,full name (out of scope),,
4292c91b-4fbe-4c14-bb39-daaad09d32e7,41ef8aaa-b604-4725-b46d-dab1656cc198,Fiona Ma,Treasurer,cal_access,1373945,MA FOR STATE BOARD OF EQUALIZATION 2018; RE ELECT FIONA,MA FOR STATE BOARD OF EQUALIZATION 2018; RE ELECT FIONA,916,TERMINATED 04/20/2017,,needs_research,full name,keep needs_research,full name (out of scope),,
0801e246-e05b-4bd4-b6c2-88bf87360aaf,41ef8aaa-b604-4725-b46d-dab1656cc198,Fiona Ma,Treasurer,cal_access,1384474,MA FOR STATE TREASURER 2018; FIONA,MA FOR STATE TREASURER 2018; FIONA,916,TERMINATED 08/15/2019,,needs_research,full name,keep needs_research,full name (out of scope),,
8112a0d5-722d-4091-b526-af84cd18eae9,41ef8aaa-b604-4725-b46d-dab1656cc198,Fiona Ma,Treasurer,cal_access,1440631,MA LEGAL DEFENSE FUND; FIONA,MA LEGAL DEFENSE FUND; FIONA,415,TERMINATED 12/31/2024,,needs_research,full name,keep needs_research,full name (out of scope),,
fecf4985-6bcf-4588-86f0-9a5dd2b5f058,41ef8aaa-b604-4725-b46d-dab1656cc198,Fiona Ma,Treasurer,cal_access,1442319,MA'AE FOR CITY COUNCIL 2022,MA'AE FOR CITY COUNCIL 2022,714,TERMINATED 06/30/2023,,needs_research,surname absent,disputed,"A names another person, or the matched token is a place, a word or a given name","auto-link on a token that is not the row's surname: Cal-Access 1442319 ""MA'AE FOR CITY COUNCIL 2022"" -- the row's surname does not appear in the committee name; the committee is Ma'ae's; filer area code 714 (Orange County); this row is Fiona Ma, Treasurer",
25d4f68f-fceb-4406-a6ea-b17d1e66c6f7,41ef8aaa-b604-4725-b46d-dab1656cc198,Fiona Ma,Treasurer,cal_access,1458948,MA STATE TREASURER OFFICEHOLDER ACCOUNT COMMITTEE 2022; FIONA,MA STATE TREASURER OFFICEHOLDER ACCOUNT COMMITTEE 2022; FIONA,916,ACTIVE,,needs_research,full name,keep needs_research,full name (out of scope),,
0ec6b62e-9383-4a8c-9cba-95a124a46bea,e086df00-1e48-4882-9594-82f4e9ee273c,Francis De Leon Sanchez,"Council Member, Bell Gardens",cal_access,1020161,"VAN DE KAMP, FRIENDS OF","VAN DE KAMP, FRIENDS OF",818,TERMINATED 12/01/1990,,needs_research,surname absent,disputed,"A names another person, or the matched token is a place, a word or a given name","auto-link on a token that is not the row's surname: Cal-Access 1020161 ""VAN DE KAMP, FRIENDS OF"" -- the link matched only the particle ""DE"" of the row's surname; the committee is Van de Kamp's; filer area code 818 (San Fernando Valley); this row is Francis De Leon Sanchez, Council Member, Bell Gardens",
79c69375-d636-40ec-872e-e2d70f51888e,e086df00-1e48-4882-9594-82f4e9ee273c,Francis De Leon Sanchez,"Council Member, Bell Gardens",cal_access,1033921,VAN DE WATER FOR ASSEMBLY,VAN DE WATER FOR ASSEMBLY,714,TERMINATED 12/01/1990,,needs_research,surname absent,disputed,"A names another person, or the matched token is a place, a word or a given name","auto-link on a token that is not the row's surname: Cal-Access 1033921 ""VAN DE WATER FOR ASSEMBLY"" -- the link matched only the particle ""DE"" of the row's surname; the committee is Van de Water's; filer area code 714 (Orange County); this row is Francis De Leon Sanchez, Council Member, Bell Gardens",
f51755a6-3bfa-4f54-a6fc-ce51dd4d833b,e086df00-1e48-4882-9594-82f4e9ee273c,Francis De Leon Sanchez,"Council Member, Bell Gardens",cal_access,1034875,"VAN DE KAMP, DEPUTY ATTORNEYS GENERAL FOR","VAN DE KAMP, DEPUTY ATTORNEYS GENERAL FOR",213,TERMINATED 12/01/1990,,needs_research,surname absent,disputed,"A names another person, or the matched token is a place, a word or a given name","auto-link on a token that is not the row's surname: Cal-Access 1034875 ""VAN DE KAMP, DEPUTY ATTORNEYS GENERAL FOR"" -- the link matched only the particle ""DE"" of the row's surname; the committee is Van de Kamp's; filer area code 213 (Los Angeles); this row is Francis De Leon Sanchez, Council Member, Bell Gardens",
7a96086a-c585-4577-8179-d7260326aeba,e086df00-1e48-4882-9594-82f4e9ee273c,Francis De Leon Sanchez,"Council Member, Bell Gardens",cal_access,1047520,VAN DE KAMP '90 ELECTION COMMITTEE,VAN DE KAMP '90 ELECTION COMMITTEE,626,TERMINATED 12/01/1990,,needs_research,surname absent,disputed,"A names another person, or the matched token is a place, a word or a given name","auto-link on a token that is not the row's surname: Cal-Access 1047520 ""VAN DE KAMP '90 ELECTION COMMITTEE"" -- the link matched only the particle ""DE"" of the row's surname; the committee is Van de Kamp's; filer area code 626 (San Gabriel Valley); this row is Francis De Leon Sanchez, Council Member, Bell Gardens",
293615bf-2a58-402e-9af4-281ba9a56c67,e086df00-1e48-4882-9594-82f4e9ee273c,Francis De Leon Sanchez,"Council Member, Bell Gardens",cal_access,1049164,COMMITTEE TO WIN THE WAR ON DRUGS (ORGANIZED BY JOHN VAN DE KAMP) YES ON 129,COMMITTEE TO WIN THE WAR ON DRUGS (ORGANIZED BY JOHN VAN DE KAMP) YES ON 129,916,TERMINATED 12/01/1990,,needs_research,surname absent,disputed,"A names another person, or the matched token is a place, a word or a given name","auto-link on a token that is not the row's surname: Cal-Access 1049164 ""COMMITTEE TO WIN THE WAR ON DRUGS (ORGANIZED BY JOHN VAN DE KAMP) YES ON 129"" -- the link matched only the particle ""DE"" of the row's surname; the committee is John Van de Kamp (a ballot committee)'s; filer area code 916 (Sacramento); this row is Francis De Leon Sanchez, Council Member, Bell Gardens",
55ba089d-32c9-49cf-b66a-0a3941db2eb1,e086df00-1e48-4882-9594-82f4e9ee273c,Francis De Leon Sanchez,"Council Member, Bell Gardens",cal_access,1049165,"CALIFORNIANS FOR CLEANING UP GOVERNMENT, COMMITTEE ORGANIZED BY JOHN VAN DE KAMP, YES ON 131","CALIFORNIANS FOR CLEANING UP GOVERNMENT, COMMITTEE ORGANIZED BY JOHN VAN DE KAMP, YES ON 131",916,TERMINATED 12/01/1990,,needs_research,surname absent,disputed,"A names another person, or the matched token is a place, a word or a given name","auto-link on a token that is not the row's surname: Cal-Access 1049165 ""CALIFORNIANS FOR CLEANING UP GOVERNMENT, COMMITTEE ORGANIZED BY JOHN VAN DE KAMP, YES ON 131"" -- the link matched only the particle ""DE"" of the row's surname; the committee is John Van de Kamp (a ballot committee)'s; filer area code 916 (Sacramento); this row is Francis De Leon Sanchez, Council Member, Bell Gardens",
854a628e-2cde-4ce3-8156-5a86b449861d,e086df00-1e48-4882-9594-82f4e9ee273c,Francis De Leon Sanchez,"Council Member, Bell Gardens",cal_access,1049496,"VAN DE KAMP FOR GOVERNOR, MONTEREY COUNTY COMMITTEE FOR","VAN DE KAMP, MONTEREY COUNTY COMMITTEE FOR",408,TERMINATED 12/01/1990,,needs_research,surname absent,disputed,"A names another person, or the matched token is a place, a word or a given name","auto-link on a token that is not the row's surname: Cal-Access 1049496 ""VAN DE KAMP, MONTEREY COUNTY COMMITTEE FOR"" (stored as ""VAN DE KAMP FOR GOVERNOR, MONTEREY COUNTY COMMITTEE FOR"") -- the link matched only the particle ""DE"" of the row's surname; the committee is Van de Kamp's; filer area code 408 (San Jose); this row is Francis De Leon Sanchez, Council Member, Bell Gardens",
f2a0f4bc-fbb3-46ef-ba12-3f8359eb6c53,e086df00-1e48-4882-9594-82f4e9ee273c,Francis De Leon Sanchez,"Council Member, Bell Gardens",cal_access,1051082,"DE GROOT, THE FRIENDS OF JUDGE JOHN","DE GROOT, THE FRIENDS OF JUDGE JOHN",209,TERMINATED 12/01/1990,,needs_research,surname absent,disputed,"A names another person, or the matched token is a place, a word or a given name","auto-link on a token that is not the row's surname: Cal-Access 1051082 ""DE GROOT, THE FRIENDS OF JUDGE JOHN"" -- the link matched only the particle ""DE"" of the row's surname; the committee is Judge John De Groot's; filer area code 209 (Stockton/Modesto); this row is Francis De Leon Sanchez, Council Member, Bell Gardens",
1733d74e-c103-4540-b467-2f3ec0082855,e086df00-1e48-4882-9594-82f4e9ee273c,Francis De Leon Sanchez,"Council Member, Bell Gardens",cal_access,1055761,"VAN DE POEL, COMMITTEE TO ELECT JUDGE","VAN DE POEL, COMMITTEE TO ELECT JUDGE",510,TERMINATED 03/13/1992,,needs_research,surname absent,disputed,"A names another person, or the matched token is a place, a word or a given name","auto-link on a token that is not the row's surname: Cal-Access 1055761 ""VAN DE POEL, COMMITTEE TO ELECT JUDGE"" -- the link matched only the particle ""DE"" of the row's surname; the committee is Van de Poel's; filer area code 510 (East Bay); this row is Francis De Leon Sanchez, Council Member, Bell Gardens",
aa40e00f-495d-4625-85b4-d9b4aa9b8008,e086df00-1e48-4882-9594-82f4e9ee273c,Francis De Leon Sanchez,"Council Member, Bell Gardens",cal_access,1072590,DE BUS TO THE ASSEMBLY,DE BUS TO THE ASSEMBLY,619,TERMINATED 02/23/1998,,needs_research,surname absent,disputed,"A names another person, or the matched token is a place, a word or a given name","auto-link on a token that is not the row's surname: Cal-Access 1072590 ""DE BUS TO THE ASSEMBLY"" -- the link matched only the particle ""DE"" of the row's surname; the committee is De Bus's; filer area code 619 (San Diego); this row is Francis De Leon Sanchez, Council Member, Bell Gardens",
de08e170-a8f1-4a68-93a6-5253254e450a,e086df00-1e48-4882-9594-82f4e9ee273c,Francis De Leon Sanchez,"Council Member, Bell Gardens",cal_access,1222138,DE VORE FOR CENTRAL COMMITTEE,DE VORE FOR CENTRAL COMMITTEE,714,TERMINATED 03/06/2000,,needs_research,surname absent,disputed,"A names another person, or the matched token is a place, a word or a given name","auto-link on a token that is not the row's surname: Cal-Access 1222138 ""DE VORE FOR CENTRAL COMMITTEE"" -- the link matched only the particle ""DE"" of the row's surname; the committee is De Vore's; filer area code 714 (Orange County); this row is Francis De Leon Sanchez, Council Member, Bell Gardens",
62d76eca-1060-447d-8619-7a510da85f1d,e086df00-1e48-4882-9594-82f4e9ee273c,Francis De Leon Sanchez,"Council Member, Bell Gardens",cal_access,1227779,VAN DE HOEK FOR MALIBU COUNCIL,VAN DE HOEK FOR MALIBU COUNCIL,310,ACTIVE,,needs_research,surname absent,disputed,"A names another person, or the matched token is a place, a word or a given name","auto-link on a token that is not the row's surname: Cal-Access 1227779 ""VAN DE HOEK FOR MALIBU COUNCIL"" -- the link matched only the particle ""DE"" of the row's surname; the committee is Van de Hoek (Malibu)'s; filer area code 310 (West LA/South Bay); this row is Francis De Leon Sanchez, Council Member, Bell Gardens",
497dd7c6-bb06-4589-b469-f0e6a0c0db7f,e086df00-1e48-4882-9594-82f4e9ee273c,Francis De Leon Sanchez,"Council Member, Bell Gardens",cal_access,1239777,GRUPO DE HAWTHORNE DE PADRES LATINO,GRUPO DE HAWTHORNE DE PADRES LATINO,323,TERMINATED 11/19/2001,,needs_research,surname absent,disputed,"A names another person, or the matched token is a place, a word or a given name","auto-link on a token that is not the row's surname: Cal-Access 1239777 ""GRUPO DE HAWTHORNE DE PADRES LATINO"" -- the link matched the Spanish word ""DE"" in a parents' group name, not a person; filer area code 323 (Los Angeles); this row is Francis De Leon Sanchez, Council Member, Bell Gardens",
f97ff6ee-7343-4e18-b4d7-8a75b17bda83,e086df00-1e48-4882-9594-82f4e9ee273c,Francis De Leon Sanchez,"Council Member, Bell Gardens",cal_access,1245341,"DE VORE, FRIENDS FOR CHUCK","DE VORE, FRIENDS FOR CHUCK",714,TERMINATED 01/26/2011,,needs_research,surname absent,disputed,"A names another person, or the matched token is a place, a word or a given name","auto-link on a token that is not the row's surname: Cal-Access 1245341 ""DE VORE, FRIENDS FOR CHUCK"" -- the link matched only the particle ""DE"" of the row's surname; the committee is Chuck De Vore's; filer area code 714 (Orange County); this row is Francis De Leon Sanchez, Council Member, Bell Gardens",
81949155-4ed7-46f0-92e5-2b1503edee44,e086df00-1e48-4882-9594-82f4e9ee273c,Francis De Leon Sanchez,"Council Member, Bell Gardens",cal_access,1245846,DE GAETANO FOR SFV CITY COUNCIL,DE GAETANO FOR SFV CITY COUNCIL,818,TERMINATED 11/13/2002,,needs_research,surname absent,disputed,"A names another person, or the matched token is a place, a word or a given name","auto-link on a token that is not the row's surname: Cal-Access 1245846 ""DE GAETANO FOR SFV CITY COUNCIL"" -- the link matched only the particle ""DE"" of the row's surname; the committee is De Gaetano's; filer area code 818 (San Fernando Valley); this row is Francis De Leon Sanchez, Council Member, Bell Gardens",
eb1cafed-3d7b-4f51-83a7-2d16534077c8,e086df00-1e48-4882-9594-82f4e9ee273c,Francis De Leon Sanchez,"Council Member, Bell Gardens",cal_access,1247860,DE ATLEY FOR COUNCIL,DE ATLEY FOR COUNCIL,925,TERMINATED 11/26/2012,,needs_research,surname absent,disputed,"A names another person, or the matched token is a place, a word or a given name","auto-link on a token that is not the row's surname: Cal-Access 1247860 ""DE ATLEY FOR COUNCIL"" -- the link matched only the particle ""DE"" of the row's surname; the committee is De Atley's; filer area code 925 (Contra Costa); this row is Francis De Leon Sanchez, Council Member, Bell Gardens",
72b6ac24-1a75-4f60-be27-9a6f072d2d30,e086df00-1e48-4882-9594-82f4e9ee273c,Francis De Leon Sanchez,"Council Member, Bell Gardens",cal_access,1251801,DE VOOGD FOR SCHOOL BOARD,DE VOOGD FOR SCHOOL BOARD,559,TERMINATED 12/24/2002,,needs_research,surname absent,disputed,"A names another person, or the matched token is a place, a word or a given name","auto-link on a token that is not the row's surname: Cal-Access 1251801 ""DE VOOGD FOR SCHOOL BOARD"" -- the link matched only the particle ""DE"" of the row's surname; the committee is De Voogd's; filer area code 559 (Fresno); this row is Francis De Leon Sanchez, Council Member, Bell Gardens",
dd36d0f8-08ef-4d74-b796-e2d8fae7f9a8,e086df00-1e48-4882-9594-82f4e9ee273c,Francis De Leon Sanchez,"Council Member, Bell Gardens",cal_access,1254121,DE VORE IN '04,DE VORE IN '04,916,TERMINATED 06/30/2011,,needs_research,surname absent,disputed,"A names another person, or the matched token is a place, a word or a given name","auto-link on a token that is not the row's surname: Cal-Access 1254121 ""DE VORE IN '04"" -- the link matched only the particle ""DE"" of the row's surname; the committee is De Vore's; filer area code 916 (Sacramento); this row is Francis De Leon Sanchez, Council Member, Bell Gardens",
929ae279-1131-4dad-a00a-a1a81fd39119,e086df00-1e48-4882-9594-82f4e9ee273c,Francis De Leon Sanchez,"Council Member, Bell Gardens",cal_access,1259084,DE FIGUEIREDO FOR SCHOOL BOARD,DE FIGUEIREDO FOR SCHOOL BOARD,661,TERMINATED 08/02/2005,,needs_research,surname absent,disputed,"A names another person, or the matched token is a place, a word or a given name","auto-link on a token that is not the row's surname: Cal-Access 1259084 ""DE FIGUEIREDO FOR SCHOOL BOARD"" -- the link matched only the particle ""DE"" of the row's surname; the committee is De Figueiredo's; filer area code 661 (Kern County/Antelope Valley); this row is Francis De Leon Sanchez, Council Member, Bell Gardens",
6980849f-106d-430d-b964-8ba4c19db935,e086df00-1e48-4882-9594-82f4e9ee273c,Francis De Leon Sanchez,"Council Member, Bell Gardens",cal_access,1260103,GRUPO DE HAWTHORNE DE PADRES LATINOS,GRUPO DE HAWTHORNE DE PADRES LATINOS,323,TERMINATED 01/07/2004,,needs_research,surname absent,disputed,"A names another person, or the matched token is a place, a word or a given name","auto-link on a token that is not the row's surname: Cal-Access 1260103 ""GRUPO DE HAWTHORNE DE PADRES LATINOS"" -- the link matched the Spanish word ""DE"" in a parents' group name, not a person; filer area code 323 (Los Angeles); this row is Francis De Leon Sanchez, Council Member, Bell Gardens",
7a764ed2-1b86-40e6-9060-f9ae9a958fc8,e086df00-1e48-4882-9594-82f4e9ee273c,Francis De Leon Sanchez,"Council Member, Bell Gardens",cal_access,1261380,DE YOUNG FOR SUPERVISOR,"DE YOUNG / DEYOUNG FOR SUPERVISOR, CATHRYN",949,TERMINATED 06/23/2010,,needs_research,surname absent,disputed,"A names another person, or the matched token is a place, a word or a given name","auto-link on a token that is not the row's surname: Cal-Access 1261380 ""DE YOUNG / DEYOUNG FOR SUPERVISOR, CATHRYN"" (stored as ""DE YOUNG FOR SUPERVISOR"") -- the link matched only the particle ""DE"" of the row's surname; the committee is Cathryn DeYoung's; filer area code 949 (Orange County); this row is Francis De Leon Sanchez, Council Member, Bell Gardens",
561fda7c-76a8-45b5-af01-91d11154699f,e086df00-1e48-4882-9594-82f4e9ee273c,Francis De Leon Sanchez,"Council Member, Bell Gardens",cal_access,1267135,DE MERITT FOR COUNCIL,DE MERITT FOR COUNCIL,,TERMINATED 03/21/2008,,needs_research,surname absent,disputed,"A names another person, or the matched token is a place, a word or a given name","auto-link on a token that is not the row's surname: Cal-Access 1267135 ""DE MERITT FOR COUNCIL"" -- the link matched only the particle ""DE"" of the row's surname; the committee is De Meritt's; no filer phone; this row is Francis De Leon Sanchez, Council Member, Bell Gardens",
2c0dff0f-0976-4051-8d51-511c817f0e39,e086df00-1e48-4882-9594-82f4e9ee273c,Francis De Leon Sanchez,"Council Member, Bell Gardens",cal_access,1272351,DE VORE IN 'O6,DE VORE IN 'O6,714,TERMINATED 03/15/2008,,needs_research,surname absent,disputed,"A names another person, or the matched token is a place, a word or a given name","auto-link on a token that is not the row's surname: Cal-Access 1272351 ""DE VORE IN 'O6"" -- the link matched only the particle ""DE"" of the row's surname; the committee is De Vore's; filer area code 714 (Orange County); this row is Francis De Leon Sanchez, Council Member, Bell Gardens",
56e94950-a07f-4a36-a8ad-49af45c216b8,e086df00-1e48-4882-9594-82f4e9ee273c,Francis De Leon Sanchez,"Council Member, Bell Gardens",cal_access,1274999,"CLUB ""AMIGOS DE ALVINA""","CLUB ""AMIGOS DE ALVINA""",323,TERMINATED 02/12/2014,,needs_research,surname absent,disputed,"A names another person, or the matched token is a place, a word or a given name","auto-link on a token that is not the row's surname: Cal-Access 1274999 ""CLUB ""AMIGOS DE ALVINA"""" -- the link matched the Spanish word ""DE"" in a club name (""Amigos de Alvina""), not a person; filer area code 323 (Los Angeles); this row is Francis De Leon Sanchez, Council Member, Bell Gardens",
ad03b072-a38e-4a1c-b215-70dc8b2bcafe,e086df00-1e48-4882-9594-82f4e9ee273c,Francis De Leon Sanchez,"Council Member, Bell Gardens",cal_access,1281290,DE VERA FOR CITY COUNCIL,DE VERA FOR CITY COUNCIL,323,TERMINATED 07/05/2016,"De Vera, Ruby",needs_research,surname absent,disputed,"A names another person, or the matched token is a place, a word or a given name","auto-link on a token that is not the row's surname: Cal-Access 1281290 ""DE VERA FOR CITY COUNCIL"" -- LA City Ethics names its candidate as Ruby De Vera (LA City Council Member - District 14), a different person; filer area code 323 (Los Angeles); this row is Francis De Leon Sanchez, Council Member, Bell Gardens",
2f27f0b9-884c-473a-8173-ee00a5535a86,e086df00-1e48-4882-9594-82f4e9ee273c,Francis De Leon Sanchez,"Council Member, Bell Gardens",cal_access,1291835,"DE VRIES, COMMITTEE TO ELECT DR. DEBORAH","DE VRIES, COMMITTEE TO ELECT DR. DEBORAH",805,TERMINATED 12/31/2006,,needs_research,surname absent,disputed,"A names another person, or the matched token is a place, a word or a given name","auto-link on a token that is not the row's surname: Cal-Access 1291835 ""DE VRIES, COMMITTEE TO ELECT DR. DEBORAH"" -- the link matched only the particle ""DE"" of the row's surname; the committee is Dr. Deborah De Vries's; filer area code 805 (Central Coast/Ventura); this row is Francis De Leon Sanchez, Council Member, Bell Gardens",
f98faec3-5ff0-46bd-9356-23896d6515dc,e086df00-1e48-4882-9594-82f4e9ee273c,Francis De Leon Sanchez,"Council Member, Bell Gardens",cal_access,1293544,DE VORE IN '08,DE VORE IN '08,714,TERMINATED 01/15/2012,,needs_research,surname absent,disputed,"A names another person, or the matched token is a place, a word or a given name","auto-link on a token that is not the row's surname: Cal-Access 1293544 ""DE VORE IN '08"" -- the link matched only the particle ""DE"" of the row's surname; the committee is De Vore's; filer area code 714 (Orange County); this row is Francis De Leon Sanchez, Council Member, Bell Gardens",
a1325114-2c96-4e93-9c19-24f56e02211d,e086df00-1e48-4882-9594-82f4e9ee273c,Francis De Leon Sanchez,"Council Member, Bell Gardens",cal_access,1298900,DE SAULNIER FOR SENATE 2008,DE SAULNIER FOR SENATE 2008,925,TERMINATED 01/31/2009,,needs_research,surname absent,disputed,"A names another person, or the matched token is a place, a word or a given name","auto-link on a token that is not the row's surname: Cal-Access 1298900 ""DE SAULNIER FOR SENATE 2008"" -- the link matched only the particle ""DE"" of the row's surname; the committee is DeSaulnier's; filer area code 925 (Contra Costa); this row is Francis De Leon Sanchez, Council Member, Bell Gardens",
77c71623-a2a9-4f66-84b8-2288ec4836cf,e086df00-1e48-4882-9594-82f4e9ee273c,Francis De Leon Sanchez,"Council Member, Bell Gardens",cal_access,1305432,"DE NUNZIO FOR CENTRAL COMMITTEE, COMMITTEE TO RETAIN MIKE","DE NUNZIO FOR CENTRAL COMMITTEE, COMMITTEE TO RETAIN MIKE",415,TERMINATED 07/24/2008,,needs_research,surname absent,disputed,"A names another person, or the matched token is a place, a word or a given name","auto-link on a token that is not the row's surname: Cal-Access 1305432 ""DE NUNZIO FOR CENTRAL COMMITTEE, COMMITTEE TO RETAIN MIKE"" -- the link matched only the particle ""DE"" of the row's surname; the committee is Mike De Nunzio's; filer area code 415 (San Francisco); this row is Francis De Leon Sanchez, Council Member, Bell Gardens",
33fe1fca-f709-4bf5-9c5f-a5445127596b,e086df00-1e48-4882-9594-82f4e9ee273c,Francis De Leon Sanchez,"Council Member, Bell Gardens",cal_access,1308327,DE LUZ FOR ASSEMBLY 2010,DE LUZ FOR ASSEMBLY 2010,916,TERMINATED 11/15/2012,,needs_research,surname absent,disputed,"A names another person, or the matched token is a place, a word or a given name","auto-link on a token that is not the row's surname: Cal-Access 1308327 ""DE LUZ FOR ASSEMBLY 2010"" -- the link matched only the particle ""DE"" of the row's surname; the committee is De Luz's; filer area code 916 (Sacramento); this row is Francis De Leon Sanchez, Council Member, Bell Gardens",
8af1601d-d3c9-4b8a-826c-c4e62cd8a54c,e086df00-1e48-4882-9594-82f4e9ee273c,Francis De Leon Sanchez,"Council Member, Bell Gardens",cal_access,1309874,"DE FOREST, COMMITTEE TO ELECT DR. LISA","DE FOREST, COMMITTEE TO ELECT DR. LISA",951,ACTIVE,,needs_research,surname absent,disputed,"A names another person, or the matched token is a place, a word or a given name","auto-link on a token that is not the row's surname: Cal-Access 1309874 ""DE FOREST, COMMITTEE TO ELECT DR. LISA"" -- the link matched only the particle ""DE"" of the row's surname; the committee is Dr. Lisa De Forest's; filer area code 951 (Riverside); this row is Francis De Leon Sanchez, Council Member, Bell Gardens",
eb03aaf6-5d5a-4bd5-bf23-547e6a37b80b,e086df00-1e48-4882-9594-82f4e9ee273c,Francis De Leon Sanchez,"Council Member, Bell Gardens",cal_access,1314309,DE SAULNIER FOR SENATE 2012,DE SAULNIER FOR SENATE 2012,925,TERMINATED 12/31/2014,,needs_research,surname absent,disputed,"A names another person, or the matched token is a place, a word or a given name","auto-link on a token that is not the row's surname: Cal-Access 1314309 ""DE SAULNIER FOR SENATE 2012"" -- the link matched only the particle ""DE"" of the row's surname; the committee is DeSaulnier's; filer area code 925 (Contra Costa); this row is Francis De Leon Sanchez, Council Member, Bell Gardens",
19719abd-9f50-4941-b2bb-4f6b7cad85d4,e086df00-1e48-4882-9594-82f4e9ee273c,Francis De Leon Sanchez,"Council Member, Bell Gardens",cal_access,1321262,DE YOUNG FOR ASSEMBLY DENNIS DE YOUNG 40TH STATE ASSEMBLY 2010,DE YOUNG FOR ASSEMBLY DENNIS DE YOUNG 40TH STATE ASSEMBLY 2010,818,TERMINATED 12/31/2010,,needs_research,surname absent,disputed,"A names another person, or the matched token is a place, a word or a given name","auto-link on a token that is not the row's surname: Cal-Access 1321262 ""DE YOUNG FOR ASSEMBLY DENNIS DE YOUNG 40TH STATE ASSEMBLY 2010"" -- the link matched only the particle ""DE"" of the row's surname; the committee is Dennis De Young's; filer area code 818 (San Fernando Valley); this row is Francis De Leon Sanchez, Council Member, Bell Gardens",
853ce45d-1a41-4c11-96c2-5349232fc557,e086df00-1e48-4882-9594-82f4e9ee273c,Francis De Leon Sanchez,"Council Member, Bell Gardens",cal_access,1324220,"DE KLOTZ 2010, ELECT DIRECTOR FRANZ","DE KLOTZ 2010, ELECT DIRECTOR FRANZ",760,TERMINATED 12/13/2010,,needs_research,surname absent,disputed,"A names another person, or the matched token is a place, a word or a given name","auto-link on a token that is not the row's surname: Cal-Access 1324220 ""DE KLOTZ 2010, ELECT DIRECTOR FRANZ"" -- the link matched only the particle ""DE"" of the row's surname; the committee is Franz De Klotz's; filer area code 760 (Inland/north San Diego County); this row is Francis De Leon Sanchez, Council Member, Bell Gardens",
0803ad44-aafb-424d-9d94-6ca7d8be957c,e086df00-1e48-4882-9594-82f4e9ee273c,Francis De Leon Sanchez,"Council Member, Bell Gardens",cal_access,1329195,"DE VERA HERCULES COUNCIL 2010, CITIZENS FOR MYRNA","DE VERA HERCULES COUNCIL 2010, CITIZENS FOR MYRNA",510,TERMINATED 12/12/2012,,needs_research,surname absent,disputed,"A names another person, or the matched token is a place, a word or a given name","auto-link on a token that is not the row's surname: Cal-Access 1329195 ""DE VERA HERCULES COUNCIL 2010, CITIZENS FOR MYRNA"" -- the link matched only the particle ""DE"" of the row's surname; the committee is Myrna De Vera (Hercules)'s; filer area code 510 (East Bay); this row is Francis De Leon Sanchez, Council Member, Bell Gardens",
17e8a1fa-9c92-4a1b-ad02-d891a00c4326,e086df00-1e48-4882-9594-82f4e9ee273c,Francis De Leon Sanchez,"Council Member, Bell Gardens",cal_access,1331022,"DE MARTINO COPPER MTN. COLLEGE 2010, COMMITTEE ELECT FOR","DE MARTINO COPPER MTN. COLLEGE 2010, COMMITTEE ELECT FOR",760,ACTIVE,,needs_research,surname absent,disputed,"A names another person, or the matched token is a place, a word or a given name","auto-link on a token that is not the row's surname: Cal-Access 1331022 ""DE MARTINO COPPER MTN. COLLEGE 2010, COMMITTEE ELECT FOR"" -- the link matched only the particle ""DE"" of the row's surname; the committee is De Martino's; filer area code 760 (Inland/north San Diego County); this row is Francis De Leon Sanchez, Council Member, Bell Gardens",
6d5149e2-fb7e-4ed6-aeb6-4c3c1d399117,e086df00-1e48-4882-9594-82f4e9ee273c,Francis De Leon Sanchez,"Council Member, Bell Gardens",cal_access,1332773,"DE LONGCHAMP FOR SCHOOL BOARD 2010, PARENTS AND WORKING FAMILIES FOR","DE LONGCHAMP FOR SCHOOL BOARD 2010, PARENTS AND WORKING FAMILIES FOR",951,TERMINATED 01/21/2011,,needs_research,surname absent,disputed,"A names another person, or the matched token is a place, a word or a given name","auto-link on a token that is not the row's surname: Cal-Access 1332773 ""DE LONGCHAMP FOR SCHOOL BOARD 2010, PARENTS AND WORKING FAMILIES FOR"" -- the link matched only the particle ""DE"" of the row's surname; the committee is De Longchamp's; filer area code 951 (Riverside); this row is Francis De Leon Sanchez, Council Member, Bell Gardens",
9c028376-c13a-40a3-9103-400148a7b457,e086df00-1e48-4882-9594-82f4e9ee273c,Francis De Leon Sanchez,"Council Member, Bell Gardens",cal_access,1332976,"DE BRUHL TO THE VVUHSD BOARD OF EDUCATION 2010, COMMITTEE TO ELECT DR. DUNEEN","DE BRUHL TO THE VVUHSD BOARD OF EDUCATION 2010, COMMITTEE TO ELECT DR. DUNEEN",909,TERMINATED 12/31/2010,,needs_research,surname absent,disputed,"A names another person, or the matched token is a place, a word or a given name","auto-link on a token that is not the row's surname: Cal-Access 1332976 ""DE BRUHL TO THE VVUHSD BOARD OF EDUCATION 2010, COMMITTEE TO ELECT DR. DUNEEN"" -- the link matched only the particle ""DE"" of the row's surname; the committee is Dr. Duneen De Bruhl's; filer area code 909 (Inland Empire); this row is Francis De Leon Sanchez, Council Member, Bell Gardens",
9eb4df57-3b81-4e32-bf78-01cfb7e17af2,e086df00-1e48-4882-9594-82f4e9ee273c,Francis De Leon Sanchez,"Council Member, Bell Gardens",cal_access,1337337,DE VORE FOR SUPERVISOR 2012,DE VORE FOR SUPERVISOR 2012,949,TERMINATED 12/31/2011,,needs_research,surname absent,disputed,"A names another person, or the matched token is a place, a word or a given name","auto-link on a token that is not the row's surname: Cal-Access 1337337 ""DE VORE FOR SUPERVISOR 2012"" -- the link matched only the particle ""DE"" of the row's surname; the committee is De Vore's; filer area code 949 (Orange County); this row is Francis De Leon Sanchez, Council Member, Bell Gardens",
69cce71c-4625-4d00-b9cb-c28db1c00491,e086df00-1e48-4882-9594-82f4e9ee273c,Francis De Leon Sanchez,"Council Member, Bell Gardens",cal_access,1341741,DE FIGUEIREDO FOR SCHOOL BOARD 2011,DE FIGUEIREDO FOR SCHOOL BOARD 2011,661,TERMINATED 07/31/2012,,needs_research,surname absent,disputed,"A names another person, or the matched token is a place, a word or a given name","auto-link on a token that is not the row's surname: Cal-Access 1341741 ""DE FIGUEIREDO FOR SCHOOL BOARD 2011"" -- the link matched only the particle ""DE"" of the row's surname; the committee is De Figueiredo's; filer area code 661 (Kern County/Antelope Valley); this row is Francis De Leon Sanchez, Council Member, Bell Gardens",
c22f5df9-daa2-409b-929a-3c981913bda7,e086df00-1e48-4882-9594-82f4e9ee273c,Francis De Leon Sanchez,"Council Member, Bell Gardens",cal_access,1342031,DE YOUNG FOR ASSEMBLY 2012,DE YOUNG FOR ASSEMBLY 2012,818,TERMINATED 12/31/2011,,needs_research,surname absent,disputed,"A names another person, or the matched token is a place, a word or a given name","auto-link on a token that is not the row's surname: Cal-Access 1342031 ""DE YOUNG FOR ASSEMBLY 2012"" -- the link matched only the particle ""DE"" of the row's surname; the committee is De Young's; filer area code 818 (San Fernando Valley); this row is Francis De Leon Sanchez, Council Member, Bell Gardens",
c4026c18-52c4-4ab6-8035-ec83aa0fea3e,e086df00-1e48-4882-9594-82f4e9ee273c,Francis De Leon Sanchez,"Council Member, Bell Gardens",cal_access,1345160,"DE MAIO MAYOR 2012, TAXPAYERS FOR CARL","DE MAIO MAYOR 2012, TAXPAYERS FOR CARL",858,TERMINATED 10/30/2013,,needs_research,surname absent,disputed,"A names another person, or the matched token is a place, a word or a given name","auto-link on a token that is not the row's surname: Cal-Access 1345160 ""DE MAIO MAYOR 2012, TAXPAYERS FOR CARL"" -- the link matched only the particle ""DE"" of the row's surname; the committee is Carl DeMaio's; filer area code 858 (San Diego); this row is Francis De Leon Sanchez, Council Member, Bell Gardens",
e334a46d-bed3-4b60-ae85-39fa09209c7a,e086df00-1e48-4882-9594-82f4e9ee273c,Francis De Leon Sanchez,"Council Member, Bell Gardens",cal_access,1347068,"VAN DE BROOKE FOR SUPERVISOR 2012, COALITION FOR WOMEN'S HEALTH AN INDEPENDENT COMMITTEE SUPPORTING TOMI","VAN DE BROOKE FOR SUPERVISOR 2012, COALITION FOR WOMEN'S HEALTH AN INDEPENDENT COMMITTEE SUPPORTING TOMI",925,TERMINATED 07/24/2012,,needs_research,surname absent,disputed,"A names another person, or the matched token is a place, a word or a given name","auto-link on a token that is not the row's surname: Cal-Access 1347068 ""VAN DE BROOKE FOR SUPERVISOR 2012, COALITION FOR WOMEN'S HEALTH AN INDEPENDENT COMMITTEE SUPPORTING TOMI"" -- the link matched only the particle ""DE"" of the row's surname; the committee is Tomi Van de Brooke's; filer area code 925 (Contra Costa); this row is Francis De Leon Sanchez, Council Member, Bell Gardens",
a1293fcd-4b33-4087-96eb-e12b5d9bf355,e086df00-1e48-4882-9594-82f4e9ee273c,Francis De Leon Sanchez,"Council Member, Bell Gardens",cal_access,1348532,DE VRIES FOR CITY COUNCIL 2012,DE VRIES FOR CITY COUNCIL 2012,805,TERMINATED 12/31/2012,,needs_research,surname absent,disputed,"A names another person, or the matched token is a place, a word or a given name","auto-link on a token that is not the row's surname: Cal-Access 1348532 ""DE VRIES FOR CITY COUNCIL 2012"" -- the link matched only the particle ""DE"" of the row's surname; the committee is De Vries's; filer area code 805 (Central Coast/Ventura); this row is Francis De Leon Sanchez, Council Member, Bell Gardens",
1c3e0241-0f7e-4f4c-ab9b-bb6e2296a31a,e086df00-1e48-4882-9594-82f4e9ee273c,Francis De Leon Sanchez,"Council Member, Bell Gardens",cal_access,1349510,"DE LEON FOR SCHOOL BOARD 2012, FRIENDS OF","DE LEON FOR SCHOOL BOARD 2012, FRIENDS OF",951,TERMINATED 12/04/2012,,needs_research,surname only,disputed,C the filer evidence places it elsewhere (area code or shared filer phone),"surname-only auto-link: Cal-Access 1349510 ""DE LEON FOR SCHOOL BOARD 2012, FRIENDS OF"" -- a campaign for a school board; filer area code 951 (Riverside) is outside the Los Angeles region and nothing ties it to the row; this row is Francis De Leon Sanchez, Council Member, Bell Gardens",
41943598-c1db-4d6b-abce-90dd6b78bafa,e086df00-1e48-4882-9594-82f4e9ee273c,Francis De Leon Sanchez,"Council Member, Bell Gardens",cal_access,1352465,"DE MAIO FOR SAN DIEGO MAYOR 2012 WITH MAJOR FUNDING PROVIDED BY THE CHARLES MC HAFFIE TRUST, CONSERVATIVES FOR GAY RIGHTS IN SUPPORT OF CARL","DE MAIO FOR SAN DIEGO MAYOR 2012 WITH MAJOR FUNDING PROVIDED BY THE CHARLES MC HAFFIE TRUST, CONSERVATIVES FOR GAY RIGHTS IN SUPPORT OF CARL",858,TERMINATED 12/14/2012,,needs_research,surname absent,disputed,"A names another person, or the matched token is a place, a word or a given name","auto-link on a token that is not the row's surname: Cal-Access 1352465 ""DE MAIO FOR SAN DIEGO MAYOR 2012 WITH MAJOR FUNDING PROVIDED BY THE CHARLES MC HAFFIE TRUST, CONSERVATIVES FOR GAY RIGHTS IN SUPPORT OF CARL"" -- the link matched only the particle ""DE"" of the row's surname; the committee is Carl DeMaio's; filer area code 858 (San Diego); this row is Francis De Leon Sanchez, Council Member, Bell Gardens",
fd481a1c-61d5-4875-963a-8f19b5a12432,e086df00-1e48-4882-9594-82f4e9ee273c,Francis De Leon Sanchez,"Council Member, Bell Gardens",cal_access,1352704,"DE MAIO FOR MAYOR 2012, GAY FRIENDS SUPPORTING CARL","DE MAIO FOR MAYOR 2012, GAY FRIENDS SUPPORTING CARL",619,TERMINATED 01/01/2013,,needs_research,surname absent,disputed,"A names another person, or the matched token is a place, a word or a given name","auto-link on a token that is not the row's surname: Cal-Access 1352704 ""DE MAIO FOR MAYOR 2012, GAY FRIENDS SUPPORTING CARL"" -- the link matched only the particle ""DE"" of the row's surname; the committee is Carl DeMaio's; filer area code 619 (San Diego); this row is Francis De Leon Sanchez, Council Member, Bell Gardens",
c11a6377-6ad7-46a5-a9b7-1f1b916ebe52,e086df00-1e48-4882-9594-82f4e9ee273c,Francis De Leon Sanchez,"Council Member, Bell Gardens",cal_access,1356406,DE YOUNG FOR ASSEMBLY 2013,DE YOUNG FOR ASSEMBLY 2013,818,TERMINATED 10/11/2013,,needs_research,surname absent,disputed,"A names another person, or the matched token is a place, a word or a given name","auto-link on a token that is not the row's surname: Cal-Access 1356406 ""DE YOUNG FOR ASSEMBLY 2013"" -- the link matched only the particle ""DE"" of the row's surname; the committee is De Young's; filer area code 818 (San Fernando Valley); this row is Francis De Leon Sanchez, Council Member, Bell Gardens",
2578c1c3-8209-422d-8637-17e9f8ecd1ef,e086df00-1e48-4882-9594-82f4e9ee273c,Francis De Leon Sanchez,"Council Member, Bell Gardens",cal_access,1360495,DE FRANCO FOR SALINAS ELEMENTARY SCHOOL BOARD MEMBER 2013,DE FRANCO FOR SALINAS ELEMENTARY SCHOOL BOARD MEMBER 2013,831,TERMINATED 08/31/2018,,needs_research,surname absent,disputed,"A names another person, or the matched token is a place, a word or a given name","auto-link on a token that is not the row's surname: Cal-Access 1360495 ""DE FRANCO FOR SALINAS ELEMENTARY SCHOOL BOARD MEMBER 2013"" -- the link matched only the particle ""DE"" of the row's surname; the committee is De Franco (Salinas)'s; filer area code 831 (Monterey/Santa Cruz); this row is Francis De Leon Sanchez, Council Member, Bell Gardens",
1b0a4f48-0283-498c-91c8-0e24ead43c7e,e086df00-1e48-4882-9594-82f4e9ee273c,Francis De Leon Sanchez,"Council Member, Bell Gardens",cal_access,1363521,DE BRUM FOR MANTECA MAYOR 2018,DE BRUM FOR MANTECA MAYOR 2018,209,TERMINATED 07/20/2023,,needs_research,surname absent,disputed,"A names another person, or the matched token is a place, a word or a given name","auto-link on a token that is not the row's surname: Cal-Access 1363521 ""DE BRUM FOR MANTECA MAYOR 2018"" -- the link matched only the particle ""DE"" of the row's surname; the committee is De Brum (Manteca)'s; filer area code 209 (Stockton/Modesto); this row is Francis De Leon Sanchez, Council Member, Bell Gardens",
f9db8b5c-c732-4775-9c01-9afc3b9862aa,e086df00-1e48-4882-9594-82f4e9ee273c,Francis De Leon Sanchez,"Council Member, Bell Gardens",cal_access,1370709,DE ROSE FOR SCHOOL BOARD 2014,DE ROSE FOR SCHOOL BOARD 2014,831,TERMINATED 01/14/2015,,needs_research,surname absent,disputed,"A names another person, or the matched token is a place, a word or a given name","auto-link on a token that is not the row's surname: Cal-Access 1370709 ""DE ROSE FOR SCHOOL BOARD 2014"" -- the link matched only the particle ""DE"" of the row's surname; the committee is De Rose's; filer area code 831 (Monterey/Santa Cruz); this row is Francis De Leon Sanchez, Council Member, Bell Gardens",
cde03139-1e09-45ed-b259-71d64cb719e1,e086df00-1e48-4882-9594-82f4e9ee273c,Francis De Leon Sanchez,"Council Member, Bell Gardens",cal_access,1379034,DE FIGUEIREDO FOR SCHOOL BOARD 2015,DE FIGUEIREDO FOR SCHOOL BOARD 2015,661,TERMINATED 07/27/2016,,needs_research,surname absent,disputed,"A names another person, or the matched token is a place, a word or a given name","auto-link on a token that is not the row's surname: Cal-Access 1379034 ""DE FIGUEIREDO FOR SCHOOL BOARD 2015"" -- the link matched only the particle ""DE"" of the row's surname; the committee is De Figueiredo's; filer area code 661 (Kern County/Antelope Valley); this row is Francis De Leon Sanchez, Council Member, Bell Gardens",
e2ee6047-e5a3-4d77-93d2-9de6fc26d994,e086df00-1e48-4882-9594-82f4e9ee273c,Francis De Leon Sanchez,"Council Member, Bell Gardens",cal_access,1384949,AHRENS FOR FOOTHILL - DE ANZA COLLEGE BOARD 2016,AHRENS FOR FOOTHILL - DE ANZA COLLEGE BOARD 2016,408,TERMINATED 06/09/2026,,needs_research,surname absent,disputed,"A names another person, or the matched token is a place, a word or a given name","auto-link on a token that is not the row's surname: Cal-Access 1384949 ""AHRENS FOR FOOTHILL - DE ANZA COLLEGE BOARD 2016"" -- the link matched ""DE"" in the name of Foothill-De Anza College; the committee is Ahrens's; filer area code 408 (San Jose); this row is Francis De Leon Sanchez, Council Member, Bell Gardens",
96669e6c-c3c5-4577-8640-cdd39c7137b1,e086df00-1e48-4882-9594-82f4e9ee273c,Francis De Leon Sanchez,"Council Member, Bell Gardens",cal_access,1391684,DE MEO FOR FALLBROOK HIGH SCHOOL 2016,DE MEO FOR FALLBROOK HIGH SCHOOL 2016,760,ACTIVE,,needs_research,surname absent,disputed,"A names another person, or the matched token is a place, a word or a given name","auto-link on a token that is not the row's surname: Cal-Access 1391684 ""DE MEO FOR FALLBROOK HIGH SCHOOL 2016"" -- the link matched only the particle ""DE"" of the row's surname; the committee is De Meo's; filer area code 760 (Inland/north San Diego County); this row is Francis De Leon Sanchez, Council Member, Bell Gardens",
5035d250-f877-4795-98bc-778d4b872511,e086df00-1e48-4882-9594-82f4e9ee273c,Francis De Leon Sanchez,"Council Member, Bell Gardens",cal_access,1396946,DE OCAMPO FOR ASSEMBLY 2018,DE OCAMPO FOR ASSEMBLY 2018,916,TERMINATED 08/19/2017,,needs_research,surname absent,disputed,"A names another person, or the matched token is a place, a word or a given name","auto-link on a token that is not the row's surname: Cal-Access 1396946 ""DE OCAMPO FOR ASSEMBLY 2018"" -- the link matched only the particle ""DE"" of the row's surname; the committee is De Ocampo's; filer area code 916 (Sacramento); this row is Francis De Leon Sanchez, Council Member, Bell Gardens",
5e212e55-91d4-4801-a41b-1ad00587280c,e086df00-1e48-4882-9594-82f4e9ee273c,Francis De Leon Sanchez,"Council Member, Bell Gardens",cal_access,1397405,DE OCAMPO FOR ASSEMBLY 2017,DE OCAMPO FOR ASSEMBLY 2017,916,TERMINATED 06/30/2020,,needs_research,surname absent,disputed,"A names another person, or the matched token is a place, a word or a given name","auto-link on a token that is not the row's surname: Cal-Access 1397405 ""DE OCAMPO FOR ASSEMBLY 2017"" -- the link matched only the particle ""DE"" of the row's surname; the committee is De Ocampo's; filer area code 916 (Sacramento); this row is Francis De Leon Sanchez, Council Member, Bell Gardens",
adf2e7dc-e0ed-4628-8eb9-4f2075777878,e086df00-1e48-4882-9594-82f4e9ee273c,Francis De Leon Sanchez,"Council Member, Bell Gardens",cal_access,1399915,DE BOER FOR OID BOARD OF DIRECTORS DIVISION 5 2017,DE BOER FOR OID BOARD OF DIRECTORS DIVISION 5 2017,209,TERMINATED 06/30/2018,,needs_research,surname absent,disputed,"A names another person, or the matched token is a place, a word or a given name","auto-link on a token that is not the row's surname: Cal-Access 1399915 ""DE BOER FOR OID BOARD OF DIRECTORS DIVISION 5 2017"" -- the link matched only the particle ""DE"" of the row's surname; the committee is De Boer's; filer area code 209 (Stockton/Modesto); this row is Francis De Leon Sanchez, Council Member, Bell Gardens",
430bba35-7816-44a3-af0a-1415dff1b6a9,e086df00-1e48-4882-9594-82f4e9ee273c,Francis De Leon Sanchez,"Council Member, Bell Gardens",cal_access,1409692,DE HART FOR TURLOCK CITY COUNCIL DISTRICT 3 2018,DE HART FOR TURLOCK CITY COUNCIL DISTRICT 3 2018,209,TERMINATED 04/08/2019,,needs_research,surname absent,disputed,"A names another person, or the matched token is a place, a word or a given name","auto-link on a token that is not the row's surname: Cal-Access 1409692 ""DE HART FOR TURLOCK CITY COUNCIL DISTRICT 3 2018"" -- the link matched only the particle ""DE"" of the row's surname; the committee is De Hart (Turlock)'s; filer area code 209 (Stockton/Modesto); this row is Francis De Leon Sanchez, Council Member, Bell Gardens",
c58d0295-d208-4bb9-9767-07d1fac69c1b,e086df00-1e48-4882-9594-82f4e9ee273c,Francis De Leon Sanchez,"Council Member, Bell Gardens",cal_access,1409738,DE VRIES FOR CHAFFEY JOINT UNION HIGH SCHOOL DISTRICT #3 2018; TAXPAYERS FOR EARL,DE VRIES FOR CHAFFEY JOINT UNION HIGH SCHOOL DISTRICT #3 2018; TAXPAYERS FOR EARL,909,TERMINATED 12/10/2018,,needs_research,surname absent,disputed,"A names another person, or the matched token is a place, a word or a given name","auto-link on a token that is not the row's surname: Cal-Access 1409738 ""DE VRIES FOR CHAFFEY JOINT UNION HIGH SCHOOL DISTRICT #3 2018; TAXPAYERS FOR EARL"" -- the link matched only the particle ""DE"" of the row's surname; the committee is Earl De Vries's; filer area code 909 (Inland Empire); this row is Francis De Leon Sanchez, Council Member, Bell Gardens",
2672fcc2-7fcd-45d6-8906-ada40ff5e255,e086df00-1e48-4882-9594-82f4e9ee273c,Francis De Leon Sanchez,"Council Member, Bell Gardens",cal_access,1411291,DE ROSE FOR SCHOOL BOARD 2018,DE ROSE FOR SCHOOL BOARD 2018,831,TERMINATED 07/31/2019,,needs_research,surname absent,disputed,"A names another person, or the matched token is a place, a word or a given name","auto-link on a token that is not the row's surname: Cal-Access 1411291 ""DE ROSE FOR SCHOOL BOARD 2018"" -- the link matched only the particle ""DE"" of the row's surname; the committee is De Rose's; filer area code 831 (Monterey/Santa Cruz); this row is Francis De Leon Sanchez, Council Member, Bell Gardens",
c3b136bf-f28e-4827-bbea-c3dc2ded19e8,e086df00-1e48-4882-9594-82f4e9ee273c,Francis De Leon Sanchez,"Council Member, Bell Gardens",cal_access,1412135,VAN DE WETERING DUARTE CITY COUNCIL 2018,VAN DE WETERING DUARTE CITY COUNCIL 2018,626,TERMINATED 12/31/2018,,needs_research,surname absent,disputed,"A names another person, or the matched token is a place, a word or a given name","auto-link on a token that is not the row's surname: Cal-Access 1412135 ""VAN DE WETERING DUARTE CITY COUNCIL 2018"" -- the link matched only the particle ""DE"" of the row's surname; the committee is Van de Wetering (Duarte)'s; filer area code 626 (San Gabriel Valley); this row is Francis De Leon Sanchez, Council Member, Bell Gardens",
1decab8e-a72d-4206-b6b9-0dffe393c822,e086df00-1e48-4882-9594-82f4e9ee273c,Francis De Leon Sanchez,"Council Member, Bell Gardens",cal_access,1430604,"NORMAND FOR STANTON CITY COUNCIL D2 ""2020""; DE WAYNE","NORMAND FOR STANTON CITY COUNCIL D2 ""2020""; DE WAYNE",714,TERMINATED 12/31/2022,,needs_research,surname absent,disputed,"A names another person, or the matched token is a place, a word or a given name","auto-link on a token that is not the row's surname: Cal-Access 1430604 ""NORMAND FOR STANTON CITY COUNCIL D2 ""2020""; DE WAYNE"" -- names a different person (De Wayne Normand, Stanton); filer area code 714 (Orange County); this row is Francis De Leon Sanchez, Council Member, Bell Gardens",
883f538c-a0fe-40b7-8635-a2a4a257c0f0,e086df00-1e48-4882-9594-82f4e9ee273c,Francis De Leon Sanchez,"Council Member, Bell Gardens",cal_access,1449668,DE LEON FOR BELL GARDENS CITY COUNCIL 2022,DE LEON FOR BELL GARDENS CITY COUNCIL 2022,213,TERMINATED 05/10/2023,,needs_research,surname only,keep needs_research,unresolved,,Bell Gardens City Council 2022; probably the row's own
e4bd2bab-f375-4436-90e6-82469ddc9148,e086df00-1e48-4882-9594-82f4e9ee273c,Francis De Leon Sanchez,"Council Member, Bell Gardens",cal_access,1451047,DE DOMENICO 4 TRUSTEE 2022,DE DOMENICO 4 TRUSTEE 2022,415,TERMINATED 04/11/2023,,needs_research,surname absent,disputed,"A names another person, or the matched token is a place, a word or a given name","auto-link on a token that is not the row's surname: Cal-Access 1451047 ""DE DOMENICO 4 TRUSTEE 2022"" -- the link matched only the particle ""DE"" of the row's surname; the committee is De Domenico's; filer area code 415 (San Francisco); this row is Francis De Leon Sanchez, Council Member, Bell Gardens",
e4a0eb84-e0c9-4c3f-b12c-bdf9fc82f8ab,e086df00-1e48-4882-9594-82f4e9ee273c,Francis De Leon Sanchez,"Council Member, Bell Gardens",cal_access,1456075,DE JESUS FOR SCHOOL BOARD 2022,DE JESUS FOR SCHOOL BOARD 2022,831,TERMINATED 11/25/2022,,needs_research,surname absent,disputed,"A names another person, or the matched token is a place, a word or a given name","auto-link on a token that is not the row's surname: Cal-Access 1456075 ""DE JESUS FOR SCHOOL BOARD 2022"" -- the link matched only the particle ""DE"" of the row's surname; the committee is De Jesus's; filer area code 831 (Monterey/Santa Cruz); this row is Francis De Leon Sanchez, Council Member, Bell Gardens",
a2471d31-00ec-4431-a3f4-937b0412c17a,e086df00-1e48-4882-9594-82f4e9ee273c,Francis De Leon Sanchez,"Council Member, Bell Gardens",cal_access,1458672,DE BRUM FOR SUPERVISOR 2024,DE BRUM FOR SUPERVISOR 2024,209,TERMINATED 01/25/2025,,needs_research,surname absent,disputed,"A names another person, or the matched token is a place, a word or a given name","auto-link on a token that is not the row's surname: Cal-Access 1458672 ""DE BRUM FOR SUPERVISOR 2024"" -- the link matched only the particle ""DE"" of the row's surname; the committee is De Brum's; filer area code 209 (Stockton/Modesto); this row is Francis De Leon Sanchez, Council Member, Bell Gardens",
6bc20532-d7e6-4f50-9053-7964093aa44e,e086df00-1e48-4882-9594-82f4e9ee273c,Francis De Leon Sanchez,"Council Member, Bell Gardens",cal_access,1460469,DE VILLE FOR ASSESSOR 2026,DE VILLE FOR ASSESSOR 2026,916,ACTIVE,,needs_research,surname absent,disputed,"A names another person, or the matched token is a place, a word or a given name","auto-link on a token that is not the row's surname: Cal-Access 1460469 ""DE VILLE FOR ASSESSOR 2026"" -- the link matched only the particle ""DE"" of the row's surname; the committee is De Ville's; filer area code 916 (Sacramento); this row is Francis De Leon Sanchez, Council Member, Bell Gardens",
ecbf681d-2bf8-4673-a7b9-1513a0fd672b,e086df00-1e48-4882-9594-82f4e9ee273c,Francis De Leon Sanchez,"Council Member, Bell Gardens",cal_access,1461155,PETERSON FOR FOOTHILL -- DE ANZA COLLEGE BOARD 2024,PETERSON FOR FOOTHILL -- DE ANZA COLLEGE BOARD 2024,650,ACTIVE,,needs_research,surname absent,disputed,"A names another person, or the matched token is a place, a word or a given name","auto-link on a token that is not the row's surname: Cal-Access 1461155 ""PETERSON FOR FOOTHILL -- DE ANZA COLLEGE BOARD 2024"" -- the link matched ""DE"" in the name of Foothill-De Anza College; the committee is Peterson's; filer area code 650 (San Mateo County); this row is Francis De Leon Sanchez, Council Member, Bell Gardens",
ece88ac7-c7fa-43f8-ba1c-721223d98b03,e086df00-1e48-4882-9594-82f4e9ee273c,Francis De Leon Sanchez,"Council Member, Bell Gardens",cal_access,1464217,DE VINNEY FOR CITY COUNCIL 2024,DE VINNEY FOR CITY COUNCIL 2024,310,TERMINATED 12/31/2025,,needs_research,surname absent,disputed,"A names another person, or the matched token is a place, a word or a given name","auto-link on a token that is not the row's surname: Cal-Access 1464217 ""DE VINNEY FOR CITY COUNCIL 2024"" -- the link matched only the particle ""DE"" of the row's surname; the committee is De Vinney's; filer area code 310 (West LA/South Bay); this row is Francis De Leon Sanchez, Council Member, Bell Gardens",
2c685390-65a6-45fc-8239-20980a94945f,e086df00-1e48-4882-9594-82f4e9ee273c,Francis De Leon Sanchez,"Council Member, Bell Gardens",cal_access,1466592,DE MAIO FOR STATE ASSEMBLY 2024 SPONSORED BY CALIFORNIA PROFESSIONAL FIREFIGHTERS; COMMITTEE FOR A SAFER SAN DIEGO COUNTY TO OPPOSE CARL,DE MAIO FOR STATE ASSEMBLY 2024 SPONSORED BY CALIFORNIA PROFESSIONAL FIREFIGHTERS; COMMITTEE FOR A SAFER SAN DIEGO COUNTY TO OPPOSE CARL,916,TERMINATED 12/31/2024,,needs_research,surname absent,disputed,"A names another person, or the matched token is a place, a word or a given name","auto-link on a token that is not the row's surname: Cal-Access 1466592 ""DE MAIO FOR STATE ASSEMBLY 2024 SPONSORED BY CALIFORNIA PROFESSIONAL FIREFIGHTERS; COMMITTEE FOR A SAFER SAN DIEGO COUNTY TO OPPOSE CARL"" -- the link matched only the particle ""DE"" of the row's surname; the committee is Carl DeMaio's; filer area code 916 (Sacramento); this row is Francis De Leon Sanchez, Council Member, Bell Gardens",
30c0a203-4698-437e-929d-1e86b3066f1f,e086df00-1e48-4882-9594-82f4e9ee273c,Francis De Leon Sanchez,"Council Member, Bell Gardens",cal_access,1466658,DE MAIO AND SUPPORT ANDREW HAYES FOR ASSEMBLY 2024; SAN DIEGO STRONG 2024 A COMMITTEE TO OPPOSE CARL,DE MAIO AND SUPPORT ANDREW HAYES FOR ASSEMBLY 2024; SAN DIEGO STRONG 2024 A COMMITTEE TO OPPOSE CARL,619,TERMINATED 12/31/2024,,needs_research,surname absent,disputed,"A names another person, or the matched token is a place, a word or a given name","auto-link on a token that is not the row's surname: Cal-Access 1466658 ""DE MAIO AND SUPPORT ANDREW HAYES FOR ASSEMBLY 2024; SAN DIEGO STRONG 2024 A COMMITTEE TO OPPOSE CARL"" -- the link matched only the particle ""DE"" of the row's surname; the committee is Carl DeMaio's; filer area code 619 (San Diego); this row is Francis De Leon Sanchez, Council Member, Bell Gardens",
f736a526-7092-4993-a501-eab6a02065eb,e086df00-1e48-4882-9594-82f4e9ee273c,Francis De Leon Sanchez,"Council Member, Bell Gardens",cal_access,1469092,DE MOOY FOR OCEANSIDE CITY COUNCIL DISTRICT 3 2024,DE MOOY FOR OCEANSIDE CITY COUNCIL DISTRICT 3 2024,760,TERMINATED 01/29/2025,,needs_research,surname absent,disputed,"A names another person, or the matched token is a place, a word or a given name","auto-link on a token that is not the row's surname: Cal-Access 1469092 ""DE MOOY FOR OCEANSIDE CITY COUNCIL DISTRICT 3 2024"" -- the link matched only the particle ""DE"" of the row's surname; the committee is De Mooy (Oceanside)'s; filer area code 760 (Inland/north San Diego County); this row is Francis De Leon Sanchez, Council Member, Bell Gardens",
1f1cbc4a-76af-4a2a-8d22-98c176f311b8,e086df00-1e48-4882-9594-82f4e9ee273c,Francis De Leon Sanchez,"Council Member, Bell Gardens",cal_access,1470207,DE FOREST 2024 FOR MURRIETA CITY COUNCIL; COMMITTEE TO ELECT DR. LISA,DE FOREST 2024 FOR MURRIETA CITY COUNCIL; COMMITTEE TO ELECT DR. LISA,951,ACTIVE,,needs_research,surname absent,disputed,"A names another person, or the matched token is a place, a word or a given name","auto-link on a token that is not the row's surname: Cal-Access 1470207 ""DE FOREST 2024 FOR MURRIETA CITY COUNCIL; COMMITTEE TO ELECT DR. LISA"" -- the link matched only the particle ""DE"" of the row's surname; the committee is Dr. Lisa De Forest (Murrieta)'s; filer area code 951 (Riverside); this row is Francis De Leon Sanchez, Council Member, Bell Gardens",
4d5d6303-5229-45b4-9b20-bf570f50a96c,e086df00-1e48-4882-9594-82f4e9ee273c,Francis De Leon Sanchez,"Council Member, Bell Gardens",cal_access,1471070,DE SENA FOR CITY COUNCIL 2024,DE SENA FOR CITY COUNCIL 2024,916,TERMINATED 06/30/2025,,needs_research,surname absent,disputed,"A names another person, or the matched token is a place, a word or a given name","auto-link on a token that is not the row's surname: Cal-Access 1471070 ""DE SENA FOR CITY COUNCIL 2024"" -- the link matched only the particle ""DE"" of the row's surname; the committee is De Sena's; filer area code 916 (Sacramento); this row is Francis De Leon Sanchez, Council Member, Bell Gardens",
8afb6fcf-31b6-42c5-b49d-77c42c29fcdc,e086df00-1e48-4882-9594-82f4e9ee273c,Francis De Leon Sanchez,"Council Member, Bell Gardens",cal_access,1472570,"DE LEON FOR CITY COUNCIL 2024, SPONSORED BY LABORERS' INTERNATIONAL UNION OF NORTH AMERICA, LOCAL 300; WORKING FAMILIES FOR","DE LEON FOR CITY COUNCIL 2024, SPONSORED BY LABORERS' INTERNATIONAL UNION OF NORTH AMERICA, LOCAL 300; WORKING FAMILIES FOR",619,TERMINATED 04/15/2025,,needs_research,surname only,disputed,"B another named place or district, or an opposing / ballot / recall committee","surname-only auto-link: Cal-Access 1472570 ""DE LEON FOR CITY COUNCIL 2024, SPONSORED BY LABORERS' INTERNATIONAL UNION OF NORTH AMERICA, LOCAL 300; WORKING FAMILIES FOR"" -- LA City Ethics lists this committee: it supports ""De Leon for City Council 2024"" in the City of Los Angeles, not the Bell Gardens seat; filer area code 619 (San Diego); this row is Francis De Leon Sanchez, Council Member, Bell Gardens",
8db942a0-cbe1-446a-81f0-44f9cc48a753,e086df00-1e48-4882-9594-82f4e9ee273c,Francis De Leon Sanchez,"Council Member, Bell Gardens",cal_access,1473877,DE CARLI FOR CITY COUNCIL 2024,DE CARLI FOR CITY COUNCIL 2024,707,ACTIVE,,needs_research,surname absent,disputed,"A names another person, or the matched token is a place, a word or a given name","auto-link on a token that is not the row's surname: Cal-Access 1473877 ""DE CARLI FOR CITY COUNCIL 2024"" -- the link matched only the particle ""DE"" of the row's surname; the committee is De Carli's; filer area code 707 (North Bay); this row is Francis De Leon Sanchez, Council Member, Bell Gardens",
490553db-1a5b-429d-b804-1f82be4ace1b,e086df00-1e48-4882-9594-82f4e9ee273c,Francis De Leon Sanchez,"Council Member, Bell Gardens",cal_access,1474094,MEXICAN & ASIAN AMERICAN LEADERSHIP PAC TO SUPPORT DE LEON FOR CITY COUNCIL 2024; THE,MEXICAN & ASIAN AMERICAN LEADERSHIP PAC TO SUPPORT DE LEON FOR CITY COUNCIL 2024; THE,213,TERMINATED 10/14/2024,,needs_research,surname only,disputed,"B another named place or district, or an opposing / ballot / recall committee","surname-only auto-link: Cal-Access 1474094 ""MEXICAN & ASIAN AMERICAN LEADERSHIP PAC TO SUPPORT DE LEON FOR CITY COUNCIL 2024; THE"" -- LA City Ethics lists this committee: it supports ""De Leon for City Council 2024"" in the City of Los Angeles, not the Bell Gardens seat; filer area code 213 (Los Angeles); this row is Francis De Leon Sanchez, Council Member, Bell Gardens",
2e290f47-db73-4a3d-b684-a3e9a97eb66c,e086df00-1e48-4882-9594-82f4e9ee273c,Francis De Leon Sanchez,"Council Member, Bell Gardens",cal_access,1479584,DE HOFF RECALL; NEIGHBORS IN SUPPORT OF PETER,DE HOFF RECALL; NEIGHBORS IN SUPPORT OF PETER,858,TERMINATED 06/30/2026,,needs_research,surname absent,disputed,"A names another person, or the matched token is a place, a word or a given name","auto-link on a token that is not the row's surname: Cal-Access 1479584 ""DE HOFF RECALL; NEIGHBORS IN SUPPORT OF PETER"" -- the link matched only the particle ""DE"" of the row's surname; the committee is De Hoff (a recall committee)'s; filer area code 858 (San Diego); this row is Francis De Leon Sanchez, Council Member, Bell Gardens",
b03e00f0-ff1d-413c-9587-2f01bdb915fe,e086df00-1e48-4882-9594-82f4e9ee273c,Francis De Leon Sanchez,"Council Member, Bell Gardens",cal_access,1482542,DE WARREN FOR GOVERNOR 2026,DE WARREN FOR GOVERNOR 2026,323,TERMINATED 10/01/2025,,needs_research,surname absent,disputed,"A names another person, or the matched token is a place, a word or a given name","auto-link on a token that is not the row's surname: Cal-Access 1482542 ""DE WARREN FOR GOVERNOR 2026"" -- the link matched only the particle ""DE"" of the row's surname; the committee is De Warren's; filer area code 323 (Los Angeles); this row is Francis De Leon Sanchez, Council Member, Bell Gardens",
b0f7d46d-10b5-456d-87df-a0cb477349f1,e086df00-1e48-4882-9594-82f4e9ee273c,Francis De Leon Sanchez,"Council Member, Bell Gardens",cal_access,1484415,DE WARREN FOR LT GOVERNOR 2026,DE WARREN FOR LT GOVERNOR 2026,323,TERMINATED 11/11/2025,,needs_research,surname absent,disputed,"A names another person, or the matched token is a place, a word or a given name","auto-link on a token that is not the row's surname: Cal-Access 1484415 ""DE WARREN FOR LT GOVERNOR 2026"" -- the link matched only the particle ""DE"" of the row's surname; the committee is De Warren's; filer area code 323 (Los Angeles); this row is Francis De Leon Sanchez, Council Member, Bell Gardens",
d3709ab2-27d4-4740-abdb-a0c89e58428f,e086df00-1e48-4882-9594-82f4e9ee273c,Francis De Leon Sanchez,"Council Member, Bell Gardens",cal_access,1488070,DE LUCA BASUALDO FOR GOVERNOR 2026,DE LUCA BASUALDO FOR GOVERNOR 2026,408,ACTIVE,,needs_research,surname absent,disputed,"A names another person, or the matched token is a place, a word or a given name","auto-link on a token that is not the row's surname: Cal-Access 1488070 ""DE LUCA BASUALDO FOR GOVERNOR 2026"" -- the link matched only the particle ""DE"" of the row's surname; the committee is De Luca Basualdo's; filer area code 408 (San Jose); this row is Francis De Leon Sanchez, Council Member, Bell Gardens",
4f1ace51-6634-4eea-aeac-c118501abcff,3bdeb92d-284e-4672-b006-d6cd68070e64,Frank Aurelio Yokoyama,"Mayor, Cerritos",cal_access,1353027,"YOKOYAMA FOR CERRITOS CITY COUNCIL 2013, FRANK","YOKOYAMA FOR CERRITOS CITY COUNCIL 2013, FRANK",323,TERMINATED 06/30/2015,,needs_research,full name,keep needs_research,full name (out of scope),,
114c6836-911b-42a7-ba40-27ce3709c7ec,3bdeb92d-284e-4672-b006-d6cd68070e64,Frank Aurelio Yokoyama,"Mayor, Cerritos",cal_access,1374987,YOKOYAMA FOR CERRITOS CITY COUNCIL 2015; FRANK,YOKOYAMA FOR CERRITOS CITY COUNCIL 2015; FRANK,323,TERMINATED 06/30/2016,,needs_research,full name,keep needs_research,full name (out of scope),,
4af445f3-2a76-4aa9-a026-2a29c449ddff,3bdeb92d-284e-4672-b006-d6cd68070e64,Frank Aurelio Yokoyama,"Mayor, Cerritos",cal_access,1395161,YOKOYAMA FOR CERRITOS CITY COUNCIL 2017; FRANK,YOKOYAMA FOR CERRITOS CITY COUNCIL 2017; FRANK,310,ACTIVE,,needs_research,full name,keep needs_research,full name (out of scope),,
d107ab2c-3b3a-40b2-8a66-b41e731e25b1,3bdeb92d-284e-4672-b006-d6cd68070e64,Frank Aurelio Yokoyama,"Mayor, Cerritos",cal_access,1442100,YOKOYAMA FOR CITY COUNCIL 2022; FRANK,YOKOYAMA FOR CITY COUNCIL 2022; FRANK,562,TERMINATED 08/11/2025,,needs_research,full name,keep needs_research,full name (out of scope),,
769dd5ec-67e3-4fbb-95e7-84004cc2e4ad,03575512-bf5d-4611-84dd-a8624c903164,Frank Garcia,"Council Member, Maywood",cal_access,1258914,"GARCIA FOR SCHOOL BOARD, FRANK","GARCIA FOR SCHOOL BOARD, FRANK",510,ACTIVE,,needs_research,full name,keep needs_research,full name (out of scope),,
b5cfff50-99c5-48c9-b402-a185164a9ef0,c5384731-1bde-469b-b40a-4057f7ea4ae7,Frank Talavera,"Council Member, Lawndale",cal_access,1280225,TALAVERA FOR CENTINELA VALLEY SCHOOL BOARD MEMBER,TALAVERA FOR CENTINELA VALLEY SCHOOL BOARD MEMBER,310,TERMINATED 03/07/2006,,needs_research,surname only,keep needs_research,unresolved,,
d8f17ef6-ea21-4ef3-9acb-72ec95b9976e,280bf705-d019-4a3f-97e6-88921486faf2,Gabriel Quinones,"Council Member, La Puente",cal_access,1452272,QUINONES FOR CITY COUNCIL DIST 3 2022,QUINONES FOR CITY COUNCIL DIST 3 2022,213,TERMINATED 03/23/2023,,needs_research,surname only,keep needs_research,unresolved,,
9b5750c7-c8d2-4930-882d-84cd5eb2db76,90b0fc60-30ca-4388-92b0-ff5dd2b443cb,Gabriela Camacho,"Council Member, Lynwood",cal_access,1260897,CAMACHO 4 MAYOR ELECTION COMMITTEE,CAMACHO 4 MAYOR ELECTION COMMITTEE,310,ACTIVE,,needs_research,surname only,keep needs_research,unresolved,,
2da5abea-81b3-448f-a297-67985ebf9653,90b0fc60-30ca-4388-92b0-ff5dd2b443cb,Gabriela Camacho,"Council Member, Lynwood",cal_access,1319557,CAMACHO FOR COUNCIL 2018,CAMACHO FOR COUNCIL 2018,213,TERMINATED 02/10/2024,,needs_research,surname only,keep needs_research,unresolved,,
94ae98e8-9d2c-4353-b32d-c652becbf3df,90b0fc60-30ca-4388-92b0-ff5dd2b443cb,Gabriela Camacho,"Council Member, Lynwood",cal_access,1379894,CAMACHO FOR TREASURER 2015; LYNWOOD FAMILIES FOR,CAMACHO FOR TREASURER 2015; LYNWOOD FAMILIES FOR,310,TERMINATED 01/24/2017,,needs_research,surname only,keep needs_research,unresolved,,
1af020c9-22ec-4967-9ea6-e3127a40bdf1,90b0fc60-30ca-4388-92b0-ff5dd2b443cb,Gabriela Camacho,"Council Member, Lynwood",cal_access,1428486,CAMACHO FOR SAN BERNARDINO COUNTY BOARD OF EDUCATION AREA C 2020,CAMACHO FOR SAN BERNARDINO COUNTY BOARD OF EDUCATION AREA C 2020,702,TERMINATED 06/20/2021,,needs_research,surname only,disputed,"B another named place or district, or an opposing / ballot / recall committee","surname-only auto-link: Cal-Access 1428486 ""CAMACHO FOR SAN BERNARDINO COUNTY BOARD OF EDUCATION AREA C 2020"" -- a campaign for the San Bernardino County Board of Education in San Bernardino County, not for the row's seat; filer area code 702 (Nevada); this row is Gabriela Camacho, Council Member, Lynwood",
f5a8cfe3-4aae-4dc6-8b65-1514f9bb69e3,90b0fc60-30ca-4388-92b0-ff5dd2b443cb,Gabriela Camacho,"Council Member, Lynwood",cal_access,1429722,CAMACHO FOR LYNWOOD CITY TREASURER 2020; GABRIELA,CAMACHO FOR LYNWOOD CITY TREASURER 2020; GABRIELA,213,TERMINATED 09/23/2022,,needs_research,full name,keep needs_research,full name (out of scope),,
2398106d-0d7a-4875-b368-ab08b3ce317f,90b0fc60-30ca-4388-92b0-ff5dd2b443cb,Gabriela Camacho,"Council Member, Lynwood",cal_access,1443780,CAMACHO FOR COUNTY ASSESSOR 2022,CAMACHO FOR COUNTY ASSESSOR 2022,831,TERMINATED 06/08/2022,,needs_research,surname only,disputed,C the filer evidence places it elsewhere (area code or shared filer phone),"surname-only auto-link: Cal-Access 1443780 ""CAMACHO FOR COUNTY ASSESSOR 2022"" -- a campaign for assessor; filer area code 831 (Monterey/Santa Cruz) is outside the Los Angeles region and nothing ties it to the row; this row is Gabriela Camacho, Council Member, Lynwood",
d1114911-321c-4bd3-9eff-102cd466f2e3,90b0fc60-30ca-4388-92b0-ff5dd2b443cb,Gabriela Camacho,"Council Member, Lynwood",cal_access,1446251,CAMACHO FOR CITY COUNCIL 2026,CAMACHO FOR CITY COUNCIL 2026,213,ACTIVE,,needs_research,surname only,keep needs_research,unresolved,,
16199a14-0f46-4008-b789-6e76398595df,71f9120b-9376-4970-a04f-96ba991e0c15,Gary Loe,"Council Member, Los Alamitos",cal_access,1475769,LOE CITY COUNCIL 2024 DISTRICT 2,LOE CITY COUNCIL 2024 DISTRICT 2,562,TERMINATED 04/27/2026,,needs_research,surname only,keep needs_research,unresolved,,
2030e16f-7775-4aea-aa5e-d5fbe98aaaff,f26309c8-2525-49b2-bdaf-62980cbb1853,Gavin Newsom,Governor,cal_access,1224413,NEWSOM 2002,NEWSOM 2002,415,TERMINATED 08/09/2004,,needs_research,surname only,keep needs_research,unresolved,,
d42324e0-1fdf-4e49-9565-4670485e5ce3,f26309c8-2525-49b2-bdaf-62980cbb1853,Gavin Newsom,Governor,cal_access,1250905,NEWSOM FOR MAYOR,NEWSOM FOR MAYOR,415,TERMINATED 06/30/2007,,needs_research,surname only,keep needs_research,unresolved,,
14fa68f2-9ad8-48b3-8732-05ae78113aa4,f26309c8-2525-49b2-bdaf-62980cbb1853,Gavin Newsom,Governor,cal_access,1253962,CHINESE AMERICANS FOR NEWSOM,CHINESE AMERICANS FOR NEWSOM,510,TERMINATED 08/04/2004,,needs_research,surname only,keep needs_research,unresolved,,
34878b45-b6b3-4128-933e-27998df4a73b,f26309c8-2525-49b2-bdaf-62980cbb1853,Gavin Newsom,Governor,cal_access,1254055,"NEWSOM, AFRICAN AMERICANS FOR","NEWSOM, AFRICAN AMERICANS FOR",510,TERMINATED 08/04/2004,,needs_research,surname only,keep needs_research,unresolved,,
633eaac8-c223-4845-b1ac-9100e6ad66f1,f26309c8-2525-49b2-bdaf-62980cbb1853,Gavin Newsom,Governor,cal_access,1254056,"NEWSOM, LGBT COMMUNITY FOR","NEWSOM, LGBT COMMUNITY FOR",510,TERMINATED 08/04/2004,,needs_research,surname only,keep needs_research,unresolved,,
497e26ef-cb10-4b0b-bbdd-c3ee71fa8702,f26309c8-2525-49b2-bdaf-62980cbb1853,Gavin Newsom,Governor,cal_access,1290430,"NEWSOM FOR MAYOR, GAVIN","NEWSOM FOR MAYOR, GAVIN",415,TERMINATED 10/10/2009,,needs_research,full name,keep needs_research,full name (out of scope),,
63c9d8c3-41ea-489d-818f-8319ce1c2853,f26309c8-2525-49b2-bdaf-62980cbb1853,Gavin Newsom,Governor,cal_access,1308175,NEWSOM FOR CALIFORNIA - GOVERNOR 2010,NEWSOM FOR CALIFORNIA - GOVERNOR 2010,415,TERMINATED 08/18/2011,,needs_research,surname only,keep needs_research,unresolved,,
de71a512-a7e4-434c-b569-50ba431d2713,f26309c8-2525-49b2-bdaf-62980cbb1853,Gavin Newsom,Governor,cal_access,1319132,"NEWSOM FOR GOVERNOR, CHANGE CALIFORNIA 2010","NEWSOM FOR GOVERNOR, CHANGE CALIFORNIA 2010",213,TERMINATED 06/30/2010,,needs_research,surname only,keep needs_research,unresolved,,
ea77b414-aa0f-4daf-8ff3-cc762ee29110,f26309c8-2525-49b2-bdaf-62980cbb1853,Gavin Newsom,Governor,cal_access,1325415,NEWSOM FOR CALIFORNIA - LIEUTENANT GOVERNOR 2010,NEWSOM FOR CALIFORNIA - LIEUTENANT GOVERNOR 2010,415,TERMINATED 12/31/2011,,needs_research,surname only,keep needs_research,unresolved,,
8d650554-d201-4941-904e-79754490551a,f26309c8-2525-49b2-bdaf-62980cbb1853,Gavin Newsom,Governor,cal_access,1333762,NEWSOM FOR CALIFORNIA LIEUTENANT GOVERNOR 2014,NEWSOM FOR CALIFORNIA LIEUTENANT GOVERNOR 2014,916,TERMINATED 12/31/2018,,needs_research,surname only,keep needs_research,unresolved,,
adf75fe6-6cd1-418f-ad6c-11ad12ef2b0d,f26309c8-2525-49b2-bdaf-62980cbb1853,Gavin Newsom,Governor,cal_access,1375287,NEWSOM FOR CALIFORNIA GOVERNOR 2018,NEWSOM FOR CALIFORNIA GOVERNOR 2018,916,TERMINATED 12/31/2019,,needs_research,surname only,keep needs_research,unresolved,,
ac24177e-147e-4d1a-95d9-056741139975,f26309c8-2525-49b2-bdaf-62980cbb1853,Gavin Newsom,Governor,cal_access,1394881,NEWSOM FOR GOVERNOR 2018; CITIZENS SUPPORTING,"NEWSOM FOR GOVERNOR 2018, SPONSORED BY LABOR ORGANIZATIONS AND BLUE SHIELD OF CALIFORNIA; CITIZENS SUPPORTING GAVIN",415,TERMINATED 12/31/2018,,needs_research,full name,keep needs_research,full name (out of scope),,
2ba49952-9b0c-4965-a92e-df9bce8109cd,f26309c8-2525-49b2-bdaf-62980cbb1853,Gavin Newsom,Governor,cal_access,1405859,NEWSOM FOR GOVERNOR 2018; EDUCATION ORGANIZATIONS FOR GAVIN,NEWSOM FOR GOVERNOR 2018; EDUCATION ORGANIZATIONS FOR GAVIN,916,TERMINATED 12/31/2018,,needs_research,full name,keep needs_research,full name (out of scope),,
fd7c76df-e0b0-4ffe-b027-cac9b331d1a7,f26309c8-2525-49b2-bdaf-62980cbb1853,Gavin Newsom,Governor,cal_access,1406095,NEWSOM FOR GOVERNOR 2018; AFRICAN AMERICAN VOTER REGISTRATION EDUCATION AND PARTICIPATION PROJECT IN SUPPORT OF GAVIN,NEWSOM FOR GOVERNOR 2018; AFRICAN AMERICAN VOTER REGISTRATION EDUCATION AND PARTICIPATION PROJECT IN SUPPORT OF GAVIN,213,TERMINATED 10/20/2018,,needs_research,full name,keep needs_research,full name (out of scope),,
a01edb66-0769-4764-82c4-3ebd982496d4,f26309c8-2525-49b2-bdaf-62980cbb1853,Gavin Newsom,Governor,cal_access,1412931,NEWSOM FOR GOVERNOR 2018; CENTRAL VALLEY CIVIC ENGAGEMENT PROJECT FOR,NEWSOM FOR GOVERNOR 2018 SPONSORED BY THE CALIFORNIA BUILDING INDUSTRY ASSOCIATION INDEPENDENT EXPENDITURE COMMITTEE; CENTRAL VALLEY CIVIC ENGAGEMENT PROJECT FOR,916,TERMINATED 12/15/2019,,needs_research,surname only,keep needs_research,unresolved,,
e6edecd6-ba7e-48f2-a0d7-f827df264aad,f26309c8-2525-49b2-bdaf-62980cbb1853,Gavin Newsom,Governor,cal_access,1419867,NEWSOM; CALIFORNIANS TO RECALL GAVIN,NEWSOM; CALIFORNIANS TO RECALL GAVIN,916,TERMINATED 04/28/2020,,needs_research,full name,keep needs_research,full name (out of scope),,
d9bab236-653b-435b-8d05-bb8f776c19d1,f26309c8-2525-49b2-bdaf-62980cbb1853,Gavin Newsom,Governor,cal_access,1460135,NEWSOM FOR CALIFORNIA GOVERNOR 2022 OFFICEHOLDER ACCOUNT,NEWSOM FOR CALIFORNIA GOVERNOR 2022 OFFICEHOLDER ACCOUNT,916,ACTIVE,,needs_research,surname only,keep needs_research,unresolved,,
dd4c8ee5-999a-490d-9775-3886ecdc0543,1635074f-3b7b-4d8c-a12d-e99367f99561,Gavin Solomon,,cal_access,1377947,SOLOMON FOR NEWHALL SCHOOL BOARD 2015,SOLOMON FOR NEWHALL SCHOOL BOARD 2015,661,TERMINATED 08/31/2015,,needs_research,surname only,keep needs_research,unresolved,,
43ffa5ac-9f22-4c45-93aa-10023278dbcc,1635074f-3b7b-4d8c-a12d-e99367f99561,Gavin Solomon,,cal_access,1456730,SOLOMON FOR TREASURER 2023,SOLOMON FOR TREASURER 2023,310,ACTIVE,,needs_research,surname only,keep needs_research,unresolved,,
efc259ba-d1ee-4b5d-b9bb-f79a2555dacd,931cccf5-caee-4356-b71c-184d8f011c59,Gene Goss,"Council Member, Sierra Madre",cal_access,1344755,"GOSS FOR CITY COUNCIL 2012, GENE","GOSS FOR CITY COUNCIL 2012, GENE",626,TERMINATED 06/30/2013,,needs_research,full name,keep needs_research,full name (out of scope),,
2e32a8e3-07a7-41eb-9ab9-333bb491bd73,931cccf5-caee-4356-b71c-184d8f011c59,Gene Goss,"Council Member, Sierra Madre",cal_access,1362729,"GOSS FOR CITY COUNCIL 2014, GENE","GOSS FOR CITY COUNCIL 2014, GENE",626,TERMINATED 06/30/2014,,needs_research,full name,keep needs_research,full name (out of scope),,
62b4c3da-b7b7-4998-b319-69919b0f93ed,931cccf5-caee-4356-b71c-184d8f011c59,Gene Goss,"Council Member, Sierra Madre",cal_access,1402540,GOSS FOR CITY COUNCIL 2018; GENE,GOSS FOR CITY COUNCIL 2018; GENE,626,TERMINATED 11/30/2018,,needs_research,full name,keep needs_research,full name (out of scope),,
ffc10d27-2b15-4390-bd14-a44250888315,931cccf5-caee-4356-b71c-184d8f011c59,Gene Goss,"Council Member, Sierra Madre",cal_access,1452251,GOSS FOR CITY COUNCIL 2022; GENE,GOSS FOR CITY COUNCIL 2022; GENE,626,TERMINATED 12/31/2022,,needs_research,full name,keep needs_research,full name (out of scope),,
c4b1a50a-2127-4f2c-b9c6-f32caca6e747,39426238-e6c2-47d3-bc54-93b8559c9f6b,Gene Masuda,"Councilmember, Pasadena",cal_access,1291164,MASUDA FOR CITY COUNCIL 2024,MASUDA FOR CITY COUNCIL 2024,626,TERMINATED 11/13/2023,,needs_research,surname only,keep needs_research,unresolved,,
0de62910-bd3a-487e-b3f8-e44273b979ff,3e73448b-bd10-4e6b-bf2a-c9368cf64af9,George Dotson,,cal_access,1272217,DOTSON FOR COUNCIL 2022,DOTSON FOR COUNCIL 2022,310,TERMINATED 06/30/2023,,needs_research,surname only,keep needs_research,unresolved,,
5de2ee39-60ef-4d72-bb7e-444e4e714156,3e73448b-bd10-4e6b-bf2a-c9368cf64af9,George Dotson,,cal_access,1458910,DOTSON FOR CITY COUNCIL 2023; KEEP INGLEWOOD RISING IN SUPPORT OF GEORGE,DOTSON FOR CITY COUNCIL 2023; KEEP INGLEWOOD RISING IN SUPPORT OF GEORGE,213,TERMINATED 03/23/2023,,needs_research,full name,keep needs_research,full name (out of scope),,
87a17c87-4c75-487c-8375-2cc3e2a9fbd3,b3f78ef5-9ddf-4ba6-a1f2-d2fb009ff42d,George Lewis,"Council Member, Rancho Palos Verdes",la_socrata,1344652,Lewis for City Council District 9 2013,,,,"Lewis, Norvell",needs_research,surname only,disputed,"A names another person, or the matched token is a place, a word or a given name","surname-only auto-link: LA City Ethics committee 1344652 ""Lewis for City Council District 9 2013"" -- LA City Ethics names its candidate as Norvell Lewis (LA City Council Member - District 9), a different person; this row is George Lewis, Council Member, Rancho Palos Verdes",
a6571683-9625-4ac2-91dc-e3dd07472338,2ffdbaa3-2d1e-4c16-89e8-26d50fd1e509,Georgina Tamayo,"Council Member (District 1), Montebello",cal_access,1447745,TAMAYO FOR SCHOOL BOARD 2022,TAMAYO FOR SCHOOL BOARD 2022,619,TERMINATED 08/30/2023,,needs_research,surname only,disputed,C the filer evidence places it elsewhere (area code or shared filer phone),"surname-only auto-link: Cal-Access 1447745 ""TAMAYO FOR SCHOOL BOARD 2022"" -- a campaign for a school board; filer area code 619 (San Diego) is outside the Los Angeles region and nothing ties it to the row; this row is Georgina Tamayo, Council Member (District 1), Montebello",
fbd0486b-fdc0-47ae-a3a0-6aa37af2db7f,2ffdbaa3-2d1e-4c16-89e8-26d50fd1e509,Georgina Tamayo,"Council Member (District 1), Montebello",cal_access,1453392,TAMAYO FOR CITY COUNCIL 2022; GEORGINA,TAMAYO FOR CITY COUNCIL 2022; GEORGINA,562,TERMINATED 12/31/2024,,needs_research,full name,keep needs_research,full name (out of scope),,
c6ffca16-8a89-4e39-b01b-1f23fb0ea6ce,2ffdbaa3-2d1e-4c16-89e8-26d50fd1e509,Georgina Tamayo,"Council Member (District 1), Montebello",cal_access,1470724,TAMAYO FOR SCHOOL BOARD 2024,TAMAYO FOR SCHOOL BOARD 2024,619,ACTIVE,,needs_research,surname only,disputed,C the filer evidence places it elsewhere (area code or shared filer phone),"surname-only auto-link: Cal-Access 1470724 ""TAMAYO FOR SCHOOL BOARD 2024"" -- a campaign for a school board; filer area code 619 (San Diego) is outside the Los Angeles region and nothing ties it to the row; this row is Georgina Tamayo, Council Member (District 1), Montebello",
c124e207-3211-4fa6-8eba-0c1066fe3b64,2ffdbaa3-2d1e-4c16-89e8-26d50fd1e509,Georgina Tamayo,"Council Member (District 1), Montebello",cal_access,1488876,TAMAYO FOR SUPERVISOR 2026,TAMAYO FOR SUPERVISOR 2026,415,TERMINATED 06/30/2026,,needs_research,surname only,disputed,C the filer evidence places it elsewhere (area code or shared filer phone),"surname-only auto-link: Cal-Access 1488876 ""TAMAYO FOR SUPERVISOR 2026"" -- a campaign for a county board of supervisors; filer area code 415 (San Francisco) is outside the Los Angeles region and nothing ties it to the row; this row is Georgina Tamayo, Council Member (District 1), Montebello",
4898138a-07d3-465a-986f-74b048240a71,2ffdbaa3-2d1e-4c16-89e8-26d50fd1e509,Georgina Tamayo,"Council Member (District 1), Montebello",cal_access,1489368,TAMAYO FOR MAYOR 2026,TAMAYO FOR MAYOR 2026,619,ACTIVE,,needs_research,surname only,disputed,C the filer evidence places it elsewhere (area code or shared filer phone),"surname-only auto-link: Cal-Access 1489368 ""TAMAYO FOR MAYOR 2026"" -- a campaign for mayor; filer area code 619 (San Diego) is outside the Los Angeles region and nothing ties it to the row; this row is Georgina Tamayo, Council Member (District 1), Montebello",
bd2b5c93-fa93-4c0d-9d77-b487d4996e50,7a04bf87-ab95-4ae7-a142-9899662637b1,Gloria D. Gray,"Council Member (District 1), Inglewood",cal_access,1069964,"GRAY FOR CITY COUNCIL, GLORIA","GRAY FOR CITY COUNCIL, GLORIA",213,TERMINATED 01/31/2003,,needs_research,full name,keep needs_research,full name (out of scope),,
b69e21cc-a02a-483e-b2e7-81e19e80909a,7a04bf87-ab95-4ae7-a142-9899662637b1,Gloria D. Gray,"Council Member (District 1), Inglewood",cal_access,1232041,"GRAY, COMMITTEE TO ELECT GLORIA","GRAY, COMMITTEE TO ELECT GLORIA",213,TERMINATED 01/13/2003,,needs_research,full name,keep needs_research,full name (out of scope),,
a70ccd38-36d3-46b3-b7b9-3e2c563561cd,7a04bf87-ab95-4ae7-a142-9899662637b1,Gloria D. Gray,"Council Member (District 1), Inglewood",cal_access,1239165,"GRAY, FRIENDS OF JUDGE JOE","GRAY, FRIENDS OF JUDGE JOE",916,TERMINATED 08/01/2002,,needs_research,surname only,disputed,"A names another person, or the matched token is a place, a word or a given name","surname-only auto-link: Cal-Access 1239165 ""GRAY, FRIENDS OF JUDGE JOE"" -- names a different person (Judge Joe Gray); filer area code 916 (Sacramento); this row is Gloria D. Gray, Council Member (District 1), Inglewood",
7efe162f-4dd8-4f5e-9320-c0277a8ebee8,7a04bf87-ab95-4ae7-a142-9899662637b1,Gloria D. Gray,"Council Member (District 1), Inglewood",cal_access,1245980,"GRAY FOR CITY CLERK, GLORIA","GRAY FOR CITY CLERK, GLORIA",213,TERMINATED 06/30/2006,,needs_research,full name,keep needs_research,full name (out of scope),,
7bf5feb2-3a36-428a-b264-bebc6c3e3179,7a04bf87-ab95-4ae7-a142-9899662637b1,Gloria D. Gray,"Council Member (District 1), Inglewood",cal_access,1247599,GRAY P.A.C.,GRAY P.A.C.,714,TERMINATED 01/11/2007,,needs_research,surname only,keep needs_research,unresolved,,
2da180bd-388b-4613-a7c9-dce27d81cc01,7a04bf87-ab95-4ae7-a142-9899662637b1,Gloria D. Gray,"Council Member (District 1), Inglewood",cal_access,1273313,"GRAY FOR CITY COUNCIL, GLORIA","GRAY FOR CITY COUNCIL, GLORIA",213,TERMINATED 06/30/2006,,needs_research,full name,keep needs_research,full name (out of scope),,
8e96d33d-9aa0-4366-b534-67b05b90158c,7a04bf87-ab95-4ae7-a142-9899662637b1,Gloria D. Gray,"Council Member (District 1), Inglewood",cal_access,1289214,"GRAY FOR WEST BASIN WATER BOARD 2022, GLORIA","GRAY FOR WEST BASIN WATER BOARD 2022, GLORIA",310,ACTIVE,,needs_research,full name,keep needs_research,full name (out of scope),,
1004daab-a626-47a2-a4ad-3a3a95823e64,7a04bf87-ab95-4ae7-a142-9899662637b1,Gloria D. Gray,"Council Member (District 1), Inglewood",cal_access,1317738,"GRAY FOR ASSEMBLY 2009, GLORIA","GRAY FOR ASSEMBLY 2009, GLORIA",213,TERMINATED 12/31/2014,,needs_research,full name,keep needs_research,full name (out of scope),,
83ca3267-3bb9-48d3-8dda-a1c3febd1796,7a04bf87-ab95-4ae7-a142-9899662637b1,Gloria D. Gray,"Council Member (District 1), Inglewood",cal_access,1331589,"GRAY, SHIRA MARTORANA & BILL MC CORKLE FOR THE ENCINITAS UNION SCHOOL DISTRICT BOARD 2010; ENCINITAS EDUCATIONAL COMMITTEE FOR THE ELECTION OF CINDY","GRAY, SHIRA MARTORANA & BILL MC CORKLE FOR THE ENCINITAS UNION SCHOOL DISTRICT BOARD 2010; ENCINITAS EDUCATIONAL COMMITTEE FOR THE ELECTION OF CINDY",781,TERMINATED 12/12/2012,,needs_research,surname only,disputed,"B another named place or district, or an opposing / ballot / recall committee","surname-only auto-link: Cal-Access 1331589 ""GRAY, SHIRA MARTORANA & BILL MC CORKLE FOR THE ENCINITAS UNION SCHOOL DISTRICT BOARD 2010; ENCINITAS EDUCATIONAL COMMITTEE FOR THE ELECTION OF CINDY"" -- a campaign for the Encinitas Union School District board (a slate of other people) in San Diego County, not for the row's seat; filer area code 781 (Massachusetts); this row is Gloria D. Gray, Council Member (District 1), Inglewood",
670435a8-15d9-4d7c-8776-52aafcf75c20,7a04bf87-ab95-4ae7-a142-9899662637b1,Gloria D. Gray,"Council Member (District 1), Inglewood",cal_access,1338963,GRAY FOR HARTNELL BOARD OF TRUSTEES 2011,GRAY FOR HARTNELL BOARD OF TRUSTEES 2011,831,TERMINATED 12/23/2011,,needs_research,surname only,disputed,"B another named place or district, or an opposing / ballot / recall committee","surname-only auto-link: Cal-Access 1338963 ""GRAY FOR HARTNELL BOARD OF TRUSTEES 2011"" -- a campaign for the Hartnell (community college) board in Salinas (Monterey County), not for the row's seat; filer area code 831 (Monterey/Santa Cruz); this row is Gloria D. Gray, Council Member (District 1), Inglewood",
169bcecf-0c55-4dc7-8b5e-0bba65fe7284,7a04bf87-ab95-4ae7-a142-9899662637b1,Gloria D. Gray,"Council Member (District 1), Inglewood",cal_access,1339383,"GRAY FOR SHERIFF 2011, FRIENDS OF","GRAY FOR SHERIFF 2011, FRIENDS OF",415,TERMINATED 08/02/2011,,needs_research,surname only,disputed,C the filer evidence places it elsewhere (area code or shared filer phone),"surname-only auto-link: Cal-Access 1339383 ""GRAY FOR SHERIFF 2011, FRIENDS OF"" -- a campaign for sheriff; filer area code 415 (San Francisco) is outside the Los Angeles region and nothing ties it to the row; this row is Gloria D. Gray, Council Member (District 1), Inglewood",
8e1dfd40-76fe-4862-9599-a8f4a62a52b9,7a04bf87-ab95-4ae7-a142-9899662637b1,Gloria D. Gray,"Council Member (District 1), Inglewood",cal_access,1347971,GRAY FOR CENTRAL BASIN MUNICIPAL WATER DISTRICT DIRECTOR 2012,GRAY FOR CENTRAL BASIN MUNICIPAL WATER DISTRICT DIRECTOR 2012,562,TERMINATED 01/28/2013,,needs_research,surname only,keep needs_research,unresolved,,
691c8c11-d23e-47a7-974c-ce67f0b0bd6f,7a04bf87-ab95-4ae7-a142-9899662637b1,Gloria D. Gray,"Council Member (District 1), Inglewood",cal_access,1373906,GRAY FOR ASSEMBLY 2016,GRAY FOR ASSEMBLY 2016,916,TERMINATED 04/21/2018,,needs_research,surname only,keep needs_research,unresolved,,probably Adam Gray (Assembly 2012-2022); no given name in the record
e7256ddf-04de-436a-8bfa-7d4b4888dc8a,7a04bf87-ab95-4ae7-a142-9899662637b1,Gloria D. Gray,"Council Member (District 1), Inglewood",cal_access,1385260,"GRAY FOR CITY COUNCIL 2016; FRIENDS OF LONG BEACH, A COMMITTEE SUPPORTING ERIC","GRAY FOR CITY COUNCIL 2016; FRIENDS OF LONG BEACH, A COMMITTEE SUPPORTING ERIC",213,TERMINATED 06/30/2017,,needs_research,surname only,disputed,"A names another person, or the matched token is a place, a word or a given name","surname-only auto-link: Cal-Access 1385260 ""GRAY FOR CITY COUNCIL 2016; FRIENDS OF LONG BEACH, A COMMITTEE SUPPORTING ERIC"" -- names a different person (Eric Gray, Long Beach council candidate); filer area code 213 (Los Angeles); this row is Gloria D. Gray, Council Member (District 1), Inglewood",
7f317af9-8c9a-4973-bee1-fe4c920838b1,7a04bf87-ab95-4ae7-a142-9899662637b1,Gloria D. Gray,"Council Member (District 1), Inglewood",cal_access,1389540,"GRAY, DIRECTOR, CAMBRIA COMMUNITY HEALTHCARE DISTRICT, 2016; COMMITTEE TO REELECT BARBARA BRONSON","GRAY, DIRECTOR, CAMBRIA COMMUNITY HEALTHCARE DISTRICT, 2016; COMMITTEE TO REELECT BARBARA BRONSON",805,TERMINATED 12/05/2016,,needs_research,surname only,disputed,"A names another person, or the matched token is a place, a word or a given name","surname-only auto-link: Cal-Access 1389540 ""GRAY, DIRECTOR, CAMBRIA COMMUNITY HEALTHCARE DISTRICT, 2016; COMMITTEE TO REELECT BARBARA BRONSON"" -- names a different person (Barbara Bronson Gray, Cambria Community Healthcare District); filer area code 805 (Central Coast/Ventura); this row is Gloria D. Gray, Council Member (District 1), Inglewood",
86e6d703-dd07-45aa-8a79-7d2fb2dfe950,7a04bf87-ab95-4ae7-a142-9899662637b1,Gloria D. Gray,"Council Member (District 1), Inglewood",cal_access,1392612,GRAY FOR ASSEMBLY 2018,GRAY FOR ASSEMBLY 2018,916,TERMINATED 06/30/2019,,needs_research,surname only,keep needs_research,unresolved,,probably Adam Gray (Assembly 2012-2022); no given name in the record
6585c8fc-6dc3-4ddc-a417-ad970085d6c2,7a04bf87-ab95-4ae7-a142-9899662637b1,Gloria D. Gray,"Council Member (District 1), Inglewood",cal_access,1414307,GRAY FOR ASSEMBLY 2020,GRAY FOR ASSEMBLY 2020,916,TERMINATED 12/31/2020,,needs_research,surname only,keep needs_research,unresolved,,probably Adam Gray (Assembly 2012-2022); no given name in the record
9fee920e-643b-46e3-8b02-dd0cc5dfe045,7a04bf87-ab95-4ae7-a142-9899662637b1,Gloria D. Gray,"Council Member (District 1), Inglewood",cal_access,1434955,GRAY FOR ASSEMBLY 2022,GRAY FOR ASSEMBLY 2022,916,TERMINATED 04/18/2023,,needs_research,surname only,keep needs_research,unresolved,,probably Adam Gray (Assembly 2012-2022); no given name in the record
fcd00ad7-0ca4-4078-9f86-f673c60b33d0,7a04bf87-ab95-4ae7-a142-9899662637b1,Gloria D. Gray,"Council Member (District 1), Inglewood",cal_access,1450193,GRAY FOR CITY COUNCIL 2026; GLORIA,GRAY FOR CITY COUNCIL 2026; GLORIA,310,TERMINATED 07/27/2026,,needs_research,full name,keep needs_research,full name (out of scope),,
082b3a15-4e81-4984-80b9-a2190c50568e,7a04bf87-ab95-4ae7-a142-9899662637b1,Gloria D. Gray,"Council Member (District 1), Inglewood",cal_access,1488586,GRAY FOR SAN JOSE CITY COUNCIL 2026,GRAY FOR SAN JOSE CITY COUNCIL 2026,712,ACTIVE,,needs_research,surname only,disputed,"B another named place or district, or an opposing / ballot / recall committee","surname-only auto-link: Cal-Access 1488586 ""GRAY FOR SAN JOSE CITY COUNCIL 2026"" -- a campaign for the San Jose City Council in San Jose, not for the row's seat; filer area code 712 (Iowa); this row is Gloria D. Gray, Council Member (District 1), Inglewood",
7c36ac64-f4f6-408e-b45a-df61d06bd700,7a04bf87-ab95-4ae7-a142-9899662637b1,Gloria D. Gray,"Council Member (District 1), Inglewood",cal_access,1489234,GRAY FOR SIMI VALLEY CITY COUNCIL DISTRICT 4 2026,GRAY FOR SIMI VALLEY CITY COUNCIL DISTRICT 4 2026,805,ACTIVE,,needs_research,surname only,disputed,"B another named place or district, or an opposing / ballot / recall committee","surname-only auto-link: Cal-Access 1489234 ""GRAY FOR SIMI VALLEY CITY COUNCIL DISTRICT 4 2026"" -- a campaign for the Simi Valley City Council in Simi Valley (Ventura County), not for the row's seat; filer area code 805 (Central Coast/Ventura); this row is Gloria D. Gray, Council Member (District 1), Inglewood",
956bff70-0479-4c6c-8fb0-5eeaa1f80bcb,4c098a3b-d1b4-4751-8ace-2100f43f20b5,Gloria Olmos,"Mayor, South El Monte",cal_access,1393080,OLMOS FOR MAYOR 2017; GLORIA,OLMOS FOR MAYOR 2017; GLORIA,626,ACTIVE,,needs_research,full name,keep needs_research,full name (out of scope),,
b71785bd-49fb-4848-a2c4-c22a585dc492,4c098a3b-d1b4-4751-8ace-2100f43f20b5,Gloria Olmos,"Mayor, South El Monte",cal_access,1397041,OLMOS FOR CITY COUNCIL 2019,OLMOS FOR CITY COUNCIL 2019,949,ACTIVE,,needs_research,surname only,keep needs_research,unresolved,,
53e533bb-4a2b-4d8a-930e-86c6853e4ae3,810c320c-bde2-4c1b-8e47-0b003f6b3e3d,Grant Parks,Auditor,cal_access,1026826,MOBILEHOME PARKS FOR FAIR RENTS,MOBILEHOME PARKS FOR FAIR RENTS,916,TERMINATED 12/01/1990,,needs_research,surname only,disputed,"A names another person, or the matched token is a place, a word or a given name","surname-only auto-link: Cal-Access 1026826 ""MOBILEHOME PARKS FOR FAIR RENTS"" -- the surname matched the word ""Parks"" (mobile-home parks), not a person; filer area code 916 (Sacramento); this row is Grant Parks, Auditor",
9448a581-08b8-44bd-be1e-3fdc49eb38bd,810c320c-bde2-4c1b-8e47-0b003f6b3e3d,Grant Parks,Auditor,cal_access,1030159,YES ON E OR PRESERVE OUR PARKS,YES ON E OR PRESERVE OUR PARKS,714,TERMINATED 12/01/1990,,needs_research,surname only,disputed,"A names another person, or the matched token is a place, a word or a given name","surname-only auto-link: Cal-Access 1030159 ""YES ON E OR PRESERVE OUR PARKS"" -- the surname matched the word ""Parks"" (a parks ballot measure), not a person; filer area code 714 (Orange County); this row is Grant Parks, Auditor",
bf407f24-76a4-4d28-9a1e-71af2c621a19,810c320c-bde2-4c1b-8e47-0b003f6b3e3d,Grant Parks,Auditor,cal_access,1037380,CALIFORNIANS FOR PARKS AND RECREATION,CALIFORNIANS FOR PARKS AND RECREATION,415,TERMINATED 12/01/1990,,needs_research,surname only,disputed,"A names another person, or the matched token is a place, a word or a given name","surname-only auto-link: Cal-Access 1037380 ""CALIFORNIANS FOR PARKS AND RECREATION"" -- the surname matched the word ""Parks"" (a parks ballot committee), not a person; filer area code 415 (San Francisco); this row is Grant Parks, Auditor",
f1b40684-e8ee-41f7-8ffd-59e4ffc5fb17,810c320c-bde2-4c1b-8e47-0b003f6b3e3d,Grant Parks,Auditor,cal_access,1041309,CALIFORNIANS FOR PARKS & RECREATION,CALIFORNIANS FOR PARKS & RECREATION,916,TERMINATED 12/01/1990,,needs_research,surname only,disputed,"A names another person, or the matched token is a place, a word or a given name","surname-only auto-link: Cal-Access 1041309 ""CALIFORNIANS FOR PARKS & RECREATION"" -- the surname matched the word ""Parks"" (a parks ballot committee), not a person; filer area code 916 (Sacramento); this row is Grant Parks, Auditor",
6c681dc0-208a-4ce0-a6da-95ca67ab84b6,810c320c-bde2-4c1b-8e47-0b003f6b3e3d,Grant Parks,Auditor,cal_access,1043450,SANTA BARBARA COUNTY FRIENDS OF PARKS AND WILDLIFE IN FAVOR OF PROPOSITION 70,SANTA BARBARA COUNTY FRIENDS OF PARKS AND WILDLIFE IN FAVOR OF PROPOSITION 70,805,TERMINATED 12/01/1990,,needs_research,surname only,disputed,"A names another person, or the matched token is a place, a word or a given name","surname-only auto-link: Cal-Access 1043450 ""SANTA BARBARA COUNTY FRIENDS OF PARKS AND WILDLIFE IN FAVOR OF PROPOSITION 70"" -- the surname matched the word ""Parks"" (a parks ballot committee, Santa Barbara County), not a person; filer area code 805 (Central Coast/Ventura); this row is Grant Parks, Auditor",
136bd5a6-94db-4b12-9345-9725999806c0,810c320c-bde2-4c1b-8e47-0b003f6b3e3d,Grant Parks,Auditor,cal_access,1053549,"CALIFORNIANS FOR PARKS AND WILDLIFE 1992, A PROJECT OF THE PLANNING AND CONSERVATION LEAGUE","CALIFORNIANS FOR PARKS AND WILDLIFE 1992, A PROJECT OF THE PLANNING AND CONSERVATION LEAGUE",916,TERMINATED 05/01/1991,,needs_research,surname only,disputed,"A names another person, or the matched token is a place, a word or a given name","surname-only auto-link: Cal-Access 1053549 ""CALIFORNIANS FOR PARKS AND WILDLIFE 1992, A PROJECT OF THE PLANNING AND CONSERVATION LEAGUE"" -- the surname matched the word ""Parks"" (a parks ballot committee), not a person; filer area code 916 (Sacramento); this row is Grant Parks, Auditor",
b6a681f6-7af1-4099-bef7-168fb48dd1d7,810c320c-bde2-4c1b-8e47-0b003f6b3e3d,Grant Parks,Auditor,cal_access,1068396,VOTE FOR PARKS,VOTE FOR PARKS,805,TERMINATED 07/02/2001,,needs_research,surname only,disputed,"A names another person, or the matched token is a place, a word or a given name","surname-only auto-link: Cal-Access 1068396 ""VOTE FOR PARKS"" -- the surname matched the word ""Parks"" (a parks ballot committee), not a person; filer area code 805 (Central Coast/Ventura); this row is Grant Parks, Auditor",
d2c44834-32f8-4eff-8c24-013949843099,810c320c-bde2-4c1b-8e47-0b003f6b3e3d,Grant Parks,Auditor,cal_access,1077119,PARENTS ACTIVELY RECRUITING KIDS SPORTS PARKS,PARENTS ACTIVELY RECRUITING KIDS SPORTS PARKS,209,TERMINATED 09/16/1999,,needs_research,surname only,disputed,"A names another person, or the matched token is a place, a word or a given name","surname-only auto-link: Cal-Access 1077119 ""PARENTS ACTIVELY RECRUITING KIDS SPORTS PARKS"" -- the surname matched the word ""Parks"" (a youth-sports committee), not a person; filer area code 209 (Stockton/Modesto); this row is Grant Parks, Auditor",
aac5a472-8230-413d-b339-021f74cc1ccb,810c320c-bde2-4c1b-8e47-0b003f6b3e3d,Grant Parks,Auditor,cal_access,1221225,"CALIFORNIANS FOR SAFE PARKS, A COMMITTEE FOR PROPOSITION 12","CALIFORNIANS FOR SAFE PARKS, A COMMITTEE FOR PROPOSITION 12",,TERMINATED 12/06/1999,,needs_research,surname only,disputed,"A names another person, or the matched token is a place, a word or a given name","surname-only auto-link: Cal-Access 1221225 ""CALIFORNIANS FOR SAFE PARKS, A COMMITTEE FOR PROPOSITION 12"" -- the surname matched the word ""Parks"" (a parks ballot committee), not a person; no filer phone; this row is Grant Parks, Auditor",
b4d982ba-3f92-49da-a23a-70176805fd53,810c320c-bde2-4c1b-8e47-0b003f6b3e3d,Grant Parks,Auditor,cal_access,1237711,VOTE FOR PARKS,VOTE FOR PARKS,805,TERMINATED 08/27/2002,,needs_research,surname only,disputed,"A names another person, or the matched token is a place, a word or a given name","surname-only auto-link: Cal-Access 1237711 ""VOTE FOR PARKS"" -- the surname matched the word ""Parks"" (a parks ballot committee), not a person; filer area code 805 (Central Coast/Ventura); this row is Grant Parks, Auditor",
ff54fb79-77f3-40f7-adea-ae46f840b2aa,810c320c-bde2-4c1b-8e47-0b003f6b3e3d,Grant Parks,Auditor,cal_access,1246594,"PARKS, ELECT CHARLES ""CHARLIE""","PARKS, ELECT CHARLES ""CHARLIE""",916,ACTIVE,,needs_research,surname only,disputed,"A names another person, or the matched token is a place, a word or a given name","surname-only auto-link: Cal-Access 1246594 ""PARKS, ELECT CHARLES ""CHARLIE"""" -- names a different person (Charles ""Charlie"" Parks); filer area code 916 (Sacramento); this row is Grant Parks, Auditor",
1691fad3-a98b-430a-b225-1650b068d019,810c320c-bde2-4c1b-8e47-0b003f6b3e3d,Grant Parks,Auditor,cal_access,1291434,CUSHING FOR PLEASANT VALLEY RECREATION AND PARKS,CUSHING FOR PLEASANT VALLEY RECREATION AND PARKS,805,TERMINATED 01/31/2007,,needs_research,surname only,disputed,"A names another person, or the matched token is a place, a word or a given name","surname-only auto-link: Cal-Access 1291434 ""CUSHING FOR PLEASANT VALLEY RECREATION AND PARKS"" -- the surname matched the word ""Parks"" (a recreation and park district, Cushing), not a person; filer area code 805 (Central Coast/Ventura); this row is Grant Parks, Auditor",
0b9304d8-e1d4-49f5-935a-5c72bfbf5c06,810c320c-bde2-4c1b-8e47-0b003f6b3e3d,Grant Parks,Auditor,cal_access,1308446,UNIDOS CON BERNARD PARKS,UNIDOS CON BERNARD PARKS,213,TERMINATED 12/12/2012,,needs_research,surname only,disputed,"A names another person, or the matched token is a place, a word or a given name","surname-only auto-link: Cal-Access 1308446 ""UNIDOS CON BERNARD PARKS"" -- names a different person (Bernard Parks); filer area code 213 (Los Angeles); this row is Grant Parks, Auditor",
06d2e350-9c5b-4bbb-a24d-b6e1b572f46f,810c320c-bde2-4c1b-8e47-0b003f6b3e3d,Grant Parks,Auditor,cal_access,1333350,"DIERCKS BEAUMONT CHERRY RECREATION AND PARKS DISTRICT 2010, CAMPAIGN ACCOUNT FOR CHRISTOPHER R.","DIERCKS BEAUMONT CHERRY RECREATION AND PARKS DISTRICT 2010, CAMPAIGN ACCOUNT FOR CHRISTOPHER R.",951,TERMINATED 12/31/2010,,needs_research,surname only,disputed,"A names another person, or the matched token is a place, a word or a given name","surname-only auto-link: Cal-Access 1333350 ""DIERCKS BEAUMONT CHERRY RECREATION AND PARKS DISTRICT 2010, CAMPAIGN ACCOUNT FOR CHRISTOPHER R."" -- the surname matched the word ""Parks"" (a recreation and park district, Christopher R. Diercks), not a person; filer area code 951 (Riverside); this row is Grant Parks, Auditor",
8bbb51f8-1af1-4c48-a1a8-e00a2556911a,810c320c-bde2-4c1b-8e47-0b003f6b3e3d,Grant Parks,Auditor,cal_access,1387136,CITIZENS FOR PARKS AND INFRASTRUCTURE,CITIZENS FOR PARKS AND INFRASTRUCTURE,510,TERMINATED 01/29/2018,,needs_research,surname only,disputed,"A names another person, or the matched token is a place, a word or a given name","surname-only auto-link: Cal-Access 1387136 ""CITIZENS FOR PARKS AND INFRASTRUCTURE"" -- the surname matched the word ""Parks"" (a parks and infrastructure committee), not a person; filer area code 510 (East Bay); this row is Grant Parks, Auditor",
f72d2c7b-94db-46c7-a2e2-8a4f753a23c1,810c320c-bde2-4c1b-8e47-0b003f6b3e3d,Grant Parks,Auditor,cal_access,1409021,PULIPATI FOR PARKS DIRECTOR 2018,PULIPATI FOR PARKS DIRECTOR 2018,916,TERMINATED 12/31/2020,,needs_research,surname only,disputed,"A names another person, or the matched token is a place, a word or a given name","surname-only auto-link: Cal-Access 1409021 ""PULIPATI FOR PARKS DIRECTOR 2018"" -- the surname matched the word ""Parks"" (a parks director race, Pulipati), not a person; filer area code 916 (Sacramento); this row is Grant Parks, Auditor",
8f90bb43-d907-4262-a732-a05ebdd4542c,810c320c-bde2-4c1b-8e47-0b003f6b3e3d,Grant Parks,Auditor,cal_access,1446981,"COFFEY FOR EAST BAY PARKS BOARD, WARD 7, 2022","COFFEY FOR EAST BAY PARKS BOARD, WARD 7, 2022",925,TERMINATED 06/06/2023,,needs_research,surname only,disputed,"A names another person, or the matched token is a place, a word or a given name","surname-only auto-link: Cal-Access 1446981 ""COFFEY FOR EAST BAY PARKS BOARD, WARD 7, 2022"" -- the surname matched the word ""Parks"" (the East Bay parks board, Coffey), not a person; filer area code 925 (Contra Costa); this row is Grant Parks, Auditor",
447f19c4-123b-4d88-9197-9a1888435519,810c320c-bde2-4c1b-8e47-0b003f6b3e3d,Grant Parks,Auditor,cal_access,1447552,"YEBRI FOR CITY COUNCIL 2022; PARENTS FOR SAFE SCHOOLS, SIDEWALKS, AND PARKS FOR SAM","YEBRI FOR CITY COUNCIL 2022; PARENTS FOR SAFE SCHOOLS, SIDEWALKS, AND PARKS FOR SAM",213,TERMINATED 09/24/2022,,needs_research,surname only,disputed,"A names another person, or the matched token is a place, a word or a given name","surname-only auto-link: Cal-Access 1447552 ""YEBRI FOR CITY COUNCIL 2022; PARENTS FOR SAFE SCHOOLS, SIDEWALKS, AND PARKS FOR SAM"" -- the surname matched the word ""Parks"" (a committee for Sam Yebri), not a person; filer area code 213 (Los Angeles); this row is Grant Parks, Auditor",
0a7b44d7-e996-4ec1-bc4e-9c475412c283,810c320c-bde2-4c1b-8e47-0b003f6b3e3d,Grant Parks,Auditor,cal_access,1453877,MARQUETTE FOR TRUCKEE DONNER RECREATION AND PARKS DISTRICT BOARD MEMBER 2022,MARQUETTE FOR TRUCKEE DONNER RECREATION AND PARKS DISTRICT BOARD MEMBER 2022,951,TERMINATED 11/09/2022,,needs_research,surname only,disputed,"A names another person, or the matched token is a place, a word or a given name","surname-only auto-link: Cal-Access 1453877 ""MARQUETTE FOR TRUCKEE DONNER RECREATION AND PARKS DISTRICT BOARD MEMBER 2022"" -- the surname matched the word ""Parks"" (a recreation and park district, Marquette), not a person; filer area code 951 (Riverside); this row is Grant Parks, Auditor",
fd19ea44-9694-4812-950c-519093bd9ef4,810c320c-bde2-4c1b-8e47-0b003f6b3e3d,Grant Parks,Auditor,cal_access,1470484,DESCHAMBAULT 2024 OFFICEHOLDER COMMITTEE; EAST BAY PARKS DIRECTOR LYNDA,DESCHAMBAULT 2024 OFFICEHOLDER COMMITTEE; EAST BAY PARKS DIRECTOR LYNDA,925,ACTIVE,,needs_research,surname only,disputed,"A names another person, or the matched token is a place, a word or a given name","surname-only auto-link: Cal-Access 1470484 ""DESCHAMBAULT 2024 OFFICEHOLDER COMMITTEE; EAST BAY PARKS DIRECTOR LYNDA"" -- the surname matched the word ""Parks"" (East Bay parks director Lynda Deschambault), not a person; filer area code 925 (Contra Costa); this row is Grant Parks, Auditor",
bf6b70b9-fe58-489b-917e-f476169636d9,810c320c-bde2-4c1b-8e47-0b003f6b3e3d,Grant Parks,Auditor,cal_access,1474674,ARNOLD FOR CORDOVA RECREATION AND PARKS DISTRICT 2024,ARNOLD FOR CORDOVA RECREATION AND PARKS DISTRICT 2024,916,ACTIVE,,needs_research,surname only,disputed,"A names another person, or the matched token is a place, a word or a given name","surname-only auto-link: Cal-Access 1474674 ""ARNOLD FOR CORDOVA RECREATION AND PARKS DISTRICT 2024"" -- the surname matched the word ""Parks"" (a recreation and park district, Arnold), not a person; filer area code 916 (Sacramento); this row is Grant Parks, Auditor",
023ceb56-0ec4-4a7e-bca9-1e75ae8c7c2f,810c320c-bde2-4c1b-8e47-0b003f6b3e3d,Grant Parks,Auditor,cal_access,1474743,FAULCONER FOR CORDOVA RECREATION AND PARKS DISTRICT 2024,FAULCONER FOR CORDOVA RECREATION AND PARKS DISTRICT 2024,512,TERMINATED 03/11/2026,,needs_research,surname only,disputed,"A names another person, or the matched token is a place, a word or a given name","surname-only auto-link: Cal-Access 1474743 ""FAULCONER FOR CORDOVA RECREATION AND PARKS DISTRICT 2024"" -- the surname matched the word ""Parks"" (a recreation and park district, Faulconer), not a person; filer area code 512 (Texas); this row is Grant Parks, Auditor",
3802e594-f6db-4e05-9e2a-bf1d32228fbe,aa4fea2e-80a3-42e9-b94f-e9fc5e0b966f,Greg Stefflre,"Council Member, La Habra Heights",cal_access,1476750,STEFFLRE FOR CITY COUNCIL 2024,STEFFLRE FOR CITY COUNCIL 2024,213,ACTIVE,,needs_research,surname only,keep needs_research,unresolved,,
322640f3-7351-431c-b1d4-f73ace7c221d,21940b7c-2424-47e9-a649-077b0f827c2c,Gregg Hart,Assembly Member (Assembly District 37),cal_access,1076598,STERN FOR CITY COUNCIL - 99,RE-ELECT STERN -- 2003,310,TERMINATED 07/06/2004,,needs_research,surname absent,disputed,"A names another person, or the matched token is a place, a word or a given name","auto-link on a token that is not the row's surname: Cal-Access 1076598 ""RE-ELECT STERN -- 2003"" (stored as ""STERN FOR CITY COUNCIL - 99"") -- the row's surname does not appear in the committee name; the committee is Henry Stern's; filer area code 310 (West LA/South Bay); this row is Gregg Hart, Assembly Member (Assembly District 37)",
1abe2fbb-caab-4150-87c5-59f20214add6,21940b7c-2424-47e9-a649-077b0f827c2c,Gregg Hart,Assembly Member (Assembly District 37),cal_access,1374003,STERN FOR SENATE 2016,STERN FOR SENATE 2016,916,TERMINATED 12/31/2016,,needs_research,surname absent,disputed,"A names another person, or the matched token is a place, a word or a given name","auto-link on a token that is not the row's surname: Cal-Access 1374003 ""STERN FOR SENATE 2016"" -- the row's surname does not appear in the committee name; the committee is Henry Stern's; filer area code 916 (Sacramento); this row is Gregg Hart, Assembly Member (Assembly District 37)",
a53b1c7d-a7f9-4a0e-8b50-9a7708f3eed9,21940b7c-2424-47e9-a649-077b0f827c2c,Gregg Hart,Assembly Member (Assembly District 37),cal_access,1385335,STERN STATE SENATE 2016; CALIFORNIANS IN SUPPORT OF HENRY,STERN STATE SENATE 2016; CALIFORNIANS IN SUPPORT OF HENRY,818,TERMINATED 06/20/2016,,needs_research,surname absent,disputed,"A names another person, or the matched token is a place, a word or a given name","auto-link on a token that is not the row's surname: Cal-Access 1385335 ""STERN STATE SENATE 2016; CALIFORNIANS IN SUPPORT OF HENRY"" -- the row's surname does not appear in the committee name; the committee is Henry Stern's; filer area code 818 (San Fernando Valley); this row is Gregg Hart, Assembly Member (Assembly District 37)",
af73cf66-de29-41cc-a0a1-67f986ced5f6,21940b7c-2424-47e9-a649-077b0f827c2c,Gregg Hart,Assembly Member (Assembly District 37),cal_access,1392385,STERN FOR SENATE 2020,STERN FOR SENATE 2020,916,TERMINATED 03/22/2021,,needs_research,surname absent,disputed,"A names another person, or the matched token is a place, a word or a given name","auto-link on a token that is not the row's surname: Cal-Access 1392385 ""STERN FOR SENATE 2020"" -- the row's surname does not appear in the committee name; the committee is Henry Stern's; filer area code 916 (Sacramento); this row is Gregg Hart, Assembly Member (Assembly District 37)",
e9861274-9266-4775-8e19-9265b321b570,21940b7c-2424-47e9-a649-077b0f827c2c,Gregg Hart,Assembly Member (Assembly District 37),cal_access,1435181,STERN FOR SENATE 2024,STERN FOR SENATE 2024,916,ACTIVE,,needs_research,surname absent,disputed,"A names another person, or the matched token is a place, a word or a given name","auto-link on a token that is not the row's surname: Cal-Access 1435181 ""STERN FOR SENATE 2024"" -- the row's surname does not appear in the committee name; the committee is Henry Stern's; filer area code 916 (Sacramento); this row is Gregg Hart, Assembly Member (Assembly District 37)",
3cc9558d-e073-451b-8b7f-26e1f59fd101,21940b7c-2424-47e9-a649-077b0f827c2c,Gregg Hart,Assembly Member (Assembly District 37),cal_access,1442984,STERN FOR SUPERVISOR 2022,STERN FOR SUPERVISOR 2022,213,TERMINATED 12/31/2022,,needs_research,surname absent,disputed,"A names another person, or the matched token is a place, a word or a given name","auto-link on a token that is not the row's surname: Cal-Access 1442984 ""STERN FOR SUPERVISOR 2022"" -- the row's surname does not appear in the committee name; the committee is Henry Stern's; filer area code 213 (Los Angeles); this row is Gregg Hart, Assembly Member (Assembly District 37)",
d43ee924-381b-496d-91e8-eba41df2d8b3,21940b7c-2424-47e9-a649-077b0f827c2c,Gregg Hart,Assembly Member (Assembly District 37),cal_access,1442999,STERN FOR SUPERVISOR 2022 ATTORNEY'S FEES FUND,STERN FOR SUPERVISOR 2022 ATTORNEY'S FEES FUND,213,TERMINATED 12/31/2022,,needs_research,surname absent,disputed,"A names another person, or the matched token is a place, a word or a given name","auto-link on a token that is not the row's surname: Cal-Access 1442999 ""STERN FOR SUPERVISOR 2022 ATTORNEY'S FEES FUND"" -- the row's surname does not appear in the committee name; the committee is Henry Stern's; filer area code 213 (Los Angeles); this row is Gregg Hart, Assembly Member (Assembly District 37)",
23368c79-40ed-4d67-a350-eaa5f2e41e94,21940b7c-2424-47e9-a649-077b0f827c2c,Gregg Hart,Assembly Member (Assembly District 37),cal_access,1477166,STERN FOR STATE CONTROLLER 2030,STERN FOR STATE CONTROLLER 2030,916,ACTIVE,,needs_research,surname absent,disputed,"A names another person, or the matched token is a place, a word or a given name","auto-link on a token that is not the row's surname: Cal-Access 1477166 ""STERN FOR STATE CONTROLLER 2030"" -- the row's surname does not appear in the committee name; the committee is Henry Stern's; filer area code 916 (Sacramento); this row is Gregg Hart, Assembly Member (Assembly District 37)",
73adfa00-762f-488a-ad67-fe30133df86a,ba4cf33d-ddc6-429c-9cdc-ca98815fc9a7,Gretchen Shepherd Romey,"Mayor, San Marino",cal_access,1397421,ROMEY TO COUNCIL 2017; COMMITTEE TO ELECT GRETCHEN SHEPHERD,ROMEY FOR CITY COUNCIL 2017; GRETCHEN SHEPHERD,626,TERMINATED 12/31/2017,,needs_research,full name,keep needs_research,full name (out of scope),,
38bef1d2-0ad2-472f-ba85-7d813b7cceab,4d8f32df-98d0-4942-acd6-66fb266e9086,Haylynn Conrad,"Council Member, Malibu",cal_access,1278599,CONRAD FOR ASSEMBLY 2006,CONRAD FOR ASSEMBLY 2006,209,TERMINATED 12/11/2006,,needs_research,surname only,disputed,C the filer evidence places it elsewhere (area code or shared filer phone),"surname-only auto-link: Cal-Access 1278599 ""CONRAD FOR ASSEMBLY 2006"" -- a campaign for the State Assembly; filer area code 209 (Stockton/Modesto) is outside the Los Angeles region and nothing ties it to the row; this row is Haylynn Conrad, Council Member, Malibu",
aa36b1cb-19f1-4452-8f4a-be161a8d15df,4d8f32df-98d0-4942-acd6-66fb266e9086,Haylynn Conrad,"Council Member, Malibu",cal_access,1474526,CONRAD FOR MALIBU CITY COUNCIL 2024; HAYLYNN,CONRAD FOR MALIBU CITY COUNCIL 2024; HAYLYNN,951,ACTIVE,,needs_research,full name,keep needs_research,full name (out of scope),,
fee026c0-3572-4fbd-b401-11ebad5aec44,29a8c85b-2572-463c-8034-8986615d7717,Heather Hutt,Los Angeles City Council District 10,cal_access,1435499,HUTT FOR ASSEMBLY 2022,HUTT FOR ASSEMBLY 2022,310,TERMINATED 06/30/2022,,needs_research,surname only,keep needs_research,unresolved,,
15420ef1-b793-4cb6-b0ec-85922e3954e6,29a8c85b-2572-463c-8034-8986615d7717,Heather Hutt,Los Angeles City Council District 10,cal_access,1437140,HUTT FOR ASSEMBLY 2021,HUTT FOR ASSEMBLY 2021,310,TERMINATED 06/30/2022,,needs_research,surname only,keep needs_research,unresolved,,
1116d226-afc7-4e4d-b628-ba7b8a6681f3,29a8c85b-2572-463c-8034-8986615d7717,Heather Hutt,Los Angeles City Council District 10,cal_access,1458184,HUTT FOR CITY COUNCIL 2024; HEATHER,HUTT FOR CITY COUNCIL 2024; HEATHER,442,ACTIVE,"Hutt, Heather",needs_research,full name,keep needs_research,full name (out of scope),,
3f6c2cef-226c-4e3d-8408-25f86cbfbf7e,29a8c85b-2572-463c-8034-8986615d7717,Heather Hutt,Los Angeles City Council District 10,cal_access,1466446,"HUTT FOR LOS ANGELES CITY COUNCIL 2024, SPONSORED BY WESTERN STATES REGIONAL COUNCIL OF CARPENTERS; BUILDING A STRONGER CALIFORNIA, SUPPORTING HEATHER","HUTT FOR LOS ANGELES CITY COUNCIL 2024, SPONSORED BY WESTERN STATES REGIONAL COUNCIL OF CARPENTERS; BUILDING A STRONGER CALIFORNIA, SUPPORTING HEATHER",916,TERMINATED 09/30/2024,,needs_research,full name,keep needs_research,full name (out of scope),,
57867323-4367-48ef-939a-22c755c65fe4,29a8c85b-2572-463c-8034-8986615d7717,Heather Hutt,Los Angeles City Council District 10,cal_access,1476026,HUTT FOR CITY COUNCIL 2024 SPONSORED BY LOS ANGELES COUNTY FEDERATION OF LABOR AFL-CIO; WORKING FAMILIES IN SUPPORT OF HEATHER,HUTT FOR CITY COUNCIL 2024 SPONSORED BY LOS ANGELES COUNTY FEDERATION OF LABOR AFL-CIO; WORKING FAMILIES IN SUPPORT OF HEATHER,213,TERMINATED 06/30/2025,,needs_research,full name,keep needs_research,full name (out of scope),,
6241dfee-f85f-49cf-bcf0-2749630af839,29a8c85b-2572-463c-8034-8986615d7717,Heather Hutt,Los Angeles City Council District 10,cal_access,1483612,HEATHER HUTT,"HUTT, HEATHER",213,ACTIVE,,needs_research,full name,keep needs_research,full name (out of scope),,
6a809949-e548-42d2-b77e-85eff250e6fc,dc4e8a65-880e-4f9d-8c2e-e1c3148c5b43,Hector M. Guzman,,la_socrata,1438114,Christian L. Guzman for City Council 2022,,,,"Guzman , Christian",needs_research,surname only,disputed,"A names another person, or the matched token is a place, a word or a given name","surname-only auto-link: LA City Ethics committee 1438114 ""Christian L. Guzman for City Council 2022"" -- LA City Ethics names its candidate as Christian Guzman (LA City Council Member - District 15), a different person; this row is Hector M. Guzman (active; no seat or race recorded)",
fd66b515-5dc2-4e98-8d8d-acf6571c35c0,92d68971-8cc2-480b-8e29-9938f7a280f1,Hector Sosa,"Councilmember, Downey",cal_access,1448976,SOSA FOR DOWNEY CITY COUNCIL 2026; HECTOR,SOSA FOR DOWNEY CITY COUNCIL 2026; HECTOR,562,ACTIVE,,needs_research,full name,keep needs_research,full name (out of scope),,
9a655a51-ff3d-48e7-9996-ea572cc4ffb7,f1f3e6ca-5532-4f33-8ec2-64791b08f59b,Hilda L. Solis,"Supervisor, Los Angeles County",cal_access,1060659,"SOLIS FOR STATE SENATE, HILDA","SOLIS FOR STATE SENATE, HILDA",626,TERMINATED 06/22/2001,,needs_research,full name,keep needs_research,full name (out of scope),,
8bdf7d05-9d4f-4751-95c5-e42a051cfced,f1f3e6ca-5532-4f33-8ec2-64791b08f59b,Hilda L. Solis,"Supervisor, Los Angeles County",cal_access,1369484,SOLIS FOR SWEETWATER BOARD 2014,SOLIS FOR SWEETWATER BOARD 2014,619,TERMINATED 02/15/2015,,needs_research,surname only,disputed,"B another named place or district, or an opposing / ballot / recall committee","surname-only auto-link: Cal-Access 1369484 ""SOLIS FOR SWEETWATER BOARD 2014"" -- a campaign for the Sweetwater (union high school district) board in San Diego County, not for the row's seat; filer area code 619 (San Diego); this row is Hilda L. Solis, Supervisor, Los Angeles County",
d25ac994-b88b-4f77-810a-2c603036c9ee,f1f3e6ca-5532-4f33-8ec2-64791b08f59b,Hilda L. Solis,"Supervisor, Los Angeles County",cal_access,1371238,"SOLIS, ARANCIBIA, TARANTINO, SEGURA, HALL FOR SCHOOL BOARD OF TRUSTEES 2014, SPONSORED AND MAJOR FUNDING BY SWEETWATER EDUCATION ASSOCIATION PAC; TEACHERS AND PARENTS PUTTING KIDS FIRST IN SUPPORT OF","SOLIS, ARANCIBIA, TARANTINO, SEGURA, HALL FOR SCHOOL BOARD OF TRUSTEES 2014, SPONSORED AND MAJOR FUNDING BY SWEETWATER EDUCATION ASSOCIATION PAC; TEACHERS AND PARENTS PUTTING KIDS FIRST IN SUPPORT OF",619,TERMINATED 04/08/2015,,needs_research,surname only,disputed,"B another named place or district, or an opposing / ballot / recall committee","surname-only auto-link: Cal-Access 1371238 ""SOLIS, ARANCIBIA, TARANTINO, SEGURA, HALL FOR SCHOOL BOARD OF TRUSTEES 2014, SPONSORED AND MAJOR FUNDING BY SWEETWATER EDUCATION ASSOCIATION PAC; TEACHERS AND PARENTS PUTTING KIDS FIRST IN SUPPORT OF"" -- a campaign for the Sweetwater school board (a slate of other people) in San Diego County, not for the row's seat; filer area code 619 (San Diego); this row is Hilda L. Solis, Supervisor, Los Angeles County",
e76521bb-f35d-4fca-93b5-dc9cd831ab91,f1f3e6ca-5532-4f33-8ec2-64791b08f59b,Hilda L. Solis,"Supervisor, Los Angeles County",cal_access,1374016,SOLIS FOR SUPERVISOR 2014 OFFICEHOLDER ACCOUNT,SOLIS FOR SUPERVISOR 2014 OFFICEHOLDER ACCOUNT,323,ACTIVE,,needs_research,surname only,keep needs_research,unresolved,,
8616212a-1c73-4051-834d-e92dd36ab4b7,f1f3e6ca-5532-4f33-8ec2-64791b08f59b,Hilda L. Solis,"Supervisor, Los Angeles County",cal_access,1395229,SOLIS FOR SUPERVISOR 2018,SOLIS FOR SUPERVISOR 2018,323,TERMINATED 12/31/2022,,needs_research,surname only,keep needs_research,unresolved,,
c25abda9-4300-415c-80bc-a0e10811f1f2,f1f3e6ca-5532-4f33-8ec2-64791b08f59b,Hilda L. Solis,"Supervisor, Los Angeles County",cal_access,1397391,SOLIS FOR SENATE 2018,SOLIS FOR SENATE 2018,916,TERMINATED 06/30/2018,,needs_research,surname only,keep needs_research,unresolved,,
61f3acdf-0b59-4c9f-be4f-a46bb1cc2d40,fc5fda5f-f5bb-49bd-b7b3-b56eeaa6bb50,Holly J. Mitchell,"Supervisor, Los Angeles County",cal_access,1304553,"MITCHELL, COMMITTEE TO ELECT HOLLY","MITCHELL, COMMITTEE TO ELECT HOLLY",661,TERMINATED 01/31/2009,,needs_research,full name,keep needs_research,full name (out of scope),,
ed98d12a-08e4-4c97-9c13-1570edfe5b09,fc5fda5f-f5bb-49bd-b7b3-b56eeaa6bb50,Holly J. Mitchell,"Supervisor, Los Angeles County",cal_access,1466771,"MITCHELL FOR COUNTY SUPERVISOR 2024, SPONSORED BY LA VOICE ACTION; WORKING FAMILIES FOR HOLLY","MITCHELL FOR COUNTY SUPERVISOR 2024, SPONSORED BY LA VOICE ACTION; WORKING FAMILIES FOR HOLLY",213,TERMINATED 09/27/2024,,needs_research,full name,keep needs_research,full name (out of scope),,
6d3f8eba-6d2b-4422-af9f-1878d2f05c33,b7c00468-c2b4-4e48-876b-d218f3b53eac,Houston Brignano,"candidate, U.S. Representative District 36",cal_access,1484787,BRIGNANO FOR STATE ASSEMBLY DISTRICT 66 2026; COMMITTEE TO ELECT HOUSTON,BRIGNANO FOR STATE ASSEMBLY DISTRICT 66 2026; COMMITTEE TO ELECT HOUSTON,310,TERMINATED 12/18/2025,,needs_research,full name,keep needs_research,full name (out of scope),,
6b3ecf81-889d-4b5b-bbc6-3c5a1a4a0d93,0e00453c-c95f-4d44-a7af-cf1307850a00,Hugo Argumedo,"Council Member, Commerce",cal_access,1075486,"ARGUMEDO, FRIENDS OF HUGO A.","ARGUMEDO, FRIENDS OF HUGO A.",323,TERMINATED 06/30/2011,,needs_research,full name,keep needs_research,full name (out of scope),,
85069ecf-7a9f-4217-a514-1edecf76ea0b,0e00453c-c95f-4d44-a7af-cf1307850a00,Hugo Argumedo,"Council Member, Commerce",cal_access,1373951,ARGUMEDO FOR CITY COUNCIL 2024; FRIENDS OF HUGO,ARGUMEDO FOR CITY COUNCIL 2024; FRIENDS OF HUGO,310,ACTIVE,,needs_research,full name,keep needs_research,full name (out of scope),,
53055a7e-8985-4163-84d8-d017481f7794,0e00453c-c95f-4d44-a7af-cf1307850a00,Hugo Argumedo,"Council Member, Commerce",cal_access,1377568,"ARGUMEDO, LEGAL DEFENSE FUND FOR COUNCILMEMBER","ARGUMEDO, LEGAL DEFENSE FUND FOR COUNCILMEMBER",310,TERMINATED 12/31/2018,,needs_research,surname only,keep needs_research,unresolved,,
76f02370-0da6-49c0-a551-d53046aece48,5cdd28b7-f8be-4968-bc1a-0e7928786980,Isaac G. Bryan,Assembly Member (Assembly District 55),cal_access,1264490,"MARKS, FRIENDS FOR BRYAN JUSTIN","MARKS, FRIENDS FOR BRYAN JUSTIN",209,TERMINATED 12/12/2012,,needs_research,surname only,disputed,"A names another person, or the matched token is a place, a word or a given name","surname-only auto-link: Cal-Access 1264490 ""MARKS, FRIENDS FOR BRYAN JUSTIN"" -- ""Bryan"" is a given name here; the committee is Bryan Justin Marks's; filer area code 209 (Stockton/Modesto); this row is Isaac G. Bryan, Assembly Member (Assembly District 55)",
fa24bf49-12fe-4cfd-a15b-f2a08befac9f,5cdd28b7-f8be-4968-bc1a-0e7928786980,Isaac G. Bryan,Assembly Member (Assembly District 55),cal_access,1400723,CAPLES BUTTE COUNTY SUPERINTENDENT OF SCHOOLS 2018; COMMITTEE TO ELECT DR. BRYAN L.,CAPLES BUTTE COUNTY SUPERINTENDENT OF SCHOOLS 2018; COMMITTEE TO ELECT DR. BRYAN L.,530,ACTIVE,,needs_research,surname only,disputed,"A names another person, or the matched token is a place, a word or a given name","surname-only auto-link: Cal-Access 1400723 ""CAPLES BUTTE COUNTY SUPERINTENDENT OF SCHOOLS 2018; COMMITTEE TO ELECT DR. BRYAN L."" -- ""Bryan"" is a given name here; the committee is Dr. Bryan L. Caples (Butte County superintendent of schools)'s; filer area code 530 (far northern California); this row is Isaac G. Bryan, Assembly Member (Assembly District 55)",
ca9a48d2-6a25-462a-aedb-c951e67b768e,5cdd28b7-f8be-4968-bc1a-0e7928786980,Isaac G. Bryan,Assembly Member (Assembly District 55),cal_access,1435259,BRYAN FOR ASSEMBLY 2022,BRYAN FOR ASSEMBLY 2022,213,TERMINATED 06/30/2023,,needs_research,surname only,keep needs_research,unresolved,,
efe8728d-73dd-4ac6-a8a1-ac143c8eaaac,5cdd28b7-f8be-4968-bc1a-0e7928786980,Isaac G. Bryan,Assembly Member (Assembly District 55),cal_access,1436986,BRYAN FOR ASSEMBLY 2021,BRYAN FOR ASSEMBLY 2021,213,TERMINATED 12/31/2021,,needs_research,surname only,keep needs_research,unresolved,,
38fc87bc-3d26-43ca-85d7-b5b06586c194,5cdd28b7-f8be-4968-bc1a-0e7928786980,Isaac G. Bryan,Assembly Member (Assembly District 55),cal_access,1437763,"BRYAN FOR ASSEMBLY 2021 SPONSORED BY AMERICAN FEDERATION OF STATE, COUNTY AND MUNICIPAL EMPLOYEES LOCAL 3299; UCLA CUSTODIANS, COOKS, GROUDSKEEPERS AND NURSE ASSISTANTS SUPPORTING ISAAC","BRYAN FOR ASSEMBLY 2021 SPONSORED BY AMERICAN FEDERATION OF STATE, COUNTY AND MUNICIPAL EMPLOYEES LOCAL 3299; UCLA CUSTODIANS, COOKS, GROUDSKEEPERS AND NURSE ASSISTANTS SUPPORTING ISAAC",510,TERMINATED 08/23/2021,,needs_research,full name,keep needs_research,full name (out of scope),,
d7783c11-6cbd-4a1d-9ac5-22bd097fc8b1,5cdd28b7-f8be-4968-bc1a-0e7928786980,Isaac G. Bryan,Assembly Member (Assembly District 55),cal_access,1456634,BRYAN FOR ASSEMBLY 2024,BRYAN FOR ASSEMBLY 2024,213,TERMINATED 06/30/2025,,needs_research,surname only,keep needs_research,unresolved,,
33976dbe-e626-4ee2-bd0f-70b4b09357c4,5cdd28b7-f8be-4968-bc1a-0e7928786980,Isaac G. Bryan,Assembly Member (Assembly District 55),cal_access,1460187,BRYAN BALLOT MEASURE COMMITTEE; JUSTICE CA: ISAAC,BRYAN BALLOT MEASURE COMMITTEE; JUSTICE CA: ISAAC,213,ACTIVE,,needs_research,full name,keep needs_research,full name (out of scope),,
2935de15-7ed2-4a0a-9d53-ac683df75f6b,5cdd28b7-f8be-4968-bc1a-0e7928786980,Isaac G. Bryan,Assembly Member (Assembly District 55),cal_access,1477261,ISAAC BRYAN,"BRYAN, ISAAC",213,ACTIVE,,needs_research,full name,keep needs_research,full name (out of scope),,
3b2a62bd-9c82-4110-8f78-6fc6ca386102,5cdd28b7-f8be-4968-bc1a-0e7928786980,Isaac G. Bryan,Assembly Member (Assembly District 55),cal_access,1477262,BRYAN FOR ASSEMBLY 2026,BRYAN FOR ASSEMBLY 2026,213,ACTIVE,,needs_research,surname only,keep needs_research,unresolved,,
7d1e133b-f43b-4e7e-88d3-1c2e79872e61,491acdc5-5b4b-4230-a959-762faba6cd88,Isabel Aguayo,"Council Member, Paramount",cal_access,1391495,AGUAYO FOR RIALTO CITY COUNCIL 2016,AGUAYO FOR RIALTO CITY COUNCIL 2016,213,TERMINATED 12/31/2016,,needs_research,surname only,disputed,"B another named place or district, or an opposing / ballot / recall committee","surname-only auto-link: Cal-Access 1391495 ""AGUAYO FOR RIALTO CITY COUNCIL 2016"" -- a campaign for the Rialto City Council in Rialto (San Bernardino County), not for the row's seat; filer area code 213 (Los Angeles); this row is Isabel Aguayo, Council Member, Paramount",
19059992-5d16-4413-b3cc-2684e3a32f38,491acdc5-5b4b-4230-a959-762faba6cd88,Isabel Aguayo,"Council Member, Paramount",cal_access,1424271,AGUAYO FOR PARAMOUNT CITY COUNCIL 2020; COMMITTEE TO ELECT ISABEL,AGUAYO FOR PARAMOUNT CITY COUNCIL 2020; COMMITTEE TO ELECT ISABEL,562,TERMINATED 11/30/2023,,needs_research,full name,keep needs_research,full name (out of scope),,
a8e67693-59bc-46dd-abd5-b867f314a319,fa591cc1-9072-447f-a913-dc14524a85dc,Ivan Altamirano,"Mayor, Commerce",cal_access,1345148,"ALTAMIRANO 2012, COMMITTEE TO RETAIN JUDGE DIANE","ALTAMIRANO 2012, COMMITTEE TO RETAIN JUDGE DIANE",760,TERMINATED 07/20/2012,,needs_research,surname only,disputed,"A names another person, or the matched token is a place, a word or a given name","surname-only auto-link: Cal-Access 1345148 ""ALTAMIRANO 2012, COMMITTEE TO RETAIN JUDGE DIANE"" -- names a different person (Judge Diane Altamirano); filer area code 760 (Inland/north San Diego County); this row is Ivan Altamirano, Mayor, Commerce",
894c3bac-1b08-4769-a492-e61a960059ec,fa591cc1-9072-447f-a913-dc14524a85dc,Ivan Altamirano,"Mayor, Commerce",cal_access,1353052,ALTAMIRANO FOR CITY COUNCIL 2026; IVAN,ALTAMIRANO FOR CITY COUNCIL 2026; IVAN,213,ACTIVE,,needs_research,full name,keep needs_research,full name (out of scope),,
0cc43237-9a55-4641-9d9a-6eefd7c8b6e4,fa591cc1-9072-447f-a913-dc14524a85dc,Ivan Altamirano,"Mayor, Commerce",cal_access,1396278,"LEON, BACA DEL RIO & ALTAMIRANO FOR CITY COUNCIL 2017; COMMERCE FORWARD SUPPORTING","LEON, BACA DEL RIO & ALTAMIRANO FOR CITY COUNCIL 2017; COMMERCE FORWARD SUPPORTING",916,TERMINATED 06/30/2017,,needs_research,surname only,keep needs_research,unresolved,,
31a54f61-9df2-4790-8ba6-156a937a58f1,fa591cc1-9072-447f-a913-dc14524a85dc,Ivan Altamirano,"Mayor, Commerce",cal_access,1402554,"ALTAMIRANO FOR ASSEMBLY 2018, IVAN","ALTAMIRANO FOR ASSEMBLY 2018, IVAN",562,TERMINATED 06/30/2021,,needs_research,full name,keep needs_research,full name (out of scope),,
448f36a9-e4a7-4a3b-a63c-247e3d0f9204,fa591cc1-9072-447f-a913-dc14524a85dc,Ivan Altamirano,"Mayor, Commerce",cal_access,1404064,ALTAMIRANO FOR ASSEMBLY 2018; VOTE SMART CALIFORNIA OPPOSING,ALTAMIRANO FOR ASSEMBLY 2018; VOTE SMART CALIFORNIA OPPOSING,818,TERMINATED 06/30/2018,,needs_research,surname only,disputed,"B another named place or district, or an opposing / ballot / recall committee","surname-only auto-link: Cal-Access 1404064 ""ALTAMIRANO FOR ASSEMBLY 2018; VOTE SMART CALIFORNIA OPPOSING"" -- an independent-expenditure committee OPPOSING Altamirano for Assembly 2018, not the row's own committee; filer area code 818 (San Fernando Valley); this row is Ivan Altamirano, Mayor, Commerce",
5f39b0c8-fc49-4a23-97a1-c3e1abdfcd76,fa591cc1-9072-447f-a913-dc14524a85dc,Ivan Altamirano,"Mayor, Commerce",cal_access,1404798,ALTAMIRANO FOR ASSEMBLY 2018; THE COMMUNITY COALITION SUPPORTING IVAN,ALTAMIRANO FOR ASSEMBLY 2018 AND VILLARAIGOSA FOR GOVERNOR 2018; THE COMMUNITY COALITION SUPPORTING IVAN,818,TERMINATED 09/30/2019,,needs_research,full name,keep needs_research,full name (out of scope),,
7922d2fd-4fdd-41d3-9c29-c1451f68040d,e2693f04-ad66-44a2-830a-d4eaa5235ff3,Ivan Perkins,,cal_access,1232224,PERKINS FOR ASSEMBLY,PERKINS FOR ASSEMBLY,866,TERMINATED 10/02/2002,,needs_research,surname only,keep needs_research,unresolved,,
24fa53a7-f3a5-48ba-ab93-dcd82fe4f3c7,e2693f04-ad66-44a2-830a-d4eaa5235ff3,Ivan Perkins,,cal_access,1260102,"PERKINS FOR BOARD OF SUPERVISOR, T.","PERKINS FOR BOARD OF SUPERVISOR, T.",916,TERMINATED 10/27/2003,,needs_research,surname only,disputed,"A names another person, or the matched token is a place, a word or a given name","surname-only auto-link: Cal-Access 1260102 ""PERKINS FOR BOARD OF SUPERVISOR, T."" -- names a different person (T. Perkins); filer area code 916 (Sacramento); this row is Ivan Perkins (active; no seat or race recorded)",
2cf9f18f-8f01-401e-8295-e774afcfceee,e2693f04-ad66-44a2-830a-d4eaa5235ff3,Ivan Perkins,,cal_access,1260552,PERKINS FOR ASSEMBLY,PERKINS FOR ASSEMBLY,831,TERMINATED 04/30/2005,,needs_research,surname only,keep needs_research,unresolved,,
3966b956-0642-49ba-af03-3c8c7f962780,346b600d-8b35-4ef2-bf58-4c3f50499ac1,Jacqueline H. Lewis,,la_socrata,1344652,Lewis for City Council District 9 2013,,,,"Lewis, Norvell",needs_research,surname only,disputed,"A names another person, or the matched token is a place, a word or a given name","surname-only auto-link: LA City Ethics committee 1344652 ""Lewis for City Council District 9 2013"" -- LA City Ethics names its candidate as Norvell Lewis (LA City Council Member - District 9), a different person; this row is Jacqueline H. Lewis (active; no seat or race recorded)",
b1b5c003-a465-41fa-99a1-c93f54ab44a9,97285c92-b664-4687-a1e4-6d88cf9c7fe4,Jacqui Irwin,Assembly Member (Assembly District 42),cal_access,1023599,"NEBRON, COMMITTEE TO ELECT JUDGE IRWIN J.","NEBRON, COMMITTEE TO ELECT JUDGE IRWIN J.",213,TERMINATED 12/01/1990,,needs_research,surname only,disputed,"A names another person, or the matched token is a place, a word or a given name","surname-only auto-link: Cal-Access 1023599 ""NEBRON, COMMITTEE TO ELECT JUDGE IRWIN J."" -- ""Irwin"" is a given name here; the committee is Judge Irwin J. Nebron's; filer area code 213 (Los Angeles); this row is Jacqui Irwin, Assembly Member (Assembly District 42)",
aaef9b67-833c-4b96-85ba-69890e9f09be,97285c92-b664-4687-a1e4-6d88cf9c7fe4,Jacqui Irwin,Assembly Member (Assembly District 42),cal_access,1267134,"IRWIN FOR CITY COUNCIL, JACQUI","IRWIN FOR CITY COUNCIL, JACQUI",,TERMINATED 06/15/2005,,needs_research,full name,keep needs_research,full name (out of scope),,
5a3d1454-3a39-482a-8e45-e04fd1511fd0,97285c92-b664-4687-a1e4-6d88cf9c7fe4,Jacqui Irwin,Assembly Member (Assembly District 42),cal_access,1362508,"IRWIN FOR STATE ASSEMBLY 2014, JACQUI","IRWIN FOR STATE ASSEMBLY 2014, JACQUI",805,TERMINATED 03/12/2015,,needs_research,full name,keep needs_research,full name (out of scope),,
236446a3-0af3-4c94-8154-cd48b71ae415,97285c92-b664-4687-a1e4-6d88cf9c7fe4,Jacqui Irwin,Assembly Member (Assembly District 42),cal_access,1373767,IRWIN FOR ASSEMBLY 2016; JACQUI,IRWIN FOR ASSEMBLY 2016; JACQUI,916,TERMINATED 06/30/2017,,needs_research,full name,keep needs_research,full name (out of scope),,
61570f03-a551-404b-9548-0418c59e9957,97285c92-b664-4687-a1e4-6d88cf9c7fe4,Jacqui Irwin,Assembly Member (Assembly District 42),cal_access,1392423,IRWIN SCHOOL BOARD CAJON VALLEY 2016,IRWIN SCHOOL BOARD CAJON VALLEY 2016,619,TERMINATED 12/31/2016,,needs_research,surname only,disputed,"B another named place or district, or an opposing / ballot / recall committee","surname-only auto-link: Cal-Access 1392423 ""IRWIN SCHOOL BOARD CAJON VALLEY 2016"" -- a campaign for the Cajon Valley school board in San Diego County, not for the row's seat; filer area code 619 (San Diego); this row is Jacqui Irwin, Assembly Member (Assembly District 42)",
12707d36-88b8-405e-9e9e-c7c70552a4ad,97285c92-b664-4687-a1e4-6d88cf9c7fe4,Jacqui Irwin,Assembly Member (Assembly District 42),cal_access,1393074,IRWIN FOR ASSEMBLY 2018; JACQUI,IRWIN FOR ASSEMBLY 2018; JACQUI,916,TERMINATED 06/30/2019,,needs_research,full name,keep needs_research,full name (out of scope),,
656111b7-5b9f-4ddb-a8b6-12930b1aa53d,97285c92-b664-4687-a1e4-6d88cf9c7fe4,Jacqui Irwin,Assembly Member (Assembly District 42),cal_access,1412030,"IRWIN FOR CITY COUNCIL 2018; ELECT PATRICK ""CORK""","IRWIN FOR CITY COUNCIL 2018; ELECT PATRICK ""CORK""",909,ACTIVE,,needs_research,surname only,disputed,"A names another person, or the matched token is a place, a word or a given name","surname-only auto-link: Cal-Access 1412030 ""IRWIN FOR CITY COUNCIL 2018; ELECT PATRICK ""CORK"""" -- names a different person (Patrick ""Cork"" Irwin); filer area code 909 (Inland Empire); this row is Jacqui Irwin, Assembly Member (Assembly District 42)",
310df138-c570-443b-b204-ff73959c945d,97285c92-b664-4687-a1e4-6d88cf9c7fe4,Jacqui Irwin,Assembly Member (Assembly District 42),cal_access,1435063,IRWIN FOR L. A. CITY COUNCIL 2022,IRWIN FOR L. A. CITY COUNCIL 2022,310,TERMINATED 04/20/2022,"Irwin , Kristina",needs_research,surname only,disputed,"A names another person, or the matched token is a place, a word or a given name","surname-only auto-link: Cal-Access 1435063 ""IRWIN FOR L. A. CITY COUNCIL 2022"" -- LA City Ethics names its candidate as Kristina Irwin (LA City Council Member - District 5), a different person; filer area code 310 (West LA/South Bay); this row is Jacqui Irwin, Assembly Member (Assembly District 42)",
e0bbf0db-fd6d-44cc-b730-bb9514eba0ea,97285c92-b664-4687-a1e4-6d88cf9c7fe4,Jacqui Irwin,Assembly Member (Assembly District 42),cal_access,1435250,IRWIN FOR ASSEMBLY 2022,IRWIN FOR ASSEMBLY 2022,916,TERMINATED 03/28/2023,,needs_research,surname only,keep needs_research,unresolved,,
0aa28800-23e4-44ff-ad7f-25ffa0ec21b6,97285c92-b664-4687-a1e4-6d88cf9c7fe4,Jacqui Irwin,Assembly Member (Assembly District 42),cal_access,1456714,IRWIN FOR ASSEMBLY 2024,IRWIN FOR ASSEMBLY 2024,916,TERMINATED 06/30/2025,,needs_research,surname only,keep needs_research,unresolved,,
dbb6196a-1617-44eb-aaac-595b590d9496,97285c92-b664-4687-a1e4-6d88cf9c7fe4,Jacqui Irwin,Assembly Member (Assembly District 42),la_socrata,1435063,Irwin for L.A City Council 2022,,,,"Irwin , Kristina",needs_research,surname only,disputed,"A names another person, or the matched token is a place, a word or a given name","surname-only auto-link: LA City Ethics committee 1435063 ""Irwin for L.A City Council 2022"" -- LA City Ethics names its candidate as Kristina Irwin (LA City Council Member - District 5), a different person; this row is Jacqui Irwin, Assembly Member (Assembly District 42)",
7a8c4ab6-8382-45c1-b9b3-9b8e6a9a2e31,cc643852-7c6d-48d3-9d2e-46fe5cbcf7db,Jake Levine,,cal_access,1250988,LEVINE FOR ASSEMBLY 2004,LEVINE FOR ASSEMBLY 2004,323,TERMINATED 02/26/2005,,needs_research,surname only,keep needs_research,unresolved,,
9bbe7f64-1a38-4efe-9faf-a33d3c33574a,cc643852-7c6d-48d3-9d2e-46fe5cbcf7db,Jake Levine,,cal_access,1272841,LEVINE FOR ASSEMBLY 2006,LEVINE FOR ASSEMBLY 2006,818,TERMINATED 12/15/2008,,needs_research,surname only,keep needs_research,unresolved,,
4c11c21f-f3e8-40fc-8c23-6996943ad8ce,cc643852-7c6d-48d3-9d2e-46fe5cbcf7db,Jake Levine,,cal_access,1339058,LEVINE FOR ASSEMBLY 2012,LEVINE FOR ASSEMBLY 2012,415,TERMINATED 06/30/2013,,needs_research,surname only,keep needs_research,unresolved,,
a7d72792-692e-4a81-aa3b-7ace180f7e0f,cc643852-7c6d-48d3-9d2e-46fe5cbcf7db,Jake Levine,,cal_access,1389170,LEVINE FOR CITY COUNCIL 2016,LEVINE FOR CITY COUNCIL 2016,510,TERMINATED 12/14/2016,,needs_research,surname only,keep needs_research,unresolved,,
8656d859-6243-4a9e-8e1d-9a4cccb95d42,cc643852-7c6d-48d3-9d2e-46fe5cbcf7db,Jake Levine,,cal_access,1441482,LEVINE FOR FUSD TRUSTEE AREA 5 - 2024,LEVINE FOR FUSD TRUSTEE AREA 5 - 2024,559,TERMINATED 10/14/2025,,needs_research,surname only,keep needs_research,unresolved,,
4905d7df-6473-41c7-8b80-145795937294,cc643852-7c6d-48d3-9d2e-46fe5cbcf7db,Jake Levine,,cal_access,1451177,LEVINE FOR INSURANCE COMMISSIONER 2026,LEVINE FOR INSURANCE COMMISSIONER 2026,415,TERMINATED 04/13/2026,,needs_research,surname only,keep needs_research,unresolved,,
74123aab-dab9-43da-9fe9-c3b17fd42a46,cc643852-7c6d-48d3-9d2e-46fe5cbcf7db,Jake Levine,,cal_access,1453845,LEVINE 4 MAYOR 2022,LEVINE 4 MAYOR 2022,310,TERMINATED 02/28/2023,,needs_research,surname only,keep needs_research,unresolved,,
14e7d853-3db9-4a37-99b0-3a0c79249220,cc643852-7c6d-48d3-9d2e-46fe5cbcf7db,Jake Levine,,cal_access,1461175,LEVINE FOR SUPERVISOR 2024,LEVINE FOR SUPERVISOR 2024,415,TERMINATED 12/31/2023,,needs_research,surname only,keep needs_research,unresolved,,
9108f194-37a7-4598-b207-3387f21759bd,cc643852-7c6d-48d3-9d2e-46fe5cbcf7db,Jake Levine,,cal_access,1463461,LEVINE FOR SONORA CITY COUNCIL 2024,LEVINE FOR SONORA CITY COUNCIL 2024,209,ACTIVE,,needs_research,surname only,keep needs_research,unresolved,,
fe0ea0ff-29b1-41b5-a8b9-52eaacdd041f,f7e7461a-6416-4fda-965b-6dfd10dd1f12,James A Light,"Mayor, Redondo Beach",cal_access,1273888,"LIGHT, FRIENDS OF JIM","LIGHT, FRIENDS OF JIM",310,TERMINATED 07/27/2005,,needs_research,full name,keep needs_research,full name (out of scope),,
9146dfac-1b8e-4091-b30f-066aba8fba9b,f7e7461a-6416-4fda-965b-6dfd10dd1f12,James A Light,"Mayor, Redondo Beach",cal_access,1341055,LIGHT FOR SCHOOL BOARD 2011,LIGHT FOR SCHOOL BOARD 2011,213,TERMINATED 10/22/2011,,needs_research,surname only,keep needs_research,unresolved,,
9b091b20-e7ac-4667-ad19-7cab0d7f13ec,f7e7461a-6416-4fda-965b-6dfd10dd1f12,James A Light,"Mayor, Redondo Beach",cal_access,1352882,LIGHT FOR CITY COUNCIL DISTRICT 1 2013,LIGHT FOR CITY COUNCIL DISTRICT 1 2013,310,TERMINATED 07/28/2013,,needs_research,surname only,keep needs_research,unresolved,,
0d1efce0-c864-43c1-a5be-a7c6869a266c,f7e7461a-6416-4fda-965b-6dfd10dd1f12,James A Light,"Mayor, Redondo Beach",cal_access,1477387,LIGHT FOR MAYOR 2025,LIGHT FOR MAYOR 2025,213,TERMINATED 01/23/2026,,needs_research,surname only,keep needs_research,unresolved,,
13a67393-401b-42bc-bc79-3d4a4414e592,3f6742b8-3fb8-43b9-b0e2-79114c5cce7d,James Black M.D,"Council Member, Rolling Hills",cal_access,1321265,"DHAND M.D. CITY COUNCIL MEMBERSHIP DIAMOND BAR 2011, S.","DHAND M.D. CITY COUNCIL MEMBERSHIP DIAMOND BAR 2011, S.",626,TERMINATED 12/31/2017,,needs_research,surname only,disputed,"A names another person, or the matched token is a place, a word or a given name","surname-only auto-link: Cal-Access 1321265 ""DHAND M.D. CITY COUNCIL MEMBERSHIP DIAMOND BAR 2011, S."" -- the link matched the suffix ""M.D.""; the committee is S. Dhand's (Diamond Bar); filer area code 626 (San Gabriel Valley); this row is James Black M.D, Council Member, Rolling Hills",
54635cb7-dee6-465b-bea4-44f0221f4e5d,e258ed0d-24fe-40a0-96d7-6ab22618aa71,James Gazeley,"Council Member, Lomita",cal_access,1320944,"GAZELEY FOR LOMITA CITY COUNCIL 2009, COMMITTEE TO ELECT JAMES","GAZELEY FOR LOMITA CITY COUNCIL 2009, COMMITTEE TO ELECT JAMES",310,TERMINATED 01/15/2010,,needs_research,full name,keep needs_research,full name (out of scope),,
86be9354-6d91-4049-a23b-a6d1eb84bdfb,e258ed0d-24fe-40a0-96d7-6ab22618aa71,James Gazeley,"Council Member, Lomita",cal_access,1359457,"GAZELEY FOR LOMITA CITY COUNCIL 2013, COMMITTEE TO ELECT JAMES","GAZELEY FOR LOMITA CITY COUNCIL 2013, COMMITTEE TO ELECT JAMES",310,ACTIVE,,needs_research,full name,keep needs_research,full name (out of scope),,
38bfb6f4-f046-4dc7-9dbc-dfad376a54ea,b9a1a62b-f63a-4a53-85fb-fd6ac911c0cd,James R. Bozajian,"Mayor, Calabasas",cal_access,1227797,BOZAJIAN CAMPAIGN COMMITTEE,BOZAJIAN FOR CALABASAS CITY COUNCIL 2026; JAMES,818,ACTIVE,,needs_research,full name,keep needs_research,full name (out of scope),,
0808c415-b5fe-4030-88e3-dc6100b5db44,eba94628-3dc2-49d8-b6c5-3a95ceab0616,Janet Keo Conklin,"Council Member, La Palma",cal_access,1410633,CONKLIN FOR EUREKA UNION SCHOOL BOARD 2022,CONKLIN FOR EUREKA UNION SCHOOL BOARD 2022,916,TERMINATED 12/15/2023,,needs_research,surname only,disputed,"B another named place or district, or an opposing / ballot / recall committee","surname-only auto-link: Cal-Access 1410633 ""CONKLIN FOR EUREKA UNION SCHOOL BOARD 2022"" -- a campaign for the Eureka Union school board in Placer County, not for the row's seat; filer area code 916 (Sacramento); this row is Janet Keo Conklin, Council Member, La Palma",
dbc8bc34-c47e-488e-abe1-5f4da74e41e3,eba94628-3dc2-49d8-b6c5-3a95ceab0616,Janet Keo Conklin,"Council Member, La Palma",cal_access,1468317,CONKLIN FOR MIRACOSTA COMMUNITY COLLEGE BOARD 2024,CONKLIN FOR MIRACOSTA COMMUNITY COLLEGE BOARD 2026,760,ACTIVE,,needs_research,surname only,disputed,"B another named place or district, or an opposing / ballot / recall committee","surname-only auto-link: Cal-Access 1468317 ""CONKLIN FOR MIRACOSTA COMMUNITY COLLEGE BOARD 2026"" (stored as ""CONKLIN FOR MIRACOSTA COMMUNITY COLLEGE BOARD 2024"") -- a campaign for the MiraCosta Community College board in San Diego County, not for the row's seat; filer area code 760 (Inland/north San Diego County); this row is Janet Keo Conklin, Council Member, La Palma",
1acb823e-a69f-4636-83f9-2e473ae3a066,eba94628-3dc2-49d8-b6c5-3a95ceab0616,Janet Keo Conklin,"Council Member, La Palma",cal_access,1477622,CONKLIN FOR SENATE 2025; JANET K,CONKLIN FOR SENATE 2025; JANET K,213,TERMINATED 01/08/2025,,needs_research,full name,keep needs_research,full name (out of scope),,
516a1c7c-1333-4da6-91e6-e1d3c2a9999d,eba94628-3dc2-49d8-b6c5-3a95ceab0616,Janet Keo Conklin,"Council Member, La Palma",cal_access,1480863,CONKLIN FOR SENATE 2026; JANET,CONKLIN FOR SENATE 2026; JANET,310,TERMINATED 05/14/2025,,needs_research,full name,keep needs_research,full name (out of scope),,
f116979a-b7a0-4335-9d8b-81b204fc3b98,eba94628-3dc2-49d8-b6c5-3a95ceab0616,Janet Keo Conklin,"Council Member, La Palma",cal_access,1481169,CONKLIN FOR ASSESSOR 2026; JANET,CONKLIN FOR ASSESSOR 2026; JANET,323,ACTIVE,,needs_research,full name,keep needs_research,full name (out of scope),,
f8e778bf-f7fd-4466-a418-8b0361fcb254,6640a2dd-0f1d-4f3e-a794-23e3cc716ae6,Janice Hahn,"Supervisor, Los Angeles County",cal_access,1050343,HAHN FOR ASSESSOR,"HAHN/98, RE-ELECT ASSESSOR KENNETH P.",213,TERMINATED 03/02/1990,,needs_research,surname only,disputed,"A names another person, or the matched token is a place, a word or a given name","surname-only auto-link: Cal-Access 1050343 ""HAHN/98, RE-ELECT ASSESSOR KENNETH P."" (stored as ""HAHN FOR ASSESSOR"") -- names a different person (Assessor Kenneth P. Hahn); filer area code 213 (Los Angeles); this row is Janice Hahn, Supervisor, Los Angeles County",
9dbe6dcb-c96a-4576-a347-370f022b1848,6640a2dd-0f1d-4f3e-a794-23e3cc716ae6,Janice Hahn,"Supervisor, Los Angeles County",cal_access,1066639,"HAHN, JANICE FOR ASSEMBLY","HAHN, JANICE FOR ASSEMBLY",310,TERMINATED 12/13/1995,,needs_research,full name,keep needs_research,full name (out of scope),,
ed8ea0f3-368a-4a27-9b62-eee32500b7da,6640a2dd-0f1d-4f3e-a794-23e3cc716ae6,Janice Hahn,"Supervisor, Los Angeles County",cal_access,1069634,"HAHN OFFICEHOLDER COMMITTEE, ASSESSOR KENNETH P.","HAHN OFFICEHOLDER COMMITTEE, ASSESSOR KENNETH P.",213,TERMINATED 12/18/1996,,needs_research,surname only,disputed,"A names another person, or the matched token is a place, a word or a given name","surname-only auto-link: Cal-Access 1069634 ""HAHN OFFICEHOLDER COMMITTEE, ASSESSOR KENNETH P."" -- names a different person (Assessor Kenneth P. Hahn); filer area code 213 (Los Angeles); this row is Janice Hahn, Supervisor, Los Angeles County",
3e7d30c5-4ab9-4cc2-83b3-343ecf48de0f,6640a2dd-0f1d-4f3e-a794-23e3cc716ae6,Janice Hahn,"Supervisor, Los Angeles County",cal_access,1069635,"HAHN ATTORNEY'S FEES FUND, ASSESSOR KENNETH P.","HAHN ATTORNEY'S FEES FUND, ASSESSOR KENNETH P.",213,TERMINATED 12/18/1996,,needs_research,surname only,disputed,"A names another person, or the matched token is a place, a word or a given name","surname-only auto-link: Cal-Access 1069635 ""HAHN ATTORNEY'S FEES FUND, ASSESSOR KENNETH P."" -- names a different person (Assessor Kenneth P. Hahn); filer area code 213 (Los Angeles); this row is Janice Hahn, Supervisor, Los Angeles County",
4cdc65d0-bc45-43e7-a7a6-38bde5ac0f90,6640a2dd-0f1d-4f3e-a794-23e3cc716ae6,Janice Hahn,"Supervisor, Los Angeles County",cal_access,1076004,HAHN FOR MAYOR,HAHN FOR MAYOR,213,TERMINATED 07/15/2003,,needs_research,surname only,keep needs_research,unresolved,,probably James Hahn (LA mayor 2001-2005); no given name in the record
809d972e-f386-4d36-9341-890cd1671229,6640a2dd-0f1d-4f3e-a794-23e3cc716ae6,Janice Hahn,"Supervisor, Los Angeles County",cal_access,1234341,HAHN FOR CITY COUNCIL - GENERAL 2001,HAHN FOR CITY COUNCIL - GENERAL 2001,213,TERMINATED 06/02/2003,,needs_research,surname only,keep needs_research,unresolved,,
592f6418-91f7-40ff-a8b6-0e0a621b0dd6,6640a2dd-0f1d-4f3e-a794-23e3cc716ae6,Janice Hahn,"Supervisor, Los Angeles County",cal_access,1238291,"HAHN, MAYOR OFFICEHOLDER ACCOUNT","HAHN LEGAL DEFENSE FUND #2 (MAYOR HAHN OFFICEHOLDER ACCOUNT), JIM",213,TERMINATED 12/31/2007,,needs_research,surname only,disputed,"A names another person, or the matched token is a place, a word or a given name","surname-only auto-link: Cal-Access 1238291 ""HAHN LEGAL DEFENSE FUND #2 (MAYOR HAHN OFFICEHOLDER ACCOUNT), JIM"" (stored as ""HAHN, MAYOR OFFICEHOLDER ACCOUNT"") -- names a different person (Mayor Jim Hahn); filer area code 213 (Los Angeles); this row is Janice Hahn, Supervisor, Los Angeles County",
d8e8b24e-1d63-45c0-8283-cf59d255cb3b,6640a2dd-0f1d-4f3e-a794-23e3cc716ae6,Janice Hahn,"Supervisor, Los Angeles County",cal_access,1254386,HAHN FOR MAYOR 2005,HAHN FOR MAYOR 2005,213,TERMINATED 06/30/2007,"Hahn, James",needs_research,surname only,disputed,"A names another person, or the matched token is a place, a word or a given name","surname-only auto-link: Cal-Access 1254386 ""HAHN FOR MAYOR 2005"" -- LA City Ethics names its candidate as James Hahn (LA Mayor), a different person; filer area code 213 (Los Angeles); this row is Janice Hahn, Supervisor, Los Angeles County",
519d181f-d8a0-414f-9eb8-b19fa1ca2f7e,6640a2dd-0f1d-4f3e-a794-23e3cc716ae6,Janice Hahn,"Supervisor, Los Angeles County",cal_access,1275192,HAHN FOR MAYOR 2005 GENERAL,HAHN FOR MAYOR 2005 GENERAL,213,TERMINATED 12/31/2008,"Hahn, James",needs_research,surname only,disputed,"A names another person, or the matched token is a place, a word or a given name","surname-only auto-link: Cal-Access 1275192 ""HAHN FOR MAYOR 2005 GENERAL"" -- LA City Ethics names its candidate as James Hahn (LA Mayor), a different person; filer area code 213 (Los Angeles); this row is Janice Hahn, Supervisor, Los Angeles County",
3f7a93aa-a3f2-46b1-a3c9-cb9d32bd556f,6640a2dd-0f1d-4f3e-a794-23e3cc716ae6,Janice Hahn,"Supervisor, Los Angeles County",cal_access,1378965,HAHN FOR SUPERVISOR 2016 ATTORNEY'S FEES FUND; JANICE,HAHN FOR SUPERVISOR 2016 ATTORNEY'S FEES FUND; JANICE,213,TERMINATED 04/28/2016,,needs_research,full name,keep needs_research,full name (out of scope),,
e3d39385-ee7a-4c68-a0d3-cd72e94c34aa,6640a2dd-0f1d-4f3e-a794-23e3cc716ae6,Janice Hahn,"Supervisor, Los Angeles County",cal_access,1381022,HAHN FOR COUNCIL 2016,HAHN FOR COUNCIL 2016,510,TERMINATED 11/06/2017,,needs_research,surname only,disputed,C the filer evidence places it elsewhere (area code or shared filer phone),"surname-only auto-link: Cal-Access 1381022 ""HAHN FOR COUNCIL 2016"" -- a campaign for a city council; filer area code 510 (East Bay) is outside the Los Angeles region and nothing ties it to the row; this row is Janice Hahn, Supervisor, Los Angeles County",
8baa8e1a-0bb7-44cd-b9bb-99e6d7551415,6640a2dd-0f1d-4f3e-a794-23e3cc716ae6,Janice Hahn,"Supervisor, Los Angeles County",cal_access,1391276,HAHN FOR SUPERVISOR 2016; NEIGHBORS UNITE SUPPORTING JANICE,"HAHN FOR SUPERVISOR 2016, MAJOR FUNDING BY SERVICE EMPLOYEES INTERNATIONAL UNION SEIU LOCAL 721; NEIGHBORS UNITED SUPPORTING JANICE",562,TERMINATED 07/25/2018,,needs_research,full name,keep needs_research,full name (out of scope),,
857ad2eb-bbb6-4d6b-ab8d-08ec6a840881,6640a2dd-0f1d-4f3e-a794-23e3cc716ae6,Janice Hahn,"Supervisor, Los Angeles County",cal_access,1392298,HAHN FOR SUPERVISOR 2016; COALITION FOR TODAY IN SUPPORT OF JANICE,HAHN FOR SUPERVISOR 2016; COALITION FOR TODAY IN SUPPORT OF JANICE,213,TERMINATED 12/31/2017,,needs_research,full name,keep needs_research,full name (out of scope),,
f0612d84-bb70-46de-9844-8cbbd99ad098,6640a2dd-0f1d-4f3e-a794-23e3cc716ae6,Janice Hahn,"Supervisor, Los Angeles County",cal_access,1392563,HAHN FOR SUPERVISOR 2016 ATTORNEY'S FEES FUND; JANICE,HAHN FOR SUPERVISOR 2016 ATTORNEY'S FEES FUND; JANICE,213,TERMINATED 12/28/2021,,needs_research,full name,keep needs_research,full name (out of scope),,
65ccd1fc-95be-4a9a-84a3-c6d57c7e8acb,6640a2dd-0f1d-4f3e-a794-23e3cc716ae6,Janice Hahn,"Supervisor, Los Angeles County",cal_access,1412576,HAHN FOR PVPUSD SCHOOL BOARD 2018,HAHN FOR PVPUSD SCHOOL BOARD 2018,310,TERMINATED 12/31/2020,,needs_research,surname only,disputed,"B another named place or district, or an opposing / ballot / recall committee","surname-only auto-link: Cal-Access 1412576 ""HAHN FOR PVPUSD SCHOOL BOARD 2018"" -- a campaign for the Palos Verdes Peninsula Unified school board in Palos Verdes, not for the row's seat; filer area code 310 (West LA/South Bay); this row is Janice Hahn, Supervisor, Los Angeles County",
762a1d1a-5175-4e97-9cad-b1109fd531ed,6640a2dd-0f1d-4f3e-a794-23e3cc716ae6,Janice Hahn,"Supervisor, Los Angeles County",cal_access,1433918,HAHN FOR WATER BOARD 2020,HAHN FOR WATER BOARD 2020,951,TERMINATED 12/31/2020,,needs_research,surname only,disputed,C the filer evidence places it elsewhere (area code or shared filer phone),"surname-only auto-link: Cal-Access 1433918 ""HAHN FOR WATER BOARD 2020"" -- a campaign for a special-district board; filer area code 951 (Riverside) is outside the Los Angeles region and nothing ties it to the row; this row is Janice Hahn, Supervisor, Los Angeles County",
16585700-c2fd-4c37-aa73-97645489332a,539874fc-489f-4643-9b1a-923aca6cc2c1,Jasmeet Kaur Bains,Assembly Member (Assembly District 35),cal_access,1428498,DURAZO BALLOT MEASURE COMMITTEE; TAKE ACTION FOR EQUAL OPPORTUNITY: MARIA ELENA,DURAZO BALLOT MEASURE COMMITTEE; TAKE ACTION FOR EQUAL OPPORTUNITY: MARIA ELENA,213,ACTIVE,,needs_research,surname absent,disputed,"A names another person, or the matched token is a place, a word or a given name","auto-link on a token that is not the row's surname: Cal-Access 1428498 ""DURAZO BALLOT MEASURE COMMITTEE; TAKE ACTION FOR EQUAL OPPORTUNITY: MARIA ELENA"" -- the row's surname does not appear in the committee name; the committee is Maria Elena Durazo's; filer area code 213 (Los Angeles); this row is Jasmeet Kaur Bains, Assembly Member (Assembly District 35)",
a0579f8b-d9f8-4f9b-a0c4-696c117ffde8,539874fc-489f-4643-9b1a-923aca6cc2c1,Jasmeet Kaur Bains,Assembly Member (Assembly District 35),cal_access,1479450,MARIA ELENA DURAZO,"DURAZO, MARIA ELENA",213,ACTIVE,,needs_research,surname absent,disputed,"A names another person, or the matched token is a place, a word or a given name","auto-link on a token that is not the row's surname: Cal-Access 1479450 ""DURAZO, MARIA ELENA"" (stored as ""MARIA ELENA DURAZO"") -- the row's surname does not appear in the committee name; the committee is Maria Elena Durazo's; filer area code 213 (Los Angeles); this row is Jasmeet Kaur Bains, Assembly Member (Assembly District 35)",
f5681def-3e9d-4b64-be55-d527f4c9d743,539874fc-489f-4643-9b1a-923aca6cc2c1,Jasmeet Kaur Bains,Assembly Member (Assembly District 35),cal_access,1480690,MARIA ELENA DURAZO,"DURAZO, MARIA ELENA",213,ACTIVE,,needs_research,surname absent,disputed,"A names another person, or the matched token is a place, a word or a given name","auto-link on a token that is not the row's surname: Cal-Access 1480690 ""DURAZO, MARIA ELENA"" (stored as ""MARIA ELENA DURAZO"") -- the row's surname does not appear in the committee name; the committee is Maria Elena Durazo's; filer area code 213 (Los Angeles); this row is Jasmeet Kaur Bains, Assembly Member (Assembly District 35)",
56e43f47-a3b8-4285-8a02-bdaa312e673a,434cd9b0-ce80-42fd-b71d-f221349e33f5,Jason Gibbs,"Council Member (District 3), Santa Clarita",cal_access,1055434,"GIBBS, CITIZENS FOR","GIBBS, CITIZENS FOR",213,TERMINATED 02/26/1992,,needs_research,surname only,keep needs_research,unresolved,,
8d9c4b02-0643-4719-8125-ba50ee17fb51,434cd9b0-ce80-42fd-b71d-f221349e33f5,Jason Gibbs,"Council Member (District 3), Santa Clarita",cal_access,1406598,GIBBS FOR CITY COUNCIL 2018; JASON,GIBBS FOR CITY COUNCIL 2018; JASON,805,TERMINATED 08/10/2021,,needs_research,full name,keep needs_research,full name (out of scope),,
2f788131-7068-46c8-b858-5a24a28a1ddd,434cd9b0-ce80-42fd-b71d-f221349e33f5,Jason Gibbs,"Council Member (District 3), Santa Clarita",cal_access,1419551,GIBBS FOR CITY COUNCIL 2020; JASON,GIBBS FOR CITY COUNCIL 2020; JASON,805,TERMINATED 08/10/2021,,needs_research,full name,keep needs_research,full name (out of scope),,
a19137f8-07a7-433b-b4dd-dc44581dd33b,434cd9b0-ce80-42fd-b71d-f221349e33f5,Jason Gibbs,"Council Member (District 3), Santa Clarita",cal_access,1456775,GIBBS FOR CITY COUNCIL 2024; JASON,GIBBS FOR CITY COUNCIL 2024; JASON,805,TERMINATED 03/11/2025,,needs_research,full name,keep needs_research,full name (out of scope),,
21806c49-4b7d-4e93-8812-6e7ddc1d9661,434cd9b0-ce80-42fd-b71d-f221349e33f5,Jason Gibbs,"Council Member (District 3), Santa Clarita",cal_access,1480110,GIBBS FOR CITY COUNCIL 2028; JASON,GIBBS FOR CITY COUNCIL 2028; JASON,805,ACTIVE,,needs_research,full name,keep needs_research,full name (out of scope),,
aeb6af3b-4843-498b-9337-3dd50f4d3eb0,0d3f6eaf-8f8e-4ec3-a2e7-a8e67487450e,Jason Lyon,"Councilmember, Pasadena",cal_access,1077363,LYON FOR STATE SENATE 27,LYON FOR STATE SENATE 27,310,TERMINATED 09/04/2002,,needs_research,surname only,keep needs_research,unresolved,,
06b677a4-5b60-4468-be43-f4be7ee409ab,0d3f6eaf-8f8e-4ec3-a2e7-a8e67487450e,Jason Lyon,"Councilmember, Pasadena",cal_access,1260716,LYON FOR ASSEMBLY COMMITTEE,LYON FOR ASSEMBLY COMMITTEE,909,TERMINATED 03/14/2005,,needs_research,surname only,keep needs_research,unresolved,,
4d0f1661-e628-4154-98bd-b77a8a0653e4,0d3f6eaf-8f8e-4ec3-a2e7-a8e67487450e,Jason Lyon,"Councilmember, Pasadena",cal_access,1439310,LYON FOR PASADENA CITY COUNCIL (2026); JASON,LYON FOR PASADENA CITY COUNCIL (2026); JASON,626,ACTIVE,,needs_research,full name,keep needs_research,full name (out of scope),,
981989bf-3cd9-42a5-be08-d88303e72673,18db5d61-6bce-4f55-ad45-bed01f329548,Jay Obernolte,Representative (District 23),cal_access,1327455,"OBERNOLTE FOR CITY COUNCIL 2010, JAY","OBERNOLTE FOR CITY COUNCIL 2010, JAY",909,TERMINATED 12/19/2010,,needs_research,full name,keep needs_research,full name (out of scope),,
a4c9cbc2-569f-49a9-a86f-ff726a0bb3cc,18db5d61-6bce-4f55-ad45-bed01f329548,Jay Obernolte,Representative (District 23),cal_access,1362834,"OBERNOLTE FOR ASSEMBLY 2014, JAY","OBERNOLTE FOR ASSEMBLY 2014, JAY",916,TERMINATED 02/15/2020,,needs_research,full name,keep needs_research,full name (out of scope),,
4bfb00ab-333f-4782-a3d8-b6a465769269,18db5d61-6bce-4f55-ad45-bed01f329548,Jay Obernolte,Representative (District 23),cal_access,1374093,OBERNOLTE FOR ASSEMBLY 2016; JAY,OBERNOLTE FOR ASSEMBLY 2016; JAY,916,TERMINATED 04/21/2018,,needs_research,full name,keep needs_research,full name (out of scope),,
8ef7bdb1-2f18-41b1-86cc-dc016eaad3d1,18db5d61-6bce-4f55-ad45-bed01f329548,Jay Obernolte,Representative (District 23),cal_access,1392884,OBERNOLTE FOR ASSEMBLY 2018; JAY,OBERNOLTE FOR ASSEMBLY 2018; JAY,916,TERMINATED 12/31/2019,,needs_research,full name,keep needs_research,full name (out of scope),,
2efbf707-ac80-47e0-b209-344f5a8a335c,18db5d61-6bce-4f55-ad45-bed01f329548,Jay Obernolte,Representative (District 23),cal_access,1414881,OBERNOLTE FOR ASSEMBLY 2020; JAY,OBERNOLTE FOR ASSEMBLY 2020; JAY,916,TERMINATED 12/31/2020,,needs_research,full name,keep needs_research,full name (out of scope),,
f1c9301a-fdd5-42e5-8421-82101cabb026,b4156310-2dce-4667-bac6-b713e1d1bb6f,Jeanne K. Hobson,"Council Member, La Canada Flintridge",cal_access,1329258,HOBSON FOR REDDING CITY COUNCIL 2010,HOBSON FOR REDDING CITY COUNCIL 2010,530,TERMINATED 01/31/2011,,needs_research,surname only,disputed,"B another named place or district, or an opposing / ballot / recall committee","surname-only auto-link: Cal-Access 1329258 ""HOBSON FOR REDDING CITY COUNCIL 2010"" -- a campaign for the Redding City Council in Redding (Shasta County), not for the row's seat; filer area code 530 (far northern California); this row is Jeanne K. Hobson, Council Member, La Canada Flintridge",
b977bd38-7219-46ee-8fbf-7ad8af302a07,b4156310-2dce-4667-bac6-b713e1d1bb6f,Jeanne K. Hobson,"Council Member, La Canada Flintridge",cal_access,1464134,HOBSON FOR CITY COUNCIL 2024; JEANNE,HOBSON FOR CITY COUNCIL 2024; JEANNE,213,TERMINATED 06/30/2024,,needs_research,full name,keep needs_research,full name (out of scope),,
10458b2e-1ed7-4c97-a281-fbb243921f4d,da8e58bc-7a02-41ed-a8c6-7d7ad087c7b3,Jed Leano,"Council Member (District 4), Claremont",cal_access,1404831,LEANO FOR CLAREMONT CITY COUNCIL 2018; JED,LEANO FOR CLAREMONT CITY COUNCIL 2018; JED,714,TERMINATED 12/31/2018,,needs_research,full name,keep needs_research,full name (out of scope),,
25211b19-776e-436e-9474-72bad7f54be8,da8e58bc-7a02-41ed-a8c6-7d7ad087c7b3,Jed Leano,"Council Member (District 4), Claremont",cal_access,1439467,LEANO FOR CITY COUNCIL 2022; JED,LEANO FOR CITY COUNCIL 2022; JED,714,TERMINATED 06/28/2023,,needs_research,full name,keep needs_research,full name (out of scope),,
882e9147-a69f-401c-9486-8a470dc037f8,da8e58bc-7a02-41ed-a8c6-7d7ad087c7b3,Jed Leano,"Council Member (District 4), Claremont",cal_access,1457815,LEANO FOR ASSEMBLY 2024; JED,LEANO FOR ASSEMBLY 2024; JED,916,TERMINATED 04/01/2024,,needs_research,full name,keep needs_research,full name (out of scope),,
7a015289-38a9-46a2-850a-016d9150d807,84c5018c-bd47-41df-8192-64d1ace15712,Jeff Baird,"Board Member (Trustee Area 4), Whittier Union High",cal_access,1059963,"BAIRD FOR SCHOOL BOARD, JEFF","BAIRD FOR SCHOOL BOARD 2013, JEFF",562,TERMINATED 07/27/2015,,needs_research,full name,keep needs_research,full name (out of scope),,
c1637fdc-9517-43d5-9c29-638f49c536cb,84c5018c-bd47-41df-8192-64d1ace15712,Jeff Baird,"Board Member (Trustee Area 4), Whittier Union High",cal_access,1276960,BAIRD FOR SUPERVISOR,BAIRD FOR SUPERVISOR,209,TERMINATED 12/30/2008,,needs_research,surname only,disputed,C the filer evidence places it elsewhere (area code or shared filer phone),"surname-only auto-link: Cal-Access 1276960 ""BAIRD FOR SUPERVISOR"" -- a campaign for a county board of supervisors; filer area code 209 (Stockton/Modesto) is outside the Los Angeles region and nothing ties it to the row; this row is Jeff Baird, Board Member (Trustee Area 4), Whittier Union High",
64ae90f1-625d-4548-952e-8ae091e61809,84c5018c-bd47-41df-8192-64d1ace15712,Jeff Baird,"Board Member (Trustee Area 4), Whittier Union High",cal_access,1380133,BAIRD FOR SENATE 2016,BAIRD FOR SENATE 2016,530,TERMINATED 07/28/2016,,needs_research,surname only,disputed,C the filer evidence places it elsewhere (area code or shared filer phone),"surname-only auto-link: Cal-Access 1380133 ""BAIRD FOR SENATE 2016"" -- a campaign for the State Senate; filer area code 530 (far northern California) is outside the Los Angeles region and nothing ties it to the row; this row is Jeff Baird, Board Member (Trustee Area 4), Whittier Union High",
79ac5700-01b5-427d-866a-51a4273b20e7,84c5018c-bd47-41df-8192-64d1ace15712,Jeff Baird,"Board Member (Trustee Area 4), Whittier Union High",cal_access,1398973,BAIRD FOR HIGH SCHOOL BOARD 2017; JEFF,BAIRD FOR HIGH SCHOOL BOARD 2017; JEFF,562,TERMINATED 06/30/2018,,needs_research,full name,keep needs_research,full name (out of scope),,
fea6d17f-dada-4eb9-a98b-7365c97e8113,85233a92-ce12-4567-910e-be1776cd4aac,Jeff Prang,"Assessor, Los Angeles County",cal_access,1070275,"PRANG 2013 OFFICEHOLDER ACCOUNT, WEST HOLLYWOOD COUNCILMEMBER JEFFREY","PRANG 2013 OFFICEHOLDER ACCOUNT, WEST HOLLYWOOD COUNCILMEMBER JEFFREY",323,TERMINATED 12/31/2014,,needs_research,full name,keep needs_research,full name (out of scope),,"full-name match, but the committee names another place: WEST HOLLYWOOD"
f5965146-210d-444e-9f6b-7072a264b430,939b40cf-dce4-4c7d-a6bf-8ca6fac6f194,Jeff Wood,"Council Member, Lakewood",cal_access,1328444,"WOOD FOR CITY COUNCIL 2015, JEFF","WOOD FOR CITY COUNCIL 2015, JEFF",562,TERMINATED 12/31/2014,,needs_research,full name,keep needs_research,full name (out of scope),,
6e4e2d74-c451-4806-ab50-268d01e04346,939b40cf-dce4-4c7d-a6bf-8ca6fac6f194,Jeff Wood,"Council Member, Lakewood",cal_access,1404710,WOOD FOR LAKEWOOD CITY COUNCIL 2019; JEFF,WOOD FOR LAKEWOOD CITY COUNCIL 2020; JEFF,562,TERMINATED 06/16/2020,,needs_research,full name,keep needs_research,full name (out of scope),,
bbca2ff8-9eed-4619-9b85-2f7949508b8d,939b40cf-dce4-4c7d-a6bf-8ca6fac6f194,Jeff Wood,"Council Member, Lakewood",cal_access,1446298,WOOD FOR LAKEWOOD CITY COUNCIL 2024 - DISTRICT 3; JEFF,WOOD FOR LAKEWOOD CITY COUNCIL 2024 - DISTRICT 3; JEFF,562,TERMINATED 06/13/2024,,needs_research,full name,keep needs_research,full name (out of scope),,
6984cc08-0f18-47b7-b321-ecbc7a6cec24,4ef6ef6a-7a0c-4f66-bc9e-3e923ce4965d,Jen Fenton,"Board Member, Manhattan Beach Unified",cal_access,1018479,FENTON FOR ASSEMBLY,FENTON FOR ASSEMBLY,213,TERMINATED 12/01/1990,,needs_research,surname only,keep needs_research,unresolved,,
633decb9-618f-413f-83c0-bf0e3bd6a2ab,4ef6ef6a-7a0c-4f66-bc9e-3e923ce4965d,Jen Fenton,"Board Member, Manhattan Beach Unified",cal_access,1450833,FENTON TO MANHATTAN BEACH SCHOOL BOARD 2022; COMMITTEE TO ELECT JEN,FENTON TO MANHATTAN BEACH SCHOOL BOARD 2022; COMMITTEE TO ELECT JEN,310,TERMINATED 12/31/2022,,needs_research,full name,keep needs_research,full name (out of scope),,
ea77c829-184a-4642-9ebe-d67f2bb2c501,df7e4a1a-14d1-4044-9f81-2936486b3d4a,Jennifer Cochran,"Board Member, Manhattan Beach Unified",cal_access,1360163,"COCHRAN GOVERNING BOARD 2013, COMMITTEE TO ELECT JENNIFER","COCHRAN GOVERNING BOARD 2013, COMMITTEE TO ELECT JENNIFER",310,TERMINATED 12/20/2013,,needs_research,full name,keep needs_research,full name (out of scope),,
27192a1c-f03a-450b-a7d2-c4014557cfea,df7e4a1a-14d1-4044-9f81-2936486b3d4a,Jennifer Cochran,"Board Member, Manhattan Beach Unified",cal_access,1401558,COCHRAN FOR SUPERIOR COURT - 2018,COCHRAN FOR SUPERIOR COURT - 2018,707,TERMINATED 06/20/2018,,needs_research,surname only,disputed,C the filer evidence places it elsewhere (area code or shared filer phone),"surname-only auto-link: Cal-Access 1401558 ""COCHRAN FOR SUPERIOR COURT - 2018"" -- a campaign for a judgeship; filer area code 707 (North Bay) is outside the Los Angeles region and nothing ties it to the row; this row is Jennifer Cochran, Board Member, Manhattan Beach Unified",
86b560ce-2d95-4d6c-ad09-48d37f2e2745,df7e4a1a-14d1-4044-9f81-2936486b3d4a,Jennifer Cochran,"Board Member, Manhattan Beach Unified",cal_access,1426387,"COCHRAN, BELL, CHOLCHER, AND WADE; FORESTHILL COMMUNITY MEMBERS FOR THE RECALL OF FPUD BOARD MEMBERS","COCHRAN, BELL, CHOLCHER, AND WADE; FORESTHILL COMMUNITY MEMBERS FOR THE RECALL OF FPUD BOARD MEMBERS",530,TERMINATED 11/04/2020,,needs_research,surname only,disputed,"B another named place or district, or an opposing / ballot / recall committee","surname-only auto-link: Cal-Access 1426387 ""COCHRAN, BELL, CHOLCHER, AND WADE; FORESTHILL COMMUNITY MEMBERS FOR THE RECALL OF FPUD BOARD MEMBERS"" -- a recall committee against Foresthill Public Utility District board members (Placer County); it names other people; filer area code 530 (far northern California); this row is Jennifer Cochran, Board Member, Manhattan Beach Unified",
e0a34e7d-25ab-4d06-9c85-d0ed8bf8ddce,c096896b-72e7-49e3-87ea-ddc90888b996,Jennifer Freemon,"Board Member (Trustee Area A), Glendale Unified",cal_access,1336019,FREEMON FOR SCHOOL BOARD 2011,FREEMON FOR SCHOOL BOARD 2011,818,TERMINATED 06/30/2011,,needs_research,surname only,keep needs_research,unresolved,,
9c623f7a-89eb-441f-9953-22bc7e9c682a,c096896b-72e7-49e3-87ea-ddc90888b996,Jennifer Freemon,"Board Member (Trustee Area A), Glendale Unified",cal_access,1355844,FREEMON FOR SCHOOL BOARD 2013,FREEMON FOR SCHOOL BOARD 2013,818,TERMINATED 08/15/2013,,needs_research,surname only,keep needs_research,unresolved,,
7c9fcfb9-fb11-468d-9217-e3f0b3d25181,c096896b-72e7-49e3-87ea-ddc90888b996,Jennifer Freemon,"Board Member (Trustee Area A), Glendale Unified",cal_access,1374892,FREEMON FOR SCHOOL BOARD 2015,FREEMON FOR SCHOOL BOARD 2015,818,TERMINATED 06/30/2015,,needs_research,surname only,keep needs_research,unresolved,,
a188ead7-a722-455a-a9dd-34f275b14bd4,c096896b-72e7-49e3-87ea-ddc90888b996,Jennifer Freemon,"Board Member (Trustee Area A), Glendale Unified",cal_access,1423006,FREEMON FOR SCHOOL BOARD 2020,FREEMON FOR SCHOOL BOARD 2020,818,TERMINATED 12/15/2020,,needs_research,surname only,keep needs_research,unresolved,,
7e257c9d-a2f3-46ac-a34c-d18db0eef210,6b7c665d-4930-4dfc-ab31-53ceeb84ee60,Jennifer Hong,"Council Member, Cerritos",cal_access,1421151,HONG FOR CITY COUNCIL 2020; JENNIFER,HONG FOR CITY COUNCIL 2020; JENNIFER,562,TERMINATED 12/31/2021,,needs_research,full name,keep needs_research,full name (out of scope),,
cfbd1ed6-2858-4e90-a328-248a04d36f2c,6b7c665d-4930-4dfc-ab31-53ceeb84ee60,Jennifer Hong,"Council Member, Cerritos",cal_access,1429016,HONG FOR MORELAND SCHOOL BOARD 2020,HONG FOR MORELAND SCHOOL BOARD 2020,213,ACTIVE,,needs_research,surname only,disputed,"B another named place or district, or an opposing / ballot / recall committee","surname-only auto-link: Cal-Access 1429016 ""HONG FOR MORELAND SCHOOL BOARD 2020"" -- a campaign for the Moreland school board in San Jose, not for the row's seat; filer area code 213 (Los Angeles); this row is Jennifer Hong, Council Member, Cerritos",
a5d621e8-05ff-41aa-8e74-513b819d38a8,6b7c665d-4930-4dfc-ab31-53ceeb84ee60,Jennifer Hong,"Council Member, Cerritos",cal_access,1442367,HONG FOR CITY COUNCIL 2022; JENNIFER,HONG FOR CITY COUNCIL 2022; JENNIFER,442,ACTIVE,,needs_research,full name,keep needs_research,full name (out of scope),,
1d0fbf01-2d7f-47cd-beb6-f7b7842df226,6b7c665d-4930-4dfc-ab31-53ceeb84ee60,Jennifer Hong,"Council Member, Cerritos",cal_access,1477655,HONG FOR CERRITOS CITY COUNCIL 2025; JENNIFER,HONG FOR CERRITOS CITY COUNCIL 2025; JENNIFER,442,ACTIVE,,needs_research,full name,keep needs_research,full name (out of scope),,
46d42831-05a0-417f-bfd4-71d3a2bb1bd6,60c73b5e-8097-48a4-89bd-97681f44b2ce,Jennifer Osborn,Director of Industrial Relations,cal_access,1066486,OSBORN FOR SENATE,OSBORN FOR SENATE,916,TERMINATED 11/16/1995,,needs_research,surname only,keep needs_research,unresolved,,
4711cc69-4b89-4a9b-bab7-3f2965e0eea4,3ed36508-9ae9-41af-aaba-e5e39bb87aa7,Jennifer Perez,"Mayor, Norwalk",cal_access,1388419,PEREZ FOR NORWALK CITY COUNCIL 2017; COMMITTEE TO ELECT JENNIFER,PEREZ FOR NORWALK CITY COUNCIL 2017; COMMITTEE TO ELECT JENNIFER,562,TERMINATED 06/30/2022,,needs_research,full name,keep needs_research,full name (out of scope),,
b7cd9c31-e000-4a71-b150-31edc95b2bb1,d8767eea-759a-4298-9e3b-089659d15732,Jeremy Gerson,"Council Member, Torrance",cal_access,1412571,GERSON FOR SCHOOL BOARD 2018,GERSON FOR SCHOOL BOARD 2018,310,ACTIVE,,needs_research,surname only,keep needs_research,unresolved,,
488e0480-3543-4125-836c-db5b28499eaa,d8767eea-759a-4298-9e3b-089659d15732,Jeremy Gerson,"Council Member, Torrance",cal_access,1464810,GERSON FOR CITY COUNCIL 2024; JEREMY,GERSON FOR CITY COUNCIL 2024; JEREMY,213,TERMINATED 02/05/2025,,needs_research,full name,keep needs_research,full name (out of scope),,
b72662c0-eb7b-4591-a6e2-be99dbde809a,f173ce9a-6941-4570-bd3f-97bc1157beaf,Jesse Gabriel,Assembly Member (Assembly District 46),cal_access,1029137,"EAST SAN GABRIEL VALLEY COALITION, CITIZENS FOR CALIFORNIA NO ON 9","EAST SAN GABRIEL VALLEY COALITION, CITIZENS FOR CALIFORNIA NO ON 9",213,TERMINATED 12/01/1990,,needs_research,surname only,disputed,"A names another person, or the matched token is a place, a word or a given name","surname-only auto-link: Cal-Access 1029137 ""EAST SAN GABRIEL VALLEY COALITION, CITIZENS FOR CALIFORNIA NO ON 9"" -- the surname matched the place name ""San Gabriel Valley""; the committee is for someone else; filer area code 213 (Los Angeles); this row is Jesse Gabriel, Assembly Member (Assembly District 46)",
23050c6f-aa7e-49dd-b13c-e880b6a2e5b8,f173ce9a-6941-4570-bd3f-97bc1157beaf,Jesse Gabriel,Assembly Member (Assembly District 46),cal_access,1050941,GABRIEL FOR ASSEMBLY,GABRIEL FOR ASSEMBLY,818,TERMINATED 12/01/1990,,needs_research,surname only,keep needs_research,unresolved,,
5944595d-475b-4e3b-8ebf-cc16f7e965d6,f173ce9a-6941-4570-bd3f-97bc1157beaf,Jesse Gabriel,Assembly Member (Assembly District 46),cal_access,1071479,SAN GABRIEL VALLEY VOTER PROJECT,SAN GABRIEL VALLEY VOTER PROJECT,626,TERMINATED 06/01/2003,,needs_research,surname only,disputed,"A names another person, or the matched token is a place, a word or a given name","surname-only auto-link: Cal-Access 1071479 ""SAN GABRIEL VALLEY VOTER PROJECT"" -- the surname matched the place name ""San Gabriel Valley""; the committee is for someone else; filer area code 626 (San Gabriel Valley); this row is Jesse Gabriel, Assembly Member (Assembly District 46)",
55c722bf-f87e-4d8a-b0a5-a8bc61f2d3e6,f173ce9a-6941-4570-bd3f-97bc1157beaf,Jesse Gabriel,Assembly Member (Assembly District 46),cal_access,1261365,GABRIEL FOR ASSEMBLY,GABRIEL FOR ASSEMBLY,626,TERMINATED 06/30/2005,,needs_research,surname only,keep needs_research,unresolved,,
7f0f0942-b441-4bfe-84a9-9a41c98ab6c3,f173ce9a-6941-4570-bd3f-97bc1157beaf,Jesse Gabriel,Assembly Member (Assembly District 46),cal_access,1290841,"HOLGUIN TO UPPER SAN GABRIEL VALLEY MUNICIPAL WATER DISTRICT, ELECT","HOLGUIN TO UPPER SAN GABRIEL VALLEY MUNICIPAL WATER DISTRICT, ELECT",818,TERMINATED 06/30/2007,,needs_research,surname only,disputed,"A names another person, or the matched token is a place, a word or a given name","surname-only auto-link: Cal-Access 1290841 ""HOLGUIN TO UPPER SAN GABRIEL VALLEY MUNICIPAL WATER DISTRICT, ELECT"" -- the surname matched the place name ""Upper San Gabriel Valley""; the committee is Holguin's; filer area code 818 (San Fernando Valley); this row is Jesse Gabriel, Assembly Member (Assembly District 46)",
9c531c6e-cc11-4cf2-a077-3a96da369932,f173ce9a-6941-4570-bd3f-97bc1157beaf,Jesse Gabriel,Assembly Member (Assembly District 46),cal_access,1311277,WATER FOR SAN GABRIEL VALLEY,WATER FOR SAN GABRIEL VALLEY,626,TERMINATED 03/07/2013,,needs_research,surname only,disputed,"A names another person, or the matched token is a place, a word or a given name","surname-only auto-link: Cal-Access 1311277 ""WATER FOR SAN GABRIEL VALLEY"" -- the surname matched the place name ""San Gabriel Valley""; the committee is for someone else; filer area code 626 (San Gabriel Valley); this row is Jesse Gabriel, Assembly Member (Assembly District 46)",
1b26624d-c814-4e24-bbb6-c8860c978c3b,f173ce9a-6941-4570-bd3f-97bc1157beaf,Jesse Gabriel,Assembly Member (Assembly District 46),cal_access,1321041,"JUVINALL FOR SAN GABRIEL SCHOOL BOARD 2009, C.","JUVINALL FOR SAN GABRIEL SCHOOL BOARD 2009, C.",626,TERMINATED 02/01/2010,,needs_research,surname only,disputed,"A names another person, or the matched token is a place, a word or a given name","surname-only auto-link: Cal-Access 1321041 ""JUVINALL FOR SAN GABRIEL SCHOOL BOARD 2009, C."" -- the surname matched the place name ""San Gabriel""; the committee is C. Juvinall's; filer area code 626 (San Gabriel Valley); this row is Jesse Gabriel, Assembly Member (Assembly District 46)",
84ca336d-3d5c-42e3-a6f3-ad71c4601f23,f173ce9a-6941-4570-bd3f-97bc1157beaf,Jesse Gabriel,Assembly Member (Assembly District 46),cal_access,1349532,TOUHEY FOR UPPER SAN GABRIEL VALLEY MWD-(DIV.4) 2016,TOUHEY FOR UPPER SAN GABRIEL VALLEY MWD-(DIV.4) 2016,626,TERMINATED 07/15/2021,,needs_research,surname only,disputed,"A names another person, or the matched token is a place, a word or a given name","surname-only auto-link: Cal-Access 1349532 ""TOUHEY FOR UPPER SAN GABRIEL VALLEY MWD-(DIV.4) 2016"" -- the surname matched the place name ""Upper San Gabriel Valley""; the committee is Touhey's; filer area code 626 (San Gabriel Valley); this row is Jesse Gabriel, Assembly Member (Assembly District 46)",
326f06c6-5903-4996-b4eb-286ad0db32f0,f173ce9a-6941-4570-bd3f-97bc1157beaf,Jesse Gabriel,Assembly Member (Assembly District 46),cal_access,1392472,BOWLES FOR SAN GABRIEL CITY COUNCIL 2017,BOWLES FOR SAN GABRIEL CITY COUNCIL 2017,626,TERMINATED 08/31/2020,,needs_research,surname only,disputed,"A names another person, or the matched token is a place, a word or a given name","surname-only auto-link: Cal-Access 1392472 ""BOWLES FOR SAN GABRIEL CITY COUNCIL 2017"" -- the surname matched the place name ""San Gabriel""; the committee is Bowles's; filer area code 626 (San Gabriel Valley); this row is Jesse Gabriel, Assembly Member (Assembly District 46)",
6ba78074-475f-43bc-b695-94cde55e5e16,f173ce9a-6941-4570-bd3f-97bc1157beaf,Jesse Gabriel,Assembly Member (Assembly District 46),cal_access,1393326,DELATORRE FOR SAN GABRIEL CITY COUNCIL 2017,DELATORRE FOR SAN GABRIEL CITY COUNCIL 2017,213,ACTIVE,,needs_research,surname only,disputed,"A names another person, or the matched token is a place, a word or a given name","surname-only auto-link: Cal-Access 1393326 ""DELATORRE FOR SAN GABRIEL CITY COUNCIL 2017"" -- the surname matched the place name ""San Gabriel""; the committee is Delatorre's; filer area code 213 (Los Angeles); this row is Jesse Gabriel, Assembly Member (Assembly District 46)",
14c010cb-4813-4f43-bd52-a9f0982418da,f173ce9a-6941-4570-bd3f-97bc1157beaf,Jesse Gabriel,Assembly Member (Assembly District 46),cal_access,1394312,FAURE FOR SAN GABRIEL CITY COUNCIL 2017,FAURE FOR SAN GABRIEL CITY COUNCIL 2017,626,ACTIVE,,needs_research,surname only,disputed,"A names another person, or the matched token is a place, a word or a given name","surname-only auto-link: Cal-Access 1394312 ""FAURE FOR SAN GABRIEL CITY COUNCIL 2017"" -- the surname matched the place name ""San Gabriel""; the committee is Faure's; filer area code 626 (San Gabriel Valley); this row is Jesse Gabriel, Assembly Member (Assembly District 46)",
f994faf2-64de-4e00-9009-79987bf4b594,f173ce9a-6941-4570-bd3f-97bc1157beaf,Jesse Gabriel,Assembly Member (Assembly District 46),cal_access,1400729,GABRIEL FOR ASSEMBLY 2018; JESSE,GABRIEL FOR ASSEMBLY 2018; JESSE,213,TERMINATED 07/27/2018,,needs_research,full name,keep needs_research,full name (out of scope),,
7cd9f7ea-2fa0-4611-9a9a-b9ade1f19104,f173ce9a-6941-4570-bd3f-97bc1157beaf,Jesse Gabriel,Assembly Member (Assembly District 46),cal_access,1402641,"GABRIEL FOR ASSEMBLY 2018, ELECT JESSE","GABRIEL FOR ASSEMBLY 2018, ELECT JESSE",916,TERMINATED 03/19/2019,,needs_research,full name,keep needs_research,full name (out of scope),,
38ee3cfd-cb59-448b-8316-d2b3d0912db4,f173ce9a-6941-4570-bd3f-97bc1157beaf,Jesse Gabriel,Assembly Member (Assembly District 46),cal_access,1410176,PRINCE FOR SAN GABRIEL VALLEY MUNICIPAL WATER DISTRICT 2018,PRINCE FOR SAN GABRIEL VALLEY MUNICIPAL WATER DISTRICT 2018,626,TERMINATED 07/28/2020,,needs_research,surname only,disputed,"A names another person, or the matched token is a place, a word or a given name","surname-only auto-link: Cal-Access 1410176 ""PRINCE FOR SAN GABRIEL VALLEY MUNICIPAL WATER DISTRICT 2018"" -- the surname matched the place name ""San Gabriel Valley""; the committee is Prince's; filer area code 626 (San Gabriel Valley); this row is Jesse Gabriel, Assembly Member (Assembly District 46)",
41ef55e7-bc51-45a4-8f87-a554d684c47f,f173ce9a-6941-4570-bd3f-97bc1157beaf,Jesse Gabriel,Assembly Member (Assembly District 46),cal_access,1414962,GABRIEL FOR ASSEMBLY 2020; JESSE,GABRIEL FOR ASSEMBLY 2020; JESSE,213,TERMINATED 12/31/2020,,needs_research,full name,keep needs_research,full name (out of scope),,
28ab991f-c5a7-4930-8d00-5d69c76b82b7,f173ce9a-6941-4570-bd3f-97bc1157beaf,Jesse Gabriel,Assembly Member (Assembly District 46),cal_access,1432352,TAYLOR FOR DIRECTOR SAN GABRIEL COUNTY WATER DISTRICT 2020,LARRY TAYLOR FOR DIRECTOR SAN GABRIEL COUNTY WATER DISTRICT 2020,626,TERMINATED 10/20/2020,,needs_research,surname only,disputed,"A names another person, or the matched token is a place, a word or a given name","surname-only auto-link: Cal-Access 1432352 ""LARRY TAYLOR FOR DIRECTOR SAN GABRIEL COUNTY WATER DISTRICT 2020"" (stored as ""TAYLOR FOR DIRECTOR SAN GABRIEL COUNTY WATER DISTRICT 2020"") -- the surname matched the place name ""San Gabriel""; the committee is Larry Taylor's; filer area code 626 (San Gabriel Valley); this row is Jesse Gabriel, Assembly Member (Assembly District 46)",
ced138b2-3fd6-415b-aa25-5521838f5e0e,f173ce9a-6941-4570-bd3f-97bc1157beaf,Jesse Gabriel,Assembly Member (Assembly District 46),cal_access,1434953,GABRIEL FOR ASSEMBLY 2022; JESSE,GABRIEL FOR ASSEMBLY 2022; JESSE,213,TERMINATED 08/30/2023,,needs_research,full name,keep needs_research,full name (out of scope),,
e8464f95-ae49-4293-b846-99423a277260,f173ce9a-6941-4570-bd3f-97bc1157beaf,Jesse Gabriel,Assembly Member (Assembly District 46),cal_access,1439973,GABRIEL FOR GOVERNOR 2021,GABRIEL FOR GOVERNOR 2021,650,TERMINATED 12/20/2023,,needs_research,surname only,keep needs_research,unresolved,,
b3c36f2f-82ac-478a-b0f3-5cd6e528c220,f173ce9a-6941-4570-bd3f-97bc1157beaf,Jesse Gabriel,Assembly Member (Assembly District 46),cal_access,1456615,GABRIEL FOR ASSEMBLY 2024; JESSE,GABRIEL FOR ASSEMBLY 2024; JESSE,213,TERMINATED 10/31/2025,,needs_research,full name,keep needs_research,full name (out of scope),,
3bd0b026-d317-48c0-b288-5b104955debf,f173ce9a-6941-4570-bd3f-97bc1157beaf,Jesse Gabriel,Assembly Member (Assembly District 46),cal_access,1471202,RAYA FOR SAN GABRIEL CITY COUNCIL 2024,RAYA FOR SAN GABRIEL CITY COUNCIL 2024,626,TERMINATED 12/31/2025,,needs_research,surname only,disputed,"A names another person, or the matched token is a place, a word or a given name","surname-only auto-link: Cal-Access 1471202 ""RAYA FOR SAN GABRIEL CITY COUNCIL 2024"" -- the surname matched the place name ""San Gabriel""; the committee is Raya's; filer area code 626 (San Gabriel Valley); this row is Jesse Gabriel, Assembly Member (Assembly District 46)",
8db9bb73-379f-4719-a14d-8b85490c979b,f173ce9a-6941-4570-bd3f-97bc1157beaf,Jesse Gabriel,Assembly Member (Assembly District 46),cal_access,1471870,GABRIEL FOR OROVILLE CITY COUNCIL 2024,GABRIEL FOR OROVILLE CITY COUNCIL 2024,530,TERMINATED 11/26/2024,,needs_research,surname only,disputed,"B another named place or district, or an opposing / ballot / recall committee","surname-only auto-link: Cal-Access 1471870 ""GABRIEL FOR OROVILLE CITY COUNCIL 2024"" -- a campaign for the Oroville City Council in Oroville (Butte County), not for the row's seat; filer area code 530 (far northern California); this row is Jesse Gabriel, Assembly Member (Assembly District 46)",
2b615f13-61c0-41a0-acd2-9fa024c0719d,f173ce9a-6941-4570-bd3f-97bc1157beaf,Jesse Gabriel,Assembly Member (Assembly District 46),cal_access,1485332,"GABRIEL; UNITED FOR JUSTICE, A BALLOT MEASURE COMMITTEE CONTROLLED BY JESSE","GABRIEL; UNITED FOR JUSTICE, A BALLOT MEASURE COMMITTEE CONTROLLED BY JESSE",213,ACTIVE,,needs_research,full name,keep needs_research,full name (out of scope),,
f5c4d42d-cd30-48c4-b980-b71cd324bbf3,f173ce9a-6941-4570-bd3f-97bc1157beaf,Jesse Gabriel,Assembly Member (Assembly District 46),cal_access,1485445,GABRIEL FOR ATTORNEY GENERAL 2026; JESSE,GABRIEL FOR ATTORNEY GENERAL 2026; JESSE,213,ACTIVE,,needs_research,full name,keep needs_research,full name (out of scope),,
e122654d-4f90-4441-8f8e-d293ec4c95b0,d970169d-cecc-4cb0-979b-785fecc47ed6,Jesse Zwick,"Council Member, Santa Monica",cal_access,1449278,ZWICK FOR CITY COUNCIL 2022,ZWICK FOR CITY COUNCIL 2022,424,TERMINATED 07/26/2023,,needs_research,surname only,keep needs_research,unresolved,,
da4a05d7-aef9-4535-82f7-450c3e24f6b7,c7f76380-249c-436b-824c-ba44ff496c40,Jessica Ancona,"Mayor, El Monte",cal_access,1360275,"ANCONA FOR SCHOOL BOARD 2013, SUPPORTERS OF JESSICA","ANCONA FOR SCHOOL BOARD 2013, SUPPORTERS OF JESSICA",626,TERMINATED 11/09/2015,,needs_research,full name,keep needs_research,full name (out of scope),,
6b9dcfd5-f240-46cd-83a2-89257943d916,c7f76380-249c-436b-824c-ba44ff496c40,Jessica Ancona,"Mayor, El Monte",cal_access,1395856,ANCONA FOR SCHOOL BOARD 2018,ANCONA FOR SCHOOL BOARD 2018,626,TERMINATED 09/22/2018,,needs_research,surname only,keep needs_research,unresolved,,
04a6f922-3b18-46ac-8b83-4634a1d7d1c6,c7f76380-249c-436b-824c-ba44ff496c40,Jessica Ancona,"Mayor, El Monte",cal_access,1409231,ANCONA FOR CITY COUNCIL 2018,ANCONA FOR CITY COUNCIL 2018,626,TERMINATED 12/31/2020,,needs_research,surname only,keep needs_research,unresolved,,
4d10aff4-4348-4498-9375-e12fedaad54f,c7f76380-249c-436b-824c-ba44ff496c40,Jessica Ancona,"Mayor, El Monte",cal_access,1429063,ANCONA FOR MAYOR 2020,ANCONA FOR MAYOR 2020,626,TERMINATED 01/30/2022,,needs_research,surname only,keep needs_research,unresolved,,
bfdacf11-969d-407d-a05d-3aa7d3fbed87,c7f76380-249c-436b-824c-ba44ff496c40,Jessica Ancona,"Mayor, El Monte",cal_access,1440716,ANCONA FOR MAYOR 2022,ANCONA FOR MAYOR 2022,626,TERMINATED 06/30/2023,,needs_research,surname only,keep needs_research,unresolved,,
ada3ea6b-7122-43c0-9b82-bf7a3467ee1b,c7f76380-249c-436b-824c-ba44ff496c40,Jessica Ancona,"Mayor, El Monte",cal_access,1477974,ANCONA FOR MAYOR 2026,ANCONA FOR MAYOR 2026,626,ACTIVE,,needs_research,surname only,keep needs_research,unresolved,,
e0d9223c-1f8b-4c4a-b094-699fb61aea85,685f2150-7b2a-4f94-992c-bf0cf23ffa69,Jessica M. Caloza,Assembly Member (Assembly District 52),cal_access,1461642,CALOZA FOR ASSEMBLY 2024,CALOZA FOR ASSEMBLY 2024,213,TERMINATED 04/28/2025,,needs_research,surname only,keep needs_research,unresolved,,
70cc7485-2969-4b75-88b5-c751d6560724,685f2150-7b2a-4f94-992c-bf0cf23ffa69,Jessica M. Caloza,Assembly Member (Assembly District 52),cal_access,1467374,JESSICA CALOZA,"CALOZA, JESSICA",213,ACTIVE,,needs_research,full name,keep needs_research,full name (out of scope),,
3b496e9c-03b6-4dc3-a95e-569c68dbc173,685f2150-7b2a-4f94-992c-bf0cf23ffa69,Jessica M. Caloza,Assembly Member (Assembly District 52),cal_access,1473341,"CALOZA FOR ASSEMBLY 2024, SPONSORED BY GOLDEN STATE LEADERSHIP FUND PAC; FREEDOM FUND - JESSICA","CALOZA FOR ASSEMBLY 2024, SPONSORED BY GOLDEN STATE LEADERSHIP FUND PAC; FREEDOM FUND - JESSICA",213,TERMINATED 06/10/2025,,needs_research,full name,keep needs_research,full name (out of scope),,
456c370b-29e1-42c1-b3c6-b0360a97d9a0,685f2150-7b2a-4f94-992c-bf0cf23ffa69,Jessica M. Caloza,Assembly Member (Assembly District 52),cal_access,1475311,CALOZA FOR ASSEMBLY 2024; PROGRESSIVE WOMEN FOR A MORE EQUITABLE LOS ANGELES SUPPORTING JESSICA,PROGRESSIVE WOMEN FOR A MORE EQUITABLE LOS ANGELES,916,ACTIVE,,needs_research,surname absent,keep needs_research,unresolved,,
0057da64-921f-4fa1-8b97-7927d6ece1fe,685f2150-7b2a-4f94-992c-bf0cf23ffa69,Jessica M. Caloza,Assembly Member (Assembly District 52),cal_access,1476899,JESSICA CALOZA,"CALOZA, JESSICA",916,ACTIVE,,needs_research,full name,keep needs_research,full name (out of scope),,
82cd5b11-ead5-4bc6-8629-79e2364f654f,685f2150-7b2a-4f94-992c-bf0cf23ffa69,Jessica M. Caloza,Assembly Member (Assembly District 52),cal_access,1476900,CALOZA FOR ASSEMBLY 2026,CALOZA FOR ASSEMBLY 2026,916,ACTIVE,,needs_research,surname only,keep needs_research,unresolved,,
4db72982-15a9-4662-8317-050e91074517,24866433-c285-4f4b-8cce-60bf4cce13d3,Jesus Rivera,"Council Member, Vernon",cal_access,1073055,RIVERA NO TAX,RIVERA NO TAX,310,TERMINATED 10/10/2010,,needs_research,surname only,keep needs_research,unresolved,,
601e31cb-1fec-4717-b9d5-6bb3e7e30c9f,24866433-c285-4f4b-8cce-60bf4cce13d3,Jesus Rivera,"Council Member, Vernon",cal_access,1224499,RIVERA FOR COUNCIL 2001 COMMITTEE,RIVERA FOR COUNCIL 2001 COMMITTEE,213,TERMINATED 09/10/2003,,needs_research,surname only,keep needs_research,unresolved,,
627135fe-d978-4623-8cb4-9b51172e471b,24866433-c285-4f4b-8cce-60bf4cce13d3,Jesus Rivera,"Council Member, Vernon",cal_access,1271138,RIVERA FOR COUNCIL 2005,RIVERA FOR COUNCIL 2005,323,ACTIVE,"Rivera, Edward",needs_research,surname only,disputed,"A names another person, or the matched token is a place, a word or a given name","surname-only auto-link: Cal-Access 1271138 ""RIVERA FOR COUNCIL 2005"" -- LA City Ethics names its candidate as Edward Rivera (LA City Council Member - District 1), a different person; filer area code 323 (Los Angeles); this row is Jesus Rivera, Council Member, Vernon",
a15ae129-a7fb-46f3-b098-cdcf1cbde503,24866433-c285-4f4b-8cce-60bf4cce13d3,Jesus Rivera,"Council Member, Vernon",cal_access,1294212,COALITION TO RESTORE PICO RIVERA'S PRIDE,BEILKE FOR COUNCIL 2009,877,TERMINATED 12/31/2010,,needs_research,surname absent,disputed,"A names another person, or the matched token is a place, a word or a given name","auto-link on a token that is not the row's surname: Cal-Access 1294212 ""BEILKE FOR COUNCIL 2009"" (stored as ""COALITION TO RESTORE PICO RIVERA'S PRIDE"") -- the row's surname does not appear in the committee name; the committee is Beilke's; filer area code 877 (toll-free); this row is Jesus Rivera, Council Member, Vernon",
5348d8e6-1698-486e-895a-b5a4e5274dc1,24866433-c285-4f4b-8cce-60bf4cce13d3,Jesus Rivera,"Council Member, Vernon",cal_access,1318572,RIVERA FOR 5TH DISTRICT SUPERVISOR 2010,RIVERA FOR 5TH DISTRICT SUPERVISOR 2010,805,TERMINATED 12/12/2012,,needs_research,surname only,disputed,C the filer evidence places it elsewhere (area code or shared filer phone),"surname-only auto-link: Cal-Access 1318572 ""RIVERA FOR 5TH DISTRICT SUPERVISOR 2010"" -- a campaign for a county board of supervisors; filer area code 805 (Central Coast/Ventura) is outside the Los Angeles region and nothing ties it to the row; this row is Jesus Rivera, Council Member, Vernon",
7c1c90c4-dbcb-4baf-a2e5-7f7474355b87,24866433-c285-4f4b-8cce-60bf4cce13d3,Jesus Rivera,"Council Member, Vernon",cal_access,1321844,RIVERA 4 LENNOX SCHOOL BOARD 2009,RIVERA 4 LENNOX SCHOOL BOARD 2009,949,ACTIVE,,needs_research,surname only,disputed,"B another named place or district, or an opposing / ballot / recall committee","surname-only auto-link: Cal-Access 1321844 ""RIVERA 4 LENNOX SCHOOL BOARD 2009"" -- a campaign for the Lennox school board in Lennox, not for the row's seat; filer area code 949 (Orange County); this row is Jesus Rivera, Council Member, Vernon",
50425a11-c8db-4ab2-9b15-f73e51871658,24866433-c285-4f4b-8cce-60bf4cce13d3,Jesus Rivera,"Council Member, Vernon",cal_access,1354555,RIVERA FOR CITY COUNCIL 2014,RIVERA FOR CITY COUNCIL 2014,916,TERMINATED 02/10/2016,,needs_research,surname only,keep needs_research,unresolved,,
50329e55-a0e2-4107-945c-33ac5cfce48f,24866433-c285-4f4b-8cce-60bf4cce13d3,Jesus Rivera,"Council Member, Vernon",cal_access,1358658,RIVERA FOR BASSETT SCHOOL BOARD 2013,RIVERA FOR BASSETT SCHOOL BOARD 2013,626,TERMINATED 12/31/2013,,needs_research,surname only,disputed,"B another named place or district, or an opposing / ballot / recall committee","surname-only auto-link: Cal-Access 1358658 ""RIVERA FOR BASSETT SCHOOL BOARD 2013"" -- a campaign for the Bassett school board in Bassett, not for the row's seat; filer area code 626 (San Gabriel Valley); this row is Jesus Rivera, Council Member, Vernon",
a816c5f5-49a2-4caf-ac04-8a08712030a2,24866433-c285-4f4b-8cce-60bf4cce13d3,Jesus Rivera,"Council Member, Vernon",cal_access,1378901,RIVERA FOR CITY COUNCIL 2018,RIVERA FOR CITY COUNCIL 2018,661,TERMINATED 01/30/2017,,needs_research,surname only,keep needs_research,unresolved,,
a836f2bd-4f63-4d69-b1f4-9774d61076f3,24866433-c285-4f4b-8cce-60bf4cce13d3,Jesus Rivera,"Council Member, Vernon",cal_access,1400452,RIVERA FOR CITY COUNCIL 2018,RIVERA FOR CITY COUNCIL 2018,916,TERMINATED 06/30/2020,,needs_research,surname only,keep needs_research,unresolved,,
00650e3e-b285-4747-90f4-cbfdcd5598a4,24866433-c285-4f4b-8cce-60bf4cce13d3,Jesus Rivera,"Council Member, Vernon",cal_access,1403869,SALCIDO 2018; COMMITTEE TO RECALL CITY OF PICO RIVERA COUNCILMAN GREGORY,SALCIDO 2018; COMMITTEE TO RECALL CITY OF PICO RIVERA COUNCILMAN GREGORY,626,TERMINATED 09/15/2018,,needs_research,surname only,disputed,"A names another person, or the matched token is a place, a word or a given name","surname-only auto-link: Cal-Access 1403869 ""SALCIDO 2018; COMMITTEE TO RECALL CITY OF PICO RIVERA COUNCILMAN GREGORY"" -- the surname matched the place name ""Pico Rivera""; the committee is Salcido (a recall committee)'s; filer area code 626 (San Gabriel Valley); this row is Jesus Rivera, Council Member, Vernon",
b522eeaf-35a4-48e2-a664-da6e83acee57,24866433-c285-4f4b-8cce-60bf4cce13d3,Jesus Rivera,"Council Member, Vernon",cal_access,1425799,RIVERA SCHOOL BOARD 2020,RIVERA SCHOOL BOARD 2022,562,TERMINATED 12/22/2022,,needs_research,surname only,keep needs_research,unresolved,,
3cd64537-c1aa-440f-b55b-79ea4216a612,24866433-c285-4f4b-8cce-60bf4cce13d3,Jesus Rivera,"Council Member, Vernon",cal_access,1429886,ALEXANDER AND RIVERA FOR RAVENSWOOD CITY SCHOOL DISTRICT BOARD OF EDUCATION 2020; EMPOWER RAVENSWOOD WITH,ALEXANDER AND RIVERA FOR RAVENSWOOD CITY SCHOOL DISTRICT BOARD OF EDUCATION 2020; EMPOWER RAVENSWOOD WITH,408,TERMINATED 11/16/2020,,needs_research,surname only,disputed,"B another named place or district, or an opposing / ballot / recall committee","surname-only auto-link: Cal-Access 1429886 ""ALEXANDER AND RIVERA FOR RAVENSWOOD CITY SCHOOL DISTRICT BOARD OF EDUCATION 2020; EMPOWER RAVENSWOOD WITH"" -- a campaign for the Ravenswood City School District board (Alexander and Rivera) in East Palo Alto (San Mateo County), not for the row's seat; filer area code 408 (San Jose); this row is Jesus Rivera, Council Member, Vernon",
0d40126b-8420-4400-bd19-9116e8dc463a,24866433-c285-4f4b-8cce-60bf4cce13d3,Jesus Rivera,"Council Member, Vernon",cal_access,1443086,RIVERA FOR DISTRICT 1 CHULA VISTA CITY COUNCIL 2022; F. X.,RIVERA FOR DISTRICT 1 CHULA VISTA CITY COUNCIL 2022; FRANCISCO X,213,TERMINATED 06/30/2022,,needs_research,surname only,disputed,"A names another person, or the matched token is a place, a word or a given name","surname-only auto-link: Cal-Access 1443086 ""RIVERA FOR DISTRICT 1 CHULA VISTA CITY COUNCIL 2022; FRANCISCO X"" (stored as ""RIVERA FOR DISTRICT 1 CHULA VISTA CITY COUNCIL 2022; F. X."") -- names a different person (Francisco X. Rivera, Chula Vista council candidate); filer area code 213 (Los Angeles); this row is Jesus Rivera, Council Member, Vernon",
1c60eab5-31dd-4402-873b-e191aae8fc42,24866433-c285-4f4b-8cce-60bf4cce13d3,Jesus Rivera,"Council Member, Vernon",cal_access,1448232,"RIVERA FOR COUNCIL 2022, SPONSORED BY SEIU LOCAL 221; CHULA VISTA ESSENTIAL WORKERS SUPPORTING FRANK","RIVERA FOR COUNCIL 2022, SPONSORED BY SEIU LOCAL 221; CHULA VISTA ESSENTIAL WORKERS SUPPORTING FRANK",916,TERMINATED 12/31/2022,,needs_research,surname only,disputed,"B another named place or district, or an opposing / ballot / recall committee","surname-only auto-link: Cal-Access 1448232 ""RIVERA FOR COUNCIL 2022, SPONSORED BY SEIU LOCAL 221; CHULA VISTA ESSENTIAL WORKERS SUPPORTING FRANK"" -- a campaign for the Chula Vista City Council (Frank Rivera) in Chula Vista (San Diego County), not for the row's seat; filer area code 916 (Sacramento); this row is Jesus Rivera, Council Member, Vernon",
8744ddf6-f192-43b9-9a53-572a57655c26,24866433-c285-4f4b-8cce-60bf4cce13d3,Jesus Rivera,"Council Member, Vernon",cal_access,1468942,MORENO FOR PICO RIVERA CITY COUNCIL 2024,MORENO FOR PICO RIVERA CITY COUNCIL 2024,213,TERMINATED 11/08/2024,,needs_research,surname only,disputed,"A names another person, or the matched token is a place, a word or a given name","surname-only auto-link: Cal-Access 1468942 ""MORENO FOR PICO RIVERA CITY COUNCIL 2024"" -- the surname matched the place name ""Pico Rivera""; the committee is Moreno's; filer area code 213 (Los Angeles); this row is Jesus Rivera, Council Member, Vernon",
08128efa-9091-4164-9250-94880844a751,24866433-c285-4f4b-8cce-60bf4cce13d3,Jesus Rivera,"Council Member, Vernon",la_socrata,1271138,Rivera for Council  2005,,,,"Rivera, Edward",needs_research,surname only,disputed,"A names another person, or the matched token is a place, a word or a given name","surname-only auto-link: LA City Ethics committee 1271138 ""Rivera for Council  2005"" -- LA City Ethics names its candidate as Edward Rivera (LA City Council Member - District 1), a different person; this row is Jesus Rivera, Council Member, Vernon",
a2e40a63-6d3e-48c1-b4d5-21c077ca7bab,31409962-7388-40da-bb5c-07146fb353bd,Jim Roos,"Council Member, Palos Verdes Estates",cal_access,1050636,CALIFORNIA FIRST - A COMMITTEE SPONSORED BY ASSEMBLYMAN MIKE ROOS,CALIFORNIA FIRST - A COMMITTEE SPONSORED BY ASSEMBLYMAN MIKE ROOS,213,TERMINATED 03/31/1998,,needs_research,surname only,disputed,"A names another person, or the matched token is a place, a word or a given name","surname-only auto-link: Cal-Access 1050636 ""CALIFORNIA FIRST - A COMMITTEE SPONSORED BY ASSEMBLYMAN MIKE ROOS"" -- names a different person (Assemblyman Mike Roos); filer area code 213 (Los Angeles); this row is Jim Roos, Council Member, Palos Verdes Estates",
dde006ec-4787-4712-bad4-ef8cd885b8db,31409962-7388-40da-bb5c-07146fb353bd,Jim Roos,"Council Member, Palos Verdes Estates",cal_access,1279855,"ROOS, COMMITTEE TO REELECT JESSICA BEAGLES","ROOS, COMMITTEE TO REELECT JESSICA BEAGLES",310,TERMINATED 12/31/2005,,needs_research,surname only,disputed,"A names another person, or the matched token is a place, a word or a given name","surname-only auto-link: Cal-Access 1279855 ""ROOS, COMMITTEE TO REELECT JESSICA BEAGLES"" -- names a different person (Jessica Beagles Roos); filer area code 310 (West LA/South Bay); this row is Jim Roos, Council Member, Palos Verdes Estates",
791835c6-7665-4f3b-a108-a5a58c5b471b,31409962-7388-40da-bb5c-07146fb353bd,Jim Roos,"Council Member, Palos Verdes Estates",cal_access,1429267,ROOS FOR PALOS VERDES ESTATES CITY COUNCIL 2020; JIM,ROOS FOR PALOS VERDES ESTATES CITY COUNCIL 2020; JIM,310,TERMINATED 12/07/2020,,needs_research,full name,keep needs_research,full name (out of scope),,
e17198a3-5ddc-4198-ab3c-120c320e486b,d2e60dbe-31b5-44e0-9c95-b95b65bdb697,Joe Franklin,"Council Member, Manhattan Beach",cal_access,1414106,FRANKLIN FOR MANHATTAN BEACH CITY COUNCIL 2019; JOE,FRANKLIN FOR MANHATTAN BEACH CITY COUNCIL 2019; JOE,213,TERMINATED 04/23/2019,,needs_research,full name,keep needs_research,full name (out of scope),,
9864d903-a59e-41e2-aa4c-3240aab0dcf8,d2e60dbe-31b5-44e0-9c95-b95b65bdb697,Joe Franklin,"Council Member, Manhattan Beach",cal_access,1469170,FRANKLIN FOR CITY COUNCIL 2024; RE-ELECT JOE,FRANKLIN FOR CITY COUNCIL 2024; RE-ELECT JOE,310,TERMINATED 06/30/2025,,needs_research,full name,keep needs_research,full name (out of scope),,
356e8f9a-feca-46c1-ba5d-28c3645334e6,b6e6ecef-e4c6-4d2a-a0fc-f777706f7138,Joe Males,"candidate, U.S. Representative District 25",cal_access,1430062,MALES FOR CITY COUNCIL 2020; JOE,MALES FOR CITY COUNCIL 2020; JOE,951,TERMINATED 08/01/2021,,needs_research,full name,keep needs_research,full name (out of scope),,
4972d099-8d5c-4e6c-9596-b066d3690769,b6e6ecef-e4c6-4d2a-a0fc-f777706f7138,Joe Males,"candidate, U.S. Representative District 25",cal_access,1440863,MALES CITY COUNCIL 2021; JOE,MALES CITY COUNCIL 2021; JOE,951,ACTIVE,,needs_research,full name,keep needs_research,full name (out of scope),,
a56e2aae-ab14-4032-bca8-35f417f75b4c,b6e6ecef-e4c6-4d2a-a0fc-f777706f7138,Joe Males,"candidate, U.S. Representative District 25",cal_access,1472048,MALES FOR CITY COUNCIL 2024; JOE,MALES FOR CITY COUNCIL 2024; JOE,909,TERMINATED 02/06/2026,,needs_research,full name,keep needs_research,full name (out of scope),,
f3009520-82aa-4035-a481-9b17666f5142,4cee37b3-76a5-40f8-ad03-f30be18886aa,Joe Messina,"Board Member (Trustee Area 5), William S. Hart Union High",cal_access,1258220,"MESSINA FOR WM. S. HART SCHOOL DISTRICT, COMMITTEE TO ELECT JOE","MESSINA FOR HART BOARD 2022, AREA 5; COMMITTEE TO RE-ELECT JOE",661,TERMINATED 12/15/2023,,needs_research,full name,keep needs_research,full name (out of scope),,
e55c06ed-ef1c-484a-bab8-690906f24198,4cee37b3-76a5-40f8-ad03-f30be18886aa,Joe Messina,"Board Member (Trustee Area 5), William S. Hart Union High",cal_access,1288484,"MESSINA, VOTE 4 CONNIE","MESSINA, VOTE 4 CONNIE",858,TERMINATED 12/12/2012,,needs_research,surname only,disputed,"A names another person, or the matched token is a place, a word or a given name","surname-only auto-link: Cal-Access 1288484 ""MESSINA, VOTE 4 CONNIE"" -- names a different person (Connie Messina); filer area code 858 (San Diego); this row is Joe Messina, Board Member (Trustee Area 5), William S. Hart Union High",
0fc8f4a4-34bc-4cf5-9f37-d55c7a094f93,4cee37b3-76a5-40f8-ad03-f30be18886aa,Joe Messina,"Board Member (Trustee Area 5), William S. Hart Union High",cal_access,1339714,MESSINA FOR SUPERVISOR 2012,MESSINA FOR SUPERVISOR 2012,707,TERMINATED 06/30/2012,,needs_research,surname only,disputed,C the filer evidence places it elsewhere (area code or shared filer phone),"surname-only auto-link: Cal-Access 1339714 ""MESSINA FOR SUPERVISOR 2012"" -- a campaign for a county board of supervisors; filer area code 707 (North Bay) is outside the Los Angeles region and nothing ties it to the row; this row is Joe Messina, Board Member (Trustee Area 5), William S. Hart Union High",
7f9651df-56af-49d4-8649-72d0fc8240b9,4cee37b3-76a5-40f8-ad03-f30be18886aa,Joe Messina,"Board Member (Trustee Area 5), William S. Hart Union High",cal_access,1348378,MESSINA FOR TRUSTEE 2014,MESSINA FOR TRUSTEE 2014,707,TERMINATED 12/31/2014,,needs_research,surname only,disputed,C the filer evidence places it elsewhere (area code or shared filer phone),"surname-only auto-link: Cal-Access 1348378 ""MESSINA FOR TRUSTEE 2014"" -- it shares a personal filer phone (filer area code 707 (North Bay)) with Cal-Access 1339714 ""MESSINA FOR SUPERVISOR 2012"", which this file disputes as another person's or another place's; this row is Joe Messina, Board Member (Trustee Area 5), William S. Hart Union High",
37096caa-4a3e-48ae-9e32-aa5cfca39e28,4cee37b3-76a5-40f8-ad03-f30be18886aa,Joe Messina,"Board Member (Trustee Area 5), William S. Hart Union High",cal_access,1477097,MESSINA FOR SANTA CLARITA CITY COUNCIL 2026 AREA 4; JOE,MESSINA FOR SANTA CLARITA CITY COUNCIL 2026 AREA 4; JOE,661,TERMINATED 12/25/2025,,needs_research,full name,keep needs_research,full name (out of scope),,"full-name match, but the committee names another place: SANTA CLARITA"
8c7d5512-10c3-43e2-a9de-e9a39efd763e,4cee37b3-76a5-40f8-ad03-f30be18886aa,Joe Messina,"Board Member (Trustee Area 5), William S. Hart Union High",cal_access,1485242,"MESSINA FOR WM S HART UNION HIGH SCHOOL DISTRICT 2026, TRUSTEE AREA 5; JOE","MESSINA FOR WM S HART UNION HIGH SCHOOL DISTRICT 2026, TRUSTEE AREA 5; JOE",661,ACTIVE,,needs_research,full name,keep needs_research,full name (out of scope),,
962d3098-e7b1-47b4-bd3b-4f7a18c0b90d,616e3059-af18-49ca-a07d-2825d201086d,Joel Fajardo,"Council Member, San Fernando",cal_access,1349950,FAJARDO FOR CITY COUNCIL 2012,FAJARDO FOR CITY COUNCIL 2012,562,TERMINATED 12/31/2020,,needs_research,surname only,keep needs_research,unresolved,,
9d1dca08-2fa0-4fd9-91ff-325f49f3bd75,616e3059-af18-49ca-a07d-2825d201086d,Joel Fajardo,"Council Member, San Fernando",cal_access,1379449,FAJARDO FOR ASSEMBLY 2016,FAJARDO FOR ASSEMBLY 2016,562,TERMINATED 12/31/2022,,needs_research,surname only,keep needs_research,unresolved,,
ef5b56df-c0c0-4252-9c74-b59da4b96f03,616e3059-af18-49ca-a07d-2825d201086d,Joel Fajardo,"Council Member, San Fernando",cal_access,1382294,FAJARDO FOR CITY COUNCIL 2017,FAJARDO FOR CITY COUNCIL 2017,562,TERMINATED 12/31/2020,,needs_research,surname only,keep needs_research,unresolved,,
de816b7b-3ef4-421a-b267-029ca6b129e0,616e3059-af18-49ca-a07d-2825d201086d,Joel Fajardo,"Council Member, San Fernando",cal_access,1424742,FAJARDO FOR CITY COUNCIL 2020,FAJARDO FOR CITY COUNCIL 2020,818,TERMINATED 12/28/2022,,needs_research,surname only,keep needs_research,unresolved,,
ad0265a2-112c-492d-a781-ec0a5a5e083c,616e3059-af18-49ca-a07d-2825d201086d,Joel Fajardo,"Council Member, San Fernando",cal_access,1432533,FAJARDO FOR LENNOX SCHOOL BOARD 2020,FAJARDO FOR LENNOX SCHOOL BOARD 2020,213,TERMINATED 09/23/2021,,needs_research,surname only,disputed,"B another named place or district, or an opposing / ballot / recall committee","surname-only auto-link: Cal-Access 1432533 ""FAJARDO FOR LENNOX SCHOOL BOARD 2020"" -- a campaign for the Lennox school board in Lennox, not for the row's seat; filer area code 213 (Los Angeles); this row is Joel Fajardo, Council Member, San Fernando",
bb6f99e4-c950-4bba-bf7a-fc1c3ef6d900,616e3059-af18-49ca-a07d-2825d201086d,Joel Fajardo,"Council Member, San Fernando",cal_access,1442526,FAJARDO FOR CITY COUNCIL 2022,FAJARDO FOR CITY COUNCIL 2022,818,TERMINATED 11/29/2023,,needs_research,surname only,keep needs_research,unresolved,,
a4247fa4-98e5-40f5-b9ad-67d2278e93a9,616e3059-af18-49ca-a07d-2825d201086d,Joel Fajardo,"Council Member, San Fernando",cal_access,1464963,FAJARDO SUPPORTING SYLVIA BALLIN FOR CITY COUNCIL 2024; FAMILIES AND COUNCILMAN,FAJARDO SUPPORTING SYLVIA BALLIN FOR CITY COUNCIL 2024; FAMILIES AND COUNCILMAN,818,TERMINATED 12/15/2023,,needs_research,surname only,keep needs_research,unresolved,,
6805e068-67d8-4733-8c0f-d4d7d1c575ef,616e3059-af18-49ca-a07d-2825d201086d,Joel Fajardo,"Council Member, San Fernando",cal_access,1487784,FAJARDO FOR CITY COUNCIL 2026,FAJARDO FOR CITY COUNCIL 2026,818,TERMINATED 03/06/2026,,needs_research,surname only,keep needs_research,unresolved,,
3062546f-4fd5-4b86-8f15-aa494840f949,30f6667d-a88b-46e4-91d8-678130ae37b6,John A. Mirisch,"Council Member, Beverly Hills",cal_access,1313820,"MIRISCH FOR CITY COUNCIL 2013, JOHN","MIRISCH FOR CITY COUNCIL 2013, JOHN",323,TERMINATED 07/31/2013,,needs_research,full name,keep needs_research,full name (out of scope),,
52cccc34-9213-4831-bbef-24f71c92ea5e,30f6667d-a88b-46e4-91d8-678130ae37b6,John A. Mirisch,"Council Member, Beverly Hills",cal_access,1392930,MIRISCH - BEVERLY HILLS CITY COUNCIL 2022; REELECT JOHN,MIRISCH - BEVERLY HILLS CITY COUNCIL 2022; REELECT JOHN,323,ACTIVE,,needs_research,full name,keep needs_research,full name (out of scope),,
aa594c31-1a04-4599-bb92-8e56c95c8c93,0aef6a35-2e2a-4ca9-90ea-f01225b6a033,John Chou,"Council Member, San Marino",cal_access,1472046,CHOU FOR SAN MARINO CITY COUNCIL 2024; JOHN,CHOU FOR SAN MARINO CITY COUNCIL 2024; JOHN,626,ACTIVE,,needs_research,full name,keep needs_research,full name (out of scope),,
e21cdbc8-c61d-480e-af1a-54f0ca2abcaf,82a1d267-c529-432a-a5ba-6acc8866307d,John David Lord,,la_socrata,1332490,Lord for City Council District 12 2011,,,,"Lord, Kelly",needs_research,surname only,disputed,"A names another person, or the matched token is a place, a word or a given name","surname-only auto-link: LA City Ethics committee 1332490 ""Lord for City Council District 12 2011"" -- LA City Ethics names its candidate as Kelly Lord (LA City Council Member - District 12), a different person; this row is John David Lord (active; no seat or race recorded)",
921768ff-fad7-4ce2-b1f1-a0b342f93a53,0acbacdd-a873-4e5e-aad9-fa5eca6d7b1e,John Harabedian,Assembly Member (Assembly District 41),cal_access,1343660,HARABEDIAN FOR CITY COUNCIL 2012,HARABEDIAN FOR CITY COUNCIL 2012,626,TERMINATED 12/31/2013,,needs_research,surname only,keep needs_research,unresolved,,
cf1cd849-cc25-43be-a033-c662fb79b739,0acbacdd-a873-4e5e-aad9-fa5eca6d7b1e,John Harabedian,Assembly Member (Assembly District 41),cal_access,1419619,HARABEDIAN FOR SUPERVISOR 2020; JOHN,HARABEDIAN FOR SUPERVISOR 2020; JOHN,323,TERMINATED 06/30/2020,,needs_research,full name,keep needs_research,full name (out of scope),,
05ab7365-d02a-4bac-b4f1-c077b42a283e,0acbacdd-a873-4e5e-aad9-fa5eca6d7b1e,John Harabedian,Assembly Member (Assembly District 41),cal_access,1458353,HARABEDIAN FOR SENATE 2024; JOHN,HARABEDIAN FOR SENATE 2024; JOHN,323,TERMINATED 12/31/2023,,needs_research,full name,keep needs_research,full name (out of scope),,
2c4fb901-7cf4-4b93-862e-ccd8cf73f651,0acbacdd-a873-4e5e-aad9-fa5eca6d7b1e,John Harabedian,Assembly Member (Assembly District 41),cal_access,1462230,HARABEDIAN FOR ASSEMBLY 2024; JOHN,HARABEDIAN FOR ASSEMBLY 2024; JOHN,323,TERMINATED 06/30/2025,,needs_research,full name,keep needs_research,full name (out of scope),,
9c476f27-f49d-4047-b2ec-0b7710699145,0acbacdd-a873-4e5e-aad9-fa5eca6d7b1e,John Harabedian,Assembly Member (Assembly District 41),cal_access,1477449,HARABEDIAN FOR ASSEMBLY 2026; JOHN,HARABEDIAN FOR ASSEMBLY 2026; JOHN,323,ACTIVE,,needs_research,full name,keep needs_research,full name (out of scope),,
6190d9c3-3b8f-45c1-a4fb-9401ba0ad158,30f77168-39ca-437e-9d1e-36a9837523a3,John King,"Council Member, Covina",cal_access,1226115,KING FOR SCHOOL BOARD COMMITTEE,KING FOR SCHOOL BOARD COMMITTEE,209,ACTIVE,,needs_research,surname only,disputed,C the filer evidence places it elsewhere (area code or shared filer phone),"surname-only auto-link: Cal-Access 1226115 ""KING FOR SCHOOL BOARD COMMITTEE"" -- a campaign for a school board; filer area code 209 (Stockton/Modesto) is outside the Los Angeles region and nothing ties it to the row; this row is John King, Council Member, Covina",
da8dfbb9-d826-4061-a351-dd2ac704aa22,30f77168-39ca-437e-9d1e-36a9837523a3,John King,"Council Member, Covina",cal_access,1248463,"KING, FRIENDS FOR WENDY","KING, FRIENDS FOR WENDY",209,TERMINATED 01/31/2003,,needs_research,surname only,disputed,"A names another person, or the matched token is a place, a word or a given name","surname-only auto-link: Cal-Access 1248463 ""KING, FRIENDS FOR WENDY"" -- names a different person (Wendy King); filer area code 209 (Stockton/Modesto); this row is John King, Council Member, Covina",
b3d3be13-b30c-469e-91be-fc4cfba2132e,30f77168-39ca-437e-9d1e-36a9837523a3,John King,"Council Member, Covina",cal_access,1271038,"KING, FRIENDS FOR WENDY","KING, FRIENDS FOR WENDY",209,TERMINATED 12/31/2004,,needs_research,surname only,disputed,"A names another person, or the matched token is a place, a word or a given name","surname-only auto-link: Cal-Access 1271038 ""KING, FRIENDS FOR WENDY"" -- names a different person (Wendy King); filer area code 209 (Stockton/Modesto); this row is John King, Council Member, Covina",
f8093904-4b95-477b-b91d-d9a6cf2365b0,30f77168-39ca-437e-9d1e-36a9837523a3,John King,"Council Member, Covina",cal_access,1272857,"KING FOR COVINA CITY COUNCIL 2017, JOHN","KING FOR COVINA CITY COUNCIL 2017, JOHN",626,TERMINATED 06/30/2022,,needs_research,full name,keep needs_research,full name (out of scope),,
9dc2ce24-30fe-496b-b572-349a58ebb173,30f77168-39ca-437e-9d1e-36a9837523a3,John King,"Council Member, Covina",cal_access,1322403,NUNO FOR KING CITY ELEMENTARY BOARD 2009,NUNO FOR KING CITY ELEMENTARY BOARD 2009,831,TERMINATED 12/12/2012,,needs_research,surname only,disputed,"A names another person, or the matched token is a place, a word or a given name","surname-only auto-link: Cal-Access 1322403 ""NUNO FOR KING CITY ELEMENTARY BOARD 2009"" -- the surname matched the place name ""King City (Monterey County)""; the committee is Nuno's; filer area code 831 (Monterey/Santa Cruz); this row is John King, Council Member, Covina",
30eca870-ee8d-402a-b800-107fd9b399d8,30f77168-39ca-437e-9d1e-36a9837523a3,John King,"Council Member, Covina",cal_access,1339784,KING FOR SUPERVISOR 2012,KING FOR SUPERVISOR 2012,408,TERMINATED 01/30/2019,,needs_research,surname only,disputed,C the filer evidence places it elsewhere (area code or shared filer phone),"surname-only auto-link: Cal-Access 1339784 ""KING FOR SUPERVISOR 2012"" -- a campaign for a county board of supervisors; filer area code 408 (San Jose) is outside the Los Angeles region and nothing ties it to the row; this row is John King, Council Member, Covina",
f7f44cd1-29fc-4c3e-9f05-c7e5c84bb076,30f77168-39ca-437e-9d1e-36a9837523a3,John King,"Council Member, Covina",cal_access,1351742,"HENDRICKSON KING CITY COUNCIL 2012, FRIENDS FOR BELINDA T.","HENDRICKSON KING CITY COUNCIL 2012, FRIENDS FOR BELINDA T.",831,TERMINATED 12/31/2012,,needs_research,surname only,disputed,"A names another person, or the matched token is a place, a word or a given name","surname-only auto-link: Cal-Access 1351742 ""HENDRICKSON KING CITY COUNCIL 2012, FRIENDS FOR BELINDA T."" -- the surname matched the place name ""King City (Monterey County)""; the committee is Belinda T. Hendrickson's; filer area code 831 (Monterey/Santa Cruz); this row is John King, Council Member, Covina",
e8639b63-4add-4644-9ff2-25a964939c6a,30f77168-39ca-437e-9d1e-36a9837523a3,John King,"Council Member, Covina",cal_access,1361834,KING FOR SUPERVISOR 2020,KING FOR SUPERVISOR 2020,408,TERMINATED 06/30/2018,,needs_research,surname only,disputed,C the filer evidence places it elsewhere (area code or shared filer phone),"surname-only auto-link: Cal-Access 1361834 ""KING FOR SUPERVISOR 2020"" -- a campaign for a county board of supervisors; filer area code 408 (San Jose) is outside the Los Angeles region and nothing ties it to the row; this row is John King, Council Member, Covina",
e0a6b820-c0fc-4d8e-97aa-066d03f1160b,30f77168-39ca-437e-9d1e-36a9837523a3,John King,"Council Member, Covina",cal_access,1362120,KING FOR CULVER CITY COUNCIL 2014,KING FOR CULVER CITY COUNCIL 2014,818,ACTIVE,,needs_research,surname only,disputed,"B another named place or district, or an opposing / ballot / recall committee","surname-only auto-link: Cal-Access 1362120 ""KING FOR CULVER CITY COUNCIL 2014"" -- a campaign for the Culver City Council in Culver City, not for the row's seat; filer area code 818 (San Fernando Valley); this row is John King, Council Member, Covina",
69af580d-1ee6-4013-a842-e8b3ee04f891,30f77168-39ca-437e-9d1e-36a9837523a3,John King,"Council Member, Covina",cal_access,1365232,KING FOR ATTORNEY GENERAL 2014,KING FOR ATTORNEY GENERAL 2014,619,TERMINATED 06/30/2015,,needs_research,surname only,disputed,C the filer evidence places it elsewhere (area code or shared filer phone),"surname-only auto-link: Cal-Access 1365232 ""KING FOR ATTORNEY GENERAL 2014"" -- a campaign for Attorney General; filer area code 619 (San Diego) is outside the Los Angeles region and nothing ties it to the row; this row is John King, Council Member, Covina",
65475a5d-8f1d-4761-a1bd-c7c08bfb8a62,30f77168-39ca-437e-9d1e-36a9837523a3,John King,"Council Member, Covina",cal_access,1366413,"KING SUPERVISOR 2014, COMMITTEE TO ELECT JOHN","KING SUPERVISOR 2014, COMMITTEE TO ELECT JOHN",707,TERMINATED 06/30/2014,,needs_research,full name,keep needs_research,full name (out of scope),,
12d3efaa-ec90-4a25-b829-c87f7c1127cd,30f77168-39ca-437e-9d1e-36a9837523a3,John King,"Council Member, Covina",cal_access,1404157,KING FOR COUNTY SCHOOL BOARD 2018,KING FOR COUNTY SCHOOL BOARD 2022,408,TERMINATED 06/30/2022,,needs_research,surname only,disputed,C the filer evidence places it elsewhere (area code or shared filer phone),"surname-only auto-link: Cal-Access 1404157 ""KING FOR COUNTY SCHOOL BOARD 2022"" (stored as ""KING FOR COUNTY SCHOOL BOARD 2018"") -- a campaign for a school board; filer area code 408 (San Jose) is outside the Los Angeles region and nothing ties it to the row; this row is John King, Council Member, Covina",
79184b88-3de2-4e31-b29a-42fc11407ce7,30f77168-39ca-437e-9d1e-36a9837523a3,John King,"Council Member, Covina",cal_access,1432905,AREIZA KING FOR SCHOOL BOARD 2020,AREIZA KING FOR SCHOOL BOARD 2020,530,TERMINATED 11/10/2020,,needs_research,surname only,disputed,"A names another person, or the matched token is a place, a word or a given name","surname-only auto-link: Cal-Access 1432905 ""AREIZA KING FOR SCHOOL BOARD 2020"" -- names a different person (Areiza King); filer area code 530 (far northern California); this row is John King, Council Member, Covina",
4137975b-3ba2-4cc9-b002-23f25c69216a,30f77168-39ca-437e-9d1e-36a9837523a3,John King,"Council Member, Covina",cal_access,1489159,KING SUPERVISOR 2026; ELECT JOHN,KING SUPERVISOR 2026; ELECT JOHN,707,TERMINATED 06/30/2026,,needs_research,full name,keep needs_research,full name (out of scope),,
c4fd1710-bb1d-4244-80b6-eac3f8066f33,c3155cf3-9a97-43d1-a076-dd6ef6aa46e9,John Lee,Los Angeles City Council District 12,cal_access,1466455,"LEE FOR COUNCIL 2024: SPONSORED BY BIZFED PAC, A PROJECT OF THE LOS ANGELES COUNTY BUSINESS FEDERATION; ANGELENOS FOR GOOD JOBS AND SAFE NEIGHBORHOODS - SUPPORTING JOHN","LEE FOR COUNCIL 2024: SPONSORED BY BIZFED PAC, A PROJECT OF THE LOS ANGELES COUNTY BUSINESS FEDERATION; ANGELENOS FOR GOOD JOBS AND SAFE NEIGHBORHOODS - SUPPORTING JOHN",323,TERMINATED 03/08/2024,,needs_research,full name,keep needs_research,full name (out of scope),,
e0f41d2e-883d-4abc-a5e5-8e5aa5a74bf2,c3155cf3-9a97-43d1-a076-dd6ef6aa46e9,John Lee,Los Angeles City Council District 12,cal_access,1480011,JOHN Q. LEE,"LEE, JOHN Q.",213,ACTIVE,,needs_research,full name,keep needs_research,full name (out of scope),,
9a7481ea-bbad-48f8-a9ff-761c484d2112,753acd7a-1325-4883-80e7-c78466384cb2,John Lewis,"Council Member, La Mirada",la_socrata,1344652,Lewis for City Council District 9 2013,,,,"Lewis, Norvell",needs_research,surname only,disputed,"A names another person, or the matched token is a place, a word or a given name","surname-only auto-link: LA City Ethics committee 1344652 ""Lewis for City Council District 9 2013"" -- LA City Ethics names its candidate as Norvell Lewis (LA City Council Member - District 9), a different person; this row is John Lewis, Council Member, La Mirada",
0b306dad-c4e7-498d-a5ce-84b2a642a405,67fdd0d7-b467-4cad-b62d-6b1fe1628aff,John M. Mora,"Council Member, Santa Fe Springs",cal_access,1377442,MORA FOR SFS COUNCIL 2015,MORA FOR SFS COUNCIL 2015,626,TERMINATED 12/23/2015,,needs_research,surname only,keep needs_research,unresolved,,
5cc60ec9-a5a1-4082-9212-99096d51c307,67fdd0d7-b467-4cad-b62d-6b1fe1628aff,John M. Mora,"Council Member, Santa Fe Springs",cal_access,1408962,MORA FOR SANTA FE SPRINGS CITY COUNCIL 2018; JOHN,MORA FOR SANTA FE SPRINGS CITY COUNCIL 2018; JOHN,626,TERMINATED 01/31/2019,,needs_research,full name,keep needs_research,full name (out of scope),,
2e5e3bed-b8d4-4d39-b009-6a7db3fe9854,67fdd0d7-b467-4cad-b62d-6b1fe1628aff,John M. Mora,"Council Member, Santa Fe Springs",cal_access,1410936,MORA FOR HOLLISTER CITY COUNCIL DISTRICT 4 2018,MORA FOR HOLLISTER CITY COUNCIL DISTRICT 4 2018,408,TERMINATED 12/30/2018,,needs_research,surname only,disputed,"B another named place or district, or an opposing / ballot / recall committee","surname-only auto-link: Cal-Access 1410936 ""MORA FOR HOLLISTER CITY COUNCIL DISTRICT 4 2018"" -- a campaign for the Hollister City Council in Hollister (San Benito County), not for the row's seat; filer area code 408 (San Jose); this row is John M. Mora, Council Member, Santa Fe Springs",
5b7a2592-50c3-4438-84a2-b3e63331c5e4,67fdd0d7-b467-4cad-b62d-6b1fe1628aff,John M. Mora,"Council Member, Santa Fe Springs",cal_access,1426767,MORA FOR CITY COUNCIL 2020,MORA FOR CITY COUNCIL 2020,408,ACTIVE,,needs_research,surname only,disputed,C the filer evidence places it elsewhere (area code or shared filer phone),"surname-only auto-link: Cal-Access 1426767 ""MORA FOR CITY COUNCIL 2020"" -- it shares a personal filer phone (filer area code 408 (San Jose)) with Cal-Access 1410936 ""MORA FOR HOLLISTER CITY COUNCIL DISTRICT 4 2018"", which this file disputes as another person's or another place's; this row is John M. Mora, Council Member, Santa Fe Springs",
aef59bee-5ed3-4284-b2cc-5c1eef846977,67fdd0d7-b467-4cad-b62d-6b1fe1628aff,John M. Mora,"Council Member, Santa Fe Springs",cal_access,1428027,MORA FOR HOLLISTER MAYOR 2020,MORA FOR HOLLISTER MAYOR 2020,831,ACTIVE,,needs_research,surname only,disputed,"B another named place or district, or an opposing / ballot / recall committee","surname-only auto-link: Cal-Access 1428027 ""MORA FOR HOLLISTER MAYOR 2020"" -- a campaign for mayor of Hollister in Hollister (San Benito County), not for the row's seat; filer area code 831 (Monterey/Santa Cruz); this row is John M. Mora, Council Member, Santa Fe Springs",
a4bb8dd6-975c-4792-8573-0bc584486953,67fdd0d7-b467-4cad-b62d-6b1fe1628aff,John M. Mora,"Council Member, Santa Fe Springs",cal_access,1449576,MORA FOR SANTA FE SPRINGS CITY COUNCIL 2022; JOHN,MORA FOR SANTA FE SPRINGS CITY COUNCIL 2022; JOHN,626,TERMINATED 07/29/2025,,needs_research,full name,keep needs_research,full name (out of scope),,
3500f255-35af-4f76-b10e-2bf28d528734,67fdd0d7-b467-4cad-b62d-6b1fe1628aff,John M. Mora,"Council Member, Santa Fe Springs",cal_access,1467610,MORA FOR SANTA FE SPRINGS CITY COUNCIL 2024; JOHN,MORA FOR SANTA FE SPRINGS CITY COUNCIL 2024; JOHN,626,ACTIVE,,needs_research,full name,keep needs_research,full name (out of scope),,
0e86ffab-0735-428b-926d-a1686b9a98c6,67fdd0d7-b467-4cad-b62d-6b1fe1628aff,John M. Mora,"Council Member, Santa Fe Springs",cal_access,1472461,MORA FOR COUNCIL 2024,MORA FOR COUNCIL 2024,209,TERMINATED 03/31/2025,,needs_research,surname only,keep needs_research,unresolved,,
901c64b8-0355-4b9f-91c7-9bb5265569a2,6940b872-1458-4612-85aa-0c6704b0bb62,John R. Garcia,"Mayor, Pico Rivera",cal_access,1069751,"GARCIA, FRIENDS TO ELECT JOHN","GARCIA, FRIENDS TO ELECT JOHN",818,TERMINATED 10/10/2010,,needs_research,full name,keep needs_research,full name (out of scope),,
1cd9d61c-4749-48e9-94f2-9029152eef12,6940b872-1458-4612-85aa-0c6704b0bb62,John R. Garcia,"Mayor, Pico Rivera",cal_access,1248417,"GARCIA, SUPPORTERS TO ELECT JOHN","GARCIA, SUPPORTERS TO ELECT JOHN",626,TERMINATED 02/04/2004,,needs_research,full name,keep needs_research,full name (out of scope),,
4dc0cde0-3a25-476e-90c5-875156f919de,6940b872-1458-4612-85aa-0c6704b0bb62,John R. Garcia,"Mayor, Pico Rivera",cal_access,1257384,"GARCIA, FRIENDS TO RE-ELECT JOHN","GARCIA, FRIENDS TO RE-ELECT JOHN",626,TERMINATED 06/30/2004,,needs_research,full name,keep needs_research,full name (out of scope),,
073e4433-0363-459b-abf4-fc89bfc40324,6940b872-1458-4612-85aa-0c6704b0bb62,John R. Garcia,"Mayor, Pico Rivera",cal_access,1300040,"GARCIA 2007, FRIENDS TO ELECT JOHN","GARCIA 2007, FRIENDS TO ELECT JOHN",626,TERMINATED 03/05/2009,,needs_research,full name,keep needs_research,full name (out of scope),,
0978221d-4795-4148-a1aa-d55c2804be5c,6940b872-1458-4612-85aa-0c6704b0bb62,John R. Garcia,"Mayor, Pico Rivera",cal_access,1324107,"GARCIA FOR MAYOR OF EL CAJON 2010, COMMITTEE TO ELECT JOHN MICHAEL","GARCIA FOR MAYOR OF EL CAJON 2010, COMMITTEE TO ELECT JOHN MICHAEL",619,TERMINATED 01/16/2012,,needs_research,full name,keep needs_research,full name (out of scope),,"full-name match, but the committee names another place: EL CAJON"
0cadf370-9808-4644-870c-4f6ea222c8dc,e9af3b91-ab9c-4f97-bc18-c1baef871e85,Jon Kaji,"Council Member, Torrance",cal_access,1436707,KAJI FOR CITY COUNCIL 2026; JON,KAJI FOR CITY COUNCIL 2026; JON,310,TERMINATED 06/30/2026,,needs_research,full name,keep needs_research,full name (out of scope),,
66ba9248-cd7c-4f27-a967-0402b620c43c,063fd6f1-42f0-47dc-aa7d-7feac385c495,Jon Kean,"Board Member, Santa Monica-Malibu Unified",cal_access,1385021,KEAN FOR SCHOOL BOARD 2016; JON,KEAN FOR SCHOOL BOARD 2016; JON,310,TERMINATED 06/30/2020,,needs_research,full name,keep needs_research,full name (out of scope),,
06520e93-aeb0-4693-b926-bd438d805d5f,3ba41a97-b248-46c3-9e50-7ebd58f1fe59,Jonathan Wagoner,,cal_access,1237887,WAGONER FOR JUDGE 2002,WAGONER FOR JUDGE 2002,530,TERMINATED 07/30/2003,,needs_research,surname only,keep needs_research,unresolved,,
b3c48101-c5b6-4a32-932b-e12fa41e30a8,780ddbc3-396e-44c2-8f4b-4a05a6a53ada,Joni Ricks-Oddie,"Councilmember, Long Beach",cal_access,1482367,RICKS-ODDIE FOR CITY COUNCIL 2026,RICKS-ODDIE FOR CITY COUNCIL 2026,442,ACTIVE,,needs_research,surname only,keep needs_research,unresolved,,
95dcc024-0a16-4c38-8686-c0cb9763e224,b7787103-e3f0-4f55-9c22-8ec049c0880b,Jorge Herrera Avila,"Council Member, San Gabriel",cal_access,1443716,HERRERA AVILA FOR CITY COUNCIL 2022; JORGE,HERRERA AVILA FOR CITY COUNCIL 2022; JORGE,626,TERMINATED 01/05/2026,,needs_research,full name,keep needs_research,full name (out of scope),,
a7d0f0c4-d3d5-4fc4-b25f-1484b0319110,93613d15-1098-423b-9e18-81f125ac2408,Jorge Nuño,"candidate, Los Angeles City Council District 9",cal_access,1480022,JORGE NUNO,"NUNO, JORGE",323,ACTIVE,,needs_research,full name,keep needs_research,full name (out of scope),,
2a37bc0d-bc09-4923-adda-966f87f83377,5e294235-7f08-49e6-b2e1-9f9d752e6bc3,Jose Sanchez,"Council Member (Mayor Pro Tem), Monterey Park",cal_access,1466748,JOSE RAMON VERDUGO SANCHEZ,"SANCHEZ, JOSE RAMON VERDUGO",323,ACTIVE,,needs_research,full name,keep needs_research,full name (out of scope),,
8db01f2b-7544-4d04-a21e-cc1dea3f05e0,ac1445bf-8c81-4c81-a784-a5943d209bbc,Josh Fryday,"candidate, CA Lieutenant Governor",cal_access,1479447,JOSH FRYDAY,"FRYDAY, JOSH",916,ACTIVE,,needs_research,full name,keep needs_research,full name (out of scope),,
1cba9d31-f718-4f73-bd4b-662aba598f14,ac1445bf-8c81-4c81-a784-a5943d209bbc,Josh Fryday,"candidate, CA Lieutenant Governor",cal_access,1479464,FRYDAY FOR LT. GOVERNOR 2026; JOSH,FRYDAY FOR LT. GOVERNOR 2026; JOSH,916,ACTIVE,,needs_research,full name,keep needs_research,full name (out of scope),,
7f5ec4a3-0b5f-4fc2-b813-0397efbcc0e0,ac1445bf-8c81-4c81-a784-a5943d209bbc,Josh Fryday,"candidate, CA Lieutenant Governor",cal_access,1484260,"FRYDAY FOR LT. GOVERNOR 2026; TGIF, JOSH","FRYDAY FOR LT. GOVERNOR 2026; TGIF, JOSH",213,ACTIVE,,needs_research,full name,keep needs_research,full name (out of scope),,
2b38cab6-ef88-43ba-9f5b-e431ff6d161f,39d99fc2-b8ab-4846-8ff3-bcb65e16bee4,Josh Lowenthal,Assembly Member (Assembly District 69),cal_access,1278874,LOWENTHAL FOR JUDGE,LOWENTHAL FOR JUDGE,,TERMINATED 12/31/2008,,needs_research,surname only,keep needs_research,unresolved,,
c8387353-ae9f-4dcf-9b12-80f3cd1afb68,39d99fc2-b8ab-4846-8ff3-bcb65e16bee4,Josh Lowenthal,Assembly Member (Assembly District 69),cal_access,1313637,LOWENTHAL FOR STATE SENATE 2008 OFFICEHOLDER ACCOUNT,LOWENTHAL FOR STATE SENATE 2008 OFFICEHOLDER ACCOUNT,323,TERMINATED 03/29/2018,,needs_research,surname only,keep needs_research,unresolved,,probably Alan Lowenthal (State Senate 2004-2012); no given name in the record
77a07480-1ca8-41c4-a4e0-c95bfa78dbd8,39d99fc2-b8ab-4846-8ff3-bcb65e16bee4,Josh Lowenthal,Assembly Member (Assembly District 69),cal_access,1379372,LOWENTHAL FOR SENATE 2020,LOWENTHAL FOR SENATE 2020; BONNIE,323,TERMINATED 06/30/2020,,needs_research,surname only,disputed,"A names another person, or the matched token is a place, a word or a given name","surname-only auto-link: Cal-Access 1379372 ""LOWENTHAL FOR SENATE 2020; BONNIE"" (stored as ""LOWENTHAL FOR SENATE 2020"") -- names a different person (Bonnie Lowenthal); filer area code 323 (Los Angeles); this row is Josh Lowenthal, Assembly Member (Assembly District 69)",
4c9cc564-d04b-4ebd-8fc6-d7af769ae5b6,39d99fc2-b8ab-4846-8ff3-bcb65e16bee4,Josh Lowenthal,Assembly Member (Assembly District 69),cal_access,1399481,LOWENTHAL FOR ASSEMBLY 2018; JOSH,LOWENTHAL FOR ASSEMBLY 2018; JOSH,213,TERMINATED 06/30/2019,,needs_research,full name,keep needs_research,full name (out of scope),,
ec787129-a870-4223-833a-dffc64868356,39d99fc2-b8ab-4846-8ff3-bcb65e16bee4,Josh Lowenthal,Assembly Member (Assembly District 69),cal_access,1417328,LOWENTHAL FOR ASSEMBLY 2020; JOSH,LOWENTHAL FOR ASSEMBLY 2020; JOSH,213,TERMINATED 12/31/2020,,needs_research,full name,keep needs_research,full name (out of scope),,
3f8d326e-5505-4ef3-9453-16b145594551,39d99fc2-b8ab-4846-8ff3-bcb65e16bee4,Josh Lowenthal,Assembly Member (Assembly District 69),cal_access,1434831,LOWENTHAL FOR SENATE 2026; JOSH,LOWENTHAL FOR SENATE 2026; JOSH,213,TERMINATED 12/31/2021,,needs_research,full name,keep needs_research,full name (out of scope),,
1b4b968a-f7d1-413e-a82b-d76bb88c090e,39d99fc2-b8ab-4846-8ff3-bcb65e16bee4,Josh Lowenthal,Assembly Member (Assembly District 69),cal_access,1441454,LOWENTHAL FOR ASSEMBLY 2026; JOSH,LOWENTHAL FOR ASSEMBLY 2026; JOSH,213,TERMINATED 04/28/2022,,needs_research,full name,keep needs_research,full name (out of scope),,
79835229-fa8e-4120-aed3-4a8f14fc1d41,39d99fc2-b8ab-4846-8ff3-bcb65e16bee4,Josh Lowenthal,Assembly Member (Assembly District 69),cal_access,1443482,LOWENTHAL FOR ASSEMBLY 2022; JOSH,LOWENTHAL FOR ASSEMBLY 2022; JOSH,213,TERMINATED 03/24/2023,,needs_research,full name,keep needs_research,full name (out of scope),,
a1668a34-f93f-4202-b8f1-e216b5102bbf,39d99fc2-b8ab-4846-8ff3-bcb65e16bee4,Josh Lowenthal,Assembly Member (Assembly District 69),cal_access,1456968,LOWENTHAL FOR ASSEMBLY 2024; JOSH,LOWENTHAL FOR ASSEMBLY 2024; JOSH,916,TERMINATED 03/17/2025,,needs_research,full name,keep needs_research,full name (out of scope),,
eab0afbe-482a-4d75-a553-6864e0da1c4c,2f601ba5-a8be-4947-961e-cbbb50b61f28,Juan Benitez,"Board Member (District 3), Long Beach Unified",cal_access,1360491,BENITEZ FOR SCHOOL BOARD 2014,BENITEZ FOR SCHOOL BOARD 2014,562,TERMINATED 12/31/2014,,needs_research,surname only,keep needs_research,unresolved,,
41ac02bf-8b1e-4546-b382-7eb26ab946a5,2f601ba5-a8be-4947-961e-cbbb50b61f28,Juan Benitez,"Board Member (District 3), Long Beach Unified",cal_access,1398148,BENITEZ FOR SCHOOL BOARD 2018,BENITEZ FOR SCHOOL BOARD 2026,562,ACTIVE,,needs_research,surname only,keep needs_research,unresolved,,
42e8ed1c-1858-4bb8-848b-4f721c8107ea,2f601ba5-a8be-4947-961e-cbbb50b61f28,Juan Benitez,"Board Member (District 3), Long Beach Unified",cal_access,1441526,BENITEZ FOR SCHOOL BOARD 2022,BENITEZ FOR SCHOOL BOARD 2022,213,TERMINATED 10/06/2021,,needs_research,surname only,keep needs_research,unresolved,,
bea2e7df-8053-45e0-93bc-daf654157fb2,b959d608-5674-467e-a1c8-3572c76a729b,Juan Carrillo,Assembly Member (Assembly District 39),cal_access,1327356,"CARRILLO FOR CITY COUNCIL 2010, FRIENDS OF THE MARIO","CARRILLO FOR CITY COUNCIL 2010, FRIENDS OF THE MARIO",760,ACTIVE,,needs_research,surname only,disputed,"A names another person, or the matched token is a place, a word or a given name","surname-only auto-link: Cal-Access 1327356 ""CARRILLO FOR CITY COUNCIL 2010, FRIENDS OF THE MARIO"" -- names a different person (Mario Carrillo); filer area code 760 (Inland/north San Diego County); this row is Juan Carrillo, Assembly Member (Assembly District 39)",
8d2676cb-13de-47ba-8d26-d2c853dc7af5,b959d608-5674-467e-a1c8-3572c76a729b,Juan Carrillo,Assembly Member (Assembly District 39),cal_access,1344075,CARRILLO FOR PORT HUENEME CITY COUNCIL 2012,CARRILLO FOR PORT HUENEME CITY COUNCIL 2012,805,TERMINATED 11/20/2012,,needs_research,surname only,disputed,"B another named place or district, or an opposing / ballot / recall committee","surname-only auto-link: Cal-Access 1344075 ""CARRILLO FOR PORT HUENEME CITY COUNCIL 2012"" -- a campaign for the Port Hueneme City Council in Port Hueneme (Ventura County), not for the row's seat; filer area code 805 (Central Coast/Ventura); this row is Juan Carrillo, Assembly Member (Assembly District 39)",
6f083d55-2aaf-43bb-8bcc-3bde6ae3a81c,b959d608-5674-467e-a1c8-3572c76a729b,Juan Carrillo,Assembly Member (Assembly District 39),cal_access,1361381,"CARRILLO FOR PALMDALE SCHOOL DISTRICT BOARD OF TRUSTEES 2013, JUAN","CARRILLO FOR PALMDALE SCHOOL DISTRICT BOARD OF TRUSTEES 2013, JUAN",661,TERMINATED 11/09/2016,,needs_research,full name,keep needs_research,full name (out of scope),,"full-name match, but the committee names another place: PALMDALE"
b004c6de-7cc9-468f-9952-b8a6cc3ddbbc,b959d608-5674-467e-a1c8-3572c76a729b,Juan Carrillo,Assembly Member (Assembly District 39),cal_access,1378275,CARRILLO FOR WATER BOARD 2015,CARRILLO FOR WATER BOARD 2015,714,TERMINATED 12/31/2017,,needs_research,surname only,keep needs_research,unresolved,,
b4c1210e-97dd-4529-8e57-069ee8a221ed,b959d608-5674-467e-a1c8-3572c76a729b,Juan Carrillo,Assembly Member (Assembly District 39),cal_access,1410204,CARRILLO FOR CENTRAL UNIFIED TRUSTEE AREA 2 2018,CARRILLO FOR CENTRAL UNIFIED TRUSTEE AREA 2 2018,559,TERMINATED 12/12/2020,,needs_research,surname only,disputed,"B another named place or district, or an opposing / ballot / recall committee","surname-only auto-link: Cal-Access 1410204 ""CARRILLO FOR CENTRAL UNIFIED TRUSTEE AREA 2 2018"" -- a campaign for the Central Unified school board in Fresno County, not for the row's seat; filer area code 559 (Fresno); this row is Juan Carrillo, Assembly Member (Assembly District 39)",
cf0ea7da-e6b1-49e1-9f94-cb3baa78da65,b959d608-5674-467e-a1c8-3572c76a729b,Juan Carrillo,Assembly Member (Assembly District 39),cal_access,1415180,CARRILLO FOR SUPERVISOR 2020,CARRILLO FOR SUPERVISOR 2020,916,TERMINATED 06/30/2019,,needs_research,surname only,keep needs_research,unresolved,,
e921f9fd-6b04-4bee-8b1e-f95dc5ac38a4,b959d608-5674-467e-a1c8-3572c76a729b,Juan Carrillo,Assembly Member (Assembly District 39),cal_access,1422203,CARRILLO FOR JUDGE 2020,CARRILLO FOR JUDGE 2020,209,TERMINATED 01/20/2021,,needs_research,surname only,keep needs_research,unresolved,,
28145bf2-8f01-4196-9ecb-8edad688e980,b959d608-5674-467e-a1c8-3572c76a729b,Juan Carrillo,Assembly Member (Assembly District 39),cal_access,1443329,CARRILLO FOR ASSEMBLY 2022; JUAN,CARRILLO FOR ASSEMBLY 2022; JUAN,619,TERMINATED 06/30/2023,,needs_research,full name,keep needs_research,full name (out of scope),,
b4a03de8-949f-4f56-a560-d85cfef09ab9,b959d608-5674-467e-a1c8-3572c76a729b,Juan Carrillo,Assembly Member (Assembly District 39),cal_access,1471537,CARRILLO ASSEMBLY 2022 OFFICEHOLDER ACCOUNT,CARRILLO ASSEMBLY 2022 OFFICEHOLDER ACCOUNT,916,TERMINATED 02/24/2025,,needs_research,surname only,keep needs_research,unresolved,,
11bc2468-919e-4bdf-959b-0b5c3bf5b103,b959d608-5674-467e-a1c8-3572c76a729b,Juan Carrillo,Assembly Member (Assembly District 39),cal_access,1472118,CARRILLO FOR 52ND ASSEMBLY DISTRICT 2024; FOLSOM CELL BLOCK 5 PAC,CARRILLO FOR 52ND ASSEMBLY DISTRICT 2024; FOLSOM CELL BLOCK 5 PAC,213,TERMINATED 12/28/2025,,needs_research,surname only,disputed,"B another named place or district, or an opposing / ballot / recall committee","surname-only auto-link: Cal-Access 1472118 ""CARRILLO FOR 52ND ASSEMBLY DISTRICT 2024; FOLSOM CELL BLOCK 5 PAC"" -- a committee for the 52nd Assembly District (2024), not the row's 39th District seat; filer area code 213 (Los Angeles); this row is Juan Carrillo, Assembly Member (Assembly District 39)",
6a7a4eac-bb61-4e8b-9ca3-4b158ccbe8ed,b959d608-5674-467e-a1c8-3572c76a729b,Juan Carrillo,Assembly Member (Assembly District 39),cal_access,1477268,CARRILLO FOR ASSEMBLY 2026; JUAN,CARRILLO FOR ASSEMBLY 2026; JUAN,916,ACTIVE,,needs_research,full name,keep needs_research,full name (out of scope),,
fcc9d694-bd10-4323-8f49-eff666a92a18,d4e58a72-03c0-47f6-9b9d-0ff3db70d3d0,Juanita Martin,"Council Member, Santa Fe Springs",cal_access,1486774,MARTIN TO CITY COUNCIL 2026; COMMITTEE TO RE-ELECT JUANITA,MARTIN TO CITY COUNCIL 2026; COMMITTEE TO RE-ELECT JUANITA,562,ACTIVE,,needs_research,full name,keep needs_research,full name (out of scope),,
eda4e48d-e804-406f-881f-fa2ce71de26c,b96046ed-6a07-4264-b4bb-9398d0281b1e,Judith Merlo,"Council Member, Vernon",cal_access,1031618,"MERLO, COMMITTEE TO ELECT A. JOHN","MERLO, COMMITTEE TO ELECT A. JOHN",999,TERMINATED 12/01/1990,,needs_research,surname only,disputed,"A names another person, or the matched token is a place, a word or a given name","surname-only auto-link: Cal-Access 1031618 ""MERLO, COMMITTEE TO ELECT A. JOHN"" -- names a different person (A. John Merlo); filer area code 999; this row is Judith Merlo, Council Member, Vernon",
ca6c479f-ab5c-4192-b4da-28c2811bf580,d75dfa60-351b-4f0d-880a-45acf013c82a,Judy Chu,Representative (District 28),cal_access,1072243,"CHU FOR ASSEMBLY, JUDY","CHU, FRIENDS OF JUDY",626,TERMINATED 08/01/2001,,needs_research,full name,keep needs_research,full name (out of scope),,
53ca55a3-b657-4765-9d61-0646a1e647f6,d75dfa60-351b-4f0d-880a-45acf013c82a,Judy Chu,Representative (District 28),cal_access,1236618,"CHU FOR ASSEMBLY 2002, JUDY","CHU FOR ASSEMBLY 2002, JUDY",626,TERMINATED 01/13/2004,,needs_research,full name,keep needs_research,full name (out of scope),,
990bd5bc-ede8-4af6-92bb-eca25937add5,d75dfa60-351b-4f0d-880a-45acf013c82a,Judy Chu,Representative (District 28),cal_access,1250390,"CHU FOR ASSEMBLY 2004, JUDY","CHU FOR ASSEMBLY 2004, JUDY",626,TERMINATED 07/30/2005,,needs_research,full name,keep needs_research,full name (out of scope),,
ce4ac2f6-7a34-40c6-861d-ffcabedf1299,d75dfa60-351b-4f0d-880a-45acf013c82a,Judy Chu,Representative (District 28),cal_access,1270388,"CHU CAMPAIGN COMMITTEE, JUDY","CHU CAMPAIGN COMMITTEE, JUDY",323,TERMINATED 06/30/2007,,needs_research,full name,keep needs_research,full name (out of scope),,
67196403-38e1-474a-a7dd-f2295b2dafbc,d75dfa60-351b-4f0d-880a-45acf013c82a,Judy Chu,Representative (District 28),cal_access,1292608,"CHU CAMPAIGN COMMITTEE 2010, JUDY","CHU FOR BOARD OF EQUALIZATION 2010, JUDY",323,TERMINATED 06/30/2012,,needs_research,full name,keep needs_research,full name (out of scope),,
8aba0362-d07e-4338-8a3a-5702492b1905,01147c2b-0f40-4255-b09e-b5a19a45fd31,Julia Brownley,Representative (District 26),cal_access,1271026,"BROWNLEY FOR ASSEMBLY, JULIA","BROWNLEY FOR ASSEMBLY, JULIA",310,TERMINATED 12/31/2007,,needs_research,full name,keep needs_research,full name (out of scope),,
2976c281-39bc-4714-9553-3b4bf32ae914,01147c2b-0f40-4255-b09e-b5a19a45fd31,Julia Brownley,Representative (District 26),cal_access,1292925,"BROWNLEY FOR ASSEMBLY 2008, JULIA","BROWNLEY FOR ASSEMBLY 2008, JULIA",626,TERMINATED 08/28/2009,,needs_research,full name,keep needs_research,full name (out of scope),,
9a09459b-2473-47af-8553-8d9b944d8c92,01147c2b-0f40-4255-b09e-b5a19a45fd31,Julia Brownley,Representative (District 26),cal_access,1313506,"BROWNLEY FOR ASSEMBLY 2010, JULIA","BROWNLEY FOR ASSEMBLY 2010, JULIA",626,TERMINATED 03/01/2013,,needs_research,full name,keep needs_research,full name (out of scope),,
9d695f38-8f7f-4ab2-8e0c-548a2a2d0e2d,01147c2b-0f40-4255-b09e-b5a19a45fd31,Julia Brownley,Representative (District 26),cal_access,1333787,"BROWNLEY FOR ASSEMBLY 2010 OFFICEHOLDER ACCOUNT, JULIA","BROWNLEY FOR ASSEMBLY 2010 OFFICEHOLDER ACCOUNT, JULIA",626,TERMINATED 02/28/2013,,needs_research,full name,keep needs_research,full name (out of scope),,
96deee56-f221-40ba-b15c-61d333366ea8,0738714b-e2e0-42d6-b594-2edfa28736b5,Julia Ruedas,"Council Member (District 3), El Monte",cal_access,1379206,RUEDAS FOR EL MONTE CITY SCHOOL BOARD 2015; JULIA,RUEDAS FOR EL MONTE CITY SCHOOL BOARD 2018; JULIA,626,TERMINATED 12/31/2022,,needs_research,full name,keep needs_research,full name (out of scope),,
05b911bb-f2a5-4340-ba60-130cf59fad8b,0738714b-e2e0-42d6-b594-2edfa28736b5,Julia Ruedas,"Council Member (District 3), El Monte",cal_access,1450674,RUEDAS FOR EL MONTE CITY COUNCIL 2022; JULIA,RUEDAS FOR EL MONTE CITY COUNCIL 2022; JULIA,626,TERMINATED 07/31/2025,,needs_research,full name,keep needs_research,full name (out of scope),,
bf1a8d8d-d764-4f91-93ba-b87f30f8a400,0738714b-e2e0-42d6-b594-2edfa28736b5,Julia Ruedas,"Council Member (District 3), El Monte",cal_access,1476923,RUEDAS FOR EL MONTE CITY COUNCIL 2026; JULIA,RUEDAS FOR EL MONTE CITY COUNCIL 2026; JULIA,626,ACTIVE,,needs_research,full name,keep needs_research,full name (out of scope),,
18ff176f-7f54-4dc0-a69d-43dbfcef5cfa,b9149eb5-4dc6-400e-b685-92ad0fa05b18,Karen Davis,"Council Member (District 4), Glendora",cal_access,1272543,"DAVIS FOR CITY COUNCIL COMMITTEE, KAREN","DAVIS FOR CITY COUNCIL COMMITTEE, KAREN",626,TERMINATED 08/03/2005,,needs_research,full name,keep needs_research,full name (out of scope),,
ecf3be1f-a07a-4d2d-b4e3-9207cde94d3f,b9149eb5-4dc6-400e-b685-92ad0fa05b18,Karen Davis,"Council Member (District 4), Glendora",cal_access,1389661,"DAVIS TO CITY COUNCIL 2017, COMMITTEE TO RE-ELECT KAREN","DAVIS TO CITY COUNCIL 2017, COMMITTEE TO RE-ELECT KAREN",626,TERMINATED 07/30/2018,,needs_research,full name,keep needs_research,full name (out of scope),,
6ce7e288-8eca-49a7-a95a-3e1328cfee69,b9149eb5-4dc6-400e-b685-92ad0fa05b18,Karen Davis,"Council Member (District 4), Glendora",cal_access,1445793,DAVIS TO CITY COUNCIL 2022; COMMITTEE TO RE-ELECT KAREN,DAVIS TO CITY COUNCIL 2022; COMMITTEE TO RE-ELECT KAREN,626,TERMINATED 12/13/2022,,needs_research,full name,keep needs_research,full name (out of scope),,
c1a3f75d-80aa-46af-85df-bbf7294a4c7e,5d6cae71-1ca7-43b5-80d6-2cc5faef81b7,Karen Douglas,Public Utilities Commissioner,cal_access,1238893,"PHIMISTER FOR JUDGE, CITIZENS FOR DOUGLAS C.","PHIMISTER FOR JUDGE, CITIZENS FOR DOUGLAS C.",530,TERMINATED 08/05/2003,,needs_research,surname only,disputed,"A names another person, or the matched token is a place, a word or a given name","surname-only auto-link: Cal-Access 1238893 ""PHIMISTER FOR JUDGE, CITIZENS FOR DOUGLAS C."" -- ""Douglas"" is a given name here; the committee is Douglas C. Phimister's; filer area code 530 (far northern California); this row is Karen Douglas, Public Utilities Commissioner",
ba32a46f-e53e-4566-8b17-4b671866e416,5d6cae71-1ca7-43b5-80d6-2cc5faef81b7,Karen Douglas,Public Utilities Commissioner,cal_access,1311795,"STREHL, COMMITTEE FOR THE ELECTION OF DOUGLAS","STREHL, COMMITTEE FOR THE ELECTION OF DOUGLAS",707,TERMINATED 12/12/2008,,needs_research,surname only,disputed,"A names another person, or the matched token is a place, a word or a given name","surname-only auto-link: Cal-Access 1311795 ""STREHL, COMMITTEE FOR THE ELECTION OF DOUGLAS"" -- ""Douglas"" is a given name here; the committee is Douglas Strehl's; filer area code 707 (North Bay); this row is Karen Douglas, Public Utilities Commissioner",
c9249200-447c-4ee7-85e2-021b1eb2b2d2,5d6cae71-1ca7-43b5-80d6-2cc5faef81b7,Karen Douglas,Public Utilities Commissioner,cal_access,1351335,"STREHL TO FORTUNA CITY COUNCIL, 2012 COMMITTEE FOR THE ELECTION OF DOUGLAS","STREHL TO FORTUNA CITY COUNCIL, 2012 COMMITTEE FOR THE ELECTION OF DOUGLAS",707,TERMINATED 12/23/2012,,needs_research,surname only,disputed,"A names another person, or the matched token is a place, a word or a given name","surname-only auto-link: Cal-Access 1351335 ""STREHL TO FORTUNA CITY COUNCIL, 2012 COMMITTEE FOR THE ELECTION OF DOUGLAS"" -- ""Douglas"" is a given name here; the committee is Douglas Strehl (Fortuna)'s; filer area code 707 (North Bay); this row is Karen Douglas, Public Utilities Commissioner",
494e8274-0807-49b9-b05b-2fbafd21ca6c,5d6cae71-1ca7-43b5-80d6-2cc5faef81b7,Karen Douglas,Public Utilities Commissioner,cal_access,1352763,"HARDCASTLE FOR CITY COUNCIL ""OAKLEY"" 2012, COMMITTEE TO ELECT DOUGLAS","HARDCASTLE FOR CITY COUNCIL ""OAKLEY"" 2012, COMMITTEE TO ELECT DOUGLAS",925,TERMINATED 12/12/2012,,needs_research,surname only,disputed,"A names another person, or the matched token is a place, a word or a given name","surname-only auto-link: Cal-Access 1352763 ""HARDCASTLE FOR CITY COUNCIL ""OAKLEY"" 2012, COMMITTEE TO ELECT DOUGLAS"" -- ""Douglas"" is a given name here; the committee is Douglas Hardcastle (Oakley)'s; filer area code 925 (Contra Costa); this row is Karen Douglas, Public Utilities Commissioner",
e0b15e75-83c5-4d74-a53a-35ec15664566,5d6cae71-1ca7-43b5-80d6-2cc5faef81b7,Karen Douglas,Public Utilities Commissioner,cal_access,1484845,DOUGLAS FOR COMMUNITY COLLEGE BOARD 2026,DOUGLAS FOR COMMUNITY COLLEGE BOARD 2026,714,TERMINATED 11/06/2025,,needs_research,surname only,keep needs_research,unresolved,,
e95e591f-73a4-4ccd-8c29-dd237318af6e,5d6cae71-1ca7-43b5-80d6-2cc5faef81b7,Karen Douglas,Public Utilities Commissioner,la_socrata,1456540,Douglas Sierra for City Council 6 Special 2023,,,,"Sierra, Douglas",needs_research,surname only,disputed,"A names another person, or the matched token is a place, a word or a given name","surname-only auto-link: LA City Ethics committee 1456540 ""Douglas Sierra for City Council 6 Special 2023"" -- LA City Ethics names its candidate as Douglas Sierra (LA City Council Member - District 6), a different person; this row is Karen Douglas, Public Utilities Commissioner",
f25b7acc-579d-4943-b7fc-9c378aa5aef2,43b17d54-473e-46f8-add4-bf395e423ba1,Karen Ross,Secretary of Agriculture,cal_access,1252959,ROSS FOR ASSEMBLY,ROSS FOR ASSEMBLY,714,TERMINATED 07/31/2003,,needs_research,surname only,keep needs_research,unresolved,,
0337c78f-1ace-4cd0-95c6-52716df7c355,43b17d54-473e-46f8-add4-bf395e423ba1,Karen Ross,Secretary of Agriculture,cal_access,1282438,"ROSS, COUNTY CLERK & RECORDER, COMMITTEE TO ELECT BEVERLY ""BEV""","ROSS, COUNTY CLERK & RECORDER, COMMITTEE TO ELECT BEVERLY ""BEV""",530,TERMINATED 06/30/2006,,needs_research,surname only,disputed,"A names another person, or the matched token is a place, a word or a given name","surname-only auto-link: Cal-Access 1282438 ""ROSS, COUNTY CLERK & RECORDER, COMMITTEE TO ELECT BEVERLY ""BEV"""" -- names a different person (Beverly ""Bev"" Ross); filer area code 530 (far northern California); this row is Karen Ross, Secretary of Agriculture",
57f4375e-45a8-4af5-b517-d900beac8fb4,43b17d54-473e-46f8-add4-bf395e423ba1,Karen Ross,Secretary of Agriculture,cal_access,1286280,ROSS VALLEY CITIZENS FOR CONSERVATION & RECYCLING,ROSS VALLEY CITIZENS FOR CONSERVATION & RECYCLING,650,TERMINATED 08/03/2006,,needs_research,surname only,disputed,"A names another person, or the matched token is a place, a word or a given name","surname-only auto-link: Cal-Access 1286280 ""ROSS VALLEY CITIZENS FOR CONSERVATION & RECYCLING"" -- the surname matched the place name ""Ross Valley (Marin County)""; the committee is for someone else; filer area code 650 (San Mateo County); this row is Karen Ross, Secretary of Agriculture",
b22705e9-c52c-428e-bbef-a999604b1253,43b17d54-473e-46f8-add4-bf395e423ba1,Karen Ross,Secretary of Agriculture,cal_access,1292081,"STRATFORD, ROSS HANK E.","STRATFORD, ROSS HANK E.",925,TERMINATED 12/31/2015,,needs_research,surname only,disputed,"A names another person, or the matched token is a place, a word or a given name","surname-only auto-link: Cal-Access 1292081 ""STRATFORD, ROSS HANK E."" -- names a different person (Hank E. Stratford Ross); filer area code 925 (Contra Costa); this row is Karen Ross, Secretary of Agriculture",
f9131faf-a750-4af8-a83a-9763c909dd01,43b17d54-473e-46f8-add4-bf395e423ba1,Karen Ross,Secretary of Agriculture,cal_access,1346720,EGGER FOR ROSS VALLEY SANITARY DISTRICT 2012,EGGER FOR ROSS VALLEY SANITARY DISTRICT 2012,415,TERMINATED 12/31/2015,,needs_research,surname only,disputed,"A names another person, or the matched token is a place, a word or a given name","surname-only auto-link: Cal-Access 1346720 ""EGGER FOR ROSS VALLEY SANITARY DISTRICT 2012"" -- the surname matched the place name ""Ross Valley (Marin County)""; the committee is Egger's; filer area code 415 (San Francisco); this row is Karen Ross, Secretary of Agriculture",
26903b2f-dd83-4c6a-84d0-8aa5ed9431ff,43b17d54-473e-46f8-add4-bf395e423ba1,Karen Ross,Secretary of Agriculture,cal_access,1366840,BOORSTEIN ROSS VALLEY SANITARY DISTRICT 2014,BOORSTEIN ROSS VALLEY SANITARY DISTRICT 2014,415,TERMINATED 10/01/2014,,needs_research,surname only,disputed,"A names another person, or the matched token is a place, a word or a given name","surname-only auto-link: Cal-Access 1366840 ""BOORSTEIN ROSS VALLEY SANITARY DISTRICT 2014"" -- the surname matched the place name ""Ross Valley (Marin County)""; the committee is Boorstein's; filer area code 415 (San Francisco); this row is Karen Ross, Secretary of Agriculture",
67655250-a7e0-46a5-902a-71c1f5c0d54e,21c9e711-fb18-4afb-884f-08acd2b598ba,Karen Ruth Bass,"Mayor, Los Angeles",cal_access,1033780,BASS FOR ASSEMBLY COMMITTEE,BASS FOR ASSEMBLY COMMITTEE,707,TERMINATED 12/01/1990,,needs_research,full name,keep needs_research,full name (out of scope),,
aa75339d-e5c0-42cc-acfe-153f498efe8d,21c9e711-fb18-4afb-884f-08acd2b598ba,Karen Ruth Bass,"Mayor, Los Angeles",cal_access,1243712,"BASS FOR CITY COUNCIL, KAREN","BASS FOR CITY COUNCIL, KAREN",213,TERMINATED 12/15/2004,,needs_research,full name,keep needs_research,full name (out of scope),,
1a0e69da-6d37-49f8-a450-2f752ac8ace7,21c9e711-fb18-4afb-884f-08acd2b598ba,Karen Ruth Bass,"Mayor, Los Angeles",cal_access,1249633,BASS ON BOARD,BASS ON BOARD,619,TERMINATED 10/22/2002,,needs_research,full name,keep needs_research,full name (out of scope),,
da8920c9-0d63-4ad8-9662-7573fef4a13a,21c9e711-fb18-4afb-884f-08acd2b598ba,Karen Ruth Bass,"Mayor, Los Angeles",cal_access,1258024,BASS FOR ASSEMBLY,BASS FOR ASSEMBLY,213,TERMINATED 06/30/2005,,needs_research,full name,keep needs_research,full name (out of scope),,
2bee667f-c499-4041-a1d7-e60add8c32c2,21c9e711-fb18-4afb-884f-08acd2b598ba,Karen Ruth Bass,"Mayor, Los Angeles",cal_access,1272594,BASS FOR ASSEMBLY 2006,BASS FOR ASSEMBLY 2006,213,TERMINATED 06/30/2007,,needs_research,full name,keep needs_research,full name (out of scope),,
10f39f88-e575-4bee-89d3-7a373978c1fb,21c9e711-fb18-4afb-884f-08acd2b598ba,Karen Ruth Bass,"Mayor, Los Angeles",cal_access,1292751,"BASS FOR ASSEMBLY 2008, KAREN","BASS FOR ASSEMBLY 2008, KAREN",213,TERMINATED 06/30/2012,,needs_research,full name,keep needs_research,full name (out of scope),,
64397140-7c79-4d5e-99d8-a7fa73963028,21c9e711-fb18-4afb-884f-08acd2b598ba,Karen Ruth Bass,"Mayor, Los Angeles",cal_access,1368683,BASS FOR LAKE FOREST CITY COUNCIL 2014,BASS FOR LAKE FOREST CITY COUNCIL 2014,949,TERMINATED 12/18/2014,,needs_research,full name,keep needs_research,full name (out of scope),,"full-name match, but the committee names another place: LAKE FOREST"
2c4326c8-91c5-42f0-9c15-62669c3e83df,21c9e711-fb18-4afb-884f-08acd2b598ba,Karen Ruth Bass,"Mayor, Los Angeles",cal_access,1391602,GREENWOOD FOR BASS LAKE SCHOOL BOARD 2016,GREENWOOD FOR BASS LAKE SCHOOL BOARD 2016,559,TERMINATED 12/31/2016,,needs_research,full name,keep needs_research,full name (out of scope),,"full-name match, but the committee names another place: BASS LAKE"
156a17ac-1921-45a1-9dcc-91ddef859484,21c9e711-fb18-4afb-884f-08acd2b598ba,Karen Ruth Bass,"Mayor, Los Angeles",cal_access,1448983,BASS FOR MAYOR 2022 - GENERAL; KAREN,BASS FOR MAYOR 2022 - GENERAL; KAREN,213,TERMINATED 06/30/2024,"Bass, Karen",needs_research,full name,keep needs_research,full name (out of scope),,
4eb357bc-c71d-4eb2-b6eb-43165ce82c42,21c9e711-fb18-4afb-884f-08acd2b598ba,Karen Ruth Bass,"Mayor, Los Angeles",cal_access,1454451,"BASS FOR MAYOR 2022, SPONSORED BY CONSTRUCTION LABOR UNIONS; BUILDING A STRONGER LOS ANGELES IN SUPPORT OF KAREN","BASS FOR MAYOR 2022, SPONSORED BY CONSTRUCTION LABOR UNIONS; BUILDING A STRONGER LOS ANGELES IN SUPPORT OF KAREN",213,TERMINATED 12/28/2022,,needs_research,full name,keep needs_research,full name (out of scope),,
69317152-628e-4000-9e15-cacd4f024ab1,21c9e711-fb18-4afb-884f-08acd2b598ba,Karen Ruth Bass,"Mayor, Los Angeles",cal_access,1455305,BASS FOR MAYOR 2022; WOMEN'S MARCH ACTION SUPPORTING KAREN,BASS FOR MAYOR 2022; WOMEN'S MARCH ACTION SUPPORTING KAREN,408,ACTIVE,,needs_research,full name,keep needs_research,full name (out of scope),,
c68b71e3-162d-47b3-bfae-1b11cbeda32a,21c9e711-fb18-4afb-884f-08acd2b598ba,Karen Ruth Bass,"Mayor, Los Angeles",cal_access,1455342,"BASS FOR MAYOR 2022, SPONSORED BY INTERNATIONAL BROTHERHOOD OF ELECTRICAL WORKERS LOCAL UNION 18; WORKING CALIFORNIANS TO SUPPORT KAREN","BASS FOR MAYOR 2022, SPONSORED BY INTERNATIONAL BROTHERHOOD OF ELECTRICAL WORKERS LOCAL UNION 18; WORKING CALIFORNIANS TO SUPPORT KAREN",213,TERMINATED 12/31/2023,,needs_research,full name,keep needs_research,full name (out of scope),,
5c08c9e3-4bd6-479d-a89c-1c4fe8af073c,21c9e711-fb18-4afb-884f-08acd2b598ba,Karen Ruth Bass,"Mayor, Los Angeles",cal_access,1455350,"BASS FOR MAYOR 2022, SPONSORED BY LABORERS' INTERNATIONAL UNION OF NORTH AMERICA, LOCAL 300; ANGELENOS UNITED FOR","BASS FOR MAYOR 2022, SPONSORED BY LABORERS' INTERNATIONAL UNION OF NORTH AMERICA, LOCAL 300; ANGELENOS UNITED FOR",213,TERMINATED 05/26/2023,,needs_research,full name,keep needs_research,full name (out of scope),,
02cd64ed-98d6-4c56-8e7a-21808bd77133,21c9e711-fb18-4afb-884f-08acd2b598ba,Karen Ruth Bass,"Mayor, Los Angeles",cal_access,1471359,BASS FOR MAYOR 2026; RE-ELECT KAREN,BASS FOR MAYOR 2026; RE-ELECT KAREN,213,ACTIVE,"Bass, Karen",needs_research,full name,keep needs_research,full name (out of scope),,
77ab4a08-7a6c-4e49-bcbe-62654a37acf4,21c9e711-fb18-4afb-884f-08acd2b598ba,Karen Ruth Bass,"Mayor, Los Angeles",cal_access,1479867,BASS; COMMITTEE AGAINST THE RECALL OF KAREN,BASS; COMMITTEE AGAINST THE RECALL OF KAREN,213,TERMINATED 12/31/2025,,needs_research,full name,keep needs_research,full name (out of scope),,
130c860b-2e21-451a-a437-69d1aafef9e5,21c9e711-fb18-4afb-884f-08acd2b598ba,Karen Ruth Bass,"Mayor, Los Angeles",cal_access,1479998,BASS; SEA CHANGE PAC (FED PAC ID #C00486720) - AGAINST THE RECALL OF KAREN,BASS; SEA CHANGE PAC (FED PAC ID #C00486720) - AGAINST THE RECALL OF KAREN,213,TERMINATED 03/31/2025,,needs_research,full name,keep needs_research,full name (out of scope),,
070361d1-a15f-4027-be58-c92236c14a49,21c9e711-fb18-4afb-884f-08acd2b598ba,Karen Ruth Bass,"Mayor, Los Angeles",cal_access,1488865,BASS FOR MAYOR 2026; UNIDOS CON KAREN,BASS FOR MAYOR 2026; UNIDOS CON KAREN,213,ACTIVE,,needs_research,full name,keep needs_research,full name (out of scope),,
0ea13fc1-1624-4cb9-a9e0-4ebd8a1d8916,21c9e711-fb18-4afb-884f-08acd2b598ba,Karen Ruth Bass,"Mayor, Los Angeles",cal_access,1488928,"BASS FOR MAYOR 2026, SPONSORED BY LOS ANGELES COUNTY FEDERATION OF LABOR, AFL-CIO; WORKING PEOPLE IN SUPPORT OF KAREN","BASS FOR MAYOR 2026, SPONSORED BY LOS ANGELES COUNTY FEDERATION OF LABOR, AFL-CIO; WORKING PEOPLE IN SUPPORT OF KAREN",213,ACTIVE,,needs_research,full name,keep needs_research,full name (out of scope),,
b8003431-f077-4fef-9ba5-64b16e207e58,695ab650-58df-43b8-b8c9-b075e1e519fd,Kate Vadehra,"Board Member, Las Virgenes Unified",cal_access,1431243,VADEHRA FOR LVUSD SCHOOL BOARD 2020; KATE,VADEHRA FOR LVUSD SCHOOL BOARD 2020; KATE,310,ACTIVE,,needs_research,full name,keep needs_research,full name (out of scope),,
801600cf-e8c4-434a-a986-1f55957e396a,f22187bb-dc57-4088-bb19-8bc39bcb95c9,Katherine Lee,"Council Member (District 1), Alhambra",cal_access,1406827,LEE FOR CITY COUNCIL 2018; KATHERINE,LEE FOR CITY COUNCIL 2018; KATHERINE,626,TERMINATED 01/31/2019,,needs_research,full name,keep needs_research,full name (out of scope),,
bac4b6a2-acdc-4e03-bd30-6c528a945cce,f22187bb-dc57-4088-bb19-8bc39bcb95c9,Katherine Lee,"Council Member (District 1), Alhambra",cal_access,1450594,LEE FOR CITY COUNCIL 2022; KATHERINE,LEE FOR CITY COUNCIL 2022; KATHERINE,626,TERMINATED 12/31/2022,,needs_research,full name,keep needs_research,full name (out of scope),,
6d16d1da-4201-477c-87dc-381f92832cd4,122f1897-2dae-4f21-bee0-1c02c95e9e3a,Kathryn Barger,"Supervisor, Los Angeles County",cal_access,1383622,BARGER FOR SUPERVISOR 2016 ATTORNEY'S FEES FUND; KATHRYN,BARGER FOR SUPERVISOR 2016 ATTORNEY'S FEES FUND; KATHRYN,213,ACTIVE,,needs_research,full name,keep needs_research,full name (out of scope),,
a3c77ebd-4245-4509-ac94-92f78445b1e9,122f1897-2dae-4f21-bee0-1c02c95e9e3a,Kathryn Barger,"Supervisor, Los Angeles County",cal_access,1385362,"BARGER FOR SUPERVISOR 2016 SPONSORED BY FIREFIGHTERS, DEPUTY SHERIFFS, AND EMPLOYEE ORGANIZATIONS; FIRST RESPONDERS SUPPORTING","BARGER FOR SUPERVISOR 2016 SPONSORED BY FIREFIGHTERS, DEPUTY SHERIFFS, DISTRICT ATTORNEY INVESTIGATORS, AND EMPLOYEE ORGANIZATIONS; FIRST RESPONDERS SUPPORTING",213,TERMINATED 02/08/2017,,needs_research,surname only,keep needs_research,unresolved,,
481abf26-288b-4431-8b83-c6536eb876ef,122f1897-2dae-4f21-bee0-1c02c95e9e3a,Kathryn Barger,"Supervisor, Los Angeles County",cal_access,1464782,BARGER FOR LA COUNTY SUPERVISOR 2024 FOR RESPONSIBLE GOVERNMENT; INDEPENDENT COMMITTEE TO RE-ELECT KATHRYN,BARGER FOR LA COUNTY SUPERVISOR 2024 FOR RESPONSIBLE GOVERNMENT; INDEPENDENT COMMITTEE TO RE-ELECT KATHRYN,213,TERMINATED 06/30/2024,,needs_research,full name,keep needs_research,full name (out of scope),,
199c8943-93f1-483d-8571-7febafc84953,122f1897-2dae-4f21-bee0-1c02c95e9e3a,Kathryn Barger,"Supervisor, Los Angeles County",cal_access,1465846,BARGER FOR SUPERVISOR 2024; NORTH LOS ANGELES COUNTY RESIDENTS FOR,BARGER FOR SUPERVISOR 2024; NORTH LOS ANGELES COUNTY RESIDENTS FOR,213,TERMINATED 06/14/2024,,needs_research,surname only,keep needs_research,unresolved,,
b64adffb-0780-4772-9029-ab30145317c0,122f1897-2dae-4f21-bee0-1c02c95e9e3a,Kathryn Barger,"Supervisor, Los Angeles County",cal_access,1465915,BARGER FOR SUPERVISOR 2024 SPONSORED BY THE STATE BUILDING & CONSTRUCTION TRADES COUNCIL OF CALIFORNIA; CALIFORNIA UNION TRADES SUPPORTING,BARGER FOR SUPERVISOR 2024 SPONSORED BY THE STATE BUILDING & CONSTRUCTION TRADES COUNCIL OF CALIFORNIA; CALIFORNIA UNION TRADES SUPPORTING,916,TERMINATED 12/27/2024,,needs_research,surname only,keep needs_research,unresolved,,
ea64de83-2833-458e-96fd-9fb3b83a0d15,122f1897-2dae-4f21-bee0-1c02c95e9e3a,Kathryn Barger,"Supervisor, Los Angeles County",cal_access,1466037,BARGER FOR SUPERVISOR 2024 OPPOSING CAREER POLITICIANS; CITIZENS FOR KATHRYN,BARGER FOR SUPERVISOR 2024 OPPOSING CAREER POLITICIANS; CITIZENS FOR KATHRYN,213,TERMINATED 03/12/2024,,needs_research,full name,keep needs_research,full name (out of scope),,
8dffe07e-6a19-4b63-8b61-02d61893b5bc,5501c147-5dad-48d5-845c-b6b91e8860a9,Kathy Paspalis,"Board Member, Culver City Unified",cal_access,1318116,PASPALIS FOR SCHOOL BOARD '09,PASPALIS FOR SCHOOL BOARD '09,213,TERMINATED 06/30/2010,,needs_research,surname only,keep needs_research,unresolved,,
7424456c-8c5c-4f26-b010-360e4fde7a60,5501c147-5dad-48d5-845c-b6b91e8860a9,Kathy Paspalis,"Board Member, Culver City Unified",cal_access,1357421,PASPALIS FOR SCHOOL BOARD 2013,PASPALIS FOR SCHOOL BOARD 2013,310,TERMINATED 12/23/2013,,needs_research,surname only,keep needs_research,unresolved,,
36aa654b-007a-4898-a267-1f6fb47ee840,10678016-146d-4543-941c-00414b4c4ad2,Katy Yaroslavsky,Los Angeles City Council District 5,cal_access,1069669,YAROSLAVSKY FOR GOVERNMENT REFORM,YAROSLAVSKY FOR GOVERNMENT REFORM,323,ACTIVE,,needs_research,surname only,keep needs_research,unresolved,,probably Zev Yaroslavsky (LA County Supervisor 1994-2014); no given name in the record
923b2078-bb7a-4788-83b9-6a83a748d469,10678016-146d-4543-941c-00414b4c4ad2,Katy Yaroslavsky,Los Angeles City Council District 5,cal_access,1069852,YAROSLAVSKY IN '98,YAROSLAVSKY IN '98,323,ACTIVE,,needs_research,surname only,keep needs_research,unresolved,,probably Zev Yaroslavsky (LA County Supervisor 1994-2014); no given name in the record
fe229f49-b6c5-481c-8582-2ba936caf7d7,10678016-146d-4543-941c-00414b4c4ad2,Katy Yaroslavsky,Los Angeles City Council District 5,cal_access,1075547,"YAROSLAVSKY OFFICEHOLDER, SUPERVISOR","YAROSLAVSKY OFFICEHOLDER, SUPERVISOR",323,TERMINATED 06/30/2019,,needs_research,surname only,keep needs_research,unresolved,,probably Zev Yaroslavsky (LA County Supervisor 1994-2014); no given name in the record
814555fe-9c17-449a-9d03-2ac73eb7d61e,10678016-146d-4543-941c-00414b4c4ad2,Katy Yaroslavsky,Los Angeles City Council District 5,cal_access,1278548,YAROSLAVSKY IN 2006,YAROSLAVSKY IN 2006,323,ACTIVE,,needs_research,surname only,keep needs_research,unresolved,,probably Zev Yaroslavsky (LA County Supervisor 1994-2014); no given name in the record
b9bc7db1-ab88-4ca7-b9ec-6c32399fa5c6,10678016-146d-4543-941c-00414b4c4ad2,Katy Yaroslavsky,Los Angeles City Council District 5,cal_access,1320380,YAROSLAVSKY FOR SUPERVISOR IN 2010,YAROSLAVSKY FOR SUPERVISOR IN 2010,323,TERMINATED 12/31/2020,,needs_research,surname only,keep needs_research,unresolved,,probably Zev Yaroslavsky (LA County Supervisor 1994-2014); no given name in the record
518f3e21-0436-4a49-8c76-4bcf90911d91,10678016-146d-4543-941c-00414b4c4ad2,Katy Yaroslavsky,Los Angeles City Council District 5,cal_access,1448948,YAROSLAVSKY FOR CITY COUNCIL 2022 OFFICEHOLDER; KATY,YAROSLAVSKY FOR CITY COUNCIL 2022 OFFICEHOLDER; KATY,213,ACTIVE,"Young Yaroslavsky, Katy",needs_research,full name,keep needs_research,full name (out of scope),,
04f4f2c0-240b-4b78-9c2f-25144b9ebebf,10678016-146d-4543-941c-00414b4c4ad2,Katy Yaroslavsky,Los Angeles City Council District 5,cal_access,1477340,KATY YAROSLAVSKY,"YAROSLAVSKY, KATY",213,ACTIVE,,needs_research,full name,keep needs_research,full name (out of scope),,
90d8bc9b-2b59-4aa5-b82c-8a70ff80b3b6,10678016-146d-4543-941c-00414b4c4ad2,Katy Yaroslavsky,Los Angeles City Council District 5,cal_access,1477341,YAROSLAVSKY FOR CITY COUNCIL 2026; KATY,YAROSLAVSKY FOR CITY COUNCIL 2026; KATY,213,ACTIVE,"Young Yaroslavsky, Katy",needs_research,full name,keep needs_research,full name (out of scope),,
99bcbd55-2d57-4714-84d8-4e87a1670837,eb23af50-1ab2-4681-92a2-bc6c2ad633d4,Kaylee May Law,"Council Member, Walnut",cal_access,1021420,PEOPLE'S EXPERIMENTAL GAMING LAW INITIATIVE,PEOPLE'S EXPERIMENTAL GAMING LAW INITIATIVE,213,TERMINATED 12/01/1990,,needs_research,surname only,disputed,"A names another person, or the matched token is a place, a word or a given name","surname-only auto-link: Cal-Access 1021420 ""PEOPLE'S EXPERIMENTAL GAMING LAW INITIATIVE"" -- the surname matched the word ""Law"" (a gaming-law initiative), not a person; filer area code 213 (Los Angeles); this row is Kaylee May Law, Council Member, Walnut",
dfc56c84-9b1f-4326-9625-74016943f3ea,eb23af50-1ab2-4681-92a2-bc6c2ad633d4,Kaylee May Law,"Council Member, Walnut",cal_access,1035316,CALIFORNIANS FOR A FAIR FARM LABOR LAW (CFFLL),CALIFORNIANS FOR A FAIR FARM LABOR LAW (CFFLL),916,TERMINATED 12/01/1990,,needs_research,surname only,disputed,"A names another person, or the matched token is a place, a word or a given name","surname-only auto-link: Cal-Access 1035316 ""CALIFORNIANS FOR A FAIR FARM LABOR LAW (CFFLL)"" -- the surname matched the word ""Law"" (a farm-labor-law committee), not a person; filer area code 916 (Sacramento); this row is Kaylee May Law, Council Member, Walnut",
047edd8c-d818-49a7-87d4-5f825d1c43f8,eb23af50-1ab2-4681-92a2-bc6c2ad633d4,Kaylee May Law,"Council Member, Walnut",cal_access,1044829,LAW AND HONOR COMMITTEE,LAW AND HONOR COMMITTEE,916,TERMINATED 12/01/1990,,needs_research,surname only,disputed,"A names another person, or the matched token is a place, a word or a given name","surname-only auto-link: Cal-Access 1044829 ""LAW AND HONOR COMMITTEE"" -- the surname matched the word ""Law"" (""Law and Honor Committee""), not a person; filer area code 916 (Sacramento); this row is Kaylee May Law, Council Member, Walnut",
d01cc1ef-922d-478a-839a-359b053bfbda,eb23af50-1ab2-4681-92a2-bc6c2ad633d4,Kaylee May Law,"Council Member, Walnut",cal_access,1047063,FRIENDS OF MOTORCYCLING FOR FAIR INSURANCE COMMITTEE AND THE LAW OFFICES OF RICHARD M. LESTER,FRIENDS OF MOTORCYCLING FOR FAIR INSURANCE COMMITTEE AND THE LAW OFFICES OF RICHARD M. LESTER,818,TERMINATED 12/01/1990,,needs_research,surname only,disputed,"A names another person, or the matched token is a place, a word or a given name","surname-only auto-link: Cal-Access 1047063 ""FRIENDS OF MOTORCYCLING FOR FAIR INSURANCE COMMITTEE AND THE LAW OFFICES OF RICHARD M. LESTER"" -- the surname matched the word ""Law"" (a law office), not a person; filer area code 818 (San Fernando Valley); this row is Kaylee May Law, Council Member, Walnut",
89eb23c5-402d-49e1-a51b-91b47aed5b5c,eb23af50-1ab2-4681-92a2-bc6c2ad633d4,Kaylee May Law,"Council Member, Walnut",cal_access,1056682,"LUNGREN'S LAW AND ORDER VOTER GUIDE COMMITTEE, ATTORNEY GENERAL DAN","LUNGREN'S LAW AND ORDER VOTER GUIDE COMMITTEE, ATTORNEY GENERAL DAN",916,TERMINATED 07/02/1992,,needs_research,surname only,disputed,"A names another person, or the matched token is a place, a word or a given name","surname-only auto-link: Cal-Access 1056682 ""LUNGREN'S LAW AND ORDER VOTER GUIDE COMMITTEE, ATTORNEY GENERAL DAN"" -- the surname matched the word ""Law"" (Dan Lungren's law-and-order voter guide), not a person; filer area code 916 (Sacramento); this row is Kaylee May Law, Council Member, Walnut",
6234d743-6a73-48c3-a2a7-16eea924d014,eb23af50-1ab2-4681-92a2-bc6c2ad633d4,Kaylee May Law,"Council Member, Walnut",cal_access,1057907,"TAXPAYERS FOR MAJORITY RULE, A COALITION OF SENIORS, EDUCATORS, LAW ENFORCEMENT AND LABOR ORGANIZATIONS","TAXPAYERS FOR MAJORITY RULE, A COALITION OF SENIORS, EDUCATORS, STUDENTS AND LABOR ORGANIZATIONS",916,TERMINATED 10/14/1992,,needs_research,surname absent,disputed,"A names another person, or the matched token is a place, a word or a given name","auto-link on a token that is not the row's surname: Cal-Access 1057907 ""TAXPAYERS FOR MAJORITY RULE, A COALITION OF SENIORS, EDUCATORS, STUDENTS AND LABOR ORGANIZATIONS"" (stored as ""TAXPAYERS FOR MAJORITY RULE, A COALITION OF SENIORS, EDUCATORS, LAW ENFORCEMENT AND LABOR ORGANIZATIONS"") -- the surname matched the word ""Labor"" (a coalition of labor organizations), not a person; filer area code 916 (Sacramento); this row is Kaylee May Law, Council Member, Walnut",
fb951f06-34a2-4944-8c79-b09998b9a5f1,eb23af50-1ab2-4681-92a2-bc6c2ad633d4,Kaylee May Law,"Council Member, Walnut",cal_access,1065755,"CITIZENS FOR A SAFER CALIFORNIA - A COALTION OF CRIME VICTIMS, LAW ENFORCEMENT AND OTHER INTERESTED CITIZENS","CITIZENS FOR A SAFER CALIFORNIA - A COALTION OF CRIME VICTIMS, LAW ENFORCEMENT AND OTHER INTERESTED CITIZENS",310,TERMINATED 09/07/1995,,needs_research,surname only,disputed,"A names another person, or the matched token is a place, a word or a given name","surname-only auto-link: Cal-Access 1065755 ""CITIZENS FOR A SAFER CALIFORNIA - A COALTION OF CRIME VICTIMS, LAW ENFORCEMENT AND OTHER INTERESTED CITIZENS"" -- the surname matched the word ""Law"" (a law-enforcement coalition), not a person; filer area code 310 (West LA/South Bay); this row is Kaylee May Law, Council Member, Walnut",
f591c694-340d-43c1-ac00-71851dbdcecd,eb23af50-1ab2-4681-92a2-bc6c2ad633d4,Kaylee May Law,"Council Member, Walnut",cal_access,1071285,"RIGHT TO VOTE ON TAX LOOPHOLES COMMITTEE, A COMMITTEE OF FIREFIGHTERS, LAW ENFORCEMENT AND OTHER EMPLOYEE ORGANIZATIONS","RIGHT TO VOTE ON TAX LOOPHOLES COMMITTEE, A COMMITTEE OF FIREFIGHTERS, LAW ENFORCEMENT AND OTHER EMPLOYEE ORGANIZATIONS",916,TERMINATED 09/12/1997,,needs_research,surname only,disputed,"A names another person, or the matched token is a place, a word or a given name","surname-only auto-link: Cal-Access 1071285 ""RIGHT TO VOTE ON TAX LOOPHOLES COMMITTEE, A COMMITTEE OF FIREFIGHTERS, LAW ENFORCEMENT AND OTHER EMPLOYEE ORGANIZATIONS"" -- the surname matched the word ""Law"" (a law-enforcement coalition), not a person; filer area code 916 (Sacramento); this row is Kaylee May Law, Council Member, Walnut",
4f3efd5b-f7fb-4c44-b0b5-36f63f9f5f31,eb23af50-1ab2-4681-92a2-bc6c2ad633d4,Kaylee May Law,"Council Member, Walnut",cal_access,1345900,"TRUTANICH FOR DISTRICT ATTORNEY 2012, COMMITTEE FOR LAW & JUSTICE TO SUPPORT","TRUTANICH FOR DISTRICT ATTORNEY 2012, COMMITTEE FOR LAW & JUSTICE TO SUPPORT",213,TERMINATED 07/20/2012,,needs_research,surname only,disputed,"A names another person, or the matched token is a place, a word or a given name","surname-only auto-link: Cal-Access 1345900 ""TRUTANICH FOR DISTRICT ATTORNEY 2012, COMMITTEE FOR LAW & JUSTICE TO SUPPORT"" -- the surname matched the word ""Law"" (a committee for Trutanich), not a person; filer area code 213 (Los Angeles); this row is Kaylee May Law, Council Member, Walnut",
9af5a5a5-6963-4086-8508-caa471205fb7,eb23af50-1ab2-4681-92a2-bc6c2ad633d4,Kaylee May Law,"Council Member, Walnut",cal_access,1357491,"GARCETTI FOR MAYOR 2013 SPONSORED BY LOS ANGELES AIRPORT PEACE OFFICERS ASSOCIATION, PEACE OFFICERS RESEARCH ASSOC . OF CALIFORNIA & LOS ANGELES PORT POLICE ASSOC.; CALIFORNIA LAW ENFORCEMENT FOR","GARCETTI FOR MAYOR 2013 SPONSORED BY LOS ANGELES AIRPORT PEACE OFFICERS ASSOCIATION, PEACE OFFICERS RESEARCH ASSOC . OF CALIFORNIA & LOS ANGELES PORT POLICE ASSOC.; CALIFORNIA LAW ENFORCEMENT FOR",213,TERMINATED 06/14/2013,,needs_research,surname only,disputed,"A names another person, or the matched token is a place, a word or a given name","surname-only auto-link: Cal-Access 1357491 ""GARCETTI FOR MAYOR 2013 SPONSORED BY LOS ANGELES AIRPORT PEACE OFFICERS ASSOCIATION, PEACE OFFICERS RESEARCH ASSOC . OF CALIFORNIA & LOS ANGELES PORT POLICE ASSOC.; CALIFORNIA LAW ENFORCEMENT FOR"" -- the surname matched the word ""Law"" (a law-enforcement committee for Garcetti), not a person; filer area code 213 (Los Angeles); this row is Kaylee May Law, Council Member, Walnut",
dd143887-dc3f-4107-85db-606da46116d7,eb23af50-1ab2-4681-92a2-bc6c2ad633d4,Kaylee May Law,"Council Member, Walnut",cal_access,1366276,"WIECKOWSKI FOR SENATE 2014, SPONSORED BY NURSES, FIREFIGHTERS, LAW ENFORCEMENT, CONSTRUCTION TRADES, AND LABOR ORGANIZATIONS; CALIFORNIANS FOR BETTER JOBS AND A STRONGER ECONOMY TO ELECT BOB;","WIECKOWSKI FOR SENATE 2014, SPONSORED BY NURSES, FIREFIGHTERS, LAW ENFORCEMENT, CONSTRUCTION TRADES, AND LABOR ORGANIZATIONS; CALIFORNIANS FOR BETTER JOBS AND A STRONGER ECONOMY TO ELECT BOB;",916,TERMINATED 06/30/2014,,needs_research,surname only,disputed,"A names another person, or the matched token is a place, a word or a given name","surname-only auto-link: Cal-Access 1366276 ""WIECKOWSKI FOR SENATE 2014, SPONSORED BY NURSES, FIREFIGHTERS, LAW ENFORCEMENT, CONSTRUCTION TRADES, AND LABOR ORGANIZATIONS; CALIFORNIANS FOR BETTER JOBS AND A STRONGER ECONOMY TO ELECT BOB;"" -- the surname matched the word ""Law"" (a law-enforcement committee for Wieckowski), not a person; filer area code 916 (Sacramento); this row is Kaylee May Law, Council Member, Walnut",
97adbc03-ae11-42c1-9263-a7a2cfde3bc6,eb23af50-1ab2-4681-92a2-bc6c2ad633d4,Kaylee May Law,"Council Member, Walnut",cal_access,1366728,CALIFORNIAN'S FOR LAW & ORDER,"MILLER 2014, CALIFORNIANS FOR LAW & ORDER OPPOSE SHERIFF",408,TERMINATED 12/31/2014,,needs_research,surname only,disputed,"A names another person, or the matched token is a place, a word or a given name","surname-only auto-link: Cal-Access 1366728 ""MILLER 2014, CALIFORNIANS FOR LAW & ORDER OPPOSE SHERIFF"" (stored as ""CALIFORNIAN'S FOR LAW & ORDER"") -- the surname matched the word ""Law"" (a law-and-order committee (Miller)), not a person; filer area code 408 (San Jose); this row is Kaylee May Law, Council Member, Walnut",
e5d78152-34b8-444b-a946-343d008a9250,eb23af50-1ab2-4681-92a2-bc6c2ad633d4,Kaylee May Law,"Council Member, Walnut",cal_access,1424081,"COOPER FOR SHERIFF AND THIENVU HO FOR DISTRICT ATTORNEY 2022, SUPPORTED BY CALIFORNIANS FOR JOBS & A STRONG ECONOMY AND BY CALIFORNIA PEACE OFFICERS; SACRAMENTO BUSINESS AND LAW ENFORCEMENT PARTNERSHI","COOPER FOR SHERIFF AND THIENVU HO FOR DISTRICT ATTORNEY 2022, SUPPORTED BY CALIFORNIANS FOR JOBS & A STRONG ECONOMY AND BY CALIFORNIA PEACE OFFICERS; SACRAMENTO BUSINESS AND LAW ENFORCEMENT PARTNERSHI",916,TERMINATED 03/31/2022,,needs_research,surname only,disputed,"A names another person, or the matched token is a place, a word or a given name","surname-only auto-link: Cal-Access 1424081 ""COOPER FOR SHERIFF AND THIENVU HO FOR DISTRICT ATTORNEY 2022, SUPPORTED BY CALIFORNIANS FOR JOBS & A STRONG ECONOMY AND BY CALIFORNIA PEACE OFFICERS; SACRAMENTO BUSINESS AND LAW ENFORCEMENT PARTNERSHI"" -- the surname matched the word ""Law"" (a law-enforcement committee for Cooper and Ho), not a person; filer area code 916 (Sacramento); this row is Kaylee May Law, Council Member, Walnut",
6c379534-f734-4f77-8a2e-5f35dc300ca3,eb23af50-1ab2-4681-92a2-bc6c2ad633d4,Kaylee May Law,"Council Member, Walnut",cal_access,1471956,LAW FOR WALNUT CITY COUNCIL 2024,LAW FOR WALNUT CITY COUNCIL 2024,909,ACTIVE,,needs_research,surname only,keep needs_research,unresolved,,
90714357-a784-4ec5-9526-a28637d12e04,7b9efd89-3f51-4efa-9574-df78fe6e9473,Keir Jones,"Mayor, Signal Hill",cal_access,1393055,JONES FOR COUNCIL 2017; KEIR,JONES FOR COUNCIL 2017; KEIR,562,TERMINATED 06/30/2017,,needs_research,full name,keep needs_research,full name (out of scope),,
75ed19c9-591c-4af7-8bef-4eea87774ea0,7b9efd89-3f51-4efa-9574-df78fe6e9473,Keir Jones,"Mayor, Signal Hill",cal_access,1414933,JONES FOR COUNCIL 2019; KEIR,JONES FOR COUNCIL 2019; KEIR,562,TERMINATED 06/30/2019,,needs_research,full name,keep needs_research,full name (out of scope),,
b52778c0-7f46-4ccf-a933-66ee48b04260,7b9efd89-3f51-4efa-9574-df78fe6e9473,Keir Jones,"Mayor, Signal Hill",cal_access,1436041,JONES TO CITY COUNCIL 2022; RE-ELECT KEIR,JONES TO CITY COUNCIL 2022; RE-ELECT KEIR,562,TERMINATED 12/31/2022,,needs_research,full name,keep needs_research,full name (out of scope),,
a619562a-c10d-4b93-985b-ee055467ca56,7b9efd89-3f51-4efa-9574-df78fe6e9473,Keir Jones,"Mayor, Signal Hill",cal_access,1489478,JONES FOR CITY COUNCIL 2026; RE-ELECT KEIR,JONES FOR CITY COUNCIL 2026; RE-ELECT KEIR,442,ACTIVE,,needs_research,full name,keep needs_research,full name (out of scope),,
546d83c2-5b07-43ca-a23c-dedc8d4cda2a,697ccd4e-0d33-4491-a8f9-30ec99c50dc0,Keith Eich,"Council Member, La Canada Flintridge",cal_access,1392986,EICH FOR CITY COUNCIL 2017,EICH FOR CITY COUNCIL 2017,818,TERMINATED 04/14/2017,,needs_research,surname only,keep needs_research,unresolved,,
104cd967-30b0-4338-9040-3a3190114ee1,697ccd4e-0d33-4491-a8f9-30ec99c50dc0,Keith Eich,"Council Member, La Canada Flintridge",cal_access,1423882,EICH FOR CITY COUNCIL 2020,EICH FOR CITY COUNCIL 2020,818,TERMINATED 06/30/2020,,needs_research,surname only,keep needs_research,unresolved,,
22f84983-8a14-47a2-923f-72e19cd4a3c7,697ccd4e-0d33-4491-a8f9-30ec99c50dc0,Keith Eich,"Council Member, La Canada Flintridge",cal_access,1462751,EICH FOR COUNCIL 2024; FRIENDS OF,EICH FOR COUNCIL 2024; FRIENDS OF,818,TERMINATED 04/30/2024,,needs_research,surname only,keep needs_research,unresolved,,
87cc1f54-a80e-46d4-ae16-29f4ebe9cca9,cd072ca5-4dc1-450c-b39f-37f5febc6dfe,Keith G. Cascio,"candidate, CA State Assembly District 55",cal_access,1482114,KEITH G. CASCIO,"CASCIO, KEITH G.",310,ACTIVE,,needs_research,full name,keep needs_research,full name (out of scope),,
dc30c6d6-248d-4c08-b67d-6dea89dabee0,48f9dd33-0c21-4c49-a128-90dc8736bcef,Kelly Gonez,"LAUSD Board Member (District 6), Los Angeles Unified",cal_access,1391809,GONEZ FOR SCHOOL BOARD 2017; KELLY,GONEZ FOR SCHOOL BOARD 2017; KELLY,323,TERMINATED 04/29/2017,"Gonez, Kelly",needs_research,full name,keep needs_research,full name (out of scope),,
32c72ae8-297c-41b7-863a-514afbb029ba,48f9dd33-0c21-4c49-a128-90dc8736bcef,Kelly Gonez,"LAUSD Board Member (District 6), Los Angeles Unified",cal_access,1395147,GONEZ FOR SCHOOL BOARD 2017 - GENERAL; KELLY,GONEZ FOR SCHOOL BOARD 2017 OFFICEHOLDER; KELLY,323,ACTIVE,"Gonez, Kelly",needs_research,full name,keep needs_research,full name (out of scope),,
9a92b811-ab6e-40ae-b9b0-4c643fc6c574,48f9dd33-0c21-4c49-a128-90dc8736bcef,Kelly Gonez,"LAUSD Board Member (District 6), Los Angeles Unified",cal_access,1433376,GONEZ FOR SCHOOL BOARD 2022; KELLY,GONEZ FOR SCHOOL BOARD 2022; KELLY,323,TERMINATED 12/31/2024,"Gonez, Kelly",needs_research,full name,keep needs_research,full name (out of scope),,
50da6fed-6fde-4b66-9b4f-f5bcd7c04573,48f9dd33-0c21-4c49-a128-90dc8736bcef,Kelly Gonez,"LAUSD Board Member (District 6), Los Angeles Unified",cal_access,1482173,GONEZ FOR SCHOOL BOARD 2026; KELLY,GONEZ FOR SCHOOL BOARD 2026; KELLY,323,ACTIVE,"Gonez, Kelly",needs_research,full name,keep needs_research,full name (out of scope),,
3adc2392-22f8-4617-a065-d2c27e859ce0,6e259d04-b1a3-49bc-b6f2-0a25246912a8,Kelly Honig,"Mayor, Westlake Village",cal_access,1379166,HONIG FOR WESTLAKE VILLAGE CITY COUNCIL 2015; FRIENDS OF KELLY,HONIG FOR WESTLAKE VILLAGE CITY COUNCIL 2015; FRIENDS OF KELLY,818,TERMINATED 07/30/2016,,needs_research,full name,keep needs_research,full name (out of scope),,
d8851a68-0533-4ee0-b9bd-6e269272cf0e,6e259d04-b1a3-49bc-b6f2-0a25246912a8,Kelly Honig,"Mayor, Westlake Village",cal_access,1427011,HONIG FOR WESTLAKE VILLAGE CITY COUNCIL 2020; FRIENDS OF KELLY,HONIG FOR WESTLAKE VILLAGE CITY COUNCIL 2020; FRIENDS OF KELLY,818,TERMINATED 12/15/2020,,needs_research,full name,keep needs_research,full name (out of scope),,
dc3a8c7b-dad1-4886-a93e-24e180b52319,6e259d04-b1a3-49bc-b6f2-0a25246912a8,Kelly Honig,"Mayor, Westlake Village",cal_access,1479915,HONIG FOR STATE ASSEMBLY 2026; KELLY,HONIG FOR STATE ASSEMBLY 2026; KELLY,916,TERMINATED 07/27/2026,,needs_research,full name,keep needs_research,full name (out of scope),,
a465d5fc-07fd-4e29-80e5-64d0f82f0a08,f34994d5-7b6d-4f4a-b197-e31fa8214a53,Kelly Kriebs,"Council Member, Sierra Madre",cal_access,1429983,KRIEBS FOR CITY COUNCIL 2020; KELLY,KRIEBS FOR CITY COUNCIL 2020; KELLY,626,ACTIVE,,needs_research,full name,keep needs_research,full name (out of scope),,
5fa5deee-7f43-4c3d-9cd2-ba86be820ee8,7a600b15-32ff-4c13-90e5-d4ee5f627bb5,Ken Mann,"Council Member, Lancaster",cal_access,1221444,"MANN, COMMITTEE TO ELECT JUDGE ART","MANN, COMMITTEE TO ELECT JUDGE ART",,TERMINATED 12/23/1999,,needs_research,surname only,disputed,"A names another person, or the matched token is a place, a word or a given name","surname-only auto-link: Cal-Access 1221444 ""MANN, COMMITTEE TO ELECT JUDGE ART"" -- names a different person (Judge Art Mann); no filer phone; this row is Ken Mann, Council Member, Lancaster",
43b98082-ae19-4183-bf86-1d80a96e65a7,7a600b15-32ff-4c13-90e5-d4ee5f627bb5,Ken Mann,"Council Member, Lancaster",cal_access,1300356,"MANN, TAXPAYERS FOR CHRIS","MANN, TAXPAYERS FOR CHRIS",951,TERMINATED 06/30/2010,,needs_research,surname only,disputed,"A names another person, or the matched token is a place, a word or a given name","surname-only auto-link: Cal-Access 1300356 ""MANN, TAXPAYERS FOR CHRIS"" -- names a different person (Chris Mann); filer area code 951 (Riverside); this row is Ken Mann, Council Member, Lancaster",
27613d37-824f-4f9b-8f29-790f9fafc143,7a600b15-32ff-4c13-90e5-d4ee5f627bb5,Ken Mann,"Council Member, Lancaster",cal_access,1303194,MANN FOR CITY COUNCIL 2024; KEN,MANN FOR CITY COUNCIL 2024; KEN,661,ACTIVE,,needs_research,full name,keep needs_research,full name (out of scope),,
064da0d8-5a05-43ca-aba5-6d6ac4fedc22,7a600b15-32ff-4c13-90e5-d4ee5f627bb5,Ken Mann,"Council Member, Lancaster",cal_access,1341115,MANN FOR MENIFEE SCHOOL BOARD 2011,MANN FOR MENIFEE SCHOOL BOARD 2011,951,TERMINATED 12/31/2011,,needs_research,surname only,disputed,"B another named place or district, or an opposing / ballot / recall committee","surname-only auto-link: Cal-Access 1341115 ""MANN FOR MENIFEE SCHOOL BOARD 2011"" -- a campaign for the Menifee school board in Menifee (Riverside County), not for the row's seat; filer area code 951 (Riverside); this row is Ken Mann, Council Member, Lancaster",
6f6b1584-5c92-4fa1-bdf1-c15bffcd441a,7a600b15-32ff-4c13-90e5-d4ee5f627bb5,Ken Mann,"Council Member, Lancaster",cal_access,1474758,MANN FOR CITY COUNCIL 2024,MANN FOR CITY COUNCIL 2024,512,TERMINATED 04/17/2025,,needs_research,surname only,keep needs_research,unresolved,,
839a7949-6ccb-42e8-9fd7-258147aa9b2d,90b0b8a1-c700-4786-84d6-33ddb55f5b6f,Ken Tang,"Board Member (Trustee Area 2), Alhambra Unified",cal_access,1384018,TANG FOR WALNUT CITY COUNCIL 2016; CITIZENS FOR FAMILY VALUES TO OPPOSE BETTY,TANG FOR WALNUT CITY COUNCIL 2016; CITIZENS FOR FAMILY VALUES TO OPPOSE BETTY,951,TERMINATED 03/12/2018,,needs_research,surname only,disputed,"B another named place or district, or an opposing / ballot / recall committee","surname-only auto-link: Cal-Access 1384018 ""TANG FOR WALNUT CITY COUNCIL 2016; CITIZENS FOR FAMILY VALUES TO OPPOSE BETTY"" -- a campaign for the Walnut City Council, opposing Betty Tang in Walnut, not for the row's seat; filer area code 951 (Riverside); this row is Ken Tang, Board Member (Trustee Area 2), Alhambra Unified",
2fe6fb48-0c38-4c08-901f-73906b99cdeb,90b0b8a1-c700-4786-84d6-33ddb55f5b6f,Ken Tang,"Board Member (Trustee Area 2), Alhambra Unified",cal_access,1426786,TANG FOR ALHAMBRA SCHOOL BOARD 2028,TANG FOR ALHAMBRA SCHOOL BOARD 2028,310,TERMINATED 08/11/2025,,needs_research,surname only,keep needs_research,unresolved,,
b149c118-c9ed-480a-965b-6ddba2f5e14b,590fd6ec-3194-43af-97fc-25490490c565,Kenneth Mejia,"City Controller, Los Angeles",cal_access,1473146,KENNETH MEJIA,"MEJIA, KENNETH",818,ACTIVE,,needs_research,full name,keep needs_research,full name (out of scope),,
31b8e0f8-24a7-46a7-9afe-181e18732ea3,590fd6ec-3194-43af-97fc-25490490c565,Kenneth Mejia,"City Controller, Los Angeles",cal_access,1482995,KENNETH MEJIA,"MEJIA, KENNETH",818,ACTIVE,,needs_research,full name,keep needs_research,full name (out of scope),,
819887b4-3580-4228-beab-9750e89588aa,dfd07b9c-8cc2-45ea-9750-84c7eb7fdb81,Kerry L. White,,la_socrata,1435619,Dr. White for School Board 2022,,,,"White, Raissa",needs_research,surname only,disputed,"A names another person, or the matched token is a place, a word or a given name","surname-only auto-link: LA City Ethics committee 1435619 ""Dr. White for School Board 2022"" -- LA City Ethics names its candidate as Raissa White (LAUSD Board Member - District 4), a different person; this row is Kerry L. White (active; no seat or race recorded)",
2a4da798-2fa7-42bb-a83c-7b56a34f6d44,820d81c8-4f1a-4a05-a739-98e1c1e35c56,Kim Kenne,"Board Member (District 1), Pasadena Unified",cal_access,1332432,KENNE FOR SCHOOL BOARD 2013,KENNE FOR SCHOOL BOARD 2013,626,TERMINATED 06/30/2014,,needs_research,surname only,keep needs_research,unresolved,,
2df9914f-6363-4a44-8b40-94d2f01854e2,820d81c8-4f1a-4a05-a739-98e1c1e35c56,Kim Kenne,"Board Member (District 1), Pasadena Unified",cal_access,1388958,KENNE FOR SCHOOL BOARD 2017,KENNE FOR SCHOOL BOARD 2017,626,TERMINATED 07/07/2017,,needs_research,surname only,keep needs_research,unresolved,,
02ebe5ed-2bf5-4873-b424-7145a6055866,820d81c8-4f1a-4a05-a739-98e1c1e35c56,Kim Kenne,"Board Member (District 1), Pasadena Unified",cal_access,1449630,KENNE FOR SCHOOL BOARD 2022,KENNE FOR SCHOOL BOARD 2022,626,TERMINATED 12/31/2022,,needs_research,surname only,keep needs_research,unresolved,,
e73ba296-1dd0-4b66-a46e-5a6d3d38d6a9,6c4c7919-3e7f-41fa-8b1b-1c8b421fe4a7,Konstantine Anthony,"Council Member, Burbank",cal_access,1055204,"FELLOW, FRIENDS OF ANTHONY (TONY)","FELLOW, FRIENDS OF ANTHONY (TONY)",213,TERMINATED 02/07/1992,,needs_research,surname only,disputed,"A names another person, or the matched token is a place, a word or a given name","surname-only auto-link: Cal-Access 1055204 ""FELLOW, FRIENDS OF ANTHONY (TONY)"" -- ""Anthony"" is a given name here; the committee is Anthony (Tony) Fellow's; filer area code 213 (Los Angeles); this row is Konstantine Anthony, Council Member, Burbank",
97ab7801-1566-4131-9741-6ffa146c31e3,6c4c7919-3e7f-41fa-8b1b-1c8b421fe4a7,Konstantine Anthony,"Council Member, Burbank",cal_access,1271060,"SPITALERI, FRIENDS OF ANTHONY (TONY)","SPITALERI, SUNNYVALE COUNCIL SEAT #1, 2009, FRIENDS OF ANTHONY (TONY)",650,TERMINATED 01/30/2013,,needs_research,surname only,disputed,"A names another person, or the matched token is a place, a word or a given name","surname-only auto-link: Cal-Access 1271060 ""SPITALERI, SUNNYVALE COUNCIL SEAT #1, 2009, FRIENDS OF ANTHONY (TONY)"" (stored as ""SPITALERI, FRIENDS OF ANTHONY (TONY)"") -- ""Anthony"" is a given name here; the committee is Anthony (Tony) Spitaleri (Sunnyvale)'s; filer area code 650 (San Mateo County); this row is Konstantine Anthony, Council Member, Burbank",
3b90d841-297c-44c4-9ecb-a636d4eb29ac,6c4c7919-3e7f-41fa-8b1b-1c8b421fe4a7,Konstantine Anthony,"Council Member, Burbank",cal_access,1278472,"ADAMS, COMMITTEE TO OPPOSE ANTHONY","ADAMS, COMMITTEE TO OPPOSE ANTHONY",760,ACTIVE,,needs_research,surname only,disputed,"A names another person, or the matched token is a place, a word or a given name","surname-only auto-link: Cal-Access 1278472 ""ADAMS, COMMITTEE TO OPPOSE ANTHONY"" -- ""Anthony"" is a given name here; the committee is Anthony Adams (opposing committee)'s; filer area code 760 (Inland/north San Diego County); this row is Konstantine Anthony, Council Member, Burbank",
3d475785-b4f2-4ec9-a42f-3a15a2dcabc3,6c4c7919-3e7f-41fa-8b1b-1c8b421fe4a7,Konstantine Anthony,"Council Member, Burbank",cal_access,1283845,"EDUCATION LEADERS SUPPORT ANTHONY PORTANTINO FOR ASSEMBLY, SPONSORED BY EDVOICE, INC.","EDUCATION LEADERS SUPPORT ANTHONY PORTANTINO FOR ASSEMBLY, SPONSORED BY EDVOICE, INC.",415,TERMINATED 10/21/2006,,needs_research,surname only,disputed,"A names another person, or the matched token is a place, a word or a given name","surname-only auto-link: Cal-Access 1283845 ""EDUCATION LEADERS SUPPORT ANTHONY PORTANTINO FOR ASSEMBLY, SPONSORED BY EDVOICE, INC."" -- ""Anthony"" is a given name here; the committee is Anthony Portantino's; filer area code 415 (San Francisco); this row is Konstantine Anthony, Council Member, Burbank",
1bd5880c-fb79-4cb8-b24c-35f22b168d25,6c4c7919-3e7f-41fa-8b1b-1c8b421fe4a7,Konstantine Anthony,"Council Member, Burbank",cal_access,1385292,BERNAL FOR CITY COUNCIL 2016; NEIGHBORHOOD SERVICES COALITION IN SUPPORT OF ANTHONY,BERNAL FOR CITY COUNCIL 2016; NEIGHBORHOOD SERVICES COALITION IN SUPPORT OF ANTHONY,619,TERMINATED 06/21/2016,,needs_research,surname only,disputed,"A names another person, or the matched token is a place, a word or a given name","surname-only auto-link: Cal-Access 1385292 ""BERNAL FOR CITY COUNCIL 2016; NEIGHBORHOOD SERVICES COALITION IN SUPPORT OF ANTHONY"" -- ""Anthony"" is a given name here; the committee is Anthony Bernal's; filer area code 619 (San Diego); this row is Konstantine Anthony, Council Member, Burbank",
4ab072bd-264a-4119-9635-8828041552c5,6c4c7919-3e7f-41fa-8b1b-1c8b421fe4a7,Konstantine Anthony,"Council Member, Burbank",cal_access,1393446,ANTHONY FOR BURBANK CITY COUNCIL 2017; KONSTANTINE,ANTHONY FOR BURBANK CITY COUNCIL 2017; KONSTANTINE,323,TERMINATED 06/30/2017,,needs_research,full name,keep needs_research,full name (out of scope),,
d0d3a149-9c39-4d5b-ba7d-7a233a0c98be,6c4c7919-3e7f-41fa-8b1b-1c8b421fe4a7,Konstantine Anthony,"Council Member, Burbank",cal_access,1398713,PHAN - ASSESSOR 2018; SILICON VALLEY FOR ANTHONY,PHAN - ASSESSOR 2018; SILICON VALLEY FOR ANTHONY,408,TERMINATED 08/01/2019,,needs_research,surname only,disputed,"A names another person, or the matched token is a place, a word or a given name","surname-only auto-link: Cal-Access 1398713 ""PHAN - ASSESSOR 2018; SILICON VALLEY FOR ANTHONY"" -- ""Anthony"" is a given name here; the committee is Anthony Phan's; filer area code 408 (San Jose); this row is Konstantine Anthony, Council Member, Burbank",
13a5fa48-c5c3-4c63-b135-9eeca28f2418,6c4c7919-3e7f-41fa-8b1b-1c8b421fe4a7,Konstantine Anthony,"Council Member, Burbank",cal_access,1426631,ANTHONY FOR BURBANK CITY COUNCIL 2020; KONSTANTINE,ANTHONY FOR BURBANK CITY COUNCIL 2020; KONSTANTINE,818,TERMINATED 05/18/2021,,needs_research,full name,keep needs_research,full name (out of scope),,
8b822bea-548d-475a-96a4-97af65c3cfa1,6c4c7919-3e7f-41fa-8b1b-1c8b421fe4a7,Konstantine Anthony,"Council Member, Burbank",cal_access,1428387,PHAN 2020 - CITY COUNCIL; MILPITAS FAMILIES FOR ANTHONY,PHAN 2020 - CITY COUNCIL; MILPITAS FAMILIES FOR ANTHONY,408,ACTIVE,,needs_research,surname only,disputed,"A names another person, or the matched token is a place, a word or a given name","surname-only auto-link: Cal-Access 1428387 ""PHAN 2020 - CITY COUNCIL; MILPITAS FAMILIES FOR ANTHONY"" -- ""Anthony"" is a given name here; the committee is Anthony Phan (Milpitas)'s; filer area code 408 (San Jose); this row is Konstantine Anthony, Council Member, Burbank",
593895e7-cd25-4573-8cb7-c2b4af67b7ff,6c4c7919-3e7f-41fa-8b1b-1c8b421fe4a7,Konstantine Anthony,"Council Member, Burbank",cal_access,1443248,TRIMINO FOR GOVERNOR 2022; COMMITTEE TO SUPPORT THE ELECTION OF ANTHONY,TRIMINO FOR GOVERNOR 2022; COMMITTEE TO SUPPORT THE ELECTION OF ANTHONY,415,TERMINATED 12/29/2022,,needs_research,surname only,disputed,"A names another person, or the matched token is a place, a word or a given name","surname-only auto-link: Cal-Access 1443248 ""TRIMINO FOR GOVERNOR 2022; COMMITTEE TO SUPPORT THE ELECTION OF ANTHONY"" -- ""Anthony"" is a given name here; the committee is Anthony Trimino's; filer area code 415 (San Francisco); this row is Konstantine Anthony, Council Member, Burbank",
bd3819ed-d3a1-421c-ba8d-3e2d057ae3b4,6c4c7919-3e7f-41fa-8b1b-1c8b421fe4a7,Konstantine Anthony,"Council Member, Burbank",cal_access,1449084,PHAN 2022 - MAYOR; MILPITAS FAMILIES FOR ANTHONY,PHAN 2022 - MAYOR; MILPITAS FAMILIES FOR ANTHONY,408,ACTIVE,,needs_research,surname only,disputed,"A names another person, or the matched token is a place, a word or a given name","surname-only auto-link: Cal-Access 1449084 ""PHAN 2022 - MAYOR; MILPITAS FAMILIES FOR ANTHONY"" -- ""Anthony"" is a given name here; the committee is Anthony Phan (Milpitas)'s; filer area code 408 (San Jose); this row is Konstantine Anthony, Council Member, Burbank",
e6b1935e-0965-4b84-97b4-b93eecbd5e27,6c4c7919-3e7f-41fa-8b1b-1c8b421fe4a7,Konstantine Anthony,"Council Member, Burbank",cal_access,1453491,"BECKER FOR MAYOR 2022, SPONSORED BY DEBARTOLO CORPORATION & AFFILIATED ENTITIES, INCLUDING FORTY NINERS FOOTBALL COMPANY, LLC; SANTA CLARA COMMUNITY LEADERS SUPPORTING ANTHONY","BECKER FOR MAYOR 2022, SPONSORED BY DEBARTOLO CORPORATION & AFFILIATED ENTITIES, INCLUDING FORTY NINERS FOOTBALL COMPANY, LLC; SANTA CLARA COMMUNITY LEADERS SUPPORTING ANTHONY",650,TERMINATED 12/31/2022,,needs_research,surname only,disputed,"A names another person, or the matched token is a place, a word or a given name","surname-only auto-link: Cal-Access 1453491 ""BECKER FOR MAYOR 2022, SPONSORED BY DEBARTOLO CORPORATION & AFFILIATED ENTITIES, INCLUDING FORTY NINERS FOOTBALL COMPANY, LLC; SANTA CLARA COMMUNITY LEADERS SUPPORTING ANTHONY"" -- ""Anthony"" is a given name here; the committee is Anthony Becker (Santa Clara)'s; filer area code 650 (San Mateo County); this row is Konstantine Anthony, Council Member, Burbank",
9c91e396-2393-4913-ac2f-7ae701b24993,6c4c7919-3e7f-41fa-8b1b-1c8b421fe4a7,Konstantine Anthony,"Council Member, Burbank",cal_access,1470392,ANTHONY FOR BURBANK CITY COUNCIL 2024; KONSTANTINE,ANTHONY FOR BURBANK CITY COUNCIL 2024; KONSTANTINE,323,TERMINATED 03/10/2025,,needs_research,full name,keep needs_research,full name (out of scope),,
5c5d5563-b0c8-49d6-bb2a-695e102c961f,6c4c7919-3e7f-41fa-8b1b-1c8b421fe4a7,Konstantine Anthony,"Council Member, Burbank",cal_access,1472342,PHAN 2024 - MAYOR; MILPITAS FAMILIES FOR ANTHONY,PHAN 2024 - MAYOR; MILPITAS FAMILIES FOR ANTHONY,669,ACTIVE,,needs_research,surname only,disputed,"A names another person, or the matched token is a place, a word or a given name","surname-only auto-link: Cal-Access 1472342 ""PHAN 2024 - MAYOR; MILPITAS FAMILIES FOR ANTHONY"" -- ""Anthony"" is a given name here; the committee is Anthony Phan (Milpitas)'s; filer area code 669 (San Jose); this row is Konstantine Anthony, Council Member, Burbank",
1dc3afc5-0f61-4da5-82b7-2ec41ff22d82,6c4c7919-3e7f-41fa-8b1b-1c8b421fe4a7,Konstantine Anthony,"Council Member, Burbank",la_socrata,1443678,Anthony Santich for Los Angeles City Council 2022,,,,"Santich , Anthony",needs_research,surname only,disputed,"A names another person, or the matched token is a place, a word or a given name","surname-only auto-link: LA City Ethics committee 1443678 ""Anthony Santich for Los Angeles City Council 2022"" -- LA City Ethics names its candidate as Anthony Santich (LA City Council Member - District 15), a different person; this row is Konstantine Anthony, Council Member, Burbank",
e1ca841e-8364-43e5-97fa-9c2320cbf3b0,601fbd52-628a-4d50-8cb4-99890f056aa2,Kristina Duggan,"Councilmember, Long Beach",cal_access,1422919,DUGGAN FOR SUPERVISOR 2020,DUGGAN FOR SUPERVISOR 2020,760,ACTIVE,,needs_research,surname only,disputed,C the filer evidence places it elsewhere (area code or shared filer phone),"surname-only auto-link: Cal-Access 1422919 ""DUGGAN FOR SUPERVISOR 2020"" -- a campaign for a county board of supervisors; filer area code 760 (Inland/north San Diego County) is outside the Los Angeles region and nothing ties it to the row; this row is Kristina Duggan, Councilmember, Long Beach",
a726e796-bc6c-47ac-b5df-a577c53ac57b,601fbd52-628a-4d50-8cb4-99890f056aa2,Kristina Duggan,"Councilmember, Long Beach",cal_access,1463689,DUGGAN FOR CITY COUNCIL 2022 OFFICEHOLDER; KRISTINA,DUGGAN OFFICEHOLDER 2026; COUNCILMEMBER,213,ACTIVE,,needs_research,surname only,keep needs_research,unresolved,,
2ba53f14-8df9-45ff-965b-885dc6aae814,8e0725b2-ef27-4d64-b6d6-b26e161c5dd3,Kyle Rohrbach,,cal_access,1448010,ROHRBACH FOR THOUSAND OAKS CITY COUNCIL 2022; KYLE,ROHRBACH FOR THOUSAND OAKS CITY COUNCIL 2022; KYLE,805,TERMINATED 12/31/2022,,needs_research,full name,keep needs_research,full name (out of scope),,"full-name match, but the committee names another place: THOUSAND OAKS"
59df5e63-9d11-4aec-8065-3cbad4733584,8e0725b2-ef27-4d64-b6d6-b26e161c5dd3,Kyle Rohrbach,,cal_access,1451076,"ENGLER, NEWMAN, AND ROHRBACH FOR THOUSAND OAKS CITY COUNCIL 2022; COMMITTEE SUPPORTING","ENGLER, NEWMAN, AND ROHRBACH FOR THOUSAND OAKS CITY COUNCIL 2022; COMMITTEE SUPPORTING",805,TERMINATED 12/19/2023,,needs_research,surname only,keep needs_research,unresolved,,
f3796c35-ed85-46c7-87c2-797bd125bf62,5604c5ae-d10d-4ca3-920d-dd3592278777,Lana Negrete,"Council Member, Santa Monica",cal_access,1251001,"MC LEOD 2006, SENATE COMMITTEE GLORIA NEGRETE","MC LEOD 2006, SENATE COMMITTEE GLORIA NEGRETE",909,TERMINATED 06/30/2010,,needs_research,surname only,disputed,"A names another person, or the matched token is a place, a word or a given name","surname-only auto-link: Cal-Access 1251001 ""MC LEOD 2006, SENATE COMMITTEE GLORIA NEGRETE"" -- names a different person (Gloria Negrete McLeod); filer area code 909 (Inland Empire); this row is Lana Negrete, Council Member, Santa Monica",
732a7c52-29e9-4c28-affb-5ec96b21ae86,5604c5ae-d10d-4ca3-920d-dd3592278777,Lana Negrete,"Council Member, Santa Monica",cal_access,1366410,"MC LEOD FOR SUPERVISOR 2014, SPONSORED BY SEIU UNITED LONG TERM CARE WORKERS LOCAL 6434; SAN BERNARDINO COUNTY HOMECARE WORKERS UNITED FOR GLORIA NEGRETE","MC LEOD FOR SUPERVISOR 2014, SPONSORED BY SEIU UNITED LONG TERM CARE WORKERS LOCAL 6434; SAN BERNARDINO COUNTY HOMECARE WORKERS UNITED FOR GLORIA NEGRETE",213,TERMINATED 03/12/2015,,needs_research,surname only,disputed,"A names another person, or the matched token is a place, a word or a given name","surname-only auto-link: Cal-Access 1366410 ""MC LEOD FOR SUPERVISOR 2014, SPONSORED BY SEIU UNITED LONG TERM CARE WORKERS LOCAL 6434; SAN BERNARDINO COUNTY HOMECARE WORKERS UNITED FOR GLORIA NEGRETE"" -- names a different person (Gloria Negrete McLeod); filer area code 213 (Los Angeles); this row is Lana Negrete, Council Member, Santa Monica",
731aa8d5-131d-4bc3-b4fb-12e350cffb87,5604c5ae-d10d-4ca3-920d-dd3592278777,Lana Negrete,"Council Member, Santa Monica",cal_access,1371694,NEGRETE FOR CITY COUNCIL 2014,NEGRETE FOR CITY COUNCIL 2014,760,TERMINATED 12/31/2014,,needs_research,surname only,keep needs_research,unresolved,,
ef4cd099-25ec-4751-ab05-b7afa45ebffa,5604c5ae-d10d-4ca3-920d-dd3592278777,Lana Negrete,"Council Member, Santa Monica",cal_access,1398367,NEGRETE FOR CITY COUNCIL 2018,NEGRETE FOR CITY COUNCIL 2022,760,TERMINATED 02/17/2021,,needs_research,surname only,keep needs_research,unresolved,,
15e0a94f-97f5-49fd-9676-4027c5155b28,5604c5ae-d10d-4ca3-920d-dd3592278777,Lana Negrete,"Council Member, Santa Monica",cal_access,1402689,NEGRETE FOR JUDGE 2018,NEGRETE FOR JUDGE 2018,760,TERMINATED 01/31/2019,,needs_research,surname only,disputed,C the filer evidence places it elsewhere (area code or shared filer phone),"surname-only auto-link: Cal-Access 1402689 ""NEGRETE FOR JUDGE 2018"" -- a campaign for a judgeship; filer area code 760 (Inland/north San Diego County) is outside the Los Angeles region and nothing ties it to the row; this row is Lana Negrete, Council Member, Santa Monica",
e19c9e9c-b6db-4154-aa2a-50967dc8be95,5604c5ae-d10d-4ca3-920d-dd3592278777,Lana Negrete,"Council Member, Santa Monica",cal_access,1456473,NEGRETE FOR COUNCIL 2022; SANTA MONICANS FOR SAFETY SUPPORTING,NEGRETE FOR COUNCIL 2022; SANTA MONICANS FOR SAFETY SUPPORTING,310,TERMINATED 12/20/2022,,needs_research,surname only,keep needs_research,unresolved,,
1a101b20-e71a-4e13-ba17-d3ad0fd6d6f4,5604c5ae-d10d-4ca3-920d-dd3592278777,Lana Negrete,"Council Member, Santa Monica",cal_access,1467646,NEGRETE FOR CITY COUNCIL 2024,NEGRETE FOR CITY COUNCIL 2024,760,TERMINATED 12/31/2024,,needs_research,surname only,keep needs_research,unresolved,,
e4e71dbc-eec8-4a5e-b8f7-4024382d3f74,23d612b9-b6cd-4387-93c1-59c67d3c9679,Larry G. Burrola,"Mayor, Irwindale",cal_access,1229308,BURROLA FOR ASSEMBLY,BURROLA FOR ASSEMBLY,323,TERMINATED 06/12/2001,,needs_research,surname only,keep needs_research,unresolved,,
c6dcd1af-f96d-499e-85be-94c2ba7cf989,fda02d25-60dd-44b6-9e9b-67108ec03e9e,Larry J. Spicer,"Council Member, Monrovia",cal_access,1278116,"SPICER FOR CITY COUNCIL, COMMITTEE TO ELECT LARRY","SPICER FOR CITY COUNCIL, COMMITTEE TO ELECT LARRY",760,TERMINATED 01/07/2013,,needs_research,full name,keep needs_research,full name (out of scope),,
e1db4197-f4b0-42e2-a91f-8ffcea5b082e,fda02d25-60dd-44b6-9e9b-67108ec03e9e,Larry J. Spicer,"Council Member, Monrovia",cal_access,1352838,SPICER FOR CITY COUNCIL 2012,SPICER FOR CITY COUNCIL 2012,559,ACTIVE,,needs_research,surname only,keep needs_research,unresolved,,
8dee3c3b-a0db-447a-a2d7-5a422c6eaa87,fda02d25-60dd-44b6-9e9b-67108ec03e9e,Larry J. Spicer,"Council Member, Monrovia",cal_access,1354777,"SPICER TO MONROVIA CITY COUNCIL 2013, COMMITTEE TO ELECT LARRY","SPICER TO MONROVIA CITY COUNCIL 2013, COMMITTEE TO ELECT LARRY",626,TERMINATED 06/30/2013,,needs_research,full name,keep needs_research,full name (out of scope),,
92543f04-c05a-431c-9ba5-78ab692e715e,fda02d25-60dd-44b6-9e9b-67108ec03e9e,Larry J. Spicer,"Council Member, Monrovia",cal_access,1435552,SPICER FOR CITY COUNCIL 2021,SPICER FOR CITY COUNCIL 2021,310,TERMINATED 04/10/2023,,needs_research,surname only,keep needs_research,unresolved,,
e1aab7c3-0fc7-4c5a-adab-982cac2659b2,fda02d25-60dd-44b6-9e9b-67108ec03e9e,Larry J. Spicer,"Council Member, Monrovia",cal_access,1459561,SPICER FOR MAYOR 2026,SPICER FOR MAYOR 2026,310,ACTIVE,,needs_research,surname only,keep needs_research,unresolved,,
c7c925e3-ed1e-4034-acbf-b0eb753891c0,fda02d25-60dd-44b6-9e9b-67108ec03e9e,Larry J. Spicer,"Council Member, Monrovia",cal_access,1464697,SPICER MAYOR OF MONROVIA 2024; COMMITTEE TO ELECT LARRY,SPICER MAYOR OF MONROVIA 2024; COMMITTEE TO ELECT LARRY,626,TERMINATED 08/19/2024,,needs_research,full name,keep needs_research,full name (out of scope),,
aedafaad-47c7-440b-b1ad-dfce00bfdfc6,fca9a696-f3c7-4673-a9ec-4eb05ba74aa1,Larry Redinger,"Board Member, Walnut Valley Unified",cal_access,1073428,"REDINGER, COMMITTEE TO ELECT","REDINGER, COMMITTEE TO ELECT",909,TERMINATED 12/12/2012,,needs_research,surname only,keep needs_research,unresolved,,
4ada7b70-58c0-4098-80ad-36fcd19a8b98,623ef841-c9e5-4865-aa61-d82544c9bea4,Larry Rodriguez,"Council Member, South El Monte",cal_access,1470202,RODRIGUEZ FOR SOUTH EL MONTE CITY COUNCIL 2024; LARRY,RODRIGUEZ FOR SOUTH EL MONTE CITY COUNCIL 2024; LARRY,626,ACTIVE,,needs_research,full name,keep needs_research,full name (out of scope),,
c1a80d5d-52ed-4c01-8941-a6123f2e60db,12eebc77-777c-42fb-aad8-1080cd2bedbf,Laura McCorkindale and Adam,"Council Member, Hidden Hills",la_socrata,1421748,Adam Summer for City Council 2020,,,,"Summer, Adam",needs_research,surname only,disputed,"A names another person, or the matched token is a place, a word or a given name","surname-only auto-link: LA City Ethics committee 1421748 ""Adam Summer for City Council 2020"" -- LA City Ethics names its candidate as Adam Summer (LA City Council Member - District 2), a different person; this row is Laura McCorkindale and Adam, Council Member, Hidden Hills",
42c942c1-293e-487f-a06e-0a3306cdffc1,6854ec39-d6e2-44c4-8c60-0d809234f935,Laurene Weste,"Council Member (At-Large), Santa Clarita",cal_access,1072180,WESTE FOR CITY COUNCIL 2014,WESTE FOR CITY COUNCIL 2014,661,TERMINATED 07/23/2018,,needs_research,surname only,keep needs_research,unresolved,,
2c962680-3b96-4adf-8a95-4345d4807156,6854ec39-d6e2-44c4-8c60-0d809234f935,Laurene Weste,"Council Member (At-Large), Santa Clarita",cal_access,1406208,WESTE FOR CITY COUNCIL 2018,WESTE FOR CITY COUNCIL 2018,661,TERMINATED 01/31/2019,,needs_research,surname only,keep needs_research,unresolved,,
f6b21231-c9f9-4b81-aba8-cfaf65089160,6854ec39-d6e2-44c4-8c60-0d809234f935,Laurene Weste,"Council Member (At-Large), Santa Clarita",cal_access,1442939,WESTE FOR CITY COUNCIL 2022,WESTE FOR CITY COUNCIL 2022,661,ACTIVE,,needs_research,surname only,keep needs_research,unresolved,,
4d1aeaca-0b49-483a-b360-e1958eea79da,0952f897-7414-4ad3-af88-022de9e4971c,Laurie Lieberman,"Board Member, Santa Monica-Malibu Unified",cal_access,1032013,LIEBERMAN FOR STATE SUPERINTENDENT OF PUBLIC INSTRUCTION COMMITTEE,LIEBERMAN FOR STATE SUPERINTENDENT OF PUBLIC INSTRUCTION COMMITTEE,209,TERMINATED 12/01/1990,,needs_research,surname only,disputed,C the filer evidence places it elsewhere (area code or shared filer phone),"surname-only auto-link: Cal-Access 1032013 ""LIEBERMAN FOR STATE SUPERINTENDENT OF PUBLIC INSTRUCTION COMMITTEE"" -- a campaign for Superintendent of Public Instruction; filer area code 209 (Stockton/Modesto) is outside the Los Angeles region and nothing ties it to the row; this row is Laurie Lieberman, Board Member, Santa Monica-Malibu Unified",
bc25ae4e-ccf1-45f9-9842-5d0a13c3c28f,0952f897-7414-4ad3-af88-022de9e4971c,Laurie Lieberman,"Board Member, Santa Monica-Malibu Unified",cal_access,1321063,"LIEBERMAN FOR BELMONT CITY COUNCIL, 2009","LIEBERMAN FOR BELMONT CITY COUNCIL, 2009",650,TERMINATED 07/22/2010,,needs_research,surname only,disputed,"B another named place or district, or an opposing / ballot / recall committee","surname-only auto-link: Cal-Access 1321063 ""LIEBERMAN FOR BELMONT CITY COUNCIL, 2009"" -- a campaign for the Belmont City Council in Belmont (San Mateo County), not for the row's seat; filer area code 650 (San Mateo County); this row is Laurie Lieberman, Board Member, Santa Monica-Malibu Unified",
fd96b8e0-eb27-4c82-ac9d-3fa2216184e9,0952f897-7414-4ad3-af88-022de9e4971c,Laurie Lieberman,"Board Member, Santa Monica-Malibu Unified",cal_access,1327016,"LIEBERMAN FOR SCHOOL BOARD 2010, LAURIE","LIEBERMAN FOR SCHOOL BOARD 2010, LAURIE",310,TERMINATED 07/08/2011,,needs_research,full name,keep needs_research,full name (out of scope),,
7edef7c1-67b1-49bc-a56b-5179e9273552,0952f897-7414-4ad3-af88-022de9e4971c,Laurie Lieberman,"Board Member, Santa Monica-Malibu Unified",cal_access,1359907,LIEBERMAN FOR BELMONT CITY COUNCIL 2013,LIEBERMAN FOR BELMONT CITY COUNCIL 2013,650,TERMINATED 12/31/2013,,needs_research,surname only,disputed,"B another named place or district, or an opposing / ballot / recall committee","surname-only auto-link: Cal-Access 1359907 ""LIEBERMAN FOR BELMONT CITY COUNCIL 2013"" -- a campaign for the Belmont City Council in Belmont (San Mateo County), not for the row's seat; filer area code 650 (San Mateo County); this row is Laurie Lieberman, Board Member, Santa Monica-Malibu Unified",
16277125-f7fe-4b23-b389-66e5d3b54c50,0952f897-7414-4ad3-af88-022de9e4971c,Laurie Lieberman,"Board Member, Santa Monica-Malibu Unified",cal_access,1426659,LIEBERMAN FOR SCHOOL BOARD 2020,LIEBERMAN FOR SCHOOL BOARD 2020,650,TERMINATED 12/31/2020,,needs_research,surname only,keep needs_research,unresolved,,
9f288bd2-7951-407f-ba0c-117c6fc0e922,0952f897-7414-4ad3-af88-022de9e4971c,Laurie Lieberman,"Board Member, Santa Monica-Malibu Unified",cal_access,1461131,LIEBERMAN FOR SCHOOL BOARD 2024,LIEBERMAN FOR SCHOOL BOARD 2024,650,ACTIVE,,needs_research,surname only,keep needs_research,unresolved,,
65af81df-21a4-4686-aaff-57a5ac5cfa80,f39c42de-e049-43f0-ba95-4ad98cf14ce4,Lester Herman,,cal_access,1377932,HERMAN FOR COLLEGE 2015,HERMAN FOR COLLEGE 2015,661,TERMINATED 12/15/2015,,needs_research,surname only,keep needs_research,unresolved,,
e6ccdb33-5d06-4957-8828-823758fa55f9,f39c42de-e049-43f0-ba95-4ad98cf14ce4,Lester Herman,,cal_access,1418739,"HERMAN FRESNO CITY COUNCIL DIST. 2, 2019; FRIENDS FOR GEORGE","HERMAN FRESNO CITY COUNCIL DIST. 2, 2019; FRIENDS FOR GEORGE",559,TERMINATED 08/05/2025,,needs_research,surname only,disputed,"A names another person, or the matched token is a place, a word or a given name","surname-only auto-link: Cal-Access 1418739 ""HERMAN FRESNO CITY COUNCIL DIST. 2, 2019; FRIENDS FOR GEORGE"" -- names a different person (George Herman, Fresno council candidate); filer area code 559 (Fresno); this row is Lester Herman (active; no seat or race recorded)",
91d8abf3-7cb0-4f58-a27c-e8cc20b75022,85169d37-0da8-44c6-9fb2-24e9ebf03bdf,Linda Freedman,"Mayor, Walnut",cal_access,1069879,REDLANDS FOR FREEDMAN,REDLANDS FOR FREEDMAN,909,TERMINATED 11/13/2012,,needs_research,surname only,disputed,"B another named place or district, or an opposing / ballot / recall committee","surname-only auto-link: Cal-Access 1069879 ""REDLANDS FOR FREEDMAN"" -- a Redlands committee for a Freedman, not the Walnut seat (Redlands is in San Bernardino County); filer area code 909 (Inland Empire); this row is Linda Freedman, Mayor, Walnut",
e046bbcd-9aa0-4050-9152-01601e366f20,85169d37-0da8-44c6-9fb2-24e9ebf03bdf,Linda Freedman,"Mayor, Walnut",cal_access,1427531,FREEDMAN FOR WALNUT CITY COUNCIL 2020; LINDA,FREEDMAN FOR WALNUT CITY COUNCIL 2020; LINDA,909,TERMINATED 02/07/2022,,needs_research,full name,keep needs_research,full name (out of scope),,
2fbd83de-73fb-4ea8-ba27-4be70ff91f92,85169d37-0da8-44c6-9fb2-24e9ebf03bdf,Linda Freedman,"Mayor, Walnut",cal_access,1471035,FREEDMAN FOR WALNUT CITY COUNCIL 2024; LINDA,FREEDMAN FOR WALNUT CITY COUNCIL 2024; LINDA,909,ACTIVE,,needs_research,full name,keep needs_research,full name (out of scope),,
90e3445f-5bf0-419c-b498-6dfb5c1c8aa2,dafc1db2-758f-498f-93f8-4f632b0adc7a,Linda Menges,"Board Member, Las Virgenes Unified",cal_access,1381014,MENGES CANDIDATE FOR LAS VIRGENES UNIFIED SCHOOL DISTRICT GOVERNING BOARD 2015; LINDA,MENGES CANDIDATE FOR LAS VIRGENES UNIFIED SCHOOL DISTRICT GOVERNING BOARD 2015; LINDA,818,TERMINATED 11/18/2015,,needs_research,full name,keep needs_research,full name (out of scope),,
2052d55a-827c-4540-9005-dfd1f9a3303d,dafc1db2-758f-498f-93f8-4f632b0adc7a,Linda Menges,"Board Member, Las Virgenes Unified",cal_access,1429292,MENGES FOR LAS VIRGENES USD SCHOOL BOARD 2020; LINDA,MENGES FOR LAS VIRGENES USD SCHOOL BOARD 2020; LINDA,818,TERMINATED 11/30/2020,,needs_research,full name,keep needs_research,full name (out of scope),,
fdd82c9f-c73d-4eba-87d6-32296fd48e07,dafc1db2-758f-498f-93f8-4f632b0adc7a,Linda Menges,"Board Member, Las Virgenes Unified",cal_access,1472424,MENGES FOR LAS VIRGENES SCHOOL BOARD 2024; LINDA,MENGES FOR LAS VIRGENES SCHOOL BOARD 2024; LINDA,805,TERMINATED 12/31/2024,,needs_research,full name,keep needs_research,full name (out of scope),,
f931da03-3112-47d5-8dfa-bc52c9fba6e3,81dfcf88-c739-4461-9d16-931f8d51a8c5,Lindsey P. Horvath,"Supervisor, Los Angeles County",cal_access,1415257,HORVATH AND JOHN D'AMICO FOR COUNCIL 2019; WEST HOLLYWOOD UNITED TO SUPPORT LINDSEY,HORVATH AND JOHN D'AMICO FOR COUNCIL 2019; WEST HOLLYWOOD UNITED TO SUPPORT LINDSEY,213,TERMINATED 06/18/2019,,needs_research,full name,keep needs_research,full name (out of scope),,"full-name match, but the committee names another place: WEST HOLLYWOOD"
33422e0c-60e5-451f-9d56-5d891048a389,81dfcf88-c739-4461-9d16-931f8d51a8c5,Lindsey P. Horvath,"Supervisor, Los Angeles County",cal_access,1416361,"D'AMICO, LINDSEY HORVATH, AND LAUREN MEISTER FOR CITY COUNCIL 2019; WEST HOLLYWOOD ALLIANCE FOR CONTINUED PROGRESS SUPPORTING JOHN","D'AMICO, LINDSEY HORVATH, AND LAUREN MEISTER FOR CITY COUNCIL 2019; WEST HOLLYWOOD ALLIANCE FOR CONTINUED PROGRESS SUPPORTING JOHN",510,TERMINATED 02/21/2020,,needs_research,full name,keep needs_research,full name (out of scope),,"full-name match, but the committee names another place: WEST HOLLYWOOD"
90f83671-d82a-4c31-977c-e8a5a73c0f69,81dfcf88-c739-4461-9d16-931f8d51a8c5,Lindsey P. Horvath,"Supervisor, Los Angeles County",cal_access,1446284,HORVATH AND AGAINST BOB HERTZBERG FOR SUPERVISOR 2022; NEIGHBORS FOR LINDSEY,HORVATH AND AGAINST BOB HERTZBERG FOR SUPERVISOR 2022; NEIGHBORS FOR LINDSEY,510,TERMINATED 12/15/2022,,needs_research,full name,keep needs_research,full name (out of scope),,
35823f9f-0b13-4208-917e-1aa9ab269871,0afa998d-94e9-4af4-ba00-256c38869398,Lisa Calderon,Assembly Member (Assembly District 56),cal_access,1047774,CALDERON CAMPAIGN COMMITTEE,CALDERON CAMPAIGN COMMITTEE,213,TERMINATED 12/01/1990,,needs_research,surname only,keep needs_research,unresolved,,Calderon family members held these offices; no given name in the record
c43a0b3c-d2a3-435c-8144-fd0ca5953e11,0afa998d-94e9-4af4-ba00-256c38869398,Lisa Calderon,Assembly Member (Assembly District 56),cal_access,1049905,CALDERON FOR SENATE '98,CALDERON FOR SENATE '98,626,TERMINATED 01/13/2003,,needs_research,surname only,keep needs_research,unresolved,,Calderon family members held these offices; no given name in the record
3e77826a-3e27-4efc-8207-621d5caf54a4,0afa998d-94e9-4af4-ba00-256c38869398,Lisa Calderon,Assembly Member (Assembly District 56),cal_access,1069396,CALDERON FOR ATTORNEY GENERAL,CALDERON FOR ATTORNEY GENERAL,626,TERMINATED 09/22/2003,,needs_research,surname only,keep needs_research,unresolved,,Calderon family members held these offices; no given name in the record
06c318fb-7bb9-4db0-87cd-5cb101e9f58b,0afa998d-94e9-4af4-ba00-256c38869398,Lisa Calderon,Assembly Member (Assembly District 56),cal_access,1272345,CALDERON FOR ASSEMBLY 2006,CALDERON FOR ASSEMBLY 2006,323,TERMINATED 12/31/2006,,needs_research,surname only,keep needs_research,unresolved,,Calderon family members held these offices; no given name in the record
cd189e14-a3dc-4bbb-af1a-c0ae3c976fe2,0afa998d-94e9-4af4-ba00-256c38869398,Lisa Calderon,Assembly Member (Assembly District 56),cal_access,1289040,VOTE 4 CALDERON,VOTE 4 CALDERON,323,TERMINATED 01/11/2007,,needs_research,surname only,keep needs_research,unresolved,,Calderon family members held these offices; no given name in the record
1680e2f0-be02-47ff-ab72-86f4e516ad34,0afa998d-94e9-4af4-ba00-256c38869398,Lisa Calderon,Assembly Member (Assembly District 56),cal_access,1335303,"CALDERON BOARD OF EQUALIZATION 2014, FRIENDS OF","CALDERON BOARD OF EQUALIZATION 2014, FRIENDS OF",626,TERMINATED 09/30/2012,,needs_research,surname only,keep needs_research,unresolved,,Calderon family members held these offices; no given name in the record
efa17464-335a-4c63-b879-5968c2ac651c,0afa998d-94e9-4af4-ba00-256c38869398,Lisa Calderon,Assembly Member (Assembly District 56),cal_access,1342642,CALDERON FOR CITY CLERK 2011,CALDERON FOR CITY CLERK 2011,323,ACTIVE,,needs_research,surname only,keep needs_research,unresolved,,Calderon family members held these offices; no given name in the record
17095c7d-58a2-4f5e-bf18-7c985b79ac55,0afa998d-94e9-4af4-ba00-256c38869398,Lisa Calderon,Assembly Member (Assembly District 56),cal_access,1344427,CALDERON FOR SECRETARY OF STATE 2014,CALDERON FOR SECRETARY OF STATE 2014,626,TERMINATED 12/31/2013,,needs_research,surname only,keep needs_research,unresolved,,Calderon family members held these offices; no given name in the record
2be105fb-b159-4d43-b3a6-3a82033db58f,0afa998d-94e9-4af4-ba00-256c38869398,Lisa Calderon,Assembly Member (Assembly District 56),cal_access,1379485,CALDERON FOR CITY COUNCIL 2015,CALDERON FOR CITY COUNCIL 2015,323,ACTIVE,,needs_research,surname only,keep needs_research,unresolved,,Calderon family members held these offices; no given name in the record
2997f8ce-6eb8-4558-b60d-9baca205c375,0afa998d-94e9-4af4-ba00-256c38869398,Lisa Calderon,Assembly Member (Assembly District 56),cal_access,1423176,CALDERON FOR ASSEMBLY 2020; LISA,CALDERON FOR ASSEMBLY 2020; LISA,213,TERMINATED 06/30/2021,,needs_research,full name,keep needs_research,full name (out of scope),,
53f8a653-711b-4c5b-8217-ccf5956f1a51,0afa998d-94e9-4af4-ba00-256c38869398,Lisa Calderon,Assembly Member (Assembly District 56),cal_access,1435686,CALDERON FOR ASSEMBLY 2022; LISA,CALDERON FOR ASSEMBLY 2022; LISA,213,TERMINATED 01/20/2024,,needs_research,full name,keep needs_research,full name (out of scope),,
5fbd143e-f106-4ee9-9e7a-ccb4c4578de6,0afa998d-94e9-4af4-ba00-256c38869398,Lisa Calderon,Assembly Member (Assembly District 56),cal_access,1456830,CALDERON FOR ASSEMBLY 2024; LISA,CALDERON FOR ASSEMBLY 2024; LISA,213,TERMINATED 04/30/2025,,needs_research,full name,keep needs_research,full name (out of scope),,
4f185606-01b7-498e-ba00-65bd26a8c033,0afa998d-94e9-4af4-ba00-256c38869398,Lisa Calderon,Assembly Member (Assembly District 56),cal_access,1475834,CALDERON FOR COUNCIL 2024,CALDERON FOR COUNCIL 2024,626,TERMINATED 08/27/2025,,needs_research,surname only,keep needs_research,unresolved,,Calderon family members held these offices; no given name in the record
acf07674-0b7a-47dd-8280-5d5323d399c4,0afa998d-94e9-4af4-ba00-256c38869398,Lisa Calderon,Assembly Member (Assembly District 56),cal_access,1477264,CALDERON FOR ASSEMBLY 2026; LISA,CALDERON FOR ASSEMBLY 2026; LISA,213,ACTIVE,,needs_research,full name,keep needs_research,full name (out of scope),,
95b089c8-ce8e-48cf-8cc3-f5f279a75584,d5d51559-14e8-466e-85de-0d24de421905,Lori Woods,"Council Member, Signal Hill",cal_access,1248097,"WOODS, COMMITTEE TO ELCT LARRY J.","WOODS, COMMITTEE TO ELCT LARRY J.",707,TERMINATED 01/07/2003,,needs_research,surname only,disputed,"A names another person, or the matched token is a place, a word or a given name","surname-only auto-link: Cal-Access 1248097 ""WOODS, COMMITTEE TO ELCT LARRY J."" -- names a different person (Larry J. Woods); filer area code 707 (North Bay); this row is Lori Woods, Council Member, Signal Hill",
4a225ba8-3c21-4caa-a216-406a8c6e9882,d5d51559-14e8-466e-85de-0d24de421905,Lori Woods,"Council Member, Signal Hill",cal_access,1256597,"WOODS, COMMITTEE TO ELECT BERNICE , COMPTON UNIFIED SCHOOL BOARD OF TRUSTEE","WOODS, COMMITTEE TO ELECT BERNICE , COMPTON UNIFIED SCHOOL BOARD OF TRUSTEE",310,TERMINATED 02/20/2009,,needs_research,surname only,disputed,"A names another person, or the matched token is a place, a word or a given name","surname-only auto-link: Cal-Access 1256597 ""WOODS, COMMITTEE TO ELECT BERNICE , COMPTON UNIFIED SCHOOL BOARD OF TRUSTEE"" -- names a different person (Bernice Woods, Compton Unified trustee); filer area code 310 (West LA/South Bay); this row is Lori Woods, Council Member, Signal Hill",
a0e40727-5230-402c-8a36-c9c1111e76cc,d5d51559-14e8-466e-85de-0d24de421905,Lori Woods,"Council Member, Signal Hill",cal_access,1309346,WOODS FOR SRJC BOARD,WOODS FOR SRJC BOARD,707,TERMINATED 01/31/2009,,needs_research,surname only,disputed,"B another named place or district, or an opposing / ballot / recall committee","surname-only auto-link: Cal-Access 1309346 ""WOODS FOR SRJC BOARD"" -- a campaign for the SRJC (Santa Rosa Junior College) board in Sonoma County, not for the row's seat; filer area code 707 (North Bay); this row is Lori Woods, Council Member, Signal Hill",
36f8ca5c-0a4e-4d7f-b456-20db8acb9557,d5d51559-14e8-466e-85de-0d24de421905,Lori Woods,"Council Member, Signal Hill",cal_access,1354138,WOODS / LORI 4 COUNCIL 2013,WOODS / LORI 4 COUNCIL 2013,310,TERMINATED 01/01/2014,,needs_research,full name,keep needs_research,full name (out of scope),,
67ec4d65-5f59-46cd-9df6-e928bcb4e361,d5d51559-14e8-466e-85de-0d24de421905,Lori Woods,"Council Member, Signal Hill",cal_access,1363322,"WOODS 2014, COMMITTEE TO RETAIN JUDGE BRADEN","WOODS 2014, COMMITTEE TO RETAIN JUDGE BRADEN",415,TERMINATED 05/31/2014,,needs_research,surname only,disputed,"A names another person, or the matched token is a place, a word or a given name","surname-only auto-link: Cal-Access 1363322 ""WOODS 2014, COMMITTEE TO RETAIN JUDGE BRADEN"" -- names a different person (Judge Braden Woods); filer area code 415 (San Francisco); this row is Lori Woods, Council Member, Signal Hill",
622955d1-c6fa-4ea8-aeb2-1ed22aa27479,d5d51559-14e8-466e-85de-0d24de421905,Lori Woods,"Council Member, Signal Hill",cal_access,1372818,WOODS COLLEGE BOARD OF TRUSTEES 2014 CAMPAIGN FUND,WOODS COLLEGE BOARD OF TRUSTEES 2014 CAMPAIGN FUND,760,ACTIVE,,needs_research,surname only,disputed,C the filer evidence places it elsewhere (area code or shared filer phone),"surname-only auto-link: Cal-Access 1372818 ""WOODS COLLEGE BOARD OF TRUSTEES 2014 CAMPAIGN FUND"" -- a campaign for a college board; filer area code 760 (Inland/north San Diego County) is outside the Los Angeles region and nothing ties it to the row; this row is Lori Woods, Council Member, Signal Hill",
0a20bb8c-a20c-45fe-a4b0-20904c168be4,d5d51559-14e8-466e-85de-0d24de421905,Lori Woods,"Council Member, Signal Hill",cal_access,1390610,"COMMITTEE TO ELECT JACK R. WOODS. COLTON CITY CONCILMAN DISTRICT 5. ELECTION DATE NOVEMBER 08, 2016.","COMMITTEE TO ELECT JACK R. WOODS. COLTON CITY CONCILMAN DISTRICT 5. ELECTION DATE NOVEMBER 08, 2016.",909,ACTIVE,,needs_research,surname only,disputed,"A names another person, or the matched token is a place, a word or a given name","surname-only auto-link: Cal-Access 1390610 ""COMMITTEE TO ELECT JACK R. WOODS. COLTON CITY CONCILMAN DISTRICT 5. ELECTION DATE NOVEMBER 08, 2016."" -- names a different person (Jack R. Woods, Colton council candidate); filer area code 909 (Inland Empire); this row is Lori Woods, Council Member, Signal Hill",
61e428eb-30c9-4d8a-92fb-82e058ec933d,d5d51559-14e8-466e-85de-0d24de421905,Lori Woods,"Council Member, Signal Hill",cal_access,1403102,"WOODS, 2018 COMMITTEE TO KEEP TEHAMA COUNTY SUPERIOR COURT JUDGE LAURA","WOODS, 2018 COMMITTEE TO KEEP TEHAMA COUNTY SUPERIOR COURT JUDGE LAURA",530,TERMINATED 10/30/2018,,needs_research,surname only,disputed,"A names another person, or the matched token is a place, a word or a given name","surname-only auto-link: Cal-Access 1403102 ""WOODS, 2018 COMMITTEE TO KEEP TEHAMA COUNTY SUPERIOR COURT JUDGE LAURA"" -- names a different person (Judge Laura Woods, Tehama County); filer area code 530 (far northern California); this row is Lori Woods, Council Member, Signal Hill",
ea11be4c-c753-4243-a995-967159d1ec31,d5d51559-14e8-466e-85de-0d24de421905,Lori Woods,"Council Member, Signal Hill",cal_access,1415912,WOODS FOR CITY COUNCIL 2020,WOODS FOR CITY COUNCIL 2020,310,ACTIVE,"Woods, Denise",needs_research,surname only,disputed,"A names another person, or the matched token is a place, a word or a given name","surname-only auto-link: Cal-Access 1415912 ""WOODS FOR CITY COUNCIL 2020"" -- LA City Ethics names its candidate as Denise Woods (LA City Council Member - District 8), a different person; filer area code 310 (West LA/South Bay); this row is Lori Woods, Council Member, Signal Hill",
5d5bba84-4440-411b-8650-e7a9e30c2f06,d5d51559-14e8-466e-85de-0d24de421905,Lori Woods,"Council Member, Signal Hill",cal_access,1476138,WOODS FOR MOJAVE AIR & SPACE PORT DIRECTOR 2024,WOODS FOR MOJAVE AIR & SPACE PORT DIRECTOR 2024,213,TERMINATED 12/08/2025,,needs_research,surname only,disputed,"B another named place or district, or an opposing / ballot / recall committee","surname-only auto-link: Cal-Access 1476138 ""WOODS FOR MOJAVE AIR & SPACE PORT DIRECTOR 2024"" -- a campaign for the Mojave Air & Space Port board in Kern County, not for the row's seat; filer area code 213 (Los Angeles); this row is Lori Woods, Council Member, Signal Hill",
3a280d04-6be0-42ed-9e54-e17a0246c7b3,d5d51559-14e8-466e-85de-0d24de421905,Lori Woods,"Council Member, Signal Hill",cal_access,1477581,"TUNG, JAMES SEEKING COUNCIL MEMBER OF CITY OF LAGUNA WOODS DATE OF ELECTION NOV 5, 2024","TUNG, JAMES SEEKING COUNCIL MEMBER OF CITY OF LAGUNA WOODS DATE OF ELECTION NOV 5, 2024",626,TERMINATED 12/31/2024,,needs_research,surname only,disputed,"A names another person, or the matched token is a place, a word or a given name","surname-only auto-link: Cal-Access 1477581 ""TUNG, JAMES SEEKING COUNCIL MEMBER OF CITY OF LAGUNA WOODS DATE OF ELECTION NOV 5, 2024"" -- the surname matched the place name ""Laguna Woods (Orange County)""; the committee is James Tung's; filer area code 626 (San Gabriel Valley); this row is Lori Woods, Council Member, Signal Hill",
308d7936-2b1f-4054-b7f4-551352c78cc9,d5d51559-14e8-466e-85de-0d24de421905,Lori Woods,"Council Member, Signal Hill",la_socrata,1415912,Woods for City Council 2020,,,,"Woods, Denise",needs_research,surname only,disputed,"A names another person, or the matched token is a place, a word or a given name","surname-only auto-link: LA City Ethics committee 1415912 ""Woods for City Council 2020"" -- LA City Ethics names its candidate as Denise Woods (LA City Council Member - District 8), a different person; this row is Lori Woods, Council Member, Signal Hill",
15f0cef3-d374-4016-b79d-6575a46929f0,3a578edc-56ad-43cf-ac8f-68d05fd5d7a8,Lorraine Canales,"Council Member, Pomona",cal_access,1330442,CANALES FOR ARTESIA CITY COUNCIL 2011,CANALES FOR ARTESIA CITY COUNCIL 2015,562,ACTIVE,,needs_research,surname only,disputed,"B another named place or district, or an opposing / ballot / recall committee","surname-only auto-link: Cal-Access 1330442 ""CANALES FOR ARTESIA CITY COUNCIL 2015"" (stored as ""CANALES FOR ARTESIA CITY COUNCIL 2011"") -- a campaign for the Artesia City Council in Artesia, not for the row's seat; filer area code 562 (Long Beach); this row is Lorraine Canales, Council Member, Pomona",
50cb78c1-c98a-4054-b57c-7383e68f8203,3a578edc-56ad-43cf-ac8f-68d05fd5d7a8,Lorraine Canales,"Council Member, Pomona",cal_access,1462774,CANALES 4 POMONA CITY COUNCIL 2024; LORRAINE,CANALES 4 POMONA CITY COUNCIL 2024; LORRAINE,213,ACTIVE,,needs_research,full name,keep needs_research,full name (out of scope),,
e4b678bb-4cd1-452e-9b27-191ce6217c51,c901ab7d-d143-431f-8072-53367f0b4716,Lowrie J. Mendoza,,la_socrata,1293085,Mendoza for City Council 2007,,,,"Mendoza, Oscar",needs_research,surname only,disputed,"A names another person, or the matched token is a place, a word or a given name","surname-only auto-link: LA City Ethics committee 1293085 ""Mendoza for City Council 2007"" -- LA City Ethics names its candidate as Oscar Mendoza (LA City Council Member - District 7), a different person; this row is Lowrie J. Mendoza (active; no seat or race recorded)",
d031d95d-3963-4c34-9747-bf6184acaa4e,4110139f-8a59-40fb-a10a-cad9a224bb80,Luis Gerardo Cuellar,"Council Member, Lynwood",cal_access,1473544,CUELLAR FOR NEWHALL SCHOOL DISTRICT BOARD 2024,CUELLAR FOR NEWHALL SCHOOL DISTRICT BOARD 2024,661,ACTIVE,,needs_research,surname only,disputed,"B another named place or district, or an opposing / ballot / recall committee","surname-only auto-link: Cal-Access 1473544 ""CUELLAR FOR NEWHALL SCHOOL DISTRICT BOARD 2024"" -- a campaign for the Newhall School District board in Santa Clarita, not for the row's seat; filer area code 661 (Kern County/Antelope Valley); this row is Luis Gerardo Cuellar, Council Member, Lynwood",
84ebad34-1535-4fd0-91c0-35374cab6715,b10c4a24-a504-403b-820f-e0115578715a,Luis Roa,"Council Member, Hawaiian Gardens",cal_access,1412085,ROA FOR CITY COUNCIL 2018; LUIS,ROA FOR CITY COUNCIL 2018; LUIS,562,TERMINATED 06/30/2022,,needs_research,full name,keep needs_research,full name (out of scope),,
ba65439f-90e3-4b58-9077-c699ac254ffd,b10c4a24-a504-403b-820f-e0115578715a,Luis Roa,"Council Member, Hawaiian Gardens",cal_access,1453274,ROA FOR CITY COUNCIL 2022; LUIS,ROA FOR CITY COUNCIL 2022; LUIS,562,TERMINATED 07/30/2026,,needs_research,full name,keep needs_research,full name (out of scope),,
d99b6aaf-6519-47fb-8338-b75f34aee524,d429897d-efa9-4cf4-863b-900325cb7190,Maebe Pudlo,"candidate, CA State Senate District 26",cal_access,1480365,MAEBE PUDLO,"PUDLO, MAEBE",310,ACTIVE,,needs_research,full name,keep needs_research,full name (out of scope),,
442319b0-3f4a-493f-9eef-8d9876074672,d429897d-efa9-4cf4-863b-900325cb7190,Maebe Pudlo,"candidate, CA State Senate District 26",cal_access,1481572,"PUDLO FOR CA STATE SENATE DISTRICT 26, 2026; MAEBE","PUDLO FOR CA STATE SENATE DISTRICT 26, 2026; MAEBE",310,ACTIVE,,needs_research,full name,keep needs_research,full name (out of scope),,
db70f720-ed68-4fae-b064-e289c5d79971,ea85dfe3-1092-468e-a799-cb8054c135db,Malia M. Cohen,Controller,cal_access,1053703,COHEN FOR COUNCIL,COHEN FOR COUNCIL,415,TERMINATED 08/31/2007,,needs_research,surname only,keep needs_research,unresolved,,
77fa2b36-d22c-4348-a405-ab5fd69ca0b5,ea85dfe3-1092-468e-a799-cb8054c135db,Malia M. Cohen,Controller,cal_access,1256374,COHEN FOR COUNCIL COMMITTEE,COHEN FOR COUNCIL COMMITTEE,650,TERMINATED 12/30/2015,,needs_research,surname only,keep needs_research,unresolved,,
acf14665-1eb1-414b-9bd2-472353748de9,ea85dfe3-1092-468e-a799-cb8054c135db,Malia M. Cohen,Controller,cal_access,1269363,"COHEN FOR COUNCIL 2004, S.","COHEN FOR COUNCIL 2004, S.",707,TERMINATED 01/01/2013,,needs_research,surname only,disputed,"A names another person, or the matched token is a place, a word or a given name","surname-only auto-link: Cal-Access 1269363 ""COHEN FOR COUNCIL 2004, S."" -- names a different person (S. Cohen); filer area code 707 (North Bay); this row is Malia M. Cohen, Controller",
41648f3c-ac5b-4de9-9f9a-ba37ef7ea7ca,ea85dfe3-1092-468e-a799-cb8054c135db,Malia M. Cohen,Controller,cal_access,1300403,COHEN FOR SCHOOL BOARD 2011,COHEN FOR SCHOOL BOARD 2011,415,TERMINATED 05/19/2012,,needs_research,surname only,keep needs_research,unresolved,,
7e753469-1d9f-4625-a7a4-3f5c033c8ff2,ea85dfe3-1092-468e-a799-cb8054c135db,Malia M. Cohen,Controller,cal_access,1321410,"COHEN FOR SUPERVISOR 2010, MALIA","COHEN FOR SUPERVISOR 2010, MALIA",415,TERMINATED 08/15/2013,,needs_research,full name,keep needs_research,full name (out of scope),,
1bf18bc6-b325-450d-9dae-19ff688ac187,ea85dfe3-1092-468e-a799-cb8054c135db,Malia M. Cohen,Controller,cal_access,1345779,"COHEN FOR DEMOCRATIC COUNTY CENTRAL COMMITTEE 2012, MALIA","COHEN FOR DEMOCRATIC COUNTY CENTRAL COMMITTEE 2012, MALIA",415,TERMINATED 12/08/2015,,needs_research,full name,keep needs_research,full name (out of scope),,"full-name match, but the committee names another place: CENTRAL"
3e24c68d-818f-471a-ae46-950979bd4112,ea85dfe3-1092-468e-a799-cb8054c135db,Malia M. Cohen,Controller,cal_access,1346679,COHEN FOR DEMOCRATIC CENTRAL COMMITTEE 2012,COHEN FOR DEMOCRATIC CENTRAL COMMITTEE 2012,415,TERMINATED 06/30/2014,,needs_research,surname only,keep needs_research,unresolved,,
705b81ce-f1f5-47dd-8486-4254324bb9ca,ea85dfe3-1092-468e-a799-cb8054c135db,Malia M. Cohen,Controller,cal_access,1362440,COHEN FOR JUDGE 2014,COHEN FOR JUDGE 2014,916,TERMINATED 06/30/2014,,needs_research,surname only,keep needs_research,unresolved,,
20c1ec0d-7a1b-4ed6-9968-18fada9bec8a,ea85dfe3-1092-468e-a799-cb8054c135db,Malia M. Cohen,Controller,cal_access,1378369,COHEN FOR DEMOCRATIC COUNTY CENTRAL COMMITTEE 2016; MALIA,COHEN FOR DEMOCRATIC COUNTY CENTRAL COMMITTEE 2016; MALIA,415,TERMINATED 03/06/2019,,needs_research,full name,keep needs_research,full name (out of scope),,"full-name match, but the committee names another place: CENTRAL"
4b3fcf30-e297-4fee-a8c8-def75610ace9,ea85dfe3-1092-468e-a799-cb8054c135db,Malia M. Cohen,Controller,cal_access,1393775,COHEN FOR STATE BOARD OF EQUALIZATION 2018; MALIA,COHEN FOR STATE BOARD OF EQUALIZATION 2018; MALIA,415,TERMINATED 03/06/2019,,needs_research,full name,keep needs_research,full name (out of scope),,
2a50667f-dee3-46fc-8af4-e2a53f2035b4,ea85dfe3-1092-468e-a799-cb8054c135db,Malia M. Cohen,Controller,cal_access,1414911,COHEN FOR STATE BOARD OF EQUALIZATION 2022; MALIA,COHEN FOR STATE BOARD OF EQUALIZATION 2022; MALIA,916,TERMINATED 12/31/2021,,needs_research,full name,keep needs_research,full name (out of scope),,
afc6fef5-924f-4bd9-a259-39dbd67e20a2,ea85dfe3-1092-468e-a799-cb8054c135db,Malia M. Cohen,Controller,cal_access,1436104,COHEN FOR CONTROLLER 2022 SPONSORED BY LABOR ORGANIZATIONS; NURSES AND EDUCATORS FOR MALIA,COHEN FOR CONTROLLER 2022 SPONSORED BY LABOR ORGANIZATIONS; NURSES AND EDUCATORS FOR MALIA,916,TERMINATED 06/30/2023,,needs_research,full name,keep needs_research,full name (out of scope),,
0dbe3c0e-1c51-4c60-8943-88020f89c098,ea85dfe3-1092-468e-a799-cb8054c135db,Malia M. Cohen,Controller,cal_access,1437983,COHEN FOR CONTROLLER 2022; MALIA,COHEN FOR CONTROLLER 2022; MALIA,916,TERMINATED 02/07/2023,,needs_research,full name,keep needs_research,full name (out of scope),,
ce2dea6e-ca4c-479d-8638-e410688ae07f,ea85dfe3-1092-468e-a799-cb8054c135db,Malia M. Cohen,Controller,cal_access,1476123,COHEN FOR SANTA BARBARA UNIFIED SCHOOL DISTRICT TRUSTEE AREA 3 2024,COHEN FOR SANTA BARBARA UNIFIED SCHOOL DISTRICT TRUSTEE AREA 3 2024,805,TERMINATED 12/31/2024,,needs_research,surname only,disputed,"B another named place or district, or an opposing / ballot / recall committee","surname-only auto-link: Cal-Access 1476123 ""COHEN FOR SANTA BARBARA UNIFIED SCHOOL DISTRICT TRUSTEE AREA 3 2024"" -- a campaign for the Santa Barbara Unified school board in Santa Barbara, not for the row's seat; filer area code 805 (Central Coast/Ventura); this row is Malia M. Cohen, Controller",
b55cd207-43ba-4abf-8984-581a176ea6d0,52a27f1b-ec40-42d4-a0c3-d5c370fef60e,Manuel Acosta,"Council Member, South El Monte",cal_access,1382391,ACOSTA FOR ASSEMBLY 2016,ACOSTA FOR ASSEMBLY 2016,415,TERMINATED 06/30/2016,,needs_research,surname only,disputed,C the filer evidence places it elsewhere (area code or shared filer phone),"surname-only auto-link: Cal-Access 1382391 ""ACOSTA FOR ASSEMBLY 2016"" -- a campaign for the State Assembly; filer area code 415 (San Francisco) is outside the Los Angeles region and nothing ties it to the row; this row is Manuel Acosta, Council Member, South El Monte",
d5815724-5518-4316-a5ed-c84a8058a4b8,52a27f1b-ec40-42d4-a0c3-d5c370fef60e,Manuel Acosta,"Council Member, South El Monte",cal_access,1389424,ACOSTA FOR PVUSD TRUSTEE 2016; PARENTS AND KIDS FOR GEORGIA,ACOSTA FOR PVUSD TRUSTEE 2016; PARENTS AND KIDS FOR GEORGIA,831,TERMINATED 12/31/2016,,needs_research,surname only,disputed,"A names another person, or the matched token is a place, a word or a given name","surname-only auto-link: Cal-Access 1389424 ""ACOSTA FOR PVUSD TRUSTEE 2016; PARENTS AND KIDS FOR GEORGIA"" -- names a different person (Georgia Acosta, Pajaro Valley USD); filer area code 831 (Monterey/Santa Cruz); this row is Manuel Acosta, Council Member, South El Monte",
5fd497f7-4ab7-4ba4-a320-6b103870f650,52a27f1b-ec40-42d4-a0c3-d5c370fef60e,Manuel Acosta,"Council Member, South El Monte",cal_access,1419056,ACOSTA FOR COUNCIL 2020,ACOSTA FOR COUNCIL 2020,760,TERMINATED 03/31/2021,,needs_research,surname only,keep needs_research,unresolved,,
c175c246-b1fc-4ac2-a5f0-1033de3c6f9e,52a27f1b-ec40-42d4-a0c3-d5c370fef60e,Manuel Acosta,"Council Member, South El Monte",cal_access,1437957,ACOSTA FOR COUNCIL 2024,ACOSTA FOR COUNCIL 2024,760,ACTIVE,,needs_research,surname only,keep needs_research,unresolved,,
5fad3e99-af58-467c-98e4-898c32be1373,52a27f1b-ec40-42d4-a0c3-d5c370fef60e,Manuel Acosta,"Council Member, South El Monte",cal_access,1485314,ACOSTA FOR MAYOR 2026,ACOSTA FOR MAYOR 2026,323,ACTIVE,"Acosta, Bryant",needs_research,surname only,disputed,"A names another person, or the matched token is a place, a word or a given name","surname-only auto-link: Cal-Access 1485314 ""ACOSTA FOR MAYOR 2026"" -- LA City Ethics names its candidate as Bryant Acosta (LA Mayor), a different person; filer area code 323 (Los Angeles); this row is Manuel Acosta, Council Member, South El Monte",
ff5a2cde-a669-4e01-984d-4c3f6293b627,52a27f1b-ec40-42d4-a0c3-d5c370fef60e,Manuel Acosta,"Council Member, South El Monte",la_socrata,1485314,Acosta for Mayor 2026,,,,"Acosta, Bryant",needs_research,surname only,disputed,"A names another person, or the matched token is a place, a word or a given name","surname-only auto-link: LA City Ethics committee 1485314 ""Acosta for Mayor 2026"" -- LA City Ethics names its candidate as Bryant Acosta (LA Mayor), a different person; this row is Manuel Acosta, Council Member, South El Monte",
610ea1a6-a19f-4fa5-a95a-98a3fd0442e6,cdab13e8-29d3-4e2a-a766-f441d0478830,Manuel Lozano,"Council Member, Baldwin Park",cal_access,1077673,LOZANO FOR ASSEMBLY,LOZANO FOR ASSEMBLY,626,TERMINATED 03/17/2004,,needs_research,surname only,keep needs_research,unresolved,,
635ef22d-a5fd-458e-8b31-d8a5e535671e,cdab13e8-29d3-4e2a-a766-f441d0478830,Manuel Lozano,"Council Member, Baldwin Park",cal_access,1251071,"LOZANO, FRIENDS OF MANUEL","LOZANO, FRIENDS OF MANUEL",626,TERMINATED 09/11/2013,,needs_research,full name,keep needs_research,full name (out of scope),,
badb7b06-ed61-45a3-8c37-17f7893631c2,cdab13e8-29d3-4e2a-a766-f441d0478830,Manuel Lozano,"Council Member, Baldwin Park",cal_access,1321930,"LOZANO FOR MAYOR 2009, FRIENDS OF MANUEL","LOZANO FOR MAYOR 2009, FRIENDS OF MANUEL",626,TERMINATED 09/06/2013,,needs_research,full name,keep needs_research,full name (out of scope),,
5f0db5ea-d25b-4684-971e-77bb9e8acf11,cdab13e8-29d3-4e2a-a766-f441d0478830,Manuel Lozano,"Council Member, Baldwin Park",cal_access,1326779,"LOZANO FOR COSUMNES CSD 2010, FRIENDS OF","LOZANO FOR COSUMNES CSD 2010, FRIENDS OF",916,TERMINATED 12/30/2012,,needs_research,surname only,disputed,"B another named place or district, or an opposing / ballot / recall committee","surname-only auto-link: Cal-Access 1326779 ""LOZANO FOR COSUMNES CSD 2010, FRIENDS OF"" -- a campaign for the Cosumnes Community Services District board in Sacramento County, not for the row's seat; filer area code 916 (Sacramento); this row is Manuel Lozano, Council Member, Baldwin Park",
abb397db-f34f-43cd-baa7-b382543ea7f9,cdab13e8-29d3-4e2a-a766-f441d0478830,Manuel Lozano,"Council Member, Baldwin Park",cal_access,1338315,"LOZANO FOR MAYOR 2011, FRIENDS OF MANUEL","LOZANO FOR MAYOR 2011, FRIENDS OF MANUEL",626,TERMINATED 09/06/2013,,needs_research,full name,keep needs_research,full name (out of scope),,
0d9ac7ca-5bcf-40f4-b7c4-7e650dbfce2a,cdab13e8-29d3-4e2a-a766-f441d0478830,Manuel Lozano,"Council Member, Baldwin Park",cal_access,1360087,"LOZANO 2013, MAYOR MANUEL","LOZANO 2013, MAYOR MANUEL",626,ACTIVE,,needs_research,full name,keep needs_research,full name (out of scope),,
704e3c87-5825-4cb5-9347-51365f4a4b35,cdab13e8-29d3-4e2a-a766-f441d0478830,Manuel Lozano,"Council Member, Baldwin Park",cal_access,1363347,LOZANO FOR COSUMNES CSD DIRECTOR 2014,LOZANO FOR COSUMNES CSD DIRECTOR 2014,916,TERMINATED 07/11/2018,,needs_research,surname only,disputed,"B another named place or district, or an opposing / ballot / recall committee","surname-only auto-link: Cal-Access 1363347 ""LOZANO FOR COSUMNES CSD DIRECTOR 2014"" -- a campaign for the Cosumnes Community Services District board in Sacramento County, not for the row's seat; filer area code 916 (Sacramento); this row is Manuel Lozano, Council Member, Baldwin Park",
d79905ac-a98c-4924-a5f3-b61ea4eef6df,cdab13e8-29d3-4e2a-a766-f441d0478830,Manuel Lozano,"Council Member, Baldwin Park",cal_access,1372276,LOZANO FOR WATER BOARD 2014,LOZANO FOR WATER BOARD 2014,626,TERMINATED 12/31/2014,,needs_research,surname only,keep needs_research,unresolved,,
88285a24-6886-4426-a19f-ffb7b7467621,cdab13e8-29d3-4e2a-a766-f441d0478830,Manuel Lozano,"Council Member, Baldwin Park",cal_access,1379573,LOZANO 2020; MAYOR MANUEL,LOZANO 2020; MAYOR MANUEL,626,TERMINATED 12/31/2020,,needs_research,full name,keep needs_research,full name (out of scope),,
e6c2d762-7aad-4586-bc02-4580e6311887,cdab13e8-29d3-4e2a-a766-f441d0478830,Manuel Lozano,"Council Member, Baldwin Park",cal_access,1403382,LOZANO FOR GALT CITY COUNCIL 2018,LOZANO FOR GALT CITY COUNCIL 2018,916,TERMINATED 06/30/2019,,needs_research,surname only,disputed,"B another named place or district, or an opposing / ballot / recall committee","surname-only auto-link: Cal-Access 1403382 ""LOZANO FOR GALT CITY COUNCIL 2018"" -- a campaign for the Galt City Council in Galt (Sacramento County), not for the row's seat; filer area code 916 (Sacramento); this row is Manuel Lozano, Council Member, Baldwin Park",
95d9d642-96f0-4bf3-9eff-3b6c1583b9ee,cdab13e8-29d3-4e2a-a766-f441d0478830,Manuel Lozano,"Council Member, Baldwin Park",cal_access,1404062,"LOZANO FOR ASSEMBLY, 48TH DISTRICT 2016; MANUEL","LOZANO FOR ASSEMBLY, 48TH DISTRICT 2016; MANUEL",626,TERMINATED 07/29/2017,,needs_research,full name,keep needs_research,full name (out of scope),,
2d82af16-e191-4a26-810f-1438c1537992,cdab13e8-29d3-4e2a-a766-f441d0478830,Manuel Lozano,"Council Member, Baldwin Park",cal_access,1432204,LOZANO FOR HAYWARD CITY COUNCIL 2020,LOZANO FOR HAYWARD CITY COUNCIL 2020,510,TERMINATED 12/31/2020,,needs_research,surname only,disputed,"B another named place or district, or an opposing / ballot / recall committee","surname-only auto-link: Cal-Access 1432204 ""LOZANO FOR HAYWARD CITY COUNCIL 2020"" -- a campaign for the Hayward City Council in Hayward (Alameda County), not for the row's seat; filer area code 510 (East Bay); this row is Manuel Lozano, Council Member, Baldwin Park",
563ca741-d20e-4157-bca3-9fc1e851e1b8,cdab13e8-29d3-4e2a-a766-f441d0478830,Manuel Lozano,"Council Member, Baldwin Park",cal_access,1446428,LOZANO FOR COUNTY OF SANTA BARBARA SUPERINTENDENT OF SCHOOLS 2022,LOZANO FOR COUNTY OF SANTA BARBARA SUPERINTENDENT OF SCHOOLS 2022,805,TERMINATED 09/01/2022,,needs_research,surname only,disputed,"B another named place or district, or an opposing / ballot / recall committee","surname-only auto-link: Cal-Access 1446428 ""LOZANO FOR COUNTY OF SANTA BARBARA SUPERINTENDENT OF SCHOOLS 2022"" -- a campaign for Santa Barbara County superintendent of schools in Santa Barbara County, not for the row's seat; filer area code 805 (Central Coast/Ventura); this row is Manuel Lozano, Council Member, Baldwin Park",
96435ce8-44ad-4fd2-87c0-d328caf9448f,cdab13e8-29d3-4e2a-a766-f441d0478830,Manuel Lozano,"Council Member, Baldwin Park",cal_access,1451124,LOZANO FOR COUNCIL 2022,LOZANO FOR COUNCIL 2022,916,TERMINATED 12/31/2022,,needs_research,surname only,disputed,C the filer evidence places it elsewhere (area code or shared filer phone),"surname-only auto-link: Cal-Access 1451124 ""LOZANO FOR COUNCIL 2022"" -- it shares a personal filer phone (filer area code 916 (Sacramento)) with Cal-Access 1403382 ""LOZANO FOR GALT CITY COUNCIL 2018"", which this file disputes as another person's or another place's; this row is Manuel Lozano, Council Member, Baldwin Park",
736a3e49-fc29-40cc-b7e5-98a6ec96a9d0,cdab13e8-29d3-4e2a-a766-f441d0478830,Manuel Lozano,"Council Member, Baldwin Park",cal_access,1452091,LOZANO FOR MAYOR 2022; MANUEL,LOZANO FOR MAYOR 2022; MANUEL,626,TERMINATED 02/09/2023,,needs_research,full name,keep needs_research,full name (out of scope),,
eb65cee3-1146-41cd-88dc-c0722a9c0ab0,cdab13e8-29d3-4e2a-a766-f441d0478830,Manuel Lozano,"Council Member, Baldwin Park",cal_access,1468315,LOZANO FOR COSUMNES COMMUNITY SERVICES DISTRICT 2024,LOZANO FOR COSUMNES COMMUNITY SERVICES DISTRICT 2024,916,ACTIVE,,needs_research,surname only,disputed,"B another named place or district, or an opposing / ballot / recall committee","surname-only auto-link: Cal-Access 1468315 ""LOZANO FOR COSUMNES COMMUNITY SERVICES DISTRICT 2024"" -- a campaign for the Cosumnes Community Services District board in Sacramento County, not for the row's seat; filer area code 916 (Sacramento); this row is Manuel Lozano, Council Member, Baldwin Park",
dcf8154d-8ece-4b29-9a71-b6fd88bcc0d3,cdab13e8-29d3-4e2a-a766-f441d0478830,Manuel Lozano,"Council Member, Baldwin Park",cal_access,1475889,LOZANO FOR CITY COUNCIL 2024; MANUEL,LOZANO FOR CITY COUNCIL 2024; MANUEL,626,TERMINATED 01/24/2025,,needs_research,full name,keep needs_research,full name (out of scope),,
ae78e012-8aec-45b1-a72d-987527f63569,cdab13e8-29d3-4e2a-a766-f441d0478830,Manuel Lozano,"Council Member, Baldwin Park",cal_access,1479126,LOZANO FOR SB COUNTY SUPERINTENDENT OF SCHOOLS 2026,LOZANO FOR SB COUNTY SUPERINTENDENT OF SCHOOLS 2026,805,ACTIVE,,needs_research,surname only,disputed,"B another named place or district, or an opposing / ballot / recall committee","surname-only auto-link: Cal-Access 1479126 ""LOZANO FOR SB COUNTY SUPERINTENDENT OF SCHOOLS 2026"" -- a campaign for Santa Barbara County superintendent of schools in Santa Barbara County, not for the row's seat; filer area code 805 (Central Coast/Ventura); this row is Manuel Lozano, Council Member, Baldwin Park",
b63e77be-194a-4b3e-9051-46bb625507e6,a2c92310-496f-4c38-894c-0fef00663a2b,Manuel R. Garcia,"Council Member, Irwindale",cal_access,1034573,"GARCIA, COMMITTEE TO ELECT MANUEL D.","GARCIA, COMMITTEE TO ELECT MANUEL D.",213,TERMINATED 12/01/1990,,needs_research,full name,keep needs_research,full name (out of scope),,
dd2dc147-c0be-42bf-b39e-5dc2e000f230,50f4b2ea-42b6-42ea-8e0f-d7e749cb9b50,Marco Barcena,"Council Member, Bell Gardens",cal_access,1409773,BARCENA FOR CITY COUNCIL 2022,BARCENA FOR CITY COUNCIL 2022,562,ACTIVE,,needs_research,surname only,keep needs_research,unresolved,,
b3c7ae22-e5bf-41a8-a2b8-43f54065de5b,cd3d1dde-aa80-4a9f-aa2b-8a5f94876208,Margaret Clark,"Mayor, Rosemead",cal_access,1392530,CLARK TO ROSEMEAD CITY COUNCIL 2017; COMMITTEE TO RE-ELECT MARGARET,CLARK TO ROSEMEAD CITY COUNCIL 2017; COMMITTEE TO RE-ELECT MARGARET,626,TERMINATED 01/13/2022,,needs_research,full name,keep needs_research,full name (out of scope),,
e0151a21-aa01-42e1-9d1e-b15d3f7e9334,bd64253b-0bd1-4b9f-85b1-76180c760d07,Margarita L. Rios,"Vice Mayor, Norwalk",cal_access,1318969,"RIOS FOR SCHOOL BOARD 2009, COMMITTEE TO ELECT MARGARITA","RIOS FOR SCHOOL BOARD 2009, COMMITTEE TO ELECT MARGARITA",562,TERMINATED 01/24/2011,,needs_research,full name,keep needs_research,full name (out of scope),,
8d03b8c3-6d8b-4844-9ceb-6e262bcbce7e,bd64253b-0bd1-4b9f-85b1-76180c760d07,Margarita L. Rios,"Vice Mayor, Norwalk",cal_access,1356898,"RIOS FOR SCHOOL BOARD 2013, MARGARITA L.","RIOS FOR SCHOOL BOARD 2013, MARGARITA L.",562,TERMINATED 12/31/2020,,needs_research,full name,keep needs_research,full name (out of scope),,
41a16a4e-ccb8-4caa-95fa-1d1bd90c0434,7157dd95-0f1b-4e05-bd4f-39317345b47c,Marissa Roy,"candidate, Los Angeles City Attorney",cal_access,1479257,ROY FOR LOS ANGELES CITY ATTORNEY 2026; MARISSA,ROY FOR LOS ANGELES CITY ATTORNEY 2026; MARISSA,510,ACTIVE,"Roy, Marissa",needs_research,full name,keep needs_research,full name (out of scope),,
7faabd6a-1b12-41e7-b5b8-ce8b3c5d09e2,9dd2a633-c532-4154-b2b0-9b725fcb292f,Mark A. Waronek,"Council Member, Lomita; Mayor, Lomita",cal_access,1408333,WARONEK FOR LOMITA CITY COUNCIL 2018; RE-ELECT MARK,WARONEK FOR LOMITA CITY COUNCIL 2022; MARK,310,ACTIVE,,needs_research,full name,keep needs_research,full name (out of scope),,
c442078b-0d15-420f-8965-c42366e94fdb,8d5cb94a-4110-4e86-9f06-2c4f89bb7c71,Mark E. Pulido,"Council Member, Cerritos",cal_access,1062353,PULIDO FOR MAYOR,PULIDO FOR MAYOR 2014,949,TERMINATED 06/30/2017,,needs_research,surname only,keep needs_research,unresolved,,
719abc25-a513-4b03-ad22-31b1a4a50c04,8d5cb94a-4110-4e86-9f06-2c4f89bb7c71,Mark E. Pulido,"Council Member, Cerritos",cal_access,1349273,PULIDO FOR MAYOR 2012,PULIDO FOR MAYOR 2012,949,TERMINATED 03/31/2014,,needs_research,surname only,keep needs_research,unresolved,,
b2c31da1-1adc-4836-b572-d1df50190b79,8d5cb94a-4110-4e86-9f06-2c4f89bb7c71,Mark E. Pulido,"Council Member, Cerritos",cal_access,1390186,PULIDO FOR CITY COUNCIL 2018; COMMITTEE TO ELECT,PULIDO FOR CITY COUNCIL 2018; COMMITTEE TO ELECT,213,TERMINATED 02/07/2019,,needs_research,surname only,keep needs_research,unresolved,,
bfb5f987-cb3b-4b04-9b4f-f485ee2b6dde,8d5cb94a-4110-4e86-9f06-2c4f89bb7c71,Mark E. Pulido,"Council Member, Cerritos",cal_access,1391917,PULIDO FOR MAYOR 2016,PULIDO FOR MAYOR 2016,562,TERMINATED 12/31/2016,,needs_research,surname only,keep needs_research,unresolved,,
8a2bbaea-afa5-4510-84a4-041f4333dbe5,8d5cb94a-4110-4e86-9f06-2c4f89bb7c71,Mark E. Pulido,"Council Member, Cerritos",cal_access,1395256,PULIDO; SANTA ANA RESIDENTS AGAINST CORRUPTION POLITICAL ACTION COMMITTEE TO RECALL MAYOR MIGUEL,PULIDO; SANTA ANA RESIDENTS AGAINST CORRUPTION POLITICAL ACTION COMMITTEE TO RECALL MAYOR MIGUEL,714,TERMINATED 09/13/2017,,needs_research,surname only,disputed,"A names another person, or the matched token is a place, a word or a given name","surname-only auto-link: Cal-Access 1395256 ""PULIDO; SANTA ANA RESIDENTS AGAINST CORRUPTION POLITICAL ACTION COMMITTEE TO RECALL MAYOR MIGUEL"" -- names a different person (Mayor Miguel Pulido (Santa Ana; a recall committee)); filer area code 714 (Orange County); this row is Mark E. Pulido, Council Member, Cerritos",
83e47733-783f-421a-b5cc-5e405bbb64fb,8d5cb94a-4110-4e86-9f06-2c4f89bb7c71,Mark E. Pulido,"Council Member, Cerritos",cal_access,1413145,"PULIDO GOVERNING BOARD 2018; PUTTING STUDENTS FIRST - TRANSFORMING RAVENSWOOD,","PULIDO GOVERNING BOARD 2018; PUTTING STUDENTS FIRST - TRANSFORMING RAVENSWOOD,",650,TERMINATED 12/31/2018,,needs_research,surname only,disputed,"B another named place or district, or an opposing / ballot / recall committee","surname-only auto-link: Cal-Access 1413145 ""PULIDO GOVERNING BOARD 2018; PUTTING STUDENTS FIRST - TRANSFORMING RAVENSWOOD,"" -- a campaign for the Ravenswood school board in East Palo Alto (San Mateo County), not for the row's seat; filer area code 650 (San Mateo County); this row is Mark E. Pulido, Council Member, Cerritos",
cd15c312-48ec-4b2c-9233-671829bd4ddc,8d5cb94a-4110-4e86-9f06-2c4f89bb7c71,Mark E. Pulido,"Council Member, Cerritos",cal_access,1423430,PULIDO FOR SUPERVISOR 2020; OC SUPPORTS MIGUEL,PULIDO FOR SUPERVISOR 2020; OC SUPPORTS MIGUEL,949,TERMINATED 06/30/2020,,needs_research,surname only,disputed,"A names another person, or the matched token is a place, a word or a given name","surname-only auto-link: Cal-Access 1423430 ""PULIDO FOR SUPERVISOR 2020; OC SUPPORTS MIGUEL"" -- names a different person (Miguel Pulido); filer area code 949 (Orange County); this row is Mark E. Pulido, Council Member, Cerritos",
5f95f1b3-6d45-4dc2-b631-01a8932532cb,005d7df1-227e-4110-b254-ec835d5b5e95,Mark Gonzalez,Assembly Member (Assembly District 54),cal_access,1475174,"GONZALEZ FOR ASSEMBLY 2024, SPONSORED BY EQUALITY CALIFORNIA AND LGBT (LESBIAN, GAY, BISEXUAL & TRANSGENDER) CAUCUS LEADERSHIP FUND; COMMUNITIES UNITED TO ELECT MARK","GONZALEZ FOR ASSEMBLY 2024, SPONSORED BY EQUALITY CALIFORNIA AND LGBT (LESBIAN, GAY, BISEXUAL & TRANSGENDER) CAUCUS LEADERSHIP FUND; COMMUNITIES UNITED TO ELECT MARK",213,TERMINATED 12/31/2024,,needs_research,full name,keep needs_research,full name (out of scope),,
0e95c043-d05a-4a54-a11f-c0ff46267d97,005d7df1-227e-4110-b254-ec835d5b5e95,Mark Gonzalez,Assembly Member (Assembly District 54),cal_access,1477311,MARK GONZALEZ,"GONZALEZ, MARK",626,ACTIVE,,needs_research,full name,keep needs_research,full name (out of scope),,
2e02df27-cd65-4716-9660-34eb56704a80,ece32bfa-26de-4177-9bb3-cea506870747,Marqueece Harris-Dawson,Los Angeles City Council District 8,cal_access,1483234,MARQUEECE HARRIS-DAWSON,"HARRIS-DAWSON, MARQUEECE",213,ACTIVE,,needs_research,full name,keep needs_research,full name (out of scope),,
099084c7-dea3-4ece-b41d-c85f8a319e07,ece32bfa-26de-4177-9bb3-cea506870747,Marqueece Harris-Dawson,Los Angeles City Council District 8,cal_access,1483235,HARRIS-DAWSON LEGAL DEFENSE COMMITTEE FOR C.D. CAL. CASE NO. 2:25-CV-05917; THE MARQUEECE,HARRIS-DAWSON LEGAL DEFENSE COMMITTEE FOR C.D. CAL. CASE NO. 2:25-CV-05917; THE MARQUEECE,213,TERMINATED 03/31/2026,,needs_research,full name,keep needs_research,full name (out of scope),,
5cc1dd55-17f8-4ba6-ba73-2ecb9ef75d58,9476ec1c-9e60-4dae-b398-c81c63f6f670,Marsha McLean,"Council Member (At-Large), Santa Clarita",cal_access,1412261,MCLEAN MISSION SPRINGS WATER DISTRICT 2018 DIRECTOR; ELECT,MCLEAN MISSION SPRINGS WATER DISTRICT 2018 DIRECTOR; ELECT,424,TERMINATED 12/31/2019,,needs_research,surname only,disputed,"B another named place or district, or an opposing / ballot / recall committee","surname-only auto-link: Cal-Access 1412261 ""MCLEAN MISSION SPRINGS WATER DISTRICT 2018 DIRECTOR; ELECT"" -- a campaign for the Mission Springs Water District board in Riverside County, not for the row's seat; filer area code 424 (West LA/South Bay); this row is Marsha McLean, Council Member (At-Large), Santa Clarita",
ed67e95b-6fa2-43a4-989a-b2f4799c73d0,433cc087-78b2-4d09-b2d8-c15b5f202008,Martin U. Fuentes,"Council Member, Cudahy",cal_access,1239902,"FUENTES, FRIENDS OF","FUENTES, FRIENDS OF",714,TERMINATED 07/22/2002,,needs_research,surname only,keep needs_research,unresolved,,
952de92e-27dc-4773-89ce-1d04c2f37863,433cc087-78b2-4d09-b2d8-c15b5f202008,Martin U. Fuentes,"Council Member, Cudahy",cal_access,1261744,"FUENTES 2004, FRIENDS OF","FUENTES 2004, FRIENDS OF",949,TERMINATED 10/19/2004,,needs_research,surname only,keep needs_research,unresolved,,
a5330e28-e070-4c9a-9ab4-658d6de4a79f,433cc087-78b2-4d09-b2d8-c15b5f202008,Martin U. Fuentes,"Council Member, Cudahy",cal_access,1284325,"FUENTES 2010 FOR REPUBLICAN CENTRAL COMMITTEE, FRIENDS OF","FUENTES 2010 FOR REPUBLICAN CENTRAL COMMITTEE, FRIENDS OF",949,TERMINATED 12/31/2011,,needs_research,surname only,keep needs_research,unresolved,,
06f2caff-655a-4a27-a978-e0e4fb331e69,433cc087-78b2-4d09-b2d8-c15b5f202008,Martin U. Fuentes,"Council Member, Cudahy",cal_access,1292702,FUENTES FOR COUNCIL,FUENTES FOR COUNCIL,213,TERMINATED 03/23/2007,"Fuentes, Felipe",needs_research,surname only,disputed,"A names another person, or the matched token is a place, a word or a given name","surname-only auto-link: Cal-Access 1292702 ""FUENTES FOR COUNCIL"" -- LA City Ethics names its candidate as Felipe Fuentes (LA City Council Member - District 7), a different person; filer area code 213 (Los Angeles); this row is Martin U. Fuentes, Council Member, Cudahy",
50955bfc-be4b-4ac3-8f8a-67445c98d384,433cc087-78b2-4d09-b2d8-c15b5f202008,Martin U. Fuentes,"Council Member, Cudahy",cal_access,1294993,FUENTES FOR ASSEMBLY,FUENTES FOR ASSEMBLY,213,TERMINATED 10/19/2007,,needs_research,surname only,keep needs_research,unresolved,,probably Felipe Fuentes (Assembly 2008-2013); no given name in the record
4c02bfe6-c16d-4dd0-bd0f-db9b2154a784,433cc087-78b2-4d09-b2d8-c15b5f202008,Martin U. Fuentes,"Council Member, Cudahy",cal_access,1313818,FUENTES FOR ASSEMBLY 2010,FUENTES FOR ASSEMBLY 2010,213,TERMINATED 12/31/2011,,needs_research,surname only,keep needs_research,unresolved,,probably Felipe Fuentes (Assembly 2008-2013); no given name in the record
903d10e7-4a46-4170-8cd7-c3b4acf4e4d7,433cc087-78b2-4d09-b2d8-c15b5f202008,Martin U. Fuentes,"Council Member, Cudahy",cal_access,1323979,FUENTES FOR COUNCIL 2010,FUENTES FOR COUNCIL 2010,310,TERMINATED 04/13/2010,,needs_research,surname only,keep needs_research,unresolved,,
7610e944-6aa1-4bde-85dc-fd956b7396af,433cc087-78b2-4d09-b2d8-c15b5f202008,Martin U. Fuentes,"Council Member, Cudahy",cal_access,1337648,"FUENTES FOR OAKLAND SCHOOL BOARD 2012, PARENTS FOR RICHARD","FUENTES FOR OAKLAND SCHOOL BOARD 2012, PARENTS FOR RICHARD",510,TERMINATED 12/31/2012,,needs_research,surname only,disputed,"B another named place or district, or an opposing / ballot / recall committee","surname-only auto-link: Cal-Access 1337648 ""FUENTES FOR OAKLAND SCHOOL BOARD 2012, PARENTS FOR RICHARD"" -- a campaign for the Oakland school board (Richard Fuentes) in Oakland, not for the row's seat; filer area code 510 (East Bay); this row is Martin U. Fuentes, Council Member, Cudahy",
19394bfd-591f-433c-805f-c0b10a0f70ca,433cc087-78b2-4d09-b2d8-c15b5f202008,Martin U. Fuentes,"Council Member, Cudahy",cal_access,1363136,FUENTES FOR COUNCIL 2014,FUENTES FOR COUNCIL 2014,310,TERMINATED 07/30/2014,,needs_research,surname only,keep needs_research,unresolved,,
a1a6be98-6619-4bed-aedd-6783f7f3e3bb,433cc087-78b2-4d09-b2d8-c15b5f202008,Martin U. Fuentes,"Council Member, Cudahy",cal_access,1364023,FUENTES FOR MEMBER OF THE ASSEMBLY 38TH DISTRICT 2014,FUENTES FOR MEMBER OF THE ASSEMBLY 38TH DISTRICT 2014,661,TERMINATED 12/31/2014,,needs_research,surname only,disputed,"B another named place or district, or an opposing / ballot / recall committee","surname-only auto-link: Cal-Access 1364023 ""FUENTES FOR MEMBER OF THE ASSEMBLY 38TH DISTRICT 2014"" -- a committee for the 38th Assembly District (2014), which did not include Cudahy; filer area code 661 (Kern County/Antelope Valley); this row is Martin U. Fuentes, Council Member, Cudahy",
311f1e98-3bba-407d-818e-af9c4c0b355f,433cc087-78b2-4d09-b2d8-c15b5f202008,Martin U. Fuentes,"Council Member, Cudahy",cal_access,1369904,FUENTES FOR GOVERNING BOARD MEMBER 2014,FUENTES FOR GOVERNING BOARD MEMBER 2014,408,TERMINATED 12/03/2014,,needs_research,surname only,disputed,C the filer evidence places it elsewhere (area code or shared filer phone),"surname-only auto-link: Cal-Access 1369904 ""FUENTES FOR GOVERNING BOARD MEMBER 2014"" -- a campaign for a school governing board; filer area code 408 (San Jose) is outside the Los Angeles region and nothing ties it to the row; this row is Martin U. Fuentes, Council Member, Cudahy",
e36f0314-549e-4d01-b2eb-e3b5ed032312,433cc087-78b2-4d09-b2d8-c15b5f202008,Martin U. Fuentes,"Council Member, Cudahy",cal_access,1401956,FUENTES FOR CITY COUNCIL 2018,FUENTES FOR CITY COUNCIL 2018,916,TERMINATED 03/31/2019,,needs_research,surname only,keep needs_research,unresolved,,
22c7add3-831a-4c26-a168-2f82f9648521,433cc087-78b2-4d09-b2d8-c15b5f202008,Martin U. Fuentes,"Council Member, Cudahy",cal_access,1415203,FUENTES FOR FRESNO COUNTY BOARD OF EDUCATION 2020,FUENTES FOR FRESNO COUNTY BOARD OF EDUCATION 2020,559,TERMINATED 09/22/2020,,needs_research,surname only,disputed,"B another named place or district, or an opposing / ballot / recall committee","surname-only auto-link: Cal-Access 1415203 ""FUENTES FOR FRESNO COUNTY BOARD OF EDUCATION 2020"" -- a campaign for the Fresno County Board of Education in Fresno County, not for the row's seat; filer area code 559 (Fresno); this row is Martin U. Fuentes, Council Member, Cudahy",
a89a04fa-2d49-4a58-ab02-f85462911b30,433cc087-78b2-4d09-b2d8-c15b5f202008,Martin U. Fuentes,"Council Member, Cudahy",cal_access,1454167,"FUENTES FOR BCSD BOARD AREA 2, 2022","FUENTES FOR BCSD BOARD AREA 2, 2022",661,TERMINATED 06/12/2023,,needs_research,surname only,keep needs_research,unresolved,,
e431689f-dc5d-4f07-813d-fb5dcfd38710,334f0762-24ed-49bb-b305-90edd8b4b38b,Mary Mendoza,"Mayor, San Fernando",la_socrata,1293085,Mendoza for City Council 2007,,,,"Mendoza, Oscar",needs_research,surname only,disputed,"A names another person, or the matched token is a place, a word or a given name","surname-only auto-link: LA City Ethics committee 1293085 ""Mendoza for City Council 2007"" -- LA City Ethics names its candidate as Oscar Mendoza (LA City Council Member - District 7), a different person; this row is Mary Mendoza, Mayor, San Fernando",
85dc8c44-8c55-4884-945a-713b07e01e3c,b4f9688b-add0-44d6-bab8-e923d17d105e,Mary N. Wells,"Council Member, Beverly Hills",cal_access,1050021,"WELLS, CITIZENS FOR","WELLS, CITIZENS FOR",213,TERMINATED 12/01/1990,,needs_research,surname only,keep needs_research,unresolved,,
409ad470-cbc5-40ce-b433-faf26c0513c2,b4f9688b-add0-44d6-bab8-e923d17d105e,Mary N. Wells,"Council Member, Beverly Hills",cal_access,1055129,WELLS FOR ASSEMBLY,WELLS FOR ASSEMBLY,213,TERMINATED 10/10/2010,,needs_research,surname only,keep needs_research,unresolved,,
5ced1ac1-0814-43c0-b24f-cc8854b13198,b4f9688b-add0-44d6-bab8-e923d17d105e,Mary N. Wells,"Council Member, Beverly Hills",cal_access,1239841,"WELLS, FRIENDS OF MARY","WELLS, FRIENDS OF MARY",707,ACTIVE,,needs_research,full name,keep needs_research,full name (out of scope),,
7fd0fbb5-267b-495a-a746-51b741928c07,b4f9688b-add0-44d6-bab8-e923d17d105e,Mary N. Wells,"Council Member, Beverly Hills",cal_access,1279693,"WELLS, COMMITTEE TO ELECT RICHARD (DICK)","WELLS, COMMITTEE TO ELECT RICHARD (DICK)",661,TERMINATED 07/26/2006,,needs_research,surname only,disputed,"A names another person, or the matched token is a place, a word or a given name","surname-only auto-link: Cal-Access 1279693 ""WELLS, COMMITTEE TO ELECT RICHARD (DICK)"" -- names a different person (Richard (Dick) Wells); filer area code 661 (Kern County/Antelope Valley); this row is Mary N. Wells, Council Member, Beverly Hills",
f1f5f0f1-6017-4b30-a2cb-23884acb0dae,b4f9688b-add0-44d6-bab8-e923d17d105e,Mary N. Wells,"Council Member, Beverly Hills",cal_access,1343134,WELLS FOR CITY COUNCIL 2012,WELLS FOR CITY COUNCIL 2012,619,TERMINATED 12/31/2013,,needs_research,surname only,keep needs_research,unresolved,,
a1a49ca1-23a4-47ce-996d-d30b7ef0d2bd,b4f9688b-add0-44d6-bab8-e923d17d105e,Mary N. Wells,"Council Member, Beverly Hills",cal_access,1347357,LIBBY FOR INDIAN WELLS CITY COUNCIL 2012,LIBBY FOR INDIAN WELLS CITY COUNCIL 2012,760,TERMINATED 12/21/2012,,needs_research,surname only,disputed,"A names another person, or the matched token is a place, a word or a given name","surname-only auto-link: Cal-Access 1347357 ""LIBBY FOR INDIAN WELLS CITY COUNCIL 2012"" -- the surname matched the place name ""Indian Wells (Riverside County)""; the committee is Libby's; filer area code 760 (Inland/north San Diego County); this row is Mary N. Wells, Council Member, Beverly Hills",
51708022-c2cc-45ab-80e5-6dc51276c59a,b4f9688b-add0-44d6-bab8-e923d17d105e,Mary N. Wells,"Council Member, Beverly Hills",cal_access,1361355,WELLS FOR MAYOR 2018,WELLS FOR MAYOR 2018,619,TERMINATED 03/15/2019,,needs_research,surname only,keep needs_research,unresolved,,
caa05e23-8653-4542-945b-824b6ff52bb0,b4f9688b-add0-44d6-bab8-e923d17d105e,Mary N. Wells,"Council Member, Beverly Hills",cal_access,1369494,WELLS SAN YSIDRO SCHOOL BOARD 2014,WELLS SAN YSIDRO SCHOOL BOARD 2014,619,ACTIVE,,needs_research,surname only,disputed,"B another named place or district, or an opposing / ballot / recall committee","surname-only auto-link: Cal-Access 1369494 ""WELLS SAN YSIDRO SCHOOL BOARD 2014"" -- a campaign for the San Ysidro school board in San Diego, not for the row's seat; filer area code 619 (San Diego); this row is Mary N. Wells, Council Member, Beverly Hills",
569466ba-2a81-4862-9b23-90dc11b01f07,b4f9688b-add0-44d6-bab8-e923d17d105e,Mary N. Wells,"Council Member, Beverly Hills",cal_access,1417062,WELLS FOR MAYOR 2022,WELLS FOR MAYOR 2022,619,ACTIVE,,needs_research,surname only,keep needs_research,unresolved,,
102dbe4f-960d-4cc7-8037-41ba4a61be2e,b4f9688b-add0-44d6-bab8-e923d17d105e,Mary N. Wells,"Council Member, Beverly Hills",cal_access,1428191,WHITMAN FOR INDIAN WELLS CITY COUNCIL 2020 COMMITTEE,WHITMAN FOR INDIAN WELLS CITY COUNCIL 2020 COMMITTEE,513,TERMINATED 08/05/2020,,needs_research,surname only,disputed,"A names another person, or the matched token is a place, a word or a given name","surname-only auto-link: Cal-Access 1428191 ""WHITMAN FOR INDIAN WELLS CITY COUNCIL 2020 COMMITTEE"" -- the surname matched the place name ""Indian Wells (Riverside County)""; the committee is Whitman's; filer area code 513 (Ohio); this row is Mary N. Wells, Council Member, Beverly Hills",
8e27e555-078a-4bc5-bd08-d062516905a6,b4f9688b-add0-44d6-bab8-e923d17d105e,Mary N. Wells,"Council Member, Beverly Hills",cal_access,1430003,WELLS FOR SCHOOL BOARD 2020; MARY,WELLS FOR SCHOOL BOARD 2020; MARY,213,TERMINATED 06/14/2023,,needs_research,full name,keep needs_research,full name (out of scope),,
82c99817-7801-45fc-ba31-34da9e7640e9,b4f9688b-add0-44d6-bab8-e923d17d105e,Mary N. Wells,"Council Member, Beverly Hills",cal_access,1458048,WELLS FOR MAYOR 2026,WELLS FOR MAYOR 2026,619,ACTIVE,,needs_research,surname only,keep needs_research,unresolved,,
45cec46d-6401-4853-ae88-dbbc9b0d99a3,b4f9688b-add0-44d6-bab8-e923d17d105e,Mary N. Wells,"Council Member, Beverly Hills",cal_access,1461127,WELLS FOR BEVERLY HILLS CITY COUNCIL 2024; MARY,WELLS FOR BEVERLY HILLS CITY COUNCIL 2024; MARY,213,TERMINATED 06/10/2025,,needs_research,full name,keep needs_research,full name (out of scope),,
b149b987-1dba-4721-a9eb-383075023d3b,b4f9688b-add0-44d6-bab8-e923d17d105e,Mary N. Wells,"Council Member, Beverly Hills",cal_access,1477824,WELLS FOR SUPERVISOR 2028,WELLS FOR SUPERVISOR 2028,619,ACTIVE,,needs_research,surname only,disputed,C the filer evidence places it elsewhere (area code or shared filer phone),"surname-only auto-link: Cal-Access 1477824 ""WELLS FOR SUPERVISOR 2028"" -- a campaign for a county board of supervisors; filer area code 619 (San Diego) is outside the Los Angeles region and nothing ties it to the row; this row is Mary N. Wells, Council Member, Beverly Hills",
4ee440b2-04b9-4d3a-b995-53e182943c66,b4f9688b-add0-44d6-bab8-e923d17d105e,Mary N. Wells,"Council Member, Beverly Hills",cal_access,1477899,WELLS FOR CENTRAL COMMITTEE 2028,WELLS FOR CENTRAL COMMITTEE 2028,619,ACTIVE,,needs_research,surname only,disputed,C the filer evidence places it elsewhere (area code or shared filer phone),"surname-only auto-link: Cal-Access 1477899 ""WELLS FOR CENTRAL COMMITTEE 2028"" -- a campaign for a county party central committee; filer area code 619 (San Diego) is outside the Los Angeles region and nothing ties it to the row; this row is Mary N. Wells, Council Member, Beverly Hills",
cc7a6c15-57e5-4114-8569-7a17562368fe,895b104d-b2d4-4c7c-a543-e3464774326d,Mary Zendejas,"Councilmember, Long Beach",cal_access,1419572,ZENDEJAS FOR CITY COUNCIL 2019; MARY,ZENDEJAS FOR CITY COUNCIL 2019 OFFICEHOLDER ACCOUNT; MARY,442,ACTIVE,,needs_research,full name,keep needs_research,full name (out of scope),,
81420a84-3978-4164-b20f-b658d5360d2c,895b104d-b2d4-4c7c-a543-e3464774326d,Mary Zendejas,"Councilmember, Long Beach",cal_access,1436395,ZENDEJAS FOR CITY COUNCIL 2022; MARY,ZENDEJAS FOR CITY COUNCIL 2022; MARY,562,TERMINATED 07/25/2024,,needs_research,full name,keep needs_research,full name (out of scope),,
3c17eb4c-cb7a-4b59-aaa0-eed6a6f26d13,895b104d-b2d4-4c7c-a543-e3464774326d,Mary Zendejas,"Councilmember, Long Beach",cal_access,1479349,ZENDEJAS FOR CITY COUNCIL 2026; MARY,ZENDEJAS FOR CITY COUNCIL 2026; MARY,442,ACTIVE,,needs_research,full name,keep needs_research,full name (out of scope),,
a3edae7b-919a-4941-87d3-c6a50a417091,d0d7068a-3e65-4cbe-be5e-81cdac31cb70,Max Fomin,"candidate, CA Governor",cal_access,1486509,MAX M FOMIN,"FOMIN, MAX M",424,ACTIVE,,needs_research,full name,keep needs_research,full name (out of scope),,
d058ccfb-130a-4730-bb79-eb4bb5e48bf8,d0d7068a-3e65-4cbe-be5e-81cdac31cb70,Max Fomin,"candidate, CA Governor",cal_access,1486739,MAX FOMIN,"FOMIN, MAX",424,ACTIVE,,needs_research,full name,keep needs_research,full name (out of scope),,
b6495621-152f-4b21-a832-75173e3208b5,d0d7068a-3e65-4cbe-be5e-81cdac31cb70,Max Fomin,"candidate, CA Governor",cal_access,1486740,FOMIN GOVERNOR 2026; MAX,FOMIN GOVERNOR 2026; MAX,424,ACTIVE,,needs_research,full name,keep needs_research,full name (out of scope),,
fa19b979-4103-4947-bfd3-4d7668812dcd,203ab943-324d-4478-9093-d827d5d9c7da,Maxine Waters,Representative (District 43),cal_access,1021423,"WATERS, CITIZENS FOR","WATERS, CITIZENS FOR",213,TERMINATED 12/01/1990,,needs_research,surname only,keep needs_research,unresolved,,
f79bfcdb-be5d-46ab-8a44-05922249d245,203ab943-324d-4478-9093-d827d5d9c7da,Maxine Waters,Representative (District 43),cal_access,1021429,WATERS FOR ASSEMBLY COMMITTEE,WATERS FOR ASSEMBLY COMMITTEE,209,TERMINATED 12/01/1990,,needs_research,surname only,keep needs_research,unresolved,,
c9b94f16-0a43-4416-97b9-461c76c0b708,203ab943-324d-4478-9093-d827d5d9c7da,Maxine Waters,Representative (District 43),cal_access,1047470,"WATERS, FRIENDS OF MAXINE","WATERS, FRIENDS OF MAXINE",213,TERMINATED 12/01/1990,,needs_research,full name,keep needs_research,full name (out of scope),,
c8bdc38c-9da6-4c4c-be4c-b89d7372c44d,203ab943-324d-4478-9093-d827d5d9c7da,Maxine Waters,Representative (District 43),cal_access,1404197,WATERS FOR SUPERVISOR 2018,WATERS FOR SUPERVISOR 2018,805,TERMINATED 07/20/2018,,needs_research,surname only,disputed,C the filer evidence places it elsewhere (area code or shared filer phone),"surname-only auto-link: Cal-Access 1404197 ""WATERS FOR SUPERVISOR 2018"" -- a campaign for a county board of supervisors; filer area code 805 (Central Coast/Ventura) is outside the Los Angeles region and nothing ties it to the row; this row is Maxine Waters, Representative (District 43)",
f299eafd-edb4-4f02-976c-0cc1503e94df,80d61182-1d3a-4b9e-891a-ac6851875b16,Mayra Aguiluz,"Mayor, Maywood",cal_access,1452981,AGUILUZ FOR MAYWOOD CITY COUNCIL 2022; MAYRA,AGUILUZ FOR MAYWOOD CITY COUNCIL 2026; MAYRA,323,ACTIVE,,needs_research,full name,keep needs_research,full name (out of scope),,
7813a4e7-e69b-4a28-b904-3be5b0e1cfb8,6f3b9ac9-afde-4bef-9a18-31b8bef485da,Megan Kerr,"Councilmember, Long Beach",cal_access,1323726,"CONWELL, DEVINCENZI, KERR & MAHER FOR SCHOOL BOARD 2010","CONWELL, DEVINCENZI, KERR & MAHER FOR SCHOOL BOARD 2010",707,TERMINATED 05/10/2010,,needs_research,surname only,disputed,C the filer evidence places it elsewhere (area code or shared filer phone),"surname-only auto-link: Cal-Access 1323726 ""CONWELL, DEVINCENZI, KERR & MAHER FOR SCHOOL BOARD 2010"" -- a campaign for a school board (a slate of other people: Conwell, DeVincenzi, Kerr and Maher); filer area code 707 (North Bay) is outside the Los Angeles region and nothing ties it to the row; this row is Megan Kerr, Councilmember, Long Beach",
84a6436c-4983-4b90-b24b-c67a157368a8,6f3b9ac9-afde-4bef-9a18-31b8bef485da,Megan Kerr,"Councilmember, Long Beach",cal_access,1355481,"KERR FOR SCHOOL BOARD 2022, MEGAN","KERR FOR SCHOOL BOARD 2022, MEGAN",949,TERMINATED 06/30/2023,,needs_research,full name,keep needs_research,full name (out of scope),,
4e5eda03-25ab-4b31-a0a4-b6eb4aad1c17,6f3b9ac9-afde-4bef-9a18-31b8bef485da,Megan Kerr,"Councilmember, Long Beach",cal_access,1405806,KERR FOR MAYOR OF ADELANTO 2018; HIGH DESERT CITIZENS FOR PROGRESS SUPPORTING,"KERR FOR MAYOR OF ADELANTO 2018, SPONSORED BY LDS SCIENTIFIC, INC.; HIGH DESERT CITIZENS FOR PROGRESS SUPPORTING",916,TERMINATED 11/15/2018,,needs_research,surname only,disputed,"B another named place or district, or an opposing / ballot / recall committee","surname-only auto-link: Cal-Access 1405806 ""KERR FOR MAYOR OF ADELANTO 2018, SPONSORED BY LDS SCIENTIFIC, INC.; HIGH DESERT CITIZENS FOR PROGRESS SUPPORTING"" (stored as ""KERR FOR MAYOR OF ADELANTO 2018; HIGH DESERT CITIZENS FOR PROGRESS SUPPORTING"") -- a campaign for mayor of Adelanto in Adelanto (San Bernardino County), not for the row's seat; filer area code 916 (Sacramento); this row is Megan Kerr, Councilmember, Long Beach",
8cebad28-831d-412d-8a68-103e0e1122a9,6f3b9ac9-afde-4bef-9a18-31b8bef485da,Megan Kerr,"Councilmember, Long Beach",cal_access,1408851,KERR FOR MAYOR 2018; FRIENDS FOR ALISON,KERR FOR MAYOR 2020; FRIENDS FOR ALISON,831,TERMINATED 12/01/2023,,needs_research,surname only,disputed,"A names another person, or the matched token is a place, a word or a given name","surname-only auto-link: Cal-Access 1408851 ""KERR FOR MAYOR 2020; FRIENDS FOR ALISON"" (stored as ""KERR FOR MAYOR 2018; FRIENDS FOR ALISON"") -- names a different person (Alison Kerr); filer area code 831 (Monterey/Santa Cruz); this row is Megan Kerr, Councilmember, Long Beach",
6bba00e9-e123-469c-8ca9-62d60eb56273,6f3b9ac9-afde-4bef-9a18-31b8bef485da,Megan Kerr,"Councilmember, Long Beach",cal_access,1442719,KERR FOR CITY COUNCIL 2022; MEGAN,KERR FOR CITY COUNCIL 2022; MEGAN,442,ACTIVE,,needs_research,full name,keep needs_research,full name (out of scope),,
48feed74-3623-4169-8269-28326fa2bb9c,6f3b9ac9-afde-4bef-9a18-31b8bef485da,Megan Kerr,"Councilmember, Long Beach",cal_access,1457680,KERR FOR CITY COUNCIL 2022 OFFICEHOLDER ACCOUNT; MEGAN,KERR FOR CITY COUNCIL 2022 OFFICEHOLDER ACCOUNT; MEGAN,442,ACTIVE,,needs_research,full name,keep needs_research,full name (out of scope),,
bfdcfc85-3c41-43dd-8ebd-5ecc00bf72c2,6f3b9ac9-afde-4bef-9a18-31b8bef485da,Megan Kerr,"Councilmember, Long Beach",cal_access,1483919,KERR FOR CITY COUNCIL 2026; MEGAN,KERR FOR CITY COUNCIL 2026; MEGAN,562,ACTIVE,,needs_research,full name,keep needs_research,full name (out of scope),,
438bf99b-74ff-4062-87ed-ce17394fccc7,68d69bb6-8f8f-40d6-83cb-2d62c30c93ba,Melissa C. Lyons,,la_socrata,1437547,Lyons for City Council 2022,,,,"Lyons , Lamar",needs_research,surname only,disputed,"A names another person, or the matched token is a place, a word or a given name","surname-only auto-link: LA City Ethics committee 1437547 ""Lyons for City Council 2022"" -- LA City Ethics names its candidate as Lamar Lyons (LA City Council Member - District 15), a different person; this row is Melissa C. Lyons (active; no seat or race recorded)",
00f2c95b-69fa-425c-8104-c1068fc72348,0d4b6036-0898-444f-a01a-91847f33855d,Melissa Ramoso,"Council Member, Artesia",cal_access,1359915,"RAMOSO FOR ARTESIA CITY COUNCIL 2013, MELISSA","RAMOSO FOR ARTESIA CITY COUNCIL 2013, MELISSA",323,TERMINATED 06/30/2014,,needs_research,full name,keep needs_research,full name (out of scope),,
c128ac9f-128f-4fe6-b20f-f051fec7888f,0d4b6036-0898-444f-a01a-91847f33855d,Melissa Ramoso,"Council Member, Artesia",cal_access,1409946,RAMOSO FOR CITY COUNCIL 2022; MELISSA,RAMOSO FOR CITY COUNCIL 2022; MELISSA,323,TERMINATED 12/31/2024,,needs_research,full name,keep needs_research,full name (out of scope),,
a7436733-83e7-4f16-8942-7c1cd323289f,0d4b6036-0898-444f-a01a-91847f33855d,Melissa Ramoso,"Council Member, Artesia",cal_access,1488516,RAMOSO FOR CITY COUNCIL 2026; MELISSA,RAMOSO FOR CITY COUNCIL 2026; MELISSA,323,ACTIVE,,needs_research,full name,keep needs_research,full name (out of scope),,
a04c1775-abbf-4e36-a1be-2667525e0148,5549b6d3-b427-4ee3-b33b-48450c6138da,Mia Phillips,,cal_access,1039488,"PHILLIPS, CITIZENS FOR JOHN","PHILLIPS, CITIZENS FOR JOHN",209,TERMINATED 03/30/2005,,needs_research,surname only,disputed,"A names another person, or the matched token is a place, a word or a given name","surname-only auto-link: Cal-Access 1039488 ""PHILLIPS, CITIZENS FOR JOHN"" -- names a different person (John Phillips); filer area code 209 (Stockton/Modesto); this row is Mia Phillips (active; no seat or race recorded)",
6b7eebdc-50df-4ba4-a912-2d2fb4dcc4b6,5549b6d3-b427-4ee3-b33b-48450c6138da,Mia Phillips,,cal_access,1064644,PHILLIPS FOR ASSEMBLY,PHILLIPS FOR ASSEMBLY,415,TERMINATED 10/10/2010,,needs_research,surname only,keep needs_research,unresolved,,
54aa6ed6-8233-4e9f-98f3-f2dfcd3bec17,5549b6d3-b427-4ee3-b33b-48450c6138da,Mia Phillips,,cal_access,1228793,"PHILLIPS, FUNDS FOR CHUCK","PHILLIPS, FUNDS FOR CHUCK",760,TERMINATED 12/12/2012,,needs_research,surname only,disputed,"A names another person, or the matched token is a place, a word or a given name","surname-only auto-link: Cal-Access 1228793 ""PHILLIPS, FUNDS FOR CHUCK"" -- names a different person (Chuck Phillips); filer area code 760 (Inland/north San Diego County); this row is Mia Phillips (active; no seat or race recorded)",
dd508bf0-56a2-4e68-949a-9f1e3ad6d1b1,5549b6d3-b427-4ee3-b33b-48450c6138da,Mia Phillips,,cal_access,1239774,PHILLIPS FOR ASSEMBLY,PHILLIPS FOR ASSEMBLY,415,TERMINATED 07/30/2003,,needs_research,surname only,keep needs_research,unresolved,,
c8d0293a-8269-4a5c-a891-7bc60d2be264,5549b6d3-b427-4ee3-b33b-48450c6138da,Mia Phillips,,cal_access,1376443,PHILLIPS FOR MAYOR 2015,PHILLIPS FOR MAYOR 2015,415,TERMINATED 02/02/2023,,needs_research,surname only,keep needs_research,unresolved,,
f76e8f3e-2201-405e-9a1d-e2d3a1e289ab,5549b6d3-b427-4ee3-b33b-48450c6138da,Mia Phillips,,cal_access,1411364,PHILLIPS 4 SUSD BOARD TRUSTEE 2018,PHILLIPS 4 SUSD BOARD TRUSTEE 2018,209,ACTIVE,,needs_research,surname only,keep needs_research,unresolved,,
f2dd8314-aa7b-42c1-9b64-40eb4ef49d19,5549b6d3-b427-4ee3-b33b-48450c6138da,Mia Phillips,,cal_access,1446494,PHILLIPS FOR JUDGE 2022,PHILLIPS FOR JUDGE 2022,805,TERMINATED 12/31/2022,,needs_research,surname only,keep needs_research,unresolved,,
87f02cc5-d9d0-4278-9658-d40e5922793e,5549b6d3-b427-4ee3-b33b-48450c6138da,Mia Phillips,,cal_access,1452521,PHILLIPS FOR ORINDA UNION SCHOOL DISTRICT 2022,PHILLIPS FOR ORINDA UNION SCHOOL DISTRICT 2022,415,ACTIVE,,needs_research,surname only,keep needs_research,unresolved,,
c609a08f-ad9f-4895-a625-2e9dd60a2e6e,7e14a7c0-50dc-43ee-81b6-b86ae1ed10dc,Michael A. Cacciotti,"Council Member (District 4), South Pasadena",cal_access,1053422,"CACCIOTTI, FRIENDS OF MICHAEL","CACCIOTTI, FRIENDS OF MICHAEL",213,TERMINATED 03/21/1991,,needs_research,full name,keep needs_research,full name (out of scope),,
5ff0fa85-a2ad-4ebc-bc5f-568f03befe41,7e14a7c0-50dc-43ee-81b6-b86ae1ed10dc,Michael A. Cacciotti,"Council Member (District 4), South Pasadena",cal_access,1232042,CACCIOTTI FOR CITY COUNCIL,CACCIOTTI FOR CITY COUNCIL,626,TERMINATED 08/05/2002,,needs_research,surname only,keep needs_research,unresolved,,
235ca989-ccf3-4e8d-8910-6eb87e411002,7e14a7c0-50dc-43ee-81b6-b86ae1ed10dc,Michael A. Cacciotti,"Council Member (District 4), South Pasadena",cal_access,1272609,CACCIOTTI FOR CITY COUNCIL 2009,CACCIOTTI FOR CITY COUNCIL 2009,626,TERMINATED 11/14/2011,,needs_research,surname only,keep needs_research,unresolved,,
7dfed839-12af-4047-a081-33da848457b9,7e14a7c0-50dc-43ee-81b6-b86ae1ed10dc,Michael A. Cacciotti,"Council Member (District 4), South Pasadena",cal_access,1343054,CACCIOTTI FOR ASSEMBLY 2012,CACCIOTTI FOR ASSEMBLY 2012,213,TERMINATED 07/23/2013,,needs_research,surname only,keep needs_research,unresolved,,
930d851b-888c-42af-833e-5b04b022e166,7e14a7c0-50dc-43ee-81b6-b86ae1ed10dc,Michael A. Cacciotti,"Council Member (District 4), South Pasadena",cal_access,1359318,CACCIOTTI FOR CITY COUNCIL 2022,CACCIOTTI FOR CITY COUNCIL 2026,213,ACTIVE,,needs_research,surname only,keep needs_research,unresolved,,
4120fb3e-9d25-4158-ae57-eb5387bd642c,97fe17c8-83b4-4ce6-b5a7-5265eb6ac5e7,Michael Allawos,"Council Member (District 1), Glendora",cal_access,1373859,ALLAWOS FOR GLENDORA CITY COUNCIL 2015; MICHAEL,ALLAWOS FOR GLENDORA CITY COUNCIL 2015; MICHAEL,626,TERMINATED 06/30/2015,,needs_research,full name,keep needs_research,full name (out of scope),,
67311e25-d0ea-45ef-b119-31198148de87,97fe17c8-83b4-4ce6-b5a7-5265eb6ac5e7,Michael Allawos,"Council Member (District 1), Glendora",cal_access,1393044,ALLAWOS FOR GLENDORA CITY COUNCIL 2017,ALLAWOS FOR GLENDORA CITY COUNCIL 2017,626,TERMINATED 02/15/2018,,needs_research,surname only,keep needs_research,unresolved,,
47178285-e4f0-467c-afa5-f77f79ca07c1,45a74125-ebb2-475c-92c5-3f7d6f899f34,Michael Cao,"Council Member (District 5), Arcadia",cal_access,1443037,CAO 4 ARCARDIA CITY COUNCIL 2022,CAO 4 ARCARDIA CITY COUNCIL 2026,213,ACTIVE,,needs_research,surname only,keep needs_research,unresolved,,
899db1be-332a-4514-961a-f313740d82ff,956adbd6-02dd-42ec-92d5-b7680e2727cb,Michael Detoy,"Council Member, Hermosa Beach",cal_access,1420401,DETOY FOR HERMOSA BEACH CITY COUNCIL 2019; MICHAEL,,,,,needs_research,full name,keep needs_research,full name (out of scope),,
d47213c3-fc82-4ac4-9509-d3564705d076,24076e95-943f-4f94-afe3-05552575659c,Michael Hooper,"Board Member (Trustee Area D), Compton Unified",cal_access,1443090,HOOPER FOR DISTRICT 3 NAPA COUNTY SUPERVISOR 2022,HOOPER FOR DISTRICT 3 NAPA COUNTY SUPERVISOR 2022,408,TERMINATED 07/06/2022,,needs_research,surname only,disputed,"B another named place or district, or an opposing / ballot / recall committee","surname-only auto-link: Cal-Access 1443090 ""HOOPER FOR DISTRICT 3 NAPA COUNTY SUPERVISOR 2022"" -- a campaign for the Napa County Board of Supervisors in Napa County, not for the row's seat; filer area code 408 (San Jose); this row is Michael Hooper, Board Member (Trustee Area D), Compton Unified",
258d71de-a35f-4bc2-b590-b36b2381bb88,24076e95-943f-4f94-afe3-05552575659c,Michael Hooper,"Board Member (Trustee Area D), Compton Unified",cal_access,1462965,HOOPER FOR SCHOOL BOARD 2024; MICHAEL,HOOPER FOR SCHOOL BOARD 2024; MICHAEL,310,TERMINATED 12/31/2024,,needs_research,full name,keep needs_research,full name (out of scope),,
f083ab4f-409d-42b0-9387-59834b3cd0d7,24076e95-943f-4f94-afe3-05552575659c,Michael Hooper,"Board Member (Trustee Area D), Compton Unified",cal_access,1469220,HOOPER FOR COUNCIL 2024,HOOPER FOR COUNCIL 2024,707,ACTIVE,,needs_research,surname only,disputed,C the filer evidence places it elsewhere (area code or shared filer phone),"surname-only auto-link: Cal-Access 1469220 ""HOOPER FOR COUNCIL 2024"" -- a campaign for a city council; filer area code 707 (North Bay) is outside the Los Angeles region and nothing ties it to the row; this row is Michael Hooper, Board Member (Trustee Area D), Compton Unified",
5e6106c3-1dbd-44a7-bbd3-a9a3200c03e6,c36ae746-7519-4bf2-a602-3b4836095f13,Michael Keegan,"Council Member, Hermosa Beach",cal_access,1075831,KEEGAN FOR ASSEMBLY,KEEGAN FOR ASSEMBLY,619,TERMINATED 08/01/2001,,needs_research,surname only,disputed,C the filer evidence places it elsewhere (area code or shared filer phone),"surname-only auto-link: Cal-Access 1075831 ""KEEGAN FOR ASSEMBLY"" -- a campaign for the State Assembly; filer area code 619 (San Diego) is outside the Los Angeles region and nothing ties it to the row; this row is Michael Keegan, Council Member, Hermosa Beach",
20dd0975-3431-4c11-820a-a9edc604270d,c36ae746-7519-4bf2-a602-3b4836095f13,Michael Keegan,"Council Member, Hermosa Beach",cal_access,1076676,KEEGAN FOR COUNCIL,KEEGAN FOR COUNCIL,310,TERMINATED 08/02/2001,,needs_research,surname only,keep needs_research,unresolved,,
dbc50143-789a-4a11-9b5d-43c5abebb129,c36ae746-7519-4bf2-a602-3b4836095f13,Michael Keegan,"Council Member, Hermosa Beach",cal_access,1237213,KEEGAN FOR COUNCIL,KEEGAN FOR COUNCIL,310,TERMINATED 08/05/2002,,needs_research,surname only,keep needs_research,unresolved,,
bf5f8565-e9fe-4757-838a-053544573628,c36ae746-7519-4bf2-a602-3b4836095f13,Michael Keegan,"Council Member, Hermosa Beach",cal_access,1269183,KEEGAN FOR SCHOOL BOARD,KEEGAN FOR SCHOOL BOARD,831,TERMINATED 01/04/2005,,needs_research,surname only,disputed,C the filer evidence places it elsewhere (area code or shared filer phone),"surname-only auto-link: Cal-Access 1269183 ""KEEGAN FOR SCHOOL BOARD"" -- a campaign for a school board; filer area code 831 (Monterey/Santa Cruz) is outside the Los Angeles region and nothing ties it to the row; this row is Michael Keegan, Council Member, Hermosa Beach",
cbad13db-1b0f-4a36-9520-ae3ba9eaa99d,c36ae746-7519-4bf2-a602-3b4836095f13,Michael Keegan,"Council Member, Hermosa Beach",cal_access,1276910,"KEEGAN, FRIENDS OF MICHAEL","KEEGAN, FRIENDS OF MICHAEL",310,TERMINATED 02/05/2009,,needs_research,full name,keep needs_research,full name (out of scope),,
2a904d1d-a40c-46ec-bd5e-ff582688153e,c36ae746-7519-4bf2-a602-3b4836095f13,Michael Keegan,"Council Member, Hermosa Beach",cal_access,1320609,KEEGAN FOR CITY COUNCIL '09,KEEGAN FOR CITY COUNCIL '09,310,TERMINATED 12/11/2013,,needs_research,surname only,keep needs_research,unresolved,,
8d63c1f6-07fc-48d8-b802-d475242fd935,c36ae746-7519-4bf2-a602-3b4836095f13,Michael Keegan,"Council Member, Hermosa Beach",cal_access,1322096,COALITION OF PACIFIC COAST HIGHWAY HERMOSA BEACH BUSINESSMEN AND RESIDENTS OPPOSING THE ELECTION OF MICHAEL KEEGAN FOR CITY COUNCIL 2009,COALITION OF PACIFIC COAST HIGHWAY HERMOSA BEACH BUSINESSMEN AND RESIDENTS OPPOSING THE ELECTION OF MICHAEL KEEGAN FOR CITY COUNCIL 2009,310,TERMINATED 11/13/2009,,needs_research,full name,keep needs_research,full name (out of scope),,
7530a276-60f4-4f81-9549-bd4f79cc73c3,c36ae746-7519-4bf2-a602-3b4836095f13,Michael Keegan,"Council Member, Hermosa Beach",cal_access,1473737,KEEGAN FOR CITY COUNCIL 2024; MICHAEL,KEEGAN FOR CITY COUNCIL 2024; MICHAEL,310,TERMINATED 03/19/2025,,needs_research,full name,keep needs_research,full name (out of scope),,
c36a894c-fcac-4fd6-97bb-c635a0ebc99c,2213867b-8542-45df-bf57-37463cbe548d,Michael Kemps,"Council Member, Palos Verdes Estates",cal_access,1414925,KEMPS FOR PVE COUNCIL 2019; MICHAEL,KEMPS FOR PVE COUNCIL 2019; MICHAEL,310,ACTIVE,,needs_research,full name,keep needs_research,full name (out of scope),,
c1e079db-4666-4618-bee6-df41ea1e39cc,6d960cec-49cf-42a5-9aff-12f3d72bfc5c,Michael R. Powell,,la_socrata,1422678,Powell for Los Angeles Unified School Board District 1 2020,,,,"Powell , Tunette",needs_research,surname only,disputed,"A names another person, or the matched token is a place, a word or a given name","surname-only auto-link: LA City Ethics committee 1422678 ""Powell for Los Angeles Unified School Board District 1 2020"" -- LA City Ethics names its candidate as Tunette Powell (LAUSD Board Member - District 1), a different person; this row is Michael R. Powell (active; no seat or race recorded)",
7477f787-be4a-4f74-a795-67b5ca833ecf,b915e738-9116-46fa-941c-97f496d09e0c,Michael T. Davitt,"Mayor, La Canada Flintridge",cal_access,1334099,DAVITT FOR CITY COUNCIL 2011,DAVITT FOR CITY COUNCIL 2015,213,TERMINATED 02/22/2022,,needs_research,surname only,keep needs_research,unresolved,,
7cea26de-e7b7-427e-bfa3-e9f9b77d6d83,b915e738-9116-46fa-941c-97f496d09e0c,Michael T. Davitt,"Mayor, La Canada Flintridge",cal_access,1446101,DAVITT FOR COUNCIL 2022,DAVITT FOR COUNCIL 2022,213,TERMINATED 12/31/2025,,needs_research,surname only,keep needs_research,unresolved,,
b3234b54-946c-4126-b3ef-0d0a62c623a2,5e83fc38-3b6b-460b-9c6f-484cc3146592,Michael Tucker,,cal_access,1235012,"TUCKER, COMMITTEE TO ELECT DR SYLVIA ""GRANDMA""","TUCKER, COMMITTEE TO ELECT DR SYLVIA ""GRANDMA""",760,TERMINATED 01/22/2001,,needs_research,surname only,disputed,"A names another person, or the matched token is a place, a word or a given name","surname-only auto-link: Cal-Access 1235012 ""TUCKER, COMMITTEE TO ELECT DR SYLVIA ""GRANDMA"""" -- names a different person (Dr. Sylvia ""Grandma"" Tucker); filer area code 760 (Inland/north San Diego County); this row is Michael Tucker (active; no seat or race recorded)",
6e9a8e7e-72dc-4bca-af00-07b4fddc2731,5e83fc38-3b6b-460b-9c6f-484cc3146592,Michael Tucker,,cal_access,1277773,TUCKER FOR ASSEMBLY,TUCKER FOR ASSEMBLY,209,TERMINATED 07/30/2007,,needs_research,surname only,keep needs_research,unresolved,,
af44384c-3ac9-4a39-a03e-0bf47c5ce0ee,5e83fc38-3b6b-460b-9c6f-484cc3146592,Michael Tucker,,cal_access,1289928,TUCKER FOR TRACY COUNCIL,TUCKER FOR TRACY COUNCIL,209,TERMINATED 06/30/2010,,needs_research,surname only,keep needs_research,unresolved,,
dddf8409-e4b1-4b3a-8509-d22d828f9c14,5e83fc38-3b6b-460b-9c6f-484cc3146592,Michael Tucker,,cal_access,1430974,TUCKER FOR CITY COUNCIL 2020,TUCKER FOR CITY COUNCIL 2020,949,TERMINATED 07/22/2021,,needs_research,surname only,keep needs_research,unresolved,,
7a7b269f-1303-4ac2-bac2-b9208d4b3585,5e83fc38-3b6b-460b-9c6f-484cc3146592,Michael Tucker,,cal_access,1464895,TUCKER FOR JUDGE 2024,TUCKER FOR JUDGE 2024,760,ACTIVE,,needs_research,surname only,keep needs_research,unresolved,,
9a8d9132-d190-4e8b-8dcb-ce804e258c40,5cbf44d9-91de-4fc9-b5f0-76e2ae236914,Michelle Bailey,"Board Member (District 3), Pasadena Unified",cal_access,1293638,"BAILEY, RIVERSIDERS FOR RUSTY","BAILEY FOR RIVERSIDE CITY COUNCIL WARD 3, 2011, RUSTY",951,TERMINATED 12/31/2012,,needs_research,surname only,disputed,"A names another person, or the matched token is a place, a word or a given name","surname-only auto-link: Cal-Access 1293638 ""BAILEY FOR RIVERSIDE CITY COUNCIL WARD 3, 2011, RUSTY"" (stored as ""BAILEY, RIVERSIDERS FOR RUSTY"") -- names a different person (Rusty Bailey, Riverside council); filer area code 951 (Riverside); this row is Michelle Bailey, Board Member (District 3), Pasadena Unified",
df48f2d6-b281-4208-b0c4-26436ea2c626,5cbf44d9-91de-4fc9-b5f0-76e2ae236914,Michelle Bailey,"Board Member (District 3), Pasadena Unified",cal_access,1324425,BAILEY FOR ASSEMBLY 2010,BAILEY FOR ASSEMBLY 2010,619,TERMINATED 12/12/2012,,needs_research,surname only,disputed,C the filer evidence places it elsewhere (area code or shared filer phone),"surname-only auto-link: Cal-Access 1324425 ""BAILEY FOR ASSEMBLY 2010"" -- a campaign for the State Assembly; filer area code 619 (San Diego) is outside the Los Angeles region and nothing ties it to the row; this row is Michelle Bailey, Board Member (District 3), Pasadena Unified",
5127697c-23e2-4191-96dd-fe161b523d9f,5cbf44d9-91de-4fc9-b5f0-76e2ae236914,Michelle Bailey,"Board Member (District 3), Pasadena Unified",cal_access,1327000,BAILEY 2010 FIRE COMMISSIONER,BAILEY 2010 FIRE COMMISSIONER,559,TERMINATED 07/26/2010,,needs_research,surname only,disputed,C the filer evidence places it elsewhere (area code or shared filer phone),"surname-only auto-link: Cal-Access 1327000 ""BAILEY 2010 FIRE COMMISSIONER"" -- a campaign for a fire commission; filer area code 559 (Fresno) is outside the Los Angeles region and nothing ties it to the row; this row is Michelle Bailey, Board Member (District 3), Pasadena Unified",
abd0b049-dea2-4891-8c3e-e33e5b5b3e8e,5cbf44d9-91de-4fc9-b5f0-76e2ae236914,Michelle Bailey,"Board Member (District 3), Pasadena Unified",cal_access,1432423,BAILEY 2020 FOR LACCD BOARD SEAT 1; COMMITTEE OF,BAILEY 2020 FOR LACCD BOARD SEAT 1,323,ACTIVE,,needs_research,surname only,keep needs_research,unresolved,,
747d2f11-e7e9-4b11-bb05-9592e431efe3,5cbf44d9-91de-4fc9-b5f0-76e2ae236914,Michelle Bailey,"Board Member (District 3), Pasadena Unified",cal_access,1454261,"BAILEY FOR LRCC BOARD OF TRUSTEES, 2022","BAILEY FOR LRCC BOARD OF TRUSTEES, 2022",916,TERMINATED 12/22/2022,,needs_research,surname only,disputed,"B another named place or district, or an opposing / ballot / recall committee","surname-only auto-link: Cal-Access 1454261 ""BAILEY FOR LRCC BOARD OF TRUSTEES, 2022"" -- a campaign for the Los Rios Community College board in Sacramento, not for the row's seat; filer area code 916 (Sacramento); this row is Michelle Bailey, Board Member (District 3), Pasadena Unified",
21899e4f-8219-47a0-8885-01f0457ec74a,5cbf44d9-91de-4fc9-b5f0-76e2ae236914,Michelle Bailey,"Board Member (District 3), Pasadena Unified",cal_access,1479266,BAILEY FOR SONOMA COUNTY JUNIOR COLLEGE DISTRICT TRUSTEE AREA 3 2024,BAILEY FOR SONOMA COUNTY JUNIOR COLLEGE DISTRICT TRUSTEE AREA 3 2024,707,ACTIVE,,needs_research,surname only,disputed,"B another named place or district, or an opposing / ballot / recall committee","surname-only auto-link: Cal-Access 1479266 ""BAILEY FOR SONOMA COUNTY JUNIOR COLLEGE DISTRICT TRUSTEE AREA 3 2024"" -- a campaign for the Sonoma County Junior College board in Sonoma County, not for the row's seat; filer area code 707 (North Bay); this row is Michelle Bailey, Board Member (District 3), Pasadena Unified",
d6549e8f-d685-4271-ace9-99be467e656b,5cbf44d9-91de-4fc9-b5f0-76e2ae236914,Michelle Bailey,"Board Member (District 3), Pasadena Unified",cal_access,1489682,BAILEY FOR CITY COUNCIL 2026 - SPONSORED BY THE LINCOLN CLUB BUSINESS LEAGUE; SAN DIEGANS IN SUPPORT OF,BAILEY FOR CITY COUNCIL 2026 - SPONSORED BY THE LINCOLN CLUB BUSINESS LEAGUE; SAN DIEGANS IN SUPPORT OF,619,ACTIVE,,needs_research,surname only,disputed,"B another named place or district, or an opposing / ballot / recall committee","surname-only auto-link: Cal-Access 1489682 ""BAILEY FOR CITY COUNCIL 2026 - SPONSORED BY THE LINCOLN CLUB BUSINESS LEAGUE; SAN DIEGANS IN SUPPORT OF"" -- a campaign for a city council in San Diego, not for the row's seat; filer area code 619 (San Diego); this row is Michelle Bailey, Board Member (District 3), Pasadena Unified",
1d101a04-bfa9-49b7-b627-706b0f9c233b,cf6a072a-026b-4b95-9eb4-180be6480a95,Michelle Velasquez Bean,"Council Member, La Mirada",cal_access,1414517,"MC BEAN FOR MAYOR, 2020; MOVILLIANS FOR CHANGE:","MC BEAN FOR MAYOR, 2020; MOVILLIANS FOR CHANGE:",951,TERMINATED 07/12/2020,,needs_research,surname only,disputed,"A names another person, or the matched token is a place, a word or a given name","surname-only auto-link: Cal-Access 1414517 ""MC BEAN FOR MAYOR, 2020; MOVILLIANS FOR CHANGE:"" -- names a different person (McBean, Moreno Valley mayor race), not Bean; filer area code 951 (Riverside); this row is Michelle Velasquez Bean, Council Member, La Mirada",
bff4af5c-4069-4e44-97c8-89f13af6054b,cf6a072a-026b-4b95-9eb4-180be6480a95,Michelle Velasquez Bean,"Council Member, La Mirada",cal_access,1442894,BEAN FOR OC SUPERINTENDENT 2022,BEAN FOR OC SUPERINTENDENT 2022,714,TERMINATED 06/30/2022,,needs_research,surname only,disputed,"B another named place or district, or an opposing / ballot / recall committee","surname-only auto-link: Cal-Access 1442894 ""BEAN FOR OC SUPERINTENDENT 2022"" -- a campaign for Orange County superintendent of schools in Orange County, not for the row's seat; filer area code 714 (Orange County); this row is Michelle Velasquez Bean, Council Member, La Mirada",
93b15d6d-52a8-43cb-b595-deb9d3331a4f,cf6a072a-026b-4b95-9eb4-180be6480a95,Michelle Velasquez Bean,"Council Member, La Mirada",cal_access,1446387,BEAN 4 SHERIFF 2022,BEAN 4 SHERIFF 2022,916,TERMINATED 07/25/2022,,needs_research,surname only,keep needs_research,unresolved,,
9f94f668-12a6-43b8-aafe-31dcd505d29f,cf6a072a-026b-4b95-9eb4-180be6480a95,Michelle Velasquez Bean,"Council Member, La Mirada",cal_access,1470290,BEAN FOR CITY COUNCIL 2026; MICHELLE,BEAN FOR CITY COUNCIL 2026; MICHELLE,213,ACTIVE,,needs_research,full name,keep needs_research,full name (out of scope),,
65c3de39-9308-456a-b13e-86285517aa8f,cf6a072a-026b-4b95-9eb4-180be6480a95,Michelle Velasquez Bean,"Council Member, La Mirada",cal_access,1478839,DR. BEAN FOR OC SUPERINTENDENT 2026,DR. BEAN FOR OC SUPERINTENDENT 2026,949,ACTIVE,,needs_research,surname only,disputed,"B another named place or district, or an opposing / ballot / recall committee","surname-only auto-link: Cal-Access 1478839 ""DR. BEAN FOR OC SUPERINTENDENT 2026"" -- a campaign for Orange County superintendent of schools in Orange County, not for the row's seat; filer area code 949 (Orange County); this row is Michelle Velasquez Bean, Council Member, La Mirada",
293b57fe-1eb7-42af-8d02-624fefbc35a5,f3a0a939-0bd3-4cc5-b613-7ef379372694,Miguel De La Rosa,"Mayor, Bell Gardens",cal_access,1025151,SANTA ROSA JUNIOR COLLEGE CERTIFICATED EMPLOYEES COUNCIL,SANTA ROSA JUNIOR COLLEGE CERTIFICATED EMPLOYEES COUNCIL,707,TERMINATED 12/01/1990,,needs_research,surname only,disputed,"A names another person, or the matched token is a place, a word or a given name","surname-only auto-link: Cal-Access 1025151 ""SANTA ROSA JUNIOR COLLEGE CERTIFICATED EMPLOYEES COUNCIL"" -- the surname matched the place name ""Santa Rosa (Sonoma County)""; the committee is for someone else; filer area code 707 (North Bay); this row is Miguel De La Rosa, Mayor, Bell Gardens",
11818d64-01f8-47ba-99b7-f2a97409190d,f3a0a939-0bd3-4cc5-b613-7ef379372694,Miguel De La Rosa,"Mayor, Bell Gardens",cal_access,1069335,RICK CALL FOR SANTA ROSA JUNIOR COLLEGE TRUSTEE,RICK CALL FOR SANTA ROSA JUNIOR COLLEGE TRUSTEE,707,TERMINATED 08/27/2004,,needs_research,surname only,disputed,"A names another person, or the matched token is a place, a word or a given name","surname-only auto-link: Cal-Access 1069335 ""RICK CALL FOR SANTA ROSA JUNIOR COLLEGE TRUSTEE"" -- the surname matched the place name ""Santa Rosa (Sonoma County)""; the committee is Rick Call's; filer area code 707 (North Bay); this row is Miguel De La Rosa, Mayor, Bell Gardens",
3eb7266b-83b0-4d83-bbea-070008f81af0,f3a0a939-0bd3-4cc5-b613-7ef379372694,Miguel De La Rosa,"Mayor, Bell Gardens",cal_access,1286379,ZUMWALT FOR SANTA ROSA JOINT COMMUNITY BOARD OF TRUSTEES,ZUMWALT FOR SANTA ROSA JOINT COMMUNITY BOARD OF TRUSTEES,707,TERMINATED 12/31/2006,,needs_research,surname only,disputed,"A names another person, or the matched token is a place, a word or a given name","surname-only auto-link: Cal-Access 1286379 ""ZUMWALT FOR SANTA ROSA JOINT COMMUNITY BOARD OF TRUSTEES"" -- the surname matched the place name ""Santa Rosa (Sonoma County)""; the committee is Zumwalt's; filer area code 707 (North Bay); this row is Miguel De La Rosa, Mayor, Bell Gardens",
175e085f-81f3-4727-b2ad-47c95ca7e6bb,f3a0a939-0bd3-4cc5-b613-7ef379372694,Miguel De La Rosa,"Mayor, Bell Gardens",cal_access,1302375,CHOOSE SANTA ROSA - DIPPEL FOR MAYOR,CHOOSE SANTA ROSA - DIPPEL FOR MAYOR,707,TERMINATED 07/30/2009,,needs_research,surname only,disputed,"A names another person, or the matched token is a place, a word or a given name","surname-only auto-link: Cal-Access 1302375 ""CHOOSE SANTA ROSA - DIPPEL FOR MAYOR"" -- the surname matched the place name ""Santa Rosa (Sonoma County)""; the committee is Dippel's; filer area code 707 (North Bay); this row is Miguel De La Rosa, Mayor, Bell Gardens",
9bfc7a10-2f77-4e25-aa8d-c0d6bff03d37,f3a0a939-0bd3-4cc5-b613-7ef379372694,Miguel De La Rosa,"Mayor, Bell Gardens",cal_access,1306987,OLIVARES 4 SANTA ROSA,OLIVARES 4 SANTA ROSA,707,TERMINATED 04/23/2012,,needs_research,surname only,disputed,"A names another person, or the matched token is a place, a word or a given name","surname-only auto-link: Cal-Access 1306987 ""OLIVARES 4 SANTA ROSA"" -- the surname matched the place name ""Santa Rosa (Sonoma County)""; the committee is Olivares's; filer area code 707 (North Bay); this row is Miguel De La Rosa, Mayor, Bell Gardens",
173f1866-1b57-44c0-a7e0-86fbbf6aaede,f3a0a939-0bd3-4cc5-b613-7ef379372694,Miguel De La Rosa,"Mayor, Bell Gardens",cal_access,1308139,BENDER FOR SANTA ROSA,BENDER FOR SANTA ROSA,707,TERMINATED 03/17/2011,,needs_research,surname only,disputed,"A names another person, or the matched token is a place, a word or a given name","surname-only auto-link: Cal-Access 1308139 ""BENDER FOR SANTA ROSA"" -- the surname matched the place name ""Santa Rosa (Sonoma County)""; the committee is Bender's; filer area code 707 (North Bay); this row is Miguel De La Rosa, Mayor, Bell Gardens",
0c827286-83bd-4ea7-9c79-8382ff8a7af4,f3a0a939-0bd3-4cc5-b613-7ef379372694,Miguel De La Rosa,"Mayor, Bell Gardens",cal_access,1332087,"LOWRY FOR SANTA ROSA SCHOOL BOARD, 2010","LOWRY FOR SANTA ROSA SCHOOL BOARD, 2010",707,TERMINATED 01/20/2011,,needs_research,surname only,disputed,"A names another person, or the matched token is a place, a word or a given name","surname-only auto-link: Cal-Access 1332087 ""LOWRY FOR SANTA ROSA SCHOOL BOARD, 2010"" -- the surname matched the place name ""Santa Rosa (Sonoma County)""; the committee is Lowry's; filer area code 707 (North Bay); this row is Miguel De La Rosa, Mayor, Bell Gardens",
af2e3b5d-880f-4fd3-bd3b-f402fab2f9a6,f3a0a939-0bd3-4cc5-b613-7ef379372694,Miguel De La Rosa,"Mayor, Bell Gardens",cal_access,1333192,"GORIN AND JACOBI FOR SANTA ROSA CITY COUNCIL 2010, COALITION TO CLEAN UP THE MESS AT CITY HALL - CITIZENS OPPOSING","GORIN AND JACOBI FOR SANTA ROSA CITY COUNCIL 2010, COALITION TO CLEAN UP THE MESS AT CITY HALL - CITIZENS OPPOSING",650,TERMINATED 06/30/2011,,needs_research,surname only,disputed,"A names another person, or the matched token is a place, a word or a given name","surname-only auto-link: Cal-Access 1333192 ""GORIN AND JACOBI FOR SANTA ROSA CITY COUNCIL 2010, COALITION TO CLEAN UP THE MESS AT CITY HALL - CITIZENS OPPOSING"" -- the surname matched the place name ""Santa Rosa (Sonoma County)""; the committee is Gorin and Jacobi's; filer area code 650 (San Mateo County); this row is Miguel De La Rosa, Mayor, Bell Gardens",
50b86220-21c7-4de0-9dca-79221cc085c7,f3a0a939-0bd3-4cc5-b613-7ef379372694,Miguel De La Rosa,"Mayor, Bell Gardens",cal_access,1347566,COOK FOR SANTA ROSA COUNCIL 2012,COOK FOR SANTA ROSA COUNCIL 2012,707,TERMINATED 01/22/2013,,needs_research,surname only,disputed,"A names another person, or the matched token is a place, a word or a given name","surname-only auto-link: Cal-Access 1347566 ""COOK FOR SANTA ROSA COUNCIL 2012"" -- the surname matched the place name ""Santa Rosa (Sonoma County)""; the committee is Cook's; filer area code 707 (North Bay); this row is Miguel De La Rosa, Mayor, Bell Gardens",
b7fd848b-a59f-4dba-b690-9fd8c0fca9af,f3a0a939-0bd3-4cc5-b613-7ef379372694,Miguel De La Rosa,"Mayor, Bell Gardens",cal_access,1353499,"OLIVARES, CARLSTROM, TAYLOR AND DIPPEL AND OPPOSING WYSOCKY AND COMBS FOR SANTA ROSA CITY COUNCIL IN 2012, COMMITTEE FOR A CIVIL CITY HALL SUPPORTING","OLIVARES, CARLSTROM, TAYLOR AND DIPPEL AND OPPOSING WYSOCKY AND COMBS FOR SANTA ROSA CITY COUNCIL IN 2012, COMMITTEE FOR A CIVIL CITY HALL SUPPORTING",707,TERMINATED 01/28/2013,,needs_research,surname only,disputed,"A names another person, or the matched token is a place, a word or a given name","surname-only auto-link: Cal-Access 1353499 ""OLIVARES, CARLSTROM, TAYLOR AND DIPPEL AND OPPOSING WYSOCKY AND COMBS FOR SANTA ROSA CITY COUNCIL IN 2012, COMMITTEE FOR A CIVIL CITY HALL SUPPORTING"" -- the surname matched the place name ""Santa Rosa (Sonoma County)""; the committee is a slate of other people's; filer area code 707 (North Bay); this row is Miguel De La Rosa, Mayor, Bell Gardens",
bb95fef6-c1f6-48fc-b9f1-dfd51b382878,f3a0a939-0bd3-4cc5-b613-7ef379372694,Miguel De La Rosa,"Mayor, Bell Gardens",cal_access,1365424,SCHWEDHELM FOR SANTA ROSA CITY COUNCIL 2014,SCHWEDHELM FOR SANTA ROSA CITY COUNCIL 2014,707,TERMINATED 12/21/2017,,needs_research,surname only,disputed,"A names another person, or the matched token is a place, a word or a given name","surname-only auto-link: Cal-Access 1365424 ""SCHWEDHELM FOR SANTA ROSA CITY COUNCIL 2014"" -- the surname matched the place name ""Santa Rosa (Sonoma County)""; the committee is Schwedhelm's; filer area code 707 (North Bay); this row is Miguel De La Rosa, Mayor, Bell Gardens",
07d62315-056e-4789-aa70-2150dae717f3,f3a0a939-0bd3-4cc5-b613-7ef379372694,Miguel De La Rosa,"Mayor, Bell Gardens",cal_access,1389757,"TAYLOR FOR SANTA ROSA CITY COUNCIL 2016; CITIZENS FOR ECONOMIC AND AFFORDABLE HOUSING SOLUTIONS, SUPPORT","TAYLOR FOR SANTA ROSA CITY COUNCIL 2016; CITIZENS FOR ECONOMIC AND AFFORDABLE HOUSING SOLUTIONS, SUPPORT",707,TERMINATED 12/31/2016,,needs_research,surname only,disputed,"A names another person, or the matched token is a place, a word or a given name","surname-only auto-link: Cal-Access 1389757 ""TAYLOR FOR SANTA ROSA CITY COUNCIL 2016; CITIZENS FOR ECONOMIC AND AFFORDABLE HOUSING SOLUTIONS, SUPPORT"" -- the surname matched the place name ""Santa Rosa (Sonoma County)""; the committee is Taylor's; filer area code 707 (North Bay); this row is Miguel De La Rosa, Mayor, Bell Gardens",
a606667c-2e7e-4533-b36a-d2577e009a2b,f3a0a939-0bd3-4cc5-b613-7ef379372694,Miguel De La Rosa,"Mayor, Bell Gardens",cal_access,1394306,"FAIR AND AFFORDABLE SANTA ROSA, YES ON MEASURE ""TBD"" - 2017","FAIR AND AFFORDABLE SANTA ROSA, A COALITION OF RENTERS AND LOCAL WORKERS SUPPORTING MEASURE C",707,TERMINATED 12/31/2021,,needs_research,surname only,disputed,"A names another person, or the matched token is a place, a word or a given name","surname-only auto-link: Cal-Access 1394306 ""FAIR AND AFFORDABLE SANTA ROSA, A COALITION OF RENTERS AND LOCAL WORKERS SUPPORTING MEASURE C"" (stored as ""FAIR AND AFFORDABLE SANTA ROSA, YES ON MEASURE ""TBD"" - 2017"") -- the surname matched the place name ""Santa Rosa (Sonoma County)""; the committee is a ballot-measure coalition's; filer area code 707 (North Bay); this row is Miguel De La Rosa, Mayor, Bell Gardens",
bf079eef-1407-4114-adda-f60a5ca52a2e,f3a0a939-0bd3-4cc5-b613-7ef379372694,Miguel De La Rosa,"Mayor, Bell Gardens",cal_access,1404052,FLEMING FOR SANTA ROSA CITY COUNCIL 2026; VOTERS FOR VICTORIA,FLEMING FOR SANTA ROSA CITY COUNCIL 2026; VOTERS FOR VICTORIA,707,ACTIVE,,needs_research,surname only,disputed,"A names another person, or the matched token is a place, a word or a given name","surname-only auto-link: Cal-Access 1404052 ""FLEMING FOR SANTA ROSA CITY COUNCIL 2026; VOTERS FOR VICTORIA"" -- the surname matched the place name ""Santa Rosa (Sonoma County)""; the committee is Victoria Fleming's; filer area code 707 (North Bay); this row is Miguel De La Rosa, Mayor, Bell Gardens",
0458a9ef-d64b-42b8-a2e3-f34545c89522,f3a0a939-0bd3-4cc5-b613-7ef379372694,Miguel De La Rosa,"Mayor, Bell Gardens",cal_access,1430474,PAVONE FOR SANTA ROSA CITY COUNCIL 2020,PAVONE FOR SANTA ROSA CITY COUNCIL 2020,323,TERMINATED 02/01/2021,,needs_research,surname only,disputed,"A names another person, or the matched token is a place, a word or a given name","surname-only auto-link: Cal-Access 1430474 ""PAVONE FOR SANTA ROSA CITY COUNCIL 2020"" -- the surname matched the place name ""Santa Rosa (Sonoma County)""; the committee is Pavone's; filer area code 323 (Los Angeles); this row is Miguel De La Rosa, Mayor, Bell Gardens",
2d8cafe8-e44c-4aa2-a2f4-3154829b219a,f3a0a939-0bd3-4cc5-b613-7ef379372694,Miguel De La Rosa,"Mayor, Bell Gardens",cal_access,1454392,JACOBI FOR SANTA ROSA CITY COUNCIL 2022,JACOBI FOR SANTA ROSA CITY COUNCIL 2022,707,TERMINATED 12/30/2022,,needs_research,surname only,disputed,"A names another person, or the matched token is a place, a word or a given name","surname-only auto-link: Cal-Access 1454392 ""JACOBI FOR SANTA ROSA CITY COUNCIL 2022"" -- the surname matched the place name ""Santa Rosa (Sonoma County)""; the committee is Jacobi's; filer area code 707 (North Bay); this row is Miguel De La Rosa, Mayor, Bell Gardens",
a43e5c56-788d-47b8-965b-c6bfb130a90b,f3a0a939-0bd3-4cc5-b613-7ef379372694,Miguel De La Rosa,"Mayor, Bell Gardens",cal_access,1454669,"FLEMING FOR SANTA ROSA CITY COUNCIL 2022, SPONSORED BY TEAMSTERS LOCAL 665; WORKING PEOPLE FOR VICTORIA","FLEMING FOR SANTA ROSA CITY COUNCIL 2022, SPONSORED BY TEAMSTERS LOCAL 665; WORKING PEOPLE FOR VICTORIA",415,TERMINATED 12/31/2022,,needs_research,surname only,disputed,"A names another person, or the matched token is a place, a word or a given name","surname-only auto-link: Cal-Access 1454669 ""FLEMING FOR SANTA ROSA CITY COUNCIL 2022, SPONSORED BY TEAMSTERS LOCAL 665; WORKING PEOPLE FOR VICTORIA"" -- the surname matched the place name ""Santa Rosa (Sonoma County)""; the committee is Victoria Fleming's; filer area code 415 (San Francisco); this row is Miguel De La Rosa, Mayor, Bell Gardens",
7fb4ce51-ca08-41bd-895e-6be17d3102f0,f3a0a939-0bd3-4cc5-b613-7ef379372694,Miguel De La Rosa,"Mayor, Bell Gardens",cal_access,1485801,SANDERS FOR SANTA ROSA CITY COUNCIL - 2026 - DISTRICT 4,SANDERS FOR SANTA ROSA CITY COUNCIL - 2026 - DISTRICT 4,707,ACTIVE,,needs_research,surname only,disputed,"A names another person, or the matched token is a place, a word or a given name","surname-only auto-link: Cal-Access 1485801 ""SANDERS FOR SANTA ROSA CITY COUNCIL - 2026 - DISTRICT 4"" -- the surname matched the place name ""Santa Rosa (Sonoma County)""; the committee is Sanders's; filer area code 707 (North Bay); this row is Miguel De La Rosa, Mayor, Bell Gardens",
0fc22e5d-81ec-42ab-8807-b5631e205103,6133e73c-4c33-4cfc-9fd3-de1382729f42,Mike A. Gipson,Assembly Member (Assembly District 65),cal_access,1265606,"GIPSON FOR CARSON CITY COUNCIL 2013, MIKE","GIPSON FOR CARSON CITY COUNCIL 2013, MIKE",213,TERMINATED 09/19/2020,,needs_research,full name,keep needs_research,full name (out of scope),,"full-name match, but the committee names another place: CARSON"
1e7cd42d-995a-43ac-b559-9d800bd940cb,6133e73c-4c33-4cfc-9fd3-de1382729f42,Mike A. Gipson,Assembly Member (Assembly District 65),cal_access,1299769,GIPSON FOR ASSEMBLY,GIPSON FOR ASSEMBLY,310,TERMINATED 12/31/2010,,needs_research,surname only,keep needs_research,unresolved,,
bc4071f9-5410-4d97-a0c1-99ea283f5e6e,6133e73c-4c33-4cfc-9fd3-de1382729f42,Mike A. Gipson,Assembly Member (Assembly District 65),cal_access,1340861,GIPSON FOR ASSEMBLY 2012,GIPSON FOR ASSEMBLY 2012,213,TERMINATED 12/31/2012,,needs_research,surname only,keep needs_research,unresolved,,
ebe245ee-3759-4a95-a592-3898137ccd1d,6133e73c-4c33-4cfc-9fd3-de1382729f42,Mike A. Gipson,Assembly Member (Assembly District 65),cal_access,1356678,GIPSON FOR ASSEMBLY 2014,GIPSON FOR ASSEMBLY 2014,310,TERMINATED 06/30/2019,,needs_research,surname only,keep needs_research,unresolved,,
890cfc57-5bac-4856-b476-72341250ad0a,6133e73c-4c33-4cfc-9fd3-de1382729f42,Mike A. Gipson,Assembly Member (Assembly District 65),cal_access,1365913,"GIPSON FOR ASSEMBLY 2014, JOBS CREATION COUNCIL PAC TO SUPPORT MIKE","GIPSON FOR ASSEMBLY 2014, JOBS CREATION COUNCIL PAC TO SUPPORT MIKE",310,TERMINATED 06/30/2016,,needs_research,full name,keep needs_research,full name (out of scope),,
ca6936a5-69d7-44ac-83fb-f9c4459758a3,6133e73c-4c33-4cfc-9fd3-de1382729f42,Mike A. Gipson,Assembly Member (Assembly District 65),cal_access,1373829,GIPSON FOR ASSEMBLY 2016,GIPSON FOR ASSEMBLY 2016,310,TERMINATED 12/31/2019,,needs_research,surname only,keep needs_research,unresolved,,
fd43ba0e-ee19-4790-b6e8-0bb4bf8d5367,6133e73c-4c33-4cfc-9fd3-de1382729f42,Mike A. Gipson,Assembly Member (Assembly District 65),cal_access,1378039,GIPSON FOR ASSEMBLY LEGAL DEFENSE FUND,GIPSON FOR ASSEMBLY LEGAL DEFENSE FUND,310,TERMINATED 12/31/2018,,needs_research,surname only,keep needs_research,unresolved,,
0f5d16c5-abb4-49de-aacd-a2934e7a809b,6133e73c-4c33-4cfc-9fd3-de1382729f42,Mike A. Gipson,Assembly Member (Assembly District 65),cal_access,1392928,GIPSON FOR ASSEMBLY 2018,GIPSON FOR ASSEMBLY 2018,310,TERMINATED 12/31/2019,,needs_research,surname only,keep needs_research,unresolved,,
8536ad23-408b-48eb-bba4-a08cca84b3d7,6133e73c-4c33-4cfc-9fd3-de1382729f42,Mike A. Gipson,Assembly Member (Assembly District 65),cal_access,1414387,GIPSON FOR ASSEMBLY 2020,GIPSON FOR ASSEMBLY 2020,213,TERMINATED 06/30/2023,,needs_research,surname only,keep needs_research,unresolved,,
62c1cbb7-4773-4146-9faa-b5ac8184d4d3,6133e73c-4c33-4cfc-9fd3-de1382729f42,Mike A. Gipson,Assembly Member (Assembly District 65),cal_access,1434878,GIPSON FOR ASSEMBLY 2022,GIPSON FOR ASSEMBLY 2022,213,TERMINATED 06/30/2023,,needs_research,surname only,keep needs_research,unresolved,,
a7508738-eba1-47ee-9f93-eaa56d755901,cacdb3e3-f716-4914-9e32-a95cc632af42,Mike Fong,Assembly Member (Assembly District 49),cal_access,1019792,"EU DINNER COMMITTEE OF NORTHERN CALIFORNIA, MARCH FONG,","EU DINNER COMMITTEE OF NORTHERN CALIFORNIA, MARCH FONG,",415,TERMINATED 12/01/1990,,needs_research,surname only,disputed,"A names another person, or the matched token is a place, a word or a given name","surname-only auto-link: Cal-Access 1019792 ""EU DINNER COMMITTEE OF NORTHERN CALIFORNIA, MARCH FONG,"" -- names a different person (March Fong Eu); filer area code 415 (San Francisco); this row is Mike Fong, Assembly Member (Assembly District 49)",
bd515ae9-8f94-4763-8f60-09ea9f86989c,cacdb3e3-f716-4914-9e32-a95cc632af42,Mike Fong,Assembly Member (Assembly District 49),cal_access,1272178,"FONG 2008, FRIENDS OF","FONG 2008, FRIENDS OF",916,TERMINATED 12/31/2023,,needs_research,surname only,keep needs_research,unresolved,,
cc95567e-1a25-4041-92fa-08ab3908657b,cacdb3e3-f716-4914-9e32-a95cc632af42,Mike Fong,Assembly Member (Assembly District 49),cal_access,1366498,"FONG FOR COMMUNITY COLLEGE BOARD TRUSTEE 2015, MIKE","FONG FOR COMMUNITY COLLEGE BOARD TRUSTEE 2024, MIKE",323,TERMINATED 09/24/2022,,needs_research,full name,keep needs_research,full name (out of scope),,"full-name match, but the committee names another place: COLLEGE"
0377398e-a771-429b-9823-0983a0e7c207,cacdb3e3-f716-4914-9e32-a95cc632af42,Mike Fong,Assembly Member (Assembly District 49),cal_access,1428624,FONG FOR DANVILLE COUNCIL 2020,FONG FOR DANVILLE COUNCIL 2020,925,TERMINATED 12/31/2024,,needs_research,surname only,disputed,"B another named place or district, or an opposing / ballot / recall committee","surname-only auto-link: Cal-Access 1428624 ""FONG FOR DANVILLE COUNCIL 2020"" -- a campaign for the Danville Town Council in Danville (Contra Costa County), not for the row's seat; filer area code 925 (Contra Costa); this row is Mike Fong, Assembly Member (Assembly District 49)",
c72eb956-0514-4ca5-af4a-c1a0964fd3b0,cacdb3e3-f716-4914-9e32-a95cc632af42,Mike Fong,Assembly Member (Assembly District 49),cal_access,1436882,FONG FOR ASSEMBLY 2022; MIKE,FONG FOR ASSEMBLY 2022; MIKE,323,TERMINATED 06/30/2023,,needs_research,full name,keep needs_research,full name (out of scope),,
ce193d25-23f3-4405-a6a6-94d783c73b23,cacdb3e3-f716-4914-9e32-a95cc632af42,Mike Fong,Assembly Member (Assembly District 49),cal_access,1456970,FONG FOR ASSEMBLY 2024; MIKE,FONG FOR ASSEMBLY 2024; MIKE,323,TERMINATED 12/31/2024,,needs_research,full name,keep needs_research,full name (out of scope),,
d142655f-41d1-480e-ba60-2d33cb00c63c,cacdb3e3-f716-4914-9e32-a95cc632af42,Mike Fong,Assembly Member (Assembly District 49),cal_access,1472243,FONG FOR WEST VALLEY MISSION COMMUNITY COLLEGE,FONG FOR WEST VALLEY MISSION COMMUNITY COLLEGE DISTRICT BOARD OF TRUSTEES (AREA 2) 2024; FRIENDS OF PAUL,408,TERMINATED 02/25/2026,,needs_research,surname only,disputed,"B another named place or district, or an opposing / ballot / recall committee","surname-only auto-link: Cal-Access 1472243 ""FONG FOR WEST VALLEY MISSION COMMUNITY COLLEGE DISTRICT BOARD OF TRUSTEES (AREA 2) 2024; FRIENDS OF PAUL"" (stored as ""FONG FOR WEST VALLEY MISSION COMMUNITY COLLEGE"") -- a campaign for the West Valley-Mission Community College board (Paul Fong) in Santa Clara County, not for the row's seat; filer area code 408 (San Jose); this row is Mike Fong, Assembly Member (Assembly District 49)",
6df5c5ce-3a7f-4086-9df4-065193a9bb19,cacdb3e3-f716-4914-9e32-a95cc632af42,Mike Fong,Assembly Member (Assembly District 49),cal_access,1477447,FONG FOR ASSEMBLY 2026; MIKE,FONG FOR ASSEMBLY 2026; MIKE,323,ACTIVE,,needs_research,full name,keep needs_research,full name (out of scope),,
b44107eb-f867-4139-982d-c6f4246695dc,09da90d6-7ab7-494a-a4b6-9665a30aed16,Mireya Garcia,"Council Member, Commerce",cal_access,1446919,GARCIA FOR COMMERCE CITY COUNCIL 2026; FRIENDS OF MIREYA,GARCIA FOR COMMERCE CITY COUNCIL 2026; FRIENDS OF MIREYA,323,ACTIVE,,needs_research,full name,keep needs_research,full name (out of scope),,
22b4e48a-a166-4bbf-a4f0-86edd455d89a,44b51856-a56e-45e4-9701-52df87a760f1,Monica Manalo,"Council Member, Artesia",cal_access,1232380,MANALO FOR ARTESIA CITY COUNCIL,MANALO FOR ARTESIA CITY COUNCIL,562,TERMINATED 12/31/2004,,needs_research,surname only,keep needs_research,unresolved,,
f03fa556-5ba8-49e4-931d-c2114a48300f,44b51856-a56e-45e4-9701-52df87a760f1,Monica Manalo,"Council Member, Artesia",cal_access,1473942,MANALO FOR CITY COUNCIL 2024,MANALO FOR CITY COUNCIL 2024,562,ACTIVE,,needs_research,surname only,keep needs_research,unresolved,,
5bed6f8b-d46d-4862-a101-6783350c8e45,7c0d3bdd-a363-4d97-93a9-67034c6a0ead,Monica Rodriguez,Los Angeles City Council District 7,cal_access,1476848,MONICA RODRIGUEZ,"RODRIGUEZ, MONICA",213,ACTIVE,,needs_research,full name,keep needs_research,full name (out of scope),,
38bf3b48-60e9-4e1d-9cf8-c15df572e68f,52de992a-feb1-4162-bbf2-378affd2d375,Nadia Mendoza,"Council Member, La Puente",la_socrata,1293085,Mendoza for City Council 2007,,,,"Mendoza, Oscar",needs_research,surname only,disputed,"A names another person, or the matched token is a place, a word or a given name","surname-only auto-link: LA City Ethics committee 1293085 ""Mendoza for City Council 2007"" -- LA City Ethics names its candidate as Oscar Mendoza (LA City Council Member - District 7), a different person; this row is Nadia Mendoza, Council Member, La Puente",
01fc0444-38cc-47d0-9087-92f75a251022,805427db-0028-42f3-8ccd-11886c74938d,Nancy Tragarz,"Council Member, Walnut",cal_access,1303427,"TRAGARZ, COMMITTEE TO ELECT NANCY",TRAGARZ FOR COUNCIL 2024; COMMITTEE TO RE-ELECT NANCY,909,ACTIVE,,needs_research,full name,keep needs_research,full name (out of scope),,
3190e0d5-cdb0-403b-9ccb-15dba78f1000,805427db-0028-42f3-8ccd-11886c74938d,Nancy Tragarz,"Council Member, Walnut",cal_access,1315576,"TRAGARZ AND MARY SU, BETTER REPRESENTATION WALNUT CITIZENS COMMITTEE TO SUPPORT THE RECALL OF NANCY","TRAGARZ AND MARY SU, BETTER REPRESENTATION WALNUT CITIZENS COMMITTEE TO SUPPORT THE RECALL OF NANCY",909,TERMINATED 01/15/2014,,needs_research,full name,keep needs_research,full name (out of scope),,
122fd090-32d6-4534-9f11-fe57adacda4b,83474f06-c501-416d-a870-65d75f0cec9d,Nathan Hochman,"District Attorney, Los Angeles County",cal_access,1443581,HOCHMAN FOR ATTORNEY GENERAL 2022; FRIENDS OF NATHAN,HOCHMAN FOR ATTORNEY GENERAL 2022; FRIENDS OF NATHAN,202,TERMINATED 07/29/2024,,needs_research,full name,keep needs_research,full name (out of scope),,
a2e6b223-f4b7-4dd2-ae96-f4b425fb91e0,83474f06-c501-416d-a870-65d75f0cec9d,Nathan Hochman,"District Attorney, Los Angeles County",cal_access,1460973,"HOCHMAN FOR DISTRICT ATTORNEY 2024; LOS ANGELES COUNTY DESERVES BETTER, PRIMARILY FORMED TO SUPPORT NATHAN","HOCHMAN FOR DISTRICT ATTORNEY 2024; LOS ANGELES COUNTY DESERVES BETTER, PRIMARILY FORMED TO SUPPORT NATHAN",916,TERMINATED 12/31/2024,,needs_research,full name,keep needs_research,full name (out of scope),,
7845b2d0-8f9c-4737-82e1-291fd73b3ded,83474f06-c501-416d-a870-65d75f0cec9d,Nathan Hochman,"District Attorney, Los Angeles County",cal_access,1472059,HOCHMAN FOR DISTRICT ATTORNEY 2024; NORTH LOS ANGELES CRIME VICTIMS FOR NATHAN,HOCHMAN FOR DISTRICT ATTORNEY 2024; NORTH LOS ANGELES CRIME VICTIMS FOR NATHAN,213,TERMINATED 12/04/2024,,needs_research,full name,keep needs_research,full name (out of scope),,
a1449452-f1e2-4e62-9f8d-9b27af1b5208,83474f06-c501-416d-a870-65d75f0cec9d,Nathan Hochman,"District Attorney, Los Angeles County",cal_access,1474166,"HOCHMAN FOR DISTRICT ATTORNEY 2024, SPONSORED BY BIZFED PAC, A PROJECT OF LOS ANGELES COUNTY BUSINESS FEDERATION; NEIGHBORS AND SMALL BUSINESSES FOR A SAFER LA COUNTY SUPPORTING NATHAN","HOCHMAN FOR DISTRICT ATTORNEY 2024, SPONSORED BY BIZFED PAC, A PROJECT OF LOS ANGELES COUNTY BUSINESS FEDERATION; NEIGHBORS AND SMALL BUSINESSES FOR A SAFER LA COUNTY SUPPORTING NATHAN",323,TERMINATED 12/26/2024,,needs_research,full name,keep needs_research,full name (out of scope),,
5f816c9e-dd5a-4bfe-8bb4-8839ac9ff9ca,83474f06-c501-416d-a870-65d75f0cec9d,Nathan Hochman,"District Attorney, Los Angeles County",cal_access,1475744,"HOCHMAN FOR DA 2024; ALLIANCE TO RESTORE JUSTICE & SAFETY IN LA COUNTY, SUPPORTING NATHAN","HOCHMAN FOR DA 2024; SPONSORED BY CALIFORNIA ASSOCIATION OF REALTORS ALLIANCE TO RESTORE JUSTICE & SAFETY IN LA COUNTY, SUPPORTING NATHAN",310,TERMINATED 11/15/2024,,needs_research,full name,keep needs_research,full name (out of scope),,
03eb1a05-b399-4b7c-84a1-c83c3dc67bfd,83474f06-c501-416d-a870-65d75f0cec9d,Nathan Hochman,"District Attorney, Los Angeles County",cal_access,1475942,HOCHMAN FOR DISTRICT ATTORNEY 2024; ANGELENOS FOR A SAFER LA SUPPORTING NATHAN,"MC KINNEY FOR CITY ATTORNEY 2026; ANGELENOS FOR A SAFER LA, SUPPORTING JOHN",202,ACTIVE,,needs_research,surname absent,disputed,"A names another person, or the matched token is a place, a word or a given name","auto-link on a token that is not the row's surname: Cal-Access 1475942 ""MC KINNEY FOR CITY ATTORNEY 2026; ANGELENOS FOR A SAFER LA, SUPPORTING JOHN"" (stored as ""HOCHMAN FOR DISTRICT ATTORNEY 2024; ANGELENOS FOR A SAFER LA SUPPORTING NATHAN"") -- the row's surname does not appear in the committee name; the committee is John McKinney (LA City Attorney 2026)'s; filer area code 202 (Washington DC); this row is Nathan Hochman, District Attorney, Los Angeles County",
a30edad0-b030-4849-bdf5-288d3b6f7e24,83474f06-c501-416d-a870-65d75f0cec9d,Nathan Hochman,"District Attorney, Los Angeles County",cal_access,1476163,HOCHMAN FOR DISTRICT ATTORNEY 2024; FIREFIGHTERS SUPPORTING NATHAN,HOCHMAN FOR DISTRICT ATTORNEY 2024; FIREFIGHTERS SUPPORTING NATHAN,213,TERMINATED 06/16/2025,,needs_research,full name,keep needs_research,full name (out of scope),,
842054bb-2a6a-463c-96bf-414c7272e54d,83474f06-c501-416d-a870-65d75f0cec9d,Nathan Hochman,"District Attorney, Los Angeles County",cal_access,1477192,HOCHMAN OFFICEHOLDER ACCOUNT; DISTRICT ATTORNEY NATHAN,HOCHMAN OFFICEHOLDER ACCOUNT; DISTRICT ATTORNEY NATHAN,949,ACTIVE,,needs_research,full name,keep needs_research,full name (out of scope),,
ea53fa07-61cc-4a59-85c1-14b3a0d5c604,9b362b24-72a3-4c81-8e38-7bd476eba72e,Nayiri Nahabedian,"Board Member (Trustee Area E), Glendale Unified",cal_access,1293449,NAYIRI NAHABEDIAN COMMITTEE,NAYIRI NAHABEDIAN COMMITTEE,818,TERMINATED 06/16/2016,,needs_research,full name,keep needs_research,full name (out of scope),,
71967f44-3d8f-4ac1-8dda-50e9267e11dd,9b362b24-72a3-4c81-8e38-7bd476eba72e,Nayiri Nahabedian,"Board Member (Trustee Area E), Glendale Unified",cal_access,1323751,"NAHABEDIAN FOR ASSEMBLY 2010, NAYIRI","NAHABEDIAN FOR ASSEMBLY 2010, NAYIRI",818,TERMINATED 06/30/2011,,needs_research,full name,keep needs_research,full name (out of scope),,
8f79c431-e7f8-4fff-8698-f2cc11137c50,9b362b24-72a3-4c81-8e38-7bd476eba72e,Nayiri Nahabedian,"Board Member (Trustee Area E), Glendale Unified",cal_access,1325506,"NAHABEDIAN FOR ASSEMBLY 2010, FACULTY FOR OUR UNIVERSITY'S FUTURE, A COMMITTEE SPONSORED BY THE CALIFORNIA FACULTY ASSOCIATION, PROTECT LOCAL SCHOOLS","NAHABEDIAN FOR ASSEMBLY 2010, FACULTY FOR OUR UNIVERSITY'S FUTURE, A COMMITTEE SPONSORED BY THE CALIFORNIA FACULTY ASSOCIATION, PROTECT LOCAL SCHOOLS",310,TERMINATED 06/30/2010,,needs_research,surname only,keep needs_research,unresolved,,
f6facd77-2489-4d65-95e5-a806fb719961,9b362b24-72a3-4c81-8e38-7bd476eba72e,Nayiri Nahabedian,"Board Member (Trustee Area E), Glendale Unified",cal_access,1336791,NAHABEDIAN FOR SCHOOL BOARD 2011,NAHABEDIAN FOR SCHOOL BOARD 2011,818,TERMINATED 12/31/2012,,needs_research,surname only,keep needs_research,unresolved,,
c0396e55-653a-4a47-8b88-3eeb9f980afc,9b362b24-72a3-4c81-8e38-7bd476eba72e,Nayiri Nahabedian,"Board Member (Trustee Area E), Glendale Unified",cal_access,1374741,NAHABEDIAN FOR GLENDALE SCHOOL BOARD 2015,NAHABEDIAN FOR GLENDALE SCHOOL BOARD 2020,818,ACTIVE,,needs_research,surname only,keep needs_research,unresolved,,
48dea9cc-9d76-465f-ab44-73abffbbfe47,9b362b24-72a3-4c81-8e38-7bd476eba72e,Nayiri Nahabedian,"Board Member (Trustee Area E), Glendale Unified",cal_access,1424180,NAHABEDIAN FOR SCHOOL BOARD 2020,NAHABEDIAN FOR SCHOOL BOARD 2020,818,ACTIVE,,needs_research,surname only,keep needs_research,unresolved,,
7ce9eeea-068a-4ffa-99eb-f0f596ffe77f,ca4fefaf-f175-4d58-823d-0bf39e530a29,Ned E Davis,"Council Member, Westlake Village",cal_access,1300985,"DAVIS, COMMITTEE TO ELECT NED","DAVIS, COMMITTEE TO ELECT NED",818,TERMINATED 07/29/2008,,needs_research,full name,keep needs_research,full name (out of scope),,
f93b0e71-b0ed-43de-87cf-0a8f29576e59,ca4fefaf-f175-4d58-823d-0bf39e530a29,Ned E Davis,"Council Member, Westlake Village",cal_access,1427687,DAVIS CITY COUNCIL WESTLAKE VILLAGE 2020; COMMITTEE TO RE-ELECT NED E,DAVIS CITY COUNCIL WESTLAKE VILLAGE 2020; COMMITTEE TO RE-ELECT NED E,818,TERMINATED 08/19/2020,,needs_research,full name,keep needs_research,full name (out of scope),,
e63b9b76-49a2-4cb5-b579-c6b618315f1c,72828ba8-a748-4a81-80ff-774464e42640,Nick Melvoin,"LAUSD Board Member (District 4), Los Angeles Unified",cal_access,1382816,"MELVOIN FOR SCHOOL BOARD 2017, NICK","MELVOIN FOR SCHOOL BOARD 2017, NICK",916,TERMINATED 05/10/2017,"Melvoin, Nicholas",needs_research,full name,keep needs_research,full name (out of scope),,
223c537d-6d62-40cb-a55d-b4ceb91b80e8,72828ba8-a748-4a81-80ff-774464e42640,Nick Melvoin,"LAUSD Board Member (District 4), Los Angeles Unified",cal_access,1395130,MELVOIN FOR SCHOOL BOARD 2017 - GENERAL; NICK,MELVOIN FOR SCHOOL BOARD 2017 OFFICEHOLDER ACCOUNT; NICK,916,ACTIVE,"Melvoin, Nicholas",needs_research,full name,keep needs_research,full name (out of scope),,
73f6f24a-77b9-403a-92d9-fe0cda8240f8,72828ba8-a748-4a81-80ff-774464e42640,Nick Melvoin,"LAUSD Board Member (District 4), Los Angeles Unified",cal_access,1439298,MELVOIN FOR SCHOOL BOARD 2022; NICK,MELVOIN FOR SCHOOL BOARD 2022; NICK,916,TERMINATED 12/28/2022,"Melvoin, Nicholas",needs_research,full name,keep needs_research,full name (out of scope),,
36a76b36-4f91-435c-8a22-e278d5756f44,72828ba8-a748-4a81-80ff-774464e42640,Nick Melvoin,"LAUSD Board Member (District 4), Los Angeles Unified",cal_access,1483673,MELVOIN FOR SCHOOL BOARD 2026; NICK,MELVOIN FOR SCHOOL BOARD 2026; NICK,916,ACTIVE,"Melvoin, Nicholas",needs_research,full name,keep needs_research,full name (out of scope),,
d589b3f3-8ef7-417d-a420-ef70090139b6,e31e6ebf-91ea-478f-b4dc-6974888bdffa,Nick Schultz,Assembly Member (Assembly District 44),cal_access,1329835,SCHULTZ FOR COUNCIL 2010,SCHULTZ FOR COUNCIL 2010,714,TERMINATED 06/30/2011,,needs_research,surname only,keep needs_research,unresolved,,
86638d0e-3fe4-4d75-a818-39f2922f6bd6,e31e6ebf-91ea-478f-b4dc-6974888bdffa,Nick Schultz,Assembly Member (Assembly District 44),cal_access,1426601,SCHULTZ FOR BURBANK CITY COUNCIL 2020; NICK,SCHULTZ FOR BURBANK CITY COUNCIL 2020; NICK,323,TERMINATED 12/31/2020,,needs_research,full name,keep needs_research,full name (out of scope),,"full-name match, but the committee names another place: BURBANK"
36b692ab-3255-4c5f-95ac-4c8c70c15c5a,e31e6ebf-91ea-478f-b4dc-6974888bdffa,Nick Schultz,Assembly Member (Assembly District 44),cal_access,1453587,SCHULTZ FOR TEHACHAPI CUMMINGS COUNTY WATER DISTRICT 2022; FRIENDS OF,SCHULTZ FOR TEHACHAPI CUMMINGS COUNTY WATER DISTRICT 2022; FRIENDS OF,805,TERMINATED 11/09/2022,,needs_research,surname only,disputed,"B another named place or district, or an opposing / ballot / recall committee","surname-only auto-link: Cal-Access 1453587 ""SCHULTZ FOR TEHACHAPI CUMMINGS COUNTY WATER DISTRICT 2022; FRIENDS OF"" -- a campaign for the Tehachapi-Cummings County Water District board in Kern County, not for the row's seat; filer area code 805 (Central Coast/Ventura); this row is Nick Schultz, Assembly Member (Assembly District 44)",
b0c28845-bbc2-4542-b4fe-d40d1039ad36,e31e6ebf-91ea-478f-b4dc-6974888bdffa,Nick Schultz,Assembly Member (Assembly District 44),cal_access,1458459,SCHULTZ FOR ASSEMBLY 2024; NICK,SCHULTZ FOR ASSEMBLY 2024; NICK,323,TERMINATED 06/30/2025,,needs_research,full name,keep needs_research,full name (out of scope),,
7bd535e4-aa28-42e5-986c-ac43a3bcd51d,e31e6ebf-91ea-478f-b4dc-6974888bdffa,Nick Schultz,Assembly Member (Assembly District 44),cal_access,1477852,SCHULTZ FOR ASSEMBLY 2026; NICK,SCHULTZ FOR ASSEMBLY 2026; NICK,323,ACTIVE,,needs_research,full name,keep needs_research,full name (out of scope),,
fc882c0e-0af6-43aa-8587-a7b0f8219f39,e31e6ebf-91ea-478f-b4dc-6974888bdffa,Nick Schultz,Assembly Member (Assembly District 44),cal_access,1486901,SCHULTZ FOR TREASURER TAX COLLECTOR 2026,SCHULTZ FOR TREASURER TAX COLLECTOR 2026,714,TERMINATED 06/30/2026,,needs_research,surname only,keep needs_research,unresolved,,
ac2b3782-e09b-4197-8318-0f0fad9cfac0,a9cf3d6b-05ed-4460-a01a-e8c1242f25c7,Nicolas Kiet Quach,,cal_access,1477075,NICOLAS KIET QUACH,"QUACH, NICOLAS KIET",626,ACTIVE,,needs_research,full name,keep needs_research,full name (out of scope),,
3b7f9504-bf35-413a-a082-3e46224a2adf,f4f83935-f240-40f5-bd1d-2accbcff1af6,Nina Trieu Tarnay,"Council Member, Manhattan Beach",cal_access,1408621,TARNAY FOR TOWN COUNCIL 2018,TARNAY FOR TOWN COUNCIL 2018,530,TERMINATED 12/26/2018,,needs_research,surname only,disputed,C the filer evidence places it elsewhere (area code or shared filer phone),"surname-only auto-link: Cal-Access 1408621 ""TARNAY FOR TOWN COUNCIL 2018"" -- a campaign for a town council; filer area code 530 (far northern California) is outside the Los Angeles region and nothing ties it to the row; this row is Nina Trieu Tarnay, Council Member, Manhattan Beach",
db9140d8-8e3e-47f5-8a1c-1b1d63ff000e,f4f83935-f240-40f5-bd1d-2accbcff1af6,Nina Trieu Tarnay,"Council Member, Manhattan Beach",cal_access,1472531,TARNAY FOR MANHATTAN  BEACH CITY COUNCIL 2024; NINA,TARNAY FOR MANHATTAN BEACH CITY COUNCIL 2024; NINA,310,TERMINATED 12/31/2024,,needs_research,full name,keep needs_research,full name (out of scope),,
4afe62b5-a46d-4a3c-bb5d-d5a8f9078f54,26dbe16a-9dff-42c0-939f-5b5e529063ca,Nithya Raman,Los Angeles City Council District 4,cal_access,1420143,RAMAN FOR CITY COUNCIL 2020; NITHYA,RAMAN FOR CITY COUNCIL 2020 - OFFICEHOLDER ACCOUNT; NITHYA,323,ACTIVE,"Raman, Nithya",needs_research,full name,keep needs_research,full name (out of scope),,
d1be9b47-7d06-4adf-9eb3-02290b3b7051,26dbe16a-9dff-42c0-939f-5b5e529063ca,Nithya Raman,Los Angeles City Council District 4,cal_access,1425985,RAMAN FOR CITY COUNCIL 2020 - GENERAL; NITHYA,RAMAN FOR CITY COUNCIL 2020 - GENERAL; NITHYA,323,ACTIVE,"Raman, Nithya",needs_research,full name,keep needs_research,full name (out of scope),,
7845c155-443c-4f76-aa42-54ec745e2f7b,26dbe16a-9dff-42c0-939f-5b5e529063ca,Nithya Raman,Los Angeles City Council District 4,cal_access,1459485,RAMAN FOR CITY COUNCIL 2024; NITHYA,RAMAN FOR CITY COUNCIL 2024; NITHYA,323,ACTIVE,,needs_research,full name,keep needs_research,full name (out of scope),,
e9d72fe3-77e4-4bca-9cea-a236e70e454d,26dbe16a-9dff-42c0-939f-5b5e529063ca,Nithya Raman,Los Angeles City Council District 4,cal_access,1466448,"RAMAN FOR CITY COUNCIL 2024, SPONSORED BY UNITE HERE LOCAL 11; WORKER POWER FOR NITHYA","RAMAN FOR CITY COUNCIL 2024, SPONSORED BY UNITE HERE LOCAL 11; WORKER POWER FOR NITHYA",213,TERMINATED 06/30/2025,,needs_research,full name,keep needs_research,full name (out of scope),,
3299e75c-4ae3-40bb-9d17-5ee9b0fa9782,26dbe16a-9dff-42c0-939f-5b5e529063ca,Nithya Raman,Los Angeles City Council District 4,cal_access,1487932,RAMAN FOR MAYOR 2026; NITHYA,RAMAN FOR MAYOR 2026; NITHYA,510,ACTIVE,"Raman, Nithya",needs_research,full name,keep needs_research,full name (out of scope),,
c78d70ec-ba4c-45a6-b607-ddc89a937366,8bc76d78-5793-4ab8-ba47-ddeefeb33413,Noah Margo,"Board Member, Beverly Hills Unified",cal_access,1342254,MARGO FOR SCHOOL BOARD 2011,MARGO FOR SCHOOL BOARD 2011,310,TERMINATED 12/31/2012,,needs_research,surname only,keep needs_research,unresolved,,
3fcd3216-1f66-4215-ba14-d6a95cd3185b,8bc76d78-5793-4ab8-ba47-ddeefeb33413,Noah Margo,"Board Member, Beverly Hills Unified",cal_access,1376633,MARGO FOR SCHOOL BOARD 2015,MARGO FOR SCHOOL BOARD 2015,310,TERMINATED 12/31/2015,,needs_research,surname only,keep needs_research,unresolved,,
43f9102d-1b97-45cc-96e4-b9d2d3afa4e5,8bc76d78-5793-4ab8-ba47-ddeefeb33413,Noah Margo,"Board Member, Beverly Hills Unified",cal_access,1427452,MARGO FOR SCHOOL BOARD 2020,MARGO FOR SCHOOL BOARD 2020,310,TERMINATED 12/31/2020,,needs_research,surname only,keep needs_research,unresolved,,
23290d55-d66d-483e-921d-684d666d6f05,d32179cb-2d56-4ca0-b9eb-dc15569640c3,Noel Almario,"candidate, Los Angeles County Board of Supervisors District 1",cal_access,1486670,NOEL ALMARIO,"ALMARIO, NOEL",949,ACTIVE,,needs_research,full name,keep needs_research,full name (out of scope),,
bf7c5f9a-6268-45e1-9b55-733076c31679,d32179cb-2d56-4ca0-b9eb-dc15569640c3,Noel Almario,"candidate, Los Angeles County Board of Supervisors District 1",cal_access,1486671,ALMARIO FOR SUPERVISOR 2026; COMMITTEE TO ELECT NOEL,ALMARIO FOR SUPERVISOR 2026; COMMITTEE TO ELECT NOEL,949,ACTIVE,,needs_research,full name,keep needs_research,full name (out of scope),,
1a4f4621-758d-4c96-a582-28cb26e9c1a7,6fa28860-c3d6-45bf-8aad-eac353dc4559,Nora Garcia,"Council Member, Pomona",cal_access,1407655,GARCIA FOR CITY COUNCIL 2026; NORA,GARCIA FOR CITY COUNCIL 2030; NORA,909,ACTIVE,,needs_research,full name,keep needs_research,full name (out of scope),,
0285f183-00cb-4f7c-85df-93f186c9330f,8d820dc7-0935-44ee-a14d-fb4e3502eba1,Norm Zezula,"Council Member, La Habra Heights",cal_access,1398663,ZEZULA FOR CITY COUNCIL 2017; NORM,ZEZULA FOR CITY COUNCIL 2017; NORM,562,TERMINATED 12/29/2017,,needs_research,full name,keep needs_research,full name (out of scope),,
ac6e129b-9df0-4fb5-a546-b86e776a8893,ecc57cd4-aebc-49b7-b324-e28a0aaf05df,Ollie Cantos,"Council Member (District 4), West Covina",cal_access,1040929,CANTOS FOR ASSEMBLY,CANTOS FOR ASSEMBLY,619,TERMINATED 12/01/1990,,needs_research,surname only,disputed,C the filer evidence places it elsewhere (area code or shared filer phone),"surname-only auto-link: Cal-Access 1040929 ""CANTOS FOR ASSEMBLY"" -- a campaign for the State Assembly; filer area code 619 (San Diego) is outside the Los Angeles region and nothing ties it to the row; this row is Ollie Cantos, Council Member (District 4), West Covina",
b3bfe576-dd05-4986-9e12-70c72c97318b,e5f53196-d413-48fa-8dff-0962c5c1c566,Oralia Rebollo,"Council Member, Commerce",cal_access,1373896,REBOLLO FOR COUNCIL 2024; ORALIA,REBOLLO FOR COUNCIL 2024; ORALIA,562,ACTIVE,,needs_research,full name,keep needs_research,full name (out of scope),,
2e445f7b-581d-4101-a204-8204feb91894,86e513e7-d0a7-4419-8edd-6113629d7998,Oscar de la Torre,,cal_access,1248474,"DE LA TORRE, FRIENDS TO ELECT OSCAR","DE LA TORRE, FRIENDS TO ELECT OSCAR",310,TERMINATED 11/14/2014,,needs_research,full name,keep needs_research,full name (out of scope),,
b3c94ffa-7098-4eb9-9a02-ece870d139ea,86e513e7-d0a7-4419-8edd-6113629d7998,Oscar de la Torre,,cal_access,1330292,"DE LA TORRE FOR SCHOOL BOARD 2010, FRIENDS TO RE-ELECT OSCAR","DE LA TORRE FOR SCHOOL BOARD 2010, FRIENDS TO RE-ELECT OSCAR",310,TERMINATED 08/01/2011,,needs_research,full name,keep needs_research,full name (out of scope),,
ddbd5043-2a1e-4a92-a0d0-ce451f95b4a0,86e513e7-d0a7-4419-8edd-6113629d7998,Oscar de la Torre,,cal_access,1391562,DE LA TORRE FOR SANTA MONICA CITY COUNCIL 2016; OSCAR,DE LA TORRE FOR SANTA MONICA CITY COUNCIL 2016; OSCAR,310,ACTIVE,,needs_research,full name,keep needs_research,full name (out of scope),,"full-name match, but the committee names another place: SANTA MONICA"
95a6ed7e-26de-4e1b-973e-172e9c59e785,86e513e7-d0a7-4419-8edd-6113629d7998,Oscar de la Torre,,cal_access,1409327,DE LA TORRE TO SMMUSD SCHOOL BOARD 2018; FAMILIES TO RE-ELECT OSCAR,DE LA TORRE TO SMMUSD SCHOOL BOARD 2018; FAMILIES TO RE-ELECT OSCAR,310,ACTIVE,,needs_research,full name,keep needs_research,full name (out of scope),,
e6ad5907-5744-4237-97ef-7c0393db8b9b,86e513e7-d0a7-4419-8edd-6113629d7998,Oscar de la Torre,,cal_access,1472802,DE LA TORRE FOR SANTA MONICA CITY COUNCIL 2024; OSCAR,DE LA TORRE FOR SANTA MONICA CITY COUNCIL 2024; OSCAR,442,ACTIVE,,needs_research,full name,keep needs_research,full name (out of scope),,"full-name match, but the committee names another place: SANTA MONICA"
975a0491-5d84-4b84-9d0f-c758f0b4351e,5537914b-18c8-44c7-957d-e0a1c1e1d59a,Paige Kaluderovic,"Council Member, Redondo Beach",cal_access,1456561,KALUDEROVIC FOR CITY COUNCIL DISTRICT THREE 2023; PAIGE,KALUDEROVIC FOR CITY COUNCIL DISTRICT THREE 2023; PAIGE,424,TERMINATED 12/31/2023,,needs_research,full name,keep needs_research,full name (out of scope),,
a255b695-7243-4646-8ed7-6fe11bc9136c,5537914b-18c8-44c7-957d-e0a1c1e1d59a,Paige Kaluderovic,"Council Member, Redondo Beach",cal_access,1458407,KALUDEROVIC FOR CITY COUNCIL 2023; REDONDO BEACH EMPOWERED FOR PUBLIC SAFETY SUPPORTING PAIGE,KALUDEROVIC FOR CITY COUNCIL 2023; REDONDO BEACH EMPOWERED FOR PUBLIC SAFETY SUPPORTING PAIGE,562,TERMINATED 12/31/2023,,needs_research,full name,keep needs_research,full name (out of scope),,
099c739d-4aee-490d-917b-cbc45e33e105,788dedc0-f174-4080-bb79-cc2d26a7e61d,Paris G. Lewis,,la_socrata,1344652,Lewis for City Council District 9 2013,,,,"Lewis, Norvell",needs_research,surname only,disputed,"A names another person, or the matched token is a place, a word or a given name","surname-only auto-link: LA City Ethics committee 1344652 ""Lewis for City Council District 9 2013"" -- LA City Ethics names its candidate as Norvell Lewis (LA City Council Member - District 9), a different person; this row is Paris G. Lewis (active; no seat or race recorded)",
adf66ad3-6ece-4d17-a9ce-67ef71387f8d,deea52f0-0422-4fc8-971a-27a2471e14f2,Pat Burns,"Council Member, Huntington Beach",cal_access,1402329,BURNS FOR BOARD OF EQUALIZATION DISTRICT 2 2018,BURNS FOR BOARD OF EQUALIZATION DISTRICT 2 2018,408,TERMINATED 11/18/2018,,needs_research,surname only,disputed,C the filer evidence places it elsewhere (area code or shared filer phone),"surname-only auto-link: Cal-Access 1402329 ""BURNS FOR BOARD OF EQUALIZATION DISTRICT 2 2018"" -- a campaign for the Board of Equalization; filer area code 408 (San Jose) is outside the Los Angeles region and nothing ties it to the row; this row is Pat Burns, Council Member, Huntington Beach",
c23e2dd2-6968-4cf9-8b23-309de45ef2e7,deea52f0-0422-4fc8-971a-27a2471e14f2,Pat Burns,"Council Member, Huntington Beach",cal_access,1407210,TERI BURNS FOR NATOMAS SCHOOL BOARD 2018,TERI BURNS FOR NATOMAS SCHOOL BOARD 2018,916,TERMINATED 01/27/2019,,needs_research,surname only,disputed,"A names another person, or the matched token is a place, a word or a given name","surname-only auto-link: Cal-Access 1407210 ""TERI BURNS FOR NATOMAS SCHOOL BOARD 2018"" -- names a different person (Teri Burns, Natomas school board); filer area code 916 (Sacramento); this row is Pat Burns, Council Member, Huntington Beach",
2ac6a448-8808-4908-82c8-6d5fe7504a0d,deea52f0-0422-4fc8-971a-27a2471e14f2,Pat Burns,"Council Member, Huntington Beach",cal_access,1444900,BURNS FOR HUNTINGTON BEACH CITY COUNCIL 2022; PAT,BURNS FOR CITY COUNCIL 2022; PAT,714,TERMINATED 02/10/2026,,needs_research,full name,keep needs_research,full name (out of scope),,
bd40886b-64c0-4bd8-b4d8-fd0e1e8bceff,deea52f0-0422-4fc8-971a-27a2471e14f2,Pat Burns,"Council Member, Huntington Beach",cal_access,1483059,BURNS FOR COUNTY SUPERINTENDENT OF SCHOOLS 2026,BURNS FOR COUNTY SUPERINTENDENT OF SCHOOLS 2026,916,ACTIVE,,needs_research,surname only,keep needs_research,unresolved,,
dd27362f-9146-4732-bc5f-d1842878fba6,deea52f0-0422-4fc8-971a-27a2471e14f2,Pat Burns,"Council Member, Huntington Beach",cal_access,1485084,BURNS FOR CITY COUNCIL 2026,BURNS FOR CITY COUNCIL 2026,714,ACTIVE,,needs_research,surname only,keep needs_research,unresolved,,
29f8e457-28f9-4461-bd60-cb17cbbb4dbc,7dae12c6-d2b7-45a4-af3f-0003e13fbacf,Pat Cahalan,"Board Member (District 4), Pasadena Unified",cal_access,1374089,CAHALAN FOR SCHOOL BOARD 2020,CAHALAN FOR SCHOOL BOARD 2020,626,TERMINATED 12/31/2020,,needs_research,surname only,keep needs_research,unresolved,,
152eae79-a122-471e-be76-2dd3fa28cc62,527baa04-a1ec-47e0-9fa9-f5ca47c540c7,Pat Wilson,"Council Member, Rolling Hills",cal_access,1024650,"RILES & GARY HART, EDUCATORS FOR WILSON","RILES & GARY HART, EDUCATORS FOR WILSON",805,TERMINATED 12/01/1990,,needs_research,surname only,keep needs_research,unresolved,,probably Pete Wilson (Governor 1990); no given name in the record
d739d100-2224-4caf-9e1e-912f7a0db8a8,527baa04-a1ec-47e0-9fa9-f5ca47c540c7,Pat Wilson,"Council Member, Rolling Hills",cal_access,1048822,"WILSON, CENTRAL CALIFORNIA HISPANICS FOR PETE","WILSON, CENTRAL CALIFORNIA HISPANICS FOR PETE",714,TERMINATED 12/01/1990,,needs_research,surname only,disputed,"A names another person, or the matched token is a place, a word or a given name","surname-only auto-link: Cal-Access 1048822 ""WILSON, CENTRAL CALIFORNIA HISPANICS FOR PETE"" -- names a different person (Pete Wilson); filer area code 714 (Orange County); this row is Pat Wilson, Council Member, Rolling Hills",
264ebbd1-0b2c-46da-920c-2b342e65dc90,527baa04-a1ec-47e0-9fa9-f5ca47c540c7,Pat Wilson,"Council Member, Rolling Hills",cal_access,1048823,"WILSON, NORTHERN CALIFORNIA HISPANICS FOR PETE","WILSON, NORTHERN CALIFORNIA HISPANICS FOR PETE",714,TERMINATED 12/01/1990,,needs_research,surname only,disputed,"A names another person, or the matched token is a place, a word or a given name","surname-only auto-link: Cal-Access 1048823 ""WILSON, NORTHERN CALIFORNIA HISPANICS FOR PETE"" -- names a different person (Pete Wilson); filer area code 714 (Orange County); this row is Pat Wilson, Council Member, Rolling Hills",
6399d7af-05a4-4104-8f8a-786ad66151e0,527baa04-a1ec-47e0-9fa9-f5ca47c540c7,Pat Wilson,"Council Member, Rolling Hills",cal_access,1051753,"WILSON, THE SPIRIT OF PETE","WILSON, THE SPIRIT OF PETE",619,TERMINATED 12/01/1990,,needs_research,surname only,disputed,"A names another person, or the matched token is a place, a word or a given name","surname-only auto-link: Cal-Access 1051753 ""WILSON, THE SPIRIT OF PETE"" -- names a different person (Pete Wilson); filer area code 619 (San Diego); this row is Pat Wilson, Council Member, Rolling Hills",
d86827f8-dce1-425f-a560-e8965f5bff0d,527baa04-a1ec-47e0-9fa9-f5ca47c540c7,Pat Wilson,"Council Member, Rolling Hills",cal_access,1055079,WILSON FOR ASSEMBLY,WILSON FOR ASSEMBLY,714,TERMINATED 10/10/2010,,needs_research,surname only,keep needs_research,unresolved,,
673cba37-cc8f-4a81-8674-c1c9661280f0,527baa04-a1ec-47e0-9fa9-f5ca47c540c7,Pat Wilson,"Council Member, Rolling Hills",cal_access,1057775,"WILSON, CITIZENS TO RECALL","WILSON, CITIZENS TO RECALL",408,TERMINATED 10/10/2010,,needs_research,surname only,disputed,"B another named place or district, or an opposing / ballot / recall committee","surname-only auto-link: Cal-Access 1057775 ""WILSON, CITIZENS TO RECALL"" -- a recall committee, not the row's own committee; filer area code 408 (San Jose); this row is Pat Wilson, Council Member, Rolling Hills",
dd2cd0aa-e57f-48ba-bd4c-b79df8cd0f61,527baa04-a1ec-47e0-9fa9-f5ca47c540c7,Pat Wilson,"Council Member, Rolling Hills",cal_access,1059117,"WILSON, CITIZENS TO DEFEAT PETE","WILSON, CITIZENS TO DEFEAT PETE",818,TERMINATED 06/08/1993,,needs_research,surname only,disputed,"A names another person, or the matched token is a place, a word or a given name","surname-only auto-link: Cal-Access 1059117 ""WILSON, CITIZENS TO DEFEAT PETE"" -- names a different person (Pete Wilson (a committee to defeat him)); filer area code 818 (San Fernando Valley); this row is Pat Wilson, Council Member, Rolling Hills",
103c5148-9ef1-4b8f-b144-5cf3aa37f0b2,527baa04-a1ec-47e0-9fa9-f5ca47c540c7,Pat Wilson,"Council Member, Rolling Hills",cal_access,1063445,WILSON FOR ASSEMBLY,WILSON FOR ASSEMBLY,213,TERMINATED 10/10/2010,,needs_research,surname only,keep needs_research,unresolved,,
eba69d69-01e1-4837-a5de-9a2651eec253,527baa04-a1ec-47e0-9fa9-f5ca47c540c7,Pat Wilson,"Council Member, Rolling Hills",cal_access,1076666,WILSON - MAYOR 2009,WILSON - MAYOR 2009,925,TERMINATED 12/24/2012,,needs_research,surname only,disputed,C the filer evidence places it elsewhere (area code or shared filer phone),"surname-only auto-link: Cal-Access 1076666 ""WILSON - MAYOR 2009"" -- a campaign for mayor; filer area code 925 (Contra Costa) is outside the Los Angeles region and nothing ties it to the row; this row is Pat Wilson, Council Member, Rolling Hills",
2d938c25-8232-4527-b51f-1ecce9f796ae,527baa04-a1ec-47e0-9fa9-f5ca47c540c7,Pat Wilson,"Council Member, Rolling Hills",cal_access,1223691,"WILSON TO THE SAN FRANCISCO BOARD OF SUPERVISORS FOR DISTRICT 10, COMMITTEE TO ELECT DR. SODONIA MAE","WILSON TO THE SAN FRANCISCO BOARD OF SUPERVISORS FOR DISTRICT 10, COMMITTEE TO ELECT DR. SODONIA MAE",415,TERMINATED 05/18/2000,,needs_research,surname only,disputed,"A names another person, or the matched token is a place, a word or a given name","surname-only auto-link: Cal-Access 1223691 ""WILSON TO THE SAN FRANCISCO BOARD OF SUPERVISORS FOR DISTRICT 10, COMMITTEE TO ELECT DR. SODONIA MAE"" -- names a different person (Dr. Sodonia Mae Wilson, San Francisco supervisor candidate); filer area code 415 (San Francisco); this row is Pat Wilson, Council Member, Rolling Hills",
b6a14f13-e34d-4332-8950-a0a385dc0164,527baa04-a1ec-47e0-9fa9-f5ca47c540c7,Pat Wilson,"Council Member, Rolling Hills",cal_access,1236968,"WILSON FOR SCHOOL BOARD 2014, COMMITTEE TO REELECT HAZEL","WILSON FOR SCHOOL BOARD 2014, COMMITTEE TO REELECT HAZEL",707,TERMINATED 06/30/2017,,needs_research,surname only,disputed,"A names another person, or the matched token is a place, a word or a given name","surname-only auto-link: Cal-Access 1236968 ""WILSON FOR SCHOOL BOARD 2014, COMMITTEE TO REELECT HAZEL"" -- names a different person (Hazel Wilson); filer area code 707 (North Bay); this row is Pat Wilson, Council Member, Rolling Hills",
8dea8d27-f223-4b5a-becb-f0b84c605d18,527baa04-a1ec-47e0-9fa9-f5ca47c540c7,Pat Wilson,"Council Member, Rolling Hills",cal_access,1267112,"WILSON, COMMITTEE TO RE ELECT MAYOR BOB","WILSON, COMMITTEE TO RE ELECT MAYOR BOB",805,TERMINATED 01/31/2005,,needs_research,surname only,disputed,"A names another person, or the matched token is a place, a word or a given name","surname-only auto-link: Cal-Access 1267112 ""WILSON, COMMITTEE TO RE ELECT MAYOR BOB"" -- names a different person (Mayor Bob Wilson); filer area code 805 (Central Coast/Ventura); this row is Pat Wilson, Council Member, Rolling Hills",
ad49de15-8167-4402-a65f-8134651863ba,527baa04-a1ec-47e0-9fa9-f5ca47c540c7,Pat Wilson,"Council Member, Rolling Hills",cal_access,1298169,"WILSON, FRIENDS FOR ABRAM","WILSON, FRIENDS FOR ABRAM",925,TERMINATED 12/01/2010,,needs_research,surname only,disputed,"A names another person, or the matched token is a place, a word or a given name","surname-only auto-link: Cal-Access 1298169 ""WILSON, FRIENDS FOR ABRAM"" -- names a different person (Abram Wilson); filer area code 925 (Contra Costa); this row is Pat Wilson, Council Member, Rolling Hills",
7e2c794c-f5b8-4c22-9de5-3884f58a7546,527baa04-a1ec-47e0-9fa9-f5ca47c540c7,Pat Wilson,"Council Member, Rolling Hills",cal_access,1308276,"WILSON 1ST DISTRICT SUPERVISOR, COMMITTEE TO ELECT","WILSON 1ST DISTRICT SUPERVISOR, COMMITTEE TO ELECT",530,TERMINATED 07/21/2008,,needs_research,surname only,disputed,C the filer evidence places it elsewhere (area code or shared filer phone),"surname-only auto-link: Cal-Access 1308276 ""WILSON 1ST DISTRICT SUPERVISOR, COMMITTEE TO ELECT"" -- a campaign for a county board of supervisors; filer area code 530 (far northern California) is outside the Los Angeles region and nothing ties it to the row; this row is Pat Wilson, Council Member, Rolling Hills",
3311780c-218a-429f-b439-5825717c8fa5,527baa04-a1ec-47e0-9fa9-f5ca47c540c7,Pat Wilson,"Council Member, Rolling Hills",cal_access,1317990,WILSON FOR STATE ASSEMBLY 2010,WILSON FOR STATE ASSEMBLY 2010,925,TERMINATED 06/30/2011,,needs_research,surname only,disputed,C the filer evidence places it elsewhere (area code or shared filer phone),"surname-only auto-link: Cal-Access 1317990 ""WILSON FOR STATE ASSEMBLY 2010"" -- a campaign for the State Assembly; filer area code 925 (Contra Costa) is outside the Los Angeles region and nothing ties it to the row; this row is Pat Wilson, Council Member, Rolling Hills",
f5e58be2-df8b-4ed2-9c62-f34583854b24,527baa04-a1ec-47e0-9fa9-f5ca47c540c7,Pat Wilson,"Council Member, Rolling Hills",cal_access,1321627,WILSON FOR ASSEMBLY 2010,WILSON FOR ASSEMBLY 2010,707,TERMINATED 06/30/2014,,needs_research,surname only,disputed,C the filer evidence places it elsewhere (area code or shared filer phone),"surname-only auto-link: Cal-Access 1321627 ""WILSON FOR ASSEMBLY 2010"" -- a campaign for the State Assembly; filer area code 707 (North Bay) is outside the Los Angeles region and nothing ties it to the row; this row is Pat Wilson, Council Member, Rolling Hills",
3fbb9b82-8228-4277-8dde-c82bc5d270e3,527baa04-a1ec-47e0-9fa9-f5ca47c540c7,Pat Wilson,"Council Member, Rolling Hills",cal_access,1329595,WILSON FOR FUHSD TRUSTEE 2010,WILSON FOR FUHSD TRUSTEE 2010,408,TERMINATED 12/31/2010,,needs_research,surname only,disputed,C the filer evidence places it elsewhere (area code or shared filer phone),"surname-only auto-link: Cal-Access 1329595 ""WILSON FOR FUHSD TRUSTEE 2010"" -- a campaign for the FUHSD (Fremont Union High) board; filer area code 408 (San Jose) is outside the Los Angeles region and nothing ties it to the row; this row is Pat Wilson, Council Member, Rolling Hills",
9b7b605b-77ae-40f7-adf0-8c7397d9211d,527baa04-a1ec-47e0-9fa9-f5ca47c540c7,Pat Wilson,"Council Member, Rolling Hills",cal_access,1332242,"NUNES, WILSON & WEI; PARENTS, TEACHERS, STUDENTS UNITED FREMONT UNION HIGH SCHOOL BOARD 2010 IN SUPPORT OF","NUNES, WILSON & WEI; PARENTS, TEACHERS, STUDENTS UNITED FREMONT UNION HIGH SCHOOL BOARD 2010 IN SUPPORT OF",408,TERMINATED 02/28/2011,,needs_research,surname only,disputed,"B another named place or district, or an opposing / ballot / recall committee","surname-only auto-link: Cal-Access 1332242 ""NUNES, WILSON & WEI; PARENTS, TEACHERS, STUDENTS UNITED FREMONT UNION HIGH SCHOOL BOARD 2010 IN SUPPORT OF"" -- a campaign for the Fremont Union High School board (a slate: Nunes, Wilson and Wei) in Santa Clara County, not for the row's seat; filer area code 408 (San Jose); this row is Pat Wilson, Council Member, Rolling Hills",
ba9fb9f5-8356-48d5-8570-bc4cae91d2db,527baa04-a1ec-47e0-9fa9-f5ca47c540c7,Pat Wilson,"Council Member, Rolling Hills",cal_access,1333999,"WILSON FOR ASSEMBLY 2012, TAXPAYERS FOR DONALD","WILSON FOR ASSEMBLY 2012, TAXPAYERS FOR DONALD",916,TERMINATED 03/07/2011,,needs_research,surname only,disputed,"A names another person, or the matched token is a place, a word or a given name","surname-only auto-link: Cal-Access 1333999 ""WILSON FOR ASSEMBLY 2012, TAXPAYERS FOR DONALD"" -- names a different person (Donald Wilson); filer area code 916 (Sacramento); this row is Pat Wilson, Council Member, Rolling Hills",
5f23dd7c-99ff-452a-8f24-2f24087a34eb,527baa04-a1ec-47e0-9fa9-f5ca47c540c7,Pat Wilson,"Council Member, Rolling Hills",cal_access,1340457,WILSON FOR COUNCIL 2011,WILSON FOR COUNCIL 2011,925,TERMINATED 12/24/2012,,needs_research,surname only,disputed,C the filer evidence places it elsewhere (area code or shared filer phone),"surname-only auto-link: Cal-Access 1340457 ""WILSON FOR COUNCIL 2011"" -- it shares a personal filer phone (filer area code 925 (Contra Costa)) with Cal-Access 1076666 ""WILSON - MAYOR 2009"", which this file disputes as another person's or another place's; this row is Pat Wilson, Council Member, Rolling Hills",
622e2187-e3a1-43b6-af43-1cd97b224e43,527baa04-a1ec-47e0-9fa9-f5ca47c540c7,Pat Wilson,"Council Member, Rolling Hills",cal_access,1342718,"WILSON FOR CITY COUNCIL 2011, WE SUPPORT JAYME","WILSON FOR CITY COUNCIL 2011, WE SUPPORT JAYME",562,TERMINATED 12/31/2011,,needs_research,surname only,disputed,"A names another person, or the matched token is a place, a word or a given name","surname-only auto-link: Cal-Access 1342718 ""WILSON FOR CITY COUNCIL 2011, WE SUPPORT JAYME"" -- names a different person (Jayme Wilson); filer area code 562 (Long Beach); this row is Pat Wilson, Council Member, Rolling Hills",
9bc57ef7-333e-4aef-b854-679fe2db9024,527baa04-a1ec-47e0-9fa9-f5ca47c540c7,Pat Wilson,"Council Member, Rolling Hills",cal_access,1362034,WILSON FOR COUNCIL 2014,WILSON FOR COUNCIL 2014,909,TERMINATED 02/18/2014,,needs_research,surname only,keep needs_research,unresolved,,
75f89784-e920-4b17-aab4-69e9cc7e35f3,527baa04-a1ec-47e0-9fa9-f5ca47c540c7,Pat Wilson,"Council Member, Rolling Hills",cal_access,1379472,WILSON FOR RANCHO CALIFORNIA WATER DISTRICT DIRECTOR 2015,WILSON FOR RANCHO CALIFORNIA WATER DISTRICT DIRECTOR 2015,951,TERMINATED 12/28/2016,,needs_research,surname only,disputed,"B another named place or district, or an opposing / ballot / recall committee","surname-only auto-link: Cal-Access 1379472 ""WILSON FOR RANCHO CALIFORNIA WATER DISTRICT DIRECTOR 2015"" -- a campaign for the Rancho California Water District board in Riverside County, not for the row's seat; filer area code 951 (Riverside); this row is Pat Wilson, Council Member, Rolling Hills",
ef9f2221-8a43-4a51-acc3-c489781422e8,527baa04-a1ec-47e0-9fa9-f5ca47c540c7,Pat Wilson,"Council Member, Rolling Hills",cal_access,1383228,WILSON FOR JUDGE 2016,WILSON FOR JUDGE 2016,310,TERMINATED 06/27/2016,,needs_research,surname only,keep needs_research,unresolved,,
2baf98b8-42d7-41e8-8cde-f823960030ad,527baa04-a1ec-47e0-9fa9-f5ca47c540c7,Pat Wilson,"Council Member, Rolling Hills",cal_access,1388150,WILSON FOR TOWN COUNCIL 2016,WILSON FOR TOWN COUNCIL 2016,760,TERMINATED 12/29/2016,,needs_research,surname only,disputed,C the filer evidence places it elsewhere (area code or shared filer phone),"surname-only auto-link: Cal-Access 1388150 ""WILSON FOR TOWN COUNCIL 2016"" -- a campaign for a town council; filer area code 760 (Inland/north San Diego County) is outside the Los Angeles region and nothing ties it to the row; this row is Pat Wilson, Council Member, Rolling Hills",
17852580-c6b7-4978-b79d-a860dd4332e1,527baa04-a1ec-47e0-9fa9-f5ca47c540c7,Pat Wilson,"Council Member, Rolling Hills",cal_access,1389434,WILSON FOR SCHOOL BOARD 2016,WILSON FOR SCHOOL BOARD 2016,650,TERMINATED 01/05/2018,,needs_research,surname only,disputed,C the filer evidence places it elsewhere (area code or shared filer phone),"surname-only auto-link: Cal-Access 1389434 ""WILSON FOR SCHOOL BOARD 2016"" -- a campaign for a school board; filer area code 650 (San Mateo County) is outside the Los Angeles region and nothing ties it to the row; this row is Pat Wilson, Council Member, Rolling Hills",
22ce9264-a9ca-479e-9d42-34e51206b45c,527baa04-a1ec-47e0-9fa9-f5ca47c540c7,Pat Wilson,"Council Member, Rolling Hills",cal_access,1391205,WILSON FOR CITY COUNCIL 2017,WILSON FOR CITY COUNCIL 2017,626,TERMINATED 12/13/2019,,needs_research,surname only,keep needs_research,unresolved,,
7e9cdf25-6bff-4031-96ed-529111a32c64,527baa04-a1ec-47e0-9fa9-f5ca47c540c7,Pat Wilson,"Council Member, Rolling Hills",cal_access,1395381,WILSON CITY COUNCIL 2017; FRIENDS OF,WILSON CITY COUNCIL 2017; FRIENDS OF,562,ACTIVE,,needs_research,surname only,keep needs_research,unresolved,,
76020b31-1000-4957-8d92-91550963ac36,527baa04-a1ec-47e0-9fa9-f5ca47c540c7,Pat Wilson,"Council Member, Rolling Hills",cal_access,1401149,WILSON 2018; SUISUN CITY MAYOR LORI,WILSON 2018; SUISUN CITY MAYOR LORI,916,TERMINATED 12/31/2019,,needs_research,surname only,disputed,"A names another person, or the matched token is a place, a word or a given name","surname-only auto-link: Cal-Access 1401149 ""WILSON 2018; SUISUN CITY MAYOR LORI"" -- names a different person (Suisun City mayor Lori Wilson); filer area code 916 (Sacramento); this row is Pat Wilson, Council Member, Rolling Hills",
ac9e02a2-dc07-4b0f-9841-b6ea17bdddfe,527baa04-a1ec-47e0-9fa9-f5ca47c540c7,Pat Wilson,"Council Member, Rolling Hills",cal_access,1407800,WILSON FOR FUHSD TRUSTEE 2018,WILSON FOR FUHSD TRUSTEE 2018,408,TERMINATED 12/12/2018,,needs_research,surname only,disputed,C the filer evidence places it elsewhere (area code or shared filer phone),"surname-only auto-link: Cal-Access 1407800 ""WILSON FOR FUHSD TRUSTEE 2018"" -- a campaign for the FUHSD (Fremont Union High) board; filer area code 408 (San Jose) is outside the Los Angeles region and nothing ties it to the row; this row is Pat Wilson, Council Member, Rolling Hills",
f0e27074-fdfb-4da4-ba86-5a0ed6fa4d5d,527baa04-a1ec-47e0-9fa9-f5ca47c540c7,Pat Wilson,"Council Member, Rolling Hills",cal_access,1410277,WILSON 4 COLLEGE BOARD 2018,WILSON 4 COLLEGE BOARD 2018,925,TERMINATED 12/29/2018,,needs_research,surname only,disputed,C the filer evidence places it elsewhere (area code or shared filer phone),"surname-only auto-link: Cal-Access 1410277 ""WILSON 4 COLLEGE BOARD 2018"" -- a campaign for a college board; filer area code 925 (Contra Costa) is outside the Los Angeles region and nothing ties it to the row; this row is Pat Wilson, Council Member, Rolling Hills",
82ee06fc-fc53-466d-b632-be1f24872164,527baa04-a1ec-47e0-9fa9-f5ca47c540c7,Pat Wilson,"Council Member, Rolling Hills",cal_access,1415848,WILSON FOR CITY COUNCIL 2019; CITIZENS SUPPORTING CHRIS,WILSON FOR CITY COUNCIL 2019; CITIZENS SUPPORTING CHRIS,310,TERMINATED 04/02/2019,,needs_research,surname only,disputed,"A names another person, or the matched token is a place, a word or a given name","surname-only auto-link: Cal-Access 1415848 ""WILSON FOR CITY COUNCIL 2019; CITIZENS SUPPORTING CHRIS"" -- names a different person (Chris Wilson); filer area code 310 (West LA/South Bay); this row is Pat Wilson, Council Member, Rolling Hills",
99db60d9-4b07-4fd1-afd6-957e6c957b34,527baa04-a1ec-47e0-9fa9-f5ca47c540c7,Pat Wilson,"Council Member, Rolling Hills",cal_access,1420900,WILSON FOR COUNCIL 2020,WILSON FOR COUNCIL 2020,909,TERMINATED 10/17/2019,,needs_research,surname only,keep needs_research,unresolved,,
efc900d3-6219-4332-bbbe-4e9e2152fbb6,527baa04-a1ec-47e0-9fa9-f5ca47c540c7,Pat Wilson,"Council Member, Rolling Hills",cal_access,1426596,WILSON 4 AUSD BOARD 2028,WILSON 4 AUSD BOARD 2028,310,ACTIVE,,needs_research,surname only,keep needs_research,unresolved,,
f92462dd-7031-4c5a-938a-eb750658bdd0,527baa04-a1ec-47e0-9fa9-f5ca47c540c7,Pat Wilson,"Council Member, Rolling Hills",cal_access,1438099,WILSON 2022; SUISUN CITY MAYOR LORI,WILSON 2022; SUISUN CITY MAYOR LORI,707,TERMINATED 12/28/2021,,needs_research,surname only,disputed,"A names another person, or the matched token is a place, a word or a given name","surname-only auto-link: Cal-Access 1438099 ""WILSON 2022; SUISUN CITY MAYOR LORI"" -- names a different person (Suisun City mayor Lori Wilson); filer area code 707 (North Bay); this row is Pat Wilson, Council Member, Rolling Hills",
53574e1f-db51-47ef-987b-1a031316d224,527baa04-a1ec-47e0-9fa9-f5ca47c540c7,Pat Wilson,"Council Member, Rolling Hills",cal_access,1438293,WILSON FOR SPUSD TRUSTEE 2020,WILSON FOR SPUSD TRUSTEE 2020,805,TERMINATED 05/31/2021,,needs_research,surname only,disputed,C the filer evidence places it elsewhere (area code or shared filer phone),"surname-only auto-link: Cal-Access 1438293 ""WILSON FOR SPUSD TRUSTEE 2020"" -- a campaign for the SPUSD (a unified school district) board; filer area code 805 (Central Coast/Ventura) is outside the Los Angeles region and nothing ties it to the row; this row is Pat Wilson, Council Member, Rolling Hills",
d1ed1f6a-0748-4c27-9afe-082de5453642,527baa04-a1ec-47e0-9fa9-f5ca47c540c7,Pat Wilson,"Council Member, Rolling Hills",cal_access,1447367,WILSON SUPERVISOR 5TH DISTRICT 2024; COMMITTEE TO ELECT,WILSON SUPERVISOR 5TH DISTRICT 2024; COMMITTEE TO ELECT,707,ACTIVE,,needs_research,surname only,disputed,C the filer evidence places it elsewhere (area code or shared filer phone),"surname-only auto-link: Cal-Access 1447367 ""WILSON SUPERVISOR 5TH DISTRICT 2024; COMMITTEE TO ELECT"" -- a campaign for a county board of supervisors; filer area code 707 (North Bay) is outside the Los Angeles region and nothing ties it to the row; this row is Pat Wilson, Council Member, Rolling Hills",
a7d0fe90-a7df-4290-a638-d28324e1e5ea,527baa04-a1ec-47e0-9fa9-f5ca47c540c7,Pat Wilson,"Council Member, Rolling Hills",cal_access,1450129,WILSON FOR SCHOOL BOARD 2022,WILSON FOR SCHOOL BOARD 2022,530,TERMINATED 06/30/2024,,needs_research,surname only,disputed,C the filer evidence places it elsewhere (area code or shared filer phone),"surname-only auto-link: Cal-Access 1450129 ""WILSON FOR SCHOOL BOARD 2022"" -- a campaign for a school board; filer area code 530 (far northern California) is outside the Los Angeles region and nothing ties it to the row; this row is Pat Wilson, Council Member, Rolling Hills",
fed3b26a-2fdb-43c2-9299-adc88036f634,527baa04-a1ec-47e0-9fa9-f5ca47c540c7,Pat Wilson,"Council Member, Rolling Hills",cal_access,1454226,WILSON 4 COLLEGE BOARD 2022,WILSON 4 COLLEGE BOARD 2022,310,TERMINATED 12/31/2022,,needs_research,surname only,keep needs_research,unresolved,,
f19dd60f-a1ae-4acb-a7df-2ee5e4ad37af,527baa04-a1ec-47e0-9fa9-f5ca47c540c7,Pat Wilson,"Council Member, Rolling Hills",cal_access,1461438,WILSON FOR SUPERVISOR 2024,WILSON FOR SUPERVISOR 2024,707,TERMINATED 12/31/2024,,needs_research,surname only,disputed,C the filer evidence places it elsewhere (area code or shared filer phone),"surname-only auto-link: Cal-Access 1461438 ""WILSON FOR SUPERVISOR 2024"" -- a campaign for a county board of supervisors; filer area code 707 (North Bay) is outside the Los Angeles region and nothing ties it to the row; this row is Pat Wilson, Council Member, Rolling Hills",
8820e34c-b9e5-4961-8bdb-17abf3e5dc33,527baa04-a1ec-47e0-9fa9-f5ca47c540c7,Pat Wilson,"Council Member, Rolling Hills",cal_access,1461828,WILSON FOR CITY COUNCIL 2024,WILSON FOR CITY COUNCIL 2024,619,TERMINATED 12/31/2024,,needs_research,surname only,keep needs_research,unresolved,,
a6b7ba2e-c3e2-4dab-9cc5-333b31d0abd4,527baa04-a1ec-47e0-9fa9-f5ca47c540c7,Pat Wilson,"Council Member, Rolling Hills",cal_access,1466025,WILSON FOR ASSEMBLY 2024; LABOR UNITED FOR MONICA,WILSON FOR ASSEMBLY 2024; LABOR UNITED FOR MONICA,510,TERMINATED 05/08/2024,,needs_research,surname only,disputed,"A names another person, or the matched token is a place, a word or a given name","surname-only auto-link: Cal-Access 1466025 ""WILSON FOR ASSEMBLY 2024; LABOR UNITED FOR MONICA"" -- names a different person (Monica Wilson); filer area code 510 (East Bay); this row is Pat Wilson, Council Member, Rolling Hills",
f125c2e6-d8de-40be-8605-e07e13837529,527baa04-a1ec-47e0-9fa9-f5ca47c540c7,Pat Wilson,"Council Member, Rolling Hills",cal_access,1466119,WILSON 4 SCHOOL BOARD 2024; J,WILSON 4 SCHOOL BOARD 2024; J,909,TERMINATED 03/19/2025,,needs_research,surname only,keep needs_research,unresolved,,
6dae0d62-ac4d-46e7-a566-3a09ef1d955e,527baa04-a1ec-47e0-9fa9-f5ca47c540c7,Pat Wilson,"Council Member, Rolling Hills",cal_access,1468407,VASQUEZ WILSON FOR WATER BOARD 2028,VASQUEZ WILSON FOR WATER BOARD 2028,213,ACTIVE,,needs_research,surname only,disputed,"A names another person, or the matched token is a place, a word or a given name","surname-only auto-link: Cal-Access 1468407 ""VASQUEZ WILSON FOR WATER BOARD 2028"" -- names a different person (Vasquez Wilson); filer area code 213 (Los Angeles); this row is Pat Wilson, Council Member, Rolling Hills",
205375e8-b46e-49d9-b838-d31f2f5e7724,527baa04-a1ec-47e0-9fa9-f5ca47c540c7,Pat Wilson,"Council Member, Rolling Hills",cal_access,1485803,WILSON FOR MAYOR 2026,WILSON FOR DISTRICT 4 CITY COUNCIL 2026,909,ACTIVE,,needs_research,surname only,keep needs_research,unresolved,,
174a40c8-773a-4305-a4bd-2e41138fa242,527baa04-a1ec-47e0-9fa9-f5ca47c540c7,Pat Wilson,"Council Member, Rolling Hills",cal_access,1487354,WILSON FOR CITY COUNCIL 2026; FRIENDS OF GRAND TERRACE - DOUG,WILSON FOR CITY COUNCIL 2026; FRIENDS OF GRAND TERRACE - DOUG,909,ACTIVE,,needs_research,surname only,disputed,"A names another person, or the matched token is a place, a word or a given name","surname-only auto-link: Cal-Access 1487354 ""WILSON FOR CITY COUNCIL 2026; FRIENDS OF GRAND TERRACE - DOUG"" -- names a different person (Doug Wilson, Grand Terrace); filer area code 909 (Inland Empire); this row is Pat Wilson, Council Member, Rolling Hills",
709d898e-7d18-455d-abe3-20126a404ea1,527baa04-a1ec-47e0-9fa9-f5ca47c540c7,Pat Wilson,"Council Member, Rolling Hills",cal_access,1487906,WILSON FOR WEHO CITY COUNCIL 2026,WILSON FOR WEHO CITY COUNCIL 2026,442,ACTIVE,,needs_research,surname only,disputed,"B another named place or district, or an opposing / ballot / recall committee","surname-only auto-link: Cal-Access 1487906 ""WILSON FOR WEHO CITY COUNCIL 2026"" -- a campaign for the West Hollywood City Council in West Hollywood, not for the row's seat; filer area code 442 (north San Diego County); this row is Pat Wilson, Council Member, Rolling Hills",
9fe277df-9109-4299-98d4-9d4622f9bb72,96b82f1f-649e-4e95-b009-3c34c45ceebd,Patty Lopez,"Council Member, San Fernando",cal_access,1358262,"LOPEZ FOR ASSEMBLY 2014, PATTY","LOPEZ FOR ASSEMBLY 2014, PATTY",818,TERMINATED 05/05/2016,,needs_research,full name,keep needs_research,full name (out of scope),,
7ed128e0-f717-40a4-af6a-d3179e9bb934,96b82f1f-649e-4e95-b009-3c34c45ceebd,Patty Lopez,"Council Member, San Fernando",cal_access,1400606,LOPEZ FOR ASSEMBLY 2018; PATTY,LOPEZ FOR ASSEMBLY 2018; PATTY,213,TERMINATED 12/31/2018,,needs_research,full name,keep needs_research,full name (out of scope),,
86537140-9acc-4ce1-a32c-9857a1d46c52,96b82f1f-649e-4e95-b009-3c34c45ceebd,Patty Lopez,"Council Member, San Fernando",cal_access,1403923,LOPEZ FOR ASSEMBLY 2018; PEOPLE FOR ETHICAL STANDARDS OPPOSING PATTY,LOPEZ FOR ASSEMBLY 2018; PEOPLE FOR ETHICAL STANDARDS OPPOSING PATTY,916,TERMINATED 12/20/2018,,needs_research,full name,keep needs_research,full name (out of scope),,
c25c0d18-16c4-4e31-8dbb-dbdf1a2bd5cc,96b82f1f-649e-4e95-b009-3c34c45ceebd,Patty Lopez,"Council Member, San Fernando",cal_access,1476478,LOPEZ FOR SAN FERNANDO CITY COUNCIL 2024; PATTY,LOPEZ FOR SAN FERNANDO CITY COUNCIL 2024; PATTY,661,TERMINATED 01/04/2025,,needs_research,full name,keep needs_research,full name (out of scope),,
dc4cb009-6edf-4a65-8a31-4bdb880da1a6,72add1da-a898-4789-ab17-f41ec7260bc5,Paul Cheng,"Council Member (District 4), Arcadia",cal_access,1322974,"CHENG FOR COUNCIL 2010, FRIENDS OF PAUL","CHENG FOR COUNCIL 2010, FRIENDS OF PAUL",626,TERMINATED 06/30/2010,,needs_research,full name,keep needs_research,full name (out of scope),,
15347e0c-36e6-4b94-b2ab-8922485748f6,72add1da-a898-4789-ab17-f41ec7260bc5,Paul Cheng,"Council Member (District 4), Arcadia",cal_access,1425003,CHENG 4 ARCADIA FOR ARCADIA CITY COUNCIL 2020,CHENG 4 ARCADIA FOR ARCADIA CITY COUNCIL 2024,213,ACTIVE,,needs_research,surname only,keep needs_research,unresolved,,
a3a09717-b670-4cbe-a433-be921b08ac52,c8ca15a6-8944-40b6-8175-15614c30ee77,Peggy Lemons,"Mayor, Paramount",cal_access,1393617,LEMONS FOR COUNCIL 2017; PEGGY L.,LEMONS FOR COUNCIL 2017; PEGGY L.,562,TERMINATED 07/27/2017,,needs_research,full name,keep needs_research,full name (out of scope),,
25e0ecad-943f-49be-a8cc-be3585863ec6,c8ca15a6-8944-40b6-8175-15614c30ee77,Peggy Lemons,"Mayor, Paramount",cal_access,1489649,LEMONS FOR PARAMOUNT CITY COUNCIL 2026; PEGGY,LEMONS FOR PARAMOUNT CITY COUNCIL 2026; PEGGY,562,TERMINATED 07/28/2026,,needs_research,full name,keep needs_research,full name (out of scope),,
90268d2a-2387-4739-8207-613e43bfb432,8f5bfaa6-09c6-40b1-99d5-f12953fda21d,Penny Sylvester,"Mayor, Agoura Hills",cal_access,1402215,SYLVESTER FOR CITY COUNCIL 2018,SYLVESTER FOR CITY COUNCIL 2018,209,TERMINATED 05/10/2018,,needs_research,surname only,keep needs_research,unresolved,,
89b8118e-e260-4dcb-bc59-8dd2fce436c9,8f5bfaa6-09c6-40b1-99d5-f12953fda21d,Penny Sylvester,"Mayor, Agoura Hills",cal_access,1428035,GILL AND SYLVESTER FOR CONEJO VALLEY UNIFIED SCHOOL BOARD 2020; COMMITTEE IN SUPPORT OF,GILL AND SYLVESTER FOR CONEJO VALLEY UNIFIED SCHOOL BOARD 2020; COMMITTEE IN SUPPORT OF,805,TERMINATED 12/27/2020,,needs_research,surname only,disputed,"B another named place or district, or an opposing / ballot / recall committee","surname-only auto-link: Cal-Access 1428035 ""GILL AND SYLVESTER FOR CONEJO VALLEY UNIFIED SCHOOL BOARD 2020; COMMITTEE IN SUPPORT OF"" -- a campaign for the Conejo Valley Unified school board (Gill and Sylvester) in Thousand Oaks (Ventura County), not for the row's seat; filer area code 805 (Central Coast/Ventura); this row is Penny Sylvester, Mayor, Agoura Hills",
e1d5f4c5-852b-40ab-88f7-f1a3c2cbc01c,8f5bfaa6-09c6-40b1-99d5-f12953fda21d,Penny Sylvester,"Mayor, Agoura Hills",cal_access,1466188,SYLVESTER FOR DALY CITY COUNCIL 2024,SYLVESTER FOR DALY CITY COUNCIL 2024,415,ACTIVE,,needs_research,surname only,disputed,"B another named place or district, or an opposing / ballot / recall committee","surname-only auto-link: Cal-Access 1466188 ""SYLVESTER FOR DALY CITY COUNCIL 2024"" -- a campaign for the Daly City Council in Daly City (San Mateo County), not for the row's seat; filer area code 415 (San Francisco); this row is Penny Sylvester, Mayor, Agoura Hills",
a8ec0212-d1a5-4352-b548-9caa3b1f52eb,8f5bfaa6-09c6-40b1-99d5-f12953fda21d,Penny Sylvester,"Mayor, Agoura Hills",cal_access,1468351,SYLVESTER FOR CITY COUNCIL 2024; COMMITTEE TO ELECT PENNY,SYLVESTER FOR CITY COUNCIL 2024; COMMITTEE TO ELECT PENNY,818,TERMINATED 12/27/2024,,needs_research,full name,keep needs_research,full name (out of scope),,
4e9515c8-d502-4c48-b95b-59a258d1d7c2,8f5bfaa6-09c6-40b1-99d5-f12953fda21d,Penny Sylvester,"Mayor, Agoura Hills",cal_access,1470712,GILL AND SYLVESTER FOR CVUSD TRUSTEE 2024; FRIENDS OF,GILL AND SYLVESTER FOR CVUSD TRUSTEE 2024; FRIENDS OF,805,TERMINATED 12/23/2024,,needs_research,surname only,disputed,"B another named place or district, or an opposing / ballot / recall committee","surname-only auto-link: Cal-Access 1470712 ""GILL AND SYLVESTER FOR CVUSD TRUSTEE 2024; FRIENDS OF"" -- a campaign for the Conejo Valley Unified school board (Gill and Sylvester) in Thousand Oaks (Ventura County), not for the row's seat; filer area code 805 (Central Coast/Ventura); this row is Penny Sylvester, Mayor, Agoura Hills",
084ec53c-77f6-4ae8-a49f-f3202bb10b48,822966a7-5f09-4151-ba43-630afbd676c2,Pete Aguilar,Representative (Congressional District 33),cal_access,1044987,AGUILAR FOR SUPERIOR COURT,AGUILAR FOR SUPERIOR COURT,209,TERMINATED 12/01/1990,,needs_research,surname only,disputed,C the filer evidence places it elsewhere (area code or shared filer phone),"surname-only auto-link: Cal-Access 1044987 ""AGUILAR FOR SUPERIOR COURT"" -- a campaign for a judgeship; filer area code 209 (Stockton/Modesto) is outside the Los Angeles region and nothing ties it to the row; this row is Pete Aguilar, Representative (Congressional District 33)",
22c157b5-28c6-4e49-aa95-074fa598871b,822966a7-5f09-4151-ba43-630afbd676c2,Pete Aguilar,Representative (Congressional District 33),cal_access,1256707,"AGUILAR, COMMITTEE TO ELECT DOMITILA ""TILA""","AGUILAR, COMMITTEE TO ELECT DOMITILA ""TILA""",310,ACTIVE,,needs_research,surname only,disputed,"A names another person, or the matched token is a place, a word or a given name","surname-only auto-link: Cal-Access 1256707 ""AGUILAR, COMMITTEE TO ELECT DOMITILA ""TILA"""" -- names a different person (Domitila ""Tila"" Aguilar); filer area code 310 (West LA/South Bay); this row is Pete Aguilar, Representative (Congressional District 33)",
869595a3-2cc7-4547-985e-19061dc34ec0,822966a7-5f09-4151-ba43-630afbd676c2,Pete Aguilar,Representative (Congressional District 33),cal_access,1297710,"AGUILAR, FRIENDS OF PETE","AGUILAR FOR REDLANDS CITY COUNCIL 2012, FRIENDS OF PETE",909,TERMINATED 12/31/2014,,needs_research,full name,keep needs_research,full name (out of scope),,"full-name match, but the committee names another place: REDLANDS"
20301bc6-6951-44a8-8882-df01302a35bf,822966a7-5f09-4151-ba43-630afbd676c2,Pete Aguilar,Representative (Congressional District 33),cal_access,1331203,AGUILAR FOR SEAL BEACH CITY COUNCIL 2010,AGUILAR FOR SEAL BEACH CITY COUNCIL 2010,818,TERMINATED 11/03/2010,,needs_research,surname only,disputed,"B another named place or district, or an opposing / ballot / recall committee","surname-only auto-link: Cal-Access 1331203 ""AGUILAR FOR SEAL BEACH CITY COUNCIL 2010"" -- a campaign for the Seal Beach City Council in Seal Beach (Orange County), not for the row's seat; filer area code 818 (San Fernando Valley); this row is Pete Aguilar, Representative (Congressional District 33)",
cf0ac799-ea48-4da4-9f6b-1263ffa63e71,822966a7-5f09-4151-ba43-630afbd676c2,Pete Aguilar,Representative (Congressional District 33),cal_access,1370080,"AGUILAR FOR COLTON CITY COUNCIL 2014, CITIZENS FOR GEORGE","AGUILAR FOR COLTON CITY COUNCIL 2014, CITIZENS FOR GEORGE",951,TERMINATED 10/09/2025,,needs_research,surname only,disputed,"A names another person, or the matched token is a place, a word or a given name","surname-only auto-link: Cal-Access 1370080 ""AGUILAR FOR COLTON CITY COUNCIL 2014, CITIZENS FOR GEORGE"" -- names a different person (George Aguilar, Colton council candidate); filer area code 951 (Riverside); this row is Pete Aguilar, Representative (Congressional District 33)",
01835b69-c05f-4dea-829e-a557c798df19,822966a7-5f09-4151-ba43-630afbd676c2,Pete Aguilar,Representative (Congressional District 33),cal_access,1411780,"AGUILAR FOR COLLEGE TRUSTEE, 2018; A.","AGUILAR FOR COLLEGE TRUSTEE, 2018; A.",209,TERMINATED 01/13/2019,,needs_research,surname only,disputed,C the filer evidence places it elsewhere (area code or shared filer phone),"surname-only auto-link: Cal-Access 1411780 ""AGUILAR FOR COLLEGE TRUSTEE, 2018; A."" -- a campaign for a college board; filer area code 209 (Stockton/Modesto) is outside the Los Angeles region and nothing ties it to the row; this row is Pete Aguilar, Representative (Congressional District 33)",
81c51075-b452-4255-a57d-124c79c65cc1,822966a7-5f09-4151-ba43-630afbd676c2,Pete Aguilar,Representative (Congressional District 33),cal_access,1412595,RILEY AND AGUILAR FOR HESPERIA SCHOOL BOARD 2018; COMMITTEE TO SUPPORT,RILEY AND AGUILAR FOR HESPERIA SCHOOL BOARD 2018; COMMITTEE TO SUPPORT,760,TERMINATED 02/07/2019,,needs_research,surname only,disputed,"B another named place or district, or an opposing / ballot / recall committee","surname-only auto-link: Cal-Access 1412595 ""RILEY AND AGUILAR FOR HESPERIA SCHOOL BOARD 2018; COMMITTEE TO SUPPORT"" -- a campaign for the Hesperia school board (Riley and Aguilar) in Hesperia (San Bernardino County), not for the row's seat; filer area code 760 (Inland/north San Diego County); this row is Pete Aguilar, Representative (Congressional District 33)",
34f34741-afa1-4dbf-935f-3cd1a9974715,822966a7-5f09-4151-ba43-630afbd676c2,Pete Aguilar,Representative (Congressional District 33),cal_access,1437549,AGUILAR FOR ASSEMBLY 2022,AGUILAR FOR ASSEMBLY 2022,510,ACTIVE,,needs_research,surname only,disputed,C the filer evidence places it elsewhere (area code or shared filer phone),"surname-only auto-link: Cal-Access 1437549 ""AGUILAR FOR ASSEMBLY 2022"" -- a campaign for the State Assembly; filer area code 510 (East Bay) is outside the Los Angeles region and nothing ties it to the row; this row is Pete Aguilar, Representative (Congressional District 33)",
a7d1b0af-6f8a-4e6c-89f9-a7263f24efe0,822966a7-5f09-4151-ba43-630afbd676c2,Pete Aguilar,Representative (Congressional District 33),cal_access,1473162,AGUILAR FOR YOSEMITE COMMUNITY COLLEGE DISTRICT AREA 7 2024,AGUILAR FOR YOSEMITE COMMUNITY COLLEGE DISTRICT AREA 7 2024,209,TERMINATED 11/22/2024,,needs_research,surname only,disputed,"B another named place or district, or an opposing / ballot / recall committee","surname-only auto-link: Cal-Access 1473162 ""AGUILAR FOR YOSEMITE COMMUNITY COLLEGE DISTRICT AREA 7 2024"" -- a campaign for the Yosemite Community College board in Stanislaus County, not for the row's seat; filer area code 209 (Stockton/Modesto); this row is Pete Aguilar, Representative (Congressional District 33)",
0ed958f2-b8f7-4a8b-93b9-de26c4d9abfd,14f4f8c5-307b-47ce-8f44-fa6383cd7799,Peter Kraut,"Council Member, Calabasas",cal_access,1263588,"KRAUT FOR STATE SENATE, CAMPAIGN FUND FOR JONATHAN","KRAUT FOR STATE SENATE, CAMPAIGN FUND FOR JONATHAN",661,TERMINATED 06/30/2005,,needs_research,surname only,disputed,"A names another person, or the matched token is a place, a word or a given name","surname-only auto-link: Cal-Access 1263588 ""KRAUT FOR STATE SENATE, CAMPAIGN FUND FOR JONATHAN"" -- names a different person (Jonathan Kraut); filer area code 661 (Kern County/Antelope Valley); this row is Peter Kraut, Council Member, Calabasas",
ed894c4a-6dba-4acb-9125-e49d4e7b8946,14f4f8c5-307b-47ce-8f44-fa6383cd7799,Peter Kraut,"Council Member, Calabasas",cal_access,1427298,KRAUT FOR CALABASAS CITY COUNCIL 2020; PETER,KRAUT FOR CALABASAS CITY COUNCIL 2020; PETER,818,TERMINATED 05/31/2021,,needs_research,full name,keep needs_research,full name (out of scope),,
bf4ea965-acdb-46f9-b0ed-a599e49ded9c,14f4f8c5-307b-47ce-8f44-fa6383cd7799,Peter Kraut,"Council Member, Calabasas",cal_access,1468839,KRAUT FOR CALABASAS CITY COUNCIL 2024; PETER,KRAUT FOR CALABASAS CITY COUNCIL 2024; PETER,818,TERMINATED 08/23/2024,,needs_research,full name,keep needs_research,full name (out of scope),,
fc5753a1-5a9f-4359-8a5e-1132b7d7ffa9,7714b7c6-9283-4ab8-802e-cbcfba5ddc96,Phil Brock,,cal_access,1364342,"BROCK FOR CITY COUNCIL 2014, PHIL","BROCK FOR CITY COUNCIL 2014, PHIL",310,TERMINATED 12/31/2014,,needs_research,full name,keep needs_research,full name (out of scope),,
2cc75efb-8252-4a48-a253-3339e2c21d99,7714b7c6-9283-4ab8-802e-cbcfba5ddc96,Phil Brock,,cal_access,1392146,BROCK FOR CITY COUNCIL 2018; PHIL,BROCK FOR CITY COUNCIL 2018; PHIL,310,TERMINATED 03/31/2019,,needs_research,full name,keep needs_research,full name (out of scope),,
792ddd93-d6ef-4da8-aed5-afa9b7be1b99,7714b7c6-9283-4ab8-802e-cbcfba5ddc96,Phil Brock,,cal_access,1428992,BROCK FOR CITY COUNCIL 2020; PHIL,BROCK FOR CITY COUNCIL 2024; PHIL,310,ACTIVE,,needs_research,full name,keep needs_research,full name (out of scope),,
9ed193fc-5beb-413f-aecd-d00192230a3e,7714b7c6-9283-4ab8-802e-cbcfba5ddc96,Phil Brock,,cal_access,1472886,"HALL, RASKIN, SNELL, ZERNITSKAYA, AND AGAINST BROCK FOR CITY COUNCIL 2024, SPONSORED BY UNITE HERE LOCAL 11; RENTERS AND WORKERS FOR SANTA MONICA IN SUPPORT OF","HALL, RASKIN, SNELL, ZERNITSKAYA, AND AGAINST BROCK FOR CITY COUNCIL 2024, SPONSORED BY UNITE HERE LOCAL 11; RENTERS AND WORKERS FOR SANTA MONICA IN SUPPORT OF",213,TERMINATED 10/14/2025,,needs_research,surname only,keep needs_research,unresolved,,
40406cc6-5b33-4b32-bb08-3dca318e04bf,ed32efa5-b455-4323-a12f-5fe79bc4ffd6,Phillip Chen,Assembly Member (Assembly District 59),cal_access,1463858,ARCHULETA FOR LOS ANGELES COUNTY DISTRICT ATTORNEY 2024; TOUGH ON CRIME COMMITTEE SUPPORTING JUDGE DEBRA,ARCHULETA FOR LOS ANGELES COUNTY DISTRICT ATTORNEY 2024; SAFER LA COMMITTEE SUPPORTING JUDGE DEBRA,562,TERMINATED 03/15/2024,,needs_research,surname absent,disputed,"A names another person, or the matched token is a place, a word or a given name","auto-link on a token that is not the row's surname: Cal-Access 1463858 ""ARCHULETA FOR LOS ANGELES COUNTY DISTRICT ATTORNEY 2024; SAFER LA COMMITTEE SUPPORTING JUDGE DEBRA"" (stored as ""ARCHULETA FOR LOS ANGELES COUNTY DISTRICT ATTORNEY 2024; TOUGH ON CRIME COMMITTEE SUPPORTING JUDGE DEBRA"") -- the row's surname does not appear in the committee name; the committee is Judge Debra Archuleta's; filer area code 562 (Long Beach); this row is Phillip Chen, Assembly Member (Assembly District 59)",
4637ee44-7dde-411b-8e0f-3a6330ecba99,d64c969e-f458-4387-98b5-1e7af8cb42f0,Pilar Schiavo,Assembly Member (Assembly District 40),cal_access,1438397,SCHIAVO FOR ASSEMBLY 2022; PILAR,SCHIAVO FOR ASSEMBLY 2022; PILAR,916,TERMINATED 03/09/2023,,needs_research,full name,keep needs_research,full name (out of scope),,
d91f58ff-8f03-425a-9837-e1b0474d4766,d64c969e-f458-4387-98b5-1e7af8cb42f0,Pilar Schiavo,Assembly Member (Assembly District 40),cal_access,1477036,SCHIAVO FOR ASSEMBLY 2026; PILAR,SCHIAVO FOR ASSEMBLY 2026; PILAR,916,ACTIVE,,needs_research,full name,keep needs_research,full name (out of scope),,
c00642d7-b90e-44a2-94a0-b8e88b4890a1,466b49a0-2122-439f-831f-325dd2d1828c,Rachel Bratakos,"Council Member, San Dimas",cal_access,1465035,BRATAKOS SAN DIMAS CITY COUNCIL 2024; RACHEL,BRATAKOS SAN DIMAS CITY COUNCIL 2024; RACHEL,909,ACTIVE,,needs_research,full name,keep needs_research,full name (out of scope),,
6bf82223-7aa7-4885-94cb-c43042c3e46f,a1e9b61d-96e0-47be-ae4f-dab05158e56b,Rachelle Marcus,"Board Member, Beverly Hills Unified",cal_access,1066620,"MARCUS, COMMITTEE TO ELECT JUDGE STEPHEN","MARCUS, COMMITTEE TO ELECT JUDGE STEPHEN",213,TERMINATED 12/12/1995,,needs_research,surname only,disputed,"A names another person, or the matched token is a place, a word or a given name","surname-only auto-link: Cal-Access 1066620 ""MARCUS, COMMITTEE TO ELECT JUDGE STEPHEN"" -- names a different person (Judge Stephen Marcus); filer area code 213 (Los Angeles); this row is Rachelle Marcus, Board Member, Beverly Hills Unified",
4d4f1d7a-5fd3-404e-bc63-4196c5242027,a1e9b61d-96e0-47be-ae4f-dab05158e56b,Rachelle Marcus,"Board Member, Beverly Hills Unified",cal_access,1227941,"O'CONNELL, FRIENDS FOR MARCUS","O'CONNELL, FRIENDS FOR MARCUS",925,TERMINATED 02/02/2001,,needs_research,surname only,disputed,"A names another person, or the matched token is a place, a word or a given name","surname-only auto-link: Cal-Access 1227941 ""O'CONNELL, FRIENDS FOR MARCUS"" -- ""Marcus"" is a given name here; the committee is Marcus O'Connell's; filer area code 925 (Contra Costa); this row is Rachelle Marcus, Board Member, Beverly Hills Unified",
35b87df6-8cb5-4945-a62c-c1994669c05c,a1e9b61d-96e0-47be-ae4f-dab05158e56b,Rachelle Marcus,"Board Member, Beverly Hills Unified",cal_access,1254693,MARCUS FOR SUPERVISOR DISTRICT 1 SAN BENITO COUNTY,MARCUS FOR SUPERVISOR DISTRICT 1 SAN BENITO COUNTY,831,TERMINATED 12/31/2007,,needs_research,surname only,disputed,"B another named place or district, or an opposing / ballot / recall committee","surname-only auto-link: Cal-Access 1254693 ""MARCUS FOR SUPERVISOR DISTRICT 1 SAN BENITO COUNTY"" -- a campaign for the San Benito County Board of Supervisors in San Benito County, not for the row's seat; filer area code 831 (Monterey/Santa Cruz); this row is Rachelle Marcus, Board Member, Beverly Hills Unified",
6c7c5577-77ba-4d75-b36c-c0fd4bf1da6d,a1e9b61d-96e0-47be-ae4f-dab05158e56b,Rachelle Marcus,"Board Member, Beverly Hills Unified",cal_access,1292310,"TAXPAYERS, STUDENTS, AND EDUCATORS FOR COAST COMMUNITY COLLEGES, SPONSORED BY MARCUS LAMB","TAXPAYERS, STUDENTS, AND EDUCATORS FOR COAST COMMUNITY COLLEGES, SPONSORED BY MARCUS LAMB",949,TERMINATED 12/31/2006,,needs_research,surname only,disputed,"A names another person, or the matched token is a place, a word or a given name","surname-only auto-link: Cal-Access 1292310 ""TAXPAYERS, STUDENTS, AND EDUCATORS FOR COAST COMMUNITY COLLEGES, SPONSORED BY MARCUS LAMB"" -- ""Marcus"" is a given name here; the committee is Marcus Lamb (sponsor of a college committee)'s; filer area code 949 (Orange County); this row is Rachelle Marcus, Board Member, Beverly Hills Unified",
d5194bfd-c38d-4174-93c8-91aa29168e7e,a1e9b61d-96e0-47be-ae4f-dab05158e56b,Rachelle Marcus,"Board Member, Beverly Hills Unified",cal_access,1406061,MARCUS BH SCHOOL BOARD 2018; ELECT RACHELLE,MARCUS BH SCHOOL BOARD 2018; ELECT RACHELLE,562,TERMINATED 06/30/2019,,needs_research,full name,keep needs_research,full name (out of scope),,
c11307b7-97a0-4014-97e4-75fe74f62422,a1e9b61d-96e0-47be-ae4f-dab05158e56b,Rachelle Marcus,"Board Member, Beverly Hills Unified",cal_access,1472256,MARCUS FREMONT UNION SCHOOL BOARD 2024,MARCUS FREMONT UNION SCHOOL BOARD 2024,408,TERMINATED 08/09/2024,,needs_research,surname only,disputed,"B another named place or district, or an opposing / ballot / recall committee","surname-only auto-link: Cal-Access 1472256 ""MARCUS FREMONT UNION SCHOOL BOARD 2024"" -- a campaign for the Fremont Union school board in Santa Clara County, not for the row's seat; filer area code 408 (San Jose); this row is Rachelle Marcus, Board Member, Beverly Hills Unified",
0df160a2-3fdf-4ab7-8b4b-ea7218452ba0,2491319d-cfe1-4838-9c3e-c6b591f7176e,Raquel Zamora,"candidate, LAUSD Board of Education District 2",cal_access,1485501,ZAMORA FOR LA SCHOOL BOARD 2026; RAQUEL,ZAMORA FOR LA SCHOOL BOARD 2026; RAQUEL,323,ACTIVE,"Zamora, Raquel",needs_research,full name,keep needs_research,full name (out of scope),,
ce521b2d-c465-42ea-bdeb-b22f64935613,50e1b55e-e3be-48f8-abf5-bb0c71bec68b,Raul Claros,"candidate, Los Angeles City Council District 1",cal_access,1479833,RAUL CLAROS,"CLAROS, RAUL",213,ACTIVE,,needs_research,full name,keep needs_research,full name (out of scope),,
470d2086-3962-448f-bab6-b36d6d998920,89132b96-8e37-4db9-a69a-92c8791fd8ac,Ray Pearl,"Council Member, Westlake Village",cal_access,1359838,"PEARL FOR SCHOOL BOARD 2013, RAY","PEARL FOR SCHOOL BOARD 2013, RAY",818,TERMINATED 12/23/2013,,needs_research,full name,keep needs_research,full name (out of scope),,
ef55865f-ac2a-47cc-a9a4-8b8aee75be83,89132b96-8e37-4db9-a69a-92c8791fd8ac,Ray Pearl,"Council Member, Westlake Village",cal_access,1410173,PEARL FOR WESTLAKE VILLAGE CITY COUNCIL 2018; RAY,PEARL FOR WESTLAKE VILLAGE CITY COUNCIL 2018; RAY,818,TERMINATED 12/27/2021,,needs_research,full name,keep needs_research,full name (out of scope),,
96745fa9-32a7-449e-bca5-3a843547d41c,89132b96-8e37-4db9-a69a-92c8791fd8ac,Ray Pearl,"Council Member, Westlake Village",cal_access,1443552,PEARL FOR WESTLAKE VILLAGE CITY COUNCIL 2022; RAY,PEARL FOR WESTLAKE VILLAGE CITY COUNCIL 2022; RAY,818,TERMINATED 12/28/2022,,needs_research,full name,keep needs_research,full name (out of scope),,
776f6803-35d1-4dbe-a263-cc6d548f58af,21ad587e-dfcd-405e-8bfb-f03c299e542f,Rene Trevino,"Council Member, Artesia",cal_access,1238576,TREVINO FOR CITY COUNCIL,TREVINO FOR CITY COUNCIL,559,TERMINATED 01/24/2013,,needs_research,surname only,keep needs_research,unresolved,,
d080966e-6837-46ff-bf0a-fb87a82a6346,21ad587e-dfcd-405e-8bfb-f03c299e542f,Rene Trevino,"Council Member, Artesia",cal_access,1297409,TREVINO WATER BOARD 2028,TREVINO WATER BOARD 2028,213,ACTIVE,,needs_research,surname only,keep needs_research,unresolved,,
586e2735-9185-4cdf-bc48-13b7e477fe07,21ad587e-dfcd-405e-8bfb-f03c299e542f,Rene Trevino,"Council Member, Artesia",cal_access,1406233,TREVINO FOR ARTESIA COUNCIL 2026,TREVINO FOR ARTESIA COUNCIL 2026,213,ACTIVE,,needs_research,surname only,keep needs_research,unresolved,,
17155d30-eae7-4845-a542-0f278337a45f,4c9d7584-4e07-46f7-8f8c-770afc8dce94,Rex Richardson,"Mayor, Long Beach",cal_access,1444231,PRICE FOR MAYOR 2022 AND OPPOSING REX RICHARDSON FOR MAYOR 2022; COMMITTEE FOR A SAFE AND STRONG LONG BEACH: SUPPORTING SUZIE,PRICE FOR MAYOR 2022 AND OPPOSING REX RICHARDSON FOR MAYOR 2022; COMMITTEE FOR A SAFE AND STRONG LONG BEACH: SUPPORTING SUZIE,916,TERMINATED 08/31/2022,,needs_research,full name,keep needs_research,full name (out of scope),,
adeec530-a5bc-4092-80d9-0d8ec5b2bf72,aa8fa475-1af2-4537-a90b-6c3f6a835f34,Ricardo R. Ocampo,,la_socrata,1347880,Alex De Ocampo for LA City Council 2013,,,,"De Ocampo, Alexander",needs_research,surname only,disputed,"A names another person, or the matched token is a place, a word or a given name","surname-only auto-link: LA City Ethics committee 1347880 ""Alex De Ocampo for LA City Council 2013"" -- LA City Ethics names its candidate as Alexander De Ocampo (LA City Council Member - District 13), a different person; this row is Ricardo R. Ocampo (active; no seat or race recorded)",
cfc87cc8-c7ba-4316-a624-f47fe0d15b45,161fa300-f273-4d3b-8bd6-fcd5da9c8aeb,Rich Sarian,"candidate, Los Angeles City Council District 13",cal_access,1485258,RICH SARIAN,"SARIAN, RICH",442,ACTIVE,,needs_research,full name,keep needs_research,full name (out of scope),,
f6b95909-8fbf-44a1-8dba-85d52956b418,161fa300-f273-4d3b-8bd6-fcd5da9c8aeb,Rich Sarian,"candidate, Los Angeles City Council District 13",cal_access,1485259,SARIAN FOR LA CITY COUNCIL 2026; RICH,SARIAN FOR LA CITY COUNCIL 2026; RICH,442,ACTIVE,"Sarian, Rich",needs_research,full name,keep needs_research,full name (out of scope),,"full-name match, but the committee names another place: LA CITY"
d6d7223b-4964-4a0a-b45c-86274a1b2d76,6e5d3005-07e5-4c57-a3e0-033a2b17bbdc,Richard J. Loa,"Council Member (District 2), Palmdale",cal_access,1226519,"LOA  FOR PALMDALE COUNCIL, RICHARD","LOA FOR PALMDALE COUNCIL, RICHARD",661,TERMINATED 12/31/2005,,needs_research,full name,keep needs_research,full name (out of scope),,
e046d161-fa35-48ce-b7c3-1ed76cf4f359,6e5d3005-07e5-4c57-a3e0-033a2b17bbdc,Richard J. Loa,"Council Member (District 2), Palmdale",cal_access,1355685,"LOA FOR PALMDALE CITY COUNCIL 2013, RICHARD","LOA FOR PALMDALE CITY COUNCIL 2013, RICHARD",661,ACTIVE,,needs_research,full name,keep needs_research,full name (out of scope),,
7fdb49ae-5cbd-44f2-b2ea-4f00275f6d06,6e5d3005-07e5-4c57-a3e0-033a2b17bbdc,Richard J. Loa,"Council Member (District 2), Palmdale",cal_access,1388568,"LOA FOR PALMDALE MAYOR 2016, RICHARD","LOA FOR PALMDALE MAYOR 2016, RICHARD",661,TERMINATED 12/31/2019,,needs_research,full name,keep needs_research,full name (out of scope),,
9f6fc181-85e0-4ccb-ac30-37ab39438337,6e5d3005-07e5-4c57-a3e0-033a2b17bbdc,Richard J. Loa,"Council Member (District 2), Palmdale",cal_access,1417042,LOA FOR PALMDALE CITY COUNCIL 2020; RICHARD,LOA FOR PALMDALE CITY COUNCIL 2020; RICHARD,661,ACTIVE,,needs_research,full name,keep needs_research,full name (out of scope),,
56f8205d-e261-46a6-b19f-be83d69e72f3,6e5d3005-07e5-4c57-a3e0-033a2b17bbdc,Richard J. Loa,"Council Member (District 2), Palmdale",cal_access,1460282,LOA FOR CITY COUNCIL 2024; RICHARD,LOA FOR CITY COUNCIL 2024; RICHARD,661,ACTIVE,,needs_research,full name,keep needs_research,full name (out of scope),,
371eecd2-1db2-43b3-bdc8-45abf7289a8f,f66aed7d-8313-4ed0-aba6-810b73e277cf,Richard T. Hale,"Mayor, Bradbury",cal_access,1443185,HALE FOR SUPERVISOR DISTRICT 1 2022,HALE FOR SUPERVISOR DISTRICT 1 2022,415,TERMINATED 09/12/2022,,needs_research,surname only,disputed,C the filer evidence places it elsewhere (area code or shared filer phone),"surname-only auto-link: Cal-Access 1443185 ""HALE FOR SUPERVISOR DISTRICT 1 2022"" -- a campaign for a county board of supervisors; filer area code 415 (San Francisco) is outside the Los Angeles region and nothing ties it to the row; this row is Richard T. Hale, Mayor, Bradbury",
581bf558-1a66-41bc-8956-b8eea290b1c3,f66aed7d-8313-4ed0-aba6-810b73e277cf,Richard T. Hale,"Mayor, Bradbury",cal_access,1447944,"HALE FOR ASSEMBLY 2022, SPONSORED BY PENINSULA NOW; SAN MATEO COUNTY RESIDENTS FOR GISELLE","HALE FOR ASSEMBLY 2022, SPONSORED BY PENINSULA NOW; SAN MATEO COUNTY RESIDENTS FOR GISELLE",916,TERMINATED 08/05/2022,,needs_research,surname only,disputed,"A names another person, or the matched token is a place, a word or a given name","surname-only auto-link: Cal-Access 1447944 ""HALE FOR ASSEMBLY 2022, SPONSORED BY PENINSULA NOW; SAN MATEO COUNTY RESIDENTS FOR GISELLE"" -- names a different person (Giselle Hale, San Mateo County); filer area code 916 (Sacramento); this row is Richard T. Hale, Mayor, Bradbury",
ef73f460-6037-42ad-be1b-7717a4c1560b,f66aed7d-8313-4ed0-aba6-810b73e277cf,Richard T. Hale,"Mayor, Bradbury",cal_access,1488508,HALE ASSEMBLY DISTRICT ONE 2026,HALE ASSEMBLY DISTRICT ONE 2026,530,TERMINATED 06/28/2026,,needs_research,surname only,disputed,"B another named place or district, or an opposing / ballot / recall committee","surname-only auto-link: Cal-Access 1488508 ""HALE ASSEMBLY DISTRICT ONE 2026"" -- a committee for the 1st Assembly District (far northern California), not the Bradbury seat; filer area code 530 (far northern California); this row is Richard T. Hale, Mayor, Bradbury",
aae26c70-02b5-4c51-a1b4-f413d9488224,9f07a6d3-ecce-4105-be1d-23fb69d288c8,Rick Cole,"Councilmember, Pasadena",cal_access,1225665,COLE FOR CITY COUNCIL,COLE FOR CITY COUNCIL,310,TERMINATED 12/31/2004,,needs_research,surname only,keep needs_research,unresolved,,
47059dd3-4879-4635-b28c-2cb4a395bd0b,9f07a6d3-ecce-4105-be1d-23fb69d288c8,Rick Cole,"Councilmember, Pasadena",cal_access,1238827,COLE FOR CITY COUNCIL,COLE FOR CITY COUNCIL,323,TERMINATED 07/19/2016,,needs_research,surname only,keep needs_research,unresolved,,
4020261e-cf86-4135-b4e3-052bd7a741f8,9f07a6d3-ecce-4105-be1d-23fb69d288c8,Rick Cole,"Councilmember, Pasadena",cal_access,1328668,COLE FOR CITY COUNCIL 2010,COLE FOR CITY COUNCIL 2010,916,TERMINATED 06/30/2011,,needs_research,surname only,keep needs_research,unresolved,,
10d3c22a-c361-4459-9a52-9af87deb3337,9f07a6d3-ecce-4105-be1d-23fb69d288c8,Rick Cole,"Councilmember, Pasadena",cal_access,1332410,COLE FOR ANAHEIM CITY SCHOOL BOARD 2010,COLE FOR ANAHEIM CITY SCHOOL BOARD 2010,714,TERMINATED 11/08/2010,,needs_research,surname only,disputed,"B another named place or district, or an opposing / ballot / recall committee","surname-only auto-link: Cal-Access 1332410 ""COLE FOR ANAHEIM CITY SCHOOL BOARD 2010"" -- a campaign for the Anaheim City school board in Anaheim (Orange County), not for the row's seat; filer area code 714 (Orange County); this row is Rick Cole, Councilmember, Pasadena",
de18a31a-0463-4070-a3ad-1639d8109faa,9f07a6d3-ecce-4105-be1d-23fb69d288c8,Rick Cole,"Councilmember, Pasadena",cal_access,1356242,"COLE FOR CITY COUNCIL 2013, COMMUNITY COALITION FOR MYRTLE","COLE FOR CITY COUNCIL 2013, COMMUNITY COALITION FOR MYRTLE",202,TERMINATED 05/28/2013,,needs_research,surname only,disputed,"A names another person, or the matched token is a place, a word or a given name","surname-only auto-link: Cal-Access 1356242 ""COLE FOR CITY COUNCIL 2013, COMMUNITY COALITION FOR MYRTLE"" -- names a different person (Myrtle Cole); filer area code 202 (Washington DC); this row is Rick Cole, Councilmember, Pasadena",
f6565869-aed3-47b2-b05a-9d4bb733fa55,9f07a6d3-ecce-4105-be1d-23fb69d288c8,Rick Cole,"Councilmember, Pasadena",cal_access,1367060,COLE FOR ANAHEIM CITY SCHOOL BOARD 2014,COLE FOR ANAHEIM CITY SCHOOL BOARD 2014,714,TERMINATED 11/25/2014,,needs_research,surname only,disputed,"B another named place or district, or an opposing / ballot / recall committee","surname-only auto-link: Cal-Access 1367060 ""COLE FOR ANAHEIM CITY SCHOOL BOARD 2014"" -- a campaign for the Anaheim City school board in Anaheim (Orange County), not for the row's seat; filer area code 714 (Orange County); this row is Rick Cole, Councilmember, Pasadena",
0c784afa-0c2e-4a1b-8731-0aa1c8e5472f,9f07a6d3-ecce-4105-be1d-23fb69d288c8,Rick Cole,"Councilmember, Pasadena",cal_access,1384674,"COLE FOR JUDGE 2020, SHERRI ONICA VALLE","COLE FOR JUDGE 2020, SHERRI ONICA VALLE",310,TERMINATED 05/27/2025,,needs_research,surname only,disputed,"A names another person, or the matched token is a place, a word or a given name","surname-only auto-link: Cal-Access 1384674 ""COLE FOR JUDGE 2020, SHERRI ONICA VALLE"" -- names a different person (Sherri Onica Valle Cole); filer area code 310 (West LA/South Bay); this row is Rick Cole, Councilmember, Pasadena",
a1009397-9223-4f54-b04a-4930ce595c9f,9f07a6d3-ecce-4105-be1d-23fb69d288c8,Rick Cole,"Councilmember, Pasadena",cal_access,1408294,COLE FOR ANAHEIM MAYOR 2018,COLE FOR ANAHEIM MAYOR 2018,714,TERMINATED 08/11/2018,,needs_research,surname only,disputed,"B another named place or district, or an opposing / ballot / recall committee","surname-only auto-link: Cal-Access 1408294 ""COLE FOR ANAHEIM MAYOR 2018"" -- a campaign for mayor of Anaheim in Anaheim (Orange County), not for the row's seat; filer area code 714 (Orange County); this row is Rick Cole, Councilmember, Pasadena",
1cb793dd-1d50-455f-93b3-a2ff83243eba,9f07a6d3-ecce-4105-be1d-23fb69d288c8,Rick Cole,"Councilmember, Pasadena",cal_access,1424452,COLE FOR ASSEMBLY 2020,COLE FOR ASSEMBLY 2020,805,TERMINATED 12/31/2020,,needs_research,surname only,disputed,C the filer evidence places it elsewhere (area code or shared filer phone),"surname-only auto-link: Cal-Access 1424452 ""COLE FOR ASSEMBLY 2020"" -- a campaign for the State Assembly; filer area code 805 (Central Coast/Ventura) is outside the Los Angeles region and nothing ties it to the row; this row is Rick Cole, Councilmember, Pasadena",
c4bffd65-e2fa-4c4b-a75e-077ca7a0fd92,9f07a6d3-ecce-4105-be1d-23fb69d288c8,Rick Cole,"Councilmember, Pasadena",cal_access,1429908,COLE + KROLIK + ROYSE FOR COUNCIL 2020,COLE + KROLIK + ROYSE FOR COUNCIL 2020,650,TERMINATED 12/31/2020,,needs_research,surname only,disputed,C the filer evidence places it elsewhere (area code or shared filer phone),"surname-only auto-link: Cal-Access 1429908 ""COLE + KROLIK + ROYSE FOR COUNCIL 2020"" -- a campaign for a city council; filer area code 650 (San Mateo County) is outside the Los Angeles region and nothing ties it to the row; this row is Rick Cole, Councilmember, Pasadena",
15767c8f-e010-478e-acdc-9b33a94ecdaa,9f07a6d3-ecce-4105-be1d-23fb69d288c8,Rick Cole,"Councilmember, Pasadena",cal_access,1437848,COLE FOR CITY ATTORNEY 2022; SHERRI ONICA VALLE,COLE FOR CITY ATTORNEY 2022; SHERRI ONICA VALLE,310,TERMINATED 12/31/2023,"Cole, Sherri",needs_research,surname only,disputed,"A names another person, or the matched token is a place, a word or a given name","surname-only auto-link: Cal-Access 1437848 ""COLE FOR CITY ATTORNEY 2022; SHERRI ONICA VALLE"" -- LA City Ethics names its candidate as Sherri Cole (LA City Attorney), a different person; filer area code 310 (West LA/South Bay); this row is Rick Cole, Councilmember, Pasadena",
05e53ccb-37db-4eb9-8881-0e9820561f2b,9f07a6d3-ecce-4105-be1d-23fb69d288c8,Rick Cole,"Councilmember, Pasadena",cal_access,1460671,COLE FOR CITY COUNCIL 2024; RICK,COLE FOR CITY COUNCIL 2024; RICK,626,ACTIVE,,needs_research,full name,keep needs_research,full name (out of scope),,
5f90d572-9439-461b-b852-47035d5f04c2,64d469a4-1f9b-48cd-930d-0947f33cae90,Rick Crosby,"Council Member (District 2), La Verne",cal_access,1423510,CROSBY FOR COUNCIL 2020,CROSBY FOR COUNCIL 2020,909,TERMINATED 06/11/2020,,needs_research,surname only,keep needs_research,unresolved,,
61ab4349-e787-4bcb-b4e4-06aa44599a84,e3b9af1b-3704-4bc5-a6ef-ab1f814bd29d,Rick Ramirez,"Councilmember, Norwalk",cal_access,1290217,"RAMIREZ FOR CITY COUNCIL 2011, RICK","RAMIREZ FOR CITY COUNCIL 2011, RICK",213,TERMINATED 03/23/2011,,needs_research,full name,keep needs_research,full name (out of scope),,
01593047-0ec6-43f6-b5a0-c8f265ba0e6c,08bf0f81-2f3f-4fd1-98d1-d3c4ae77c5c7,Rita Soto,"Mayor, Lynwood",cal_access,1430502,SOTO FOR LYNWOOD CITY COUNCIL 2024; RITA,SOTO FOR LYNWOOD CITY COUNCIL 2024; RITA,213,ACTIVE,,needs_research,full name,keep needs_research,full name (out of scope),,
7b179688-04f8-4d1d-a962-fb2f66234cf3,8b183a30-3afb-4d9e-aa40-aa2ad2c674aa,Rob Bonta,Attorney General,cal_access,1308537,"BONTA, FRIENDS OF ROB","BONTA, FRIENDS OF ROB",510,TERMINATED 03/08/2010,,needs_research,full name,keep needs_research,full name (out of scope),,
3afce4c2-23a1-49e8-9a64-78f60cf1de1f,8b183a30-3afb-4d9e-aa40-aa2ad2c674aa,Rob Bonta,Attorney General,cal_access,1324086,"BONTA FOR CITY COUNCIL 2010, ROB","BONTA FOR CITY COUNCIL 2010, ROB",510,TERMINATED 05/14/2013,,needs_research,full name,keep needs_research,full name (out of scope),,
f1b1c32a-a660-489c-812e-b5204d825248,8b183a30-3afb-4d9e-aa40-aa2ad2c674aa,Rob Bonta,Attorney General,cal_access,1339722,"BONTA FOR STATE ASSEMBLY 2012, ROB","BONTA FOR STATE ASSEMBLY 2012, ROB",510,TERMINATED 06/30/2013,,needs_research,full name,keep needs_research,full name (out of scope),,
0caf5ead-2bd8-40f9-9b9f-7fea3608c158,8b183a30-3afb-4d9e-aa40-aa2ad2c674aa,Rob Bonta,Attorney General,cal_access,1352589,"BONTA FOR ASSEMBLY 2012, WITH MAJOR FUNDING BY THE CALIFORNIA PROFESSIONAL FIREFIGHTERS AND CALIFORNIA SCHOOL EMPLOYEES ASSOCIATION, SUPPORT ROB","BONTA FOR ASSEMBLY 2012, WITH MAJOR FUNDING BY THE CALIFORNIA PROFESSIONAL FIREFIGHTERS AND CALIFORNIA SCHOOL EMPLOYEES ASSOCIATION, SUPPORT ROB",415,TERMINATED 12/31/2012,,needs_research,full name,keep needs_research,full name (out of scope),,
66e33895-bee4-4cdc-8edc-13dcdb5e3931,8b183a30-3afb-4d9e-aa40-aa2ad2c674aa,Rob Bonta,Attorney General,cal_access,1353796,"BONTA FOR ASSEMBLY 2014, ROB","BONTA FOR ASSEMBLY 2014, ROB",510,TERMINATED 03/02/2015,,needs_research,full name,keep needs_research,full name (out of scope),,
314c8ec7-3424-4984-926f-b36d9c70320a,8b183a30-3afb-4d9e-aa40-aa2ad2c674aa,Rob Bonta,Attorney General,cal_access,1373426,BONTA FOR ASSEMBLY 2016; ROB,BONTA FOR ASSEMBLY 2016; ROB,510,TERMINATED 12/31/2016,,needs_research,full name,keep needs_research,full name (out of scope),,
75ba072e-7272-4cfe-b3d5-a65bd2ad7e8f,8b183a30-3afb-4d9e-aa40-aa2ad2c674aa,Rob Bonta,Attorney General,cal_access,1392389,BONTA FOR ASSEMBLY 2018; ROB,BONTA FOR ASSEMBLY 2018; ROB,510,TERMINATED 12/31/2018,,needs_research,full name,keep needs_research,full name (out of scope),,
627175c2-2900-412a-b38e-2cbe06ac0b85,8b183a30-3afb-4d9e-aa40-aa2ad2c674aa,Rob Bonta,Attorney General,cal_access,1434826,BONTA FOR ASSEMBLY 2022; ROB,BONTA FOR ASSEMBLY 2022; ROB,510,TERMINATED 09/30/2021,,needs_research,full name,keep needs_research,full name (out of scope),,
b63c5d0a-4f72-47ce-929d-0913812b9a49,8b183a30-3afb-4d9e-aa40-aa2ad2c674aa,Rob Bonta,Attorney General,cal_access,1437201,BONTA FOR CA ATTORNEY GENERAL 2022; ROB,BONTA FOR CA ATTORNEY GENERAL 2022; ROB,916,TERMINATED 04/14/2023,,needs_research,full name,keep needs_research,full name (out of scope),,
201e48f0-76af-47a6-adea-0c56af28b707,8b183a30-3afb-4d9e-aa40-aa2ad2c674aa,Rob Bonta,Attorney General,cal_access,1438600,BONTA FOR ASSEMBLY 2021; EAST BAY UNITED FOR,BONTA FOR ASSEMBLY 2021; EAST BAY UNITED FOR,916,TERMINATED 12/31/2021,,needs_research,surname only,keep needs_research,unresolved,,"probably Mia Bonta (Assembly District 18 special election, 2021); no given name in the record"
3c6cb61f-418c-4d44-9f4c-531f79695c50,8b183a30-3afb-4d9e-aa40-aa2ad2c674aa,Rob Bonta,Attorney General,cal_access,1438628,"BONTA FOR STATE ASSEMBLY 2021 SPONSORED BY LABOR UNIONS, EDUCATION, AND HEALTHCARE ORGANIZATIONS; EDUCATORS AND HEALTHCARE PROFESSIONALS FOR MIA","BONTA FOR STATE ASSEMBLY 2021 SPONSORED BY LABOR UNIONS, EDUCATION, AND HEALTHCARE ORGANIZATIONS; EDUCATORS AND HEALTHCARE PROFESSIONALS FOR MIA",916,TERMINATED 12/31/2021,,needs_research,surname only,keep needs_research,unresolved,,"probably Mia Bonta (Assembly District 18 special election, 2021); no given name in the record"
50aecf13-751f-4e97-95aa-35fba02df996,8b183a30-3afb-4d9e-aa40-aa2ad2c674aa,Rob Bonta,Attorney General,cal_access,1439160,BONTA FOR ATTORNEY GENERAL 2022; COMMUNITIES FOR JUSTICE SUPPORTING ROB,BONTA FOR ATTORNEY GENERAL 2022; COMMUNITIES FOR JUSTICE SUPPORTING ROB,213,TERMINATED 01/31/2023,,needs_research,full name,keep needs_research,full name (out of scope),,
5e08ed3f-cfc9-4103-b123-69fed846cdb6,8b183a30-3afb-4d9e-aa40-aa2ad2c674aa,Rob Bonta,Attorney General,cal_access,1447769,BONTA FOR ATTORNEY GENERAL 2022 SPONSORED BY LABOR OGANIZATIONS; CALIFORNIANS SUPPORTING ROB,BONTA FOR ATTORNEY GENERAL 2022 SPONSORED BY LABOR OGANIZATIONS; CALIFORNIANS SUPPORTING ROB,510,TERMINATED 12/31/2022,,needs_research,full name,keep needs_research,full name (out of scope),,
7504cd56-f3f5-4b1a-bf45-9edf1f05cf56,8b183a30-3afb-4d9e-aa40-aa2ad2c674aa,Rob Bonta,Attorney General,cal_access,1456428,BONTA FOR CA ATTORNEY GENERAL 2026; ROB,BONTA FOR CA ATTORNEY GENERAL 2026; ROB,916,ACTIVE,,needs_research,full name,keep needs_research,full name (out of scope),,
c3644401-b140-4fee-b20b-0952a79525db,4da817bf-9c82-44c0-9ebe-c36b29113244,Rob Saemann,"Council Member, Hermosa Beach",cal_access,1452697,SAEMANN FOR HERMOSA COUNCIL 2022; ROB,SAEMANN FOR HERMOSA COUNCIL 2022; ROB,310,TERMINATED 12/31/2022,,needs_research,full name,keep needs_research,full name (out of scope),,
5e86356d-b638-4ca2-8935-09b53ce119ed,4c6c35f0-0c85-4dca-b2df-388400fb4f07,Robert Copeland,"Council Member, Signal Hill",cal_access,1393049,COPELAND FOR COUNCIL 2017,COPELAND FOR COUNCIL 2017,562,TERMINATED 07/27/2017,,needs_research,surname only,keep needs_research,unresolved,,
8d00f9b4-c9a2-4d52-ac31-02dc129d86d8,4c6c35f0-0c85-4dca-b2df-388400fb4f07,Robert Copeland,"Council Member, Signal Hill",cal_access,1423100,COPELAND FOR COUNCIL 2020,COPELAND FOR COUNCIL 2020,714,TERMINATED 12/31/2020,,needs_research,surname only,keep needs_research,unresolved,,
b2623355-4a54-4c12-bb9c-4abbb838cb67,4c6c35f0-0c85-4dca-b2df-388400fb4f07,Robert Copeland,"Council Member, Signal Hill",cal_access,1463893,COPELAND FOR COUNCIL 2024,COPELAND FOR COUNCIL 2024,714,TERMINATED 12/02/2024,,needs_research,surname only,keep needs_research,unresolved,,
dd3829e8-7f9a-40c0-9080-7e14f6b17ad9,f2a863a9-ce21-453a-9d2b-fc7282307eb0,Robert Gin,"Board Member (Trustee Area 4), Alhambra Unified",cal_access,1243864,"GIN FOR ALHAMBRA SCHOOL BOARD, BOB","GIN FOR ALHAMBRA SCHOOL BOARD, BOB",323,TERMINATED 01/15/2021,,needs_research,full name,keep needs_research,full name (out of scope),,
51e2b2f8-8616-4734-a575-1a3b0e39347f,f2a863a9-ce21-453a-9d2b-fc7282307eb0,Robert Gin,"Board Member (Trustee Area 4), Alhambra Unified",cal_access,1332029,"GIN FOR CITY COUNCIL 2011, BOB","GIN FOR CITY COUNCIL 2011, BOB",323,TERMINATED 06/30/2011,,needs_research,full name,keep needs_research,full name (out of scope),,
7faf0d30-e84f-4297-8458-46a9973beb60,f2a863a9-ce21-453a-9d2b-fc7282307eb0,Robert Gin,"Board Member (Trustee Area 4), Alhambra Unified",cal_access,1422975,GIN FOR CITY COUNCIL 2020,GIN FOR CITY COUNCIL 2020,323,TERMINATED 06/30/2020,,needs_research,surname only,keep needs_research,unresolved,,
156b3cd8-7545-4243-938a-a7dd9761917c,21975878-739e-452b-8bf7-95919680462a,Robert Luna,"Sheriff, Los Angeles County",cal_access,1034217,LUNA FOR ASSEMBLY,LUNA FOR ASSEMBLY,213,TERMINATED 12/01/1990,,needs_research,surname only,keep needs_research,unresolved,,
7ce83f09-8a8a-43d6-a9a2-7f6a2e3512c7,21975878-739e-452b-8bf7-95919680462a,Robert Luna,"Sheriff, Los Angeles County",cal_access,1222297,"LUNA FOR CITY COUNCIL, COMMITTEE TO ELECT DAVID","LUNA FOR CITY COUNCIL, COMMITTEE TO ELECT DAVID",562,ACTIVE,,needs_research,surname only,disputed,"A names another person, or the matched token is a place, a word or a given name","surname-only auto-link: Cal-Access 1222297 ""LUNA FOR CITY COUNCIL, COMMITTEE TO ELECT DAVID"" -- names a different person (David Luna); filer area code 562 (Long Beach); this row is Robert Luna, Sheriff, Los Angeles County",
51bcf104-76ed-4074-97d3-8a36d2afb073,21975878-739e-452b-8bf7-95919680462a,Robert Luna,"Sheriff, Los Angeles County",cal_access,1226503,"LUNA, FRIENDS OF GEORGE","LUNA, FRIENDS OF GEORGE",805,TERMINATED 08/21/2000,,needs_research,surname only,disputed,"A names another person, or the matched token is a place, a word or a given name","surname-only auto-link: Cal-Access 1226503 ""LUNA, FRIENDS OF GEORGE"" -- names a different person (George Luna); filer area code 805 (Central Coast/Ventura); this row is Robert Luna, Sheriff, Los Angeles County",
0c8cb63d-61b1-47d4-96b9-59c56d4c45c0,21975878-739e-452b-8bf7-95919680462a,Robert Luna,"Sheriff, Los Angeles County",cal_access,1227289,"LUNA, COMMITTEE TO ELECT RAY","LUNA, COMMITTEE TO ELECT RAY",805,ACTIVE,,needs_research,surname only,disputed,"A names another person, or the matched token is a place, a word or a given name","surname-only auto-link: Cal-Access 1227289 ""LUNA, COMMITTEE TO ELECT RAY"" -- names a different person (Ray Luna); filer area code 805 (Central Coast/Ventura); this row is Robert Luna, Sheriff, Los Angeles County",
a45c2e53-99a4-49ba-84ae-95938d6c9bf3,21975878-739e-452b-8bf7-95919680462a,Robert Luna,"Sheriff, Los Angeles County",cal_access,1243153,LUNA FOR MAYOR,LUNA FOR MAYOR,619,TERMINATED 12/12/2012,,needs_research,surname only,disputed,C the filer evidence places it elsewhere (area code or shared filer phone),"surname-only auto-link: Cal-Access 1243153 ""LUNA FOR MAYOR"" -- a campaign for mayor; filer area code 619 (San Diego) is outside the Los Angeles region and nothing ties it to the row; this row is Robert Luna, Sheriff, Los Angeles County",
373511de-2fa6-448f-911b-7d7eb0c38ea0,21975878-739e-452b-8bf7-95919680462a,Robert Luna,"Sheriff, Los Angeles County",cal_access,1248535,M. LUNA SCHOOLBOARD,M. LUNA SCHOOLBOARD,415,TERMINATED 02/28/2003,,needs_research,surname only,disputed,C the filer evidence places it elsewhere (area code or shared filer phone),"surname-only auto-link: Cal-Access 1248535 ""M. LUNA SCHOOLBOARD"" -- a campaign for a school board (M. Luna); filer area code 415 (San Francisco) is outside the Los Angeles region and nothing ties it to the row; this row is Robert Luna, Sheriff, Los Angeles County",
7e96c4b8-12df-48de-89c6-cad9ed5a4ca7,21975878-739e-452b-8bf7-95919680462a,Robert Luna,"Sheriff, Los Angeles County",cal_access,1266849,"LUNA, FRIENDS OF GEORGE","LUNA, FRIENDS OF GEORGE",805,TERMINATED 01/28/2005,,needs_research,surname only,disputed,"A names another person, or the matched token is a place, a word or a given name","surname-only auto-link: Cal-Access 1266849 ""LUNA, FRIENDS OF GEORGE"" -- names a different person (George Luna); filer area code 805 (Central Coast/Ventura); this row is Robert Luna, Sheriff, Los Angeles County",
e1c0876a-fb97-47a5-9ba5-59106cd57162,21975878-739e-452b-8bf7-95919680462a,Robert Luna,"Sheriff, Los Angeles County",cal_access,1268665,"LUNA FOR 1ST DISTRICT COUNCIL, SYLVIA","LUNA FOR 1ST DISTRICT COUNCIL, SYLVIA",323,ACTIVE,"Luna Nerio, Sylvia",needs_research,surname only,disputed,"A names another person, or the matched token is a place, a word or a given name","surname-only auto-link: Cal-Access 1268665 ""LUNA FOR 1ST DISTRICT COUNCIL, SYLVIA"" -- LA City Ethics names its candidate as Sylvia Luna Nerio (LA City Council Member - District 1), a different person; filer area code 323 (Los Angeles); this row is Robert Luna, Sheriff, Los Angeles County",
a363744a-312c-480a-8e7d-01ae424cf622,21975878-739e-452b-8bf7-95919680462a,Robert Luna,"Sheriff, Los Angeles County",cal_access,1269733,"LUNA, COMMITTEE TO ELECT RAY FOR COUNCILMAN","LUNA, COMMITTEE TO ELECT RAY FOR COUNCILMAN",805,TERMINATED 07/13/2005,,needs_research,surname only,disputed,"A names another person, or the matched token is a place, a word or a given name","surname-only auto-link: Cal-Access 1269733 ""LUNA, COMMITTEE TO ELECT RAY FOR COUNCILMAN"" -- names a different person (Ray Luna); filer area code 805 (Central Coast/Ventura); this row is Robert Luna, Sheriff, Los Angeles County",
a3841e06-b4d2-4ffe-9142-be3afd64a50f,21975878-739e-452b-8bf7-95919680462a,Robert Luna,"Sheriff, Los Angeles County",cal_access,1371389,"SOLORIO LUNA 2014 FOR CITY COUNCIL, COMMITTEE TO ELECT MICKIE","SOLORIO LUNA 2014 FOR CITY COUNCIL, COMMITTEE TO ELECT MICKIE",831,TERMINATED 02/05/2015,,needs_research,surname only,disputed,"A names another person, or the matched token is a place, a word or a given name","surname-only auto-link: Cal-Access 1371389 ""SOLORIO LUNA 2014 FOR CITY COUNCIL, COMMITTEE TO ELECT MICKIE"" -- names a different person (Mickie Solorio Luna); filer area code 831 (Monterey/Santa Cruz); this row is Robert Luna, Sheriff, Los Angeles County",
23392a7d-b921-43a9-8e49-8f4bbf02e889,21975878-739e-452b-8bf7-95919680462a,Robert Luna,"Sheriff, Los Angeles County",cal_access,1410617,LUNA 2018 FOR CITY COUNCIL; COMMITTEE TO ELECT MICKIE SOLORIO,LUNA 2018 FOR CITY COUNCIL; COMMITTEE TO ELECT MICKIE SOLORIO,831,ACTIVE,,needs_research,surname only,disputed,"A names another person, or the matched token is a place, a word or a given name","surname-only auto-link: Cal-Access 1410617 ""LUNA 2018 FOR CITY COUNCIL; COMMITTEE TO ELECT MICKIE SOLORIO"" -- names a different person (Mickie Solorio Luna); filer area code 831 (Monterey/Santa Cruz); this row is Robert Luna, Sheriff, Los Angeles County",
347f2401-415c-4ea2-8716-07232826e6dd,21975878-739e-452b-8bf7-95919680462a,Robert Luna,"Sheriff, Los Angeles County",cal_access,1452393,LUNA FOR WEST COVINA CITY COUNCIL 2022; DANIEL,LUNA FOR WEST COVINA CITY COUNCIL 2022; DANIEL,626,TERMINATED 06/12/2023,,needs_research,surname only,disputed,"A names another person, or the matched token is a place, a word or a given name","surname-only auto-link: Cal-Access 1452393 ""LUNA FOR WEST COVINA CITY COUNCIL 2022; DANIEL"" -- names a different person (Daniel Luna, West Covina council candidate); filer area code 626 (San Gabriel Valley); this row is Robert Luna, Sheriff, Los Angeles County",
04888d5b-c227-4930-82db-cf229949812b,21975878-739e-452b-8bf7-95919680462a,Robert Luna,"Sheriff, Los Angeles County",cal_access,1454805,"LUNA AND SYKES FOR CITY COUNCIL 2022, SPONSORED BY TEAMSTERS LOCAL 396; WORKING FAMILIES FOR WEST COVINA SUPPORTING","LUNA AND SYKES FOR CITY COUNCIL 2022, SPONSORED BY TEAMSTERS LOCAL 396; WORKING FAMILIES FOR WEST COVINA SUPPORTING",626,TERMINATED 12/31/2022,,needs_research,surname only,disputed,"B another named place or district, or an opposing / ballot / recall committee","surname-only auto-link: Cal-Access 1454805 ""LUNA AND SYKES FOR CITY COUNCIL 2022, SPONSORED BY TEAMSTERS LOCAL 396; WORKING FAMILIES FOR WEST COVINA SUPPORTING"" -- a campaign for the West Covina City Council (Luna and Sykes) in West Covina, not for the row's seat; filer area code 626 (San Gabriel Valley); this row is Robert Luna, Sheriff, Los Angeles County",
139a2288-e03c-40e6-bc76-b9c233b7e9f9,21975878-739e-452b-8bf7-95919680462a,Robert Luna,"Sheriff, Los Angeles County",cal_access,1464439,LUNA FOR JUDGE 2024; BOBBY,LUNA FOR JUDGE 2024; BOBBY,442,ACTIVE,,needs_research,full name,keep needs_research,full name (out of scope),,full-name match only through the diminutive BOBBY; a sitting sheriff running for judge in 2024 is unlikely
26a6c250-97cd-487b-addc-7941d4db2654,21975878-739e-452b-8bf7-95919680462a,Robert Luna,"Sheriff, Los Angeles County",cal_access,1479269,ROBERT LUNA,"LUNA, ROBERT",213,ACTIVE,,needs_research,full name,keep needs_research,full name (out of scope),,
70e76f03-4e46-4866-8036-4bb475f56c49,21975878-739e-452b-8bf7-95919680462a,Robert Luna,"Sheriff, Los Angeles County",cal_access,1481598,LUNA FOR MORENO VALLEY USD SCHOOL BOARD 2026; SAMMIE,LUNA FOR MORENO VALLEY USD SCHOOL BOARD 2026; SAMMIE,951,ACTIVE,,needs_research,surname only,disputed,"A names another person, or the matched token is a place, a word or a given name","surname-only auto-link: Cal-Access 1481598 ""LUNA FOR MORENO VALLEY USD SCHOOL BOARD 2026; SAMMIE"" -- names a different person (Sammie Luna, Moreno Valley USD); filer area code 951 (Riverside); this row is Robert Luna, Sheriff, Los Angeles County",
a07d88c5-7998-4601-b2e7-79ccdc4b2362,79b73f21-14b0-44d0-a57e-5b022cbfb21d,Robert Parkhurst,"Mayor, Sierra Madre",cal_access,1429935,PARKHURST FOR CITY COUNCIL 2020,PARKHURST FOR CITY COUNCIL 2020,323,TERMINATED 12/31/2020,,needs_research,surname only,keep needs_research,unresolved,,
da1276dc-d5a8-45d6-acf7-1a0ffc4dee10,43534230-24b1-432a-9901-f1c666ed009e,Roberto Uranga,"Councilmember, Long Beach",cal_access,1219737,URANGA FOR COLLEGE BOARD DISTRICT 2,URANGA FOR COLLEGE BOARD DISTRICT 2,562,TERMINATED 01/10/2000,,needs_research,surname only,keep needs_research,unresolved,,
2b1ee15b-106c-4186-98ad-7cee70f56b46,43534230-24b1-432a-9901-f1c666ed009e,Roberto Uranga,"Councilmember, Long Beach",cal_access,1260907,"URANGA FOR COLLEGE BOARD, FRIENDS OF ROBERTO","URANGA FOR COLLEGE BOARD 2012, ROBERTO",562,TERMINATED 12/30/2014,,needs_research,full name,keep needs_research,full name (out of scope),,"full-name match, but the committee names another place: COLLEGE"
4e59ec23-bcd2-4fcf-a975-1feb2b50a27b,43534230-24b1-432a-9901-f1c666ed009e,Roberto Uranga,"Councilmember, Long Beach",cal_access,1291134,"URANGA, FRIENDS OF","URANGA, FRIENDS OF",818,TERMINATED 03/27/2010,,needs_research,surname only,keep needs_research,unresolved,,
be4f100f-2c82-4a03-9d57-2b036e7faf7b,43534230-24b1-432a-9901-f1c666ed009e,Roberto Uranga,"Councilmember, Long Beach",cal_access,1315278,URANGA FOR CITY COUNCIL,URANGA FOR CITY COUNCIL,818,TERMINATED 12/31/2009,,needs_research,surname only,keep needs_research,unresolved,,
6d6c4d0c-542b-44af-a7d1-7efd8bf414fd,43534230-24b1-432a-9901-f1c666ed009e,Roberto Uranga,"Councilmember, Long Beach",cal_access,1368048,URANGA FOR WATER REPLENISHMENT WATER DISTRICT 2014,URANGA FOR WATER REPLENISHMENT WATER DISTRICT 2014,213,TERMINATED 12/31/2017,,needs_research,surname only,keep needs_research,unresolved,,
d28b2211-f5b9-4786-be73-d372b2bd168c,43534230-24b1-432a-9901-f1c666ed009e,Roberto Uranga,"Councilmember, Long Beach",cal_access,1393997,URANGA FOR CITY COUNCIL 2018; ROBERTO,URANGA FOR CITY COUNCIL 2018; ROBERTO,562,TERMINATED 06/30/2019,,needs_research,full name,keep needs_research,full name (out of scope),,
266f1df9-4761-419c-b798-b0c61a93ec9f,43534230-24b1-432a-9901-f1c666ed009e,Roberto Uranga,"Councilmember, Long Beach",cal_access,1414482,URANGA FOR SENATE 2020; ROBERTO,URANGA FOR SENATE 2020; ROBERTO,562,TERMINATED 06/30/2020,,needs_research,full name,keep needs_research,full name (out of scope),,
988ce08a-5cf8-4a7e-b8f3-e0ad8a5c96af,43534230-24b1-432a-9901-f1c666ed009e,Roberto Uranga,"Councilmember, Long Beach",cal_access,1439119,URANGA FOR CITY COUNCIL 2022; ROBERTO,URANGA FOR CITY COUNCIL 2022; ROBERTO,562,TERMINATED 06/30/2023,,needs_research,full name,keep needs_research,full name (out of scope),,
d28a9b38-40ff-4e1b-b5db-12b1962940c6,4a484a17-5426-403c-8c51-0b7e387a07b1,Robin Funk,"Board Member, El Segundo Unified",cal_access,1280321,"FUNK, COMMITTEE TO ELECT ROBIN","FUNK, COMMITTEE TO ELECT ROBIN",310,TERMINATED 11/22/2005,,needs_research,full name,keep needs_research,full name (out of scope),,
229bf44c-60ad-4cfb-9087-91bb0d59d02d,4a484a17-5426-403c-8c51-0b7e387a07b1,Robin Funk,"Board Member, El Segundo Unified",cal_access,1402781,FUNK FOR CITY COUNCIL 2018,FUNK FOR CITY COUNCIL 2018,916,TERMINATED 12/31/2021,,needs_research,surname only,keep needs_research,unresolved,,
3450ef8b-fc25-4654-907d-eded0129c620,4a484a17-5426-403c-8c51-0b7e387a07b1,Robin Funk,"Board Member, El Segundo Unified",cal_access,1443535,FUNK FOR CITY COUNCIL 2022,FUNK FOR CITY COUNCIL 2022,916,TERMINATED 04/05/2023,,needs_research,surname only,keep needs_research,unresolved,,
04ee9350-1624-4952-9342-c5763b875db6,4a484a17-5426-403c-8c51-0b7e387a07b1,Robin Funk,"Board Member, El Segundo Unified",cal_access,1459861,FUNK FOR COUNTY SUPERVISOR 2024,FUNK FOR COUNTY SUPERVISOR 2024,805,TERMINATED 12/21/2024,,needs_research,surname only,disputed,C the filer evidence places it elsewhere (area code or shared filer phone),"surname-only auto-link: Cal-Access 1459861 ""FUNK FOR COUNTY SUPERVISOR 2024"" -- a campaign for a county board of supervisors; filer area code 805 (Central Coast/Ventura) is outside the Los Angeles region and nothing ties it to the row; this row is Robin Funk, Board Member, El Segundo Unified",
33e0cfa0-5c2a-4913-9081-e0c3b3b1896c,4a484a17-5426-403c-8c51-0b7e387a07b1,Robin Funk,"Board Member, El Segundo Unified",cal_access,1475577,FUNK FOR CITY COUNCIL 2026,FUNK FOR CITY COUNCIL 2026,805,ACTIVE,,needs_research,surname only,disputed,C the filer evidence places it elsewhere (area code or shared filer phone),"surname-only auto-link: Cal-Access 1475577 ""FUNK FOR CITY COUNCIL 2026"" -- a campaign for a city council; filer area code 805 (Central Coast/Ventura) is outside the Los Angeles region and nothing ties it to the row; this row is Robin Funk, Board Member, El Segundo Unified",
9f647e94-83e4-440b-951d-d080c6afc009,43d95c94-fbd2-45cf-a0bb-7e0ec46b40d0,Ronald Huffman,,cal_access,1274868,HUFFMAN FOR ASSEMBLY,HUFFMAN FOR ASSEMBLY,415,TERMINATED 12/20/2007,,needs_research,surname only,keep needs_research,unresolved,,
f04d1be6-e8e1-4c67-b1c7-d38218b6b021,43d95c94-fbd2-45cf-a0bb-7e0ec46b40d0,Ronald Huffman,,cal_access,1292878,HUFFMAN FOR ASSEMBLY 2008,HUFFMAN FOR ASSEMBLY 2008,415,TERMINATED 06/30/2009,,needs_research,surname only,keep needs_research,unresolved,,
159b81de-87d9-4747-9140-ea67096c34d2,43d95c94-fbd2-45cf-a0bb-7e0ec46b40d0,Ronald Huffman,,cal_access,1313855,HUFFMAN FOR ASSEMBLY 2010,HUFFMAN FOR ASSEMBLY 2010,415,TERMINATED 12/31/2012,,needs_research,surname only,keep needs_research,unresolved,,
cdd80958-2e9d-49f2-a9ea-746bee82d511,43d95c94-fbd2-45cf-a0bb-7e0ec46b40d0,Ronald Huffman,,cal_access,1334239,HUFFMAN FOR SENATE 2016,HUFFMAN FOR SENATE 2016,510,TERMINATED 09/30/2012,,needs_research,surname only,keep needs_research,unresolved,,
4cafd50e-3d85-4d90-85fd-73e01131b6df,f5bf4ec4-7d1b-460e-b4e2-539826c59596,Rosario Diaz,"Council Member (District 3), West Covina",cal_access,1431707,"DIAZ FOR CITY COUNCIL, DISTRICT 3, 2020; ROSARIO","DIAZ FOR CITY COUNCIL, DISTRICT 3, 2020; ROSARIO",626,TERMINATED 06/30/2021,,needs_research,full name,keep needs_research,full name (out of scope),,
74c6aaf4-cca4-42cf-aaf2-82ddd79c833f,f5bf4ec4-7d1b-460e-b4e2-539826c59596,Rosario Diaz,"Council Member (District 3), West Covina",cal_access,1463766,DIAZ FOR WEST COVINA CITY COUNCIL 2024; ROSARIO,DIAZ FOR WEST COVINA CITY COUNCIL 2024; ROSARIO,626,ACTIVE,,needs_research,full name,keep needs_research,full name (out of scope),,
19fce95a-8a53-4cfc-8274-58cf2bbd82fc,8d4396fa-1637-4502-844d-1b7e5dbe8e0f,Rudy Bojorquez,"Council Member, South El Monte",cal_access,1432774,"BOJORQUEZ RUDY BOJORQUEZ SEAT : CITY COUNCIL NOVEMBER 3, 2020; SEM ACTION COMMITTEE TO ELECT RUDY","BOJORQUEZ RUDY BOJORQUEZ SEAT : CITY COUNCIL NOVEMBER 3, 2020; SEM ACTION COMMITTEE TO ELECT RUDY",626,TERMINATED 09/16/2021,,needs_research,full name,keep needs_research,full name (out of scope),,
c052747a-de83-4cbf-ac04-257c567d9faa,8d4396fa-1637-4502-844d-1b7e5dbe8e0f,Rudy Bojorquez,"Council Member, South El Monte",cal_access,1448856,BOJORQUEZ TO CITY COUNCIL 2022; SOUTH EL MONTE ACTION COMMITTEE TO ELECT RUDY,BOJORQUEZ TO CITY COUNCIL 2026; SOUTH EL MONTE ACTION COMMITTEE TO RE-ELECT RUDY,626,ACTIVE,,needs_research,full name,keep needs_research,full name (out of scope),,
582be2e5-4d98-4311-93c4-4c93b3ef8bea,cb9400fa-ebf6-4f30-a0ff-36d23b1aeed5,Ryan A. Vienna,"Council Member, San Dimas",cal_access,1388979,VIENNA FOR CITY COUNCIL 2026; RYAN,VIENNA FOR CITY COUNCIL 2026; RYAN,909,ACTIVE,,needs_research,full name,keep needs_research,full name (out of scope),,
d5987f51-f815-4d0b-abdc-39843dccee0d,4244252f-7230-4a45-90b5-1a76754b8d60,Sabrina Bow,"Council Member (District 2), Azusa",cal_access,1430779,BOW FOR AZUSA SCHOOL BOARD 2020; SABRINA,BOW FOR AZUSA SCHOOL BOARD 2024; SABRINA,626,TERMINATED 05/20/2025,,needs_research,full name,keep needs_research,full name (out of scope),,
d0c84f12-3559-43d2-83ce-c0f702206b5e,4244252f-7230-4a45-90b5-1a76754b8d60,Sabrina Bow,"Council Member (District 2), Azusa",cal_access,1469155,BOW FOR AZUSA CITY COUNCIL 2024,BOW FOR AZUSA CITY COUNCIL 2024,626,ACTIVE,,needs_research,surname only,keep needs_research,unresolved,,
03398460-15d7-4f10-8e5a-d04ab31dbcc7,3c2bfe51-9a53-4992-801b-138a1a8ce9ed,Sade Elhawary,Assembly Member (Assembly District 57),cal_access,1458935,ELHAWARY FOR ASSEMBLY 2024; SADE,ELHAWARY FOR ASSEMBLY 2024; SADE,213,TERMINATED 06/30/2025,,needs_research,full name,keep needs_research,full name (out of scope),,
ef8e7bba-9d67-43a0-b5f2-121ff01fbb9e,3c2bfe51-9a53-4992-801b-138a1a8ce9ed,Sade Elhawary,Assembly Member (Assembly District 57),cal_access,1476904,SADE ELHAWARY,"ELHAWARY, SADE",916,ACTIVE,,needs_research,full name,keep needs_research,full name (out of scope),,
7b8f4e36-9d48-4103-b993-dff46943ddf8,3c2bfe51-9a53-4992-801b-138a1a8ce9ed,Sade Elhawary,Assembly Member (Assembly District 57),cal_access,1476905,ELHAWARY FOR ASSEMBLY 2026; SADE,ELHAWARY FOR ASSEMBLY 2026; SADE,916,ACTIVE,,needs_research,full name,keep needs_research,full name (out of scope),,
6d01825d-2b16-44c7-af60-0054757071db,3aedc075-d219-40f9-932b-c92d000c5d9a,Sal Medina,"Council Member (District 5), Claremont",cal_access,1433397,MEDINA FOR CITY COUNCIL 2024; COMMITTEE TO ELECT SAL,MEDINA FOR CITY COUNCIL 2024; COMMITTEE TO ELECT SAL,626,ACTIVE,,needs_research,full name,keep needs_research,full name (out of scope),,
c443acd5-e6d3-4441-814f-212aabe4beb7,bb6b1993-83ba-46cc-b725-271cca6f206d,Salvador Melendez,"Council Member (District 3), Montebello",cal_access,1219718,GEORGE MELENDEZ,"MELENDEZ, GEORGE",408,ACTIVE,,needs_research,surname only,disputed,"A names another person, or the matched token is a place, a word or a given name","surname-only auto-link: Cal-Access 1219718 ""MELENDEZ, GEORGE"" (stored as ""GEORGE MELENDEZ"") -- names a different person (George Melendez); filer area code 408 (San Jose); this row is Salvador Melendez, Council Member (District 3), Montebello",
56ae922b-96a7-48be-8326-d586b8500d87,bb6b1993-83ba-46cc-b725-271cca6f206d,Salvador Melendez,"Council Member (District 3), Montebello",cal_access,1309308,"MELENDEZ CAMPAIGN, GUALBERTO J. ""WALLY""","MELENDEZ CAMPAIGN MAYOR 2010, GUALBERTO J. ""WALLY""",760,TERMINATED 01/04/2013,,needs_research,surname only,disputed,"A names another person, or the matched token is a place, a word or a given name","surname-only auto-link: Cal-Access 1309308 ""MELENDEZ CAMPAIGN MAYOR 2010, GUALBERTO J. ""WALLY"""" (stored as ""MELENDEZ CAMPAIGN, GUALBERTO J. ""WALLY"""") -- names a different person (Gualberto J. ""Wally"" Melendez); filer area code 760 (Inland/north San Diego County); this row is Salvador Melendez, Council Member (District 3), Montebello",
3b3720ff-33e1-42af-b664-abf68e35b51d,bb6b1993-83ba-46cc-b725-271cca6f206d,Salvador Melendez,"Council Member (District 3), Montebello",cal_access,1404074,MELENDEZ FOR CITY COUNCIL 2018,MELENDEZ FOR CITY COUNCIL 2018,323,TERMINATED 12/31/2020,,needs_research,surname only,keep needs_research,unresolved,,
1fd63d02-7d97-452f-87d6-a395730e1ddb,bb6b1993-83ba-46cc-b725-271cca6f206d,Salvador Melendez,"Council Member (District 3), Montebello",cal_access,1438483,MELENDEZ FOR MONTEBELLO CITY COUNCIL 2026,MELENDEZ FOR MONTEBELLO CITY COUNCIL 2026,213,ACTIVE,,needs_research,surname only,keep needs_research,unresolved,,
e33c8750-ce71-4715-beb5-54688422260c,a3f12544-4d18-41da-a69e-9585219985d5,Samantha Mota,"candidate, U.S. Representative District 37",cal_access,1259374,MOTA FOR MONTEBELLO CITY COUNCIL,MOTA FOR MONTEBELLO CITY COUNCIL,213,TERMINATED 02/02/2004,,needs_research,surname only,keep needs_research,unresolved,,
facd6e60-dcd4-4ef2-aefd-008b5e1796d5,9fe24d34-87c6-400e-8d81-b94646753b1d,Samuel Gallucci,,cal_access,1025214,"GALLUCCI COMMITTEE, CITIZENS FOR","GALLUCCI COMMITTEE, CITIZENS FOR",213,TERMINATED 12/01/1990,,needs_research,surname only,keep needs_research,unresolved,,
2e9ac834-fa2c-43c9-9836-51099837676c,3ce8b7fa-a703-45be-9e07-71b1a8ebfa8d,Sara Hernandez,"candidate, CA State Senate District 26",cal_access,1477358,SARA HERNANDEZ,"HERNANDEZ, SARA",213,ACTIVE,,needs_research,full name,keep needs_research,full name (out of scope),,
4085627c-c2f0-47a8-a4a4-458d1c79ba62,16b687c1-1577-4c7b-a978-54bb1995a0f6,Sarah Rascon,"candidate, CA State Senate District 26",cal_access,1481479,SARAH RASCON,"RASCON, SARAH",323,ACTIVE,,needs_research,full name,keep needs_research,full name (out of scope),,
7a0c4937-e72c-487b-8fa3-56d36552af1f,60ba761c-1695-46af-b56f-7881a5b8df4a,Scarlet Peralta,"Council Member (District 2), Montebello",cal_access,1269955,WITHROW FOR PERALTA TRUSTEE,WITHROW FOR PERALTA TRUSTEE,510,TERMINATED 11/21/2012,,needs_research,surname only,disputed,"A names another person, or the matched token is a place, a word or a given name","surname-only auto-link: Cal-Access 1269955 ""WITHROW FOR PERALTA TRUSTEE"" -- the surname matched the place name ""Peralta (Peralta Community College District, Oakland)""; the committee is Withrow's; filer area code 510 (East Bay); this row is Scarlet Peralta, Council Member (District 2), Montebello",
499e4ac3-fec8-47ae-a3b4-086e4794d6f7,60ba761c-1695-46af-b56f-7881a5b8df4a,Scarlet Peralta,"Council Member (District 2), Montebello",cal_access,1370188,RALSTON FOR PERALTA BOARD OF TRUSTEES 2014,RALSTON FOR PERALTA BOARD OF TRUSTEES 2014,510,ACTIVE,,needs_research,surname only,disputed,"A names another person, or the matched token is a place, a word or a given name","surname-only auto-link: Cal-Access 1370188 ""RALSTON FOR PERALTA BOARD OF TRUSTEES 2014"" -- the surname matched the place name ""Peralta (Peralta Community College District, Oakland)""; the committee is Ralston's; filer area code 510 (East Bay); this row is Scarlet Peralta, Council Member (District 2), Montebello",
1ad1608d-a121-42f6-9c49-ae37fcbf77b7,60ba761c-1695-46af-b56f-7881a5b8df4a,Scarlet Peralta,"Council Member (District 2), Montebello",cal_access,1386256,RESNICK FOR PERALTA COMMUNITY COLLEGE  BOARD OF TRUSTEES AREA 6 2016,RESNICK FOR PERALTA COMMUNITY COLLEGE BOARD OF TRUSTEES AREA 6 2016,561,TERMINATED 02/01/2017,,needs_research,surname only,disputed,"A names another person, or the matched token is a place, a word or a given name","surname-only auto-link: Cal-Access 1386256 ""RESNICK FOR PERALTA COMMUNITY COLLEGE BOARD OF TRUSTEES AREA 6 2016"" (stored as ""RESNICK FOR PERALTA COMMUNITY COLLEGE  BOARD OF TRUSTEES AREA 6 2016"") -- the surname matched the place name ""Peralta (Peralta Community College District, Oakland)""; the committee is Resnick's; filer area code 561 (Florida); this row is Scarlet Peralta, Council Member (District 2), Montebello",
88a9cde7-2ce6-417d-9ce7-183e217855fa,60ba761c-1695-46af-b56f-7881a5b8df4a,Scarlet Peralta,"Council Member (District 2), Montebello",cal_access,1427376,PERALTA FOR MONTEBELLO CITY COUNCIL 2020; SCARLET,PERALTA FOR MONTEBELLO CITY COUNCIL 2020; SCARLET,562,TERMINATED 12/31/2022,,needs_research,full name,keep needs_research,full name (out of scope),,
c3e51982-f78c-4915-a17d-68c46ee72925,60ba761c-1695-46af-b56f-7881a5b8df4a,Scarlet Peralta,"Council Member (District 2), Montebello",cal_access,1450698,PERALTA FOR MONTEBELLO CITY COUNCIL 2022; SCARLET,PERALTA FOR MONTEBELLO CITY COUNCIL 2022; SCARLET,562,ACTIVE,,needs_research,full name,keep needs_research,full name (out of scope),,
a1baac89-7817-4081-9cae-4061c2a51ee8,60ba761c-1695-46af-b56f-7881a5b8df4a,Scarlet Peralta,"Council Member (District 2), Montebello",cal_access,1452128,QUINDLEN FOR PERALTA COMMUNITY COLLEGE DISTRICT BOARD OF TRUSTEES 2022,QUINDLEN FOR PERALTA COMMUNITY COLLEGE DISTRICT BOARD OF TRUSTEES 2022,510,ACTIVE,,needs_research,surname only,disputed,"A names another person, or the matched token is a place, a word or a given name","surname-only auto-link: Cal-Access 1452128 ""QUINDLEN FOR PERALTA COMMUNITY COLLEGE DISTRICT BOARD OF TRUSTEES 2022"" -- the surname matched the place name ""Peralta (Peralta Community College District, Oakland)""; the committee is Quindlen's; filer area code 510 (East Bay); this row is Scarlet Peralta, Council Member (District 2), Montebello",
bf400e85-6076-4e2c-b991-6b453c8a2b7a,60ba761c-1695-46af-b56f-7881a5b8df4a,Scarlet Peralta,"Council Member (District 2), Montebello",cal_access,1470876,PERALTA FOR MONTEBELLO CITY COUNCIL 2024; SCARLET,PERALTA FOR MONTEBELLO CITY COUNCIL 2024; SCARLET,442,ACTIVE,,needs_research,full name,keep needs_research,full name (out of scope),,
ac90d95a-2887-4b93-9071-3f3dff63150b,2806719d-6e25-4d2d-bb6e-95d97c35ed0e,Scott Behrendt,"Council Member, Redondo Beach",cal_access,1450888,BEHRENDT FOR REDONDO BEACH CITY COUNCIL 2023; SCOTT,BEHRENDT FOR REDONDO BEACH CITY COUNCIL 2027; SCOTT,323,ACTIVE,,needs_research,full name,keep needs_research,full name (out of scope),,
f5ca7dfc-3fd2-48de-9d68-995fb1be0b9a,4bacdb84-7d0d-461b-a3b7-06709526ad03,Scott Meyers,"candidate, U.S. Representative District 30",cal_access,1067721,MEYERS FOR ASSEMBLY,MEYERS FOR ASSEMBLY,619,TERMINATED 06/24/1996,,needs_research,surname only,keep needs_research,unresolved,,
bf818abd-a8b1-492e-90fc-47cb2fe0f84e,4bacdb84-7d0d-461b-a3b7-06709526ad03,Scott Meyers,"candidate, U.S. Representative District 30",cal_access,1324639,MEYERS FOR 45TH ASSEMBLY 2010,MEYERS FOR 45TH ASSEMBLY 2010,858,TERMINATED 02/14/2010,,needs_research,surname only,keep needs_research,unresolved,,
05a578bd-eb5e-4ce1-b3c2-5720c125a8e6,4bacdb84-7d0d-461b-a3b7-06709526ad03,Scott Meyers,"candidate, U.S. Representative District 30",cal_access,1430508,MEYERS FOR WATER BOARD 2020,MEYERS FOR WATER BOARD 2020,213,TERMINATED 12/31/2020,,needs_research,surname only,keep needs_research,unresolved,,
abfb1611-f0e3-456c-bc8e-406140ba4b07,fcafc695-2a41-41c0-831d-da28c5bf3c9e,Scott Schmerelson,"LAUSD Board Member (District 3), Los Angeles Unified",cal_access,1414471,SCHMERELSON FOR SCHOOL BOARD 2020,SCHMERELSON FOR SCHOOL BOARD 2020,323,TERMINATED 12/31/2021,"Schmerelson, Scott",needs_research,surname only,keep needs_research,unresolved,,
24a982f0-9461-484b-840c-63da429108d8,fcafc695-2a41-41c0-831d-da28c5bf3c9e,Scott Schmerelson,"LAUSD Board Member (District 3), Los Angeles Unified",cal_access,1463685,SCHMERELSON FOR SCHOOL BOARD 2020 - OFFICEHOLDER ACCOUNT,SCHMERELSON FOR SCHOOL BOARD 2020 - OFFICEHOLDER ACCOUNT,323,ACTIVE,,needs_research,surname only,keep needs_research,unresolved,,
28df6561-97b9-4840-b66a-e9502824aeda,599376b6-bdfa-4b76-837f-dd2230a546ad,Scott Zeidman,"Board Member, Culver City Unified",cal_access,1301065,"ZEIDMAN FOR CULVER CITY SCHOOL BOARD, ELECT","ZEIDMAN FOR CULVER CITY SCHOOL BOARD 2011, COMMITTEE TO ELECT",310,TERMINATED 01/05/2012,,needs_research,surname only,keep needs_research,unresolved,,
07eea4dd-c626-405b-bb63-0c946242c85f,599376b6-bdfa-4b76-837f-dd2230a546ad,Scott Zeidman,"Board Member, Culver City Unified",cal_access,1430265,ZEIDMAN SCHOOL BOARD 2020; COMMITTEE TO ELECT,ZEIDMAN SCHOOL BOARD 2020; COMMITTEE TO ELECT,310,TERMINATED 12/10/2020,,needs_research,surname only,keep needs_research,unresolved,,
d7de0345-6903-48d3-8588-b9f869c1b9c1,7a309179-6ed3-4cc0-80ad-f73e6ed49759,Sean Dang,"Council Member, Rosemead",cal_access,1409067,DANG FOR COUNCIL 2020; SEAN,DANG FOR COUNCIL 2020; SEAN,626,TERMINATED 12/18/2023,,needs_research,full name,keep needs_research,full name (out of scope),,
0dbc1f17-0481-43c6-8a07-afd80c14920d,7a309179-6ed3-4cc0-80ad-f73e6ed49759,Sean Dang,"Council Member, Rosemead",cal_access,1464741,DANG FOR ROSEMEAD CITY COUNCIL 2024; SEAN,DANG FOR ROSEMEAD CITY COUNCIL 2024; SEAN,626,ACTIVE,,needs_research,full name,keep needs_research,full name (out of scope),,
0497c3aa-304c-494b-97cc-912f36dd269a,7a309179-6ed3-4cc0-80ad-f73e6ed49759,Sean Dang,"Council Member, Rosemead",cal_access,1465264,DANG FOR JUDGE 2024,DANG FOR JUDGE 2024,714,TERMINATED 12/19/2023,,needs_research,surname only,keep needs_research,unresolved,,
a40c587a-4666-4c65-b37c-0ca43af69530,7a309179-6ed3-4cc0-80ad-f73e6ed49759,Sean Dang,"Council Member, Rosemead",cal_access,1473762,DANG FOR COUNCIL 2024,DANG FOR COUNCIL 2024,714,ACTIVE,,needs_research,surname only,keep needs_research,unresolved,,
13874dac-e93f-4358-9755-425ba5b233a4,7a309179-6ed3-4cc0-80ad-f73e6ed49759,Sean Dang,"Council Member, Rosemead",cal_access,1485957,DANG FOR SAN DIEGO CITY COUNCIL DISTRICT 4 2026,DANG FOR SAN DIEGO CITY COUNCIL DISTRICT 4 2026,619,ACTIVE,,needs_research,surname only,disputed,"B another named place or district, or an opposing / ballot / recall committee","surname-only auto-link: Cal-Access 1485957 ""DANG FOR SAN DIEGO CITY COUNCIL DISTRICT 4 2026"" -- a campaign for the San Diego City Council in San Diego, not for the row's seat; filer area code 619 (San Diego); this row is Sean Dang, Council Member, Rosemead",
89ccfb76-dfe2-42eb-840e-ce6621ea181c,f299af69-895e-4729-8bf3-439b4036acbd,Sergio Jimenez,"Council Member, Monrovia",cal_access,1443183,JIMENEZ TO MONROVIA CITY COUNCIL 2022; COMMITTEE TO ELECT SERGIO,JIMENEZ TO MONROVIA CITY COUNCIL 2022; COMMITTEE TO ELECT SERGIO,626,TERMINATED 11/22/2023,,needs_research,full name,keep needs_research,full name (out of scope),,
a8ca1396-010f-4e8f-a2d3-a580596404ef,f299af69-895e-4729-8bf3-439b4036acbd,Sergio Jimenez,"Council Member, Monrovia",cal_access,1465433,JIMENEZ TO MONROVIA CITY COUNCIL 2024; COMMITTEE TO ELECT SERGIO,JIMENEZ TO MONROVIA CITY COUNCIL 2024; COMMITTEE TO ELECT SERGIO,626,TERMINATED 06/27/2024,,needs_research,full name,keep needs_research,full name (out of scope),,
66bb33c7-940e-41bf-80ee-65ef18ecc404,b3838bf2-01e9-4684-8ab2-279febc8eb27,Shannon K. Cooley,,cal_access,1486868,SHANNON KATHLEEN COOLEY,"COOLEY, SHANNON KATHLEEN",213,ACTIVE,,needs_research,full name,keep needs_research,full name (out of scope),,
c356ee08-e0ec-4477-a60a-2664e3bff9da,0e59e9c1-a019-4b2a-aa02-b97f17a6d761,Shant Sahakian,"Board Member (Trustee Area D), Glendale Unified",cal_access,1390574,SAHAKIAN GLENDALE SCHOOL BOARD AREA D 2022 OFFICEHOLDER ACCOUNT,SAHAKIAN GLENDALE SCHOOL BOARD AREA D 2022 OFFICEHOLDER ACCOUNT,818,TERMINATED 06/30/2026,,needs_research,surname only,keep needs_research,unresolved,,
a7026d4d-88b9-441e-beed-bddc46c5ec5c,0695e308-a400-426d-9f1b-4e674e5daf02,Sharon Kalani,"Council Member, Torrance",cal_access,1225864,"JOSE FOR VCCCD TRUSTEE, COMMITTEE TO ELECT DR. KALANI","JOSE FOR VCCCD TRUSTEE, COMMITTEE TO ELECT DR. KALANI",805,TERMINATED 06/02/2003,,needs_research,surname only,disputed,"A names another person, or the matched token is a place, a word or a given name","surname-only auto-link: Cal-Access 1225864 ""JOSE FOR VCCCD TRUSTEE, COMMITTEE TO ELECT DR. KALANI"" -- ""Kalani"" is a given name here; the committee is Dr. Kalani Jose (Ventura County CCD)'s; filer area code 805 (Central Coast/Ventura); this row is Sharon Kalani, Council Member, Torrance",
52fa44ee-86ce-495e-b4d3-883d347435cb,0695e308-a400-426d-9f1b-4e674e5daf02,Sharon Kalani,"Council Member, Torrance",cal_access,1418737,KALANI FOR TORRANCE CITY COUNCIL 2020; SHARON,KALANI FOR TORRANCE CITY COUNCIL 2020; SHARON,310,TERMINATED 06/30/2020,,needs_research,full name,keep needs_research,full name (out of scope),,
489834a8-cb34-4782-be3d-64f461beed67,0695e308-a400-426d-9f1b-4e674e5daf02,Sharon Kalani,"Council Member, Torrance",cal_access,1460388,KALANI FOR TORRANCE CITY COUNCIL 2024; SHARON,KALANI FOR TORRANCE CITY COUNCIL 2024; SHARON,310,TERMINATED 08/19/2024,,needs_research,full name,keep needs_research,full name (out of scope),,
494baf9d-2314-4e12-be69-ec2832bc1294,0695e308-a400-426d-9f1b-4e674e5daf02,Sharon Kalani,"Council Member, Torrance",cal_access,1480765,KALANI FOR TORRANCE MAYOR 2026; SHARON,KALANI FOR TORRANCE MAYOR 2026; SHARON,213,ACTIVE,,needs_research,full name,keep needs_research,full name (out of scope),,
d1e26d57-519c-409c-839a-ea09d245997f,09b98050-abe0-4c49-8f15-c22e54f5cb78,Shaunna Elias,"Council Member (District 3), Glendora",cal_access,1069797,"ELIAS, FOR ASSEMBLY COMMITTEE BEN","ELIAS, FOR ASSEMBLY COMMITTEE BEN",,TERMINATED 12/30/1996,,needs_research,surname only,disputed,"A names another person, or the matched token is a place, a word or a given name","surname-only auto-link: Cal-Access 1069797 ""ELIAS, FOR ASSEMBLY COMMITTEE BEN"" -- names a different person (Ben Elias); no filer phone; this row is Shaunna Elias, Council Member (District 3), Glendora",
193a7322-0760-43e1-b345-60f7503ee746,09b98050-abe0-4c49-8f15-c22e54f5cb78,Shaunna Elias,"Council Member (District 3), Glendora",cal_access,1315852,"ACEVEDO FOR COMPTON CITY COUNCIL- 2ND DISTRICT, COMMITTEE TO ELECT ELIAS ""ELIJAH","ACEVEDO FOR COMPTON CITY COUNCIL- 2ND DISTRICT - 2009, COMMITTEE TO ELECT ELIAS ""ELIJAH""",310,ACTIVE,,needs_research,surname only,disputed,"A names another person, or the matched token is a place, a word or a given name","surname-only auto-link: Cal-Access 1315852 ""ACEVEDO FOR COMPTON CITY COUNCIL- 2ND DISTRICT - 2009, COMMITTEE TO ELECT ELIAS ""ELIJAH"""" (stored as ""ACEVEDO FOR COMPTON CITY COUNCIL- 2ND DISTRICT, COMMITTEE TO ELECT ELIAS ""ELIJAH"") -- ""Elias"" is a given name here; the committee is Elias ""Elijah"" Acevedo (Compton)'s; filer area code 310 (West LA/South Bay); this row is Shaunna Elias, Council Member (District 3), Glendora",
5eb764ba-7de2-4d2f-879c-66b3e63afef6,09b98050-abe0-4c49-8f15-c22e54f5cb78,Shaunna Elias,"Council Member (District 3), Glendora",cal_access,1403466,ELIAS FOR ASSEMBLY 2018,ELIAS FOR ASSEMBLY 2018,408,TERMINATED 03/23/2018,,needs_research,surname only,disputed,C the filer evidence places it elsewhere (area code or shared filer phone),"surname-only auto-link: Cal-Access 1403466 ""ELIAS FOR ASSEMBLY 2018"" -- a campaign for the State Assembly; filer area code 408 (San Jose) is outside the Los Angeles region and nothing ties it to the row; this row is Shaunna Elias, Council Member (District 3), Glendora",
c7c97e78-e675-4666-beb5-9ae7d85999bf,09b98050-abe0-4c49-8f15-c22e54f5cb78,Shaunna Elias,"Council Member (District 3), Glendora",cal_access,1408854,ELIAS FOR CITY COUNCIL 2018,ELIAS FOR CITY COUNCIL 2018,562,TERMINATED 01/25/2022,,needs_research,surname only,keep needs_research,unresolved,,
08a8f633-451f-4e7c-8c3e-a3c37d16fcf1,09b98050-abe0-4c49-8f15-c22e54f5cb78,Shaunna Elias,"Council Member (District 3), Glendora",cal_access,1411749,ELIAS 4 MONTCLAIR MAYOR 2018,ELIAS 4 MONTCLAIR MAYOR 2018,818,ACTIVE,,needs_research,surname only,disputed,"B another named place or district, or an opposing / ballot / recall committee","surname-only auto-link: Cal-Access 1411749 ""ELIAS 4 MONTCLAIR MAYOR 2018"" -- a campaign for mayor of Montclair in Montclair (San Bernardino County), not for the row's seat; filer area code 818 (San Fernando Valley); this row is Shaunna Elias, Council Member (District 3), Glendora",
c31173c2-619c-4777-a608-f57143b03743,09b98050-abe0-4c49-8f15-c22e54f5cb78,Shaunna Elias,"Council Member (District 3), Glendora",cal_access,1440992,ELIAS FOR CITY COUNCIL 2022,ELIAS FOR CITY COUNCIL 2022,562,TERMINATED 12/27/2022,,needs_research,surname only,keep needs_research,unresolved,,
941f10b1-040f-46ac-a5d0-70747bf17b65,09b98050-abe0-4c49-8f15-c22e54f5cb78,Shaunna Elias,"Council Member (District 3), Glendora",cal_access,1448028,ELIAS FOR SCHOOL BOARD 2022; SHAUNNA,ELIAS FOR SCHOOL BOARD 2022; SHAUNNA,951,TERMINATED 12/30/2022,,needs_research,full name,keep needs_research,full name (out of scope),,
b62d3020-cec3-43a1-866c-38eb9ae2c2bf,09b98050-abe0-4c49-8f15-c22e54f5cb78,Shaunna Elias,"Council Member (District 3), Glendora",cal_access,1463512,ELIAS FOR CITY COUNCIL 2024; SHAUNNA,ELIAS FOR CITY COUNCIL 2024; SHAUNNA,951,TERMINATED 12/19/2024,,needs_research,full name,keep needs_research,full name (out of scope),,
e2c69d0b-f981-4f7f-a6b3-e809603ce7ac,bb21e688-3264-4237-beda-e748db65384a,Sheila Crippen-Thomas,"Council Member (District 1), El Monte",cal_access,1469478,CRIPPEN-THOMAS FOR CITY COUNCIL 2024; SHEILA,CRIPPEN-THOMAS FOR CITY COUNCIL 2024; SHEILA,562,ACTIVE,,needs_research,full name,keep needs_research,full name (out of scope),,
45c73326-11f1-42e5-a020-0b08fbefedf4,cadc340d-eac3-4ebc-b402-42fdca5487f0,Shelley Hasselbrink,"Mayor, Los Alamitos",cal_access,1368868,HASSELBRINK FOR LOS ALAMITOS CITY COUNCIL 2014,HASSELBRINK FOR LOS ALAMITOS CITY COUNCIL 2014,714,TERMINATED 01/07/2015,,needs_research,surname only,keep needs_research,unresolved,,
a1d76317-5507-49f6-b915-e74027b7608b,cadc340d-eac3-4ebc-b402-42fdca5487f0,Shelley Hasselbrink,"Mayor, Los Alamitos",cal_access,1408086,HASSELBRINK FOR LOS ALAMITOS CITY COUNCIL 2018,HASSELBRINK FOR LOS ALAMITOS CITY COUNCIL 2018,714,TERMINATED 07/30/2019,,needs_research,surname only,keep needs_research,unresolved,,
3f46ad85-6897-49bf-bc38-ef446baa8028,a0a48ea9-85ee-4c19-9868-5f6127f5245a,Sherry Powell,,la_socrata,1422678,Powell for Los Angeles Unified School Board District 1 2020,,,,"Powell , Tunette",needs_research,surname only,disputed,"A names another person, or the matched token is a place, a word or a given name","surname-only auto-link: LA City Ethics committee 1422678 ""Powell for Los Angeles Unified School Board District 1 2020"" -- LA City Ethics names its candidate as Tunette Powell (LAUSD Board Member - District 1), a different person; this row is Sherry Powell (active; no seat or race recorded)",
cf75d416-4d33-4cd8-9a40-04ac43aac5b5,849095db-2563-40e3-9f96-26b9b0affda7,Sophia M. Tse,"Council Member, Cerritos",cal_access,1300599,"TSE, FRIENDS OF SOPHIA","TSE, FRIENDS OF SOPHIA",562,TERMINATED 12/31/2007,,needs_research,full name,keep needs_research,full name (out of scope),,
6e5cb312-41f6-4fb1-96e3-a2effc4e8e2c,849095db-2563-40e3-9f96-26b9b0affda7,Sophia M. Tse,"Council Member, Cerritos",cal_access,1341223,"TSE FOR ABC UNIFIED SCHOOL DISTRICT BOARD OF EDUCATION 2011, FRIENDS OF SOPHIA","TSE FOR ABC UNIFIED SCHOOL DISTRICT BOARD OF EDUCATION 2011, FRIENDS OF SOPHIA",562,TERMINATED 01/19/2012,,needs_research,full name,keep needs_research,full name (out of scope),,
bd007023-fbaa-47e4-a429-89f1fd9f425a,849095db-2563-40e3-9f96-26b9b0affda7,Sophia M. Tse,"Council Member, Cerritos",cal_access,1374024,TSE FOR CERRITOS CITY COUNCIL 2015; SOPHIA,TSE FOR CERRITOS CITY COUNCIL 2015; SOPHIA,562,TERMINATED 12/12/2015,,needs_research,full name,keep needs_research,full name (out of scope),,
29892587-b471-4161-a23f-9c4fb8cba28e,849095db-2563-40e3-9f96-26b9b0affda7,Sophia M. Tse,"Council Member, Cerritos",cal_access,1379729,TSE FOR ABCUSD GOVERNING BOARD 2015; FRIENDS OF SOPHIA,TSE FOR ABCUSD GOVERNING BOARD 2015; FRIENDS OF SOPHIA,562,ACTIVE,,needs_research,full name,keep needs_research,full name (out of scope),,
da799565-f871-4467-8640-9e48d7218e06,849095db-2563-40e3-9f96-26b9b0affda7,Sophia M. Tse,"Council Member, Cerritos",cal_access,1422843,TSE FOR CERRITOS CITY COUNCIL 2020; SOPHIA,TSE FOR CERRITOS CITY COUNCIL 2020; SOPHIA,562,TERMINATED 06/29/2020,,needs_research,full name,keep needs_research,full name (out of scope),,
8292b7db-aafb-458c-99bc-405a4697a7bd,849095db-2563-40e3-9f96-26b9b0affda7,Sophia M. Tse,"Council Member, Cerritos",cal_access,1428637,TSE FOR ABCUSD BOARD OF EDUCATION 2020; SOPHIA,TSE FOR ABCUSD BOARD OF EDUCATION 2020; SOPHIA,562,TERMINATED 05/06/2025,,needs_research,full name,keep needs_research,full name (out of scope),,
02dbb6c8-26bf-4f62-b3ec-60447d20cbb0,849095db-2563-40e3-9f96-26b9b0affda7,Sophia M. Tse,"Council Member, Cerritos",cal_access,1477407,TSE FOR CERRITOS CITY COUNCIL 2025; SOPHIA,TSE FOR CERRITOS CITY COUNCIL 2025; SOPHIA,562,ACTIVE,,needs_research,full name,keep needs_research,full name (out of scope),,
b2a3a3f8-075e-4ba7-b492-0b34409c9681,152bf23d-d428-4a73-a620-8d8dbd8393bf,Stephen Perestam,"Council Member, Rancho Palos Verdes",cal_access,1420123,PERESTAM FOR RPV CITY COUNCIL 2019,PERESTAM FOR RPV CITY COUNCIL 2019,310,TERMINATED 06/02/2022,,needs_research,surname only,keep needs_research,unresolved,,
905a9ebe-029c-405a-ab44-27a7199a9099,152bf23d-d428-4a73-a620-8d8dbd8393bf,Stephen Perestam,"Council Member, Rancho Palos Verdes",cal_access,1450917,PERESTAM FOR RPV CITY COUNCIL 2022,PERESTAM FOR RPV CITY COUNCIL 2022,310,TERMINATED 07/20/2024,,needs_research,surname only,keep needs_research,unresolved,,
4f8c4489-11f1-4ea9-ba4e-e887bee09562,152bf23d-d428-4a73-a620-8d8dbd8393bf,Stephen Perestam,"Council Member, Rancho Palos Verdes",cal_access,1470721,PERESTAM FOR RPV CITY COUNCIL 2024,PERESTAM FOR RPV CITY COUNCIL 2024,310,ACTIVE,,needs_research,surname only,keep needs_research,unresolved,,
25014122-a25d-4a48-9e80-eaab37538b6b,8c61cd23-68fb-4f1c-8a3c-60da74c86a64,Steve Bennett,Assembly Member (Assembly District 38),cal_access,1405401,VALLADARES FOR RIO HONDO COLLEGE BOARD 2018,VALLADARES FOR RIO HONDO COLLEGE BOARD 2018,213,TERMINATED 09/23/2021,,needs_research,surname absent,disputed,"A names another person, or the matched token is a place, a word or a given name","auto-link on a token that is not the row's surname: Cal-Access 1405401 ""VALLADARES FOR RIO HONDO COLLEGE BOARD 2018"" -- the row's surname does not appear in the committee name; the committee is Valladares's; filer area code 213 (Los Angeles); this row is Steve Bennett, Assembly Member (Assembly District 38)",
7ebbf9c8-8d22-4edf-973b-5f1443aa037a,8c61cd23-68fb-4f1c-8a3c-60da74c86a64,Steve Bennett,Assembly Member (Assembly District 38),cal_access,1442282,VALLADARES FOR RIO HONDO COMMUNITY COLLEGE BOARD 2022,VALLADARES FOR RIO HONDO COMMUNITY COLLEGE BOARD 2026,213,ACTIVE,,needs_research,surname absent,disputed,"A names another person, or the matched token is a place, a word or a given name","auto-link on a token that is not the row's surname: Cal-Access 1442282 ""VALLADARES FOR RIO HONDO COMMUNITY COLLEGE BOARD 2026"" (stored as ""VALLADARES FOR RIO HONDO COMMUNITY COLLEGE BOARD 2022"") -- the row's surname does not appear in the committee name; the committee is Valladares's; filer area code 213 (Los Angeles); this row is Steve Bennett, Assembly Member (Assembly District 38)",
75891382-1cd8-444c-9f48-0875f5ad91ac,97f04f03-ea0b-4289-9ad7-04e3845fae09,Steve Croft,"Council Member, Lakewood",cal_access,1272564,"CROFT, COMMITTEE TO ELECT STEVE","CROFT FOR COUNCIL 2022, RE-ELECT",562,TERMINATED 12/21/2018,,needs_research,surname only,keep needs_research,unresolved,,
508a13ae-f7f2-4f0e-87ed-02da86abccb0,97f04f03-ea0b-4289-9ad7-04e3845fae09,Steve Croft,"Council Member, Lakewood",cal_access,1486835,CROFT FOR COUNCIL 2026,CROFT FOR COUNCIL 2026,562,TERMINATED 07/11/2026,,needs_research,surname only,keep needs_research,unresolved,,
bb89c5b2-bd9f-47ae-ba53-a4c52655be18,d94a4b34-28aa-4259-99cb-041b45d78a87,Steve Hill,,cal_access,1056267,HILL FOR COUNTY SUPERVISOR,HILL FOR COUNTY SUPERVISOR,209,ACTIVE,,needs_research,surname only,keep needs_research,unresolved,,
0538ad01-b180-4048-b432-60eaf5443821,d94a4b34-28aa-4259-99cb-041b45d78a87,Steve Hill,,cal_access,1232039,"HILL, COMMITTEE TO ELECT SAMUEL ""JOEY""","HILL, COMMITTEE TO ELECT SAMUEL ""JOEY""",213,TERMINATED 01/27/2003,,needs_research,surname only,disputed,"A names another person, or the matched token is a place, a word or a given name","surname-only auto-link: Cal-Access 1232039 ""HILL, COMMITTEE TO ELECT SAMUEL ""JOEY"""" -- names a different person (Samuel ""Joey"" Hill); filer area code 213 (Los Angeles); this row is Steve Hill (active; no seat or race recorded)",
e0d51d27-4f59-49ae-9900-8c28b7113d01,d94a4b34-28aa-4259-99cb-041b45d78a87,Steve Hill,,cal_access,1273467,CHURCHILL FOR SIGNAL HILL CITY COUNCIL,CHURCHILL FOR SIGNAL HILL CITY COUNCIL,502,TERMINATED 07/01/2007,,needs_research,surname only,disputed,"A names another person, or the matched token is a place, a word or a given name","surname-only auto-link: Cal-Access 1273467 ""CHURCHILL FOR SIGNAL HILL CITY COUNCIL"" -- the surname matched the place name ""Signal Hill""; the committee is Churchill's; filer area code 502 (Kentucky); this row is Steve Hill (active; no seat or race recorded)",
a0aa1fe7-3518-46ff-bf52-1c516b8b166f,d94a4b34-28aa-4259-99cb-041b45d78a87,Steve Hill,,cal_access,1291274,HILL FOR TREASURER,HILL FOR TREASURER,310,TERMINATED 03/29/2007,,needs_research,surname only,keep needs_research,unresolved,,
caf30d9b-c788-4358-8632-12ae73c9d73b,d94a4b34-28aa-4259-99cb-041b45d78a87,Steve Hill,,cal_access,1296291,SIGNAL HILL LEADERS FOR CHANGE,SIGNAL HILL LEADERS FOR CHANGE,562,TERMINATED 03/31/2007,,needs_research,surname only,disputed,"A names another person, or the matched token is a place, a word or a given name","surname-only auto-link: Cal-Access 1296291 ""SIGNAL HILL LEADERS FOR CHANGE"" -- the surname matched the place name ""Signal Hill""; the committee is for someone else; filer area code 562 (Long Beach); this row is Steve Hill (active; no seat or race recorded)",
8b624e4a-eb8d-48b6-96c5-b9e93cf5e72e,d94a4b34-28aa-4259-99cb-041b45d78a87,Steve Hill,,cal_access,1326538,"HILL 2010 ASSESSOR/CLERK RECORDER, COMMITTEE TO ELECT","HILL 2010 ASSESSOR/CLERK RECORDER, COMMITTEE TO ELECT",559,TERMINATED 01/31/2013,,needs_research,surname only,keep needs_research,unresolved,,
0f07880a-6f97-482d-9c34-b0e3a7868f4b,d94a4b34-28aa-4259-99cb-041b45d78a87,Steve Hill,,cal_access,1329593,WEIR FOR PLEASANT HILL CITY COUNCIL 2010,WEIR FOR PLEASANT HILL CITY COUNCIL 2010,925,TERMINATED 07/16/2015,,needs_research,surname only,disputed,"A names another person, or the matched token is a place, a word or a given name","surname-only auto-link: Cal-Access 1329593 ""WEIR FOR PLEASANT HILL CITY COUNCIL 2010"" -- the surname matched the place name ""Pleasant Hill (Contra Costa County)""; the committee is Weir's; filer area code 925 (Contra Costa); this row is Steve Hill (active; no seat or race recorded)",
91b1781d-a100-4f9b-a244-f9ba72081f21,d94a4b34-28aa-4259-99cb-041b45d78a87,Steve Hill,,cal_access,1330074,ANGELI FOR PLEASANT HILL CITY COUNCIL 2010,ANGELI FOR PLEASANT HILL CITY COUNCIL 2010,925,ACTIVE,,needs_research,surname only,disputed,"A names another person, or the matched token is a place, a word or a given name","surname-only auto-link: Cal-Access 1330074 ""ANGELI FOR PLEASANT HILL CITY COUNCIL 2010"" -- the surname matched the place name ""Pleasant Hill (Contra Costa County)""; the committee is Angeli's; filer area code 925 (Contra Costa); this row is Steve Hill (active; no seat or race recorded)",
bf5e56a1-1d7c-4deb-8ea7-45a19595a8e0,d94a4b34-28aa-4259-99cb-041b45d78a87,Steve Hill,,cal_access,1368279,ENGLUND FOR PLEASANT HILL COUNCIL 2016,ENGLUND FOR PLEASANT HILL COUNCIL 2016,925,TERMINATED 07/04/2016,,needs_research,surname only,disputed,"A names another person, or the matched token is a place, a word or a given name","surname-only auto-link: Cal-Access 1368279 ""ENGLUND FOR PLEASANT HILL COUNCIL 2016"" -- the surname matched the place name ""Pleasant Hill (Contra Costa County)""; the committee is Englund's; filer area code 925 (Contra Costa); this row is Steve Hill (active; no seat or race recorded)",
e1459e4f-611c-49fa-b399-95accd6466c4,d94a4b34-28aa-4259-99cb-041b45d78a87,Steve Hill,,cal_access,1372941,HILL MAYOR 2014; SUPPORT WRITE IN JIM,HILL MAYOR 2014; SUPPORT WRITE IN JIM,805,TERMINATED 12/30/2014,,needs_research,surname only,disputed,"A names another person, or the matched token is a place, a word or a given name","surname-only auto-link: Cal-Access 1372941 ""HILL MAYOR 2014; SUPPORT WRITE IN JIM"" -- names a different person (Jim Hill (a write-in mayor committee)); filer area code 805 (Central Coast/Ventura); this row is Steve Hill (active; no seat or race recorded)",
6927ed8a-cc61-457a-892e-f84418be7ba3,d94a4b34-28aa-4259-99cb-041b45d78a87,Steve Hill,,cal_access,1375394,HILL FOR SENATE 2015; STEVE,HILL FOR SENATE 2015; STEVE,310,TERMINATED 06/25/2015,,needs_research,full name,keep needs_research,full name (out of scope),,
806ca42f-9d48-4126-b197-84ebf93e1f1d,d94a4b34-28aa-4259-99cb-041b45d78a87,Steve Hill,,cal_access,1379686,CARTER FOR QUARTZ HILL WATER DISTRICT BOARD OF DIRECTORS 2015,CARTER FOR QUARTZ HILL WATER DISTRICT BOARD OF DIRECTORS 2015,661,TERMINATED 06/30/2019,,needs_research,surname only,disputed,"A names another person, or the matched token is a place, a word or a given name","surname-only auto-link: Cal-Access 1379686 ""CARTER FOR QUARTZ HILL WATER DISTRICT BOARD OF DIRECTORS 2015"" -- the surname matched the place name ""Quartz Hill (water district)""; the committee is Carter's; filer area code 661 (Kern County/Antelope Valley); this row is Steve Hill (active; no seat or race recorded)",
87cdadd1-fb32-43c5-90f7-7a7471f70413,d94a4b34-28aa-4259-99cb-041b45d78a87,Steve Hill,,cal_access,1379924,HILL MPUSD BOARD 2015; REELECT,HILL MPUSD BOARD 2015; REELECT,831,TERMINATED 12/31/2015,,needs_research,surname only,keep needs_research,unresolved,,
11565ea6-d841-4cf7-a9c1-3048fdbc02ec,d94a4b34-28aa-4259-99cb-041b45d78a87,Steve Hill,,cal_access,1381799,HILL FOR SENATE 2016; STEVE,HILL FOR SENATE 2016; STEVE,310,TERMINATED 06/30/2016,,needs_research,full name,keep needs_research,full name (out of scope),,
9a0a2ce0-5297-433c-9517-081469ac74c4,d94a4b34-28aa-4259-99cb-041b45d78a87,Steve Hill,,cal_access,1394666,AULA FOR SIGNAL HILL CITY COUNCIL 2017; FRIENDS OF,AULA FOR SIGNAL HILL CITY COUNCIL 2017; FRIENDS OF,202,ACTIVE,,needs_research,surname only,disputed,"A names another person, or the matched token is a place, a word or a given name","surname-only auto-link: Cal-Access 1394666 ""AULA FOR SIGNAL HILL CITY COUNCIL 2017; FRIENDS OF"" -- the surname matched the place name ""Signal Hill""; the committee is Aula's; filer area code 202 (Washington DC); this row is Steve Hill (active; no seat or race recorded)",
375330a1-2851-4b90-8c7d-9ef80af222cd,d94a4b34-28aa-4259-99cb-041b45d78a87,Steve Hill,,cal_access,1407015,HILL AG MAYOR 2018; COMMITTEE TO REELECT JIM,HILL AG MAYOR 2018; COMMITTEE TO REELECT JIM,805,TERMINATED 12/31/2018,,needs_research,surname only,disputed,"A names another person, or the matched token is a place, a word or a given name","surname-only auto-link: Cal-Access 1407015 ""HILL AG MAYOR 2018; COMMITTEE TO REELECT JIM"" -- names a different person (Jim Hill (Arroyo Grande mayor)); filer area code 805 (Central Coast/Ventura); this row is Steve Hill (active; no seat or race recorded)",
c4e6acf5-ec80-4ffd-9246-d94c25919713,d94a4b34-28aa-4259-99cb-041b45d78a87,Steve Hill,,cal_access,1413405,MANDEL FOR MORGAN HILL UNIFIED SCHOOL DISTRICT TRUSTEE AREA 1 2018,MANDEL FOR MORGAN HILL UNIFIED SCHOOL DISTRICT TRUSTEE AREA 1 2018,408,TERMINATED 12/12/2018,,needs_research,surname only,disputed,"A names another person, or the matched token is a place, a word or a given name","surname-only auto-link: Cal-Access 1413405 ""MANDEL FOR MORGAN HILL UNIFIED SCHOOL DISTRICT TRUSTEE AREA 1 2018"" -- the surname matched the place name ""Morgan Hill (Santa Clara County)""; the committee is Mandel's; filer area code 408 (San Jose); this row is Steve Hill (active; no seat or race recorded)",
26da6c0e-2215-4214-98e8-33601e84c36d,d94a4b34-28aa-4259-99cb-041b45d78a87,Steve Hill,,cal_access,1419899,HILL FOR SENATE 2020; STEVE,HILL FOR SENATE 2020; STEVE,310,TERMINATED 06/30/2020,,needs_research,full name,keep needs_research,full name (out of scope),,
6c77b352-1daf-40de-a685-d572ca44028e,d94a4b34-28aa-4259-99cb-041b45d78a87,Steve Hill,,cal_access,1432693,HILL FOR HARTNELL COMMUNITY COLLEGE TRUSTEE 2020,HILL FOR HARTNELL COMMUNITY COLLEGE TRUSTEE 2020,831,ACTIVE,,needs_research,surname only,keep needs_research,unresolved,,
0d1eface-3928-4e8d-a414-114233068ec1,d94a4b34-28aa-4259-99cb-041b45d78a87,Steve Hill,,cal_access,1453923,HILL FOR CITY COUNCIL DISTRICT 5 2022,HILL FOR CITY COUNCIL DISTRICT 5 2022,562,ACTIVE,,needs_research,surname only,keep needs_research,unresolved,,
624d1d29-7e2b-4813-8c15-a1c2b26b536e,d94a4b34-28aa-4259-99cb-041b45d78a87,Steve Hill,,cal_access,1454554,HILL FOR SCHOOL BOARD TRUSTEE AREA 3 OFFICE HOLDER 2022,HILL FOR SCHOOL BOARD TRUSTEE AREA 3 OFFICE HOLDER 2022,310,TERMINATED 01/15/2023,,needs_research,surname only,keep needs_research,unresolved,,
a2a2377a-6540-41f6-8046-be16bbf8b71f,d94a4b34-28aa-4259-99cb-041b45d78a87,Steve Hill,,cal_access,1469249,POCUS FOR MORGAN HILL SCHOOL BOARD 2024,POCUS FOR MORGAN HILL SCHOOL BOARD 2024,408,TERMINATED 11/20/2024,,needs_research,surname only,disputed,"A names another person, or the matched token is a place, a word or a given name","surname-only auto-link: Cal-Access 1469249 ""POCUS FOR MORGAN HILL SCHOOL BOARD 2024"" -- the surname matched the place name ""Morgan Hill (Santa Clara County)""; the committee is Pocus's; filer area code 408 (San Jose); this row is Steve Hill (active; no seat or race recorded)",
5dcbafec-927a-4da0-b023-2d54f698f328,d94a4b34-28aa-4259-99cb-041b45d78a87,Steve Hill,,cal_access,1471015,MUNSON FOR MORGAN HILL UNIFIED SCHOOL BOARD 2024,MUNSON FOR MORGAN HILL UNIFIED SCHOOL BOARD 2024,408,TERMINATED 11/25/2024,,needs_research,surname only,disputed,"A names another person, or the matched token is a place, a word or a given name","surname-only auto-link: Cal-Access 1471015 ""MUNSON FOR MORGAN HILL UNIFIED SCHOOL BOARD 2024"" -- the surname matched the place name ""Morgan Hill (Santa Clara County)""; the committee is Munson's; filer area code 408 (San Jose); this row is Steve Hill (active; no seat or race recorded)",
268e494f-3b7d-44c9-a9c5-8bf0a6ebc358,d94a4b34-28aa-4259-99cb-041b45d78a87,Steve Hill,,cal_access,1475818,VEGA FOR MORGAN HILL CITY COUNTY DISTRICT A - 2024,VEGA FOR MORGAN HILL CITY COUNTY DISTRICT A - 2024,408,TERMINATED 12/21/2024,,needs_research,surname only,disputed,"A names another person, or the matched token is a place, a word or a given name","surname-only auto-link: Cal-Access 1475818 ""VEGA FOR MORGAN HILL CITY COUNTY DISTRICT A - 2024"" -- the surname matched the place name ""Morgan Hill (Santa Clara County)""; the committee is Vega's; filer area code 408 (San Jose); this row is Steve Hill (active; no seat or race recorded)",
5df8d92e-4978-4d7f-83f3-348cb165109b,07e0311b-5013-49ac-849e-7aeaa3402ea2,Steve Lustro,"Council Member, Pomona",cal_access,1237050,"LUSTRO, FRIENDS OF STEVE","LUSTRO, FRIENDS OF STEVE",909,TERMINATED 01/23/2003,,needs_research,full name,keep needs_research,full name (out of scope),,
3d5330b3-cc6f-4b63-8356-a4f908c8ee45,07e0311b-5013-49ac-849e-7aeaa3402ea2,Steve Lustro,"Council Member, Pomona",cal_access,1320509,"LUSTRO FOR SCHOOL BOARD 2009, FRIENDS OF STEVE","LUSTRO FOR SCHOOL BOARD 2009, FRIENDS OF STEVE",909,TERMINATED 05/10/2010,,needs_research,full name,keep needs_research,full name (out of scope),,
8eaba57c-7060-405d-9aa8-1a8d5ab54acf,07e0311b-5013-49ac-849e-7aeaa3402ea2,Steve Lustro,"Council Member, Pomona",cal_access,1398563,LUSTRO FOR CITY COUNCIL 2018; FRIENDS OF STEVE,LUSTRO FOR CITY COUNCIL 2018; FRIENDS OF STEVE,909,TERMINATED 06/28/2019,,needs_research,full name,keep needs_research,full name (out of scope),,
0307c521-2a65-407c-9ff2-bb5c34f3e5b7,07e0311b-5013-49ac-849e-7aeaa3402ea2,Steve Lustro,"Council Member, Pomona",cal_access,1444008,LUSTRO FOR CITY COUNCIL 2022; FRIENDS OF STEVE,LUSTRO FOR CITY COUNCIL 2022; FRIENDS OF STEVE,909,TERMINATED 12/13/2023,,needs_research,full name,keep needs_research,full name (out of scope),,
5b2b870e-ab39-436b-8275-40e6f04e638a,e2ce84d2-ee0b-4851-b1d8-168a2f54a82b,Steve Madison,"Councilmember, Pasadena",cal_access,1075546,"MADISON FOR CITY COUNCIL 2020, FRIENDS OF STEVE","MADISON FOR CITY COUNCIL 2020, FRIENDS OF STEVE",626,ACTIVE,,needs_research,full name,keep needs_research,full name (out of scope),,
d588ce71-5035-4d36-a8b1-00cedb7928fc,e2ce84d2-ee0b-4851-b1d8-168a2f54a82b,Steve Madison,"Councilmember, Pasadena",cal_access,1289559,"MADISON FOR YCCD BOARD OF TRUSTEES, STEVE","MADISON FOR COLLEGE BOARD OF TRUSTEES, STEVE",209,TERMINATED 01/31/2007,,needs_research,full name,keep needs_research,full name (out of scope),,"full-name match, but the committee names another place: COLLEGE"
a65d5cf4-f4a1-41ab-aa15-8f859f4cf06b,e2ce84d2-ee0b-4851-b1d8-168a2f54a82b,Steve Madison,"Councilmember, Pasadena",cal_access,1365917,MADISON FOR CITY COUNCIL 2014,MADISON FOR CITY COUNCIL 2014,949,TERMINATED 12/10/2014,,needs_research,surname only,keep needs_research,unresolved,,
e750df4d-2835-4b43-9f86-a207234bd5fa,e2ce84d2-ee0b-4851-b1d8-168a2f54a82b,Steve Madison,"Councilmember, Pasadena",cal_access,1391896,MADISON - SCHOOL BOARD TRUSTEE 2016,MADISON - SCHOOL BOARD TRUSTEE 2016,916,TERMINATED 01/31/2017,,needs_research,surname only,keep needs_research,unresolved,,
cc9a5078-2b3c-40e3-94da-0e45545a5d69,e2ce84d2-ee0b-4851-b1d8-168a2f54a82b,Steve Madison,"Councilmember, Pasadena",cal_access,1464334,MADISON FOR CITY COUNCIL 2024; FRIENDS OF STEVE,MADISON FOR CITY COUNCIL 2024; FRIENDS OF STEVE,213,ACTIVE,,needs_research,full name,keep needs_research,full name (out of scope),,
bd2ce833-66ac-49a6-881e-b67509f27418,9c899dc8-9bd5-4583-aa05-c4ddf20dbeec,Steve S. Charelian,"Council Member, Manhattan Beach",cal_access,1471104,CHARELIAN FOR CITY COUNCIL 2024,CHARELIAN FOR CITY COUNCIL 2024,310,ACTIVE,,needs_research,surname only,keep needs_research,unresolved,,
0392938a-3358-4b37-88d2-cbc03d9ae2d5,1c1a6f49-b41b-4507-aa15-2eaf79d8240a,Steve Uhring,"Council Member, Malibu",cal_access,1430818,UHRING CITY COUNCIL 2028; STEVE,UHRING CITY COUNCIL 2028; STEVE,310,ACTIVE,,needs_research,full name,keep needs_research,full name (out of scope),,
1fdafe40-7280-4808-82ad-5a02bd154484,7a52ea32-cd3d-4853-ba1e-7c51087d998f,Steven Llanusa,"Board Member (Trustee Area 4), Claremont Unified",cal_access,1277932,"LLANUSA, COMMITTEE TO ELECT STEVEN","LLANUSA FOR CLAREMONT BOARD OF EDUCATION, 2009, COMMITTEE TO RE-ELECT STEVEN",909,TERMINATED 07/29/2010,,needs_research,full name,keep needs_research,full name (out of scope),,
23a96ef5-461b-48e2-968e-57bef837ed71,7a52ea32-cd3d-4853-ba1e-7c51087d998f,Steven Llanusa,"Board Member (Trustee Area 4), Claremont Unified",cal_access,1361108,"LLANUSA FOR CLAREMONT SCHOOL BOARD 2013, COMMITTEE TO ELECT STEVEN","LLANUSA FOR CLAREMONT SCHOOL BOARD 2013, COMMITTEE TO ELECT STEVEN",909,TERMINATED 01/30/2015,,needs_research,full name,keep needs_research,full name (out of scope),,
0db5bcb4-c570-406c-a02c-843ebcaf258b,7a52ea32-cd3d-4853-ba1e-7c51087d998f,Steven Llanusa,"Board Member (Trustee Area 4), Claremont Unified",cal_access,1456489,LLANUSA FOR CLAREMONT UNIFIED SCHOOL BOARD TRUSTEE 2022; COMMITTEE TO ELECT STEVEN,LLANUSA FOR CLAREMONT UNIFIED SCHOOL BOARD TRUSTEE 2022; COMMITTEE TO ELECT STEVEN,909,TERMINATED 12/25/2022,,needs_research,full name,keep needs_research,full name (out of scope),,
3448bd02-47b7-4166-acce-fcd8fd974e8d,b13891ed-faa2-481b-b773-7d0f0c2f6bbf,Suely Saro,"Councilmember, Long Beach",cal_access,1415954,SARO FOR LONG BEACH CITY COUNCIL 2020; SUELY,SARO FOR LONG BEACH CITY COUNCIL 2020; SUELY,562,TERMINATED 06/30/2021,,needs_research,full name,keep needs_research,full name (out of scope),,
dcf51285-d4d3-436d-a3ab-9428ef899d2d,b13891ed-faa2-481b-b773-7d0f0c2f6bbf,Suely Saro,"Councilmember, Long Beach",cal_access,1437829,SARO FOR LONG BEACH CITY COUNCIL 2020 OFFICEHOLDER ACCOUNT; SUELY,SARO FOR LONG BEACH CITY COUNCIL 2020 OFFICEHOLDER ACCOUNT; SUELY,562,ACTIVE,,needs_research,full name,keep needs_research,full name (out of scope),,
b93aa5f0-8b65-471e-ab93-f2e2ec62aad2,b13891ed-faa2-481b-b773-7d0f0c2f6bbf,Suely Saro,"Councilmember, Long Beach",cal_access,1458520,SARO FOR LONG BEACH CITY COUNCIL 2024; SUELY,SARO FOR LONG BEACH CITY COUNCIL 2024; SUELY,562,TERMINATED 05/31/2024,,needs_research,full name,keep needs_research,full name (out of scope),,
93f3b23e-eddd-4f49-a717-47e2e6ab47a9,555e463f-ad3c-4043-a9ed-c5ac16c8649f,Suzy Kim,"candidate, Los Angeles Mayor",cal_access,1488000,KIM FOR MAYOR 2026; COMMITTEE TO ELECT SUZY,KIM FOR MAYOR 2026; COMMITTEE TO ELECT SUZY,818,ACTIVE,"Kim, Suzy",needs_research,full name,keep needs_research,full name (out of scope),,
7574c2de-beb5-4fa2-b99b-d51f8ef9ff4a,ea6f7109-6067-4a48-bbdf-2a8b9cffe05f,Tamala Takahashi,"Mayor, Burbank",cal_access,1426418,TAKAHASHI FOR CITY COUNCIL 2020; TAMALA,TAKAHASHI FOR CITY COUNCIL 2020; TAMALA,916,TERMINATED 12/31/2020,,needs_research,full name,keep needs_research,full name (out of scope),,
02fbbecb-7a8d-4d3b-87ee-e8fa06d167ec,ea6f7109-6067-4a48-bbdf-2a8b9cffe05f,Tamala Takahashi,"Mayor, Burbank",cal_access,1448296,TAKAHASHI FOR CITY COUNCIL 2022; TAMALA,TAKAHASHI FOR CITY COUNCIL 2022; TAMALA,916,TERMINATED 03/30/2023,,needs_research,full name,keep needs_research,full name (out of scope),,
5e4bdce1-624b-4a4b-af5f-5106a00df547,3a39c313-b994-447b-b3fd-592e4994769b,Ted W. Lieu,Representative (District 36),cal_access,1237029,"LIEU, COMMITTEE TO ELECT TED","LIEU, COMMITTEE TO ELECT TED",818,TERMINATED 12/31/2004,,needs_research,full name,keep needs_research,full name (out of scope),,
71e85ba5-d92a-4c2a-84e7-b82328aeb92a,3a39c313-b994-447b-b3fd-592e4994769b,Ted W. Lieu,Representative (District 36),cal_access,1249404,"LIEU, FRIENDS OF TED","LIEU, FRIENDS OF TED",818,TERMINATED 07/30/2005,,needs_research,full name,keep needs_research,full name (out of scope),,
de4a8b8d-43a8-4ab1-9070-4ae0824c979b,3a39c313-b994-447b-b3fd-592e4994769b,Ted W. Lieu,Representative (District 36),cal_access,1277916,"LIEU FOR ASSEMBLY, TED","LIEU FOR ASSEMBLY, TED",818,TERMINATED 03/13/2007,,needs_research,full name,keep needs_research,full name (out of scope),,
1e3f0ea2-2f41-489f-89bf-e3b276993f94,3a39c313-b994-447b-b3fd-592e4994769b,Ted W. Lieu,Representative (District 36),cal_access,1280888,"LIEU FOR ASSEMBLY 2006, TED","LIEU FOR ASSEMBLY 2006, TED",818,TERMINATED 10/18/2008,,needs_research,full name,keep needs_research,full name (out of scope),,
c340dc92-720e-48e6-8367-d330c5608436,3a39c313-b994-447b-b3fd-592e4994769b,Ted W. Lieu,Representative (District 36),cal_access,1293239,"LIEU FOR ASSEMBLY 2008, TED","LIEU FOR ASSEMBLY 2008, TED",818,TERMINATED 12/31/2008,,needs_research,full name,keep needs_research,full name (out of scope),,
e9fa9fe3-b806-43bf-8465-382ab2af20ad,3a39c313-b994-447b-b3fd-592e4994769b,Ted W. Lieu,Representative (District 36),cal_access,1314048,"LIEU 2010, FRIENDS OF TED","LIEU FOR ATTORNEY GENERAL 2010, TED",916,TERMINATED 12/31/2012,,needs_research,full name,keep needs_research,full name (out of scope),,
26b19f71-620c-42cb-b849-bb27d7d817b3,3a39c313-b994-447b-b3fd-592e4994769b,Ted W. Lieu,Representative (District 36),cal_access,1333752,"LIEU FOR STATE SENATE 2014, TED","LIEU FOR SENATE 2014, TED",323,TERMINATED 06/30/2016,,needs_research,full name,keep needs_research,full name (out of scope),,
bb2d8aad-7bda-471f-b801-726d64dc35d8,3a39c313-b994-447b-b3fd-592e4994769b,Ted W. Lieu,Representative (District 36),cal_access,1334437,"LIEU FOR STATE SENATE 2011, TED","LIEU FOR STATE SENATE 2011, TED",916,TERMINATED 12/31/2012,,needs_research,full name,keep needs_research,full name (out of scope),,
ce56b1ef-463d-4820-a9c5-bd3dba1baf4c,3a39c313-b994-447b-b3fd-592e4994769b,Ted W. Lieu,Representative (District 36),cal_access,1344200,LIEU LEGAL DEFENSE FUND,LIEU LEGAL DEFENSE FUND,916,TERMINATED 08/20/2013,,needs_research,surname only,keep needs_research,unresolved,,
bede0172-a035-4411-8677-1534cb027c61,610528c5-26dc-49fe-815f-746c4a4d9633,Terrance T. Lewis,,la_socrata,1344652,Lewis for City Council District 9 2013,,,,"Lewis, Norvell",needs_research,surname only,disputed,"A names another person, or the matched token is a place, a word or a given name","surname-only auto-link: LA City Ethics committee 1344652 ""Lewis for City Council District 9 2013"" -- LA City Ethics names its candidate as Norvell Lewis (LA City Council Member - District 9), a different person; this row is Terrance T. Lewis (active; no seat or race recorded)",
702f4423-0b7d-4b40-8fc2-a0882853c6bb,9e7f9ff8-24d7-4ab3-b09b-c9adf823a602,Terry Ragins,"Board Member (Trustee Area D), Torrance Unified",cal_access,1236995,"RAGINS 2011 BOARD OF EDUCATION, COMMITTEE TO ELECT TERRY","RAGINS 2011 BOARD OF EDUCATION, COMMITTEE TO ELECT TERRY",310,TERMINATED 01/31/2012,,needs_research,full name,keep needs_research,full name (out of scope),,
ab6f8b41-08b3-4d29-915b-d702d31bb685,63dae673-c615-47b5-9ae1-6dab5a0cc6d0,Thomas Wong,"Council Member, Monterey Park",cal_access,1041905,WONG FOR STATE ASSEMBLY,WONG FOR STATE ASSEMBLY,415,TERMINATED 12/01/1990,,needs_research,surname only,disputed,C the filer evidence places it elsewhere (area code or shared filer phone),"surname-only auto-link: Cal-Access 1041905 ""WONG FOR STATE ASSEMBLY"" -- a campaign for the State Assembly; filer area code 415 (San Francisco) is outside the Los Angeles region and nothing ties it to the row; this row is Thomas Wong, Council Member, Monterey Park",
913a7270-0997-4288-a9f0-d2f9dbc68b03,63dae673-c615-47b5-9ae1-6dab5a0cc6d0,Thomas Wong,"Council Member, Monterey Park",cal_access,1238573,"WONG, FRIENDS OF DAN 2002","WONG, FRIENDS OF DAN 2002",626,TERMINATED 07/28/2005,,needs_research,surname only,disputed,"A names another person, or the matched token is a place, a word or a given name","surname-only auto-link: Cal-Access 1238573 ""WONG, FRIENDS OF DAN 2002"" -- names a different person (Dan Wong); filer area code 626 (San Gabriel Valley); this row is Thomas Wong, Council Member, Monterey Park",
56778ee4-40de-4585-9e27-1f57d9776164,63dae673-c615-47b5-9ae1-6dab5a0cc6d0,Thomas Wong,"Council Member, Monterey Park",cal_access,1292587,"WONG, THE FRIENDS FOR JUDY","WONG, THE FRIENDS FOR JUDY",626,TERMINATED 12/31/2008,,needs_research,surname only,disputed,"A names another person, or the matched token is a place, a word or a given name","surname-only auto-link: Cal-Access 1292587 ""WONG, THE FRIENDS FOR JUDY"" -- names a different person (Judy Wong); filer area code 626 (San Gabriel Valley); this row is Thomas Wong, Council Member, Monterey Park",
1d3d3732-6008-4391-a4eb-a68600bb1114,63dae673-c615-47b5-9ae1-6dab5a0cc6d0,Thomas Wong,"Council Member, Monterey Park",cal_access,1349692,"WONG FOR CITY COUNCIL 2012, P.K.","WONG FOR CITY COUNCIL 2012, P.K.",213,TERMINATED 12/31/2014,,needs_research,surname only,disputed,"A names another person, or the matched token is a place, a word or a given name","surname-only auto-link: Cal-Access 1349692 ""WONG FOR CITY COUNCIL 2012, P.K."" -- names a different person (P.K. Wong); filer area code 213 (Los Angeles); this row is Thomas Wong, Council Member, Monterey Park",
3bb7336b-529e-4b09-8d02-c8f7547478d1,63dae673-c615-47b5-9ae1-6dab5a0cc6d0,Thomas Wong,"Council Member, Monterey Park",cal_access,1452656,WONG FOR HAYWARD SCHOOL BOARD 2022; TOM,WONG FOR HAYWARD SCHOOL BOARD 2022; TOM,510,TERMINATED 03/26/2023,,needs_research,full name,keep needs_research,full name (out of scope),,"full-name match, but the committee names another place: HAYWARD"
d5485e1f-01be-4d0d-8054-145c4b66b179,63dae673-c615-47b5-9ae1-6dab5a0cc6d0,Thomas Wong,"Council Member, Monterey Park",cal_access,1488188,WONG FOR SUPERVISOR 2026; GROWSF SUPPORTING ALAN,WONG FOR SUPERVISOR 2026; GROWSF SUPPORTING ALAN,510,ACTIVE,,needs_research,surname only,disputed,"A names another person, or the matched token is a place, a word or a given name","surname-only auto-link: Cal-Access 1488188 ""WONG FOR SUPERVISOR 2026; GROWSF SUPPORTING ALAN"" -- names a different person (Alan Wong, San Francisco supervisor candidate); filer area code 510 (East Bay); this row is Thomas Wong, Council Member, Monterey Park",
a4df0dd8-acd9-4739-b371-f6190fca9f7b,48f36a82-cb26-4701-ba08-5566533982cb,Tim Sandoval,"Mayor, Pomona",cal_access,1236913,SANDOVAL FOR SCHOOL BOARD,SANDOVAL FOR SCHOOL BOARD,909,ACTIVE,,needs_research,surname only,keep needs_research,unresolved,,
e3138675-6062-4c0c-a5e4-a073e12745b1,48f36a82-cb26-4701-ba08-5566533982cb,Tim Sandoval,"Mayor, Pomona",cal_access,1240933,SANDOVAL FOR  JUDGE COMMITTEE,SANDOVAL FOR JUDGE COMMITTEE,714,TERMINATED 01/21/2003,,needs_research,surname only,keep needs_research,unresolved,,
df77f0c6-afd1-4b7d-b2b3-1a84d1146e58,48f36a82-cb26-4701-ba08-5566533982cb,Tim Sandoval,"Mayor, Pomona",cal_access,1275802,SANDOVAL FOR JUDGE,SANDOVAL FOR JUDGE,415,TERMINATED 12/31/2008,,needs_research,surname only,disputed,C the filer evidence places it elsewhere (area code or shared filer phone),"surname-only auto-link: Cal-Access 1275802 ""SANDOVAL FOR JUDGE"" -- a campaign for a judgeship; filer area code 415 (San Francisco) is outside the Los Angeles region and nothing ties it to the row; this row is Tim Sandoval, Mayor, Pomona",
c627603f-f8e6-40d2-b7c8-8c8b7bd4e961,48f36a82-cb26-4701-ba08-5566533982cb,Tim Sandoval,"Mayor, Pomona",cal_access,1278192,SANDOVAL FOR ASSESSOR,SANDOVAL FOR ASSESSOR,323,TERMINATED 08/03/2006,,needs_research,surname only,keep needs_research,unresolved,,
ef103c52-8da0-4c43-be9f-1cd34ea1cc33,48f36a82-cb26-4701-ba08-5566533982cb,Tim Sandoval,"Mayor, Pomona",cal_access,1278193,SANDOVAL FOR ASSESSOR 2006,SANDOVAL FOR ASSESSOR 2006,323,TERMINATED 11/28/2005,,needs_research,surname only,keep needs_research,unresolved,,
bf1f7707-c762-4fe4-92d9-f6f2d6c1bcaf,48f36a82-cb26-4701-ba08-5566533982cb,Tim Sandoval,"Mayor, Pomona",cal_access,1309761,SANDOVAL FOR PERRIS,SANDOVAL FOR PERRIS,951,TERMINATED 08/27/2009,,needs_research,surname only,disputed,"B another named place or district, or an opposing / ballot / recall committee","surname-only auto-link: Cal-Access 1309761 ""SANDOVAL FOR PERRIS"" -- a Perris committee (Riverside County), not the Pomona seat; filer area code 951 (Riverside); this row is Tim Sandoval, Mayor, Pomona",
64ce1f93-2c41-496d-bbcf-796575ebc3ab,48f36a82-cb26-4701-ba08-5566533982cb,Tim Sandoval,"Mayor, Pomona",cal_access,1341218,"SANDOVAL FOR BRAWLEY ELEMENTARY SCHOOL DISTRICT BOARD OF TRUSTEES 2011, COMMITTEE TO ELECTY JANETTE DENISE","SANDOVAL FOR BRAWLEY ELEMENTARY SCHOOL DISTRICT BOARD OF TRUSTEES 2011, COMMITTEE TO ELECTY JANETTE DENISE",760,TERMINATED 11/22/2011,,needs_research,surname only,disputed,"B another named place or district, or an opposing / ballot / recall committee","surname-only auto-link: Cal-Access 1341218 ""SANDOVAL FOR BRAWLEY ELEMENTARY SCHOOL DISTRICT BOARD OF TRUSTEES 2011, COMMITTEE TO ELECTY JANETTE DENISE"" -- a campaign for the Brawley Elementary school board (Janette Denise Sandoval) in Imperial County, not for the row's seat; filer area code 760 (Inland/north San Diego County); this row is Tim Sandoval, Mayor, Pomona",
f2a71b2a-a808-48bb-a942-37d8fc28bdb5,48f36a82-cb26-4701-ba08-5566533982cb,Tim Sandoval,"Mayor, Pomona",cal_access,1350619,SANDOVAL FOR CITY COUNCIL 2012,SANDOVAL FOR CITY COUNCIL 2024,909,ACTIVE,,needs_research,surname only,keep needs_research,unresolved,,
784e27b0-c19c-491d-9ff0-9423ef263b4d,48f36a82-cb26-4701-ba08-5566533982cb,Tim Sandoval,"Mayor, Pomona",cal_access,1370049,SANDOVAL FOR SCHOOL BOARD 2014,SANDOVAL FOR SCHOOL BOARD 2014,909,ACTIVE,,needs_research,surname only,keep needs_research,unresolved,,
db925fb9-bfdb-4a36-b708-0ac66a827d15,48f36a82-cb26-4701-ba08-5566533982cb,Tim Sandoval,"Mayor, Pomona",cal_access,1371591,SANDOVAL FOR SCHOOL BOARD 2022,SANDOVAL FOR SCHOOL BOARD 2026,909,ACTIVE,,needs_research,surname only,keep needs_research,unresolved,,
3351ad4e-9f92-4597-8844-7f0a0ee580a7,48f36a82-cb26-4701-ba08-5566533982cb,Tim Sandoval,"Mayor, Pomona",cal_access,1380664,SANDOVAL FOR MAYOR 2020,SANDOVAL FOR MAYOR 2020,916,TERMINATED 02/24/2023,,needs_research,surname only,keep needs_research,unresolved,,
9551ff61-70f8-46df-a567-431c6e1c9fb1,48f36a82-cb26-4701-ba08-5566533982cb,Tim Sandoval,"Mayor, Pomona",cal_access,1396865,SANDOVAL FOR ASSEMBLY 2018,SANDOVAL FOR ASSEMBLY 2018,818,TERMINATED 08/19/2017,,needs_research,surname only,keep needs_research,unresolved,,
f3f3fac9-496f-43fd-9461-ad5a167a0f3d,48f36a82-cb26-4701-ba08-5566533982cb,Tim Sandoval,"Mayor, Pomona",cal_access,1397499,SANDOVAL FOR ASSEMBLY 2017,SANDOVAL FOR ASSEMBLY 2017,818,TERMINATED 12/31/2017,,needs_research,surname only,keep needs_research,unresolved,,
35faa894-a957-4632-8cd1-d1865085667a,48f36a82-cb26-4701-ba08-5566533982cb,Tim Sandoval,"Mayor, Pomona",cal_access,1399724,SANDOVAL FOR MAYOR 2018,SANDOVAL FOR MAYOR 2018,909,TERMINATED 06/30/2021,,needs_research,surname only,keep needs_research,unresolved,,
add212ee-9a8e-4c3d-b0c8-83f59ee2e84c,48f36a82-cb26-4701-ba08-5566533982cb,Tim Sandoval,"Mayor, Pomona",cal_access,1408798,SANDOVAL FOR CITY COUNCIL DISTRICT 5 2018,SANDOVAL FOR CITY COUNCIL DISTRICT 5 2018,831,TERMINATED 06/30/2019,,needs_research,surname only,disputed,C the filer evidence places it elsewhere (area code or shared filer phone),"surname-only auto-link: Cal-Access 1408798 ""SANDOVAL FOR CITY COUNCIL DISTRICT 5 2018"" -- it shares a personal filer phone (filer area code 831 (Monterey/Santa Cruz)) with Cal-Access 1432501 ""SANDOVAL FOR SANTA RITA DISTRICT TRUSTEE 2020"", which this file disputes as another person's or another place's; this row is Tim Sandoval, Mayor, Pomona",
8b313890-5236-476b-8886-5e41fc9880a4,48f36a82-cb26-4701-ba08-5566533982cb,Tim Sandoval,"Mayor, Pomona",cal_access,1432501,SANDOVAL FOR SANTA RITA DISTRICT TRUSTEE 2020,SANDOVAL FOR SANTA RITA DISTRICT TRUSTEE 2020,831,TERMINATED 11/27/2020,,needs_research,surname only,disputed,"B another named place or district, or an opposing / ballot / recall committee","surname-only auto-link: Cal-Access 1432501 ""SANDOVAL FOR SANTA RITA DISTRICT TRUSTEE 2020"" -- a campaign for the Santa Rita school board in Salinas (Monterey County), not for the row's seat; filer area code 831 (Monterey/Santa Cruz); this row is Tim Sandoval, Mayor, Pomona",
179d6531-3178-4ed1-be5b-394f9bb4c0d9,48f36a82-cb26-4701-ba08-5566533982cb,Tim Sandoval,"Mayor, Pomona",cal_access,1445407,SANDOVAL FOR CITY COUNCIL DISTRICT 5 2026,SANDOVAL FOR CITY COUNCIL DISTRICT 5 2026,831,TERMINATED 06/08/2023,,needs_research,surname only,disputed,C the filer evidence places it elsewhere (area code or shared filer phone),"surname-only auto-link: Cal-Access 1445407 ""SANDOVAL FOR CITY COUNCIL DISTRICT 5 2026"" -- it shares a personal filer phone (filer area code 831 (Monterey/Santa Cruz)) with Cal-Access 1471247 ""SANDOVAL FOR SALINAS CITY COUNCIL DISTRICT 5 2026"", which this file disputes as another person's or another place's; this row is Tim Sandoval, Mayor, Pomona",
c9520f75-6daa-4a60-8b05-dc5ee43a429d,48f36a82-cb26-4701-ba08-5566533982cb,Tim Sandoval,"Mayor, Pomona",cal_access,1453490,SANDOVAL FOR MAYOR 2022,SANDOVAL FOR MAYOR 2022,909,TERMINATED 01/31/2024,,needs_research,surname only,keep needs_research,unresolved,,
527650eb-d910-468b-b101-d87495354d11,48f36a82-cb26-4701-ba08-5566533982cb,Tim Sandoval,"Mayor, Pomona",cal_access,1457447,SANDOVAL FOR MAYOR 2024,SANDOVAL FOR MAYOR 2024,916,TERMINATED 12/17/2024,,needs_research,surname only,keep needs_research,unresolved,,
dc108642-7982-4c9a-816b-2d93a217d092,48f36a82-cb26-4701-ba08-5566533982cb,Tim Sandoval,"Mayor, Pomona",cal_access,1468009,SANDOVAL FOR PINOLE CITY COUNCIL 2024,SANDOVAL FOR PINOLE CITY COUNCIL 2024,415,TERMINATED 07/05/2024,,needs_research,surname only,disputed,"B another named place or district, or an opposing / ballot / recall committee","surname-only auto-link: Cal-Access 1468009 ""SANDOVAL FOR PINOLE CITY COUNCIL 2024"" -- a campaign for the Pinole City Council in Pinole (Contra Costa County), not for the row's seat; filer area code 415 (San Francisco); this row is Tim Sandoval, Mayor, Pomona",
9b51272e-40d2-41bb-be91-eae4d4187478,48f36a82-cb26-4701-ba08-5566533982cb,Tim Sandoval,"Mayor, Pomona",cal_access,1471247,SANDOVAL FOR SALINAS CITY COUNCIL DISTRICT 5 2026,SANDOVAL FOR SALINAS CITY COUNCIL DISTRICT 5 2026,831,ACTIVE,,needs_research,surname only,disputed,"B another named place or district, or an opposing / ballot / recall committee","surname-only auto-link: Cal-Access 1471247 ""SANDOVAL FOR SALINAS CITY COUNCIL DISTRICT 5 2026"" -- a campaign for the Salinas City Council in Salinas (Monterey County), not for the row's seat; filer area code 831 (Monterey/Santa Cruz); this row is Tim Sandoval, Mayor, Pomona",
fafd322b-a462-41e5-88e4-d3db35e7eec7,48f36a82-cb26-4701-ba08-5566533982cb,Tim Sandoval,"Mayor, Pomona",cal_access,1473580,SANDOVAL FOR MAYOR 2028,SANDOVAL FOR MAYOR 2028,909,ACTIVE,,needs_research,surname only,keep needs_research,unresolved,,
ea27903c-4106-4358-8cb7-8d32c9e48072,48f36a82-cb26-4701-ba08-5566533982cb,Tim Sandoval,"Mayor, Pomona",cal_access,1475742,SANDOVAL; CITIZENS SUPPORTING THE RECALL OF ANDREW,SANDOVAL; CITIZENS SUPPORTING THE RECALL OF ANDREW,415,ACTIVE,,needs_research,surname only,disputed,"A names another person, or the matched token is a place, a word or a given name","surname-only auto-link: Cal-Access 1475742 ""SANDOVAL; CITIZENS SUPPORTING THE RECALL OF ANDREW"" -- names a different person (Andrew Sandoval (a recall committee)); filer area code 415 (San Francisco); this row is Tim Sandoval, Mayor, Pomona",
0e938ef8-666e-4f8f-a15d-160a22830c3f,48f36a82-cb26-4701-ba08-5566533982cb,Tim Sandoval,"Mayor, Pomona",cal_access,1475973,SANDOVAL FOR DOWNEY CITY COUNCIL 2024,SANDOVAL FOR DOWNEY CITY COUNCIL 2024,562,ACTIVE,,needs_research,surname only,disputed,"B another named place or district, or an opposing / ballot / recall committee","surname-only auto-link: Cal-Access 1475973 ""SANDOVAL FOR DOWNEY CITY COUNCIL 2024"" -- a campaign for the Downey City Council in Downey, not for the row's seat; filer area code 562 (Long Beach); this row is Tim Sandoval, Mayor, Pomona",
cba9dc1e-ff9f-4b98-80ad-1ffb76867191,48f36a82-cb26-4701-ba08-5566533982cb,Tim Sandoval,"Mayor, Pomona",cal_access,1479555,SANDOVAL; COMMITTEE OPPOSING THE RECALL OF COUNCIL MEMBER,SANDOVAL; COMMITTEE OPPOSING THE RECALL OF COUNCIL MEMBER,831,TERMINATED 04/07/2025,,needs_research,surname only,disputed,C the filer evidence places it elsewhere (area code or shared filer phone),"surname-only auto-link: Cal-Access 1479555 ""SANDOVAL; COMMITTEE OPPOSING THE RECALL OF COUNCIL MEMBER"" -- a campaign for the defence of a council member against a recall; filer area code 831 (Monterey/Santa Cruz) is outside the Los Angeles region and nothing ties it to the row; this row is Tim Sandoval, Mayor, Pomona",
ecb178ae-addc-4ab8-ba2b-0f3ffc9a7a69,48f36a82-cb26-4701-ba08-5566533982cb,Tim Sandoval,"Mayor, Pomona",cal_access,1488433,SANDOVAL FOR PINOLE CITY COUNCIL 2026,SANDOVAL FOR PINOLE CITY COUNCIL 2026,415,ACTIVE,,needs_research,surname only,disputed,"B another named place or district, or an opposing / ballot / recall committee","surname-only auto-link: Cal-Access 1488433 ""SANDOVAL FOR PINOLE CITY COUNCIL 2026"" -- a campaign for the Pinole City Council in Pinole (Contra Costa County), not for the row's seat; filer area code 415 (San Francisco); this row is Tim Sandoval, Mayor, Pomona",
2b7b0cb5-aa21-4167-afaa-ef5dfba1e5f9,48f36a82-cb26-4701-ba08-5566533982cb,Tim Sandoval,"Mayor, Pomona",cal_access,1489040,"SANDOVAL FOR SUPERVISOR 2026, DISTRICT 2","SANDOVAL FOR SUPERVISOR 2026, DISTRICT 2",909,TERMINATED 07/29/2026,,needs_research,surname only,keep needs_research,unresolved,,
3d2e3ffb-629f-4bd0-b373-55a7d8f401b7,e562016e-d672-4e8a-a870-c0de2cbff0f5,Timothy Hepburn,"Council Member (District 4), La Verne",cal_access,1384392,HEPBURN - MAYOR 2017; TIMOTHY J,HEPBURN - MAYOR 2017; TIMOTHY J,909,TERMINATED 04/25/2017,,needs_research,full name,keep needs_research,full name (out of scope),,
7f399fd4-bccd-4432-961c-6a5c8deb8795,e562016e-d672-4e8a-a870-c0de2cbff0f5,Timothy Hepburn,"Council Member (District 4), La Verne",cal_access,1418733,HEPBURN MAYOR 2020; TIMOTHY,HEPBURN MAYOR 2020; TIMOTHY,909,TERMINATED 06/15/2020,,needs_research,full name,keep needs_research,full name (out of scope),,
219e0ffc-1b43-4781-b1f5-0d233440cc65,a757bdb4-05ec-496e-a247-1ba010e6cafe,Todd Lombardo,,cal_access,1349403,LOMBARDO FOR COUNCIL 2012,LOMBARDO FOR COUNCIL 2012,760,TERMINATED 02/01/2015,,needs_research,surname only,keep needs_research,unresolved,,
287ec9ce-16e0-4255-95db-5ee8fb666376,e509b170-f6dc-461e-9946-8eb471968a81,Todd Rogers,"Mayor, Lakewood",cal_access,1066404,"ROGERS, NEIGHBORS FOR","ROGERS, NEIGHBORS FOR",510,TERMINATED 12/31/2019,,needs_research,surname only,keep needs_research,unresolved,,
dd9233e3-6a7f-4f7e-921c-1c9b80ec415d,e509b170-f6dc-461e-9946-8eb471968a81,Todd Rogers,"Mayor, Lakewood",cal_access,1066833,"ROGERS, ASSOCIATES OF RICHARD","ROGERS, ASSOCIATES OF RICHARD",619,TERMINATED 01/08/1996,,needs_research,surname only,disputed,"A names another person, or the matched token is a place, a word or a given name","surname-only auto-link: Cal-Access 1066833 ""ROGERS, ASSOCIATES OF RICHARD"" -- names a different person (Richard Rogers); filer area code 619 (San Diego); this row is Todd Rogers, Mayor, Lakewood",
2444be7b-92a0-4fbd-b7aa-36cd3016a729,e509b170-f6dc-461e-9946-8eb471968a81,Todd Rogers,"Mayor, Lakewood",cal_access,1072408,"ROGERS FOR SUPERVISOR, NEIGHBORS","ROGERS FOR SUPERVISOR, NEIGHBORS",510,TERMINATED 11/17/2006,,needs_research,surname only,disputed,C the filer evidence places it elsewhere (area code or shared filer phone),"surname-only auto-link: Cal-Access 1072408 ""ROGERS FOR SUPERVISOR, NEIGHBORS"" -- a campaign for a county board of supervisors; filer area code 510 (East Bay) is outside the Los Angeles region and nothing ties it to the row; this row is Todd Rogers, Mayor, Lakewood",
81e44820-79bb-4db4-a3f8-f1cb0119efa3,e509b170-f6dc-461e-9946-8eb471968a81,Todd Rogers,"Mayor, Lakewood",cal_access,1227949,ROGERS 4 SUNSET,ROGERS 4 SUNSET,415,TERMINATED 02/05/2001,,needs_research,surname only,keep needs_research,unresolved,,
3d3f9edd-f06f-4f49-881d-148ac328731a,e509b170-f6dc-461e-9946-8eb471968a81,Todd Rogers,"Mayor, Lakewood",cal_access,1230501,"ROGERS, COMMITTEE TO ELECT TODD",ROGERS FOR COUNCIL 2022,562,TERMINATED 10/27/2025,,needs_research,surname only,keep needs_research,unresolved,,
347576f1-9932-4713-955d-9f9cb485ceff,e509b170-f6dc-461e-9946-8eb471968a81,Todd Rogers,"Mayor, Lakewood",cal_access,1311752,ROGERS COUNCIL COMMITTEE,ROGERS COUNCIL COMMITTEE,510,TERMINATED 11/21/2008,,needs_research,surname only,keep needs_research,unresolved,,
75bcd8a8-7640-4898-9162-3d178dabe6b7,e509b170-f6dc-461e-9946-8eb471968a81,Todd Rogers,"Mayor, Lakewood",cal_access,1322505,ROGERS FOR ASSEMBLY 2010,ROGERS FOR ASSEMBLY 2010,626,TERMINATED 01/25/2010,,needs_research,surname only,keep needs_research,unresolved,,
b8379492-649c-4431-97e5-99ccf373ba19,e509b170-f6dc-461e-9946-8eb471968a81,Todd Rogers,"Mayor, Lakewood",cal_access,1331536,ROGERS FOR COUNCIL 2010,ROGERS FOR COUNCIL 2010,510,TERMINATED 06/30/2012,,needs_research,surname only,keep needs_research,unresolved,,
2f113f1a-14d5-469a-a066-a38b0a4dedd9,e509b170-f6dc-461e-9946-8eb471968a81,Todd Rogers,"Mayor, Lakewood",cal_access,1363104,ROGERS FOR SHERIFF 2014,ROGERS FOR SHERIFF 2014,562,TERMINATED 12/15/2014,,needs_research,surname only,keep needs_research,unresolved,,Todd Rogers ran for LA County Sheriff in 2014; probably his own
08323d25-d33a-43f1-bb1c-e1cf59e4542a,e509b170-f6dc-461e-9946-8eb471968a81,Todd Rogers,"Mayor, Lakewood",cal_access,1366464,"ROGERS FOR SHERIFF 2014, FRIENDS TO SUPPORT TODD","ROGERS FOR SHERIFF 2014, FRIENDS TO SUPPORT TODD",310,TERMINATED 12/31/2014,,needs_research,full name,keep needs_research,full name (out of scope),,
c45ed6cd-d439-4cf7-9364-138fc5bca11f,e509b170-f6dc-461e-9946-8eb471968a81,Todd Rogers,"Mayor, Lakewood",cal_access,1369143,ROGERS FOR COUNCIL 2014,ROGERS FOR COUNCIL 2014,510,TERMINATED 12/31/2018,,needs_research,surname only,keep needs_research,unresolved,,
b1181988-5136-4f26-b726-5c6bc872b349,e509b170-f6dc-461e-9946-8eb471968a81,Todd Rogers,"Mayor, Lakewood",cal_access,1372270,"BATES FOR MAYOR & MYRICK, RAMSEY, POWERS, ROGERS FOR CITY COUNCIL AND MADELINE KRONENBERG AND PETER CHAU FOR WEST CONTRA COSTA SCHOOL BOARD; RICHMOND WORKING FAMILIES FOR JOBS 2014, IN SUPPORT OF","BATES FOR MAYOR & MYRICK, RAMSEY, POWERS, ROGERS FOR CITY COUNCIL AND MADELINE KRONENBERG AND PETER CHAU FOR WEST CONTRA COSTA SCHOOL BOARD; RICHMOND WORKING FAMILIES FOR JOBS 2014, IN SUPPORT OF",925,TERMINATED 11/19/2014,,needs_research,surname only,disputed,"A names another person, or the matched token is a place, a word or a given name","surname-only auto-link: Cal-Access 1372270 ""BATES FOR MAYOR & MYRICK, RAMSEY, POWERS, ROGERS FOR CITY COUNCIL AND MADELINE KRONENBERG AND PETER CHAU FOR WEST CONTRA COSTA SCHOOL BOARD; RICHMOND WORKING FAMILIES FOR JOBS 2014, IN SUPPORT OF"" -- a slate of other people for Richmond (Contra Costa County) offices; filer area code 925 (Contra Costa); this row is Todd Rogers, Mayor, Lakewood",
248b9397-48be-4f14-9957-20ff5efa5147,e509b170-f6dc-461e-9946-8eb471968a81,Todd Rogers,"Mayor, Lakewood",cal_access,1390297,ROGERS FOR COUNCIL 2016,ROGERS FOR COUNCIL 2016,510,TERMINATED 12/31/2019,,needs_research,surname only,keep needs_research,unresolved,,
9d774ccc-906c-4324-be89-d075b7e1964b,e509b170-f6dc-461e-9946-8eb471968a81,Todd Rogers,"Mayor, Lakewood",cal_access,1433195,ROGERS FOR BOARD 2020 YCCD AREA 3,ROGERS FOR BOARD 2020 YCCD AREA 3,209,TERMINATED 07/30/2021,,needs_research,surname only,disputed,C the filer evidence places it elsewhere (area code or shared filer phone),"surname-only auto-link: Cal-Access 1433195 ""ROGERS FOR BOARD 2020 YCCD AREA 3"" -- a campaign for the Yosemite Community College District board; filer area code 209 (Stockton/Modesto) is outside the Los Angeles region and nothing ties it to the row; this row is Todd Rogers, Mayor, Lakewood",
c14cf386-5c9b-4f4e-955e-8a92bc8b9e2e,e509b170-f6dc-461e-9946-8eb471968a81,Todd Rogers,"Mayor, Lakewood",cal_access,1484840,ROGERS FOR COUNCIL 2026,ROGERS FOR COUNCIL 2026,562,ACTIVE,,needs_research,surname only,keep needs_research,unresolved,,
8eb82efd-ce95-4948-a9af-206e5b06cccf,a89f2105-4692-4010-8264-2cf45a14545d,Tom Chavez,"Council Member, Temple City",cal_access,1314574,"CHAVEZ, COMMITTEE TO ELECT TOM","CHAVEZ, COMMITTEE TO ELECT TOM",626,TERMINATED 06/30/2009,,needs_research,full name,keep needs_research,full name (out of scope),,
c284f0a7-29a0-458a-bbaf-c1ec18e23770,a89f2105-4692-4010-8264-2cf45a14545d,Tom Chavez,"Council Member, Temple City",cal_access,1355008,"CHAVEZ CITY COUNCIL 2013, COMMITTEE TO RE-ELECT TOM","CHAVEZ CITY COUNCIL 2013, COMMITTEE TO RE-ELECT TOM",626,TERMINATED 06/30/2013,,needs_research,full name,keep needs_research,full name (out of scope),,
a8332cc5-9c19-4b6a-95ed-2f42b1ba0329,a89f2105-4692-4010-8264-2cf45a14545d,Tom Chavez,"Council Member, Temple City",cal_access,1486778,"CHAVEZ FOR CITY COUNCIL, 2026; RE-ELECT TOM","CHAVEZ FOR CITY COUNCIL, 2026; RE-ELECT TOM",626,TERMINATED 03/03/2026,,needs_research,full name,keep needs_research,full name (out of scope),,
f59c95be-0b6b-4355-98bd-28171852f3b9,e8bdd8a7-a1b2-43e3-afd4-df975980819e,Tom Lackey,Assembly Member (Assembly District 34),cal_access,1279259,"LACKEY FOR PALMDALE CITY COUNCIL, TOM","LACKEY FOR PALMDALE CITY COUNCIL, TOM",661,TERMINATED 07/21/2006,,needs_research,full name,keep needs_research,full name (out of scope),,"full-name match, but the committee names another place: PALMDALE"
e4f3505e-303c-4ca4-9b65-f1f25685e8a5,e8bdd8a7-a1b2-43e3-afd4-df975980819e,Tom Lackey,Assembly Member (Assembly District 34),cal_access,1308920,"LACKEY, TAXPAYERS FOR TOM","LACKEY, TAXPAYERS FOR TOM",940,TERMINATED 06/30/2010,,needs_research,full name,keep needs_research,full name (out of scope),,
456f205a-c8a9-4e0d-a737-5bfe7f1b7bc0,e8bdd8a7-a1b2-43e3-afd4-df975980819e,Tom Lackey,Assembly Member (Assembly District 34),cal_access,1346065,"LACKEY FOR ASSEMBLY 2012, TOM","LACKEY FOR ASSEMBLY 2012, TOM",661,TERMINATED 07/24/2012,,needs_research,full name,keep needs_research,full name (out of scope),,
70baad4d-ca70-4d56-82cc-2f6c59f97744,e8bdd8a7-a1b2-43e3-afd4-df975980819e,Tom Lackey,Assembly Member (Assembly District 34),cal_access,1359327,"LACKEY FOR PALMDALE CITY COUNCIL 2013, TOM","LACKEY FOR PALMDALE CITY COUNCIL 2013, TOM",661,TERMINATED 03/07/2014,,needs_research,full name,keep needs_research,full name (out of scope),,"full-name match, but the committee names another place: PALMDALE"
a485f9ac-4fe8-4a5a-aedf-350a7b2b582b,e8bdd8a7-a1b2-43e3-afd4-df975980819e,Tom Lackey,Assembly Member (Assembly District 34),cal_access,1363532,LACKEY FOR ASSEMBLY 2014,LACKEY FOR ASSEMBLY 2014,661,TERMINATED 03/04/2015,,needs_research,surname only,keep needs_research,unresolved,,
cd2f4fa3-b83b-41f5-94b1-e3053d2868df,e8bdd8a7-a1b2-43e3-afd4-df975980819e,Tom Lackey,Assembly Member (Assembly District 34),cal_access,1373755,LACKEY FOR ASSEMBLY 2016,LACKEY FOR ASSEMBLY 2016,661,TERMINATED 06/30/2017,,needs_research,surname only,keep needs_research,unresolved,,
8ec9c573-071c-49b9-afad-f9465e905693,e8bdd8a7-a1b2-43e3-afd4-df975980819e,Tom Lackey,Assembly Member (Assembly District 34),cal_access,1414673,LACKEY FOR ASSEMBLY 2020,LACKEY FOR ASSEMBLY 2020,209,TERMINATED 06/30/2021,,needs_research,surname only,keep needs_research,unresolved,,
2ef8330c-58d4-46cd-9a21-f89cfcce63d2,e8bdd8a7-a1b2-43e3-afd4-df975980819e,Tom Lackey,Assembly Member (Assembly District 34),cal_access,1435844,LACKEY FOR ASSEMBLY 2022,LACKEY FOR ASSEMBLY 2022,209,TERMINATED 08/21/2023,,needs_research,surname only,keep needs_research,unresolved,,
a2f77d93-83a5-4dd8-94c1-ef7782ff5944,e8bdd8a7-a1b2-43e3-afd4-df975980819e,Tom Lackey,Assembly Member (Assembly District 34),cal_access,1458117,LACKEY FOR ASSEMBLY 2024,LACKEY FOR ASSEMBLY 2024,209,ACTIVE,,needs_research,surname only,keep needs_research,unresolved,,
cbfce697-f064-4783-ae5c-1c0d5f43bef2,e8bdd8a7-a1b2-43e3-afd4-df975980819e,Tom Lackey,Assembly Member (Assembly District 34),cal_access,1477470,LACKEY FOR BOARD OF EQUALIZATION 2026; TOM,LACKEY FOR BOARD OF EQUALIZATION 2026; TOM,209,TERMINATED 06/30/2026,,needs_research,full name,keep needs_research,full name (out of scope),,
1e652d51-6a6a-4dd6-8397-b87332b90752,b156be63-59f0-4caa-98d9-44ae7afccf79,Tony Strickland,,cal_access,1069359,STRICKLAND FOR ASSEMBLY,STRICKLAND FOR ASSEMBLY,805,TERMINATED 12/31/2006,,needs_research,surname only,keep needs_research,unresolved,,
aeb3955d-a806-478b-85d3-969c91859d92,b156be63-59f0-4caa-98d9-44ae7afccf79,Tony Strickland,,cal_access,1277272,STRICKLAND FOR CONTROLLER,STRICKLAND FOR CONTROLLER,949,TERMINATED 03/17/2010,,needs_research,surname only,keep needs_research,unresolved,,
662c0d25-87e2-4419-abf8-ef21564f76a1,b156be63-59f0-4caa-98d9-44ae7afccf79,Tony Strickland,,cal_access,1314562,"STRICKLAND SENATE 2012, TONY","STRICKLAND SENATE 2012, TONY",805,TERMINATED 03/22/2013,,needs_research,full name,keep needs_research,full name (out of scope),,
7cd12065-b658-475e-bc1e-490a03117d7a,b156be63-59f0-4caa-98d9-44ae7afccf79,Tony Strickland,,cal_access,1322938,STRICKLAND FOR TREASURER TAX COLLECTOR 2010,STRICKLAND FOR TREASURER TAX COLLECTOR 2010,714,TERMINATED 03/01/2010,,needs_research,surname only,keep needs_research,unresolved,,
a3da9783-c64b-40fc-a69d-81db38d49d42,b156be63-59f0-4caa-98d9-44ae7afccf79,Tony Strickland,,cal_access,1361964,STRICKLAND FOR COUNCIL 2014,STRICKLAND FOR COUNCIL 2014,562,TERMINATED 07/31/2016,,needs_research,surname only,keep needs_research,unresolved,,
c3ccd46f-5a6d-4944-a344-c78c6c1254d5,b156be63-59f0-4caa-98d9-44ae7afccf79,Tony Strickland,,cal_access,1380124,STRICKLAND FOR COUNCIL 2016,STRICKLAND FOR COUNCIL 2016,805,TERMINATED 12/06/2016,,needs_research,surname only,keep needs_research,unresolved,,
d54b74d3-2390-4635-89a5-3b8630880299,b156be63-59f0-4caa-98d9-44ae7afccf79,Tony Strickland,,cal_access,1401620,STRICKLAND FOR DISTRICT ATTORNEY 2018,STRICKLAND FOR DISTRICT ATTORNEY 2018,559,TERMINATED 07/31/2018,,needs_research,surname only,keep needs_research,unresolved,,
a6572654-305d-4dcf-9c9b-c3acdc846640,b156be63-59f0-4caa-98d9-44ae7afccf79,Tony Strickland,,cal_access,1441848,STRICKLAND FOR HB CITY COUNCIL 2022; TONY,STRICKLAND FOR HB CITY COUNCIL 2026; TONY,805,ACTIVE,,needs_research,full name,keep needs_research,full name (out of scope),,
4debba49-de57-4915-898b-2d94ab9dafc7,b156be63-59f0-4caa-98d9-44ae7afccf79,Tony Strickland,,cal_access,1466874,STRICKLAND FOR CENTRAL COMMITTEE 2024; TONY,STRICKLAND FOR CENTRAL COMMITTEE 2024; TONY,805,ACTIVE,,needs_research,full name,keep needs_research,full name (out of scope),,
91c1345e-bd07-4b6b-9cb4-2c6939b9efc4,b156be63-59f0-4caa-98d9-44ae7afccf79,Tony Strickland,,cal_access,1467958,STRICKLAND FOR SENATE 2026; TONY,STRICKLAND FOR SENATE 2026; TONY,805,ACTIVE,,needs_research,full name,keep needs_research,full name (out of scope),,
b2d5883f-f1fa-4f37-a3f0-ed80a6cd98cc,b156be63-59f0-4caa-98d9-44ae7afccf79,Tony Strickland,,cal_access,1476971,STRICKLAND FOR SENATE 2025; TONY,STRICKLAND FOR SENATE 2025; TONY,805,TERMINATED 05/07/2025,,needs_research,full name,keep needs_research,full name (out of scope),,
0f5ad76d-217e-4190-832b-8143ad9f9a98,b156be63-59f0-4caa-98d9-44ae7afccf79,Tony Strickland,,cal_access,1477792,STRICKLAND FOR SENATE 2025; CALIFORNIA LEADERSHIP COALITION - IN SUPPORT OF TONY,STRICKLAND FOR SENATE 2025; CALIFORNIA LEADERSHIP COALITION - IN SUPPORT OF TONY,619,TERMINATED 03/07/2025,,needs_research,full name,keep needs_research,full name (out of scope),,
5c54e6ad-3ef2-43a7-a64c-9c49e1ce4e78,f8808ac0-8a9d-4657-8bf7-2ae60d96399c,Tony Thurmond,Superintendent of Public Instruction,cal_access,1268709,"THURMOND, COMMITTEE TO ELECT TONY","THURMOND, COMMITTEE TO ELECT TONY",510,TERMINATED 06/01/2011,,needs_research,full name,keep needs_research,full name (out of scope),,
72193d94-bb7e-42ad-b48c-1c34541cb287,f8808ac0-8a9d-4657-8bf7-2ae60d96399c,Tony Thurmond,Superintendent of Public Instruction,cal_access,1296272,"THURMOND FOR ASSEMBLY, TONY","THURMOND FOR ASSEMBLY, TONY",510,TERMINATED 06/15/2010,,needs_research,full name,keep needs_research,full name (out of scope),,
ac5b6d7f-8da5-4657-9a5e-4613e923c18c,f8808ac0-8a9d-4657-8bf7-2ae60d96399c,Tony Thurmond,Superintendent of Public Instruction,cal_access,1310055,"THURMOND FOR SCHOOL BOARD, TONY","THURMOND FOR SCHOOL BOARD, TONY",510,TERMINATED 08/06/2013,,needs_research,full name,keep needs_research,full name (out of scope),,
839f059d-f4b4-48a0-8f96-18baa1c7cff3,f8808ac0-8a9d-4657-8bf7-2ae60d96399c,Tony Thurmond,Superintendent of Public Instruction,cal_access,1318438,"THURMOND FOR SENATE 2009 EXPLORATORY COMMITTEE, TONY","THURMOND FOR SENATE 2009 EXPLORATORY COMMITTEE, TONY",510,TERMINATED 12/31/2009,,needs_research,full name,keep needs_research,full name (out of scope),,
38c6ef42-bf9a-4ee2-8d21-3c5ffb8a1a4f,f8808ac0-8a9d-4657-8bf7-2ae60d96399c,Tony Thurmond,Superintendent of Public Instruction,cal_access,1355575,"THURMOND FOR ASSEMBLY 2014, TONY","THURMOND FOR ASSEMBLY 2014, TONY",510,TERMINATED 03/09/2015,,needs_research,full name,keep needs_research,full name (out of scope),,
a1f6eae5-b580-454a-91c4-8bf888201a57,f8808ac0-8a9d-4657-8bf7-2ae60d96399c,Tony Thurmond,Superintendent of Public Instruction,cal_access,1373771,THURMOND FOR ASSEMBLY 2016; TONY,THURMOND FOR ASSEMBLY 2016; TONY,510,TERMINATED 12/31/2016,,needs_research,full name,keep needs_research,full name (out of scope),,
6a1c39d4-6d87-4ba7-bbc5-63a540f28d19,f8808ac0-8a9d-4657-8bf7-2ae60d96399c,Tony Thurmond,Superintendent of Public Instruction,cal_access,1392488,THURMOND FOR ASSEMBLY 2018; TONY,THURMOND FOR ASSEMBLY 2018; TONY,510,TERMINATED 08/31/2018,,needs_research,full name,keep needs_research,full name (out of scope),,
5001c7cf-094c-4b0f-9a39-1369ce42005a,f8808ac0-8a9d-4657-8bf7-2ae60d96399c,Tony Thurmond,Superintendent of Public Instruction,cal_access,1405429,THURMOND FOR SUPERINTENDENT OF PUBLIC INSTRUCTION 2018 SPONSORED BY TEACHERS ORGANIZATIONS; EDUCATORS SUPPORTING TONY,"THURMOND FOR SUPERINTENDENT OF PUBLIC INSTRUCTION 2018, SPONSORED BY TEACHERS AND SCHOOL EMPLOYEE ORGANIZATIONS; EDUCATORS SUPPORTING TONY",916,TERMINATED 04/30/2019,,needs_research,full name,keep needs_research,full name (out of scope),,
fa8428c3-42df-4e18-b81e-2f0c418f5e79,f8808ac0-8a9d-4657-8bf7-2ae60d96399c,Tony Thurmond,Superintendent of Public Instruction,cal_access,1408355,THURMOND FOR SUPERINTENDENT 2018; CLERGY FOR BETTER EDUCATION SUPPORTING,THURMOND FOR SUPERINTENDENT 2018; CLERGY FOR BETTER EDUCATION SUPPORTING,310,TERMINATED 05/14/2020,,needs_research,surname only,keep needs_research,unresolved,,
ac964e77-8a5f-4db5-9361-8fb09dd97407,f8808ac0-8a9d-4657-8bf7-2ae60d96399c,Tony Thurmond,Superintendent of Public Instruction,cal_access,1410382,THURMOND FOR SUPERINTENDENT OF PUBLIC INSTRUCTION 2018; TIDES ADVOCACY PROJECTS IN SUPPORT OF,THURMOND FOR SUPERINTENDENT OF PUBLIC INSTRUCTION 2018; TIDES ADVOCACY PROJECTS IN SUPPORT OF,916,TERMINATED 02/15/2019,,needs_research,surname only,keep needs_research,unresolved,,
2e695fb8-7760-4dc4-b39e-fd0edf2d2ad6,f8808ac0-8a9d-4657-8bf7-2ae60d96399c,Tony Thurmond,Superintendent of Public Instruction,cal_access,1448022,"THURMOND FOR SUPERINTENDENT OF PUBLIC INSTRUCTION 2022, SPONSORED BY TEACHER, SCHOOL EMPLOYEE AND LABOR ORGANIZATIONS; CALIFORNIANS SUPPORTING TONY","THURMOND FOR SUPERINTENDENT OF PUBLIC INSTRUCTION 2022, SPONSORED BY TEACHER, SCHOOL EMPLOYEE AND LABOR ORGANIZATIONS; CALIFORNIANS SUPPORTING TONY",916,TERMINATED 03/07/2023,,needs_research,full name,keep needs_research,full name (out of scope),,
250e7300-1cab-43d5-b902-70bbdcf602a0,f8808ac0-8a9d-4657-8bf7-2ae60d96399c,Tony Thurmond,Superintendent of Public Instruction,cal_access,1460345,THURMOND SUPERINTENDENT OF PUBLIC INSTRUCTION 2022 OFFICEHOLDER ACCOUNT; TONY,THURMOND SUPERINTENDENT OF PUBLIC INSTRUCTION 2022 OFFICEHOLDER ACCOUNT; TONY,510,ACTIVE,,needs_research,full name,keep needs_research,full name (out of scope),,
bec78e4d-0ea9-434c-8a95-28d29f207049,f8808ac0-8a9d-4657-8bf7-2ae60d96399c,Tony Thurmond,Superintendent of Public Instruction,cal_access,1461509,THURMOND FOR GOVERNOR 2026; TONY,THURMOND FOR GOVERNOR 2026; TONY,510,TERMINATED 06/30/2026,,needs_research,full name,keep needs_research,full name (out of scope),,
49824de5-e825-4ba1-a73b-d7fadf571f28,d0977350-df68-4cfe-822e-816ba13f9213,Traci Park,Los Angeles City Council District 11,cal_access,1037802,CALIFORNIA PARK & RECREATION SOCIETY BOND ACT COMMITTEE,CALIFORNIA PARK & RECREATION SOCIETY BOND ACT COMMITTEE,916,TERMINATED 12/01/1990,,needs_research,surname only,disputed,"A names another person, or the matched token is a place, a word or a given name","surname-only auto-link: Cal-Access 1037802 ""CALIFORNIA PARK & RECREATION SOCIETY BOND ACT COMMITTEE"" -- the surname matched the word ""Park"" (a park and recreation society), not a person; filer area code 916 (Sacramento); this row is Traci Park, Los Angeles City Council District 11",
52621145-f82c-42f4-9288-b4e6384700e7,d0977350-df68-4cfe-822e-816ba13f9213,Traci Park,Los Angeles City Council District 11,cal_access,1060506,"YES ON PROP. 199 - CALIFORNIANS FOR MOBILEHOME FAIRNESS, SPONSORED BY A COALITION OF MOBILEHOME PARK OWNERS, MANAGERS & RESID","YES ON PROP. 199 - CALIFORNIANS FOR MOBILEHOME FAIRNESS, SPONSORED BY A COALITION OF MOBILEHOME PARK OWNERS, MANAGERS & RESID",310,TERMINATED 11/19/1993,,needs_research,surname only,disputed,"A names another person, or the matched token is a place, a word or a given name","surname-only auto-link: Cal-Access 1060506 ""YES ON PROP. 199 - CALIFORNIANS FOR MOBILEHOME FAIRNESS, SPONSORED BY A COALITION OF MOBILEHOME PARK OWNERS, MANAGERS & RESID"" -- the surname matched the word ""Park"" (mobile-home park owners), not a person; filer area code 310 (West LA/South Bay); this row is Traci Park, Los Angeles City Council District 11",
d13eb04b-8512-4070-a4e8-9645121ef1b0,d0977350-df68-4cfe-822e-816ba13f9213,Traci Park,Los Angeles City Council District 11,cal_access,1237130,CARPENTER FOR MENLO PARK (FIRE PROTECTION DISTRICT) BOARD CAMPAIGN,CARPENTER FOR MENLO PARK (FIRE PROTECTION DISTRICT) BOARD CAMPAIGN,650,TERMINATED 01/28/2002,,needs_research,surname only,disputed,"A names another person, or the matched token is a place, a word or a given name","surname-only auto-link: Cal-Access 1237130 ""CARPENTER FOR MENLO PARK (FIRE PROTECTION DISTRICT) BOARD CAMPAIGN"" -- the surname matched the place name ""Menlo Park (San Mateo County)""; the committee is Carpenter's; filer area code 650 (San Mateo County); this row is Traci Park, Los Angeles City Council District 11",
a3785213-87b3-40b6-8e58-b346ad7bb981,d0977350-df68-4cfe-822e-816ba13f9213,Traci Park,Los Angeles City Council District 11,cal_access,1257276,"STEEL, FRIENDS FOR MICHELLE PARK","STEEL, FRIENDS FOR MICHELL PARK",310,TERMINATED 12/10/2007,,needs_research,surname only,disputed,"A names another person, or the matched token is a place, a word or a given name","surname-only auto-link: Cal-Access 1257276 ""STEEL, FRIENDS FOR MICHELL PARK"" (stored as ""STEEL, FRIENDS FOR MICHELLE PARK"") -- names a different person (Michelle Park Steel); filer area code 310 (West LA/South Bay); this row is Traci Park, Los Angeles City Council District 11",
9d6b2c71-4870-4173-babd-bf07feb47153,d0977350-df68-4cfe-822e-816ba13f9213,Traci Park,Los Angeles City Council District 11,cal_access,1266938,NO ON RECALL - ROHNERT PARK,NO ON RECALL - ROHNERT PARK,707,TERMINATED 12/31/2004,,needs_research,surname only,disputed,"A names another person, or the matched token is a place, a word or a given name","surname-only auto-link: Cal-Access 1266938 ""NO ON RECALL - ROHNERT PARK"" -- the surname matched the place name ""Rohnert Park (Sonoma County); a recall committee""; the committee is for someone else; filer area code 707 (North Bay); this row is Traci Park, Los Angeles City Council District 11",
99ebbd84-6650-4a12-97fc-ef9ae0ecca65,d0977350-df68-4cfe-822e-816ba13f9213,Traci Park,Los Angeles City Council District 11,cal_access,1268702,FRIENDS OF THE LAKESIDE RIVER PARK,FRIENDS OF THE LAKESIDE RIVER PARK,619,TERMINATED 09/01/2010,,needs_research,surname only,disputed,"A names another person, or the matched token is a place, a word or a given name","surname-only auto-link: Cal-Access 1268702 ""FRIENDS OF THE LAKESIDE RIVER PARK"" -- the surname matched the word ""Park"" (a river park), not a person; filer area code 619 (San Diego); this row is Traci Park, Los Angeles City Council District 11",
e4452064-2388-4744-be4f-e4353d295e08,d0977350-df68-4cfe-822e-816ba13f9213,Traci Park,Los Angeles City Council District 11,cal_access,1271118,"KOSSOFF, OAK PARK PARENTS FOR KENNETH W.","KOSSOFF, OAK PARK PARENTS FOR KENNETH W.",805,TERMINATED 12/31/2004,,needs_research,surname only,disputed,"A names another person, or the matched token is a place, a word or a given name","surname-only auto-link: Cal-Access 1271118 ""KOSSOFF, OAK PARK PARENTS FOR KENNETH W."" -- the surname matched the place name ""Oak Park (Ventura County)""; the committee is Kenneth W. Kossoff's; filer area code 805 (Central Coast/Ventura); this row is Traci Park, Los Angeles City Council District 11",
b585febd-10f4-4fa5-bf72-3a13068310ae,d0977350-df68-4cfe-822e-816ba13f9213,Traci Park,Los Angeles City Council District 11,cal_access,1274077,FRIENDS OF THE VILLAGE PARK,FRIENDS OF THE VILLAGE PARK,310,TERMINATED 07/31/2005,,needs_research,surname only,disputed,"A names another person, or the matched token is a place, a word or a given name","surname-only auto-link: Cal-Access 1274077 ""FRIENDS OF THE VILLAGE PARK"" -- the surname matched the word ""Park"" (a village park), not a person; filer area code 310 (West LA/South Bay); this row is Traci Park, Los Angeles City Council District 11",
1c0ac8f4-6e11-420d-b426-5613c02cee01,d0977350-df68-4cfe-822e-816ba13f9213,Traci Park,Los Angeles City Council District 11,cal_access,1287438,LASENSKY FOR MENLO PARK,LASENSKY FOR MENLO PARK,,TERMINATED 09/30/2006,,needs_research,surname only,disputed,"A names another person, or the matched token is a place, a word or a given name","surname-only auto-link: Cal-Access 1287438 ""LASENSKY FOR MENLO PARK"" -- the surname matched the place name ""Menlo Park (San Mateo County)""; the committee is Lasensky's; no filer phone; this row is Traci Park, Los Angeles City Council District 11",
2ec68866-f4e4-4a56-b6ac-3033d4d7a6cb,d0977350-df68-4cfe-822e-816ba13f9213,Traci Park,Los Angeles City Council District 11,cal_access,1291023,RHEINS FOR VILLA PARK COUNCIL COMMITTEE,RHEINS FOR VILLA PARK COUNCIL COMMITTEE,714,TERMINATED 12/31/2006,,needs_research,surname only,disputed,"A names another person, or the matched token is a place, a word or a given name","surname-only auto-link: Cal-Access 1291023 ""RHEINS FOR VILLA PARK COUNCIL COMMITTEE"" -- the surname matched the place name ""Villa Park (Orange County)""; the committee is Rheins's; filer area code 714 (Orange County); this row is Traci Park, Los Angeles City Council District 11",
b5869a28-1882-45f9-8de6-51225fdb376b,d0977350-df68-4cfe-822e-816ba13f9213,Traci Park,Los Angeles City Council District 11,cal_access,1293746,"VILLA PARK CITIZENS FOR HONEST GOVERNMENT, A COMMITTEE IN SUPPORT OF THE  RECALL OF DEBORAH PAULY","VILLA PARK CITIZENS FOR HONEST GOVERNMENT, A COMMITTEE IN SUPPORT OF THE RECALL OF DEBORAH PAULY",714,TERMINATED 12/12/2012,,needs_research,surname only,disputed,"A names another person, or the matched token is a place, a word or a given name","surname-only auto-link: Cal-Access 1293746 ""VILLA PARK CITIZENS FOR HONEST GOVERNMENT, A COMMITTEE IN SUPPORT OF THE RECALL OF DEBORAH PAULY"" (stored as ""VILLA PARK CITIZENS FOR HONEST GOVERNMENT, A COMMITTEE IN SUPPORT OF THE  RECALL OF DEBORAH PAULY"") -- the surname matched the place name ""Villa Park (Orange County); a recall committee""; the committee is for someone else; filer area code 714 (Orange County); this row is Traci Park, Los Angeles City Council District 11",
138d8d8b-1638-4a55-bd53-3d7d1b9d2658,d0977350-df68-4cfe-822e-816ba13f9213,Traci Park,Los Angeles City Council District 11,cal_access,1330142,GLOVER FOR REC AND PARK BOARD 2010,GLOVER FOR REC AND PARK BOARD 2010,925,TERMINATED 07/29/2011,,needs_research,surname only,disputed,"A names another person, or the matched token is a place, a word or a given name","surname-only auto-link: Cal-Access 1330142 ""GLOVER FOR REC AND PARK BOARD 2010"" -- the surname matched the word ""Park"" (a recreation and park board, Glover), not a person; filer area code 925 (Contra Costa); this row is Traci Park, Los Angeles City Council District 11",
316e14e8-8943-46db-b5dd-e712ea543d2c,d0977350-df68-4cfe-822e-816ba13f9213,Traci Park,Los Angeles City Council District 11,cal_access,1330296,OHTAKI FOR MENLO PARK CITY COUNCIL 2010,OHTAKI FOR MENLO PARK CITY COUNCIL 2010,650,TERMINATED 02/09/2011,,needs_research,surname only,disputed,"A names another person, or the matched token is a place, a word or a given name","surname-only auto-link: Cal-Access 1330296 ""OHTAKI FOR MENLO PARK CITY COUNCIL 2010"" -- the surname matched the place name ""Menlo Park (San Mateo County)""; the committee is Ohtaki's; filer area code 650 (San Mateo County); this row is Traci Park, Los Angeles City Council District 11",
991cf4bb-e847-4e93-afc8-5bdd75b8353d,d0977350-df68-4cfe-822e-816ba13f9213,Traci Park,Los Angeles City Council District 11,cal_access,1331711,"STANTON FOR DIRECTOR 2010 CAMERON PARK CSD., COMMITTEE TO ELECT","STANTON FOR DIRECTOR 2010 CAMERON PARK CSD., COMMITTEE TO ELECT",530,TERMINATED 12/16/2015,,needs_research,surname only,disputed,"A names another person, or the matched token is a place, a word or a given name","surname-only auto-link: Cal-Access 1331711 ""STANTON FOR DIRECTOR 2010 CAMERON PARK CSD., COMMITTEE TO ELECT"" -- the surname matched the place name ""Cameron Park (El Dorado County)""; the committee is Stanton's; filer area code 530 (far northern California); this row is Traci Park, Los Angeles City Council District 11",
ef72c71e-3428-4c29-920d-8d2574875d18,d0977350-df68-4cfe-822e-816ba13f9213,Traci Park,Los Angeles City Council District 11,cal_access,1332254,RHEINS FOR VILLA PARK COUNCIL COMMITTEE 2010,RHEINS FOR VILLA PARK COUNCIL COMMITTEE 2010,714,TERMINATED 11/03/2010,,needs_research,surname only,disputed,"A names another person, or the matched token is a place, a word or a given name","surname-only auto-link: Cal-Access 1332254 ""RHEINS FOR VILLA PARK COUNCIL COMMITTEE 2010"" -- the surname matched the place name ""Villa Park (Orange County)""; the committee is Rheins's; filer area code 714 (Orange County); this row is Traci Park, Los Angeles City Council District 11",
f416b0dd-9eae-40dc-8537-84b5d50659c3,d0977350-df68-4cfe-822e-816ba13f9213,Traci Park,Los Angeles City Council District 11,cal_access,1333141,"PETERSON 2010 - RUSS PETERSON, MENLO PARK CITY COUNCIL CAMPAIGN, FOR","PETERSON 2010 - RUSS PETERSON, MENLO PARK CITY COUNCIL CAMPAIGN, FOR",650,TERMINATED 01/24/2011,,needs_research,surname only,disputed,"A names another person, or the matched token is a place, a word or a given name","surname-only auto-link: Cal-Access 1333141 ""PETERSON 2010 - RUSS PETERSON, MENLO PARK CITY COUNCIL CAMPAIGN, FOR"" -- the surname matched the place name ""Menlo Park (San Mateo County)""; the committee is Russ Peterson's; filer area code 650 (San Mateo County); this row is Traci Park, Los Angeles City Council District 11",
57952d0f-e10c-48a0-a260-4869971f19e1,d0977350-df68-4cfe-822e-816ba13f9213,Traci Park,Los Angeles City Council District 11,cal_access,1341635,KIRALY FOR MENLO PARK FIRE BOARD 2011,KIRALY FOR MENLO PARK FIRE BOARD 2011,650,ACTIVE,,needs_research,surname only,disputed,"A names another person, or the matched token is a place, a word or a given name","surname-only auto-link: Cal-Access 1341635 ""KIRALY FOR MENLO PARK FIRE BOARD 2011"" -- the surname matched the place name ""Menlo Park (San Mateo County)""; the committee is Kiraly's; filer area code 650 (San Mateo County); this row is Traci Park, Los Angeles City Council District 11",
2595f12d-f723-4d51-b612-988f4acd22d1,d0977350-df68-4cfe-822e-816ba13f9213,Traci Park,Los Angeles City Council District 11,cal_access,1350604,"MISHLER FOR PLEASANT VALLEY RECREATION AND PARK DISTRICT 2012, FRIENDS OF","MISHLER FOR PLEASANT VALLEY RECREATION AND PARK DISTRICT 2012, FRIENDS OF",805,TERMINATED 12/27/2012,,needs_research,surname only,disputed,"A names another person, or the matched token is a place, a word or a given name","surname-only auto-link: Cal-Access 1350604 ""MISHLER FOR PLEASANT VALLEY RECREATION AND PARK DISTRICT 2012, FRIENDS OF"" -- the surname matched the word ""Park"" (a recreation and park district, Mishler), not a person; filer area code 805 (Central Coast/Ventura); this row is Traci Park, Los Angeles City Council District 11",
2ac20be5-848f-424f-9210-14f9199320d6,d0977350-df68-4cfe-822e-816ba13f9213,Traci Park,Los Angeles City Council District 11,cal_access,1357428,PARK FOR RIVERSIDE COLLEGE TRUSTEES 2014,PARK FOR RIVERSIDE COLLEGE TRUSTEES 2014,951,TERMINATED 06/02/2014,,needs_research,surname only,disputed,"B another named place or district, or an opposing / ballot / recall committee","surname-only auto-link: Cal-Access 1357428 ""PARK FOR RIVERSIDE COLLEGE TRUSTEES 2014"" -- a campaign for the Riverside Community College board in Riverside, not for the row's seat; filer area code 951 (Riverside); this row is Traci Park, Los Angeles City Council District 11",
ee20c58e-56a4-4f56-9af9-c09ca31d53da,d0977350-df68-4cfe-822e-816ba13f9213,Traci Park,Los Angeles City Council District 11,cal_access,1360277,BERNSTEIN FOR MENLO PARK FIRE BOARD 2013,BERNSTEIN FOR MENLO PARK FIRE BOARD 2013,650,ACTIVE,,needs_research,surname only,disputed,"A names another person, or the matched token is a place, a word or a given name","surname-only auto-link: Cal-Access 1360277 ""BERNSTEIN FOR MENLO PARK FIRE BOARD 2013"" -- the surname matched the place name ""Menlo Park (San Mateo County)""; the committee is Bernstein's; filer area code 650 (San Mateo County); this row is Traci Park, Los Angeles City Council District 11",
b4d746e9-0281-4b4b-a7e9-116ffd5f9f0d,d0977350-df68-4cfe-822e-816ba13f9213,Traci Park,Los Angeles City Council District 11,cal_access,1367510,KIRALY FOR MENLO PARK FIRE BOARD 2015,KIRALY FOR MENLO PARK FIRE BOARD 2015,650,TERMINATED 10/04/2016,,needs_research,surname only,disputed,"A names another person, or the matched token is a place, a word or a given name","surname-only auto-link: Cal-Access 1367510 ""KIRALY FOR MENLO PARK FIRE BOARD 2015"" -- the surname matched the place name ""Menlo Park (San Mateo County)""; the committee is Kiraly's; filer area code 650 (San Mateo County); this row is Traci Park, Los Angeles City Council District 11",
7eb1654a-3c9a-4288-96a1-2050b33070d5,d0977350-df68-4cfe-822e-816ba13f9213,Traci Park,Los Angeles City Council District 11,cal_access,1369700,NELSON FOR VILLA PARK CITY COUNCIL 2014,NELSON FOR VILLA PARK CITY COUNCIL 2014,714,TERMINATED 12/31/2014,,needs_research,surname only,disputed,"A names another person, or the matched token is a place, a word or a given name","surname-only auto-link: Cal-Access 1369700 ""NELSON FOR VILLA PARK CITY COUNCIL 2014"" -- the surname matched the place name ""Villa Park (Orange County)""; the committee is Nelson's; filer area code 714 (Orange County); this row is Traci Park, Los Angeles City Council District 11",
69265786-347f-4e4a-9905-bde5636783e5,d0977350-df68-4cfe-822e-816ba13f9213,Traci Park,Los Angeles City Council District 11,cal_access,1369724,COLLACOTT FOR VILLA PARK CITY COUNCIL 2014,COLLACOTT FOR VILLA PARK CITY COUNCIL 2014,714,TERMINATED 12/08/2014,,needs_research,surname only,disputed,"A names another person, or the matched token is a place, a word or a given name","surname-only auto-link: Cal-Access 1369724 ""COLLACOTT FOR VILLA PARK CITY COUNCIL 2014"" -- the surname matched the place name ""Villa Park (Orange County)""; the committee is Collacott's; filer area code 714 (Orange County); this row is Traci Park, Los Angeles City Council District 11",
76714cdc-7ebb-45b6-b548-7cf0b27ee54c,d0977350-df68-4cfe-822e-816ba13f9213,Traci Park,Los Angeles City Council District 11,cal_access,1369870,BEGER FOR BUENA PARK COUNCIL 2018,BEGER FOR BUENA PARK COUNCIL 2018,949,TERMINATED 09/17/2021,,needs_research,surname only,disputed,"A names another person, or the matched token is a place, a word or a given name","surname-only auto-link: Cal-Access 1369870 ""BEGER FOR BUENA PARK COUNCIL 2018"" -- the surname matched the place name ""Buena Park (Orange County)""; the committee is Beger's; filer area code 949 (Orange County); this row is Traci Park, Los Angeles City Council District 11",
b0c8e253-556b-487d-9c6c-264edd9d44b0,d0977350-df68-4cfe-822e-816ba13f9213,Traci Park,Los Angeles City Council District 11,cal_access,1370294,LEIMBACH DIRECTOR CORDOVA REC & PARK 2014,LEIMBACH DIRECTOR CORDOVA REC & PARK 2014,916,TERMINATED 12/31/2014,,needs_research,surname only,disputed,"A names another person, or the matched token is a place, a word or a given name","surname-only auto-link: Cal-Access 1370294 ""LEIMBACH DIRECTOR CORDOVA REC & PARK 2014"" -- the surname matched the word ""Park"" (a recreation and park district, Leimbach), not a person; filer area code 916 (Sacramento); this row is Traci Park, Los Angeles City Council District 11",
fa031616-b1e1-4f0d-a731-928b7179d8ad,d0977350-df68-4cfe-822e-816ba13f9213,Traci Park,Los Angeles City Council District 11,cal_access,1370917,IRVINE NEIGHBORS FOR GREAT PARK REFORM - YES ON V,IRVINE NEIGHBORS FOR GREAT PARK REFORM - YES ON V,714,TERMINATED 12/31/2014,,needs_research,surname only,disputed,"A names another person, or the matched token is a place, a word or a given name","surname-only auto-link: Cal-Access 1370917 ""IRVINE NEIGHBORS FOR GREAT PARK REFORM - YES ON V"" -- the surname matched the place name ""Irvine's Great Park; a ballot committee""; the committee is for someone else; filer area code 714 (Orange County); this row is Traci Park, Los Angeles City Council District 11",
600be320-477b-45bd-83d2-b75c348c9d8b,d0977350-df68-4cfe-822e-816ba13f9213,Traci Park,Los Angeles City Council District 11,cal_access,1372461,PARK FOR CITY COUNCIL 2014,PARK FOR CITY COUNCIL 2016,408,TERMINATED 12/31/2016,,needs_research,surname only,keep needs_research,unresolved,,Traci Park was first elected in 2022; filer area code 408
93a2fcd2-b876-4391-b4d3-4c965da9a6cb,d0977350-df68-4cfe-822e-816ba13f9213,Traci Park,Los Angeles City Council District 11,cal_access,1374670,PARK FOR ASSEMBLY 2016,PARK FOR ASSEMBLY 2016,951,TERMINATED 07/19/2016,,needs_research,surname only,disputed,C the filer evidence places it elsewhere (area code or shared filer phone),"surname-only auto-link: Cal-Access 1374670 ""PARK FOR ASSEMBLY 2016"" -- a campaign for the State Assembly; filer area code 951 (Riverside) is outside the Los Angeles region and nothing ties it to the row; this row is Traci Park, Los Angeles City Council District 11",
188165c2-74db-4552-abd6-7311f59a7bfa,d0977350-df68-4cfe-822e-816ba13f9213,Traci Park,Los Angeles City Council District 11,cal_access,1376537,RYU FOR CITY COUNCIL 2015; GRIFFITH PARK FRIENDS SUPPORTING DAVID,RYU FOR CITY COUNCIL 2015; GRIFFITH PARK FRIENDS SUPPORTING DAVID,562,ACTIVE,,needs_research,surname only,disputed,"A names another person, or the matched token is a place, a word or a given name","surname-only auto-link: Cal-Access 1376537 ""RYU FOR CITY COUNCIL 2015; GRIFFITH PARK FRIENDS SUPPORTING DAVID"" -- the surname matched the place name ""Griffith Park""; the committee is David Ryu's; filer area code 562 (Long Beach); this row is Traci Park, Los Angeles City Council District 11",
03bed24d-5c58-4830-b5c0-9a87ff644ef5,d0977350-df68-4cfe-822e-816ba13f9213,Traci Park,Los Angeles City Council District 11,cal_access,1379698,MASON FOR SAN BRUNO PARK SCHOOL DISTRICT 2018,MASON FOR SAN BRUNO PARK SCHOOL DISTRICT 2018,510,TERMINATED 01/24/2020,,needs_research,surname only,disputed,"A names another person, or the matched token is a place, a word or a given name","surname-only auto-link: Cal-Access 1379698 ""MASON FOR SAN BRUNO PARK SCHOOL DISTRICT 2018"" -- the surname matched the place name ""San Bruno Park (school district)""; the committee is Mason's; filer area code 510 (East Bay); this row is Traci Park, Los Angeles City Council District 11",
a51b4c68-8e2e-4fa2-b8f2-425fbec427b3,d0977350-df68-4cfe-822e-816ba13f9213,Traci Park,Los Angeles City Council District 11,cal_access,1380617,ROSSINI FOR VILLA PARK CITY COUNCIL 2016,ROSSINI FOR VILLA PARK CITY COUNCIL 2016,714,TERMINATED 12/28/2016,,needs_research,surname only,disputed,"A names another person, or the matched token is a place, a word or a given name","surname-only auto-link: Cal-Access 1380617 ""ROSSINI FOR VILLA PARK CITY COUNCIL 2016"" -- the surname matched the place name ""Villa Park (Orange County)""; the committee is Rossini's; filer area code 714 (Orange County); this row is Traci Park, Los Angeles City Council District 11",
f44b746e-6c17-430d-a05c-9fbadc5ab8c5,d0977350-df68-4cfe-822e-816ba13f9213,Traci Park,Los Angeles City Council District 11,cal_access,1389382,TAYLOR FOR MENLO PARK CITY COUNCIL 2016,TAYLOR FOR MENLO PARK CITY COUNCIL 2016,415,ACTIVE,,needs_research,surname only,disputed,"A names another person, or the matched token is a place, a word or a given name","surname-only auto-link: Cal-Access 1389382 ""TAYLOR FOR MENLO PARK CITY COUNCIL 2016"" -- the surname matched the place name ""Menlo Park (San Mateo County)""; the committee is Taylor's; filer area code 415 (San Francisco); this row is Traci Park, Los Angeles City Council District 11",
836b9d95-2da2-466d-bbc6-9feb569477fc,d0977350-df68-4cfe-822e-816ba13f9213,Traci Park,Los Angeles City Council District 11,cal_access,1410156,TAYLOR FOR MENLO PARK CITY COUNCL 2018,TAYLOR FOR MENLO PARK CITY COUNCL 2018,650,TERMINATED 12/31/2019,,needs_research,surname only,disputed,"A names another person, or the matched token is a place, a word or a given name","surname-only auto-link: Cal-Access 1410156 ""TAYLOR FOR MENLO PARK CITY COUNCL 2018"" -- the surname matched the place name ""Menlo Park (San Mateo County)""; the committee is Taylor's; filer area code 650 (San Mateo County); this row is Traci Park, Los Angeles City Council District 11",
838fdcd7-a66d-4648-99a0-c0d918b023f9,d0977350-df68-4cfe-822e-816ba13f9213,Traci Park,Los Angeles City Council District 11,cal_access,1410659,ABELE FOR PARK BOARD 2018,ABELE FOR PARK BOARD 2018,805,TERMINATED 12/14/2018,,needs_research,surname only,disputed,"A names another person, or the matched token is a place, a word or a given name","surname-only auto-link: Cal-Access 1410659 ""ABELE FOR PARK BOARD 2018"" -- the surname matched the word ""Park"" (a park board, Abele), not a person; filer area code 805 (Central Coast/Ventura); this row is Traci Park, Los Angeles City Council District 11",
2ca133f8-c25d-4e78-83d1-701b86ee55c0,d0977350-df68-4cfe-822e-816ba13f9213,Traci Park,Los Angeles City Council District 11,cal_access,1413257,SHORT FOR CONEJO RECREATION AND PARK DISTRICT BOARD OF DIRECTORS 2018,SHORT FOR CONEJO RECREATION AND PARK DISTRICT BOARD OF DIRECTORS 2018,800,TERMINATED 02/19/2019,,needs_research,surname only,disputed,"A names another person, or the matched token is a place, a word or a given name","surname-only auto-link: Cal-Access 1413257 ""SHORT FOR CONEJO RECREATION AND PARK DISTRICT BOARD OF DIRECTORS 2018"" -- the surname matched the word ""Park"" (a recreation and park district, Short), not a person; filer area code 800 (toll-free); this row is Traci Park, Los Angeles City Council District 11",
c4e9c01d-ddd3-4126-8193-4d00c569dfdb,d0977350-df68-4cfe-822e-816ba13f9213,Traci Park,Los Angeles City Council District 11,cal_access,1432043,"BHATIA, PARK, JAIN & BECKER AND OPPOSING WATANABE, O'NEILL, O'KEEFE & MEZZETTI - CITY COUNCIL 2020, SPONSORED BY JOHON EDWARD (JED) YORK AND AFFILIATED ENTITIES, INCLUDING FORTY NINERS FOOTBALL COMPAN","BHATIA, PARK, JAIN & BECKER AND OPPOSING WATANABE, O'NEILL, O'KEEFE & MEZZETTI - CITY COUNCIL 2020, SPONSORED BY JOHON EDWARD (JED) YORK AND AFFILIATED ENTITIES, INCLUDING FORTY NINERS FOOTBALL COMPAN",916,TERMINATED 06/16/2021,,needs_research,surname only,disputed,"A names another person, or the matched token is a place, a word or a given name","surname-only auto-link: Cal-Access 1432043 ""BHATIA, PARK, JAIN & BECKER AND OPPOSING WATANABE, O'NEILL, O'KEEFE & MEZZETTI - CITY COUNCIL 2020, SPONSORED BY JOHON EDWARD (JED) YORK AND AFFILIATED ENTITIES, INCLUDING FORTY NINERS FOOTBALL COMPAN"" -- a slate of other people (Bhatia, Park, Jain and Becker) for a Santa Clara city council race; filer area code 916 (Sacramento); this row is Traci Park, Los Angeles City Council District 11",
c57ee551-1caf-41b2-b98b-4222144cf8ca,d0977350-df68-4cfe-822e-816ba13f9213,Traci Park,Los Angeles City Council District 11,cal_access,1439296,PARK FOR CITY COUNCIL 2022 - OFFICEHOLDER ACCOUNT; TRACI,PARK FOR CITY COUNCIL 2022 - OFFICEHOLDER ACCOUNT; TRACI,323,ACTIVE,"Park, Traci",needs_research,full name,keep needs_research,full name (out of scope),,
0519dcf5-33aa-4b9e-9485-79917c2d104f,d0977350-df68-4cfe-822e-816ba13f9213,Traci Park,Los Angeles City Council District 11,cal_access,1442937,PARK FOR SAFE COUNCIL DISTRICT 11 2022; TRACI,PARK FOR SAFE COUNCIL DISTRICT 11 2022; TRACI,310,TERMINATED 10/22/2022,,needs_research,full name,keep needs_research,full name (out of scope),,
f30672aa-e86f-4220-b5e3-187160e3d0ad,d0977350-df68-4cfe-822e-816ba13f9213,Traci Park,Los Angeles City Council District 11,cal_access,1446510,PARK FOR JUDGE 2022,PARK FOR JUDGE 2022,310,TERMINATED 06/30/2023,,needs_research,surname only,keep needs_research,unresolved,,
52604a48-3f46-4e81-9a00-deb71178e9c7,d0977350-df68-4cfe-822e-816ba13f9213,Traci Park,Los Angeles City Council District 11,cal_access,1446851,LAMNIN FOR HAYWARD AREA RECREATION AND PARK DISTRICT (HARD) BOARD OF DIRECTORS 2022,LAMNIN FOR HAYWARD AREA RECREATION AND PARK DISTRICT (HARD) BOARD OF DIRECTORS 2026,510,ACTIVE,,needs_research,surname only,disputed,"A names another person, or the matched token is a place, a word or a given name","surname-only auto-link: Cal-Access 1446851 ""LAMNIN FOR HAYWARD AREA RECREATION AND PARK DISTRICT (HARD) BOARD OF DIRECTORS 2026"" (stored as ""LAMNIN FOR HAYWARD AREA RECREATION AND PARK DISTRICT (HARD) BOARD OF DIRECTORS 2022"") -- the surname matched the word ""Park"" (a recreation and park district, Lamnin), not a person; filer area code 510 (East Bay); this row is Traci Park, Los Angeles City Council District 11",
0a808346-175e-4950-875a-497955b41451,d0977350-df68-4cfe-822e-816ba13f9213,Traci Park,Los Angeles City Council District 11,cal_access,1446889,CADENA FOR HUNTINGTON PARK CITY COUNCIL 2022,CADENA FOR HUNTINGTON PARK CITY COUNCIL 2022,323,ACTIVE,,needs_research,surname only,disputed,"A names another person, or the matched token is a place, a word or a given name","surname-only auto-link: Cal-Access 1446889 ""CADENA FOR HUNTINGTON PARK CITY COUNCIL 2022"" -- the surname matched the place name ""Huntington Park""; the committee is Cadena's; filer area code 323 (Los Angeles); this row is Traci Park, Los Angeles City Council District 11",
7706dafc-2cfb-4a2a-94d4-51f74c0b5449,d0977350-df68-4cfe-822e-816ba13f9213,Traci Park,Los Angeles City Council District 11,cal_access,1447771,"PARK FOR CITY COUNCIL 2022; RESIDENTS, LOCAL BUSINESSES, AND PUBLIC SAFETY ORGANIZATIONS FOR SAFER AND CLEANER NEIGHBORHOODS -- SUPPORTING TRACI","PARK FOR CITY COUNCIL 2022; RESIDENTS, LOCAL BUSINESSES, AND PUBLIC SAFETY ORGANIZATIONS FOR SAFER AND CLEANER NEIGHBORHOODS -- SUPPORTING TRACI",213,TERMINATED 12/31/2022,,needs_research,full name,keep needs_research,full name (out of scope),,
9e171375-d638-44a2-942d-a710c36ecff8,d0977350-df68-4cfe-822e-816ba13f9213,Traci Park,Los Angeles City Council District 11,cal_access,1449034,PARK FOR CITY COUNCIL 2022 - GENERAL; TRACI,PARK FOR CITY COUNCIL 2022 - GENERAL; TRACI,323,ACTIVE,"Park, Traci",needs_research,full name,keep needs_research,full name (out of scope),,
07a83306-6ea2-4e37-a175-7c648417dc7d,d0977350-df68-4cfe-822e-816ba13f9213,Traci Park,Los Angeles City Council District 11,cal_access,1453915,"MAGNER FOR DIRECTOR 2022 PLEASANT VALLEY RECREATION AND PARK DISTRICT, DISTRICT 4 2022","MAGNER FOR DIRECTOR 2022 PLEASANT VALLEY RECREATION AND PARK DISTRICT, DISTRICT 4 2022",805,TERMINATED 12/31/2022,,needs_research,surname only,disputed,"A names another person, or the matched token is a place, a word or a given name","surname-only auto-link: Cal-Access 1453915 ""MAGNER FOR DIRECTOR 2022 PLEASANT VALLEY RECREATION AND PARK DISTRICT, DISTRICT 4 2022"" -- the surname matched the word ""Park"" (a recreation and park district, Magner), not a person; filer area code 805 (Central Coast/Ventura); this row is Traci Park, Los Angeles City Council District 11",
28a95cdf-4ea1-4945-b3a6-1e0665904723,d0977350-df68-4cfe-822e-816ba13f9213,Traci Park,Los Angeles City Council District 11,cal_access,1454457,HAN FOR BUENA PARK CITY COUNCIL 2022; MYOUNG SOO MICHAEL,HAN FOR BUENA PARK CITY COUNCIL 2022; MYOUNG SOO MICHAEL,714,TERMINATED 01/28/2026,,needs_research,surname only,disputed,"A names another person, or the matched token is a place, a word or a given name","surname-only auto-link: Cal-Access 1454457 ""HAN FOR BUENA PARK CITY COUNCIL 2022; MYOUNG SOO MICHAEL"" -- the surname matched the place name ""Buena Park (Orange County)""; the committee is Myoung Soo Michael Han's; filer area code 714 (Orange County); this row is Traci Park, Los Angeles City Council District 11",
c9be7177-fb58-4f7c-8a90-e914684b60ba,d0977350-df68-4cfe-822e-816ba13f9213,Traci Park,Los Angeles City Council District 11,cal_access,1465042,RHEINHEIMER FOR EAST BAY REGIONAL PARK DISTRICT 2024,RHEINHEIMER FOR EAST BAY REGIONAL PARK DISTRICT 2024,510,ACTIVE,,needs_research,surname only,disputed,"A names another person, or the matched token is a place, a word or a given name","surname-only auto-link: Cal-Access 1465042 ""RHEINHEIMER FOR EAST BAY REGIONAL PARK DISTRICT 2024"" -- the surname matched the word ""Park"" (the East Bay Regional Park District, Rheinheimer), not a person; filer area code 510 (East Bay); this row is Traci Park, Los Angeles City Council District 11",
5278c077-e5f6-4c78-9999-dd02b335707d,d0977350-df68-4cfe-822e-816ba13f9213,Traci Park,Los Angeles City Council District 11,cal_access,1471571,SAENZ FOR BALDWIN PARK CITY COUNCIL 2024,SAENZ FOR BALDWIN PARK CITY COUNCIL 2024,562,ACTIVE,,needs_research,surname only,disputed,"A names another person, or the matched token is a place, a word or a given name","surname-only auto-link: Cal-Access 1471571 ""SAENZ FOR BALDWIN PARK CITY COUNCIL 2024"" -- the surname matched the place name ""Baldwin Park""; the committee is Saenz's; filer area code 562 (Long Beach); this row is Traci Park, Los Angeles City Council District 11",
df8530b3-f70f-4866-a886-d78e0bf4a1bc,d0977350-df68-4cfe-822e-816ba13f9213,Traci Park,Los Angeles City Council District 11,cal_access,1474438,STANLEY CONEJO RECREATION AND PARK - DISTRICT 5 2024,STANLEY CONEJO RECREATION AND PARK - DISTRICT 5 2024,818,TERMINATED 12/06/2024,,needs_research,surname only,disputed,"A names another person, or the matched token is a place, a word or a given name","surname-only auto-link: Cal-Access 1474438 ""STANLEY CONEJO RECREATION AND PARK - DISTRICT 5 2024"" -- the surname matched the word ""Park"" (a recreation and park district, Stanley), not a person; filer area code 818 (San Fernando Valley); this row is Traci Park, Los Angeles City Council District 11",
e7bacb12-a970-4332-aa70-ae9fcc1eb5e5,d0977350-df68-4cfe-822e-816ba13f9213,Traci Park,Los Angeles City Council District 11,cal_access,1475012,MC BRIDE FOR VILLA PARK COUNCIL 2024,MC BRIDE FOR VILLA PARK COUNCIL 2024,562,ACTIVE,,needs_research,surname only,disputed,"A names another person, or the matched token is a place, a word or a given name","surname-only auto-link: Cal-Access 1475012 ""MC BRIDE FOR VILLA PARK COUNCIL 2024"" -- the surname matched the place name ""Villa Park (Orange County)""; the committee is McBride's; filer area code 562 (Long Beach); this row is Traci Park, Los Angeles City Council District 11",
cf123825-de68-4952-a7ff-c4f64355768b,d0977350-df68-4cfe-822e-816ba13f9213,Traci Park,Los Angeles City Council District 11,cal_access,1481224,"PARK TO FIX HOMELESSNESS FOR LA CITY COUNCIL DISTRICT 11, 2026; RE-ELECT TRACI","PARK TO FIX HOMELESSNESS FOR LA CITY COUNCIL DISTRICT 11, 2026; RE-ELECT TRACI",213,ACTIVE,,needs_research,full name,keep needs_research,full name (out of scope),,"full-name match, but the committee names another place: LA CITY"
11f63681-4a33-49ec-a46b-36dcd0ea7beb,f7826942-64bb-41bf-9588-407a2bc11e31,Tyron Hampton,"Council Member, Pasadena",cal_access,1355013,"HAMPTON FOR SCHOOL BOARD 2013, FRIENDS OF TYRON","HAMPTON FOR SCHOOL BOARD 2013, FRIENDS OF TYRON",626,TERMINATED 12/20/2013,,needs_research,full name,keep needs_research,full name (out of scope),,
16ce3ddb-512d-41fe-9df1-454db586c3ee,f7826942-64bb-41bf-9588-407a2bc11e31,Tyron Hampton,"Council Member, Pasadena",cal_access,1373811,HAMPTON FOR CITY COUNCIL 2015,HAMPTON FOR CITY COUNCIL 2015,626,TERMINATED 04/24/2019,,needs_research,surname only,keep needs_research,unresolved,,
96478a23-af0e-4e5c-bf23-c1347c43f15b,f7826942-64bb-41bf-9588-407a2bc11e31,Tyron Hampton,"Council Member, Pasadena",cal_access,1418371,HAMPTON FOR CITY COUNCIL 2020,HAMPTON FOR CITY COUNCIL 2024,626,TERMINATED 11/02/2023,,needs_research,surname only,keep needs_research,unresolved,,
9feee163-8a75-443e-b2d5-7c58ac1b9fc9,f7826942-64bb-41bf-9588-407a2bc11e31,Tyron Hampton,"Council Member, Pasadena",cal_access,1421329,KOTT AND COUNCIL MEMEBER DAVID HAMPTON; COMMITTEE AGAINST THE RECALL OF MAYOR RONALD,RIO VISTANS FOR A BRIGHT FUTURE,707,TERMINATED 11/20/2020,,needs_research,surname absent,disputed,"A names another person, or the matched token is a place, a word or a given name","auto-link on a token that is not the row's surname: Cal-Access 1421329 ""RIO VISTANS FOR A BRIGHT FUTURE"" (stored as ""KOTT AND COUNCIL MEMEBER DAVID HAMPTON; COMMITTEE AGAINST THE RECALL OF MAYOR RONALD"") -- the row's surname does not appear in the committee name; the committee is a Rio Vista civic committee's; filer area code 707 (North Bay); this row is Tyron Hampton, Council Member, Pasadena",
5b6720ef-8b63-46a5-8433-8561ee9fc11a,f7826942-64bb-41bf-9588-407a2bc11e31,Tyron Hampton,"Council Member, Pasadena",cal_access,1464923,HAMPTON FOR CITY COUNCIL 2024; TYRON,HAMPTON FOR CITY COUNCIL 2024; TYRON,626,ACTIVE,,needs_research,full name,keep needs_research,full name (out of scope),,
76b9f1a4-b1c2-4029-9f63-b9cecba80dcd,dc7f4747-abc2-4a1a-8d65-c1d4d5b609d2,Valerie Munoz,"Mayor, La Puente",cal_access,1362861,"MUNOZ FOR LA PUENTE CITY COUNCIL 2014, VALERIE","MUNOZ FOR LA PUENTE CITY COUNCIL 2014, VALERIE",626,TERMINATED 09/30/2014,,needs_research,full name,keep needs_research,full name (out of scope),,
9fb63972-452f-47f4-95c1-e824ff28032e,a223d51d-7077-4d9d-98b0-bcfafabbbc71,Vartan Gharpetian,"Councilmember, Glendale",cal_access,1313629,"GHARPETIAN FOR GLENDALE CITY COUNCIL, VARTAN","GHARPETIAN FOR GLENDALE CITY COUNCIL, VARTAN",818,TERMINATED 06/30/2010,,needs_research,full name,keep needs_research,full name (out of scope),,
ad26f8b4-c1b6-4d88-a18b-1253260ae890,a223d51d-7077-4d9d-98b0-bcfafabbbc71,Vartan Gharpetian,"Councilmember, Glendale",cal_access,1327777,GHARPETIAN FOR COUNTY CENTRAL COMMITTEE 43RD AD 2010,GHARPETIAN FOR COUNTY CENTRAL COMMITTEE 43RD AD 2010,818,TERMINATED 06/30/2010,,needs_research,surname only,keep needs_research,unresolved,,
8932605a-869f-4af1-aa17-1b28b9563e5b,a223d51d-7077-4d9d-98b0-bcfafabbbc71,Vartan Gharpetian,"Councilmember, Glendale",cal_access,1363934,"GHARPETIAN FOR GLENDALE CITY COUNCIL 2014, VARTAN","GHARPETIAN FOR GLENDALE CITY COUNCIL 2015, VARTAN",818,ACTIVE,,needs_research,full name,keep needs_research,full name (out of scope),,
c7c4cf58-5746-4f67-a93c-1c342d425b91,a223d51d-7077-4d9d-98b0-bcfafabbbc71,Vartan Gharpetian,"Councilmember, Glendale",cal_access,1423605,"DEVINE, GHARPETIAN AND ASTORIAN FOR CITY COUNCIL 2020; GLENDALE FOR RESPONSIBLE GOVERNMENT, SUPPORTING","DEVINE, GHARPETIAN AND ASTORIAN FOR CITY COUNCIL 2020; GLENDALE FOR RESPONSIBLE GOVERNMENT, SUPPORTING",213,TERMINATED 12/11/2020,,needs_research,surname only,keep needs_research,unresolved,,
f8917570-0491-45e8-b180-b181e2c20ce5,a223d51d-7077-4d9d-98b0-bcfafabbbc71,Vartan Gharpetian,"Councilmember, Glendale",cal_access,1465250,GHARPETIAN FOR GLENDALE CITY COUNCIL 2024; VARTAN,GHARPETIAN FOR GLENDALE CITY COUNCIL 2024; VARTAN,818,ACTIVE,,needs_research,full name,keep needs_research,full name (out of scope),,
c4559518-3751-4da2-96ef-16db016ec772,058007b1-7493-4a2f-a37a-93174fea961e,Velveth Schmitz,"Council Member, Rolling Hills Estates",cal_access,1023190,SCHMITZ FOR STATE SENATE,SCHMITZ FOR STATE SENATE,714,TERMINATED 12/01/1990,,needs_research,surname only,keep needs_research,unresolved,,
db0d515f-3d0b-4af7-9437-9e7c5b6a500e,058007b1-7493-4a2f-a37a-93174fea961e,Velveth Schmitz,"Council Member, Rolling Hills Estates",cal_access,1379468,SCHMITZ TO CITY COUNCIL 2015; COMMITTEE TO ELECT VELVETH,SCHMITZ TO CITY COUNCIL 2015; COMMITTEE TO ELECT VELVETH,310,TERMINATED 01/08/2016,,needs_research,full name,keep needs_research,full name (out of scope),,
7bc72426-19d3-4ab7-b58d-53ec98b4b73c,058007b1-7493-4a2f-a37a-93174fea961e,Velveth Schmitz,"Council Member, Rolling Hills Estates",cal_access,1411352,SCHMITZ THOUSAND OAKS COUNCIL 2018; COMMITTEE TO ELECT,SCHMITZ THOUSAND OAKS COUNCIL 2018; COMMITTEE TO ELECT,818,TERMINATED 01/31/2019,,needs_research,surname only,disputed,"B another named place or district, or an opposing / ballot / recall committee","surname-only auto-link: Cal-Access 1411352 ""SCHMITZ THOUSAND OAKS COUNCIL 2018; COMMITTEE TO ELECT"" -- a campaign for the Thousand Oaks City Council in Thousand Oaks (Ventura County), not for the row's seat; filer area code 818 (San Fernando Valley); this row is Velveth Schmitz, Council Member, Rolling Hills Estates",
dde1a0fd-cb3c-45d8-bf5b-034f961c6c18,99ed7665-9220-454a-9a1d-73f74fe7bf4f,Victor Farfan,"Council Member, Hawaiian Gardens",cal_access,1328481,FARFAN FOR CITY COUNCIL 2011,FARFAN FOR CITY COUNCIL 2015,562,TERMINATED 12/31/2015,,needs_research,surname only,keep needs_research,unresolved,,
372c9261-d5dd-487a-844d-d4ab80d1eb05,99ed7665-9220-454a-9a1d-73f74fe7bf4f,Victor Farfan,"Council Member, Hawaiian Gardens",cal_access,1427192,FARFAN FOR CITY COUNCIL 2020,FARFAN FOR CITY COUNCIL 2020,562,TERMINATED 05/03/2021,,needs_research,surname only,keep needs_research,unresolved,,
cb664a4c-035f-46f9-855d-de682c2b54a9,99ed7665-9220-454a-9a1d-73f74fe7bf4f,Victor Farfan,"Council Member, Hawaiian Gardens",cal_access,1462606,FARFAN FOR CITY COUNCIL 2024,FARFAN FOR CITY COUNCIL 2024,562,ACTIVE,,needs_research,surname only,keep needs_research,unresolved,,
6ee981bc-c35e-4a46-8352-4f558fcda985,2ce5f5a8-21f3-4a82-8df1-b7a5980e5a01,Victor Linares,"Council Member, Covina",cal_access,1392476,LINARES FOR CITY COUNCIL 2017; VICTOR,LINARES FOR CITY COUNCIL 2017; VICTOR,626,TERMINATED 12/31/2021,,needs_research,full name,keep needs_research,full name (out of scope),,"full-name match, but the committee names another place: VICTOR"
61f1b1d8-9f03-44b7-9d75-026eba587cb6,2ce5f5a8-21f3-4a82-8df1-b7a5980e5a01,Victor Linares,"Council Member, Covina",cal_access,1428691,LINARES FOR CITY COUNCIL 2020,LINARES FOR CITY COUNCIL 2020,707,TERMINATED 12/31/2020,,needs_research,surname only,keep needs_research,unresolved,,
b225d432-26a0-4b61-8d69-b2e106f590c4,2ce5f5a8-21f3-4a82-8df1-b7a5980e5a01,Victor Linares,"Council Member, Covina",cal_access,1484082,LINARES FOR CITY COUNCIL 2026; VICTOR,LINARES FOR CITY COUNCIL 2026; VICTOR,626,ACTIVE,,needs_research,full name,keep needs_research,full name (out of scope),,"full-name match, but the committee names another place: VICTOR"
13b73e54-8300-4ae7-93d7-29804af0c373,447ef220-cb9e-4ade-aba8-9dea87ed9931,Victor M. Gordo,"Mayor, Pasadena",cal_access,1461537,GORDO FOR MAYOR 2024; VICTOR,GORDO FOR MAYOR 2024; VICTOR,626,ACTIVE,,needs_research,full name,keep needs_research,full name (out of scope),,"full-name match, but the committee names another place: VICTOR"
53bf1279-9625-4746-91fd-027f18f7013b,56cecf7c-6de0-440f-b8e2-34945ec52333,Victor Preciado,"Council Member, Pomona",cal_access,1302354,PRECIADO FOR COUNTY BOARD OF EDUCATION,PRECIADO FOR COUNTY BOARD OF EDUCATION,760,TERMINATED 07/21/2008,,needs_research,surname only,disputed,C the filer evidence places it elsewhere (area code or shared filer phone),"surname-only auto-link: Cal-Access 1302354 ""PRECIADO FOR COUNTY BOARD OF EDUCATION"" -- a campaign for a county board of education; filer area code 760 (Inland/north San Diego County) is outside the Los Angeles region and nothing ties it to the row; this row is Victor Preciado, Council Member, Pomona",
45cff747-aaf6-4258-801f-7fcf7e4f1a84,56cecf7c-6de0-440f-b8e2-34945ec52333,Victor Preciado,"Council Member, Pomona",cal_access,1389823,PRECIADO FOR SOUTH BAY IRRIGATION 2016,PRECIADO FOR SOUTH BAY IRRIGATION 2016,619,TERMINATED 12/31/2017,,needs_research,surname only,disputed,"B another named place or district, or an opposing / ballot / recall committee","surname-only auto-link: Cal-Access 1389823 ""PRECIADO FOR SOUTH BAY IRRIGATION 2016"" -- a campaign for the South Bay Irrigation District board in San Diego County, not for the row's seat; filer area code 619 (San Diego); this row is Victor Preciado, Council Member, Pomona",
2f4b312f-29cf-4bc7-9b5b-01cea46ed1f0,56cecf7c-6de0-440f-b8e2-34945ec52333,Victor Preciado,"Council Member, Pomona",cal_access,1403059,PRECIADO POMONA CITY COUNCIL DISTRICT 2 2018; VICTOR,PRECIADO FOR CITY COUNCIL 2026; VICTOR,909,ACTIVE,,needs_research,full name,keep needs_research,full name (out of scope),,"full-name match, but the committee names another place: VICTOR"
db34e11b-babe-4cda-9ec6-aaf39fb6c44f,56cecf7c-6de0-440f-b8e2-34945ec52333,Victor Preciado,"Council Member, Pomona",cal_access,1413710,PRECIADO FOR POMONA CITY COUNCIL 2018; CALIFORNIA TAXPAYERS FOR ACCOUNTABILITY TO SUPPORT VICTOR,PRECIADO FOR POMONA CITY COUNCIL 2018; CALIFORNIA TAXPAYERS FOR ACCOUNTABILITY TO SUPPORT VICTOR,916,ACTIVE,,needs_research,full name,keep needs_research,full name (out of scope),,
20c1b0d8-0710-4410-bdeb-1f5ca63339cc,56cecf7c-6de0-440f-b8e2-34945ec52333,Victor Preciado,"Council Member, Pomona",cal_access,1431711,PRECIADO FOR SCHOOL BOARD 2020,PRECIADO FOR SCHOOL BOARD 2020,619,TERMINATED 12/31/2020,,needs_research,surname only,disputed,C the filer evidence places it elsewhere (area code or shared filer phone),"surname-only auto-link: Cal-Access 1431711 ""PRECIADO FOR SCHOOL BOARD 2020"" -- a campaign for a school board; filer area code 619 (San Diego) is outside the Los Angeles region and nothing ties it to the row; this row is Victor Preciado, Council Member, Pomona",
41bc1b4f-85ea-412f-bc88-4f2313b15a76,56cecf7c-6de0-440f-b8e2-34945ec52333,Victor Preciado,"Council Member, Pomona",cal_access,1440249,PRECIADO FOR CITY COUNCIL 2022,PRECIADO FOR CITY COUNCIL 2026,213,ACTIVE,,needs_research,surname only,keep needs_research,unresolved,,
fab94633-90ac-4cc4-b681-6e3d2f8c72e0,bc8c4739-bde4-45aa-83c8-76d7aa4568aa,Vikesh P. Patel,"Council Member, La Palma",cal_access,1327614,PATEL FOR SCHOOL BOARD 2010,PATEL FOR SCHOOL BOARD 2010,818,TERMINATED 12/31/2010,,needs_research,surname only,keep needs_research,unresolved,,
6ca8a750-4207-436e-a7dd-cdee54819075,bc8c4739-bde4-45aa-83c8-76d7aa4568aa,Vikesh P. Patel,"Council Member, La Palma",cal_access,1370605,PATEL FOR SCHOOL BOARD IN 2015; A,PATEL FOR SCHOOL BOARD IN 2015; A,818,TERMINATED 07/01/2015,"Patel, Ankur",needs_research,surname only,disputed,"A names another person, or the matched token is a place, a word or a given name","surname-only auto-link: Cal-Access 1370605 ""PATEL FOR SCHOOL BOARD IN 2015; A"" -- LA City Ethics names its candidate as Ankur Patel (LAUSD Board Member - District 3), a different person; filer area code 818 (San Fernando Valley); this row is Vikesh P. Patel, Council Member, La Palma",
93d2aaa9-4679-42ba-91cd-2170131a50bc,bc8c4739-bde4-45aa-83c8-76d7aa4568aa,Vikesh P. Patel,"Council Member, La Palma",cal_access,1378623,PATEL FOR SRUSD TRUSTEE 2015; VOTE 4 NEIL,PATEL FOR SRUSD TRUSTEE 2015; VOTE 4 NEIL,831,TERMINATED 02/02/2016,,needs_research,surname only,disputed,"A names another person, or the matched token is a place, a word or a given name","surname-only auto-link: Cal-Access 1378623 ""PATEL FOR SRUSD TRUSTEE 2015; VOTE 4 NEIL"" -- names a different person (Neil Patel, SRUSD trustee); filer area code 831 (Monterey/Santa Cruz); this row is Vikesh P. Patel, Council Member, La Palma",
c3c56c13-e50c-48d4-b5a9-47845895908d,bc8c4739-bde4-45aa-83c8-76d7aa4568aa,Vikesh P. Patel,"Council Member, La Palma",cal_access,1427440,PATEL FOR SCHOOL BOARD 2020,PATEL FOR SCHOOL BOARD 2020,858,TERMINATED 01/01/2021,,needs_research,surname only,disputed,C the filer evidence places it elsewhere (area code or shared filer phone),"surname-only auto-link: Cal-Access 1427440 ""PATEL FOR SCHOOL BOARD 2020"" -- a campaign for a school board; filer area code 858 (San Diego) is outside the Los Angeles region and nothing ties it to the row; this row is Vikesh P. Patel, Council Member, La Palma",
936cb12d-5e9a-42a1-abf5-f788810ba79a,bc8c4739-bde4-45aa-83c8-76d7aa4568aa,Vikesh P. Patel,"Council Member, La Palma",cal_access,1457655,PATEL FOR ASSEMBLY 2024,PATEL FOR ASSEMBLY 2024,916,TERMINATED 02/21/2025,,needs_research,surname only,keep needs_research,unresolved,,
a43cbe9d-686e-4110-b166-8536bdf479fb,bc8c4739-bde4-45aa-83c8-76d7aa4568aa,Vikesh P. Patel,"Council Member, La Palma",cal_access,1476500,PATEL FOR CUSD BOARD 2024,PATEL FOR CUSD BOARD 2024,831,TERMINATED 12/10/2024,,needs_research,surname only,disputed,C the filer evidence places it elsewhere (area code or shared filer phone),"surname-only auto-link: Cal-Access 1476500 ""PATEL FOR CUSD BOARD 2024"" -- a campaign for the CUSD (a unified school district) board; filer area code 831 (Monterey/Santa Cruz) is outside the Los Angeles region and nothing ties it to the row; this row is Vikesh P. Patel, Council Member, La Palma",
93794d5b-0610-4611-b958-9a1925b9547c,bc8c4739-bde4-45aa-83c8-76d7aa4568aa,Vikesh P. Patel,"Council Member, La Palma",cal_access,1476942,PATEL FOR ASSEMBLY 2026,PATEL FOR ASSEMBLY 2026,916,ACTIVE,,needs_research,surname only,keep needs_research,unresolved,,
1c250596-d195-4c18-8b4f-33702b74b5fc,bc8c4739-bde4-45aa-83c8-76d7aa4568aa,Vikesh P. Patel,"Council Member, La Palma",cal_access,1477857,PATEL FOR STATE SUPERINTENDANT OF PUBLIC INSTRUCTION 2026,PATEL FOR STATE SUPERINTENDANT OF PUBLIC INSTRUCTION 2026,818,TERMINATED 12/18/2025,,needs_research,surname only,disputed,C the filer evidence places it elsewhere (area code or shared filer phone),"surname-only auto-link: Cal-Access 1477857 ""PATEL FOR STATE SUPERINTENDANT OF PUBLIC INSTRUCTION 2026"" -- it shares a personal filer phone (filer area code 818 (San Fernando Valley)) with Cal-Access 1370605 ""PATEL FOR SCHOOL BOARD IN 2015; A"", which this file disputes as another person's or another place's; this row is Vikesh P. Patel, Council Member, La Palma",
46a1adef-4fbb-4b02-b8e5-022af7e29ea5,bc8c4739-bde4-45aa-83c8-76d7aa4568aa,Vikesh P. Patel,"Council Member, La Palma",la_socrata,1370605,A Patel for School Board in 2015,,,,"Patel, Ankur",needs_research,surname only,disputed,"A names another person, or the matched token is a place, a word or a given name","surname-only auto-link: LA City Ethics committee 1370605 ""A Patel for School Board in 2015"" -- LA City Ethics names its candidate as Ankur Patel (LAUSD Board Member - District 3), a different person; this row is Vikesh P. Patel, Council Member, La Palma",
538fe1ff-eb6a-4948-bb2a-4accf998bd69,4c9d644a-d849-41c0-bd44-171d0d1c7b41,Vilma Cuellar Stallings,"Council Member, Paramount",cal_access,1422475,STALLINGS FOR PARAMOUNT CITY COUNCIL 2020; COMMITTEE TO ELECT VILMA CUELLAR,STALLINGS FOR PARAMOUNT CITY COUNCIL 2020; COMMITTEE TO ELECT VILMA CUELLAR,562,TERMINATED 04/25/2020,,needs_research,full name,keep needs_research,full name (out of scope),,
1d9ad6ed-67d8-4af0-8f9c-78843afe0666,4c9d644a-d849-41c0-bd44-171d0d1c7b41,Vilma Cuellar Stallings,"Council Member, Paramount",cal_access,1462991,STALLINGS FOR PARAMOUNT CITY COUNCIL 2024; COMMITTEE TO ELECT VILMA CUELLAR,STALLINGS FOR PARAMOUNT CITY COUNCIL 2024; COMMITTEE TO ELECT VILMA CUELLAR,562,ACTIVE,,needs_research,full name,keep needs_research,full name (out of scope),,
5dabc701-04a5-470e-8b0c-4ee7eec511cc,4bc0840f-a922-4d10-88ee-ef0f6c883af5,Vincent Yu,"Council Member, Temple City",cal_access,1314978,"YU, FRIENDS OF VINCENT","YU, FRIENDS OF VINCENT",626,TERMINATED 06/30/2009,,needs_research,full name,keep needs_research,full name (out of scope),,
018ef858-bb66-46d4-9176-cf26b01efd9b,4bc0840f-a922-4d10-88ee-ef0f6c883af5,Vincent Yu,"Council Member, Temple City",cal_access,1350572,YU FOR SCHOOL BOARD 2012,YU FOR SCHOOL BOARD 2018,626,TERMINATED 12/11/2017,,needs_research,surname only,disputed,C the filer evidence places it elsewhere (area code or shared filer phone),"surname-only auto-link: Cal-Access 1350572 ""YU FOR SCHOOL BOARD 2018"" (stored as ""YU FOR SCHOOL BOARD 2012"") -- it shares a personal filer phone (filer area code 626 (San Gabriel Valley)) with Cal-Access 1470990 ""YU FOR IRVINE SCHOOL BOARD 2024"", which this file disputes as another person's or another place's; this row is Vincent Yu, Council Member, Temple City",
d21e76c9-5916-4f45-b600-7cccc5dd410f,4bc0840f-a922-4d10-88ee-ef0f6c883af5,Vincent Yu,"Council Member, Temple City",cal_access,1429743,YU FOR SADDLEBACK VALLEY USD 2020,YU FOR SADDLEBACK VALLEY USD 2020,949,TERMINATED 12/12/2020,,needs_research,surname only,disputed,"B another named place or district, or an opposing / ballot / recall committee","surname-only auto-link: Cal-Access 1429743 ""YU FOR SADDLEBACK VALLEY USD 2020"" -- a campaign for the Saddleback Valley Unified school board in Orange County, not for the row's seat; filer area code 949 (Orange County); this row is Vincent Yu, Council Member, Temple City",
254f676c-7376-40be-ae87-d374b694b712,4bc0840f-a922-4d10-88ee-ef0f6c883af5,Vincent Yu,"Council Member, Temple City",cal_access,1429844,YU FOR IRVIND FOR SCHOOL BOARD 2020,YU FOR IRVIND FOR SCHOOL BOARD 2020,626,TERMINATED 12/31/2020,,needs_research,surname only,disputed,"B another named place or district, or an opposing / ballot / recall committee","surname-only auto-link: Cal-Access 1429844 ""YU FOR IRVIND FOR SCHOOL BOARD 2020"" -- a campaign for the Irvine school board (spelled ""IRVIND"") in Irvine (Orange County), not for the row's seat; filer area code 626 (San Gabriel Valley); this row is Vincent Yu, Council Member, Temple City",
4d1145f9-a444-4202-b5d5-0079226e98a5,4bc0840f-a922-4d10-88ee-ef0f6c883af5,Vincent Yu,"Council Member, Temple City",cal_access,1449734,YU FOR LAKE FOREST CITY COUNCIL 2022,YU FOR LAKE FOREST CITY COUNCIL 2022,415,TERMINATED 02/23/2024,,needs_research,surname only,disputed,"B another named place or district, or an opposing / ballot / recall committee","surname-only auto-link: Cal-Access 1449734 ""YU FOR LAKE FOREST CITY COUNCIL 2022"" -- a campaign for the Lake Forest City Council in Lake Forest (Orange County), not for the row's seat; filer area code 415 (San Francisco); this row is Vincent Yu, Council Member, Temple City",
72d37e32-2fda-4599-9514-970d897f62f2,4bc0840f-a922-4d10-88ee-ef0f6c883af5,Vincent Yu,"Council Member, Temple City",cal_access,1470990,YU FOR  IRVINE SCHOOL BOARD 2024,YU FOR IRVINE SCHOOL BOARD 2024,626,TERMINATED 09/23/2024,,needs_research,surname only,disputed,"B another named place or district, or an opposing / ballot / recall committee","surname-only auto-link: Cal-Access 1470990 ""YU FOR IRVINE SCHOOL BOARD 2024"" (stored as ""YU FOR  IRVINE SCHOOL BOARD 2024"") -- a campaign for the Irvine school board in Irvine (Orange County), not for the row's seat; filer area code 626 (San Gabriel Valley); this row is Vincent Yu, Council Member, Temple City",
56090b11-b731-4949-817f-aee1ddc6e69c,4bc0840f-a922-4d10-88ee-ef0f6c883af5,Vincent Yu,"Council Member, Temple City",cal_access,1480434,YU FOR LAKE FOREST CITY COUNCIL 2026,YU FOR LAKE FOREST CITY COUNCIL 2026,415,ACTIVE,,needs_research,surname only,disputed,"B another named place or district, or an opposing / ballot / recall committee","surname-only auto-link: Cal-Access 1480434 ""YU FOR LAKE FOREST CITY COUNCIL 2026"" -- a campaign for the Lake Forest City Council in Lake Forest (Orange County), not for the row's seat; filer area code 415 (San Francisco); this row is Vincent Yu, Council Member, Temple City",
52f42b04-cfbf-41e4-92f2-6e4985e9f9bf,661de009-8046-4beb-ba70-420a862e78e8,Vivian Malauulu,"candidate, Long Beach City Council District 7",cal_access,1479357,MALAUULU FOR CITY COUNCIL 2026; VIVIAN,MALAUULU FOR CITY COUNCIL 2026; VIVIAN,562,ACTIVE,,needs_research,full name,keep needs_research,full name (out of scope),,
17b4c327-d320-493a-a21a-986c74ce5a8a,661de009-8046-4beb-ba70-420a862e78e8,Vivian Malauulu,"candidate, Long Beach City Council District 7",cal_access,1485010,MALAUULU FOR LONG BEACH CITY COUNCIL 2026; FRIENDS OF VIVIAN,MALAUULU FOR LONG BEACH CITY COUNCIL 2026; FRIENDS OF VIVIAN,213,TERMINATED 06/30/2026,,needs_research,full name,keep needs_research,full name (out of scope),,
8f7143fc-8726-496b-8a53-f9114de9c6f9,18dbc5bc-999e-4e75-b602-80c0ca8202ee,Viviana Longoria,"Council Member (District 4), El Monte",cal_access,1410847,LONGORIA CITY TREASURER 2018,LONGORIA CITY TREASURER 2018,213,TERMINATED 06/30/2024,,needs_research,surname only,keep needs_research,unresolved,,
d02d999c-82ec-420b-be83-0eea1e59db04,18dbc5bc-999e-4e75-b602-80c0ca8202ee,Viviana Longoria,"Council Member (District 4), El Monte",cal_access,1452268,LONGORIA EL MONTE CITY TREASURER 2022,LONGORIA EL MONTE CITY TREASURER 2022,213,TERMINATED 08/01/2024,,needs_research,surname only,keep needs_research,unresolved,,
89939bde-0521-41e3-ae4f-06ed73626a39,18dbc5bc-999e-4e75-b602-80c0ca8202ee,Viviana Longoria,"Council Member (District 4), El Monte",cal_access,1470683,LONGORIA FOR CITY COUNCIL 2028,LONGORIA FOR CITY COUNCIL 2028,213,TERMINATED 06/30/2026,,needs_research,surname only,keep needs_research,unresolved,,
65f7109a-15ac-4944-b171-b12afc6a320f,18dbc5bc-999e-4e75-b602-80c0ca8202ee,Viviana Longoria,"Council Member (District 4), El Monte",cal_access,1489225,LONGORIA 4 WHITTIER CITY COUNCIL 2026,LONGORIA 4 WHITTIER CITY COUNCIL 2026,562,ACTIVE,,needs_research,surname only,disputed,"B another named place or district, or an opposing / ballot / recall committee","surname-only auto-link: Cal-Access 1489225 ""LONGORIA 4 WHITTIER CITY COUNCIL 2026"" -- a campaign for the Whittier City Council in Whittier, not for the row's seat; filer area code 562 (Long Beach); this row is Viviana Longoria, Council Member (District 4), El Monte",
3140a613-074b-4087-b2d7-053f715169b8,ce9b3f73-5996-44e1-8125-d1895152317b,Wade Crowfoot,Secretary for Natural Resources,cal_access,1220579,"CROWFOOT, COMMITTEE TO ELECT WADE","CROWFOOT, COMMITTEE TO ELECT WADE",415,TERMINATED 12/31/2002,,needs_research,full name,keep needs_research,full name (out of scope),,
9a7b88fd-245b-48aa-a578-723bfc60cbfb,d18dcb81-ad41-468f-9b12-a70ed21fd3a7,Wendi Morse,"Council Member (District 1), Bellflower",cal_access,1422268,MORSE FOR COUNCIL 2020,MORSE FOR COUNCIL 2020,714,TERMINATED 06/30/2020,,needs_research,surname only,keep needs_research,unresolved,,
b4de4843-3a39-471b-9346-c9eb7ef5716f,d18dcb81-ad41-468f-9b12-a70ed21fd3a7,Wendi Morse,"Council Member (District 1), Bellflower",cal_access,1465931,MORSE FOR ASSEMBLY 2024,MORSE FOR ASSEMBLY 2024,760,TERMINATED 06/30/2024,,needs_research,surname only,disputed,C the filer evidence places it elsewhere (area code or shared filer phone),"surname-only auto-link: Cal-Access 1465931 ""MORSE FOR ASSEMBLY 2024"" -- a campaign for the State Assembly; filer area code 760 (Inland/north San Diego County) is outside the Los Angeles region and nothing ties it to the row; this row is Wendi Morse, Council Member (District 1), Bellflower",
84f33e24-c6e5-483f-b1e6-7f3fc36210d0,d18dcb81-ad41-468f-9b12-a70ed21fd3a7,Wendi Morse,"Council Member (District 1), Bellflower",cal_access,1469986,MORSE FOR COUNCIL 2024; WENDI,MORSE FOR COUNCIL 2024; WENDI,562,ACTIVE,,needs_research,full name,keep needs_research,full name (out of scope),,
a06dc055-a71e-411b-8233-9f81ff7d348e,2c036cbd-691d-4e4e-adf4-5e0718e17439,Wendy Lau,"Council Member (District 5), La Verne",cal_access,1293211,YES 4 LAU,YES 4 LAU,818,TERMINATED 12/31/2008,,needs_research,surname only,keep needs_research,unresolved,,
911ff37e-236d-4deb-b6c3-1db99b60165b,2c036cbd-691d-4e4e-adf4-5e0718e17439,Wendy Lau,"Council Member (District 5), La Verne",cal_access,1423538,LAU TO CITY COUNCIL 2020; COMMITTEE TO ELECT WENDY,LAU TO CITY COUNCIL 2020; COMMITTEE TO ELECT WENDY,626,ACTIVE,,needs_research,full name,keep needs_research,full name (out of scope),,
929e0d3a-c872-4c05-98e1-1c5504cd068d,a6ed5abd-297e-489d-b6d6-ebea5771b172,Wh Lane,,cal_access,1227619,BOB LANE,"LANE, BOB",415,ACTIVE,,needs_research,surname only,disputed,"A names another person, or the matched token is a place, a word or a given name","surname-only auto-link: Cal-Access 1227619 ""LANE, BOB"" (stored as ""BOB LANE"") -- names a different person (Bob Lane); filer area code 415 (San Francisco); this row is Wh Lane (active; no seat or race recorded)",
af9abf88-6e4e-47e5-b143-fb2060ce2c41,a6ed5abd-297e-489d-b6d6-ebea5771b172,Wh Lane,,cal_access,1265463,"LANE, CITIZENS OF SHERRI","LANE FOR COUNCIL 2009, CITIZENS OF SHERRI",818,TERMINATED 11/01/2014,,needs_research,surname only,keep needs_research,unresolved,,
00b384ca-b5b9-4e97-acc5-2e0082b186ef,a6ed5abd-297e-489d-b6d6-ebea5771b172,Wh Lane,,cal_access,1280042,LANE FOR COUNCIL,LANE FOR COUNCIL,951,TERMINATED 06/30/2007,,needs_research,surname only,keep needs_research,unresolved,,
fc9915a6-c01f-4e85-80f4-109b89c491bb,a6ed5abd-297e-489d-b6d6-ebea5771b172,Wh Lane,,cal_access,1306301,LANE FOR COUNCIL,LANE FOR COUNCIL,951,TERMINATED 12/31/2014,,needs_research,surname only,keep needs_research,unresolved,,
d9ef2df4-d494-404f-a841-c543b1cf2b19,a6ed5abd-297e-489d-b6d6-ebea5771b172,Wh Lane,,cal_access,1349600,LANE FOR AVEK WATER BOARD 2012,LANE FOR AVEK WATER BOARD 2012,661,TERMINATED 08/22/2012,,needs_research,surname only,keep needs_research,unresolved,,
dde25144-a1b4-4b8a-9ced-63974c57abb3,a6ed5abd-297e-489d-b6d6-ebea5771b172,Wh Lane,,cal_access,1375359,LANE FOR SUPERVISOR 2016,LANE FOR SUPERVISOR 2016,951,TERMINATED 11/15/2016,,needs_research,surname only,keep needs_research,unresolved,,
3d44feb6-839e-4e9c-9489-f6ad010c9704,a6ed5abd-297e-489d-b6d6-ebea5771b172,Wh Lane,,cal_access,1387015,LANE FOR AVEK WATER BOARD 2016,LANE FOR AVEK WATER BOARD 2016,661,TERMINATED 12/31/2016,,needs_research,surname only,keep needs_research,unresolved,,
c2eccb1c-fe23-4cf6-bc00-8a3f2248a90b,a6ed5abd-297e-489d-b6d6-ebea5771b172,Wh Lane,,cal_access,1389031,LANE FOR COUNCIL 2020,LANE FOR COUNCIL 2020,951,TERMINATED 09/24/2019,,needs_research,surname only,keep needs_research,unresolved,,
3aed19d3-f1b1-4dcf-9b41-567b76bee3ae,a6ed5abd-297e-489d-b6d6-ebea5771b172,Wh Lane,,cal_access,1416171,LANE FOR SUPERVISOR 2020,LANE FOR SUPERVISOR 2020,951,TERMINATED 12/30/2019,,needs_research,surname only,keep needs_research,unresolved,,
3208867b-8835-43a1-8234-c1b1e4959bc3,a6ed5abd-297e-489d-b6d6-ebea5771b172,Wh Lane,,cal_access,1426778,LANE FOR AVEK WATER BOARD 2020,LANE FOR AVEK WATER BOARD 2020,661,TERMINATED 08/13/2021,,needs_research,surname only,keep needs_research,unresolved,,
1d26c2b0-cf33-44a2-88e6-9790e3d20973,0be41eea-1e14-4f67-87a9-752b573c252c,William Scott,,cal_access,1040166,"PLOTKIN, FRIENDS AND NEIGHBORS OF SCOTT P.","PLOTKIN, FRIENDS AND NEIGHBORS OF SCOTT P.",916,TERMINATED 08/12/2002,,needs_research,surname only,disputed,"A names another person, or the matched token is a place, a word or a given name","surname-only auto-link: Cal-Access 1040166 ""PLOTKIN, FRIENDS AND NEIGHBORS OF SCOTT P."" -- ""Scott"" is a given name here; the committee is Scott P. Plotkin's; filer area code 916 (Sacramento); this row is William Scott (active; no seat or race recorded)",
e48e93b0-1ca3-4a2d-9b7f-0e285d3569b8,0be41eea-1e14-4f67-87a9-752b573c252c,William Scott,,cal_access,1050568,"SCOTT, CITIZENS FOR","SCOTT, CITIZENS FOR",510,TERMINATED 12/01/1990,,needs_research,surname only,keep needs_research,unresolved,,
b1eb271a-00d2-43cd-b5b5-ff543b43ab54,0be41eea-1e14-4f67-87a9-752b573c252c,William Scott,,cal_access,1076123,"PETERS, SAN DIEGANS FOR SCOTT","PETERS, SAN DIEGANS FOR SCOTT",760,TERMINATED 11/12/2002,,needs_research,surname only,disputed,"A names another person, or the matched token is a place, a word or a given name","surname-only auto-link: Cal-Access 1076123 ""PETERS, SAN DIEGANS FOR SCOTT"" -- ""Scott"" is a given name here; the committee is Scott Peters's; filer area code 760 (Inland/north San Diego County); this row is William Scott (active; no seat or race recorded)",
e2333d34-e50d-4d87-a183-714ef00026aa,0be41eea-1e14-4f67-87a9-752b573c252c,William Scott,,cal_access,1225079,"GRUENDL, CITIZENS FOR SCOTT","GRUENDL, CITIZENS FOR SCOTT",530,TERMINATED 06/30/2003,,needs_research,surname only,disputed,"A names another person, or the matched token is a place, a word or a given name","surname-only auto-link: Cal-Access 1225079 ""GRUENDL, CITIZENS FOR SCOTT"" -- ""Scott"" is a given name here; the committee is Scott Gruendl's; filer area code 530 (far northern California); this row is William Scott (active; no seat or race recorded)",
42143778-f164-4645-8017-e0d37d4b2121,0be41eea-1e14-4f67-87a9-752b573c252c,William Scott,,cal_access,1252580,"PETERS 2004, SAN DIEGANS FOR SCOTT","PETERS 2004, SAN DIEGANS FOR SCOTT",760,TERMINATED 02/06/2006,,needs_research,surname only,disputed,"A names another person, or the matched token is a place, a word or a given name","surname-only auto-link: Cal-Access 1252580 ""PETERS 2004, SAN DIEGANS FOR SCOTT"" -- ""Scott"" is a given name here; the committee is Scott Peters's; filer area code 760 (Inland/north San Diego County); this row is William Scott (active; no seat or race recorded)",
bd2eb0d9-e821-409a-ab6f-f3fbdd76199d,0be41eea-1e14-4f67-87a9-752b573c252c,William Scott,,cal_access,1255638,"PETERS, COMMITTEE TO RECALL SCOTT","PETERS, COMMITTEE TO RECALL SCOTT",858,TERMINATED 12/12/2012,,needs_research,surname only,disputed,"A names another person, or the matched token is a place, a word or a given name","surname-only auto-link: Cal-Access 1255638 ""PETERS, COMMITTEE TO RECALL SCOTT"" -- ""Scott"" is a given name here; the committee is Scott Peters (a recall committee)'s; filer area code 858 (San Diego); this row is William Scott (active; no seat or race recorded)",
68d57850-3d95-4f23-b13d-dd96d195f4ff,0be41eea-1e14-4f67-87a9-752b573c252c,William Scott,,cal_access,1256428,"PETERS, TAXPAYERS AGAINST RECALL ABUSE (TARA), A COMMITTEE OPPOSING THE RECALL OF SCOTT","PETERS, TAXPAYERS AGAINST RECALL ABUSE (TARA), A COMMITTEE OPPOSING THE RECALL OF SCOTT",760,TERMINATED 07/13/2004,,needs_research,surname only,disputed,"A names another person, or the matched token is a place, a word or a given name","surname-only auto-link: Cal-Access 1256428 ""PETERS, TAXPAYERS AGAINST RECALL ABUSE (TARA), A COMMITTEE OPPOSING THE RECALL OF SCOTT"" -- ""Scott"" is a given name here; the committee is Scott Peters (a committee opposing his recall)'s; filer area code 760 (Inland/north San Diego County); this row is William Scott (active; no seat or race recorded)",
29455632-5159-46b2-b483-01b8a51aa7bb,0be41eea-1e14-4f67-87a9-752b573c252c,William Scott,,cal_access,1313892,"SCOTT FOR ANTELOPE VALLEY COMMUNITY COLLEGE BOARD OF TRUSTEES, COMMITTEE FOR ORLANDO ""PAUL""","SCOTT FOR ANTELOPE VALLEY COMMUNITY COLLEGE BOARD OF TRUSTEES, COMMITTEE FOR ORLANDO ""PAUL""",661,TERMINATED 01/19/2010,,needs_research,surname only,disputed,"A names another person, or the matched token is a place, a word or a given name","surname-only auto-link: Cal-Access 1313892 ""SCOTT FOR ANTELOPE VALLEY COMMUNITY COLLEGE BOARD OF TRUSTEES, COMMITTEE FOR ORLANDO ""PAUL"""" -- names a different person (Orlando ""Paul"" Scott); filer area code 661 (Kern County/Antelope Valley); this row is William Scott (active; no seat or race recorded)",
a3bd86de-ec52-4a69-bcde-53218294901f,0be41eea-1e14-4f67-87a9-752b573c252c,William Scott,,cal_access,1320655,"SCOTT FOR NOVATO SANITARY BOARD 2009, FRIENDS OF BILL","SCOTT FOR NOVATO SANITARY BOARD 2009, FRIENDS OF BILL",415,TERMINATED 06/30/2010,,needs_research,full name,keep needs_research,full name (out of scope),,"full-name match, but the committee names another place: NOVATO"
fa8253fa-b288-46cf-9ca9-b0d9d8e1e715,0be41eea-1e14-4f67-87a9-752b573c252c,William Scott,,cal_access,1327522,"SVONKIN, COMMITTEE TO RECALL SGUSD BOARD MEMBER SCOTT","SVONKIN, COMMITTEE TO RECALL SGUSD BOARD MEMBER SCOTT",626,TERMINATED 12/31/2010,,needs_research,surname only,disputed,"A names another person, or the matched token is a place, a word or a given name","surname-only auto-link: Cal-Access 1327522 ""SVONKIN, COMMITTEE TO RECALL SGUSD BOARD MEMBER SCOTT"" -- ""Scott"" is a given name here; the committee is Scott Svonkin (a recall committee)'s; filer area code 626 (San Gabriel Valley); this row is William Scott (active; no seat or race recorded)",
36b1ec47-6517-415c-b835-0ae45c99ffd1,0be41eea-1e14-4f67-87a9-752b573c252c,William Scott,,cal_access,1330488,"WEINER FOR SUPERVISOR 2010, ALLIANCE FOR JOBS AND SUSTAINABLE GROWTH, A COALITION OF LABOR UNIONS AND BUSINESS ASSOCIATIONS SUPPORTING SCOTT","WEINER FOR SUPERVISOR 2010, ALLIANCE FOR JOBS AND SUSTAINABLE GROWTH, A COALITION OF LABOR UNIONS AND BUSINESS ASSOCIATIONS SUPPORTING SCOTT",415,TERMINATED 10/22/2011,,needs_research,surname only,disputed,"A names another person, or the matched token is a place, a word or a given name","surname-only auto-link: Cal-Access 1330488 ""WEINER FOR SUPERVISOR 2010, ALLIANCE FOR JOBS AND SUSTAINABLE GROWTH, A COALITION OF LABOR UNIONS AND BUSINESS ASSOCIATIONS SUPPORTING SCOTT"" -- ""Scott"" is a given name here; the committee is Scott Wiener's; filer area code 415 (San Francisco); this row is William Scott (active; no seat or race recorded)",
43069912-506c-4729-ab58-7c0479dcc220,0be41eea-1e14-4f67-87a9-752b573c252c,William Scott,,cal_access,1361462,"WILLIBRAND AND LOTT; IN SUPPORT OF COLEMAN, HUTAK AND SCOTT FOR SCHOOL BOARD ELECTION 2013, CITIZENS FOR A BETTER ANTELOPE VALLEY UNION HIGH SCHOOL DISTRICT;OPPOSING","WILLIBRAND AND LOTT; IN SUPPORT OF COLEMAN, HUTAK AND SCOTT FOR SCHOOL BOARD ELECTION 2013, CITIZENS FOR A BETTER ANTELOPE VALLEY UNION HIGH SCHOOL DISTRICT;OPPOSING",661,TERMINATED 11/05/2013,,needs_research,surname only,keep needs_research,unresolved,,
0e201f66-a39a-4e6d-82ca-8f5d93a5f92a,0be41eea-1e14-4f67-87a9-752b573c252c,William Scott,,cal_access,1372992,SCOTT LAKESIDE WATER 2014,SCOTT LAKESIDE WATER 2014,619,TERMINATED 12/16/2016,,needs_research,surname only,keep needs_research,unresolved,,
fa4064af-97a0-4075-b164-f4df4dc22b97,0be41eea-1e14-4f67-87a9-752b573c252c,William Scott,,cal_access,1387403,TROESCHER - CLOVIS UNIFIED SCHOOL BOARD AREA 5 2016; COMMITTEE TO REELECT SCOTT,TROESCHER - CLOVIS UNIFIED SCHOOL BOARD AREA 5 2016; COMMITTEE TO REELECT SCOTT,559,TERMINATED 03/16/2017,,needs_research,surname only,disputed,"A names another person, or the matched token is a place, a word or a given name","surname-only auto-link: Cal-Access 1387403 ""TROESCHER - CLOVIS UNIFIED SCHOOL BOARD AREA 5 2016; COMMITTEE TO REELECT SCOTT"" -- ""Scott"" is a given name here; the committee is Scott Troescher's; filer area code 559 (Fresno); this row is William Scott (active; no seat or race recorded)",
a68789bd-96c8-4880-8b2f-fe9a5ae08dd1,0be41eea-1e14-4f67-87a9-752b573c252c,William Scott,,cal_access,1389995,SCOTT/MJUSD SCHOOL BOARD AREA 2 NOV 8 - 2016,SCOTT/MJUSD SCHOOL BOARD AREA 2 NOV 8 - 2016,530,TERMINATED 01/13/2017,,needs_research,surname only,keep needs_research,unresolved,,
93fc026b-dc3a-4c8a-8b3d-7e64038bff19,0be41eea-1e14-4f67-87a9-752b573c252c,William Scott,,cal_access,1431919,WIENER FOR SENATE 2020; COMMUNITY LEADERS FOR SCOTT,WIENER FOR SENATE 2020; COMMUNITY LEADERS FOR SCOTT,415,ACTIVE,,needs_research,surname only,disputed,"A names another person, or the matched token is a place, a word or a given name","surname-only auto-link: Cal-Access 1431919 ""WIENER FOR SENATE 2020; COMMUNITY LEADERS FOR SCOTT"" -- ""Scott"" is a given name here; the committee is Scott Wiener's; filer area code 415 (San Francisco); this row is William Scott (active; no seat or race recorded)",
d1bcc33e-b40b-499e-a27c-c9c9ec18e5a3,0be41eea-1e14-4f67-87a9-752b573c252c,William Scott,,cal_access,1433887,"WIENER FOR SENATE 2020, SPONSORED BY CALIFORNIA CHARTER SCHOOLS ASSOCIATION ADVOCATES; FAMILIES & TEACHERS UNITED SUPPORTING SCOTT","WIENER FOR SENATE 2020, SPONSORED BY CALIFORNIA CHARTER SCHOOLS ASSOCIATION ADVOCATES; FAMILIES & TEACHERS UNITED SUPPORTING SCOTT",916,TERMINATED 12/31/2020,,needs_research,surname only,disputed,"A names another person, or the matched token is a place, a word or a given name","surname-only auto-link: Cal-Access 1433887 ""WIENER FOR SENATE 2020, SPONSORED BY CALIFORNIA CHARTER SCHOOLS ASSOCIATION ADVOCATES; FAMILIES & TEACHERS UNITED SUPPORTING SCOTT"" -- ""Scott"" is a given name here; the committee is Scott Wiener's; filer area code 916 (Sacramento); this row is William Scott (active; no seat or race recorded)",
7bdbb6d8-8934-4bad-96e8-89841c229aca,0be41eea-1e14-4f67-87a9-752b573c252c,William Scott,,cal_access,1437718,SEBEL FOR LIEUTENANT GOVERNOR; 2022 COMMITTEE TO ELECT SCOTT; THE,SEBEL FOR LIEUTENANT GOVERNOR; 2022 COMMITTEE TO ELECT SCOTT; THE,310,ACTIVE,,needs_research,surname only,disputed,"A names another person, or the matched token is a place, a word or a given name","surname-only auto-link: Cal-Access 1437718 ""SEBEL FOR LIEUTENANT GOVERNOR; 2022 COMMITTEE TO ELECT SCOTT; THE"" -- ""Scott"" is a given name here; the committee is Scott Sebel's; filer area code 310 (West LA/South Bay); this row is William Scott (active; no seat or race recorded)",
a0d0b380-0aec-4623-a457-fc183d3fdc57,0be41eea-1e14-4f67-87a9-752b573c252c,William Scott,,cal_access,1447959,"SCOTT FOR CITY COUNCIL 2022; RIALTO TAXPAYERS ASSOCIATION, SUPPORTING","SCOTT FOR CITY COUNCIL 2022; RIALTO TAXPAYERS ASSOCIATION, SUPPORTING",714,TERMINATED 08/02/2024,,needs_research,surname only,keep needs_research,unresolved,,
f9ab881d-8bfe-421f-86d4-5ac11677a2a7,0be41eea-1e14-4f67-87a9-752b573c252c,William Scott,,cal_access,1474081,WIENER FOR SENATE 2024 SPONSORED BY PERSEFONI AI INC; CLIMATE LEADERS SUPPORT SCOTT,WIENER FOR SENATE 2024 SPONSORED BY PERSEFONI AI INC; CLIMATE LEADERS SUPPORT SCOTT,949,TERMINATED 02/27/2025,,needs_research,surname only,disputed,"A names another person, or the matched token is a place, a word or a given name","surname-only auto-link: Cal-Access 1474081 ""WIENER FOR SENATE 2024 SPONSORED BY PERSEFONI AI INC; CLIMATE LEADERS SUPPORT SCOTT"" -- ""Scott"" is a given name here; the committee is Scott Wiener's; filer area code 949 (Orange County); this row is William Scott (active; no seat or race recorded)",
6084afe0-4467-44cf-9b16-d20cb1015d29,0f74219c-7d10-4d29-85fe-0f1d834df8a7,Xavier Becerra,"candidate, CA Governor",cal_access,1003436,XAVIER BECERRA,"BECERRA, XAVIER",202,ACTIVE,,needs_research,full name,keep needs_research,full name (out of scope),,
c429893a-8e5e-4f7b-9464-518a674b5ae0,b1f63336-4614-4c12-9b03-6ad3c30604df,Yarma Velázquez Vargas,"Board Member (District 7), Pasadena Unified",la_socrata,1459908,Vargas for City Council 2024,,,,"Vargas, Eduardo",needs_research,surname only,disputed,"A names another person, or the matched token is a place, a word or a given name","surname-only auto-link: LA City Ethics committee 1459908 ""Vargas for City Council 2024"" -- LA City Ethics names its candidate as Eduardo Vargas (LA City Council Member - District 14), a different person; this row is Yarma Velázquez Vargas, Board Member (District 7), Pasadena Unified",
961407e4-5144-4a68-8c9c-729f7ac348d7,1037b127-09a5-444a-9c66-b7ddb8dd5db6,Zeel Ahir,"Council Member, Artesia",cal_access,1474839,AHIR FOR ARTESIA CITY COUNCIL 2024; ZEEL,AHIR FOR ARTESIA CITY COUNCIL 2024; ZEEL,562,ACTIVE,,needs_research,full name,keep needs_research,full name (out of scope),,
bcd83773-2ea2-4f44-b0f8-683bea587080,226f5ab3-9611-4eb4-9f0a-3730877004a3,Zein Obagi,"Council Member, Redondo Beach",cal_access,1434200,OBAGI JR FOR REDONDO BEACH COUNCIL DISTRICT 4 2021; ZEIN,OBAGI JR FOR REDONDO BEACH COUNCIL DISTRICT 4 2021; ZEIN,310,TERMINATED 06/30/2024,,needs_research,full name,keep needs_research,full name (out of scope),,
34057f74-57c3-4a10-8e1c-0c82b0ffb16d,f933bd87-d397-4ef1-873b-57559b629000,Zizette Mullins,"Vice Mayor, Burbank",cal_access,1351184,MULLINS FOR CITY CLERK 2013,MULLINS FOR CITY CLERK 2013,818,TERMINATED 05/22/2013,,needs_research,surname only,keep needs_research,unresolved,,
7d7a02b4-b323-4d79-a01b-c94466125645,f933bd87-d397-4ef1-873b-57559b629000,Zizette Mullins,"Vice Mayor, Burbank",cal_access,1450408,MULLINS FOR CITY COUNCIL 2022,MULLINS FOR CITY COUNCIL 2022,818,TERMINATED 06/14/2023,,needs_research,surname only,keep needs_research,unresolved,,
