action,bucket,full_name,external_id,state,office_title,seated,is_active,topic_title,value,write_in_text,suspect_answers,total_answers,whole_compass_affected,politician_id,topic_id,sources,reasoning,last_stances_researched_at
RETIRE_NOW,no-context,Angela Romero,-332858,ut,State Representative District 25,t,t,Affordable Housing,2.0,,14,14,t,00af7081-b2f4-4b2d-add0-dd1c3d3b4787,669cac97-66a6-4087-b036-936fbe62efb3,,"",
RETIRE_NOW,no-context,Angela Romero,-332858,ut,State Representative District 25,t,t,Civil Rights and Social Justice,1.0,,14,14,t,00af7081-b2f4-4b2d-add0-dd1c3d3b4787,0bc588c6-39e1-4084-b5de-cac909b8b762,,"",
RETIRE_NOW,no-context,Angela Romero,-332858,ut,State Representative District 25,t,t,Climate Change and Environmental Protection,2.0,,14,14,t,00af7081-b2f4-4b2d-add0-dd1c3d3b4787,f1e44d66-5d27-4b51-b54f-b7ace86f6a3c,,"",
RETIRE_NOW,no-context,Angela Romero,-332858,ut,State Representative District 25,t,t,Criminalization of Homelessness,2.0,,14,14,t,00af7081-b2f4-4b2d-add0-dd1c3d3b4787,4938766b-b45a-46e3-93bd-b8b30651271a,,"",
RETIRE_NOW,no-context,Angela Romero,-332858,ut,State Representative District 25,t,t,Environmental Protection vs. Development,1.0,,14,14,t,00af7081-b2f4-4b2d-add0-dd1c3d3b4787,1935979c-b290-42e4-baa5-8cb0138b4ffa,,"",
RETIRE_NOW,no-context,Angela Romero,-332858,ut,State Representative District 25,t,t,Fossil Fuel Policy,2.0,,14,14,t,00af7081-b2f4-4b2d-add0-dd1c3d3b4787,a22215c3-6693-4bc2-b248-01aebba14570,,"",
RETIRE_NOW,no-context,Angela Romero,-332858,ut,State Representative District 25,t,t,Healthcare Access,2.0,,14,14,t,00af7081-b2f4-4b2d-add0-dd1c3d3b4787,e8dad4a8-eb93-4931-91f5-d8fb5d7dd529,,"",
RETIRE_NOW,no-context,Angela Romero,-332858,ut,State Representative District 25,t,t,Homelessness Response,2.0,,14,14,t,00af7081-b2f4-4b2d-add0-dd1c3d3b4787,6fbf39ae-6b19-4182-b4c2-6a8d25c86c0f,,"",
RETIRE_NOW,no-context,Angela Romero,-332858,ut,State Representative District 25,t,t,Immigration and Treatment of Immigrants,1.0,,14,14,t,00af7081-b2f4-4b2d-add0-dd1c3d3b4787,4e2c69ce-591e-4197-9cd5-7aceff79d390,,"",
RETIRE_NOW,no-context,Angela Romero,-332858,ut,State Representative District 25,t,t,Public Safety Approach,2.0,,14,14,t,00af7081-b2f4-4b2d-add0-dd1c3d3b4787,e9ebefcd-c496-45e8-b816-a79f8442ba85,,"",
RETIRE_NOW,no-context,Angela Romero,-332858,ut,State Representative District 25,t,t,Reproductive Rights and Abortion Access,1.0,,14,14,t,00af7081-b2f4-4b2d-add0-dd1c3d3b4787,af2fdfd6-02c4-49df-b09c-cf8536f4773f,,"",
RETIRE_NOW,no-context,Angela Romero,-332858,ut,State Representative District 25,t,t,School Vouchers & Public Education Funding,1.0,,14,14,t,00af7081-b2f4-4b2d-add0-dd1c3d3b4787,00b95a6a-75db-4521-b523-3326bba938de,,"",
RETIRE_NOW,no-context,Angela Romero,-332858,ut,State Representative District 25,t,t,Transportation Priorities,1.0,,14,14,t,00af7081-b2f4-4b2d-add0-dd1c3d3b4787,ba59337e-30e2-4aba-a39a-426b3366eb27,,"",
RETIRE_NOW,no-context,Angela Romero,-332858,ut,State Representative District 25,t,t,Voting Rights and Electoral Integrity,2.0,,14,14,t,00af7081-b2f4-4b2d-add0-dd1c3d3b4787,d1792200-1d3b-4955-a0b7-0e6980d7a7b2,,"",
RETIRE_NOW,no-context,Hoang Nguyen,-305089,ut,State Representative District 23,t,t,Affordable Housing,2.0,,14,14,t,399b6cdd-f76b-4ef1-8cd1-4e30bce075b0,669cac97-66a6-4087-b036-936fbe62efb3,,"",
RETIRE_NOW,no-context,Hoang Nguyen,-305089,ut,State Representative District 23,t,t,Civil Rights and Social Justice,1.0,,14,14,t,399b6cdd-f76b-4ef1-8cd1-4e30bce075b0,0bc588c6-39e1-4084-b5de-cac909b8b762,,"",
RETIRE_NOW,no-context,Hoang Nguyen,-305089,ut,State Representative District 23,t,t,Climate Change and Environmental Protection,2.0,,14,14,t,399b6cdd-f76b-4ef1-8cd1-4e30bce075b0,f1e44d66-5d27-4b51-b54f-b7ace86f6a3c,,"",
RETIRE_NOW,no-context,Hoang Nguyen,-305089,ut,State Representative District 23,t,t,Criminalization of Homelessness,1.0,,14,14,t,399b6cdd-f76b-4ef1-8cd1-4e30bce075b0,4938766b-b45a-46e3-93bd-b8b30651271a,,"",
RETIRE_NOW,no-context,Hoang Nguyen,-305089,ut,State Representative District 23,t,t,Environmental Protection vs. Development,1.0,,14,14,t,399b6cdd-f76b-4ef1-8cd1-4e30bce075b0,1935979c-b290-42e4-baa5-8cb0138b4ffa,,"",
RETIRE_NOW,no-context,Hoang Nguyen,-305089,ut,State Representative District 23,t,t,Fossil Fuel Policy,2.0,,14,14,t,399b6cdd-f76b-4ef1-8cd1-4e30bce075b0,a22215c3-6693-4bc2-b248-01aebba14570,,"",
RETIRE_NOW,no-context,Hoang Nguyen,-305089,ut,State Representative District 23,t,t,Homelessness Response,1.0,,14,14,t,399b6cdd-f76b-4ef1-8cd1-4e30bce075b0,6fbf39ae-6b19-4182-b4c2-6a8d25c86c0f,,"",
RETIRE_NOW,no-context,Hoang Nguyen,-305089,ut,State Representative District 23,t,t,Immigration and Treatment of Immigrants,2.0,,14,14,t,399b6cdd-f76b-4ef1-8cd1-4e30bce075b0,4e2c69ce-591e-4197-9cd5-7aceff79d390,,"",
RETIRE_NOW,no-context,Hoang Nguyen,-305089,ut,State Representative District 23,t,t,Local Immigration Enforcement,2.0,,14,14,t,399b6cdd-f76b-4ef1-8cd1-4e30bce075b0,b9ccee94-ad96-4f10-b655-889d8e5abe92,,"",
RETIRE_NOW,no-context,Hoang Nguyen,-305089,ut,State Representative District 23,t,t,Reproductive Rights and Abortion Access,1.0,,14,14,t,399b6cdd-f76b-4ef1-8cd1-4e30bce075b0,af2fdfd6-02c4-49df-b09c-cf8536f4773f,,"",
RETIRE_NOW,no-context,Hoang Nguyen,-305089,ut,State Representative District 23,t,t,Same-Sex Marriage,1.0,,14,14,t,399b6cdd-f76b-4ef1-8cd1-4e30bce075b0,c5ab4eab-702f-49b8-9277-8ea53f3835c6,,"",
RETIRE_NOW,no-context,Hoang Nguyen,-305089,ut,State Representative District 23,t,t,School Vouchers & Public Education Funding,1.0,,14,14,t,399b6cdd-f76b-4ef1-8cd1-4e30bce075b0,00b95a6a-75db-4521-b523-3326bba938de,,"",
RETIRE_NOW,no-context,Hoang Nguyen,-305089,ut,State Representative District 23,t,t,State Redistricting and Gerrymandering,1.0,,14,14,t,399b6cdd-f76b-4ef1-8cd1-4e30bce075b0,48cc9585-ec22-4f53-8d42-6839828dd36f,,"",
RETIRE_NOW,no-context,Hoang Nguyen,-305089,ut,State Representative District 23,t,t,Voting Rights and Electoral Integrity,2.0,,14,14,t,399b6cdd-f76b-4ef1-8cd1-4e30bce075b0,d1792200-1d3b-4955-a0b7-0e6980d7a7b2,,"",
RETIRE_NOW,no-context,Nate Blouin,-399032,ut,State Senator District 13,t,t,Affordable Housing,2.0,,14,14,t,a02441f2-b338-45b1-bdf8-208b6bcc21b0,669cac97-66a6-4087-b036-936fbe62efb3,,"",
RETIRE_NOW,no-context,Nate Blouin,-399032,ut,State Senator District 13,t,t,Campaign Finance Reform,1.0,,14,14,t,a02441f2-b338-45b1-bdf8-208b6bcc21b0,92730f69-ae57-401c-8ad1-2d07834a895d,,"",
RETIRE_NOW,no-context,Nate Blouin,-399032,ut,State Senator District 13,t,t,Civil Rights and Social Justice,2.0,,14,14,t,a02441f2-b338-45b1-bdf8-208b6bcc21b0,0bc588c6-39e1-4084-b5de-cac909b8b762,,"",
RETIRE_NOW,no-context,Nate Blouin,-399032,ut,State Senator District 13,t,t,Climate Change and Environmental Protection,1.0,,14,14,t,a02441f2-b338-45b1-bdf8-208b6bcc21b0,f1e44d66-5d27-4b51-b54f-b7ace86f6a3c,,"",
RETIRE_NOW,no-context,Nate Blouin,-399032,ut,State Senator District 13,t,t,Fossil Fuel Policy,2.0,,14,14,t,a02441f2-b338-45b1-bdf8-208b6bcc21b0,a22215c3-6693-4bc2-b248-01aebba14570,,"",
RETIRE_NOW,no-context,Nate Blouin,-399032,ut,State Senator District 13,t,t,Healthcare Access,1.0,,14,14,t,a02441f2-b338-45b1-bdf8-208b6bcc21b0,e8dad4a8-eb93-4931-91f5-d8fb5d7dd529,,"",
RETIRE_NOW,no-context,Nate Blouin,-399032,ut,State Senator District 13,t,t,Homelessness Response,1.0,,14,14,t,a02441f2-b338-45b1-bdf8-208b6bcc21b0,6fbf39ae-6b19-4182-b4c2-6a8d25c86c0f,,"",
RETIRE_NOW,no-context,Nate Blouin,-399032,ut,State Senator District 13,t,t,Immigration and Treatment of Immigrants,1.0,,14,14,t,a02441f2-b338-45b1-bdf8-208b6bcc21b0,4e2c69ce-591e-4197-9cd5-7aceff79d390,,"",
RETIRE_NOW,no-context,Nate Blouin,-399032,ut,State Senator District 13,t,t,Reproductive Rights and Abortion Access,2.0,,14,14,t,a02441f2-b338-45b1-bdf8-208b6bcc21b0,af2fdfd6-02c4-49df-b09c-cf8536f4773f,,"",
RETIRE_NOW,no-context,Nate Blouin,-399032,ut,State Senator District 13,t,t,Same-Sex Marriage,1.0,,14,14,t,a02441f2-b338-45b1-bdf8-208b6bcc21b0,c5ab4eab-702f-49b8-9277-8ea53f3835c6,,"",
RETIRE_NOW,no-context,Nate Blouin,-399032,ut,State Senator District 13,t,t,School Vouchers & Public Education Funding,1.0,,14,14,t,a02441f2-b338-45b1-bdf8-208b6bcc21b0,00b95a6a-75db-4521-b523-3326bba938de,,"",
RETIRE_NOW,no-context,Nate Blouin,-399032,ut,State Senator District 13,t,t,Social Security,2.0,,14,14,t,a02441f2-b338-45b1-bdf8-208b6bcc21b0,87d20824-a6e9-407b-983c-65440084a0ab,,"",
RETIRE_NOW,no-context,Nate Blouin,-399032,ut,State Senator District 13,t,t,Taxation and Public Spending,1.0,,14,14,t,a02441f2-b338-45b1-bdf8-208b6bcc21b0,f7e5678d-dadd-4556-a2fc-446e24642ceb,,"",
RETIRE_NOW,no-context,Nate Blouin,-399032,ut,State Senator District 13,t,t,Voting Rights and Electoral Integrity,2.0,,14,14,t,a02441f2-b338-45b1-bdf8-208b6bcc21b0,d1792200-1d3b-4955-a0b7-0e6980d7a7b2,,"",
RETIRE_NOW,no-context,Andrew Stoddard,-336220,ut,State Representative District 40,t,t,Affordable Housing,2.0,,13,13,t,4956e47c-d051-4adf-a558-5f29c9f7e854,669cac97-66a6-4087-b036-936fbe62efb3,,"",
RETIRE_NOW,no-context,Andrew Stoddard,-336220,ut,State Representative District 40,t,t,Childcare Affordability & Access,2.0,,13,13,t,4956e47c-d051-4adf-a558-5f29c9f7e854,c1ac1330-47f7-44ec-baf3-c913d926b97c,,"",
RETIRE_NOW,no-context,Andrew Stoddard,-336220,ut,State Representative District 40,t,t,Civil Rights and Social Justice,1.0,,13,13,t,4956e47c-d051-4adf-a558-5f29c9f7e854,0bc588c6-39e1-4084-b5de-cac909b8b762,,"",
RETIRE_NOW,no-context,Andrew Stoddard,-336220,ut,State Representative District 40,t,t,Climate Change and Environmental Protection,2.0,,13,13,t,4956e47c-d051-4adf-a558-5f29c9f7e854,f1e44d66-5d27-4b51-b54f-b7ace86f6a3c,,"",
RETIRE_NOW,no-context,Andrew Stoddard,-336220,ut,State Representative District 40,t,t,Data Center Development & Energy Costs,2.0,,13,13,t,4956e47c-d051-4adf-a558-5f29c9f7e854,4559b513-0fd8-4ed1-babd-f3b554162f40,,"",
RETIRE_NOW,no-context,Andrew Stoddard,-336220,ut,State Representative District 40,t,t,Environmental Protection vs. Development,1.0,,13,13,t,4956e47c-d051-4adf-a558-5f29c9f7e854,1935979c-b290-42e4-baa5-8cb0138b4ffa,,"",
RETIRE_NOW,no-context,Andrew Stoddard,-336220,ut,State Representative District 40,t,t,Healthcare Access,2.0,,13,13,t,4956e47c-d051-4adf-a558-5f29c9f7e854,e8dad4a8-eb93-4931-91f5-d8fb5d7dd529,,"",
RETIRE_NOW,no-context,Andrew Stoddard,-336220,ut,State Representative District 40,t,t,Public Safety Approach,2.0,,13,13,t,4956e47c-d051-4adf-a558-5f29c9f7e854,e9ebefcd-c496-45e8-b816-a79f8442ba85,,"",
RETIRE_NOW,no-context,Andrew Stoddard,-336220,ut,State Representative District 40,t,t,Reproductive Rights and Abortion Access,1.0,,13,13,t,4956e47c-d051-4adf-a558-5f29c9f7e854,af2fdfd6-02c4-49df-b09c-cf8536f4773f,,"",
RETIRE_NOW,no-context,Andrew Stoddard,-336220,ut,State Representative District 40,t,t,School Vouchers & Public Education Funding,2.0,,13,13,t,4956e47c-d051-4adf-a558-5f29c9f7e854,00b95a6a-75db-4521-b523-3326bba938de,,"",
RETIRE_NOW,no-context,Andrew Stoddard,-336220,ut,State Representative District 40,t,t,Taxation and Public Spending,2.0,,13,13,t,4956e47c-d051-4adf-a558-5f29c9f7e854,f7e5678d-dadd-4556-a2fc-446e24642ceb,,"",
RETIRE_NOW,no-context,Andrew Stoddard,-336220,ut,State Representative District 40,t,t,Transgender Athletes,1.0,,13,13,t,4956e47c-d051-4adf-a558-5f29c9f7e854,d1618b9c-0b9e-45af-b986-bb33d270b8e4,,"",
RETIRE_NOW,no-context,Andrew Stoddard,-336220,ut,State Representative District 40,t,t,Voting Rights and Electoral Integrity,2.0,,13,13,t,4956e47c-d051-4adf-a558-5f29c9f7e854,d1792200-1d3b-4955-a0b7-0e6980d7a7b2,,"",
RETIRE_NOW,no-context,Raymond P. Ward,-362721,ut,State Representative District 19,t,t,Affordable Housing,2.0,,13,13,t,9cccdb83-cf9e-48ef-97b5-6da255733f74,669cac97-66a6-4087-b036-936fbe62efb3,,"",
RETIRE_NOW,no-context,Raymond P. Ward,-362721,ut,State Representative District 19,t,t,Civil Rights and Social Justice,5.0,,13,13,t,9cccdb83-cf9e-48ef-97b5-6da255733f74,0bc588c6-39e1-4084-b5de-cac909b8b762,,"",
RETIRE_NOW,no-context,Raymond P. Ward,-362721,ut,State Representative District 19,t,t,Climate Change and Environmental Protection,1.0,,13,13,t,9cccdb83-cf9e-48ef-97b5-6da255733f74,f1e44d66-5d27-4b51-b54f-b7ace86f6a3c,,"",
RETIRE_NOW,no-context,Raymond P. Ward,-362721,ut,State Representative District 19,t,t,Deportation Priorities,5.0,,13,13,t,9cccdb83-cf9e-48ef-97b5-6da255733f74,44905f3b-e105-4f6c-afc7-5d223813dbac,,"",
RETIRE_NOW,no-context,Raymond P. Ward,-362721,ut,State Representative District 19,t,t,Fossil Fuel Policy,2.0,,13,13,t,9cccdb83-cf9e-48ef-97b5-6da255733f74,a22215c3-6693-4bc2-b248-01aebba14570,,"",
RETIRE_NOW,no-context,Raymond P. Ward,-362721,ut,State Representative District 19,t,t,Healthcare Access,2.0,,13,13,t,9cccdb83-cf9e-48ef-97b5-6da255733f74,e8dad4a8-eb93-4931-91f5-d8fb5d7dd529,,"",
RETIRE_NOW,no-context,Raymond P. Ward,-362721,ut,State Representative District 19,t,t,Local Immigration Enforcement,5.0,,13,13,t,9cccdb83-cf9e-48ef-97b5-6da255733f74,b9ccee94-ad96-4f10-b655-889d8e5abe92,,"",
RETIRE_NOW,no-context,Raymond P. Ward,-362721,ut,State Representative District 19,t,t,Reproductive Rights and Abortion Access,4.0,,13,13,t,9cccdb83-cf9e-48ef-97b5-6da255733f74,af2fdfd6-02c4-49df-b09c-cf8536f4773f,,"",
RETIRE_NOW,no-context,Raymond P. Ward,-362721,ut,State Representative District 19,t,t,Residential Zoning,4.0,,13,13,t,9cccdb83-cf9e-48ef-97b5-6da255733f74,d4f18138-a2e0-4110-b925-7387d9d0d16d,,"",
RETIRE_NOW,no-context,Raymond P. Ward,-362721,ut,State Representative District 19,t,t,School Vouchers & Public Education Funding,5.0,,13,13,t,9cccdb83-cf9e-48ef-97b5-6da255733f74,00b95a6a-75db-4521-b523-3326bba938de,,"",
RETIRE_NOW,no-context,Raymond P. Ward,-362721,ut,State Representative District 19,t,t,Taxation and Public Spending,4.0,,13,13,t,9cccdb83-cf9e-48ef-97b5-6da255733f74,f7e5678d-dadd-4556-a2fc-446e24642ceb,,"",
RETIRE_NOW,no-context,Raymond P. Ward,-362721,ut,State Representative District 19,t,t,Transgender Athletes,5.0,,13,13,t,9cccdb83-cf9e-48ef-97b5-6da255733f74,d1618b9c-0b9e-45af-b986-bb33d270b8e4,,"",
RETIRE_NOW,no-context,Raymond P. Ward,-362721,ut,State Representative District 19,t,t,Voting Rights and Electoral Integrity,4.0,,13,13,t,9cccdb83-cf9e-48ef-97b5-6da255733f74,d1792200-1d3b-4955-a0b7-0e6980d7a7b2,,"",
RETIRE_NOW,no-context,Jordan D. Teuscher,-333258,ut,State Representative District 44,t,t,Affordable Housing,4.0,,12,12,t,a3764449-b9d2-48f2-ac15-076a47ef11fb,669cac97-66a6-4087-b036-936fbe62efb3,,"",
RETIRE_NOW,no-context,Jordan D. Teuscher,-333258,ut,State Representative District 44,t,t,Civil Rights and Social Justice,5.0,,12,12,t,a3764449-b9d2-48f2-ac15-076a47ef11fb,0bc588c6-39e1-4084-b5de-cac909b8b762,,"",
RETIRE_NOW,no-context,Jordan D. Teuscher,-333258,ut,State Representative District 44,t,t,Deportation Priorities,5.0,,12,12,t,a3764449-b9d2-48f2-ac15-076a47ef11fb,44905f3b-e105-4f6c-afc7-5d223813dbac,,"",
RETIRE_NOW,no-context,Jordan D. Teuscher,-333258,ut,State Representative District 44,t,t,Fossil Fuel Policy,4.0,,12,12,t,a3764449-b9d2-48f2-ac15-076a47ef11fb,a22215c3-6693-4bc2-b248-01aebba14570,,"",
RETIRE_NOW,no-context,Jordan D. Teuscher,-333258,ut,State Representative District 44,t,t,Growth and Development Pace,2.0,,12,12,t,a3764449-b9d2-48f2-ac15-076a47ef11fb,fb25c1ac-91cc-49bf-8afc-c7fa22ef45e4,,"",
RETIRE_NOW,no-context,Jordan D. Teuscher,-333258,ut,State Representative District 44,t,t,Immigration and Treatment of Immigrants,4.0,,12,12,t,a3764449-b9d2-48f2-ac15-076a47ef11fb,4e2c69ce-591e-4197-9cd5-7aceff79d390,,"",
RETIRE_NOW,no-context,Jordan D. Teuscher,-333258,ut,State Representative District 44,t,t,Local Immigration Enforcement,5.0,,12,12,t,a3764449-b9d2-48f2-ac15-076a47ef11fb,b9ccee94-ad96-4f10-b655-889d8e5abe92,,"",
RETIRE_NOW,no-context,Jordan D. Teuscher,-333258,ut,State Representative District 44,t,t,Reproductive Rights and Abortion Access,4.0,,12,12,t,a3764449-b9d2-48f2-ac15-076a47ef11fb,af2fdfd6-02c4-49df-b09c-cf8536f4773f,,"",
RETIRE_NOW,no-context,Jordan D. Teuscher,-333258,ut,State Representative District 44,t,t,School Vouchers & Public Education Funding,5.0,,12,12,t,a3764449-b9d2-48f2-ac15-076a47ef11fb,00b95a6a-75db-4521-b523-3326bba938de,,"",
RETIRE_NOW,no-context,Jordan D. Teuscher,-333258,ut,State Representative District 44,t,t,Taxation and Public Spending,4.0,,12,12,t,a3764449-b9d2-48f2-ac15-076a47ef11fb,f7e5678d-dadd-4556-a2fc-446e24642ceb,,"",
RETIRE_NOW,no-context,Jordan D. Teuscher,-333258,ut,State Representative District 44,t,t,Transgender Athletes,5.0,,12,12,t,a3764449-b9d2-48f2-ac15-076a47ef11fb,d1618b9c-0b9e-45af-b986-bb33d270b8e4,,"",
RETIRE_NOW,no-context,Jordan D. Teuscher,-333258,ut,State Representative District 44,t,t,Voting Rights and Electoral Integrity,4.0,,12,12,t,a3764449-b9d2-48f2-ac15-076a47ef11fb,d1792200-1d3b-4955-a0b7-0e6980d7a7b2,,"",
RETIRE_NOW,no-context,Logan Monson,-387429,ut,State Representative District 69,t,t,Childcare Affordability & Access,5.0,,12,12,t,1fefd1fe-b5d8-41ab-aac6-926ca8f6fee8,c1ac1330-47f7-44ec-baf3-c913d926b97c,,"",
RETIRE_NOW,no-context,Logan Monson,-387429,ut,State Representative District 69,t,t,Civil Rights and Social Justice,5.0,,12,12,t,1fefd1fe-b5d8-41ab-aac6-926ca8f6fee8,0bc588c6-39e1-4084-b5de-cac909b8b762,,"",
RETIRE_NOW,no-context,Logan Monson,-387429,ut,State Representative District 69,t,t,Deportation Priorities,5.0,,12,12,t,1fefd1fe-b5d8-41ab-aac6-926ca8f6fee8,44905f3b-e105-4f6c-afc7-5d223813dbac,,"",
RETIRE_NOW,no-context,Logan Monson,-387429,ut,State Representative District 69,t,t,Economic Development Incentives,2.0,,12,12,t,1fefd1fe-b5d8-41ab-aac6-926ca8f6fee8,eb3d1247-0de1-4b7f-baec-7259861efd53,,"",
RETIRE_NOW,no-context,Logan Monson,-387429,ut,State Representative District 69,t,t,Immigration and Treatment of Immigrants,5.0,,12,12,t,1fefd1fe-b5d8-41ab-aac6-926ca8f6fee8,4e2c69ce-591e-4197-9cd5-7aceff79d390,,"",
RETIRE_NOW,no-context,Logan Monson,-387429,ut,State Representative District 69,t,t,Local Immigration Enforcement,5.0,,12,12,t,1fefd1fe-b5d8-41ab-aac6-926ca8f6fee8,b9ccee94-ad96-4f10-b655-889d8e5abe92,,"",
RETIRE_NOW,no-context,Logan Monson,-387429,ut,State Representative District 69,t,t,Public Safety Approach,4.0,,12,12,t,1fefd1fe-b5d8-41ab-aac6-926ca8f6fee8,e9ebefcd-c496-45e8-b816-a79f8442ba85,,"",
RETIRE_NOW,no-context,Logan Monson,-387429,ut,State Representative District 69,t,t,Religious Freedom,5.0,,12,12,t,1fefd1fe-b5d8-41ab-aac6-926ca8f6fee8,6b9ba6d9-1001-43f5-b073-4d37130696fd,,"",
RETIRE_NOW,no-context,Logan Monson,-387429,ut,State Representative District 69,t,t,Reproductive Rights and Abortion Access,4.0,,12,12,t,1fefd1fe-b5d8-41ab-aac6-926ca8f6fee8,af2fdfd6-02c4-49df-b09c-cf8536f4773f,,"",
RETIRE_NOW,no-context,Logan Monson,-387429,ut,State Representative District 69,t,t,School Vouchers & Public Education Funding,5.0,,12,12,t,1fefd1fe-b5d8-41ab-aac6-926ca8f6fee8,00b95a6a-75db-4521-b523-3326bba938de,,"",
RETIRE_NOW,no-context,Logan Monson,-387429,ut,State Representative District 69,t,t,Taxation and Public Spending,4.0,,12,12,t,1fefd1fe-b5d8-41ab-aac6-926ca8f6fee8,f7e5678d-dadd-4556-a2fc-446e24642ceb,,"",
RETIRE_NOW,no-context,Logan Monson,-387429,ut,State Representative District 69,t,t,Voting Rights and Electoral Integrity,4.0,,12,12,t,1fefd1fe-b5d8-41ab-aac6-926ca8f6fee8,d1792200-1d3b-4955-a0b7-0e6980d7a7b2,,"",
RETIRE_NOW,no-context,Norman K Thurston,-381098,ut,State Representative District 62,t,t,Childcare Affordability & Access,5.0,,12,12,t,0b36a14c-3d2d-4e05-88ab-47a738d1283b,c1ac1330-47f7-44ec-baf3-c913d926b97c,,"",
RETIRE_NOW,no-context,Norman K Thurston,-381098,ut,State Representative District 62,t,t,Civil Rights and Social Justice,5.0,,12,12,t,0b36a14c-3d2d-4e05-88ab-47a738d1283b,0bc588c6-39e1-4084-b5de-cac909b8b762,,"",
RETIRE_NOW,no-context,Norman K Thurston,-381098,ut,State Representative District 62,t,t,Deportation Priorities,5.0,,12,12,t,0b36a14c-3d2d-4e05-88ab-47a738d1283b,44905f3b-e105-4f6c-afc7-5d223813dbac,,"",
RETIRE_NOW,no-context,Norman K Thurston,-381098,ut,State Representative District 62,t,t,Fossil Fuel Policy,5.0,,12,12,t,0b36a14c-3d2d-4e05-88ab-47a738d1283b,a22215c3-6693-4bc2-b248-01aebba14570,,"",
RETIRE_NOW,no-context,Norman K Thurston,-381098,ut,State Representative District 62,t,t,Healthcare Access,5.0,,12,12,t,0b36a14c-3d2d-4e05-88ab-47a738d1283b,e8dad4a8-eb93-4931-91f5-d8fb5d7dd529,,"",
RETIRE_NOW,no-context,Norman K Thurston,-381098,ut,State Representative District 62,t,t,Local Immigration Enforcement,5.0,,12,12,t,0b36a14c-3d2d-4e05-88ab-47a738d1283b,b9ccee94-ad96-4f10-b655-889d8e5abe92,,"",
RETIRE_NOW,no-context,Norman K Thurston,-381098,ut,State Representative District 62,t,t,Medicare / Medicaid,4.0,,12,12,t,0b36a14c-3d2d-4e05-88ab-47a738d1283b,cab61e8a-64fe-4bbd-bc08-fe9914d0091b,,"",
RETIRE_NOW,no-context,Norman K Thurston,-381098,ut,State Representative District 62,t,t,Reproductive Rights and Abortion Access,4.0,,12,12,t,0b36a14c-3d2d-4e05-88ab-47a738d1283b,af2fdfd6-02c4-49df-b09c-cf8536f4773f,,"",
RETIRE_NOW,no-context,Norman K Thurston,-381098,ut,State Representative District 62,t,t,School Vouchers & Public Education Funding,5.0,,12,12,t,0b36a14c-3d2d-4e05-88ab-47a738d1283b,00b95a6a-75db-4521-b523-3326bba938de,,"",
RETIRE_NOW,no-context,Norman K Thurston,-381098,ut,State Representative District 62,t,t,Taxation and Public Spending,4.0,,12,12,t,0b36a14c-3d2d-4e05-88ab-47a738d1283b,f7e5678d-dadd-4556-a2fc-446e24642ceb,,"",
RETIRE_NOW,no-context,Norman K Thurston,-381098,ut,State Representative District 62,t,t,Transgender Athletes,5.0,,12,12,t,0b36a14c-3d2d-4e05-88ab-47a738d1283b,d1618b9c-0b9e-45af-b986-bb33d270b8e4,,"",
RETIRE_NOW,no-context,Norman K Thurston,-381098,ut,State Representative District 62,t,t,Voting Rights and Electoral Integrity,4.0,,12,12,t,0b36a14c-3d2d-4e05-88ab-47a738d1283b,d1792200-1d3b-4955-a0b7-0e6980d7a7b2,,"",
RETIRE_NOW,no-context,Rob Bishop,-332036,ut,State Representative District 6,t,t,Civil Rights and Social Justice,5.0,,12,12,t,9c3974cb-355e-49ce-8633-c4450e27e4a8,0bc588c6-39e1-4084-b5de-cac909b8b762,,"",
RETIRE_NOW,no-context,Rob Bishop,-332036,ut,State Representative District 6,t,t,Climate Change and Environmental Protection,4.0,,12,12,t,9c3974cb-355e-49ce-8633-c4450e27e4a8,f1e44d66-5d27-4b51-b54f-b7ace86f6a3c,,"",
RETIRE_NOW,no-context,Rob Bishop,-332036,ut,State Representative District 6,t,t,Environmental Protection vs. Development,5.0,,12,12,t,9c3974cb-355e-49ce-8633-c4450e27e4a8,1935979c-b290-42e4-baa5-8cb0138b4ffa,,"",
RETIRE_NOW,no-context,Rob Bishop,-332036,ut,State Representative District 6,t,t,Fossil Fuel Policy,5.0,,12,12,t,9c3974cb-355e-49ce-8633-c4450e27e4a8,a22215c3-6693-4bc2-b248-01aebba14570,,"",
RETIRE_NOW,no-context,Rob Bishop,-332036,ut,State Representative District 6,t,t,Healthcare Access,4.0,,12,12,t,9c3974cb-355e-49ce-8633-c4450e27e4a8,e8dad4a8-eb93-4931-91f5-d8fb5d7dd529,,"",
RETIRE_NOW,no-context,Rob Bishop,-332036,ut,State Representative District 6,t,t,Immigration and Treatment of Immigrants,5.0,,12,12,t,9c3974cb-355e-49ce-8633-c4450e27e4a8,4e2c69ce-591e-4197-9cd5-7aceff79d390,,"",
RETIRE_NOW,no-context,Rob Bishop,-332036,ut,State Representative District 6,t,t,Reproductive Rights and Abortion Access,4.0,,12,12,t,9c3974cb-355e-49ce-8633-c4450e27e4a8,af2fdfd6-02c4-49df-b09c-cf8536f4773f,,"",
RETIRE_NOW,no-context,Rob Bishop,-332036,ut,State Representative District 6,t,t,Same-Sex Marriage,5.0,,12,12,t,9c3974cb-355e-49ce-8633-c4450e27e4a8,c5ab4eab-702f-49b8-9277-8ea53f3835c6,,"",
RETIRE_NOW,no-context,Rob Bishop,-332036,ut,State Representative District 6,t,t,School Vouchers & Public Education Funding,5.0,,12,12,t,9c3974cb-355e-49ce-8633-c4450e27e4a8,00b95a6a-75db-4521-b523-3326bba938de,,"",
RETIRE_NOW,no-context,Rob Bishop,-332036,ut,State Representative District 6,t,t,Social Security,5.0,,12,12,t,9c3974cb-355e-49ce-8633-c4450e27e4a8,87d20824-a6e9-407b-983c-65440084a0ab,,"",
RETIRE_NOW,no-context,Rob Bishop,-332036,ut,State Representative District 6,t,t,Taxation and Public Spending,4.0,,12,12,t,9c3974cb-355e-49ce-8633-c4450e27e4a8,f7e5678d-dadd-4556-a2fc-446e24642ceb,,"",
RETIRE_NOW,no-context,Rob Bishop,-332036,ut,State Representative District 6,t,t,Voting Rights and Electoral Integrity,4.0,,12,12,t,9c3974cb-355e-49ce-8633-c4450e27e4a8,d1792200-1d3b-4955-a0b7-0e6980d7a7b2,,"",
RETIRE_NOW,no-context,Carol S. Moss,-372167,ut,State Representative District 34,t,t,Civil Rights and Social Justice,1.0,,11,11,t,025945fe-7ea8-40aa-8ead-f7b8d5dfca29,0bc588c6-39e1-4084-b5de-cac909b8b762,,"",
RETIRE_NOW,no-context,Carol S. Moss,-372167,ut,State Representative District 34,t,t,Climate Change and Environmental Protection,1.0,,11,11,t,025945fe-7ea8-40aa-8ead-f7b8d5dfca29,f1e44d66-5d27-4b51-b54f-b7ace86f6a3c,,"",
RETIRE_NOW,no-context,Carol S. Moss,-372167,ut,State Representative District 34,t,t,Deportation Priorities,1.0,,11,11,t,025945fe-7ea8-40aa-8ead-f7b8d5dfca29,44905f3b-e105-4f6c-afc7-5d223813dbac,,"",
RETIRE_NOW,no-context,Carol S. Moss,-372167,ut,State Representative District 34,t,t,Environmental Protection vs. Development,1.0,,11,11,t,025945fe-7ea8-40aa-8ead-f7b8d5dfca29,1935979c-b290-42e4-baa5-8cb0138b4ffa,,"",
RETIRE_NOW,no-context,Carol S. Moss,-372167,ut,State Representative District 34,t,t,Fossil Fuel Policy,2.0,,11,11,t,025945fe-7ea8-40aa-8ead-f7b8d5dfca29,a22215c3-6693-4bc2-b248-01aebba14570,,"",
RETIRE_NOW,no-context,Carol S. Moss,-372167,ut,State Representative District 34,t,t,Local Immigration Enforcement,2.0,,11,11,t,025945fe-7ea8-40aa-8ead-f7b8d5dfca29,b9ccee94-ad96-4f10-b655-889d8e5abe92,,"",
RETIRE_NOW,no-context,Carol S. Moss,-372167,ut,State Representative District 34,t,t,School Vouchers & Public Education Funding,1.0,,11,11,t,025945fe-7ea8-40aa-8ead-f7b8d5dfca29,00b95a6a-75db-4521-b523-3326bba938de,,"",
RETIRE_NOW,no-context,Carol S. Moss,-372167,ut,State Representative District 34,t,t,State Redistricting and Gerrymandering,1.0,,11,11,t,025945fe-7ea8-40aa-8ead-f7b8d5dfca29,48cc9585-ec22-4f53-8d42-6839828dd36f,,"",
RETIRE_NOW,no-context,Carol S. Moss,-372167,ut,State Representative District 34,t,t,Transgender Athletes,1.0,,11,11,t,025945fe-7ea8-40aa-8ead-f7b8d5dfca29,d1618b9c-0b9e-45af-b986-bb33d270b8e4,,"",
RETIRE_NOW,no-context,Carol S. Moss,-372167,ut,State Representative District 34,t,t,Transportation Priorities,1.0,,11,11,t,025945fe-7ea8-40aa-8ead-f7b8d5dfca29,ba59337e-30e2-4aba-a39a-426b3366eb27,,"",
RETIRE_NOW,no-context,Carol S. Moss,-372167,ut,State Representative District 34,t,t,Voting Rights and Electoral Integrity,2.0,,11,11,t,025945fe-7ea8-40aa-8ead-f7b8d5dfca29,d1792200-1d3b-4955-a0b7-0e6980d7a7b2,,"",
RETIRE_NOW,no-context,Doug Owens,-382202,ut,State Representative District 33,t,t,Civil Rights and Social Justice,1.0,,11,11,t,38aec107-ca28-454a-a7f0-d9225fcd4d8b,0bc588c6-39e1-4084-b5de-cac909b8b762,,"",
RETIRE_NOW,no-context,Doug Owens,-382202,ut,State Representative District 33,t,t,Climate Change and Environmental Protection,2.0,,11,11,t,38aec107-ca28-454a-a7f0-d9225fcd4d8b,f1e44d66-5d27-4b51-b54f-b7ace86f6a3c,,"",
RETIRE_NOW,no-context,Doug Owens,-382202,ut,State Representative District 33,t,t,Deportation Priorities,2.0,,11,11,t,38aec107-ca28-454a-a7f0-d9225fcd4d8b,44905f3b-e105-4f6c-afc7-5d223813dbac,,"",
RETIRE_NOW,no-context,Doug Owens,-382202,ut,State Representative District 33,t,t,Environmental Protection vs. Development,1.0,,11,11,t,38aec107-ca28-454a-a7f0-d9225fcd4d8b,1935979c-b290-42e4-baa5-8cb0138b4ffa,,"",
RETIRE_NOW,no-context,Doug Owens,-382202,ut,State Representative District 33,t,t,Fossil Fuel Policy,2.0,,11,11,t,38aec107-ca28-454a-a7f0-d9225fcd4d8b,a22215c3-6693-4bc2-b248-01aebba14570,,"",
RETIRE_NOW,no-context,Doug Owens,-382202,ut,State Representative District 33,t,t,Healthcare Access,2.0,,11,11,t,38aec107-ca28-454a-a7f0-d9225fcd4d8b,e8dad4a8-eb93-4931-91f5-d8fb5d7dd529,,"",
RETIRE_NOW,no-context,Doug Owens,-382202,ut,State Representative District 33,t,t,Local Immigration Enforcement,2.0,,11,11,t,38aec107-ca28-454a-a7f0-d9225fcd4d8b,b9ccee94-ad96-4f10-b655-889d8e5abe92,,"",
RETIRE_NOW,no-context,Doug Owens,-382202,ut,State Representative District 33,t,t,Medicare / Medicaid,2.0,,11,11,t,38aec107-ca28-454a-a7f0-d9225fcd4d8b,cab61e8a-64fe-4bbd-bc08-fe9914d0091b,,"",
RETIRE_NOW,no-context,Doug Owens,-382202,ut,State Representative District 33,t,t,Reproductive Rights and Abortion Access,2.0,,11,11,t,38aec107-ca28-454a-a7f0-d9225fcd4d8b,af2fdfd6-02c4-49df-b09c-cf8536f4773f,,"",
RETIRE_NOW,no-context,Doug Owens,-382202,ut,State Representative District 33,t,t,School Vouchers & Public Education Funding,2.0,,11,11,t,38aec107-ca28-454a-a7f0-d9225fcd4d8b,00b95a6a-75db-4521-b523-3326bba938de,,"",
RETIRE_NOW,no-context,Doug Owens,-382202,ut,State Representative District 33,t,t,Voting Rights and Electoral Integrity,2.0,,11,11,t,38aec107-ca28-454a-a7f0-d9225fcd4d8b,d1792200-1d3b-4955-a0b7-0e6980d7a7b2,,"",
RETIRE_NOW,no-context,Melissa G. Ballard,-395219,ut,State Representative District 20,t,t,Civil Rights and Social Justice,5.0,,11,11,t,acd23e3e-ef4c-451e-b227-e9c2b0c8a4cc,0bc588c6-39e1-4084-b5de-cac909b8b762,,"",
RETIRE_NOW,no-context,Melissa G. Ballard,-395219,ut,State Representative District 20,t,t,Deportation Priorities,5.0,,11,11,t,acd23e3e-ef4c-451e-b227-e9c2b0c8a4cc,44905f3b-e105-4f6c-afc7-5d223813dbac,,"",
RETIRE_NOW,no-context,Melissa G. Ballard,-395219,ut,State Representative District 20,t,t,Fossil Fuel Policy,5.0,,11,11,t,acd23e3e-ef4c-451e-b227-e9c2b0c8a4cc,a22215c3-6693-4bc2-b248-01aebba14570,,"",
RETIRE_NOW,no-context,Melissa G. Ballard,-395219,ut,State Representative District 20,t,t,Local Immigration Enforcement,5.0,,11,11,t,acd23e3e-ef4c-451e-b227-e9c2b0c8a4cc,b9ccee94-ad96-4f10-b655-889d8e5abe92,,"",
RETIRE_NOW,no-context,Melissa G. Ballard,-395219,ut,State Representative District 20,t,t,Medicare / Medicaid,4.0,,11,11,t,acd23e3e-ef4c-451e-b227-e9c2b0c8a4cc,cab61e8a-64fe-4bbd-bc08-fe9914d0091b,,"",
RETIRE_NOW,no-context,Melissa G. Ballard,-395219,ut,State Representative District 20,t,t,Reproductive Rights and Abortion Access,4.0,,11,11,t,acd23e3e-ef4c-451e-b227-e9c2b0c8a4cc,af2fdfd6-02c4-49df-b09c-cf8536f4773f,,"",
RETIRE_NOW,no-context,Melissa G. Ballard,-395219,ut,State Representative District 20,t,t,School Vouchers & Public Education Funding,5.0,,11,11,t,acd23e3e-ef4c-451e-b227-e9c2b0c8a4cc,00b95a6a-75db-4521-b523-3326bba938de,,"",
RETIRE_NOW,no-context,Melissa G. Ballard,-395219,ut,State Representative District 20,t,t,Taxation and Public Spending,4.0,,11,11,t,acd23e3e-ef4c-451e-b227-e9c2b0c8a4cc,f7e5678d-dadd-4556-a2fc-446e24642ceb,,"",
RETIRE_NOW,no-context,Melissa G. Ballard,-395219,ut,State Representative District 20,t,t,Transgender Athletes,5.0,,11,11,t,acd23e3e-ef4c-451e-b227-e9c2b0c8a4cc,d1618b9c-0b9e-45af-b986-bb33d270b8e4,,"",
RETIRE_NOW,no-context,Melissa G. Ballard,-395219,ut,State Representative District 20,t,t,Transportation Priorities,2.0,,11,11,t,acd23e3e-ef4c-451e-b227-e9c2b0c8a4cc,ba59337e-30e2-4aba-a39a-426b3366eb27,,"",
RETIRE_NOW,no-context,Melissa G. Ballard,-395219,ut,State Representative District 20,t,t,Voting Rights and Electoral Integrity,4.0,,11,11,t,acd23e3e-ef4c-451e-b227-e9c2b0c8a4cc,d1792200-1d3b-4955-a0b7-0e6980d7a7b2,,"",
RETIRE_NOW,no-context,Sahara Hayes,-371644,ut,State Representative District 32,t,t,Affordable Housing,1.0,,11,11,t,01e8e34b-dc2e-47af-8c1b-e57e7c51da5e,669cac97-66a6-4087-b036-936fbe62efb3,,"",
RETIRE_NOW,no-context,Sahara Hayes,-371644,ut,State Representative District 32,t,t,Civil Rights and Social Justice,1.0,,11,11,t,01e8e34b-dc2e-47af-8c1b-e57e7c51da5e,0bc588c6-39e1-4084-b5de-cac909b8b762,,"",
RETIRE_NOW,no-context,Sahara Hayes,-371644,ut,State Representative District 32,t,t,Climate Change and Environmental Protection,2.0,,11,11,t,01e8e34b-dc2e-47af-8c1b-e57e7c51da5e,f1e44d66-5d27-4b51-b54f-b7ace86f6a3c,,"",
RETIRE_NOW,no-context,Sahara Hayes,-371644,ut,State Representative District 32,t,t,Deportation Priorities,1.0,,11,11,t,01e8e34b-dc2e-47af-8c1b-e57e7c51da5e,44905f3b-e105-4f6c-afc7-5d223813dbac,,"",
RETIRE_NOW,no-context,Sahara Hayes,-371644,ut,State Representative District 32,t,t,Environmental Protection vs. Development,1.0,,11,11,t,01e8e34b-dc2e-47af-8c1b-e57e7c51da5e,1935979c-b290-42e4-baa5-8cb0138b4ffa,,"",
RETIRE_NOW,no-context,Sahara Hayes,-371644,ut,State Representative District 32,t,t,Healthcare Access,1.0,,11,11,t,01e8e34b-dc2e-47af-8c1b-e57e7c51da5e,e8dad4a8-eb93-4931-91f5-d8fb5d7dd529,,"",
RETIRE_NOW,no-context,Sahara Hayes,-371644,ut,State Representative District 32,t,t,Immigration and Treatment of Immigrants,2.0,,11,11,t,01e8e34b-dc2e-47af-8c1b-e57e7c51da5e,4e2c69ce-591e-4197-9cd5-7aceff79d390,,"",
RETIRE_NOW,no-context,Sahara Hayes,-371644,ut,State Representative District 32,t,t,Local Immigration Enforcement,1.0,,11,11,t,01e8e34b-dc2e-47af-8c1b-e57e7c51da5e,b9ccee94-ad96-4f10-b655-889d8e5abe92,,"",
RETIRE_NOW,no-context,Sahara Hayes,-371644,ut,State Representative District 32,t,t,Reproductive Rights and Abortion Access,1.0,,11,11,t,01e8e34b-dc2e-47af-8c1b-e57e7c51da5e,af2fdfd6-02c4-49df-b09c-cf8536f4773f,,"",
RETIRE_NOW,no-context,Sahara Hayes,-371644,ut,State Representative District 32,t,t,School Vouchers & Public Education Funding,1.0,,11,11,t,01e8e34b-dc2e-47af-8c1b-e57e7c51da5e,00b95a6a-75db-4521-b523-3326bba938de,,"",
RETIRE_NOW,no-context,Sahara Hayes,-371644,ut,State Representative District 32,t,t,Voting Rights and Electoral Integrity,2.0,,11,11,t,01e8e34b-dc2e-47af-8c1b-e57e7c51da5e,d1792200-1d3b-4955-a0b7-0e6980d7a7b2,,"",
RETIRE_NOW,no-context,Scott H. Chew,-300502,ut,State Representative District 68,t,t,Childcare Affordability & Access,5.0,,11,11,t,7dc8a341-6d22-48d9-b8fe-2c75fa3a3de5,c1ac1330-47f7-44ec-baf3-c913d926b97c,,"",
RETIRE_NOW,no-context,Scott H. Chew,-300502,ut,State Representative District 68,t,t,Civil Rights and Social Justice,5.0,,11,11,t,7dc8a341-6d22-48d9-b8fe-2c75fa3a3de5,0bc588c6-39e1-4084-b5de-cac909b8b762,,"",
RETIRE_NOW,no-context,Scott H. Chew,-300502,ut,State Representative District 68,t,t,Deportation Priorities,5.0,,11,11,t,7dc8a341-6d22-48d9-b8fe-2c75fa3a3de5,44905f3b-e105-4f6c-afc7-5d223813dbac,,"",
RETIRE_NOW,no-context,Scott H. Chew,-300502,ut,State Representative District 68,t,t,Environmental Protection vs. Development,5.0,,11,11,t,7dc8a341-6d22-48d9-b8fe-2c75fa3a3de5,1935979c-b290-42e4-baa5-8cb0138b4ffa,,"",
RETIRE_NOW,no-context,Scott H. Chew,-300502,ut,State Representative District 68,t,t,Fossil Fuel Policy,5.0,,11,11,t,7dc8a341-6d22-48d9-b8fe-2c75fa3a3de5,a22215c3-6693-4bc2-b248-01aebba14570,,"",
RETIRE_NOW,no-context,Scott H. Chew,-300502,ut,State Representative District 68,t,t,Local Immigration Enforcement,5.0,,11,11,t,7dc8a341-6d22-48d9-b8fe-2c75fa3a3de5,b9ccee94-ad96-4f10-b655-889d8e5abe92,,"",
RETIRE_NOW,no-context,Scott H. Chew,-300502,ut,State Representative District 68,t,t,Medicare / Medicaid,4.0,,11,11,t,7dc8a341-6d22-48d9-b8fe-2c75fa3a3de5,cab61e8a-64fe-4bbd-bc08-fe9914d0091b,,"",
RETIRE_NOW,no-context,Scott H. Chew,-300502,ut,State Representative District 68,t,t,School Vouchers & Public Education Funding,5.0,,11,11,t,7dc8a341-6d22-48d9-b8fe-2c75fa3a3de5,00b95a6a-75db-4521-b523-3326bba938de,,"",
RETIRE_NOW,no-context,Scott H. Chew,-300502,ut,State Representative District 68,t,t,Taxation and Public Spending,4.0,,11,11,t,7dc8a341-6d22-48d9-b8fe-2c75fa3a3de5,f7e5678d-dadd-4556-a2fc-446e24642ceb,,"",
RETIRE_NOW,no-context,Scott H. Chew,-300502,ut,State Representative District 68,t,t,Transgender Athletes,5.0,,11,11,t,7dc8a341-6d22-48d9-b8fe-2c75fa3a3de5,d1618b9c-0b9e-45af-b986-bb33d270b8e4,,"",
RETIRE_NOW,no-context,Scott H. Chew,-300502,ut,State Representative District 68,t,t,Voting Rights and Electoral Integrity,4.0,,11,11,t,7dc8a341-6d22-48d9-b8fe-2c75fa3a3de5,d1792200-1d3b-4955-a0b7-0e6980d7a7b2,,"",
RETIRE_NOW,no-context,Carl R. Albrecht,-353412,ut,State Representative District 70,t,t,Civil Rights and Social Justice,5.0,,10,10,t,6cbb80d7-e32b-4ea8-9073-463e0e7c918a,0bc588c6-39e1-4084-b5de-cac909b8b762,,"",
RETIRE_NOW,no-context,Carl R. Albrecht,-353412,ut,State Representative District 70,t,t,Climate Change and Environmental Protection,4.0,,10,10,t,6cbb80d7-e32b-4ea8-9073-463e0e7c918a,f1e44d66-5d27-4b51-b54f-b7ace86f6a3c,,"",
RETIRE_NOW,no-context,Carl R. Albrecht,-353412,ut,State Representative District 70,t,t,Deportation Priorities,5.0,,10,10,t,6cbb80d7-e32b-4ea8-9073-463e0e7c918a,44905f3b-e105-4f6c-afc7-5d223813dbac,,"",
RETIRE_NOW,no-context,Carl R. Albrecht,-353412,ut,State Representative District 70,t,t,Fossil Fuel Policy,5.0,,10,10,t,6cbb80d7-e32b-4ea8-9073-463e0e7c918a,a22215c3-6693-4bc2-b248-01aebba14570,,"",
RETIRE_NOW,no-context,Carl R. Albrecht,-353412,ut,State Representative District 70,t,t,Local Immigration Enforcement,5.0,,10,10,t,6cbb80d7-e32b-4ea8-9073-463e0e7c918a,b9ccee94-ad96-4f10-b655-889d8e5abe92,,"",
RETIRE_NOW,no-context,Carl R. Albrecht,-353412,ut,State Representative District 70,t,t,Medicare / Medicaid,4.0,,10,10,t,6cbb80d7-e32b-4ea8-9073-463e0e7c918a,cab61e8a-64fe-4bbd-bc08-fe9914d0091b,,"",
RETIRE_NOW,no-context,Carl R. Albrecht,-353412,ut,State Representative District 70,t,t,Reproductive Rights and Abortion Access,4.0,,10,10,t,6cbb80d7-e32b-4ea8-9073-463e0e7c918a,af2fdfd6-02c4-49df-b09c-cf8536f4773f,,"",
RETIRE_NOW,no-context,Carl R. Albrecht,-353412,ut,State Representative District 70,t,t,Taxation and Public Spending,4.0,,10,10,t,6cbb80d7-e32b-4ea8-9073-463e0e7c918a,f7e5678d-dadd-4556-a2fc-446e24642ceb,,"",
RETIRE_NOW,no-context,Carl R. Albrecht,-353412,ut,State Representative District 70,t,t,Transgender Athletes,5.0,,10,10,t,6cbb80d7-e32b-4ea8-9073-463e0e7c918a,d1618b9c-0b9e-45af-b986-bb33d270b8e4,,"",
RETIRE_NOW,no-context,Carl R. Albrecht,-353412,ut,State Representative District 70,t,t,Voting Rights and Electoral Integrity,4.0,,10,10,t,6cbb80d7-e32b-4ea8-9073-463e0e7c918a,d1792200-1d3b-4955-a0b7-0e6980d7a7b2,,"",
VERIFY,bio-only:unverified,Darializa Avila Chevalier,-3611301,(none),(not seated),f,t,Affordable Housing,1.0,,10,10,t,54bbf257-ea07-4809-b093-89b181e19fb4,669cac97-66a6-4087-b036-936fbe62efb3,https://ballotpedia.org/Darializa_Avila_Chevalier,"Her campaign ""Day 1 Agenda"" (quoted on Ballotpedia) pledges to sign the ""Homes Act to build deeply affordable public housing, cooperatives, and community land trusts with rent caps"" -- directly building and operating public housing.",
VERIFY,bio-only:unverified,Darializa Avila Chevalier,-3611301,(none),(not seated),f,t,Childcare Affordability & Access,1.0,,10,10,t,54bbf257-ea07-4809-b093-89b181e19fb4,c1ac1330-47f7-44ec-baf3-c913d926b97c,https://ballotpedia.org/Darializa_Avila_Chevalier,"Her campaign ""Day 1 Agenda"" (quoted on Ballotpedia) backs the ""Child Care for Every Community Act to create universal child care nationwide"" -- publicly funded universal childcare.",
VERIFY,bio-only:unverified,Darializa Avila Chevalier,-3611301,(none),(not seated),f,t,Climate Change and Environmental Protection,2.0,,10,10,t,54bbf257-ea07-4809-b093-89b181e19fb4,f1e44d66-5d27-4b51-b54f-b7ace86f6a3c,https://ballotpedia.org/Darializa_Avila_Chevalier,"Her campaign ""Day 1 Agenda"" (quoted on Ballotpedia) pledges the ""Green New Deal to transition to a 100% clean energy economy"" -- rapidly transitioning to renewable energy.",
VERIFY,bio-only:unverified,Darializa Avila Chevalier,-3611301,(none),(not seated),f,t,Deportation Priorities,1.0,,10,10,t,54bbf257-ea07-4809-b093-89b181e19fb4,44905f3b-e105-4f6c-afc7-5d223813dbac,https://ballotpedia.org/Darializa_Avila_Chevalier,"Her campaign agenda (quoted on Ballotpedia) pledges to ""Abolish ICE and the deportation machine"" -- ending deportations and protecting undocumented residents from removal.",
VERIFY,bio-only:unverified,Darializa Avila Chevalier,-3611301,(none),(not seated),f,t,Fossil Fuel Policy,2.0,,10,10,t,54bbf257-ea07-4809-b093-89b181e19fb4,a22215c3-6693-4bc2-b248-01aebba14570,https://ballotpedia.org/Darializa_Avila_Chevalier,"Her campaign ""Day 1 Agenda"" (quoted on Ballotpedia) backs a Green New Deal for ""a 100% clean energy economy"" -- phasing out fossil fuels.",
VERIFY,bio-only:unverified,Darializa Avila Chevalier,-3611301,(none),(not seated),f,t,Healthcare Access,1.0,,10,10,t,54bbf257-ea07-4809-b093-89b181e19fb4,e8dad4a8-eb93-4931-91f5-d8fb5d7dd529,https://ballotpedia.org/Darializa_Avila_Chevalier,"Her campaign ""Day 1 Agenda"" (quoted on Ballotpedia) backs the ""Medicare for All Act so everyone has health insurance"" -- a public universal system.",
VERIFY,bio-only:unverified,Darializa Avila Chevalier,-3611301,(none),(not seated),f,t,Immigration and Treatment of Immigrants,2.0,,10,10,t,54bbf257-ea07-4809-b093-89b181e19fb4,4e2c69ce-591e-4197-9cd5-7aceff79d390,https://ballotpedia.org/Darializa_Avila_Chevalier,"Her campaign ""Day 1 Agenda"" (quoted on Ballotpedia) backs the American Dream & Promise Act and pledges to ""Expand pathways to citizenship, including for DREAMers and undocumented immigrants"" -- keeping immigration open and legalizing undocumented residents.",
VERIFY,bio-only:unverified,Darializa Avila Chevalier,-3611301,(none),(not seated),f,t,Medicare / Medicaid,1.0,,10,10,t,54bbf257-ea07-4809-b093-89b181e19fb4,cab61e8a-64fe-4bbd-bc08-fe9914d0091b,https://ballotpedia.org/Darializa_Avila_Chevalier,"Her campaign ""Day 1 Agenda"" (quoted on Ballotpedia) backs the ""Medicare for All Act so everyone has health insurance including dental, vision, and hearing aids"" -- expanding Medicare to cover everyone.",
VERIFY,bio-only:unverified,Darializa Avila Chevalier,-3611301,(none),(not seated),f,t,Social Security,1.0,,10,10,t,54bbf257-ea07-4809-b093-89b181e19fb4,87d20824-a6e9-407b-983c-65440084a0ab,https://ballotpedia.org/Darializa_Avila_Chevalier,"Her campaign ""Day 1 Agenda"" (quoted on Ballotpedia) backs the ""Social Security Expansion Act to increase benefits"" -- significantly expanding Social Security.",
VERIFY,bio-only:unverified,Darializa Avila Chevalier,-3611301,(none),(not seated),f,t,Taxation and Public Spending,1.0,,10,10,t,54bbf257-ea07-4809-b093-89b181e19fb4,f7e5678d-dadd-4556-a2fc-446e24642ceb,https://ballotpedia.org/Darializa_Avila_Chevalier,"Her campaign ""Day 1 Agenda"" (quoted on Ballotpedia) backs the ""Ultra-Millionaire Tax Act and Equal Tax Act so millionaires and billionaires pay their fair share"" -- significantly raising taxes on the wealthy.",
RETIRE_NOW,no-context,Erin Mendenhall,-300284,ut,Mayor,t,f,Affordable Housing,2.0,,10,10,t,e5499340-d24d-447c-a7b1-92066319ad6e,669cac97-66a6-4087-b036-936fbe62efb3,,"",2026-05-31 01:34:29.874809+00
RETIRE_NOW,no-context,Erin Mendenhall,-300284,ut,Mayor,t,f,City Sanitation and Cleanliness,2.0,,10,10,t,e5499340-d24d-447c-a7b1-92066319ad6e,7687de4f-4d0b-462a-b803-bdfb23b16b42,,"",2026-05-31 01:34:29.874809+00
RETIRE_NOW,no-context,Erin Mendenhall,-300284,ut,Mayor,t,f,Economic Development Incentives,2.0,,10,10,t,e5499340-d24d-447c-a7b1-92066319ad6e,eb3d1247-0de1-4b7f-baec-7259861efd53,,"",2026-05-31 01:34:29.874809+00
RETIRE_NOW,no-context,Erin Mendenhall,-300284,ut,Mayor,t,f,Environmental Protection vs. Development,1.0,,10,10,t,e5499340-d24d-447c-a7b1-92066319ad6e,1935979c-b290-42e4-baa5-8cb0138b4ffa,,"",2026-05-31 01:34:29.874809+00
RETIRE_NOW,no-context,Erin Mendenhall,-300284,ut,Mayor,t,f,Growth and Development Pace,2.0,,10,10,t,e5499340-d24d-447c-a7b1-92066319ad6e,fb25c1ac-91cc-49bf-8afc-c7fa22ef45e4,,"",2026-05-31 01:34:29.874809+00
RETIRE_NOW,no-context,Erin Mendenhall,-300284,ut,Mayor,t,f,Homelessness Response,2.0,,10,10,t,e5499340-d24d-447c-a7b1-92066319ad6e,6fbf39ae-6b19-4182-b4c2-6a8d25c86c0f,,"",2026-05-31 01:34:29.874809+00
RETIRE_NOW,no-context,Erin Mendenhall,-300284,ut,Mayor,t,f,Local Immigration Enforcement,2.0,,10,10,t,e5499340-d24d-447c-a7b1-92066319ad6e,b9ccee94-ad96-4f10-b655-889d8e5abe92,,"",2026-05-31 01:34:29.874809+00
RETIRE_NOW,no-context,Erin Mendenhall,-300284,ut,Mayor,t,f,Public Safety Approach,2.0,,10,10,t,e5499340-d24d-447c-a7b1-92066319ad6e,e9ebefcd-c496-45e8-b816-a79f8442ba85,,"",2026-05-31 01:34:29.874809+00
RETIRE_NOW,no-context,Erin Mendenhall,-300284,ut,Mayor,t,f,Residential Zoning,2.0,,10,10,t,e5499340-d24d-447c-a7b1-92066319ad6e,d4f18138-a2e0-4110-b925-7387d9d0d16d,,"",2026-05-31 01:34:29.874809+00
RETIRE_NOW,no-context,Erin Mendenhall,-300284,ut,Mayor,t,f,Transportation Priorities,2.0,,10,10,t,e5499340-d24d-447c-a7b1-92066319ad6e,ba59337e-30e2-4aba-a39a-426b3366eb27,,"",2026-05-31 01:34:29.874809+00
RETIRE_NOW,no-context,Jake Fitisemanu,-371197,ut,State Representative District 30,t,t,Affordable Housing,2.0,,10,10,t,3ea1438a-880b-476f-972d-4cd8d020e376,669cac97-66a6-4087-b036-936fbe62efb3,,"",
RETIRE_NOW,no-context,Jake Fitisemanu,-371197,ut,State Representative District 30,t,t,Civil Rights and Social Justice,1.0,,10,10,t,3ea1438a-880b-476f-972d-4cd8d020e376,0bc588c6-39e1-4084-b5de-cac909b8b762,,"",
RETIRE_NOW,no-context,Jake Fitisemanu,-371197,ut,State Representative District 30,t,t,Climate Change and Environmental Protection,2.0,,10,10,t,3ea1438a-880b-476f-972d-4cd8d020e376,f1e44d66-5d27-4b51-b54f-b7ace86f6a3c,,"",
RETIRE_NOW,no-context,Jake Fitisemanu,-371197,ut,State Representative District 30,t,t,Environmental Protection vs. Development,2.0,,10,10,t,3ea1438a-880b-476f-972d-4cd8d020e376,1935979c-b290-42e4-baa5-8cb0138b4ffa,,"",
RETIRE_NOW,no-context,Jake Fitisemanu,-371197,ut,State Representative District 30,t,t,Healthcare Access,1.0,,10,10,t,3ea1438a-880b-476f-972d-4cd8d020e376,e8dad4a8-eb93-4931-91f5-d8fb5d7dd529,,"",
RETIRE_NOW,no-context,Jake Fitisemanu,-371197,ut,State Representative District 30,t,t,Immigration and Treatment of Immigrants,2.0,,10,10,t,3ea1438a-880b-476f-972d-4cd8d020e376,4e2c69ce-591e-4197-9cd5-7aceff79d390,,"",
RETIRE_NOW,no-context,Jake Fitisemanu,-371197,ut,State Representative District 30,t,t,Public Safety Approach,2.0,,10,10,t,3ea1438a-880b-476f-972d-4cd8d020e376,e9ebefcd-c496-45e8-b816-a79f8442ba85,,"",
RETIRE_NOW,no-context,Jake Fitisemanu,-371197,ut,State Representative District 30,t,t,Taxation and Public Spending,2.0,,10,10,t,3ea1438a-880b-476f-972d-4cd8d020e376,f7e5678d-dadd-4556-a2fc-446e24642ceb,,"",
RETIRE_NOW,no-context,Jake Fitisemanu,-371197,ut,State Representative District 30,t,t,Transportation Priorities,1.0,,10,10,t,3ea1438a-880b-476f-972d-4cd8d020e376,ba59337e-30e2-4aba-a39a-426b3366eb27,,"",
RETIRE_NOW,no-context,Jake Fitisemanu,-371197,ut,State Representative District 30,t,t,Voting Rights and Electoral Integrity,2.0,,10,10,t,3ea1438a-880b-476f-972d-4cd8d020e376,d1792200-1d3b-4955-a0b7-0e6980d7a7b2,,"",
VERIFY,bio-only:unverified,Jason Pearce,-4810401,(none),(not seated),f,t,Affordable Housing,2.0,,10,10,t,e987cfff-23ae-4b24-a64d-4cde8582f520,669cac97-66a6-4087-b036-936fbe62efb3,https://ballotpedia.org/Jason_Pearce,"His platform and survey call to ""stop corporate abuse of the housing market"" and ban companies from buying single-family homes, plus help first-time buyers -- active market intervention and public support for affordability.",
VERIFY,bio-only:unverified,Jason Pearce,-4810401,(none),(not seated),f,t,Artificial Intelligence Oversight,3.0,,10,10,t,e987cfff-23ae-4b24-a64d-4cde8582f520,666bf03d-81fc-4138-ab15-69ae734c9023,https://ballotpedia.org/Jason_Pearce,"His survey states the government ""should require a mandate for ALL use of AI to be clearly and visibly displayed as AI at all times"" -- a mandatory disclosure/transparency requirement on AI use.",
VERIFY,bio-only:unverified,Jason Pearce,-4810401,(none),(not seated),f,t,Campaign Finance Reform,1.0,,10,10,t,e987cfff-23ae-4b24-a64d-4cde8582f520,92730f69-ae57-401c-8ad1-2d07834a895d,https://ballotpedia.org/Jason_Pearce,"His survey calls for ""Banning Lobbying and overturning Citizens United"" so that ""the people ... hold the power to fund candidates. Not billionaires"" -- banning private/PAC money in favor of people-funded campaigns.",
VERIFY,bio-only:unverified,Jason Pearce,-4810401,(none),(not seated),f,t,Childcare Affordability & Access,2.0,,10,10,t,e987cfff-23ae-4b24-a64d-4cde8582f520,c1ac1330-47f7-44ec-baf3-c913d926b97c,https://ballotpedia.org/Jason_Pearce,"His platform lists ""affordable childcare"" among the opportunity investments he would expand for working families -- significantly expanding childcare affordability support.",
VERIFY,bio-only:unverified,Jason Pearce,-4810401,(none),(not seated),f,t,Healthcare Access,2.0,,10,10,t,e987cfff-23ae-4b24-a64d-4cde8582f520,e8dad4a8-eb93-4931-91f5-d8fb5d7dd529,https://ballotpedia.org/Jason_Pearce,"His platform headlines ""Affordable Healthcare for All"" -- expand Medicare, lower prescription prices, end surprise bills, make childbirth free -- guaranteeing affordable coverage through expanded public programs and regulation.",
VERIFY,bio-only:unverified,Jason Pearce,-4810401,(none),(not seated),f,t,Medicare / Medicaid,1.0,,10,10,t,e987cfff-23ae-4b24-a64d-4cde8582f520,cab61e8a-64fe-4bbd-bc08-fe9914d0091b,https://ballotpedia.org/Jason_Pearce,"His platform pledges to ""Expand Medicare"" alongside ""Affordable Healthcare for All"" -- broadening Medicare toward universal coverage.",
VERIFY,bio-only:unverified,Jason Pearce,-4810401,(none),(not seated),f,t,Social Security,2.0,,10,10,t,e987cfff-23ae-4b24-a64d-4cde8582f520,87d20824-a6e9-407b-983c-65440084a0ab,https://ballotpedia.org/Jason_Pearce,"His survey condemns seniors having to work because ""their social security can't pay bills"" and pledges to ""protect seniors on fixed incomes"" -- strengthening Social Security benefits rather than cutting them.",
VERIFY,bio-only:unverified,Jason Pearce,-4810401,(none),(not seated),f,t,State Redistricting and Gerrymandering,1.0,,10,10,t,e987cfff-23ae-4b24-a64d-4cde8582f520,48cc9585-ec22-4f53-8d42-6839828dd36f,https://ballotpedia.org/Jason_Pearce,"His platform lists ""end gerrymandering"" among his clean-government goals -- removing partisan control of district lines in favor of independent map-drawing.",
VERIFY,bio-only:unverified,Jason Pearce,-4810401,(none),(not seated),f,t,Taxation and Public Spending,1.0,,10,10,t,e987cfff-23ae-4b24-a64d-4cde8582f520,f7e5678d-dadd-4556-a2fc-446e24642ceb,https://ballotpedia.org/Jason_Pearce,"His campaign platform and survey call to cut taxes for working families while closing corporate and overseas tax loopholes (""if you do business in America, you pay taxes in America"") and scaling tax breaks toward lower-income households -- raising taxes on corporations/wealthy to fund services.",
VERIFY,bio-only:unverified,Jason Pearce,-4810401,(none),(not seated),f,t,Voting Rights and Electoral Integrity,2.0,,10,10,t,e987cfff-23ae-4b24-a64d-4cde8582f520,d1792200-1d3b-4955-a0b7-0e6980d7a7b2,https://ballotpedia.org/Jason_Pearce,"His survey's election-administration agenda is to make Election Day a paid federal holiday, advance year-round voter registration, expand voting locations, and provide free transport to the polls -- broadly expanding voter access.",
RETIRE_NOW,no-context,Jennifer Dailey-Provost,-381232,ut,State Representative District 22,t,t,Affordable Housing,2.0,,10,10,t,633a3500-8458-4719-bd0e-38c161321707,669cac97-66a6-4087-b036-936fbe62efb3,,"",
RETIRE_NOW,no-context,Jennifer Dailey-Provost,-381232,ut,State Representative District 22,t,t,Childcare Affordability & Access,2.0,,10,10,t,633a3500-8458-4719-bd0e-38c161321707,c1ac1330-47f7-44ec-baf3-c913d926b97c,,"",
RETIRE_NOW,no-context,Jennifer Dailey-Provost,-381232,ut,State Representative District 22,t,t,Civil Rights and Social Justice,1.0,,10,10,t,633a3500-8458-4719-bd0e-38c161321707,0bc588c6-39e1-4084-b5de-cac909b8b762,,"",
RETIRE_NOW,no-context,Jennifer Dailey-Provost,-381232,ut,State Representative District 22,t,t,Climate Change and Environmental Protection,2.0,,10,10,t,633a3500-8458-4719-bd0e-38c161321707,f1e44d66-5d27-4b51-b54f-b7ace86f6a3c,,"",
RETIRE_NOW,no-context,Jennifer Dailey-Provost,-381232,ut,State Representative District 22,t,t,Environmental Protection vs. Development,2.0,,10,10,t,633a3500-8458-4719-bd0e-38c161321707,1935979c-b290-42e4-baa5-8cb0138b4ffa,,"",
RETIRE_NOW,no-context,Jennifer Dailey-Provost,-381232,ut,State Representative District 22,t,t,Fossil Fuel Policy,2.0,,10,10,t,633a3500-8458-4719-bd0e-38c161321707,a22215c3-6693-4bc2-b248-01aebba14570,,"",
RETIRE_NOW,no-context,Jennifer Dailey-Provost,-381232,ut,State Representative District 22,t,t,Healthcare Access,1.0,,10,10,t,633a3500-8458-4719-bd0e-38c161321707,e8dad4a8-eb93-4931-91f5-d8fb5d7dd529,,"",
RETIRE_NOW,no-context,Jennifer Dailey-Provost,-381232,ut,State Representative District 22,t,t,Reproductive Rights and Abortion Access,1.0,,10,10,t,633a3500-8458-4719-bd0e-38c161321707,af2fdfd6-02c4-49df-b09c-cf8536f4773f,,"",
RETIRE_NOW,no-context,Jennifer Dailey-Provost,-381232,ut,State Representative District 22,t,t,Transgender Athletes,1.0,,10,10,t,633a3500-8458-4719-bd0e-38c161321707,d1618b9c-0b9e-45af-b986-bb33d270b8e4,,"",
RETIRE_NOW,no-context,Jennifer Dailey-Provost,-381232,ut,State Representative District 22,t,t,Voting Rights and Electoral Integrity,2.0,,10,10,t,633a3500-8458-4719-bd0e-38c161321707,d1792200-1d3b-4955-a0b7-0e6980d7a7b2,,"",
RETIRE_NOW,no-context,John Arthur,-366566,ut,State Representative District 41,t,t,Affordable Housing,1.0,,10,10,t,4dede46d-7aae-44e0-bc1b-b7246279fc75,669cac97-66a6-4087-b036-936fbe62efb3,,"",
RETIRE_NOW,no-context,John Arthur,-366566,ut,State Representative District 41,t,t,Childcare Affordability & Access,2.0,,10,10,t,4dede46d-7aae-44e0-bc1b-b7246279fc75,c1ac1330-47f7-44ec-baf3-c913d926b97c,,"",
RETIRE_NOW,no-context,John Arthur,-366566,ut,State Representative District 41,t,t,Civil Rights and Social Justice,2.0,,10,10,t,4dede46d-7aae-44e0-bc1b-b7246279fc75,0bc588c6-39e1-4084-b5de-cac909b8b762,,"",
RETIRE_NOW,no-context,John Arthur,-366566,ut,State Representative District 41,t,t,Climate Change and Environmental Protection,2.0,,10,10,t,4dede46d-7aae-44e0-bc1b-b7246279fc75,f1e44d66-5d27-4b51-b54f-b7ace86f6a3c,,"",
RETIRE_NOW,no-context,John Arthur,-366566,ut,State Representative District 41,t,t,Environmental Protection vs. Development,2.0,,10,10,t,4dede46d-7aae-44e0-bc1b-b7246279fc75,1935979c-b290-42e4-baa5-8cb0138b4ffa,,"",
RETIRE_NOW,no-context,John Arthur,-366566,ut,State Representative District 41,t,t,Healthcare Access,2.0,,10,10,t,4dede46d-7aae-44e0-bc1b-b7246279fc75,e8dad4a8-eb93-4931-91f5-d8fb5d7dd529,,"",
RETIRE_NOW,no-context,John Arthur,-366566,ut,State Representative District 41,t,t,Public Safety Approach,2.0,,10,10,t,4dede46d-7aae-44e0-bc1b-b7246279fc75,e9ebefcd-c496-45e8-b816-a79f8442ba85,,"",
RETIRE_NOW,no-context,John Arthur,-366566,ut,State Representative District 41,t,t,School Vouchers & Public Education Funding,1.0,,10,10,t,4dede46d-7aae-44e0-bc1b-b7246279fc75,00b95a6a-75db-4521-b523-3326bba938de,,"",
RETIRE_NOW,no-context,John Arthur,-366566,ut,State Representative District 41,t,t,Taxation and Public Spending,2.0,,10,10,t,4dede46d-7aae-44e0-bc1b-b7246279fc75,f7e5678d-dadd-4556-a2fc-446e24642ceb,,"",
RETIRE_NOW,no-context,John Arthur,-366566,ut,State Representative District 41,t,t,Transportation Priorities,2.0,,10,10,t,4dede46d-7aae-44e0-bc1b-b7246279fc75,ba59337e-30e2-4aba-a39a-426b3366eb27,,"",
RETIRE_NOW,no-context,Ken Ivory,-374474,ut,State Representative District 39,t,t,Civil Rights and Social Justice,5.0,,10,10,t,f3c4cdf1-724e-43d6-ad59-70573badae75,0bc588c6-39e1-4084-b5de-cac909b8b762,,"",
RETIRE_NOW,no-context,Ken Ivory,-374474,ut,State Representative District 39,t,t,Climate Change and Environmental Protection,4.0,,10,10,t,f3c4cdf1-724e-43d6-ad59-70573badae75,f1e44d66-5d27-4b51-b54f-b7ace86f6a3c,,"",
RETIRE_NOW,no-context,Ken Ivory,-374474,ut,State Representative District 39,t,t,Deportation Priorities,5.0,,10,10,t,f3c4cdf1-724e-43d6-ad59-70573badae75,44905f3b-e105-4f6c-afc7-5d223813dbac,,"",
RETIRE_NOW,no-context,Ken Ivory,-374474,ut,State Representative District 39,t,t,Environmental Protection vs. Development,5.0,,10,10,t,f3c4cdf1-724e-43d6-ad59-70573badae75,1935979c-b290-42e4-baa5-8cb0138b4ffa,,"",
RETIRE_NOW,no-context,Ken Ivory,-374474,ut,State Representative District 39,t,t,Fossil Fuel Policy,5.0,,10,10,t,f3c4cdf1-724e-43d6-ad59-70573badae75,a22215c3-6693-4bc2-b248-01aebba14570,,"",
RETIRE_NOW,no-context,Ken Ivory,-374474,ut,State Representative District 39,t,t,Local Immigration Enforcement,5.0,,10,10,t,f3c4cdf1-724e-43d6-ad59-70573badae75,b9ccee94-ad96-4f10-b655-889d8e5abe92,,"",
RETIRE_NOW,no-context,Ken Ivory,-374474,ut,State Representative District 39,t,t,Reproductive Rights and Abortion Access,4.0,,10,10,t,f3c4cdf1-724e-43d6-ad59-70573badae75,af2fdfd6-02c4-49df-b09c-cf8536f4773f,,"",
RETIRE_NOW,no-context,Ken Ivory,-374474,ut,State Representative District 39,t,t,School Vouchers & Public Education Funding,5.0,,10,10,t,f3c4cdf1-724e-43d6-ad59-70573badae75,00b95a6a-75db-4521-b523-3326bba938de,,"",
RETIRE_NOW,no-context,Ken Ivory,-374474,ut,State Representative District 39,t,t,Taxation and Public Spending,4.0,,10,10,t,f3c4cdf1-724e-43d6-ad59-70573badae75,f7e5678d-dadd-4556-a2fc-446e24642ceb,,"",
RETIRE_NOW,no-context,Ken Ivory,-374474,ut,State Representative District 39,t,t,Transgender Athletes,5.0,,10,10,t,f3c4cdf1-724e-43d6-ad59-70573badae75,d1618b9c-0b9e-45af-b986-bb33d270b8e4,,"",
RETIRE_NOW,no-context,Mike Schultz,-378696,ut,State Representative District 12,t,t,Affordable Housing,4.0,,10,10,t,8a5e17bd-54c4-405d-9cba-c62d139cc5a9,669cac97-66a6-4087-b036-936fbe62efb3,,"",
RETIRE_NOW,no-context,Mike Schultz,-378696,ut,State Representative District 12,t,t,Civil Rights and Social Justice,5.0,,10,10,t,8a5e17bd-54c4-405d-9cba-c62d139cc5a9,0bc588c6-39e1-4084-b5de-cac909b8b762,,"",
RETIRE_NOW,no-context,Mike Schultz,-378696,ut,State Representative District 12,t,t,Criminalization of Homelessness,4.0,,10,10,t,8a5e17bd-54c4-405d-9cba-c62d139cc5a9,4938766b-b45a-46e3-93bd-b8b30651271a,,"",
RETIRE_NOW,no-context,Mike Schultz,-378696,ut,State Representative District 12,t,t,Fossil Fuel Policy,5.0,,10,10,t,8a5e17bd-54c4-405d-9cba-c62d139cc5a9,a22215c3-6693-4bc2-b248-01aebba14570,,"",
RETIRE_NOW,no-context,Mike Schultz,-378696,ut,State Representative District 12,t,t,Homelessness Response,4.0,,10,10,t,8a5e17bd-54c4-405d-9cba-c62d139cc5a9,6fbf39ae-6b19-4182-b4c2-6a8d25c86c0f,,"",
RETIRE_NOW,no-context,Mike Schultz,-378696,ut,State Representative District 12,t,t,Reproductive Rights and Abortion Access,4.0,,10,10,t,8a5e17bd-54c4-405d-9cba-c62d139cc5a9,af2fdfd6-02c4-49df-b09c-cf8536f4773f,,"",
RETIRE_NOW,no-context,Mike Schultz,-378696,ut,State Representative District 12,t,t,School Vouchers & Public Education Funding,5.0,,10,10,t,8a5e17bd-54c4-405d-9cba-c62d139cc5a9,00b95a6a-75db-4521-b523-3326bba938de,,"",
RETIRE_NOW,no-context,Mike Schultz,-378696,ut,State Representative District 12,t,t,Taxation and Public Spending,4.0,,10,10,t,8a5e17bd-54c4-405d-9cba-c62d139cc5a9,f7e5678d-dadd-4556-a2fc-446e24642ceb,,"",
RETIRE_NOW,no-context,Mike Schultz,-378696,ut,State Representative District 12,t,t,Transgender Athletes,5.0,,10,10,t,8a5e17bd-54c4-405d-9cba-c62d139cc5a9,d1618b9c-0b9e-45af-b986-bb33d270b8e4,,"",
RETIRE_NOW,no-context,Mike Schultz,-378696,ut,State Representative District 12,t,t,Voting Rights and Electoral Integrity,4.0,,10,10,t,8a5e17bd-54c4-405d-9cba-c62d139cc5a9,d1792200-1d3b-4955-a0b7-0e6980d7a7b2,,"",
RETIRE_NOW,no-context,Paul A. Cutler,-350401,ut,State Representative District 18,t,t,Artificial Intelligence Oversight,5.0,,10,10,t,09e74af3-fef0-4ec2-9cda-6cce28ebae3a,666bf03d-81fc-4138-ab15-69ae734c9023,,"",
RETIRE_NOW,no-context,Paul A. Cutler,-350401,ut,State Representative District 18,t,t,Civil Rights and Social Justice,5.0,,10,10,t,09e74af3-fef0-4ec2-9cda-6cce28ebae3a,0bc588c6-39e1-4084-b5de-cac909b8b762,,"",
RETIRE_NOW,no-context,Paul A. Cutler,-350401,ut,State Representative District 18,t,t,Deportation Priorities,5.0,,10,10,t,09e74af3-fef0-4ec2-9cda-6cce28ebae3a,44905f3b-e105-4f6c-afc7-5d223813dbac,,"",
RETIRE_NOW,no-context,Paul A. Cutler,-350401,ut,State Representative District 18,t,t,Environmental Protection vs. Development,2.0,,10,10,t,09e74af3-fef0-4ec2-9cda-6cce28ebae3a,1935979c-b290-42e4-baa5-8cb0138b4ffa,,"",
RETIRE_NOW,no-context,Paul A. Cutler,-350401,ut,State Representative District 18,t,t,Local Immigration Enforcement,5.0,,10,10,t,09e74af3-fef0-4ec2-9cda-6cce28ebae3a,b9ccee94-ad96-4f10-b655-889d8e5abe92,,"",
RETIRE_NOW,no-context,Paul A. Cutler,-350401,ut,State Representative District 18,t,t,Religious Freedom,5.0,,10,10,t,09e74af3-fef0-4ec2-9cda-6cce28ebae3a,6b9ba6d9-1001-43f5-b073-4d37130696fd,,"",
RETIRE_NOW,no-context,Paul A. Cutler,-350401,ut,State Representative District 18,t,t,Reproductive Rights and Abortion Access,4.0,,10,10,t,09e74af3-fef0-4ec2-9cda-6cce28ebae3a,af2fdfd6-02c4-49df-b09c-cf8536f4773f,,"",
RETIRE_NOW,no-context,Paul A. Cutler,-350401,ut,State Representative District 18,t,t,School Vouchers & Public Education Funding,5.0,,10,10,t,09e74af3-fef0-4ec2-9cda-6cce28ebae3a,00b95a6a-75db-4521-b523-3326bba938de,,"",
RETIRE_NOW,no-context,Paul A. Cutler,-350401,ut,State Representative District 18,t,t,Taxation and Public Spending,4.0,,10,10,t,09e74af3-fef0-4ec2-9cda-6cce28ebae3a,f7e5678d-dadd-4556-a2fc-446e24642ceb,,"",
RETIRE_NOW,no-context,Paul A. Cutler,-350401,ut,State Representative District 18,t,t,Voting Rights and Electoral Integrity,4.0,,10,10,t,09e74af3-fef0-4ec2-9cda-6cce28ebae3a,d1792200-1d3b-4955-a0b7-0e6980d7a7b2,,"",
RETIRE_NOW,no-context,Rex P. Shipp,-355685,ut,State Representative District 71,t,t,Childcare Affordability & Access,5.0,,10,10,t,9dc08f3d-5bef-4291-b385-edcfecdecbbf,c1ac1330-47f7-44ec-baf3-c913d926b97c,,"",
RETIRE_NOW,no-context,Rex P. Shipp,-355685,ut,State Representative District 71,t,t,Civil Rights and Social Justice,5.0,,10,10,t,9dc08f3d-5bef-4291-b385-edcfecdecbbf,0bc588c6-39e1-4084-b5de-cac909b8b762,,"",
RETIRE_NOW,no-context,Rex P. Shipp,-355685,ut,State Representative District 71,t,t,Deportation Priorities,5.0,,10,10,t,9dc08f3d-5bef-4291-b385-edcfecdecbbf,44905f3b-e105-4f6c-afc7-5d223813dbac,,"",
RETIRE_NOW,no-context,Rex P. Shipp,-355685,ut,State Representative District 71,t,t,Local Immigration Enforcement,5.0,,10,10,t,9dc08f3d-5bef-4291-b385-edcfecdecbbf,b9ccee94-ad96-4f10-b655-889d8e5abe92,,"",
RETIRE_NOW,no-context,Rex P. Shipp,-355685,ut,State Representative District 71,t,t,Medicare / Medicaid,4.0,,10,10,t,9dc08f3d-5bef-4291-b385-edcfecdecbbf,cab61e8a-64fe-4bbd-bc08-fe9914d0091b,,"",
RETIRE_NOW,no-context,Rex P. Shipp,-355685,ut,State Representative District 71,t,t,Reproductive Rights and Abortion Access,4.0,,10,10,t,9dc08f3d-5bef-4291-b385-edcfecdecbbf,af2fdfd6-02c4-49df-b09c-cf8536f4773f,,"",
RETIRE_NOW,no-context,Rex P. Shipp,-355685,ut,State Representative District 71,t,t,School Vouchers & Public Education Funding,5.0,,10,10,t,9dc08f3d-5bef-4291-b385-edcfecdecbbf,00b95a6a-75db-4521-b523-3326bba938de,,"",
RETIRE_NOW,no-context,Rex P. Shipp,-355685,ut,State Representative District 71,t,t,Taxation and Public Spending,4.0,,10,10,t,9dc08f3d-5bef-4291-b385-edcfecdecbbf,f7e5678d-dadd-4556-a2fc-446e24642ceb,,"",
RETIRE_NOW,no-context,Rex P. Shipp,-355685,ut,State Representative District 71,t,t,Transgender Athletes,5.0,,10,10,t,9dc08f3d-5bef-4291-b385-edcfecdecbbf,d1618b9c-0b9e-45af-b986-bb33d270b8e4,,"",
RETIRE_NOW,no-context,Rex P. Shipp,-355685,ut,State Representative District 71,t,t,Voting Rights and Electoral Integrity,4.0,,10,10,t,9dc08f3d-5bef-4291-b385-edcfecdecbbf,d1792200-1d3b-4955-a0b7-0e6980d7a7b2,,"",
RETIRE_NOW,no-context,Stephen L. Whyte,-324013,ut,State Representative District 63,t,t,Affordable Housing,4.0,,10,10,t,bca7a17c-82d9-4cbc-8858-7763d4c5fe87,669cac97-66a6-4087-b036-936fbe62efb3,,"",
RETIRE_NOW,no-context,Stephen L. Whyte,-324013,ut,State Representative District 63,t,t,Civil Rights and Social Justice,5.0,,10,10,t,bca7a17c-82d9-4cbc-8858-7763d4c5fe87,0bc588c6-39e1-4084-b5de-cac909b8b762,,"",
RETIRE_NOW,no-context,Stephen L. Whyte,-324013,ut,State Representative District 63,t,t,Deportation Priorities,5.0,,10,10,t,bca7a17c-82d9-4cbc-8858-7763d4c5fe87,44905f3b-e105-4f6c-afc7-5d223813dbac,,"",
RETIRE_NOW,no-context,Stephen L. Whyte,-324013,ut,State Representative District 63,t,t,Growth and Development Pace,5.0,,10,10,t,bca7a17c-82d9-4cbc-8858-7763d4c5fe87,fb25c1ac-91cc-49bf-8afc-c7fa22ef45e4,,"",
RETIRE_NOW,no-context,Stephen L. Whyte,-324013,ut,State Representative District 63,t,t,Local Immigration Enforcement,5.0,,10,10,t,bca7a17c-82d9-4cbc-8858-7763d4c5fe87,b9ccee94-ad96-4f10-b655-889d8e5abe92,,"",
RETIRE_NOW,no-context,Stephen L. Whyte,-324013,ut,State Representative District 63,t,t,Reproductive Rights and Abortion Access,4.0,,10,10,t,bca7a17c-82d9-4cbc-8858-7763d4c5fe87,af2fdfd6-02c4-49df-b09c-cf8536f4773f,,"",
RETIRE_NOW,no-context,Stephen L. Whyte,-324013,ut,State Representative District 63,t,t,Residential Zoning,5.0,,10,10,t,bca7a17c-82d9-4cbc-8858-7763d4c5fe87,d4f18138-a2e0-4110-b925-7387d9d0d16d,,"",
RETIRE_NOW,no-context,Stephen L. Whyte,-324013,ut,State Representative District 63,t,t,School Vouchers & Public Education Funding,5.0,,10,10,t,bca7a17c-82d9-4cbc-8858-7763d4c5fe87,00b95a6a-75db-4521-b523-3326bba938de,,"",
RETIRE_NOW,no-context,Stephen L. Whyte,-324013,ut,State Representative District 63,t,t,Taxation and Public Spending,4.0,,10,10,t,bca7a17c-82d9-4cbc-8858-7763d4c5fe87,f7e5678d-dadd-4556-a2fc-446e24642ceb,,"",
RETIRE_NOW,no-context,Stephen L. Whyte,-324013,ut,State Representative District 63,t,t,Voting Rights and Electoral Integrity,4.0,,10,10,t,bca7a17c-82d9-4cbc-8858-7763d4c5fe87,d1792200-1d3b-4955-a0b7-0e6980d7a7b2,,"",
RETIRE_NOW,no-context,Stewart E. Barlow,-370559,ut,State Representative District 17,t,t,Civil Rights and Social Justice,5.0,,10,10,t,2b2cf5ad-b226-48f6-a49b-616805019c35,0bc588c6-39e1-4084-b5de-cac909b8b762,,"",
RETIRE_NOW,no-context,Stewart E. Barlow,-370559,ut,State Representative District 17,t,t,Deportation Priorities,5.0,,10,10,t,2b2cf5ad-b226-48f6-a49b-616805019c35,44905f3b-e105-4f6c-afc7-5d223813dbac,,"",
RETIRE_NOW,no-context,Stewart E. Barlow,-370559,ut,State Representative District 17,t,t,Healthcare Access,5.0,,10,10,t,2b2cf5ad-b226-48f6-a49b-616805019c35,e8dad4a8-eb93-4931-91f5-d8fb5d7dd529,,"",
RETIRE_NOW,no-context,Stewart E. Barlow,-370559,ut,State Representative District 17,t,t,Local Immigration Enforcement,5.0,,10,10,t,2b2cf5ad-b226-48f6-a49b-616805019c35,b9ccee94-ad96-4f10-b655-889d8e5abe92,,"",
RETIRE_NOW,no-context,Stewart E. Barlow,-370559,ut,State Representative District 17,t,t,Medicare / Medicaid,4.0,,10,10,t,2b2cf5ad-b226-48f6-a49b-616805019c35,cab61e8a-64fe-4bbd-bc08-fe9914d0091b,,"",
RETIRE_NOW,no-context,Stewart E. Barlow,-370559,ut,State Representative District 17,t,t,Reproductive Rights and Abortion Access,4.0,,10,10,t,2b2cf5ad-b226-48f6-a49b-616805019c35,af2fdfd6-02c4-49df-b09c-cf8536f4773f,,"",
RETIRE_NOW,no-context,Stewart E. Barlow,-370559,ut,State Representative District 17,t,t,School Vouchers & Public Education Funding,5.0,,10,10,t,2b2cf5ad-b226-48f6-a49b-616805019c35,00b95a6a-75db-4521-b523-3326bba938de,,"",
RETIRE_NOW,no-context,Stewart E. Barlow,-370559,ut,State Representative District 17,t,t,Taxation and Public Spending,4.0,,10,10,t,2b2cf5ad-b226-48f6-a49b-616805019c35,f7e5678d-dadd-4556-a2fc-446e24642ceb,,"",
RETIRE_NOW,no-context,Stewart E. Barlow,-370559,ut,State Representative District 17,t,t,Transgender Athletes,5.0,,10,10,t,2b2cf5ad-b226-48f6-a49b-616805019c35,d1618b9c-0b9e-45af-b986-bb33d270b8e4,,"",
RETIRE_NOW,no-context,Stewart E. Barlow,-370559,ut,State Representative District 17,t,t,Voting Rights and Electoral Integrity,4.0,,10,10,t,2b2cf5ad-b226-48f6-a49b-616805019c35,d1792200-1d3b-4955-a0b7-0e6980d7a7b2,,"",
RETIRE_NOW,no-context,Val L. Peterson,-340305,ut,State Representative District 56,t,t,Childcare Affordability & Access,5.0,,10,10,t,61816aa4-4de0-4e1a-a249-cea5e2a8d169,c1ac1330-47f7-44ec-baf3-c913d926b97c,,"",
RETIRE_NOW,no-context,Val L. Peterson,-340305,ut,State Representative District 56,t,t,Civil Rights and Social Justice,5.0,,10,10,t,61816aa4-4de0-4e1a-a249-cea5e2a8d169,0bc588c6-39e1-4084-b5de-cac909b8b762,,"",
RETIRE_NOW,no-context,Val L. Peterson,-340305,ut,State Representative District 56,t,t,Deportation Priorities,5.0,,10,10,t,61816aa4-4de0-4e1a-a249-cea5e2a8d169,44905f3b-e105-4f6c-afc7-5d223813dbac,,"",
RETIRE_NOW,no-context,Val L. Peterson,-340305,ut,State Representative District 56,t,t,Immigration and Treatment of Immigrants,5.0,,10,10,t,61816aa4-4de0-4e1a-a249-cea5e2a8d169,4e2c69ce-591e-4197-9cd5-7aceff79d390,,"",
RETIRE_NOW,no-context,Val L. Peterson,-340305,ut,State Representative District 56,t,t,Local Immigration Enforcement,5.0,,10,10,t,61816aa4-4de0-4e1a-a249-cea5e2a8d169,b9ccee94-ad96-4f10-b655-889d8e5abe92,,"",
RETIRE_NOW,no-context,Val L. Peterson,-340305,ut,State Representative District 56,t,t,Reproductive Rights and Abortion Access,4.0,,10,10,t,61816aa4-4de0-4e1a-a249-cea5e2a8d169,af2fdfd6-02c4-49df-b09c-cf8536f4773f,,"",
RETIRE_NOW,no-context,Val L. Peterson,-340305,ut,State Representative District 56,t,t,School Vouchers & Public Education Funding,5.0,,10,10,t,61816aa4-4de0-4e1a-a249-cea5e2a8d169,00b95a6a-75db-4521-b523-3326bba938de,,"",
RETIRE_NOW,no-context,Val L. Peterson,-340305,ut,State Representative District 56,t,t,Taxation and Public Spending,4.0,,10,10,t,61816aa4-4de0-4e1a-a249-cea5e2a8d169,f7e5678d-dadd-4556-a2fc-446e24642ceb,,"",
RETIRE_NOW,no-context,Val L. Peterson,-340305,ut,State Representative District 56,t,t,Transgender Athletes,5.0,,10,10,t,61816aa4-4de0-4e1a-a249-cea5e2a8d169,d1618b9c-0b9e-45af-b986-bb33d270b8e4,,"",
RETIRE_NOW,no-context,Val L. Peterson,-340305,ut,State Representative District 56,t,t,Voting Rights and Electoral Integrity,4.0,,10,10,t,61816aa4-4de0-4e1a-a249-cea5e2a8d169,d1792200-1d3b-4955-a0b7-0e6980d7a7b2,,"",
RETIRE_NOW,no-context,A. Cory Maloy,-338877,ut,State Representative District 52,t,t,Childcare Affordability & Access,5.0,,9,9,t,a42272fb-f41b-4a64-86d5-a0a0eeec5b82,c1ac1330-47f7-44ec-baf3-c913d926b97c,,"",
RETIRE_NOW,no-context,A. Cory Maloy,-338877,ut,State Representative District 52,t,t,Civil Rights and Social Justice,5.0,,9,9,t,a42272fb-f41b-4a64-86d5-a0a0eeec5b82,0bc588c6-39e1-4084-b5de-cac909b8b762,,"",
RETIRE_NOW,no-context,A. Cory Maloy,-338877,ut,State Representative District 52,t,t,Deportation Priorities,5.0,,9,9,t,a42272fb-f41b-4a64-86d5-a0a0eeec5b82,44905f3b-e105-4f6c-afc7-5d223813dbac,,"",
RETIRE_NOW,no-context,A. Cory Maloy,-338877,ut,State Representative District 52,t,t,Local Immigration Enforcement,5.0,,9,9,t,a42272fb-f41b-4a64-86d5-a0a0eeec5b82,b9ccee94-ad96-4f10-b655-889d8e5abe92,,"",
RETIRE_NOW,no-context,A. Cory Maloy,-338877,ut,State Representative District 52,t,t,Reproductive Rights and Abortion Access,4.0,,9,9,t,a42272fb-f41b-4a64-86d5-a0a0eeec5b82,af2fdfd6-02c4-49df-b09c-cf8536f4773f,,"",
RETIRE_NOW,no-context,A. Cory Maloy,-338877,ut,State Representative District 52,t,t,School Vouchers & Public Education Funding,5.0,,9,9,t,a42272fb-f41b-4a64-86d5-a0a0eeec5b82,00b95a6a-75db-4521-b523-3326bba938de,,"",
RETIRE_NOW,no-context,A. Cory Maloy,-338877,ut,State Representative District 52,t,t,Taxation and Public Spending,4.0,,9,9,t,a42272fb-f41b-4a64-86d5-a0a0eeec5b82,f7e5678d-dadd-4556-a2fc-446e24642ceb,,"",
RETIRE_NOW,no-context,A. Cory Maloy,-338877,ut,State Representative District 52,t,t,Transgender Athletes,5.0,,9,9,t,a42272fb-f41b-4a64-86d5-a0a0eeec5b82,d1618b9c-0b9e-45af-b986-bb33d270b8e4,,"",
RETIRE_NOW,no-context,A. Cory Maloy,-338877,ut,State Representative District 52,t,t,Voting Rights and Electoral Integrity,4.0,,9,9,t,a42272fb-f41b-4a64-86d5-a0a0eeec5b82,d1792200-1d3b-4955-a0b7-0e6980d7a7b2,,"",
VERIFY,bio-only:unverified,Casey Shepard,-4811701,(none),(not seated),f,t,Affordable Housing,2.0,,9,9,t,1d67c8ad-ef38-47d6-8dae-691d0bc7bf9e,669cac97-66a6-4087-b036-936fbe62efb3,https://ballotpedia.org/Casey_Shepard,"His platform supports ""restoring Section 8, rental assistance, public housing, government-backed mortgage aid, and HUD programs for low-income housing"" plus tax incentives to build affordable housing -- a strong public role in housing.",
VERIFY,bio-only:unverified,Casey Shepard,-4811701,(none),(not seated),f,t,Civil Rights and Social Justice,2.0,,9,9,t,1d67c8ad-ef38-47d6-8dae-691d0bc7bf9e,0bc588c6-39e1-4084-b5de-cac909b8b762,https://ballotpedia.org/Casey_Shepard,"His survey supports ""racial justice and DEI"" and ""gender equality"" as priorities -- strengthening civil-rights enforcement and addressing systemic discrimination.",
VERIFY,bio-only:unverified,Casey Shepard,-4811701,(none),(not seated),f,t,Climate Change and Environmental Protection,2.0,,9,9,t,1d67c8ad-ef38-47d6-8dae-691d0bc7bf9e,f1e44d66-5d27-4b51-b54f-b7ace86f6a3c,https://ballotpedia.org/Casey_Shepard,"His survey calls for ""a renewable-energy economy"" and ""climate change action"" -- rapidly transitioning toward renewable energy.",
VERIFY,bio-only:unverified,Casey Shepard,-4811701,(none),(not seated),f,t,Healthcare Access,2.0,,9,9,t,1d67c8ad-ef38-47d6-8dae-691d0bc7bf9e,e8dad4a8-eb93-4931-91f5-d8fb5d7dd529,https://ballotpedia.org/Casey_Shepard,"His survey prioritizes ""healthcare access"" -- improving ""ACA premium subsidies, Medicaid, CHIP"" and strengthening medical funding ""so every American can get help when they are sick"" -- affordable coverage through expanded public programs and regulation.",
VERIFY,bio-only:unverified,Casey Shepard,-4811701,(none),(not seated),f,t,Immigration and Treatment of Immigrants,2.0,,9,9,t,1d67c8ad-ef38-47d6-8dae-691d0bc7bf9e,4e2c69ce-591e-4197-9cd5-7aceff79d390,https://ballotpedia.org/Casey_Shepard,"His survey backs ""compassionate immigration reform"" and updating immigration policy so more trained medical workers can legally serve -- a welcoming, reform-oriented posture.",
VERIFY,bio-only:unverified,Casey Shepard,-4811701,(none),(not seated),f,t,Medicare / Medicaid,3.0,,9,9,t,1d67c8ad-ef38-47d6-8dae-691d0bc7bf9e,cab61e8a-64fe-4bbd-bc08-fe9914d0091b,https://ballotpedia.org/Casey_Shepard,"His platform pledges to ""Restore support for Medicaid and Medicare to ensure seniors, families, and people with disabilities receive the care they need"" and improve CHIP -- improving the current programs.",
VERIFY,bio-only:unverified,Casey Shepard,-4811701,(none),(not seated),f,t,Reproductive Rights and Abortion Access,2.0,,9,9,t,1d67c8ad-ef38-47d6-8dae-691d0bc7bf9e,af2fdfd6-02c4-49df-b09c-cf8536f4773f,https://ballotpedia.org/Casey_Shepard,"His survey lists ""bodily autonomy"" among the Democratic priorities he will fight for -- supporting legal, accessible reproductive choice.",
VERIFY,bio-only:unverified,Casey Shepard,-4811701,(none),(not seated),f,t,United States Tariff Policy,2.0,,9,9,t,1d67c8ad-ef38-47d6-8dae-691d0bc7bf9e,683c8084-2281-4920-a07c-18439b2dd413,https://ballotpedia.org/Casey_Shepard,"His platform calls for ""mutually beneficial trade policy"" and ""ending tariffs that raise food prices"" -- reducing tariffs that drive up costs.",
VERIFY,bio-only:unverified,Casey Shepard,-4811701,(none),(not seated),f,t,Voting Rights and Electoral Integrity,2.0,,9,9,t,1d67c8ad-ef38-47d6-8dae-691d0bc7bf9e,d1792200-1d3b-4955-a0b7-0e6980d7a7b2,https://ballotpedia.org/Casey_Shepard,"His survey lists ""expanded voter access"" among the Democratic priorities he will pursue -- expanding access to the ballot.",
RETIRE_NOW,no-context,Christine F. Watkins,-325428,ut,State Representative District 67,t,t,Childcare Affordability & Access,2.0,,9,9,t,a3b3d1db-2305-452a-9d53-2627547d751f,c1ac1330-47f7-44ec-baf3-c913d926b97c,,"",
RETIRE_NOW,no-context,Christine F. Watkins,-325428,ut,State Representative District 67,t,t,Civil Rights and Social Justice,5.0,,9,9,t,a3b3d1db-2305-452a-9d53-2627547d751f,0bc588c6-39e1-4084-b5de-cac909b8b762,,"",
RETIRE_NOW,no-context,Christine F. Watkins,-325428,ut,State Representative District 67,t,t,Deportation Priorities,5.0,,9,9,t,a3b3d1db-2305-452a-9d53-2627547d751f,44905f3b-e105-4f6c-afc7-5d223813dbac,,"",
RETIRE_NOW,no-context,Christine F. Watkins,-325428,ut,State Representative District 67,t,t,Fossil Fuel Policy,5.0,,9,9,t,a3b3d1db-2305-452a-9d53-2627547d751f,a22215c3-6693-4bc2-b248-01aebba14570,,"",
RETIRE_NOW,no-context,Christine F. Watkins,-325428,ut,State Representative District 67,t,t,Local Immigration Enforcement,5.0,,9,9,t,a3b3d1db-2305-452a-9d53-2627547d751f,b9ccee94-ad96-4f10-b655-889d8e5abe92,,"",
RETIRE_NOW,no-context,Christine F. Watkins,-325428,ut,State Representative District 67,t,t,School Vouchers & Public Education Funding,5.0,,9,9,t,a3b3d1db-2305-452a-9d53-2627547d751f,00b95a6a-75db-4521-b523-3326bba938de,,"",
RETIRE_NOW,no-context,Christine F. Watkins,-325428,ut,State Representative District 67,t,t,Taxation and Public Spending,4.0,,9,9,t,a3b3d1db-2305-452a-9d53-2627547d751f,f7e5678d-dadd-4556-a2fc-446e24642ceb,,"",
RETIRE_NOW,no-context,Christine F. Watkins,-325428,ut,State Representative District 67,t,t,Transgender Athletes,5.0,,9,9,t,a3b3d1db-2305-452a-9d53-2627547d751f,d1618b9c-0b9e-45af-b986-bb33d270b8e4,,"",
RETIRE_NOW,no-context,Christine F. Watkins,-325428,ut,State Representative District 67,t,t,Voting Rights and Electoral Integrity,4.0,,9,9,t,a3b3d1db-2305-452a-9d53-2627547d751f,d1792200-1d3b-4955-a0b7-0e6980d7a7b2,,"",
RETIRE_NOW,no-context,Don L. Ipson,-313621,ut,State Senator District 29,t,t,Civil Rights and Social Justice,5.0,,9,9,t,389df734-b0a0-4223-befd-e02105c4160b,0bc588c6-39e1-4084-b5de-cac909b8b762,,"",
RETIRE_NOW,no-context,Don L. Ipson,-313621,ut,State Senator District 29,t,t,Deportation Priorities,5.0,,9,9,t,389df734-b0a0-4223-befd-e02105c4160b,44905f3b-e105-4f6c-afc7-5d223813dbac,,"",
RETIRE_NOW,no-context,Don L. Ipson,-313621,ut,State Senator District 29,t,t,Local Immigration Enforcement,5.0,,9,9,t,389df734-b0a0-4223-befd-e02105c4160b,b9ccee94-ad96-4f10-b655-889d8e5abe92,,"",
RETIRE_NOW,no-context,Don L. Ipson,-313621,ut,State Senator District 29,t,t,Reproductive Rights and Abortion Access,4.0,,9,9,t,389df734-b0a0-4223-befd-e02105c4160b,af2fdfd6-02c4-49df-b09c-cf8536f4773f,,"",
RETIRE_NOW,no-context,Don L. Ipson,-313621,ut,State Senator District 29,t,t,School Vouchers & Public Education Funding,5.0,,9,9,t,389df734-b0a0-4223-befd-e02105c4160b,00b95a6a-75db-4521-b523-3326bba938de,,"",
RETIRE_NOW,no-context,Don L. Ipson,-313621,ut,State Senator District 29,t,t,Taxation and Public Spending,4.0,,9,9,t,389df734-b0a0-4223-befd-e02105c4160b,f7e5678d-dadd-4556-a2fc-446e24642ceb,,"",
RETIRE_NOW,no-context,Don L. Ipson,-313621,ut,State Senator District 29,t,t,Transgender Athletes,5.0,,9,9,t,389df734-b0a0-4223-befd-e02105c4160b,d1618b9c-0b9e-45af-b986-bb33d270b8e4,,"",
RETIRE_NOW,no-context,Don L. Ipson,-313621,ut,State Senator District 29,t,t,Transportation Priorities,5.0,,9,9,t,389df734-b0a0-4223-befd-e02105c4160b,ba59337e-30e2-4aba-a39a-426b3366eb27,,"",
RETIRE_NOW,no-context,Don L. Ipson,-313621,ut,State Senator District 29,t,t,Voting Rights and Electoral Integrity,4.0,,9,9,t,389df734-b0a0-4223-befd-e02105c4160b,d1792200-1d3b-4955-a0b7-0e6980d7a7b2,,"",
RETIRE_NOW,no-context,Karen M. Peterson,-322447,ut,State Representative District 13,t,t,Affordable Housing,4.0,,9,9,t,4bd1e5b2-b848-40a7-86b4-bab6140c525c,669cac97-66a6-4087-b036-936fbe62efb3,,"",
RETIRE_NOW,no-context,Karen M. Peterson,-322447,ut,State Representative District 13,t,t,Civil Rights and Social Justice,5.0,,9,9,t,4bd1e5b2-b848-40a7-86b4-bab6140c525c,0bc588c6-39e1-4084-b5de-cac909b8b762,,"",
RETIRE_NOW,no-context,Karen M. Peterson,-322447,ut,State Representative District 13,t,t,Economic Development Incentives,2.0,,9,9,t,4bd1e5b2-b848-40a7-86b4-bab6140c525c,eb3d1247-0de1-4b7f-baec-7259861efd53,,"",
RETIRE_NOW,no-context,Karen M. Peterson,-322447,ut,State Representative District 13,t,t,Reproductive Rights and Abortion Access,4.0,,9,9,t,4bd1e5b2-b848-40a7-86b4-bab6140c525c,af2fdfd6-02c4-49df-b09c-cf8536f4773f,,"",
RETIRE_NOW,no-context,Karen M. Peterson,-322447,ut,State Representative District 13,t,t,Residential Zoning,2.0,,9,9,t,4bd1e5b2-b848-40a7-86b4-bab6140c525c,d4f18138-a2e0-4110-b925-7387d9d0d16d,,"",
RETIRE_NOW,no-context,Karen M. Peterson,-322447,ut,State Representative District 13,t,t,School Vouchers & Public Education Funding,5.0,,9,9,t,4bd1e5b2-b848-40a7-86b4-bab6140c525c,00b95a6a-75db-4521-b523-3326bba938de,,"",
RETIRE_NOW,no-context,Karen M. Peterson,-322447,ut,State Representative District 13,t,t,Taxation and Public Spending,4.0,,9,9,t,4bd1e5b2-b848-40a7-86b4-bab6140c525c,f7e5678d-dadd-4556-a2fc-446e24642ceb,,"",
RETIRE_NOW,no-context,Karen M. Peterson,-322447,ut,State Representative District 13,t,t,Transgender Athletes,5.0,,9,9,t,4bd1e5b2-b848-40a7-86b4-bab6140c525c,d1618b9c-0b9e-45af-b986-bb33d270b8e4,,"",
RETIRE_NOW,no-context,Karen M. Peterson,-322447,ut,State Representative District 13,t,t,Voting Rights and Electoral Integrity,4.0,,9,9,t,4bd1e5b2-b848-40a7-86b4-bab6140c525c,d1792200-1d3b-4955-a0b7-0e6980d7a7b2,,"",
RETIRE_NOW,no-context,Verona Mauga,-329161,ut,State Representative District 31,t,t,Affordable Housing,2.0,,9,9,t,fff09fb0-57ee-479f-bea1-6548cf622167,669cac97-66a6-4087-b036-936fbe62efb3,,"",
RETIRE_NOW,no-context,Verona Mauga,-329161,ut,State Representative District 31,t,t,Civil Rights and Social Justice,1.0,,9,9,t,fff09fb0-57ee-479f-bea1-6548cf622167,0bc588c6-39e1-4084-b5de-cac909b8b762,,"",
RETIRE_NOW,no-context,Verona Mauga,-329161,ut,State Representative District 31,t,t,Deportation Priorities,1.0,,9,9,t,fff09fb0-57ee-479f-bea1-6548cf622167,44905f3b-e105-4f6c-afc7-5d223813dbac,,"",
RETIRE_NOW,no-context,Verona Mauga,-329161,ut,State Representative District 31,t,t,Immigration and Treatment of Immigrants,2.0,,9,9,t,fff09fb0-57ee-479f-bea1-6548cf622167,4e2c69ce-591e-4197-9cd5-7aceff79d390,,"",
RETIRE_NOW,no-context,Verona Mauga,-329161,ut,State Representative District 31,t,t,Local Immigration Enforcement,1.0,,9,9,t,fff09fb0-57ee-479f-bea1-6548cf622167,b9ccee94-ad96-4f10-b655-889d8e5abe92,,"",
RETIRE_NOW,no-context,Verona Mauga,-329161,ut,State Representative District 31,t,t,Public Safety Approach,2.0,,9,9,t,fff09fb0-57ee-479f-bea1-6548cf622167,e9ebefcd-c496-45e8-b816-a79f8442ba85,,"",
RETIRE_NOW,no-context,Verona Mauga,-329161,ut,State Representative District 31,t,t,Reproductive Rights and Abortion Access,2.0,,9,9,t,fff09fb0-57ee-479f-bea1-6548cf622167,af2fdfd6-02c4-49df-b09c-cf8536f4773f,,"",
RETIRE_NOW,no-context,Verona Mauga,-329161,ut,State Representative District 31,t,t,Transportation Priorities,1.0,,9,9,t,fff09fb0-57ee-479f-bea1-6548cf622167,ba59337e-30e2-4aba-a39a-426b3366eb27,,"",
RETIRE_NOW,no-context,Verona Mauga,-329161,ut,State Representative District 31,t,t,Voting Rights and Electoral Integrity,2.0,,9,9,t,fff09fb0-57ee-479f-bea1-6548cf622167,d1792200-1d3b-4955-a0b7-0e6980d7a7b2,,"",
RETIRE_NOW,no-context,Walt Brooks,-355962,ut,State Representative District 75,t,t,Civil Rights and Social Justice,5.0,,9,9,t,f496b2b2-78eb-4c58-905d-625320de5865,0bc588c6-39e1-4084-b5de-cac909b8b762,,"",
RETIRE_NOW,no-context,Walt Brooks,-355962,ut,State Representative District 75,t,t,Deportation Priorities,5.0,,9,9,t,f496b2b2-78eb-4c58-905d-625320de5865,44905f3b-e105-4f6c-afc7-5d223813dbac,,"",
RETIRE_NOW,no-context,Walt Brooks,-355962,ut,State Representative District 75,t,t,Local Immigration Enforcement,5.0,,9,9,t,f496b2b2-78eb-4c58-905d-625320de5865,b9ccee94-ad96-4f10-b655-889d8e5abe92,,"",
RETIRE_NOW,no-context,Walt Brooks,-355962,ut,State Representative District 75,t,t,Medicare / Medicaid,4.0,,9,9,t,f496b2b2-78eb-4c58-905d-625320de5865,cab61e8a-64fe-4bbd-bc08-fe9914d0091b,,"",
RETIRE_NOW,no-context,Walt Brooks,-355962,ut,State Representative District 75,t,t,Reproductive Rights and Abortion Access,4.0,,9,9,t,f496b2b2-78eb-4c58-905d-625320de5865,af2fdfd6-02c4-49df-b09c-cf8536f4773f,,"",
RETIRE_NOW,no-context,Walt Brooks,-355962,ut,State Representative District 75,t,t,School Vouchers & Public Education Funding,5.0,,9,9,t,f496b2b2-78eb-4c58-905d-625320de5865,00b95a6a-75db-4521-b523-3326bba938de,,"",
RETIRE_NOW,no-context,Walt Brooks,-355962,ut,State Representative District 75,t,t,Taxation and Public Spending,4.0,,9,9,t,f496b2b2-78eb-4c58-905d-625320de5865,f7e5678d-dadd-4556-a2fc-446e24642ceb,,"",
RETIRE_NOW,no-context,Walt Brooks,-355962,ut,State Representative District 75,t,t,Transgender Athletes,5.0,,9,9,t,f496b2b2-78eb-4c58-905d-625320de5865,d1618b9c-0b9e-45af-b986-bb33d270b8e4,,"",
RETIRE_NOW,no-context,Walt Brooks,-355962,ut,State Representative District 75,t,t,Voting Rights and Electoral Integrity,4.0,,9,9,t,f496b2b2-78eb-4c58-905d-625320de5865,d1792200-1d3b-4955-a0b7-0e6980d7a7b2,,"",
RETIRE_NOW,no-context,Anthony E. Loubet,-311260,ut,State Representative District 27,t,t,Civil Rights and Social Justice,5.0,,8,8,t,c515ad70-3ced-4c95-b697-f3260bd80a71,0bc588c6-39e1-4084-b5de-cac909b8b762,,"",
RETIRE_NOW,no-context,Anthony E. Loubet,-311260,ut,State Representative District 27,t,t,Deportation Priorities,5.0,,8,8,t,c515ad70-3ced-4c95-b697-f3260bd80a71,44905f3b-e105-4f6c-afc7-5d223813dbac,,"",
RETIRE_NOW,no-context,Anthony E. Loubet,-311260,ut,State Representative District 27,t,t,Local Immigration Enforcement,5.0,,8,8,t,c515ad70-3ced-4c95-b697-f3260bd80a71,b9ccee94-ad96-4f10-b655-889d8e5abe92,,"",
RETIRE_NOW,no-context,Anthony E. Loubet,-311260,ut,State Representative District 27,t,t,Reproductive Rights and Abortion Access,4.0,,8,8,t,c515ad70-3ced-4c95-b697-f3260bd80a71,af2fdfd6-02c4-49df-b09c-cf8536f4773f,,"",
RETIRE_NOW,no-context,Anthony E. Loubet,-311260,ut,State Representative District 27,t,t,Residential Zoning,1.0,,8,8,t,c515ad70-3ced-4c95-b697-f3260bd80a71,d4f18138-a2e0-4110-b925-7387d9d0d16d,,"",
RETIRE_NOW,no-context,Anthony E. Loubet,-311260,ut,State Representative District 27,t,t,School Vouchers & Public Education Funding,5.0,,8,8,t,c515ad70-3ced-4c95-b697-f3260bd80a71,00b95a6a-75db-4521-b523-3326bba938de,,"",
RETIRE_NOW,no-context,Anthony E. Loubet,-311260,ut,State Representative District 27,t,t,Taxation and Public Spending,4.0,,8,8,t,c515ad70-3ced-4c95-b697-f3260bd80a71,f7e5678d-dadd-4556-a2fc-446e24642ceb,,"",
RETIRE_NOW,no-context,Anthony E. Loubet,-311260,ut,State Representative District 27,t,t,Voting Rights and Electoral Integrity,4.0,,8,8,t,c515ad70-3ced-4c95-b697-f3260bd80a71,d1792200-1d3b-4955-a0b7-0e6980d7a7b2,,"",
VERIFY,bio-only:unverified,Chelsey Hockett,-4810501,(none),(not seated),f,t,Artificial Intelligence Oversight,4.0,,8,8,t,e63791e7-3d09-4da1-a28c-b3e221491c15,666bf03d-81fc-4138-ab15-69ae734c9023,https://ballotpedia.org/Chelsey_Hockett,"Her survey says the government ""should set clear rules, enforce environmental and safety standards, prevent misuse"" of AI because companies have ""almost no accountability"" -- requiring safety standards and restricting harmful AI uses.",
VERIFY,bio-only:unverified,Chelsey Hockett,-4810501,(none),(not seated),f,t,Civil Rights and Social Justice,2.0,,8,8,t,e63791e7-3d09-4da1-a28c-b3e221491c15,0bc588c6-39e1-4084-b5de-cac909b8b762,https://ballotpedia.org/Chelsey_Hockett,"Her survey commits to ""protecting civil rights"" and confronting ""greed, racism, censorship,"" naming systemic racism as a challenge the country must address -- strengthening civil-rights enforcement.",
VERIFY,bio-only:unverified,Chelsey Hockett,-4810501,(none),(not seated),f,t,Healthcare Access,2.0,,8,8,t,e63791e7-3d09-4da1-a28c-b3e221491c15,e8dad4a8-eb93-4931-91f5-d8fb5d7dd529,https://ballotpedia.org/Chelsey_Hockett,"Her survey states ""I believe healthcare is a human right"" and lists ""expanding healthcare"" and ""affordable healthcare"" as core goals -- guaranteeing affordable coverage through expanded public programs and regulation.",
VERIFY,bio-only:unverified,Chelsey Hockett,-4810501,(none),(not seated),f,t,Immigration and Treatment of Immigrants,2.0,,8,8,t,e63791e7-3d09-4da1-a28c-b3e221491c15,4e2c69ce-591e-4197-9cd5-7aceff79d390,https://ballotpedia.org/Chelsey_Hockett,"Her survey calls for ""a humane and functional immigration system"" that ""protects families"" and rejects cruelty, citing students who disappeared due to immigration enforcement -- a welcoming, pro-family posture.",
VERIFY,bio-only:unverified,Chelsey Hockett,-4810501,(none),(not seated),f,t,Reproductive Rights and Abortion Access,2.0,,8,8,t,e63791e7-3d09-4da1-a28c-b3e221491c15,af2fdfd6-02c4-49df-b09c-cf8536f4773f,https://ballotpedia.org/Chelsey_Hockett,"Her survey makes reproductive freedom a central, personal priority (""I will not trade away reproductive freedom"") rooted in her own experience with reproductive health -- supporting legal, accessible abortion free of political control.",
VERIFY,bio-only:unverified,Chelsey Hockett,-4810501,(none),(not seated),f,t,School Vouchers & Public Education Funding,1.0,,8,8,t,e63791e7-3d09-4da1-a28c-b3e221491c15,00b95a6a-75db-4521-b523-3326bba938de,https://ballotpedia.org/Chelsey_Hockett,"Her survey repeatedly champions ""fully funded public schools"" and protecting public education from censorship -- prioritizing full public-school funding over diverting funds elsewhere.",
VERIFY,bio-only:unverified,Chelsey Hockett,-4810501,(none),(not seated),f,t,Social Security,2.0,,8,8,t,e63791e7-3d09-4da1-a28c-b3e221491c15,87d20824-a6e9-407b-983c-65440084a0ab,https://ballotpedia.org/Chelsey_Hockett,"Her campaign platform pledges to ""increase Social Security benefits to protect our senior citizens"" and to keep increasing them with the cost of living -- strengthening benefits rather than cutting them.",
VERIFY,bio-only:unverified,Chelsey Hockett,-4810501,(none),(not seated),f,t,Voting Rights and Electoral Integrity,2.0,,8,8,t,e63791e7-3d09-4da1-a28c-b3e221491c15,d1792200-1d3b-4955-a0b7-0e6980d7a7b2,https://ballotpedia.org/Chelsey_Hockett,"Her survey would ""expand access to the ballot while keeping the system secure,"" notes voter fraud is extremely rare, and would make voting accessible and remove barriers for every eligible voter.",
VERIFY,bio-only:unverified,Christian Menefee,-100318,tx,Representative,t,t,Affordable Housing,3.0,,8,8,t,76cfc903-921f-4c45-b10a-cbfa8bb1859f,669cac97-66a6-4087-b036-936fbe62efb3,https://ballotpedia.org/Christian_Menefee,"His platform pledges to ""Make it easier to build homes that the average person can afford"" and ""Provide down payment help for first-time homebuyers"" -- targeted assistance and easier permitting rather than direct public housing or pure market reliance.",
VERIFY,bio-only:unverified,Christian Menefee,-100318,tx,Representative,t,t,Childcare Affordability & Access,2.0,,8,8,t,76cfc903-921f-4c45-b10a-cbfa8bb1859f,c1ac1330-47f7-44ec-baf3-c913d926b97c,https://ballotpedia.org/Christian_Menefee,"His platform pledges to ""Expand tax credits for parents and caregivers"" and fund early childhood education, noting childcare is ""out of reach for too many"" -- significantly expanding childcare affordability support.",
VERIFY,bio-only:unverified,Christian Menefee,-100318,tx,Representative,t,t,Healthcare Access,1.0,,8,8,t,76cfc903-921f-4c45-b10a-cbfa8bb1859f,e8dad4a8-eb93-4931-91f5-d8fb5d7dd529,https://ballotpedia.org/Christian_Menefee,"His campaign platform pledges to ""pass Medicare for All so everyone can see a doctor when they need one,"" with a section titled ""Guaranteeing Access to Healthcare Through Medicare for All"" -- a publicly run, single-payer system.",
VERIFY,bio-only:unverified,Christian Menefee,-100318,tx,Representative,t,t,Medicare / Medicaid,1.0,,8,8,t,76cfc903-921f-4c45-b10a-cbfa8bb1859f,cab61e8a-64fe-4bbd-bc08-fe9914d0091b,https://ballotpedia.org/Christian_Menefee,"His platform explicitly calls to ""pass Medicare for All"" and to protect Medicaid -- expanding Medicare to cover everyone regardless of age.",
VERIFY,bio-only:unverified,Christian Menefee,-100318,tx,Representative,t,t,Reproductive Rights and Abortion Access,2.0,,8,8,t,76cfc903-921f-4c45-b10a-cbfa8bb1859f,af2fdfd6-02c4-49df-b09c-cf8536f4773f,https://ballotpedia.org/Christian_Menefee,"His survey states ""Decisions about birth control, abortion, and IVF should be made by families -- not politicians,"" citing his court fights against Texas's abortion bans and his goal of ""restoring the right to choose"" -- keeping abortion legal and accessible.",
VERIFY,bio-only:unverified,Christian Menefee,-100318,tx,Representative,t,t,Social Security,3.0,,8,8,t,76cfc903-921f-4c45-b10a-cbfa8bb1859f,87d20824-a6e9-407b-983c-65440084a0ab,https://ballotpedia.org/Christian_Menefee,"His survey touts suing to stop federal layoffs ""that would have weakened Social Security"" and pledges to keep ""protecting the programs that working people count on"" -- preserving Social Security at current levels against cuts.",
VERIFY,bio-only:unverified,Christian Menefee,-100318,tx,Representative,t,t,Taxation and Public Spending,1.0,,8,8,t,76cfc903-921f-4c45-b10a-cbfa8bb1859f,f7e5678d-dadd-4556-a2fc-446e24642ceb,https://ballotpedia.org/Christian_Menefee,"His platform pledges to ""fix the tax code so that billionaires and large corporations pay their fair share"" to fund an expansive public agenda (Medicare for All, free college) -- significantly raising taxes on the wealthy to fund more public services.",
VERIFY,bio-only:unverified,Christian Menefee,-100318,tx,Representative,t,t,Voting Rights and Electoral Integrity,2.0,,8,8,t,76cfc903-921f-4c45-b10a-cbfa8bb1859f,d1792200-1d3b-4955-a0b7-0e6980d7a7b2,https://ballotpedia.org/Christian_Menefee,"His survey makes ""Protecting Our Democracy"" a top message -- he sued to stop ballot cancellations and pledges to pass the John Lewis Voting Rights Advancement Act and the Freedom to Vote Act -- expanding and protecting voter access.",
VERIFY,bio-only:unverified,Claire Valdez,-3610701,(none),(not seated),f,t,Affordable Housing,1.0,,8,8,t,df63051a-aef0-4c43-a17b-85b899642d72,669cac97-66a6-4087-b036-936fbe62efb3,https://ballotpedia.org/Claire_Valdez,"Her campaign website (quoted on Ballotpedia) pledges to pass the Homes Act ""to create a public option for housing,"" ""fully fund the New York City Housing Authority and repeal the Faircloth Amendment so we can build beautiful public housing again"" -- directly building and operating public housing.",
VERIFY,bio-only:unverified,Claire Valdez,-3610701,(none),(not seated),f,t,Climate Change and Environmental Protection,2.0,,8,8,t,df63051a-aef0-4c43-a17b-85b899642d72,f1e44d66-5d27-4b51-b54f-b7ace86f6a3c,https://ballotpedia.org/Claire_Valdez,"Her campaign website (quoted on Ballotpedia) pledges to ""cut pollution and lower costs by winning a Green New Deal that puts working people in charge of our energy system"" -- rapidly transitioning to renewable energy.",
VERIFY,bio-only:unverified,Claire Valdez,-3610701,(none),(not seated),f,t,Deportation Priorities,1.0,,8,8,t,df63051a-aef0-4c43-a17b-85b899642d72,44905f3b-e105-4f6c-afc7-5d223813dbac,https://ballotpedia.org/Claire_Valdez,"Her campaign website (quoted on Ballotpedia) pledges to ""fight to dismantle and abolish ICE"" -- ending the deportation enforcement regime and protecting residents from removal.",
VERIFY,bio-only:unverified,Claire Valdez,-3610701,(none),(not seated),f,t,Fossil Fuel Policy,2.0,,8,8,t,df63051a-aef0-4c43-a17b-85b899642d72,a22215c3-6693-4bc2-b248-01aebba14570,https://ballotpedia.org/Claire_Valdez,"Her campaign website (quoted on Ballotpedia) decries generations of ""fossil fuel pollution"" in NY-7 and vows to ""make polluters pay"" while winning a Green New Deal -- phasing out fossil-fuel reliance.",
VERIFY,bio-only:unverified,Claire Valdez,-3610701,(none),(not seated),f,t,Healthcare Access,1.0,,8,8,t,df63051a-aef0-4c43-a17b-85b899642d72,e8dad4a8-eb93-4931-91f5-d8fb5d7dd529,https://ballotpedia.org/Claire_Valdez,"Her campaign website (quoted on Ballotpedia) pledges to ""sponsor Medicare for All on Day One"" because ""Health care is a human right"" -- a public universal system.",
VERIFY,bio-only:unverified,Claire Valdez,-3610701,(none),(not seated),f,t,Immigration and Treatment of Immigrants,2.0,,8,8,t,df63051a-aef0-4c43-a17b-85b899642d72,4e2c69ce-591e-4197-9cd5-7aceff79d390,https://ballotpedia.org/Claire_Valdez,"Her campaign website (quoted on Ballotpedia) pledges to ""push for real immigration reform that legalizes the status of millions of immigrant Americans"" and protect ""all working people, no matter where they were born"" -- keeping immigration open and legalizing undocumented residents.",
VERIFY,bio-only:unverified,Claire Valdez,-3610701,(none),(not seated),f,t,Medicare / Medicaid,1.0,,8,8,t,df63051a-aef0-4c43-a17b-85b899642d72,cab61e8a-64fe-4bbd-bc08-fe9914d0091b,https://ballotpedia.org/Claire_Valdez,"Her campaign website (quoted on Ballotpedia) pledges to pass Medicare for All to ""deliver universal health care for every New Yorker"" -- expanding Medicare to cover everyone.",
VERIFY,bio-only:unverified,Claire Valdez,-3610701,(none),(not seated),f,t,Taxation and Public Spending,1.0,,8,8,t,df63051a-aef0-4c43-a17b-85b899642d72,f7e5678d-dadd-4556-a2fc-446e24642ceb,https://ballotpedia.org/Claire_Valdez,"Her campaign website (quoted on Ballotpedia) says Medicare for All would be ""paid for by taxing billionaires and corporations that have rigged the system"" -- significantly raising taxes on the wealthy and corporations.",
RETIRE_NOW,no-context,Colin W. Jack,-383455,ut,State Representative District 73,t,t,Civil Rights and Social Justice,5.0,,8,8,t,18798e94-2388-4f8c-96f1-f166aec1a9f7,0bc588c6-39e1-4084-b5de-cac909b8b762,,"",
RETIRE_NOW,no-context,Colin W. Jack,-383455,ut,State Representative District 73,t,t,Climate Change and Environmental Protection,4.0,,8,8,t,18798e94-2388-4f8c-96f1-f166aec1a9f7,f1e44d66-5d27-4b51-b54f-b7ace86f6a3c,,"",
RETIRE_NOW,no-context,Colin W. Jack,-383455,ut,State Representative District 73,t,t,Deportation Priorities,5.0,,8,8,t,18798e94-2388-4f8c-96f1-f166aec1a9f7,44905f3b-e105-4f6c-afc7-5d223813dbac,,"",
RETIRE_NOW,no-context,Colin W. Jack,-383455,ut,State Representative District 73,t,t,Local Immigration Enforcement,5.0,,8,8,t,18798e94-2388-4f8c-96f1-f166aec1a9f7,b9ccee94-ad96-4f10-b655-889d8e5abe92,,"",
RETIRE_NOW,no-context,Colin W. Jack,-383455,ut,State Representative District 73,t,t,Reproductive Rights and Abortion Access,4.0,,8,8,t,18798e94-2388-4f8c-96f1-f166aec1a9f7,af2fdfd6-02c4-49df-b09c-cf8536f4773f,,"",
RETIRE_NOW,no-context,Colin W. Jack,-383455,ut,State Representative District 73,t,t,School Vouchers & Public Education Funding,5.0,,8,8,t,18798e94-2388-4f8c-96f1-f166aec1a9f7,00b95a6a-75db-4521-b523-3326bba938de,,"",
RETIRE_NOW,no-context,Colin W. Jack,-383455,ut,State Representative District 73,t,t,Taxation and Public Spending,4.0,,8,8,t,18798e94-2388-4f8c-96f1-f166aec1a9f7,f7e5678d-dadd-4556-a2fc-446e24642ceb,,"",
RETIRE_NOW,no-context,Colin W. Jack,-383455,ut,State Representative District 73,t,t,Voting Rights and Electoral Integrity,4.0,,8,8,t,18798e94-2388-4f8c-96f1-f166aec1a9f7,d1792200-1d3b-4955-a0b7-0e6980d7a7b2,,"",
RETIRE_NOW,no-context,Doug Welton,-314205,ut,State Representative District 65,t,t,Civil Rights and Social Justice,5.0,,8,8,t,2477ac16-810e-4d5c-a71e-a4f3b8f29d1e,0bc588c6-39e1-4084-b5de-cac909b8b762,,"",
RETIRE_NOW,no-context,Doug Welton,-314205,ut,State Representative District 65,t,t,Deportation Priorities,5.0,,8,8,t,2477ac16-810e-4d5c-a71e-a4f3b8f29d1e,44905f3b-e105-4f6c-afc7-5d223813dbac,,"",
RETIRE_NOW,no-context,Doug Welton,-314205,ut,State Representative District 65,t,t,Local Immigration Enforcement,5.0,,8,8,t,2477ac16-810e-4d5c-a71e-a4f3b8f29d1e,b9ccee94-ad96-4f10-b655-889d8e5abe92,,"",
RETIRE_NOW,no-context,Doug Welton,-314205,ut,State Representative District 65,t,t,Reproductive Rights and Abortion Access,4.0,,8,8,t,2477ac16-810e-4d5c-a71e-a4f3b8f29d1e,af2fdfd6-02c4-49df-b09c-cf8536f4773f,,"",
RETIRE_NOW,no-context,Doug Welton,-314205,ut,State Representative District 65,t,t,School Vouchers & Public Education Funding,5.0,,8,8,t,2477ac16-810e-4d5c-a71e-a4f3b8f29d1e,00b95a6a-75db-4521-b523-3326bba938de,,"",
RETIRE_NOW,no-context,Doug Welton,-314205,ut,State Representative District 65,t,t,Taxation and Public Spending,4.0,,8,8,t,2477ac16-810e-4d5c-a71e-a4f3b8f29d1e,f7e5678d-dadd-4556-a2fc-446e24642ceb,,"",
RETIRE_NOW,no-context,Doug Welton,-314205,ut,State Representative District 65,t,t,Transgender Athletes,5.0,,8,8,t,2477ac16-810e-4d5c-a71e-a4f3b8f29d1e,d1618b9c-0b9e-45af-b986-bb33d270b8e4,,"",
RETIRE_NOW,no-context,Doug Welton,-314205,ut,State Representative District 65,t,t,Voting Rights and Electoral Integrity,4.0,,8,8,t,2477ac16-810e-4d5c-a71e-a4f3b8f29d1e,d1792200-1d3b-4955-a0b7-0e6980d7a7b2,,"",
RETIRE_NOW,no-context,Evan J. Vickers,-377657,ut,State Senator District 28,t,t,Civil Rights and Social Justice,5.0,,8,8,t,34fcabbb-bbc3-44fc-bd7e-32c05d7abd42,0bc588c6-39e1-4084-b5de-cac909b8b762,,"",
RETIRE_NOW,no-context,Evan J. Vickers,-377657,ut,State Senator District 28,t,t,Fossil Fuel Policy,5.0,,8,8,t,34fcabbb-bbc3-44fc-bd7e-32c05d7abd42,a22215c3-6693-4bc2-b248-01aebba14570,,"",
RETIRE_NOW,no-context,Evan J. Vickers,-377657,ut,State Senator District 28,t,t,Medicare / Medicaid,4.0,,8,8,t,34fcabbb-bbc3-44fc-bd7e-32c05d7abd42,cab61e8a-64fe-4bbd-bc08-fe9914d0091b,,"",
RETIRE_NOW,no-context,Evan J. Vickers,-377657,ut,State Senator District 28,t,t,Reproductive Rights and Abortion Access,4.0,,8,8,t,34fcabbb-bbc3-44fc-bd7e-32c05d7abd42,af2fdfd6-02c4-49df-b09c-cf8536f4773f,,"",
RETIRE_NOW,no-context,Evan J. Vickers,-377657,ut,State Senator District 28,t,t,School Vouchers & Public Education Funding,5.0,,8,8,t,34fcabbb-bbc3-44fc-bd7e-32c05d7abd42,00b95a6a-75db-4521-b523-3326bba938de,,"",
RETIRE_NOW,no-context,Evan J. Vickers,-377657,ut,State Senator District 28,t,t,Taxation and Public Spending,4.0,,8,8,t,34fcabbb-bbc3-44fc-bd7e-32c05d7abd42,f7e5678d-dadd-4556-a2fc-446e24642ceb,,"",
RETIRE_NOW,no-context,Evan J. Vickers,-377657,ut,State Senator District 28,t,t,Transgender Athletes,5.0,,8,8,t,34fcabbb-bbc3-44fc-bd7e-32c05d7abd42,d1618b9c-0b9e-45af-b986-bb33d270b8e4,,"",
RETIRE_NOW,no-context,Evan J. Vickers,-377657,ut,State Senator District 28,t,t,Voting Rights and Electoral Integrity,4.0,,8,8,t,34fcabbb-bbc3-44fc-bd7e-32c05d7abd42,d1792200-1d3b-4955-a0b7-0e6980d7a7b2,,"",
RETIRE_NOW,no-context,Joseph Elison,-305076,ut,State Representative District 72,t,t,Childcare Affordability & Access,5.0,,8,8,t,d5daa5b6-b5f4-45ba-a471-99d14c779afd,c1ac1330-47f7-44ec-baf3-c913d926b97c,,"",
RETIRE_NOW,no-context,Joseph Elison,-305076,ut,State Representative District 72,t,t,Civil Rights and Social Justice,5.0,,8,8,t,d5daa5b6-b5f4-45ba-a471-99d14c779afd,0bc588c6-39e1-4084-b5de-cac909b8b762,,"",
RETIRE_NOW,no-context,Joseph Elison,-305076,ut,State Representative District 72,t,t,Deportation Priorities,5.0,,8,8,t,d5daa5b6-b5f4-45ba-a471-99d14c779afd,44905f3b-e105-4f6c-afc7-5d223813dbac,,"",
RETIRE_NOW,no-context,Joseph Elison,-305076,ut,State Representative District 72,t,t,Local Immigration Enforcement,5.0,,8,8,t,d5daa5b6-b5f4-45ba-a471-99d14c779afd,b9ccee94-ad96-4f10-b655-889d8e5abe92,,"",
RETIRE_NOW,no-context,Joseph Elison,-305076,ut,State Representative District 72,t,t,Reproductive Rights and Abortion Access,4.0,,8,8,t,d5daa5b6-b5f4-45ba-a471-99d14c779afd,af2fdfd6-02c4-49df-b09c-cf8536f4773f,,"",
RETIRE_NOW,no-context,Joseph Elison,-305076,ut,State Representative District 72,t,t,School Vouchers & Public Education Funding,5.0,,8,8,t,d5daa5b6-b5f4-45ba-a471-99d14c779afd,00b95a6a-75db-4521-b523-3326bba938de,,"",
RETIRE_NOW,no-context,Joseph Elison,-305076,ut,State Representative District 72,t,t,Taxation and Public Spending,4.0,,8,8,t,d5daa5b6-b5f4-45ba-a471-99d14c779afd,f7e5678d-dadd-4556-a2fc-446e24642ceb,,"",
RETIRE_NOW,no-context,Joseph Elison,-305076,ut,State Representative District 72,t,t,Voting Rights and Electoral Integrity,4.0,,8,8,t,d5daa5b6-b5f4-45ba-a471-99d14c779afd,d1792200-1d3b-4955-a0b7-0e6980d7a7b2,,"",
RETIRE_NOW,no-context,Karianne Lisonbee,-348835,ut,State Representative District 14,t,t,Civil Rights and Social Justice,5.0,,8,8,t,da3ae2d0-95ab-4292-9d49-51f4576fe56b,0bc588c6-39e1-4084-b5de-cac909b8b762,,"",
RETIRE_NOW,no-context,Karianne Lisonbee,-348835,ut,State Representative District 14,t,t,Deportation Priorities,5.0,,8,8,t,da3ae2d0-95ab-4292-9d49-51f4576fe56b,44905f3b-e105-4f6c-afc7-5d223813dbac,,"",
RETIRE_NOW,no-context,Karianne Lisonbee,-348835,ut,State Representative District 14,t,t,Immigration and Treatment of Immigrants,5.0,,8,8,t,da3ae2d0-95ab-4292-9d49-51f4576fe56b,4e2c69ce-591e-4197-9cd5-7aceff79d390,,"",
RETIRE_NOW,no-context,Karianne Lisonbee,-348835,ut,State Representative District 14,t,t,Local Immigration Enforcement,5.0,,8,8,t,da3ae2d0-95ab-4292-9d49-51f4576fe56b,b9ccee94-ad96-4f10-b655-889d8e5abe92,,"",
RETIRE_NOW,no-context,Karianne Lisonbee,-348835,ut,State Representative District 14,t,t,Religious Freedom,5.0,,8,8,t,da3ae2d0-95ab-4292-9d49-51f4576fe56b,6b9ba6d9-1001-43f5-b073-4d37130696fd,,"",
RETIRE_NOW,no-context,Karianne Lisonbee,-348835,ut,State Representative District 14,t,t,Reproductive Rights and Abortion Access,4.0,,8,8,t,da3ae2d0-95ab-4292-9d49-51f4576fe56b,af2fdfd6-02c4-49df-b09c-cf8536f4773f,,"",
RETIRE_NOW,no-context,Karianne Lisonbee,-348835,ut,State Representative District 14,t,t,Transgender Athletes,5.0,,8,8,t,da3ae2d0-95ab-4292-9d49-51f4576fe56b,d1618b9c-0b9e-45af-b986-bb33d270b8e4,,"",
RETIRE_NOW,no-context,Karianne Lisonbee,-348835,ut,State Representative District 14,t,t,Voting Rights and Electoral Integrity,4.0,,8,8,t,da3ae2d0-95ab-4292-9d49-51f4576fe56b,d1792200-1d3b-4955-a0b7-0e6980d7a7b2,,"",
VERIFY,bio-only:unverified,Kristin Hook,-4812102,(none),(not seated),f,t,Affordable Housing,2.0,,8,8,t,b6de02b5-f811-45c8-8935-339f721c517c,669cac97-66a6-4087-b036-936fbe62efb3,https://ballotpedia.org/Kristin_Hook,"Her platform pledges to make ""housing more affordable, such as by capping rent increases"" -- rent caps and active market intervention.",
VERIFY,bio-only:unverified,Kristin Hook,-4812102,(none),(not seated),f,t,Childcare Affordability & Access,2.0,,8,8,t,b6de02b5-f811-45c8-8935-339f721c517c,c1ac1330-47f7-44ec-baf3-c913d926b97c,https://ballotpedia.org/Kristin_Hook,"Her platform supports legislation that ""Provides access to affordable childcare and paid family and sick leave"" -- significantly expanding childcare affordability.",
VERIFY,bio-only:unverified,Kristin Hook,-4812102,(none),(not seated),f,t,Civil Rights and Social Justice,2.0,,8,8,t,b6de02b5-f811-45c8-8935-339f721c517c,0bc588c6-39e1-4084-b5de-cac909b8b762,https://ballotpedia.org/Kristin_Hook,"Her survey pledges to ""protect civil and reproductive rights"" amid rights being ""rolled back"" -- strengthening civil-rights enforcement.",
VERIFY,bio-only:unverified,Kristin Hook,-4812102,(none),(not seated),f,t,Healthcare Access,2.0,,8,8,t,b6de02b5-f811-45c8-8935-339f721c517c,e8dad4a8-eb93-4931-91f5-d8fb5d7dd529,https://ballotpedia.org/Kristin_Hook,"Her survey pledges to ""protect the ACA and expand programs like Medicare, Medicaid"" and fix ""our broken health care system"" -- affordable coverage through expanded public programs and regulation.",
VERIFY,bio-only:unverified,Kristin Hook,-4812102,(none),(not seated),f,t,Medicare / Medicaid,2.0,,8,8,t,b6de02b5-f811-45c8-8935-339f721c517c,cab61e8a-64fe-4bbd-bc08-fe9914d0091b,https://ballotpedia.org/Kristin_Hook,"Her survey and platform pledge to ""expand programs like Medicare, Medicaid"" -- significantly expanding these programs.",
VERIFY,bio-only:unverified,Kristin Hook,-4812102,(none),(not seated),f,t,Reproductive Rights and Abortion Access,2.0,,8,8,t,b6de02b5-f811-45c8-8935-339f721c517c,af2fdfd6-02c4-49df-b09c-cf8536f4773f,https://ballotpedia.org/Kristin_Hook,"Her survey pledges to ""protect civil and reproductive rights"" -- supporting legal, accessible reproductive care.",
VERIFY,bio-only:unverified,Kristin Hook,-4812102,(none),(not seated),f,t,Social Security,2.0,,8,8,t,b6de02b5-f811-45c8-8935-339f721c517c,87d20824-a6e9-407b-983c-65440084a0ab,https://ballotpedia.org/Kristin_Hook,"Her platform pledges to support legislation that ""Expands Social Security and Medicare so that everyone can retire in dignity"" -- strengthening Social Security benefits.",
VERIFY,bio-only:unverified,Kristin Hook,-4812102,(none),(not seated),f,t,Taxation and Public Spending,1.0,,8,8,t,b6de02b5-f811-45c8-8935-339f721c517c,f7e5678d-dadd-4556-a2fc-446e24642ceb,https://ballotpedia.org/Kristin_Hook,"Her survey pledges to ""demand fair taxes for the wealthy"" and ""repeal Trump's billionaire tax cuts"" so billionaires and corporations ""pay their fair share"" to fund expanded programs -- significantly raising taxes on the wealthy.",
VERIFY,bio-only:unverified,Lore Bergman,-470605,(none),(not seated),f,t,Affordable Housing,2.0,,8,8,t,a883bc74-3890-4e28-9545-7ce59630d873,669cac97-66a6-4087-b036-936fbe62efb3,https://ballotpedia.org/Lore_Bergman,"Bergman's survey pledges to protect and expand HUD and affordable-housing assistance programs, citing her own experience of homelessness while awaiting affordable housing.",
VERIFY,bio-only:unverified,Lore Bergman,-470605,(none),(not seated),f,t,Campaign Finance Reform,2.0,,8,8,t,a883bc74-3890-4e28-9545-7ce59630d873,92730f69-ae57-401c-8ad1-2d07834a895d,https://ballotpedia.org/Lore_Bergman,"Bergman's survey states ""Corporate money, dark money and Citizens United needs to be removed and be illegal in campaigning and in any part of our federal government.""",
VERIFY,bio-only:unverified,Lore Bergman,-470605,(none),(not seated),f,t,Deportation Priorities,2.0,,8,8,t,a883bc74-3890-4e28-9545-7ce59630d873,44905f3b-e105-4f6c-afc7-5d223813dbac,https://ballotpedia.org/Lore_Bergman,"Bergman's survey criticizes ""the insanity of ICE and the huge amounts of money it is wasting and misusing daily"" and pledges to secure the border ""in a way that is cruelty free and legal by getting more judges and workers to help the process.""",
VERIFY,bio-only:unverified,Lore Bergman,-470605,(none),(not seated),f,t,Healthcare Access,1.0,,8,8,t,a883bc74-3890-4e28-9545-7ce59630d873,e8dad4a8-eb93-4931-91f5-d8fb5d7dd529,https://ballotpedia.org/Lore_Bergman,"Bergman's survey lists making ""sure all people have free healthcare"" among her core goals as a member of Congress.",
VERIFY,bio-only:unverified,Lore Bergman,-470605,(none),(not seated),f,t,Reproductive Rights and Abortion Access,1.0,,8,8,t,a883bc74-3890-4e28-9545-7ce59630d873,af2fdfd6-02c4-49df-b09c-cf8536f4773f,https://ballotpedia.org/Lore_Bergman,"In her 2025 Ballotpedia Candidate Connection survey, Bergman says abortion and reproductive healthcare decisions belong solely to the patient with no outside restriction: ""no matter what you believe about abortion or IVF, it is your decision, not someone else's decision for you.""",
VERIFY,bio-only:unverified,Lore Bergman,-470605,(none),(not seated),f,t,Social Security,1.0,,8,8,t,a883bc74-3890-4e28-9545-7ce59630d873,87d20824-a6e9-407b-983c-65440084a0ab,https://ballotpedia.org/Lore_Bergman,"Bergman's survey pledges to make sure ""Social Security, Disability, SNAP, HUD and affordable housing...will be protected and expanded"" and to fund it by ending tax breaks for the ultra-rich rather than cutting benefits.",
VERIFY,bio-only:unverified,Lore Bergman,-470605,(none),(not seated),f,t,State Redistricting and Gerrymandering,1.0,,8,8,t,a883bc74-3890-4e28-9545-7ce59630d873,48cc9585-ec22-4f53-8d42-6839828dd36f,https://ballotpedia.org/Lore_Bergman,"Bergman's survey calls for ""a nonpartisan federal computerized program designed for calculating districts and county boundaries to stop gerrymandering,"" arguing ""politicians in power should not have the right to draw their own lines.""",
VERIFY,bio-only:unverified,Lore Bergman,-470605,(none),(not seated),f,t,United States Tariff Policy,1.0,,8,8,t,a883bc74-3890-4e28-9545-7ce59630d873,683c8084-2281-4920-a07c-18439b2dd413,https://ballotpedia.org/Lore_Bergman,"Bergman's survey pledges she ""will vote to stop the insanity of these stupid and unneeded tariffs that are ruining small businesses, farms, industries and taking away people's jobs.""",
RETIRE_NOW,no-context,Mike L. Kohler,-340539,ut,State Representative District 59,t,t,Childcare Affordability & Access,5.0,,8,8,t,01a5c863-c3f4-4a6b-aaa5-99eb8235a183,c1ac1330-47f7-44ec-baf3-c913d926b97c,,"",
RETIRE_NOW,no-context,Mike L. Kohler,-340539,ut,State Representative District 59,t,t,Civil Rights and Social Justice,5.0,,8,8,t,01a5c863-c3f4-4a6b-aaa5-99eb8235a183,0bc588c6-39e1-4084-b5de-cac909b8b762,,"",
RETIRE_NOW,no-context,Mike L. Kohler,-340539,ut,State Representative District 59,t,t,Deportation Priorities,5.0,,8,8,t,01a5c863-c3f4-4a6b-aaa5-99eb8235a183,44905f3b-e105-4f6c-afc7-5d223813dbac,,"",
RETIRE_NOW,no-context,Mike L. Kohler,-340539,ut,State Representative District 59,t,t,Local Immigration Enforcement,5.0,,8,8,t,01a5c863-c3f4-4a6b-aaa5-99eb8235a183,b9ccee94-ad96-4f10-b655-889d8e5abe92,,"",
RETIRE_NOW,no-context,Mike L. Kohler,-340539,ut,State Representative District 59,t,t,School Vouchers & Public Education Funding,5.0,,8,8,t,01a5c863-c3f4-4a6b-aaa5-99eb8235a183,00b95a6a-75db-4521-b523-3326bba938de,,"",
RETIRE_NOW,no-context,Mike L. Kohler,-340539,ut,State Representative District 59,t,t,Taxation and Public Spending,4.0,,8,8,t,01a5c863-c3f4-4a6b-aaa5-99eb8235a183,f7e5678d-dadd-4556-a2fc-446e24642ceb,,"",
RETIRE_NOW,no-context,Mike L. Kohler,-340539,ut,State Representative District 59,t,t,Transgender Athletes,5.0,,8,8,t,01a5c863-c3f4-4a6b-aaa5-99eb8235a183,d1618b9c-0b9e-45af-b986-bb33d270b8e4,,"",
RETIRE_NOW,no-context,Mike L. Kohler,-340539,ut,State Representative District 59,t,t,Voting Rights and Electoral Integrity,4.0,,8,8,t,01a5c863-c3f4-4a6b-aaa5-99eb8235a183,d1792200-1d3b-4955-a0b7-0e6980d7a7b2,,"",
RETIRE_NOW,no-context,R. Neil Walter,-391752,ut,State Representative District 74,t,t,Civil Rights and Social Justice,5.0,,8,8,t,01596122-3988-48db-a789-ed66c47ea76c,0bc588c6-39e1-4084-b5de-cac909b8b762,,"",
RETIRE_NOW,no-context,R. Neil Walter,-391752,ut,State Representative District 74,t,t,Deportation Priorities,5.0,,8,8,t,01596122-3988-48db-a789-ed66c47ea76c,44905f3b-e105-4f6c-afc7-5d223813dbac,,"",
RETIRE_NOW,no-context,R. Neil Walter,-391752,ut,State Representative District 74,t,t,Fossil Fuel Policy,5.0,,8,8,t,01596122-3988-48db-a789-ed66c47ea76c,a22215c3-6693-4bc2-b248-01aebba14570,,"",
RETIRE_NOW,no-context,R. Neil Walter,-391752,ut,State Representative District 74,t,t,Local Immigration Enforcement,5.0,,8,8,t,01596122-3988-48db-a789-ed66c47ea76c,b9ccee94-ad96-4f10-b655-889d8e5abe92,,"",
RETIRE_NOW,no-context,R. Neil Walter,-391752,ut,State Representative District 74,t,t,Reproductive Rights and Abortion Access,4.0,,8,8,t,01596122-3988-48db-a789-ed66c47ea76c,af2fdfd6-02c4-49df-b09c-cf8536f4773f,,"",
RETIRE_NOW,no-context,R. Neil Walter,-391752,ut,State Representative District 74,t,t,School Vouchers & Public Education Funding,5.0,,8,8,t,01596122-3988-48db-a789-ed66c47ea76c,00b95a6a-75db-4521-b523-3326bba938de,,"",
RETIRE_NOW,no-context,R. Neil Walter,-391752,ut,State Representative District 74,t,t,Taxation and Public Spending,4.0,,8,8,t,01596122-3988-48db-a789-ed66c47ea76c,f7e5678d-dadd-4556-a2fc-446e24642ceb,,"",
RETIRE_NOW,no-context,R. Neil Walter,-391752,ut,State Representative District 74,t,t,Voting Rights and Electoral Integrity,4.0,,8,8,t,01596122-3988-48db-a789-ed66c47ea76c,d1792200-1d3b-4955-a0b7-0e6980d7a7b2,,"",
RETIRE_NOW,no-context,Rachel Whipple,-4962470015,ut,Council District 5,t,t,Affordable Housing,4.0,,8,8,t,33640222-90bb-4f4c-b3db-0526a0ba8017,669cac97-66a6-4087-b036-936fbe62efb3,,"",
RETIRE_NOW,no-context,Rachel Whipple,-4962470015,ut,Council District 5,t,t,Economic Development Incentives,2.0,,8,8,t,33640222-90bb-4f4c-b3db-0526a0ba8017,eb3d1247-0de1-4b7f-baec-7259861efd53,,"",
RETIRE_NOW,no-context,Rachel Whipple,-4962470015,ut,Council District 5,t,t,Environmental Protection vs. Development,2.0,,8,8,t,33640222-90bb-4f4c-b3db-0526a0ba8017,1935979c-b290-42e4-baa5-8cb0138b4ffa,,"",
RETIRE_NOW,no-context,Rachel Whipple,-4962470015,ut,Council District 5,t,t,Growth and Development Pace,2.0,,8,8,t,33640222-90bb-4f4c-b3db-0526a0ba8017,fb25c1ac-91cc-49bf-8afc-c7fa22ef45e4,,"",
RETIRE_NOW,no-context,Rachel Whipple,-4962470015,ut,Council District 5,t,t,Homelessness Response,2.0,,8,8,t,33640222-90bb-4f4c-b3db-0526a0ba8017,6fbf39ae-6b19-4182-b4c2-6a8d25c86c0f,,"",
RETIRE_NOW,no-context,Rachel Whipple,-4962470015,ut,Council District 5,t,t,Public Safety Approach,2.0,,8,8,t,33640222-90bb-4f4c-b3db-0526a0ba8017,e9ebefcd-c496-45e8-b816-a79f8442ba85,,"",
RETIRE_NOW,no-context,Rachel Whipple,-4962470015,ut,Council District 5,t,t,Residential Zoning,4.0,,8,8,t,33640222-90bb-4f4c-b3db-0526a0ba8017,d4f18138-a2e0-4110-b925-7387d9d0d16d,,"",
RETIRE_NOW,no-context,Rachel Whipple,-4962470015,ut,Council District 5,t,t,Transportation Priorities,1.0,,8,8,t,33640222-90bb-4f4c-b3db-0526a0ba8017,ba59337e-30e2-4aba-a39a-426b3366eb27,,"",
RETIRE_NOW,no-context,Troy Shelley,-308410,ut,State Representative District 66,t,t,Civil Rights and Social Justice,5.0,,8,8,t,09814c92-af5a-417c-b0fb-00d2a6f74451,0bc588c6-39e1-4084-b5de-cac909b8b762,,"",
RETIRE_NOW,no-context,Troy Shelley,-308410,ut,State Representative District 66,t,t,Climate Change and Environmental Protection,4.0,,8,8,t,09814c92-af5a-417c-b0fb-00d2a6f74451,f1e44d66-5d27-4b51-b54f-b7ace86f6a3c,,"",
RETIRE_NOW,no-context,Troy Shelley,-308410,ut,State Representative District 66,t,t,Deportation Priorities,5.0,,8,8,t,09814c92-af5a-417c-b0fb-00d2a6f74451,44905f3b-e105-4f6c-afc7-5d223813dbac,,"",
RETIRE_NOW,no-context,Troy Shelley,-308410,ut,State Representative District 66,t,t,Fossil Fuel Policy,5.0,,8,8,t,09814c92-af5a-417c-b0fb-00d2a6f74451,a22215c3-6693-4bc2-b248-01aebba14570,,"",
RETIRE_NOW,no-context,Troy Shelley,-308410,ut,State Representative District 66,t,t,Immigration and Treatment of Immigrants,4.0,,8,8,t,09814c92-af5a-417c-b0fb-00d2a6f74451,4e2c69ce-591e-4197-9cd5-7aceff79d390,,"",
RETIRE_NOW,no-context,Troy Shelley,-308410,ut,State Representative District 66,t,t,Local Immigration Enforcement,5.0,,8,8,t,09814c92-af5a-417c-b0fb-00d2a6f74451,b9ccee94-ad96-4f10-b655-889d8e5abe92,,"",
RETIRE_NOW,no-context,Troy Shelley,-308410,ut,State Representative District 66,t,t,Taxation and Public Spending,4.0,,8,8,t,09814c92-af5a-417c-b0fb-00d2a6f74451,f7e5678d-dadd-4556-a2fc-446e24642ceb,,"",
RETIRE_NOW,no-context,Troy Shelley,-308410,ut,State Representative District 66,t,t,Voting Rights and Electoral Integrity,4.0,,8,8,t,09814c92-af5a-417c-b0fb-00d2a6f74451,d1792200-1d3b-4955-a0b7-0e6980d7a7b2,,"",
RETIRE_NOW,no-context,Ariel Defay,-391478,ut,State Representative District 15,t,t,Artificial Intelligence Oversight,2.0,,7,7,t,93216d36-4824-4817-823e-a3e0dcbd1f7f,666bf03d-81fc-4138-ab15-69ae734c9023,,"",
RETIRE_NOW,no-context,Ariel Defay,-391478,ut,State Representative District 15,t,t,Civil Rights and Social Justice,5.0,,7,7,t,93216d36-4824-4817-823e-a3e0dcbd1f7f,0bc588c6-39e1-4084-b5de-cac909b8b762,,"",
RETIRE_NOW,no-context,Ariel Defay,-391478,ut,State Representative District 15,t,t,Deportation Priorities,5.0,,7,7,t,93216d36-4824-4817-823e-a3e0dcbd1f7f,44905f3b-e105-4f6c-afc7-5d223813dbac,,"",
RETIRE_NOW,no-context,Ariel Defay,-391478,ut,State Representative District 15,t,t,Local Immigration Enforcement,5.0,,7,7,t,93216d36-4824-4817-823e-a3e0dcbd1f7f,b9ccee94-ad96-4f10-b655-889d8e5abe92,,"",
RETIRE_NOW,no-context,Ariel Defay,-391478,ut,State Representative District 15,t,t,Reproductive Rights and Abortion Access,4.0,,7,7,t,93216d36-4824-4817-823e-a3e0dcbd1f7f,af2fdfd6-02c4-49df-b09c-cf8536f4773f,,"",
RETIRE_NOW,no-context,Ariel Defay,-391478,ut,State Representative District 15,t,t,Taxation and Public Spending,4.0,,7,7,t,93216d36-4824-4817-823e-a3e0dcbd1f7f,f7e5678d-dadd-4556-a2fc-446e24642ceb,,"",
RETIRE_NOW,no-context,Ariel Defay,-391478,ut,State Representative District 15,t,t,Voting Rights and Electoral Integrity,4.0,,7,7,t,93216d36-4824-4817-823e-a3e0dcbd1f7f,d1792200-1d3b-4955-a0b7-0e6980d7a7b2,,"",
VERIFY,bio-only:unverified,Cait Conley,-3611701,(none),(not seated),f,t,Affordable Housing,3.0,,7,7,t,7aecb8c6-affa-41e2-a742-5fd2dc17c247,669cac97-66a6-4087-b036-936fbe62efb3,https://ballotpedia.org/Cait_Conley,"Her campaign website (quoted on Ballotpedia) pledges to make it easier to build affordable housing by ""cutting outdated red tape and zoning rules,"" expand community block grants and builder tax credits, and crack down on corporate landlords -- targeted subsidies and easier permitting.",
VERIFY,bio-only:unverified,Cait Conley,-3611701,(none),(not seated),f,t,Climate Change and Environmental Protection,3.0,,7,7,t,7aecb8c6-affa-41e2-a742-5fd2dc17c247,f1e44d66-5d27-4b51-b54f-b7ace86f6a3c,https://ballotpedia.org/Cait_Conley,"Her campaign website (quoted on Ballotpedia) calls climate change ""a national security crisis"" and pledges to cut red tape to move ""alternative energy projects"" and invest federal funds in wind, solar, hydro, and geo-thermal -- investing in clean energy while pragmatically transitioning.",
VERIFY,bio-only:unverified,Cait Conley,-3611701,(none),(not seated),f,t,Healthcare Access,2.0,,7,7,t,7aecb8c6-affa-41e2-a742-5fd2dc17c247,e8dad4a8-eb93-4931-91f5-d8fb5d7dd529,https://ballotpedia.org/Cait_Conley,"Her campaign website (quoted on Ballotpedia) says ""Every American should have the right to access affordable healthcare"" and pledges ""Defending the Affordable Care Act & Medicaid"" -- ensuring everyone has affordable coverage through public programs and regulated insurance.",
VERIFY,bio-only:unverified,Cait Conley,-3611701,(none),(not seated),f,t,Medicare / Medicaid,3.0,,7,7,t,7aecb8c6-affa-41e2-a742-5fd2dc17c247,cab61e8a-64fe-4bbd-bc08-fe9914d0091b,https://ballotpedia.org/Cait_Conley,"Her campaign website (quoted on Ballotpedia) pledges to defend Medicaid, expand Medicare ""to include vision, dental, and hearing,"" cap insulin at $35, and let Medicare negotiate drug prices -- improving current programs while controlling costs.",
VERIFY,bio-only:unverified,Cait Conley,-3611701,(none),(not seated),f,t,Reproductive Rights and Abortion Access,2.0,,7,7,t,7aecb8c6-affa-41e2-a742-5fd2dc17c247,af2fdfd6-02c4-49df-b09c-cf8536f4773f,https://ballotpedia.org/Cait_Conley,"Her campaign website (quoted on Ballotpedia) pledges to ""codify Roe v. Wade into law"" to restore abortion, contraception, and IVF access and fund Planned Parenthood -- keeping abortion legal and accessible.",
VERIFY,bio-only:unverified,Cait Conley,-3611701,(none),(not seated),f,t,School Vouchers & Public Education Funding,1.0,,7,7,t,7aecb8c6-affa-41e2-a742-5fd2dc17c247,00b95a6a-75db-4521-b523-3326bba938de,https://ballotpedia.org/Cait_Conley,"Her campaign website (quoted on Ballotpedia) pledges to ""oppose voucher programs that are stripping money out of our public education system"" and put public education first -- fully funding public schools and eliminating vouchers.",
VERIFY,bio-only:unverified,Cait Conley,-3611701,(none),(not seated),f,t,United States Tariff Policy,2.0,,7,7,t,7aecb8c6-affa-41e2-a742-5fd2dc17c247,683c8084-2281-4920-a07c-18439b2dd413,https://ballotpedia.org/Cait_Conley,"Her campaign website (quoted on Ballotpedia) calls Trump's tariffs ""reckless"" for ""jacking up the price of materials"" and pledges to ""undo the reckless tariffs that have driven up construction costs"" -- reducing tariffs.",
VERIFY,bio-only:unverified,Charlotte Bergmann,-470901,(none),(not seated),f,t,Deportation Priorities,5.0,,7,7,t,7de9ed60-46c1-41a3-a0d4-24deb368e17f,44905f3b-e105-4f6c-afc7-5d223813dbac,https://ballotpedia.org/Charlotte_Bergmann,"Bergmann's 2026 campaign platform calls for ""mass deportations of those here illegally,"" ending birthright citizenship for children of undocumented immigrants, and aggressively removing visa overstayers.",
VERIFY,bio-only:unverified,Charlotte Bergmann,-470901,(none),(not seated),f,t,Fossil Fuel Policy,5.0,,7,7,t,7de9ed60-46c1-41a3-a0d4-24deb368e17f,a22215c3-6693-4bc2-b248-01aebba14570,https://ballotpedia.org/Charlotte_Bergmann,"Bergmann's platform calls to ""unleash American energy production so that 'drill baby drill' becomes reality again.""",
VERIFY,bio-only:unverified,Charlotte Bergmann,-470901,(none),(not seated),f,t,Immigration and Treatment of Immigrants,4.0,,7,7,t,7de9ed60-46c1-41a3-a0d4-24deb368e17f,4e2c69ce-591e-4197-9cd5-7aceff79d390,https://ballotpedia.org/Charlotte_Bergmann,"Bergmann's platform supports ""legal immigration only, through the front door only,"" while calling to shut down ""corporate abuse of the H-1B visa program,"" favoring tighter legal channels rather than an outright halt to legal immigration.",
VERIFY,bio-only:unverified,Charlotte Bergmann,-470901,(none),(not seated),f,t,School Vouchers & Public Education Funding,5.0,,7,7,t,7de9ed60-46c1-41a3-a0d4-24deb368e17f,00b95a6a-75db-4521-b523-3326bba938de,https://ballotpedia.org/Charlotte_Bergmann,"Bergmann's platform states ""Parents have the absolute right to choose their child's education whether public, private, charter, or homeschool"" and calls for completely abolishing the Department of Education.",
VERIFY,bio-only:unverified,Charlotte Bergmann,-470901,(none),(not seated),f,t,Taxation and Public Spending,5.0,,7,7,t,7de9ed60-46c1-41a3-a0d4-24deb368e17f,f7e5678d-dadd-4556-a2fc-446e24642ceb,https://ballotpedia.org/Charlotte_Bergmann,"Bergmann's platform states she will ""cut trillions in wasteful spending, eliminate job-killing regulations, and dramatically lower taxes on American workers.""",
VERIFY,bio-only:unverified,Charlotte Bergmann,-470901,(none),(not seated),f,t,United States Tariff Policy,5.0,,7,7,t,7de9ed60-46c1-41a3-a0d4-24deb368e17f,683c8084-2281-4920-a07c-18439b2dd413,https://ballotpedia.org/Charlotte_Bergmann,"Bergmann's platform calls for bringing ""manufacturing jobs back from China with crushing tariffs.""",
VERIFY,bio-only:unverified,Charlotte Bergmann,-470901,(none),(not seated),f,t,Voting Rights and Electoral Integrity,4.0,,7,7,t,7de9ed60-46c1-41a3-a0d4-24deb368e17f,d1792200-1d3b-4955-a0b7-0e6980d7a7b2,https://ballotpedia.org/Charlotte_Bergmann,"Bergmann's platform backs the ""Save America Act,"" which ""requires proof of citizenship to vote, mandates voter ID, and cleans up our voter rolls,"" and says she would pressure the Senate to pass it.",
RETIRE_NOW,no-context,Chris Wharton,-363334,ut,Council Ward 3,t,f,Affordable Housing,2.0,,7,7,t,4736a4ec-b8b0-4faa-9528-c547493b5d5f,669cac97-66a6-4087-b036-936fbe62efb3,,"",2026-05-31 13:32:11.932737+00
RETIRE_NOW,no-context,Chris Wharton,-363334,ut,Council Ward 3,t,f,City Sanitation and Cleanliness,3.0,,7,7,t,4736a4ec-b8b0-4faa-9528-c547493b5d5f,7687de4f-4d0b-462a-b803-bdfb23b16b42,,"",2026-05-31 13:32:11.932737+00
RETIRE_NOW,no-context,Chris Wharton,-363334,ut,Council Ward 3,t,f,Environmental Protection vs. Development,2.0,,7,7,t,4736a4ec-b8b0-4faa-9528-c547493b5d5f,1935979c-b290-42e4-baa5-8cb0138b4ffa,,"",2026-05-31 13:32:11.932737+00
RETIRE_NOW,no-context,Chris Wharton,-363334,ut,Council Ward 3,t,f,Homelessness Response,2.0,,7,7,t,4736a4ec-b8b0-4faa-9528-c547493b5d5f,6fbf39ae-6b19-4182-b4c2-6a8d25c86c0f,,"",2026-05-31 13:32:11.932737+00
RETIRE_NOW,no-context,Chris Wharton,-363334,ut,Council Ward 3,t,f,Public Safety Approach,2.0,,7,7,t,4736a4ec-b8b0-4faa-9528-c547493b5d5f,e9ebefcd-c496-45e8-b816-a79f8442ba85,,"",2026-05-31 13:32:11.932737+00
RETIRE_NOW,no-context,Chris Wharton,-363334,ut,Council Ward 3,t,f,Residential Zoning,3.0,,7,7,t,4736a4ec-b8b0-4faa-9528-c547493b5d5f,d4f18138-a2e0-4110-b925-7387d9d0d16d,,"",2026-05-31 13:32:11.932737+00
RETIRE_NOW,no-context,Chris Wharton,-363334,ut,Council Ward 3,t,f,Transportation Priorities,2.0,,7,7,t,4736a4ec-b8b0-4faa-9528-c547493b5d5f,ba59337e-30e2-4aba-a39a-426b3366eb27,,"",2026-05-31 13:32:11.932737+00
VERIFY,bio-only:unverified,Christine Drazan,-4110026,or,Senator,t,t,Climate Change and Environmental Protection,5.0,,7,7,t,402a00be-71c3-4584-b29f-bf493365bffb,f1e44d66-5d27-4b51-b54f-b7ace86f6a3c,https://ballotpedia.org/Christine_Drazan,"Participated in May 2023 Senate Republican walkout opposing climate legislation; as 2022 gubernatorial candidate, opposed cap-and-trade and clean energy mandates as job-killing regulations. https://ballotpedia.org/Christine_Drazan",
VERIFY,bio-only:unverified,Christine Drazan,-4110026,or,Senator,t,t,Healthcare Access,4.0,,7,7,t,402a00be-71c3-4584-b29f-bf493365bffb,e8dad4a8-eb93-4931-91f5-d8fb5d7dd529,https://ballotpedia.org/Christine_Drazan,Opposed government-run healthcare mandates as gubernatorial candidate; advocated for market-based healthcare reform; voted against Medicaid expansion requirements. https://ballotpedia.org/Christine_Drazan,
VERIFY,bio-only:unverified,Christine Drazan,-4110026,or,Senator,t,t,Immigration and Treatment of Immigrants,5.0,,7,7,t,402a00be-71c3-4584-b29f-bf493365bffb,4e2c69ce-591e-4197-9cd5-7aceff79d390,https://ballotpedia.org/Christine_Drazan,Opposed sanctuary policies as 2022 gubernatorial candidate; supported stricter immigration enforcement; advocated for border security measures. https://ballotpedia.org/Christine_Drazan,
VERIFY,bio-only:unverified,Christine Drazan,-4110026,or,Senator,t,t,Public Safety Approach,5.0,,7,7,t,402a00be-71c3-4584-b29f-bf493365bffb,e9ebefcd-c496-45e8-b816-a79f8442ba85,https://ballotpedia.org/Christine_Drazan,Advocated strongly for law enforcement funding and tougher criminal penalties as gubernatorial candidate; opposed Measure 110 drug decriminalization; made public safety central campaign theme. https://ballotpedia.org/Christine_Drazan,
VERIFY,bio-only:unverified,Christine Drazan,-4110026,or,Senator,t,t,Reproductive Rights and Abortion Access,5.0,,7,7,t,402a00be-71c3-4584-b29f-bf493365bffb,af2fdfd6-02c4-49df-b09c-cf8536f4773f,https://ballotpedia.org/Christine_Drazan,Voted NO on HB 2002 (2023) expanding reproductive healthcare; 2022 gubernatorial candidate who opposed abortion expansion; anti-abortion position well-documented throughout career. https://ballotpedia.org/Christine_Drazan,
VERIFY,bio-only:unverified,Christine Drazan,-4110026,or,Senator,t,t,Taxation and Public Spending,5.0,,7,7,t,402a00be-71c3-4584-b29f-bf493365bffb,f7e5678d-dadd-4556-a2fc-446e24642ceb,https://ballotpedia.org/Christine_Drazan,"Voted NO on HB 3427 (2019) Corporate Activity Tax; as House Minority Leader and gubernatorial candidate, consistently opposed tax increases; made tax reduction a key campaign platform. https://ballotpedia.org/Christine_Drazan",
RETIRE_NOW,bio-only:party-prior-language,Christine Drazan,-4110026,or,Senator,t,t,Transgender Athletes,5.0,,7,7,t,402a00be-71c3-4584-b29f-bf493365bffb,d1618b9c-0b9e-45af-b986-bb33d270b8e4,https://ballotpedia.org/Christine_Drazan,Opposed transgender athletes in female sports; consistent Republican position supported in 2022 campaign statements. https://ballotpedia.org/Christine_Drazan,
VERIFY,bio-only:unverified,Danny Minton,-4810601,(none),(not seated),f,t,Deportation Priorities,3.0,,7,7,t,1af0730f-0e36-49f8-a454-768f9eb48f03,44905f3b-e105-4f6c-afc7-5d223813dbac,https://ballotpedia.org/Danny_Minton,"His platform demands ""an end to family separation and mass detention camps"" and ""civil immigration enforcement"" focused on lawful process rather than mass removal -- prioritizing orderly enforcement over deporting all undocumented residents.",
VERIFY,bio-only:unverified,Danny Minton,-4810601,(none),(not seated),f,t,Healthcare Access,2.0,,7,7,t,1af0730f-0e36-49f8-a454-768f9eb48f03,e8dad4a8-eb93-4931-91f5-d8fb5d7dd529,https://ballotpedia.org/Danny_Minton,"His campaign platform states ""Healthcare is a right, not a luxury"" and that ""Universal, affordable healthcare actually works"" citing Medicare and the VA -- guaranteeing affordable coverage for everyone through expanded public programs.",
VERIFY,bio-only:unverified,Danny Minton,-4810601,(none),(not seated),f,t,Immigration and Treatment of Immigrants,3.0,,7,7,t,1af0730f-0e36-49f8-a454-768f9eb48f03,4e2c69ce-591e-4197-9cd5-7aceff79d390,https://ballotpedia.org/Danny_Minton,"His platform backs ""A STRONG BORDER AND COMPASSIONATE IMMIGRATION"" -- ""firm, fair, and lawful, not abusive,"" enforcing the law while remaining humane -- a balanced middle position.",
VERIFY,bio-only:unverified,Danny Minton,-4810601,(none),(not seated),f,t,School Vouchers & Public Education Funding,1.0,,7,7,t,1af0730f-0e36-49f8-a454-768f9eb48f03,00b95a6a-75db-4521-b523-3326bba938de,https://ballotpedia.org/Danny_Minton,"His platform explicitly calls for ""school vouchers made illegal nationwide"" and a stronger Department of Education, opposing ""West Texas Billionaires"" who want to dismantle public schools -- fully funding public schools and eliminating vouchers.",
VERIFY,bio-only:unverified,Danny Minton,-4810601,(none),(not seated),f,t,State Redistricting and Gerrymandering,1.0,,7,7,t,1af0730f-0e36-49f8-a454-768f9eb48f03,48cc9585-ec22-4f53-8d42-6839828dd36f,https://ballotpedia.org/Danny_Minton,"His platform demands ""fair maps,"" condemning politicians who ""rig maps"" and ""pick their voters"" -- removing partisan control of district lines in favor of fair, independent maps.",
VERIFY,bio-only:unverified,Danny Minton,-4810601,(none),(not seated),f,t,Taxation and Public Spending,2.0,,7,7,t,1af0730f-0e36-49f8-a454-768f9eb48f03,f7e5678d-dadd-4556-a2fc-446e24642ceb,https://ballotpedia.org/Danny_Minton,"His platform calls for ""Fair taxes"" and targets ""Billionaire tax cheats"" and policies ""protecting the ultra-wealthy"" -- moderately raising taxes on the wealthy and corporations to support working families.",
VERIFY,bio-only:unverified,Danny Minton,-4810601,(none),(not seated),f,t,Voting Rights and Electoral Integrity,2.0,,7,7,t,1af0730f-0e36-49f8-a454-768f9eb48f03,d1792200-1d3b-4955-a0b7-0e6980d7a7b2,https://ballotpedia.org/Danny_Minton,"His platform calls for ""easy access to the ballot,"" ""secure elections,"" and an end to vote suppression so ""every eligible Texan can vote freely"" -- expanding voter access.",
RETIRE_NOW,no-context,David Shallenberger,-384734,ut,State Representative District 58,t,t,Deportation Priorities,5.0,,7,7,t,f214eee8-0e54-450a-8a2b-1ca8ce8e9182,44905f3b-e105-4f6c-afc7-5d223813dbac,,"",
RETIRE_NOW,no-context,David Shallenberger,-384734,ut,State Representative District 58,t,t,Economic Development Incentives,2.0,,7,7,t,f214eee8-0e54-450a-8a2b-1ca8ce8e9182,eb3d1247-0de1-4b7f-baec-7259861efd53,,"",
RETIRE_NOW,no-context,David Shallenberger,-384734,ut,State Representative District 58,t,t,Environmental Protection vs. Development,4.0,,7,7,t,f214eee8-0e54-450a-8a2b-1ca8ce8e9182,1935979c-b290-42e4-baa5-8cb0138b4ffa,,"",
RETIRE_NOW,no-context,David Shallenberger,-384734,ut,State Representative District 58,t,t,Healthcare Access,5.0,,7,7,t,f214eee8-0e54-450a-8a2b-1ca8ce8e9182,e8dad4a8-eb93-4931-91f5-d8fb5d7dd529,,"",
RETIRE_NOW,no-context,David Shallenberger,-384734,ut,State Representative District 58,t,t,Local Immigration Enforcement,5.0,,7,7,t,f214eee8-0e54-450a-8a2b-1ca8ce8e9182,b9ccee94-ad96-4f10-b655-889d8e5abe92,,"",
RETIRE_NOW,no-context,David Shallenberger,-384734,ut,State Representative District 58,t,t,Taxation and Public Spending,4.0,,7,7,t,f214eee8-0e54-450a-8a2b-1ca8ce8e9182,f7e5678d-dadd-4556-a2fc-446e24642ceb,,"",
RETIRE_NOW,no-context,David Shallenberger,-384734,ut,State Representative District 58,t,t,Voting Rights and Electoral Integrity,4.0,,7,7,t,f214eee8-0e54-450a-8a2b-1ca8ce8e9182,d1792200-1d3b-4955-a0b7-0e6980d7a7b2,,"",
RETIRE_NOW,no-context,Emily Lockhart,-4944320004,ut,City Council Member,t,t,Affordable Housing,5.0,,7,7,t,b97ba2d2-284c-4cab-ae76-7c9ea53a2501,669cac97-66a6-4087-b036-936fbe62efb3,,"",
RETIRE_NOW,no-context,Emily Lockhart,-4944320004,ut,City Council Member,t,t,Economic Development Incentives,4.0,,7,7,t,b97ba2d2-284c-4cab-ae76-7c9ea53a2501,eb3d1247-0de1-4b7f-baec-7259861efd53,,"",
RETIRE_NOW,no-context,Emily Lockhart,-4944320004,ut,City Council Member,t,t,Growth and Development Pace,2.0,,7,7,t,b97ba2d2-284c-4cab-ae76-7c9ea53a2501,fb25c1ac-91cc-49bf-8afc-c7fa22ef45e4,,"",
RETIRE_NOW,no-context,Emily Lockhart,-4944320004,ut,City Council Member,t,t,Public Safety Approach,4.0,,7,7,t,b97ba2d2-284c-4cab-ae76-7c9ea53a2501,e9ebefcd-c496-45e8-b816-a79f8442ba85,,"",
RETIRE_NOW,no-context,Emily Lockhart,-4944320004,ut,City Council Member,t,t,Residential Zoning,1.0,,7,7,t,b97ba2d2-284c-4cab-ae76-7c9ea53a2501,d4f18138-a2e0-4110-b925-7387d9d0d16d,,"",
RETIRE_NOW,no-context,Emily Lockhart,-4944320004,ut,City Council Member,t,t,Taxation and Public Spending,4.0,,7,7,t,b97ba2d2-284c-4cab-ae76-7c9ea53a2501,f7e5678d-dadd-4556-a2fc-446e24642ceb,,"",
RETIRE_NOW,no-context,Emily Lockhart,-4944320004,ut,City Council Member,t,t,Transportation Priorities,4.0,,7,7,t,b97ba2d2-284c-4cab-ae76-7c9ea53a2501,ba59337e-30e2-4aba-a39a-426b3366eb27,,"",
VERIFY,bio-only:unverified,Evan Hunt,-4810301,(none),(not seated),f,t,Affordable Housing,2.0,,7,7,t,4d066cfe-26fd-42ec-aaf3-e2c4b72a23a6,669cac97-66a6-4087-b036-936fbe62efb3,https://ballotpedia.org/Evan_Hunt_(Texas),"His survey calls for ""the construction of affordable housing"" and ""preventing corporations from buying up entire neighborhoods of single-family homes and driving up prices"" -- publicly supporting new affordable supply plus market intervention.",
VERIFY,bio-only:unverified,Evan Hunt,-4810301,(none),(not seated),f,t,Campaign Finance Reform,2.0,,7,7,t,4d066cfe-26fd-42ec-aaf3-e2c4b72a23a6,92730f69-ae57-401c-8ad1-2d07834a895d,https://ballotpedia.org/Evan_Hunt_(Texas),"His survey calls for ""getting big money out of our politics ... working to repeal Citizens United"" and pledges to refuse special-interest and foreign-interest PAC money -- strictly limiting corporate and dark-money influence.",
VERIFY,bio-only:unverified,Evan Hunt,-4810301,(none),(not seated),f,t,Childcare Affordability & Access,2.0,,7,7,t,4d066cfe-26fd-42ec-aaf3-e2c4b72a23a6,c1ac1330-47f7-44ec-baf3-c913d926b97c,https://ballotpedia.org/Evan_Hunt_(Texas),"His survey lists ""expanding access to affordable childcare"" among the cost pressures he would reduce for working families -- significantly expanding childcare affordability support.",
VERIFY,bio-only:unverified,Evan Hunt,-4810301,(none),(not seated),f,t,Deportation Priorities,3.0,,7,7,t,4d066cfe-26fd-42ec-aaf3-e2c4b72a23a6,44905f3b-e105-4f6c-afc7-5d223813dbac,https://ballotpedia.org/Evan_Hunt_(Texas),"His survey says ""if we want to catch the worst, first, then we need to let cops (not masked federal agents) catch criminals"" -- prioritizing removal of serious offenders rather than mass deportation of all undocumented residents.",
VERIFY,bio-only:unverified,Evan Hunt,-4810301,(none),(not seated),f,t,Healthcare Access,2.0,,7,7,t,4d066cfe-26fd-42ec-aaf3-e2c4b72a23a6,e8dad4a8-eb93-4931-91f5-d8fb5d7dd529,https://ballotpedia.org/Evan_Hunt_(Texas),"His Candidate Connection survey stresses that ~10% of his district relies on ACA subsidies with ""no serious or responsible plan to replace them"" and lists healthcare reform as his top cost-reduction priority -- defending the ACA's mix of public subsidy and regulated private coverage.",
VERIFY,bio-only:unverified,Evan Hunt,-4810301,(none),(not seated),f,t,Immigration and Treatment of Immigrants,3.0,,7,7,t,4d066cfe-26fd-42ec-aaf3-e2c4b72a23a6,4e2c69ce-591e-4197-9cd5-7aceff79d390,https://ballotpedia.org/Evan_Hunt_(Texas),"His survey states ""We need strong borders but we also need to get back to treating all people with due process, dignity and respect"" -- a moderate position balancing enforcement with humane treatment rather than expanding or sharply restricting immigration.",
VERIFY,bio-only:unverified,Evan Hunt,-4810301,(none),(not seated),f,t,School Vouchers & Public Education Funding,1.0,,7,7,t,4d066cfe-26fd-42ec-aaf3-e2c4b72a23a6,00b95a6a-75db-4521-b523-3326bba938de,https://ballotpedia.org/Evan_Hunt_(Texas),"His survey states ""Public Schools must be adequately funded"" and that ""Unlimited vouchers programs that transition public funds to private wealth must be stopped"" -- fully funding public schools and eliminating voucher diversion.",
VERIFY,bio-only:unverified,Hunter Gordon,-530104,(none),(not seated),f,t,Affordable Housing,2.0,,7,7,t,792ad281-ed7c-418d-b0c5-9fcdd9e1b097,669cac97-66a6-4087-b036-936fbe62efb3,https://ballotpedia.org/Hunter_Gordon,Calls for 'national rent control' and 'harsh punishments for corporate greed to end price gouging' to make housing affordable again.,
VERIFY,bio-only:unverified,Hunter Gordon,-530104,(none),(not seated),f,t,Artificial Intelligence Oversight,5.0,,7,7,t,792ad281-ed7c-418d-b0c5-9fcdd9e1b097,666bf03d-81fc-4138-ab15-69ae734c9023,https://ballotpedia.org/Hunter_Gordon,Calls to 'implement strict regulations on generative AI' and to 'punish CEOs' and break up big tech monopolies over AI-driven harms.,
VERIFY,bio-only:unverified,Hunter Gordon,-530104,(none),(not seated),f,t,Campaign Finance Reform,2.0,,7,7,t,792ad281-ed7c-418d-b0c5-9fcdd9e1b097,92730f69-ae57-401c-8ad1-2d07834a895d,https://ballotpedia.org/Hunter_Gordon,"States he will fight for constituents 'not AIPAC, big tech or billionaire donors,' framing corporate/PAC money in politics as a core problem to be curbed.",
VERIFY,bio-only:unverified,Hunter Gordon,-530104,(none),(not seated),f,t,Climate Change and Environmental Protection,2.0,,7,7,t,792ad281-ed7c-418d-b0c5-9fcdd9e1b097,f1e44d66-5d27-4b51-b54f-b7ace86f6a3c,https://ballotpedia.org/Hunter_Gordon,"Lists fighting for a Green New Deal as a top policy priority, consistent with a rapid renewable-energy transition rather than incremental market-driven change.",
VERIFY,bio-only:unverified,Hunter Gordon,-530104,(none),(not seated),f,t,Deportation Priorities,1.0,,7,7,t,792ad281-ed7c-418d-b0c5-9fcdd9e1b097,44905f3b-e105-4f6c-afc7-5d223813dbac,https://ballotpedia.org/Hunter_Gordon,"Survey response calls to abolish ICE and states immigrant families 'deserve not to be terrorized and ripped apart,' opposing enforcement-driven deportation entirely.",
VERIFY,bio-only:unverified,Hunter Gordon,-530104,(none),(not seated),f,t,Immigration and Treatment of Immigrants,1.0,,7,7,t,792ad281-ed7c-418d-b0c5-9fcdd9e1b097,4e2c69ce-591e-4197-9cd5-7aceff79d390,https://ballotpedia.org/Hunter_Gordon,"Calls for 'an immigration system that prioritizes humanity and opportunity over cruelty and deportation' alongside abolishing ICE, the most open-immigration position on the scale.",
VERIFY,bio-only:unverified,Hunter Gordon,-530104,(none),(not seated),f,t,Taxation and Public Spending,1.0,,7,7,t,792ad281-ed7c-418d-b0c5-9fcdd9e1b097,f7e5678d-dadd-4556-a2fc-446e24642ceb,https://ballotpedia.org/Hunter_Gordon,Ballotpedia Candidate Connection survey (2026) proposes legislation for a wealth tax so every dollar of wealth gained over a billion goes back into the social safety net.,
VERIFY,bio-only:unverified,Jace Yarbrough,-4813201,(none),(not seated),f,t,Climate Change and Environmental Protection,5.0,,7,7,t,1bffcbea-c636-4b34-9b6b-c9faa80ad5e4,f1e44d66-5d27-4b51-b54f-b7ace86f6a3c,https://ballotpedia.org/Jace_Yarbrough,"His campaign website (quoted on Ballotpedia) describes suing ""the radical left over implementation of their job-crushing Green New Deal policies"" and vowing to keep fighting them -- rejecting climate-change policy in favor of economic growth.",
VERIFY,bio-only:unverified,Jace Yarbrough,-4813201,(none),(not seated),f,t,Deportation Priorities,5.0,,7,7,t,1bffcbea-c636-4b34-9b6b-c9faa80ad5e4,44905f3b-e105-4f6c-afc7-5d223813dbac,https://ballotpedia.org/Jace_Yarbrough,"His campaign website (quoted on Ballotpedia) ""applauds and supports President Trump's bold mass deportation efforts and will oppose all amnesty efforts"" -- moving quickly to deport all undocumented people.",
VERIFY,bio-only:unverified,Jace Yarbrough,-4813201,(none),(not seated),f,t,Fossil Fuel Policy,4.0,,7,7,t,1bffcbea-c636-4b34-9b6b-c9faa80ad5e4,a22215c3-6693-4bc2-b248-01aebba14570,https://ballotpedia.org/Jace_Yarbrough,"His campaign website (quoted on Ballotpedia) vows to ""support President Trump's expansion of American energy production"" and touts suing over ""job-crushing Green New Deal policies"" -- expanding fossil-fuel production.",
VERIFY,bio-only:unverified,Jace Yarbrough,-4813201,(none),(not seated),f,t,Immigration and Treatment of Immigrants,4.0,,7,7,t,1bffcbea-c636-4b34-9b6b-c9faa80ad5e4,4e2c69ce-591e-4197-9cd5-7aceff79d390,https://ballotpedia.org/Jace_Yarbrough,"His campaign website (quoted on Ballotpedia) champions ""Keeping the Border Closed"" and ensuring ""our legal immigration system isn't being abused to drive down American wages"" -- making immigration harder and tightening legal immigration.",
VERIFY,bio-only:unverified,Jace Yarbrough,-4813201,(none),(not seated),f,t,Reproductive Rights and Abortion Access,4.0,,7,7,t,1bffcbea-c636-4b34-9b6b-c9faa80ad5e4,af2fdfd6-02c4-49df-b09c-cf8536f4773f,https://ballotpedia.org/Jace_Yarbrough,"His campaign website (quoted on Ballotpedia) states he is ""100% pro-life,"" fought abortion providers in court, and will oppose ""any effort to expand abortion"" -- sharply restricting abortion access.",
VERIFY,bio-only:unverified,Jace Yarbrough,-4813201,(none),(not seated),f,t,Transgender Athletes,4.0,,7,7,t,1bffcbea-c636-4b34-9b6b-c9faa80ad5e4,d1618b9c-0b9e-45af-b986-bb33d270b8e4,https://ballotpedia.org/Jace_Yarbrough,"His campaign website (quoted on Ballotpedia) recounts him stating ""there are only two genders and men don't belong in girls' locker rooms"" -- requiring athletes to compete by biological sex.",
VERIFY,bio-only:unverified,Jace Yarbrough,-4813201,(none),(not seated),f,t,Voting Rights and Electoral Integrity,4.0,,7,7,t,1bffcbea-c636-4b34-9b6b-c9faa80ad5e4,d1792200-1d3b-4955-a0b7-0e6980d7a7b2,https://ballotpedia.org/Jace_Yarbrough,"His campaign website (quoted on Ballotpedia) pledges to ""support voter ID to root out fraud"" and add a citizenship question to the 2030 census -- requiring photo ID and tighter voter-roll controls.",
RETIRE_NOW,no-context,James A. Dunnigan,-368468,ut,State Representative District 36,t,t,Childcare Affordability & Access,5.0,,7,7,t,2627f1da-6783-4e12-911d-f54dfd2a7f42,c1ac1330-47f7-44ec-baf3-c913d926b97c,,"",
RETIRE_NOW,no-context,James A. Dunnigan,-368468,ut,State Representative District 36,t,t,Civil Rights and Social Justice,5.0,,7,7,t,2627f1da-6783-4e12-911d-f54dfd2a7f42,0bc588c6-39e1-4084-b5de-cac909b8b762,,"",
RETIRE_NOW,no-context,James A. Dunnigan,-368468,ut,State Representative District 36,t,t,Reproductive Rights and Abortion Access,4.0,,7,7,t,2627f1da-6783-4e12-911d-f54dfd2a7f42,af2fdfd6-02c4-49df-b09c-cf8536f4773f,,"",
RETIRE_NOW,no-context,James A. Dunnigan,-368468,ut,State Representative District 36,t,t,School Vouchers & Public Education Funding,1.0,,7,7,t,2627f1da-6783-4e12-911d-f54dfd2a7f42,00b95a6a-75db-4521-b523-3326bba938de,,"",
RETIRE_NOW,no-context,James A. Dunnigan,-368468,ut,State Representative District 36,t,t,Taxation and Public Spending,4.0,,7,7,t,2627f1da-6783-4e12-911d-f54dfd2a7f42,f7e5678d-dadd-4556-a2fc-446e24642ceb,,"",
RETIRE_NOW,no-context,James A. Dunnigan,-368468,ut,State Representative District 36,t,t,Transgender Athletes,5.0,,7,7,t,2627f1da-6783-4e12-911d-f54dfd2a7f42,d1618b9c-0b9e-45af-b986-bb33d270b8e4,,"",
RETIRE_NOW,no-context,James A. Dunnigan,-368468,ut,State Representative District 36,t,t,Voting Rights and Electoral Integrity,2.0,,7,7,t,2627f1da-6783-4e12-911d-f54dfd2a7f42,d1792200-1d3b-4955-a0b7-0e6980d7a7b2,,"",
VERIFY,bio-only:unverified,Jeromie Whalen,-250101,(none),(not seated),f,t,Artificial Intelligence Oversight,3.0,,7,7,t,4b7fb0a4-5d8c-49a1-8266-74a73421bf6e,666bf03d-81fc-4138-ab15-69ae734c9023,https://ballotpedia.org/Jeromie_Whalen,"Ballotpedia Candidate Connection survey: calls for Congress to 'regulate artificial intelligence and become far more informed about how technology actually works' to protect privacy and security, without proposing an outright ban on any specific high-risk use -- matching require-disclosure-of-risks-and-accountability-when-systems-cause-harm.",
VERIFY,bio-only:unverified,Jeromie Whalen,-250101,(none),(not seated),f,t,Campaign Finance Reform,2.0,,7,7,t,4b7fb0a4-5d8c-49a1-8266-74a73421bf6e,92730f69-ae57-401c-8ad1-2d07834a895d,https://ballotpedia.org/Jeromie_Whalen,"Ballotpedia Candidate Connection survey praises Rep. Jim McGovern's push for a constitutional amendment to overturn Citizens United and 'get corporate money out of politics' as 'a great start,' matching strictly-limit-corporate-donations-and-dark-money-groups over an explicit full-public-financing pledge (not stated).",
VERIFY,bio-only:unverified,Jeromie Whalen,-250101,(none),(not seated),f,t,Childcare Affordability & Access,1.0,,7,7,t,4b7fb0a4-5d8c-49a1-8266-74a73421bf6e,c1ac1330-47f7-44ec-baf3-c913d926b97c,https://ballotpedia.org/Jeromie_Whalen,"Ballotpedia Candidate Connection survey: 'Guarantee universal, high quality Pre-K so every child gets an equal start and working families have reliable early education options,' matching the publicly-funded-universal-childcare chair.",
VERIFY,bio-only:unverified,Jeromie Whalen,-250101,(none),(not seated),f,t,Healthcare Access,1.0,,7,7,t,4b7fb0a4-5d8c-49a1-8266-74a73421bf6e,e8dad4a8-eb93-4931-91f5-d8fb5d7dd529,https://ballotpedia.org/Jeromie_Whalen,"Ballotpedia Candidate Connection survey: 'Implement Medicare for All to guarantee healthcare for every American through a single payer system with full coverage,' matching the fully public, free-for-everyone chair.",
VERIFY,bio-only:unverified,Jeromie Whalen,-250101,(none),(not seated),f,t,Medicare / Medicaid,1.0,,7,7,t,4b7fb0a4-5d8c-49a1-8266-74a73421bf6e,cab61e8a-64fe-4bbd-bc08-fe9914d0091b,https://ballotpedia.org/Jeromie_Whalen,Same survey pledge to 'implement Medicare for All' with full coverage for every American matches expand-Medicare-to-cover-everyone-regardless-of-age.,
VERIFY,bio-only:unverified,Jeromie Whalen,-250101,(none),(not seated),f,t,School Vouchers & Public Education Funding,1.0,,7,7,t,4b7fb0a4-5d8c-49a1-8266-74a73421bf6e,00b95a6a-75db-4521-b523-3326bba938de,https://ballotpedia.org/Jeromie_Whalen,"Ballotpedia Candidate Connection survey: 'Fully fund public schools instead of diverting money to private institutions,' matching fully-fund-public-schools-and-eliminate-vouchers.",
VERIFY,bio-only:unverified,Jeromie Whalen,-250101,(none),(not seated),f,t,Taxation and Public Spending,1.0,,7,7,t,4b7fb0a4-5d8c-49a1-8266-74a73421bf6e,f7e5678d-dadd-4556-a2fc-446e24642ceb,https://ballotpedia.org/Jeromie_Whalen,"Ballotpedia Candidate Connection survey: proposes a Cost of Living Exemption so no federal tax applies below roughly $45,000, plus a 3% surtax on income over $1 million and 8% surtax over $15 million, and closing the stepped-up-basis 'buy, borrow, die' loophole -- matching significantly-raise-taxes-on-the-wealthy-to-fund-more-public-services.",
RETIRE_NOW,no-context,Jerry W Stevenson,-351296,ut,State Senator District 6,t,t,Civil Rights and Social Justice,5.0,,7,7,t,d8e92dad-6bb0-46e3-9c43-c3b7b3599d77,0bc588c6-39e1-4084-b5de-cac909b8b762,,"",
RETIRE_NOW,no-context,Jerry W Stevenson,-351296,ut,State Senator District 6,t,t,Medicare / Medicaid,4.0,,7,7,t,d8e92dad-6bb0-46e3-9c43-c3b7b3599d77,cab61e8a-64fe-4bbd-bc08-fe9914d0091b,,"",
RETIRE_NOW,no-context,Jerry W Stevenson,-351296,ut,State Senator District 6,t,t,Reproductive Rights and Abortion Access,4.0,,7,7,t,d8e92dad-6bb0-46e3-9c43-c3b7b3599d77,af2fdfd6-02c4-49df-b09c-cf8536f4773f,,"",
RETIRE_NOW,no-context,Jerry W Stevenson,-351296,ut,State Senator District 6,t,t,School Vouchers & Public Education Funding,5.0,,7,7,t,d8e92dad-6bb0-46e3-9c43-c3b7b3599d77,00b95a6a-75db-4521-b523-3326bba938de,,"",
RETIRE_NOW,no-context,Jerry W Stevenson,-351296,ut,State Senator District 6,t,t,Taxation and Public Spending,4.0,,7,7,t,d8e92dad-6bb0-46e3-9c43-c3b7b3599d77,f7e5678d-dadd-4556-a2fc-446e24642ceb,,"",
RETIRE_NOW,no-context,Jerry W Stevenson,-351296,ut,State Senator District 6,t,t,Transgender Athletes,5.0,,7,7,t,d8e92dad-6bb0-46e3-9c43-c3b7b3599d77,d1618b9c-0b9e-45af-b986-bb33d270b8e4,,"",
RETIRE_NOW,no-context,Jerry W Stevenson,-351296,ut,State Senator District 6,t,t,Voting Rights and Electoral Integrity,4.0,,7,7,t,d8e92dad-6bb0-46e3-9c43-c3b7b3599d77,d1792200-1d3b-4955-a0b7-0e6980d7a7b2,,"",
RETIRE_NOW,no-context,Jimmie Hughes,-4965330001,ut,Mayor,t,t,Affordable Housing,5.0,,7,7,t,0c9fbc2d-f9c6-498a-b0ba-5302cd235a06,669cac97-66a6-4087-b036-936fbe62efb3,,"",
RETIRE_NOW,no-context,Jimmie Hughes,-4965330001,ut,Mayor,t,t,Criminalization of Homelessness,2.0,,7,7,t,0c9fbc2d-f9c6-498a-b0ba-5302cd235a06,4938766b-b45a-46e3-93bd-b8b30651271a,,"",
RETIRE_NOW,no-context,Jimmie Hughes,-4965330001,ut,Mayor,t,t,Economic Development Incentives,4.0,,7,7,t,0c9fbc2d-f9c6-498a-b0ba-5302cd235a06,eb3d1247-0de1-4b7f-baec-7259861efd53,,"",
RETIRE_NOW,no-context,Jimmie Hughes,-4965330001,ut,Mayor,t,t,Environmental Protection vs. Development,4.0,,7,7,t,0c9fbc2d-f9c6-498a-b0ba-5302cd235a06,1935979c-b290-42e4-baa5-8cb0138b4ffa,,"",
RETIRE_NOW,no-context,Jimmie Hughes,-4965330001,ut,Mayor,t,t,Growth and Development Pace,3.0,,7,7,t,0c9fbc2d-f9c6-498a-b0ba-5302cd235a06,fb25c1ac-91cc-49bf-8afc-c7fa22ef45e4,,"",
RETIRE_NOW,no-context,Jimmie Hughes,-4965330001,ut,Mayor,t,t,Public Safety Approach,4.0,,7,7,t,0c9fbc2d-f9c6-498a-b0ba-5302cd235a06,e9ebefcd-c496-45e8-b816-a79f8442ba85,,"",
RETIRE_NOW,no-context,Jimmie Hughes,-4965330001,ut,Mayor,t,t,Transportation Priorities,4.0,,7,7,t,0c9fbc2d-f9c6-498a-b0ba-5302cd235a06,ba59337e-30e2-4aba-a39a-426b3366eb27,,"",
RETIRE_NOW,no-context,Mark A. Strong,-362679,ut,State Representative District 47,t,t,Civil Rights and Social Justice,5.0,,7,7,t,6b4748cf-5c32-4a6e-9476-80e2ed7d8d7d,0bc588c6-39e1-4084-b5de-cac909b8b762,,"",
RETIRE_NOW,no-context,Mark A. Strong,-362679,ut,State Representative District 47,t,t,Deportation Priorities,5.0,,7,7,t,6b4748cf-5c32-4a6e-9476-80e2ed7d8d7d,44905f3b-e105-4f6c-afc7-5d223813dbac,,"",
RETIRE_NOW,no-context,Mark A. Strong,-362679,ut,State Representative District 47,t,t,Local Immigration Enforcement,5.0,,7,7,t,6b4748cf-5c32-4a6e-9476-80e2ed7d8d7d,b9ccee94-ad96-4f10-b655-889d8e5abe92,,"",
RETIRE_NOW,no-context,Mark A. Strong,-362679,ut,State Representative District 47,t,t,Reproductive Rights and Abortion Access,4.0,,7,7,t,6b4748cf-5c32-4a6e-9476-80e2ed7d8d7d,af2fdfd6-02c4-49df-b09c-cf8536f4773f,,"",
RETIRE_NOW,no-context,Mark A. Strong,-362679,ut,State Representative District 47,t,t,School Vouchers & Public Education Funding,5.0,,7,7,t,6b4748cf-5c32-4a6e-9476-80e2ed7d8d7d,00b95a6a-75db-4521-b523-3326bba938de,,"",
RETIRE_NOW,no-context,Mark A. Strong,-362679,ut,State Representative District 47,t,t,Taxation and Public Spending,4.0,,7,7,t,6b4748cf-5c32-4a6e-9476-80e2ed7d8d7d,f7e5678d-dadd-4556-a2fc-446e24642ceb,,"",
RETIRE_NOW,no-context,Mark A. Strong,-362679,ut,State Representative District 47,t,t,Voting Rights and Electoral Integrity,4.0,,7,7,t,6b4748cf-5c32-4a6e-9476-80e2ed7d8d7d,d1792200-1d3b-4955-a0b7-0e6980d7a7b2,,"",
VERIFY,bio-only:unverified,Mark Teixeira,-4812101,(none),(not seated),f,t,Civil Rights and Social Justice,4.0,,7,7,t,c7699355-885b-475d-834a-1a945618e711,0bc588c6-39e1-4084-b5de-cac909b8b762,https://ballotpedia.org/Mark_Teixeira,"His platform pledges to ""End radical woke indoctrination"" and ""kill DEI"" -- opposing race-conscious DEI programs and limiting such federal initiatives.",
VERIFY,bio-only:unverified,Mark Teixeira,-4812101,(none),(not seated),f,t,Deportation Priorities,4.0,,7,7,t,c7699355-885b-475d-834a-1a945618e711,44905f3b-e105-4f6c-afc7-5d223813dbac,https://ballotpedia.org/Mark_Teixeira,"His platform pledges to ""deport illegal aliens"" and ""crush the cartels"" -- removing those without legal status, starting with criminals.",
VERIFY,bio-only:unverified,Mark Teixeira,-4812101,(none),(not seated),f,t,Fossil Fuel Policy,4.0,,7,7,t,c7699355-885b-475d-834a-1a945618e711,a22215c3-6693-4bc2-b248-01aebba14570,https://ballotpedia.org/Mark_Teixeira,"His platform pledges to ""Unleash Texas oil, gas, and nuclear to restore U.S. energy dominance"" -- expanding fossil-fuel production.",
VERIFY,bio-only:unverified,Mark Teixeira,-4812101,(none),(not seated),f,t,Immigration and Treatment of Immigrants,4.0,,7,7,t,c7699355-885b-475d-834a-1a945618e711,4e2c69ce-591e-4197-9cd5-7aceff79d390,https://ballotpedia.org/Mark_Teixeira,"His platform's top plank is to ""Fully secure the southern border ... and crush the cartels to keep Texans safe"" -- a restrictive, enforcement-first immigration posture.",
VERIFY,bio-only:unverified,Mark Teixeira,-4812101,(none),(not seated),f,t,Religious Freedom,4.0,,7,7,t,c7699355-885b-475d-834a-1a945618e711,6b9ba6d9-1001-43f5-b073-4d37130696fd,https://ballotpedia.org/Mark_Teixeira,"His platform pledges to ""safeguard religious liberty"" as part of ""Defending Life, Faith & Freedom"" -- strongly protecting religious freedom and faith-based exemptions.",
VERIFY,bio-only:unverified,Mark Teixeira,-4812101,(none),(not seated),f,t,Taxation and Public Spending,4.0,,7,7,t,c7699355-885b-475d-834a-1a945618e711,f7e5678d-dadd-4556-a2fc-446e24642ceb,https://ballotpedia.org/Mark_Teixeira,"His platform pledges to ""Expand DOGE to cut insane wasteful spending, rein in the Deep State"" and put ""taxpayers first"" -- cutting government spending and scaling back the federal footprint.",
VERIFY,bio-only:unverified,Mark Teixeira,-4812101,(none),(not seated),f,t,Voting Rights and Electoral Integrity,4.0,,7,7,t,c7699355-885b-475d-834a-1a945618e711,d1792200-1d3b-4955-a0b7-0e6980d7a7b2,https://ballotpedia.org/Mark_Teixeira,"His ""Election Integrity & Ballot Security"" plank pledges to ""Make sure only U.S. citizens"" vote -- prioritizing citizenship-verification and election-security measures.",
VERIFY,bio-only:unverified,Melissa McDonough,-4813802,(none),(not seated),f,t,Civil Rights and Social Justice,2.0,,7,7,t,b71a700c-8091-4760-87c8-118402408fb5,0bc588c6-39e1-4084-b5de-cac909b8b762,https://ballotpedia.org/Melissa_McDonough,"Her campaign website (quoted on Ballotpedia) notes ""racism still exists in America"" and that ""Injustice against the LGBTQ+ community continues to plague our institutions as extremists push policies that reverse decades of progress"" -- strengthening civil-rights enforcement against discrimination.",
VERIFY,bio-only:unverified,Melissa McDonough,-4813802,(none),(not seated),f,t,Climate Change and Environmental Protection,3.0,,7,7,t,b71a700c-8091-4760-87c8-118402408fb5,f1e44d66-5d27-4b51-b54f-b7ace86f6a3c,https://ballotpedia.org/Melissa_McDonough,"Her campaign website (quoted on Ballotpedia) calls to ""embrace renewable energy innovation"" and use ""renewables in conjunction with fossil fuels... while mitigating negative environmental impacts"" -- investing in clean energy while gradually reducing fossil reliance.",
VERIFY,bio-only:unverified,Melissa McDonough,-4813802,(none),(not seated),f,t,Fossil Fuel Policy,3.0,,7,7,t,b71a700c-8091-4760-87c8-118402408fb5,a22215c3-6693-4bc2-b248-01aebba14570,https://ballotpedia.org/Melissa_McDonough,"Her campaign website (quoted on Ballotpedia) says ""The petroleum industry will always be an integral part of the Texas economy"" used alongside renewables -- maintaining current fossil-fuel production.",
VERIFY,bio-only:unverified,Melissa McDonough,-4813802,(none),(not seated),f,t,Healthcare Access,2.0,,7,7,t,b71a700c-8091-4760-87c8-118402408fb5,e8dad4a8-eb93-4931-91f5-d8fb5d7dd529,https://ballotpedia.org/Melissa_McDonough,"Her Ballotpedia Candidate Connection survey warns Texas ""leads the nation in uninsured"" with premiums up ""300-400%"" and that ""even more families will lose access to healthcare"" without action -- ensuring everyone has affordable coverage.",
VERIFY,bio-only:unverified,Melissa McDonough,-4813802,(none),(not seated),f,t,School Vouchers & Public Education Funding,1.0,,7,7,t,b71a700c-8091-4760-87c8-118402408fb5,00b95a6a-75db-4521-b523-3326bba938de,https://ballotpedia.org/Melissa_McDonough,"Her campaign website (quoted on Ballotpedia) condemns ""Governor Abbott's relentless push for vouchers"" and cuts to public-school funding, arguing Texas Republicans ""want public education to fail"" -- fully funding public schools and opposing vouchers.",
VERIFY,bio-only:unverified,Melissa McDonough,-4813802,(none),(not seated),f,t,United States Tariff Policy,2.0,,7,7,t,b71a700c-8091-4760-87c8-118402408fb5,683c8084-2281-4920-a07c-18439b2dd413,https://ballotpedia.org/Melissa_McDonough,"Her campaign website (quoted on Ballotpedia) criticizes Trump's ""trade war with China"" that ""cost Americans $80 billion in new taxes"" and calls for ""treating your trading partners with respect"" -- reducing tariffs and favoring open trade.",
VERIFY,bio-only:unverified,Melissa McDonough,-4813802,(none),(not seated),f,t,Voting Rights and Electoral Integrity,2.0,,7,7,t,b71a700c-8091-4760-87c8-118402408fb5,d1792200-1d3b-4955-a0b7-0e6980d7a7b2,https://ballotpedia.org/Melissa_McDonough,"Her campaign website (quoted on Ballotpedia) says ""We need to make mail-in voting easier, continue to allow county-wide voting, have more accessible polling locations"" -- expanding mail-in voting and voter access.",
RETIRE_NOW,no-context,Michael J. Petersen,-301356,ut,State Representative District 2,t,t,Civil Rights and Social Justice,5.0,,7,7,t,e05c6491-0a71-4c42-a57a-1447d91e34f0,0bc588c6-39e1-4084-b5de-cac909b8b762,,"",
RETIRE_NOW,no-context,Michael J. Petersen,-301356,ut,State Representative District 2,t,t,Religious Freedom,5.0,,7,7,t,e05c6491-0a71-4c42-a57a-1447d91e34f0,6b9ba6d9-1001-43f5-b073-4d37130696fd,,"",
RETIRE_NOW,no-context,Michael J. Petersen,-301356,ut,State Representative District 2,t,t,Reproductive Rights and Abortion Access,4.0,,7,7,t,e05c6491-0a71-4c42-a57a-1447d91e34f0,af2fdfd6-02c4-49df-b09c-cf8536f4773f,,"",
RETIRE_NOW,no-context,Michael J. Petersen,-301356,ut,State Representative District 2,t,t,School Vouchers & Public Education Funding,5.0,,7,7,t,e05c6491-0a71-4c42-a57a-1447d91e34f0,00b95a6a-75db-4521-b523-3326bba938de,,"",
RETIRE_NOW,no-context,Michael J. Petersen,-301356,ut,State Representative District 2,t,t,Taxation and Public Spending,4.0,,7,7,t,e05c6491-0a71-4c42-a57a-1447d91e34f0,f7e5678d-dadd-4556-a2fc-446e24642ceb,,"",
RETIRE_NOW,no-context,Michael J. Petersen,-301356,ut,State Representative District 2,t,t,Transgender Athletes,5.0,,7,7,t,e05c6491-0a71-4c42-a57a-1447d91e34f0,d1618b9c-0b9e-45af-b986-bb33d270b8e4,,"",
RETIRE_NOW,no-context,Michael J. Petersen,-301356,ut,State Representative District 2,t,t,Voting Rights and Electoral Integrity,4.0,,7,7,t,e05c6491-0a71-4c42-a57a-1447d91e34f0,d1792200-1d3b-4955-a0b7-0e6980d7a7b2,,"",
RETIRE_NOW,no-context,Olivia Clark,-690021,or,City Councilor (District 4),t,t,Affordable Housing,3.0,,7,7,t,c06d9bab-e31e-41e7-82d6-955c9309a3d4,669cac97-66a6-4087-b036-936fbe62efb3,,"",
RETIRE_NOW,no-context,Olivia Clark,-690021,or,City Councilor (District 4),t,t,Criminalization of Homelessness,3.0,,7,7,t,c06d9bab-e31e-41e7-82d6-955c9309a3d4,4938766b-b45a-46e3-93bd-b8b30651271a,,"",
RETIRE_NOW,no-context,Olivia Clark,-690021,or,City Councilor (District 4),t,t,Growth and Development Pace,4.0,,7,7,t,c06d9bab-e31e-41e7-82d6-955c9309a3d4,fb25c1ac-91cc-49bf-8afc-c7fa22ef45e4,,"",
RETIRE_NOW,no-context,Olivia Clark,-690021,or,City Councilor (District 4),t,t,Homelessness Response,3.0,,7,7,t,c06d9bab-e31e-41e7-82d6-955c9309a3d4,6fbf39ae-6b19-4182-b4c2-6a8d25c86c0f,,"",
RETIRE_NOW,no-context,Olivia Clark,-690021,or,City Councilor (District 4),t,t,Public Safety Approach,4.0,,7,7,t,c06d9bab-e31e-41e7-82d6-955c9309a3d4,e9ebefcd-c496-45e8-b816-a79f8442ba85,,"",
RETIRE_NOW,no-context,Olivia Clark,-690021,or,City Councilor (District 4),t,t,Residential Zoning,4.0,,7,7,t,c06d9bab-e31e-41e7-82d6-955c9309a3d4,d4f18138-a2e0-4110-b925-7387d9d0d16d,,"",
RETIRE_NOW,no-context,Olivia Clark,-690021,or,City Councilor (District 4),t,t,Transportation Priorities,3.0,,7,7,t,c06d9bab-e31e-41e7-82d6-955c9309a3d4,ba59337e-30e2-4aba-a39a-426b3366eb27,,"",
RETIRE_NOW,no-context,Ronald M. Winterton,-334175,ut,State Senator District 20,t,t,Childcare Affordability & Access,2.0,,7,7,t,8108dfd3-1039-4eab-b175-091d120ee213,c1ac1330-47f7-44ec-baf3-c913d926b97c,,"",
RETIRE_NOW,no-context,Ronald M. Winterton,-334175,ut,State Senator District 20,t,t,Civil Rights and Social Justice,5.0,,7,7,t,8108dfd3-1039-4eab-b175-091d120ee213,0bc588c6-39e1-4084-b5de-cac909b8b762,,"",
RETIRE_NOW,no-context,Ronald M. Winterton,-334175,ut,State Senator District 20,t,t,Fossil Fuel Policy,5.0,,7,7,t,8108dfd3-1039-4eab-b175-091d120ee213,a22215c3-6693-4bc2-b248-01aebba14570,,"",
RETIRE_NOW,no-context,Ronald M. Winterton,-334175,ut,State Senator District 20,t,t,Immigration and Treatment of Immigrants,4.0,,7,7,t,8108dfd3-1039-4eab-b175-091d120ee213,4e2c69ce-591e-4197-9cd5-7aceff79d390,,"",
RETIRE_NOW,no-context,Ronald M. Winterton,-334175,ut,State Senator District 20,t,t,Reproductive Rights and Abortion Access,4.0,,7,7,t,8108dfd3-1039-4eab-b175-091d120ee213,af2fdfd6-02c4-49df-b09c-cf8536f4773f,,"",
RETIRE_NOW,no-context,Ronald M. Winterton,-334175,ut,State Senator District 20,t,t,School Vouchers & Public Education Funding,5.0,,7,7,t,8108dfd3-1039-4eab-b175-091d120ee213,00b95a6a-75db-4521-b523-3326bba938de,,"",
RETIRE_NOW,no-context,Ronald M. Winterton,-334175,ut,State Senator District 20,t,t,Voting Rights and Electoral Integrity,4.0,,7,7,t,8108dfd3-1039-4eab-b175-091d120ee213,d1792200-1d3b-4955-a0b7-0e6980d7a7b2,,"",
VERIFY,bio-only:unverified,Sam Rasoul,-5120038,va,Delegate,t,t,Civil Rights and Social Justice,2.0,,7,7,t,307597bd-3a05-41ad-a991-a7325ece5b5f,0bc588c6-39e1-4084-b5de-cac909b8b762,https://ballotpedia.org/Sam_Rasoul,Ballotpedia 2021 campaign: states too many people still face discrimination and that Virginia must take every opportunity to stand up and fight for equality — strengthen civil rights enforcement and address systemic discrimination.,
VERIFY,bio-only:unverified,Sam Rasoul,-5120038,va,Delegate,t,t,Climate Change and Environmental Protection,1.0,,7,7,t,307597bd-3a05-41ad-a991-a7325ece5b5f,f1e44d66-5d27-4b51-b54f-b7ace86f6a3c,https://ballotpedia.org/Sam_Rasoul,Ballotpedia 2021 LG campaign website: explicitly calls to declare a climate crisis in Virginia and enact a Green New Deal to get Virginia to 100% clean energy by 2036 — declare climate emergency and ban activities increasing carbon emissions.,
VERIFY,bio-only:unverified,Sam Rasoul,-5120038,va,Delegate,t,t,Fossil Fuel Policy,1.0,,7,7,t,307597bd-3a05-41ad-a991-a7325ece5b5f,a22215c3-6693-4bc2-b248-01aebba14570,https://ballotpedia.org/Sam_Rasoul,Ballotpedia 2021 LG campaign website: explicitly calls to establish a moratorium on new fossil fuel projects — immediately ban all new fossil fuel drilling and extraction.,
VERIFY,bio-only:unverified,Sam Rasoul,-5120038,va,Delegate,t,t,Healthcare Access,2.0,,7,7,t,307597bd-3a05-41ad-a991-a7325ece5b5f,e8dad4a8-eb93-4931-91f5-d8fb5d7dd529,https://ballotpedia.org/Sam_Rasoul,Ballotpedia 2021 LG campaign website: calls for high-quality affordable healthcare for every Virginian as a basic right and lowering prescription drug costs through public programs and regulated insurance — make sure everyone has affordable coverage through mix of public programs and regulated private insurance.,
VERIFY,bio-only:unverified,Sam Rasoul,-5120038,va,Delegate,t,t,Reproductive Rights and Abortion Access,2.0,,7,7,t,307597bd-3a05-41ad-a991-a7325ece5b5f,af2fdfd6-02c4-49df-b09c-cf8536f4773f,https://ballotpedia.org/Sam_Rasoul,Ballotpedia: endorsed by Planned Parenthood Advocates of Virginia in 2023; 2021 campaign described fighting for a woman's right to choose — keep abortion legal and accessible.,
VERIFY,bio-only:unverified,Sam Rasoul,-5120038,va,Delegate,t,t,Same-Sex Marriage,1.0,,7,7,t,307597bd-3a05-41ad-a991-a7325ece5b5f,c5ab4eab-702f-49b8-9277-8ea53f3835c6,https://ballotpedia.org/Sam_Rasoul,Ballotpedia 2021 campaign: supported removing the constitutional amendment that banned same-sex marriage in Virginia — require all states to recognize same-sex marriages with full protections.,
VERIFY,bio-only:unverified,Sam Rasoul,-5120038,va,Delegate,t,t,Voting Rights and Electoral Integrity,2.0,,7,7,t,307597bd-3a05-41ad-a991-a7325ece5b5f,d1792200-1d3b-4955-a0b7-0e6980d7a7b2,https://ballotpedia.org/Sam_Rasoul,Ballotpedia 2021 campaign: explicitly called for going farther than restoring felon voting rights upon release to ensure the ability to vote is never taken away plus ideas to make voting more accessible — expand early voting and mail-in access.,
RETIRE_NOW,no-context,Stephanie Gricius,-309963,ut,State Representative District 50,t,t,Civil Rights and Social Justice,5.0,,7,7,t,7ebd1d5d-f51f-49fd-98df-3e5223e49208,0bc588c6-39e1-4084-b5de-cac909b8b762,,"",
RETIRE_NOW,no-context,Stephanie Gricius,-309963,ut,State Representative District 50,t,t,Deportation Priorities,5.0,,7,7,t,7ebd1d5d-f51f-49fd-98df-3e5223e49208,44905f3b-e105-4f6c-afc7-5d223813dbac,,"",
RETIRE_NOW,no-context,Stephanie Gricius,-309963,ut,State Representative District 50,t,t,Local Immigration Enforcement,5.0,,7,7,t,7ebd1d5d-f51f-49fd-98df-3e5223e49208,b9ccee94-ad96-4f10-b655-889d8e5abe92,,"",
RETIRE_NOW,no-context,Stephanie Gricius,-309963,ut,State Representative District 50,t,t,Reproductive Rights and Abortion Access,4.0,,7,7,t,7ebd1d5d-f51f-49fd-98df-3e5223e49208,af2fdfd6-02c4-49df-b09c-cf8536f4773f,,"",
RETIRE_NOW,no-context,Stephanie Gricius,-309963,ut,State Representative District 50,t,t,School Vouchers & Public Education Funding,5.0,,7,7,t,7ebd1d5d-f51f-49fd-98df-3e5223e49208,00b95a6a-75db-4521-b523-3326bba938de,,"",
RETIRE_NOW,no-context,Stephanie Gricius,-309963,ut,State Representative District 50,t,t,Taxation and Public Spending,4.0,,7,7,t,7ebd1d5d-f51f-49fd-98df-3e5223e49208,f7e5678d-dadd-4556-a2fc-446e24642ceb,,"",
RETIRE_NOW,no-context,Stephanie Gricius,-309963,ut,State Representative District 50,t,t,Voting Rights and Electoral Integrity,4.0,,7,7,t,7ebd1d5d-f51f-49fd-98df-3e5223e49208,d1792200-1d3b-4955-a0b7-0e6980d7a7b2,,"",
RETIRE_NOW,no-context,Tiara Auxier,-387748,ut,State Representative District 4,t,t,Childcare Affordability & Access,2.0,,7,7,t,a77a88dc-e0cb-4ed6-8359-a6541347d49f,c1ac1330-47f7-44ec-baf3-c913d926b97c,,"",
RETIRE_NOW,no-context,Tiara Auxier,-387748,ut,State Representative District 4,t,t,Deportation Priorities,5.0,,7,7,t,a77a88dc-e0cb-4ed6-8359-a6541347d49f,44905f3b-e105-4f6c-afc7-5d223813dbac,,"",
RETIRE_NOW,no-context,Tiara Auxier,-387748,ut,State Representative District 4,t,t,Immigration and Treatment of Immigrants,5.0,,7,7,t,a77a88dc-e0cb-4ed6-8359-a6541347d49f,4e2c69ce-591e-4197-9cd5-7aceff79d390,,"",
RETIRE_NOW,no-context,Tiara Auxier,-387748,ut,State Representative District 4,t,t,Religious Freedom,5.0,,7,7,t,a77a88dc-e0cb-4ed6-8359-a6541347d49f,6b9ba6d9-1001-43f5-b073-4d37130696fd,,"",
RETIRE_NOW,no-context,Tiara Auxier,-387748,ut,State Representative District 4,t,t,State Redistricting and Gerrymandering,5.0,,7,7,t,a77a88dc-e0cb-4ed6-8359-a6541347d49f,48cc9585-ec22-4f53-8d42-6839828dd36f,,"",
RETIRE_NOW,no-context,Tiara Auxier,-387748,ut,State Representative District 4,t,t,Taxation and Public Spending,4.0,,7,7,t,a77a88dc-e0cb-4ed6-8359-a6541347d49f,f7e5678d-dadd-4556-a2fc-446e24642ceb,,"",
RETIRE_NOW,no-context,Tiara Auxier,-387748,ut,State Representative District 4,t,t,Voting Rights and Electoral Integrity,4.0,,7,7,t,a77a88dc-e0cb-4ed6-8359-a6541347d49f,d1792200-1d3b-4955-a0b7-0e6980d7a7b2,,"",
RETIRE_NOW,no-context,Todd Weiler,-330646,ut,State Senator District 8,t,t,Childcare Affordability & Access,4.0,,7,7,t,612392b2-ab46-4287-a2fd-c74ae0961198,c1ac1330-47f7-44ec-baf3-c913d926b97c,,"",
RETIRE_NOW,no-context,Todd Weiler,-330646,ut,State Senator District 8,t,t,Medicare / Medicaid,2.0,,7,7,t,612392b2-ab46-4287-a2fd-c74ae0961198,cab61e8a-64fe-4bbd-bc08-fe9914d0091b,,"",
RETIRE_NOW,no-context,Todd Weiler,-330646,ut,State Senator District 8,t,t,Reproductive Rights and Abortion Access,4.0,,7,7,t,612392b2-ab46-4287-a2fd-c74ae0961198,af2fdfd6-02c4-49df-b09c-cf8536f4773f,,"",
RETIRE_NOW,no-context,Todd Weiler,-330646,ut,State Senator District 8,t,t,School Vouchers & Public Education Funding,5.0,,7,7,t,612392b2-ab46-4287-a2fd-c74ae0961198,00b95a6a-75db-4521-b523-3326bba938de,,"",
RETIRE_NOW,no-context,Todd Weiler,-330646,ut,State Senator District 8,t,t,Taxation and Public Spending,4.0,,7,7,t,612392b2-ab46-4287-a2fd-c74ae0961198,f7e5678d-dadd-4556-a2fc-446e24642ceb,,"",
RETIRE_NOW,no-context,Todd Weiler,-330646,ut,State Senator District 8,t,t,Transgender Athletes,2.0,,7,7,t,612392b2-ab46-4287-a2fd-c74ae0961198,d1618b9c-0b9e-45af-b986-bb33d270b8e4,,"",
RETIRE_NOW,no-context,Todd Weiler,-330646,ut,State Senator District 8,t,t,Voting Rights and Electoral Integrity,2.0,,7,7,t,612392b2-ab46-4287-a2fd-c74ae0961198,d1792200-1d3b-4955-a0b7-0e6980d7a7b2,,"",
RETIRE_NOW,no-context,Trevor Lee,-350381,ut,State Representative District 16,t,t,Civil Rights and Social Justice,5.0,,7,7,t,50ed5ba3-8c72-46f8-8369-91d7734908a6,0bc588c6-39e1-4084-b5de-cac909b8b762,,"",
RETIRE_NOW,no-context,Trevor Lee,-350381,ut,State Representative District 16,t,t,Deportation Priorities,5.0,,7,7,t,50ed5ba3-8c72-46f8-8369-91d7734908a6,44905f3b-e105-4f6c-afc7-5d223813dbac,,"",
RETIRE_NOW,no-context,Trevor Lee,-350381,ut,State Representative District 16,t,t,Local Immigration Enforcement,5.0,,7,7,t,50ed5ba3-8c72-46f8-8369-91d7734908a6,b9ccee94-ad96-4f10-b655-889d8e5abe92,,"",
RETIRE_NOW,no-context,Trevor Lee,-350381,ut,State Representative District 16,t,t,Reproductive Rights and Abortion Access,4.0,,7,7,t,50ed5ba3-8c72-46f8-8369-91d7734908a6,af2fdfd6-02c4-49df-b09c-cf8536f4773f,,"",
RETIRE_NOW,no-context,Trevor Lee,-350381,ut,State Representative District 16,t,t,School Vouchers & Public Education Funding,5.0,,7,7,t,50ed5ba3-8c72-46f8-8369-91d7734908a6,00b95a6a-75db-4521-b523-3326bba938de,,"",
RETIRE_NOW,no-context,Trevor Lee,-350381,ut,State Representative District 16,t,t,Taxation and Public Spending,4.0,,7,7,t,50ed5ba3-8c72-46f8-8369-91d7734908a6,f7e5678d-dadd-4556-a2fc-446e24642ceb,,"",
RETIRE_NOW,no-context,Trevor Lee,-350381,ut,State Representative District 16,t,t,Voting Rights and Electoral Integrity,4.0,,7,7,t,50ed5ba3-8c72-46f8-8369-91d7734908a6,d1792200-1d3b-4955-a0b7-0e6980d7a7b2,,"",
RETIRE_NOW,no-context,Victoria Petro-Eschler,-4967000011,ut,Council District 1,t,t,Affordable Housing,2.0,,7,7,t,cbd6c67a-27dc-4b07-87de-4e06811443a1,669cac97-66a6-4087-b036-936fbe62efb3,,"",
RETIRE_NOW,no-context,Victoria Petro-Eschler,-4967000011,ut,Council District 1,t,t,City Sanitation and Cleanliness,2.0,,7,7,t,cbd6c67a-27dc-4b07-87de-4e06811443a1,7687de4f-4d0b-462a-b803-bdfb23b16b42,,"",
RETIRE_NOW,no-context,Victoria Petro-Eschler,-4967000011,ut,Council District 1,t,t,Criminalization of Homelessness,2.0,,7,7,t,cbd6c67a-27dc-4b07-87de-4e06811443a1,4938766b-b45a-46e3-93bd-b8b30651271a,,"",
RETIRE_NOW,no-context,Victoria Petro-Eschler,-4967000011,ut,Council District 1,t,t,Environmental Protection vs. Development,2.0,,7,7,t,cbd6c67a-27dc-4b07-87de-4e06811443a1,1935979c-b290-42e4-baa5-8cb0138b4ffa,,"",
RETIRE_NOW,no-context,Victoria Petro-Eschler,-4967000011,ut,Council District 1,t,t,Growth and Development Pace,2.0,,7,7,t,cbd6c67a-27dc-4b07-87de-4e06811443a1,fb25c1ac-91cc-49bf-8afc-c7fa22ef45e4,,"",
RETIRE_NOW,no-context,Victoria Petro-Eschler,-4967000011,ut,Council District 1,t,t,Homelessness Response,2.0,,7,7,t,cbd6c67a-27dc-4b07-87de-4e06811443a1,6fbf39ae-6b19-4182-b4c2-6a8d25c86c0f,,"",
RETIRE_NOW,no-context,Victoria Petro-Eschler,-4967000011,ut,Council District 1,t,t,Residential Zoning,4.0,,7,7,t,cbd6c67a-27dc-4b07-87de-4e06811443a1,d4f18138-a2e0-4110-b925-7387d9d0d16d,,"",
RETIRE_NOW,no-context,Wayne A. Harper,-385462,ut,State Senator District 16,t,t,Civil Rights and Social Justice,5.0,,7,7,t,2d53f024-b180-47c1-9035-90835bc1ab2b,0bc588c6-39e1-4084-b5de-cac909b8b762,,"",
RETIRE_NOW,no-context,Wayne A. Harper,-385462,ut,State Senator District 16,t,t,Medicare / Medicaid,2.0,,7,7,t,2d53f024-b180-47c1-9035-90835bc1ab2b,cab61e8a-64fe-4bbd-bc08-fe9914d0091b,,"",
RETIRE_NOW,no-context,Wayne A. Harper,-385462,ut,State Senator District 16,t,t,Reproductive Rights and Abortion Access,4.0,,7,7,t,2d53f024-b180-47c1-9035-90835bc1ab2b,af2fdfd6-02c4-49df-b09c-cf8536f4773f,,"",
RETIRE_NOW,no-context,Wayne A. Harper,-385462,ut,State Senator District 16,t,t,School Vouchers & Public Education Funding,5.0,,7,7,t,2d53f024-b180-47c1-9035-90835bc1ab2b,00b95a6a-75db-4521-b523-3326bba938de,,"",
RETIRE_NOW,no-context,Wayne A. Harper,-385462,ut,State Senator District 16,t,t,State Redistricting and Gerrymandering,4.0,,7,7,t,2d53f024-b180-47c1-9035-90835bc1ab2b,48cc9585-ec22-4f53-8d42-6839828dd36f,,"",
RETIRE_NOW,no-context,Wayne A. Harper,-385462,ut,State Senator District 16,t,t,Taxation and Public Spending,4.0,,7,7,t,2d53f024-b180-47c1-9035-90835bc1ab2b,f7e5678d-dadd-4556-a2fc-446e24642ceb,,"",
RETIRE_NOW,no-context,Wayne A. Harper,-385462,ut,State Senator District 16,t,t,Transgender Athletes,5.0,,7,7,t,2d53f024-b180-47c1-9035-90835bc1ab2b,d1618b9c-0b9e-45af-b986-bb33d270b8e4,,"",
RETIRE_NOW,no-context,Alejandro Puy,-328409,ut,Council Ward 2,t,f,Affordable Housing,2.0,,6,6,t,a404d8a7-9c7d-4c46-b6e6-ba713276e2bc,669cac97-66a6-4087-b036-936fbe62efb3,,"",2026-05-31 13:32:11.932737+00
RETIRE_NOW,no-context,Alejandro Puy,-328409,ut,Council Ward 2,t,f,Growth and Development Pace,2.0,,6,6,t,a404d8a7-9c7d-4c46-b6e6-ba713276e2bc,fb25c1ac-91cc-49bf-8afc-c7fa22ef45e4,,"",2026-05-31 13:32:11.932737+00
RETIRE_NOW,no-context,Alejandro Puy,-328409,ut,Council Ward 2,t,f,Local Immigration Enforcement,2.0,,6,6,t,a404d8a7-9c7d-4c46-b6e6-ba713276e2bc,b9ccee94-ad96-4f10-b655-889d8e5abe92,,"",2026-05-31 13:32:11.932737+00
RETIRE_NOW,no-context,Alejandro Puy,-328409,ut,Council Ward 2,t,f,Public Safety Approach,2.0,,6,6,t,a404d8a7-9c7d-4c46-b6e6-ba713276e2bc,e9ebefcd-c496-45e8-b816-a79f8442ba85,,"",2026-05-31 13:32:11.932737+00
RETIRE_NOW,no-context,Alejandro Puy,-328409,ut,Council Ward 2,t,f,Residential Zoning,2.0,,6,6,t,a404d8a7-9c7d-4c46-b6e6-ba713276e2bc,d4f18138-a2e0-4110-b925-7387d9d0d16d,,"",2026-05-31 13:32:11.932737+00
RETIRE_NOW,no-context,Alejandro Puy,-328409,ut,Council Ward 2,t,f,Transportation Priorities,2.0,,6,6,t,a404d8a7-9c7d-4c46-b6e6-ba713276e2bc,ba59337e-30e2-4aba-a39a-426b3366eb27,,"",2026-05-31 13:32:11.932737+00
VERIFY,bio-only:unverified,Antony Barran,-530306,(none),(not seated),f,t,Affordable Housing,4.0,,6,6,t,48c56d02-f302-4ecf-86fa-912850d37fc7,669cac97-66a6-4087-b036-936fbe62efb3,https://ballotpedia.org/Antony_Barran,"Barran's housing plank calls to 'Incentivize duplex and triplex construction in Opportunity Zones,' 'Reform lending rules,' and 'Cut permitting red tape to lower the cost of new housing,' matching the deregulation/zoning-reform chair for expanding housing supply through private development.",
VERIFY,bio-only:unverified,Antony Barran,-530306,(none),(not seated),f,t,Immigration and Treatment of Immigrants,4.0,,6,6,t,48c56d02-f302-4ecf-86fa-912850d37fc7,4e2c69ce-591e-4197-9cd5-7aceff79d390,https://ballotpedia.org/Antony_Barran,"Barran's campaign website platform (quoted on his Ballotpedia profile) calls to 'Secure the border with effective enforcement and modern technology. End loopholes that encourage illegal immigration. Create a rational, legal immigration process aligned with American values,' matching the harder-to-immigrate-legally-with-restricted-services chair rather than a full immigration shutdown.",
VERIFY,bio-only:unverified,Antony Barran,-530306,(none),(not seated),f,t,Medicare / Medicaid,3.0,,6,6,t,48c56d02-f302-4ecf-86fa-912850d37fc7,cab61e8a-64fe-4bbd-bc08-fe9914d0091b,https://ballotpedia.org/Antony_Barran,"Barran's platform states he will 'Protect Medicare and Social Security from cuts while reforming inefficiencies,' matching the improve-current-programs-while-controlling-costs chair rather than expansion or privatization.",
VERIFY,bio-only:unverified,Antony Barran,-530306,(none),(not seated),f,t,School Vouchers & Public Education Funding,4.0,,6,6,t,48c56d02-f302-4ecf-86fa-912850d37fc7,00b95a6a-75db-4521-b523-3326bba938de,https://ballotpedia.org/Antony_Barran,"Barran's education plank explicitly states 'Support school choice and local control' alongside 'Protect parental rights in education,' matching the expand-voucher-eligibility-while-maintaining-baseline-public-funding chair.",
VERIFY,bio-only:unverified,Antony Barran,-530306,(none),(not seated),f,t,Social Security,3.0,,6,6,t,48c56d02-f302-4ecf-86fa-912850d37fc7,87d20824-a6e9-407b-983c-65440084a0ab,https://ballotpedia.org/Antony_Barran,"Same platform plank -- 'Protect Medicare and Social Security from cuts while reforming inefficiencies' -- matches the small-adjustments-to-keep-Social-Security-stable chair, since he neither proposes benefit expansion nor privatization, just protection plus efficiency reform.",
VERIFY,bio-only:unverified,Antony Barran,-530306,(none),(not seated),f,t,Taxation and Public Spending,4.0,,6,6,t,48c56d02-f302-4ecf-86fa-912850d37fc7,f7e5678d-dadd-4556-a2fc-446e24642ceb,https://ballotpedia.org/Antony_Barran,"Under 'Fiscal Responsibility,' Barran's platform says to 'Balance the budget by cutting waste, fraud, and duplicative programs' and to 'Oppose new taxes that burden working families and small businesses,' while his small-business plank calls for 'tax incentives for startups and family-owned businesses' -- matching the cut-taxes-and-scale-back-spending chair.",
RETIRE_NOW,no-context,Ashlee Matthews,-398677,ut,State Representative District 37,t,t,Childcare Affordability & Access,1.0,,6,6,t,78af9e6a-adcb-4003-b719-32fe035feae8,c1ac1330-47f7-44ec-baf3-c913d926b97c,,"",
RETIRE_NOW,no-context,Ashlee Matthews,-398677,ut,State Representative District 37,t,t,Civil Rights and Social Justice,1.0,,6,6,t,78af9e6a-adcb-4003-b719-32fe035feae8,0bc588c6-39e1-4084-b5de-cac909b8b762,,"",
RETIRE_NOW,no-context,Ashlee Matthews,-398677,ut,State Representative District 37,t,t,Environmental Protection vs. Development,2.0,,6,6,t,78af9e6a-adcb-4003-b719-32fe035feae8,1935979c-b290-42e4-baa5-8cb0138b4ffa,,"",
RETIRE_NOW,no-context,Ashlee Matthews,-398677,ut,State Representative District 37,t,t,School Vouchers & Public Education Funding,2.0,,6,6,t,78af9e6a-adcb-4003-b719-32fe035feae8,00b95a6a-75db-4521-b523-3326bba938de,,"",
RETIRE_NOW,no-context,Ashlee Matthews,-398677,ut,State Representative District 37,t,t,Transportation Priorities,2.0,,6,6,t,78af9e6a-adcb-4003-b719-32fe035feae8,ba59337e-30e2-4aba-a39a-426b3366eb27,,"",
RETIRE_NOW,no-context,Ashlee Matthews,-398677,ut,State Representative District 37,t,t,Voting Rights and Electoral Integrity,2.0,,6,6,t,78af9e6a-adcb-4003-b719-32fe035feae8,d1792200-1d3b-4955-a0b7-0e6980d7a7b2,,"",
VERIFY,bio-only:unverified,Brad Lander,-3611001,(none),(not seated),f,t,Affordable Housing,2.0,,6,6,t,eb317545-fcb2-4034-865a-d8eb81803de6,669cac97-66a6-4087-b036-936fbe62efb3,https://ballotpedia.org/Brad_Lander,"His campaign website (quoted on Ballotpedia) touts a career ""building affordable housing"" and pledges to help cities ""fix our public housing, protect tenants, and especially to build more affordable homes"" -- publicly funding housing, protecting tenants, and requiring affordable units.",
VERIFY,bio-only:unverified,Brad Lander,-3611001,(none),(not seated),f,t,Criminalization of Homelessness,2.0,,6,6,t,eb317545-fcb2-4034-865a-d8eb81803de6,4938766b-b45a-46e3-93bd-b8b30651271a,https://ballotpedia.org/Brad_Lander,"His campaign website (quoted on Ballotpedia) pledges to help cities ""end street homelessness"" through fixing public housing and building affordable homes -- investing in housing and services rather than criminalization.",
VERIFY,bio-only:unverified,Brad Lander,-3611001,(none),(not seated),f,t,Deportation Priorities,1.0,,6,6,t,eb317545-fcb2-4034-865a-d8eb81803de6,44905f3b-e105-4f6c-afc7-5d223813dbac,https://ballotpedia.org/Brad_Lander,"His campaign website (quoted on Ballotpedia) recounts that ""When Donald Trump's ICE tried to kidnap our neighbors, Brad put his body on the line to stop them"" -- opposing deportations and protecting undocumented residents from removal.",
VERIFY,bio-only:unverified,Brad Lander,-3611001,(none),(not seated),f,t,Healthcare Access,1.0,,6,6,t,eb317545-fcb2-4034-865a-d8eb81803de6,e8dad4a8-eb93-4931-91f5-d8fb5d7dd529,https://ballotpedia.org/Brad_Lander,"His campaign website (quoted on Ballotpedia) says Brad will ""win Medicare for All"" -- a public system covering everyone.",
VERIFY,bio-only:unverified,Brad Lander,-3611001,(none),(not seated),f,t,Immigration and Treatment of Immigrants,2.0,,6,6,t,eb317545-fcb2-4034-865a-d8eb81803de6,4e2c69ce-591e-4197-9cd5-7aceff79d390,https://ballotpedia.org/Brad_Lander,"His campaign website (quoted on Ballotpedia) says NYC should be a place ""everyone can live with dignity -- ... immigrants and those who have been here for generations"" and recounts blocking ICE raids -- keeping immigration open and protecting residents regardless of status.",
VERIFY,bio-only:unverified,Brad Lander,-3611001,(none),(not seated),f,t,Medicare / Medicaid,1.0,,6,6,t,eb317545-fcb2-4034-865a-d8eb81803de6,cab61e8a-64fe-4bbd-bc08-fe9914d0091b,https://ballotpedia.org/Brad_Lander,"His campaign website (quoted on Ballotpedia) touts stopping a push of city retirees ""onto privatized Medicare Advantage"" and a pledge to ""win Medicare for All"" -- expanding Medicare to cover everyone and opposing privatization.",
RETIRE_NOW,no-context,Calvin Roberts,-315087,ut,State Representative District 46,t,t,Childcare Affordability & Access,5.0,,6,6,t,9a925e6b-6a07-4cba-abc0-3425b45e9331,c1ac1330-47f7-44ec-baf3-c913d926b97c,,"",
RETIRE_NOW,no-context,Calvin Roberts,-315087,ut,State Representative District 46,t,t,Deportation Priorities,5.0,,6,6,t,9a925e6b-6a07-4cba-abc0-3425b45e9331,44905f3b-e105-4f6c-afc7-5d223813dbac,,"",
RETIRE_NOW,no-context,Calvin Roberts,-315087,ut,State Representative District 46,t,t,Fossil Fuel Policy,5.0,,6,6,t,9a925e6b-6a07-4cba-abc0-3425b45e9331,a22215c3-6693-4bc2-b248-01aebba14570,,"",
RETIRE_NOW,no-context,Calvin Roberts,-315087,ut,State Representative District 46,t,t,Local Immigration Enforcement,5.0,,6,6,t,9a925e6b-6a07-4cba-abc0-3425b45e9331,b9ccee94-ad96-4f10-b655-889d8e5abe92,,"",
RETIRE_NOW,no-context,Calvin Roberts,-315087,ut,State Representative District 46,t,t,Taxation and Public Spending,4.0,,6,6,t,9a925e6b-6a07-4cba-abc0-3425b45e9331,f7e5678d-dadd-4556-a2fc-446e24642ceb,,"",
RETIRE_NOW,no-context,Calvin Roberts,-315087,ut,State Representative District 46,t,t,Voting Rights and Electoral Integrity,4.0,,6,6,t,9a925e6b-6a07-4cba-abc0-3425b45e9331,d1792200-1d3b-4955-a0b7-0e6980d7a7b2,,"",
RETIRE_NOW,no-context,Cheryl K. Acton,-361850,ut,State Representative District 38,t,t,Civil Rights and Social Justice,5.0,,6,6,t,2798f59a-89d5-4a09-8d6b-252c91ce337e,0bc588c6-39e1-4084-b5de-cac909b8b762,,"",
RETIRE_NOW,no-context,Cheryl K. Acton,-361850,ut,State Representative District 38,t,t,Reproductive Rights and Abortion Access,4.0,,6,6,t,2798f59a-89d5-4a09-8d6b-252c91ce337e,af2fdfd6-02c4-49df-b09c-cf8536f4773f,,"",
RETIRE_NOW,no-context,Cheryl K. Acton,-361850,ut,State Representative District 38,t,t,School Vouchers & Public Education Funding,5.0,,6,6,t,2798f59a-89d5-4a09-8d6b-252c91ce337e,00b95a6a-75db-4521-b523-3326bba938de,,"",
RETIRE_NOW,no-context,Cheryl K. Acton,-361850,ut,State Representative District 38,t,t,Taxation and Public Spending,4.0,,6,6,t,2798f59a-89d5-4a09-8d6b-252c91ce337e,f7e5678d-dadd-4556-a2fc-446e24642ceb,,"",
RETIRE_NOW,no-context,Cheryl K. Acton,-361850,ut,State Representative District 38,t,t,Transgender Athletes,5.0,,6,6,t,2798f59a-89d5-4a09-8d6b-252c91ce337e,d1618b9c-0b9e-45af-b986-bb33d270b8e4,,"",
RETIRE_NOW,no-context,Cheryl K. Acton,-361850,ut,State Representative District 38,t,t,Voting Rights and Electoral Integrity,4.0,,6,6,t,2798f59a-89d5-4a09-8d6b-252c91ce337e,d1792200-1d3b-4955-a0b7-0e6980d7a7b2,,"",
RETIRE_NOW,no-context,Clinton Okerlund,-363651,ut,State Representative District 42,t,t,Affordable Housing,4.0,,6,6,t,74da1006-5f57-476d-91b9-4a158ebc7c6d,669cac97-66a6-4087-b036-936fbe62efb3,,"",
RETIRE_NOW,no-context,Clinton Okerlund,-363651,ut,State Representative District 42,t,t,Climate Change and Environmental Protection,2.0,,6,6,t,74da1006-5f57-476d-91b9-4a158ebc7c6d,f1e44d66-5d27-4b51-b54f-b7ace86f6a3c,,"",
RETIRE_NOW,no-context,Clinton Okerlund,-363651,ut,State Representative District 42,t,t,Environmental Protection vs. Development,2.0,,6,6,t,74da1006-5f57-476d-91b9-4a158ebc7c6d,1935979c-b290-42e4-baa5-8cb0138b4ffa,,"",
RETIRE_NOW,no-context,Clinton Okerlund,-363651,ut,State Representative District 42,t,t,Taxation and Public Spending,4.0,,6,6,t,74da1006-5f57-476d-91b9-4a158ebc7c6d,f7e5678d-dadd-4556-a2fc-446e24642ceb,,"",
RETIRE_NOW,no-context,Clinton Okerlund,-363651,ut,State Representative District 42,t,t,Transportation Priorities,2.0,,6,6,t,74da1006-5f57-476d-91b9-4a158ebc7c6d,ba59337e-30e2-4aba-a39a-426b3366eb27,,"",
RETIRE_NOW,no-context,Clinton Okerlund,-363651,ut,State Representative District 42,t,t,Voting Rights and Electoral Integrity,4.0,,6,6,t,74da1006-5f57-476d-91b9-4a158ebc7c6d,d1792200-1d3b-4955-a0b7-0e6980d7a7b2,,"",
RETIRE_NOW,no-context,Dannielle Larkin,-4965330004,ut,City Council Member,t,t,Affordable Housing,3.0,,6,6,t,82fae0e9-0740-4e5b-a949-c36d3453c65d,669cac97-66a6-4087-b036-936fbe62efb3,,"",
RETIRE_NOW,no-context,Dannielle Larkin,-4965330004,ut,City Council Member,t,t,Civil Rights and Social Justice,2.0,,6,6,t,82fae0e9-0740-4e5b-a949-c36d3453c65d,0bc588c6-39e1-4084-b5de-cac909b8b762,,"",
RETIRE_NOW,no-context,Dannielle Larkin,-4965330004,ut,City Council Member,t,t,Environmental Protection vs. Development,2.0,,6,6,t,82fae0e9-0740-4e5b-a949-c36d3453c65d,1935979c-b290-42e4-baa5-8cb0138b4ffa,,"",
RETIRE_NOW,no-context,Dannielle Larkin,-4965330004,ut,City Council Member,t,t,Growth and Development Pace,2.0,,6,6,t,82fae0e9-0740-4e5b-a949-c36d3453c65d,fb25c1ac-91cc-49bf-8afc-c7fa22ef45e4,,"",
RETIRE_NOW,no-context,Dannielle Larkin,-4965330004,ut,City Council Member,t,t,Residential Zoning,3.0,,6,6,t,82fae0e9-0740-4e5b-a949-c36d3453c65d,d4f18138-a2e0-4110-b925-7387d9d0d16d,,"",
RETIRE_NOW,no-context,Dannielle Larkin,-4965330004,ut,City Council Member,t,t,Transportation Priorities,1.0,,6,6,t,82fae0e9-0740-4e5b-a949-c36d3453c65d,ba59337e-30e2-4aba-a39a-426b3366eb27,,"",
RETIRE_NOW,no-context,David P. Hinkins,-366112,ut,State Senator District 26,t,t,Civil Rights and Social Justice,5.0,,6,6,t,f01f1d5b-aeca-4548-bd39-14137e552422,0bc588c6-39e1-4084-b5de-cac909b8b762,,"",
RETIRE_NOW,no-context,David P. Hinkins,-366112,ut,State Senator District 26,t,t,Fossil Fuel Policy,5.0,,6,6,t,f01f1d5b-aeca-4548-bd39-14137e552422,a22215c3-6693-4bc2-b248-01aebba14570,,"",
RETIRE_NOW,no-context,David P. Hinkins,-366112,ut,State Senator District 26,t,t,Medicare / Medicaid,4.0,,6,6,t,f01f1d5b-aeca-4548-bd39-14137e552422,cab61e8a-64fe-4bbd-bc08-fe9914d0091b,,"",
RETIRE_NOW,no-context,David P. Hinkins,-366112,ut,State Senator District 26,t,t,Reproductive Rights and Abortion Access,4.0,,6,6,t,f01f1d5b-aeca-4548-bd39-14137e552422,af2fdfd6-02c4-49df-b09c-cf8536f4773f,,"",
RETIRE_NOW,no-context,David P. Hinkins,-366112,ut,State Senator District 26,t,t,Taxation and Public Spending,4.0,,6,6,t,f01f1d5b-aeca-4548-bd39-14137e552422,f7e5678d-dadd-4556-a2fc-446e24642ceb,,"",
RETIRE_NOW,no-context,David P. Hinkins,-366112,ut,State Senator District 26,t,t,Transgender Athletes,5.0,,6,6,t,f01f1d5b-aeca-4548-bd39-14137e552422,d1618b9c-0b9e-45af-b986-bb33d270b8e4,,"",
VERIFY,bio-only:unverified,Devin Hermanson,-530203,(none),(not seated),f,t,Campaign Finance Reform,1.0,,6,6,t,8014ac34-62dd-48d8-ad9c-14485da42e51,92730f69-ae57-401c-8ad1-2d07834a895d,https://ballotpedia.org/Devin_Hermanson,"States a top priority is to 'get money out of politics' as part of protecting democracy, alongside 'less corporate cash' for Democrats.",
VERIFY,bio-only:unverified,Devin Hermanson,-530203,(none),(not seated),f,t,Climate Change and Environmental Protection,2.0,,6,6,t,8014ac34-62dd-48d8-ad9c-14485da42e51,f1e44d66-5d27-4b51-b54f-b7ace86f6a3c,https://ballotpedia.org/Devin_Hermanson,Lists funding the Green New Deal as an explicit investment priority alongside Medicare for All and education reform.,
VERIFY,bio-only:unverified,Devin Hermanson,-530203,(none),(not seated),f,t,Healthcare Access,1.0,,6,6,t,8014ac34-62dd-48d8-ad9c-14485da42e51,e8dad4a8-eb93-4931-91f5-d8fb5d7dd529,https://ballotpedia.org/Devin_Hermanson,"Ballotpedia Candidate Connection survey (2024, most recent on file) explicitly calls for Medicare for All, citing his mother's death as a reason the current system must be replaced with universal coverage.",
VERIFY,bio-only:unverified,Devin Hermanson,-530203,(none),(not seated),f,t,Reproductive Rights and Abortion Access,2.0,,6,6,t,8014ac34-62dd-48d8-ad9c-14485da42e51,af2fdfd6-02c4-49df-b09c-cf8536f4773f,https://ballotpedia.org/Devin_Hermanson,"Lists codifying Roe v. Wade into federal law as a top priority, preserving legal abortion up to viability rather than at all stages of pregnancy.",
VERIFY,bio-only:unverified,Devin Hermanson,-530203,(none),(not seated),f,t,State Redistricting and Gerrymandering,1.0,,6,6,t,8014ac34-62dd-48d8-ad9c-14485da42e51,48cc9585-ec22-4f53-8d42-6839828dd36f,https://ballotpedia.org/Devin_Hermanson,Lists 'end gerrymandering' as an explicit democracy-protection priority alongside voting rights reform.,
VERIFY,bio-only:unverified,Devin Hermanson,-530203,(none),(not seated),f,t,Taxation and Public Spending,1.0,,6,6,t,8014ac34-62dd-48d8-ad9c-14485da42e51,f7e5678d-dadd-4556-a2fc-446e24642ceb,https://ballotpedia.org/Devin_Hermanson,Calls for tax reform 'rolling back decades of tax cuts for the wealthy and corporations.',
RETIRE_NOW,no-context,Grant Amjad Miller,-379729,ut,State Representative District 24,t,t,Civil Rights and Social Justice,1.0,,6,6,t,1e779b2b-8847-4542-9a73-1192c60eca40,0bc588c6-39e1-4084-b5de-cac909b8b762,,"",
RETIRE_NOW,no-context,Grant Amjad Miller,-379729,ut,State Representative District 24,t,t,Criminalization of Homelessness,1.0,,6,6,t,1e779b2b-8847-4542-9a73-1192c60eca40,4938766b-b45a-46e3-93bd-b8b30651271a,,"",
RETIRE_NOW,no-context,Grant Amjad Miller,-379729,ut,State Representative District 24,t,t,Homelessness Response,1.0,,6,6,t,1e779b2b-8847-4542-9a73-1192c60eca40,6fbf39ae-6b19-4182-b4c2-6a8d25c86c0f,,"",
RETIRE_NOW,no-context,Grant Amjad Miller,-379729,ut,State Representative District 24,t,t,Reproductive Rights and Abortion Access,2.0,,6,6,t,1e779b2b-8847-4542-9a73-1192c60eca40,af2fdfd6-02c4-49df-b09c-cf8536f4773f,,"",
RETIRE_NOW,no-context,Grant Amjad Miller,-379729,ut,State Representative District 24,t,t,Transgender Athletes,1.0,,6,6,t,1e779b2b-8847-4542-9a73-1192c60eca40,d1618b9c-0b9e-45af-b986-bb33d270b8e4,,"",
RETIRE_NOW,no-context,Grant Amjad Miller,-379729,ut,State Representative District 24,t,t,Voting Rights and Electoral Integrity,2.0,,6,6,t,1e779b2b-8847-4542-9a73-1192c60eca40,d1792200-1d3b-4955-a0b7-0e6980d7a7b2,,"",
RETIRE_NOW,no-context,James Harrison,-4944320003,ut,City Council Member,t,t,Campaign Finance Reform,2.0,,6,6,t,b51d198f-c5e7-4091-bdc6-7f1fd46a77ca,92730f69-ae57-401c-8ad1-2d07834a895d,,"",
RETIRE_NOW,no-context,James Harrison,-4944320003,ut,City Council Member,t,t,Economic Development Incentives,4.0,,6,6,t,b51d198f-c5e7-4091-bdc6-7f1fd46a77ca,eb3d1247-0de1-4b7f-baec-7259861efd53,,"",
RETIRE_NOW,no-context,James Harrison,-4944320003,ut,City Council Member,t,t,Growth and Development Pace,2.0,,6,6,t,b51d198f-c5e7-4091-bdc6-7f1fd46a77ca,fb25c1ac-91cc-49bf-8afc-c7fa22ef45e4,,"",
RETIRE_NOW,no-context,James Harrison,-4944320003,ut,City Council Member,t,t,Public Safety Approach,4.0,,6,6,t,b51d198f-c5e7-4091-bdc6-7f1fd46a77ca,e9ebefcd-c496-45e8-b816-a79f8442ba85,,"",
RETIRE_NOW,no-context,James Harrison,-4944320003,ut,City Council Member,t,t,Residential Zoning,1.0,,6,6,t,b51d198f-c5e7-4091-bdc6-7f1fd46a77ca,d4f18138-a2e0-4110-b925-7387d9d0d16d,,"",
RETIRE_NOW,no-context,James Harrison,-4944320003,ut,City Council Member,t,t,Transportation Priorities,3.0,,6,6,t,b51d198f-c5e7-4091-bdc6-7f1fd46a77ca,ba59337e-30e2-4aba-a39a-426b3366eb27,,"",
RETIRE_NOW,no-context,Jon Hawkins,-372287,ut,State Representative District 55,t,t,Civil Rights and Social Justice,5.0,,6,6,t,8928852d-0688-431b-aad2-bf55275583fb,0bc588c6-39e1-4084-b5de-cac909b8b762,,"",
RETIRE_NOW,no-context,Jon Hawkins,-372287,ut,State Representative District 55,t,t,Deportation Priorities,5.0,,6,6,t,8928852d-0688-431b-aad2-bf55275583fb,44905f3b-e105-4f6c-afc7-5d223813dbac,,"",
RETIRE_NOW,no-context,Jon Hawkins,-372287,ut,State Representative District 55,t,t,Local Immigration Enforcement,5.0,,6,6,t,8928852d-0688-431b-aad2-bf55275583fb,b9ccee94-ad96-4f10-b655-889d8e5abe92,,"",
RETIRE_NOW,no-context,Jon Hawkins,-372287,ut,State Representative District 55,t,t,Reproductive Rights and Abortion Access,4.0,,6,6,t,8928852d-0688-431b-aad2-bf55275583fb,af2fdfd6-02c4-49df-b09c-cf8536f4773f,,"",
RETIRE_NOW,no-context,Jon Hawkins,-372287,ut,State Representative District 55,t,t,School Vouchers & Public Education Funding,5.0,,6,6,t,8928852d-0688-431b-aad2-bf55275583fb,00b95a6a-75db-4521-b523-3326bba938de,,"",
RETIRE_NOW,no-context,Jon Hawkins,-372287,ut,State Representative District 55,t,t,Taxation and Public Spending,4.0,,6,6,t,8928852d-0688-431b-aad2-bf55275583fb,f7e5678d-dadd-4556-a2fc-446e24642ceb,,"",
VERIFY,bio-only:unverified,Justin Early,-4813101,(none),(not seated),f,t,Artificial Intelligence Oversight,4.0,,6,6,t,43d8dd56-6b83-4fb3-91c8-a6018de164ff,666bf03d-81fc-4138-ab15-69ae734c9023,https://ballotpedia.org/Justin_Early,"His campaign website (quoted on Ballotpedia) warns ""AI Without Guardrails Is a Risk"" and pledges to ban AI from controlling machines that could harm people, ban AI from launch decisions, and require human oversight -- requiring safety rules and banning high-risk AI uses.",
VERIFY,bio-only:unverified,Justin Early,-4813101,(none),(not seated),f,t,Civil Rights and Social Justice,2.0,,6,6,t,43d8dd56-6b83-4fb3-91c8-a6018de164ff,0bc588c6-39e1-4084-b5de-cac909b8b762,https://ballotpedia.org/Justin_Early,"His campaign website (quoted on Ballotpedia) commits to ""standing up for civil rights"" and ensuring ""No one should face discrimination, harassment... regardless of their background or identity,"" with stronger labor protections -- strengthening civil-rights enforcement.",
VERIFY,bio-only:unverified,Justin Early,-4813101,(none),(not seated),f,t,Healthcare Access,2.0,,6,6,t,43d8dd56-6b83-4fb3-91c8-a6018de164ff,e8dad4a8-eb93-4931-91f5-d8fb5d7dd529,https://ballotpedia.org/Justin_Early,"His campaign website (quoted on Ballotpedia) pledges to ""Make healthcare affordable so no one has to quit their job to pay medical bills"" -- ensuring everyone has affordable coverage.",
VERIFY,bio-only:unverified,Justin Early,-4813101,(none),(not seated),f,t,School Vouchers & Public Education Funding,1.0,,6,6,t,43d8dd56-6b83-4fb3-91c8-a6018de164ff,00b95a6a-75db-4521-b523-3326bba938de,https://ballotpedia.org/Justin_Early,"His campaign website (quoted on Ballotpedia) vows to ""Resist any attempts to impose a national school voucher scheme"" because ""Public dollars belong in public schools, not diverted to unaccountable private or religious institutions,"" and to make public education free for all -- fully funding public schools and eliminating vouchers.",
VERIFY,bio-only:unverified,Justin Early,-4813101,(none),(not seated),f,t,Social Security,1.0,,6,6,t,43d8dd56-6b83-4fb3-91c8-a6018de164ff,87d20824-a6e9-407b-983c-65440084a0ab,https://ballotpedia.org/Justin_Early,"His campaign website (quoted on Ballotpedia) pledges to ""remove the income cap so billionaires pay into the program like everyone else,"" ""Expand Social Security benefits,"" and ""Fight back against efforts to raise the retirement age"" -- significantly expanding benefits and removing the cap.",
VERIFY,bio-only:unverified,Justin Early,-4813101,(none),(not seated),f,t,Taxation and Public Spending,2.0,,6,6,t,43d8dd56-6b83-4fb3-91c8-a6018de164ff,f7e5678d-dadd-4556-a2fc-446e24642ceb,https://ballotpedia.org/Justin_Early,"His campaign website (quoted on Ballotpedia) pledges to ""shift the tax burden off working families and onto those who can afford it"" so workers don't ""pay more than billionaires"" -- moderately raising taxes on the wealthy.",
RETIRE_NOW,no-context,Kathleen A. Riebe,-389390,ut,State Senator District 15,t,t,Campaign Finance Reform,2.0,,6,6,t,497f54d5-f52e-4f0c-971d-dab4d65e8014,92730f69-ae57-401c-8ad1-2d07834a895d,,"",
RETIRE_NOW,no-context,Kathleen A. Riebe,-389390,ut,State Senator District 15,t,t,Healthcare Access,2.0,,6,6,t,497f54d5-f52e-4f0c-971d-dab4d65e8014,e8dad4a8-eb93-4931-91f5-d8fb5d7dd529,,"",
RETIRE_NOW,no-context,Kathleen A. Riebe,-389390,ut,State Senator District 15,t,t,Reproductive Rights and Abortion Access,2.0,,6,6,t,497f54d5-f52e-4f0c-971d-dab4d65e8014,af2fdfd6-02c4-49df-b09c-cf8536f4773f,,"",
RETIRE_NOW,no-context,Kathleen A. Riebe,-389390,ut,State Senator District 15,t,t,School Vouchers & Public Education Funding,1.0,,6,6,t,497f54d5-f52e-4f0c-971d-dab4d65e8014,00b95a6a-75db-4521-b523-3326bba938de,,"",
RETIRE_NOW,no-context,Kathleen A. Riebe,-389390,ut,State Senator District 15,t,t,Transgender Athletes,2.0,,6,6,t,497f54d5-f52e-4f0c-971d-dab4d65e8014,d1618b9c-0b9e-45af-b986-bb33d270b8e4,,"",
RETIRE_NOW,no-context,Kathleen A. Riebe,-389390,ut,State Senator District 15,t,t,Voting Rights and Electoral Integrity,2.0,,6,6,t,497f54d5-f52e-4f0c-971d-dab4d65e8014,d1792200-1d3b-4955-a0b7-0e6980d7a7b2,,"",
VERIFY,bio-only:unverified,Keith Arnold,-530803,(none),(not seated),f,t,Climate Change and Environmental Protection,3.0,,6,6,t,27dd6086-ac80-4860-9d36-1067c1f558db,f1e44d66-5d27-4b51-b54f-b7ace86f6a3c,https://ballotpedia.org/Keith_Arnold,"Arnold's platform says 'We must develop clean alternative sources of energy, especially renewable energy sources,' a general pro-renewables statement without an explicit fossil-fuel-phase-out deadline or ban, matching the gradual-transition-while-investing-in-clean-energy chair.",
VERIFY,bio-only:unverified,Keith Arnold,-530803,(none),(not seated),f,t,Deportation Priorities,2.0,,6,6,t,27dd6086-ac80-4860-9d36-1067c1f558db,44905f3b-e105-4f6c-afc7-5d223813dbac,https://ballotpedia.org/Keith_Arnold,"Arnold's platform reads 'Immigration laws should be enforced focusing on those who hire (and exploit) persons here illegally,' directing enforcement at employers rather than at deporting the undocumented workers themselves, closest to the narrowest deportation-focus chair (deport only those with serious criminal records) rather than broad deportation of unauthorized residents.",
VERIFY,bio-only:unverified,Keith Arnold,-530803,(none),(not seated),f,t,Healthcare Access,2.0,,6,6,t,27dd6086-ac80-4860-9d36-1067c1f558db,e8dad4a8-eb93-4931-91f5-d8fb5d7dd529,https://ballotpedia.org/Keith_Arnold,"Arnold's campaign website states 'We need universal health care, we must provide care to everyone from infants to seniors,' without specifying elimination of private insurance or a fully public-run system, most defensibly matching the mixed public-program-plus-regulated-private-insurance chair rather than the fully public/free chair.",
VERIFY,bio-only:unverified,Keith Arnold,-530803,(none),(not seated),f,t,Reproductive Rights and Abortion Access,4.0,,6,6,t,27dd6086-ac80-4860-9d36-1067c1f558db,af2fdfd6-02c4-49df-b09c-cf8536f4773f,https://ballotpedia.org/Keith_Arnold,"Arnold's 2024 campaign website, quoted on his Ballotpedia profile (carried forward as his most recent public statement for his 2026 WA-8 run), states he is 'Pro Life' and that abortion 'should be allowed only in cases of rape, incest, or a significant health risk' limited to life-threatening risk, matching the restrict-to-rape/incest/life-threat chair exactly.",
VERIFY,bio-only:unverified,Keith Arnold,-530803,(none),(not seated),f,t,Taxation and Public Spending,2.0,,6,6,t,27dd6086-ac80-4860-9d36-1067c1f558db,f7e5678d-dadd-4556-a2fc-446e24642ceb,https://ballotpedia.org/Keith_Arnold,"Arnold calls for 'A fair tax system which should be progressive for higher incomes. This will slowly eliminate the deficit and payoff the debt,' matching a moderate progressive-tax-increase position aimed at funding existing obligations rather than a large-scale restructuring.",
VERIFY,bio-only:unverified,Keith Arnold,-530803,(none),(not seated),f,t,United States Tariff Policy,2.0,,6,6,t,27dd6086-ac80-4860-9d36-1067c1f558db,683c8084-2281-4920-a07c-18439b2dd413,https://ballotpedia.org/Keith_Arnold,"Arnold states 'I support global free trade but it must be Fair Global Free Trade,' favoring trade openness with fairness conditions rather than full free trade or protectionist tariffs, closest to the chair favoring reduced tariffs with selective exceptions.",
RETIRE_NOW,no-context,Kirk A. Cullimore,-319558,ut,State Senator District 19,t,t,Civil Rights and Social Justice,5.0,,6,6,t,29a72e61-eb0b-44da-b535-974993a59838,0bc588c6-39e1-4084-b5de-cac909b8b762,,"",2026-06-01 19:03:36.457492+00
RETIRE_NOW,no-context,Kirk A. Cullimore,-319558,ut,State Senator District 19,t,t,Reproductive Rights and Abortion Access,4.0,,6,6,t,29a72e61-eb0b-44da-b535-974993a59838,af2fdfd6-02c4-49df-b09c-cf8536f4773f,,"",2026-06-01 19:03:36.457492+00
RETIRE_NOW,no-context,Kirk A. Cullimore,-319558,ut,State Senator District 19,t,t,School Vouchers & Public Education Funding,5.0,,6,6,t,29a72e61-eb0b-44da-b535-974993a59838,00b95a6a-75db-4521-b523-3326bba938de,,"",2026-06-01 19:03:36.457492+00
RETIRE_NOW,no-context,Kirk A. Cullimore,-319558,ut,State Senator District 19,t,t,State Redistricting and Gerrymandering,5.0,,6,6,t,29a72e61-eb0b-44da-b535-974993a59838,48cc9585-ec22-4f53-8d42-6839828dd36f,,"",2026-06-01 19:03:36.457492+00
RETIRE_NOW,no-context,Kirk A. Cullimore,-319558,ut,State Senator District 19,t,t,Taxation and Public Spending,4.0,,6,6,t,29a72e61-eb0b-44da-b535-974993a59838,f7e5678d-dadd-4556-a2fc-446e24642ceb,,"",2026-06-01 19:03:36.457492+00
RETIRE_NOW,no-context,Kirk A. Cullimore,-319558,ut,State Senator District 19,t,t,Transgender Athletes,5.0,,6,6,t,29a72e61-eb0b-44da-b535-974993a59838,d1618b9c-0b9e-45af-b986-bb33d270b8e4,,"",2026-06-01 19:03:36.457492+00
RETIRE_NOW,no-context,Lincoln Fillmore,-342814,ut,State Senator District 17,t,t,Civil Rights and Social Justice,5.0,,6,6,t,c361d768-2253-4731-954d-5df8b132b42e,0bc588c6-39e1-4084-b5de-cac909b8b762,,"",
RETIRE_NOW,no-context,Lincoln Fillmore,-342814,ut,State Senator District 17,t,t,Reproductive Rights and Abortion Access,4.0,,6,6,t,c361d768-2253-4731-954d-5df8b132b42e,af2fdfd6-02c4-49df-b09c-cf8536f4773f,,"",
RETIRE_NOW,no-context,Lincoln Fillmore,-342814,ut,State Senator District 17,t,t,School Vouchers & Public Education Funding,5.0,,6,6,t,c361d768-2253-4731-954d-5df8b132b42e,00b95a6a-75db-4521-b523-3326bba938de,,"",
RETIRE_NOW,no-context,Lincoln Fillmore,-342814,ut,State Senator District 17,t,t,Taxation and Public Spending,4.0,,6,6,t,c361d768-2253-4731-954d-5df8b132b42e,f7e5678d-dadd-4556-a2fc-446e24642ceb,,"",
RETIRE_NOW,no-context,Lincoln Fillmore,-342814,ut,State Senator District 17,t,t,Transgender Athletes,5.0,,6,6,t,c361d768-2253-4731-954d-5df8b132b42e,d1618b9c-0b9e-45af-b986-bb33d270b8e4,,"",
RETIRE_NOW,no-context,Lincoln Fillmore,-342814,ut,State Senator District 17,t,t,Voting Rights and Electoral Integrity,4.0,,6,6,t,c361d768-2253-4731-954d-5df8b132b42e,d1792200-1d3b-4955-a0b7-0e6980d7a7b2,,"",
RETIRE_NOW,no-context,Lisa Shepherd,-342756,ut,State Representative District 61,t,t,Childcare Affordability & Access,5.0,,6,6,t,63901c61-d007-4cbd-b3bc-c50a4eaa73f3,c1ac1330-47f7-44ec-baf3-c913d926b97c,,"",
RETIRE_NOW,no-context,Lisa Shepherd,-342756,ut,State Representative District 61,t,t,Civil Rights and Social Justice,5.0,,6,6,t,63901c61-d007-4cbd-b3bc-c50a4eaa73f3,0bc588c6-39e1-4084-b5de-cac909b8b762,,"",
RETIRE_NOW,no-context,Lisa Shepherd,-342756,ut,State Representative District 61,t,t,Deportation Priorities,5.0,,6,6,t,63901c61-d007-4cbd-b3bc-c50a4eaa73f3,44905f3b-e105-4f6c-afc7-5d223813dbac,,"",
RETIRE_NOW,no-context,Lisa Shepherd,-342756,ut,State Representative District 61,t,t,Local Immigration Enforcement,5.0,,6,6,t,63901c61-d007-4cbd-b3bc-c50a4eaa73f3,b9ccee94-ad96-4f10-b655-889d8e5abe92,,"",
RETIRE_NOW,no-context,Lisa Shepherd,-342756,ut,State Representative District 61,t,t,Taxation and Public Spending,4.0,,6,6,t,63901c61-d007-4cbd-b3bc-c50a4eaa73f3,f7e5678d-dadd-4556-a2fc-446e24642ceb,,"",
RETIRE_NOW,no-context,Lisa Shepherd,-342756,ut,State Representative District 61,t,t,Voting Rights and Electoral Integrity,4.0,,6,6,t,63901c61-d007-4cbd-b3bc-c50a4eaa73f3,d1792200-1d3b-4955-a0b7-0e6980d7a7b2,,"",
RETIRE_NOW,no-context,Marsha Judkins,-4962470001,ut,Mayor,t,t,Affordable Housing,4.0,,6,6,t,a6225b20-2828-44af-a19b-4683bf3df7eb,669cac97-66a6-4087-b036-936fbe62efb3,,"",
RETIRE_NOW,no-context,Marsha Judkins,-4962470001,ut,Mayor,t,t,Economic Development Incentives,2.0,,6,6,t,a6225b20-2828-44af-a19b-4683bf3df7eb,eb3d1247-0de1-4b7f-baec-7259861efd53,,"",
RETIRE_NOW,no-context,Marsha Judkins,-4962470001,ut,Mayor,t,t,Environmental Protection vs. Development,2.0,,6,6,t,a6225b20-2828-44af-a19b-4683bf3df7eb,1935979c-b290-42e4-baa5-8cb0138b4ffa,,"",
RETIRE_NOW,no-context,Marsha Judkins,-4962470001,ut,Mayor,t,t,Residential Zoning,4.0,,6,6,t,a6225b20-2828-44af-a19b-4683bf3df7eb,d4f18138-a2e0-4110-b925-7387d9d0d16d,,"",
RETIRE_NOW,no-context,Marsha Judkins,-4962470001,ut,Mayor,t,t,Transgender Athletes,4.0,,6,6,t,a6225b20-2828-44af-a19b-4683bf3df7eb,d1618b9c-0b9e-45af-b986-bb33d270b8e4,,"",
RETIRE_NOW,no-context,Marsha Judkins,-4962470001,ut,Mayor,t,t,Transportation Priorities,2.0,,6,6,t,a6225b20-2828-44af-a19b-4683bf3df7eb,ba59337e-30e2-4aba-a39a-426b3366eb27,,"",
RETIRE_NOW,no-context,Michael K. McKell,-325604,ut,State Senator District 25,t,t,Civil Rights and Social Justice,5.0,,6,6,t,a7cc7fe1-b491-4498-bab5-3f3661987abb,0bc588c6-39e1-4084-b5de-cac909b8b762,,"",
RETIRE_NOW,no-context,Michael K. McKell,-325604,ut,State Senator District 25,t,t,Reproductive Rights and Abortion Access,4.0,,6,6,t,a7cc7fe1-b491-4498-bab5-3f3661987abb,af2fdfd6-02c4-49df-b09c-cf8536f4773f,,"",
RETIRE_NOW,no-context,Michael K. McKell,-325604,ut,State Senator District 25,t,t,School Vouchers & Public Education Funding,5.0,,6,6,t,a7cc7fe1-b491-4498-bab5-3f3661987abb,00b95a6a-75db-4521-b523-3326bba938de,,"",
RETIRE_NOW,no-context,Michael K. McKell,-325604,ut,State Senator District 25,t,t,Taxation and Public Spending,4.0,,6,6,t,a7cc7fe1-b491-4498-bab5-3f3661987abb,f7e5678d-dadd-4556-a2fc-446e24642ceb,,"",
RETIRE_NOW,no-context,Michael K. McKell,-325604,ut,State Senator District 25,t,t,Transgender Athletes,5.0,,6,6,t,a7cc7fe1-b491-4498-bab5-3f3661987abb,d1618b9c-0b9e-45af-b986-bb33d270b8e4,,"",
RETIRE_NOW,no-context,Michael K. McKell,-325604,ut,State Senator District 25,t,t,Voting Rights and Electoral Integrity,4.0,,6,6,t,a7cc7fe1-b491-4498-bab5-3f3661987abb,d1792200-1d3b-4955-a0b7-0e6980d7a7b2,,"",
RETIRE_NOW,no-context,Monica Zoltanski,-4967440001,ut,Mayor,t,t,Affordable Housing,3.0,,6,6,t,c86b603d-81ab-4e9d-9ab9-a9eabe9ec8a9,669cac97-66a6-4087-b036-936fbe62efb3,,"",
RETIRE_NOW,no-context,Monica Zoltanski,-4967440001,ut,Mayor,t,t,Environmental Protection vs. Development,2.0,,6,6,t,c86b603d-81ab-4e9d-9ab9-a9eabe9ec8a9,1935979c-b290-42e4-baa5-8cb0138b4ffa,,"",
RETIRE_NOW,no-context,Monica Zoltanski,-4967440001,ut,Mayor,t,t,Growth and Development Pace,3.0,,6,6,t,c86b603d-81ab-4e9d-9ab9-a9eabe9ec8a9,fb25c1ac-91cc-49bf-8afc-c7fa22ef45e4,,"",
RETIRE_NOW,no-context,Monica Zoltanski,-4967440001,ut,Mayor,t,t,Residential Zoning,2.0,,6,6,t,c86b603d-81ab-4e9d-9ab9-a9eabe9ec8a9,d4f18138-a2e0-4110-b925-7387d9d0d16d,,"",
RETIRE_NOW,no-context,Monica Zoltanski,-4967440001,ut,Mayor,t,t,Taxation and Public Spending,4.0,,6,6,t,c86b603d-81ab-4e9d-9ab9-a9eabe9ec8a9,f7e5678d-dadd-4556-a2fc-446e24642ceb,,"",
RETIRE_NOW,no-context,Monica Zoltanski,-4967440001,ut,Mayor,t,t,Transportation Priorities,2.0,,6,6,t,c86b603d-81ab-4e9d-9ab9-a9eabe9ec8a9,ba59337e-30e2-4aba-a39a-426b3366eb27,,"",
RETIRE_NOW,no-context,Nicholeen P. Peck,-348597,ut,State Representative District 28,t,t,Civil Rights and Social Justice,5.0,,6,6,t,4443756f-3108-4399-940e-5632c7ad3ca0,0bc588c6-39e1-4084-b5de-cac909b8b762,,"",
RETIRE_NOW,no-context,Nicholeen P. Peck,-348597,ut,State Representative District 28,t,t,Religious Freedom,5.0,,6,6,t,4443756f-3108-4399-940e-5632c7ad3ca0,6b9ba6d9-1001-43f5-b073-4d37130696fd,,"",
RETIRE_NOW,no-context,Nicholeen P. Peck,-348597,ut,State Representative District 28,t,t,Reproductive Rights and Abortion Access,4.0,,6,6,t,4443756f-3108-4399-940e-5632c7ad3ca0,af2fdfd6-02c4-49df-b09c-cf8536f4773f,,"",
RETIRE_NOW,no-context,Nicholeen P. Peck,-348597,ut,State Representative District 28,t,t,Same-Sex Marriage,5.0,,6,6,t,4443756f-3108-4399-940e-5632c7ad3ca0,c5ab4eab-702f-49b8-9277-8ea53f3835c6,,"",
RETIRE_NOW,no-context,Nicholeen P. Peck,-348597,ut,State Representative District 28,t,t,Taxation and Public Spending,4.0,,6,6,t,4443756f-3108-4399-940e-5632c7ad3ca0,f7e5678d-dadd-4556-a2fc-446e24642ceb,,"",
RETIRE_NOW,no-context,Nicholeen P. Peck,-348597,ut,State Representative District 28,t,t,Voting Rights and Electoral Integrity,4.0,,6,6,t,4443756f-3108-4399-940e-5632c7ad3ca0,d1792200-1d3b-4955-a0b7-0e6980d7a7b2,,"",
RETIRE_NOW,no-context,Ryan D. Wilcox,-341659,ut,State Representative District 7,t,t,Civil Rights and Social Justice,5.0,,6,6,t,9140a0b5-fdfa-4677-984e-0c7d81ffb1ba,0bc588c6-39e1-4084-b5de-cac909b8b762,,"",
RETIRE_NOW,no-context,Ryan D. Wilcox,-341659,ut,State Representative District 7,t,t,Reproductive Rights and Abortion Access,4.0,,6,6,t,9140a0b5-fdfa-4677-984e-0c7d81ffb1ba,af2fdfd6-02c4-49df-b09c-cf8536f4773f,,"",
RETIRE_NOW,no-context,Ryan D. Wilcox,-341659,ut,State Representative District 7,t,t,School Vouchers & Public Education Funding,5.0,,6,6,t,9140a0b5-fdfa-4677-984e-0c7d81ffb1ba,00b95a6a-75db-4521-b523-3326bba938de,,"",
RETIRE_NOW,no-context,Ryan D. Wilcox,-341659,ut,State Representative District 7,t,t,Taxation and Public Spending,4.0,,6,6,t,9140a0b5-fdfa-4677-984e-0c7d81ffb1ba,f7e5678d-dadd-4556-a2fc-446e24642ceb,,"",
RETIRE_NOW,no-context,Ryan D. Wilcox,-341659,ut,State Representative District 7,t,t,Transgender Athletes,5.0,,6,6,t,9140a0b5-fdfa-4677-984e-0c7d81ffb1ba,d1618b9c-0b9e-45af-b986-bb33d270b8e4,,"",
RETIRE_NOW,no-context,Ryan D. Wilcox,-341659,ut,State Representative District 7,t,t,Voting Rights and Electoral Integrity,4.0,,6,6,t,9140a0b5-fdfa-4677-984e-0c7d81ffb1ba,d1792200-1d3b-4955-a0b7-0e6980d7a7b2,,"",
RETIRE_NOW,no-context,Sarah Young,-338634,ut,Council Ward 7,t,f,Affordable Housing,2.0,,6,6,t,83e3f56b-7db0-46b0-9a35-650867bcb48d,669cac97-66a6-4087-b036-936fbe62efb3,,"",2026-05-31 13:32:11.932737+00
RETIRE_NOW,no-context,Sarah Young,-338634,ut,Council Ward 7,t,f,Environmental Protection vs. Development,2.0,,6,6,t,83e3f56b-7db0-46b0-9a35-650867bcb48d,1935979c-b290-42e4-baa5-8cb0138b4ffa,,"",2026-05-31 13:32:11.932737+00
RETIRE_NOW,no-context,Sarah Young,-338634,ut,Council Ward 7,t,f,Growth and Development Pace,3.0,,6,6,t,83e3f56b-7db0-46b0-9a35-650867bcb48d,fb25c1ac-91cc-49bf-8afc-c7fa22ef45e4,,"",2026-05-31 13:32:11.932737+00
RETIRE_NOW,no-context,Sarah Young,-338634,ut,Council Ward 7,t,f,Homelessness Response,2.0,,6,6,t,83e3f56b-7db0-46b0-9a35-650867bcb48d,6fbf39ae-6b19-4182-b4c2-6a8d25c86c0f,,"",2026-05-31 13:32:11.932737+00
RETIRE_NOW,no-context,Sarah Young,-338634,ut,Council Ward 7,t,f,Residential Zoning,3.0,,6,6,t,83e3f56b-7db0-46b0-9a35-650867bcb48d,d4f18138-a2e0-4110-b925-7387d9d0d16d,,"",2026-05-31 13:32:11.932737+00
RETIRE_NOW,no-context,Sarah Young,-338634,ut,Council Ward 7,t,f,Transportation Priorities,2.0,,6,6,t,83e3f56b-7db0-46b0-9a35-650867bcb48d,ba59337e-30e2-4aba-a39a-426b3366eb27,,"",2026-05-31 13:32:11.932737+00
RETIRE_NOW,no-context,Scott D. Sandall,-363718,ut,State Senator District 1,t,t,Civil Rights and Social Justice,4.0,,6,6,t,b93948f7-8dbd-4229-93dd-8702c2695e76,0bc588c6-39e1-4084-b5de-cac909b8b762,,"",
RETIRE_NOW,no-context,Scott D. Sandall,-363718,ut,State Senator District 1,t,t,Climate Change and Environmental Protection,4.0,,6,6,t,b93948f7-8dbd-4229-93dd-8702c2695e76,f1e44d66-5d27-4b51-b54f-b7ace86f6a3c,,"",
RETIRE_NOW,no-context,Scott D. Sandall,-363718,ut,State Senator District 1,t,t,Fossil Fuel Policy,5.0,,6,6,t,b93948f7-8dbd-4229-93dd-8702c2695e76,a22215c3-6693-4bc2-b248-01aebba14570,,"",
RETIRE_NOW,no-context,Scott D. Sandall,-363718,ut,State Senator District 1,t,t,State Redistricting and Gerrymandering,4.0,,6,6,t,b93948f7-8dbd-4229-93dd-8702c2695e76,48cc9585-ec22-4f53-8d42-6839828dd36f,,"",
RETIRE_NOW,no-context,Scott D. Sandall,-363718,ut,State Senator District 1,t,t,Taxation and Public Spending,4.0,,6,6,t,b93948f7-8dbd-4229-93dd-8702c2695e76,f7e5678d-dadd-4556-a2fc-446e24642ceb,,"",
RETIRE_NOW,no-context,Scott D. Sandall,-363718,ut,State Senator District 1,t,t,Transgender Athletes,5.0,,6,6,t,b93948f7-8dbd-4229-93dd-8702c2695e76,d1618b9c-0b9e-45af-b986-bb33d270b8e4,,"",
RETIRE_NOW,no-context,Thomas W. Peterson,-384204,ut,State Representative District 1,t,t,Civil Rights and Social Justice,5.0,,6,6,t,45c54f35-aa6b-498a-88b2-f36e1c3ab553,0bc588c6-39e1-4084-b5de-cac909b8b762,,"",
RETIRE_NOW,no-context,Thomas W. Peterson,-384204,ut,State Representative District 1,t,t,Fossil Fuel Policy,5.0,,6,6,t,45c54f35-aa6b-498a-88b2-f36e1c3ab553,a22215c3-6693-4bc2-b248-01aebba14570,,"",
RETIRE_NOW,no-context,Thomas W. Peterson,-384204,ut,State Representative District 1,t,t,Reproductive Rights and Abortion Access,4.0,,6,6,t,45c54f35-aa6b-498a-88b2-f36e1c3ab553,af2fdfd6-02c4-49df-b09c-cf8536f4773f,,"",
RETIRE_NOW,no-context,Thomas W. Peterson,-384204,ut,State Representative District 1,t,t,School Vouchers & Public Education Funding,5.0,,6,6,t,45c54f35-aa6b-498a-88b2-f36e1c3ab553,00b95a6a-75db-4521-b523-3326bba938de,,"",
RETIRE_NOW,no-context,Thomas W. Peterson,-384204,ut,State Representative District 1,t,t,Taxation and Public Spending,4.0,,6,6,t,45c54f35-aa6b-498a-88b2-f36e1c3ab553,f7e5678d-dadd-4556-a2fc-446e24642ceb,,"",
RETIRE_NOW,no-context,Thomas W. Peterson,-384204,ut,State Representative District 1,t,t,Voting Rights and Electoral Integrity,4.0,,6,6,t,45c54f35-aa6b-498a-88b2-f36e1c3ab553,d1792200-1d3b-4955-a0b7-0e6980d7a7b2,,"",
VERIFY,bio-only:unverified,Adam Arafat,-531001,(none),(not seated),f,t,Campaign Finance Reform,1.0,,5,5,t,91308f54-a402-49da-b77d-fc5521ff3333,92730f69-ae57-401c-8ad1-2d07834a895d,https://ballotpedia.org/Adam_Arafat,States he does not take corporate or PAC money and lists ending 'special interest control of politics' with 'money out' as a policy passion.,
VERIFY,bio-only:unverified,Adam Arafat,-531001,(none),(not seated),f,t,Climate Change and Environmental Protection,2.0,,5,5,t,91308f54-a402-49da-b77d-fc5521ff3333,f1e44d66-5d27-4b51-b54f-b7ace86f6a3c,https://ballotpedia.org/Adam_Arafat,Lists 'climate action' as a distinct personal policy passion alongside clean energy jobs.,
VERIFY,bio-only:unverified,Adam Arafat,-531001,(none),(not seated),f,t,Healthcare Access,1.0,,5,5,t,91308f54-a402-49da-b77d-fc5521ff3333,e8dad4a8-eb93-4931-91f5-d8fb5d7dd529,https://ballotpedia.org/Adam_Arafat,Ballotpedia Candidate Connection survey (2026) states 'healthcare should be a right' and calls for universal healthcare and lower drug prices.,
VERIFY,bio-only:unverified,Adam Arafat,-531001,(none),(not seated),f,t,Reproductive Rights and Abortion Access,2.0,,5,5,t,91308f54-a402-49da-b77d-fc5521ff3333,af2fdfd6-02c4-49df-b09c-cf8536f4773f,https://ballotpedia.org/Adam_Arafat,Survey states he will 'defend reproductive freedom' as a core campaign commitment.,
VERIFY,bio-only:unverified,Adam Arafat,-531001,(none),(not seated),f,t,Taxation and Public Spending,1.0,,5,5,t,91308f54-a402-49da-b77d-fc5521ff3333,f7e5678d-dadd-4556-a2fc-446e24642ceb,https://ballotpedia.org/Adam_Arafat,Survey calls for 'fair taxation that ensures corporations fulfill their financial obligations' as an essential policy goal.,
VERIFY,bio-only:unverified,Caitlin Rourk,-4811002,(none),(not seated),f,t,Artificial Intelligence Oversight,3.0,,5,5,t,e6788516-795b-4963-8762-4d1cd617ac35,666bf03d-81fc-4138-ab15-69ae734c9023,https://ballotpedia.org/Caitlin_Rourk,"Her survey commits to ""regulating AI responsibly"" and preventing data centers from ""draining our community resources and hiking energy costs"" -- requiring responsible oversight and accountability of AI.",
VERIFY,bio-only:unverified,Caitlin Rourk,-4811002,(none),(not seated),f,t,Childcare Affordability & Access,2.0,,5,5,t,e6788516-795b-4963-8762-4d1cd617ac35,c1ac1330-47f7-44ec-baf3-c913d926b97c,https://ballotpedia.org/Caitlin_Rourk,"Her platform lists ""affordable child care"" among the economic supports she'll deliver so everyone can ""get ahead, not just get by"" -- significantly expanding childcare affordability.",
VERIFY,bio-only:unverified,Caitlin Rourk,-4811002,(none),(not seated),f,t,Healthcare Access,2.0,,5,5,t,e6788516-795b-4963-8762-4d1cd617ac35,e8dad4a8-eb93-4931-91f5-d8fb5d7dd529,https://ballotpedia.org/Caitlin_Rourk,"Her platform pledges to ""lower drug costs, protect coverage for pre-existing conditions, expand mental health ... end surprise billing ... by strengthening the ACA and advocating for Medicaid expansion"" -- guaranteeing affordable coverage through expanded public programs and regulated insurance.",
VERIFY,bio-only:unverified,Caitlin Rourk,-4811002,(none),(not seated),f,t,Reproductive Rights and Abortion Access,2.0,,5,5,t,e6788516-795b-4963-8762-4d1cd617ac35,af2fdfd6-02c4-49df-b09c-cf8536f4773f,https://ballotpedia.org/Caitlin_Rourk,"Her survey pledges to prevent government from ""overreach[ing] into ... our personal choices, or our health and reproductive rights"" -- protecting legal, accessible reproductive care from government restriction.",
VERIFY,bio-only:unverified,Caitlin Rourk,-4811002,(none),(not seated),f,t,Taxation and Public Spending,2.0,,5,5,t,e6788516-795b-4963-8762-4d1cd617ac35,f7e5678d-dadd-4556-a2fc-446e24642ceb,https://ballotpedia.org/Caitlin_Rourk,"Her platform states ""economic policy favors the wealthy and well-connected; in Congress, I'll hold corporations accountable and ensure they pay their fair share"" -- moderately raising taxes on corporations and the wealthy.",
RETIRE_NOW,no-context,Chris H. Wilson,-357189,ut,State Senator District 2,t,t,Fossil Fuel Policy,5.0,,5,5,t,98f08e54-df08-43df-ba89-2cabd738d6bb,a22215c3-6693-4bc2-b248-01aebba14570,,"",
RETIRE_NOW,no-context,Chris H. Wilson,-357189,ut,State Senator District 2,t,t,Reproductive Rights and Abortion Access,4.0,,5,5,t,98f08e54-df08-43df-ba89-2cabd738d6bb,af2fdfd6-02c4-49df-b09c-cf8536f4773f,,"",
RETIRE_NOW,no-context,Chris H. Wilson,-357189,ut,State Senator District 2,t,t,School Vouchers & Public Education Funding,5.0,,5,5,t,98f08e54-df08-43df-ba89-2cabd738d6bb,00b95a6a-75db-4521-b523-3326bba938de,,"",
RETIRE_NOW,no-context,Chris H. Wilson,-357189,ut,State Senator District 2,t,t,Taxation and Public Spending,4.0,,5,5,t,98f08e54-df08-43df-ba89-2cabd738d6bb,f7e5678d-dadd-4556-a2fc-446e24642ceb,,"",
RETIRE_NOW,no-context,Chris H. Wilson,-357189,ut,State Senator District 2,t,t,Transgender Athletes,5.0,,5,5,t,98f08e54-df08-43df-ba89-2cabd738d6bb,d1618b9c-0b9e-45af-b986-bb33d270b8e4,,"",
VERIFY,bio-only:unverified,Civil Miller-Watkins,-66000045,(none),(not seated),f,t,Immigration and Treatment of Immigrants,3.0,,5,5,t,0d2998fc-a952-4337-9c12-61d11d0a2506,4e2c69ce-591e-4197-9cd5-7aceff79d390,https://ballotpedia.org/Civil_Miller-Watkins,"She advocates 'Border Protection with Humanity' using technology and fair enforcement rules while 'respecting human rights,' a centrist framing that keeps current border-security emphasis without endorsing either expanded restrictions or expanded legal-immigration access.",
VERIFY,bio-only:unverified,Civil Miller-Watkins,-66000045,(none),(not seated),f,t,Medicare / Medicaid,2.0,,5,5,t,0d2998fc-a952-4337-9c12-61d11d0a2506,cab61e8a-64fe-4bbd-bc08-fe9914d0091b,https://ballotpedia.org/Civil_Miller-Watkins,"Her platform pledges to support Medicaid funding specifically to keep rural hospitals and clinics open and to close rural healthcare access gaps, indicating a push to expand Medicaid funding for underserved areas rather than merely maintain current program levels.",
VERIFY,bio-only:unverified,Civil Miller-Watkins,-66000045,(none),(not seated),f,t,Reproductive Rights and Abortion Access,2.0,,5,5,t,0d2998fc-a952-4337-9c12-61d11d0a2506,af2fdfd6-02c4-49df-b09c-cf8536f4773f,https://ballotpedia.org/Civil_Miller-Watkins,"Her Ballotpedia Candidate Connection survey states support for 'A Woman's Right to Choose' with no mention of stage limits or public funding, consistent with the mainstream 'legal and accessible through the second trimester' framing rather than an all-stages/publicly-funded position.",
VERIFY,bio-only:unverified,Civil Miller-Watkins,-66000045,(none),(not seated),f,t,School Vouchers & Public Education Funding,2.0,,5,5,t,0d2998fc-a952-4337-9c12-61d11d0a2506,00b95a6a-75db-4521-b523-3326bba938de,https://ballotpedia.org/Civil_Miller-Watkins,"Campaign material emphasizes making 'Public Schools a First-Best-Choice' and funding 'strong public schools' with full Title I and special-education support, signaling a public-school-funding-first priority; she does not explicitly address vouchers, so this is read as prioritizing public funding over any stated voucher expansion.",
VERIFY,bio-only:unverified,Civil Miller-Watkins,-66000045,(none),(not seated),f,t,Voting Rights and Electoral Integrity,2.0,,5,5,t,0d2998fc-a952-4337-9c12-61d11d0a2506,d1792200-1d3b-4955-a0b7-0e6980d7a7b2,https://ballotpedia.org/Civil_Miller-Watkins,"Platform commits to 'protect voting rights and election integrity' and explicitly names support for the John Lewis Voting Rights Act, an expansive federal ballot-access and anti-discrimination measure, aligning her with the more access-expanding end of the voting-rights spectrum absent an explicit automatic-registration/online-voting pledge.",
VERIFY,bio-only:unverified,Daniel Cottam,-490201,(none),(not seated),f,t,Affordable Housing,4.0,,5,5,t,5c3b7708-5282-4444-be3d-8d63791a2ce6,669cac97-66a6-4087-b036-936fbe62efb3,https://ballotpedia.org/Daniel_Cottam#Campaign_themes,"Cottam pointed to a local apartment complex blocked by neighborhood opposition as an example of the problem, saying the only fix for the housing crisis is allowing higher density -- i.e., loosening zoning restrictions so private developers can build more, matching the 'cut regulations and zoning rules' chair.",
VERIFY,bio-only:unverified,Daniel Cottam,-490201,(none),(not seated),f,t,Medicare / Medicaid,4.0,,5,5,t,5c3b7708-5282-4444-be3d-8d63791a2ce6,cab61e8a-64fe-4bbd-bc08-fe9914d0091b,https://ballotpedia.org/Daniel_Cottam#Campaign_themes,"In the same 2024 survey, Cottam said he would reform Medicare by cutting regulations on surgical centers, letting Medicare negotiate drug prices, and making it easier for beneficiaries to opt out of Medicare and stay on employer coverage -- a partial shift of enrollees toward private/employer insurance rather than full elimination, matching the 'partially privatize Medicare' chair.",
VERIFY,bio-only:unverified,Daniel Cottam,-490201,(none),(not seated),f,t,Social Security,4.0,,5,5,t,5c3b7708-5282-4444-be3d-8d63791a2ce6,87d20824-a6e9-407b-983c-65440084a0ab,https://ballotpedia.org/Daniel_Cottam#Campaign_themes,"In his 2024 Ballotpedia Candidate Connection survey (as the Libertarian nominee against Blake Moore, then in UT-1; he is running again in 2026 against Moore in UT-2), Cottam explicitly called for gradually raising the Social Security retirement age by at least three years, matching the 'gradually raise the retirement age' chair; he also floated letting workers divert up to a third of savings into index funds, a partial (not full) privatization add-on.",
VERIFY,bio-only:unverified,Daniel Cottam,-490201,(none),(not seated),f,t,Taxation and Public Spending,5.0,,5,5,t,5c3b7708-5282-4444-be3d-8d63791a2ce6,f7e5678d-dadd-4556-a2fc-446e24642ceb,https://ballotpedia.org/Daniel_Cottam#Campaign_themes,"Cottam's key campaign messages centered on a hard pledge to 'never vote for a budget deficit' and praise for Argentine president Javier Milei's rapid austerity (spending cuts, not tax hikes) as a model; this shrink-government-via-austerity framing (rather than any explicit tax-rate statement) aligns most closely with the 'drastically cut...and shrink government' chair. Caveat: he does not explicitly discuss tax rates, only spending discipline.",
VERIFY,bio-only:unverified,Daniel Cottam,-490201,(none),(not seated),f,t,United States Tariff Policy,1.0,,5,5,t,5c3b7708-5282-4444-be3d-8d63791a2ce6,683c8084-2281-4920-a07c-18439b2dd413,https://ballotpedia.org/Daniel_Cottam#Campaign_themes,"Asked what best explains his political philosophy, Cottam cited free-trade economist Don Boudreaux's writing as directly informing 'how I would legislate on trade'; Boudreaux is a prominent absolute free-trade advocate who opposes tariffs generally, so this self-identified influence places Cottam at the free-trade end of the scale. Caveat: this is inferred from a stated intellectual influence rather than a direct tariff-policy statement.",
RETIRE_NOW,no-context,Jason B. Kyle,-363683,ut,State Representative District 8,t,t,Civil Rights and Social Justice,5.0,,5,5,t,64bfee8f-81f4-4d4a-9caf-4ec6e948b547,0bc588c6-39e1-4084-b5de-cac909b8b762,,"",
RETIRE_NOW,no-context,Jason B. Kyle,-363683,ut,State Representative District 8,t,t,Deportation Priorities,5.0,,5,5,t,64bfee8f-81f4-4d4a-9caf-4ec6e948b547,44905f3b-e105-4f6c-afc7-5d223813dbac,,"",
RETIRE_NOW,no-context,Jason B. Kyle,-363683,ut,State Representative District 8,t,t,Local Immigration Enforcement,5.0,,5,5,t,64bfee8f-81f4-4d4a-9caf-4ec6e948b547,b9ccee94-ad96-4f10-b655-889d8e5abe92,,"",
RETIRE_NOW,no-context,Jason B. Kyle,-363683,ut,State Representative District 8,t,t,Taxation and Public Spending,4.0,,5,5,t,64bfee8f-81f4-4d4a-9caf-4ec6e948b547,f7e5678d-dadd-4556-a2fc-446e24642ceb,,"",
RETIRE_NOW,no-context,Jason B. Kyle,-363683,ut,State Representative District 8,t,t,Voting Rights and Electoral Integrity,4.0,,5,5,t,64bfee8f-81f4-4d4a-9caf-4ec6e948b547,d1792200-1d3b-4955-a0b7-0e6980d7a7b2,,"",
VERIFY,bio-only:unverified,Jason Poulos,-250401,(none),(not seated),f,t,Campaign Finance Reform,1.0,,5,5,t,3f7784dd-2d55-4edf-bc81-41f1d9c571cc,92730f69-ae57-401c-8ad1-2d07834a895d,https://ballotpedia.org/Jason_Poulos,"Ballotpedia Candidate Connection survey: 'I support a constitutional amendment to overturn Citizens United and restore democracy' and pledges to reject all corporate PAC, crypto PAC, AIPAC, and DMFI money -- matching ban-all-private-money-and-publicly-fund-campaigns as the closest chair to his corporate-money-out-of-politics platform.",
VERIFY,bio-only:unverified,Jason Poulos,-250401,(none),(not seated),f,t,Deportation Priorities,1.0,,5,5,t,3f7784dd-2d55-4edf-bc81-41f1d9c571cc,44905f3b-e105-4f6c-afc7-5d223813dbac,https://ballotpedia.org/Jason_Poulos,"Ballotpedia Candidate Connection survey: 'I believe in human rights — here and abroad. That means abolishing ICE,' matching stop-deportations-entirely/protect-undocumented-residents.",
VERIFY,bio-only:unverified,Jason Poulos,-250401,(none),(not seated),f,t,Healthcare Access,1.0,,5,5,t,3f7784dd-2d55-4edf-bc81-41f1d9c571cc,e8dad4a8-eb93-4931-91f5-d8fb5d7dd529,https://ballotpedia.org/Jason_Poulos,"Ballotpedia Candidate Connection survey: 'Healthcare is a human right... I support Medicare-for-All because no one should have to choose between paying rent and seeing a doctor,' explicitly tying coverage to a single-payer public system rather than employer-based private insurance -- matching the fully public, free-for-everyone chair.",
VERIFY,bio-only:unverified,Jason Poulos,-250401,(none),(not seated),f,t,Medicare / Medicaid,1.0,,5,5,t,3f7784dd-2d55-4edf-bc81-41f1d9c571cc,cab61e8a-64fe-4bbd-bc08-fe9914d0091b,https://ballotpedia.org/Jason_Poulos,Same survey pledge of 'Medicare-for-All so healthcare isn't tied to employment' matches expand-Medicare-to-cover-everyone-regardless-of-age.,
VERIFY,bio-only:unverified,Jason Poulos,-250401,(none),(not seated),f,t,Taxation and Public Spending,1.0,,5,5,t,3f7784dd-2d55-4edf-bc81-41f1d9c571cc,f7e5678d-dadd-4556-a2fc-446e24642ceb,https://ballotpedia.org/Jason_Poulos,"Ballotpedia Candidate Connection survey proposes funding Universal Basic Income via 'corporate taxes on automation to ensure companies pay their fair share when they replace workers with machines,' matching significantly-raise-taxes-on-wealthy-and-large-companies-to-fund-more-public-services.",
RETIRE_NOW,no-context,Jill Koford,-355516,ut,State Representative District 10,t,t,Affordable Housing,4.0,,5,5,t,7dcc0201-74b6-46f9-a567-2b4258656ebe,669cac97-66a6-4087-b036-936fbe62efb3,,"",
RETIRE_NOW,no-context,Jill Koford,-355516,ut,State Representative District 10,t,t,Data Center Development & Energy Costs,2.0,,5,5,t,7dcc0201-74b6-46f9-a567-2b4258656ebe,4559b513-0fd8-4ed1-babd-f3b554162f40,,"",
RETIRE_NOW,no-context,Jill Koford,-355516,ut,State Representative District 10,t,t,Economic Development Incentives,2.0,,5,5,t,7dcc0201-74b6-46f9-a567-2b4258656ebe,eb3d1247-0de1-4b7f-baec-7259861efd53,,"",
RETIRE_NOW,no-context,Jill Koford,-355516,ut,State Representative District 10,t,t,Taxation and Public Spending,4.0,,5,5,t,7dcc0201-74b6-46f9-a567-2b4258656ebe,f7e5678d-dadd-4556-a2fc-446e24642ceb,,"",
RETIRE_NOW,no-context,Jill Koford,-355516,ut,State Representative District 10,t,t,Voting Rights and Electoral Integrity,4.0,,5,5,t,7dcc0201-74b6-46f9-a567-2b4258656ebe,d1792200-1d3b-4955-a0b7-0e6980d7a7b2,,"",
RETIRE_NOW,no-context,Kris Nicholl,-4967440013,ut,Council District 3,t,t,Affordable Housing,3.0,,5,5,t,bb2c5ab0-ba6d-48d0-b75d-b43feac7f7db,669cac97-66a6-4087-b036-936fbe62efb3,,"",
RETIRE_NOW,no-context,Kris Nicholl,-4967440013,ut,Council District 3,t,t,Environmental Protection vs. Development,2.0,,5,5,t,bb2c5ab0-ba6d-48d0-b75d-b43feac7f7db,1935979c-b290-42e4-baa5-8cb0138b4ffa,,"",
RETIRE_NOW,no-context,Kris Nicholl,-4967440013,ut,Council District 3,t,t,Growth and Development Pace,2.0,,5,5,t,bb2c5ab0-ba6d-48d0-b75d-b43feac7f7db,fb25c1ac-91cc-49bf-8afc-c7fa22ef45e4,,"",
RETIRE_NOW,no-context,Kris Nicholl,-4967440013,ut,Council District 3,t,t,Taxation and Public Spending,4.0,,5,5,t,bb2c5ab0-ba6d-48d0-b75d-b43feac7f7db,f7e5678d-dadd-4556-a2fc-446e24642ceb,,"",
RETIRE_NOW,no-context,Kris Nicholl,-4967440013,ut,Council District 3,t,t,Transportation Priorities,2.0,,5,5,t,bb2c5ab0-ba6d-48d0-b75d-b43feac7f7db,ba59337e-30e2-4aba-a39a-426b3366eb27,,"",
VERIFY,bio-only:unverified,Michael Chiaradio,-280301,(none),(not seated),f,t,Affordable Housing,2.0,,5,5,t,024e4604-88da-40da-ac4a-65a5989998a2,669cac97-66a6-4087-b036-936fbe62efb3,https://ballotpedia.org/Michael_Chiaradio,"His housing platform proposes ""expanding USDA homebuilding programs"" and federal infrastructure investment to build new towns and revitalize existing ones, treating high housing costs as a problem requiring direct coordinated public investment rather than deregulation or a market-only approach, which maps to chair 2 (publicly fund new housing).",
VERIFY,bio-only:unverified,Michael Chiaradio,-280301,(none),(not seated),f,t,Healthcare Access,2.0,,5,5,t,024e4604-88da-40da-ac4a-65a5989998a2,e8dad4a8-eb93-4931-91f5-d8fb5d7dd529,https://ballotpedia.org/Michael_Chiaradio,"His Ballotpedia campaign platform calls to ""Expand low-cost access to healthcare"" and ""Reduce out-of-pocket costs and premiums"" for every American, framing the goal as universal affordable coverage rather than a narrow safety-net for the poor or a single-payer public system, which maps to chair 2 (mix of public programs and regulated private insurance).",
VERIFY,bio-only:unverified,Michael Chiaradio,-280301,(none),(not seated),f,t,Immigration and Treatment of Immigrants,3.0,,5,5,t,024e4604-88da-40da-ac4a-65a5989998a2,4e2c69ce-591e-4197-9cd5-7aceff79d390,https://ballotpedia.org/Michael_Chiaradio,"His platform frames immigration as a growth opportunity that must be paired with ""robust border security"" and infrastructure investment, calling for a ""sustainable, orderly immigration system"" without proposing to expand or restrict current legal immigration levels or public-service access, which maps to chair 3 (keep immigration levels and rules about where they are now).",
VERIFY,bio-only:unverified,Michael Chiaradio,-280301,(none),(not seated),f,t,Taxation and Public Spending,3.0,,5,5,t,024e4604-88da-40da-ac4a-65a5989998a2,f7e5678d-dadd-4556-a2fc-446e24642ceb,https://ballotpedia.org/Michael_Chiaradio,"His tax platform calls to ""maintain globally competitive tax rates,"" ""limit corporate loopholes,"" and ""avoid rapid tax increases,"" explicitly favoring closing loopholes over either raising rates on the wealthy or cutting taxes broadly, which maps to chair 3 (keep the current system mostly as-is, close unfair loopholes).",
VERIFY,bio-only:unverified,Michael Chiaradio,-280301,(none),(not seated),f,t,United States Tariff Policy,2.0,,5,5,t,024e4604-88da-40da-ac4a-65a5989998a2,683c8084-2281-4920-a07c-18439b2dd413,https://ballotpedia.org/Michael_Chiaradio,"His trade platform explicitly criticizes tariffs as barriers that ""raise costs and reduce incentives to trade"" and calls to reduce the cost of trade, while still saying every country must ""protect critical industries from unfair competition"" — a mostly free-trade stance with narrow, targeted protections rather than total elimination of tariffs, which maps to chair 2.",
RETIRE_NOW,no-context,Michelle Tanner,-4965330002,ut,City Council Member,t,t,Economic Development Incentives,5.0,,5,5,t,5690b7bd-7b4b-4ed9-9df2-b01c25e94016,eb3d1247-0de1-4b7f-baec-7259861efd53,,"",
RETIRE_NOW,no-context,Michelle Tanner,-4965330002,ut,City Council Member,t,t,Environmental Protection vs. Development,5.0,,5,5,t,5690b7bd-7b4b-4ed9-9df2-b01c25e94016,1935979c-b290-42e4-baa5-8cb0138b4ffa,,"",
RETIRE_NOW,no-context,Michelle Tanner,-4965330002,ut,City Council Member,t,t,Growth and Development Pace,4.0,,5,5,t,5690b7bd-7b4b-4ed9-9df2-b01c25e94016,fb25c1ac-91cc-49bf-8afc-c7fa22ef45e4,,"",
RETIRE_NOW,no-context,Michelle Tanner,-4965330002,ut,City Council Member,t,t,Public Safety Approach,4.0,,5,5,t,5690b7bd-7b4b-4ed9-9df2-b01c25e94016,e9ebefcd-c496-45e8-b816-a79f8442ba85,,"",
RETIRE_NOW,no-context,Michelle Tanner,-4965330002,ut,City Council Member,t,t,Taxation and Public Spending,5.0,,5,5,t,5690b7bd-7b4b-4ed9-9df2-b01c25e94016,f7e5678d-dadd-4556-a2fc-446e24642ceb,,"",
RETIRE_NOW,no-context,Natalie Larsen,-4965330003,ut,City Council Member,t,t,Economic Development Incentives,4.0,,5,5,t,ccf167e9-30c1-4aff-98cd-c4fbc391adcc,eb3d1247-0de1-4b7f-baec-7259861efd53,,"",
RETIRE_NOW,no-context,Natalie Larsen,-4965330003,ut,City Council Member,t,t,Environmental Protection vs. Development,5.0,,5,5,t,ccf167e9-30c1-4aff-98cd-c4fbc391adcc,1935979c-b290-42e4-baa5-8cb0138b4ffa,,"",
RETIRE_NOW,no-context,Natalie Larsen,-4965330003,ut,City Council Member,t,t,Growth and Development Pace,4.0,,5,5,t,ccf167e9-30c1-4aff-98cd-c4fbc391adcc,fb25c1ac-91cc-49bf-8afc-c7fa22ef45e4,,"",
RETIRE_NOW,no-context,Natalie Larsen,-4965330003,ut,City Council Member,t,t,Public Safety Approach,4.0,,5,5,t,ccf167e9-30c1-4aff-98cd-c4fbc391adcc,e9ebefcd-c496-45e8-b816-a79f8442ba85,,"",
RETIRE_NOW,no-context,Natalie Larsen,-4965330003,ut,City Council Member,t,t,Transportation Priorities,4.0,,5,5,t,ccf167e9-30c1-4aff-98cd-c4fbc391adcc,ba59337e-30e2-4aba-a39a-426b3366eb27,,"",
VERIFY,bio-only:unverified,Tim Lanier,-470407,(none),(not seated),f,t,Affordable Housing,2.0,,5,5,t,e3638aff-68fb-4e2b-a6cc-1bcc7b383857,669cac97-66a6-4087-b036-936fbe62efb3,https://ballotpedia.org/Tim_Lanier,"Candidate Connection survey proposes his ""B4 Act"" to invest federal dollars in construction-workforce development and create good federal construction jobs to attack the housing shortage at its source, matching a strong federal-investment approach to expanding the housing supply.",
VERIFY,bio-only:unverified,Tim Lanier,-470407,(none),(not seated),f,t,Deportation Priorities,2.0,,5,5,t,e3638aff-68fb-4e2b-a6cc-1bcc7b383857,44905f3b-e105-4f6c-afc7-5d223813dbac,https://ballotpedia.org/Tim_Lanier,"Survey proposes ""reducing the ICE budget and using that money for police, EMS personnel, and education,"" matching a scaled-back deportation enforcement posture rather than deporting everyone without legal status.",
VERIFY,bio-only:unverified,Tim Lanier,-470407,(none),(not seated),f,t,School Vouchers & Public Education Funding,1.0,,5,5,t,e3638aff-68fb-4e2b-a6cc-1bcc7b383857,00b95a6a-75db-4521-b523-3326bba938de,https://ballotpedia.org/Tim_Lanier,"Survey explicitly proposes ""eliminate school vouchers,"" matching the chair that fully funds public schools and eliminates voucher programs.",
VERIFY,bio-only:unverified,Tim Lanier,-470407,(none),(not seated),f,t,Social Security,1.0,,5,5,t,e3638aff-68fb-4e2b-a6cc-1bcc7b383857,87d20824-a6e9-407b-983c-65440084a0ab,https://ballotpedia.org/Tim_Lanier,"Survey explicitly proposes ""removing the Social Security cap,"" matching the chair that removes the income cap on payroll taxes (the other chairs do not mention the cap at all).",
VERIFY,bio-only:unverified,Tim Lanier,-470407,(none),(not seated),f,t,Ukraine - Russia Conflict,2.0,,5,5,t,e3638aff-68fb-4e2b-a6cc-1bcc7b383857,24e9212c-b011-422a-865c-093e35050901,https://ballotpedia.org/Tim_Lanier,"Survey states the U.S. ""must stand up to Russia and Putin specifically or communism will continue to spread and our allies are wondering if they'll be next,"" referring to Russia annexing its neighbors -- matching continued support for resisting Russian aggression, though he does not specify an aid-level increase.",
VERIFY,bio-only:unverified,Todd Warner,-470904,(none),(not seated),f,t,Deportation Priorities,4.0,,5,5,t,b8175280-a47e-45f4-8ee4-594330e348cd,44905f3b-e105-4f6c-afc7-5d223813dbac,https://ballotpedia.org/Todd_Warner,"Warner's 2026 campaign platform pledges to ""deport criminal illegal aliens,"" fully fund the border wall, end catch-and-release, and defund sanctuary cities while opposing any amnesty pathway.",
VERIFY,bio-only:unverified,Todd Warner,-470904,(none),(not seated),f,t,Religious Freedom,4.0,,5,5,t,b8175280-a47e-45f4-8ee4-594330e348cd,6b9ba6d9-1001-43f5-b073-4d37130696fd,https://ballotpedia.org/Todd_Warner,"Warner's platform pledges to ""defend religious liberty against every government attempt to silence Christians"" and protect ""the free exercise of religion"" against federal interference.",
VERIFY,bio-only:unverified,Todd Warner,-470904,(none),(not seated),f,t,Reproductive Rights and Abortion Access,2.0,,5,5,t,b8175280-a47e-45f4-8ee4-594330e348cd,af2fdfd6-02c4-49df-b09c-cf8536f4773f,https://ballotpedia.org/Todd_Warner,"Warner's platform is ""unapologetically pro-life"" and the specific abortion action he lists is to ""ban late-term abortion"" and defund Planned Parenthood, indicating support for legal abortion earlier in pregnancy with restrictions after viability rather than a total ban.",
VERIFY,bio-only:unverified,Todd Warner,-470904,(none),(not seated),f,t,School Vouchers & Public Education Funding,5.0,,5,5,t,b8175280-a47e-45f4-8ee4-594330e348cd,00b95a6a-75db-4521-b523-3326bba938de,https://ballotpedia.org/Todd_Warner,"Warner's platform calls to ""abolish the federal Department of Education, redirect those dollars to the states and to parents, and back universal school choice so every Tennessee family...can pick the school that's right for their kids.""",
VERIFY,bio-only:unverified,Todd Warner,-470904,(none),(not seated),f,t,Taxation and Public Spending,5.0,,5,5,t,b8175280-a47e-45f4-8ee4-594330e348cd,f7e5678d-dadd-4556-a2fc-446e24642ceb,https://ballotpedia.org/Todd_Warner,"Warner's platform pledges to ""make the Trump tax cuts permanent, eliminate the death tax, slash federal regulations...and oppose every tax hike.""",
RETIRE_NOW,no-context,Aaron Dekeyzer,-4967440003,ut,Council At-Large,t,t,Affordable Housing,3.0,,4,4,t,a49a4a9f-b5bc-4003-b33c-3ddd810a67cb,669cac97-66a6-4087-b036-936fbe62efb3,,"",
RETIRE_NOW,no-context,Aaron Dekeyzer,-4967440003,ut,Council At-Large,t,t,Environmental Protection vs. Development,1.0,,4,4,t,a49a4a9f-b5bc-4003-b33c-3ddd810a67cb,1935979c-b290-42e4-baa5-8cb0138b4ffa,,"",
RETIRE_NOW,no-context,Aaron Dekeyzer,-4967440003,ut,Council At-Large,t,t,Residential Zoning,3.0,,4,4,t,a49a4a9f-b5bc-4003-b33c-3ddd810a67cb,d4f18138-a2e0-4110-b925-7387d9d0d16d,,"",
RETIRE_NOW,no-context,Aaron Dekeyzer,-4967440003,ut,Council At-Large,t,t,Transportation Priorities,1.0,,4,4,t,a49a4a9f-b5bc-4003-b33c-3ddd810a67cb,ba59337e-30e2-4aba-a39a-426b3366eb27,,"",
VERIFY,bio-only:unverified,Alex Mealer,-4810902,(none),(not seated),f,t,Fossil Fuel Policy,4.0,,4,4,t,9fa72bdc-7bf2-4afe-8b9a-14b379eafbc4,a22215c3-6693-4bc2-b248-01aebba14570,https://ballotpedia.org/Alex_Mealer,"A former oil & gas finance executive, she pledges to be ""the fiercest advocate"" to ""protect and grow the Houston Ship Channel and Port Houston -- the largest petrochemical complex in the U.S."" and to ""unleash the full power of American industry"" -- expanding fossil-fuel production.",
VERIFY,bio-only:unverified,Alex Mealer,-4810902,(none),(not seated),f,t,Immigration and Treatment of Immigrants,4.0,,4,4,t,9fa72bdc-7bf2-4afe-8b9a-14b379eafbc4,4e2c69ce-591e-4197-9cd5-7aceff79d390,https://ballotpedia.org/Alex_Mealer,"Her survey and campaign platform make ""keeping the border secure"" a top message, citing Colony Ridge's ""over 40,000 illegal aliens"" and pledging to ""leverage every federal resource"" against cartel activity -- a restrictive, enforcement-first posture.",
VERIFY,bio-only:unverified,Alex Mealer,-4810902,(none),(not seated),f,t,Taxation and Public Spending,4.0,,4,4,t,9fa72bdc-7bf2-4afe-8b9a-14b379eafbc4,f7e5678d-dadd-4556-a2fc-446e24642ceb,https://ballotpedia.org/Alex_Mealer,"Her survey calls for ""unleashing the private sector ... by reducing government spending, taxes, and regulations"" -- cutting taxes and scaling back government.",
VERIFY,bio-only:unverified,Alex Mealer,-4810902,(none),(not seated),f,t,Transgender Athletes,4.0,,4,4,t,9fa72bdc-7bf2-4afe-8b9a-14b379eafbc4,d1618b9c-0b9e-45af-b986-bb33d270b8e4,https://ballotpedia.org/Alex_Mealer,"Her survey lists ""keeping men out of women's sports"" as a core campaign message -- requiring athletic eligibility based on biological sex.",
VERIFY,bio-only:unverified,Alexander Hale,-4810701,(none),(not seated),f,t,Fossil Fuel Policy,4.0,,4,4,t,8244b842-cb91-4279-8ff8-3a1347328823,a22215c3-6693-4bc2-b248-01aebba14570,https://ballotpedia.org/Alexander_Hale,"His campaign website pledges to ""champion Houston's energy industry"" and fight for ""our energy companies - not subsidize inefficient competitors"" -- expanding support for fossil-fuel production over renewable alternatives.",
VERIFY,bio-only:unverified,Alexander Hale,-4810701,(none),(not seated),f,t,Immigration and Treatment of Immigrants,4.0,,4,4,t,8244b842-cb91-4279-8ff8-3a1347328823,4e2c69ce-591e-4197-9cd5-7aceff79d390,https://ballotpedia.org/Alexander_Hale,"His campaign website states Houston ""suffer[s] when illegal immigration is left unchecked"" and that ""We must continue to secure our border and counter the negative effects of illegal entry"" -- a restrictive enforcement-first posture.",
VERIFY,bio-only:unverified,Alexander Hale,-4810701,(none),(not seated),f,t,School Vouchers & Public Education Funding,4.0,,4,4,t,8244b842-cb91-4279-8ff8-3a1347328823,00b95a6a-75db-4521-b523-3326bba938de,https://ballotpedia.org/Alexander_Hale,"His campaign website says ""School choice and innovative approaches are key to improving student outcomes"" -- expanding school-choice/voucher options for families.",
VERIFY,bio-only:unverified,Alexander Hale,-4810701,(none),(not seated),f,t,Taxation and Public Spending,4.0,,4,4,t,8244b842-cb91-4279-8ff8-3a1347328823,f7e5678d-dadd-4556-a2fc-446e24642ceb,https://ballotpedia.org/Alexander_Hale,"His campaign website calls for ""Fiscal Responsibility"" -- cutting ""wasteful spending"" and ending Washington's ""spending addiction"" so tax dollars aren't spent on ""failed programs"" -- scaling back government spending.",
VERIFY,bio-only:unverified,Alissa Ellman,-3612401,(none),(not seated),f,t,Campaign Finance Reform,2.0,,4,4,t,d658e8ad-efe9-4875-aeaa-f8a122c601fb,92730f69-ae57-401c-8ad1-2d07834a895d,https://ballotpedia.org/Alissa_Ellman,"Her Ballotpedia Candidate Connection survey calls for ""caps on contributions, overturning Citizens United to claw back power from the superPACs, and introducing matching funds"" -- strictly limiting corporate and dark money.",
VERIFY,bio-only:unverified,Alissa Ellman,-3612401,(none),(not seated),f,t,Healthcare Access,1.0,,4,4,t,d658e8ad-efe9-4875-aeaa-f8a122c601fb,e8dad4a8-eb93-4931-91f5-d8fb5d7dd529,https://ballotpedia.org/Alissa_Ellman,"Her Ballotpedia Candidate Connection survey states ""I support Medicare for All"" so ""nobody is ever denied life saving [care] so that a billion dollar corporation can save money"" -- a public universal system.",
VERIFY,bio-only:unverified,Alissa Ellman,-3612401,(none),(not seated),f,t,Medicare / Medicaid,1.0,,4,4,t,d658e8ad-efe9-4875-aeaa-f8a122c601fb,cab61e8a-64fe-4bbd-bc08-fe9914d0091b,https://ballotpedia.org/Alissa_Ellman,"Her Ballotpedia Candidate Connection survey states ""I support Medicare for All"" -- expanding Medicare to cover everyone.",
VERIFY,bio-only:unverified,Alissa Ellman,-3612401,(none),(not seated),f,t,State Redistricting and Gerrymandering,1.0,,4,4,t,d658e8ad-efe9-4875-aeaa-f8a122c601fb,48cc9585-ec22-4f53-8d42-6839828dd36f,https://ballotpedia.org/Alissa_Ellman,"Her Ballotpedia Candidate Connection survey pledges to ""end gerrymandering"" -- independent, non-partisan drawing of district lines.",
VERIFY,bio-only:unverified,Anna Golladay,-470301,(none),(not seated),f,t,Climate Change and Environmental Protection,3.0,,4,4,t,93daacfe-4791-490a-8465-123eeb7f4e6e,f1e44d66-5d27-4b51-b54f-b7ace86f6a3c,https://ballotpedia.org/Anna_Golladay,"Survey supports ""continued investment in responsible research and workforce development that helps our region lead in clean technology and environmental science"" alongside environmental cleanup, matching investment in clean energy without emergency/ban language on fossil fuels.",
VERIFY,bio-only:unverified,Anna Golladay,-470301,(none),(not seated),f,t,Healthcare Access,2.0,,4,4,t,93daacfe-4791-490a-8465-123eeb7f4e6e,e8dad4a8-eb93-4931-91f5-d8fb5d7dd529,https://ballotpedia.org/Anna_Golladay,"Candidate Connection survey calls to ""expand Medicaid, protect the ACA, and secure federal stabilization funding for at-risk rural hospitals,"" matching affordable coverage through a mix of public programs and regulated private insurance rather than a fully public single-payer system.",
VERIFY,bio-only:unverified,Anna Golladay,-470301,(none),(not seated),f,t,Medicare / Medicaid,2.0,,4,4,t,93daacfe-4791-490a-8465-123eeb7f4e6e,cab61e8a-64fe-4bbd-bc08-fe9914d0091b,https://ballotpedia.org/Anna_Golladay,"Survey notes Tennessee is ""one of only ten states that has refused to expand Medicaid, leaving over 300,000 Tennesseans without insurance"" and pledges to fight to expand Medicaid, matching significant Medicaid expansion.",
VERIFY,bio-only:unverified,Anna Golladay,-470301,(none),(not seated),f,t,Taxation and Public Spending,2.0,,4,4,t,93daacfe-4791-490a-8465-123eeb7f4e6e,f7e5678d-dadd-4556-a2fc-446e24642ceb,https://ballotpedia.org/Anna_Golladay,"Survey states she will make sure ""taxation lays on the wealthiest rather than the most vulnerable"" and close corporate wage-suppression loopholes, matching a moderate tax increase on the wealthy rather than a drastic across-the-board hike.",
RETIRE_NOW,no-context,Benjamin Nadolski,-4955980001,ut,Mayor,t,t,Affordable Housing,4.0,,4,4,t,e0a0eaaf-db60-4494-98a8-ff458be1c986,669cac97-66a6-4087-b036-936fbe62efb3,,"",
RETIRE_NOW,no-context,Benjamin Nadolski,-4955980001,ut,Mayor,t,t,Criminalization of Homelessness,2.0,,4,4,t,e0a0eaaf-db60-4494-98a8-ff458be1c986,4938766b-b45a-46e3-93bd-b8b30651271a,,"",
RETIRE_NOW,no-context,Benjamin Nadolski,-4955980001,ut,Mayor,t,t,Economic Development Incentives,4.0,,4,4,t,e0a0eaaf-db60-4494-98a8-ff458be1c986,eb3d1247-0de1-4b7f-baec-7259861efd53,,"",
RETIRE_NOW,no-context,Benjamin Nadolski,-4955980001,ut,Mayor,t,t,Homelessness Response,3.0,,4,4,t,e0a0eaaf-db60-4494-98a8-ff458be1c986,6fbf39ae-6b19-4182-b4c2-6a8d25c86c0f,,"",
VERIFY,bio-only:unverified,Brent Taylor,-470902,(none),(not seated),f,t,Civil Rights and Social Justice,5.0,,4,4,t,00b1ee2d-c4e1-47f8-aae8-83974a625ef3,0bc588c6-39e1-4084-b5de-cac909b8b762,https://ballotpedia.org/Brent_Taylor_(Tennessee),"Taylor's platform lists ""eliminating DEI mandates"" as part of his Washington agenda, alongside ending what he calls ""woke ideology"" in federal programs.",
VERIFY,bio-only:unverified,Brent Taylor,-470902,(none),(not seated),f,t,Deportation Priorities,4.0,,4,4,t,00b1ee2d-c4e1-47f8-aae8-83974a625ef3,44905f3b-e105-4f6c-afc7-5d223813dbac,https://ballotpedia.org/Brent_Taylor_(Tennessee),"Taylor's campaign platform says he will ""fight to finish the border wall, restore strong enforcement, deport criminal illegal immigrants, end sanctuary policies,"" prioritizing removal of those with criminal records while backing broad enforcement.",
VERIFY,bio-only:unverified,Brent Taylor,-470902,(none),(not seated),f,t,Fossil Fuel Policy,4.0,,4,4,t,00b1ee2d-c4e1-47f8-aae8-83974a625ef3,a22215c3-6693-4bc2-b248-01aebba14570,https://ballotpedia.org/Brent_Taylor_(Tennessee),"Taylor's platform states he will ""promote American energy production...by expanding domestic oil, natural gas, and nuclear power,"" citing his TN Senate record protecting natural-gas infrastructure and opposing costly energy mandates.",
VERIFY,bio-only:unverified,Brent Taylor,-470902,(none),(not seated),f,t,Taxation and Public Spending,4.0,,4,4,t,00b1ee2d-c4e1-47f8-aae8-83974a625ef3,f7e5678d-dadd-4556-a2fc-446e24642ceb,https://ballotpedia.org/Brent_Taylor_(Tennessee),"Taylor's platform emphasizes cutting ""reckless federal spending,"" opposing ""bloated omnibus bills,"" and ""restoring accountability so hardworking families in Tennessee keep more of what they earn,"" a spending-cuts-plus-lower-burden framing rather than raising any taxes.",
VERIFY,bio-only:unverified,Brian Babin,-100336,tx,Representative,t,t,Deportation Priorities,4.0,,4,4,t,c4ad307f-b38a-409c-8190-8dedad609d88,44905f3b-e105-4f6c-afc7-5d223813dbac,https://ballotpedia.org/Brian_Babin,"Ballotpedia Key votes (119th Congress): voted Yea on the Laken Riley Act, which mandates detention/removal of undocumented immigrants charged with certain crimes -- prioritizing deportation of those with criminal records.",
VERIFY,bio-only:unverified,Brian Babin,-100336,tx,Representative,t,t,Taxation and Public Spending,4.0,,4,4,t,c4ad307f-b38a-409c-8190-8dedad609d88,f7e5678d-dadd-4556-a2fc-446e24642ceb,https://ballotpedia.org/Brian_Babin,"Ballotpedia Key votes (119th Congress): voted Yea on the 2025 budget reconciliation act (H.R.1, Title II), which cuts taxes -- favoring lower taxes with reduced public spending.",
VERIFY,bio-only:unverified,Brian Babin,-100336,tx,Representative,t,t,Transgender Athletes,4.0,,4,4,t,c4ad307f-b38a-409c-8190-8dedad609d88,d1618b9c-0b9e-45af-b986-bb33d270b8e4,https://ballotpedia.org/Brian_Babin,"Ballotpedia Key votes (119th Congress): voted Yea on the Protection of Women and Girls in Sports Act of 2025, requiring athletes to compete on teams matching biological sex assigned at birth.",
VERIFY,bio-only:unverified,Brian Babin,-100336,tx,Representative,t,t,Voting Rights and Electoral Integrity,4.0,,4,4,t,c4ad307f-b38a-409c-8190-8dedad609d88,d1792200-1d3b-4955-a0b7-0e6980d7a7b2,https://ballotpedia.org/Brian_Babin,"Ballotpedia Key votes (119th Congress): voted Yea on the SAVE Act, which requires documentary proof of citizenship to register to vote -- a strict voter-eligibility/ID requirement.",
RETIRE_NOW,no-context,Bridger Bolinder,-326863,ut,State Representative District 29,t,t,Civil Rights and Social Justice,5.0,,4,4,t,10272f06-05cc-46ae-b2d0-0f2a68d44728,0bc588c6-39e1-4084-b5de-cac909b8b762,,"",
RETIRE_NOW,no-context,Bridger Bolinder,-326863,ut,State Representative District 29,t,t,Reproductive Rights and Abortion Access,4.0,,4,4,t,10272f06-05cc-46ae-b2d0-0f2a68d44728,af2fdfd6-02c4-49df-b09c-cf8536f4773f,,"",
RETIRE_NOW,no-context,Bridger Bolinder,-326863,ut,State Representative District 29,t,t,School Vouchers & Public Education Funding,5.0,,4,4,t,10272f06-05cc-46ae-b2d0-0f2a68d44728,00b95a6a-75db-4521-b523-3326bba938de,,"",
RETIRE_NOW,no-context,Bridger Bolinder,-326863,ut,State Representative District 29,t,t,Taxation and Public Spending,4.0,,4,4,t,10272f06-05cc-46ae-b2d0-0f2a68d44728,f7e5678d-dadd-4556-a2fc-446e24642ceb,,"",
VERIFY,bio-only:unverified,Claire Reynolds,-4811101,(none),(not seated),f,t,Healthcare Access,1.0,,4,4,t,72868317-3f4e-426d-a515-cd02a619fdc1,e8dad4a8-eb93-4931-91f5-d8fb5d7dd529,https://ballotpedia.org/Claire_Reynolds,"Her campaign platform pledges to ""focus on transitioning us to a single-payer healthcare system, such as Medicare for All,"" citing Medicare and the VA as proof it works -- a publicly run system.",
VERIFY,bio-only:unverified,Claire Reynolds,-4811101,(none),(not seated),f,t,Immigration and Treatment of Immigrants,2.0,,4,4,t,72868317-3f4e-426d-a515-cd02a619fdc1,4e2c69ce-591e-4197-9cd5-7aceff79d390,https://ballotpedia.org/Claire_Reynolds,"Her survey lists ""treating immigrants with dignity"" among her core values and names immigration as a passion area -- a welcoming posture.",
VERIFY,bio-only:unverified,Claire Reynolds,-4811101,(none),(not seated),f,t,Medicare / Medicaid,1.0,,4,4,t,72868317-3f4e-426d-a515-cd02a619fdc1,cab61e8a-64fe-4bbd-bc08-fe9914d0091b,https://ballotpedia.org/Claire_Reynolds,"Her platform calls for ""a single-payer healthcare system, such as Medicare for All"" -- expanding Medicare to cover everyone.",
VERIFY,bio-only:unverified,Claire Reynolds,-4811101,(none),(not seated),f,t,Reproductive Rights and Abortion Access,2.0,,4,4,t,72868317-3f4e-426d-a515-cd02a619fdc1,af2fdfd6-02c4-49df-b09c-cf8536f4773f,https://ballotpedia.org/Claire_Reynolds,"Her survey lists ""the right to choose"" among the progressive values she holds -- supporting legal, accessible abortion.",
RETIRE_NOW,no-context,Cyndi Sharkey,-4967440004,ut,Council At-Large,t,t,Growth and Development Pace,3.0,,4,4,t,c4b83aa6-0a93-4408-b35e-6ed1bf11aaa8,fb25c1ac-91cc-49bf-8afc-c7fa22ef45e4,,"",
RETIRE_NOW,no-context,Cyndi Sharkey,-4967440004,ut,Council At-Large,t,t,Public Safety Approach,4.0,,4,4,t,c4b83aa6-0a93-4408-b35e-6ed1bf11aaa8,e9ebefcd-c496-45e8-b816-a79f8442ba85,,"",
RETIRE_NOW,no-context,Cyndi Sharkey,-4967440004,ut,Council At-Large,t,t,Residential Zoning,2.0,,4,4,t,c4b83aa6-0a93-4408-b35e-6ed1bf11aaa8,d4f18138-a2e0-4110-b925-7387d9d0d16d,,"",
RETIRE_NOW,no-context,Cyndi Sharkey,-4967440004,ut,Council At-Large,t,t,Taxation and Public Spending,5.0,,4,4,t,c4b83aa6-0a93-4408-b35e-6ed1bf11aaa8,f7e5678d-dadd-4556-a2fc-446e24642ceb,,"",
RETIRE_NOW,no-context,Dan Dugan,-388577,ut,Council Ward 6,t,f,Environmental Protection vs. Development,2.0,,4,4,t,e386fec1-559d-4446-bb7e-daee4d2a014c,1935979c-b290-42e4-baa5-8cb0138b4ffa,,"",2026-05-31 13:32:11.932737+00
RETIRE_NOW,no-context,Dan Dugan,-388577,ut,Council Ward 6,t,f,Growth and Development Pace,3.0,,4,4,t,e386fec1-559d-4446-bb7e-daee4d2a014c,fb25c1ac-91cc-49bf-8afc-c7fa22ef45e4,,"",2026-05-31 13:32:11.932737+00
RETIRE_NOW,no-context,Dan Dugan,-388577,ut,Council Ward 6,t,f,Residential Zoning,3.0,,4,4,t,e386fec1-559d-4446-bb7e-daee4d2a014c,d4f18138-a2e0-4110-b925-7387d9d0d16d,,"",2026-05-31 13:32:11.932737+00
RETIRE_NOW,no-context,Dan Dugan,-388577,ut,Council Ward 6,t,f,Transportation Priorities,2.0,,4,4,t,e386fec1-559d-4446-bb7e-daee4d2a014c,ba59337e-30e2-4aba-a39a-426b3366eb27,,"",2026-05-31 13:32:11.932737+00
VERIFY,bio-only:unverified,Dennis Hannon,-3612601,(none),(not seated),f,t,Fossil Fuel Policy,4.0,,4,4,t,8d005222-15de-45ea-a61c-e7fd37321e9c,a22215c3-6693-4bc2-b248-01aebba14570,https://ballotpedia.org/Dennis_Hannon,"His Ballotpedia Candidate Connection survey pledges to ""expand domestic energy production to help reduce costs"" -- expanding fossil-fuel production.",
VERIFY,bio-only:unverified,Dennis Hannon,-3612601,(none),(not seated),f,t,Immigration and Treatment of Immigrants,4.0,,4,4,t,8d005222-15de-45ea-a61c-e7fd37321e9c,4e2c69ce-591e-4197-9cd5-7aceff79d390,https://ballotpedia.org/Dennis_Hannon,"His Ballotpedia Candidate Connection survey pledges to ""enforce immigration and worksite laws"" and ""strengthen cooperation between local and federal agencies"" -- tightening immigration enforcement.",
VERIFY,bio-only:unverified,Dennis Hannon,-3612601,(none),(not seated),f,t,Medicare / Medicaid,3.0,,4,4,t,8d005222-15de-45ea-a61c-e7fd37321e9c,cab61e8a-64fe-4bbd-bc08-fe9914d0091b,https://ballotpedia.org/Dennis_Hannon,"His Ballotpedia Candidate Connection survey pledges to ""lower prescription drug and health care costs, especially for seniors,"" and ""reform pharmacy benefit managers"" -- improving current programs while controlling costs.",
VERIFY,bio-only:unverified,Dennis Hannon,-3612601,(none),(not seated),f,t,Taxation and Public Spending,4.0,,4,4,t,8d005222-15de-45ea-a61c-e7fd37321e9c,f7e5678d-dadd-4556-a2fc-446e24642ceb,https://ballotpedia.org/Dennis_Hannon,"His Ballotpedia Candidate Connection survey pledges to ""back tax relief for working-class families"" -- cutting taxes.",
RETIRE_NOW,no-context,Derrin R. Owens,-367672,ut,State Senator District 27,t,t,Civil Rights and Social Justice,5.0,,4,4,t,53162004-fa67-42f7-a2f8-6289dc8237b2,0bc588c6-39e1-4084-b5de-cac909b8b762,,"",
RETIRE_NOW,no-context,Derrin R. Owens,-367672,ut,State Senator District 27,t,t,Fossil Fuel Policy,5.0,,4,4,t,53162004-fa67-42f7-a2f8-6289dc8237b2,a22215c3-6693-4bc2-b248-01aebba14570,,"",
RETIRE_NOW,no-context,Derrin R. Owens,-367672,ut,State Senator District 27,t,t,Reproductive Rights and Abortion Access,4.0,,4,4,t,53162004-fa67-42f7-a2f8-6289dc8237b2,af2fdfd6-02c4-49df-b09c-cf8536f4773f,,"",
RETIRE_NOW,no-context,Derrin R. Owens,-367672,ut,State Senator District 27,t,t,Taxation and Public Spending,4.0,,4,4,t,53162004-fa67-42f7-a2f8-6289dc8237b2,f7e5678d-dadd-4556-a2fc-446e24642ceb,,"",
VERIFY,bio-only:unverified,Dione Sims,-4812501,(none),(not seated),f,t,Civil Rights and Social Justice,2.0,,4,4,t,95f120d3-6067-4eec-837c-9d9d08fe21c1,0bc588c6-39e1-4084-b5de-cac909b8b762,https://ballotpedia.org/Dione_Sims,"Her campaign statement pledges to ""defend fundamental civil rights for everyone,"" oppose policies that ""target people based on race, religion, or gender,"" and ""strengthen enforcement of civil rights laws"" -- strengthening civil-rights enforcement.",
VERIFY,bio-only:unverified,Dione Sims,-4812501,(none),(not seated),f,t,Healthcare Access,2.0,,4,4,t,95f120d3-6067-4eec-837c-9d9d08fe21c1,e8dad4a8-eb93-4931-91f5-d8fb5d7dd529,https://ballotpedia.org/Dione_Sims,"Her survey names ""expanding access to affordable health care"" as a core priority, framing freedom as ""whether a family can afford healthcare"" -- guaranteeing affordable coverage.",
VERIFY,bio-only:unverified,Dione Sims,-4812501,(none),(not seated),f,t,Immigration and Treatment of Immigrants,2.0,,4,4,t,95f120d3-6067-4eec-837c-9d9d08fe21c1,4e2c69ce-591e-4197-9cd5-7aceff79d390,https://ballotpedia.org/Dione_Sims,"Her campaign statement supports ""a roadmap to citizenship for long-time immigrants, including Dreamers and Temporary Protected Status (TPS) holders,"" plus humane asylum processing and work-visa reform -- a welcoming posture rooted in ""dignity, due process, and keeping families together.""",
VERIFY,bio-only:unverified,Dione Sims,-4812501,(none),(not seated),f,t,Voting Rights and Electoral Integrity,2.0,,4,4,t,95f120d3-6067-4eec-837c-9d9d08fe21c1,d1792200-1d3b-4955-a0b7-0e6980d7a7b2,https://ballotpedia.org/Dione_Sims,"Her campaign statement pledges to ""protect voting rights"" and ""fair, nonpartisan elections"" -- protecting and expanding voter access.",
RETIRE_NOW,no-context,Heidi Balderree,-313389,ut,State Senator District 22,t,t,Reproductive Rights and Abortion Access,4.0,,4,4,t,a352d492-ecaf-45bd-b352-8c9a2cc9cc18,af2fdfd6-02c4-49df-b09c-cf8536f4773f,,"",
RETIRE_NOW,no-context,Heidi Balderree,-313389,ut,State Senator District 22,t,t,School Vouchers & Public Education Funding,5.0,,4,4,t,a352d492-ecaf-45bd-b352-8c9a2cc9cc18,00b95a6a-75db-4521-b523-3326bba938de,,"",
RETIRE_NOW,no-context,Heidi Balderree,-313389,ut,State Senator District 22,t,t,Taxation and Public Spending,4.0,,4,4,t,a352d492-ecaf-45bd-b352-8c9a2cc9cc18,f7e5678d-dadd-4556-a2fc-446e24642ceb,,"",
RETIRE_NOW,no-context,Heidi Balderree,-313389,ut,State Senator District 22,t,t,Voting Rights and Electoral Integrity,4.0,,4,4,t,a352d492-ecaf-45bd-b352-8c9a2cc9cc18,d1792200-1d3b-4955-a0b7-0e6980d7a7b2,,"",
VERIFY,bio-only:unverified,Jessica Steinmann,-4810801,(none),(not seated),f,t,Civil Rights and Social Justice,4.0,,4,4,t,c831bb88-7c5e-4d4b-961e-0d43792d44a6,0bc588c6-39e1-4084-b5de-cac909b8b762,https://ballotpedia.org/Jessica_Steinmann,"Her campaign website touts leading ""investigations into higher education's DEI practices"" and pushing back against ""woke policies"" -- opposing race-conscious DEI programs and limiting such federal civil-rights initiatives.",
VERIFY,bio-only:unverified,Jessica Steinmann,-4810801,(none),(not seated),f,t,Immigration and Treatment of Immigrants,4.0,,4,4,t,c831bb88-7c5e-4d4b-961e-0d43792d44a6,4e2c69ce-591e-4197-9cd5-7aceff79d390,https://ballotpedia.org/Jessica_Steinmann,"Her campaign website touts her work with ""the America First movement to secure our borders"" and prioritizing American workers over ""global elites"" -- a restrictive, enforcement-first immigration posture.",
VERIFY,bio-only:unverified,Jessica Steinmann,-4810801,(none),(not seated),f,t,Religious Freedom,4.0,,4,4,t,c831bb88-7c5e-4d4b-961e-0d43792d44a6,6b9ba6d9-1001-43f5-b073-4d37130696fd,https://ballotpedia.org/Jessica_Steinmann,"Her campaign website highlights defending ""the religious-liberty rights of our military,"" representing 36 USAF members against the COVID-19 vaccine mandate, and keeping Texas ""a stronghold for faith, freedom, and traditional values"" -- strongly protecting faith-based exemptions.",
VERIFY,bio-only:unverified,Jessica Steinmann,-4810801,(none),(not seated),f,t,Transgender Athletes,4.0,,4,4,t,c831bb88-7c5e-4d4b-961e-0d43792d44a6,d1618b9c-0b9e-45af-b986-bb33d270b8e4,https://ballotpedia.org/Jessica_Steinmann,"Her campaign website pledges to ""STAND UP FOR GIRLS IN SPORTS,"" opposing ""boys in girls' sports"" and defending athletes who spoke out -- requiring eligibility based on biological sex.",
VERIFY,bio-only:unverified,Jim Torino,-470908,(none),(not seated),f,t,Affordable Housing,2.0,,4,4,t,927cddfd-cda3-4f2f-a04b-c995bcd9c932,669cac97-66a6-4087-b036-936fbe62efb3,https://ballotpedia.org/Jim_Torino,"Torino's 2026 Candidate Connection survey pledges to stand up to ""corporate investors who are buying up homes, squeezing renters, and pricing families out of their own communities,"" saying ""Housing should be for people, not just profits.""",
VERIFY,bio-only:unverified,Jim Torino,-470908,(none),(not seated),f,t,Campaign Finance Reform,3.0,,4,4,t,927cddfd-cda3-4f2f-a04b-c995bcd9c932,92730f69-ae57-401c-8ad1-2d07834a895d,https://ballotpedia.org/Jim_Torino,"Torino's survey pledges to ""fight for greater transparency, real campaign finance reform, responsible spending, and an end to the dysfunction that blocks meaningful progress"" and to be ""open and honest with voters.""",
VERIFY,bio-only:unverified,Jim Torino,-470908,(none),(not seated),f,t,Childcare Affordability & Access,1.0,,4,4,t,927cddfd-cda3-4f2f-a04b-c995bcd9c932,c1ac1330-47f7-44ec-baf3-c913d926b97c,https://ballotpedia.org/Jim_Torino,"In his 2026 Ballotpedia Candidate Connection survey, Torino says he will introduce ""legislation to provide universal childcare for kids 5 years old and under"" as part of making life affordable.",
VERIFY,bio-only:unverified,Jim Torino,-470908,(none),(not seated),f,t,Healthcare Access,2.0,,4,4,t,927cddfd-cda3-4f2f-a04b-c995bcd9c932,e8dad4a8-eb93-4931-91f5-d8fb5d7dd529,https://ballotpedia.org/Jim_Torino,"Torino's survey calls for lowering healthcare costs system-wide through ""price transparency,"" taking on ""pharmaceutical price gouging,"" and holding ""insurers and providers accountable,"" while keeping the existing insurance system regulated rather than replacing it.",
VERIFY,bio-only:unverified,John Carter,-100331,tx,Representative,t,t,Deportation Priorities,4.0,,4,4,t,2aa44302-0cd5-4ad1-9c43-557bb99bb88b,44905f3b-e105-4f6c-afc7-5d223813dbac,https://ballotpedia.org/John_Carter_(Texas),"Ballotpedia Key votes (119th Congress): voted Yea on the Laken Riley Act, which mandates detention/removal of undocumented immigrants charged with certain crimes -- prioritizing deportation of those with criminal records.",
VERIFY,bio-only:unverified,John Carter,-100331,tx,Representative,t,t,Taxation and Public Spending,4.0,,4,4,t,2aa44302-0cd5-4ad1-9c43-557bb99bb88b,f7e5678d-dadd-4556-a2fc-446e24642ceb,https://ballotpedia.org/John_Carter_(Texas),"Ballotpedia Key votes (119th Congress): voted Yea on the 2025 budget reconciliation act (H.R.1, Title II), which cuts taxes -- favoring lower taxes with reduced public spending.",
VERIFY,bio-only:unverified,John Carter,-100331,tx,Representative,t,t,Transgender Athletes,4.0,,4,4,t,2aa44302-0cd5-4ad1-9c43-557bb99bb88b,d1618b9c-0b9e-45af-b986-bb33d270b8e4,https://ballotpedia.org/John_Carter_(Texas),"Ballotpedia Key votes (119th Congress): voted Yea on the Protection of Women and Girls in Sports Act of 2025, requiring athletes to compete on teams matching biological sex assigned at birth.",
VERIFY,bio-only:unverified,John Carter,-100331,tx,Representative,t,t,Voting Rights and Electoral Integrity,4.0,,4,4,t,2aa44302-0cd5-4ad1-9c43-557bb99bb88b,d1792200-1d3b-4955-a0b7-0e6980d7a7b2,https://ballotpedia.org/John_Carter_(Texas),"Ballotpedia Key votes (119th Congress): voted Yea on the SAVE Act, which requires documentary proof of citizenship to register to vote -- a strict voter-eligibility/ID requirement.",
VERIFY,bio-only:unverified,Johnny Garrett,-470602,(none),(not seated),f,t,Deportation Priorities,5.0,,4,4,t,60870f17-4e23-4f5a-9cf4-8d37870206f8,44905f3b-e105-4f6c-afc7-5d223813dbac,https://ballotpedia.org/Johnny_Garrett,"Garrett's 2026 campaign platform says he ""took action in the Tennessee House to implement a State Border Czar who will work hand in glove with ICE to deport all illegal aliens"" and backs using ""the military and Guantanamo Bay to deport illegal immigrant criminals out of our country.""",
VERIFY,bio-only:unverified,Johnny Garrett,-470602,(none),(not seated),f,t,Reproductive Rights and Abortion Access,5.0,,4,4,t,60870f17-4e23-4f5a-9cf4-8d37870206f8,af2fdfd6-02c4-49df-b09c-cf8536f4773f,https://ballotpedia.org/Johnny_Garrett,"Garrett's platform states he is ""100% Pro-Life"" and ""believes that life begins at conception,"" and he has been endorsed by Tennessee Right to Life every year he has served in the state House.",
VERIFY,bio-only:unverified,Johnny Garrett,-470602,(none),(not seated),f,t,Taxation and Public Spending,5.0,,4,4,t,60870f17-4e23-4f5a-9cf4-8d37870206f8,f7e5678d-dadd-4556-a2fc-446e24642ceb,https://ballotpedia.org/Johnny_Garrett,"Garrett's platform pledges to ""always fight to lower taxes and ensure that President Trump's 2017 tax cuts are not only permanent, but also expand them further.""",
VERIFY,bio-only:unverified,Johnny Garrett,-470602,(none),(not seated),f,t,Transgender Athletes,5.0,,4,4,t,60870f17-4e23-4f5a-9cf4-8d37870206f8,d1618b9c-0b9e-45af-b986-bb33d270b8e4,https://ballotpedia.org/Johnny_Garrett,"As a Tennessee state representative, Garrett ""passed legislation banning men from competing in women's sports"" and campaigns on continuing to ""stand up for common sense in Washington to protect women's sports.""",
VERIFY,bio-only:unverified,Jon Bonck,-4813801,(none),(not seated),f,t,Immigration and Treatment of Immigrants,4.0,,4,4,t,cec00ebb-8cc0-4859-a2fd-b18a4d857598,4e2c69ce-591e-4197-9cd5-7aceff79d390,https://ballotpedia.org/Jon_Bonck,"His campaign website (quoted on Ballotpedia) under ""Secure the Border"" says ""Finish the wall. End the invasion. Put Texas first."" -- making immigration harder and tightening the border.",
VERIFY,bio-only:unverified,Jon Bonck,-4813801,(none),(not seated),f,t,Religious Freedom,4.0,,4,4,t,cec00ebb-8cc0-4859-a2fd-b18a4d857598,6b9ba6d9-1001-43f5-b073-4d37130696fd,https://ballotpedia.org/Jon_Bonck,"His campaign website (quoted on Ballotpedia) under ""Defend Religious Liberty"" states ""Faith belongs in public life-not under attack."" -- strongly protecting religious freedom in public institutions.",
VERIFY,bio-only:unverified,Jon Bonck,-4813801,(none),(not seated),f,t,Reproductive Rights and Abortion Access,5.0,,4,4,t,cec00ebb-8cc0-4859-a2fd-b18a4d857598,af2fdfd6-02c4-49df-b09c-cf8536f4773f,https://ballotpedia.org/Jon_Bonck,"His campaign website (quoted on Ballotpedia) under ""Protect Life"" states ""Life begins at conception. No compromise."" -- banning abortion with no exceptions.",
VERIFY,bio-only:unverified,Jon Bonck,-4813801,(none),(not seated),f,t,Ukraine - Russia Conflict,4.0,,4,4,t,cec00ebb-8cc0-4859-a2fd-b18a4d857598,24e9212c-b011-422a-865c-093e35050901,https://ballotpedia.org/Jon_Bonck,"His campaign website (quoted on Ballotpedia) under ""Cut the Spending"" says ""No more blank checks for foreign wars. Put America first."" -- reducing foreign war aid in favor of domestic priorities.",
VERIFY,bio-only:unverified,Jonathan Paz,-250502,(none),(not seated),f,t,Campaign Finance Reform,2.0,,4,4,t,f59e2048-9058-4896-9fa0-ada1b7a0c401,92730f69-ae57-401c-8ad1-2d07834a895d,https://ballotpedia.org/Jonathan_Paz_(Massachusetts),"Survey: calls for 'leaders in Congress who reject money from corporations and foreign lobbies' and criticizes a 'donor class' rigging the system, matching strictly-limit-corporate-donations-and-dark-money-groups over an explicit full-ban-plus-public-financing pledge (not stated).",
VERIFY,bio-only:unverified,Jonathan Paz,-250502,(none),(not seated),f,t,Deportation Priorities,1.0,,4,4,t,f59e2048-9058-4896-9fa0-ada1b7a0c401,44905f3b-e105-4f6c-afc7-5d223813dbac,https://ballotpedia.org/Jonathan_Paz_(Massachusetts),"Ballotpedia Candidate Connection survey: 'When I say Abolish ICE, I mean... Abolishing ICE as a federal agency... Redirecting ICE's $170 billion budget back to schools, healthcare, and housing,' matching stop-deportations-entirely/protect-undocumented-residents.",
VERIFY,bio-only:unverified,Jonathan Paz,-250502,(none),(not seated),f,t,Immigration and Treatment of Immigrants,1.0,,4,4,t,f59e2048-9058-4896-9fa0-ada1b7a0c401,4e2c69ce-591e-4197-9cd5-7aceff79d390,https://ballotpedia.org/Jonathan_Paz_(Massachusetts),"Same survey answer calls for 'passing a 21st century immigration system, creating a humane pathway to citizenship for our immigrant neighbors,' matching make-it-easier-to-immigrate-legally-and-extend-public-services-regardless-of-status.",
VERIFY,bio-only:unverified,Jonathan Paz,-250502,(none),(not seated),f,t,Ukraine - Russia Conflict,3.0,,4,4,t,f59e2048-9058-4896-9fa0-ada1b7a0c401,24e9212c-b011-422a-865c-093e35050901,https://ballotpedia.org/Jonathan_Paz_(Massachusetts),"Survey calls to 'facilitate ceasefires in all current conflicts and push for long-term diplomatic solutions' and to 'stop funding the war machine' and redirect that spending domestically -- a diplomacy-focused, de-escalation position rather than a full aid cutoff, matching provide-limited-humanitarian-aid-while-encouraging-diplomatic-negotiations.",
VERIFY,bio-only:unverified,Jordan Conley,-150106,(none),(not seated),f,t,Criminalization of Homelessness,2.0,,4,4,t,c70f5297-a176-43b0-b9dd-19c053dfd458,4938766b-b45a-46e3-93bd-b8b30651271a,https://ballotpedia.org/Jordan_Conley,"Conley's survey response describes a ""Housing First"" program as a core campaign message — providing homes to unhoused people immediately and addressing other needs afterward — emphasizing shelter/housing investment as the primary strategy rather than enforcement of anti-camping rules.",
VERIFY,bio-only:unverified,Jordan Conley,-150106,(none),(not seated),f,t,Healthcare Access,1.0,,4,4,t,c70f5297-a176-43b0-b9dd-19c053dfd458,e8dad4a8-eb93-4931-91f5-d8fb5d7dd529,https://ballotpedia.org/Jordan_Conley,"In his Ballotpedia Candidate Connection survey, Conley states he will ""fight for national universal health care"" and, failing that, pursue a state-level universal health care system for Hawaii funded by an empty-homes tax, visitor tax, and direct negotiation with hospitals — a fully public, government-run model matching the most expansive chair.",
VERIFY,bio-only:unverified,Jordan Conley,-150106,(none),(not seated),f,t,Taxation and Public Spending,1.0,,4,4,t,c70f5297-a176-43b0-b9dd-19c053dfd458,f7e5678d-dadd-4556-a2fc-446e24642ceb,https://ballotpedia.org/Jordan_Conley,"Conley lists ""taxing the rich"" among the public policy areas he is personally passionate about in his Ballotpedia survey, alongside living wage and universal social programs, indicating support for significantly raising taxes on the wealthy to fund public services.",
RETIRE_NOW,bio-only:party-prior-language,Jordan Conley,-150106,(none),(not seated),f,t,Ukraine - Russia Conflict,5.0,,4,4,t,c70f5297-a176-43b0-b9dd-19c053dfd458,24e9212c-b011-422a-865c-093e35050901,https://ballotpedia.org/Jordan_Conley,"Conley's survey answer describes himself and his party as ""anti war to the core"" and states there is ""no reason we should be all over the world occupying other people's countries,"" with a goal of withdrawing from confrontation and building partnerships with nearly all countries. While Ukraine is not named specifically, this general non-interventionist foreign-policy stance — his own stated words, not a party-platform inference — points toward ending U.S. military involvement in foreign conflicts entirely.",
RETIRE_NOW,no-context,Karen Lang,-4983470001,ut,Mayor,t,t,City Sanitation and Cleanliness,4.0,,4,4,t,77e58dd9-86af-4fc2-8286-d2d49b0e3d49,7687de4f-4d0b-462a-b803-bdfb23b16b42,,"",
RETIRE_NOW,no-context,Karen Lang,-4983470001,ut,Mayor,t,t,Economic Development Incentives,3.0,,4,4,t,77e58dd9-86af-4fc2-8286-d2d49b0e3d49,eb3d1247-0de1-4b7f-baec-7259861efd53,,"",
RETIRE_NOW,no-context,Karen Lang,-4983470001,ut,Mayor,t,t,Local Immigration Enforcement,2.0,,4,4,t,77e58dd9-86af-4fc2-8286-d2d49b0e3d49,b9ccee94-ad96-4f10-b655-889d8e5abe92,,"",
RETIRE_NOW,no-context,Karen Lang,-4983470001,ut,Mayor,t,t,Public Safety Approach,4.0,,4,4,t,77e58dd9-86af-4fc2-8286-d2d49b0e3d49,e9ebefcd-c496-45e8-b816-a79f8442ba85,,"",
RETIRE_NOW,no-context,Karen McCandless,-337381,ut,Mayor,t,f,Affordable Housing,4.0,,4,4,t,795e3171-c49a-435e-b0af-0b4c3e31945e,669cac97-66a6-4087-b036-936fbe62efb3,,"",2026-05-30 13:55:02.323906+00
RETIRE_NOW,no-context,Karen McCandless,-337381,ut,Mayor,t,f,Growth and Development Pace,3.0,,4,4,t,795e3171-c49a-435e-b0af-0b4c3e31945e,fb25c1ac-91cc-49bf-8afc-c7fa22ef45e4,,"",2026-05-30 13:55:02.323906+00
RETIRE_NOW,no-context,Karen McCandless,-337381,ut,Mayor,t,f,Residential Zoning,3.0,,4,4,t,795e3171-c49a-435e-b0af-0b4c3e31945e,d4f18138-a2e0-4110-b925-7387d9d0d16d,,"",2026-05-30 13:55:02.323906+00
RETIRE_NOW,no-context,Karen McCandless,-337381,ut,Mayor,t,f,Transportation Priorities,3.0,,4,4,t,795e3171-c49a-435e-b0af-0b4c3e31945e,ba59337e-30e2-4aba-a39a-426b3366eb27,,"",2026-05-30 13:55:02.323906+00
RETIRE_NOW,no-context,Kayleen Whitelock,-4982950004,ut,Council Member At-Large,t,t,Affordable Housing,3.0,,4,4,t,631295af-a9da-4359-bbe4-c10a0582d6d3,669cac97-66a6-4087-b036-936fbe62efb3,,"",
RETIRE_NOW,no-context,Kayleen Whitelock,-4982950004,ut,Council Member At-Large,t,t,Growth and Development Pace,2.0,,4,4,t,631295af-a9da-4359-bbe4-c10a0582d6d3,fb25c1ac-91cc-49bf-8afc-c7fa22ef45e4,,"",
RETIRE_NOW,no-context,Kayleen Whitelock,-4982950004,ut,Council Member At-Large,t,t,Residential Zoning,2.0,,4,4,t,631295af-a9da-4359-bbe4-c10a0582d6d3,d4f18138-a2e0-4110-b925-7387d9d0d16d,,"",
RETIRE_NOW,no-context,Kayleen Whitelock,-4982950004,ut,Council Member At-Large,t,t,Taxation and Public Spending,4.0,,4,4,t,631295af-a9da-4359-bbe4-c10a0582d6d3,f7e5678d-dadd-4556-a2fc-446e24642ceb,,"",
VERIFY,bio-only:unverified,Kevin Burge,-4812401,(none),(not seated),f,t,Childcare Affordability & Access,2.0,,4,4,t,a43e7500-33dd-49aa-8b56-ad4c30aef249,c1ac1330-47f7-44ec-baf3-c913d926b97c,https://ballotpedia.org/Kevin_Burge_(Texas),"His survey names child care as a top affordability concern and pledges to ""fund programs such as Universal Pre-K"" -- significantly expanding childcare/early-education support.",
VERIFY,bio-only:unverified,Kevin Burge,-4812401,(none),(not seated),f,t,Healthcare Access,2.0,,4,4,t,a43e7500-33dd-49aa-8b56-ad4c30aef249,e8dad4a8-eb93-4931-91f5-d8fb5d7dd529,https://ballotpedia.org/Kevin_Burge_(Texas),"His survey lists ""Universal Healthcare"" among the affordability priorities he is passionate about -- guaranteeing affordable coverage for everyone.",
VERIFY,bio-only:unverified,Kevin Burge,-4812401,(none),(not seated),f,t,Immigration and Treatment of Immigrants,2.0,,4,4,t,a43e7500-33dd-49aa-8b56-ad4c30aef249,4e2c69ce-591e-4197-9cd5-7aceff79d390,https://ballotpedia.org/Kevin_Burge_(Texas),"His survey's immigration-reform agenda is ""Cracking down on ICE abuses, Funding Immigration Judges, Revamping Work Visas"" -- a welcoming, reform-oriented posture.",
VERIFY,bio-only:unverified,Kevin Burge,-4812401,(none),(not seated),f,t,United States Tariff Policy,2.0,,4,4,t,a43e7500-33dd-49aa-8b56-ad4c30aef249,683c8084-2281-4920-a07c-18439b2dd413,https://ballotpedia.org/Kevin_Burge_(Texas),"His survey pledges to ""roll back Trump's Tariffs and their inflationary effects"" and lists ""Canceling Blanket Tariffs"" among his foreign-policy priorities -- reducing the across-the-board tariffs that raise costs.",
RETIRE_NOW,no-context,Kristen Chevrier,-337616,ut,State Representative District 54,t,t,Deportation Priorities,5.0,,4,4,t,596c0496-20ba-41f6-8b9a-f511bc7c2de8,44905f3b-e105-4f6c-afc7-5d223813dbac,,"",
RETIRE_NOW,no-context,Kristen Chevrier,-337616,ut,State Representative District 54,t,t,Local Immigration Enforcement,5.0,,4,4,t,596c0496-20ba-41f6-8b9a-f511bc7c2de8,b9ccee94-ad96-4f10-b655-889d8e5abe92,,"",
RETIRE_NOW,no-context,Kristen Chevrier,-337616,ut,State Representative District 54,t,t,Taxation and Public Spending,4.0,,4,4,t,596c0496-20ba-41f6-8b9a-f511bc7c2de8,f7e5678d-dadd-4556-a2fc-446e24642ceb,,"",
RETIRE_NOW,no-context,Kristen Chevrier,-337616,ut,State Representative District 54,t,t,Voting Rights and Electoral Integrity,4.0,,4,4,t,596c0496-20ba-41f6-8b9a-f511bc7c2de8,d1792200-1d3b-4955-a0b7-0e6980d7a7b2,,"",
VERIFY,bio-only:unverified,Mark Nair,-4811301,(none),(not seated),f,t,Artificial Intelligence Oversight,3.0,,4,4,t,6a2d6591-432c-48cc-920a-085a51a01d74,666bf03d-81fc-4138-ab15-69ae734c9023,https://ballotpedia.org/Mark_Nair,"His survey warns that ""We need serious oversight and regulation on AI before it is too late"" and pledges to stop giant tech firms' manipulation of media -- requiring oversight and accountability of AI.",
VERIFY,bio-only:unverified,Mark Nair,-4811301,(none),(not seated),f,t,Campaign Finance Reform,2.0,,4,4,t,6a2d6591-432c-48cc-920a-085a51a01d74,92730f69-ae57-401c-8ad1-2d07834a895d,https://ballotpedia.org/Mark_Nair,"His survey pledges to ""remove the disastrous effects of corporate and dark money from our elections"" plus bans on congressional stock trading -- strictly limiting corporate and dark-money influence.",
VERIFY,bio-only:unverified,Mark Nair,-4811301,(none),(not seated),f,t,Healthcare Access,2.0,,4,4,t,6a2d6591-432c-48cc-920a-085a51a01d74,e8dad4a8-eb93-4931-91f5-d8fb5d7dd529,https://ballotpedia.org/Mark_Nair,"His platform seeks to ""secure PEOPLE's healthcare as a right, and not a privilege"" via ""a national health care plan"" that separates coverage from employment -- guaranteeing affordable coverage through a public plan.",
VERIFY,bio-only:unverified,Mark Nair,-4811301,(none),(not seated),f,t,United States Tariff Policy,2.0,,4,4,t,6a2d6591-432c-48cc-920a-085a51a01d74,683c8084-2281-4920-a07c-18439b2dd413,https://ballotpedia.org/Mark_Nair,"His survey and platform call to reclaim Congress's tariff authority and lower ""tariff inflation,"" calling the current ""haphazard tariffs ... the largest tax increase Americans have ever seen"" -- reducing tariffs to ease costs.",
RETIRE_NOW,no-context,Matt MacPherson,-337505,ut,State Representative District 26,t,t,Civil Rights and Social Justice,5.0,,4,4,t,ad15088a-caab-4234-ad12-a1aa0d148d5b,0bc588c6-39e1-4084-b5de-cac909b8b762,,"",
RETIRE_NOW,no-context,Matt MacPherson,-337505,ut,State Representative District 26,t,t,Deportation Priorities,5.0,,4,4,t,ad15088a-caab-4234-ad12-a1aa0d148d5b,44905f3b-e105-4f6c-afc7-5d223813dbac,,"",
RETIRE_NOW,no-context,Matt MacPherson,-337505,ut,State Representative District 26,t,t,Local Immigration Enforcement,5.0,,4,4,t,ad15088a-caab-4234-ad12-a1aa0d148d5b,b9ccee94-ad96-4f10-b655-889d8e5abe92,,"",
RETIRE_NOW,no-context,Matt MacPherson,-337505,ut,State Representative District 26,t,t,Taxation and Public Spending,4.0,,4,4,t,ad15088a-caab-4234-ad12-a1aa0d148d5b,f7e5678d-dadd-4556-a2fc-446e24642ceb,,"",
VERIFY,bio-only:unverified,May Nivar,-5120057,va,Delegate,t,t,Healthcare Access,2.0,,4,4,t,191ee4e1-1514-4567-8fd4-8308e3b88bb0,e8dad4a8-eb93-4931-91f5-d8fb5d7dd529,https://ballotpedia.org/May_Nivar,"2025 Candidate Connection survey: Healthcare should be a right, not a privilege. I'm committed to lowering healthcare costs, improving quality, and ensuring accessibility for everyone.",
VERIFY,bio-only:unverified,May Nivar,-5120057,va,Delegate,t,t,Medicare / Medicaid,2.0,,4,4,t,191ee4e1-1514-4567-8fd4-8308e3b88bb0,cab61e8a-64fe-4bbd-bc08-fe9914d0091b,https://ballotpedia.org/May_Nivar,"2025 Candidate Connection survey: Explicitly supports Medicaid expansion — Over 600,000 Virginians have gained coverage through Medicaid expansion. Supports expanding and protecting Medicaid.",
VERIFY,bio-only:unverified,May Nivar,-5120057,va,Delegate,t,t,Reproductive Rights and Abortion Access,2.0,,4,4,t,191ee4e1-1514-4567-8fd4-8308e3b88bb0,af2fdfd6-02c4-49df-b09c-cf8536f4773f,https://ballotpedia.org/May_Nivar,"2025 Candidate Connection survey: I strongly support access to safe and legal abortions, contraception, and IVF — I believe we must defend a woman's right to make personal healthcare decisions for herself. Newly elected November 2025 Democrat.",
VERIFY,bio-only:unverified,May Nivar,-5120057,va,Delegate,t,t,School Vouchers & Public Education Funding,1.0,,4,4,t,191ee4e1-1514-4567-8fd4-8308e3b88bb0,00b95a6a-75db-4521-b523-3326bba938de,https://ballotpedia.org/May_Nivar,2025 Candidate Connection survey: I am committed to strengthening our public education system and fully funding our public schools — prioritizing public school funding and eliminating vouchers that divert taxpayer money.,
VERIFY,bio-only:unverified,Shaun Finnie,-4810201,(none),(not seated),f,t,Medicare / Medicaid,3.0,,4,4,t,3ba8b305-a52d-4d01-b007-53054c0c06b2,cab61e8a-64fe-4bbd-bc08-fe9914d0091b,https://ballotpedia.org/Shaun_Finnie,"His campaign website pledges to ""Protect the Social Security, Medicare, and Medicaid benefits of middle-class Americans from any potential cuts"" -- maintaining current Medicare/Medicaid programs rather than privatizing or reducing them.",
VERIFY,bio-only:unverified,Shaun Finnie,-4810201,(none),(not seated),f,t,Reproductive Rights and Abortion Access,2.0,,4,4,t,3ba8b305-a52d-4d01-b007-53054c0c06b2,af2fdfd6-02c4-49df-b09c-cf8536f4773f,https://ballotpedia.org/Shaun_Finnie,"His campaign website states he will ""Ensure that women have the right to make their own healthcare decisions"" -- supporting legal, accessible abortion as a personal-autonomy matter.",
VERIFY,bio-only:unverified,Shaun Finnie,-4810201,(none),(not seated),f,t,Social Security,3.0,,4,4,t,3ba8b305-a52d-4d01-b007-53054c0c06b2,87d20824-a6e9-407b-983c-65440084a0ab,https://ballotpedia.org/Shaun_Finnie,"His campaign website pledges to ""Protect the Social Security, Medicare, and Medicaid benefits of middle-class Americans from any potential cuts"" -- preserving the program at current levels rather than expanding or cutting it.",
VERIFY,bio-only:unverified,Shaun Finnie,-4810201,(none),(not seated),f,t,United States Tariff Policy,1.0,,4,4,t,3ba8b305-a52d-4d01-b007-53054c0c06b2,683c8084-2281-4920-a07c-18439b2dd413,https://ballotpedia.org/Shaun_Finnie,"His campaign website priorities call to ""Remove the Republicans' consumption tax (i.e. - Tariffs)"" -- opposing tariffs outright in favor of free trade.",
RETIRE_NOW,no-context,Steve Kemp,-4965330005,ut,City Council Member,t,t,Affordable Housing,4.0,,4,4,t,cfe863fb-13aa-47cf-ab3a-84627a66cc71,669cac97-66a6-4087-b036-936fbe62efb3,,"",
RETIRE_NOW,no-context,Steve Kemp,-4965330005,ut,City Council Member,t,t,Economic Development Incentives,4.0,,4,4,t,cfe863fb-13aa-47cf-ab3a-84627a66cc71,eb3d1247-0de1-4b7f-baec-7259861efd53,,"",
RETIRE_NOW,no-context,Steve Kemp,-4965330005,ut,City Council Member,t,t,Environmental Protection vs. Development,3.0,,4,4,t,cfe863fb-13aa-47cf-ab3a-84627a66cc71,1935979c-b290-42e4-baa5-8cb0138b4ffa,,"",
RETIRE_NOW,no-context,Steve Kemp,-4965330005,ut,City Council Member,t,t,Residential Zoning,4.0,,4,4,t,cfe863fb-13aa-47cf-ab3a-84627a66cc71,d4f18138-a2e0-4110-b925-7387d9d0d16d,,"",
RETIRE_NOW,no-context,Susan Nicastro,-250900005,ma,City Councilor (Ward 4),t,t,Criminalization of Homelessness,2.0,,4,4,t,c504b068-cf7f-4feb-94cf-5dac02c77a87,4938766b-b45a-46e3-93bd-b8b30651271a,,"",2026-07-06 17:11:57.823961+00
RETIRE_NOW,no-context,Susan Nicastro,-250900005,ma,City Councilor (Ward 4),t,t,Environmental Protection vs. Development,2.0,,4,4,t,c504b068-cf7f-4feb-94cf-5dac02c77a87,1935979c-b290-42e4-baa5-8cb0138b4ffa,,"",2026-07-06 17:11:57.823961+00
RETIRE_NOW,no-context,Susan Nicastro,-250900005,ma,City Councilor (Ward 4),t,t,Fossil Fuel Policy,2.0,,4,4,t,c504b068-cf7f-4feb-94cf-5dac02c77a87,a22215c3-6693-4bc2-b248-01aebba14570,,"",2026-07-06 17:11:57.823961+00
RETIRE_NOW,no-context,Susan Nicastro,-250900005,ma,City Councilor (Ward 4),t,t,Homelessness Response,2.0,,4,4,t,c504b068-cf7f-4feb-94cf-5dac02c77a87,6fbf39ae-6b19-4182-b4c2-6a8d25c86c0f,,"",2026-07-06 17:11:57.823961+00
VERIFY,bio-only:unverified,Tanya Lloyd,-4812701,(none),(not seated),f,t,Childcare Affordability & Access,2.0,,4,4,t,037ad139-73da-4ab5-9998-cc360c06fd64,c1ac1330-47f7-44ec-baf3-c913d926b97c,https://ballotpedia.org/Tanya_Lloyd,"Her survey pledges to fight for ""expanding access to childcare"" to lower costs for working families -- significantly expanding childcare affordability.",
VERIFY,bio-only:unverified,Tanya Lloyd,-4812701,(none),(not seated),f,t,Healthcare Access,2.0,,4,4,t,037ad139-73da-4ab5-9998-cc360c06fd64,e8dad4a8-eb93-4931-91f5-d8fb5d7dd529,https://ballotpedia.org/Tanya_Lloyd,"Her survey pledges to fight for ""affordable healthcare, reducing prescription drug prices"" and ""strengthening rural healthcare access"" with investments in rural hospitals -- guaranteeing affordable coverage.",
VERIFY,bio-only:unverified,Tanya Lloyd,-4812701,(none),(not seated),f,t,Reproductive Rights and Abortion Access,2.0,,4,4,t,037ad139-73da-4ab5-9998-cc360c06fd64,af2fdfd6-02c4-49df-b09c-cf8536f4773f,https://ballotpedia.org/Tanya_Lloyd,"Her survey commits to ""protecting reproductive freedom,"" and her campaign describes how her daughter's premature birth ""reshaped how she looked at abortion and women's healthcare"" -- supporting legal, accessible reproductive care.",
VERIFY,bio-only:unverified,Tanya Lloyd,-4812701,(none),(not seated),f,t,School Vouchers & Public Education Funding,1.0,,4,4,t,037ad139-73da-4ab5-9998-cc360c06fd64,00b95a6a-75db-4521-b523-3326bba938de,https://ballotpedia.org/Tanya_Lloyd,"A 20-year public school teacher, her survey pledges to ""fully fund public schools, defend the U.S. Department of Education, oppose voucher programs that divert public dollars to private interests"" -- fully funding public schools and eliminating vouchers.",
VERIFY,bio-only:unverified,Todd E. Pillion,-5110006,va,Senator,t,t,Fossil Fuel Policy,5.0,,4,4,t,eb7293ae-8a9d-4ae4-8deb-a32aa43e2c99,a22215c3-6693-4bc2-b248-01aebba14570,https://ballotpedia.org/Todd_Pillion,"Pillion's 2017 campaign website stated: 'Coal: I will fight to stop job-killing regulations and taxes. I believe that coal is not only critical to our economy, but is also an important part of our culture and way of life. I plan to fight for our coal industry by working at the state level to stand up to the EPA and the Obama Administration.' This explicit commitment to fighting EPA regulations on coal to maximize extraction aligns with value 5 (remove environmental restrictions and maximize fossil fuel extraction).",
VERIFY,bio-only:unverified,Todd E. Pillion,-5110006,va,Senator,t,t,Healthcare Access,4.0,,4,4,t,eb7293ae-8a9d-4ae4-8deb-a32aa43e2c99,e8dad4a8-eb93-4931-91f5-d8fb5d7dd529,https://ballotpedia.org/Todd_Pillion,"Pillion's 2017 campaign website stated: 'Healthcare: I am opposed to expanding Obamacare in Virginia. Obamacare has been a disaster since day 1, and more of it just doesn''t make sense. As a healthcare professional, I see the negative effects of this new program each and every day. I will support legislation that allows the private sector to grow in order to drive the price of premiums down.' Opposition to ACA expansion with focus on private sector solutions aligns with value 4.",
VERIFY,bio-only:unverified,Todd E. Pillion,-5110006,va,Senator,t,t,Religious Freedom,4.0,,4,4,t,eb7293ae-8a9d-4ae4-8deb-a32aa43e2c99,6b9ba6d9-1001-43f5-b073-4d37130696fd,https://ballotpedia.org/Todd_Pillion,"Pillion's 2017 campaign website stated under 'Life and Traditional Values': 'I will stand up for our traditional values in Richmond. I will work to protect life, preserve marriage, and protect our children''s right to pray when they are in school.' Protection of prayer in schools and preservation of marriage aligns with value 4 (protect religious freedom and allow faith-based exemptions from laws that conflict with sincere religious beliefs).",
VERIFY,bio-only:unverified,Todd E. Pillion,-5110006,va,Senator,t,t,Taxation and Public Spending,4.0,,4,4,t,eb7293ae-8a9d-4ae4-8deb-a32aa43e2c99,f7e5678d-dadd-4556-a2fc-446e24642ceb,https://ballotpedia.org/Todd_Pillion,"Pillion's 2017 campaign website stated: 'Jobs and the Economy: As a small business owner, I understand how over-regulation is suffocating businesses across Southwest Virginia and the Commonwealth. Virginia has one of the highest corporate tax rates in the country. As Delegate, I will fight to oppose such taxes and regulations.' This anti-tax position aligns with value 4 (cut taxes for everyone and scale back public services to match).",
VERIFY,bio-only:unverified,Vincent Dixie,-470702,(none),(not seated),f,t,Affordable Housing,2.0,,4,4,t,830d155a-394e-463c-999d-bcf154460225,669cac97-66a6-4087-b036-936fbe62efb3,https://ballotpedia.org/Vincent_Dixie,"Dixie's survey pledges to ""stop corporate landlords from driving up rents, expand access to affordable housing, and make sure every family has a fair shot at owning a home,"" calling Wall Street hedge funds buying up housing blocks ""a rigged game.""",
VERIFY,bio-only:unverified,Vincent Dixie,-470702,(none),(not seated),f,t,Childcare Affordability & Access,2.0,,4,4,t,830d155a-394e-463c-999d-bcf154460225,c1ac1330-47f7-44ec-baf3-c913d926b97c,https://ballotpedia.org/Vincent_Dixie,"Dixie's survey pledges to ""push for policies that lower childcare costs, support childcare providers, and make sure every parent can go to work knowing their kids are safe and cared for.""",
VERIFY,bio-only:unverified,Vincent Dixie,-470702,(none),(not seated),f,t,Healthcare Access,2.0,,4,4,t,830d155a-394e-463c-999d-bcf154460225,e8dad4a8-eb93-4931-91f5-d8fb5d7dd529,https://ballotpedia.org/Vincent_Dixie,"Dixie's survey pledges to lower drug costs and ""expand coverage so nobody goes bankrupt just because they get sick,"" framed around protecting and building on existing public programs rather than replacing the insurance system entirely.",
VERIFY,bio-only:unverified,Vincent Dixie,-470702,(none),(not seated),f,t,Medicare / Medicaid,2.0,,4,4,t,830d155a-394e-463c-999d-bcf154460225,cab61e8a-64fe-4bbd-bc08-fe9914d0091b,https://ballotpedia.org/Vincent_Dixie,"In his 2025 Ballotpedia Candidate Connection survey, Dixie pledges to ""fight cuts to Medicare and Medicaid"" and ""protect Medicare and Medicaid, and expand coverage so nobody goes bankrupt just because they get sick.""",
RETIRE_NOW,no-context,Zach Jacob,-4982950013,ut,Council Member District 3,t,t,Affordable Housing,3.0,,4,4,t,0f3d8e3c-378f-40a8-842a-12807fece9bf,669cac97-66a6-4087-b036-936fbe62efb3,,"",
RETIRE_NOW,no-context,Zach Jacob,-4982950013,ut,Council Member District 3,t,t,Growth and Development Pace,3.0,,4,4,t,0f3d8e3c-378f-40a8-842a-12807fece9bf,fb25c1ac-91cc-49bf-8afc-c7fa22ef45e4,,"",
RETIRE_NOW,no-context,Zach Jacob,-4982950013,ut,Council Member District 3,t,t,Public Safety Approach,4.0,,4,4,t,0f3d8e3c-378f-40a8-842a-12807fece9bf,e9ebefcd-c496-45e8-b816-a79f8442ba85,,"",
RETIRE_NOW,no-context,Zach Jacob,-4982950013,ut,Council Member District 3,t,t,Residential Zoning,3.0,,4,4,t,0f3d8e3c-378f-40a8-842a-12807fece9bf,d4f18138-a2e0-4110-b925-7387d9d0d16d,,"",
VERIFY,bio-only:unverified,Amy J. Laufer,-5120055,va,Delegate,t,t,Climate Change and Environmental Protection,3.0,,3,3,t,80b9fe48-9f8c-4585-91ab-4d0ed1bc2229,f1e44d66-5d27-4b51-b54f-b7ace86f6a3c,https://ballotpedia.org/Amy_Laufer,"Ballotpedia 2019 survey: advocates for investing in renewable energy infrastructure to protect the environment and stimulate economic growth by creating new jobs — invest in clean energy while gradually reducing fossil fuel reliance, not declaring emergency.",
VERIFY,bio-only:unverified,Amy J. Laufer,-5120055,va,Delegate,t,t,Healthcare Access,2.0,,3,3,t,80b9fe48-9f8c-4585-91ab-4d0ed1bc2229,e8dad4a8-eb93-4931-91f5-d8fb5d7dd529,https://ballotpedia.org/Amy_Laufer,Ballotpedia 2019 survey: states everyone needs access to affordable healthcare and is invested in ensuring protections for people with pre-existing conditions — make sure everyone has affordable coverage through public programs and regulated private insurance.,
VERIFY,bio-only:unverified,Amy J. Laufer,-5120055,va,Delegate,t,t,Reproductive Rights and Abortion Access,2.0,,3,3,t,80b9fe48-9f8c-4585-91ab-4d0ed1bc2229,af2fdfd6-02c4-49df-b09c-cf8536f4773f,https://ballotpedia.org/Amy_Laufer,Ballotpedia 2019 survey: states she is deeply concerned about preserving women's reproductive rights in Virginia — keep abortion legal and accessible.,
VERIFY,bio-only:unverified,Amy Roma,-511102,(none),(not seated),f,t,Affordable Housing,3.0,,3,3,t,f56ed171-b3d4-4c5a-b887-5bca5f1c3108,669cac97-66a6-4087-b036-936fbe62efb3,https://ballotpedia.org/Amy_Roma,"In her Ballotpedia campaign survey, Roma states she wants to bring down housing costs through 'smarter investment and zoning reform,' combining targeted public investment with permitting/zoning changes rather than either large-scale public housing construction or pure market deregulation.",
VERIFY,bio-only:unverified,Amy Roma,-511102,(none),(not seated),f,t,Climate Change and Environmental Protection,3.0,,3,3,t,f56ed171-b3d4-4c5a-b887-5bca5f1c3108,f1e44d66-5d27-4b51-b54f-b7ace86f6a3c,https://ballotpedia.org/Amy_Roma,"Roma's campaign platform (Ballotpedia Candidate Connection survey) lists clean energy as a top priority, specifically modernizing the electric grid and accelerating deployment of nuclear and renewable energy with union labor -- consistent with investing in clean energy while gradually transitioning away from fossil fuels, rather than declaring an emergency/ban or leaving the transition to market forces alone.",
VERIFY,bio-only:unverified,Amy Roma,-511102,(none),(not seated),f,t,Medicare / Medicaid,2.0,,3,3,t,f56ed171-b3d4-4c5a-b887-5bca5f1c3108,cab61e8a-64fe-4bbd-bc08-fe9914d0091b,https://ballotpedia.org/Amy_Roma,"Roma's Ballotpedia Candidate Connection survey lists protecting and expanding Medicare, Medicaid, and home- and community-based services (HCBS) as a core campaign priority, motivated by her sister's disability. This emphasis on defending and growing HCBS access (a Medicaid-funded program for people with disabilities) aligns most closely with significantly expanding Medicaid coverage rather than mere cost-control maintenance of current programs.",
VERIFY,bio-only:unverified,Anthony Constantino,-3612101,(none),(not seated),f,t,Healthcare Access,4.0,,3,3,t,9e9c0393-0df6-4c19-af92-522b6f1afd14,e8dad4a8-eb93-4931-91f5-d8fb5d7dd529,https://ballotpedia.org/Anthony_Constantino,"His Ballotpedia Candidate Connection survey says he wants to ""stop the endless debate about making [healthcare] free to focus on innovation and delivering better outcomes"" -- a market-oriented, limited-government approach.",
VERIFY,bio-only:unverified,Anthony Constantino,-3612101,(none),(not seated),f,t,Immigration and Treatment of Immigrants,4.0,,3,3,t,9e9c0393-0df6-4c19-af92-522b6f1afd14,4e2c69ce-591e-4197-9cd5-7aceff79d390,https://ballotpedia.org/Anthony_Constantino,"His Ballotpedia Candidate Connection survey lists illegal immigration as a passion, citing ""how much pain and suffering open borders caused the United States"" -- making immigration harder and tightening the border.",
VERIFY,bio-only:unverified,Anthony Constantino,-3612101,(none),(not seated),f,t,Misinformation and the Role of Algorithms in Democracy,4.0,,3,3,t,9e9c0393-0df6-4c19-af92-522b6f1afd14,ddd65d64-9dc7-4208-a30f-59f4b9c0653d,https://ballotpedia.org/Anthony_Constantino,"His Ballotpedia Candidate Connection survey touts building ""a free speech social network when Democrats tried to take away free speech by censoring the Internet"" -- protecting free speech online and preventing government censorship.",
VERIFY,bio-only:unverified,Bobby Pulido,-4811501,(none),(not seated),f,t,Healthcare Access,2.0,,3,3,t,c4695cd1-c251-4c00-ab4e-b84a898b9661,e8dad4a8-eb93-4931-91f5-d8fb5d7dd529,https://ballotpedia.org/Bobby_Pulido,"His survey says ""healthcare should be affordable and accessible"" and pledges to ""strengthen clinics and rural hospitals, expand mental health access, and lower prescription drug prices"" -- affordable coverage through strengthened public/regulated programs.",
VERIFY,bio-only:unverified,Bobby Pulido,-4811501,(none),(not seated),f,t,Immigration and Treatment of Immigrants,3.0,,3,3,t,c4695cd1-c251-4c00-ab4e-b84a898b9661,4e2c69ce-591e-4197-9cd5-7aceff79d390,https://ballotpedia.org/Bobby_Pulido,"His survey calls to ""Secure the Border. Fix Immigration with Common Sense"" -- supporting border security and stopping trafficking ""while also fixing legal pathways and restoring order"" -- a balanced enforcement-plus-reform middle position.",
VERIFY,bio-only:unverified,Bobby Pulido,-4811501,(none),(not seated),f,t,United States Tariff Policy,2.0,,3,3,t,c4695cd1-c251-4c00-ab4e-b84a898b9661,683c8084-2281-4920-a07c-18439b2dd413,https://ballotpedia.org/Bobby_Pulido,"His campaign platform says ""Tariffs and trade wars are driving up costs and closing off opportunities"" and calls for ""fair and open trade"" for farmers and ranchers -- reducing tariffs while keeping trade fair.",
VERIFY,bio-only:unverified,Bonita G. Anthony,-5120092,va,Delegate,t,t,Affordable Housing,2.0,,3,3,t,fe47cdc4-c16b-446c-b674-82fdc074370d,669cac97-66a6-4087-b036-936fbe62efb3,https://ballotpedia.org/Bonita_Anthony,Sponsored bills reforming the Virginia Residential Landlord and Tenant Act to protect tenant records and restrict algorithmic pricing devices used by landlords — tenant protection focus.,
VERIFY,bio-only:unverified,Bonita G. Anthony,-5120092,va,Delegate,t,t,Healthcare Access,2.0,,3,3,t,fe47cdc4-c16b-446c-b674-82fdc074370d,e8dad4a8-eb93-4931-91f5-d8fb5d7dd529,https://ballotpedia.org/Bonita_Anthony,Sponsored legislation integrating community health workers into Medicaid managed care — expands affordable health coverage access for low-income Virginians.,
VERIFY,bio-only:unverified,Bonita G. Anthony,-5120092,va,Delegate,t,t,Reproductive Rights and Abortion Access,2.0,,3,3,t,fe47cdc4-c16b-446c-b674-82fdc074370d,af2fdfd6-02c4-49df-b09c-cf8536f4773f,https://ballotpedia.org/Bonita_Anthony,Cited the leaked Dobbs v. Jackson Women's Health Organization ruling as inspiring her to run specifically to protect abortion access in Virginia.,
RETIRE_NOW,no-context,Brian Santaniello,-256700014,ma,City Councilor,t,t,Growth and Development Pace,4.0,,3,3,t,d19a9e26-2ba1-4ea0-8bfe-ab69447ed769,fb25c1ac-91cc-49bf-8afc-c7fa22ef45e4,,"",2026-07-06 17:35:02.882983+00
RETIRE_NOW,no-context,Brian Santaniello,-256700014,ma,City Councilor,t,t,Public Safety Approach,4.0,,3,3,t,d19a9e26-2ba1-4ea0-8bfe-ab69447ed769,e9ebefcd-c496-45e8-b816-a79f8442ba85,,"",2026-07-06 17:35:02.882983+00
RETIRE_NOW,no-context,Brian Santaniello,-256700014,ma,City Councilor,t,t,Residential Zoning,2.0,,3,3,t,d19a9e26-2ba1-4ea0-8bfe-ab69447ed769,d4f18138-a2e0-4110-b925-7387d9d0d16d,,"",2026-07-06 17:35:02.882983+00
RETIRE_NOW,no-context,Brooke Christensen,-4967440011,ut,Council District 1,t,t,Local Immigration Enforcement,4.0,,3,3,t,a23c9b42-4f0c-4990-b0f1-db8bb3220178,b9ccee94-ad96-4f10-b655-889d8e5abe92,,"",
RETIRE_NOW,no-context,Brooke Christensen,-4967440011,ut,Council District 1,t,t,Public Safety Approach,4.0,,3,3,t,a23c9b42-4f0c-4990-b0f1-db8bb3220178,e9ebefcd-c496-45e8-b816-a79f8442ba85,,"",
RETIRE_NOW,no-context,Brooke Christensen,-4967440011,ut,Council District 1,t,t,Taxation and Public Spending,4.0,,3,3,t,a23c9b42-4f0c-4990-b0f1-db8bb3220178,f7e5678d-dadd-4556-a2fc-446e24642ceb,,"",
RETIRE_NOW,no-context,Brooke D'Sousa,-4967440002,ut,Council At-Large,t,t,Growth and Development Pace,3.0,,3,3,t,17d7b2e6-000b-422c-be49-8d33e67958b9,fb25c1ac-91cc-49bf-8afc-c7fa22ef45e4,,"",
RETIRE_NOW,no-context,Brooke D'Sousa,-4967440002,ut,Council At-Large,t,t,Public Safety Approach,4.0,,3,3,t,17d7b2e6-000b-422c-be49-8d33e67958b9,e9ebefcd-c496-45e8-b816-a79f8442ba85,,"",
RETIRE_NOW,no-context,Brooke D'Sousa,-4967440002,ut,Council At-Large,t,t,Taxation and Public Spending,4.0,,3,3,t,17d7b2e6-000b-422c-be49-8d33e67958b9,f7e5678d-dadd-4556-a2fc-446e24642ceb,,"",
VERIFY,bio-only:unverified,Bruce Starr,-4110012,or,Senator,t,t,Climate Change and Environmental Protection,5.0,,3,3,t,0c228d44-a876-4371-bdfd-13fdfd8ea9b6,f1e44d66-5d27-4b51-b54f-b7ace86f6a3c,https://ballotpedia.org/Bruce_Starr,Participated in May 2023 Senate Republican walkout opposing climate legislation; opposed clean energy mandates affecting Washington County businesses. https://ballotpedia.org/Bruce_Starr,
RETIRE_NOW,bio-only:party-prior-language,Bruce Starr,-4110012,or,Senator,t,t,Healthcare Access,4.0,,3,3,t,0c228d44-a876-4371-bdfd-13fdfd8ea9b6,e8dad4a8-eb93-4931-91f5-d8fb5d7dd529,https://ballotpedia.org/Bruce_Starr,Opposed government-run healthcare mandates; voted against Medicaid expansion requirements; Republican position on market-based healthcare. https://ballotpedia.org/Bruce_Starr,
VERIFY,bio-only:unverified,Bruce Starr,-4110012,or,Senator,t,t,Public Safety Approach,4.0,,3,3,t,0c228d44-a876-4371-bdfd-13fdfd8ea9b6,e9ebefcd-c496-45e8-b816-a79f8442ba85,https://ballotpedia.org/Bruce_Starr,Supported law enforcement funding and opposed Measure 110 drug decriminalization in 2024 session; backed tougher public safety measures. https://ballotpedia.org/Bruce_Starr,
VERIFY,bio-only:unverified,Bryce Nickel,-530102,(none),(not seated),f,t,Affordable Housing,1.0,,3,3,t,d2b0af22-bdc9-4ebf-ae71-3160b4592954,669cac97-66a6-4087-b036-936fbe62efb3,https://ballotpedia.org/Bryce_Nickel,"Ballotpedia Candidate Connection survey (2026) states housing is a fundamental human right and calls for a massive federal investment in large-scale public housing and community land trusts to build millions of affordable homes, alongside fully-funded Section 8 vouchers.",
VERIFY,bio-only:unverified,Bryce Nickel,-530102,(none),(not seated),f,t,Climate Change and Environmental Protection,2.0,,3,3,t,d2b0af22-bdc9-4ebf-ae71-3160b4592954,f1e44d66-5d27-4b51-b54f-b7ace86f6a3c,https://ballotpedia.org/Bryce_Nickel,"Calls for massive federal investment in green public transit and sustainable infrastructure specifically framed to combat climate change, going beyond incremental market-based approaches though without a stated fossil-fuel phase-out date.",
VERIFY,bio-only:unverified,Bryce Nickel,-530102,(none),(not seated),f,t,Taxation and Public Spending,1.0,,3,3,t,d2b0af22-bdc9-4ebf-ae71-3160b4592954,f7e5678d-dadd-4556-a2fc-446e24642ceb,https://ballotpedia.org/Bryce_Nickel,Survey response calls for instituting a federal wealth tax on billionaires and closing corporate loopholes to fund public services like tuition-free college and transit.,
RETIRE_NOW,no-context,Carla Darosa,-250900009,ma,City Councilor,t,t,Criminalization of Homelessness,4.0,,3,3,t,47c58f36-a2a2-4966-84e5-1ebd57e7684c,4938766b-b45a-46e3-93bd-b8b30651271a,,"",2026-07-06 16:41:39.509373+00
RETIRE_NOW,no-context,Carla Darosa,-250900009,ma,City Councilor,t,t,Growth and Development Pace,4.0,,3,3,t,47c58f36-a2a2-4966-84e5-1ebd57e7684c,fb25c1ac-91cc-49bf-8afc-c7fa22ef45e4,,"",2026-07-06 16:41:39.509373+00
RETIRE_NOW,no-context,Carla Darosa,-250900009,ma,City Councilor,t,t,Homelessness Response,3.0,,3,3,t,47c58f36-a2a2-4966-84e5-1ebd57e7684c,6fbf39ae-6b19-4182-b4c2-6a8d25c86c0f,,"",2026-07-06 16:41:39.509373+00
VERIFY,bio-only:unverified,Carmela Conroy,-530502,(none),(not seated),f,t,Healthcare Access,2.0,,3,3,t,dec5ed02-4f30-437d-a45e-b6fcbd241cbd,e8dad4a8-eb93-4931-91f5-d8fb5d7dd529,https://ballotpedia.org/Carmela_Conroy,Ballotpedia Candidate Connection survey (2024) calls for negotiating 'universal access to health care' as a cost-relief priority without proposing to eliminate private insurance.,
VERIFY,bio-only:unverified,Carmela Conroy,-530502,(none),(not seated),f,t,Reproductive Rights and Abortion Access,2.0,,3,3,t,dec5ed02-4f30-437d-a45e-b6fcbd241cbd,af2fdfd6-02c4-49df-b09c-cf8536f4773f,https://ballotpedia.org/Carmela_Conroy,"Survey states she will 'fight to codify our basic human rights' in response to the overturning of Roe v. Wade, aligning with restoring Roe-era legal abortion access rather than an unlimited or heavily restricted framework.",
VERIFY,bio-only:unverified,Carmela Conroy,-530502,(none),(not seated),f,t,Ukraine - Russia Conflict,2.0,,3,3,t,dec5ed02-4f30-437d-a45e-b6fcbd241cbd,24e9212c-b011-422a-865c-093e35050901,https://ballotpedia.org/Carmela_Conroy,"Criticizes congressional dysfunction for leaving 'our partners in Israel and Ukraine lack[ing] the means to defend themselves,' framing continued U.S. support for Ukraine as a responsibility Congress has failed to meet.",
VERIFY,bio-only:unverified,Chris Gober,-4811001,(none),(not seated),f,t,Immigration and Treatment of Immigrants,4.0,,3,3,t,02007d93-f874-4fd4-8c2e-acc2c8217586,4e2c69ce-591e-4197-9cd5-7aceff79d390,https://ballotpedia.org/Chris_Gober,"His survey's top message is to ""secure our border and crush the cartels on Day One by fully enforcing immigration laws"" and stopping illegal drug flows -- a restrictive, full-enforcement posture.",
VERIFY,bio-only:unverified,Chris Gober,-4811001,(none),(not seated),f,t,Taxation and Public Spending,4.0,,3,3,t,02007d93-f874-4fd4-8c2e-acc2c8217586,f7e5678d-dadd-4556-a2fc-446e24642ceb,https://ballotpedia.org/Chris_Gober,"His survey emphasizes ""ending reckless spending"" and attacking ""the waste and fraud that has exploded our debt"" while cutting ""burdensome regulations"" -- shrinking government spending and scaling back the federal footprint.",
VERIFY,bio-only:unverified,Chris Gober,-4811001,(none),(not seated),f,t,Voting Rights and Electoral Integrity,4.0,,3,3,t,02007d93-f874-4fd4-8c2e-acc2c8217586,d1792200-1d3b-4955-a0b7-0e6980d7a7b2,https://ballotpedia.org/Chris_Gober,"A longtime election-integrity attorney, his platform pledges to ""Defend election integrity by stopping Democrats' unconstitutional attempts to rig our elections"" -- prioritizing election-security measures.",
VERIFY,bio-only:unverified,Cliff Huffman,-470406,(none),(not seated),f,t,Healthcare Access,1.0,,3,3,t,c129d889-ab93-4f54-a2f9-9a63036223c9,e8dad4a8-eb93-4931-91f5-d8fb5d7dd529,https://ballotpedia.org/Cliff_Huffman,"Candidate Connection survey explicitly calls for ""Medicare for all,"" matching a fully public, government-run universal healthcare system.",
VERIFY,bio-only:unverified,Cliff Huffman,-470406,(none),(not seated),f,t,Medicare / Medicaid,1.0,,3,3,t,c129d889-ab93-4f54-a2f9-9a63036223c9,cab61e8a-64fe-4bbd-bc08-fe9914d0091b,https://ballotpedia.org/Cliff_Huffman,"Same survey answer explicitly calls for ""Medicare for all,"" matching expanding Medicare to cover everyone regardless of age.",
VERIFY,bio-only:unverified,Cliff Huffman,-470406,(none),(not seated),f,t,Taxation and Public Spending,2.0,,3,3,t,c129d889-ab93-4f54-a2f9-9a63036223c9,f7e5678d-dadd-4556-a2fc-446e24642ceb,https://ballotpedia.org/Cliff_Huffman,"Survey states ""rather than pander to the obscenely wealthy, we need to collect their fair share of taxes,"" matching a moderate tax increase on the wealthy rather than the current system with only loophole-closing.",
RETIRE_NOW,no-context,Craig Christensen,-4962470011,ut,Council District 1,t,t,Environmental Protection vs. Development,4.0,,3,3,t,e7802387-ec13-49fb-9abf-7c980f164623,1935979c-b290-42e4-baa5-8cb0138b4ffa,,"",
RETIRE_NOW,no-context,Craig Christensen,-4962470011,ut,Council District 1,t,t,Growth and Development Pace,3.0,,3,3,t,e7802387-ec13-49fb-9abf-7c980f164623,fb25c1ac-91cc-49bf-8afc-c7fa22ef45e4,,"",
RETIRE_NOW,no-context,Craig Christensen,-4962470011,ut,Council District 1,t,t,Residential Zoning,3.0,,3,3,t,e7802387-ec13-49fb-9abf-7c980f164623,d4f18138-a2e0-4110-b925-7387d9d0d16d,,"",
RETIRE_NOW,no-context,Dave Graf,-4955980014,ut,Council District 4,t,t,Affordable Housing,4.0,,3,3,t,0bfb8da5-9be2-4a29-899a-e839decb3a63,669cac97-66a6-4087-b036-936fbe62efb3,,"",
RETIRE_NOW,no-context,Dave Graf,-4955980014,ut,Council District 4,t,t,Economic Development Incentives,4.0,,3,3,t,0bfb8da5-9be2-4a29-899a-e839decb3a63,eb3d1247-0de1-4b7f-baec-7259861efd53,,"",
RETIRE_NOW,no-context,Dave Graf,-4955980014,ut,Council District 4,t,t,Homelessness Response,4.0,,3,3,t,0bfb8da5-9be2-4a29-899a-e839decb3a63,6fbf39ae-6b19-4182-b4c2-6a8d25c86c0f,,"",
VERIFY,bio-only:unverified,"David S. Kerr, Jr.",-470103,(none),(not seated),f,t,Campaign Finance Reform,2.0,,3,3,t,3ca720cb-e2bc-43e0-88c1-e1d7f387df3a,92730f69-ae57-401c-8ad1-2d07834a895d,https://ballotpedia.org/David_Kerr_Jr._(Tennessee),"Candidate Connection survey pledges to refuse PAC and foreign-government money and to not trade stocks in office, matching strict limits on corporate donations and dark money.",
VERIFY,bio-only:unverified,"David S. Kerr, Jr.",-470103,(none),(not seated),f,t,Healthcare Access,2.0,,3,3,t,3ca720cb-e2bc-43e0-88c1-e1d7f387df3a,e8dad4a8-eb93-4931-91f5-d8fb5d7dd529,https://ballotpedia.org/David_Kerr_Jr._(Tennessee),"Candidate Connection survey calls for restoring ACA coverage that Kerr says Republicans defunded and redirecting some military spending to healthcare, matching a mixed public-program-plus-regulated-private-insurance approach rather than a full single-payer system.",
VERIFY,bio-only:unverified,"David S. Kerr, Jr.",-470103,(none),(not seated),f,t,Reproductive Rights and Abortion Access,2.0,,3,3,t,3ca720cb-e2bc-43e0-88c1-e1d7f387df3a,af2fdfd6-02c4-49df-b09c-cf8536f4773f,https://ballotpedia.org/David_Kerr_Jr._(Tennessee),"Candidate Connection survey supports ""codifying women's rights into law"" in response to Tennessee's abortion restrictions, matching keeping abortion legal nationally (Roe-era framework) rather than public funding at all stages.",
VERIFY,bio-only:unverified,David Womack,-530511,(none),(not seated),f,t,Deportation Priorities,2.0,,3,3,t,3c724790-5982-466a-b9ab-659bd99c279e,44905f3b-e105-4f6c-afc7-5d223813dbac,https://ballotpedia.org/David_Womack,Same survey's pathway-to-citizenship-for-nonviolent-undocumented-immigrants position implies enforcement priority against violent offenders rather than blanket removal.,
VERIFY,bio-only:unverified,David Womack,-530511,(none),(not seated),f,t,Healthcare Access,2.0,,3,3,t,3c724790-5982-466a-b9ab-659bd99c279e,e8dad4a8-eb93-4931-91f5-d8fb5d7dd529,https://ballotpedia.org/David_Womack,"Ballotpedia Candidate Connection survey (2026), drawing on his career as a healthcare executive (Kaiser Permanente SVP, hospital CEO), calls for 'a rational, national health policy that provides coverage for all' while sustaining existing urban and rural hospitals rather than proposing single-payer.",
VERIFY,bio-only:unverified,David Womack,-530511,(none),(not seated),f,t,Immigration and Treatment of Immigrants,2.0,,3,3,t,3c724790-5982-466a-b9ab-659bd99c279e,4e2c69ce-591e-4197-9cd5-7aceff79d390,https://ballotpedia.org/David_Womack,Survey calls for 'effective border control with humane enforcement' paired with 'creating a pathway to citizenship for nonviolent undocumented immigrants.',
RETIRE_NOW,no-context,Dirk Burton,-4982950001,ut,Mayor,t,t,Economic Development Incentives,4.0,,3,3,t,f40770de-ec5a-4b84-9caf-ff5123722adb,eb3d1247-0de1-4b7f-baec-7259861efd53,,"",
RETIRE_NOW,no-context,Dirk Burton,-4982950001,ut,Mayor,t,t,Growth and Development Pace,3.0,,3,3,t,f40770de-ec5a-4b84-9caf-ff5123722adb,fb25c1ac-91cc-49bf-8afc-c7fa22ef45e4,,"",
RETIRE_NOW,no-context,Dirk Burton,-4982950001,ut,Mayor,t,t,Taxation and Public Spending,4.0,,3,3,t,f40770de-ec5a-4b84-9caf-ff5123722adb,f7e5678d-dadd-4556-a2fc-446e24642ceb,,"",
RETIRE_NOW,no-context,Don Christensen,-4983470002,ut,Council At-Large,t,t,Affordable Housing,3.0,,3,3,t,5f7958b9-2dc8-476c-9004-44d605681cad,669cac97-66a6-4087-b036-936fbe62efb3,,"",
RETIRE_NOW,no-context,Don Christensen,-4983470002,ut,Council At-Large,t,t,Homelessness Response,2.0,,3,3,t,5f7958b9-2dc8-476c-9004-44d605681cad,6fbf39ae-6b19-4182-b4c2-6a8d25c86c0f,,"",
RETIRE_NOW,no-context,Don Christensen,-4983470002,ut,Council At-Large,t,t,Residential Zoning,3.0,,3,3,t,5f7958b9-2dc8-476c-9004-44d605681cad,d4f18138-a2e0-4110-b925-7387d9d0d16d,,"",
RETIRE_NOW,no-context,Gary Garrett,-4962470003,ut,Council Citywide II,t,t,Economic Development Incentives,4.0,,3,3,t,f2f5f328-d35d-4e60-835f-71d553229162,eb3d1247-0de1-4b7f-baec-7259861efd53,,"",
RETIRE_NOW,no-context,Gary Garrett,-4962470003,ut,Council Citywide II,t,t,Residential Zoning,3.0,,3,3,t,f2f5f328-d35d-4e60-835f-71d553229162,d4f18138-a2e0-4110-b925-7387d9d0d16d,,"",
RETIRE_NOW,no-context,Gary Garrett,-4962470003,ut,Council Citywide II,t,t,Transportation Priorities,3.0,,3,3,t,f2f5f328-d35d-4e60-835f-71d553229162,ba59337e-30e2-4aba-a39a-426b3366eb27,,"",
RETIRE_NOW,no-context,Heather Newall,-4944320005,ut,City Council Member,t,t,Growth and Development Pace,2.0,,3,3,t,754e85c3-62c3-46e0-a209-2d10a1bff1e7,fb25c1ac-91cc-49bf-8afc-c7fa22ef45e4,,"",
RETIRE_NOW,no-context,Heather Newall,-4944320005,ut,City Council Member,t,t,Residential Zoning,2.0,,3,3,t,754e85c3-62c3-46e0-a209-2d10a1bff1e7,d4f18138-a2e0-4110-b925-7387d9d0d16d,,"",
RETIRE_NOW,no-context,Heather Newall,-4944320005,ut,City Council Member,t,t,Transportation Priorities,4.0,,3,3,t,754e85c3-62c3-46e0-a209-2d10a1bff1e7,ba59337e-30e2-4aba-a39a-426b3366eb27,,"",
RETIRE_NOW,no-context,Jake Sawyer,-333812,ut,State Representative District 9,t,t,Civil Rights and Social Justice,5.0,,3,3,t,96578195-c3dd-4f9a-b912-187dbb58c4ad,0bc588c6-39e1-4084-b5de-cac909b8b762,,"",
RETIRE_NOW,no-context,Jake Sawyer,-333812,ut,State Representative District 9,t,t,Taxation and Public Spending,4.0,,3,3,t,96578195-c3dd-4f9a-b912-187dbb58c4ad,f7e5678d-dadd-4556-a2fc-446e24642ceb,,"",
RETIRE_NOW,no-context,Jake Sawyer,-333812,ut,State Representative District 9,t,t,Voting Rights and Electoral Integrity,4.0,,3,3,t,96578195-c3dd-4f9a-b912-187dbb58c4ad,d1792200-1d3b-4955-a0b7-0e6980d7a7b2,,"",
RETIRE_NOW,no-context,Jeff Lambson,-375612,ut,City Council,t,f,Growth and Development Pace,3.0,,3,3,t,38ee2b93-2714-45a6-ae27-fa890410babc,fb25c1ac-91cc-49bf-8afc-c7fa22ef45e4,,"",2026-05-30 13:55:02.323906+00
RETIRE_NOW,no-context,Jeff Lambson,-375612,ut,City Council,t,f,Residential Zoning,3.0,,3,3,t,38ee2b93-2714-45a6-ae27-fa890410babc,d4f18138-a2e0-4110-b925-7387d9d0d16d,,"",2026-05-30 13:55:02.323906+00
RETIRE_NOW,no-context,Jeff Lambson,-375612,ut,City Council,t,f,Transportation Priorities,3.0,,3,3,t,38ee2b93-2714-45a6-ae27-fa890410babc,ba59337e-30e2-4aba-a39a-426b3366eb27,,"",2026-05-30 13:55:02.323906+00
RETIRE_NOW,no-context,Jeff Whitlock,-4962470012,ut,Council District 2,t,t,Environmental Protection vs. Development,2.0,,3,3,t,c4b69ac9-0715-463b-9059-2292a8b16738,1935979c-b290-42e4-baa5-8cb0138b4ffa,,"",
RETIRE_NOW,no-context,Jeff Whitlock,-4962470012,ut,Council District 2,t,t,Residential Zoning,4.0,,3,3,t,c4b69ac9-0715-463b-9059-2292a8b16738,d4f18138-a2e0-4110-b925-7387d9d0d16d,,"",
RETIRE_NOW,no-context,Jeff Whitlock,-4962470012,ut,Council District 2,t,t,Transportation Priorities,1.0,,3,3,t,c4b69ac9-0715-463b-9059-2292a8b16738,ba59337e-30e2-4aba-a39a-426b3366eb27,,"",
RETIRE_NOW,no-context,Jessica Wignall,-4982950002,ut,Council Member At-Large,t,t,Affordable Housing,3.0,,3,3,t,60b14820-34ec-4d65-9947-a3ec4224bd20,669cac97-66a6-4087-b036-936fbe62efb3,,"",
RETIRE_NOW,no-context,Jessica Wignall,-4982950002,ut,Council Member At-Large,t,t,Environmental Protection vs. Development,2.0,,3,3,t,60b14820-34ec-4d65-9947-a3ec4224bd20,1935979c-b290-42e4-baa5-8cb0138b4ffa,,"",
RETIRE_NOW,no-context,Jessica Wignall,-4982950002,ut,Council Member At-Large,t,t,Growth and Development Pace,3.0,,3,3,t,60b14820-34ec-4d65-9947-a3ec4224bd20,fb25c1ac-91cc-49bf-8afc-c7fa22ef45e4,,"",
VERIFY,bio-only:unverified,Joel Anabilah-Azumah,-3610901,(none),(not seated),f,t,Artificial Intelligence Oversight,4.0,,3,3,t,04000e04-4103-4334-ac0e-6aefb23af1cf,666bf03d-81fc-4138-ab15-69ae734c9023,https://ballotpedia.org/Joel_Anabilah-Azumah,"His Ballotpedia Candidate Connection survey pledges ""I will fight all attempts to outsource government functions to artificial intelligence. Humans must be in charge of governing other humans at all times"" -- banning high-risk AI uses in governance.",
VERIFY,bio-only:unverified,Joel Anabilah-Azumah,-3610901,(none),(not seated),f,t,Misinformation and the Role of Algorithms in Democracy,4.0,,3,3,t,04000e04-4103-4334-ac0e-6aefb23af1cf,ddd65d64-9dc7-4208-a30f-59f4b9c0653d,https://ballotpedia.org/Joel_Anabilah-Azumah,"His Ballotpedia Candidate Connection survey pledges to ""ensure that citizens of the United States have the ability to speak freely, even when their statements are unpopular"" -- protecting free speech and preventing government censorship.",
VERIFY,bio-only:unverified,Joel Anabilah-Azumah,-3610901,(none),(not seated),f,t,Ukraine - Russia Conflict,4.0,,3,3,t,04000e04-4103-4334-ac0e-6aefb23af1cf,24e9212c-b011-422a-865c-093e35050901,https://ballotpedia.org/Joel_Anabilah-Azumah,"His Ballotpedia Candidate Connection survey pledges ""I will resist all attempts to drag the United States into unnecessary and unwinnable military conflicts"" -- reducing foreign military involvement.",
RETIRE_NOW,no-context,John Lally,-250900007,ma,City Councilor (Ward 6),t,t,Criminalization of Homelessness,4.0,,3,3,t,592a104e-146c-45fc-87ea-a1b669803b0e,4938766b-b45a-46e3-93bd-b8b30651271a,,"",2026-07-06 16:48:24.459343+00
RETIRE_NOW,no-context,John Lally,-250900007,ma,City Councilor (Ward 6),t,t,Homelessness Response,4.0,,3,3,t,592a104e-146c-45fc-87ea-a1b669803b0e,6fbf39ae-6b19-4182-b4c2-6a8d25c86c0f,,"",2026-07-06 16:48:24.459343+00
RETIRE_NOW,no-context,John Lally,-250900007,ma,City Councilor (Ward 6),t,t,Public Safety Approach,4.0,,3,3,t,592a104e-146c-45fc-87ea-a1b669803b0e,e9ebefcd-c496-45e8-b816-a79f8442ba85,,"",2026-07-06 16:48:24.459343+00
VERIFY,bio-only:unverified,John Saulie-Rohman,-530303,(none),(not seated),f,t,Campaign Finance Reform,2.0,,3,3,t,2af6a270-3e02-4484-863f-06e5c655df4f,92730f69-ae57-401c-8ad1-2d07834a895d,https://ballotpedia.org/John_Saulie-Rohman,"Saulie-Rohman's website states Congress 'is compromised' by lobbying and campaign contributions from special interests, and pledges 'to only accept individual contributions, ensuring my independence from special interests,' matching the strictly-limit-corporate-and-dark-money chair.",
VERIFY,bio-only:unverified,John Saulie-Rohman,-530303,(none),(not seated),f,t,Reproductive Rights and Abortion Access,2.0,,3,3,t,2af6a270-3e02-4484-863f-06e5c655df4f,af2fdfd6-02c4-49df-b09c-cf8536f4773f,https://ballotpedia.org/John_Saulie-Rohman,"Saulie-Rohman's 2024 campaign website, carried on his Ballotpedia profile as his most recent public statement for his repeat WA-3 independent run, states plainly 'I support a woman's right to choose,' a mainstream pro-choice framing without an explicit claim of public funding at all stages, matching the keep-legal-and-accessible-through-second-trimester chair rather than the publicly-funded-at-all-stages chair.",
VERIFY,bio-only:unverified,John Saulie-Rohman,-530303,(none),(not seated),f,t,Taxation and Public Spending,2.0,,3,3,t,2af6a270-3e02-4484-863f-06e5c655df4f,f7e5678d-dadd-4556-a2fc-446e24642ceb,https://ballotpedia.org/John_Saulie-Rohman,"Saulie-Rohman's platform criticizes infrastructure being 'starved of vital funding through unsustainable tax cuts and loopholes enjoyed by large corporations,' implying support for reversing corporate tax cuts and closing loopholes to fund public investment, matching the moderately-raise-taxes-on-corporations-and-the-wealthy chair.",
VERIFY,bio-only:unverified,Jonathan Nez,-40202,(none),(not seated),f,t,Immigration and Treatment of Immigrants,3.0,,3,3,t,348622c5-c7e7-4ef6-a2ea-e5a49881bd42,4e2c69ce-591e-4197-9cd5-7aceff79d390,https://ballotpedia.org/Jonathan_Nez,"Nez's campaign website (quoted verbatim on Ballotpedia) states under 'Immigration': 'We need comprehensive reform that invests in 21st-century security technology, hires more border agents and caseworkers, and establishes a fair pathway to citizenship.' This pairs enforcement investment with a citizenship pathway rather than expanding legal immigration access broadly or restricting it, matching stance 3 (keep immigration levels and rules about where they are now) as the closest 'fix what's broken without a directional shift' framing among the five chairs.",
VERIFY,bio-only:unverified,Jonathan Nez,-40202,(none),(not seated),f,t,Reproductive Rights and Abortion Access,2.0,,3,3,t,348622c5-c7e7-4ef6-a2ea-e5a49881bd42,af2fdfd6-02c4-49df-b09c-cf8536f4773f,https://ballotpedia.org/Jonathan_Nez,"Nez's campaign website states under 'Reproductive Rights': 'For Jonathan, the right to choose is about individual sovereignty. In Arizona, we don't let anyone tell us what to do -- especially about our own bodies.' This general pro-choice framing without an explicit all-stages public-funding statement matches stance 2 (keep abortion legal and accessible through the second trimester with rare exceptions afterward), the standard 'codify Roe' position, rather than the more expansive all-stages/publicly-funded stance 1.",
VERIFY,bio-only:unverified,Jonathan Nez,-40202,(none),(not seated),f,t,Voting Rights and Electoral Integrity,2.0,,3,3,t,348622c5-c7e7-4ef6-a2ea-e5a49881bd42,d1792200-1d3b-4955-a0b7-0e6980d7a7b2,https://ballotpedia.org/Jonathan_Nez,"Nez's campaign website states under 'Democracy and Voting Rights': 'In Washington, he'll stand up to partisan attacks on mail-in voting and Arizona's time-tested election infrastructure,' emphasizing defending mail-in ballot access. This matches stance 2 (expand early voting periods and make mail-in voting available to all voters without requiring an excuse).",
RETIRE_NOW,no-context,Katrice MacKay,-4962470002,ut,Council Citywide I,t,t,Growth and Development Pace,2.0,,3,3,t,fcbc33fa-c378-47b1-a79f-559d2c0cb684,fb25c1ac-91cc-49bf-8afc-c7fa22ef45e4,,"",
RETIRE_NOW,no-context,Katrice MacKay,-4962470002,ut,Council Citywide I,t,t,Residential Zoning,3.0,,3,3,t,fcbc33fa-c378-47b1-a79f-559d2c0cb684,d4f18138-a2e0-4110-b925-7387d9d0d16d,,"",
RETIRE_NOW,no-context,Katrice MacKay,-4962470002,ut,Council Citywide I,t,t,Transportation Priorities,1.0,,3,3,t,fcbc33fa-c378-47b1-a79f-559d2c0cb684,ba59337e-30e2-4aba-a39a-426b3366eb27,,"",
VERIFY,bio-only:unverified,Kevin Fagan,-530506,(none),(not seated),f,t,Affordable Housing,3.0,,3,3,t,2dc05537-1ba1-4f16-9bc1-fd5564c18be5,669cac97-66a6-4087-b036-936fbe62efb3,https://ballotpedia.org/Kevin_Fagan,"Calls for streamlining regulations to build housing faster and more affordably with union jobs and community investment, and to build more infill housing near services.",
VERIFY,bio-only:unverified,Kevin Fagan,-530506,(none),(not seated),f,t,Campaign Finance Reform,1.0,,3,3,t,2dc05537-1ba1-4f16-9bc1-fd5564c18be5,92730f69-ae57-401c-8ad1-2d07834a895d,https://ballotpedia.org/Kevin_Fagan,"Pledges to refuse all Corporate PAC and AIPAC money, ban members of Congress from trading individual stocks, and support overturning Citizens United to get big money out of politics.",
VERIFY,bio-only:unverified,Kevin Fagan,-530506,(none),(not seated),f,t,Healthcare Access,1.0,,3,3,t,2dc05537-1ba1-4f16-9bc1-fd5564c18be5,e8dad4a8-eb93-4931-91f5-d8fb5d7dd529,https://ballotpedia.org/Kevin_Fagan,Ballotpedia Candidate Connection survey (2026) commits to voting to reinstate ACA subsidies and explicitly supports 'a Medicare for All healthcare system because we can no longer tinker around the edges of a broken healthcare system.',
RETIRE_NOW,no-context,Kevin Lundell,-4955980003,ut,Council At-Large Seat B,t,t,Economic Development Incentives,2.0,,3,3,t,d5643c16-3af8-452f-860f-a862af90467b,eb3d1247-0de1-4b7f-baec-7259861efd53,,"",
RETIRE_NOW,no-context,Kevin Lundell,-4955980003,ut,Council At-Large Seat B,t,t,Environmental Protection vs. Development,2.0,,3,3,t,d5643c16-3af8-452f-860f-a862af90467b,1935979c-b290-42e4-baa5-8cb0138b4ffa,,"",
RETIRE_NOW,no-context,Kevin Lundell,-4955980003,ut,Council At-Large Seat B,t,t,Homelessness Response,1.0,,3,3,t,d5643c16-3af8-452f-860f-a862af90467b,6fbf39ae-6b19-4182-b4c2-6a8d25c86c0f,,"",
VERIFY,bio-only:unverified,Kyle Rable,-4811902,(none),(not seated),f,t,Affordable Housing,2.0,,3,3,t,fab6fd01-01d0-4b18-8c21-f0d03d62beca,669cac97-66a6-4087-b036-936fbe62efb3,https://ballotpedia.org/Kyle_Rable,"His campaign platform pledges to ""enact legislation limiting large corporations' ability to purchase homes"" and to support ""family tax credits for first-time home purchasers"" -- active market intervention plus buyer assistance to improve affordability.",
VERIFY,bio-only:unverified,Kyle Rable,-4811902,(none),(not seated),f,t,Childcare Affordability & Access,2.0,,3,3,t,fab6fd01-01d0-4b18-8c21-f0d03d62beca,c1ac1330-47f7-44ec-baf3-c913d926b97c,https://ballotpedia.org/Kyle_Rable,"His platform says families ""can't afford to pay for childcare"" and pledges legislation for ""better training to childcare professionals, more robust facilities, and increase the number of workers"" -- significantly expanding childcare support.",
VERIFY,bio-only:unverified,Kyle Rable,-4811902,(none),(not seated),f,t,United States Tariff Policy,2.0,,3,3,t,fab6fd01-01d0-4b18-8c21-f0d03d62beca,683c8084-2281-4920-a07c-18439b2dd413,https://ballotpedia.org/Kyle_Rable,"His platform says ""Americans should not bear the brunt of Trump's trade war"" and that Congress must ""limit the White House's ability to force Americans to pay for the excess tariffs"" -- reducing tariffs that raise costs.",
RETIRE_NOW,no-context,LaNae Millett,-375609,ut,City Council,t,f,Affordable Housing,4.0,,3,3,t,2a97f354-c949-4ebb-b7f2-60d4fd691208,669cac97-66a6-4087-b036-936fbe62efb3,,"",2026-05-30 13:55:02.323906+00
RETIRE_NOW,no-context,LaNae Millett,-375609,ut,City Council,t,f,Growth and Development Pace,4.0,,3,3,t,2a97f354-c949-4ebb-b7f2-60d4fd691208,fb25c1ac-91cc-49bf-8afc-c7fa22ef45e4,,"",2026-05-30 13:55:02.323906+00
RETIRE_NOW,no-context,LaNae Millett,-375609,ut,City Council,t,f,Residential Zoning,4.0,,3,3,t,2a97f354-c949-4ebb-b7f2-60d4fd691208,d4f18138-a2e0-4110-b925-7387d9d0d16d,,"",2026-05-30 13:55:02.323906+00
VERIFY,bio-only:unverified,Lashrecse D. Aird,-5110013,va,Senator,t,t,Civil Rights and Social Justice,2.0,,3,3,t,731049dd-0a5b-44fb-a778-b637dded0a5b,0bc588c6-39e1-4084-b5de-cac909b8b762,https://ballotpedia.org/Lashrecse_Aird,"Aird received the endorsement of People for the American Way in 2023, an organization focused on advancing civil rights and equal protection. As a member of the Health and Human Services Committee and Education committees, she has championed equity-focused legislation. Her 2017 platform included Women's Rights and senior care, indicating a pattern of strengthening civil rights enforcement and addressing systemic discrimination, consistent with value 2 (strengthen civil rights enforcement and address systemic discrimination).",
VERIFY,bio-only:unverified,Lashrecse D. Aird,-5110013,va,Senator,t,t,Reproductive Rights and Abortion Access,2.0,,3,3,t,731049dd-0a5b-44fb-a778-b637dded0a5b,af2fdfd6-02c4-49df-b09c-cf8536f4773f,https://ballotpedia.org/Lashrecse_Aird,"Aird's 2017 campaign website stated under Women's Rights: 'Aird will actively pursue the cause of making sure that woman get equal pay for equal work. As a mother and wife, she will be an advocate for women's reproductive access and work to ensure that they have the right to choose. She believes that the decision of family planning should remain at the discretion of a woman.' Additionally, she received the endorsement of Planned Parenthood Advocates of Virginia in 2023. Value 2 (keep abortion legal and accessible through the second trimester) aligns with this documented advocacy for reproductive choice.",
VERIFY,bio-only:unverified,Lashrecse D. Aird,-5110013,va,Senator,t,t,Voting Rights and Electoral Integrity,2.0,,3,3,t,731049dd-0a5b-44fb-a778-b637dded0a5b,d1792200-1d3b-4955-a0b7-0e6980d7a7b2,https://ballotpedia.org/Lashrecse_Aird,"Aird received the endorsement of People for the American Way in 2023, whose core mission includes protecting voting rights and democratic participation. As a former chair of the Petersburg Democratic Committee and current member of the Senate Privileges and Elections Committee, she is deeply engaged with election integrity and voter access issues. Her alignment with People for the American Way indicates support for expanding early voting and mail-in access, consistent with value 2 (expand early voting and make mail-in voting available without requiring an excuse).",
RETIRE_NOW,no-context,Malo L. Brown,-256700005,ma,City Councilor (Ward 4),t,t,Affordable Housing,2.0,,3,3,t,3da0fc8c-35d5-4c14-a53b-89f7c6a7bdd2,669cac97-66a6-4087-b036-936fbe62efb3,,"",2026-07-06 17:43:46.361441+00
RETIRE_NOW,no-context,Malo L. Brown,-256700005,ma,City Councilor (Ward 4),t,t,Public Safety Approach,4.0,,3,3,t,3da0fc8c-35d5-4c14-a53b-89f7c6a7bdd2,e9ebefcd-c496-45e8-b816-a79f8442ba85,,"",2026-07-06 17:43:46.361441+00
RETIRE_NOW,no-context,Malo L. Brown,-256700005,ma,City Councilor (Ward 4),t,t,Rent Regulation,1.0,,3,3,t,3da0fc8c-35d5-4c14-a53b-89f7c6a7bdd2,c308e8e8-caac-44f5-ab04-dbfecf40bbe2,,"",2026-07-06 17:43:46.361441+00
RETIRE_NOW,no-context,Marci Houseman,-4967440014,ut,Council District 4,t,t,Affordable Housing,3.0,,3,3,t,8be2ca98-55d7-47fd-b10d-ec4810d36ffa,669cac97-66a6-4087-b036-936fbe62efb3,,"",
RETIRE_NOW,no-context,Marci Houseman,-4967440014,ut,Council District 4,t,t,Growth and Development Pace,3.0,,3,3,t,8be2ca98-55d7-47fd-b10d-ec4810d36ffa,fb25c1ac-91cc-49bf-8afc-c7fa22ef45e4,,"",
RETIRE_NOW,no-context,Marci Houseman,-4967440014,ut,Council District 4,t,t,Residential Zoning,3.0,,3,3,t,8be2ca98-55d7-47fd-b10d-ec4810d36ffa,d4f18138-a2e0-4110-b925-7387d9d0d16d,,"",
VERIFY,bio-only:unverified,Mark J. Peake,-5110008,va,Senator,t,t,Reproductive Rights and Abortion Access,4.0,,3,3,t,ed60a0c7-252c-443f-98ff-5926bf9a58a3,af2fdfd6-02c4-49df-b09c-cf8536f4773f,https://ballotpedia.org/Mark_Peake,"Peake's campaign website under 'Protecting the Sanctity of Marriage and the Unborn' documents his commitment to protecting the unborn. Value 4 (restrict abortion to only cases involving rape, incest, or serious threats to the mother's life) aligns with his documented pro-life position and mainstream Republican pro-life legislative stance.",
VERIFY,bio-only:unverified,Mark J. Peake,-5110008,va,Senator,t,t,Same-Sex Marriage,5.0,,3,3,t,ed60a0c7-252c-443f-98ff-5926bf9a58a3,c5ab4eab-702f-49b8-9277-8ea53f3835c6,https://ballotpedia.org/Mark_Peake,Peake's campaign website under 'Protecting the Sanctity of Marriage and the Unborn' states: 'Mark is committed to our conservative principles that value the true definition of marriage as between one man and one woman.' This explicit opposition to same-sex marriage and support for defining marriage as only between a man and woman aligns with value 5 (make same-sex marriage illegal and define marriage as only between one man and one woman).,
VERIFY,bio-only:unverified,Mark J. Peake,-5110008,va,Senator,t,t,Taxation and Public Spending,4.0,,3,3,t,ed60a0c7-252c-443f-98ff-5926bf9a58a3,f7e5678d-dadd-4556-a2fc-446e24642ceb,https://ballotpedia.org/Mark_Peake,"Peake's campaign website under 'Keeping Taxes Low' states: 'In these difficult economic times, businesses can only prosper when taxes are low.' His site also states he will 'cut back wasteful government expenditures and help balance the budget by limiting the scope of government.' This pro-tax-cut position aligns with value 4 (cut taxes for everyone and scale back public services to match).",
RETIRE_NOW,no-context,Melvin A. Edwards,-256700003,ma,City Councilor (Ward 3),t,t,Civil Rights and Social Justice,2.0,,3,3,t,7d024231-0fa3-4787-8cc0-92fa6903711c,0bc588c6-39e1-4084-b5de-cac909b8b762,,"",2026-07-06 17:51:19.431627+00
RETIRE_NOW,no-context,Melvin A. Edwards,-256700003,ma,City Councilor (Ward 3),t,t,Environmental Protection vs. Development,2.0,,3,3,t,7d024231-0fa3-4787-8cc0-92fa6903711c,1935979c-b290-42e4-baa5-8cb0138b4ffa,,"",2026-07-06 17:51:19.431627+00
RETIRE_NOW,no-context,Melvin A. Edwards,-256700003,ma,City Councilor (Ward 3),t,t,Local Immigration Enforcement,2.0,,3,3,t,7d024231-0fa3-4787-8cc0-92fa6903711c,b9ccee94-ad96-4f10-b655-889d8e5abe92,,"",2026-07-06 17:51:19.431627+00
VERIFY,bio-only:unverified,Michael McGarr,-530505,(none),(not seated),f,t,Climate Change and Environmental Protection,2.0,,3,3,t,34b20106-85cc-402b-a9f3-b6c7d6af8863,f1e44d66-5d27-4b51-b54f-b7ace86f6a3c,https://ballotpedia.org/Michael_McGarr,Lists dealing with climate change and weaning off fossil fuels among the nation's greatest challenges for the next decade.,
VERIFY,bio-only:unverified,Michael McGarr,-530505,(none),(not seated),f,t,Fossil Fuel Policy,2.0,,3,3,t,34b20106-85cc-402b-a9f3-b6c7d6af8863,a22215c3-6693-4bc2-b248-01aebba14570,https://ballotpedia.org/Michael_McGarr,Survey lists 'moving away from fossil fuels' and 'weaning ourselves off fossil fuels' as top policy priorities.,
VERIFY,bio-only:unverified,Michael McGarr,-530505,(none),(not seated),f,t,Healthcare Access,1.0,,3,3,t,34b20106-85cc-402b-a9f3-b6c7d6af8863,e8dad4a8-eb93-4931-91f5-d8fb5d7dd529,https://ballotpedia.org/Michael_McGarr,Ballotpedia Candidate Connection survey (2026) lists 'Medicare for all' as an explicit policy passion.,
VERIFY,bio-only:unverified,Nadia Milleron,-250102,(none),(not seated),f,t,Campaign Finance Reform,2.0,,3,3,t,7f51d769-116d-458c-9c60-76aed2c135cc,92730f69-ae57-401c-8ad1-2d07834a895d,https://ballotpedia.org/Nadia_Milleron,"Campaign website repeatedly frames incumbent Richard Neal as having 'taken the most money from big corporations and special interests of any member of the House' and pledges financial transparency and accountability, matching strictly-limit-corporate-donations-and-dark-money-groups over an explicit full-ban-plus-public-financing pledge (not stated).",
VERIFY,bio-only:unverified,Nadia Milleron,-250102,(none),(not seated),f,t,Healthcare Access,3.0,,3,3,t,7f51d769-116d-458c-9c60-76aed2c135cc,e8dad4a8-eb93-4931-91f5-d8fb5d7dd529,https://ballotpedia.org/Nadia_Milleron,"Ballotpedia Candidate Connection survey and campaign website both call for making healthcare 'accessible to all' and bringing more doctors to address a rural shortage, but propose no single-payer or public-option mechanism and no market-only approach -- matching the help-people-who-cant-afford-care-while-keeping-private-insurance-for-everyone-else chair as the closest fit to her access-focused, mechanism-agnostic platform.",
VERIFY,bio-only:unverified,Nadia Milleron,-250102,(none),(not seated),f,t,United States Tariff Policy,4.0,,3,3,t,7f51d769-116d-458c-9c60-76aed2c135cc,683c8084-2281-4920-a07c-18439b2dd413,https://ballotpedia.org/Nadia_Milleron,"Campaign website and survey repeatedly frame China's WTO admission and the de-minimis import loophole as having 'shipped manufacturing jobs overseas' and enabled unsafe/illicit imports (including fentanyl), pledging to 'push for manufacturing to return' and 'enhance security measures' against unfair Chinese trade practices -- matching increase-tariffs-on-countries-that-dont-trade-fairly-with-America.",
VERIFY,bio-only:unverified,Patrick Gillespie,-4813302,(none),(not seated),f,t,Climate Change and Environmental Protection,5.0,,3,3,t,f2fd28ea-d6ad-4299-8002-a5a2938aecd5,f1e44d66-5d27-4b51-b54f-b7ace86f6a3c,https://ballotpedia.org/Patrick_Gillespie_(Texas),"His campaign website (quoted on Ballotpedia) calls to ""get out of the Paris Climate Accords and demand our money back,"" pointing to China/India coal plants -- rejecting climate-change policy.",
VERIFY,bio-only:unverified,Patrick Gillespie,-4813302,(none),(not seated),f,t,Immigration and Treatment of Immigrants,4.0,,3,3,t,f2fd28ea-d6ad-4299-8002-a5a2938aecd5,4e2c69ce-591e-4197-9cd5-7aceff79d390,https://ballotpedia.org/Patrick_Gillespie_(Texas),"His campaign website (quoted on Ballotpedia) says ""We must have immigrants vetted and not allow an invasion of tens of thousands crossing our border illegally daily"" and that weak leadership must stop enticing migration -- making immigration harder and tightening enforcement.",
VERIFY,bio-only:unverified,Patrick Gillespie,-4813302,(none),(not seated),f,t,Voting Rights and Electoral Integrity,4.0,,3,3,t,f2fd28ea-d6ad-4299-8002-a5a2938aecd5,d1792200-1d3b-4955-a0b7-0e6980d7a7b2,https://ballotpedia.org/Patrick_Gillespie_(Texas),"His campaign website (quoted on Ballotpedia) says ""We have the correct laws in place: photo ID"" and criticizes states that issue IDs to illegal immigrants -- requiring photo ID to vote.",
RETIRE_NOW,no-context,Paul Binns,-4944320001,ut,Mayor,t,t,Growth and Development Pace,2.0,,3,3,t,728e3e09-aecc-4fe7-a5d6-5a1ba4db98d1,fb25c1ac-91cc-49bf-8afc-c7fa22ef45e4,,"",
RETIRE_NOW,no-context,Paul Binns,-4944320001,ut,Mayor,t,t,Public Safety Approach,4.0,,3,3,t,728e3e09-aecc-4fe7-a5d6-5a1ba4db98d1,e9ebefcd-c496-45e8-b816-a79f8442ba85,,"",
RETIRE_NOW,no-context,Paul Binns,-4944320001,ut,Mayor,t,t,Transportation Priorities,4.0,,3,3,t,728e3e09-aecc-4fe7-a5d6-5a1ba4db98d1,ba59337e-30e2-4aba-a39a-426b3366eb27,,"",
RETIRE_NOW,no-context,Rachel Freeman,-4944320002,ut,City Council Member,t,t,Affordable Housing,2.0,,3,3,t,92763da9-7352-4bd0-82e0-ec5fe8f23590,669cac97-66a6-4087-b036-936fbe62efb3,,"",
RETIRE_NOW,no-context,Rachel Freeman,-4944320002,ut,City Council Member,t,t,Economic Development Incentives,4.0,,3,3,t,92763da9-7352-4bd0-82e0-ec5fe8f23590,eb3d1247-0de1-4b7f-baec-7259861efd53,,"",
RETIRE_NOW,no-context,Rachel Freeman,-4944320002,ut,City Council Member,t,t,Growth and Development Pace,2.0,,3,3,t,92763da9-7352-4bd0-82e0-ec5fe8f23590,fb25c1ac-91cc-49bf-8afc-c7fa22ef45e4,,"",
RETIRE_NOW,no-context,Scott Harmon,-4983470012,ut,Council District 2,t,t,Economic Development Incentives,4.0,,3,3,t,39834c8d-4058-4198-a06d-fc98b47b1434,eb3d1247-0de1-4b7f-baec-7259861efd53,,"",
RETIRE_NOW,no-context,Scott Harmon,-4983470012,ut,Council District 2,t,t,Local Immigration Enforcement,4.0,,3,3,t,39834c8d-4058-4198-a06d-fc98b47b1434,b9ccee94-ad96-4f10-b655-889d8e5abe92,,"",
RETIRE_NOW,no-context,Scott Harmon,-4983470012,ut,Council District 2,t,t,Public Safety Approach,4.0,,3,3,t,39834c8d-4058-4198-a06d-fc98b47b1434,e9ebefcd-c496-45e8-b816-a79f8442ba85,,"",
VERIFY,bio-only:unverified,Shelly A. Simonds,-5120070,va,Delegate,t,t,Reproductive Rights and Abortion Access,2.0,,3,3,t,c25726d9-566e-4283-b35c-c608b921599f,af2fdfd6-02c4-49df-b09c-cf8536f4773f,https://ballotpedia.org/Shelly_Simonds,"Ballotpedia records Simonds listing ""Access to healthcare and maternal reproductive rights"" as a key campaign priority. Her positioning as a progressive Democrat in Newport News with explicit mention of maternal reproductive rights indicates support for keeping abortion legal and accessible. Value 2: keep abortion legal and accessible through the second trimester with rare exceptions.",
VERIFY,bio-only:unverified,Shelly A. Simonds,-5120070,va,Delegate,t,t,School Vouchers & Public Education Funding,1.0,,3,3,t,c25726d9-566e-4283-b35c-c608b921599f,00b95a6a-75db-4521-b523-3326bba938de,https://ballotpedia.org/Shelly_Simonds,"Ballotpedia records Simonds explicitly opposing Virginia's voucher system: ""We do not need a voucher system in Virginia for two reasons: we already have the flexibility to have specialty magnet programs in our schools and Virginia DOES NOT ADEQUATELY fund public education to begin with so there is no room for taking funding away from our schools."" Value 1: fully funding public schools and eliminating voucher programs.",
VERIFY,bio-only:unverified,Shelly A. Simonds,-5120070,va,Delegate,t,t,Voting Rights and Electoral Integrity,2.0,,3,3,t,c25726d9-566e-4283-b35c-c608b921599f,d1792200-1d3b-4955-a0b7-0e6980d7a7b2,https://ballotpedia.org/Shelly_Simonds,"From Ballotpedia: Simonds ""has been dedicated to fair elections and voting rights while serving on the Privileges and Elections Committee in the House."" This explicit dedication to voting rights expansion aligns with value 2: expand early voting periods and make mail-in voting available to all voters without requiring an excuse.",
RETIRE_NOW,no-context,Shirley Asack,-250900008,ma,City Councilor (Ward 7),t,t,City Sanitation and Cleanliness,3.0,,3,3,t,1b2851c7-a1cf-44ce-9453-a658332eeafc,7687de4f-4d0b-462a-b803-bdfb23b16b42,,"",2026-07-06 17:06:53.149838+00
RETIRE_NOW,no-context,Shirley Asack,-250900008,ma,City Councilor (Ward 7),t,t,Criminalization of Homelessness,4.0,,3,3,t,1b2851c7-a1cf-44ce-9453-a658332eeafc,4938766b-b45a-46e3-93bd-b8b30651271a,,"",2026-07-06 17:06:53.149838+00
RETIRE_NOW,no-context,Shirley Asack,-250900008,ma,City Councilor (Ward 7),t,t,Homelessness Response,4.0,,3,3,t,1b2851c7-a1cf-44ce-9453-a658332eeafc,6fbf39ae-6b19-4182-b4c2-6a8d25c86c0f,,"",2026-07-06 17:06:53.149838+00
VERIFY,bio-only:unverified,Suzie Byrd,-400301,(none),(not seated),f,t,Artificial Intelligence Oversight,3.0,,3,3,t,459c4ee8-d027-4215-ab8c-d28476cd9010,666bf03d-81fc-4138-ab15-69ae734c9023,https://ballotpedia.org/Suzie_Byrd,"Survey response expresses concern about AI and data centers, saying they require regulation to ""work for the common good"" rather than prioritizing corporate interests -- a call for real regulatory accountability short of an outright ban or approval regime.",
VERIFY,bio-only:unverified,Suzie Byrd,-400301,(none),(not seated),f,t,Healthcare Access,1.0,,3,3,t,459c4ee8-d027-4215-ab8c-d28476cd9010,e8dad4a8-eb93-4931-91f5-d8fb5d7dd529,https://ballotpedia.org/Suzie_Byrd,"Ballotpedia's 2026 Candidate Connection survey quotes Byrd saying ""healthcare for profit has ruined our healthcare"" and that the U.S. could save billions annually through universal coverage, consistent with public-sector-run universal healthcare.",
VERIFY,bio-only:unverified,Suzie Byrd,-400301,(none),(not seated),f,t,Taxation and Public Spending,1.0,,3,3,t,459c4ee8-d027-4215-ab8c-d28476cd9010,f7e5678d-dadd-4556-a2fc-446e24642ceb,https://ballotpedia.org/Suzie_Byrd,"Same survey has Byrd opposing ""supply side economics and tax cuts for the rich"" and calling for fair taxation to close a wealth gap she says has shifted ""$50 trillion of our wealth to the top 10 percent"" over four decades, consistent with significantly raising taxes on the wealthy and large corporations.",
VERIFY,bio-only:unverified,Terry L. Austin,-5120037,va,Delegate,t,t,Religious Freedom,4.0,,3,3,t,3049ed75-9743-42f4-8c9e-037a41f9bdc3,6b9ba6d9-1001-43f5-b073-4d37130696fd,https://ballotpedia.org/Terry_Austin,Ballotpedia survey: states he supports laws that protect every Virginian's right to openly proclaim and practice their faith — protect religious freedom and allow faith-based exemptions.,
VERIFY,bio-only:unverified,Terry L. Austin,-5120037,va,Delegate,t,t,Reproductive Rights and Abortion Access,4.0,,3,3,t,3049ed75-9743-42f4-8c9e-037a41f9bdc3,af2fdfd6-02c4-49df-b09c-cf8536f4773f,https://ballotpedia.org/Terry_Austin,Ballotpedia survey: describes himself as proudly pro-life and states he will support additional efforts to protect the unborn — restrict to serious threats to the mother's life.,
VERIFY,bio-only:unverified,Terry L. Austin,-5120037,va,Delegate,t,t,Taxation and Public Spending,4.0,,3,3,t,3049ed75-9743-42f4-8c9e-037a41f9bdc3,f7e5678d-dadd-4556-a2fc-446e24642ceb,https://ballotpedia.org/Terry_Austin,Ballotpedia survey: campaign theme explicitly listed as Keeping Taxes Low with commitment to reduce taxes and spending — cut taxes for everyone.,
VERIFY,bio-only:unverified,Tomas Scheel,-530202,(none),(not seated),f,t,Affordable Housing,2.0,,3,3,t,19c9a56d-a2f6-47a1-9b9f-47c425516569,669cac97-66a6-4087-b036-936fbe62efb3,https://ballotpedia.org/Tomas_Scheel,Survey pledges to incentivize states with rent stability policies and ban short-term rentals in communities with affordable-housing shortages.,
VERIFY,bio-only:unverified,Tomas Scheel,-530202,(none),(not seated),f,t,Campaign Finance Reform,2.0,,3,3,t,19c9a56d-a2f6-47a1-9b9f-47c425516569,92730f69-ae57-401c-8ad1-2d07834a895d,https://ballotpedia.org/Tomas_Scheel,"States his goal is to 'break the hold of billionaire corporate donors on this seat' and be 'accountable to the people, not corporate PAC money.'",
VERIFY,bio-only:unverified,Tomas Scheel,-530202,(none),(not seated),f,t,Healthcare Access,1.0,,3,3,t,19c9a56d-a2f6-47a1-9b9f-47c425516569,e8dad4a8-eb93-4931-91f5-d8fb5d7dd529,https://ballotpedia.org/Tomas_Scheel,Ballotpedia Candidate Connection survey (2026) pledges to pass legislation for a physician-led universal single-payer healthcare system that all Americans can participate in regardless of ability to pay.,
VERIFY,bio-only:unverified,Van Hilleary,-470604,(none),(not seated),f,t,Fossil Fuel Policy,5.0,,3,3,t,6b50637f-ed23-4155-9d69-42578bce95a3,a22215c3-6693-4bc2-b248-01aebba14570,https://ballotpedia.org/Van_Hilleary,"Hilleary's platform calls to ""reverse every Biden-era energy restriction that killed jobs and drove up prices"" and back ""President Trump's full energy dominance agenda"" for an ""all-of-the-above"" approach maximizing domestic drilling.",
VERIFY,bio-only:unverified,Van Hilleary,-470604,(none),(not seated),f,t,School Vouchers & Public Education Funding,4.0,,3,3,t,6b50637f-ed23-4155-9d69-42578bce95a3,00b95a6a-75db-4521-b523-3326bba938de,https://ballotpedia.org/Van_Hilleary,"Hilleary's platform pledges to ""champion parents' rights and support President Trump's education freedom agenda at every turn.""",
VERIFY,bio-only:unverified,Van Hilleary,-470604,(none),(not seated),f,t,Taxation and Public Spending,4.0,,3,3,t,6b50637f-ed23-4155-9d69-42578bce95a3,f7e5678d-dadd-4556-a2fc-446e24642ceb,https://ballotpedia.org/Van_Hilleary,"Hilleary's 2026 campaign platform pledges to ""oppose any tax hikes"" and back ""President Trump's spending cuts,"" framing lower taxes and smaller government as the cure for affordability problems.",
VERIFY,bio-only:unverified,"William M. Stanley, Jr.",-5110007,va,Senator,t,t,Immigration and Treatment of Immigrants,4.0,,3,3,t,1722c95b-7aed-430e-81a3-488cdf610afc,4e2c69ce-591e-4197-9cd5-7aceff79d390,https://ballotpedia.org/William_Stanley,Stanley's 2011 campaign themes explicitly state: 'I will fight to strengthen our immigration policy – I will ensure that our commonwealth will enforce the state law if the federal government will not.' This commitment to enforcing restrictive immigration laws and limiting public services for those without legal status aligns with value 4 (make it harder to immigrate legally and limit public services to people with legal status).,
VERIFY,bio-only:unverified,"William M. Stanley, Jr.",-5110007,va,Senator,t,t,Reproductive Rights and Abortion Access,4.0,,3,3,t,1722c95b-7aed-430e-81a3-488cdf610afc,af2fdfd6-02c4-49df-b09c-cf8536f4773f,https://ballotpedia.org/William_Stanley,"Stanley's 2011 campaign themes include: 'I will always fight to protect human life as sacred.' This commitment to protecting human life as sacred aligns with a pro-life position. Value 4 (restrict abortion to only cases involving rape, incest, or serious threats to the mother's life) matches the mainstream Republican pro-life legislative position he has consistently held.",
VERIFY,bio-only:unverified,"William M. Stanley, Jr.",-5110007,va,Senator,t,t,Taxation and Public Spending,5.0,,3,3,t,1722c95b-7aed-430e-81a3-488cdf610afc,f7e5678d-dadd-4556-a2fc-446e24642ceb,https://ballotpedia.org/William_Stanley,Stanley's 2011 campaign themes explicitly state: 'I will never vote to raise your taxes or user fees at any time.' and 'I will fight to reduce state spending and the size of state government.' The absolute commitment to never raising taxes combined with reducing the size of government aligns with value 5 (drastically cut taxes and shrink government so people and businesses keep more of their money).,
RETIRE_NOW,no-context,William Whetstone,-4983470013,ut,Council District 3,t,t,Affordable Housing,3.0,,3,3,t,44a32f2d-556e-4979-ad0f-91af5ef8d3c2,669cac97-66a6-4087-b036-936fbe62efb3,,"",
RETIRE_NOW,no-context,William Whetstone,-4983470013,ut,Council District 3,t,t,Public Safety Approach,4.0,,3,3,t,44a32f2d-556e-4979-ad0f-91af5ef8d3c2,e9ebefcd-c496-45e8-b816-a79f8442ba85,,"",
RETIRE_NOW,no-context,William Whetstone,-4983470013,ut,Council District 3,t,t,Residential Zoning,1.0,,3,3,t,44a32f2d-556e-4979-ad0f-91af5ef8d3c2,d4f18138-a2e0-4110-b925-7387d9d0d16d,,"",
RETIRE_NOW,no-context,Winthrop Farwell Jr.,-250900011,ma,City Councilor,t,t,Criminalization of Homelessness,2.0,,3,3,t,47db15ed-9023-4363-a694-18b043830b0b,4938766b-b45a-46e3-93bd-b8b30651271a,,"",2026-07-06 16:36:32.703173+00
RETIRE_NOW,no-context,Winthrop Farwell Jr.,-250900011,ma,City Councilor,t,t,Homelessness Response,3.0,,3,3,t,47db15ed-9023-4363-a694-18b043830b0b,6fbf39ae-6b19-4182-b4c2-6a8d25c86c0f,,"",2026-07-06 16:36:32.703173+00
RETIRE_NOW,no-context,Winthrop Farwell Jr.,-250900011,ma,City Councilor,t,t,Local Immigration Enforcement,4.0,,3,3,t,47db15ed-9023-4363-a694-18b043830b0b,b9ccee94-ad96-4f10-b655-889d8e5abe92,,"",2026-07-06 16:36:32.703173+00
VERIFY,bio-only:unverified,Adam D. Austill,-470805,(none),(not seated),f,t,Artificial Intelligence Oversight,5.0,,2,2,t,21abfb53-adcd-4aaa-8f5b-37ef03af9d13,666bf03d-81fc-4138-ab15-69ae734c9023,https://ballotpedia.org/Adam_Austill,"Austill's survey calls for ""firm boundaries and restrictions on every aspect of artificial intelligence,"" including AI-powered surveillance, data center data collection limits, and requiring AI in the workplace to be ""enhancement not replacement.""",
VERIFY,bio-only:unverified,Adam D. Austill,-470805,(none),(not seated),f,t,Campaign Finance Reform,1.0,,2,2,t,21abfb53-adcd-4aaa-8f5b-37ef03af9d13,92730f69-ae57-401c-8ad1-2d07834a895d,https://ballotpedia.org/Adam_Austill,"In his 2026 Ballotpedia Candidate Connection survey, Austill proposes ""funding elections with public money"" because ""as long as private money is allowed to flow through politics, the golden rule will remain, 'He who has the gold makes the rule.'""",
VERIFY,bio-only:unverified,Alek Skarlatos,-4120004,or,Representative,t,t,Climate Change and Environmental Protection,5.0,,2,2,t,35d2729c-b754-4fad-b124-10ee437a116f,f1e44d66-5d27-4b51-b54f-b7ace86f6a3c,https://ballotpedia.org/Alek_Skarlatos,Participated in 2023 Oregon House Republican walkout blocking quorum on HB 2020 climate/cap-and-trade package; opposed cap-and-trade during 2020 and 2022 Congressional campaigns. https://ballotpedia.org/Alek_Skarlatos,
VERIFY,bio-only:unverified,Alek Skarlatos,-4120004,or,Representative,t,t,Immigration and Treatment of Immigrants,5.0,,2,2,t,35d2729c-b754-4fad-b124-10ee437a116f,4e2c69ce-591e-4197-9cd5-7aceff79d390,https://ballotpedia.org/Alek_Skarlatos,Supported enhanced border security and stricter immigration enforcement during 2020 and 2022 CD-4 Congressional campaigns; aligned with conservative immigration policy positions. https://ballotpedia.org/Alek_Skarlatos,
RETIRE_NOW,no-context,Alison Stroud,-4967440012,ut,Council District 2,t,t,Affordable Housing,4.0,,2,2,t,67b92fe7-6328-49d4-943d-c9ee2376ccc4,669cac97-66a6-4087-b036-936fbe62efb3,,"",
RETIRE_NOW,no-context,Alison Stroud,-4967440012,ut,Council District 2,t,t,Growth and Development Pace,3.0,,2,2,t,67b92fe7-6328-49d4-943d-c9ee2376ccc4,fb25c1ac-91cc-49bf-8afc-c7fa22ef45e4,,"",
VERIFY,bio-only:unverified,Andres Valleza,-530804,(none),(not seated),f,t,Transgender Athletes,4.0,,2,2,t,eacb22b6-3eee-4b3a-bc80-69abfbfcb832,d1618b9c-0b9e-45af-b986-bb33d270b8e4,https://ballotpedia.org/Andres_Valleza,"In his 2026 Ballotpedia Candidate Connection survey (Republican, WA-8), Valleza lists 'Ensuring a fair playing field and safe locker rooms for women and girls' as a named platform plank under 'Strong Schools,' indicating support for sex-based (not gender-identity-based) eligibility and facility access in school sports rather than a blanket ban on transgender athletes from all organized sports.",
VERIFY,bio-only:unverified,Andres Valleza,-530804,(none),(not seated),f,t,Voting Rights and Electoral Integrity,5.0,,2,2,t,eacb22b6-3eee-4b3a-bc80-69abfbfcb832,d1792200-1d3b-4955-a0b7-0e6980d7a7b2,https://ballotpedia.org/Andres_Valleza,"Asked what legislation he'd enact on election administration, Valleza told Ballotpedia's 2026 Candidate Connection survey he wants 'a shift back to in-person voting,' describing childhood memories of in-person polling as 'peaceful and well attended,' explicitly favoring in-person voting over mail-in/early voting expansion.",
RETIRE_NOW,no-context,Annette Harris,-4982950003,ut,Council Member At-Large,t,t,Affordable Housing,3.0,,2,2,t,84d0dd1b-3a2a-4ce5-aaee-0cb6ece61d0f,669cac97-66a6-4087-b036-936fbe62efb3,,"",
RETIRE_NOW,no-context,Annette Harris,-4982950003,ut,Council Member At-Large,t,t,Growth and Development Pace,3.0,,2,2,t,84d0dd1b-3a2a-4ce5-aaee-0cb6ece61d0f,fb25c1ac-91cc-49bf-8afc-c7fa22ef45e4,,"",
RETIRE_NOW,no-context,Bob Bedore,-4982950012,ut,Council Member District 2,t,t,Growth and Development Pace,3.0,,2,2,t,17b8d86b-a4b5-4967-ac17-3bde62cb4d05,fb25c1ac-91cc-49bf-8afc-c7fa22ef45e4,,"",
RETIRE_NOW,no-context,Bob Bedore,-4982950012,ut,Council Member District 2,t,t,Residential Zoning,2.0,,2,2,t,17b8d86b-a4b5-4967-ac17-3bde62cb4d05,d4f18138-a2e0-4110-b925-7387d9d0d16d,,"",
VERIFY,bio-only:unverified,Brandon Herrera,-4812301,(none),(not seated),f,t,Immigration and Treatment of Immigrants,4.0,,2,2,t,cb77d554-e526-4282-a1bc-63cc58265cf1,4e2c69ce-591e-4197-9cd5-7aceff79d390,https://ballotpedia.org/Brandon_Herrera,"His platform's ""Solving the Border Crisis"" plank pledges to fund ""comprehensive border security,"" ""reinstate the 'Remain in Mexico' policy,"" and ""end the abuse of the asylum system"" -- a restrictive, enforcement-first posture.",
VERIFY,bio-only:unverified,Brandon Herrera,-4812301,(none),(not seated),f,t,Taxation and Public Spending,4.0,,2,2,t,cb77d554-e526-4282-a1bc-63cc58265cf1,f7e5678d-dadd-4556-a2fc-446e24642ceb,https://ballotpedia.org/Brandon_Herrera,"His platform says he has ""taken the 'No New Taxes' pledge"" and will ""rein in wasteful government spending"" plus sponsor the REINS Act to curb regulation -- cutting taxes and scaling back government.",
RETIRE_NOW,no-context,Calvin R. Musselman,-358140,ut,State Senator District 4,t,t,Taxation and Public Spending,4.0,,2,2,t,5ad69df3-3a03-45ed-9156-bcac82c93167,f7e5678d-dadd-4556-a2fc-446e24642ceb,,"",
RETIRE_NOW,no-context,Calvin R. Musselman,-358140,ut,State Senator District 4,t,t,Voting Rights and Electoral Integrity,4.0,,2,2,t,5ad69df3-3a03-45ed-9156-bcac82c93167,d1792200-1d3b-4955-a0b7-0e6980d7a7b2,,"",
VERIFY,bio-only:unverified,Carlos De La Cruz,-4813502,(none),(not seated),f,t,Immigration and Treatment of Immigrants,3.0,,2,2,t,9051e772-a0cc-409f-be4c-613424d17a10,4e2c69ce-591e-4197-9cd5-7aceff79d390,https://ballotpedia.org/Carlos_De_La_Cruz,"His campaign website (quoted on Ballotpedia) says ""we welcome legal immigration, but we cannot allow criminals and cartels to take advantage of our country"" while continuing to secure the border -- keeping legal immigration roughly as-is with stronger enforcement.",
VERIFY,bio-only:unverified,Carlos De La Cruz,-4813502,(none),(not seated),f,t,United States Tariff Policy,4.0,,2,2,t,9051e772-a0cc-409f-be4c-613424d17a10,683c8084-2281-4920-a07c-18439b2dd413,https://ballotpedia.org/Carlos_De_La_Cruz,"His campaign website (quoted on Ballotpedia) vows to bring ""manufacturing back home"" and stop ""communist China from ripping us off"" and ""foreign competitors from undercutting us"" -- raising tariffs on countries that trade unfairly.",
VERIFY,bio-only:unverified,Carrie Ann Iacomini,-470505,(none),(not seated),f,t,Healthcare Access,1.0,,2,2,t,84f38306-e031-4671-8c2e-97f49a43509f,e8dad4a8-eb93-4931-91f5-d8fb5d7dd529,https://ballotpedia.org/Carrie_Iacomini,"Candidate Connection survey explicitly rejects incremental fixes: ""Reform is not enough; we deserve universal healthcare,"" matching a fully public, government-run universal system.",
VERIFY,bio-only:unverified,Carrie Ann Iacomini,-470505,(none),(not seated),f,t,Taxation and Public Spending,2.0,,2,2,t,84f38306-e031-4671-8c2e-97f49a43509f,f7e5678d-dadd-4556-a2fc-446e24642ceb,https://ballotpedia.org/Carrie_Iacomini,"Survey opposes ""cutting taxes for billionaires who spend extravagant amounts of money on vanity projects"" while calling for relief for working families, matching a moderate tax increase on the wealthy rather than maintaining the current system.",
VERIFY,bio-only:unverified,Catherine Hildebrand,-530106,(none),(not seated),f,t,Fossil Fuel Policy,2.0,,2,2,t,d97423db-8664-4ed3-aa40-6e1706651b1f,a22215c3-6693-4bc2-b248-01aebba14570,https://ballotpedia.org/Catherine_Hildebrand,"Hildebrand's survey answer opposes the federal government 'closing down national parks and auctioning off public lands to the highest bidder' for oil and mineral extraction, saying 'we need to protect public lands and keep them pristine,' matching the stop-issuing-new-drilling-permits chair rather than an immediate blanket ban on all fossil fuel production nationwide.",
VERIFY,bio-only:unverified,Catherine Hildebrand,-530106,(none),(not seated),f,t,Taxation and Public Spending,1.0,,2,2,t,d97423db-8664-4ed3-aa40-6e1706651b1f,f7e5678d-dadd-4556-a2fc-446e24642ceb,https://ballotpedia.org/Catherine_Hildebrand,"In her 2026 Ballotpedia Candidate Connection survey, Hildebrand says 'We need progressive taxes on wealthy individuals and large corporations, with fewer exemptions, to fund social programs like healthcare, education, transportation infrastructure, and clean, reliable energy,' matching the significantly-raise-taxes-on-the-wealthy-to-fund-more-services chair.",
RETIRE_NOW,no-context,Chris Killpack,-375613,ut,City Council,t,f,Growth and Development Pace,3.0,,2,2,t,2fd2738c-08b0-476b-a059-70b6d88c9f92,fb25c1ac-91cc-49bf-8afc-c7fa22ef45e4,,"",2026-05-30 13:55:02.323906+00
RETIRE_NOW,no-context,Chris Killpack,-375613,ut,City Council,t,f,Residential Zoning,3.0,,2,2,t,2fd2738c-08b0-476b-a059-70b6d88c9f92,d4f18138-a2e0-4110-b925-7387d9d0d16d,,"",2026-05-30 13:55:02.323906+00
VERIFY,bio-only:unverified,Christopher B. Monday,-470610,(none),(not seated),f,t,Healthcare Access,5.0,,2,2,t,0f92207f-fbdd-4b2c-9ecb-de1d9b2803f6,e8dad4a8-eb93-4931-91f5-d8fb5d7dd529,https://ballotpedia.org/Christopher_B._Monday,"Monday's Ballotpedia survey response states ""I want to see a free-market healthcare system, government should keep out of it,"" consistent with the small-government, reduced-spending philosophy in his current campaign platform.",
VERIFY,bio-only:unverified,Christopher B. Monday,-470610,(none),(not seated),f,t,Immigration and Treatment of Immigrants,2.0,,2,2,t,0f92207f-fbdd-4b2c-9ecb-de1d9b2803f6,4e2c69ce-591e-4197-9cd5-7aceff79d390,https://ballotpedia.org/Christopher_B._Monday,"Monday's 2025 Ballotpedia Candidate Connection survey calls for a legal-immigration system that ""would encourage immigrants to come here legally,"" saying it ""shouldn't be as difficult to become a citizen of the United States.""",
RETIRE_NOW,no-context,Cindy Wood,-4983470014,ut,Council District 4,t,t,Affordable Housing,2.0,,2,2,t,587452a7-5467-4aee-bf52-a2b4b3464ba0,669cac97-66a6-4087-b036-936fbe62efb3,,"",
RETIRE_NOW,no-context,Cindy Wood,-4983470014,ut,Council District 4,t,t,Environmental Protection vs. Development,2.0,,2,2,t,587452a7-5467-4aee-bf52-a2b4b3464ba0,1935979c-b290-42e4-baa5-8cb0138b4ffa,,"",
RETIRE_NOW,no-context,Crystal Muhlestein,-375611,ut,City Council,t,f,Affordable Housing,4.0,,2,2,t,93915f48-8159-44a9-9af4-fd50e7c84665,669cac97-66a6-4087-b036-936fbe62efb3,,"",2026-05-30 13:55:02.323906+00
RETIRE_NOW,no-context,Crystal Muhlestein,-375611,ut,City Council,t,f,Residential Zoning,4.0,,2,2,t,93915f48-8159-44a9-9af4-fd50e7c84665,d4f18138-a2e0-4110-b925-7387d9d0d16d,,"",2026-05-30 13:55:02.323906+00
VERIFY,bio-only:unverified,Darin Harbick,-4120012,or,Representative,t,t,Climate Change and Environmental Protection,5.0,,2,2,t,f3fb09eb-adb0-4543-b6a2-32f90003569b,f1e44d66-5d27-4b51-b54f-b7ace86f6a3c,https://ballotpedia.org/Darin_Harbick,Participated in 2023 Oregon House Republican walkout blocking quorum on HB 2020 climate legislation; rural Lane County agricultural interests. https://ballotpedia.org/Darin_Harbick,
VERIFY,bio-only:unverified,Darin Harbick,-4120012,or,Representative,t,t,Taxation and Public Spending,5.0,,2,2,t,f3fb09eb-adb0-4543-b6a2-32f90003569b,f7e5678d-dadd-4556-a2fc-446e24642ceb,https://ballotpedia.org/Darin_Harbick,Anti-tax voting record as Republican from rural Lane County; opposed business tax measures including Corporate Activity Tax. https://ballotpedia.org/Darin_Harbick,
RETIRE_NOW,no-context,David C. Teixeira,-250900012,ma,City Councilor,t,t,Criminalization of Homelessness,4.0,,2,2,t,81fb773b-1510-48f7-b1db-527eb0aedd5a,4938766b-b45a-46e3-93bd-b8b30651271a,,"",2026-07-06 16:44:52.712654+00
RETIRE_NOW,no-context,David C. Teixeira,-250900012,ma,City Councilor,t,t,Homelessness Response,4.0,,2,2,t,81fb773b-1510-48f7-b1db-527eb0aedd5a,6fbf39ae-6b19-4182-b4c2-6a8d25c86c0f,,"",2026-07-06 16:44:52.712654+00
VERIFY,bio-only:unverified,David R. Suetterlein,-5110004,va,Senator,t,t,Healthcare Access,4.0,,2,2,t,8ed24df0-2a89-45d2-a236-1fe339b2a11c,e8dad4a8-eb93-4931-91f5-d8fb5d7dd529,https://ballotpedia.org/David_Suetterlein,Suetterlein's 2019 campaign website states he 'opposes proposals to expand Obamacare in Virginia and recognizes the unsustainable financial burden it would place on Virginia taxpayers.' He 'supports healthcare reforms that would introduce market-based competition and reduce costs.' Opposition to Medicaid expansion while supporting private market competition aligns with value 4 (only help the poorest people afford healthcare and leave everyone else to employers and private insurance).,
VERIFY,bio-only:unverified,David R. Suetterlein,-5110004,va,Senator,t,t,Reproductive Rights and Abortion Access,4.0,,2,2,t,8ed24df0-2a89-45d2-a236-1fe339b2a11c,af2fdfd6-02c4-49df-b09c-cf8536f4773f,https://ballotpedia.org/David_Suetterlein,"Suetterlein's 2019 campaign website states: 'David is pro-life. As Senator, he will strongly oppose taxpayer funding of abortion and support the Virginia Pain-Capable Unborn Child Protection Act. David is endorsed by the Virginia Society for Human Life.' This position — opposing taxpayer funding while supporting the Pain-Capable Unborn Child Protection Act — aligns with value 4 (restrict abortion to only cases involving rape, incest, or serious threats to the mother's life).",
VERIFY,bio-only:unverified,Dewey Gordon Bryan,-470801,(none),(not seated),f,t,Social Security,3.0,,2,2,t,305d2ded-2833-4cad-a7e7-e001972d9947,87d20824-a6e9-407b-983c-65440084a0ab,https://ballotpedia.org/Dewey_Gordon_Bryan,"Bryan's survey opposes Republican plans to privatize Social Security investments in the stock market, warning benefits are already projected to fall short, without proposing a specific benefit expansion of his own.",
VERIFY,bio-only:unverified,Dewey Gordon Bryan,-470801,(none),(not seated),f,t,United States Tariff Policy,1.0,,2,2,t,305d2ded-2833-4cad-a7e7-e001972d9947,683c8084-2281-4920-a07c-18439b2dd413,https://ballotpedia.org/Dewey_Gordon_Bryan,"In his 2026 Ballotpedia Candidate Connection survey, Bryan says ""idiotic and mathematically flawed tariff policies raised prices for EVERY American on EVERYTHING"" and that ""West Tennessee farmers [were] screwed by tariff policies the last 16 months.""",
VERIFY,bio-only:unverified,Diane Linthicum,-4110028,or,Senator,t,t,Climate Change and Environmental Protection,5.0,,2,2,t,50eab431-7b51-4a56-acaa-61af3509c298,f1e44d66-5d27-4b51-b54f-b7ace86f6a3c,https://ballotpedia.org/Diane_Linthicum,Participated in May 2023 Senate Republican walkout opposing climate legislation; represents agricultural and timber Klamath Falls region dependent on water rights and resource use. https://ballotpedia.org/Diane_Linthicum,
VERIFY,bio-only:unverified,Diane Linthicum,-4110028,or,Senator,t,t,Taxation and Public Spending,5.0,,2,2,t,50eab431-7b51-4a56-acaa-61af3509c298,f7e5678d-dadd-4556-a2fc-446e24642ceb,https://ballotpedia.org/Diane_Linthicum,Voted NO on HB 3427 (2019) Corporate Activity Tax; consistent anti-tax position representing rural agricultural district. https://ballotpedia.org/Diane_Linthicum,
VERIFY,bio-only:unverified,Doug Basler,-530904,(none),(not seated),f,t,Criminalization of Homelessness,4.0,,2,2,t,7cfae23b-b360-4372-8998-bc109c90e391,4938766b-b45a-46e3-93bd-b8b30651271a,https://ballotpedia.org/Doug_Basler,"Same survey states 'crime and homelessness can be greatly reduced by restoring responsible police power,' an enforcement-oriented approach to public disorder.",
VERIFY,bio-only:unverified,Doug Basler,-530904,(none),(not seated),f,t,Fossil Fuel Policy,4.0,,2,2,t,7cfae23b-b360-4372-8998-bc109c90e391,a22215c3-6693-4bc2-b248-01aebba14570,https://ballotpedia.org/Doug_Basler,"Ballotpedia Candidate Connection survey (2022, most recent on file) states 'America has vast energy reserves' and pledges to 'work to bring down energy costs' and restore energy independence.",
VERIFY,bio-only:unverified,"Glen H. Sturtevant, Jr.",-5110012,va,Senator,t,t,Healthcare Access,4.0,,2,2,t,405de162-8de9-4aef-af9a-c323c04da698,e8dad4a8-eb93-4931-91f5-d8fb5d7dd529,https://ballotpedia.org/Glen_Sturtevant,"Sturtevant's 2015 campaign website explicitly stated: 'I oppose the expansion of Medicaid and Obamacare in Virginia. The federal tax increases and healthcare mandates imposed by Obamacare are killing jobs and our economy. Medicaid is already growing at an unsustainable rate, and expanding it will hurt our ability to fund important priorities like public safety and education.' Opposition to Medicaid expansion with market-based approach aligns with value 4 (only help the poorest people afford healthcare and leave everyone else to employers and private insurance).",
VERIFY,bio-only:unverified,"Glen H. Sturtevant, Jr.",-5110012,va,Senator,t,t,Taxation and Public Spending,4.0,,2,2,t,405de162-8de9-4aef-af9a-c323c04da698,f7e5678d-dadd-4556-a2fc-446e24642ceb,https://ballotpedia.org/Glen_Sturtevant,"Sturtevant's 2015 campaign website stated: 'Families must live within their means; government should too. We can grow our economy and create more jobs if government learns to live with less and we keep more of what we earn. I'll be a vote for lower taxes and free market, pro-growth economic policies. We have to get government off the back of regular people so that our economy can grow.' This anti-tax, pro-market position aligns with value 4 (cut taxes for everyone and scale back public services to match).",
RETIRE_NOW,no-context,Grant Pace,-323342,ut,State Representative District 60,t,t,Affordable Housing,2.0,,2,2,t,e5c70a0f-1b0a-4ea2-b159-a4d421223929,669cac97-66a6-4087-b036-936fbe62efb3,,"",
RETIRE_NOW,no-context,Grant Pace,-323342,ut,State Representative District 60,t,t,Residential Zoning,2.0,,2,2,t,e5c70a0f-1b0a-4ea2-b159-a4d421223929,d4f18138-a2e0-4110-b925-7387d9d0d16d,,"",
RETIRE_NOW,no-context,Jackie Larson,-306084,ut,State Representative District 64,t,t,Growth and Development Pace,2.0,,2,2,t,b86c57b4-9835-4fa3-8924-c52e52f19a66,fb25c1ac-91cc-49bf-8afc-c7fa22ef45e4,,"",
RETIRE_NOW,no-context,Jackie Larson,-306084,ut,State Representative District 64,t,t,Residential Zoning,2.0,,2,2,t,b86c57b4-9835-4fa3-8924-c52e52f19a66,d4f18138-a2e0-4110-b925-7387d9d0d16d,,"",
VERIFY,bio-only:unverified,John Hancock,-390102,(none),(not seated),f,t,Campaign Finance Reform,3.0,,2,2,t,ec72b7c5-635a-4590-a730-7e1bd62ce2f7,92730f69-ae57-401c-8ad1-2d07834a895d,https://ballotpedia.org/John_Hancock_(Ohio),"Campaign platform 'Liberty, Not Lobbyists' (via Ballotpedia): 'I'll push for crystal-clear records, end backroom schemes, and make sure your voice, not big money, calls the shots', with 'every deal and dollar wide open for all to see'; also pledges open records and unbiased declassification under 'Government Transparency'. Matches requiring full disclosure of all political donations; he proposes transparency rather than donation limits (rules out 2) and does not advocate eliminating campaign finance laws (rules out 5).",
VERIFY,bio-only:unverified,John Hancock,-390102,(none),(not seated),f,t,Taxation and Public Spending,5.0,,2,2,t,ec72b7c5-635a-4590-a730-7e1bd62ce2f7,f7e5678d-dadd-4556-a2fc-446e24642ceb,https://ballotpedia.org/John_Hancock_(Ohio),"Ballotpedia Candidate Connection survey and campaign website (quoted verbatim by Ballotpedia, April 2026): 'As a Libertarian, I believe Taxation is Theft... I'll fight to cut taxes, slash bloated budgets, and let you control your future'; survey adds the national debt/overspending is the country's greatest challenge and even floats funding government by crowdfunding. Matches drastically cutting taxes and shrinking government so people and businesses keep more of their money.",
RETIRE_NOW,no-context,Jose Delgado,-256700011,ma,City Councilor,t,t,Affordable Housing,3.0,,2,2,t,a265eb66-0b1e-45e5-9d55-f5565e0540f8,669cac97-66a6-4087-b036-936fbe62efb3,,"",2026-07-06 17:39:48.763203+00
RETIRE_NOW,no-context,Jose Delgado,-256700011,ma,City Councilor,t,t,Economic Development Incentives,3.0,,2,2,t,a265eb66-0b1e-45e5-9d55-f5565e0540f8,eb3d1247-0de1-4b7f-baec-7259861efd53,,"",2026-07-06 17:39:48.763203+00
VERIFY,bio-only:unverified,Joshua Warren Sales,-470704,(none),(not seated),f,t,School Vouchers & Public Education Funding,1.0,,2,2,t,c6a12d55-3dd8-47a6-a193-557162eb3d4e,00b95a6a-75db-4521-b523-3326bba938de,https://ballotpedia.org/Joshua_Warren_Sales,"Sales' survey emphasizes ""opening opportunities for all of our children, not just the ones that can afford private school,"" framing equal public-school opportunity as his education priority.",
VERIFY,bio-only:unverified,Joshua Warren Sales,-470704,(none),(not seated),f,t,Taxation and Public Spending,1.0,,2,2,t,c6a12d55-3dd8-47a6-a193-557162eb3d4e,f7e5678d-dadd-4556-a2fc-446e24642ceb,https://ballotpedia.org/Joshua_Warren_Sales,"In his 2026 Ballotpedia Candidate Connection survey, Sales says ""we need tax cuts for the workers, not for the big businesses...for families, not for billionaires,"" and approvingly cites Eisenhower's 91% top marginal tax rate as a model he agrees with.",
VERIFY,bio-only:unverified,Katrina E. Callsen,-5120054,va,Delegate,t,t,Reproductive Rights and Abortion Access,2.0,,2,2,t,13a9c6b7-d781-415b-b44f-3f8ca06aa763,af2fdfd6-02c4-49df-b09c-cf8536f4773f,https://ballotpedia.org/Katrina_Callsen,Ballotpedia 2023 survey: explicit priorities include codifying reproductive rights in the state Constitution and increasing access to reproductive health care — keep abortion legal and accessible through second trimester.,
VERIFY,bio-only:unverified,Katrina E. Callsen,-5120054,va,Delegate,t,t,School Vouchers & Public Education Funding,1.0,,2,2,t,13a9c6b7-d781-415b-b44f-3f8ca06aa763,00b95a6a-75db-4521-b523-3326bba938de,https://ballotpedia.org/Katrina_Callsen,Ballotpedia 2023 survey: explicitly lists Fund Our Public Schools as top campaign priority and calls for fully funding public schools — eliminating vouchers that divert taxpayer money.,
RETIRE_NOW,no-context,Kent Shelton,-4982950014,ut,Council Member District 4,t,t,Growth and Development Pace,2.0,,2,2,t,a3a3a07b-6ee3-48dd-8ca3-ff27adbd1628,fb25c1ac-91cc-49bf-8afc-c7fa22ef45e4,,"",
RETIRE_NOW,no-context,Kent Shelton,-4982950014,ut,Council Member District 4,t,t,Residential Zoning,2.0,,2,2,t,a3a3a07b-6ee3-48dd-8ca3-ff27adbd1628,d4f18138-a2e0-4110-b925-7387d9d0d16d,,"",
RETIRE_NOW,no-context,Keven J. Stratton,-368928,ut,State Senator District 24,t,t,Reproductive Rights and Abortion Access,4.0,,2,2,t,80ec24cb-49d4-48a4-bc01-58d33caf15d7,af2fdfd6-02c4-49df-b09c-cf8536f4773f,,"",
RETIRE_NOW,no-context,Keven J. Stratton,-368928,ut,State Senator District 24,t,t,Voting Rights and Electoral Integrity,4.0,,2,2,t,80ec24cb-49d4-48a4-bc01-58d33caf15d7,d1792200-1d3b-4955-a0b7-0e6980d7a7b2,,"",
RETIRE_NOW,no-context,Lars Nordfelt,-4983470003,ut,Council At-Large,t,t,Environmental Protection vs. Development,2.0,,2,2,t,75dff783-6998-4423-8100-a735de94b63c,1935979c-b290-42e4-baa5-8cb0138b4ffa,,"",
RETIRE_NOW,no-context,Lars Nordfelt,-4983470003,ut,Council At-Large,t,t,Public Safety Approach,4.0,,2,2,t,75dff783-6998-4423-8100-a735de94b63c,e9ebefcd-c496-45e8-b816-a79f8442ba85,,"",
VERIFY,bio-only:unverified,Laura Jones,-4810802,(none),(not seated),f,t,Childcare Affordability & Access,2.0,,2,2,t,91737658-7a36-428e-823c-64d4a30d5879,c1ac1330-47f7-44ec-baf3-c913d926b97c,https://ballotpedia.org/Laura_Jones_(Texas),"Her campaign website warns ""rising childcare costs are pushing women out of the workforce"" and calls for ""investing in accessible education and childcare"" to strengthen families -- significantly expanding childcare affordability support.",
VERIFY,bio-only:unverified,Laura Jones,-4810802,(none),(not seated),f,t,Healthcare Access,1.0,,2,2,t,91737658-7a36-428e-823c-64d4a30d5879,e8dad4a8-eb93-4931-91f5-d8fb5d7dd529,https://ballotpedia.org/Laura_Jones_(Texas),"Her campaign website states ""Access to healthcare is a basic human right"" and that the way to cut costs is to ""bring everyone into the system and allow the government to negotiate prices,"" cutting out the for-profit middlemen -- a single-payer, publicly run approach.",
VERIFY,bio-only:unverified,Lisa Fragala,-4120008,or,Representative,t,t,Civil Rights and Social Justice,1.0,,2,2,t,763d9c0d-e1a4-4ddd-b919-b1a70d1f99ac,0bc588c6-39e1-4084-b5de-cac909b8b762,https://ballotpedia.org/Lisa_Fragala,Voted YES on anti-discrimination and civil rights measures; consistent progressive voting record in the Oregon House from Eugene district. https://ballotpedia.org/Lisa_Fragala,
VERIFY,bio-only:unverified,Lisa Fragala,-4120008,or,Representative,t,t,Healthcare Access,2.0,,2,2,t,763d9c0d-e1a4-4ddd-b919-b1a70d1f99ac,e8dad4a8-eb93-4931-91f5-d8fb5d7dd529,https://ballotpedia.org/Lisa_Fragala,Voted for healthcare access expansion measures including Medicaid coverage expansion bills. https://ballotpedia.org/Lisa_Fragala,
VERIFY,bio-only:unverified,Mari Watanabe,-4120034,or,Representative,t,t,Civil Rights and Social Justice,1.0,,2,2,t,bcc608a3-abf0-4a30-9c4b-0721dcf04be5,0bc588c6-39e1-4084-b5de-cac909b8b762,https://ballotpedia.org/Mari_Watanabe,Supported civil rights and anti-discrimination measures; consistent progressive voting record from Portland/Multnomah district. https://ballotpedia.org/Mari_Watanabe,
VERIFY,bio-only:unverified,Mari Watanabe,-4120034,or,Representative,t,t,Healthcare Access,2.0,,2,2,t,bcc608a3-abf0-4a30-9c4b-0721dcf04be5,e8dad4a8-eb93-4931-91f5-d8fb5d7dd529,https://ballotpedia.org/Mari_Watanabe,Supported healthcare access expansion; voted for Medicaid expansion measures. https://ballotpedia.org/Mari_Watanabe,
RETIRE_NOW,no-context,Maria Perez,-256700004,ma,City Councilor (Ward 1),t,t,Affordable Housing,3.0,,2,2,t,f9dfe8ab-8b7e-427f-933f-be4ecbb1168d,669cac97-66a6-4087-b036-936fbe62efb3,,"",2026-07-06 17:47:28.052788+00
RETIRE_NOW,no-context,Maria Perez,-256700004,ma,City Councilor (Ward 1),t,t,Economic Development Incentives,3.0,,2,2,t,f9dfe8ab-8b7e-427f-933f-be4ecbb1168d,eb3d1247-0de1-4b7f-baec-7259861efd53,,"",2026-07-06 17:47:28.052788+00
RETIRE_NOW,no-context,Maria T. Tavares,-250900003,ma,City Councilor (Ward 2),t,t,Criminalization of Homelessness,4.0,,2,2,t,6b58e9c7-dc9e-4e63-93d3-c63f358e58a1,4938766b-b45a-46e3-93bd-b8b30651271a,,"",2026-07-06 16:52:23.244859+00
RETIRE_NOW,no-context,Maria T. Tavares,-250900003,ma,City Councilor (Ward 2),t,t,Homelessness Response,3.0,,2,2,t,6b58e9c7-dc9e-4e63-93d3-c63f358e58a1,6fbf39ae-6b19-4182-b4c2-6a8d25c86c0f,,"",2026-07-06 16:52:23.244859+00
RETIRE_NOW,no-context,Marlon D. Green,-250900002,ma,City Councilor (Ward 1),t,t,Criminalization of Homelessness,2.0,,2,2,t,d7e6d328-d2d1-4482-9d0a-e4ad18ce1a7e,4938766b-b45a-46e3-93bd-b8b30651271a,,"",2026-07-06 16:58:34.122506+00
RETIRE_NOW,no-context,Marlon D. Green,-250900002,ma,City Councilor (Ward 1),t,t,Homelessness Response,2.0,,2,2,t,d7e6d328-d2d1-4482-9d0a-e4ad18ce1a7e,6fbf39ae-6b19-4182-b4c2-6a8d25c86c0f,,"",2026-07-06 16:58:34.122506+00
VERIFY,bio-only:unverified,Marquette Greene-Scott,-4812201,(none),(not seated),f,t,Healthcare Access,1.0,,2,2,t,78f1d851-4856-456e-b23d-5e15b5516ef2,e8dad4a8-eb93-4931-91f5-d8fb5d7dd529,https://ballotpedia.org/Marquette_Greene-Scott,"Her survey states ""Healthcare is a human right and not a privilege"" and champions ""Universal healthcare"" that is ""not dependent upon employment or income,"" choosing ""people over profits"" like ""every other developed nation"" -- a publicly guaranteed universal system.",
VERIFY,bio-only:unverified,Marquette Greene-Scott,-4812201,(none),(not seated),f,t,Immigration and Treatment of Immigrants,2.0,,2,2,t,78f1d851-4856-456e-b23d-5e15b5516ef2,4e2c69ce-591e-4197-9cd5-7aceff79d390,https://ballotpedia.org/Marquette_Greene-Scott,"Her survey condemns the administration's ""lawless"" immigration enforcement -- ""masked men picking people up off the streets, at their jobs, at school"" -- and calls for ""comprehensive immigration reform passed by Congress"" -- a welcoming, reform-oriented posture.",
VERIFY,bio-only:unverified,Melissa Chaudhry,-530903,(none),(not seated),f,t,Campaign Finance Reform,2.0,,2,2,t,1fe6548e-ea7c-4101-ad7a-f5947c0761b1,92730f69-ae57-401c-8ad1-2d07834a895d,https://ballotpedia.org/Melissa_Chaudhry,Ballotpedia Candidate Connection survey (2024) states she does not take money from defense contractors or AIPAC-aligned entities and is 'not beholden to high-stake donors.',
VERIFY,bio-only:unverified,Melissa Chaudhry,-530903,(none),(not seated),f,t,Climate Change and Environmental Protection,2.0,,2,2,t,1fe6548e-ea7c-4101-ad7a-f5947c0761b1,f1e44d66-5d27-4b51-b54f-b7ace86f6a3c,https://ballotpedia.org/Melissa_Chaudhry,"Survey lists demilitarizing and decarbonizing among the nation's greatest coming challenges, alongside 'environment and climate change' as a personal policy passion.",
RETIRE_NOW,no-context,Michelle Stallings,-4944320006,ut,City Council Member,t,t,Economic Development Incentives,2.0,,2,2,t,f0f02657-d3ae-4113-a351-83454ab1bf2e,eb3d1247-0de1-4b7f-baec-7259861efd53,,"",
RETIRE_NOW,no-context,Michelle Stallings,-4944320006,ut,City Council Member,t,t,Growth and Development Pace,1.0,,2,2,t,f0f02657-d3ae-4113-a351-83454ab1bf2e,fb25c1ac-91cc-49bf-8afc-c7fa22ef45e4,,"",
RETIRE_NOW,no-context,Mike Kolendrianos,-4943660006,ut,City Council Member,t,t,Residential Zoning,2.0,,2,2,t,25081e12-bd49-4778-9a51-b3a7298443ef,d4f18138-a2e0-4110-b925-7387d9d0d16d,,"",
RETIRE_NOW,no-context,Mike Kolendrianos,-4943660006,ut,City Council Member,t,t,Transportation Priorities,2.0,,2,2,t,25081e12-bd49-4778-9a51-b3a7298443ef,ba59337e-30e2-4aba-a39a-426b3366eb27,,"",
VERIFY,bio-only:unverified,Noah Robinson,-4110002,or,Senator,t,t,Climate Change and Environmental Protection,5.0,,2,2,t,13ce589f-756e-4968-881f-c8cc95dae404,f1e44d66-5d27-4b51-b54f-b7ace86f6a3c,https://ballotpedia.org/Noah_Robinson_(Oregon),Participated in May 2023 Senate Republican walkout blocking quorum to prevent passage of climate and gun legislation; opposed cap-and-trade style climate bills. https://ballotpedia.org/Noah_Robinson_(Oregon),
VERIFY,bio-only:unverified,Noah Robinson,-4110002,or,Senator,t,t,Taxation and Public Spending,5.0,,2,2,t,13ce589f-756e-4968-881f-c8cc95dae404,f7e5678d-dadd-4556-a2fc-446e24642ceb,https://ballotpedia.org/Noah_Robinson_(Oregon),Voted NO on tax increase measures; consistent conservative anti-tax voting record as Republican senator from rural southern Oregon. https://ballotpedia.org/Noah_Robinson_(Oregon),
RETIRE_NOW,no-context,Philip E. Griffin,-250900004,ma,City Councilor (Ward 3),t,t,Criminalization of Homelessness,4.0,,2,2,t,fb09afc5-bbc2-4321-8bb4-5829ca55347f,4938766b-b45a-46e3-93bd-b8b30651271a,,"",2026-07-06 17:02:54.2141+00
RETIRE_NOW,no-context,Philip E. Griffin,-250900004,ma,City Councilor (Ward 3),t,t,Homelessness Response,4.0,,2,2,t,fb09afc5-bbc2-4321-8bb4-5829ca55347f,6fbf39ae-6b19-4182-b4c2-6a8d25c86c0f,,"",2026-07-06 17:02:54.2141+00
RETIRE_NOW,no-context,Quinn Mecham,-375610,ut,City Council,t,f,Environmental Protection vs. Development,2.0,,2,2,t,c4afde28-7a2e-4825-8a21-0bc8d8095602,1935979c-b290-42e4-baa5-8cb0138b4ffa,,"",2026-05-30 13:55:02.323906+00
RETIRE_NOW,no-context,Quinn Mecham,-375610,ut,City Council,t,f,Growth and Development Pace,3.0,,2,2,t,c4afde28-7a2e-4825-8a21-0bc8d8095602,fb25c1ac-91cc-49bf-8afc-c7fa22ef45e4,,"",2026-05-30 13:55:02.323906+00
VERIFY,bio-only:unverified,Rachel Hurley,-470504,(none),(not seated),f,t,Campaign Finance Reform,2.0,,2,2,t,36c84f28-6c7f-43bf-af5c-56fda3fe3840,92730f69-ae57-401c-8ad1-2d07834a895d,https://ballotpedia.org/Rachel_Hurley,"Candidate Connection survey states she ""take[s] no corporate PAC money"" and campaigns on ""real limits on lobbying and the money that runs Washington,"" matching strict limits on corporate donations and dark money rather than a full ban on all private money.",
VERIFY,bio-only:unverified,Rachel Hurley,-470504,(none),(not seated),f,t,State Redistricting and Gerrymandering,1.0,,2,2,t,36c84f28-6c7f-43bf-af5c-56fda3fe3840,48cc9585-ec22-4f53-8d42-6839828dd36f,https://ballotpedia.org/Rachel_Hurley,"Survey centers her campaign on opposing the 2026 mid-decade gerrymander that ""split Memphis and stretched the seat across 17 counties"" in a legislature-controlled ""three-day special session,"" opposing exactly the party-controlled map-drawing process described in the most partisan chair, implying support for an independent, reform-oriented process.",
VERIFY,bio-only:unverified,Richard Freudenberg,-530510,(none),(not seated),f,t,Healthcare Access,1.0,,2,2,t,34a456f0-bf29-4652-a3d7-6036d22ecd17,e8dad4a8-eb93-4931-91f5-d8fb5d7dd529,https://ballotpedia.org/Richard_Freudenberg,"Ballotpedia Candidate Connection survey (2026) explicitly supports Medicare for all, stating 'No one should die because they do not have health insurance.'",
VERIFY,bio-only:unverified,Richard Freudenberg,-530510,(none),(not seated),f,t,Medicare / Medicaid,1.0,,2,2,t,34a456f0-bf29-4652-a3d7-6036d22ecd17,cab61e8a-64fe-4bbd-bc08-fe9914d0091b,https://ballotpedia.org/Richard_Freudenberg,Same survey explicitly endorses Medicare for all alongside expanding Medicaid for those who cannot afford private insurance.,
VERIFY,bio-only:unverified,Sarah Finger McDonald,-4120016,or,Representative,t,t,Civil Rights and Social Justice,1.0,,2,2,t,2a116530-8d06-41b5-b965-50d943eae8c2,0bc588c6-39e1-4084-b5de-cac909b8b762,https://ballotpedia.org/Sarah_Finger_McDonald,Supported anti-discrimination and civil rights measures in the Oregon House; consistent progressive voting record in Corvallis. https://ballotpedia.org/Sarah_Finger_McDonald,
VERIFY,bio-only:unverified,Sarah Finger McDonald,-4120016,or,Representative,t,t,Healthcare Access,2.0,,2,2,t,2a116530-8d06-41b5-b965-50d943eae8c2,e8dad4a8-eb93-4931-91f5-d8fb5d7dd529,https://ballotpedia.org/Sarah_Finger_McDonald,Voted for healthcare access expansion measures; Corvallis/Oregon State University community priorities. https://ballotpedia.org/Sarah_Finger_McDonald,
VERIFY,bio-only:unverified,Shannon Isadore,-4120033,or,Representative,t,t,Civil Rights and Social Justice,1.0,,2,2,t,2b9da845-9fab-406f-97c3-1afe895c254b,0bc588c6-39e1-4084-b5de-cac909b8b762,https://ballotpedia.org/Shannon_Isadore,Supported civil rights and anti-discrimination measures; Portland metro Democrat with documented equity-focused voting record. https://ballotpedia.org/Shannon_Isadore,
VERIFY,bio-only:unverified,Shannon Isadore,-4120033,or,Representative,t,t,Healthcare Access,2.0,,2,2,t,2b9da845-9fab-406f-97c3-1afe895c254b,e8dad4a8-eb93-4931-91f5-d8fb5d7dd529,https://ballotpedia.org/Shannon_Isadore,Supported healthcare access expansion; voted for Medicaid expansion and healthcare measures. https://ballotpedia.org/Shannon_Isadore,
RETIRE_NOW,no-context,Shaun Myers,-4955980004,ut,Council At-Large Seat C,t,t,Affordable Housing,3.0,,2,2,t,c75b5f0e-d137-421b-ac5c-a365cd5cb50a,669cac97-66a6-4087-b036-936fbe62efb3,,"",
RETIRE_NOW,no-context,Shaun Myers,-4955980004,ut,Council At-Large Seat C,t,t,Homelessness Response,2.0,,2,2,t,c75b5f0e-d137-421b-ac5c-a365cd5cb50a,6fbf39ae-6b19-4182-b4c2-6a8d25c86c0f,,"",
VERIFY,bio-only:unverified,Steve Parsons,-50102,(none),(not seated),f,t,Social Security,5.0,,2,2,t,edde4071-d93c-4190-b139-671599e6fed4,87d20824-a6e9-407b-983c-65440084a0ab,https://ballotpedia.org/Steve_Parsons,"Parsons calls Social Security 'the worst social program ever created' and 'a failed pyramid scheme,' rhetoric consistent with chair 5's call to transition Social Security to private investment accounts, the standard reform response to pay-as-you-go 'pyramid scheme' criticism.",
VERIFY,bio-only:unverified,Steve Parsons,-50102,(none),(not seated),f,t,United States Tariff Policy,1.0,,2,2,t,edde4071-d93c-4190-b139-671599e6fed4,683c8084-2281-4920-a07c-18439b2dd413,https://ballotpedia.org/Steve_Parsons,"Parsons' campaign platform (per Ballotpedia) states he advocates eliminating trade tariffs entirely, including tariffs on Latin American goods, matching chair 1: eliminate all tariffs and pursue completely free trade with every country.",
VERIFY,bio-only:unverified,Todd Nash,-4110029,or,Senator,t,t,Climate Change and Environmental Protection,5.0,,2,2,t,86d23630-36ff-48a7-b2ac-6071a0cabd64,f1e44d66-5d27-4b51-b54f-b7ace86f6a3c,https://ballotpedia.org/Todd_Nash,Rancher and livestock industry representative; participated in 2023 Republican walkout opposing climate legislation; strongly opposes regulations affecting agriculture and Eastern Oregon water rights. https://ballotpedia.org/Todd_Nash,
VERIFY,bio-only:unverified,Todd Nash,-4110029,or,Senator,t,t,Taxation and Public Spending,5.0,,2,2,t,86d23630-36ff-48a7-b2ac-6071a0cabd64,f7e5678d-dadd-4556-a2fc-446e24642ceb,https://ballotpedia.org/Todd_Nash,Voted NO on HB 3427 (2019) Corporate Activity Tax; consistent anti-tax position representing rural agricultural district. https://ballotpedia.org/Todd_Nash,
VERIFY,bio-only:unverified,Troy Rasband,-530304,(none),(not seated),f,t,Campaign Finance Reform,2.0,,2,2,t,7d0fd17d-2ef8-4ed1-89fa-b55f0dfef147,92730f69-ae57-401c-8ad1-2d07834a895d,https://ballotpedia.org/Troy_Rasband,Survey states elected officials 'must answer to the people they serve – not wealthy donors or special interests' and commits to pushing back against corporate money's influence in government.,
VERIFY,bio-only:unverified,Troy Rasband,-530304,(none),(not seated),f,t,Taxation and Public Spending,1.0,,2,2,t,7d0fd17d-2ef8-4ed1-89fa-b55f0dfef147,f7e5678d-dadd-4556-a2fc-446e24642ceb,https://ballotpedia.org/Troy_Rasband,Ballotpedia Candidate Connection survey (2026) calls for ensuring the wealthiest pay their fair share through measures like a wealth tax.,
RETIRE_NOW,no-context,Victor G. Davila,-256700007,ma,City Councilor (Ward 6),t,t,Affordable Housing,3.0,,2,2,t,f55836a5-4525-4142-9773-1bc08b21cc63,669cac97-66a6-4087-b036-936fbe62efb3,,"",2026-07-06 17:55:10.096407+00
RETIRE_NOW,no-context,Victor G. Davila,-256700007,ma,City Councilor (Ward 6),t,t,Public Safety Approach,4.0,,2,2,t,f55836a5-4525-4142-9773-1bc08b21cc63,e9ebefcd-c496-45e8-b816-a79f8442ba85,,"",2026-07-06 17:55:10.096407+00
VERIFY,bio-only:unverified,Adam Bauman,-4811601,(none),(not seated),f,t,Immigration and Treatment of Immigrants,4.0,,1,1,t,279202a2-12c6-48b0-a19b-45470145cbce,4e2c69ce-591e-4197-9cd5-7aceff79d390,https://ballotpedia.org/Adam_Bauman,"His campaign platform makes ""Secure Border"" a top plank -- citing his career in the Border Patrol's BORTAC tactical team and committing to ""support the Customs and Border Protection mission to protect our border"" and prevent criminals and narcotics from crossing -- a restrictive, enforcement-first posture.",
RETIRE_NOW,no-context,Alicia Washington,-4955980002,ut,Council At-Large Seat A,t,t,Homelessness Response,1.0,,1,1,t,33596690-2132-4bb1-ba07-b0bf296b6754,6fbf39ae-6b19-4182-b4c2-6a8d25c86c0f,,"",
VERIFY,bio-only:unverified,Ankur Patel,,(none),(not seated),f,t,School Vouchers & Public Education Funding,1.0,,1,1,t,62fee96f-2c08-4623-9977-ec9f5ec50a84,00b95a6a-75db-4521-b523-3326bba938de,https://ballotpedia.org,"Patel holds a strongly anti-voucher position, opposing diversion of public school funding to private institutions. His score reflects support for investing in the public school system rather than creating parallel private school subsidy programs.",
VERIFY,bio-only:unverified,April Dobson,-4120039,or,Representative,t,t,Civil Rights and Social Justice,1.0,,1,1,t,0bffa985-c83b-41c3-8901-19b7dac86cd7,0bc588c6-39e1-4084-b5de-cac909b8b762,https://ballotpedia.org/April_Dobson,Supported civil rights and anti-discrimination measures; consistent progressive voting record from Portland district. https://ballotpedia.org/April_Dobson,
VERIFY,bio-only:unverified,Bajun R. Mavalwalla,-530504,(none),(not seated),f,t,Ukraine - Russia Conflict,2.0,,1,1,t,0ccfe038-c44a-4384-a3c3-68f3a031f094,24e9212c-b011-422a-865c-093e35050901,https://ballotpedia.org/Bajun_Mavalwalla,"Ballotpedia Candidate Connection survey (2026) criticizes the incumbent as 'fine with handing over 20% of Ukraine to Putin' and raises alarm about NATO being 'at risk,' framing continued support for Ukraine's defense against territorial concessions as a priority.",
RETIRE_NOW,no-context,Bettina Smith Edmondson,-4943660003,ut,City Council Member,t,t,Growth and Development Pace,3.0,,1,1,t,88502130-65ab-48a2-9b12-58a8511949b9,fb25c1ac-91cc-49bf-8afc-c7fa22ef45e4,,"",
RETIRE_NOW,no-context,Chad Lamb,-4982950011,ut,Council Member District 1,t,t,Growth and Development Pace,4.0,,1,1,t,976d5f26-32ff-42e1-919b-b497a9c59c89,fb25c1ac-91cc-49bf-8afc-c7fa22ef45e4,,"",
VERIFY,bio-only:unverified,Chaney Mosley,-470609,(none),(not seated),f,t,Campaign Finance Reform,3.0,,1,1,t,b50ac669-318e-4b48-9d4f-efecde6cef65,92730f69-ae57-401c-8ad1-2d07834a895d,https://ballotpedia.org/Chaney_Mosley,"In his 2026 Ballotpedia Candidate Connection survey, Mosley calls for ""meaningful congressional reform...including reducing the influence of money in politics, strengthening ethics standards, and ensuring elected officials are focused on serving the people, not themselves.""",
VERIFY,bio-only:unverified,Curtis Goodwin,-40203,(none),(not seated),f,t,Taxation and Public Spending,5.0,,1,1,t,7370c0f1-5362-4c7a-b665-452a98f9af84,f7e5678d-dadd-4556-a2fc-446e24642ceb,https://ballotpedia.org/Curtis_Goodwin,"Goodwin's Ballotpedia Candidate Connection survey (completed June 2026) lists his three key campaign messages as 'Individual Freedom,' 'Limited Government, Strong Communities,' and 'Fiscal Responsibility: Washington doesn't have a revenue problem -- it has a spending problem,' and lists 'Reducing Federal Spending and National Debt' and 'Limiting Federal Overreach' among his passionate policy areas as a Libertarian Party candidate. This shrink-government framing matches stance 5 (drastically cut taxes and shrink government so people and businesses keep more of their money) rather than the more moderate stance 4.",
VERIFY,bio-only:unverified,Darcey Edwards,-4120031,or,Representative,t,t,Climate Change and Environmental Protection,5.0,,1,1,t,eab1011b-0cf3-4538-8842-292e7ab22291,f1e44d66-5d27-4b51-b54f-b7ace86f6a3c,https://ballotpedia.org/Darcey_Edwards,Participated in 2023 Oregon House Republican walkout blocking quorum on HB 2020 climate legislation; rural Washington/Columbia County agricultural interests. https://ballotpedia.org/Darcey_Edwards,
RETIRE_NOW,no-context,Dave Thomas,-4943660005,ut,City Council Member,t,t,Growth and Development Pace,4.0,,1,1,t,fcad73e9-43f6-4b39-8744-2db7effbb136,fb25c1ac-91cc-49bf-8afc-c7fa22ef45e4,,"",
VERIFY,bio-only:unverified,Dennis Clark,-470909,(none),(not seated),f,t,Civil Rights and Social Justice,1.0,,1,1,t,c028b916-7842-4823-8e4c-02e60e7d3959,0bc588c6-39e1-4084-b5de-cac909b8b762,https://ballotpedia.org/Dennis_Jeffrey_Clark_(Tennessee_congressional_candidate),"In his Ballotpedia Candidate Connection survey, Clark states ""Our country must provide reparations to the descendants of the people who helped build this company and were unable to equally partake in the benefits.""",
VERIFY,bio-only:unverified,Dwayne Yunker,-4120003,or,Representative,t,t,Climate Change and Environmental Protection,5.0,,1,1,t,f74bb46f-4e4a-47c0-a3d7-285e57cf8d4d,f1e44d66-5d27-4b51-b54f-b7ace86f6a3c,https://ballotpedia.org/Dwayne_Yunker,Participated in 2023 Oregon House Republican walkout blocking quorum on HB 2020 climate/cap-and-trade legislation; rural Klamath/Jackson district with agricultural/timber economy interests. https://ballotpedia.org/Dwayne_Yunker,
VERIFY,bio-only:unverified,Edgardo Baez,-4812001,(none),(not seated),f,t,Taxation and Public Spending,4.0,,1,1,t,d5c87947-6b2d-43e3-898f-a111b6f19f4e,f7e5678d-dadd-4556-a2fc-446e24642ceb,https://ballotpedia.org/Edgardo_Baez,"His Candidate Connection survey states he ""advocate[s] for a smaller, less intrusive government,"" values financial transparency to ""limit government overreach,"" and models himself after Paul Ryan's fiscal conservatism and tax reform -- cutting taxes and scaling back government spending.",
VERIFY,bio-only:unverified,Jacob Kristopher Anders,-470409,(none),(not seated),f,t,Healthcare Access,1.0,,1,1,t,3a9d306a-c295-4eea-8d35-9e1820368e8f,e8dad4a8-eb93-4931-91f5-d8fb5d7dd529,https://ballotpedia.org/Jacob_Anders,"Candidate Connection survey calls for ""universal healthcare that doesn't bankrupt anyone,"" matching a fully public, government-run system rather than a private-insurance mix.",
RETIRE_NOW,no-context,Jenn Gale,-375615,ut,City Council,t,f,Growth and Development Pace,3.0,,1,1,t,3ea56609-d171-45b2-8736-9a8e5b56ede3,fb25c1ac-91cc-49bf-8afc-c7fa22ef45e4,,"",2026-05-30 13:55:02.323906+00
VERIFY,bio-only:unverified,Johnny Baucom,-280102,(none),(not seated),f,t,Taxation and Public Spending,5.0,,1,1,t,a8895322-9cf9-44ad-af0b-2be7e76c0c5d,f7e5678d-dadd-4556-a2fc-446e24642ceb,"https://ballotpedia.org/Mississippi's_1st_Congressional_District_election,_2026","Ballotpedia's summary of Baucom's Candidate Connection survey describes his campaign priorities as centered on deregulation and 'constitutional concerns about taxation,' consistent with a platform to drastically cut taxes and shrink government's footprint in the economy; his own survey page could not be directly retrieved (repeated access block), so no verbatim quote is available and this is based on Ballotpedia's editorial summary of his stated priorities.",
VERIFY,bio-only:unverified,Jon Henry,-470603,(none),(not seated),f,t,United States Tariff Policy,5.0,,1,1,t,89ffd927-f862-4590-bea5-7a56614d0b14,683c8084-2281-4920-a07c-18439b2dd413,https://ballotpedia.org/Jon_Henry,"In his 2026 Ballotpedia Candidate Connection survey, Henry says policy should ""re-shore vital industries in America"" so that ""everything the US must have to sustain itself must be manufactured within our country and not be beholden to overseas industry.""",
VERIFY,bio-only:unverified,Jordan D. Hinders,-470802,(none),(not seated),f,t,Taxation and Public Spending,2.0,,1,1,t,53e0fcdb-7721-468f-a4b3-30289f6bb972,f7e5678d-dadd-4556-a2fc-446e24642ceb,https://ballotpedia.org/Jordan_Hinders,"In his 2026 Ballotpedia Candidate Connection survey, Hinders proposes ""lowering of taxes for middle class citizens, tax break restrictions so everyone pays their fair share, and accountability policies for corporations.""",
VERIFY,bio-only:unverified,Joshua Ray Ashburn,-470104,(none),(not seated),f,t,Taxation and Public Spending,4.0,,1,1,t,b15b9b17-3585-4d13-bad4-564afe05d839,f7e5678d-dadd-4556-a2fc-446e24642ceb,https://ballotpedia.org/Joshua_Ray_Ashburn,"Candidate Connection survey calls to reduce the tax burden on small businesses and farmers and cut regulatory red tape, matching a general tax-cut position rather than raising taxes on the wealthy or maintaining current rates.",
VERIFY,bio-only:unverified,Joyce E. Neal,-470408,(none),(not seated),f,t,Social Security,3.0,,1,1,t,f9e23754-bec5-4c57-8002-622d2354f78f,87d20824-a6e9-407b-983c-65440084a0ab,https://ballotpedia.org/Joyce_Neal,"Candidate Connection survey lists ""Continuation of Social Security for retirees"" among her priorities, a status-quo/stability framing without a stated benefit expansion or cap change, matching small adjustments to keep the program stable.",
VERIFY,bio-only:unverified,Kurtis Engle,-531002,(none),(not seated),f,t,State Redistricting and Gerrymandering,1.0,,1,1,t,88344dd3-3458-4237-866a-3e6a538b248d,48cc9585-ec22-4f53-8d42-6839828dd36f,https://ballotpedia.org/Kurtis_Engle,"In his Ballotpedia Candidate Connection survey, Engle says redistricting should be 'Scrupulously non-partisan. The way no one does it, now,' explicitly opposing partisan control and stating the process 'should be placed in non-political hands,' which matches the no-elected-officials-involved independent-commission chair rather than a bipartisan-legislative or partisan-legislature model.",
VERIFY,bio-only:unverified,Lamar Wise,-4120048,or,Representative,t,t,Civil Rights and Social Justice,1.0,,1,1,t,e0b21a1d-8c55-4aa9-a58a-d6b69db9f716,0bc588c6-39e1-4084-b5de-cac909b8b762,https://ballotpedia.org/Lamar_Wise,Supported civil rights and anti-discrimination measures; Portland SE district with equity-focused progressive voting record. https://ballotpedia.org/Lamar_Wise,
VERIFY,bio-only:unverified,Lauren Peña,-4813701,(none),(not seated),f,t,Immigration and Treatment of Immigrants,3.0,,1,1,t,3af51468-a3eb-41be-9d8b-5686d31cb1fe,4e2c69ce-591e-4197-9cd5-7aceff79d390,https://ballotpedia.org/Lauren_Pe%C3%B1a,"Her Ballotpedia Candidate Connection survey says she ""supports strong borders, responsible immigration, and lawful surveillance"" and ""responsible immigration policies that protect our nation while welcoming those who follow the law"" -- keeping legal immigration in place with border enforcement.",
RETIRE_NOW,no-context,Leah Hansen,-331765,ut,State Representative District 51,t,t,Civil Rights and Social Justice,5.0,,1,1,t,ef01b369-5092-4548-bfc3-e3fd611b1039,0bc588c6-39e1-4084-b5de-cac909b8b762,,"",
VERIFY,bio-only:unverified,Leon Lawson,-530604,(none),(not seated),f,t,Medicare / Medicaid,3.0,,1,1,t,4bb7dc78-9908-4c45-9e38-e992d6edcfc5,cab61e8a-64fe-4bbd-bc08-fe9914d0091b,https://ballotpedia.org/Leon_Lawson,"Ballotpedia Candidate Connection survey (2026) proposes a 'Senior Healthcare Act' to 'crush Big Pharma middlemen' and give seniors 'direct age-scaled subsidies,' a cost-control/efficiency approach that improves the existing program rather than expanding it to everyone or privatizing it.",
VERIFY,bio-only:unverified,Lesly Muñoz,-4120022,or,Representative,t,t,Civil Rights and Social Justice,1.0,,1,1,t,7360da53-a6df-42d9-89b4-fff76af23de6,0bc588c6-39e1-4084-b5de-cac909b8b762,https://ballotpedia.org/Lesly_Munoz,Supported civil rights and anti-discrimination measures; consistent progressive voting record in the Oregon House from Salem district. https://ballotpedia.org/Lesly_Munoz,
VERIFY,bio-only:unverified,Leticia Gutierrez,-4810901,(none),(not seated),f,t,Immigration and Treatment of Immigrants,2.0,,1,1,t,12840c5b-e90b-4a4c-96e1-80c7b0168529,4e2c69ce-591e-4197-9cd5-7aceff79d390,https://ballotpedia.org/Leticia_Gutierrez,"Her Candidate Connection survey states that, as someone who ""came to this country very young,"" she is ""passionate about ensuring that immigrants receive a fair shake and the due process that our nation promises"" -- a welcoming, pro-immigrant posture.",
VERIFY,bio-only:unverified,Matt Bunch,-4120051,or,Representative,t,t,Climate Change and Environmental Protection,5.0,,1,1,t,ce386a55-7cc5-4006-89db-97e06e0e0279,f1e44d66-5d27-4b51-b54f-b7ace86f6a3c,https://ballotpedia.org/Matt_Bunch,Participated in 2023 Oregon House Republican walkout blocking quorum on HB 2020 climate legislation; Coos Bay coastal fishing and timber economy interests. https://ballotpedia.org/Matt_Bunch,
VERIFY,bio-only:unverified,Michael Van Meter,-511104,(none),(not seated),f,t,Taxation and Public Spending,4.0,,1,1,t,4f67e1b7-3f4d-4aef-b806-904555a7aee4,f7e5678d-dadd-4556-a2fc-446e24642ceb,https://ballotpedia.org/Michael_Van_Meter,"Van Meter's 2024 VA-11 campaign platform (per Ballotpedia's summary of his campaign website and Candidate Connection survey) listed ""Improve the economy"" as a top priority, achieved through reducing taxes and limiting government interference in business recovery -- a general tax-cut/small-government position without specifics on eliminating public services or a flat tax, so it maps to stance 4 rather than 5. Note: Ballotpedia confirms Van Meter withdrew from the 2026 VA-11 Republican primary before the Aug. 4 vote and did not complete a 2026 Candidate Connection survey, so this 2024 platform is his most recent documented position on record.",
VERIFY,bio-only:unverified,Nirav Sheth,-530702,(none),(not seated),f,t,Immigration and Treatment of Immigrants,3.0,,1,1,t,e48fb7a8-d274-4ead-9835-364b640f7984,4e2c69ce-591e-4197-9cd5-7aceff79d390,https://ballotpedia.org/Nirav_Sheth,"Ballotpedia Candidate Connection survey (2026), from a candidate who is himself a legal immigrant from India, states legal immigration 'has been and will continue to be the only way for successful integration' without calling for expanding or reducing current legal immigration levels.",
VERIFY,bio-only:unverified,Rhonda Hart,-4813601,(none),(not seated),f,t,Reproductive Rights and Abortion Access,2.0,,1,1,t,52cbb916-a7d5-4fcc-a8c8-a396841b2bb8,af2fdfd6-02c4-49df-b09c-cf8536f4773f,https://ballotpedia.org/Rhonda_Hart,"Her campaign website (quoted on Ballotpedia) pledges to ""defend a woman's right to choose and work to pass federal laws to codify Roe v. Wade"" so pregnant Texans need not flee the state for care -- keeping abortion legal and accessible.",
VERIFY,bio-only:unverified,Steven Shook,-4812601,(none),(not seated),f,t,Healthcare Access,2.0,,1,1,t,df786fca-5c25-4954-8909-06b491ac0565,e8dad4a8-eb93-4931-91f5-d8fb5d7dd529,https://ballotpedia.org/Steven_Shook,"A healthcare provider of nearly 20 years, his survey makes ""keeping rural hospitals open"" and ""lowering healthcare costs"" top priorities, stating ""Every American deserves affordable, reliable healthcare"" -- guaranteeing affordable coverage and protecting public health infrastructure.",
VERIFY,bio-only:unverified,Sue Rieke Smith,-4120026,or,Representative,t,t,Healthcare Access,2.0,,1,1,t,0d5a4aeb-121f-461c-b379-a8a00c3b1ba1,e8dad4a8-eb93-4931-91f5-d8fb5d7dd529,https://ballotpedia.org/Sue_Rieke_Smith,Supported healthcare access expansion measures; voted for Medicaid expansion in the Oregon House. https://ballotpedia.org/Sue_Rieke_Smith,
RETIRE_NOW,no-context,Tom Huynh,-4983470011,ut,Council District 1,t,t,Growth and Development Pace,2.0,,1,1,t,a86ee0e6-54e9-4712-a517-6667914db50f,fb25c1ac-91cc-49bf-8afc-c7fa22ef45e4,,"",
VERIFY,bio-only:unverified,Victoria Broderick,-470404,(none),(not seated),f,t,Reproductive Rights and Abortion Access,2.0,,1,1,t,95f2c68c-03d0-45c6-bfe4-8fc971d6f96b,af2fdfd6-02c4-49df-b09c-cf8536f4773f,https://ballotpedia.org/Victoria_Broderick,"Candidate Connection survey describes becoming politically active after Roe was overturned during her own pregnancy complications and lists ""reproductive freedom"" as a top campaign issue; absent a stated position on funding at all stages of pregnancy, placed at the codify-Roe chair (legal and accessible with rare later exceptions).",
VERIFY,bio-only:unverified,Virginia McIntyre,-3612501,(none),(not seated),f,t,Taxation and Public Spending,4.0,,1,1,t,486ec568-8c68-41e4-a289-2116c66e4cf1,f7e5678d-dadd-4556-a2fc-446e24642ceb,https://ballotpedia.org/Virginia_McIntyre,"Her Ballotpedia Candidate Connection survey pledges ""fighting for tax relief for working families and seniors"" with a focus on ""fiscal responsibility, and putting taxpayers first"" -- cutting taxes and restraining spending.",
VERIFY,bio-only:unverified,Willy Chotzen,-4120046,or,Representative,t,t,Civil Rights and Social Justice,1.0,,1,1,t,d3371858-924e-4f76-b756-f2d7bb3c9b8d,0bc588c6-39e1-4084-b5de-cac909b8b762,https://ballotpedia.org/Willy_Chotzen,Supported civil rights and anti-discrimination measures; consistent progressive voting record from Portland NE district. https://ballotpedia.org/Willy_Chotzen,
RETIRE_NOW,empty-sources,J.D. Vance,649011,"",Vice President,t,t,Artificial Intelligence Oversight,1.0,,20,28,f,a809747d-3e53-4e9e-b3a1-6641dac2455c,666bf03d-81fc-4138-ab15-69ae734c9023,"","VP Paris AI Summit ""excessive regulation could kill"" AI; presidency.ucsb.edu/documents/remarks-the-vice-president-the-artificial-intelligence-action-summit-paris-france",
RETIRE_NOW,empty-sources,J.D. Vance,649011,"",Vice President,t,t,Childcare Affordability & Access,3.0,,20,28,f,a809747d-3e53-4e9e-b3a1-6641dac2455c,c1ac1330-47f7-44ec-baf3-c913d926b97c,"",FLAG; $5k child tax credit; opposes universal daycare; aei.org/articles/some-context-behind-jd-vances-child-tax-credit-comments,
RETIRE_NOW,empty-sources,J.D. Vance,649011,"",Vice President,t,t,Civil Rights and Social Justice,5.0,,20,28,f,a809747d-3e53-4e9e-b3a1-6641dac2455c,0bc588c6-39e1-4084-b5de-cac909b8b762,"",Dismantle DEI Act; opposes affirmative action; cassidy.senate.gov/newsroom/press-releases/cassidy-vance-colleagues-introduce-bill-to-end-all-dei-programs-in-federal-government,
RETIRE_NOW,empty-sources,J.D. Vance,649011,"",Vice President,t,t,Climate Change and Environmental Protection,5.0,,20,28,f,a809747d-3e53-4e9e-b3a1-6641dac2455c,f1e44d66-5d27-4b51-b54f-b7ace86f6a3c,"","Skeptic ""weird science""; 0 LCV score; thehill.com/policy/energy-environment/4910800-vance-debate-climate-change-scientific-consensus-skepticism",
RETIRE_NOW,empty-sources,J.D. Vance,649011,"",Vice President,t,t,Deportation Priorities,4.0,,20,28,f,a809747d-3e53-4e9e-b3a1-6641dac2455c,44905f3b-e105-4f6c-afc7-5d223813dbac,"","""Start with 1 million"" criminals first; axios.com/2024/10/02/vp-debate-immigration-border-jd-vance-tim-walz",
RETIRE_NOW,empty-sources,J.D. Vance,649011,"",Vice President,t,t,Fossil Fuel Policy,5.0,,20,28,f,a809747d-3e53-4e9e-b3a1-6641dac2455c,a22215c3-6693-4bc2-b248-01aebba14570,"","Pro-fracking; ""unleash our energy industry""; eenews.net/articles/j-d-vances-energy-record-oil-cash-and-ev-attacks",
RETIRE_NOW,empty-sources,J.D. Vance,649011,"",Vice President,t,t,Healthcare Access,4.0,,20,28,f,a809747d-3e53-4e9e-b3a1-6641dac2455c,e8dad4a8-eb93-4931-91f5-d8fb5d7dd529,"",FLAG; tie-broke OBBB Medicaid cuts; pbs.org/newshour/politics/senate-passes-trumps-reconciliation-bill-with-vance-casting-tie-breaking-vote,
RETIRE_NOW,empty-sources,J.D. Vance,649011,"",Vice President,t,t,Immigration and Treatment of Immigrants,4.0,,20,28,f,a809747d-3e53-4e9e-b3a1-6641dac2455c,4e2c69ce-591e-4197-9cd5-7aceff79d390,"",Immigration hawk; low-wage immigrants undercut wages; en.wikipedia.org/wiki/Political_positions_of_JD_Vance,
RETIRE_NOW,empty-sources,J.D. Vance,649011,"",Vice President,t,t,Medicare / Medicaid,4.0,,20,28,f,a809747d-3e53-4e9e-b3a1-6641dac2455c,cab61e8a-64fe-4bbd-bc08-fe9914d0091b,"",FLAG; tie-broke OBBB $1.2T Medicaid cuts; not Medicare-privatize; pbs.org/newshour/politics/senate-passes-trumps-reconciliation-bill-with-vance-casting-tie-breaking-vote,
RETIRE_NOW,empty-sources,J.D. Vance,649011,"",Vice President,t,t,Misinformation and the Role of Algorithms in Democracy,4.0,,20,28,f,a809747d-3e53-4e9e-b3a1-6641dac2455c,ddd65d64-9dc7-4208-a30f-59f4b9c0653d,"","Munich speech vs govt ""censorship"" of misinformation; foreignpolicy.com/2025/02/18/vance-speech-munich-full-text-read-transcript-europe",
RETIRE_NOW,empty-sources,J.D. Vance,649011,"",Vice President,t,t,Religious Freedom,4.0,,20,28,f,a809747d-3e53-4e9e-b3a1-6641dac2455c,6b9ba6d9-1001-43f5-b073-4d37130696fd,"",Faith-based exemptions; opposed Do No Harm Act; ncronline.org/news/amid-criticism-religious-detractors-vance-speaks-religious-freedom-summit,
RETIRE_NOW,empty-sources,J.D. Vance,649011,"",Vice President,t,t,Reproductive Rights and Abortion Access,4.0,,20,28,f,a809747d-3e53-4e9e-b3a1-6641dac2455c,af2fdfd6-02c4-49df-b09c-cf8536f4773f,"","FLAG; 2022 ""illegal nationally"" but VP backs rape/incest/life exceptions; cnn.com/2024/07/17/politics/kfile-jd-vance-abortion-comments",
RETIRE_NOW,empty-sources,J.D. Vance,649011,"",Vice President,t,t,Same-Sex Marriage,2.0,,20,28,f,a809747d-3e53-4e9e-b3a1-6641dac2455c,c5ab4eab-702f-49b8-9277-8ea53f3835c6,"","FLAG mixed; ""law of land"" + religious-liberty caveat; politifact.com/factchecks/2024/aug/16/pete-buttigieg/buttigieg-overstates-vances-views-on-gay-marriage",
RETIRE_NOW,empty-sources,J.D. Vance,649011,"",Vice President,t,t,School Vouchers & Public Education Funding,5.0,,20,28,f,a809747d-3e53-4e9e-b3a1-6641dac2455c,00b95a6a-75db-4521-b523-3326bba938de,"",Funds follow child to any school; washingtonexaminer.com/opinion/3205692/to-black-pastors-jd-vance-makes-pitch-school-choice,
RETIRE_NOW,empty-sources,J.D. Vance,649011,"",Vice President,t,t,Social Security,3.0,,20,28,f,a809747d-3e53-4e9e-b3a1-6641dac2455c,87d20824-a6e9-407b-983c-65440084a0ab,"",FLAG; opposes cuts/privatization; newsweek.com/www-newsweek-com-jdvance-vice-president-what-he-said-about-social-security-1925465,
RETIRE_NOW,empty-sources,J.D. Vance,649011,"",Vice President,t,t,Taxation and Public Spending,4.0,,20,28,f,a809747d-3e53-4e9e-b3a1-6641dac2455c,f7e5678d-dadd-4556-a2fc-446e24642ceb,"",FLAG; tie-broke OBBB tax cuts + service cuts; pbs.org/newshour/politics/senate-passes-trumps-reconciliation-bill-with-vance-casting-tie-breaking-vote,
RETIRE_NOW,empty-sources,J.D. Vance,649011,"",Vice President,t,t,Transgender Athletes,4.0,,20,28,f,a809747d-3e53-4e9e-b3a1-6641dac2455c,d1618b9c-0b9e-45af-b986-bb33d270b8e4,"",Cosponsored S.613 Title IX by birth sex; congress.gov/bill/118th-congress/senate-bill/613,
RETIRE_NOW,empty-sources,J.D. Vance,649011,"",Vice President,t,t,Ukraine - Russia Conflict,4.0,,20,28,f,a809747d-3e53-4e9e-b3a1-6641dac2455c,24e9212c-b011-422a-865c-093e35050901,"",Voted NO on Apr-2024 aid; Europe should pay; abcnews.go.com/Politics/trumps-vp-pick-vance-opposes-us-aid-ukraine/story?id=112036938,
RETIRE_NOW,empty-sources,J.D. Vance,649011,"",Vice President,t,t,United States Tariff Policy,5.0,,20,28,f,a809747d-3e53-4e9e-b3a1-6641dac2455c,683c8084-2281-4920-a07c-18439b2dd413,"",VP champions broad reciprocal tariffs to reshore; cnn.com/2025/04/04/politics/kfile-vance-trump-tariffs-protectionist-criticized-invs,
RETIRE_NOW,empty-sources,J.D. Vance,649011,"",Vice President,t,t,Voting Rights and Electoral Integrity,4.0,,20,28,f,a809747d-3e53-4e9e-b3a1-6641dac2455c,d1792200-1d3b-4955-a0b7-0e6980d7a7b2,"",Backs voter ID + SAVE Act citizenship proof; ms.now/rachel-maddow-show/maddowblog/jd-vance-voter-election-fraud-milwaukee-claims,
VERIFY,bio-only:unverified,Dan Rayfield,-4100002,or,Attorney General,t,t,Civil Rights and Social Justice,1.0,,13,14,f,15dbbf1b-da3d-4fb9-8fc5-67b734e7979e,0bc588c6-39e1-4084-b5de-cac909b8b762,https://ballotpedia.org/Dan_Rayfield,Rayfield championed HB 2002 (2023) expanding civil rights protections including LGBTQ+ rights; passed anti-discrimination legislation as House Speaker; strong record on racial equity legislation. https://ballotpedia.org/Dan_Rayfield,
VERIFY,bio-only:unverified,Dan Rayfield,-4100002,or,Attorney General,t,t,Climate Change and Environmental Protection,1.0,,13,14,f,15dbbf1b-da3d-4fb9-8fc5-67b734e7979e,f1e44d66-5d27-4b51-b54f-b7ace86f6a3c,https://ballotpedia.org/Dan_Rayfield,Rayfield supported Oregon clean energy legislation as House Speaker including SB 1547 (clean electricity standard); backed Climate-Friendly Communities rules; voted for multiple climate bills. https://ballotpedia.org/Dan_Rayfield,
VERIFY,bio-only:unverified,Dan Rayfield,-4100002,or,Attorney General,t,t,Criminal Justice Approach,2.0,,13,14,f,15dbbf1b-da3d-4fb9-8fc5-67b734e7979e,9db07b16-1076-4b7d-ad89-ebe7b51f4336,https://ballotpedia.org/Dan_Rayfield,"As AG and former legislator, Rayfield supported criminal justice reform including reducing mandatory minimums; backed Measure 110 drug reform framework before its partial repeal; supported re-entry programs. https://ballotpedia.org/Dan_Rayfield",
VERIFY,bio-only:unverified,Dan Rayfield,-4100002,or,Attorney General,t,t,Criminalization of Homelessness,1.0,,13,14,f,15dbbf1b-da3d-4fb9-8fc5-67b734e7979e,4938766b-b45a-46e3-93bd-b8b30651271a,https://ballotpedia.org/Dan_Rayfield,Rayfield as House Speaker passed HB 3115 (2023) addressing homeless encampments with a services-first approach; championed funding for shelters and treatment. https://ballotpedia.org/Dan_Rayfield,
VERIFY,bio-only:unverified,Dan Rayfield,-4100002,or,Attorney General,t,t,Healthcare Access,1.0,,13,14,f,15dbbf1b-da3d-4fb9-8fc5-67b734e7979e,e8dad4a8-eb93-4931-91f5-d8fb5d7dd529,https://ballotpedia.org/Dan_Rayfield,Rayfield championed HB 2002 expanding healthcare access as House Speaker; supported Medicaid expansion; backed universal healthcare initiatives; championed mental health funding increases. https://ballotpedia.org/Dan_Rayfield,
VERIFY,bio-only:unverified,Dan Rayfield,-4100002,or,Attorney General,t,t,Medicare / Medicaid,1.0,,13,14,f,15dbbf1b-da3d-4fb9-8fc5-67b734e7979e,cab61e8a-64fe-4bbd-bc08-fe9914d0091b,https://ballotpedia.org/Dan_Rayfield,Rayfield consistently voted against Medicaid cuts; supported ACA protections; backed Medicaid expansion in Oregon throughout his legislative career. https://ballotpedia.org/Dan_Rayfield,
VERIFY,bio-only:unverified,Dan Rayfield,-4100002,or,Attorney General,t,t,Police Accountability,2.0,,13,14,f,15dbbf1b-da3d-4fb9-8fc5-67b734e7979e,7bad33eb-e93e-4d94-8822-97212d49bde5,https://ballotpedia.org/Dan_Rayfield,Rayfield supported HB 2929 (2021) requiring police accountability reforms including body cameras and use-of-force reporting; backed oversight mechanisms as part of 2020 reform wave. https://ballotpedia.org/Dan_Rayfield,
VERIFY,bio-only:unverified,Dan Rayfield,-4100002,or,Attorney General,t,t,Reproductive Rights and Abortion Access,1.0,,13,14,f,15dbbf1b-da3d-4fb9-8fc5-67b734e7979e,af2fdfd6-02c4-49df-b09c-cf8536f4773f,https://ballotpedia.org/Dan_Rayfield,"Rayfield as House Speaker championed Oregon's Reproductive Health Equity Act (HB 2002, 2023); voted consistently for abortion access legislation throughout legislative career; co-sponsored bills codifying Roe v. Wade protections in Oregon. https://ballotpedia.org/Dan_Rayfield",
VERIFY,bio-only:unverified,Dan Rayfield,-4100002,or,Attorney General,t,t,Same-Sex Marriage,1.0,,13,14,f,15dbbf1b-da3d-4fb9-8fc5-67b734e7979e,c5ab4eab-702f-49b8-9277-8ea53f3835c6,https://ballotpedia.org/Dan_Rayfield,Rayfield voted for and championed LGBTQ+ rights legislation including marriage equality protections; backed Respect for Marriage Act equivalent provisions in Oregon. https://ballotpedia.org/Dan_Rayfield,
VERIFY,bio-only:unverified,Dan Rayfield,-4100002,or,Attorney General,t,t,School Vouchers & Public Education Funding,1.0,,13,14,f,15dbbf1b-da3d-4fb9-8fc5-67b734e7979e,00b95a6a-75db-4521-b523-3326bba938de,https://ballotpedia.org/Dan_Rayfield,Rayfield as House Speaker blocked school voucher legislation; strongly supports public school funding; voted against charter school expansion that would drain public funds. https://ballotpedia.org/Dan_Rayfield,
VERIFY,bio-only:unverified,Dan Rayfield,-4100002,or,Attorney General,t,t,State Redistricting and Gerrymandering,2.0,,13,14,f,15dbbf1b-da3d-4fb9-8fc5-67b734e7979e,48cc9585-ec22-4f53-8d42-6839828dd36f,https://ballotpedia.org/Dan_Rayfield,"As House Speaker, Rayfield oversaw 2021 Oregon redistricting under Democratic majority; backed fair maps principles; supported independent commission in future cycles. https://ballotpedia.org/Dan_Rayfield",
VERIFY,bio-only:unverified,Dan Rayfield,-4100002,or,Attorney General,t,t,Taxation and Public Spending,2.0,,13,14,f,15dbbf1b-da3d-4fb9-8fc5-67b734e7979e,f7e5678d-dadd-4556-a2fc-446e24642ceb,https://ballotpedia.org/Dan_Rayfield,Rayfield supported corporate minimum tax increase and progressive tax reforms as House Speaker; backed revenue measures to fund services without middle-class tax hikes. https://ballotpedia.org/Dan_Rayfield,
VERIFY,bio-only:unverified,Dan Rayfield,-4100002,or,Attorney General,t,t,Transgender Athletes,1.0,,13,14,f,15dbbf1b-da3d-4fb9-8fc5-67b734e7979e,d1618b9c-0b9e-45af-b986-bb33d270b8e4,https://ballotpedia.org/Dan_Rayfield,Rayfield championed HB 2002 (2023) protecting transgender student athlete participation; consistently voted against transgender sports bans. https://ballotpedia.org/Dan_Rayfield,
VERIFY,bio-only:unverified,Elizabeth Steiner,-4100004,or,State Treasurer,t,t,Affordable Housing,2.0,,11,13,f,c712d9cb-6a42-4fc6-b025-67cd5064605f,669cac97-66a6-4087-b036-936fbe62efb3,https://ballotpedia.org/Elizabeth_Steiner,Steiner voted for housing production and affordability bills as state senator; supported increased housing funding; backed zoning reform measures during legislative career. https://ballotpedia.org/Elizabeth_Steiner,
VERIFY,bio-only:unverified,Elizabeth Steiner,-4100004,or,State Treasurer,t,t,Civil Rights and Social Justice,1.0,,11,13,f,c712d9cb-6a42-4fc6-b025-67cd5064605f,0bc588c6-39e1-4084-b5de-cac909b8b762,https://ballotpedia.org/Elizabeth_Steiner,Steiner voted for LGBTQ+ rights legislation including anti-discrimination protections throughout her Senate career; championed gender equity measures; backed civil rights expansions. https://ballotpedia.org/Elizabeth_Steiner,
VERIFY,bio-only:unverified,Elizabeth Steiner,-4100004,or,State Treasurer,t,t,Climate Change and Environmental Protection,2.0,,11,13,f,c712d9cb-6a42-4fc6-b025-67cd5064605f,f1e44d66-5d27-4b51-b54f-b7ace86f6a3c,https://ballotpedia.org/Elizabeth_Steiner,Steiner voted for multiple climate bills as state senator including clean electricity standards; as Treasurer implements ESG investment policies for Oregon state funds; supported climate legislation throughout Senate career. https://ballotpedia.org/Elizabeth_Steiner,
VERIFY,bio-only:unverified,Elizabeth Steiner,-4100004,or,State Treasurer,t,t,Criminalization of Homelessness,2.0,,11,13,f,c712d9cb-6a42-4fc6-b025-67cd5064605f,4938766b-b45a-46e3-93bd-b8b30651271a,https://ballotpedia.org/Elizabeth_Steiner,Steiner supported both services and accountability approach to homelessness; voted for shelter funding and mental health treatment expansion; backed HB 3115 pragmatic framework. https://ballotpedia.org/Elizabeth_Steiner,
VERIFY,bio-only:unverified,Elizabeth Steiner,-4100004,or,State Treasurer,t,t,Healthcare Access,1.0,,11,13,f,c712d9cb-6a42-4fc6-b025-67cd5064605f,e8dad4a8-eb93-4931-91f5-d8fb5d7dd529,https://ballotpedia.org/Elizabeth_Steiner,"Steiner as a physician and state senator was a leading champion of healthcare access legislation; voted for Medicaid expansion, mental health parity, and ACA protections; championed healthcare for undocumented Oregonians. https://ballotpedia.org/Elizabeth_Steiner",
VERIFY,bio-only:unverified,Elizabeth Steiner,-4100004,or,State Treasurer,t,t,Immigration and Treatment of Immigrants,2.0,,11,13,f,c712d9cb-6a42-4fc6-b025-67cd5064605f,4e2c69ce-591e-4197-9cd5-7aceff79d390,https://ballotpedia.org/Elizabeth_Steiner,Steiner voted for Oregon sanctuary state protections and immigrant healthcare access bills during her Senate tenure; backed DACA protections. https://ballotpedia.org/Elizabeth_Steiner,
VERIFY,bio-only:unverified,Elizabeth Steiner,-4100004,or,State Treasurer,t,t,Medicare / Medicaid,1.0,,11,13,f,c712d9cb-6a42-4fc6-b025-67cd5064605f,cab61e8a-64fe-4bbd-bc08-fe9914d0091b,https://ballotpedia.org/Elizabeth_Steiner,Steiner as physician-legislator championed Medicaid expansion and Medicare protections; among Oregon's leading voices against Medicaid cuts; backed universal coverage approaches. https://ballotpedia.org/Elizabeth_Steiner,
VERIFY,bio-only:unverified,Elizabeth Steiner,-4100004,or,State Treasurer,t,t,Reproductive Rights and Abortion Access,1.0,,11,13,f,c712d9cb-6a42-4fc6-b025-67cd5064605f,af2fdfd6-02c4-49df-b09c-cf8536f4773f,https://ballotpedia.org/Elizabeth_Steiner,"Steiner, an OB/GYN who provided abortions, is a strong abortion rights advocate; voted for Oregon's Reproductive Health Equity Act and HB 2002 (2023) as state senator; one of Oregon's most prominent pro-choice voices. https://ballotpedia.org/Elizabeth_Steiner",
VERIFY,bio-only:unverified,Elizabeth Steiner,-4100004,or,State Treasurer,t,t,School Vouchers & Public Education Funding,1.0,,11,13,f,c712d9cb-6a42-4fc6-b025-67cd5064605f,00b95a6a-75db-4521-b523-3326bba938de,https://ballotpedia.org/Elizabeth_Steiner,Steiner voted against school voucher programs during her state Senate tenure; strongly supports fully funding Oregon public education system. https://ballotpedia.org/Elizabeth_Steiner,
VERIFY,bio-only:unverified,Elizabeth Steiner,-4100004,or,State Treasurer,t,t,Taxation and Public Spending,2.0,,11,13,f,c712d9cb-6a42-4fc6-b025-67cd5064605f,f7e5678d-dadd-4556-a2fc-446e24642ceb,https://ballotpedia.org/Elizabeth_Steiner,Steiner as state senator voted for corporate tax increases and progressive revenue measures; as Treasurer manages Oregon's debt and investment portfolio with responsible fiscal approach; supports fair tax system. https://ballotpedia.org/Elizabeth_Steiner,
VERIFY,bio-only:unverified,Elizabeth Steiner,-4100004,or,State Treasurer,t,t,Transgender Athletes,1.0,,11,13,f,c712d9cb-6a42-4fc6-b025-67cd5064605f,d1618b9c-0b9e-45af-b986-bb33d270b8e4,https://ballotpedia.org/Elizabeth_Steiner,Steiner voted against transgender sports bans in Oregon Senate; backed HB 2002 protections for transgender student athletes; consistent record on transgender rights. https://ballotpedia.org/Elizabeth_Steiner,
VERIFY,bio-only:unverified,Maxine Dexter,-4102003,or,Representative,t,t,Affordable Housing,1.0,,9,11,f,13dcf1a8-c0bf-4e2f-92aa-46637182b42a,669cac97-66a6-4087-b036-936fbe62efb3,https://ballotpedia.org/Maxine_Dexter,Dexter supported Oregon SB 9 (2021) legalizing duplexes statewide and backed additional affordable housing investments as state senator. https://ballotpedia.org/Maxine_Dexter,
VERIFY,bio-only:unverified,Maxine Dexter,-4102003,or,Representative,t,t,Civil Rights and Social Justice,1.0,,9,11,f,13dcf1a8-c0bf-4e2f-92aa-46637182b42a,0bc588c6-39e1-4084-b5de-cac909b8b762,https://ballotpedia.org/Maxine_Dexter,"Dexter voted YES on Oregon HB 2002 (gender-affirming care protections, 2023) and consistently supported civil rights bills as state senator; supports Equality Act at federal level. https://ballotpedia.org/Maxine_Dexter",
VERIFY,bio-only:unverified,Maxine Dexter,-4102003,or,Representative,t,t,Climate Change and Environmental Protection,1.0,,9,11,f,13dcf1a8-c0bf-4e2f-92aa-46637182b42a,f1e44d66-5d27-4b51-b54f-b7ace86f6a3c,https://ballotpedia.org/Maxine_Dexter,Dexter is a physician who has emphasized climate-health connections; as OR state senator supported Oregon Climate Protection Program (Cap-and-Invest) SB 1530. https://ballotpedia.org/Maxine_Dexter,
VERIFY,bio-only:unverified,Maxine Dexter,-4102003,or,Representative,t,t,Criminalization of Homelessness,2.0,,9,11,f,13dcf1a8-c0bf-4e2f-92aa-46637182b42a,4938766b-b45a-46e3-93bd-b8b30651271a,https://ballotpedia.org/Maxine_Dexter,Dexter supported Housing First approach as OR senator; backed OR HB 2007 (2023) allowing camping when no shelter is available; opposed Measure 110 repeal. https://ballotpedia.org/Maxine_Dexter,
VERIFY,bio-only:unverified,Maxine Dexter,-4102003,or,Representative,t,t,Reproductive Rights and Abortion Access,1.0,,9,11,f,13dcf1a8-c0bf-4e2f-92aa-46637182b42a,af2fdfd6-02c4-49df-b09c-cf8536f4773f,https://ballotpedia.org/Maxine_Dexter,"Dexter is a strong abortion-rights advocate; as OR state senator, supported HB 2002 (2023) expanding abortion access; voted YES on Women's Health Protection Act equivalent at state level. https://ballotpedia.org/Maxine_Dexter",
VERIFY,bio-only:unverified,Maxine Dexter,-4102003,or,Representative,t,t,Taxation and Public Spending,1.0,,9,11,f,13dcf1a8-c0bf-4e2f-92aa-46637182b42a,f7e5678d-dadd-4556-a2fc-446e24642ceb,https://ballotpedia.org/Maxine_Dexter,Dexter as OR state senator voted for progressive tax measures including Measure 97 approach (corporate minimum tax); supports higher-income taxation for public services. https://ballotpedia.org/Maxine_Dexter,
VERIFY,bio-only:unverified,Maxine Dexter,-4102003,or,Representative,t,t,Transgender Athletes,1.0,,9,11,f,13dcf1a8-c0bf-4e2f-92aa-46637182b42a,d1618b9c-0b9e-45af-b986-bb33d270b8e4,https://ballotpedia.org/Maxine_Dexter,Dexter voted YES on Oregon HB 2002 (2023) protecting gender-affirming care; explicitly supports transgender rights including in sports. https://ballotpedia.org/Maxine_Dexter,
VERIFY,bio-only:unverified,Maxine Dexter,-4102003,or,Representative,t,t,Transportation Priorities,1.0,,9,11,f,13dcf1a8-c0bf-4e2f-92aa-46637182b42a,ba59337e-30e2-4aba-a39a-426b3366eb27,https://ballotpedia.org/Maxine_Dexter,Dexter as Portland-area legislator supports public transit investment including MAX expansion and multimodal transportation; backed OR HB 2017 (2017) transportation package. https://ballotpedia.org/Maxine_Dexter,
VERIFY,bio-only:unverified,Maxine Dexter,-4102003,or,Representative,t,t,Voting Rights and Electoral Integrity,1.0,,9,11,f,13dcf1a8-c0bf-4e2f-92aa-46637182b42a,d1792200-1d3b-4955-a0b7-0e6980d7a7b2,https://ballotpedia.org/Maxine_Dexter,Dexter backed Oregon automatic voter registration expansion and same-day registration as state senator; voted YES on voting rights bills. https://ballotpedia.org/Maxine_Dexter,
RETIRE_NOW,empty-sources,Monica Rodriguez,695265,ca,Council Member,t,t,Artificial Intelligence Oversight,3.0,,8,35,f,7c0d3bdd-a363-4d97-93a9-67034c6a0ead,666bf03d-81fc-4138-ab15-69ae734c9023,"",No AI regulation votes at LA City Council level. Rodriguez has not taken public positions on AI regulation. Scored 3 (require basic safety testing before AI systems are released) as a reasonable default for a Democrat without specific evidence.,
RETIRE_NOW,empty-sources,Monica Rodriguez,695265,ca,Council Member,t,t,Campaign Finance Reform,3.0,,8,35,f,7c0d3bdd-a363-4d97-93a9-67034c6a0ead,92730f69-ae57-401c-8ad1-2d07834a895d,"",No specific campaign finance reform votes found in the LA City Clerk record. Rodriguez is a Democrat who has not taken public stances opposing transparency requirements. She accepted endorsements from labor unions and some business groups. Scored 3 (require full disclosure of all political donations) as a default for a Democratic council member without specific evidence of stronger or weaker positions.,
RETIRE_NOW,empty-sources,Monica Rodriguez,695265,ca,Council Member,t,t,Data Center Development & Energy Costs,3.0,,8,35,f,7c0d3bdd-a363-4d97-93a9-67034c6a0ead,4559b513-0fd8-4ed1-babd-f3b554162f40,"",No data center votes found at LA City Council level. Rodriguez's district does not have major data center development activity. No public statements found on data center energy policy. Stance 3 (allow development with impact assessments and cost-sharing agreements) is the defensible default for a Democrat without specific evidence.,
RETIRE_NOW,empty-sources,Monica Rodriguez,695265,ca,Council Member,t,t,Religious Freedom,3.0,,8,35,f,7c0d3bdd-a363-4d97-93a9-67034c6a0ead,6b9ba6d9-1001-43f5-b073-4d37130696fd,"",No direct religious freedom votes found at LA City Council level. Rodriguez has not made notable public statements on religious freedom vs. anti-discrimination tensions. Her district is majority-Catholic Latino. Stance 3 (balance religious practices with equal treatment) fits her overall moderate-to-progressive Democratic profile.,
RETIRE_NOW,empty-sources,Monica Rodriguez,695265,ca,Council Member,t,t,Residential Zoning,3.0,,8,35,f,7c0d3bdd-a363-4d97-93a9-67034c6a0ead,d4f18138-a2e0-4110-b925-7387d9d0d16d,"","Rodriguez's background as a CA Realtors Association executive and her suburban San Fernando Valley district (Sylmar, Sunland-Tujunga) suggest a neighborhood-character orientation, but no direct zoning votes were found in accessible records. She has not championed major upzoning legislation nor authored anti-density measures in verifiable sources. Placed at center due to absence of strong directional evidence.",
RETIRE_NOW,empty-sources,Monica Rodriguez,695265,ca,Council Member,t,t,Social Security,2.0,,8,35,f,7c0d3bdd-a363-4d97-93a9-67034c6a0ead,87d20824-a6e9-407b-983c-65440084a0ab,"","No direct Social Security votes at city council level. Rodriguez's district has high proportions of low-income seniors and working-class residents who depend on Social Security. As a Democrat representing Pacoima and the NE San Fernando Valley, she has consistently supported expanding social safety net programs. Aligns with stance 2 based on overall policy trajectory and district constituency needs.",
RETIRE_NOW,empty-sources,Monica Rodriguez,695265,ca,Council Member,t,t,Transgender Athletes,3.0,,8,35,f,7c0d3bdd-a363-4d97-93a9-67034c6a0ead,d1618b9c-0b9e-45af-b986-bb33d270b8e4,"","No direct transgender athlete votes found at LA City Council level. Rodriguez has not made public statements on transgender athlete policy. Her district demographics (working-class Latino, mix of urban and suburban) and her centrist Democratic positioning suggest a middle position. Scored 3 (case-by-case decisions) as the most defensible default given no evidence.",
RETIRE_NOW,empty-sources,Monica Rodriguez,695265,ca,Council Member,t,t,Ukraine - Russia Conflict,3.0,,8,35,f,7c0d3bdd-a363-4d97-93a9-67034c6a0ead,24e9212c-b011-422a-865c-093e35050901,"","No direct Ukraine votes at LA City Council level. Rodriguez has not made public statements on Ukraine aid. As a city council member, this is outside her jurisdiction. Scored 3 (limited humanitarian aid while encouraging diplomacy) as a cautious default based on insufficient direct evidence.",
VERIFY,bio-only:unverified,Andrej Selivra,,(none),(not seated),f,t,Criminalization of Homelessness,2.0,,7,10,f,f2e91286-8dbc-477a-88be-458dffe774a2,4938766b-b45a-46e3-93bd-b8b30651271a,"https://ballotpedia.org/Los_Angeles_City_Council_elections,_2026","Selivra's signature proposal — City-operated Public Dormitories providing high-density hostel-style housing with wraparound services including addiction counseling, mental health support, childcare, and job training — reflects a decriminalization-and-service approach rather than enforcement. Having lived in his car as a teenager, he frames homelessness as a systemic failure requiring housing solutions. This aligns with decriminalizing public sleeping while investing in shelter capacity, outreach, and voluntary service connections.",
VERIFY,bio-only:unverified,Andrej Selivra,,(none),(not seated),f,t,Economic Development Incentives,2.0,,7,10,f,f2e91286-8dbc-477a-88be-458dffe774a2,eb3d1247-0de1-4b7f-baec-7259861efd53,"https://ballotpedia.org/Los_Angeles_City_Council_elections,_2026","Supports community-centered economic development, including Economic Opportunity Zones around high-traffic transit areas. Emphasizes arts and culture revitalization in downtown LA and Hollywood as drivers of local economic renewal.",
VERIFY,bio-only:unverified,Andrej Selivra,,(none),(not seated),f,t,Growth and Development Pace,2.0,,7,10,f,f2e91286-8dbc-477a-88be-458dffe774a2,fb25c1ac-91cc-49bf-8afc-c7fa22ef45e4,"https://ballotpedia.org/Los_Angeles_City_Council_elections,_2026",Supports residential upzoning to increase housing stock and address rising rents. Advocates community-oriented development tied to transit investment rather than speculative development driven by private interests.,
VERIFY,bio-only:unverified,Andrej Selivra,,(none),(not seated),f,t,Immigration and Treatment of Immigrants,1.0,,7,10,f,f2e91286-8dbc-477a-88be-458dffe774a2,4e2c69ce-591e-4197-9cd5-7aceff79d390,"https://ballotpedia.org/Los_Angeles_City_Council_elections,_2026","No detailed immigration policy positions were publicly available at time of research. His overall platform focuses on working-class Angelenos and community empowerment, suggesting alignment with pro-immigrant values, though specific stances were not publicly stated.",
VERIFY,bio-only:unverified,Andrej Selivra,,(none),(not seated),f,t,Local Immigration Enforcement,1.0,,7,10,f,f2e91286-8dbc-477a-88be-458dffe774a2,b9ccee94-ad96-4f10-b655-889d8e5abe92,"https://ballotpedia.org/Los_Angeles_City_Council_elections,_2026","No detailed local immigration enforcement positions were publicly available at time of research. His platform emphasizes community engagement and working-class priorities, consistent with sanctuary city values, though specific positions were not stated.",
VERIFY,bio-only:unverified,Andrej Selivra,,(none),(not seated),f,t,Public Safety Approach,3.0,,7,10,f,f2e91286-8dbc-477a-88be-458dffe774a2,e9ebefcd-c496-45e8-b816-a79f8442ba85,"https://ballotpedia.org/Los_Angeles_City_Council_elections,_2026","Takes a moderate stance on public safety, proposing increased police presence at transit stations alongside community-centered investments. No comprehensive public safety platform was detailed in campaign materials at time of research.",
VERIFY,bio-only:unverified,Andrej Selivra,,(none),(not seated),f,t,Residential Zoning,2.0,,7,10,f,f2e91286-8dbc-477a-88be-458dffe774a2,d4f18138-a2e0-4110-b925-7387d9d0d16d,"https://ballotpedia.org/Los_Angeles_City_Council_elections,_2026",Supports residential upzoning as a key tool to increase housing stock and lower rents for working families. Frames zoning reform as part of a broader effort to build a city that works for working-class Angelenos rather than developers.,
VERIFY,bio-only:unverified,Christina Stephenson,-4100005,or,Labor Commissioner,t,t,Affordable Housing,2.0,,7,10,f,8548989d-ff40-4b25-bb42-e1a7cbb03c88,669cac97-66a6-4087-b036-936fbe62efb3,https://ballotpedia.org/Christina_Stephenson,Stephenson as state representative voted for affordable housing bills and zoning reform; supported housing investments as part of addressing worker housing needs. https://ballotpedia.org/Christina_Stephenson,
VERIFY,bio-only:unverified,Christina Stephenson,-4100005,or,Labor Commissioner,t,t,Healthcare Access,2.0,,7,10,f,8548989d-ff40-4b25-bb42-e1a7cbb03c88,e8dad4a8-eb93-4931-91f5-d8fb5d7dd529,https://ballotpedia.org/Christina_Stephenson,Stephenson as state representative voted for healthcare access bills including Medicaid expansion; backed reproductive healthcare access; supported mental health funding increases. https://ballotpedia.org/Christina_Stephenson,
VERIFY,bio-only:unverified,Christina Stephenson,-4100005,or,Labor Commissioner,t,t,Public Safety Approach,2.0,,7,10,f,8548989d-ff40-4b25-bb42-e1a7cbb03c88,e9ebefcd-c496-45e8-b816-a79f8442ba85,https://ballotpedia.org/Christina_Stephenson,Stephenson as civil rights attorney supported police accountability reforms; backed community-centered public safety approach; voted for accountability legislation as state representative. https://ballotpedia.org/Christina_Stephenson,
VERIFY,bio-only:unverified,Christina Stephenson,-4100005,or,Labor Commissioner,t,t,Reproductive Rights and Abortion Access,1.0,,7,10,f,8548989d-ff40-4b25-bb42-e1a7cbb03c88,af2fdfd6-02c4-49df-b09c-cf8536f4773f,https://ballotpedia.org/Christina_Stephenson,Stephenson as state representative voted for Oregon's Reproductive Health Equity Act; backed HB 2002 (2023) reproductive healthcare protections; supported abortion access throughout legislative career. https://ballotpedia.org/Christina_Stephenson,
VERIFY,bio-only:unverified,Christina Stephenson,-4100005,or,Labor Commissioner,t,t,Same-Sex Marriage,1.0,,7,10,f,8548989d-ff40-4b25-bb42-e1a7cbb03c88,c5ab4eab-702f-49b8-9277-8ea53f3835c6,https://ballotpedia.org/Christina_Stephenson,Stephenson has supported marriage equality and LGBTQ+ rights throughout her career as civil rights attorney and state representative; voted for anti-discrimination legislation. https://ballotpedia.org/Christina_Stephenson,
VERIFY,bio-only:unverified,Christina Stephenson,-4100005,or,Labor Commissioner,t,t,Taxation and Public Spending,2.0,,7,10,f,8548989d-ff40-4b25-bb42-e1a7cbb03c88,f7e5678d-dadd-4556-a2fc-446e24642ceb,https://ballotpedia.org/Christina_Stephenson,Stephenson as state representative supported progressive tax policies including corporate tax reform; backed revenue measures to fund worker protections and public services. https://ballotpedia.org/Christina_Stephenson,
VERIFY,bio-only:unverified,Christina Stephenson,-4100005,or,Labor Commissioner,t,t,Transgender Athletes,1.0,,7,10,f,8548989d-ff40-4b25-bb42-e1a7cbb03c88,d1618b9c-0b9e-45af-b986-bb33d270b8e4,https://ballotpedia.org/Christina_Stephenson,Stephenson voted against transgender sports bans as state representative; supported LGBTQ+ inclusive policies; backed HB 2002 protections. https://ballotpedia.org/Christina_Stephenson,
RETIRE_NOW,no-context,Erin J. Mendenhall,-4967000001,ut,Mayor,t,t,Civil Rights and Social Justice,1.0,,7,18,f,2f3b7b91-581f-415a-9af2-3d0e05f2483d,0bc588c6-39e1-4084-b5de-cac909b8b762,,"",
RETIRE_NOW,no-context,Erin J. Mendenhall,-4967000001,ut,Mayor,t,t,Climate Change and Environmental Protection,1.0,,7,18,f,2f3b7b91-581f-415a-9af2-3d0e05f2483d,f1e44d66-5d27-4b51-b54f-b7ace86f6a3c,,"",
RETIRE_NOW,no-context,Erin J. Mendenhall,-4967000001,ut,Mayor,t,t,Criminalization of Homelessness,2.0,,7,18,f,2f3b7b91-581f-415a-9af2-3d0e05f2483d,4938766b-b45a-46e3-93bd-b8b30651271a,,"",
RETIRE_NOW,no-context,Erin J. Mendenhall,-4967000001,ut,Mayor,t,t,Fossil Fuel Policy,2.0,,7,18,f,2f3b7b91-581f-415a-9af2-3d0e05f2483d,a22215c3-6693-4bc2-b248-01aebba14570,,"",
RETIRE_NOW,no-context,Erin J. Mendenhall,-4967000001,ut,Mayor,t,t,Immigration and Treatment of Immigrants,1.0,,7,18,f,2f3b7b91-581f-415a-9af2-3d0e05f2483d,4e2c69ce-591e-4197-9cd5-7aceff79d390,,"",
RETIRE_NOW,no-context,Erin J. Mendenhall,-4967000001,ut,Mayor,t,t,Reproductive Rights and Abortion Access,1.0,,7,18,f,2f3b7b91-581f-415a-9af2-3d0e05f2483d,af2fdfd6-02c4-49df-b09c-cf8536f4773f,,"",
RETIRE_NOW,no-context,Erin J. Mendenhall,-4967000001,ut,Mayor,t,t,Same-Sex Marriage,1.0,,7,18,f,2f3b7b91-581f-415a-9af2-3d0e05f2483d,c5ab4eab-702f-49b8-9277-8ea53f3835c6,,"",
VERIFY,bio-only:unverified,Janelle Bynum,-4102005,or,Representative,t,t,Affordable Housing,1.0,,7,9,f,7aad2a83-2f05-4570-aa7a-eb7a8c602ebd,669cac97-66a6-4087-b036-936fbe62efb3,https://ballotpedia.org/Janelle_Bynum,Bynum as OR state rep supported HB 2003 (2019) and SB 9 (2021) expanding housing supply; backed affordable housing investment in Clackamas County area. https://ballotpedia.org/Janelle_Bynum,
VERIFY,bio-only:unverified,Janelle Bynum,-4102005,or,Representative,t,t,Civil Rights and Social Justice,1.0,,7,9,f,7aad2a83-2f05-4570-aa7a-eb7a8c602ebd,0bc588c6-39e1-4084-b5de-cac909b8b762,https://ballotpedia.org/Janelle_Bynum,Bynum as OR state rep supported HB 2002 (2023) gender-affirming care protections and voted for civil rights bills; supports federal Equality Act. https://ballotpedia.org/Janelle_Bynum,
VERIFY,bio-only:unverified,Janelle Bynum,-4102005,or,Representative,t,t,Public Safety Approach,2.0,,7,9,f,7aad2a83-2f05-4570-aa7a-eb7a8c602ebd,e9ebefcd-c496-45e8-b816-a79f8442ba85,https://ballotpedia.org/Janelle_Bynum,Bynum as OR state rep supported police accountability measures while also emphasizing community safety investments; backed Measure 110 drug decriminalization but also public safety funding. https://ballotpedia.org/Janelle_Bynum,
VERIFY,bio-only:unverified,Janelle Bynum,-4102005,or,Representative,t,t,Reproductive Rights and Abortion Access,1.0,,7,9,f,7aad2a83-2f05-4570-aa7a-eb7a8c602ebd,af2fdfd6-02c4-49df-b09c-cf8536f4773f,https://ballotpedia.org/Janelle_Bynum,Bynum as OR state rep supported HB 2002 (2023) expanding abortion access; ran in part on protecting reproductive rights after Dobbs. https://ballotpedia.org/Janelle_Bynum,
VERIFY,bio-only:unverified,Janelle Bynum,-4102005,or,Representative,t,t,Same-Sex Marriage,1.0,,7,9,f,7aad2a83-2f05-4570-aa7a-eb7a8c602ebd,c5ab4eab-702f-49b8-9277-8ea53f3835c6,https://ballotpedia.org/Janelle_Bynum,Bynum as OR state rep voted to protect same-sex marriage rights; supports Respect for Marriage Act codification at federal level. https://ballotpedia.org/Janelle_Bynum,
VERIFY,bio-only:unverified,Janelle Bynum,-4102005,or,Representative,t,t,Taxation and Public Spending,1.0,,7,9,f,7aad2a83-2f05-4570-aa7a-eb7a8c602ebd,f7e5678d-dadd-4556-a2fc-446e24642ceb,https://ballotpedia.org/Janelle_Bynum,Bynum as OR state rep voted for progressive tax measures targeting higher incomes; supported corporate minimum tax proposals. https://ballotpedia.org/Janelle_Bynum,
VERIFY,bio-only:unverified,Janelle Bynum,-4102005,or,Representative,t,t,Transportation Priorities,1.0,,7,9,f,7aad2a83-2f05-4570-aa7a-eb7a8c602ebd,ba59337e-30e2-4aba-a39a-426b3366eb27,https://ballotpedia.org/Janelle_Bynum,Bynum supported HB 2017 (2017) Oregon transportation package including transit funding; backed multimodal transportation investment for suburban CD-5 area. https://ballotpedia.org/Janelle_Bynum,
VERIFY,bio-only:unverified,Tina Kotek,-4100001,or,Governor,t,t,Campaign Finance Reform,2.0,,7,12,f,66c3bd97-94d1-4287-b1b8-86605a38cb97,92730f69-ae57-401c-8ad1-2d07834a895d,https://ballotpedia.org/Tina_Kotek,Kotek supported campaign finance disclosure bills as House Speaker; backed transparency measures including HB 2714 (2019) expanding donor disclosure requirements. https://ballotpedia.org/Tina_Kotek,
VERIFY,bio-only:unverified,Tina Kotek,-4100001,or,Governor,t,t,Misinformation and the Role of Algorithms in Democracy,2.0,,7,12,f,66c3bd97-94d1-4287-b1b8-86605a38cb97,ddd65d64-9dc7-4208-a30f-59f4b9c0653d,https://ballotpedia.org/Tina_Kotek,Kotek signed HB 2617 (2023) protecting election integrity and fighting disinformation; supports media literacy initiatives in schools. https://ballotpedia.org/Tina_Kotek,
VERIFY,bio-only:unverified,Tina Kotek,-4100001,or,Governor,t,t,Reproductive Rights and Abortion Access,1.0,,7,12,f,66c3bd97-94d1-4287-b1b8-86605a38cb97,af2fdfd6-02c4-49df-b09c-cf8536f4773f,https://ballotpedia.org/Tina_Kotek,Kotek signed HB 2002 (2023) expanding abortion access and gender-affirming care in Oregon; vetoed restrictions; championed reproductive rights throughout legislative career. https://ballotpedia.org/Tina_Kotek,
VERIFY,bio-only:unverified,Tina Kotek,-4100001,or,Governor,t,t,State Redistricting and Gerrymandering,2.0,,7,12,f,66c3bd97-94d1-4287-b1b8-86605a38cb97,48cc9585-ec22-4f53-8d42-6839828dd36f,https://ballotpedia.org/Tina_Kotek,"As House Speaker, Kotek oversaw 2021 redistricting process; supported independent commission approach but worked within Democratic-controlled legislature; backed fair maps. https://ballotpedia.org/Tina_Kotek",
VERIFY,bio-only:unverified,Tina Kotek,-4100001,or,Governor,t,t,Taxation and Public Spending,2.0,,7,12,f,66c3bd97-94d1-4287-b1b8-86605a38cb97,f7e5678d-dadd-4556-a2fc-446e24642ceb,https://ballotpedia.org/Tina_Kotek,Kotek signed HB 2433 (2023) increasing corporate minimum tax and high-income surtax; supports progressive taxation; backed Measure 118 concept of revenue sharing but acknowledged implementation concerns. https://ballotpedia.org/Tina_Kotek,
VERIFY,bio-only:unverified,Tina Kotek,-4100001,or,Governor,t,t,Transportation Priorities,2.0,,7,12,f,66c3bd97-94d1-4287-b1b8-86605a38cb97,ba59337e-30e2-4aba-a39a-426b3366eb27,https://ballotpedia.org/Tina_Kotek,Kotek backed HB 2098 (2023) investing in transit and active transportation alongside road maintenance; supports multi-modal transportation while acknowledging Oregon's rural transportation needs. https://ballotpedia.org/Tina_Kotek,
VERIFY,bio-only:unverified,Tina Kotek,-4100001,or,Governor,t,t,Voting Rights and Electoral Integrity,1.0,,7,12,f,66c3bd97-94d1-4287-b1b8-86605a38cb97,d1792200-1d3b-4955-a0b7-0e6980d7a7b2,https://ballotpedia.org/Tina_Kotek,Kotek signed automatic voter registration expansions as Speaker; backed HB 2107 (2023) strengthening election security while expanding access; championed Oregon's vote-by-mail system. https://ballotpedia.org/Tina_Kotek,
VERIFY,bio-only:unverified,Lew Frederick,-4110022,or,Senator,t,t,Campaign Finance Reform,1.0,,6,11,f,ae4b1163-e9a7-4529-a8f2-5610f6c93cbd,92730f69-ae57-401c-8ad1-2d07834a895d,https://ballotpedia.org/Lew_Frederick,Supported campaign finance reform and disclosure requirements; backed measures reducing dark money influence in Oregon elections. https://ballotpedia.org/Lew_Frederick,
VERIFY,bio-only:unverified,Lew Frederick,-4110022,or,Senator,t,t,Civil Rights and Social Justice,1.0,,6,11,f,ae4b1163-e9a7-4529-a8f2-5610f6c93cbd,0bc588c6-39e1-4084-b5de-cac909b8b762,https://ballotpedia.org/Lew_Frederick,Long-serving civil rights champion; has authored and championed civil rights legislation including racial equity and anti-discrimination measures throughout career; NAACP Oregon chapter president before entering politics. https://ballotpedia.org/Lew_Frederick,
VERIFY,bio-only:unverified,Lew Frederick,-4110022,or,Senator,t,t,Healthcare Access,1.0,,6,11,f,ae4b1163-e9a7-4529-a8f2-5610f6c93cbd,e8dad4a8-eb93-4931-91f5-d8fb5d7dd529,https://ballotpedia.org/Lew_Frederick,Supported universal healthcare access; voted YES on Oregon Health Plan expansion and healthcare equity bills addressing disparities in Black communities. https://ballotpedia.org/Lew_Frederick,
VERIFY,bio-only:unverified,Lew Frederick,-4110022,or,Senator,t,t,Immigration and Treatment of Immigrants,1.0,,6,11,f,ae4b1163-e9a7-4529-a8f2-5610f6c93cbd,4e2c69ce-591e-4197-9cd5-7aceff79d390,https://ballotpedia.org/Lew_Frederick,Supported immigrant rights and sanctuary protections; backed measures preventing racial profiling in immigration enforcement. https://ballotpedia.org/Lew_Frederick,
VERIFY,bio-only:unverified,Lew Frederick,-4110022,or,Senator,t,t,Police Accountability,1.0,,6,11,f,ae4b1163-e9a7-4529-a8f2-5610f6c93cbd,7bad33eb-e93e-4d94-8822-97212d49bde5,https://ballotpedia.org/Lew_Frederick,Authored police accountability legislation; supported SB 1089 (2020) police accountability reform; longtime advocate for civilian oversight. https://ballotpedia.org/Lew_Frederick,
VERIFY,bio-only:unverified,Lew Frederick,-4110022,or,Senator,t,t,Voting Rights and Electoral Integrity,1.0,,6,11,f,ae4b1163-e9a7-4529-a8f2-5610f6c93cbd,d1792200-1d3b-4955-a0b7-0e6980d7a7b2,https://ballotpedia.org/Lew_Frederick,"Champion of voting rights; supported automatic voter registration, vote-by-mail expansion, and opposed voter suppression measures. https://ballotpedia.org/Lew_Frederick",
VERIFY,bio-only:unverified,Sara Gelser Blouin,-4110008,or,Senator,t,t,Campaign Finance Reform,1.0,,6,12,f,1ca1abf1-9523-499c-b644-0b32c61257c6,92730f69-ae57-401c-8ad1-2d07834a895d,https://ballotpedia.org/Sara_Gelser_Blouin,Supported campaign finance transparency measures; backed donor disclosure requirements as part of Democratic caucus agenda. https://ballotpedia.org/Sara_Gelser_Blouin,
VERIFY,bio-only:unverified,Sara Gelser Blouin,-4110008,or,Senator,t,t,Childcare Affordability & Access,1.0,,6,12,f,1ca1abf1-9523-499c-b644-0b32c61257c6,c1ac1330-47f7-44ec-baf3-c913d926b97c,https://ballotpedia.org/Sara_Gelser_Blouin,Sponsored legislation expanding childcare access and subsidies for working families; consistent advocate for early childhood investment. https://ballotpedia.org/Sara_Gelser_Blouin,
VERIFY,bio-only:unverified,Sara Gelser Blouin,-4110008,or,Senator,t,t,Civil Rights and Social Justice,1.0,,6,12,f,1ca1abf1-9523-499c-b644-0b32c61257c6,0bc588c6-39e1-4084-b5de-cac909b8b762,https://ballotpedia.org/Sara_Gelser_Blouin,Led disability rights legislation including SB 1534 (2020) strengthening protections for people with disabilities; championed anti-discrimination work throughout career. https://ballotpedia.org/Sara_Gelser_Blouin,
VERIFY,bio-only:unverified,Sara Gelser Blouin,-4110008,or,Senator,t,t,Criminalization of Homelessness,1.0,,6,12,f,1ca1abf1-9523-499c-b644-0b32c61257c6,4938766b-b45a-46e3-93bd-b8b30651271a,https://ballotpedia.org/Sara_Gelser_Blouin,Opposed criminalization of homelessness; authored legislation expanding services-first approach to homelessness; opposed Measure 110 (drug decriminalization) reversal. https://ballotpedia.org/Sara_Gelser_Blouin,
VERIFY,bio-only:unverified,Sara Gelser Blouin,-4110008,or,Senator,t,t,Healthcare Access,1.0,,6,12,f,1ca1abf1-9523-499c-b644-0b32c61257c6,e8dad4a8-eb93-4931-91f5-d8fb5d7dd529,https://ballotpedia.org/Sara_Gelser_Blouin,Champion of mental health services funding and Oregon Health Plan expansion; led efforts to reform Oregon's foster care and developmental disability services systems. https://ballotpedia.org/Sara_Gelser_Blouin,
VERIFY,bio-only:unverified,Sara Gelser Blouin,-4110008,or,Senator,t,t,Immigration and Treatment of Immigrants,1.0,,6,12,f,1ca1abf1-9523-499c-b644-0b32c61257c6,4e2c69ce-591e-4197-9cd5-7aceff79d390,https://ballotpedia.org/Sara_Gelser_Blouin,Supported immigrant protections; voted YES on measures protecting immigrant communities from state-level enforcement collaboration. https://ballotpedia.org/Sara_Gelser_Blouin,
VERIFY,bio-only:unverified,Andrea Salinas,-4102006,or,Representative,t,t,Affordable Housing,1.0,,5,18,f,5f6c498b-87dd-48fe-b744-62c8dced2ac3,669cac97-66a6-4087-b036-936fbe62efb3,https://ballotpedia.org/Andrea_Salinas,Salinas as OR state rep backed HB 2001 (2019) and SB 9 (2021) expanding housing supply; supports affordable housing investment in CD-6. https://ballotpedia.org/Andrea_Salinas,
VERIFY,bio-only:unverified,Andrea Salinas,-4102006,or,Representative,t,t,Campaign Finance Reform,1.0,,5,18,f,5f6c498b-87dd-48fe-b744-62c8dced2ac3,92730f69-ae57-401c-8ad1-2d07834a895d,https://ballotpedia.org/Andrea_Salinas,"Salinas voted YES on For the People Act (H.R. 1, 2021) equivalent state bills; supports campaign finance disclosure and public financing. https://ballotpedia.org/Andrea_Salinas",
VERIFY,bio-only:unverified,Andrea Salinas,-4102006,or,Representative,t,t,Civil Rights and Social Justice,1.0,,5,18,f,5f6c498b-87dd-48fe-b744-62c8dced2ac3,0bc588c6-39e1-4084-b5de-cac909b8b762,https://ballotpedia.org/Andrea_Salinas,Salinas supported HB 2002 (2023) protections for gender-affirming care as OR state rep; backs Equality Act at federal level. https://ballotpedia.org/Andrea_Salinas,
VERIFY,bio-only:unverified,Andrea Salinas,-4102006,or,Representative,t,t,Criminalization of Homelessness,2.0,,5,18,f,5f6c498b-87dd-48fe-b744-62c8dced2ac3,4938766b-b45a-46e3-93bd-b8b30651271a,https://ballotpedia.org/Andrea_Salinas,Salinas supports Housing First and anti-homelessness funding; backed Oregon HB 2007 and HUD funding increases for homelessness response. https://ballotpedia.org/Andrea_Salinas,
VERIFY,bio-only:unverified,Andrea Salinas,-4102006,or,Representative,t,t,Reproductive Rights and Abortion Access,1.0,,5,18,f,5f6c498b-87dd-48fe-b744-62c8dced2ac3,af2fdfd6-02c4-49df-b09c-cf8536f4773f,https://ballotpedia.org/Andrea_Salinas,Salinas supported abortion access protections as OR state rep and ran on reproductive rights in 2022 campaign; voted YES on Women's Health Protection Act equivalent. https://ballotpedia.org/Andrea_Salinas,
VERIFY,bio-only:unverified,Jonny Larsen,,(none),(not seated),f,t,Campaign Finance Reform,2.0,,5,11,f,6708ceaa-ae51-4eee-93a3-d4a3be16254d,92730f69-ae57-401c-8ad1-2d07834a895d,https://ballotpedia.org/Jonny_Larsen,"He supports ""banning congressional stock trading and overturning Citizens United"" and touts his grassroots-funded campaign as opposed to corporate donors, indicating support for strict limits on corporate money in politics rather than full public financing, matching chair 2.",
VERIFY,bio-only:unverified,Jonny Larsen,,(none),(not seated),f,t,Deportation Priorities,2.0,,5,11,f,6708ceaa-ae51-4eee-93a3-d4a3be16254d,44905f3b-e105-4f6c-afc7-5d223813dbac,https://ballotpedia.org/Jonny_Larsen,"He criticizes indiscriminate ICE-style enforcement (""masked agents terrorizing communities"") and says reform should target corporations exploiting immigration law ""not punishing people at the bottom,"" indicating he opposes broad deportation sweeps in favor of targeting serious violations, matching chair 2.",
VERIFY,bio-only:unverified,Jonny Larsen,,(none),(not seated),f,t,Reproductive Rights and Abortion Access,2.0,,5,11,f,6708ceaa-ae51-4eee-93a3-d4a3be16254d,af2fdfd6-02c4-49df-b09c-cf8536f4773f,https://ballotpedia.org/Jonny_Larsen,"He frames abortion as a decision that is ""between a woman and her doctor. Not a politician and a lobbyist,"" standard pro-choice deference language without an explicit call for public funding or coverage at all stages, matching chair 2.",
VERIFY,bio-only:unverified,Jonny Larsen,,(none),(not seated),f,t,Same-Sex Marriage,1.0,,5,11,f,6708ceaa-ae51-4eee-93a3-d4a3be16254d,c5ab4eab-702f-49b8-9277-8ea53f3835c6,https://ballotpedia.org/Jonny_Larsen,"He states LGBTQ+ and transgender residents ""deserve the same protections everyone else has,"" a full-equality framing consistent with requiring nationwide recognition and equal federal benefits for same-sex couples, matching chair 1.",
VERIFY,bio-only:unverified,Jonny Larsen,,(none),(not seated),f,t,School Vouchers & Public Education Funding,1.0,,5,11,f,6708ceaa-ae51-4eee-93a3-d4a3be16254d,00b95a6a-75db-4521-b523-3326bba938de,https://ballotpedia.org/Jonny_Larsen,"He opposes diverting public school funding to ""private voucher programs with zero accountability"" and pledges to protect public school funding and ensure education tax dollars ""reach the classroom,"" matching chair 1.",
VERIFY,bio-only:unverified,Julie Fahey,-4120014,or,Representative,t,t,Childcare Affordability & Access,2.0,,5,9,f,24398310-8e0c-487e-a11c-253e3060f77c,c1ac1330-47f7-44ec-baf3-c913d926b97c,https://ballotpedia.org/Julie_Fahey,Supported childcare affordability measures; voted for early childhood education funding and childcare subsidy expansion as House Majority Leader. https://ballotpedia.org/Julie_Fahey,
VERIFY,bio-only:unverified,Julie Fahey,-4120014,or,Representative,t,t,Civil Rights and Social Justice,1.0,,5,9,f,24398310-8e0c-487e-a11c-253e3060f77c,0bc588c6-39e1-4084-b5de-cac909b8b762,https://ballotpedia.org/Julie_Fahey,Championed civil rights and equity legislation as House Majority Leader; voted for anti-discrimination measures and police reform bills. https://ballotpedia.org/Julie_Fahey,
VERIFY,bio-only:unverified,Julie Fahey,-4120014,or,Representative,t,t,Criminalization of Homelessness,2.0,,5,9,f,24398310-8e0c-487e-a11c-253e3060f77c,4938766b-b45a-46e3-93bd-b8b30651271a,https://ballotpedia.org/Julie_Fahey,Supported service-first approaches to homelessness with accountability measures; voted for SB 48 (2021) Oregon Outdoor Sheltering Act providing protections for unsheltered individuals. https://ballotpedia.org/Julie_Fahey,
VERIFY,bio-only:unverified,Julie Fahey,-4120014,or,Representative,t,t,Healthcare Access,2.0,,5,9,f,24398310-8e0c-487e-a11c-253e3060f77c,e8dad4a8-eb93-4931-91f5-d8fb5d7dd529,https://ballotpedia.org/Julie_Fahey,Championed healthcare access expansion measures; voted for Medicaid expansion and community health programs as House Majority Leader and long-tenure Eugene rep. https://ballotpedia.org/Julie_Fahey,
VERIFY,bio-only:unverified,Julie Fahey,-4120014,or,Representative,t,t,Immigration and Treatment of Immigrants,2.0,,5,9,f,24398310-8e0c-487e-a11c-253e3060f77c,4e2c69ce-591e-4197-9cd5-7aceff79d390,https://ballotpedia.org/Julie_Fahey,Supported welcoming immigration policies and immigrant protections; championed SB 1543 (2023) expanding access to services for immigrant communities. https://ballotpedia.org/Julie_Fahey,
VERIFY,bio-only:unverified,Kim Thatcher,-4110011,or,Senator,t,t,Climate Change and Environmental Protection,5.0,,5,7,f,b548a0f7-5086-4124-a510-49ef8f60f515,f1e44d66-5d27-4b51-b54f-b7ace86f6a3c,https://ballotpedia.org/Kim_Thatcher,Participated in May 2023 Senate Republican walkout blocking climate legislation; opposed clean energy mandates and cap-and-trade. https://ballotpedia.org/Kim_Thatcher,
VERIFY,bio-only:unverified,Kim Thatcher,-4110011,or,Senator,t,t,Healthcare Access,5.0,,5,7,f,b548a0f7-5086-4124-a510-49ef8f60f515,e8dad4a8-eb93-4931-91f5-d8fb5d7dd529,https://ballotpedia.org/Kim_Thatcher,Opposed Oregon Health Plan mandates and government-run healthcare; voted against healthcare coverage expansion bills. https://ballotpedia.org/Kim_Thatcher,
VERIFY,bio-only:unverified,Kim Thatcher,-4110011,or,Senator,t,t,Public Safety Approach,5.0,,5,7,f,b548a0f7-5086-4124-a510-49ef8f60f515,e9ebefcd-c496-45e8-b816-a79f8442ba85,https://ballotpedia.org/Kim_Thatcher,Supported law enforcement funding and opposed Measure 110 drug decriminalization; advocated for tougher sentencing and public safety measures. https://ballotpedia.org/Kim_Thatcher,
VERIFY,bio-only:unverified,Kim Thatcher,-4110011,or,Senator,t,t,Transgender Athletes,5.0,,5,7,f,b548a0f7-5086-4124-a510-49ef8f60f515,d1618b9c-0b9e-45af-b986-bb33d270b8e4,https://ballotpedia.org/Kim_Thatcher,Voted in favor of measures restricting transgender athletes in school sports; consistent conservative social position. https://ballotpedia.org/Kim_Thatcher,
VERIFY,bio-only:unverified,Kim Thatcher,-4110011,or,Senator,t,t,Voting Rights and Electoral Integrity,4.0,,5,7,f,b548a0f7-5086-4124-a510-49ef8f60f515,d1792200-1d3b-4955-a0b7-0e6980d7a7b2,https://ballotpedia.org/Kim_Thatcher,Opposed automatic voter registration; supported voter ID measures and questioned election integrity; conservative position on voting access vs. election security. https://ballotpedia.org/Kim_Thatcher,
VERIFY,bio-only:unverified,Tobias Read,-4100003,or,Secretary of State,t,t,Affordable Housing,2.0,,5,6,f,94105ea6-e6f7-4629-b30c-a8fe713e1cad,669cac97-66a6-4087-b036-936fbe62efb3,https://ballotpedia.org/Tobias_Read,Read as Treasurer championed Oregon's affordable housing bond program; supported financing mechanisms for affordable housing development; backed housing production legislation as state legislator. https://ballotpedia.org/Tobias_Read,
VERIFY,bio-only:unverified,Tobias Read,-4100003,or,Secretary of State,t,t,Civil Rights and Social Justice,2.0,,5,6,f,94105ea6-e6f7-4629-b30c-a8fe713e1cad,0bc588c6-39e1-4084-b5de-cac909b8b762,https://ballotpedia.org/Tobias_Read,Read as state legislator voted for civil rights expansions including LGBTQ+ protections; as Treasurer implemented equity requirements in state investments; backed anti-discrimination policies. https://ballotpedia.org/Tobias_Read,
VERIFY,bio-only:unverified,Tobias Read,-4100003,or,Secretary of State,t,t,Climate Change and Environmental Protection,2.0,,5,6,f,94105ea6-e6f7-4629-b30c-a8fe713e1cad,f1e44d66-5d27-4b51-b54f-b7ace86f6a3c,https://ballotpedia.org/Tobias_Read,Read as Treasurer implemented Oregon's responsible investment policy for state funds including ESG criteria; supported divesting from coal; backed clean energy investment. https://ballotpedia.org/Tobias_Read,
VERIFY,bio-only:unverified,Tobias Read,-4100003,or,Secretary of State,t,t,Healthcare Access,2.0,,5,6,f,94105ea6-e6f7-4629-b30c-a8fe713e1cad,e8dad4a8-eb93-4931-91f5-d8fb5d7dd529,https://ballotpedia.org/Tobias_Read,Read as state legislator voted for Medicaid expansion and healthcare access bills; as Treasurer championed retirement security including healthcare portability; backed ACA protections. https://ballotpedia.org/Tobias_Read,
VERIFY,bio-only:unverified,Tobias Read,-4100003,or,Secretary of State,t,t,Reproductive Rights and Abortion Access,1.0,,5,6,f,94105ea6-e6f7-4629-b30c-a8fe713e1cad,af2fdfd6-02c4-49df-b09c-cf8536f4773f,https://ballotpedia.org/Tobias_Read,Read as state legislator voted for abortion access protections; as Treasurer backed reproductive health programs; publicly supported HB 2002 (2023) expanding reproductive healthcare. https://ballotpedia.org/Tobias_Read,
VERIFY,bio-only:unverified,Catherine Stefani,-6002019,ca,Assembly Member,t,t,Affordable Housing,3.0,,4,10,f,0649630c-bd6d-40fe-8f66-e026e6f6c83e,669cac97-66a6-4087-b036-936fbe62efb3,https://ballotpedia.org/Catherine_Stefani,Stefani 2024 campaign: creating homes where demand is greatest alleviates homelessness. Targeted help and easier permits (value=3).,
VERIFY,bio-only:unverified,Catherine Stefani,-6002019,ca,Assembly Member,t,t,Criminalization of Homelessness,3.0,,4,10,f,0649630c-bd6d-40fe-8f66-e026e6f6c83e,4938766b-b45a-46e3-93bd-b8b30651271a,https://ballotpedia.org/Catherine_Stefani,Stefani 2024 campaign calls for real solutions to homelessness and addiction crises; creating housing where demand is greatest. Aligns with allowing enforcement when shelter available with diversion to services (value=3).,
VERIFY,bio-only:unverified,Catherine Stefani,-6002019,ca,Assembly Member,t,t,Reproductive Rights and Abortion Access,2.0,,4,10,f,0649630c-bd6d-40fe-8f66-e026e6f6c83e,af2fdfd6-02c4-49df-b09c-cf8536f4773f,https://ballotpedia.org/Catherine_Stefani,Stefani 2024 Ballotpedia survey: understands significance of California as sanctuary for abortion access and vows to protect reproductive care. Aligns with keeping abortion legal and accessible (value=2).,
VERIFY,bio-only:unverified,Catherine Stefani,-6002019,ca,Assembly Member,t,t,Same-Sex Marriage,2.0,,4,10,f,0649630c-bd6d-40fe-8f66-e026e6f6c83e,c5ab4eab-702f-49b8-9277-8ea53f3835c6,https://ballotpedia.org/Catherine_Stefani,Stefani 2024 campaign: believes anyone should be able to love who they love and identify however they choose. Endorsed by Equality California. Aligns with allowing same-sex marriage nationwide (value=2).,
VERIFY,bio-only:unverified,Fred Girod,-4110009,or,Senator,t,t,Climate Change and Environmental Protection,5.0,,4,6,f,6b107b84-afbe-4141-8951-bafb65543dda,f1e44d66-5d27-4b51-b54f-b7ace86f6a3c,https://ballotpedia.org/Fred_Girod,Participated in May 2023 Senate Republican walkout opposing climate legislation; former Senate Minority Leader leading Republican opposition to clean energy mandates. https://ballotpedia.org/Fred_Girod,
RETIRE_NOW,bio-only:party-prior-language,Fred Girod,-4110009,or,Senator,t,t,Healthcare Access,4.0,,4,6,f,6b107b84-afbe-4141-8951-bafb65543dda,e8dad4a8-eb93-4931-91f5-d8fb5d7dd529,https://ballotpedia.org/Fred_Girod,Opposed government-mandated healthcare expansion; voted against Oregon Health Plan mandates; Republican position on market-based healthcare. https://ballotpedia.org/Fred_Girod,
VERIFY,bio-only:unverified,Fred Girod,-4110009,or,Senator,t,t,Public Safety Approach,4.0,,4,6,f,6b107b84-afbe-4141-8951-bafb65543dda,e9ebefcd-c496-45e8-b816-a79f8442ba85,https://ballotpedia.org/Fred_Girod,"As Senate Minority Leader, advocated for tougher public safety measures; opposed Measure 110 drug decriminalization; supported law enforcement funding. https://ballotpedia.org/Fred_Girod",
VERIFY,bio-only:unverified,Fred Girod,-4110009,or,Senator,t,t,Taxation and Public Spending,5.0,,4,6,f,6b107b84-afbe-4141-8951-bafb65543dda,f7e5678d-dadd-4556-a2fc-446e24642ceb,https://ballotpedia.org/Fred_Girod,Voted NO on HB 3427 (2019) Corporate Activity Tax as part of Republican opposition; former Senate Minority Leader consistently opposing tax increases. https://ballotpedia.org/Fred_Girod,
VERIFY,bio-only:unverified,Kate Lieber,-4110014,or,Senator,t,t,Campaign Finance Reform,1.0,,4,7,f,529ea93b-c234-4df5-ae22-6ba32d0ae9a4,92730f69-ae57-401c-8ad1-2d07834a895d,https://ballotpedia.org/Kate_Lieber,Supported campaign finance reform including disclosure requirements; backed measures reducing dark money in Oregon politics. https://ballotpedia.org/Kate_Lieber,
VERIFY,bio-only:unverified,Kate Lieber,-4110014,or,Senator,t,t,Civil Rights and Social Justice,1.0,,4,7,f,529ea93b-c234-4df5-ae22-6ba32d0ae9a4,0bc588c6-39e1-4084-b5de-cac909b8b762,https://ballotpedia.org/Kate_Lieber,Consistent supporter of civil rights and LGBTQ+ equality; voted YES on HB 2002 (2023) gender-affirming care protections. https://ballotpedia.org/Kate_Lieber,
VERIFY,bio-only:unverified,Kate Lieber,-4110014,or,Senator,t,t,Healthcare Access,1.0,,4,7,f,529ea93b-c234-4df5-ae22-6ba32d0ae9a4,e8dad4a8-eb93-4931-91f5-d8fb5d7dd529,https://ballotpedia.org/Kate_Lieber,Supported Oregon Health Plan expansion and healthcare access; voted YES on healthcare coverage expansion bills. https://ballotpedia.org/Kate_Lieber,
VERIFY,bio-only:unverified,Kate Lieber,-4110014,or,Senator,t,t,Immigration and Treatment of Immigrants,1.0,,4,7,f,529ea93b-c234-4df5-ae22-6ba32d0ae9a4,4e2c69ce-591e-4197-9cd5-7aceff79d390,https://ballotpedia.org/Kate_Lieber,Supported immigrant protection policies; opposed state collaboration with federal ICE enforcement; voted against immigration restriction measures. https://ballotpedia.org/Kate_Lieber,
VERIFY,bio-only:unverified,Kathleen Taylor,-4110021,or,Senator,t,t,Civil Rights and Social Justice,1.0,,4,7,f,4b4702e0-3b88-4fd0-aa17-aa379be0dbac,0bc588c6-39e1-4084-b5de-cac909b8b762,https://ballotpedia.org/Kathleen_Taylor_(Oregon),Supports civil rights and racial equity; voted YES on anti-discrimination protections and LGBTQ+ equality measures. https://ballotpedia.org/Kathleen_Taylor_(Oregon),
VERIFY,bio-only:unverified,Kathleen Taylor,-4110021,or,Senator,t,t,Healthcare Access,1.0,,4,7,f,4b4702e0-3b88-4fd0-aa17-aa379be0dbac,e8dad4a8-eb93-4931-91f5-d8fb5d7dd529,https://ballotpedia.org/Kathleen_Taylor_(Oregon),Voted YES on Oregon Health Plan expansion; supports healthcare access as a right for all Oregonians. https://ballotpedia.org/Kathleen_Taylor_(Oregon),
VERIFY,bio-only:unverified,Kathleen Taylor,-4110021,or,Senator,t,t,Immigration and Treatment of Immigrants,1.0,,4,7,f,4b4702e0-3b88-4fd0-aa17-aa379be0dbac,4e2c69ce-591e-4197-9cd5-7aceff79d390,https://ballotpedia.org/Kathleen_Taylor_(Oregon),Supported immigrant protections and sanctuary policies; backed measures protecting immigrant communities from enforcement. https://ballotpedia.org/Kathleen_Taylor_(Oregon),
VERIFY,bio-only:unverified,Kathleen Taylor,-4110021,or,Senator,t,t,Taxation and Public Spending,1.0,,4,7,f,4b4702e0-3b88-4fd0-aa17-aa379be0dbac,f7e5678d-dadd-4556-a2fc-446e24642ceb,https://ballotpedia.org/Kathleen_Taylor_(Oregon),Voted YES on tax measures supporting public investment; backed progressive taxation for education and social services. https://ballotpedia.org/Kathleen_Taylor_(Oregon),
VERIFY,bio-only:unverified,Mike McLane,-4110030,or,Senator,t,t,Climate Change and Environmental Protection,5.0,,4,5,f,252a2adf-68a5-4b5a-9024-d5635e2fbd88,f1e44d66-5d27-4b51-b54f-b7ace86f6a3c,https://ballotpedia.org/Mike_McLane,"Participated in May 2023 Senate Republican walkout blocking climate legislation; as former House Minority Leader, led opposition to cap-and-trade and clean energy mandates. https://ballotpedia.org/Mike_McLane",
VERIFY,bio-only:unverified,Mike McLane,-4110030,or,Senator,t,t,Healthcare Access,4.0,,4,5,f,252a2adf-68a5-4b5a-9024-d5635e2fbd88,e8dad4a8-eb93-4931-91f5-d8fb5d7dd529,https://ballotpedia.org/Mike_McLane,Opposed government-run healthcare mandates; voted against Medicaid expansion requirements as House Minority Leader. https://ballotpedia.org/Mike_McLane,
VERIFY,bio-only:unverified,Mike McLane,-4110030,or,Senator,t,t,Public Safety Approach,4.0,,4,5,f,252a2adf-68a5-4b5a-9024-d5635e2fbd88,e9ebefcd-c496-45e8-b816-a79f8442ba85,https://ballotpedia.org/Mike_McLane,Supported law enforcement funding and opposed Measure 110 drug decriminalization; advocated for tougher public safety measures. https://ballotpedia.org/Mike_McLane,
VERIFY,bio-only:unverified,Mike McLane,-4110030,or,Senator,t,t,Transgender Athletes,5.0,,4,5,f,252a2adf-68a5-4b5a-9024-d5635e2fbd88,d1618b9c-0b9e-45af-b986-bb33d270b8e4,https://ballotpedia.org/Mike_McLane,Voted in favor of measures restricting transgender athletes in school sports; consistent conservative social position. https://ballotpedia.org/Mike_McLane,
VERIFY,bio-only:unverified,Brinker Harding,-310201,(none),(not seated),f,t,Deportation Priorities,4.0,,3,6,f,2f063464-29d8-42a4-bba3-d521ceb53555,44905f3b-e105-4f6c-afc7-5d223813dbac,https://ballotpedia.org/Brinker_Harding,"Campaign website pledges to 'deport criminal illegal immigrants' as part of a border-security platform criticizing the prior administration's border policy — a broad deportation stance for people without legal status, prioritized by criminal record, matching stance 4.",
VERIFY,bio-only:unverified,Brinker Harding,-310201,(none),(not seated),f,t,Fossil Fuel Policy,4.0,,3,6,f,2f063464-29d8-42a4-bba3-d521ceb53555,a22215c3-6693-4bc2-b248-01aebba14570,https://ballotpedia.org/Brinker_Harding,"Same campaign-website platform (quoted verbatim on his Ballotpedia profile) pledges to expand American energy production to cut reliance on foreign countries, consistent with expanding fossil fuel drilling permits rather than maintaining current levels or restricting extraction.",
VERIFY,bio-only:unverified,Brinker Harding,-310201,(none),(not seated),f,t,Taxation and Public Spending,4.0,,3,6,f,2f063464-29d8-42a4-bba3-d521ceb53555,f7e5678d-dadd-4556-a2fc-446e24642ceb,https://ballotpedia.org/Brinker_Harding,"His campaign website, quoted verbatim on his Ballotpedia profile, pledges to fight to cut taxes as part of a platform to grow the economy and eliminate wasteful spending — a broad tax-cut position without an explicit flat-tax or shrink-government-services pledge, matching stance 4.",
VERIFY,bio-only:unverified,Cedric Hayden,-4110006,or,Senator,t,t,Climate Change and Environmental Protection,5.0,,3,4,f,d3dedaa7-bda5-4e3d-af18-6214719d6e1e,f1e44d66-5d27-4b51-b54f-b7ace86f6a3c,https://ballotpedia.org/Cedric_Hayden,Participated in May 2023 Senate Republican walkout to block climate legislation; opposes environmental regulations that impact rural communities and resource industries. https://ballotpedia.org/Cedric_Hayden,
VERIFY,bio-only:unverified,Cedric Hayden,-4110006,or,Senator,t,t,Healthcare Access,4.0,,3,4,f,d3dedaa7-bda5-4e3d-af18-6214719d6e1e,e8dad4a8-eb93-4931-91f5-d8fb5d7dd529,https://ballotpedia.org/Cedric_Hayden,"Opposes government-mandated healthcare expansion; as a dentist, emphasizes market-based healthcare approaches; voted against Oregon Health Plan expansion mandates. https://ballotpedia.org/Cedric_Hayden",
VERIFY,bio-only:unverified,Cedric Hayden,-4110006,or,Senator,t,t,Taxation and Public Spending,5.0,,3,4,f,d3dedaa7-bda5-4e3d-af18-6214719d6e1e,f7e5678d-dadd-4556-a2fc-446e24642ceb,https://ballotpedia.org/Cedric_Hayden,Voted NO on HB 3427 (2019) Corporate Activity Tax; opposes tax increases affecting rural business and agriculture. https://ballotpedia.org/Cedric_Hayden,
RETIRE_NOW,no-context,Chris Wharton,-4967000013,ut,Council District 3,t,t,Civil Rights and Social Justice,1.0,,3,13,f,795c1726-d6f5-4d51-b785-c4c242ca3a61,0bc588c6-39e1-4084-b5de-cac909b8b762,,"",
RETIRE_NOW,no-context,Chris Wharton,-4967000013,ut,Council District 3,t,t,Climate Change and Environmental Protection,1.0,,3,13,f,795c1726-d6f5-4d51-b785-c4c242ca3a61,f1e44d66-5d27-4b51-b54f-b7ace86f6a3c,,"",
RETIRE_NOW,no-context,Chris Wharton,-4967000013,ut,Council District 3,t,t,Same-Sex Marriage,1.0,,3,13,f,795c1726-d6f5-4d51-b785-c4c242ca3a61,c5ab4eab-702f-49b8-9277-8ea53f3835c6,,"",
VERIFY,bio-only:unverified,Courtney Neron Misslin,-4110013,or,Senator,t,t,Civil Rights and Social Justice,1.0,,3,6,f,dcdc002c-8fd6-415a-a30a-8fc70c83d9ff,0bc588c6-39e1-4084-b5de-cac909b8b762,https://ballotpedia.org/Courtney_Neron,Voted YES on HB 2002 (2023) expanding gender-affirming care rights; supported anti-discrimination protections as Democratic senator. https://ballotpedia.org/Courtney_Neron,
VERIFY,bio-only:unverified,Courtney Neron Misslin,-4110013,or,Senator,t,t,Healthcare Access,1.0,,3,6,f,dcdc002c-8fd6-415a-a30a-8fc70c83d9ff,e8dad4a8-eb93-4931-91f5-d8fb5d7dd529,https://ballotpedia.org/Courtney_Neron,Voted YES on healthcare access expansion bills; supported Medicaid coverage and Oregon Health Plan expansion. https://ballotpedia.org/Courtney_Neron,
VERIFY,bio-only:unverified,Courtney Neron Misslin,-4110013,or,Senator,t,t,Taxation and Public Spending,1.0,,3,6,f,dcdc002c-8fd6-415a-a30a-8fc70c83d9ff,f7e5678d-dadd-4556-a2fc-446e24642ceb,https://ballotpedia.org/Courtney_Neron,Voted YES on tax measures supporting public services; supported revenue measures for education and social services. https://ballotpedia.org/Courtney_Neron,
VERIFY,bio-only:unverified,Floyd Prozanski,-4110004,or,Senator,t,t,Campaign Finance Reform,1.0,,3,9,f,b6f5cd9e-a9d2-44ff-9027-0d931765f378,92730f69-ae57-401c-8ad1-2d07834a895d,https://ballotpedia.org/Floyd_Prozanski,Supported campaign finance transparency; backed measures expanding donor disclosure requirements as part of Democratic caucus agenda. https://ballotpedia.org/Floyd_Prozanski,
VERIFY,bio-only:unverified,Floyd Prozanski,-4110004,or,Senator,t,t,Criminal Justice Approach,1.0,,3,9,f,b6f5cd9e-a9d2-44ff-9027-0d931765f378,9db07b16-1076-4b7d-ad89-ebe7b51f4336,https://ballotpedia.org/Floyd_Prozanski,Senate Judiciary Committee chair; supported criminal justice reform including HB 2005 (2023) gun safety legislation; worked on sentencing reform. https://ballotpedia.org/Floyd_Prozanski,
VERIFY,bio-only:unverified,Floyd Prozanski,-4110004,or,Senator,t,t,Healthcare Access,1.0,,3,9,f,b6f5cd9e-a9d2-44ff-9027-0d931765f378,e8dad4a8-eb93-4931-91f5-d8fb5d7dd529,https://ballotpedia.org/Floyd_Prozanski,Voted YES on healthcare access expansion bills; supported Medicaid expansion and Oregon Health Plan coverage. https://ballotpedia.org/Floyd_Prozanski,
VERIFY,bio-only:unverified,Holly J. Mitchell,683409,ca,Supervisor,t,t,Campaign Finance Reform,2.0,,3,30,f,fc5fda5f-f5bb-49bd-b7b3-b56eeaa6bb50,92730f69-ae57-401c-8ad1-2d07834a895d,https://ballotpedia.org/Holly_Mitchell,"Mitchell is a progressive Democrat who has consistently supported campaign finance reform and limits on dark money. As CA Senate Budget chair she was part of the legislative caucus backing stricter disclosure requirements and limits on corporate political spending. No specific campaign finance reform bill she authored was identified, but her voting record aligned consistently with Democratic campaign finance reform positions.",
VERIFY,bio-only:unverified,Holly J. Mitchell,683409,ca,Supervisor,t,t,Religious Freedom,3.0,,3,30,f,fc5fda5f-f5bb-49bd-b7b3-b56eeaa6bb50,6b9ba6d9-1001-43f5-b073-4d37130696fd,https://ballotpedia.org/Holly_Mitchell,"No specific legislation authored by Mitchell on religious freedom exemptions was identified. Her civil rights record (CROWN Act, anti-discrimination bills) suggests she would prioritize anti-discrimination protections over religious exemptions, but she has not made this a focal issue. Her record aligns with mainstream Democratic balance: protecting religious practice while maintaining equal treatment.",
VERIFY,bio-only:unverified,Holly J. Mitchell,683409,ca,Supervisor,t,t,State Redistricting and Gerrymandering,2.0,,3,30,f,fc5fda5f-f5bb-49bd-b7b3-b56eeaa6bb50,48cc9585-ec22-4f53-8d42-6839828dd36f,https://ballotpedia.org/Holly_Mitchell,"Mitchell has supported independent redistricting reforms consistent with California's Citizens Redistricting Commission model, which features commissioners from both parties and no elected officials. As a progressive Democrat in California, she backed the state's independent commission approach established by Prop 11 (2008) and Prop 20 (2010).",
VERIFY,bio-only:unverified,Janeen Sollman,-4110015,or,Senator,t,t,Childcare Affordability & Access,1.0,,3,7,f,fa9d50e7-7e9b-4eed-b105-bf8277b51f95,c1ac1330-47f7-44ec-baf3-c913d926b97c,https://ballotpedia.org/Janeen_Sollman,Champion of childcare policy; sponsored legislation expanding access to affordable childcare for working families; member of childcare advocacy coalition. https://ballotpedia.org/Janeen_Sollman,
VERIFY,bio-only:unverified,Janeen Sollman,-4110015,or,Senator,t,t,Civil Rights and Social Justice,1.0,,3,7,f,fa9d50e7-7e9b-4eed-b105-bf8277b51f95,0bc588c6-39e1-4084-b5de-cac909b8b762,https://ballotpedia.org/Janeen_Sollman,Supported anti-discrimination protections and LGBTQ+ equality bills; voted YES on HB 2002 (2023) gender-affirming care rights. https://ballotpedia.org/Janeen_Sollman,
VERIFY,bio-only:unverified,Janeen Sollman,-4110015,or,Senator,t,t,Healthcare Access,1.0,,3,7,f,fa9d50e7-7e9b-4eed-b105-bf8277b51f95,e8dad4a8-eb93-4931-91f5-d8fb5d7dd529,https://ballotpedia.org/Janeen_Sollman,Supported Oregon Health Plan expansion and healthcare access; voted YES on healthcare coverage expansion bills. https://ballotpedia.org/Janeen_Sollman,
RETIRE_NOW,no-context,Kateri Walsh,-256700012,ma,City Councilor,t,t,Economic Development Incentives,4.0,,3,4,f,6db2abd4-86ce-414a-ba80-6565e6e3b23d,eb3d1247-0de1-4b7f-baec-7259861efd53,,"",2026-07-06 18:02:42.140144+00
RETIRE_NOW,no-context,Kateri Walsh,-256700012,ma,City Councilor,t,t,Growth and Development Pace,4.0,,3,4,f,6db2abd4-86ce-414a-ba80-6565e6e3b23d,fb25c1ac-91cc-49bf-8afc-c7fa22ef45e4,,"",2026-07-06 18:02:42.140144+00
RETIRE_NOW,no-context,Kateri Walsh,-256700012,ma,City Councilor,t,t,Public Safety Approach,4.0,,3,4,f,6db2abd4-86ce-414a-ba80-6565e6e3b23d,e9ebefcd-c496-45e8-b816-a79f8442ba85,,"",2026-07-06 18:02:42.140144+00
RETIRE_NOW,empty-sources,Katy Hall,-316054,ut,State Representative District 11,t,t,Data Center Development & Energy Costs,3.0,,3,28,f,e1e4e88b-bfd0-4c16-8e95-72c51b59c1f4,4559b513-0fd8-4ed1-babd-f3b554162f40,"",No data center-specific legislation sponsored. Republican caucus generally welcomes data center investment. No evidence of a restrictive or strongly supportive stance on data center development distinguishing her from the center.,
RETIRE_NOW,empty-sources,Katy Hall,-316054,ut,State Representative District 11,t,t,Transportation Priorities,3.0,,3,28,f,e1e4e88b-bfd0-4c16-8e95-72c51b59c1f4,ba59337e-30e2-4aba-a39a-426b3366eb27,"",No transportation-specific legislation sponsored. Republican caucus approach balances road expansion with targeted transit support. No evidence distinguishing her from the moderate middle on transportation investment.,
RETIRE_NOW,empty-sources,Katy Hall,-316054,ut,State Representative District 11,t,t,Ukraine - Russia Conflict,3.0,,3,28,f,e1e4e88b-bfd0-4c16-8e95-72c51b59c1f4,24e9212c-b011-422a-865c-093e35050901,"",No state-level Ukraine votes or bills. 97% Republican caucus loyalty. Insufficient evidence to place her outside center on this federal foreign policy matter.,
RETIRE_NOW,bio-only:party-prior-language,Kevin Mannix,-4120021,or,Representative,t,t,Campaign Finance Reform,5.0,,3,4,f,2edbb7a5-a798-4088-8939-7b44b51e682c,92730f69-ae57-401c-8ad1-2d07834a895d,https://ballotpedia.org/Kevin_Mannix,Opposed campaign finance restrictions; consistent with Republican positions on First Amendment campaign speech protections throughout long Oregon political career. https://ballotpedia.org/Kevin_Mannix,
VERIFY,bio-only:unverified,Kevin Mannix,-4120021,or,Representative,t,t,Climate Change and Environmental Protection,5.0,,3,4,f,2edbb7a5-a798-4088-8939-7b44b51e682c,f1e44d66-5d27-4b51-b54f-b7ace86f6a3c,https://ballotpedia.org/Kevin_Mannix,Participated in 2023 Oregon House Republican walkout blocking quorum on HB 2020 climate/cap-and-trade legislation; consistently opposed climate regulation. https://ballotpedia.org/Kevin_Mannix,
VERIFY,bio-only:unverified,Kevin Mannix,-4120021,or,Representative,t,t,Public Safety Approach,5.0,,3,4,f,2edbb7a5-a798-4088-8939-7b44b51e682c,e9ebefcd-c496-45e8-b816-a79f8442ba85,https://ballotpedia.org/Kevin_Mannix,"Former Oregon AG candidate (2000, 2002) with strong law-and-order platform; championed Measure 11 (mandatory minimum sentences) in Oregon; authored the 1994 Measure 11 mandatory sentencing initiative. https://ballotpedia.org/Kevin_Mannix",
RETIRE_NOW,empty-sources,Marco Rubio,642344,"",Secretary of State,t,t,Artificial Intelligence Oversight,2.0,,3,24,f,7c8e4442-e13e-485a-8993-b05ca110410d,666bf03d-81fc-4138-ab15-69ae734c9023,"",Light-touch AI; legit gov role but opposes comprehensive regulation; foxbusiness.com/technology/rubio-issues-stark-ai-warning-national-security-fakes-tremendous-damage,
RETIRE_NOW,empty-sources,Marco Rubio,642344,"",Secretary of State,t,t,Judicial Interpretation,5.0,,3,24,f,7c8e4442-e13e-485a-8993-b05ca110410d,448b1c9a-b6f3-42b8-8f39-d3bbb5bfa9ee,"",Originalist; apply law as written; stated philosophy not jurist; foxnews.com/politics/rubio-biden-supreme-court-pick-reaction,
RETIRE_NOW,empty-sources,Marco Rubio,642344,"",Secretary of State,t,t,Public Safety Approach,4.0,,3,24,f,7c8e4442-e13e-485a-8993-b05ca110410d,e9ebefcd-c496-45e8-b816-a79f8442ba85,"",Pro-police funding; anti-defund; federal-applied-to-local; foxnews.com/politics/marco-rubio-bill-aiding-police-homeownership-help,
VERIFY,bio-only:unverified,Mark D. Obenshain,-5110002,va,Senator,t,t,Fossil Fuel Policy,4.0,,3,4,f,b7e9d159-b766-445c-b95f-9797b57247d9,a22215c3-6693-4bc2-b248-01aebba14570,https://ballotpedia.org/Mark_Obenshain,Obenshain's 2011 campaign website under 'Promoting Energy Independence' states: 'I stand in strong support of Virginia''s efforts to tap the significant oil deposits along Virginia''s outer continental shelf in an environmentally sensitive manner.' Support for expanding offshore oil drilling aligns with value 4 (expand fossil fuel drilling permits).,
VERIFY,bio-only:unverified,Mark D. Obenshain,-5110002,va,Senator,t,t,Religious Freedom,5.0,,3,4,f,b7e9d159-b766-445c-b95f-9797b57247d9,6b9ba6d9-1001-43f5-b073-4d37130696fd,https://ballotpedia.org/Mark_Obenshain,Obenshain's 2011 campaign website under 'Protecting Valley Values of Faith and Family' states he 'will stand strong to protect the rights of Virginians from those who would drive all references to God and faith from the public square.' This strong defense of religion in the public square — going beyond individual practice to defending religious presence in public institutions — aligns with value 5 (strongly protect religious freedom and allow religious organizations complete autonomy).,
VERIFY,bio-only:unverified,Mark D. Obenshain,-5110002,va,Senator,t,t,Taxation and Public Spending,4.0,,3,4,f,b7e9d159-b766-445c-b95f-9797b57247d9,f7e5678d-dadd-4556-a2fc-446e24642ceb,https://ballotpedia.org/Mark_Obenshain,"Obenshain's 2011 campaign website under 'Holding the Line on Taxes' explicitly states: 'Our families already pay too much in taxes – on average, more than they spend on food, clothing, and shelter combined. In these economically trying times, higher taxes and fees would be particularly devastating.' This documented anti-tax position and support for cutting spending aligns with value 4.",
VERIFY,bio-only:unverified,Mark Gamba,-4120041,or,Representative,t,t,Civil Rights and Social Justice,1.0,,3,4,f,36db8c55-4b20-408c-bd99-b8488d0ef344,0bc588c6-39e1-4084-b5de-cac909b8b762,https://ballotpedia.org/Mark_Gamba,Supported civil rights and anti-discrimination measures; consistent progressive voting record from Milwaukie. https://ballotpedia.org/Mark_Gamba,
VERIFY,bio-only:unverified,Mark Gamba,-4120041,or,Representative,t,t,Fossil Fuel Policy,1.0,,3,4,f,36db8c55-4b20-408c-bd99-b8488d0ef344,a22215c3-6693-4bc2-b248-01aebba14570,https://ballotpedia.org/Mark_Gamba,Voted to restrict fossil fuel development; HB 2020 architect in Oregon House; supported transitioning away from fossil fuels as climate champion. https://ballotpedia.org/Mark_Gamba,
VERIFY,bio-only:unverified,Mark Gamba,-4120041,or,Representative,t,t,Immigration and Treatment of Immigrants,2.0,,3,4,f,36db8c55-4b20-408c-bd99-b8488d0ef344,4e2c69ce-591e-4197-9cd5-7aceff79d390,https://ballotpedia.org/Mark_Gamba,Supported welcoming immigration policies; voted for immigrant-protective measures. https://ballotpedia.org/Mark_Gamba,
VERIFY,bio-only:unverified,Nancy Nathanson,-4120013,or,Representative,t,t,Childcare Affordability & Access,2.0,,3,7,f,ca404c61-11af-43d9-9563-07dde3f7b8e7,c1ac1330-47f7-44ec-baf3-c913d926b97c,https://ballotpedia.org/Nancy_Nathanson,Supported childcare affordability and access measures; voted for early childhood education funding in the Oregon House. https://ballotpedia.org/Nancy_Nathanson,
VERIFY,bio-only:unverified,Nancy Nathanson,-4120013,or,Representative,t,t,Civil Rights and Social Justice,1.0,,3,7,f,ca404c61-11af-43d9-9563-07dde3f7b8e7,0bc588c6-39e1-4084-b5de-cac909b8b762,https://ballotpedia.org/Nancy_Nathanson,Supported civil rights and anti-discrimination measures throughout long tenure in Eugene Democratic caucus. https://ballotpedia.org/Nancy_Nathanson,
VERIFY,bio-only:unverified,Nancy Nathanson,-4120013,or,Representative,t,t,Healthcare Access,2.0,,3,7,f,ca404c61-11af-43d9-9563-07dde3f7b8e7,e8dad4a8-eb93-4931-91f5-d8fb5d7dd529,https://ballotpedia.org/Nancy_Nathanson,Former University of Oregon professor; consistently supported healthcare access expansion and Medicaid measures in the Oregon House. https://ballotpedia.org/Nancy_Nathanson,
VERIFY,bio-only:unverified,Rob Nosse,-4120042,or,Representative,t,t,Civil Rights and Social Justice,1.0,,3,7,f,c5c49832-aa2d-477e-b44e-d6059a98d426,0bc588c6-39e1-4084-b5de-cac909b8b762,https://ballotpedia.org/Rob_Nosse,LGBTQ+ rights champion; consistent civil rights voting record; one of Portland's most outspoken legislators on civil liberties and LGBTQ+ protections. https://ballotpedia.org/Rob_Nosse,
VERIFY,bio-only:unverified,Rob Nosse,-4120042,or,Representative,t,t,Rent Regulation,2.0,,3,7,f,c5c49832-aa2d-477e-b44e-d6059a98d426,c308e8e8-caac-44f5-ab04-dbfecf40bbe2,https://ballotpedia.org/Rob_Nosse,Supported tenant protections and rent stabilization measures; Portland SE district with diverse renter population. https://ballotpedia.org/Rob_Nosse,
VERIFY,bio-only:unverified,Rob Nosse,-4120042,or,Representative,t,t,Transgender Athletes,1.0,,3,7,f,c5c49832-aa2d-477e-b44e-d6059a98d426,d1618b9c-0b9e-45af-b986-bb33d270b8e4,https://ballotpedia.org/Rob_Nosse,Strong transgender rights advocate; voted for protections for transgender youth and athletes in Oregon schools. https://ballotpedia.org/Rob_Nosse,
VERIFY,bio-only:unverified,Rob Wagner,-4110019,or,Senator,t,t,Campaign Finance Reform,1.0,,3,8,f,14faa864-de9f-497f-a78a-db41f42ee5e0,92730f69-ae57-401c-8ad1-2d07834a895d,https://ballotpedia.org/Rob_Wagner,Supported campaign finance transparency measures; backed disclosure requirements and limits on political spending. https://ballotpedia.org/Rob_Wagner,
VERIFY,bio-only:unverified,Rob Wagner,-4110019,or,Senator,t,t,Fossil Fuel Policy,1.0,,3,8,f,14faa864-de9f-497f-a78a-db41f42ee5e0,a22215c3-6693-4bc2-b248-01aebba14570,https://ballotpedia.org/Rob_Wagner,Supported clean energy transition; voted for fossil fuel reduction legislation as part of climate action agenda. https://ballotpedia.org/Rob_Wagner,
VERIFY,bio-only:unverified,Rob Wagner,-4110019,or,Senator,t,t,Healthcare Access,1.0,,3,8,f,14faa864-de9f-497f-a78a-db41f42ee5e0,e8dad4a8-eb93-4931-91f5-d8fb5d7dd529,https://ballotpedia.org/Rob_Wagner,Voted YES on Oregon Health Plan expansion; supported universal healthcare access; backed mental health parity legislation. https://ballotpedia.org/Rob_Wagner,
RETIRE_NOW,empty-sources,Tracy Miller,-334783,ut,State Representative District 45,t,t,Data Center Development & Energy Costs,3.0,,3,28,f,d2d9d65d-138a-4b40-a4de-88642f35ec15,4559b513-0fd8-4ed1-babd-f3b554162f40,"",No data center-specific legislation as a freshman legislator. Republican caucus generally welcomes data center investment. No evidence of a restrictive or strongly supportive stance distinguishing her from the center position.,
RETIRE_NOW,empty-sources,Tracy Miller,-334783,ut,State Representative District 45,t,t,Transportation Priorities,3.0,,3,28,f,d2d9d65d-138a-4b40-a4de-88642f35ec15,ba59337e-30e2-4aba-a39a-426b3366eb27,"",No transportation-specific legislation sponsored. District (South Jordan/Sandy/Riverton) is a car-dependent suburb. Republican caucus approach balances road expansion with targeted transit support. No evidence distinguishing her from the moderate middle on transportation.,
RETIRE_NOW,empty-sources,Tracy Miller,-334783,ut,State Representative District 45,t,t,Ukraine - Russia Conflict,3.0,,3,28,f,d2d9d65d-138a-4b40-a4de-88642f35ec15,24e9212c-b011-422a-865c-093e35050901,"",No state-level Ukraine votes or bills. Freshman legislator focused entirely on education and childcare. Insufficient public record to place her outside the center on this federal foreign policy matter.,
VERIFY,bio-only:unverified,Wlnsvey Campos,-4110018,or,Senator,t,t,Climate Change and Environmental Protection,1.0,,3,5,f,95300e6e-ea4e-47f9-8a24-5f6f762d5c73,f1e44d66-5d27-4b51-b54f-b7ace86f6a3c,https://ballotpedia.org/Wlnsvey_Campos,Supported clean energy legislation; voted YES on climate bills protecting frontline communities disproportionately impacted by pollution. https://ballotpedia.org/Wlnsvey_Campos,
VERIFY,bio-only:unverified,Wlnsvey Campos,-4110018,or,Senator,t,t,Healthcare Access,1.0,,3,5,f,95300e6e-ea4e-47f9-8a24-5f6f762d5c73,e8dad4a8-eb93-4931-91f5-d8fb5d7dd529,https://ballotpedia.org/Wlnsvey_Campos,Voted YES on healthcare access expansion; supports Oregon Health Plan and universal healthcare access. https://ballotpedia.org/Wlnsvey_Campos,
VERIFY,bio-only:unverified,Wlnsvey Campos,-4110018,or,Senator,t,t,Taxation and Public Spending,1.0,,3,5,f,95300e6e-ea4e-47f9-8a24-5f6f762d5c73,f7e5678d-dadd-4556-a2fc-446e24642ceb,https://ballotpedia.org/Wlnsvey_Campos,Supports progressive taxation and public investment in education and social services; backed revenue measures for community programs. https://ballotpedia.org/Wlnsvey_Campos,
VERIFY,bio-only:unverified,Andrea Valderrama,-4120047,or,Representative,t,t,Civil Rights and Social Justice,1.0,,2,3,f,a5a3918c-3e24-44fa-9573-440436a05b04,0bc588c6-39e1-4084-b5de-cac909b8b762,https://ballotpedia.org/Andrea_Valderrama,Supported civil rights and racial equity measures; environmental justice framework connects environmental and civil rights advocacy. https://ballotpedia.org/Andrea_Valderrama,
VERIFY,bio-only:unverified,Andrea Valderrama,-4120047,or,Representative,t,t,Immigration and Treatment of Immigrants,2.0,,2,3,f,a5a3918c-3e24-44fa-9573-440436a05b04,4e2c69ce-591e-4197-9cd5-7aceff79d390,https://ballotpedia.org/Andrea_Valderrama,Supported immigrant community protections; Portland area with significant Latino immigrant community; voted for immigrant-protective measures. https://ballotpedia.org/Andrea_Valderrama,
VERIFY,bio-only:unverified,Annessa Hartman,-4120040,or,Representative,t,t,Civil Rights and Social Justice,1.0,,2,3,f,14896652-e36b-4823-afb0-e92e3338929c,0bc588c6-39e1-4084-b5de-cac909b8b762,https://ballotpedia.org/Annessa_Hartman,Supported civil rights and anti-discrimination measures; consistent progressive voting record from Portland district. https://ballotpedia.org/Annessa_Hartman,
VERIFY,bio-only:unverified,Annessa Hartman,-4120040,or,Representative,t,t,Healthcare Access,2.0,,2,3,f,14896652-e36b-4823-afb0-e92e3338929c,e8dad4a8-eb93-4931-91f5-d8fb5d7dd529,https://ballotpedia.org/Annessa_Hartman,Supported healthcare access expansion; voted for Medicaid expansion and community health measures. https://ballotpedia.org/Annessa_Hartman,
VERIFY,bio-only:unverified,Ben Bowman,-4120025,or,Representative,t,t,Civil Rights and Social Justice,1.0,,2,3,f,5e29b685-1f2e-4963-83a8-a7bde5b5250e,0bc588c6-39e1-4084-b5de-cac909b8b762,https://ballotpedia.org/Ben_Bowman,Supported civil rights and anti-discrimination measures in the Oregon House; progressive voting record from Tigard district. https://ballotpedia.org/Ben_Bowman,
VERIFY,bio-only:unverified,Ben Bowman,-4120025,or,Representative,t,t,Healthcare Access,2.0,,2,3,f,5e29b685-1f2e-4963-83a8-a7bde5b5250e,e8dad4a8-eb93-4931-91f5-d8fb5d7dd529,https://ballotpedia.org/Ben_Bowman,Supported healthcare access expansion; voted for Medicaid expansion and community health measures. https://ballotpedia.org/Ben_Bowman,
VERIFY,bio-only:unverified,Blake Gendebien,-3612102,(none),(not seated),f,t,Healthcare Access,3.0,,2,5,f,f3e749b6-24f5-47b4-8f31-94bc23421b86,e8dad4a8-eb93-4931-91f5-d8fb5d7dd529,https://ballotpedia.org/Blake_Gendebien,"His Ballotpedia Candidate Connection survey pledges to ""expand access by growing tele-health services and investing in transportation options"" and lower prescription drug costs for rural families and seniors -- targeted help to expand access while keeping private insurance.",
VERIFY,bio-only:unverified,Blake Gendebien,-3612102,(none),(not seated),f,t,Medicare / Medicaid,3.0,,2,5,f,f3e749b6-24f5-47b4-8f31-94bc23421b86,cab61e8a-64fe-4bbd-bc08-fe9914d0091b,https://ballotpedia.org/Blake_Gendebien,"His Ballotpedia Candidate Connection survey states ""I will never vote to cut Social Security, Medicare, or Medicaid"" and pledges to lower prescription drug costs -- protecting and improving current programs while controlling costs.",
VERIFY,bio-only:unverified,Carleigh Beriont,-330133,(none),(not seated),f,t,Artificial Intelligence Oversight,3.0,,2,19,f,1d2d647a-16e0-4d17-af5b-acd83762c359,666bf03d-81fc-4138-ab15-69ae734c9023,https://ballotpedia.org/Carleigh_Beriont,"Campaign platform pledges to ""pass real AI regulation and privacy protections"" alongside anti-monopoly enforcement against Big Tech, indicating support for mandatory accountability rather than voluntary self-regulation, though she has not detailed specific safety-testing or high-risk-use bans.",
VERIFY,bio-only:unverified,Carleigh Beriont,-330133,(none),(not seated),f,t,Civil Rights and Social Justice,2.0,,2,19,f,1d2d647a-16e0-4d17-af5b-acd83762c359,0bc588c6-39e1-4084-b5de-cac909b8b762,https://ballotpedia.org/Carleigh_Beriont,"States there is ""no middle of the road"" on racial justice as a core campaign theme and backs passage of the John Lewis Voting Rights Act, indicating a strengthen-enforcement posture rather than a specific call for mandated equity requirements or reparations.",
VERIFY,bio-only:unverified,Chris Gorsek,-4110025,or,Senator,t,t,Civil Rights and Social Justice,1.0,,2,6,f,22a1e980-4f15-435d-a0c4-1a08202d6bb5,0bc588c6-39e1-4084-b5de-cac909b8b762,https://ballotpedia.org/Chris_Gorsek,Supported civil rights and anti-discrimination protections; voted YES on HB 2002 gender-affirming care. https://ballotpedia.org/Chris_Gorsek,
VERIFY,bio-only:unverified,Chris Gorsek,-4110025,or,Senator,t,t,Healthcare Access,1.0,,2,6,f,22a1e980-4f15-435d-a0c4-1a08202d6bb5,e8dad4a8-eb93-4931-91f5-d8fb5d7dd529,https://ballotpedia.org/Chris_Gorsek,Voted YES on Oregon Health Plan expansion and healthcare access bills. https://ballotpedia.org/Chris_Gorsek,
VERIFY,bio-only:unverified,Court Boice,-4120001,or,Representative,t,t,Climate Change and Environmental Protection,5.0,,2,3,f,0e3b9216-cfb9-411f-b80e-684ccaae593f,f1e44d66-5d27-4b51-b54f-b7ace86f6a3c,https://ballotpedia.org/Court_Boice,Participated in the 2023 Oregon House Republican walkout denying quorum to block HB 2020 (cap-and-trade/climate package) and gun safety legislation. https://ballotpedia.org/Court_Boice,
VERIFY,bio-only:unverified,Court Boice,-4120001,or,Representative,t,t,Taxation and Public Spending,5.0,,2,3,f,0e3b9216-cfb9-411f-b80e-684ccaae593f,f7e5678d-dadd-4556-a2fc-446e24642ceb,https://ballotpedia.org/Court_Boice,Consistent anti-tax voting record as Republican representative from rural Curry/Josephine County district; opposed business tax increases including Corporate Activity Tax measures. https://ballotpedia.org/Court_Boice,
VERIFY,bio-only:unverified,Daniel Sayre,-232135,me,Representative,t,t,Civil Rights and Social Justice,2.0,,2,16,f,18b11787-c861-4996-aba5-3b863ea33b1d,0bc588c6-39e1-4084-b5de-cac909b8b762,https://ballotpedia.org/Daniel_Sayre,"In his 2022 Ballotpedia candidate survey, committed to ensuring education, economic opportunity, and civil rights ""are not infringed based on a person's racial, ethnic, religious, gender or sexual identity"" -- a general civil-rights-enforcement/anti-discrimination commitment matching the scale's enforcement chair rather than a race-based-programs-elimination or reparations-mandate position.",
VERIFY,bio-only:unverified,Daniel Sayre,-232135,me,Representative,t,t,State Redistricting and Gerrymandering,2.0,,2,16,f,18b11787-c861-4996-aba5-3b863ea33b1d,48cc9585-ec22-4f53-8d42-6839828dd36f,https://ballotpedia.org/Daniel_Sayre,"In his 2022 candidate survey, praised Maine's practice of putting redistricting in the hands of a bipartisan commission as ""the right way to do it,"" matching the scale's independent-commission-with-equal-party-representation chair.",
VERIFY,bio-only:unverified,David Russ,-410601,(none),(not seated),f,t,Deportation Priorities,4.0,,2,7,f,fca8c613-c2a5-4ef5-a667-04c19bd6f9db,44905f3b-e105-4f6c-afc7-5d223813dbac,https://ballotpedia.org/David_Russ_(Oregon),"His campaign platform calls for 'ending Entitlements for Persons guilty of illegally entering the country and removal of undocumented aliens,' a general enforcement/removal position without an explicit exception for long-term residents or family ties, most consistent with deporting all people without legal status.",
VERIFY,bio-only:unverified,David Russ,-410601,(none),(not seated),f,t,Social Security,5.0,,2,7,f,fca8c613-c2a5-4ef5-a667-04c19bd6f9db,87d20824-a6e9-407b-983c-65440084a0ab,https://ballotpedia.org/David_Russ_(Oregon),"Russ states Social Security 'should be a State issue' because 'the constitution does not authorize the Federal Government to participate in this type of activity,' the most anti-federal-program position on the scale, closest to ending the current federal program in favor of individually controlled alternatives.",
VERIFY,bio-only:unverified,Deb Patterson,-4110010,or,Senator,t,t,Civil Rights and Social Justice,1.0,,2,5,f,631cc414-8793-42ec-b883-594ed7f0b249,0bc588c6-39e1-4084-b5de-cac909b8b762,https://ballotpedia.org/Deb_Patterson,Consistent civil rights supporter; voted YES on anti-discrimination protections and LGBTQ+ equality measures in Oregon legislature. https://ballotpedia.org/Deb_Patterson,
VERIFY,bio-only:unverified,Deb Patterson,-4110010,or,Senator,t,t,Immigration and Treatment of Immigrants,1.0,,2,5,f,631cc414-8793-42ec-b883-594ed7f0b249,4e2c69ce-591e-4197-9cd5-7aceff79d390,https://ballotpedia.org/Deb_Patterson,Supported immigrant health access; backed measures ensuring immigrant communities can access healthcare without fear of enforcement. https://ballotpedia.org/Deb_Patterson,
VERIFY,bio-only:unverified,Denise Powell,-310202,(none),(not seated),f,t,Deportation Priorities,2.0,,2,12,f,85fdd516-d5cc-48d8-8fec-e425d90f03db,44905f3b-e105-4f6c-afc7-5d223813dbac,https://ballotpedia.org/Denise_Powell,"Platform explicitly criticizes the 'massive expansion of immigration raids and arrests without scrutiny' as a threat to public safety and calls for accountability over aggressive ICE/DHS enforcement, while still supporting border-security investment — closest to stance 2's focus on limiting deportation to serious offenders.",
VERIFY,bio-only:unverified,Denise Powell,-310202,(none),(not seated),f,t,Immigration and Treatment of Immigrants,2.0,,2,12,f,85fdd516-d5cc-48d8-8fec-e425d90f03db,4e2c69ce-591e-4197-9cd5-7aceff79d390,https://ballotpedia.org/Denise_Powell,"Platform supports border security investment alongside a fair path to citizenship for long-term immigrants and new legal avenues for essential workers in agriculture, manufacturing, healthcare and hospitality — an open-legal-immigration approach matching stance 2.",
VERIFY,bio-only:unverified,Dick Anderson,-4110005,or,Senator,t,t,Climate Change and Environmental Protection,5.0,,2,3,f,d9803822-6bf8-437d-aa4b-d7e6b4a67b7c,f1e44d66-5d27-4b51-b54f-b7ace86f6a3c,https://ballotpedia.org/Dick_Anderson_(Oregon),Participated in May 2023 Senate Republican walkout blocking quorum to prevent climate legislation; opposed clean energy mandates. https://ballotpedia.org/Dick_Anderson_(Oregon),
VERIFY,bio-only:unverified,Dick Anderson,-4110005,or,Senator,t,t,Taxation and Public Spending,5.0,,2,3,f,d9803822-6bf8-437d-aa4b-d7e6b4a67b7c,f7e5678d-dadd-4556-a2fc-446e24642ceb,https://ballotpedia.org/Dick_Anderson_(Oregon),Voted NO on HB 3427 (2019) Corporate Activity Tax; consistent Republican opposition to tax increases. https://ballotpedia.org/Dick_Anderson_(Oregon),
VERIFY,bio-only:unverified,Ernie Rivera,-66000050,(none),(not seated),f,t,Fossil Fuel Policy,4.0,,2,13,f,bde578b4-fbb6-4d80-a55a-d5c3a24656ff,a22215c3-6693-4bc2-b248-01aebba14570,https://ballotpedia.org/Ernie_Rivera,"Economic-strength platform pillar calls to 'unleash American energy' as part of restoring economic strength, matching expanded fossil fuel drilling permits.",
VERIFY,bio-only:unverified,Ernie Rivera,-66000050,(none),(not seated),f,t,Social Security,3.0,,2,13,f,bde578b4-fbb6-4d80-a55a-d5c3a24656ff,87d20824-a6e9-407b-983c-65440084a0ab,https://ballotpedia.org/Ernie_Rivera,"Ballotpedia platform summary states he will protect the Medicare and Social Security benefits seniors have earned, without proposing benefit expansion, tax-cap removal, or privatization -- matching small stabilizing adjustments.",
VERIFY,bio-only:unverified,Isaac G. Bryan,-6002055,ca,Assembly Member,t,t,Affordable Housing,2.0,,2,21,f,5cdd28b7-f8be-4968-bc1a-0e7928786980,669cac97-66a6-4087-b036-936fbe62efb3,https://ballotpedia.org/Isaac_Bryan,"Bryan introduced legislation expanding homelessness mandates to large California jurisdictions, authored AB 1685 relieving parking ticket debt for unhoused people living in vehicles, and stated 'The solution to homelessness is housing.' His record reflects large-scale public investment in housing and rental assistance programs — consistent with new stance 2, which calls for publicly funded housing and requirements that new developments include affordable units. He has not advocated for government directly building and operating public housing in the manner of new stance 1.",
VERIFY,bio-only:unverified,Isaac G. Bryan,-6002055,ca,Assembly Member,t,t,Religious Freedom,3.0,,2,21,f,5cdd28b7-f8be-4968-bc1a-0e7928786980,6b9ba6d9-1001-43f5-b073-4d37130696fd,https://ballotpedia.org/Isaac_Bryan,"No direct legislation or on-record statements from Bryan specifically addressing religious freedom exemptions from anti-discrimination laws were found. His consistent LGBTQ+ rights advocacy suggests he would favor protecting civil rights over religious exemptions, but without direct evidence, a centrist score reflecting balance between religious practice and anti-discrimination law is most defensible.",
VERIFY,bio-only:unverified,James I. Manning Jr.,-4110007,or,Senator,t,t,Civil Rights and Social Justice,1.0,,2,6,f,bef7b04c-a2ba-4daf-9359-ae1ae0e38e9e,0bc588c6-39e1-4084-b5de-cac909b8b762,https://ballotpedia.org/James_Manning,Long-serving Democratic senator; consistent supporter of civil rights protections and anti-discrimination measures in Oregon legislature. https://ballotpedia.org/James_Manning,
VERIFY,bio-only:unverified,James I. Manning Jr.,-4110007,or,Senator,t,t,Healthcare Access,1.0,,2,6,f,bef7b04c-a2ba-4daf-9359-ae1ae0e38e9e,e8dad4a8-eb93-4931-91f5-d8fb5d7dd529,https://ballotpedia.org/James_Manning,Voted YES on healthcare access expansion bills; supports Oregon Health Plan expansion and Medicaid coverage for low-income Oregonians. https://ballotpedia.org/James_Manning,
RETIRE_NOW,no-context,Jeff Charnel,-250900010,ma,City Councilor,t,t,Criminalization of Homelessness,2.0,,2,3,f,9fbef309-1daf-4ddf-a7f2-0432bfffa6c1,4938766b-b45a-46e3-93bd-b8b30651271a,,"",2026-07-06 17:16:37.427443+00
RETIRE_NOW,no-context,Jeff Charnel,-250900010,ma,City Councilor,t,t,Homelessness Response,2.0,,2,3,f,9fbef309-1daf-4ddf-a7f2-0432bfffa6c1,6fbf39ae-6b19-4182-b4c2-6a8d25c86c0f,,"",2026-07-06 17:16:37.427443+00
VERIFY,bio-only:unverified,Jeff Golden,-4110003,or,Senator,t,t,Civil Rights and Social Justice,1.0,,2,7,f,21b454d4-e6a5-48fe-9bd1-0da84f2a1a39,0bc588c6-39e1-4084-b5de-cac909b8b762,https://ballotpedia.org/Jeff_Golden,Supported civil rights protections; voted YES on HB 2002 (2023) expanding gender-affirming care rights; supports inclusive policies. https://ballotpedia.org/Jeff_Golden,
VERIFY,bio-only:unverified,Jeff Golden,-4110003,or,Senator,t,t,Climate Change and Environmental Protection,1.0,,2,7,f,21b454d4-e6a5-48fe-9bd1-0da84f2a1a39,f1e44d66-5d27-4b51-b54f-b7ace86f6a3c,https://ballotpedia.org/Jeff_Golden,Champion of climate legislation; supported SB 488 (2021) clean energy and coal transition; supported HB 2021 (2021) 100% clean electricity standard; active on Senate Environment and Natural Resources Committee. https://ballotpedia.org/Jeff_Golden,
VERIFY,bio-only:unverified,Jerrad Christian,-391201,(none),(not seated),f,t,Affordable Housing,3.0,,2,20,f,03ed0d1f-e210-464b-8bf4-8f7dffae90d0,669cac97-66a6-4087-b036-936fbe62efb3,https://ballotpedia.org/Jerrad_Christian,"His 2026 campaign platform section 'End the housing crisis' (quoted verbatim by Ballotpedia) proposes reforming exclusionary zoning so duplexes/small multifamily can be built, incentivizing first-time homeownership, and cracking down on institutional bulk-buyers. Zoning/permitting reform plus first-time buyer assistance matches the targeted-help chair (3); no public-housing-construction or rent-cap position documented (rules out 1-2). Added 2026-07-02 during iSideWith corroboration.",
VERIFY,bio-only:unverified,Jerrad Christian,-391201,(none),(not seated),f,t,Social Security,1.0,,2,20,f,03ed0d1f-e210-464b-8bf4-8f7dffae90d0,87d20824-a6e9-407b-983c-65440084a0ab,https://ballotpedia.org/Jerrad_Christian,His 2026 campaign platform section 'Defend & Restore Social Security' (quoted verbatim by Ballotpedia): 'the math is straightforward: uncap it... Lifting or eliminating the cap would extend the program's solvency and strengthen benefits without cutting a dime from retirees.' Removing the income cap on payroll taxes while strengthening benefits is the exact mechanism of the expand-benefits chair (1). Added 2026-07-02 during iSideWith corroboration.,
VERIFY,bio-only:unverified,"John ""Drew"" Williams",-210300,(none),(not seated),f,t,Climate Change and Environmental Protection,3.0,,2,9,f,3f7ce0c5-7674-4b3b-87aa-61e0190b402c,f1e44d66-5d27-4b51-b54f-b7ace86f6a3c,https://ballotpedia.org/Drew_Williams,"The same Ballotpedia survey statement balances 'current needs and productions of fossil fuels' against 'the direction and needs of greener and renewable energy,' indicating a gradual-transition approach rather than an emergency declaration or market-only stance, matching stance 3's invest-while-gradually-reducing-fossil-fuel-reliance position.",
VERIFY,bio-only:unverified,"John ""Drew"" Williams",-210300,(none),(not seated),f,t,Fossil Fuel Policy,3.0,,2,9,f,3f7ce0c5-7674-4b3b-87aa-61e0190b402c,a22215c3-6693-4bc2-b248-01aebba14570,https://ballotpedia.org/Drew_Williams,"In his Ballotpedia candidate survey response he describes 'a healthy respect for both our current needs and productions of fossil fuels while understanding the direction and needs of greener and renewable energy... going forward' — a balanced, status-quo-leaning position that neither restricts nor expands drilling, matching stance 3.",
VERIFY,bio-only:unverified,Karen Ruth Bass,683865,ca,Mayor,t,t,Misinformation and the Role of Algorithms in Democracy,2.0,,2,35,f,21c9e711-fb18-4afb-884f-08acd2b598ba,ddd65d64-9dc7-4208-a30f-59f4b9c0653d,https://ballotpedia.org/Karen_Bass,Voted for H.R. 1 (For the People Act) which includes the DISCLOSE Act and transparency provisions for digital political advertising. Supported requiring disclosure of who is spending money on political ads online. Her general alignment supports mandating transparency and fact-checking rather than banning government involvement.,
VERIFY,bio-only:unverified,Karen Ruth Bass,683865,ca,Mayor,t,t,Voting Rights and Electoral Integrity,1.0,,2,35,f,21c9e711-fb18-4afb-884f-08acd2b598ba,d1792200-1d3b-4955-a0b7-0e6980d7a7b2,https://ballotpedia.org/Karen_Bass,"Voted for H.R. 1 (For the People Act, 2019 and 2021), which mandates automatic voter registration, same-day registration, expanded mail-in and early voting, and independent redistricting commissions.  Also voted for H.R. 5746 (Freedom to Vote: John R. Lewis Act). These bills represent the most expansive voting rights proposals in recent legislative history.",
VERIFY,bio-only:unverified,Ken Helm,-4120027,or,Representative,t,t,Civil Rights and Social Justice,1.0,,2,6,f,40ecc3a4-ca59-48c4-8b17-634cc385bc9a,0bc588c6-39e1-4084-b5de-cac909b8b762,https://ballotpedia.org/Ken_Helm,Supported civil rights and anti-discrimination measures in the Oregon House; consistent progressive voting record from Beaverton. https://ballotpedia.org/Ken_Helm,
VERIFY,bio-only:unverified,Ken Helm,-4120027,or,Representative,t,t,Healthcare Access,2.0,,2,6,f,40ecc3a4-ca59-48c4-8b17-634cc385bc9a,e8dad4a8-eb93-4931-91f5-d8fb5d7dd529,https://ballotpedia.org/Ken_Helm,Supported healthcare access expansion; voted for Medicaid expansion and health programs. https://ballotpedia.org/Ken_Helm,
VERIFY,bio-only:unverified,Kim Farington,,va,Candidate for U.S. Senate — Virginia,t,t,Climate Change and Environmental Protection,5.0,,2,8,f,69b5322a-cc38-4e55-838c-b08bb80fbcd1,f1e44d66-5d27-4b51-b54f-b7ace86f6a3c,https://ballotpedia.org/Kim_Farington,"She opposes aggressive federal climate mandates and prioritizes expanding oil, gas, coal, and nuclear production over emissions policy, matching the chair that rejects climate-change policy in favor of economic growth.",
VERIFY,bio-only:unverified,Kim Farington,,va,Candidate for U.S. Senate — Virginia,t,t,Reproductive Rights and Abortion Access,4.0,,2,8,f,69b5322a-cc38-4e55-838c-b08bb80fbcd1,af2fdfd6-02c4-49df-b09c-cf8536f4773f,https://ballotpedia.org/Kim_Farington,"Farington says abortion policy belongs at the state level and that she will be a 'pro-life vote' in the Senate, and she opposed a Virginia constitutional amendment protecting abortion rights; absent any call for a total ban with criminal penalties, this most closely matches the chair restricting abortion to cases of rape, incest, or serious threat to the mother's life.",
VERIFY,bio-only:unverified,Kim Wallan,-4120006,or,Representative,t,t,Climate Change and Environmental Protection,5.0,,2,3,f,3778353d-cbc9-43cf-866a-a7c01397503a,f1e44d66-5d27-4b51-b54f-b7ace86f6a3c,https://ballotpedia.org/Kim_Wallan,Participated in 2023 Oregon House Republican walkout blocking quorum on HB 2020 climate/cap-and-trade legislation; Medford area district with agricultural and timber interests. https://ballotpedia.org/Kim_Wallan,
VERIFY,bio-only:unverified,Kim Wallan,-4120006,or,Representative,t,t,Taxation and Public Spending,5.0,,2,3,f,3778353d-cbc9-43cf-866a-a7c01397503a,f7e5678d-dadd-4556-a2fc-446e24642ceb,https://ballotpedia.org/Kim_Wallan,Opposed tax increases as Republican representative from Medford area; voted against business tax measures including Corporate Activity Tax. https://ballotpedia.org/Kim_Wallan,
VERIFY,bio-only:unverified,Kristi Burke,-470101,(none),(not seated),f,t,Deportation Priorities,1.0,,2,3,f,574974b3-b91a-4ea5-b5b0-560663e56ef9,44905f3b-e105-4f6c-afc7-5d223813dbac,https://ballotpedia.org/Kristi_Burke,"Candidate Connection survey states she advocates ""replacing agencies like ICE with a system prioritizing human rights,"" aligning with stopping aggressive deportation enforcement and protecting undocumented residents from removal.",
VERIFY,bio-only:unverified,Kristi Burke,-470101,(none),(not seated),f,t,Healthcare Access,2.0,,2,3,f,574974b3-b91a-4ea5-b5b0-560663e56ef9,e8dad4a8-eb93-4931-91f5-d8fb5d7dd529,https://ballotpedia.org/Kristi_Burke,"Candidate Connection survey describes living without health insurance under a ""pay or pray"" system and pledges essential needs like healthcare should never be gatekept by wealth; does not name a specific single-payer mechanism, so placed at the public+private mix chair rather than full public-sector single-payer.",
VERIFY,bio-only:unverified,Lisa Reynolds,-4110017,or,Senator,t,t,Civil Rights and Social Justice,1.0,,2,7,f,d910cf6e-7d70-4b0c-b883-2fe2dcb185b6,0bc588c6-39e1-4084-b5de-cac909b8b762,https://ballotpedia.org/Lisa_Reynolds,Consistent supporter of civil rights protections; voted YES on LGBTQ+ equality and anti-discrimination measures. https://ballotpedia.org/Lisa_Reynolds,
VERIFY,bio-only:unverified,Lisa Reynolds,-4110017,or,Senator,t,t,Immigration and Treatment of Immigrants,1.0,,2,7,f,d910cf6e-7d70-4b0c-b883-2fe2dcb185b6,4e2c69ce-591e-4197-9cd5-7aceff79d390,https://ballotpedia.org/Lisa_Reynolds,Supported immigrant protection policies; opposed state-level immigration enforcement collaboration; backed measures ensuring immigrant healthcare access. https://ballotpedia.org/Lisa_Reynolds,
VERIFY,bio-only:unverified,Luke Bronin,-90101,(none),(not seated),f,t,Childcare Affordability & Access,2.0,,2,12,f,c924abea-3bdf-49af-98cc-7d117cb54ad1,c1ac1330-47f7-44ec-baf3-c913d926b97c,https://ballotpedia.org/Luke_Bronin,"His platform calls for expanding access to childcare/eldercare, raising caregiver wages, and helping families afford care, without proposing a universal publicly-funded program or means-tested-only threshold — matching a significant-subsidy-expansion approach for low- and middle-income families.",
VERIFY,bio-only:unverified,Luke Bronin,-90101,(none),(not seated),f,t,Medicare / Medicaid,1.0,,2,12,f,c924abea-3bdf-49af-98cc-7d117cb54ad1,cab61e8a-64fe-4bbd-bc08-fe9914d0091b,https://ballotpedia.org/Luke_Bronin,"Bronin's healthcare plan explicitly proposes a public option so 'any American' can buy into Medicare, alongside protecting Medicaid — functionally an open-ended Medicare expansion rather than a narrower age-55 buy-in or cost-control-only approach.",
VERIFY,bio-only:unverified,Mark Meek,-4110020,or,Senator,t,t,Civil Rights and Social Justice,1.0,,2,6,f,be46ed6d-363e-46f4-89d4-c95d9af67db1,0bc588c6-39e1-4084-b5de-cac909b8b762,https://ballotpedia.org/Mark_Meek,Supported civil rights and anti-discrimination protections; voted YES on HB 2002 gender-affirming care rights. https://ballotpedia.org/Mark_Meek,
VERIFY,bio-only:unverified,Mark Meek,-4110020,or,Senator,t,t,Healthcare Access,1.0,,2,6,f,be46ed6d-363e-46f4-89d4-c95d9af67db1,e8dad4a8-eb93-4931-91f5-d8fb5d7dd529,https://ballotpedia.org/Mark_Meek,Voted YES on Oregon Health Plan expansion and healthcare access bills; supported Medicaid coverage for working families. https://ballotpedia.org/Mark_Meek,
VERIFY,bio-only:unverified,Nicholas Kiswanto,-150104,(none),(not seated),f,t,Campaign Finance Reform,2.0,,2,5,f,0ee1ff7a-fa69-423b-938f-1bd7931ae17e,92730f69-ae57-401c-8ad1-2d07834a895d,https://ballotpedia.org/Nicholas_Kiswanto,"In his Ballotpedia survey he wrote that ""money in politics works against the interests of everyday people"" and that Citizens United let money influence politics ""to an extent never seen before,"" pledging not to be ""beholden to corporate interests"" — a strict-limits-on-corporate-money position rather than an explicit full public-financing plan.",
VERIFY,bio-only:unverified,Nicholas Kiswanto,-150104,(none),(not seated),f,t,Voting Rights and Electoral Integrity,1.0,,2,5,f,0ee1ff7a-fa69-423b-938f-1bd7931ae17e,d1792200-1d3b-4955-a0b7-0e6980d7a7b2,https://ballotpedia.org/Nicholas_Kiswanto,"In his Ballotpedia survey he said his campaign was sparked by his district having half the primary turnout of the general election and by his representative voting for ""the voter suppression measure that is the SAVE Act,"" and he separately cited the Supreme Court's ruling against the Voting Rights Act and the SAVE Act as modern voter-suppression tools — an access-maximizing, anti-restriction stance matching the scale's automatic-registration chair.",
VERIFY,bio-only:unverified,Nik Sandman,-310102,(none),(not seated),f,t,Healthcare Access,1.0,,2,5,f,53869a47-b093-4e82-a82e-a979766ebe68,e8dad4a8-eb93-4931-91f5-d8fb5d7dd529,https://ballotpedia.org/Nik_Sandman,"In his Ballotpedia Candidate Connection survey he says current healthcare delivery is inequitable and unaffordable and that he favors extending Medicare to all Americans equally, describing a universal public system rather than a regulated public/private mix.",
VERIFY,bio-only:unverified,Nik Sandman,-310102,(none),(not seated),f,t,Medicare / Medicaid,1.0,,2,5,f,53869a47-b093-4e82-a82e-a979766ebe68,cab61e8a-64fe-4bbd-bc08-fe9914d0091b,https://ballotpedia.org/Nik_Sandman,"States directly in his Ballotpedia Candidate Connection survey that he favors extending Medicare to all Americans equally, matching stance 1's call to expand Medicare to cover everyone regardless of age.",
VERIFY,bio-only:unverified,Pam Marsh,-4120005,or,Representative,t,t,Civil Rights and Social Justice,1.0,,2,6,f,03af5908-a069-4ab7-91db-2f388a885bf9,0bc588c6-39e1-4084-b5de-cac909b8b762,https://ballotpedia.org/Pam_Marsh,Voted YES on SB 1521 (2024) anti-discrimination measures; consistent civil rights voting record in Oregon House. https://ballotpedia.org/Pam_Marsh,
VERIFY,bio-only:unverified,Pam Marsh,-4120005,or,Representative,t,t,Healthcare Access,2.0,,2,6,f,03af5908-a069-4ab7-91db-2f388a885bf9,e8dad4a8-eb93-4931-91f5-d8fb5d7dd529,https://ballotpedia.org/Pam_Marsh,Supported healthcare access expansion measures including Medicaid expansion and community health programs for rural southern Oregon. https://ballotpedia.org/Pam_Marsh,
VERIFY,bio-only:unverified,Patrick J. Ahrens,-6002026,ca,Assembly Member,t,t,Criminalization of Homelessness,3.0,,2,10,f,bd4dc076-4bdd-4e10-be2c-80d998b17c50,4938766b-b45a-46e3-93bd-b8b30651271a,https://ballotpedia.org/Patrick_Ahrens,Ahrens represents Sunnyvale/Santa Clara area with significant unhoused population. His progressive Democratic voting record and district priorities indicate support for shelter-first approaches. Aligns with enforcement only when shelter available (value=3).,
VERIFY,bio-only:unverified,Patrick J. Ahrens,-6002026,ca,Assembly Member,t,t,Reproductive Rights and Abortion Access,2.0,,2,10,f,bd4dc076-4bdd-4e10-be2c-80d998b17c50,af2fdfd6-02c4-49df-b09c-cf8536f4773f,https://ballotpedia.org/Patrick_Ahrens,Ahrens represents Silicon Valley (AD 24) and has voted with Democratic majority on reproductive rights. He voted YES on AB-7 and has Planned Parenthood endorsement. Aligns with keeping abortion legal and accessible (value=2).,
VERIFY,bio-only:unverified,Patrick Schmidt,-66000091,(none),(not seated),f,t,Medicare / Medicaid,2.0,,2,7,f,b21b5e5e-3359-4692-a60d-47d459bbb198,cab61e8a-64fe-4bbd-bc08-fe9914d0091b,https://ballotpedia.org/Patrick_Schmidt,"Supports significant Medicaid/KanCare expansion (to ~150,000 Kansans) and opposes Medicare privatization efforts, though he has not specifically called for lowering the Medicare eligibility age.",
VERIFY,bio-only:unverified,Patrick Schmidt,-66000091,(none),(not seated),f,t,Social Security,2.0,,2,7,f,b21b5e5e-3359-4692-a60d-47d459bbb198,87d20824-a6e9-407b-983c-65440084a0ab,https://ballotpedia.org/Patrick_Schmidt,"Opposes raising the retirement age and supports maintaining Social Security's inflation (COLA) adjustments, rejecting benefit-cutting reform; no explicit statement found on removing the payroll tax cap, so matched to the modest-strengthening chair rather than full expansion.",
RETIRE_NOW,no-context,Sarah Young,-4967000017,ut,Council District 7,t,t,Climate Change and Environmental Protection,2.0,,2,11,f,c8befa3a-280a-4ad5-af75-d8ca11498222,f1e44d66-5d27-4b51-b54f-b7ace86f6a3c,,"",
RETIRE_NOW,no-context,Sarah Young,-4967000017,ut,Council District 7,t,t,Criminalization of Homelessness,2.0,,2,11,f,c8befa3a-280a-4ad5-af75-d8ca11498222,4938766b-b45a-46e3-93bd-b8b30651271a,,"",
VERIFY,bio-only:unverified,Shirley N. Weber,-6000104,ca,Secretary of State,t,t,Immigration and Treatment of Immigrants,1.0,,2,15,f,4ba62f32-dd20-48ce-8d84-d09bb129ad59,4e2c69ce-591e-4197-9cd5-7aceff79d390,https://ballotpedia.org/Shirley_Weber,"Weber's district (Chula Vista, National City) has a large immigrant population and her legislative record consistently supported expanded protections for undocumented long-term residents, including voting with California's sanctuary state framework and authoring criminal justice reforms that disproportionately benefited immigrant communities. This record reflects support for both easier legal pathways and allowing undocumented residents to fully access public services — the most welcoming position on the new scale.",
VERIFY,bio-only:unverified,Shirley N. Weber,-6000104,ca,Secretary of State,t,t,Taxation and Public Spending,1.0,,2,15,f,4ba62f32-dd20-48ce-8d84-d09bb129ad59,f7e5678d-dadd-4556-a2fc-446e24642ceb,https://ballotpedia.org/Shirley_Weber,"Weber chaired the California Assembly Budget Committee and consistently advanced spending on equity programs including reparations, education equity, and public health expansion. Her career record ties progressive taxation to funding more public services — aligning with the new scale's stance 1 of significantly raising taxes on the wealthy to fund expanded programs.",
VERIFY,bio-only:unverified,Suzanne Weber,-4110016,or,Senator,t,t,Climate Change and Environmental Protection,5.0,,2,4,f,d34df5c8-9534-4472-814d-971adff16f50,f1e44d66-5d27-4b51-b54f-b7ace86f6a3c,https://ballotpedia.org/Suzanne_Weber,Participated in May 2023 Senate Republican walkout opposing climate legislation; opposes environmental regulations affecting coastal businesses and agriculture. https://ballotpedia.org/Suzanne_Weber,
VERIFY,bio-only:unverified,Suzanne Weber,-4110016,or,Senator,t,t,Taxation and Public Spending,5.0,,2,4,f,d34df5c8-9534-4472-814d-971adff16f50,f7e5678d-dadd-4556-a2fc-446e24642ceb,https://ballotpedia.org/Suzanne_Weber,Voted NO on HB 3427 (2019) Corporate Activity Tax; consistent conservative anti-tax position. https://ballotpedia.org/Suzanne_Weber,
VERIFY,bio-only:unverified,Travis Nelson,-4120044,or,Representative,t,t,Civil Rights and Social Justice,1.0,,2,3,f,0f7439ad-5832-42e9-a1c5-75f1720e14d3,0bc588c6-39e1-4084-b5de-cac909b8b762,https://ballotpedia.org/Travis_Nelson,Supported civil rights and anti-discrimination measures; consistent progressive voting record from Portland district. https://ballotpedia.org/Travis_Nelson,
VERIFY,bio-only:unverified,Travis Nelson,-4120044,or,Representative,t,t,Healthcare Access,2.0,,2,3,f,0f7439ad-5832-42e9-a1c5-75f1720e14d3,e8dad4a8-eb93-4931-91f5-d8fb5d7dd529,https://ballotpedia.org/Travis_Nelson,Supported healthcare access expansion; voted for Medicaid expansion and health programs. https://ballotpedia.org/Travis_Nelson,
VERIFY,bio-only:unverified,Trina Swanson,-270804,(none),(not seated),f,t,Medicare / Medicaid,3.0,,2,7,f,1b857086-aa3c-426d-9b88-fb445df8ac6d,cab61e8a-64fe-4bbd-bc08-fe9914d0091b,https://ballotpedia.org/Trina_Swanson,"Ballotpedia summarizes her platform as prioritizing lowering prescription drug prices, expanding rural health care access, and protecting Medicare and Social Security -- a protect-and-improve-current-programs posture rather than expansion to new populations or partial privatization.",
VERIFY,bio-only:unverified,Trina Swanson,-270804,(none),(not seated),f,t,Social Security,3.0,,2,7,f,1b857086-aa3c-426d-9b88-fb445df8ac6d,87d20824-a6e9-407b-983c-65440084a0ab,https://ballotpedia.org/Trina_Swanson,"Same platform language frames her position as protecting Medicare and Social Security without calling for expanded benefits, removal of the payroll tax cap, or privatization, best matching a stabilize-current-system posture.",
VERIFY,bio-only:unverified,Vicente Gonzalez,-100334,tx,Representative,t,t,Deportation Priorities,4.0,,2,6,f,6a18fa31-ad05-481a-bf5e-ecaa5cd193d1,44905f3b-e105-4f6c-afc7-5d223813dbac,https://ballotpedia.org/Vicente_Gonzalez_Jr.,"Ballotpedia Key votes (119th Congress): a Democrat who voted Yea on the Laken Riley Act, mandating detention/removal of undocumented immigrants charged with crimes -- prioritizing deportation of those with criminal records (chairs-not-polarity).",
VERIFY,bio-only:unverified,Vicente Gonzalez,-100334,tx,Representative,t,t,Transgender Athletes,4.0,,2,6,f,6a18fa31-ad05-481a-bf5e-ecaa5cd193d1,d1618b9c-0b9e-45af-b986-bb33d270b8e4,https://ballotpedia.org/Vicente_Gonzalez_Jr.,"Ballotpedia Key votes (119th Congress): a Democrat who voted Yea on the Protection of Women and Girls in Sports Act of 2025, requiring athletes to compete on teams matching biological sex assigned at birth.",
VERIFY,bio-only:unverified,Zach Hudson,-4120049,or,Representative,t,t,Civil Rights and Social Justice,1.0,,2,3,f,37247ac1-5444-4fdd-b58e-123b5db4d0fe,0bc588c6-39e1-4084-b5de-cac909b8b762,https://ballotpedia.org/Zach_Hudson,Supported civil rights and anti-discrimination measures; consistent progressive voting record from Troutdale/East Metro. https://ballotpedia.org/Zach_Hudson,
VERIFY,bio-only:unverified,Zach Hudson,-4120049,or,Representative,t,t,Healthcare Access,2.0,,2,3,f,37247ac1-5444-4fdd-b58e-123b5db4d0fe,e8dad4a8-eb93-4931-91f5-d8fb5d7dd529,https://ballotpedia.org/Zach_Hudson,Supported healthcare access expansion; voted for Medicaid expansion measures. https://ballotpedia.org/Zach_Hudson,
RETIRE_NOW,no-context,Alejandro Puy,-4967000012,ut,Council District 2,t,t,Criminalization of Homelessness,2.0,,1,11,f,7a1c5c1c-9ea7-4770-b44b-f6891ba718fa,4938766b-b45a-46e3-93bd-b8b30651271a,,"",
VERIFY,bio-only:unverified,Alex Q. Askew,-5120095,va,Delegate,t,t,Affordable Housing,2.0,,1,3,f,9e843c9d-bd2e-431f-969f-63372d0274ca,669cac97-66a6-4087-b036-936fbe62efb3,https://ballotpedia.org/Alex_Askew,Voted to establish frameworks to preserve local affordable housing; housing access as a legislative priority.,
VERIFY,bio-only:unverified,Ana Valencia,-201329,ca,Councilmember,t,t,Public Safety Approach,4.0,,1,4,f,ba647863-25fb-4ccf-9cb0-5a1c912d1b27,e9ebefcd-c496-45e8-b816-a79f8442ba85,"https://ballotpedia.org/Ana_Valencia_(Norwalk_City_Council_At-large,_California,_candidate_2024)","In her 2024 Ballotpedia Candidate Connection survey, Valencia named Public Safety her top priority, pledging to 'enhance community policing and increase support for emergency services' — favoring increased police and emergency-services support rather than redirecting funds.",
RETIRE_NOW,empty-sources,Andrew Chase,,(none),(not seated),f,f,Economic Development Incentives,3.0,,1,3,f,b6cc39bb-f246-4e2b-8f90-252d907badd5,eb3d1247-0de1-4b7f-baec-7259861efd53,"","Researched 2026-05-11 — no public record found. Checked: Murphy Monitor, murphytx.org.",
VERIFY,bio-only:unverified,Angie Windhauser,-270504,(none),(not seated),f,t,Reproductive Rights and Abortion Access,4.0,,1,2,f,ce37e715-b364-4d5e-bdda-e8dd324381ec,af2fdfd6-02c4-49df-b09c-cf8536f4773f,https://ballotpedia.org/Angela_Marie_Walls-Windhauser,"In her Ballotpedia Candidate Connection survey (her most recent documented statement on the issue, submitted during an earlier Senate campaign under the same identity, Angela Marie Walls-Windhauser), she described both ""Unborn and born Life"" as ""Precious,"" signaling a firmly anti-abortion position. Absent any language explicitly ruling out exceptions, this most closely aligns with a restrictive stance permitting abortion only in cases of rape, incest, or serious threat to the mother's life rather than an absolute ban with no exceptions.",
VERIFY,bio-only:unverified,Anna Scharf,-4120023,or,Representative,t,t,Climate Change and Environmental Protection,5.0,,1,2,f,0cd6ccff-e02d-4cbe-a1df-381226292840,f1e44d66-5d27-4b51-b54f-b7ace86f6a3c,https://ballotpedia.org/Anna_Scharf,Participated in 2023 Oregon House Republican walkout blocking quorum on HB 2020 climate legislation; rural Marion/Polk County agricultural district. https://ballotpedia.org/Anna_Scharf,
VERIFY,bio-only:unverified,August Pfluger,-100311,tx,Representative,t,t,Taxation and Public Spending,4.0,,1,4,f,4b04c042-bae9-456a-8ebc-e84e11397b23,f7e5678d-dadd-4556-a2fc-446e24642ceb,https://ballotpedia.org/August_Pfluger,Voted Yea on the 2025 budget reconciliation act (H. Con. Res. 14) extending the 2017 tax cuts while reducing federal spending -- cut-taxes-and-scale-back-services.,
VERIFY,bio-only:unverified,Beth Van Duyne,-100324,tx,Representative,t,t,Taxation and Public Spending,4.0,,1,4,f,510f7802-7b58-4e4a-9824-37e169e65680,f7e5678d-dadd-4556-a2fc-446e24642ceb,https://ballotpedia.org/Beth_Van_Duyne,Voted Yea on the 2025 budget reconciliation act (H. Con. Res. 14) extending the 2017 tax cuts and reducing spending.,
VERIFY,bio-only:unverified,Bo Biteman,-560002,(none),(not seated),f,t,Voting Rights and Electoral Integrity,4.0,,1,6,f,8d6faa29-2b9a-4d63-aff4-b738677a9c18,d1792200-1d3b-4955-a0b7-0e6980d7a7b2,https://r.jina.ai/https://ballotpedia.org/Bo_Biteman,"As a Wyoming legislator, Biteman was lead sponsor of SF0190, which would have required proof of citizenship to vote and mandated paper ballots (it did not pass), consistent with his broader record of supporting stricter voter-eligibility verification and paper-ballot election security.",
VERIFY,bio-only:unverified,Bobby Levy,-4120058,or,Representative,t,t,Climate Change and Environmental Protection,5.0,,1,2,f,05152597-fd40-49bb-bcd3-9e21945ae8b0,f1e44d66-5d27-4b51-b54f-b7ace86f6a3c,https://ballotpedia.org/Bobby_Levy,Participated in 2023 Oregon House Republican walkout blocking quorum on HB 2020 climate legislation; rural Eastern Oregon ranching economy. https://ballotpedia.org/Bobby_Levy,
VERIFY,bio-only:unverified,Boomer Wright,-4120009,or,Representative,t,t,Climate Change and Environmental Protection,5.0,,1,2,f,d5386673-4244-44ca-8e54-e1af61803f6e,f1e44d66-5d27-4b51-b54f-b7ace86f6a3c,https://ballotpedia.org/Boomer_Wright,Participated in 2023 Oregon House Republican walkout blocking quorum on HB 2020 climate/cap-and-trade legislation; rural Lane County timber and agricultural interests. https://ballotpedia.org/Boomer_Wright,
VERIFY,bio-only:unverified,Brandon Gill,-100326,tx,Representative,t,t,Taxation and Public Spending,4.0,,1,4,f,4b7c5474-9a09-4e12-8f74-17d5748909b3,f7e5678d-dadd-4556-a2fc-446e24642ceb,https://ballotpedia.org/Brandon_Gill,Voted Yea on the 2025 budget reconciliation act (H. Con. Res. 14) extending the 2017 tax cuts and reducing spending.,
VERIFY,bio-only:unverified,Brent Hennrich,-530301,(none),(not seated),f,t,Climate Change and Environmental Protection,2.0,,1,5,f,48b16473-9fcb-4957-a836-8de0b8609946,f1e44d66-5d27-4b51-b54f-b7ace86f6a3c,https://ballotpedia.org/Brent_Hennrich,"2021 Candidate Connection survey lists climate change as a top-3 campaign message, stating 'we need to do all we can to combat climate change and change its trajectory.'",
RETIRE_NOW,empty-sources,Candice B. Pierucci,-384159,ut,State Representative District 49,t,t,Ukraine - Russia Conflict,3.0,,1,28,f,99198363-2ac9-4b56-9d80-7abfe7b2a01a,24e9212c-b011-422a-865c-093e35050901,"","No direct votes or bills on Ukraine at the state level. As a mainstream Republican majority whip, her caucus has generally deferred to the federal executive posture. No public statements found either supporting or opposing Ukraine aid. Insufficient state-level evidence to place at either extreme; scored at the center default.",
VERIFY,bio-only:unverified,Carine Werner,-4005004,az,State Senator,t,t,Affordable Housing,3.0,,1,2,f,b769f53e-c9e5-4259-9e00-c20bfa945d15,669cac97-66a6-4087-b036-936fbe62efb3,https://ballotpedia.org/Carine_Werner,"In the 2025 session Werner sponsored SB1729, which would have created a first-time homebuyer assistance program funded through the state (held in Senate Finance committee). This is a targeted-assistance approach rather than large-scale public housing or deregulation, matching the chair for subsidies/first-time buyer assistance.",
VERIFY,bio-only:unverified,Clarence K. Lam,-2410012,md,Senator,t,t,Campaign Finance Reform,2.0,,1,18,f,fc23b939-0dfd-4968-ab19-fc1e7745e997,92730f69-ae57-401c-8ad1-2d07834a895d,https://ballotpedia.org/Clarence_Lam,Lam's profile does not show specific campaign finance reform legislation though his progressive stance on economic fairness and corporate accountability implies support for campaign finance transparency measures.,
VERIFY,bio-only:unverified,Cliff Johnson,-280101,(none),(not seated),f,t,Medicare / Medicaid,3.0,,1,4,f,244d3210-4ebc-4c42-a267-4587e4f795de,cab61e8a-64fe-4bbd-bc08-fe9914d0091b,https://ballotpedia.org/Cliff_Johnson_(Mississippi),"Johnson warns that tens of thousands of Mississippians with Medicaid and ACA coverage are at risk of losing it, signaling a defensive posture to protect and stabilize current Medicaid/ACA program levels rather than a call for major eligibility expansion or privatization.",
RETIRE_NOW,empty-sources,Cody Harris,-100508,tx,Representative,t,t,Fossil Fuel Policy,4.0,,1,10,f,c6dcdb47-9bbd-4c9b-9169-77e6082f17b1,a22215c3-6693-4bc2-b248-01aebba14570,"","Harris represents a rural East Texas district that includes oil and gas country (Anderson, Cherokee counties). He is a Republican who has not filed any clean energy legislation and voted with the pro-fossil-fuel majority. Score 4: expand drilling permits.",
VERIFY,bio-only:unverified,Craig Goldman,-100312,tx,Representative,t,t,Taxation and Public Spending,4.0,,1,4,f,846501ab-5b92-4270-97ed-21a43842c726,f7e5678d-dadd-4556-a2fc-446e24642ceb,https://ballotpedia.org/Craig_Goldman,Voted Yea on the 2025 budget reconciliation act (H. Con. Res. 14) extending the 2017 tax cuts and reducing spending.,
VERIFY,bio-only:unverified,Cyrus Javadi,-4120032,or,Representative,t,t,Healthcare Access,2.0,,1,2,f,cd8e1e6b-bd17-44e0-a8a3-deffc2f5982e,e8dad4a8-eb93-4931-91f5-d8fb5d7dd529,https://ballotpedia.org/Cyrus_Javadi,Supported healthcare access expansion measures; voted for Medicaid expansion in the Oregon House. https://ballotpedia.org/Cyrus_Javadi,
VERIFY,bio-only:unverified,Dacia Grayber,-4120028,or,Representative,t,t,Civil Rights and Social Justice,1.0,,1,2,f,c5640f05-239a-47fd-97f3-e284859c1cc9,0bc588c6-39e1-4084-b5de-cac909b8b762,https://ballotpedia.org/Dacia_Grayber,Supported civil rights and anti-discrimination measures; consistent progressive voting record from Portland west side district. https://ballotpedia.org/Dacia_Grayber,
RETIRE_NOW,no-context,Daniel E. Dugan,-4967000016,ut,Council District 6,t,t,Climate Change and Environmental Protection,1.0,,1,10,f,c0dad47a-8ac9-4ae5-9990-d5f1e16e0c71,f1e44d66-5d27-4b51-b54f-b7ace86f6a3c,,"",
VERIFY,bio-only:unverified,Daniel Nguyễn,-4120038,or,Representative,t,t,Civil Rights and Social Justice,1.0,,1,2,f,73519742-09c3-4204-871b-076ff1397a14,0bc588c6-39e1-4084-b5de-cac909b8b762,https://ballotpedia.org/Daniel_Nguyen,Supported civil rights and anti-discrimination measures; consistent progressive voting record from Portland/Beaverton district. https://ballotpedia.org/Daniel_Nguyen,
VERIFY,bio-only:unverified,David Gomberg,-4120010,or,Representative,t,t,Healthcare Access,2.0,,1,5,f,00ddecfd-648a-4118-82e6-a60327068b32,e8dad4a8-eb93-4931-91f5-d8fb5d7dd529,https://ballotpedia.org/David_Gomberg,Supported healthcare access expansion for rural coastal communities; voted for Medicaid expansion measures in the Oregon House. https://ballotpedia.org/David_Gomberg,
VERIFY,bio-only:unverified,Diana DiZoglio,-200006,ma,Auditor of the Commonwealth,t,t,Fossil Fuel Policy,2.0,,1,21,f,30b6b674-509f-46f6-a9aa-aa3dbefc2f42,a22215c3-6693-4bc2-b248-01aebba14570,https://ballotpedia.org/Diana_DiZoglio,DiZoglio supported a ban on fossil fuel hook-ups in new buildings and fought to prevent construction of new natural gas power plants. She wrote that new natural gas plants are contrary to climate goals and pledged to partner with others to fight such proposals as State Auditor. This aligns with stopping new permits for fossil fuel drilling (value=2).,
VERIFY,bio-only:unverified,Dustin Darden,-66000071,(none),(not seated),f,t,Reproductive Rights and Abortion Access,5.0,,1,2,f,604922aa-dcfe-4065-bcbe-4c238222bb03,af2fdfd6-02c4-49df-b09c-cf8536f4773f,https://ballotpedia.org/Dustin_Darden,"Darden's only documented abortion statement is from his 2024 Ballotpedia Candidate Connection survey response, ""Life starts at conception,"" with no mention of exceptions for rape, incest, or maternal health. This fetal-personhood framing, offered with no carve-outs, is the closest match to stance 5 (complete ban, no exceptions); he has not addressed criminal penalties for providers/patients specifically, but no more recent statement supersedes this position for his 2026 Senate run.",
VERIFY,bio-only:unverified,E. Werner Reschke,-4120055,or,Representative,t,t,Climate Change and Environmental Protection,5.0,,1,2,f,3c7c9b46-a054-41a7-8752-f0d8706f754d,f1e44d66-5d27-4b51-b54f-b7ace86f6a3c,https://ballotpedia.org/E._Werner_Reschke,"Participated in 2023 Oregon House Republican walkout blocking quorum on HB 2020 climate legislation; Klamath Falls area with agricultural, ranching, and timber economy. https://ballotpedia.org/E._Werner_Reschke",
VERIFY,bio-only:unverified,Ed Diehl,-4120017,or,Representative,t,t,Climate Change and Environmental Protection,5.0,,1,2,f,ea9746ba-9fd2-4622-b781-b3ed35d18d17,f1e44d66-5d27-4b51-b54f-b7ace86f6a3c,https://ballotpedia.org/Ed_Diehl,Participated in 2023 Oregon House Republican walkout blocking quorum on HB 2020 climate legislation; rural Linn County agricultural and timber interests. https://ballotpedia.org/Ed_Diehl,
VERIFY,bio-only:unverified,Emily McIntire,-4120056,or,Representative,t,t,Climate Change and Environmental Protection,5.0,,1,2,f,9f9b60c1-483c-4a8e-8221-145098204ced,f1e44d66-5d27-4b51-b54f-b7ace86f6a3c,https://ballotpedia.org/Emily_McIntire,Participated in 2023 Oregon House Republican walkout blocking quorum on HB 2020 climate legislation; rural Klamath/Lake County ranching and agricultural interests. https://ballotpedia.org/Emily_McIntire,
VERIFY,bio-only:unverified,Farrah Chaichi,-4120035,or,Representative,t,t,Civil Rights and Social Justice,1.0,,1,2,f,62decede-7149-40a1-a68a-16e2d3eb62a6,0bc588c6-39e1-4084-b5de-cac909b8b762,https://ballotpedia.org/Farrah_Chaichi,Supported civil rights and anti-discrimination measures; consistent progressive voting record from Beaverton district. https://ballotpedia.org/Farrah_Chaichi,
RETIRE_NOW,no-context,Gerry Martin,-256700008,ma,City Councilor (Ward 7),t,t,Residential Zoning,1.0,,1,2,f,de39ab94-3663-4b2e-be14-222e79a87638,d4f18138-a2e0-4110-b925-7387d9d0d16d,,"",2026-07-06 17:59:13.58813+00
VERIFY,bio-only:unverified,Gregory Smith,-4120057,or,Representative,t,t,Climate Change and Environmental Protection,5.0,,1,2,f,81cda574-d820-4ac3-b7fe-0ac3d2638c28,f1e44d66-5d27-4b51-b54f-b7ace86f6a3c,https://ballotpedia.org/Gregory_Smith,Participated in 2023 Oregon House Republican walkout blocking quorum on HB 2020 climate legislation; rural Eastern Oregon with wheat farming and ranching economy. https://ballotpedia.org/Gregory_Smith,
VERIFY,bio-only:unverified,Guy Guzzone,-2410013,md,Senator,t,t,Criminal Justice Approach,2.0,,1,15,f,f0fafa0e-3dd9-4d50-bc5e-c96315f766d7,9db07b16-1076-4b7d-ad89-ebe7b51f4336,https://ballotpedia.org/Guy_Guzzone,Guzzone supported criminal records expungement legislation allowing individuals to petition courts for eligibility reviews. His overall record on criminal justice reform is moderate and focused on reentry rather than structural reform.,
VERIFY,bio-only:unverified,Hai Pham,-4120036,or,Representative,t,t,Civil Rights and Social Justice,1.0,,1,2,f,2e668344-f025-489a-b870-1803269c11fc,0bc588c6-39e1-4084-b5de-cac909b8b762,https://ballotpedia.org/Hai_Pham,Supported civil rights and anti-discrimination measures; consistent progressive voting record from Portland/Beaverton district. https://ballotpedia.org/Hai_Pham,
VERIFY,bio-only:unverified,Jake Ellzey,-100306,tx,Representative,t,t,Taxation and Public Spending,4.0,,1,4,f,bb7b3620-83cb-4b88-a823-95a8e09f6e46,f7e5678d-dadd-4556-a2fc-446e24642ceb,https://ballotpedia.org/Jake_Ellzey,"Voted Yea on the 2025 budget reconciliation act (H. Con. Res. 14, passed 218-214) extending the 2017 tax cuts and reducing spending.",
VERIFY,bio-only:unverified,James D. Hooper,-261204,(none),(not seated),f,t,Fossil Fuel Policy,4.0,,1,7,f,353f5a81-a800-41d1-a8ac-f4a739b4c43f,a22215c3-6693-4bc2-b248-01aebba14570,https://ballotpedia.org/James_Hooper,"Ballotpedia's summary of Hooper's platform states he supports ""American Energy Independence"" and ""unleashing domestic energy production,"" indicating support for expanding fossil fuel extraction, though he does not explicitly call for removing environmental regulations altogether.",
VERIFY,bio-only:unverified,Jami Cate,-4120011,or,Representative,t,t,Climate Change and Environmental Protection,5.0,,1,2,f,c854f51f-0ab0-4b46-9397-596501e3ee67,f1e44d66-5d27-4b51-b54f-b7ace86f6a3c,https://ballotpedia.org/Jami_Cate,Participated in 2023 Oregon House Republican walkout blocking quorum on HB 2020 climate/cap-and-trade legislation. https://ballotpedia.org/Jami_Cate,
VERIFY,bio-only:unverified,Jarrett Keohokalole,-150103,(none),(not seated),f,t,Voting Rights and Electoral Integrity,1.0,,1,13,f,4439ea32-1275-4cb2-9e0b-5a4d398a2d7a,d1792200-1d3b-4955-a0b7-0e6980d7a7b2,https://ballotpedia.org/Jarrett_Keohokalole,"As a state representative he sponsored HI HB489 (2015), which would have automatically registered eligible driver's-license/ID applicants to vote — matching the strongest automatic-registration position on this scale.",
VERIFY,bio-only:unverified,Jeff Helfrich,-4120052,or,Representative,t,t,Climate Change and Environmental Protection,5.0,,1,2,f,701f0236-5ca7-4bfa-ab71-8c22bcc5ff8c,f1e44d66-5d27-4b51-b54f-b7ace86f6a3c,https://ballotpedia.org/Jeff_Helfrich,Participated in 2023 Oregon House Republican walkout blocking quorum on HB 2020 climate legislation; Hood River area agricultural and outdoor recreation economy. https://ballotpedia.org/Jeff_Helfrich,
VERIFY,bio-only:unverified,Jimmy Skovgard,-66000064,(none),(not seated),f,t,Artificial Intelligence Oversight,3.0,,1,4,f,a74e04c6-46c8-4fdf-b08c-8930c1bb1ffa,666bf03d-81fc-4138-ab15-69ae734c9023,https://ballotpedia.org/Jimmy_Skovgard,"His Candidate Connection survey warns that AI-generated deepfakes threaten elections and democracy (""Once truth becomes flexible, democracy is at risk"") while also valuing AI's benefits for healthcare, agriculture, and rural services ""if properly regulated"" -- favoring mandatory guardrails and accountability over pure self-regulation, but stopping short of calling for bans or government pre-approval of AI systems.",
VERIFY,bio-only:unverified,John Lively,-4120007,or,Representative,t,t,Healthcare Access,2.0,,1,5,f,f2b4e1d0-9603-42fd-b2b7-fefd7905ec3d,e8dad4a8-eb93-4931-91f5-d8fb5d7dd529,https://ballotpedia.org/John_Lively,Supported Medicaid expansion and healthcare access measures; voted for healthcare coverage expansion bills in the Oregon House. https://ballotpedia.org/John_Lively,
VERIFY,bio-only:unverified,Joshua G. Cole,-5120065,va,Delegate,t,t,Taxation and Public Spending,2.0,,1,8,f,e2542ec1-213a-403b-bcda-e956a9384dcb,f7e5678d-dadd-4556-a2fc-446e24642ceb,https://ballotpedia.org/Joshua_Cole_(Virginia),"A 2017 campaign statement (archived via Ballotpedia) criticized corporate tax breaks and called to reform the tax code so working families are prioritized over corporate interests; no more recent tax-specific statement was located, so this is dated but uncontradicted evidence of a modest tax-the-wealthy lean.",
VERIFY,bio-only:unverified,Jules Walters,-4120037,or,Representative,t,t,Civil Rights and Social Justice,1.0,,1,3,f,b5d3a442-3229-412a-8da4-e8eb8b9fdb3a,0bc588c6-39e1-4084-b5de-cac909b8b762,https://ballotpedia.org/Jules_Walters,Supported civil rights and anti-discrimination measures; consistent progressive voting record from Portland west district. https://ballotpedia.org/Jules_Walters,
VERIFY,bio-only:unverified,Kayse Jama,-4110024,or,Senator,t,t,Taxation and Public Spending,1.0,,1,4,f,a703adb5-1086-471b-ba8b-2dbeddd8102b,f7e5678d-dadd-4556-a2fc-446e24642ceb,https://ballotpedia.org/Kayse_Jama,Supports progressive taxation and public investment; backed revenue measures supporting immigrant and low-income communities. https://ballotpedia.org/Kayse_Jama,
RETIRE_NOW,bio-only:party-prior-language,Keith Grover,-340436,ut,State Senator District 23,t,t,State Redistricting and Gerrymandering,4.0,,1,12,f,dd75cf82-f0b2-4820-9356-28ccf0ee58f9,48cc9585-ec22-4f53-8d42-6839828dd36f,https://ballotpedia.org/Keith_Grover,"No statements found supporting independent redistricting reform; as a Republican incumbent benefiting from the current maps, no evidence of support for reform.",2026-06-01 19:04:01.716737+00
VERIFY,bio-only:unverified,Keith Self,-100303,tx,Representative,t,t,Taxation and Public Spending,4.0,,1,4,f,65013b5e-faf5-458a-abc7-24cd61e32bdb,f7e5678d-dadd-4556-a2fc-446e24642ceb,https://ballotpedia.org/Keith_Self,"Voted Yea on the 2025 budget reconciliation act (H. Con. Res. 14, passed 218-214) extending the 2017 tax cuts and reducing spending.",
VERIFY,bio-only:unverified,Khanh Pham,-4110023,or,Senator,t,t,Voting Rights and Electoral Integrity,1.0,,1,4,f,80ed3ab4-f7f6-4738-a9b7-49e6f52ad61e,d1792200-1d3b-4955-a0b7-0e6980d7a7b2,https://ballotpedia.org/Khanh_Pham,Supported automatic voter registration and multilingual ballot access; voted for voting rights expansion measures. https://ballotpedia.org/Khanh_Pham,
VERIFY,bio-only:unverified,Lance Gooden,-100305,tx,Representative,t,t,Taxation and Public Spending,4.0,,1,4,f,d141e4b7-f9a7-4ab0-927a-ba08348eab13,f7e5678d-dadd-4556-a2fc-446e24642ceb,https://ballotpedia.org/Lance_Gooden,"Voted Yea on the 2025 budget reconciliation act (H. Con. Res. 14, passed 218-214) extending the 2017 tax cuts and reducing spending.",
RETIRE_NOW,empty-sources,Laura Deel,,(none),(not seated),f,f,Economic Development Incentives,3.0,,1,5,f,24d1c9c9-b496-4562-87a8-548430f26663,eb3d1247-0de1-4b7f-baec-7259861efd53,"","Researched 2026-05-11 — no public record found. Checked: Murphy Monitor, murphytx.org.",
VERIFY,bio-only:unverified,Lucetta Elmer,-4120024,or,Representative,t,t,Climate Change and Environmental Protection,5.0,,1,2,f,7bba19f8-0a1f-4ee2-852f-63bb38ffef6e,f1e44d66-5d27-4b51-b54f-b7ace86f6a3c,https://ballotpedia.org/Lucetta_Elmer,Participated in 2023 Oregon House Republican walkout blocking quorum on HB 2020 climate legislation; rural Yamhill County agricultural interests. https://ballotpedia.org/Lucetta_Elmer,
VERIFY,bio-only:unverified,M. Keith Hodges,-5120068,va,Delegate,t,t,Healthcare Access,4.0,,1,3,f,95cdc29b-18d1-45e1-84c3-ba601f5bec40,e8dad4a8-eb93-4931-91f5-d8fb5d7dd529,https://ballotpedia.org/Keith_Hodges,"His archived 2017 platform opposes ""big government healthcare mandates"" and emphasizes preserving doctor-patient choice and private insurance, consistent with limiting government's role to helping only those who cannot afford care.",
VERIFY,bio-only:unverified,Mark Owens,-4120060,or,Representative,t,t,Climate Change and Environmental Protection,5.0,,1,2,f,ca7c06f8-d4cf-4bec-947f-fb39a00e2cb1,f1e44d66-5d27-4b51-b54f-b7ace86f6a3c,https://ballotpedia.org/Mark_Owens,"Participated in 2023 Oregon House Republican walkout blocking quorum on HB 2020 climate legislation; rural Eastern Oregon ranching, agriculture, and natural resource economy. https://ballotpedia.org/Mark_Owens",
VERIFY,bio-only:unverified,Matthew D. Klein,-270204,(none),(not seated),f,t,Climate Change and Environmental Protection,2.0,,1,6,f,5e86fb53-a6eb-4b35-82de-79706a66dc1a,f1e44d66-5d27-4b51-b54f-b7ace86f6a3c,https://r.jina.ai/https://ballotpedia.org/Matt_Klein,"As a member of the MN Senate Energy, Utilities, Environment and Climate committee, Klein supported Minnesota's law requiring 100% clean/carbon-free electricity by 2040, backed PFAS bans, and calls climate change ""a crisis"" that must be tied to labor protections and union jobs -- matching stance 2's rapid-transition framing, though the 2040 (not 2030) target is a somewhat slower timeline than the stance text's example date.",
VERIFY,bio-only:unverified,Michael Cloud,-100327,tx,Representative,t,t,Taxation and Public Spending,4.0,,1,4,f,4e29212d-3ff9-42fc-bcd8-817ad6fd90d7,f7e5678d-dadd-4556-a2fc-446e24642ceb,https://ballotpedia.org/Michael_Cloud_(Texas),Voted Yea on the 2025 budget reconciliation act (H. Con. Res. 14) extending the 2017 tax cuts and reducing spending.,
VERIFY,bio-only:unverified,Monica De La Cruz,-100315,tx,Representative,t,t,Taxation and Public Spending,4.0,,1,3,f,c3cb5289-17af-4952-9894-dbddfcd50484,f7e5678d-dadd-4556-a2fc-446e24642ceb,https://ballotpedia.org/Monica_De_La_Cruz,Voted Yea on the 2025 budget reconciliation act (H. Con. Res. 14) extending the 2017 tax cuts and reducing spending.,
VERIFY,bio-only:unverified,Mónica García,-202140,(none),(not seated),f,t,School Vouchers & Public Education Funding,2.0,,1,3,f,a123c59e-694b-43cc-af03-6610b645e6d2,00b95a6a-75db-4521-b523-3326bba938de,"https://ballotpedia.org/Monica_Garcia_(Los_Angeles_Unified_School_District_Board_of_Education,_District_2)","García is the longest-serving LAUSD board member (since 2006), representing District 2 (East/Southeast LA). She has received campaign donations from both charter supporters and traditional district employees, indicating a moderate rather than fiercely anti-charter stance. As an LAUSD board member she has consistently supported public school funding and opposed private school voucher schemes, while being more open to accountability-driven charter schools than progressive colleagues like Goldberg.",
VERIFY,bio-only:unverified,Nathan Sosa,-4120030,or,Representative,t,t,Civil Rights and Social Justice,1.0,,1,2,f,f2bc3bbf-0d29-4ad9-b675-9c53cf081969,0bc588c6-39e1-4084-b5de-cac909b8b762,https://ballotpedia.org/Nathan_Sosa,Supported civil rights and anti-discrimination measures; consistent progressive voting record from Hillsboro district. https://ballotpedia.org/Nathan_Sosa,
VERIFY,bio-only:unverified,Nathaniel Moran,-100301,tx,Representative,t,t,Taxation and Public Spending,4.0,,1,4,f,e9236454-c687-4721-8193-e37e018c6905,f7e5678d-dadd-4556-a2fc-446e24642ceb,https://ballotpedia.org/Nathaniel_Moran,"Voted Yea on the 2025 budget reconciliation act (H. Con. Res. 14, passed 218-214) extending and expanding the 2017 tax cuts while reducing federal spending — cut-taxes-and-scale-back-services.",
VERIFY,bio-only:unverified,Pat Fallon,-100304,tx,Representative,t,t,Taxation and Public Spending,4.0,,1,4,f,c6187c67-fa60-4fa2-917f-543cd7fc441f,f7e5678d-dadd-4556-a2fc-446e24642ceb,https://ballotpedia.org/Pat_Fallon,"Voted Yea on the 2025 budget reconciliation act (H. Con. Res. 14, passed 218-214) extending the 2017 tax cuts and reducing spending.",
VERIFY,bio-only:unverified,Paul Evans,-4120020,or,Representative,t,t,Civil Rights and Social Justice,1.0,,1,5,f,e5c0549e-4454-4cea-b7dc-67eb17d28b49,0bc588c6-39e1-4084-b5de-cac909b8b762,https://ballotpedia.org/Paul_Evans,Supported civil rights measures and anti-discrimination legislation; consistent progressive voting record in the Oregon House. https://ballotpedia.org/Paul_Evans,
VERIFY,bio-only:unverified,Pete Sessions,-100317,tx,Representative,t,t,Taxation and Public Spending,4.0,,1,4,f,e3cfee5b-29ab-427b-adc9-acd97e4b0f9a,f7e5678d-dadd-4556-a2fc-446e24642ceb,https://ballotpedia.org/Pete_Sessions,Voted Yea on the 2025 budget reconciliation act (H. Con. Res. 14) extending the 2017 tax cuts and reducing spending.,
RETIRE_NOW,no-context,Quinn Mecham,-4957300002,ut,City Council Member,t,t,Campaign Finance Reform,2.0,,1,7,f,741a0d8d-d7ed-460d-bf20-a5fe1c5f47e4,92730f69-ae57-401c-8ad1-2d07834a895d,,"",
VERIFY,bio-only:unverified,Randy Weber,-100314,tx,Representative,t,t,Taxation and Public Spending,4.0,,1,4,f,d5b43e69-b0df-44d5-83ba-a4baca56dd3b,f7e5678d-dadd-4556-a2fc-446e24642ceb,https://ballotpedia.org/Randy_Weber,Voted Yea on the 2025 budget reconciliation act (H. Con. Res. 14) extending the 2017 tax cuts and reducing spending.,
VERIFY,bio-only:unverified,Reid Rasner,-560008,(none),(not seated),f,t,Misinformation and the Role of Algorithms in Democracy,4.0,,1,10,f,3accdf38-2590-48d3-bb0c-d89f24aeec4a,ddd65d64-9dc7-4208-a30f-59f4b9c0653d,https://ballotpedia.org/Reid_Rasner,"Rasner's 2024 campaign platform, as compiled by Ballotpedia, included ending government and Big Tech censorship of conservative voices, indicating a free-speech-oriented opposition to government involvement in online content moderation decisions.",
VERIFY,bio-only:unverified,Ricardo Lara,-6000107,ca,Commissioner of Insurance,t,t,State Redistricting and Gerrymandering,2.0,,1,19,f,bab3379b-d64e-423b-b62e-4efa04cee750,48cc9585-ec22-4f53-8d42-6839828dd36f,https://ballotpedia.org/Ricardo_Lara,"Lara's endorsement of Barbara Lee over more moderate candidates for U.S. Senate in 2024, combined with his overall progressive legislative record, indicates alignment with redistricting reform. California uses an independent redistricting commission, which Lara has not opposed. His anti-gerrymandering signals align with independent or bipartisan commission preference.",
VERIFY,bio-only:unverified,Rick Lewis,-4120018,or,Representative,t,t,Climate Change and Environmental Protection,5.0,,1,2,f,aa57168d-58b8-4f70-a937-09fdaf18b325,f1e44d66-5d27-4b51-b54f-b7ace86f6a3c,https://ballotpedia.org/Rick_Lewis,Participated in 2023 Oregon House Republican walkout blocking quorum on HB 2020 climate/cap-and-trade legislation; Silverton/Marion County agricultural interests. https://ballotpedia.org/Rick_Lewis,
VERIFY,bio-only:unverified,Ricki Ruiz,-4120050,or,Representative,t,t,Civil Rights and Social Justice,1.0,,1,2,f,5e5e267a-808e-4a57-9f80-7c3e47fcb5f6,0bc588c6-39e1-4084-b5de-cac909b8b762,https://ballotpedia.org/Ricki_Ruiz,Supported civil rights and anti-discrimination measures; consistent progressive voting record from Gresham district. https://ballotpedia.org/Ricki_Ruiz,
VERIFY,bio-only:unverified,Roger Williams,-100325,tx,Representative,t,t,Taxation and Public Spending,4.0,,1,3,f,42e2edff-6da4-49c2-ba60-fd4acbb326f7,f7e5678d-dadd-4556-a2fc-446e24642ceb,https://ballotpedia.org/Roger_Williams_(Texas),Voted Yea on the 2025 budget reconciliation act (H. Con. Res. 14) extending the 2017 tax cuts and reducing spending.,
RETIRE_NOW,empty-sources,Roland Gutierrez,-100419,tx,Senator,t,t,Campaign Finance Reform,3.0,,1,18,f,3aee54f8-89eb-425d-b850-19fff9f2c8ea,92730f69-ae57-401c-8ad1-2d07834a895d,"",No direct bill authorship found on campaign finance; consistent with mainstream Texas Democratic caucus positions. Insufficient direct evidence for stronger score.,
VERIFY,bio-only:unverified,Ronny Jackson,-100313,tx,Representative,t,t,Taxation and Public Spending,4.0,,1,4,f,184670b8-6647-4f84-a5fb-f2a9cfae3f5a,f7e5678d-dadd-4556-a2fc-446e24642ceb,https://ballotpedia.org/Ronny_Jackson,Voted Yea on the 2025 budget reconciliation act (H. Con. Res. 14) extending the 2017 tax cuts and reducing spending.,
VERIFY,bio-only:unverified,Sarah Zabel,-160103,(none),(not seated),f,t,Artificial Intelligence Oversight,3.0,,1,10,f,870437b0-1498-4def-835f-966ad989e9e1,666bf03d-81fc-4138-ab15-69ae734c9023,https://ballotpedia.org/Sarah_Zabel_(Idaho),"In her Ballotpedia Candidate Connection survey, Zabel called for government-mandated transparency standards for AI, including disclosure when content is AI-generated and documentation of AI training/learning paths, with legal accountability for violations -- a disclosure-and-liability approach rather than a hands-off stance or a strict pre-approval regime.",
VERIFY,bio-only:unverified,Sharon Quirk-Silva,-6002067,ca,Assembly Member,t,t,Criminalization of Homelessness,3.0,,1,10,f,1e29ce86-9e02-4079-b50d-bb0d039613a2,4938766b-b45a-46e3-93bd-b8b30651271a,https://ballotpedia.org/Sharon_Quirk-Silva,Quirk-Silva represents Orange County area and has focused on local housing and shelter solutions. Aligns with enforcement when shelter available with diversion to services (value=3).,
VERIFY,bio-only:unverified,Shelly Boshart Davis,-4120015,or,Representative,t,t,Climate Change and Environmental Protection,5.0,,1,3,f,4919fd6a-c250-47b2-a37d-37b1eec8c63d,f1e44d66-5d27-4b51-b54f-b7ace86f6a3c,https://ballotpedia.org/Shelly_Boshart_Davis,Participated in 2023 Oregon House Republican walkout blocking quorum on HB 2020 climate/cap-and-trade legislation; Albany/Linn County agricultural district. https://ballotpedia.org/Shelly_Boshart_Davis,
VERIFY,bio-only:unverified,Susan McLain,-4120029,or,Representative,t,t,Immigration and Treatment of Immigrants,2.0,,1,6,f,3fbaa80c-be2d-411f-a3ab-95add9ae6c84,4e2c69ce-591e-4197-9cd5-7aceff79d390,https://ballotpedia.org/Susan_McLain,Supported welcoming immigration policies; Forest Grove area has significant immigrant farm worker communities; voted for immigrant-supportive measures. https://ballotpedia.org/Susan_McLain,
VERIFY,bio-only:unverified,Tawna D. Sanchez,-4120043,or,Representative,t,t,Immigration and Treatment of Immigrants,2.0,,1,5,f,051b4e9a-6966-45b3-9b65-e23ad4672364,4e2c69ce-591e-4197-9cd5-7aceff79d390,https://ballotpedia.org/Tawna_Sanchez,Supported immigration policies benefiting tribal and Indigenous communities; supported DACA protections and immigrant community measures. https://ballotpedia.org/Tawna_Sanchez,
VERIFY,bio-only:unverified,Thomas Lavigne,-232148,me,Representative,t,t,Transgender Athletes,4.0,,1,9,f,b13ec962-0772-4fdd-8399-59c3bc7fa19a,d1618b9c-0b9e-45af-b986-bb33d270b8e4,https://ballotpedia.org/Thomas_Lavigne,"Was absent for the two House floor votes on LD 1134 and LD 233 restricting transgender athletes (Roll Calls #481 and #492, 6/13/2025), but his 2026 Ballotpedia Candidate Connection survey lists as a top-three priority excluding transgender athletes from girls'/women's teams and facilities, matching stance 4's requirement that athletes compete on teams matching sex assigned at birth.",
VERIFY,bio-only:unverified,Thủy Trần,-4120045,or,Representative,t,t,Civil Rights and Social Justice,1.0,,1,2,f,9ada0539-e66c-444f-b220-86a8138b5277,0bc588c6-39e1-4084-b5de-cac909b8b762,https://ballotpedia.org/Thuy_Tran,Supported civil rights and anti-discrimination measures; consistent progressive voting record from Portland district. https://ballotpedia.org/Thuy_Tran,
VERIFY,bio-only:unverified,Tina S. McKinnor,-6002061,ca,Assembly Member,t,t,Reproductive Rights and Abortion Access,2.0,,1,10,f,522efd15-f5e2-4e1a-8708-aad87410637d,af2fdfd6-02c4-49df-b09c-cf8536f4773f,https://ballotpedia.org/Tina_McKinnor,"Member of the California Legislative Progressive Caucus. No authored bill directly on abortion found, but California Democratic caucus members in majority-minority LA districts consistently vote for and co-author abortion access legislation. No evidence of restriction; inference from caucus and district context, confirmed by AB 2186 (reparations tax exclusion) showing civil rights focus. Score of 2 reflects default CA Democratic mainstream stance; not a bill author of abortion legislation so not scored 1.",
VERIFY,bio-only:unverified,Tom Andersen,-4120019,or,Representative,t,t,Healthcare Access,2.0,,1,2,f,5b81e68c-3ec3-4c81-9f1b-010db86da9c0,e8dad4a8-eb93-4931-91f5-d8fb5d7dd529,https://ballotpedia.org/Tom_Andersen,Supported healthcare access expansion measures; Corvallis area with Oregon State University community health priorities. https://ballotpedia.org/Tom_Andersen,
VERIFY,bio-only:unverified,Tom Lackey,-6002034,ca,Assembly Member,t,t,Criminalization of Homelessness,5.0,,1,10,f,e8bdd8a7-a1b2-43e3-afd4-df975980819e,4938766b-b45a-46e3-93bd-b8b30651271a,https://ballotpedia.org/Tom_Lackey,Lackey represents Antelope Valley. Republican voting record from law-and-order district. Banning public camping with criminal penalties (value=5).,
VERIFY,bio-only:unverified,Tom Weiler,-66000060,(none),(not seated),f,t,Fossil Fuel Policy,4.0,,1,3,f,4a5f99cc-6909-4986-a3a5-a3fb17ba36d9,a22215c3-6693-4bc2-b248-01aebba14570,https://ballotpedia.org/Tom_Weiler,"His 2022 U.S. House campaign (same person, Ballotpedia-documented) advocated for ""domestic energy production... to combat inflation"" alongside deregulation, indicating support for expanding domestic drilling/production rather than restricting it; no more specific 2026 statement was found, so this dated evidence is carried forward as his most recent documented position.",
VERIFY,bio-only:unverified,Troy Nehls,-100322,tx,Representative,t,t,Taxation and Public Spending,4.0,,1,4,f,a0bc977b-71c6-4973-9082-3cc009445a02,f7e5678d-dadd-4556-a2fc-446e24642ceb,https://ballotpedia.org/Troy_Nehls,Voted Yea on the 2025 budget reconciliation act (H. Con. Res. 14) extending the 2017 tax cuts while reducing federal spending -- cut-taxes-and-scale-back-services.,
VERIFY,bio-only:unverified,Vikki Breese-Iverson,-4120059,or,Representative,t,t,Climate Change and Environmental Protection,5.0,,1,2,f,7f460988-c9a6-4452-a872-441e7c4ac071,f1e44d66-5d27-4b51-b54f-b7ace86f6a3c,https://ballotpedia.org/Vikki_Breese-Iverson,Participated in 2023 Oregon House Republican walkout blocking quorum on HB 2020 climate legislation; Bend/Central Oregon area. https://ballotpedia.org/Vikki_Breese-Iverson,
VERIFY,bio-only:unverified,Virgle Osborne,-4120002,or,Representative,t,t,Climate Change and Environmental Protection,5.0,,1,2,f,558e9c8c-5e52-4685-9e24-1367810f8030,f1e44d66-5d27-4b51-b54f-b7ace86f6a3c,https://ballotpedia.org/Virgle_Osborne,Participated in 2023 Oregon House Republican walkout blocking quorum on climate and gun safety legislation (HB 2020 cap-and-trade package). https://ballotpedia.org/Virgle_Osborne,
