politician_id,full_name,bioguide_id,topic_key,role,bill,introduced,title
8a27a8b7-88b4-4f79-bbcf-d1d0e70d4032,Adam B. Schiff,S001150,military-intervention,sponsor,SJRES. 200,2026-07-13,A joint resolution to direct the removal of United States Armed Forces from hostilities within or against the Islamic Republic of Iran that have not been authorized by Congress.
8a27a8b7-88b4-4f79-bbcf-d1d0e70d4032,Adam B. Schiff,S001150,military-intervention,sponsor,SJRES. 117,2026-03-05,A joint resolution to direct the removal of United States Armed Forces from hostilities within or against the Islamic Republic of Iran that have not been authorized by Congress.
8a27a8b7-88b4-4f79-bbcf-d1d0e70d4032,Adam B. Schiff,S001150,military-intervention,sponsor,SJRES. 184,2026-04-16,A joint resolution to direct the removal of United States Armed Forces from hostilities within or against the Islamic Republic of Iran that have not been authorized by Congress.
8a27a8b7-88b4-4f79-bbcf-d1d0e70d4032,Adam B. Schiff,S001150,military-intervention,sponsor,SJRES. 83,2025-09-18,A joint resolution to direct the removal of United States Armed Forces from hostilities that have not been authorized by Congress.
8a27a8b7-88b4-4f79-bbcf-d1d0e70d4032,Adam B. Schiff,S001150,gun-policy,sponsor,S. 2088,2025-06-17,Firearm Destruction Licensure Act of 2025
8a27a8b7-88b4-4f79-bbcf-d1d0e70d4032,Adam B. Schiff,S001150,gun-policy,sponsor,S. 1531,2025-04-30,Assault Weapons Ban of 2025
8a27a8b7-88b4-4f79-bbcf-d1d0e70d4032,Adam B. Schiff,S001150,gun-policy,sponsor,HR. 8991,2024-07-10,Firearm Destruction Licensure Act of 2024
8a27a8b7-88b4-4f79-bbcf-d1d0e70d4032,Adam B. Schiff,S001150,gun-policy,sponsor,HR. 4184,2023-06-15,Equal Access to Justice for Victims of Gun Violence Act of 2023
8a27a8b7-88b4-4f79-bbcf-d1d0e70d4032,Adam B. Schiff,S001150,military-intervention,cosponsor,SJRES. 211,2026-08-06,A joint resolution to direct the removal of United States Armed Forces from hostilities within or against the Islamic Republic of Iran that have not been authorized by Congress.
8a27a8b7-88b4-4f79-bbcf-d1d0e70d4032,Adam B. Schiff,S001150,defense-spending,cosponsor,S. 5189,2026-07-30,"A bill to amend title 10, United States Code, and the National Defense Authorization Act for Fiscal Year 1994, to codify and clarify gender neutral standards for members of certain Armed Forces, and for other purposes."
8a27a8b7-88b4-4f79-bbcf-d1d0e70d4032,Adam B. Schiff,S001150,border-security,cosponsor,SRES. 796,2026-06-24,"A resolution recognizing the upcoming 250th anniversary of the United States of America and reaffirming the commitment of the Senate to the Nation's founding ideals of liberty, equality, and opportunity for all immigrant communities in the United States."
8a27a8b7-88b4-4f79-bbcf-d1d0e70d4032,Adam B. Schiff,S001150,gun-policy,cosponsor,S. 4926,2026-06-24,State Firearms Dealer Licensing Enhancement Act
8a27a8b7-88b4-4f79-bbcf-d1d0e70d4032,Adam B. Schiff,S001150,border-security,cosponsor,S. 2149,2026-06-09,Health Equity and Access under the Law for Immigrant Families Act of 2025
8a27a8b7-88b4-4f79-bbcf-d1d0e70d4032,Adam B. Schiff,S001150,gun-policy,cosponsor,SCONRES. 34,2026-06-01,"A concurrent resolution recognizing the importance of saving lives, reducing gun violence, and strengthening public safety as the United States celebrates its 250th anniversary."
8a27a8b7-88b4-4f79-bbcf-d1d0e70d4032,Adam B. Schiff,S001150,military-intervention,cosponsor,SJRES. 193,2026-05-20,A joint resolution to direct the removal of United States Armed Forces from hostilities within or against the Republic of Cuba that have not been authorized by Congress.
8a27a8b7-88b4-4f79-bbcf-d1d0e70d4032,Adam B. Schiff,S001150,military-intervention,cosponsor,SJRES. 163,2026-05-12,A joint resolution to direct the removal of United States Armed Forces from hostilities within or against the Islamic Republic of Iran that have not been authorized by Congress.
8a27a8b7-88b4-4f79-bbcf-d1d0e70d4032,Adam B. Schiff,S001150,military-intervention,cosponsor,SJRES. 171,2026-05-12,A joint resolution to direct the removal of United States Armed Forces from hostilities within or against the Islamic Republic of Iran that have not been authorized by Congress.
8a27a8b7-88b4-4f79-bbcf-d1d0e70d4032,Adam B. Schiff,S001150,military-intervention,cosponsor,SJRES. 191,2026-04-30,A joint resolution to direct removal of United States Armed Forces from hostilities within or against the Islamic Republic of Iran that have not been authorized by Congress.
8a27a8b7-88b4-4f79-bbcf-d1d0e70d4032,Adam B. Schiff,S001150,military-intervention,cosponsor,SJRES. 185,2026-04-27,A joint resolution to direct the removal of United States Armed Forces from hostilities within or against the Islamic Republic of Iran that have not been authorized by Congress.
8a27a8b7-88b4-4f79-bbcf-d1d0e70d4032,Adam B. Schiff,S001150,military-intervention,cosponsor,SJRES. 114,2026-04-16,A joint resolution to direct the removal of United States Armed Forces from hostilities within or against the Islamic Republic of Iran that have not been authorized by Congress.
8a27a8b7-88b4-4f79-bbcf-d1d0e70d4032,Adam B. Schiff,S001150,2020-election,cosponsor,SRES. 657,2026-03-24,"A resolution commending Taiwan on the 30th anniversary of its first direct presidential election in 1996, and expressing support for Taiwan in the preservation of its democratic institutions."
8a27a8b7-88b4-4f79-bbcf-d1d0e70d4032,Adam B. Schiff,S001150,military-intervention,cosponsor,SJRES. 124,2026-03-12,A joint resolution to direct the removal of United States Armed Forces from hostilities within or against the Republic of Cuba that have not been authorized by Congress.
8a27a8b7-88b4-4f79-bbcf-d1d0e70d4032,Adam B. Schiff,S001150,military-intervention,cosponsor,SJRES. 123,2026-03-10,A joint resolution to direct the removal of United States Armed Forces from hostilities within or against the Islamic Republic of Iran that have not been authorized by Congress.
8a27a8b7-88b4-4f79-bbcf-d1d0e70d4032,Adam B. Schiff,S001150,military-intervention,cosponsor,SJRES. 116,2026-03-05,A joint resolution to direct the removal of United States Armed Forces from hostilities within or against the Islamic Republic of Iran that have not been authorized by Congress.
8a27a8b7-88b4-4f79-bbcf-d1d0e70d4032,Adam B. Schiff,S001150,military-intervention,cosponsor,SJRES. 115,2026-03-05,A joint resolution to direct the removal of United States Armed Forces from hostilities within or against the Islamic Republic of Iran that have not been authorized by Congress.
8a27a8b7-88b4-4f79-bbcf-d1d0e70d4032,Adam B. Schiff,S001150,military-intervention,cosponsor,SJRES. 118,2026-03-05,A joint resolution to direct the removal of United States Armed Forces from hostilities within or against the Islamic Republic of Iran that have not been authorized by Congress.
8a27a8b7-88b4-4f79-bbcf-d1d0e70d4032,Adam B. Schiff,S001150,israel-military-aid,cosponsor,S. 3855,2026-03-03,"United States-Israel Framework for Upgraded Technologies, Unified Research, and Enhanced Security (FUTURES) Act of 2026"
8a27a8b7-88b4-4f79-bbcf-d1d0e70d4032,Adam B. Schiff,S001150,gun-policy,cosponsor,S. 3875,2026-03-03,Responsible Firearms Marketing Act
8a27a8b7-88b4-4f79-bbcf-d1d0e70d4032,Adam B. Schiff,S001150,military-intervention,cosponsor,SJRES. 104,2026-02-25,A joint resolution to direct the removal of United States Armed Forces from hostilities within or against the Islamic Republic of Iran that have not been authorized by Congress.
8a27a8b7-88b4-4f79-bbcf-d1d0e70d4032,Adam B. Schiff,S001150,border-security,cosponsor,S. 3702,2026-01-27,Dignity for Detained Immigrants Act
8a27a8b7-88b4-4f79-bbcf-d1d0e70d4032,Adam B. Schiff,S001150,gun-policy,cosponsor,SCONRES. 25,2026-01-08,"A concurrent resolution recognizing the 15th anniversary of the January 8, 2011, Tucson, Arizona, shooting and honoring the survivors and victims, including former Congresswoman Gabby Giffords, a gun violence survivor and one of the most influential voices of courage in the United States in the fight to end gun violence."
8a27a8b7-88b4-4f79-bbcf-d1d0e70d4032,Adam B. Schiff,S001150,2020-election,cosponsor,SRES. 574,2026-01-06,"A resolution observing the fifth anniversary of the attack on the United States Capitol on January 6, 2021, and recognizing the essential work of United States Capitol personnel, including the United States Capitol Police."
8a27a8b7-88b4-4f79-bbcf-d1d0e70d4032,Adam B. Schiff,S001150,2020-election,cosponsor,S. 3582,2026-01-06,No Rewards for January 6 Rioters Act
8a27a8b7-88b4-4f79-bbcf-d1d0e70d4032,Adam B. Schiff,S001150,2020-election,cosponsor,S. 3581,2026-01-06,No Settlements for January 6 Law Enforcement Assaulters Act
8a27a8b7-88b4-4f79-bbcf-d1d0e70d4032,Adam B. Schiff,S001150,gun-policy,cosponsor,S. 3544,2025-12-17,Federal Firearm Licensing Act
8a27a8b7-88b4-4f79-bbcf-d1d0e70d4032,Adam B. Schiff,S001150,gun-policy,cosponsor,S. 3458,2025-12-11,Background Check Completion Act of 2025
8a27a8b7-88b4-4f79-bbcf-d1d0e70d4032,Adam B. Schiff,S001150,military-intervention,cosponsor,SJRES. 98,2025-12-03,A joint resolution to direct the removal of United States Armed Forces from hostilities within or against Venezuela that have not been authorized by Congress.
8a27a8b7-88b4-4f79-bbcf-d1d0e70d4032,Adam B. Schiff,S001150,gun-policy,cosponsor,S. 3214,2025-11-19,Background Check Expansion Act
8a27a8b7-88b4-4f79-bbcf-d1d0e70d4032,Adam B. Schiff,S001150,military-intervention,cosponsor,SJRES. 90,2025-10-16,A joint resolution to direct the removal of United States Armed Forces from hostilities within or against Venezuela that have not been authorized by Congress.
8a27a8b7-88b4-4f79-bbcf-d1d0e70d4032,Adam B. Schiff,S001150,gun-policy,cosponsor,S. 2155,2025-09-16,Keeping Gun Dealers Honest Act of 2025
8a27a8b7-88b4-4f79-bbcf-d1d0e70d4032,Adam B. Schiff,S001150,gun-policy,cosponsor,S. 2514,2025-07-29,Gun Violence Prevention Research Act of 2025
8a27a8b7-88b4-4f79-bbcf-d1d0e70d4032,Adam B. Schiff,S001150,gun-policy,cosponsor,S. 2192,2025-06-26,Clean Hands Firearm Procurement Act
8a27a8b7-88b4-4f79-bbcf-d1d0e70d4032,Adam B. Schiff,S001150,gun-policy,cosponsor,S. 2158,2025-06-24,Stopping the Fraudulent Sale of Firearms Act
8a27a8b7-88b4-4f79-bbcf-d1d0e70d4032,Adam B. Schiff,S001150,gun-policy,cosponsor,S. 1955,2025-06-04,Equal Access to Justice for Victims of Gun Violence Act
8a27a8b7-88b4-4f79-bbcf-d1d0e70d4032,Adam B. Schiff,S001150,military-intervention,cosponsor,S. 696,2025-04-10,Protecting Our Guests During Hostilities in Ukraine Act
8a27a8b7-88b4-4f79-bbcf-d1d0e70d4032,Adam B. Schiff,S001150,minimum-wage,cosponsor,S. 1332,2025-04-08,Raise the Wage Act of 2025
8a27a8b7-88b4-4f79-bbcf-d1d0e70d4032,Adam B. Schiff,S001150,gun-policy,cosponsor,S. 595,2025-02-13,Office of Gun Violence Prevention Act of 2025
8a27a8b7-88b4-4f79-bbcf-d1d0e70d4032,Adam B. Schiff,S001150,gun-policy,cosponsor,S. 468,2025-02-06,SECURE Firearm Storage Act
8a27a8b7-88b4-4f79-bbcf-d1d0e70d4032,Adam B. Schiff,S001150,gun-policy,cosponsor,HRES. 1432,2024-09-10,"Expressing support for the designation of September 10, 2024, as ""National Firearm Suicide Prevention Day"" to educate about the growing firearm suicide crisis in the United States and promote the importance of storing firearms safely and securely as an essential component of suicide prevention."
8a27a8b7-88b4-4f79-bbcf-d1d0e70d4032,Adam B. Schiff,S001150,border-security,cosponsor,HR. 9640,2024-09-18,Border Water Quality Restoration and Protection Act
8a27a8b7-88b4-4f79-bbcf-d1d0e70d4032,Adam B. Schiff,S001150,2020-election,cosponsor,HRES. 1409,2024-08-06,Standing in solidarity with the Venezuelan people and condemning Nicolás Maduro's attempt to steal the Venezuelan Presidential election.
8a27a8b7-88b4-4f79-bbcf-d1d0e70d4032,Adam B. Schiff,S001150,gun-policy,cosponsor,HR. 8842,2024-06-26,Preventing Pretrial Gun Purchases Act
8a27a8b7-88b4-4f79-bbcf-d1d0e70d4032,Adam B. Schiff,S001150,israel-military-aid,cosponsor,HRES. 966,2024-01-16,Condemning rape and sexual violence committed by Hamas in its war against Israel.
8a27a8b7-88b4-4f79-bbcf-d1d0e70d4032,Adam B. Schiff,S001150,israel-military-aid,cosponsor,HR. 6553,2023-12-01,To require the waiver of costs of activities relating to the evacuation of United States citizens endangered by acts of terrorism or war in Israel instigated by Hamas and other Islamist militant groups.
8a27a8b7-88b4-4f79-bbcf-d1d0e70d4032,Adam B. Schiff,S001150,gun-policy,cosponsor,HR. 4202,2023-10-18,Multiple Firearm Sales Reporting Modernization Act of 2023
8a27a8b7-88b4-4f79-bbcf-d1d0e70d4032,Adam B. Schiff,S001150,israel-military-aid,cosponsor,HRES. 778,2023-10-17,Demanding Senator Tommy Tuberville stop threatening United States and Israel security.
8a27a8b7-88b4-4f79-bbcf-d1d0e70d4032,Adam B. Schiff,S001150,israel-military-aid,cosponsor,HRES. 793,2023-10-17,Calling on Hamas to immediately release hostages taken during October 2023 attack on Israel.
8a27a8b7-88b4-4f79-bbcf-d1d0e70d4032,Adam B. Schiff,S001150,israel-military-aid,cosponsor,HRES. 771,2023-10-11,Standing with Israel as it defends itself against the barbaric war launched by Hamas and other terrorists.
8a27a8b7-88b4-4f79-bbcf-d1d0e70d4032,Adam B. Schiff,S001150,israel-military-aid,cosponsor,HRES. 768,2023-10-10,Standing with Israel as it defends itself against the barbaric war launched by Hamas and other terrorists.
8a27a8b7-88b4-4f79-bbcf-d1d0e70d4032,Adam B. Schiff,S001150,israel-military-aid,cosponsor,HCONRES. 61,2023-09-20,Supporting Israeli democracy.
8a27a8b7-88b4-4f79-bbcf-d1d0e70d4032,Adam B. Schiff,S001150,2020-election,cosponsor,HRES. 644,2023-08-04,"Calling on the Judicial Conference of the United States to authorize that the trial of former President Donald J. Trump for his alleged crimes related to his efforts to overturn the 2020 election and his role in the January 6, 2021, insurrection be broadcast to the American public."
8a27a8b7-88b4-4f79-bbcf-d1d0e70d4032,Adam B. Schiff,S001150,israel-military-aid,cosponsor,HR. 3907,2023-07-28,United States-Israel International Development Cooperation Act of 2023
8a27a8b7-88b4-4f79-bbcf-d1d0e70d4032,Adam B. Schiff,S001150,gun-policy,cosponsor,HR. 5010,2023-07-27,Recognizing Gun Violence as a Public Health Emergency Act
8a27a8b7-88b4-4f79-bbcf-d1d0e70d4032,Adam B. Schiff,S001150,minimum-wage,cosponsor,HR. 4889,2023-07-25,Raise the Wage Act of 2023
8a27a8b7-88b4-4f79-bbcf-d1d0e70d4032,Adam B. Schiff,S001150,gun-policy,cosponsor,HR. 4780,2023-07-20,Language Access to Gun Violence Prevention Strategies Act of 2023
8a27a8b7-88b4-4f79-bbcf-d1d0e70d4032,Adam B. Schiff,S001150,gun-policy,cosponsor,HR. 1478,2023-06-14,Federal Firearm Licensee Act
8a27a8b7-88b4-4f79-bbcf-d1d0e70d4032,Adam B. Schiff,S001150,israel-military-aid,cosponsor,HR. 4076,2023-06-13,United States-Israel Health Technologies Cooperation Act
8a27a8b7-88b4-4f79-bbcf-d1d0e70d4032,Adam B. Schiff,S001150,gun-policy,cosponsor,HR. 3962,2023-06-09,Resources for Victims of Gun Violence Act of 2023
8a27a8b7-88b4-4f79-bbcf-d1d0e70d4032,Adam B. Schiff,S001150,israel-military-aid,cosponsor,HR. 3792,2023-06-07,U.S.-Israel Partnership and Abraham Accords Enhancement Act of 2023
8a27a8b7-88b4-4f79-bbcf-d1d0e70d4032,Adam B. Schiff,S001150,gun-policy,cosponsor,HRES. 459,2023-05-31,"Expressing support for the designation of June 2, 2023, as ""National Gun Violence Awareness Day"" and June 2023 as ""National Gun Violence Awareness Month""."
8a27a8b7-88b4-4f79-bbcf-d1d0e70d4032,Adam B. Schiff,S001150,israel-military-aid,cosponsor,HR. 1777,2023-05-10,United States-Israel Future of Warfare Act of 2023
8a27a8b7-88b4-4f79-bbcf-d1d0e70d4032,Adam B. Schiff,S001150,military-intervention,cosponsor,HR. 2501,2023-05-02,Sunset for the 2001 Authorization for Use of Military Force Act
8a27a8b7-88b4-4f79-bbcf-d1d0e70d4032,Adam B. Schiff,S001150,border-security,cosponsor,HR. 2760,2023-04-26,Dignity for Detained Immigrants Act
8a27a8b7-88b4-4f79-bbcf-d1d0e70d4032,Adam B. Schiff,S001150,gun-policy,cosponsor,HR. 2753,2023-04-20,Firearms Retailer Code of Conduct Act of 2023
8a27a8b7-88b4-4f79-bbcf-d1d0e70d4032,Adam B. Schiff,S001150,gun-policy,cosponsor,HR. 2403,2023-03-30,Enhanced Background Checks Act of 2023
8a27a8b7-88b4-4f79-bbcf-d1d0e70d4032,Adam B. Schiff,S001150,gun-policy,cosponsor,HR. 715,2023-02-01,Bipartisan Background Checks Act of 2023
8a27a8b7-88b4-4f79-bbcf-d1d0e70d4032,Adam B. Schiff,S001150,gun-policy,cosponsor,HR. 698,2023-02-01,Assault Weapons Ban of 2023
abbe5ec0-94fb-4230-bc7c-4b890e4e6387,Alan Armstrong,A000383,,,,,
2717ff94-f7e8-4b39-b6ec-fc3e30f3d46f,Alex Padilla,P000145,2020-election,sponsor,SRES. 574,2026-01-06,"A resolution observing the fifth anniversary of the attack on the United States Capitol on January 6, 2021, and recognizing the essential work of United States Capitol personnel, including the United States Capitol Police."
2717ff94-f7e8-4b39-b6ec-fc3e30f3d46f,Alex Padilla,P000145,2020-election,sponsor,S. 3582,2026-01-06,No Rewards for January 6 Rioters Act
2717ff94-f7e8-4b39-b6ec-fc3e30f3d46f,Alex Padilla,P000145,border-security,sponsor,S. 2260,2025-07-10,Border Water Quality Restoration and Protection Act
2717ff94-f7e8-4b39-b6ec-fc3e30f3d46f,Alex Padilla,P000145,gun-policy,sponsor,S. 2192,2025-06-26,Clean Hands Firearm Procurement Act
2717ff94-f7e8-4b39-b6ec-fc3e30f3d46f,Alex Padilla,P000145,gun-policy,sponsor,S. 2158,2025-06-24,Stopping the Fraudulent Sale of Firearms Act
2717ff94-f7e8-4b39-b6ec-fc3e30f3d46f,Alex Padilla,P000145,gun-policy,sponsor,S. 5209,2024-09-25,Clean Hands Firearm Procurement Act
2717ff94-f7e8-4b39-b6ec-fc3e30f3d46f,Alex Padilla,P000145,border-security,sponsor,S. 5075,2024-09-17,Border Water Quality Restoration and Protection Act
2717ff94-f7e8-4b39-b6ec-fc3e30f3d46f,Alex Padilla,P000145,border-security,sponsor,S. 1343,2023-04-27,Fair Adjudications for Immigrants Act
2717ff94-f7e8-4b39-b6ec-fc3e30f3d46f,Alex Padilla,P000145,defense-spending,cosponsor,S. 5189,2026-08-04,"A bill to amend title 10, United States Code, and the National Defense Authorization Act for Fiscal Year 1994, to codify and clarify gender neutral standards for members of certain Armed Forces, and for other purposes."
2717ff94-f7e8-4b39-b6ec-fc3e30f3d46f,Alex Padilla,P000145,cannabis-policy,cosponsor,S. 5022,2026-07-16,Cannabis Administration and Opportunity Act
2717ff94-f7e8-4b39-b6ec-fc3e30f3d46f,Alex Padilla,P000145,border-security,cosponsor,SRES. 796,2026-06-24,"A resolution recognizing the upcoming 250th anniversary of the United States of America and reaffirming the commitment of the Senate to the Nation's founding ideals of liberty, equality, and opportunity for all immigrant communities in the United States."
2717ff94-f7e8-4b39-b6ec-fc3e30f3d46f,Alex Padilla,P000145,gun-policy,cosponsor,S. 4926,2026-06-24,State Firearms Dealer Licensing Enhancement Act
2717ff94-f7e8-4b39-b6ec-fc3e30f3d46f,Alex Padilla,P000145,gun-policy,cosponsor,S. 4776,2026-06-11,Gun Records Restoration and Preservation Act
2717ff94-f7e8-4b39-b6ec-fc3e30f3d46f,Alex Padilla,P000145,gun-policy,cosponsor,SRES. 756,2026-06-08,"A resolution expressing support for the designation of June 5, 2026, as ""National Gun Violence Awareness Day"" and June 2026 as ""National Gun Violence Awareness Month""."
2717ff94-f7e8-4b39-b6ec-fc3e30f3d46f,Alex Padilla,P000145,gun-policy,cosponsor,SCONRES. 34,2026-06-01,"A concurrent resolution recognizing the importance of saving lives, reducing gun violence, and strengthening public safety as the United States celebrates its 250th anniversary."
2717ff94-f7e8-4b39-b6ec-fc3e30f3d46f,Alex Padilla,P000145,gun-policy,cosponsor,S. 4454,2026-04-30,Firearm Safety Act of 2026
2717ff94-f7e8-4b39-b6ec-fc3e30f3d46f,Alex Padilla,P000145,military-intervention,cosponsor,SJRES. 124,2026-04-28,A joint resolution to direct the removal of United States Armed Forces from hostilities within or against the Republic of Cuba that have not been authorized by Congress.
2717ff94-f7e8-4b39-b6ec-fc3e30f3d46f,Alex Padilla,P000145,military-intervention,cosponsor,SJRES. 116,2026-03-20,A joint resolution to direct the removal of United States Armed Forces from hostilities within or against the Islamic Republic of Iran that have not been authorized by Congress.
2717ff94-f7e8-4b39-b6ec-fc3e30f3d46f,Alex Padilla,P000145,military-intervention,cosponsor,SJRES. 104,2026-02-26,A joint resolution to direct the removal of United States Armed Forces from hostilities within or against the Islamic Republic of Iran that have not been authorized by Congress.
2717ff94-f7e8-4b39-b6ec-fc3e30f3d46f,Alex Padilla,P000145,gun-policy,cosponsor,S. 3875,2026-02-12,Responsible Firearms Marketing Act
2717ff94-f7e8-4b39-b6ec-fc3e30f3d46f,Alex Padilla,P000145,border-security,cosponsor,S. 3702,2026-01-27,Dignity for Detained Immigrants Act
2717ff94-f7e8-4b39-b6ec-fc3e30f3d46f,Alex Padilla,P000145,gun-policy,cosponsor,SCONRES. 25,2026-01-14,"A concurrent resolution recognizing the 15th anniversary of the January 8, 2011, Tucson, Arizona, shooting and honoring the survivors and victims, including former Congresswoman Gabby Giffords, a gun violence survivor and one of the most influential voices of courage in the United States in the fight to end gun violence."
2717ff94-f7e8-4b39-b6ec-fc3e30f3d46f,Alex Padilla,P000145,military-intervention,cosponsor,SJRES. 98,2026-01-08,A joint resolution to direct the removal of United States Armed Forces from hostilities within or against Venezuela that have not been authorized by Congress.
2717ff94-f7e8-4b39-b6ec-fc3e30f3d46f,Alex Padilla,P000145,2020-election,cosponsor,S. 3581,2026-01-06,No Settlements for January 6 Law Enforcement Assaulters Act
2717ff94-f7e8-4b39-b6ec-fc3e30f3d46f,Alex Padilla,P000145,gun-policy,cosponsor,S. 3544,2025-12-17,Federal Firearm Licensing Act
2717ff94-f7e8-4b39-b6ec-fc3e30f3d46f,Alex Padilla,P000145,gun-policy,cosponsor,S. 3458,2025-12-11,Background Check Completion Act of 2025
2717ff94-f7e8-4b39-b6ec-fc3e30f3d46f,Alex Padilla,P000145,gun-policy,cosponsor,S. 3214,2025-11-19,Background Check Expansion Act
2717ff94-f7e8-4b39-b6ec-fc3e30f3d46f,Alex Padilla,P000145,military-intervention,cosponsor,SJRES. 90,2025-11-05,A joint resolution to direct the removal of United States Armed Forces from hostilities within or against Venezuela that have not been authorized by Congress.
2717ff94-f7e8-4b39-b6ec-fc3e30f3d46f,Alex Padilla,P000145,military-intervention,cosponsor,SJRES. 83,2025-10-08,A joint resolution to direct the removal of United States Armed Forces from hostilities that have not been authorized by Congress.
2717ff94-f7e8-4b39-b6ec-fc3e30f3d46f,Alex Padilla,P000145,gun-policy,cosponsor,S. 2514,2025-07-29,Gun Violence Prevention Research Act of 2025
2717ff94-f7e8-4b39-b6ec-fc3e30f3d46f,Alex Padilla,P000145,gun-policy,cosponsor,S. 2186,2025-06-26,Preventing Pretrial Gun Purchases Act
2717ff94-f7e8-4b39-b6ec-fc3e30f3d46f,Alex Padilla,P000145,gun-policy,cosponsor,S. 2165,2025-06-25,3D Printed Gun Safety Act of 2025
2717ff94-f7e8-4b39-b6ec-fc3e30f3d46f,Alex Padilla,P000145,gun-policy,cosponsor,S. 2154,2025-06-24,Protecting Kids from Gun Marketing Act
2717ff94-f7e8-4b39-b6ec-fc3e30f3d46f,Alex Padilla,P000145,gun-policy,cosponsor,S. 2155,2025-06-24,Keeping Gun Dealers Honest Act of 2025
2717ff94-f7e8-4b39-b6ec-fc3e30f3d46f,Alex Padilla,P000145,border-security,cosponsor,S. 2149,2025-06-24,Health Equity and Access under the Law for Immigrant Families Act of 2025
2717ff94-f7e8-4b39-b6ec-fc3e30f3d46f,Alex Padilla,P000145,border-security,cosponsor,S. 1965,2025-06-05,Protect Vulnerable Immigrant Youth Act
2717ff94-f7e8-4b39-b6ec-fc3e30f3d46f,Alex Padilla,P000145,gun-policy,cosponsor,S. 1955,2025-06-04,Equal Access to Justice for Victims of Gun Violence Act
2717ff94-f7e8-4b39-b6ec-fc3e30f3d46f,Alex Padilla,P000145,gun-policy,cosponsor,S. 1531,2025-04-30,Assault Weapons Ban of 2025
2717ff94-f7e8-4b39-b6ec-fc3e30f3d46f,Alex Padilla,P000145,gun-policy,cosponsor,S. 1466,2025-04-10,Resources for Victims of Gun Violence Act of 2025
2717ff94-f7e8-4b39-b6ec-fc3e30f3d46f,Alex Padilla,P000145,minimum-wage,cosponsor,S. 1332,2025-04-08,Raise the Wage Act of 2025
2717ff94-f7e8-4b39-b6ec-fc3e30f3d46f,Alex Padilla,P000145,gun-policy,cosponsor,S. 1294,2025-04-03,Federal Firearm Licensee Act
2717ff94-f7e8-4b39-b6ec-fc3e30f3d46f,Alex Padilla,P000145,military-intervention,cosponsor,S. 696,2025-02-25,Protecting Our Guests During Hostilities in Ukraine Act
2717ff94-f7e8-4b39-b6ec-fc3e30f3d46f,Alex Padilla,P000145,border-security,cosponsor,S. 548,2025-02-12,Caribbean Border Counternarcotics Strategy Act
2717ff94-f7e8-4b39-b6ec-fc3e30f3d46f,Alex Padilla,P000145,gun-policy,cosponsor,S. 4706,2024-07-31,Federal Firearm Licensee Act
2717ff94-f7e8-4b39-b6ec-fc3e30f3d46f,Alex Padilla,P000145,gun-policy,cosponsor,S. 4612,2024-07-09,Preventing Pretrial Gun Purchases Act
2717ff94-f7e8-4b39-b6ec-fc3e30f3d46f,Alex Padilla,P000145,cannabis-policy,cosponsor,S. 4226,2024-05-01,Cannabis Administration and Opportunity Act
2717ff94-f7e8-4b39-b6ec-fc3e30f3d46f,Alex Padilla,P000145,minimum-wage,cosponsor,S. 2488,2023-07-25,Raise the Wage Act of 2023
2717ff94-f7e8-4b39-b6ec-fc3e30f3d46f,Alex Padilla,P000145,gun-policy,cosponsor,S. 2048,2023-06-20,Equal Access to Justice for Victims of Gun Violence Act
2717ff94-f7e8-4b39-b6ec-fc3e30f3d46f,Alex Padilla,P000145,gun-policy,cosponsor,S. 1819,2023-06-06,3D Printed Gun Safety Act of 2023
2717ff94-f7e8-4b39-b6ec-fc3e30f3d46f,Alex Padilla,P000145,border-security,cosponsor,S. 1885,2023-06-21,Protect Vulnerable Immigrant Youth Act
2717ff94-f7e8-4b39-b6ec-fc3e30f3d46f,Alex Padilla,P000145,border-security,cosponsor,SRES. 243,2023-06-08,"A resolution recognizing the month of June 2023 as ""Immigrant Heritage Month"", a celebration of the accomplishments and contributions of immigrants and their children in making the United States a healthier, safer, more diverse, prosperous country, and acknowledging the importance of immigrants and their children to the future successes of the United States."
2717ff94-f7e8-4b39-b6ec-fc3e30f3d46f,Alex Padilla,P000145,gun-policy,cosponsor,S. 494,2023-02-16,Background Check Expansion Act
2717ff94-f7e8-4b39-b6ec-fc3e30f3d46f,Alex Padilla,P000145,gun-policy,cosponsor,S. 25,2023-01-23,Assault Weapons Ban of 2023
2717ff94-f7e8-4b39-b6ec-fc3e30f3d46f,Alex Padilla,P000145,israel-military-aid,cosponsor,S. 1143,2023-03-30,United States-Israel PTSD Collaborative Research Act
2717ff94-f7e8-4b39-b6ec-fc3e30f3d46f,Alex Padilla,P000145,border-security,cosponsor,S. 1600,2023-05-15,"Border Management, Security, and Assistance Act of 2023"
2717ff94-f7e8-4b39-b6ec-fc3e30f3d46f,Alex Padilla,P000145,cannabis-policy,cosponsor,S. 1204,2023-04-19,Veterans Medical Marijuana Safe Harbor Act.
2717ff94-f7e8-4b39-b6ec-fc3e30f3d46f,Alex Padilla,P000145,gun-policy,cosponsor,S. 1116,2023-03-30,Background Check Completion Act of 2023
2717ff94-f7e8-4b39-b6ec-fc3e30f3d46f,Alex Padilla,P000145,gun-policy,cosponsor,S. 867,2023-03-16,State Firearms Dealer Licensing Enhancement Act
2717ff94-f7e8-4b39-b6ec-fc3e30f3d46f,Alex Padilla,P000145,gun-policy,cosponsor,S. 1026,2024-01-11,Gun Violence Prevention Research Act of 2023
2717ff94-f7e8-4b39-b6ec-fc3e30f3d46f,Alex Padilla,P000145,border-security,cosponsor,S. 3479,2023-12-12,Southwest Border Regional Commission Reauthorization Act of 2023
2717ff94-f7e8-4b39-b6ec-fc3e30f3d46f,Alex Padilla,P000145,gun-policy,cosponsor,S. 252,2023-02-02,Protecting Kids from Gun Marketing Act
2717ff94-f7e8-4b39-b6ec-fc3e30f3d46f,Alex Padilla,P000145,israel-military-aid,cosponsor,SRES. 417,2023-10-19,A resolution standing with Israel against terrorism.
2717ff94-f7e8-4b39-b6ec-fc3e30f3d46f,Alex Padilla,P000145,border-security,cosponsor,SRES. 346,2023-09-18,"A resolution honoring the Thai-American garment workers who opened the country's eyes to sweatshop conditions in the United States and, against all odds, expanded rights for immigrant workers and survivors of human trafficking while holding corporations responsible for the conditions in which their clothes are made."
2717ff94-f7e8-4b39-b6ec-fc3e30f3d46f,Alex Padilla,P000145,gun-policy,cosponsor,S. 2652,2023-07-27,Ghost Guns and Untraceable Firearms Act of 2023
2717ff94-f7e8-4b39-b6ec-fc3e30f3d46f,Alex Padilla,P000145,border-security,cosponsor,S. 2646,2023-07-27,HEAL for Immigrant Families Act of 2023
2717ff94-f7e8-4b39-b6ec-fc3e30f3d46f,Alex Padilla,P000145,gun-policy,cosponsor,S. 2565,2023-07-27,Language Access to Gun Violence Prevention Strategies Act of 2023
2717ff94-f7e8-4b39-b6ec-fc3e30f3d46f,Alex Padilla,P000145,gun-policy,cosponsor,S. 2381,2023-07-19,National Instant Criminal Background Check System (NICS) Data Integrity Act of 2023
2717ff94-f7e8-4b39-b6ec-fc3e30f3d46f,Alex Padilla,P000145,gun-policy,cosponsor,S. 1893,2023-06-08,Resources for Victims of Gun Violence Act of 2023
2717ff94-f7e8-4b39-b6ec-fc3e30f3d46f,Alex Padilla,P000145,gun-policy,cosponsor,S. 1826,2023-06-06,Keeping Gun Dealers Honest Act of 2023
2717ff94-f7e8-4b39-b6ec-fc3e30f3d46f,Alex Padilla,P000145,gun-policy,cosponsor,SRES. 231,2023-06-01,"A resolution expressing support for the designation of June 2, 2023, as ""National Gun Violence Awareness Day"" and June 2023 as ""National Gun Violence Awareness Month""."
2717ff94-f7e8-4b39-b6ec-fc3e30f3d46f,Alex Padilla,P000145,gun-policy,cosponsor,S. 1737,2023-05-18,Responsible Firearms Marketing Act
2717ff94-f7e8-4b39-b6ec-fc3e30f3d46f,Alex Padilla,P000145,border-security,cosponsor,S. 309,2023-02-09,Caribbean Border Counternarcotics Strategy Act
3d51cca6-7206-413b-ab8d-3199a58a6767,Amy Klobuchar,K000367,cannabis-policy,sponsor,S. 3686,2026-01-15,Hemp Planting Predictability Act
3d51cca6-7206-413b-ab8d-3199a58a6767,Amy Klobuchar,K000367,border-security,sponsor,S. 2711,2023-07-27,Protecting Immigrant Victims of Domestic Violence Act
3d51cca6-7206-413b-ab8d-3199a58a6767,Amy Klobuchar,K000367,gun-policy,cosponsor,SRES. 756,2026-06-08,"A resolution expressing support for the designation of June 5, 2026, as ""National Gun Violence Awareness Day"" and June 2026 as ""National Gun Violence Awareness Month""."
3d51cca6-7206-413b-ab8d-3199a58a6767,Amy Klobuchar,K000367,military-intervention,cosponsor,SJRES. 124,2026-04-27,A joint resolution to direct the removal of United States Armed Forces from hostilities within or against the Republic of Cuba that have not been authorized by Congress.
3d51cca6-7206-413b-ab8d-3199a58a6767,Amy Klobuchar,K000367,cannabis-policy,cosponsor,S. 4315,2026-04-16,Hemp Safety Enforcement Act
3d51cca6-7206-413b-ab8d-3199a58a6767,Amy Klobuchar,K000367,gun-policy,cosponsor,SCONRES. 25,2026-01-08,"A concurrent resolution recognizing the 15th anniversary of the January 8, 2011, Tucson, Arizona, shooting and honoring the survivors and victims, including former Congresswoman Gabby Giffords, a gun violence survivor and one of the most influential voices of courage in the United States in the fight to end gun violence."
3d51cca6-7206-413b-ab8d-3199a58a6767,Amy Klobuchar,K000367,2020-election,cosponsor,SRES. 574,2026-01-06,"A resolution observing the fifth anniversary of the attack on the United States Capitol on January 6, 2021, and recognizing the essential work of United States Capitol personnel, including the United States Capitol Police."
3d51cca6-7206-413b-ab8d-3199a58a6767,Amy Klobuchar,K000367,2020-election,cosponsor,S. 3582,2026-01-06,No Rewards for January 6 Rioters Act
3d51cca6-7206-413b-ab8d-3199a58a6767,Amy Klobuchar,K000367,2020-election,cosponsor,S. 3581,2026-01-06,No Settlements for January 6 Law Enforcement Assaulters Act
3d51cca6-7206-413b-ab8d-3199a58a6767,Amy Klobuchar,K000367,gun-policy,cosponsor,S. 3458,2025-12-11,Background Check Completion Act of 2025
3d51cca6-7206-413b-ab8d-3199a58a6767,Amy Klobuchar,K000367,gun-policy,cosponsor,S. 3214,2025-11-19,Background Check Expansion Act
3d51cca6-7206-413b-ab8d-3199a58a6767,Amy Klobuchar,K000367,gun-policy,cosponsor,S. 2514,2025-07-29,Gun Violence Prevention Research Act of 2025
3d51cca6-7206-413b-ab8d-3199a58a6767,Amy Klobuchar,K000367,gun-policy,cosponsor,S. 2165,2025-06-25,3D Printed Gun Safety Act of 2025
3d51cca6-7206-413b-ab8d-3199a58a6767,Amy Klobuchar,K000367,gun-policy,cosponsor,S. 2158,2025-06-24,Stopping the Fraudulent Sale of Firearms Act
3d51cca6-7206-413b-ab8d-3199a58a6767,Amy Klobuchar,K000367,gun-policy,cosponsor,S. 2155,2025-06-24,Keeping Gun Dealers Honest Act of 2025
3d51cca6-7206-413b-ab8d-3199a58a6767,Amy Klobuchar,K000367,gun-policy,cosponsor,SRES. 260,2025-06-02,"A resolution expressing support for the designation of June 6, 2025, as ""National Gun Violence Awareness Day"" and June 2025 as ""National Gun Violence Awareness Month""."
3d51cca6-7206-413b-ab8d-3199a58a6767,Amy Klobuchar,K000367,gun-policy,cosponsor,S. 1531,2025-04-30,Assault Weapons Ban of 2025
3d51cca6-7206-413b-ab8d-3199a58a6767,Amy Klobuchar,K000367,gun-policy,cosponsor,S. 1466,2025-04-10,Resources for Victims of Gun Violence Act of 2025
3d51cca6-7206-413b-ab8d-3199a58a6767,Amy Klobuchar,K000367,minimum-wage,cosponsor,S. 1332,2025-04-08,Raise the Wage Act of 2025
3d51cca6-7206-413b-ab8d-3199a58a6767,Amy Klobuchar,K000367,military-intervention,cosponsor,S. 696,2025-02-24,Protecting Our Guests During Hostilities in Ukraine Act
3d51cca6-7206-413b-ab8d-3199a58a6767,Amy Klobuchar,K000367,gun-policy,cosponsor,S. 595,2025-02-13,Office of Gun Violence Prevention Act of 2025
3d51cca6-7206-413b-ab8d-3199a58a6767,Amy Klobuchar,K000367,gun-policy,cosponsor,S. 468,2025-02-06,SECURE Firearm Storage Act
3d51cca6-7206-413b-ab8d-3199a58a6767,Amy Klobuchar,K000367,gun-policy,cosponsor,SRES. 716,2024-06-03,"A resolution expressing support for the designation of June 7, 2024, as ""National Gun Violence Awareness Day"" and June 2024 as ""National Gun Violence Awareness Month""."
3d51cca6-7206-413b-ab8d-3199a58a6767,Amy Klobuchar,K000367,israel-military-aid,cosponsor,SRES. 505,2024-05-22,A resolution condemning the use of sexual violence and rape as a weapon of war by the terrorist group Hamas against the people of Israel.
3d51cca6-7206-413b-ab8d-3199a58a6767,Amy Klobuchar,K000367,minimum-wage,cosponsor,S. 2488,2023-07-25,Raise the Wage Act of 2023
3d51cca6-7206-413b-ab8d-3199a58a6767,Amy Klobuchar,K000367,border-security,cosponsor,S. 3591,2024-01-16,Stop Fentanyl at the Border Act
3d51cca6-7206-413b-ab8d-3199a58a6767,Amy Klobuchar,K000367,gun-policy,cosponsor,S. 1819,2023-06-06,3D Printed Gun Safety Act of 2023
3d51cca6-7206-413b-ab8d-3199a58a6767,Amy Klobuchar,K000367,border-security,cosponsor,SRES. 243,2023-06-13,"A resolution recognizing the month of June 2023 as ""Immigrant Heritage Month"", a celebration of the accomplishments and contributions of immigrants and their children in making the United States a healthier, safer, more diverse, prosperous country, and acknowledging the importance of immigrants and their children to the future successes of the United States."
3d51cca6-7206-413b-ab8d-3199a58a6767,Amy Klobuchar,K000367,border-security,cosponsor,S. 1600,2023-05-15,"Border Management, Security, and Assistance Act of 2023"
3d51cca6-7206-413b-ab8d-3199a58a6767,Amy Klobuchar,K000367,israel-military-aid,cosponsor,SRES. 188,2023-05-02,"A resolution celebrating the 75th anniversary of the founding of the State of Israel, and for other purposes."
3d51cca6-7206-413b-ab8d-3199a58a6767,Amy Klobuchar,K000367,gun-policy,cosponsor,S. 1026,2023-03-29,Gun Violence Prevention Research Act of 2023
3d51cca6-7206-413b-ab8d-3199a58a6767,Amy Klobuchar,K000367,gun-policy,cosponsor,S. 25,2023-01-23,Assault Weapons Ban of 2023
3d51cca6-7206-413b-ab8d-3199a58a6767,Amy Klobuchar,K000367,gun-policy,cosponsor,S. 1116,2023-03-30,Background Check Completion Act of 2023
3d51cca6-7206-413b-ab8d-3199a58a6767,Amy Klobuchar,K000367,israel-military-aid,cosponsor,SRES. 417,2023-10-19,A resolution standing with Israel against terrorism.
3d51cca6-7206-413b-ab8d-3199a58a6767,Amy Klobuchar,K000367,gun-policy,cosponsor,S. 2652,2023-07-27,Ghost Guns and Untraceable Firearms Act of 2023
3d51cca6-7206-413b-ab8d-3199a58a6767,Amy Klobuchar,K000367,gun-policy,cosponsor,S. 1893,2023-06-08,Resources for Victims of Gun Violence Act of 2023
3d51cca6-7206-413b-ab8d-3199a58a6767,Amy Klobuchar,K000367,gun-policy,cosponsor,SRES. 231,2023-06-01,"A resolution expressing support for the designation of June 2, 2023, as ""National Gun Violence Awareness Day"" and June 2023 as ""National Gun Violence Awareness Month""."
3d51cca6-7206-413b-ab8d-3199a58a6767,Amy Klobuchar,K000367,gun-policy,cosponsor,S. 494,2023-02-16,Background Check Expansion Act
e7c985f0-7804-485e-8ad7-8e71c0129a00,Andy Kim,K000394,gun-policy,sponsor,S. 4776,2026-06-11,Gun Records Restoration and Preservation Act
e7c985f0-7804-485e-8ad7-8e71c0129a00,Andy Kim,K000394,military-intervention,sponsor,SJRES. 171,2026-04-13,A joint resolution to direct the removal of United States Armed Forces from hostilities within or against the Islamic Republic of Iran that have not been authorized by Congress.
e7c985f0-7804-485e-8ad7-8e71c0129a00,Andy Kim,K000394,gun-policy,sponsor,HR. 6154,2023-11-01,Responsible Gun Ownership Licensing Act
e7c985f0-7804-485e-8ad7-8e71c0129a00,Andy Kim,K000394,military-intervention,cosponsor,SJRES. 211,2026-08-06,A joint resolution to direct the removal of United States Armed Forces from hostilities within or against the Islamic Republic of Iran that have not been authorized by Congress.
e7c985f0-7804-485e-8ad7-8e71c0129a00,Andy Kim,K000394,gun-policy,cosponsor,S. 4926,2026-07-30,State Firearms Dealer Licensing Enhancement Act
e7c985f0-7804-485e-8ad7-8e71c0129a00,Andy Kim,K000394,defense-spending,cosponsor,S. 5189,2026-07-30,"A bill to amend title 10, United States Code, and the National Defense Authorization Act for Fiscal Year 1994, to codify and clarify gender neutral standards for members of certain Armed Forces, and for other purposes."
e7c985f0-7804-485e-8ad7-8e71c0129a00,Andy Kim,K000394,military-intervention,cosponsor,SJRES. 181,2026-07-28,A joint resolution to direct the removal of United States Armed Forces from hostilities within or against the Islamic Republic of Iran that have not been authorized by Congress.
e7c985f0-7804-485e-8ad7-8e71c0129a00,Andy Kim,K000394,minimum-wage,cosponsor,S. 4981,2026-07-14,Living Wage For All Act
e7c985f0-7804-485e-8ad7-8e71c0129a00,Andy Kim,K000394,military-intervention,cosponsor,SJRES. 200,2026-07-13,A joint resolution to direct the removal of United States Armed Forces from hostilities within or against the Islamic Republic of Iran that have not been authorized by Congress.
e7c985f0-7804-485e-8ad7-8e71c0129a00,Andy Kim,K000394,gun-policy,cosponsor,S. 4454,2026-06-02,Firearm Safety Act of 2026
e7c985f0-7804-485e-8ad7-8e71c0129a00,Andy Kim,K000394,military-intervention,cosponsor,SJRES. 191,2026-05-20,A joint resolution to direct removal of United States Armed Forces from hostilities within or against the Islamic Republic of Iran that have not been authorized by Congress.
e7c985f0-7804-485e-8ad7-8e71c0129a00,Andy Kim,K000394,military-intervention,cosponsor,SJRES. 185,2026-05-11,A joint resolution to direct the removal of United States Armed Forces from hostilities within or against the Islamic Republic of Iran that have not been authorized by Congress.
e7c985f0-7804-485e-8ad7-8e71c0129a00,Andy Kim,K000394,military-intervention,cosponsor,SJRES. 116,2026-04-21,A joint resolution to direct the removal of United States Armed Forces from hostilities within or against the Islamic Republic of Iran that have not been authorized by Congress.
e7c985f0-7804-485e-8ad7-8e71c0129a00,Andy Kim,K000394,military-intervention,cosponsor,SJRES. 115,2026-04-21,A joint resolution to direct the removal of United States Armed Forces from hostilities within or against the Islamic Republic of Iran that have not been authorized by Congress.
e7c985f0-7804-485e-8ad7-8e71c0129a00,Andy Kim,K000394,military-intervention,cosponsor,SJRES. 180,2026-04-21,A joint resolution to direct the removal of United States Armed Forces from hostilities within or against the Islamic Republic of Iran that have not been authorized by Congress.
e7c985f0-7804-485e-8ad7-8e71c0129a00,Andy Kim,K000394,military-intervention,cosponsor,SJRES. 163,2026-04-20,A joint resolution to direct the removal of United States Armed Forces from hostilities within or against the Islamic Republic of Iran that have not been authorized by Congress.
e7c985f0-7804-485e-8ad7-8e71c0129a00,Andy Kim,K000394,military-intervention,cosponsor,SJRES. 114,2026-04-16,A joint resolution to direct the removal of United States Armed Forces from hostilities within or against the Islamic Republic of Iran that have not been authorized by Congress.
e7c985f0-7804-485e-8ad7-8e71c0129a00,Andy Kim,K000394,military-intervention,cosponsor,SJRES. 161,2026-04-16,A joint resolution to direct the removal of United States Armed Forces from hostilities within or against the Islamic Republic of Iran that have not been authorized by Congress.
e7c985f0-7804-485e-8ad7-8e71c0129a00,Andy Kim,K000394,military-intervention,cosponsor,SJRES. 184,2026-04-16,A joint resolution to direct the removal of United States Armed Forces from hostilities within or against the Islamic Republic of Iran that have not been authorized by Congress.
e7c985f0-7804-485e-8ad7-8e71c0129a00,Andy Kim,K000394,military-intervention,cosponsor,SJRES. 104,2026-02-25,A joint resolution to direct the removal of United States Armed Forces from hostilities within or against the Islamic Republic of Iran that have not been authorized by Congress.
e7c985f0-7804-485e-8ad7-8e71c0129a00,Andy Kim,K000394,border-security,cosponsor,S. 3702,2026-01-27,Dignity for Detained Immigrants Act
e7c985f0-7804-485e-8ad7-8e71c0129a00,Andy Kim,K000394,gun-policy,cosponsor,SCONRES. 25,2026-01-08,"A concurrent resolution recognizing the 15th anniversary of the January 8, 2011, Tucson, Arizona, shooting and honoring the survivors and victims, including former Congresswoman Gabby Giffords, a gun violence survivor and one of the most influential voices of courage in the United States in the fight to end gun violence."
e7c985f0-7804-485e-8ad7-8e71c0129a00,Andy Kim,K000394,military-intervention,cosponsor,SJRES. 98,2026-01-07,A joint resolution to direct the removal of United States Armed Forces from hostilities within or against Venezuela that have not been authorized by Congress.
e7c985f0-7804-485e-8ad7-8e71c0129a00,Andy Kim,K000394,2020-election,cosponsor,SRES. 574,2026-01-06,"A resolution observing the fifth anniversary of the attack on the United States Capitol on January 6, 2021, and recognizing the essential work of United States Capitol personnel, including the United States Capitol Police."
e7c985f0-7804-485e-8ad7-8e71c0129a00,Andy Kim,K000394,2020-election,cosponsor,S. 3582,2026-01-06,No Rewards for January 6 Rioters Act
e7c985f0-7804-485e-8ad7-8e71c0129a00,Andy Kim,K000394,2020-election,cosponsor,S. 3581,2026-01-06,No Settlements for January 6 Law Enforcement Assaulters Act
e7c985f0-7804-485e-8ad7-8e71c0129a00,Andy Kim,K000394,gun-policy,cosponsor,S. 3544,2025-12-17,Federal Firearm Licensing Act
e7c985f0-7804-485e-8ad7-8e71c0129a00,Andy Kim,K000394,gun-policy,cosponsor,S. 3458,2025-12-11,Background Check Completion Act of 2025
e7c985f0-7804-485e-8ad7-8e71c0129a00,Andy Kim,K000394,ranked-choice-voting,cosponsor,S. 3425,2025-12-10,Ranked Choice Voting Act
e7c985f0-7804-485e-8ad7-8e71c0129a00,Andy Kim,K000394,gun-policy,cosponsor,S. 3214,2025-11-19,Background Check Expansion Act
e7c985f0-7804-485e-8ad7-8e71c0129a00,Andy Kim,K000394,gun-policy,cosponsor,S. 1294,2025-11-10,Federal Firearm Licensee Act
e7c985f0-7804-485e-8ad7-8e71c0129a00,Andy Kim,K000394,military-intervention,cosponsor,SJRES. 90,2025-11-05,A joint resolution to direct the removal of United States Armed Forces from hostilities within or against Venezuela that have not been authorized by Congress.
e7c985f0-7804-485e-8ad7-8e71c0129a00,Andy Kim,K000394,gun-policy,cosponsor,S. 2155,2025-07-30,Keeping Gun Dealers Honest Act of 2025
e7c985f0-7804-485e-8ad7-8e71c0129a00,Andy Kim,K000394,gun-policy,cosponsor,S. 2154,2025-07-30,Protecting Kids from Gun Marketing Act
e7c985f0-7804-485e-8ad7-8e71c0129a00,Andy Kim,K000394,gun-policy,cosponsor,S. 2165,2025-07-30,3D Printed Gun Safety Act of 2025
e7c985f0-7804-485e-8ad7-8e71c0129a00,Andy Kim,K000394,gun-policy,cosponsor,S. 1955,2025-07-09,Equal Access to Justice for Victims of Gun Violence Act
e7c985f0-7804-485e-8ad7-8e71c0129a00,Andy Kim,K000394,gun-policy,cosponsor,S. 2192,2025-06-26,Clean Hands Firearm Procurement Act
e7c985f0-7804-485e-8ad7-8e71c0129a00,Andy Kim,K000394,gun-policy,cosponsor,S. 2158,2025-06-24,Stopping the Fraudulent Sale of Firearms Act
e7c985f0-7804-485e-8ad7-8e71c0129a00,Andy Kim,K000394,israel-military-aid,cosponsor,SRES. 227,2025-05-14,"A resolution condemning Hamas for its premeditated, coordinated, and brutal terrorist attacks on October 7, 2023, against Israel and demanding that Hamas immediately release all remaining hostages and return them to safety, and for other purposes."
e7c985f0-7804-485e-8ad7-8e71c0129a00,Andy Kim,K000394,gun-policy,cosponsor,S. 1531,2025-04-30,Assault Weapons Ban of 2025
e7c985f0-7804-485e-8ad7-8e71c0129a00,Andy Kim,K000394,minimum-wage,cosponsor,S. 1332,2025-04-08,Raise the Wage Act of 2025
e7c985f0-7804-485e-8ad7-8e71c0129a00,Andy Kim,K000394,2020-election,cosponsor,HRES. 1409,2024-08-02,Standing in solidarity with the Venezuelan people and condemning Nicolás Maduro's attempt to steal the Venezuelan Presidential election.
e7c985f0-7804-485e-8ad7-8e71c0129a00,Andy Kim,K000394,border-security,cosponsor,HR. 1832,2024-07-26,Special Immigrant Visas for Afghan Fulbright Scholars Act of 2023
e7c985f0-7804-485e-8ad7-8e71c0129a00,Andy Kim,K000394,defense-spending,cosponsor,HR. 4740,2024-07-22,Streamline Pentagon Budgeting Act of 2023
e7c985f0-7804-485e-8ad7-8e71c0129a00,Andy Kim,K000394,gun-policy,cosponsor,HR. 8764,2024-06-14,Clean Hands Firearm Procurement Act
e7c985f0-7804-485e-8ad7-8e71c0129a00,Andy Kim,K000394,defense-spending,cosponsor,HR. 8070,2024-04-18,Servicemember Quality of Life Improvement and National Defense Authorization Act for Fiscal Year 2025
e7c985f0-7804-485e-8ad7-8e71c0129a00,Andy Kim,K000394,gun-policy,cosponsor,HR. 6596,2024-04-15,Gun Violence Prevention and Community Safety Act of 2023
e7c985f0-7804-485e-8ad7-8e71c0129a00,Andy Kim,K000394,border-security,cosponsor,HR. 5008,2024-04-12,HEAL for Immigrant Families Act of 2023
e7c985f0-7804-485e-8ad7-8e71c0129a00,Andy Kim,K000394,israel-military-aid,cosponsor,HRES. 793,2023-10-17,Calling on Hamas to immediately release hostages taken during October 2023 attack on Israel.
e7c985f0-7804-485e-8ad7-8e71c0129a00,Andy Kim,K000394,israel-military-aid,cosponsor,HCONRES. 61,2023-10-17,Supporting Israeli democracy.
e7c985f0-7804-485e-8ad7-8e71c0129a00,Andy Kim,K000394,israel-military-aid,cosponsor,HRES. 771,2023-10-11,Standing with Israel as it defends itself against the barbaric war launched by Hamas and other terrorists.
e7c985f0-7804-485e-8ad7-8e71c0129a00,Andy Kim,K000394,israel-military-aid,cosponsor,HRES. 768,2023-10-10,Standing with Israel as it defends itself against the barbaric war launched by Hamas and other terrorists.
e7c985f0-7804-485e-8ad7-8e71c0129a00,Andy Kim,K000394,israel-military-aid,cosponsor,HR. 3792,2023-09-26,U.S.-Israel Partnership and Abraham Accords Enhancement Act of 2023
e7c985f0-7804-485e-8ad7-8e71c0129a00,Andy Kim,K000394,minimum-wage,cosponsor,HR. 4889,2023-07-25,Raise the Wage Act of 2023
e7c985f0-7804-485e-8ad7-8e71c0129a00,Andy Kim,K000394,gun-policy,cosponsor,HR. 4184,2023-06-15,Equal Access to Justice for Victims of Gun Violence Act of 2023
e7c985f0-7804-485e-8ad7-8e71c0129a00,Andy Kim,K000394,israel-military-aid,cosponsor,HR. 4076,2023-06-13,United States-Israel Health Technologies Cooperation Act
e7c985f0-7804-485e-8ad7-8e71c0129a00,Andy Kim,K000394,gun-policy,cosponsor,HRES. 459,2023-05-31,"Expressing support for the designation of June 2, 2023, as ""National Gun Violence Awareness Day"" and June 2023 as ""National Gun Violence Awareness Month""."
e7c985f0-7804-485e-8ad7-8e71c0129a00,Andy Kim,K000394,gun-policy,cosponsor,HR. 3502,2023-05-24,Responsible Firearms Marketing Act
e7c985f0-7804-485e-8ad7-8e71c0129a00,Andy Kim,K000394,gun-policy,cosponsor,HR. 1699,2023-05-15,Office of Gun Violence Prevention Act of 2023
e7c985f0-7804-485e-8ad7-8e71c0129a00,Andy Kim,K000394,military-intervention,cosponsor,HJRES. 52,2023-04-06,Authorization for Use of Military Force Resolution of 2023
e7c985f0-7804-485e-8ad7-8e71c0129a00,Andy Kim,K000394,gun-policy,cosponsor,HR. 1478,2023-04-03,Federal Firearm Licensee Act
e7c985f0-7804-485e-8ad7-8e71c0129a00,Andy Kim,K000394,gun-policy,cosponsor,HR. 2403,2023-03-30,Enhanced Background Checks Act of 2023
e7c985f0-7804-485e-8ad7-8e71c0129a00,Andy Kim,K000394,israel-military-aid,cosponsor,HRES. 92,2023-02-10,Recognizing Israel as America's legitimate and democratic ally and condemning antisemitism.
e7c985f0-7804-485e-8ad7-8e71c0129a00,Andy Kim,K000394,gun-policy,cosponsor,HR. 715,2023-02-01,Bipartisan Background Checks Act of 2023
e7c985f0-7804-485e-8ad7-8e71c0129a00,Andy Kim,K000394,gun-policy,cosponsor,HR. 698,2023-02-01,Assault Weapons Ban of 2023
17f7729f-22a2-4346-9434-e5f545cfe8b4,Angela Alsobrooks,A000382,gun-policy,sponsor,SCONRES. 34,2026-06-01,"A concurrent resolution recognizing the importance of saving lives, reducing gun violence, and strengthening public safety as the United States celebrates its 250th anniversary."
17f7729f-22a2-4346-9434-e5f545cfe8b4,Angela Alsobrooks,A000382,gun-policy,sponsor,S. 3512,2025-12-16,Medicare Investment and Gun Violence Prevention Act
17f7729f-22a2-4346-9434-e5f545cfe8b4,Angela Alsobrooks,A000382,defense-spending,cosponsor,S. 5189,2026-07-30,"A bill to amend title 10, United States Code, and the National Defense Authorization Act for Fiscal Year 1994, to codify and clarify gender neutral standards for members of certain Armed Forces, and for other purposes."
17f7729f-22a2-4346-9434-e5f545cfe8b4,Angela Alsobrooks,A000382,gun-policy,cosponsor,S. 1466,2026-06-24,Resources for Victims of Gun Violence Act of 2025
17f7729f-22a2-4346-9434-e5f545cfe8b4,Angela Alsobrooks,A000382,border-security,cosponsor,SRES. 796,2026-06-24,"A resolution recognizing the upcoming 250th anniversary of the United States of America and reaffirming the commitment of the Senate to the Nation's founding ideals of liberty, equality, and opportunity for all immigrant communities in the United States."
17f7729f-22a2-4346-9434-e5f545cfe8b4,Angela Alsobrooks,A000382,gun-policy,cosponsor,S. 1294,2026-06-16,Federal Firearm Licensee Act
17f7729f-22a2-4346-9434-e5f545cfe8b4,Angela Alsobrooks,A000382,gun-policy,cosponsor,S. 4776,2026-06-11,Gun Records Restoration and Preservation Act
17f7729f-22a2-4346-9434-e5f545cfe8b4,Angela Alsobrooks,A000382,gun-policy,cosponsor,S. 4454,2026-06-09,Firearm Safety Act of 2026
17f7729f-22a2-4346-9434-e5f545cfe8b4,Angela Alsobrooks,A000382,gun-policy,cosponsor,SRES. 756,2026-06-08,"A resolution expressing support for the designation of June 5, 2026, as ""National Gun Violence Awareness Day"" and June 2026 as ""National Gun Violence Awareness Month""."
17f7729f-22a2-4346-9434-e5f545cfe8b4,Angela Alsobrooks,A000382,military-intervention,cosponsor,SJRES. 124,2026-04-27,A joint resolution to direct the removal of United States Armed Forces from hostilities within or against the Republic of Cuba that have not been authorized by Congress.
17f7729f-22a2-4346-9434-e5f545cfe8b4,Angela Alsobrooks,A000382,2020-election,cosponsor,SRES. 657,2026-04-15,"A resolution commending Taiwan on the 30th anniversary of its first direct presidential election in 1996, and expressing support for Taiwan in the preservation of its democratic institutions."
17f7729f-22a2-4346-9434-e5f545cfe8b4,Angela Alsobrooks,A000382,military-intervention,cosponsor,SJRES. 104,2026-03-02,A joint resolution to direct the removal of United States Armed Forces from hostilities within or against the Islamic Republic of Iran that have not been authorized by Congress.
17f7729f-22a2-4346-9434-e5f545cfe8b4,Angela Alsobrooks,A000382,gun-policy,cosponsor,S. 3875,2026-02-12,Responsible Firearms Marketing Act
17f7729f-22a2-4346-9434-e5f545cfe8b4,Angela Alsobrooks,A000382,gun-policy,cosponsor,SCONRES. 25,2026-01-08,"A concurrent resolution recognizing the 15th anniversary of the January 8, 2011, Tucson, Arizona, shooting and honoring the survivors and victims, including former Congresswoman Gabby Giffords, a gun violence survivor and one of the most influential voices of courage in the United States in the fight to end gun violence."
17f7729f-22a2-4346-9434-e5f545cfe8b4,Angela Alsobrooks,A000382,military-intervention,cosponsor,SJRES. 98,2026-01-06,A joint resolution to direct the removal of United States Armed Forces from hostilities within or against Venezuela that have not been authorized by Congress.
17f7729f-22a2-4346-9434-e5f545cfe8b4,Angela Alsobrooks,A000382,2020-election,cosponsor,SRES. 574,2026-01-06,"A resolution observing the fifth anniversary of the attack on the United States Capitol on January 6, 2021, and recognizing the essential work of United States Capitol personnel, including the United States Capitol Police."
17f7729f-22a2-4346-9434-e5f545cfe8b4,Angela Alsobrooks,A000382,gun-policy,cosponsor,S. 3458,2025-12-11,Background Check Completion Act of 2025
17f7729f-22a2-4346-9434-e5f545cfe8b4,Angela Alsobrooks,A000382,gun-policy,cosponsor,S. 3214,2025-11-19,Background Check Expansion Act
17f7729f-22a2-4346-9434-e5f545cfe8b4,Angela Alsobrooks,A000382,gun-policy,cosponsor,S. 2514,2025-07-29,Gun Violence Prevention Research Act of 2025
17f7729f-22a2-4346-9434-e5f545cfe8b4,Angela Alsobrooks,A000382,gun-policy,cosponsor,S. 1955,2025-07-09,Equal Access to Justice for Victims of Gun Violence Act
17f7729f-22a2-4346-9434-e5f545cfe8b4,Angela Alsobrooks,A000382,gun-policy,cosponsor,SRES. 260,2025-06-02,"A resolution expressing support for the designation of June 6, 2025, as ""National Gun Violence Awareness Day"" and June 2025 as ""National Gun Violence Awareness Month""."
17f7729f-22a2-4346-9434-e5f545cfe8b4,Angela Alsobrooks,A000382,gun-policy,cosponsor,S. 1531,2025-04-30,Assault Weapons Ban of 2025
17f7729f-22a2-4346-9434-e5f545cfe8b4,Angela Alsobrooks,A000382,minimum-wage,cosponsor,S. 1332,2025-04-08,Raise the Wage Act of 2025
4f4b2bff-0054-475f-8687-e83f68085f15,"Angus S. King, Jr.",K000383,military-intervention,cosponsor,SJRES. 104,2026-03-02,A joint resolution to direct the removal of United States Armed Forces from hostilities within or against the Islamic Republic of Iran that have not been authorized by Congress.
4f4b2bff-0054-475f-8687-e83f68085f15,"Angus S. King, Jr.",K000383,2020-election,cosponsor,SRES. 574,2026-01-06,"A resolution observing the fifth anniversary of the attack on the United States Capitol on January 6, 2021, and recognizing the essential work of United States Capitol personnel, including the United States Capitol Police."
4f4b2bff-0054-475f-8687-e83f68085f15,"Angus S. King, Jr.",K000383,gun-policy,cosponsor,S. 3214,2025-11-19,Background Check Expansion Act
4f4b2bff-0054-475f-8687-e83f68085f15,"Angus S. King, Jr.",K000383,gun-policy,cosponsor,S. 2514,2025-07-29,Gun Violence Prevention Research Act of 2025
4f4b2bff-0054-475f-8687-e83f68085f15,"Angus S. King, Jr.",K000383,border-security,cosponsor,S. 1965,2025-07-24,Protect Vulnerable Immigrant Youth Act
4f4b2bff-0054-475f-8687-e83f68085f15,"Angus S. King, Jr.",K000383,border-security,cosponsor,S. 727,2025-07-21,U.S. Customs and Border Protection Officer Retirement Technical Corrections Act
4f4b2bff-0054-475f-8687-e83f68085f15,"Angus S. King, Jr.",K000383,border-security,cosponsor,SRES. 705,2024-05-23,"A resolution recognizing May 28, 2024, as the 100th anniversary of the U.S. Border Patrol and commending the service of the U.S. Border Patrol to the United States people."
4f4b2bff-0054-475f-8687-e83f68085f15,"Angus S. King, Jr.",K000383,israel-military-aid,cosponsor,SRES. 505,2023-12-14,A resolution condemning the use of sexual violence and rape as a weapon of war by the terrorist group Hamas against the people of Israel.
4f4b2bff-0054-475f-8687-e83f68085f15,"Angus S. King, Jr.",K000383,border-security,cosponsor,S. 1600,2023-05-15,"Border Management, Security, and Assistance Act of 2023"
4f4b2bff-0054-475f-8687-e83f68085f15,"Angus S. King, Jr.",K000383,border-security,cosponsor,S. 255,2023-02-02,Asylum Seeker Work Authorization Act of 2023
4f4b2bff-0054-475f-8687-e83f68085f15,"Angus S. King, Jr.",K000383,border-security,cosponsor,S. 3384,2023-11-30,Combating Cross-border Financial Crime Act of 2023
4f4b2bff-0054-475f-8687-e83f68085f15,"Angus S. King, Jr.",K000383,israel-military-aid,cosponsor,SRES. 417,2023-10-19,A resolution standing with Israel against terrorism.
4f4b2bff-0054-475f-8687-e83f68085f15,"Angus S. King, Jr.",K000383,cannabis-policy,cosponsor,S. 326,2023-04-25,VA Medicinal Cannabis Research Act of 2023
4f4b2bff-0054-475f-8687-e83f68085f15,"Angus S. King, Jr.",K000383,gun-policy,cosponsor,S. 494,2023-02-16,Background Check Expansion Act
4f4b2bff-0054-475f-8687-e83f68085f15,"Angus S. King, Jr.",K000383,border-security,cosponsor,S. 292,2023-02-07,Northern Border Regional Commission Reauthorization Act of 2023
f6c97c43-41e3-45ae-bdaa-c339f2e6ed4d,Ashley Moody,M001244,israel-military-aid,cosponsor,S. 3855,2026-06-11,"United States-Israel Framework for Upgraded Technologies, Unified Research, and Enhanced Security (FUTURES) Act of 2026"
f6c97c43-41e3-45ae-bdaa-c339f2e6ed4d,Ashley Moody,M001244,gun-policy,cosponsor,S. 3085,2025-12-18,Firearm Access During Shutdowns Act of 2025
f6c97c43-41e3-45ae-bdaa-c339f2e6ed4d,Ashley Moody,M001244,gun-policy,cosponsor,S. 65,2025-10-14,Constitutional Concealed Carry Reciprocity Act of 2025
f6c97c43-41e3-45ae-bdaa-c339f2e6ed4d,Ashley Moody,M001244,border-security,cosponsor,S. 286,2025-10-14,Stop Human Trafficking of Unaccompanied Migrant Children Act of 2025
f6c97c43-41e3-45ae-bdaa-c339f2e6ed4d,Ashley Moody,M001244,israel-military-aid,cosponsor,SRES. 438,2025-10-07,"A resolution condemning the brutal Hamas-led terrorist attack on the State of Israel on October 7, 2023, and supporting an outcome that ensures the forever survival of Israel, the complete denial of Hamas's ability to reconstitute in the region, and the release of all the remaining hostages from the Gaza Strip, including two United States citizens."
f6c97c43-41e3-45ae-bdaa-c339f2e6ed4d,Ashley Moody,M001244,border-security,cosponsor,S. 1977,2025-06-05,Rapid Expulsion of Migrant Offenders who Violate and Evade (REMOVE) Act
f6c97c43-41e3-45ae-bdaa-c339f2e6ed4d,Ashley Moody,M001244,israel-military-aid,cosponsor,S. 1521,2025-04-30,Stand with Israel Act
27d57833-842f-427c-bedd-aa1695fe550f,Ben Ray Luján,L000570,border-security,sponsor,S. 2864,2023-09-20,Humanitarian Standards for Individuals in U.S. Customs and Border Protection Custody Act
27d57833-842f-427c-bedd-aa1695fe550f,Ben Ray Luján,L000570,cannabis-policy,cosponsor,S. 5022,2026-07-16,Cannabis Administration and Opportunity Act
27d57833-842f-427c-bedd-aa1695fe550f,Ben Ray Luján,L000570,gun-policy,cosponsor,SCONRES. 25,2026-01-08,"A concurrent resolution recognizing the 15th anniversary of the January 8, 2011, Tucson, Arizona, shooting and honoring the survivors and victims, including former Congresswoman Gabby Giffords, a gun violence survivor and one of the most influential voices of courage in the United States in the fight to end gun violence."
27d57833-842f-427c-bedd-aa1695fe550f,Ben Ray Luján,L000570,military-intervention,cosponsor,SJRES. 98,2026-01-07,A joint resolution to direct the removal of United States Armed Forces from hostilities within or against Venezuela that have not been authorized by Congress.
27d57833-842f-427c-bedd-aa1695fe550f,Ben Ray Luján,L000570,gun-policy,cosponsor,S. 3214,2025-11-19,Background Check Expansion Act
27d57833-842f-427c-bedd-aa1695fe550f,Ben Ray Luján,L000570,israel-military-aid,cosponsor,SRES. 410,2025-09-19,"A resolution calling on the President to recognize a demilitarized State of Palestine, as consistent with international law and the principles of a two-state solution, alongside a secure State of Israel."
27d57833-842f-427c-bedd-aa1695fe550f,Ben Ray Luján,L000570,border-security,cosponsor,S. 1965,2025-06-17,Protect Vulnerable Immigrant Youth Act
27d57833-842f-427c-bedd-aa1695fe550f,Ben Ray Luján,L000570,gun-policy,cosponsor,S. 1466,2025-05-01,Resources for Victims of Gun Violence Act of 2025
27d57833-842f-427c-bedd-aa1695fe550f,Ben Ray Luján,L000570,gun-policy,cosponsor,S. 1531,2025-04-30,Assault Weapons Ban of 2025
27d57833-842f-427c-bedd-aa1695fe550f,Ben Ray Luján,L000570,cannabis-policy,cosponsor,S. 4226,2024-05-01,Cannabis Administration and Opportunity Act
27d57833-842f-427c-bedd-aa1695fe550f,Ben Ray Luján,L000570,border-security,cosponsor,S. 3591,2024-01-16,Stop Fentanyl at the Border Act
27d57833-842f-427c-bedd-aa1695fe550f,Ben Ray Luján,L000570,border-security,cosponsor,S. 1885,2023-07-11,Protect Vulnerable Immigrant Youth Act
27d57833-842f-427c-bedd-aa1695fe550f,Ben Ray Luján,L000570,gun-policy,cosponsor,S. 494,2023-02-16,Background Check Expansion Act
27d57833-842f-427c-bedd-aa1695fe550f,Ben Ray Luján,L000570,border-security,cosponsor,S. 3479,2023-12-12,Southwest Border Regional Commission Reauthorization Act of 2023
27d57833-842f-427c-bedd-aa1695fe550f,Ben Ray Luján,L000570,border-security,cosponsor,S. 1600,2023-05-15,"Border Management, Security, and Assistance Act of 2023"
27d57833-842f-427c-bedd-aa1695fe550f,Ben Ray Luján,L000570,israel-military-aid,cosponsor,SRES. 417,2023-10-19,A resolution standing with Israel against terrorism.
27d57833-842f-427c-bedd-aa1695fe550f,Ben Ray Luján,L000570,border-security,cosponsor,SRES. 243,2023-06-08,"A resolution recognizing the month of June 2023 as ""Immigrant Heritage Month"", a celebration of the accomplishments and contributions of immigrants and their children in making the United States a healthier, safer, more diverse, prosperous country, and acknowledging the importance of immigrants and their children to the future successes of the United States."
27d57833-842f-427c-bedd-aa1695fe550f,Ben Ray Luján,L000570,israel-military-aid,cosponsor,SRES. 188,2023-05-15,"A resolution celebrating the 75th anniversary of the founding of the State of Israel, and for other purposes."
27d57833-842f-427c-bedd-aa1695fe550f,Ben Ray Luján,L000570,gun-policy,cosponsor,S. 25,2023-01-23,Assault Weapons Ban of 2023
27d57833-842f-427c-bedd-aa1695fe550f,Ben Ray Luján,L000570,gun-policy,cosponsor,SRES. 231,2023-06-01,"A resolution expressing support for the designation of June 2, 2023, as ""National Gun Violence Awareness Day"" and June 2023 as ""National Gun Violence Awareness Month""."
2249e92f-8064-4c9e-b109-d56c0c5bb1b8,Bernie Moreno,M001242,israel-military-aid,cosponsor,SRES. 438,2025-10-07,"A resolution condemning the brutal Hamas-led terrorist attack on the State of Israel on October 7, 2023, and supporting an outcome that ensures the forever survival of Israel, the complete denial of Hamas's ability to reconstitute in the region, and the release of all the remaining hostages from the Gaza Strip, including two United States citizens."
2249e92f-8064-4c9e-b109-d56c0c5bb1b8,Bernie Moreno,M001242,border-security,cosponsor,S. 1977,2025-06-16,Rapid Expulsion of Migrant Offenders who Violate and Evade (REMOVE) Act
2249e92f-8064-4c9e-b109-d56c0c5bb1b8,Bernie Moreno,M001242,border-security,cosponsor,S. 112,2025-01-21,Make the Migrant Protection Protocols Mandatory Act of 2025
2249e92f-8064-4c9e-b109-d56c0c5bb1b8,Bernie Moreno,M001242,gun-policy,cosponsor,S. 65,2025-01-09,Constitutional Concealed Carry Reciprocity Act of 2025
3cc5cece-cec0-4490-8faa-37a6b66231c7,Bernie Sanders,S000033,israel-military-aid,sponsor,SJRES. 138,2026-03-19,A joint resolution providing for congressional disapproval of the proposed foreign military sale to the Government of Israel of certain defense articles and services.
3cc5cece-cec0-4490-8faa-37a6b66231c7,Bernie Sanders,S000033,israel-military-aid,sponsor,SJRES. 137,2026-03-19,A joint resolution providing for congressional disapproval of the proposed foreign military sale to the Government of Israel of certain defense articles and services.
3cc5cece-cec0-4490-8faa-37a6b66231c7,Bernie Sanders,S000033,israel-military-aid,sponsor,SJRES. 136,2026-03-19,A joint resolution providing for congressional disapproval of the proposed licensing of certain defense articles and services to Israel.
3cc5cece-cec0-4490-8faa-37a6b66231c7,Bernie Sanders,S000033,israel-military-aid,sponsor,SJRES. 41,2025-03-27,A joint resolution providing for congressional disapproval of the proposed export of certain defense articles to Israel.
3cc5cece-cec0-4490-8faa-37a6b66231c7,Bernie Sanders,S000033,israel-military-aid,sponsor,SJRES. 34,2025-03-10,A joint resolution providing for congressional disapproval of the proposed foreign military sale to the Government of Israel of certain defense articles and services.
3cc5cece-cec0-4490-8faa-37a6b66231c7,Bernie Sanders,S000033,israel-military-aid,sponsor,SJRES. 70,2025-07-28,A joint resolution providing for congressional disapproval of the proposed export of certain defense articles to Israel.
3cc5cece-cec0-4490-8faa-37a6b66231c7,Bernie Sanders,S000033,minimum-wage,sponsor,S. 1332,2025-04-08,Raise the Wage Act of 2025
3cc5cece-cec0-4490-8faa-37a6b66231c7,Bernie Sanders,S000033,israel-military-aid,sponsor,SJRES. 42,2025-03-27,A joint resolution providing for congressional disapproval of the proposed export of certain defense articles to Israel.
3cc5cece-cec0-4490-8faa-37a6b66231c7,Bernie Sanders,S000033,israel-military-aid,sponsor,SJRES. 40,2025-03-27,A joint resolution providing for congressional disapproval of the proposed export of certain defense articles to Israel.
3cc5cece-cec0-4490-8faa-37a6b66231c7,Bernie Sanders,S000033,israel-military-aid,sponsor,SJRES. 33,2025-03-10,A joint resolution providing for congressional disapproval of the proposed foreign military sale to the Government of Israel of certain defense articles and services.
3cc5cece-cec0-4490-8faa-37a6b66231c7,Bernie Sanders,S000033,israel-military-aid,sponsor,SJRES. 32,2025-03-10,A joint resolution providing for congressional disapproval of the proposed foreign military sale to the Government of Israel of certain defense articles and services.
3cc5cece-cec0-4490-8faa-37a6b66231c7,Bernie Sanders,S000033,israel-military-aid,sponsor,SJRES. 35,2025-03-10,A joint resolution providing for congressional disapproval of the report of enhancement or upgrade of sensitive foreign military related to a sale to the Government of Israel of certain defense articles and services.
3cc5cece-cec0-4490-8faa-37a6b66231c7,Bernie Sanders,S000033,israel-military-aid,sponsor,SJRES. 25,2025-02-25,A joint resolution providing for congressional disapproval of the proposed foreign military sale to Israel of certain defense articles and services.
3cc5cece-cec0-4490-8faa-37a6b66231c7,Bernie Sanders,S000033,israel-military-aid,sponsor,SJRES. 26,2025-02-25,A joint resolution providing for congressional disapproval of the proposed foreign military sale to Israel of certain defense articles and services.
3cc5cece-cec0-4490-8faa-37a6b66231c7,Bernie Sanders,S000033,israel-military-aid,sponsor,SJRES. 27,2025-02-25,A joint resolution providing for congressional disapproval of the proposed foreign military sale to Israel of certain defense articles and services.
3cc5cece-cec0-4490-8faa-37a6b66231c7,Bernie Sanders,S000033,israel-military-aid,sponsor,SJRES. 23,2025-02-20,A joint resolution providing for congressional disapproval of the proposed license amendment for the export to Israel of certain defense articles and services.
3cc5cece-cec0-4490-8faa-37a6b66231c7,Bernie Sanders,S000033,israel-military-aid,sponsor,SJRES. 21,2025-02-20,A joint resolution providing for congressional disapproval of the proposed foreign military sale to Israel of certain defense articles and services.
3cc5cece-cec0-4490-8faa-37a6b66231c7,Bernie Sanders,S000033,israel-military-aid,sponsor,SJRES. 22,2025-02-20,A joint resolution providing for congressional disapproval of the proposed foreign military sale to Israel of certain defense articles and services.
3cc5cece-cec0-4490-8faa-37a6b66231c7,Bernie Sanders,S000033,israel-military-aid,sponsor,SJRES. 20,2025-02-20,A joint resolution providing for congressional disapproval of the proposed foreign military sale to Israel of certain defense articles and services.
3cc5cece-cec0-4490-8faa-37a6b66231c7,Bernie Sanders,S000033,israel-military-aid,sponsor,SJRES. 112,2024-09-25,A joint resolution providing for congressional disapproval of the proposed foreign military sale to the Government of Israel of certain defense articles and services.
3cc5cece-cec0-4490-8faa-37a6b66231c7,Bernie Sanders,S000033,israel-military-aid,sponsor,SJRES. 111,2024-09-25,A joint resolution providing for congressional disapproval of the proposed foreign military sale to the Government of Israel of certain defense articles and services.
3cc5cece-cec0-4490-8faa-37a6b66231c7,Bernie Sanders,S000033,israel-military-aid,sponsor,SJRES. 113,2024-09-25,A joint resolution providing for congressional disapproval of the proposed foreign military sale to the Government of Israel of certain defense articles and services.
3cc5cece-cec0-4490-8faa-37a6b66231c7,Bernie Sanders,S000033,israel-military-aid,sponsor,SJRES. 114,2024-09-25,A joint resolution providing for congressional disapproval of the proposed foreign military sale to the Government of Israel of certain defense articles and services.
3cc5cece-cec0-4490-8faa-37a6b66231c7,Bernie Sanders,S000033,israel-military-aid,sponsor,SJRES. 115,2024-09-25,"A joint resolution providing for congressional disapproval of the proposed license amendment for the export of certain defense articles, defense services, and technical data to Israel."
3cc5cece-cec0-4490-8faa-37a6b66231c7,Bernie Sanders,S000033,israel-military-aid,sponsor,SJRES. 116,2024-09-25,A joint resolution providing for congressional disapproval of the proposed enhancement or upgrade of sensitivity of technology or capability of certain major defense equipment for the Government of Israel.
3cc5cece-cec0-4490-8faa-37a6b66231c7,Bernie Sanders,S000033,minimum-wage,sponsor,S. 2488,2023-07-25,Raise the Wage Act of 2023
3cc5cece-cec0-4490-8faa-37a6b66231c7,Bernie Sanders,S000033,israel-military-aid,sponsor,SRES. 504,2023-12-14,A resolution requesting information on Israel's human rights practices pursuant to section 502B(c) of the Foreign Assistance Act of 1961.
3cc5cece-cec0-4490-8faa-37a6b66231c7,Bernie Sanders,S000033,military-intervention,cosponsor,SJRES. 124,2026-04-27,A joint resolution to direct the removal of United States Armed Forces from hostilities within or against the Republic of Cuba that have not been authorized by Congress.
3cc5cece-cec0-4490-8faa-37a6b66231c7,Bernie Sanders,S000033,military-intervention,cosponsor,SJRES. 104,2026-02-25,A joint resolution to direct the removal of United States Armed Forces from hostilities within or against the Islamic Republic of Iran that have not been authorized by Congress.
3cc5cece-cec0-4490-8faa-37a6b66231c7,Bernie Sanders,S000033,gun-policy,cosponsor,S. 3875,2026-02-12,Responsible Firearms Marketing Act
3cc5cece-cec0-4490-8faa-37a6b66231c7,Bernie Sanders,S000033,border-security,cosponsor,S. 3702,2026-01-27,Dignity for Detained Immigrants Act
3cc5cece-cec0-4490-8faa-37a6b66231c7,Bernie Sanders,S000033,gun-policy,cosponsor,SCONRES. 25,2026-01-08,"A concurrent resolution recognizing the 15th anniversary of the January 8, 2011, Tucson, Arizona, shooting and honoring the survivors and victims, including former Congresswoman Gabby Giffords, a gun violence survivor and one of the most influential voices of courage in the United States in the fight to end gun violence."
3cc5cece-cec0-4490-8faa-37a6b66231c7,Bernie Sanders,S000033,military-intervention,cosponsor,SJRES. 98,2026-01-06,A joint resolution to direct the removal of United States Armed Forces from hostilities within or against Venezuela that have not been authorized by Congress.
3cc5cece-cec0-4490-8faa-37a6b66231c7,Bernie Sanders,S000033,2020-election,cosponsor,SRES. 574,2026-01-06,"A resolution observing the fifth anniversary of the attack on the United States Capitol on January 6, 2021, and recognizing the essential work of United States Capitol personnel, including the United States Capitol Police."
3cc5cece-cec0-4490-8faa-37a6b66231c7,Bernie Sanders,S000033,gun-policy,cosponsor,S. 3458,2025-12-11,Background Check Completion Act of 2025
3cc5cece-cec0-4490-8faa-37a6b66231c7,Bernie Sanders,S000033,gun-policy,cosponsor,S. 3214,2025-11-19,Background Check Expansion Act
3cc5cece-cec0-4490-8faa-37a6b66231c7,Bernie Sanders,S000033,military-intervention,cosponsor,SJRES. 83,2025-10-03,A joint resolution to direct the removal of United States Armed Forces from hostilities that have not been authorized by Congress.
3cc5cece-cec0-4490-8faa-37a6b66231c7,Bernie Sanders,S000033,israel-military-aid,cosponsor,SRES. 410,2025-09-18,"A resolution calling on the President to recognize a demilitarized State of Palestine, as consistent with international law and the principles of a two-state solution, alongside a secure State of Israel."
3cc5cece-cec0-4490-8faa-37a6b66231c7,Bernie Sanders,S000033,gun-policy,cosponsor,S. 2514,2025-07-29,Gun Violence Prevention Research Act of 2025
3cc5cece-cec0-4490-8faa-37a6b66231c7,Bernie Sanders,S000033,gun-policy,cosponsor,S. 2165,2025-06-25,3D Printed Gun Safety Act of 2025
3cc5cece-cec0-4490-8faa-37a6b66231c7,Bernie Sanders,S000033,border-security,cosponsor,S. 2149,2025-06-24,Health Equity and Access under the Law for Immigrant Families Act of 2025
3cc5cece-cec0-4490-8faa-37a6b66231c7,Bernie Sanders,S000033,gun-policy,cosponsor,S. 1955,2025-06-04,Equal Access to Justice for Victims of Gun Violence Act
3cc5cece-cec0-4490-8faa-37a6b66231c7,Bernie Sanders,S000033,gun-policy,cosponsor,S. 1531,2025-04-30,Assault Weapons Ban of 2025
3cc5cece-cec0-4490-8faa-37a6b66231c7,Bernie Sanders,S000033,gun-policy,cosponsor,S. 2048,2023-06-20,Equal Access to Justice for Victims of Gun Violence Act
3cc5cece-cec0-4490-8faa-37a6b66231c7,Bernie Sanders,S000033,gun-policy,cosponsor,S. 1819,2023-06-06,3D Printed Gun Safety Act of 2023
3cc5cece-cec0-4490-8faa-37a6b66231c7,Bernie Sanders,S000033,border-security,cosponsor,S. 1343,2023-04-27,Fair Adjudications for Immigrants Act
3cc5cece-cec0-4490-8faa-37a6b66231c7,Bernie Sanders,S000033,gun-policy,cosponsor,S. 1026,2023-03-29,Gun Violence Prevention Research Act of 2023
3cc5cece-cec0-4490-8faa-37a6b66231c7,Bernie Sanders,S000033,gun-policy,cosponsor,S. 25,2023-01-23,Assault Weapons Ban of 2023
3cc5cece-cec0-4490-8faa-37a6b66231c7,Bernie Sanders,S000033,cannabis-policy,cosponsor,S. 1204,2023-04-19,Veterans Medical Marijuana Safe Harbor Act.
3cc5cece-cec0-4490-8faa-37a6b66231c7,Bernie Sanders,S000033,gun-policy,cosponsor,S. 1116,2023-03-30,Background Check Completion Act of 2023
3cc5cece-cec0-4490-8faa-37a6b66231c7,Bernie Sanders,S000033,israel-military-aid,cosponsor,SRES. 417,2023-10-19,A resolution standing with Israel against terrorism.
3cc5cece-cec0-4490-8faa-37a6b66231c7,Bernie Sanders,S000033,gun-policy,cosponsor,S. 2652,2023-07-27,Ghost Guns and Untraceable Firearms Act of 2023
3cc5cece-cec0-4490-8faa-37a6b66231c7,Bernie Sanders,S000033,border-security,cosponsor,S. 2646,2023-07-27,HEAL for Immigrant Families Act of 2023
3cc5cece-cec0-4490-8faa-37a6b66231c7,Bernie Sanders,S000033,gun-policy,cosponsor,S. 1737,2023-05-18,Responsible Firearms Marketing Act
3cc5cece-cec0-4490-8faa-37a6b66231c7,Bernie Sanders,S000033,border-security,cosponsor,S. 1208,2023-04-19,Dignity for Detained Immigrants Act of 2023
3cc5cece-cec0-4490-8faa-37a6b66231c7,Bernie Sanders,S000033,gun-policy,cosponsor,S. 494,2023-02-16,Background Check Expansion Act
3cc5cece-cec0-4490-8faa-37a6b66231c7,Bernie Sanders,S000033,border-security,cosponsor,S. 292,2023-02-07,Northern Border Regional Commission Reauthorization Act of 2023
eff33c8a-38f6-421f-a8de-24518c52d650,Bill Cassidy,C001075,gun-policy,cosponsor,S. 4671,2026-06-03,Federal Firearms Licensee Protection Act of 2026
eff33c8a-38f6-421f-a8de-24518c52d650,Bill Cassidy,C001075,gun-policy,cosponsor,S. 3916,2026-02-25,Gun Owner Registration Information Protection Act
eff33c8a-38f6-421f-a8de-24518c52d650,Bill Cassidy,C001075,gun-policy,cosponsor,S. 119,2026-02-11,No Retaining Every Gun In a System That Restricts Your Rights Act
eff33c8a-38f6-421f-a8de-24518c52d650,Bill Cassidy,C001075,gun-policy,cosponsor,S. 3085,2025-10-30,Firearm Access During Shutdowns Act of 2025
eff33c8a-38f6-421f-a8de-24518c52d650,Bill Cassidy,C001075,israel-military-aid,cosponsor,SRES. 438,2025-10-07,"A resolution condemning the brutal Hamas-led terrorist attack on the State of Israel on October 7, 2023, and supporting an outcome that ensures the forever survival of Israel, the complete denial of Hamas's ability to reconstitute in the region, and the release of all the remaining hostages from the Gaza Strip, including two United States citizens."
eff33c8a-38f6-421f-a8de-24518c52d650,Bill Cassidy,C001075,gun-policy,cosponsor,SRES. 342,2025-07-29,"A resolution honoring the contributions of small manufacturers of firearms to the economy, culture, and recreational heritage of the United States and recognizing August 2025 as ""National Shooting Sports Month""."
eff33c8a-38f6-421f-a8de-24518c52d650,Bill Cassidy,C001075,border-security,cosponsor,S. 1871,2025-05-22,Emerging Innovative Border Technologies Act
eff33c8a-38f6-421f-a8de-24518c52d650,Bill Cassidy,C001075,israel-military-aid,cosponsor,SRES. 227,2025-05-14,"A resolution condemning Hamas for its premeditated, coordinated, and brutal terrorist attacks on October 7, 2023, against Israel and demanding that Hamas immediately release all remaining hostages and return them to safety, and for other purposes."
eff33c8a-38f6-421f-a8de-24518c52d650,Bill Cassidy,C001075,gun-policy,cosponsor,S. 1169,2025-03-27,Freedom from Unfair Gun Taxes Act
eff33c8a-38f6-421f-a8de-24518c52d650,Bill Cassidy,C001075,border-security,cosponsor,S. 481,2025-02-06,Securing our Border Act
eff33c8a-38f6-421f-a8de-24518c52d650,Bill Cassidy,C001075,gun-policy,cosponsor,S. 89,2025-01-14,Sporting Firearms Access Act of 2025
eff33c8a-38f6-421f-a8de-24518c52d650,Bill Cassidy,C001075,gun-policy,cosponsor,S. 65,2025-01-09,Constitutional Concealed Carry Reciprocity Act of 2025
eff33c8a-38f6-421f-a8de-24518c52d650,Bill Cassidy,C001075,israel-military-aid,cosponsor,S. 5303,2024-11-13,Stand with Israel Act
eff33c8a-38f6-421f-a8de-24518c52d650,Bill Cassidy,C001075,gun-policy,cosponsor,S. 5224,2024-09-25,Modern Firearm Safety Act
eff33c8a-38f6-421f-a8de-24518c52d650,Bill Cassidy,C001075,israel-military-aid,cosponsor,SRES. 890,2024-09-25,"A resolution condemning the brutal Hamas-led terrorist attack on Israel on October 7, 2023, and supporting an outcome that ensures the forever survival of Israel, the complete denial of the ability of Hamas to reconstitute in the region, and the safe release of United States hostages from the Gaza Strip."
eff33c8a-38f6-421f-a8de-24518c52d650,Bill Cassidy,C001075,gun-policy,cosponsor,S. 4960,2024-08-01,Freedom from Unfair Gun Taxes Act
eff33c8a-38f6-421f-a8de-24518c52d650,Bill Cassidy,C001075,israel-military-aid,cosponsor,SRES. 445,2023-11-02,A resolution recognizing the importance of the economic relationship between the United States and Israel and affirming that trade facilitated by the United States-Israel Free Trade Agreement is a tool to support the economy of Israel during the conflict with Hamas.
eff33c8a-38f6-421f-a8de-24518c52d650,Bill Cassidy,C001075,gun-policy,cosponsor,S. 4652,2024-07-10,Firearms Interstate Commerce Reform Act
eff33c8a-38f6-421f-a8de-24518c52d650,Bill Cassidy,C001075,gun-policy,cosponsor,SJRES. 93,2024-06-05,"A joint resolution providing for congressional disapproval under chapter 8 of title 5, United States Code, of the rule submitted by the Department of Commerce relating to ""Revision of Firearms License Requirements""."
eff33c8a-38f6-421f-a8de-24518c52d650,Bill Cassidy,C001075,gun-policy,cosponsor,SJRES. 83,2024-05-15,"A joint resolution providing for congressional disapproval under chapter 8 of title 5, United States Code, of the rule submitted by the Bureau of Alcohol, Tobacco, Firearms, and Explosives relating to ""Definition of 'Engaged in the Business' as a Dealer in Firearms""."
eff33c8a-38f6-421f-a8de-24518c52d650,Bill Cassidy,C001075,israel-military-aid,cosponsor,SRES. 682,2024-05-09,A resolution condemning the decision by the Biden Administration to halt the shipment of United States made ammunition and weapons to the State of Israel.
eff33c8a-38f6-421f-a8de-24518c52d650,Bill Cassidy,C001075,border-security,cosponsor,S. 3013,2023-10-04,A bill to permanently authorize the exemption of aliens working as fish processors from the numerical limitation on H-2B nonimmigrant visas.
eff33c8a-38f6-421f-a8de-24518c52d650,Bill Cassidy,C001075,border-security,cosponsor,S. 3187,2023-11-01,Southern Border Transparency Act of 2023
eff33c8a-38f6-421f-a8de-24518c52d650,Bill Cassidy,C001075,border-security,cosponsor,S. 348,2023-02-09,Asylum Abuse Reduction Act
eff33c8a-38f6-421f-a8de-24518c52d650,Bill Cassidy,C001075,border-security,cosponsor,S. 276,2023-02-07,Upholding the Law at Our Border Act
eff33c8a-38f6-421f-a8de-24518c52d650,Bill Cassidy,C001075,israel-military-aid,cosponsor,SRES. 408,2023-10-17,"A resolution condemning Hamas for its premeditated, coordinated, and brutal terrorist attacks on Israel and demanding that Hamas immediately release all hostages and return them to safety, and for other purposes."
eff33c8a-38f6-421f-a8de-24518c52d650,Bill Cassidy,C001075,israel-military-aid,cosponsor,SCONRES. 14,2023-07-18,A concurrent resolution expressing the sense of Congress supporting the State of Israel.
eff33c8a-38f6-421f-a8de-24518c52d650,Bill Cassidy,C001075,israel-military-aid,cosponsor,SRES. 188,2023-06-06,"A resolution celebrating the 75th anniversary of the founding of the State of Israel, and for other purposes."
eff33c8a-38f6-421f-a8de-24518c52d650,Bill Cassidy,C001075,gun-policy,cosponsor,S. 1680,2023-05-18,Gun Owner Registration Information Protection Act
eff33c8a-38f6-421f-a8de-24518c52d650,Bill Cassidy,C001075,border-security,cosponsor,SJRES. 25,2023-04-25,"A joint resolution providing for congressional disapproval under chapter 8 of title 5, United States Code, of the rule submitted by the Department of Labor relating to ""Adverse Effect Wage Rate Methodology for the Temporary Employment of H-2A Nonimmigrants in Non-Range Occupations in the United States""."
eff33c8a-38f6-421f-a8de-24518c52d650,Bill Cassidy,C001075,gun-policy,cosponsor,S. 3812,2024-02-27,FIREARM Act
eff33c8a-38f6-421f-a8de-24518c52d650,Bill Cassidy,C001075,border-security,cosponsor,SRES. 45,2023-02-09,A resolution expressing the sense of the Senate that the current influx of migrants is causing a crisis at the southern border.
eff33c8a-38f6-421f-a8de-24518c52d650,Bill Cassidy,C001075,border-security,cosponsor,S. 1312,2023-04-26,Securing our Border Act
eff33c8a-38f6-421f-a8de-24518c52d650,Bill Cassidy,C001075,gun-policy,cosponsor,SJRES. 20,2023-03-15,"A joint resolution providing for congressional disapproval under chapter 8 of title 5, United States Code, of the rule submitted by the Department of Justice and the Bureau of Alcohol, Tobacco, Firearms and Explosives relating to ""Factoring Criteria for Firearms With Attached 'Stabilizing Braces'""."
eff33c8a-38f6-421f-a8de-24518c52d650,Bill Cassidy,C001075,border-security,cosponsor,S. 3384,2023-11-30,Combating Cross-border Financial Crime Act of 2023
eff33c8a-38f6-421f-a8de-24518c52d650,Bill Cassidy,C001075,israel-military-aid,cosponsor,SRES. 417,2023-10-19,A resolution standing with Israel against terrorism.
eff33c8a-38f6-421f-a8de-24518c52d650,Bill Cassidy,C001075,gun-policy,cosponsor,S. 1907,2023-06-08,Federal Firearms Licensee Protection Act of 2023
eff33c8a-38f6-421f-a8de-24518c52d650,Bill Cassidy,C001075,border-security,cosponsor,SRES. 166,2023-05-09,A resolution honoring the efforts of the Coast Guard for excellence in maritime border security.
eff33c8a-38f6-421f-a8de-24518c52d650,Bill Cassidy,C001075,gun-policy,cosponsor,S. 214,2023-02-01,Constitutional Concealed Carry Reciprocity Act of 2023
0dd5daa6-87cf-43a7-a1ee-25349ae35e27,Bill Hagerty,H000601,border-security,sponsor,S. 5542,2024-12-16,A bill to prohibit the use of Federal funds to remove the border wall or to dispose of materials previously acquired by the Federal Government to construct the border wall.
0dd5daa6-87cf-43a7-a1ee-25349ae35e27,Bill Hagerty,H000601,gun-policy,sponsor,SJRES. 93,2024-06-05,"A joint resolution providing for congressional disapproval under chapter 8 of title 5, United States Code, of the rule submitted by the Department of Commerce relating to ""Revision of Firearms License Requirements""."
0dd5daa6-87cf-43a7-a1ee-25349ae35e27,Bill Hagerty,H000601,border-security,sponsor,S. 1192,2023-04-19,Stop Fentanyl Border Crossings Act
0dd5daa6-87cf-43a7-a1ee-25349ae35e27,Bill Hagerty,H000601,cannabis-policy,cosponsor,S. 4345,2026-06-09,Marijuana Impact on Medicaid Act of 2026
0dd5daa6-87cf-43a7-a1ee-25349ae35e27,Bill Hagerty,H000601,gun-policy,cosponsor,S. 4671,2026-06-03,Federal Firearms Licensee Protection Act of 2026
0dd5daa6-87cf-43a7-a1ee-25349ae35e27,Bill Hagerty,H000601,gun-policy,cosponsor,S. 3916,2026-02-25,Gun Owner Registration Information Protection Act
0dd5daa6-87cf-43a7-a1ee-25349ae35e27,Bill Hagerty,H000601,israel-military-aid,cosponsor,SRES. 438,2025-10-07,"A resolution condemning the brutal Hamas-led terrorist attack on the State of Israel on October 7, 2023, and supporting an outcome that ensures the forever survival of Israel, the complete denial of Hamas's ability to reconstitute in the region, and the release of all the remaining hostages from the Gaza Strip, including two United States citizens."
0dd5daa6-87cf-43a7-a1ee-25349ae35e27,Bill Hagerty,H000601,gun-policy,cosponsor,SRES. 342,2025-07-29,"A resolution honoring the contributions of small manufacturers of firearms to the economy, culture, and recreational heritage of the United States and recognizing August 2025 as ""National Shooting Sports Month""."
0dd5daa6-87cf-43a7-a1ee-25349ae35e27,Bill Hagerty,H000601,israel-military-aid,cosponsor,S. 1521,2025-04-30,Stand with Israel Act
0dd5daa6-87cf-43a7-a1ee-25349ae35e27,Bill Hagerty,H000601,gun-policy,cosponsor,S. 65,2025-01-09,Constitutional Concealed Carry Reciprocity Act of 2025
0dd5daa6-87cf-43a7-a1ee-25349ae35e27,Bill Hagerty,H000601,israel-military-aid,cosponsor,SRES. 890,2024-09-25,"A resolution condemning the brutal Hamas-led terrorist attack on Israel on October 7, 2023, and supporting an outcome that ensures the forever survival of Israel, the complete denial of the ability of Hamas to reconstitute in the region, and the safe release of United States hostages from the Gaza Strip."
0dd5daa6-87cf-43a7-a1ee-25349ae35e27,Bill Hagerty,H000601,gun-policy,cosponsor,SJRES. 83,2024-05-16,"A joint resolution providing for congressional disapproval under chapter 8 of title 5, United States Code, of the rule submitted by the Bureau of Alcohol, Tobacco, Firearms, and Explosives relating to ""Definition of 'Engaged in the Business' as a Dealer in Firearms""."
0dd5daa6-87cf-43a7-a1ee-25349ae35e27,Bill Hagerty,H000601,israel-military-aid,cosponsor,SRES. 682,2024-05-09,A resolution condemning the decision by the Biden Administration to halt the shipment of United States made ammunition and weapons to the State of Israel.
0dd5daa6-87cf-43a7-a1ee-25349ae35e27,Bill Hagerty,H000601,gun-policy,cosponsor,S. 3531,2024-04-30,Protect American Gun Exporters Act
0dd5daa6-87cf-43a7-a1ee-25349ae35e27,Bill Hagerty,H000601,israel-military-aid,cosponsor,SRES. 617,2024-03-22,A resolution expressing the sense of the Senate that Israel has the inherent right to defend itself and take necessary steps to eradicate the terrorist threat posed by Hamas.
0dd5daa6-87cf-43a7-a1ee-25349ae35e27,Bill Hagerty,H000601,border-security,cosponsor,S. 3187,2023-11-01,Southern Border Transparency Act of 2023
0dd5daa6-87cf-43a7-a1ee-25349ae35e27,Bill Hagerty,H000601,israel-military-aid,cosponsor,SRES. 408,2023-10-24,"A resolution condemning Hamas for its premeditated, coordinated, and brutal terrorist attacks on Israel and demanding that Hamas immediately release all hostages and return them to safety, and for other purposes."
0dd5daa6-87cf-43a7-a1ee-25349ae35e27,Bill Hagerty,H000601,border-security,cosponsor,S. 2905,2023-09-21,No Asylum for CCP Spies Act
0dd5daa6-87cf-43a7-a1ee-25349ae35e27,Bill Hagerty,H000601,border-security,cosponsor,S. 2824,2023-09-14,Secure the Border Act of 2023
0dd5daa6-87cf-43a7-a1ee-25349ae35e27,Bill Hagerty,H000601,israel-military-aid,cosponsor,SCONRES. 14,2023-07-18,A concurrent resolution expressing the sense of Congress supporting the State of Israel.
0dd5daa6-87cf-43a7-a1ee-25349ae35e27,Bill Hagerty,H000601,gun-policy,cosponsor,S. 1680,2023-05-18,Gun Owner Registration Information Protection Act
0dd5daa6-87cf-43a7-a1ee-25349ae35e27,Bill Hagerty,H000601,border-security,cosponsor,SJRES. 25,2023-04-25,"A joint resolution providing for congressional disapproval under chapter 8 of title 5, United States Code, of the rule submitted by the Department of Labor relating to ""Adverse Effect Wage Rate Methodology for the Temporary Employment of H-2A Nonimmigrants in Non-Range Occupations in the United States""."
0dd5daa6-87cf-43a7-a1ee-25349ae35e27,Bill Hagerty,H000601,israel-military-aid,cosponsor,SRES. 188,2023-05-02,"A resolution celebrating the 75th anniversary of the founding of the State of Israel, and for other purposes."
0dd5daa6-87cf-43a7-a1ee-25349ae35e27,Bill Hagerty,H000601,gun-policy,cosponsor,SJRES. 20,2023-03-15,"A joint resolution providing for congressional disapproval under chapter 8 of title 5, United States Code, of the rule submitted by the Department of Justice and the Bureau of Alcohol, Tobacco, Firearms and Explosives relating to ""Factoring Criteria for Firearms With Attached 'Stabilizing Braces'""."
0dd5daa6-87cf-43a7-a1ee-25349ae35e27,Bill Hagerty,H000601,israel-military-aid,cosponsor,SRES. 417,2023-10-19,A resolution standing with Israel against terrorism.
0dd5daa6-87cf-43a7-a1ee-25349ae35e27,Bill Hagerty,H000601,gun-policy,cosponsor,S. 1907,2023-06-08,Federal Firearms Licensee Protection Act of 2023
0dd5daa6-87cf-43a7-a1ee-25349ae35e27,Bill Hagerty,H000601,border-security,cosponsor,S. 716,2023-03-08,Solving the Border Crisis Act
0dd5daa6-87cf-43a7-a1ee-25349ae35e27,Bill Hagerty,H000601,gun-policy,cosponsor,S. 214,2023-02-01,Constitutional Concealed Carry Reciprocity Act of 2023
100de02f-b44d-4587-9b90-19aa5081708c,Brian Schatz,S001194,gun-policy,sponsor,S. 4926,2026-06-24,State Firearms Dealer Licensing Enhancement Act
100de02f-b44d-4587-9b90-19aa5081708c,Brian Schatz,S001194,2020-election,sponsor,SJRES. 121,2024-12-12,A joint resolution proposing an amendment to the Constitution of the United States to abolish the electoral college and to provide for the direct election of the President and Vice President of the United States.
100de02f-b44d-4587-9b90-19aa5081708c,Brian Schatz,S001194,gun-policy,sponsor,S. 867,2023-03-16,State Firearms Dealer Licensing Enhancement Act
100de02f-b44d-4587-9b90-19aa5081708c,Brian Schatz,S001194,cannabis-policy,sponsor,S. 1204,2023-04-19,Veterans Medical Marijuana Safe Harbor Act.
100de02f-b44d-4587-9b90-19aa5081708c,Brian Schatz,S001194,military-intervention,cosponsor,SJRES. 104,2026-02-25,A joint resolution to direct the removal of United States Armed Forces from hostilities within or against the Islamic Republic of Iran that have not been authorized by Congress.
100de02f-b44d-4587-9b90-19aa5081708c,Brian Schatz,S001194,gun-policy,cosponsor,SCONRES. 25,2026-01-08,"A concurrent resolution recognizing the 15th anniversary of the January 8, 2011, Tucson, Arizona, shooting and honoring the survivors and victims, including former Congresswoman Gabby Giffords, a gun violence survivor and one of the most influential voices of courage in the United States in the fight to end gun violence."
100de02f-b44d-4587-9b90-19aa5081708c,Brian Schatz,S001194,military-intervention,cosponsor,SJRES. 98,2026-01-06,A joint resolution to direct the removal of United States Armed Forces from hostilities within or against Venezuela that have not been authorized by Congress.
100de02f-b44d-4587-9b90-19aa5081708c,Brian Schatz,S001194,2020-election,cosponsor,SRES. 574,2026-01-06,"A resolution observing the fifth anniversary of the attack on the United States Capitol on January 6, 2021, and recognizing the essential work of United States Capitol personnel, including the United States Capitol Police."
100de02f-b44d-4587-9b90-19aa5081708c,Brian Schatz,S001194,gun-policy,cosponsor,S. 3544,2025-12-17,Federal Firearm Licensing Act
100de02f-b44d-4587-9b90-19aa5081708c,Brian Schatz,S001194,gun-policy,cosponsor,S. 3214,2025-11-19,Background Check Expansion Act
100de02f-b44d-4587-9b90-19aa5081708c,Brian Schatz,S001194,military-intervention,cosponsor,SJRES. 90,2025-11-05,A joint resolution to direct the removal of United States Armed Forces from hostilities within or against Venezuela that have not been authorized by Congress.
100de02f-b44d-4587-9b90-19aa5081708c,Brian Schatz,S001194,gun-policy,cosponsor,S. 2165,2025-07-30,3D Printed Gun Safety Act of 2025
100de02f-b44d-4587-9b90-19aa5081708c,Brian Schatz,S001194,gun-policy,cosponsor,S. 2514,2025-07-29,Gun Violence Prevention Research Act of 2025
100de02f-b44d-4587-9b90-19aa5081708c,Brian Schatz,S001194,gun-policy,cosponsor,S. 1531,2025-07-23,Assault Weapons Ban of 2025
100de02f-b44d-4587-9b90-19aa5081708c,Brian Schatz,S001194,gun-policy,cosponsor,S. 1294,2025-07-22,Federal Firearm Licensee Act
100de02f-b44d-4587-9b90-19aa5081708c,Brian Schatz,S001194,border-security,cosponsor,S. 1965,2025-06-05,Protect Vulnerable Immigrant Youth Act
100de02f-b44d-4587-9b90-19aa5081708c,Brian Schatz,S001194,minimum-wage,cosponsor,S. 1332,2025-04-08,Raise the Wage Act of 2025
100de02f-b44d-4587-9b90-19aa5081708c,Brian Schatz,S001194,gun-policy,cosponsor,S. 595,2025-02-13,Office of Gun Violence Prevention Act of 2025
100de02f-b44d-4587-9b90-19aa5081708c,Brian Schatz,S001194,gun-policy,cosponsor,S. 468,2025-02-06,SECURE Firearm Storage Act
100de02f-b44d-4587-9b90-19aa5081708c,Brian Schatz,S001194,israel-military-aid,cosponsor,SJRES. 111,2024-09-25,A joint resolution providing for congressional disapproval of the proposed foreign military sale to the Government of Israel of certain defense articles and services.
100de02f-b44d-4587-9b90-19aa5081708c,Brian Schatz,S001194,gun-policy,cosponsor,S. 3212,2023-11-02,Federal Firearm Licensing Act
100de02f-b44d-4587-9b90-19aa5081708c,Brian Schatz,S001194,gun-policy,cosponsor,S. 4706,2024-07-11,Federal Firearm Licensee Act
100de02f-b44d-4587-9b90-19aa5081708c,Brian Schatz,S001194,border-security,cosponsor,S. 1885,2024-05-23,Protect Vulnerable Immigrant Youth Act
100de02f-b44d-4587-9b90-19aa5081708c,Brian Schatz,S001194,minimum-wage,cosponsor,S. 2488,2023-07-25,Raise the Wage Act of 2023
100de02f-b44d-4587-9b90-19aa5081708c,Brian Schatz,S001194,gun-policy,cosponsor,S. 1819,2023-06-06,3D Printed Gun Safety Act of 2023
100de02f-b44d-4587-9b90-19aa5081708c,Brian Schatz,S001194,israel-military-aid,cosponsor,SRES. 188,2023-05-02,"A resolution celebrating the 75th anniversary of the founding of the State of Israel, and for other purposes."
100de02f-b44d-4587-9b90-19aa5081708c,Brian Schatz,S001194,gun-policy,cosponsor,S. 1026,2023-03-29,Gun Violence Prevention Research Act of 2023
100de02f-b44d-4587-9b90-19aa5081708c,Brian Schatz,S001194,gun-policy,cosponsor,S. 25,2023-01-23,Assault Weapons Ban of 2023
100de02f-b44d-4587-9b90-19aa5081708c,Brian Schatz,S001194,israel-military-aid,cosponsor,SRES. 417,2023-10-19,A resolution standing with Israel against terrorism.
100de02f-b44d-4587-9b90-19aa5081708c,Brian Schatz,S001194,gun-policy,cosponsor,S. 494,2023-02-16,Background Check Expansion Act
91f87a53-13bc-4d35-b3c8-49227ae80faa,Catherine Cortez Masto,C001113,border-security,sponsor,S. 5138,2026-07-27,Fairness for Immigrant Families Act of 2026
91f87a53-13bc-4d35-b3c8-49227ae80faa,Catherine Cortez Masto,C001113,border-security,sponsor,S. 1965,2025-06-05,Protect Vulnerable Immigrant Youth Act
91f87a53-13bc-4d35-b3c8-49227ae80faa,Catherine Cortez Masto,C001113,border-security,sponsor,S. 1871,2025-05-22,Emerging Innovative Border Technologies Act
91f87a53-13bc-4d35-b3c8-49227ae80faa,Catherine Cortez Masto,C001113,border-security,sponsor,S. 41,2025-01-09,Advanced Border Coordination Act of 2025
91f87a53-13bc-4d35-b3c8-49227ae80faa,Catherine Cortez Masto,C001113,border-security,sponsor,S. 5407,2024-12-02,Emerging Innovative Border Technologies Act
91f87a53-13bc-4d35-b3c8-49227ae80faa,Catherine Cortez Masto,C001113,border-security,sponsor,S. 1885,2023-06-08,Protect Vulnerable Immigrant Youth Act
91f87a53-13bc-4d35-b3c8-49227ae80faa,Catherine Cortez Masto,C001113,border-security,sponsor,S. 819,2023-03-15,Fairness for Immigrant Families Act
91f87a53-13bc-4d35-b3c8-49227ae80faa,Catherine Cortez Masto,C001113,border-security,sponsor,S. 3104,2023-10-24,Advanced Border Coordination Act of 2023
91f87a53-13bc-4d35-b3c8-49227ae80faa,Catherine Cortez Masto,C001113,gun-policy,cosponsor,SCONRES. 25,2026-01-08,"A concurrent resolution recognizing the 15th anniversary of the January 8, 2011, Tucson, Arizona, shooting and honoring the survivors and victims, including former Congresswoman Gabby Giffords, a gun violence survivor and one of the most influential voices of courage in the United States in the fight to end gun violence."
91f87a53-13bc-4d35-b3c8-49227ae80faa,Catherine Cortez Masto,C001113,military-intervention,cosponsor,SJRES. 98,2026-01-07,A joint resolution to direct the removal of United States Armed Forces from hostilities within or against Venezuela that have not been authorized by Congress.
91f87a53-13bc-4d35-b3c8-49227ae80faa,Catherine Cortez Masto,C001113,2020-election,cosponsor,SRES. 574,2026-01-06,"A resolution observing the fifth anniversary of the attack on the United States Capitol on January 6, 2021, and recognizing the essential work of United States Capitol personnel, including the United States Capitol Police."
91f87a53-13bc-4d35-b3c8-49227ae80faa,Catherine Cortez Masto,C001113,2020-election,cosponsor,S. 3582,2026-01-06,No Rewards for January 6 Rioters Act
91f87a53-13bc-4d35-b3c8-49227ae80faa,Catherine Cortez Masto,C001113,2020-election,cosponsor,S. 3581,2026-01-06,No Settlements for January 6 Law Enforcement Assaulters Act
91f87a53-13bc-4d35-b3c8-49227ae80faa,Catherine Cortez Masto,C001113,gun-policy,cosponsor,S. 3214,2025-11-19,Background Check Expansion Act
91f87a53-13bc-4d35-b3c8-49227ae80faa,Catherine Cortez Masto,C001113,israel-military-aid,cosponsor,S. 554,2025-05-05,United States-Israel Defense Partnership Act of 2025
91f87a53-13bc-4d35-b3c8-49227ae80faa,Catherine Cortez Masto,C001113,israel-military-aid,cosponsor,SRES. 445,2023-11-02,A resolution recognizing the importance of the economic relationship between the United States and Israel and affirming that trade facilitated by the United States-Israel Free Trade Agreement is a tool to support the economy of Israel during the conflict with Hamas.
91f87a53-13bc-4d35-b3c8-49227ae80faa,Catherine Cortez Masto,C001113,border-security,cosponsor,SRES. 705,2024-05-23,"A resolution recognizing May 28, 2024, as the 100th anniversary of the U.S. Border Patrol and commending the service of the U.S. Border Patrol to the United States people."
91f87a53-13bc-4d35-b3c8-49227ae80faa,Catherine Cortez Masto,C001113,border-security,cosponsor,S. 3591,2024-01-16,Stop Fentanyl at the Border Act
91f87a53-13bc-4d35-b3c8-49227ae80faa,Catherine Cortez Masto,C001113,israel-military-aid,cosponsor,SRES. 505,2023-12-14,A resolution condemning the use of sexual violence and rape as a weapon of war by the terrorist group Hamas against the people of Israel.
91f87a53-13bc-4d35-b3c8-49227ae80faa,Catherine Cortez Masto,C001113,border-security,cosponsor,SRES. 243,2023-06-08,"A resolution recognizing the month of June 2023 as ""Immigrant Heritage Month"", a celebration of the accomplishments and contributions of immigrants and their children in making the United States a healthier, safer, more diverse, prosperous country, and acknowledging the importance of immigrants and their children to the future successes of the United States."
91f87a53-13bc-4d35-b3c8-49227ae80faa,Catherine Cortez Masto,C001113,border-security,cosponsor,S. 1600,2023-05-15,"Border Management, Security, and Assistance Act of 2023"
91f87a53-13bc-4d35-b3c8-49227ae80faa,Catherine Cortez Masto,C001113,israel-military-aid,cosponsor,SRES. 188,2023-05-09,"A resolution celebrating the 75th anniversary of the founding of the State of Israel, and for other purposes."
91f87a53-13bc-4d35-b3c8-49227ae80faa,Catherine Cortez Masto,C001113,gun-policy,cosponsor,S. 1026,2023-03-29,Gun Violence Prevention Research Act of 2023
91f87a53-13bc-4d35-b3c8-49227ae80faa,Catherine Cortez Masto,C001113,israel-military-aid,cosponsor,SRES. 417,2023-10-19,A resolution standing with Israel against terrorism.
91f87a53-13bc-4d35-b3c8-49227ae80faa,Catherine Cortez Masto,C001113,gun-policy,cosponsor,S. 1893,2023-06-08,Resources for Victims of Gun Violence Act of 2023
91f87a53-13bc-4d35-b3c8-49227ae80faa,Catherine Cortez Masto,C001113,gun-policy,cosponsor,S. 25,2023-05-01,Assault Weapons Ban of 2023
91f87a53-13bc-4d35-b3c8-49227ae80faa,Catherine Cortez Masto,C001113,gun-policy,cosponsor,S. 494,2023-02-16,Background Check Expansion Act
eaab08fa-c93d-44de-ad8e-06275658dddc,Chris Coons,C001088,military-intervention,sponsor,SJRES. 191,2026-04-30,A joint resolution to direct removal of United States Armed Forces from hostilities within or against the Islamic Republic of Iran that have not been authorized by Congress.
eaab08fa-c93d-44de-ad8e-06275658dddc,Chris Coons,C001088,israel-military-aid,sponsor,S. 2240,2023-07-11,United States-Israel International Development Cooperation Act of 2023
eaab08fa-c93d-44de-ad8e-06275658dddc,Chris Coons,C001088,military-intervention,cosponsor,SJRES. 211,2026-08-06,A joint resolution to direct the removal of United States Armed Forces from hostilities within or against the Islamic Republic of Iran that have not been authorized by Congress.
eaab08fa-c93d-44de-ad8e-06275658dddc,Chris Coons,C001088,gun-policy,cosponsor,S. 1294,2026-06-17,Federal Firearm Licensee Act
eaab08fa-c93d-44de-ad8e-06275658dddc,Chris Coons,C001088,military-intervention,cosponsor,SJRES. 163,2026-05-12,A joint resolution to direct the removal of United States Armed Forces from hostilities within or against the Islamic Republic of Iran that have not been authorized by Congress.
eaab08fa-c93d-44de-ad8e-06275658dddc,Chris Coons,C001088,minimum-wage,cosponsor,S. 1332,2026-03-05,Raise the Wage Act of 2025
eaab08fa-c93d-44de-ad8e-06275658dddc,Chris Coons,C001088,military-intervention,cosponsor,SJRES. 104,2026-03-02,A joint resolution to direct the removal of United States Armed Forces from hostilities within or against the Islamic Republic of Iran that have not been authorized by Congress.
eaab08fa-c93d-44de-ad8e-06275658dddc,Chris Coons,C001088,military-intervention,cosponsor,SJRES. 98,2026-01-08,A joint resolution to direct the removal of United States Armed Forces from hostilities within or against Venezuela that have not been authorized by Congress.
eaab08fa-c93d-44de-ad8e-06275658dddc,Chris Coons,C001088,gun-policy,cosponsor,SCONRES. 25,2026-01-08,"A concurrent resolution recognizing the 15th anniversary of the January 8, 2011, Tucson, Arizona, shooting and honoring the survivors and victims, including former Congresswoman Gabby Giffords, a gun violence survivor and one of the most influential voices of courage in the United States in the fight to end gun violence."
eaab08fa-c93d-44de-ad8e-06275658dddc,Chris Coons,C001088,2020-election,cosponsor,SRES. 574,2026-01-06,"A resolution observing the fifth anniversary of the attack on the United States Capitol on January 6, 2021, and recognizing the essential work of United States Capitol personnel, including the United States Capitol Police."
eaab08fa-c93d-44de-ad8e-06275658dddc,Chris Coons,C001088,2020-election,cosponsor,S. 3582,2026-01-06,No Rewards for January 6 Rioters Act
eaab08fa-c93d-44de-ad8e-06275658dddc,Chris Coons,C001088,2020-election,cosponsor,S. 3581,2026-01-06,No Settlements for January 6 Law Enforcement Assaulters Act
eaab08fa-c93d-44de-ad8e-06275658dddc,Chris Coons,C001088,gun-policy,cosponsor,S. 3458,2025-12-11,Background Check Completion Act of 2025
eaab08fa-c93d-44de-ad8e-06275658dddc,Chris Coons,C001088,gun-policy,cosponsor,S. 3214,2025-11-19,Background Check Expansion Act
eaab08fa-c93d-44de-ad8e-06275658dddc,Chris Coons,C001088,military-intervention,cosponsor,SJRES. 90,2025-11-05,A joint resolution to direct the removal of United States Armed Forces from hostilities within or against Venezuela that have not been authorized by Congress.
eaab08fa-c93d-44de-ad8e-06275658dddc,Chris Coons,C001088,gun-policy,cosponsor,S. 2514,2025-07-29,Gun Violence Prevention Research Act of 2025
eaab08fa-c93d-44de-ad8e-06275658dddc,Chris Coons,C001088,gun-policy,cosponsor,S. 2165,2025-06-25,3D Printed Gun Safety Act of 2025
eaab08fa-c93d-44de-ad8e-06275658dddc,Chris Coons,C001088,gun-policy,cosponsor,S. 1955,2025-06-04,Equal Access to Justice for Victims of Gun Violence Act
eaab08fa-c93d-44de-ad8e-06275658dddc,Chris Coons,C001088,israel-military-aid,cosponsor,SRES. 227,2025-05-14,"A resolution condemning Hamas for its premeditated, coordinated, and brutal terrorist attacks on October 7, 2023, against Israel and demanding that Hamas immediately release all remaining hostages and return them to safety, and for other purposes."
eaab08fa-c93d-44de-ad8e-06275658dddc,Chris Coons,C001088,gun-policy,cosponsor,S. 1531,2025-04-30,Assault Weapons Ban of 2025
eaab08fa-c93d-44de-ad8e-06275658dddc,Chris Coons,C001088,border-security,cosponsor,S. 482,2025-02-06,A bill to include Czechia in the list of foreign states whose nationals are eligible for admission into the United States as E-1 nonimmigrants if United States nationals are treated similarly by the Government of Czechia.
eaab08fa-c93d-44de-ad8e-06275658dddc,Chris Coons,C001088,israel-military-aid,cosponsor,SRES. 505,2024-04-09,A resolution condemning the use of sexual violence and rape as a weapon of war by the terrorist group Hamas against the people of Israel.
eaab08fa-c93d-44de-ad8e-06275658dddc,Chris Coons,C001088,gun-policy,cosponsor,S. 2048,2023-06-20,Equal Access to Justice for Victims of Gun Violence Act
eaab08fa-c93d-44de-ad8e-06275658dddc,Chris Coons,C001088,gun-policy,cosponsor,S. 1819,2023-06-06,3D Printed Gun Safety Act of 2023
eaab08fa-c93d-44de-ad8e-06275658dddc,Chris Coons,C001088,israel-military-aid,cosponsor,SRES. 408,2023-11-06,"A resolution condemning Hamas for its premeditated, coordinated, and brutal terrorist attacks on Israel and demanding that Hamas immediately release all hostages and return them to safety, and for other purposes."
eaab08fa-c93d-44de-ad8e-06275658dddc,Chris Coons,C001088,israel-military-aid,cosponsor,SRES. 188,2023-05-02,"A resolution celebrating the 75th anniversary of the founding of the State of Israel, and for other purposes."
eaab08fa-c93d-44de-ad8e-06275658dddc,Chris Coons,C001088,gun-policy,cosponsor,S. 1026,2023-03-29,Gun Violence Prevention Research Act of 2023
eaab08fa-c93d-44de-ad8e-06275658dddc,Chris Coons,C001088,gun-policy,cosponsor,S. 25,2023-01-23,Assault Weapons Ban of 2023
eaab08fa-c93d-44de-ad8e-06275658dddc,Chris Coons,C001088,gun-policy,cosponsor,S. 1116,2023-03-30,Background Check Completion Act of 2023
eaab08fa-c93d-44de-ad8e-06275658dddc,Chris Coons,C001088,israel-military-aid,cosponsor,SRES. 417,2023-10-19,A resolution standing with Israel against terrorism.
eaab08fa-c93d-44de-ad8e-06275658dddc,Chris Coons,C001088,gun-policy,cosponsor,S. 494,2023-02-16,Background Check Expansion Act
61a601c2-7faa-4889-abf2-bbb0066ce448,Chris Van Hollen,V000128,military-intervention,sponsor,SJRES. 180,2026-04-13,A joint resolution to direct the removal of United States Armed Forces from hostilities within or against the Islamic Republic of Iran that have not been authorized by Congress.
61a601c2-7faa-4889-abf2-bbb0066ce448,Chris Van Hollen,V000128,military-intervention,cosponsor,SJRES. 211,2026-08-06,A joint resolution to direct the removal of United States Armed Forces from hostilities within or against the Islamic Republic of Iran that have not been authorized by Congress.
61a601c2-7faa-4889-abf2-bbb0066ce448,Chris Van Hollen,V000128,defense-spending,cosponsor,S. 5189,2026-07-30,"A bill to amend title 10, United States Code, and the National Defense Authorization Act for Fiscal Year 1994, to codify and clarify gender neutral standards for members of certain Armed Forces, and for other purposes."
61a601c2-7faa-4889-abf2-bbb0066ce448,Chris Van Hollen,V000128,military-intervention,cosponsor,SJRES. 200,2026-07-13,A joint resolution to direct the removal of United States Armed Forces from hostilities within or against the Islamic Republic of Iran that have not been authorized by Congress.
61a601c2-7faa-4889-abf2-bbb0066ce448,Chris Van Hollen,V000128,border-security,cosponsor,SRES. 796,2026-06-24,"A resolution recognizing the upcoming 250th anniversary of the United States of America and reaffirming the commitment of the Senate to the Nation's founding ideals of liberty, equality, and opportunity for all immigrant communities in the United States."
61a601c2-7faa-4889-abf2-bbb0066ce448,Chris Van Hollen,V000128,gun-policy,cosponsor,SRES. 756,2026-06-08,"A resolution expressing support for the designation of June 5, 2026, as ""National Gun Violence Awareness Day"" and June 2026 as ""National Gun Violence Awareness Month""."
61a601c2-7faa-4889-abf2-bbb0066ce448,Chris Van Hollen,V000128,gun-policy,cosponsor,SCONRES. 34,2026-06-01,"A concurrent resolution recognizing the importance of saving lives, reducing gun violence, and strengthening public safety as the United States celebrates its 250th anniversary."
61a601c2-7faa-4889-abf2-bbb0066ce448,Chris Van Hollen,V000128,military-intervention,cosponsor,SJRES. 185,2026-04-30,A joint resolution to direct the removal of United States Armed Forces from hostilities within or against the Islamic Republic of Iran that have not been authorized by Congress.
61a601c2-7faa-4889-abf2-bbb0066ce448,Chris Van Hollen,V000128,military-intervention,cosponsor,SJRES. 191,2026-04-30,A joint resolution to direct removal of United States Armed Forces from hostilities within or against the Islamic Republic of Iran that have not been authorized by Congress.
61a601c2-7faa-4889-abf2-bbb0066ce448,Chris Van Hollen,V000128,military-intervention,cosponsor,SJRES. 124,2026-04-27,A joint resolution to direct the removal of United States Armed Forces from hostilities within or against the Republic of Cuba that have not been authorized by Congress.
61a601c2-7faa-4889-abf2-bbb0066ce448,Chris Van Hollen,V000128,military-intervention,cosponsor,SJRES. 161,2026-04-21,A joint resolution to direct the removal of United States Armed Forces from hostilities within or against the Islamic Republic of Iran that have not been authorized by Congress.
61a601c2-7faa-4889-abf2-bbb0066ce448,Chris Van Hollen,V000128,military-intervention,cosponsor,SJRES. 181,2026-04-20,A joint resolution to direct the removal of United States Armed Forces from hostilities within or against the Islamic Republic of Iran that have not been authorized by Congress.
61a601c2-7faa-4889-abf2-bbb0066ce448,Chris Van Hollen,V000128,military-intervention,cosponsor,SJRES. 163,2026-04-20,A joint resolution to direct the removal of United States Armed Forces from hostilities within or against the Islamic Republic of Iran that have not been authorized by Congress.
61a601c2-7faa-4889-abf2-bbb0066ce448,Chris Van Hollen,V000128,military-intervention,cosponsor,SJRES. 184,2026-04-20,A joint resolution to direct the removal of United States Armed Forces from hostilities within or against the Islamic Republic of Iran that have not been authorized by Congress.
61a601c2-7faa-4889-abf2-bbb0066ce448,Chris Van Hollen,V000128,military-intervention,cosponsor,SJRES. 171,2026-04-20,A joint resolution to direct the removal of United States Armed Forces from hostilities within or against the Islamic Republic of Iran that have not been authorized by Congress.
61a601c2-7faa-4889-abf2-bbb0066ce448,Chris Van Hollen,V000128,military-intervention,cosponsor,SJRES. 114,2026-04-16,A joint resolution to direct the removal of United States Armed Forces from hostilities within or against the Islamic Republic of Iran that have not been authorized by Congress.
61a601c2-7faa-4889-abf2-bbb0066ce448,Chris Van Hollen,V000128,2020-election,cosponsor,SRES. 657,2026-03-23,"A resolution commending Taiwan on the 30th anniversary of its first direct presidential election in 1996, and expressing support for Taiwan in the preservation of its democratic institutions."
61a601c2-7faa-4889-abf2-bbb0066ce448,Chris Van Hollen,V000128,israel-military-aid,cosponsor,SJRES. 138,2026-03-19,A joint resolution providing for congressional disapproval of the proposed foreign military sale to the Government of Israel of certain defense articles and services.
61a601c2-7faa-4889-abf2-bbb0066ce448,Chris Van Hollen,V000128,israel-military-aid,cosponsor,SJRES. 137,2026-03-19,A joint resolution providing for congressional disapproval of the proposed foreign military sale to the Government of Israel of certain defense articles and services.
61a601c2-7faa-4889-abf2-bbb0066ce448,Chris Van Hollen,V000128,israel-military-aid,cosponsor,SJRES. 136,2026-03-19,A joint resolution providing for congressional disapproval of the proposed licensing of certain defense articles and services to Israel.
61a601c2-7faa-4889-abf2-bbb0066ce448,Chris Van Hollen,V000128,military-intervention,cosponsor,SJRES. 104,2026-02-25,A joint resolution to direct the removal of United States Armed Forces from hostilities within or against the Islamic Republic of Iran that have not been authorized by Congress.
61a601c2-7faa-4889-abf2-bbb0066ce448,Chris Van Hollen,V000128,gun-policy,cosponsor,SCONRES. 25,2026-01-08,"A concurrent resolution recognizing the 15th anniversary of the January 8, 2011, Tucson, Arizona, shooting and honoring the survivors and victims, including former Congresswoman Gabby Giffords, a gun violence survivor and one of the most influential voices of courage in the United States in the fight to end gun violence."
61a601c2-7faa-4889-abf2-bbb0066ce448,Chris Van Hollen,V000128,military-intervention,cosponsor,SJRES. 98,2026-01-06,A joint resolution to direct the removal of United States Armed Forces from hostilities within or against Venezuela that have not been authorized by Congress.
61a601c2-7faa-4889-abf2-bbb0066ce448,Chris Van Hollen,V000128,2020-election,cosponsor,SRES. 574,2026-01-06,"A resolution observing the fifth anniversary of the attack on the United States Capitol on January 6, 2021, and recognizing the essential work of United States Capitol personnel, including the United States Capitol Police."
61a601c2-7faa-4889-abf2-bbb0066ce448,Chris Van Hollen,V000128,2020-election,cosponsor,S. 3582,2026-01-06,No Rewards for January 6 Rioters Act
61a601c2-7faa-4889-abf2-bbb0066ce448,Chris Van Hollen,V000128,2020-election,cosponsor,S. 3581,2026-01-06,No Settlements for January 6 Law Enforcement Assaulters Act
61a601c2-7faa-4889-abf2-bbb0066ce448,Chris Van Hollen,V000128,gun-policy,cosponsor,S. 3512,2025-12-16,Medicare Investment and Gun Violence Prevention Act
61a601c2-7faa-4889-abf2-bbb0066ce448,Chris Van Hollen,V000128,gun-policy,cosponsor,S. 3458,2025-12-11,Background Check Completion Act of 2025
61a601c2-7faa-4889-abf2-bbb0066ce448,Chris Van Hollen,V000128,gun-policy,cosponsor,S. 3214,2025-11-19,Background Check Expansion Act
61a601c2-7faa-4889-abf2-bbb0066ce448,Chris Van Hollen,V000128,military-intervention,cosponsor,SJRES. 90,2025-11-05,A joint resolution to direct the removal of United States Armed Forces from hostilities within or against Venezuela that have not been authorized by Congress.
61a601c2-7faa-4889-abf2-bbb0066ce448,Chris Van Hollen,V000128,military-intervention,cosponsor,SJRES. 83,2025-10-08,A joint resolution to direct the removal of United States Armed Forces from hostilities that have not been authorized by Congress.
61a601c2-7faa-4889-abf2-bbb0066ce448,Chris Van Hollen,V000128,israel-military-aid,cosponsor,SRES. 410,2025-09-18,"A resolution calling on the President to recognize a demilitarized State of Palestine, as consistent with international law and the principles of a two-state solution, alongside a secure State of Israel."
61a601c2-7faa-4889-abf2-bbb0066ce448,Chris Van Hollen,V000128,gun-policy,cosponsor,S. 2514,2025-07-29,Gun Violence Prevention Research Act of 2025
61a601c2-7faa-4889-abf2-bbb0066ce448,Chris Van Hollen,V000128,gun-policy,cosponsor,S. 2165,2025-06-25,3D Printed Gun Safety Act of 2025
61a601c2-7faa-4889-abf2-bbb0066ce448,Chris Van Hollen,V000128,gun-policy,cosponsor,S. 2155,2025-06-24,Keeping Gun Dealers Honest Act of 2025
61a601c2-7faa-4889-abf2-bbb0066ce448,Chris Van Hollen,V000128,gun-policy,cosponsor,S. 1955,2025-06-04,Equal Access to Justice for Victims of Gun Violence Act
61a601c2-7faa-4889-abf2-bbb0066ce448,Chris Van Hollen,V000128,gun-policy,cosponsor,SRES. 260,2025-06-02,"A resolution expressing support for the designation of June 6, 2025, as ""National Gun Violence Awareness Day"" and June 2025 as ""National Gun Violence Awareness Month""."
61a601c2-7faa-4889-abf2-bbb0066ce448,Chris Van Hollen,V000128,gun-policy,cosponsor,S. 1531,2025-04-30,Assault Weapons Ban of 2025
61a601c2-7faa-4889-abf2-bbb0066ce448,Chris Van Hollen,V000128,gun-policy,cosponsor,S. 1466,2025-04-10,Resources for Victims of Gun Violence Act of 2025
61a601c2-7faa-4889-abf2-bbb0066ce448,Chris Van Hollen,V000128,minimum-wage,cosponsor,S. 1332,2025-04-08,Raise the Wage Act of 2025
61a601c2-7faa-4889-abf2-bbb0066ce448,Chris Van Hollen,V000128,military-intervention,cosponsor,S. 696,2025-02-24,Protecting Our Guests During Hostilities in Ukraine Act
61a601c2-7faa-4889-abf2-bbb0066ce448,Chris Van Hollen,V000128,gun-policy,cosponsor,S. 595,2025-02-13,Office of Gun Violence Prevention Act of 2025
61a601c2-7faa-4889-abf2-bbb0066ce448,Chris Van Hollen,V000128,minimum-wage,cosponsor,S. 2488,2023-07-25,Raise the Wage Act of 2023
61a601c2-7faa-4889-abf2-bbb0066ce448,Chris Van Hollen,V000128,gun-policy,cosponsor,S. 2048,2023-06-20,Equal Access to Justice for Victims of Gun Violence Act
61a601c2-7faa-4889-abf2-bbb0066ce448,Chris Van Hollen,V000128,israel-military-aid,cosponsor,SRES. 505,2023-12-14,A resolution condemning the use of sexual violence and rape as a weapon of war by the terrorist group Hamas against the people of Israel.
61a601c2-7faa-4889-abf2-bbb0066ce448,Chris Van Hollen,V000128,gun-policy,cosponsor,S. 1819,2023-06-06,3D Printed Gun Safety Act of 2023
61a601c2-7faa-4889-abf2-bbb0066ce448,Chris Van Hollen,V000128,border-security,cosponsor,S. 3013,2023-10-04,A bill to permanently authorize the exemption of aliens working as fish processors from the numerical limitation on H-2B nonimmigrant visas.
61a601c2-7faa-4889-abf2-bbb0066ce448,Chris Van Hollen,V000128,israel-military-aid,cosponsor,SRES. 408,2023-10-19,"A resolution condemning Hamas for its premeditated, coordinated, and brutal terrorist attacks on Israel and demanding that Hamas immediately release all hostages and return them to safety, and for other purposes."
61a601c2-7faa-4889-abf2-bbb0066ce448,Chris Van Hollen,V000128,israel-military-aid,cosponsor,SRES. 188,2023-05-02,"A resolution celebrating the 75th anniversary of the founding of the State of Israel, and for other purposes."
61a601c2-7faa-4889-abf2-bbb0066ce448,Chris Van Hollen,V000128,gun-policy,cosponsor,S. 25,2023-01-23,Assault Weapons Ban of 2023
61a601c2-7faa-4889-abf2-bbb0066ce448,Chris Van Hollen,V000128,gun-policy,cosponsor,S. 1116,2023-03-30,Background Check Completion Act of 2023
61a601c2-7faa-4889-abf2-bbb0066ce448,Chris Van Hollen,V000128,israel-military-aid,cosponsor,SRES. 417,2023-10-19,A resolution standing with Israel against terrorism.
61a601c2-7faa-4889-abf2-bbb0066ce448,Chris Van Hollen,V000128,gun-policy,cosponsor,S. 2652,2023-07-27,Ghost Guns and Untraceable Firearms Act of 2023
61a601c2-7faa-4889-abf2-bbb0066ce448,Chris Van Hollen,V000128,gun-policy,cosponsor,S. 1893,2023-06-08,Resources for Victims of Gun Violence Act of 2023
61a601c2-7faa-4889-abf2-bbb0066ce448,Chris Van Hollen,V000128,gun-policy,cosponsor,S. 1826,2023-06-06,Keeping Gun Dealers Honest Act of 2023
61a601c2-7faa-4889-abf2-bbb0066ce448,Chris Van Hollen,V000128,gun-policy,cosponsor,S. 494,2023-02-16,Background Check Expansion Act
b700099a-8cab-44b6-81b8-d678d646ae88,Christopher Murphy,M001169,minimum-wage,sponsor,S. 4981,2026-07-14,Living Wage For All Act
b700099a-8cab-44b6-81b8-d678d646ae88,Christopher Murphy,M001169,military-intervention,sponsor,SJRES. 115,2026-03-05,A joint resolution to direct the removal of United States Armed Forces from hostilities within or against the Islamic Republic of Iran that have not been authorized by Congress.
b700099a-8cab-44b6-81b8-d678d646ae88,Christopher Murphy,M001169,military-intervention,sponsor,SJRES. 116,2026-03-05,A joint resolution to direct the removal of United States Armed Forces from hostilities within or against the Islamic Republic of Iran that have not been authorized by Congress.
b700099a-8cab-44b6-81b8-d678d646ae88,Christopher Murphy,M001169,gun-policy,sponsor,S. 3214,2025-11-19,Background Check Expansion Act
b700099a-8cab-44b6-81b8-d678d646ae88,Christopher Murphy,M001169,gun-policy,sponsor,S. 595,2025-02-13,Office of Gun Violence Prevention Act of 2025
b700099a-8cab-44b6-81b8-d678d646ae88,Christopher Murphy,M001169,border-security,sponsor,S. 4361,2024-05-16,Border Act of 2024
b700099a-8cab-44b6-81b8-d678d646ae88,Christopher Murphy,M001169,gun-policy,sponsor,S. 494,2023-02-16,Background Check Expansion Act
b700099a-8cab-44b6-81b8-d678d646ae88,Christopher Murphy,M001169,gun-policy,sponsor,S. 951,2023-03-22,Office of Gun Violence Prevention Act of 2023
b700099a-8cab-44b6-81b8-d678d646ae88,Christopher Murphy,M001169,military-intervention,cosponsor,SJRES. 211,2026-08-06,A joint resolution to direct the removal of United States Armed Forces from hostilities within or against the Islamic Republic of Iran that have not been authorized by Congress.
b700099a-8cab-44b6-81b8-d678d646ae88,Christopher Murphy,M001169,military-intervention,cosponsor,SJRES. 181,2026-07-28,A joint resolution to direct the removal of United States Armed Forces from hostilities within or against the Islamic Republic of Iran that have not been authorized by Congress.
b700099a-8cab-44b6-81b8-d678d646ae88,Christopher Murphy,M001169,military-intervention,cosponsor,SJRES. 200,2026-07-14,A joint resolution to direct the removal of United States Armed Forces from hostilities within or against the Islamic Republic of Iran that have not been authorized by Congress.
b700099a-8cab-44b6-81b8-d678d646ae88,Christopher Murphy,M001169,gun-policy,cosponsor,S. 4776,2026-06-11,Gun Records Restoration and Preservation Act
b700099a-8cab-44b6-81b8-d678d646ae88,Christopher Murphy,M001169,military-intervention,cosponsor,SJRES. 163,2026-04-30,A joint resolution to direct the removal of United States Armed Forces from hostilities within or against the Islamic Republic of Iran that have not been authorized by Congress.
b700099a-8cab-44b6-81b8-d678d646ae88,Christopher Murphy,M001169,military-intervention,cosponsor,SJRES. 185,2026-04-30,A joint resolution to direct the removal of United States Armed Forces from hostilities within or against the Islamic Republic of Iran that have not been authorized by Congress.
b700099a-8cab-44b6-81b8-d678d646ae88,Christopher Murphy,M001169,military-intervention,cosponsor,SJRES. 191,2026-04-30,A joint resolution to direct removal of United States Armed Forces from hostilities within or against the Islamic Republic of Iran that have not been authorized by Congress.
b700099a-8cab-44b6-81b8-d678d646ae88,Christopher Murphy,M001169,military-intervention,cosponsor,SJRES. 180,2026-04-21,A joint resolution to direct the removal of United States Armed Forces from hostilities within or against the Islamic Republic of Iran that have not been authorized by Congress.
b700099a-8cab-44b6-81b8-d678d646ae88,Christopher Murphy,M001169,military-intervention,cosponsor,SJRES. 171,2026-04-21,A joint resolution to direct the removal of United States Armed Forces from hostilities within or against the Islamic Republic of Iran that have not been authorized by Congress.
b700099a-8cab-44b6-81b8-d678d646ae88,Christopher Murphy,M001169,military-intervention,cosponsor,SJRES. 114,2026-04-16,A joint resolution to direct the removal of United States Armed Forces from hostilities within or against the Islamic Republic of Iran that have not been authorized by Congress.
b700099a-8cab-44b6-81b8-d678d646ae88,Christopher Murphy,M001169,military-intervention,cosponsor,SJRES. 184,2026-04-16,A joint resolution to direct the removal of United States Armed Forces from hostilities within or against the Islamic Republic of Iran that have not been authorized by Congress.
b700099a-8cab-44b6-81b8-d678d646ae88,Christopher Murphy,M001169,military-intervention,cosponsor,SJRES. 161,2026-04-15,A joint resolution to direct the removal of United States Armed Forces from hostilities within or against the Islamic Republic of Iran that have not been authorized by Congress.
b700099a-8cab-44b6-81b8-d678d646ae88,Christopher Murphy,M001169,military-intervention,cosponsor,SJRES. 123,2026-03-10,A joint resolution to direct the removal of United States Armed Forces from hostilities within or against the Islamic Republic of Iran that have not been authorized by Congress.
b700099a-8cab-44b6-81b8-d678d646ae88,Christopher Murphy,M001169,military-intervention,cosponsor,SJRES. 117,2026-03-05,A joint resolution to direct the removal of United States Armed Forces from hostilities within or against the Islamic Republic of Iran that have not been authorized by Congress.
b700099a-8cab-44b6-81b8-d678d646ae88,Christopher Murphy,M001169,military-intervention,cosponsor,SJRES. 118,2026-03-05,A joint resolution to direct the removal of United States Armed Forces from hostilities within or against the Islamic Republic of Iran that have not been authorized by Congress.
b700099a-8cab-44b6-81b8-d678d646ae88,Christopher Murphy,M001169,military-intervention,cosponsor,SJRES. 104,2026-02-26,A joint resolution to direct the removal of United States Armed Forces from hostilities within or against the Islamic Republic of Iran that have not been authorized by Congress.
b700099a-8cab-44b6-81b8-d678d646ae88,Christopher Murphy,M001169,gun-policy,cosponsor,S. 3875,2026-02-12,Responsible Firearms Marketing Act
b700099a-8cab-44b6-81b8-d678d646ae88,Christopher Murphy,M001169,gun-policy,cosponsor,SCONRES. 25,2026-01-08,"A concurrent resolution recognizing the 15th anniversary of the January 8, 2011, Tucson, Arizona, shooting and honoring the survivors and victims, including former Congresswoman Gabby Giffords, a gun violence survivor and one of the most influential voices of courage in the United States in the fight to end gun violence."
b700099a-8cab-44b6-81b8-d678d646ae88,Christopher Murphy,M001169,military-intervention,cosponsor,SJRES. 98,2026-01-06,A joint resolution to direct the removal of United States Armed Forces from hostilities within or against Venezuela that have not been authorized by Congress.
b700099a-8cab-44b6-81b8-d678d646ae88,Christopher Murphy,M001169,2020-election,cosponsor,SRES. 574,2026-01-06,"A resolution observing the fifth anniversary of the attack on the United States Capitol on January 6, 2021, and recognizing the essential work of United States Capitol personnel, including the United States Capitol Police."
b700099a-8cab-44b6-81b8-d678d646ae88,Christopher Murphy,M001169,2020-election,cosponsor,S. 3582,2026-01-06,No Rewards for January 6 Rioters Act
b700099a-8cab-44b6-81b8-d678d646ae88,Christopher Murphy,M001169,2020-election,cosponsor,S. 3581,2026-01-06,No Settlements for January 6 Law Enforcement Assaulters Act
b700099a-8cab-44b6-81b8-d678d646ae88,Christopher Murphy,M001169,gun-policy,cosponsor,S. 2514,2025-07-29,Gun Violence Prevention Research Act of 2025
b700099a-8cab-44b6-81b8-d678d646ae88,Christopher Murphy,M001169,gun-policy,cosponsor,S. 2192,2025-06-26,Clean Hands Firearm Procurement Act
b700099a-8cab-44b6-81b8-d678d646ae88,Christopher Murphy,M001169,gun-policy,cosponsor,S. 2165,2025-06-25,3D Printed Gun Safety Act of 2025
b700099a-8cab-44b6-81b8-d678d646ae88,Christopher Murphy,M001169,gun-policy,cosponsor,S. 2154,2025-06-24,Protecting Kids from Gun Marketing Act
b700099a-8cab-44b6-81b8-d678d646ae88,Christopher Murphy,M001169,gun-policy,cosponsor,S. 2155,2025-06-24,Keeping Gun Dealers Honest Act of 2025
b700099a-8cab-44b6-81b8-d678d646ae88,Christopher Murphy,M001169,gun-policy,cosponsor,S. 1955,2025-06-04,Equal Access to Justice for Victims of Gun Violence Act
b700099a-8cab-44b6-81b8-d678d646ae88,Christopher Murphy,M001169,gun-policy,cosponsor,S. 1531,2025-04-30,Assault Weapons Ban of 2025
b700099a-8cab-44b6-81b8-d678d646ae88,Christopher Murphy,M001169,gun-policy,cosponsor,S. 1466,2025-04-10,Resources for Victims of Gun Violence Act of 2025
b700099a-8cab-44b6-81b8-d678d646ae88,Christopher Murphy,M001169,minimum-wage,cosponsor,S. 1332,2025-04-08,Raise the Wage Act of 2025
b700099a-8cab-44b6-81b8-d678d646ae88,Christopher Murphy,M001169,gun-policy,cosponsor,S. 468,2025-02-06,SECURE Firearm Storage Act
b700099a-8cab-44b6-81b8-d678d646ae88,Christopher Murphy,M001169,gun-policy,cosponsor,S. 5209,2024-09-25,Clean Hands Firearm Procurement Act
b700099a-8cab-44b6-81b8-d678d646ae88,Christopher Murphy,M001169,gun-policy,cosponsor,SRES. 716,2024-06-03,"A resolution expressing support for the designation of June 7, 2024, as ""National Gun Violence Awareness Day"" and June 2024 as ""National Gun Violence Awareness Month""."
b700099a-8cab-44b6-81b8-d678d646ae88,Christopher Murphy,M001169,minimum-wage,cosponsor,S. 2488,2023-07-25,Raise the Wage Act of 2023
b700099a-8cab-44b6-81b8-d678d646ae88,Christopher Murphy,M001169,gun-policy,cosponsor,S. 2048,2023-06-20,Equal Access to Justice for Victims of Gun Violence Act
b700099a-8cab-44b6-81b8-d678d646ae88,Christopher Murphy,M001169,israel-military-aid,cosponsor,SRES. 505,2023-12-14,A resolution condemning the use of sexual violence and rape as a weapon of war by the terrorist group Hamas against the people of Israel.
b700099a-8cab-44b6-81b8-d678d646ae88,Christopher Murphy,M001169,gun-policy,cosponsor,S. 1819,2023-06-06,3D Printed Gun Safety Act of 2023
b700099a-8cab-44b6-81b8-d678d646ae88,Christopher Murphy,M001169,israel-military-aid,cosponsor,SRES. 408,2023-11-09,"A resolution condemning Hamas for its premeditated, coordinated, and brutal terrorist attacks on Israel and demanding that Hamas immediately release all hostages and return them to safety, and for other purposes."
b700099a-8cab-44b6-81b8-d678d646ae88,Christopher Murphy,M001169,israel-military-aid,cosponsor,SRES. 188,2023-05-02,"A resolution celebrating the 75th anniversary of the founding of the State of Israel, and for other purposes."
b700099a-8cab-44b6-81b8-d678d646ae88,Christopher Murphy,M001169,gun-policy,cosponsor,S. 1026,2023-03-29,Gun Violence Prevention Research Act of 2023
b700099a-8cab-44b6-81b8-d678d646ae88,Christopher Murphy,M001169,gun-policy,cosponsor,S. 25,2023-01-23,Assault Weapons Ban of 2023
b700099a-8cab-44b6-81b8-d678d646ae88,Christopher Murphy,M001169,gun-policy,cosponsor,S. 598,2023-03-01,Gun Records Restoration and Preservation Act
b700099a-8cab-44b6-81b8-d678d646ae88,Christopher Murphy,M001169,gun-policy,cosponsor,S. 252,2023-02-02,Protecting Kids from Gun Marketing Act
b700099a-8cab-44b6-81b8-d678d646ae88,Christopher Murphy,M001169,israel-military-aid,cosponsor,SRES. 417,2023-10-19,A resolution standing with Israel against terrorism.
b700099a-8cab-44b6-81b8-d678d646ae88,Christopher Murphy,M001169,gun-policy,cosponsor,S. 2652,2023-07-27,Ghost Guns and Untraceable Firearms Act of 2023
b700099a-8cab-44b6-81b8-d678d646ae88,Christopher Murphy,M001169,gun-policy,cosponsor,S. 2381,2023-07-19,National Instant Criminal Background Check System (NICS) Data Integrity Act of 2023
b700099a-8cab-44b6-81b8-d678d646ae88,Christopher Murphy,M001169,gun-policy,cosponsor,S. 1893,2023-06-08,Resources for Victims of Gun Violence Act of 2023
b700099a-8cab-44b6-81b8-d678d646ae88,Christopher Murphy,M001169,gun-policy,cosponsor,S. 1826,2023-06-06,Keeping Gun Dealers Honest Act of 2023
b700099a-8cab-44b6-81b8-d678d646ae88,Christopher Murphy,M001169,gun-policy,cosponsor,SRES. 231,2023-06-01,"A resolution expressing support for the designation of June 2, 2023, as ""National Gun Violence Awareness Day"" and June 2023 as ""National Gun Violence Awareness Month""."
b700099a-8cab-44b6-81b8-d678d646ae88,Christopher Murphy,M001169,gun-policy,cosponsor,S. 1737,2023-05-18,Responsible Firearms Marketing Act
b700099a-8cab-44b6-81b8-d678d646ae88,Christopher Murphy,M001169,gun-policy,cosponsor,S. 246,2023-02-02,SECURE Firearm Storage Act
dd5d3f6d-fc82-4774-b510-287ec47cbd84,Chuck Grassley,G000386,gun-policy,cosponsor,S. 4671,2026-06-03,Federal Firearms Licensee Protection Act of 2026
dd5d3f6d-fc82-4774-b510-287ec47cbd84,Chuck Grassley,G000386,israel-military-aid,cosponsor,SRES. 438,2025-10-07,"A resolution condemning the brutal Hamas-led terrorist attack on the State of Israel on October 7, 2023, and supporting an outcome that ensures the forever survival of Israel, the complete denial of Hamas's ability to reconstitute in the region, and the release of all the remaining hostages from the Gaza Strip, including two United States citizens."
dd5d3f6d-fc82-4774-b510-287ec47cbd84,Chuck Grassley,G000386,israel-military-aid,cosponsor,S. 554,2025-02-26,United States-Israel Defense Partnership Act of 2025
dd5d3f6d-fc82-4774-b510-287ec47cbd84,Chuck Grassley,G000386,gun-policy,cosponsor,S. 65,2025-01-09,Constitutional Concealed Carry Reciprocity Act of 2025
dd5d3f6d-fc82-4774-b510-287ec47cbd84,Chuck Grassley,G000386,israel-military-aid,cosponsor,S. 5303,2024-11-13,Stand with Israel Act
dd5d3f6d-fc82-4774-b510-287ec47cbd84,Chuck Grassley,G000386,israel-military-aid,cosponsor,SRES. 890,2024-09-25,"A resolution condemning the brutal Hamas-led terrorist attack on Israel on October 7, 2023, and supporting an outcome that ensures the forever survival of Israel, the complete denial of the ability of Hamas to reconstitute in the region, and the safe release of United States hostages from the Gaza Strip."
dd5d3f6d-fc82-4774-b510-287ec47cbd84,Chuck Grassley,G000386,israel-military-aid,cosponsor,S. 4770,2024-07-25,Countering Hate Against Israel by Federal Contractors Act
dd5d3f6d-fc82-4774-b510-287ec47cbd84,Chuck Grassley,G000386,gun-policy,cosponsor,SJRES. 83,2024-05-15,"A joint resolution providing for congressional disapproval under chapter 8 of title 5, United States Code, of the rule submitted by the Bureau of Alcohol, Tobacco, Firearms, and Explosives relating to ""Definition of 'Engaged in the Business' as a Dealer in Firearms""."
dd5d3f6d-fc82-4774-b510-287ec47cbd84,Chuck Grassley,G000386,israel-military-aid,cosponsor,SRES. 682,2024-05-09,A resolution condemning the decision by the Biden Administration to halt the shipment of United States made ammunition and weapons to the State of Israel.
dd5d3f6d-fc82-4774-b510-287ec47cbd84,Chuck Grassley,G000386,israel-military-aid,cosponsor,SRES. 617,2024-03-22,A resolution expressing the sense of the Senate that Israel has the inherent right to defend itself and take necessary steps to eradicate the terrorist threat posed by Hamas.
dd5d3f6d-fc82-4774-b510-287ec47cbd84,Chuck Grassley,G000386,border-security,cosponsor,S. 3187,2023-11-01,Southern Border Transparency Act of 2023
dd5d3f6d-fc82-4774-b510-287ec47cbd84,Chuck Grassley,G000386,israel-military-aid,cosponsor,SRES. 408,2023-10-19,"A resolution condemning Hamas for its premeditated, coordinated, and brutal terrorist attacks on Israel and demanding that Hamas immediately release all hostages and return them to safety, and for other purposes."
dd5d3f6d-fc82-4774-b510-287ec47cbd84,Chuck Grassley,G000386,border-security,cosponsor,S. 2824,2023-09-14,Secure the Border Act of 2023
dd5d3f6d-fc82-4774-b510-287ec47cbd84,Chuck Grassley,G000386,israel-military-aid,cosponsor,SCONRES. 14,2023-07-18,A concurrent resolution expressing the sense of Congress supporting the State of Israel.
dd5d3f6d-fc82-4774-b510-287ec47cbd84,Chuck Grassley,G000386,border-security,cosponsor,SJRES. 25,2023-06-12,"A joint resolution providing for congressional disapproval under chapter 8 of title 5, United States Code, of the rule submitted by the Department of Labor relating to ""Adverse Effect Wage Rate Methodology for the Temporary Employment of H-2A Nonimmigrants in Non-Range Occupations in the United States""."
dd5d3f6d-fc82-4774-b510-287ec47cbd84,Chuck Grassley,G000386,israel-military-aid,cosponsor,SRES. 188,2023-05-11,"A resolution celebrating the 75th anniversary of the founding of the State of Israel, and for other purposes."
dd5d3f6d-fc82-4774-b510-287ec47cbd84,Chuck Grassley,G000386,border-security,cosponsor,S. 685,2023-03-07,Stopping Border Surges Act
dd5d3f6d-fc82-4774-b510-287ec47cbd84,Chuck Grassley,G000386,gun-policy,cosponsor,SJRES. 20,2023-03-15,"A joint resolution providing for congressional disapproval under chapter 8 of title 5, United States Code, of the rule submitted by the Department of Justice and the Bureau of Alcohol, Tobacco, Firearms and Explosives relating to ""Factoring Criteria for Firearms With Attached 'Stabilizing Braces'""."
dd5d3f6d-fc82-4774-b510-287ec47cbd84,Chuck Grassley,G000386,gun-policy,cosponsor,S. 3677,2024-01-25,A bill to permanently authorize the Undetectable Firearms Act of 1988.
dd5d3f6d-fc82-4774-b510-287ec47cbd84,Chuck Grassley,G000386,israel-military-aid,cosponsor,SRES. 417,2023-10-19,A resolution standing with Israel against terrorism.
dd5d3f6d-fc82-4774-b510-287ec47cbd84,Chuck Grassley,G000386,gun-policy,cosponsor,HR. 3469,,A bill to amend chapter 44 of title 18 of the United States Code (respecting firearms) to penalize the use of firearms in the commission of any felony and to increase the penalties in certain related existing provisions.
dd5d3f6d-fc82-4774-b510-287ec47cbd84,Chuck Grassley,G000386,border-security,cosponsor,HR. 9500,,"A bill to amend the Immigration and Nationality Act to provide that before an alien who is likely to become a public charge may be admitted into the United States, such alien must have an immigration sponsor post a $5,000 bond on such immigrant's behalf."
dd5d3f6d-fc82-4774-b510-287ec47cbd84,Chuck Grassley,G000386,border-security,cosponsor,HR. 2967,,A bill to amend the Immigration and Nationality Act to provide for the deportation of certain nonimmigrant aliens who knowingly participated in unlawful or violent acts in connection with a political demonstration.
dd5d3f6d-fc82-4774-b510-287ec47cbd84,Chuck Grassley,G000386,gun-policy,cosponsor,HR. 2490,,"A bill to amend title 18, United States Code, to increase the term of imprisonment for certain offenses relating to carrying or using firearms, to eliminate eligibility for parole with respect to such term, and to require that such term be served before and consecutively to any related sentence of imprisonment."
dd5d3f6d-fc82-4774-b510-287ec47cbd84,Chuck Grassley,G000386,gun-policy,cosponsor,HR. 3469,,A bill to amend chapter 44 of title 18 of the United States Code (respecting firearms) to penalize the use of firearms in the commission of any felony and to increase the penalties in certain related existing provisions.
dd5d3f6d-fc82-4774-b510-287ec47cbd84,Chuck Grassley,G000386,cannabis-policy,cosponsor,HR. 3721,,A bill to amend the Controlled Substances Import and Export Act to increase the criminal penalties for the smuggling of 100 pounds or more of marijuana.
dd5d3f6d-fc82-4774-b510-287ec47cbd84,Chuck Grassley,G000386,gun-policy,cosponsor,HR. 5712,,A bill to prohibit the Consumer Product Safety Commission from restricting the sale or manufacture of firearms or ammunition.
dd5d3f6d-fc82-4774-b510-287ec47cbd84,Chuck Grassley,G000386,border-security,cosponsor,HR. 8591,,"A bill to amend the Immigration and Nationality Act to provide that before an alien who is likely to become a public charge may be admitted into the United States, such alien must have an immigration sponsor post a $5,000 bond on such immigrant's behalf."
dd5d3f6d-fc82-4774-b510-287ec47cbd84,Chuck Grassley,G000386,gun-policy,cosponsor,S. 1907,2023-06-08,Federal Firearms Licensee Protection Act of 2023
dd5d3f6d-fc82-4774-b510-287ec47cbd84,Chuck Grassley,G000386,gun-policy,cosponsor,S. 214,2023-02-01,Constitutional Concealed Carry Reciprocity Act of 2023
af01a7ec-9318-4862-ba78-553e5908182c,Chuck Schumer,S000148,israel-military-aid,sponsor,SRES. 417,2023-10-19,A resolution standing with Israel against terrorism.
af01a7ec-9318-4862-ba78-553e5908182c,Chuck Schumer,S000148,defense-spending,cosponsor,S. 5189,2026-07-30,"A bill to amend title 10, United States Code, and the National Defense Authorization Act for Fiscal Year 1994, to codify and clarify gender neutral standards for members of certain Armed Forces, and for other purposes."
af01a7ec-9318-4862-ba78-553e5908182c,Chuck Schumer,S000148,cannabis-policy,cosponsor,S. 5022,2026-07-16,Cannabis Administration and Opportunity Act
af01a7ec-9318-4862-ba78-553e5908182c,Chuck Schumer,S000148,military-intervention,cosponsor,SJRES. 124,2026-04-27,A joint resolution to direct the removal of United States Armed Forces from hostilities within or against the Republic of Cuba that have not been authorized by Congress.
af01a7ec-9318-4862-ba78-553e5908182c,Chuck Schumer,S000148,military-intervention,cosponsor,SJRES. 184,2026-04-27,A joint resolution to direct the removal of United States Armed Forces from hostilities within or against the Islamic Republic of Iran that have not been authorized by Congress.
af01a7ec-9318-4862-ba78-553e5908182c,Chuck Schumer,S000148,military-intervention,cosponsor,SJRES. 185,2026-04-27,A joint resolution to direct the removal of United States Armed Forces from hostilities within or against the Islamic Republic of Iran that have not been authorized by Congress.
af01a7ec-9318-4862-ba78-553e5908182c,Chuck Schumer,S000148,military-intervention,cosponsor,SJRES. 180,2026-04-21,A joint resolution to direct the removal of United States Armed Forces from hostilities within or against the Islamic Republic of Iran that have not been authorized by Congress.
af01a7ec-9318-4862-ba78-553e5908182c,Chuck Schumer,S000148,military-intervention,cosponsor,SJRES. 114,2026-04-16,A joint resolution to direct the removal of United States Armed Forces from hostilities within or against the Islamic Republic of Iran that have not been authorized by Congress.
af01a7ec-9318-4862-ba78-553e5908182c,Chuck Schumer,S000148,military-intervention,cosponsor,SJRES. 115,2026-04-16,A joint resolution to direct the removal of United States Armed Forces from hostilities within or against the Islamic Republic of Iran that have not been authorized by Congress.
af01a7ec-9318-4862-ba78-553e5908182c,Chuck Schumer,S000148,military-intervention,cosponsor,SJRES. 123,2026-04-16,A joint resolution to direct the removal of United States Armed Forces from hostilities within or against the Islamic Republic of Iran that have not been authorized by Congress.
af01a7ec-9318-4862-ba78-553e5908182c,Chuck Schumer,S000148,military-intervention,cosponsor,SJRES. 116,2026-04-16,A joint resolution to direct the removal of United States Armed Forces from hostilities within or against the Islamic Republic of Iran that have not been authorized by Congress.
af01a7ec-9318-4862-ba78-553e5908182c,Chuck Schumer,S000148,military-intervention,cosponsor,SJRES. 117,2026-04-16,A joint resolution to direct the removal of United States Armed Forces from hostilities within or against the Islamic Republic of Iran that have not been authorized by Congress.
af01a7ec-9318-4862-ba78-553e5908182c,Chuck Schumer,S000148,military-intervention,cosponsor,SJRES. 181,2026-04-16,A joint resolution to direct the removal of United States Armed Forces from hostilities within or against the Islamic Republic of Iran that have not been authorized by Congress.
af01a7ec-9318-4862-ba78-553e5908182c,Chuck Schumer,S000148,military-intervention,cosponsor,SJRES. 183,2026-04-16,A joint resolution to direct the removal of United States Armed Forces from hostilities within or against the Islamic Republic of Iran that have not been authorized by Congress.
af01a7ec-9318-4862-ba78-553e5908182c,Chuck Schumer,S000148,military-intervention,cosponsor,SJRES. 163,2026-04-16,A joint resolution to direct the removal of United States Armed Forces from hostilities within or against the Islamic Republic of Iran that have not been authorized by Congress.
af01a7ec-9318-4862-ba78-553e5908182c,Chuck Schumer,S000148,military-intervention,cosponsor,SJRES. 171,2026-04-16,A joint resolution to direct the removal of United States Armed Forces from hostilities within or against the Islamic Republic of Iran that have not been authorized by Congress.
af01a7ec-9318-4862-ba78-553e5908182c,Chuck Schumer,S000148,military-intervention,cosponsor,SJRES. 161,2026-04-15,A joint resolution to direct the removal of United States Armed Forces from hostilities within or against the Islamic Republic of Iran that have not been authorized by Congress.
af01a7ec-9318-4862-ba78-553e5908182c,Chuck Schumer,S000148,military-intervention,cosponsor,SJRES. 104,2026-02-25,A joint resolution to direct the removal of United States Armed Forces from hostilities within or against the Islamic Republic of Iran that have not been authorized by Congress.
af01a7ec-9318-4862-ba78-553e5908182c,Chuck Schumer,S000148,gun-policy,cosponsor,SCONRES. 25,2026-01-08,"A concurrent resolution recognizing the 15th anniversary of the January 8, 2011, Tucson, Arizona, shooting and honoring the survivors and victims, including former Congresswoman Gabby Giffords, a gun violence survivor and one of the most influential voices of courage in the United States in the fight to end gun violence."
af01a7ec-9318-4862-ba78-553e5908182c,Chuck Schumer,S000148,2020-election,cosponsor,SRES. 574,2026-01-06,"A resolution observing the fifth anniversary of the attack on the United States Capitol on January 6, 2021, and recognizing the essential work of United States Capitol personnel, including the United States Capitol Police."
af01a7ec-9318-4862-ba78-553e5908182c,Chuck Schumer,S000148,military-intervention,cosponsor,SJRES. 98,2025-12-03,A joint resolution to direct the removal of United States Armed Forces from hostilities within or against Venezuela that have not been authorized by Congress.
af01a7ec-9318-4862-ba78-553e5908182c,Chuck Schumer,S000148,gun-policy,cosponsor,S. 3214,2025-11-19,Background Check Expansion Act
af01a7ec-9318-4862-ba78-553e5908182c,Chuck Schumer,S000148,gun-policy,cosponsor,S. 2514,2025-07-29,Gun Violence Prevention Research Act of 2025
af01a7ec-9318-4862-ba78-553e5908182c,Chuck Schumer,S000148,gun-policy,cosponsor,S. 2165,2025-06-25,3D Printed Gun Safety Act of 2025
af01a7ec-9318-4862-ba78-553e5908182c,Chuck Schumer,S000148,gun-policy,cosponsor,S. 2154,2025-06-24,Protecting Kids from Gun Marketing Act
af01a7ec-9318-4862-ba78-553e5908182c,Chuck Schumer,S000148,gun-policy,cosponsor,S. 1955,2025-06-04,Equal Access to Justice for Victims of Gun Violence Act
af01a7ec-9318-4862-ba78-553e5908182c,Chuck Schumer,S000148,israel-military-aid,cosponsor,SRES. 227,2025-05-14,"A resolution condemning Hamas for its premeditated, coordinated, and brutal terrorist attacks on October 7, 2023, against Israel and demanding that Hamas immediately release all remaining hostages and return them to safety, and for other purposes."
af01a7ec-9318-4862-ba78-553e5908182c,Chuck Schumer,S000148,gun-policy,cosponsor,S. 1531,2025-04-30,Assault Weapons Ban of 2025
af01a7ec-9318-4862-ba78-553e5908182c,Chuck Schumer,S000148,border-security,cosponsor,S. 677,2025-02-20,Border Airport Fairness Act of 2025
af01a7ec-9318-4862-ba78-553e5908182c,Chuck Schumer,S000148,cannabis-policy,cosponsor,S. 4226,2024-05-01,Cannabis Administration and Opportunity Act
af01a7ec-9318-4862-ba78-553e5908182c,Chuck Schumer,S000148,gun-policy,cosponsor,S. 2048,2023-12-13,Equal Access to Justice for Victims of Gun Violence Act
af01a7ec-9318-4862-ba78-553e5908182c,Chuck Schumer,S000148,gun-policy,cosponsor,S. 1026,2023-12-11,Gun Violence Prevention Research Act of 2023
af01a7ec-9318-4862-ba78-553e5908182c,Chuck Schumer,S000148,israel-military-aid,cosponsor,SRES. 188,2023-05-02,"A resolution celebrating the 75th anniversary of the founding of the State of Israel, and for other purposes."
af01a7ec-9318-4862-ba78-553e5908182c,Chuck Schumer,S000148,gun-policy,cosponsor,S. 25,2023-01-23,Assault Weapons Ban of 2023
af01a7ec-9318-4862-ba78-553e5908182c,Chuck Schumer,S000148,gun-policy,cosponsor,S. 1819,2023-12-11,3D Printed Gun Safety Act of 2023
af01a7ec-9318-4862-ba78-553e5908182c,Chuck Schumer,S000148,gun-policy,cosponsor,S. 252,2023-02-07,Protecting Kids from Gun Marketing Act
af01a7ec-9318-4862-ba78-553e5908182c,Chuck Schumer,S000148,gun-policy,cosponsor,S. 494,2023-02-16,Background Check Expansion Act
af01a7ec-9318-4862-ba78-553e5908182c,Chuck Schumer,S000148,border-security,cosponsor,S. 292,2023-02-07,Northern Border Regional Commission Reauthorization Act of 2023
4d83f985-9248-4905-a9b6-5742e2df77a8,Cindy Hyde-Smith,H001079,gun-policy,sponsor,S. 3916,2026-02-25,Gun Owner Registration Information Protection Act
4d83f985-9248-4905-a9b6-5742e2df77a8,Cindy Hyde-Smith,H001079,gun-policy,sponsor,S. 1680,2023-05-18,Gun Owner Registration Information Protection Act
4d83f985-9248-4905-a9b6-5742e2df77a8,Cindy Hyde-Smith,H001079,gun-policy,cosponsor,S. 4671,2026-06-03,Federal Firearms Licensee Protection Act of 2026
4d83f985-9248-4905-a9b6-5742e2df77a8,Cindy Hyde-Smith,H001079,gun-policy,cosponsor,S. 3085,2025-10-30,Firearm Access During Shutdowns Act of 2025
4d83f985-9248-4905-a9b6-5742e2df77a8,Cindy Hyde-Smith,H001079,border-security,cosponsor,S. 2967,2025-10-02,Border Lands Conservation Act
4d83f985-9248-4905-a9b6-5742e2df77a8,Cindy Hyde-Smith,H001079,gun-policy,cosponsor,SRES. 342,2025-07-29,"A resolution honoring the contributions of small manufacturers of firearms to the economy, culture, and recreational heritage of the United States and recognizing August 2025 as ""National Shooting Sports Month""."
4d83f985-9248-4905-a9b6-5742e2df77a8,Cindy Hyde-Smith,H001079,israel-military-aid,cosponsor,SRES. 307,2025-06-27,A resolution expressing the sense of the Senate in support of the recent United States and Israeli military strikes on Iran.
4d83f985-9248-4905-a9b6-5742e2df77a8,Cindy Hyde-Smith,H001079,gun-policy,cosponsor,S. 1169,2025-03-27,Freedom from Unfair Gun Taxes Act
4d83f985-9248-4905-a9b6-5742e2df77a8,Cindy Hyde-Smith,H001079,gun-policy,cosponsor,S. 966,2025-03-11,Traveler's Gun Rights Act
4d83f985-9248-4905-a9b6-5742e2df77a8,Cindy Hyde-Smith,H001079,border-security,cosponsor,S. 112,2025-01-22,Make the Migrant Protection Protocols Mandatory Act of 2025
4d83f985-9248-4905-a9b6-5742e2df77a8,Cindy Hyde-Smith,H001079,gun-policy,cosponsor,S. 119,2025-01-16,No Retaining Every Gun In a System That Restricts Your Rights Act
4d83f985-9248-4905-a9b6-5742e2df77a8,Cindy Hyde-Smith,H001079,gun-policy,cosponsor,S. 65,2025-01-09,Constitutional Concealed Carry Reciprocity Act of 2025
4d83f985-9248-4905-a9b6-5742e2df77a8,Cindy Hyde-Smith,H001079,border-security,cosponsor,S. 5322,2024-12-17,Border Smuggling Crackdown Act
4d83f985-9248-4905-a9b6-5742e2df77a8,Cindy Hyde-Smith,H001079,israel-military-aid,cosponsor,SRES. 890,2024-09-25,"A resolution condemning the brutal Hamas-led terrorist attack on Israel on October 7, 2023, and supporting an outcome that ensures the forever survival of Israel, the complete denial of the ability of Hamas to reconstitute in the region, and the safe release of United States hostages from the Gaza Strip."
4d83f985-9248-4905-a9b6-5742e2df77a8,Cindy Hyde-Smith,H001079,gun-policy,cosponsor,S. 3812,2024-09-12,FIREARM Act
4d83f985-9248-4905-a9b6-5742e2df77a8,Cindy Hyde-Smith,H001079,gun-policy,cosponsor,S. 4960,2024-08-01,Freedom from Unfair Gun Taxes Act
4d83f985-9248-4905-a9b6-5742e2df77a8,Cindy Hyde-Smith,H001079,gun-policy,cosponsor,S. 4972,2024-08-01,Lawful Purpose and Historical Firearms Act
4d83f985-9248-4905-a9b6-5742e2df77a8,Cindy Hyde-Smith,H001079,border-security,cosponsor,S. 4818,2024-07-25,Safeguarding Americans From Extremist Risk (SAFER) at the Border Act
4d83f985-9248-4905-a9b6-5742e2df77a8,Cindy Hyde-Smith,H001079,gun-policy,cosponsor,S. 4652,2024-07-10,Firearms Interstate Commerce Reform Act
4d83f985-9248-4905-a9b6-5742e2df77a8,Cindy Hyde-Smith,H001079,gun-policy,cosponsor,SJRES. 93,2024-06-05,"A joint resolution providing for congressional disapproval under chapter 8 of title 5, United States Code, of the rule submitted by the Department of Commerce relating to ""Revision of Firearms License Requirements""."
4d83f985-9248-4905-a9b6-5742e2df77a8,Cindy Hyde-Smith,H001079,gun-policy,cosponsor,SJRES. 83,2024-05-15,"A joint resolution providing for congressional disapproval under chapter 8 of title 5, United States Code, of the rule submitted by the Bureau of Alcohol, Tobacco, Firearms, and Explosives relating to ""Definition of 'Engaged in the Business' as a Dealer in Firearms""."
4d83f985-9248-4905-a9b6-5742e2df77a8,Cindy Hyde-Smith,H001079,israel-military-aid,cosponsor,S. 4337,2024-05-15,Israel Security Assistance Support Act
4d83f985-9248-4905-a9b6-5742e2df77a8,Cindy Hyde-Smith,H001079,israel-military-aid,cosponsor,SRES. 682,2024-05-09,A resolution condemning the decision by the Biden Administration to halt the shipment of United States made ammunition and weapons to the State of Israel.
4d83f985-9248-4905-a9b6-5742e2df77a8,Cindy Hyde-Smith,H001079,gun-policy,cosponsor,S. 909,2023-03-22,Tribal Firearm Access Act
4d83f985-9248-4905-a9b6-5742e2df77a8,Cindy Hyde-Smith,H001079,border-security,cosponsor,S. 3187,2023-11-01,Southern Border Transparency Act of 2023
4d83f985-9248-4905-a9b6-5742e2df77a8,Cindy Hyde-Smith,H001079,border-security,cosponsor,S. 348,2023-02-09,Asylum Abuse Reduction Act
4d83f985-9248-4905-a9b6-5742e2df77a8,Cindy Hyde-Smith,H001079,israel-military-aid,cosponsor,SCONRES. 14,2023-07-18,A concurrent resolution expressing the sense of Congress supporting the State of Israel.
4d83f985-9248-4905-a9b6-5742e2df77a8,Cindy Hyde-Smith,H001079,border-security,cosponsor,SJRES. 25,2023-04-25,"A joint resolution providing for congressional disapproval under chapter 8 of title 5, United States Code, of the rule submitted by the Department of Labor relating to ""Adverse Effect Wage Rate Methodology for the Temporary Employment of H-2A Nonimmigrants in Non-Range Occupations in the United States""."
4d83f985-9248-4905-a9b6-5742e2df77a8,Cindy Hyde-Smith,H001079,border-security,cosponsor,SRES. 45,2023-02-09,A resolution expressing the sense of the Senate that the current influx of migrants is causing a crisis at the southern border.
4d83f985-9248-4905-a9b6-5742e2df77a8,Cindy Hyde-Smith,H001079,israel-military-aid,cosponsor,SRES. 188,2023-05-09,"A resolution celebrating the 75th anniversary of the founding of the State of Israel, and for other purposes."
4d83f985-9248-4905-a9b6-5742e2df77a8,Cindy Hyde-Smith,H001079,border-security,cosponsor,S. 1192,2023-04-19,Stop Fentanyl Border Crossings Act
4d83f985-9248-4905-a9b6-5742e2df77a8,Cindy Hyde-Smith,H001079,border-security,cosponsor,SRES. 166,2023-04-20,A resolution honoring the efforts of the Coast Guard for excellence in maritime border security.
4d83f985-9248-4905-a9b6-5742e2df77a8,Cindy Hyde-Smith,H001079,gun-policy,cosponsor,S. 741,2023-03-09,Traveler's Gun Rights Act
4d83f985-9248-4905-a9b6-5742e2df77a8,Cindy Hyde-Smith,H001079,gun-policy,cosponsor,SJRES. 20,2023-03-15,"A joint resolution providing for congressional disapproval under chapter 8 of title 5, United States Code, of the rule submitted by the Department of Justice and the Bureau of Alcohol, Tobacco, Firearms and Explosives relating to ""Factoring Criteria for Firearms With Attached 'Stabilizing Braces'""."
4d83f985-9248-4905-a9b6-5742e2df77a8,Cindy Hyde-Smith,H001079,israel-military-aid,cosponsor,SRES. 417,2023-10-19,A resolution standing with Israel against terrorism.
4d83f985-9248-4905-a9b6-5742e2df77a8,Cindy Hyde-Smith,H001079,gun-policy,cosponsor,S. 1907,2023-06-08,Federal Firearms Licensee Protection Act of 2023
4d83f985-9248-4905-a9b6-5742e2df77a8,Cindy Hyde-Smith,H001079,border-security,cosponsor,S. 519,2023-02-16,A bill to prohibit individuals charged with or convicted of human trafficking or drug trafficking offenses committed near the border of the United States from receiving Federal benefits.
4d83f985-9248-4905-a9b6-5742e2df77a8,Cindy Hyde-Smith,H001079,gun-policy,cosponsor,S. 214,2023-02-01,Constitutional Concealed Carry Reciprocity Act of 2023
872f60a5-7ded-473b-87a8-a904d6ca4d6e,Cory Booker,B001288,cannabis-policy,sponsor,S. 5022,2026-07-16,Cannabis Administration and Opportunity Act
872f60a5-7ded-473b-87a8-a904d6ca4d6e,Cory Booker,B001288,gun-policy,sponsor,S. 4454,2026-04-30,Firearm Safety Act of 2026
872f60a5-7ded-473b-87a8-a904d6ca4d6e,Cory Booker,B001288,military-intervention,sponsor,SJRES. 183,2026-04-13,A joint resolution to direct the removal of United States Armed Forces from hostilities within or against the Islamic Republic of Iran that have not been authorized by Congress.
872f60a5-7ded-473b-87a8-a904d6ca4d6e,Cory Booker,B001288,military-intervention,sponsor,SJRES. 118,2026-03-05,A joint resolution to direct the removal of United States Armed Forces from hostilities within or against the Islamic Republic of Iran that have not been authorized by Congress.
872f60a5-7ded-473b-87a8-a904d6ca4d6e,Cory Booker,B001288,border-security,sponsor,S. 3702,2026-01-27,Dignity for Detained Immigrants Act
872f60a5-7ded-473b-87a8-a904d6ca4d6e,Cory Booker,B001288,gun-policy,sponsor,S. 3544,2025-12-17,Federal Firearm Licensing Act
872f60a5-7ded-473b-87a8-a904d6ca4d6e,Cory Booker,B001288,cannabis-policy,sponsor,S. 3537,2025-12-17,Marijuana in Federally Assisted Housing Parity Act of 2025
872f60a5-7ded-473b-87a8-a904d6ca4d6e,Cory Booker,B001288,gun-policy,sponsor,S. 2186,2025-06-26,Preventing Pretrial Gun Purchases Act
872f60a5-7ded-473b-87a8-a904d6ca4d6e,Cory Booker,B001288,border-security,sponsor,S. 2149,2025-06-24,Health Equity and Access under the Law for Immigrant Families Act of 2025
872f60a5-7ded-473b-87a8-a904d6ca4d6e,Cory Booker,B001288,gun-policy,sponsor,S. 3212,2023-11-02,Federal Firearm Licensing Act
872f60a5-7ded-473b-87a8-a904d6ca4d6e,Cory Booker,B001288,gun-policy,sponsor,S. 4612,2024-06-20,Preventing Pretrial Gun Purchases Act
872f60a5-7ded-473b-87a8-a904d6ca4d6e,Cory Booker,B001288,cannabis-policy,sponsor,S. 4226,2024-05-01,Cannabis Administration and Opportunity Act
872f60a5-7ded-473b-87a8-a904d6ca4d6e,Cory Booker,B001288,border-security,sponsor,S. 2646,2023-07-27,HEAL for Immigrant Families Act of 2023
872f60a5-7ded-473b-87a8-a904d6ca4d6e,Cory Booker,B001288,cannabis-policy,sponsor,S. 3671,2024-01-25,Marijuana in Federally Assisted Housing Parity Act of 2024
872f60a5-7ded-473b-87a8-a904d6ca4d6e,Cory Booker,B001288,gun-policy,sponsor,S. 1460,2023-05-04,Firearm Safety Act of 2023
872f60a5-7ded-473b-87a8-a904d6ca4d6e,Cory Booker,B001288,border-security,sponsor,S. 1208,2023-04-19,Dignity for Detained Immigrants Act of 2023
872f60a5-7ded-473b-87a8-a904d6ca4d6e,Cory Booker,B001288,minimum-wage,cosponsor,S. 4981,2026-08-07,Living Wage For All Act
872f60a5-7ded-473b-87a8-a904d6ca4d6e,Cory Booker,B001288,defense-spending,cosponsor,S. 5189,2026-07-30,"A bill to amend title 10, United States Code, and the National Defense Authorization Act for Fiscal Year 1994, to codify and clarify gender neutral standards for members of certain Armed Forces, and for other purposes."
872f60a5-7ded-473b-87a8-a904d6ca4d6e,Cory Booker,B001288,border-security,cosponsor,SRES. 796,2026-06-24,"A resolution recognizing the upcoming 250th anniversary of the United States of America and reaffirming the commitment of the Senate to the Nation's founding ideals of liberty, equality, and opportunity for all immigrant communities in the United States."
872f60a5-7ded-473b-87a8-a904d6ca4d6e,Cory Booker,B001288,gun-policy,cosponsor,S. 4776,2026-06-11,Gun Records Restoration and Preservation Act
872f60a5-7ded-473b-87a8-a904d6ca4d6e,Cory Booker,B001288,gun-policy,cosponsor,SRES. 756,2026-06-08,"A resolution expressing support for the designation of June 5, 2026, as ""National Gun Violence Awareness Day"" and June 2026 as ""National Gun Violence Awareness Month""."
872f60a5-7ded-473b-87a8-a904d6ca4d6e,Cory Booker,B001288,gun-policy,cosponsor,SCONRES. 34,2026-06-01,"A concurrent resolution recognizing the importance of saving lives, reducing gun violence, and strengthening public safety as the United States celebrates its 250th anniversary."
872f60a5-7ded-473b-87a8-a904d6ca4d6e,Cory Booker,B001288,military-intervention,cosponsor,SJRES. 163,2026-05-12,A joint resolution to direct the removal of United States Armed Forces from hostilities within or against the Islamic Republic of Iran that have not been authorized by Congress.
872f60a5-7ded-473b-87a8-a904d6ca4d6e,Cory Booker,B001288,military-intervention,cosponsor,SJRES. 191,2026-04-30,A joint resolution to direct removal of United States Armed Forces from hostilities within or against the Islamic Republic of Iran that have not been authorized by Congress.
872f60a5-7ded-473b-87a8-a904d6ca4d6e,Cory Booker,B001288,military-intervention,cosponsor,SJRES. 185,2026-04-27,A joint resolution to direct the removal of United States Armed Forces from hostilities within or against the Islamic Republic of Iran that have not been authorized by Congress.
872f60a5-7ded-473b-87a8-a904d6ca4d6e,Cory Booker,B001288,military-intervention,cosponsor,SJRES. 180,2026-04-21,A joint resolution to direct the removal of United States Armed Forces from hostilities within or against the Islamic Republic of Iran that have not been authorized by Congress.
872f60a5-7ded-473b-87a8-a904d6ca4d6e,Cory Booker,B001288,military-intervention,cosponsor,SJRES. 171,2026-04-20,A joint resolution to direct the removal of United States Armed Forces from hostilities within or against the Islamic Republic of Iran that have not been authorized by Congress.
872f60a5-7ded-473b-87a8-a904d6ca4d6e,Cory Booker,B001288,military-intervention,cosponsor,SJRES. 114,2026-04-16,A joint resolution to direct the removal of United States Armed Forces from hostilities within or against the Islamic Republic of Iran that have not been authorized by Congress.
872f60a5-7ded-473b-87a8-a904d6ca4d6e,Cory Booker,B001288,military-intervention,cosponsor,SJRES. 184,2026-04-16,A joint resolution to direct the removal of United States Armed Forces from hostilities within or against the Islamic Republic of Iran that have not been authorized by Congress.
872f60a5-7ded-473b-87a8-a904d6ca4d6e,Cory Booker,B001288,military-intervention,cosponsor,SJRES. 123,2026-03-10,A joint resolution to direct the removal of United States Armed Forces from hostilities within or against the Islamic Republic of Iran that have not been authorized by Congress.
872f60a5-7ded-473b-87a8-a904d6ca4d6e,Cory Booker,B001288,military-intervention,cosponsor,SJRES. 116,2026-03-05,A joint resolution to direct the removal of United States Armed Forces from hostilities within or against the Islamic Republic of Iran that have not been authorized by Congress.
872f60a5-7ded-473b-87a8-a904d6ca4d6e,Cory Booker,B001288,military-intervention,cosponsor,SJRES. 115,2026-03-05,A joint resolution to direct the removal of United States Armed Forces from hostilities within or against the Islamic Republic of Iran that have not been authorized by Congress.
872f60a5-7ded-473b-87a8-a904d6ca4d6e,Cory Booker,B001288,military-intervention,cosponsor,SJRES. 117,2026-03-05,A joint resolution to direct the removal of United States Armed Forces from hostilities within or against the Islamic Republic of Iran that have not been authorized by Congress.
872f60a5-7ded-473b-87a8-a904d6ca4d6e,Cory Booker,B001288,military-intervention,cosponsor,SJRES. 104,2026-03-04,A joint resolution to direct the removal of United States Armed Forces from hostilities within or against the Islamic Republic of Iran that have not been authorized by Congress.
872f60a5-7ded-473b-87a8-a904d6ca4d6e,Cory Booker,B001288,gun-policy,cosponsor,S. 3875,2026-02-12,Responsible Firearms Marketing Act
872f60a5-7ded-473b-87a8-a904d6ca4d6e,Cory Booker,B001288,gun-policy,cosponsor,SCONRES. 25,2026-01-08,"A concurrent resolution recognizing the 15th anniversary of the January 8, 2011, Tucson, Arizona, shooting and honoring the survivors and victims, including former Congresswoman Gabby Giffords, a gun violence survivor and one of the most influential voices of courage in the United States in the fight to end gun violence."
872f60a5-7ded-473b-87a8-a904d6ca4d6e,Cory Booker,B001288,military-intervention,cosponsor,SJRES. 98,2026-01-06,A joint resolution to direct the removal of United States Armed Forces from hostilities within or against Venezuela that have not been authorized by Congress.
872f60a5-7ded-473b-87a8-a904d6ca4d6e,Cory Booker,B001288,2020-election,cosponsor,SRES. 574,2026-01-06,"A resolution observing the fifth anniversary of the attack on the United States Capitol on January 6, 2021, and recognizing the essential work of United States Capitol personnel, including the United States Capitol Police."
872f60a5-7ded-473b-87a8-a904d6ca4d6e,Cory Booker,B001288,2020-election,cosponsor,S. 3582,2026-01-06,No Rewards for January 6 Rioters Act
872f60a5-7ded-473b-87a8-a904d6ca4d6e,Cory Booker,B001288,2020-election,cosponsor,S. 3581,2026-01-06,No Settlements for January 6 Law Enforcement Assaulters Act
872f60a5-7ded-473b-87a8-a904d6ca4d6e,Cory Booker,B001288,gun-policy,cosponsor,S. 3512,2025-12-16,Medicare Investment and Gun Violence Prevention Act
872f60a5-7ded-473b-87a8-a904d6ca4d6e,Cory Booker,B001288,gun-policy,cosponsor,S. 3458,2025-12-11,Background Check Completion Act of 2025
872f60a5-7ded-473b-87a8-a904d6ca4d6e,Cory Booker,B001288,gun-policy,cosponsor,S. 3214,2025-11-19,Background Check Expansion Act
872f60a5-7ded-473b-87a8-a904d6ca4d6e,Cory Booker,B001288,gun-policy,cosponsor,S. 2514,2025-07-29,Gun Violence Prevention Research Act of 2025
872f60a5-7ded-473b-87a8-a904d6ca4d6e,Cory Booker,B001288,gun-policy,cosponsor,S. 2192,2025-06-26,Clean Hands Firearm Procurement Act
872f60a5-7ded-473b-87a8-a904d6ca4d6e,Cory Booker,B001288,gun-policy,cosponsor,S. 2165,2025-06-25,3D Printed Gun Safety Act of 2025
872f60a5-7ded-473b-87a8-a904d6ca4d6e,Cory Booker,B001288,gun-policy,cosponsor,S. 2154,2025-06-24,Protecting Kids from Gun Marketing Act
872f60a5-7ded-473b-87a8-a904d6ca4d6e,Cory Booker,B001288,gun-policy,cosponsor,S. 2158,2025-06-24,Stopping the Fraudulent Sale of Firearms Act
872f60a5-7ded-473b-87a8-a904d6ca4d6e,Cory Booker,B001288,gun-policy,cosponsor,S. 2157,2025-06-24,Gun Violence Prevention Through Financial Intelligence Act
872f60a5-7ded-473b-87a8-a904d6ca4d6e,Cory Booker,B001288,gun-policy,cosponsor,S. 1955,2025-06-04,Equal Access to Justice for Victims of Gun Violence Act
872f60a5-7ded-473b-87a8-a904d6ca4d6e,Cory Booker,B001288,gun-policy,cosponsor,SRES. 260,2025-06-02,"A resolution expressing support for the designation of June 6, 2025, as ""National Gun Violence Awareness Day"" and June 2025 as ""National Gun Violence Awareness Month""."
872f60a5-7ded-473b-87a8-a904d6ca4d6e,Cory Booker,B001288,israel-military-aid,cosponsor,S. 554,2025-05-22,United States-Israel Defense Partnership Act of 2025
872f60a5-7ded-473b-87a8-a904d6ca4d6e,Cory Booker,B001288,israel-military-aid,cosponsor,SRES. 227,2025-05-14,"A resolution condemning Hamas for its premeditated, coordinated, and brutal terrorist attacks on October 7, 2023, against Israel and demanding that Hamas immediately release all remaining hostages and return them to safety, and for other purposes."
872f60a5-7ded-473b-87a8-a904d6ca4d6e,Cory Booker,B001288,gun-policy,cosponsor,S. 1531,2025-04-30,Assault Weapons Ban of 2025
872f60a5-7ded-473b-87a8-a904d6ca4d6e,Cory Booker,B001288,minimum-wage,cosponsor,S. 1332,2025-04-08,Raise the Wage Act of 2025
872f60a5-7ded-473b-87a8-a904d6ca4d6e,Cory Booker,B001288,gun-policy,cosponsor,S. 1294,2025-04-03,Federal Firearm Licensee Act
872f60a5-7ded-473b-87a8-a904d6ca4d6e,Cory Booker,B001288,gun-policy,cosponsor,S. 595,2025-02-13,Office of Gun Violence Prevention Act of 2025
872f60a5-7ded-473b-87a8-a904d6ca4d6e,Cory Booker,B001288,gun-policy,cosponsor,S. 468,2025-02-06,SECURE Firearm Storage Act
872f60a5-7ded-473b-87a8-a904d6ca4d6e,Cory Booker,B001288,gun-policy,cosponsor,S. 5209,2024-09-25,Clean Hands Firearm Procurement Act
872f60a5-7ded-473b-87a8-a904d6ca4d6e,Cory Booker,B001288,gun-policy,cosponsor,S. 4706,2024-07-11,Federal Firearm Licensee Act
872f60a5-7ded-473b-87a8-a904d6ca4d6e,Cory Booker,B001288,gun-policy,cosponsor,SRES. 716,2024-06-03,"A resolution expressing support for the designation of June 7, 2024, as ""National Gun Violence Awareness Day"" and June 2024 as ""National Gun Violence Awareness Month""."
872f60a5-7ded-473b-87a8-a904d6ca4d6e,Cory Booker,B001288,minimum-wage,cosponsor,S. 2488,2023-07-25,Raise the Wage Act of 2023
872f60a5-7ded-473b-87a8-a904d6ca4d6e,Cory Booker,B001288,gun-policy,cosponsor,S. 2048,2023-06-20,Equal Access to Justice for Victims of Gun Violence Act
872f60a5-7ded-473b-87a8-a904d6ca4d6e,Cory Booker,B001288,gun-policy,cosponsor,S. 1819,2023-06-06,3D Printed Gun Safety Act of 2023
872f60a5-7ded-473b-87a8-a904d6ca4d6e,Cory Booker,B001288,israel-military-aid,cosponsor,SRES. 408,2023-10-17,"A resolution condemning Hamas for its premeditated, coordinated, and brutal terrorist attacks on Israel and demanding that Hamas immediately release all hostages and return them to safety, and for other purposes."
872f60a5-7ded-473b-87a8-a904d6ca4d6e,Cory Booker,B001288,border-security,cosponsor,SRES. 243,2023-06-08,"A resolution recognizing the month of June 2023 as ""Immigrant Heritage Month"", a celebration of the accomplishments and contributions of immigrants and their children in making the United States a healthier, safer, more diverse, prosperous country, and acknowledging the importance of immigrants and their children to the future successes of the United States."
872f60a5-7ded-473b-87a8-a904d6ca4d6e,Cory Booker,B001288,gun-policy,cosponsor,S. 252,2023-03-14,Protecting Kids from Gun Marketing Act
872f60a5-7ded-473b-87a8-a904d6ca4d6e,Cory Booker,B001288,israel-military-aid,cosponsor,SRES. 188,2023-05-02,"A resolution celebrating the 75th anniversary of the founding of the State of Israel, and for other purposes."
872f60a5-7ded-473b-87a8-a904d6ca4d6e,Cory Booker,B001288,border-security,cosponsor,S. 1343,2023-04-27,Fair Adjudications for Immigrants Act
872f60a5-7ded-473b-87a8-a904d6ca4d6e,Cory Booker,B001288,gun-policy,cosponsor,S. 1026,2023-03-29,Gun Violence Prevention Research Act of 2023
872f60a5-7ded-473b-87a8-a904d6ca4d6e,Cory Booker,B001288,gun-policy,cosponsor,S. 25,2023-01-23,Assault Weapons Ban of 2023
872f60a5-7ded-473b-87a8-a904d6ca4d6e,Cory Booker,B001288,cannabis-policy,cosponsor,S. 1204,2023-04-19,Veterans Medical Marijuana Safe Harbor Act.
872f60a5-7ded-473b-87a8-a904d6ca4d6e,Cory Booker,B001288,gun-policy,cosponsor,S. 1116,2023-03-30,Background Check Completion Act of 2023
872f60a5-7ded-473b-87a8-a904d6ca4d6e,Cory Booker,B001288,gun-policy,cosponsor,S. 3407,2023-12-05,Gun Violence Prevention and Community Safety Act of 2023
872f60a5-7ded-473b-87a8-a904d6ca4d6e,Cory Booker,B001288,gun-policy,cosponsor,S. 598,2023-03-01,Gun Records Restoration and Preservation Act
872f60a5-7ded-473b-87a8-a904d6ca4d6e,Cory Booker,B001288,israel-military-aid,cosponsor,SRES. 417,2023-10-19,A resolution standing with Israel against terrorism.
872f60a5-7ded-473b-87a8-a904d6ca4d6e,Cory Booker,B001288,gun-policy,cosponsor,S. 2794,2023-09-13,Stopping the Fraudulent Sales of Firearms Act
872f60a5-7ded-473b-87a8-a904d6ca4d6e,Cory Booker,B001288,gun-policy,cosponsor,S. 2652,2023-07-27,Ghost Guns and Untraceable Firearms Act of 2023
872f60a5-7ded-473b-87a8-a904d6ca4d6e,Cory Booker,B001288,gun-policy,cosponsor,S. 2381,2023-07-19,National Instant Criminal Background Check System (NICS) Data Integrity Act of 2023
872f60a5-7ded-473b-87a8-a904d6ca4d6e,Cory Booker,B001288,gun-policy,cosponsor,S. 1893,2023-06-08,Resources for Victims of Gun Violence Act of 2023
872f60a5-7ded-473b-87a8-a904d6ca4d6e,Cory Booker,B001288,gun-policy,cosponsor,S. 1826,2023-06-06,Keeping Gun Dealers Honest Act of 2023
872f60a5-7ded-473b-87a8-a904d6ca4d6e,Cory Booker,B001288,gun-policy,cosponsor,S. 1825,2023-06-06,Gun Violence Prevention Through Financial Intelligence Act
872f60a5-7ded-473b-87a8-a904d6ca4d6e,Cory Booker,B001288,gun-policy,cosponsor,SRES. 231,2023-06-01,"A resolution expressing support for the designation of June 2, 2023, as ""National Gun Violence Awareness Day"" and June 2023 as ""National Gun Violence Awareness Month""."
872f60a5-7ded-473b-87a8-a904d6ca4d6e,Cory Booker,B001288,gun-policy,cosponsor,S. 1737,2023-05-18,Responsible Firearms Marketing Act
872f60a5-7ded-473b-87a8-a904d6ca4d6e,Cory Booker,B001288,gun-policy,cosponsor,S. 494,2023-02-16,Background Check Expansion Act
d04b548f-8655-40f6-8d27-9989f473a828,Cynthia Lummis,L000571,gun-policy,sponsor,S. 4972,2024-08-01,Lawful Purpose and Historical Firearms Act
d04b548f-8655-40f6-8d27-9989f473a828,Cynthia Lummis,L000571,gun-policy,cosponsor,SRES. 826,2026-08-06,"A resolution honoring the contributions of small manufacturers of firearms to the economy, culture, and recreational heritage of the United States and recognizing the month of August 2026 as ""National Shooting Sports Month""."
d04b548f-8655-40f6-8d27-9989f473a828,Cynthia Lummis,L000571,gun-policy,cosponsor,S. 3916,2026-02-25,Gun Owner Registration Information Protection Act
d04b548f-8655-40f6-8d27-9989f473a828,Cynthia Lummis,L000571,israel-military-aid,cosponsor,SRES. 438,2025-10-07,"A resolution condemning the brutal Hamas-led terrorist attack on the State of Israel on October 7, 2023, and supporting an outcome that ensures the forever survival of Israel, the complete denial of Hamas's ability to reconstitute in the region, and the release of all the remaining hostages from the Gaza Strip, including two United States citizens."
d04b548f-8655-40f6-8d27-9989f473a828,Cynthia Lummis,L000571,border-security,cosponsor,S. 2967,2025-10-02,Border Lands Conservation Act
d04b548f-8655-40f6-8d27-9989f473a828,Cynthia Lummis,L000571,israel-military-aid,cosponsor,S. 1521,2025-09-29,Stand with Israel Act
d04b548f-8655-40f6-8d27-9989f473a828,Cynthia Lummis,L000571,gun-policy,cosponsor,SRES. 342,2025-07-29,"A resolution honoring the contributions of small manufacturers of firearms to the economy, culture, and recreational heritage of the United States and recognizing August 2025 as ""National Shooting Sports Month""."
d04b548f-8655-40f6-8d27-9989f473a828,Cynthia Lummis,L000571,border-security,cosponsor,S. 771,2025-02-27,End FEMA Benefits for Illegal Immigrants Act
d04b548f-8655-40f6-8d27-9989f473a828,Cynthia Lummis,L000571,gun-policy,cosponsor,S. 119,2025-01-16,No Retaining Every Gun In a System That Restricts Your Rights Act
d04b548f-8655-40f6-8d27-9989f473a828,Cynthia Lummis,L000571,gun-policy,cosponsor,S. 89,2025-01-14,Sporting Firearms Access Act of 2025
d04b548f-8655-40f6-8d27-9989f473a828,Cynthia Lummis,L000571,gun-policy,cosponsor,S. 65,2025-01-09,Constitutional Concealed Carry Reciprocity Act of 2025
d04b548f-8655-40f6-8d27-9989f473a828,Cynthia Lummis,L000571,israel-military-aid,cosponsor,SRES. 890,2024-09-25,"A resolution condemning the brutal Hamas-led terrorist attack on Israel on October 7, 2023, and supporting an outcome that ensures the forever survival of Israel, the complete denial of the ability of Hamas to reconstitute in the region, and the safe release of United States hostages from the Gaza Strip."
d04b548f-8655-40f6-8d27-9989f473a828,Cynthia Lummis,L000571,border-security,cosponsor,S. 4818,2024-07-25,Safeguarding Americans From Extremist Risk (SAFER) at the Border Act
d04b548f-8655-40f6-8d27-9989f473a828,Cynthia Lummis,L000571,israel-military-aid,cosponsor,S. 3210,2023-11-02,"Israel Security Supplemental Appropriations Act, 2024"
d04b548f-8655-40f6-8d27-9989f473a828,Cynthia Lummis,L000571,gun-policy,cosponsor,S. 4652,2024-07-10,Firearms Interstate Commerce Reform Act
d04b548f-8655-40f6-8d27-9989f473a828,Cynthia Lummis,L000571,gun-policy,cosponsor,SJRES. 93,2024-06-05,"A joint resolution providing for congressional disapproval under chapter 8 of title 5, United States Code, of the rule submitted by the Department of Commerce relating to ""Revision of Firearms License Requirements""."
d04b548f-8655-40f6-8d27-9989f473a828,Cynthia Lummis,L000571,gun-policy,cosponsor,SJRES. 83,2024-05-15,"A joint resolution providing for congressional disapproval under chapter 8 of title 5, United States Code, of the rule submitted by the Bureau of Alcohol, Tobacco, Firearms, and Explosives relating to ""Definition of 'Engaged in the Business' as a Dealer in Firearms""."
d04b548f-8655-40f6-8d27-9989f473a828,Cynthia Lummis,L000571,israel-military-aid,cosponsor,S. 4337,2024-05-15,Israel Security Assistance Support Act
d04b548f-8655-40f6-8d27-9989f473a828,Cynthia Lummis,L000571,israel-military-aid,cosponsor,SRES. 682,2024-05-09,A resolution condemning the decision by the Biden Administration to halt the shipment of United States made ammunition and weapons to the State of Israel.
d04b548f-8655-40f6-8d27-9989f473a828,Cynthia Lummis,L000571,gun-policy,cosponsor,S. 3531,2023-12-14,Protect American Gun Exporters Act
d04b548f-8655-40f6-8d27-9989f473a828,Cynthia Lummis,L000571,border-security,cosponsor,S. 3187,2023-11-01,Southern Border Transparency Act of 2023
d04b548f-8655-40f6-8d27-9989f473a828,Cynthia Lummis,L000571,israel-military-aid,cosponsor,S. 3168,2023-10-30,Israel Supplemental Appropriations Act of 2023
d04b548f-8655-40f6-8d27-9989f473a828,Cynthia Lummis,L000571,border-security,cosponsor,S. 2824,2023-09-14,Secure the Border Act of 2023
d04b548f-8655-40f6-8d27-9989f473a828,Cynthia Lummis,L000571,gun-policy,cosponsor,S. 1680,2023-05-18,Gun Owner Registration Information Protection Act
d04b548f-8655-40f6-8d27-9989f473a828,Cynthia Lummis,L000571,border-security,cosponsor,SJRES. 25,2023-04-25,"A joint resolution providing for congressional disapproval under chapter 8 of title 5, United States Code, of the rule submitted by the Department of Labor relating to ""Adverse Effect Wage Rate Methodology for the Temporary Employment of H-2A Nonimmigrants in Non-Range Occupations in the United States""."
d04b548f-8655-40f6-8d27-9989f473a828,Cynthia Lummis,L000571,gun-policy,cosponsor,S. 3812,2024-02-27,FIREARM Act
d04b548f-8655-40f6-8d27-9989f473a828,Cynthia Lummis,L000571,border-security,cosponsor,S. 3708,2024-01-31,A bill to reprogram Federal funds appropriated for UNRWA to construct the southwest border wall and to prohibit future funding for UNRWA.
d04b548f-8655-40f6-8d27-9989f473a828,Cynthia Lummis,L000571,border-security,cosponsor,S. 1192,2023-04-19,Stop Fentanyl Border Crossings Act
d04b548f-8655-40f6-8d27-9989f473a828,Cynthia Lummis,L000571,border-security,cosponsor,SRES. 166,2023-04-20,A resolution honoring the efforts of the Coast Guard for excellence in maritime border security.
d04b548f-8655-40f6-8d27-9989f473a828,Cynthia Lummis,L000571,border-security,cosponsor,S. 1312,2023-04-26,Securing our Border Act
d04b548f-8655-40f6-8d27-9989f473a828,Cynthia Lummis,L000571,gun-policy,cosponsor,S. 741,2023-03-09,Traveler's Gun Rights Act
d04b548f-8655-40f6-8d27-9989f473a828,Cynthia Lummis,L000571,gun-policy,cosponsor,SJRES. 20,2023-03-15,"A joint resolution providing for congressional disapproval under chapter 8 of title 5, United States Code, of the rule submitted by the Department of Justice and the Bureau of Alcohol, Tobacco, Firearms and Explosives relating to ""Factoring Criteria for Firearms With Attached 'Stabilizing Braces'""."
d04b548f-8655-40f6-8d27-9989f473a828,Cynthia Lummis,L000571,israel-military-aid,cosponsor,SRES. 445,2023-11-27,A resolution recognizing the importance of the economic relationship between the United States and Israel and affirming that trade facilitated by the United States-Israel Free Trade Agreement is a tool to support the economy of Israel during the conflict with Hamas.
d04b548f-8655-40f6-8d27-9989f473a828,Cynthia Lummis,L000571,israel-military-aid,cosponsor,S. 3135,2023-10-26,Israel Supplemental Appropriations Act of 2023
d04b548f-8655-40f6-8d27-9989f473a828,Cynthia Lummis,L000571,israel-military-aid,cosponsor,SRES. 417,2023-10-19,A resolution standing with Israel against terrorism.
d04b548f-8655-40f6-8d27-9989f473a828,Cynthia Lummis,L000571,border-security,cosponsor,S. 1479,2023-05-09,Make the Migrant Protection Protocols Mandatory Act of 2023
d04b548f-8655-40f6-8d27-9989f473a828,Cynthia Lummis,L000571,gun-policy,cosponsor,S. 214,2023-02-01,Constitutional Concealed Carry Reciprocity Act of 2023
a97678bc-8844-4560-87b1-5ef4f8013d96,Dan Sullivan,S001198,israel-military-aid,sponsor,S. 554,2025-02-12,United States-Israel Defense Partnership Act of 2025
a97678bc-8844-4560-87b1-5ef4f8013d96,Dan Sullivan,S001198,israel-military-aid,cosponsor,S. 3855,2026-03-05,"United States-Israel Framework for Upgraded Technologies, Unified Research, and Enhanced Security (FUTURES) Act of 2026"
a97678bc-8844-4560-87b1-5ef4f8013d96,Dan Sullivan,S001198,israel-military-aid,cosponsor,SRES. 438,2025-10-07,"A resolution condemning the brutal Hamas-led terrorist attack on the State of Israel on October 7, 2023, and supporting an outcome that ensures the forever survival of Israel, the complete denial of Hamas's ability to reconstitute in the region, and the release of all the remaining hostages from the Gaza Strip, including two United States citizens."
a97678bc-8844-4560-87b1-5ef4f8013d96,Dan Sullivan,S001198,gun-policy,cosponsor,SRES. 342,2025-08-02,"A resolution honoring the contributions of small manufacturers of firearms to the economy, culture, and recreational heritage of the United States and recognizing August 2025 as ""National Shooting Sports Month""."
a97678bc-8844-4560-87b1-5ef4f8013d96,Dan Sullivan,S001198,israel-military-aid,cosponsor,SRES. 307,2025-07-24,A resolution expressing the sense of the Senate in support of the recent United States and Israeli military strikes on Iran.
a97678bc-8844-4560-87b1-5ef4f8013d96,Dan Sullivan,S001198,gun-policy,cosponsor,S. 65,2025-01-09,Constitutional Concealed Carry Reciprocity Act of 2025
a97678bc-8844-4560-87b1-5ef4f8013d96,Dan Sullivan,S001198,israel-military-aid,cosponsor,S. 5303,2024-11-13,Stand with Israel Act
a97678bc-8844-4560-87b1-5ef4f8013d96,Dan Sullivan,S001198,gun-policy,cosponsor,S. 3812,2024-11-12,FIREARM Act
a97678bc-8844-4560-87b1-5ef4f8013d96,Dan Sullivan,S001198,israel-military-aid,cosponsor,SRES. 890,2024-09-25,"A resolution condemning the brutal Hamas-led terrorist attack on Israel on October 7, 2023, and supporting an outcome that ensures the forever survival of Israel, the complete denial of the ability of Hamas to reconstitute in the region, and the safe release of United States hostages from the Gaza Strip."
a97678bc-8844-4560-87b1-5ef4f8013d96,Dan Sullivan,S001198,gun-policy,cosponsor,SJRES. 93,2024-06-12,"A joint resolution providing for congressional disapproval under chapter 8 of title 5, United States Code, of the rule submitted by the Department of Commerce relating to ""Revision of Firearms License Requirements""."
a97678bc-8844-4560-87b1-5ef4f8013d96,Dan Sullivan,S001198,gun-policy,cosponsor,SJRES. 83,2024-05-15,"A joint resolution providing for congressional disapproval under chapter 8 of title 5, United States Code, of the rule submitted by the Bureau of Alcohol, Tobacco, Firearms, and Explosives relating to ""Definition of 'Engaged in the Business' as a Dealer in Firearms""."
a97678bc-8844-4560-87b1-5ef4f8013d96,Dan Sullivan,S001198,israel-military-aid,cosponsor,S. 4337,2024-05-15,Israel Security Assistance Support Act
a97678bc-8844-4560-87b1-5ef4f8013d96,Dan Sullivan,S001198,israel-military-aid,cosponsor,SRES. 682,2024-05-09,A resolution condemning the decision by the Biden Administration to halt the shipment of United States made ammunition and weapons to the State of Israel.
a97678bc-8844-4560-87b1-5ef4f8013d96,Dan Sullivan,S001198,border-security,cosponsor,S. 3187,2023-11-07,Southern Border Transparency Act of 2023
a97678bc-8844-4560-87b1-5ef4f8013d96,Dan Sullivan,S001198,border-security,cosponsor,S. 3013,2023-10-04,A bill to permanently authorize the exemption of aliens working as fish processors from the numerical limitation on H-2B nonimmigrant visas.
a97678bc-8844-4560-87b1-5ef4f8013d96,Dan Sullivan,S001198,israel-military-aid,cosponsor,SRES. 408,2023-11-07,"A resolution condemning Hamas for its premeditated, coordinated, and brutal terrorist attacks on Israel and demanding that Hamas immediately release all hostages and return them to safety, and for other purposes."
a97678bc-8844-4560-87b1-5ef4f8013d96,Dan Sullivan,S001198,border-security,cosponsor,S. 2824,2023-09-29,Secure the Border Act of 2023
a97678bc-8844-4560-87b1-5ef4f8013d96,Dan Sullivan,S001198,israel-military-aid,cosponsor,SCONRES. 14,2023-07-18,A concurrent resolution expressing the sense of Congress supporting the State of Israel.
a97678bc-8844-4560-87b1-5ef4f8013d96,Dan Sullivan,S001198,border-security,cosponsor,SRES. 166,2023-04-20,A resolution honoring the efforts of the Coast Guard for excellence in maritime border security.
a97678bc-8844-4560-87b1-5ef4f8013d96,Dan Sullivan,S001198,israel-military-aid,cosponsor,SRES. 188,2023-05-02,"A resolution celebrating the 75th anniversary of the founding of the State of Israel, and for other purposes."
a97678bc-8844-4560-87b1-5ef4f8013d96,Dan Sullivan,S001198,gun-policy,cosponsor,SJRES. 20,2023-03-15,"A joint resolution providing for congressional disapproval under chapter 8 of title 5, United States Code, of the rule submitted by the Department of Justice and the Bureau of Alcohol, Tobacco, Firearms and Explosives relating to ""Factoring Criteria for Firearms With Attached 'Stabilizing Braces'""."
a97678bc-8844-4560-87b1-5ef4f8013d96,Dan Sullivan,S001198,israel-military-aid,cosponsor,SRES. 445,2023-11-27,A resolution recognizing the importance of the economic relationship between the United States and Israel and affirming that trade facilitated by the United States-Israel Free Trade Agreement is a tool to support the economy of Israel during the conflict with Hamas.
a97678bc-8844-4560-87b1-5ef4f8013d96,Dan Sullivan,S001198,israel-military-aid,cosponsor,SRES. 462,2023-11-14,"A resolution emphasizing the urgency of responding to attacks in Israel and the greater region from the Islamic Republic of Iran and its proxies, and for other purposes."
a97678bc-8844-4560-87b1-5ef4f8013d96,Dan Sullivan,S001198,cannabis-policy,cosponsor,S. 326,2023-02-09,VA Medicinal Cannabis Research Act of 2023
a97678bc-8844-4560-87b1-5ef4f8013d96,Dan Sullivan,S001198,israel-military-aid,cosponsor,SRES. 417,2023-10-19,A resolution standing with Israel against terrorism.
a97678bc-8844-4560-87b1-5ef4f8013d96,Dan Sullivan,S001198,border-security,cosponsor,S. 2999,2023-09-29,Keep Our Border Agents Paid Act
a97678bc-8844-4560-87b1-5ef4f8013d96,Dan Sullivan,S001198,border-security,cosponsor,S. 1312,2023-05-04,Securing our Border Act
a97678bc-8844-4560-87b1-5ef4f8013d96,Dan Sullivan,S001198,gun-policy,cosponsor,S. 214,2023-02-01,Constitutional Concealed Carry Reciprocity Act of 2023
4f411143-634b-4e11-ab61-78acaf22ddfb,Dave McCormick,M001243,gun-policy,cosponsor,S. 89,2025-11-20,Sporting Firearms Access Act of 2025
4f411143-634b-4e11-ab61-78acaf22ddfb,Dave McCormick,M001243,gun-policy,cosponsor,S. 966,2025-11-10,Traveler's Gun Rights Act
4f411143-634b-4e11-ab61-78acaf22ddfb,Dave McCormick,M001243,israel-military-aid,cosponsor,SRES. 438,2025-10-07,"A resolution condemning the brutal Hamas-led terrorist attack on the State of Israel on October 7, 2023, and supporting an outcome that ensures the forever survival of Israel, the complete denial of Hamas's ability to reconstitute in the region, and the release of all the remaining hostages from the Gaza Strip, including two United States citizens."
4f411143-634b-4e11-ab61-78acaf22ddfb,Dave McCormick,M001243,gun-policy,cosponsor,SRES. 342,2025-07-29,"A resolution honoring the contributions of small manufacturers of firearms to the economy, culture, and recreational heritage of the United States and recognizing August 2025 as ""National Shooting Sports Month""."
4f411143-634b-4e11-ab61-78acaf22ddfb,Dave McCormick,M001243,israel-military-aid,cosponsor,SRES. 307,2025-06-26,A resolution expressing the sense of the Senate in support of the recent United States and Israeli military strikes on Iran.
4f411143-634b-4e11-ab61-78acaf22ddfb,Dave McCormick,M001243,israel-military-aid,cosponsor,S. 1521,2025-04-30,Stand with Israel Act
4f411143-634b-4e11-ab61-78acaf22ddfb,Dave McCormick,M001243,israel-military-aid,cosponsor,S. 554,2025-03-26,United States-Israel Defense Partnership Act of 2025
4f411143-634b-4e11-ab61-78acaf22ddfb,Dave McCormick,M001243,gun-policy,cosponsor,S. 65,2025-01-09,Constitutional Concealed Carry Reciprocity Act of 2025
3149d855-8d85-4080-b0d6-fb83be500533,Deb Fischer,F000463,gun-policy,cosponsor,S. 4671,2026-06-16,Federal Firearms Licensee Protection Act of 2026
3149d855-8d85-4080-b0d6-fb83be500533,Deb Fischer,F000463,israel-military-aid,cosponsor,SRES. 438,2025-10-07,"A resolution condemning the brutal Hamas-led terrorist attack on the State of Israel on October 7, 2023, and supporting an outcome that ensures the forever survival of Israel, the complete denial of Hamas's ability to reconstitute in the region, and the release of all the remaining hostages from the Gaza Strip, including two United States citizens."
3149d855-8d85-4080-b0d6-fb83be500533,Deb Fischer,F000463,gun-policy,cosponsor,SRES. 342,2025-07-29,"A resolution honoring the contributions of small manufacturers of firearms to the economy, culture, and recreational heritage of the United States and recognizing August 2025 as ""National Shooting Sports Month""."
3149d855-8d85-4080-b0d6-fb83be500533,Deb Fischer,F000463,israel-military-aid,cosponsor,SRES. 307,2025-06-26,A resolution expressing the sense of the Senate in support of the recent United States and Israeli military strikes on Iran.
3149d855-8d85-4080-b0d6-fb83be500533,Deb Fischer,F000463,israel-military-aid,cosponsor,S. 1521,2025-04-30,Stand with Israel Act
3149d855-8d85-4080-b0d6-fb83be500533,Deb Fischer,F000463,gun-policy,cosponsor,S. 1169,2025-03-27,Freedom from Unfair Gun Taxes Act
3149d855-8d85-4080-b0d6-fb83be500533,Deb Fischer,F000463,gun-policy,cosponsor,S. 65,2025-01-09,Constitutional Concealed Carry Reciprocity Act of 2025
3149d855-8d85-4080-b0d6-fb83be500533,Deb Fischer,F000463,israel-military-aid,cosponsor,S. 5303,2024-11-13,Stand with Israel Act
3149d855-8d85-4080-b0d6-fb83be500533,Deb Fischer,F000463,israel-military-aid,cosponsor,SRES. 890,2024-09-25,"A resolution condemning the brutal Hamas-led terrorist attack on Israel on October 7, 2023, and supporting an outcome that ensures the forever survival of Israel, the complete denial of the ability of Hamas to reconstitute in the region, and the safe release of United States hostages from the Gaza Strip."
3149d855-8d85-4080-b0d6-fb83be500533,Deb Fischer,F000463,gun-policy,cosponsor,S. 4960,2024-08-01,Freedom from Unfair Gun Taxes Act
3149d855-8d85-4080-b0d6-fb83be500533,Deb Fischer,F000463,gun-policy,cosponsor,SJRES. 93,2024-06-05,"A joint resolution providing for congressional disapproval under chapter 8 of title 5, United States Code, of the rule submitted by the Department of Commerce relating to ""Revision of Firearms License Requirements""."
3149d855-8d85-4080-b0d6-fb83be500533,Deb Fischer,F000463,gun-policy,cosponsor,SJRES. 83,2024-05-15,"A joint resolution providing for congressional disapproval under chapter 8 of title 5, United States Code, of the rule submitted by the Bureau of Alcohol, Tobacco, Firearms, and Explosives relating to ""Definition of 'Engaged in the Business' as a Dealer in Firearms""."
3149d855-8d85-4080-b0d6-fb83be500533,Deb Fischer,F000463,israel-military-aid,cosponsor,S. 4337,2024-05-15,Israel Security Assistance Support Act
3149d855-8d85-4080-b0d6-fb83be500533,Deb Fischer,F000463,israel-military-aid,cosponsor,SRES. 682,2024-05-09,A resolution condemning the decision by the Biden Administration to halt the shipment of United States made ammunition and weapons to the State of Israel.
3149d855-8d85-4080-b0d6-fb83be500533,Deb Fischer,F000463,israel-military-aid,cosponsor,SRES. 617,2024-03-22,A resolution expressing the sense of the Senate that Israel has the inherent right to defend itself and take necessary steps to eradicate the terrorist threat posed by Hamas.
3149d855-8d85-4080-b0d6-fb83be500533,Deb Fischer,F000463,israel-military-aid,cosponsor,SRES. 505,2023-12-14,A resolution condemning the use of sexual violence and rape as a weapon of war by the terrorist group Hamas against the people of Israel.
3149d855-8d85-4080-b0d6-fb83be500533,Deb Fischer,F000463,border-security,cosponsor,S. 2824,2023-09-14,Secure the Border Act of 2023
3149d855-8d85-4080-b0d6-fb83be500533,Deb Fischer,F000463,israel-military-aid,cosponsor,SCONRES. 14,2023-07-18,A concurrent resolution expressing the sense of Congress supporting the State of Israel.
3149d855-8d85-4080-b0d6-fb83be500533,Deb Fischer,F000463,israel-military-aid,cosponsor,S. 1802,2023-06-01,United States-Israel Future of Warfare Act of 2023
3149d855-8d85-4080-b0d6-fb83be500533,Deb Fischer,F000463,border-security,cosponsor,SJRES. 25,2023-04-25,"A joint resolution providing for congressional disapproval under chapter 8 of title 5, United States Code, of the rule submitted by the Department of Labor relating to ""Adverse Effect Wage Rate Methodology for the Temporary Employment of H-2A Nonimmigrants in Non-Range Occupations in the United States""."
3149d855-8d85-4080-b0d6-fb83be500533,Deb Fischer,F000463,border-security,cosponsor,SRES. 45,2023-02-09,A resolution expressing the sense of the Senate that the current influx of migrants is causing a crisis at the southern border.
3149d855-8d85-4080-b0d6-fb83be500533,Deb Fischer,F000463,gun-policy,cosponsor,SJRES. 20,2023-03-15,"A joint resolution providing for congressional disapproval under chapter 8 of title 5, United States Code, of the rule submitted by the Department of Justice and the Bureau of Alcohol, Tobacco, Firearms and Explosives relating to ""Factoring Criteria for Firearms With Attached 'Stabilizing Braces'""."
3149d855-8d85-4080-b0d6-fb83be500533,Deb Fischer,F000463,border-security,cosponsor,S. 3187,2024-01-08,Southern Border Transparency Act of 2023
3149d855-8d85-4080-b0d6-fb83be500533,Deb Fischer,F000463,israel-military-aid,cosponsor,SRES. 445,2023-11-27,A resolution recognizing the importance of the economic relationship between the United States and Israel and affirming that trade facilitated by the United States-Israel Free Trade Agreement is a tool to support the economy of Israel during the conflict with Hamas.
3149d855-8d85-4080-b0d6-fb83be500533,Deb Fischer,F000463,israel-military-aid,cosponsor,SRES. 417,2023-10-19,A resolution standing with Israel against terrorism.
3149d855-8d85-4080-b0d6-fb83be500533,Deb Fischer,F000463,border-security,cosponsor,S. 2905,2023-09-27,No Asylum for CCP Spies Act
3149d855-8d85-4080-b0d6-fb83be500533,Deb Fischer,F000463,gun-policy,cosponsor,S. 1907,2023-06-08,Federal Firearms Licensee Protection Act of 2023
3149d855-8d85-4080-b0d6-fb83be500533,Deb Fischer,F000463,gun-policy,cosponsor,S. 214,2023-02-01,Constitutional Concealed Carry Reciprocity Act of 2023
faf86b5b-5add-4afb-a8e2-96b3e8be4b78,Edward J. Markey,M000133,border-security,sponsor,SRES. 796,2026-06-24,"A resolution recognizing the upcoming 250th anniversary of the United States of America and reaffirming the commitment of the Senate to the Nation's founding ideals of liberty, equality, and opportunity for all immigrant communities in the United States."
faf86b5b-5add-4afb-a8e2-96b3e8be4b78,Edward J. Markey,M000133,gun-policy,sponsor,S. 2514,2025-07-29,Gun Violence Prevention Research Act of 2025
faf86b5b-5add-4afb-a8e2-96b3e8be4b78,Edward J. Markey,M000133,gun-policy,sponsor,S. 2165,2025-06-25,3D Printed Gun Safety Act of 2025
faf86b5b-5add-4afb-a8e2-96b3e8be4b78,Edward J. Markey,M000133,gun-policy,sponsor,S. 2154,2025-06-24,Protecting Kids from Gun Marketing Act
faf86b5b-5add-4afb-a8e2-96b3e8be4b78,Edward J. Markey,M000133,gun-policy,sponsor,S. 2155,2025-06-24,Keeping Gun Dealers Honest Act of 2025
faf86b5b-5add-4afb-a8e2-96b3e8be4b78,Edward J. Markey,M000133,gun-policy,sponsor,S. 2157,2025-06-24,Gun Violence Prevention Through Financial Intelligence Act
faf86b5b-5add-4afb-a8e2-96b3e8be4b78,Edward J. Markey,M000133,gun-policy,sponsor,S. 1466,2025-04-10,Resources for Victims of Gun Violence Act of 2025
faf86b5b-5add-4afb-a8e2-96b3e8be4b78,Edward J. Markey,M000133,gun-policy,sponsor,S. 1819,2023-06-06,3D Printed Gun Safety Act of 2023
faf86b5b-5add-4afb-a8e2-96b3e8be4b78,Edward J. Markey,M000133,gun-policy,sponsor,S. 1826,2023-06-06,Keeping Gun Dealers Honest Act of 2023
faf86b5b-5add-4afb-a8e2-96b3e8be4b78,Edward J. Markey,M000133,gun-policy,sponsor,S. 1825,2023-06-06,Gun Violence Prevention Through Financial Intelligence Act
faf86b5b-5add-4afb-a8e2-96b3e8be4b78,Edward J. Markey,M000133,gun-policy,sponsor,S. 1026,2023-03-29,Gun Violence Prevention Research Act of 2023
faf86b5b-5add-4afb-a8e2-96b3e8be4b78,Edward J. Markey,M000133,gun-policy,sponsor,S. 252,2023-02-02,Protecting Kids from Gun Marketing Act
faf86b5b-5add-4afb-a8e2-96b3e8be4b78,Edward J. Markey,M000133,defense-spending,cosponsor,S. 5189,2026-07-30,"A bill to amend title 10, United States Code, and the National Defense Authorization Act for Fiscal Year 1994, to codify and clarify gender neutral standards for members of certain Armed Forces, and for other purposes."
faf86b5b-5add-4afb-a8e2-96b3e8be4b78,Edward J. Markey,M000133,cannabis-policy,cosponsor,S. 5022,2026-07-16,Cannabis Administration and Opportunity Act
faf86b5b-5add-4afb-a8e2-96b3e8be4b78,Edward J. Markey,M000133,military-intervention,cosponsor,SJRES. 161,2026-06-24,A joint resolution to direct the removal of United States Armed Forces from hostilities within or against the Islamic Republic of Iran that have not been authorized by Congress.
faf86b5b-5add-4afb-a8e2-96b3e8be4b78,Edward J. Markey,M000133,gun-policy,cosponsor,S. 4776,2026-06-11,Gun Records Restoration and Preservation Act
faf86b5b-5add-4afb-a8e2-96b3e8be4b78,Edward J. Markey,M000133,military-intervention,cosponsor,SJRES. 104,2026-03-02,A joint resolution to direct the removal of United States Armed Forces from hostilities within or against the Islamic Republic of Iran that have not been authorized by Congress.
faf86b5b-5add-4afb-a8e2-96b3e8be4b78,Edward J. Markey,M000133,gun-policy,cosponsor,S. 3875,2026-02-12,Responsible Firearms Marketing Act
faf86b5b-5add-4afb-a8e2-96b3e8be4b78,Edward J. Markey,M000133,border-security,cosponsor,S. 3702,2026-01-27,Dignity for Detained Immigrants Act
faf86b5b-5add-4afb-a8e2-96b3e8be4b78,Edward J. Markey,M000133,gun-policy,cosponsor,SCONRES. 25,2026-01-08,"A concurrent resolution recognizing the 15th anniversary of the January 8, 2011, Tucson, Arizona, shooting and honoring the survivors and victims, including former Congresswoman Gabby Giffords, a gun violence survivor and one of the most influential voices of courage in the United States in the fight to end gun violence."
faf86b5b-5add-4afb-a8e2-96b3e8be4b78,Edward J. Markey,M000133,military-intervention,cosponsor,SJRES. 98,2026-01-06,A joint resolution to direct the removal of United States Armed Forces from hostilities within or against Venezuela that have not been authorized by Congress.
faf86b5b-5add-4afb-a8e2-96b3e8be4b78,Edward J. Markey,M000133,2020-election,cosponsor,SRES. 574,2026-01-06,"A resolution observing the fifth anniversary of the attack on the United States Capitol on January 6, 2021, and recognizing the essential work of United States Capitol personnel, including the United States Capitol Police."
faf86b5b-5add-4afb-a8e2-96b3e8be4b78,Edward J. Markey,M000133,2020-election,cosponsor,S. 3582,2026-01-06,No Rewards for January 6 Rioters Act
faf86b5b-5add-4afb-a8e2-96b3e8be4b78,Edward J. Markey,M000133,2020-election,cosponsor,S. 3581,2026-01-06,No Settlements for January 6 Law Enforcement Assaulters Act
faf86b5b-5add-4afb-a8e2-96b3e8be4b78,Edward J. Markey,M000133,gun-policy,cosponsor,S. 3458,2025-12-11,Background Check Completion Act of 2025
faf86b5b-5add-4afb-a8e2-96b3e8be4b78,Edward J. Markey,M000133,gun-policy,cosponsor,S. 3214,2025-11-19,Background Check Expansion Act
faf86b5b-5add-4afb-a8e2-96b3e8be4b78,Edward J. Markey,M000133,military-intervention,cosponsor,SJRES. 90,2025-11-05,A joint resolution to direct the removal of United States Armed Forces from hostilities within or against Venezuela that have not been authorized by Congress.
faf86b5b-5add-4afb-a8e2-96b3e8be4b78,Edward J. Markey,M000133,border-security,cosponsor,S. 2149,2025-06-24,Health Equity and Access under the Law for Immigrant Families Act of 2025
faf86b5b-5add-4afb-a8e2-96b3e8be4b78,Edward J. Markey,M000133,gun-policy,cosponsor,S. 1955,2025-06-04,Equal Access to Justice for Victims of Gun Violence Act
faf86b5b-5add-4afb-a8e2-96b3e8be4b78,Edward J. Markey,M000133,gun-policy,cosponsor,SRES. 260,2025-06-02,"A resolution expressing support for the designation of June 6, 2025, as ""National Gun Violence Awareness Day"" and June 2025 as ""National Gun Violence Awareness Month""."
faf86b5b-5add-4afb-a8e2-96b3e8be4b78,Edward J. Markey,M000133,gun-policy,cosponsor,S. 1531,2025-04-30,Assault Weapons Ban of 2025
faf86b5b-5add-4afb-a8e2-96b3e8be4b78,Edward J. Markey,M000133,minimum-wage,cosponsor,S. 1332,2025-04-08,Raise the Wage Act of 2025
faf86b5b-5add-4afb-a8e2-96b3e8be4b78,Edward J. Markey,M000133,gun-policy,cosponsor,S. 468,2025-02-06,SECURE Firearm Storage Act
faf86b5b-5add-4afb-a8e2-96b3e8be4b78,Edward J. Markey,M000133,cannabis-policy,cosponsor,S. 4226,2024-05-01,Cannabis Administration and Opportunity Act
faf86b5b-5add-4afb-a8e2-96b3e8be4b78,Edward J. Markey,M000133,minimum-wage,cosponsor,S. 2488,2023-07-25,Raise the Wage Act of 2023
faf86b5b-5add-4afb-a8e2-96b3e8be4b78,Edward J. Markey,M000133,gun-policy,cosponsor,S. 2048,2023-06-20,Equal Access to Justice for Victims of Gun Violence Act
faf86b5b-5add-4afb-a8e2-96b3e8be4b78,Edward J. Markey,M000133,israel-military-aid,cosponsor,SRES. 408,2023-11-07,"A resolution condemning Hamas for its premeditated, coordinated, and brutal terrorist attacks on Israel and demanding that Hamas immediately release all hostages and return them to safety, and for other purposes."
faf86b5b-5add-4afb-a8e2-96b3e8be4b78,Edward J. Markey,M000133,border-security,cosponsor,SRES. 243,2023-06-08,"A resolution recognizing the month of June 2023 as ""Immigrant Heritage Month"", a celebration of the accomplishments and contributions of immigrants and their children in making the United States a healthier, safer, more diverse, prosperous country, and acknowledging the importance of immigrants and their children to the future successes of the United States."
faf86b5b-5add-4afb-a8e2-96b3e8be4b78,Edward J. Markey,M000133,border-security,cosponsor,S. 1343,2023-04-27,Fair Adjudications for Immigrants Act
faf86b5b-5add-4afb-a8e2-96b3e8be4b78,Edward J. Markey,M000133,gun-policy,cosponsor,S. 25,2023-01-23,Assault Weapons Ban of 2023
faf86b5b-5add-4afb-a8e2-96b3e8be4b78,Edward J. Markey,M000133,gun-policy,cosponsor,S. 1116,2023-03-30,Background Check Completion Act of 2023
faf86b5b-5add-4afb-a8e2-96b3e8be4b78,Edward J. Markey,M000133,gun-policy,cosponsor,S. 3407,2023-12-05,Gun Violence Prevention and Community Safety Act of 2023
faf86b5b-5add-4afb-a8e2-96b3e8be4b78,Edward J. Markey,M000133,gun-policy,cosponsor,S. 598,2023-03-01,Gun Records Restoration and Preservation Act
faf86b5b-5add-4afb-a8e2-96b3e8be4b78,Edward J. Markey,M000133,israel-military-aid,cosponsor,SRES. 417,2023-10-19,A resolution standing with Israel against terrorism.
faf86b5b-5add-4afb-a8e2-96b3e8be4b78,Edward J. Markey,M000133,israel-military-aid,cosponsor,HJRES. 265,,A joint resolution imploring the Union of Soviet Socialist Republics to release Doctor Semyon Gluzman from prison and permit him and his family to immigrate to Israel.
faf86b5b-5add-4afb-a8e2-96b3e8be4b78,Edward J. Markey,M000133,minimum-wage,cosponsor,HR. 3764,,A bill to amend the Fair Labor Standards Act of 1938 to provide that blind persons may not be employed at less than the applicable minimum wage under that Act.
faf86b5b-5add-4afb-a8e2-96b3e8be4b78,Edward J. Markey,M000133,israel-military-aid,cosponsor,HCONRES. 202,,"A concurrent resolution urging the Soviet Union to allow Ida Nudel to emigrate to Israel, and for other purposes."
faf86b5b-5add-4afb-a8e2-96b3e8be4b78,Edward J. Markey,M000133,israel-military-aid,cosponsor,HRES. 1329,,A resolution calling upon the President to communicate to the Government of the Soviet Union the concern of the United States that Isaac Zlotver be granted permission to emigrate to Israel in order to be reunited with his family.
faf86b5b-5add-4afb-a8e2-96b3e8be4b78,Edward J. Markey,M000133,border-security,cosponsor,HR. 4975,,"An Act to amend the Public Health Service Act to extend through the fiscal year ending September 30, 1978, the assistance programs for health services research; health statistics; comprehensive public health services; hypertension programs; migrant health; community health centers; medical libraries; cancer control programs; the National Cancer Institute; heart, blood vessel, lung, and blood disease prevention and control programs; the National Heart, Lung, and Blood Institute; National Research Service Awards; population research and voluntary family planning programs; sudden infant death syndrome; hemophilia; national health planning and development; and health resources development; to amend the Community Mental Health Centers Act to extend it through the fiscal year ending September 30, 1978; to extend the assistance programs for home health services; and for other purposes."
faf86b5b-5add-4afb-a8e2-96b3e8be4b78,Edward J. Markey,M000133,gun-policy,cosponsor,HR. 4926,,"A bill to amend the Federal Aviation Act of 1958 to provide a criminal penalty for placing, attempting to place, or attempting to have placed a loaded firearm aboard an aircraft."
faf86b5b-5add-4afb-a8e2-96b3e8be4b78,Edward J. Markey,M000133,israel-military-aid,cosponsor,HJRES. 1098,,A resolution imploring the Union of Soviet Socialist Republics to release Doctor Semyon Gluzman from prison and permit him and his family to immigrate to Israel.
faf86b5b-5add-4afb-a8e2-96b3e8be4b78,Edward J. Markey,M000133,gun-policy,cosponsor,HR. 3412,,"A bill to amend the Federal Aviation Act of 1958 to provide a criminal penalty for placing, attempting to place, or attempting to have placed a loaded firearm aboard an aircraft."
faf86b5b-5add-4afb-a8e2-96b3e8be4b78,Edward J. Markey,M000133,israel-military-aid,cosponsor,HCONRES. 202,,"A concurrent resolution urging the Soviet Union to allow Ida Nudel to emigrate to Israel, and for other purposes."
faf86b5b-5add-4afb-a8e2-96b3e8be4b78,Edward J. Markey,M000133,gun-policy,cosponsor,S. 2652,2023-07-27,Ghost Guns and Untraceable Firearms Act of 2023
faf86b5b-5add-4afb-a8e2-96b3e8be4b78,Edward J. Markey,M000133,border-security,cosponsor,S. 2646,2023-07-27,HEAL for Immigrant Families Act of 2023
faf86b5b-5add-4afb-a8e2-96b3e8be4b78,Edward J. Markey,M000133,gun-policy,cosponsor,S. 1893,2023-06-08,Resources for Victims of Gun Violence Act of 2023
faf86b5b-5add-4afb-a8e2-96b3e8be4b78,Edward J. Markey,M000133,gun-policy,cosponsor,SRES. 231,2023-06-01,"A resolution expressing support for the designation of June 2, 2023, as ""National Gun Violence Awareness Day"" and June 2023 as ""National Gun Violence Awareness Month""."
faf86b5b-5add-4afb-a8e2-96b3e8be4b78,Edward J. Markey,M000133,gun-policy,cosponsor,S. 1737,2023-05-18,Responsible Firearms Marketing Act
faf86b5b-5add-4afb-a8e2-96b3e8be4b78,Edward J. Markey,M000133,border-security,cosponsor,S. 1208,2023-04-19,Dignity for Detained Immigrants Act of 2023
faf86b5b-5add-4afb-a8e2-96b3e8be4b78,Edward J. Markey,M000133,gun-policy,cosponsor,S. 494,2023-02-16,Background Check Expansion Act
faf86b5b-5add-4afb-a8e2-96b3e8be4b78,Edward J. Markey,M000133,gun-policy,cosponsor,S. 246,2023-02-02,SECURE Firearm Storage Act
ebe10065-0025-46e5-897e-7a81e4c77ecf,Elissa Slotkin,S001208,border-security,sponsor,HR. 6392,2023-11-13,Border Security and Migrant Safety Act of 2023
ebe10065-0025-46e5-897e-7a81e4c77ecf,Elissa Slotkin,S001208,gun-policy,sponsor,HR. 2390,2023-03-29,Gun Violence Prevention Research Act of 2023
ebe10065-0025-46e5-897e-7a81e4c77ecf,Elissa Slotkin,S001208,gun-policy,sponsor,HR. 2392,2023-03-29,Pause for Gun Safety Act
ebe10065-0025-46e5-897e-7a81e4c77ecf,Elissa Slotkin,S001208,defense-spending,cosponsor,S. 5189,2026-07-30,"A bill to amend title 10, United States Code, and the National Defense Authorization Act for Fiscal Year 1994, to codify and clarify gender neutral standards for members of certain Armed Forces, and for other purposes."
ebe10065-0025-46e5-897e-7a81e4c77ecf,Elissa Slotkin,S001208,gun-policy,cosponsor,SCONRES. 25,2026-01-08,"A concurrent resolution recognizing the 15th anniversary of the January 8, 2011, Tucson, Arizona, shooting and honoring the survivors and victims, including former Congresswoman Gabby Giffords, a gun violence survivor and one of the most influential voices of courage in the United States in the fight to end gun violence."
ebe10065-0025-46e5-897e-7a81e4c77ecf,Elissa Slotkin,S001208,gun-policy,cosponsor,S. 3214,2025-11-19,Background Check Expansion Act
ebe10065-0025-46e5-897e-7a81e4c77ecf,Elissa Slotkin,S001208,gun-policy,cosponsor,S. 2514,2025-07-29,Gun Violence Prevention Research Act of 2025
ebe10065-0025-46e5-897e-7a81e4c77ecf,Elissa Slotkin,S001208,gun-policy,cosponsor,S. 1531,2025-04-30,Assault Weapons Ban of 2025
ebe10065-0025-46e5-897e-7a81e4c77ecf,Elissa Slotkin,S001208,minimum-wage,cosponsor,S. 1332,2025-04-09,Raise the Wage Act of 2025
ebe10065-0025-46e5-897e-7a81e4c77ecf,Elissa Slotkin,S001208,border-security,cosponsor,HR. 2806,2024-01-30,U.S. Customs and Border Protection Rural and Remote Hiring and Retention Strategy Act of 2023
ebe10065-0025-46e5-897e-7a81e4c77ecf,Elissa Slotkin,S001208,border-security,cosponsor,HR. 5839,2024-01-30,Maritime Border Security Technology Improvement Act
ebe10065-0025-46e5-897e-7a81e4c77ecf,Elissa Slotkin,S001208,israel-military-aid,cosponsor,HRES. 966,2024-01-16,Condemning rape and sexual violence committed by Hamas in its war against Israel.
ebe10065-0025-46e5-897e-7a81e4c77ecf,Elissa Slotkin,S001208,israel-military-aid,cosponsor,HR. 2454,2023-11-21,United States-Israel PTSD Collaborative Research Act
ebe10065-0025-46e5-897e-7a81e4c77ecf,Elissa Slotkin,S001208,israel-military-aid,cosponsor,HRES. 793,2023-10-17,Calling on Hamas to immediately release hostages taken during October 2023 attack on Israel.
ebe10065-0025-46e5-897e-7a81e4c77ecf,Elissa Slotkin,S001208,israel-military-aid,cosponsor,HRES. 778,2023-10-12,Demanding Senator Tommy Tuberville stop threatening United States and Israel security.
ebe10065-0025-46e5-897e-7a81e4c77ecf,Elissa Slotkin,S001208,israel-military-aid,cosponsor,HRES. 771,2023-10-11,Standing with Israel as it defends itself against the barbaric war launched by Hamas and other terrorists.
ebe10065-0025-46e5-897e-7a81e4c77ecf,Elissa Slotkin,S001208,israel-military-aid,cosponsor,HRES. 768,2023-10-10,Standing with Israel as it defends itself against the barbaric war launched by Hamas and other terrorists.
ebe10065-0025-46e5-897e-7a81e4c77ecf,Elissa Slotkin,S001208,israel-military-aid,cosponsor,HRES. 770,2023-10-10,"Condemning an act of war against Israel by Hamas, the Palestinian Islamic Jihad, and associated forces, and for other purposes."
ebe10065-0025-46e5-897e-7a81e4c77ecf,Elissa Slotkin,S001208,minimum-wage,cosponsor,HR. 4889,2023-07-25,Raise the Wage Act of 2023
ebe10065-0025-46e5-897e-7a81e4c77ecf,Elissa Slotkin,S001208,israel-military-aid,cosponsor,HR. 4709,2023-07-18,U.S.-Israel Anti-Killer Drone Act of 2023
ebe10065-0025-46e5-897e-7a81e4c77ecf,Elissa Slotkin,S001208,israel-military-aid,cosponsor,HR. 1777,2023-06-06,United States-Israel Future of Warfare Act of 2023
ebe10065-0025-46e5-897e-7a81e4c77ecf,Elissa Slotkin,S001208,gun-policy,cosponsor,HRES. 459,2023-05-31,"Expressing support for the designation of June 2, 2023, as ""National Gun Violence Awareness Day"" and June 2023 as ""National Gun Violence Awareness Month""."
ebe10065-0025-46e5-897e-7a81e4c77ecf,Elissa Slotkin,S001208,gun-policy,cosponsor,HR. 2897,2023-04-26,End Gun Violence Act of 2023
ebe10065-0025-46e5-897e-7a81e4c77ecf,Elissa Slotkin,S001208,gun-policy,cosponsor,HR. 1699,2023-03-28,Office of Gun Violence Prevention Act of 2023
ebe10065-0025-46e5-897e-7a81e4c77ecf,Elissa Slotkin,S001208,israel-military-aid,cosponsor,HRES. 92,2023-02-02,Recognizing Israel as America's legitimate and democratic ally and condemning antisemitism.
ebe10065-0025-46e5-897e-7a81e4c77ecf,Elissa Slotkin,S001208,gun-policy,cosponsor,HR. 715,2023-02-01,Bipartisan Background Checks Act of 2023
ebe10065-0025-46e5-897e-7a81e4c77ecf,Elissa Slotkin,S001208,gun-policy,cosponsor,HR. 698,2023-02-01,Assault Weapons Ban of 2023
dd08c9de-076d-40ee-ab27-9298bbb72d1a,Elizabeth Warren,W000817,gun-policy,sponsor,S. 3407,2023-12-05,Gun Violence Prevention and Community Safety Act of 2023
dd08c9de-076d-40ee-ab27-9298bbb72d1a,Elizabeth Warren,W000817,defense-spending,cosponsor,S. 5189,2026-07-30,"A bill to amend title 10, United States Code, and the National Defense Authorization Act for Fiscal Year 1994, to codify and clarify gender neutral standards for members of certain Armed Forces, and for other purposes."
dd08c9de-076d-40ee-ab27-9298bbb72d1a,Elizabeth Warren,W000817,cannabis-policy,cosponsor,S. 5022,2026-07-16,Cannabis Administration and Opportunity Act
dd08c9de-076d-40ee-ab27-9298bbb72d1a,Elizabeth Warren,W000817,border-security,cosponsor,SRES. 796,2026-06-24,"A resolution recognizing the upcoming 250th anniversary of the United States of America and reaffirming the commitment of the Senate to the Nation's founding ideals of liberty, equality, and opportunity for all immigrant communities in the United States."
dd08c9de-076d-40ee-ab27-9298bbb72d1a,Elizabeth Warren,W000817,gun-policy,cosponsor,S. 4454,2026-04-30,Firearm Safety Act of 2026
dd08c9de-076d-40ee-ab27-9298bbb72d1a,Elizabeth Warren,W000817,military-intervention,cosponsor,SJRES. 104,2026-03-02,A joint resolution to direct the removal of United States Armed Forces from hostilities within or against the Islamic Republic of Iran that have not been authorized by Congress.
dd08c9de-076d-40ee-ab27-9298bbb72d1a,Elizabeth Warren,W000817,gun-policy,cosponsor,S. 3875,2026-02-12,Responsible Firearms Marketing Act
dd08c9de-076d-40ee-ab27-9298bbb72d1a,Elizabeth Warren,W000817,border-security,cosponsor,S. 3702,2026-01-27,Dignity for Detained Immigrants Act
dd08c9de-076d-40ee-ab27-9298bbb72d1a,Elizabeth Warren,W000817,2020-election,cosponsor,S. 3582,2026-01-06,No Rewards for January 6 Rioters Act
dd08c9de-076d-40ee-ab27-9298bbb72d1a,Elizabeth Warren,W000817,2020-election,cosponsor,S. 3581,2026-01-06,No Settlements for January 6 Law Enforcement Assaulters Act
dd08c9de-076d-40ee-ab27-9298bbb72d1a,Elizabeth Warren,W000817,gun-policy,cosponsor,S. 3544,2025-12-17,Federal Firearm Licensing Act
dd08c9de-076d-40ee-ab27-9298bbb72d1a,Elizabeth Warren,W000817,gun-policy,cosponsor,S. 3458,2025-12-11,Background Check Completion Act of 2025
dd08c9de-076d-40ee-ab27-9298bbb72d1a,Elizabeth Warren,W000817,gun-policy,cosponsor,S. 3214,2025-11-19,Background Check Expansion Act
dd08c9de-076d-40ee-ab27-9298bbb72d1a,Elizabeth Warren,W000817,gun-policy,cosponsor,S. 2514,2025-07-29,Gun Violence Prevention Research Act of 2025
dd08c9de-076d-40ee-ab27-9298bbb72d1a,Elizabeth Warren,W000817,gun-policy,cosponsor,S. 2192,2025-06-26,Clean Hands Firearm Procurement Act
dd08c9de-076d-40ee-ab27-9298bbb72d1a,Elizabeth Warren,W000817,gun-policy,cosponsor,S. 2165,2025-06-25,3D Printed Gun Safety Act of 2025
dd08c9de-076d-40ee-ab27-9298bbb72d1a,Elizabeth Warren,W000817,gun-policy,cosponsor,S. 2154,2025-06-24,Protecting Kids from Gun Marketing Act
dd08c9de-076d-40ee-ab27-9298bbb72d1a,Elizabeth Warren,W000817,gun-policy,cosponsor,S. 2157,2025-06-24,Gun Violence Prevention Through Financial Intelligence Act
dd08c9de-076d-40ee-ab27-9298bbb72d1a,Elizabeth Warren,W000817,border-security,cosponsor,S. 2149,2025-06-24,Health Equity and Access under the Law for Immigrant Families Act of 2025
dd08c9de-076d-40ee-ab27-9298bbb72d1a,Elizabeth Warren,W000817,border-security,cosponsor,S. 1965,2025-06-05,Protect Vulnerable Immigrant Youth Act
dd08c9de-076d-40ee-ab27-9298bbb72d1a,Elizabeth Warren,W000817,gun-policy,cosponsor,S. 1955,2025-06-04,Equal Access to Justice for Victims of Gun Violence Act
dd08c9de-076d-40ee-ab27-9298bbb72d1a,Elizabeth Warren,W000817,gun-policy,cosponsor,S. 1531,2025-04-30,Assault Weapons Ban of 2025
dd08c9de-076d-40ee-ab27-9298bbb72d1a,Elizabeth Warren,W000817,gun-policy,cosponsor,S. 1466,2025-04-10,Resources for Victims of Gun Violence Act of 2025
dd08c9de-076d-40ee-ab27-9298bbb72d1a,Elizabeth Warren,W000817,minimum-wage,cosponsor,S. 1332,2025-04-08,Raise the Wage Act of 2025
dd08c9de-076d-40ee-ab27-9298bbb72d1a,Elizabeth Warren,W000817,gun-policy,cosponsor,S. 468,2025-02-06,SECURE Firearm Storage Act
dd08c9de-076d-40ee-ab27-9298bbb72d1a,Elizabeth Warren,W000817,gun-policy,cosponsor,S. 5209,2024-09-25,Clean Hands Firearm Procurement Act
dd08c9de-076d-40ee-ab27-9298bbb72d1a,Elizabeth Warren,W000817,gun-policy,cosponsor,S. 3212,2023-11-02,Federal Firearm Licensing Act
dd08c9de-076d-40ee-ab27-9298bbb72d1a,Elizabeth Warren,W000817,israel-military-aid,cosponsor,SRES. 505,2024-05-22,A resolution condemning the use of sexual violence and rape as a weapon of war by the terrorist group Hamas against the people of Israel.
dd08c9de-076d-40ee-ab27-9298bbb72d1a,Elizabeth Warren,W000817,cannabis-policy,cosponsor,S. 4226,2024-05-01,Cannabis Administration and Opportunity Act
dd08c9de-076d-40ee-ab27-9298bbb72d1a,Elizabeth Warren,W000817,minimum-wage,cosponsor,S. 2488,2023-07-25,Raise the Wage Act of 2023
dd08c9de-076d-40ee-ab27-9298bbb72d1a,Elizabeth Warren,W000817,gun-policy,cosponsor,S. 2048,2023-06-20,Equal Access to Justice for Victims of Gun Violence Act
dd08c9de-076d-40ee-ab27-9298bbb72d1a,Elizabeth Warren,W000817,border-security,cosponsor,SRES. 243,2023-06-08,"A resolution recognizing the month of June 2023 as ""Immigrant Heritage Month"", a celebration of the accomplishments and contributions of immigrants and their children in making the United States a healthier, safer, more diverse, prosperous country, and acknowledging the importance of immigrants and their children to the future successes of the United States."
dd08c9de-076d-40ee-ab27-9298bbb72d1a,Elizabeth Warren,W000817,gun-policy,cosponsor,S. 1460,2023-05-04,Firearm Safety Act of 2023
dd08c9de-076d-40ee-ab27-9298bbb72d1a,Elizabeth Warren,W000817,border-security,cosponsor,S. 1343,2023-04-27,Fair Adjudications for Immigrants Act
dd08c9de-076d-40ee-ab27-9298bbb72d1a,Elizabeth Warren,W000817,gun-policy,cosponsor,S. 1026,2023-03-29,Gun Violence Prevention Research Act of 2023
dd08c9de-076d-40ee-ab27-9298bbb72d1a,Elizabeth Warren,W000817,gun-policy,cosponsor,S. 25,2023-01-23,Assault Weapons Ban of 2023
dd08c9de-076d-40ee-ab27-9298bbb72d1a,Elizabeth Warren,W000817,gun-policy,cosponsor,S. 1116,2023-03-30,Background Check Completion Act of 2023
dd08c9de-076d-40ee-ab27-9298bbb72d1a,Elizabeth Warren,W000817,gun-policy,cosponsor,S. 598,2023-03-01,Gun Records Restoration and Preservation Act
dd08c9de-076d-40ee-ab27-9298bbb72d1a,Elizabeth Warren,W000817,gun-policy,cosponsor,S. 252,2023-02-02,Protecting Kids from Gun Marketing Act
dd08c9de-076d-40ee-ab27-9298bbb72d1a,Elizabeth Warren,W000817,israel-military-aid,cosponsor,SRES. 417,2023-10-19,A resolution standing with Israel against terrorism.
dd08c9de-076d-40ee-ab27-9298bbb72d1a,Elizabeth Warren,W000817,gun-policy,cosponsor,S. 2652,2023-07-27,Ghost Guns and Untraceable Firearms Act of 2023
dd08c9de-076d-40ee-ab27-9298bbb72d1a,Elizabeth Warren,W000817,border-security,cosponsor,S. 2646,2023-07-27,HEAL for Immigrant Families Act of 2023
dd08c9de-076d-40ee-ab27-9298bbb72d1a,Elizabeth Warren,W000817,gun-policy,cosponsor,S. 1893,2023-06-08,Resources for Victims of Gun Violence Act of 2023
dd08c9de-076d-40ee-ab27-9298bbb72d1a,Elizabeth Warren,W000817,gun-policy,cosponsor,S. 1825,2023-06-06,Gun Violence Prevention Through Financial Intelligence Act
dd08c9de-076d-40ee-ab27-9298bbb72d1a,Elizabeth Warren,W000817,gun-policy,cosponsor,S. 1825,2023-06-06,Gun Violence Prevention Through Financial Intelligence Act
dd08c9de-076d-40ee-ab27-9298bbb72d1a,Elizabeth Warren,W000817,gun-policy,cosponsor,S. 1737,2023-05-18,Responsible Firearms Marketing Act
dd08c9de-076d-40ee-ab27-9298bbb72d1a,Elizabeth Warren,W000817,border-security,cosponsor,S. 1208,2023-04-19,Dignity for Detained Immigrants Act of 2023
dd08c9de-076d-40ee-ab27-9298bbb72d1a,Elizabeth Warren,W000817,gun-policy,cosponsor,S. 494,2023-02-16,Background Check Expansion Act
dd08c9de-076d-40ee-ab27-9298bbb72d1a,Elizabeth Warren,W000817,gun-policy,cosponsor,S. 246,2023-02-02,SECURE Firearm Storage Act
274c286d-a292-4e3f-b570-6c2d7ae9c209,Eric Schmitt,S001227,israel-military-aid,cosponsor,SRES. 438,2025-10-07,"A resolution condemning the brutal Hamas-led terrorist attack on the State of Israel on October 7, 2023, and supporting an outcome that ensures the forever survival of Israel, the complete denial of Hamas's ability to reconstitute in the region, and the release of all the remaining hostages from the Gaza Strip, including two United States citizens."
274c286d-a292-4e3f-b570-6c2d7ae9c209,Eric Schmitt,S001227,gun-policy,cosponsor,S. 65,2025-01-09,Constitutional Concealed Carry Reciprocity Act of 2025
274c286d-a292-4e3f-b570-6c2d7ae9c209,Eric Schmitt,S001227,israel-military-aid,cosponsor,S. 5303,2024-11-13,Stand with Israel Act
274c286d-a292-4e3f-b570-6c2d7ae9c209,Eric Schmitt,S001227,israel-military-aid,cosponsor,SRES. 890,2024-09-25,"A resolution condemning the brutal Hamas-led terrorist attack on Israel on October 7, 2023, and supporting an outcome that ensures the forever survival of Israel, the complete denial of the ability of Hamas to reconstitute in the region, and the safe release of United States hostages from the Gaza Strip."
274c286d-a292-4e3f-b570-6c2d7ae9c209,Eric Schmitt,S001227,border-security,cosponsor,S. 4818,2024-07-25,Safeguarding Americans From Extremist Risk (SAFER) at the Border Act
274c286d-a292-4e3f-b570-6c2d7ae9c209,Eric Schmitt,S001227,gun-policy,cosponsor,SJRES. 93,2024-06-05,"A joint resolution providing for congressional disapproval under chapter 8 of title 5, United States Code, of the rule submitted by the Department of Commerce relating to ""Revision of Firearms License Requirements""."
274c286d-a292-4e3f-b570-6c2d7ae9c209,Eric Schmitt,S001227,gun-policy,cosponsor,SJRES. 83,2024-05-15,"A joint resolution providing for congressional disapproval under chapter 8 of title 5, United States Code, of the rule submitted by the Bureau of Alcohol, Tobacco, Firearms, and Explosives relating to ""Definition of 'Engaged in the Business' as a Dealer in Firearms""."
274c286d-a292-4e3f-b570-6c2d7ae9c209,Eric Schmitt,S001227,israel-military-aid,cosponsor,SRES. 682,2024-05-09,A resolution condemning the decision by the Biden Administration to halt the shipment of United States made ammunition and weapons to the State of Israel.
274c286d-a292-4e3f-b570-6c2d7ae9c209,Eric Schmitt,S001227,border-security,cosponsor,S. 2824,2023-09-14,Secure the Border Act of 2023
274c286d-a292-4e3f-b570-6c2d7ae9c209,Eric Schmitt,S001227,israel-military-aid,cosponsor,SCONRES. 14,2023-07-18,A concurrent resolution expressing the sense of Congress supporting the State of Israel.
274c286d-a292-4e3f-b570-6c2d7ae9c209,Eric Schmitt,S001227,border-security,cosponsor,SRES. 45,2023-02-09,A resolution expressing the sense of the Senate that the current influx of migrants is causing a crisis at the southern border.
274c286d-a292-4e3f-b570-6c2d7ae9c209,Eric Schmitt,S001227,gun-policy,cosponsor,SJRES. 20,2023-03-15,"A joint resolution providing for congressional disapproval under chapter 8 of title 5, United States Code, of the rule submitted by the Department of Justice and the Bureau of Alcohol, Tobacco, Firearms and Explosives relating to ""Factoring Criteria for Firearms With Attached 'Stabilizing Braces'""."
274c286d-a292-4e3f-b570-6c2d7ae9c209,Eric Schmitt,S001227,gun-policy,cosponsor,S. 3531,2024-01-08,Protect American Gun Exporters Act
274c286d-a292-4e3f-b570-6c2d7ae9c209,Eric Schmitt,S001227,israel-military-aid,cosponsor,SRES. 417,2023-10-19,A resolution standing with Israel against terrorism.
274c286d-a292-4e3f-b570-6c2d7ae9c209,Eric Schmitt,S001227,gun-policy,cosponsor,S. 214,2023-02-01,Constitutional Concealed Carry Reciprocity Act of 2023
7b77ec48-f6d0-4b10-84bf-d15607fcbd2d,Gary Peters,P000595,border-security,sponsor,S. 727,2025-02-25,U.S. Customs and Border Protection Officer Retirement Technical Corrections Act
7b77ec48-f6d0-4b10-84bf-d15607fcbd2d,Gary Peters,P000595,israel-military-aid,sponsor,S. 5562,2024-12-17,A bill to modify United States-Israel anti-tunnel cooperation.
7b77ec48-f6d0-4b10-84bf-d15607fcbd2d,Gary Peters,P000595,border-security,sponsor,S. 5463,2024-12-10,A bill to establish the Department of Homeland Security Northern Border Mission Center.
7b77ec48-f6d0-4b10-84bf-d15607fcbd2d,Gary Peters,P000595,border-security,sponsor,S. 5102,2024-09-18,Cross-Border Tunnel Report Act
7b77ec48-f6d0-4b10-84bf-d15607fcbd2d,Gary Peters,P000595,israel-military-aid,sponsor,S. 4285,2024-05-08,United States-Israel Anti-Tunnel Cooperation Act
7b77ec48-f6d0-4b10-84bf-d15607fcbd2d,Gary Peters,P000595,border-security,sponsor,S. 311,2023-02-09,U.S. Customs and Border Protection Officer Retirement Technical Corrections Act
7b77ec48-f6d0-4b10-84bf-d15607fcbd2d,Gary Peters,P000595,israel-military-aid,sponsor,S. 1802,2023-06-01,United States-Israel Future of Warfare Act of 2023
7b77ec48-f6d0-4b10-84bf-d15607fcbd2d,Gary Peters,P000595,border-security,sponsor,S. 2291,2023-07-13,Northern Border Coordination Act
7b77ec48-f6d0-4b10-84bf-d15607fcbd2d,Gary Peters,P000595,cannabis-policy,cosponsor,S. 5022,2026-07-16,Cannabis Administration and Opportunity Act
7b77ec48-f6d0-4b10-84bf-d15607fcbd2d,Gary Peters,P000595,military-intervention,cosponsor,SJRES. 98,2026-01-08,A joint resolution to direct the removal of United States Armed Forces from hostilities within or against Venezuela that have not been authorized by Congress.
7b77ec48-f6d0-4b10-84bf-d15607fcbd2d,Gary Peters,P000595,gun-policy,cosponsor,SCONRES. 25,2026-01-08,"A concurrent resolution recognizing the 15th anniversary of the January 8, 2011, Tucson, Arizona, shooting and honoring the survivors and victims, including former Congresswoman Gabby Giffords, a gun violence survivor and one of the most influential voices of courage in the United States in the fight to end gun violence."
7b77ec48-f6d0-4b10-84bf-d15607fcbd2d,Gary Peters,P000595,2020-election,cosponsor,SRES. 574,2026-01-06,"A resolution observing the fifth anniversary of the attack on the United States Capitol on January 6, 2021, and recognizing the essential work of United States Capitol personnel, including the United States Capitol Police."
7b77ec48-f6d0-4b10-84bf-d15607fcbd2d,Gary Peters,P000595,2020-election,cosponsor,S. 3582,2026-01-06,No Rewards for January 6 Rioters Act
7b77ec48-f6d0-4b10-84bf-d15607fcbd2d,Gary Peters,P000595,2020-election,cosponsor,S. 3581,2026-01-06,No Settlements for January 6 Law Enforcement Assaulters Act
7b77ec48-f6d0-4b10-84bf-d15607fcbd2d,Gary Peters,P000595,gun-policy,cosponsor,S. 3214,2025-11-19,Background Check Expansion Act
7b77ec48-f6d0-4b10-84bf-d15607fcbd2d,Gary Peters,P000595,israel-military-aid,cosponsor,SRES. 227,2025-06-05,"A resolution condemning Hamas for its premeditated, coordinated, and brutal terrorist attacks on October 7, 2023, against Israel and demanding that Hamas immediately release all remaining hostages and return them to safety, and for other purposes."
7b77ec48-f6d0-4b10-84bf-d15607fcbd2d,Gary Peters,P000595,gun-policy,cosponsor,S. 1531,2025-04-30,Assault Weapons Ban of 2025
7b77ec48-f6d0-4b10-84bf-d15607fcbd2d,Gary Peters,P000595,minimum-wage,cosponsor,S. 1332,2025-04-08,Raise the Wage Act of 2025
7b77ec48-f6d0-4b10-84bf-d15607fcbd2d,Gary Peters,P000595,military-intervention,cosponsor,S. 696,2025-03-06,Protecting Our Guests During Hostilities in Ukraine Act
7b77ec48-f6d0-4b10-84bf-d15607fcbd2d,Gary Peters,P000595,israel-military-aid,cosponsor,S. 554,2025-02-12,United States-Israel Defense Partnership Act of 2025
7b77ec48-f6d0-4b10-84bf-d15607fcbd2d,Gary Peters,P000595,border-security,cosponsor,S. 4707,2024-12-12,DHS Border Services Contracts Review Act
7b77ec48-f6d0-4b10-84bf-d15607fcbd2d,Gary Peters,P000595,border-security,cosponsor,S. 4672,2024-07-11,Border Weather Resiliency Act of 2024
7b77ec48-f6d0-4b10-84bf-d15607fcbd2d,Gary Peters,P000595,border-security,cosponsor,SRES. 705,2024-05-23,"A resolution recognizing May 28, 2024, as the 100th anniversary of the U.S. Border Patrol and commending the service of the U.S. Border Patrol to the United States people."
7b77ec48-f6d0-4b10-84bf-d15607fcbd2d,Gary Peters,P000595,cannabis-policy,cosponsor,S. 4226,2024-05-01,Cannabis Administration and Opportunity Act
7b77ec48-f6d0-4b10-84bf-d15607fcbd2d,Gary Peters,P000595,minimum-wage,cosponsor,S. 2488,2023-07-25,Raise the Wage Act of 2023
7b77ec48-f6d0-4b10-84bf-d15607fcbd2d,Gary Peters,P000595,border-security,cosponsor,S. 243,2023-02-02,A bill to require the Commissioner of U.S. Customs and Border Protection to establish procedures for conducting maintenance projects at ports of entry at which the Office of Field Operations conducts certain enforcement and facilitation activities.
7b77ec48-f6d0-4b10-84bf-d15607fcbd2d,Gary Peters,P000595,israel-military-aid,cosponsor,SRES. 505,2023-12-14,A resolution condemning the use of sexual violence and rape as a weapon of war by the terrorist group Hamas against the people of Israel.
7b77ec48-f6d0-4b10-84bf-d15607fcbd2d,Gary Peters,P000595,israel-military-aid,cosponsor,SRES. 408,2023-10-24,"A resolution condemning Hamas for its premeditated, coordinated, and brutal terrorist attacks on Israel and demanding that Hamas immediately release all hostages and return them to safety, and for other purposes."
7b77ec48-f6d0-4b10-84bf-d15607fcbd2d,Gary Peters,P000595,israel-military-aid,cosponsor,S. 1143,2023-03-30,United States-Israel PTSD Collaborative Research Act
7b77ec48-f6d0-4b10-84bf-d15607fcbd2d,Gary Peters,P000595,border-security,cosponsor,S. 1600,2023-05-15,"Border Management, Security, and Assistance Act of 2023"
7b77ec48-f6d0-4b10-84bf-d15607fcbd2d,Gary Peters,P000595,gun-policy,cosponsor,S. 25,2023-01-24,Assault Weapons Ban of 2023
7b77ec48-f6d0-4b10-84bf-d15607fcbd2d,Gary Peters,P000595,israel-military-aid,cosponsor,SRES. 417,2023-10-19,A resolution standing with Israel against terrorism.
7b77ec48-f6d0-4b10-84bf-d15607fcbd2d,Gary Peters,P000595,gun-policy,cosponsor,S. 494,2023-02-16,Background Check Expansion Act
afd8d31b-9f88-4eb9-8a88-46e5ef914267,Jack Reed,R000122,defense-spending,sponsor,S. 2226,2023-07-11,National Defense Authorization Act for Fiscal Year 2024
afd8d31b-9f88-4eb9-8a88-46e5ef914267,Jack Reed,R000122,defense-spending,sponsor,S. 4638,2024-07-08,National Defense Authorization Act for Fiscal Year 2025
afd8d31b-9f88-4eb9-8a88-46e5ef914267,Jack Reed,R000122,gun-policy,sponsor,S. 3677,2024-01-25,A bill to permanently authorize the Undetectable Firearms Act of 1988.
afd8d31b-9f88-4eb9-8a88-46e5ef914267,Jack Reed,R000122,gun-policy,cosponsor,S. 4926,2026-06-24,State Firearms Dealer Licensing Enhancement Act
afd8d31b-9f88-4eb9-8a88-46e5ef914267,Jack Reed,R000122,gun-policy,cosponsor,S. 4776,2026-06-11,Gun Records Restoration and Preservation Act
afd8d31b-9f88-4eb9-8a88-46e5ef914267,Jack Reed,R000122,gun-policy,cosponsor,S. 4454,2026-04-30,Firearm Safety Act of 2026
afd8d31b-9f88-4eb9-8a88-46e5ef914267,Jack Reed,R000122,defense-spending,cosponsor,S. 4164,2026-03-23,A bill to make technical corrections to the National Defense Authorization Act for Fiscal Year 2026.
afd8d31b-9f88-4eb9-8a88-46e5ef914267,Jack Reed,R000122,gun-policy,cosponsor,S. 3875,2026-02-12,Responsible Firearms Marketing Act
afd8d31b-9f88-4eb9-8a88-46e5ef914267,Jack Reed,R000122,gun-policy,cosponsor,SCONRES. 25,2026-01-08,"A concurrent resolution recognizing the 15th anniversary of the January 8, 2011, Tucson, Arizona, shooting and honoring the survivors and victims, including former Congresswoman Gabby Giffords, a gun violence survivor and one of the most influential voices of courage in the United States in the fight to end gun violence."
afd8d31b-9f88-4eb9-8a88-46e5ef914267,Jack Reed,R000122,2020-election,cosponsor,SRES. 574,2026-01-06,"A resolution observing the fifth anniversary of the attack on the United States Capitol on January 6, 2021, and recognizing the essential work of United States Capitol personnel, including the United States Capitol Police."
afd8d31b-9f88-4eb9-8a88-46e5ef914267,Jack Reed,R000122,2020-election,cosponsor,S. 3582,2026-01-06,No Rewards for January 6 Rioters Act
afd8d31b-9f88-4eb9-8a88-46e5ef914267,Jack Reed,R000122,2020-election,cosponsor,S. 3581,2026-01-06,No Settlements for January 6 Law Enforcement Assaulters Act
afd8d31b-9f88-4eb9-8a88-46e5ef914267,Jack Reed,R000122,gun-policy,cosponsor,S. 3458,2025-12-11,Background Check Completion Act of 2025
afd8d31b-9f88-4eb9-8a88-46e5ef914267,Jack Reed,R000122,gun-policy,cosponsor,S. 3214,2025-11-19,Background Check Expansion Act
afd8d31b-9f88-4eb9-8a88-46e5ef914267,Jack Reed,R000122,gun-policy,cosponsor,S. 2514,2025-07-29,Gun Violence Prevention Research Act of 2025
afd8d31b-9f88-4eb9-8a88-46e5ef914267,Jack Reed,R000122,gun-policy,cosponsor,S. 2165,2025-06-25,3D Printed Gun Safety Act of 2025
afd8d31b-9f88-4eb9-8a88-46e5ef914267,Jack Reed,R000122,gun-policy,cosponsor,S. 2154,2025-06-24,Protecting Kids from Gun Marketing Act
afd8d31b-9f88-4eb9-8a88-46e5ef914267,Jack Reed,R000122,gun-policy,cosponsor,S. 2155,2025-06-24,Keeping Gun Dealers Honest Act of 2025
afd8d31b-9f88-4eb9-8a88-46e5ef914267,Jack Reed,R000122,gun-policy,cosponsor,S. 1955,2025-06-04,Equal Access to Justice for Victims of Gun Violence Act
afd8d31b-9f88-4eb9-8a88-46e5ef914267,Jack Reed,R000122,gun-policy,cosponsor,S. 1531,2025-04-30,Assault Weapons Ban of 2025
afd8d31b-9f88-4eb9-8a88-46e5ef914267,Jack Reed,R000122,minimum-wage,cosponsor,S. 1332,2025-04-08,Raise the Wage Act of 2025
afd8d31b-9f88-4eb9-8a88-46e5ef914267,Jack Reed,R000122,gun-policy,cosponsor,S. 1294,2025-04-03,Federal Firearm Licensee Act
afd8d31b-9f88-4eb9-8a88-46e5ef914267,Jack Reed,R000122,gun-policy,cosponsor,S. 4706,2024-07-11,Federal Firearm Licensee Act
afd8d31b-9f88-4eb9-8a88-46e5ef914267,Jack Reed,R000122,gun-policy,cosponsor,SRES. 716,2024-06-03,"A resolution expressing support for the designation of June 7, 2024, as ""National Gun Violence Awareness Day"" and June 2024 as ""National Gun Violence Awareness Month""."
afd8d31b-9f88-4eb9-8a88-46e5ef914267,Jack Reed,R000122,minimum-wage,cosponsor,S. 2488,2023-07-25,Raise the Wage Act of 2023
afd8d31b-9f88-4eb9-8a88-46e5ef914267,Jack Reed,R000122,gun-policy,cosponsor,S. 2048,2023-06-20,Equal Access to Justice for Victims of Gun Violence Act
afd8d31b-9f88-4eb9-8a88-46e5ef914267,Jack Reed,R000122,gun-policy,cosponsor,S. 1819,2023-06-06,3D Printed Gun Safety Act of 2023
afd8d31b-9f88-4eb9-8a88-46e5ef914267,Jack Reed,R000122,gun-policy,cosponsor,S. 1460,2023-05-04,Firearm Safety Act of 2023
afd8d31b-9f88-4eb9-8a88-46e5ef914267,Jack Reed,R000122,gun-policy,cosponsor,S. 1026,2023-03-29,Gun Violence Prevention Research Act of 2023
afd8d31b-9f88-4eb9-8a88-46e5ef914267,Jack Reed,R000122,gun-policy,cosponsor,S. 25,2023-01-23,Assault Weapons Ban of 2023
afd8d31b-9f88-4eb9-8a88-46e5ef914267,Jack Reed,R000122,gun-policy,cosponsor,S. 867,2023-03-16,State Firearms Dealer Licensing Enhancement Act
afd8d31b-9f88-4eb9-8a88-46e5ef914267,Jack Reed,R000122,gun-policy,cosponsor,S. 598,2023-03-01,Gun Records Restoration and Preservation Act
afd8d31b-9f88-4eb9-8a88-46e5ef914267,Jack Reed,R000122,gun-policy,cosponsor,S. 252,2023-02-02,Protecting Kids from Gun Marketing Act
afd8d31b-9f88-4eb9-8a88-46e5ef914267,Jack Reed,R000122,israel-military-aid,cosponsor,SRES. 417,2023-10-19,A resolution standing with Israel against terrorism.
afd8d31b-9f88-4eb9-8a88-46e5ef914267,Jack Reed,R000122,gun-policy,cosponsor,S. 2652,2023-07-27,Ghost Guns and Untraceable Firearms Act of 2023
afd8d31b-9f88-4eb9-8a88-46e5ef914267,Jack Reed,R000122,gun-policy,cosponsor,S. 1826,2023-06-06,Keeping Gun Dealers Honest Act of 2023
afd8d31b-9f88-4eb9-8a88-46e5ef914267,Jack Reed,R000122,gun-policy,cosponsor,SRES. 231,2023-06-01,"A resolution expressing support for the designation of June 2, 2023, as ""National Gun Violence Awareness Day"" and June 2023 as ""National Gun Violence Awareness Month""."
afd8d31b-9f88-4eb9-8a88-46e5ef914267,Jack Reed,R000122,gun-policy,cosponsor,S. 1737,2023-05-18,Responsible Firearms Marketing Act
afd8d31b-9f88-4eb9-8a88-46e5ef914267,Jack Reed,R000122,gun-policy,cosponsor,S. 494,2023-02-16,Background Check Expansion Act
e3a590be-1816-46bc-98f0-6a911dec9d9d,Jacky Rosen,R000608,israel-military-aid,sponsor,SRES. 227,2025-05-14,"A resolution condemning Hamas for its premeditated, coordinated, and brutal terrorist attacks on October 7, 2023, against Israel and demanding that Hamas immediately release all remaining hostages and return them to safety, and for other purposes."
e3a590be-1816-46bc-98f0-6a911dec9d9d,Jacky Rosen,R000608,israel-military-aid,sponsor,SRES. 408,2023-10-17,"A resolution condemning Hamas for its premeditated, coordinated, and brutal terrorist attacks on Israel and demanding that Hamas immediately release all hostages and return them to safety, and for other purposes."
e3a590be-1816-46bc-98f0-6a911dec9d9d,Jacky Rosen,R000608,defense-spending,cosponsor,S. 5189,2026-07-30,"A bill to amend title 10, United States Code, and the National Defense Authorization Act for Fiscal Year 1994, to codify and clarify gender neutral standards for members of certain Armed Forces, and for other purposes."
e3a590be-1816-46bc-98f0-6a911dec9d9d,Jacky Rosen,R000608,2020-election,cosponsor,SRES. 657,2026-03-23,"A resolution commending Taiwan on the 30th anniversary of its first direct presidential election in 1996, and expressing support for Taiwan in the preservation of its democratic institutions."
e3a590be-1816-46bc-98f0-6a911dec9d9d,Jacky Rosen,R000608,israel-military-aid,cosponsor,S. 3855,2026-03-19,"United States-Israel Framework for Upgraded Technologies, Unified Research, and Enhanced Security (FUTURES) Act of 2026"
e3a590be-1816-46bc-98f0-6a911dec9d9d,Jacky Rosen,R000608,gun-policy,cosponsor,SCONRES. 25,2026-01-08,"A concurrent resolution recognizing the 15th anniversary of the January 8, 2011, Tucson, Arizona, shooting and honoring the survivors and victims, including former Congresswoman Gabby Giffords, a gun violence survivor and one of the most influential voices of courage in the United States in the fight to end gun violence."
e3a590be-1816-46bc-98f0-6a911dec9d9d,Jacky Rosen,R000608,military-intervention,cosponsor,SJRES. 98,2026-01-06,A joint resolution to direct the removal of United States Armed Forces from hostilities within or against Venezuela that have not been authorized by Congress.
e3a590be-1816-46bc-98f0-6a911dec9d9d,Jacky Rosen,R000608,gun-policy,cosponsor,S. 3214,2025-11-19,Background Check Expansion Act
e3a590be-1816-46bc-98f0-6a911dec9d9d,Jacky Rosen,R000608,israel-military-aid,cosponsor,SRES. 326,2025-07-17,"A resolution remembering the 33rd anniversary of the bombing of the Embassy of Israel in Buenos Aries on March 17, 1992, and the 31st anniversary of the bombing of the Argentine-Israeli Mutual Association building in Buenos Aires on July 18, 1994, and recommitting to efforts to uphold justice for victims of the attacks."
e3a590be-1816-46bc-98f0-6a911dec9d9d,Jacky Rosen,R000608,israel-military-aid,cosponsor,S. 2216,2025-07-09,"Weapons Resupply, Stockpile, and Alliance–Israel Act"
e3a590be-1816-46bc-98f0-6a911dec9d9d,Jacky Rosen,R000608,border-security,cosponsor,S. 1965,2025-06-05,Protect Vulnerable Immigrant Youth Act
e3a590be-1816-46bc-98f0-6a911dec9d9d,Jacky Rosen,R000608,gun-policy,cosponsor,S. 1531,2025-04-30,Assault Weapons Ban of 2025
e3a590be-1816-46bc-98f0-6a911dec9d9d,Jacky Rosen,R000608,gun-policy,cosponsor,S. 1466,2025-04-10,Resources for Victims of Gun Violence Act of 2025
e3a590be-1816-46bc-98f0-6a911dec9d9d,Jacky Rosen,R000608,military-intervention,cosponsor,S. 696,2025-02-24,Protecting Our Guests During Hostilities in Ukraine Act
e3a590be-1816-46bc-98f0-6a911dec9d9d,Jacky Rosen,R000608,israel-military-aid,cosponsor,S. 554,2025-02-12,United States-Israel Defense Partnership Act of 2025
e3a590be-1816-46bc-98f0-6a911dec9d9d,Jacky Rosen,R000608,israel-military-aid,cosponsor,SRES. 620,2024-04-09,"A resolution demanding that the international community hold accountable those who perpetrated acts of sexual violence and sexual torture during and after the attack on the State of Israel on October 7, 2023."
e3a590be-1816-46bc-98f0-6a911dec9d9d,Jacky Rosen,R000608,border-security,cosponsor,S. 3591,2024-01-16,Stop Fentanyl at the Border Act
e3a590be-1816-46bc-98f0-6a911dec9d9d,Jacky Rosen,R000608,israel-military-aid,cosponsor,SRES. 505,2023-12-14,A resolution condemning the use of sexual violence and rape as a weapon of war by the terrorist group Hamas against the people of Israel.
e3a590be-1816-46bc-98f0-6a911dec9d9d,Jacky Rosen,R000608,border-security,cosponsor,SRES. 243,2023-06-08,"A resolution recognizing the month of June 2023 as ""Immigrant Heritage Month"", a celebration of the accomplishments and contributions of immigrants and their children in making the United States a healthier, safer, more diverse, prosperous country, and acknowledging the importance of immigrants and their children to the future successes of the United States."
e3a590be-1816-46bc-98f0-6a911dec9d9d,Jacky Rosen,R000608,israel-military-aid,cosponsor,S. 1802,2023-06-01,United States-Israel Future of Warfare Act of 2023
e3a590be-1816-46bc-98f0-6a911dec9d9d,Jacky Rosen,R000608,israel-military-aid,cosponsor,S. 1143,2023-03-30,United States-Israel PTSD Collaborative Research Act
e3a590be-1816-46bc-98f0-6a911dec9d9d,Jacky Rosen,R000608,border-security,cosponsor,S. 1600,2023-05-15,"Border Management, Security, and Assistance Act of 2023"
e3a590be-1816-46bc-98f0-6a911dec9d9d,Jacky Rosen,R000608,israel-military-aid,cosponsor,SRES. 188,2023-05-02,"A resolution celebrating the 75th anniversary of the founding of the State of Israel, and for other purposes."
e3a590be-1816-46bc-98f0-6a911dec9d9d,Jacky Rosen,R000608,gun-policy,cosponsor,S. 25,2023-01-23,Assault Weapons Ban of 2023
e3a590be-1816-46bc-98f0-6a911dec9d9d,Jacky Rosen,R000608,cannabis-policy,cosponsor,S. 1204,2023-04-19,Veterans Medical Marijuana Safe Harbor Act.
e3a590be-1816-46bc-98f0-6a911dec9d9d,Jacky Rosen,R000608,border-security,cosponsor,S. 243,2024-01-25,A bill to require the Commissioner of U.S. Customs and Border Protection to establish procedures for conducting maintenance projects at ports of entry at which the Office of Field Operations conducts certain enforcement and facilitation activities.
e3a590be-1816-46bc-98f0-6a911dec9d9d,Jacky Rosen,R000608,israel-military-aid,cosponsor,SRES. 445,2023-11-27,A resolution recognizing the importance of the economic relationship between the United States and Israel and affirming that trade facilitated by the United States-Israel Free Trade Agreement is a tool to support the economy of Israel during the conflict with Hamas.
e3a590be-1816-46bc-98f0-6a911dec9d9d,Jacky Rosen,R000608,israel-military-aid,cosponsor,SRES. 462,2023-11-14,"A resolution emphasizing the urgency of responding to attacks in Israel and the greater region from the Islamic Republic of Iran and its proxies, and for other purposes."
e3a590be-1816-46bc-98f0-6a911dec9d9d,Jacky Rosen,R000608,israel-military-aid,cosponsor,SRES. 417,2023-10-19,A resolution standing with Israel against terrorism.
e3a590be-1816-46bc-98f0-6a911dec9d9d,Jacky Rosen,R000608,gun-policy,cosponsor,S. 1893,2023-06-08,Resources for Victims of Gun Violence Act of 2023
e3a590be-1816-46bc-98f0-6a911dec9d9d,Jacky Rosen,R000608,cannabis-policy,cosponsor,S. 326,2023-04-25,VA Medicinal Cannabis Research Act of 2023
e3a590be-1816-46bc-98f0-6a911dec9d9d,Jacky Rosen,R000608,gun-policy,cosponsor,S. 494,2023-02-16,Background Check Expansion Act
2b8d4b89-2d7c-4b67-a5a1-72bd7c766e1e,James Lankford,L000575,border-security,sponsor,S. 2249,2025-07-10,Border Patrol Supervisors Retention Act
2b8d4b89-2d7c-4b67-a5a1-72bd7c766e1e,James Lankford,L000575,cannabis-policy,sponsor,S. 471,2025-02-06,No Deductions for Marijuana Businesses Act
2b8d4b89-2d7c-4b67-a5a1-72bd7c766e1e,James Lankford,L000575,border-security,sponsor,S. 1444,2023-05-04,Border Patrol Enhancement Act
2b8d4b89-2d7c-4b67-a5a1-72bd7c766e1e,James Lankford,L000575,border-security,sponsor,S. 243,2023-02-02,A bill to require the Commissioner of U.S. Customs and Border Protection to establish procedures for conducting maintenance projects at ports of entry at which the Office of Field Operations conducts certain enforcement and facilitation activities.
2b8d4b89-2d7c-4b67-a5a1-72bd7c766e1e,James Lankford,L000575,border-security,sponsor,S. 2278,2023-07-12,"Border Enforcement, Security, and Trade (BEST) Facilitation Act of 2023"
2b8d4b89-2d7c-4b67-a5a1-72bd7c766e1e,James Lankford,L000575,border-security,sponsor,S. 1443,2023-05-04,Protecting the Border from Unmanned Aircraft Systems Act
2b8d4b89-2d7c-4b67-a5a1-72bd7c766e1e,James Lankford,L000575,border-security,sponsor,S. 208,2023-02-01,Public Health and Border Security Act of 2023
2b8d4b89-2d7c-4b67-a5a1-72bd7c766e1e,James Lankford,L000575,israel-military-aid,cosponsor,S. 3855,2026-06-16,"United States-Israel Framework for Upgraded Technologies, Unified Research, and Enhanced Security (FUTURES) Act of 2026"
2b8d4b89-2d7c-4b67-a5a1-72bd7c766e1e,James Lankford,L000575,gun-policy,cosponsor,S. 4671,2026-06-16,Federal Firearms Licensee Protection Act of 2026
2b8d4b89-2d7c-4b67-a5a1-72bd7c766e1e,James Lankford,L000575,gun-policy,cosponsor,S. 3085,2025-10-30,Firearm Access During Shutdowns Act of 2025
2b8d4b89-2d7c-4b67-a5a1-72bd7c766e1e,James Lankford,L000575,israel-military-aid,cosponsor,SRES. 438,2025-10-07,"A resolution condemning the brutal Hamas-led terrorist attack on the State of Israel on October 7, 2023, and supporting an outcome that ensures the forever survival of Israel, the complete denial of Hamas's ability to reconstitute in the region, and the release of all the remaining hostages from the Gaza Strip, including two United States citizens."
2b8d4b89-2d7c-4b67-a5a1-72bd7c766e1e,James Lankford,L000575,gun-policy,cosponsor,SRES. 342,2025-07-29,"A resolution honoring the contributions of small manufacturers of firearms to the economy, culture, and recreational heritage of the United States and recognizing August 2025 as ""National Shooting Sports Month""."
2b8d4b89-2d7c-4b67-a5a1-72bd7c766e1e,James Lankford,L000575,israel-military-aid,cosponsor,S. 554,2025-05-19,United States-Israel Defense Partnership Act of 2025
2b8d4b89-2d7c-4b67-a5a1-72bd7c766e1e,James Lankford,L000575,israel-military-aid,cosponsor,S. 1521,2025-04-30,Stand with Israel Act
2b8d4b89-2d7c-4b67-a5a1-72bd7c766e1e,James Lankford,L000575,gun-policy,cosponsor,S. 1169,2025-03-27,Freedom from Unfair Gun Taxes Act
2b8d4b89-2d7c-4b67-a5a1-72bd7c766e1e,James Lankford,L000575,border-security,cosponsor,S. 1184,2025-03-27,Cross Border Aerial Law Enforcement Operations Act
2b8d4b89-2d7c-4b67-a5a1-72bd7c766e1e,James Lankford,L000575,gun-policy,cosponsor,S. 966,2025-03-11,Traveler's Gun Rights Act
2b8d4b89-2d7c-4b67-a5a1-72bd7c766e1e,James Lankford,L000575,border-security,cosponsor,S. 625,2025-02-18,Veterans Border Patrol Training Act
2b8d4b89-2d7c-4b67-a5a1-72bd7c766e1e,James Lankford,L000575,border-security,cosponsor,S. 481,2025-02-10,Securing our Border Act
2b8d4b89-2d7c-4b67-a5a1-72bd7c766e1e,James Lankford,L000575,gun-policy,cosponsor,S. 65,2025-01-09,Constitutional Concealed Carry Reciprocity Act of 2025
2b8d4b89-2d7c-4b67-a5a1-72bd7c766e1e,James Lankford,L000575,israel-military-aid,cosponsor,S. 5303,2024-11-13,Stand with Israel Act
2b8d4b89-2d7c-4b67-a5a1-72bd7c766e1e,James Lankford,L000575,israel-military-aid,cosponsor,SRES. 890,2024-09-25,"A resolution condemning the brutal Hamas-led terrorist attack on Israel on October 7, 2023, and supporting an outcome that ensures the forever survival of Israel, the complete denial of the ability of Hamas to reconstitute in the region, and the safe release of United States hostages from the Gaza Strip."
2b8d4b89-2d7c-4b67-a5a1-72bd7c766e1e,James Lankford,L000575,gun-policy,cosponsor,S. 1907,2024-09-23,Federal Firearms Licensee Protection Act of 2023
2b8d4b89-2d7c-4b67-a5a1-72bd7c766e1e,James Lankford,L000575,gun-policy,cosponsor,S. 4960,2024-09-10,Freedom from Unfair Gun Taxes Act
2b8d4b89-2d7c-4b67-a5a1-72bd7c766e1e,James Lankford,L000575,israel-military-aid,cosponsor,SRES. 445,2023-11-02,A resolution recognizing the importance of the economic relationship between the United States and Israel and affirming that trade facilitated by the United States-Israel Free Trade Agreement is a tool to support the economy of Israel during the conflict with Hamas.
2b8d4b89-2d7c-4b67-a5a1-72bd7c766e1e,James Lankford,L000575,gun-policy,cosponsor,SJRES. 93,2024-06-05,"A joint resolution providing for congressional disapproval under chapter 8 of title 5, United States Code, of the rule submitted by the Department of Commerce relating to ""Revision of Firearms License Requirements""."
2b8d4b89-2d7c-4b67-a5a1-72bd7c766e1e,James Lankford,L000575,border-security,cosponsor,SRES. 705,2024-05-23,"A resolution recognizing May 28, 2024, as the 100th anniversary of the U.S. Border Patrol and commending the service of the U.S. Border Patrol to the United States people."
2b8d4b89-2d7c-4b67-a5a1-72bd7c766e1e,James Lankford,L000575,gun-policy,cosponsor,SJRES. 83,2024-05-15,"A joint resolution providing for congressional disapproval under chapter 8 of title 5, United States Code, of the rule submitted by the Bureau of Alcohol, Tobacco, Firearms, and Explosives relating to ""Definition of 'Engaged in the Business' as a Dealer in Firearms""."
2b8d4b89-2d7c-4b67-a5a1-72bd7c766e1e,James Lankford,L000575,israel-military-aid,cosponsor,S. 4337,2024-05-15,Israel Security Assistance Support Act
2b8d4b89-2d7c-4b67-a5a1-72bd7c766e1e,James Lankford,L000575,israel-military-aid,cosponsor,SRES. 682,2024-05-09,A resolution condemning the decision by the Biden Administration to halt the shipment of United States made ammunition and weapons to the State of Israel.
2b8d4b89-2d7c-4b67-a5a1-72bd7c766e1e,James Lankford,L000575,border-security,cosponsor,S. 4294,2024-05-08,Cross Border Aerial Law Enforcement Operations Act
2b8d4b89-2d7c-4b67-a5a1-72bd7c766e1e,James Lankford,L000575,israel-military-aid,cosponsor,SRES. 617,2024-03-22,A resolution expressing the sense of the Senate that Israel has the inherent right to defend itself and take necessary steps to eradicate the terrorist threat posed by Hamas.
2b8d4b89-2d7c-4b67-a5a1-72bd7c766e1e,James Lankford,L000575,border-security,cosponsor,S. 3187,2023-11-01,Southern Border Transparency Act of 2023
2b8d4b89-2d7c-4b67-a5a1-72bd7c766e1e,James Lankford,L000575,border-security,cosponsor,S. 276,2023-02-07,Upholding the Law at Our Border Act
2b8d4b89-2d7c-4b67-a5a1-72bd7c766e1e,James Lankford,L000575,border-security,cosponsor,SJRES. 25,2023-04-25,"A joint resolution providing for congressional disapproval under chapter 8 of title 5, United States Code, of the rule submitted by the Department of Labor relating to ""Adverse Effect Wage Rate Methodology for the Temporary Employment of H-2A Nonimmigrants in Non-Range Occupations in the United States""."
2b8d4b89-2d7c-4b67-a5a1-72bd7c766e1e,James Lankford,L000575,border-security,cosponsor,SRES. 45,2023-02-09,A resolution expressing the sense of the Senate that the current influx of migrants is causing a crisis at the southern border.
2b8d4b89-2d7c-4b67-a5a1-72bd7c766e1e,James Lankford,L000575,border-security,cosponsor,S. 1312,2023-04-26,Securing our Border Act
2b8d4b89-2d7c-4b67-a5a1-72bd7c766e1e,James Lankford,L000575,gun-policy,cosponsor,S. 741,2023-03-09,Traveler's Gun Rights Act
2b8d4b89-2d7c-4b67-a5a1-72bd7c766e1e,James Lankford,L000575,gun-policy,cosponsor,SJRES. 20,2023-03-15,"A joint resolution providing for congressional disapproval under chapter 8 of title 5, United States Code, of the rule submitted by the Department of Justice and the Bureau of Alcohol, Tobacco, Firearms and Explosives relating to ""Factoring Criteria for Firearms With Attached 'Stabilizing Braces'""."
2b8d4b89-2d7c-4b67-a5a1-72bd7c766e1e,James Lankford,L000575,israel-military-aid,cosponsor,SRES. 417,2023-10-19,A resolution standing with Israel against terrorism.
2b8d4b89-2d7c-4b67-a5a1-72bd7c766e1e,James Lankford,L000575,israel-military-aid,cosponsor,S. 2240,2023-07-26,United States-Israel International Development Cooperation Act of 2023
2b8d4b89-2d7c-4b67-a5a1-72bd7c766e1e,James Lankford,L000575,israel-military-aid,cosponsor,SCONRES. 14,2023-07-26,A concurrent resolution expressing the sense of Congress supporting the State of Israel.
2b8d4b89-2d7c-4b67-a5a1-72bd7c766e1e,James Lankford,L000575,israel-military-aid,cosponsor,SRES. 188,2023-07-10,"A resolution celebrating the 75th anniversary of the founding of the State of Israel, and for other purposes."
2b8d4b89-2d7c-4b67-a5a1-72bd7c766e1e,James Lankford,L000575,border-security,cosponsor,S. 774,2023-03-09,Veterans Border Patrol Training Act
2b8d4b89-2d7c-4b67-a5a1-72bd7c766e1e,James Lankford,L000575,border-security,cosponsor,S. 733,2023-03-09,Reverse Entry for Migrant Offenders and Violence Expulsion Act
2b8d4b89-2d7c-4b67-a5a1-72bd7c766e1e,James Lankford,L000575,gun-policy,cosponsor,S. 214,2023-02-01,Constitutional Concealed Carry Reciprocity Act of 2023
9a41971c-1e38-41b8-a6ec-bec6055a00b3,James Risch,R000584,gun-policy,sponsor,SRES. 827,2026-07-30,"A resolution recognizing the 100th anniversary of the creation of the Sporting Arms and Ammunition Manufacturers' Institute, Inc. (SAAMI) and commending its work establishing industry standards that ensure the safe interoperability of firearms and ammunition."
9a41971c-1e38-41b8-a6ec-bec6055a00b3,James Risch,R000584,gun-policy,sponsor,SRES. 826,2026-07-30,"A resolution honoring the contributions of small manufacturers of firearms to the economy, culture, and recreational heritage of the United States and recognizing the month of August 2026 as ""National Shooting Sports Month""."
9a41971c-1e38-41b8-a6ec-bec6055a00b3,James Risch,R000584,gun-policy,sponsor,S. 3085,2025-10-30,Firearm Access During Shutdowns Act of 2025
9a41971c-1e38-41b8-a6ec-bec6055a00b3,James Risch,R000584,gun-policy,sponsor,SRES. 342,2025-07-29,"A resolution honoring the contributions of small manufacturers of firearms to the economy, culture, and recreational heritage of the United States and recognizing August 2025 as ""National Shooting Sports Month""."
9a41971c-1e38-41b8-a6ec-bec6055a00b3,James Risch,R000584,israel-military-aid,sponsor,S. 1521,2025-04-30,Stand with Israel Act
9a41971c-1e38-41b8-a6ec-bec6055a00b3,James Risch,R000584,gun-policy,sponsor,S. 1169,2025-03-27,Freedom from Unfair Gun Taxes Act
9a41971c-1e38-41b8-a6ec-bec6055a00b3,James Risch,R000584,border-security,sponsor,S. 771,2025-02-27,End FEMA Benefits for Illegal Immigrants Act
9a41971c-1e38-41b8-a6ec-bec6055a00b3,James Risch,R000584,gun-policy,sponsor,S. 119,2025-01-16,No Retaining Every Gun In a System That Restricts Your Rights Act
9a41971c-1e38-41b8-a6ec-bec6055a00b3,James Risch,R000584,gun-policy,sponsor,S. 89,2025-01-14,Sporting Firearms Access Act of 2025
9a41971c-1e38-41b8-a6ec-bec6055a00b3,James Risch,R000584,israel-military-aid,sponsor,S. 5303,2024-11-13,Stand with Israel Act
9a41971c-1e38-41b8-a6ec-bec6055a00b3,James Risch,R000584,gun-policy,sponsor,S. 5224,2024-09-25,Modern Firearm Safety Act
9a41971c-1e38-41b8-a6ec-bec6055a00b3,James Risch,R000584,gun-policy,sponsor,S. 4960,2024-08-01,Freedom from Unfair Gun Taxes Act
9a41971c-1e38-41b8-a6ec-bec6055a00b3,James Risch,R000584,israel-military-aid,sponsor,S. 4770,2024-07-25,Countering Hate Against Israel by Federal Contractors Act
9a41971c-1e38-41b8-a6ec-bec6055a00b3,James Risch,R000584,israel-military-aid,sponsor,S. 4537,2024-06-13,Maintaining Our Ironclad Commitment to Israel’s Security Act
9a41971c-1e38-41b8-a6ec-bec6055a00b3,James Risch,R000584,border-security,sponsor,S. 2562,2023-07-27,A bill to require ports of entry along the northern border to remain open as many hours per day as they were open prior to the COVID-19 pandemic.
9a41971c-1e38-41b8-a6ec-bec6055a00b3,James Risch,R000584,border-security,sponsor,S. 716,2023-03-08,Solving the Border Crisis Act
9a41971c-1e38-41b8-a6ec-bec6055a00b3,James Risch,R000584,gun-policy,cosponsor,S. 4671,2026-06-03,Federal Firearms Licensee Protection Act of 2026
9a41971c-1e38-41b8-a6ec-bec6055a00b3,James Risch,R000584,gun-policy,cosponsor,S. 3916,2026-02-25,Gun Owner Registration Information Protection Act
9a41971c-1e38-41b8-a6ec-bec6055a00b3,James Risch,R000584,israel-military-aid,cosponsor,SRES. 438,2025-10-07,"A resolution condemning the brutal Hamas-led terrorist attack on the State of Israel on October 7, 2023, and supporting an outcome that ensures the forever survival of Israel, the complete denial of Hamas's ability to reconstitute in the region, and the release of all the remaining hostages from the Gaza Strip, including two United States citizens."
9a41971c-1e38-41b8-a6ec-bec6055a00b3,James Risch,R000584,gun-policy,cosponsor,S. 966,2025-03-11,Traveler's Gun Rights Act
9a41971c-1e38-41b8-a6ec-bec6055a00b3,James Risch,R000584,border-security,cosponsor,S. 112,2025-01-16,Make the Migrant Protection Protocols Mandatory Act of 2025
9a41971c-1e38-41b8-a6ec-bec6055a00b3,James Risch,R000584,gun-policy,cosponsor,S. 65,2025-01-09,Constitutional Concealed Carry Reciprocity Act of 2025
9a41971c-1e38-41b8-a6ec-bec6055a00b3,James Risch,R000584,israel-military-aid,cosponsor,SRES. 890,2024-09-25,"A resolution condemning the brutal Hamas-led terrorist attack on Israel on October 7, 2023, and supporting an outcome that ensures the forever survival of Israel, the complete denial of the ability of Hamas to reconstitute in the region, and the safe release of United States hostages from the Gaza Strip."
9a41971c-1e38-41b8-a6ec-bec6055a00b3,James Risch,R000584,gun-policy,cosponsor,S. 4652,2024-07-10,Firearms Interstate Commerce Reform Act
9a41971c-1e38-41b8-a6ec-bec6055a00b3,James Risch,R000584,gun-policy,cosponsor,SJRES. 93,2024-06-05,"A joint resolution providing for congressional disapproval under chapter 8 of title 5, United States Code, of the rule submitted by the Department of Commerce relating to ""Revision of Firearms License Requirements""."
9a41971c-1e38-41b8-a6ec-bec6055a00b3,James Risch,R000584,border-security,cosponsor,SRES. 705,2024-05-23,"A resolution recognizing May 28, 2024, as the 100th anniversary of the U.S. Border Patrol and commending the service of the U.S. Border Patrol to the United States people."
9a41971c-1e38-41b8-a6ec-bec6055a00b3,James Risch,R000584,gun-policy,cosponsor,SJRES. 83,2024-05-15,"A joint resolution providing for congressional disapproval under chapter 8 of title 5, United States Code, of the rule submitted by the Bureau of Alcohol, Tobacco, Firearms, and Explosives relating to ""Definition of 'Engaged in the Business' as a Dealer in Firearms""."
9a41971c-1e38-41b8-a6ec-bec6055a00b3,James Risch,R000584,israel-military-aid,cosponsor,SRES. 680,2024-05-09,"A resolution condemning the violent, anti-American and anti-Israel protests that are occurring on campuses of institutions of higher education nationwide."
9a41971c-1e38-41b8-a6ec-bec6055a00b3,James Risch,R000584,israel-military-aid,cosponsor,SRES. 682,2024-05-09,A resolution condemning the decision by the Biden Administration to halt the shipment of United States made ammunition and weapons to the State of Israel.
9a41971c-1e38-41b8-a6ec-bec6055a00b3,James Risch,R000584,border-security,cosponsor,S. 348,2023-02-09,Asylum Abuse Reduction Act
9a41971c-1e38-41b8-a6ec-bec6055a00b3,James Risch,R000584,border-security,cosponsor,SJRES. 25,2023-04-25,"A joint resolution providing for congressional disapproval under chapter 8 of title 5, United States Code, of the rule submitted by the Department of Labor relating to ""Adverse Effect Wage Rate Methodology for the Temporary Employment of H-2A Nonimmigrants in Non-Range Occupations in the United States""."
9a41971c-1e38-41b8-a6ec-bec6055a00b3,James Risch,R000584,gun-policy,cosponsor,S. 3812,2024-02-27,FIREARM Act
9a41971c-1e38-41b8-a6ec-bec6055a00b3,James Risch,R000584,border-security,cosponsor,SRES. 45,2023-02-09,A resolution expressing the sense of the Senate that the current influx of migrants is causing a crisis at the southern border.
9a41971c-1e38-41b8-a6ec-bec6055a00b3,James Risch,R000584,border-security,cosponsor,S. 1192,2023-04-19,Stop Fentanyl Border Crossings Act
9a41971c-1e38-41b8-a6ec-bec6055a00b3,James Risch,R000584,israel-military-aid,cosponsor,SRES. 188,2023-05-02,"A resolution celebrating the 75th anniversary of the founding of the State of Israel, and for other purposes."
9a41971c-1e38-41b8-a6ec-bec6055a00b3,James Risch,R000584,gun-policy,cosponsor,S. 741,2023-03-09,Traveler's Gun Rights Act
9a41971c-1e38-41b8-a6ec-bec6055a00b3,James Risch,R000584,gun-policy,cosponsor,SJRES. 20,2023-03-15,"A joint resolution providing for congressional disapproval under chapter 8 of title 5, United States Code, of the rule submitted by the Department of Justice and the Bureau of Alcohol, Tobacco, Firearms and Explosives relating to ""Factoring Criteria for Firearms With Attached 'Stabilizing Braces'""."
9a41971c-1e38-41b8-a6ec-bec6055a00b3,James Risch,R000584,military-intervention,cosponsor,SCONRES. 24,2023-12-19,A concurrent resolution condemning the hostilities in Sudan and standing with the people of Sudan in their calls for peace and their democratic aspirations.
9a41971c-1e38-41b8-a6ec-bec6055a00b3,James Risch,R000584,israel-military-aid,cosponsor,SRES. 417,2023-10-19,A resolution standing with Israel against terrorism.
9a41971c-1e38-41b8-a6ec-bec6055a00b3,James Risch,R000584,border-security,cosponsor,S. 2999,2023-09-29,Keep Our Border Agents Paid Act
9a41971c-1e38-41b8-a6ec-bec6055a00b3,James Risch,R000584,gun-policy,cosponsor,S. 1907,2023-06-08,Federal Firearms Licensee Protection Act of 2023
9a41971c-1e38-41b8-a6ec-bec6055a00b3,James Risch,R000584,gun-policy,cosponsor,S. 214,2023-02-01,Constitutional Concealed Carry Reciprocity Act of 2023
1d877e4d-8aaf-4db8-be5b-2a3de0a98783,Jeanne Shaheen,S001181,israel-military-aid,sponsor,SRES. 505,2023-12-14,A resolution condemning the use of sexual violence and rape as a weapon of war by the terrorist group Hamas against the people of Israel.
1d877e4d-8aaf-4db8-be5b-2a3de0a98783,Jeanne Shaheen,S001181,border-security,sponsor,S. 292,2023-02-07,Northern Border Regional Commission Reauthorization Act of 2023
1d877e4d-8aaf-4db8-be5b-2a3de0a98783,Jeanne Shaheen,S001181,defense-spending,cosponsor,S. 5189,2026-07-30,"A bill to amend title 10, United States Code, and the National Defense Authorization Act for Fiscal Year 1994, to codify and clarify gender neutral standards for members of certain Armed Forces, and for other purposes."
1d877e4d-8aaf-4db8-be5b-2a3de0a98783,Jeanne Shaheen,S001181,gun-policy,cosponsor,SRES. 826,2026-07-30,"A resolution honoring the contributions of small manufacturers of firearms to the economy, culture, and recreational heritage of the United States and recognizing the month of August 2026 as ""National Shooting Sports Month""."
1d877e4d-8aaf-4db8-be5b-2a3de0a98783,Jeanne Shaheen,S001181,gun-policy,cosponsor,SCONRES. 25,2026-01-08,"A concurrent resolution recognizing the 15th anniversary of the January 8, 2011, Tucson, Arizona, shooting and honoring the survivors and victims, including former Congresswoman Gabby Giffords, a gun violence survivor and one of the most influential voices of courage in the United States in the fight to end gun violence."
1d877e4d-8aaf-4db8-be5b-2a3de0a98783,Jeanne Shaheen,S001181,2020-election,cosponsor,SRES. 574,2026-01-06,"A resolution observing the fifth anniversary of the attack on the United States Capitol on January 6, 2021, and recognizing the essential work of United States Capitol personnel, including the United States Capitol Police."
1d877e4d-8aaf-4db8-be5b-2a3de0a98783,Jeanne Shaheen,S001181,2020-election,cosponsor,S. 3582,2026-01-06,No Rewards for January 6 Rioters Act
1d877e4d-8aaf-4db8-be5b-2a3de0a98783,Jeanne Shaheen,S001181,2020-election,cosponsor,S. 3581,2026-01-06,No Settlements for January 6 Law Enforcement Assaulters Act
1d877e4d-8aaf-4db8-be5b-2a3de0a98783,Jeanne Shaheen,S001181,gun-policy,cosponsor,S. 3512,2025-12-16,Medicare Investment and Gun Violence Prevention Act
1d877e4d-8aaf-4db8-be5b-2a3de0a98783,Jeanne Shaheen,S001181,gun-policy,cosponsor,S. 3214,2025-11-19,Background Check Expansion Act
1d877e4d-8aaf-4db8-be5b-2a3de0a98783,Jeanne Shaheen,S001181,gun-policy,cosponsor,SRES. 342,2025-07-29,"A resolution honoring the contributions of small manufacturers of firearms to the economy, culture, and recreational heritage of the United States and recognizing August 2025 as ""National Shooting Sports Month""."
1d877e4d-8aaf-4db8-be5b-2a3de0a98783,Jeanne Shaheen,S001181,israel-military-aid,cosponsor,SRES. 227,2025-05-14,"A resolution condemning Hamas for its premeditated, coordinated, and brutal terrorist attacks on October 7, 2023, against Israel and demanding that Hamas immediately release all remaining hostages and return them to safety, and for other purposes."
1d877e4d-8aaf-4db8-be5b-2a3de0a98783,Jeanne Shaheen,S001181,gun-policy,cosponsor,S. 1531,2025-04-30,Assault Weapons Ban of 2025
1d877e4d-8aaf-4db8-be5b-2a3de0a98783,Jeanne Shaheen,S001181,gun-policy,cosponsor,S. 1466,2025-04-10,Resources for Victims of Gun Violence Act of 2025
1d877e4d-8aaf-4db8-be5b-2a3de0a98783,Jeanne Shaheen,S001181,gun-policy,cosponsor,S. 1294,2025-04-03,Federal Firearm Licensee Act
1d877e4d-8aaf-4db8-be5b-2a3de0a98783,Jeanne Shaheen,S001181,military-intervention,cosponsor,S. 696,2025-03-14,Protecting Our Guests During Hostilities in Ukraine Act
1d877e4d-8aaf-4db8-be5b-2a3de0a98783,Jeanne Shaheen,S001181,border-security,cosponsor,S. 4888,2024-11-12,A bill to include Czechia in the list of foreign states whose nationals are eligible for admission into the United States as E-1 nonimmigrants if United States nationals are treated similarly by the Government of Czechia.
1d877e4d-8aaf-4db8-be5b-2a3de0a98783,Jeanne Shaheen,S001181,gun-policy,cosponsor,S. 4706,2024-07-11,Federal Firearm Licensee Act
1d877e4d-8aaf-4db8-be5b-2a3de0a98783,Jeanne Shaheen,S001181,israel-military-aid,cosponsor,SRES. 188,2023-05-02,"A resolution celebrating the 75th anniversary of the founding of the State of Israel, and for other purposes."
1d877e4d-8aaf-4db8-be5b-2a3de0a98783,Jeanne Shaheen,S001181,gun-policy,cosponsor,S. 25,2023-01-23,Assault Weapons Ban of 2023
1d877e4d-8aaf-4db8-be5b-2a3de0a98783,Jeanne Shaheen,S001181,israel-military-aid,cosponsor,SRES. 417,2023-10-19,A resolution standing with Israel against terrorism.
1d877e4d-8aaf-4db8-be5b-2a3de0a98783,Jeanne Shaheen,S001181,gun-policy,cosponsor,S. 1893,2023-06-08,Resources for Victims of Gun Violence Act of 2023
1d877e4d-8aaf-4db8-be5b-2a3de0a98783,Jeanne Shaheen,S001181,gun-policy,cosponsor,S. 494,2023-02-16,Background Check Expansion Act
0eabc969-c1a1-47b7-8d34-6113b723a170,Jeff Merkley,M001176,military-intervention,sponsor,SJRES. 163,2026-04-13,A joint resolution to direct the removal of United States Armed Forces from hostilities within or against the Islamic Republic of Iran that have not been authorized by Congress.
0eabc969-c1a1-47b7-8d34-6113b723a170,Jeff Merkley,M001176,2020-election,sponsor,SRES. 580,2026-01-08,"A resolution directing the Architect of the Capitol to prominently display, in a publicly accessible location in the Senate wing of the United States Capitol, a plaque honoring the members of law enforcement responding on January 6, 2021, until the plaque can be placed in its permanent location."
0eabc969-c1a1-47b7-8d34-6113b723a170,Jeff Merkley,M001176,israel-military-aid,sponsor,SRES. 410,2025-09-18,"A resolution calling on the President to recognize a demilitarized State of Palestine, as consistent with international law and the principles of a two-state solution, alongside a secure State of Israel."
0eabc969-c1a1-47b7-8d34-6113b723a170,Jeff Merkley,M001176,military-intervention,cosponsor,SJRES. 211,2026-08-06,A joint resolution to direct the removal of United States Armed Forces from hostilities within or against the Islamic Republic of Iran that have not been authorized by Congress.
0eabc969-c1a1-47b7-8d34-6113b723a170,Jeff Merkley,M001176,military-intervention,cosponsor,SJRES. 181,2026-07-28,A joint resolution to direct the removal of United States Armed Forces from hostilities within or against the Islamic Republic of Iran that have not been authorized by Congress.
0eabc969-c1a1-47b7-8d34-6113b723a170,Jeff Merkley,M001176,cannabis-policy,cosponsor,S. 5022,2026-07-16,Cannabis Administration and Opportunity Act
0eabc969-c1a1-47b7-8d34-6113b723a170,Jeff Merkley,M001176,military-intervention,cosponsor,SJRES. 200,2026-07-13,A joint resolution to direct the removal of United States Armed Forces from hostilities within or against the Islamic Republic of Iran that have not been authorized by Congress.
0eabc969-c1a1-47b7-8d34-6113b723a170,Jeff Merkley,M001176,gun-policy,cosponsor,S. 1294,2026-06-17,Federal Firearm Licensee Act
0eabc969-c1a1-47b7-8d34-6113b723a170,Jeff Merkley,M001176,gun-policy,cosponsor,S. 4776,2026-06-11,Gun Records Restoration and Preservation Act
0eabc969-c1a1-47b7-8d34-6113b723a170,Jeff Merkley,M001176,military-intervention,cosponsor,SJRES. 185,2026-05-19,A joint resolution to direct the removal of United States Armed Forces from hostilities within or against the Islamic Republic of Iran that have not been authorized by Congress.
0eabc969-c1a1-47b7-8d34-6113b723a170,Jeff Merkley,M001176,military-intervention,cosponsor,SJRES. 124,2026-04-27,A joint resolution to direct the removal of United States Armed Forces from hostilities within or against the Republic of Cuba that have not been authorized by Congress.
0eabc969-c1a1-47b7-8d34-6113b723a170,Jeff Merkley,M001176,military-intervention,cosponsor,SJRES. 180,2026-04-21,A joint resolution to direct the removal of United States Armed Forces from hostilities within or against the Islamic Republic of Iran that have not been authorized by Congress.
0eabc969-c1a1-47b7-8d34-6113b723a170,Jeff Merkley,M001176,military-intervention,cosponsor,SJRES. 171,2026-04-20,A joint resolution to direct the removal of United States Armed Forces from hostilities within or against the Islamic Republic of Iran that have not been authorized by Congress.
0eabc969-c1a1-47b7-8d34-6113b723a170,Jeff Merkley,M001176,military-intervention,cosponsor,SJRES. 114,2026-04-16,A joint resolution to direct the removal of United States Armed Forces from hostilities within or against the Islamic Republic of Iran that have not been authorized by Congress.
0eabc969-c1a1-47b7-8d34-6113b723a170,Jeff Merkley,M001176,military-intervention,cosponsor,SJRES. 184,2026-04-16,A joint resolution to direct the removal of United States Armed Forces from hostilities within or against the Islamic Republic of Iran that have not been authorized by Congress.
0eabc969-c1a1-47b7-8d34-6113b723a170,Jeff Merkley,M001176,israel-military-aid,cosponsor,SJRES. 32,2026-04-15,A joint resolution providing for congressional disapproval of the proposed foreign military sale to the Government of Israel of certain defense articles and services.
0eabc969-c1a1-47b7-8d34-6113b723a170,Jeff Merkley,M001176,2020-election,cosponsor,SRES. 657,2026-03-23,"A resolution commending Taiwan on the 30th anniversary of its first direct presidential election in 1996, and expressing support for Taiwan in the preservation of its democratic institutions."
0eabc969-c1a1-47b7-8d34-6113b723a170,Jeff Merkley,M001176,israel-military-aid,cosponsor,SJRES. 138,2026-03-19,A joint resolution providing for congressional disapproval of the proposed foreign military sale to the Government of Israel of certain defense articles and services.
0eabc969-c1a1-47b7-8d34-6113b723a170,Jeff Merkley,M001176,israel-military-aid,cosponsor,SJRES. 137,2026-03-19,A joint resolution providing for congressional disapproval of the proposed foreign military sale to the Government of Israel of certain defense articles and services.
0eabc969-c1a1-47b7-8d34-6113b723a170,Jeff Merkley,M001176,israel-military-aid,cosponsor,SJRES. 136,2026-03-19,A joint resolution providing for congressional disapproval of the proposed licensing of certain defense articles and services to Israel.
0eabc969-c1a1-47b7-8d34-6113b723a170,Jeff Merkley,M001176,military-intervention,cosponsor,SJRES. 104,2026-02-25,A joint resolution to direct the removal of United States Armed Forces from hostilities within or against the Islamic Republic of Iran that have not been authorized by Congress.
0eabc969-c1a1-47b7-8d34-6113b723a170,Jeff Merkley,M001176,border-security,cosponsor,S. 3702,2026-02-03,Dignity for Detained Immigrants Act
0eabc969-c1a1-47b7-8d34-6113b723a170,Jeff Merkley,M001176,cannabis-policy,cosponsor,S. 3686,2026-01-15,Hemp Planting Predictability Act
0eabc969-c1a1-47b7-8d34-6113b723a170,Jeff Merkley,M001176,gun-policy,cosponsor,SCONRES. 25,2026-01-08,"A concurrent resolution recognizing the 15th anniversary of the January 8, 2011, Tucson, Arizona, shooting and honoring the survivors and victims, including former Congresswoman Gabby Giffords, a gun violence survivor and one of the most influential voices of courage in the United States in the fight to end gun violence."
0eabc969-c1a1-47b7-8d34-6113b723a170,Jeff Merkley,M001176,2020-election,cosponsor,SRES. 574,2026-01-06,"A resolution observing the fifth anniversary of the attack on the United States Capitol on January 6, 2021, and recognizing the essential work of United States Capitol personnel, including the United States Capitol Police."
0eabc969-c1a1-47b7-8d34-6113b723a170,Jeff Merkley,M001176,2020-election,cosponsor,S. 3582,2026-01-06,No Rewards for January 6 Rioters Act
0eabc969-c1a1-47b7-8d34-6113b723a170,Jeff Merkley,M001176,2020-election,cosponsor,S. 3581,2026-01-06,No Settlements for January 6 Law Enforcement Assaulters Act
0eabc969-c1a1-47b7-8d34-6113b723a170,Jeff Merkley,M001176,military-intervention,cosponsor,SJRES. 98,2026-01-05,A joint resolution to direct the removal of United States Armed Forces from hostilities within or against Venezuela that have not been authorized by Congress.
0eabc969-c1a1-47b7-8d34-6113b723a170,Jeff Merkley,M001176,gun-policy,cosponsor,S. 3289,2025-12-01,Crime Gun Tracing Modernization Act of 2025
0eabc969-c1a1-47b7-8d34-6113b723a170,Jeff Merkley,M001176,gun-policy,cosponsor,S. 3214,2025-11-19,Background Check Expansion Act
0eabc969-c1a1-47b7-8d34-6113b723a170,Jeff Merkley,M001176,military-intervention,cosponsor,SJRES. 90,2025-11-05,A joint resolution to direct the removal of United States Armed Forces from hostilities within or against Venezuela that have not been authorized by Congress.
0eabc969-c1a1-47b7-8d34-6113b723a170,Jeff Merkley,M001176,military-intervention,cosponsor,SJRES. 83,2025-10-08,A joint resolution to direct the removal of United States Armed Forces from hostilities that have not been authorized by Congress.
0eabc969-c1a1-47b7-8d34-6113b723a170,Jeff Merkley,M001176,israel-military-aid,cosponsor,SJRES. 34,2025-07-30,A joint resolution providing for congressional disapproval of the proposed foreign military sale to the Government of Israel of certain defense articles and services.
0eabc969-c1a1-47b7-8d34-6113b723a170,Jeff Merkley,M001176,israel-military-aid,cosponsor,SJRES. 41,2025-07-30,A joint resolution providing for congressional disapproval of the proposed export of certain defense articles to Israel.
0eabc969-c1a1-47b7-8d34-6113b723a170,Jeff Merkley,M001176,gun-policy,cosponsor,S. 2514,2025-07-29,Gun Violence Prevention Research Act of 2025
0eabc969-c1a1-47b7-8d34-6113b723a170,Jeff Merkley,M001176,border-security,cosponsor,S. 1965,2025-06-05,Protect Vulnerable Immigrant Youth Act
0eabc969-c1a1-47b7-8d34-6113b723a170,Jeff Merkley,M001176,gun-policy,cosponsor,S. 1955,2025-06-04,Equal Access to Justice for Victims of Gun Violence Act
0eabc969-c1a1-47b7-8d34-6113b723a170,Jeff Merkley,M001176,israel-military-aid,cosponsor,SRES. 227,2025-06-03,"A resolution condemning Hamas for its premeditated, coordinated, and brutal terrorist attacks on October 7, 2023, against Israel and demanding that Hamas immediately release all remaining hostages and return them to safety, and for other purposes."
0eabc969-c1a1-47b7-8d34-6113b723a170,Jeff Merkley,M001176,gun-policy,cosponsor,S. 1531,2025-04-30,Assault Weapons Ban of 2025
0eabc969-c1a1-47b7-8d34-6113b723a170,Jeff Merkley,M001176,minimum-wage,cosponsor,S. 1332,2025-04-08,Raise the Wage Act of 2025
0eabc969-c1a1-47b7-8d34-6113b723a170,Jeff Merkley,M001176,border-security,cosponsor,S. 3591,2024-11-14,Stop Fentanyl at the Border Act
0eabc969-c1a1-47b7-8d34-6113b723a170,Jeff Merkley,M001176,israel-military-aid,cosponsor,SJRES. 111,2024-09-25,A joint resolution providing for congressional disapproval of the proposed foreign military sale to the Government of Israel of certain defense articles and services.
0eabc969-c1a1-47b7-8d34-6113b723a170,Jeff Merkley,M001176,israel-military-aid,cosponsor,SJRES. 115,2024-09-25,"A joint resolution providing for congressional disapproval of the proposed license amendment for the export of certain defense articles, defense services, and technical data to Israel."
0eabc969-c1a1-47b7-8d34-6113b723a170,Jeff Merkley,M001176,israel-military-aid,cosponsor,SJRES. 113,2024-09-25,A joint resolution providing for congressional disapproval of the proposed foreign military sale to the Government of Israel of certain defense articles and services.
0eabc969-c1a1-47b7-8d34-6113b723a170,Jeff Merkley,M001176,israel-military-aid,cosponsor,SJRES. 116,2024-09-25,A joint resolution providing for congressional disapproval of the proposed enhancement or upgrade of sensitivity of technology or capability of certain major defense equipment for the Government of Israel.
0eabc969-c1a1-47b7-8d34-6113b723a170,Jeff Merkley,M001176,gun-policy,cosponsor,SRES. 716,2024-06-05,"A resolution expressing support for the designation of June 7, 2024, as ""National Gun Violence Awareness Day"" and June 2024 as ""National Gun Violence Awareness Month""."
0eabc969-c1a1-47b7-8d34-6113b723a170,Jeff Merkley,M001176,cannabis-policy,cosponsor,S. 4226,2024-05-01,Cannabis Administration and Opportunity Act
0eabc969-c1a1-47b7-8d34-6113b723a170,Jeff Merkley,M001176,border-security,cosponsor,S. 1885,2024-04-30,Protect Vulnerable Immigrant Youth Act
0eabc969-c1a1-47b7-8d34-6113b723a170,Jeff Merkley,M001176,minimum-wage,cosponsor,S. 2488,2023-07-25,Raise the Wage Act of 2023
0eabc969-c1a1-47b7-8d34-6113b723a170,Jeff Merkley,M001176,cannabis-policy,cosponsor,S. 980,2024-04-10,Industrial Hemp Act of 2023
0eabc969-c1a1-47b7-8d34-6113b723a170,Jeff Merkley,M001176,gun-policy,cosponsor,S. 2048,2023-06-20,Equal Access to Justice for Victims of Gun Violence Act
0eabc969-c1a1-47b7-8d34-6113b723a170,Jeff Merkley,M001176,gun-policy,cosponsor,S. 1819,2023-06-06,3D Printed Gun Safety Act of 2023
0eabc969-c1a1-47b7-8d34-6113b723a170,Jeff Merkley,M001176,gun-policy,cosponsor,S. 1460,2023-05-04,Firearm Safety Act of 2023
0eabc969-c1a1-47b7-8d34-6113b723a170,Jeff Merkley,M001176,israel-military-aid,cosponsor,SRES. 188,2023-05-02,"A resolution celebrating the 75th anniversary of the founding of the State of Israel, and for other purposes."
0eabc969-c1a1-47b7-8d34-6113b723a170,Jeff Merkley,M001176,gun-policy,cosponsor,S. 1026,2023-03-29,Gun Violence Prevention Research Act of 2023
0eabc969-c1a1-47b7-8d34-6113b723a170,Jeff Merkley,M001176,gun-policy,cosponsor,S. 25,2023-01-23,Assault Weapons Ban of 2023
0eabc969-c1a1-47b7-8d34-6113b723a170,Jeff Merkley,M001176,cannabis-policy,cosponsor,S. 1204,2023-04-19,Veterans Medical Marijuana Safe Harbor Act.
0eabc969-c1a1-47b7-8d34-6113b723a170,Jeff Merkley,M001176,israel-military-aid,cosponsor,SRES. 408,2023-11-15,"A resolution condemning Hamas for its premeditated, coordinated, and brutal terrorist attacks on Israel and demanding that Hamas immediately release all hostages and return them to safety, and for other purposes."
0eabc969-c1a1-47b7-8d34-6113b723a170,Jeff Merkley,M001176,israel-military-aid,cosponsor,SRES. 417,2023-10-19,A resolution standing with Israel against terrorism.
0eabc969-c1a1-47b7-8d34-6113b723a170,Jeff Merkley,M001176,gun-policy,cosponsor,S. 2652,2023-07-27,Ghost Guns and Untraceable Firearms Act of 2023
0eabc969-c1a1-47b7-8d34-6113b723a170,Jeff Merkley,M001176,cannabis-policy,cosponsor,S. 2451,2023-07-27,Hemp Access and Consumer Safety Act
0eabc969-c1a1-47b7-8d34-6113b723a170,Jeff Merkley,M001176,gun-policy,cosponsor,SRES. 231,2023-06-01,"A resolution expressing support for the designation of June 2, 2023, as ""National Gun Violence Awareness Day"" and June 2023 as ""National Gun Violence Awareness Month""."
0eabc969-c1a1-47b7-8d34-6113b723a170,Jeff Merkley,M001176,gun-policy,cosponsor,S. 203,2023-05-11,Crime Gun Tracing Modernization Act of 2023
0eabc969-c1a1-47b7-8d34-6113b723a170,Jeff Merkley,M001176,military-intervention,cosponsor,S. 1061,2023-04-19,A bill to prospectively repeal the 2001 Authorization for Use of Military Force.
0eabc969-c1a1-47b7-8d34-6113b723a170,Jeff Merkley,M001176,gun-policy,cosponsor,S. 598,2023-03-06,Gun Records Restoration and Preservation Act
0eabc969-c1a1-47b7-8d34-6113b723a170,Jeff Merkley,M001176,gun-policy,cosponsor,S. 494,2023-02-16,Background Check Expansion Act
2f52b4b6-f167-4452-be9b-d37a5b667e69,Jerry Moran,M000934,israel-military-aid,sponsor,S. 1143,2023-03-30,United States-Israel PTSD Collaborative Research Act
2f52b4b6-f167-4452-be9b-d37a5b667e69,Jerry Moran,M000934,gun-policy,cosponsor,S. 3916,2026-03-12,Gun Owner Registration Information Protection Act
2f52b4b6-f167-4452-be9b-d37a5b667e69,Jerry Moran,M000934,israel-military-aid,cosponsor,SRES. 438,2025-10-07,"A resolution condemning the brutal Hamas-led terrorist attack on the State of Israel on October 7, 2023, and supporting an outcome that ensures the forever survival of Israel, the complete denial of Hamas's ability to reconstitute in the region, and the release of all the remaining hostages from the Gaza Strip, including two United States citizens."
2f52b4b6-f167-4452-be9b-d37a5b667e69,Jerry Moran,M000934,border-security,cosponsor,S. 112,2025-01-16,Make the Migrant Protection Protocols Mandatory Act of 2025
2f52b4b6-f167-4452-be9b-d37a5b667e69,Jerry Moran,M000934,gun-policy,cosponsor,S. 65,2025-01-09,Constitutional Concealed Carry Reciprocity Act of 2025
2f52b4b6-f167-4452-be9b-d37a5b667e69,Jerry Moran,M000934,israel-military-aid,cosponsor,S. 5303,2024-11-13,Stand with Israel Act
2f52b4b6-f167-4452-be9b-d37a5b667e69,Jerry Moran,M000934,israel-military-aid,cosponsor,SRES. 890,2024-09-25,"A resolution condemning the brutal Hamas-led terrorist attack on Israel on October 7, 2023, and supporting an outcome that ensures the forever survival of Israel, the complete denial of the ability of Hamas to reconstitute in the region, and the safe release of United States hostages from the Gaza Strip."
2f52b4b6-f167-4452-be9b-d37a5b667e69,Jerry Moran,M000934,gun-policy,cosponsor,SJRES. 83,2024-05-15,"A joint resolution providing for congressional disapproval under chapter 8 of title 5, United States Code, of the rule submitted by the Bureau of Alcohol, Tobacco, Firearms, and Explosives relating to ""Definition of 'Engaged in the Business' as a Dealer in Firearms""."
2f52b4b6-f167-4452-be9b-d37a5b667e69,Jerry Moran,M000934,israel-military-aid,cosponsor,SRES. 682,2024-05-09,A resolution condemning the decision by the Biden Administration to halt the shipment of United States made ammunition and weapons to the State of Israel.
2f52b4b6-f167-4452-be9b-d37a5b667e69,Jerry Moran,M000934,israel-military-aid,cosponsor,SRES. 617,2024-03-22,A resolution expressing the sense of the Senate that Israel has the inherent right to defend itself and take necessary steps to eradicate the terrorist threat posed by Hamas.
2f52b4b6-f167-4452-be9b-d37a5b667e69,Jerry Moran,M000934,israel-military-aid,cosponsor,S. 2240,2023-07-11,United States-Israel International Development Cooperation Act of 2023
2f52b4b6-f167-4452-be9b-d37a5b667e69,Jerry Moran,M000934,israel-military-aid,cosponsor,SCONRES. 14,2023-07-20,A concurrent resolution expressing the sense of Congress supporting the State of Israel.
2f52b4b6-f167-4452-be9b-d37a5b667e69,Jerry Moran,M000934,border-security,cosponsor,SJRES. 25,2023-04-25,"A joint resolution providing for congressional disapproval under chapter 8 of title 5, United States Code, of the rule submitted by the Department of Labor relating to ""Adverse Effect Wage Rate Methodology for the Temporary Employment of H-2A Nonimmigrants in Non-Range Occupations in the United States""."
2f52b4b6-f167-4452-be9b-d37a5b667e69,Jerry Moran,M000934,border-security,cosponsor,S. 685,2023-03-07,Stopping Border Surges Act
2f52b4b6-f167-4452-be9b-d37a5b667e69,Jerry Moran,M000934,gun-policy,cosponsor,SJRES. 20,2023-03-15,"A joint resolution providing for congressional disapproval under chapter 8 of title 5, United States Code, of the rule submitted by the Department of Justice and the Bureau of Alcohol, Tobacco, Firearms and Explosives relating to ""Factoring Criteria for Firearms With Attached 'Stabilizing Braces'""."
2f52b4b6-f167-4452-be9b-d37a5b667e69,Jerry Moran,M000934,border-security,cosponsor,S. 2824,2023-12-14,Secure the Border Act of 2023
2f52b4b6-f167-4452-be9b-d37a5b667e69,Jerry Moran,M000934,israel-military-aid,cosponsor,SRES. 417,2023-10-19,A resolution standing with Israel against terrorism.
2f52b4b6-f167-4452-be9b-d37a5b667e69,Jerry Moran,M000934,border-security,cosponsor,S. 733,2023-03-09,Reverse Entry for Migrant Offenders and Violence Expulsion Act
2f52b4b6-f167-4452-be9b-d37a5b667e69,Jerry Moran,M000934,gun-policy,cosponsor,S. 214,2023-02-01,Constitutional Concealed Carry Reciprocity Act of 2023
023c6644-356e-4afb-925b-e20f9c32209b,Jim Banks,B001299,israel-military-aid,sponsor,S. 2216,2025-07-09,"Weapons Resupply, Stockpile, and Alliance–Israel Act"
023c6644-356e-4afb-925b-e20f9c32209b,Jim Banks,B001299,border-security,sponsor,S. 301,2025-01-29,Border Security is National Security Act
023c6644-356e-4afb-925b-e20f9c32209b,Jim Banks,B001299,israel-military-aid,sponsor,HR. 6113,2023-10-30,Israel Supplemental Appropriations Act of 2023
023c6644-356e-4afb-925b-e20f9c32209b,Jim Banks,B001299,border-security,cosponsor,S. 5371,2026-08-07,Stopping Border Surges Act
023c6644-356e-4afb-925b-e20f9c32209b,Jim Banks,B001299,gun-policy,cosponsor,S. 1169,2026-07-23,Freedom from Unfair Gun Taxes Act
023c6644-356e-4afb-925b-e20f9c32209b,Jim Banks,B001299,gun-policy,cosponsor,S. 3085,2026-07-23,Firearm Access During Shutdowns Act of 2025
023c6644-356e-4afb-925b-e20f9c32209b,Jim Banks,B001299,israel-military-aid,cosponsor,S. 3855,2026-03-05,"United States-Israel Framework for Upgraded Technologies, Unified Research, and Enhanced Security (FUTURES) Act of 2026"
023c6644-356e-4afb-925b-e20f9c32209b,Jim Banks,B001299,israel-military-aid,cosponsor,SRES. 438,2025-10-07,"A resolution condemning the brutal Hamas-led terrorist attack on the State of Israel on October 7, 2023, and supporting an outcome that ensures the forever survival of Israel, the complete denial of Hamas's ability to reconstitute in the region, and the release of all the remaining hostages from the Gaza Strip, including two United States citizens."
023c6644-356e-4afb-925b-e20f9c32209b,Jim Banks,B001299,israel-military-aid,cosponsor,S. 554,2025-02-26,United States-Israel Defense Partnership Act of 2025
023c6644-356e-4afb-925b-e20f9c32209b,Jim Banks,B001299,gun-policy,cosponsor,S. 65,2025-01-09,Constitutional Concealed Carry Reciprocity Act of 2025
023c6644-356e-4afb-925b-e20f9c32209b,Jim Banks,B001299,2020-election,cosponsor,HRES. 1305,2024-06-18,"Rescinding the subpoenas issued by the January 6th Select Committee on September 23, 2021, October 6, 2021, and February 9, 2022, and withdrawing the recommendations finding Stephen K. Bannon, Mark Randall Meadows, Daniel Scavino, Jr., and Peter K. Navarro in contempt of Congress."
023c6644-356e-4afb-925b-e20f9c32209b,Jim Banks,B001299,israel-military-aid,cosponsor,HR. 7866,2024-05-15,United States-Israel Anti-Tunnel Cooperation Enhancement Act
023c6644-356e-4afb-925b-e20f9c32209b,Jim Banks,B001299,israel-military-aid,cosponsor,HR. 8369,2024-05-14,Israel Security Assistance Support Act
023c6644-356e-4afb-925b-e20f9c32209b,Jim Banks,B001299,defense-spending,cosponsor,HR. 8070,2024-04-18,Servicemember Quality of Life Improvement and National Defense Authorization Act for Fiscal Year 2025
023c6644-356e-4afb-925b-e20f9c32209b,Jim Banks,B001299,gun-policy,cosponsor,HR. 6734,2024-02-09,Stopping Unconstitutional Background Checks Act
023c6644-356e-4afb-925b-e20f9c32209b,Jim Banks,B001299,israel-military-aid,cosponsor,HRES. 966,2024-01-18,Condemning rape and sexual violence committed by Hamas in its war against Israel.
023c6644-356e-4afb-925b-e20f9c32209b,Jim Banks,B001299,israel-military-aid,cosponsor,HRES. 771,2023-10-11,Standing with Israel as it defends itself against the barbaric war launched by Hamas and other terrorists.
023c6644-356e-4afb-925b-e20f9c32209b,Jim Banks,B001299,israel-military-aid,cosponsor,HRES. 768,2023-10-10,Standing with Israel as it defends itself against the barbaric war launched by Hamas and other terrorists.
023c6644-356e-4afb-925b-e20f9c32209b,Jim Banks,B001299,military-intervention,cosponsor,HJRES. 18,2023-07-10,AUMF CARTEL Influence Resolution
023c6644-356e-4afb-925b-e20f9c32209b,Jim Banks,B001299,israel-military-aid,cosponsor,HR. 1777,2023-06-15,United States-Israel Future of Warfare Act of 2023
023c6644-356e-4afb-925b-e20f9c32209b,Jim Banks,B001299,israel-military-aid,cosponsor,HR. 3792,2023-06-15,U.S.-Israel Partnership and Abraham Accords Enhancement Act of 2023
023c6644-356e-4afb-925b-e20f9c32209b,Jim Banks,B001299,border-security,cosponsor,HJRES. 59,2023-06-12,"Providing for congressional disapproval under chapter 8 of title 5, United States Code, of the rule submitted by the Department of Labor relating to ""Adverse Effect Wage Rate Methodology for the Temporary Employment of H-2A Nonimmigrants in Non-Range Occupations in the United States""."
023c6644-356e-4afb-925b-e20f9c32209b,Jim Banks,B001299,gun-policy,cosponsor,HR. 38,2023-03-28,Concealed Carry Reciprocity Act
023c6644-356e-4afb-925b-e20f9c32209b,Jim Banks,B001299,gun-policy,cosponsor,HJRES. 44,2023-03-17,"Providing for congressional disapproval under chapter 8 of title 5, United States Code, of the rule submitted by the Bureau of Alcohol, Tobacco, Firearms, and Explosives relating to ""Factoring Criteria for Firearms with Attached 'Stabilizing Braces'""."
023c6644-356e-4afb-925b-e20f9c32209b,Jim Banks,B001299,border-security,cosponsor,HR. 1210,2023-02-27,Stop Fentanyl Border Crossings Act
023c6644-356e-4afb-925b-e20f9c32209b,Jim Banks,B001299,border-security,cosponsor,HRES. 50,2023-01-20,"Recognizing that article I, section 10 of the United States Constitution explicitly reserves to the States the sovereign power to repel an invasion and defend their citizenry from the overwhelming and ""imminent danger"" posed by paramilitary, narco-terrorist cartels, terrorists and criminal actors who have seized control of our southern border."
7e434dbf-80d1-4813-9b43-af30429c8290,Jim Justice,J000312,gun-policy,cosponsor,SRES. 826,2026-08-05,"A resolution honoring the contributions of small manufacturers of firearms to the economy, culture, and recreational heritage of the United States and recognizing the month of August 2026 as ""National Shooting Sports Month""."
7e434dbf-80d1-4813-9b43-af30429c8290,Jim Justice,J000312,gun-policy,cosponsor,SRES. 827,2026-08-05,"A resolution recognizing the 100th anniversary of the creation of the Sporting Arms and Ammunition Manufacturers' Institute, Inc. (SAAMI) and commending its work establishing industry standards that ensure the safe interoperability of firearms and ammunition."
7e434dbf-80d1-4813-9b43-af30429c8290,Jim Justice,J000312,israel-military-aid,cosponsor,S. 3855,2026-06-11,"United States-Israel Framework for Upgraded Technologies, Unified Research, and Enhanced Security (FUTURES) Act of 2026"
7e434dbf-80d1-4813-9b43-af30429c8290,Jim Justice,J000312,gun-policy,cosponsor,S. 4671,2026-06-03,Federal Firearms Licensee Protection Act of 2026
7e434dbf-80d1-4813-9b43-af30429c8290,Jim Justice,J000312,2020-election,cosponsor,SRES. 657,2026-04-14,"A resolution commending Taiwan on the 30th anniversary of its first direct presidential election in 1996, and expressing support for Taiwan in the preservation of its democratic institutions."
7e434dbf-80d1-4813-9b43-af30429c8290,Jim Justice,J000312,gun-policy,cosponsor,S. 3916,2026-02-25,Gun Owner Registration Information Protection Act
7e434dbf-80d1-4813-9b43-af30429c8290,Jim Justice,J000312,border-security,cosponsor,S. 3681,2026-01-15,Keep Our Border Agents Paid Act
7e434dbf-80d1-4813-9b43-af30429c8290,Jim Justice,J000312,gun-policy,cosponsor,S. 3085,2025-10-30,Firearm Access During Shutdowns Act of 2025
7e434dbf-80d1-4813-9b43-af30429c8290,Jim Justice,J000312,israel-military-aid,cosponsor,SRES. 438,2025-10-07,"A resolution condemning the brutal Hamas-led terrorist attack on the State of Israel on October 7, 2023, and supporting an outcome that ensures the forever survival of Israel, the complete denial of Hamas's ability to reconstitute in the region, and the release of all the remaining hostages from the Gaza Strip, including two United States citizens."
7e434dbf-80d1-4813-9b43-af30429c8290,Jim Justice,J000312,gun-policy,cosponsor,SRES. 342,2025-07-29,"A resolution honoring the contributions of small manufacturers of firearms to the economy, culture, and recreational heritage of the United States and recognizing August 2025 as ""National Shooting Sports Month""."
7e434dbf-80d1-4813-9b43-af30429c8290,Jim Justice,J000312,israel-military-aid,cosponsor,SRES. 307,2025-06-26,A resolution expressing the sense of the Senate in support of the recent United States and Israeli military strikes on Iran.
7e434dbf-80d1-4813-9b43-af30429c8290,Jim Justice,J000312,israel-military-aid,cosponsor,S. 554,2025-05-20,United States-Israel Defense Partnership Act of 2025
7e434dbf-80d1-4813-9b43-af30429c8290,Jim Justice,J000312,israel-military-aid,cosponsor,S. 1521,2025-04-30,Stand with Israel Act
7e434dbf-80d1-4813-9b43-af30429c8290,Jim Justice,J000312,gun-policy,cosponsor,S. 1169,2025-03-27,Freedom from Unfair Gun Taxes Act
7e434dbf-80d1-4813-9b43-af30429c8290,Jim Justice,J000312,gun-policy,cosponsor,S. 65,2025-02-10,Constitutional Concealed Carry Reciprocity Act of 2025
e4b27d5e-59de-4e71-a8a7-28e7b9a80807,John Barrasso,B001261,israel-military-aid,cosponsor,SRES. 438,2025-10-07,"A resolution condemning the brutal Hamas-led terrorist attack on the State of Israel on October 7, 2023, and supporting an outcome that ensures the forever survival of Israel, the complete denial of Hamas's ability to reconstitute in the region, and the release of all the remaining hostages from the Gaza Strip, including two United States citizens."
e4b27d5e-59de-4e71-a8a7-28e7b9a80807,John Barrasso,B001261,border-security,cosponsor,S. 2967,2025-10-02,Border Lands Conservation Act
e4b27d5e-59de-4e71-a8a7-28e7b9a80807,John Barrasso,B001261,israel-military-aid,cosponsor,S. 1521,2025-04-30,Stand with Israel Act
e4b27d5e-59de-4e71-a8a7-28e7b9a80807,John Barrasso,B001261,gun-policy,cosponsor,S. 65,2025-01-09,Constitutional Concealed Carry Reciprocity Act of 2025
e4b27d5e-59de-4e71-a8a7-28e7b9a80807,John Barrasso,B001261,israel-military-aid,cosponsor,S. 5303,2024-11-13,Stand with Israel Act
e4b27d5e-59de-4e71-a8a7-28e7b9a80807,John Barrasso,B001261,israel-military-aid,cosponsor,SRES. 890,2024-09-25,"A resolution condemning the brutal Hamas-led terrorist attack on Israel on October 7, 2023, and supporting an outcome that ensures the forever survival of Israel, the complete denial of the ability of Hamas to reconstitute in the region, and the safe release of United States hostages from the Gaza Strip."
e4b27d5e-59de-4e71-a8a7-28e7b9a80807,John Barrasso,B001261,gun-policy,cosponsor,S. 4972,2024-08-01,Lawful Purpose and Historical Firearms Act
e4b27d5e-59de-4e71-a8a7-28e7b9a80807,John Barrasso,B001261,israel-military-aid,cosponsor,SRES. 445,2023-11-02,A resolution recognizing the importance of the economic relationship between the United States and Israel and affirming that trade facilitated by the United States-Israel Free Trade Agreement is a tool to support the economy of Israel during the conflict with Hamas.
e4b27d5e-59de-4e71-a8a7-28e7b9a80807,John Barrasso,B001261,gun-policy,cosponsor,S. 4652,2024-07-10,Firearms Interstate Commerce Reform Act
e4b27d5e-59de-4e71-a8a7-28e7b9a80807,John Barrasso,B001261,gun-policy,cosponsor,SJRES. 93,2024-06-05,"A joint resolution providing for congressional disapproval under chapter 8 of title 5, United States Code, of the rule submitted by the Department of Commerce relating to ""Revision of Firearms License Requirements""."
e4b27d5e-59de-4e71-a8a7-28e7b9a80807,John Barrasso,B001261,gun-policy,cosponsor,SJRES. 83,2024-05-15,"A joint resolution providing for congressional disapproval under chapter 8 of title 5, United States Code, of the rule submitted by the Bureau of Alcohol, Tobacco, Firearms, and Explosives relating to ""Definition of 'Engaged in the Business' as a Dealer in Firearms""."
e4b27d5e-59de-4e71-a8a7-28e7b9a80807,John Barrasso,B001261,israel-military-aid,cosponsor,S. 4337,2024-05-15,Israel Security Assistance Support Act
e4b27d5e-59de-4e71-a8a7-28e7b9a80807,John Barrasso,B001261,israel-military-aid,cosponsor,SRES. 680,2024-05-09,"A resolution condemning the violent, anti-American and anti-Israel protests that are occurring on campuses of institutions of higher education nationwide."
e4b27d5e-59de-4e71-a8a7-28e7b9a80807,John Barrasso,B001261,israel-military-aid,cosponsor,SRES. 682,2024-05-09,A resolution condemning the decision by the Biden Administration to halt the shipment of United States made ammunition and weapons to the State of Israel.
e4b27d5e-59de-4e71-a8a7-28e7b9a80807,John Barrasso,B001261,israel-military-aid,cosponsor,SRES. 617,2024-03-22,A resolution expressing the sense of the Senate that Israel has the inherent right to defend itself and take necessary steps to eradicate the terrorist threat posed by Hamas.
e4b27d5e-59de-4e71-a8a7-28e7b9a80807,John Barrasso,B001261,border-security,cosponsor,S. 348,2023-02-09,Asylum Abuse Reduction Act
e4b27d5e-59de-4e71-a8a7-28e7b9a80807,John Barrasso,B001261,border-security,cosponsor,S. 2824,2023-09-14,Secure the Border Act of 2023
e4b27d5e-59de-4e71-a8a7-28e7b9a80807,John Barrasso,B001261,israel-military-aid,cosponsor,SCONRES. 14,2023-07-18,A concurrent resolution expressing the sense of Congress supporting the State of Israel.
e4b27d5e-59de-4e71-a8a7-28e7b9a80807,John Barrasso,B001261,israel-military-aid,cosponsor,S. 1802,2023-06-12,United States-Israel Future of Warfare Act of 2023
e4b27d5e-59de-4e71-a8a7-28e7b9a80807,John Barrasso,B001261,border-security,cosponsor,SJRES. 25,2023-04-25,"A joint resolution providing for congressional disapproval under chapter 8 of title 5, United States Code, of the rule submitted by the Department of Labor relating to ""Adverse Effect Wage Rate Methodology for the Temporary Employment of H-2A Nonimmigrants in Non-Range Occupations in the United States""."
e4b27d5e-59de-4e71-a8a7-28e7b9a80807,John Barrasso,B001261,border-security,cosponsor,S. 3708,2024-01-31,A bill to reprogram Federal funds appropriated for UNRWA to construct the southwest border wall and to prohibit future funding for UNRWA.
e4b27d5e-59de-4e71-a8a7-28e7b9a80807,John Barrasso,B001261,border-security,cosponsor,SRES. 45,2023-02-09,A resolution expressing the sense of the Senate that the current influx of migrants is causing a crisis at the southern border.
e4b27d5e-59de-4e71-a8a7-28e7b9a80807,John Barrasso,B001261,israel-military-aid,cosponsor,SRES. 188,2023-05-02,"A resolution celebrating the 75th anniversary of the founding of the State of Israel, and for other purposes."
e4b27d5e-59de-4e71-a8a7-28e7b9a80807,John Barrasso,B001261,gun-policy,cosponsor,SJRES. 20,2023-03-15,"A joint resolution providing for congressional disapproval under chapter 8 of title 5, United States Code, of the rule submitted by the Department of Justice and the Bureau of Alcohol, Tobacco, Firearms and Explosives relating to ""Factoring Criteria for Firearms With Attached 'Stabilizing Braces'""."
e4b27d5e-59de-4e71-a8a7-28e7b9a80807,John Barrasso,B001261,israel-military-aid,cosponsor,SRES. 417,2023-10-19,A resolution standing with Israel against terrorism.
e4b27d5e-59de-4e71-a8a7-28e7b9a80807,John Barrasso,B001261,gun-policy,cosponsor,S. 214,2023-02-01,Constitutional Concealed Carry Reciprocity Act of 2023
3621bbef-a821-45fe-991c-e1744ad05203,John Boozman,B001236,gun-policy,cosponsor,SCONRES. 25,2026-01-14,"A concurrent resolution recognizing the 15th anniversary of the January 8, 2011, Tucson, Arizona, shooting and honoring the survivors and victims, including former Congresswoman Gabby Giffords, a gun violence survivor and one of the most influential voices of courage in the United States in the fight to end gun violence."
3621bbef-a821-45fe-991c-e1744ad05203,John Boozman,B001236,israel-military-aid,cosponsor,SRES. 438,2025-10-07,"A resolution condemning the brutal Hamas-led terrorist attack on the State of Israel on October 7, 2023, and supporting an outcome that ensures the forever survival of Israel, the complete denial of Hamas's ability to reconstitute in the region, and the release of all the remaining hostages from the Gaza Strip, including two United States citizens."
3621bbef-a821-45fe-991c-e1744ad05203,John Boozman,B001236,border-security,cosponsor,S. 482,2025-06-09,A bill to include Czechia in the list of foreign states whose nationals are eligible for admission into the United States as E-1 nonimmigrants if United States nationals are treated similarly by the Government of Czechia.
3621bbef-a821-45fe-991c-e1744ad05203,John Boozman,B001236,israel-military-aid,cosponsor,S. 1521,2025-04-30,Stand with Israel Act
3621bbef-a821-45fe-991c-e1744ad05203,John Boozman,B001236,gun-policy,cosponsor,S. 966,2025-03-11,Traveler's Gun Rights Act
3621bbef-a821-45fe-991c-e1744ad05203,John Boozman,B001236,gun-policy,cosponsor,S. 65,2025-01-09,Constitutional Concealed Carry Reciprocity Act of 2025
3621bbef-a821-45fe-991c-e1744ad05203,John Boozman,B001236,border-security,cosponsor,S. 4888,2024-12-09,A bill to include Czechia in the list of foreign states whose nationals are eligible for admission into the United States as E-1 nonimmigrants if United States nationals are treated similarly by the Government of Czechia.
3621bbef-a821-45fe-991c-e1744ad05203,John Boozman,B001236,israel-military-aid,cosponsor,S. 5303,2024-11-13,Stand with Israel Act
3621bbef-a821-45fe-991c-e1744ad05203,John Boozman,B001236,israel-military-aid,cosponsor,SRES. 890,2024-09-25,"A resolution condemning the brutal Hamas-led terrorist attack on Israel on October 7, 2023, and supporting an outcome that ensures the forever survival of Israel, the complete denial of the ability of Hamas to reconstitute in the region, and the safe release of United States hostages from the Gaza Strip."
3621bbef-a821-45fe-991c-e1744ad05203,John Boozman,B001236,israel-military-aid,cosponsor,SRES. 505,2024-06-11,A resolution condemning the use of sexual violence and rape as a weapon of war by the terrorist group Hamas against the people of Israel.
3621bbef-a821-45fe-991c-e1744ad05203,John Boozman,B001236,gun-policy,cosponsor,SJRES. 83,2024-05-15,"A joint resolution providing for congressional disapproval under chapter 8 of title 5, United States Code, of the rule submitted by the Bureau of Alcohol, Tobacco, Firearms, and Explosives relating to ""Definition of 'Engaged in the Business' as a Dealer in Firearms""."
3621bbef-a821-45fe-991c-e1744ad05203,John Boozman,B001236,israel-military-aid,cosponsor,SRES. 682,2024-05-09,A resolution condemning the decision by the Biden Administration to halt the shipment of United States made ammunition and weapons to the State of Israel.
3621bbef-a821-45fe-991c-e1744ad05203,John Boozman,B001236,border-security,cosponsor,S. 348,2023-02-09,Asylum Abuse Reduction Act
3621bbef-a821-45fe-991c-e1744ad05203,John Boozman,B001236,israel-military-aid,cosponsor,SCONRES. 14,2023-07-18,A concurrent resolution expressing the sense of Congress supporting the State of Israel.
3621bbef-a821-45fe-991c-e1744ad05203,John Boozman,B001236,border-security,cosponsor,SJRES. 25,2023-04-25,"A joint resolution providing for congressional disapproval under chapter 8 of title 5, United States Code, of the rule submitted by the Department of Labor relating to ""Adverse Effect Wage Rate Methodology for the Temporary Employment of H-2A Nonimmigrants in Non-Range Occupations in the United States""."
3621bbef-a821-45fe-991c-e1744ad05203,John Boozman,B001236,border-security,cosponsor,SRES. 45,2023-02-09,A resolution expressing the sense of the Senate that the current influx of migrants is causing a crisis at the southern border.
3621bbef-a821-45fe-991c-e1744ad05203,John Boozman,B001236,gun-policy,cosponsor,SJRES. 20,2023-03-15,"A joint resolution providing for congressional disapproval under chapter 8 of title 5, United States Code, of the rule submitted by the Department of Justice and the Bureau of Alcohol, Tobacco, Firearms and Explosives relating to ""Factoring Criteria for Firearms With Attached 'Stabilizing Braces'""."
3621bbef-a821-45fe-991c-e1744ad05203,John Boozman,B001236,israel-military-aid,cosponsor,SRES. 417,2023-10-19,A resolution standing with Israel against terrorism.
3621bbef-a821-45fe-991c-e1744ad05203,John Boozman,B001236,gun-policy,cosponsor,S. 1907,2023-06-08,Federal Firearms Licensee Protection Act of 2023
3621bbef-a821-45fe-991c-e1744ad05203,John Boozman,B001236,gun-policy,cosponsor,S. 741,2023-04-26,Traveler's Gun Rights Act
3621bbef-a821-45fe-991c-e1744ad05203,John Boozman,B001236,border-security,cosponsor,S. 716,2023-03-08,Solving the Border Crisis Act
3621bbef-a821-45fe-991c-e1744ad05203,John Boozman,B001236,gun-policy,cosponsor,S. 214,2023-02-01,Constitutional Concealed Carry Reciprocity Act of 2023
2b022ce1-6272-40db-9332-015a057ec9f8,John Cornyn,C001056,border-security,sponsor,S. 4580,2026-05-20,No Tax on Border Patrol Agent Overtime Act
2b022ce1-6272-40db-9332-015a057ec9f8,John Cornyn,C001056,israel-military-aid,sponsor,SRES. 307,2025-06-26,A resolution expressing the sense of the Senate in support of the recent United States and Israeli military strikes on Iran.
2b022ce1-6272-40db-9332-015a057ec9f8,John Cornyn,C001056,border-security,sponsor,S. 1790,2025-05-15,State Border Security Assistance Act
2b022ce1-6272-40db-9332-015a057ec9f8,John Cornyn,C001056,defense-spending,sponsor,S. 1071,2025-03-14,National Defense Authorization Act for Fiscal Year 2026
2b022ce1-6272-40db-9332-015a057ec9f8,John Cornyn,C001056,gun-policy,sponsor,S. 65,2025-01-09,Constitutional Concealed Carry Reciprocity Act of 2025
2b022ce1-6272-40db-9332-015a057ec9f8,John Cornyn,C001056,border-security,sponsor,S. 3187,2023-11-01,Southern Border Transparency Act of 2023
2b022ce1-6272-40db-9332-015a057ec9f8,John Cornyn,C001056,border-security,sponsor,S. 4707,2024-07-11,DHS Border Services Contracts Review Act
2b022ce1-6272-40db-9332-015a057ec9f8,John Cornyn,C001056,border-security,sponsor,SRES. 705,2024-05-23,"A resolution recognizing May 28, 2024, as the 100th anniversary of the U.S. Border Patrol and commending the service of the U.S. Border Patrol to the United States people."
2b022ce1-6272-40db-9332-015a057ec9f8,John Cornyn,C001056,gun-policy,sponsor,SJRES. 83,2024-05-15,"A joint resolution providing for congressional disapproval under chapter 8 of title 5, United States Code, of the rule submitted by the Bureau of Alcohol, Tobacco, Firearms, and Explosives relating to ""Definition of 'Engaged in the Business' as a Dealer in Firearms""."
2b022ce1-6272-40db-9332-015a057ec9f8,John Cornyn,C001056,border-security,sponsor,S. 4183,2024-04-18,"A bill to amend the Homeland Security Act of 2002 relating to authority of U.S. Customs and Border Protection to consolidate, modify, or reorganize Customs revenue functions."
2b022ce1-6272-40db-9332-015a057ec9f8,John Cornyn,C001056,gun-policy,sponsor,S. 214,2023-02-01,Constitutional Concealed Carry Reciprocity Act of 2023
2b022ce1-6272-40db-9332-015a057ec9f8,John Cornyn,C001056,gun-policy,cosponsor,SRES. 826,2026-08-06,"A resolution honoring the contributions of small manufacturers of firearms to the economy, culture, and recreational heritage of the United States and recognizing the month of August 2026 as ""National Shooting Sports Month""."
2b022ce1-6272-40db-9332-015a057ec9f8,John Cornyn,C001056,gun-policy,cosponsor,S. 4671,2026-06-03,Federal Firearms Licensee Protection Act of 2026
2b022ce1-6272-40db-9332-015a057ec9f8,John Cornyn,C001056,israel-military-aid,cosponsor,S. 3855,2026-04-22,"United States-Israel Framework for Upgraded Technologies, Unified Research, and Enhanced Security (FUTURES) Act of 2026"
2b022ce1-6272-40db-9332-015a057ec9f8,John Cornyn,C001056,gun-policy,cosponsor,S. 3916,2026-02-25,Gun Owner Registration Information Protection Act
2b022ce1-6272-40db-9332-015a057ec9f8,John Cornyn,C001056,gun-policy,cosponsor,S. 3085,2026-02-11,Firearm Access During Shutdowns Act of 2025
2b022ce1-6272-40db-9332-015a057ec9f8,John Cornyn,C001056,gun-policy,cosponsor,S. 1169,2026-01-28,Freedom from Unfair Gun Taxes Act
2b022ce1-6272-40db-9332-015a057ec9f8,John Cornyn,C001056,israel-military-aid,cosponsor,SRES. 438,2025-10-07,"A resolution condemning the brutal Hamas-led terrorist attack on the State of Israel on October 7, 2023, and supporting an outcome that ensures the forever survival of Israel, the complete denial of Hamas's ability to reconstitute in the region, and the release of all the remaining hostages from the Gaza Strip, including two United States citizens."
2b022ce1-6272-40db-9332-015a057ec9f8,John Cornyn,C001056,israel-military-aid,cosponsor,S. 554,2025-09-11,United States-Israel Defense Partnership Act of 2025
2b022ce1-6272-40db-9332-015a057ec9f8,John Cornyn,C001056,israel-military-aid,cosponsor,S. 1521,2025-04-30,Stand with Israel Act
2b022ce1-6272-40db-9332-015a057ec9f8,John Cornyn,C001056,border-security,cosponsor,S. 677,2025-02-20,Border Airport Fairness Act of 2025
2b022ce1-6272-40db-9332-015a057ec9f8,John Cornyn,C001056,border-security,cosponsor,S. 482,2025-02-06,A bill to include Czechia in the list of foreign states whose nationals are eligible for admission into the United States as E-1 nonimmigrants if United States nationals are treated similarly by the Government of Czechia.
2b022ce1-6272-40db-9332-015a057ec9f8,John Cornyn,C001056,gun-policy,cosponsor,S. 89,2025-01-14,Sporting Firearms Access Act of 2025
2b022ce1-6272-40db-9332-015a057ec9f8,John Cornyn,C001056,border-security,cosponsor,S. 4888,2024-11-12,A bill to include Czechia in the list of foreign states whose nationals are eligible for admission into the United States as E-1 nonimmigrants if United States nationals are treated similarly by the Government of Czechia.
2b022ce1-6272-40db-9332-015a057ec9f8,John Cornyn,C001056,gun-policy,cosponsor,S. 5224,2024-09-25,Modern Firearm Safety Act
2b022ce1-6272-40db-9332-015a057ec9f8,John Cornyn,C001056,israel-military-aid,cosponsor,SRES. 890,2024-09-25,"A resolution condemning the brutal Hamas-led terrorist attack on Israel on October 7, 2023, and supporting an outcome that ensures the forever survival of Israel, the complete denial of the ability of Hamas to reconstitute in the region, and the safe release of United States hostages from the Gaza Strip."
2b022ce1-6272-40db-9332-015a057ec9f8,John Cornyn,C001056,border-security,cosponsor,S. 5102,2024-09-18,Cross-Border Tunnel Report Act
2b022ce1-6272-40db-9332-015a057ec9f8,John Cornyn,C001056,israel-military-aid,cosponsor,SRES. 445,2023-11-02,A resolution recognizing the importance of the economic relationship between the United States and Israel and affirming that trade facilitated by the United States-Israel Free Trade Agreement is a tool to support the economy of Israel during the conflict with Hamas.
2b022ce1-6272-40db-9332-015a057ec9f8,John Cornyn,C001056,border-security,cosponsor,S. 4672,2024-07-11,Border Weather Resiliency Act of 2024
2b022ce1-6272-40db-9332-015a057ec9f8,John Cornyn,C001056,gun-policy,cosponsor,S. 4652,2024-07-10,Firearms Interstate Commerce Reform Act
2b022ce1-6272-40db-9332-015a057ec9f8,John Cornyn,C001056,border-security,cosponsor,S. 2278,2024-04-15,"Border Enforcement, Security, and Trade (BEST) Facilitation Act of 2023"
2b022ce1-6272-40db-9332-015a057ec9f8,John Cornyn,C001056,israel-military-aid,cosponsor,SRES. 682,2024-05-09,A resolution condemning the decision by the Biden Administration to halt the shipment of United States made ammunition and weapons to the State of Israel.
2b022ce1-6272-40db-9332-015a057ec9f8,John Cornyn,C001056,israel-military-aid,cosponsor,SRES. 617,2024-03-22,A resolution expressing the sense of the Senate that Israel has the inherent right to defend itself and take necessary steps to eradicate the terrorist threat posed by Hamas.
2b022ce1-6272-40db-9332-015a057ec9f8,John Cornyn,C001056,border-security,cosponsor,S. 243,2023-02-02,A bill to require the Commissioner of U.S. Customs and Border Protection to establish procedures for conducting maintenance projects at ports of entry at which the Office of Field Operations conducts certain enforcement and facilitation activities.
2b022ce1-6272-40db-9332-015a057ec9f8,John Cornyn,C001056,border-security,cosponsor,S. 222,2023-07-19,Border Airport Fairness Act of 2023
2b022ce1-6272-40db-9332-015a057ec9f8,John Cornyn,C001056,israel-military-aid,cosponsor,SRES. 413,2023-10-18,"A resolution condemning foreign nationals in the United States who have endorsed and espoused the actions of foreign terrorist organizations (FTO) in Gaza who, on October 7, 2023, launched attacks against the State of Israel, and killed innocent Israeli and United States citizens."
2b022ce1-6272-40db-9332-015a057ec9f8,John Cornyn,C001056,border-security,cosponsor,S. 2824,2023-09-18,Secure the Border Act of 2023
2b022ce1-6272-40db-9332-015a057ec9f8,John Cornyn,C001056,israel-military-aid,cosponsor,SCONRES. 14,2023-07-18,A concurrent resolution expressing the sense of Congress supporting the State of Israel.
2b022ce1-6272-40db-9332-015a057ec9f8,John Cornyn,C001056,border-security,cosponsor,SJRES. 25,2023-05-31,"A joint resolution providing for congressional disapproval under chapter 8 of title 5, United States Code, of the rule submitted by the Department of Labor relating to ""Adverse Effect Wage Rate Methodology for the Temporary Employment of H-2A Nonimmigrants in Non-Range Occupations in the United States""."
2b022ce1-6272-40db-9332-015a057ec9f8,John Cornyn,C001056,gun-policy,cosponsor,SJRES. 20,2023-03-15,"A joint resolution providing for congressional disapproval under chapter 8 of title 5, United States Code, of the rule submitted by the Department of Justice and the Bureau of Alcohol, Tobacco, Firearms and Explosives relating to ""Factoring Criteria for Firearms With Attached 'Stabilizing Braces'""."
2b022ce1-6272-40db-9332-015a057ec9f8,John Cornyn,C001056,israel-military-aid,cosponsor,SRES. 417,2023-10-19,A resolution standing with Israel against terrorism.
2b022ce1-6272-40db-9332-015a057ec9f8,John Cornyn,C001056,israel-military-aid,cosponsor,S. 1802,2023-07-20,United States-Israel Future of Warfare Act of 2023
2b022ce1-6272-40db-9332-015a057ec9f8,John Cornyn,C001056,gun-policy,cosponsor,S. 1907,2023-06-08,Federal Firearms Licensee Protection Act of 2023
2b022ce1-6272-40db-9332-015a057ec9f8,John Cornyn,C001056,border-security,cosponsor,SRES. 45,2023-05-15,A resolution expressing the sense of the Senate that the current influx of migrants is causing a crisis at the southern border.
2b022ce1-6272-40db-9332-015a057ec9f8,John Cornyn,C001056,border-security,cosponsor,SRES. 166,2023-05-09,A resolution honoring the efforts of the Coast Guard for excellence in maritime border security.
b87583fe-2348-4bf3-aba5-12f5f88d3606,John Curtis,C001114,israel-military-aid,sponsor,SRES. 326,2025-07-17,"A resolution remembering the 33rd anniversary of the bombing of the Embassy of Israel in Buenos Aries on March 17, 1992, and the 31st anniversary of the bombing of the Argentine-Israeli Mutual Association building in Buenos Aires on July 18, 1994, and recommitting to efforts to uphold justice for victims of the attacks."
b87583fe-2348-4bf3-aba5-12f5f88d3606,John Curtis,C001114,border-security,sponsor,HR. 7243,2024-02-06,Border Security State Reimbursement Act
b87583fe-2348-4bf3-aba5-12f5f88d3606,John Curtis,C001114,gun-policy,cosponsor,S. 4671,2026-06-16,Federal Firearms Licensee Protection Act of 2026
b87583fe-2348-4bf3-aba5-12f5f88d3606,John Curtis,C001114,2020-election,cosponsor,SRES. 657,2026-03-23,"A resolution commending Taiwan on the 30th anniversary of its first direct presidential election in 1996, and expressing support for Taiwan in the preservation of its democratic institutions."
b87583fe-2348-4bf3-aba5-12f5f88d3606,John Curtis,C001114,israel-military-aid,cosponsor,S. 3855,2026-02-25,"United States-Israel Framework for Upgraded Technologies, Unified Research, and Enhanced Security (FUTURES) Act of 2026"
b87583fe-2348-4bf3-aba5-12f5f88d3606,John Curtis,C001114,israel-military-aid,cosponsor,SRES. 438,2025-10-07,"A resolution condemning the brutal Hamas-led terrorist attack on the State of Israel on October 7, 2023, and supporting an outcome that ensures the forever survival of Israel, the complete denial of Hamas's ability to reconstitute in the region, and the release of all the remaining hostages from the Gaza Strip, including two United States citizens."
b87583fe-2348-4bf3-aba5-12f5f88d3606,John Curtis,C001114,israel-military-aid,cosponsor,S. 554,2025-03-04,United States-Israel Defense Partnership Act of 2025
b87583fe-2348-4bf3-aba5-12f5f88d3606,John Curtis,C001114,gun-policy,cosponsor,S. 65,2025-01-09,Constitutional Concealed Carry Reciprocity Act of 2025
b87583fe-2348-4bf3-aba5-12f5f88d3606,John Curtis,C001114,gun-policy,cosponsor,HJRES. 144,2024-08-27,"Providing for congressional disapproval under chapter 8 of title 5, United States Code, of the rule submitted by the Bureau of Alcohol, Tobacco, Firearms, and Explosives, Department of Justice, relating to ""Definition of 'Engaged in the Business' as a Dealer in Firearms""."
b87583fe-2348-4bf3-aba5-12f5f88d3606,John Curtis,C001114,gun-policy,cosponsor,HR. 2620,2024-08-27,Federal Firearms Licensee Protection Act of 2023
b87583fe-2348-4bf3-aba5-12f5f88d3606,John Curtis,C001114,gun-policy,cosponsor,HJRES. 164,2024-08-27,"Providing for congressional disapproval under chapter 8 of title 5, United States Code, of the rule submitted by the Department of Commerce relating to ""Revision of Firearms License Requirements""."
b87583fe-2348-4bf3-aba5-12f5f88d3606,John Curtis,C001114,gun-policy,cosponsor,HR. 7195,2024-08-27,Protecting the Mailing of Firearms Act
b87583fe-2348-4bf3-aba5-12f5f88d3606,John Curtis,C001114,israel-military-aid,cosponsor,HR. 6118,2023-10-30,Stand with Israel Act
b87583fe-2348-4bf3-aba5-12f5f88d3606,John Curtis,C001114,israel-military-aid,cosponsor,HRES. 771,2023-10-11,Standing with Israel as it defends itself against the barbaric war launched by Hamas and other terrorists.
b87583fe-2348-4bf3-aba5-12f5f88d3606,John Curtis,C001114,israel-military-aid,cosponsor,HRES. 768,2023-10-10,Standing with Israel as it defends itself against the barbaric war launched by Hamas and other terrorists.
b87583fe-2348-4bf3-aba5-12f5f88d3606,John Curtis,C001114,israel-military-aid,cosponsor,HR. 3792,2023-06-15,U.S.-Israel Partnership and Abraham Accords Enhancement Act of 2023
b87583fe-2348-4bf3-aba5-12f5f88d3606,John Curtis,C001114,israel-military-aid,cosponsor,HRES. 311,2023-04-25,Encouraging the expansion and strengthening of the Abraham Accords to urge other nations to normalize relations with Israel and ensure that existing agreements reap tangible security and economic benefits for the citizens of those countries and all peoples in the region.
b87583fe-2348-4bf3-aba5-12f5f88d3606,John Curtis,C001114,border-security,cosponsor,HJRES. 59,2023-04-25,"Providing for congressional disapproval under chapter 8 of title 5, United States Code, of the rule submitted by the Department of Labor relating to ""Adverse Effect Wage Rate Methodology for the Temporary Employment of H-2A Nonimmigrants in Non-Range Occupations in the United States""."
b87583fe-2348-4bf3-aba5-12f5f88d3606,John Curtis,C001114,israel-military-aid,cosponsor,HR. 1777,2023-04-19,United States-Israel Future of Warfare Act of 2023
b87583fe-2348-4bf3-aba5-12f5f88d3606,John Curtis,C001114,gun-policy,cosponsor,HJRES. 44,2023-03-17,"Providing for congressional disapproval under chapter 8 of title 5, United States Code, of the rule submitted by the Bureau of Alcohol, Tobacco, Firearms, and Explosives relating to ""Factoring Criteria for Firearms with Attached 'Stabilizing Braces'""."
b87583fe-2348-4bf3-aba5-12f5f88d3606,John Curtis,C001114,border-security,cosponsor,HR. 1058,2023-03-07,Promoting Cross-border Energy Infrastructure Act
b87583fe-2348-4bf3-aba5-12f5f88d3606,John Curtis,C001114,gun-policy,cosponsor,HR. 38,2023-01-09,Concealed Carry Reciprocity Act
e89abbed-b93c-4a07-a1b1-fe33060ebec7,John Fetterman,F000479,defense-spending,cosponsor,S. 5189,2026-07-30,"A bill to amend title 10, United States Code, and the National Defense Authorization Act for Fiscal Year 1994, to codify and clarify gender neutral standards for members of certain Armed Forces, and for other purposes."
e89abbed-b93c-4a07-a1b1-fe33060ebec7,John Fetterman,F000479,cannabis-policy,cosponsor,S. 5022,2026-07-16,Cannabis Administration and Opportunity Act
e89abbed-b93c-4a07-a1b1-fe33060ebec7,John Fetterman,F000479,gun-policy,cosponsor,S. 4926,2026-06-24,State Firearms Dealer Licensing Enhancement Act
e89abbed-b93c-4a07-a1b1-fe33060ebec7,John Fetterman,F000479,israel-military-aid,cosponsor,S. 3855,2026-06-03,"United States-Israel Framework for Upgraded Technologies, Unified Research, and Enhanced Security (FUTURES) Act of 2026"
e89abbed-b93c-4a07-a1b1-fe33060ebec7,John Fetterman,F000479,2020-election,cosponsor,SRES. 657,2026-03-23,"A resolution commending Taiwan on the 30th anniversary of its first direct presidential election in 1996, and expressing support for Taiwan in the preservation of its democratic institutions."
e89abbed-b93c-4a07-a1b1-fe33060ebec7,John Fetterman,F000479,gun-policy,cosponsor,SCONRES. 25,2026-01-08,"A concurrent resolution recognizing the 15th anniversary of the January 8, 2011, Tucson, Arizona, shooting and honoring the survivors and victims, including former Congresswoman Gabby Giffords, a gun violence survivor and one of the most influential voices of courage in the United States in the fight to end gun violence."
e89abbed-b93c-4a07-a1b1-fe33060ebec7,John Fetterman,F000479,2020-election,cosponsor,SRES. 574,2026-01-06,"A resolution observing the fifth anniversary of the attack on the United States Capitol on January 6, 2021, and recognizing the essential work of United States Capitol personnel, including the United States Capitol Police."
e89abbed-b93c-4a07-a1b1-fe33060ebec7,John Fetterman,F000479,gun-policy,cosponsor,S. 3214,2025-11-19,Background Check Expansion Act
e89abbed-b93c-4a07-a1b1-fe33060ebec7,John Fetterman,F000479,israel-military-aid,cosponsor,SRES. 438,2025-10-07,"A resolution condemning the brutal Hamas-led terrorist attack on the State of Israel on October 7, 2023, and supporting an outcome that ensures the forever survival of Israel, the complete denial of Hamas's ability to reconstitute in the region, and the release of all the remaining hostages from the Gaza Strip, including two United States citizens."
e89abbed-b93c-4a07-a1b1-fe33060ebec7,John Fetterman,F000479,gun-policy,cosponsor,S. 2514,2025-07-29,Gun Violence Prevention Research Act of 2025
e89abbed-b93c-4a07-a1b1-fe33060ebec7,John Fetterman,F000479,gun-policy,cosponsor,S. 1955,2025-06-04,Equal Access to Justice for Victims of Gun Violence Act
e89abbed-b93c-4a07-a1b1-fe33060ebec7,John Fetterman,F000479,gun-policy,cosponsor,S. 1531,2025-04-30,Assault Weapons Ban of 2025
e89abbed-b93c-4a07-a1b1-fe33060ebec7,John Fetterman,F000479,gun-policy,cosponsor,S. 1466,2025-04-10,Resources for Victims of Gun Violence Act of 2025
e89abbed-b93c-4a07-a1b1-fe33060ebec7,John Fetterman,F000479,minimum-wage,cosponsor,S. 1332,2025-04-08,Raise the Wage Act of 2025
e89abbed-b93c-4a07-a1b1-fe33060ebec7,John Fetterman,F000479,israel-military-aid,cosponsor,S. 554,2025-03-03,United States-Israel Defense Partnership Act of 2025
e89abbed-b93c-4a07-a1b1-fe33060ebec7,John Fetterman,F000479,gun-policy,cosponsor,SRES. 716,2024-06-03,"A resolution expressing support for the designation of June 7, 2024, as ""National Gun Violence Awareness Day"" and June 2024 as ""National Gun Violence Awareness Month""."
e89abbed-b93c-4a07-a1b1-fe33060ebec7,John Fetterman,F000479,cannabis-policy,cosponsor,S. 4226,2024-05-01,Cannabis Administration and Opportunity Act
e89abbed-b93c-4a07-a1b1-fe33060ebec7,John Fetterman,F000479,minimum-wage,cosponsor,S. 2488,2023-07-25,Raise the Wage Act of 2023
e89abbed-b93c-4a07-a1b1-fe33060ebec7,John Fetterman,F000479,gun-policy,cosponsor,S. 2048,2023-06-20,Equal Access to Justice for Victims of Gun Violence Act
e89abbed-b93c-4a07-a1b1-fe33060ebec7,John Fetterman,F000479,israel-military-aid,cosponsor,SRES. 505,2023-12-14,A resolution condemning the use of sexual violence and rape as a weapon of war by the terrorist group Hamas against the people of Israel.
e89abbed-b93c-4a07-a1b1-fe33060ebec7,John Fetterman,F000479,gun-policy,cosponsor,S. 1026,2023-05-02,Gun Violence Prevention Research Act of 2023
e89abbed-b93c-4a07-a1b1-fe33060ebec7,John Fetterman,F000479,israel-military-aid,cosponsor,SRES. 408,2023-10-31,"A resolution condemning Hamas for its premeditated, coordinated, and brutal terrorist attacks on Israel and demanding that Hamas immediately release all hostages and return them to safety, and for other purposes."
e89abbed-b93c-4a07-a1b1-fe33060ebec7,John Fetterman,F000479,border-security,cosponsor,SRES. 243,2023-06-08,"A resolution recognizing the month of June 2023 as ""Immigrant Heritage Month"", a celebration of the accomplishments and contributions of immigrants and their children in making the United States a healthier, safer, more diverse, prosperous country, and acknowledging the importance of immigrants and their children to the future successes of the United States."
e89abbed-b93c-4a07-a1b1-fe33060ebec7,John Fetterman,F000479,gun-policy,cosponsor,S. 25,2023-01-23,Assault Weapons Ban of 2023
e89abbed-b93c-4a07-a1b1-fe33060ebec7,John Fetterman,F000479,gun-policy,cosponsor,S. 867,2023-03-16,State Firearms Dealer Licensing Enhancement Act
e89abbed-b93c-4a07-a1b1-fe33060ebec7,John Fetterman,F000479,israel-military-aid,cosponsor,SRES. 417,2023-10-19,A resolution standing with Israel against terrorism.
e89abbed-b93c-4a07-a1b1-fe33060ebec7,John Fetterman,F000479,gun-policy,cosponsor,S. 2652,2023-07-27,Ghost Guns and Untraceable Firearms Act of 2023
e89abbed-b93c-4a07-a1b1-fe33060ebec7,John Fetterman,F000479,gun-policy,cosponsor,S. 1893,2023-06-08,Resources for Victims of Gun Violence Act of 2023
e89abbed-b93c-4a07-a1b1-fe33060ebec7,John Fetterman,F000479,cannabis-policy,cosponsor,S. 1204,2023-04-25,Veterans Medical Marijuana Safe Harbor Act.
e89abbed-b93c-4a07-a1b1-fe33060ebec7,John Fetterman,F000479,cannabis-policy,cosponsor,S. 326,2023-04-25,VA Medicinal Cannabis Research Act of 2023
e89abbed-b93c-4a07-a1b1-fe33060ebec7,John Fetterman,F000479,gun-policy,cosponsor,S. 494,2023-02-16,Background Check Expansion Act
2a6693c7-9149-4e71-85fe-003746f7d23d,John Hickenlooper,H000273,military-intervention,sponsor,SJRES. 211,2026-08-06,A joint resolution to direct the removal of United States Armed Forces from hostilities within or against the Islamic Republic of Iran that have not been authorized by Congress.
2a6693c7-9149-4e71-85fe-003746f7d23d,John Hickenlooper,H000273,defense-spending,cosponsor,S. 5189,2026-07-30,"A bill to amend title 10, United States Code, and the National Defense Authorization Act for Fiscal Year 1994, to codify and clarify gender neutral standards for members of certain Armed Forces, and for other purposes."
2a6693c7-9149-4e71-85fe-003746f7d23d,John Hickenlooper,H000273,cannabis-policy,cosponsor,S. 5022,2026-07-16,Cannabis Administration and Opportunity Act
2a6693c7-9149-4e71-85fe-003746f7d23d,John Hickenlooper,H000273,2020-election,cosponsor,S. 3582,2026-06-01,No Rewards for January 6 Rioters Act
2a6693c7-9149-4e71-85fe-003746f7d23d,John Hickenlooper,H000273,2020-election,cosponsor,S. 3581,2026-06-01,No Settlements for January 6 Law Enforcement Assaulters Act
2a6693c7-9149-4e71-85fe-003746f7d23d,John Hickenlooper,H000273,gun-policy,cosponsor,SCONRES. 34,2026-06-01,"A concurrent resolution recognizing the importance of saving lives, reducing gun violence, and strengthening public safety as the United States celebrates its 250th anniversary."
2a6693c7-9149-4e71-85fe-003746f7d23d,John Hickenlooper,H000273,military-intervention,cosponsor,SJRES. 124,2026-04-27,A joint resolution to direct the removal of United States Armed Forces from hostilities within or against the Republic of Cuba that have not been authorized by Congress.
2a6693c7-9149-4e71-85fe-003746f7d23d,John Hickenlooper,H000273,gun-policy,cosponsor,SCONRES. 25,2026-01-14,"A concurrent resolution recognizing the 15th anniversary of the January 8, 2011, Tucson, Arizona, shooting and honoring the survivors and victims, including former Congresswoman Gabby Giffords, a gun violence survivor and one of the most influential voices of courage in the United States in the fight to end gun violence."
2a6693c7-9149-4e71-85fe-003746f7d23d,John Hickenlooper,H000273,cannabis-policy,cosponsor,S. 3537,2025-12-17,Marijuana in Federally Assisted Housing Parity Act of 2025
2a6693c7-9149-4e71-85fe-003746f7d23d,John Hickenlooper,H000273,gun-policy,cosponsor,S. 3214,2025-11-19,Background Check Expansion Act
2a6693c7-9149-4e71-85fe-003746f7d23d,John Hickenlooper,H000273,military-intervention,cosponsor,SJRES. 90,2025-11-06,A joint resolution to direct the removal of United States Armed Forces from hostilities within or against Venezuela that have not been authorized by Congress.
2a6693c7-9149-4e71-85fe-003746f7d23d,John Hickenlooper,H000273,israel-military-aid,cosponsor,SRES. 227,2025-06-05,"A resolution condemning Hamas for its premeditated, coordinated, and brutal terrorist attacks on October 7, 2023, against Israel and demanding that Hamas immediately release all remaining hostages and return them to safety, and for other purposes."
2a6693c7-9149-4e71-85fe-003746f7d23d,John Hickenlooper,H000273,gun-policy,cosponsor,S. 1955,2025-06-04,Equal Access to Justice for Victims of Gun Violence Act
2a6693c7-9149-4e71-85fe-003746f7d23d,John Hickenlooper,H000273,gun-policy,cosponsor,S. 1531,2025-04-30,Assault Weapons Ban of 2025
2a6693c7-9149-4e71-85fe-003746f7d23d,John Hickenlooper,H000273,cannabis-policy,cosponsor,S. 3671,2024-11-20,Marijuana in Federally Assisted Housing Parity Act of 2024
2a6693c7-9149-4e71-85fe-003746f7d23d,John Hickenlooper,H000273,gun-policy,cosponsor,S. 2048,2024-04-15,Equal Access to Justice for Victims of Gun Violence Act
2a6693c7-9149-4e71-85fe-003746f7d23d,John Hickenlooper,H000273,cannabis-policy,cosponsor,S. 4226,2024-05-01,Cannabis Administration and Opportunity Act
2a6693c7-9149-4e71-85fe-003746f7d23d,John Hickenlooper,H000273,israel-military-aid,cosponsor,SRES. 408,2023-10-31,"A resolution condemning Hamas for its premeditated, coordinated, and brutal terrorist attacks on Israel and demanding that Hamas immediately release all hostages and return them to safety, and for other purposes."
2a6693c7-9149-4e71-85fe-003746f7d23d,John Hickenlooper,H000273,israel-military-aid,cosponsor,SRES. 188,2023-05-11,"A resolution celebrating the 75th anniversary of the founding of the State of Israel, and for other purposes."
2a6693c7-9149-4e71-85fe-003746f7d23d,John Hickenlooper,H000273,gun-policy,cosponsor,S. 25,2023-01-23,Assault Weapons Ban of 2023
2a6693c7-9149-4e71-85fe-003746f7d23d,John Hickenlooper,H000273,israel-military-aid,cosponsor,SRES. 505,2023-12-19,A resolution condemning the use of sexual violence and rape as a weapon of war by the terrorist group Hamas against the people of Israel.
2a6693c7-9149-4e71-85fe-003746f7d23d,John Hickenlooper,H000273,israel-military-aid,cosponsor,SRES. 417,2023-10-19,A resolution standing with Israel against terrorism.
2a6693c7-9149-4e71-85fe-003746f7d23d,John Hickenlooper,H000273,cannabis-policy,cosponsor,S. 326,2023-04-25,VA Medicinal Cannabis Research Act of 2023
2a6693c7-9149-4e71-85fe-003746f7d23d,John Hickenlooper,H000273,gun-policy,cosponsor,S. 494,2023-02-16,Background Check Expansion Act
e6596b34-8d9f-4593-bf0c-4fe7fc17cd26,John Hoeven,H001061,israel-military-aid,sponsor,S. 4853,2026-06-22,United States-Israel Agriculture Cooperation Improvement and Expansion Act
e6596b34-8d9f-4593-bf0c-4fe7fc17cd26,John Hoeven,H001061,israel-military-aid,sponsor,S. 4551,2024-06-13,United States-Israel Agriculture Cooperation Improvement and Expansion Act
e6596b34-8d9f-4593-bf0c-4fe7fc17cd26,John Hoeven,H001061,israel-military-aid,cosponsor,S. 3855,2026-07-13,"United States-Israel Framework for Upgraded Technologies, Unified Research, and Enhanced Security (FUTURES) Act of 2026"
e6596b34-8d9f-4593-bf0c-4fe7fc17cd26,John Hoeven,H001061,gun-policy,cosponsor,S. 4671,2026-06-03,Federal Firearms Licensee Protection Act of 2026
e6596b34-8d9f-4593-bf0c-4fe7fc17cd26,John Hoeven,H001061,gun-policy,cosponsor,S. 3916,2026-02-25,Gun Owner Registration Information Protection Act
e6596b34-8d9f-4593-bf0c-4fe7fc17cd26,John Hoeven,H001061,israel-military-aid,cosponsor,SRES. 438,2025-10-07,"A resolution condemning the brutal Hamas-led terrorist attack on the State of Israel on October 7, 2023, and supporting an outcome that ensures the forever survival of Israel, the complete denial of Hamas's ability to reconstitute in the region, and the release of all the remaining hostages from the Gaza Strip, including two United States citizens."
e6596b34-8d9f-4593-bf0c-4fe7fc17cd26,John Hoeven,H001061,israel-military-aid,cosponsor,S. 1521,2025-04-30,Stand with Israel Act
e6596b34-8d9f-4593-bf0c-4fe7fc17cd26,John Hoeven,H001061,gun-policy,cosponsor,S. 1169,2025-03-27,Freedom from Unfair Gun Taxes Act
e6596b34-8d9f-4593-bf0c-4fe7fc17cd26,John Hoeven,H001061,gun-policy,cosponsor,S. 966,2025-03-11,Traveler's Gun Rights Act
e6596b34-8d9f-4593-bf0c-4fe7fc17cd26,John Hoeven,H001061,border-security,cosponsor,S. 850,2025-03-10,Northern Border Security Enhancement and Review Act
e6596b34-8d9f-4593-bf0c-4fe7fc17cd26,John Hoeven,H001061,gun-policy,cosponsor,S. 65,2025-01-09,Constitutional Concealed Carry Reciprocity Act of 2025
e6596b34-8d9f-4593-bf0c-4fe7fc17cd26,John Hoeven,H001061,israel-military-aid,cosponsor,S. 5303,2024-11-13,Stand with Israel Act
e6596b34-8d9f-4593-bf0c-4fe7fc17cd26,John Hoeven,H001061,gun-policy,cosponsor,S. 5224,2024-09-25,Modern Firearm Safety Act
e6596b34-8d9f-4593-bf0c-4fe7fc17cd26,John Hoeven,H001061,israel-military-aid,cosponsor,SRES. 890,2024-09-25,"A resolution condemning the brutal Hamas-led terrorist attack on Israel on October 7, 2023, and supporting an outcome that ensures the forever survival of Israel, the complete denial of the ability of Hamas to reconstitute in the region, and the safe release of United States hostages from the Gaza Strip."
e6596b34-8d9f-4593-bf0c-4fe7fc17cd26,John Hoeven,H001061,gun-policy,cosponsor,S. 1907,2024-09-23,Federal Firearms Licensee Protection Act of 2023
e6596b34-8d9f-4593-bf0c-4fe7fc17cd26,John Hoeven,H001061,gun-policy,cosponsor,S. 3812,2024-09-16,FIREARM Act
e6596b34-8d9f-4593-bf0c-4fe7fc17cd26,John Hoeven,H001061,gun-policy,cosponsor,SJRES. 93,2024-09-12,"A joint resolution providing for congressional disapproval under chapter 8 of title 5, United States Code, of the rule submitted by the Department of Commerce relating to ""Revision of Firearms License Requirements""."
e6596b34-8d9f-4593-bf0c-4fe7fc17cd26,John Hoeven,H001061,gun-policy,cosponsor,S. 4652,2024-07-10,Firearms Interstate Commerce Reform Act
e6596b34-8d9f-4593-bf0c-4fe7fc17cd26,John Hoeven,H001061,border-security,cosponsor,SRES. 705,2024-05-23,"A resolution recognizing May 28, 2024, as the 100th anniversary of the U.S. Border Patrol and commending the service of the U.S. Border Patrol to the United States people."
e6596b34-8d9f-4593-bf0c-4fe7fc17cd26,John Hoeven,H001061,gun-policy,cosponsor,SJRES. 83,2024-05-15,"A joint resolution providing for congressional disapproval under chapter 8 of title 5, United States Code, of the rule submitted by the Bureau of Alcohol, Tobacco, Firearms, and Explosives relating to ""Definition of 'Engaged in the Business' as a Dealer in Firearms""."
e6596b34-8d9f-4593-bf0c-4fe7fc17cd26,John Hoeven,H001061,israel-military-aid,cosponsor,S. 4337,2024-05-15,Israel Security Assistance Support Act
e6596b34-8d9f-4593-bf0c-4fe7fc17cd26,John Hoeven,H001061,israel-military-aid,cosponsor,SRES. 682,2024-05-09,A resolution condemning the decision by the Biden Administration to halt the shipment of United States made ammunition and weapons to the State of Israel.
e6596b34-8d9f-4593-bf0c-4fe7fc17cd26,John Hoeven,H001061,israel-military-aid,cosponsor,SRES. 617,2024-03-22,A resolution expressing the sense of the Senate that Israel has the inherent right to defend itself and take necessary steps to eradicate the terrorist threat posed by Hamas.
e6596b34-8d9f-4593-bf0c-4fe7fc17cd26,John Hoeven,H001061,border-security,cosponsor,S. 2562,2023-07-27,A bill to require ports of entry along the northern border to remain open as many hours per day as they were open prior to the COVID-19 pandemic.
e6596b34-8d9f-4593-bf0c-4fe7fc17cd26,John Hoeven,H001061,border-security,cosponsor,S. 3187,2023-11-01,Southern Border Transparency Act of 2023
e6596b34-8d9f-4593-bf0c-4fe7fc17cd26,John Hoeven,H001061,israel-military-aid,cosponsor,SRES. 408,2023-10-24,"A resolution condemning Hamas for its premeditated, coordinated, and brutal terrorist attacks on Israel and demanding that Hamas immediately release all hostages and return them to safety, and for other purposes."
e6596b34-8d9f-4593-bf0c-4fe7fc17cd26,John Hoeven,H001061,israel-military-aid,cosponsor,SRES. 413,2023-10-18,"A resolution condemning foreign nationals in the United States who have endorsed and espoused the actions of foreign terrorist organizations (FTO) in Gaza who, on October 7, 2023, launched attacks against the State of Israel, and killed innocent Israeli and United States citizens."
e6596b34-8d9f-4593-bf0c-4fe7fc17cd26,John Hoeven,H001061,border-security,cosponsor,S. 2824,2023-09-14,Secure the Border Act of 2023
e6596b34-8d9f-4593-bf0c-4fe7fc17cd26,John Hoeven,H001061,israel-military-aid,cosponsor,SCONRES. 14,2023-07-18,A concurrent resolution expressing the sense of Congress supporting the State of Israel.
e6596b34-8d9f-4593-bf0c-4fe7fc17cd26,John Hoeven,H001061,israel-military-aid,cosponsor,S. 1802,2023-06-12,United States-Israel Future of Warfare Act of 2023
e6596b34-8d9f-4593-bf0c-4fe7fc17cd26,John Hoeven,H001061,border-security,cosponsor,SJRES. 25,2023-04-25,"A joint resolution providing for congressional disapproval under chapter 8 of title 5, United States Code, of the rule submitted by the Department of Labor relating to ""Adverse Effect Wage Rate Methodology for the Temporary Employment of H-2A Nonimmigrants in Non-Range Occupations in the United States""."
e6596b34-8d9f-4593-bf0c-4fe7fc17cd26,John Hoeven,H001061,border-security,cosponsor,SRES. 45,2023-02-09,A resolution expressing the sense of the Senate that the current influx of migrants is causing a crisis at the southern border.
e6596b34-8d9f-4593-bf0c-4fe7fc17cd26,John Hoeven,H001061,gun-policy,cosponsor,S. 741,2023-03-09,Traveler's Gun Rights Act
e6596b34-8d9f-4593-bf0c-4fe7fc17cd26,John Hoeven,H001061,gun-policy,cosponsor,SJRES. 20,2023-03-15,"A joint resolution providing for congressional disapproval under chapter 8 of title 5, United States Code, of the rule submitted by the Department of Justice and the Bureau of Alcohol, Tobacco, Firearms and Explosives relating to ""Factoring Criteria for Firearms With Attached 'Stabilizing Braces'""."
e6596b34-8d9f-4593-bf0c-4fe7fc17cd26,John Hoeven,H001061,israel-military-aid,cosponsor,SRES. 417,2023-10-19,A resolution standing with Israel against terrorism.
e6596b34-8d9f-4593-bf0c-4fe7fc17cd26,John Hoeven,H001061,gun-policy,cosponsor,S. 214,2023-02-01,Constitutional Concealed Carry Reciprocity Act of 2023
ffe3816f-4923-4e10-b71c-8b2590a8f377,John Kennedy,K000393,border-security,sponsor,S. 3708,2024-01-31,A bill to reprogram Federal funds appropriated for UNRWA to construct the southwest border wall and to prohibit future funding for UNRWA.
ffe3816f-4923-4e10-b71c-8b2590a8f377,John Kennedy,K000393,gun-policy,sponsor,S. 827,2023-03-15,"A bill to provide that no Federal funds may be used to implement, administer, or enforce the rule of the Department of Justice entitled ""Factoring Criteria for Firearms with Attached 'Stabilizing Braces'""."
ffe3816f-4923-4e10-b71c-8b2590a8f377,John Kennedy,K000393,gun-policy,sponsor,SJRES. 20,2023-03-15,"A joint resolution providing for congressional disapproval under chapter 8 of title 5, United States Code, of the rule submitted by the Department of Justice and the Bureau of Alcohol, Tobacco, Firearms and Explosives relating to ""Factoring Criteria for Firearms With Attached 'Stabilizing Braces'""."
ffe3816f-4923-4e10-b71c-8b2590a8f377,John Kennedy,K000393,gun-policy,cosponsor,S. 4671,2026-06-18,Federal Firearms Licensee Protection Act of 2026
ffe3816f-4923-4e10-b71c-8b2590a8f377,John Kennedy,K000393,israel-military-aid,cosponsor,SRES. 438,2025-10-07,"A resolution condemning the brutal Hamas-led terrorist attack on the State of Israel on October 7, 2023, and supporting an outcome that ensures the forever survival of Israel, the complete denial of Hamas's ability to reconstitute in the region, and the release of all the remaining hostages from the Gaza Strip, including two United States citizens."
ffe3816f-4923-4e10-b71c-8b2590a8f377,John Kennedy,K000393,gun-policy,cosponsor,S. 65,2025-01-09,Constitutional Concealed Carry Reciprocity Act of 2025
ffe3816f-4923-4e10-b71c-8b2590a8f377,John Kennedy,K000393,israel-military-aid,cosponsor,S. 5303,2024-11-13,Stand with Israel Act
ffe3816f-4923-4e10-b71c-8b2590a8f377,John Kennedy,K000393,israel-military-aid,cosponsor,SRES. 890,2024-09-25,"A resolution condemning the brutal Hamas-led terrorist attack on Israel on October 7, 2023, and supporting an outcome that ensures the forever survival of Israel, the complete denial of the ability of Hamas to reconstitute in the region, and the safe release of United States hostages from the Gaza Strip."
ffe3816f-4923-4e10-b71c-8b2590a8f377,John Kennedy,K000393,border-security,cosponsor,SRES. 705,2024-05-23,"A resolution recognizing May 28, 2024, as the 100th anniversary of the U.S. Border Patrol and commending the service of the U.S. Border Patrol to the United States people."
ffe3816f-4923-4e10-b71c-8b2590a8f377,John Kennedy,K000393,gun-policy,cosponsor,SJRES. 83,2024-05-15,"A joint resolution providing for congressional disapproval under chapter 8 of title 5, United States Code, of the rule submitted by the Bureau of Alcohol, Tobacco, Firearms, and Explosives relating to ""Definition of 'Engaged in the Business' as a Dealer in Firearms""."
ffe3816f-4923-4e10-b71c-8b2590a8f377,John Kennedy,K000393,israel-military-aid,cosponsor,S. 4337,2024-05-15,Israel Security Assistance Support Act
ffe3816f-4923-4e10-b71c-8b2590a8f377,John Kennedy,K000393,israel-military-aid,cosponsor,SRES. 682,2024-05-09,A resolution condemning the decision by the Biden Administration to halt the shipment of United States made ammunition and weapons to the State of Israel.
ffe3816f-4923-4e10-b71c-8b2590a8f377,John Kennedy,K000393,border-security,cosponsor,S. 3013,2023-10-04,A bill to permanently authorize the exemption of aliens working as fish processors from the numerical limitation on H-2B nonimmigrant visas.
ffe3816f-4923-4e10-b71c-8b2590a8f377,John Kennedy,K000393,border-security,cosponsor,S. 3187,2023-11-01,Southern Border Transparency Act of 2023
ffe3816f-4923-4e10-b71c-8b2590a8f377,John Kennedy,K000393,border-security,cosponsor,S. 2824,2023-09-14,Secure the Border Act of 2023
ffe3816f-4923-4e10-b71c-8b2590a8f377,John Kennedy,K000393,israel-military-aid,cosponsor,SCONRES. 14,2023-07-18,A concurrent resolution expressing the sense of Congress supporting the State of Israel.
ffe3816f-4923-4e10-b71c-8b2590a8f377,John Kennedy,K000393,border-security,cosponsor,SJRES. 25,2023-04-25,"A joint resolution providing for congressional disapproval under chapter 8 of title 5, United States Code, of the rule submitted by the Department of Labor relating to ""Adverse Effect Wage Rate Methodology for the Temporary Employment of H-2A Nonimmigrants in Non-Range Occupations in the United States""."
ffe3816f-4923-4e10-b71c-8b2590a8f377,John Kennedy,K000393,border-security,cosponsor,SRES. 166,2023-04-20,A resolution honoring the efforts of the Coast Guard for excellence in maritime border security.
ffe3816f-4923-4e10-b71c-8b2590a8f377,John Kennedy,K000393,israel-military-aid,cosponsor,SRES. 445,2023-11-27,A resolution recognizing the importance of the economic relationship between the United States and Israel and affirming that trade facilitated by the United States-Israel Free Trade Agreement is a tool to support the economy of Israel during the conflict with Hamas.
ffe3816f-4923-4e10-b71c-8b2590a8f377,John Kennedy,K000393,israel-military-aid,cosponsor,SRES. 417,2023-10-19,A resolution standing with Israel against terrorism.
ffe3816f-4923-4e10-b71c-8b2590a8f377,John Kennedy,K000393,gun-policy,cosponsor,S. 214,2023-02-01,Constitutional Concealed Carry Reciprocity Act of 2023
661c0499-af4c-4cf9-a34b-eb0c20d5cd4b,John Thune,T000250,2020-election,sponsor,SCONRES. 2,2025-01-03,"A concurrent resolution to provide for the counting on January 6, 2025, of the electoral votes for President and Vice President of the United States."
661c0499-af4c-4cf9-a34b-eb0c20d5cd4b,John Thune,T000250,border-security,sponsor,S. 733,2023-03-09,Reverse Entry for Migrant Offenders and Violence Expulsion Act
661c0499-af4c-4cf9-a34b-eb0c20d5cd4b,John Thune,T000250,israel-military-aid,cosponsor,SRES. 438,2025-10-07,"A resolution condemning the brutal Hamas-led terrorist attack on the State of Israel on October 7, 2023, and supporting an outcome that ensures the forever survival of Israel, the complete denial of Hamas's ability to reconstitute in the region, and the release of all the remaining hostages from the Gaza Strip, including two United States citizens."
661c0499-af4c-4cf9-a34b-eb0c20d5cd4b,John Thune,T000250,gun-policy,cosponsor,S. 65,2025-01-09,Constitutional Concealed Carry Reciprocity Act of 2025
661c0499-af4c-4cf9-a34b-eb0c20d5cd4b,John Thune,T000250,israel-military-aid,cosponsor,S. 5303,2024-11-13,Stand with Israel Act
661c0499-af4c-4cf9-a34b-eb0c20d5cd4b,John Thune,T000250,gun-policy,cosponsor,S. 5224,2024-11-13,Modern Firearm Safety Act
661c0499-af4c-4cf9-a34b-eb0c20d5cd4b,John Thune,T000250,israel-military-aid,cosponsor,SRES. 890,2024-09-25,"A resolution condemning the brutal Hamas-led terrorist attack on Israel on October 7, 2023, and supporting an outcome that ensures the forever survival of Israel, the complete denial of the ability of Hamas to reconstitute in the region, and the safe release of United States hostages from the Gaza Strip."
661c0499-af4c-4cf9-a34b-eb0c20d5cd4b,John Thune,T000250,israel-military-aid,cosponsor,S. 4770,2024-07-25,Countering Hate Against Israel by Federal Contractors Act
661c0499-af4c-4cf9-a34b-eb0c20d5cd4b,John Thune,T000250,gun-policy,cosponsor,S. 4652,2024-07-10,Firearms Interstate Commerce Reform Act
661c0499-af4c-4cf9-a34b-eb0c20d5cd4b,John Thune,T000250,gun-policy,cosponsor,SJRES. 93,2024-06-05,"A joint resolution providing for congressional disapproval under chapter 8 of title 5, United States Code, of the rule submitted by the Department of Commerce relating to ""Revision of Firearms License Requirements""."
661c0499-af4c-4cf9-a34b-eb0c20d5cd4b,John Thune,T000250,gun-policy,cosponsor,SJRES. 83,2024-05-15,"A joint resolution providing for congressional disapproval under chapter 8 of title 5, United States Code, of the rule submitted by the Bureau of Alcohol, Tobacco, Firearms, and Explosives relating to ""Definition of 'Engaged in the Business' as a Dealer in Firearms""."
661c0499-af4c-4cf9-a34b-eb0c20d5cd4b,John Thune,T000250,israel-military-aid,cosponsor,S. 4337,2024-05-15,Israel Security Assistance Support Act
661c0499-af4c-4cf9-a34b-eb0c20d5cd4b,John Thune,T000250,israel-military-aid,cosponsor,SRES. 682,2024-05-09,A resolution condemning the decision by the Biden Administration to halt the shipment of United States made ammunition and weapons to the State of Israel.
661c0499-af4c-4cf9-a34b-eb0c20d5cd4b,John Thune,T000250,israel-military-aid,cosponsor,SRES. 617,2024-03-22,A resolution expressing the sense of the Senate that Israel has the inherent right to defend itself and take necessary steps to eradicate the terrorist threat posed by Hamas.
661c0499-af4c-4cf9-a34b-eb0c20d5cd4b,John Thune,T000250,gun-policy,cosponsor,S. 3531,2023-12-14,Protect American Gun Exporters Act
661c0499-af4c-4cf9-a34b-eb0c20d5cd4b,John Thune,T000250,gun-policy,cosponsor,S. 909,2023-03-22,Tribal Firearm Access Act
661c0499-af4c-4cf9-a34b-eb0c20d5cd4b,John Thune,T000250,israel-military-aid,cosponsor,SRES. 408,2023-11-07,"A resolution condemning Hamas for its premeditated, coordinated, and brutal terrorist attacks on Israel and demanding that Hamas immediately release all hostages and return them to safety, and for other purposes."
661c0499-af4c-4cf9-a34b-eb0c20d5cd4b,John Thune,T000250,border-security,cosponsor,S. 348,2023-02-09,Asylum Abuse Reduction Act
661c0499-af4c-4cf9-a34b-eb0c20d5cd4b,John Thune,T000250,border-security,cosponsor,S. 2824,2023-09-14,Secure the Border Act of 2023
661c0499-af4c-4cf9-a34b-eb0c20d5cd4b,John Thune,T000250,border-security,cosponsor,SJRES. 25,2023-05-09,"A joint resolution providing for congressional disapproval under chapter 8 of title 5, United States Code, of the rule submitted by the Department of Labor relating to ""Adverse Effect Wage Rate Methodology for the Temporary Employment of H-2A Nonimmigrants in Non-Range Occupations in the United States""."
661c0499-af4c-4cf9-a34b-eb0c20d5cd4b,John Thune,T000250,gun-policy,cosponsor,S. 741,2023-03-09,Traveler's Gun Rights Act
661c0499-af4c-4cf9-a34b-eb0c20d5cd4b,John Thune,T000250,gun-policy,cosponsor,SJRES. 20,2023-03-15,"A joint resolution providing for congressional disapproval under chapter 8 of title 5, United States Code, of the rule submitted by the Department of Justice and the Bureau of Alcohol, Tobacco, Firearms and Explosives relating to ""Factoring Criteria for Firearms With Attached 'Stabilizing Braces'""."
661c0499-af4c-4cf9-a34b-eb0c20d5cd4b,John Thune,T000250,israel-military-aid,cosponsor,SRES. 505,2023-12-19,A resolution condemning the use of sexual violence and rape as a weapon of war by the terrorist group Hamas against the people of Israel.
661c0499-af4c-4cf9-a34b-eb0c20d5cd4b,John Thune,T000250,israel-military-aid,cosponsor,SRES. 462,2023-11-14,"A resolution emphasizing the urgency of responding to attacks in Israel and the greater region from the Islamic Republic of Iran and its proxies, and for other purposes."
661c0499-af4c-4cf9-a34b-eb0c20d5cd4b,John Thune,T000250,israel-military-aid,cosponsor,SRES. 417,2023-10-19,A resolution standing with Israel against terrorism.
661c0499-af4c-4cf9-a34b-eb0c20d5cd4b,John Thune,T000250,gun-policy,cosponsor,S. 214,2023-02-01,Constitutional Concealed Carry Reciprocity Act of 2023
661c0499-af4c-4cf9-a34b-eb0c20d5cd4b,John Thune,T000250,border-security,cosponsor,S. 208,2023-02-01,Public Health and Border Security Act of 2023
d5740b38-9b65-431a-9e33-645d432dec61,Jon Husted,H001104,israel-military-aid,cosponsor,SRES. 438,2025-10-07,"A resolution condemning the brutal Hamas-led terrorist attack on the State of Israel on October 7, 2023, and supporting an outcome that ensures the forever survival of Israel, the complete denial of Hamas's ability to reconstitute in the region, and the release of all the remaining hostages from the Gaza Strip, including two United States citizens."
d5740b38-9b65-431a-9e33-645d432dec61,Jon Husted,H001104,gun-policy,cosponsor,S. 65,2025-02-03,Constitutional Concealed Carry Reciprocity Act of 2025
6160a29a-d896-4061-801a-e5c3d9f06c99,Jon Ossoff,O000174,border-security,sponsor,S. 5322,2024-11-14,Border Smuggling Crackdown Act
6160a29a-d896-4061-801a-e5c3d9f06c99,Jon Ossoff,O000174,gun-policy,cosponsor,S. 3214,2026-01-14,Background Check Expansion Act
6160a29a-d896-4061-801a-e5c3d9f06c99,Jon Ossoff,O000174,israel-military-aid,cosponsor,SRES. 227,2025-06-03,"A resolution condemning Hamas for its premeditated, coordinated, and brutal terrorist attacks on October 7, 2023, against Israel and demanding that Hamas immediately release all remaining hostages and return them to safety, and for other purposes."
6160a29a-d896-4061-801a-e5c3d9f06c99,Jon Ossoff,O000174,gun-policy,cosponsor,S. 1531,2025-05-05,Assault Weapons Ban of 2025
6160a29a-d896-4061-801a-e5c3d9f06c99,Jon Ossoff,O000174,israel-military-aid,cosponsor,S. 554,2025-03-24,United States-Israel Defense Partnership Act of 2025
6160a29a-d896-4061-801a-e5c3d9f06c99,Jon Ossoff,O000174,border-security,cosponsor,S. 5102,2024-11-20,Cross-Border Tunnel Report Act
6160a29a-d896-4061-801a-e5c3d9f06c99,Jon Ossoff,O000174,border-security,cosponsor,S. 4888,2024-11-12,A bill to include Czechia in the list of foreign states whose nationals are eligible for admission into the United States as E-1 nonimmigrants if United States nationals are treated similarly by the Government of Czechia.
6160a29a-d896-4061-801a-e5c3d9f06c99,Jon Ossoff,O000174,border-security,cosponsor,S. 4294,2024-07-31,Cross Border Aerial Law Enforcement Operations Act
6160a29a-d896-4061-801a-e5c3d9f06c99,Jon Ossoff,O000174,border-security,cosponsor,S. 2278,2024-04-15,"Border Enforcement, Security, and Trade (BEST) Facilitation Act of 2023"
6160a29a-d896-4061-801a-e5c3d9f06c99,Jon Ossoff,O000174,israel-military-aid,cosponsor,SRES. 505,2023-12-14,A resolution condemning the use of sexual violence and rape as a weapon of war by the terrorist group Hamas against the people of Israel.
6160a29a-d896-4061-801a-e5c3d9f06c99,Jon Ossoff,O000174,israel-military-aid,cosponsor,SRES. 417,2023-10-19,A resolution standing with Israel against terrorism.
6160a29a-d896-4061-801a-e5c3d9f06c99,Jon Ossoff,O000174,gun-policy,cosponsor,S. 25,2023-06-06,Assault Weapons Ban of 2023
6160a29a-d896-4061-801a-e5c3d9f06c99,Jon Ossoff,O000174,gun-policy,cosponsor,S. 494,2023-02-16,Background Check Expansion Act
130591ca-bfd1-4691-916b-3570341b04fb,Joni Ernst,E000295,israel-military-aid,sponsor,SRES. 438,2025-10-07,"A resolution condemning the brutal Hamas-led terrorist attack on the State of Israel on October 7, 2023, and supporting an outcome that ensures the forever survival of Israel, the complete denial of Hamas's ability to reconstitute in the region, and the release of all the remaining hostages from the Gaza Strip, including two United States citizens."
130591ca-bfd1-4691-916b-3570341b04fb,Joni Ernst,E000295,gun-policy,sponsor,S. 1922,2025-06-02,FIREARM Act
130591ca-bfd1-4691-916b-3570341b04fb,Joni Ernst,E000295,israel-military-aid,sponsor,SRES. 890,2024-09-25,"A resolution condemning the brutal Hamas-led terrorist attack on Israel on October 7, 2023, and supporting an outcome that ensures the forever survival of Israel, the complete denial of the ability of Hamas to reconstitute in the region, and the safe release of United States hostages from the Gaza Strip."
130591ca-bfd1-4691-916b-3570341b04fb,Joni Ernst,E000295,gun-policy,sponsor,S. 3812,2024-02-27,FIREARM Act
130591ca-bfd1-4691-916b-3570341b04fb,Joni Ernst,E000295,israel-military-aid,cosponsor,S. 1521,2025-04-30,Stand with Israel Act
130591ca-bfd1-4691-916b-3570341b04fb,Joni Ernst,E000295,border-security,cosponsor,S. 344,2025-01-30,A bill to require the Commissioner of U.S. Customs and Border Protection to identify and conduct recurrent vetting of evacuees from Afghanistan found not to be properly vetted before entering the United States.
130591ca-bfd1-4691-916b-3570341b04fb,Joni Ernst,E000295,gun-policy,cosponsor,S. 65,2025-01-09,Constitutional Concealed Carry Reciprocity Act of 2025
130591ca-bfd1-4691-916b-3570341b04fb,Joni Ernst,E000295,israel-military-aid,cosponsor,S. 5303,2024-11-13,Stand with Israel Act
130591ca-bfd1-4691-916b-3570341b04fb,Joni Ernst,E000295,gun-policy,cosponsor,SJRES. 83,2024-05-15,"A joint resolution providing for congressional disapproval under chapter 8 of title 5, United States Code, of the rule submitted by the Bureau of Alcohol, Tobacco, Firearms, and Explosives relating to ""Definition of 'Engaged in the Business' as a Dealer in Firearms""."
130591ca-bfd1-4691-916b-3570341b04fb,Joni Ernst,E000295,israel-military-aid,cosponsor,S. 4337,2024-05-15,Israel Security Assistance Support Act
130591ca-bfd1-4691-916b-3570341b04fb,Joni Ernst,E000295,israel-military-aid,cosponsor,SRES. 680,2024-05-09,"A resolution condemning the violent, anti-American and anti-Israel protests that are occurring on campuses of institutions of higher education nationwide."
130591ca-bfd1-4691-916b-3570341b04fb,Joni Ernst,E000295,israel-military-aid,cosponsor,SRES. 682,2024-05-09,A resolution condemning the decision by the Biden Administration to halt the shipment of United States made ammunition and weapons to the State of Israel.
130591ca-bfd1-4691-916b-3570341b04fb,Joni Ernst,E000295,israel-military-aid,cosponsor,SRES. 617,2024-03-22,A resolution expressing the sense of the Senate that Israel has the inherent right to defend itself and take necessary steps to eradicate the terrorist threat posed by Hamas.
130591ca-bfd1-4691-916b-3570341b04fb,Joni Ernst,E000295,israel-military-aid,cosponsor,SRES. 620,2024-03-22,"A resolution demanding that the international community hold accountable those who perpetrated acts of sexual violence and sexual torture during and after the attack on the State of Israel on October 7, 2023."
130591ca-bfd1-4691-916b-3570341b04fb,Joni Ernst,E000295,israel-military-aid,cosponsor,SRES. 408,2023-10-19,"A resolution condemning Hamas for its premeditated, coordinated, and brutal terrorist attacks on Israel and demanding that Hamas immediately release all hostages and return them to safety, and for other purposes."
130591ca-bfd1-4691-916b-3570341b04fb,Joni Ernst,E000295,israel-military-aid,cosponsor,SCONRES. 14,2023-07-18,A concurrent resolution expressing the sense of Congress supporting the State of Israel.
130591ca-bfd1-4691-916b-3570341b04fb,Joni Ernst,E000295,border-security,cosponsor,SJRES. 25,2023-04-25,"A joint resolution providing for congressional disapproval under chapter 8 of title 5, United States Code, of the rule submitted by the Department of Labor relating to ""Adverse Effect Wage Rate Methodology for the Temporary Employment of H-2A Nonimmigrants in Non-Range Occupations in the United States""."
130591ca-bfd1-4691-916b-3570341b04fb,Joni Ernst,E000295,border-security,cosponsor,S. 3708,2024-02-27,A bill to reprogram Federal funds appropriated for UNRWA to construct the southwest border wall and to prohibit future funding for UNRWA.
130591ca-bfd1-4691-916b-3570341b04fb,Joni Ernst,E000295,border-security,cosponsor,S. 1312,2023-04-26,Securing our Border Act
130591ca-bfd1-4691-916b-3570341b04fb,Joni Ernst,E000295,border-security,cosponsor,S. 685,2023-03-07,Stopping Border Surges Act
130591ca-bfd1-4691-916b-3570341b04fb,Joni Ernst,E000295,gun-policy,cosponsor,SJRES. 20,2023-03-15,"A joint resolution providing for congressional disapproval under chapter 8 of title 5, United States Code, of the rule submitted by the Department of Justice and the Bureau of Alcohol, Tobacco, Firearms and Explosives relating to ""Factoring Criteria for Firearms With Attached 'Stabilizing Braces'""."
130591ca-bfd1-4691-916b-3570341b04fb,Joni Ernst,E000295,israel-military-aid,cosponsor,SRES. 417,2023-10-19,A resolution standing with Israel against terrorism.
130591ca-bfd1-4691-916b-3570341b04fb,Joni Ernst,E000295,gun-policy,cosponsor,S. 214,2023-02-01,Constitutional Concealed Carry Reciprocity Act of 2023
108e7bcc-554a-49d7-81f0-c3058f933a07,Josh Hawley,H001089,border-security,sponsor,S. 4336,2024-05-14,No Taxpayer Funds for Illegal Immigrant Identity Cards Act
108e7bcc-554a-49d7-81f0-c3058f933a07,Josh Hawley,H001089,border-security,sponsor,S. 3007,2023-10-03,State Border Defense Act
108e7bcc-554a-49d7-81f0-c3058f933a07,Josh Hawley,H001089,israel-military-aid,cosponsor,SRES. 438,2025-10-07,"A resolution condemning the brutal Hamas-led terrorist attack on the State of Israel on October 7, 2023, and supporting an outcome that ensures the forever survival of Israel, the complete denial of Hamas's ability to reconstitute in the region, and the release of all the remaining hostages from the Gaza Strip, including two United States citizens."
108e7bcc-554a-49d7-81f0-c3058f933a07,Josh Hawley,H001089,israel-military-aid,cosponsor,S. 1521,2025-04-30,Stand with Israel Act
108e7bcc-554a-49d7-81f0-c3058f933a07,Josh Hawley,H001089,israel-military-aid,cosponsor,S. 554,2025-02-26,United States-Israel Defense Partnership Act of 2025
108e7bcc-554a-49d7-81f0-c3058f933a07,Josh Hawley,H001089,border-security,cosponsor,S. 727,2025-02-25,U.S. Customs and Border Protection Officer Retirement Technical Corrections Act
108e7bcc-554a-49d7-81f0-c3058f933a07,Josh Hawley,H001089,israel-military-aid,cosponsor,S. 5303,2024-11-13,Stand with Israel Act
108e7bcc-554a-49d7-81f0-c3058f933a07,Josh Hawley,H001089,gun-policy,cosponsor,S. 5172,2024-09-25,"A bill to amend the National Child Protection Act of 1993 to ensure that businesses and organizations that work with vulnerable populations are able to request background checks for their contractors who work with those populations, as well as for individuals that the businesses or organizations license or certify to provide care for those populations."
108e7bcc-554a-49d7-81f0-c3058f933a07,Josh Hawley,H001089,israel-military-aid,cosponsor,SRES. 890,2024-09-25,"A resolution condemning the brutal Hamas-led terrorist attack on Israel on October 7, 2023, and supporting an outcome that ensures the forever survival of Israel, the complete denial of the ability of Hamas to reconstitute in the region, and the safe release of United States hostages from the Gaza Strip."
108e7bcc-554a-49d7-81f0-c3058f933a07,Josh Hawley,H001089,israel-military-aid,cosponsor,S. 4770,2024-07-25,Countering Hate Against Israel by Federal Contractors Act
108e7bcc-554a-49d7-81f0-c3058f933a07,Josh Hawley,H001089,gun-policy,cosponsor,SJRES. 93,2024-06-05,"A joint resolution providing for congressional disapproval under chapter 8 of title 5, United States Code, of the rule submitted by the Department of Commerce relating to ""Revision of Firearms License Requirements""."
108e7bcc-554a-49d7-81f0-c3058f933a07,Josh Hawley,H001089,gun-policy,cosponsor,SJRES. 83,2024-05-15,"A joint resolution providing for congressional disapproval under chapter 8 of title 5, United States Code, of the rule submitted by the Bureau of Alcohol, Tobacco, Firearms, and Explosives relating to ""Definition of 'Engaged in the Business' as a Dealer in Firearms""."
108e7bcc-554a-49d7-81f0-c3058f933a07,Josh Hawley,H001089,israel-military-aid,cosponsor,S. 4337,2024-05-15,Israel Security Assistance Support Act
108e7bcc-554a-49d7-81f0-c3058f933a07,Josh Hawley,H001089,israel-military-aid,cosponsor,SRES. 682,2024-05-09,A resolution condemning the decision by the Biden Administration to halt the shipment of United States made ammunition and weapons to the State of Israel.
108e7bcc-554a-49d7-81f0-c3058f933a07,Josh Hawley,H001089,israel-military-aid,cosponsor,SRES. 617,2024-03-22,A resolution expressing the sense of the Senate that Israel has the inherent right to defend itself and take necessary steps to eradicate the terrorist threat posed by Hamas.
108e7bcc-554a-49d7-81f0-c3058f933a07,Josh Hawley,H001089,border-security,cosponsor,S. 3187,2023-11-01,Southern Border Transparency Act of 2023
108e7bcc-554a-49d7-81f0-c3058f933a07,Josh Hawley,H001089,border-security,cosponsor,S. 2905,2023-09-21,No Asylum for CCP Spies Act
108e7bcc-554a-49d7-81f0-c3058f933a07,Josh Hawley,H001089,border-security,cosponsor,S. 2824,2023-09-20,Secure the Border Act of 2023
108e7bcc-554a-49d7-81f0-c3058f933a07,Josh Hawley,H001089,border-security,cosponsor,S. 311,2023-02-09,U.S. Customs and Border Protection Officer Retirement Technical Corrections Act
108e7bcc-554a-49d7-81f0-c3058f933a07,Josh Hawley,H001089,gun-policy,cosponsor,S. 3812,2024-02-28,FIREARM Act
108e7bcc-554a-49d7-81f0-c3058f933a07,Josh Hawley,H001089,border-security,cosponsor,S. 3708,2024-02-05,A bill to reprogram Federal funds appropriated for UNRWA to construct the southwest border wall and to prohibit future funding for UNRWA.
108e7bcc-554a-49d7-81f0-c3058f933a07,Josh Hawley,H001089,gun-policy,cosponsor,SJRES. 20,2023-03-15,"A joint resolution providing for congressional disapproval under chapter 8 of title 5, United States Code, of the rule submitted by the Department of Justice and the Bureau of Alcohol, Tobacco, Firearms and Explosives relating to ""Factoring Criteria for Firearms With Attached 'Stabilizing Braces'""."
108e7bcc-554a-49d7-81f0-c3058f933a07,Josh Hawley,H001089,israel-military-aid,cosponsor,S. 3168,2023-11-06,Israel Supplemental Appropriations Act of 2023
108e7bcc-554a-49d7-81f0-c3058f933a07,Josh Hawley,H001089,israel-military-aid,cosponsor,SRES. 417,2023-10-19,A resolution standing with Israel against terrorism.
108e7bcc-554a-49d7-81f0-c3058f933a07,Josh Hawley,H001089,gun-policy,cosponsor,S. 1907,2023-06-08,Federal Firearms Licensee Protection Act of 2023
108e7bcc-554a-49d7-81f0-c3058f933a07,Josh Hawley,H001089,gun-policy,cosponsor,S. 214,2023-02-01,Constitutional Concealed Carry Reciprocity Act of 2023
0ba1cecc-8493-495b-8d58-34d50bbacfba,Katie Britt,B001319,border-security,sponsor,SRES. 45,2023-02-09,A resolution expressing the sense of the Senate that the current influx of migrants is causing a crisis at the southern border.
0ba1cecc-8493-495b-8d58-34d50bbacfba,Katie Britt,B001319,border-security,sponsor,S. 348,2023-02-09,Asylum Abuse Reduction Act
0ba1cecc-8493-495b-8d58-34d50bbacfba,Katie Britt,B001319,border-security,cosponsor,S. 5371,2026-08-07,Stopping Border Surges Act
0ba1cecc-8493-495b-8d58-34d50bbacfba,Katie Britt,B001319,gun-policy,cosponsor,S. 4671,2026-06-03,Federal Firearms Licensee Protection Act of 2026
0ba1cecc-8493-495b-8d58-34d50bbacfba,Katie Britt,B001319,israel-military-aid,cosponsor,SRES. 438,2025-10-07,"A resolution condemning the brutal Hamas-led terrorist attack on the State of Israel on October 7, 2023, and supporting an outcome that ensures the forever survival of Israel, the complete denial of Hamas's ability to reconstitute in the region, and the release of all the remaining hostages from the Gaza Strip, including two United States citizens."
0ba1cecc-8493-495b-8d58-34d50bbacfba,Katie Britt,B001319,israel-military-aid,cosponsor,SRES. 307,2025-06-26,A resolution expressing the sense of the Senate in support of the recent United States and Israeli military strikes on Iran.
0ba1cecc-8493-495b-8d58-34d50bbacfba,Katie Britt,B001319,israel-military-aid,cosponsor,S. 1521,2025-04-30,Stand with Israel Act
0ba1cecc-8493-495b-8d58-34d50bbacfba,Katie Britt,B001319,gun-policy,cosponsor,S. 65,2025-01-09,Constitutional Concealed Carry Reciprocity Act of 2025
0ba1cecc-8493-495b-8d58-34d50bbacfba,Katie Britt,B001319,israel-military-aid,cosponsor,S. 5303,2024-11-13,Stand with Israel Act
0ba1cecc-8493-495b-8d58-34d50bbacfba,Katie Britt,B001319,israel-military-aid,cosponsor,SRES. 890,2024-09-25,"A resolution condemning the brutal Hamas-led terrorist attack on Israel on October 7, 2023, and supporting an outcome that ensures the forever survival of Israel, the complete denial of the ability of Hamas to reconstitute in the region, and the safe release of United States hostages from the Gaza Strip."
0ba1cecc-8493-495b-8d58-34d50bbacfba,Katie Britt,B001319,gun-policy,cosponsor,S. 1907,2024-09-23,Federal Firearms Licensee Protection Act of 2023
0ba1cecc-8493-495b-8d58-34d50bbacfba,Katie Britt,B001319,israel-military-aid,cosponsor,S. 4770,2024-07-25,Countering Hate Against Israel by Federal Contractors Act
0ba1cecc-8493-495b-8d58-34d50bbacfba,Katie Britt,B001319,gun-policy,cosponsor,SJRES. 93,2024-06-05,"A joint resolution providing for congressional disapproval under chapter 8 of title 5, United States Code, of the rule submitted by the Department of Commerce relating to ""Revision of Firearms License Requirements""."
0ba1cecc-8493-495b-8d58-34d50bbacfba,Katie Britt,B001319,gun-policy,cosponsor,SJRES. 83,2024-05-15,"A joint resolution providing for congressional disapproval under chapter 8 of title 5, United States Code, of the rule submitted by the Bureau of Alcohol, Tobacco, Firearms, and Explosives relating to ""Definition of 'Engaged in the Business' as a Dealer in Firearms""."
0ba1cecc-8493-495b-8d58-34d50bbacfba,Katie Britt,B001319,israel-military-aid,cosponsor,S. 4337,2024-05-15,Israel Security Assistance Support Act
0ba1cecc-8493-495b-8d58-34d50bbacfba,Katie Britt,B001319,israel-military-aid,cosponsor,SRES. 682,2024-05-09,A resolution condemning the decision by the Biden Administration to halt the shipment of United States made ammunition and weapons to the State of Israel.
0ba1cecc-8493-495b-8d58-34d50bbacfba,Katie Britt,B001319,israel-military-aid,cosponsor,SRES. 617,2024-03-22,A resolution expressing the sense of the Senate that Israel has the inherent right to defend itself and take necessary steps to eradicate the terrorist threat posed by Hamas.
0ba1cecc-8493-495b-8d58-34d50bbacfba,Katie Britt,B001319,israel-military-aid,cosponsor,SRES. 620,2024-03-22,"A resolution demanding that the international community hold accountable those who perpetrated acts of sexual violence and sexual torture during and after the attack on the State of Israel on October 7, 2023."
0ba1cecc-8493-495b-8d58-34d50bbacfba,Katie Britt,B001319,israel-military-aid,cosponsor,SRES. 505,2023-12-14,A resolution condemning the use of sexual violence and rape as a weapon of war by the terrorist group Hamas against the people of Israel.
0ba1cecc-8493-495b-8d58-34d50bbacfba,Katie Britt,B001319,israel-military-aid,cosponsor,SRES. 408,2023-11-08,"A resolution condemning Hamas for its premeditated, coordinated, and brutal terrorist attacks on Israel and demanding that Hamas immediately release all hostages and return them to safety, and for other purposes."
0ba1cecc-8493-495b-8d58-34d50bbacfba,Katie Britt,B001319,border-security,cosponsor,S. 3187,2023-11-01,Southern Border Transparency Act of 2023
0ba1cecc-8493-495b-8d58-34d50bbacfba,Katie Britt,B001319,israel-military-aid,cosponsor,SRES. 413,2023-10-18,"A resolution condemning foreign nationals in the United States who have endorsed and espoused the actions of foreign terrorist organizations (FTO) in Gaza who, on October 7, 2023, launched attacks against the State of Israel, and killed innocent Israeli and United States citizens."
0ba1cecc-8493-495b-8d58-34d50bbacfba,Katie Britt,B001319,border-security,cosponsor,S. 2824,2023-09-14,Secure the Border Act of 2023
0ba1cecc-8493-495b-8d58-34d50bbacfba,Katie Britt,B001319,israel-military-aid,cosponsor,SCONRES. 14,2023-07-18,A concurrent resolution expressing the sense of Congress supporting the State of Israel.
0ba1cecc-8493-495b-8d58-34d50bbacfba,Katie Britt,B001319,border-security,cosponsor,SJRES. 25,2023-04-25,"A joint resolution providing for congressional disapproval under chapter 8 of title 5, United States Code, of the rule submitted by the Department of Labor relating to ""Adverse Effect Wage Rate Methodology for the Temporary Employment of H-2A Nonimmigrants in Non-Range Occupations in the United States""."
0ba1cecc-8493-495b-8d58-34d50bbacfba,Katie Britt,B001319,border-security,cosponsor,S. 685,2023-03-07,Stopping Border Surges Act
0ba1cecc-8493-495b-8d58-34d50bbacfba,Katie Britt,B001319,gun-policy,cosponsor,SJRES. 20,2023-03-15,"A joint resolution providing for congressional disapproval under chapter 8 of title 5, United States Code, of the rule submitted by the Department of Justice and the Bureau of Alcohol, Tobacco, Firearms and Explosives relating to ""Factoring Criteria for Firearms With Attached 'Stabilizing Braces'""."
0ba1cecc-8493-495b-8d58-34d50bbacfba,Katie Britt,B001319,border-security,cosponsor,S. 696,2023-03-08,Border Safety and Security Act of 2023
0ba1cecc-8493-495b-8d58-34d50bbacfba,Katie Britt,B001319,israel-military-aid,cosponsor,SRES. 445,2023-11-27,A resolution recognizing the importance of the economic relationship between the United States and Israel and affirming that trade facilitated by the United States-Israel Free Trade Agreement is a tool to support the economy of Israel during the conflict with Hamas.
0ba1cecc-8493-495b-8d58-34d50bbacfba,Katie Britt,B001319,israel-military-aid,cosponsor,SRES. 462,2023-11-14,"A resolution emphasizing the urgency of responding to attacks in Israel and the greater region from the Islamic Republic of Iran and its proxies, and for other purposes."
0ba1cecc-8493-495b-8d58-34d50bbacfba,Katie Britt,B001319,israel-military-aid,cosponsor,SRES. 417,2023-10-19,A resolution standing with Israel against terrorism.
0ba1cecc-8493-495b-8d58-34d50bbacfba,Katie Britt,B001319,border-security,cosponsor,S. 519,2023-02-16,A bill to prohibit individuals charged with or convicted of human trafficking or drug trafficking offenses committed near the border of the United States from receiving Federal benefits.
0ba1cecc-8493-495b-8d58-34d50bbacfba,Katie Britt,B001319,gun-policy,cosponsor,S. 214,2023-02-01,Constitutional Concealed Carry Reciprocity Act of 2023
88c06231-8e34-43ff-befb-8868b44383e6,Kevin Cramer,C001096,gun-policy,sponsor,S. 4652,2024-07-10,Firearms Interstate Commerce Reform Act
88c06231-8e34-43ff-befb-8868b44383e6,Kevin Cramer,C001096,gun-policy,cosponsor,S. 4671,2026-06-03,Federal Firearms Licensee Protection Act of 2026
88c06231-8e34-43ff-befb-8868b44383e6,Kevin Cramer,C001096,israel-military-aid,cosponsor,S. 3855,2026-05-18,"United States-Israel Framework for Upgraded Technologies, Unified Research, and Enhanced Security (FUTURES) Act of 2026"
88c06231-8e34-43ff-befb-8868b44383e6,Kevin Cramer,C001096,gun-policy,cosponsor,S. 3916,2026-02-25,Gun Owner Registration Information Protection Act
88c06231-8e34-43ff-befb-8868b44383e6,Kevin Cramer,C001096,israel-military-aid,cosponsor,SRES. 438,2025-10-07,"A resolution condemning the brutal Hamas-led terrorist attack on the State of Israel on October 7, 2023, and supporting an outcome that ensures the forever survival of Israel, the complete denial of Hamas's ability to reconstitute in the region, and the release of all the remaining hostages from the Gaza Strip, including two United States citizens."
88c06231-8e34-43ff-befb-8868b44383e6,Kevin Cramer,C001096,israel-military-aid,cosponsor,SRES. 307,2025-06-26,A resolution expressing the sense of the Senate in support of the recent United States and Israeli military strikes on Iran.
88c06231-8e34-43ff-befb-8868b44383e6,Kevin Cramer,C001096,israel-military-aid,cosponsor,S. 554,2025-05-06,United States-Israel Defense Partnership Act of 2025
88c06231-8e34-43ff-befb-8868b44383e6,Kevin Cramer,C001096,gun-policy,cosponsor,S. 1169,2025-03-27,Freedom from Unfair Gun Taxes Act
88c06231-8e34-43ff-befb-8868b44383e6,Kevin Cramer,C001096,gun-policy,cosponsor,S. 966,2025-03-11,Traveler's Gun Rights Act
88c06231-8e34-43ff-befb-8868b44383e6,Kevin Cramer,C001096,border-security,cosponsor,S. 850,2025-03-05,Northern Border Security Enhancement and Review Act
88c06231-8e34-43ff-befb-8868b44383e6,Kevin Cramer,C001096,gun-policy,cosponsor,S. 65,2025-01-09,Constitutional Concealed Carry Reciprocity Act of 2025
88c06231-8e34-43ff-befb-8868b44383e6,Kevin Cramer,C001096,border-security,cosponsor,S. 5463,2024-12-20,A bill to establish the Department of Homeland Security Northern Border Mission Center.
88c06231-8e34-43ff-befb-8868b44383e6,Kevin Cramer,C001096,israel-military-aid,cosponsor,S. 5303,2024-11-13,Stand with Israel Act
88c06231-8e34-43ff-befb-8868b44383e6,Kevin Cramer,C001096,gun-policy,cosponsor,S. 5224,2024-09-25,Modern Firearm Safety Act
88c06231-8e34-43ff-befb-8868b44383e6,Kevin Cramer,C001096,israel-military-aid,cosponsor,SRES. 890,2024-09-25,"A resolution condemning the brutal Hamas-led terrorist attack on Israel on October 7, 2023, and supporting an outcome that ensures the forever survival of Israel, the complete denial of the ability of Hamas to reconstitute in the region, and the safe release of United States hostages from the Gaza Strip."
88c06231-8e34-43ff-befb-8868b44383e6,Kevin Cramer,C001096,border-security,cosponsor,S. 5092,2024-09-18,Northern Border Security Enhancement and Review Act
88c06231-8e34-43ff-befb-8868b44383e6,Kevin Cramer,C001096,gun-policy,cosponsor,S. 4960,2024-08-01,Freedom from Unfair Gun Taxes Act
88c06231-8e34-43ff-befb-8868b44383e6,Kevin Cramer,C001096,border-security,cosponsor,S. 4672,2024-07-11,Border Weather Resiliency Act of 2024
88c06231-8e34-43ff-befb-8868b44383e6,Kevin Cramer,C001096,gun-policy,cosponsor,S. 3531,2024-04-15,Protect American Gun Exporters Act
88c06231-8e34-43ff-befb-8868b44383e6,Kevin Cramer,C001096,gun-policy,cosponsor,SJRES. 93,2024-06-05,"A joint resolution providing for congressional disapproval under chapter 8 of title 5, United States Code, of the rule submitted by the Department of Commerce relating to ""Revision of Firearms License Requirements""."
88c06231-8e34-43ff-befb-8868b44383e6,Kevin Cramer,C001096,border-security,cosponsor,SRES. 705,2024-05-23,"A resolution recognizing May 28, 2024, as the 100th anniversary of the U.S. Border Patrol and commending the service of the U.S. Border Patrol to the United States people."
88c06231-8e34-43ff-befb-8868b44383e6,Kevin Cramer,C001096,gun-policy,cosponsor,SJRES. 83,2024-05-15,"A joint resolution providing for congressional disapproval under chapter 8 of title 5, United States Code, of the rule submitted by the Bureau of Alcohol, Tobacco, Firearms, and Explosives relating to ""Definition of 'Engaged in the Business' as a Dealer in Firearms""."
88c06231-8e34-43ff-befb-8868b44383e6,Kevin Cramer,C001096,israel-military-aid,cosponsor,S. 4337,2024-05-15,Israel Security Assistance Support Act
88c06231-8e34-43ff-befb-8868b44383e6,Kevin Cramer,C001096,israel-military-aid,cosponsor,SRES. 682,2024-05-09,A resolution condemning the decision by the Biden Administration to halt the shipment of United States made ammunition and weapons to the State of Israel.
88c06231-8e34-43ff-befb-8868b44383e6,Kevin Cramer,C001096,israel-military-aid,cosponsor,SRES. 617,2024-03-22,A resolution expressing the sense of the Senate that Israel has the inherent right to defend itself and take necessary steps to eradicate the terrorist threat posed by Hamas.
88c06231-8e34-43ff-befb-8868b44383e6,Kevin Cramer,C001096,border-security,cosponsor,S. 2562,2023-07-27,A bill to require ports of entry along the northern border to remain open as many hours per day as they were open prior to the COVID-19 pandemic.
88c06231-8e34-43ff-befb-8868b44383e6,Kevin Cramer,C001096,gun-policy,cosponsor,S. 909,2023-03-22,Tribal Firearm Access Act
88c06231-8e34-43ff-befb-8868b44383e6,Kevin Cramer,C001096,border-security,cosponsor,S. 3187,2023-11-01,Southern Border Transparency Act of 2023
88c06231-8e34-43ff-befb-8868b44383e6,Kevin Cramer,C001096,israel-military-aid,cosponsor,SRES. 413,2023-10-18,"A resolution condemning foreign nationals in the United States who have endorsed and espoused the actions of foreign terrorist organizations (FTO) in Gaza who, on October 7, 2023, launched attacks against the State of Israel, and killed innocent Israeli and United States citizens."
88c06231-8e34-43ff-befb-8868b44383e6,Kevin Cramer,C001096,border-security,cosponsor,S. 2824,2023-09-14,Secure the Border Act of 2023
88c06231-8e34-43ff-befb-8868b44383e6,Kevin Cramer,C001096,israel-military-aid,cosponsor,SCONRES. 14,2023-07-18,A concurrent resolution expressing the sense of Congress supporting the State of Israel.
88c06231-8e34-43ff-befb-8868b44383e6,Kevin Cramer,C001096,gun-policy,cosponsor,S. 1680,2023-05-18,Gun Owner Registration Information Protection Act
88c06231-8e34-43ff-befb-8868b44383e6,Kevin Cramer,C001096,border-security,cosponsor,SJRES. 25,2023-04-25,"A joint resolution providing for congressional disapproval under chapter 8 of title 5, United States Code, of the rule submitted by the Department of Labor relating to ""Adverse Effect Wage Rate Methodology for the Temporary Employment of H-2A Nonimmigrants in Non-Range Occupations in the United States""."
88c06231-8e34-43ff-befb-8868b44383e6,Kevin Cramer,C001096,gun-policy,cosponsor,S. 3812,2024-02-27,FIREARM Act
88c06231-8e34-43ff-befb-8868b44383e6,Kevin Cramer,C001096,border-security,cosponsor,S. 3708,2024-01-31,A bill to reprogram Federal funds appropriated for UNRWA to construct the southwest border wall and to prohibit future funding for UNRWA.
88c06231-8e34-43ff-befb-8868b44383e6,Kevin Cramer,C001096,border-security,cosponsor,SRES. 45,2023-02-09,A resolution expressing the sense of the Senate that the current influx of migrants is causing a crisis at the southern border.
88c06231-8e34-43ff-befb-8868b44383e6,Kevin Cramer,C001096,israel-military-aid,cosponsor,SRES. 188,2023-05-09,"A resolution celebrating the 75th anniversary of the founding of the State of Israel, and for other purposes."
88c06231-8e34-43ff-befb-8868b44383e6,Kevin Cramer,C001096,gun-policy,cosponsor,S. 741,2023-03-09,Traveler's Gun Rights Act
88c06231-8e34-43ff-befb-8868b44383e6,Kevin Cramer,C001096,gun-policy,cosponsor,SJRES. 20,2023-03-15,"A joint resolution providing for congressional disapproval under chapter 8 of title 5, United States Code, of the rule submitted by the Department of Justice and the Bureau of Alcohol, Tobacco, Firearms and Explosives relating to ""Factoring Criteria for Firearms With Attached 'Stabilizing Braces'""."
88c06231-8e34-43ff-befb-8868b44383e6,Kevin Cramer,C001096,israel-military-aid,cosponsor,SRES. 417,2023-10-19,A resolution standing with Israel against terrorism.
88c06231-8e34-43ff-befb-8868b44383e6,Kevin Cramer,C001096,gun-policy,cosponsor,S. 1907,2023-06-08,Federal Firearms Licensee Protection Act of 2023
88c06231-8e34-43ff-befb-8868b44383e6,Kevin Cramer,C001096,gun-policy,cosponsor,S. 214,2023-02-01,Constitutional Concealed Carry Reciprocity Act of 2023
463f8a89-e12c-4b92-8df1-0fed43dc4441,Kirsten Gillibrand,G000555,military-intervention,sponsor,SJRES. 181,2026-04-13,A joint resolution to direct the removal of United States Armed Forces from hostilities within or against the Islamic Republic of Iran that have not been authorized by Congress.
463f8a89-e12c-4b92-8df1-0fed43dc4441,Kirsten Gillibrand,G000555,gun-policy,sponsor,S. 3883,2026-02-12,Language Access to Gun Violence Prevention Strategies Act of 2026
463f8a89-e12c-4b92-8df1-0fed43dc4441,Kirsten Gillibrand,G000555,gun-policy,sponsor,SCONRES. 25,2026-01-08,"A concurrent resolution recognizing the 15th anniversary of the January 8, 2011, Tucson, Arizona, shooting and honoring the survivors and victims, including former Congresswoman Gabby Giffords, a gun violence survivor and one of the most influential voices of courage in the United States in the fight to end gun violence."
463f8a89-e12c-4b92-8df1-0fed43dc4441,Kirsten Gillibrand,G000555,border-security,sponsor,S. 4558,2024-06-17,Tribal Border Crossing Parity Act
463f8a89-e12c-4b92-8df1-0fed43dc4441,Kirsten Gillibrand,G000555,gun-policy,sponsor,S. 2732,2023-09-06,End Gun Violence Act of 2023
463f8a89-e12c-4b92-8df1-0fed43dc4441,Kirsten Gillibrand,G000555,gun-policy,sponsor,S. 2565,2023-07-27,Language Access to Gun Violence Prevention Strategies Act of 2023
463f8a89-e12c-4b92-8df1-0fed43dc4441,Kirsten Gillibrand,G000555,defense-spending,cosponsor,S. 5189,2026-07-30,"A bill to amend title 10, United States Code, and the National Defense Authorization Act for Fiscal Year 1994, to codify and clarify gender neutral standards for members of certain Armed Forces, and for other purposes."
463f8a89-e12c-4b92-8df1-0fed43dc4441,Kirsten Gillibrand,G000555,cannabis-policy,cosponsor,S. 5022,2026-07-16,Cannabis Administration and Opportunity Act
463f8a89-e12c-4b92-8df1-0fed43dc4441,Kirsten Gillibrand,G000555,israel-military-aid,cosponsor,S. 4853,2026-06-22,United States-Israel Agriculture Cooperation Improvement and Expansion Act
463f8a89-e12c-4b92-8df1-0fed43dc4441,Kirsten Gillibrand,G000555,gun-policy,cosponsor,S. 4776,2026-06-11,Gun Records Restoration and Preservation Act
463f8a89-e12c-4b92-8df1-0fed43dc4441,Kirsten Gillibrand,G000555,military-intervention,cosponsor,SJRES. 180,2026-04-21,A joint resolution to direct the removal of United States Armed Forces from hostilities within or against the Islamic Republic of Iran that have not been authorized by Congress.
463f8a89-e12c-4b92-8df1-0fed43dc4441,Kirsten Gillibrand,G000555,military-intervention,cosponsor,SJRES. 114,2026-04-20,A joint resolution to direct the removal of United States Armed Forces from hostilities within or against the Islamic Republic of Iran that have not been authorized by Congress.
463f8a89-e12c-4b92-8df1-0fed43dc4441,Kirsten Gillibrand,G000555,military-intervention,cosponsor,SJRES. 171,2026-04-20,A joint resolution to direct the removal of United States Armed Forces from hostilities within or against the Islamic Republic of Iran that have not been authorized by Congress.
463f8a89-e12c-4b92-8df1-0fed43dc4441,Kirsten Gillibrand,G000555,military-intervention,cosponsor,SJRES. 184,2026-04-20,A joint resolution to direct the removal of United States Armed Forces from hostilities within or against the Islamic Republic of Iran that have not been authorized by Congress.
463f8a89-e12c-4b92-8df1-0fed43dc4441,Kirsten Gillibrand,G000555,military-intervention,cosponsor,SJRES. 104,2026-03-02,A joint resolution to direct the removal of United States Armed Forces from hostilities within or against the Islamic Republic of Iran that have not been authorized by Congress.
463f8a89-e12c-4b92-8df1-0fed43dc4441,Kirsten Gillibrand,G000555,israel-military-aid,cosponsor,S. 3855,2026-02-12,"United States-Israel Framework for Upgraded Technologies, Unified Research, and Enhanced Security (FUTURES) Act of 2026"
463f8a89-e12c-4b92-8df1-0fed43dc4441,Kirsten Gillibrand,G000555,military-intervention,cosponsor,SJRES. 98,2026-01-06,A joint resolution to direct the removal of United States Armed Forces from hostilities within or against Venezuela that have not been authorized by Congress.
463f8a89-e12c-4b92-8df1-0fed43dc4441,Kirsten Gillibrand,G000555,2020-election,cosponsor,SRES. 574,2026-01-06,"A resolution observing the fifth anniversary of the attack on the United States Capitol on January 6, 2021, and recognizing the essential work of United States Capitol personnel, including the United States Capitol Police."
463f8a89-e12c-4b92-8df1-0fed43dc4441,Kirsten Gillibrand,G000555,2020-election,cosponsor,S. 3582,2026-01-06,No Rewards for January 6 Rioters Act
463f8a89-e12c-4b92-8df1-0fed43dc4441,Kirsten Gillibrand,G000555,2020-election,cosponsor,S. 3581,2026-01-06,No Settlements for January 6 Law Enforcement Assaulters Act
463f8a89-e12c-4b92-8df1-0fed43dc4441,Kirsten Gillibrand,G000555,gun-policy,cosponsor,S. 3458,2025-12-11,Background Check Completion Act of 2025
463f8a89-e12c-4b92-8df1-0fed43dc4441,Kirsten Gillibrand,G000555,gun-policy,cosponsor,S. 3214,2025-11-19,Background Check Expansion Act
463f8a89-e12c-4b92-8df1-0fed43dc4441,Kirsten Gillibrand,G000555,gun-policy,cosponsor,S. 2514,2025-07-29,Gun Violence Prevention Research Act of 2025
463f8a89-e12c-4b92-8df1-0fed43dc4441,Kirsten Gillibrand,G000555,gun-policy,cosponsor,S. 2165,2025-06-25,3D Printed Gun Safety Act of 2025
463f8a89-e12c-4b92-8df1-0fed43dc4441,Kirsten Gillibrand,G000555,gun-policy,cosponsor,S. 1955,2025-06-04,Equal Access to Justice for Victims of Gun Violence Act
463f8a89-e12c-4b92-8df1-0fed43dc4441,Kirsten Gillibrand,G000555,gun-policy,cosponsor,S. 1531,2025-04-30,Assault Weapons Ban of 2025
463f8a89-e12c-4b92-8df1-0fed43dc4441,Kirsten Gillibrand,G000555,minimum-wage,cosponsor,S. 1332,2025-04-08,Raise the Wage Act of 2025
463f8a89-e12c-4b92-8df1-0fed43dc4441,Kirsten Gillibrand,G000555,israel-military-aid,cosponsor,S. 554,2025-03-11,United States-Israel Defense Partnership Act of 2025
463f8a89-e12c-4b92-8df1-0fed43dc4441,Kirsten Gillibrand,G000555,military-intervention,cosponsor,S. 696,2025-03-05,Protecting Our Guests During Hostilities in Ukraine Act
463f8a89-e12c-4b92-8df1-0fed43dc4441,Kirsten Gillibrand,G000555,border-security,cosponsor,S. 850,2025-03-05,Northern Border Security Enhancement and Review Act
463f8a89-e12c-4b92-8df1-0fed43dc4441,Kirsten Gillibrand,G000555,border-security,cosponsor,S. 677,2025-02-20,Border Airport Fairness Act of 2025
463f8a89-e12c-4b92-8df1-0fed43dc4441,Kirsten Gillibrand,G000555,gun-policy,cosponsor,S. 468,2025-02-06,SECURE Firearm Storage Act
463f8a89-e12c-4b92-8df1-0fed43dc4441,Kirsten Gillibrand,G000555,border-security,cosponsor,S. 5092,2024-09-18,Northern Border Security Enhancement and Review Act
463f8a89-e12c-4b92-8df1-0fed43dc4441,Kirsten Gillibrand,G000555,israel-military-aid,cosponsor,S. 4551,2024-06-13,United States-Israel Agriculture Cooperation Improvement and Expansion Act
463f8a89-e12c-4b92-8df1-0fed43dc4441,Kirsten Gillibrand,G000555,cannabis-policy,cosponsor,S. 4226,2024-05-01,Cannabis Administration and Opportunity Act
463f8a89-e12c-4b92-8df1-0fed43dc4441,Kirsten Gillibrand,G000555,minimum-wage,cosponsor,S. 2488,2023-07-25,Raise the Wage Act of 2023
463f8a89-e12c-4b92-8df1-0fed43dc4441,Kirsten Gillibrand,G000555,israel-military-aid,cosponsor,SRES. 620,2024-03-22,"A resolution demanding that the international community hold accountable those who perpetrated acts of sexual violence and sexual torture during and after the attack on the State of Israel on October 7, 2023."
463f8a89-e12c-4b92-8df1-0fed43dc4441,Kirsten Gillibrand,G000555,gun-policy,cosponsor,S. 2048,2023-06-20,Equal Access to Justice for Victims of Gun Violence Act
463f8a89-e12c-4b92-8df1-0fed43dc4441,Kirsten Gillibrand,G000555,israel-military-aid,cosponsor,SRES. 505,2023-12-14,A resolution condemning the use of sexual violence and rape as a weapon of war by the terrorist group Hamas against the people of Israel.
463f8a89-e12c-4b92-8df1-0fed43dc4441,Kirsten Gillibrand,G000555,gun-policy,cosponsor,S. 1819,2023-06-06,3D Printed Gun Safety Act of 2023
463f8a89-e12c-4b92-8df1-0fed43dc4441,Kirsten Gillibrand,G000555,israel-military-aid,cosponsor,SRES. 408,2023-10-19,"A resolution condemning Hamas for its premeditated, coordinated, and brutal terrorist attacks on Israel and demanding that Hamas immediately release all hostages and return them to safety, and for other purposes."
463f8a89-e12c-4b92-8df1-0fed43dc4441,Kirsten Gillibrand,G000555,border-security,cosponsor,S. 1885,2023-06-20,Protect Vulnerable Immigrant Youth Act
463f8a89-e12c-4b92-8df1-0fed43dc4441,Kirsten Gillibrand,G000555,gun-policy,cosponsor,S. 494,2023-02-16,Background Check Expansion Act
463f8a89-e12c-4b92-8df1-0fed43dc4441,Kirsten Gillibrand,G000555,israel-military-aid,cosponsor,SRES. 188,2023-05-09,"A resolution celebrating the 75th anniversary of the founding of the State of Israel, and for other purposes."
463f8a89-e12c-4b92-8df1-0fed43dc4441,Kirsten Gillibrand,G000555,gun-policy,cosponsor,S. 203,2023-02-01,Crime Gun Tracing Modernization Act of 2023
463f8a89-e12c-4b92-8df1-0fed43dc4441,Kirsten Gillibrand,G000555,gun-policy,cosponsor,S. 1026,2023-03-29,Gun Violence Prevention Research Act of 2023
463f8a89-e12c-4b92-8df1-0fed43dc4441,Kirsten Gillibrand,G000555,gun-policy,cosponsor,S. 25,2023-01-23,Assault Weapons Ban of 2023
463f8a89-e12c-4b92-8df1-0fed43dc4441,Kirsten Gillibrand,G000555,gun-policy,cosponsor,S. 1116,2023-03-30,Background Check Completion Act of 2023
463f8a89-e12c-4b92-8df1-0fed43dc4441,Kirsten Gillibrand,G000555,border-security,cosponsor,S. 222,2023-11-27,Border Airport Fairness Act of 2023
463f8a89-e12c-4b92-8df1-0fed43dc4441,Kirsten Gillibrand,G000555,israel-military-aid,cosponsor,SRES. 462,2023-11-14,"A resolution emphasizing the urgency of responding to attacks in Israel and the greater region from the Islamic Republic of Iran and its proxies, and for other purposes."
463f8a89-e12c-4b92-8df1-0fed43dc4441,Kirsten Gillibrand,G000555,gun-policy,cosponsor,S. 598,2023-03-01,Gun Records Restoration and Preservation Act
463f8a89-e12c-4b92-8df1-0fed43dc4441,Kirsten Gillibrand,G000555,israel-military-aid,cosponsor,SRES. 417,2023-10-19,A resolution standing with Israel against terrorism.
463f8a89-e12c-4b92-8df1-0fed43dc4441,Kirsten Gillibrand,G000555,gun-policy,cosponsor,S. 2652,2023-07-27,Ghost Guns and Untraceable Firearms Act of 2023
463f8a89-e12c-4b92-8df1-0fed43dc4441,Kirsten Gillibrand,G000555,border-security,cosponsor,S. 2646,2023-07-27,HEAL for Immigrant Families Act of 2023
463f8a89-e12c-4b92-8df1-0fed43dc4441,Kirsten Gillibrand,G000555,border-security,cosponsor,S. 292,2023-02-07,Northern Border Regional Commission Reauthorization Act of 2023
463f8a89-e12c-4b92-8df1-0fed43dc4441,Kirsten Gillibrand,G000555,gun-policy,cosponsor,S. 246,2023-02-02,SECURE Firearm Storage Act
20aa1064-bbe7-484c-b779-28d99e92e608,Lindsey Graham,G000608,israel-military-aid,cosponsor,S. 3855,2026-08-06,"United States-Israel Framework for Upgraded Technologies, Unified Research, and Enhanced Security (FUTURES) Act of 2026"
20aa1064-bbe7-484c-b779-28d99e92e608,Lindsey Graham,G000608,gun-policy,cosponsor,S. 65,2026-07-28,Constitutional Concealed Carry Reciprocity Act of 2025
20aa1064-bbe7-484c-b779-28d99e92e608,Lindsey Graham,G000608,gun-policy,cosponsor,S. 119,2026-07-28,No Retaining Every Gun In a System That Restricts Your Rights Act
20aa1064-bbe7-484c-b779-28d99e92e608,Lindsey Graham,G000608,gun-policy,cosponsor,S. 1169,2026-07-28,Freedom from Unfair Gun Taxes Act
20aa1064-bbe7-484c-b779-28d99e92e608,Lindsey Graham,G000608,gun-policy,cosponsor,S. 3085,2026-07-28,Firearm Access During Shutdowns Act of 2025
f9abc9e1-e1d5-4cd9-9983-a403dc94a5fc,Lisa Blunt Rochester,B001303,border-security,cosponsor,SRES. 796,2026-07-13,"A resolution recognizing the upcoming 250th anniversary of the United States of America and reaffirming the commitment of the Senate to the Nation's founding ideals of liberty, equality, and opportunity for all immigrant communities in the United States."
f9abc9e1-e1d5-4cd9-9983-a403dc94a5fc,Lisa Blunt Rochester,B001303,gun-policy,cosponsor,SCONRES. 25,2026-01-14,"A concurrent resolution recognizing the 15th anniversary of the January 8, 2011, Tucson, Arizona, shooting and honoring the survivors and victims, including former Congresswoman Gabby Giffords, a gun violence survivor and one of the most influential voices of courage in the United States in the fight to end gun violence."
f9abc9e1-e1d5-4cd9-9983-a403dc94a5fc,Lisa Blunt Rochester,B001303,2020-election,cosponsor,SRES. 574,2026-01-06,"A resolution observing the fifth anniversary of the attack on the United States Capitol on January 6, 2021, and recognizing the essential work of United States Capitol personnel, including the United States Capitol Police."
f9abc9e1-e1d5-4cd9-9983-a403dc94a5fc,Lisa Blunt Rochester,B001303,gun-policy,cosponsor,S. 3458,2025-12-11,Background Check Completion Act of 2025
f9abc9e1-e1d5-4cd9-9983-a403dc94a5fc,Lisa Blunt Rochester,B001303,gun-policy,cosponsor,S. 3214,2025-11-19,Background Check Expansion Act
f9abc9e1-e1d5-4cd9-9983-a403dc94a5fc,Lisa Blunt Rochester,B001303,military-intervention,cosponsor,SJRES. 90,2025-11-05,A joint resolution to direct the removal of United States Armed Forces from hostilities within or against Venezuela that have not been authorized by Congress.
f9abc9e1-e1d5-4cd9-9983-a403dc94a5fc,Lisa Blunt Rochester,B001303,gun-policy,cosponsor,S. 2514,2025-07-29,Gun Violence Prevention Research Act of 2025
f9abc9e1-e1d5-4cd9-9983-a403dc94a5fc,Lisa Blunt Rochester,B001303,gun-policy,cosponsor,S. 1531,2025-04-30,Assault Weapons Ban of 2025
f9abc9e1-e1d5-4cd9-9983-a403dc94a5fc,Lisa Blunt Rochester,B001303,minimum-wage,cosponsor,S. 1332,2025-04-08,Raise the Wage Act of 2025
f9abc9e1-e1d5-4cd9-9983-a403dc94a5fc,Lisa Blunt Rochester,B001303,gun-policy,cosponsor,HRES. 1432,2024-09-10,"Expressing support for the designation of September 10, 2024, as ""National Firearm Suicide Prevention Day"" to educate about the growing firearm suicide crisis in the United States and promote the importance of storing firearms safely and securely as an essential component of suicide prevention."
f9abc9e1-e1d5-4cd9-9983-a403dc94a5fc,Lisa Blunt Rochester,B001303,gun-policy,cosponsor,HR. 8828,2024-06-25,Gun Theft Prevention Act
f9abc9e1-e1d5-4cd9-9983-a403dc94a5fc,Lisa Blunt Rochester,B001303,gun-policy,cosponsor,HR. 8764,2024-06-14,Clean Hands Firearm Procurement Act
f9abc9e1-e1d5-4cd9-9983-a403dc94a5fc,Lisa Blunt Rochester,B001303,gun-policy,cosponsor,HRES. 1271,2024-06-03,"Expressing support for the designation of June 7, 2024, as ""National Gun Violence Awareness Day"" and June 2024 as ""National Gun Violence Awareness Month""."
f9abc9e1-e1d5-4cd9-9983-a403dc94a5fc,Lisa Blunt Rochester,B001303,gun-policy,cosponsor,HR. 4184,2024-04-16,Equal Access to Justice for Victims of Gun Violence Act of 2023
f9abc9e1-e1d5-4cd9-9983-a403dc94a5fc,Lisa Blunt Rochester,B001303,israel-military-aid,cosponsor,HRES. 966,2024-02-13,Condemning rape and sexual violence committed by Hamas in its war against Israel.
f9abc9e1-e1d5-4cd9-9983-a403dc94a5fc,Lisa Blunt Rochester,B001303,israel-military-aid,cosponsor,HRES. 771,2023-10-11,Standing with Israel as it defends itself against the barbaric war launched by Hamas and other terrorists.
f9abc9e1-e1d5-4cd9-9983-a403dc94a5fc,Lisa Blunt Rochester,B001303,israel-military-aid,cosponsor,HRES. 768,2023-10-10,Standing with Israel as it defends itself against the barbaric war launched by Hamas and other terrorists.
f9abc9e1-e1d5-4cd9-9983-a403dc94a5fc,Lisa Blunt Rochester,B001303,minimum-wage,cosponsor,HR. 4889,2023-07-25,Raise the Wage Act of 2023
f9abc9e1-e1d5-4cd9-9983-a403dc94a5fc,Lisa Blunt Rochester,B001303,gun-policy,cosponsor,HR. 4074,2023-06-13,3D Printed Gun Safety Act of 2023
f9abc9e1-e1d5-4cd9-9983-a403dc94a5fc,Lisa Blunt Rochester,B001303,gun-policy,cosponsor,HRES. 459,2023-05-31,"Expressing support for the designation of June 2, 2023, as ""National Gun Violence Awareness Day"" and June 2023 as ""National Gun Violence Awareness Month""."
f9abc9e1-e1d5-4cd9-9983-a403dc94a5fc,Lisa Blunt Rochester,B001303,gun-policy,cosponsor,HR. 2403,2023-03-30,Enhanced Background Checks Act of 2023
f9abc9e1-e1d5-4cd9-9983-a403dc94a5fc,Lisa Blunt Rochester,B001303,gun-policy,cosponsor,HR. 715,2023-02-01,Bipartisan Background Checks Act of 2023
cc873a93-cb47-405a-93b0-bb2848fdd57e,Lisa Murkowski,M001153,border-security,sponsor,S. 3013,2023-10-04,A bill to permanently authorize the exemption of aliens working as fish processors from the numerical limitation on H-2B nonimmigrant visas.
cc873a93-cb47-405a-93b0-bb2848fdd57e,Lisa Murkowski,M001153,2020-election,cosponsor,SRES. 574,2026-01-06,"A resolution observing the fifth anniversary of the attack on the United States Capitol on January 6, 2021, and recognizing the essential work of United States Capitol personnel, including the United States Capitol Police."
cc873a93-cb47-405a-93b0-bb2848fdd57e,Lisa Murkowski,M001153,israel-military-aid,cosponsor,SRES. 438,2025-10-07,"A resolution condemning the brutal Hamas-led terrorist attack on the State of Israel on October 7, 2023, and supporting an outcome that ensures the forever survival of Israel, the complete denial of Hamas's ability to reconstitute in the region, and the release of all the remaining hostages from the Gaza Strip, including two United States citizens."
cc873a93-cb47-405a-93b0-bb2848fdd57e,Lisa Murkowski,M001153,israel-military-aid,cosponsor,S. 554,2025-07-28,United States-Israel Defense Partnership Act of 2025
cc873a93-cb47-405a-93b0-bb2848fdd57e,Lisa Murkowski,M001153,military-intervention,cosponsor,S. 696,2025-02-25,Protecting Our Guests During Hostilities in Ukraine Act
cc873a93-cb47-405a-93b0-bb2848fdd57e,Lisa Murkowski,M001153,israel-military-aid,cosponsor,SRES. 890,2024-09-25,"A resolution condemning the brutal Hamas-led terrorist attack on Israel on October 7, 2023, and supporting an outcome that ensures the forever survival of Israel, the complete denial of the ability of Hamas to reconstitute in the region, and the safe release of United States hostages from the Gaza Strip."
cc873a93-cb47-405a-93b0-bb2848fdd57e,Lisa Murkowski,M001153,gun-policy,cosponsor,SJRES. 83,2024-06-17,"A joint resolution providing for congressional disapproval under chapter 8 of title 5, United States Code, of the rule submitted by the Bureau of Alcohol, Tobacco, Firearms, and Explosives relating to ""Definition of 'Engaged in the Business' as a Dealer in Firearms""."
cc873a93-cb47-405a-93b0-bb2848fdd57e,Lisa Murkowski,M001153,israel-military-aid,cosponsor,SRES. 682,2024-05-09,A resolution condemning the decision by the Biden Administration to halt the shipment of United States made ammunition and weapons to the State of Israel.
cc873a93-cb47-405a-93b0-bb2848fdd57e,Lisa Murkowski,M001153,israel-military-aid,cosponsor,S. 1802,2023-07-13,United States-Israel Future of Warfare Act of 2023
cc873a93-cb47-405a-93b0-bb2848fdd57e,Lisa Murkowski,M001153,israel-military-aid,cosponsor,SCONRES. 14,2023-07-18,A concurrent resolution expressing the sense of Congress supporting the State of Israel.
cc873a93-cb47-405a-93b0-bb2848fdd57e,Lisa Murkowski,M001153,israel-military-aid,cosponsor,SRES. 417,2023-10-19,A resolution standing with Israel against terrorism.
cc873a93-cb47-405a-93b0-bb2848fdd57e,Lisa Murkowski,M001153,gun-policy,cosponsor,S. 1907,2023-06-08,Federal Firearms Licensee Protection Act of 2023
cc873a93-cb47-405a-93b0-bb2848fdd57e,Lisa Murkowski,M001153,border-security,cosponsor,S. 255,2023-05-15,Asylum Seeker Work Authorization Act of 2023
ec0aeea4-afb2-46b1-be2c-c226188cfbaa,Maggie Hassan,H001076,border-security,sponsor,S. 850,2025-03-05,Northern Border Security Enhancement and Review Act
ec0aeea4-afb2-46b1-be2c-c226188cfbaa,Maggie Hassan,H001076,border-security,sponsor,S. 1184,2025-03-27,Cross Border Aerial Law Enforcement Operations Act
ec0aeea4-afb2-46b1-be2c-c226188cfbaa,Maggie Hassan,H001076,border-security,sponsor,S. 5092,2024-09-18,Northern Border Security Enhancement and Review Act
ec0aeea4-afb2-46b1-be2c-c226188cfbaa,Maggie Hassan,H001076,border-security,sponsor,S. 4294,2024-05-08,Cross Border Aerial Law Enforcement Operations Act
ec0aeea4-afb2-46b1-be2c-c226188cfbaa,Maggie Hassan,H001076,gun-policy,cosponsor,SCONRES. 25,2026-01-08,"A concurrent resolution recognizing the 15th anniversary of the January 8, 2011, Tucson, Arizona, shooting and honoring the survivors and victims, including former Congresswoman Gabby Giffords, a gun violence survivor and one of the most influential voices of courage in the United States in the fight to end gun violence."
ec0aeea4-afb2-46b1-be2c-c226188cfbaa,Maggie Hassan,H001076,2020-election,cosponsor,SRES. 574,2026-01-06,"A resolution observing the fifth anniversary of the attack on the United States Capitol on January 6, 2021, and recognizing the essential work of United States Capitol personnel, including the United States Capitol Police."
ec0aeea4-afb2-46b1-be2c-c226188cfbaa,Maggie Hassan,H001076,gun-policy,cosponsor,S. 3214,2025-11-19,Background Check Expansion Act
ec0aeea4-afb2-46b1-be2c-c226188cfbaa,Maggie Hassan,H001076,gun-policy,cosponsor,S. 1531,2025-04-30,Assault Weapons Ban of 2025
ec0aeea4-afb2-46b1-be2c-c226188cfbaa,Maggie Hassan,H001076,border-security,cosponsor,S. 4707,2024-07-11,DHS Border Services Contracts Review Act
ec0aeea4-afb2-46b1-be2c-c226188cfbaa,Maggie Hassan,H001076,border-security,cosponsor,S. 243,2023-02-02,A bill to require the Commissioner of U.S. Customs and Border Protection to establish procedures for conducting maintenance projects at ports of entry at which the Office of Field Operations conducts certain enforcement and facilitation activities.
ec0aeea4-afb2-46b1-be2c-c226188cfbaa,Maggie Hassan,H001076,israel-military-aid,cosponsor,SRES. 505,2023-12-14,A resolution condemning the use of sexual violence and rape as a weapon of war by the terrorist group Hamas against the people of Israel.
ec0aeea4-afb2-46b1-be2c-c226188cfbaa,Maggie Hassan,H001076,israel-military-aid,cosponsor,SRES. 408,2023-10-19,"A resolution condemning Hamas for its premeditated, coordinated, and brutal terrorist attacks on Israel and demanding that Hamas immediately release all hostages and return them to safety, and for other purposes."
ec0aeea4-afb2-46b1-be2c-c226188cfbaa,Maggie Hassan,H001076,israel-military-aid,cosponsor,S. 1143,2023-03-30,United States-Israel PTSD Collaborative Research Act
ec0aeea4-afb2-46b1-be2c-c226188cfbaa,Maggie Hassan,H001076,gun-policy,cosponsor,S. 25,2023-01-23,Assault Weapons Ban of 2023
ec0aeea4-afb2-46b1-be2c-c226188cfbaa,Maggie Hassan,H001076,israel-military-aid,cosponsor,SRES. 417,2023-10-19,A resolution standing with Israel against terrorism.
ec0aeea4-afb2-46b1-be2c-c226188cfbaa,Maggie Hassan,H001076,border-security,cosponsor,S. 1444,2023-07-26,Border Patrol Enhancement Act
ec0aeea4-afb2-46b1-be2c-c226188cfbaa,Maggie Hassan,H001076,gun-policy,cosponsor,S. 494,2023-02-16,Background Check Expansion Act
ec0aeea4-afb2-46b1-be2c-c226188cfbaa,Maggie Hassan,H001076,border-security,cosponsor,S. 292,2023-02-07,Northern Border Regional Commission Reauthorization Act of 2023
ec0aeea4-afb2-46b1-be2c-c226188cfbaa,Maggie Hassan,H001076,border-security,cosponsor,S. 208,2023-02-01,Public Health and Border Security Act of 2023
750717e7-1f22-42a7-86fd-e065caf343de,Maria Cantwell,C000127,military-intervention,cosponsor,SJRES. 104,2026-03-02,A joint resolution to direct the removal of United States Armed Forces from hostilities within or against the Islamic Republic of Iran that have not been authorized by Congress.
750717e7-1f22-42a7-86fd-e065caf343de,Maria Cantwell,C000127,military-intervention,cosponsor,SJRES. 98,2026-01-08,A joint resolution to direct the removal of United States Armed Forces from hostilities within or against Venezuela that have not been authorized by Congress.
750717e7-1f22-42a7-86fd-e065caf343de,Maria Cantwell,C000127,gun-policy,cosponsor,SCONRES. 25,2026-01-08,"A concurrent resolution recognizing the 15th anniversary of the January 8, 2011, Tucson, Arizona, shooting and honoring the survivors and victims, including former Congresswoman Gabby Giffords, a gun violence survivor and one of the most influential voices of courage in the United States in the fight to end gun violence."
750717e7-1f22-42a7-86fd-e065caf343de,Maria Cantwell,C000127,2020-election,cosponsor,SRES. 574,2026-01-06,"A resolution observing the fifth anniversary of the attack on the United States Capitol on January 6, 2021, and recognizing the essential work of United States Capitol personnel, including the United States Capitol Police."
750717e7-1f22-42a7-86fd-e065caf343de,Maria Cantwell,C000127,gun-policy,cosponsor,S. 3214,2025-11-19,Background Check Expansion Act
750717e7-1f22-42a7-86fd-e065caf343de,Maria Cantwell,C000127,gun-policy,cosponsor,S. 2514,2025-07-29,Gun Violence Prevention Research Act of 2025
750717e7-1f22-42a7-86fd-e065caf343de,Maria Cantwell,C000127,gun-policy,cosponsor,S. 1531,2025-04-30,Assault Weapons Ban of 2025
750717e7-1f22-42a7-86fd-e065caf343de,Maria Cantwell,C000127,minimum-wage,cosponsor,S. 1332,2025-04-08,Raise the Wage Act of 2025
750717e7-1f22-42a7-86fd-e065caf343de,Maria Cantwell,C000127,minimum-wage,cosponsor,S. 2488,2023-07-25,Raise the Wage Act of 2023
750717e7-1f22-42a7-86fd-e065caf343de,Maria Cantwell,C000127,israel-military-aid,cosponsor,SRES. 188,2023-05-15,"A resolution celebrating the 75th anniversary of the founding of the State of Israel, and for other purposes."
750717e7-1f22-42a7-86fd-e065caf343de,Maria Cantwell,C000127,gun-policy,cosponsor,S. 1026,2023-03-29,Gun Violence Prevention Research Act of 2023
750717e7-1f22-42a7-86fd-e065caf343de,Maria Cantwell,C000127,israel-military-aid,cosponsor,SRES. 417,2023-10-19,A resolution standing with Israel against terrorism.
750717e7-1f22-42a7-86fd-e065caf343de,Maria Cantwell,C000127,gun-policy,cosponsor,S. 25,2023-09-05,Assault Weapons Ban of 2023
750717e7-1f22-42a7-86fd-e065caf343de,Maria Cantwell,C000127,gun-policy,cosponsor,SRES. 231,2023-06-01,"A resolution expressing support for the designation of June 2, 2023, as ""National Gun Violence Awareness Day"" and June 2023 as ""National Gun Violence Awareness Month""."
750717e7-1f22-42a7-86fd-e065caf343de,Maria Cantwell,C000127,gun-policy,cosponsor,S. 494,2023-02-16,Background Check Expansion Act
7e1e1044-a98b-4c69-910e-73de8e818c48,Mark Kelly,K000377,military-intervention,sponsor,SJRES. 161,2026-04-13,A joint resolution to direct the removal of United States Armed Forces from hostilities within or against the Islamic Republic of Iran that have not been authorized by Congress.
7e1e1044-a98b-4c69-910e-73de8e818c48,Mark Kelly,K000377,border-security,sponsor,S. 4273,2026-03-26,Nicholas Douglas Quets Border Travel Safety Act
7e1e1044-a98b-4c69-910e-73de8e818c48,Mark Kelly,K000377,military-intervention,cosponsor,SJRES. 211,2026-08-06,A joint resolution to direct the removal of United States Armed Forces from hostilities within or against the Islamic Republic of Iran that have not been authorized by Congress.
7e1e1044-a98b-4c69-910e-73de8e818c48,Mark Kelly,K000377,defense-spending,cosponsor,S. 5189,2026-07-30,"A bill to amend title 10, United States Code, and the National Defense Authorization Act for Fiscal Year 1994, to codify and clarify gender neutral standards for members of certain Armed Forces, and for other purposes."
7e1e1044-a98b-4c69-910e-73de8e818c48,Mark Kelly,K000377,military-intervention,cosponsor,SJRES. 181,2026-07-29,A joint resolution to direct the removal of United States Armed Forces from hostilities within or against the Islamic Republic of Iran that have not been authorized by Congress.
7e1e1044-a98b-4c69-910e-73de8e818c48,Mark Kelly,K000377,military-intervention,cosponsor,SJRES. 200,2026-07-15,A joint resolution to direct the removal of United States Armed Forces from hostilities within or against the Islamic Republic of Iran that have not been authorized by Congress.
7e1e1044-a98b-4c69-910e-73de8e818c48,Mark Kelly,K000377,military-intervention,cosponsor,SJRES. 163,2026-05-11,A joint resolution to direct the removal of United States Armed Forces from hostilities within or against the Islamic Republic of Iran that have not been authorized by Congress.
7e1e1044-a98b-4c69-910e-73de8e818c48,Mark Kelly,K000377,military-intervention,cosponsor,SJRES. 180,2026-04-21,A joint resolution to direct the removal of United States Armed Forces from hostilities within or against the Islamic Republic of Iran that have not been authorized by Congress.
7e1e1044-a98b-4c69-910e-73de8e818c48,Mark Kelly,K000377,military-intervention,cosponsor,SJRES. 171,2026-04-20,A joint resolution to direct the removal of United States Armed Forces from hostilities within or against the Islamic Republic of Iran that have not been authorized by Congress.
7e1e1044-a98b-4c69-910e-73de8e818c48,Mark Kelly,K000377,military-intervention,cosponsor,SJRES. 114,2026-04-16,A joint resolution to direct the removal of United States Armed Forces from hostilities within or against the Islamic Republic of Iran that have not been authorized by Congress.
7e1e1044-a98b-4c69-910e-73de8e818c48,Mark Kelly,K000377,military-intervention,cosponsor,SJRES. 115,2026-04-16,A joint resolution to direct the removal of United States Armed Forces from hostilities within or against the Islamic Republic of Iran that have not been authorized by Congress.
7e1e1044-a98b-4c69-910e-73de8e818c48,Mark Kelly,K000377,military-intervention,cosponsor,SJRES. 116,2026-04-16,A joint resolution to direct the removal of United States Armed Forces from hostilities within or against the Islamic Republic of Iran that have not been authorized by Congress.
7e1e1044-a98b-4c69-910e-73de8e818c48,Mark Kelly,K000377,gun-policy,cosponsor,SCONRES. 25,2026-01-08,"A concurrent resolution recognizing the 15th anniversary of the January 8, 2011, Tucson, Arizona, shooting and honoring the survivors and victims, including former Congresswoman Gabby Giffords, a gun violence survivor and one of the most influential voices of courage in the United States in the fight to end gun violence."
7e1e1044-a98b-4c69-910e-73de8e818c48,Mark Kelly,K000377,2020-election,cosponsor,S. 3582,2026-01-06,No Rewards for January 6 Rioters Act
7e1e1044-a98b-4c69-910e-73de8e818c48,Mark Kelly,K000377,2020-election,cosponsor,S. 3581,2026-01-06,No Settlements for January 6 Law Enforcement Assaulters Act
7e1e1044-a98b-4c69-910e-73de8e818c48,Mark Kelly,K000377,gun-policy,cosponsor,S. 3458,2025-12-11,Background Check Completion Act of 2025
7e1e1044-a98b-4c69-910e-73de8e818c48,Mark Kelly,K000377,gun-policy,cosponsor,S. 3214,2025-11-19,Background Check Expansion Act
7e1e1044-a98b-4c69-910e-73de8e818c48,Mark Kelly,K000377,border-security,cosponsor,S. 2249,2025-07-10,Border Patrol Supervisors Retention Act
7e1e1044-a98b-4c69-910e-73de8e818c48,Mark Kelly,K000377,minimum-wage,cosponsor,S. 1332,2025-04-08,Raise the Wage Act of 2025
7e1e1044-a98b-4c69-910e-73de8e818c48,Mark Kelly,K000377,border-security,cosponsor,S. 5322,2024-12-17,Border Smuggling Crackdown Act
7e1e1044-a98b-4c69-910e-73de8e818c48,Mark Kelly,K000377,border-security,cosponsor,SRES. 705,2024-05-23,"A resolution recognizing May 28, 2024, as the 100th anniversary of the U.S. Border Patrol and commending the service of the U.S. Border Patrol to the United States people."
7e1e1044-a98b-4c69-910e-73de8e818c48,Mark Kelly,K000377,border-security,cosponsor,S. 3591,2024-01-16,Stop Fentanyl at the Border Act
7e1e1044-a98b-4c69-910e-73de8e818c48,Mark Kelly,K000377,cannabis-policy,cosponsor,S. 1204,2023-04-19,Veterans Medical Marijuana Safe Harbor Act.
7e1e1044-a98b-4c69-910e-73de8e818c48,Mark Kelly,K000377,border-security,cosponsor,S. 3479,2023-12-12,Southwest Border Regional Commission Reauthorization Act of 2023
7e1e1044-a98b-4c69-910e-73de8e818c48,Mark Kelly,K000377,israel-military-aid,cosponsor,SRES. 417,2023-10-19,A resolution standing with Israel against terrorism.
7e1e1044-a98b-4c69-910e-73de8e818c48,Mark Kelly,K000377,border-security,cosponsor,S. 1444,2023-07-26,Border Patrol Enhancement Act
7e1e1044-a98b-4c69-910e-73de8e818c48,Mark Kelly,K000377,border-security,cosponsor,S. 2278,2023-07-12,"Border Enforcement, Security, and Trade (BEST) Facilitation Act of 2023"
7e1e1044-a98b-4c69-910e-73de8e818c48,Mark Kelly,K000377,cannabis-policy,cosponsor,S. 326,2023-04-25,VA Medicinal Cannabis Research Act of 2023
7e1e1044-a98b-4c69-910e-73de8e818c48,Mark Kelly,K000377,gun-policy,cosponsor,S. 494,2023-02-16,Background Check Expansion Act
7e1e1044-a98b-4c69-910e-73de8e818c48,Mark Kelly,K000377,border-security,cosponsor,S. 208,2023-02-01,Public Health and Border Security Act of 2023
85d27350-e1b6-45b8-aee3-509ca88c5af4,Mark Warner,W000805,defense-spending,cosponsor,S. 5189,2026-08-04,"A bill to amend title 10, United States Code, and the National Defense Authorization Act for Fiscal Year 1994, to codify and clarify gender neutral standards for members of certain Armed Forces, and for other purposes."
85d27350-e1b6-45b8-aee3-509ca88c5af4,Mark Warner,W000805,gun-policy,cosponsor,S. 4339,2026-04-16,Virginia Plan to Reduce Gun Violence Act of 2026
85d27350-e1b6-45b8-aee3-509ca88c5af4,Mark Warner,W000805,gun-policy,cosponsor,SCONRES. 25,2026-01-08,"A concurrent resolution recognizing the 15th anniversary of the January 8, 2011, Tucson, Arizona, shooting and honoring the survivors and victims, including former Congresswoman Gabby Giffords, a gun violence survivor and one of the most influential voices of courage in the United States in the fight to end gun violence."
85d27350-e1b6-45b8-aee3-509ca88c5af4,Mark Warner,W000805,gun-policy,cosponsor,S. 3214,2025-11-19,Background Check Expansion Act
85d27350-e1b6-45b8-aee3-509ca88c5af4,Mark Warner,W000805,gun-policy,cosponsor,S. 2514,2025-07-29,Gun Violence Prevention Research Act of 2025
85d27350-e1b6-45b8-aee3-509ca88c5af4,Mark Warner,W000805,gun-policy,cosponsor,S. 1531,2025-04-30,Assault Weapons Ban of 2025
85d27350-e1b6-45b8-aee3-509ca88c5af4,Mark Warner,W000805,israel-military-aid,cosponsor,S. 554,2025-02-20,United States-Israel Defense Partnership Act of 2025
85d27350-e1b6-45b8-aee3-509ca88c5af4,Mark Warner,W000805,gun-policy,cosponsor,S. 4131,2024-04-16,Virginia Plan to Reduce Gun Violence Act of 2024
85d27350-e1b6-45b8-aee3-509ca88c5af4,Mark Warner,W000805,border-security,cosponsor,S. 3591,2024-01-16,Stop Fentanyl at the Border Act
85d27350-e1b6-45b8-aee3-509ca88c5af4,Mark Warner,W000805,israel-military-aid,cosponsor,SRES. 505,2023-12-14,A resolution condemning the use of sexual violence and rape as a weapon of war by the terrorist group Hamas against the people of Israel.
85d27350-e1b6-45b8-aee3-509ca88c5af4,Mark Warner,W000805,border-security,cosponsor,S. 3013,2023-10-04,A bill to permanently authorize the exemption of aliens working as fish processors from the numerical limitation on H-2B nonimmigrant visas.
85d27350-e1b6-45b8-aee3-509ca88c5af4,Mark Warner,W000805,israel-military-aid,cosponsor,SRES. 408,2023-11-06,"A resolution condemning Hamas for its premeditated, coordinated, and brutal terrorist attacks on Israel and demanding that Hamas immediately release all hostages and return them to safety, and for other purposes."
85d27350-e1b6-45b8-aee3-509ca88c5af4,Mark Warner,W000805,gun-policy,cosponsor,S. 25,2023-01-23,Assault Weapons Ban of 2023
85d27350-e1b6-45b8-aee3-509ca88c5af4,Mark Warner,W000805,israel-military-aid,cosponsor,SRES. 417,2023-10-19,A resolution standing with Israel against terrorism.
85d27350-e1b6-45b8-aee3-509ca88c5af4,Mark Warner,W000805,gun-policy,cosponsor,S. 494,2023-02-16,Background Check Expansion Act
808ab926-365f-4b8a-a42e-628f11ecc48e,Marsha Blackburn,B001243,border-security,sponsor,S. 3955,2026-02-26,Migrant Crime Reporting Act of 2026
808ab926-365f-4b8a-a42e-628f11ecc48e,Marsha Blackburn,B001243,border-security,sponsor,S. 2774,2025-09-11,Stop Greenlighting Driver Licenses for Illegal Immigrants Act of 2025
808ab926-365f-4b8a-a42e-628f11ecc48e,Marsha Blackburn,B001243,border-security,sponsor,S. 1977,2025-06-05,Rapid Expulsion of Migrant Offenders who Violate and Evade (REMOVE) Act
808ab926-365f-4b8a-a42e-628f11ecc48e,Marsha Blackburn,B001243,border-security,sponsor,S. 112,2025-01-16,Make the Migrant Protection Protocols Mandatory Act of 2025
808ab926-365f-4b8a-a42e-628f11ecc48e,Marsha Blackburn,B001243,border-security,sponsor,SRES. 779,2024-07-30,"A resolution strongly condemning the Biden administration and its ""border czar"", Kamala Harris, for failing to secure the United States border."
808ab926-365f-4b8a-a42e-628f11ecc48e,Marsha Blackburn,B001243,israel-military-aid,sponsor,SRES. 445,2023-11-02,A resolution recognizing the importance of the economic relationship between the United States and Israel and affirming that trade facilitated by the United States-Israel Free Trade Agreement is a tool to support the economy of Israel during the conflict with Hamas.
808ab926-365f-4b8a-a42e-628f11ecc48e,Marsha Blackburn,B001243,border-security,sponsor,S. 1479,2023-05-09,Make the Migrant Protection Protocols Mandatory Act of 2023
808ab926-365f-4b8a-a42e-628f11ecc48e,Marsha Blackburn,B001243,border-security,sponsor,S. 519,2023-02-16,A bill to prohibit individuals charged with or convicted of human trafficking or drug trafficking offenses committed near the border of the United States from receiving Federal benefits.
808ab926-365f-4b8a-a42e-628f11ecc48e,Marsha Blackburn,B001243,gun-policy,cosponsor,S. 3085,2026-07-28,Firearm Access During Shutdowns Act of 2025
808ab926-365f-4b8a-a42e-628f11ecc48e,Marsha Blackburn,B001243,gun-policy,cosponsor,S. 119,2026-07-14,No Retaining Every Gun In a System That Restricts Your Rights Act
808ab926-365f-4b8a-a42e-628f11ecc48e,Marsha Blackburn,B001243,israel-military-aid,cosponsor,S. 3855,2026-06-11,"United States-Israel Framework for Upgraded Technologies, Unified Research, and Enhanced Security (FUTURES) Act of 2026"
808ab926-365f-4b8a-a42e-628f11ecc48e,Marsha Blackburn,B001243,gun-policy,cosponsor,S. 4671,2026-06-03,Federal Firearms Licensee Protection Act of 2026
808ab926-365f-4b8a-a42e-628f11ecc48e,Marsha Blackburn,B001243,2020-election,cosponsor,SRES. 657,2026-05-12,"A resolution commending Taiwan on the 30th anniversary of its first direct presidential election in 1996, and expressing support for Taiwan in the preservation of its democratic institutions."
808ab926-365f-4b8a-a42e-628f11ecc48e,Marsha Blackburn,B001243,gun-policy,cosponsor,S. 3916,2026-02-25,Gun Owner Registration Information Protection Act
808ab926-365f-4b8a-a42e-628f11ecc48e,Marsha Blackburn,B001243,israel-military-aid,cosponsor,SRES. 438,2025-10-07,"A resolution condemning the brutal Hamas-led terrorist attack on the State of Israel on October 7, 2023, and supporting an outcome that ensures the forever survival of Israel, the complete denial of Hamas's ability to reconstitute in the region, and the release of all the remaining hostages from the Gaza Strip, including two United States citizens."
808ab926-365f-4b8a-a42e-628f11ecc48e,Marsha Blackburn,B001243,border-security,cosponsor,S. 2967,2025-10-02,Border Lands Conservation Act
808ab926-365f-4b8a-a42e-628f11ecc48e,Marsha Blackburn,B001243,gun-policy,cosponsor,SRES. 342,2025-07-29,"A resolution honoring the contributions of small manufacturers of firearms to the economy, culture, and recreational heritage of the United States and recognizing August 2025 as ""National Shooting Sports Month""."
808ab926-365f-4b8a-a42e-628f11ecc48e,Marsha Blackburn,B001243,israel-military-aid,cosponsor,S. 554,2025-06-10,United States-Israel Defense Partnership Act of 2025
808ab926-365f-4b8a-a42e-628f11ecc48e,Marsha Blackburn,B001243,israel-military-aid,cosponsor,S. 1521,2025-04-30,Stand with Israel Act
808ab926-365f-4b8a-a42e-628f11ecc48e,Marsha Blackburn,B001243,gun-policy,cosponsor,S. 1169,2025-03-27,Freedom from Unfair Gun Taxes Act
808ab926-365f-4b8a-a42e-628f11ecc48e,Marsha Blackburn,B001243,border-security,cosponsor,S. 41,2025-01-09,Advanced Border Coordination Act of 2025
808ab926-365f-4b8a-a42e-628f11ecc48e,Marsha Blackburn,B001243,gun-policy,cosponsor,S. 65,2025-01-09,Constitutional Concealed Carry Reciprocity Act of 2025
808ab926-365f-4b8a-a42e-628f11ecc48e,Marsha Blackburn,B001243,border-security,cosponsor,S. 5322,2024-11-14,Border Smuggling Crackdown Act
808ab926-365f-4b8a-a42e-628f11ecc48e,Marsha Blackburn,B001243,israel-military-aid,cosponsor,S. 5303,2024-11-13,Stand with Israel Act
808ab926-365f-4b8a-a42e-628f11ecc48e,Marsha Blackburn,B001243,israel-military-aid,cosponsor,SRES. 890,2024-09-25,"A resolution condemning the brutal Hamas-led terrorist attack on Israel on October 7, 2023, and supporting an outcome that ensures the forever survival of Israel, the complete denial of the ability of Hamas to reconstitute in the region, and the safe release of United States hostages from the Gaza Strip."
808ab926-365f-4b8a-a42e-628f11ecc48e,Marsha Blackburn,B001243,gun-policy,cosponsor,S. 4960,2024-08-01,Freedom from Unfair Gun Taxes Act
808ab926-365f-4b8a-a42e-628f11ecc48e,Marsha Blackburn,B001243,border-security,cosponsor,S. 4818,2024-07-25,Safeguarding Americans From Extremist Risk (SAFER) at the Border Act
808ab926-365f-4b8a-a42e-628f11ecc48e,Marsha Blackburn,B001243,gun-policy,cosponsor,S. 4652,2024-07-10,Firearms Interstate Commerce Reform Act
808ab926-365f-4b8a-a42e-628f11ecc48e,Marsha Blackburn,B001243,gun-policy,cosponsor,SJRES. 93,2024-06-05,"A joint resolution providing for congressional disapproval under chapter 8 of title 5, United States Code, of the rule submitted by the Department of Commerce relating to ""Revision of Firearms License Requirements""."
808ab926-365f-4b8a-a42e-628f11ecc48e,Marsha Blackburn,B001243,israel-military-aid,cosponsor,S. 4337,2024-05-21,Israel Security Assistance Support Act
808ab926-365f-4b8a-a42e-628f11ecc48e,Marsha Blackburn,B001243,gun-policy,cosponsor,SJRES. 83,2024-05-15,"A joint resolution providing for congressional disapproval under chapter 8 of title 5, United States Code, of the rule submitted by the Bureau of Alcohol, Tobacco, Firearms, and Explosives relating to ""Definition of 'Engaged in the Business' as a Dealer in Firearms""."
808ab926-365f-4b8a-a42e-628f11ecc48e,Marsha Blackburn,B001243,israel-military-aid,cosponsor,SRES. 680,2024-05-09,"A resolution condemning the violent, anti-American and anti-Israel protests that are occurring on campuses of institutions of higher education nationwide."
808ab926-365f-4b8a-a42e-628f11ecc48e,Marsha Blackburn,B001243,israel-military-aid,cosponsor,SRES. 682,2024-05-09,A resolution condemning the decision by the Biden Administration to halt the shipment of United States made ammunition and weapons to the State of Israel.
808ab926-365f-4b8a-a42e-628f11ecc48e,Marsha Blackburn,B001243,israel-military-aid,cosponsor,SRES. 617,2024-03-22,A resolution expressing the sense of the Senate that Israel has the inherent right to defend itself and take necessary steps to eradicate the terrorist threat posed by Hamas.
808ab926-365f-4b8a-a42e-628f11ecc48e,Marsha Blackburn,B001243,gun-policy,cosponsor,S. 909,2023-03-22,Tribal Firearm Access Act
808ab926-365f-4b8a-a42e-628f11ecc48e,Marsha Blackburn,B001243,border-security,cosponsor,S. 3187,2023-11-01,Southern Border Transparency Act of 2023
808ab926-365f-4b8a-a42e-628f11ecc48e,Marsha Blackburn,B001243,israel-military-aid,cosponsor,S. 3168,2023-10-30,Israel Supplemental Appropriations Act of 2023
808ab926-365f-4b8a-a42e-628f11ecc48e,Marsha Blackburn,B001243,israel-military-aid,cosponsor,SRES. 413,2023-10-18,"A resolution condemning foreign nationals in the United States who have endorsed and espoused the actions of foreign terrorist organizations (FTO) in Gaza who, on October 7, 2023, launched attacks against the State of Israel, and killed innocent Israeli and United States citizens."
808ab926-365f-4b8a-a42e-628f11ecc48e,Marsha Blackburn,B001243,border-security,cosponsor,S. 2905,2023-09-21,No Asylum for CCP Spies Act
808ab926-365f-4b8a-a42e-628f11ecc48e,Marsha Blackburn,B001243,border-security,cosponsor,S. 2824,2023-09-14,Secure the Border Act of 2023
808ab926-365f-4b8a-a42e-628f11ecc48e,Marsha Blackburn,B001243,israel-military-aid,cosponsor,SCONRES. 14,2023-07-18,A concurrent resolution expressing the sense of Congress supporting the State of Israel.
808ab926-365f-4b8a-a42e-628f11ecc48e,Marsha Blackburn,B001243,border-security,cosponsor,SJRES. 25,2023-04-25,"A joint resolution providing for congressional disapproval under chapter 8 of title 5, United States Code, of the rule submitted by the Department of Labor relating to ""Adverse Effect Wage Rate Methodology for the Temporary Employment of H-2A Nonimmigrants in Non-Range Occupations in the United States""."
808ab926-365f-4b8a-a42e-628f11ecc48e,Marsha Blackburn,B001243,gun-policy,cosponsor,S. 3812,2024-02-27,FIREARM Act
808ab926-365f-4b8a-a42e-628f11ecc48e,Marsha Blackburn,B001243,border-security,cosponsor,S. 3708,2024-01-31,A bill to reprogram Federal funds appropriated for UNRWA to construct the southwest border wall and to prohibit future funding for UNRWA.
808ab926-365f-4b8a-a42e-628f11ecc48e,Marsha Blackburn,B001243,border-security,cosponsor,S. 1192,2023-04-19,Stop Fentanyl Border Crossings Act
808ab926-365f-4b8a-a42e-628f11ecc48e,Marsha Blackburn,B001243,border-security,cosponsor,SRES. 166,2023-04-20,A resolution honoring the efforts of the Coast Guard for excellence in maritime border security.
808ab926-365f-4b8a-a42e-628f11ecc48e,Marsha Blackburn,B001243,border-security,cosponsor,S. 1312,2023-04-26,Securing our Border Act
808ab926-365f-4b8a-a42e-628f11ecc48e,Marsha Blackburn,B001243,israel-military-aid,cosponsor,SRES. 188,2023-05-02,"A resolution celebrating the 75th anniversary of the founding of the State of Israel, and for other purposes."
808ab926-365f-4b8a-a42e-628f11ecc48e,Marsha Blackburn,B001243,border-security,cosponsor,S. 685,2023-03-07,Stopping Border Surges Act
808ab926-365f-4b8a-a42e-628f11ecc48e,Marsha Blackburn,B001243,gun-policy,cosponsor,SJRES. 20,2023-03-15,"A joint resolution providing for congressional disapproval under chapter 8 of title 5, United States Code, of the rule submitted by the Department of Justice and the Bureau of Alcohol, Tobacco, Firearms and Explosives relating to ""Factoring Criteria for Firearms With Attached 'Stabilizing Braces'""."
808ab926-365f-4b8a-a42e-628f11ecc48e,Marsha Blackburn,B001243,border-security,cosponsor,S. 696,2023-03-08,Border Safety and Security Act of 2023
808ab926-365f-4b8a-a42e-628f11ecc48e,Marsha Blackburn,B001243,israel-military-aid,cosponsor,S. 3135,2023-10-26,Israel Supplemental Appropriations Act of 2023
808ab926-365f-4b8a-a42e-628f11ecc48e,Marsha Blackburn,B001243,border-security,cosponsor,S. 3104,2023-10-24,Advanced Border Coordination Act of 2023
808ab926-365f-4b8a-a42e-628f11ecc48e,Marsha Blackburn,B001243,israel-military-aid,cosponsor,SRES. 417,2023-10-19,A resolution standing with Israel against terrorism.
808ab926-365f-4b8a-a42e-628f11ecc48e,Marsha Blackburn,B001243,gun-policy,cosponsor,S. 1907,2023-06-08,Federal Firearms Licensee Protection Act of 2023
808ab926-365f-4b8a-a42e-628f11ecc48e,Marsha Blackburn,B001243,gun-policy,cosponsor,S. 214,2023-02-01,Constitutional Concealed Carry Reciprocity Act of 2023
4fa06009-8f67-40f6-a8b3-d2d62712240d,Martin Heinrich,H001046,border-security,sponsor,S. 3479,2023-12-12,Southwest Border Regional Commission Reauthorization Act of 2023
4fa06009-8f67-40f6-a8b3-d2d62712240d,Martin Heinrich,H001046,military-intervention,cosponsor,SJRES. 104,2026-03-02,A joint resolution to direct the removal of United States Armed Forces from hostilities within or against the Islamic Republic of Iran that have not been authorized by Congress.
4fa06009-8f67-40f6-a8b3-d2d62712240d,Martin Heinrich,H001046,gun-policy,cosponsor,SCONRES. 25,2026-01-08,"A concurrent resolution recognizing the 15th anniversary of the January 8, 2011, Tucson, Arizona, shooting and honoring the survivors and victims, including former Congresswoman Gabby Giffords, a gun violence survivor and one of the most influential voices of courage in the United States in the fight to end gun violence."
4fa06009-8f67-40f6-a8b3-d2d62712240d,Martin Heinrich,H001046,military-intervention,cosponsor,SJRES. 98,2026-01-07,A joint resolution to direct the removal of United States Armed Forces from hostilities within or against Venezuela that have not been authorized by Congress.
4fa06009-8f67-40f6-a8b3-d2d62712240d,Martin Heinrich,H001046,2020-election,cosponsor,SRES. 574,2026-01-06,"A resolution observing the fifth anniversary of the attack on the United States Capitol on January 6, 2021, and recognizing the essential work of United States Capitol personnel, including the United States Capitol Police."
4fa06009-8f67-40f6-a8b3-d2d62712240d,Martin Heinrich,H001046,gun-policy,cosponsor,S. 3458,2025-12-11,Background Check Completion Act of 2025
4fa06009-8f67-40f6-a8b3-d2d62712240d,Martin Heinrich,H001046,gun-policy,cosponsor,S. 3214,2025-11-19,Background Check Expansion Act
4fa06009-8f67-40f6-a8b3-d2d62712240d,Martin Heinrich,H001046,gun-policy,cosponsor,S. 2514,2025-07-29,Gun Violence Prevention Research Act of 2025
4fa06009-8f67-40f6-a8b3-d2d62712240d,Martin Heinrich,H001046,gun-policy,cosponsor,S. 2154,2025-06-24,Protecting Kids from Gun Marketing Act
4fa06009-8f67-40f6-a8b3-d2d62712240d,Martin Heinrich,H001046,border-security,cosponsor,S. 2149,2025-06-24,Health Equity and Access under the Law for Immigrant Families Act of 2025
4fa06009-8f67-40f6-a8b3-d2d62712240d,Martin Heinrich,H001046,gun-policy,cosponsor,SRES. 260,2025-06-02,"A resolution expressing support for the designation of June 6, 2025, as ""National Gun Violence Awareness Day"" and June 2025 as ""National Gun Violence Awareness Month""."
4fa06009-8f67-40f6-a8b3-d2d62712240d,Martin Heinrich,H001046,gun-policy,cosponsor,S. 1466,2025-04-10,Resources for Victims of Gun Violence Act of 2025
4fa06009-8f67-40f6-a8b3-d2d62712240d,Martin Heinrich,H001046,gun-policy,cosponsor,SRES. 716,2024-06-03,"A resolution expressing support for the designation of June 7, 2024, as ""National Gun Violence Awareness Day"" and June 2024 as ""National Gun Violence Awareness Month""."
4fa06009-8f67-40f6-a8b3-d2d62712240d,Martin Heinrich,H001046,israel-military-aid,cosponsor,SRES. 408,2023-10-31,"A resolution condemning Hamas for its premeditated, coordinated, and brutal terrorist attacks on Israel and demanding that Hamas immediately release all hostages and return them to safety, and for other purposes."
4fa06009-8f67-40f6-a8b3-d2d62712240d,Martin Heinrich,H001046,border-security,cosponsor,S. 1600,2023-05-15,"Border Management, Security, and Assistance Act of 2023"
4fa06009-8f67-40f6-a8b3-d2d62712240d,Martin Heinrich,H001046,gun-policy,cosponsor,S. 1026,2023-03-29,Gun Violence Prevention Research Act of 2023
4fa06009-8f67-40f6-a8b3-d2d62712240d,Martin Heinrich,H001046,gun-policy,cosponsor,S. 1116,2023-03-30,Background Check Completion Act of 2023
4fa06009-8f67-40f6-a8b3-d2d62712240d,Martin Heinrich,H001046,border-security,cosponsor,S. 3591,2024-01-24,Stop Fentanyl at the Border Act
4fa06009-8f67-40f6-a8b3-d2d62712240d,Martin Heinrich,H001046,gun-policy,cosponsor,S. 252,2023-02-14,Protecting Kids from Gun Marketing Act
4fa06009-8f67-40f6-a8b3-d2d62712240d,Martin Heinrich,H001046,israel-military-aid,cosponsor,SRES. 417,2023-10-19,A resolution standing with Israel against terrorism.
4fa06009-8f67-40f6-a8b3-d2d62712240d,Martin Heinrich,H001046,gun-policy,cosponsor,S. 2652,2023-07-27,Ghost Guns and Untraceable Firearms Act of 2023
4fa06009-8f67-40f6-a8b3-d2d62712240d,Martin Heinrich,H001046,border-security,cosponsor,S. 2646,2023-07-27,HEAL for Immigrant Families Act of 2023
4fa06009-8f67-40f6-a8b3-d2d62712240d,Martin Heinrich,H001046,gun-policy,cosponsor,SRES. 231,2023-06-01,"A resolution expressing support for the designation of June 2, 2023, as ""National Gun Violence Awareness Day"" and June 2023 as ""National Gun Violence Awareness Month""."
4fa06009-8f67-40f6-a8b3-d2d62712240d,Martin Heinrich,H001046,gun-policy,cosponsor,S. 494,2023-02-16,Background Check Expansion Act
dc92c805-4734-4d4b-8ceb-597e59b0e268,Mazie Hirono,H001042,defense-spending,sponsor,S. 5189,2026-07-30,"A bill to amend title 10, United States Code, and the National Defense Authorization Act for Fiscal Year 1994, to codify and clarify gender neutral standards for members of certain Armed Forces, and for other purposes."
dc92c805-4734-4d4b-8ceb-597e59b0e268,Mazie Hirono,H001042,border-security,cosponsor,SRES. 796,2026-06-24,"A resolution recognizing the upcoming 250th anniversary of the United States of America and reaffirming the commitment of the Senate to the Nation's founding ideals of liberty, equality, and opportunity for all immigrant communities in the United States."
dc92c805-4734-4d4b-8ceb-597e59b0e268,Mazie Hirono,H001042,gun-policy,cosponsor,S. 4926,2026-06-24,State Firearms Dealer Licensing Enhancement Act
dc92c805-4734-4d4b-8ceb-597e59b0e268,Mazie Hirono,H001042,gun-policy,cosponsor,S. 4776,2026-06-11,Gun Records Restoration and Preservation Act
dc92c805-4734-4d4b-8ceb-597e59b0e268,Mazie Hirono,H001042,gun-policy,cosponsor,SRES. 756,2026-06-08,"A resolution expressing support for the designation of June 5, 2026, as ""National Gun Violence Awareness Day"" and June 2026 as ""National Gun Violence Awareness Month""."
dc92c805-4734-4d4b-8ceb-597e59b0e268,Mazie Hirono,H001042,gun-policy,cosponsor,SCONRES. 34,2026-06-01,"A concurrent resolution recognizing the importance of saving lives, reducing gun violence, and strengthening public safety as the United States celebrates its 250th anniversary."
dc92c805-4734-4d4b-8ceb-597e59b0e268,Mazie Hirono,H001042,gun-policy,cosponsor,S. 4454,2026-04-30,Firearm Safety Act of 2026
dc92c805-4734-4d4b-8ceb-597e59b0e268,Mazie Hirono,H001042,military-intervention,cosponsor,SJRES. 104,2026-03-02,A joint resolution to direct the removal of United States Armed Forces from hostilities within or against the Islamic Republic of Iran that have not been authorized by Congress.
dc92c805-4734-4d4b-8ceb-597e59b0e268,Mazie Hirono,H001042,gun-policy,cosponsor,S. 3875,2026-02-12,Responsible Firearms Marketing Act
dc92c805-4734-4d4b-8ceb-597e59b0e268,Mazie Hirono,H001042,gun-policy,cosponsor,SCONRES. 25,2026-01-08,"A concurrent resolution recognizing the 15th anniversary of the January 8, 2011, Tucson, Arizona, shooting and honoring the survivors and victims, including former Congresswoman Gabby Giffords, a gun violence survivor and one of the most influential voices of courage in the United States in the fight to end gun violence."
dc92c805-4734-4d4b-8ceb-597e59b0e268,Mazie Hirono,H001042,military-intervention,cosponsor,SJRES. 98,2026-01-06,A joint resolution to direct the removal of United States Armed Forces from hostilities within or against Venezuela that have not been authorized by Congress.
dc92c805-4734-4d4b-8ceb-597e59b0e268,Mazie Hirono,H001042,2020-election,cosponsor,SRES. 574,2026-01-06,"A resolution observing the fifth anniversary of the attack on the United States Capitol on January 6, 2021, and recognizing the essential work of United States Capitol personnel, including the United States Capitol Police."
dc92c805-4734-4d4b-8ceb-597e59b0e268,Mazie Hirono,H001042,2020-election,cosponsor,S. 3582,2026-01-06,No Rewards for January 6 Rioters Act
dc92c805-4734-4d4b-8ceb-597e59b0e268,Mazie Hirono,H001042,2020-election,cosponsor,S. 3581,2026-01-06,No Settlements for January 6 Law Enforcement Assaulters Act
dc92c805-4734-4d4b-8ceb-597e59b0e268,Mazie Hirono,H001042,gun-policy,cosponsor,S. 3544,2025-12-17,Federal Firearm Licensing Act
dc92c805-4734-4d4b-8ceb-597e59b0e268,Mazie Hirono,H001042,gun-policy,cosponsor,S. 3458,2025-12-11,Background Check Completion Act of 2025
dc92c805-4734-4d4b-8ceb-597e59b0e268,Mazie Hirono,H001042,gun-policy,cosponsor,S. 3214,2025-11-19,Background Check Expansion Act
dc92c805-4734-4d4b-8ceb-597e59b0e268,Mazie Hirono,H001042,military-intervention,cosponsor,SJRES. 90,2025-11-06,A joint resolution to direct the removal of United States Armed Forces from hostilities within or against Venezuela that have not been authorized by Congress.
dc92c805-4734-4d4b-8ceb-597e59b0e268,Mazie Hirono,H001042,israel-military-aid,cosponsor,SRES. 410,2025-09-18,"A resolution calling on the President to recognize a demilitarized State of Palestine, as consistent with international law and the principles of a two-state solution, alongside a secure State of Israel."
dc92c805-4734-4d4b-8ceb-597e59b0e268,Mazie Hirono,H001042,gun-policy,cosponsor,S. 2514,2025-07-29,Gun Violence Prevention Research Act of 2025
dc92c805-4734-4d4b-8ceb-597e59b0e268,Mazie Hirono,H001042,gun-policy,cosponsor,S. 2165,2025-06-25,3D Printed Gun Safety Act of 2025
dc92c805-4734-4d4b-8ceb-597e59b0e268,Mazie Hirono,H001042,gun-policy,cosponsor,S. 2154,2025-06-24,Protecting Kids from Gun Marketing Act
dc92c805-4734-4d4b-8ceb-597e59b0e268,Mazie Hirono,H001042,gun-policy,cosponsor,S. 2155,2025-06-24,Keeping Gun Dealers Honest Act of 2025
dc92c805-4734-4d4b-8ceb-597e59b0e268,Mazie Hirono,H001042,gun-policy,cosponsor,S. 2157,2025-06-24,Gun Violence Prevention Through Financial Intelligence Act
dc92c805-4734-4d4b-8ceb-597e59b0e268,Mazie Hirono,H001042,border-security,cosponsor,S. 2149,2025-06-24,Health Equity and Access under the Law for Immigrant Families Act of 2025
dc92c805-4734-4d4b-8ceb-597e59b0e268,Mazie Hirono,H001042,gun-policy,cosponsor,S. 1955,2025-06-04,Equal Access to Justice for Victims of Gun Violence Act
dc92c805-4734-4d4b-8ceb-597e59b0e268,Mazie Hirono,H001042,gun-policy,cosponsor,SRES. 260,2025-06-02,"A resolution expressing support for the designation of June 6, 2025, as ""National Gun Violence Awareness Day"" and June 2025 as ""National Gun Violence Awareness Month""."
dc92c805-4734-4d4b-8ceb-597e59b0e268,Mazie Hirono,H001042,gun-policy,cosponsor,S. 1531,2025-04-30,Assault Weapons Ban of 2025
dc92c805-4734-4d4b-8ceb-597e59b0e268,Mazie Hirono,H001042,minimum-wage,cosponsor,S. 1332,2025-04-08,Raise the Wage Act of 2025
dc92c805-4734-4d4b-8ceb-597e59b0e268,Mazie Hirono,H001042,gun-policy,cosponsor,S. 1294,2025-04-03,Federal Firearm Licensee Act
dc92c805-4734-4d4b-8ceb-597e59b0e268,Mazie Hirono,H001042,gun-policy,cosponsor,S. 468,2025-02-06,SECURE Firearm Storage Act
dc92c805-4734-4d4b-8ceb-597e59b0e268,Mazie Hirono,H001042,gun-policy,cosponsor,S. 3212,2023-11-02,Federal Firearm Licensing Act
dc92c805-4734-4d4b-8ceb-597e59b0e268,Mazie Hirono,H001042,gun-policy,cosponsor,S. 4706,2024-07-11,Federal Firearm Licensee Act
dc92c805-4734-4d4b-8ceb-597e59b0e268,Mazie Hirono,H001042,gun-policy,cosponsor,SRES. 716,2024-06-03,"A resolution expressing support for the designation of June 7, 2024, as ""National Gun Violence Awareness Day"" and June 2024 as ""National Gun Violence Awareness Month""."
dc92c805-4734-4d4b-8ceb-597e59b0e268,Mazie Hirono,H001042,minimum-wage,cosponsor,S. 2488,2023-07-25,Raise the Wage Act of 2023
dc92c805-4734-4d4b-8ceb-597e59b0e268,Mazie Hirono,H001042,gun-policy,cosponsor,S. 2048,2023-06-20,Equal Access to Justice for Victims of Gun Violence Act
dc92c805-4734-4d4b-8ceb-597e59b0e268,Mazie Hirono,H001042,israel-military-aid,cosponsor,SRES. 505,2023-12-14,A resolution condemning the use of sexual violence and rape as a weapon of war by the terrorist group Hamas against the people of Israel.
dc92c805-4734-4d4b-8ceb-597e59b0e268,Mazie Hirono,H001042,gun-policy,cosponsor,S. 1819,2023-06-06,3D Printed Gun Safety Act of 2023
dc92c805-4734-4d4b-8ceb-597e59b0e268,Mazie Hirono,H001042,border-security,cosponsor,SRES. 243,2023-06-08,"A resolution recognizing the month of June 2023 as ""Immigrant Heritage Month"", a celebration of the accomplishments and contributions of immigrants and their children in making the United States a healthier, safer, more diverse, prosperous country, and acknowledging the importance of immigrants and their children to the future successes of the United States."
dc92c805-4734-4d4b-8ceb-597e59b0e268,Mazie Hirono,H001042,gun-policy,cosponsor,S. 1460,2023-05-04,Firearm Safety Act of 2023
dc92c805-4734-4d4b-8ceb-597e59b0e268,Mazie Hirono,H001042,israel-military-aid,cosponsor,SRES. 188,2023-05-09,"A resolution celebrating the 75th anniversary of the founding of the State of Israel, and for other purposes."
dc92c805-4734-4d4b-8ceb-597e59b0e268,Mazie Hirono,H001042,border-security,cosponsor,S. 1343,2023-04-27,Fair Adjudications for Immigrants Act
dc92c805-4734-4d4b-8ceb-597e59b0e268,Mazie Hirono,H001042,gun-policy,cosponsor,S. 1026,2023-03-29,Gun Violence Prevention Research Act of 2023
dc92c805-4734-4d4b-8ceb-597e59b0e268,Mazie Hirono,H001042,gun-policy,cosponsor,S. 25,2023-01-23,Assault Weapons Ban of 2023
dc92c805-4734-4d4b-8ceb-597e59b0e268,Mazie Hirono,H001042,gun-policy,cosponsor,S. 1116,2023-03-30,Background Check Completion Act of 2023
dc92c805-4734-4d4b-8ceb-597e59b0e268,Mazie Hirono,H001042,gun-policy,cosponsor,S. 867,2023-03-16,State Firearms Dealer Licensing Enhancement Act
dc92c805-4734-4d4b-8ceb-597e59b0e268,Mazie Hirono,H001042,gun-policy,cosponsor,S. 3407,2023-12-05,Gun Violence Prevention and Community Safety Act of 2023
dc92c805-4734-4d4b-8ceb-597e59b0e268,Mazie Hirono,H001042,gun-policy,cosponsor,S. 598,2023-03-01,Gun Records Restoration and Preservation Act
dc92c805-4734-4d4b-8ceb-597e59b0e268,Mazie Hirono,H001042,gun-policy,cosponsor,S. 252,2023-02-02,Protecting Kids from Gun Marketing Act
dc92c805-4734-4d4b-8ceb-597e59b0e268,Mazie Hirono,H001042,israel-military-aid,cosponsor,SRES. 417,2023-10-19,A resolution standing with Israel against terrorism.
dc92c805-4734-4d4b-8ceb-597e59b0e268,Mazie Hirono,H001042,border-security,cosponsor,S. 2711,2023-07-27,Protecting Immigrant Victims of Domestic Violence Act
dc92c805-4734-4d4b-8ceb-597e59b0e268,Mazie Hirono,H001042,gun-policy,cosponsor,S. 2652,2023-07-27,Ghost Guns and Untraceable Firearms Act of 2023
dc92c805-4734-4d4b-8ceb-597e59b0e268,Mazie Hirono,H001042,border-security,cosponsor,S. 2646,2023-07-27,HEAL for Immigrant Families Act of 2023
dc92c805-4734-4d4b-8ceb-597e59b0e268,Mazie Hirono,H001042,gun-policy,cosponsor,S. 2565,2023-07-27,Language Access to Gun Violence Prevention Strategies Act of 2023
dc92c805-4734-4d4b-8ceb-597e59b0e268,Mazie Hirono,H001042,gun-policy,cosponsor,S. 1893,2023-06-08,Resources for Victims of Gun Violence Act of 2023
dc92c805-4734-4d4b-8ceb-597e59b0e268,Mazie Hirono,H001042,gun-policy,cosponsor,S. 1826,2023-06-06,Keeping Gun Dealers Honest Act of 2023
dc92c805-4734-4d4b-8ceb-597e59b0e268,Mazie Hirono,H001042,gun-policy,cosponsor,S. 1825,2023-06-06,Gun Violence Prevention Through Financial Intelligence Act
dc92c805-4734-4d4b-8ceb-597e59b0e268,Mazie Hirono,H001042,gun-policy,cosponsor,SRES. 231,2023-06-01,"A resolution expressing support for the designation of June 2, 2023, as ""National Gun Violence Awareness Day"" and June 2023 as ""National Gun Violence Awareness Month""."
dc92c805-4734-4d4b-8ceb-597e59b0e268,Mazie Hirono,H001042,gun-policy,cosponsor,S. 1737,2023-05-18,Responsible Firearms Marketing Act
dc92c805-4734-4d4b-8ceb-597e59b0e268,Mazie Hirono,H001042,gun-policy,cosponsor,S. 494,2023-02-16,Background Check Expansion Act
535591bf-7151-48ba-81b4-e8d9983def72,Michael Bennet,B001267,defense-spending,cosponsor,S. 5189,2026-08-05,"A bill to amend title 10, United States Code, and the National Defense Authorization Act for Fiscal Year 1994, to codify and clarify gender neutral standards for members of certain Armed Forces, and for other purposes."
535591bf-7151-48ba-81b4-e8d9983def72,Michael Bennet,B001267,cannabis-policy,cosponsor,S. 5022,2026-07-16,Cannabis Administration and Opportunity Act
535591bf-7151-48ba-81b4-e8d9983def72,Michael Bennet,B001267,border-security,cosponsor,SRES. 796,2026-06-24,"A resolution recognizing the upcoming 250th anniversary of the United States of America and reaffirming the commitment of the Senate to the Nation's founding ideals of liberty, equality, and opportunity for all immigrant communities in the United States."
535591bf-7151-48ba-81b4-e8d9983def72,Michael Bennet,B001267,2020-election,cosponsor,SRES. 657,2026-03-23,"A resolution commending Taiwan on the 30th anniversary of its first direct presidential election in 1996, and expressing support for Taiwan in the preservation of its democratic institutions."
535591bf-7151-48ba-81b4-e8d9983def72,Michael Bennet,B001267,gun-policy,cosponsor,SCONRES. 25,2026-01-08,"A concurrent resolution recognizing the 15th anniversary of the January 8, 2011, Tucson, Arizona, shooting and honoring the survivors and victims, including former Congresswoman Gabby Giffords, a gun violence survivor and one of the most influential voices of courage in the United States in the fight to end gun violence."
535591bf-7151-48ba-81b4-e8d9983def72,Michael Bennet,B001267,military-intervention,cosponsor,SJRES. 98,2026-01-06,A joint resolution to direct the removal of United States Armed Forces from hostilities within or against Venezuela that have not been authorized by Congress.
535591bf-7151-48ba-81b4-e8d9983def72,Michael Bennet,B001267,gun-policy,cosponsor,S. 3214,2025-11-19,Background Check Expansion Act
535591bf-7151-48ba-81b4-e8d9983def72,Michael Bennet,B001267,gun-policy,cosponsor,S. 1531,2025-04-30,Assault Weapons Ban of 2025
535591bf-7151-48ba-81b4-e8d9983def72,Michael Bennet,B001267,military-intervention,cosponsor,S. 696,2025-02-25,Protecting Our Guests During Hostilities in Ukraine Act
535591bf-7151-48ba-81b4-e8d9983def72,Michael Bennet,B001267,cannabis-policy,cosponsor,S. 4226,2024-05-01,Cannabis Administration and Opportunity Act
535591bf-7151-48ba-81b4-e8d9983def72,Michael Bennet,B001267,israel-military-aid,cosponsor,SRES. 505,2023-12-14,A resolution condemning the use of sexual violence and rape as a weapon of war by the terrorist group Hamas against the people of Israel.
535591bf-7151-48ba-81b4-e8d9983def72,Michael Bennet,B001267,israel-military-aid,cosponsor,SRES. 408,2023-11-08,"A resolution condemning Hamas for its premeditated, coordinated, and brutal terrorist attacks on Israel and demanding that Hamas immediately release all hostages and return them to safety, and for other purposes."
535591bf-7151-48ba-81b4-e8d9983def72,Michael Bennet,B001267,israel-military-aid,cosponsor,SRES. 188,2023-05-18,"A resolution celebrating the 75th anniversary of the founding of the State of Israel, and for other purposes."
535591bf-7151-48ba-81b4-e8d9983def72,Michael Bennet,B001267,border-security,cosponsor,S. 1600,2023-05-15,"Border Management, Security, and Assistance Act of 2023"
535591bf-7151-48ba-81b4-e8d9983def72,Michael Bennet,B001267,gun-policy,cosponsor,S. 25,2023-01-23,Assault Weapons Ban of 2023
535591bf-7151-48ba-81b4-e8d9983def72,Michael Bennet,B001267,israel-military-aid,cosponsor,SRES. 445,2023-11-27,A resolution recognizing the importance of the economic relationship between the United States and Israel and affirming that trade facilitated by the United States-Israel Free Trade Agreement is a tool to support the economy of Israel during the conflict with Hamas.
535591bf-7151-48ba-81b4-e8d9983def72,Michael Bennet,B001267,israel-military-aid,cosponsor,SRES. 417,2023-10-19,A resolution standing with Israel against terrorism.
535591bf-7151-48ba-81b4-e8d9983def72,Michael Bennet,B001267,border-security,cosponsor,SRES. 243,2023-06-14,"A resolution recognizing the month of June 2023 as ""Immigrant Heritage Month"", a celebration of the accomplishments and contributions of immigrants and their children in making the United States a healthier, safer, more diverse, prosperous country, and acknowledging the importance of immigrants and their children to the future successes of the United States."
535591bf-7151-48ba-81b4-e8d9983def72,Michael Bennet,B001267,gun-policy,cosponsor,S. 494,2023-02-16,Background Check Expansion Act
2971d4f9-1433-4dcd-aaa7-193241ef3c95,Mike Crapo,C000880,gun-policy,cosponsor,SRES. 826,2026-08-06,"A resolution honoring the contributions of small manufacturers of firearms to the economy, culture, and recreational heritage of the United States and recognizing the month of August 2026 as ""National Shooting Sports Month""."
2971d4f9-1433-4dcd-aaa7-193241ef3c95,Mike Crapo,C000880,gun-policy,cosponsor,S. 4671,2026-06-03,Federal Firearms Licensee Protection Act of 2026
2971d4f9-1433-4dcd-aaa7-193241ef3c95,Mike Crapo,C000880,gun-policy,cosponsor,S. 3916,2026-02-25,Gun Owner Registration Information Protection Act
2971d4f9-1433-4dcd-aaa7-193241ef3c95,Mike Crapo,C000880,gun-policy,cosponsor,S. 3085,2025-10-30,Firearm Access During Shutdowns Act of 2025
2971d4f9-1433-4dcd-aaa7-193241ef3c95,Mike Crapo,C000880,israel-military-aid,cosponsor,SRES. 438,2025-10-07,"A resolution condemning the brutal Hamas-led terrorist attack on the State of Israel on October 7, 2023, and supporting an outcome that ensures the forever survival of Israel, the complete denial of Hamas's ability to reconstitute in the region, and the release of all the remaining hostages from the Gaza Strip, including two United States citizens."
2971d4f9-1433-4dcd-aaa7-193241ef3c95,Mike Crapo,C000880,gun-policy,cosponsor,SRES. 342,2025-07-29,"A resolution honoring the contributions of small manufacturers of firearms to the economy, culture, and recreational heritage of the United States and recognizing August 2025 as ""National Shooting Sports Month""."
2971d4f9-1433-4dcd-aaa7-193241ef3c95,Mike Crapo,C000880,israel-military-aid,cosponsor,S. 554,2025-07-28,United States-Israel Defense Partnership Act of 2025
2971d4f9-1433-4dcd-aaa7-193241ef3c95,Mike Crapo,C000880,israel-military-aid,cosponsor,SRES. 307,2025-06-26,A resolution expressing the sense of the Senate in support of the recent United States and Israeli military strikes on Iran.
2971d4f9-1433-4dcd-aaa7-193241ef3c95,Mike Crapo,C000880,israel-military-aid,cosponsor,S. 1521,2025-04-30,Stand with Israel Act
2971d4f9-1433-4dcd-aaa7-193241ef3c95,Mike Crapo,C000880,gun-policy,cosponsor,S. 1169,2025-03-27,Freedom from Unfair Gun Taxes Act
2971d4f9-1433-4dcd-aaa7-193241ef3c95,Mike Crapo,C000880,gun-policy,cosponsor,S. 966,2025-03-24,Traveler's Gun Rights Act
2971d4f9-1433-4dcd-aaa7-193241ef3c95,Mike Crapo,C000880,border-security,cosponsor,S. 771,2025-02-27,End FEMA Benefits for Illegal Immigrants Act
2971d4f9-1433-4dcd-aaa7-193241ef3c95,Mike Crapo,C000880,border-security,cosponsor,S. 112,2025-01-16,Make the Migrant Protection Protocols Mandatory Act of 2025
2971d4f9-1433-4dcd-aaa7-193241ef3c95,Mike Crapo,C000880,gun-policy,cosponsor,S. 119,2025-01-16,No Retaining Every Gun In a System That Restricts Your Rights Act
2971d4f9-1433-4dcd-aaa7-193241ef3c95,Mike Crapo,C000880,gun-policy,cosponsor,S. 89,2025-01-14,Sporting Firearms Access Act of 2025
2971d4f9-1433-4dcd-aaa7-193241ef3c95,Mike Crapo,C000880,gun-policy,cosponsor,S. 65,2025-01-09,Constitutional Concealed Carry Reciprocity Act of 2025
2971d4f9-1433-4dcd-aaa7-193241ef3c95,Mike Crapo,C000880,israel-military-aid,cosponsor,S. 5303,2024-11-13,Stand with Israel Act
2971d4f9-1433-4dcd-aaa7-193241ef3c95,Mike Crapo,C000880,gun-policy,cosponsor,S. 5224,2024-09-25,Modern Firearm Safety Act
2971d4f9-1433-4dcd-aaa7-193241ef3c95,Mike Crapo,C000880,israel-military-aid,cosponsor,SRES. 890,2024-09-25,"A resolution condemning the brutal Hamas-led terrorist attack on Israel on October 7, 2023, and supporting an outcome that ensures the forever survival of Israel, the complete denial of the ability of Hamas to reconstitute in the region, and the safe release of United States hostages from the Gaza Strip."
2971d4f9-1433-4dcd-aaa7-193241ef3c95,Mike Crapo,C000880,gun-policy,cosponsor,S. 4960,2024-08-01,Freedom from Unfair Gun Taxes Act
2971d4f9-1433-4dcd-aaa7-193241ef3c95,Mike Crapo,C000880,israel-military-aid,cosponsor,S. 4770,2024-07-25,Countering Hate Against Israel by Federal Contractors Act
2971d4f9-1433-4dcd-aaa7-193241ef3c95,Mike Crapo,C000880,israel-military-aid,cosponsor,SRES. 445,2023-11-02,A resolution recognizing the importance of the economic relationship between the United States and Israel and affirming that trade facilitated by the United States-Israel Free Trade Agreement is a tool to support the economy of Israel during the conflict with Hamas.
2971d4f9-1433-4dcd-aaa7-193241ef3c95,Mike Crapo,C000880,gun-policy,cosponsor,S. 4652,2024-07-10,Firearms Interstate Commerce Reform Act
2971d4f9-1433-4dcd-aaa7-193241ef3c95,Mike Crapo,C000880,gun-policy,cosponsor,SJRES. 93,2024-06-05,"A joint resolution providing for congressional disapproval under chapter 8 of title 5, United States Code, of the rule submitted by the Department of Commerce relating to ""Revision of Firearms License Requirements""."
2971d4f9-1433-4dcd-aaa7-193241ef3c95,Mike Crapo,C000880,border-security,cosponsor,SRES. 705,2024-05-23,"A resolution recognizing May 28, 2024, as the 100th anniversary of the U.S. Border Patrol and commending the service of the U.S. Border Patrol to the United States people."
2971d4f9-1433-4dcd-aaa7-193241ef3c95,Mike Crapo,C000880,gun-policy,cosponsor,SJRES. 83,2024-05-15,"A joint resolution providing for congressional disapproval under chapter 8 of title 5, United States Code, of the rule submitted by the Bureau of Alcohol, Tobacco, Firearms, and Explosives relating to ""Definition of 'Engaged in the Business' as a Dealer in Firearms""."
2971d4f9-1433-4dcd-aaa7-193241ef3c95,Mike Crapo,C000880,israel-military-aid,cosponsor,S. 4337,2024-05-15,Israel Security Assistance Support Act
2971d4f9-1433-4dcd-aaa7-193241ef3c95,Mike Crapo,C000880,israel-military-aid,cosponsor,SRES. 680,2024-05-09,"A resolution condemning the violent, anti-American and anti-Israel protests that are occurring on campuses of institutions of higher education nationwide."
2971d4f9-1433-4dcd-aaa7-193241ef3c95,Mike Crapo,C000880,israel-military-aid,cosponsor,SRES. 682,2024-05-09,A resolution condemning the decision by the Biden Administration to halt the shipment of United States made ammunition and weapons to the State of Israel.
2971d4f9-1433-4dcd-aaa7-193241ef3c95,Mike Crapo,C000880,israel-military-aid,cosponsor,SRES. 617,2024-03-22,A resolution expressing the sense of the Senate that Israel has the inherent right to defend itself and take necessary steps to eradicate the terrorist threat posed by Hamas.
2971d4f9-1433-4dcd-aaa7-193241ef3c95,Mike Crapo,C000880,border-security,cosponsor,S. 2562,2023-07-27,A bill to require ports of entry along the northern border to remain open as many hours per day as they were open prior to the COVID-19 pandemic.
2971d4f9-1433-4dcd-aaa7-193241ef3c95,Mike Crapo,C000880,border-security,cosponsor,S. 348,2023-02-09,Asylum Abuse Reduction Act
2971d4f9-1433-4dcd-aaa7-193241ef3c95,Mike Crapo,C000880,israel-military-aid,cosponsor,SCONRES. 14,2023-07-18,A concurrent resolution expressing the sense of Congress supporting the State of Israel.
2971d4f9-1433-4dcd-aaa7-193241ef3c95,Mike Crapo,C000880,border-security,cosponsor,SJRES. 25,2023-04-25,"A joint resolution providing for congressional disapproval under chapter 8 of title 5, United States Code, of the rule submitted by the Department of Labor relating to ""Adverse Effect Wage Rate Methodology for the Temporary Employment of H-2A Nonimmigrants in Non-Range Occupations in the United States""."
2971d4f9-1433-4dcd-aaa7-193241ef3c95,Mike Crapo,C000880,gun-policy,cosponsor,S. 3812,2024-02-27,FIREARM Act
2971d4f9-1433-4dcd-aaa7-193241ef3c95,Mike Crapo,C000880,border-security,cosponsor,S. 3708,2024-01-31,A bill to reprogram Federal funds appropriated for UNRWA to construct the southwest border wall and to prohibit future funding for UNRWA.
2971d4f9-1433-4dcd-aaa7-193241ef3c95,Mike Crapo,C000880,border-security,cosponsor,SRES. 45,2023-02-09,A resolution expressing the sense of the Senate that the current influx of migrants is causing a crisis at the southern border.
2971d4f9-1433-4dcd-aaa7-193241ef3c95,Mike Crapo,C000880,border-security,cosponsor,S. 1192,2023-04-19,Stop Fentanyl Border Crossings Act
2971d4f9-1433-4dcd-aaa7-193241ef3c95,Mike Crapo,C000880,israel-military-aid,cosponsor,SRES. 188,2023-05-04,"A resolution celebrating the 75th anniversary of the founding of the State of Israel, and for other purposes."
2971d4f9-1433-4dcd-aaa7-193241ef3c95,Mike Crapo,C000880,gun-policy,cosponsor,S. 741,2023-03-09,Traveler's Gun Rights Act
2971d4f9-1433-4dcd-aaa7-193241ef3c95,Mike Crapo,C000880,gun-policy,cosponsor,SJRES. 20,2023-03-15,"A joint resolution providing for congressional disapproval under chapter 8 of title 5, United States Code, of the rule submitted by the Department of Justice and the Bureau of Alcohol, Tobacco, Firearms and Explosives relating to ""Factoring Criteria for Firearms With Attached 'Stabilizing Braces'""."
2971d4f9-1433-4dcd-aaa7-193241ef3c95,Mike Crapo,C000880,israel-military-aid,cosponsor,SRES. 417,2023-10-19,A resolution standing with Israel against terrorism.
2971d4f9-1433-4dcd-aaa7-193241ef3c95,Mike Crapo,C000880,gun-policy,cosponsor,S. 1907,2023-06-08,Federal Firearms Licensee Protection Act of 2023
2971d4f9-1433-4dcd-aaa7-193241ef3c95,Mike Crapo,C000880,border-security,cosponsor,S. 716,2023-03-08,Solving the Border Crisis Act
2971d4f9-1433-4dcd-aaa7-193241ef3c95,Mike Crapo,C000880,gun-policy,cosponsor,S. 214,2023-02-01,Constitutional Concealed Carry Reciprocity Act of 2023
4f62ca82-fda1-4386-9a4a-62dd84318f83,Mike Lee,L000577,border-security,sponsor,S. 5371,2026-08-07,Stopping Border Surges Act
4f62ca82-fda1-4386-9a4a-62dd84318f83,Mike Lee,L000577,border-security,sponsor,S. 2967,2025-10-02,Border Lands Conservation Act
4f62ca82-fda1-4386-9a4a-62dd84318f83,Mike Lee,L000577,gun-policy,sponsor,S. 3531,2023-12-14,Protect American Gun Exporters Act
4f62ca82-fda1-4386-9a4a-62dd84318f83,Mike Lee,L000577,border-security,sponsor,S. 685,2023-03-07,Stopping Border Surges Act
4f62ca82-fda1-4386-9a4a-62dd84318f83,Mike Lee,L000577,israel-military-aid,cosponsor,SRES. 438,2025-10-07,"A resolution condemning the brutal Hamas-led terrorist attack on the State of Israel on October 7, 2023, and supporting an outcome that ensures the forever survival of Israel, the complete denial of Hamas's ability to reconstitute in the region, and the release of all the remaining hostages from the Gaza Strip, including two United States citizens."
4f62ca82-fda1-4386-9a4a-62dd84318f83,Mike Lee,L000577,gun-policy,cosponsor,SRES. 342,2025-07-29,"A resolution honoring the contributions of small manufacturers of firearms to the economy, culture, and recreational heritage of the United States and recognizing August 2025 as ""National Shooting Sports Month""."
4f62ca82-fda1-4386-9a4a-62dd84318f83,Mike Lee,L000577,israel-military-aid,cosponsor,S. 1521,2025-04-30,Stand with Israel Act
4f62ca82-fda1-4386-9a4a-62dd84318f83,Mike Lee,L000577,gun-policy,cosponsor,S. 65,2025-01-09,Constitutional Concealed Carry Reciprocity Act of 2025
4f62ca82-fda1-4386-9a4a-62dd84318f83,Mike Lee,L000577,israel-military-aid,cosponsor,S. 5303,2024-11-13,Stand with Israel Act
4f62ca82-fda1-4386-9a4a-62dd84318f83,Mike Lee,L000577,israel-military-aid,cosponsor,SRES. 890,2024-09-25,"A resolution condemning the brutal Hamas-led terrorist attack on Israel on October 7, 2023, and supporting an outcome that ensures the forever survival of Israel, the complete denial of the ability of Hamas to reconstitute in the region, and the safe release of United States hostages from the Gaza Strip."
4f62ca82-fda1-4386-9a4a-62dd84318f83,Mike Lee,L000577,gun-policy,cosponsor,S. 3812,2024-09-09,FIREARM Act
4f62ca82-fda1-4386-9a4a-62dd84318f83,Mike Lee,L000577,gun-policy,cosponsor,SJRES. 93,2024-06-05,"A joint resolution providing for congressional disapproval under chapter 8 of title 5, United States Code, of the rule submitted by the Department of Commerce relating to ""Revision of Firearms License Requirements""."
4f62ca82-fda1-4386-9a4a-62dd84318f83,Mike Lee,L000577,gun-policy,cosponsor,SJRES. 83,2024-05-15,"A joint resolution providing for congressional disapproval under chapter 8 of title 5, United States Code, of the rule submitted by the Bureau of Alcohol, Tobacco, Firearms, and Explosives relating to ""Definition of 'Engaged in the Business' as a Dealer in Firearms""."
4f62ca82-fda1-4386-9a4a-62dd84318f83,Mike Lee,L000577,israel-military-aid,cosponsor,SRES. 680,2024-05-09,"A resolution condemning the violent, anti-American and anti-Israel protests that are occurring on campuses of institutions of higher education nationwide."
4f62ca82-fda1-4386-9a4a-62dd84318f83,Mike Lee,L000577,israel-military-aid,cosponsor,SRES. 682,2024-05-09,A resolution condemning the decision by the Biden Administration to halt the shipment of United States made ammunition and weapons to the State of Israel.
4f62ca82-fda1-4386-9a4a-62dd84318f83,Mike Lee,L000577,military-intervention,cosponsor,SJRES. 51,2023-11-29,A joint resolution directing the removal of United States Armed Forces from hostilities in Syria that have not been authorized by Congress.
4f62ca82-fda1-4386-9a4a-62dd84318f83,Mike Lee,L000577,border-security,cosponsor,S. 3187,2023-11-01,Southern Border Transparency Act of 2023
4f62ca82-fda1-4386-9a4a-62dd84318f83,Mike Lee,L000577,israel-military-aid,cosponsor,S. 3168,2023-10-30,Israel Supplemental Appropriations Act of 2023
4f62ca82-fda1-4386-9a4a-62dd84318f83,Mike Lee,L000577,israel-military-aid,cosponsor,S. 3135,2023-10-25,Israel Supplemental Appropriations Act of 2023
4f62ca82-fda1-4386-9a4a-62dd84318f83,Mike Lee,L000577,military-intervention,cosponsor,SJRES. 44,2023-09-27,A joint resolution directing the removal of United States Armed Forces from hostilities in the Republic of Niger that have not been authorized by Congress.
4f62ca82-fda1-4386-9a4a-62dd84318f83,Mike Lee,L000577,border-security,cosponsor,S. 2824,2023-09-14,Secure the Border Act of 2023
4f62ca82-fda1-4386-9a4a-62dd84318f83,Mike Lee,L000577,border-security,cosponsor,S. 1192,2023-04-19,Stop Fentanyl Border Crossings Act
4f62ca82-fda1-4386-9a4a-62dd84318f83,Mike Lee,L000577,gun-policy,cosponsor,SJRES. 20,2023-03-15,"A joint resolution providing for congressional disapproval under chapter 8 of title 5, United States Code, of the rule submitted by the Department of Justice and the Bureau of Alcohol, Tobacco, Firearms and Explosives relating to ""Factoring Criteria for Firearms With Attached 'Stabilizing Braces'""."
4f62ca82-fda1-4386-9a4a-62dd84318f83,Mike Lee,L000577,border-security,cosponsor,S. 696,2023-03-08,Border Safety and Security Act of 2023
4f62ca82-fda1-4386-9a4a-62dd84318f83,Mike Lee,L000577,israel-military-aid,cosponsor,SRES. 417,2023-10-19,A resolution standing with Israel against terrorism.
4f62ca82-fda1-4386-9a4a-62dd84318f83,Mike Lee,L000577,border-security,cosponsor,SJRES. 25,2023-06-21,"A joint resolution providing for congressional disapproval under chapter 8 of title 5, United States Code, of the rule submitted by the Department of Labor relating to ""Adverse Effect Wage Rate Methodology for the Temporary Employment of H-2A Nonimmigrants in Non-Range Occupations in the United States""."
4f62ca82-fda1-4386-9a4a-62dd84318f83,Mike Lee,L000577,border-security,cosponsor,SRES. 45,2023-05-15,A resolution expressing the sense of the Senate that the current influx of migrants is causing a crisis at the southern border.
4f62ca82-fda1-4386-9a4a-62dd84318f83,Mike Lee,L000577,gun-policy,cosponsor,S. 214,2023-02-01,Constitutional Concealed Carry Reciprocity Act of 2023
624e51ff-2f0f-45d0-bd57-1dfa8ad47013,Mike Rounds,R000605,gun-policy,sponsor,S. 966,2025-03-11,Traveler's Gun Rights Act
624e51ff-2f0f-45d0-bd57-1dfa8ad47013,Mike Rounds,R000605,gun-policy,sponsor,S. 741,2023-03-09,Traveler's Gun Rights Act
624e51ff-2f0f-45d0-bd57-1dfa8ad47013,Mike Rounds,R000605,israel-military-aid,cosponsor,S. 3855,2026-06-16,"United States-Israel Framework for Upgraded Technologies, Unified Research, and Enhanced Security (FUTURES) Act of 2026"
624e51ff-2f0f-45d0-bd57-1dfa8ad47013,Mike Rounds,R000605,israel-military-aid,cosponsor,SRES. 438,2025-10-07,"A resolution condemning the brutal Hamas-led terrorist attack on the State of Israel on October 7, 2023, and supporting an outcome that ensures the forever survival of Israel, the complete denial of Hamas's ability to reconstitute in the region, and the release of all the remaining hostages from the Gaza Strip, including two United States citizens."
624e51ff-2f0f-45d0-bd57-1dfa8ad47013,Mike Rounds,R000605,israel-military-aid,cosponsor,S. 1521,2025-10-07,Stand with Israel Act
624e51ff-2f0f-45d0-bd57-1dfa8ad47013,Mike Rounds,R000605,israel-military-aid,cosponsor,S. 554,2025-09-15,United States-Israel Defense Partnership Act of 2025
624e51ff-2f0f-45d0-bd57-1dfa8ad47013,Mike Rounds,R000605,gun-policy,cosponsor,SRES. 342,2025-07-29,"A resolution honoring the contributions of small manufacturers of firearms to the economy, culture, and recreational heritage of the United States and recognizing August 2025 as ""National Shooting Sports Month""."
624e51ff-2f0f-45d0-bd57-1dfa8ad47013,Mike Rounds,R000605,border-security,cosponsor,S. 481,2025-02-06,Securing our Border Act
624e51ff-2f0f-45d0-bd57-1dfa8ad47013,Mike Rounds,R000605,border-security,cosponsor,S. 112,2025-01-16,Make the Migrant Protection Protocols Mandatory Act of 2025
624e51ff-2f0f-45d0-bd57-1dfa8ad47013,Mike Rounds,R000605,gun-policy,cosponsor,S. 65,2025-01-09,Constitutional Concealed Carry Reciprocity Act of 2025
624e51ff-2f0f-45d0-bd57-1dfa8ad47013,Mike Rounds,R000605,israel-military-aid,cosponsor,S. 5303,2024-11-20,Stand with Israel Act
624e51ff-2f0f-45d0-bd57-1dfa8ad47013,Mike Rounds,R000605,israel-military-aid,cosponsor,SRES. 890,2024-09-25,"A resolution condemning the brutal Hamas-led terrorist attack on Israel on October 7, 2023, and supporting an outcome that ensures the forever survival of Israel, the complete denial of the ability of Hamas to reconstitute in the region, and the safe release of United States hostages from the Gaza Strip."
624e51ff-2f0f-45d0-bd57-1dfa8ad47013,Mike Rounds,R000605,border-security,cosponsor,S. 4818,2024-07-25,Safeguarding Americans From Extremist Risk (SAFER) at the Border Act
624e51ff-2f0f-45d0-bd57-1dfa8ad47013,Mike Rounds,R000605,gun-policy,cosponsor,S. 3812,2024-04-15,FIREARM Act
624e51ff-2f0f-45d0-bd57-1dfa8ad47013,Mike Rounds,R000605,gun-policy,cosponsor,SJRES. 93,2024-06-05,"A joint resolution providing for congressional disapproval under chapter 8 of title 5, United States Code, of the rule submitted by the Department of Commerce relating to ""Revision of Firearms License Requirements""."
624e51ff-2f0f-45d0-bd57-1dfa8ad47013,Mike Rounds,R000605,gun-policy,cosponsor,SJRES. 83,2024-05-15,"A joint resolution providing for congressional disapproval under chapter 8 of title 5, United States Code, of the rule submitted by the Bureau of Alcohol, Tobacco, Firearms, and Explosives relating to ""Definition of 'Engaged in the Business' as a Dealer in Firearms""."
624e51ff-2f0f-45d0-bd57-1dfa8ad47013,Mike Rounds,R000605,israel-military-aid,cosponsor,SRES. 682,2024-05-09,A resolution condemning the decision by the Biden Administration to halt the shipment of United States made ammunition and weapons to the State of Israel.
624e51ff-2f0f-45d0-bd57-1dfa8ad47013,Mike Rounds,R000605,gun-policy,cosponsor,S. 909,2023-03-22,Tribal Firearm Access Act
624e51ff-2f0f-45d0-bd57-1dfa8ad47013,Mike Rounds,R000605,border-security,cosponsor,S. 348,2023-02-09,Asylum Abuse Reduction Act
624e51ff-2f0f-45d0-bd57-1dfa8ad47013,Mike Rounds,R000605,border-security,cosponsor,S. 2824,2023-09-21,Secure the Border Act of 2023
624e51ff-2f0f-45d0-bd57-1dfa8ad47013,Mike Rounds,R000605,gun-policy,cosponsor,S. 1680,2023-05-18,Gun Owner Registration Information Protection Act
624e51ff-2f0f-45d0-bd57-1dfa8ad47013,Mike Rounds,R000605,border-security,cosponsor,SJRES. 25,2023-04-27,"A joint resolution providing for congressional disapproval under chapter 8 of title 5, United States Code, of the rule submitted by the Department of Labor relating to ""Adverse Effect Wage Rate Methodology for the Temporary Employment of H-2A Nonimmigrants in Non-Range Occupations in the United States""."
624e51ff-2f0f-45d0-bd57-1dfa8ad47013,Mike Rounds,R000605,border-security,cosponsor,SRES. 45,2023-02-09,A resolution expressing the sense of the Senate that the current influx of migrants is causing a crisis at the southern border.
624e51ff-2f0f-45d0-bd57-1dfa8ad47013,Mike Rounds,R000605,border-security,cosponsor,S. 1312,2023-04-26,Securing our Border Act
624e51ff-2f0f-45d0-bd57-1dfa8ad47013,Mike Rounds,R000605,gun-policy,cosponsor,SJRES. 20,2023-03-15,"A joint resolution providing for congressional disapproval under chapter 8 of title 5, United States Code, of the rule submitted by the Department of Justice and the Bureau of Alcohol, Tobacco, Firearms and Explosives relating to ""Factoring Criteria for Firearms With Attached 'Stabilizing Braces'""."
624e51ff-2f0f-45d0-bd57-1dfa8ad47013,Mike Rounds,R000605,israel-military-aid,cosponsor,SRES. 417,2023-10-19,A resolution standing with Israel against terrorism.
624e51ff-2f0f-45d0-bd57-1dfa8ad47013,Mike Rounds,R000605,border-security,cosponsor,S. 519,2023-02-16,A bill to prohibit individuals charged with or convicted of human trafficking or drug trafficking offenses committed near the border of the United States from receiving Federal benefits.
624e51ff-2f0f-45d0-bd57-1dfa8ad47013,Mike Rounds,R000605,gun-policy,cosponsor,S. 214,2023-02-01,Constitutional Concealed Carry Reciprocity Act of 2023
f8d6555b-faea-4746-b8d8-27c41e08f4c4,Mitch McConnell,M000355,defense-spending,sponsor,S. 2572,2025-07-31,"Department of Defense Appropriations Act, 2026"
f8d6555b-faea-4746-b8d8-27c41e08f4c4,Mitch McConnell,M000355,israel-military-aid,cosponsor,SRES. 438,2025-10-07,"A resolution condemning the brutal Hamas-led terrorist attack on the State of Israel on October 7, 2023, and supporting an outcome that ensures the forever survival of Israel, the complete denial of Hamas's ability to reconstitute in the region, and the release of all the remaining hostages from the Gaza Strip, including two United States citizens."
f8d6555b-faea-4746-b8d8-27c41e08f4c4,Mitch McConnell,M000355,israel-military-aid,cosponsor,SRES. 890,2024-09-25,"A resolution condemning the brutal Hamas-led terrorist attack on Israel on October 7, 2023, and supporting an outcome that ensures the forever survival of Israel, the complete denial of the ability of Hamas to reconstitute in the region, and the safe release of United States hostages from the Gaza Strip."
f8d6555b-faea-4746-b8d8-27c41e08f4c4,Mitch McConnell,M000355,gun-policy,cosponsor,SJRES. 83,2024-05-15,"A joint resolution providing for congressional disapproval under chapter 8 of title 5, United States Code, of the rule submitted by the Bureau of Alcohol, Tobacco, Firearms, and Explosives relating to ""Definition of 'Engaged in the Business' as a Dealer in Firearms""."
f8d6555b-faea-4746-b8d8-27c41e08f4c4,Mitch McConnell,M000355,israel-military-aid,cosponsor,SRES. 682,2024-05-09,A resolution condemning the decision by the Biden Administration to halt the shipment of United States made ammunition and weapons to the State of Israel.
f8d6555b-faea-4746-b8d8-27c41e08f4c4,Mitch McConnell,M000355,border-security,cosponsor,S. 2824,2023-09-14,Secure the Border Act of 2023
f8d6555b-faea-4746-b8d8-27c41e08f4c4,Mitch McConnell,M000355,border-security,cosponsor,SJRES. 25,2023-04-25,"A joint resolution providing for congressional disapproval under chapter 8 of title 5, United States Code, of the rule submitted by the Department of Labor relating to ""Adverse Effect Wage Rate Methodology for the Temporary Employment of H-2A Nonimmigrants in Non-Range Occupations in the United States""."
f8d6555b-faea-4746-b8d8-27c41e08f4c4,Mitch McConnell,M000355,israel-military-aid,cosponsor,SRES. 188,2023-05-02,"A resolution celebrating the 75th anniversary of the founding of the State of Israel, and for other purposes."
f8d6555b-faea-4746-b8d8-27c41e08f4c4,Mitch McConnell,M000355,gun-policy,cosponsor,SJRES. 20,2023-03-15,"A joint resolution providing for congressional disapproval under chapter 8 of title 5, United States Code, of the rule submitted by the Department of Justice and the Bureau of Alcohol, Tobacco, Firearms and Explosives relating to ""Factoring Criteria for Firearms With Attached 'Stabilizing Braces'""."
f8d6555b-faea-4746-b8d8-27c41e08f4c4,Mitch McConnell,M000355,israel-military-aid,cosponsor,SRES. 417,2023-10-19,A resolution standing with Israel against terrorism.
f8d6555b-faea-4746-b8d8-27c41e08f4c4,Mitch McConnell,M000355,gun-policy,cosponsor,S. 214,2023-02-01,Constitutional Concealed Carry Reciprocity Act of 2023
0f06ced9-84c7-4020-98fd-82ac25d49027,Patty Murray,M001111,defense-spending,sponsor,S. 2127,2023-06-22,"Military Construction, Veterans Affairs, and Related Agencies Appropriations Act, 2024"
0f06ced9-84c7-4020-98fd-82ac25d49027,Patty Murray,M001111,defense-spending,cosponsor,S. 5189,2026-07-30,"A bill to amend title 10, United States Code, and the National Defense Authorization Act for Fiscal Year 1994, to codify and clarify gender neutral standards for members of certain Armed Forces, and for other purposes."
0f06ced9-84c7-4020-98fd-82ac25d49027,Patty Murray,M001111,cannabis-policy,cosponsor,S. 5022,2026-07-16,Cannabis Administration and Opportunity Act
0f06ced9-84c7-4020-98fd-82ac25d49027,Patty Murray,M001111,2020-election,cosponsor,S. 3582,2026-05-19,No Rewards for January 6 Rioters Act
0f06ced9-84c7-4020-98fd-82ac25d49027,Patty Murray,M001111,2020-election,cosponsor,S. 3581,2026-05-19,No Settlements for January 6 Law Enforcement Assaulters Act
0f06ced9-84c7-4020-98fd-82ac25d49027,Patty Murray,M001111,military-intervention,cosponsor,SJRES. 104,2026-03-02,A joint resolution to direct the removal of United States Armed Forces from hostilities within or against the Islamic Republic of Iran that have not been authorized by Congress.
0f06ced9-84c7-4020-98fd-82ac25d49027,Patty Murray,M001111,border-security,cosponsor,S. 3702,2026-01-27,Dignity for Detained Immigrants Act
0f06ced9-84c7-4020-98fd-82ac25d49027,Patty Murray,M001111,military-intervention,cosponsor,SJRES. 98,2026-01-08,A joint resolution to direct the removal of United States Armed Forces from hostilities within or against Venezuela that have not been authorized by Congress.
0f06ced9-84c7-4020-98fd-82ac25d49027,Patty Murray,M001111,gun-policy,cosponsor,SCONRES. 25,2026-01-08,"A concurrent resolution recognizing the 15th anniversary of the January 8, 2011, Tucson, Arizona, shooting and honoring the survivors and victims, including former Congresswoman Gabby Giffords, a gun violence survivor and one of the most influential voices of courage in the United States in the fight to end gun violence."
0f06ced9-84c7-4020-98fd-82ac25d49027,Patty Murray,M001111,2020-election,cosponsor,SRES. 574,2026-01-06,"A resolution observing the fifth anniversary of the attack on the United States Capitol on January 6, 2021, and recognizing the essential work of United States Capitol personnel, including the United States Capitol Police."
0f06ced9-84c7-4020-98fd-82ac25d49027,Patty Murray,M001111,gun-policy,cosponsor,S. 3214,2025-11-19,Background Check Expansion Act
0f06ced9-84c7-4020-98fd-82ac25d49027,Patty Murray,M001111,border-security,cosponsor,S. 2149,2025-06-24,Health Equity and Access under the Law for Immigrant Families Act of 2025
0f06ced9-84c7-4020-98fd-82ac25d49027,Patty Murray,M001111,border-security,cosponsor,S. 1965,2025-06-05,Protect Vulnerable Immigrant Youth Act
0f06ced9-84c7-4020-98fd-82ac25d49027,Patty Murray,M001111,gun-policy,cosponsor,S. 1955,2025-06-04,Equal Access to Justice for Victims of Gun Violence Act
0f06ced9-84c7-4020-98fd-82ac25d49027,Patty Murray,M001111,gun-policy,cosponsor,S. 1531,2025-04-30,Assault Weapons Ban of 2025
0f06ced9-84c7-4020-98fd-82ac25d49027,Patty Murray,M001111,minimum-wage,cosponsor,S. 1332,2025-04-08,Raise the Wage Act of 2025
0f06ced9-84c7-4020-98fd-82ac25d49027,Patty Murray,M001111,cannabis-policy,cosponsor,S. 4226,2024-05-01,Cannabis Administration and Opportunity Act
0f06ced9-84c7-4020-98fd-82ac25d49027,Patty Murray,M001111,minimum-wage,cosponsor,S. 2488,2023-07-25,Raise the Wage Act of 2023
0f06ced9-84c7-4020-98fd-82ac25d49027,Patty Murray,M001111,gun-policy,cosponsor,S. 2048,2024-03-14,Equal Access to Justice for Victims of Gun Violence Act
0f06ced9-84c7-4020-98fd-82ac25d49027,Patty Murray,M001111,border-security,cosponsor,S. 1885,2023-07-10,Protect Vulnerable Immigrant Youth Act
0f06ced9-84c7-4020-98fd-82ac25d49027,Patty Murray,M001111,border-security,cosponsor,SRES. 243,2023-06-08,"A resolution recognizing the month of June 2023 as ""Immigrant Heritage Month"", a celebration of the accomplishments and contributions of immigrants and their children in making the United States a healthier, safer, more diverse, prosperous country, and acknowledging the importance of immigrants and their children to the future successes of the United States."
0f06ced9-84c7-4020-98fd-82ac25d49027,Patty Murray,M001111,border-security,cosponsor,S. 1343,2023-04-27,Fair Adjudications for Immigrants Act
0f06ced9-84c7-4020-98fd-82ac25d49027,Patty Murray,M001111,gun-policy,cosponsor,S. 25,2023-01-23,Assault Weapons Ban of 2023
0f06ced9-84c7-4020-98fd-82ac25d49027,Patty Murray,M001111,israel-military-aid,cosponsor,SRES. 417,2023-10-19,A resolution standing with Israel against terrorism.
0f06ced9-84c7-4020-98fd-82ac25d49027,Patty Murray,M001111,border-security,cosponsor,S. 2646,2023-07-27,HEAL for Immigrant Families Act of 2023
0f06ced9-84c7-4020-98fd-82ac25d49027,Patty Murray,M001111,border-security,cosponsor,S. 1208,2023-04-19,Dignity for Detained Immigrants Act of 2023
0f06ced9-84c7-4020-98fd-82ac25d49027,Patty Murray,M001111,gun-policy,cosponsor,S. 494,2023-02-16,Background Check Expansion Act
d01ea902-317a-4a66-b346-8b29a91fcd25,Pete Ricketts,R000618,border-security,sponsor,S. 3112,2023-10-24,Ensure Uniform Border Inspection Practices Act
d01ea902-317a-4a66-b346-8b29a91fcd25,Pete Ricketts,R000618,gun-policy,cosponsor,SRES. 826,2026-08-06,"A resolution honoring the contributions of small manufacturers of firearms to the economy, culture, and recreational heritage of the United States and recognizing the month of August 2026 as ""National Shooting Sports Month""."
d01ea902-317a-4a66-b346-8b29a91fcd25,Pete Ricketts,R000618,gun-policy,cosponsor,SRES. 827,2026-08-06,"A resolution recognizing the 100th anniversary of the creation of the Sporting Arms and Ammunition Manufacturers' Institute, Inc. (SAAMI) and commending its work establishing industry standards that ensure the safe interoperability of firearms and ammunition."
d01ea902-317a-4a66-b346-8b29a91fcd25,Pete Ricketts,R000618,gun-policy,cosponsor,S. 4671,2026-06-03,Federal Firearms Licensee Protection Act of 2026
d01ea902-317a-4a66-b346-8b29a91fcd25,Pete Ricketts,R000618,cannabis-policy,cosponsor,S. 4345,2026-04-20,Marijuana Impact on Medicaid Act of 2026
d01ea902-317a-4a66-b346-8b29a91fcd25,Pete Ricketts,R000618,2020-election,cosponsor,SRES. 657,2026-03-23,"A resolution commending Taiwan on the 30th anniversary of its first direct presidential election in 1996, and expressing support for Taiwan in the preservation of its democratic institutions."
d01ea902-317a-4a66-b346-8b29a91fcd25,Pete Ricketts,R000618,gun-policy,cosponsor,S. 3916,2026-02-25,Gun Owner Registration Information Protection Act
d01ea902-317a-4a66-b346-8b29a91fcd25,Pete Ricketts,R000618,gun-policy,cosponsor,S. 3085,2025-10-30,Firearm Access During Shutdowns Act of 2025
d01ea902-317a-4a66-b346-8b29a91fcd25,Pete Ricketts,R000618,israel-military-aid,cosponsor,SRES. 438,2025-10-07,"A resolution condemning the brutal Hamas-led terrorist attack on the State of Israel on October 7, 2023, and supporting an outcome that ensures the forever survival of Israel, the complete denial of Hamas's ability to reconstitute in the region, and the release of all the remaining hostages from the Gaza Strip, including two United States citizens."
d01ea902-317a-4a66-b346-8b29a91fcd25,Pete Ricketts,R000618,israel-military-aid,cosponsor,SRES. 307,2025-06-26,A resolution expressing the sense of the Senate in support of the recent United States and Israeli military strikes on Iran.
d01ea902-317a-4a66-b346-8b29a91fcd25,Pete Ricketts,R000618,israel-military-aid,cosponsor,S. 1521,2025-04-30,Stand with Israel Act
d01ea902-317a-4a66-b346-8b29a91fcd25,Pete Ricketts,R000618,gun-policy,cosponsor,S. 1169,2025-03-27,Freedom from Unfair Gun Taxes Act
d01ea902-317a-4a66-b346-8b29a91fcd25,Pete Ricketts,R000618,israel-military-aid,cosponsor,S. 554,2025-02-12,United States-Israel Defense Partnership Act of 2025
d01ea902-317a-4a66-b346-8b29a91fcd25,Pete Ricketts,R000618,cannabis-policy,cosponsor,S. 471,2025-02-06,No Deductions for Marijuana Businesses Act
d01ea902-317a-4a66-b346-8b29a91fcd25,Pete Ricketts,R000618,border-security,cosponsor,S. 482,2025-02-06,A bill to include Czechia in the list of foreign states whose nationals are eligible for admission into the United States as E-1 nonimmigrants if United States nationals are treated similarly by the Government of Czechia.
d01ea902-317a-4a66-b346-8b29a91fcd25,Pete Ricketts,R000618,gun-policy,cosponsor,S. 119,2025-01-16,No Retaining Every Gun In a System That Restricts Your Rights Act
d01ea902-317a-4a66-b346-8b29a91fcd25,Pete Ricketts,R000618,gun-policy,cosponsor,S. 89,2025-01-14,Sporting Firearms Access Act of 2025
d01ea902-317a-4a66-b346-8b29a91fcd25,Pete Ricketts,R000618,gun-policy,cosponsor,S. 65,2025-01-09,Constitutional Concealed Carry Reciprocity Act of 2025
d01ea902-317a-4a66-b346-8b29a91fcd25,Pete Ricketts,R000618,israel-military-aid,cosponsor,S. 5303,2024-11-13,Stand with Israel Act
d01ea902-317a-4a66-b346-8b29a91fcd25,Pete Ricketts,R000618,israel-military-aid,cosponsor,SRES. 890,2024-09-25,"A resolution condemning the brutal Hamas-led terrorist attack on Israel on October 7, 2023, and supporting an outcome that ensures the forever survival of Israel, the complete denial of the ability of Hamas to reconstitute in the region, and the safe release of United States hostages from the Gaza Strip."
d01ea902-317a-4a66-b346-8b29a91fcd25,Pete Ricketts,R000618,gun-policy,cosponsor,S. 4960,2024-09-16,Freedom from Unfair Gun Taxes Act
d01ea902-317a-4a66-b346-8b29a91fcd25,Pete Ricketts,R000618,border-security,cosponsor,S. 4888,2024-07-31,A bill to include Czechia in the list of foreign states whose nationals are eligible for admission into the United States as E-1 nonimmigrants if United States nationals are treated similarly by the Government of Czechia.
d01ea902-317a-4a66-b346-8b29a91fcd25,Pete Ricketts,R000618,israel-military-aid,cosponsor,S. 4770,2024-07-25,Countering Hate Against Israel by Federal Contractors Act
d01ea902-317a-4a66-b346-8b29a91fcd25,Pete Ricketts,R000618,israel-military-aid,cosponsor,SRES. 408,2023-11-02,"A resolution condemning Hamas for its premeditated, coordinated, and brutal terrorist attacks on Israel and demanding that Hamas immediately release all hostages and return them to safety, and for other purposes."
d01ea902-317a-4a66-b346-8b29a91fcd25,Pete Ricketts,R000618,israel-military-aid,cosponsor,S. 4537,2024-07-09,Maintaining Our Ironclad Commitment to Israel’s Security Act
d01ea902-317a-4a66-b346-8b29a91fcd25,Pete Ricketts,R000618,gun-policy,cosponsor,SJRES. 93,2024-06-05,"A joint resolution providing for congressional disapproval under chapter 8 of title 5, United States Code, of the rule submitted by the Department of Commerce relating to ""Revision of Firearms License Requirements""."
d01ea902-317a-4a66-b346-8b29a91fcd25,Pete Ricketts,R000618,gun-policy,cosponsor,SJRES. 83,2024-05-15,"A joint resolution providing for congressional disapproval under chapter 8 of title 5, United States Code, of the rule submitted by the Bureau of Alcohol, Tobacco, Firearms, and Explosives relating to ""Definition of 'Engaged in the Business' as a Dealer in Firearms""."
d01ea902-317a-4a66-b346-8b29a91fcd25,Pete Ricketts,R000618,israel-military-aid,cosponsor,S. 4337,2024-05-15,Israel Security Assistance Support Act
d01ea902-317a-4a66-b346-8b29a91fcd25,Pete Ricketts,R000618,israel-military-aid,cosponsor,SRES. 682,2024-05-09,A resolution condemning the decision by the Biden Administration to halt the shipment of United States made ammunition and weapons to the State of Israel.
d01ea902-317a-4a66-b346-8b29a91fcd25,Pete Ricketts,R000618,gun-policy,cosponsor,S. 3531,2024-04-16,Protect American Gun Exporters Act
d01ea902-317a-4a66-b346-8b29a91fcd25,Pete Ricketts,R000618,israel-military-aid,cosponsor,SRES. 617,2024-03-22,A resolution expressing the sense of the Senate that Israel has the inherent right to defend itself and take necessary steps to eradicate the terrorist threat posed by Hamas.
d01ea902-317a-4a66-b346-8b29a91fcd25,Pete Ricketts,R000618,border-security,cosponsor,S. 2824,2023-10-24,Secure the Border Act of 2023
d01ea902-317a-4a66-b346-8b29a91fcd25,Pete Ricketts,R000618,border-security,cosponsor,S. 3187,2023-11-01,Southern Border Transparency Act of 2023
d01ea902-317a-4a66-b346-8b29a91fcd25,Pete Ricketts,R000618,israel-military-aid,cosponsor,SRES. 413,2023-10-18,"A resolution condemning foreign nationals in the United States who have endorsed and espoused the actions of foreign terrorist organizations (FTO) in Gaza who, on October 7, 2023, launched attacks against the State of Israel, and killed innocent Israeli and United States citizens."
d01ea902-317a-4a66-b346-8b29a91fcd25,Pete Ricketts,R000618,border-security,cosponsor,S. 2905,2023-09-21,No Asylum for CCP Spies Act
d01ea902-317a-4a66-b346-8b29a91fcd25,Pete Ricketts,R000618,gun-policy,cosponsor,S. 1680,2023-05-18,Gun Owner Registration Information Protection Act
d01ea902-317a-4a66-b346-8b29a91fcd25,Pete Ricketts,R000618,border-security,cosponsor,SJRES. 25,2023-04-25,"A joint resolution providing for congressional disapproval under chapter 8 of title 5, United States Code, of the rule submitted by the Department of Labor relating to ""Adverse Effect Wage Rate Methodology for the Temporary Employment of H-2A Nonimmigrants in Non-Range Occupations in the United States""."
d01ea902-317a-4a66-b346-8b29a91fcd25,Pete Ricketts,R000618,gun-policy,cosponsor,S. 3812,2024-02-27,FIREARM Act
d01ea902-317a-4a66-b346-8b29a91fcd25,Pete Ricketts,R000618,israel-military-aid,cosponsor,SRES. 188,2023-05-02,"A resolution celebrating the 75th anniversary of the founding of the State of Israel, and for other purposes."
d01ea902-317a-4a66-b346-8b29a91fcd25,Pete Ricketts,R000618,gun-policy,cosponsor,SJRES. 20,2023-03-15,"A joint resolution providing for congressional disapproval under chapter 8 of title 5, United States Code, of the rule submitted by the Department of Justice and the Bureau of Alcohol, Tobacco, Firearms and Explosives relating to ""Factoring Criteria for Firearms With Attached 'Stabilizing Braces'""."
d01ea902-317a-4a66-b346-8b29a91fcd25,Pete Ricketts,R000618,border-security,cosponsor,S. 348,2023-10-25,Asylum Abuse Reduction Act
d01ea902-317a-4a66-b346-8b29a91fcd25,Pete Ricketts,R000618,border-security,cosponsor,S. 685,2023-10-24,Stopping Border Surges Act
d01ea902-317a-4a66-b346-8b29a91fcd25,Pete Ricketts,R000618,border-security,cosponsor,S. 276,2023-10-24,Upholding the Law at Our Border Act
d01ea902-317a-4a66-b346-8b29a91fcd25,Pete Ricketts,R000618,israel-military-aid,cosponsor,SRES. 417,2023-10-19,A resolution standing with Israel against terrorism.
d01ea902-317a-4a66-b346-8b29a91fcd25,Pete Ricketts,R000618,gun-policy,cosponsor,S. 1907,2023-06-08,Federal Firearms Licensee Protection Act of 2023
d01ea902-317a-4a66-b346-8b29a91fcd25,Pete Ricketts,R000618,gun-policy,cosponsor,S. 214,2023-02-01,Constitutional Concealed Carry Reciprocity Act of 2023
9a9874ab-159f-4ffb-b88e-f058df02d5fa,Peter Welch,W000800,israel-military-aid,sponsor,SRES. 797,2026-06-24,A resolution requesting information on Israel's human rights practices pursuant to section 502B(c) of the Foreign Assistance Act of 1961.
9a9874ab-159f-4ffb-b88e-f058df02d5fa,Peter Welch,W000800,ranked-choice-voting,sponsor,S. 3425,2025-12-10,Ranked Choice Voting Act
9a9874ab-159f-4ffb-b88e-f058df02d5fa,Peter Welch,W000800,border-security,sponsor,S. 482,2025-02-06,A bill to include Czechia in the list of foreign states whose nationals are eligible for admission into the United States as E-1 nonimmigrants if United States nationals are treated similarly by the Government of Czechia.
9a9874ab-159f-4ffb-b88e-f058df02d5fa,Peter Welch,W000800,ranked-choice-voting,sponsor,S. 5048,2024-09-12,Ranked Choice Voting Act
9a9874ab-159f-4ffb-b88e-f058df02d5fa,Peter Welch,W000800,border-security,sponsor,S. 4888,2024-07-31,A bill to include Czechia in the list of foreign states whose nationals are eligible for admission into the United States as E-1 nonimmigrants if United States nationals are treated similarly by the Government of Czechia.
9a9874ab-159f-4ffb-b88e-f058df02d5fa,Peter Welch,W000800,cannabis-policy,cosponsor,S. 5022,2026-07-16,Cannabis Administration and Opportunity Act
9a9874ab-159f-4ffb-b88e-f058df02d5fa,Peter Welch,W000800,gun-policy,cosponsor,SRES. 756,2026-06-08,"A resolution expressing support for the designation of June 5, 2026, as ""National Gun Violence Awareness Day"" and June 2026 as ""National Gun Violence Awareness Month""."
9a9874ab-159f-4ffb-b88e-f058df02d5fa,Peter Welch,W000800,gun-policy,cosponsor,S. 4454,2026-04-30,Firearm Safety Act of 2026
9a9874ab-159f-4ffb-b88e-f058df02d5fa,Peter Welch,W000800,military-intervention,cosponsor,SJRES. 124,2026-04-27,A joint resolution to direct the removal of United States Armed Forces from hostilities within or against the Republic of Cuba that have not been authorized by Congress.
9a9874ab-159f-4ffb-b88e-f058df02d5fa,Peter Welch,W000800,israel-military-aid,cosponsor,SJRES. 32,2026-04-14,A joint resolution providing for congressional disapproval of the proposed foreign military sale to the Government of Israel of certain defense articles and services.
9a9874ab-159f-4ffb-b88e-f058df02d5fa,Peter Welch,W000800,israel-military-aid,cosponsor,SJRES. 138,2026-03-19,A joint resolution providing for congressional disapproval of the proposed foreign military sale to the Government of Israel of certain defense articles and services.
9a9874ab-159f-4ffb-b88e-f058df02d5fa,Peter Welch,W000800,israel-military-aid,cosponsor,SJRES. 137,2026-03-19,A joint resolution providing for congressional disapproval of the proposed foreign military sale to the Government of Israel of certain defense articles and services.
9a9874ab-159f-4ffb-b88e-f058df02d5fa,Peter Welch,W000800,israel-military-aid,cosponsor,SJRES. 136,2026-03-19,A joint resolution providing for congressional disapproval of the proposed licensing of certain defense articles and services to Israel.
9a9874ab-159f-4ffb-b88e-f058df02d5fa,Peter Welch,W000800,gun-policy,cosponsor,S. 3875,2026-03-03,Responsible Firearms Marketing Act
9a9874ab-159f-4ffb-b88e-f058df02d5fa,Peter Welch,W000800,military-intervention,cosponsor,SJRES. 104,2026-02-25,A joint resolution to direct the removal of United States Armed Forces from hostilities within or against the Islamic Republic of Iran that have not been authorized by Congress.
9a9874ab-159f-4ffb-b88e-f058df02d5fa,Peter Welch,W000800,border-security,cosponsor,S. 3702,2026-01-27,Dignity for Detained Immigrants Act
9a9874ab-159f-4ffb-b88e-f058df02d5fa,Peter Welch,W000800,gun-policy,cosponsor,SCONRES. 25,2026-01-08,"A concurrent resolution recognizing the 15th anniversary of the January 8, 2011, Tucson, Arizona, shooting and honoring the survivors and victims, including former Congresswoman Gabby Giffords, a gun violence survivor and one of the most influential voices of courage in the United States in the fight to end gun violence."
9a9874ab-159f-4ffb-b88e-f058df02d5fa,Peter Welch,W000800,military-intervention,cosponsor,SJRES. 98,2026-01-06,A joint resolution to direct the removal of United States Armed Forces from hostilities within or against Venezuela that have not been authorized by Congress.
9a9874ab-159f-4ffb-b88e-f058df02d5fa,Peter Welch,W000800,2020-election,cosponsor,SRES. 574,2026-01-06,"A resolution observing the fifth anniversary of the attack on the United States Capitol on January 6, 2021, and recognizing the essential work of United States Capitol personnel, including the United States Capitol Police."
9a9874ab-159f-4ffb-b88e-f058df02d5fa,Peter Welch,W000800,2020-election,cosponsor,S. 3582,2026-01-06,No Rewards for January 6 Rioters Act
9a9874ab-159f-4ffb-b88e-f058df02d5fa,Peter Welch,W000800,2020-election,cosponsor,S. 3581,2026-01-06,No Settlements for January 6 Law Enforcement Assaulters Act
9a9874ab-159f-4ffb-b88e-f058df02d5fa,Peter Welch,W000800,gun-policy,cosponsor,S. 3458,2025-12-11,Background Check Completion Act of 2025
9a9874ab-159f-4ffb-b88e-f058df02d5fa,Peter Welch,W000800,gun-policy,cosponsor,S. 3214,2025-11-19,Background Check Expansion Act
9a9874ab-159f-4ffb-b88e-f058df02d5fa,Peter Welch,W000800,military-intervention,cosponsor,SJRES. 90,2025-11-05,A joint resolution to direct the removal of United States Armed Forces from hostilities within or against Venezuela that have not been authorized by Congress.
9a9874ab-159f-4ffb-b88e-f058df02d5fa,Peter Welch,W000800,israel-military-aid,cosponsor,SRES. 410,2025-09-18,"A resolution calling on the President to recognize a demilitarized State of Palestine, as consistent with international law and the principles of a two-state solution, alongside a secure State of Israel."
9a9874ab-159f-4ffb-b88e-f058df02d5fa,Peter Welch,W000800,israel-military-aid,cosponsor,SJRES. 34,2025-07-29,A joint resolution providing for congressional disapproval of the proposed foreign military sale to the Government of Israel of certain defense articles and services.
9a9874ab-159f-4ffb-b88e-f058df02d5fa,Peter Welch,W000800,israel-military-aid,cosponsor,SJRES. 41,2025-07-29,A joint resolution providing for congressional disapproval of the proposed export of certain defense articles to Israel.
9a9874ab-159f-4ffb-b88e-f058df02d5fa,Peter Welch,W000800,israel-military-aid,cosponsor,SJRES. 70,2025-07-29,A joint resolution providing for congressional disapproval of the proposed export of certain defense articles to Israel.
9a9874ab-159f-4ffb-b88e-f058df02d5fa,Peter Welch,W000800,gun-policy,cosponsor,S. 2514,2025-07-29,Gun Violence Prevention Research Act of 2025
9a9874ab-159f-4ffb-b88e-f058df02d5fa,Peter Welch,W000800,gun-policy,cosponsor,S. 2165,2025-06-25,3D Printed Gun Safety Act of 2025
9a9874ab-159f-4ffb-b88e-f058df02d5fa,Peter Welch,W000800,gun-policy,cosponsor,S. 2154,2025-06-24,Protecting Kids from Gun Marketing Act
9a9874ab-159f-4ffb-b88e-f058df02d5fa,Peter Welch,W000800,border-security,cosponsor,S. 1965,2025-06-05,Protect Vulnerable Immigrant Youth Act
9a9874ab-159f-4ffb-b88e-f058df02d5fa,Peter Welch,W000800,gun-policy,cosponsor,S. 1955,2025-06-04,Equal Access to Justice for Victims of Gun Violence Act
9a9874ab-159f-4ffb-b88e-f058df02d5fa,Peter Welch,W000800,israel-military-aid,cosponsor,SRES. 227,2025-06-03,"A resolution condemning Hamas for its premeditated, coordinated, and brutal terrorist attacks on October 7, 2023, against Israel and demanding that Hamas immediately release all remaining hostages and return them to safety, and for other purposes."
9a9874ab-159f-4ffb-b88e-f058df02d5fa,Peter Welch,W000800,gun-policy,cosponsor,SRES. 260,2025-06-02,"A resolution expressing support for the designation of June 6, 2025, as ""National Gun Violence Awareness Day"" and June 2025 as ""National Gun Violence Awareness Month""."
9a9874ab-159f-4ffb-b88e-f058df02d5fa,Peter Welch,W000800,gun-policy,cosponsor,S. 1531,2025-04-30,Assault Weapons Ban of 2025
9a9874ab-159f-4ffb-b88e-f058df02d5fa,Peter Welch,W000800,minimum-wage,cosponsor,S. 1332,2025-04-08,Raise the Wage Act of 2025
9a9874ab-159f-4ffb-b88e-f058df02d5fa,Peter Welch,W000800,gun-policy,cosponsor,S. 1294,2025-04-03,Federal Firearm Licensee Act
9a9874ab-159f-4ffb-b88e-f058df02d5fa,Peter Welch,W000800,military-intervention,cosponsor,S. 696,2025-02-24,Protecting Our Guests During Hostilities in Ukraine Act
9a9874ab-159f-4ffb-b88e-f058df02d5fa,Peter Welch,W000800,2020-election,cosponsor,SJRES. 121,2024-12-12,A joint resolution proposing an amendment to the Constitution of the United States to abolish the electoral college and to provide for the direct election of the President and Vice President of the United States.
9a9874ab-159f-4ffb-b88e-f058df02d5fa,Peter Welch,W000800,israel-military-aid,cosponsor,SJRES. 111,2024-09-25,A joint resolution providing for congressional disapproval of the proposed foreign military sale to the Government of Israel of certain defense articles and services.
9a9874ab-159f-4ffb-b88e-f058df02d5fa,Peter Welch,W000800,israel-military-aid,cosponsor,SJRES. 112,2024-09-25,A joint resolution providing for congressional disapproval of the proposed foreign military sale to the Government of Israel of certain defense articles and services.
9a9874ab-159f-4ffb-b88e-f058df02d5fa,Peter Welch,W000800,israel-military-aid,cosponsor,SJRES. 115,2024-09-25,"A joint resolution providing for congressional disapproval of the proposed license amendment for the export of certain defense articles, defense services, and technical data to Israel."
9a9874ab-159f-4ffb-b88e-f058df02d5fa,Peter Welch,W000800,israel-military-aid,cosponsor,SJRES. 113,2024-09-25,A joint resolution providing for congressional disapproval of the proposed foreign military sale to the Government of Israel of certain defense articles and services.
9a9874ab-159f-4ffb-b88e-f058df02d5fa,Peter Welch,W000800,israel-military-aid,cosponsor,SJRES. 116,2024-09-25,A joint resolution providing for congressional disapproval of the proposed enhancement or upgrade of sensitivity of technology or capability of certain major defense equipment for the Government of Israel.
9a9874ab-159f-4ffb-b88e-f058df02d5fa,Peter Welch,W000800,gun-policy,cosponsor,S. 4706,2024-07-11,Federal Firearm Licensee Act
9a9874ab-159f-4ffb-b88e-f058df02d5fa,Peter Welch,W000800,gun-policy,cosponsor,SRES. 716,2024-06-03,"A resolution expressing support for the designation of June 7, 2024, as ""National Gun Violence Awareness Day"" and June 2024 as ""National Gun Violence Awareness Month""."
9a9874ab-159f-4ffb-b88e-f058df02d5fa,Peter Welch,W000800,cannabis-policy,cosponsor,S. 4226,2024-05-01,Cannabis Administration and Opportunity Act
9a9874ab-159f-4ffb-b88e-f058df02d5fa,Peter Welch,W000800,minimum-wage,cosponsor,S. 2488,2023-07-25,Raise the Wage Act of 2023
9a9874ab-159f-4ffb-b88e-f058df02d5fa,Peter Welch,W000800,gun-policy,cosponsor,S. 2048,2023-06-20,Equal Access to Justice for Victims of Gun Violence Act
9a9874ab-159f-4ffb-b88e-f058df02d5fa,Peter Welch,W000800,gun-policy,cosponsor,S. 1819,2023-06-06,3D Printed Gun Safety Act of 2023
9a9874ab-159f-4ffb-b88e-f058df02d5fa,Peter Welch,W000800,border-security,cosponsor,S. 1885,2023-09-05,Protect Vulnerable Immigrant Youth Act
9a9874ab-159f-4ffb-b88e-f058df02d5fa,Peter Welch,W000800,gun-policy,cosponsor,S. 1116,2023-04-17,Background Check Completion Act of 2023
9a9874ab-159f-4ffb-b88e-f058df02d5fa,Peter Welch,W000800,israel-military-aid,cosponsor,SRES. 188,2023-05-18,"A resolution celebrating the 75th anniversary of the founding of the State of Israel, and for other purposes."
9a9874ab-159f-4ffb-b88e-f058df02d5fa,Peter Welch,W000800,gun-policy,cosponsor,S. 1026,2023-03-29,Gun Violence Prevention Research Act of 2023
9a9874ab-159f-4ffb-b88e-f058df02d5fa,Peter Welch,W000800,gun-policy,cosponsor,S. 25,2023-01-23,Assault Weapons Ban of 2023
9a9874ab-159f-4ffb-b88e-f058df02d5fa,Peter Welch,W000800,border-security,cosponsor,S. 2562,2024-01-31,A bill to require ports of entry along the northern border to remain open as many hours per day as they were open prior to the COVID-19 pandemic.
9a9874ab-159f-4ffb-b88e-f058df02d5fa,Peter Welch,W000800,israel-military-aid,cosponsor,SRES. 417,2023-10-19,A resolution standing with Israel against terrorism.
9a9874ab-159f-4ffb-b88e-f058df02d5fa,Peter Welch,W000800,gun-policy,cosponsor,S. 2652,2023-07-27,Ghost Guns and Untraceable Firearms Act of 2023
9a9874ab-159f-4ffb-b88e-f058df02d5fa,Peter Welch,W000800,gun-policy,cosponsor,S. 1826,2023-06-06,Keeping Gun Dealers Honest Act of 2023
9a9874ab-159f-4ffb-b88e-f058df02d5fa,Peter Welch,W000800,gun-policy,cosponsor,SRES. 231,2023-06-01,"A resolution expressing support for the designation of June 2, 2023, as ""National Gun Violence Awareness Day"" and June 2023 as ""National Gun Violence Awareness Month""."
9a9874ab-159f-4ffb-b88e-f058df02d5fa,Peter Welch,W000800,gun-policy,cosponsor,S. 252,2023-05-30,Protecting Kids from Gun Marketing Act
9a9874ab-159f-4ffb-b88e-f058df02d5fa,Peter Welch,W000800,gun-policy,cosponsor,S. 1737,2023-05-18,Responsible Firearms Marketing Act
9a9874ab-159f-4ffb-b88e-f058df02d5fa,Peter Welch,W000800,gun-policy,cosponsor,S. 1460,2023-05-16,Firearm Safety Act of 2023
9a9874ab-159f-4ffb-b88e-f058df02d5fa,Peter Welch,W000800,cannabis-policy,cosponsor,S. 1204,2023-04-25,Veterans Medical Marijuana Safe Harbor Act.
9a9874ab-159f-4ffb-b88e-f058df02d5fa,Peter Welch,W000800,border-security,cosponsor,S. 1208,2023-04-19,Dignity for Detained Immigrants Act of 2023
9a9874ab-159f-4ffb-b88e-f058df02d5fa,Peter Welch,W000800,gun-policy,cosponsor,S. 494,2023-02-16,Background Check Expansion Act
9a9874ab-159f-4ffb-b88e-f058df02d5fa,Peter Welch,W000800,border-security,cosponsor,S. 292,2023-02-07,Northern Border Regional Commission Reauthorization Act of 2023
4cc6f4af-a528-430e-975b-bd5a86382a13,Rand Paul,P000603,cannabis-policy,sponsor,S. 4315,2026-04-16,Hemp Safety Enforcement Act
4cc6f4af-a528-430e-975b-bd5a86382a13,Rand Paul,P000603,cannabis-policy,sponsor,S. 2112,2025-06-18,HEMP Act of 2025
4cc6f4af-a528-430e-975b-bd5a86382a13,Rand Paul,P000603,military-intervention,sponsor,SJRES. 6,2025-01-23,A joint resolution directing the removal of United States Armed Forces from hostilities in Syria that have not been authorized by Congress.
4cc6f4af-a528-430e-975b-bd5a86382a13,Rand Paul,P000603,military-intervention,sponsor,SJRES. 5,2025-01-23,A joint resolution directing the removal of United States Armed Forces from hostilities in Ukraine that have not been authorized by Congress.
4cc6f4af-a528-430e-975b-bd5a86382a13,Rand Paul,P000603,border-security,sponsor,SRES. 29,2025-01-21,An original resolution expressing the sense of the Senate that the President of the United States possesses legal authority under existing law to take immediate and necessary action to secure the southwest border of the United States.
4cc6f4af-a528-430e-975b-bd5a86382a13,Rand Paul,P000603,cannabis-policy,sponsor,S. 5153,2024-09-24,HEMP Act of 2024
4cc6f4af-a528-430e-975b-bd5a86382a13,Rand Paul,P000603,military-intervention,sponsor,SJRES. 51,2023-11-15,A joint resolution directing the removal of United States Armed Forces from hostilities in Syria that have not been authorized by Congress.
4cc6f4af-a528-430e-975b-bd5a86382a13,Rand Paul,P000603,military-intervention,sponsor,SJRES. 44,2023-09-06,A joint resolution directing the removal of United States Armed Forces from hostilities in the Republic of Niger that have not been authorized by Congress.
4cc6f4af-a528-430e-975b-bd5a86382a13,Rand Paul,P000603,gun-policy,cosponsor,S. 119,2026-04-15,No Retaining Every Gun In a System That Restricts Your Rights Act
4cc6f4af-a528-430e-975b-bd5a86382a13,Rand Paul,P000603,military-intervention,cosponsor,SJRES. 104,2026-01-29,A joint resolution to direct the removal of United States Armed Forces from hostilities within or against the Islamic Republic of Iran that have not been authorized by Congress.
4cc6f4af-a528-430e-975b-bd5a86382a13,Rand Paul,P000603,cannabis-policy,cosponsor,S. 3686,2026-01-15,Hemp Planting Predictability Act
4cc6f4af-a528-430e-975b-bd5a86382a13,Rand Paul,P000603,military-intervention,cosponsor,SJRES. 98,2025-12-03,A joint resolution to direct the removal of United States Armed Forces from hostilities within or against Venezuela that have not been authorized by Congress.
4cc6f4af-a528-430e-975b-bd5a86382a13,Rand Paul,P000603,military-intervention,cosponsor,SJRES. 90,2025-10-16,A joint resolution to direct the removal of United States Armed Forces from hostilities within or against Venezuela that have not been authorized by Congress.
4cc6f4af-a528-430e-975b-bd5a86382a13,Rand Paul,P000603,military-intervention,cosponsor,SJRES. 83,2025-10-08,A joint resolution to direct the removal of United States Armed Forces from hostilities that have not been authorized by Congress.
4cc6f4af-a528-430e-975b-bd5a86382a13,Rand Paul,P000603,israel-military-aid,cosponsor,SRES. 438,2025-10-07,"A resolution condemning the brutal Hamas-led terrorist attack on the State of Israel on October 7, 2023, and supporting an outcome that ensures the forever survival of Israel, the complete denial of Hamas's ability to reconstitute in the region, and the release of all the remaining hostages from the Gaza Strip, including two United States citizens."
4cc6f4af-a528-430e-975b-bd5a86382a13,Rand Paul,P000603,israel-military-aid,cosponsor,SRES. 890,2024-09-25,"A resolution condemning the brutal Hamas-led terrorist attack on Israel on October 7, 2023, and supporting an outcome that ensures the forever survival of Israel, the complete denial of the ability of Hamas to reconstitute in the region, and the safe release of United States hostages from the Gaza Strip."
4cc6f4af-a528-430e-975b-bd5a86382a13,Rand Paul,P000603,gun-policy,cosponsor,SJRES. 20,2023-03-15,"A joint resolution providing for congressional disapproval under chapter 8 of title 5, United States Code, of the rule submitted by the Department of Justice and the Bureau of Alcohol, Tobacco, Firearms and Explosives relating to ""Factoring Criteria for Firearms With Attached 'Stabilizing Braces'""."
4cc6f4af-a528-430e-975b-bd5a86382a13,Rand Paul,P000603,israel-military-aid,cosponsor,SRES. 417,2023-10-19,A resolution standing with Israel against terrorism.
4cc6f4af-a528-430e-975b-bd5a86382a13,Rand Paul,P000603,cannabis-policy,cosponsor,S. 2451,2023-07-27,Hemp Access and Consumer Safety Act
5fe0fed0-05b0-49e4-b7e2-99d2c8463a0d,Raphael Warnock,W000790,military-intervention,sponsor,SJRES. 172,2026-04-13,A joint resolution to direct the removal of United States Armed Forces from hostilities within or against the Islamic Republic of Iran that have not been authorized by Congress.
5fe0fed0-05b0-49e4-b7e2-99d2c8463a0d,Raphael Warnock,W000790,cannabis-policy,cosponsor,S. 5022,2026-07-16,Cannabis Administration and Opportunity Act
5fe0fed0-05b0-49e4-b7e2-99d2c8463a0d,Raphael Warnock,W000790,gun-policy,cosponsor,S. 3214,2025-11-19,Background Check Expansion Act
5fe0fed0-05b0-49e4-b7e2-99d2c8463a0d,Raphael Warnock,W000790,gun-policy,cosponsor,S. 1531,2025-04-30,Assault Weapons Ban of 2025
5fe0fed0-05b0-49e4-b7e2-99d2c8463a0d,Raphael Warnock,W000790,minimum-wage,cosponsor,S. 1332,2025-04-08,Raise the Wage Act of 2025
5fe0fed0-05b0-49e4-b7e2-99d2c8463a0d,Raphael Warnock,W000790,cannabis-policy,cosponsor,S. 4226,2024-05-01,Cannabis Administration and Opportunity Act
5fe0fed0-05b0-49e4-b7e2-99d2c8463a0d,Raphael Warnock,W000790,minimum-wage,cosponsor,S. 2488,2023-07-27,Raise the Wage Act of 2023
5fe0fed0-05b0-49e4-b7e2-99d2c8463a0d,Raphael Warnock,W000790,israel-military-aid,cosponsor,SRES. 505,2023-12-14,A resolution condemning the use of sexual violence and rape as a weapon of war by the terrorist group Hamas against the people of Israel.
5fe0fed0-05b0-49e4-b7e2-99d2c8463a0d,Raphael Warnock,W000790,israel-military-aid,cosponsor,SRES. 408,2023-11-07,"A resolution condemning Hamas for its premeditated, coordinated, and brutal terrorist attacks on Israel and demanding that Hamas immediately release all hostages and return them to safety, and for other purposes."
5fe0fed0-05b0-49e4-b7e2-99d2c8463a0d,Raphael Warnock,W000790,border-security,cosponsor,SRES. 243,2023-06-08,"A resolution recognizing the month of June 2023 as ""Immigrant Heritage Month"", a celebration of the accomplishments and contributions of immigrants and their children in making the United States a healthier, safer, more diverse, prosperous country, and acknowledging the importance of immigrants and their children to the future successes of the United States."
5fe0fed0-05b0-49e4-b7e2-99d2c8463a0d,Raphael Warnock,W000790,gun-policy,cosponsor,S. 25,2023-01-23,Assault Weapons Ban of 2023
5fe0fed0-05b0-49e4-b7e2-99d2c8463a0d,Raphael Warnock,W000790,israel-military-aid,cosponsor,SRES. 445,2023-11-27,A resolution recognizing the importance of the economic relationship between the United States and Israel and affirming that trade facilitated by the United States-Israel Free Trade Agreement is a tool to support the economy of Israel during the conflict with Hamas.
5fe0fed0-05b0-49e4-b7e2-99d2c8463a0d,Raphael Warnock,W000790,israel-military-aid,cosponsor,SRES. 417,2023-10-19,A resolution standing with Israel against terrorism.
5fe0fed0-05b0-49e4-b7e2-99d2c8463a0d,Raphael Warnock,W000790,gun-policy,cosponsor,SRES. 231,2023-06-01,"A resolution expressing support for the designation of June 2, 2023, as ""National Gun Violence Awareness Day"" and June 2023 as ""National Gun Violence Awareness Month""."
5fe0fed0-05b0-49e4-b7e2-99d2c8463a0d,Raphael Warnock,W000790,gun-policy,cosponsor,S. 494,2023-02-16,Background Check Expansion Act
bd630c8f-14da-4149-b95c-6da7eddaab8f,Richard Blumenthal,B001277,gun-policy,sponsor,S. 3875,2026-02-12,Responsible Firearms Marketing Act
bd630c8f-14da-4149-b95c-6da7eddaab8f,Richard Blumenthal,B001277,gun-policy,sponsor,S. 3458,2025-12-11,Background Check Completion Act of 2025
bd630c8f-14da-4149-b95c-6da7eddaab8f,Richard Blumenthal,B001277,gun-policy,sponsor,S. 1955,2025-06-04,Equal Access to Justice for Victims of Gun Violence Act
bd630c8f-14da-4149-b95c-6da7eddaab8f,Richard Blumenthal,B001277,border-security,sponsor,S. 625,2025-02-18,Veterans Border Patrol Training Act
bd630c8f-14da-4149-b95c-6da7eddaab8f,Richard Blumenthal,B001277,gun-policy,sponsor,S. 2048,2023-06-20,Equal Access to Justice for Victims of Gun Violence Act
bd630c8f-14da-4149-b95c-6da7eddaab8f,Richard Blumenthal,B001277,gun-policy,sponsor,S. 2652,2023-07-27,Ghost Guns and Untraceable Firearms Act of 2023
bd630c8f-14da-4149-b95c-6da7eddaab8f,Richard Blumenthal,B001277,gun-policy,sponsor,S. 1737,2023-05-18,Responsible Firearms Marketing Act
bd630c8f-14da-4149-b95c-6da7eddaab8f,Richard Blumenthal,B001277,gun-policy,sponsor,S. 1116,2023-03-30,Background Check Completion Act of 2023
bd630c8f-14da-4149-b95c-6da7eddaab8f,Richard Blumenthal,B001277,minimum-wage,cosponsor,S. 4981,2026-07-14,Living Wage For All Act
bd630c8f-14da-4149-b95c-6da7eddaab8f,Richard Blumenthal,B001277,gun-policy,cosponsor,S. 4926,2026-06-24,State Firearms Dealer Licensing Enhancement Act
bd630c8f-14da-4149-b95c-6da7eddaab8f,Richard Blumenthal,B001277,gun-policy,cosponsor,S. 4776,2026-06-11,Gun Records Restoration and Preservation Act
bd630c8f-14da-4149-b95c-6da7eddaab8f,Richard Blumenthal,B001277,gun-policy,cosponsor,SRES. 756,2026-06-08,"A resolution expressing support for the designation of June 5, 2026, as ""National Gun Violence Awareness Day"" and June 2026 as ""National Gun Violence Awareness Month""."
bd630c8f-14da-4149-b95c-6da7eddaab8f,Richard Blumenthal,B001277,israel-military-aid,cosponsor,S. 3855,2026-03-03,"United States-Israel Framework for Upgraded Technologies, Unified Research, and Enhanced Security (FUTURES) Act of 2026"
bd630c8f-14da-4149-b95c-6da7eddaab8f,Richard Blumenthal,B001277,military-intervention,cosponsor,SJRES. 104,2026-03-02,A joint resolution to direct the removal of United States Armed Forces from hostilities within or against the Islamic Republic of Iran that have not been authorized by Congress.
bd630c8f-14da-4149-b95c-6da7eddaab8f,Richard Blumenthal,B001277,gun-policy,cosponsor,SCONRES. 25,2026-01-08,"A concurrent resolution recognizing the 15th anniversary of the January 8, 2011, Tucson, Arizona, shooting and honoring the survivors and victims, including former Congresswoman Gabby Giffords, a gun violence survivor and one of the most influential voices of courage in the United States in the fight to end gun violence."
bd630c8f-14da-4149-b95c-6da7eddaab8f,Richard Blumenthal,B001277,military-intervention,cosponsor,SJRES. 98,2026-01-06,A joint resolution to direct the removal of United States Armed Forces from hostilities within or against Venezuela that have not been authorized by Congress.
bd630c8f-14da-4149-b95c-6da7eddaab8f,Richard Blumenthal,B001277,2020-election,cosponsor,SRES. 574,2026-01-06,"A resolution observing the fifth anniversary of the attack on the United States Capitol on January 6, 2021, and recognizing the essential work of United States Capitol personnel, including the United States Capitol Police."
bd630c8f-14da-4149-b95c-6da7eddaab8f,Richard Blumenthal,B001277,2020-election,cosponsor,S. 3582,2026-01-06,No Rewards for January 6 Rioters Act
bd630c8f-14da-4149-b95c-6da7eddaab8f,Richard Blumenthal,B001277,2020-election,cosponsor,S. 3581,2026-01-06,No Settlements for January 6 Law Enforcement Assaulters Act
bd630c8f-14da-4149-b95c-6da7eddaab8f,Richard Blumenthal,B001277,gun-policy,cosponsor,S. 3544,2025-12-17,Federal Firearm Licensing Act
bd630c8f-14da-4149-b95c-6da7eddaab8f,Richard Blumenthal,B001277,gun-policy,cosponsor,S. 3214,2025-11-19,Background Check Expansion Act
bd630c8f-14da-4149-b95c-6da7eddaab8f,Richard Blumenthal,B001277,military-intervention,cosponsor,SJRES. 90,2025-11-05,A joint resolution to direct the removal of United States Armed Forces from hostilities within or against Venezuela that have not been authorized by Congress.
bd630c8f-14da-4149-b95c-6da7eddaab8f,Richard Blumenthal,B001277,gun-policy,cosponsor,S. 1466,2025-07-31,Resources for Victims of Gun Violence Act of 2025
bd630c8f-14da-4149-b95c-6da7eddaab8f,Richard Blumenthal,B001277,gun-policy,cosponsor,S. 2514,2025-07-29,Gun Violence Prevention Research Act of 2025
bd630c8f-14da-4149-b95c-6da7eddaab8f,Richard Blumenthal,B001277,gun-policy,cosponsor,S. 2192,2025-06-26,Clean Hands Firearm Procurement Act
bd630c8f-14da-4149-b95c-6da7eddaab8f,Richard Blumenthal,B001277,gun-policy,cosponsor,S. 2186,2025-06-26,Preventing Pretrial Gun Purchases Act
bd630c8f-14da-4149-b95c-6da7eddaab8f,Richard Blumenthal,B001277,gun-policy,cosponsor,S. 2165,2025-06-25,3D Printed Gun Safety Act of 2025
bd630c8f-14da-4149-b95c-6da7eddaab8f,Richard Blumenthal,B001277,gun-policy,cosponsor,S. 2154,2025-06-24,Protecting Kids from Gun Marketing Act
bd630c8f-14da-4149-b95c-6da7eddaab8f,Richard Blumenthal,B001277,gun-policy,cosponsor,S. 2158,2025-06-24,Stopping the Fraudulent Sale of Firearms Act
bd630c8f-14da-4149-b95c-6da7eddaab8f,Richard Blumenthal,B001277,gun-policy,cosponsor,S. 2155,2025-06-24,Keeping Gun Dealers Honest Act of 2025
bd630c8f-14da-4149-b95c-6da7eddaab8f,Richard Blumenthal,B001277,border-security,cosponsor,S. 2149,2025-06-24,Health Equity and Access under the Law for Immigrant Families Act of 2025
bd630c8f-14da-4149-b95c-6da7eddaab8f,Richard Blumenthal,B001277,gun-policy,cosponsor,S. 2157,2025-06-24,Gun Violence Prevention Through Financial Intelligence Act
bd630c8f-14da-4149-b95c-6da7eddaab8f,Richard Blumenthal,B001277,gun-policy,cosponsor,SRES. 260,2025-06-02,"A resolution expressing support for the designation of June 6, 2025, as ""National Gun Violence Awareness Day"" and June 2025 as ""National Gun Violence Awareness Month""."
bd630c8f-14da-4149-b95c-6da7eddaab8f,Richard Blumenthal,B001277,gun-policy,cosponsor,S. 1531,2025-04-30,Assault Weapons Ban of 2025
bd630c8f-14da-4149-b95c-6da7eddaab8f,Richard Blumenthal,B001277,minimum-wage,cosponsor,S. 1332,2025-04-08,Raise the Wage Act of 2025
bd630c8f-14da-4149-b95c-6da7eddaab8f,Richard Blumenthal,B001277,gun-policy,cosponsor,S. 1294,2025-04-03,Federal Firearm Licensee Act
bd630c8f-14da-4149-b95c-6da7eddaab8f,Richard Blumenthal,B001277,military-intervention,cosponsor,S. 696,2025-02-24,Protecting Our Guests During Hostilities in Ukraine Act
bd630c8f-14da-4149-b95c-6da7eddaab8f,Richard Blumenthal,B001277,gun-policy,cosponsor,S. 595,2025-02-13,Office of Gun Violence Prevention Act of 2025
bd630c8f-14da-4149-b95c-6da7eddaab8f,Richard Blumenthal,B001277,israel-military-aid,cosponsor,S. 554,2025-02-12,United States-Israel Defense Partnership Act of 2025
bd630c8f-14da-4149-b95c-6da7eddaab8f,Richard Blumenthal,B001277,gun-policy,cosponsor,S. 468,2025-02-06,SECURE Firearm Storage Act
bd630c8f-14da-4149-b95c-6da7eddaab8f,Richard Blumenthal,B001277,border-security,cosponsor,S. 482,2025-02-06,A bill to include Czechia in the list of foreign states whose nationals are eligible for admission into the United States as E-1 nonimmigrants if United States nationals are treated similarly by the Government of Czechia.
bd630c8f-14da-4149-b95c-6da7eddaab8f,Richard Blumenthal,B001277,israel-military-aid,cosponsor,SRES. 931,2024-12-17,A resolution recognizing the exceptional service of Ambassador Michael Herzog during his tenure as Ambassador of Israel to the United States.
bd630c8f-14da-4149-b95c-6da7eddaab8f,Richard Blumenthal,B001277,gun-policy,cosponsor,S. 5209,2024-09-25,Clean Hands Firearm Procurement Act
bd630c8f-14da-4149-b95c-6da7eddaab8f,Richard Blumenthal,B001277,gun-policy,cosponsor,S. 3212,2023-11-02,Federal Firearm Licensing Act
bd630c8f-14da-4149-b95c-6da7eddaab8f,Richard Blumenthal,B001277,gun-policy,cosponsor,S. 4706,2024-07-11,Federal Firearm Licensee Act
bd630c8f-14da-4149-b95c-6da7eddaab8f,Richard Blumenthal,B001277,gun-policy,cosponsor,S. 4612,2024-06-20,Preventing Pretrial Gun Purchases Act
bd630c8f-14da-4149-b95c-6da7eddaab8f,Richard Blumenthal,B001277,gun-policy,cosponsor,SRES. 716,2024-06-03,"A resolution expressing support for the designation of June 7, 2024, as ""National Gun Violence Awareness Day"" and June 2024 as ""National Gun Violence Awareness Month""."
bd630c8f-14da-4149-b95c-6da7eddaab8f,Richard Blumenthal,B001277,minimum-wage,cosponsor,S. 2488,2023-07-25,Raise the Wage Act of 2023
bd630c8f-14da-4149-b95c-6da7eddaab8f,Richard Blumenthal,B001277,israel-military-aid,cosponsor,SRES. 620,2024-03-22,"A resolution demanding that the international community hold accountable those who perpetrated acts of sexual violence and sexual torture during and after the attack on the State of Israel on October 7, 2023."
bd630c8f-14da-4149-b95c-6da7eddaab8f,Richard Blumenthal,B001277,gun-policy,cosponsor,S. 1819,2023-06-06,3D Printed Gun Safety Act of 2023
bd630c8f-14da-4149-b95c-6da7eddaab8f,Richard Blumenthal,B001277,israel-military-aid,cosponsor,SRES. 408,2023-11-07,"A resolution condemning Hamas for its premeditated, coordinated, and brutal terrorist attacks on Israel and demanding that Hamas immediately release all hostages and return them to safety, and for other purposes."
bd630c8f-14da-4149-b95c-6da7eddaab8f,Richard Blumenthal,B001277,border-security,cosponsor,SRES. 243,2023-06-08,"A resolution recognizing the month of June 2023 as ""Immigrant Heritage Month"", a celebration of the accomplishments and contributions of immigrants and their children in making the United States a healthier, safer, more diverse, prosperous country, and acknowledging the importance of immigrants and their children to the future successes of the United States."
bd630c8f-14da-4149-b95c-6da7eddaab8f,Richard Blumenthal,B001277,israel-military-aid,cosponsor,SRES. 188,2023-05-04,"A resolution celebrating the 75th anniversary of the founding of the State of Israel, and for other purposes."
bd630c8f-14da-4149-b95c-6da7eddaab8f,Richard Blumenthal,B001277,border-security,cosponsor,S. 1343,2023-04-27,Fair Adjudications for Immigrants Act
bd630c8f-14da-4149-b95c-6da7eddaab8f,Richard Blumenthal,B001277,gun-policy,cosponsor,S. 1026,2023-03-29,Gun Violence Prevention Research Act of 2023
bd630c8f-14da-4149-b95c-6da7eddaab8f,Richard Blumenthal,B001277,gun-policy,cosponsor,S. 25,2023-01-23,Assault Weapons Ban of 2023
bd630c8f-14da-4149-b95c-6da7eddaab8f,Richard Blumenthal,B001277,israel-military-aid,cosponsor,SRES. 462,2023-11-14,"A resolution emphasizing the urgency of responding to attacks in Israel and the greater region from the Islamic Republic of Iran and its proxies, and for other purposes."
bd630c8f-14da-4149-b95c-6da7eddaab8f,Richard Blumenthal,B001277,gun-policy,cosponsor,S. 598,2023-03-01,Gun Records Restoration and Preservation Act
bd630c8f-14da-4149-b95c-6da7eddaab8f,Richard Blumenthal,B001277,gun-policy,cosponsor,S. 252,2023-02-02,Protecting Kids from Gun Marketing Act
bd630c8f-14da-4149-b95c-6da7eddaab8f,Richard Blumenthal,B001277,israel-military-aid,cosponsor,SRES. 417,2023-10-19,A resolution standing with Israel against terrorism.
bd630c8f-14da-4149-b95c-6da7eddaab8f,Richard Blumenthal,B001277,gun-policy,cosponsor,S. 2794,2023-09-13,Stopping the Fraudulent Sales of Firearms Act
bd630c8f-14da-4149-b95c-6da7eddaab8f,Richard Blumenthal,B001277,border-security,cosponsor,S. 2711,2023-07-27,Protecting Immigrant Victims of Domestic Violence Act
bd630c8f-14da-4149-b95c-6da7eddaab8f,Richard Blumenthal,B001277,border-security,cosponsor,S. 2646,2023-07-27,HEAL for Immigrant Families Act of 2023
bd630c8f-14da-4149-b95c-6da7eddaab8f,Richard Blumenthal,B001277,gun-policy,cosponsor,S. 2565,2023-07-27,Language Access to Gun Violence Prevention Strategies Act of 2023
bd630c8f-14da-4149-b95c-6da7eddaab8f,Richard Blumenthal,B001277,gun-policy,cosponsor,S. 2381,2023-07-19,National Instant Criminal Background Check System (NICS) Data Integrity Act of 2023
bd630c8f-14da-4149-b95c-6da7eddaab8f,Richard Blumenthal,B001277,gun-policy,cosponsor,S. 1893,2023-06-08,Resources for Victims of Gun Violence Act of 2023
bd630c8f-14da-4149-b95c-6da7eddaab8f,Richard Blumenthal,B001277,gun-policy,cosponsor,S. 1825,2023-06-06,Gun Violence Prevention Through Financial Intelligence Act
bd630c8f-14da-4149-b95c-6da7eddaab8f,Richard Blumenthal,B001277,gun-policy,cosponsor,S. 1826,2023-06-06,Keeping Gun Dealers Honest Act of 2023
bd630c8f-14da-4149-b95c-6da7eddaab8f,Richard Blumenthal,B001277,gun-policy,cosponsor,S. 951,2023-03-22,Office of Gun Violence Prevention Act of 2023
bd630c8f-14da-4149-b95c-6da7eddaab8f,Richard Blumenthal,B001277,gun-policy,cosponsor,S. 494,2023-02-16,Background Check Expansion Act
bd630c8f-14da-4149-b95c-6da7eddaab8f,Richard Blumenthal,B001277,gun-policy,cosponsor,S. 246,2023-02-02,SECURE Firearm Storage Act
2c3372a7-dadc-4622-944c-1783abe57b56,Richard Durbin,D000563,gun-policy,sponsor,SRES. 756,2026-06-08,"A resolution expressing support for the designation of June 5, 2026, as ""National Gun Violence Awareness Day"" and June 2026 as ""National Gun Violence Awareness Month""."
2c3372a7-dadc-4622-944c-1783abe57b56,Richard Durbin,D000563,2020-election,sponsor,SRES. 748,2026-05-21,"A resolution condemning the Department of Justice and Internal Revenue Service settlement agreement in Trump v. Internal Revenue Service, under which $1,776,000,000 in taxpayer money may be used to financially benefit individuals who assaulted law enforcement officers on January 6, 2021, and President Trump, his family, and his political allies."
2c3372a7-dadc-4622-944c-1783abe57b56,Richard Durbin,D000563,gun-policy,sponsor,SRES. 260,2025-06-02,"A resolution expressing support for the designation of June 6, 2025, as ""National Gun Violence Awareness Day"" and June 2025 as ""National Gun Violence Awareness Month""."
2c3372a7-dadc-4622-944c-1783abe57b56,Richard Durbin,D000563,gun-policy,sponsor,S. 1294,2025-04-03,Federal Firearm Licensee Act
2c3372a7-dadc-4622-944c-1783abe57b56,Richard Durbin,D000563,military-intervention,sponsor,S. 696,2025-02-24,Protecting Our Guests During Hostilities in Ukraine Act
2c3372a7-dadc-4622-944c-1783abe57b56,Richard Durbin,D000563,gun-policy,sponsor,S. 468,2025-02-06,SECURE Firearm Storage Act
2c3372a7-dadc-4622-944c-1783abe57b56,Richard Durbin,D000563,gun-policy,sponsor,S. 5172,2024-09-25,"A bill to amend the National Child Protection Act of 1993 to ensure that businesses and organizations that work with vulnerable populations are able to request background checks for their contractors who work with those populations, as well as for individuals that the businesses or organizations license or certify to provide care for those populations."
2c3372a7-dadc-4622-944c-1783abe57b56,Richard Durbin,D000563,gun-policy,sponsor,S. 4706,2024-07-11,Federal Firearm Licensee Act
2c3372a7-dadc-4622-944c-1783abe57b56,Richard Durbin,D000563,gun-policy,sponsor,SRES. 716,2024-06-03,"A resolution expressing support for the designation of June 7, 2024, as ""National Gun Violence Awareness Day"" and June 2024 as ""National Gun Violence Awareness Month""."
2c3372a7-dadc-4622-944c-1783abe57b56,Richard Durbin,D000563,gun-policy,sponsor,SRES. 231,2023-06-01,"A resolution expressing support for the designation of June 2, 2023, as ""National Gun Violence Awareness Day"" and June 2023 as ""National Gun Violence Awareness Month""."
2c3372a7-dadc-4622-944c-1783abe57b56,Richard Durbin,D000563,border-security,sponsor,S. 1600,2023-05-15,"Border Management, Security, and Assistance Act of 2023"
2c3372a7-dadc-4622-944c-1783abe57b56,Richard Durbin,D000563,gun-policy,sponsor,S. 246,2023-02-02,SECURE Firearm Storage Act
2c3372a7-dadc-4622-944c-1783abe57b56,Richard Durbin,D000563,gun-policy,cosponsor,S. 4926,2026-06-24,State Firearms Dealer Licensing Enhancement Act
2c3372a7-dadc-4622-944c-1783abe57b56,Richard Durbin,D000563,gun-policy,cosponsor,S. 4776,2026-06-11,Gun Records Restoration and Preservation Act
2c3372a7-dadc-4622-944c-1783abe57b56,Richard Durbin,D000563,gun-policy,cosponsor,S. 4454,2026-04-30,Firearm Safety Act of 2026
2c3372a7-dadc-4622-944c-1783abe57b56,Richard Durbin,D000563,military-intervention,cosponsor,SJRES. 104,2026-03-02,A joint resolution to direct the removal of United States Armed Forces from hostilities within or against the Islamic Republic of Iran that have not been authorized by Congress.
2c3372a7-dadc-4622-944c-1783abe57b56,Richard Durbin,D000563,gun-policy,cosponsor,S. 3875,2026-02-12,Responsible Firearms Marketing Act
2c3372a7-dadc-4622-944c-1783abe57b56,Richard Durbin,D000563,2020-election,cosponsor,SRES. 574,2026-01-06,"A resolution observing the fifth anniversary of the attack on the United States Capitol on January 6, 2021, and recognizing the essential work of United States Capitol personnel, including the United States Capitol Police."
2c3372a7-dadc-4622-944c-1783abe57b56,Richard Durbin,D000563,2020-election,cosponsor,S. 3582,2026-01-06,No Rewards for January 6 Rioters Act
2c3372a7-dadc-4622-944c-1783abe57b56,Richard Durbin,D000563,2020-election,cosponsor,S. 3581,2026-01-06,No Settlements for January 6 Law Enforcement Assaulters Act
2c3372a7-dadc-4622-944c-1783abe57b56,Richard Durbin,D000563,gun-policy,cosponsor,S. 3458,2025-12-11,Background Check Completion Act of 2025
2c3372a7-dadc-4622-944c-1783abe57b56,Richard Durbin,D000563,gun-policy,cosponsor,S. 3214,2025-11-19,Background Check Expansion Act
2c3372a7-dadc-4622-944c-1783abe57b56,Richard Durbin,D000563,military-intervention,cosponsor,SJRES. 90,2025-11-06,A joint resolution to direct the removal of United States Armed Forces from hostilities within or against Venezuela that have not been authorized by Congress.
2c3372a7-dadc-4622-944c-1783abe57b56,Richard Durbin,D000563,israel-military-aid,cosponsor,SRES. 410,2025-09-19,"A resolution calling on the President to recognize a demilitarized State of Palestine, as consistent with international law and the principles of a two-state solution, alongside a secure State of Israel."
2c3372a7-dadc-4622-944c-1783abe57b56,Richard Durbin,D000563,gun-policy,cosponsor,S. 2514,2025-07-29,Gun Violence Prevention Research Act of 2025
2c3372a7-dadc-4622-944c-1783abe57b56,Richard Durbin,D000563,gun-policy,cosponsor,S. 2192,2025-06-26,Clean Hands Firearm Procurement Act
2c3372a7-dadc-4622-944c-1783abe57b56,Richard Durbin,D000563,gun-policy,cosponsor,S. 2186,2025-06-26,Preventing Pretrial Gun Purchases Act
2c3372a7-dadc-4622-944c-1783abe57b56,Richard Durbin,D000563,gun-policy,cosponsor,S. 2165,2025-06-25,3D Printed Gun Safety Act of 2025
2c3372a7-dadc-4622-944c-1783abe57b56,Richard Durbin,D000563,gun-policy,cosponsor,S. 2154,2025-06-24,Protecting Kids from Gun Marketing Act
2c3372a7-dadc-4622-944c-1783abe57b56,Richard Durbin,D000563,border-security,cosponsor,S. 1965,2025-06-05,Protect Vulnerable Immigrant Youth Act
2c3372a7-dadc-4622-944c-1783abe57b56,Richard Durbin,D000563,gun-policy,cosponsor,S. 1955,2025-06-04,Equal Access to Justice for Victims of Gun Violence Act
2c3372a7-dadc-4622-944c-1783abe57b56,Richard Durbin,D000563,gun-policy,cosponsor,S. 1531,2025-04-30,Assault Weapons Ban of 2025
2c3372a7-dadc-4622-944c-1783abe57b56,Richard Durbin,D000563,gun-policy,cosponsor,S. 1466,2025-04-10,Resources for Victims of Gun Violence Act of 2025
2c3372a7-dadc-4622-944c-1783abe57b56,Richard Durbin,D000563,minimum-wage,cosponsor,S. 1332,2025-04-08,Raise the Wage Act of 2025
2c3372a7-dadc-4622-944c-1783abe57b56,Richard Durbin,D000563,gun-policy,cosponsor,S. 595,2025-03-05,Office of Gun Violence Prevention Act of 2025
2c3372a7-dadc-4622-944c-1783abe57b56,Richard Durbin,D000563,2020-election,cosponsor,SJRES. 121,2024-12-12,A joint resolution proposing an amendment to the Constitution of the United States to abolish the electoral college and to provide for the direct election of the President and Vice President of the United States.
2c3372a7-dadc-4622-944c-1783abe57b56,Richard Durbin,D000563,gun-policy,cosponsor,S. 5209,2024-09-25,Clean Hands Firearm Procurement Act
2c3372a7-dadc-4622-944c-1783abe57b56,Richard Durbin,D000563,gun-policy,cosponsor,S. 4612,2024-06-20,Preventing Pretrial Gun Purchases Act
2c3372a7-dadc-4622-944c-1783abe57b56,Richard Durbin,D000563,minimum-wage,cosponsor,S. 2488,2023-07-25,Raise the Wage Act of 2023
2c3372a7-dadc-4622-944c-1783abe57b56,Richard Durbin,D000563,military-intervention,cosponsor,SCONRES. 24,2024-03-22,A concurrent resolution condemning the hostilities in Sudan and standing with the people of Sudan in their calls for peace and their democratic aspirations.
2c3372a7-dadc-4622-944c-1783abe57b56,Richard Durbin,D000563,gun-policy,cosponsor,S. 2048,2023-06-20,Equal Access to Justice for Victims of Gun Violence Act
2c3372a7-dadc-4622-944c-1783abe57b56,Richard Durbin,D000563,gun-policy,cosponsor,S. 1819,2023-06-06,3D Printed Gun Safety Act of 2023
2c3372a7-dadc-4622-944c-1783abe57b56,Richard Durbin,D000563,israel-military-aid,cosponsor,SRES. 408,2023-11-08,"A resolution condemning Hamas for its premeditated, coordinated, and brutal terrorist attacks on Israel and demanding that Hamas immediately release all hostages and return them to safety, and for other purposes."
2c3372a7-dadc-4622-944c-1783abe57b56,Richard Durbin,D000563,border-security,cosponsor,S. 1885,2023-07-11,Protect Vulnerable Immigrant Youth Act
2c3372a7-dadc-4622-944c-1783abe57b56,Richard Durbin,D000563,gun-policy,cosponsor,S. 1460,2023-05-04,Firearm Safety Act of 2023
2c3372a7-dadc-4622-944c-1783abe57b56,Richard Durbin,D000563,border-security,cosponsor,S. 1343,2023-04-27,Fair Adjudications for Immigrants Act
2c3372a7-dadc-4622-944c-1783abe57b56,Richard Durbin,D000563,gun-policy,cosponsor,S. 1026,2023-03-29,Gun Violence Prevention Research Act of 2023
2c3372a7-dadc-4622-944c-1783abe57b56,Richard Durbin,D000563,gun-policy,cosponsor,S. 25,2023-01-23,Assault Weapons Ban of 2023
2c3372a7-dadc-4622-944c-1783abe57b56,Richard Durbin,D000563,gun-policy,cosponsor,S. 1116,2023-03-30,Background Check Completion Act of 2023
2c3372a7-dadc-4622-944c-1783abe57b56,Richard Durbin,D000563,gun-policy,cosponsor,S. 867,2023-03-16,State Firearms Dealer Licensing Enhancement Act
2c3372a7-dadc-4622-944c-1783abe57b56,Richard Durbin,D000563,gun-policy,cosponsor,S. 598,2023-03-01,Gun Records Restoration and Preservation Act
2c3372a7-dadc-4622-944c-1783abe57b56,Richard Durbin,D000563,gun-policy,cosponsor,S. 252,2023-02-02,Protecting Kids from Gun Marketing Act
2c3372a7-dadc-4622-944c-1783abe57b56,Richard Durbin,D000563,israel-military-aid,cosponsor,SRES. 417,2023-10-19,A resolution standing with Israel against terrorism.
2c3372a7-dadc-4622-944c-1783abe57b56,Richard Durbin,D000563,gun-policy,cosponsor,S. 1893,2023-06-08,Resources for Victims of Gun Violence Act of 2023
2c3372a7-dadc-4622-944c-1783abe57b56,Richard Durbin,D000563,gun-policy,cosponsor,S. 1737,2023-05-18,Responsible Firearms Marketing Act
2c3372a7-dadc-4622-944c-1783abe57b56,Richard Durbin,D000563,gun-policy,cosponsor,S. 494,2023-02-16,Background Check Expansion Act
129c2764-370c-4385-ad64-4cb5744c3541,Rick Scott,S001217,border-security,sponsor,S. 4771,2026-06-11,Protecting Asylum Integrity Act
129c2764-370c-4385-ad64-4cb5744c3541,Rick Scott,S001217,defense-spending,sponsor,S. 4424,2026-04-28,"A bill to amend the National Defense Authorization Act for Fiscal Year 2021 to prohibit certain institutions of higher education from receiving research and development awards, and for other purposes."
129c2764-370c-4385-ad64-4cb5744c3541,Rick Scott,S001217,border-security,sponsor,S. 3681,2026-01-15,Keep Our Border Agents Paid Act
129c2764-370c-4385-ad64-4cb5744c3541,Rick Scott,S001217,border-security,sponsor,S. 548,2025-02-12,Caribbean Border Counternarcotics Strategy Act
129c2764-370c-4385-ad64-4cb5744c3541,Rick Scott,S001217,border-security,sponsor,S. 344,2025-01-30,A bill to require the Commissioner of U.S. Customs and Border Protection to identify and conduct recurrent vetting of evacuees from Afghanistan found not to be properly vetted before entering the United States.
129c2764-370c-4385-ad64-4cb5744c3541,Rick Scott,S001217,border-security,sponsor,S. 286,2025-01-28,Stop Human Trafficking of Unaccompanied Migrant Children Act of 2025
129c2764-370c-4385-ad64-4cb5744c3541,Rick Scott,S001217,border-security,sponsor,S. 2999,2023-09-29,Keep Our Border Agents Paid Act
129c2764-370c-4385-ad64-4cb5744c3541,Rick Scott,S001217,border-security,sponsor,S. 309,2023-02-09,Caribbean Border Counternarcotics Strategy Act
129c2764-370c-4385-ad64-4cb5744c3541,Rick Scott,S001217,border-security,sponsor,S. 1461,2023-05-04,Stop Human Trafficking of Unaccompanied Migrant Children Act of 2023
129c2764-370c-4385-ad64-4cb5744c3541,Rick Scott,S001217,border-security,sponsor,S. 276,2023-02-07,Upholding the Law at Our Border Act
129c2764-370c-4385-ad64-4cb5744c3541,Rick Scott,S001217,border-security,cosponsor,S. 5371,2026-08-07,Stopping Border Surges Act
129c2764-370c-4385-ad64-4cb5744c3541,Rick Scott,S001217,2020-election,cosponsor,SRES. 657,2026-03-23,"A resolution commending Taiwan on the 30th anniversary of its first direct presidential election in 1996, and expressing support for Taiwan in the preservation of its democratic institutions."
129c2764-370c-4385-ad64-4cb5744c3541,Rick Scott,S001217,israel-military-aid,cosponsor,SRES. 438,2025-10-07,"A resolution condemning the brutal Hamas-led terrorist attack on the State of Israel on October 7, 2023, and supporting an outcome that ensures the forever survival of Israel, the complete denial of Hamas's ability to reconstitute in the region, and the release of all the remaining hostages from the Gaza Strip, including two United States citizens."
129c2764-370c-4385-ad64-4cb5744c3541,Rick Scott,S001217,border-security,cosponsor,S. 2967,2025-10-02,Border Lands Conservation Act
129c2764-370c-4385-ad64-4cb5744c3541,Rick Scott,S001217,israel-military-aid,cosponsor,SRES. 307,2025-06-26,A resolution expressing the sense of the Senate in support of the recent United States and Israeli military strikes on Iran.
129c2764-370c-4385-ad64-4cb5744c3541,Rick Scott,S001217,israel-military-aid,cosponsor,S. 1521,2025-04-30,Stand with Israel Act
129c2764-370c-4385-ad64-4cb5744c3541,Rick Scott,S001217,israel-military-aid,cosponsor,S. 554,2025-02-26,United States-Israel Defense Partnership Act of 2025
129c2764-370c-4385-ad64-4cb5744c3541,Rick Scott,S001217,gun-policy,cosponsor,S. 89,2025-01-14,Sporting Firearms Access Act of 2025
129c2764-370c-4385-ad64-4cb5744c3541,Rick Scott,S001217,gun-policy,cosponsor,S. 65,2025-01-09,Constitutional Concealed Carry Reciprocity Act of 2025
129c2764-370c-4385-ad64-4cb5744c3541,Rick Scott,S001217,israel-military-aid,cosponsor,S. 5303,2024-11-13,Stand with Israel Act
129c2764-370c-4385-ad64-4cb5744c3541,Rick Scott,S001217,israel-military-aid,cosponsor,SRES. 890,2024-09-25,"A resolution condemning the brutal Hamas-led terrorist attack on Israel on October 7, 2023, and supporting an outcome that ensures the forever survival of Israel, the complete denial of the ability of Hamas to reconstitute in the region, and the safe release of United States hostages from the Gaza Strip."
129c2764-370c-4385-ad64-4cb5744c3541,Rick Scott,S001217,israel-military-aid,cosponsor,S. 4770,2024-07-25,Countering Hate Against Israel by Federal Contractors Act
129c2764-370c-4385-ad64-4cb5744c3541,Rick Scott,S001217,israel-military-aid,cosponsor,S. 3210,2023-11-02,"Israel Security Supplemental Appropriations Act, 2024"
129c2764-370c-4385-ad64-4cb5744c3541,Rick Scott,S001217,gun-policy,cosponsor,S. 4652,2024-07-10,Firearms Interstate Commerce Reform Act
129c2764-370c-4385-ad64-4cb5744c3541,Rick Scott,S001217,gun-policy,cosponsor,SJRES. 93,2024-06-05,"A joint resolution providing for congressional disapproval under chapter 8 of title 5, United States Code, of the rule submitted by the Department of Commerce relating to ""Revision of Firearms License Requirements""."
129c2764-370c-4385-ad64-4cb5744c3541,Rick Scott,S001217,border-security,cosponsor,SRES. 705,2024-05-23,"A resolution recognizing May 28, 2024, as the 100th anniversary of the U.S. Border Patrol and commending the service of the U.S. Border Patrol to the United States people."
129c2764-370c-4385-ad64-4cb5744c3541,Rick Scott,S001217,gun-policy,cosponsor,SJRES. 83,2024-05-15,"A joint resolution providing for congressional disapproval under chapter 8 of title 5, United States Code, of the rule submitted by the Bureau of Alcohol, Tobacco, Firearms, and Explosives relating to ""Definition of 'Engaged in the Business' as a Dealer in Firearms""."
129c2764-370c-4385-ad64-4cb5744c3541,Rick Scott,S001217,israel-military-aid,cosponsor,S. 4337,2024-05-15,Israel Security Assistance Support Act
129c2764-370c-4385-ad64-4cb5744c3541,Rick Scott,S001217,israel-military-aid,cosponsor,SRES. 682,2024-05-09,A resolution condemning the decision by the Biden Administration to halt the shipment of United States made ammunition and weapons to the State of Israel.
129c2764-370c-4385-ad64-4cb5744c3541,Rick Scott,S001217,israel-military-aid,cosponsor,SRES. 617,2024-03-22,A resolution expressing the sense of the Senate that Israel has the inherent right to defend itself and take necessary steps to eradicate the terrorist threat posed by Hamas.
129c2764-370c-4385-ad64-4cb5744c3541,Rick Scott,S001217,gun-policy,cosponsor,S. 3531,2023-12-14,Protect American Gun Exporters Act
129c2764-370c-4385-ad64-4cb5744c3541,Rick Scott,S001217,gun-policy,cosponsor,S. 909,2023-03-22,Tribal Firearm Access Act
129c2764-370c-4385-ad64-4cb5744c3541,Rick Scott,S001217,israel-military-aid,cosponsor,SRES. 408,2023-10-31,"A resolution condemning Hamas for its premeditated, coordinated, and brutal terrorist attacks on Israel and demanding that Hamas immediately release all hostages and return them to safety, and for other purposes."
129c2764-370c-4385-ad64-4cb5744c3541,Rick Scott,S001217,israel-military-aid,cosponsor,S. 3168,2023-10-30,Israel Supplemental Appropriations Act of 2023
129c2764-370c-4385-ad64-4cb5744c3541,Rick Scott,S001217,israel-military-aid,cosponsor,SRES. 413,2023-10-18,"A resolution condemning foreign nationals in the United States who have endorsed and espoused the actions of foreign terrorist organizations (FTO) in Gaza who, on October 7, 2023, launched attacks against the State of Israel, and killed innocent Israeli and United States citizens."
129c2764-370c-4385-ad64-4cb5744c3541,Rick Scott,S001217,border-security,cosponsor,S. 2905,2023-09-21,No Asylum for CCP Spies Act
129c2764-370c-4385-ad64-4cb5744c3541,Rick Scott,S001217,israel-military-aid,cosponsor,SCONRES. 14,2023-07-18,A concurrent resolution expressing the sense of Congress supporting the State of Israel.
129c2764-370c-4385-ad64-4cb5744c3541,Rick Scott,S001217,israel-military-aid,cosponsor,S. 1802,2023-06-13,United States-Israel Future of Warfare Act of 2023
129c2764-370c-4385-ad64-4cb5744c3541,Rick Scott,S001217,border-security,cosponsor,SJRES. 25,2023-04-25,"A joint resolution providing for congressional disapproval under chapter 8 of title 5, United States Code, of the rule submitted by the Department of Labor relating to ""Adverse Effect Wage Rate Methodology for the Temporary Employment of H-2A Nonimmigrants in Non-Range Occupations in the United States""."
129c2764-370c-4385-ad64-4cb5744c3541,Rick Scott,S001217,gun-policy,cosponsor,S. 3812,2024-02-27,FIREARM Act
129c2764-370c-4385-ad64-4cb5744c3541,Rick Scott,S001217,border-security,cosponsor,SRES. 543,2024-02-08,A resolution to express the sense of the Senate regarding the constitutional right of State Governors to repel the dangerous ongoing invasion across the United States southern border.
129c2764-370c-4385-ad64-4cb5744c3541,Rick Scott,S001217,border-security,cosponsor,S. 3708,2024-02-01,A bill to reprogram Federal funds appropriated for UNRWA to construct the southwest border wall and to prohibit future funding for UNRWA.
129c2764-370c-4385-ad64-4cb5744c3541,Rick Scott,S001217,border-security,cosponsor,SRES. 166,2023-04-20,A resolution honoring the efforts of the Coast Guard for excellence in maritime border security.
129c2764-370c-4385-ad64-4cb5744c3541,Rick Scott,S001217,israel-military-aid,cosponsor,SRES. 188,2023-05-02,"A resolution celebrating the 75th anniversary of the founding of the State of Israel, and for other purposes."
129c2764-370c-4385-ad64-4cb5744c3541,Rick Scott,S001217,gun-policy,cosponsor,SJRES. 20,2023-03-15,"A joint resolution providing for congressional disapproval under chapter 8 of title 5, United States Code, of the rule submitted by the Department of Justice and the Bureau of Alcohol, Tobacco, Firearms and Explosives relating to ""Factoring Criteria for Firearms With Attached 'Stabilizing Braces'""."
129c2764-370c-4385-ad64-4cb5744c3541,Rick Scott,S001217,israel-military-aid,cosponsor,SRES. 445,2023-11-27,A resolution recognizing the importance of the economic relationship between the United States and Israel and affirming that trade facilitated by the United States-Israel Free Trade Agreement is a tool to support the economy of Israel during the conflict with Hamas.
129c2764-370c-4385-ad64-4cb5744c3541,Rick Scott,S001217,israel-military-aid,cosponsor,SRES. 417,2023-10-19,A resolution standing with Israel against terrorism.
129c2764-370c-4385-ad64-4cb5744c3541,Rick Scott,S001217,israel-military-aid,cosponsor,S. 1143,2023-05-17,United States-Israel PTSD Collaborative Research Act
129c2764-370c-4385-ad64-4cb5744c3541,Rick Scott,S001217,gun-policy,cosponsor,S. 214,2023-02-01,Constitutional Concealed Carry Reciprocity Act of 2023
9df12eb2-bc9a-4083-8004-1af4167342ea,Roger Marshall,M001198,israel-military-aid,sponsor,S. 3210,2023-11-02,"Israel Security Supplemental Appropriations Act, 2024"
9df12eb2-bc9a-4083-8004-1af4167342ea,Roger Marshall,M001198,israel-military-aid,sponsor,S. 3168,2023-10-30,Israel Supplemental Appropriations Act of 2023
9df12eb2-bc9a-4083-8004-1af4167342ea,Roger Marshall,M001198,israel-military-aid,sponsor,S. 3135,2023-10-25,Israel Supplemental Appropriations Act of 2023
9df12eb2-bc9a-4083-8004-1af4167342ea,Roger Marshall,M001198,border-security,sponsor,SRES. 362,2023-09-26,A resolution to express the sense of the Senate regarding the constitutional right of State Governors to repel the dangerous ongoing invasion across the United States southern border.
9df12eb2-bc9a-4083-8004-1af4167342ea,Roger Marshall,M001198,border-security,sponsor,SRES. 543,2024-02-06,A resolution to express the sense of the Senate regarding the constitutional right of State Governors to repel the dangerous ongoing invasion across the United States southern border.
9df12eb2-bc9a-4083-8004-1af4167342ea,Roger Marshall,M001198,gun-policy,cosponsor,SRES. 827,2026-08-07,"A resolution recognizing the 100th anniversary of the creation of the Sporting Arms and Ammunition Manufacturers' Institute, Inc. (SAAMI) and commending its work establishing industry standards that ensure the safe interoperability of firearms and ammunition."
9df12eb2-bc9a-4083-8004-1af4167342ea,Roger Marshall,M001198,gun-policy,cosponsor,S. 4671,2026-06-16,Federal Firearms Licensee Protection Act of 2026
9df12eb2-bc9a-4083-8004-1af4167342ea,Roger Marshall,M001198,israel-military-aid,cosponsor,SRES. 438,2025-10-07,"A resolution condemning the brutal Hamas-led terrorist attack on the State of Israel on October 7, 2023, and supporting an outcome that ensures the forever survival of Israel, the complete denial of Hamas's ability to reconstitute in the region, and the release of all the remaining hostages from the Gaza Strip, including two United States citizens."
9df12eb2-bc9a-4083-8004-1af4167342ea,Roger Marshall,M001198,gun-policy,cosponsor,S. 966,2025-03-11,Traveler's Gun Rights Act
9df12eb2-bc9a-4083-8004-1af4167342ea,Roger Marshall,M001198,gun-policy,cosponsor,S. 119,2025-01-16,No Retaining Every Gun In a System That Restricts Your Rights Act
9df12eb2-bc9a-4083-8004-1af4167342ea,Roger Marshall,M001198,gun-policy,cosponsor,S. 89,2025-01-14,Sporting Firearms Access Act of 2025
9df12eb2-bc9a-4083-8004-1af4167342ea,Roger Marshall,M001198,gun-policy,cosponsor,S. 65,2025-01-09,Constitutional Concealed Carry Reciprocity Act of 2025
9df12eb2-bc9a-4083-8004-1af4167342ea,Roger Marshall,M001198,israel-military-aid,cosponsor,S. 5303,2024-11-13,Stand with Israel Act
9df12eb2-bc9a-4083-8004-1af4167342ea,Roger Marshall,M001198,gun-policy,cosponsor,S. 5224,2024-09-25,Modern Firearm Safety Act
9df12eb2-bc9a-4083-8004-1af4167342ea,Roger Marshall,M001198,israel-military-aid,cosponsor,SRES. 890,2024-09-25,"A resolution condemning the brutal Hamas-led terrorist attack on Israel on October 7, 2023, and supporting an outcome that ensures the forever survival of Israel, the complete denial of the ability of Hamas to reconstitute in the region, and the safe release of United States hostages from the Gaza Strip."
9df12eb2-bc9a-4083-8004-1af4167342ea,Roger Marshall,M001198,gun-policy,cosponsor,S. 4960,2024-09-10,Freedom from Unfair Gun Taxes Act
9df12eb2-bc9a-4083-8004-1af4167342ea,Roger Marshall,M001198,gun-policy,cosponsor,S. 4652,2024-07-10,Firearms Interstate Commerce Reform Act
9df12eb2-bc9a-4083-8004-1af4167342ea,Roger Marshall,M001198,gun-policy,cosponsor,SJRES. 93,2024-06-05,"A joint resolution providing for congressional disapproval under chapter 8 of title 5, United States Code, of the rule submitted by the Department of Commerce relating to ""Revision of Firearms License Requirements""."
9df12eb2-bc9a-4083-8004-1af4167342ea,Roger Marshall,M001198,gun-policy,cosponsor,SJRES. 83,2024-05-15,"A joint resolution providing for congressional disapproval under chapter 8 of title 5, United States Code, of the rule submitted by the Bureau of Alcohol, Tobacco, Firearms, and Explosives relating to ""Definition of 'Engaged in the Business' as a Dealer in Firearms""."
9df12eb2-bc9a-4083-8004-1af4167342ea,Roger Marshall,M001198,israel-military-aid,cosponsor,S. 4337,2024-05-15,Israel Security Assistance Support Act
9df12eb2-bc9a-4083-8004-1af4167342ea,Roger Marshall,M001198,israel-military-aid,cosponsor,SRES. 682,2024-05-09,A resolution condemning the decision by the Biden Administration to halt the shipment of United States made ammunition and weapons to the State of Israel.
9df12eb2-bc9a-4083-8004-1af4167342ea,Roger Marshall,M001198,border-security,cosponsor,S. 3187,2023-11-01,Southern Border Transparency Act of 2023
9df12eb2-bc9a-4083-8004-1af4167342ea,Roger Marshall,M001198,border-security,cosponsor,S. 2905,2023-09-21,No Asylum for CCP Spies Act
9df12eb2-bc9a-4083-8004-1af4167342ea,Roger Marshall,M001198,border-security,cosponsor,S. 2824,2023-09-14,Secure the Border Act of 2023
9df12eb2-bc9a-4083-8004-1af4167342ea,Roger Marshall,M001198,border-security,cosponsor,SJRES. 25,2023-04-25,"A joint resolution providing for congressional disapproval under chapter 8 of title 5, United States Code, of the rule submitted by the Department of Labor relating to ""Adverse Effect Wage Rate Methodology for the Temporary Employment of H-2A Nonimmigrants in Non-Range Occupations in the United States""."
9df12eb2-bc9a-4083-8004-1af4167342ea,Roger Marshall,M001198,gun-policy,cosponsor,S. 3812,2024-02-27,FIREARM Act
9df12eb2-bc9a-4083-8004-1af4167342ea,Roger Marshall,M001198,border-security,cosponsor,S. 1192,2023-04-19,Stop Fentanyl Border Crossings Act
9df12eb2-bc9a-4083-8004-1af4167342ea,Roger Marshall,M001198,gun-policy,cosponsor,S. 741,2023-03-09,Traveler's Gun Rights Act
9df12eb2-bc9a-4083-8004-1af4167342ea,Roger Marshall,M001198,gun-policy,cosponsor,SJRES. 20,2023-03-15,"A joint resolution providing for congressional disapproval under chapter 8 of title 5, United States Code, of the rule submitted by the Department of Justice and the Bureau of Alcohol, Tobacco, Firearms and Explosives relating to ""Factoring Criteria for Firearms With Attached 'Stabilizing Braces'""."
9df12eb2-bc9a-4083-8004-1af4167342ea,Roger Marshall,M001198,gun-policy,cosponsor,S. 3531,2024-01-08,Protect American Gun Exporters Act
9df12eb2-bc9a-4083-8004-1af4167342ea,Roger Marshall,M001198,israel-military-aid,cosponsor,SRES. 417,2023-10-19,A resolution standing with Israel against terrorism.
9df12eb2-bc9a-4083-8004-1af4167342ea,Roger Marshall,M001198,military-intervention,cosponsor,SJRES. 44,2023-10-04,A joint resolution directing the removal of United States Armed Forces from hostilities in the Republic of Niger that have not been authorized by Congress.
9df12eb2-bc9a-4083-8004-1af4167342ea,Roger Marshall,M001198,gun-policy,cosponsor,S. 827,2023-03-15,"A bill to provide that no Federal funds may be used to implement, administer, or enforce the rule of the Department of Justice entitled ""Factoring Criteria for Firearms with Attached 'Stabilizing Braces'""."
9df12eb2-bc9a-4083-8004-1af4167342ea,Roger Marshall,M001198,gun-policy,cosponsor,S. 214,2023-02-01,Constitutional Concealed Carry Reciprocity Act of 2023
d53cbad2-d166-4f8d-87a2-f7e5ddc7a237,Roger Wicker,W000437,defense-spending,sponsor,S. 4784,2026-06-15,National Defense Authorization Act for Fiscal Year 2027
d53cbad2-d166-4f8d-87a2-f7e5ddc7a237,Roger Wicker,W000437,defense-spending,sponsor,S. 4164,2026-03-23,A bill to make technical corrections to the National Defense Authorization Act for Fiscal Year 2026.
d53cbad2-d166-4f8d-87a2-f7e5ddc7a237,Roger Wicker,W000437,defense-spending,sponsor,S. 2296,2025-07-15,National Defense Authorization Act for Fiscal Year 2026
d53cbad2-d166-4f8d-87a2-f7e5ddc7a237,Roger Wicker,W000437,gun-policy,cosponsor,S. 3916,2026-03-02,Gun Owner Registration Information Protection Act
d53cbad2-d166-4f8d-87a2-f7e5ddc7a237,Roger Wicker,W000437,israel-military-aid,cosponsor,SRES. 438,2025-10-07,"A resolution condemning the brutal Hamas-led terrorist attack on the State of Israel on October 7, 2023, and supporting an outcome that ensures the forever survival of Israel, the complete denial of Hamas's ability to reconstitute in the region, and the release of all the remaining hostages from the Gaza Strip, including two United States citizens."
d53cbad2-d166-4f8d-87a2-f7e5ddc7a237,Roger Wicker,W000437,israel-military-aid,cosponsor,SRES. 307,2025-06-26,A resolution expressing the sense of the Senate in support of the recent United States and Israeli military strikes on Iran.
d53cbad2-d166-4f8d-87a2-f7e5ddc7a237,Roger Wicker,W000437,gun-policy,cosponsor,S. 89,2025-01-14,Sporting Firearms Access Act of 2025
d53cbad2-d166-4f8d-87a2-f7e5ddc7a237,Roger Wicker,W000437,gun-policy,cosponsor,S. 65,2025-01-09,Constitutional Concealed Carry Reciprocity Act of 2025
d53cbad2-d166-4f8d-87a2-f7e5ddc7a237,Roger Wicker,W000437,israel-military-aid,cosponsor,S. 5303,2024-11-13,Stand with Israel Act
d53cbad2-d166-4f8d-87a2-f7e5ddc7a237,Roger Wicker,W000437,israel-military-aid,cosponsor,SRES. 890,2024-09-25,"A resolution condemning the brutal Hamas-led terrorist attack on Israel on October 7, 2023, and supporting an outcome that ensures the forever survival of Israel, the complete denial of the ability of Hamas to reconstitute in the region, and the safe release of United States hostages from the Gaza Strip."
d53cbad2-d166-4f8d-87a2-f7e5ddc7a237,Roger Wicker,W000437,israel-military-aid,cosponsor,S. 4770,2024-08-01,Countering Hate Against Israel by Federal Contractors Act
d53cbad2-d166-4f8d-87a2-f7e5ddc7a237,Roger Wicker,W000437,gun-policy,cosponsor,SJRES. 93,2024-06-05,"A joint resolution providing for congressional disapproval under chapter 8 of title 5, United States Code, of the rule submitted by the Department of Commerce relating to ""Revision of Firearms License Requirements""."
d53cbad2-d166-4f8d-87a2-f7e5ddc7a237,Roger Wicker,W000437,gun-policy,cosponsor,SJRES. 83,2024-05-15,"A joint resolution providing for congressional disapproval under chapter 8 of title 5, United States Code, of the rule submitted by the Bureau of Alcohol, Tobacco, Firearms, and Explosives relating to ""Definition of 'Engaged in the Business' as a Dealer in Firearms""."
d53cbad2-d166-4f8d-87a2-f7e5ddc7a237,Roger Wicker,W000437,israel-military-aid,cosponsor,SRES. 682,2024-05-09,A resolution condemning the decision by the Biden Administration to halt the shipment of United States made ammunition and weapons to the State of Israel.
d53cbad2-d166-4f8d-87a2-f7e5ddc7a237,Roger Wicker,W000437,israel-military-aid,cosponsor,SRES. 408,2023-11-09,"A resolution condemning Hamas for its premeditated, coordinated, and brutal terrorist attacks on Israel and demanding that Hamas immediately release all hostages and return them to safety, and for other purposes."
d53cbad2-d166-4f8d-87a2-f7e5ddc7a237,Roger Wicker,W000437,gun-policy,cosponsor,S. 1680,2023-05-18,Gun Owner Registration Information Protection Act
d53cbad2-d166-4f8d-87a2-f7e5ddc7a237,Roger Wicker,W000437,border-security,cosponsor,SJRES. 25,2023-04-25,"A joint resolution providing for congressional disapproval under chapter 8 of title 5, United States Code, of the rule submitted by the Department of Labor relating to ""Adverse Effect Wage Rate Methodology for the Temporary Employment of H-2A Nonimmigrants in Non-Range Occupations in the United States""."
d53cbad2-d166-4f8d-87a2-f7e5ddc7a237,Roger Wicker,W000437,border-security,cosponsor,S. 3708,2024-01-31,A bill to reprogram Federal funds appropriated for UNRWA to construct the southwest border wall and to prohibit future funding for UNRWA.
d53cbad2-d166-4f8d-87a2-f7e5ddc7a237,Roger Wicker,W000437,border-security,cosponsor,SRES. 45,2023-02-09,A resolution expressing the sense of the Senate that the current influx of migrants is causing a crisis at the southern border.
d53cbad2-d166-4f8d-87a2-f7e5ddc7a237,Roger Wicker,W000437,border-security,cosponsor,SRES. 166,2023-04-20,A resolution honoring the efforts of the Coast Guard for excellence in maritime border security.
d53cbad2-d166-4f8d-87a2-f7e5ddc7a237,Roger Wicker,W000437,gun-policy,cosponsor,SJRES. 20,2023-03-15,"A joint resolution providing for congressional disapproval under chapter 8 of title 5, United States Code, of the rule submitted by the Department of Justice and the Bureau of Alcohol, Tobacco, Firearms and Explosives relating to ""Factoring Criteria for Firearms With Attached 'Stabilizing Braces'""."
d53cbad2-d166-4f8d-87a2-f7e5ddc7a237,Roger Wicker,W000437,israel-military-aid,cosponsor,SRES. 417,2023-10-19,A resolution standing with Israel against terrorism.
d53cbad2-d166-4f8d-87a2-f7e5ddc7a237,Roger Wicker,W000437,border-security,cosponsor,S. 2999,2023-09-29,Keep Our Border Agents Paid Act
d53cbad2-d166-4f8d-87a2-f7e5ddc7a237,Roger Wicker,W000437,gun-policy,cosponsor,S. 214,2023-02-01,Constitutional Concealed Carry Reciprocity Act of 2023
00abc782-e86b-40f2-be0d-f07fad802688,Ron Johnson,J000293,israel-military-aid,cosponsor,SRES. 438,2025-10-07,"A resolution condemning the brutal Hamas-led terrorist attack on the State of Israel on October 7, 2023, and supporting an outcome that ensures the forever survival of Israel, the complete denial of Hamas's ability to reconstitute in the region, and the release of all the remaining hostages from the Gaza Strip, including two United States citizens."
00abc782-e86b-40f2-be0d-f07fad802688,Ron Johnson,J000293,border-security,cosponsor,S. 286,2025-01-28,Stop Human Trafficking of Unaccompanied Migrant Children Act of 2025
00abc782-e86b-40f2-be0d-f07fad802688,Ron Johnson,J000293,gun-policy,cosponsor,S. 65,2025-01-09,Constitutional Concealed Carry Reciprocity Act of 2025
00abc782-e86b-40f2-be0d-f07fad802688,Ron Johnson,J000293,israel-military-aid,cosponsor,S. 5303,2024-11-13,Stand with Israel Act
00abc782-e86b-40f2-be0d-f07fad802688,Ron Johnson,J000293,israel-military-aid,cosponsor,SRES. 890,2024-09-25,"A resolution condemning the brutal Hamas-led terrorist attack on Israel on October 7, 2023, and supporting an outcome that ensures the forever survival of Israel, the complete denial of the ability of Hamas to reconstitute in the region, and the safe release of United States hostages from the Gaza Strip."
00abc782-e86b-40f2-be0d-f07fad802688,Ron Johnson,J000293,gun-policy,cosponsor,SJRES. 83,2024-05-15,"A joint resolution providing for congressional disapproval under chapter 8 of title 5, United States Code, of the rule submitted by the Bureau of Alcohol, Tobacco, Firearms, and Explosives relating to ""Definition of 'Engaged in the Business' as a Dealer in Firearms""."
00abc782-e86b-40f2-be0d-f07fad802688,Ron Johnson,J000293,israel-military-aid,cosponsor,SRES. 682,2024-05-09,A resolution condemning the decision by the Biden Administration to halt the shipment of United States made ammunition and weapons to the State of Israel.
00abc782-e86b-40f2-be0d-f07fad802688,Ron Johnson,J000293,israel-military-aid,cosponsor,S. 3168,2023-10-30,Israel Supplemental Appropriations Act of 2023
00abc782-e86b-40f2-be0d-f07fad802688,Ron Johnson,J000293,israel-military-aid,cosponsor,SRES. 413,2023-10-18,"A resolution condemning foreign nationals in the United States who have endorsed and espoused the actions of foreign terrorist organizations (FTO) in Gaza who, on October 7, 2023, launched attacks against the State of Israel, and killed innocent Israeli and United States citizens."
00abc782-e86b-40f2-be0d-f07fad802688,Ron Johnson,J000293,border-security,cosponsor,S. 276,2023-02-07,Upholding the Law at Our Border Act
00abc782-e86b-40f2-be0d-f07fad802688,Ron Johnson,J000293,border-security,cosponsor,S. 2824,2023-09-14,Secure the Border Act of 2023
00abc782-e86b-40f2-be0d-f07fad802688,Ron Johnson,J000293,border-security,cosponsor,SJRES. 25,2023-05-03,"A joint resolution providing for congressional disapproval under chapter 8 of title 5, United States Code, of the rule submitted by the Department of Labor relating to ""Adverse Effect Wage Rate Methodology for the Temporary Employment of H-2A Nonimmigrants in Non-Range Occupations in the United States""."
00abc782-e86b-40f2-be0d-f07fad802688,Ron Johnson,J000293,border-security,cosponsor,SRES. 166,2023-04-20,A resolution honoring the efforts of the Coast Guard for excellence in maritime border security.
00abc782-e86b-40f2-be0d-f07fad802688,Ron Johnson,J000293,gun-policy,cosponsor,SJRES. 20,2023-03-15,"A joint resolution providing for congressional disapproval under chapter 8 of title 5, United States Code, of the rule submitted by the Department of Justice and the Bureau of Alcohol, Tobacco, Firearms and Explosives relating to ""Factoring Criteria for Firearms With Attached 'Stabilizing Braces'""."
00abc782-e86b-40f2-be0d-f07fad802688,Ron Johnson,J000293,israel-military-aid,cosponsor,S. 3135,2023-10-26,Israel Supplemental Appropriations Act of 2023
00abc782-e86b-40f2-be0d-f07fad802688,Ron Johnson,J000293,israel-military-aid,cosponsor,SRES. 417,2023-10-19,A resolution standing with Israel against terrorism.
00abc782-e86b-40f2-be0d-f07fad802688,Ron Johnson,J000293,border-security,cosponsor,S. 2999,2023-09-29,Keep Our Border Agents Paid Act
00abc782-e86b-40f2-be0d-f07fad802688,Ron Johnson,J000293,gun-policy,cosponsor,S. 214,2023-02-01,Constitutional Concealed Carry Reciprocity Act of 2023
2147281e-e1b1-4416-a5d9-dae9d4f31be0,Ron Wyden,W000779,cannabis-policy,sponsor,S. 2451,2023-07-20,Hemp Access and Consumer Safety Act
2147281e-e1b1-4416-a5d9-dae9d4f31be0,Ron Wyden,W000779,defense-spending,cosponsor,S. 5189,2026-07-30,"A bill to amend title 10, United States Code, and the National Defense Authorization Act for Fiscal Year 1994, to codify and clarify gender neutral standards for members of certain Armed Forces, and for other purposes."
2147281e-e1b1-4416-a5d9-dae9d4f31be0,Ron Wyden,W000779,cannabis-policy,cosponsor,S. 5022,2026-07-16,Cannabis Administration and Opportunity Act
2147281e-e1b1-4416-a5d9-dae9d4f31be0,Ron Wyden,W000779,minimum-wage,cosponsor,S. 4981,2026-07-14,Living Wage For All Act
2147281e-e1b1-4416-a5d9-dae9d4f31be0,Ron Wyden,W000779,border-security,cosponsor,SRES. 796,2026-06-24,"A resolution recognizing the upcoming 250th anniversary of the United States of America and reaffirming the commitment of the Senate to the Nation's founding ideals of liberty, equality, and opportunity for all immigrant communities in the United States."
2147281e-e1b1-4416-a5d9-dae9d4f31be0,Ron Wyden,W000779,military-intervention,cosponsor,SJRES. 124,2026-04-27,A joint resolution to direct the removal of United States Armed Forces from hostilities within or against the Republic of Cuba that have not been authorized by Congress.
2147281e-e1b1-4416-a5d9-dae9d4f31be0,Ron Wyden,W000779,military-intervention,cosponsor,SJRES. 104,2026-03-02,A joint resolution to direct the removal of United States Armed Forces from hostilities within or against the Islamic Republic of Iran that have not been authorized by Congress.
2147281e-e1b1-4416-a5d9-dae9d4f31be0,Ron Wyden,W000779,border-security,cosponsor,S. 3702,2026-01-27,Dignity for Detained Immigrants Act
2147281e-e1b1-4416-a5d9-dae9d4f31be0,Ron Wyden,W000779,gun-policy,cosponsor,SCONRES. 25,2026-01-08,"A concurrent resolution recognizing the 15th anniversary of the January 8, 2011, Tucson, Arizona, shooting and honoring the survivors and victims, including former Congresswoman Gabby Giffords, a gun violence survivor and one of the most influential voices of courage in the United States in the fight to end gun violence."
2147281e-e1b1-4416-a5d9-dae9d4f31be0,Ron Wyden,W000779,military-intervention,cosponsor,SJRES. 98,2026-01-06,A joint resolution to direct the removal of United States Armed Forces from hostilities within or against Venezuela that have not been authorized by Congress.
2147281e-e1b1-4416-a5d9-dae9d4f31be0,Ron Wyden,W000779,2020-election,cosponsor,S. 3582,2026-01-06,No Rewards for January 6 Rioters Act
2147281e-e1b1-4416-a5d9-dae9d4f31be0,Ron Wyden,W000779,gun-policy,cosponsor,S. 3512,2025-12-16,Medicare Investment and Gun Violence Prevention Act
2147281e-e1b1-4416-a5d9-dae9d4f31be0,Ron Wyden,W000779,gun-policy,cosponsor,S. 3458,2025-12-11,Background Check Completion Act of 2025
2147281e-e1b1-4416-a5d9-dae9d4f31be0,Ron Wyden,W000779,gun-policy,cosponsor,S. 3214,2025-11-19,Background Check Expansion Act
2147281e-e1b1-4416-a5d9-dae9d4f31be0,Ron Wyden,W000779,military-intervention,cosponsor,SJRES. 90,2025-11-05,A joint resolution to direct the removal of United States Armed Forces from hostilities within or against Venezuela that have not been authorized by Congress.
2147281e-e1b1-4416-a5d9-dae9d4f31be0,Ron Wyden,W000779,military-intervention,cosponsor,SJRES. 83,2025-10-03,A joint resolution to direct the removal of United States Armed Forces from hostilities that have not been authorized by Congress.
2147281e-e1b1-4416-a5d9-dae9d4f31be0,Ron Wyden,W000779,gun-policy,cosponsor,S. 2514,2025-07-29,Gun Violence Prevention Research Act of 2025
2147281e-e1b1-4416-a5d9-dae9d4f31be0,Ron Wyden,W000779,gun-policy,cosponsor,S. 2165,2025-06-25,3D Printed Gun Safety Act of 2025
2147281e-e1b1-4416-a5d9-dae9d4f31be0,Ron Wyden,W000779,gun-policy,cosponsor,S. 2155,2025-06-24,Keeping Gun Dealers Honest Act of 2025
2147281e-e1b1-4416-a5d9-dae9d4f31be0,Ron Wyden,W000779,gun-policy,cosponsor,S. 1955,2025-06-04,Equal Access to Justice for Victims of Gun Violence Act
2147281e-e1b1-4416-a5d9-dae9d4f31be0,Ron Wyden,W000779,gun-policy,cosponsor,S. 1531,2025-04-30,Assault Weapons Ban of 2025
2147281e-e1b1-4416-a5d9-dae9d4f31be0,Ron Wyden,W000779,minimum-wage,cosponsor,S. 1332,2025-04-08,Raise the Wage Act of 2025
2147281e-e1b1-4416-a5d9-dae9d4f31be0,Ron Wyden,W000779,israel-military-aid,cosponsor,S. 554,2025-04-02,United States-Israel Defense Partnership Act of 2025
2147281e-e1b1-4416-a5d9-dae9d4f31be0,Ron Wyden,W000779,israel-military-aid,cosponsor,SRES. 408,2023-11-02,"A resolution condemning Hamas for its premeditated, coordinated, and brutal terrorist attacks on Israel and demanding that Hamas immediately release all hostages and return them to safety, and for other purposes."
2147281e-e1b1-4416-a5d9-dae9d4f31be0,Ron Wyden,W000779,gun-policy,cosponsor,SRES. 716,2024-06-03,"A resolution expressing support for the designation of June 7, 2024, as ""National Gun Violence Awareness Day"" and June 2024 as ""National Gun Violence Awareness Month""."
2147281e-e1b1-4416-a5d9-dae9d4f31be0,Ron Wyden,W000779,cannabis-policy,cosponsor,S. 4226,2024-05-01,Cannabis Administration and Opportunity Act
2147281e-e1b1-4416-a5d9-dae9d4f31be0,Ron Wyden,W000779,minimum-wage,cosponsor,S. 2488,2023-07-25,Raise the Wage Act of 2023
2147281e-e1b1-4416-a5d9-dae9d4f31be0,Ron Wyden,W000779,gun-policy,cosponsor,S. 2048,2023-06-20,Equal Access to Justice for Victims of Gun Violence Act
2147281e-e1b1-4416-a5d9-dae9d4f31be0,Ron Wyden,W000779,israel-military-aid,cosponsor,SRES. 505,2023-12-14,A resolution condemning the use of sexual violence and rape as a weapon of war by the terrorist group Hamas against the people of Israel.
2147281e-e1b1-4416-a5d9-dae9d4f31be0,Ron Wyden,W000779,gun-policy,cosponsor,S. 1819,2023-06-06,3D Printed Gun Safety Act of 2023
2147281e-e1b1-4416-a5d9-dae9d4f31be0,Ron Wyden,W000779,border-security,cosponsor,SRES. 243,2023-06-08,"A resolution recognizing the month of June 2023 as ""Immigrant Heritage Month"", a celebration of the accomplishments and contributions of immigrants and their children in making the United States a healthier, safer, more diverse, prosperous country, and acknowledging the importance of immigrants and their children to the future successes of the United States."
2147281e-e1b1-4416-a5d9-dae9d4f31be0,Ron Wyden,W000779,israel-military-aid,cosponsor,SRES. 188,2023-05-18,"A resolution celebrating the 75th anniversary of the founding of the State of Israel, and for other purposes."
2147281e-e1b1-4416-a5d9-dae9d4f31be0,Ron Wyden,W000779,gun-policy,cosponsor,S. 1026,2023-03-29,Gun Violence Prevention Research Act of 2023
2147281e-e1b1-4416-a5d9-dae9d4f31be0,Ron Wyden,W000779,gun-policy,cosponsor,S. 25,2023-01-23,Assault Weapons Ban of 2023
2147281e-e1b1-4416-a5d9-dae9d4f31be0,Ron Wyden,W000779,cannabis-policy,cosponsor,S. 1204,2023-04-19,Veterans Medical Marijuana Safe Harbor Act.
2147281e-e1b1-4416-a5d9-dae9d4f31be0,Ron Wyden,W000779,gun-policy,cosponsor,S. 1116,2023-03-30,Background Check Completion Act of 2023
2147281e-e1b1-4416-a5d9-dae9d4f31be0,Ron Wyden,W000779,israel-military-aid,cosponsor,SRES. 445,2023-11-27,A resolution recognizing the importance of the economic relationship between the United States and Israel and affirming that trade facilitated by the United States-Israel Free Trade Agreement is a tool to support the economy of Israel during the conflict with Hamas.
2147281e-e1b1-4416-a5d9-dae9d4f31be0,Ron Wyden,W000779,israel-military-aid,cosponsor,SRES. 417,2023-10-19,A resolution standing with Israel against terrorism.
2147281e-e1b1-4416-a5d9-dae9d4f31be0,Ron Wyden,W000779,gun-policy,cosponsor,S. 2565,2023-07-27,Language Access to Gun Violence Prevention Strategies Act of 2023
2147281e-e1b1-4416-a5d9-dae9d4f31be0,Ron Wyden,W000779,gun-policy,cosponsor,S. 1893,2023-06-08,Resources for Victims of Gun Violence Act of 2023
2147281e-e1b1-4416-a5d9-dae9d4f31be0,Ron Wyden,W000779,gun-policy,cosponsor,S. 1826,2023-06-06,Keeping Gun Dealers Honest Act of 2023
2147281e-e1b1-4416-a5d9-dae9d4f31be0,Ron Wyden,W000779,gun-policy,cosponsor,SRES. 231,2023-06-01,"A resolution expressing support for the designation of June 2, 2023, as ""National Gun Violence Awareness Day"" and June 2023 as ""National Gun Violence Awareness Month""."
2147281e-e1b1-4416-a5d9-dae9d4f31be0,Ron Wyden,W000779,gun-policy,cosponsor,S. 494,2023-02-16,Background Check Expansion Act
0fd03798-714d-4976-a9b6-448aa22d8a68,Ruben Gallego,G000574,border-security,sponsor,SRES. 638,2026-03-11,"A resolution expressing the sense of the Senate that the law enforcement agents and other personnel of the Department of Justice and the Department of Homeland Security, who have been temporarily engaging in civil immigration enforcement operations, should be returned to their primary missions during periods of active hostility with Iran."
0fd03798-714d-4976-a9b6-448aa22d8a68,Ruben Gallego,G000574,military-intervention,sponsor,SJRES. 100,2025-12-17,A joint resolution to direct the removal of United States Armed Forces from hostilities against vessels operating in the Caribbean Sea or the Eastern Pacific Ocean that have not been authorized by Congress.
0fd03798-714d-4976-a9b6-448aa22d8a68,Ruben Gallego,G000574,border-security,sponsor,S. 2163,2025-06-25,Border Patrol Recruitment Enhancement Act
0fd03798-714d-4976-a9b6-448aa22d8a68,Ruben Gallego,G000574,military-intervention,sponsor,HR. 6752,2023-12-13,"To require prompt reporting of any incident in which the Armed Forces are involved in an attack or hostilities, and for other purposes."
0fd03798-714d-4976-a9b6-448aa22d8a68,Ruben Gallego,G000574,gun-policy,cosponsor,SRES. 756,2026-06-08,"A resolution expressing support for the designation of June 5, 2026, as ""National Gun Violence Awareness Day"" and June 2026 as ""National Gun Violence Awareness Month""."
0fd03798-714d-4976-a9b6-448aa22d8a68,Ruben Gallego,G000574,military-intervention,cosponsor,SJRES. 193,2026-05-20,A joint resolution to direct the removal of United States Armed Forces from hostilities within or against the Republic of Cuba that have not been authorized by Congress.
0fd03798-714d-4976-a9b6-448aa22d8a68,Ruben Gallego,G000574,2020-election,cosponsor,S. 3581,2026-04-20,No Settlements for January 6 Law Enforcement Assaulters Act
0fd03798-714d-4976-a9b6-448aa22d8a68,Ruben Gallego,G000574,2020-election,cosponsor,S. 3582,2026-04-20,No Rewards for January 6 Rioters Act
0fd03798-714d-4976-a9b6-448aa22d8a68,Ruben Gallego,G000574,military-intervention,cosponsor,SJRES. 124,2026-03-12,A joint resolution to direct the removal of United States Armed Forces from hostilities within or against the Republic of Cuba that have not been authorized by Congress.
0fd03798-714d-4976-a9b6-448aa22d8a68,Ruben Gallego,G000574,military-intervention,cosponsor,SJRES. 104,2026-02-26,A joint resolution to direct the removal of United States Armed Forces from hostilities within or against the Islamic Republic of Iran that have not been authorized by Congress.
0fd03798-714d-4976-a9b6-448aa22d8a68,Ruben Gallego,G000574,gun-policy,cosponsor,SCONRES. 25,2026-01-08,"A concurrent resolution recognizing the 15th anniversary of the January 8, 2011, Tucson, Arizona, shooting and honoring the survivors and victims, including former Congresswoman Gabby Giffords, a gun violence survivor and one of the most influential voices of courage in the United States in the fight to end gun violence."
0fd03798-714d-4976-a9b6-448aa22d8a68,Ruben Gallego,G000574,military-intervention,cosponsor,SJRES. 98,2026-01-05,A joint resolution to direct the removal of United States Armed Forces from hostilities within or against Venezuela that have not been authorized by Congress.
0fd03798-714d-4976-a9b6-448aa22d8a68,Ruben Gallego,G000574,border-security,cosponsor,S. 1965,2025-12-09,Protect Vulnerable Immigrant Youth Act
0fd03798-714d-4976-a9b6-448aa22d8a68,Ruben Gallego,G000574,military-intervention,cosponsor,S. 696,2025-11-19,Protecting Our Guests During Hostilities in Ukraine Act
0fd03798-714d-4976-a9b6-448aa22d8a68,Ruben Gallego,G000574,gun-policy,cosponsor,S. 3214,2025-11-19,Background Check Expansion Act
0fd03798-714d-4976-a9b6-448aa22d8a68,Ruben Gallego,G000574,gun-policy,cosponsor,S. 2514,2025-07-29,Gun Violence Prevention Research Act of 2025
0fd03798-714d-4976-a9b6-448aa22d8a68,Ruben Gallego,G000574,border-security,cosponsor,S. 482,2025-06-02,A bill to include Czechia in the list of foreign states whose nationals are eligible for admission into the United States as E-1 nonimmigrants if United States nationals are treated similarly by the Government of Czechia.
0fd03798-714d-4976-a9b6-448aa22d8a68,Ruben Gallego,G000574,gun-policy,cosponsor,SRES. 260,2025-06-02,"A resolution expressing support for the designation of June 6, 2025, as ""National Gun Violence Awareness Day"" and June 2025 as ""National Gun Violence Awareness Month""."
0fd03798-714d-4976-a9b6-448aa22d8a68,Ruben Gallego,G000574,gun-policy,cosponsor,S. 1531,2025-04-30,Assault Weapons Ban of 2025
0fd03798-714d-4976-a9b6-448aa22d8a68,Ruben Gallego,G000574,minimum-wage,cosponsor,S. 1332,2025-04-08,Raise the Wage Act of 2025
0fd03798-714d-4976-a9b6-448aa22d8a68,Ruben Gallego,G000574,israel-military-aid,cosponsor,S. 554,2025-03-04,United States-Israel Defense Partnership Act of 2025
0fd03798-714d-4976-a9b6-448aa22d8a68,Ruben Gallego,G000574,border-security,cosponsor,HR. 596,2024-08-06,Anti-Border Corruption Improvement Act
0fd03798-714d-4976-a9b6-448aa22d8a68,Ruben Gallego,G000574,2020-election,cosponsor,HRES. 1409,2024-08-02,Standing in solidarity with the Venezuelan people and condemning Nicolás Maduro's attempt to steal the Venezuelan Presidential election.
0fd03798-714d-4976-a9b6-448aa22d8a68,Ruben Gallego,G000574,israel-military-aid,cosponsor,HR. 7866,2024-04-02,United States-Israel Anti-Tunnel Cooperation Enhancement Act
0fd03798-714d-4976-a9b6-448aa22d8a68,Ruben Gallego,G000574,israel-military-aid,cosponsor,HRES. 966,2024-01-16,Condemning rape and sexual violence committed by Hamas in its war against Israel.
0fd03798-714d-4976-a9b6-448aa22d8a68,Ruben Gallego,G000574,israel-military-aid,cosponsor,HRES. 771,2023-10-11,Standing with Israel as it defends itself against the barbaric war launched by Hamas and other terrorists.
0fd03798-714d-4976-a9b6-448aa22d8a68,Ruben Gallego,G000574,israel-military-aid,cosponsor,HRES. 768,2023-10-10,Standing with Israel as it defends itself against the barbaric war launched by Hamas and other terrorists.
0fd03798-714d-4976-a9b6-448aa22d8a68,Ruben Gallego,G000574,gun-policy,cosponsor,HR. 4202,2023-07-11,Multiple Firearm Sales Reporting Modernization Act of 2023
0fd03798-714d-4976-a9b6-448aa22d8a68,Ruben Gallego,G000574,israel-military-aid,cosponsor,HR. 1777,2023-06-13,United States-Israel Future of Warfare Act of 2023
0fd03798-714d-4976-a9b6-448aa22d8a68,Ruben Gallego,G000574,border-security,cosponsor,HRES. 483,2023-06-07,"Recognizing the month of June 2023 as ""Immigrant Heritage Month"", a celebration of the accomplishments and contributions of immigrants and their children in making the United States a healthier, safer, more diverse, prosperous country, and acknowledging the importance of immigrants and their children to the future successes of the United States."
0fd03798-714d-4976-a9b6-448aa22d8a68,Ruben Gallego,G000574,gun-policy,cosponsor,HRES. 459,2023-05-31,"Expressing support for the designation of June 2, 2023, as ""National Gun Violence Awareness Day"" and June 2023 as ""National Gun Violence Awareness Month""."
0fd03798-714d-4976-a9b6-448aa22d8a68,Ruben Gallego,G000574,border-security,cosponsor,HR. 2760,2023-04-20,Dignity for Detained Immigrants Act
0fd03798-714d-4976-a9b6-448aa22d8a68,Ruben Gallego,G000574,gun-policy,cosponsor,HR. 715,2023-02-01,Bipartisan Background Checks Act of 2023
0fd03798-714d-4976-a9b6-448aa22d8a68,Ruben Gallego,G000574,gun-policy,cosponsor,HR. 698,2023-02-01,Assault Weapons Ban of 2023
c19c488e-ae48-4ed2-ba7c-3092b847c192,Sheldon Whitehouse,W000802,2020-election,sponsor,S. 3581,2026-01-06,No Settlements for January 6 Law Enforcement Assaulters Act
c19c488e-ae48-4ed2-ba7c-3092b847c192,Sheldon Whitehouse,W000802,gun-policy,sponsor,S. 3289,2025-12-01,Crime Gun Tracing Modernization Act of 2025
c19c488e-ae48-4ed2-ba7c-3092b847c192,Sheldon Whitehouse,W000802,border-security,sponsor,S. 3384,2023-11-30,Combating Cross-border Financial Crime Act of 2023
c19c488e-ae48-4ed2-ba7c-3092b847c192,Sheldon Whitehouse,W000802,gun-policy,cosponsor,S. 4926,2026-06-24,State Firearms Dealer Licensing Enhancement Act
c19c488e-ae48-4ed2-ba7c-3092b847c192,Sheldon Whitehouse,W000802,gun-policy,cosponsor,SRES. 756,2026-06-08,"A resolution expressing support for the designation of June 5, 2026, as ""National Gun Violence Awareness Day"" and June 2026 as ""National Gun Violence Awareness Month""."
c19c488e-ae48-4ed2-ba7c-3092b847c192,Sheldon Whitehouse,W000802,gun-policy,cosponsor,SCONRES. 25,2026-01-08,"A concurrent resolution recognizing the 15th anniversary of the January 8, 2011, Tucson, Arizona, shooting and honoring the survivors and victims, including former Congresswoman Gabby Giffords, a gun violence survivor and one of the most influential voices of courage in the United States in the fight to end gun violence."
c19c488e-ae48-4ed2-ba7c-3092b847c192,Sheldon Whitehouse,W000802,2020-election,cosponsor,SRES. 574,2026-01-06,"A resolution observing the fifth anniversary of the attack on the United States Capitol on January 6, 2021, and recognizing the essential work of United States Capitol personnel, including the United States Capitol Police."
c19c488e-ae48-4ed2-ba7c-3092b847c192,Sheldon Whitehouse,W000802,2020-election,cosponsor,S. 3582,2026-01-06,No Rewards for January 6 Rioters Act
c19c488e-ae48-4ed2-ba7c-3092b847c192,Sheldon Whitehouse,W000802,gun-policy,cosponsor,S. 3458,2025-12-11,Background Check Completion Act of 2025
c19c488e-ae48-4ed2-ba7c-3092b847c192,Sheldon Whitehouse,W000802,gun-policy,cosponsor,S. 3214,2025-11-19,Background Check Expansion Act
c19c488e-ae48-4ed2-ba7c-3092b847c192,Sheldon Whitehouse,W000802,gun-policy,cosponsor,S. 2165,2025-06-25,3D Printed Gun Safety Act of 2025
c19c488e-ae48-4ed2-ba7c-3092b847c192,Sheldon Whitehouse,W000802,gun-policy,cosponsor,S. 2154,2025-06-24,Protecting Kids from Gun Marketing Act
c19c488e-ae48-4ed2-ba7c-3092b847c192,Sheldon Whitehouse,W000802,gun-policy,cosponsor,S. 2155,2025-06-24,Keeping Gun Dealers Honest Act of 2025
c19c488e-ae48-4ed2-ba7c-3092b847c192,Sheldon Whitehouse,W000802,gun-policy,cosponsor,S. 1955,2025-06-04,Equal Access to Justice for Victims of Gun Violence Act
c19c488e-ae48-4ed2-ba7c-3092b847c192,Sheldon Whitehouse,W000802,gun-policy,cosponsor,S. 1531,2025-04-30,Assault Weapons Ban of 2025
c19c488e-ae48-4ed2-ba7c-3092b847c192,Sheldon Whitehouse,W000802,minimum-wage,cosponsor,S. 1332,2025-04-08,Raise the Wage Act of 2025
c19c488e-ae48-4ed2-ba7c-3092b847c192,Sheldon Whitehouse,W000802,gun-policy,cosponsor,S. 1294,2025-04-03,Federal Firearm Licensee Act
c19c488e-ae48-4ed2-ba7c-3092b847c192,Sheldon Whitehouse,W000802,military-intervention,cosponsor,S. 696,2025-02-26,Protecting Our Guests During Hostilities in Ukraine Act
c19c488e-ae48-4ed2-ba7c-3092b847c192,Sheldon Whitehouse,W000802,gun-policy,cosponsor,S. 4706,2024-07-11,Federal Firearm Licensee Act
c19c488e-ae48-4ed2-ba7c-3092b847c192,Sheldon Whitehouse,W000802,minimum-wage,cosponsor,S. 2488,2023-07-25,Raise the Wage Act of 2023
c19c488e-ae48-4ed2-ba7c-3092b847c192,Sheldon Whitehouse,W000802,gun-policy,cosponsor,S. 2048,2023-06-20,Equal Access to Justice for Victims of Gun Violence Act
c19c488e-ae48-4ed2-ba7c-3092b847c192,Sheldon Whitehouse,W000802,israel-military-aid,cosponsor,SRES. 505,2023-12-14,A resolution condemning the use of sexual violence and rape as a weapon of war by the terrorist group Hamas against the people of Israel.
c19c488e-ae48-4ed2-ba7c-3092b847c192,Sheldon Whitehouse,W000802,gun-policy,cosponsor,S. 1819,2023-06-06,3D Printed Gun Safety Act of 2023
c19c488e-ae48-4ed2-ba7c-3092b847c192,Sheldon Whitehouse,W000802,israel-military-aid,cosponsor,SRES. 188,2023-06-08,"A resolution celebrating the 75th anniversary of the founding of the State of Israel, and for other purposes."
c19c488e-ae48-4ed2-ba7c-3092b847c192,Sheldon Whitehouse,W000802,border-security,cosponsor,SRES. 243,2023-06-08,"A resolution recognizing the month of June 2023 as ""Immigrant Heritage Month"", a celebration of the accomplishments and contributions of immigrants and their children in making the United States a healthier, safer, more diverse, prosperous country, and acknowledging the importance of immigrants and their children to the future successes of the United States."
c19c488e-ae48-4ed2-ba7c-3092b847c192,Sheldon Whitehouse,W000802,gun-policy,cosponsor,S. 203,2023-02-01,Crime Gun Tracing Modernization Act of 2023
c19c488e-ae48-4ed2-ba7c-3092b847c192,Sheldon Whitehouse,W000802,gun-policy,cosponsor,S. 1026,2023-03-29,Gun Violence Prevention Research Act of 2023
c19c488e-ae48-4ed2-ba7c-3092b847c192,Sheldon Whitehouse,W000802,gun-policy,cosponsor,S. 25,2023-01-23,Assault Weapons Ban of 2023
c19c488e-ae48-4ed2-ba7c-3092b847c192,Sheldon Whitehouse,W000802,gun-policy,cosponsor,S. 1116,2023-03-30,Background Check Completion Act of 2023
c19c488e-ae48-4ed2-ba7c-3092b847c192,Sheldon Whitehouse,W000802,gun-policy,cosponsor,S. 867,2023-03-16,State Firearms Dealer Licensing Enhancement Act
c19c488e-ae48-4ed2-ba7c-3092b847c192,Sheldon Whitehouse,W000802,gun-policy,cosponsor,S. 598,2023-03-01,Gun Records Restoration and Preservation Act
c19c488e-ae48-4ed2-ba7c-3092b847c192,Sheldon Whitehouse,W000802,gun-policy,cosponsor,S. 252,2023-02-02,Protecting Kids from Gun Marketing Act
c19c488e-ae48-4ed2-ba7c-3092b847c192,Sheldon Whitehouse,W000802,israel-military-aid,cosponsor,SRES. 417,2023-10-19,A resolution standing with Israel against terrorism.
c19c488e-ae48-4ed2-ba7c-3092b847c192,Sheldon Whitehouse,W000802,gun-policy,cosponsor,S. 2652,2023-07-27,Ghost Guns and Untraceable Firearms Act of 2023
c19c488e-ae48-4ed2-ba7c-3092b847c192,Sheldon Whitehouse,W000802,gun-policy,cosponsor,S. 2381,2023-07-19,National Instant Criminal Background Check System (NICS) Data Integrity Act of 2023
c19c488e-ae48-4ed2-ba7c-3092b847c192,Sheldon Whitehouse,W000802,gun-policy,cosponsor,S. 1893,2023-06-08,Resources for Victims of Gun Violence Act of 2023
c19c488e-ae48-4ed2-ba7c-3092b847c192,Sheldon Whitehouse,W000802,gun-policy,cosponsor,S. 1826,2023-06-06,Keeping Gun Dealers Honest Act of 2023
c19c488e-ae48-4ed2-ba7c-3092b847c192,Sheldon Whitehouse,W000802,gun-policy,cosponsor,S. 1737,2023-05-18,Responsible Firearms Marketing Act
c19c488e-ae48-4ed2-ba7c-3092b847c192,Sheldon Whitehouse,W000802,border-security,cosponsor,S. 1343,2023-05-03,Fair Adjudications for Immigrants Act
c19c488e-ae48-4ed2-ba7c-3092b847c192,Sheldon Whitehouse,W000802,gun-policy,cosponsor,S. 494,2023-02-16,Background Check Expansion Act
6ca6aabe-6a7f-46b7-b51d-620a7f5c9913,Shelley Moore Capito,C001047,gun-policy,cosponsor,S. 4671,2026-06-03,Federal Firearms Licensee Protection Act of 2026
6ca6aabe-6a7f-46b7-b51d-620a7f5c9913,Shelley Moore Capito,C001047,gun-policy,cosponsor,S. 3085,2025-10-30,Firearm Access During Shutdowns Act of 2025
6ca6aabe-6a7f-46b7-b51d-620a7f5c9913,Shelley Moore Capito,C001047,israel-military-aid,cosponsor,SRES. 438,2025-10-07,"A resolution condemning the brutal Hamas-led terrorist attack on the State of Israel on October 7, 2023, and supporting an outcome that ensures the forever survival of Israel, the complete denial of Hamas's ability to reconstitute in the region, and the release of all the remaining hostages from the Gaza Strip, including two United States citizens."
6ca6aabe-6a7f-46b7-b51d-620a7f5c9913,Shelley Moore Capito,C001047,gun-policy,cosponsor,SRES. 342,2025-07-29,"A resolution honoring the contributions of small manufacturers of firearms to the economy, culture, and recreational heritage of the United States and recognizing August 2025 as ""National Shooting Sports Month""."
6ca6aabe-6a7f-46b7-b51d-620a7f5c9913,Shelley Moore Capito,C001047,israel-military-aid,cosponsor,S. 1521,2025-04-30,Stand with Israel Act
6ca6aabe-6a7f-46b7-b51d-620a7f5c9913,Shelley Moore Capito,C001047,gun-policy,cosponsor,S. 65,2025-01-09,Constitutional Concealed Carry Reciprocity Act of 2025
6ca6aabe-6a7f-46b7-b51d-620a7f5c9913,Shelley Moore Capito,C001047,israel-military-aid,cosponsor,S. 5303,2024-11-13,Stand with Israel Act
6ca6aabe-6a7f-46b7-b51d-620a7f5c9913,Shelley Moore Capito,C001047,gun-policy,cosponsor,S. 5224,2024-09-25,Modern Firearm Safety Act
6ca6aabe-6a7f-46b7-b51d-620a7f5c9913,Shelley Moore Capito,C001047,israel-military-aid,cosponsor,SRES. 890,2024-09-25,"A resolution condemning the brutal Hamas-led terrorist attack on Israel on October 7, 2023, and supporting an outcome that ensures the forever survival of Israel, the complete denial of the ability of Hamas to reconstitute in the region, and the safe release of United States hostages from the Gaza Strip."
6ca6aabe-6a7f-46b7-b51d-620a7f5c9913,Shelley Moore Capito,C001047,israel-military-aid,cosponsor,S. 4770,2024-07-25,Countering Hate Against Israel by Federal Contractors Act
6ca6aabe-6a7f-46b7-b51d-620a7f5c9913,Shelley Moore Capito,C001047,gun-policy,cosponsor,SJRES. 93,2024-06-05,"A joint resolution providing for congressional disapproval under chapter 8 of title 5, United States Code, of the rule submitted by the Department of Commerce relating to ""Revision of Firearms License Requirements""."
6ca6aabe-6a7f-46b7-b51d-620a7f5c9913,Shelley Moore Capito,C001047,gun-policy,cosponsor,SJRES. 83,2024-05-15,"A joint resolution providing for congressional disapproval under chapter 8 of title 5, United States Code, of the rule submitted by the Bureau of Alcohol, Tobacco, Firearms, and Explosives relating to ""Definition of 'Engaged in the Business' as a Dealer in Firearms""."
6ca6aabe-6a7f-46b7-b51d-620a7f5c9913,Shelley Moore Capito,C001047,israel-military-aid,cosponsor,SRES. 682,2024-05-09,A resolution condemning the decision by the Biden Administration to halt the shipment of United States made ammunition and weapons to the State of Israel.
6ca6aabe-6a7f-46b7-b51d-620a7f5c9913,Shelley Moore Capito,C001047,israel-military-aid,cosponsor,SRES. 617,2024-03-22,A resolution expressing the sense of the Senate that Israel has the inherent right to defend itself and take necessary steps to eradicate the terrorist threat posed by Hamas.
6ca6aabe-6a7f-46b7-b51d-620a7f5c9913,Shelley Moore Capito,C001047,israel-military-aid,cosponsor,SCONRES. 14,2023-07-18,A concurrent resolution expressing the sense of Congress supporting the State of Israel.
6ca6aabe-6a7f-46b7-b51d-620a7f5c9913,Shelley Moore Capito,C001047,border-security,cosponsor,SRES. 45,2023-02-09,A resolution expressing the sense of the Senate that the current influx of migrants is causing a crisis at the southern border.
6ca6aabe-6a7f-46b7-b51d-620a7f5c9913,Shelley Moore Capito,C001047,israel-military-aid,cosponsor,SRES. 188,2023-05-09,"A resolution celebrating the 75th anniversary of the founding of the State of Israel, and for other purposes."
6ca6aabe-6a7f-46b7-b51d-620a7f5c9913,Shelley Moore Capito,C001047,border-security,cosponsor,SRES. 166,2023-04-20,A resolution honoring the efforts of the Coast Guard for excellence in maritime border security.
6ca6aabe-6a7f-46b7-b51d-620a7f5c9913,Shelley Moore Capito,C001047,gun-policy,cosponsor,SJRES. 20,2023-03-15,"A joint resolution providing for congressional disapproval under chapter 8 of title 5, United States Code, of the rule submitted by the Department of Justice and the Bureau of Alcohol, Tobacco, Firearms and Explosives relating to ""Factoring Criteria for Firearms With Attached 'Stabilizing Braces'""."
6ca6aabe-6a7f-46b7-b51d-620a7f5c9913,Shelley Moore Capito,C001047,israel-military-aid,cosponsor,SRES. 445,2023-11-27,A resolution recognizing the importance of the economic relationship between the United States and Israel and affirming that trade facilitated by the United States-Israel Free Trade Agreement is a tool to support the economy of Israel during the conflict with Hamas.
6ca6aabe-6a7f-46b7-b51d-620a7f5c9913,Shelley Moore Capito,C001047,israel-military-aid,cosponsor,SRES. 417,2023-10-19,A resolution standing with Israel against terrorism.
6ca6aabe-6a7f-46b7-b51d-620a7f5c9913,Shelley Moore Capito,C001047,gun-policy,cosponsor,S. 1907,2023-06-08,Federal Firearms Licensee Protection Act of 2023
6ca6aabe-6a7f-46b7-b51d-620a7f5c9913,Shelley Moore Capito,C001047,gun-policy,cosponsor,S. 214,2023-02-01,Constitutional Concealed Carry Reciprocity Act of 2023
6ca6aabe-6a7f-46b7-b51d-620a7f5c9913,Shelley Moore Capito,C001047,border-security,cosponsor,S. 208,2023-02-01,Public Health and Border Security Act of 2023
24109768-01ad-4bab-b833-b7bc1d8f437d,Steve Daines,D000618,border-security,sponsor,S. 4818,2024-07-25,Safeguarding Americans From Extremist Risk (SAFER) at the Border Act
24109768-01ad-4bab-b833-b7bc1d8f437d,Steve Daines,D000618,israel-military-aid,sponsor,S. 3081,2023-10-18,Fortify Israel Act
24109768-01ad-4bab-b833-b7bc1d8f437d,Steve Daines,D000618,gun-policy,cosponsor,SRES. 827,2026-08-05,"A resolution recognizing the 100th anniversary of the creation of the Sporting Arms and Ammunition Manufacturers' Institute, Inc. (SAAMI) and commending its work establishing industry standards that ensure the safe interoperability of firearms and ammunition."
24109768-01ad-4bab-b833-b7bc1d8f437d,Steve Daines,D000618,gun-policy,cosponsor,SRES. 826,2026-08-05,"A resolution honoring the contributions of small manufacturers of firearms to the economy, culture, and recreational heritage of the United States and recognizing the month of August 2026 as ""National Shooting Sports Month""."
24109768-01ad-4bab-b833-b7bc1d8f437d,Steve Daines,D000618,israel-military-aid,cosponsor,S. 3855,2026-06-03,"United States-Israel Framework for Upgraded Technologies, Unified Research, and Enhanced Security (FUTURES) Act of 2026"
24109768-01ad-4bab-b833-b7bc1d8f437d,Steve Daines,D000618,gun-policy,cosponsor,S. 4671,2026-06-03,Federal Firearms Licensee Protection Act of 2026
24109768-01ad-4bab-b833-b7bc1d8f437d,Steve Daines,D000618,gun-policy,cosponsor,S. 3946,2026-02-26,Tribal Firearm Access Act
24109768-01ad-4bab-b833-b7bc1d8f437d,Steve Daines,D000618,gun-policy,cosponsor,S. 3916,2026-02-25,Gun Owner Registration Information Protection Act
24109768-01ad-4bab-b833-b7bc1d8f437d,Steve Daines,D000618,gun-policy,cosponsor,S. 3085,2025-10-30,Firearm Access During Shutdowns Act of 2025
24109768-01ad-4bab-b833-b7bc1d8f437d,Steve Daines,D000618,israel-military-aid,cosponsor,SRES. 438,2025-10-07,"A resolution condemning the brutal Hamas-led terrorist attack on the State of Israel on October 7, 2023, and supporting an outcome that ensures the forever survival of Israel, the complete denial of Hamas's ability to reconstitute in the region, and the release of all the remaining hostages from the Gaza Strip, including two United States citizens."
24109768-01ad-4bab-b833-b7bc1d8f437d,Steve Daines,D000618,israel-military-aid,cosponsor,S. 554,2025-09-30,United States-Israel Defense Partnership Act of 2025
24109768-01ad-4bab-b833-b7bc1d8f437d,Steve Daines,D000618,gun-policy,cosponsor,SRES. 342,2025-07-29,"A resolution honoring the contributions of small manufacturers of firearms to the economy, culture, and recreational heritage of the United States and recognizing August 2025 as ""National Shooting Sports Month""."
24109768-01ad-4bab-b833-b7bc1d8f437d,Steve Daines,D000618,gun-policy,cosponsor,S. 1169,2025-03-27,Freedom from Unfair Gun Taxes Act
24109768-01ad-4bab-b833-b7bc1d8f437d,Steve Daines,D000618,border-security,cosponsor,S. 771,2025-02-27,End FEMA Benefits for Illegal Immigrants Act
24109768-01ad-4bab-b833-b7bc1d8f437d,Steve Daines,D000618,border-security,cosponsor,S. 481,2025-02-06,Securing our Border Act
24109768-01ad-4bab-b833-b7bc1d8f437d,Steve Daines,D000618,border-security,cosponsor,S. 112,2025-01-16,Make the Migrant Protection Protocols Mandatory Act of 2025
24109768-01ad-4bab-b833-b7bc1d8f437d,Steve Daines,D000618,gun-policy,cosponsor,S. 119,2025-01-16,No Retaining Every Gun In a System That Restricts Your Rights Act
24109768-01ad-4bab-b833-b7bc1d8f437d,Steve Daines,D000618,gun-policy,cosponsor,S. 89,2025-01-14,Sporting Firearms Access Act of 2025
24109768-01ad-4bab-b833-b7bc1d8f437d,Steve Daines,D000618,gun-policy,cosponsor,S. 65,2025-01-09,Constitutional Concealed Carry Reciprocity Act of 2025
24109768-01ad-4bab-b833-b7bc1d8f437d,Steve Daines,D000618,israel-military-aid,cosponsor,S. 5303,2024-11-13,Stand with Israel Act
24109768-01ad-4bab-b833-b7bc1d8f437d,Steve Daines,D000618,gun-policy,cosponsor,S. 5224,2024-09-25,Modern Firearm Safety Act
24109768-01ad-4bab-b833-b7bc1d8f437d,Steve Daines,D000618,israel-military-aid,cosponsor,SRES. 890,2024-09-25,"A resolution condemning the brutal Hamas-led terrorist attack on Israel on October 7, 2023, and supporting an outcome that ensures the forever survival of Israel, the complete denial of the ability of Hamas to reconstitute in the region, and the safe release of United States hostages from the Gaza Strip."
24109768-01ad-4bab-b833-b7bc1d8f437d,Steve Daines,D000618,gun-policy,cosponsor,S. 1907,2024-09-23,Federal Firearms Licensee Protection Act of 2023
24109768-01ad-4bab-b833-b7bc1d8f437d,Steve Daines,D000618,gun-policy,cosponsor,S. 4960,2024-08-01,Freedom from Unfair Gun Taxes Act
24109768-01ad-4bab-b833-b7bc1d8f437d,Steve Daines,D000618,gun-policy,cosponsor,S. 4652,2024-07-10,Firearms Interstate Commerce Reform Act
24109768-01ad-4bab-b833-b7bc1d8f437d,Steve Daines,D000618,border-security,cosponsor,S. 4558,2024-06-17,Tribal Border Crossing Parity Act
24109768-01ad-4bab-b833-b7bc1d8f437d,Steve Daines,D000618,gun-policy,cosponsor,SJRES. 93,2024-06-05,"A joint resolution providing for congressional disapproval under chapter 8 of title 5, United States Code, of the rule submitted by the Department of Commerce relating to ""Revision of Firearms License Requirements""."
24109768-01ad-4bab-b833-b7bc1d8f437d,Steve Daines,D000618,border-security,cosponsor,SRES. 705,2024-05-23,"A resolution recognizing May 28, 2024, as the 100th anniversary of the U.S. Border Patrol and commending the service of the U.S. Border Patrol to the United States people."
24109768-01ad-4bab-b833-b7bc1d8f437d,Steve Daines,D000618,gun-policy,cosponsor,SJRES. 83,2024-05-15,"A joint resolution providing for congressional disapproval under chapter 8 of title 5, United States Code, of the rule submitted by the Bureau of Alcohol, Tobacco, Firearms, and Explosives relating to ""Definition of 'Engaged in the Business' as a Dealer in Firearms""."
24109768-01ad-4bab-b833-b7bc1d8f437d,Steve Daines,D000618,israel-military-aid,cosponsor,S. 4337,2024-05-15,Israel Security Assistance Support Act
24109768-01ad-4bab-b833-b7bc1d8f437d,Steve Daines,D000618,israel-military-aid,cosponsor,SRES. 682,2024-05-09,A resolution condemning the decision by the Biden Administration to halt the shipment of United States made ammunition and weapons to the State of Israel.
24109768-01ad-4bab-b833-b7bc1d8f437d,Steve Daines,D000618,israel-military-aid,cosponsor,SRES. 617,2024-03-22,A resolution expressing the sense of the Senate that Israel has the inherent right to defend itself and take necessary steps to eradicate the terrorist threat posed by Hamas.
24109768-01ad-4bab-b833-b7bc1d8f437d,Steve Daines,D000618,border-security,cosponsor,S. 2562,2023-07-27,A bill to require ports of entry along the northern border to remain open as many hours per day as they were open prior to the COVID-19 pandemic.
24109768-01ad-4bab-b833-b7bc1d8f437d,Steve Daines,D000618,gun-policy,cosponsor,S. 3531,2023-12-14,Protect American Gun Exporters Act
24109768-01ad-4bab-b833-b7bc1d8f437d,Steve Daines,D000618,border-security,cosponsor,S. 3187,2023-11-01,Southern Border Transparency Act of 2023
24109768-01ad-4bab-b833-b7bc1d8f437d,Steve Daines,D000618,border-security,cosponsor,S. 2824,2023-09-14,Secure the Border Act of 2023
24109768-01ad-4bab-b833-b7bc1d8f437d,Steve Daines,D000618,israel-military-aid,cosponsor,SCONRES. 14,2023-07-18,A concurrent resolution expressing the sense of Congress supporting the State of Israel.
24109768-01ad-4bab-b833-b7bc1d8f437d,Steve Daines,D000618,gun-policy,cosponsor,S. 1680,2023-05-18,Gun Owner Registration Information Protection Act
24109768-01ad-4bab-b833-b7bc1d8f437d,Steve Daines,D000618,gun-policy,cosponsor,S. 3812,2024-02-27,FIREARM Act
24109768-01ad-4bab-b833-b7bc1d8f437d,Steve Daines,D000618,border-security,cosponsor,S. 1192,2023-04-19,Stop Fentanyl Border Crossings Act
24109768-01ad-4bab-b833-b7bc1d8f437d,Steve Daines,D000618,border-security,cosponsor,S. 1312,2023-04-26,Securing our Border Act
24109768-01ad-4bab-b833-b7bc1d8f437d,Steve Daines,D000618,border-security,cosponsor,S. 685,2023-03-07,Stopping Border Surges Act
24109768-01ad-4bab-b833-b7bc1d8f437d,Steve Daines,D000618,gun-policy,cosponsor,SJRES. 20,2023-03-15,"A joint resolution providing for congressional disapproval under chapter 8 of title 5, United States Code, of the rule submitted by the Department of Justice and the Bureau of Alcohol, Tobacco, Firearms and Explosives relating to ""Factoring Criteria for Firearms With Attached 'Stabilizing Braces'""."
24109768-01ad-4bab-b833-b7bc1d8f437d,Steve Daines,D000618,israel-military-aid,cosponsor,SRES. 445,2023-11-27,A resolution recognizing the importance of the economic relationship between the United States and Israel and affirming that trade facilitated by the United States-Israel Free Trade Agreement is a tool to support the economy of Israel during the conflict with Hamas.
24109768-01ad-4bab-b833-b7bc1d8f437d,Steve Daines,D000618,gun-policy,cosponsor,S. 909,2023-11-08,Tribal Firearm Access Act
24109768-01ad-4bab-b833-b7bc1d8f437d,Steve Daines,D000618,israel-military-aid,cosponsor,SRES. 417,2023-10-19,A resolution standing with Israel against terrorism.
24109768-01ad-4bab-b833-b7bc1d8f437d,Steve Daines,D000618,cannabis-policy,cosponsor,S. 980,2023-06-12,Industrial Hemp Act of 2023
24109768-01ad-4bab-b833-b7bc1d8f437d,Steve Daines,D000618,border-security,cosponsor,S. 1479,2023-05-09,Make the Migrant Protection Protocols Mandatory Act of 2023
24109768-01ad-4bab-b833-b7bc1d8f437d,Steve Daines,D000618,gun-policy,cosponsor,S. 214,2023-02-01,Constitutional Concealed Carry Reciprocity Act of 2023
6b817122-f196-4b72-b0b4-2d9763c4be47,Susan M. Collins,C001035,border-security,sponsor,S. 255,2023-02-02,Asylum Seeker Work Authorization Act of 2023
6b817122-f196-4b72-b0b4-2d9763c4be47,Susan M. Collins,C001035,israel-military-aid,cosponsor,S. 3855,2026-02-24,"United States-Israel Framework for Upgraded Technologies, Unified Research, and Enhanced Security (FUTURES) Act of 2026"
6b817122-f196-4b72-b0b4-2d9763c4be47,Susan M. Collins,C001035,border-security,cosponsor,S. 727,2025-11-18,U.S. Customs and Border Protection Officer Retirement Technical Corrections Act
6b817122-f196-4b72-b0b4-2d9763c4be47,Susan M. Collins,C001035,israel-military-aid,cosponsor,SRES. 438,2025-10-07,"A resolution condemning the brutal Hamas-led terrorist attack on the State of Israel on October 7, 2023, and supporting an outcome that ensures the forever survival of Israel, the complete denial of Hamas's ability to reconstitute in the region, and the release of all the remaining hostages from the Gaza Strip, including two United States citizens."
6b817122-f196-4b72-b0b4-2d9763c4be47,Susan M. Collins,C001035,israel-military-aid,cosponsor,S. 1521,2025-06-12,Stand with Israel Act
6b817122-f196-4b72-b0b4-2d9763c4be47,Susan M. Collins,C001035,israel-military-aid,cosponsor,S. 554,2025-05-20,United States-Israel Defense Partnership Act of 2025
6b817122-f196-4b72-b0b4-2d9763c4be47,Susan M. Collins,C001035,israel-military-aid,cosponsor,SRES. 227,2025-05-14,"A resolution condemning Hamas for its premeditated, coordinated, and brutal terrorist attacks on October 7, 2023, against Israel and demanding that Hamas immediately release all remaining hostages and return them to safety, and for other purposes."
6b817122-f196-4b72-b0b4-2d9763c4be47,Susan M. Collins,C001035,border-security,cosponsor,S. 850,2025-03-05,Northern Border Security Enhancement and Review Act
6b817122-f196-4b72-b0b4-2d9763c4be47,Susan M. Collins,C001035,israel-military-aid,cosponsor,S. 5303,2024-11-13,Stand with Israel Act
6b817122-f196-4b72-b0b4-2d9763c4be47,Susan M. Collins,C001035,israel-military-aid,cosponsor,SRES. 890,2024-09-25,"A resolution condemning the brutal Hamas-led terrorist attack on Israel on October 7, 2023, and supporting an outcome that ensures the forever survival of Israel, the complete denial of the ability of Hamas to reconstitute in the region, and the safe release of United States hostages from the Gaza Strip."
6b817122-f196-4b72-b0b4-2d9763c4be47,Susan M. Collins,C001035,border-security,cosponsor,SRES. 705,2024-05-23,"A resolution recognizing May 28, 2024, as the 100th anniversary of the U.S. Border Patrol and commending the service of the U.S. Border Patrol to the United States people."
6b817122-f196-4b72-b0b4-2d9763c4be47,Susan M. Collins,C001035,israel-military-aid,cosponsor,SRES. 682,2024-05-09,A resolution condemning the decision by the Biden Administration to halt the shipment of United States made ammunition and weapons to the State of Israel.
6b817122-f196-4b72-b0b4-2d9763c4be47,Susan M. Collins,C001035,israel-military-aid,cosponsor,SRES. 620,2024-03-22,"A resolution demanding that the international community hold accountable those who perpetrated acts of sexual violence and sexual torture during and after the attack on the State of Israel on October 7, 2023."
6b817122-f196-4b72-b0b4-2d9763c4be47,Susan M. Collins,C001035,israel-military-aid,cosponsor,SRES. 505,2023-12-14,A resolution condemning the use of sexual violence and rape as a weapon of war by the terrorist group Hamas against the people of Israel.
6b817122-f196-4b72-b0b4-2d9763c4be47,Susan M. Collins,C001035,border-security,cosponsor,S. 3187,2023-11-01,Southern Border Transparency Act of 2023
6b817122-f196-4b72-b0b4-2d9763c4be47,Susan M. Collins,C001035,israel-military-aid,cosponsor,SRES. 408,2023-11-06,"A resolution condemning Hamas for its premeditated, coordinated, and brutal terrorist attacks on Israel and demanding that Hamas immediately release all hostages and return them to safety, and for other purposes."
6b817122-f196-4b72-b0b4-2d9763c4be47,Susan M. Collins,C001035,israel-military-aid,cosponsor,S. 1802,2023-06-08,United States-Israel Future of Warfare Act of 2023
6b817122-f196-4b72-b0b4-2d9763c4be47,Susan M. Collins,C001035,israel-military-aid,cosponsor,S. 1143,2023-03-30,United States-Israel PTSD Collaborative Research Act
6b817122-f196-4b72-b0b4-2d9763c4be47,Susan M. Collins,C001035,israel-military-aid,cosponsor,SRES. 462,2023-11-14,"A resolution emphasizing the urgency of responding to attacks in Israel and the greater region from the Islamic Republic of Iran and its proxies, and for other purposes."
6b817122-f196-4b72-b0b4-2d9763c4be47,Susan M. Collins,C001035,israel-military-aid,cosponsor,SRES. 417,2023-10-19,A resolution standing with Israel against terrorism.
6b817122-f196-4b72-b0b4-2d9763c4be47,Susan M. Collins,C001035,border-security,cosponsor,S. 311,2023-07-26,U.S. Customs and Border Protection Officer Retirement Technical Corrections Act
6b817122-f196-4b72-b0b4-2d9763c4be47,Susan M. Collins,C001035,border-security,cosponsor,S. 2291,2023-07-13,Northern Border Coordination Act
6b817122-f196-4b72-b0b4-2d9763c4be47,Susan M. Collins,C001035,border-security,cosponsor,S. 292,2023-02-07,Northern Border Regional Commission Reauthorization Act of 2023
ac7faadb-52c2-4e13-9073-3a607a4f8e57,Tammy Baldwin,B001230,military-intervention,sponsor,SJRES. 114,2026-03-05,A joint resolution to direct the removal of United States Armed Forces from hostilities within or against the Islamic Republic of Iran that have not been authorized by Congress.
ac7faadb-52c2-4e13-9073-3a607a4f8e57,Tammy Baldwin,B001230,military-intervention,cosponsor,SJRES. 211,2026-08-06,A joint resolution to direct the removal of United States Armed Forces from hostilities within or against the Islamic Republic of Iran that have not been authorized by Congress.
ac7faadb-52c2-4e13-9073-3a607a4f8e57,Tammy Baldwin,B001230,defense-spending,cosponsor,S. 5189,2026-07-30,"A bill to amend title 10, United States Code, and the National Defense Authorization Act for Fiscal Year 1994, to codify and clarify gender neutral standards for members of certain Armed Forces, and for other purposes."
ac7faadb-52c2-4e13-9073-3a607a4f8e57,Tammy Baldwin,B001230,military-intervention,cosponsor,SJRES. 181,2026-07-28,A joint resolution to direct the removal of United States Armed Forces from hostilities within or against the Islamic Republic of Iran that have not been authorized by Congress.
ac7faadb-52c2-4e13-9073-3a607a4f8e57,Tammy Baldwin,B001230,gun-policy,cosponsor,SRES. 756,2026-06-08,"A resolution expressing support for the designation of June 5, 2026, as ""National Gun Violence Awareness Day"" and June 2026 as ""National Gun Violence Awareness Month""."
ac7faadb-52c2-4e13-9073-3a607a4f8e57,Tammy Baldwin,B001230,military-intervention,cosponsor,SJRES. 163,2026-04-30,A joint resolution to direct the removal of United States Armed Forces from hostilities within or against the Islamic Republic of Iran that have not been authorized by Congress.
ac7faadb-52c2-4e13-9073-3a607a4f8e57,Tammy Baldwin,B001230,military-intervention,cosponsor,SJRES. 185,2026-04-27,A joint resolution to direct the removal of United States Armed Forces from hostilities within or against the Islamic Republic of Iran that have not been authorized by Congress.
ac7faadb-52c2-4e13-9073-3a607a4f8e57,Tammy Baldwin,B001230,military-intervention,cosponsor,SJRES. 180,2026-04-21,A joint resolution to direct the removal of United States Armed Forces from hostilities within or against the Islamic Republic of Iran that have not been authorized by Congress.
ac7faadb-52c2-4e13-9073-3a607a4f8e57,Tammy Baldwin,B001230,military-intervention,cosponsor,SJRES. 171,2026-04-20,A joint resolution to direct the removal of United States Armed Forces from hostilities within or against the Islamic Republic of Iran that have not been authorized by Congress.
ac7faadb-52c2-4e13-9073-3a607a4f8e57,Tammy Baldwin,B001230,military-intervention,cosponsor,SJRES. 161,2026-04-16,A joint resolution to direct the removal of United States Armed Forces from hostilities within or against the Islamic Republic of Iran that have not been authorized by Congress.
ac7faadb-52c2-4e13-9073-3a607a4f8e57,Tammy Baldwin,B001230,military-intervention,cosponsor,SJRES. 184,2026-04-16,A joint resolution to direct the removal of United States Armed Forces from hostilities within or against the Islamic Republic of Iran that have not been authorized by Congress.
ac7faadb-52c2-4e13-9073-3a607a4f8e57,Tammy Baldwin,B001230,military-intervention,cosponsor,SJRES. 117,2026-03-21,A joint resolution to direct the removal of United States Armed Forces from hostilities within or against the Islamic Republic of Iran that have not been authorized by Congress.
ac7faadb-52c2-4e13-9073-3a607a4f8e57,Tammy Baldwin,B001230,military-intervention,cosponsor,SJRES. 116,2026-03-20,A joint resolution to direct the removal of United States Armed Forces from hostilities within or against the Islamic Republic of Iran that have not been authorized by Congress.
ac7faadb-52c2-4e13-9073-3a607a4f8e57,Tammy Baldwin,B001230,military-intervention,cosponsor,SJRES. 118,2026-03-18,A joint resolution to direct the removal of United States Armed Forces from hostilities within or against the Islamic Republic of Iran that have not been authorized by Congress.
ac7faadb-52c2-4e13-9073-3a607a4f8e57,Tammy Baldwin,B001230,military-intervention,cosponsor,SJRES. 123,2026-03-10,A joint resolution to direct the removal of United States Armed Forces from hostilities within or against the Islamic Republic of Iran that have not been authorized by Congress.
ac7faadb-52c2-4e13-9073-3a607a4f8e57,Tammy Baldwin,B001230,military-intervention,cosponsor,SJRES. 98,2026-01-07,A joint resolution to direct the removal of United States Armed Forces from hostilities within or against Venezuela that have not been authorized by Congress.
ac7faadb-52c2-4e13-9073-3a607a4f8e57,Tammy Baldwin,B001230,2020-election,cosponsor,SRES. 574,2026-01-06,"A resolution observing the fifth anniversary of the attack on the United States Capitol on January 6, 2021, and recognizing the essential work of United States Capitol personnel, including the United States Capitol Police."
ac7faadb-52c2-4e13-9073-3a607a4f8e57,Tammy Baldwin,B001230,gun-policy,cosponsor,S. 3458,2025-12-11,Background Check Completion Act of 2025
ac7faadb-52c2-4e13-9073-3a607a4f8e57,Tammy Baldwin,B001230,gun-policy,cosponsor,S. 3214,2025-11-19,Background Check Expansion Act
ac7faadb-52c2-4e13-9073-3a607a4f8e57,Tammy Baldwin,B001230,israel-military-aid,cosponsor,SRES. 410,2025-09-18,"A resolution calling on the President to recognize a demilitarized State of Palestine, as consistent with international law and the principles of a two-state solution, alongside a secure State of Israel."
ac7faadb-52c2-4e13-9073-3a607a4f8e57,Tammy Baldwin,B001230,gun-policy,cosponsor,S. 2514,2025-07-29,Gun Violence Prevention Research Act of 2025
ac7faadb-52c2-4e13-9073-3a607a4f8e57,Tammy Baldwin,B001230,gun-policy,cosponsor,S. 2165,2025-06-25,3D Printed Gun Safety Act of 2025
ac7faadb-52c2-4e13-9073-3a607a4f8e57,Tammy Baldwin,B001230,gun-policy,cosponsor,S. 1955,2025-06-04,Equal Access to Justice for Victims of Gun Violence Act
ac7faadb-52c2-4e13-9073-3a607a4f8e57,Tammy Baldwin,B001230,gun-policy,cosponsor,SRES. 260,2025-06-02,"A resolution expressing support for the designation of June 6, 2025, as ""National Gun Violence Awareness Day"" and June 2025 as ""National Gun Violence Awareness Month""."
ac7faadb-52c2-4e13-9073-3a607a4f8e57,Tammy Baldwin,B001230,gun-policy,cosponsor,S. 1531,2025-04-30,Assault Weapons Ban of 2025
ac7faadb-52c2-4e13-9073-3a607a4f8e57,Tammy Baldwin,B001230,minimum-wage,cosponsor,S. 1332,2025-04-08,Raise the Wage Act of 2025
ac7faadb-52c2-4e13-9073-3a607a4f8e57,Tammy Baldwin,B001230,gun-policy,cosponsor,S. 595,2025-02-13,Office of Gun Violence Prevention Act of 2025
ac7faadb-52c2-4e13-9073-3a607a4f8e57,Tammy Baldwin,B001230,gun-policy,cosponsor,SRES. 716,2024-06-03,"A resolution expressing support for the designation of June 7, 2024, as ""National Gun Violence Awareness Day"" and June 2024 as ""National Gun Violence Awareness Month""."
ac7faadb-52c2-4e13-9073-3a607a4f8e57,Tammy Baldwin,B001230,minimum-wage,cosponsor,S. 2488,2023-07-25,Raise the Wage Act of 2023
ac7faadb-52c2-4e13-9073-3a607a4f8e57,Tammy Baldwin,B001230,gun-policy,cosponsor,S. 2048,2023-06-20,Equal Access to Justice for Victims of Gun Violence Act
ac7faadb-52c2-4e13-9073-3a607a4f8e57,Tammy Baldwin,B001230,border-security,cosponsor,S. 3591,2024-01-16,Stop Fentanyl at the Border Act
ac7faadb-52c2-4e13-9073-3a607a4f8e57,Tammy Baldwin,B001230,gun-policy,cosponsor,S. 1819,2023-06-06,3D Printed Gun Safety Act of 2023
ac7faadb-52c2-4e13-9073-3a607a4f8e57,Tammy Baldwin,B001230,israel-military-aid,cosponsor,SRES. 188,2023-05-16,"A resolution celebrating the 75th anniversary of the founding of the State of Israel, and for other purposes."
ac7faadb-52c2-4e13-9073-3a607a4f8e57,Tammy Baldwin,B001230,border-security,cosponsor,S. 1600,2023-05-15,"Border Management, Security, and Assistance Act of 2023"
ac7faadb-52c2-4e13-9073-3a607a4f8e57,Tammy Baldwin,B001230,gun-policy,cosponsor,S. 1026,2023-03-29,Gun Violence Prevention Research Act of 2023
ac7faadb-52c2-4e13-9073-3a607a4f8e57,Tammy Baldwin,B001230,gun-policy,cosponsor,S. 25,2023-01-23,Assault Weapons Ban of 2023
ac7faadb-52c2-4e13-9073-3a607a4f8e57,Tammy Baldwin,B001230,gun-policy,cosponsor,S. 1116,2023-03-30,Background Check Completion Act of 2023
ac7faadb-52c2-4e13-9073-3a607a4f8e57,Tammy Baldwin,B001230,israel-military-aid,cosponsor,SRES. 417,2023-10-19,A resolution standing with Israel against terrorism.
ac7faadb-52c2-4e13-9073-3a607a4f8e57,Tammy Baldwin,B001230,gun-policy,cosponsor,SRES. 231,2023-06-01,"A resolution expressing support for the designation of June 2, 2023, as ""National Gun Violence Awareness Day"" and June 2023 as ""National Gun Violence Awareness Month""."
ac7faadb-52c2-4e13-9073-3a607a4f8e57,Tammy Baldwin,B001230,gun-policy,cosponsor,S. 494,2023-02-16,Background Check Expansion Act
059dab9f-a79a-4664-b4cf-26b0655c596f,Tammy Duckworth,D000622,gun-policy,sponsor,S. 4921,2026-06-24,Blair Holt Firearm Owner Licensing and Record of Sale Act of 2026
059dab9f-a79a-4664-b4cf-26b0655c596f,Tammy Duckworth,D000622,military-intervention,sponsor,SJRES. 123,2026-03-10,A joint resolution to direct the removal of United States Armed Forces from hostilities within or against the Islamic Republic of Iran that have not been authorized by Congress.
059dab9f-a79a-4664-b4cf-26b0655c596f,Tammy Duckworth,D000622,2020-election,sponsor,SRES. 657,2026-03-23,"A resolution commending Taiwan on the 30th anniversary of its first direct presidential election in 1996, and expressing support for Taiwan in the preservation of its democratic institutions."
059dab9f-a79a-4664-b4cf-26b0655c596f,Tammy Duckworth,D000622,gun-policy,sponsor,S. 4313,2024-05-09,Blair Holt Firearm Owner Licensing and Record of Sale Act of 2024
059dab9f-a79a-4664-b4cf-26b0655c596f,Tammy Duckworth,D000622,border-security,sponsor,SRES. 346,2023-09-18,"A resolution honoring the Thai-American garment workers who opened the country's eyes to sweatshop conditions in the United States and, against all odds, expanded rights for immigrant workers and survivors of human trafficking while holding corporations responsible for the conditions in which their clothes are made."
059dab9f-a79a-4664-b4cf-26b0655c596f,Tammy Duckworth,D000622,military-intervention,cosponsor,SJRES. 211,2026-08-06,A joint resolution to direct the removal of United States Armed Forces from hostilities within or against the Islamic Republic of Iran that have not been authorized by Congress.
059dab9f-a79a-4664-b4cf-26b0655c596f,Tammy Duckworth,D000622,defense-spending,cosponsor,S. 5189,2026-07-30,"A bill to amend title 10, United States Code, and the National Defense Authorization Act for Fiscal Year 1994, to codify and clarify gender neutral standards for members of certain Armed Forces, and for other purposes."
059dab9f-a79a-4664-b4cf-26b0655c596f,Tammy Duckworth,D000622,gun-policy,cosponsor,S. 4926,2026-06-24,State Firearms Dealer Licensing Enhancement Act
059dab9f-a79a-4664-b4cf-26b0655c596f,Tammy Duckworth,D000622,gun-policy,cosponsor,S. 4776,2026-06-11,Gun Records Restoration and Preservation Act
059dab9f-a79a-4664-b4cf-26b0655c596f,Tammy Duckworth,D000622,gun-policy,cosponsor,SRES. 260,2026-06-08,"A resolution expressing support for the designation of June 6, 2025, as ""National Gun Violence Awareness Day"" and June 2025 as ""National Gun Violence Awareness Month""."
059dab9f-a79a-4664-b4cf-26b0655c596f,Tammy Duckworth,D000622,gun-policy,cosponsor,SRES. 756,2026-06-08,"A resolution expressing support for the designation of June 5, 2026, as ""National Gun Violence Awareness Day"" and June 2026 as ""National Gun Violence Awareness Month""."
059dab9f-a79a-4664-b4cf-26b0655c596f,Tammy Duckworth,D000622,military-intervention,cosponsor,SJRES. 163,2026-04-30,A joint resolution to direct the removal of United States Armed Forces from hostilities within or against the Islamic Republic of Iran that have not been authorized by Congress.
059dab9f-a79a-4664-b4cf-26b0655c596f,Tammy Duckworth,D000622,military-intervention,cosponsor,SJRES. 191,2026-04-30,A joint resolution to direct removal of United States Armed Forces from hostilities within or against the Islamic Republic of Iran that have not been authorized by Congress.
059dab9f-a79a-4664-b4cf-26b0655c596f,Tammy Duckworth,D000622,military-intervention,cosponsor,SJRES. 124,2026-04-27,A joint resolution to direct the removal of United States Armed Forces from hostilities within or against the Republic of Cuba that have not been authorized by Congress.
059dab9f-a79a-4664-b4cf-26b0655c596f,Tammy Duckworth,D000622,military-intervention,cosponsor,SJRES. 184,2026-04-27,A joint resolution to direct the removal of United States Armed Forces from hostilities within or against the Islamic Republic of Iran that have not been authorized by Congress.
059dab9f-a79a-4664-b4cf-26b0655c596f,Tammy Duckworth,D000622,military-intervention,cosponsor,SJRES. 185,2026-04-27,A joint resolution to direct the removal of United States Armed Forces from hostilities within or against the Islamic Republic of Iran that have not been authorized by Congress.
059dab9f-a79a-4664-b4cf-26b0655c596f,Tammy Duckworth,D000622,military-intervention,cosponsor,SJRES. 114,2026-04-16,A joint resolution to direct the removal of United States Armed Forces from hostilities within or against the Islamic Republic of Iran that have not been authorized by Congress.
059dab9f-a79a-4664-b4cf-26b0655c596f,Tammy Duckworth,D000622,military-intervention,cosponsor,SJRES. 116,2026-03-20,A joint resolution to direct the removal of United States Armed Forces from hostilities within or against the Islamic Republic of Iran that have not been authorized by Congress.
059dab9f-a79a-4664-b4cf-26b0655c596f,Tammy Duckworth,D000622,military-intervention,cosponsor,SJRES. 118,2026-03-18,A joint resolution to direct the removal of United States Armed Forces from hostilities within or against the Islamic Republic of Iran that have not been authorized by Congress.
059dab9f-a79a-4664-b4cf-26b0655c596f,Tammy Duckworth,D000622,military-intervention,cosponsor,SJRES. 104,2026-02-26,A joint resolution to direct the removal of United States Armed Forces from hostilities within or against the Islamic Republic of Iran that have not been authorized by Congress.
059dab9f-a79a-4664-b4cf-26b0655c596f,Tammy Duckworth,D000622,border-security,cosponsor,S. 3702,2026-01-27,Dignity for Detained Immigrants Act
059dab9f-a79a-4664-b4cf-26b0655c596f,Tammy Duckworth,D000622,gun-policy,cosponsor,SCONRES. 25,2026-01-08,"A concurrent resolution recognizing the 15th anniversary of the January 8, 2011, Tucson, Arizona, shooting and honoring the survivors and victims, including former Congresswoman Gabby Giffords, a gun violence survivor and one of the most influential voices of courage in the United States in the fight to end gun violence."
059dab9f-a79a-4664-b4cf-26b0655c596f,Tammy Duckworth,D000622,military-intervention,cosponsor,SJRES. 98,2026-01-06,A joint resolution to direct the removal of United States Armed Forces from hostilities within or against Venezuela that have not been authorized by Congress.
059dab9f-a79a-4664-b4cf-26b0655c596f,Tammy Duckworth,D000622,2020-election,cosponsor,SRES. 574,2026-01-06,"A resolution observing the fifth anniversary of the attack on the United States Capitol on January 6, 2021, and recognizing the essential work of United States Capitol personnel, including the United States Capitol Police."
059dab9f-a79a-4664-b4cf-26b0655c596f,Tammy Duckworth,D000622,gun-policy,cosponsor,S. 3458,2025-12-11,Background Check Completion Act of 2025
059dab9f-a79a-4664-b4cf-26b0655c596f,Tammy Duckworth,D000622,gun-policy,cosponsor,S. 3214,2025-11-19,Background Check Expansion Act
059dab9f-a79a-4664-b4cf-26b0655c596f,Tammy Duckworth,D000622,military-intervention,cosponsor,SJRES. 90,2025-11-05,A joint resolution to direct the removal of United States Armed Forces from hostilities within or against Venezuela that have not been authorized by Congress.
059dab9f-a79a-4664-b4cf-26b0655c596f,Tammy Duckworth,D000622,military-intervention,cosponsor,SJRES. 83,2025-10-08,A joint resolution to direct the removal of United States Armed Forces from hostilities that have not been authorized by Congress.
059dab9f-a79a-4664-b4cf-26b0655c596f,Tammy Duckworth,D000622,gun-policy,cosponsor,S. 2514,2025-07-29,Gun Violence Prevention Research Act of 2025
059dab9f-a79a-4664-b4cf-26b0655c596f,Tammy Duckworth,D000622,gun-policy,cosponsor,S. 2192,2025-06-26,Clean Hands Firearm Procurement Act
059dab9f-a79a-4664-b4cf-26b0655c596f,Tammy Duckworth,D000622,gun-policy,cosponsor,S. 2165,2025-06-25,3D Printed Gun Safety Act of 2025
059dab9f-a79a-4664-b4cf-26b0655c596f,Tammy Duckworth,D000622,gun-policy,cosponsor,S. 2154,2025-06-24,Protecting Kids from Gun Marketing Act
059dab9f-a79a-4664-b4cf-26b0655c596f,Tammy Duckworth,D000622,gun-policy,cosponsor,S. 2155,2025-06-24,Keeping Gun Dealers Honest Act of 2025
059dab9f-a79a-4664-b4cf-26b0655c596f,Tammy Duckworth,D000622,border-security,cosponsor,S. 1965,2025-06-05,Protect Vulnerable Immigrant Youth Act
059dab9f-a79a-4664-b4cf-26b0655c596f,Tammy Duckworth,D000622,gun-policy,cosponsor,S. 1955,2025-06-04,Equal Access to Justice for Victims of Gun Violence Act
059dab9f-a79a-4664-b4cf-26b0655c596f,Tammy Duckworth,D000622,israel-military-aid,cosponsor,SRES. 227,2025-05-14,"A resolution condemning Hamas for its premeditated, coordinated, and brutal terrorist attacks on October 7, 2023, against Israel and demanding that Hamas immediately release all remaining hostages and return them to safety, and for other purposes."
059dab9f-a79a-4664-b4cf-26b0655c596f,Tammy Duckworth,D000622,gun-policy,cosponsor,S. 1531,2025-04-30,Assault Weapons Ban of 2025
059dab9f-a79a-4664-b4cf-26b0655c596f,Tammy Duckworth,D000622,gun-policy,cosponsor,S. 1466,2025-04-10,Resources for Victims of Gun Violence Act of 2025
059dab9f-a79a-4664-b4cf-26b0655c596f,Tammy Duckworth,D000622,minimum-wage,cosponsor,S. 1332,2025-04-08,Raise the Wage Act of 2025
059dab9f-a79a-4664-b4cf-26b0655c596f,Tammy Duckworth,D000622,military-intervention,cosponsor,S. 696,2025-02-24,Protecting Our Guests During Hostilities in Ukraine Act
059dab9f-a79a-4664-b4cf-26b0655c596f,Tammy Duckworth,D000622,gun-policy,cosponsor,S. 5209,2024-09-25,Clean Hands Firearm Procurement Act
059dab9f-a79a-4664-b4cf-26b0655c596f,Tammy Duckworth,D000622,border-security,cosponsor,S. 1885,2024-06-17,Protect Vulnerable Immigrant Youth Act
059dab9f-a79a-4664-b4cf-26b0655c596f,Tammy Duckworth,D000622,gun-policy,cosponsor,SRES. 716,2024-06-03,"A resolution expressing support for the designation of June 7, 2024, as ""National Gun Violence Awareness Day"" and June 2024 as ""National Gun Violence Awareness Month""."
059dab9f-a79a-4664-b4cf-26b0655c596f,Tammy Duckworth,D000622,minimum-wage,cosponsor,S. 2488,2023-07-25,Raise the Wage Act of 2023
059dab9f-a79a-4664-b4cf-26b0655c596f,Tammy Duckworth,D000622,gun-policy,cosponsor,S. 2048,2023-06-20,Equal Access to Justice for Victims of Gun Violence Act
059dab9f-a79a-4664-b4cf-26b0655c596f,Tammy Duckworth,D000622,israel-military-aid,cosponsor,SRES. 505,2023-12-14,A resolution condemning the use of sexual violence and rape as a weapon of war by the terrorist group Hamas against the people of Israel.
059dab9f-a79a-4664-b4cf-26b0655c596f,Tammy Duckworth,D000622,gun-policy,cosponsor,S. 1819,2023-06-06,3D Printed Gun Safety Act of 2023
059dab9f-a79a-4664-b4cf-26b0655c596f,Tammy Duckworth,D000622,israel-military-aid,cosponsor,SRES. 408,2023-10-17,"A resolution condemning Hamas for its premeditated, coordinated, and brutal terrorist attacks on Israel and demanding that Hamas immediately release all hostages and return them to safety, and for other purposes."
059dab9f-a79a-4664-b4cf-26b0655c596f,Tammy Duckworth,D000622,border-security,cosponsor,SRES. 243,2023-06-08,"A resolution recognizing the month of June 2023 as ""Immigrant Heritage Month"", a celebration of the accomplishments and contributions of immigrants and their children in making the United States a healthier, safer, more diverse, prosperous country, and acknowledging the importance of immigrants and their children to the future successes of the United States."
059dab9f-a79a-4664-b4cf-26b0655c596f,Tammy Duckworth,D000622,israel-military-aid,cosponsor,SRES. 188,2023-05-02,"A resolution celebrating the 75th anniversary of the founding of the State of Israel, and for other purposes."
059dab9f-a79a-4664-b4cf-26b0655c596f,Tammy Duckworth,D000622,gun-policy,cosponsor,S. 1026,2023-03-29,Gun Violence Prevention Research Act of 2023
059dab9f-a79a-4664-b4cf-26b0655c596f,Tammy Duckworth,D000622,gun-policy,cosponsor,S. 25,2023-01-23,Assault Weapons Ban of 2023
059dab9f-a79a-4664-b4cf-26b0655c596f,Tammy Duckworth,D000622,cannabis-policy,cosponsor,S. 326,2023-03-06,VA Medicinal Cannabis Research Act of 2023
059dab9f-a79a-4664-b4cf-26b0655c596f,Tammy Duckworth,D000622,gun-policy,cosponsor,S. 1116,2023-03-30,Background Check Completion Act of 2023
059dab9f-a79a-4664-b4cf-26b0655c596f,Tammy Duckworth,D000622,gun-policy,cosponsor,S. 867,2023-03-16,State Firearms Dealer Licensing Enhancement Act
059dab9f-a79a-4664-b4cf-26b0655c596f,Tammy Duckworth,D000622,gun-policy,cosponsor,S. 598,2023-03-01,Gun Records Restoration and Preservation Act
059dab9f-a79a-4664-b4cf-26b0655c596f,Tammy Duckworth,D000622,gun-policy,cosponsor,S. 252,2023-02-02,Protecting Kids from Gun Marketing Act
059dab9f-a79a-4664-b4cf-26b0655c596f,Tammy Duckworth,D000622,israel-military-aid,cosponsor,SRES. 417,2023-10-19,A resolution standing with Israel against terrorism.
059dab9f-a79a-4664-b4cf-26b0655c596f,Tammy Duckworth,D000622,gun-policy,cosponsor,S. 1893,2023-06-08,Resources for Victims of Gun Violence Act of 2023
059dab9f-a79a-4664-b4cf-26b0655c596f,Tammy Duckworth,D000622,gun-policy,cosponsor,S. 1826,2023-06-06,Keeping Gun Dealers Honest Act of 2023
059dab9f-a79a-4664-b4cf-26b0655c596f,Tammy Duckworth,D000622,gun-policy,cosponsor,SRES. 231,2023-06-01,"A resolution expressing support for the designation of June 2, 2023, as ""National Gun Violence Awareness Day"" and June 2023 as ""National Gun Violence Awareness Month""."
059dab9f-a79a-4664-b4cf-26b0655c596f,Tammy Duckworth,D000622,border-security,cosponsor,S. 1208,2023-04-19,Dignity for Detained Immigrants Act of 2023
059dab9f-a79a-4664-b4cf-26b0655c596f,Tammy Duckworth,D000622,gun-policy,cosponsor,S. 494,2023-02-16,Background Check Expansion Act
059dab9f-a79a-4664-b4cf-26b0655c596f,Tammy Duckworth,D000622,gun-policy,cosponsor,S. 246,2023-02-02,SECURE Firearm Storage Act
401f1fab-c996-4b1a-92f7-2817c5dd4619,Ted Budd,B001305,israel-military-aid,sponsor,S. 3855,2026-02-12,"United States-Israel Framework for Upgraded Technologies, Unified Research, and Enhanced Security (FUTURES) Act of 2026"
401f1fab-c996-4b1a-92f7-2817c5dd4619,Ted Budd,B001305,cannabis-policy,sponsor,S. 4345,2026-04-20,Marijuana Impact on Medicaid Act of 2026
401f1fab-c996-4b1a-92f7-2817c5dd4619,Ted Budd,B001305,israel-military-aid,sponsor,SRES. 680,2024-05-09,"A resolution condemning the violent, anti-American and anti-Israel protests that are occurring on campuses of institutions of higher education nationwide."
401f1fab-c996-4b1a-92f7-2817c5dd4619,Ted Budd,B001305,gun-policy,cosponsor,SRES. 826,2026-08-06,"A resolution honoring the contributions of small manufacturers of firearms to the economy, culture, and recreational heritage of the United States and recognizing the month of August 2026 as ""National Shooting Sports Month""."
401f1fab-c996-4b1a-92f7-2817c5dd4619,Ted Budd,B001305,border-security,cosponsor,S. 4771,2026-06-15,Protecting Asylum Integrity Act
401f1fab-c996-4b1a-92f7-2817c5dd4619,Ted Budd,B001305,gun-policy,cosponsor,S. 4671,2026-06-03,Federal Firearms Licensee Protection Act of 2026
401f1fab-c996-4b1a-92f7-2817c5dd4619,Ted Budd,B001305,gun-policy,cosponsor,S. 3916,2026-02-25,Gun Owner Registration Information Protection Act
401f1fab-c996-4b1a-92f7-2817c5dd4619,Ted Budd,B001305,cannabis-policy,cosponsor,S. 471,2026-02-10,No Deductions for Marijuana Businesses Act
401f1fab-c996-4b1a-92f7-2817c5dd4619,Ted Budd,B001305,border-security,cosponsor,S. 2967,2025-10-21,Border Lands Conservation Act
401f1fab-c996-4b1a-92f7-2817c5dd4619,Ted Budd,B001305,israel-military-aid,cosponsor,SRES. 438,2025-10-07,"A resolution condemning the brutal Hamas-led terrorist attack on the State of Israel on October 7, 2023, and supporting an outcome that ensures the forever survival of Israel, the complete denial of Hamas's ability to reconstitute in the region, and the release of all the remaining hostages from the Gaza Strip, including two United States citizens."
401f1fab-c996-4b1a-92f7-2817c5dd4619,Ted Budd,B001305,gun-policy,cosponsor,SRES. 342,2025-07-29,"A resolution honoring the contributions of small manufacturers of firearms to the economy, culture, and recreational heritage of the United States and recognizing August 2025 as ""National Shooting Sports Month""."
401f1fab-c996-4b1a-92f7-2817c5dd4619,Ted Budd,B001305,israel-military-aid,cosponsor,SRES. 307,2025-06-26,A resolution expressing the sense of the Senate in support of the recent United States and Israeli military strikes on Iran.
401f1fab-c996-4b1a-92f7-2817c5dd4619,Ted Budd,B001305,border-security,cosponsor,S. 1977,2025-06-05,Rapid Expulsion of Migrant Offenders who Violate and Evade (REMOVE) Act
401f1fab-c996-4b1a-92f7-2817c5dd4619,Ted Budd,B001305,israel-military-aid,cosponsor,S. 1521,2025-04-30,Stand with Israel Act
401f1fab-c996-4b1a-92f7-2817c5dd4619,Ted Budd,B001305,gun-policy,cosponsor,S. 966,2025-03-11,Traveler's Gun Rights Act
401f1fab-c996-4b1a-92f7-2817c5dd4619,Ted Budd,B001305,israel-military-aid,cosponsor,S. 554,2025-02-20,United States-Israel Defense Partnership Act of 2025
401f1fab-c996-4b1a-92f7-2817c5dd4619,Ted Budd,B001305,gun-policy,cosponsor,S. 89,2025-01-14,Sporting Firearms Access Act of 2025
401f1fab-c996-4b1a-92f7-2817c5dd4619,Ted Budd,B001305,gun-policy,cosponsor,S. 65,2025-01-09,Constitutional Concealed Carry Reciprocity Act of 2025
401f1fab-c996-4b1a-92f7-2817c5dd4619,Ted Budd,B001305,gun-policy,cosponsor,S. 5224,2024-12-17,Modern Firearm Safety Act
401f1fab-c996-4b1a-92f7-2817c5dd4619,Ted Budd,B001305,israel-military-aid,cosponsor,S. 5562,2024-12-17,A bill to modify United States-Israel anti-tunnel cooperation.
401f1fab-c996-4b1a-92f7-2817c5dd4619,Ted Budd,B001305,israel-military-aid,cosponsor,S. 5303,2024-11-13,Stand with Israel Act
401f1fab-c996-4b1a-92f7-2817c5dd4619,Ted Budd,B001305,israel-military-aid,cosponsor,SRES. 890,2024-09-25,"A resolution condemning the brutal Hamas-led terrorist attack on Israel on October 7, 2023, and supporting an outcome that ensures the forever survival of Israel, the complete denial of the ability of Hamas to reconstitute in the region, and the safe release of United States hostages from the Gaza Strip."
401f1fab-c996-4b1a-92f7-2817c5dd4619,Ted Budd,B001305,border-security,cosponsor,S. 4818,2024-07-25,Safeguarding Americans From Extremist Risk (SAFER) at the Border Act
401f1fab-c996-4b1a-92f7-2817c5dd4619,Ted Budd,B001305,gun-policy,cosponsor,S. 4652,2024-07-10,Firearms Interstate Commerce Reform Act
401f1fab-c996-4b1a-92f7-2817c5dd4619,Ted Budd,B001305,gun-policy,cosponsor,SJRES. 93,2024-06-05,"A joint resolution providing for congressional disapproval under chapter 8 of title 5, United States Code, of the rule submitted by the Department of Commerce relating to ""Revision of Firearms License Requirements""."
401f1fab-c996-4b1a-92f7-2817c5dd4619,Ted Budd,B001305,border-security,cosponsor,SRES. 705,2024-05-23,"A resolution recognizing May 28, 2024, as the 100th anniversary of the U.S. Border Patrol and commending the service of the U.S. Border Patrol to the United States people."
401f1fab-c996-4b1a-92f7-2817c5dd4619,Ted Budd,B001305,gun-policy,cosponsor,SJRES. 83,2024-05-15,"A joint resolution providing for congressional disapproval under chapter 8 of title 5, United States Code, of the rule submitted by the Bureau of Alcohol, Tobacco, Firearms, and Explosives relating to ""Definition of 'Engaged in the Business' as a Dealer in Firearms""."
401f1fab-c996-4b1a-92f7-2817c5dd4619,Ted Budd,B001305,israel-military-aid,cosponsor,S. 4337,2024-05-15,Israel Security Assistance Support Act
401f1fab-c996-4b1a-92f7-2817c5dd4619,Ted Budd,B001305,israel-military-aid,cosponsor,SRES. 682,2024-05-09,A resolution condemning the decision by the Biden Administration to halt the shipment of United States made ammunition and weapons to the State of Israel.
401f1fab-c996-4b1a-92f7-2817c5dd4619,Ted Budd,B001305,israel-military-aid,cosponsor,S. 4285,2024-05-08,United States-Israel Anti-Tunnel Cooperation Act
401f1fab-c996-4b1a-92f7-2817c5dd4619,Ted Budd,B001305,israel-military-aid,cosponsor,SRES. 617,2024-03-22,A resolution expressing the sense of the Senate that Israel has the inherent right to defend itself and take necessary steps to eradicate the terrorist threat posed by Hamas.
401f1fab-c996-4b1a-92f7-2817c5dd4619,Ted Budd,B001305,border-security,cosponsor,S. 3187,2023-11-01,Southern Border Transparency Act of 2023
401f1fab-c996-4b1a-92f7-2817c5dd4619,Ted Budd,B001305,israel-military-aid,cosponsor,SRES. 413,2023-10-18,"A resolution condemning foreign nationals in the United States who have endorsed and espoused the actions of foreign terrorist organizations (FTO) in Gaza who, on October 7, 2023, launched attacks against the State of Israel, and killed innocent Israeli and United States citizens."
401f1fab-c996-4b1a-92f7-2817c5dd4619,Ted Budd,B001305,border-security,cosponsor,S. 685,2023-03-29,Stopping Border Surges Act
401f1fab-c996-4b1a-92f7-2817c5dd4619,Ted Budd,B001305,border-security,cosponsor,S. 2824,2023-09-14,Secure the Border Act of 2023
401f1fab-c996-4b1a-92f7-2817c5dd4619,Ted Budd,B001305,israel-military-aid,cosponsor,SCONRES. 14,2023-07-25,A concurrent resolution expressing the sense of Congress supporting the State of Israel.
401f1fab-c996-4b1a-92f7-2817c5dd4619,Ted Budd,B001305,israel-military-aid,cosponsor,S. 1802,2023-06-01,United States-Israel Future of Warfare Act of 2023
401f1fab-c996-4b1a-92f7-2817c5dd4619,Ted Budd,B001305,border-security,cosponsor,SJRES. 25,2023-04-25,"A joint resolution providing for congressional disapproval under chapter 8 of title 5, United States Code, of the rule submitted by the Department of Labor relating to ""Adverse Effect Wage Rate Methodology for the Temporary Employment of H-2A Nonimmigrants in Non-Range Occupations in the United States""."
401f1fab-c996-4b1a-92f7-2817c5dd4619,Ted Budd,B001305,israel-military-aid,cosponsor,SRES. 188,2023-05-16,"A resolution celebrating the 75th anniversary of the founding of the State of Israel, and for other purposes."
401f1fab-c996-4b1a-92f7-2817c5dd4619,Ted Budd,B001305,gun-policy,cosponsor,S. 3812,2024-02-27,FIREARM Act
401f1fab-c996-4b1a-92f7-2817c5dd4619,Ted Budd,B001305,border-security,cosponsor,S. 1192,2023-04-19,Stop Fentanyl Border Crossings Act
401f1fab-c996-4b1a-92f7-2817c5dd4619,Ted Budd,B001305,border-security,cosponsor,SRES. 166,2023-04-20,A resolution honoring the efforts of the Coast Guard for excellence in maritime border security.
401f1fab-c996-4b1a-92f7-2817c5dd4619,Ted Budd,B001305,gun-policy,cosponsor,SJRES. 20,2023-03-15,"A joint resolution providing for congressional disapproval under chapter 8 of title 5, United States Code, of the rule submitted by the Department of Justice and the Bureau of Alcohol, Tobacco, Firearms and Explosives relating to ""Factoring Criteria for Firearms With Attached 'Stabilizing Braces'""."
401f1fab-c996-4b1a-92f7-2817c5dd4619,Ted Budd,B001305,israel-military-aid,cosponsor,SRES. 445,2023-11-27,A resolution recognizing the importance of the economic relationship between the United States and Israel and affirming that trade facilitated by the United States-Israel Free Trade Agreement is a tool to support the economy of Israel during the conflict with Hamas.
401f1fab-c996-4b1a-92f7-2817c5dd4619,Ted Budd,B001305,israel-military-aid,cosponsor,SRES. 417,2023-10-19,A resolution standing with Israel against terrorism.
401f1fab-c996-4b1a-92f7-2817c5dd4619,Ted Budd,B001305,gun-policy,cosponsor,S. 1907,2023-06-08,Federal Firearms Licensee Protection Act of 2023
401f1fab-c996-4b1a-92f7-2817c5dd4619,Ted Budd,B001305,gun-policy,cosponsor,S. 1680,2023-06-08,Gun Owner Registration Information Protection Act
401f1fab-c996-4b1a-92f7-2817c5dd4619,Ted Budd,B001305,gun-policy,cosponsor,S. 741,2023-04-26,Traveler's Gun Rights Act
401f1fab-c996-4b1a-92f7-2817c5dd4619,Ted Budd,B001305,border-security,cosponsor,S. 716,2023-03-08,Solving the Border Crisis Act
401f1fab-c996-4b1a-92f7-2817c5dd4619,Ted Budd,B001305,gun-policy,cosponsor,S. 214,2023-02-01,Constitutional Concealed Carry Reciprocity Act of 2023
a8bda21a-a5ca-4c15-9612-10fad5d5c9d6,Ted Cruz,C001098,border-security,sponsor,S. 677,2025-02-20,Border Airport Fairness Act of 2025
a8bda21a-a5ca-4c15-9612-10fad5d5c9d6,Ted Cruz,C001098,border-security,sponsor,S. 2824,2023-09-14,Secure the Border Act of 2023
a8bda21a-a5ca-4c15-9612-10fad5d5c9d6,Ted Cruz,C001098,border-security,sponsor,S. 3808,2024-02-27,No FAMS at the Border Act of 2024
a8bda21a-a5ca-4c15-9612-10fad5d5c9d6,Ted Cruz,C001098,border-security,sponsor,SRES. 166,2023-04-20,A resolution honoring the efforts of the Coast Guard for excellence in maritime border security.
a8bda21a-a5ca-4c15-9612-10fad5d5c9d6,Ted Cruz,C001098,border-security,sponsor,S. 222,2023-02-01,Border Airport Fairness Act of 2023
a8bda21a-a5ca-4c15-9612-10fad5d5c9d6,Ted Cruz,C001098,border-security,cosponsor,S. 5371,2026-08-07,Stopping Border Surges Act
a8bda21a-a5ca-4c15-9612-10fad5d5c9d6,Ted Cruz,C001098,israel-military-aid,cosponsor,S. 3855,2026-06-11,"United States-Israel Framework for Upgraded Technologies, Unified Research, and Enhanced Security (FUTURES) Act of 2026"
a8bda21a-a5ca-4c15-9612-10fad5d5c9d6,Ted Cruz,C001098,2020-election,cosponsor,SRES. 657,2026-03-23,"A resolution commending Taiwan on the 30th anniversary of its first direct presidential election in 1996, and expressing support for Taiwan in the preservation of its democratic institutions."
a8bda21a-a5ca-4c15-9612-10fad5d5c9d6,Ted Cruz,C001098,border-security,cosponsor,S. 2967,2025-10-15,Border Lands Conservation Act
a8bda21a-a5ca-4c15-9612-10fad5d5c9d6,Ted Cruz,C001098,israel-military-aid,cosponsor,SRES. 438,2025-10-07,"A resolution condemning the brutal Hamas-led terrorist attack on the State of Israel on October 7, 2023, and supporting an outcome that ensures the forever survival of Israel, the complete denial of Hamas's ability to reconstitute in the region, and the release of all the remaining hostages from the Gaza Strip, including two United States citizens."
a8bda21a-a5ca-4c15-9612-10fad5d5c9d6,Ted Cruz,C001098,israel-military-aid,cosponsor,SRES. 307,2025-06-26,A resolution expressing the sense of the Senate in support of the recent United States and Israeli military strikes on Iran.
a8bda21a-a5ca-4c15-9612-10fad5d5c9d6,Ted Cruz,C001098,border-security,cosponsor,S. 1977,2025-06-05,Rapid Expulsion of Migrant Offenders who Violate and Evade (REMOVE) Act
a8bda21a-a5ca-4c15-9612-10fad5d5c9d6,Ted Cruz,C001098,border-security,cosponsor,S. 1790,2025-05-15,State Border Security Assistance Act
a8bda21a-a5ca-4c15-9612-10fad5d5c9d6,Ted Cruz,C001098,defense-spending,cosponsor,S. 1071,2025-03-14,National Defense Authorization Act for Fiscal Year 2026
a8bda21a-a5ca-4c15-9612-10fad5d5c9d6,Ted Cruz,C001098,gun-policy,cosponsor,S. 966,2025-03-11,Traveler's Gun Rights Act
a8bda21a-a5ca-4c15-9612-10fad5d5c9d6,Ted Cruz,C001098,border-security,cosponsor,S. 482,2025-02-06,A bill to include Czechia in the list of foreign states whose nationals are eligible for admission into the United States as E-1 nonimmigrants if United States nationals are treated similarly by the Government of Czechia.
a8bda21a-a5ca-4c15-9612-10fad5d5c9d6,Ted Cruz,C001098,gun-policy,cosponsor,S. 65,2025-01-09,Constitutional Concealed Carry Reciprocity Act of 2025
a8bda21a-a5ca-4c15-9612-10fad5d5c9d6,Ted Cruz,C001098,israel-military-aid,cosponsor,SRES. 890,2024-09-25,"A resolution condemning the brutal Hamas-led terrorist attack on Israel on October 7, 2023, and supporting an outcome that ensures the forever survival of Israel, the complete denial of the ability of Hamas to reconstitute in the region, and the safe release of United States hostages from the Gaza Strip."
a8bda21a-a5ca-4c15-9612-10fad5d5c9d6,Ted Cruz,C001098,border-security,cosponsor,S. 4888,2024-09-17,A bill to include Czechia in the list of foreign states whose nationals are eligible for admission into the United States as E-1 nonimmigrants if United States nationals are treated similarly by the Government of Czechia.
a8bda21a-a5ca-4c15-9612-10fad5d5c9d6,Ted Cruz,C001098,israel-military-aid,cosponsor,S. 4770,2024-07-25,Countering Hate Against Israel by Federal Contractors Act
a8bda21a-a5ca-4c15-9612-10fad5d5c9d6,Ted Cruz,C001098,border-security,cosponsor,S. 4818,2024-07-25,Safeguarding Americans From Extremist Risk (SAFER) at the Border Act
a8bda21a-a5ca-4c15-9612-10fad5d5c9d6,Ted Cruz,C001098,gun-policy,cosponsor,SJRES. 93,2024-06-05,"A joint resolution providing for congressional disapproval under chapter 8 of title 5, United States Code, of the rule submitted by the Department of Commerce relating to ""Revision of Firearms License Requirements""."
a8bda21a-a5ca-4c15-9612-10fad5d5c9d6,Ted Cruz,C001098,border-security,cosponsor,SRES. 705,2024-05-23,"A resolution recognizing May 28, 2024, as the 100th anniversary of the U.S. Border Patrol and commending the service of the U.S. Border Patrol to the United States people."
a8bda21a-a5ca-4c15-9612-10fad5d5c9d6,Ted Cruz,C001098,gun-policy,cosponsor,SJRES. 83,2024-05-15,"A joint resolution providing for congressional disapproval under chapter 8 of title 5, United States Code, of the rule submitted by the Bureau of Alcohol, Tobacco, Firearms, and Explosives relating to ""Definition of 'Engaged in the Business' as a Dealer in Firearms""."
a8bda21a-a5ca-4c15-9612-10fad5d5c9d6,Ted Cruz,C001098,israel-military-aid,cosponsor,S. 4337,2024-05-15,Israel Security Assistance Support Act
a8bda21a-a5ca-4c15-9612-10fad5d5c9d6,Ted Cruz,C001098,israel-military-aid,cosponsor,SRES. 680,2024-05-09,"A resolution condemning the violent, anti-American and anti-Israel protests that are occurring on campuses of institutions of higher education nationwide."
a8bda21a-a5ca-4c15-9612-10fad5d5c9d6,Ted Cruz,C001098,israel-military-aid,cosponsor,SRES. 682,2024-05-09,A resolution condemning the decision by the Biden Administration to halt the shipment of United States made ammunition and weapons to the State of Israel.
a8bda21a-a5ca-4c15-9612-10fad5d5c9d6,Ted Cruz,C001098,israel-military-aid,cosponsor,SRES. 617,2024-03-22,A resolution expressing the sense of the Senate that Israel has the inherent right to defend itself and take necessary steps to eradicate the terrorist threat posed by Hamas.
a8bda21a-a5ca-4c15-9612-10fad5d5c9d6,Ted Cruz,C001098,border-security,cosponsor,S. 3187,2023-11-01,Southern Border Transparency Act of 2023
a8bda21a-a5ca-4c15-9612-10fad5d5c9d6,Ted Cruz,C001098,israel-military-aid,cosponsor,S. 3168,2023-10-30,Israel Supplemental Appropriations Act of 2023
a8bda21a-a5ca-4c15-9612-10fad5d5c9d6,Ted Cruz,C001098,israel-military-aid,cosponsor,S. 3135,2023-10-25,Israel Supplemental Appropriations Act of 2023
a8bda21a-a5ca-4c15-9612-10fad5d5c9d6,Ted Cruz,C001098,border-security,cosponsor,S. 276,2023-02-07,Upholding the Law at Our Border Act
a8bda21a-a5ca-4c15-9612-10fad5d5c9d6,Ted Cruz,C001098,israel-military-aid,cosponsor,SCONRES. 14,2023-07-18,A concurrent resolution expressing the sense of Congress supporting the State of Israel.
a8bda21a-a5ca-4c15-9612-10fad5d5c9d6,Ted Cruz,C001098,border-security,cosponsor,SRES. 45,2023-02-09,A resolution expressing the sense of the Senate that the current influx of migrants is causing a crisis at the southern border.
a8bda21a-a5ca-4c15-9612-10fad5d5c9d6,Ted Cruz,C001098,gun-policy,cosponsor,S. 741,2023-03-09,Traveler's Gun Rights Act
a8bda21a-a5ca-4c15-9612-10fad5d5c9d6,Ted Cruz,C001098,border-security,cosponsor,S. 685,2023-03-07,Stopping Border Surges Act
a8bda21a-a5ca-4c15-9612-10fad5d5c9d6,Ted Cruz,C001098,gun-policy,cosponsor,SJRES. 20,2023-03-15,"A joint resolution providing for congressional disapproval under chapter 8 of title 5, United States Code, of the rule submitted by the Department of Justice and the Bureau of Alcohol, Tobacco, Firearms and Explosives relating to ""Factoring Criteria for Firearms With Attached 'Stabilizing Braces'""."
a8bda21a-a5ca-4c15-9612-10fad5d5c9d6,Ted Cruz,C001098,israel-military-aid,cosponsor,SRES. 445,2023-11-27,A resolution recognizing the importance of the economic relationship between the United States and Israel and affirming that trade facilitated by the United States-Israel Free Trade Agreement is a tool to support the economy of Israel during the conflict with Hamas.
a8bda21a-a5ca-4c15-9612-10fad5d5c9d6,Ted Cruz,C001098,israel-military-aid,cosponsor,SRES. 417,2023-10-19,A resolution standing with Israel against terrorism.
a8bda21a-a5ca-4c15-9612-10fad5d5c9d6,Ted Cruz,C001098,gun-policy,cosponsor,S. 1907,2023-06-08,Federal Firearms Licensee Protection Act of 2023
a8bda21a-a5ca-4c15-9612-10fad5d5c9d6,Ted Cruz,C001098,border-security,cosponsor,S. 696,2023-03-14,Border Safety and Security Act of 2023
a8bda21a-a5ca-4c15-9612-10fad5d5c9d6,Ted Cruz,C001098,gun-policy,cosponsor,S. 214,2023-02-01,Constitutional Concealed Carry Reciprocity Act of 2023
f1271c9d-fad4-4e1e-9c22-e6e2333a8a3e,Thom Tillis,T000476,gun-policy,cosponsor,S. 4671,2026-06-03,Federal Firearms Licensee Protection Act of 2026
f1271c9d-fad4-4e1e-9c22-e6e2333a8a3e,Thom Tillis,T000476,2020-election,cosponsor,SRES. 580,2026-01-08,"A resolution directing the Architect of the Capitol to prominently display, in a publicly accessible location in the Senate wing of the United States Capitol, a plaque honoring the members of law enforcement responding on January 6, 2021, until the plaque can be placed in its permanent location."
f1271c9d-fad4-4e1e-9c22-e6e2333a8a3e,Thom Tillis,T000476,israel-military-aid,cosponsor,SRES. 438,2025-10-07,"A resolution condemning the brutal Hamas-led terrorist attack on the State of Israel on October 7, 2023, and supporting an outcome that ensures the forever survival of Israel, the complete denial of Hamas's ability to reconstitute in the region, and the release of all the remaining hostages from the Gaza Strip, including two United States citizens."
f1271c9d-fad4-4e1e-9c22-e6e2333a8a3e,Thom Tillis,T000476,israel-military-aid,cosponsor,SRES. 307,2025-06-26,A resolution expressing the sense of the Senate in support of the recent United States and Israeli military strikes on Iran.
f1271c9d-fad4-4e1e-9c22-e6e2333a8a3e,Thom Tillis,T000476,israel-military-aid,cosponsor,S. 1521,2025-04-30,Stand with Israel Act
f1271c9d-fad4-4e1e-9c22-e6e2333a8a3e,Thom Tillis,T000476,border-security,cosponsor,S. 112,2025-01-16,Make the Migrant Protection Protocols Mandatory Act of 2025
f1271c9d-fad4-4e1e-9c22-e6e2333a8a3e,Thom Tillis,T000476,gun-policy,cosponsor,S. 89,2025-01-14,Sporting Firearms Access Act of 2025
f1271c9d-fad4-4e1e-9c22-e6e2333a8a3e,Thom Tillis,T000476,gun-policy,cosponsor,S. 65,2025-01-09,Constitutional Concealed Carry Reciprocity Act of 2025
f1271c9d-fad4-4e1e-9c22-e6e2333a8a3e,Thom Tillis,T000476,israel-military-aid,cosponsor,S. 5303,2024-11-13,Stand with Israel Act
f1271c9d-fad4-4e1e-9c22-e6e2333a8a3e,Thom Tillis,T000476,gun-policy,cosponsor,S. 5224,2024-09-25,Modern Firearm Safety Act
f1271c9d-fad4-4e1e-9c22-e6e2333a8a3e,Thom Tillis,T000476,israel-military-aid,cosponsor,SRES. 890,2024-09-25,"A resolution condemning the brutal Hamas-led terrorist attack on Israel on October 7, 2023, and supporting an outcome that ensures the forever survival of Israel, the complete denial of the ability of Hamas to reconstitute in the region, and the safe release of United States hostages from the Gaza Strip."
f1271c9d-fad4-4e1e-9c22-e6e2333a8a3e,Thom Tillis,T000476,gun-policy,cosponsor,S. 4960,2024-09-10,Freedom from Unfair Gun Taxes Act
f1271c9d-fad4-4e1e-9c22-e6e2333a8a3e,Thom Tillis,T000476,israel-military-aid,cosponsor,SRES. 445,2023-11-02,A resolution recognizing the importance of the economic relationship between the United States and Israel and affirming that trade facilitated by the United States-Israel Free Trade Agreement is a tool to support the economy of Israel during the conflict with Hamas.
f1271c9d-fad4-4e1e-9c22-e6e2333a8a3e,Thom Tillis,T000476,gun-policy,cosponsor,SJRES. 93,2024-06-05,"A joint resolution providing for congressional disapproval under chapter 8 of title 5, United States Code, of the rule submitted by the Department of Commerce relating to ""Revision of Firearms License Requirements""."
f1271c9d-fad4-4e1e-9c22-e6e2333a8a3e,Thom Tillis,T000476,border-security,cosponsor,SRES. 705,2024-05-23,"A resolution recognizing May 28, 2024, as the 100th anniversary of the U.S. Border Patrol and commending the service of the U.S. Border Patrol to the United States people."
f1271c9d-fad4-4e1e-9c22-e6e2333a8a3e,Thom Tillis,T000476,gun-policy,cosponsor,SJRES. 83,2024-05-15,"A joint resolution providing for congressional disapproval under chapter 8 of title 5, United States Code, of the rule submitted by the Bureau of Alcohol, Tobacco, Firearms, and Explosives relating to ""Definition of 'Engaged in the Business' as a Dealer in Firearms""."
f1271c9d-fad4-4e1e-9c22-e6e2333a8a3e,Thom Tillis,T000476,israel-military-aid,cosponsor,S. 4337,2024-05-15,Israel Security Assistance Support Act
f1271c9d-fad4-4e1e-9c22-e6e2333a8a3e,Thom Tillis,T000476,israel-military-aid,cosponsor,SRES. 682,2024-05-09,A resolution condemning the decision by the Biden Administration to halt the shipment of United States made ammunition and weapons to the State of Israel.
f1271c9d-fad4-4e1e-9c22-e6e2333a8a3e,Thom Tillis,T000476,israel-military-aid,cosponsor,SRES. 617,2024-03-22,A resolution expressing the sense of the Senate that Israel has the inherent right to defend itself and take necessary steps to eradicate the terrorist threat posed by Hamas.
f1271c9d-fad4-4e1e-9c22-e6e2333a8a3e,Thom Tillis,T000476,border-security,cosponsor,S. 3187,2023-11-01,Southern Border Transparency Act of 2023
f1271c9d-fad4-4e1e-9c22-e6e2333a8a3e,Thom Tillis,T000476,border-security,cosponsor,S. 348,2023-02-09,Asylum Abuse Reduction Act
f1271c9d-fad4-4e1e-9c22-e6e2333a8a3e,Thom Tillis,T000476,border-security,cosponsor,S. 276,2023-02-07,Upholding the Law at Our Border Act
f1271c9d-fad4-4e1e-9c22-e6e2333a8a3e,Thom Tillis,T000476,israel-military-aid,cosponsor,SRES. 408,2023-10-19,"A resolution condemning Hamas for its premeditated, coordinated, and brutal terrorist attacks on Israel and demanding that Hamas immediately release all hostages and return them to safety, and for other purposes."
f1271c9d-fad4-4e1e-9c22-e6e2333a8a3e,Thom Tillis,T000476,border-security,cosponsor,S. 2824,2023-09-14,Secure the Border Act of 2023
f1271c9d-fad4-4e1e-9c22-e6e2333a8a3e,Thom Tillis,T000476,israel-military-aid,cosponsor,SCONRES. 14,2023-07-18,A concurrent resolution expressing the sense of Congress supporting the State of Israel.
f1271c9d-fad4-4e1e-9c22-e6e2333a8a3e,Thom Tillis,T000476,israel-military-aid,cosponsor,SRES. 188,2023-06-13,"A resolution celebrating the 75th anniversary of the founding of the State of Israel, and for other purposes."
f1271c9d-fad4-4e1e-9c22-e6e2333a8a3e,Thom Tillis,T000476,border-security,cosponsor,SJRES. 25,2023-04-25,"A joint resolution providing for congressional disapproval under chapter 8 of title 5, United States Code, of the rule submitted by the Department of Labor relating to ""Adverse Effect Wage Rate Methodology for the Temporary Employment of H-2A Nonimmigrants in Non-Range Occupations in the United States""."
f1271c9d-fad4-4e1e-9c22-e6e2333a8a3e,Thom Tillis,T000476,gun-policy,cosponsor,S. 3812,2024-02-27,FIREARM Act
f1271c9d-fad4-4e1e-9c22-e6e2333a8a3e,Thom Tillis,T000476,border-security,cosponsor,SRES. 45,2023-02-09,A resolution expressing the sense of the Senate that the current influx of migrants is causing a crisis at the southern border.
f1271c9d-fad4-4e1e-9c22-e6e2333a8a3e,Thom Tillis,T000476,border-security,cosponsor,SRES. 166,2023-04-20,A resolution honoring the efforts of the Coast Guard for excellence in maritime border security.
f1271c9d-fad4-4e1e-9c22-e6e2333a8a3e,Thom Tillis,T000476,gun-policy,cosponsor,SJRES. 20,2023-03-15,"A joint resolution providing for congressional disapproval under chapter 8 of title 5, United States Code, of the rule submitted by the Department of Justice and the Bureau of Alcohol, Tobacco, Firearms and Explosives relating to ""Factoring Criteria for Firearms With Attached 'Stabilizing Braces'""."
f1271c9d-fad4-4e1e-9c22-e6e2333a8a3e,Thom Tillis,T000476,border-security,cosponsor,S. 3013,2023-11-28,A bill to permanently authorize the exemption of aliens working as fish processors from the numerical limitation on H-2B nonimmigrant visas.
f1271c9d-fad4-4e1e-9c22-e6e2333a8a3e,Thom Tillis,T000476,border-security,cosponsor,S. 3112,2023-10-24,Ensure Uniform Border Inspection Practices Act
f1271c9d-fad4-4e1e-9c22-e6e2333a8a3e,Thom Tillis,T000476,israel-military-aid,cosponsor,SRES. 417,2023-10-19,A resolution standing with Israel against terrorism.
f1271c9d-fad4-4e1e-9c22-e6e2333a8a3e,Thom Tillis,T000476,border-security,cosponsor,S. 1444,2023-07-26,Border Patrol Enhancement Act
f1271c9d-fad4-4e1e-9c22-e6e2333a8a3e,Thom Tillis,T000476,gun-policy,cosponsor,S. 1907,2023-06-08,Federal Firearms Licensee Protection Act of 2023
f1271c9d-fad4-4e1e-9c22-e6e2333a8a3e,Thom Tillis,T000476,border-security,cosponsor,S. 733,2023-03-09,Reverse Entry for Migrant Offenders and Violence Expulsion Act
f1271c9d-fad4-4e1e-9c22-e6e2333a8a3e,Thom Tillis,T000476,border-security,cosponsor,S. 716,2023-03-08,Solving the Border Crisis Act
f1271c9d-fad4-4e1e-9c22-e6e2333a8a3e,Thom Tillis,T000476,gun-policy,cosponsor,S. 214,2023-02-01,Constitutional Concealed Carry Reciprocity Act of 2023
f1271c9d-fad4-4e1e-9c22-e6e2333a8a3e,Thom Tillis,T000476,border-security,cosponsor,S. 208,2023-02-01,Public Health and Border Security Act of 2023
8cffe7a0-b56c-42fe-adbf-f57d63589973,Tim Kaine,K000384,military-intervention,sponsor,SJRES. 193,2026-05-20,A joint resolution to direct the removal of United States Armed Forces from hostilities within or against the Republic of Cuba that have not been authorized by Congress.
8cffe7a0-b56c-42fe-adbf-f57d63589973,Tim Kaine,K000384,military-intervention,sponsor,SJRES. 185,2026-04-27,A joint resolution to direct the removal of United States Armed Forces from hostilities within or against the Islamic Republic of Iran that have not been authorized by Congress.
8cffe7a0-b56c-42fe-adbf-f57d63589973,Tim Kaine,K000384,gun-policy,sponsor,S. 4339,2026-04-16,Virginia Plan to Reduce Gun Violence Act of 2026
8cffe7a0-b56c-42fe-adbf-f57d63589973,Tim Kaine,K000384,military-intervention,sponsor,SJRES. 124,2026-03-12,A joint resolution to direct the removal of United States Armed Forces from hostilities within or against the Republic of Cuba that have not been authorized by Congress.
8cffe7a0-b56c-42fe-adbf-f57d63589973,Tim Kaine,K000384,military-intervention,sponsor,SJRES. 104,2026-01-29,A joint resolution to direct the removal of United States Armed Forces from hostilities within or against the Islamic Republic of Iran that have not been authorized by Congress.
8cffe7a0-b56c-42fe-adbf-f57d63589973,Tim Kaine,K000384,military-intervention,sponsor,SJRES. 98,2025-12-03,A joint resolution to direct the removal of United States Armed Forces from hostilities within or against Venezuela that have not been authorized by Congress.
8cffe7a0-b56c-42fe-adbf-f57d63589973,Tim Kaine,K000384,military-intervention,sponsor,SJRES. 90,2025-10-16,A joint resolution to direct the removal of United States Armed Forces from hostilities within or against Venezuela that have not been authorized by Congress.
8cffe7a0-b56c-42fe-adbf-f57d63589973,Tim Kaine,K000384,military-intervention,sponsor,SJRES. 59,2025-06-16,A joint resolution to direct the removal of United States Armed Forces from hostilities against the Islamic Republic of Iran that have not been authorized by Congress.
8cffe7a0-b56c-42fe-adbf-f57d63589973,Tim Kaine,K000384,gun-policy,sponsor,S. 4131,2024-04-16,Virginia Plan to Reduce Gun Violence Act of 2024
8cffe7a0-b56c-42fe-adbf-f57d63589973,Tim Kaine,K000384,military-intervention,cosponsor,SJRES. 211,2026-08-06,A joint resolution to direct the removal of United States Armed Forces from hostilities within or against the Islamic Republic of Iran that have not been authorized by Congress.
8cffe7a0-b56c-42fe-adbf-f57d63589973,Tim Kaine,K000384,military-intervention,cosponsor,SJRES. 181,2026-07-28,A joint resolution to direct the removal of United States Armed Forces from hostilities within or against the Islamic Republic of Iran that have not been authorized by Congress.
8cffe7a0-b56c-42fe-adbf-f57d63589973,Tim Kaine,K000384,military-intervention,cosponsor,SJRES. 200,2026-07-13,A joint resolution to direct the removal of United States Armed Forces from hostilities within or against the Islamic Republic of Iran that have not been authorized by Congress.
8cffe7a0-b56c-42fe-adbf-f57d63589973,Tim Kaine,K000384,gun-policy,cosponsor,SRES. 756,2026-06-08,"A resolution expressing support for the designation of June 5, 2026, as ""National Gun Violence Awareness Day"" and June 2026 as ""National Gun Violence Awareness Month""."
8cffe7a0-b56c-42fe-adbf-f57d63589973,Tim Kaine,K000384,military-intervention,cosponsor,SJRES. 163,2026-04-30,A joint resolution to direct the removal of United States Armed Forces from hostilities within or against the Islamic Republic of Iran that have not been authorized by Congress.
8cffe7a0-b56c-42fe-adbf-f57d63589973,Tim Kaine,K000384,military-intervention,cosponsor,SJRES. 191,2026-04-30,A joint resolution to direct removal of United States Armed Forces from hostilities within or against the Islamic Republic of Iran that have not been authorized by Congress.
8cffe7a0-b56c-42fe-adbf-f57d63589973,Tim Kaine,K000384,military-intervention,cosponsor,SJRES. 180,2026-04-21,A joint resolution to direct the removal of United States Armed Forces from hostilities within or against the Islamic Republic of Iran that have not been authorized by Congress.
8cffe7a0-b56c-42fe-adbf-f57d63589973,Tim Kaine,K000384,military-intervention,cosponsor,SJRES. 171,2026-04-20,A joint resolution to direct the removal of United States Armed Forces from hostilities within or against the Islamic Republic of Iran that have not been authorized by Congress.
8cffe7a0-b56c-42fe-adbf-f57d63589973,Tim Kaine,K000384,military-intervention,cosponsor,SJRES. 114,2026-04-16,A joint resolution to direct the removal of United States Armed Forces from hostilities within or against the Islamic Republic of Iran that have not been authorized by Congress.
8cffe7a0-b56c-42fe-adbf-f57d63589973,Tim Kaine,K000384,military-intervention,cosponsor,SJRES. 184,2026-04-16,A joint resolution to direct the removal of United States Armed Forces from hostilities within or against the Islamic Republic of Iran that have not been authorized by Congress.
8cffe7a0-b56c-42fe-adbf-f57d63589973,Tim Kaine,K000384,2020-election,cosponsor,SRES. 657,2026-03-23,"A resolution commending Taiwan on the 30th anniversary of its first direct presidential election in 1996, and expressing support for Taiwan in the preservation of its democratic institutions."
8cffe7a0-b56c-42fe-adbf-f57d63589973,Tim Kaine,K000384,military-intervention,cosponsor,SJRES. 123,2026-03-10,A joint resolution to direct the removal of United States Armed Forces from hostilities within or against the Islamic Republic of Iran that have not been authorized by Congress.
8cffe7a0-b56c-42fe-adbf-f57d63589973,Tim Kaine,K000384,israel-military-aid,cosponsor,S. 3855,2026-03-05,"United States-Israel Framework for Upgraded Technologies, Unified Research, and Enhanced Security (FUTURES) Act of 2026"
8cffe7a0-b56c-42fe-adbf-f57d63589973,Tim Kaine,K000384,military-intervention,cosponsor,SJRES. 116,2026-03-05,A joint resolution to direct the removal of United States Armed Forces from hostilities within or against the Islamic Republic of Iran that have not been authorized by Congress.
8cffe7a0-b56c-42fe-adbf-f57d63589973,Tim Kaine,K000384,military-intervention,cosponsor,SJRES. 115,2026-03-05,A joint resolution to direct the removal of United States Armed Forces from hostilities within or against the Islamic Republic of Iran that have not been authorized by Congress.
8cffe7a0-b56c-42fe-adbf-f57d63589973,Tim Kaine,K000384,military-intervention,cosponsor,SJRES. 117,2026-03-05,A joint resolution to direct the removal of United States Armed Forces from hostilities within or against the Islamic Republic of Iran that have not been authorized by Congress.
8cffe7a0-b56c-42fe-adbf-f57d63589973,Tim Kaine,K000384,military-intervention,cosponsor,SJRES. 118,2026-03-05,A joint resolution to direct the removal of United States Armed Forces from hostilities within or against the Islamic Republic of Iran that have not been authorized by Congress.
8cffe7a0-b56c-42fe-adbf-f57d63589973,Tim Kaine,K000384,gun-policy,cosponsor,SCONRES. 25,2026-01-08,"A concurrent resolution recognizing the 15th anniversary of the January 8, 2011, Tucson, Arizona, shooting and honoring the survivors and victims, including former Congresswoman Gabby Giffords, a gun violence survivor and one of the most influential voices of courage in the United States in the fight to end gun violence."
8cffe7a0-b56c-42fe-adbf-f57d63589973,Tim Kaine,K000384,2020-election,cosponsor,SRES. 574,2026-01-06,"A resolution observing the fifth anniversary of the attack on the United States Capitol on January 6, 2021, and recognizing the essential work of United States Capitol personnel, including the United States Capitol Police."
8cffe7a0-b56c-42fe-adbf-f57d63589973,Tim Kaine,K000384,military-intervention,cosponsor,SJRES. 100,2026-01-05,A joint resolution to direct the removal of United States Armed Forces from hostilities against vessels operating in the Caribbean Sea or the Eastern Pacific Ocean that have not been authorized by Congress.
8cffe7a0-b56c-42fe-adbf-f57d63589973,Tim Kaine,K000384,gun-policy,cosponsor,S. 3458,2025-12-11,Background Check Completion Act of 2025
8cffe7a0-b56c-42fe-adbf-f57d63589973,Tim Kaine,K000384,gun-policy,cosponsor,S. 3214,2025-11-19,Background Check Expansion Act
8cffe7a0-b56c-42fe-adbf-f57d63589973,Tim Kaine,K000384,military-intervention,cosponsor,SJRES. 83,2025-09-18,A joint resolution to direct the removal of United States Armed Forces from hostilities that have not been authorized by Congress.
8cffe7a0-b56c-42fe-adbf-f57d63589973,Tim Kaine,K000384,israel-military-aid,cosponsor,SRES. 410,2025-09-18,"A resolution calling on the President to recognize a demilitarized State of Palestine, as consistent with international law and the principles of a two-state solution, alongside a secure State of Israel."
8cffe7a0-b56c-42fe-adbf-f57d63589973,Tim Kaine,K000384,gun-policy,cosponsor,S. 2514,2025-07-29,Gun Violence Prevention Research Act of 2025
8cffe7a0-b56c-42fe-adbf-f57d63589973,Tim Kaine,K000384,border-security,cosponsor,S. 2149,2025-07-09,Health Equity and Access under the Law for Immigrant Families Act of 2025
8cffe7a0-b56c-42fe-adbf-f57d63589973,Tim Kaine,K000384,gun-policy,cosponsor,S. 2165,2025-06-25,3D Printed Gun Safety Act of 2025
8cffe7a0-b56c-42fe-adbf-f57d63589973,Tim Kaine,K000384,gun-policy,cosponsor,S. 2154,2025-06-24,Protecting Kids from Gun Marketing Act
8cffe7a0-b56c-42fe-adbf-f57d63589973,Tim Kaine,K000384,gun-policy,cosponsor,S. 1955,2025-06-04,Equal Access to Justice for Victims of Gun Violence Act
8cffe7a0-b56c-42fe-adbf-f57d63589973,Tim Kaine,K000384,israel-military-aid,cosponsor,SRES. 227,2025-06-03,"A resolution condemning Hamas for its premeditated, coordinated, and brutal terrorist attacks on October 7, 2023, against Israel and demanding that Hamas immediately release all remaining hostages and return them to safety, and for other purposes."
8cffe7a0-b56c-42fe-adbf-f57d63589973,Tim Kaine,K000384,gun-policy,cosponsor,SRES. 260,2025-06-02,"A resolution expressing support for the designation of June 6, 2025, as ""National Gun Violence Awareness Day"" and June 2025 as ""National Gun Violence Awareness Month""."
8cffe7a0-b56c-42fe-adbf-f57d63589973,Tim Kaine,K000384,gun-policy,cosponsor,S. 1531,2025-04-30,Assault Weapons Ban of 2025
8cffe7a0-b56c-42fe-adbf-f57d63589973,Tim Kaine,K000384,minimum-wage,cosponsor,S. 1332,2025-04-08,Raise the Wage Act of 2025
8cffe7a0-b56c-42fe-adbf-f57d63589973,Tim Kaine,K000384,israel-military-aid,cosponsor,S. 554,2025-03-04,United States-Israel Defense Partnership Act of 2025
8cffe7a0-b56c-42fe-adbf-f57d63589973,Tim Kaine,K000384,gun-policy,cosponsor,SRES. 716,2024-06-03,"A resolution expressing support for the designation of June 7, 2024, as ""National Gun Violence Awareness Day"" and June 2024 as ""National Gun Violence Awareness Month""."
8cffe7a0-b56c-42fe-adbf-f57d63589973,Tim Kaine,K000384,minimum-wage,cosponsor,S. 2488,2023-07-25,Raise the Wage Act of 2023
8cffe7a0-b56c-42fe-adbf-f57d63589973,Tim Kaine,K000384,gun-policy,cosponsor,S. 2048,2023-06-20,Equal Access to Justice for Victims of Gun Violence Act
8cffe7a0-b56c-42fe-adbf-f57d63589973,Tim Kaine,K000384,israel-military-aid,cosponsor,SRES. 505,2023-12-14,A resolution condemning the use of sexual violence and rape as a weapon of war by the terrorist group Hamas against the people of Israel.
8cffe7a0-b56c-42fe-adbf-f57d63589973,Tim Kaine,K000384,gun-policy,cosponsor,S. 1819,2023-06-06,3D Printed Gun Safety Act of 2023
8cffe7a0-b56c-42fe-adbf-f57d63589973,Tim Kaine,K000384,border-security,cosponsor,S. 3013,2023-10-04,A bill to permanently authorize the exemption of aliens working as fish processors from the numerical limitation on H-2B nonimmigrant visas.
8cffe7a0-b56c-42fe-adbf-f57d63589973,Tim Kaine,K000384,israel-military-aid,cosponsor,SRES. 408,2023-10-19,"A resolution condemning Hamas for its premeditated, coordinated, and brutal terrorist attacks on Israel and demanding that Hamas immediately release all hostages and return them to safety, and for other purposes."
8cffe7a0-b56c-42fe-adbf-f57d63589973,Tim Kaine,K000384,israel-military-aid,cosponsor,S. 1802,2023-06-15,United States-Israel Future of Warfare Act of 2023
8cffe7a0-b56c-42fe-adbf-f57d63589973,Tim Kaine,K000384,israel-military-aid,cosponsor,SRES. 188,2023-05-02,"A resolution celebrating the 75th anniversary of the founding of the State of Israel, and for other purposes."
8cffe7a0-b56c-42fe-adbf-f57d63589973,Tim Kaine,K000384,gun-policy,cosponsor,S. 1026,2023-03-29,Gun Violence Prevention Research Act of 2023
8cffe7a0-b56c-42fe-adbf-f57d63589973,Tim Kaine,K000384,gun-policy,cosponsor,S. 25,2023-01-23,Assault Weapons Ban of 2023
8cffe7a0-b56c-42fe-adbf-f57d63589973,Tim Kaine,K000384,cannabis-policy,cosponsor,S. 1204,2023-04-19,Veterans Medical Marijuana Safe Harbor Act.
8cffe7a0-b56c-42fe-adbf-f57d63589973,Tim Kaine,K000384,gun-policy,cosponsor,S. 1116,2023-03-30,Background Check Completion Act of 2023
8cffe7a0-b56c-42fe-adbf-f57d63589973,Tim Kaine,K000384,gun-policy,cosponsor,S. 252,2023-03-06,Protecting Kids from Gun Marketing Act
8cffe7a0-b56c-42fe-adbf-f57d63589973,Tim Kaine,K000384,israel-military-aid,cosponsor,SRES. 417,2023-10-19,A resolution standing with Israel against terrorism.
8cffe7a0-b56c-42fe-adbf-f57d63589973,Tim Kaine,K000384,gun-policy,cosponsor,SRES. 231,2023-06-01,"A resolution expressing support for the designation of June 2, 2023, as ""National Gun Violence Awareness Day"" and June 2023 as ""National Gun Violence Awareness Month""."
8cffe7a0-b56c-42fe-adbf-f57d63589973,Tim Kaine,K000384,gun-policy,cosponsor,S. 494,2023-02-16,Background Check Expansion Act
675778b0-7e6f-45ef-96b2-7bcb5d7e0af7,Tim Scott,S001184,border-security,sponsor,S. 481,2025-02-06,Securing our Border Act
675778b0-7e6f-45ef-96b2-7bcb5d7e0af7,Tim Scott,S001184,israel-military-aid,sponsor,SRES. 617,2024-03-22,A resolution expressing the sense of the Senate that Israel has the inherent right to defend itself and take necessary steps to eradicate the terrorist threat posed by Hamas.
675778b0-7e6f-45ef-96b2-7bcb5d7e0af7,Tim Scott,S001184,border-security,sponsor,SJRES. 25,2023-04-25,"A joint resolution providing for congressional disapproval under chapter 8 of title 5, United States Code, of the rule submitted by the Department of Labor relating to ""Adverse Effect Wage Rate Methodology for the Temporary Employment of H-2A Nonimmigrants in Non-Range Occupations in the United States""."
675778b0-7e6f-45ef-96b2-7bcb5d7e0af7,Tim Scott,S001184,border-security,sponsor,S. 1312,2023-04-26,Securing our Border Act
675778b0-7e6f-45ef-96b2-7bcb5d7e0af7,Tim Scott,S001184,israel-military-aid,cosponsor,SRES. 438,2025-10-07,"A resolution condemning the brutal Hamas-led terrorist attack on the State of Israel on October 7, 2023, and supporting an outcome that ensures the forever survival of Israel, the complete denial of Hamas's ability to reconstitute in the region, and the release of all the remaining hostages from the Gaza Strip, including two United States citizens."
675778b0-7e6f-45ef-96b2-7bcb5d7e0af7,Tim Scott,S001184,gun-policy,cosponsor,SRES. 342,2025-07-29,"A resolution honoring the contributions of small manufacturers of firearms to the economy, culture, and recreational heritage of the United States and recognizing August 2025 as ""National Shooting Sports Month""."
675778b0-7e6f-45ef-96b2-7bcb5d7e0af7,Tim Scott,S001184,gun-policy,cosponsor,S. 65,2025-01-09,Constitutional Concealed Carry Reciprocity Act of 2025
675778b0-7e6f-45ef-96b2-7bcb5d7e0af7,Tim Scott,S001184,israel-military-aid,cosponsor,S. 5303,2024-11-13,Stand with Israel Act
675778b0-7e6f-45ef-96b2-7bcb5d7e0af7,Tim Scott,S001184,israel-military-aid,cosponsor,SRES. 890,2024-09-25,"A resolution condemning the brutal Hamas-led terrorist attack on Israel on October 7, 2023, and supporting an outcome that ensures the forever survival of Israel, the complete denial of the ability of Hamas to reconstitute in the region, and the safe release of United States hostages from the Gaza Strip."
675778b0-7e6f-45ef-96b2-7bcb5d7e0af7,Tim Scott,S001184,israel-military-aid,cosponsor,SRES. 445,2023-11-02,A resolution recognizing the importance of the economic relationship between the United States and Israel and affirming that trade facilitated by the United States-Israel Free Trade Agreement is a tool to support the economy of Israel during the conflict with Hamas.
675778b0-7e6f-45ef-96b2-7bcb5d7e0af7,Tim Scott,S001184,gun-policy,cosponsor,S. 4652,2024-07-10,Firearms Interstate Commerce Reform Act
675778b0-7e6f-45ef-96b2-7bcb5d7e0af7,Tim Scott,S001184,israel-military-aid,cosponsor,S. 4537,2024-07-09,Maintaining Our Ironclad Commitment to Israel’s Security Act
675778b0-7e6f-45ef-96b2-7bcb5d7e0af7,Tim Scott,S001184,gun-policy,cosponsor,SJRES. 93,2024-06-05,"A joint resolution providing for congressional disapproval under chapter 8 of title 5, United States Code, of the rule submitted by the Department of Commerce relating to ""Revision of Firearms License Requirements""."
675778b0-7e6f-45ef-96b2-7bcb5d7e0af7,Tim Scott,S001184,gun-policy,cosponsor,SJRES. 83,2024-05-15,"A joint resolution providing for congressional disapproval under chapter 8 of title 5, United States Code, of the rule submitted by the Bureau of Alcohol, Tobacco, Firearms, and Explosives relating to ""Definition of 'Engaged in the Business' as a Dealer in Firearms""."
675778b0-7e6f-45ef-96b2-7bcb5d7e0af7,Tim Scott,S001184,israel-military-aid,cosponsor,SRES. 682,2024-05-09,A resolution condemning the decision by the Biden Administration to halt the shipment of United States made ammunition and weapons to the State of Israel.
675778b0-7e6f-45ef-96b2-7bcb5d7e0af7,Tim Scott,S001184,israel-military-aid,cosponsor,SRES. 408,2023-11-06,"A resolution condemning Hamas for its premeditated, coordinated, and brutal terrorist attacks on Israel and demanding that Hamas immediately release all hostages and return them to safety, and for other purposes."
675778b0-7e6f-45ef-96b2-7bcb5d7e0af7,Tim Scott,S001184,israel-military-aid,cosponsor,S. 3168,2023-10-31,Israel Supplemental Appropriations Act of 2023
675778b0-7e6f-45ef-96b2-7bcb5d7e0af7,Tim Scott,S001184,border-security,cosponsor,S. 2824,2023-09-14,Secure the Border Act of 2023
675778b0-7e6f-45ef-96b2-7bcb5d7e0af7,Tim Scott,S001184,israel-military-aid,cosponsor,SCONRES. 14,2023-07-18,A concurrent resolution expressing the sense of Congress supporting the State of Israel.
675778b0-7e6f-45ef-96b2-7bcb5d7e0af7,Tim Scott,S001184,israel-military-aid,cosponsor,SRES. 188,2023-05-02,"A resolution celebrating the 75th anniversary of the founding of the State of Israel, and for other purposes."
675778b0-7e6f-45ef-96b2-7bcb5d7e0af7,Tim Scott,S001184,israel-military-aid,cosponsor,SRES. 417,2023-10-19,A resolution standing with Israel against terrorism.
675778b0-7e6f-45ef-96b2-7bcb5d7e0af7,Tim Scott,S001184,border-security,cosponsor,S. 2999,2023-09-29,Keep Our Border Agents Paid Act
675778b0-7e6f-45ef-96b2-7bcb5d7e0af7,Tim Scott,S001184,border-security,cosponsor,S. 1192,2023-05-10,Stop Fentanyl Border Crossings Act
675778b0-7e6f-45ef-96b2-7bcb5d7e0af7,Tim Scott,S001184,gun-policy,cosponsor,SJRES. 20,2023-03-22,"A joint resolution providing for congressional disapproval under chapter 8 of title 5, United States Code, of the rule submitted by the Department of Justice and the Bureau of Alcohol, Tobacco, Firearms and Explosives relating to ""Factoring Criteria for Firearms With Attached 'Stabilizing Braces'""."
675778b0-7e6f-45ef-96b2-7bcb5d7e0af7,Tim Scott,S001184,gun-policy,cosponsor,S. 214,2023-02-01,Constitutional Concealed Carry Reciprocity Act of 2023
3bb72269-7f3b-42a5-bf48-4e1963844391,Tim Sheehy,S001232,gun-policy,sponsor,S. 5208,2026-08-03,Special Operations Forces Concealed Carry Act
3bb72269-7f3b-42a5-bf48-4e1963844391,Tim Sheehy,S001232,gun-policy,cosponsor,S. 1169,2026-08-04,Freedom from Unfair Gun Taxes Act
3bb72269-7f3b-42a5-bf48-4e1963844391,Tim Sheehy,S001232,gun-policy,cosponsor,S. 4671,2026-06-16,Federal Firearms Licensee Protection Act of 2026
3bb72269-7f3b-42a5-bf48-4e1963844391,Tim Sheehy,S001232,gun-policy,cosponsor,S. 3916,2026-03-03,Gun Owner Registration Information Protection Act
3bb72269-7f3b-42a5-bf48-4e1963844391,Tim Sheehy,S001232,gun-policy,cosponsor,S. 3085,2025-10-30,Firearm Access During Shutdowns Act of 2025
3bb72269-7f3b-42a5-bf48-4e1963844391,Tim Sheehy,S001232,israel-military-aid,cosponsor,SRES. 438,2025-10-07,"A resolution condemning the brutal Hamas-led terrorist attack on the State of Israel on October 7, 2023, and supporting an outcome that ensures the forever survival of Israel, the complete denial of Hamas's ability to reconstitute in the region, and the release of all the remaining hostages from the Gaza Strip, including two United States citizens."
3bb72269-7f3b-42a5-bf48-4e1963844391,Tim Sheehy,S001232,border-security,cosponsor,S. 771,2025-02-27,End FEMA Benefits for Illegal Immigrants Act
3bb72269-7f3b-42a5-bf48-4e1963844391,Tim Sheehy,S001232,border-security,cosponsor,S. 112,2025-01-16,Make the Migrant Protection Protocols Mandatory Act of 2025
3bb72269-7f3b-42a5-bf48-4e1963844391,Tim Sheehy,S001232,gun-policy,cosponsor,S. 119,2025-01-16,No Retaining Every Gun In a System That Restricts Your Rights Act
3bb72269-7f3b-42a5-bf48-4e1963844391,Tim Sheehy,S001232,gun-policy,cosponsor,S. 89,2025-01-14,Sporting Firearms Access Act of 2025
3bb72269-7f3b-42a5-bf48-4e1963844391,Tim Sheehy,S001232,gun-policy,cosponsor,S. 65,2025-01-09,Constitutional Concealed Carry Reciprocity Act of 2025
a8017fcc-f4c0-4b7d-a0fa-9d76ea3d56f6,Tina Smith,S001203,cannabis-policy,cosponsor,S. 5022,2026-07-16,Cannabis Administration and Opportunity Act
a8017fcc-f4c0-4b7d-a0fa-9d76ea3d56f6,Tina Smith,S001203,gun-policy,cosponsor,SCONRES. 25,2026-01-14,"A concurrent resolution recognizing the 15th anniversary of the January 8, 2011, Tucson, Arizona, shooting and honoring the survivors and victims, including former Congresswoman Gabby Giffords, a gun violence survivor and one of the most influential voices of courage in the United States in the fight to end gun violence."
a8017fcc-f4c0-4b7d-a0fa-9d76ea3d56f6,Tina Smith,S001203,2020-election,cosponsor,SRES. 574,2026-01-06,"A resolution observing the fifth anniversary of the attack on the United States Capitol on January 6, 2021, and recognizing the essential work of United States Capitol personnel, including the United States Capitol Police."
a8017fcc-f4c0-4b7d-a0fa-9d76ea3d56f6,Tina Smith,S001203,gun-policy,cosponsor,S. 3458,2025-12-11,Background Check Completion Act of 2025
a8017fcc-f4c0-4b7d-a0fa-9d76ea3d56f6,Tina Smith,S001203,gun-policy,cosponsor,S. 3214,2025-11-19,Background Check Expansion Act
a8017fcc-f4c0-4b7d-a0fa-9d76ea3d56f6,Tina Smith,S001203,israel-military-aid,cosponsor,SRES. 410,2025-09-18,"A resolution calling on the President to recognize a demilitarized State of Palestine, as consistent with international law and the principles of a two-state solution, alongside a secure State of Israel."
a8017fcc-f4c0-4b7d-a0fa-9d76ea3d56f6,Tina Smith,S001203,gun-policy,cosponsor,S. 2514,2025-07-29,Gun Violence Prevention Research Act of 2025
a8017fcc-f4c0-4b7d-a0fa-9d76ea3d56f6,Tina Smith,S001203,gun-policy,cosponsor,S. 2165,2025-06-25,3D Printed Gun Safety Act of 2025
a8017fcc-f4c0-4b7d-a0fa-9d76ea3d56f6,Tina Smith,S001203,gun-policy,cosponsor,S. 2155,2025-06-24,Keeping Gun Dealers Honest Act of 2025
a8017fcc-f4c0-4b7d-a0fa-9d76ea3d56f6,Tina Smith,S001203,gun-policy,cosponsor,S. 1531,2025-04-30,Assault Weapons Ban of 2025
a8017fcc-f4c0-4b7d-a0fa-9d76ea3d56f6,Tina Smith,S001203,minimum-wage,cosponsor,S. 1332,2025-04-08,Raise the Wage Act of 2025
a8017fcc-f4c0-4b7d-a0fa-9d76ea3d56f6,Tina Smith,S001203,cannabis-policy,cosponsor,S. 4226,2024-05-01,Cannabis Administration and Opportunity Act
a8017fcc-f4c0-4b7d-a0fa-9d76ea3d56f6,Tina Smith,S001203,minimum-wage,cosponsor,S. 2488,2023-07-25,Raise the Wage Act of 2023
a8017fcc-f4c0-4b7d-a0fa-9d76ea3d56f6,Tina Smith,S001203,gun-policy,cosponsor,S. 1819,2023-06-06,3D Printed Gun Safety Act of 2023
a8017fcc-f4c0-4b7d-a0fa-9d76ea3d56f6,Tina Smith,S001203,border-security,cosponsor,S. 1885,2023-09-11,Protect Vulnerable Immigrant Youth Act
a8017fcc-f4c0-4b7d-a0fa-9d76ea3d56f6,Tina Smith,S001203,gun-policy,cosponsor,S. 1026,2023-03-29,Gun Violence Prevention Research Act of 2023
a8017fcc-f4c0-4b7d-a0fa-9d76ea3d56f6,Tina Smith,S001203,gun-policy,cosponsor,S. 25,2023-01-23,Assault Weapons Ban of 2023
a8017fcc-f4c0-4b7d-a0fa-9d76ea3d56f6,Tina Smith,S001203,israel-military-aid,cosponsor,SRES. 417,2023-10-19,A resolution standing with Israel against terrorism.
a8017fcc-f4c0-4b7d-a0fa-9d76ea3d56f6,Tina Smith,S001203,gun-policy,cosponsor,S. 1893,2023-06-08,Resources for Victims of Gun Violence Act of 2023
a8017fcc-f4c0-4b7d-a0fa-9d76ea3d56f6,Tina Smith,S001203,gun-policy,cosponsor,S. 1826,2023-06-06,Keeping Gun Dealers Honest Act of 2023
a8017fcc-f4c0-4b7d-a0fa-9d76ea3d56f6,Tina Smith,S001203,gun-policy,cosponsor,S. 494,2023-02-16,Background Check Expansion Act
102b239c-0a3d-44b9-ae32-88d8179197e2,Todd Young,Y000064,israel-military-aid,cosponsor,SRES. 438,2025-10-07,"A resolution condemning the brutal Hamas-led terrorist attack on the State of Israel on October 7, 2023, and supporting an outcome that ensures the forever survival of Israel, the complete denial of Hamas's ability to reconstitute in the region, and the release of all the remaining hostages from the Gaza Strip, including two United States citizens."
102b239c-0a3d-44b9-ae32-88d8179197e2,Todd Young,Y000064,israel-military-aid,cosponsor,SRES. 227,2025-05-14,"A resolution condemning Hamas for its premeditated, coordinated, and brutal terrorist attacks on October 7, 2023, against Israel and demanding that Hamas immediately release all remaining hostages and return them to safety, and for other purposes."
102b239c-0a3d-44b9-ae32-88d8179197e2,Todd Young,Y000064,gun-policy,cosponsor,S. 65,2025-01-09,Constitutional Concealed Carry Reciprocity Act of 2025
102b239c-0a3d-44b9-ae32-88d8179197e2,Todd Young,Y000064,israel-military-aid,cosponsor,SRES. 890,2024-09-25,"A resolution condemning the brutal Hamas-led terrorist attack on Israel on October 7, 2023, and supporting an outcome that ensures the forever survival of Israel, the complete denial of the ability of Hamas to reconstitute in the region, and the safe release of United States hostages from the Gaza Strip."
102b239c-0a3d-44b9-ae32-88d8179197e2,Todd Young,Y000064,israel-military-aid,cosponsor,SRES. 445,2023-11-02,A resolution recognizing the importance of the economic relationship between the United States and Israel and affirming that trade facilitated by the United States-Israel Free Trade Agreement is a tool to support the economy of Israel during the conflict with Hamas.
102b239c-0a3d-44b9-ae32-88d8179197e2,Todd Young,Y000064,gun-policy,cosponsor,SJRES. 83,2024-05-15,"A joint resolution providing for congressional disapproval under chapter 8 of title 5, United States Code, of the rule submitted by the Bureau of Alcohol, Tobacco, Firearms, and Explosives relating to ""Definition of 'Engaged in the Business' as a Dealer in Firearms""."
102b239c-0a3d-44b9-ae32-88d8179197e2,Todd Young,Y000064,israel-military-aid,cosponsor,SRES. 682,2024-05-09,A resolution condemning the decision by the Biden Administration to halt the shipment of United States made ammunition and weapons to the State of Israel.
102b239c-0a3d-44b9-ae32-88d8179197e2,Todd Young,Y000064,border-security,cosponsor,S. 3187,2023-11-01,Southern Border Transparency Act of 2023
102b239c-0a3d-44b9-ae32-88d8179197e2,Todd Young,Y000064,israel-military-aid,cosponsor,SRES. 408,2023-10-17,"A resolution condemning Hamas for its premeditated, coordinated, and brutal terrorist attacks on Israel and demanding that Hamas immediately release all hostages and return them to safety, and for other purposes."
102b239c-0a3d-44b9-ae32-88d8179197e2,Todd Young,Y000064,border-security,cosponsor,S. 2824,2023-09-14,Secure the Border Act of 2023
102b239c-0a3d-44b9-ae32-88d8179197e2,Todd Young,Y000064,border-security,cosponsor,SJRES. 25,2023-04-26,"A joint resolution providing for congressional disapproval under chapter 8 of title 5, United States Code, of the rule submitted by the Department of Labor relating to ""Adverse Effect Wage Rate Methodology for the Temporary Employment of H-2A Nonimmigrants in Non-Range Occupations in the United States""."
102b239c-0a3d-44b9-ae32-88d8179197e2,Todd Young,Y000064,border-security,cosponsor,S. 1192,2023-04-19,Stop Fentanyl Border Crossings Act
102b239c-0a3d-44b9-ae32-88d8179197e2,Todd Young,Y000064,border-security,cosponsor,SRES. 166,2023-04-20,A resolution honoring the efforts of the Coast Guard for excellence in maritime border security.
102b239c-0a3d-44b9-ae32-88d8179197e2,Todd Young,Y000064,israel-military-aid,cosponsor,SRES. 188,2023-05-02,"A resolution celebrating the 75th anniversary of the founding of the State of Israel, and for other purposes."
102b239c-0a3d-44b9-ae32-88d8179197e2,Todd Young,Y000064,gun-policy,cosponsor,SJRES. 20,2023-03-15,"A joint resolution providing for congressional disapproval under chapter 8 of title 5, United States Code, of the rule submitted by the Department of Justice and the Bureau of Alcohol, Tobacco, Firearms and Explosives relating to ""Factoring Criteria for Firearms With Attached 'Stabilizing Braces'""."
102b239c-0a3d-44b9-ae32-88d8179197e2,Todd Young,Y000064,israel-military-aid,cosponsor,SRES. 417,2023-10-19,A resolution standing with Israel against terrorism.
102b239c-0a3d-44b9-ae32-88d8179197e2,Todd Young,Y000064,cannabis-policy,cosponsor,S. 326,2023-04-25,VA Medicinal Cannabis Research Act of 2023
102b239c-0a3d-44b9-ae32-88d8179197e2,Todd Young,Y000064,gun-policy,cosponsor,S. 214,2023-02-01,Constitutional Concealed Carry Reciprocity Act of 2023
0942f325-1180-4e1a-b1df-06438f1792a3,Tom Cotton,C001095,border-security,sponsor,S. 3488,2025-12-16,Asylum Reform and Loophole Closure Act
0942f325-1180-4e1a-b1df-06438f1792a3,Tom Cotton,C001095,israel-military-aid,sponsor,S. 4337,2024-05-15,Israel Security Assistance Support Act
0942f325-1180-4e1a-b1df-06438f1792a3,Tom Cotton,C001095,israel-military-aid,sponsor,S. 1504,2023-05-09,Ensuring Peace Through Strength in Israel Act
0942f325-1180-4e1a-b1df-06438f1792a3,Tom Cotton,C001095,israel-military-aid,sponsor,SCONRES. 14,2023-07-18,A concurrent resolution expressing the sense of Congress supporting the State of Israel.
0942f325-1180-4e1a-b1df-06438f1792a3,Tom Cotton,C001095,israel-military-aid,sponsor,S. 510,2023-02-16,Expediting Israeli Aerial Refueling Act of 2023
0942f325-1180-4e1a-b1df-06438f1792a3,Tom Cotton,C001095,gun-policy,cosponsor,S. 4671,2026-06-03,Federal Firearms Licensee Protection Act of 2026
0942f325-1180-4e1a-b1df-06438f1792a3,Tom Cotton,C001095,israel-military-aid,cosponsor,S. 554,2025-12-09,United States-Israel Defense Partnership Act of 2025
0942f325-1180-4e1a-b1df-06438f1792a3,Tom Cotton,C001095,border-security,cosponsor,S. 2967,2025-10-09,Border Lands Conservation Act
0942f325-1180-4e1a-b1df-06438f1792a3,Tom Cotton,C001095,israel-military-aid,cosponsor,SRES. 438,2025-10-07,"A resolution condemning the brutal Hamas-led terrorist attack on the State of Israel on October 7, 2023, and supporting an outcome that ensures the forever survival of Israel, the complete denial of Hamas's ability to reconstitute in the region, and the release of all the remaining hostages from the Gaza Strip, including two United States citizens."
0942f325-1180-4e1a-b1df-06438f1792a3,Tom Cotton,C001095,israel-military-aid,cosponsor,S. 1521,2025-04-30,Stand with Israel Act
0942f325-1180-4e1a-b1df-06438f1792a3,Tom Cotton,C001095,gun-policy,cosponsor,S. 65,2025-01-09,Constitutional Concealed Carry Reciprocity Act of 2025
0942f325-1180-4e1a-b1df-06438f1792a3,Tom Cotton,C001095,israel-military-aid,cosponsor,S. 5303,2024-11-13,Stand with Israel Act
0942f325-1180-4e1a-b1df-06438f1792a3,Tom Cotton,C001095,israel-military-aid,cosponsor,SRES. 890,2024-09-25,"A resolution condemning the brutal Hamas-led terrorist attack on Israel on October 7, 2023, and supporting an outcome that ensures the forever survival of Israel, the complete denial of the ability of Hamas to reconstitute in the region, and the safe release of United States hostages from the Gaza Strip."
0942f325-1180-4e1a-b1df-06438f1792a3,Tom Cotton,C001095,gun-policy,cosponsor,S. 3812,2024-09-09,FIREARM Act
0942f325-1180-4e1a-b1df-06438f1792a3,Tom Cotton,C001095,gun-policy,cosponsor,S. 4652,2024-07-10,Firearms Interstate Commerce Reform Act
0942f325-1180-4e1a-b1df-06438f1792a3,Tom Cotton,C001095,gun-policy,cosponsor,SJRES. 93,2024-06-05,"A joint resolution providing for congressional disapproval under chapter 8 of title 5, United States Code, of the rule submitted by the Department of Commerce relating to ""Revision of Firearms License Requirements""."
0942f325-1180-4e1a-b1df-06438f1792a3,Tom Cotton,C001095,gun-policy,cosponsor,SJRES. 83,2024-05-15,"A joint resolution providing for congressional disapproval under chapter 8 of title 5, United States Code, of the rule submitted by the Bureau of Alcohol, Tobacco, Firearms, and Explosives relating to ""Definition of 'Engaged in the Business' as a Dealer in Firearms""."
0942f325-1180-4e1a-b1df-06438f1792a3,Tom Cotton,C001095,israel-military-aid,cosponsor,SRES. 682,2024-05-09,A resolution condemning the decision by the Biden Administration to halt the shipment of United States made ammunition and weapons to the State of Israel.
0942f325-1180-4e1a-b1df-06438f1792a3,Tom Cotton,C001095,israel-military-aid,cosponsor,SRES. 617,2024-03-22,A resolution expressing the sense of the Senate that Israel has the inherent right to defend itself and take necessary steps to eradicate the terrorist threat posed by Hamas.
0942f325-1180-4e1a-b1df-06438f1792a3,Tom Cotton,C001095,gun-policy,cosponsor,S. 3531,2023-12-14,Protect American Gun Exporters Act
0942f325-1180-4e1a-b1df-06438f1792a3,Tom Cotton,C001095,israel-military-aid,cosponsor,SRES. 408,2023-11-07,"A resolution condemning Hamas for its premeditated, coordinated, and brutal terrorist attacks on Israel and demanding that Hamas immediately release all hostages and return them to safety, and for other purposes."
0942f325-1180-4e1a-b1df-06438f1792a3,Tom Cotton,C001095,border-security,cosponsor,S. 3187,2023-11-01,Southern Border Transparency Act of 2023
0942f325-1180-4e1a-b1df-06438f1792a3,Tom Cotton,C001095,border-security,cosponsor,S. 348,2023-02-09,Asylum Abuse Reduction Act
0942f325-1180-4e1a-b1df-06438f1792a3,Tom Cotton,C001095,border-security,cosponsor,S. 2824,2023-09-14,Secure the Border Act of 2023
0942f325-1180-4e1a-b1df-06438f1792a3,Tom Cotton,C001095,border-security,cosponsor,SJRES. 25,2023-06-07,"A joint resolution providing for congressional disapproval under chapter 8 of title 5, United States Code, of the rule submitted by the Department of Labor relating to ""Adverse Effect Wage Rate Methodology for the Temporary Employment of H-2A Nonimmigrants in Non-Range Occupations in the United States""."
0942f325-1180-4e1a-b1df-06438f1792a3,Tom Cotton,C001095,border-security,cosponsor,S. 3708,2024-01-31,A bill to reprogram Federal funds appropriated for UNRWA to construct the southwest border wall and to prohibit future funding for UNRWA.
0942f325-1180-4e1a-b1df-06438f1792a3,Tom Cotton,C001095,border-security,cosponsor,SRES. 45,2023-02-09,A resolution expressing the sense of the Senate that the current influx of migrants is causing a crisis at the southern border.
0942f325-1180-4e1a-b1df-06438f1792a3,Tom Cotton,C001095,border-security,cosponsor,S. 685,2023-03-07,Stopping Border Surges Act
0942f325-1180-4e1a-b1df-06438f1792a3,Tom Cotton,C001095,gun-policy,cosponsor,SJRES. 20,2023-03-15,"A joint resolution providing for congressional disapproval under chapter 8 of title 5, United States Code, of the rule submitted by the Department of Justice and the Bureau of Alcohol, Tobacco, Firearms and Explosives relating to ""Factoring Criteria for Firearms With Attached 'Stabilizing Braces'""."
0942f325-1180-4e1a-b1df-06438f1792a3,Tom Cotton,C001095,israel-military-aid,cosponsor,SRES. 417,2023-10-19,A resolution standing with Israel against terrorism.
0942f325-1180-4e1a-b1df-06438f1792a3,Tom Cotton,C001095,gun-policy,cosponsor,S. 1907,2023-06-08,Federal Firearms Licensee Protection Act of 2023
0942f325-1180-4e1a-b1df-06438f1792a3,Tom Cotton,C001095,border-security,cosponsor,S. 1461,2023-05-04,Stop Human Trafficking of Unaccompanied Migrant Children Act of 2023
0942f325-1180-4e1a-b1df-06438f1792a3,Tom Cotton,C001095,gun-policy,cosponsor,S. 214,2023-02-01,Constitutional Concealed Carry Reciprocity Act of 2023
7affca4e-db2b-4f7e-b009-9acc6b493139,Tommy Tuberville,T000278,border-security,sponsor,S. 696,2023-03-08,Border Safety and Security Act of 2023
7affca4e-db2b-4f7e-b009-9acc6b493139,Tommy Tuberville,T000278,border-security,cosponsor,S. 5371,2026-08-07,Stopping Border Surges Act
7affca4e-db2b-4f7e-b009-9acc6b493139,Tommy Tuberville,T000278,israel-military-aid,cosponsor,SRES. 438,2025-10-07,"A resolution condemning the brutal Hamas-led terrorist attack on the State of Israel on October 7, 2023, and supporting an outcome that ensures the forever survival of Israel, the complete denial of Hamas's ability to reconstitute in the region, and the release of all the remaining hostages from the Gaza Strip, including two United States citizens."
7affca4e-db2b-4f7e-b009-9acc6b493139,Tommy Tuberville,T000278,gun-policy,cosponsor,SRES. 342,2025-07-29,"A resolution honoring the contributions of small manufacturers of firearms to the economy, culture, and recreational heritage of the United States and recognizing August 2025 as ""National Shooting Sports Month""."
7affca4e-db2b-4f7e-b009-9acc6b493139,Tommy Tuberville,T000278,gun-policy,cosponsor,S. 65,2025-01-09,Constitutional Concealed Carry Reciprocity Act of 2025
7affca4e-db2b-4f7e-b009-9acc6b493139,Tommy Tuberville,T000278,israel-military-aid,cosponsor,SRES. 890,2024-09-25,"A resolution condemning the brutal Hamas-led terrorist attack on Israel on October 7, 2023, and supporting an outcome that ensures the forever survival of Israel, the complete denial of the ability of Hamas to reconstitute in the region, and the safe release of United States hostages from the Gaza Strip."
7affca4e-db2b-4f7e-b009-9acc6b493139,Tommy Tuberville,T000278,gun-policy,cosponsor,SJRES. 93,2024-06-05,"A joint resolution providing for congressional disapproval under chapter 8 of title 5, United States Code, of the rule submitted by the Department of Commerce relating to ""Revision of Firearms License Requirements""."
7affca4e-db2b-4f7e-b009-9acc6b493139,Tommy Tuberville,T000278,gun-policy,cosponsor,SJRES. 83,2024-05-15,"A joint resolution providing for congressional disapproval under chapter 8 of title 5, United States Code, of the rule submitted by the Bureau of Alcohol, Tobacco, Firearms, and Explosives relating to ""Definition of 'Engaged in the Business' as a Dealer in Firearms""."
7affca4e-db2b-4f7e-b009-9acc6b493139,Tommy Tuberville,T000278,israel-military-aid,cosponsor,SRES. 680,2024-05-09,"A resolution condemning the violent, anti-American and anti-Israel protests that are occurring on campuses of institutions of higher education nationwide."
7affca4e-db2b-4f7e-b009-9acc6b493139,Tommy Tuberville,T000278,israel-military-aid,cosponsor,SRES. 682,2024-05-09,A resolution condemning the decision by the Biden Administration to halt the shipment of United States made ammunition and weapons to the State of Israel.
7affca4e-db2b-4f7e-b009-9acc6b493139,Tommy Tuberville,T000278,border-security,cosponsor,S. 3187,2023-11-01,Southern Border Transparency Act of 2023
7affca4e-db2b-4f7e-b009-9acc6b493139,Tommy Tuberville,T000278,israel-military-aid,cosponsor,S. 3168,2023-10-30,Israel Supplemental Appropriations Act of 2023
7affca4e-db2b-4f7e-b009-9acc6b493139,Tommy Tuberville,T000278,israel-military-aid,cosponsor,SRES. 413,2023-10-18,"A resolution condemning foreign nationals in the United States who have endorsed and espoused the actions of foreign terrorist organizations (FTO) in Gaza who, on October 7, 2023, launched attacks against the State of Israel, and killed innocent Israeli and United States citizens."
7affca4e-db2b-4f7e-b009-9acc6b493139,Tommy Tuberville,T000278,border-security,cosponsor,S. 276,2023-02-07,Upholding the Law at Our Border Act
7affca4e-db2b-4f7e-b009-9acc6b493139,Tommy Tuberville,T000278,border-security,cosponsor,S. 2824,2023-09-14,Secure the Border Act of 2023
7affca4e-db2b-4f7e-b009-9acc6b493139,Tommy Tuberville,T000278,border-security,cosponsor,SJRES. 25,2023-04-25,"A joint resolution providing for congressional disapproval under chapter 8 of title 5, United States Code, of the rule submitted by the Department of Labor relating to ""Adverse Effect Wage Rate Methodology for the Temporary Employment of H-2A Nonimmigrants in Non-Range Occupations in the United States""."
7affca4e-db2b-4f7e-b009-9acc6b493139,Tommy Tuberville,T000278,border-security,cosponsor,S. 685,2023-03-07,Stopping Border Surges Act
7affca4e-db2b-4f7e-b009-9acc6b493139,Tommy Tuberville,T000278,gun-policy,cosponsor,SJRES. 20,2023-03-15,"A joint resolution providing for congressional disapproval under chapter 8 of title 5, United States Code, of the rule submitted by the Department of Justice and the Bureau of Alcohol, Tobacco, Firearms and Explosives relating to ""Factoring Criteria for Firearms With Attached 'Stabilizing Braces'""."
7affca4e-db2b-4f7e-b009-9acc6b493139,Tommy Tuberville,T000278,israel-military-aid,cosponsor,S. 3135,2023-10-26,Israel Supplemental Appropriations Act of 2023
7affca4e-db2b-4f7e-b009-9acc6b493139,Tommy Tuberville,T000278,israel-military-aid,cosponsor,SRES. 417,2023-10-19,A resolution standing with Israel against terrorism.
7affca4e-db2b-4f7e-b009-9acc6b493139,Tommy Tuberville,T000278,gun-policy,cosponsor,S. 1907,2023-06-08,Federal Firearms Licensee Protection Act of 2023
7affca4e-db2b-4f7e-b009-9acc6b493139,Tommy Tuberville,T000278,gun-policy,cosponsor,S. 214,2023-02-01,Constitutional Concealed Carry Reciprocity Act of 2023
