full_name,politician_id,topic_key,value,reasoning,evidence_type,source_urls
Paul Wiggins,d7fa2d62-1058-434a-83fb-1a972e15ee12,taxes,3,"In his King County voters’ pamphlet statement for the 2025 general election he pledged that the city’s finances would ""remain sustainable without increasing property taxes"". Holding the city’s existing tax settings while keeping the budget balanced is chair 3. He proposes no increase, which rules out chairs 1 and 2, and he proposes no reduction either, which rules out chairs 4 and 5.",statement,https://info.kingcounty.gov/kcelections/Vote/contests/candidates.aspx?cid=167385&candidateid=1640310&lang=en-US&pamphletson=true
Paul Wiggins,d7fa2d62-1058-434a-83fb-1a972e15ee12,abortion,,Abortion law is set by the state and by federal courts. A Duvall city official holds no lever on any rung of this ladder.,,
Paul Wiggins,d7fa2d62-1058-434a-83fb-1a972e15ee12,ai-regulation,,Regulation of AI development and deployment is a state and federal matter. A Duvall city official holds no lever on any rung.,,
Paul Wiggins,d7fa2d62-1058-434a-83fb-1a972e15ee12,deportation,,Deportation policy is exclusively federal. No rung describes an act available to a city official.,,
Paul Wiggins,d7fa2d62-1058-434a-83fb-1a972e15ee12,fossil-fuels,,"Fossil fuel production, drilling and public land leasing are state and federal matters. No rung is available to a city official.",,
Paul Wiggins,d7fa2d62-1058-434a-83fb-1a972e15ee12,healthcare,,Health coverage policy is a state and federal matter. No rung describes an act available to a Duvall city official.,,
Paul Wiggins,d7fa2d62-1058-434a-83fb-1a972e15ee12,medicare/aid,,Medicare and Medicaid are federal and state programs. No rung is available at city level.,,
Paul Wiggins,d7fa2d62-1058-434a-83fb-1a972e15ee12,misinformation,,Platform content moderation is a federal and First Amendment matter. No rung is available to a city official.,,
Paul Wiggins,d7fa2d62-1058-434a-83fb-1a972e15ee12,redistricting,,"Duvall council members are elected citywide by position number rather than from districts, so the city draws no electoral boundaries. No rung is available.",,
Paul Wiggins,d7fa2d62-1058-434a-83fb-1a972e15ee12,religious-freedom,,The balance between religious exemptions and anti-discrimination law is set by state and federal law and by the courts. No rung is available at city level.,,
Paul Wiggins,d7fa2d62-1058-434a-83fb-1a972e15ee12,same-sex-marriage,,Marriage law is set by the state and by federal constitutional law. No rung is available to a city official.,,
Paul Wiggins,d7fa2d62-1058-434a-83fb-1a972e15ee12,school-vouchers,,Voucher and school-choice programs are created by state law. A city council has no authority over them.,,
Paul Wiggins,d7fa2d62-1058-434a-83fb-1a972e15ee12,social-security,,Social Security is a federal program. No rung is available at city level.,,
Paul Wiggins,d7fa2d62-1058-434a-83fb-1a972e15ee12,tariffs,,Trade policy and tariffs are exclusively federal. No rung is available at city level.,,
Paul Wiggins,d7fa2d62-1058-434a-83fb-1a972e15ee12,trans-athletes,,"Athletic eligibility rules are set by the state athletic association and the legislature, not by a city.",,
Paul Wiggins,d7fa2d62-1058-434a-83fb-1a972e15ee12,ukraine-support,,Foreign and military aid is exclusively federal. No rung is available at city level.,,
Paul Wiggins,d7fa2d62-1058-434a-83fb-1a972e15ee12,voting-rights,,Voter identification and registration requirements are set by Washington state law. A city holds no lever on any rung.,,
Paul Wiggins,d7fa2d62-1058-434a-83fb-1a972e15ee12,2020-election,,"This asks for a view on a federal election result. It is not an act a city official takes, and no statement of a position was found.",,
Paul Wiggins,d7fa2d62-1058-434a-83fb-1a972e15ee12,border-security,,Border and asylum policy is exclusively federal. No rung is available at city level.,,
Paul Wiggins,d7fa2d62-1058-434a-83fb-1a972e15ee12,cannabis-policy,,The legal status of cannabis is set by state and federal law. The rungs describe legalization choices a city cannot make.,,
Paul Wiggins,d7fa2d62-1058-434a-83fb-1a972e15ee12,defense-spending,,Military spending is exclusively federal. No rung is available at city level.,,
Paul Wiggins,d7fa2d62-1058-434a-83fb-1a972e15ee12,military-intervention,,The use of military force is exclusively federal. No rung is available at city level.,,
Paul Wiggins,d7fa2d62-1058-434a-83fb-1a972e15ee12,israel-military-aid,,Foreign military aid is exclusively federal. No rung is available at city level.,,
Paul Wiggins,d7fa2d62-1058-434a-83fb-1a972e15ee12,gun-policy,,"RCW 9.41.290 states that Washington fully occupies and preempts the entire field of firearms regulation, and that local ordinances more restrictive than state law are preempted and repealed. No rung is lawfully available to a Duvall city official.",,
Paul Wiggins,d7fa2d62-1058-434a-83fb-1a972e15ee12,education-curriculum,,"Curriculum is set by the Riverview School District board, not by the City of Duvall. No rung is available to this office.",,
Paul Wiggins,d7fa2d62-1058-434a-83fb-1a972e15ee12,education-library-books,,"School library collections and challenge procedures are set by the school district board, not by the city.",,
Paul Wiggins,d7fa2d62-1058-434a-83fb-1a972e15ee12,education-gender-identity,,"School policy on student name and gender identity is set by the school district board, not by the city.",,
Paul Wiggins,d7fa2d62-1058-434a-83fb-1a972e15ee12,education-equity-programs,,"District equity programs and staffing are set by the school district board, not by the city.",,
Paul Wiggins,d7fa2d62-1058-434a-83fb-1a972e15ee12,education-charter-authorization,,"Charter school authorization in Washington runs through the state Charter School Commission and school district boards, not a city.",,
Paul Wiggins,d7fa2d62-1058-434a-83fb-1a972e15ee12,education-school-budget,,"School funding levels and levies are set by the school district board and its voters, not by the city.",,
Paul Wiggins,d7fa2d62-1058-434a-83fb-1a972e15ee12,education-ai,,"Classroom AI policy is set by the school district, not by the city.",,
Paul Wiggins,d7fa2d62-1058-434a-83fb-1a972e15ee12,campaign-finance,,"Washington cities may set local contribution limits, so a lever exists. No vote and no statement by him on local campaign finance rules was found. Duvall publishes no per-member roll calls: it runs no Legistar client on any of five spellings, its minutes are PDFs the source verifier cannot read, and across eighteen recent meetings every recorded vote reads that the motion passed unopposed, which C46 refuses as a position. The King County voters' pamphlet statements, the candidates' own sites and Snoqualmie Valley Record coverage were swept for this batch.",,
Paul Wiggins,d7fa2d62-1058-434a-83fb-1a972e15ee12,childcare,,"Cities can fund childcare subsidies and facilities, so a lever exists. No vote and no statement by him that distinguishes a chair on childcare was found. Duvall publishes no per-member roll calls: it runs no Legistar client on any of five spellings, its minutes are PDFs the source verifier cannot read, and across eighteen recent meetings every recorded vote reads that the motion passed unopposed, which C46 refuses as a position. The King County voters' pamphlet statements, the candidates' own sites and Snoqualmie Valley Record coverage were swept for this batch.",,
Paul Wiggins,d7fa2d62-1058-434a-83fb-1a972e15ee12,city-sanitation,,"No vote and no statement by him on street cleanliness, sanitation service levels or litter enforcement was found. Duvall publishes no per-member roll calls: it runs no Legistar client on any of five spellings, its minutes are PDFs the source verifier cannot read, and across eighteen recent meetings every recorded vote reads that the motion passed unopposed, which C46 refuses as a position. The King County voters' pamphlet statements, the candidates' own sites and Snoqualmie Valley Record coverage were swept for this batch.",,
Paul Wiggins,d7fa2d62-1058-434a-83fb-1a972e15ee12,civil-rights,,"No vote and no statement by him that distinguishes a chair on this ladder was found. Duvall publishes no per-member roll calls: it runs no Legistar client on any of five spellings, its minutes are PDFs the source verifier cannot read, and across eighteen recent meetings every recorded vote reads that the motion passed unopposed, which C46 refuses as a position. The King County voters' pamphlet statements, the candidates' own sites and Snoqualmie Valley Record coverage were swept for this batch.",,
Paul Wiggins,d7fa2d62-1058-434a-83fb-1a972e15ee12,climate-change,,"This ladder asks about expanding clean energy. No vote and no statement by him on clean energy mandates, subsidies or permitting was found. Duvall publishes no per-member roll calls: it runs no Legistar client on any of five spellings, its minutes are PDFs the source verifier cannot read, and across eighteen recent meetings every recorded vote reads that the motion passed unopposed, which C46 refuses as a position. The King County voters' pamphlet statements, the candidates' own sites and Snoqualmie Valley Record coverage were swept for this batch.",,
Paul Wiggins,d7fa2d62-1058-434a-83fb-1a972e15ee12,data-centers,,"No vote and no statement by him on data center siting, energy cost allocation or permitting was found. Duvall publishes no per-member roll calls: it runs no Legistar client on any of five spellings, its minutes are PDFs the source verifier cannot read, and across eighteen recent meetings every recorded vote reads that the motion passed unopposed, which C46 refuses as a position. The King County voters' pamphlet statements, the candidates' own sites and Snoqualmie Valley Record coverage were swept for this batch.",,
Paul Wiggins,d7fa2d62-1058-434a-83fb-1a972e15ee12,economic-development,,"No vote and no statement by him on business incentives, clawback conditions or recruitment terms that distinguishes a chair was found. Duvall publishes no per-member roll calls: it runs no Legistar client on any of five spellings, its minutes are PDFs the source verifier cannot read, and across eighteen recent meetings every recorded vote reads that the motion passed unopposed, which C46 refuses as a position. The King County voters' pamphlet statements, the candidates' own sites and Snoqualmie Valley Record coverage were swept for this batch.",,
Paul Wiggins,d7fa2d62-1058-434a-83fb-1a972e15ee12,education-school-police,,"No vote and no statement by him on the role of police officers in schools was found. Duvall publishes no per-member roll calls: it runs no Legistar client on any of five spellings, its minutes are PDFs the source verifier cannot read, and across eighteen recent meetings every recorded vote reads that the motion passed unopposed, which C46 refuses as a position. The King County voters' pamphlet statements, the candidates' own sites and Snoqualmie Valley Record coverage were swept for this batch.",,
Paul Wiggins,d7fa2d62-1058-434a-83fb-1a972e15ee12,growth-and-development,,"He served on Duvall’s Planning Commission and the 2024 Comprehensive Plan steering committee, and his pamphlet statement describes helping shape a roadmap for ""managing thoughtful growth"". Committee service is not a position, and thoughtful growth names no pace, so no chair is distinguished.",,
Paul Wiggins,d7fa2d62-1058-434a-83fb-1a972e15ee12,homelessness,,"No vote and no statement by him on enforcement against sleeping or camping in public was found. Duvall publishes no per-member roll calls: it runs no Legistar client on any of five spellings, its minutes are PDFs the source verifier cannot read, and across eighteen recent meetings every recorded vote reads that the motion passed unopposed, which C46 refuses as a position. The King County voters' pamphlet statements, the candidates' own sites and Snoqualmie Valley Record coverage were swept for this batch.",,
Paul Wiggins,d7fa2d62-1058-434a-83fb-1a972e15ee12,homelessness-response,,"No vote and no statement by him setting a funding posture for homelessness housing and services was found. Duvall publishes no per-member roll calls: it runs no Legistar client on any of five spellings, its minutes are PDFs the source verifier cannot read, and across eighteen recent meetings every recorded vote reads that the motion passed unopposed, which C46 refuses as a position. The King County voters' pamphlet statements, the candidates' own sites and Snoqualmie Valley Record coverage were swept for this batch.",,
Paul Wiggins,d7fa2d62-1058-434a-83fb-1a972e15ee12,housing,,"No vote and no statement by him on public housing, binding affordability requirements or subsidies that distinguishes a chair was found. Duvall publishes no per-member roll calls: it runs no Legistar client on any of five spellings, its minutes are PDFs the source verifier cannot read, and across eighteen recent meetings every recorded vote reads that the motion passed unopposed, which C46 refuses as a position. The King County voters' pamphlet statements, the candidates' own sites and Snoqualmie Valley Record coverage were swept for this batch.",,
Paul Wiggins,d7fa2d62-1058-434a-83fb-1a972e15ee12,jail-capacity,,"No vote and no statement by him on jail capacity, incarceration alternatives or detention funding was found. Duvall publishes no per-member roll calls: it runs no Legistar client on any of five spellings, its minutes are PDFs the source verifier cannot read, and across eighteen recent meetings every recorded vote reads that the motion passed unopposed, which C46 refuses as a position. The King County voters' pamphlet statements, the candidates' own sites and Snoqualmie Valley Record coverage were swept for this batch.",,
Paul Wiggins,d7fa2d62-1058-434a-83fb-1a972e15ee12,local-environment,,"No vote and no statement by him weighing new development against environmental protection that distinguishes a chair was found. Duvall publishes no per-member roll calls: it runs no Legistar client on any of five spellings, its minutes are PDFs the source verifier cannot read, and across eighteen recent meetings every recorded vote reads that the motion passed unopposed, which C46 refuses as a position. The King County voters' pamphlet statements, the candidates' own sites and Snoqualmie Valley Record coverage were swept for this batch.",,
Paul Wiggins,d7fa2d62-1058-434a-83fb-1a972e15ee12,local-immigration,,"No vote and no statement by him on ICE detainers or on local cooperation with federal immigration enforcement was found. Duvall publishes no per-member roll calls: it runs no Legistar client on any of five spellings, its minutes are PDFs the source verifier cannot read, and across eighteen recent meetings every recorded vote reads that the motion passed unopposed, which C46 refuses as a position. The King County voters' pamphlet statements, the candidates' own sites and Snoqualmie Valley Record coverage were swept for this batch.",,
Paul Wiggins,d7fa2d62-1058-434a-83fb-1a972e15ee12,minimum-wage,,"Washington cities may set a local minimum wage, so a lever exists. No vote and no statement by him on a Duvall minimum wage was found. Duvall publishes no per-member roll calls: it runs no Legistar client on any of five spellings, its minutes are PDFs the source verifier cannot read, and across eighteen recent meetings every recorded vote reads that the motion passed unopposed, which C46 refuses as a position. The King County voters' pamphlet statements, the candidates' own sites and Snoqualmie Valley Record coverage were swept for this batch.",,
Paul Wiggins,d7fa2d62-1058-434a-83fb-1a972e15ee12,public-safety-approach,,"His voters’ pamphlet statement says community safety is his paramount priority and that he will advocate for fully staffed police and fire departments and oppose legislation that compromises those services. Keeping departments fully staffed is not the same as expanding police presence (chair 4), and he does not rank policing ahead of social and community programs in terms (chair 5), so two chairs remain open and neither is established.",,
Paul Wiggins,d7fa2d62-1058-434a-83fb-1a972e15ee12,ranked-choice-voting,,"Washington law permits a city to adopt ranked-choice voting for local offices, so a lever exists. No vote and no statement by him on adopting it was found. Duvall publishes no per-member roll calls: it runs no Legistar client on any of five spellings, its minutes are PDFs the source verifier cannot read, and across eighteen recent meetings every recorded vote reads that the motion passed unopposed, which C46 refuses as a position. The King County voters' pamphlet statements, the candidates' own sites and Snoqualmie Valley Record coverage were swept for this batch.",,
Paul Wiggins,d7fa2d62-1058-434a-83fb-1a972e15ee12,rent-regulation,,"RCW 35.21.830 preempts every Washington city from regulating the amount of rent charged, so chairs 1 and 2 are not lawful options at this level. No vote and no statement by him on tenant protections or rent rules was found. Duvall publishes no per-member roll calls: it runs no Legistar client on any of five spellings, its minutes are PDFs the source verifier cannot read, and across eighteen recent meetings every recorded vote reads that the motion passed unopposed, which C46 refuses as a position. The King County voters' pamphlet statements, the candidates' own sites and Snoqualmie Valley Record coverage were swept for this batch.",,
Paul Wiggins,d7fa2d62-1058-434a-83fb-1a972e15ee12,residential-zoning,,"The Snoqualmie Valley Record photographed him talking with a resident at the September 2026 Comprehensive Plan workshop during the dispute over proposed middle-housing provisions, but the article records no position of his. A photograph caption is not a statement.",,
Paul Wiggins,d7fa2d62-1058-434a-83fb-1a972e15ee12,transportation-priorities,,"No vote and no statement by him choosing between road capacity and multimodal investment that distinguishes a chair was found. Duvall publishes no per-member roll calls: it runs no Legistar client on any of five spellings, its minutes are PDFs the source verifier cannot read, and across eighteen recent meetings every recorded vote reads that the motion passed unopposed, which C46 refuses as a position. The King County voters' pamphlet statements, the candidates' own sites and Snoqualmie Valley Record coverage were swept for this batch.",,
Jennifer Hernandez,628c3b92-99eb-44e3-9f9d-fec8dcff8bd2,abortion,,Abortion law is set by the state and by federal courts. A Duvall city official holds no lever on any rung of this ladder.,,
Jennifer Hernandez,628c3b92-99eb-44e3-9f9d-fec8dcff8bd2,ai-regulation,,Regulation of AI development and deployment is a state and federal matter. A Duvall city official holds no lever on any rung.,,
Jennifer Hernandez,628c3b92-99eb-44e3-9f9d-fec8dcff8bd2,deportation,,Deportation policy is exclusively federal. No rung describes an act available to a city official.,,
Jennifer Hernandez,628c3b92-99eb-44e3-9f9d-fec8dcff8bd2,fossil-fuels,,"Fossil fuel production, drilling and public land leasing are state and federal matters. No rung is available to a city official.",,
Jennifer Hernandez,628c3b92-99eb-44e3-9f9d-fec8dcff8bd2,healthcare,,Health coverage policy is a state and federal matter. No rung describes an act available to a Duvall city official.,,
Jennifer Hernandez,628c3b92-99eb-44e3-9f9d-fec8dcff8bd2,medicare/aid,,Medicare and Medicaid are federal and state programs. No rung is available at city level.,,
Jennifer Hernandez,628c3b92-99eb-44e3-9f9d-fec8dcff8bd2,misinformation,,Platform content moderation is a federal and First Amendment matter. No rung is available to a city official.,,
Jennifer Hernandez,628c3b92-99eb-44e3-9f9d-fec8dcff8bd2,redistricting,,"Duvall council members are elected citywide by position number rather than from districts, so the city draws no electoral boundaries. No rung is available.",,
Jennifer Hernandez,628c3b92-99eb-44e3-9f9d-fec8dcff8bd2,religious-freedom,,The balance between religious exemptions and anti-discrimination law is set by state and federal law and by the courts. No rung is available at city level.,,
Jennifer Hernandez,628c3b92-99eb-44e3-9f9d-fec8dcff8bd2,same-sex-marriage,,Marriage law is set by the state and by federal constitutional law. No rung is available to a city official.,,
Jennifer Hernandez,628c3b92-99eb-44e3-9f9d-fec8dcff8bd2,school-vouchers,,Voucher and school-choice programs are created by state law. A city council has no authority over them.,,
Jennifer Hernandez,628c3b92-99eb-44e3-9f9d-fec8dcff8bd2,social-security,,Social Security is a federal program. No rung is available at city level.,,
Jennifer Hernandez,628c3b92-99eb-44e3-9f9d-fec8dcff8bd2,tariffs,,Trade policy and tariffs are exclusively federal. No rung is available at city level.,,
Jennifer Hernandez,628c3b92-99eb-44e3-9f9d-fec8dcff8bd2,trans-athletes,,"Athletic eligibility rules are set by the state athletic association and the legislature, not by a city.",,
Jennifer Hernandez,628c3b92-99eb-44e3-9f9d-fec8dcff8bd2,ukraine-support,,Foreign and military aid is exclusively federal. No rung is available at city level.,,
Jennifer Hernandez,628c3b92-99eb-44e3-9f9d-fec8dcff8bd2,voting-rights,,Voter identification and registration requirements are set by Washington state law. A city holds no lever on any rung.,,
Jennifer Hernandez,628c3b92-99eb-44e3-9f9d-fec8dcff8bd2,2020-election,,"This asks for a view on a federal election result. It is not an act a city official takes, and no statement of a position was found.",,
Jennifer Hernandez,628c3b92-99eb-44e3-9f9d-fec8dcff8bd2,border-security,,Border and asylum policy is exclusively federal. No rung is available at city level.,,
Jennifer Hernandez,628c3b92-99eb-44e3-9f9d-fec8dcff8bd2,cannabis-policy,,The legal status of cannabis is set by state and federal law. The rungs describe legalization choices a city cannot make.,,
Jennifer Hernandez,628c3b92-99eb-44e3-9f9d-fec8dcff8bd2,defense-spending,,Military spending is exclusively federal. No rung is available at city level.,,
Jennifer Hernandez,628c3b92-99eb-44e3-9f9d-fec8dcff8bd2,military-intervention,,The use of military force is exclusively federal. No rung is available at city level.,,
Jennifer Hernandez,628c3b92-99eb-44e3-9f9d-fec8dcff8bd2,israel-military-aid,,Foreign military aid is exclusively federal. No rung is available at city level.,,
Jennifer Hernandez,628c3b92-99eb-44e3-9f9d-fec8dcff8bd2,gun-policy,,"RCW 9.41.290 states that Washington fully occupies and preempts the entire field of firearms regulation, and that local ordinances more restrictive than state law are preempted and repealed. No rung is lawfully available to a Duvall city official.",,
Jennifer Hernandez,628c3b92-99eb-44e3-9f9d-fec8dcff8bd2,education-curriculum,,"Curriculum is set by the Riverview School District board, not by the City of Duvall. No rung is available to this office.",,
Jennifer Hernandez,628c3b92-99eb-44e3-9f9d-fec8dcff8bd2,education-library-books,,"School library collections and challenge procedures are set by the school district board, not by the city.",,
Jennifer Hernandez,628c3b92-99eb-44e3-9f9d-fec8dcff8bd2,education-gender-identity,,"School policy on student name and gender identity is set by the school district board, not by the city.",,
Jennifer Hernandez,628c3b92-99eb-44e3-9f9d-fec8dcff8bd2,education-equity-programs,,"District equity programs and staffing are set by the school district board, not by the city.",,
Jennifer Hernandez,628c3b92-99eb-44e3-9f9d-fec8dcff8bd2,education-charter-authorization,,"Charter school authorization in Washington runs through the state Charter School Commission and school district boards, not a city.",,
Jennifer Hernandez,628c3b92-99eb-44e3-9f9d-fec8dcff8bd2,education-school-budget,,"School funding levels and levies are set by the school district board and its voters, not by the city.",,
Jennifer Hernandez,628c3b92-99eb-44e3-9f9d-fec8dcff8bd2,education-ai,,"Classroom AI policy is set by the school district, not by the city.",,
Jennifer Hernandez,628c3b92-99eb-44e3-9f9d-fec8dcff8bd2,campaign-finance,,"Washington cities may set local contribution limits, so a lever exists. No vote and no statement by her on local campaign finance rules was found. Duvall publishes no per-member roll calls: it runs no Legistar client on any of five spellings, its minutes are PDFs the source verifier cannot read, and across eighteen recent meetings every recorded vote reads that the motion passed unopposed, which C46 refuses as a position. The King County voters' pamphlet statements, the candidates' own sites and Snoqualmie Valley Record coverage were swept for this batch.",,
Jennifer Hernandez,628c3b92-99eb-44e3-9f9d-fec8dcff8bd2,childcare,,"Cities can fund childcare subsidies and facilities, so a lever exists. No vote and no statement by her that distinguishes a chair on childcare was found. Duvall publishes no per-member roll calls: it runs no Legistar client on any of five spellings, its minutes are PDFs the source verifier cannot read, and across eighteen recent meetings every recorded vote reads that the motion passed unopposed, which C46 refuses as a position. The King County voters' pamphlet statements, the candidates' own sites and Snoqualmie Valley Record coverage were swept for this batch.",,
Jennifer Hernandez,628c3b92-99eb-44e3-9f9d-fec8dcff8bd2,city-sanitation,,"No vote and no statement by her on street cleanliness, sanitation service levels or litter enforcement was found. Duvall publishes no per-member roll calls: it runs no Legistar client on any of five spellings, its minutes are PDFs the source verifier cannot read, and across eighteen recent meetings every recorded vote reads that the motion passed unopposed, which C46 refuses as a position. The King County voters' pamphlet statements, the candidates' own sites and Snoqualmie Valley Record coverage were swept for this batch.",,
Jennifer Hernandez,628c3b92-99eb-44e3-9f9d-fec8dcff8bd2,civil-rights,,"No vote and no statement by her that distinguishes a chair on this ladder was found. Duvall publishes no per-member roll calls: it runs no Legistar client on any of five spellings, its minutes are PDFs the source verifier cannot read, and across eighteen recent meetings every recorded vote reads that the motion passed unopposed, which C46 refuses as a position. The King County voters' pamphlet statements, the candidates' own sites and Snoqualmie Valley Record coverage were swept for this batch.",,
Jennifer Hernandez,628c3b92-99eb-44e3-9f9d-fec8dcff8bd2,climate-change,,"This ladder asks about expanding clean energy. No vote and no statement by her on clean energy mandates, subsidies or permitting was found. Duvall publishes no per-member roll calls: it runs no Legistar client on any of five spellings, its minutes are PDFs the source verifier cannot read, and across eighteen recent meetings every recorded vote reads that the motion passed unopposed, which C46 refuses as a position. The King County voters' pamphlet statements, the candidates' own sites and Snoqualmie Valley Record coverage were swept for this batch.",,
Jennifer Hernandez,628c3b92-99eb-44e3-9f9d-fec8dcff8bd2,data-centers,,"No vote and no statement by her on data center siting, energy cost allocation or permitting was found. Duvall publishes no per-member roll calls: it runs no Legistar client on any of five spellings, its minutes are PDFs the source verifier cannot read, and across eighteen recent meetings every recorded vote reads that the motion passed unopposed, which C46 refuses as a position. The King County voters' pamphlet statements, the candidates' own sites and Snoqualmie Valley Record coverage were swept for this batch.",,
Jennifer Hernandez,628c3b92-99eb-44e3-9f9d-fec8dcff8bd2,economic-development,,"No vote and no statement by her on business incentives, clawback conditions or recruitment terms that distinguishes a chair was found. Duvall publishes no per-member roll calls: it runs no Legistar client on any of five spellings, its minutes are PDFs the source verifier cannot read, and across eighteen recent meetings every recorded vote reads that the motion passed unopposed, which C46 refuses as a position. The King County voters' pamphlet statements, the candidates' own sites and Snoqualmie Valley Record coverage were swept for this batch.",,
Jennifer Hernandez,628c3b92-99eb-44e3-9f9d-fec8dcff8bd2,education-school-police,,"No vote and no statement by her on the role of police officers in schools was found. Duvall publishes no per-member roll calls: it runs no Legistar client on any of five spellings, its minutes are PDFs the source verifier cannot read, and across eighteen recent meetings every recorded vote reads that the motion passed unopposed, which C46 refuses as a position. The King County voters' pamphlet statements, the candidates' own sites and Snoqualmie Valley Record coverage were swept for this batch.",,
Jennifer Hernandez,628c3b92-99eb-44e3-9f9d-fec8dcff8bd2,growth-and-development,,"In the October 2025 candidate questionnaire she said growth is inevitable and that without thoughtful planning Duvall risks losing what makes it special. That names no pace, no cap and no infrastructure condition, so no chair is distinguished.",,
Jennifer Hernandez,628c3b92-99eb-44e3-9f9d-fec8dcff8bd2,homelessness,,"No vote and no statement by her on enforcement against sleeping or camping in public was found. Duvall publishes no per-member roll calls: it runs no Legistar client on any of five spellings, its minutes are PDFs the source verifier cannot read, and across eighteen recent meetings every recorded vote reads that the motion passed unopposed, which C46 refuses as a position. The King County voters' pamphlet statements, the candidates' own sites and Snoqualmie Valley Record coverage were swept for this batch.",,
Jennifer Hernandez,628c3b92-99eb-44e3-9f9d-fec8dcff8bd2,homelessness-response,,"No vote and no statement by her setting a funding posture for homelessness housing and services was found. Duvall publishes no per-member roll calls: it runs no Legistar client on any of five spellings, its minutes are PDFs the source verifier cannot read, and across eighteen recent meetings every recorded vote reads that the motion passed unopposed, which C46 refuses as a position. The King County voters' pamphlet statements, the candidates' own sites and Snoqualmie Valley Record coverage were swept for this batch.",,
Jennifer Hernandez,628c3b92-99eb-44e3-9f9d-fec8dcff8bd2,housing,,"Her City of Duvall page says she focuses on supporting affordable housing solutions and expanding access to opportunity. Focus areas are not a position on public housing, binding affordability rules or subsidies, so no chair is distinguished.",,
Jennifer Hernandez,628c3b92-99eb-44e3-9f9d-fec8dcff8bd2,jail-capacity,,"No vote and no statement by her on jail capacity, incarceration alternatives or detention funding was found. Duvall publishes no per-member roll calls: it runs no Legistar client on any of five spellings, its minutes are PDFs the source verifier cannot read, and across eighteen recent meetings every recorded vote reads that the motion passed unopposed, which C46 refuses as a position. The King County voters' pamphlet statements, the candidates' own sites and Snoqualmie Valley Record coverage were swept for this batch.",,
Jennifer Hernandez,628c3b92-99eb-44e3-9f9d-fec8dcff8bd2,local-environment,,"No vote and no statement by her weighing new development against environmental protection that distinguishes a chair was found. Duvall publishes no per-member roll calls: it runs no Legistar client on any of five spellings, its minutes are PDFs the source verifier cannot read, and across eighteen recent meetings every recorded vote reads that the motion passed unopposed, which C46 refuses as a position. The King County voters' pamphlet statements, the candidates' own sites and Snoqualmie Valley Record coverage were swept for this batch.",,
Jennifer Hernandez,628c3b92-99eb-44e3-9f9d-fec8dcff8bd2,local-immigration,,"No vote and no statement by her on ICE detainers or on local cooperation with federal immigration enforcement was found. Duvall publishes no per-member roll calls: it runs no Legistar client on any of five spellings, its minutes are PDFs the source verifier cannot read, and across eighteen recent meetings every recorded vote reads that the motion passed unopposed, which C46 refuses as a position. The King County voters' pamphlet statements, the candidates' own sites and Snoqualmie Valley Record coverage were swept for this batch.",,
Jennifer Hernandez,628c3b92-99eb-44e3-9f9d-fec8dcff8bd2,minimum-wage,,"Washington cities may set a local minimum wage, so a lever exists. No vote and no statement by her on a Duvall minimum wage was found. Duvall publishes no per-member roll calls: it runs no Legistar client on any of five spellings, its minutes are PDFs the source verifier cannot read, and across eighteen recent meetings every recorded vote reads that the motion passed unopposed, which C46 refuses as a position. The King County voters' pamphlet statements, the candidates' own sites and Snoqualmie Valley Record coverage were swept for this batch.",,
Jennifer Hernandez,628c3b92-99eb-44e3-9f9d-fec8dcff8bd2,public-safety-approach,,"No vote and no statement by her that distinguishes a chair on this ladder was found. Duvall publishes no per-member roll calls: it runs no Legistar client on any of five spellings, its minutes are PDFs the source verifier cannot read, and across eighteen recent meetings every recorded vote reads that the motion passed unopposed, which C46 refuses as a position. The King County voters' pamphlet statements, the candidates' own sites and Snoqualmie Valley Record coverage were swept for this batch.",,
Jennifer Hernandez,628c3b92-99eb-44e3-9f9d-fec8dcff8bd2,ranked-choice-voting,,"Washington law permits a city to adopt ranked-choice voting for local offices, so a lever exists. No vote and no statement by her on adopting it was found. Duvall publishes no per-member roll calls: it runs no Legistar client on any of five spellings, its minutes are PDFs the source verifier cannot read, and across eighteen recent meetings every recorded vote reads that the motion passed unopposed, which C46 refuses as a position. The King County voters' pamphlet statements, the candidates' own sites and Snoqualmie Valley Record coverage were swept for this batch.",,
Jennifer Hernandez,628c3b92-99eb-44e3-9f9d-fec8dcff8bd2,rent-regulation,,"RCW 35.21.830 preempts every Washington city from regulating the amount of rent charged, so chairs 1 and 2 are not lawful options at this level. No vote and no statement by her on tenant protections or rent rules was found. Duvall publishes no per-member roll calls: it runs no Legistar client on any of five spellings, its minutes are PDFs the source verifier cannot read, and across eighteen recent meetings every recorded vote reads that the motion passed unopposed, which C46 refuses as a position. The King County voters' pamphlet statements, the candidates' own sites and Snoqualmie Valley Record coverage were swept for this batch.",,
Jennifer Hernandez,628c3b92-99eb-44e3-9f9d-fec8dcff8bd2,residential-zoning,,"Answering the Snoqualmie Valley Record candidate questionnaire in October 2025 she said Duvall lacks affordable choices for young adults, single people and empty-nesters, and that ""encouraging smaller, more sustainable housing, like cottages, townhomes, or starter homes"" designed to fit Duvall’s character would meet that need. That is chair 2, and because Duvall is not yet bound by the state middle-housing minimums it is a genuine local choice rather than a restatement of state law. It cannot be seated: that article names her by her ballot name, ""Jenn Hernandez"", never the name this record holds, and ""Hernandez"" is on the verifier’s common-surname list, which requires a title such as Councilmember within thirty characters before the surname. All three occurrences in the article fail that test, so no span can be cited. Recorded here rather than seated.",,
Jennifer Hernandez,628c3b92-99eb-44e3-9f9d-fec8dcff8bd2,taxes,,"No vote and no statement by her on who should be taxed that distinguishes a chair was found. Duvall publishes no per-member roll calls: it runs no Legistar client on any of five spellings, its minutes are PDFs the source verifier cannot read, and across eighteen recent meetings every recorded vote reads that the motion passed unopposed, which C46 refuses as a position. The King County voters' pamphlet statements, the candidates' own sites and Snoqualmie Valley Record coverage were swept for this batch.",,
Jennifer Hernandez,628c3b92-99eb-44e3-9f9d-fec8dcff8bd2,transportation-priorities,,"No vote and no statement by her choosing between road capacity and multimodal investment that distinguishes a chair was found. Duvall publishes no per-member roll calls: it runs no Legistar client on any of five spellings, its minutes are PDFs the source verifier cannot read, and across eighteen recent meetings every recorded vote reads that the motion passed unopposed, which C46 refuses as a position. The King County voters' pamphlet statements, the candidates' own sites and Snoqualmie Valley Record coverage were swept for this batch.",,
Amy McHenry,80492335-efc1-4a51-bfad-e17c4c0e363c,abortion,,Abortion law is set by the state and by federal courts. A Duvall city official holds no lever on any rung of this ladder.,,
Amy McHenry,80492335-efc1-4a51-bfad-e17c4c0e363c,ai-regulation,,Regulation of AI development and deployment is a state and federal matter. A Duvall city official holds no lever on any rung.,,
Amy McHenry,80492335-efc1-4a51-bfad-e17c4c0e363c,deportation,,Deportation policy is exclusively federal. No rung describes an act available to a city official.,,
Amy McHenry,80492335-efc1-4a51-bfad-e17c4c0e363c,fossil-fuels,,"Fossil fuel production, drilling and public land leasing are state and federal matters. No rung is available to a city official.",,
Amy McHenry,80492335-efc1-4a51-bfad-e17c4c0e363c,healthcare,,Health coverage policy is a state and federal matter. No rung describes an act available to a Duvall city official.,,
Amy McHenry,80492335-efc1-4a51-bfad-e17c4c0e363c,medicare/aid,,Medicare and Medicaid are federal and state programs. No rung is available at city level.,,
Amy McHenry,80492335-efc1-4a51-bfad-e17c4c0e363c,misinformation,,Platform content moderation is a federal and First Amendment matter. No rung is available to a city official.,,
Amy McHenry,80492335-efc1-4a51-bfad-e17c4c0e363c,redistricting,,"Duvall council members are elected citywide by position number rather than from districts, so the city draws no electoral boundaries. No rung is available.",,
Amy McHenry,80492335-efc1-4a51-bfad-e17c4c0e363c,religious-freedom,,The balance between religious exemptions and anti-discrimination law is set by state and federal law and by the courts. No rung is available at city level.,,
Amy McHenry,80492335-efc1-4a51-bfad-e17c4c0e363c,same-sex-marriage,,Marriage law is set by the state and by federal constitutional law. No rung is available to a city official.,,
Amy McHenry,80492335-efc1-4a51-bfad-e17c4c0e363c,school-vouchers,,Voucher and school-choice programs are created by state law. A city council has no authority over them.,,
Amy McHenry,80492335-efc1-4a51-bfad-e17c4c0e363c,social-security,,Social Security is a federal program. No rung is available at city level.,,
Amy McHenry,80492335-efc1-4a51-bfad-e17c4c0e363c,tariffs,,Trade policy and tariffs are exclusively federal. No rung is available at city level.,,
Amy McHenry,80492335-efc1-4a51-bfad-e17c4c0e363c,trans-athletes,,"Athletic eligibility rules are set by the state athletic association and the legislature, not by a city.",,
Amy McHenry,80492335-efc1-4a51-bfad-e17c4c0e363c,ukraine-support,,Foreign and military aid is exclusively federal. No rung is available at city level.,,
Amy McHenry,80492335-efc1-4a51-bfad-e17c4c0e363c,voting-rights,,Voter identification and registration requirements are set by Washington state law. A city holds no lever on any rung.,,
Amy McHenry,80492335-efc1-4a51-bfad-e17c4c0e363c,2020-election,,"This asks for a view on a federal election result. It is not an act a city official takes, and no statement of a position was found.",,
Amy McHenry,80492335-efc1-4a51-bfad-e17c4c0e363c,border-security,,Border and asylum policy is exclusively federal. No rung is available at city level.,,
Amy McHenry,80492335-efc1-4a51-bfad-e17c4c0e363c,cannabis-policy,,The legal status of cannabis is set by state and federal law. The rungs describe legalization choices a city cannot make.,,
Amy McHenry,80492335-efc1-4a51-bfad-e17c4c0e363c,defense-spending,,Military spending is exclusively federal. No rung is available at city level.,,
Amy McHenry,80492335-efc1-4a51-bfad-e17c4c0e363c,military-intervention,,The use of military force is exclusively federal. No rung is available at city level.,,
Amy McHenry,80492335-efc1-4a51-bfad-e17c4c0e363c,israel-military-aid,,Foreign military aid is exclusively federal. No rung is available at city level.,,
Amy McHenry,80492335-efc1-4a51-bfad-e17c4c0e363c,gun-policy,,"RCW 9.41.290 states that Washington fully occupies and preempts the entire field of firearms regulation, and that local ordinances more restrictive than state law are preempted and repealed. No rung is lawfully available to a Duvall city official.",,
Amy McHenry,80492335-efc1-4a51-bfad-e17c4c0e363c,education-curriculum,,"Curriculum is set by the Riverview School District board, not by the City of Duvall. No rung is available to this office.",,
Amy McHenry,80492335-efc1-4a51-bfad-e17c4c0e363c,education-library-books,,"School library collections and challenge procedures are set by the school district board, not by the city.",,
Amy McHenry,80492335-efc1-4a51-bfad-e17c4c0e363c,education-gender-identity,,"School policy on student name and gender identity is set by the school district board, not by the city.",,
Amy McHenry,80492335-efc1-4a51-bfad-e17c4c0e363c,education-equity-programs,,"District equity programs and staffing are set by the school district board, not by the city.",,
Amy McHenry,80492335-efc1-4a51-bfad-e17c4c0e363c,education-charter-authorization,,"Charter school authorization in Washington runs through the state Charter School Commission and school district boards, not a city.",,
Amy McHenry,80492335-efc1-4a51-bfad-e17c4c0e363c,education-school-budget,,"School funding levels and levies are set by the school district board and its voters, not by the city.",,
Amy McHenry,80492335-efc1-4a51-bfad-e17c4c0e363c,education-ai,,"Classroom AI policy is set by the school district, not by the city.",,
Amy McHenry,80492335-efc1-4a51-bfad-e17c4c0e363c,campaign-finance,,"Washington cities may set local contribution limits, so a lever exists. No vote and no statement by her on local campaign finance rules was found. Duvall publishes no per-member roll calls: it runs no Legistar client on any of five spellings, its minutes are PDFs the source verifier cannot read, and across eighteen recent meetings every recorded vote reads that the motion passed unopposed, which C46 refuses as a position. The King County voters' pamphlet statements, the candidates' own sites and Snoqualmie Valley Record coverage were swept for this batch.",,
Amy McHenry,80492335-efc1-4a51-bfad-e17c4c0e363c,childcare,,"Cities can fund childcare subsidies and facilities, so a lever exists. No vote and no statement by her that distinguishes a chair on childcare was found. Duvall publishes no per-member roll calls: it runs no Legistar client on any of five spellings, its minutes are PDFs the source verifier cannot read, and across eighteen recent meetings every recorded vote reads that the motion passed unopposed, which C46 refuses as a position. The King County voters' pamphlet statements, the candidates' own sites and Snoqualmie Valley Record coverage were swept for this batch.",,
Amy McHenry,80492335-efc1-4a51-bfad-e17c4c0e363c,city-sanitation,,"No vote and no statement by her on street cleanliness, sanitation service levels or litter enforcement was found. Duvall publishes no per-member roll calls: it runs no Legistar client on any of five spellings, its minutes are PDFs the source verifier cannot read, and across eighteen recent meetings every recorded vote reads that the motion passed unopposed, which C46 refuses as a position. The King County voters' pamphlet statements, the candidates' own sites and Snoqualmie Valley Record coverage were swept for this batch.",,
Amy McHenry,80492335-efc1-4a51-bfad-e17c4c0e363c,civil-rights,,"No vote and no statement by her that distinguishes a chair on this ladder was found. Duvall publishes no per-member roll calls: it runs no Legistar client on any of five spellings, its minutes are PDFs the source verifier cannot read, and across eighteen recent meetings every recorded vote reads that the motion passed unopposed, which C46 refuses as a position. The King County voters' pamphlet statements, the candidates' own sites and Snoqualmie Valley Record coverage were swept for this batch.",,
Amy McHenry,80492335-efc1-4a51-bfad-e17c4c0e363c,climate-change,,"This ladder asks about expanding clean energy. No vote and no statement by her on clean energy mandates, subsidies or permitting was found. Duvall publishes no per-member roll calls: it runs no Legistar client on any of five spellings, its minutes are PDFs the source verifier cannot read, and across eighteen recent meetings every recorded vote reads that the motion passed unopposed, which C46 refuses as a position. The King County voters' pamphlet statements, the candidates' own sites and Snoqualmie Valley Record coverage were swept for this batch.",,
Amy McHenry,80492335-efc1-4a51-bfad-e17c4c0e363c,data-centers,,"No vote and no statement by her on data center siting, energy cost allocation or permitting was found. Duvall publishes no per-member roll calls: it runs no Legistar client on any of five spellings, its minutes are PDFs the source verifier cannot read, and across eighteen recent meetings every recorded vote reads that the motion passed unopposed, which C46 refuses as a position. The King County voters' pamphlet statements, the candidates' own sites and Snoqualmie Valley Record coverage were swept for this batch.",,
Amy McHenry,80492335-efc1-4a51-bfad-e17c4c0e363c,economic-development,,"Her campaign priorities page supports small businesses and attracting sustainable industries to diversify the tax base, but says nothing about incentives, which is what separates the chairs on this ladder. Silence is not a position.",,
Amy McHenry,80492335-efc1-4a51-bfad-e17c4c0e363c,education-school-police,,"No vote and no statement by her on the role of police officers in schools was found. Duvall publishes no per-member roll calls: it runs no Legistar client on any of five spellings, its minutes are PDFs the source verifier cannot read, and across eighteen recent meetings every recorded vote reads that the motion passed unopposed, which C46 refuses as a position. The King County voters' pamphlet statements, the candidates' own sites and Snoqualmie Valley Record coverage were swept for this batch.",,
Amy McHenry,80492335-efc1-4a51-bfad-e17c4c0e363c,growth-and-development,,"Answering the Snoqualmie Valley Record in October 2025 she said growth must be managed to preserve what makes the city special and that she focuses on deliberate choices about where, how and at what scale the city builds. That is a process commitment and names no pace, cap or capacity condition.",,
Amy McHenry,80492335-efc1-4a51-bfad-e17c4c0e363c,homelessness,,"No vote and no statement by her on enforcement against sleeping or camping in public was found. Duvall publishes no per-member roll calls: it runs no Legistar client on any of five spellings, its minutes are PDFs the source verifier cannot read, and across eighteen recent meetings every recorded vote reads that the motion passed unopposed, which C46 refuses as a position. The King County voters' pamphlet statements, the candidates' own sites and Snoqualmie Valley Record coverage were swept for this batch.",,
Amy McHenry,80492335-efc1-4a51-bfad-e17c4c0e363c,homelessness-response,,"No vote and no statement by her setting a funding posture for homelessness housing and services was found. Duvall publishes no per-member roll calls: it runs no Legistar client on any of five spellings, its minutes are PDFs the source verifier cannot read, and across eighteen recent meetings every recorded vote reads that the motion passed unopposed, which C46 refuses as a position. The King County voters' pamphlet statements, the candidates' own sites and Snoqualmie Valley Record coverage were swept for this batch.",,
Amy McHenry,80492335-efc1-4a51-bfad-e17c4c0e363c,housing,,"Her campaign priorities page commits to expanding affordable housing options for families, seniors and workforce residents. That is a goal without a means, so it fixes a direction and no chair.",,
Amy McHenry,80492335-efc1-4a51-bfad-e17c4c0e363c,jail-capacity,,"No vote and no statement by her on jail capacity, incarceration alternatives or detention funding was found. Duvall publishes no per-member roll calls: it runs no Legistar client on any of five spellings, its minutes are PDFs the source verifier cannot read, and across eighteen recent meetings every recorded vote reads that the motion passed unopposed, which C46 refuses as a position. The King County voters' pamphlet statements, the candidates' own sites and Snoqualmie Valley Record coverage were swept for this batch.",,
Amy McHenry,80492335-efc1-4a51-bfad-e17c4c0e363c,local-environment,,Her campaign priorities page supports land use that preserves Duvall’s character and policies that balance growth with environmental stewardship and open space. Balance is the language of several chairs on this ladder and names neither a protective burden of proof nor a development presumption.,,
Amy McHenry,80492335-efc1-4a51-bfad-e17c4c0e363c,local-immigration,,"No vote and no statement by her on ICE detainers or on local cooperation with federal immigration enforcement was found. Duvall publishes no per-member roll calls: it runs no Legistar client on any of five spellings, its minutes are PDFs the source verifier cannot read, and across eighteen recent meetings every recorded vote reads that the motion passed unopposed, which C46 refuses as a position. The King County voters' pamphlet statements, the candidates' own sites and Snoqualmie Valley Record coverage were swept for this batch.",,
Amy McHenry,80492335-efc1-4a51-bfad-e17c4c0e363c,minimum-wage,,"Washington cities may set a local minimum wage, so a lever exists. No vote and no statement by her on a Duvall minimum wage was found. Duvall publishes no per-member roll calls: it runs no Legistar client on any of five spellings, its minutes are PDFs the source verifier cannot read, and across eighteen recent meetings every recorded vote reads that the motion passed unopposed, which C46 refuses as a position. The King County voters' pamphlet statements, the candidates' own sites and Snoqualmie Valley Record coverage were swept for this batch.",,
Amy McHenry,80492335-efc1-4a51-bfad-e17c4c0e363c,public-safety-approach,,"Her campaign priorities page commits to investing in the police department and emergency services, and separately to promoting mental health resources and wellness initiatives. Those are listed as separate commitments rather than crisis capacity working alongside police, so chair 3 and chair 4 cannot be separated.",,
Amy McHenry,80492335-efc1-4a51-bfad-e17c4c0e363c,ranked-choice-voting,,"Washington law permits a city to adopt ranked-choice voting for local offices, so a lever exists. No vote and no statement by her on adopting it was found. Duvall publishes no per-member roll calls: it runs no Legistar client on any of five spellings, its minutes are PDFs the source verifier cannot read, and across eighteen recent meetings every recorded vote reads that the motion passed unopposed, which C46 refuses as a position. The King County voters' pamphlet statements, the candidates' own sites and Snoqualmie Valley Record coverage were swept for this batch.",,
Amy McHenry,80492335-efc1-4a51-bfad-e17c4c0e363c,rent-regulation,,"RCW 35.21.830 preempts every Washington city from regulating the amount of rent charged, so chairs 1 and 2 are not lawful options at this level. No vote and no statement by her on tenant protections or rent rules was found. Duvall publishes no per-member roll calls: it runs no Legistar client on any of five spellings, its minutes are PDFs the source verifier cannot read, and across eighteen recent meetings every recorded vote reads that the motion passed unopposed, which C46 refuses as a position. The King County voters' pamphlet statements, the candidates' own sites and Snoqualmie Valley Record coverage were swept for this batch.",,
Amy McHenry,80492335-efc1-4a51-bfad-e17c4c0e363c,residential-zoning,,"Duvall is well under the 75,000-resident threshold in RCW 36.70A.635(1)(b), and the City Administrator confirmed in September 2026 that middle housing is not yet required of Duvall, so the whole ladder is a live local choice here. No vote and no statement by her on housing density or single-family zoning that distinguishes a chair was found. Duvall publishes no per-member roll calls: it runs no Legistar client on any of five spellings, its minutes are PDFs the source verifier cannot read, and across eighteen recent meetings every recorded vote reads that the motion passed unopposed, which C46 refuses as a position. The King County voters' pamphlet statements, the candidates' own sites and Snoqualmie Valley Record coverage were swept for this batch.",,
Amy McHenry,80492335-efc1-4a51-bfad-e17c4c0e363c,taxes,,"No vote and no statement by her on who should be taxed that distinguishes a chair was found. Duvall publishes no per-member roll calls: it runs no Legistar client on any of five spellings, its minutes are PDFs the source verifier cannot read, and across eighteen recent meetings every recorded vote reads that the motion passed unopposed, which C46 refuses as a position. The King County voters' pamphlet statements, the candidates' own sites and Snoqualmie Valley Record coverage were swept for this batch.",,
Amy McHenry,80492335-efc1-4a51-bfad-e17c4c0e363c,transportation-priorities,,"Her campaign priorities page commits to enhancing and maintaining roads, sidewalks and utilities, advocating for improved regional transportation, and promoting pedestrian and cyclist safety with expanded trails. Enhancing roads could mean capacity or upkeep, so chair 2 and chair 3 both remain open and neither is established.",,
Adam Olen,72663bb1-7b11-42ba-a75a-748e4edc1c96,abortion,,Abortion law is set by the state and by federal courts. A Duvall city official holds no lever on any rung of this ladder.,,
Adam Olen,72663bb1-7b11-42ba-a75a-748e4edc1c96,ai-regulation,,Regulation of AI development and deployment is a state and federal matter. A Duvall city official holds no lever on any rung.,,
Adam Olen,72663bb1-7b11-42ba-a75a-748e4edc1c96,deportation,,Deportation policy is exclusively federal. No rung describes an act available to a city official.,,
Adam Olen,72663bb1-7b11-42ba-a75a-748e4edc1c96,fossil-fuels,,"Fossil fuel production, drilling and public land leasing are state and federal matters. No rung is available to a city official.",,
Adam Olen,72663bb1-7b11-42ba-a75a-748e4edc1c96,healthcare,,Health coverage policy is a state and federal matter. No rung describes an act available to a Duvall city official.,,
Adam Olen,72663bb1-7b11-42ba-a75a-748e4edc1c96,medicare/aid,,Medicare and Medicaid are federal and state programs. No rung is available at city level.,,
Adam Olen,72663bb1-7b11-42ba-a75a-748e4edc1c96,misinformation,,Platform content moderation is a federal and First Amendment matter. No rung is available to a city official.,,
Adam Olen,72663bb1-7b11-42ba-a75a-748e4edc1c96,redistricting,,"Duvall council members are elected citywide by position number rather than from districts, so the city draws no electoral boundaries. No rung is available.",,
Adam Olen,72663bb1-7b11-42ba-a75a-748e4edc1c96,religious-freedom,,The balance between religious exemptions and anti-discrimination law is set by state and federal law and by the courts. No rung is available at city level.,,
Adam Olen,72663bb1-7b11-42ba-a75a-748e4edc1c96,same-sex-marriage,,Marriage law is set by the state and by federal constitutional law. No rung is available to a city official.,,
Adam Olen,72663bb1-7b11-42ba-a75a-748e4edc1c96,school-vouchers,,Voucher and school-choice programs are created by state law. A city council has no authority over them.,,
Adam Olen,72663bb1-7b11-42ba-a75a-748e4edc1c96,social-security,,Social Security is a federal program. No rung is available at city level.,,
Adam Olen,72663bb1-7b11-42ba-a75a-748e4edc1c96,tariffs,,Trade policy and tariffs are exclusively federal. No rung is available at city level.,,
Adam Olen,72663bb1-7b11-42ba-a75a-748e4edc1c96,trans-athletes,,"Athletic eligibility rules are set by the state athletic association and the legislature, not by a city.",,
Adam Olen,72663bb1-7b11-42ba-a75a-748e4edc1c96,ukraine-support,,Foreign and military aid is exclusively federal. No rung is available at city level.,,
Adam Olen,72663bb1-7b11-42ba-a75a-748e4edc1c96,voting-rights,,Voter identification and registration requirements are set by Washington state law. A city holds no lever on any rung.,,
Adam Olen,72663bb1-7b11-42ba-a75a-748e4edc1c96,2020-election,,"This asks for a view on a federal election result. It is not an act a city official takes, and no statement of a position was found.",,
Adam Olen,72663bb1-7b11-42ba-a75a-748e4edc1c96,border-security,,Border and asylum policy is exclusively federal. No rung is available at city level.,,
Adam Olen,72663bb1-7b11-42ba-a75a-748e4edc1c96,cannabis-policy,,The legal status of cannabis is set by state and federal law. The rungs describe legalization choices a city cannot make.,,
Adam Olen,72663bb1-7b11-42ba-a75a-748e4edc1c96,defense-spending,,Military spending is exclusively federal. No rung is available at city level.,,
Adam Olen,72663bb1-7b11-42ba-a75a-748e4edc1c96,military-intervention,,The use of military force is exclusively federal. No rung is available at city level.,,
Adam Olen,72663bb1-7b11-42ba-a75a-748e4edc1c96,israel-military-aid,,Foreign military aid is exclusively federal. No rung is available at city level.,,
Adam Olen,72663bb1-7b11-42ba-a75a-748e4edc1c96,gun-policy,,"RCW 9.41.290 states that Washington fully occupies and preempts the entire field of firearms regulation, and that local ordinances more restrictive than state law are preempted and repealed. No rung is lawfully available to a Duvall city official.",,
Adam Olen,72663bb1-7b11-42ba-a75a-748e4edc1c96,education-curriculum,,"Curriculum is set by the Riverview School District board, not by the City of Duvall. No rung is available to this office.",,
Adam Olen,72663bb1-7b11-42ba-a75a-748e4edc1c96,education-library-books,,"School library collections and challenge procedures are set by the school district board, not by the city.",,
Adam Olen,72663bb1-7b11-42ba-a75a-748e4edc1c96,education-gender-identity,,"School policy on student name and gender identity is set by the school district board, not by the city.",,
Adam Olen,72663bb1-7b11-42ba-a75a-748e4edc1c96,education-equity-programs,,"District equity programs and staffing are set by the school district board, not by the city.",,
Adam Olen,72663bb1-7b11-42ba-a75a-748e4edc1c96,education-charter-authorization,,"Charter school authorization in Washington runs through the state Charter School Commission and school district boards, not a city.",,
Adam Olen,72663bb1-7b11-42ba-a75a-748e4edc1c96,education-school-budget,,"School funding levels and levies are set by the school district board and its voters, not by the city.",,
Adam Olen,72663bb1-7b11-42ba-a75a-748e4edc1c96,education-ai,,"Classroom AI policy is set by the school district, not by the city.",,
Adam Olen,72663bb1-7b11-42ba-a75a-748e4edc1c96,campaign-finance,,"Washington cities may set local contribution limits, so a lever exists. No vote and no statement by him on local campaign finance rules was found. Duvall publishes no per-member roll calls: it runs no Legistar client on any of five spellings, its minutes are PDFs the source verifier cannot read, and across eighteen recent meetings every recorded vote reads that the motion passed unopposed, which C46 refuses as a position. The King County voters' pamphlet statements, the candidates' own sites and Snoqualmie Valley Record coverage were swept for this batch.",,
Adam Olen,72663bb1-7b11-42ba-a75a-748e4edc1c96,childcare,,"Cities can fund childcare subsidies and facilities, so a lever exists. No vote and no statement by him that distinguishes a chair on childcare was found. Duvall publishes no per-member roll calls: it runs no Legistar client on any of five spellings, its minutes are PDFs the source verifier cannot read, and across eighteen recent meetings every recorded vote reads that the motion passed unopposed, which C46 refuses as a position. The King County voters' pamphlet statements, the candidates' own sites and Snoqualmie Valley Record coverage were swept for this batch.",,
Adam Olen,72663bb1-7b11-42ba-a75a-748e4edc1c96,city-sanitation,,"No vote and no statement by him on street cleanliness, sanitation service levels or litter enforcement was found. Duvall publishes no per-member roll calls: it runs no Legistar client on any of five spellings, its minutes are PDFs the source verifier cannot read, and across eighteen recent meetings every recorded vote reads that the motion passed unopposed, which C46 refuses as a position. The King County voters' pamphlet statements, the candidates' own sites and Snoqualmie Valley Record coverage were swept for this batch.",,
Adam Olen,72663bb1-7b11-42ba-a75a-748e4edc1c96,civil-rights,,"No vote and no statement by him that distinguishes a chair on this ladder was found. Duvall publishes no per-member roll calls: it runs no Legistar client on any of five spellings, its minutes are PDFs the source verifier cannot read, and across eighteen recent meetings every recorded vote reads that the motion passed unopposed, which C46 refuses as a position. The King County voters' pamphlet statements, the candidates' own sites and Snoqualmie Valley Record coverage were swept for this batch.",,
Adam Olen,72663bb1-7b11-42ba-a75a-748e4edc1c96,climate-change,,"This ladder asks about expanding clean energy. No vote and no statement by him on clean energy mandates, subsidies or permitting was found. Duvall publishes no per-member roll calls: it runs no Legistar client on any of five spellings, its minutes are PDFs the source verifier cannot read, and across eighteen recent meetings every recorded vote reads that the motion passed unopposed, which C46 refuses as a position. The King County voters' pamphlet statements, the candidates' own sites and Snoqualmie Valley Record coverage were swept for this batch.",,
Adam Olen,72663bb1-7b11-42ba-a75a-748e4edc1c96,data-centers,,"No vote and no statement by him on data center siting, energy cost allocation or permitting was found. Duvall publishes no per-member roll calls: it runs no Legistar client on any of five spellings, its minutes are PDFs the source verifier cannot read, and across eighteen recent meetings every recorded vote reads that the motion passed unopposed, which C46 refuses as a position. The King County voters' pamphlet statements, the candidates' own sites and Snoqualmie Valley Record coverage were swept for this batch.",,
Adam Olen,72663bb1-7b11-42ba-a75a-748e4edc1c96,economic-development,,"No vote and no statement by him on business incentives, clawback conditions or recruitment terms that distinguishes a chair was found. Duvall publishes no per-member roll calls: it runs no Legistar client on any of five spellings, its minutes are PDFs the source verifier cannot read, and across eighteen recent meetings every recorded vote reads that the motion passed unopposed, which C46 refuses as a position. The King County voters' pamphlet statements, the candidates' own sites and Snoqualmie Valley Record coverage were swept for this batch.",,
Adam Olen,72663bb1-7b11-42ba-a75a-748e4edc1c96,education-school-police,,"No vote and no statement by him on the role of police officers in schools was found. Duvall publishes no per-member roll calls: it runs no Legistar client on any of five spellings, its minutes are PDFs the source verifier cannot read, and across eighteen recent meetings every recorded vote reads that the motion passed unopposed, which C46 refuses as a position. The King County voters' pamphlet statements, the candidates' own sites and Snoqualmie Valley Record coverage were swept for this batch.",,
Adam Olen,72663bb1-7b11-42ba-a75a-748e4edc1c96,growth-and-development,,"Answering the Snoqualmie Valley Record in October 2025 he said some growth is inevitable, that the city should grow ""at the right pace, using land responsibly"", and that building codes and deliberate planning are the levers. The right pace names no pace, so no chair is distinguished.",,
Adam Olen,72663bb1-7b11-42ba-a75a-748e4edc1c96,homelessness,,"No vote and no statement by him on enforcement against sleeping or camping in public was found. Duvall publishes no per-member roll calls: it runs no Legistar client on any of five spellings, its minutes are PDFs the source verifier cannot read, and across eighteen recent meetings every recorded vote reads that the motion passed unopposed, which C46 refuses as a position. The King County voters' pamphlet statements, the candidates' own sites and Snoqualmie Valley Record coverage were swept for this batch.",,
Adam Olen,72663bb1-7b11-42ba-a75a-748e4edc1c96,homelessness-response,,"No vote and no statement by him setting a funding posture for homelessness housing and services was found. Duvall publishes no per-member roll calls: it runs no Legistar client on any of five spellings, its minutes are PDFs the source verifier cannot read, and across eighteen recent meetings every recorded vote reads that the motion passed unopposed, which C46 refuses as a position. The King County voters' pamphlet statements, the candidates' own sites and Snoqualmie Valley Record coverage were swept for this batch.",,
Adam Olen,72663bb1-7b11-42ba-a75a-748e4edc1c96,housing,,"No vote and no statement by him on public housing, binding affordability requirements or subsidies that distinguishes a chair was found. Duvall publishes no per-member roll calls: it runs no Legistar client on any of five spellings, its minutes are PDFs the source verifier cannot read, and across eighteen recent meetings every recorded vote reads that the motion passed unopposed, which C46 refuses as a position. The King County voters' pamphlet statements, the candidates' own sites and Snoqualmie Valley Record coverage were swept for this batch.",,
Adam Olen,72663bb1-7b11-42ba-a75a-748e4edc1c96,jail-capacity,,"No vote and no statement by him on jail capacity, incarceration alternatives or detention funding was found. Duvall publishes no per-member roll calls: it runs no Legistar client on any of five spellings, its minutes are PDFs the source verifier cannot read, and across eighteen recent meetings every recorded vote reads that the motion passed unopposed, which C46 refuses as a position. The King County voters' pamphlet statements, the candidates' own sites and Snoqualmie Valley Record coverage were swept for this batch.",,
Adam Olen,72663bb1-7b11-42ba-a75a-748e4edc1c96,local-environment,,"His October 2025 questionnaire answer describes protecting the feeling of being surrounded by trees, plants and local art while growing. That is a description of character rather than a rule for weighing development against environmental protection.",,
Adam Olen,72663bb1-7b11-42ba-a75a-748e4edc1c96,local-immigration,,"No vote and no statement by him on ICE detainers or on local cooperation with federal immigration enforcement was found. Duvall publishes no per-member roll calls: it runs no Legistar client on any of five spellings, its minutes are PDFs the source verifier cannot read, and across eighteen recent meetings every recorded vote reads that the motion passed unopposed, which C46 refuses as a position. The King County voters' pamphlet statements, the candidates' own sites and Snoqualmie Valley Record coverage were swept for this batch.",,
Adam Olen,72663bb1-7b11-42ba-a75a-748e4edc1c96,minimum-wage,,"Washington cities may set a local minimum wage, so a lever exists. No vote and no statement by him on a Duvall minimum wage was found. Duvall publishes no per-member roll calls: it runs no Legistar client on any of five spellings, its minutes are PDFs the source verifier cannot read, and across eighteen recent meetings every recorded vote reads that the motion passed unopposed, which C46 refuses as a position. The King County voters' pamphlet statements, the candidates' own sites and Snoqualmie Valley Record coverage were swept for this batch.",,
Adam Olen,72663bb1-7b11-42ba-a75a-748e4edc1c96,public-safety-approach,,"No vote and no statement by him that distinguishes a chair on this ladder was found. Duvall publishes no per-member roll calls: it runs no Legistar client on any of five spellings, its minutes are PDFs the source verifier cannot read, and across eighteen recent meetings every recorded vote reads that the motion passed unopposed, which C46 refuses as a position. The King County voters' pamphlet statements, the candidates' own sites and Snoqualmie Valley Record coverage were swept for this batch.",,
Adam Olen,72663bb1-7b11-42ba-a75a-748e4edc1c96,ranked-choice-voting,,"Washington law permits a city to adopt ranked-choice voting for local offices, so a lever exists. No vote and no statement by him on adopting it was found. Duvall publishes no per-member roll calls: it runs no Legistar client on any of five spellings, its minutes are PDFs the source verifier cannot read, and across eighteen recent meetings every recorded vote reads that the motion passed unopposed, which C46 refuses as a position. The King County voters' pamphlet statements, the candidates' own sites and Snoqualmie Valley Record coverage were swept for this batch.",,
Adam Olen,72663bb1-7b11-42ba-a75a-748e4edc1c96,rent-regulation,,"RCW 35.21.830 preempts every Washington city from regulating the amount of rent charged, so chairs 1 and 2 are not lawful options at this level. No vote and no statement by him on tenant protections or rent rules was found. Duvall publishes no per-member roll calls: it runs no Legistar client on any of five spellings, its minutes are PDFs the source verifier cannot read, and across eighteen recent meetings every recorded vote reads that the motion passed unopposed, which C46 refuses as a position. The King County voters' pamphlet statements, the candidates' own sites and Snoqualmie Valley Record coverage were swept for this batch.",,
Adam Olen,72663bb1-7b11-42ba-a75a-748e4edc1c96,residential-zoning,,"Duvall is well under the 75,000-resident threshold in RCW 36.70A.635(1)(b), and the City Administrator confirmed in September 2026 that middle housing is not yet required of Duvall, so the whole ladder is a live local choice here. No vote and no statement by him on housing density or single-family zoning that distinguishes a chair was found. Duvall publishes no per-member roll calls: it runs no Legistar client on any of five spellings, its minutes are PDFs the source verifier cannot read, and across eighteen recent meetings every recorded vote reads that the motion passed unopposed, which C46 refuses as a position. The King County voters' pamphlet statements, the candidates' own sites and Snoqualmie Valley Record coverage were swept for this batch.",,
Adam Olen,72663bb1-7b11-42ba-a75a-748e4edc1c96,taxes,,"No vote and no statement by him on who should be taxed that distinguishes a chair was found. Duvall publishes no per-member roll calls: it runs no Legistar client on any of five spellings, its minutes are PDFs the source verifier cannot read, and across eighteen recent meetings every recorded vote reads that the motion passed unopposed, which C46 refuses as a position. The King County voters' pamphlet statements, the candidates' own sites and Snoqualmie Valley Record coverage were swept for this batch.",,
Adam Olen,72663bb1-7b11-42ba-a75a-748e4edc1c96,transportation-priorities,,"No vote and no statement by him choosing between road capacity and multimodal investment that distinguishes a chair was found. Duvall publishes no per-member roll calls: it runs no Legistar client on any of five spellings, its minutes are PDFs the source verifier cannot read, and across eighteen recent meetings every recorded vote reads that the motion passed unopposed, which C46 refuses as a position. The King County voters' pamphlet statements, the candidates' own sites and Snoqualmie Valley Record coverage were swept for this batch.",,
Mike Supple,ad0e32d8-1b8c-4bc2-856f-e2323b942ec4,abortion,,Abortion law is set by the state and by federal courts. A Duvall city official holds no lever on any rung of this ladder.,,
Mike Supple,ad0e32d8-1b8c-4bc2-856f-e2323b942ec4,ai-regulation,,Regulation of AI development and deployment is a state and federal matter. A Duvall city official holds no lever on any rung.,,
Mike Supple,ad0e32d8-1b8c-4bc2-856f-e2323b942ec4,deportation,,Deportation policy is exclusively federal. No rung describes an act available to a city official.,,
Mike Supple,ad0e32d8-1b8c-4bc2-856f-e2323b942ec4,fossil-fuels,,"Fossil fuel production, drilling and public land leasing are state and federal matters. No rung is available to a city official.",,
Mike Supple,ad0e32d8-1b8c-4bc2-856f-e2323b942ec4,healthcare,,Health coverage policy is a state and federal matter. No rung describes an act available to a Duvall city official.,,
Mike Supple,ad0e32d8-1b8c-4bc2-856f-e2323b942ec4,medicare/aid,,Medicare and Medicaid are federal and state programs. No rung is available at city level.,,
Mike Supple,ad0e32d8-1b8c-4bc2-856f-e2323b942ec4,misinformation,,Platform content moderation is a federal and First Amendment matter. No rung is available to a city official.,,
Mike Supple,ad0e32d8-1b8c-4bc2-856f-e2323b942ec4,redistricting,,"Duvall council members are elected citywide by position number rather than from districts, so the city draws no electoral boundaries. No rung is available.",,
Mike Supple,ad0e32d8-1b8c-4bc2-856f-e2323b942ec4,religious-freedom,,The balance between religious exemptions and anti-discrimination law is set by state and federal law and by the courts. No rung is available at city level.,,
Mike Supple,ad0e32d8-1b8c-4bc2-856f-e2323b942ec4,same-sex-marriage,,Marriage law is set by the state and by federal constitutional law. No rung is available to a city official.,,
Mike Supple,ad0e32d8-1b8c-4bc2-856f-e2323b942ec4,school-vouchers,,Voucher and school-choice programs are created by state law. A city council has no authority over them.,,
Mike Supple,ad0e32d8-1b8c-4bc2-856f-e2323b942ec4,social-security,,Social Security is a federal program. No rung is available at city level.,,
Mike Supple,ad0e32d8-1b8c-4bc2-856f-e2323b942ec4,tariffs,,Trade policy and tariffs are exclusively federal. No rung is available at city level.,,
Mike Supple,ad0e32d8-1b8c-4bc2-856f-e2323b942ec4,trans-athletes,,"Athletic eligibility rules are set by the state athletic association and the legislature, not by a city.",,
Mike Supple,ad0e32d8-1b8c-4bc2-856f-e2323b942ec4,ukraine-support,,Foreign and military aid is exclusively federal. No rung is available at city level.,,
Mike Supple,ad0e32d8-1b8c-4bc2-856f-e2323b942ec4,voting-rights,,Voter identification and registration requirements are set by Washington state law. A city holds no lever on any rung.,,
Mike Supple,ad0e32d8-1b8c-4bc2-856f-e2323b942ec4,2020-election,,"This asks for a view on a federal election result. It is not an act a city official takes, and no statement of a position was found.",,
Mike Supple,ad0e32d8-1b8c-4bc2-856f-e2323b942ec4,border-security,,Border and asylum policy is exclusively federal. No rung is available at city level.,,
Mike Supple,ad0e32d8-1b8c-4bc2-856f-e2323b942ec4,cannabis-policy,,The legal status of cannabis is set by state and federal law. The rungs describe legalization choices a city cannot make.,,
Mike Supple,ad0e32d8-1b8c-4bc2-856f-e2323b942ec4,defense-spending,,Military spending is exclusively federal. No rung is available at city level.,,
Mike Supple,ad0e32d8-1b8c-4bc2-856f-e2323b942ec4,military-intervention,,The use of military force is exclusively federal. No rung is available at city level.,,
Mike Supple,ad0e32d8-1b8c-4bc2-856f-e2323b942ec4,israel-military-aid,,Foreign military aid is exclusively federal. No rung is available at city level.,,
Mike Supple,ad0e32d8-1b8c-4bc2-856f-e2323b942ec4,gun-policy,,"RCW 9.41.290 states that Washington fully occupies and preempts the entire field of firearms regulation, and that local ordinances more restrictive than state law are preempted and repealed. No rung is lawfully available to a Duvall city official.",,
Mike Supple,ad0e32d8-1b8c-4bc2-856f-e2323b942ec4,education-curriculum,,"Curriculum is set by the Riverview School District board, not by the City of Duvall. No rung is available to this office.",,
Mike Supple,ad0e32d8-1b8c-4bc2-856f-e2323b942ec4,education-library-books,,"School library collections and challenge procedures are set by the school district board, not by the city.",,
Mike Supple,ad0e32d8-1b8c-4bc2-856f-e2323b942ec4,education-gender-identity,,"School policy on student name and gender identity is set by the school district board, not by the city.",,
Mike Supple,ad0e32d8-1b8c-4bc2-856f-e2323b942ec4,education-equity-programs,,"District equity programs and staffing are set by the school district board, not by the city.",,
Mike Supple,ad0e32d8-1b8c-4bc2-856f-e2323b942ec4,education-charter-authorization,,"Charter school authorization in Washington runs through the state Charter School Commission and school district boards, not a city.",,
Mike Supple,ad0e32d8-1b8c-4bc2-856f-e2323b942ec4,education-school-budget,,"School funding levels and levies are set by the school district board and its voters, not by the city.",,
Mike Supple,ad0e32d8-1b8c-4bc2-856f-e2323b942ec4,education-ai,,"Classroom AI policy is set by the school district, not by the city.",,
Mike Supple,ad0e32d8-1b8c-4bc2-856f-e2323b942ec4,campaign-finance,,"Washington cities may set local contribution limits, so a lever exists. No vote and no statement by him on local campaign finance rules was found. Duvall publishes no per-member roll calls: it runs no Legistar client on any of five spellings, its minutes are PDFs the source verifier cannot read, and across eighteen recent meetings every recorded vote reads that the motion passed unopposed, which C46 refuses as a position. The King County voters' pamphlet statements, the candidates' own sites and Snoqualmie Valley Record coverage were swept for this batch.",,
Mike Supple,ad0e32d8-1b8c-4bc2-856f-e2323b942ec4,childcare,,"Cities can fund childcare subsidies and facilities, so a lever exists. No vote and no statement by him that distinguishes a chair on childcare was found. Duvall publishes no per-member roll calls: it runs no Legistar client on any of five spellings, its minutes are PDFs the source verifier cannot read, and across eighteen recent meetings every recorded vote reads that the motion passed unopposed, which C46 refuses as a position. The King County voters' pamphlet statements, the candidates' own sites and Snoqualmie Valley Record coverage were swept for this batch.",,
Mike Supple,ad0e32d8-1b8c-4bc2-856f-e2323b942ec4,city-sanitation,,"No vote and no statement by him on street cleanliness, sanitation service levels or litter enforcement was found. Duvall publishes no per-member roll calls: it runs no Legistar client on any of five spellings, its minutes are PDFs the source verifier cannot read, and across eighteen recent meetings every recorded vote reads that the motion passed unopposed, which C46 refuses as a position. The King County voters' pamphlet statements, the candidates' own sites and Snoqualmie Valley Record coverage were swept for this batch.",,
Mike Supple,ad0e32d8-1b8c-4bc2-856f-e2323b942ec4,civil-rights,,"No vote and no statement by him that distinguishes a chair on this ladder was found. Duvall publishes no per-member roll calls: it runs no Legistar client on any of five spellings, its minutes are PDFs the source verifier cannot read, and across eighteen recent meetings every recorded vote reads that the motion passed unopposed, which C46 refuses as a position. The King County voters' pamphlet statements, the candidates' own sites and Snoqualmie Valley Record coverage were swept for this batch.",,
Mike Supple,ad0e32d8-1b8c-4bc2-856f-e2323b942ec4,climate-change,,"This ladder asks about expanding clean energy. No vote and no statement by him on clean energy mandates, subsidies or permitting was found. Duvall publishes no per-member roll calls: it runs no Legistar client on any of five spellings, its minutes are PDFs the source verifier cannot read, and across eighteen recent meetings every recorded vote reads that the motion passed unopposed, which C46 refuses as a position. The King County voters' pamphlet statements, the candidates' own sites and Snoqualmie Valley Record coverage were swept for this batch.",,
Mike Supple,ad0e32d8-1b8c-4bc2-856f-e2323b942ec4,data-centers,,"No vote and no statement by him on data center siting, energy cost allocation or permitting was found. Duvall publishes no per-member roll calls: it runs no Legistar client on any of five spellings, its minutes are PDFs the source verifier cannot read, and across eighteen recent meetings every recorded vote reads that the motion passed unopposed, which C46 refuses as a position. The King County voters' pamphlet statements, the candidates' own sites and Snoqualmie Valley Record coverage were swept for this batch.",,
Mike Supple,ad0e32d8-1b8c-4bc2-856f-e2323b942ec4,economic-development,,"No vote and no statement by him on business incentives, clawback conditions or recruitment terms that distinguishes a chair was found. Duvall publishes no per-member roll calls: it runs no Legistar client on any of five spellings, its minutes are PDFs the source verifier cannot read, and across eighteen recent meetings every recorded vote reads that the motion passed unopposed, which C46 refuses as a position. The King County voters' pamphlet statements, the candidates' own sites and Snoqualmie Valley Record coverage were swept for this batch.",,
Mike Supple,ad0e32d8-1b8c-4bc2-856f-e2323b942ec4,education-school-police,,"No vote and no statement by him on the role of police officers in schools was found. Duvall publishes no per-member roll calls: it runs no Legistar client on any of five spellings, its minutes are PDFs the source verifier cannot read, and across eighteen recent meetings every recorded vote reads that the motion passed unopposed, which C46 refuses as a position. The King County voters' pamphlet statements, the candidates' own sites and Snoqualmie Valley Record coverage were swept for this batch.",,
Mike Supple,ad0e32d8-1b8c-4bc2-856f-e2323b942ec4,growth-and-development,,"His 2025 voters’ pamphlet statement says his priorities include keeping Duvall safe and family-friendly while maintaining its rural character, and that he is committed to careful financial planning. Maintaining rural character names no pace, cap or capacity condition.",,
Mike Supple,ad0e32d8-1b8c-4bc2-856f-e2323b942ec4,homelessness,,"No vote and no statement by him on enforcement against sleeping or camping in public was found. Duvall publishes no per-member roll calls: it runs no Legistar client on any of five spellings, its minutes are PDFs the source verifier cannot read, and across eighteen recent meetings every recorded vote reads that the motion passed unopposed, which C46 refuses as a position. The King County voters' pamphlet statements, the candidates' own sites and Snoqualmie Valley Record coverage were swept for this batch.",,
Mike Supple,ad0e32d8-1b8c-4bc2-856f-e2323b942ec4,homelessness-response,,"No vote and no statement by him setting a funding posture for homelessness housing and services was found. Duvall publishes no per-member roll calls: it runs no Legistar client on any of five spellings, its minutes are PDFs the source verifier cannot read, and across eighteen recent meetings every recorded vote reads that the motion passed unopposed, which C46 refuses as a position. The King County voters' pamphlet statements, the candidates' own sites and Snoqualmie Valley Record coverage were swept for this batch.",,
Mike Supple,ad0e32d8-1b8c-4bc2-856f-e2323b942ec4,housing,,"No vote and no statement by him on public housing, binding affordability requirements or subsidies that distinguishes a chair was found. Duvall publishes no per-member roll calls: it runs no Legistar client on any of five spellings, its minutes are PDFs the source verifier cannot read, and across eighteen recent meetings every recorded vote reads that the motion passed unopposed, which C46 refuses as a position. The King County voters' pamphlet statements, the candidates' own sites and Snoqualmie Valley Record coverage were swept for this batch.",,
Mike Supple,ad0e32d8-1b8c-4bc2-856f-e2323b942ec4,jail-capacity,,"No vote and no statement by him on jail capacity, incarceration alternatives or detention funding was found. Duvall publishes no per-member roll calls: it runs no Legistar client on any of five spellings, its minutes are PDFs the source verifier cannot read, and across eighteen recent meetings every recorded vote reads that the motion passed unopposed, which C46 refuses as a position. The King County voters' pamphlet statements, the candidates' own sites and Snoqualmie Valley Record coverage were swept for this batch.",,
Mike Supple,ad0e32d8-1b8c-4bc2-856f-e2323b942ec4,local-environment,,"No vote and no statement by him weighing new development against environmental protection that distinguishes a chair was found. Duvall publishes no per-member roll calls: it runs no Legistar client on any of five spellings, its minutes are PDFs the source verifier cannot read, and across eighteen recent meetings every recorded vote reads that the motion passed unopposed, which C46 refuses as a position. The King County voters' pamphlet statements, the candidates' own sites and Snoqualmie Valley Record coverage were swept for this batch.",,
Mike Supple,ad0e32d8-1b8c-4bc2-856f-e2323b942ec4,local-immigration,,"No vote and no statement by him on ICE detainers or on local cooperation with federal immigration enforcement was found. Duvall publishes no per-member roll calls: it runs no Legistar client on any of five spellings, its minutes are PDFs the source verifier cannot read, and across eighteen recent meetings every recorded vote reads that the motion passed unopposed, which C46 refuses as a position. The King County voters' pamphlet statements, the candidates' own sites and Snoqualmie Valley Record coverage were swept for this batch.",,
Mike Supple,ad0e32d8-1b8c-4bc2-856f-e2323b942ec4,minimum-wage,,"Washington cities may set a local minimum wage, so a lever exists. No vote and no statement by him on a Duvall minimum wage was found. Duvall publishes no per-member roll calls: it runs no Legistar client on any of five spellings, its minutes are PDFs the source verifier cannot read, and across eighteen recent meetings every recorded vote reads that the motion passed unopposed, which C46 refuses as a position. The King County voters' pamphlet statements, the candidates' own sites and Snoqualmie Valley Record coverage were swept for this batch.",,
Mike Supple,ad0e32d8-1b8c-4bc2-856f-e2323b942ec4,public-safety-approach,,"No vote and no statement by him that distinguishes a chair on this ladder was found. Duvall publishes no per-member roll calls: it runs no Legistar client on any of five spellings, its minutes are PDFs the source verifier cannot read, and across eighteen recent meetings every recorded vote reads that the motion passed unopposed, which C46 refuses as a position. The King County voters' pamphlet statements, the candidates' own sites and Snoqualmie Valley Record coverage were swept for this batch.",,
Mike Supple,ad0e32d8-1b8c-4bc2-856f-e2323b942ec4,ranked-choice-voting,,"Washington law permits a city to adopt ranked-choice voting for local offices, so a lever exists. No vote and no statement by him on adopting it was found. Duvall publishes no per-member roll calls: it runs no Legistar client on any of five spellings, its minutes are PDFs the source verifier cannot read, and across eighteen recent meetings every recorded vote reads that the motion passed unopposed, which C46 refuses as a position. The King County voters' pamphlet statements, the candidates' own sites and Snoqualmie Valley Record coverage were swept for this batch.",,
Mike Supple,ad0e32d8-1b8c-4bc2-856f-e2323b942ec4,rent-regulation,,"RCW 35.21.830 preempts every Washington city from regulating the amount of rent charged, so chairs 1 and 2 are not lawful options at this level. No vote and no statement by him on tenant protections or rent rules was found. Duvall publishes no per-member roll calls: it runs no Legistar client on any of five spellings, its minutes are PDFs the source verifier cannot read, and across eighteen recent meetings every recorded vote reads that the motion passed unopposed, which C46 refuses as a position. The King County voters' pamphlet statements, the candidates' own sites and Snoqualmie Valley Record coverage were swept for this batch.",,
Mike Supple,ad0e32d8-1b8c-4bc2-856f-e2323b942ec4,residential-zoning,,"Duvall is well under the 75,000-resident threshold in RCW 36.70A.635(1)(b), and the City Administrator confirmed in September 2026 that middle housing is not yet required of Duvall, so the whole ladder is a live local choice here. No vote and no statement by him on housing density or single-family zoning that distinguishes a chair was found. Duvall publishes no per-member roll calls: it runs no Legistar client on any of five spellings, its minutes are PDFs the source verifier cannot read, and across eighteen recent meetings every recorded vote reads that the motion passed unopposed, which C46 refuses as a position. The King County voters' pamphlet statements, the candidates' own sites and Snoqualmie Valley Record coverage were swept for this batch.",,
Mike Supple,ad0e32d8-1b8c-4bc2-856f-e2323b942ec4,taxes,,"His 2025 voters’ pamphlet statement commits to careful financial planning and responsible budgeting but takes no position on what the city should collect, so no chair is distinguished.",,
Mike Supple,ad0e32d8-1b8c-4bc2-856f-e2323b942ec4,transportation-priorities,,"No vote and no statement by him choosing between road capacity and multimodal investment that distinguishes a chair was found. Duvall publishes no per-member roll calls: it runs no Legistar client on any of five spellings, its minutes are PDFs the source verifier cannot read, and across eighteen recent meetings every recorded vote reads that the motion passed unopposed, which C46 refuses as a position. The King County voters' pamphlet statements, the candidates' own sites and Snoqualmie Valley Record coverage were swept for this batch.",,
Ronn Mercer,1b29e084-8849-4731-98bf-dd97706ea320,abortion,,Abortion law is set by the state and by federal courts. A Duvall city official holds no lever on any rung of this ladder.,,
Ronn Mercer,1b29e084-8849-4731-98bf-dd97706ea320,ai-regulation,,Regulation of AI development and deployment is a state and federal matter. A Duvall city official holds no lever on any rung.,,
Ronn Mercer,1b29e084-8849-4731-98bf-dd97706ea320,deportation,,Deportation policy is exclusively federal. No rung describes an act available to a city official.,,
Ronn Mercer,1b29e084-8849-4731-98bf-dd97706ea320,fossil-fuels,,"Fossil fuel production, drilling and public land leasing are state and federal matters. No rung is available to a city official.",,
Ronn Mercer,1b29e084-8849-4731-98bf-dd97706ea320,healthcare,,Health coverage policy is a state and federal matter. No rung describes an act available to a Duvall city official.,,
Ronn Mercer,1b29e084-8849-4731-98bf-dd97706ea320,medicare/aid,,Medicare and Medicaid are federal and state programs. No rung is available at city level.,,
Ronn Mercer,1b29e084-8849-4731-98bf-dd97706ea320,misinformation,,Platform content moderation is a federal and First Amendment matter. No rung is available to a city official.,,
Ronn Mercer,1b29e084-8849-4731-98bf-dd97706ea320,redistricting,,"Duvall council members are elected citywide by position number rather than from districts, so the city draws no electoral boundaries. No rung is available.",,
Ronn Mercer,1b29e084-8849-4731-98bf-dd97706ea320,religious-freedom,,The balance between religious exemptions and anti-discrimination law is set by state and federal law and by the courts. No rung is available at city level.,,
Ronn Mercer,1b29e084-8849-4731-98bf-dd97706ea320,same-sex-marriage,,Marriage law is set by the state and by federal constitutional law. No rung is available to a city official.,,
Ronn Mercer,1b29e084-8849-4731-98bf-dd97706ea320,school-vouchers,,Voucher and school-choice programs are created by state law. A city council has no authority over them.,,
Ronn Mercer,1b29e084-8849-4731-98bf-dd97706ea320,social-security,,Social Security is a federal program. No rung is available at city level.,,
Ronn Mercer,1b29e084-8849-4731-98bf-dd97706ea320,tariffs,,Trade policy and tariffs are exclusively federal. No rung is available at city level.,,
Ronn Mercer,1b29e084-8849-4731-98bf-dd97706ea320,trans-athletes,,"Athletic eligibility rules are set by the state athletic association and the legislature, not by a city.",,
Ronn Mercer,1b29e084-8849-4731-98bf-dd97706ea320,ukraine-support,,Foreign and military aid is exclusively federal. No rung is available at city level.,,
Ronn Mercer,1b29e084-8849-4731-98bf-dd97706ea320,voting-rights,,Voter identification and registration requirements are set by Washington state law. A city holds no lever on any rung.,,
Ronn Mercer,1b29e084-8849-4731-98bf-dd97706ea320,2020-election,,"This asks for a view on a federal election result. It is not an act a city official takes, and no statement of a position was found.",,
Ronn Mercer,1b29e084-8849-4731-98bf-dd97706ea320,border-security,,Border and asylum policy is exclusively federal. No rung is available at city level.,,
Ronn Mercer,1b29e084-8849-4731-98bf-dd97706ea320,cannabis-policy,,The legal status of cannabis is set by state and federal law. The rungs describe legalization choices a city cannot make.,,
Ronn Mercer,1b29e084-8849-4731-98bf-dd97706ea320,defense-spending,,Military spending is exclusively federal. No rung is available at city level.,,
Ronn Mercer,1b29e084-8849-4731-98bf-dd97706ea320,military-intervention,,The use of military force is exclusively federal. No rung is available at city level.,,
Ronn Mercer,1b29e084-8849-4731-98bf-dd97706ea320,israel-military-aid,,Foreign military aid is exclusively federal. No rung is available at city level.,,
Ronn Mercer,1b29e084-8849-4731-98bf-dd97706ea320,gun-policy,,"RCW 9.41.290 states that Washington fully occupies and preempts the entire field of firearms regulation, and that local ordinances more restrictive than state law are preempted and repealed. No rung is lawfully available to a Duvall city official.",,
Ronn Mercer,1b29e084-8849-4731-98bf-dd97706ea320,education-curriculum,,"Curriculum is set by the Riverview School District board, not by the City of Duvall. No rung is available to this office.",,
Ronn Mercer,1b29e084-8849-4731-98bf-dd97706ea320,education-library-books,,"School library collections and challenge procedures are set by the school district board, not by the city.",,
Ronn Mercer,1b29e084-8849-4731-98bf-dd97706ea320,education-gender-identity,,"School policy on student name and gender identity is set by the school district board, not by the city.",,
Ronn Mercer,1b29e084-8849-4731-98bf-dd97706ea320,education-equity-programs,,"District equity programs and staffing are set by the school district board, not by the city.",,
Ronn Mercer,1b29e084-8849-4731-98bf-dd97706ea320,education-charter-authorization,,"Charter school authorization in Washington runs through the state Charter School Commission and school district boards, not a city.",,
Ronn Mercer,1b29e084-8849-4731-98bf-dd97706ea320,education-school-budget,,"School funding levels and levies are set by the school district board and its voters, not by the city.",,
Ronn Mercer,1b29e084-8849-4731-98bf-dd97706ea320,education-ai,,"Classroom AI policy is set by the school district, not by the city.",,
Ronn Mercer,1b29e084-8849-4731-98bf-dd97706ea320,campaign-finance,,"Washington cities may set local contribution limits, so a lever exists. No vote and no statement by him on local campaign finance rules was found. Duvall publishes no per-member roll calls: it runs no Legistar client on any of five spellings, its minutes are PDFs the source verifier cannot read, and across eighteen recent meetings every recorded vote reads that the motion passed unopposed, which C46 refuses as a position. The King County voters' pamphlet statements, the candidates' own sites and Snoqualmie Valley Record coverage were swept for this batch.",,
Ronn Mercer,1b29e084-8849-4731-98bf-dd97706ea320,childcare,,"Cities can fund childcare subsidies and facilities, so a lever exists. No vote and no statement by him that distinguishes a chair on childcare was found. Duvall publishes no per-member roll calls: it runs no Legistar client on any of five spellings, its minutes are PDFs the source verifier cannot read, and across eighteen recent meetings every recorded vote reads that the motion passed unopposed, which C46 refuses as a position. The King County voters' pamphlet statements, the candidates' own sites and Snoqualmie Valley Record coverage were swept for this batch.",,
Ronn Mercer,1b29e084-8849-4731-98bf-dd97706ea320,city-sanitation,,"No vote and no statement by him on street cleanliness, sanitation service levels or litter enforcement was found. Duvall publishes no per-member roll calls: it runs no Legistar client on any of five spellings, its minutes are PDFs the source verifier cannot read, and across eighteen recent meetings every recorded vote reads that the motion passed unopposed, which C46 refuses as a position. The King County voters' pamphlet statements, the candidates' own sites and Snoqualmie Valley Record coverage were swept for this batch.",,
Ronn Mercer,1b29e084-8849-4731-98bf-dd97706ea320,civil-rights,,"No vote and no statement by him that distinguishes a chair on this ladder was found. Duvall publishes no per-member roll calls: it runs no Legistar client on any of five spellings, its minutes are PDFs the source verifier cannot read, and across eighteen recent meetings every recorded vote reads that the motion passed unopposed, which C46 refuses as a position. The King County voters' pamphlet statements, the candidates' own sites and Snoqualmie Valley Record coverage were swept for this batch.",,
Ronn Mercer,1b29e084-8849-4731-98bf-dd97706ea320,climate-change,,"This ladder asks about expanding clean energy. No vote and no statement by him on clean energy mandates, subsidies or permitting was found. Duvall publishes no per-member roll calls: it runs no Legistar client on any of five spellings, its minutes are PDFs the source verifier cannot read, and across eighteen recent meetings every recorded vote reads that the motion passed unopposed, which C46 refuses as a position. The King County voters' pamphlet statements, the candidates' own sites and Snoqualmie Valley Record coverage were swept for this batch.",,
Ronn Mercer,1b29e084-8849-4731-98bf-dd97706ea320,data-centers,,"No vote and no statement by him on data center siting, energy cost allocation or permitting was found. Duvall publishes no per-member roll calls: it runs no Legistar client on any of five spellings, its minutes are PDFs the source verifier cannot read, and across eighteen recent meetings every recorded vote reads that the motion passed unopposed, which C46 refuses as a position. The King County voters' pamphlet statements, the candidates' own sites and Snoqualmie Valley Record coverage were swept for this batch.",,
Ronn Mercer,1b29e084-8849-4731-98bf-dd97706ea320,economic-development,,"No vote and no statement by him on business incentives, clawback conditions or recruitment terms that distinguishes a chair was found. Duvall publishes no per-member roll calls: it runs no Legistar client on any of five spellings, its minutes are PDFs the source verifier cannot read, and across eighteen recent meetings every recorded vote reads that the motion passed unopposed, which C46 refuses as a position. The King County voters' pamphlet statements, the candidates' own sites and Snoqualmie Valley Record coverage were swept for this batch.",,
Ronn Mercer,1b29e084-8849-4731-98bf-dd97706ea320,education-school-police,,"No vote and no statement by him on the role of police officers in schools was found. Duvall publishes no per-member roll calls: it runs no Legistar client on any of five spellings, its minutes are PDFs the source verifier cannot read, and across eighteen recent meetings every recorded vote reads that the motion passed unopposed, which C46 refuses as a position. The King County voters' pamphlet statements, the candidates' own sites and Snoqualmie Valley Record coverage were swept for this batch.",,
Ronn Mercer,1b29e084-8849-4731-98bf-dd97706ea320,growth-and-development,,"His 2023 voters’ pamphlet statement says he is committed to helping manage growth responsibly, preserving small-town character while ensuring the city has the infrastructure and services it needs. It does not say whether growth should wait for capacity (chair 2) or whether the city should invest ahead of demand (chair 3), so neither is established.",,
Ronn Mercer,1b29e084-8849-4731-98bf-dd97706ea320,homelessness,,"No vote and no statement by him on enforcement against sleeping or camping in public was found. Duvall publishes no per-member roll calls: it runs no Legistar client on any of five spellings, its minutes are PDFs the source verifier cannot read, and across eighteen recent meetings every recorded vote reads that the motion passed unopposed, which C46 refuses as a position. The King County voters' pamphlet statements, the candidates' own sites and Snoqualmie Valley Record coverage were swept for this batch.",,
Ronn Mercer,1b29e084-8849-4731-98bf-dd97706ea320,homelessness-response,,"No vote and no statement by him setting a funding posture for homelessness housing and services was found. Duvall publishes no per-member roll calls: it runs no Legistar client on any of five spellings, its minutes are PDFs the source verifier cannot read, and across eighteen recent meetings every recorded vote reads that the motion passed unopposed, which C46 refuses as a position. The King County voters' pamphlet statements, the candidates' own sites and Snoqualmie Valley Record coverage were swept for this batch.",,
Ronn Mercer,1b29e084-8849-4731-98bf-dd97706ea320,housing,,"No vote and no statement by him on public housing, binding affordability requirements or subsidies that distinguishes a chair was found. Duvall publishes no per-member roll calls: it runs no Legistar client on any of five spellings, its minutes are PDFs the source verifier cannot read, and across eighteen recent meetings every recorded vote reads that the motion passed unopposed, which C46 refuses as a position. The King County voters' pamphlet statements, the candidates' own sites and Snoqualmie Valley Record coverage were swept for this batch.",,
Ronn Mercer,1b29e084-8849-4731-98bf-dd97706ea320,jail-capacity,,"No vote and no statement by him on jail capacity, incarceration alternatives or detention funding was found. Duvall publishes no per-member roll calls: it runs no Legistar client on any of five spellings, its minutes are PDFs the source verifier cannot read, and across eighteen recent meetings every recorded vote reads that the motion passed unopposed, which C46 refuses as a position. The King County voters' pamphlet statements, the candidates' own sites and Snoqualmie Valley Record coverage were swept for this batch.",,
Ronn Mercer,1b29e084-8849-4731-98bf-dd97706ea320,local-environment,,"No vote and no statement by him weighing new development against environmental protection that distinguishes a chair was found. Duvall publishes no per-member roll calls: it runs no Legistar client on any of five spellings, its minutes are PDFs the source verifier cannot read, and across eighteen recent meetings every recorded vote reads that the motion passed unopposed, which C46 refuses as a position. The King County voters' pamphlet statements, the candidates' own sites and Snoqualmie Valley Record coverage were swept for this batch.",,
Ronn Mercer,1b29e084-8849-4731-98bf-dd97706ea320,local-immigration,,"No vote and no statement by him on ICE detainers or on local cooperation with federal immigration enforcement was found. Duvall publishes no per-member roll calls: it runs no Legistar client on any of five spellings, its minutes are PDFs the source verifier cannot read, and across eighteen recent meetings every recorded vote reads that the motion passed unopposed, which C46 refuses as a position. The King County voters' pamphlet statements, the candidates' own sites and Snoqualmie Valley Record coverage were swept for this batch.",,
Ronn Mercer,1b29e084-8849-4731-98bf-dd97706ea320,minimum-wage,,"Washington cities may set a local minimum wage, so a lever exists. No vote and no statement by him on a Duvall minimum wage was found. Duvall publishes no per-member roll calls: it runs no Legistar client on any of five spellings, its minutes are PDFs the source verifier cannot read, and across eighteen recent meetings every recorded vote reads that the motion passed unopposed, which C46 refuses as a position. The King County voters' pamphlet statements, the candidates' own sites and Snoqualmie Valley Record coverage were swept for this batch.",,
Ronn Mercer,1b29e084-8849-4731-98bf-dd97706ea320,public-safety-approach,,"No vote and no statement by him that distinguishes a chair on this ladder was found. Duvall publishes no per-member roll calls: it runs no Legistar client on any of five spellings, its minutes are PDFs the source verifier cannot read, and across eighteen recent meetings every recorded vote reads that the motion passed unopposed, which C46 refuses as a position. The King County voters' pamphlet statements, the candidates' own sites and Snoqualmie Valley Record coverage were swept for this batch.",,
Ronn Mercer,1b29e084-8849-4731-98bf-dd97706ea320,ranked-choice-voting,,"Washington law permits a city to adopt ranked-choice voting for local offices, so a lever exists. No vote and no statement by him on adopting it was found. Duvall publishes no per-member roll calls: it runs no Legistar client on any of five spellings, its minutes are PDFs the source verifier cannot read, and across eighteen recent meetings every recorded vote reads that the motion passed unopposed, which C46 refuses as a position. The King County voters' pamphlet statements, the candidates' own sites and Snoqualmie Valley Record coverage were swept for this batch.",,
Ronn Mercer,1b29e084-8849-4731-98bf-dd97706ea320,rent-regulation,,"RCW 35.21.830 preempts every Washington city from regulating the amount of rent charged, so chairs 1 and 2 are not lawful options at this level. No vote and no statement by him on tenant protections or rent rules was found. Duvall publishes no per-member roll calls: it runs no Legistar client on any of five spellings, its minutes are PDFs the source verifier cannot read, and across eighteen recent meetings every recorded vote reads that the motion passed unopposed, which C46 refuses as a position. The King County voters' pamphlet statements, the candidates' own sites and Snoqualmie Valley Record coverage were swept for this batch.",,
Ronn Mercer,1b29e084-8849-4731-98bf-dd97706ea320,residential-zoning,,"Duvall is well under the 75,000-resident threshold in RCW 36.70A.635(1)(b), and the City Administrator confirmed in September 2026 that middle housing is not yet required of Duvall, so the whole ladder is a live local choice here. No vote and no statement by him on housing density or single-family zoning that distinguishes a chair was found. Duvall publishes no per-member roll calls: it runs no Legistar client on any of five spellings, its minutes are PDFs the source verifier cannot read, and across eighteen recent meetings every recorded vote reads that the motion passed unopposed, which C46 refuses as a position. The King County voters' pamphlet statements, the candidates' own sites and Snoqualmie Valley Record coverage were swept for this batch.",,
Ronn Mercer,1b29e084-8849-4731-98bf-dd97706ea320,taxes,,"No vote and no statement by him on who should be taxed that distinguishes a chair was found. Duvall publishes no per-member roll calls: it runs no Legistar client on any of five spellings, its minutes are PDFs the source verifier cannot read, and across eighteen recent meetings every recorded vote reads that the motion passed unopposed, which C46 refuses as a position. The King County voters' pamphlet statements, the candidates' own sites and Snoqualmie Valley Record coverage were swept for this batch.",,
Ronn Mercer,1b29e084-8849-4731-98bf-dd97706ea320,transportation-priorities,,"No vote and no statement by him choosing between road capacity and multimodal investment that distinguishes a chair was found. Duvall publishes no per-member roll calls: it runs no Legistar client on any of five spellings, its minutes are PDFs the source verifier cannot read, and across eighteen recent meetings every recorded vote reads that the motion passed unopposed, which C46 refuses as a position. The King County voters' pamphlet statements, the candidates' own sites and Snoqualmie Valley Record coverage were swept for this batch.",,
Sara Taylor,e52161da-1cd0-4939-bd8f-9f77aaca20f1,abortion,,Abortion law is set by the state and by federal courts. A Duvall city official holds no lever on any rung of this ladder.,,
Sara Taylor,e52161da-1cd0-4939-bd8f-9f77aaca20f1,ai-regulation,,Regulation of AI development and deployment is a state and federal matter. A Duvall city official holds no lever on any rung.,,
Sara Taylor,e52161da-1cd0-4939-bd8f-9f77aaca20f1,deportation,,Deportation policy is exclusively federal. No rung describes an act available to a city official.,,
Sara Taylor,e52161da-1cd0-4939-bd8f-9f77aaca20f1,fossil-fuels,,"Fossil fuel production, drilling and public land leasing are state and federal matters. No rung is available to a city official.",,
Sara Taylor,e52161da-1cd0-4939-bd8f-9f77aaca20f1,healthcare,,Health coverage policy is a state and federal matter. No rung describes an act available to a Duvall city official.,,
Sara Taylor,e52161da-1cd0-4939-bd8f-9f77aaca20f1,medicare/aid,,Medicare and Medicaid are federal and state programs. No rung is available at city level.,,
Sara Taylor,e52161da-1cd0-4939-bd8f-9f77aaca20f1,misinformation,,Platform content moderation is a federal and First Amendment matter. No rung is available to a city official.,,
Sara Taylor,e52161da-1cd0-4939-bd8f-9f77aaca20f1,redistricting,,"Duvall council members are elected citywide by position number rather than from districts, so the city draws no electoral boundaries. No rung is available.",,
Sara Taylor,e52161da-1cd0-4939-bd8f-9f77aaca20f1,religious-freedom,,The balance between religious exemptions and anti-discrimination law is set by state and federal law and by the courts. No rung is available at city level.,,
Sara Taylor,e52161da-1cd0-4939-bd8f-9f77aaca20f1,same-sex-marriage,,Marriage law is set by the state and by federal constitutional law. No rung is available to a city official.,,
Sara Taylor,e52161da-1cd0-4939-bd8f-9f77aaca20f1,school-vouchers,,Voucher and school-choice programs are created by state law. A city council has no authority over them.,,
Sara Taylor,e52161da-1cd0-4939-bd8f-9f77aaca20f1,social-security,,Social Security is a federal program. No rung is available at city level.,,
Sara Taylor,e52161da-1cd0-4939-bd8f-9f77aaca20f1,tariffs,,Trade policy and tariffs are exclusively federal. No rung is available at city level.,,
Sara Taylor,e52161da-1cd0-4939-bd8f-9f77aaca20f1,trans-athletes,,"Athletic eligibility rules are set by the state athletic association and the legislature, not by a city.",,
Sara Taylor,e52161da-1cd0-4939-bd8f-9f77aaca20f1,ukraine-support,,Foreign and military aid is exclusively federal. No rung is available at city level.,,
Sara Taylor,e52161da-1cd0-4939-bd8f-9f77aaca20f1,voting-rights,,Voter identification and registration requirements are set by Washington state law. A city holds no lever on any rung.,,
Sara Taylor,e52161da-1cd0-4939-bd8f-9f77aaca20f1,2020-election,,"This asks for a view on a federal election result. It is not an act a city official takes, and no statement of a position was found.",,
Sara Taylor,e52161da-1cd0-4939-bd8f-9f77aaca20f1,border-security,,Border and asylum policy is exclusively federal. No rung is available at city level.,,
Sara Taylor,e52161da-1cd0-4939-bd8f-9f77aaca20f1,cannabis-policy,,The legal status of cannabis is set by state and federal law. The rungs describe legalization choices a city cannot make.,,
Sara Taylor,e52161da-1cd0-4939-bd8f-9f77aaca20f1,defense-spending,,Military spending is exclusively federal. No rung is available at city level.,,
Sara Taylor,e52161da-1cd0-4939-bd8f-9f77aaca20f1,military-intervention,,The use of military force is exclusively federal. No rung is available at city level.,,
Sara Taylor,e52161da-1cd0-4939-bd8f-9f77aaca20f1,israel-military-aid,,Foreign military aid is exclusively federal. No rung is available at city level.,,
Sara Taylor,e52161da-1cd0-4939-bd8f-9f77aaca20f1,gun-policy,,"RCW 9.41.290 states that Washington fully occupies and preempts the entire field of firearms regulation, and that local ordinances more restrictive than state law are preempted and repealed. No rung is lawfully available to a Duvall city official.",,
Sara Taylor,e52161da-1cd0-4939-bd8f-9f77aaca20f1,education-curriculum,,"Curriculum is set by the Riverview School District board, not by the City of Duvall. No rung is available to this office.",,
Sara Taylor,e52161da-1cd0-4939-bd8f-9f77aaca20f1,education-library-books,,"School library collections and challenge procedures are set by the school district board, not by the city.",,
Sara Taylor,e52161da-1cd0-4939-bd8f-9f77aaca20f1,education-gender-identity,,"School policy on student name and gender identity is set by the school district board, not by the city.",,
Sara Taylor,e52161da-1cd0-4939-bd8f-9f77aaca20f1,education-equity-programs,,"District equity programs and staffing are set by the school district board, not by the city.",,
Sara Taylor,e52161da-1cd0-4939-bd8f-9f77aaca20f1,education-charter-authorization,,"Charter school authorization in Washington runs through the state Charter School Commission and school district boards, not a city.",,
Sara Taylor,e52161da-1cd0-4939-bd8f-9f77aaca20f1,education-school-budget,,"School funding levels and levies are set by the school district board and its voters, not by the city.",,
Sara Taylor,e52161da-1cd0-4939-bd8f-9f77aaca20f1,education-ai,,"Classroom AI policy is set by the school district, not by the city.",,
Sara Taylor,e52161da-1cd0-4939-bd8f-9f77aaca20f1,campaign-finance,,"Washington cities may set local contribution limits, so a lever exists. No vote and no statement by her on local campaign finance rules was found. Duvall publishes no per-member roll calls: it runs no Legistar client on any of five spellings, its minutes are PDFs the source verifier cannot read, and across eighteen recent meetings every recorded vote reads that the motion passed unopposed, which C46 refuses as a position. The King County voters' pamphlet statements, the candidates' own sites and Snoqualmie Valley Record coverage were swept for this batch.",,
Sara Taylor,e52161da-1cd0-4939-bd8f-9f77aaca20f1,childcare,,"Cities can fund childcare subsidies and facilities, so a lever exists. No vote and no statement by her that distinguishes a chair on childcare was found. Duvall publishes no per-member roll calls: it runs no Legistar client on any of five spellings, its minutes are PDFs the source verifier cannot read, and across eighteen recent meetings every recorded vote reads that the motion passed unopposed, which C46 refuses as a position. The King County voters' pamphlet statements, the candidates' own sites and Snoqualmie Valley Record coverage were swept for this batch.",,
Sara Taylor,e52161da-1cd0-4939-bd8f-9f77aaca20f1,city-sanitation,,"No vote and no statement by her on street cleanliness, sanitation service levels or litter enforcement was found. Duvall publishes no per-member roll calls: it runs no Legistar client on any of five spellings, its minutes are PDFs the source verifier cannot read, and across eighteen recent meetings every recorded vote reads that the motion passed unopposed, which C46 refuses as a position. The King County voters' pamphlet statements, the candidates' own sites and Snoqualmie Valley Record coverage were swept for this batch.",,
Sara Taylor,e52161da-1cd0-4939-bd8f-9f77aaca20f1,civil-rights,,"No vote and no statement by her that distinguishes a chair on this ladder was found. Duvall publishes no per-member roll calls: it runs no Legistar client on any of five spellings, its minutes are PDFs the source verifier cannot read, and across eighteen recent meetings every recorded vote reads that the motion passed unopposed, which C46 refuses as a position. The King County voters' pamphlet statements, the candidates' own sites and Snoqualmie Valley Record coverage were swept for this batch.",,
Sara Taylor,e52161da-1cd0-4939-bd8f-9f77aaca20f1,climate-change,,"This ladder asks about expanding clean energy. No vote and no statement by her on clean energy mandates, subsidies or permitting was found. Duvall publishes no per-member roll calls: it runs no Legistar client on any of five spellings, its minutes are PDFs the source verifier cannot read, and across eighteen recent meetings every recorded vote reads that the motion passed unopposed, which C46 refuses as a position. The King County voters' pamphlet statements, the candidates' own sites and Snoqualmie Valley Record coverage were swept for this batch.",,
Sara Taylor,e52161da-1cd0-4939-bd8f-9f77aaca20f1,data-centers,,"No vote and no statement by her on data center siting, energy cost allocation or permitting was found. Duvall publishes no per-member roll calls: it runs no Legistar client on any of five spellings, its minutes are PDFs the source verifier cannot read, and across eighteen recent meetings every recorded vote reads that the motion passed unopposed, which C46 refuses as a position. The King County voters' pamphlet statements, the candidates' own sites and Snoqualmie Valley Record coverage were swept for this batch.",,
Sara Taylor,e52161da-1cd0-4939-bd8f-9f77aaca20f1,economic-development,,"Her 2025 voters’ pamphlet statement says she would champion additional local activities and businesses guided by public input. It names no incentive, condition or clawback, which is what separates the chairs on this ladder.",,
Sara Taylor,e52161da-1cd0-4939-bd8f-9f77aaca20f1,education-school-police,,"No vote and no statement by her on the role of police officers in schools was found. Duvall publishes no per-member roll calls: it runs no Legistar client on any of five spellings, its minutes are PDFs the source verifier cannot read, and across eighteen recent meetings every recorded vote reads that the motion passed unopposed, which C46 refuses as a position. The King County voters' pamphlet statements, the candidates' own sites and Snoqualmie Valley Record coverage were swept for this batch.",,
Sara Taylor,e52161da-1cd0-4939-bd8f-9f77aaca20f1,growth-and-development,,"Her 2025 voters’ pamphlet statement notes that growth is accelerating but states no pace, cap or capacity condition. She did not respond to the Snoqualmie Valley Record candidate questionnaire.",,
Sara Taylor,e52161da-1cd0-4939-bd8f-9f77aaca20f1,homelessness,,"No vote and no statement by her on enforcement against sleeping or camping in public was found. Duvall publishes no per-member roll calls: it runs no Legistar client on any of five spellings, its minutes are PDFs the source verifier cannot read, and across eighteen recent meetings every recorded vote reads that the motion passed unopposed, which C46 refuses as a position. The King County voters' pamphlet statements, the candidates' own sites and Snoqualmie Valley Record coverage were swept for this batch.",,
Sara Taylor,e52161da-1cd0-4939-bd8f-9f77aaca20f1,homelessness-response,,"No vote and no statement by her setting a funding posture for homelessness housing and services was found. Duvall publishes no per-member roll calls: it runs no Legistar client on any of five spellings, its minutes are PDFs the source verifier cannot read, and across eighteen recent meetings every recorded vote reads that the motion passed unopposed, which C46 refuses as a position. The King County voters' pamphlet statements, the candidates' own sites and Snoqualmie Valley Record coverage were swept for this batch.",,
Sara Taylor,e52161da-1cd0-4939-bd8f-9f77aaca20f1,housing,,"No vote and no statement by her on public housing, binding affordability requirements or subsidies that distinguishes a chair was found. Duvall publishes no per-member roll calls: it runs no Legistar client on any of five spellings, its minutes are PDFs the source verifier cannot read, and across eighteen recent meetings every recorded vote reads that the motion passed unopposed, which C46 refuses as a position. The King County voters' pamphlet statements, the candidates' own sites and Snoqualmie Valley Record coverage were swept for this batch.",,
Sara Taylor,e52161da-1cd0-4939-bd8f-9f77aaca20f1,jail-capacity,,"No vote and no statement by her on jail capacity, incarceration alternatives or detention funding was found. Duvall publishes no per-member roll calls: it runs no Legistar client on any of five spellings, its minutes are PDFs the source verifier cannot read, and across eighteen recent meetings every recorded vote reads that the motion passed unopposed, which C46 refuses as a position. The King County voters' pamphlet statements, the candidates' own sites and Snoqualmie Valley Record coverage were swept for this batch.",,
Sara Taylor,e52161da-1cd0-4939-bd8f-9f77aaca20f1,local-environment,,Her 2025 voters’ pamphlet statement says she wants Duvall to thrive and build diverse opportunities while being mindful of its green spaces. Mindfulness of green space is not a rule for weighing development against protection.,,
Sara Taylor,e52161da-1cd0-4939-bd8f-9f77aaca20f1,local-immigration,,"No vote and no statement by her on ICE detainers or on local cooperation with federal immigration enforcement was found. Duvall publishes no per-member roll calls: it runs no Legistar client on any of five spellings, its minutes are PDFs the source verifier cannot read, and across eighteen recent meetings every recorded vote reads that the motion passed unopposed, which C46 refuses as a position. The King County voters' pamphlet statements, the candidates' own sites and Snoqualmie Valley Record coverage were swept for this batch.",,
Sara Taylor,e52161da-1cd0-4939-bd8f-9f77aaca20f1,minimum-wage,,"Washington cities may set a local minimum wage, so a lever exists. No vote and no statement by her on a Duvall minimum wage was found. Duvall publishes no per-member roll calls: it runs no Legistar client on any of five spellings, its minutes are PDFs the source verifier cannot read, and across eighteen recent meetings every recorded vote reads that the motion passed unopposed, which C46 refuses as a position. The King County voters' pamphlet statements, the candidates' own sites and Snoqualmie Valley Record coverage were swept for this batch.",,
Sara Taylor,e52161da-1cd0-4939-bd8f-9f77aaca20f1,public-safety-approach,,"No vote and no statement by her that distinguishes a chair on this ladder was found. Duvall publishes no per-member roll calls: it runs no Legistar client on any of five spellings, its minutes are PDFs the source verifier cannot read, and across eighteen recent meetings every recorded vote reads that the motion passed unopposed, which C46 refuses as a position. The King County voters' pamphlet statements, the candidates' own sites and Snoqualmie Valley Record coverage were swept for this batch.",,
Sara Taylor,e52161da-1cd0-4939-bd8f-9f77aaca20f1,ranked-choice-voting,,"Washington law permits a city to adopt ranked-choice voting for local offices, so a lever exists. No vote and no statement by her on adopting it was found. Duvall publishes no per-member roll calls: it runs no Legistar client on any of five spellings, its minutes are PDFs the source verifier cannot read, and across eighteen recent meetings every recorded vote reads that the motion passed unopposed, which C46 refuses as a position. The King County voters' pamphlet statements, the candidates' own sites and Snoqualmie Valley Record coverage were swept for this batch.",,
Sara Taylor,e52161da-1cd0-4939-bd8f-9f77aaca20f1,rent-regulation,,"RCW 35.21.830 preempts every Washington city from regulating the amount of rent charged, so chairs 1 and 2 are not lawful options at this level. No vote and no statement by her on tenant protections or rent rules was found. Duvall publishes no per-member roll calls: it runs no Legistar client on any of five spellings, its minutes are PDFs the source verifier cannot read, and across eighteen recent meetings every recorded vote reads that the motion passed unopposed, which C46 refuses as a position. The King County voters' pamphlet statements, the candidates' own sites and Snoqualmie Valley Record coverage were swept for this batch.",,
Sara Taylor,e52161da-1cd0-4939-bd8f-9f77aaca20f1,residential-zoning,,"Duvall is well under the 75,000-resident threshold in RCW 36.70A.635(1)(b), and the City Administrator confirmed in September 2026 that middle housing is not yet required of Duvall, so the whole ladder is a live local choice here. No vote and no statement by her on housing density or single-family zoning that distinguishes a chair was found. Duvall publishes no per-member roll calls: it runs no Legistar client on any of five spellings, its minutes are PDFs the source verifier cannot read, and across eighteen recent meetings every recorded vote reads that the motion passed unopposed, which C46 refuses as a position. The King County voters' pamphlet statements, the candidates' own sites and Snoqualmie Valley Record coverage were swept for this batch.",,
Sara Taylor,e52161da-1cd0-4939-bd8f-9f77aaca20f1,taxes,,"No vote and no statement by her on who should be taxed that distinguishes a chair was found. Duvall publishes no per-member roll calls: it runs no Legistar client on any of five spellings, its minutes are PDFs the source verifier cannot read, and across eighteen recent meetings every recorded vote reads that the motion passed unopposed, which C46 refuses as a position. The King County voters' pamphlet statements, the candidates' own sites and Snoqualmie Valley Record coverage were swept for this batch.",,
Sara Taylor,e52161da-1cd0-4939-bd8f-9f77aaca20f1,transportation-priorities,,"No vote and no statement by her choosing between road capacity and multimodal investment that distinguishes a chair was found. Duvall publishes no per-member roll calls: it runs no Legistar client on any of five spellings, its minutes are PDFs the source verifier cannot read, and across eighteen recent meetings every recorded vote reads that the motion passed unopposed, which C46 refuses as a position. The King County voters' pamphlet statements, the candidates' own sites and Snoqualmie Valley Record coverage were swept for this batch.",,
Linda Conway,25a0dfc4-733c-465a-867e-2bc0a1112767,abortion,,Abortion law is set by the state and by federal courts. A Duvall city official holds no lever on any rung of this ladder.,,
Linda Conway,25a0dfc4-733c-465a-867e-2bc0a1112767,ai-regulation,,Regulation of AI development and deployment is a state and federal matter. A Duvall city official holds no lever on any rung.,,
Linda Conway,25a0dfc4-733c-465a-867e-2bc0a1112767,deportation,,Deportation policy is exclusively federal. No rung describes an act available to a city official.,,
Linda Conway,25a0dfc4-733c-465a-867e-2bc0a1112767,fossil-fuels,,"Fossil fuel production, drilling and public land leasing are state and federal matters. No rung is available to a city official.",,
Linda Conway,25a0dfc4-733c-465a-867e-2bc0a1112767,healthcare,,Health coverage policy is a state and federal matter. No rung describes an act available to a Duvall city official.,,
Linda Conway,25a0dfc4-733c-465a-867e-2bc0a1112767,medicare/aid,,Medicare and Medicaid are federal and state programs. No rung is available at city level.,,
Linda Conway,25a0dfc4-733c-465a-867e-2bc0a1112767,misinformation,,Platform content moderation is a federal and First Amendment matter. No rung is available to a city official.,,
Linda Conway,25a0dfc4-733c-465a-867e-2bc0a1112767,redistricting,,"Duvall council members are elected citywide by position number rather than from districts, so the city draws no electoral boundaries. No rung is available.",,
Linda Conway,25a0dfc4-733c-465a-867e-2bc0a1112767,religious-freedom,,The balance between religious exemptions and anti-discrimination law is set by state and federal law and by the courts. No rung is available at city level.,,
Linda Conway,25a0dfc4-733c-465a-867e-2bc0a1112767,same-sex-marriage,,Marriage law is set by the state and by federal constitutional law. No rung is available to a city official.,,
Linda Conway,25a0dfc4-733c-465a-867e-2bc0a1112767,school-vouchers,,Voucher and school-choice programs are created by state law. A city council has no authority over them.,,
Linda Conway,25a0dfc4-733c-465a-867e-2bc0a1112767,social-security,,Social Security is a federal program. No rung is available at city level.,,
Linda Conway,25a0dfc4-733c-465a-867e-2bc0a1112767,tariffs,,Trade policy and tariffs are exclusively federal. No rung is available at city level.,,
Linda Conway,25a0dfc4-733c-465a-867e-2bc0a1112767,trans-athletes,,"Athletic eligibility rules are set by the state athletic association and the legislature, not by a city.",,
Linda Conway,25a0dfc4-733c-465a-867e-2bc0a1112767,ukraine-support,,Foreign and military aid is exclusively federal. No rung is available at city level.,,
Linda Conway,25a0dfc4-733c-465a-867e-2bc0a1112767,voting-rights,,Voter identification and registration requirements are set by Washington state law. A city holds no lever on any rung.,,
Linda Conway,25a0dfc4-733c-465a-867e-2bc0a1112767,2020-election,,"This asks for a view on a federal election result. It is not an act a city official takes, and no statement of a position was found.",,
Linda Conway,25a0dfc4-733c-465a-867e-2bc0a1112767,border-security,,Border and asylum policy is exclusively federal. No rung is available at city level.,,
Linda Conway,25a0dfc4-733c-465a-867e-2bc0a1112767,cannabis-policy,,The legal status of cannabis is set by state and federal law. The rungs describe legalization choices a city cannot make.,,
Linda Conway,25a0dfc4-733c-465a-867e-2bc0a1112767,defense-spending,,Military spending is exclusively federal. No rung is available at city level.,,
Linda Conway,25a0dfc4-733c-465a-867e-2bc0a1112767,military-intervention,,The use of military force is exclusively federal. No rung is available at city level.,,
Linda Conway,25a0dfc4-733c-465a-867e-2bc0a1112767,israel-military-aid,,Foreign military aid is exclusively federal. No rung is available at city level.,,
Linda Conway,25a0dfc4-733c-465a-867e-2bc0a1112767,gun-policy,,"RCW 9.41.290 states that Washington fully occupies and preempts the entire field of firearms regulation, and that local ordinances more restrictive than state law are preempted and repealed. No rung is lawfully available to a Duvall city official.",,
Linda Conway,25a0dfc4-733c-465a-867e-2bc0a1112767,education-curriculum,,"Curriculum is set by the Riverview School District board, not by the City of Duvall. No rung is available to this office.",,
Linda Conway,25a0dfc4-733c-465a-867e-2bc0a1112767,education-library-books,,"School library collections and challenge procedures are set by the school district board, not by the city.",,
Linda Conway,25a0dfc4-733c-465a-867e-2bc0a1112767,education-gender-identity,,"School policy on student name and gender identity is set by the school district board, not by the city.",,
Linda Conway,25a0dfc4-733c-465a-867e-2bc0a1112767,education-equity-programs,,"District equity programs and staffing are set by the school district board, not by the city.",,
Linda Conway,25a0dfc4-733c-465a-867e-2bc0a1112767,education-charter-authorization,,"Charter school authorization in Washington runs through the state Charter School Commission and school district boards, not a city.",,
Linda Conway,25a0dfc4-733c-465a-867e-2bc0a1112767,education-school-budget,,"School funding levels and levies are set by the school district board and its voters, not by the city.",,
Linda Conway,25a0dfc4-733c-465a-867e-2bc0a1112767,education-ai,,"Classroom AI policy is set by the school district, not by the city.",,
Linda Conway,25a0dfc4-733c-465a-867e-2bc0a1112767,campaign-finance,,"Washington cities may set local contribution limits, so a lever exists. No vote and no statement by her on local campaign finance rules was found. Duvall publishes no per-member roll calls: it runs no Legistar client on any of five spellings, its minutes are PDFs the source verifier cannot read, and across eighteen recent meetings every recorded vote reads that the motion passed unopposed, which C46 refuses as a position. The King County voters' pamphlet statements, the candidates' own sites and Snoqualmie Valley Record coverage were swept for this batch.",,
Linda Conway,25a0dfc4-733c-465a-867e-2bc0a1112767,childcare,,"Cities can fund childcare subsidies and facilities, so a lever exists. No vote and no statement by her that distinguishes a chair on childcare was found. Duvall publishes no per-member roll calls: it runs no Legistar client on any of five spellings, its minutes are PDFs the source verifier cannot read, and across eighteen recent meetings every recorded vote reads that the motion passed unopposed, which C46 refuses as a position. The King County voters' pamphlet statements, the candidates' own sites and Snoqualmie Valley Record coverage were swept for this batch.",,
Linda Conway,25a0dfc4-733c-465a-867e-2bc0a1112767,city-sanitation,,"No vote and no statement by her on street cleanliness, sanitation service levels or litter enforcement was found. Duvall publishes no per-member roll calls: it runs no Legistar client on any of five spellings, its minutes are PDFs the source verifier cannot read, and across eighteen recent meetings every recorded vote reads that the motion passed unopposed, which C46 refuses as a position. The King County voters' pamphlet statements, the candidates' own sites and Snoqualmie Valley Record coverage were swept for this batch.",,
Linda Conway,25a0dfc4-733c-465a-867e-2bc0a1112767,civil-rights,,"No vote and no statement by her that distinguishes a chair on this ladder was found. Duvall publishes no per-member roll calls: it runs no Legistar client on any of five spellings, its minutes are PDFs the source verifier cannot read, and across eighteen recent meetings every recorded vote reads that the motion passed unopposed, which C46 refuses as a position. The King County voters' pamphlet statements, the candidates' own sites and Snoqualmie Valley Record coverage were swept for this batch.",,
Linda Conway,25a0dfc4-733c-465a-867e-2bc0a1112767,climate-change,,"This ladder asks about expanding clean energy. No vote and no statement by her on clean energy mandates, subsidies or permitting was found. Duvall publishes no per-member roll calls: it runs no Legistar client on any of five spellings, its minutes are PDFs the source verifier cannot read, and across eighteen recent meetings every recorded vote reads that the motion passed unopposed, which C46 refuses as a position. The King County voters' pamphlet statements, the candidates' own sites and Snoqualmie Valley Record coverage were swept for this batch.",,
Linda Conway,25a0dfc4-733c-465a-867e-2bc0a1112767,data-centers,,"No vote and no statement by her on data center siting, energy cost allocation or permitting was found. Duvall publishes no per-member roll calls: it runs no Legistar client on any of five spellings, its minutes are PDFs the source verifier cannot read, and across eighteen recent meetings every recorded vote reads that the motion passed unopposed, which C46 refuses as a position. The King County voters' pamphlet statements, the candidates' own sites and Snoqualmie Valley Record coverage were swept for this batch.",,
Linda Conway,25a0dfc4-733c-465a-867e-2bc0a1112767,economic-development,,"No vote and no statement by her on business incentives, clawback conditions or recruitment terms that distinguishes a chair was found. Duvall publishes no per-member roll calls: it runs no Legistar client on any of five spellings, its minutes are PDFs the source verifier cannot read, and across eighteen recent meetings every recorded vote reads that the motion passed unopposed, which C46 refuses as a position. The King County voters' pamphlet statements, the candidates' own sites and Snoqualmie Valley Record coverage were swept for this batch.",,
Linda Conway,25a0dfc4-733c-465a-867e-2bc0a1112767,education-school-police,,"No vote and no statement by her on the role of police officers in schools was found. Duvall publishes no per-member roll calls: it runs no Legistar client on any of five spellings, its minutes are PDFs the source verifier cannot read, and across eighteen recent meetings every recorded vote reads that the motion passed unopposed, which C46 refuses as a position. The King County voters' pamphlet statements, the candidates' own sites and Snoqualmie Valley Record coverage were swept for this batch.",,
Linda Conway,25a0dfc4-733c-465a-867e-2bc0a1112767,growth-and-development,,She was appointed to Position 2 on 2026-09-01 and so stood in no election covered by a voters’ pamphlet or a candidate questionnaire. No statement by her on growth was found.,,
Linda Conway,25a0dfc4-733c-465a-867e-2bc0a1112767,homelessness,,"No vote and no statement by her on enforcement against sleeping or camping in public was found. Duvall publishes no per-member roll calls: it runs no Legistar client on any of five spellings, its minutes are PDFs the source verifier cannot read, and across eighteen recent meetings every recorded vote reads that the motion passed unopposed, which C46 refuses as a position. The King County voters' pamphlet statements, the candidates' own sites and Snoqualmie Valley Record coverage were swept for this batch.",,
Linda Conway,25a0dfc4-733c-465a-867e-2bc0a1112767,homelessness-response,,"No vote and no statement by her setting a funding posture for homelessness housing and services was found. Duvall publishes no per-member roll calls: it runs no Legistar client on any of five spellings, its minutes are PDFs the source verifier cannot read, and across eighteen recent meetings every recorded vote reads that the motion passed unopposed, which C46 refuses as a position. The King County voters' pamphlet statements, the candidates' own sites and Snoqualmie Valley Record coverage were swept for this batch.",,
Linda Conway,25a0dfc4-733c-465a-867e-2bc0a1112767,housing,,"No vote and no statement by her on public housing, binding affordability requirements or subsidies that distinguishes a chair was found. Duvall publishes no per-member roll calls: it runs no Legistar client on any of five spellings, its minutes are PDFs the source verifier cannot read, and across eighteen recent meetings every recorded vote reads that the motion passed unopposed, which C46 refuses as a position. The King County voters' pamphlet statements, the candidates' own sites and Snoqualmie Valley Record coverage were swept for this batch.",,
Linda Conway,25a0dfc4-733c-465a-867e-2bc0a1112767,jail-capacity,,"No vote and no statement by her on jail capacity, incarceration alternatives or detention funding was found. Duvall publishes no per-member roll calls: it runs no Legistar client on any of five spellings, its minutes are PDFs the source verifier cannot read, and across eighteen recent meetings every recorded vote reads that the motion passed unopposed, which C46 refuses as a position. The King County voters' pamphlet statements, the candidates' own sites and Snoqualmie Valley Record coverage were swept for this batch.",,
Linda Conway,25a0dfc4-733c-465a-867e-2bc0a1112767,local-environment,,"No vote and no statement by her weighing new development against environmental protection that distinguishes a chair was found. Duvall publishes no per-member roll calls: it runs no Legistar client on any of five spellings, its minutes are PDFs the source verifier cannot read, and across eighteen recent meetings every recorded vote reads that the motion passed unopposed, which C46 refuses as a position. The King County voters' pamphlet statements, the candidates' own sites and Snoqualmie Valley Record coverage were swept for this batch.",,
Linda Conway,25a0dfc4-733c-465a-867e-2bc0a1112767,local-immigration,,"No vote and no statement by her on ICE detainers or on local cooperation with federal immigration enforcement was found. Duvall publishes no per-member roll calls: it runs no Legistar client on any of five spellings, its minutes are PDFs the source verifier cannot read, and across eighteen recent meetings every recorded vote reads that the motion passed unopposed, which C46 refuses as a position. The King County voters' pamphlet statements, the candidates' own sites and Snoqualmie Valley Record coverage were swept for this batch.",,
Linda Conway,25a0dfc4-733c-465a-867e-2bc0a1112767,minimum-wage,,"Washington cities may set a local minimum wage, so a lever exists. No vote and no statement by her on a Duvall minimum wage was found. Duvall publishes no per-member roll calls: it runs no Legistar client on any of five spellings, its minutes are PDFs the source verifier cannot read, and across eighteen recent meetings every recorded vote reads that the motion passed unopposed, which C46 refuses as a position. The King County voters' pamphlet statements, the candidates' own sites and Snoqualmie Valley Record coverage were swept for this batch.",,
Linda Conway,25a0dfc4-733c-465a-867e-2bc0a1112767,public-safety-approach,,"No vote and no statement by her that distinguishes a chair on this ladder was found. Duvall publishes no per-member roll calls: it runs no Legistar client on any of five spellings, its minutes are PDFs the source verifier cannot read, and across eighteen recent meetings every recorded vote reads that the motion passed unopposed, which C46 refuses as a position. The King County voters' pamphlet statements, the candidates' own sites and Snoqualmie Valley Record coverage were swept for this batch.",,
Linda Conway,25a0dfc4-733c-465a-867e-2bc0a1112767,ranked-choice-voting,,"Washington law permits a city to adopt ranked-choice voting for local offices, so a lever exists. No vote and no statement by her on adopting it was found. Duvall publishes no per-member roll calls: it runs no Legistar client on any of five spellings, its minutes are PDFs the source verifier cannot read, and across eighteen recent meetings every recorded vote reads that the motion passed unopposed, which C46 refuses as a position. The King County voters' pamphlet statements, the candidates' own sites and Snoqualmie Valley Record coverage were swept for this batch.",,
Linda Conway,25a0dfc4-733c-465a-867e-2bc0a1112767,rent-regulation,,"RCW 35.21.830 preempts every Washington city from regulating the amount of rent charged, so chairs 1 and 2 are not lawful options at this level. No vote and no statement by her on tenant protections or rent rules was found. Duvall publishes no per-member roll calls: it runs no Legistar client on any of five spellings, its minutes are PDFs the source verifier cannot read, and across eighteen recent meetings every recorded vote reads that the motion passed unopposed, which C46 refuses as a position. The King County voters' pamphlet statements, the candidates' own sites and Snoqualmie Valley Record coverage were swept for this batch.",,
Linda Conway,25a0dfc4-733c-465a-867e-2bc0a1112767,residential-zoning,,"Duvall is well under the 75,000-resident threshold in RCW 36.70A.635(1)(b), and the City Administrator confirmed in September 2026 that middle housing is not yet required of Duvall, so the whole ladder is a live local choice here. No vote and no statement by her on housing density or single-family zoning that distinguishes a chair was found. Duvall publishes no per-member roll calls: it runs no Legistar client on any of five spellings, its minutes are PDFs the source verifier cannot read, and across eighteen recent meetings every recorded vote reads that the motion passed unopposed, which C46 refuses as a position. The King County voters' pamphlet statements, the candidates' own sites and Snoqualmie Valley Record coverage were swept for this batch.",,
Linda Conway,25a0dfc4-733c-465a-867e-2bc0a1112767,taxes,,"No vote and no statement by her on who should be taxed that distinguishes a chair was found. Duvall publishes no per-member roll calls: it runs no Legistar client on any of five spellings, its minutes are PDFs the source verifier cannot read, and across eighteen recent meetings every recorded vote reads that the motion passed unopposed, which C46 refuses as a position. The King County voters' pamphlet statements, the candidates' own sites and Snoqualmie Valley Record coverage were swept for this batch.",,
Linda Conway,25a0dfc4-733c-465a-867e-2bc0a1112767,transportation-priorities,,"No vote and no statement by her choosing between road capacity and multimodal investment that distinguishes a chair was found. Duvall publishes no per-member roll calls: it runs no Legistar client on any of five spellings, its minutes are PDFs the source verifier cannot read, and across eighteen recent meetings every recorded vote reads that the motion passed unopposed, which C46 refuses as a position. The King County voters' pamphlet statements, the candidates' own sites and Snoqualmie Valley Record coverage were swept for this batch.",,
