full_name,topic_key,value,evidence_type,reasoning,source_url_1,source_url_2,source_url_3,quote_text,quote_deidentified,editor_note
"Jessica Forsythe","rent-regulation","3","record","Voted Yes on Ordinance No. 3091 (AM No. 22-112), which created Chapter 9.54 of the Redmond Municipal Code to adopt tenant protections, carried 6-1 on 2022-07-19. The ordinance increases notice for rent increases and caps late fees, move-in fees and deposits while authorizing tenant payment plans; it sets no cap on rent itself. RCW 35.21.830 preempts every Washington city from regulating the amount of rent charged, so chairs 1 and 2 are not lawful options at this level. Her vote adopted tenant protections while leaving rents to the market, which is chair 3, and it contradicts chair 4, because the protections apply to tenants generally rather than only to subsidized units.","https://redmond.legistar.com/HistoryDetail.aspx?ID=25881664&GUID=FB94EE31-201D-44E9-AFCF-8B94CC5AFD51","https://app.leg.wa.gov/RCW/default.aspx?cite=35.21.830","","","",""
"Jessica Forsythe","public-safety-approach","3","record","Voted Yes on Resolution No. 1560, the Comprehensive Public Safety Ballot Measure (AM No. 22-113), carried 5-2 on 2022-07-19. The measure funds a comprehensive public safety program that, as the City described it when the Council acted, goes beyond retaining and expanding police and fire staff and also funds alternative approaches to crisis intervention that connect residents with services. That keeps police as the main responders and adds crisis capacity alongside them, which is chair 3. It is not a shift of responsibility away from policing (chairs 1 and 2), and it is not confined to expanding police presence (chair 4).","https://redmond.legistar.com/HistoryDetail.aspx?ID=25881665&GUID=59973ACA-116D-4DA1-8BE8-FF35B8B8EE38","https://www.redmond-reporter.com/2022/07/21/redmond-city-council-votes-to-put-new-public-safety-levy-on-the-november-ballot/","","","",""
"Jessica Forsythe","abortion","","","Abortion law is set by the state and by federal courts. A Redmond city official holds no lever on any rung of this ladder.","","","","","",""
"Jessica Forsythe","ai-regulation","","","Regulation of AI development and deployment is a state and federal matter. A Redmond city official holds no lever on any rung.","","","","","",""
"Jessica Forsythe","deportation","","","Deportation policy is exclusively federal. No rung describes an act available to a city official.","","","","","",""
"Jessica Forsythe","fossil-fuels","","","Fossil fuel production, drilling and public land leasing are state and federal matters. No rung is available to a city official.","","","","","",""
"Jessica Forsythe","healthcare","","","Health coverage policy is a state and federal matter. No rung describes an act available to a Redmond city official.","","","","","",""
"Jessica Forsythe","medicare/aid","","","Medicare and Medicaid are federal and state programs. No rung is available at city level.","","","","","",""
"Jessica Forsythe","misinformation","","","Platform content moderation is a federal and First Amendment matter. No rung is available to a city official.","","","","","",""
"Jessica Forsythe","redistricting","","","Redmond council members are elected citywide by position number rather than from districts, so the city draws no electoral boundaries. No rung is available.","","","","","",""
"Jessica Forsythe","religious-freedom","","","The balance between religious exemptions and anti-discrimination law is set by state and federal law and by the courts. No rung is available at city level.","","","","","",""
"Jessica Forsythe","same-sex-marriage","","","Marriage law is set by the state and by federal constitutional law. No rung is available to a city official.","","","","","",""
"Jessica Forsythe","school-vouchers","","","Voucher and school-choice programs are created by state law. A city council has no authority over them.","","","","","",""
"Jessica Forsythe","social-security","","","Social Security is a federal program. No rung is available at city level.","","","","","",""
"Jessica Forsythe","tariffs","","","Trade policy and tariffs are exclusively federal. No rung is available at city level.","","","","","",""
"Jessica Forsythe","trans-athletes","","","Athletic eligibility rules are set by the state athletic association and the legislature, not by a city.","","","","","",""
"Jessica Forsythe","ukraine-support","","","Foreign and military aid is exclusively federal. No rung is available at city level.","","","","","",""
"Jessica Forsythe","voting-rights","","","Voter identification and registration requirements are set by Washington state law. A city holds no lever on any rung.","","","","","",""
"Jessica Forsythe","2020-election","","","This asks for a view on a federal election result. It is not an act a city official takes, and no statement of a position was found.","","","","","",""
"Jessica Forsythe","border-security","","","Border and asylum policy is exclusively federal. No rung is available at city level.","","","","","",""
"Jessica Forsythe","cannabis-policy","","","The legal status of cannabis is set by state and federal law. The rungs describe legalization choices a city cannot make.","","","","","",""
"Jessica Forsythe","defense-spending","","","Military spending is exclusively federal. No rung is available at city level.","","","","","",""
"Jessica Forsythe","military-intervention","","","The use of military force is exclusively federal. No rung is available at city level.","","","","","",""
"Jessica Forsythe","israel-military-aid","","","Foreign military aid is exclusively federal. No rung is available at city level.","","","","","",""
"Jessica Forsythe","gun-policy","","","RCW 9.41.290 states that Washington fully occupies and preempts the entire field of firearms regulation, and that local ordinances more restrictive than state law are preempted and repealed. No rung is lawfully available to a Redmond city official.","","","","","",""
"Jessica Forsythe","residential-zoning","","","RCW 36.70A.635(1)(b) requires a Washington city of at least 75,000 people, which Redmond is, to allow at least four units per lot on every lot zoned predominantly residential, and at least six within a quarter mile of a major transit stop. That state floor removes chair 1 and puts chairs 2 and 3 below what the city must already allow, while chair 4 describes the mandated baseline. Only chair 5 remains a local choice, and no evidence was found that this official advocates going beyond the state floor.","","","","","",""
"Jessica Forsythe","education-curriculum","","","Curriculum is set by the Lake Washington School District board, not by the City of Redmond. No rung is available to this office.","","","","","",""
"Jessica Forsythe","education-library-books","","","School library collections and challenge procedures are set by the school district board, not by the city.","","","","","",""
"Jessica Forsythe","education-gender-identity","","","School policy on student name and gender identity is set by the school district board, not by the city.","","","","","",""
"Jessica Forsythe","education-equity-programs","","","District equity programs and staffing are set by the school district board, not by the city.","","","","","",""
"Jessica Forsythe","education-charter-authorization","","","Charter school authorization in Washington runs through the state Charter School Commission and school district boards, not a city.","","","","","",""
"Jessica Forsythe","education-school-budget","","","School funding levels and levies are set by the school district board and its voters, not by the city.","","","","","",""
"Jessica Forsythe","education-ai","","","Classroom AI policy is set by the school district, not by the city.","","","","","",""
"Jessica Forsythe","campaign-finance","","","Washington cities may set local contribution limits, so a lever exists. No vote and no statement by her on local campaign finance rules was found in the Council record, in the King County voters' pamphlet statement, in campaign materials, or in Redmond Reporter and Snoqualmie Valley Record coverage swept for this batch.","","","","","",""
"Jessica Forsythe","childcare","","","Cities can fund childcare subsidies and facilities, so a lever exists. No vote and no statement by her that distinguishes a chair on childcare was found in the Council record, in the King County voters' pamphlet statement, in campaign materials, or in Redmond Reporter and Snoqualmie Valley Record coverage swept for this batch.","","","","","",""
"Jessica Forsythe","city-sanitation","","","No vote and no statement by her on street cleanliness, sanitation service levels or litter enforcement was found in the Council record, in the King County voters' pamphlet statement, in campaign materials, or in Redmond Reporter and Snoqualmie Valley Record coverage swept for this batch.","","","","","",""
"Jessica Forsythe","civil-rights","","","No vote and no statement by her that distinguishes a chair on this ladder was found in the Council record, in the King County voters' pamphlet statement, in campaign materials, or in Redmond Reporter and Snoqualmie Valley Record coverage swept for this batch.","","","","","",""
"Jessica Forsythe","climate-change","","","She signed a March 2022 coalition letter asking the Legislature to restore the greenhouse gas and vehicle miles travelled reduction requirements in House Bill 1099. That bill governs climate planning under the Growth Management Act rather than the expansion of clean energy this ladder asks about, so it establishes concern without naming a rung.","","","","","",""
"Jessica Forsythe","data-centers","","","No vote and no statement by her on data center siting, energy cost allocation or permitting was found in the Council record, in the King County voters' pamphlet statement, in campaign materials, or in Redmond Reporter and Snoqualmie Valley Record coverage swept for this batch.","","","","","",""
"Jessica Forsythe","economic-development","","","No vote and no statement by her on business incentives, clawback conditions or recruitment terms that distinguishes a chair was found in the Council record, in the King County voters' pamphlet statement, in campaign materials, or in Redmond Reporter and Snoqualmie Valley Record coverage swept for this batch.","","","","","",""
"Jessica Forsythe","growth-and-development","","","She was recorded Excused on the 2021-22 Comprehensive Plan Amendment Docket (AM No. 22-096, 2022-07-05), and an excused absence is not a position. No other vote or statement distinguishing a chair was found.","","","","","",""
"Jessica Forsythe","homelessness","","","No vote and no statement by her on enforcement against sleeping or camping in public that distinguishes a chair was found in the Council record, in the King County voters' pamphlet statement, in campaign materials, or in Redmond Reporter and Snoqualmie Valley Record coverage swept for this batch.","","","","","",""
"Jessica Forsythe","homelessness-response","","","No vote and no statement by her setting a funding posture for homelessness housing and services that distinguishes a chair was found in the Council record, in the King County voters' pamphlet statement, in campaign materials, or in Redmond Reporter and Snoqualmie Valley Record coverage swept for this batch.","","","","","",""
"Jessica Forsythe","housing","","","No vote and no statement by her on public housing, binding affordability requirements or subsidies that distinguishes a chair was found in the Council record, in the King County voters' pamphlet statement, in campaign materials, or in Redmond Reporter and Snoqualmie Valley Record coverage swept for this batch.","","","","","",""
"Jessica Forsythe","jail-capacity","","","She voted No on the 2023 King County jail detention rates (AM No. 22-160) and on the 2022 SCORE interlocal rate amendment (AM No. 22-162), both carried 5-2 on 2022-11-01. Both were consent items, no minutes were published for that meeting, and no statement of her reasons was found. A No on a jail bed contract is consistent with chair 1, with chair 2, and with a purely budgetary objection, so the evidence fixes a direction but not a chair.","","","","","",""
"Jessica Forsythe","local-environment","","","No vote and no statement by her weighing new development against environmental protection that distinguishes a chair was found in the Council record, in the King County voters' pamphlet statement, in campaign materials, or in Redmond Reporter and Snoqualmie Valley Record coverage swept for this batch.","","","","","",""
"Jessica Forsythe","local-immigration","","","No vote and no statement by her on ICE detainers or on local cooperation with federal immigration enforcement was found in the Council record, in the King County voters' pamphlet statement, in campaign materials, or in Redmond Reporter and Snoqualmie Valley Record coverage swept for this batch.","","","","","",""
"Jessica Forsythe","minimum-wage","","","Washington cities may set a local minimum wage, so a lever exists. No vote and no statement by her on a Redmond minimum wage was found in the Council record, in the King County voters' pamphlet statement, in campaign materials, or in Redmond Reporter and Snoqualmie Valley Record coverage swept for this batch.","","","","","",""
"Jessica Forsythe","ranked-choice-voting","","","Washington law permits a city to adopt ranked-choice voting for local offices, so a lever exists. No vote and no statement by her on adopting it was found in the Council record, in the King County voters' pamphlet statement, in campaign materials, or in Redmond Reporter and Snoqualmie Valley Record coverage swept for this batch.","","","","","",""
"Jessica Forsythe","taxes","","","No vote and no statement by her on who should be taxed that distinguishes a chair; an annual property tax levy ordinance is the routine baseline, not a position was found in the Council record, in the King County voters' pamphlet statement, in campaign materials, or in Redmond Reporter and Snoqualmie Valley Record coverage swept for this batch.","","","","","",""
"Jessica Forsythe","transportation-priorities","","","She signed a March 2022 coalition letter asking the Legislature to restore the vehicle miles travelled reduction requirements in House Bill 1099, and her Council biography lists transportation committee service. Neither is a choice between road capacity and multimodal investment, and committee membership is not a position.","","","","","",""
"Jessica Forsythe","education-school-police","","","She voted Yes on the 2022-2023 School Resource Officer Agreement with the Lake Washington School District (AM No. 22-164), carried 5-2 on 2022-11-01. The terms that separate chair 3 from chair 4 (the City assigns up to three officers covering regions rather than one per school, and the agreement bars SROs from general student discipline) appear only in the agreement attached to the agenda item, which is hosted on legistar1.com. That host's robots.txt disallows all automated access and no public archive copy exists, so it cannot be cited. On the citable record the vote shows support for having school resource officers, which chairs 3, 4 and 5 all share.","","","","","",""
"Vanessa Kritzer","rent-regulation","3","record","Voted Yes on Ordinance No. 3091 (AM No. 22-112), which created Chapter 9.54 of the Redmond Municipal Code to adopt tenant protections, carried 6-1 on 2022-07-19. The ordinance increases notice for rent increases and caps late fees, move-in fees and deposits while authorizing tenant payment plans; it sets no cap on rent itself. RCW 35.21.830 preempts every Washington city from regulating the amount of rent charged, so chairs 1 and 2 are not lawful options at this level. Her vote adopted tenant protections while leaving rents to the market, which is chair 3, and it contradicts chair 4, because the protections apply to tenants generally rather than only to subsidized units.","https://redmond.legistar.com/HistoryDetail.aspx?ID=25881664&GUID=FB94EE31-201D-44E9-AFCF-8B94CC5AFD51","https://app.leg.wa.gov/RCW/default.aspx?cite=35.21.830","","","",""
"Vanessa Kritzer","public-safety-approach","3","record","Voted Yes on Resolution No. 1560, the Comprehensive Public Safety Ballot Measure (AM No. 22-113), carried 5-2 on 2022-07-19. The measure funds a comprehensive public safety program that, as the City described it when the Council acted, goes beyond retaining and expanding police and fire staff and also funds alternative approaches to crisis intervention that connect residents with services. That keeps police as the main responders and adds crisis capacity alongside them, which is chair 3. It is not a shift of responsibility away from policing (chairs 1 and 2), and it is not confined to expanding police presence (chair 4).","https://redmond.legistar.com/HistoryDetail.aspx?ID=25881665&GUID=59973ACA-116D-4DA1-8BE8-FF35B8B8EE38","https://www.redmond-reporter.com/2022/07/21/redmond-city-council-votes-to-put-new-public-safety-levy-on-the-november-ballot/","","","",""
"Vanessa Kritzer","abortion","","","Abortion law is set by the state and by federal courts. A Redmond city official holds no lever on any rung of this ladder.","","","","","",""
"Vanessa Kritzer","ai-regulation","","","Regulation of AI development and deployment is a state and federal matter. A Redmond city official holds no lever on any rung.","","","","","",""
"Vanessa Kritzer","deportation","","","Deportation policy is exclusively federal. No rung describes an act available to a city official.","","","","","",""
"Vanessa Kritzer","fossil-fuels","","","Fossil fuel production, drilling and public land leasing are state and federal matters. No rung is available to a city official.","","","","","",""
"Vanessa Kritzer","healthcare","","","Health coverage policy is a state and federal matter. No rung describes an act available to a Redmond city official.","","","","","",""
"Vanessa Kritzer","medicare/aid","","","Medicare and Medicaid are federal and state programs. No rung is available at city level.","","","","","",""
"Vanessa Kritzer","misinformation","","","Platform content moderation is a federal and First Amendment matter. No rung is available to a city official.","","","","","",""
"Vanessa Kritzer","redistricting","","","Redmond council members are elected citywide by position number rather than from districts, so the city draws no electoral boundaries. No rung is available.","","","","","",""
"Vanessa Kritzer","religious-freedom","","","The balance between religious exemptions and anti-discrimination law is set by state and federal law and by the courts. No rung is available at city level.","","","","","",""
"Vanessa Kritzer","same-sex-marriage","","","Marriage law is set by the state and by federal constitutional law. No rung is available to a city official.","","","","","",""
"Vanessa Kritzer","school-vouchers","","","Voucher and school-choice programs are created by state law. A city council has no authority over them.","","","","","",""
"Vanessa Kritzer","social-security","","","Social Security is a federal program. No rung is available at city level.","","","","","",""
"Vanessa Kritzer","tariffs","","","Trade policy and tariffs are exclusively federal. No rung is available at city level.","","","","","",""
"Vanessa Kritzer","trans-athletes","","","Athletic eligibility rules are set by the state athletic association and the legislature, not by a city.","","","","","",""
"Vanessa Kritzer","ukraine-support","","","Foreign and military aid is exclusively federal. No rung is available at city level.","","","","","",""
"Vanessa Kritzer","voting-rights","","","Voter identification and registration requirements are set by Washington state law. A city holds no lever on any rung.","","","","","",""
"Vanessa Kritzer","2020-election","","","This asks for a view on a federal election result. It is not an act a city official takes, and no statement of a position was found.","","","","","",""
"Vanessa Kritzer","border-security","","","Border and asylum policy is exclusively federal. No rung is available at city level.","","","","","",""
"Vanessa Kritzer","cannabis-policy","","","The legal status of cannabis is set by state and federal law. The rungs describe legalization choices a city cannot make.","","","","","",""
"Vanessa Kritzer","defense-spending","","","Military spending is exclusively federal. No rung is available at city level.","","","","","",""
"Vanessa Kritzer","military-intervention","","","The use of military force is exclusively federal. No rung is available at city level.","","","","","",""
"Vanessa Kritzer","israel-military-aid","","","Foreign military aid is exclusively federal. No rung is available at city level.","","","","","",""
"Vanessa Kritzer","gun-policy","","","RCW 9.41.290 states that Washington fully occupies and preempts the entire field of firearms regulation, and that local ordinances more restrictive than state law are preempted and repealed. No rung is lawfully available to a Redmond city official.","","","","","",""
"Vanessa Kritzer","residential-zoning","","","RCW 36.70A.635(1)(b) requires a Washington city of at least 75,000 people, which Redmond is, to allow at least four units per lot on every lot zoned predominantly residential, and at least six within a quarter mile of a major transit stop. That state floor removes chair 1 and puts chairs 2 and 3 below what the city must already allow, while chair 4 describes the mandated baseline. Only chair 5 remains a local choice, and no evidence was found that this official advocates going beyond the state floor.","","","","","",""
"Vanessa Kritzer","education-curriculum","","","Curriculum is set by the Lake Washington School District board, not by the City of Redmond. No rung is available to this office.","","","","","",""
"Vanessa Kritzer","education-library-books","","","School library collections and challenge procedures are set by the school district board, not by the city.","","","","","",""
"Vanessa Kritzer","education-gender-identity","","","School policy on student name and gender identity is set by the school district board, not by the city.","","","","","",""
"Vanessa Kritzer","education-equity-programs","","","District equity programs and staffing are set by the school district board, not by the city.","","","","","",""
"Vanessa Kritzer","education-charter-authorization","","","Charter school authorization in Washington runs through the state Charter School Commission and school district boards, not a city.","","","","","",""
"Vanessa Kritzer","education-school-budget","","","School funding levels and levies are set by the school district board and its voters, not by the city.","","","","","",""
"Vanessa Kritzer","education-ai","","","Classroom AI policy is set by the school district, not by the city.","","","","","",""
"Vanessa Kritzer","campaign-finance","","","Washington cities may set local contribution limits, so a lever exists. No vote and no statement by her on local campaign finance rules was found in the Council record, in the King County voters' pamphlet statement, in campaign materials, or in Redmond Reporter and Snoqualmie Valley Record coverage swept for this batch.","","","","","",""
"Vanessa Kritzer","childcare","","","Cities can fund childcare subsidies and facilities, so a lever exists. No vote and no statement by her that distinguishes a chair on childcare was found in the Council record, in the King County voters' pamphlet statement, in campaign materials, or in Redmond Reporter and Snoqualmie Valley Record coverage swept for this batch.","","","","","",""
"Vanessa Kritzer","city-sanitation","","","No vote and no statement by her on street cleanliness, sanitation service levels or litter enforcement was found in the Council record, in the King County voters' pamphlet statement, in campaign materials, or in Redmond Reporter and Snoqualmie Valley Record coverage swept for this batch.","","","","","",""
"Vanessa Kritzer","civil-rights","","","No vote and no statement by her that distinguishes a chair on this ladder was found in the Council record, in the King County voters' pamphlet statement, in campaign materials, or in Redmond Reporter and Snoqualmie Valley Record coverage swept for this batch.","","","","","",""
"Vanessa Kritzer","climate-change","","","She signed a March 2022 coalition letter asking the Legislature to restore the greenhouse gas and vehicle miles travelled reduction requirements in House Bill 1099. That bill governs climate planning under the Growth Management Act rather than the expansion of clean energy this ladder asks about, so it establishes concern without naming a rung.","","","","","",""
"Vanessa Kritzer","data-centers","","","No vote and no statement by her on data center siting, energy cost allocation or permitting was found in the Council record, in the King County voters' pamphlet statement, in campaign materials, or in Redmond Reporter and Snoqualmie Valley Record coverage swept for this batch.","","","","","",""
"Vanessa Kritzer","economic-development","","","No vote and no statement by her on business incentives, clawback conditions or recruitment terms that distinguishes a chair was found in the Council record, in the King County voters' pamphlet statement, in campaign materials, or in Redmond Reporter and Snoqualmie Valley Record coverage swept for this batch.","","","","","",""
"Vanessa Kritzer","growth-and-development","","","She voted Yes on the 2021-22 Comprehensive Plan Amendment Docket (AM No. 22-096), carried 5-1 on 2022-07-05. Ordinances No. 3084 to 3087 update the shoreline environments map, update the zoning map, amend the Town Center element and conclude the annual docket under the Growth Management Act. These are technical map and compliance amendments and state no position on the pace of growth.","","","","","",""
"Vanessa Kritzer","homelessness","","","No vote and no statement by her on enforcement against sleeping or camping in public that distinguishes a chair was found in the Council record, in the King County voters' pamphlet statement, in campaign materials, or in Redmond Reporter and Snoqualmie Valley Record coverage swept for this batch.","","","","","",""
"Vanessa Kritzer","homelessness-response","","","No vote and no statement by her setting a funding posture for homelessness housing and services that distinguishes a chair was found in the Council record, in the King County voters' pamphlet statement, in campaign materials, or in Redmond Reporter and Snoqualmie Valley Record coverage swept for this batch.","","","","","",""
"Vanessa Kritzer","housing","","","No vote and no statement by her on public housing, binding affordability requirements or subsidies that distinguishes a chair was found in the Council record, in the King County voters' pamphlet statement, in campaign materials, or in Redmond Reporter and Snoqualmie Valley Record coverage swept for this batch.","","","","","",""
"Vanessa Kritzer","jail-capacity","","","She voted Yes on the 2023 King County jail detention rates (AM No. 22-160) and on the 2022 SCORE interlocal rate amendment (AM No. 22-162), both carried 5-2 on 2022-11-01. Both are routine rate amendments to interlocal contracts for jail beds the City already uses. They neither expand capacity nor move funding to alternatives, so they place her on no rung of this ladder.","","","","","",""
"Vanessa Kritzer","local-environment","","","Her Yes on the 2021-22 Comprehensive Plan Amendment Docket included Ordinance No. 3084, a Shoreline Master Program map update that implements state shoreline requirements rather than weighing development against protection. Her biography lists service on the WRIA 8 Salmon Recovery Council, but committee membership is not a position.","","","","","",""
"Vanessa Kritzer","local-immigration","","","No vote and no statement by her on ICE detainers or on local cooperation with federal immigration enforcement was found in the Council record, in the King County voters' pamphlet statement, in campaign materials, or in Redmond Reporter and Snoqualmie Valley Record coverage swept for this batch.","","","","","",""
"Vanessa Kritzer","minimum-wage","","","Washington cities may set a local minimum wage, so a lever exists. No vote and no statement by her on a Redmond minimum wage was found in the Council record, in the King County voters' pamphlet statement, in campaign materials, or in Redmond Reporter and Snoqualmie Valley Record coverage swept for this batch.","","","","","",""
"Vanessa Kritzer","ranked-choice-voting","","","Washington law permits a city to adopt ranked-choice voting for local offices, so a lever exists. No vote and no statement by her on adopting it was found in the Council record, in the King County voters' pamphlet statement, in campaign materials, or in Redmond Reporter and Snoqualmie Valley Record coverage swept for this batch.","","","","","",""
"Vanessa Kritzer","taxes","","","No vote and no statement by her on who should be taxed that distinguishes a chair; an annual property tax levy ordinance is the routine baseline, not a position was found in the Council record, in the King County voters' pamphlet statement, in campaign materials, or in Redmond Reporter and Snoqualmie Valley Record coverage swept for this batch.","","","","","",""
"Vanessa Kritzer","transportation-priorities","","","She signed a March 2022 coalition letter asking the Legislature to restore the vehicle miles travelled reduction requirements in House Bill 1099, and her Council biography lists service on the Eastside Transportation Partnership. Neither is a choice between road capacity and multimodal investment, and committee membership is not a position.","","","","","",""
"Vanessa Kritzer","education-school-police","","","She voted Yes on the 2022-2023 School Resource Officer Agreement with the Lake Washington School District (AM No. 22-164), carried 5-2 on 2022-11-01. The terms that separate chair 3 from chair 4 (the City assigns up to three officers covering regions rather than one per school, and the agreement bars SROs from general student discipline) appear only in the agreement attached to the agenda item, which is hosted on legistar1.com. That host's robots.txt disallows all automated access and no public archive copy exists, so it cannot be cited. On the citable record the vote shows support for having school resource officers, which chairs 3, 4 and 5 all share.","","","","","",""
"Melissa Stuart","rent-regulation","3","record","Voted Yes on Ordinance No. 3091 (AM No. 22-112), which created Chapter 9.54 of the Redmond Municipal Code to adopt tenant protections, carried 6-1 on 2022-07-19. The ordinance increases notice for rent increases and caps late fees, move-in fees and deposits while authorizing tenant payment plans; it sets no cap on rent itself. RCW 35.21.830 preempts every Washington city from regulating the amount of rent charged, so chairs 1 and 2 are not lawful options at this level. Her vote adopted tenant protections while leaving rents to the market, which is chair 3, and it contradicts chair 4, because the protections apply to tenants generally rather than only to subsidized units.","https://redmond.legistar.com/HistoryDetail.aspx?ID=25881664&GUID=FB94EE31-201D-44E9-AFCF-8B94CC5AFD51","https://app.leg.wa.gov/RCW/default.aspx?cite=35.21.830","","","",""
"Melissa Stuart","public-safety-approach","3","record","Voted Yes on Resolution No. 1560, the Comprehensive Public Safety Ballot Measure (AM No. 22-113), carried 5-2 on 2022-07-19. The measure funds a comprehensive public safety program that, as the City described it when the Council acted, goes beyond retaining and expanding police and fire staff and also funds alternative approaches to crisis intervention that connect residents with services. That keeps police as the main responders and adds crisis capacity alongside them, which is chair 3. It is not a shift of responsibility away from policing (chairs 1 and 2), and it is not confined to expanding police presence (chair 4).","https://redmond.legistar.com/HistoryDetail.aspx?ID=25881665&GUID=59973ACA-116D-4DA1-8BE8-FF35B8B8EE38","https://www.redmond-reporter.com/2022/07/21/redmond-city-council-votes-to-put-new-public-safety-levy-on-the-november-ballot/","","","",""
"Melissa Stuart","abortion","","","Abortion law is set by the state and by federal courts. A Redmond city official holds no lever on any rung of this ladder.","","","","","",""
"Melissa Stuart","ai-regulation","","","Regulation of AI development and deployment is a state and federal matter. A Redmond city official holds no lever on any rung.","","","","","",""
"Melissa Stuart","deportation","","","Deportation policy is exclusively federal. No rung describes an act available to a city official.","","","","","",""
"Melissa Stuart","fossil-fuels","","","Fossil fuel production, drilling and public land leasing are state and federal matters. No rung is available to a city official.","","","","","",""
"Melissa Stuart","healthcare","","","Health coverage policy is a state and federal matter. No rung describes an act available to a Redmond city official.","","","","","",""
"Melissa Stuart","medicare/aid","","","Medicare and Medicaid are federal and state programs. No rung is available at city level.","","","","","",""
"Melissa Stuart","misinformation","","","Platform content moderation is a federal and First Amendment matter. No rung is available to a city official.","","","","","",""
"Melissa Stuart","redistricting","","","Redmond council members are elected citywide by position number rather than from districts, so the city draws no electoral boundaries. No rung is available.","","","","","",""
"Melissa Stuart","religious-freedom","","","The balance between religious exemptions and anti-discrimination law is set by state and federal law and by the courts. No rung is available at city level.","","","","","",""
"Melissa Stuart","same-sex-marriage","","","Marriage law is set by the state and by federal constitutional law. No rung is available to a city official.","","","","","",""
"Melissa Stuart","school-vouchers","","","Voucher and school-choice programs are created by state law. A city council has no authority over them.","","","","","",""
"Melissa Stuart","social-security","","","Social Security is a federal program. No rung is available at city level.","","","","","",""
"Melissa Stuart","tariffs","","","Trade policy and tariffs are exclusively federal. No rung is available at city level.","","","","","",""
"Melissa Stuart","trans-athletes","","","Athletic eligibility rules are set by the state athletic association and the legislature, not by a city.","","","","","",""
"Melissa Stuart","ukraine-support","","","Foreign and military aid is exclusively federal. No rung is available at city level.","","","","","",""
"Melissa Stuart","voting-rights","","","Voter identification and registration requirements are set by Washington state law. A city holds no lever on any rung.","","","","","",""
"Melissa Stuart","2020-election","","","This asks for a view on a federal election result. It is not an act a city official takes, and no statement of a position was found.","","","","","",""
"Melissa Stuart","border-security","","","Border and asylum policy is exclusively federal. No rung is available at city level.","","","","","",""
"Melissa Stuart","cannabis-policy","","","The legal status of cannabis is set by state and federal law. The rungs describe legalization choices a city cannot make.","","","","","",""
"Melissa Stuart","defense-spending","","","Military spending is exclusively federal. No rung is available at city level.","","","","","",""
"Melissa Stuart","military-intervention","","","The use of military force is exclusively federal. No rung is available at city level.","","","","","",""
"Melissa Stuart","israel-military-aid","","","Foreign military aid is exclusively federal. No rung is available at city level.","","","","","",""
"Melissa Stuart","gun-policy","","","RCW 9.41.290 states that Washington fully occupies and preempts the entire field of firearms regulation, and that local ordinances more restrictive than state law are preempted and repealed. No rung is lawfully available to a Redmond city official.","","","","","",""
"Melissa Stuart","residential-zoning","","","RCW 36.70A.635(1)(b) requires a Washington city of at least 75,000 people, which Redmond is, to allow at least four units per lot on every lot zoned predominantly residential, and at least six within a quarter mile of a major transit stop. That state floor removes chair 1 and puts chairs 2 and 3 below what the city must already allow, while chair 4 describes the mandated baseline. Only chair 5 remains a local choice, and no evidence was found that this official advocates going beyond the state floor.","","","","","",""
"Melissa Stuart","education-curriculum","","","Curriculum is set by the Lake Washington School District board, not by the City of Redmond. No rung is available to this office.","","","","","",""
"Melissa Stuart","education-library-books","","","School library collections and challenge procedures are set by the school district board, not by the city.","","","","","",""
"Melissa Stuart","education-gender-identity","","","School policy on student name and gender identity is set by the school district board, not by the city.","","","","","",""
"Melissa Stuart","education-equity-programs","","","District equity programs and staffing are set by the school district board, not by the city.","","","","","",""
"Melissa Stuart","education-charter-authorization","","","Charter school authorization in Washington runs through the state Charter School Commission and school district boards, not a city.","","","","","",""
"Melissa Stuart","education-school-budget","","","School funding levels and levies are set by the school district board and its voters, not by the city.","","","","","",""
"Melissa Stuart","education-ai","","","Classroom AI policy is set by the school district, not by the city.","","","","","",""
"Melissa Stuart","campaign-finance","","","Washington cities may set local contribution limits, so a lever exists. No vote and no statement by her on local campaign finance rules was found in the Council record, in the King County voters' pamphlet statement, in campaign materials, or in Redmond Reporter and Snoqualmie Valley Record coverage swept for this batch.","","","","","",""
"Melissa Stuart","childcare","","","Cities can fund childcare subsidies and facilities, so a lever exists. No vote and no statement by her that distinguishes a chair on childcare was found in the Council record, in the King County voters' pamphlet statement, in campaign materials, or in Redmond Reporter and Snoqualmie Valley Record coverage swept for this batch.","","","","","",""
"Melissa Stuart","city-sanitation","","","No vote and no statement by her on street cleanliness, sanitation service levels or litter enforcement was found in the Council record, in the King County voters' pamphlet statement, in campaign materials, or in Redmond Reporter and Snoqualmie Valley Record coverage swept for this batch.","","","","","",""
"Melissa Stuart","civil-rights","","","No vote and no statement by her that distinguishes a chair on this ladder was found in the Council record, in the King County voters' pamphlet statement, in campaign materials, or in Redmond Reporter and Snoqualmie Valley Record coverage swept for this batch.","","","","","",""
"Melissa Stuart","climate-change","","","This ladder asks about expanding clean energy. No vote and no statement by her on clean energy mandates, subsidies or permitting was found in the Council record, in the King County voters' pamphlet statement, in campaign materials, or in Redmond Reporter and Snoqualmie Valley Record coverage swept for this batch.","","","","","",""
"Melissa Stuart","data-centers","","","No vote and no statement by her on data center siting, energy cost allocation or permitting was found in the Council record, in the King County voters' pamphlet statement, in campaign materials, or in Redmond Reporter and Snoqualmie Valley Record coverage swept for this batch.","","","","","",""
"Melissa Stuart","economic-development","","","No vote and no statement by her on business incentives, clawback conditions or recruitment terms that distinguishes a chair was found in the Council record, in the King County voters' pamphlet statement, in campaign materials, or in Redmond Reporter and Snoqualmie Valley Record coverage swept for this batch.","","","","","",""
"Melissa Stuart","growth-and-development","","","She voted Yes on the 2021-22 Comprehensive Plan Amendment Docket (AM No. 22-096), carried 5-1 on 2022-07-05. Ordinances No. 3084 to 3087 are technical map and Growth Management Act compliance amendments and state no position on the pace of growth.","","","","","",""
"Melissa Stuart","homelessness","","","No vote and no statement by her on enforcement against sleeping or camping in public that distinguishes a chair was found in the Council record, in the King County voters' pamphlet statement, in campaign materials, or in Redmond Reporter and Snoqualmie Valley Record coverage swept for this batch.","","","","","",""
"Melissa Stuart","homelessness-response","","","No vote and no statement by her setting a funding posture for homelessness housing and services that distinguishes a chair was found in the Council record, in the King County voters' pamphlet statement, in campaign materials, or in Redmond Reporter and Snoqualmie Valley Record coverage swept for this batch.","","","","","",""
"Melissa Stuart","housing","","","No vote and no statement by her on public housing, binding affordability requirements or subsidies that distinguishes a chair was found in the Council record, in the King County voters' pamphlet statement, in campaign materials, or in Redmond Reporter and Snoqualmie Valley Record coverage swept for this batch.","","","","","",""
"Melissa Stuart","jail-capacity","","","She voted Yes on the 2023 King County jail detention rates (AM No. 22-160) and on the 2022 SCORE interlocal rate amendment (AM No. 22-162), both carried 5-2 on 2022-11-01. Both are routine rate amendments to interlocal contracts for jail beds the City already uses, so they place her on no rung of this ladder.","","","","","",""
"Melissa Stuart","local-environment","","","No vote and no statement by her weighing new development against environmental protection that distinguishes a chair was found in the Council record, in the King County voters' pamphlet statement, in campaign materials, or in Redmond Reporter and Snoqualmie Valley Record coverage swept for this batch.","","","","","",""
"Melissa Stuart","local-immigration","","","No vote and no statement by her on ICE detainers or on local cooperation with federal immigration enforcement was found in the Council record, in the King County voters' pamphlet statement, in campaign materials, or in Redmond Reporter and Snoqualmie Valley Record coverage swept for this batch.","","","","","",""
"Melissa Stuart","minimum-wage","","","Washington cities may set a local minimum wage, so a lever exists. No vote and no statement by her on a Redmond minimum wage was found in the Council record, in the King County voters' pamphlet statement, in campaign materials, or in Redmond Reporter and Snoqualmie Valley Record coverage swept for this batch.","","","","","",""
"Melissa Stuart","ranked-choice-voting","","","Washington law permits a city to adopt ranked-choice voting for local offices, so a lever exists. No vote and no statement by her on adopting it was found in the Council record, in the King County voters' pamphlet statement, in campaign materials, or in Redmond Reporter and Snoqualmie Valley Record coverage swept for this batch.","","","","","",""
"Melissa Stuart","taxes","","","No vote and no statement by her on who should be taxed that distinguishes a chair; an annual property tax levy ordinance is the routine baseline, not a position was found in the Council record, in the King County voters' pamphlet statement, in campaign materials, or in Redmond Reporter and Snoqualmie Valley Record coverage swept for this batch.","","","","","",""
"Melissa Stuart","transportation-priorities","","","Her published Council biography lists service on the Puget Sound Regional Council Executive Board and the King County Growth Management Planning Council, but committee membership is not a position. No vote or statement choosing between road capacity and multimodal investment was found.","","","","","",""
"Melissa Stuart","education-school-police","","","She voted Yes on the 2022-2023 School Resource Officer Agreement with the Lake Washington School District (AM No. 22-164), carried 5-2 on 2022-11-01. The terms that separate chair 3 from chair 4 (the City assigns up to three officers covering regions rather than one per school, and the agreement bars SROs from general student discipline) appear only in the agreement attached to the agenda item, which is hosted on legistar1.com. That host's robots.txt disallows all automated access and no public archive copy exists, so it cannot be cited. On the citable record the vote shows support for having school resource officers, which chairs 3, 4 and 5 all share.","","","","","",""
"Angela Birney","public-safety-approach","3","statement","Speaking as Mayor when the Council placed Resolution No. 1560 on the ballot in July 2022, she said the public safety levy ""goes beyond retaining and expanding police and fire staff"" and ""also funds alternative approaches to crisis intervention while connecting our community members with appropriate services"". That is police kept as the main responders with crisis capacity added alongside them, which is chair 3. It rejects shifting responsibility away from policing (chairs 1 and 2) and is broader than expanding police presence alone (chair 4).","https://www.redmond-reporter.com/2022/07/21/redmond-city-council-votes-to-put-new-public-safety-levy-on-the-november-ballot/","","","","",""
"Angela Birney","abortion","","","Abortion law is set by the state and by federal courts. A Redmond city official holds no lever on any rung of this ladder.","","","","","",""
"Angela Birney","ai-regulation","","","Regulation of AI development and deployment is a state and federal matter. A Redmond city official holds no lever on any rung.","","","","","",""
"Angela Birney","deportation","","","Deportation policy is exclusively federal. No rung describes an act available to a city official.","","","","","",""
"Angela Birney","fossil-fuels","","","Fossil fuel production, drilling and public land leasing are state and federal matters. No rung is available to a city official.","","","","","",""
"Angela Birney","healthcare","","","Health coverage policy is a state and federal matter. No rung describes an act available to a Redmond city official.","","","","","",""
"Angela Birney","medicare/aid","","","Medicare and Medicaid are federal and state programs. No rung is available at city level.","","","","","",""
"Angela Birney","misinformation","","","Platform content moderation is a federal and First Amendment matter. No rung is available to a city official.","","","","","",""
"Angela Birney","redistricting","","","Redmond council members are elected citywide by position number rather than from districts, so the city draws no electoral boundaries. No rung is available.","","","","","",""
"Angela Birney","religious-freedom","","","The balance between religious exemptions and anti-discrimination law is set by state and federal law and by the courts. No rung is available at city level.","","","","","",""
"Angela Birney","same-sex-marriage","","","Marriage law is set by the state and by federal constitutional law. No rung is available to a city official.","","","","","",""
"Angela Birney","school-vouchers","","","Voucher and school-choice programs are created by state law. A city council has no authority over them.","","","","","",""
"Angela Birney","social-security","","","Social Security is a federal program. No rung is available at city level.","","","","","",""
"Angela Birney","tariffs","","","Trade policy and tariffs are exclusively federal. No rung is available at city level.","","","","","",""
"Angela Birney","trans-athletes","","","Athletic eligibility rules are set by the state athletic association and the legislature, not by a city.","","","","","",""
"Angela Birney","ukraine-support","","","Foreign and military aid is exclusively federal. No rung is available at city level.","","","","","",""
"Angela Birney","voting-rights","","","Voter identification and registration requirements are set by Washington state law. A city holds no lever on any rung.","","","","","",""
"Angela Birney","2020-election","","","This asks for a view on a federal election result. It is not an act a city official takes, and no statement of a position was found.","","","","","",""
"Angela Birney","border-security","","","Border and asylum policy is exclusively federal. No rung is available at city level.","","","","","",""
"Angela Birney","cannabis-policy","","","The legal status of cannabis is set by state and federal law. The rungs describe legalization choices a city cannot make.","","","","","",""
"Angela Birney","defense-spending","","","Military spending is exclusively federal. No rung is available at city level.","","","","","",""
"Angela Birney","military-intervention","","","The use of military force is exclusively federal. No rung is available at city level.","","","","","",""
"Angela Birney","israel-military-aid","","","Foreign military aid is exclusively federal. No rung is available at city level.","","","","","",""
"Angela Birney","gun-policy","","","RCW 9.41.290 states that Washington fully occupies and preempts the entire field of firearms regulation, and that local ordinances more restrictive than state law are preempted and repealed. No rung is lawfully available to a Redmond city official.","","","","","",""
"Angela Birney","residential-zoning","","","RCW 36.70A.635(1)(b) requires a Washington city of at least 75,000 people, which Redmond is, to allow at least four units per lot on every lot zoned predominantly residential, and at least six within a quarter mile of a major transit stop. That state floor removes chair 1 and puts chairs 2 and 3 below what the city must already allow, while chair 4 describes the mandated baseline. Only chair 5 remains a local choice, and no evidence was found that this official advocates going beyond the state floor.","","","","","",""
"Angela Birney","education-curriculum","","","Curriculum is set by the Lake Washington School District board, not by the City of Redmond. No rung is available to this office.","","","","","",""
"Angela Birney","education-library-books","","","School library collections and challenge procedures are set by the school district board, not by the city.","","","","","",""
"Angela Birney","education-gender-identity","","","School policy on student name and gender identity is set by the school district board, not by the city.","","","","","",""
"Angela Birney","education-equity-programs","","","District equity programs and staffing are set by the school district board, not by the city.","","","","","",""
"Angela Birney","education-charter-authorization","","","Charter school authorization in Washington runs through the state Charter School Commission and school district boards, not a city.","","","","","",""
"Angela Birney","education-school-budget","","","School funding levels and levies are set by the school district board and its voters, not by the city.","","","","","",""
"Angela Birney","education-ai","","","Classroom AI policy is set by the school district, not by the city.","","","","","",""
"Angela Birney","campaign-finance","","","Washington cities may set local contribution limits, so a lever exists. No vote and no statement by her on local campaign finance rules was found in the Council record, in the King County voters' pamphlet statement, in campaign materials, or in Redmond Reporter and Snoqualmie Valley Record coverage swept for this batch.","","","","","",""
"Angela Birney","childcare","","","Cities can fund childcare subsidies and facilities, so a lever exists. No vote and no statement by her that distinguishes a chair on childcare was found in the Council record, in the King County voters' pamphlet statement, in campaign materials, or in Redmond Reporter and Snoqualmie Valley Record coverage swept for this batch.","","","","","",""
"Angela Birney","city-sanitation","","","No vote and no statement by her on street cleanliness, sanitation service levels or litter enforcement was found in the Council record, in the King County voters' pamphlet statement, in campaign materials, or in Redmond Reporter and Snoqualmie Valley Record coverage swept for this batch.","","","","","",""
"Angela Birney","civil-rights","","","No vote and no statement by her that distinguishes a chair on this ladder was found in the Council record, in the King County voters' pamphlet statement, in campaign materials, or in Redmond Reporter and Snoqualmie Valley Record coverage swept for this batch.","","","","","",""
"Angela Birney","climate-change","","","She described the Energy Smart Eastside heat pump campaign as helping Redmond progress towards its climate goals. A voluntary regional heat pump promotion does not distinguish a mandate (chair 1) from public investment (chair 2) or from permitting reform (chair 3).","","","","","",""
"Angela Birney","data-centers","","","No vote and no statement by her on data center siting, energy cost allocation or permitting was found in the Council record, in the King County voters' pamphlet statement, in campaign materials, or in Redmond Reporter and Snoqualmie Valley Record coverage swept for this batch.","","","","","",""
"Angela Birney","economic-development","","","No vote and no statement by her on business incentives, clawback conditions or recruitment terms that distinguishes a chair was found in the Council record, in the King County voters' pamphlet statement, in campaign materials, or in Redmond Reporter and Snoqualmie Valley Record coverage swept for this batch.","","","","","",""
"Angela Birney","growth-and-development","","","No vote and no statement by her setting a pace for growth, a cap on development, or an infrastructure-capacity condition was found in the Council record, in the King County voters' pamphlet statement, in campaign materials, or in Redmond Reporter and Snoqualmie Valley Record coverage swept for this batch.","","","","","",""
"Angela Birney","homelessness","","","No vote and no statement by her on enforcement against sleeping or camping in public that distinguishes a chair was found in the Council record, in the King County voters' pamphlet statement, in campaign materials, or in Redmond Reporter and Snoqualmie Valley Record coverage swept for this batch.","","","","","",""
"Angela Birney","homelessness-response","","","No vote and no statement by her setting a funding posture for homelessness housing and services that distinguishes a chair was found in the Council record, in the King County voters' pamphlet statement, in campaign materials, or in Redmond Reporter and Snoqualmie Valley Record coverage swept for this batch.","","","","","",""
"Angela Birney","housing","","","She welcomed the Together Center campus as creating urgently needed affordable homes. Praising one nonprofit-led project does not establish a position on public housing, binding affordability rules or subsidies, so chairs 2, 3 and 4 cannot be distinguished.","","","","","",""
"Angela Birney","jail-capacity","","","No vote and no statement by her on jail capacity, incarceration alternatives or detention funding that distinguishes a chair was found in the Council record, in the King County voters' pamphlet statement, in campaign materials, or in Redmond Reporter and Snoqualmie Valley Record coverage swept for this batch.","","","","","",""
"Angela Birney","local-environment","","","No vote and no statement by her weighing new development against environmental protection that distinguishes a chair was found in the Council record, in the King County voters' pamphlet statement, in campaign materials, or in Redmond Reporter and Snoqualmie Valley Record coverage swept for this batch.","","","","","",""
"Angela Birney","local-immigration","","","No vote and no statement by her on ICE detainers or on local cooperation with federal immigration enforcement was found in the Council record, in the King County voters' pamphlet statement, in campaign materials, or in Redmond Reporter and Snoqualmie Valley Record coverage swept for this batch.","","","","","",""
"Angela Birney","minimum-wage","","","Washington cities may set a local minimum wage, so a lever exists. No vote and no statement by her on a Redmond minimum wage was found in the Council record, in the King County voters' pamphlet statement, in campaign materials, or in Redmond Reporter and Snoqualmie Valley Record coverage swept for this batch.","","","","","",""
"Angela Birney","ranked-choice-voting","","","Washington law permits a city to adopt ranked-choice voting for local offices, so a lever exists. No vote and no statement by her on adopting it was found in the Council record, in the King County voters' pamphlet statement, in campaign materials, or in Redmond Reporter and Snoqualmie Valley Record coverage swept for this batch.","","","","","",""
"Angela Birney","taxes","","","No vote and no statement by her on who should be taxed that distinguishes a chair; an annual property tax levy ordinance is the routine baseline, not a position was found in the Council record, in the King County voters' pamphlet statement, in campaign materials, or in Redmond Reporter and Snoqualmie Valley Record coverage swept for this batch.","","","","","",""
"Angela Birney","transportation-priorities","","","No vote and no statement by her choosing between road capacity and multimodal investment that distinguishes a chair was found in the Council record, in the King County voters' pamphlet statement, in campaign materials, or in Redmond Reporter and Snoqualmie Valley Record coverage swept for this batch.","","","","","",""
"Angela Birney","education-school-police","","","The Mayor does not vote on Council items except to break a tie, and no tie arose on either School Resource Officer agreement. No statement by her on the role of officers in schools was found.","","","","","",""
"Angela Birney","rent-regulation","","","RCW 35.21.830 preempts every Washington city from regulating the amount of rent charged, so chairs 1 and 2 are not lawful options at this level. No vote and no statement by her on tenant protections or rent rules was found in the Council record, in the King County voters' pamphlet statement, in campaign materials, or in Redmond Reporter and Snoqualmie Valley Record coverage swept for this batch.","","","","","",""
"Menka Soni","rent-regulation","3","statement","Her campaign platform lists ""Strengthen tenant protections and anti-displacement policies"" among her housing priorities. RCW 35.21.830 preempts every Washington city from regulating the amount of rent charged, so chairs 1 and 2, which both turn on rent control or rent stabilization, are not lawful options at this level. Advocating stronger tenant protections while rents stay market-set is chair 3, and it contradicts chair 4, which would confine regulation to subsidized units.","https://votemenkasoni.com/top-priorities","https://app.leg.wa.gov/RCW/default.aspx?cite=35.21.830","","","",""
"Menka Soni","public-safety-approach","3","statement","Her campaign platform commits to ""Invest in mental health response and diversion programs"" and to ""Strengthen community policing with cultural competency"". Keeping and strengthening police while adding mental health and diversion capacity beside them is chair 3. She does not propose shifting responsibility away from policing (chair 1) or replacing police with unarmed responders on those calls (chair 2), and her platform is broader than adding officers (chair 4).","https://votemenkasoni.com/top-priorities","","","","",""
"Menka Soni","homelessness-response","2","statement","Her campaign platform commits to ""Expand shelter options and recovery-oriented services"". Expanding housing and support services beyond today’s level is chair 2. It is more than holding programs at current funding (chair 3), and she does not propose a guaranteed, permanently funded entitlement (chair 1) or handing the response to charities (chairs 4 and 5).","https://votemenkasoni.com/top-priorities","","","","",""
"Menka Soni","abortion","","","Abortion law is set by the state and by federal courts. A Redmond city official holds no lever on any rung of this ladder.","","","","","",""
"Menka Soni","ai-regulation","","","Regulation of AI development and deployment is a state and federal matter. A Redmond city official holds no lever on any rung.","","","","","",""
"Menka Soni","deportation","","","Deportation policy is exclusively federal. No rung describes an act available to a city official.","","","","","",""
"Menka Soni","fossil-fuels","","","Fossil fuel production, drilling and public land leasing are state and federal matters. No rung is available to a city official.","","","","","",""
"Menka Soni","healthcare","","","Health coverage policy is a state and federal matter. No rung describes an act available to a Redmond city official.","","","","","",""
"Menka Soni","medicare/aid","","","Medicare and Medicaid are federal and state programs. No rung is available at city level.","","","","","",""
"Menka Soni","misinformation","","","Platform content moderation is a federal and First Amendment matter. No rung is available to a city official.","","","","","",""
"Menka Soni","redistricting","","","Redmond council members are elected citywide by position number rather than from districts, so the city draws no electoral boundaries. No rung is available.","","","","","",""
"Menka Soni","religious-freedom","","","The balance between religious exemptions and anti-discrimination law is set by state and federal law and by the courts. No rung is available at city level.","","","","","",""
"Menka Soni","same-sex-marriage","","","Marriage law is set by the state and by federal constitutional law. No rung is available to a city official.","","","","","",""
"Menka Soni","school-vouchers","","","Voucher and school-choice programs are created by state law. A city council has no authority over them.","","","","","",""
"Menka Soni","social-security","","","Social Security is a federal program. No rung is available at city level.","","","","","",""
"Menka Soni","tariffs","","","Trade policy and tariffs are exclusively federal. No rung is available at city level.","","","","","",""
"Menka Soni","trans-athletes","","","Athletic eligibility rules are set by the state athletic association and the legislature, not by a city.","","","","","",""
"Menka Soni","ukraine-support","","","Foreign and military aid is exclusively federal. No rung is available at city level.","","","","","",""
"Menka Soni","voting-rights","","","Voter identification and registration requirements are set by Washington state law. A city holds no lever on any rung.","","","","","",""
"Menka Soni","2020-election","","","This asks for a view on a federal election result. It is not an act a city official takes, and no statement of a position was found.","","","","","",""
"Menka Soni","border-security","","","Border and asylum policy is exclusively federal. No rung is available at city level.","","","","","",""
"Menka Soni","cannabis-policy","","","The legal status of cannabis is set by state and federal law. The rungs describe legalization choices a city cannot make.","","","","","",""
"Menka Soni","defense-spending","","","Military spending is exclusively federal. No rung is available at city level.","","","","","",""
"Menka Soni","military-intervention","","","The use of military force is exclusively federal. No rung is available at city level.","","","","","",""
"Menka Soni","israel-military-aid","","","Foreign military aid is exclusively federal. No rung is available at city level.","","","","","",""
"Menka Soni","gun-policy","","","RCW 9.41.290 states that Washington fully occupies and preempts the entire field of firearms regulation, and that local ordinances more restrictive than state law are preempted and repealed. No rung is lawfully available to a Redmond city official.","","","","","",""
"Menka Soni","residential-zoning","","","RCW 36.70A.635(1)(b) requires a Washington city of at least 75,000 people, which Redmond is, to allow at least four units per lot on every lot zoned predominantly residential, and at least six within a quarter mile of a major transit stop. That state floor removes chair 1 and puts chairs 2 and 3 below what the city must already allow, while chair 4 describes the mandated baseline. Only chair 5 remains a local choice, and no evidence was found that this official advocates going beyond the state floor.","","","","","",""
"Menka Soni","education-curriculum","","","Curriculum is set by the Lake Washington School District board, not by the City of Redmond. No rung is available to this office.","","","","","",""
"Menka Soni","education-library-books","","","School library collections and challenge procedures are set by the school district board, not by the city.","","","","","",""
"Menka Soni","education-gender-identity","","","School policy on student name and gender identity is set by the school district board, not by the city.","","","","","",""
"Menka Soni","education-equity-programs","","","District equity programs and staffing are set by the school district board, not by the city.","","","","","",""
"Menka Soni","education-charter-authorization","","","Charter school authorization in Washington runs through the state Charter School Commission and school district boards, not a city.","","","","","",""
"Menka Soni","education-school-budget","","","School funding levels and levies are set by the school district board and its voters, not by the city.","","","","","",""
"Menka Soni","education-ai","","","Classroom AI policy is set by the school district, not by the city.","","","","","",""
"Menka Soni","campaign-finance","","","Washington cities may set local contribution limits, so a lever exists. No vote and no statement by her on local campaign finance rules was found in the Council record, in the King County voters' pamphlet statement, in campaign materials, or in Redmond Reporter and Snoqualmie Valley Record coverage swept for this batch.","","","","","",""
"Menka Soni","childcare","","","Cities can fund childcare subsidies and facilities, so a lever exists. No vote and no statement by her that distinguishes a chair on childcare was found in the Council record, in the King County voters' pamphlet statement, in campaign materials, or in Redmond Reporter and Snoqualmie Valley Record coverage swept for this batch.","","","","","",""
"Menka Soni","city-sanitation","","","No vote and no statement by her on street cleanliness, sanitation service levels or litter enforcement was found in the Council record, in the King County voters' pamphlet statement, in campaign materials, or in Redmond Reporter and Snoqualmie Valley Record coverage swept for this batch.","","","","","",""
"Menka Soni","civil-rights","","","No vote and no statement by her that distinguishes a chair on this ladder was found in the Council record, in the King County voters' pamphlet statement, in campaign materials, or in Redmond Reporter and Snoqualmie Valley Record coverage swept for this batch.","","","","","",""
"Menka Soni","climate-change","","","This ladder asks about expanding clean energy. No vote and no statement by her on clean energy mandates, subsidies or permitting was found in the Council record, in the King County voters' pamphlet statement, in campaign materials, or in Redmond Reporter and Snoqualmie Valley Record coverage swept for this batch.","","","","","",""
"Menka Soni","data-centers","","","No vote and no statement by her on data center siting, energy cost allocation or permitting was found in the Council record, in the King County voters' pamphlet statement, in campaign materials, or in Redmond Reporter and Snoqualmie Valley Record coverage swept for this batch.","","","","","",""
"Menka Soni","economic-development","","","Her platform supports minority-, women- and LGBTQIA+-owned businesses and equity in city contracting. It says nothing about incentives to attract large employers, which is what separates the chairs on this ladder.","","","","","",""
"Menka Soni","growth-and-development","","","No vote and no statement by her setting a pace for growth, a cap on development, or an infrastructure-capacity condition was found in the Council record, in the King County voters' pamphlet statement, in campaign materials, or in Redmond Reporter and Snoqualmie Valley Record coverage swept for this batch.","","","","","",""
"Menka Soni","homelessness","","","Her platform says public safety should be pursued ""with dignity, not criminalization"". That rules out chair 5 but leaves chairs 1, 2 and 3 open, because it does not say whether enforcement should exist at all or only when shelter is available.","","","","","",""
"Menka Soni","housing","","","Her platform supports fee-in-lieu options with reinvestment in housing and preserving existing affordable units. Fee-in-lieu presupposes an affordability requirement but she does not say she would impose or keep binding rules, so chair 3 and chair 4 cannot be separated on this evidence.","","","","","",""
"Menka Soni","jail-capacity","","","She took office in 2026, after the last Council roll call Redmond published by member, and her platform does not address jail capacity or incarceration alternatives.","","","","","",""
"Menka Soni","local-environment","","","No vote and no statement by her weighing new development against environmental protection that distinguishes a chair was found in the Council record, in the King County voters' pamphlet statement, in campaign materials, or in Redmond Reporter and Snoqualmie Valley Record coverage swept for this batch.","","","","","",""
"Menka Soni","local-immigration","","","No vote and no statement by her on ICE detainers or on local cooperation with federal immigration enforcement was found in the Council record, in the King County voters' pamphlet statement, in campaign materials, or in Redmond Reporter and Snoqualmie Valley Record coverage swept for this batch.","","","","","",""
"Menka Soni","minimum-wage","","","Washington cities may set a local minimum wage, so a lever exists. No vote and no statement by her on a Redmond minimum wage was found in the Council record, in the King County voters' pamphlet statement, in campaign materials, or in Redmond Reporter and Snoqualmie Valley Record coverage swept for this batch.","","","","","",""
"Menka Soni","ranked-choice-voting","","","Washington law permits a city to adopt ranked-choice voting for local offices, so a lever exists. No vote and no statement by her on adopting it was found in the Council record, in the King County voters' pamphlet statement, in campaign materials, or in Redmond Reporter and Snoqualmie Valley Record coverage swept for this batch.","","","","","",""
"Menka Soni","taxes","","","No vote and no statement by her on who should be taxed that distinguishes a chair; an annual property tax levy ordinance is the routine baseline, not a position was found in the Council record, in the King County voters' pamphlet statement, in campaign materials, or in Redmond Reporter and Snoqualmie Valley Record coverage swept for this batch.","","","","","",""
"Menka Soni","transportation-priorities","","","Her platform lists ""Prioritize clean transit, bike lanes, and pedestrian infrastructure"" under climate resilience, but does not say how that ranks against road capacity, so chairs 1 and 2 cannot be separated.","","","","","",""
"Menka Soni","education-school-police","","","She took office in 2026, after the last Council roll call Redmond published by member. Her platform does not address the role of officers in schools.","","","","","",""
"Vivek Prakriya","abortion","","","Abortion law is set by the state and by federal courts. A Redmond city official holds no lever on any rung of this ladder.","","","","","",""
"Vivek Prakriya","ai-regulation","","","Regulation of AI development and deployment is a state and federal matter. A Redmond city official holds no lever on any rung.","","","","","",""
"Vivek Prakriya","deportation","","","Deportation policy is exclusively federal. No rung describes an act available to a city official.","","","","","",""
"Vivek Prakriya","fossil-fuels","","","Fossil fuel production, drilling and public land leasing are state and federal matters. No rung is available to a city official.","","","","","",""
"Vivek Prakriya","healthcare","","","Health coverage policy is a state and federal matter. No rung describes an act available to a Redmond city official.","","","","","",""
"Vivek Prakriya","medicare/aid","","","Medicare and Medicaid are federal and state programs. No rung is available at city level.","","","","","",""
"Vivek Prakriya","misinformation","","","Platform content moderation is a federal and First Amendment matter. No rung is available to a city official.","","","","","",""
"Vivek Prakriya","redistricting","","","Redmond council members are elected citywide by position number rather than from districts, so the city draws no electoral boundaries. No rung is available.","","","","","",""
"Vivek Prakriya","religious-freedom","","","The balance between religious exemptions and anti-discrimination law is set by state and federal law and by the courts. No rung is available at city level.","","","","","",""
"Vivek Prakriya","same-sex-marriage","","","Marriage law is set by the state and by federal constitutional law. No rung is available to a city official.","","","","","",""
"Vivek Prakriya","school-vouchers","","","Voucher and school-choice programs are created by state law. A city council has no authority over them.","","","","","",""
"Vivek Prakriya","social-security","","","Social Security is a federal program. No rung is available at city level.","","","","","",""
"Vivek Prakriya","tariffs","","","Trade policy and tariffs are exclusively federal. No rung is available at city level.","","","","","",""
"Vivek Prakriya","trans-athletes","","","Athletic eligibility rules are set by the state athletic association and the legislature, not by a city.","","","","","",""
"Vivek Prakriya","ukraine-support","","","Foreign and military aid is exclusively federal. No rung is available at city level.","","","","","",""
"Vivek Prakriya","voting-rights","","","Voter identification and registration requirements are set by Washington state law. A city holds no lever on any rung.","","","","","",""
"Vivek Prakriya","2020-election","","","This asks for a view on a federal election result. It is not an act a city official takes, and no statement of a position was found.","","","","","",""
"Vivek Prakriya","border-security","","","Border and asylum policy is exclusively federal. No rung is available at city level.","","","","","",""
"Vivek Prakriya","cannabis-policy","","","The legal status of cannabis is set by state and federal law. The rungs describe legalization choices a city cannot make.","","","","","",""
"Vivek Prakriya","defense-spending","","","Military spending is exclusively federal. No rung is available at city level.","","","","","",""
"Vivek Prakriya","military-intervention","","","The use of military force is exclusively federal. No rung is available at city level.","","","","","",""
"Vivek Prakriya","israel-military-aid","","","Foreign military aid is exclusively federal. No rung is available at city level.","","","","","",""
"Vivek Prakriya","gun-policy","","","RCW 9.41.290 states that Washington fully occupies and preempts the entire field of firearms regulation, and that local ordinances more restrictive than state law are preempted and repealed. No rung is lawfully available to a Redmond city official.","","","","","",""
"Vivek Prakriya","residential-zoning","","","RCW 36.70A.635(1)(b) requires a Washington city of at least 75,000 people, which Redmond is, to allow at least four units per lot on every lot zoned predominantly residential, and at least six within a quarter mile of a major transit stop. That state floor removes chair 1 and puts chairs 2 and 3 below what the city must already allow, while chair 4 describes the mandated baseline. Only chair 5 remains a local choice, and no evidence was found that this official advocates going beyond the state floor.","","","","","",""
"Vivek Prakriya","education-curriculum","","","Curriculum is set by the Lake Washington School District board, not by the City of Redmond. No rung is available to this office.","","","","","",""
"Vivek Prakriya","education-library-books","","","School library collections and challenge procedures are set by the school district board, not by the city.","","","","","",""
"Vivek Prakriya","education-gender-identity","","","School policy on student name and gender identity is set by the school district board, not by the city.","","","","","",""
"Vivek Prakriya","education-equity-programs","","","District equity programs and staffing are set by the school district board, not by the city.","","","","","",""
"Vivek Prakriya","education-charter-authorization","","","Charter school authorization in Washington runs through the state Charter School Commission and school district boards, not a city.","","","","","",""
"Vivek Prakriya","education-school-budget","","","School funding levels and levies are set by the school district board and its voters, not by the city.","","","","","",""
"Vivek Prakriya","education-ai","","","Classroom AI policy is set by the school district, not by the city.","","","","","",""
"Vivek Prakriya","campaign-finance","","","Washington cities may set local contribution limits, so a lever exists. No vote and no statement by him on local campaign finance rules was found in the Council record, in the King County voters' pamphlet statement, in campaign materials, or in Redmond Reporter and Snoqualmie Valley Record coverage swept for this batch.","","","","","",""
"Vivek Prakriya","childcare","","","Cities can fund childcare subsidies and facilities, so a lever exists. No vote and no statement by him that distinguishes a chair on childcare was found in the Council record, in the King County voters' pamphlet statement, in campaign materials, or in Redmond Reporter and Snoqualmie Valley Record coverage swept for this batch.","","","","","",""
"Vivek Prakriya","city-sanitation","","","No vote and no statement by him on street cleanliness, sanitation service levels or litter enforcement was found in the Council record, in the King County voters' pamphlet statement, in campaign materials, or in Redmond Reporter and Snoqualmie Valley Record coverage swept for this batch.","","","","","",""
"Vivek Prakriya","civil-rights","","","No vote and no statement by him that distinguishes a chair on this ladder was found in the Council record, in the King County voters' pamphlet statement, in campaign materials, or in Redmond Reporter and Snoqualmie Valley Record coverage swept for this batch.","","","","","",""
"Vivek Prakriya","climate-change","","","This ladder asks about expanding clean energy. No vote and no statement by him on clean energy mandates, subsidies or permitting was found in the Council record, in the King County voters' pamphlet statement, in campaign materials, or in Redmond Reporter and Snoqualmie Valley Record coverage swept for this batch.","","","","","",""
"Vivek Prakriya","data-centers","","","No vote and no statement by him on data center siting, energy cost allocation or permitting was found in the Council record, in the King County voters' pamphlet statement, in campaign materials, or in Redmond Reporter and Snoqualmie Valley Record coverage swept for this batch.","","","","","",""
"Vivek Prakriya","economic-development","","","No vote and no statement by him on business incentives, clawback conditions or recruitment terms that distinguishes a chair was found in the Council record, in the King County voters' pamphlet statement, in campaign materials, or in Redmond Reporter and Snoqualmie Valley Record coverage swept for this batch.","","","","","",""
"Vivek Prakriya","growth-and-development","","","No vote and no statement by him setting a pace for growth, a cap on development, or an infrastructure-capacity condition was found in the Council record, in the King County voters' pamphlet statement, in campaign materials, or in Redmond Reporter and Snoqualmie Valley Record coverage swept for this batch.","","","","","",""
"Vivek Prakriya","homelessness","","","No vote and no statement by him on enforcement against sleeping or camping in public that distinguishes a chair was found in the Council record, in the King County voters' pamphlet statement, in campaign materials, or in Redmond Reporter and Snoqualmie Valley Record coverage swept for this batch.","","","","","",""
"Vivek Prakriya","homelessness-response","","","No vote and no statement by him setting a funding posture for homelessness housing and services that distinguishes a chair was found in the Council record, in the King County voters' pamphlet statement, in campaign materials, or in Redmond Reporter and Snoqualmie Valley Record coverage swept for this batch.","","","","","",""
"Vivek Prakriya","housing","","","His platform calls for housing for essential workers, for seniors to age in place, and for diverse housing types. Those are goals rather than a choice between public housing, binding rules and subsidies, so no chair is distinguished.","","","","","",""
"Vivek Prakriya","jail-capacity","","","He took office in 2026, after the last Council roll call Redmond published by member, and his platform does not address jail capacity.","","","","","",""
"Vivek Prakriya","local-environment","","","No vote and no statement by him weighing new development against environmental protection that distinguishes a chair was found in the Council record, in the King County voters' pamphlet statement, in campaign materials, or in Redmond Reporter and Snoqualmie Valley Record coverage swept for this batch.","","","","","",""
"Vivek Prakriya","local-immigration","","","No vote and no statement by him on ICE detainers or on local cooperation with federal immigration enforcement was found in the Council record, in the King County voters' pamphlet statement, in campaign materials, or in Redmond Reporter and Snoqualmie Valley Record coverage swept for this batch.","","","","","",""
"Vivek Prakriya","minimum-wage","","","Washington cities may set a local minimum wage, so a lever exists. No vote and no statement by him on a Redmond minimum wage was found in the Council record, in the King County voters' pamphlet statement, in campaign materials, or in Redmond Reporter and Snoqualmie Valley Record coverage swept for this batch.","","","","","",""
"Vivek Prakriya","ranked-choice-voting","","","Washington law permits a city to adopt ranked-choice voting for local offices, so a lever exists. No vote and no statement by him on adopting it was found in the Council record, in the King County voters' pamphlet statement, in campaign materials, or in Redmond Reporter and Snoqualmie Valley Record coverage swept for this batch.","","","","","",""
"Vivek Prakriya","taxes","","","No vote and no statement by him on who should be taxed that distinguishes a chair; an annual property tax levy ordinance is the routine baseline, not a position was found in the Council record, in the King County voters' pamphlet statement, in campaign materials, or in Redmond Reporter and Snoqualmie Valley Record coverage swept for this batch.","","","","","",""
"Vivek Prakriya","transportation-priorities","","","His campaign platform sets out a transportation position in detail: make transit ""not just possible, but preferable"" to driving, expand pedestrian and bike networks so people can move across Redmond ""without needing a car"", and prioritize maintenance rather than new capacity on roads. That reads as chair 1. It is not citable under this pipeline, because the only place his name appears on that page is the ""Paid For By Friends of Vivek Prakriya"" footer, which is more than 500 characters from the policy text and so fails the source verifier’s name-proximity rule. Recorded here rather than seated.","","","","","",""
"Vivek Prakriya","education-school-police","","","He took office in 2026, after the last Council roll call Redmond published by member. His platform does not address the role of officers in schools.","","","","","",""
"Vivek Prakriya","public-safety-approach","","","No vote and no statement by him that distinguishes a chair on this ladder was found in the Council record, in the King County voters' pamphlet statement, in campaign materials, or in Redmond Reporter and Snoqualmie Valley Record coverage swept for this batch.","","","","","",""
"Vivek Prakriya","rent-regulation","","","RCW 35.21.830 preempts every Washington city from regulating the amount of rent charged, so chairs 1 and 2 are not lawful options at this level. No vote and no statement by him on tenant protections or rent rules was found in the Council record, in the King County voters' pamphlet statement, in campaign materials, or in Redmond Reporter and Snoqualmie Valley Record coverage swept for this batch.","","","","","",""
"Angie Nuevacamina","abortion","","","Abortion law is set by the state and by federal courts. A Redmond city official holds no lever on any rung of this ladder.","","","","","",""
"Angie Nuevacamina","ai-regulation","","","Regulation of AI development and deployment is a state and federal matter. A Redmond city official holds no lever on any rung.","","","","","",""
"Angie Nuevacamina","deportation","","","Deportation policy is exclusively federal. No rung describes an act available to a city official.","","","","","",""
"Angie Nuevacamina","fossil-fuels","","","Fossil fuel production, drilling and public land leasing are state and federal matters. No rung is available to a city official.","","","","","",""
"Angie Nuevacamina","healthcare","","","Health coverage policy is a state and federal matter. No rung describes an act available to a Redmond city official.","","","","","",""
"Angie Nuevacamina","medicare/aid","","","Medicare and Medicaid are federal and state programs. No rung is available at city level.","","","","","",""
"Angie Nuevacamina","misinformation","","","Platform content moderation is a federal and First Amendment matter. No rung is available to a city official.","","","","","",""
"Angie Nuevacamina","redistricting","","","Redmond council members are elected citywide by position number rather than from districts, so the city draws no electoral boundaries. No rung is available.","","","","","",""
"Angie Nuevacamina","religious-freedom","","","The balance between religious exemptions and anti-discrimination law is set by state and federal law and by the courts. No rung is available at city level.","","","","","",""
"Angie Nuevacamina","same-sex-marriage","","","Marriage law is set by the state and by federal constitutional law. No rung is available to a city official.","","","","","",""
"Angie Nuevacamina","school-vouchers","","","Voucher and school-choice programs are created by state law. A city council has no authority over them.","","","","","",""
"Angie Nuevacamina","social-security","","","Social Security is a federal program. No rung is available at city level.","","","","","",""
"Angie Nuevacamina","tariffs","","","Trade policy and tariffs are exclusively federal. No rung is available at city level.","","","","","",""
"Angie Nuevacamina","trans-athletes","","","Athletic eligibility rules are set by the state athletic association and the legislature, not by a city.","","","","","",""
"Angie Nuevacamina","ukraine-support","","","Foreign and military aid is exclusively federal. No rung is available at city level.","","","","","",""
"Angie Nuevacamina","voting-rights","","","Voter identification and registration requirements are set by Washington state law. A city holds no lever on any rung.","","","","","",""
"Angie Nuevacamina","2020-election","","","This asks for a view on a federal election result. It is not an act a city official takes, and no statement of a position was found.","","","","","",""
"Angie Nuevacamina","border-security","","","Border and asylum policy is exclusively federal. No rung is available at city level.","","","","","",""
"Angie Nuevacamina","cannabis-policy","","","The legal status of cannabis is set by state and federal law. The rungs describe legalization choices a city cannot make.","","","","","",""
"Angie Nuevacamina","defense-spending","","","Military spending is exclusively federal. No rung is available at city level.","","","","","",""
"Angie Nuevacamina","military-intervention","","","The use of military force is exclusively federal. No rung is available at city level.","","","","","",""
"Angie Nuevacamina","israel-military-aid","","","Foreign military aid is exclusively federal. No rung is available at city level.","","","","","",""
"Angie Nuevacamina","gun-policy","","","RCW 9.41.290 states that Washington fully occupies and preempts the entire field of firearms regulation, and that local ordinances more restrictive than state law are preempted and repealed. No rung is lawfully available to a Redmond city official.","","","","","",""
"Angie Nuevacamina","residential-zoning","","","RCW 36.70A.635(1)(b) requires a Washington city of at least 75,000 people, which Redmond is, to allow at least four units per lot on every lot zoned predominantly residential, and at least six within a quarter mile of a major transit stop. That state floor removes chair 1 and puts chairs 2 and 3 below what the city must already allow, while chair 4 describes the mandated baseline. Only chair 5 remains a local choice, and no evidence was found that this official advocates going beyond the state floor.","","","","","",""
"Angie Nuevacamina","education-curriculum","","","Curriculum is set by the Lake Washington School District board, not by the City of Redmond. No rung is available to this office.","","","","","",""
"Angie Nuevacamina","education-library-books","","","School library collections and challenge procedures are set by the school district board, not by the city.","","","","","",""
"Angie Nuevacamina","education-gender-identity","","","School policy on student name and gender identity is set by the school district board, not by the city.","","","","","",""
"Angie Nuevacamina","education-equity-programs","","","District equity programs and staffing are set by the school district board, not by the city.","","","","","",""
"Angie Nuevacamina","education-charter-authorization","","","Charter school authorization in Washington runs through the state Charter School Commission and school district boards, not a city.","","","","","",""
"Angie Nuevacamina","education-school-budget","","","School funding levels and levies are set by the school district board and its voters, not by the city.","","","","","",""
"Angie Nuevacamina","education-ai","","","Classroom AI policy is set by the school district, not by the city.","","","","","",""
"Angie Nuevacamina","campaign-finance","","","Washington cities may set local contribution limits, so a lever exists. No vote and no statement by her on local campaign finance rules was found in the Council record, in the King County voters' pamphlet statement, in campaign materials, or in Redmond Reporter and Snoqualmie Valley Record coverage swept for this batch.","","","","","",""
"Angie Nuevacamina","childcare","","","Cities can fund childcare subsidies and facilities, so a lever exists. No vote and no statement by her that distinguishes a chair on childcare was found in the Council record, in the King County voters' pamphlet statement, in campaign materials, or in Redmond Reporter and Snoqualmie Valley Record coverage swept for this batch.","","","","","",""
"Angie Nuevacamina","city-sanitation","","","No vote and no statement by her on street cleanliness, sanitation service levels or litter enforcement was found in the Council record, in the King County voters' pamphlet statement, in campaign materials, or in Redmond Reporter and Snoqualmie Valley Record coverage swept for this batch.","","","","","",""
"Angie Nuevacamina","civil-rights","","","No vote and no statement by her that distinguishes a chair on this ladder was found in the Council record, in the King County voters' pamphlet statement, in campaign materials, or in Redmond Reporter and Snoqualmie Valley Record coverage swept for this batch.","","","","","",""
"Angie Nuevacamina","climate-change","","","This ladder asks about expanding clean energy. No vote and no statement by her on clean energy mandates, subsidies or permitting was found in the Council record, in the King County voters' pamphlet statement, in campaign materials, or in Redmond Reporter and Snoqualmie Valley Record coverage swept for this batch.","","","","","",""
"Angie Nuevacamina","data-centers","","","No vote and no statement by her on data center siting, energy cost allocation or permitting was found in the Council record, in the King County voters' pamphlet statement, in campaign materials, or in Redmond Reporter and Snoqualmie Valley Record coverage swept for this batch.","","","","","",""
"Angie Nuevacamina","economic-development","","","No vote and no statement by her on business incentives, clawback conditions or recruitment terms that distinguishes a chair was found in the Council record, in the King County voters' pamphlet statement, in campaign materials, or in Redmond Reporter and Snoqualmie Valley Record coverage swept for this batch.","","","","","",""
"Angie Nuevacamina","growth-and-development","","","No vote and no statement by her setting a pace for growth, a cap on development, or an infrastructure-capacity condition was found in the Council record, in the King County voters' pamphlet statement, in campaign materials, or in Redmond Reporter and Snoqualmie Valley Record coverage swept for this batch.","","","","","",""
"Angie Nuevacamina","homelessness","","","No vote and no statement by her on enforcement against sleeping or camping in public that distinguishes a chair was found in the Council record, in the King County voters' pamphlet statement, in campaign materials, or in Redmond Reporter and Snoqualmie Valley Record coverage swept for this batch.","","","","","",""
"Angie Nuevacamina","homelessness-response","","","No vote and no statement by her setting a funding posture for homelessness housing and services that distinguishes a chair was found in the Council record, in the King County voters' pamphlet statement, in campaign materials, or in Redmond Reporter and Snoqualmie Valley Record coverage swept for this batch.","","","","","",""
"Angie Nuevacamina","housing","","","Her 2023 voters’ pamphlet statement names housing as a top priority but states no means, so it fixes a direction and no chair. Her campaign domain no longer resolves to her campaign.","","","","","",""
"Angie Nuevacamina","jail-capacity","","","She took office on 2024-01-01, after the last Council roll call Redmond published by member, so she has no citable recorded vote. Her campaign domain no longer resolves to her campaign and now serves an unrelated site.","","","","","",""
"Angie Nuevacamina","local-environment","","","No vote and no statement by her weighing new development against environmental protection that distinguishes a chair was found in the Council record, in the King County voters' pamphlet statement, in campaign materials, or in Redmond Reporter and Snoqualmie Valley Record coverage swept for this batch.","","","","","",""
"Angie Nuevacamina","local-immigration","","","No vote and no statement by her on ICE detainers or on local cooperation with federal immigration enforcement was found in the Council record, in the King County voters' pamphlet statement, in campaign materials, or in Redmond Reporter and Snoqualmie Valley Record coverage swept for this batch.","","","","","",""
"Angie Nuevacamina","minimum-wage","","","Washington cities may set a local minimum wage, so a lever exists. No vote and no statement by her on a Redmond minimum wage was found in the Council record, in the King County voters' pamphlet statement, in campaign materials, or in Redmond Reporter and Snoqualmie Valley Record coverage swept for this batch.","","","","","",""
"Angie Nuevacamina","ranked-choice-voting","","","Washington law permits a city to adopt ranked-choice voting for local offices, so a lever exists. No vote and no statement by her on adopting it was found in the Council record, in the King County voters' pamphlet statement, in campaign materials, or in Redmond Reporter and Snoqualmie Valley Record coverage swept for this batch.","","","","","",""
"Angie Nuevacamina","taxes","","","No vote and no statement by her on who should be taxed that distinguishes a chair; an annual property tax levy ordinance is the routine baseline, not a position was found in the Council record, in the King County voters' pamphlet statement, in campaign materials, or in Redmond Reporter and Snoqualmie Valley Record coverage swept for this batch.","","","","","",""
"Angie Nuevacamina","transportation-priorities","","","No vote and no statement by her choosing between road capacity and multimodal investment that distinguishes a chair was found in the Council record, in the King County voters' pamphlet statement, in campaign materials, or in Redmond Reporter and Snoqualmie Valley Record coverage swept for this batch.","","","","","",""
"Angie Nuevacamina","education-school-police","","","She took office on 2024-01-01, after the last Council roll call Redmond published by member, and no statement by her on the role of officers in schools was found.","","","","","",""
"Angie Nuevacamina","public-safety-approach","","","No vote and no statement by her that distinguishes a chair on this ladder was found in the Council record, in the King County voters' pamphlet statement, in campaign materials, or in Redmond Reporter and Snoqualmie Valley Record coverage swept for this batch.","","","","","",""
"Angie Nuevacamina","rent-regulation","","","RCW 35.21.830 preempts every Washington city from regulating the amount of rent charged, so chairs 1 and 2 are not lawful options at this level. No vote and no statement by her on tenant protections or rent rules was found in the Council record, in the King County voters' pamphlet statement, in campaign materials, or in Redmond Reporter and Snoqualmie Valley Record coverage swept for this batch.","","","","","",""
"Sayna Parsi","abortion","","","Abortion law is set by the state and by federal courts. A Redmond city official holds no lever on any rung of this ladder.","","","","","",""
"Sayna Parsi","ai-regulation","","","Regulation of AI development and deployment is a state and federal matter. A Redmond city official holds no lever on any rung.","","","","","",""
"Sayna Parsi","deportation","","","Deportation policy is exclusively federal. No rung describes an act available to a city official.","","","","","",""
"Sayna Parsi","fossil-fuels","","","Fossil fuel production, drilling and public land leasing are state and federal matters. No rung is available to a city official.","","","","","",""
"Sayna Parsi","healthcare","","","Health coverage policy is a state and federal matter. No rung describes an act available to a Redmond city official.","","","","","",""
"Sayna Parsi","medicare/aid","","","Medicare and Medicaid are federal and state programs. No rung is available at city level.","","","","","",""
"Sayna Parsi","misinformation","","","Platform content moderation is a federal and First Amendment matter. No rung is available to a city official.","","","","","",""
"Sayna Parsi","redistricting","","","Redmond council members are elected citywide by position number rather than from districts, so the city draws no electoral boundaries. No rung is available.","","","","","",""
"Sayna Parsi","religious-freedom","","","The balance between religious exemptions and anti-discrimination law is set by state and federal law and by the courts. No rung is available at city level.","","","","","",""
"Sayna Parsi","same-sex-marriage","","","Marriage law is set by the state and by federal constitutional law. No rung is available to a city official.","","","","","",""
"Sayna Parsi","school-vouchers","","","Voucher and school-choice programs are created by state law. A city council has no authority over them.","","","","","",""
"Sayna Parsi","social-security","","","Social Security is a federal program. No rung is available at city level.","","","","","",""
"Sayna Parsi","tariffs","","","Trade policy and tariffs are exclusively federal. No rung is available at city level.","","","","","",""
"Sayna Parsi","trans-athletes","","","Athletic eligibility rules are set by the state athletic association and the legislature, not by a city.","","","","","",""
"Sayna Parsi","ukraine-support","","","Foreign and military aid is exclusively federal. No rung is available at city level.","","","","","",""
"Sayna Parsi","voting-rights","","","Voter identification and registration requirements are set by Washington state law. A city holds no lever on any rung.","","","","","",""
"Sayna Parsi","2020-election","","","This asks for a view on a federal election result. It is not an act a city official takes, and no statement of a position was found.","","","","","",""
"Sayna Parsi","border-security","","","Border and asylum policy is exclusively federal. No rung is available at city level.","","","","","",""
"Sayna Parsi","cannabis-policy","","","The legal status of cannabis is set by state and federal law. The rungs describe legalization choices a city cannot make.","","","","","",""
"Sayna Parsi","defense-spending","","","Military spending is exclusively federal. No rung is available at city level.","","","","","",""
"Sayna Parsi","military-intervention","","","The use of military force is exclusively federal. No rung is available at city level.","","","","","",""
"Sayna Parsi","israel-military-aid","","","Foreign military aid is exclusively federal. No rung is available at city level.","","","","","",""
"Sayna Parsi","gun-policy","","","RCW 9.41.290 states that Washington fully occupies and preempts the entire field of firearms regulation, and that local ordinances more restrictive than state law are preempted and repealed. No rung is lawfully available to a Redmond city official.","","","","","",""
"Sayna Parsi","residential-zoning","","","RCW 36.70A.635(1)(b) requires a Washington city of at least 75,000 people, which Redmond is, to allow at least four units per lot on every lot zoned predominantly residential, and at least six within a quarter mile of a major transit stop. That state floor removes chair 1 and puts chairs 2 and 3 below what the city must already allow, while chair 4 describes the mandated baseline. Only chair 5 remains a local choice, and no evidence was found that this official advocates going beyond the state floor.","","","","","",""
"Sayna Parsi","education-curriculum","","","Curriculum is set by the Lake Washington School District board, not by the City of Redmond. No rung is available to this office.","","","","","",""
"Sayna Parsi","education-library-books","","","School library collections and challenge procedures are set by the school district board, not by the city.","","","","","",""
"Sayna Parsi","education-gender-identity","","","School policy on student name and gender identity is set by the school district board, not by the city.","","","","","",""
"Sayna Parsi","education-equity-programs","","","District equity programs and staffing are set by the school district board, not by the city.","","","","","",""
"Sayna Parsi","education-charter-authorization","","","Charter school authorization in Washington runs through the state Charter School Commission and school district boards, not a city.","","","","","",""
"Sayna Parsi","education-school-budget","","","School funding levels and levies are set by the school district board and its voters, not by the city.","","","","","",""
"Sayna Parsi","education-ai","","","Classroom AI policy is set by the school district, not by the city.","","","","","",""
"Sayna Parsi","campaign-finance","","","Washington cities may set local contribution limits, so a lever exists. No vote and no statement by her on local campaign finance rules was found in the Council record, in the King County voters' pamphlet statement, in campaign materials, or in Redmond Reporter and Snoqualmie Valley Record coverage swept for this batch.","","","","","",""
"Sayna Parsi","childcare","","","Cities can fund childcare subsidies and facilities, so a lever exists. No vote and no statement by her that distinguishes a chair on childcare was found in the Council record, in the King County voters' pamphlet statement, in campaign materials, or in Redmond Reporter and Snoqualmie Valley Record coverage swept for this batch.","","","","","",""
"Sayna Parsi","city-sanitation","","","No vote and no statement by her on street cleanliness, sanitation service levels or litter enforcement was found in the Council record, in the King County voters' pamphlet statement, in campaign materials, or in Redmond Reporter and Snoqualmie Valley Record coverage swept for this batch.","","","","","",""
"Sayna Parsi","civil-rights","","","No vote and no statement by her that distinguishes a chair on this ladder was found in the Council record, in the King County voters' pamphlet statement, in campaign materials, or in Redmond Reporter and Snoqualmie Valley Record coverage swept for this batch.","","","","","",""
"Sayna Parsi","climate-change","","","This ladder asks about expanding clean energy. No vote and no statement by her on clean energy mandates, subsidies or permitting was found in the Council record, in the King County voters' pamphlet statement, in campaign materials, or in Redmond Reporter and Snoqualmie Valley Record coverage swept for this batch.","","","","","",""
"Sayna Parsi","data-centers","","","No vote and no statement by her on data center siting, energy cost allocation or permitting was found in the Council record, in the King County voters' pamphlet statement, in campaign materials, or in Redmond Reporter and Snoqualmie Valley Record coverage swept for this batch.","","","","","",""
"Sayna Parsi","economic-development","","","No vote and no statement by her on business incentives, clawback conditions or recruitment terms that distinguishes a chair was found in the Council record, in the King County voters' pamphlet statement, in campaign materials, or in Redmond Reporter and Snoqualmie Valley Record coverage swept for this batch.","","","","","",""
"Sayna Parsi","growth-and-development","","","No vote and no statement by her setting a pace for growth, a cap on development, or an infrastructure-capacity condition was found in the Council record, in the King County voters' pamphlet statement, in campaign materials, or in Redmond Reporter and Snoqualmie Valley Record coverage swept for this batch.","","","","","",""
"Sayna Parsi","homelessness","","","No vote and no statement by her on enforcement against sleeping or camping in public that distinguishes a chair was found in the Council record, in the King County voters' pamphlet statement, in campaign materials, or in Redmond Reporter and Snoqualmie Valley Record coverage swept for this batch.","","","","","",""
"Sayna Parsi","homelessness-response","","","No vote and no statement by her setting a funding posture for homelessness housing and services that distinguishes a chair was found in the Council record, in the King County voters' pamphlet statement, in campaign materials, or in Redmond Reporter and Snoqualmie Valley Record coverage swept for this batch.","","","","","",""
"Sayna Parsi","housing","","","Her Council biography lists housing affordability among her focus areas, but a focus area is not a position on public housing, binding rules or subsidies.","","","","","",""
"Sayna Parsi","jail-capacity","","","She was sworn in on 2026-01-20, after the last Council roll call Redmond published by member, so she has no recorded vote. No campaign platform and no local news coverage naming her was found.","","","","","",""
"Sayna Parsi","local-environment","","","Her Council biography describes an environmental lens on growth and infrastructure and lists conservation volunteering, but neither is a position weighing development against protection on this ladder.","","","","","",""
"Sayna Parsi","local-immigration","","","No vote and no statement by her on ICE detainers or on local cooperation with federal immigration enforcement was found in the Council record, in the King County voters' pamphlet statement, in campaign materials, or in Redmond Reporter and Snoqualmie Valley Record coverage swept for this batch.","","","","","",""
"Sayna Parsi","minimum-wage","","","Washington cities may set a local minimum wage, so a lever exists. No vote and no statement by her on a Redmond minimum wage was found in the Council record, in the King County voters' pamphlet statement, in campaign materials, or in Redmond Reporter and Snoqualmie Valley Record coverage swept for this batch.","","","","","",""
"Sayna Parsi","ranked-choice-voting","","","Washington law permits a city to adopt ranked-choice voting for local offices, so a lever exists. No vote and no statement by her on adopting it was found in the Council record, in the King County voters' pamphlet statement, in campaign materials, or in Redmond Reporter and Snoqualmie Valley Record coverage swept for this batch.","","","","","",""
"Sayna Parsi","taxes","","","No vote and no statement by her on who should be taxed that distinguishes a chair; an annual property tax levy ordinance is the routine baseline, not a position was found in the Council record, in the King County voters' pamphlet statement, in campaign materials, or in Redmond Reporter and Snoqualmie Valley Record coverage swept for this batch.","","","","","",""
"Sayna Parsi","transportation-priorities","","","No vote and no statement by her choosing between road capacity and multimodal investment that distinguishes a chair was found in the Council record, in the King County voters' pamphlet statement, in campaign materials, or in Redmond Reporter and Snoqualmie Valley Record coverage swept for this batch.","","","","","",""
"Sayna Parsi","education-school-police","","","She was sworn in on 2026-01-20 and has no recorded vote. No statement by her on the role of officers in schools was found.","","","","","",""
"Sayna Parsi","public-safety-approach","","","No vote and no statement by her that distinguishes a chair on this ladder was found in the Council record, in the King County voters' pamphlet statement, in campaign materials, or in Redmond Reporter and Snoqualmie Valley Record coverage swept for this batch.","","","","","",""
"Sayna Parsi","rent-regulation","","","RCW 35.21.830 preempts every Washington city from regulating the amount of rent charged, so chairs 1 and 2 are not lawful options at this level. No vote and no statement by her on tenant protections or rent rules was found in the Council record, in the King County voters' pamphlet statement, in campaign materials, or in Redmond Reporter and Snoqualmie Valley Record coverage swept for this batch.","","","","","",""
