{
  "type": "FeatureCollection",
  "features": [
    {
      "type": "Feature",
      "properties": {
        "ward": "1",
        "name": "Provo Council District 1",
        "council_member": "Craig Christensen",
        "source_url": "https://gispublicweb.provo.org/ArcGIS/rest/services/Council/Council_Districts/FeatureServer/3",
        "source_url_mirror": "https://maps.provo.org/downloads/provo_council_precincts.pdf",
        "digitized_on": "2026-05-09",
        "digitizer": "provo-city-gis",
        "tool": "ArcGIS FeatureServer export (Layer 3: 2023 Municipal Council Districts)"
      },
      "geometry": {
        "type": "Polygon",
        "coordinates": [
          [
            [
              -111.6697892137081,
              40.26473732038188
            ],
            [
              -111.66978763662594,
              40.26473617435134
            ],
            [
              -111.66946005344171,
              40.264498134820066
            ],
            [
              -111.66915923320238,
              40.26428339313157
            ],
            [
              -111.6688607427092,
              40.264066753228114
            ],
            [
              -111.66856460081317,
              40.26384823041099
            ],
            [
              -111.66827082871133,
              40.26362783817689
            ],
            [
              -111.66797944643301,
              40.26340559362673
            ],
            [
              -111.66769047399772,
              40.26318151025896
            ],
            [
              -111.66740393143075,
              40.26295560427406
            ],
            [
              -111.66704751921108,
              40.26322823069866
            ],
            [
              -111.66695810493366,
              40.26329104966799
            ],
            [
              -111.66686494860852,
              40.26334817264939
            ],
            [
              -111.66676841258399,
              40.263399377452735
            ],
            [
              -111.66666887235434,
              40.263444464907714
            ],
            [
              -111.66656671509921,
              40.263483259638555
            ],
            [
              -111.66646233817765,
              40.263515610746154
            ],
            [
              -111.66624912441556,
              40.26355630492172
            ],
            [
              -111.66624062376529,
              40.2635579985322
            ],
            [
              -111.6662399538681,
              40.26355809405391
            ],
            [
              -111.66622322892246,
              40.26356248149764
            ],
            [
              -111.6661793386931,
              40.26356817211361
            ],
            [
              -111.66612645032278,
              40.2635750004235
            ],
            [
              -111.66607319514219,
              40.26358183193314
            ],
            [
              -111.6660724134716,
              40.26358189248766
            ],
            [
              -111.6660646238435,
              40.26358299875316
            ],
            [
              -111.66604962040948,
              40.26358365144469
            ],
            [
              -111.66602856582841,
              40.26358527553015
            ],
            [
              -111.66599293345713,
              40.2635875751077
            ],
            [
              -111.66595820325148,
              40.26358762627925
            ],
            [
              -111.66594829595385,
              40.263587640360925
            ],
            [
              -111.66590329708919,
              40.26358995502466
            ],
            [
              -111.66586765263698,
              40.26358775224972
            ],
            [
              -111.6658426087023,
              40.263587788725395
            ],
            [
              -111.66582283172811,
              40.26358781681489
            ],
            [
              -111.66577873545738,
              40.26358562871795
            ],
            [
              -111.6645236058559,
              40.26354012013239
            ],
            [
              -111.66447997086908,
              40.263538567652006
            ],
            [
              -111.66434099664593,
              40.263533622456514
            ],
            [
              -111.6639492823141,
              40.26351912154955
            ],
            [
              -111.66389462413964,
              40.26351699890832
            ],
            [
              -111.66375962361725,
              40.26351199880798
            ],
            [
              -111.66349562439663,
              40.26350199874138
            ],
            [
              -111.66347083764398,
              40.26350140839897
            ],
            [
              -111.66345362377238,
              40.263500998387066
            ],
            [
              -111.66129390104919,
              40.26342100912884
            ],
            [
              -111.66129362356833,
              40.2634209987044
            ],
            [
              -111.66128397118277,
              40.26342091476839
            ],
            [
              -111.66128376077626,
              40.26341993155324
            ],
            [
              -111.66141864309074,
              40.26229592922339
            ],
            [
              -111.66147304336053,
              40.261682672966195
            ],
            [
              -111.6615421697841,
              40.260903401539984
            ],
            [
              -111.66155260928171,
              40.26078571935529
            ],
            [
              -111.66168670955096,
              40.25933383978486
            ],
            [
              -111.66172223493555,
              40.258924446268054
            ],
            [
              -111.66177611340983,
              40.258303582187125
            ],
            [
              -111.66180280464138,
              40.257890260423395
            ],
            [
              -111.6615746332254,
              40.25766505058534
            ],
            [
              -111.66135008490309,
              40.25743771335419
            ],
            [
              -111.6612851654643,
              40.25737014367708
            ],
            [
              -111.66109371460895,
              40.25717087393627
            ],
            [
              -111.66058163197566,
              40.256653550923645
            ],
            [
              -111.66047093516103,
              40.256564052609
            ],
            [
              -111.66024735881778,
              40.25638329068241
            ],
            [
              -111.66011906403307,
              40.256282794948916
            ],
            [
              -111.66007003952002,
              40.25625016864366
            ],
            [
              -111.65978264748303,
              40.256082400485134
            ],
            [
              -111.65941890784407,
              40.255934648327944
            ],
            [
              -111.65938318371052,
              40.25592013722331
            ],
            [
              -111.65935850649853,
              40.25591490572028
            ],
            [
              -111.65898435704815,
              40.25583558507026
            ],
            [
              -111.65859865756786,
              40.25581106445374
            ],
            [
              -111.65735755235615,
              40.255789574732404
            ],
            [
              -111.6569910823758,
              40.25578322678991
            ],
            [
              -111.65610197529804,
              40.2557744893752
            ],
            [
              -111.65610204033769,
              40.25577156218104
            ],
            [
              -111.65614951273332,
              40.25362630850581
            ],
            [
              -111.65611874176305,
              40.25151838283388
            ],
            [
              -111.65613642620814,
              40.25062719338467
            ],
            [
              -111.65617556458454,
              40.25050943601119
            ],
            [
              -111.65627804234819,
              40.250272011861036
            ],
            [
              -111.65638502467067,
              40.25013496620619
            ],
            [
              -111.65654284569737,
              40.249932793833764
            ],
            [
              -111.6568370305313,
              40.249706426774104
            ],
            [
              -111.65724941623711,
              40.24946875154201
            ],
            [
              -111.65763221093539,
              40.24921961259143
            ],
            [
              -111.65808848314907,
              40.248981875081476
            ],
            [
              -111.65862781700565,
              40.248658189146624
            ],
            [
              -111.65862781531747,
              40.248657967588954
            ],
            [
              -111.65862493073416,
              40.248165797587845
            ],
            [
              -111.65862414716631,
              40.24782469888664
            ],
            [
              -111.65862202967377,
              40.24690316589306
            ],
            [
              -111.65862228620985,
              40.24664885597176
            ],
            [
              -111.65862230336973,
              40.24663138512276
            ],
            [
              -111.65814713463128,
              40.24662723479697
            ],
            [
              -111.65778124170063,
              40.246623100600324
            ],
            [
              -111.6577811532478,
              40.24658569849047
            ],
            [
              -111.65732218540859,
              40.24657862911584
            ],
            [
              -111.65732943072814,
              40.24637599991816
            ],
            [
              -111.65654566152826,
              40.246356596288436
            ],
            [
              -111.65614764911638,
              40.24635480571069
            ],
            [
              -111.6561539193518,
              40.244314283801074
            ],
            [
              -111.65547227744867,
              40.24429476603499
            ],
            [
              -111.65518459494028,
              40.24424982627944
            ],
            [
              -111.65511139939565,
              40.244232993123575
            ],
            [
              -111.6535570013462,
              40.244295909884826
            ],
            [
              -111.65338775887419,
              40.244292654093385
            ],
            [
              -111.65290685276409,
              40.24429504313329
            ],
            [
              -111.65244915621669,
              40.24428804121229
            ],
            [
              -111.65166461638887,
              40.24429348542964
            ],
            [
              -111.6499378640151,
              40.24430915401008
            ],
            [
              -111.64987688065459,
              40.24430970697323
            ],
            [
              -111.64986542842446,
              40.24430981084208
            ],
            [
              -111.64859389040878,
              40.24430751233564
            ],
            [
              -111.648580619492,
              40.2453896247011
            ],
            [
              -111.64782947605754,
              40.24536884119866
            ],
            [
              -111.64782964729466,
              40.245448234270064
            ],
            [
              -111.64767026219663,
              40.245431287620896
            ],
            [
              -111.6470016738004,
              40.24515054929123
            ],
            [
              -111.64686833404076,
              40.24506389257345
            ],
            [
              -111.64658152345856,
              40.24506827990638
            ],
            [
              -111.64653005316198,
              40.245069067752944
            ],
            [
              -111.64652559581425,
              40.24590620411586
            ],
            [
              -111.64574742396,
              40.24590002447575
            ],
            [
              -111.64571694452715,
              40.24590004361514
            ],
            [
              -111.6455366055359,
              40.24590015872301
            ],
            [
              -111.64379178848246,
              40.245901261066706
            ],
            [
              -111.64309916769263,
              40.24590169251983
            ],
            [
              -111.64309085672191,
              40.24590169730423
            ],
            [
              -111.64311143446213,
              40.246890499159896
            ],
            [
              -111.64311417020339,
              40.24712778479299
            ],
            [
              -111.64315342105087,
              40.24926571720969
            ],
            [
              -111.64316211904325,
              40.24973946817476
            ],
            [
              -111.64316257328709,
              40.24977010772305
            ],
            [
              -111.64323603994578,
              40.25125662077745
            ],
            [
              -111.64326969600727,
              40.2538681202844
            ],
            [
              -111.64290198117828,
              40.25386857638379
            ],
            [
              -111.64139024217376,
              40.25468318934901
            ],
            [
              -111.64017502683386,
              40.25530251395491
            ],
            [
              -111.63780094438053,
              40.256529904672114
            ],
            [
              -111.63785304063032,
              40.25910687218455
            ],
            [
              -111.63786159555502,
              40.25953002391713
            ],
            [
              -111.63786160590381,
              40.259530493142016
            ],
            [
              -111.6378953879148,
              40.26118909793151
            ],
            [
              -111.63888532169138,
              40.261187915542195
            ],
            [
              -111.63887164749248,
              40.261292075374094
            ],
            [
              -111.63886311565119,
              40.26184999910197
            ],
            [
              -111.63886247832107,
              40.26189170159041
            ],
            [
              -111.63885661112327,
              40.262275383016956
            ],
            [
              -111.63984431337371,
              40.26227161842029
            ],
            [
              -111.63962112612145,
              40.262435570788625
            ],
            [
              -111.638950372,
              40.2630104689704
            ],
            [
              -111.63885577429633,
              40.26309352381098
            ],
            [
              -111.63865107025887,
              40.263256234621714
            ],
            [
              -111.63849244877167,
              40.263412512037824
            ],
            [
              -111.63840087075752,
              40.26349291411671
            ],
            [
              -111.63820361694835,
              40.26366609430433
            ],
            [
              -111.63800110582524,
              40.26387084619849
            ],
            [
              -111.63800109647072,
              40.263870871427635
            ],
            [
              -111.63795765744077,
              40.2639489249964
            ],
            [
              -111.63795039911429,
              40.2639595683983
            ],
            [
              -111.63793501361407,
              40.26398434983232
            ],
            [
              -111.63792221559441,
              40.264011387027345
            ],
            [
              -111.63791131411617,
              40.264036182975154
            ],
            [
              -111.63790770401178,
              40.26404630509419
            ],
            [
              -111.63789882890809,
              40.264076706968545
            ],
            [
              -111.63789264871133,
              40.26410373814462
            ],
            [
              -111.63788901853697,
              40.26413076450739
            ],
            [
              -111.63788759508462,
              40.26415778285993
            ],
            [
              -111.63788840171321,
              40.264187051994305
            ],
            [
              -111.63788618423408,
              40.2644720837686
            ],
            [
              -111.6378849962104,
              40.264624864398556
            ],
            [
              -111.64034867345278,
              40.26461588115051
            ],
            [
              -111.64140848627977,
              40.26460438909505
            ],
            [
              -111.64141062231805,
              40.2646043036487
            ],
            [
              -111.64141405648374,
              40.264603732983275
            ],
            [
              -111.64149936413764,
              40.26459583634427
            ],
            [
              -111.64156086845978,
              40.26458828823391
            ],
            [
              -111.64158975587009,
              40.26458474339063
            ],
            [
              -111.64167952130259,
              40.264570985215556
            ],
            [
              -111.64176852644061,
              40.26455458269804
            ],
            [
              -111.64186179591108,
              40.26453258822594
            ],
            [
              -111.64219597914554,
              40.26444337084266
            ],
            [
              -111.64223446837278,
              40.26443309532815
            ],
            [
              -111.64234235108094,
              40.26440084772985
            ],
            [
              -111.64234709747315,
              40.26439923519135
            ],
            [
              -111.64234715738961,
              40.26439921440343
            ],
            [
              -111.64244821556328,
              40.26436488913114
            ],
            [
              -111.64245057772823,
              40.264369522773805
            ],
            [
              -111.64246393590714,
              40.264394462469724
            ],
            [
              -111.64251027155129,
              40.26448537565053
            ],
            [
              -111.64253348959093,
              40.26453093079258
            ],
            [
              -111.64254793634633,
              40.26457500516893
            ],
            [
              -111.64255507606063,
              40.2646201170019
            ],
            [
              -111.64255598070092,
              40.26465541310375
            ],
            [
              -111.64255843097831,
              40.264750987534626
            ],
            [
              -111.64256593413525,
              40.26504365938857
            ],
            [
              -111.64334930700198,
              40.26503587606336
            ],
            [
              -111.64389585608612,
              40.2650304429629
            ],
            [
              -111.64389101420986,
              40.264830389409966
            ],
            [
              -111.64389438372895,
              40.26480911650945
            ],
            [
              -111.64390298219482,
              40.26478872520096
            ],
            [
              -111.64391649373526,
              40.264769961607364
            ],
            [
              -111.64393442247729,
              40.26475351353096
            ],
            [
              -111.64395565589813,
              40.26474034603222
            ],
            [
              -111.64397962582115,
              40.26473030579971
            ],
            [
              -111.64400555580637,
              40.26472371892244
            ],
            [
              -111.64403260804146,
              40.264720798084404
            ],
            [
              -111.64406692765488,
              40.264720340545836
            ],
            [
              -111.64519219975726,
              40.26470535413772
            ],
            [
              -111.64624562346904,
              40.26468507814901
            ],
            [
              -111.64745862017857,
              40.26465900002703
            ],
            [
              -111.6474648325692,
              40.26519167008627
            ],
            [
              -111.64747203831261,
              40.26580945880962
            ],
            [
              -111.64747271874081,
              40.265867767539255
            ],
            [
              -111.64747299877885,
              40.26589190538454
            ],
            [
              -111.6474856212437,
              40.2669740003684
            ],
            [
              -111.64749058454304,
              40.267391012595596
            ],
            [
              -111.6474906203689,
              40.267394000890604
            ],
            [
              -111.64749253674715,
              40.2675185027378
            ],
            [
              -111.64749462141583,
              40.26765399944154
            ],
            [
              -111.64749462274663,
              40.26765407149146
            ],
            [
              -111.64750509908967,
              40.2682004660073
            ],
            [
              -111.64749990007513,
              40.267941098564116
            ],
            [
              -111.64750761686915,
              40.26833177503793
            ],
            [
              -111.64652159080396,
              40.268339770428035
            ],
            [
              -111.64474325884925,
              40.2683329846383
            ],
            [
              -111.64467504480915,
              40.2683393025385
            ],
            [
              -111.64437362063902,
              40.2683670011787
            ],
            [
              -111.64403352088638,
              40.26837106249957
            ],
            [
              -111.64370362044173,
              40.26837500039937
            ],
            [
              -111.64329558972456,
              40.26837974208177
            ],
            [
              -111.64267038320602,
              40.26838732103681
            ],
            [
              -111.64104640667303,
              40.26840536509081
            ],
            [
              -111.64039536662781,
              40.26841259290116
            ],
            [
              -111.63852991662336,
              40.268451187167486
            ],
            [
              -111.63806409990684,
              40.26846082007414
            ],
            [
              -111.63772918070502,
              40.26846070223219
            ],
            [
              -111.63760929872197,
              40.26845643852155
            ],
            [
              -111.63747630275306,
              40.268420678375335
            ],
            [
              -111.63737561820139,
              40.268394000895476
            ],
            [
              -111.63678881357473,
              40.268391156566
            ],
            [
              -111.63655061784257,
              40.268390001536325
            ],
            [
              -111.63642661867902,
              40.26839700038432
            ],
            [
              -111.6364265387894,
              40.26839703109956
            ],
            [
              -111.63608661836109,
              40.268526001073845
            ],
            [
              -111.63604328422296,
              40.268537482550414
            ],
            [
              -111.6359696983719,
              40.26855743197629
            ],
            [
              -111.6358539212447,
              40.268559284265066
            ],
            [
              -111.63581761785792,
              40.2685600010798
            ],
            [
              -111.6357318559127,
              40.268549121044835
            ],
            [
              -111.63565049509997,
              40.26853897346194
            ],
            [
              -111.63554967320596,
              40.268526397761704
            ],
            [
              -111.63470063942522,
              40.26849088256228
            ],
            [
              -111.63429262386592,
              40.268474001613384
            ],
            [
              -111.63317463503624,
              40.26839164099459
            ],
            [
              -111.63263661758513,
              40.268352002668706
            ],
            [
              -111.632173618005,
              40.26838000093821
            ],
            [
              -111.63153561786157,
              40.268418001755236
            ],
            [
              -111.631297618143,
              40.268432001741665
            ],
            [
              -111.6310886174145,
              40.26844500229902
            ],
            [
              -111.63097081545675,
              40.26848792951386
            ],
            [
              -111.63097061806914,
              40.26848800178683
            ],
            [
              -111.63097021909189,
              40.26848840842503
            ],
            [
              -111.63097808357689,
              40.26848835727334
            ],
            [
              -111.6309826697194,
              40.272072530638866
            ],
            [
              -111.6323952285151,
              40.27207091603445
            ],
            [
              -111.63241680635625,
              40.27210709383457
            ],
            [
              -111.63336203942598,
              40.273692719283375
            ],
            [
              -111.63339878443807,
              40.275775581302526
            ],
            [
              -111.63395535519743,
              40.275772729518536
            ],
            [
              -111.63452377742091,
              40.27576981369609
            ],
            [
              -111.63487690789586,
              40.2769537709045
            ],
            [
              -111.63534619577433,
              40.277505690850056
            ],
            [
              -111.63540909255568,
              40.27804710101189
            ],
            [
              -111.63624827841298,
              40.278046111461016
            ],
            [
              -111.63628557594222,
              40.27855323828194
            ],
            [
              -111.63637563250397,
              40.27855313225197
            ],
            [
              -111.63637654187896,
              40.27855982475975
            ],
            [
              -111.63639911151964,
              40.2788688013773
            ],
            [
              -111.63742783347071,
              40.27886757913749
            ],
            [
              -111.637258079497,
              40.27912136704649
            ],
            [
              -111.63722636299256,
              40.27916927432205
            ],
            [
              -111.6360891423018,
              40.27913716513082
            ],
            [
              -111.63587543147905,
              40.27982285170197
            ],
            [
              -111.63590147357525,
              40.27985113126216
            ],
            [
              -111.63578792062346,
              40.28111404612158
            ],
            [
              -111.63572214485929,
              40.28229437644963
            ],
            [
              -111.63602709527993,
              40.28265191916723
            ],
            [
              -111.63602900540495,
              40.28271248322351
            ],
            [
              -111.63604088972191,
              40.28305698691634
            ],
            [
              -111.63603894580935,
              40.28305699368383
            ],
            [
              -111.63368267274039,
              40.28306746810269
            ],
            [
              -111.63372529901385,
              40.28572584683992
            ],
            [
              -111.63379894340378,
              40.29031818252402
            ],
            [
              -111.63379895982358,
              40.29032658816392
            ],
            [
              -111.63375370034046,
              40.29032664180077
            ],
            [
              -111.6338180867442,
              40.298080106483475
            ],
            [
              -111.6363005126209,
              40.298068620045264
            ],
            [
              -111.63636832779079,
              40.30152761019463
            ],
            [
              -111.64335423724067,
              40.30139161495741
            ],
            [
              -111.64336766152609,
              40.302126666454555
            ],
            [
              -111.64688386021771,
              40.30212229846952
            ],
            [
              -111.64688233351252,
              40.301410487680506
            ],
            [
              -111.64813611519509,
              40.30140890457782
            ],
            [
              -111.6481342542353,
              40.300548574709985
            ],
            [
              -111.649311316189,
              40.30054707623162
            ],
            [
              -111.6493150048491,
              40.30030689355101
            ],
            [
              -111.65025529121525,
              40.30021119142709
            ],
            [
              -111.65404825757803,
              40.300206037918315
            ],
            [
              -111.65405213815939,
              40.30020603280112
            ],
            [
              -111.65405254984285,
              40.300210207606675
            ],
            [
              -111.65414217029382,
              40.30112000090412
            ],
            [
              -111.65413628301657,
              40.30112006811383
            ],
            [
              -111.6541649925973,
              40.30132986213924
            ],
            [
              -111.65069153788265,
              40.30136773212987
            ],
            [
              -111.65071471821054,
              40.30212828260152
            ],
            [
              -111.64973442471248,
              40.302095757618076
            ],
            [
              -111.64827204039797,
              40.302142253783295
            ],
            [
              -111.64851682278886,
              40.30300168834211
            ],
            [
              -111.65058525855996,
              40.30297824845413
            ],
            [
              -111.65059377199505,
              40.30298103845562
            ],
            [
              -111.65214241787321,
              40.302971339605904
            ],
            [
              -111.65389013392199,
              40.30294835389863
            ],
            [
              -111.65391368287885,
              40.30321519188613
            ],
            [
              -111.65402033796497,
              40.30321125514765
            ],
            [
              -111.65405447680786,
              40.30322072354427
            ],
            [
              -111.65447632009335,
              40.303206085086686
            ],
            [
              -111.65449707110442,
              40.303431462299166
            ],
            [
              -111.65449709699033,
              40.303432507902265
            ],
            [
              -111.65451863878982,
              40.303666289675824
            ],
            [
              -111.65478865970644,
              40.303643752290284
            ],
            [
              -111.65508416953725,
              40.303619087371644
            ],
            [
              -111.65508431158982,
              40.30367973594624
            ],
            [
              -111.6553414737494,
              40.303842890165775
            ],
            [
              -111.6551176272551,
              40.304800005835844
            ],
            [
              -111.65511743009245,
              40.304801770441046
            ],
            [
              -111.65510276022897,
              40.30505448999311
            ],
            [
              -111.65508893228493,
              40.3050562105496
            ],
            [
              -111.65450492978947,
              40.305128889203466
            ],
            [
              -111.65450727349686,
              40.305087338928885
            ],
            [
              -111.65440147136378,
              40.30510042092293
            ],
            [
              -111.6544022818775,
              40.305089981496636
            ],
            [
              -111.65345522967446,
              40.30519811208579
            ],
            [
              -111.65345815352748,
              40.30580887171443
            ],
            [
              -111.65466458429616,
              40.30567004576754
            ],
            [
              -111.6546327886091,
              40.30608095726439
            ],
            [
              -111.65432285461088,
              40.30611702137738
            ],
            [
              -111.6543179107718,
              40.30618095222879
            ],
            [
              -111.65419103411215,
              40.30640823538923
            ],
            [
              -111.65422347858755,
              40.306400114777354
            ],
            [
              -111.65431254919787,
              40.30660139068372
            ],
            [
              -111.65432454489884,
              40.30662849653675
            ],
            [
              -111.65333334071597,
              40.306622065165136
            ],
            [
              -111.65323109208718,
              40.30662140135113
            ],
            [
              -111.65323098738554,
              40.30662140058783
            ],
            [
              -111.65313876818831,
              40.30662152510302
            ],
            [
              -111.65313880395145,
              40.30664225134981
            ],
            [
              -111.6531388055869,
              40.306642982662616
            ],
            [
              -111.65310135296262,
              40.30664954603437
            ],
            [
              -111.65266570058367,
              40.30672586124469
            ],
            [
              -111.6526629719689,
              40.30630769946254
            ],
            [
              -111.65269499022972,
              40.30589734935129
            ],
            [
              -111.65203781899662,
              40.30597357148354
            ],
            [
              -111.65203724179682,
              40.30571412739654
            ],
            [
              -111.65112416480345,
              40.30571531655413
            ],
            [
              -111.65120003179696,
              40.3060480198908
            ],
            [
              -111.65120021059754,
              40.3061289983886
            ],
            [
              -111.65093303858276,
              40.30578701905366
            ],
            [
              -111.65030696148209,
              40.30574187673246
            ],
            [
              -111.64980989011268,
              40.305960691132114
            ],
            [
              -111.64981093778145,
              40.30643957951707
            ],
            [
              -111.64999918949042,
              40.30660685142053
            ],
            [
              -111.6500299146164,
              40.30663415251857
            ],
            [
              -111.649728252721,
              40.30663193487126
            ],
            [
              -111.64909226090649,
              40.30662725703415
            ],
            [
              -111.64815342615078,
              40.30662845222253
            ],
            [
              -111.6481529132401,
              40.30662845287293
            ],
            [
              -111.64814580888451,
              40.30662842855811
            ],
            [
              -111.6482946273657,
              40.31201336041302
            ],
            [
              -111.63886856722453,
              40.31196925749845
            ],
            [
              -111.63884734775004,
              40.311969157528175
            ],
            [
              -111.63885060077344,
              40.31206431267774
            ],
            [
              -111.63897884665703,
              40.315814887362755
            ],
            [
              -111.62976054822235,
              40.316109981905214
            ],
            [
              -111.62032191997876,
              40.316101826394224
            ],
            [
              -111.62032568551187,
              40.31971873981897
            ],
            [
              -111.62502644181498,
              40.319827817499046
            ],
            [
              -111.62512175152382,
              40.32341026703531
            ],
            [
              -111.62541046614719,
              40.3234149533482
            ],
            [
              -111.62650905799275,
              40.32527715726329
            ],
            [
              -111.63022146871549,
              40.325294299266126
            ],
            [
              -111.63022550748043,
              40.32529566642277
            ],
            [
              -111.63022865010747,
              40.325296691438524
            ],
            [
              -111.63023223903942,
              40.32529788797681
            ],
            [
              -111.63023537964041,
              40.32529908501464
            ],
            [
              -111.63023851939548,
              40.32530045587459
            ],
            [
              -111.6302416626758,
              40.32530182402868
            ],
            [
              -111.63024480124923,
              40.32530319218788
            ],
            [
              -111.63024794453663,
              40.32530456394427
            ],
            [
              -111.63025063595259,
              40.32530593080045
            ],
            [
              -111.63025377838562,
              40.32530747187575
            ],
            [
              -111.63025691846877,
              40.32530901475493
            ],
            [
              -111.63025961021411,
              40.325310554531185
            ],
            [
              -111.63026275264585,
              40.325312094705666
            ],
            [
              -111.63026544556813,
              40.32531363448044
            ],
            [
              -111.6302685883292,
              40.32531534757505
            ],
            [
              -111.63027128040412,
              40.32531706027129
            ],
            [
              -111.63027397601275,
              40.3253187747648
            ],
            [
              -111.63027666723514,
              40.325320657680656
            ],
            [
              -111.63027936283889,
              40.32532236947217
            ],
            [
              -111.63028205406668,
              40.3253242550898
            ],
            [
              -111.63028474764297,
              40.32532613800277
            ],
            [
              -111.63028744357452,
              40.32532802181379
            ],
            [
              -111.63028968647153,
              40.32532990793105
            ],
            [
              -111.63029238272905,
              40.325331962860936
            ],
            [
              -111.63029597375436,
              40.32533487599268
            ],
            [
              -111.63029867001227,
              40.32533693092243
            ],
            [
              -111.63030091441404,
              40.325338989057784
            ],
            [
              -111.6303031591365,
              40.325341215610266
            ],
            [
              -111.6303054070687,
              40.325343273741616
            ],
            [
              -111.63030765178975,
              40.32534549939342
            ],
            [
              -111.6303098965143,
              40.32534772684638
            ],
            [
              -111.63031169644134,
              40.32534995659653
            ],
            [
              -111.63031394116449,
              40.3253521831488
            ],
            [
              -111.63031573873828,
              40.32535441290152
            ],
            [
              -111.63031798699357,
              40.32535664035037
            ],
            [
              -111.63031978371666,
              40.325359041223386
            ],
            [
              -111.63032157925797,
              40.32536143939578
            ],
            [
              -111.63032337801238,
              40.32536367094833
            ],
            [
              -111.63032517825916,
              40.32536606821478
            ],
            [
              -111.63032697531017,
              40.32536864110731
            ],
            [
              -111.63032832369896,
              40.32537104067891
            ],
            [
              -111.63033012159948,
              40.32537344155038
            ],
            [
              -111.63033147384438,
              40.325376012237044
            ],
            [
              -111.63033327056843,
              40.32537841310981
            ],
            [
              -111.63033461928337,
              40.32538098380033
            ],
            [
              -111.63033596918034,
              40.3253835571914
            ],
            [
              -111.63033732109986,
              40.32538595675891
            ],
            [
              -111.63033866982023,
              40.325388530151265
            ],
            [
              -111.6303395713807,
              40.32539110134039
            ],
            [
              -111.63034092160377,
              40.32539384585048
            ],
            [
              -111.63034182080925,
              40.32539641614158
            ],
            [
              -111.63034317541536,
              40.32539899042795
            ],
            [
              -111.63034407613034,
              40.32540173543928
            ],
            [
              -111.63034497769118,
              40.32540430662838
            ],
            [
              -111.63034587958302,
              40.325407051638386
            ],
            [
              -111.63034677996897,
              40.32540962372942
            ],
            [
              -111.63034723352747,
              40.325412368338824
            ],
            [
              -111.63034813541613,
              40.32541511154756
            ],
            [
              -111.6303485874739,
              40.32541768593987
            ],
            [
              -111.63034949289107,
              40.325420428244016
            ],
            [
              -111.63034994762822,
              40.325423173752704
            ],
            [
              -111.63035040119038,
              40.32542592016336
            ],
            [
              -111.63035085357072,
              40.32542866387342
            ],
            [
              -111.63035085879763,
              40.325431408982865
            ],
            [
              -111.630351311178,
              40.32543415269293
            ],
            [
              -111.63035131640835,
              40.325436899603616
            ],
            [
              -111.63035176996208,
              40.32543964151112
            ],
            [
              -111.63035177519245,
              40.32544238842179
            ],
            [
              -111.63035178041596,
              40.32544513172996
            ],
            [
              -111.6303517853188,
              40.32544770662101
            ],
            [
              -111.63035179054744,
              40.325450452631046
            ],
            [
              -111.63035179577267,
              40.325453196839845
            ],
            [
              -111.63035135266931,
              40.32545594334994
            ],
            [
              -111.63035091073915,
              40.3254586880575
            ],
            [
              -111.63035091596778,
              40.32546143406755
            ],
            [
              -111.63035047403588,
              40.32546417787445
            ],
            [
              -111.63035002858061,
              40.32546692528777
            ],
            [
              -111.63034958664691,
              40.32546966819406
            ],
            [
              -111.63034914001659,
              40.32547241650935
            ],
            [
              -111.6303482485808,
              40.32547516351947
            ],
            [
              -111.63034780514613,
              40.325477736208654
            ],
            [
              -111.6303469148852,
              40.325480482316834
            ],
            [
              -111.63034602344582,
              40.32548322752567
            ],
            [
              -111.63034513286067,
              40.3254858034155
            ],
            [
              -111.63034424141763,
              40.32548854682305
            ],
            [
              -111.63034334965906,
              40.32549112451537
            ],
            [
              -111.63034245553666,
              40.32549369680656
            ],
            [
              -111.6303411157697,
              40.32549644521724
            ],
            [
              -111.63034022517904,
              40.32549901840513
            ],
            [
              -111.63033888508437,
              40.325501594796165
            ],
            [
              -111.63033754498963,
              40.32550417118718
            ],
            [
              -111.63033665086857,
              40.32550674437893
            ],
            [
              -111.63033486211373,
              40.32550914925027
            ],
            [
              -111.6303335231902,
              40.32551172293807
            ],
            [
              -111.63033218427178,
              40.32551429932768
            ],
            [
              -111.63033084384558,
              40.32551670189775
            ],
            [
              -111.63032905306434,
              40.32551927879126
            ],
            [
              -111.63032726430374,
              40.32552168096062
            ],
            [
              -111.63032592505736,
              40.32552408533053
            ],
            [
              -111.63032413394482,
              40.325526488403064
            ],
            [
              -111.63032234519073,
              40.32552889417481
            ],
            [
              -111.63032055845738,
              40.32553112522243
            ],
            [
              -111.63031832136704,
              40.32553352969282
            ],
            [
              -111.63031652992993,
              40.32553576254682
            ],
            [
              -111.6303147423452,
              40.325538164714665
            ],
            [
              -111.63031250610887,
              40.32554039986584
            ],
            [
              -111.63031026633534,
              40.32554263141842
            ],
            [
              -111.6303084784279,
              40.32554486426841
            ],
            [
              -111.63030624186032,
              40.325546925598566
            ],
            [
              -111.6303040009148,
              40.32554915985421
            ],
            [
              -111.63030176434347,
              40.32555121938307
            ],
            [
              -111.63029908062289,
              40.325553283012916
            ],
            [
              -111.63029683934607,
              40.32555534344752
            ],
            [
              -111.63029460395454,
              40.32555740477612
            ],
            [
              -111.63029191552317,
              40.325559466609825
            ],
            [
              -111.63028833676476,
              40.32556238683418
            ],
            [
              -111.63028564800915,
              40.32556427844932
            ],
            [
              -111.63028296160329,
              40.32556616826051
            ],
            [
              -111.63028027637577,
              40.325568058970916
            ],
            [
              -111.63027758729055,
              40.32556977766559
            ],
            [
              -111.63027490323603,
              40.32557166657336
            ],
            [
              -111.63027221415402,
              40.32557338706918
            ],
            [
              -111.63026952859859,
              40.32557510575973
            ],
            [
              -111.63026639117652,
              40.32557682315264
            ],
            [
              -111.63026370412192,
              40.32557837252658
            ],
            [
              -111.63026102091784,
              40.325580090313665
            ],
            [
              -111.63025788316972,
              40.32558163658736
            ],
            [
              -111.63025474896027,
              40.32558318736013
            ],
            [
              -111.63025205921925,
              40.32558456201488
            ],
            [
              -111.6302489261777,
              40.32558610828308
            ],
            [
              -111.63024578810867,
              40.325587486139256
            ],
            [
              -111.63024265591798,
              40.325588861286946
            ],
            [
              -111.63023951549185,
              40.32559023734433
            ],
            [
              -111.6302363829771,
              40.325591442273456
            ],
            [
              -111.63023324340192,
              40.325592647210335
            ],
            [
              -111.63022831532868,
              40.32559453951828
            ],
            [
              -111.63022338810474,
              40.32559625980509
            ],
            [
              -111.63021845938177,
              40.3255978107752
            ],
            [
              -111.63021531947871,
              40.32559884369197
            ],
            [
              -111.63021173712625,
              40.32559987710161
            ],
            [
              -111.63020680807037,
              40.32560125334974
            ],
            [
              -111.63020322657238,
              40.325602117440035
            ],
            [
              -111.63020008516675,
              40.32560297923872
            ],
            [
              -111.63019649980777,
              40.32560366951185
            ],
            [
              -111.63019291562377,
              40.325604358882934
            ],
            [
              -111.62981196070473,
              40.325683539000025
            ],
            [
              -111.62980882602292,
              40.325684227860066
            ],
            [
              -111.62980523862844,
              40.325685090143416
            ],
            [
              -111.62980165444135,
              40.32568578220437
            ],
            [
              -111.62979851623085,
              40.32568647196866
            ],
            [
              -111.62979492883616,
              40.325687334251676
            ],
            [
              -111.62979134614483,
              40.325688194728194
            ],
            [
              -111.62978820675741,
              40.325688884493466
            ],
            [
              -111.62978462406765,
              40.32568974587035
            ],
            [
              -111.62978103667605,
              40.32569060995427
            ],
            [
              -111.62977610963577,
              40.32569181596314
            ],
            [
              -111.62977252223882,
              40.32569267734492
            ],
            [
              -111.62976938435209,
              40.32569353822739
            ],
            [
              -111.62976580048509,
              40.32569439960505
            ],
            [
              -111.62976087024359,
              40.32569577943811
            ],
            [
              -111.62975728787917,
              40.32569681283381
            ],
            [
              -111.62975414881363,
              40.32569767281655
            ],
            [
              -111.62975056259452,
              40.32569853509696
            ],
            [
              -111.62974742856176,
              40.32569956709393
            ],
            [
              -111.62974384149517,
              40.32570060319632
            ],
            [
              -111.62973891477783,
              40.32570198032267
            ],
            [
              -111.62973577721453,
              40.32570301232326
            ],
            [
              -111.62973219367089,
              40.32570404481887
            ],
            [
              -111.62972726375402,
              40.32570559667018
            ],
            [
              -111.6297241250137,
              40.32570662867176
            ],
            [
              -111.62972054264982,
              40.32570766296695
            ],
            [
              -111.62971561272559,
              40.32570921121523
            ],
            [
              -111.62971068313213,
              40.325710934184826
            ],
            [
              -111.62970575353332,
              40.32571265445236
            ],
            [
              -111.62970082713855,
              40.325714202696126
            ],
            [
              -111.62969768990686,
              40.32571541031782
            ],
            [
              -111.62969276030744,
              40.3257171305848
            ],
            [
              -111.62968962542035,
              40.325718333700564
            ],
            [
              -111.62968469464887,
              40.325720056670335
            ],
            [
              -111.62967976655139,
              40.32572194895508
            ],
            [
              -111.6296766316639,
              40.32572315207053
            ],
            [
              -111.62967349560809,
              40.32572435969028
            ],
            [
              -111.6296703598678,
              40.325725733925864
            ],
            [
              -111.62966722145143,
              40.32572693794555
            ],
            [
              -111.62966229805986,
              40.325728830224314
            ],
            [
              -111.6296591572932,
              40.32573003604769
            ],
            [
              -111.6296560239092,
              40.325731412081524
            ],
            [
              -111.62965288699324,
              40.32573278721852
            ],
            [
              -111.62964975210645,
              40.32573399123383
            ],
            [
              -111.62964661519528,
              40.325735369072554
            ],
            [
              -111.62964347945737,
              40.32573674510866
            ],
            [
              -111.62964034253744,
              40.325738118444086
            ],
            [
              -111.6296372079828,
              40.3257394980812
            ],
            [
              -111.62963406988932,
              40.325740873219026
            ],
            [
              -111.62963093650262,
              40.32574224835152
            ],
            [
              -111.62962779841052,
              40.32574362438979
            ],
            [
              -111.62962466385198,
              40.32574500222535
            ],
            [
              -111.62962197441595,
              40.32574654798453
            ],
            [
              -111.62961884102874,
              40.325747923116744
            ],
            [
              -111.62961570326533,
              40.32574947297559
            ],
            [
              -111.62961256987954,
              40.325750849008244
            ],
            [
              -111.6296094309323,
              40.325752395265674
            ],
            [
              -111.62960674588369,
              40.325753772602184
            ],
            [
              -111.6296036081146,
              40.32575531975888
            ],
            [
              -111.62960047387558,
              40.32575686691144
            ],
            [
              -111.62959778914716,
              40.32575841356551
            ],
            [
              -111.62959465137934,
              40.32575996162253
            ],
            [
              -111.62959151714156,
              40.325761509675566
            ],
            [
              -111.62958882770417,
              40.325763055433995
            ],
            [
              -111.62958569464627,
              40.325764605286814
            ],
            [
              -111.6295830052086,
              40.32576615104511
            ],
            [
              -111.62957987096854,
              40.32576769819719
            ],
            [
              -111.6295771818596,
              40.32576941777631
            ],
            [
              -111.62957404762105,
              40.325770965828816
            ],
            [
              -111.62957136053633,
              40.32577251158425
            ],
            [
              -111.629568225448,
              40.32577423255821
            ],
            [
              -111.62956553836301,
              40.325775778313535
            ],
            [
              -111.62956240209256,
              40.32577749658672
            ],
            [
              -111.62955971769311,
              40.325779217961404
            ],
            [
              -111.62955702825428,
              40.32578076371912
            ],
            [
              -111.62955389669206,
              40.32578248288752
            ],
            [
              -111.62955120640511,
              40.325784202467304
            ],
            [
              -111.62954851964489,
              40.32578592024181
            ],
            [
              -111.62954583053106,
              40.32578763801893
            ],
            [
              -111.62954269779485,
              40.325789358989574
            ],
            [
              -111.62954000868243,
              40.325791077667155
            ],
            [
              -111.62953732427346,
              40.325792794538195
            ],
            [
              -111.62953463783964,
              40.32579468523269
            ],
            [
              -111.6295319499053,
              40.325796404809374
            ],
            [
              -111.62952926432595,
              40.32579812528407
            ],
            [
              -111.62952657318142,
              40.325800014182306
            ],
            [
              -111.62952388995016,
              40.32580173195239
            ],
            [
              -111.62952120116394,
              40.32580362354973
            ],
            [
              -111.62951851558061,
              40.32580534222289
            ],
            [
              -111.6295158314925,
              40.32580722931184
            ],
            [
              -111.62951314271095,
              40.32580912361091
            ],
            [
              -111.62951045627082,
              40.325811011603
            ],
            [
              -111.62950776833857,
              40.32581273298036
            ],
            [
              -111.62950508307657,
              40.32581462187157
            ],
            [
              -111.6295023978161,
              40.32581651166337
            ],
            [
              -111.62949970902872,
              40.325818403260286
            ],
            [
              -111.62949613022136,
              40.32582132255954
            ],
            [
              -111.6294934414336,
              40.32582321415627
            ],
            [
              -111.62949075617078,
              40.32582510304716
            ],
            [
              -111.6294885157138,
              40.32582699234574
            ],
            [
              -111.62948583078118,
              40.32582905595807
            ],
            [
              -111.62948314551792,
              40.3258309448488
            ],
            [
              -111.6294809053893,
              40.32583300796812
            ],
            [
              -111.62947822012745,
              40.32583489775936
            ],
            [
              -111.62947597999691,
              40.32583695997795
            ],
            [
              -111.62947329473478,
              40.3258388497691
            ],
            [
              -111.629471058129,
              40.325840909281816
            ],
            [
              -111.62946836966509,
              40.32584297289763
            ],
            [
              -111.62946613508889,
              40.32584486128865
            ],
            [
              -111.62946344544793,
              40.325846924905655
            ],
            [
              -111.62946120884334,
              40.3258489853188
            ],
            [
              -111.62945897223857,
              40.32585104573195
            ],
            [
              -111.62945628377389,
              40.32585310934745
            ],
            [
              -111.62945404716886,
              40.325855169760494
            ],
            [
              -111.62945180939204,
              40.32585723287665
            ],
            [
              -111.6294491209201,
              40.32585929288949
            ],
            [
              -111.62944688549646,
              40.32586135600297
            ],
            [
              -111.62944464535899,
              40.3258634155191
            ],
            [
              -111.6294424090785,
              40.32586564795154
            ],
            [
              -111.629440171301,
              40.32586771106749
            ],
            [
              -111.62943793116477,
              40.325869771484115
            ],
            [
              -111.62943569606233,
              40.3258720048157
            ],
            [
              -111.62943345945604,
              40.325874065228334
            ],
            [
              -111.629431218473,
              40.325876300367625
            ],
            [
              -111.62942898186473,
              40.32587835987956
            ],
            [
              -111.62942674558154,
              40.32588059141105
            ],
            [
              -111.62942450577481,
              40.32588282654892
            ],
            [
              -111.62942226916788,
              40.325884886961326
            ],
            [
              -111.62942003288765,
              40.32588712029394
            ],
            [
              -111.62941824258704,
              40.325889352232004
            ],
            [
              -111.62941600513147,
              40.32589158646647
            ],
            [
              -111.62941376767242,
              40.325893818899615
            ],
            [
              -111.62941152903818,
              40.32589605223472
            ],
            [
              -111.62940973991037,
              40.325898282370076
            ],
            [
              -111.62940750245771,
              40.32590051840562
            ],
            [
              -111.62940526381792,
              40.325902749038704
            ],
            [
              -111.62940347586989,
              40.3259049809739
            ],
            [
              -111.62940123959181,
              40.32590721610739
            ],
            [
              -111.62939944693485,
              40.32590944714713
            ],
            [
              -111.62939721097824,
              40.32591185249892
            ],
            [
              -111.62939542420644,
              40.32591408443276
            ],
            [
              -111.6293936327293,
              40.325916317272316
            ],
            [
              -111.62939139559214,
              40.325918720824035
            ],
            [
              -111.6293896076449,
              40.32592095365969
            ],
            [
              -111.62938782002095,
              40.325923357614286
            ],
            [
              -111.62938557903144,
              40.32592559095144
            ],
            [
              -111.62938379258402,
              40.325927994904674
            ],
            [
              -111.62938200346127,
              40.32593022864211
            ],
            [
              -111.62938021230327,
              40.32593263079925
            ],
            [
              -111.6293784235054,
              40.32593503655623
            ],
            [
              -111.62937618839541,
              40.325937268085426
            ],
            [
              -111.62937439606367,
              40.325939672045
            ],
            [
              -111.62937260843876,
              40.32594207599937
            ],
            [
              -111.62937081964037,
              40.32594448175626
            ],
            [
              -111.62936903319023,
              40.325946884808616
            ],
            [
              -111.62936679414466,
              40.325950147561294
            ],
            [
              -111.62875501292883,
              40.32678981496485
            ],
            [
              -111.62857926837472,
              40.32699067195476
            ],
            [
              -111.62804883144797,
              40.32698813636433
            ],
            [
              -111.62805200309326,
              40.3282477471875
            ],
            [
              -111.62852215544181,
              40.3281456529332
            ],
            [
              -111.63072621175282,
              40.327595349350396
            ],
            [
              -111.63161686134656,
              40.32745793792497
            ],
            [
              -111.63259663060241,
              40.32750227969829
            ],
            [
              -111.63366599208868,
              40.32750104533149
            ],
            [
              -111.6343491227776,
              40.327636649498665
            ],
            [
              -111.63460577620033,
              40.32773174597033
            ],
            [
              -111.6348842941281,
              40.32799975697879
            ],
            [
              -111.63550909985535,
              40.328567094260556
            ],
            [
              -111.63598487113441,
              40.32881651531645
            ],
            [
              -111.63648974127919,
              40.328815918685144
            ],
            [
              -111.63791476988,
              40.32863235683371
            ],
            [
              -111.63853841572116,
              40.32860896394777
            ],
            [
              -111.63928056829792,
              40.32865353562382
            ],
            [
              -111.63981498777999,
              40.328630069305696
            ],
            [
              -111.64023075451665,
              40.3284705203427
            ],
            [
              -111.64052693036831,
              40.328152068298856
            ],
            [
              -111.64135475088877,
              40.32646931833057
            ],
            [
              -111.64227257853346,
              40.324968146631164
            ],
            [
              -111.64286468688195,
              40.32424012600741
            ],
            [
              -111.6434283945029,
              40.32387586601683
            ],
            [
              -111.6442586697396,
              40.32342033977731
            ],
            [
              -111.64725480447527,
              40.32209837589468
            ],
            [
              -111.64793723035216,
              40.32171112493945
            ],
            [
              -111.64854944299688,
              40.32120008568408
            ],
            [
              -111.64856197434877,
              40.321189775554124
            ],
            [
              -111.64850668902561,
              40.319672984789506
            ],
            [
              -111.64840068393804,
              40.31584313172444
            ],
            [
              -111.65312011686702,
              40.31575444392494
            ],
            [
              -111.65405431726771,
              40.31573690286441
            ],
            [
              -111.65416303330724,
              40.31563896260153
            ],
            [
              -111.65433211854568,
              40.315474370526935
            ],
            [
              -111.65448016116224,
              40.315323189406236
            ],
            [
              -111.65463574771779,
              40.31513682663604
            ],
            [
              -111.65476804585123,
              40.31496027355499
            ],
            [
              -111.65491057410547,
              40.31475025097982
            ],
            [
              -111.65521098689591,
              40.31418246140298
            ],
            [
              -111.65547889615912,
              40.31371285158427
            ],
            [
              -111.65571771677787,
              40.31307188411051
            ],
            [
              -111.6559917052011,
              40.31232277334563
            ],
            [
              -111.65616875078015,
              40.31172169057499
            ],
            [
              -111.6562007083565,
              40.311580099907964
            ],
            [
              -111.65621021268878,
              40.311423613959306
            ],
            [
              -111.65618381129192,
              40.31124727471874
            ],
            [
              -111.65615116991893,
              40.31108586999156
            ],
            [
              -111.65594160280664,
              40.31019603712207
            ],
            [
              -111.65569933820753,
              40.30931294071742
            ],
            [
              -111.65563792918266,
              40.308866992806145
            ],
            [
              -111.65561548041137,
              40.3087039729058
            ],
            [
              -111.65560440199341,
              40.30845500659155
            ],
            [
              -111.65572078479596,
              40.308456733857334
            ],
            [
              -111.65659151836103,
              40.30844522360739
            ],
            [
              -111.65704541687066,
              40.30843922769056
            ],
            [
              -111.65697019020088,
              40.30857389516246
            ],
            [
              -111.65693728284292,
              40.308739673070264
            ],
            [
              -111.6571882005717,
              40.30923502105072
            ],
            [
              -111.65722187702701,
              40.30938285074601
            ],
            [
              -111.65699145405057,
              40.30950614387957
            ],
            [
              -111.6569915448788,
              40.30950624913163
            ],
            [
              -111.65702492288831,
              40.309548683297734
            ],
            [
              -111.65705335442453,
              40.30959457880643
            ],
            [
              -111.65707648395558,
              40.309643361741614
            ],
            [
              -111.65709402225029,
              40.30969442208032
            ],
            [
              -111.65710574999507,
              40.30974712132105
            ],
            [
              -111.65710576910557,
              40.309747246483376
            ],
            [
              -111.65710579058342,
              40.30974737794699
            ],
            [
              -111.6571134722451,
              40.3098149961211
            ],
            [
              -111.6571144686998,
              40.30988304193268
            ],
            [
              -111.65710877029223,
              40.30995085604291
            ],
            [
              -111.65709643223785,
              40.31001778135808
            ],
            [
              -111.65709640194953,
              40.310017911990606
            ],
            [
              -111.65732204687878,
              40.310050447269944
            ],
            [
              -111.65732070200097,
              40.31013024968843
            ],
            [
              -111.65724288862606,
              40.31030406406375
            ],
            [
              -111.65782268882232,
              40.310318647129584
            ],
            [
              -111.65780962940423,
              40.309737967965404
            ],
            [
              -111.65782533490334,
              40.309737877402696
            ],
            [
              -111.65785537534727,
              40.309737704427086
            ],
            [
              -111.65785543171535,
              40.309737660219874
            ],
            [
              -111.65785550013753,
              40.309739782920225
            ],
            [
              -111.65817165619733,
              40.31011596866874
            ],
            [
              -111.65817410408692,
              40.31011888070468
            ],
            [
              -111.65819846383832,
              40.31011883151305
            ],
            [
              -111.65928137626767,
              40.3101191624125
            ],
            [
              -111.65930963613116,
              40.31011917071663
            ],
            [
              -111.65932433396182,
              40.3101299024351
            ],
            [
              -111.65928844840533,
              40.31013046562551
            ],
            [
              -111.65929386972279,
              40.31013913583589
            ],
            [
              -111.65929577205972,
              40.31013913324229
            ],
            [
              -111.65947253044851,
              40.310422225926324
            ],
            [
              -111.66027033905758,
              40.31169994489435
            ],
            [
              -111.66226842267365,
              40.30854263602409
            ],
            [
              -111.66237403780298,
              40.308469912620005
            ],
            [
              -111.66248860209123,
              40.30839134326769
            ],
            [
              -111.66324564820152,
              40.3078095051763
            ],
            [
              -111.66352874536463,
              40.30735186817411
            ],
            [
              -111.66370267423653,
              40.30679349617747
            ],
            [
              -111.66390613072443,
              40.306400481209245
            ],
            [
              -111.66426691850697,
              40.30582176895151
            ],
            [
              -111.66466395804476,
              40.30541063231318
            ],
            [
              -111.66491950632881,
              40.30468777810879
            ],
            [
              -111.66511699223307,
              40.30442687882599
            ],
            [
              -111.66539749570553,
              40.30364908264199
            ],
            [
              -111.66545446951872,
              40.302926338489016
            ],
            [
              -111.66556529117275,
              40.30260122320061
            ],
            [
              -111.66591010722678,
              40.30229018226517
            ],
            [
              -111.66619371069245,
              40.301873712494576
            ],
            [
              -111.66667071149887,
              40.30136654417791
            ],
            [
              -111.66667389697851,
              40.301018076382206
            ],
            [
              -111.66675322424709,
              40.3006463364278
            ],
            [
              -111.66667036469687,
              40.30030039514078
            ],
            [
              -111.66646698221096,
              40.29997092437743
            ],
            [
              -111.66632891938484,
              40.29940647787198
            ],
            [
              -111.66650083417868,
              40.29914338311598
            ],
            [
              -111.66652132697426,
              40.29890864081525
            ],
            [
              -111.66669332461653,
              40.2984962758908
            ],
            [
              -111.6667228897481,
              40.29775109363344
            ],
            [
              -111.66699817046529,
              40.29742265061435
            ],
            [
              -111.66698200919664,
              40.29667598970346
            ],
            [
              -111.66726966378312,
              40.296647435949296
            ],
            [
              -111.66790362535298,
              40.296383666450716
            ],
            [
              -111.66800082312918,
              40.296178496608704
            ],
            [
              -111.66803691090178,
              40.296090773055184
            ],
            [
              -111.66811628953226,
              40.29611330356893
            ],
            [
              -111.66828128551334,
              40.29577678057644
            ],
            [
              -111.66806259986156,
              40.29578362052752
            ],
            [
              -111.66809882334374,
              40.295568241283526
            ],
            [
              -111.66822925649988,
              40.2952087801618
            ],
            [
              -111.66823059213692,
              40.295205689051095
            ],
            [
              -111.6682314820862,
              40.29520311554822
            ],
            [
              -111.66823281898623,
              40.29520053869972
            ],
            [
              -111.66823370733879,
              40.29519779407799
            ],
            [
              -111.66823504659104,
              40.295195217226095
            ],
            [
              -111.6682359388924,
              40.29519264371982
            ],
            [
              -111.66823727579208,
              40.29519006687128
            ],
            [
              -111.66823861269162,
              40.295187490022755
            ],
            [
              -111.66823995077615,
              40.29518491677501
            ],
            [
              -111.66824128926987,
              40.29518251014463
            ],
            [
              -111.66824262970438,
              40.295179935992856
            ],
            [
              -111.66824396660351,
              40.29517735914423
            ],
            [
              -111.66824575324151,
              40.29517495637153
            ],
            [
              -111.66824709014044,
              40.29517237952289
            ],
            [
              -111.66824887912841,
              40.29516997584612
            ],
            [
              -111.66825021644749,
              40.29516757011796
            ],
            [
              -111.66825200266464,
              40.2951649962246
            ],
            [
              -111.66825378811478,
              40.29516258895033
            ],
            [
              -111.66825557828066,
              40.29516018617239
            ],
            [
              -111.66825736373492,
              40.29515778069929
            ],
            [
              -111.66825914919575,
              40.29515537792807
            ],
            [
              -111.66826093859656,
              40.29515314266977
            ],
            [
              -111.66826272405714,
              40.29515073989852
            ],
            [
              -111.6682645111142,
              40.29514850824606
            ],
            [
              -111.6682667446968,
              40.29514610032606
            ],
            [
              -111.66826853410817,
              40.29514386957077
            ],
            [
              -111.66827031998203,
              40.295141635218016
            ],
            [
              -111.6682725539934,
              40.29513940202098
            ],
            [
              -111.66827479035491,
              40.295137167919854
            ],
            [
              -111.66827702671623,
              40.29513493381871
            ],
            [
              -111.6682788114156,
              40.29513270036814
            ],
            [
              -111.66828105013126,
              40.29513046716415
            ],
            [
              -111.66828328455576,
              40.295128402385515
            ],
            [
              -111.66828551781724,
              40.29512634301236
            ],
            [
              -111.66828820348948,
              40.29512410916434
            ],
            [
              -111.66829043792022,
              40.29512204708745
            ],
            [
              -111.66829267705565,
              40.29511998500378
            ],
            [
              -111.66829491148165,
              40.29511792112558
            ],
            [
              -111.66829759447003,
              40.295116031324774
            ],
            [
              -111.66857534331818,
              40.29488880611697
            ],
            [
              -111.66878465955216,
              40.29471761504325
            ],
            [
              -111.66878734368535,
              40.29471572432861
            ],
            [
              -111.66878958161851,
              40.29471366313748
            ],
            [
              -111.66879181601634,
              40.2947115992495
            ],
            [
              -111.66879449855114,
              40.29470953741585
            ],
            [
              -111.6687967353011,
              40.29470747352434
            ],
            [
              -111.66879896970737,
              40.2947054132388
            ],
            [
              -111.66880165576583,
              40.294703349598585
            ],
            [
              -111.6688038913436,
              40.29470128750996
            ],
            [
              -111.6688061253255,
              40.29469905520302
            ],
            [
              -111.66880836325093,
              40.29469699130959
            ],
            [
              -111.66881059648034,
              40.294694931025475
            ],
            [
              -111.66881283163134,
              40.29469269601481
            ],
            [
              -111.66881506956078,
              40.29469063392257
            ],
            [
              -111.6688173035375,
              40.29468839981412
            ],
            [
              -111.66881953911653,
              40.29468633862581
            ],
            [
              -111.66882177544983,
              40.29468410631517
            ],
            [
              -111.66882401059787,
              40.294681870403664
            ],
            [
              -111.66882579644597,
              40.29467963784339
            ],
            [
              -111.6688280327744,
              40.29467740373132
            ],
            [
              -111.66883026793091,
              40.294675171422206
            ],
            [
              -111.66883205259577,
              40.294672936161625
            ],
            [
              -111.66883429128279,
              40.29467070474795
            ],
            [
              -111.66883607830205,
              40.29466847038452
            ],
            [
              -111.66883831110343,
              40.29466623717804
            ],
            [
              -111.66884010122912,
              40.29466383168887
            ],
            [
              -111.6688423340302,
              40.2946615984823
            ],
            [
              -111.66884411987499,
              40.294659365021054
            ],
            [
              -111.66884635813045,
              40.294656958884026
            ],
            [
              -111.66884814398159,
              40.29465472812469
            ],
            [
              -111.6688499305781,
              40.294652322640445
            ],
            [
              -111.66885171525058,
              40.294650090982074
            ],
            [
              -111.66885350537322,
              40.29464768459207
            ],
            [
              -111.66885573892765,
              40.29464528026289
            ],
            [
              -111.66885752552365,
              40.29464287477858
            ],
            [
              -111.66885931448076,
              40.29464047289333
            ],
            [
              -111.6688610991416,
              40.29463823673163
            ],
            [
              -111.66886243761385,
              40.29463583459688
            ],
            [
              -111.66886422303095,
              40.29463342821349
            ],
            [
              -111.66886601198537,
              40.29463102542752
            ],
            [
              -111.6688677981565,
              40.2946284479218
            ],
            [
              -111.66886958357988,
              40.29462604424022
            ],
            [
              -111.66887092086655,
              40.294623638504554
            ],
            [
              -111.66887270864427,
              40.29462123572016
            ],
            [
              -111.66887449641084,
              40.29461882843255
            ],
            [
              -111.66887583328413,
              40.294616255178774
            ],
            [
              -111.66887761987867,
              40.29461384969414
            ],
            [
              -111.6688789602781,
              40.29461127553457
            ],
            [
              -111.66888029874261,
              40.294608870697736
            ],
            [
              -111.66888208374303,
              40.29460629589535
            ],
            [
              -111.6688834222029,
              40.294603889257196
            ],
            [
              -111.66888476260414,
              40.29460131599823
            ],
            [
              -111.66888654877378,
              40.29459873849218
            ],
            [
              -111.66888788606826,
              40.29459633635884
            ],
            [
              -111.66888922293174,
              40.29459375950238
            ],
            [
              -111.66889056449766,
              40.29459118173842
            ],
            [
              -111.66889190019367,
              40.294588608486144
            ],
            [
              -111.66889323865279,
              40.29458620184785
            ],
            [
              -111.6688945767032,
              40.29458362949276
            ],
            [
              -111.66889591356171,
              40.29458105083498
            ],
            [
              -111.66889680348012,
              40.29457847822718
            ],
            [
              -111.66889814387149,
              40.29457590136548
            ],
            [
              -111.66889948191707,
              40.29457332720905
            ],
            [
              -111.6689003718263,
              40.29457075099867
            ],
            [
              -111.66890170827124,
              40.294568004822736
            ],
            [
              -111.66890304395751,
              40.294565427967775
            ],
            [
              -111.66890393740398,
              40.294562855354826
            ],
            [
              -111.6689052754402,
              40.29456027759575
            ],
            [
              -111.66890616535791,
              40.2945577049879
            ],
            [
              -111.66890705366627,
              40.29455495675797
            ],
            [
              -111.66890839171332,
              40.294552383502044
            ],
            [
              -111.66890928161973,
              40.29454980639099
            ],
            [
              -111.66891017345866,
              40.29454705905652
            ],
            [
              -111.66891106337609,
              40.2945444864486
            ],
            [
              -111.66891195286024,
              40.294541738216886
            ],
            [
              -111.6689128427753,
              40.29453916470831
            ],
            [
              -111.66891372990692,
              40.29453641648002
            ],
            [
              -111.66891461982185,
              40.29453384297136
            ],
            [
              -111.66891550931017,
              40.29453109654093
            ],
            [
              -111.66891640157507,
              40.29452852212825
            ],
            [
              -111.6689172910611,
              40.29452577479714
            ],
            [
              -111.66891818097571,
              40.29452320128851
            ],
            [
              -111.66891862115615,
              40.2945204546071
            ],
            [
              -111.66891951106179,
              40.294517877495885
            ],
            [
              -111.66896480177277,
              40.294346754737475
            ],
            [
              -111.66900405369313,
              40.29372423280005
            ],
            [
              -111.66900404649267,
              40.293721314743
            ],
            [
              -111.66900448784736,
              40.293718570760795
            ],
            [
              -111.66900448106917,
              40.29371582382441
            ],
            [
              -111.6690049212454,
              40.29371307894323
            ],
            [
              -111.66900491447163,
              40.29371033380813
            ],
            [
              -111.66900535699345,
              40.29370758622162
            ],
            [
              -111.6690057971696,
              40.293704841340485
            ],
            [
              -111.6690062401159,
              40.29370226577526
            ],
            [
              -111.6690066802964,
              40.293699522695356
            ],
            [
              -111.66900712281812,
              40.29369677510884
            ],
            [
              -111.6690075629941,
              40.293694030227684
            ],
            [
              -111.66900800316786,
              40.29369128444585
            ],
            [
              -111.66900844569616,
              40.29368853956127
            ],
            [
              -111.66900888586538,
              40.29368579197816
            ],
            [
              -111.66900932881141,
              40.293683216412916
            ],
            [
              -111.66900977369414,
              40.29368047242554
            ],
            [
              -111.66901066081303,
              40.29367772509639
            ],
            [
              -111.66901110334337,
              40.29367498111241
            ],
            [
              -111.66901154351235,
              40.29367223352925
            ],
            [
              -111.66901243341238,
              40.29366966001925
            ],
            [
              -111.66901287358354,
              40.29366691333673
            ],
            [
              -111.66901376306113,
              40.293664168706044
            ],
            [
              -111.66901465295427,
              40.293661592494075
            ],
            [
              -111.66901509429924,
              40.293658844909224
            ],
            [
              -111.6690159873074,
              40.29365610117402
            ],
            [
              -111.66901687602193,
              40.293653524063096
            ],
            [
              -111.66901776549702,
              40.29365077853172
            ],
            [
              -111.66901865539201,
              40.293648203220364
            ],
            [
              -111.66901954369072,
              40.29364545769067
            ],
            [
              -111.66902043240725,
              40.29364288148034
            ],
            [
              -111.66902132188423,
              40.2936401368496
            ],
            [
              -111.66902221530528,
              40.293637560632426
            ],
            [
              -111.66902310360598,
              40.29363481600334
            ],
            [
              -111.66902399467452,
              40.29363223978957
            ],
            [
              -111.66902488339512,
              40.29362966538048
            ],
            [
              -111.66902621981455,
              40.293626918301634
            ],
            [
              -111.6690271097067,
              40.29362434208952
            ],
            [
              -111.66902845125738,
              40.29362176792578
            ],
            [
              -111.66902933997324,
              40.29361919171537
            ],
            [
              -111.66903067799521,
              40.293616617556665
            ],
            [
              -111.66903156628634,
              40.29361386932495
            ],
            [
              -111.66903290313414,
              40.293611296068605
            ],
            [
              -111.6690342411469,
              40.29360871830734
            ],
            [
              -111.66903513457594,
              40.293606145692586
            ],
            [
              -111.6690364714146,
              40.29360356883363
            ],
            [
              -111.66903780825977,
              40.29360099467654
            ],
            [
              -111.6690391450982,
              40.29359841781756
            ],
            [
              -111.66904048471787,
              40.29359601477767
            ],
            [
              -111.66904182390846,
              40.29359343791525
            ],
            [
              -111.66904316192942,
              40.2935908637564
            ],
            [
              -111.66904449994367,
              40.29358828689564
            ],
            [
              -111.66904583721279,
              40.29358588475975
            ],
            [
              -111.66904762570223,
              40.29358330724701
            ],
            [
              -111.66904896371612,
              40.293580730386154
            ],
            [
              -111.66905030098275,
              40.29357832734955
            ],
            [
              -111.6690520871217,
              40.293575750740786
            ],
            [
              -111.66905342438595,
              40.293573346803534
            ],
            [
              -111.66905476592792,
              40.293570769937524
            ],
            [
              -111.66905655014324,
              40.29356836715463
            ],
            [
              -111.6690583367018,
              40.29356596076577
            ],
            [
              -111.66905967472162,
              40.29356338660668
            ],
            [
              -111.6690614636346,
              40.29356098111498
            ],
            [
              -111.66906324784719,
              40.29355857743136
            ],
            [
              -111.66906458745856,
              40.293556171689254
            ],
            [
              -111.66906637167533,
              40.29355376980684
            ],
            [
              -111.66906816058338,
              40.29355136251381
            ],
            [
              -111.66906994715005,
              40.293548959727275
            ],
            [
              -111.66907173253814,
              40.29354655604182
            ],
            [
              -111.66907352262643,
              40.293544150548215
            ],
            [
              -111.66907530801655,
              40.2935417477633
            ],
            [
              -111.6690770949962,
              40.293539512494775
            ],
            [
              -111.66907887920992,
              40.29353710971151
            ],
            [
              -111.66908111741823,
              40.29353470266851
            ],
            [
              -111.66908290440645,
              40.29353247100246
            ],
            [
              -111.66908468861085,
              40.293530064616505
            ],
            [
              -111.66908647795337,
              40.293527833847605
            ],
            [
              -111.66908871305505,
              40.29352559793023
            ],
            [
              -111.66909049726578,
              40.29352319424611
            ],
            [
              -111.6690927358957,
              40.29352095832353
            ],
            [
              -111.66909452053304,
              40.29351872756129
            ],
            [
              -111.66909675563416,
              40.29351649164374
            ],
            [
              -111.66909854497597,
              40.2935142608746
            ],
            [
              -111.66910077890066,
              40.29351202495866
            ],
            [
              -111.66910301165787,
              40.29350979264695
            ],
            [
              -111.669105251472,
              40.29350756032494
            ],
            [
              -111.66910703609975,
              40.29350532595996
            ],
            [
              -111.66910927120888,
              40.293503093644695
            ],
            [
              -111.66911150790992,
              40.29350102974641
            ],
            [
              -111.66911374184042,
              40.29349879653213
            ],
            [
              -111.66911597619107,
              40.293496733537786
            ],
            [
              -111.66911821482819,
              40.29349450121724
            ],
            [
              -111.66912044917635,
              40.293492437322215
            ],
            [
              -111.66912268193227,
              40.29349020501008
            ],
            [
              -111.66912492099151,
              40.29348814381002
            ],
            [
              -111.66912760228333,
              40.293486078367074
            ],
            [
              -111.66912983664201,
              40.293484018975036
            ],
            [
              -111.6691320756942,
              40.29348195507292
            ],
            [
              -111.66913431004818,
              40.29347989387951
            ],
            [
              -111.66913699604623,
              40.29347782933017
            ],
            [
              -111.66913923039995,
              40.29347576813665
            ],
            [
              -111.66914191405212,
              40.2934737062925
            ],
            [
              -111.66914414999985,
              40.29347181441655
            ],
            [
              -111.66914683365164,
              40.29346975257227
            ],
            [
              -111.6691490719515,
              40.293467860692836
            ],
            [
              -111.66915175207669,
              40.29346579975421
            ],
            [
              -111.66915398802834,
              40.29346390967934
            ],
            [
              -111.66915667445008,
              40.293462017150794
            ],
            [
              -111.6691593573476,
              40.29346012642857
            ],
            [
              -111.66942328297199,
              40.293264490063216
            ],
            [
              -111.66942641269658,
              40.29326208172031
            ],
            [
              -111.66942999323054,
              40.29325933318281
            ],
            [
              -111.6694326761081,
              40.29325744065291
            ],
            [
              -111.66943536294183,
              40.29325572103978
            ],
            [
              -111.66943804465183,
              40.29325383211402
            ],
            [
              -111.66944072795006,
              40.29325210980397
            ],
            [
              -111.66944341436225,
              40.2932502199706
            ],
            [
              -111.66944609884534,
              40.29324850126125
            ],
            [
              -111.66944923261636,
              40.293246778297544
            ],
            [
              -111.66945191592518,
              40.29324506049042
            ],
            [
              -111.66945460040117,
              40.29324333907897
            ],
            [
              -111.66945773300004,
              40.29324161791798
            ],
            [
              -111.66946041673407,
              40.29324007213192
            ],
            [
              -111.6694631035575,
              40.293238348915615
            ],
            [
              -111.66946623305978,
              40.293236802482745
            ],
            [
              -111.66946892107245,
              40.29323508466834
            ],
            [
              -111.66947205291568,
              40.2932335337287
            ],
            [
              -111.66947474017307,
              40.29323198613598
            ],
            [
              -111.66947787084649,
              40.29323043789978
            ],
            [
              -111.66948100740287,
              40.293228890555596
            ],
            [
              -111.66948368994858,
              40.293227340267535
            ],
            [
              -111.66948682457573,
              40.293225964047295
            ],
            [
              -111.66948995760318,
              40.293224416708
            ],
            [
              -111.66949309222343,
              40.29322303778567
            ],
            [
              -111.66949622406996,
              40.29322148864669
            ],
            [
              -111.6694989082258,
              40.29322011398034
            ],
            [
              -111.66950204284569,
              40.293218735057806
            ],
            [
              -111.66950517629374,
              40.29321735793811
            ],
            [
              -111.6695101009538,
              40.29321546485519
            ],
            [
              -111.66951323557772,
              40.29321408773357
            ],
            [
              -111.66951636944658,
              40.29321288083363
            ],
            [
              -111.66951950407022,
              40.29321150371186
            ],
            [
              -111.66952263676723,
              40.29321029861473
            ],
            [
              -111.66952577181189,
              40.29320909171277
            ],
            [
              -111.66952935262928,
              40.293207885965074
            ],
            [
              -111.66953248767824,
              40.293206680864245
            ],
            [
              -111.66953562079831,
              40.29320564688736
            ],
            [
              -111.66954054705205,
              40.29320392312086
            ],
            [
              -111.6695436832768,
              40.293202718017994
            ],
            [
              -111.66954726334315,
              40.293201684292754
            ],
            [
              -111.66955039999128,
              40.293200650310354
            ],
            [
              -111.66955532196323,
              40.29319909767074
            ],
            [
              -111.66955890673165,
              40.29319806303763
            ],
            [
              -111.66956204027679,
              40.29319720108137
            ],
            [
              -111.66956562386892,
              40.293196166449796
            ],
            [
              -111.66956875741613,
              40.29319530539396
            ],
            [
              -111.66957234217746,
              40.29319426805857
            ],
            [
              -111.66957726853103,
              40.293193060356096
            ],
            [
              -111.66958084902231,
              40.293192198651106
            ],
            [
              -111.66958577772567,
              40.29319099004419
            ],
            [
              -111.669589361743,
              40.293190127433164
            ],
            [
              -111.66959294500334,
              40.29318943414313
            ],
            [
              -111.6695960797238,
              40.29318857218425
            ],
            [
              -111.66974120618215,
              40.293158504324985
            ],
            [
              -111.66971683527908,
              40.29308991200057
            ],
            [
              -111.66971186939963,
              40.29307516405841
            ],
            [
              -111.66954569250719,
              40.2931097223991
            ],
            [
              -111.66937338210865,
              40.293200566678884
            ],
            [
              -111.66931629897921,
              40.293133050229315
            ],
            [
              -111.66958609403676,
              40.292412391316454
            ],
            [
              -111.66929976145461,
              40.2924224200886
            ],
            [
              -111.66939783098412,
              40.2914851454253
            ],
            [
              -111.66973194970842,
              40.29086373296423
            ],
            [
              -111.6697787871039,
              40.2904144856123
            ],
            [
              -111.66976659607478,
              40.29019506172012
            ],
            [
              -111.6694453139531,
              40.29020565682651
            ],
            [
              -111.66932849813173,
              40.28990077254906
            ],
            [
              -111.66932571782367,
              40.2898632010121
            ],
            [
              -111.66932108117958,
              40.28980024044449
            ],
            [
              -111.66931459183115,
              40.28971240420365
            ],
            [
              -111.66742266201437,
              40.28973060164569
            ],
            [
              -111.66742524164184,
              40.289686502652906
            ],
            [
              -111.66742653838367,
              40.28966608510456
            ],
            [
              -111.66751468170865,
              40.289425926658545
            ],
            [
              -111.66762774738616,
              40.28911710094169
            ],
            [
              -111.66757944740218,
              40.288972022304456
            ],
            [
              -111.66753508217276,
              40.28897140056161
            ],
            [
              -111.66756093716342,
              40.28891594262713
            ],
            [
              -111.66747877955335,
              40.288669685131985
            ],
            [
              -111.66739633080621,
              40.28867220532959
            ],
            [
              -111.6672861048642,
              40.288675625366224
            ],
            [
              -111.6672531871395,
              40.28785538256762
            ],
            [
              -111.66725093196362,
              40.287848864264724
            ],
            [
              -111.6671850811422,
              40.287673614790826
            ],
            [
              -111.66723930171018,
              40.287673536267256
            ],
            [
              -111.66735491219463,
              40.28767336797171
            ],
            [
              -111.6688567238495,
              40.286477891836576
            ],
            [
              -111.66885670481366,
              40.28647016977561
            ],
            [
              -111.66885741525975,
              40.28584667443655
            ],
            [
              -111.66885737719487,
              40.28583123301344
            ],
            [
              -111.66884988094498,
              40.283693784108614
            ],
            [
              -111.6688498644481,
              40.28368709146982
            ],
            [
              -111.6688500977898,
              40.28286954594917
            ],
            [
              -111.66884802922847,
              40.28286955254231
            ],
            [
              -111.66884802195894,
              40.28286183225695
            ],
            [
              -111.66860828920427,
              40.28286276761744
            ],
            [
              -111.66856672437146,
              40.282594494187094
            ],
            [
              -111.66856803144226,
              40.2825942374191
            ],
            [
              -111.66856711661507,
              40.28258806304267
            ],
            [
              -111.66856710774783,
              40.28258445958999
            ],
            [
              -111.66856735638288,
              40.28257510517145
            ],
            [
              -111.66858392438833,
              40.281950814346025
            ],
            [
              -111.66858390961124,
              40.28194480979116
            ],
            [
              -111.66858736006778,
              40.281829702838344
            ],
            [
              -111.66859592050712,
              40.281544168222965
            ],
            [
              -111.66859590995169,
              40.28153987938333
            ],
            [
              -111.66860199954452,
              40.28128250866906
            ],
            [
              -111.66860376882218,
              40.281272726948565
            ],
            [
              -111.66878647802609,
              40.280318685257356
            ],
            [
              -111.6687873640421,
              40.280315079608144
            ],
            [
              -111.66879533052551,
              40.28027474906025
            ],
            [
              -111.66879576977381,
              40.280271659223814
            ],
            [
              -111.66867465659415,
              40.280033518960764
            ],
            [
              -111.66865752719907,
              40.27999031108541
            ],
            [
              -111.66858098757793,
              40.27983995224404
            ],
            [
              -111.66750331712392,
              40.278883450270044
            ],
            [
              -111.66759426097222,
              40.27888006037015
            ],
            [
              -111.66759022386314,
              40.278876634716745
            ],
            [
              -111.66867576977029,
              40.278843658369816
            ],
            [
              -111.66874721233422,
              40.277466505277275
            ],
            [
              -111.6687841015078,
              40.276797312242245
            ],
            [
              -111.66871404213978,
              40.27581858660141
            ],
            [
              -111.66873946298774,
              40.27522404701724
            ],
            [
              -111.66873988098845,
              40.275211865213095
            ],
            [
              -111.66797780049285,
              40.27521709155189
            ],
            [
              -111.66781022176615,
              40.275026373592816
            ],
            [
              -111.6678048294432,
              40.27502020563038
            ],
            [
              -111.66780168384652,
              40.27501677689816
            ],
            [
              -111.66760151413499,
              40.27340496108779
            ],
            [
              -111.66760151053268,
              40.273403488540445
            ],
            [
              -111.66759232605868,
              40.273403473802155
            ],
            [
              -111.66704978808656,
              40.27340250032667
            ],
            [
              -111.66660058389908,
              40.27293619878521
            ],
            [
              -111.6665508315959,
              40.27234772326126
            ],
            [
              -111.66645590168326,
              40.2712286254078
            ],
            [
              -111.66645621113787,
              40.27081444563522
            ],
            [
              -111.66645803125569,
              40.27081444394125
            ],
            [
              -111.66656511474622,
              40.26983105125543
            ],
            [
              -111.66669541692542,
              40.26983086441212
            ],
            [
              -111.66669567794602,
              40.2698308640395
            ],
            [
              -111.66663674505863,
              40.26948293631824
            ],
            [
              -111.66657390106418,
              40.269079412797005
            ],
            [
              -111.66653924073441,
              40.26884524591463
            ],
            [
              -111.6665290345575,
              40.268776298984456
            ],
            [
              -111.66652433432927,
              40.26874455074612
            ],
            [
              -111.66675880467834,
              40.2687678796732
            ],
            [
              -111.66838341038853,
              40.268905270681465
            ],
            [
              -111.6686376747681,
              40.2689191042137
            ],
            [
              -111.66864061624334,
              40.2689108743747
            ],
            [
              -111.6686380341158,
              40.26876272019622
            ],
            [
              -111.66851234122076,
              40.26847585886535
            ],
            [
              -111.66851685293382,
              40.26830582315999
            ],
            [
              -111.66874288577128,
              40.267859574666495
            ],
            [
              -111.66865172912816,
              40.267589992810684
            ],
            [
              -111.66843931381666,
              40.26730823889986
            ],
            [
              -111.66843926545697,
              40.26730817592442
            ],
            [
              -111.66900345497459,
              40.26729314850017
            ],
            [
              -111.66930166850774,
              40.267285243832625
            ],
            [
              -111.66975648680291,
              40.2672731137656
            ],
            [
              -111.66978297851982,
              40.26728315797396
            ],
            [
              -111.67011541510848,
              40.26728001811234
            ],
            [
              -111.67011419963629,
              40.26725596003974
            ],
            [
              -111.67013435568431,
              40.26725522906972
            ],
            [
              -111.67026836710372,
              40.26714338971116
            ],
            [
              -111.67027909710286,
              40.26681329737117
            ],
            [
              -111.67027909930435,
              40.266813237024714
            ],
            [
              -111.6702853238448,
              40.2666217506846
            ],
            [
              -111.67030859105768,
              40.26590598527082
            ],
            [
              -111.67039817348473,
              40.26590675701884
            ],
            [
              -111.67041244358826,
              40.26546782351462
            ],
            [
              -111.6705241341928,
              40.265562979414916
            ],
            [
              -111.67093308977715,
              40.26591138983835
            ],
            [
              -111.6711026992711,
              40.26605588781382
            ],
            [
              -111.67111405490284,
              40.26606556212194
            ],
            [
              -111.67123320321645,
              40.26616706766137
            ],
            [
              -111.67141864929506,
              40.26632505433144
            ],
            [
              -111.67145374152237,
              40.266354950179675
            ],
            [
              -111.67172740167081,
              40.2663573057949
            ],
            [
              -111.67179399608995,
              40.266295750467194
            ],
            [
              -111.67162146122651,
              40.26608533683327
            ],
            [
              -111.67148568402234,
              40.265949363175146
            ],
            [
              -111.67144906542799,
              40.26591269131347
            ],
            [
              -111.67130364282187,
              40.26578117268511
            ],
            [
              -111.67115068328512,
              40.26566562886859
            ],
            [
              -111.67106004260505,
              40.26559336209878
            ],
            [
              -111.6709674221489,
              40.26552365076534
            ],
            [
              -111.67087289393983,
              40.265456549076895
            ],
            [
              -111.67077698490296,
              40.265392260782356
            ],
            [
              -111.67053666630731,
              40.26523291938344
            ],
            [
              -111.66985621679683,
              40.26478174727227
            ],
            [
              -111.6697892137081,
              40.26473732038188
            ]
          ]
        ]
      }
    },
    {
      "type": "Feature",
      "properties": {
        "ward": "2",
        "name": "Provo Council District 2",
        "council_member": "Jeff Whitlock",
        "source_url": "https://gispublicweb.provo.org/ArcGIS/rest/services/Council/Council_Districts/FeatureServer/3",
        "source_url_mirror": "https://maps.provo.org/downloads/provo_council_precincts.pdf",
        "digitized_on": "2026-05-09",
        "digitizer": "provo-city-gis",
        "tool": "ArcGIS FeatureServer export (Layer 3: 2023 Municipal Council Districts)"
      },
      "geometry": {
        "type": "Polygon",
        "coordinates": [
          [
            [
              -111.61831297750116,
              40.201327957721105
            ],
            [
              -111.61831297758818,
              40.20132800815809
            ],
            [
              -111.61825103869394,
              40.20135864123786
            ],
            [
              -111.61764956752276,
              40.201656009465516
            ],
            [
              -111.6177835568291,
              40.201815391407294
            ],
            [
              -111.61778466935655,
              40.201847640288776
            ],
            [
              -111.61782298764878,
              40.20292333772481
            ],
            [
              -111.61782689857294,
              40.20303034679787
            ],
            [
              -111.61803036199964,
              40.21033587887609
            ],
            [
              -111.61824634836425,
              40.217565115794464
            ],
            [
              -111.61829173766385,
              40.22205397311537
            ],
            [
              -111.6182962491396,
              40.22295065510754
            ],
            [
              -111.61831530839238,
              40.224749631909646
            ],
            [
              -111.61833066750283,
              40.22654259603823
            ],
            [
              -111.61836348046293,
              40.22999346617697
            ],
            [
              -111.61836662391642,
              40.23224016428184
            ],
            [
              -111.61836789652087,
              40.23314939569369
            ],
            [
              -111.61837301683273,
              40.236114710956464
            ],
            [
              -111.61838892585858,
              40.24532641769622
            ],
            [
              -111.6184246788249,
              40.26601911599695
            ],
            [
              -111.6184274065574,
              40.267597323868486
            ],
            [
              -111.61842911668778,
              40.26858673136314
            ],
            [
              -111.6188674421398,
              40.268567035606075
            ],
            [
              -111.62636408652398,
              40.268518483172045
            ],
            [
              -111.62850569440303,
              40.26850452399149
            ],
            [
              -111.63097021909189,
              40.26848840842503
            ],
            [
              -111.63097061806914,
              40.26848800178683
            ],
            [
              -111.63097081545675,
              40.26848792951386
            ],
            [
              -111.6310886174145,
              40.26844500229902
            ],
            [
              -111.631297618143,
              40.268432001741665
            ],
            [
              -111.63153561786157,
              40.268418001755236
            ],
            [
              -111.632173618005,
              40.26838000093821
            ],
            [
              -111.63263661758513,
              40.268352002668706
            ],
            [
              -111.63429262386592,
              40.268474001613384
            ],
            [
              -111.63470063942522,
              40.26849088256228
            ],
            [
              -111.63554967320596,
              40.268526397761704
            ],
            [
              -111.63565049509997,
              40.26853897346194
            ],
            [
              -111.6357318559127,
              40.268549121044835
            ],
            [
              -111.63581761785792,
              40.2685600010798
            ],
            [
              -111.6358539212447,
              40.268559284265066
            ],
            [
              -111.6359696983719,
              40.26855743197629
            ],
            [
              -111.63604328422296,
              40.268537482550414
            ],
            [
              -111.63608661836109,
              40.268526001073845
            ],
            [
              -111.6364265387894,
              40.26839703109956
            ],
            [
              -111.63642661867902,
              40.26839700038432
            ],
            [
              -111.63655061784257,
              40.268390001536325
            ],
            [
              -111.63678881357473,
              40.268391156566
            ],
            [
              -111.63737561820139,
              40.268394000895476
            ],
            [
              -111.63747630275306,
              40.268420678375335
            ],
            [
              -111.63760929872197,
              40.26845643852155
            ],
            [
              -111.63772918070502,
              40.26846070223219
            ],
            [
              -111.63806409990684,
              40.26846082007414
            ],
            [
              -111.63852991662336,
              40.268451187167486
            ],
            [
              -111.64039536662781,
              40.26841259290116
            ],
            [
              -111.64104640667303,
              40.26840536509081
            ],
            [
              -111.64267038320602,
              40.26838732103681
            ],
            [
              -111.64329558972456,
              40.26837974208177
            ],
            [
              -111.64370362044173,
              40.26837500039937
            ],
            [
              -111.64403352088638,
              40.26837106249957
            ],
            [
              -111.64437362063902,
              40.2683670011787
            ],
            [
              -111.64467504480915,
              40.2683393025385
            ],
            [
              -111.64474325884925,
              40.2683329846383
            ],
            [
              -111.64652159080396,
              40.268339770428035
            ],
            [
              -111.64750761686915,
              40.26833177503793
            ],
            [
              -111.64749990007513,
              40.267941098564116
            ],
            [
              -111.64750509908967,
              40.2682004660073
            ],
            [
              -111.64749462274663,
              40.26765407149146
            ],
            [
              -111.64749462141583,
              40.26765399944154
            ],
            [
              -111.64749253674715,
              40.2675185027378
            ],
            [
              -111.6474906203689,
              40.267394000890604
            ],
            [
              -111.64749058454304,
              40.267391012595596
            ],
            [
              -111.6474856212437,
              40.2669740003684
            ],
            [
              -111.64747299877885,
              40.26589190538454
            ],
            [
              -111.64747271874081,
              40.265867767539255
            ],
            [
              -111.64747203831261,
              40.26580945880962
            ],
            [
              -111.6474648325692,
              40.26519167008627
            ],
            [
              -111.64745862017857,
              40.26465900002703
            ],
            [
              -111.64624562346904,
              40.26468507814901
            ],
            [
              -111.64519219975726,
              40.26470535413772
            ],
            [
              -111.64406692765488,
              40.264720340545836
            ],
            [
              -111.64403260804146,
              40.264720798084404
            ],
            [
              -111.64400555580637,
              40.26472371892244
            ],
            [
              -111.64397962582115,
              40.26473030579971
            ],
            [
              -111.64395565589813,
              40.26474034603222
            ],
            [
              -111.64393442247729,
              40.26475351353096
            ],
            [
              -111.64391649373526,
              40.264769961607364
            ],
            [
              -111.64390298219482,
              40.26478872520096
            ],
            [
              -111.64389438372895,
              40.26480911650945
            ],
            [
              -111.64389101420986,
              40.264830389409966
            ],
            [
              -111.64389585608612,
              40.2650304429629
            ],
            [
              -111.64334930700198,
              40.26503587606336
            ],
            [
              -111.64256593413525,
              40.26504365938857
            ],
            [
              -111.64255843097831,
              40.264750987534626
            ],
            [
              -111.64255598070092,
              40.26465541310375
            ],
            [
              -111.64255507606063,
              40.2646201170019
            ],
            [
              -111.64254793634633,
              40.26457500516893
            ],
            [
              -111.64253348959093,
              40.26453093079258
            ],
            [
              -111.64251027155129,
              40.26448537565053
            ],
            [
              -111.64246393590714,
              40.264394462469724
            ],
            [
              -111.64245057772823,
              40.264369522773805
            ],
            [
              -111.64244821556328,
              40.26436488913114
            ],
            [
              -111.64234715738961,
              40.26439921440343
            ],
            [
              -111.64234709747315,
              40.26439923519135
            ],
            [
              -111.64234235108094,
              40.26440084772985
            ],
            [
              -111.64223446837278,
              40.26443309532815
            ],
            [
              -111.64219597914554,
              40.26444337084266
            ],
            [
              -111.64186179591108,
              40.26453258822594
            ],
            [
              -111.64176852644061,
              40.26455458269804
            ],
            [
              -111.64167952130259,
              40.264570985215556
            ],
            [
              -111.64158975587009,
              40.26458474339063
            ],
            [
              -111.64156086845978,
              40.26458828823391
            ],
            [
              -111.64149936413764,
              40.26459583634427
            ],
            [
              -111.64141405648374,
              40.264603732983275
            ],
            [
              -111.64141062231805,
              40.2646043036487
            ],
            [
              -111.64140848627977,
              40.26460438909505
            ],
            [
              -111.64034867345278,
              40.26461588115051
            ],
            [
              -111.6378849962104,
              40.264624864398556
            ],
            [
              -111.63788618423408,
              40.2644720837686
            ],
            [
              -111.63789546247405,
              40.26435396303377
            ],
            [
              -111.63789500352303,
              40.264124738423384
            ],
            [
              -111.63793727918042,
              40.26398554141222
            ],
            [
              -111.63795765744077,
              40.2639489249964
            ],
            [
              -111.63800109647072,
              40.263870871427635
            ],
            [
              -111.63800110582524,
              40.26387084619849
            ],
            [
              -111.63820361694835,
              40.26366609430433
            ],
            [
              -111.63840087075752,
              40.26349291411671
            ],
            [
              -111.63849244877167,
              40.263412512037824
            ],
            [
              -111.63865107025887,
              40.263256234621714
            ],
            [
              -111.63885577429633,
              40.26309352381098
            ],
            [
              -111.638950372,
              40.2630104689704
            ],
            [
              -111.63962112612145,
              40.262435570788625
            ],
            [
              -111.63984431337371,
              40.26227161842029
            ],
            [
              -111.63885661112327,
              40.262275383016956
            ],
            [
              -111.63886247832107,
              40.26189170159041
            ],
            [
              -111.63886311565119,
              40.26184999910197
            ],
            [
              -111.63887164749248,
              40.261292075374094
            ],
            [
              -111.63888532169138,
              40.261187915542195
            ],
            [
              -111.6378953879148,
              40.26118909793151
            ],
            [
              -111.63786160590381,
              40.259530493142016
            ],
            [
              -111.63786159555502,
              40.25953002391713
            ],
            [
              -111.63785304063032,
              40.25910687218455
            ],
            [
              -111.63780094438053,
              40.256529904672114
            ],
            [
              -111.64017502683386,
              40.25530251395491
            ],
            [
              -111.64139024217376,
              40.25468318934901
            ],
            [
              -111.64290198117828,
              40.25386857638379
            ],
            [
              -111.64326969600727,
              40.2538681202844
            ],
            [
              -111.64323603994578,
              40.25125662077745
            ],
            [
              -111.64316257328709,
              40.24977010772305
            ],
            [
              -111.64316211904325,
              40.24973946817476
            ],
            [
              -111.64315342105087,
              40.24926571720969
            ],
            [
              -111.64311417020339,
              40.24712778479299
            ],
            [
              -111.64311143446213,
              40.246890499159896
            ],
            [
              -111.64309085672191,
              40.24590169730423
            ],
            [
              -111.64309916769263,
              40.24590169251983
            ],
            [
              -111.64379178848246,
              40.245901261066706
            ],
            [
              -111.6455366055359,
              40.24590015872301
            ],
            [
              -111.64571694452715,
              40.24590004361514
            ],
            [
              -111.64574742396,
              40.24590002447575
            ],
            [
              -111.64652559581425,
              40.24590620411586
            ],
            [
              -111.64653005316198,
              40.245069067752944
            ],
            [
              -111.64658152345856,
              40.24506827990638
            ],
            [
              -111.64686833404076,
              40.24506389257345
            ],
            [
              -111.6470016738004,
              40.24515054929123
            ],
            [
              -111.64767026219663,
              40.245431287620896
            ],
            [
              -111.64782964729466,
              40.245448234270064
            ],
            [
              -111.64782947605754,
              40.24536884119866
            ],
            [
              -111.648580619492,
              40.2453896247011
            ],
            [
              -111.64859389040878,
              40.24430751233564
            ],
            [
              -111.64986542842446,
              40.24430981084208
            ],
            [
              -111.64987688065459,
              40.24430970697323
            ],
            [
              -111.6499378640151,
              40.24430915401008
            ],
            [
              -111.65166461638887,
              40.24429348542964
            ],
            [
              -111.65166713771278,
              40.243873445340405
            ],
            [
              -111.65167516444275,
              40.243004709593556
            ],
            [
              -111.65167492125344,
              40.24293145900279
            ],
            [
              -111.65167077669847,
              40.24168361565868
            ],
            [
              -111.65167077417998,
              40.24168300862244
            ],
            [
              -111.65046436532538,
              40.241689308375435
            ],
            [
              -111.64995082732166,
              40.24169198580999
            ],
            [
              -111.64822462698274,
              40.241694188902066
            ],
            [
              -111.646558647982,
              40.24169179120605
            ],
            [
              -111.64655789658046,
              40.2421984079593
            ],
            [
              -111.64472185431781,
              40.24219619564162
            ],
            [
              -111.64315589019412,
              40.242202610213326
            ],
            [
              -111.6431484376937,
              40.24220264096906
            ],
            [
              -111.6431510099227,
              40.24163626918362
            ],
            [
              -111.64315171047606,
              40.241482113632614
            ],
            [
              -111.64316160622592,
              40.24129746873148
            ],
            [
              -111.64315512098634,
              40.24072908593846
            ],
            [
              -111.64314632523126,
              40.23995807711097
            ],
            [
              -111.64314632223181,
              40.23995776638954
            ],
            [
              -111.643159173374,
              40.23837523012642
            ],
            [
              -111.64315917611532,
              40.23837485455083
            ],
            [
              -111.64316047171367,
              40.237411150695515
            ],
            [
              -111.64316047155191,
              40.23741107323959
            ],
            [
              -111.64316047021866,
              40.23741099758631
            ],
            [
              -111.64316061712029,
              40.23741099740612
            ],
            [
              -111.64345120797688,
              40.23741264996068
            ],
            [
              -111.6447442547804,
              40.23741999430168
            ],
            [
              -111.6447446155765,
              40.2374199965562
            ],
            [
              -111.6457966164351,
              40.23740799729391
            ],
            [
              -111.64613250236704,
              40.23740461317483
            ],
            [
              -111.64613272212797,
              40.2374046110984
            ],
            [
              -111.64657917582052,
              40.237400112695845
            ],
            [
              -111.64659061747453,
              40.237399997452584
            ],
            [
              -111.64824840958237,
              40.237406995592075
            ],
            [
              -111.64824659853439,
              40.236400574566936
            ],
            [
              -111.64824887792966,
              40.23507661176026
            ],
            [
              -111.64827155125471,
              40.23391257419667
            ],
            [
              -111.6482754443982,
              40.23369463887176
            ],
            [
              -111.64766689583834,
              40.23369541855323
            ],
            [
              -111.64732760200128,
              40.23369251944722
            ],
            [
              -111.64659815995184,
              40.2336862832045
            ],
            [
              -111.64659561607967,
              40.23367599732707
            ],
            [
              -111.64659126130722,
              40.23361185910966
            ],
            [
              -111.64655861583554,
              40.23313099669307
            ],
            [
              -111.64655761587225,
              40.23268799580214
            ],
            [
              -111.64656332197707,
              40.23252403440676
            ],
            [
              -111.64656333195819,
              40.23252375609199
            ],
            [
              -111.64657261626212,
              40.232256995794835
            ],
            [
              -111.64657161622308,
              40.23181399569068
            ],
            [
              -111.64658861697531,
              40.23091999614512
            ],
            [
              -111.64653961567399,
              40.229651997546576
            ],
            [
              -111.64543165693978,
              40.228320852246696
            ],
            [
              -111.64542761500834,
              40.22831599644589
            ],
            [
              -111.64517661430313,
              40.22797599626426
            ],
            [
              -111.64491561550685,
              40.227619995170464
            ],
            [
              -111.64466661463767,
              40.22728199710583
            ],
            [
              -111.6444787877625,
              40.227027228920946
            ],
            [
              -111.64447861571583,
              40.227026995864065
            ],
            [
              -111.6441071092018,
              40.22653920965948
            ],
            [
              -111.64375779233846,
              40.22608054551032
            ],
            [
              -111.64375913197294,
              40.22608059789938
            ],
            [
              -111.64632661679757,
              40.2260592197101
            ],
            [
              -111.64709187510664,
              40.2256565856545
            ],
            [
              -111.6541178563518,
              40.22572275773921
            ],
            [
              -111.6551968221004,
              40.22573906436474
            ],
            [
              -111.65589012586241,
              40.22574252462957
            ],
            [
              -111.65626177123579,
              40.22574437826686
            ],
            [
              -111.65690986866586,
              40.225745761146094
            ],
            [
              -111.65810886039077,
              40.22574902882687
            ],
            [
              -111.65872385936835,
              40.225744527358366
            ],
            [
              -111.65872322922169,
              40.225565217421035
            ],
            [
              -111.65871560021803,
              40.22505881563797
            ],
            [
              -111.65869489137154,
              40.223721961095535
            ],
            [
              -111.65868926762708,
              40.22335886526434
            ],
            [
              -111.65871159723055,
              40.22269459844369
            ],
            [
              -111.65874143667345,
              40.22226224325179
            ],
            [
              -111.6588569884737,
              40.22173970469012
            ],
            [
              -111.65894471092409,
              40.22125097670371
            ],
            [
              -111.65894687504641,
              40.2212352149493
            ],
            [
              -111.65894903864132,
              40.22121719884947
            ],
            [
              -111.65895083852347,
              40.22120143398837
            ],
            [
              -111.65895226947535,
              40.22118566962974
            ],
            [
              -111.65895406531715,
              40.221167655831856
            ],
            [
              -111.65895586284903,
              40.22115189187436
            ],
            [
              -111.65895765515376,
              40.22113387357772
            ],
            [
              -111.65895945973564,
              40.22111811051104
            ],
            [
              -111.65896088716113,
              40.221102347057354
            ],
            [
              -111.65896194631566,
              40.2210843342625
            ],
            [
              -111.65896374619342,
              40.22106857030123
            ],
            [
              -111.658965176619,
              40.221050554298415
            ],
            [
              -111.6589658732321,
              40.221034790939335
            ],
            [
              -111.65896730417704,
              40.2210190265798
            ],
            [
              -111.65896872873432,
              40.22100101418727
            ],
            [
              -111.65896977574239,
              40.220976243773656
            ],
            [
              -111.65897155355428,
              40.220951471463536
            ],
            [
              -111.65897296361604,
              40.22092670145553
            ],
            [
              -111.65897328725876,
              40.220908689661705
            ],
            [
              -111.6589739909181,
              40.22089292629234
            ],
            [
              -111.65897504771195,
              40.22087491169814
            ],
            [
              -111.65897537891814,
              40.220859148836105
            ],
            [
              -111.65895292155712,
              40.21766634901628
            ],
            [
              -111.65898808569737,
              40.21467125163183
            ],
            [
              -111.65898879496453,
              40.21461081282037
            ],
            [
              -111.65899116373664,
              40.21455876318983
            ],
            [
              -111.6590216446157,
              40.21388906783237
            ],
            [
              -111.65905417832032,
              40.21317423747931
            ],
            [
              -111.6590632003362,
              40.212976014284706
            ],
            [
              -111.65903655910961,
              40.210319017665505
            ],
            [
              -111.65903319547438,
              40.20998353701685
            ],
            [
              -111.65902575937936,
              40.20924191975349
            ],
            [
              -111.65902917981809,
              40.20912828142431
            ],
            [
              -111.6589874368953,
              40.208973223813764
            ],
            [
              -111.65896279741986,
              40.20888169530894
            ],
            [
              -111.65884502285904,
              40.20854547960224
            ],
            [
              -111.65864128081468,
              40.208249125948804
            ],
            [
              -111.65843236517301,
              40.207928546656696
            ],
            [
              -111.65776540032743,
              40.20690507270174
            ],
            [
              -111.65677382622502,
              40.205433826991815
            ],
            [
              -111.6558642210205,
              40.20431597534118
            ],
            [
              -111.6545722012978,
              40.20272802668154
            ],
            [
              -111.65279558935232,
              40.20054469782919
            ],
            [
              -111.65264165366251,
              40.20035551337385
            ],
            [
              -111.65217934054111,
              40.19978733523541
            ],
            [
              -111.65187642062025,
              40.199787722829484
            ],
            [
              -111.64974171983027,
              40.19715496338962
            ],
            [
              -111.64964128609243,
              40.19720287699148
            ],
            [
              -111.64861919754576,
              40.1959323626687
            ],
            [
              -111.64855834305074,
              40.19593243028407
            ],
            [
              -111.64840155725966,
              40.19556984689941
            ],
            [
              -111.64599979071298,
              40.19557287974907
            ],
            [
              -111.64599708370238,
              40.19430274937305
            ],
            [
              -111.63886387089985,
              40.19421598236024
            ],
            [
              -111.63981372611204,
              40.197301692083684
            ],
            [
              -111.64042213477924,
              40.199266877644384
            ],
            [
              -111.6397196445287,
              40.199272705473774
            ],
            [
              -111.64020101085971,
              40.20080353476779
            ],
            [
              -111.64252345763992,
              40.208188321282925
            ],
            [
              -111.64254762566222,
              40.20818691914794
            ],
            [
              -111.64310525907517,
              40.210101910721676
            ],
            [
              -111.64164520326993,
              40.21011417892155
            ],
            [
              -111.64163990895378,
              40.20971560624762
            ],
            [
              -111.64163677661614,
              40.209714237444125
            ],
            [
              -111.64163363687125,
              40.20971269482214
            ],
            [
              -111.64163050336097,
              40.20971132692052
            ],
            [
              -111.64162781589611,
              40.20970978645126
            ],
            [
              -111.64162467768341,
              40.2097084167539
            ],
            [
              -111.64162154417167,
              40.209707047951426
            ],
            [
              -111.64161840443488,
              40.20970550893161
            ],
            [
              -111.64161527091969,
              40.209704138327666
            ],
            [
              -111.64161257993119,
              40.20970259786231
            ],
            [
              -111.64160944524897,
              40.209701230862244
            ],
            [
              -111.64160630821367,
              40.20969986206366
            ],
            [
              -111.64160317316902,
              40.209698319435084
            ],
            [
              -111.64160003613584,
              40.20969695153696
            ],
            [
              -111.64159690380357,
              40.20969558453371
            ],
            [
              -111.64159421163552,
              40.20969404136739
            ],
            [
              -111.64159107695035,
              40.20969267256556
            ],
            [
              -111.64158793874293,
              40.2096913046685
            ],
            [
              -111.64158480406165,
              40.20968993766778
            ],
            [
              -111.64158166666847,
              40.209688395041475
            ],
            [
              -111.6415785319838,
              40.20968702623924
            ],
            [
              -111.64157539377689,
              40.20968565834191
            ],
            [
              -111.64157270783852,
              40.20968428719363
            ],
            [
              -111.64156956927859,
              40.209682748171055
            ],
            [
              -111.64156643459441,
              40.209681379368554
            ],
            [
              -111.64156329756273,
              40.20968001146942
            ],
            [
              -111.64156016287507,
              40.20967864086541
            ],
            [
              -111.64155702584365,
              40.20967727296612
            ],
            [
              -111.64155389116182,
              40.20967590506389
            ],
            [
              -111.64155075259518,
              40.2096743624382
            ],
            [
              -111.64154806783812,
              40.209672993989926
            ],
            [
              -111.64154493198191,
              40.20967162608884
            ],
            [
              -111.64154179377637,
              40.20967025819062
            ],
            [
              -111.6415386590896,
              40.20966888758598
            ],
            [
              -111.64153552205717,
              40.20966751878544
            ],
            [
              -111.64153238737624,
              40.20966615088266
            ],
            [
              -111.64152924916563,
              40.209664780282054
            ],
            [
              -111.64152611566149,
              40.209663413278335
            ],
            [
              -111.64152297745487,
              40.209662044478875
            ],
            [
              -111.64151984394915,
              40.209660676574316
            ],
            [
              -111.64151670456427,
              40.209659305974824
            ],
            [
              -111.64151357223173,
              40.20965793716799
            ],
            [
              -111.64151043285452,
              40.20965657017096
            ],
            [
              -111.64150774574387,
              40.20965519902258
            ],
            [
              -111.6415046087127,
              40.20965383022127
            ],
            [
              -111.64150147403299,
              40.20965246231762
            ],
            [
              -111.641498337357,
              40.20965126554176
            ],
            [
              -111.6414952038467,
              40.20964989493458
            ],
            [
              -111.64149206446659,
              40.209648526135716
            ],
            [
              -111.64148893096393,
              40.20964715913099
            ],
            [
              -111.64148579275509,
              40.20964578852921
            ],
            [
              -111.64148265925084,
              40.20964442062365
            ],
            [
              -111.64147952022606,
              40.2096432238501
            ],
            [
              -111.64147638672206,
              40.20964185594439
            ],
            [
              -111.64147324968842,
              40.20964048534087
            ],
            [
              -111.64147011500808,
              40.209639116535705
            ],
            [
              -111.64146518662032,
              40.209637236529105
            ],
            [
              -111.64146205311131,
              40.20963586592105
            ],
            [
              -111.64145891373434,
              40.209634498021906
            ],
            [
              -111.64145578175885,
              40.2096333012392
            ],
            [
              -111.64145264355687,
              40.209631933338535
            ],
            [
              -111.64144950887362,
              40.20963056273151
            ],
            [
              -111.64144637219955,
              40.20962936595429
            ],
            [
              -111.64144323752214,
              40.20962799804907
            ],
            [
              -111.64144009931877,
              40.20962662924736
            ],
            [
              -111.64143696499077,
              40.20962543066571
            ],
            [
              -111.64143382796424,
              40.20962406276306
            ],
            [
              -111.64143069364022,
              40.20962286598259
            ],
            [
              -111.64142755543921,
              40.20962149808122
            ],
            [
              -111.6414244207551,
              40.20962012657285
            ],
            [
              -111.64142128408564,
              40.20961893159625
            ],
            [
              -111.64141815058206,
              40.2096175627883
            ],
            [
              -111.64141501272884,
              40.20961636330961
            ],
            [
              -111.64141187922736,
              40.20961499540214
            ],
            [
              -111.64140874020701,
              40.20961379952739
            ],
            [
              -111.64140515912935,
              40.20961243126158
            ],
            [
              -111.64140202127845,
              40.20961123268323
            ],
            [
              -111.64139888813031,
              40.20961003590043
            ],
            [
              -111.64139574993051,
              40.209608667998246
            ],
            [
              -111.64139261678258,
              40.20960747121525
            ],
            [
              -111.64138947740268,
              40.209606100612326
            ],
            [
              -111.64138634542977,
              40.20960490382775
            ],
            [
              -111.64138141587202,
              40.20960302381901
            ],
            [
              -111.64137827919484,
              40.20960182433799
            ],
            [
              -111.64137514452003,
              40.20960045643092
            ],
            [
              -111.64137200784863,
              40.20959925965164
            ],
            [
              -111.64136708298878,
              40.209597378735936
            ],
            [
              -111.64136394513922,
              40.20959618015658
            ],
            [
              -111.64136081046496,
              40.20959481224917
            ],
            [
              -111.64135767379408,
              40.2095936154695
            ],
            [
              -111.64135453947274,
              40.209592418686924
            ],
            [
              -111.64134961108226,
              40.20959053417216
            ],
            [
              -111.64134647324256,
              40.2095893400956
            ],
            [
              -111.64134154955887,
              40.20958745917739
            ],
            [
              -111.64133841171207,
              40.209586261497975
            ],
            [
              -111.64133348332801,
              40.20958437968451
            ],
            [
              -111.64133034900942,
              40.209583183801925
            ],
            [
              -111.64132721233217,
              40.209581983418836
            ],
            [
              -111.64132228747664,
              40.209580103401926
            ],
            [
              -111.64131915080709,
              40.20957890662119
            ],
            [
              -111.64131601648901,
              40.20957771073825
            ],
            [
              -111.6413128786394,
              40.20957651125684
            ],
            [
              -111.64130974431967,
              40.20957531447307
            ],
            [
              -111.64130616007617,
              40.209574118234165
            ],
            [
              -111.64130302575853,
              40.209572922350866
            ],
            [
              -111.6412998890841,
              40.20957172286767
            ],
            [
              -111.64129675476485,
              40.20957052608357
            ],
            [
              -111.64129361809803,
              40.209569330202825
            ],
            [
              -111.64129003620467,
              40.209568133960616
            ],
            [
              -111.64128689835779,
              40.20956693537918
            ],
            [
              -111.64128376521185,
              40.20956573769261
            ],
            [
              -111.64128062736887,
              40.209564540912304
            ],
            [
              -111.64127704195177,
              40.20956334467389
            ],
            [
              -111.64127390798394,
              40.20956231811352
            ],
            [
              -111.64127077718972,
              40.209561121324455
            ],
            [
              -111.64126584646358,
              40.20955924131223
            ],
            [
              -111.64126271014291,
              40.209558212953084
            ],
            [
              -111.64125778176478,
              40.20955633203701
            ],
            [
              -111.64125285726736,
              40.209554624042845
            ],
            [
              -111.64124972060021,
              40.209553427260296
            ],
            [
              -111.64124479256967,
              40.20955171476675
            ],
            [
              -111.64123986807284,
              40.20955000677203
            ],
            [
              -111.64123672941098,
              40.20954898201765
            ],
            [
              -111.64123180220524,
              40.209547099297765
            ],
            [
              -111.64122687888201,
              40.20954539040041
            ],
            [
              -111.64122374021863,
              40.20954436474502
            ],
            [
              -111.64121881336601,
              40.209542653149576
            ],
            [
              -111.64121567905131,
              40.20954145726393
            ],
            [
              -111.64121209399077,
              40.209540433049256
            ],
            [
              -111.64120896084916,
              40.209539236261335
            ],
            [
              -111.64120582300134,
              40.209538035876385
            ],
            [
              -111.64120089885884,
              40.20953649900505
            ],
            [
              -111.64119597201478,
              40.20953479101128
            ],
            [
              -111.6411928329926,
              40.20953359062742
            ],
            [
              -111.64118925263176,
              40.20953256640634
            ],
            [
              -111.6411861159667,
              40.20953136962205
            ],
            [
              -111.64118118830093,
              40.20952983275416
            ],
            [
              -111.6411762637999,
              40.20952812115409
            ],
            [
              -111.64117133578043,
              40.20952641226005
            ],
            [
              -111.64116640928819,
              40.20952487448942
            ],
            [
              -111.64116327496968,
              40.209523675900385
            ],
            [
              -111.64115968991088,
              40.2095226516841
            ],
            [
              -111.6411565571251,
              40.20952162692043
            ],
            [
              -111.64115162910474,
              40.20951991712493
            ],
            [
              -111.64114670026026,
              40.20951837755502
            ],
            [
              -111.64114177341514,
              40.20951666775766
            ],
            [
              -111.6411368457514,
              40.20951513088785
            ],
            [
              -111.64113192125434,
              40.20951342018659
            ],
            [
              -111.64112833736941,
              40.20951239506723
            ],
            [
              -111.64112520340987,
              40.209511370304185
            ],
            [
              -111.64112027692157,
              40.20950983343225
            ],
            [
              -111.64111713790193,
              40.2095086330463
            ],
            [
              -111.64111355754352,
              40.20950760882293
            ],
            [
              -111.64111042006014,
              40.209506584063774
            ],
            [
              -111.64110549592023,
              40.20950504628771
            ],
            [
              -111.6411019120305,
              40.209504018465566
            ],
            [
              -111.64109877924646,
              40.20950299370038
            ],
            [
              -111.64109384923522,
              40.2095014568316
            ],
            [
              -111.64108892274658,
              40.20949991905769
            ],
            [
              -111.64108534003398,
              40.20949889213429
            ],
            [
              -111.64108220607383,
              40.209497866469434
            ],
            [
              -111.64107727688787,
              40.20949615937413
            ],
            [
              -111.64107369805562,
              40.2094953053725
            ],
            [
              -111.64107056056604,
              40.20949427700957
            ],
            [
              -111.641065630556,
              40.20949274013958
            ],
            [
              -111.64106205137206,
              40.20949171501256
            ],
            [
              -111.64105891506495,
              40.209490690250526
            ],
            [
              -111.64105398622466,
              40.20948915067669
            ],
            [
              -111.64105040586823,
              40.20948812645133
            ],
            [
              -111.64104726955959,
              40.20948710078835
            ],
            [
              -111.64104234542249,
              40.20948556300966
            ],
            [
              -111.64103876071383,
              40.2094847072127
            ],
            [
              -111.64103562793161,
              40.20948368244578
            ],
            [
              -111.64103204287679,
              40.20948265822556
            ],
            [
              -111.64102890891817,
              40.20948163255923
            ],
            [
              -111.64102398278054,
              40.20948026410634
            ],
            [
              -111.64102039772608,
              40.209479239885766
            ],
            [
              -111.6410172637696,
              40.20947821511977
            ],
            [
              -111.64101367988637,
              40.20947718909625
            ],
            [
              -111.64101054628571,
              40.20947633725643
            ],
            [
              -111.64100696239898,
              40.209475309431404
            ],
            [
              -111.64100382961765,
              40.209474284663635
            ],
            [
              -111.6410002449138,
              40.20947343066684
            ],
            [
              -111.64099711213267,
              40.20947240589889
            ],
            [
              -111.64099218447534,
              40.20947086902298
            ],
            [
              -111.64098859976995,
              40.20947001412514
            ],
            [
              -111.64098546698546,
              40.209468987555596
            ],
            [
              -111.64098188228576,
              40.20946813535952
            ],
            [
              -111.64097874833043,
              40.209467110592485
            ],
            [
              -111.64097516480382,
              40.209466257494135
            ],
            [
              -111.64097203084125,
              40.20946522912431
            ],
            [
              -111.64096844614009,
              40.20946437602718
            ],
            [
              -111.64096531218327,
              40.20946335035914
            ],
            [
              -111.6409617286589,
              40.20946249816103
            ],
            [
              -111.64095679982093,
              40.20946095768241
            ],
            [
              -111.64095322099571,
              40.20946010547833
            ],
            [
              -111.64095008386684,
              40.20945925093922
            ],
            [
              -111.64094650351166,
              40.20945822581003
            ],
            [
              -111.64094336756138,
              40.20945737307063
            ],
            [
              -111.64093978603347,
              40.2094563488433
            ],
            [
              -111.64093665007594,
              40.20945549250103
            ],
            [
              -111.64093306537575,
              40.20945463940283
            ],
            [
              -111.64092814159702,
              40.20945327364497
            ],
            [
              -111.64092455654354,
              40.20945224852077
            ],
            [
              -111.64092142411802,
              40.20945139577649
            ],
            [
              -111.64091783941262,
              40.20945053997583
            ],
            [
              -111.64091470545905,
              40.20944951520712
            ],
            [
              -111.64091112310705,
              40.209448661204696
            ],
            [
              -111.64090619580503,
              40.20944729545017
            ],
            [
              -111.64090261463166,
              40.20944644324738
            ],
            [
              -111.64089947867504,
              40.20944558690417
            ],
            [
              -111.64089589867291,
              40.209444732898476
            ],
            [
              -111.64089097019671,
              40.20944336714472
            ],
            [
              -111.64088648964575,
              40.209442171975354
            ],
            [
              -111.63904359225887,
              40.209000010604875
            ],
            [
              -111.63815349049416,
              40.208786437966474
            ],
            [
              -111.63815349055405,
              40.208786467688206
            ],
            [
              -111.63815342003623,
              40.20878645065915
            ],
            [
              -111.63816493491167,
              40.20961568677222
            ],
            [
              -111.63816291113116,
              40.20961408419223
            ],
            [
              -111.638125737951,
              40.209587973934894
            ],
            [
              -111.63808483145552,
              40.209565351838506
            ],
            [
              -111.63804075026513,
              40.20954652706536
            ],
            [
              -111.63799409518317,
              40.20953175649016
            ],
            [
              -111.63792694572037,
              40.20951059742603
            ],
            [
              -111.63786280321436,
              40.209484558594895
            ],
            [
              -111.63780227433571,
              40.20945388696649
            ],
            [
              -111.63774593176778,
              40.20941887098226
            ],
            [
              -111.63769430716293,
              40.20937984326489
            ],
            [
              -111.63764788877532,
              40.209337171614536
            ],
            [
              -111.63760711558706,
              40.20929125901542
            ],
            [
              -111.63757237260192,
              40.209242540038204
            ],
            [
              -111.63754398848575,
              40.209191475438864
            ],
            [
              -111.63752223085515,
              40.20913854585904
            ],
            [
              -111.63750597228135,
              40.20908508560866
            ],
            [
              -111.63749641133703,
              40.209030688880915
            ],
            [
              -111.63749363709152,
              40.20897584463096
            ],
            [
              -111.63749767166502,
              40.208921047295824
            ],
            [
              -111.63750848195674,
              40.20886678687306
            ],
            [
              -111.63749771703357,
              40.20885461812781
            ],
            [
              -111.6368836918333,
              40.20876200024334
            ],
            [
              -111.63439781682555,
              40.20838553498918
            ],
            [
              -111.63410152904672,
              40.208387763727615
            ],
            [
              -111.63320511167973,
              40.20839117654955
            ],
            [
              -111.63320496954084,
              40.20839117761251
            ],
            [
              -111.6312844453952,
              40.208406167449965
            ],
            [
              -111.63128432205522,
              40.20840617029076
            ],
            [
              -111.63122881109317,
              40.20813502043799
            ],
            [
              -111.6304254655191,
              40.2081789512842
            ],
            [
              -111.63027020218549,
              40.20818754323564
            ],
            [
              -111.62936968086808,
              40.20710140464772
            ],
            [
              -111.62947740005183,
              40.20704703293779
            ],
            [
              -111.62969137794101,
              40.206920369490064
            ],
            [
              -111.62969189305281,
              40.206920063593365
            ],
            [
              -111.62987815269796,
              40.20681354146629
            ],
            [
              -111.62987212257138,
              40.20680586734329
            ],
            [
              -111.63005266609494,
              40.20670890370667
            ],
            [
              -111.63023867217652,
              40.20661543816092
            ],
            [
              -111.63042835358574,
              40.20652642287567
            ],
            [
              -111.63062153195659,
              40.20644194359592
            ],
            [
              -111.63081802186774,
              40.20636208067136
            ],
            [
              -111.63144860876294,
              40.206115268008155
            ],
            [
              -111.63146611127432,
              40.20610841767151
            ],
            [
              -111.63125360549647,
              40.205913008141025
            ],
            [
              -111.63104812182844,
              40.20571323292696
            ],
            [
              -111.6310146518954,
              40.20567880311697
            ],
            [
              -111.63083476734799,
              40.20549284823095
            ],
            [
              -111.63065882681443,
              40.20530117934947
            ],
            [
              -111.63065547957214,
              40.20530701938364
            ],
            [
              -111.63064884245041,
              40.20531859761275
            ],
            [
              -111.63064616277477,
              40.20531537624635
            ],
            [
              -111.63035102446048,
              40.20497666685182
            ],
            [
              -111.62999565437993,
              40.20450059097942
            ],
            [
              -111.62985474310916,
              40.2043001732995
            ],
            [
              -111.62968616622001,
              40.20402705777317
            ],
            [
              -111.6295485749701,
              40.203804139280216
            ],
            [
              -111.62914479460055,
              40.20304106088722
            ],
            [
              -111.6276555009259,
              40.200225895320806
            ],
            [
              -111.6271983229332,
              40.19936180901765
            ],
            [
              -111.62719607572748,
              40.1993578656645
            ],
            [
              -111.62720815706658,
              40.19935647987985
            ],
            [
              -111.62607288583133,
              40.19720920234975
            ],
            [
              -111.62441906733103,
              40.19408807000798
            ],
            [
              -111.62142299373181,
              40.18843288577008
            ],
            [
              -111.62043937424421,
              40.18657501363545
            ],
            [
              -111.62040975017933,
              40.18651945332141
            ],
            [
              -111.62015766954032,
              40.186424490402125
            ],
            [
              -111.61877468028744,
              40.18620492418527
            ],
            [
              -111.61604016896834,
              40.185839494696076
            ],
            [
              -111.6142718264621,
              40.185812948159686
            ],
            [
              -111.61425034975544,
              40.1858126269482
            ],
            [
              -111.61371474737214,
              40.18580457607967
            ],
            [
              -111.61372666467341,
              40.18706842655919
            ],
            [
              -111.61076810823657,
              40.187064785642775
            ],
            [
              -111.61241145940316,
              40.19194208542328
            ],
            [
              -111.61271537487859,
              40.19226487395828
            ],
            [
              -111.61271514439369,
              40.19212246382633
            ],
            [
              -111.61323103783707,
              40.192635325707776
            ],
            [
              -111.61320263961105,
              40.19278188324703
            ],
            [
              -111.61599281004163,
              40.19574324303116
            ],
            [
              -111.61635657154608,
              40.19574094699914
            ],
            [
              -111.61666009280317,
              40.196060420802716
            ],
            [
              -111.61692032689172,
              40.19672657639527
            ],
            [
              -111.6211972516677,
              40.2013441807892
            ],
            [
              -111.62118652049149,
              40.20134813863986
            ],
            [
              -111.62135724339693,
              40.20146754927549
            ],
            [
              -111.62130736337807,
              40.20153359177236
            ],
            [
              -111.62120096445865,
              40.201674465952195
            ],
            [
              -111.6210759603919,
              40.20159635704864
            ],
            [
              -111.62102981323693,
              40.20156740812009
            ],
            [
              -111.61994806835605,
              40.20051933139439
            ],
            [
              -111.61967616146774,
              40.20065381206785
            ],
            [
              -111.61933412049385,
              40.20082297812394
            ],
            [
              -111.61933405712104,
              40.20082300971198
            ],
            [
              -111.61831297750116,
              40.201327957721105
            ]
          ]
        ]
      }
    },
    {
      "type": "Feature",
      "properties": {
        "ward": "3",
        "name": "Provo Council District 3",
        "council_member": "Becky Bogdin",
        "source_url": "https://gispublicweb.provo.org/ArcGIS/rest/services/Council/Council_Districts/FeatureServer/3",
        "source_url_mirror": "https://maps.provo.org/downloads/provo_council_precincts.pdf",
        "digitized_on": "2026-05-09",
        "digitizer": "provo-city-gis",
        "tool": "ArcGIS FeatureServer export (Layer 3: 2023 Municipal Council Districts)"
      },
      "geometry": {
        "type": "Polygon",
        "coordinates": [
          [
            [
              -111.69753730226917,
              40.25341962558879
            ],
            [
              -111.69780037317986,
              40.2536523718894
            ],
            [
              -111.69802985944796,
              40.25385540358281
            ],
            [
              -111.69863041030257,
              40.2543867167952
            ],
            [
              -111.69880744600594,
              40.25454334012094
            ],
            [
              -111.70106649013995,
              40.25653574241691
            ],
            [
              -111.70082850380483,
              40.256659848090095
            ],
            [
              -111.70061373897255,
              40.256827111197836
            ],
            [
              -111.70298340733748,
              40.258916215596734
            ],
            [
              -111.70352437222122,
              40.25939597417899
            ],
            [
              -111.70431118201985,
              40.260097325326264
            ],
            [
              -111.7042030064045,
              40.259888690290225
            ],
            [
              -111.70508852094005,
              40.26067031202188
            ],
            [
              -111.70626667801933,
              40.260675067928915
            ],
            [
              -111.7063634358084,
              40.26075777728161
            ],
            [
              -111.70962515730699,
              40.260770877440564
            ],
            [
              -111.70972825769371,
              40.260872231348
            ],
            [
              -111.7101960935041,
              40.26087651200118
            ],
            [
              -111.71021858931141,
              40.260876615602314
            ],
            [
              -111.71253515136223,
              40.260876723939006
            ],
            [
              -111.71256481171032,
              40.26087654745376
            ],
            [
              -111.71386158280761,
              40.260861033435084
            ],
            [
              -111.71388106540412,
              40.26086072845242
            ],
            [
              -111.71598195338711,
              40.260820053206125
            ],
            [
              -111.71599323536738,
              40.26081991434994
            ],
            [
              -111.71631408358598,
              40.26081823055264
            ],
            [
              -111.7168660487682,
              40.26081531973229
            ],
            [
              -111.71709437540335,
              40.260816875020616
            ],
            [
              -111.71732252556532,
              40.26082394576094
            ],
            [
              -111.71755027003877,
              40.260836524275724
            ],
            [
              -111.71777738429637,
              40.26085459837702
            ],
            [
              -111.7180090295638,
              40.26087305715941
            ],
            [
              -111.71824131442563,
              40.260885957286845
            ],
            [
              -111.71847401306489,
              40.26089328566833
            ],
            [
              -111.71870689616013,
              40.26089503642635
            ],
            [
              -111.72354380036624,
              40.260873335771585
            ],
            [
              -111.72354247772034,
              40.26074718357713
            ],
            [
              -111.72354188689528,
              40.26069076178432
            ],
            [
              -111.72814357456285,
              40.26065345303107
            ],
            [
              -111.72814347195269,
              40.26052870799506
            ],
            [
              -111.72814653552155,
              40.260528683094876
            ],
            [
              -111.72817798399223,
              40.25840673331401
            ],
            [
              -111.72704830893056,
              40.25665729060663
            ],
            [
              -111.72660952230244,
              40.256580402667225
            ],
            [
              -111.72622508142959,
              40.25552866061385
            ],
            [
              -111.72495408773898,
              40.25489975557815
            ],
            [
              -111.72339298281273,
              40.25266376355238
            ],
            [
              -111.72210344494187,
              40.25133541980663
            ],
            [
              -111.72195132501425,
              40.25116030735235
            ],
            [
              -111.72031314524142,
              40.24962843254767
            ],
            [
              -111.71933608048518,
              40.248267972185474
            ],
            [
              -111.71886440879283,
              40.24788453768127
            ],
            [
              -111.71803372410642,
              40.24727392454672
            ],
            [
              -111.71769637195938,
              40.246853292220216
            ],
            [
              -111.71668296621156,
              40.24653120154225
            ],
            [
              -111.71670645586161,
              40.24685492344839
            ],
            [
              -111.71680332242742,
              40.248028354233014
            ],
            [
              -111.7142262038589,
              40.24808012088287
            ],
            [
              -111.71373630520088,
              40.24808995519325
            ],
            [
              -111.71368839763404,
              40.24586778421434
            ],
            [
              -111.71368654476628,
              40.24584839836489
            ],
            [
              -111.71365962873529,
              40.242544304183326
            ],
            [
              -111.71363811854548,
              40.23990369239305
            ],
            [
              -111.71363096339917,
              40.23990628045897
            ],
            [
              -111.7136294929765,
              40.239703347822264
            ],
            [
              -111.71362860964713,
              40.23958131713956
            ],
            [
              -111.71377216375825,
              40.239232062593906
            ],
            [
              -111.71426993930427,
              40.238889190381045
            ],
            [
              -111.71474249302167,
              40.23878760083383
            ],
            [
              -111.7149254606351,
              40.238585999359536
            ],
            [
              -111.71487106029659,
              40.237942346052996
            ],
            [
              -111.714712628426,
              40.23768098310307
            ],
            [
              -111.71549995704945,
              40.23757897574728
            ],
            [
              -111.71618307348123,
              40.237658174198046
            ],
            [
              -111.7164715762828,
              40.237556918360056
            ],
            [
              -111.7178066859824,
              40.236367275138136
            ],
            [
              -111.71804279093062,
              40.236266114038024
            ],
            [
              -111.71867331501392,
              40.23628517117566
            ],
            [
              -111.7192517732384,
              40.23654556224441
            ],
            [
              -111.71943644931311,
              40.23688733790862
            ],
            [
              -111.72001497579855,
              40.237167970852504
            ],
            [
              -111.72041043533727,
              40.23760988925967
            ],
            [
              -111.72056934202399,
              40.23801210509091
            ],
            [
              -111.72077948097846,
              40.23805185264487
            ],
            [
              -111.72127914965397,
              40.238312556413455
            ],
            [
              -111.72156803694287,
              40.23833207853264
            ],
            [
              -111.72182972641514,
              40.23811024380848
            ],
            [
              -111.72179902938637,
              40.23664143068722
            ],
            [
              -111.72187362588765,
              40.2353333548879
            ],
            [
              -111.72234569254967,
              40.23523173350644
            ],
            [
              -111.72273985563794,
              40.23527129613481
            ],
            [
              -111.72462874349576,
              40.234784660676375
            ],
            [
              -111.72510100000986,
              40.23474359683557
            ],
            [
              -111.72623058646786,
              40.234841942025184
            ],
            [
              -111.72694025315792,
              40.235102207336894
            ],
            [
              -111.72657323094136,
              40.235283938668644
            ],
            [
              -111.72612694470492,
              40.23532513376702
            ],
            [
              -111.72573408400251,
              40.23554723213738
            ],
            [
              -111.72555123572843,
              40.23590978776214
            ],
            [
              -111.72581605656217,
              40.23651288122318
            ],
            [
              -111.72655543164264,
              40.23667923943836
            ],
            [
              -111.72847710786257,
              40.23757058580964
            ],
            [
              -111.72997917328621,
              40.2376316127963
            ],
            [
              -111.73061593828739,
              40.23790872081233
            ],
            [
              -111.73114914431154,
              40.238140757273506
            ],
            [
              -111.73173241118103,
              40.237947767496024
            ],
            [
              -111.73173064105039,
              40.23742171830912
            ],
            [
              -111.7325689585231,
              40.237442514058216
            ],
            [
              -111.73257469926698,
              40.239143516989394
            ],
            [
              -111.73711819498698,
              40.23972024702166
            ],
            [
              -111.73867139354323,
              40.240824244841804
            ],
            [
              -111.73982958831995,
              40.24035979725272
            ],
            [
              -111.74036176215088,
              40.23925819994728
            ],
            [
              -111.7403361473533,
              40.238075916243005
            ],
            [
              -111.74082668574357,
              40.23736868970817
            ],
            [
              -111.74097537304262,
              40.23699056693132
            ],
            [
              -111.74048231239813,
              40.236975291968356
            ],
            [
              -111.73913187032906,
              40.236863127810764
            ],
            [
              -111.73806924535305,
              40.236847986919365
            ],
            [
              -111.73998639991574,
              40.23626856423065
            ],
            [
              -111.73806173686756,
              40.234674118730155
            ],
            [
              -111.73914466227764,
              40.23409642069705
            ],
            [
              -111.74005721636166,
              40.23268794460397
            ],
            [
              -111.73904762612949,
              40.23026049633618
            ],
            [
              -111.73720687546235,
              40.22866586328727
            ],
            [
              -111.73469671238968,
              40.226497083462256
            ],
            [
              -111.73176796819827,
              40.22375361578677
            ],
            [
              -111.73170581057275,
              40.22350787023951
            ],
            [
              -111.73161106527463,
              40.195305881116184
            ],
            [
              -111.66073776123727,
              40.19542586238598
            ],
            [
              -111.65602305676994,
              40.19543231653731
            ],
            [
              -111.6560328791495,
              40.19978218927215
            ],
            [
              -111.65217933229516,
              40.19978732443821
            ],
            [
              -111.65279558935232,
              40.20054469782919
            ],
            [
              -111.6545722012978,
              40.20272802668154
            ],
            [
              -111.6558642210205,
              40.20431597534118
            ],
            [
              -111.65677382622502,
              40.205433826991815
            ],
            [
              -111.65776540032743,
              40.20690507270174
            ],
            [
              -111.65843236517301,
              40.207928546656696
            ],
            [
              -111.65864128081468,
              40.208249125948804
            ],
            [
              -111.65884502285904,
              40.20854547960224
            ],
            [
              -111.65896279741986,
              40.20888169530894
            ],
            [
              -111.6589874368953,
              40.208973223813764
            ],
            [
              -111.65902917981809,
              40.20912828142431
            ],
            [
              -111.65902575937936,
              40.20924191975349
            ],
            [
              -111.65903319547438,
              40.20998353701685
            ],
            [
              -111.65903655910961,
              40.210319017665505
            ],
            [
              -111.6590632003362,
              40.212976014284706
            ],
            [
              -111.65905417832032,
              40.21317423747931
            ],
            [
              -111.6590216446157,
              40.21388906783237
            ],
            [
              -111.65899116373664,
              40.21455876318983
            ],
            [
              -111.65898879496453,
              40.21461081282037
            ],
            [
              -111.65898808569737,
              40.21467125163183
            ],
            [
              -111.65895292155712,
              40.21766634901628
            ],
            [
              -111.65897537891814,
              40.220859148836105
            ],
            [
              -111.65897504771195,
              40.22087491169814
            ],
            [
              -111.6589739909181,
              40.22089292629234
            ],
            [
              -111.65897328725876,
              40.220908689661705
            ],
            [
              -111.65897296361604,
              40.22092670145553
            ],
            [
              -111.65897155355428,
              40.220951471463536
            ],
            [
              -111.65896977574239,
              40.220976243773656
            ],
            [
              -111.65896872873432,
              40.22100101418727
            ],
            [
              -111.65896730417704,
              40.2210190265798
            ],
            [
              -111.6589658732321,
              40.221034790939335
            ],
            [
              -111.658965176619,
              40.221050554298415
            ],
            [
              -111.65896374619342,
              40.22106857030123
            ],
            [
              -111.65896194631566,
              40.2210843342625
            ],
            [
              -111.65896088716113,
              40.221102347057354
            ],
            [
              -111.65895945973564,
              40.22111811051104
            ],
            [
              -111.65895765515376,
              40.22113387357772
            ],
            [
              -111.65895586284903,
              40.22115189187436
            ],
            [
              -111.65895406531715,
              40.221167655831856
            ],
            [
              -111.65895226947535,
              40.22118566962974
            ],
            [
              -111.65895083852347,
              40.22120143398837
            ],
            [
              -111.65894903864132,
              40.22121719884947
            ],
            [
              -111.65894687504641,
              40.2212352149493
            ],
            [
              -111.65894471092409,
              40.22125097670371
            ],
            [
              -111.6588569884737,
              40.22173970469012
            ],
            [
              -111.65874143667345,
              40.22226224325179
            ],
            [
              -111.65871159723055,
              40.22269459844369
            ],
            [
              -111.65868926762708,
              40.22335886526434
            ],
            [
              -111.65869489137154,
              40.223721961095535
            ],
            [
              -111.65871560021803,
              40.22505881563797
            ],
            [
              -111.65872322922169,
              40.225565217421035
            ],
            [
              -111.65872385936835,
              40.225744527358366
            ],
            [
              -111.65940055731315,
              40.225739570916666
            ],
            [
              -111.65967627301441,
              40.22573524999101
            ],
            [
              -111.66052638249066,
              40.225761105138794
            ],
            [
              -111.6622926409634,
              40.22578568173218
            ],
            [
              -111.6636152915057,
              40.22580278183811
            ],
            [
              -111.66747940157666,
              40.2258526543081
            ],
            [
              -111.66747953915834,
              40.22585462114458
            ],
            [
              -111.66753685763535,
              40.22667442535835
            ],
            [
              -111.66754220660967,
              40.22707264556521
            ],
            [
              -111.66754224107451,
              40.22707520878341
            ],
            [
              -111.66753918705601,
              40.22744157038941
            ],
            [
              -111.66753116834265,
              40.22840369149011
            ],
            [
              -111.66752005864899,
              40.229718665699075
            ],
            [
              -111.66750860507227,
              40.231042643742676
            ],
            [
              -111.66749748901672,
              40.2323553653013
            ],
            [
              -111.6674914313313,
              40.23318172472316
            ],
            [
              -111.66746864910797,
              40.233476721797146
            ],
            [
              -111.66749136405811,
              40.233755890299435
            ],
            [
              -111.66749158526794,
              40.23375600526572
            ],
            [
              -111.66749162049823,
              40.23375599530796
            ],
            [
              -111.66929562020371,
              40.23375599523102
            ],
            [
              -111.66929595160036,
              40.2337559965516
            ],
            [
              -111.66929595751907,
              40.23375553810984
            ],
            [
              -111.67036646437785,
              40.23376094326239
            ],
            [
              -111.6710271341126,
              40.23376399206994
            ],
            [
              -111.67102762180645,
              40.23376399405721
            ],
            [
              -111.67273517295055,
              40.23377499174265
            ],
            [
              -111.67273562186688,
              40.23377499468087
            ],
            [
              -111.6742027625009,
              40.23378260677274
            ],
            [
              -111.67447074811004,
              40.2337839447161
            ],
            [
              -111.67447776963085,
              40.233783934219005
            ],
            [
              -111.67475900298511,
              40.23378351343063
            ],
            [
              -111.67486911213352,
              40.233783329584256
            ],
            [
              -111.67566762260748,
              40.23378199348613
            ],
            [
              -111.67618693040957,
              40.233781086370215
            ],
            [
              -111.67618692662013,
              40.23378372709534
            ],
            [
              -111.67665712090616,
              40.23378087995933
            ],
            [
              -111.67727985116566,
              40.233780225685436
            ],
            [
              -111.67749962324451,
              40.23377999431268
            ],
            [
              -111.67751072724182,
              40.23377998012589
            ],
            [
              -111.67818107540285,
              40.23377912341515
            ],
            [
              -111.67828162245385,
              40.23377899417903
            ],
            [
              -111.68038780264247,
              40.23378086985909
            ],
            [
              -111.68052862290754,
              40.23378099346179
            ],
            [
              -111.68066379168785,
              40.23378194523926
            ],
            [
              -111.68081262307402,
              40.233782993679206
            ],
            [
              -111.68095263743497,
              40.23378410063317
            ],
            [
              -111.68106562267985,
              40.23378499357127
            ],
            [
              -111.68147785025118,
              40.233788465674365
            ],
            [
              -111.68154068261482,
              40.23378904884801
            ],
            [
              -111.68180962418772,
              40.23403599410761
            ],
            [
              -111.68342820632998,
              40.235543460038514
            ],
            [
              -111.68381962489076,
              40.23590799376391
            ],
            [
              -111.6852266244575,
              40.23721699369353
            ],
            [
              -111.68632001354486,
              40.23831339796792
            ],
            [
              -111.68668047209441,
              40.23867484059756
            ],
            [
              -111.68668062529423,
              40.23867499436427
            ],
            [
              -111.68677270350759,
              40.23876623096332
            ],
            [
              -111.6873724628884,
              40.23936049892277
            ],
            [
              -111.6874980744396,
              40.23948495843598
            ],
            [
              -111.68807483566285,
              40.24005642356031
            ],
            [
              -111.68809862536378,
              40.24007999404638
            ],
            [
              -111.68830071095186,
              40.23999027565915
            ],
            [
              -111.68830675750523,
              40.23998850422626
            ],
            [
              -111.68833134202639,
              40.23997667590953
            ],
            [
              -111.69020211649581,
              40.23914608410897
            ],
            [
              -111.69061545913779,
              40.23956791082283
            ],
            [
              -111.69075581234154,
              40.239708000614925
            ],
            [
              -111.69104562704563,
              40.23999726857323
            ],
            [
              -111.69152286909376,
              40.24044906558834
            ],
            [
              -111.69381237631136,
              40.2425076014019
            ],
            [
              -111.693965281238,
              40.24267005121135
            ],
            [
              -111.69411161276294,
              40.24283601798647
            ],
            [
              -111.69425123408378,
              40.243005346166086
            ],
            [
              -111.69438401190659,
              40.2431778756796
            ],
            [
              -111.69450982350563,
              40.243353444636895
            ],
            [
              -111.69462854849382,
              40.24353188844127
            ],
            [
              -111.6947400758722,
              40.243713038877054
            ],
            [
              -111.69484430167944,
              40.243896724113284
            ],
            [
              -111.69494112665437,
              40.2440827732109
            ],
            [
              -111.69503045857128,
              40.24427101071474
            ],
            [
              -111.69511221577403,
              40.24446125934955
            ],
            [
              -111.69518631894626,
              40.24465333913297
            ],
            [
              -111.69525270052473,
              40.244847070962514
            ],
            [
              -111.69530912702436,
              40.24503452564493
            ],
            [
              -111.6953583241221,
              40.245223173144545
            ],
            [
              -111.69540024662757,
              40.245412848726716
            ],
            [
              -111.69543485992976,
              40.24560338853813
            ],
            [
              -111.69546213293718,
              40.24579462691726
            ],
            [
              -111.6954820416093,
              40.24598639818938
            ],
            [
              -111.6954997354763,
              40.24637412884998
            ],
            [
              -111.69552999536835,
              40.24668147147204
            ],
            [
              -111.69553247155366,
              40.249227492249304
            ],
            [
              -111.6955713277368,
              40.24976598033575
            ],
            [
              -111.69559115572814,
              40.24996397859819
            ],
            [
              -111.69559183577167,
              40.24996873469587
            ],
            [
              -111.6956014212111,
              40.250035791894284
            ],
            [
              -111.69560144279804,
              40.25003594226677
            ],
            [
              -111.69560145838963,
              40.25003605121938
            ],
            [
              -111.6956193723889,
              40.25016137916697
            ],
            [
              -111.69562113794309,
              40.25017086816563
            ],
            [
              -111.69562246150565,
              40.250179935499816
            ],
            [
              -111.69563607773965,
              40.25025116675669
            ],
            [
              -111.69565594898133,
              40.2503579722327
            ],
            [
              -111.69565920548004,
              40.25037215742558
            ],
            [
              -111.69566178889417,
              40.25038567366239
            ],
            [
              -111.69567882068732,
              40.25045760439446
            ],
            [
              -111.6957008450198,
              40.250553550706094
            ],
            [
              -111.6957059883595,
              40.250572346766404
            ],
            [
              -111.69570599431125,
              40.25057237287532
            ],
            [
              -111.69571023116268,
              40.250590267102574
            ],
            [
              -111.69573003745549,
              40.250660262176645
            ],
            [
              -111.69575401413955,
              40.25074790750591
            ],
            [
              -111.69576145569029,
              40.25077129482773
            ],
            [
              -111.69576773246557,
              40.250793478131285
            ],
            [
              -111.69578980220085,
              40.2508603873693
            ],
            [
              -111.69581539940023,
              40.250940837368496
            ],
            [
              -111.69582553859205,
              40.25096872971664
            ],
            [
              -111.69583422756118,
              40.250995072675835
            ],
            [
              -111.6958580639233,
              40.25105820791009
            ],
            [
              -111.69585807695613,
              40.25105824391424
            ],
            [
              -111.6958981730688,
              40.25116444437708
            ],
            [
              -111.69590963944826,
              40.251194815780785
            ],
            [
              -111.6959347983604,
              40.25125384811514
            ],
            [
              -111.69597927862405,
              40.251358217368654
            ],
            [
              -111.69599387938045,
              40.251392477011755
            ],
            [
              -111.69601991470441,
              40.251447181128846
            ],
            [
              -111.69604816745877,
              40.25150903628151
            ],
            [
              -111.69606876535438,
              40.25154982726515
            ],
            [
              -111.69608685038193,
              40.2515878268472
            ],
            [
              -111.69611332210289,
              40.25163806568409
            ],
            [
              -111.69613143677981,
              40.251672443693735
            ],
            [
              -111.69616657649497,
              40.251739132741136
            ],
            [
              -111.6962149320406,
              40.2518263569055
            ],
            [
              -111.69627257850414,
              40.251925863805646
            ],
            [
              -111.69632460523184,
              40.25201183254579
            ],
            [
              -111.6963867158442,
              40.25210989984313
            ],
            [
              -111.69644225909744,
              40.2521943711341
            ],
            [
              -111.69646865416773,
              40.25223451102123
            ],
            [
              -111.69650882554195,
              40.252290958300485
            ],
            [
              -111.6965088420682,
              40.252290982590225
            ],
            [
              -111.69655211397183,
              40.2523517864829
            ],
            [
              -111.69656776618277,
              40.252373780122284
            ],
            [
              -111.6966388709751,
              40.25246895905715
            ],
            [
              -111.6967009636813,
              40.252549838200025
            ],
            [
              -111.69670098138059,
              40.252549861587134
            ],
            [
              -111.69678004305234,
              40.252647801026235
            ],
            [
              -111.69682131753736,
              40.252698931596655
            ],
            [
              -111.69683862837338,
              40.252718829290636
            ],
            [
              -111.69685732955327,
              40.25274150134137
            ],
            [
              -111.69692636324797,
              40.252819670306394
            ],
            [
              -111.69698403788074,
              40.25288497730106
            ],
            [
              -111.69708574760308,
              40.25299367619846
            ],
            [
              -111.69708581834938,
              40.2529937517336
            ],
            [
              -111.69712997008743,
              40.25304093608867
            ],
            [
              -111.6971363937008,
              40.25304733066357
            ],
            [
              -111.69729551194828,
              40.25320570412859
            ],
            [
              -111.69753730226917,
              40.25341962558879
            ]
          ]
        ]
      }
    },
    {
      "type": "Feature",
      "properties": {
        "ward": "4",
        "name": "Provo Council District 4",
        "council_member": "Travis Hoban",
        "source_url": "https://gispublicweb.provo.org/ArcGIS/rest/services/Council/Council_Districts/FeatureServer/3",
        "source_url_mirror": "https://maps.provo.org/downloads/provo_council_precincts.pdf",
        "digitized_on": "2026-05-09",
        "digitizer": "provo-city-gis",
        "tool": "ArcGIS FeatureServer export (Layer 3: 2023 Municipal Council Districts)"
      },
      "geometry": {
        "type": "Polygon",
        "coordinates": [
          [
            [
              -111.68535865899533,
              40.260632639609064
            ],
            [
              -111.68536523652887,
              40.260632627365005
            ],
            [
              -111.68536564211193,
              40.26063262582036
            ],
            [
              -111.68536672133416,
              40.260632628610146
            ],
            [
              -111.6854955440735,
              40.26063350028248
            ],
            [
              -111.68771706541871,
              40.26064856779802
            ],
            [
              -111.6877251277541,
              40.26064855483498
            ],
            [
              -111.68773491826325,
              40.26062451881957
            ],
            [
              -111.68776651752339,
              40.26054983133233
            ],
            [
              -111.68802009040088,
              40.26023835753792
            ],
            [
              -111.68825421626644,
              40.26002436551581
            ],
            [
              -111.68843467734297,
              40.25984048543393
            ],
            [
              -111.68852003052781,
              40.259767769833736
            ],
            [
              -111.68878145125805,
              40.25954378138245
            ],
            [
              -111.68902538044551,
              40.259311072654526
            ],
            [
              -111.68925954475738,
              40.25911200582556
            ],
            [
              -111.68935030623827,
              40.25905163592303
            ],
            [
              -111.68949427469236,
              40.25895600298683
            ],
            [
              -111.68972868112486,
              40.258847013127635
            ],
            [
              -111.68979442455003,
              40.25880967257306
            ],
            [
              -111.68990442489763,
              40.258741719920735
            ],
            [
              -111.69000100011714,
              40.25867893891892
            ],
            [
              -111.69015838583388,
              40.258576421274604
            ],
            [
              -111.69045090793693,
              40.25842632605725
            ],
            [
              -111.69059818847983,
              40.25839571494502
            ],
            [
              -111.6907071084682,
              40.25842332928251
            ],
            [
              -111.69074520776965,
              40.258433048082416
            ],
            [
              -111.69108298903087,
              40.258612299348414
            ],
            [
              -111.69118487127817,
              40.25868539308473
            ],
            [
              -111.69133298153515,
              40.25879186916119
            ],
            [
              -111.6913563120753,
              40.258805727926116
            ],
            [
              -111.69135606676963,
              40.25871788180062
            ],
            [
              -111.69135597909685,
              40.258686485346104
            ],
            [
              -111.69135595679248,
              40.25867807693047
            ],
            [
              -111.69215441901864,
              40.258675152430136
            ],
            [
              -111.694864922527,
              40.25866518477147
            ],
            [
              -111.69494323352139,
              40.25866505223558
            ],
            [
              -111.69492042939977,
              40.258521574695884
            ],
            [
              -111.69491197980663,
              40.25845147782857
            ],
            [
              -111.69490886426331,
              40.25838112257464
            ],
            [
              -111.69490161864086,
              40.2572310514684
            ],
            [
              -111.69490269772761,
              40.257219865410924
            ],
            [
              -111.6949060522789,
              40.257208947550495
            ],
            [
              -111.69491159842003,
              40.25719856732091
            ],
            [
              -111.69491919816268,
              40.257188980736515
            ],
            [
              -111.69492866526748,
              40.25718042497846
            ],
            [
              -111.69493976640163,
              40.257173112088395
            ],
            [
              -111.69495222464529,
              40.2571672217574
            ],
            [
              -111.69496573477092,
              40.25716290039984
            ],
            [
              -111.69497996204973,
              40.25716025485099
            ],
            [
              -111.69499455399965,
              40.25715934964536
            ],
            [
              -111.6959130395871,
              40.257157811940075
            ],
            [
              -111.69591029922867,
              40.25707017800757
            ],
            [
              -111.69604959419807,
              40.257069771250826
            ],
            [
              -111.6988766851781,
              40.257059349678656
            ],
            [
              -111.69887950518027,
              40.25709575270448
            ],
            [
              -111.69888392504727,
              40.25715278957141
            ],
            [
              -111.69888535686721,
              40.2571527871322
            ],
            [
              -111.69906450962829,
              40.257149284492336
            ],
            [
              -111.69924325347816,
              40.25713938136391
            ],
            [
              -111.69942120049839,
              40.25712310002694
            ],
            [
              -111.69959796163027,
              40.257100474474015
            ],
            [
              -111.69977315256575,
              40.25707155490365
            ],
            [
              -111.69994639021141,
              40.25703640412355
            ],
            [
              -111.70011729974422,
              40.25699509843912
            ],
            [
              -111.70028550638364,
              40.256947727667495
            ],
            [
              -111.70045064597453,
              40.25689439601993
            ],
            [
              -111.70061235675068,
              40.25683521941376
            ],
            [
              -111.70061383626253,
              40.256834644959305
            ],
            [
              -111.70061382399477,
              40.25683366687557
            ],
            [
              -111.70061373897255,
              40.256827111197836
            ],
            [
              -111.70082850380483,
              40.256659848090095
            ],
            [
              -111.70106649013995,
              40.25653574241691
            ],
            [
              -111.69880744600594,
              40.25454334012094
            ],
            [
              -111.69867618916197,
              40.254427216761975
            ],
            [
              -111.69863041030257,
              40.2543867167952
            ],
            [
              -111.69802985944796,
              40.25385540358281
            ],
            [
              -111.69780037317986,
              40.2536523718894
            ],
            [
              -111.69753730226917,
              40.25341962558879
            ],
            [
              -111.69729551194828,
              40.25320570412859
            ],
            [
              -111.69713639252275,
              40.253047329764925
            ],
            [
              -111.69712997008743,
              40.25304093608867
            ],
            [
              -111.69708581834938,
              40.2529937517336
            ],
            [
              -111.69708574760308,
              40.25299367619846
            ],
            [
              -111.69698403552458,
              40.252884975503726
            ],
            [
              -111.69692636324797,
              40.252819670306394
            ],
            [
              -111.69685732955327,
              40.25274150134137
            ],
            [
              -111.69683862719535,
              40.25271882839196
            ],
            [
              -111.69682131753736,
              40.252698931596655
            ],
            [
              -111.69678004305234,
              40.252647801026235
            ],
            [
              -111.69670098138059,
              40.252549861587134
            ],
            [
              -111.6967009636813,
              40.252549838200025
            ],
            [
              -111.6966388709751,
              40.25246895905715
            ],
            [
              -111.69656776618277,
              40.252373780122284
            ],
            [
              -111.69655211397183,
              40.2523517864829
            ],
            [
              -111.6965088420682,
              40.252290982590225
            ],
            [
              -111.69650882554195,
              40.252290958300485
            ],
            [
              -111.69646865416773,
              40.25223451102123
            ],
            [
              -111.69644226027553,
              40.25219437203275
            ],
            [
              -111.6963867158442,
              40.25210989984313
            ],
            [
              -111.69632460641505,
              40.25201183524578
            ],
            [
              -111.69627257732868,
              40.25192586380761
            ],
            [
              -111.6962149320406,
              40.2518263569055
            ],
            [
              -111.69616657649497,
              40.251739132741136
            ],
            [
              -111.69613143677981,
              40.251672443693735
            ],
            [
              -111.69611332210289,
              40.25163806568409
            ],
            [
              -111.69608685038193,
              40.2515878268472
            ],
            [
              -111.69606876535438,
              40.25154982726515
            ],
            [
              -111.69606615778923,
              40.251544347585074
            ],
            [
              -111.69597927862405,
              40.251358217368654
            ],
            [
              -111.6959347983604,
              40.25125384811514
            ],
            [
              -111.69590963944826,
              40.251194815780785
            ],
            [
              -111.6958981730688,
              40.25116444437708
            ],
            [
              -111.69585807695613,
              40.25105824391424
            ],
            [
              -111.6958580639233,
              40.25105820791009
            ],
            [
              -111.69582553859205,
              40.25096872971664
            ],
            [
              -111.69578980220085,
              40.2508603873693
            ],
            [
              -111.69576145332137,
              40.25077128852716
            ],
            [
              -111.69575401413955,
              40.25074790750591
            ],
            [
              -111.69573003745549,
              40.250660262176645
            ],
            [
              -111.69570599431125,
              40.25057237287532
            ],
            [
              -111.6957059883595,
              40.250572346766404
            ],
            [
              -111.69567882068732,
              40.25045760439446
            ],
            [
              -111.69565920548004,
              40.25037215742558
            ],
            [
              -111.69563607773965,
              40.25025116675669
            ],
            [
              -111.69562113794309,
              40.25017086816563
            ],
            [
              -111.69560145721422,
              40.250036051221336
            ],
            [
              -111.69560144279804,
              40.25003594226677
            ],
            [
              -111.6956014212111,
              40.250035791894284
            ],
            [
              -111.69559183577167,
              40.24996873469587
            ],
            [
              -111.6955713277368,
              40.24976598033575
            ],
            [
              -111.69553247155366,
              40.249227492249304
            ],
            [
              -111.69552999536835,
              40.24668147147204
            ],
            [
              -111.6954997354763,
              40.24637412884998
            ],
            [
              -111.6954820416093,
              40.24598639818938
            ],
            [
              -111.69546213293718,
              40.24579462691726
            ],
            [
              -111.69543485992976,
              40.24560338853813
            ],
            [
              -111.69540024662757,
              40.245412848726716
            ],
            [
              -111.6953583241221,
              40.245223173144545
            ],
            [
              -111.69530912702436,
              40.24503452564493
            ],
            [
              -111.69525270052473,
              40.244847070962514
            ],
            [
              -111.69518631894626,
              40.24465333913297
            ],
            [
              -111.69511221577403,
              40.24446125934955
            ],
            [
              -111.69503045857128,
              40.24427101071474
            ],
            [
              -111.69494112665437,
              40.2440827732109
            ],
            [
              -111.69484430167944,
              40.243896724113284
            ],
            [
              -111.6947400758722,
              40.243713038877054
            ],
            [
              -111.69462854849382,
              40.24353188844127
            ],
            [
              -111.69450982350563,
              40.243353444636895
            ],
            [
              -111.69438401190659,
              40.2431778756796
            ],
            [
              -111.69425123408378,
              40.243005346166086
            ],
            [
              -111.69411161276294,
              40.24283601798647
            ],
            [
              -111.693965281238,
              40.24267005121135
            ],
            [
              -111.69381237631136,
              40.2425076014019
            ],
            [
              -111.69152286909376,
              40.24044906558834
            ],
            [
              -111.69104562704563,
              40.23999726857323
            ],
            [
              -111.69075581234154,
              40.239708000614925
            ],
            [
              -111.69061545913779,
              40.23956791082283
            ],
            [
              -111.69020211649581,
              40.23914608410897
            ],
            [
              -111.68833134202639,
              40.23997667590953
            ],
            [
              -111.68830675750523,
              40.23998850422626
            ],
            [
              -111.68830071095186,
              40.23999027565915
            ],
            [
              -111.68809862536378,
              40.24007999404638
            ],
            [
              -111.68807483566285,
              40.24005642356031
            ],
            [
              -111.6874980744396,
              40.23948495843598
            ],
            [
              -111.6873724628884,
              40.23936049892277
            ],
            [
              -111.68677270350759,
              40.23876623096332
            ],
            [
              -111.68668062529423,
              40.23867499436427
            ],
            [
              -111.68668047209441,
              40.23867484059756
            ],
            [
              -111.68632001354486,
              40.23831339796792
            ],
            [
              -111.6852266244575,
              40.23721699369353
            ],
            [
              -111.68381962489076,
              40.23590799376391
            ],
            [
              -111.6820301829137,
              40.23424141657143
            ],
            [
              -111.68180962418772,
              40.23403599410761
            ],
            [
              -111.68154068261482,
              40.23378904884801
            ],
            [
              -111.68147785025118,
              40.233788465674365
            ],
            [
              -111.68106562267985,
              40.23378499357127
            ],
            [
              -111.68095263743497,
              40.23378410063317
            ],
            [
              -111.68081262307402,
              40.233782993679206
            ],
            [
              -111.68066379168785,
              40.23378194523926
            ],
            [
              -111.68052862290754,
              40.23378099346179
            ],
            [
              -111.68038780264247,
              40.23378086985909
            ],
            [
              -111.68002815282539,
              40.2337805524673
            ],
            [
              -111.67828162245385,
              40.23377899417903
            ],
            [
              -111.67818107540285,
              40.23377912341515
            ],
            [
              -111.67751072724182,
              40.23377998012589
            ],
            [
              -111.67749962324451,
              40.23377999431268
            ],
            [
              -111.67727985116566,
              40.233780225685436
            ],
            [
              -111.67665712090616,
              40.23378087995933
            ],
            [
              -111.67618692662013,
              40.23378372709534
            ],
            [
              -111.67618693040957,
              40.233781086370215
            ],
            [
              -111.67566762260748,
              40.23378199348613
            ],
            [
              -111.67486911213352,
              40.233783329584256
            ],
            [
              -111.67475900298511,
              40.23378351343063
            ],
            [
              -111.67447776963085,
              40.233783934219005
            ],
            [
              -111.67447074811004,
              40.2337839447161
            ],
            [
              -111.6742027625009,
              40.23378260677274
            ],
            [
              -111.67273562186688,
              40.23377499468087
            ],
            [
              -111.67273517295055,
              40.23377499174265
            ],
            [
              -111.67102762180645,
              40.23376399405721
            ],
            [
              -111.6710271341126,
              40.23376399206994
            ],
            [
              -111.67036646437785,
              40.23376094326239
            ],
            [
              -111.66929595751907,
              40.23375553810984
            ],
            [
              -111.66929595160036,
              40.2337559965516
            ],
            [
              -111.66929562020371,
              40.23375599523102
            ],
            [
              -111.66749162049823,
              40.23375599530796
            ],
            [
              -111.66749158526794,
              40.23375600526572
            ],
            [
              -111.66749136331647,
              40.233756067729445
            ],
            [
              -111.66749094004088,
              40.23383293379214
            ],
            [
              -111.66748805825735,
              40.23435708275801
            ],
            [
              -111.66748624963824,
              40.23467788579897
            ],
            [
              -111.6674837027036,
              40.2351294018036
            ],
            [
              -111.66746969504723,
              40.23646013720056
            ],
            [
              -111.66746962100989,
              40.23646013730681
            ],
            [
              -111.66746662296335,
              40.23777960001495
            ],
            [
              -111.66746662157884,
              40.237779995403805
            ],
            [
              -111.66746529194869,
              40.23789670487932
            ],
            [
              -111.66745116174165,
              40.239096827555954
            ],
            [
              -111.66744670471545,
              40.23981924048725
            ],
            [
              -111.66744491264832,
              40.240082488569925
            ],
            [
              -111.66744262499658,
              40.2404185452079
            ],
            [
              -111.66744262139771,
              40.240418996440035
            ],
            [
              -111.66744300409955,
              40.24041978035954
            ],
            [
              -111.66744277293648,
              40.24051855797402
            ],
            [
              -111.66743843420149,
              40.241723926378164
            ],
            [
              -111.6674323907499,
              40.243055205245774
            ],
            [
              -111.6674252663277,
              40.2442462185466
            ],
            [
              -111.66742526531513,
              40.24424628519627
            ],
            [
              -111.66742486417431,
              40.24431350410794
            ],
            [
              -111.66742486394942,
              40.244313893189805
            ],
            [
              -111.66742497678335,
              40.24431389392859
            ],
            [
              -111.66743279816828,
              40.246313327005886
            ],
            [
              -111.66743272366834,
              40.24642572927212
            ],
            [
              -111.66742607278371,
              40.24777464368704
            ],
            [
              -111.66742354096527,
              40.248238481513205
            ],
            [
              -111.66741892678805,
              40.249207283625275
            ],
            [
              -111.66741820033127,
              40.24935979899216
            ],
            [
              -111.66742635218431,
              40.249990243355946
            ],
            [
              -111.66750266432307,
              40.25046042272671
            ],
            [
              -111.66753262258833,
              40.250644997672005
            ],
            [
              -111.6675323401595,
              40.25064534662888
            ],
            [
              -111.66753227544207,
              40.250645318801624
            ],
            [
              -111.66751398016372,
              40.2506431177492
            ],
            [
              -111.66737340606787,
              40.25062607554271
            ],
            [
              -111.66736300149908,
              40.250624816941134
            ],
            [
              -111.66734711774279,
              40.25062289340796
            ],
            [
              -111.66733148910822,
              40.25062099022188
            ],
            [
              -111.66731584992634,
              40.25061909965796
            ],
            [
              -111.66729861048954,
              40.2506170132423
            ],
            [
              -111.66728348393485,
              40.250615176878966
            ],
            [
              -111.66726783179061,
              40.25061327191678
            ],
            [
              -111.66725721674746,
              40.25061198298525
            ],
            [
              -111.66724155758288,
              40.25061009063866
            ],
            [
              -111.6672256267939,
              40.25060815814988
            ],
            [
              -111.6672147495438,
              40.25060683446475
            ],
            [
              -111.66712475695908,
              40.25059594568676
            ],
            [
              -111.66703319595507,
              40.2505959821665
            ],
            [
              -111.66702244772002,
              40.25059598673753
            ],
            [
              -111.66701170066484,
              40.25059599310722
            ],
            [
              -111.66700095714037,
              40.25059600127214
            ],
            [
              -111.6662961230144,
              40.25059647609328
            ],
            [
              -111.66538072984459,
              40.2505965948816
            ],
            [
              -111.66454832428678,
              40.250597770295045
            ],
            [
              -111.66398966775249,
              40.250598555531404
            ],
            [
              -111.66342802694832,
              40.250595474881415
            ],
            [
              -111.66220220948955,
              40.25058938044353
            ],
            [
              -111.66202847590368,
              40.25058851571678
            ],
            [
              -111.66202771882591,
              40.25062725732105
            ],
            [
              -111.66040044378482,
              40.250590034543926
            ],
            [
              -111.66026790487106,
              40.25059021658403
            ],
            [
              -111.66017056446556,
              40.25059035198499
            ],
            [
              -111.65994833329098,
              40.25059097732434
            ],
            [
              -111.65973375066541,
              40.250591580967246
            ],
            [
              -111.65861274692321,
              40.25059472796742
            ],
            [
              -111.65861316355104,
              40.25054822685122
            ],
            [
              -111.65862033793287,
              40.24974810672291
            ],
            [
              -111.6586241732924,
              40.24934280806806
            ],
            [
              -111.65863137546529,
              40.24880466067417
            ],
            [
              -111.65863070966992,
              40.24865818161311
            ],
            [
              -111.65862781531747,
              40.248657967588954
            ],
            [
              -111.65862781700565,
              40.248658189146624
            ],
            [
              -111.65808848314907,
              40.248981875081476
            ],
            [
              -111.65763221093539,
              40.24921961259143
            ],
            [
              -111.65724941623711,
              40.24946875154201
            ],
            [
              -111.6568370305313,
              40.249706426774104
            ],
            [
              -111.65654284569737,
              40.249932793833764
            ],
            [
              -111.65638502467067,
              40.25013496620619
            ],
            [
              -111.65627804234819,
              40.250272011861036
            ],
            [
              -111.65617556458454,
              40.25050943601119
            ],
            [
              -111.65613642620814,
              40.25062719338467
            ],
            [
              -111.65611874176305,
              40.25151838283388
            ],
            [
              -111.65614951273332,
              40.25362630850581
            ],
            [
              -111.65610204033769,
              40.25577156218104
            ],
            [
              -111.65610197529804,
              40.2557744893752
            ],
            [
              -111.6569910823758,
              40.25578322678991
            ],
            [
              -111.65859865756786,
              40.25581106445374
            ],
            [
              -111.65898435704815,
              40.25583558507026
            ],
            [
              -111.65935850649853,
              40.25591490572028
            ],
            [
              -111.65938318371052,
              40.25592013722331
            ],
            [
              -111.65941890666855,
              40.25593464832954
            ],
            [
              -111.65978264748303,
              40.256082400485134
            ],
            [
              -111.66007003952002,
              40.25625016864366
            ],
            [
              -111.66011906403307,
              40.256282794948916
            ],
            [
              -111.66024735881778,
              40.25638329068241
            ],
            [
              -111.66047093516103,
              40.256564052609
            ],
            [
              -111.66058163197566,
              40.256653550923645
            ],
            [
              -111.66109371460895,
              40.25717087393627
            ],
            [
              -111.66135008490309,
              40.25743771335419
            ],
            [
              -111.6615746332254,
              40.25766505058534
            ],
            [
              -111.66180280464138,
              40.257890260423395
            ],
            [
              -111.66177611340983,
              40.258303582187125
            ],
            [
              -111.66172223493555,
              40.258924446268054
            ],
            [
              -111.66168670955096,
              40.25933383978486
            ],
            [
              -111.66156010070682,
              40.26070460931949
            ],
            [
              -111.66155260928171,
              40.26078571935529
            ],
            [
              -111.6615421697841,
              40.260903401539984
            ],
            [
              -111.66147304336053,
              40.261682672966195
            ],
            [
              -111.66141864309074,
              40.26229592922339
            ],
            [
              -111.66128376077626,
              40.26341993155324
            ],
            [
              -111.66128397118277,
              40.26342091476839
            ],
            [
              -111.66129362356833,
              40.2634209987044
            ],
            [
              -111.66129390104919,
              40.26342100912884
            ],
            [
              -111.66345362377238,
              40.263500998387066
            ],
            [
              -111.66347083764398,
              40.26350140839897
            ],
            [
              -111.66349562439663,
              40.26350199874138
            ],
            [
              -111.66375962361725,
              40.26351199880798
            ],
            [
              -111.66389462413964,
              40.26351699890832
            ],
            [
              -111.6639492823141,
              40.26351912154955
            ],
            [
              -111.66434099664593,
              40.263533622456514
            ],
            [
              -111.66447997086908,
              40.263538567652006
            ],
            [
              -111.6645236058559,
              40.26354012013239
            ],
            [
              -111.66577873545738,
              40.26358562871795
            ],
            [
              -111.66582283172811,
              40.26358781681489
            ],
            [
              -111.6658426087023,
              40.263587788725395
            ],
            [
              -111.66586765263698,
              40.26358775224972
            ],
            [
              -111.66590329708919,
              40.26358995502466
            ],
            [
              -111.66594829595385,
              40.263587640360925
            ],
            [
              -111.66595820325148,
              40.26358762627925
            ],
            [
              -111.66599293345713,
              40.2635875751077
            ],
            [
              -111.66602856582841,
              40.26358527553015
            ],
            [
              -111.66604962040948,
              40.26358365144469
            ],
            [
              -111.6660646238435,
              40.26358299875316
            ],
            [
              -111.6660724134716,
              40.26358189248766
            ],
            [
              -111.66607319514219,
              40.26358183193314
            ],
            [
              -111.66612645032278,
              40.2635750004235
            ],
            [
              -111.6661793386931,
              40.26356817211361
            ],
            [
              -111.66622322892246,
              40.26356248149764
            ],
            [
              -111.6662399538681,
              40.26355809405391
            ],
            [
              -111.66624062376529,
              40.2635579985322
            ],
            [
              -111.66624912441556,
              40.26355630492172
            ],
            [
              -111.666462337002,
              40.26351561074783
            ],
            [
              -111.66656671411586,
              40.26348325966439
            ],
            [
              -111.66666887156535,
              40.26344446494815
            ],
            [
              -111.66676841199099,
              40.263399377498025
            ],
            [
              -111.66686494821266,
              40.263348172689646
            ],
            [
              -111.66695810473563,
              40.26329104969319
            ],
            [
              -111.66704751921108,
              40.26322823069866
            ],
            [
              -111.66740393143075,
              40.26295560427406
            ],
            [
              -111.66769047399772,
              40.26318151025896
            ],
            [
              -111.66797944643301,
              40.26340559362673
            ],
            [
              -111.66827082871133,
              40.26362783817689
            ],
            [
              -111.66856460081317,
              40.26384823041099
            ],
            [
              -111.6688607427092,
              40.264066753228114
            ],
            [
              -111.66915923320238,
              40.26428339313157
            ],
            [
              -111.66946005344171,
              40.264498134820066
            ],
            [
              -111.66978763662594,
              40.26473617435134
            ],
            [
              -111.66979031316971,
              40.264736450560136
            ],
            [
              -111.6697892137081,
              40.26473732038188
            ],
            [
              -111.67029708367338,
              40.265074065461256
            ],
            [
              -111.67053666630731,
              40.26523291938344
            ],
            [
              -111.67077698490296,
              40.265392260782356
            ],
            [
              -111.67087289393983,
              40.265456549076895
            ],
            [
              -111.67097398234324,
              40.26552846988746
            ],
            [
              -111.67106326665784,
              40.265595846313865
            ],
            [
              -111.67115068328512,
              40.26566562886859
            ],
            [
              -111.67130364282187,
              40.26578117268511
            ],
            [
              -111.67144906542799,
              40.26591269131347
            ],
            [
              -111.67148568402234,
              40.265949363175146
            ],
            [
              -111.67162146122651,
              40.26608533683327
            ],
            [
              -111.67179399608995,
              40.266295750467194
            ],
            [
              -111.67188708238248,
              40.26620970447133
            ],
            [
              -111.67198001907862,
              40.26593767795107
            ],
            [
              -111.67198433823816,
              40.26594127237153
            ],
            [
              -111.67207426656289,
              40.266050257627434
            ],
            [
              -111.67216017906209,
              40.26615320449792
            ],
            [
              -111.67229903902192,
              40.26632169603689
            ],
            [
              -111.6723045122043,
              40.26632833742817
            ],
            [
              -111.67259150912247,
              40.26680334282103
            ],
            [
              -111.67275609029161,
              40.26722825729547
            ],
            [
              -111.67284794965114,
              40.26759494435416
            ],
            [
              -111.67289127210684,
              40.26789787984594
            ],
            [
              -111.67291366546448,
              40.26789750264004
            ],
            [
              -111.67289076926545,
              40.268589496899914
            ],
            [
              -111.67257423807484,
              40.27044966088847
            ],
            [
              -111.67258486068923,
              40.27057592367286
            ],
            [
              -111.67267330500188,
              40.270830406945635
            ],
            [
              -111.67272468405947,
              40.27077559878796
            ],
            [
              -111.6730472682914,
              40.27042905118691
            ],
            [
              -111.67329835984059,
              40.269979838003
            ],
            [
              -111.67335990724239,
              40.269870279570675
            ],
            [
              -111.6735349755722,
              40.26965503379525
            ],
            [
              -111.67382203778915,
              40.26943876366594
            ],
            [
              -111.67390148389961,
              40.269320945486605
            ],
            [
              -111.67401858799192,
              40.26903869980886
            ],
            [
              -111.67403301897137,
              40.26889833077679
            ],
            [
              -111.6740204188086,
              40.26852260219539
            ],
            [
              -111.67406776564918,
              40.268291421549876
            ],
            [
              -111.67413076028953,
              40.26787062718066
            ],
            [
              -111.67416301247158,
              40.26786989278704
            ],
            [
              -111.67417056930009,
              40.267845518156555
            ],
            [
              -111.67422299434006,
              40.267673522945465
            ],
            [
              -111.67441571052325,
              40.267178924048224
            ],
            [
              -111.67446110791646,
              40.26706218479396
            ],
            [
              -111.67449630576024,
              40.2669856115438
            ],
            [
              -111.67449924137873,
              40.26697492910187
            ],
            [
              -111.67469750464984,
              40.266540932097215
            ],
            [
              -111.67473131177664,
              40.266270990385195
            ],
            [
              -111.67472537360113,
              40.26622501949928
            ],
            [
              -111.67472731939507,
              40.26622501658754
            ],
            [
              -111.67469306420652,
              40.26596736423236
            ],
            [
              -111.6747562073238,
              40.265783682072374
            ],
            [
              -111.6748000268077,
              40.265751362545785
            ],
            [
              -111.674922535055,
              40.26565972658227
            ],
            [
              -111.6751130066541,
              40.26551703272686
            ],
            [
              -111.67544026477935,
              40.26526174867913
            ],
            [
              -111.67566965631086,
              40.26510012056674
            ],
            [
              -111.6759662153787,
              40.26492809640046
            ],
            [
              -111.6762018257792,
              40.26474706963747
            ],
            [
              -111.67633352856107,
              40.264574434867846
            ],
            [
              -111.67647977352128,
              40.26430810082689
            ],
            [
              -111.67654135436098,
              40.264215014186476
            ],
            [
              -111.67657972799871,
              40.26415644836363
            ],
            [
              -111.67663059658507,
              40.26407916260195
            ],
            [
              -111.67675281348691,
              40.26387668793974
            ],
            [
              -111.67681586312355,
              40.26365920881632
            ],
            [
              -111.67685590324486,
              40.263377421400435
            ],
            [
              -111.67686382359497,
              40.263321819688045
            ],
            [
              -111.67687802567076,
              40.26309686435565
            ],
            [
              -111.67699992111781,
              40.26294294552831
            ],
            [
              -111.67718541274986,
              40.26278532838489
            ],
            [
              -111.67732645003251,
              40.26258642796216
            ],
            [
              -111.67738567178928,
              40.26244959277953
            ],
            [
              -111.6773914794841,
              40.26244323619614
            ],
            [
              -111.67744804042191,
              40.262316356266766
            ],
            [
              -111.67744886427846,
              40.262288559247324
            ],
            [
              -111.67745653109881,
              40.26184884449939
            ],
            [
              -111.6774601792882,
              40.26163964654395
            ],
            [
              -111.67746375252729,
              40.26146189118417
            ],
            [
              -111.67746358367063,
              40.26139669088621
            ],
            [
              -111.67768895091865,
              40.26124501685923
            ],
            [
              -111.67772709888753,
              40.26127361108693
            ],
            [
              -111.6779371363954,
              40.26142942107443
            ],
            [
              -111.67798112004274,
              40.26146195386076
            ],
            [
              -111.6788609992262,
              40.260994254971955
            ],
            [
              -111.67916067094916,
              40.26065252938573
            ],
            [
              -111.67923577172324,
              40.260594594349996
            ],
            [
              -111.67952500026037,
              40.26037126943356
            ],
            [
              -111.68029494546016,
              40.260523285831525
            ],
            [
              -111.68032292038868,
              40.26060148097723
            ],
            [
              -111.68057376799791,
              40.26060315035541
            ],
            [
              -111.68062716527805,
              40.260603480253565
            ],
            [
              -111.68062700732186,
              40.260602873461515
            ],
            [
              -111.68062697066667,
              40.26060279336061
            ],
            [
              -111.68058757121068,
              40.260521417616765
            ],
            [
              -111.68054379633054,
              40.26044230953445
            ],
            [
              -111.6805577741679,
              40.26045918686945
            ],
            [
              -111.68057436202992,
              40.26047350703732
            ],
            [
              -111.6805930987362,
              40.260484871904744
            ],
            [
              -111.68061346336361,
              40.2604929655025
            ],
            [
              -111.68063488972906,
              40.260497562810116
            ],
            [
              -111.68065678213077,
              40.26049853601196
            ],
            [
              -111.68065685149396,
              40.26049853680523
            ],
            [
              -111.68107610675982,
              40.260501217912015
            ],
            [
              -111.68137901693513,
              40.26051566244643
            ],
            [
              -111.68425457465167,
              40.260534005577654
            ],
            [
              -111.68425319617742,
              40.26031908890932
            ],
            [
              -111.68493386565459,
              40.260439629876444
            ],
            [
              -111.68493394916398,
              40.26043964505516
            ],
            [
              -111.68498906163158,
              40.26045179385446
            ],
            [
              -111.68504288993331,
              40.26046874942419
            ],
            [
              -111.68509501570746,
              40.26049037998312
            ],
            [
              -111.68509508751445,
              40.26049041499455
            ],
            [
              -111.6852764330882,
              40.26057616802393
            ],
            [
              -111.68535385535263,
              40.26063261030879
            ],
            [
              -111.68535865899533,
              40.260632639609064
            ]
          ]
        ]
      }
    },
    {
      "type": "Feature",
      "properties": {
        "ward": "5",
        "name": "Provo Council District 5",
        "council_member": "Rachel Whipple",
        "source_url": "https://gispublicweb.provo.org/ArcGIS/rest/services/Council/Council_Districts/FeatureServer/3",
        "source_url_mirror": "https://maps.provo.org/downloads/provo_council_precincts.pdf",
        "digitized_on": "2026-05-09",
        "digitizer": "provo-city-gis",
        "tool": "ArcGIS FeatureServer export (Layer 3: 2023 Municipal Council Districts)"
      },
      "geometry": {
        "type": "Polygon",
        "coordinates": [
          [
            [
              -111.65862228620985,
              40.24664885597176
            ],
            [
              -111.65862202967377,
              40.24690316589306
            ],
            [
              -111.65862414716631,
              40.24782469888664
            ],
            [
              -111.6586245125743,
              40.24798359836306
            ],
            [
              -111.65862493073416,
              40.248165797587845
            ],
            [
              -111.65862781531747,
              40.248657967588954
            ],
            [
              -111.65863070966992,
              40.24865818161311
            ],
            [
              -111.65863137546529,
              40.24880466067417
            ],
            [
              -111.6586241732924,
              40.24934280806806
            ],
            [
              -111.65862033793287,
              40.24974810672291
            ],
            [
              -111.65861316355104,
              40.25054822685122
            ],
            [
              -111.65861274692321,
              40.25059472796742
            ],
            [
              -111.65973375066541,
              40.250591580967246
            ],
            [
              -111.65994833329098,
              40.25059097732434
            ],
            [
              -111.66017056446556,
              40.25059035198499
            ],
            [
              -111.66026790487106,
              40.25059021658403
            ],
            [
              -111.66040044378482,
              40.250590034543926
            ],
            [
              -111.66202771882591,
              40.25062725732105
            ],
            [
              -111.66202847590368,
              40.25058851571678
            ],
            [
              -111.66342802694832,
              40.250595474881415
            ],
            [
              -111.66398966775249,
              40.250598555531404
            ],
            [
              -111.66454832428678,
              40.250597770295045
            ],
            [
              -111.66538072984459,
              40.2505965948816
            ],
            [
              -111.6662961230144,
              40.25059647609328
            ],
            [
              -111.66700095714037,
              40.25059600127214
            ],
            [
              -111.66701170066484,
              40.25059599310722
            ],
            [
              -111.66702244772002,
              40.25059598673753
            ],
            [
              -111.66703319595507,
              40.2505959821665
            ],
            [
              -111.66712475695908,
              40.25059594568676
            ],
            [
              -111.6672147495438,
              40.25060683446475
            ],
            [
              -111.6672256267939,
              40.25060815814988
            ],
            [
              -111.66724155758288,
              40.25061009063866
            ],
            [
              -111.66725721674746,
              40.25061198298525
            ],
            [
              -111.66726783179061,
              40.25061327191678
            ],
            [
              -111.66728348393485,
              40.250615176878966
            ],
            [
              -111.66729861048954,
              40.2506170132423
            ],
            [
              -111.66731584992634,
              40.25061909965796
            ],
            [
              -111.66733148910822,
              40.25062099022188
            ],
            [
              -111.66734711774279,
              40.25062289340796
            ],
            [
              -111.66736300149908,
              40.250624816941134
            ],
            [
              -111.66737340606787,
              40.25062607554271
            ],
            [
              -111.66751398016372,
              40.2506431177492
            ],
            [
              -111.66753227544207,
              40.250645318801624
            ],
            [
              -111.6675323401595,
              40.25064534662888
            ],
            [
              -111.66753262258833,
              40.250644997672005
            ],
            [
              -111.66750266432307,
              40.25046042272671
            ],
            [
              -111.66742635218431,
              40.249990243355946
            ],
            [
              -111.66741820033127,
              40.24935979899216
            ],
            [
              -111.66742354096527,
              40.248238481513205
            ],
            [
              -111.66742607278371,
              40.24777464368704
            ],
            [
              -111.66743272366834,
              40.24642572927212
            ],
            [
              -111.66743279816828,
              40.246313327005886
            ],
            [
              -111.66742497678335,
              40.24431389392859
            ],
            [
              -111.66742486394942,
              40.244313893189805
            ],
            [
              -111.66742486417431,
              40.24431350410794
            ],
            [
              -111.6674252664905,
              40.24424628519457
            ],
            [
              -111.6674252663277,
              40.2442462185466
            ],
            [
              -111.6674323907499,
              40.243055205245774
            ],
            [
              -111.66743843420149,
              40.241723926378164
            ],
            [
              -111.66744277293648,
              40.24051855797402
            ],
            [
              -111.66744300409955,
              40.24041978035954
            ],
            [
              -111.66744262139771,
              40.240418996440035
            ],
            [
              -111.66744262499658,
              40.2404185452079
            ],
            [
              -111.66744670471545,
              40.23981924048725
            ],
            [
              -111.66745116174165,
              40.239096827555954
            ],
            [
              -111.66746529194869,
              40.23789670487932
            ],
            [
              -111.66746662157884,
              40.237779995403805
            ],
            [
              -111.66746662296335,
              40.23777960001495
            ],
            [
              -111.66746962100989,
              40.23646013730681
            ],
            [
              -111.66746969504723,
              40.23646013720056
            ],
            [
              -111.6674837027036,
              40.2351294018036
            ],
            [
              -111.66748624963824,
              40.23467788579897
            ],
            [
              -111.66748805825735,
              40.23435708275801
            ],
            [
              -111.66749094004088,
              40.23383293379214
            ],
            [
              -111.66749136331647,
              40.233756067729445
            ],
            [
              -111.66749158526794,
              40.23375600526572
            ],
            [
              -111.66749136405811,
              40.233755890299435
            ],
            [
              -111.66746864910797,
              40.233476721797146
            ],
            [
              -111.6674914313313,
              40.23318172472316
            ],
            [
              -111.66749748901672,
              40.2323553653013
            ],
            [
              -111.66750860507227,
              40.231042643742676
            ],
            [
              -111.66752005864899,
              40.229718665699075
            ],
            [
              -111.66753116834265,
              40.22840369149011
            ],
            [
              -111.66753918705601,
              40.22744157038941
            ],
            [
              -111.66753929398696,
              40.22744157113652
            ],
            [
              -111.66754234600923,
              40.22707535453908
            ],
            [
              -111.66754220660967,
              40.22707264556521
            ],
            [
              -111.66753685763535,
              40.22667442535835
            ],
            [
              -111.66747953798334,
              40.22585462114625
            ],
            [
              -111.66747940157666,
              40.2258526543081
            ],
            [
              -111.6622926409634,
              40.22578568173218
            ],
            [
              -111.66052638249066,
              40.225761105138794
            ],
            [
              -111.65967627301441,
              40.22573524999101
            ],
            [
              -111.65940055731315,
              40.225739570916666
            ],
            [
              -111.65872385936835,
              40.225744527358366
            ],
            [
              -111.65810886039077,
              40.22574902882687
            ],
            [
              -111.65690986866586,
              40.225745761146094
            ],
            [
              -111.65626177123579,
              40.22574437826686
            ],
            [
              -111.65589012586241,
              40.22574252462957
            ],
            [
              -111.6551968221004,
              40.22573906436474
            ],
            [
              -111.6541178563518,
              40.22572275773921
            ],
            [
              -111.64709187510664,
              40.2256565856545
            ],
            [
              -111.64632661679757,
              40.2260592197101
            ],
            [
              -111.64375913197294,
              40.22608059789938
            ],
            [
              -111.64375779233846,
              40.22608054551032
            ],
            [
              -111.6441071092018,
              40.22653920965948
            ],
            [
              -111.64447861571583,
              40.227026995864065
            ],
            [
              -111.6444787877625,
              40.227027228920946
            ],
            [
              -111.64466661463767,
              40.22728199710583
            ],
            [
              -111.64491561550685,
              40.227619995170464
            ],
            [
              -111.64517661430313,
              40.22797599626426
            ],
            [
              -111.64542761500834,
              40.22831599644589
            ],
            [
              -111.64543165693978,
              40.228320852246696
            ],
            [
              -111.64653961567974,
              40.22965200024852
            ],
            [
              -111.64658861697531,
              40.23091999614512
            ],
            [
              -111.64657161622308,
              40.23181399569068
            ],
            [
              -111.64657261626212,
              40.232256995794835
            ],
            [
              -111.64656333195819,
              40.23252375609199
            ],
            [
              -111.64656332197707,
              40.23252403440676
            ],
            [
              -111.64655761587225,
              40.23268799580214
            ],
            [
              -111.64655861583554,
              40.23313099669307
            ],
            [
              -111.64659126130722,
              40.23361185910966
            ],
            [
              -111.64659561607967,
              40.23367599732707
            ],
            [
              -111.64659815995184,
              40.2336862832045
            ],
            [
              -111.64732760200128,
              40.23369251944722
            ],
            [
              -111.64766689583834,
              40.23369541855323
            ],
            [
              -111.6482754443982,
              40.23369463887176
            ],
            [
              -111.64827155125471,
              40.23391257419667
            ],
            [
              -111.64824887792966,
              40.23507661176026
            ],
            [
              -111.64824659853439,
              40.236400574566936
            ],
            [
              -111.64824840958237,
              40.237406995592075
            ],
            [
              -111.64659061747453,
              40.237399997452584
            ],
            [
              -111.64657917582052,
              40.237400112695845
            ],
            [
              -111.64613272212988,
              40.23740461199904
            ],
            [
              -111.64613250236897,
              40.237404614075494
            ],
            [
              -111.64579688062523,
              40.23740844008521
            ],
            [
              -111.64474425362047,
              40.23742055811199
            ],
            [
              -111.6447442547804,
              40.23741999430168
            ],
            [
              -111.64345120797688,
              40.23741264996068
            ],
            [
              -111.64316061712029,
              40.23741099740612
            ],
            [
              -111.64316047139391,
              40.23741099758488
            ],
            [
              -111.64316047272712,
              40.23741107323813
            ],
            [
              -111.64316047288887,
              40.23741115069407
            ],
            [
              -111.64315917729054,
              40.23837485454938
            ],
            [
              -111.64315917454921,
              40.23837523012497
            ],
            [
              -111.64314632340712,
              40.2399577663881
            ],
            [
              -111.64314632523126,
              40.23995807711097
            ],
            [
              -111.6431551233369,
              40.240729085935584
            ],
            [
              -111.64316160622592,
              40.24129746873148
            ],
            [
              -111.64315171047606,
              40.241482113632614
            ],
            [
              -111.6431510099227,
              40.24163626918362
            ],
            [
              -111.6431484376937,
              40.24220264096906
            ],
            [
              -111.64315589019412,
              40.242202610213326
            ],
            [
              -111.64472185431781,
              40.24219619564162
            ],
            [
              -111.64655789658046,
              40.2421984079593
            ],
            [
              -111.646558647982,
              40.24169179120605
            ],
            [
              -111.64822462698274,
              40.241694188902066
            ],
            [
              -111.64995082732166,
              40.24169198580999
            ],
            [
              -111.65046436532538,
              40.241689308375435
            ],
            [
              -111.65167077417998,
              40.24168300862244
            ],
            [
              -111.65167077669847,
              40.24168361565868
            ],
            [
              -111.65167492125344,
              40.24293145900279
            ],
            [
              -111.65167516444275,
              40.243004709593556
            ],
            [
              -111.65166713771278,
              40.243873445340405
            ],
            [
              -111.65166461638887,
              40.24429348542964
            ],
            [
              -111.65244915621669,
              40.24428804121229
            ],
            [
              -111.65290685276409,
              40.24429504313329
            ],
            [
              -111.65338775887419,
              40.244292654093385
            ],
            [
              -111.6535570013462,
              40.244295909884826
            ],
            [
              -111.65511139939565,
              40.244232993123575
            ],
            [
              -111.65518459494028,
              40.24424982627944
            ],
            [
              -111.65547227744867,
              40.24429476603499
            ],
            [
              -111.6561539193518,
              40.244314283801074
            ],
            [
              -111.65614764911638,
              40.24635480571069
            ],
            [
              -111.65654566152826,
              40.246356596288436
            ],
            [
              -111.65732943072814,
              40.24637599991816
            ],
            [
              -111.65732218540859,
              40.24657862911584
            ],
            [
              -111.6577811532478,
              40.24658569849047
            ],
            [
              -111.65778124170063,
              40.246623100600324
            ],
            [
              -111.65814713463128,
              40.24662723479697
            ],
            [
              -111.65862230336973,
              40.24663138512276
            ],
            [
              -111.65862228620985,
              40.24664885597176
            ]
          ]
        ]
      }
    }
  ]
}