GEMS Contest ID,Contest Sort Seq,District Type,District Type Subheading,District Name,Ballot Title,Ballots Counted for District,Registered Voters for District,Percent Turnout for District,Candidate Sort Seq,Ballot Response,Party Preference,Votes,Percent of Votes
44,440,City,City/Town,City of Clyde Hill,Council Position No. 1,918,2282,40.23,1,Lisa Wissner-Slivka,,488,56.42
44,440,City,City/Town,City of Clyde Hill,Council Position No. 1,918,2282,40.23,12,Write-in,,2,0.23
44,440,City,City/Town,City of Clyde Hill,Council Position No. 1,918,2282,40.23,2,Lyn Adams,,375,43.35
257,2580,Special Purpose District,Water,Covington Water District,Commissioner Position No. 2,16451,41162,39.97,2,Tal Weberg,,6184,44.16
257,2580,Special Purpose District,Water,Covington Water District,Commissioner Position No. 2,16451,41162,39.97,1,Kevin Broom,,7768,55.47
257,2580,Special Purpose District,Water,Covington Water District,Commissioner Position No. 2,16451,41162,39.97,12,Write-in,,51,0.36
59,590,City,City/Town,City of Enumclaw,Mayor,4386,9434,46.49,1,Anthony Wright,,2957,96.92
59,590,City,City/Town,City of Enumclaw,Mayor,4386,9434,46.49,11,Write-in,,94,3.08
237,2370,Special Purpose District,Fire,King County Fire Protection District No. 43,Commissioner Position No. 1,13823,30829,44.84,2,Leslie Hamada,,2659,23.61
237,2370,Special Purpose District,Fire,King County Fire Protection District No. 43,Commissioner Position No. 1,13823,30829,44.84,1,Mark D. Mulich,,8547,75.91
237,2370,Special Purpose District,Fire,King County Fire Protection District No. 43,Commissioner Position No. 1,13823,30829,44.84,12,Write-in,,54,0.48
169,1449,City,City/Town,Town of Skykomish,Council Position No. 4,88,133,66.17,11,Write-in,,1,1.28
169,1449,City,City/Town,Town of Skykomish,Council Position No. 4,88,133,66.17,1,Mo Ainsley,,77,98.72
50,500,City,City/Town,City of Des Moines,Council Position No. 1,7878,19851,39.69,1,David Denino,,3332,45.83
50,500,City,City/Town,City of Des Moines,Council Position No. 1,7878,19851,39.69,2,Harry Steinmetz,,3906,53.72
50,500,City,City/Town,City of Des Moines,Council Position No. 1,7878,19851,39.69,12,Write-in,,33,0.45
312,3120,Special Purpose District,Park and Recreation,Si View Metropolitan Park District,Commissioner Position No. 3,6318,14262,44.30,12,Write-in,,19,0.34
312,3120,Special Purpose District,Park and Recreation,Si View Metropolitan Park District,Commissioner Position No. 3,6318,14262,44.30,2,Bruce Noble,,2588,46.86
312,3120,Special Purpose District,Park and Recreation,Si View Metropolitan Park District,Commissioner Position No. 3,6318,14262,44.30,1,Curt Swade,,2916,52.80
284,2760,Special Purpose District,Sewer & Water,Lakehaven Water and Sewer District,Commissioner Position No. 2,24719,78067,31.66,12,Write-in,,118,0.54
284,2760,Special Purpose District,Sewer & Water,Lakehaven Water and Sewer District,Commissioner Position No. 2,24719,78067,31.66,1,Juan Juarez,,12217,55.59
284,2760,Special Purpose District,Sewer & Water,Lakehaven Water and Sewer District,Commissioner Position No. 2,24719,78067,31.66,2,Travis Baker,,9642,43.87
214,2140,School,School,Tahoma School District No. 409,Director District No. 2,13888,30782,45.12,1,Susan Balthaser,,8013,97.41
214,2140,School,School,Tahoma School District No. 409,Director District No. 2,13888,30782,45.12,11,Write-in,,213,2.59
85,850,City,City/Town,City of Kent,Municipal Court Judge Position No. 2,22217,73115,30.39,11,Write-in,,189,1.23
85,850,City,City/Town,City of Kent,Municipal Court Judge Position No. 2,22217,73115,30.39,1,Anthony Gipe,,15145,98.77
210,2100,School,School,Skykomish School District No. 404,Director Position No. 5,185,372,49.73,1,Franny Sweeters,,137,96.48
210,2100,School,School,Skykomish School District No. 404,Director Position No. 5,185,372,49.73,11,Write-in,,5,3.52
329,2225,Special Purpose District,Fire,East Pierce Fire & Rescue,Commissioner Position No. 7,422,1124,37.54,11,Write-in,,0,0.00
329,2225,Special Purpose District,Fire,East Pierce Fire & Rescue,Commissioner Position No. 7,422,1124,37.54,1,Pete Connell,,279,100.00
307,3070,Special Purpose District,Park and Recreation,Des Moines Pool Metropolitan Park District,Commissioner Position No. 4,7878,19851,39.69,1,Holly Campbell,,5344,98.93
307,3070,Special Purpose District,Park and Recreation,Des Moines Pool Metropolitan Park District,Commissioner Position No. 4,7878,19851,39.69,11,Write-in,,58,1.07
93,930,City,City/Town,City of Lake Forest Park,Council Position No. 3,5851,10593,55.23,1,Josh Rosenau,,2947,53.42
93,930,City,City/Town,City of Lake Forest Park,Council Position No. 3,5851,10593,55.23,2,Jon Lebo,,2558,46.37
93,930,City,City/Town,City of Lake Forest Park,Council Position No. 3,5851,10593,55.23,12,Write-in,,12,0.22
24,240,City,City/Town,City of Bellevue,Council Position No. 2,33043,83087,39.77,2,Conrad Lee,,14727,46.24
24,240,City,City/Town,City of Bellevue,Council Position No. 2,33043,83087,39.77,12,Write-in,,45,0.14
24,240,City,City/Town,City of Bellevue,Council Position No. 2,33043,83087,39.77,1,Naren Briar,,17080,53.62
305,3050,Special Purpose District,Airport,King County Airport District,Commissioner Position No. 3,5229,9321,56.10,1,Lauren Chase,,3356,99.41
305,3050,Special Purpose District,Airport,King County Airport District,Commissioner Position No. 3,5229,9321,56.10,11,Write-in,,20,0.59
127,1270,City,City/Town,City of Renton,Municipal Court Judge Position No. 1,20107,61884,32.49,1,Jessica Giner,,13641,98.42
127,1270,City,City/Town,City of Renton,Municipal Court Judge Position No. 1,20107,61884,32.49,11,Write-in,,219,1.58
89,890,City,City/Town,City of Kirkland,Council Position No. 7,25374,59121,42.92,2,Kurt Dresner,,11534,47.70
89,890,City,City/Town,City of Kirkland,Council Position No. 7,25374,59121,42.92,1,Jon Pascal,,12594,52.08
89,890,City,City/Town,City of Kirkland,Council Position No. 7,25374,59121,42.92,12,Write-in,,53,0.22
176,1760,School,School,Bellevue School District No. 405,Director District No. 3,32003,81870,39.09,12,Write-in,,159,0.57
176,1760,School,School,Bellevue School District No. 405,Director District No. 3,32003,81870,39.09,1,Tracy Mayclin,,16261,58.75
176,1760,School,School,Bellevue School District No. 405,Director District No. 3,32003,81870,39.09,2,Marta Trilles,,11260,40.68
227,2270,Special Purpose District,Fire,King County Fire Protection District No. 10,Commissioner Position No. 2,7909,16721,47.30,11,Write-in,,56,1.23
227,2270,Special Purpose District,Fire,King County Fire Protection District No. 10,Commissioner Position No. 2,7909,16721,47.30,1,Toni Nielsen,,4513,98.77
235,2350,Special Purpose District,Fire,King County Fire Protection District No. 37,Commissioner Position No. 2,6390,18804,33.98,1,David Scalabrini,,3988,98.35
235,2350,Special Purpose District,Fire,King County Fire Protection District No. 37,Commissioner Position No. 2,6390,18804,33.98,11,Write-in,,67,1.65
51,510,City,City/Town,City of Des Moines,Council Position No. 3,7878,19851,39.69,1,Gene Achziger,,5497,97.66
51,510,City,City/Town,City of Des Moines,Council Position No. 3,7878,19851,39.69,11,Write-in,,132,2.34
162,701,City,City/Town,Town of Hunts Point,Mayor,148,316,46.84,1,Joseph D Sabey,,117,95.12
162,701,City,City/Town,Town of Hunts Point,Mayor,148,316,46.84,11,Write-in,,6,4.88
338,3,State,State Measure,State,Senate Joint Resolution No. 8201,654742,1443842,45.35,2,Rejected,,181699,28.93
338,3,State,State Measure,State,Senate Joint Resolution No. 8201,654742,1443842,45.35,1,Approved,,446401,71.07
130,1300,City,City/Town,City of Sammamish,Council Position No. 3,18717,40728,45.96,2,Josh Amato,,10743,59.51
130,1300,City,City/Town,City of Sammamish,Council Position No. 3,18717,40728,45.96,1,Sid Gupta,,7272,40.28
130,1300,City,City/Town,City of Sammamish,Council Position No. 3,18717,40728,45.96,12,Write-in,,37,0.20
310,3100,Special Purpose District,Park and Recreation,Fall City Metropolitan Park District,Commissioner Position No. 5,2106,4588,45.90,1,Travis Klaas,,1237,99.20
310,3100,Special Purpose District,Park and Recreation,Fall City Metropolitan Park District,Commissioner Position No. 5,2106,4588,45.90,11,Write-in,,10,0.80
328,2223,Special Purpose District,Fire,East Pierce Fire & Rescue,Commissioner Position No. 3,422,1124,37.54,2,Benjamin R. Johnson,,129,38.74
328,2223,Special Purpose District,Fire,East Pierce Fire & Rescue,Commissioner Position No. 3,422,1124,37.54,1,Justin Evans,,204,61.26
328,2223,Special Purpose District,Fire,East Pierce Fire & Rescue,Commissioner Position No. 3,422,1124,37.54,12,Write-in,,0,0.00
267,2690,Special Purpose District,Water,King County Water District No. 117,Commissioner Position No. 2,43,70,61.43,1,Patrick C Stanton,,41,100.00
267,2690,Special Purpose District,Water,King County Water District No. 117,Commissioner Position No. 2,43,70,61.43,11,Write-in,,0,0.00
186,1860,School,School,Issaquah School District No. 411,Director District No. 2,34695,76539,45.33,12,Write-in,,110,0.35
186,1860,School,School,Issaquah School District No. 411,Director District No. 2,34695,76539,45.33,1,Chinmay Nagarkar,,13514,42.42
186,1860,School,School,Issaquah School District No. 411,Director District No. 2,34695,76539,45.33,2,Natalie Anderson,,18231,57.23
208,2080,School,School,Skykomish School District No. 404,Director Position No. 3,185,372,49.73,11,Write-in,,6,4.14
208,2080,School,School,Skykomish School District No. 404,Director Position No. 3,185,372,49.73,1,Ashley Toney,,139,95.86
78,780,City,City/Town,City of Kenmore,Council Position No. 4,7807,15948,48.95,2,Nigel Herbig,,4658,62.71
78,780,City,City/Town,City of Kenmore,Council Position No. 4,7807,15948,48.95,12,Write-in,,21,0.28
78,780,City,City/Town,City of Kenmore,Council Position No. 4,7807,15948,48.95,1,Christina Schiefer,,2749,37.01
184,1840,School,School,Highline School District No. 401,Director District No. 4,31334,79169,39.58,2,Ken Kemp,,11056,39.39
184,1840,School,School,Highline School District No. 401,Director District No. 4,31334,79169,39.58,1,Damarys Espinoza,,16912,60.26
184,1840,School,School,Highline School District No. 401,Director District No. 4,31334,79169,39.58,12,Write-in,,97,0.35
151,1510,City,City/Town,City of Tukwila,Council Position No. 3,3446,11650,29.58,12,Write-in,,9,0.28
151,1510,City,City/Town,City of Tukwila,Council Position No. 3,3446,11650,29.58,1,Tosh Sharp,,1525,47.29
151,1510,City,City/Town,City of Tukwila,Council Position No. 3,3446,11650,29.58,2,Hannah Hedrick,,1691,52.43
311,3110,Special Purpose District,Park and Recreation,Si View Metropolitan Park District,Commissioner Position No. 2,6318,14262,44.30,1,Brandon Hunter,,679,12.54
311,3110,Special Purpose District,Park and Recreation,Si View Metropolitan Park District,Commissioner Position No. 2,6318,14262,44.30,2,Mark Leen,,4708,86.98
311,3110,Special Purpose District,Park and Recreation,Si View Metropolitan Park District,Commissioner Position No. 2,6318,14262,44.30,12,Write-in,,26,0.48
327,2221,Special Purpose District,Fire,East Pierce Fire & Rescue,Commissioner Position No. 1,422,1124,37.54,1,Kevin Garling,,279,100.00
327,2221,Special Purpose District,Fire,East Pierce Fire & Rescue,Commissioner Position No. 1,422,1124,37.54,11,Write-in,,0,0.00
167,1443,City,City/Town,Town of Skykomish,Council Position No. 2,88,133,66.17,1,Shelly Farnham,,67,94.37
167,1443,City,City/Town,Town of Skykomish,Council Position No. 2,88,133,66.17,11,Write-in,,4,5.63
223,2230,Special Purpose District,Fire,Enumclaw Fire Department,Commissioner Position No. 2,7190,15368,46.79,11,Write-in,,55,1.19
223,2230,Special Purpose District,Fire,Enumclaw Fire Department,Commissioner Position No. 2,7190,15368,46.79,1,Scott Percival,,4572,98.81
37,370,City,City/Town,City of Bothell,Council Position No. 7,8008,18913,42.34,1,Mark Swanson,,2658,35.96
37,370,City,City/Town,City of Bothell,Council Position No. 7,8008,18913,42.34,12,Write-in,,29,0.39
37,370,City,City/Town,City of Bothell,Council Position No. 7,8008,18913,42.34,2,Rami Al-Kabra,,4704,63.64
170,1700,City,City/Town,Town of Yarrow Point,Mayor,364,918,39.65,11,Write-in,,12,4.32
170,1700,City,City/Town,Town of Yarrow Point,Mayor,364,918,39.65,1,Katy Harris,,266,95.68
171,1710,City,City/Town,Town of Yarrow Point,Council Position No. 1,364,918,39.65,1,Greg Hanson,,235,97.11
171,1710,City,City/Town,Town of Yarrow Point,Council Position No. 1,364,918,39.65,11,Write-in,,7,2.89
28,280,City,City/Town,City of Black Diamond,Mayor,2846,5238,54.33,2,John Adler,,1401,50.36
28,280,City,City/Town,City of Black Diamond,Mayor,2846,5238,54.33,1,Geoff Bowie,,1373,49.35
28,280,City,City/Town,City of Black Diamond,Mayor,2846,5238,54.33,12,Write-in,,8,0.29
102,1020,City,City/Town,City of Medina,Council Position No. 7,861,2288,37.63,11,Write-in,,6,1.04
102,1020,City,City/Town,City of Medina,Council Position No. 7,861,2288,37.63,1,Randy Reeves,,570,98.96
49,490,City,City/Town,City of Covington,Council Position No. 6,4544,14287,31.81,11,Write-in,,52,1.72
49,490,City,City/Town,City of Covington,Council Position No. 6,4544,14287,31.81,1,Elizabeth Porter,,2966,98.28
251,2510,Special Purpose District,Fire,Vashon Island Fire and Rescue,Commissioner Position No. 2,5229,9321,56.10,1,Amy Drayer,,3344,70.83
251,2510,Special Purpose District,Fire,Vashon Island Fire and Rescue,Commissioner Position No. 2,5229,9321,56.10,12,Write-in,,11,0.23
251,2510,Special Purpose District,Fire,Vashon Island Fire and Rescue,Commissioner Position No. 2,5229,9321,56.10,2,Daniel Luechtefeld,,1366,28.93
14,140,Port of Seattle,Port,Port of Seattle,Commissioner Position No. 1,654742,1443842,45.35,11,Write-in,,6785,1.55
14,140,Port of Seattle,Port,Port of Seattle,Commissioner Position No. 1,654742,1443842,45.35,1,Ryan Calkins,,429856,98.45
276,2610,Special Purpose District,Sewer,Highlands Utility District,Commissioner Position No. 2,99,224,44.20,1,Karl D'Ambrosio,,85,100.00
276,2610,Special Purpose District,Sewer,Highlands Utility District,Commissioner Position No. 2,99,224,44.20,11,Write-in,,0,0.00
6,2710,Special Purpose District,Water,King County Water District No. 123,Commissioner Position No. 2,86,166,51.81,11,Write-in,,0,0.00
6,2710,Special Purpose District,Water,King County Water District No. 123,Commissioner Position No. 2,86,166,51.81,1,Marenah Ryan,,54,100.00
333,15,State,Legislative,Legislative District No. 34,State Senator,56362,108994,51.71,1,Emily Alvarado,(Prefers Democratic Party),41587,98.08
333,15,State,Legislative,Legislative District No. 34,State Senator,56362,108994,51.71,11,Write-in,,814,1.92
21,210,City,City/Town,City of Auburn,Council Position No. 4,12856,41180,31.22,12,Write-in,,40,0.34
21,210,City,City/Town,City of Auburn,Council Position No. 4,12856,41180,31.22,2,Erica Tomas,,5363,45.09
21,210,City,City/Town,City of Auburn,Council Position No. 4,12856,41180,31.22,1,Brian Lott,,6491,54.57
271,2740,Special Purpose District,Water,Lake Meridian Water District,Commissioner Position No. 2,4109,12087,34.00,1,Jeff Barber,,2712,98.58
271,2740,Special Purpose District,Water,Lake Meridian Water District,Commissioner Position No. 2,4109,12087,34.00,11,Write-in,,39,1.42
100,1000,City,City/Town,City of Medina,Council Position No. 3,861,2288,37.63,11,Write-in,,22,3.89
100,1000,City,City/Town,City of Medina,Council Position No. 3,861,2288,37.63,1,Heija Nunn,,543,96.11
156,1560,City,City/Town,City of Woodinville,Council Position No. 5,4301,9101,47.26,2,Bobby Amiri,,1423,34.16
156,1560,City,City/Town,City of Woodinville,Council Position No. 5,4301,9101,47.26,12,Write-in,,4,0.10
156,1560,City,City/Town,City of Woodinville,Council Position No. 5,4301,9101,47.26,1,Sarah Arndt,,2739,65.75
296,2960,Special Purpose District,Public Hospital,Public Hospital District No. 2,Commissioner District No. 2,88797,202567,43.84,1,Suzanne Greathouse,,57864,99.11
296,2960,Special Purpose District,Public Hospital,Public Hospital District No. 2,Commissioner District No. 2,88797,202567,43.84,11,Write-in,,517,0.89
105,1050,City,City/Town,City of Mercer Island,Council Position No. 6,10312,19012,54.24,12,Write-in,,11,0.12
105,1050,City,City/Town,City of Mercer Island,Council Position No. 6,10312,19012,54.24,1,Johana Beresky,,4260,44.79
105,1050,City,City/Town,City of Mercer Island,Council Position No. 6,10312,19012,54.24,2,Lisa Anderl,,5241,55.10
243,2430,Special Purpose District,Fire,King County Fire Protection District No. 47,Commissioner Position No. 3,813,1781,45.65,11,Write-in,,22,4.86
243,2430,Special Purpose District,Fire,King County Fire Protection District No. 47,Commissioner Position No. 3,813,1781,45.65,1,Ryan M Beniasch,,431,95.14
304,3040,Special Purpose District,Airport,King County Airport District,Commissioner Position No. 2,5229,9321,56.10,1,Truman O'Brien,,3584,99.58
304,3040,Special Purpose District,Airport,King County Airport District,Commissioner Position No. 2,5229,9321,56.10,11,Write-in,,15,0.42
40,400,City,City/Town,City of Burien,Council Position No. 5,12871,30454,42.26,1,Sarah Moore,,7912,65.00
40,400,City,City/Town,City of Burien,Council Position No. 5,12871,30454,42.26,12,Write-in,,43,0.35
40,400,City,City/Town,City of Burien,Council Position No. 5,12871,30454,42.26,2,Gabriel Fernandez,,4217,34.65
172,1720,City,City/Town,Town of Yarrow Point,Council Position No. 3,364,918,39.65,11,Write-in,,9,3.44
172,1720,City,City/Town,Town of Yarrow Point,Council Position No. 3,364,918,39.65,1,Charles Porter,,253,96.56
220,2200,School,School,Tukwila School District No. 406,Director District No. 3,3136,10867,28.86,1,Ara Papyan,,1666,60.06
220,2200,School,School,Tukwila School District No. 406,Director District No. 3,3136,10867,28.86,12,Write-in,,9,0.32
220,2200,School,School,Tukwila School District No. 406,Director District No. 3,3136,10867,28.86,2,Charles Simpson,,1099,39.62
309,3090,Special Purpose District,Park and Recreation,Fall City Metropolitan Park District,Commissioner Position No. 1,2106,4588,45.90,1,Perry Wilkins,,1280,98.61
309,3090,Special Purpose District,Park and Recreation,Fall City Metropolitan Park District,Commissioner Position No. 1,2106,4588,45.90,11,Write-in,,18,1.39
116,1160,City,City/Town,City of North Bend,Council Position No. 6,2684,6379,42.08,11,Write-in,,28,1.62
116,1160,City,City/Town,City of North Bend,Council Position No. 6,2684,6379,42.08,1,Mark Joselyn,,1700,98.38
20,200,City,City/Town,City of Auburn,Council Position No. 2,12856,41180,31.22,12,Write-in,,81,0.69
20,200,City,City/Town,City of Auburn,Council Position No. 2,12856,41180,31.22,1,Adib Altallal,,3526,30.00
20,200,City,City/Town,City of Auburn,Council Position No. 2,12856,41180,31.22,2,Kate Baldwin,,8146,69.31
336,21,State,Legislative,Legislative District No. 48,State Senator,32181,81944,39.27,1,Vandana Slatter,(Prefers Democratic Party),16866,57.97
336,21,State,Legislative,Legislative District No. 48,State Senator,32181,81944,39.27,12,Write-in,,387,1.33
336,21,State,Legislative,Legislative District No. 48,State Senator,32181,81944,39.27,2,Amy Walen,(Prefers Democratic Party),11841,40.70
326,1815,School,School,Fife School District No. 417,Director District No. 5,1135,3507,32.36,11,Write-in,,9,1.24
326,1815,School,School,Fife School District No. 417,Director District No. 5,1135,3507,32.36,1,Kimberly Palmer Yee,,718,98.76
25,250,City,City/Town,City of Bellevue,Council Position No. 4,33043,83087,39.77,2,Jared Nieuwenhuis,,16935,53.87
25,250,City,City/Town,City of Bellevue,Council Position No. 4,33043,83087,39.77,12,Write-in,,40,0.13
25,250,City,City/Town,City of Bellevue,Council Position No. 4,33043,83087,39.77,1,Pradnya Desh,,14462,46.00
135,1350,City,City/Town,City of SeaTac,Council Position No. 6,4881,15667,31.15,12,Write-in,,22,0.48
135,1350,City,City/Town,City of SeaTac,Council Position No. 6,4881,15667,31.15,1,Bedria Abdullahi,,2557,55.76
135,1350,City,City/Town,City of SeaTac,Council Position No. 6,4881,15667,31.15,2,Michael Sanford,,2007,43.76
117,1170,City,City/Town,City of Pacific,Council Position No. 2,1042,3673,28.37,1,Kerry Garberding,,661,96.64
117,1170,City,City/Town,City of Pacific,Council Position No. 2,1042,3673,28.37,11,Write-in,,23,3.36
339,1855,School,School,Highline School District No. 401,Proposition No. 1,31334,79169,39.58,2,No,,11100,36.66
339,1855,School,School,Highline School District No. 401,Proposition No. 1,31334,79169,39.58,1,Yes,,19180,63.34
306,3060,Special Purpose District,Park and Recreation,Des Moines Pool Metropolitan Park District,Commissioner Position No. 3,7878,19851,39.69,1,Shane Young,,5373,99.15
306,3060,Special Purpose District,Park and Recreation,Des Moines Pool Metropolitan Park District,Commissioner Position No. 3,7878,19851,39.69,11,Write-in,,46,0.85
335,19,State,Legislative,Legislative District No. 41,Representative Position No. 1,45832,101238,45.27,1,Janice Zahn,(Prefers Democratic Party),30898,70.88
335,19,State,Legislative,Legislative District No. 41,Representative Position No. 1,45832,101238,45.27,2,John Whitney,(Prefers Republican Party),12636,28.99
335,19,State,Legislative,Legislative District No. 41,Representative Position No. 1,45832,101238,45.27,12,Write-in,,58,0.13
124,1240,City,City/Town,City of Renton,Council Position No. 1,20107,61884,32.49,12,Write-in,,56,0.30
124,1240,City,City/Town,City of Renton,Council Position No. 1,20107,61884,32.49,2,Michael Westgaard,,8174,43.99
124,1240,City,City/Town,City of Renton,Council Position No. 1,20107,61884,32.49,1,James Alberson,,10351,55.71
262,2640,Special Purpose District,Water,King County Water District No. 20,Commissioner Position No. 2,7870,21848,36.02,11,Write-in,,56,1.02
262,2640,Special Purpose District,Water,King County Water District No. 20,Commissioner Position No. 2,7870,21848,36.02,1,Gary Coy,,5429,98.98
26,260,City,City/Town,City of Bellevue,Council Position No. 5,33043,83087,39.77,12,Write-in,,86,0.28
26,260,City,City/Town,City of Bellevue,Council Position No. 5,33043,83087,39.77,1,Matthew Rish,,6612,21.56
26,260,City,City/Town,City of Bellevue,Council Position No. 5,33043,83087,39.77,2,Claire Sumadiwirya,,23972,78.16
206,2060,School,School,Shoreline School District No. 412,Director District No. 3,23752,51941,45.73,11,Write-in,,217,1.36
206,2060,School,School,Shoreline School District No. 412,Director District No. 3,23752,51941,45.73,1,Lama Chikh,,15683,98.64
68,680,City,City/Town,City of Federal Way,Council Position No. 6,16929,53293,31.77,2,Jack Dovey,,7178,45.04
68,680,City,City/Town,City of Federal Way,Council Position No. 6,16929,53293,31.77,1,Les Sessoms,,8718,54.71
68,680,City,City/Town,City of Federal Way,Council Position No. 6,16929,53293,31.77,12,Write-in,,40,0.25
332,13,State,Legislative,Legislative District No. 33,Representative Position No. 1,31348,85713,36.57,12,Write-in,,419,1.48
332,13,State,Legislative,Legislative District No. 33,Representative Position No. 1,31348,85713,36.57,2,Kevin Schilling,(Prefers Democratic Party),13151,46.39
332,13,State,Legislative,Legislative District No. 33,Representative Position No. 1,31348,85713,36.57,1,Edwin Obras,(Prefers Democratic Party),14779,52.13
142,1420,City,City/Town,City of Shoreline,Council Position No. 3,17920,41408,43.28,1,Laura Mork,,12205,98.52
142,1420,City,City/Town,City of Shoreline,Council Position No. 3,17920,41408,43.28,11,Write-in,,183,1.48
177,1770,School,School,Bellevue School District No. 405,Director District No. 5,32003,81870,39.09,11,Write-in,,366,1.64
177,1770,School,School,Bellevue School District No. 405,Director District No. 5,32003,81870,39.09,1,Jane Aras,,21988,98.36
175,1750,School,School,Auburn School District No. 408,Director District No. 5,15731,50080,31.41,11,Write-in,,230,2.11
175,1750,School,School,Auburn School District No. 408,Director District No. 5,15731,50080,31.41,1,Shelly Combs,,10667,97.89
179,1790,School,School,Enumclaw School District No. 216,Director District No. 5,10957,22835,47.98,1,Malia Ebner,,4148,42.25
179,1790,School,School,Enumclaw School District No. 216,Director District No. 5,10957,22835,47.98,2,Paul Fisher,,5635,57.39
179,1790,School,School,Enumclaw School District No. 216,Director District No. 5,10957,22835,47.98,12,Write-in,,35,0.36
249,2490,Special Purpose District,Fire,Shoreline Fire Department,Commissioner Position No. 5,17920,41408,43.28,11,Write-in,,119,0.98
249,2490,Special Purpose District,Fire,Shoreline Fire Department,Commissioner Position No. 5,17920,41408,43.28,1,Rick Nye,,12017,99.02
355,2433,Special Purpose District,Fire,King County Fire Protection District No. 47,Proposition No. 1,813,1781,45.65,10,Approved,,284,44.72
355,2433,Special Purpose District,Fire,King County Fire Protection District No. 47,Proposition No. 1,813,1781,45.65,20,Rejected,,351,55.28
253,2530,Special Purpose District,Fire,Woodinville Fire & Rescue,Commissioner Position No. 4,13065,26988,48.41,1,Dominik Faunce,,7555,66.68
253,2530,Special Purpose District,Fire,Woodinville Fire & Rescue,Commissioner Position No. 4,13065,26988,48.41,12,Write-in,,47,0.41
253,2530,Special Purpose District,Fire,Woodinville Fire & Rescue,Commissioner Position No. 4,13065,26988,48.41,2,Ryan Blakemore,,3728,32.90
129,1290,City,City/Town,City of Sammamish,Council Position No. 1,18717,40728,45.96,12,Write-in,,3354,18.79
129,1290,City,City/Town,City of Sammamish,Council Position No. 1,18717,40728,45.96,1,Harlan Gallinger,,6863,38.45
129,1290,City,City/Town,City of Sammamish,Council Position No. 1,18717,40728,45.96,2,Amy Lam,,7632,42.76
278,2790,Special Purpose District,Sewer,Midway Sewer District,Commissioner Position No. 4,9123,25628,35.60,11,Write-in,,92,1.51
278,2790,Special Purpose District,Sewer,Midway Sewer District,Commissioner Position No. 4,9123,25628,35.60,1,Jim Bailey,,6007,98.49
18,180,City,City/Town,City of Algona,Council Position No. 4,513,1860,27.58,1,Jennifer Freeberg,,362,93.30
18,180,City,City/Town,City of Algona,Council Position No. 4,513,1860,27.58,11,Write-in,,26,6.70
250,2500,Special Purpose District,Fire,South King Fire,Commissioner Position No. 1,29885,90922,32.87,1,Martese Monroe,,20498,98.75
250,2500,Special Purpose District,Fire,South King Fire,Commissioner Position No. 1,29885,90922,32.87,11,Write-in,,259,1.25
120,1200,City,City/Town,City of Pacific,Council Position No. 7,1042,3673,28.37,1,Eric Petersen,,666,96.24
120,1200,City,City/Town,City of Pacific,Council Position No. 7,1042,3673,28.37,11,Write-in,,26,3.76
268,2700,Special Purpose District,Water,King County Water District No. 119,Commissioner Position No. 2,1473,3435,42.88,1,Yuri Kreutzer,,797,97.79
268,2700,Special Purpose District,Water,King County Water District No. 119,Commissioner Position No. 2,1473,3435,42.88,11,Write-in,,18,2.21
340,1071,City,City/Town,City of Milton,Advisory Vote No. 1,422,1124,37.54,2,No,,143,35.05
340,1071,City,City/Town,City of Milton,Advisory Vote No. 1,422,1124,37.54,1,Yes,,265,64.95
205,2050,School,School,Shoreline School District No. 412,Director District No. 2,23752,51941,45.73,11,Write-in,,252,1.59
205,2050,School,School,Shoreline School District No. 412,Director District No. 2,23752,51941,45.73,1,Emily Williams,,15636,98.41
285,2770,Special Purpose District,Sewer & Water,Lakehaven Water and Sewer District,Commissioner Position No. 4,24719,78067,31.66,12,Write-in,,89,0.40
285,2770,Special Purpose District,Sewer & Water,Lakehaven Water and Sewer District,Commissioner Position No. 4,24719,78067,31.66,1,Laura Belvin,,19286,86.89
285,2770,Special Purpose District,Sewer & Water,Lakehaven Water and Sewer District,Commissioner Position No. 4,24719,78067,31.66,2,Daniel Kukhar,,2820,12.71
131,1310,City,City/Town,City of Sammamish,Council Position No. 5,18717,40728,45.96,2,Michael Boyer,,9338,51.43
131,1310,City,City/Town,City of Sammamish,Council Position No. 5,18717,40728,45.96,12,Write-in,,33,0.18
131,1310,City,City/Town,City of Sammamish,Council Position No. 5,18717,40728,45.96,1,Lin Yang,,8787,48.39
157,1570,City,City/Town,City of Woodinville,Council Position No. 7,4301,9101,47.26,1,James Randolph,,2903,70.39
157,1570,City,City/Town,City of Woodinville,Council Position No. 7,4301,9101,47.26,12,Write-in,,0,0.00
157,1570,City,City/Town,City of Woodinville,Council Position No. 7,4301,9101,47.26,2,Jaren Hanson,,1221,29.61
134,1340,City,City/Town,City of SeaTac,Council Position No. 4,4881,15667,31.15,1,Isabelle Kerner,,1894,41.15
134,1340,City,City/Town,City of SeaTac,Council Position No. 4,4881,15667,31.15,12,Write-in,,33,0.72
134,1340,City,City/Town,City of SeaTac,Council Position No. 4,4881,15667,31.15,2,Mohamed Egal,,2676,58.14
236,2360,Special Purpose District,Fire,King County Fire Protection District No. 38,Commissioner Position No. 2,3735,8082,46.21,1,Andy Hammer,,551,18.15
236,2360,Special Purpose District,Fire,King County Fire Protection District No. 38,Commissioner Position No. 2,3735,8082,46.21,12,Write-in,,53,1.75
236,2360,Special Purpose District,Fire,King County Fire Protection District No. 38,Commissioner Position No. 2,3735,8082,46.21,2,Jeri Taylor-Swade,,2431,80.10
83,830,City,City/Town,City of Kent,Council Position No. 6,22217,73115,30.39,1,Sharn Shoker,,10379,50.46
83,830,City,City/Town,City of Kent,Council Position No. 6,22217,73115,30.39,2,Andy Song,,10098,49.10
83,830,City,City/Town,City of Kent,Council Position No. 6,22217,73115,30.39,12,Write-in,,91,0.44
123,1230,City,City/Town,City of Redmond,Council Position No. 6,14378,36857,39.01,1,Menka Soni,,7605,56.90
123,1230,City,City/Town,City of Redmond,Council Position No. 6,14378,36857,39.01,2,Jeralee Anderson,,5689,42.57
123,1230,City,City/Town,City of Redmond,Council Position No. 6,14378,36857,39.01,12,Write-in,,71,0.53
319,1061,City,City/Town,City of Milton,Mayor,422,1124,37.54,12,Write-in,,2,0.50
319,1061,City,City/Town,City of Milton,Mayor,422,1124,37.54,2,Steve Whitaker,,193,47.89
319,1061,City,City/Town,City of Milton,Mayor,422,1124,37.54,1,Bruce White,,208,51.61
76,760,City,City/Town,City of Issaquah,Council Position No. 7,11529,24686,46.70,1,Tola Marts,,7682,98.47
76,760,City,City/Town,City of Issaquah,Council Position No. 7,11529,24686,46.70,11,Write-in,,119,1.53
23,230,City,City/Town,City of Bellevue,Council Position No. 1,33043,83087,39.77,2,Vishal Bhargava,,16929,53.72
23,230,City,City/Town,City of Bellevue,Council Position No. 1,33043,83087,39.77,12,Write-in,,51,0.16
23,230,City,City/Town,City of Bellevue,Council Position No. 1,33043,83087,39.77,1,Paul Clark,,14536,46.12
242,2420,Special Purpose District,Fire,King County Fire Protection District No. 47,Commissioner Position No. 2,813,1781,45.65,1,Mkristo Bruce,,425,93.82
242,2420,Special Purpose District,Fire,King County Fire Protection District No. 47,Commissioner Position No. 2,813,1781,45.65,11,Write-in,,28,6.18
349,9999,Special Purpose District,Park and Recreation,Northshore Park & Recreation Service Area,Proposition No. 1,28056,60263,46.56,1,Yes,,19705,72.86
349,9999,Special Purpose District,Park and Recreation,Northshore Park & Recreation Service Area,Proposition No. 1,28056,60263,46.56,2,No,,7340,27.14
10,100,County,Council,County Council District No. 3,Council District No. 3,76241,166921,45.67,1,Sarah Perry,,48144,68.05
10,100,County,Council,County Council District No. 3,Council District No. 3,76241,166921,45.67,12,Write-in,,148,0.21
10,100,County,Council,County Council District No. 3,Council District No. 3,76241,166921,45.67,2,Rob Wotton,,22452,31.74
295,2950,Special Purpose District,Public Hospital,Public Hospital District No. 2,Commissioner District No. 1,88797,202567,43.84,1,Nancy J Stewart,,58023,99.17
295,2950,Special Purpose District,Public Hospital,Public Hospital District No. 2,Commissioner District No. 1,88797,202567,43.84,11,Write-in,,485,0.83
270,2730,Special Purpose District,Water,Lake Forest Park Water District,Commissioner Position No. 2,1195,2021,59.13,11,Write-in,,8,1.02
270,2730,Special Purpose District,Water,Lake Forest Park Water District,Commissioner Position No. 2,1195,2021,59.13,1,Eli Zehner,,780,98.98
314,3140,Special Purpose District,Park and Recreation,Tukwila Pool Metropolitan Park District,Commissioner Position No. 4,3446,11650,29.58,11,Write-in,,21,0.87
314,3140,Special Purpose District,Park and Recreation,Tukwila Pool Metropolitan Park District,Commissioner Position No. 4,3446,11650,29.58,1,Jeri Frangello-Anderson,,2396,99.13
300,3000,Special Purpose District,Public Hospital,Public Hospital District No. 5,Commissioner Position No. 3,5229,9321,56.10,1,Collin Hennessey,,2190,48.03
300,3000,Special Purpose District,Public Hospital,Public Hospital District No. 5,Commissioner Position No. 3,5229,9321,56.10,2,Celia Cugudda,,2353,51.60
300,3000,Special Purpose District,Public Hospital,Public Hospital District No. 5,Commissioner Position No. 3,5229,9321,56.10,12,Write-in,,17,0.37
260,2620,Special Purpose District,Water,Highline Water District,Commissioner Position No. 2,15797,43626,36.21,11,Write-in,,104,0.97
260,2620,Special Purpose District,Water,Highline Water District,Commissioner Position No. 2,15797,43626,36.21,1,Dan Johnson,,10608,99.03
231,2310,Special Purpose District,Fire,King County Fire Protection District No. 16,Commissioner Position No. 4,13658,26541,51.46,11,Write-in,,54,0.60
231,2310,Special Purpose District,Fire,King County Fire Protection District No. 16,Commissioner Position No. 4,13658,26541,51.46,1,Rick Webster,,8884,99.40
115,1150,City,City/Town,City of North Bend,Council Position No. 4,2684,6379,42.08,1,Errol Tremolada,,1693,97.35
115,1150,City,City/Town,City of North Bend,Council Position No. 4,2684,6379,42.08,11,Write-in,,46,2.65
286,2810,Special Purpose District,Sewer & Water,Northeast Sammamish Sewer and Water District,Commissioner Position No. 2,4275,9030,47.34,1,Wayne DeMeester,,2840,99.09
286,2810,Special Purpose District,Sewer & Water,Northeast Sammamish Sewer and Water District,Commissioner Position No. 2,4275,9030,47.34,11,Write-in,,26,0.91
113,1130,City,City/Town,City of Normandy Park,Council Position No. 6,2963,5257,56.36,11,Write-in,,26,1.30
113,1130,City,City/Town,City of Normandy Park,Council Position No. 6,2963,5257,56.36,1,Eric Zimmerman,,1968,98.70
345,1057,City,City/Town,City of Mercer Island,Proposition No. 1,10312,19012,54.24,1,Yes,,5480,54.61
345,1057,City,City/Town,City of Mercer Island,Proposition No. 1,10312,19012,54.24,2,No,,4554,45.39
229,2290,Special Purpose District,Fire,King County Fire Protection District No. 10,Commissioner Position No. 4,7909,16721,47.30,11,Write-in,,79,1.87
229,2290,Special Purpose District,Fire,King County Fire Protection District No. 10,Commissioner Position No. 4,7909,16721,47.30,1,Ray Mullen,,4148,98.13
139,1390,City,City/Town,City of Seattle,Council Position No. 8,280375,505393,55.48,2,Rachael Savage,,46266,18.12
139,1390,City,City/Town,City of Seattle,Council Position No. 8,280375,505393,55.48,12,Write-in,,1214,0.48
139,1390,City,City/Town,City of Seattle,Council Position No. 8,280375,505393,55.48,1,Alexis Mercedes Rinck,,207892,81.41
258,2590,Special Purpose District,Water,Covington Water District,Commissioner Position No. 5,16451,41162,39.97,12,Write-in,,49,0.35
258,2590,Special Purpose District,Water,Covington Water District,Commissioner Position No. 5,16451,41162,39.97,1,Pete Hackett,,4469,32.04
258,2590,Special Purpose District,Water,Covington Water District,Commissioner Position No. 5,16451,41162,39.97,2,David Brent Roselle,,9429,67.61
77,770,City,City/Town,City of Kenmore,Council Position No. 2,7807,15948,48.95,2,Joe Marshall,,3656,49.88
77,770,City,City/Town,City of Kenmore,Council Position No. 2,7807,15948,48.95,12,Write-in,,42,0.57
77,770,City,City/Town,City of Kenmore,Council Position No. 2,7807,15948,48.95,1,Tracy Banaszynski,,3632,49.55
86,860,City,City/Town,City of Kirkland,Council Position No. 1,25374,59121,42.92,1,Ken Oberman,,11877,49.17
86,860,City,City/Town,City of Kirkland,Council Position No. 1,25374,59121,42.92,2,Jay Arnold,,12245,50.69
86,860,City,City/Town,City of Kirkland,Council Position No. 1,25374,59121,42.92,12,Write-in,,33,0.14
95,950,City,City/Town,City of Lake Forest Park,Council Position No. 7,5851,10593,55.23,1,Larry Goldman,,4078,98.60
95,950,City,City/Town,City of Lake Forest Park,Council Position No. 7,5851,10593,55.23,11,Write-in,,58,1.40
15,150,Port of Seattle,Port,Port of Seattle,Commissioner Position No. 3,654742,1443842,45.35,11,Write-in,,8633,1.99
15,150,Port of Seattle,Port,Port of Seattle,Commissioner Position No. 3,654742,1443842,45.35,1,Hamdi Mohamed,,424853,98.01
174,1740,School,School,Auburn School District No. 408,Director District No. 3,15731,50080,31.41,2,Valerie Gonzales,,9726,72.41
174,1740,School,School,Auburn School District No. 408,Director District No. 3,15731,50080,31.41,1,Dirk A Dearinger,,3594,26.76
174,1740,School,School,Auburn School District No. 408,Director District No. 3,15731,50080,31.41,12,Write-in,,112,0.83
182,1820,School,School,Highline School District No. 401,Director District No. 2,31334,79169,39.58,12,Write-in,,129,0.46
182,1820,School,School,Highline School District No. 401,Director District No. 2,31334,79169,39.58,2,Angelica M. Alvarez,,14862,53.33
182,1820,School,School,Highline School District No. 401,Director District No. 2,31334,79169,39.58,1,Sue-Ann Hohimer,,12876,46.21
185,1850,School,School,Highline School District No. 401,Director District No. 5,31334,79169,39.58,11,Write-in,,332,1.56
185,1850,School,School,Highline School District No. 401,Director District No. 5,31334,79169,39.58,1,Blaine Holien,,20886,98.44
195,1950,School,School,Northshore School District No. 417,Director District No. 4,28076,60310,46.55,12,Write-in,,64,0.25
195,1950,School,School,Northshore School District No. 417,Director District No. 4,28076,60310,46.55,1,Sandy R Hayes,,18600,72.17
195,1950,School,School,Northshore School District No. 417,Director District No. 4,28076,60310,46.55,2,JoAnn Tolentino,,7110,27.59
65,650,City,City/Town,City of Federal Way,Mayor,16929,53293,31.77,12,Write-in,,403,2.47
65,650,City,City/Town,City of Federal Way,Mayor,16929,53293,31.77,2,Susan Honda,,5266,32.32
65,650,City,City/Town,City of Federal Way,Mayor,16929,53293,31.77,1,Jim Ferrell,,10623,65.20
34,340,City,City/Town,City of Bothell,Council Position No. 1,8008,18913,42.34,11,Write-in,,144,2.60
34,340,City,City/Town,City of Bothell,Council Position No. 1,8008,18913,42.34,1,Prasad Anguluri,,5387,97.40
38,380,City,City/Town,City of Burien,Council Position No. 1,12871,30454,42.26,12,Write-in,,90,0.75
38,380,City,City/Town,City of Burien,Council Position No. 1,12871,30454,42.26,2,Jessica Ivey,,4908,40.89
38,380,City,City/Town,City of Burien,Council Position No. 1,12871,30454,42.26,1,Hugo Garcia,,7006,58.36
46,460,City,City/Town,City of Clyde Hill,Council Position No. 5,918,2282,40.23,2,Dean Hachamovitch,,574,68.41
46,460,City,City/Town,City of Clyde Hill,Council Position No. 5,918,2282,40.23,1,Mike Minard,,260,30.99
46,460,City,City/Town,City of Clyde Hill,Council Position No. 5,918,2282,40.23,12,Write-in,,5,0.60
52,520,City,City/Town,City of Des Moines,Council Position No. 5,7878,19851,39.69,12,Write-in,,36,0.51
52,520,City,City/Town,City of Des Moines,Council Position No. 5,7878,19851,39.69,1,Lloyd Elliott Lytle Jr.,,3222,45.21
52,520,City,City/Town,City of Des Moines,Council Position No. 5,7878,19851,39.69,2,Pierre Blosse,,3868,54.28
81,810,City,City/Town,City of Kent,Council Position No. 2,22217,73115,30.39,1,Neet Grewal,,7666,37.10
81,810,City,City/Town,City of Kent,Council Position No. 2,22217,73115,30.39,12,Write-in,,86,0.42
81,810,City,City/Town,City of Kent,Council Position No. 2,22217,73115,30.39,2,Satwinder Kaur,,12912,62.49
203,2030,School,School,Seattle School District No. 1,Director District No. 5,280513,505803,55.46,2,Janis White,,49831,20.62
203,2030,School,School,Seattle School District No. 1,Director District No. 5,280513,505803,55.46,12,Write-in,,911,0.38
203,2030,School,School,Seattle School District No. 1,Director District No. 5,280513,505803,55.46,1,Vivian Song,,190967,79.01
33,330,City,City/Town,City of Black Diamond,Council Position No. 6,2846,5238,54.33,12,Write-in,,14,0.53
33,330,City,City/Town,City of Black Diamond,Council Position No. 6,2846,5238,54.33,1,Dan Dal Santo,,1680,63.06
33,330,City,City/Town,City of Black Diamond,Council Position No. 6,2846,5238,54.33,2,Jonathan Englund,,970,36.41
193,1930,School,School,Mercer Island School District No. 400,Director Position No. 4,10312,19012,54.24,1,Robert O'Callahan,,2982,32.16
193,1930,School,School,Mercer Island School District No. 400,Director Position No. 4,10312,19012,54.24,12,Write-in,,15,0.16
193,1930,School,School,Mercer Island School District No. 400,Director Position No. 4,10312,19012,54.24,2,Stephanie Burnett,,6274,67.67
313,3130,Special Purpose District,Park and Recreation,Tukwila Pool Metropolitan Park District,Commissioner Position No. 3,3446,11650,29.58,2,Andrew Stahl,,1340,45.62
313,3130,Special Purpose District,Park and Recreation,Tukwila Pool Metropolitan Park District,Commissioner Position No. 3,3446,11650,29.58,12,Write-in,,10,0.34
313,3130,Special Purpose District,Park and Recreation,Tukwila Pool Metropolitan Park District,Commissioner Position No. 3,3446,11650,29.58,1,Debbie Russ,,1587,54.03
283,2904,Special Purpose District,Sewer,Vashon Sewer District,Commissioner Position No. 3,367,768,47.79,11,Write-in,,1,0.41
283,2904,Special Purpose District,Sewer,Vashon Sewer District,Commissioner Position No. 3,367,768,47.79,1,Chris DeGarmo,,242,99.59
264,2660,Special Purpose District,Water,King County Water District No. 54,Commissioner Position No. 1,1384,2591,53.42,11,Write-in,,6,0.62
264,2660,Special Purpose District,Water,King County Water District No. 54,Commissioner Position No. 1,1384,2591,53.42,1,Jeff Crompe,,968,99.38
149,1490,City,City/Town,City of Snoqualmie,Council Position No. 7,4002,8916,44.89,1,Jo Johnson,,2618,98.20
149,1490,City,City/Town,City of Snoqualmie,Council Position No. 7,4002,8916,44.89,11,Write-in,,48,1.80
75,750,City,City/Town,City of Issaquah,Council Position No. 6,11529,24686,46.70,2,Kevin Nichols,,7293,69.35
75,750,City,City/Town,City of Issaquah,Council Position No. 6,11529,24686,46.70,1,Katia Zakharoff,,3188,30.32
75,750,City,City/Town,City of Issaquah,Council Position No. 6,11529,24686,46.70,12,Write-in,,35,0.33
79,790,City,City/Town,City of Kenmore,Council Position No. 6,7807,15948,48.95,11,Write-in,,68,1.22
79,790,City,City/Town,City of Kenmore,Council Position No. 6,7807,15948,48.95,1,Eric Adman,,5522,98.78
63,630,City,City/Town,City of Enumclaw,Council Position No. 5,4386,9434,46.49,12,Write-in,,8,0.20
63,630,City,City/Town,City of Enumclaw,Council Position No. 5,4386,9434,46.49,1,Thomas Sauvageau,,1819,45.98
63,630,City,City/Town,City of Enumclaw,Council Position No. 5,4386,9434,46.49,2,Brodie Smith,,2129,53.82
353,1755,School,School,Auburn School District No. 408,Proposition No. 2,15731,50080,31.41,1,Yes,,8506,55.43
353,1755,School,School,Auburn School District No. 408,Proposition No. 2,15731,50080,31.41,2,No,,6839,44.57
180,1800,School,School,Federal Way School District No. 210,Director District No. 1,25732,82012,31.38,12,Write-in,,91,0.40
180,1800,School,School,Federal Way School District No. 210,Director District No. 1,25732,82012,31.38,2,Eric Gollings,,13118,57.83
180,1800,School,School,Federal Way School District No. 210,Director District No. 1,25732,82012,31.38,1,Steve Gorringe,,9473,41.76
72,720,City,City/Town,City of Issaquah,Council Position No. 1,11529,24686,46.70,1,Chris Reichley,,2346,21.91
72,720,City,City/Town,City of Issaquah,Council Position No. 1,11529,24686,46.70,12,Write-in,,22,0.21
72,720,City,City/Town,City of Issaquah,Council Position No. 1,11529,24686,46.70,2,Kelly Jiang,,8340,77.89
181,1810,School,School,Federal Way School District No. 210,Director District No. 4,25732,82012,31.38,1,Trudy Davis,,15495,67.26
181,1810,School,School,Federal Way School District No. 210,Director District No. 4,25732,82012,31.38,2,Jim Dalke,,7472,32.43
181,1810,School,School,Federal Way School District No. 210,Director District No. 4,25732,82012,31.38,12,Write-in,,72,0.31
317,2495,Special Purpose District,Fire,Snoqualmie Pass Fire and Rescue,Commissioner Position No. 1,39,74,52.70,1,Morris B Hanan,,16,94.12
317,2495,Special Purpose District,Fire,Snoqualmie Pass Fire and Rescue,Commissioner Position No. 1,39,74,52.70,11,Write-in,,1,5.88
354,2945,Special Purpose District,Public Hospital,Public Hospital District No. 1,Proposition No. 1,66116,194597,33.98,2,Rejected,,27076,42.47
354,2945,Special Purpose District,Public Hospital,Public Hospital District No. 1,Proposition No. 1,66116,194597,33.98,1,Approved,,36682,57.53
96,960,City,City/Town,City of Maple Valley,Council Position No. 2,8184,18659,43.86,1,Sinar Indah Bond,,2102,29.17
96,960,City,City/Town,City of Maple Valley,Council Position No. 2,8184,18659,43.86,2,Didem Pierson,,5048,70.04
96,960,City,City/Town,City of Maple Valley,Council Position No. 2,8184,18659,43.86,12,Write-in,,57,0.79
1,1195,City,City/Town,City of Pacific,Council Position No. 6,1042,3673,28.37,1,Stacey D Jackson,,674,96.84
1,1195,City,City/Town,City of Pacific,Council Position No. 6,1042,3673,28.37,11,Write-in,,22,3.16
246,2460,Special Purpose District,Fire,Mountain View Fire and Rescue,Commissioner Position No. 4,6002,14385,41.72,2,Therron Smith,,546,10.74
246,2460,Special Purpose District,Fire,Mountain View Fire and Rescue,Commissioner Position No. 4,6002,14385,41.72,12,Write-in,,33,0.65
246,2460,Special Purpose District,Fire,Mountain View Fire and Rescue,Commissioner Position No. 4,6002,14385,41.72,1,Mark Hargrove,,4505,88.61
30,300,City,City/Town,City of Black Diamond,Council Position No. 3,2846,5238,54.33,11,Write-in,,44,2.43
30,300,City,City/Town,City of Black Diamond,Council Position No. 3,2846,5238,54.33,1,Darcey J Peterson,,1766,97.57
32,320,City,City/Town,City of Black Diamond,Council Position No. 5,2846,5238,54.33,1,Jesse N. Young,,1783,98.29
32,320,City,City/Town,City of Black Diamond,Council Position No. 5,2846,5238,54.33,11,Write-in,,31,1.71
341,1981,School,School,Renton School District No. 403,Proposition No. 1,26776,77429,34.58,2,No,,8831,34.41
341,1981,School,School,Renton School District No. 403,Proposition No. 1,26776,77429,34.58,1,Yes,,16834,65.59
104,1040,City,City/Town,City of Mercer Island,Council Position No. 4,10312,19012,54.24,1,Ted Weinberg,,6595,98.48
104,1040,City,City/Town,City of Mercer Island,Council Position No. 4,10312,19012,54.24,11,Write-in,,102,1.52
196,1960,School,School,Northshore School District No. 417,Director District No. 5,28076,60310,46.55,1,Kimberlee Kelly,,18959,73.65
196,1960,School,School,Northshore School District No. 417,Director District No. 5,28076,60310,46.55,2,Lynda Schram,,6743,26.19
196,1960,School,School,Northshore School District No. 417,Director District No. 5,28076,60310,46.55,12,Write-in,,41,0.16
87,870,City,City/Town,City of Kirkland,Council Position No. 3,25374,59121,42.92,1,Shilpa Prem,,12436,51.27
87,870,City,City/Town,City of Kirkland,Council Position No. 3,25374,59121,42.92,12,Write-in,,45,0.19
87,870,City,City/Town,City of Kirkland,Council Position No. 3,25374,59121,42.92,2,Catie Malik,,11774,48.54
99,990,City,City/Town,City of Medina,Council Position No. 1,861,2288,37.63,11,Write-in,,15,2.55
99,990,City,City/Town,City of Medina,Council Position No. 1,861,2288,37.63,1,Jessica Rossman,,573,97.45
297,2970,Special Purpose District,Public Hospital,Public Hospital District No. 2,Commissioner Position No. 5,88797,202567,43.84,12,Write-in,,235,0.32
297,2970,Special Purpose District,Public Hospital,Public Hospital District No. 2,Commissioner Position No. 5,88797,202567,43.84,2,Robin Campbell,,54759,74.02
297,2970,Special Purpose District,Public Hospital,Public Hospital District No. 2,Commissioner Position No. 5,88797,202567,43.84,1,Gary Harris,,18981,25.66
64,640,City,City/Town,City of Enumclaw,Council Position No. 7,4386,9434,46.49,1,Breanna Hott,,1603,41.34
64,640,City,City/Town,City of Enumclaw,Council Position No. 7,4386,9434,46.49,12,Write-in,,15,0.39
64,640,City,City/Town,City of Enumclaw,Council Position No. 7,4386,9434,46.49,2,Ed Storton,,2260,58.28
27,270,City,City/Town,City of Bellevue,Council Position No. 6,33043,83087,39.77,2,Nicole Myers,,7157,23.31
27,270,City,City/Town,City of Bellevue,Council Position No. 6,33043,83087,39.77,1,Lynne Robinson,,23437,76.34
27,270,City,City/Town,City of Bellevue,Council Position No. 6,33043,83087,39.77,12,Write-in,,106,0.35
71,710,City,City/Town,City of Issaquah,Mayor,11529,24686,46.70,1,Lindsey Walsh,,5003,44.85
71,710,City,City/Town,City of Issaquah,Mayor,11529,24686,46.70,12,Write-in,,16,0.14
71,710,City,City/Town,City of Issaquah,Mayor,11529,24686,46.70,2,Mark Mullet,,6137,55.01
238,2380,Special Purpose District,Fire,King County Fire Protection District No. 43,Commissioner Position No. 2,13823,30829,44.84,11,Write-in,,110,1.36
238,2380,Special Purpose District,Fire,King County Fire Protection District No. 43,Commissioner Position No. 2,13823,30829,44.84,1,Russell Calcote,,7991,98.64
346,955,City,City/Town,City of Lake Forest Park,Proposition No. 1,5851,10593,55.23,2,No,,2859,50.17
346,955,City,City/Town,City of Lake Forest Park,Proposition No. 1,5851,10593,55.23,1,Yes,,2840,49.83
141,1410,City,City/Town,City of Shoreline,Council Position No. 1,17920,41408,43.28,1,Jack Malek,,6865,41.13
141,1410,City,City/Town,City of Shoreline,Council Position No. 1,17920,41408,43.28,12,Write-in,,71,0.43
141,1410,City,City/Town,City of Shoreline,Council Position No. 1,17920,41408,43.28,2,Valerie Snider,,9753,58.44
3,2333,Special Purpose District,Fire,King County Fire Protection District No. 31,Commissioner Position No. 2,22,90,24.44,11,Write-in,,0,0.00
3,2333,Special Purpose District,Fire,King County Fire Protection District No. 31,Commissioner Position No. 2,22,90,24.44,1,Andrew Franklin,,18,100.00
188,1880,School,School,Kent School District No. 415,Director District No. 4,35868,107409,33.39,12,Write-in,,227,0.72
188,1880,School,School,Kent School District No. 415,Director District No. 4,35868,107409,33.39,2,Carolyn Wilsie-Kendall,,12635,40.26
188,1880,School,School,Kent School District No. 415,Director District No. 4,35868,107409,33.39,1,Teresa Gregory,,18522,59.02
322,1067,City,City/Town,City of Milton,Council Position No. 3,422,1124,37.54,11,Write-in,,6,2.12
322,1067,City,City/Town,City of Milton,Council Position No. 3,422,1124,37.54,1,Teri Mounts,,277,97.88
5,2435,Special Purpose District,Fire,King County Fire Protection District No. 50,Commissioner Position No. 1,185,372,49.73,1,Nick Arment,,143,97.28
5,2435,Special Purpose District,Fire,King County Fire Protection District No. 50,Commissioner Position No. 1,185,372,49.73,11,Write-in,,4,2.72
111,1110,City,City/Town,City of Normandy Park,Council Position No. 2,2963,5257,56.36,11,Write-in,,21,1.02
111,1110,City,City/Town,City of Normandy Park,Council Position No. 2,2963,5257,56.36,1,Susan Jeanne West,,2028,98.98
122,1220,City,City/Town,City of Redmond,Council Position No. 4,14378,36857,39.01,1,Melissa Stuart,,10158,74.49
122,1220,City,City/Town,City of Redmond,Council Position No. 4,14378,36857,39.01,12,Write-in,,34,0.25
122,1220,City,City/Town,City of Redmond,Council Position No. 4,14378,36857,39.01,2,Kay Asai,,3445,25.26
119,1190,City,City/Town,City of Pacific,Council Position No. 5,1042,3673,28.37,1,Lawrence C Boles,,680,97.00
119,1190,City,City/Town,City of Pacific,Council Position No. 5,1042,3673,28.37,11,Write-in,,21,3.00
57,570,City,City/Town,City of Duvall,Council Position No. 5,3030,5949,50.93,11,Write-in,,33,1.52
57,570,City,City/Town,City of Duvall,Council Position No. 5,3030,5949,50.93,1,Mike Supple,,2135,98.48
207,2070,School,School,Skykomish School District No. 404,Director Position No. 2,185,372,49.73,12,Write-in,,1,0.57
207,2070,School,School,Skykomish School District No. 404,Director Position No. 2,185,372,49.73,2,John Robinson,,86,49.43
207,2070,School,School,Skykomish School District No. 404,Director Position No. 2,185,372,49.73,1,Sarah Bender,,87,50.00
107,1075,City,City/Town,City of Newcastle,Council Position No. 4,3775,8559,44.11,12,Write-in,,9,0.25
107,1075,City,City/Town,City of Newcastle,Council Position No. 4,3775,8559,44.11,2,Kevin Kirkaldie,,1257,34.93
107,1075,City,City/Town,City of Newcastle,Council Position No. 4,3775,8559,44.11,1,Chris Villasenor,,2333,64.82
204,2040,School,School,Seattle School District No. 1,Director District No. 7,280513,505803,55.46,1,Carol Rava,,95587,40.28
204,2040,School,School,Seattle School District No. 1,Director District No. 7,280513,505803,55.46,12,Write-in,,840,0.35
204,2040,School,School,Seattle School District No. 1,Director District No. 7,280513,505803,55.46,2,Jen LaVallee,,140869,59.36
275,2540,Special Purpose District,Sewer,Cedar River Water and Sewer District,Commissioner Position No. 2,7535,18086,41.66,12,Write-in,,25,0.40
275,2540,Special Purpose District,Sewer,Cedar River Water and Sewer District,Commissioner Position No. 2,7535,18086,41.66,2,Ronald Harmon,,4362,69.89
275,2540,Special Purpose District,Sewer,Cedar River Water and Sewer District,Commissioner Position No. 2,7535,18086,41.66,1,Gregg MacDonald,,1854,29.71
200,2000,School,School,Riverview School District No. 407,Director District No. 5,8063,16743,48.16,11,Write-in,,152,3.02
200,2000,School,School,Riverview School District No. 407,Director District No. 5,8063,16743,48.16,1,Sabrina Parnell,,4886,96.98
272,2750,Special Purpose District,Water,Lake Meridian Water District,Commissioner Position No. 3,4109,12087,34.00,12,Write-in,,11,0.31
272,2750,Special Purpose District,Water,Lake Meridian Water District,Commissioner Position No. 3,4109,12087,34.00,1,Shari Ann Snelling,,1636,45.39
272,2750,Special Purpose District,Water,Lake Meridian Water District,Commissioner Position No. 3,4109,12087,34.00,2,Jason L. Mitchell,,1957,54.30
39,390,City,City/Town,City of Burien,Council Position No. 3,12871,30454,42.26,1,Sam Méndez,,7404,60.96
39,390,City,City/Town,City of Burien,Council Position No. 3,12871,30454,42.26,2,Marie Barbon,,4691,38.62
39,390,City,City/Town,City of Burien,Council Position No. 3,12871,30454,42.26,12,Write-in,,51,0.42
187,1870,School,School,Issaquah School District No. 411,Director District No. 4,34695,76539,45.33,1,M Thomas Lazzara,,5072,16.70
187,1870,School,School,Issaquah School District No. 411,Director District No. 4,34695,76539,45.33,2,Sydne Mullings,,25121,82.69
187,1870,School,School,Issaquah School District No. 411,Director District No. 4,34695,76539,45.33,12,Write-in,,185,0.61
103,1030,City,City/Town,City of Mercer Island,Council Position No. 2,10312,19012,54.24,1,Daniel Becker,,6555,98.76
103,1030,City,City/Town,City of Mercer Island,Council Position No. 2,10312,19012,54.24,11,Write-in,,82,1.24
114,1140,City,City/Town,City of North Bend,Council Position No. 2,2684,6379,42.08,11,Write-in,,98,5.69
114,1140,City,City/Town,City of North Bend,Council Position No. 2,2684,6379,42.08,1,Rob McFarland,,1624,94.31
279,2840,Special Purpose District,Sewer,Sammamish Plateau Water and Sewer District,Commissioner Position No. 2,18455,40582,45.48,11,Write-in,,181,1.47
279,2840,Special Purpose District,Sewer,Sammamish Plateau Water and Sewer District,Commissioner Position No. 2,18455,40582,45.48,1,Ryika Hooshangi,,12149,98.53
121,1210,City,City/Town,City of Redmond,Council Position No. 2,14378,36857,39.01,1,Vivek Prakriya,,8851,64.14
121,1210,City,City/Town,City of Redmond,Council Position No. 2,14378,36857,39.01,12,Write-in,,39,0.28
121,1210,City,City/Town,City of Redmond,Council Position No. 2,14378,36857,39.01,2,Steve Fields,,4909,35.58
43,430,City,City/Town,City of Carnation,Council Position No. 4,844,1672,50.48,12,Write-in,,8,0.98
43,430,City,City/Town,City of Carnation,Council Position No. 4,844,1672,50.48,1,Max Voelker,,420,51.34
43,430,City,City/Town,City of Carnation,Council Position No. 4,844,1672,50.48,2,Rohana Joshi,,390,47.68
281,2901,Special Purpose District,Sewer,Valley View Sewer District,Commissioner Position No. 2,6823,22383,30.48,1,Mike West,,4704,98.74
281,2901,Special Purpose District,Sewer,Valley View Sewer District,Commissioner Position No. 2,6823,22383,30.48,11,Write-in,,60,1.26
74,740,City,City/Town,City of Issaquah,Council Position No. 5,11529,24686,46.70,1,Diogo Magalhaes,,3563,33.93
74,740,City,City/Town,City of Issaquah,Council Position No. 5,11529,24686,46.70,2,Russell Joe,,6904,65.75
74,740,City,City/Town,City of Issaquah,Council Position No. 5,11529,24686,46.70,12,Write-in,,34,0.32
324,1811,School,School,Fife School District No. 417,Director District No. 3,1135,3507,32.36,1,Melissa Hale,,671,97.96
324,1811,School,School,Fife School District No. 417,Director District No. 3,1135,3507,32.36,11,Write-in,,14,2.04
106,1055,City,City/Town,City of Mercer Island,Council Position No. 7,10312,19012,54.24,2,Adam Ragheb,,4180,42.65
106,1055,City,City/Town,City of Mercer Island,Council Position No. 7,10312,19012,54.24,12,Write-in,,11,0.11
106,1055,City,City/Town,City of Mercer Island,Council Position No. 7,10312,19012,54.24,1,Julie Hsieh,,5609,57.23
352,1753,School,School,Auburn School District No. 408,Proposition No. 1,15731,50080,31.41,2,Rejected,,7297,47.45
352,1753,School,School,Auburn School District No. 408,Proposition No. 1,15731,50080,31.41,1,Approved,,8082,52.55
277,2780,Special Purpose District,Sewer,Midway Sewer District,Commissioner Position No. 2,9123,25628,35.60,12,Write-in,,40,0.52
277,2780,Special Purpose District,Sewer,Midway Sewer District,Commissioner Position No. 2,9123,25628,35.60,1,Dave Hornung,,3768,49.06
277,2780,Special Purpose District,Sewer,Midway Sewer District,Commissioner Position No. 2,9123,25628,35.60,2,Nicholas Fannin,,3873,50.42
17,170,City,City/Town,City of Algona,Council Position No. 2,513,1860,27.58,11,Write-in,,29,7.49
17,170,City,City/Town,City of Algona,Council Position No. 2,513,1860,27.58,1,Jessica K Parker,,358,92.51
12,120,County,Council,County Council District No. 7,Council District No. 7,42187,136862,30.82,2,Maya Vengadasalam,,15915,40.00
12,120,County,Council,County Council District No. 7,Council District No. 7,42187,136862,30.82,12,Write-in,,131,0.33
12,120,County,Council,County Council District No. 7,Council District No. 7,42187,136862,30.82,1,Pete von Reichbauer,,23746,59.68
31,310,City,City/Town,City of Black Diamond,Council Position No. 4,2846,5238,54.33,2,Leih Mulvihill,,916,34.57
31,310,City,City/Town,City of Black Diamond,Council Position No. 4,2846,5238,54.33,12,Write-in,,11,0.42
31,310,City,City/Town,City of Black Diamond,Council Position No. 4,2846,5238,54.33,1,Mario Sorci,,1723,65.02
66,660,City,City/Town,City of Federal Way,Council Position No. 2,16929,53293,31.77,12,Write-in,,151,0.96
66,660,City,City/Town,City of Federal Way,Council Position No. 2,16929,53293,31.77,1,Martin A. Moore,,11423,72.44
66,660,City,City/Town,City of Federal Way,Council Position No. 2,16929,53293,31.77,2,Nathan J Orth,,4194,26.60
192,1920,School,School,Mercer Island School District No. 400,Director Position No. 2,10312,19012,54.24,2,Julian Bradley,,6143,68.98
192,1920,School,School,Mercer Island School District No. 400,Director Position No. 2,10312,19012,54.24,12,Write-in,,39,0.44
192,1920,School,School,Mercer Island School District No. 400,Director Position No. 2,10312,19012,54.24,1,Brian Gaspar,,2723,30.58
342,1983,School,School,Renton School District No. 403,Proposition No. 2,26776,77429,34.58,2,No,,8567,33.02
342,1983,School,School,Renton School District No. 403,Proposition No. 2,26776,77429,34.58,1,Yes,,17375,66.98
255,2560,Special Purpose District,Water,Coal Creek Utility District,Commissioner Position No. 2,4225,9803,43.10,11,Write-in,,19,0.69
255,2560,Special Purpose District,Water,Coal Creek Utility District,Commissioner Position No. 2,4225,9803,43.10,1,Suzi O'Byrne,,2750,99.31
146,1460,City,City/Town,City of Snoqualmie,Council Position No. 1,4002,8916,44.89,12,Write-in,,9,0.24
146,1460,City,City/Town,City of Snoqualmie,Council Position No. 1,4002,8916,44.89,1,Dan Murphy,,2383,63.61
146,1460,City,City/Town,City of Snoqualmie,Council Position No. 1,4002,8916,44.89,2,Ethan Benson,,1354,36.15
323,1069,City,City/Town,City of Milton,Council Position No. 5,422,1124,37.54,1,April Elliott,,281,98.25
323,1069,City,City/Town,City of Milton,Council Position No. 5,422,1124,37.54,11,Write-in,,5,1.75
191,1910,School,School,Lake Washington School District No. 414,Director District No. 4,53740,127247,42.23,1,Aspen Richter,,35809,74.28
191,1910,School,School,Lake Washington School District No. 414,Director District No. 4,53740,127247,42.23,12,Write-in,,131,0.27
191,1910,School,School,Lake Washington School District No. 414,Director District No. 4,53740,127247,42.23,2,Kim Martin,,12267,25.45
4,2335,Special Purpose District,Fire,King County Fire Protection District No. 31,Commissioner Position No. 3,22,90,24.44,11,Write-in,,0,0.00
4,2335,Special Purpose District,Fire,King County Fire Protection District No. 31,Commissioner Position No. 3,22,90,24.44,1,Matthew Patten,,14,100.00
112,1120,City,City/Town,City of Normandy Park,Council Position No. 4,2963,5257,56.36,11,Write-in,,53,2.84
112,1120,City,City/Town,City of Normandy Park,Council Position No. 4,2963,5257,56.36,1,Mike Bishoff,,1813,97.16
292,2920,Special Purpose District,Public Hospital,Public Hospital District No. 1,Commissioner District No. 3,66116,194597,33.98,11,Write-in,,592,1.37
292,2920,Special Purpose District,Public Hospital,Public Hospital District No. 1,Commissioner District No. 3,66116,194597,33.98,1,Rita J. Miller,,42558,98.63
29,290,City,City/Town,City of Black Diamond,Council Position No. 2,2846,5238,54.33,1,Sara Nielsen,,1756,97.34
29,290,City,City/Town,City of Black Diamond,Council Position No. 2,2846,5238,54.33,11,Write-in,,48,2.66
294,2940,Special Purpose District,Public Hospital,Public Hospital District No. 1,Commissioner Position No. 5,66116,194597,33.98,1,Carol Barber,,41551,98.38
294,2940,Special Purpose District,Public Hospital,Public Hospital District No. 1,Commissioner Position No. 5,66116,194597,33.98,11,Write-in,,684,1.62
45,450,City,City/Town,City of Clyde Hill,Council Position No. 3,918,2282,40.23,1,Jennifer Michelle Nelson,,453,52.92
45,450,City,City/Town,City of Clyde Hill,Council Position No. 3,918,2282,40.23,2,Brad Andonian,,401,46.85
45,450,City,City/Town,City of Clyde Hill,Council Position No. 3,918,2282,40.23,12,Write-in,,2,0.23
232,2320,Special Purpose District,Fire,King County Fire Protection District No. 20,Commissioner Position No. 2,3639,10326,35.24,11,Write-in,,31,1.27
232,2320,Special Purpose District,Fire,King County Fire Protection District No. 20,Commissioner Position No. 2,3639,10326,35.24,1,Gloria Hatcher-Mays,,2401,98.73
222,2220,School,School,Vashon Island School District No. 402,Director Position No. 4,5229,9321,56.10,1,River E. Branch,,3645,98.59
222,2220,School,School,Vashon Island School District No. 402,Director Position No. 4,5229,9321,56.10,11,Write-in,,52,1.41
94,940,City,City/Town,City of Lake Forest Park,Council Position No. 5,5851,10593,55.23,1,Reid Olsen,,1192,21.96
94,940,City,City/Town,City of Lake Forest Park,Council Position No. 5,5851,10593,55.23,2,Tracy Furutani,,4216,77.66
94,940,City,City/Town,City of Lake Forest Park,Council Position No. 5,5851,10593,55.23,12,Write-in,,21,0.39
160,225,City,City/Town,Town of Beaux Arts Village,Council Position No. 3,125,265,47.17,1,Brad Wheeler,,107,99.07
160,225,City,City/Town,Town of Beaux Arts Village,Council Position No. 3,125,265,47.17,11,Write-in,,1,0.93
247,2470,Special Purpose District,Fire,North Highline Fire District,Commissioner Position No. 2,4095,11563,35.41,11,Write-in,,37,1.26
247,2470,Special Purpose District,Fire,North Highline Fire District,Commissioner Position No. 2,4095,11563,35.41,1,Julie Hiatt,,2893,98.74
126,1260,City,City/Town,City of Renton,Council Position No. 6,20107,61884,32.49,1,Paul Dutton,,5789,31.49
126,1260,City,City/Town,City of Renton,Council Position No. 6,20107,61884,32.49,12,Write-in,,126,0.69
126,1260,City,City/Town,City of Renton,Council Position No. 6,20107,61884,32.49,2,Ruth Pérez,,12469,67.83
197,1970,School,School,Renton School District No. 403,Director District No. 2,26776,77429,34.58,11,Write-in,,280,1.55
197,1970,School,School,Renton School District No. 403,Director District No. 2,26776,77429,34.58,1,Avanti Bergquist,,17835,98.45
230,2300,Special Purpose District,Fire,King County Fire Protection District No. 16,Commissioner Position No. 2,13658,26541,51.46,1,Josh Pratt,,8997,99.45
230,2300,Special Purpose District,Fire,King County Fire Protection District No. 16,Commissioner Position No. 2,13658,26541,51.46,11,Write-in,,50,0.55
298,2980,Special Purpose District,Public Hospital,Public Hospital District No. 4,Commissioner Position No. 2,15011,33266,45.12,1,Mark L. Bowers,,7365,58.84
298,2980,Special Purpose District,Public Hospital,Public Hospital District No. 4,Commissioner Position No. 2,15011,33266,45.12,2,Robert Angrisano,,5112,40.84
298,2980,Special Purpose District,Public Hospital,Public Hospital District No. 4,Commissioner Position No. 2,15011,33266,45.12,12,Write-in,,41,0.33
282,2902,Special Purpose District,Sewer,Vashon Sewer District,Commissioner Position No. 2,367,768,47.79,1,Marta Medcalf,,228,98.70
282,2902,Special Purpose District,Sewer,Vashon Sewer District,Commissioner Position No. 2,367,768,47.79,11,Write-in,,3,1.30
248,2480,Special Purpose District,Fire,Shoreline Fire Department,Commissioner Position No. 2,17920,41408,43.28,11,Write-in,,123,1.01
248,2480,Special Purpose District,Fire,Shoreline Fire Department,Commissioner Position No. 2,17920,41408,43.28,1,Kimberly Fischer,,12102,98.99
108,1080,City,City/Town,City of Newcastle,Council Position No. 5,3775,8559,44.11,2,Karin Frost Blakley,,2133,58.86
108,1080,City,City/Town,City of Newcastle,Council Position No. 5,3775,8559,44.11,1,Jim Quigg,,1487,41.03
108,1080,City,City/Town,City of Newcastle,Council Position No. 5,3775,8559,44.11,12,Write-in,,4,0.11
84,840,City,City/Town,City of Kent,Municipal Court Judge Position No. 1,22217,73115,30.39,11,Write-in,,191,1.24
84,840,City,City/Town,City of Kent,Municipal Court Judge Position No. 1,22217,73115,30.39,1,Michael R. Frans,,15220,98.76
80,800,City,City/Town,City of Kent,Mayor,22217,73115,30.39,11,Write-in,,523,3.07
80,800,City,City/Town,City of Kent,Mayor,22217,73115,30.39,1,Dana Ralph,,16537,96.93
173,1730,City,City/Town,Town of Yarrow Point,Council Position No. 5,364,918,39.65,1,Brian Vanover,,239,96.76
173,1730,City,City/Town,Town of Yarrow Point,Council Position No. 5,364,918,39.65,11,Write-in,,8,3.24
165,709,City,City/Town,Town of Hunts Point,Council Position No. 5,148,316,46.84,1,Jonathan Vossler,,37,28.91
165,709,City,City/Town,Town of Hunts Point,Council Position No. 5,148,316,46.84,2,Dan Temkin,,88,68.75
165,709,City,City/Town,Town of Hunts Point,Council Position No. 5,148,316,46.84,12,Write-in,,3,2.34
109,1090,City,City/Town,City of Newcastle,Council Position No. 6,3775,8559,44.11,1,Paul Charbonneau,,2174,59.37
109,1090,City,City/Town,City of Newcastle,Council Position No. 6,3775,8559,44.11,12,Write-in,,6,0.16
109,1090,City,City/Town,City of Newcastle,Council Position No. 6,3775,8559,44.11,2,Maggie Lo,,1482,40.47
164,707,City,City/Town,Town of Hunts Point,Council Position No. 3,148,316,46.84,1,Ted Frantz,,114,96.61
164,707,City,City/Town,Town of Hunts Point,Council Position No. 3,148,316,46.84,11,Write-in,,4,3.39
269,2720,Special Purpose District,Water,King County Water District No. 125,Commissioner Position No. 2,2627,10031,26.19,11,Write-in,,19,1.09
269,2720,Special Purpose District,Water,King County Water District No. 125,Commissioner Position No. 2,2627,10031,26.19,1,Leebue Maidesil,,1722,98.91
53,530,City,City/Town,City of Des Moines,Council Position No. 7,7878,19851,39.69,11,Write-in,,155,2.77
53,530,City,City/Town,City of Des Moines,Council Position No. 7,7878,19851,39.69,1,Robyn Desimone,,5443,97.23
219,2190,School,School,Tukwila School District No. 406,Director District No. 2,3136,10867,28.86,1,Greg Sherlock,,2115,98.69
219,2190,School,School,Tukwila School District No. 406,Director District No. 2,3136,10867,28.86,11,Write-in,,28,1.31
140,1400,City,City/Town,City of Seattle,Council Position No. 9,280375,505393,55.48,1,Dionne Foster,,165930,62.80
140,1400,City,City/Town,City of Seattle,Council Position No. 9,280375,505393,55.48,2,Sara Nelson,,97710,36.98
140,1400,City,City/Town,City of Seattle,Council Position No. 9,280375,505393,55.48,12,Write-in,,579,0.22
293,2930,Special Purpose District,Public Hospital,Public Hospital District No. 1,Commissioner Position No. 4,66116,194597,33.98,11,Write-in,,652,1.51
293,2930,Special Purpose District,Public Hospital,Public Hospital District No. 1,Commissioner Position No. 4,66116,194597,33.98,1,Rick Polintan,,42414,98.49
166,1441,City,City/Town,Town of Skykomish,Mayor,88,133,66.17,11,Write-in,,6,8.11
166,1441,City,City/Town,Town of Skykomish,Mayor,88,133,66.17,1,Henry W Sladek,,68,91.89
315,3150,Special Purpose District,Park and Recreation,Vashon-Maury Island Park & Recreation District,Commissioner Position No. 2,5229,9321,56.10,11,Write-in,,26,0.72
315,3150,Special Purpose District,Park and Recreation,Vashon-Maury Island Park & Recreation District,Commissioner Position No. 2,5229,9321,56.10,1,Sarah George,,3564,99.28
91,910,City,City/Town,City of Lake Forest Park,Council Position No. 1,5851,10593,55.23,2,Bryce James,,2497,44.77
91,910,City,City/Town,City of Lake Forest Park,Council Position No. 1,5851,10593,55.23,12,Write-in,,12,0.22
91,910,City,City/Town,City of Lake Forest Park,Council Position No. 1,5851,10593,55.23,1,Semra Riddle,,3068,55.01
137,1370,City,City/Town,City of Seattle,City Attorney,280375,505393,55.48,1,Erika Evans,,178470,66.90
137,1370,City,City/Town,City of Seattle,City Attorney,280375,505393,55.48,12,Write-in,,422,0.16
137,1370,City,City/Town,City of Seattle,City Attorney,280375,505393,55.48,2,Ann Davison,,87886,32.94
256,2570,Special Purpose District,Water,Coal Creek Utility District,Commissioner Position No. 3,4225,9803,43.10,1,Kim William Lane,,2719,99.34
256,2570,Special Purpose District,Water,Coal Creek Utility District,Commissioner Position No. 3,4225,9803,43.10,11,Write-in,,18,0.66
133,1330,City,City/Town,City of SeaTac,Council Position No. 2,4881,15667,31.15,12,Write-in,,44,0.99
133,1330,City,City/Town,City of SeaTac,Council Position No. 2,4881,15667,31.15,1,Takele Gobena,,1725,38.69
133,1330,City,City/Town,City of SeaTac,Council Position No. 2,4881,15667,31.15,2,Caitlin Konya,,2689,60.32
153,1530,City,City/Town,City of Tukwila,Council Position No. 7,3446,11650,29.58,2,Gina Bernhardt Nielsen,,1064,33.55
153,1530,City,City/Town,City of Tukwila,Council Position No. 7,3446,11650,29.58,12,Write-in,,12,0.38
153,1530,City,City/Town,City of Tukwila,Council Position No. 7,3446,11650,29.58,1,Jane Ho,,2095,66.07
132,1320,City,City/Town,City of Sammamish,Council Position No. 7,18717,40728,45.96,1,Debbie Treen,,10527,58.45
132,1320,City,City/Town,City of Sammamish,Council Position No. 7,18717,40728,45.96,12,Write-in,,41,0.23
132,1320,City,City/Town,City of Sammamish,Council Position No. 7,18717,40728,45.96,2,Karen Howe,,7442,41.32
70,700,City,City/Town,City of Federal Way,Municipal Court Judge Position No. 2,16929,53293,31.77,2,Mitch Greene,,4730,30.77
70,700,City,City/Town,City of Federal Way,Municipal Court Judge Position No. 2,16929,53293,31.77,12,Write-in,,39,0.25
70,700,City,City/Town,City of Federal Way,Municipal Court Judge Position No. 2,16929,53293,31.77,1,Danielle Havens,,10603,68.98
199,1990,School,School,Riverview School District No. 407,Director District No. 1,8063,16743,48.16,1,Lori Oviatt,,4905,96.65
199,1990,School,School,Riverview School District No. 407,Director District No. 1,8063,16743,48.16,11,Write-in,,170,3.35
218,2180,School,School,Tukwila School District No. 406,Director District No. 1,3136,10867,28.86,1,Mitch Forhan,,2134,98.25
218,2180,School,School,Tukwila School District No. 406,Director District No. 1,3136,10867,28.86,11,Write-in,,38,1.75
287,2820,Special Purpose District,Sewer & Water,Northshore Utility District,Commissioner Position No. 2,24793,55644,44.56,11,Write-in,,122,0.74
287,2820,Special Purpose District,Sewer & Water,Northshore Utility District,Commissioner Position No. 2,24793,55644,44.56,1,Pat Sutherland,,16339,99.26
334,17,State,Legislative,Legislative District No. 34,Representative Position No. 1,56362,108994,51.71,1,Brianna K. Thomas,(Prefers Democratic Party),40839,98.10
334,17,State,Legislative,Legislative District No. 34,Representative Position No. 1,56362,108994,51.71,11,Write-in,,791,1.90
265,2670,Special Purpose District,Water,King County Water District No. 54,Commissioner Position No. 2,1384,2591,53.42,1,Kris  Van Gasken,,963,98.97
265,2670,Special Purpose District,Water,King County Water District No. 54,Commissioner Position No. 2,1384,2591,53.42,11,Write-in,,10,1.03
259,2600,Special Purpose District,Water,Fall City Water District,Commissioner Position No. 2,880,1884,46.71,11,Write-in,,4,0.74
259,2600,Special Purpose District,Water,Fall City Water District,Commissioner Position No. 2,880,1884,46.71,1,Eric Soderman,,538,99.26
92,920,City,City/Town,City of Lake Forest Park,Council Position No. 2,5851,10593,55.23,1,Fred Grant,,756,13.83
92,920,City,City/Town,City of Lake Forest Park,Council Position No. 2,5851,10593,55.23,2,Matt Muilenburg,,3419,62.56
92,920,City,City/Town,City of Lake Forest Park,Council Position No. 2,5851,10593,55.23,12,Write-in,,1290,23.60
144,1440,City,City/Town,City of Shoreline,Council Position No. 7,17920,41408,43.28,1,Christopher Roberts,,12135,98.42
144,1440,City,City/Town,City of Shoreline,Council Position No. 7,17920,41408,43.28,11,Write-in,,195,1.58
163,703,City,City/Town,Town of Hunts Point,Council Position No. 1,148,316,46.84,11,Write-in,,4,3.45
163,703,City,City/Town,Town of Hunts Point,Council Position No. 1,148,316,46.84,1,Ken Fisher,,112,96.55
233,2330,Special Purpose District,Fire,King County Fire Protection District No. 27,Commissioner Position No. 2,1894,4144,45.70,11,Write-in,,14,1.27
233,2330,Special Purpose District,Fire,King County Fire Protection District No. 27,Commissioner Position No. 2,1894,4144,45.70,1,Kristopher Belfield,,1085,98.73
344,2445,Special Purpose District,Fire,King County Fire Protection District No. 50,Proposition No. 1,185,372,49.73,1,Approved,,130,72.22
344,2445,Special Purpose District,Fire,King County Fire Protection District No. 50,Proposition No. 1,185,372,49.73,2,Rejected,,50,27.78
325,1813,School,School,Fife School District No. 417,Director District No. 4,1135,3507,32.36,1,Cheryl Reid,,667,97.66
325,1813,School,School,Fife School District No. 417,Director District No. 4,1135,3507,32.36,11,Write-in,,16,2.34
331,11,State,Legislative,Legislative District No. 33,State Senator,31348,85713,36.57,1,Tina L. Orwall,(Prefers Democratic Party),23205,96.81
331,11,State,Legislative,Legislative District No. 33,State Senator,31348,85713,36.57,11,Write-in,,765,3.19
56,560,City,City/Town,City of Duvall,Council Position No. 3,3030,5949,50.93,12,Write-in,,21,0.76
56,560,City,City/Town,City of Duvall,Council Position No. 3,3030,5949,50.93,1,Daniel Corkrey,,270,9.72
56,560,City,City/Town,City of Duvall,Council Position No. 3,3030,5949,50.93,2,Loren Kosloske,,2487,89.52
241,2410,Special Purpose District,Fire,King County Fire Protection District No. 45,Commissioner Position No. 2,5083,10569,48.09,11,Write-in,,26,0.80
241,2410,Special Purpose District,Fire,King County Fire Protection District No. 45,Commissioner Position No. 2,5083,10569,48.09,1,Michael Beard,,3242,99.20
8,41,County,County,King County,Executive,654742,1443842,45.35,2,Claudia Balducci,,267419,44.90
8,41,County,County,King County,Executive,654742,1443842,45.35,12,Write-in,,6470,1.09
8,41,County,County,King County,Executive,654742,1443842,45.35,1,Girmay Zahilay,,321749,54.02
150,1500,City,City/Town,City of Tukwila,Council Position No. 1,3446,11650,29.58,2,Verna Seal,,1872,58.21
150,1500,City,City/Town,City of Tukwila,Council Position No. 1,3446,11650,29.58,1,Peggy McCarthy,,1332,41.42
150,1500,City,City/Town,City of Tukwila,Council Position No. 1,3446,11650,29.58,12,Write-in,,12,0.37
308,3080,Special Purpose District,Park and Recreation,Des Moines Pool Metropolitan Park District,Commissioner Position No. 5,7878,19851,39.69,1,Ben Fortine,,3851,58.96
308,3080,Special Purpose District,Park and Recreation,Des Moines Pool Metropolitan Park District,Commissioner Position No. 5,7878,19851,39.69,2,John Piontkowski,,2634,40.33
308,3080,Special Purpose District,Park and Recreation,Des Moines Pool Metropolitan Park District,Commissioner Position No. 5,7878,19851,39.69,12,Write-in,,46,0.70
244,2440,Special Purpose District,Fire,King County Fire Protection District No. 50,Commissioner Position No. 2,185,372,49.73,11,Write-in,,5,3.68
244,2440,Special Purpose District,Fire,King County Fire Protection District No. 50,Commissioner Position No. 2,185,372,49.73,1,Larry McLaughlin,,131,96.32
148,1480,City,City/Town,City of Snoqualmie,Council Position No. 5,4002,8916,44.89,11,Write-in,,44,1.61
148,1480,City,City/Town,City of Snoqualmie,Council Position No. 5,4002,8916,44.89,1,Catherine (Cat) Cotton,,2691,98.39
201,2010,School,School,Seattle School District No. 1,Director District No. 2,280513,505803,55.46,2,Sarah Clark,,111022,46.45
201,2010,School,School,Seattle School District No. 1,Director District No. 2,280513,505803,55.46,12,Write-in,,884,0.37
201,2010,School,School,Seattle School District No. 1,Director District No. 2,280513,505803,55.46,1,Kathleen Smith,,127093,53.18
101,1010,City,City/Town,City of Medina,Council Position No. 5,861,2288,37.63,11,Write-in,,9,1.59
101,1010,City,City/Town,City of Medina,Council Position No. 5,861,2288,37.63,1,Laura Davis Bustamante,,557,98.41
136,1360,City,City/Town,City of Seattle,Mayor,280375,505393,55.48,2,Bruce Harrell,,136920,49.47
136,1360,City,City/Town,City of Seattle,Mayor,280375,505393,55.48,12,Write-in,,911,0.33
136,1360,City,City/Town,City of Seattle,Mayor,280375,505393,55.48,1,Katie Wilson,,138931,50.20
274,2906,Special Purpose District,Water,Woodinville Water District,Commissioner Position No. 2,15524,33794,45.94,11,Write-in,,98,0.97
274,2906,Special Purpose District,Water,Woodinville Water District,Commissioner Position No. 2,15524,33794,45.94,1,Aleksandra Kachakov,,9961,99.03
161,227,City,City/Town,Town of Beaux Arts Village,Council Position No. 5,125,265,47.17,1,Tom Stowe,,112,100.00
161,227,City,City/Town,Town of Beaux Arts Village,Council Position No. 5,125,265,47.17,11,Write-in,,0,0.00
234,2340,Special Purpose District,Fire,King County Fire Protection District No. 34,Commissioner Position No. 2,6898,16234,42.49,11,Write-in,,64,1.37
234,2340,Special Purpose District,Fire,King County Fire Protection District No. 34,Commissioner Position No. 2,6898,16234,42.49,1,Thomas C Johnston,,4597,98.63
178,1780,School,School,Enumclaw School District No. 216,Director District No. 2,10957,22835,47.98,1,Julianne DeShayes,,2942,29.23
178,1780,School,School,Enumclaw School District No. 216,Director District No. 2,10957,22835,47.98,12,Write-in,,31,0.31
178,1780,School,School,Enumclaw School District No. 216,Director District No. 2,10957,22835,47.98,2,Tara Cochran,,7092,70.46
213,2130,School,School,Tahoma School District No. 409,Director District No. 1,13888,30782,45.12,11,Write-in,,174,2.07
213,2130,School,School,Tahoma School District No. 409,Director District No. 1,13888,30782,45.12,1,Jennifer McMaster,,8221,97.93
321,1065,City,City/Town,City of Milton,Council Position No. 2,422,1124,37.54,1,Trina Ternes,,282,98.26
321,1065,City,City/Town,City of Milton,Council Position No. 2,422,1124,37.54,11,Write-in,,5,1.74
61,610,City,City/Town,City of Enumclaw,Council Position No. 2,4386,9434,46.49,11,Write-in,,56,1.95
61,610,City,City/Town,City of Enumclaw,Council Position No. 2,4386,9434,46.49,1,Jan Martinell,,2813,98.05
318,2860,Special Purpose District,Sewer,Snoqualmie Pass Utility District,Commissioner Position No. 1,39,74,52.70,2,William (Billy) J. Powers jr,,16,45.71
318,2860,Special Purpose District,Sewer,Snoqualmie Pass Utility District,Commissioner Position No. 1,39,74,52.70,12,Write-in,,1,2.86
318,2860,Special Purpose District,Sewer,Snoqualmie Pass Utility District,Commissioner Position No. 1,39,74,52.70,1,Paul Pogue,,18,51.43
252,2520,Special Purpose District,Fire,Woodinville Fire & Rescue,Commissioner Position No. 2,13065,26988,48.41,1,Doug Halbert,,8696,99.27
252,2520,Special Purpose District,Fire,Woodinville Fire & Rescue,Commissioner Position No. 2,13065,26988,48.41,11,Write-in,,64,0.73
263,2650,Special Purpose District,Water,King County Water District No. 49,Commissioner Position No. 2,4557,9571,47.61,11,Write-in,,29,0.94
263,2650,Special Purpose District,Water,King County Water District No. 49,Commissioner Position No. 2,4557,9571,47.61,1,Laura C Gallez,,3040,99.06
217,2170,School,School,Tahoma School District No. 409,Director District No. 5,13888,30782,45.12,2,Elizabeth (Liz) Karkoski-Gardner,,4848,40.36
217,2170,School,School,Tahoma School District No. 409,Director District No. 5,13888,30782,45.12,1,Zach Butala,,7103,59.13
217,2170,School,School,Tahoma School District No. 409,Director District No. 5,13888,30782,45.12,12,Write-in,,62,0.52
55,550,City,City/Town,City of Duvall,Council Position No. 1,3030,5949,50.93,1,Sara Taylor,,997,34.91
55,550,City,City/Town,City of Duvall,Council Position No. 1,3030,5949,50.93,2,Adam Olen,,1854,64.92
55,550,City,City/Town,City of Duvall,Council Position No. 1,3030,5949,50.93,12,Write-in,,5,0.18
273,2800,Special Purpose District,Water,North City Water District,Commissioner Position No. 2,8215,18272,44.96,11,Write-in,,62,1.10
273,2800,Special Purpose District,Water,North City Water District,Commissioner Position No. 2,8215,18272,44.96,1,Patty Hale,,5593,98.90
147,1470,City,City/Town,City of Snoqualmie,Council Position No. 3,4002,8916,44.89,11,Write-in,,60,2.19
147,1470,City,City/Town,City of Snoqualmie,Council Position No. 3,4002,8916,44.89,1,Bryan Holloway,,2678,97.81
198,1980,School,School,Renton School District No. 403,Director District No. 5,26776,77429,34.58,2,Lindsay Jensen,,15041,67.06
198,1980,School,School,Renton School District No. 403,Director District No. 5,26776,77429,34.58,12,Write-in,,133,0.59
198,1980,School,School,Renton School District No. 403,Director District No. 5,26776,77429,34.58,1,Meagan Powell,,7255,32.35
54,540,City,City/Town,City of Duvall,Mayor,3030,5949,50.93,12,Write-in,,3,0.10
54,540,City,City/Town,City of Duvall,Mayor,3030,5949,50.93,2,Amy McHenry,,1924,64.54
54,540,City,City/Town,City of Duvall,Mayor,3030,5949,50.93,1,Alana McCoy,,1054,35.36
42,420,City,City/Town,City of Carnation,Council Position No. 2,844,1672,50.48,2,Jim Ribail,,648,79.41
42,420,City,City/Town,City of Carnation,Council Position No. 2,844,1672,50.48,1,Rachael Pearson,,165,20.22
42,420,City,City/Town,City of Carnation,Council Position No. 2,844,1672,50.48,12,Write-in,,3,0.37
221,2210,School,School,Vashon Island School District No. 402,Director Position No. 2,5229,9321,56.10,11,Write-in,,50,1.37
221,2210,School,School,Vashon Island School District No. 402,Director Position No. 2,5229,9321,56.10,1,Jessica Adams,,3590,98.63
261,2630,Special Purpose District,Water,Highline Water District,Commissioner Position No. 4,15797,43626,36.21,12,Write-in,,60,0.45
261,2630,Special Purpose District,Water,Highline Water District,Commissioner Position No. 4,15797,43626,36.21,1,Tim Berge,,5708,42.69
261,2630,Special Purpose District,Water,Highline Water District,Commissioner Position No. 4,15797,43626,36.21,2,Polly M Daigle,,7604,56.87
145,1450,City,City/Town,City of Snoqualmie,Mayor,4002,8916,44.89,1,Jim Mayhew,,2350,60.40
145,1450,City,City/Town,City of Snoqualmie,Mayor,4002,8916,44.89,2,Katherine Ross,,1520,39.06
145,1450,City,City/Town,City of Snoqualmie,Mayor,4002,8916,44.89,12,Write-in,,21,0.54
212,2120,School,School,Snoqualmie Valley School District No. 410,Director District No. 4,13617,30589,44.52,11,Write-in,,178,2.11
212,2120,School,School,Snoqualmie Valley School District No. 410,Director District No. 4,13617,30589,44.52,1,Gary Fancher,,8241,97.89
35,350,City,City/Town,City of Bothell,Council Position No. 3,8008,18913,42.34,1,Shirly Mittelman,,2262,30.77
35,350,City,City/Town,City of Bothell,Council Position No. 3,8008,18913,42.34,2,Jenne Alderks,,5062,68.85
35,350,City,City/Town,City of Bothell,Council Position No. 3,8008,18913,42.34,12,Write-in,,28,0.38
240,2400,Special Purpose District,Fire,King County Fire Protection District No. 45,Commissioner Position No. 1,5083,10569,48.09,1,Brian Robertson,,3184,99.25
240,2400,Special Purpose District,Fire,King County Fire Protection District No. 45,Commissioner Position No. 1,5083,10569,48.09,11,Write-in,,24,0.75
225,2250,Special Purpose District,Fire,King County Fire Protection District No. 2,Commissioner Position No. 2,15834,35711,44.34,11,Write-in,,87,0.82
225,2250,Special Purpose District,Fire,King County Fire Protection District No. 2,Commissioner Position No. 2,15834,35711,44.34,1,Bob Lawson,,10556,99.18
9,90,County,Council,County Council District No. 1,Council District No. 1,86496,174386,49.60,11,Write-in,,926,1.55
9,90,County,Council,County Council District No. 1,Council District No. 1,86496,174386,49.60,1,Rod Dembowski,,58671,98.45
347,415,City,City/Town,City of Burien,Proposition No. 1,12871,30454,42.26,2,No,,6459,52.75
347,415,City,City/Town,City of Burien,Proposition No. 1,12871,30454,42.26,1,Yes,,5785,47.25
183,1830,School,School,Highline School District No. 401,Director District No. 3,31334,79169,39.58,2,Joe Van,,14136,50.57
183,1830,School,School,Highline School District No. 401,Director District No. 3,31334,79169,39.58,12,Write-in,,102,0.36
183,1830,School,School,Highline School District No. 401,Director District No. 3,31334,79169,39.58,1,Katie Kresly,,13714,49.06
291,2880,Special Purpose District,Sewer & Water,Soos Creek Water and Sewer District,Commissioner Position No. 3,30804,84899,36.28,11,Write-in,,219,1.10
291,2880,Special Purpose District,Sewer & Water,Soos Creek Water and Sewer District,Commissioner Position No. 3,30804,84899,36.28,1,Kevin A. Fuhrer,,19605,98.90
2,2325,Special Purpose District,Fire,King County Fire Protection District No. 25,Commissioner Position No. 2,2641,5688,46.43,11,Write-in,,20,1.24
2,2325,Special Purpose District,Fire,King County Fire Protection District No. 25,Commissioner Position No. 2,2641,5688,46.43,1,Andy Adolfson,,1591,98.76
155,1550,City,City/Town,City of Woodinville,Council Position No. 3,4301,9101,47.26,12,Write-in,,14,0.34
155,1550,City,City/Town,City of Woodinville,Council Position No. 3,4301,9101,47.26,1,Rachel Best-Campbell,,1336,32.39
155,1550,City,City/Town,City of Woodinville,Council Position No. 3,4301,9101,47.26,2,Amber Wise,,2775,67.27
7,2900,Special Purpose District,Sewer,Stevens Pass Sewer District,Commissioner Position No. 1,1,7,14.29,11,Write-in,,0,0.00
7,2900,Special Purpose District,Sewer,Stevens Pass Sewer District,Commissioner Position No. 1,1,7,14.29,1,Casey Cass,,1,100.00
228,2280,Special Purpose District,Fire,King County Fire Protection District No. 10,Commissioner Position No. 3,7909,16721,47.30,1,Michael Dowling,,4141,98.01
228,2280,Special Purpose District,Fire,King County Fire Protection District No. 10,Commissioner Position No. 3,7909,16721,47.30,11,Write-in,,84,1.99
202,2020,School,School,Seattle School District No. 1,Director District No. 4,280513,505803,55.46,1,Joe Mizrahi,,190344,78.31
202,2020,School,School,Seattle School District No. 1,Director District No. 4,280513,505803,55.46,2,Laura Marie Rivera,,51985,21.39
202,2020,School,School,Seattle School District No. 1,Director District No. 4,280513,505803,55.46,12,Write-in,,742,0.31
60,600,City,City/Town,City of Enumclaw,Council Position No. 1,4386,9434,46.49,1,Corrie Koopman Frazier,,2874,98.19
60,600,City,City/Town,City of Enumclaw,Council Position No. 1,4386,9434,46.49,11,Write-in,,53,1.81
125,1250,City,City/Town,City of Renton,Council Position No. 2,20107,61884,32.49,2,Mary Clymer,,7973,42.53
125,1250,City,City/Town,City of Renton,Council Position No. 2,20107,61884,32.49,12,Write-in,,87,0.46
125,1250,City,City/Town,City of Renton,Council Position No. 2,20107,61884,32.49,1,Carmen Rivera,,10687,57.01
168,1445,City,City/Town,Town of Skykomish,Council Position No. 3,88,133,66.17,11,Write-in,,53,70.67
168,1445,City,City/Town,Town of Skykomish,Council Position No. 3,88,133,66.17,1,Daniel J Cassidy,,22,29.33
330,9,State,Legislative,Legislative District No. 5,State Senator,51662,111064,46.52,1,Victoria Hunt,(Prefers Democratic Party),28466,56.29
330,9,State,Legislative,Legislative District No. 5,State Senator,51662,111064,46.52,12,Write-in,,43,0.09
330,9,State,Legislative,Legislative District No. 5,State Senator,51662,111064,46.52,2,Chad Magendanz,(Prefers Republican Party),22063,43.63
152,1520,City,City/Town,City of Tukwila,Council Position No. 5,3446,11650,29.58,1,Ziggy Samra,,1296,39.78
152,1520,City,City/Town,City of Tukwila,Council Position No. 5,3446,11650,29.58,2,Kate Kruller,,1953,59.94
152,1520,City,City/Town,City of Tukwila,Council Position No. 5,3446,11650,29.58,12,Write-in,,9,0.28
88,880,City,City/Town,City of Kirkland,Council Position No. 5,25374,59121,42.92,2,Neal Black,,13431,55.65
88,880,City,City/Town,City of Kirkland,Council Position No. 5,25374,59121,42.92,12,Write-in,,30,0.12
88,880,City,City/Town,City of Kirkland,Council Position No. 5,25374,59121,42.92,1,Ken MacKenzie,,10675,44.23
36,360,City,City/Town,City of Bothell,Council Position No. 5,8008,18913,42.34,1,Brittany Miles,,5338,97.48
36,360,City,City/Town,City of Bothell,Council Position No. 5,8008,18913,42.34,11,Write-in,,138,2.52
16,160,Port of Seattle,Port,Port of Seattle,Commissioner Position No. 4,654742,1443842,45.35,1,Toshiko Grace Hasegawa,,425029,98.46
16,160,Port of Seattle,Port,Port of Seattle,Commissioner Position No. 4,654742,1443842,45.35,11,Write-in,,6663,1.54
48,480,City,City/Town,City of Covington,Council Position No. 4,4544,14287,31.81,1,Riley Reed,,2378,57.34
48,480,City,City/Town,City of Covington,Council Position No. 4,4544,14287,31.81,2,Joseph T. Cimaomo Jr,,1756,42.34
48,480,City,City/Town,City of Covington,Council Position No. 4,4544,14287,31.81,12,Write-in,,13,0.31
194,1940,School,School,Northshore School District No. 417,Director District No. 1,28076,60310,46.55,2,Arun Sharma,,7953,32.04
194,1940,School,School,Northshore School District No. 417,Director District No. 1,28076,60310,46.55,1,Carson Sanderson,,16702,67.29
194,1940,School,School,Northshore School District No. 417,Director District No. 1,28076,60310,46.55,12,Write-in,,166,0.67
337,31,State,Legislative,Legislative District No. 48,Representative Position No. 1,32181,81944,39.27,2,Dennis Ellis,(Prefers Republican Party),9215,29.80
337,31,State,Legislative,Legislative District No. 48,Representative Position No. 1,32181,81944,39.27,1,Osman Salahuddin,(Prefers Democratic Party),21669,70.08
337,31,State,Legislative,Legislative District No. 48,Representative Position No. 1,32181,81944,39.27,12,Write-in,,38,0.12
239,2390,Special Purpose District,Fire,King County Fire Protection District No. 43,Commissioner Position No. 5,13823,30829,44.84,11,Write-in,,110,1.34
239,2390,Special Purpose District,Fire,King County Fire Protection District No. 43,Commissioner Position No. 5,13823,30829,44.84,1,Craig Hooper,,8077,98.66
350,1403,City,City/Town,City of Seattle,Proposition No. 1,280375,505393,55.48,1,Yes,,217294,79.97
350,1403,City,City/Town,City of Seattle,Proposition No. 1,280375,505393,55.48,2,No,,54440,20.03
289,2850,Special Purpose District,Sewer & Water,Skyway Water and Sewer District,Commissioner Position No. 2,3421,9356,36.56,1,Donald L. Henry,,2127,97.75
289,2850,Special Purpose District,Sewer & Water,Skyway Water and Sewer District,Commissioner Position No. 2,3421,9356,36.56,11,Write-in,,49,2.25
189,1890,School,School,Kent School District No. 415,Director District No. 5,35868,107409,33.39,1,Laura Williams,,20650,65.14
189,1890,School,School,Kent School District No. 415,Director District No. 5,35868,107409,33.39,12,Write-in,,192,0.61
189,1890,School,School,Kent School District No. 415,Director District No. 5,35868,107409,33.39,2,Jane Smith,,10858,34.25
290,2870,Special Purpose District,Sewer & Water,Soos Creek Water and Sewer District,Commissioner Position No. 2,30804,84899,36.28,11,Write-in,,226,1.13
290,2870,Special Purpose District,Sewer & Water,Soos Creek Water and Sewer District,Commissioner Position No. 2,30804,84899,36.28,1,Alan Eades,,19694,98.87
280,2890,Special Purpose District,Sewer,Southwest Suburban Sewer District,Commissioner Position No. 2,19287,42512,45.37,11,Write-in,,135,1.04
280,2890,Special Purpose District,Sewer,Southwest Suburban Sewer District,Commissioner Position No. 2,19287,42512,45.37,1,Dick Swaab,,12805,98.96
97,970,City,City/Town,City of Maple Valley,Council Position No. 4,8184,18659,43.86,11,Write-in,,114,2.17
97,970,City,City/Town,City of Maple Valley,Council Position No. 4,8184,18659,43.86,1,Victoria Schroff,,5133,97.83
348,375,City,City/Town,City of Bothell,Proposition No. 1,8008,18913,42.34,1,Approved,,5369,69.44
348,375,City,City/Town,City of Bothell,Proposition No. 1,8008,18913,42.34,2,Rejected,,2363,30.56
320,1063,City,City/Town,City of Milton,Council Position No. 1,422,1124,37.54,1,Jason F. Roberts,,282,98.95
320,1063,City,City/Town,City of Milton,Council Position No. 1,422,1124,37.54,11,Write-in,,3,1.05
245,2450,Special Purpose District,Fire,Mountain View Fire and Rescue,Commissioner Position No. 2,6002,14385,41.72,11,Write-in,,81,2.17
245,2450,Special Purpose District,Fire,Mountain View Fire and Rescue,Commissioner Position No. 2,6002,14385,41.72,1,Catherine McKinney,,3647,97.83
224,2240,Special Purpose District,Fire,Enumclaw Fire Department,Commissioner Position No. 5,7190,15368,46.79,1,Lane Walthers,,4465,98.67
224,2240,Special Purpose District,Fire,Enumclaw Fire Department,Commissioner Position No. 5,7190,15368,46.79,11,Write-in,,60,1.33
288,2830,Special Purpose District,Sewer & Water,Northshore Utility District,Commissioner Position No. 5,24793,55644,44.56,1,Brent Smith,,16350,99.16
288,2830,Special Purpose District,Sewer & Water,Northshore Utility District,Commissioner Position No. 5,24793,55644,44.56,11,Write-in,,139,0.84
351,1407,City,City/Town,City of Seattle,Proposition No. 2,280375,505393,55.48,1,Yes,,190555,70.97
351,1407,City,City/Town,City of Seattle,Proposition No. 2,280375,505393,55.48,2,No,,77958,29.03
301,3010,Special Purpose District,Public Hospital,Public Hospital District No. 5,Commissioner Position No. 4,5229,9321,56.10,12,Write-in,,13,0.27
301,3010,Special Purpose District,Public Hospital,Public Hospital District No. 5,Commissioner Position No. 4,5229,9321,56.10,1,Kelly Wright,,2276,48.03
301,3010,Special Purpose District,Public Hospital,Public Hospital District No. 5,Commissioner Position No. 4,5229,9321,56.10,2,Rebecca Chavez,,2450,51.70
211,2110,School,School,Snoqualmie Valley School District No. 410,Director District No. 1,13617,30589,44.52,1,Melissa Johnson,,7665,96.62
211,2110,School,School,Snoqualmie Valley School District No. 410,Director District No. 1,13617,30589,44.52,11,Write-in,,268,3.38
216,2160,School,School,Tahoma School District No. 409,Director District No. 4,13888,30782,45.12,2,Kristi Krumperman,,3838,32.63
216,2160,School,School,Tahoma School District No. 409,Director District No. 4,13888,30782,45.12,12,Write-in,,78,0.66
216,2160,School,School,Tahoma School District No. 409,Director District No. 4,13888,30782,45.12,1,Nina Rose,,7846,66.71
343,6,County,County Measure,King County,Proposition No. 1,654742,1443842,45.35,1,Yes,,513223,80.70
343,6,County,County Measure,King County,Proposition No. 1,654742,1443842,45.35,2,No,,122703,19.30
266,2680,Special Purpose District,Water,King County Water District No. 90,Commissioner Position No. 2,7241,17715,40.87,1,Pete Eberle,,4541,98.85
266,2680,Special Purpose District,Water,King County Water District No. 90,Commissioner Position No. 2,7241,17715,40.87,11,Write-in,,53,1.15
215,2150,School,School,Tahoma School District No. 409,Director District No. 3,13888,30782,45.12,11,Write-in,,185,2.29
215,2150,School,School,Tahoma School District No. 409,Director District No. 3,13888,30782,45.12,1,Ric Lewis,,7882,97.71
110,1100,City,City/Town,City of Newcastle,Council Position No. 7,3775,8559,44.11,1,Sarah Goodman,,1545,43.04
110,1100,City,City/Town,City of Newcastle,Council Position No. 7,3775,8559,44.11,12,Write-in,,6,0.17
110,1100,City,City/Town,City of Newcastle,Council Position No. 7,3775,8559,44.11,2,Andy Jacobs,,2039,56.80
41,410,City,City/Town,City of Burien,Council Position No. 7,12871,30454,42.26,1,Stephanie Mora,,5269,43.53
41,410,City,City/Town,City of Burien,Council Position No. 7,12871,30454,42.26,2,Rocco DeVito,,6794,56.13
41,410,City,City/Town,City of Burien,Council Position No. 7,12871,30454,42.26,12,Write-in,,40,0.33
128,1280,City,City/Town,City of Renton,Municipal Court Judge Position No. 2,20107,61884,32.49,1,Kara Murphy Richards,,13682,98.84
128,1280,City,City/Town,City of Renton,Municipal Court Judge Position No. 2,20107,61884,32.49,11,Write-In,,161,1.16
302,3020,Special Purpose District,Public Hospital,Public Hospital District No. 5,Commissioner Position No. 5,5229,9321,56.10,11,Write-in,,24,0.61
302,3020,Special Purpose District,Public Hospital,Public Hospital District No. 5,Commissioner Position No. 5,5229,9321,56.10,1,Tom Langland,,3885,99.39
143,1430,City,City/Town,City of Shoreline,Council Position No. 5,17920,41408,43.28,11,Write-in,,162,1.32
143,1430,City,City/Town,City of Shoreline,Council Position No. 5,17920,41408,43.28,1,Eben Pobee,,12112,98.68
82,820,City,City/Town,City of Kent,Council Position No. 4,22217,73115,30.39,11,Write-in,,269,1.71
82,820,City,City/Town,City of Kent,Council Position No. 4,22217,73115,30.39,1,Toni Troutner,,15452,98.29
118,1180,City,City/Town,City of Pacific,Council Position No. 4,1042,3673,28.37,1,Ray Helms,,692,97.33
118,1180,City,City/Town,City of Pacific,Council Position No. 4,1042,3673,28.37,11,Write-in,,19,2.67
13,130,County,Council,County Council District No. 9,Council District No. 9,72832,174451,41.75,12,Write-in,,207,0.31
13,130,County,Council,County Council District No. 9,Council District No. 9,72832,174451,41.75,1,Jude Anthony,,20405,30.26
13,130,County,Council,County Council District No. 9,Council District No. 9,72832,174451,41.75,2,Reagan Dunn,,46814,69.43
47,470,City,City/Town,City of Covington,Council Position No. 2,4544,14287,31.81,11,Write-in,,65,2.12
47,470,City,City/Town,City of Covington,Council Position No. 2,4544,14287,31.81,1,Jennifer Harjehausen,,3002,97.88
226,2260,Special Purpose District,Fire,King County Fire Protection District No. 10,Commissioner Position No. 1,7909,16721,47.30,11,Write-in,,56,1.23
226,2260,Special Purpose District,Fire,King County Fire Protection District No. 10,Commissioner Position No. 1,7909,16721,47.30,1,Di Irons,,4514,98.77
58,580,City,City/Town,City of Duvall,Council Position No. 6,3030,5949,50.93,2,Jenn Hernandez,,970,34.53
58,580,City,City/Town,City of Duvall,Council Position No. 6,3030,5949,50.93,12,Write-in,,5,0.18
58,580,City,City/Town,City of Duvall,Council Position No. 6,3030,5949,50.93,1,Paul Wiggins,,1834,65.29
159,223,City,City/Town,Town of Beaux Arts Village,Council Position No. 1,125,265,47.17,11,Write-in,,0,0.00
159,223,City,City/Town,Town of Beaux Arts Village,Council Position No. 1,125,265,47.17,1,Stacy Saal,,109,100.00
22,211,City,City/Town,City of Auburn,Council Position No. 6,12856,41180,31.22,2,Cobi Clark,,4916,41.47
22,211,City,City/Town,City of Auburn,Council Position No. 6,12856,41180,31.22,12,Write-in,,56,0.47
22,211,City,City/Town,City of Auburn,Council Position No. 6,12856,41180,31.22,1,Lisa M. Stirgus,,6883,58.06
90,900,City,City/Town,City of Kirkland,Municipal Court Judge,25374,59121,42.92,1,John Olson,,16879,98.86
90,900,City,City/Town,City of Kirkland,Municipal Court Judge,25374,59121,42.92,11,Write-in,,195,1.14
254,2550,Special Purpose District,Water,Coal Creek Utility District,Commissioner Position No. 1,4225,9803,43.10,1,Peter Zevenbergen,,2735,99.24
254,2550,Special Purpose District,Water,Coal Creek Utility District,Commissioner Position No. 1,4225,9803,43.10,11,Write-in,,21,0.76
158,221,City,City/Town,Town of Beaux Arts Village,Mayor,125,265,47.17,11,Write-in,,0,0.00
158,221,City,City/Town,Town of Beaux Arts Village,Mayor,125,265,47.17,1,Aletha Howes,,111,100.00
73,730,City,City/Town,City of Issaquah,Council Position No. 3,11529,24686,46.70,11,Write-in,,143,1.74
73,730,City,City/Town,City of Issaquah,Council Position No. 3,11529,24686,46.70,1,Barbara de Michele,,8077,98.26
62,620,City,City/Town,City of Enumclaw,Council Position No. 3,4386,9434,46.49,1,Sabrina Solmonsen-Waterhouse,,2952,81.98
62,620,City,City/Town,City of Enumclaw,Council Position No. 3,4386,9434,46.49,2,Adella King,,609,16.91
62,620,City,City/Town,City of Enumclaw,Council Position No. 3,4386,9434,46.49,12,Write-in,,40,1.11
209,2090,School,School,Skykomish School District No. 404,Director Position No. 4,185,372,49.73,11,Write-in,,54,37.24
209,2090,School,School,Skykomish School District No. 404,Director Position No. 4,185,372,49.73,1,Sarah Cassidy,,91,62.76
190,1900,School,School,Lake Washington School District No. 414,Director District No. 3,53740,127247,42.23,2,Susan Hughes,,15086,31.04
190,1900,School,School,Lake Washington School District No. 414,Director District No. 3,53740,127247,42.23,1,Angela Meekhof,,33394,68.70
190,1900,School,School,Lake Washington School District No. 414,Director District No. 3,53740,127247,42.23,12,Write-in,,129,0.27
11,110,County,Council,County Council District No. 5,Council District No. 5,46006,139503,32.98,2,Steffanie Fain,,23457,55.03
11,110,County,Council,County Council District No. 5,Council District No. 5,46006,139503,32.98,1,Peter Kwon,,18940,44.43
11,110,County,Council,County Council District No. 5,Council District No. 5,46006,139503,32.98,12,Write-in,,230,0.54
299,2990,Special Purpose District,Public Hospital,Public Hospital District No. 4,Commissioner Position No. 4,15011,33266,45.12,11,Write-In,,115,1.25
299,2990,Special Purpose District,Public Hospital,Public Hospital District No. 4,Commissioner Position No. 4,15011,33266,45.12,1,Jen Carter,,9077,98.75
67,670,City,City/Town,City of Federal Way,Council Position No. 4,16929,53293,31.77,2,Tammy Dziak,,5916,37.28
67,670,City,City/Town,City of Federal Way,Council Position No. 4,16929,53293,31.77,1,Melissa Hamilton,,9903,62.41
67,670,City,City/Town,City of Federal Way,Council Position No. 4,16929,53293,31.77,12,Write-in,,49,0.31
98,980,City,City/Town,City of Maple Valley,Council Position No. 6,8184,18659,43.86,1,Dana C Parnello,,5183,97.96
98,980,City,City/Town,City of Maple Valley,Council Position No. 6,8184,18659,43.86,11,Write-in,,108,2.04
154,1540,City,City/Town,City of Woodinville,Council Position No. 1,4301,9101,47.26,2,Jeff Lyon,,1295,31.08
154,1540,City,City/Town,City of Woodinville,Council Position No. 1,4301,9101,47.26,12,Write-in,,7,0.17
154,1540,City,City/Town,City of Woodinville,Council Position No. 1,4301,9101,47.26,1,Michelle Evans,,2865,68.75
303,3030,Special Purpose District,Airport,King County Airport District,Commissioner Position No. 1,5229,9321,56.10,11,Write-in,,25,0.76
303,3030,Special Purpose District,Airport,King County Airport District,Commissioner Position No. 1,5229,9321,56.10,1,Kaye Pierson,,3273,99.24
69,690,City,City/Town,City of Federal Way,Municipal Court Judge Position No. 1,16929,53293,31.77,1,Brad Bales,,11993,98.85
69,690,City,City/Town,City of Federal Way,Municipal Court Judge Position No. 1,16929,53293,31.77,11,Write-in,,140,1.15
316,3160,Special Purpose District,Park and Recreation,Vashon-Maury Island Park & Recreation District,Commissioner Position No. 4,5229,9321,56.10,1,Abby Leigh Antonelis,,3588,99.34
316,3160,Special Purpose District,Park and Recreation,Vashon-Maury Island Park & Recreation District,Commissioner Position No. 4,5229,9321,56.10,11,Write-in,,24,0.66
19,190,City,City/Town,City of Auburn,Mayor,12856,41180,31.22,1,Nancy Backus,,6706,54.34
19,190,City,City/Town,City of Auburn,Mayor,12856,41180,31.22,12,Write-in,,114,0.92
19,190,City,City/Town,City of Auburn,Mayor,12856,41180,31.22,2,Yolanda Trout,,5520,44.73
138,1380,City,City/Town,City of Seattle,Council District No. 2,33754,69552,48.53,12,Write-in,,83,0.26
138,1380,City,City/Town,City of Seattle,Council District No. 2,33754,69552,48.53,1,Eddie Lin,,21775,68.40
138,1380,City,City/Town,City of Seattle,Council District No. 2,33754,69552,48.53,2,Adonis Ducksworth,,9976,31.34
