GEMS Contest ID,Contest Sort Seq,District Type,District Type Subheading,District Name,Ballot Title,Ballots Counted for District,Registered Voters for District,Percent Turnout for District,Candidate Sort Seq,Ballot Response,Party Preference,Votes,Percent of Votes
13,130,City,City/Town,City of Algona,Council Position No. 1,478,1748,"27.35 ",11,Write-in,,10,"2.87 "
13,130,City,City/Town,City of Algona,Council Position No. 1,478,1748,"27.35 ",1,William Thomas,,339,"97.13 "
261,2670,Special Purpose District,Fire,South King Fire,Commissioner Position No. 5,22918,87358,"26.23 ",1,Craig Burrus,,16710,"99.18 "
261,2670,Special Purpose District,Fire,South King Fire,Commissioner Position No. 5,22918,87358,"26.23 ",11,Write-in,,139,"0.82 "
4,40,County,Council,Metropolitan King County Council District No. 4,Council District No. 4,80264,167673,"47.87 ",12,Write-in,,311,"0.42 "
4,40,County,Council,Metropolitan King County Council District No. 4,Council District No. 4,80264,167673,"47.87 ",2,Sarah Reyneveld,,29450,"39.61 "
4,40,County,Council,Metropolitan King County Council District No. 4,Council District No. 4,80264,167673,"47.87 ",1,Jorge L. Barón,,44598,"59.98 "
165,1650,School,School,Auburn School District No. 408,Director District No. 3,11603,48059,"24.14 ",1,Valerie Gonzales,,6617,"63.75 "
165,1650,School,School,Auburn School District No. 408,Director District No. 3,11603,48059,"24.14 ",12,Write-in,,69,"0.66 "
165,1650,School,School,Auburn School District No. 408,Director District No. 3,11603,48059,"24.14 ",2,Dirk Dearinger,,3694,"35.59 "
232,2350,Special Purpose District,Fire,King County Fire Protection District No. 10,Commissioner Position No. 4,5202,16271,"31.97 ",1,Ray Mullen,,3028,"96.93 "
232,2350,Special Purpose District,Fire,King County Fire Protection District No. 10,Commissioner Position No. 4,5202,16271,"31.97 ",11,Write-in,,96,"3.07 "
235,2370,Special Purpose District,Fire,King County Fire Protection District No. 20,Commissioner Position No. 1,2459,10202,"24.10 ",11,Write-in,,24,"1.35 "
235,2370,Special Purpose District,Fire,King County Fire Protection District No. 20,Commissioner Position No. 1,2459,10202,"24.10 ",1,Craig Buckton,,1755,"98.65 "
268,2640,Special Purpose District,Fire,Snoqualmie Pass Fire and Rescue,Commissioner Position No. 4,26,73,"35.62 ",11,Write-in,,1,"4.76 "
268,2640,Special Purpose District,Fire,Snoqualmie Pass Fire and Rescue,Commissioner Position No. 4,26,73,"35.62 ",1,Wally Anderson,,20,"95.24 "
25,250,City,City/Town,City of Black Diamond,Council Position No. 2,1768,4731,"37.37 ",1,Brad Douglass,,1097,"95.72 "
25,250,City,City/Town,City of Black Diamond,Council Position No. 2,1768,4731,"37.37 ",11,Write-in,,49,"4.28 "
245,2470,Special Purpose District,Fire,King County Fire Protection District No. 37,Commissioner Position No. 2,5400,18031,"29.95 ",11,Write-in,,44,"1.29 "
245,2470,Special Purpose District,Fire,King County Fire Protection District No. 37,Commissioner Position No. 2,5400,18031,"29.95 ",1,Lloyd D. Holman,,3373,"98.71 "
117,1170,City,City/Town,City of Redmond,Council Position No. 7,11498,33934,"33.88 ",1,Angie Nuevacamina,,5941,"53.68 "
117,1170,City,City/Town,City of Redmond,Council Position No. 7,11498,33934,"33.88 ",12,Write-in,,29,"0.26 "
117,1170,City,City/Town,City of Redmond,Council Position No. 7,11498,33934,"33.88 ",2,David M. Carson,,5097,"46.06 "
175,1750,School,School,Federal Way School District No. 210,Director District No. 3,19694,78653,"25.04 ",12,Write-in,,109,"0.60 "
175,1750,School,School,Federal Way School District No. 210,Director District No. 3,19694,78653,"25.04 ",1,Luckisha Phillips,,13667,"75.75 "
175,1750,School,School,Federal Way School District No. 210,Director District No. 3,19694,78653,"25.04 ",2,Christopher Dowllar,,4267,"23.65 "
16,160,City,City/Town,City of Auburn,Council Position No. 1,9663,38934,"24.82 ",12,Write-in,,44,"0.48 "
16,160,City,City/Town,City of Auburn,Council Position No. 1,9663,38934,"24.82 ",2,Lisa Stirgus,,4385,"48.21 "
16,160,City,City/Town,City of Auburn,Council Position No. 1,9663,38934,"24.82 ",1,Cheryl Rakes,,4667,"51.31 "
99,990,City,City/Town,City of Newcastle,Council Position No. 4,3186,8186,"38.92 ",2,Chris Villasenor,,1527,"48.69 "
99,990,City,City/Town,City of Newcastle,Council Position No. 4,3186,8186,"38.92 ",1,Steve Tallman,,1603,"51.12 "
99,990,City,City/Town,City of Newcastle,Council Position No. 4,3186,8186,"38.92 ",12,Write-in,,6,"0.19 "
191,1910,School,School,Lake Washington School District No. 414,Director District No. 1,44175,121140,"36.47 ",12,Write-in,,84,"0.21 "
191,1910,School,School,Lake Washington School District No. 414,Director District No. 1,44175,121140,"36.47 ",2,Andy Markert,,10314,"26.05 "
191,1910,School,School,Lake Washington School District No. 414,Director District No. 1,44175,121140,"36.47 ",1,Eric Laliberte,,29202,"73.74 "
239,2410,Special Purpose District,Fire,King County Fire Protection District No. 27,Commissioner Position No. 2,1528,4020,"38.01 ",1,Kristopher Belfield,,926,"99.04 "
239,2410,Special Purpose District,Fire,King County Fire Protection District No. 27,Commissioner Position No. 2,1528,4020,"38.01 ",11,Write-in,,9,"0.96 "
214,2140,School,School,Skykomish School District No. 404,Proposition No. 1,118,358,"32.96 ",10,Yes,,64,"57.66 "
214,2140,School,School,Skykomish School District No. 404,Proposition No. 1,118,358,"32.96 ",20,No,,47,"42.34 "
259,2610,Special Purpose District,Fire,Shoreline Fire Department,Commissioner Position No. 4,13326,39313,"33.90 ",11,Write-in,,200,"2.26 "
259,2610,Special Purpose District,Fire,Shoreline Fire Department,Commissioner Position No. 4,13326,39313,"33.90 ",1,David M. Harris,,8663,"97.74 "
21,210,City,City/Town,City of Bellevue,Council Position No. 3,26980,80529,"33.50 ",2,Alex Tsimerman,,4163,"16.24 "
21,210,City,City/Town,City of Bellevue,Council Position No. 3,26980,80529,"33.50 ",12,Write-in,,123,"0.48 "
21,210,City,City/Town,City of Bellevue,Council Position No. 3,26980,80529,"33.50 ",1,Mo Malakoutian,,21347,"83.28 "
226,2260,School,School,Vashon Island School District No. 402,Director Position No. 3,4800,9232,"51.99 ",2,Angela Marshall,,2108,"46.22 "
226,2260,School,School,Vashon Island School District No. 402,Director Position No. 3,4800,9232,"51.99 ",1,Martha Woodard,,2445,"53.61 "
226,2260,School,School,Vashon Island School District No. 402,Director Position No. 3,4800,9232,"51.99 ",12,Write-in,,8,"0.18 "
251,2530,Special Purpose District,Fire,King County Fire Protection District No. 43,Commissioner Position No. 4,10716,29540,"36.28 ",1,Laura Buckley,,6705,"99.13 "
251,2530,Special Purpose District,Fire,King County Fire Protection District No. 43,Commissioner Position No. 4,10716,29540,"36.28 ",11,Write-in,,59,"0.87 "
3,30,County,Council,Metropolitan King County Council District No. 2,Council District No. 2,68225,158110,"43.15 ",1,Girmay Zahilay,,49156,"98.62 "
3,30,County,Council,Metropolitan King County Council District No. 2,Council District No. 2,68225,158110,"43.15 ",11,Write-in,,686,"1.38 "
196,1960,School,School,Mercer Island School District No. 400,Director Position No. 5,8265,18611,"44.41 ",12,Write-in,,14,"0.18 "
196,1960,School,School,Mercer Island School District No. 400,Director Position No. 5,8265,18611,"44.41 ",2,Todd White,,3956,"49.82 "
196,1960,School,School,Mercer Island School District No. 400,Director Position No. 5,8265,18611,"44.41 ",1,Jody Lee,,3971,"50.01 "
83,830,City,City/Town,City of Maple Valley,Council Position No. 5,6494,17705,"36.68 ",11,Write-in,,66,"1.54 "
83,830,City,City/Town,City of Maple Valley,Council Position No. 5,6494,17705,"36.68 ",1,Syd Dawson,,4206,"98.46 "
142,1420,City,City/Town,City of Snoqualmie,Council Position No. 2,2758,8398,"32.84 ",1,Rob Wotton,,2002,"98.38 "
142,1420,City,City/Town,City of Snoqualmie,Council Position No. 2,2758,8398,"32.84 ",11,Write-in,,33,"1.62 "
311,3110,Special Purpose District,Public Hospital,Public Hospital District No. 1,Commissioner District No. 1,51677,186840,"27.66 ",1,Anthony R. Berkley,,23108,"51.32 "
311,3110,Special Purpose District,Public Hospital,Public Hospital District No. 1,Commissioner District No. 1,51677,186840,"27.66 ",12,Write-in,,138,"0.31 "
311,3110,Special Purpose District,Public Hospital,Public Hospital District No. 1,Commissioner District No. 1,51677,186840,"27.66 ",2,Erin Smith Aboudara,,21777,"48.37 "
112,1120,City,City/Town,City of Pacific,Council Position No. 6,907,3483,"26.04 ",1,Jack Stutler,,571,"95.48 "
112,1120,City,City/Town,City of Pacific,Council Position No. 6,907,3483,"26.04 ",11,Write-in,,27,"4.52 "
238,2400,Special Purpose District,Fire,King County Fire Protection District No. 27,Commissioner Position No. 1,1528,4020,"38.01 ",1,Lilly Hansen,,921,"98.71 "
238,2400,Special Purpose District,Fire,King County Fire Protection District No. 27,Commissioner Position No. 1,1528,4020,"38.01 ",11,Write-in,,12,"1.29 "
53,530,City,City/Town,City of Duvall,Council Position No. 7,2123,5373,"39.51 ",12,Write-in,,16,"0.80 "
53,530,City,City/Town,City of Duvall,Council Position No. 7,2123,5373,"39.51 ",2,Carol Kufeldt,,1619,"80.63 "
53,530,City,City/Town,City of Duvall,Council Position No. 7,2123,5373,"39.51 ",1,C. William Chappell IV,,373,"18.58 "
68,680,City,City/Town,City of Kent,Council Position No. 1,17182,70483,"24.38 ",1,Marli Larimer,,12465,"79.78 "
68,680,City,City/Town,City of Kent,Council Position No. 1,17182,70483,"24.38 ",12,Write-in,,57,"0.36 "
68,680,City,City/Town,City of Kent,Council Position No. 1,17182,70483,"24.38 ",2,Jessie Ramsey,,3103,"19.86 "
323,3230,Special Purpose District,Park and Recreation,Fall City Metropolitan Park District,Commissioner Position No. 3,1705,4466,"38.18 ",11,Write-in,,12,"1.08 "
323,3230,Special Purpose District,Park and Recreation,Fall City Metropolitan Park District,Commissioner Position No. 3,1705,4466,"38.18 ",1,Charlie Kellogg,,1099,"98.92 "
164,1640,School,School,Auburn School District No. 408,Director District No. 2,11603,48059,"24.14 ",11,Write-in,,157,"1.86 "
164,1640,School,School,Auburn School District No. 408,Director District No. 2,11603,48059,"24.14 ",1,Arlista Holman,,8281,"98.14 "
109,1090,City,City/Town,City of Pacific,Mayor,907,3483,"26.04 ",1,Vic Kave,,492,"55.03 "
109,1090,City,City/Town,City of Pacific,Mayor,907,3483,"26.04 ",12,Write-in,,6,"0.67 "
109,1090,City,City/Town,City of Pacific,Mayor,907,3483,"26.04 ",2,Kerry G. Garberding,,396,"44.30 "
96,960,City,City/Town,City of Newcastle,Council Position No. 1,3186,8186,"38.92 ",2,Len Trautman,,1328,"42.44 "
96,960,City,City/Town,City of Newcastle,Council Position No. 1,3186,8186,"38.92 ",1,Sun Burford,,1795,"57.37 "
96,960,City,City/Town,City of Newcastle,Council Position No. 1,3186,8186,"38.92 ",12,Write-in,,6,"0.19 "
283,2800,Special Purpose District,Sewer & Water,King County Water District No. 19,Commissioner Position No. 1,1362,2615,"52.08 ",11,Write-in,,10,"1.11 "
283,2800,Special Purpose District,Sewer & Water,King County Water District No. 19,Commissioner Position No. 1,1362,2615,"52.08 ",1,Seth Zuckerman,,893,"98.89 "
90,900,City,City/Town,City of Mercer Island,Council Position No. 5,8265,18611,"44.41 ",1,Craig Reynolds,,4485,"56.18 "
90,900,City,City/Town,City of Mercer Island,Council Position No. 5,8265,18611,"44.41 ",2,Michael D. Curry,,3487,"43.68 "
90,900,City,City/Town,City of Mercer Island,Council Position No. 5,8265,18611,"44.41 ",12,Write-in,,11,"0.14 "
166,1660,School,School,Auburn School District No. 408,Director District No. 4,11603,48059,"24.14 ",11,Write-in,,156,"1.88 "
166,1660,School,School,Auburn School District No. 408,Director District No. 4,11603,48059,"24.14 ",1,Laura Theimer,,8120,"98.12 "
86,860,City,City/Town,City of Medina,Council Position No. 4,661,2215,"29.84 ",1,Michael Luis,,462,"99.14 "
86,860,City,City/Town,City of Medina,Council Position No. 4,661,2215,"29.84 ",11,Write-in,,4,"0.86 "
208,2080,School,School,Seattle School District No. 1,Director District No. 6,221040,481368,"45.92 ",2,Maryanne Wood,,21796,"11.12 "
208,2080,School,School,Seattle School District No. 1,Director District No. 6,221040,481368,"45.92 ",12,Write-in,,588,"0.30 "
208,2080,School,School,Seattle School District No. 1,Director District No. 6,221040,481368,"45.92 ",1,Gina Topp,,173596,"88.58 "
248,2500,Special Purpose District,Fire,King County Fire Protection District No. 40,Commissioner Position No. 3,4766,13915,"34.25 ",11,Write-in,,22,"0.67 "
248,2500,Special Purpose District,Fire,King County Fire Protection District No. 40,Commissioner Position No. 3,4766,13915,"34.25 ",1,Steven Parsons,,3252,"99.33 "
320,3200,Special Purpose District,Airport,King County Airport District,Commissioner Position No. 3,4800,9232,"51.99 ",11,Write-in,,26,"0.96 "
320,3200,Special Purpose District,Airport,King County Airport District,Commissioner Position No. 3,4800,9232,"51.99 ",1,Robert Therkelsen,,2682,"99.04 "
1,10,County,County,King County,Assessor,516012,1380914,"37.37 ",1,John Wilson,,361448,"98.61 "
1,10,County,County,King County,Assessor,516012,1380914,"37.37 ",11,Write-in,,5084,"1.39 "
290,2920,Special Purpose District,Sewer & Water,Lake Meridian Water District,Commissioner Position No. 1,3301,11567,"28.54 ",1,Patrick Hanis,,2290,"98.79 "
290,2920,Special Purpose District,Sewer & Water,Lake Meridian Water District,Commissioner Position No. 1,3301,11567,"28.54 ",11,Write-in,,28,"1.21 "
271,2290,Special Purpose District,Fire,East Pierce Fire & Rescue,Commissioner Position No. 6,374,1089,"34.34 ",1,Randy Kroum,,263,"99.62 "
271,2290,Special Purpose District,Fire,East Pierce Fire & Rescue,Commissioner Position No. 6,374,1089,"34.34 ",11,Write-in,,1,"0.38 "
236,2380,Special Purpose District,Fire,King County Fire Protection District No. 25,Commissioner Position No. 1,1653,5555,"29.76 ",11,Write-in,,31,"2.98 "
236,2380,Special Purpose District,Fire,King County Fire Protection District No. 25,Commissioner Position No. 1,1653,5555,"29.76 ",1,Marcus Morrell,,1010,"97.02 "
176,1760,School,School,Federal Way School District No. 210,Director District No. 5,19694,78653,"25.04 ",2,Joan Marie Murphy,,10119,"54.75 "
176,1760,School,School,Federal Way School District No. 210,Director District No. 5,19694,78653,"25.04 ",12,Write-in,,57,"0.31 "
176,1760,School,School,Federal Way School District No. 210,Director District No. 5,19694,78653,"25.04 ",1,Gavin Downing,,8305,"44.94 "
73,730,City,City/Town,City of Kirkland,Council Position No. 4,22151,56967,"38.88 ",12,Write-in,,44,"0.21 "
73,730,City,City/Town,City of Kirkland,Council Position No. 4,22151,56967,"38.88 ",1,Toby Nixon,,9742,"47.55 "
73,730,City,City/Town,City of Kirkland,Council Position No. 4,22151,56967,"38.88 ",2,John Tymczyszyn,,10701,"52.23 "
167,1670,School,School,Bellevue School District No. 405,Director District No. 1,26439,79053,"33.44 ",1,Phil Bloch,,18248,"98.88 "
167,1670,School,School,Bellevue School District No. 405,Director District No. 1,26439,79053,"33.44 ",11,Write-in,,207,"1.12 "
29,290,City,City/Town,City of Black Diamond,Council Position No. 7,1768,4731,"37.37 ",1,Debbie Page,,1109,"96.77 "
29,290,City,City/Town,City of Black Diamond,Council Position No. 7,1768,4731,"37.37 ",11,Write-in,,37,"3.23 "
162,1620,City,City/Town,Town of Yarrow Point,Council Position No. 4,300,902,"33.26 ",1,Debi P. Mishra,,119,"42.20 "
162,1620,City,City/Town,Town of Yarrow Point,Council Position No. 4,300,902,"33.26 ",12,Write-in,,0,"0.00 "
162,1620,City,City/Town,Town of Yarrow Point,Council Position No. 4,300,902,"33.26 ",2,Michael Hyman,,163,"57.80 "
329,3290,Special Purpose District,Park and Recreation,Vashon-Maury Island Park & Recreation District,Commissioner Position No. 5,4800,9232,"51.99 ",1,Hans Van Dusen,,3036,"99.48 "
329,3290,Special Purpose District,Park and Recreation,Vashon-Maury Island Park & Recreation District,Commissioner Position No. 5,4800,9232,"51.99 ",11,Write-in,,16,"0.52 "
136,1360,City,City/Town,City of Seattle Council District No. 5,Council District No. 5,31266,69549,"44.96 ",1,Cathy Moore,,19334,"64.11 "
136,1360,City,City/Town,City of Seattle Council District No. 5,Council District No. 5,31266,69549,"44.96 ",2,ChrisTiana ObeySumner,,10729,"35.58 "
136,1360,City,City/Town,City of Seattle Council District No. 5,Council District No. 5,31266,69549,"44.96 ",12,Write-in,,93,"0.31 "
139,1390,City,City/Town,City of Shoreline,Council Position No. 2,13326,39313,"33.90 ",1,Keith Scully,,9830,"98.39 "
139,1390,City,City/Town,City of Shoreline,Council Position No. 2,13326,39313,"33.90 ",11,Write-in,,161,"1.61 "
237,2390,Special Purpose District,Fire,King County Fire Protection District No. 25,Commissioner Position No. 3,1653,5555,"29.76 ",11,Write-in,,17,"1.50 "
237,2390,Special Purpose District,Fire,King County Fire Protection District No. 25,Commissioner Position No. 3,1653,5555,"29.76 ",1,Sean Cook,,1116,"98.50 "
174,1740,School,School,Federal Way School District No. 210,Director District No. 2,19694,78653,"25.04 ",1,Jennifer Jones,,13274,"70.31 "
174,1740,School,School,Federal Way School District No. 210,Director District No. 2,19694,78653,"25.04 ",12,Write-in,,56,"0.30 "
174,1740,School,School,Federal Way School District No. 210,Director District No. 2,19694,78653,"25.04 ",2,Daniel Kukhar,,5548,"29.39 "
20,200,City,City/Town,City of Bellevue,Council Position No. 1,26980,80529,"33.50 ",1,Paul Clark,,11711,"44.80 "
20,200,City,City/Town,City of Bellevue,Council Position No. 1,26980,80529,"33.50 ",12,Write-in,,39,"0.15 "
20,200,City,City/Town,City of Bellevue,Council Position No. 1,26980,80529,"33.50 ",2,John Stokes,,14388,"55.05 "
89,890,City,City/Town,City of Mercer Island,Council Position No. 3,8265,18611,"44.41 ",11,Write-in,,81,"1.40 "
89,890,City,City/Town,City of Mercer Island,Council Position No. 3,8265,18611,"44.41 ",1,Wendy Weiker,,5723,"98.60 "
51,510,City,City/Town,City of Duvall,Council Position No. 4,2123,5373,"39.51 ",11,Write-in,,16,"1.07 "
51,510,City,City/Town,City of Duvall,Council Position No. 4,2123,5373,"39.51 ",1,Ronn Mercer,,1478,"98.93 "
178,1780,School,School,Fife School District No. 417,Director District No. 2,1027,3358,"30.58 ",1,Chelsea Bjorkman,,684,"97.85 "
178,1780,School,School,Fife School District No. 417,Director District No. 2,1027,3358,"30.58 ",11,Write-in,,15,"2.15 "
125,1250,City,City/Town,City of Sammamish,Council Position No. 4,13919,39002,"35.69 ",1,Kent Treen,,6962,"51.41 "
125,1250,City,City/Town,City of Sammamish,Council Position No. 4,13919,39002,"35.69 ",2,Kerry Bosworth,,6544,"48.32 "
125,1250,City,City/Town,City of Sammamish,Council Position No. 4,13919,39002,"35.69 ",12,Write-in,,36,"0.27 "
94,940,City,City/Town,City of Milton,Council Position No. 7,374,1089,"34.34 ",11,Write-in,,1,"0.38 "
94,940,City,City/Town,City of Milton,Council Position No. 7,374,1089,"34.34 ",1,Robert C. Whalen,,265,"99.62 "
172,1720,School,School,Enumclaw School District No. 216,Director District No. 4,8841,21521,"41.08 ",2,Tonya Pettit,,3631,"46.68 "
172,1720,School,School,Enumclaw School District No. 216,Director District No. 4,8841,21521,"41.08 ",1,Ben Stouffer,,3783,"48.64 "
172,1720,School,School,Enumclaw School District No. 216,Director District No. 4,8841,21521,"41.08 ",12,Write-in,,364,"4.68 "
293,3100,Special Purpose District,Sewer & Water,Woodinville Water District,Commissioner Position No. 5,11833,32292,"36.64 ",1,Preeti Shridhar,,7336,"67.06 "
293,3100,Special Purpose District,Sewer & Water,Woodinville Water District,Commissioner Position No. 5,11833,32292,"36.64 ",2,Mark Roark,,3595,"32.86 "
293,3100,Special Purpose District,Sewer & Water,Woodinville Water District,Commissioner Position No. 5,11833,32292,"36.64 ",12,Write-in,,9,"0.08 "
243,2450,Special Purpose District,Fire,King County Fire Protection District No. 34,Commissioner Position No. 1,5037,15553,"32.39 ",12,Write-in,,9,"0.19 "
243,2450,Special Purpose District,Fire,King County Fire Protection District No. 34,Commissioner Position No. 1,5037,15553,"32.39 ",1,Jerry Nuernberger,,3591,"75.63 "
243,2450,Special Purpose District,Fire,King County Fire Protection District No. 34,Commissioner Position No. 1,5037,15553,"32.39 ",2,Kamil Zaidi,,1148,"24.18 "
15,150,City,City/Town,City of Algona,Council Position No. 5,478,1748,"27.35 ",1,David M. White,,347,"97.20 "
15,150,City,City/Town,City of Algona,Council Position No. 5,478,1748,"27.35 ",11,Write-in,,10,"2.80 "
185,1850,School,School,Issaquah School District No. 411,Director District No. 5,23940,73572,"32.54 ",12,Write-in,,88,"0.41 "
185,1850,School,School,Issaquah School District No. 411,Director District No. 5,23940,73572,"32.54 ",2,Josiah Morauski,,1592,"7.35 "
185,1850,School,School,Issaquah School District No. 411,Director District No. 5,23940,73572,"32.54 ",1,Matt Coyne,,19967,"92.24 "
17,170,City,City/Town,City of Auburn,Council Position No. 3,9663,38934,"24.82 ",12,Write-in,,31,"0.34 "
17,170,City,City/Town,City of Auburn,Council Position No. 3,9663,38934,"24.82 ",2,Tracy Taylor Turner,,5440,"59.07 "
17,170,City,City/Town,City of Auburn,Council Position No. 3,9663,38934,"24.82 ",1,James Jeyaraj,,3739,"40.60 "
305,2960,Special Purpose District,Sewer & Water,Northeast Sammamish Sewer and Water District,Commissioner Position No. 1,3394,8910,"38.09 ",11,Write-in,,51,"2.27 "
305,2960,Special Purpose District,Sewer & Water,Northeast Sammamish Sewer and Water District,Commissioner Position No. 1,3394,8910,"38.09 ",1,Paul Robinett,,2199,"97.73 "
319,3190,Special Purpose District,Airport,King County Airport District,Commissioner Position No. 2,4800,9232,"51.99 ",1,Truman O'Brien,,2981,"99.57 "
319,3190,Special Purpose District,Airport,King County Airport District,Commissioner Position No. 2,4800,9232,"51.99 ",11,Write-in,,13,"0.43 "
81,810,City,City/Town,City of Maple Valley,Council Position No. 2,6494,17705,"36.68 ",11,Write-in,,80,"1.86 "
81,810,City,City/Town,City of Maple Valley,Council Position No. 2,6494,17705,"36.68 ",1,Didem Pierson,,4213,"98.14 "
48,480,City,City/Town,City of Des Moines,Council Position No. 4,6006,19228,"31.24 ",12,Write-in,,20,"0.35 "
48,480,City,City/Town,City of Des Moines,Council Position No. 4,6006,19228,"31.24 ",2,Christine Puzas,,1891,"33.05 "
48,480,City,City/Town,City of Des Moines,Council Position No. 4,6006,19228,"31.24 ",1,Jeremy Nutting,,3810,"66.60 "
295,2780,Special Purpose District,Sewer & Water,Highlands Sewer District,Commissioner Position No. 1,77,215,"35.81 ",1,L. David Hanower,,66,"100.00 "
295,2780,Special Purpose District,Sewer & Water,Highlands Sewer District,Commissioner Position No. 1,77,215,"35.81 ",11,Write-in,,0,"0.00 "
253,2550,Special Purpose District,Fire,King County Fire Protection District No. 47,Commissioner Position No. 1,539,1692,"31.86 ",11,Write-in,,11,"3.20 "
253,2550,Special Purpose District,Fire,King County Fire Protection District No. 47,Commissioner Position No. 1,539,1692,"31.86 ",1,Tracy Styles,,333,"96.80 "
260,2660,Special Purpose District,Fire,South King Fire,Commissioner Position No. 4,22918,87358,"26.23 ",1,Mark L. Thompson,,9464,"45.05 "
260,2660,Special Purpose District,Fire,South King Fire,Commissioner Position No. 4,22918,87358,"26.23 ",2,Gregory Baruso,,11497,"54.73 "
260,2660,Special Purpose District,Fire,South King Fire,Commissioner Position No. 4,22918,87358,"26.23 ",12,Write-in,,47,"0.22 "
217,2170,School,School,Snoqualmie Valley School District No. 410,Director District No. 5,11907,29090,"40.93 ",11,Write-in,,116,"1.52 "
217,2170,School,School,Snoqualmie Valley School District No. 410,Director District No. 5,11907,29090,"40.93 ",1,Ram Dutt Vedullapalli,,7494,"98.48 "
287,2840,Special Purpose District,Sewer & Water,King County Water District No. 54,Commissioner Position No. 3,1117,2424,"46.08 ",11,Write-in,,1,"0.13 "
287,2840,Special Purpose District,Sewer & Water,King County Water District No. 54,Commissioner Position No. 3,1117,2424,"46.08 ",1,Jim Delvin,,770,"99.87 "
262,2690,Special Purpose District,Fire,Vashon Island Fire and Rescue,Commissioner Position No. 1,4800,9232,"51.99 ",11,Write-in,,35,"1.08 "
262,2690,Special Purpose District,Fire,Vashon Island Fire and Rescue,Commissioner Position No. 1,4800,9232,"51.99 ",1,Brigitte Schran Brown,,3197,"98.92 "
116,1160,City,City/Town,City of Redmond,Council Position No. 5,11498,33934,"33.88 ",1,Vanessa Kritzer,,8350,"98.56 "
116,1160,City,City/Town,City of Redmond,Council Position No. 5,11498,33934,"33.88 ",11,Write-in,,122,"1.44 "
78,780,City,City/Town,City of Lake Forest Park,Council Position No. 4,4954,10352,"47.86 ",12,Write-in,,8,"0.17 "
78,780,City,City/Town,City of Lake Forest Park,Council Position No. 4,4954,10352,"47.86 ",1,Nigel Keiffer,,726,"15.17 "
78,780,City,City/Town,City of Lake Forest Park,Council Position No. 4,4954,10352,"47.86 ",2,Ellyn Saunders,,4052,"84.66 "
146,1460,City,City/Town,City of Tukwila,Mayor,2940,11101,"26.48 ",1,Thomas McLeod,,1515,"52.48 "
146,1460,City,City/Town,City of Tukwila,Mayor,2940,11101,"26.48 ",12,Write-in,,15,"0.52 "
146,1460,City,City/Town,City of Tukwila,Mayor,2940,11101,"26.48 ",2,Kate Kruller,,1357,"47.00 "
63,630,City,City/Town,City of Issaquah,Council Position No. 6,7627,23737,"32.13 ",12,Write-in,,8,"0.11 "
63,630,City,City/Town,City of Issaquah,Council Position No. 6,7627,23737,"32.13 ",1,Victoria Hunt,,5873,"79.20 "
63,630,City,City/Town,City of Issaquah,Council Position No. 6,7627,23737,"32.13 ",2,Sam Sheehan,,1534,"20.69 "
294,2730,Special Purpose District,Sewer & Water,Cedar River Water and Sewer District,Commissioner Position No. 1,6029,17378,"34.69 ",11,Write-in,,36,"0.90 "
294,2730,Special Purpose District,Sewer & Water,Cedar River Water and Sewer District,Commissioner Position No. 1,6029,17378,"34.69 ",1,Stephen Puryear,,3965,"99.10 "
119,1190,City,City/Town,City of Renton,Council Position No. 3,15527,59077,"26.28 ",2,Erica J. Conway,,5453,"36.81 "
119,1190,City,City/Town,City of Renton,Council Position No. 3,15527,59077,"26.28 ",1,Valerie O'Halloran,,9308,"62.84 "
119,1190,City,City/Town,City of Renton,Council Position No. 3,15527,59077,"26.28 ",12,Write-in,,52,"0.35 "
158,1580,City,City/Town,Town of Skykomish,Council Position No. 1,47,120,"39.17 ",11,Write-in,,2,"5.56 "
158,1580,City,City/Town,Town of Skykomish,Council Position No. 1,47,120,"39.17 ",1,Mark Carroll,,34,"94.44 "
249,2510,Special Purpose District,Fire,King County Fire Protection District No. 43,Commissioner Position No. 1,10716,29540,"36.28 ",1,Stephen McNey,,6686,"98.92 "
249,2510,Special Purpose District,Fire,King County Fire Protection District No. 43,Commissioner Position No. 1,10716,29540,"36.28 ",11,Write-in,,73,"1.08 "
316,3160,Special Purpose District,Public Hospital,Public Hospital District No. 5,Commissioner Position No. 1,4800,9232,"51.99 ",11,Write-in,,19,"0.63 "
316,3160,Special Purpose District,Public Hospital,Public Hospital District No. 5,Commissioner Position No. 1,4800,9232,"51.99 ",1,Bill Hamilton,,2998,"99.37 "
93,930,City,City/Town,City of Milton,Council Position No. 6,374,1089,"34.34 ",1,Frances Hall,,267,"99.26 "
93,930,City,City/Town,City of Milton,Council Position No. 6,374,1089,"34.34 ",11,Write-in,,2,"0.74 "
140,1400,City,City/Town,City of Shoreline,Council Position No. 4,13326,39313,"33.90 ",1,Doris McConnell,,5675,"44.45 "
140,1400,City,City/Town,City of Shoreline,Council Position No. 4,13326,39313,"33.90 ",2,Annette Ademasu,,7037,"55.11 "
140,1400,City,City/Town,City of Shoreline,Council Position No. 4,13326,39313,"33.90 ",12,Write-in,,56,"0.44 "
22,220,City,City/Town,City of Bellevue,Council Position No. 5,26980,80529,"33.50 ",2,Betsi Hummer,,8886,"33.49 "
22,220,City,City/Town,City of Bellevue,Council Position No. 5,26980,80529,"33.50 ",12,Write-in,,34,"0.13 "
22,220,City,City/Town,City of Bellevue,Council Position No. 5,26980,80529,"33.50 ",1,Janice Zahn,,17613,"66.38 "
274,2750,Special Purpose District,Sewer & Water,Covington Water District,Commissioner Position No. 1,12842,39427,"32.57 ",1,Kevin A. Fuhrer,,7451,"97.46 "
274,2750,Special Purpose District,Sewer & Water,Covington Water District,Commissioner Position No. 1,12842,39427,"32.57 ",11,Write-in,,194,"2.54 "
5,50,County,Council,Metropolitan King County Council District No. 6,Council District No. 6,49779,137376,"36.24 ",1,Claudia Balducci,,35276,"97.88 "
5,50,County,Council,Metropolitan King County Council District No. 6,Council District No. 6,49779,137376,"36.24 ",11,Write-in,,765,"2.12 "
65,650,City,City/Town,City of Kenmore,Council Position No. 3,6289,15656,"40.17 ",2,Valerie Sasson,,3400,"55.77 "
65,650,City,City/Town,City of Kenmore,Council Position No. 3,6289,15656,"40.17 ",12,Write-in,,5,"0.08 "
65,650,City,City/Town,City of Kenmore,Council Position No. 3,6289,15656,"40.17 ",1,Josh Kurcinka,,2692,"44.15 "
7,70,"Court of Appeals, Division No. 1, District No. 1",Judicial,"Court of Appeals, Division 1, District 1",Judge Position No. 2,516012,1380914,"37.37 ",1,Lori K. Smith,,336248,"98.58 "
7,70,"Court of Appeals, Division No. 1, District No. 1",Judicial,"Court of Appeals, Division 1, District 1",Judge Position No. 2,516012,1380914,"37.37 ",11,Write-in,,4858,"1.42 "
212,2120,School,School,Skykomish School District No. 404,Director Position No. 1,118,358,"32.96 ",11,Write-in,,7,"8.43 "
212,2120,School,School,Skykomish School District No. 404,Director Position No. 1,118,358,"32.96 ",1,Alberto Laverde,,76,"91.57 "
279,2870,Special Purpose District,Sewer & Water,King County Water District No. 119,Commissioner Position No. 1,1177,3375,"34.87 ",1,Terry W. Olson,,701,"97.77 "
279,2870,Special Purpose District,Sewer & Water,King County Water District No. 119,Commissioner Position No. 1,1177,3375,"34.87 ",11,Write-in,,16,"2.23 "
207,2070,School,School,Seattle School District No. 1,Director District No. 3,221040,481368,"45.92 ",1,Evan Briggs,,108849,"55.70 "
207,2070,School,School,Seattle School District No. 1,Director District No. 3,221040,481368,"45.92 ",2,Ben Gitenstein,,85941,"43.98 "
207,2070,School,School,Seattle School District No. 1,Director District No. 3,221040,481368,"45.92 ",12,Write-in,,619,"0.32 "
128,1280,City,City/Town,City of SeaTac,Council Position No. 3,4275,14884,"28.72 ",2,Elizabeth Greninger,,1409,"33.57 "
128,1280,City,City/Town,City of SeaTac,Council Position No. 3,4275,14884,"28.72 ",1,Peter Kwon,,2779,"66.21 "
128,1280,City,City/Town,City of SeaTac,Council Position No. 3,4275,14884,"28.72 ",12,Write-in,,9,"0.21 "
233,2360,Special Purpose District,Fire,King County Fire Protection District No. 16,Commissioner Position No. 1,11243,26008,"43.23 ",1,Eric L. Adman,,7783,"99.32 "
233,2360,Special Purpose District,Fire,King County Fire Protection District No. 16,Commissioner Position No. 1,11243,26008,"43.23 ",11,Write-in,,53,"0.68 "
123,1230,City,City/Town,City of Sammamish,Council Position No. 2,13919,39002,"35.69 ",2,Uma Coimbature,,5390,"40.45 "
123,1230,City,City/Town,City of Sammamish,Council Position No. 2,13919,39002,"35.69 ",1,Roisin O'Farrell,,7876,"59.11 "
123,1230,City,City/Town,City of Sammamish,Council Position No. 2,13919,39002,"35.69 ",12,Write-in,,58,"0.44 "
130,1300,City,City/Town,City of SeaTac,Council Position No. 7,4275,14884,"28.72 ",2,Damiana Merryweather,,1645,"40.06 "
130,1300,City,City/Town,City of SeaTac,Council Position No. 7,4275,14884,"28.72 ",12,Write-in,,13,"0.32 "
130,1300,City,City/Town,City of SeaTac,Council Position No. 7,4275,14884,"28.72 ",1,Joe Vinson,,2448,"59.62 "
35,350,City,City/Town,City of Burien,Council Position No. 6,10897,29469,"36.98 ",2,Alex Andrade,,5919,"55.65 "
35,350,City,City/Town,City of Burien,Council Position No. 6,10897,29469,"36.98 ",12,Write-in,,29,"0.27 "
35,350,City,City/Town,City of Burien,Council Position No. 6,10897,29469,"36.98 ",1,Krystal Marx,,4689,"44.08 "
308,2990,Special Purpose District,Sewer & Water,Northshore Utility District,Commissioner Position No. 5,20870,54276,"38.45 ",11,Write-in,,130,"0.91 "
308,2990,Special Purpose District,Sewer & Water,Northshore Utility District,Commissioner Position No. 5,20870,54276,"38.45 ",1,Suzanne Greathouse,,14098,"99.09 "
206,2060,School,School,Seattle School District No. 1,Director District No. 2,221040,481368,"45.92 ",2,Lisa Rivera Smith,,139128,"71.22 "
206,2060,School,School,Seattle School District No. 1,Director District No. 2,221040,481368,"45.92 ",12,Write-in,,527,"0.27 "
206,2060,School,School,Seattle School District No. 1,Director District No. 2,221040,481368,"45.92 ",1,Christina Posten,,55695,"28.51 "
161,1610,City,City/Town,Town of Yarrow Point,Council Position No. 2,300,902,"33.26 ",12,Write-in,,2,"0.72 "
161,1610,City,City/Town,Town of Yarrow Point,Council Position No. 2,300,902,"33.26 ",1,Steve Bush,,250,"89.93 "
161,1610,City,City/Town,Town of Yarrow Point,Council Position No. 2,300,902,"33.26 ",2,Antoine Faisandier,,26,"9.35 "
281,2890,Special Purpose District,Sewer & Water,King County Water District No. 123,Commissioner Position No. 1,49,154,"31.82 ",1,Eric Overholt,,34,"100.00 "
281,2890,Special Purpose District,Sewer & Water,King County Water District No. 123,Commissioner Position No. 1,49,154,"31.82 ",11,Write-in,,0,"0.00 "
11,110,Port of Seattle,Port,Port of Seattle,Commissioner Position No. 5,516012,1380914,"37.37 ",12,Write-in,,1553,"0.34 "
11,110,Port of Seattle,Port,Port of Seattle,Commissioner Position No. 5,516012,1380914,"37.37 ",2,Jesse Tam,,121822,"26.51 "
11,110,Port of Seattle,Port,Port of Seattle,Commissioner Position No. 5,516012,1380914,"37.37 ",1,Fred Felleman,,336158,"73.15 "
194,1940,School,School,Mercer Island School District No. 400,Director Position No. 1,8265,18611,"44.41 ",12,Write-in,,17,"0.22 "
194,1940,School,School,Mercer Island School District No. 400,Director Position No. 1,8265,18611,"44.41 ",2,Cristina Martinez,,3910,"50.39 "
194,1940,School,School,Mercer Island School District No. 400,Director Position No. 1,8265,18611,"44.41 ",1,Ananta Gudipaty,,3832,"49.39 "
100,1000,City,City/Town,City of Normandy Park,Council Position No. 1,2308,5180,"44.56 ",11,Write-in,,14,"0.87 "
100,1000,City,City/Town,City of Normandy Park,Council Position No. 1,2308,5180,"44.56 ",1,Sheri Healey,,1596,"99.13 "
228,2300,Special Purpose District,Fire,Enumclaw Fire Department,Commissioner Position No. 1,6201,14653,"42.32 ",1,Jenny Jones,,3838,"98.92 "
228,2300,Special Purpose District,Fire,Enumclaw Fire Department,Commissioner Position No. 1,6201,14653,"42.32 ",11,Write-in,,42,"1.08 "
163,1630,School,School,Auburn School District No. 408,Director District No. 1,11603,48059,"24.14 ",11,Write-in,,274,"3.48 "
163,1630,School,School,Auburn School District No. 408,Director District No. 1,11603,48059,"24.14 ",1,Sheilia McLaughlin,,7594,"96.52 "
76,760,City,City/Town,City of Lake Forest Park,Mayor,4954,10352,"47.86 ",1,Tom French,,3161,"64.96 "
76,760,City,City/Town,City of Lake Forest Park,Mayor,4954,10352,"47.86 ",2,Jeff R. Johnson,,1701,"34.96 "
76,760,City,City/Town,City of Lake Forest Park,Mayor,4954,10352,"47.86 ",12,Write-in,,4,"0.08 "
272,2680,Special Purpose District,Fire,Valley Regional Fire Authority,Proposition No. 1,11048,44165,"25.02 ",10,Yes,,6585,"60.92 "
272,2680,Special Purpose District,Fire,Valley Regional Fire Authority,Proposition No. 1,11048,44165,"25.02 ",20,No,,4225,"39.08 "
273,2740,Special Purpose District,Sewer & Water,Coal Creek Utility District,Commissioner Position No. 1,3493,9392,"37.19 ",11,Write-in,,33,"1.42 "
273,2740,Special Purpose District,Sewer & Water,Coal Creek Utility District,Commissioner Position No. 1,3493,9392,"37.19 ",1,Pamela A. Martin,,2291,"98.58 "
134,1340,City,City/Town,City of Seattle Council District No. 3,Council District No. 3,34584,73945,"46.77 ",1,Joy Hollingsworth,,17805,"52.94 "
134,1340,City,City/Town,City of Seattle Council District No. 3,Council District No. 3,34584,73945,"46.77 ",12,Write-in,,119,"0.35 "
134,1340,City,City/Town,City of Seattle Council District No. 3,Council District No. 3,34584,73945,"46.77 ",2,Alex Hudson,,15709,"46.71 "
38,380,City,City/Town,City of Carnation,Council Position No. 4,740,1552,"47.68 ",2,Max Voelker,,301,"41.86 "
38,380,City,City/Town,City of Carnation,Council Position No. 4,740,1552,"47.68 ",1,Ryan Burrell,,418,"58.14 "
38,380,City,City/Town,City of Carnation,Council Position No. 4,740,1552,"47.68 ",12,Write-in,,0,"0.00 "
170,1700,School,School,Enumclaw School District No. 216,Director District No. 1,8841,21521,"41.08 ",2,Jimmy Stewart,,2810,"35.01 "
170,1700,School,School,Enumclaw School District No. 216,Director District No. 1,8841,21521,"41.08 ",1,Scott Mason,,5191,"64.68 "
170,1700,School,School,Enumclaw School District No. 216,Director District No. 1,8841,21521,"41.08 ",12,Write-in,,25,"0.31 "
224,2240,School,School,Vashon Island School District No. 402,Director Position No. 1,4800,9232,"51.99 ",1,Lucia Armenta,,3207,"98.92 "
224,2240,School,School,Vashon Island School District No. 402,Director Position No. 1,4800,9232,"51.99 ",11,Write-in,,35,"1.08 "
298,3010,Special Purpose District,Sewer & Water,Sammamish Plateau Water and Sewer District,Commissioner Position No. 4,13394,38556,"34.74 ",1,Lloyd Warren,,9573,"99.36 "
298,3010,Special Purpose District,Sewer & Water,Sammamish Plateau Water and Sewer District,Commissioner Position No. 4,13394,38556,"34.74 ",11,Write-in,,62,"0.64 "
327,3270,Special Purpose District,Park and Recreation,Vashon-Maury Island Park & Recreation District,Commissioner Position No. 1,4800,9232,"51.99 ",1,Joshua Henderson,,2920,"99.35 "
327,3270,Special Purpose District,Park and Recreation,Vashon-Maury Island Park & Recreation District,Commissioner Position No. 1,4800,9232,"51.99 ",11,Write-in,,19,"0.65 "
256,2580,Special Purpose District,Fire,Mountain View Fire and Rescue,Commissioner Position No. 1,4375,13848,"31.59 ",2,Dan Bjurstrom,,1450,"40.02 "
256,2580,Special Purpose District,Fire,Mountain View Fire and Rescue,Commissioner Position No. 1,4375,13848,"31.59 ",12,Write-in,,16,"0.44 "
256,2580,Special Purpose District,Fire,Mountain View Fire and Rescue,Commissioner Position No. 1,4375,13848,"31.59 ",1,Dennis Young,,2157,"59.54 "
67,670,City,City/Town,City of Kenmore,Council Position No. 7,6289,15656,"40.17 ",1,Corina Pfeil,,2918,"47.69 "
67,670,City,City/Town,City of Kenmore,Council Position No. 7,6289,15656,"40.17 ",2,Nathan Loutsis,,3167,"51.76 "
67,670,City,City/Town,City of Kenmore,Council Position No. 7,6289,15656,"40.17 ",12,Write-in,,34,"0.56 "
74,740,City,City/Town,City of Kirkland,Council Position No. 6,22151,56967,"38.88 ",2,"""Ryan James"" Turok",,5650,"28.40 "
74,740,City,City/Town,City of Kirkland,Council Position No. 6,22151,56967,"38.88 ",1,Amy Falcone,,14192,"71.33 "
74,740,City,City/Town,City of Kirkland,Council Position No. 6,22151,56967,"38.88 ",12,Write-in,,53,"0.27 "
50,500,City,City/Town,City of Duvall,Council Position No. 2,2123,5373,"39.51 ",1,Rick Shaffer,,1470,"98.86 "
50,500,City,City/Town,City of Duvall,Council Position No. 2,2123,5373,"39.51 ",11,Write-in,,17,"1.14 "
318,3180,Special Purpose District,Airport,King County Airport District,Commissioner Position No. 1,4800,9232,"51.99 ",11,Write-in,,27,"1.00 "
318,3180,Special Purpose District,Airport,King County Airport District,Commissioner Position No. 1,4800,9232,"51.99 ",1,Kaye Pierson,,2661,"99.00 "
10,100,Port of Seattle,Port,Port of Seattle,Commissioner Position No. 2,516012,1380914,"37.37 ",11,Write-in,,4279,"1.20 "
10,100,Port of Seattle,Port,Port of Seattle,Commissioner Position No. 2,516012,1380914,"37.37 ",1,Sam Cho,,351407,"98.80 "
106,1060,City,City/Town,City of North Bend,Council Position No. 3,3150,5785,"54.45 ",1,Heather Koellen,,2087,"98.35 "
106,1060,City,City/Town,City of North Bend,Council Position No. 3,3150,5785,"54.45 ",11,Write-in,,35,"1.65 "
98,980,City,City/Town,City of Newcastle,Council Position No. 3,3186,8186,"38.92 ",1,Allison Sweeney,,1556,"49.74 "
98,980,City,City/Town,City of Newcastle,Council Position No. 3,3186,8186,"38.92 ",2,Tom Griffin,,1570,"50.19 "
98,980,City,City/Town,City of Newcastle,Council Position No. 3,3186,8186,"38.92 ",12,Write-in,,2,"0.06 "
110,1100,City,City/Town,City of Pacific,Council Position No. 1,907,3483,"26.04 ",1,Katherine Garberding,,466,"53.87 "
110,1100,City,City/Town,City of Pacific,Council Position No. 1,907,3483,"26.04 ",2,Jeremy Scrivner,,398,"46.01 "
110,1100,City,City/Town,City of Pacific,Council Position No. 1,907,3483,"26.04 ",12,Write-in,,1,"0.12 "
144,1440,City,City/Town,City of Snoqualmie,Council Position No. 5,2758,8398,"32.84 ",12,Write-in,,0,"0.00 "
144,1440,City,City/Town,City of Snoqualmie,Council Position No. 5,2758,8398,"32.84 ",1,Catherine (Cat) Cotton,,1360,"50.73 "
144,1440,City,City/Town,City of Snoqualmie,Council Position No. 5,2758,8398,"32.84 ",2,Mandeep Kaur Walia,,1321,"49.27 "
87,870,City,City/Town,City of Medina,Council Position No. 6,661,2215,"29.84 ",11,Write-in,,21,"4.74 "
87,870,City,City/Town,City of Medina,Council Position No. 6,661,2215,"29.84 ",1,Joseph Brazen,,422,"95.26 "
255,2570,Special Purpose District,Fire,King County Fire Protection District No. 50,Commissioner Position No. 3,118,358,"32.96 ",1,Melissa Senner,,81,"97.59 "
255,2570,Special Purpose District,Fire,King County Fire Protection District No. 50,Commissioner Position No. 3,118,358,"32.96 ",11,Write-in,,2,"2.41 "
92,920,City,City/Town,City of Milton,Council Position No. 4,374,1089,"34.34 ",1,Tim Ceder,,267,"99.26 "
92,920,City,City/Town,City of Milton,Council Position No. 4,374,1089,"34.34 ",11,Write-in,,2,"0.74 "
37,370,City,City/Town,City of Carnation,Council Position No. 3,740,1552,"47.68 ",12,Write-in,,1,"0.14 "
37,370,City,City/Town,City of Carnation,Council Position No. 3,740,1552,"47.68 ",1,Tim Harris,,354,"48.83 "
37,370,City,City/Town,City of Carnation,Council Position No. 3,740,1552,"47.68 ",2,Brodie Nelson,,370,"51.03 "
277,2790,Special Purpose District,Sewer & Water,Highline Water District,Commissioner Position No. 1,12573,42160,"29.82 ",2,Brian Steenrod,,3968,"35.48 "
277,2790,Special Purpose District,Sewer & Water,Highline Water District,Commissioner Position No. 1,12573,42160,"29.82 ",1,Todd Fultz,,7164,"64.06 "
277,2790,Special Purpose District,Sewer & Water,Highline Water District,Commissioner Position No. 1,12573,42160,"29.82 ",12,Write-in,,51,"0.46 "
43,430,City,City/Town,City of Covington,Council Position No. 1,3806,13609,"27.97 ",1,Kristina Soltys,,2542,"98.15 "
43,430,City,City/Town,City of Covington,Council Position No. 1,3806,13609,"27.97 ",11,Write-in,,48,"1.85 "
120,1200,City,City/Town,City of Renton,Council Position No. 4,15527,59077,"26.28 ",1,Ryan McIrvin,,9887,"66.11 "
120,1200,City,City/Town,City of Renton,Council Position No. 4,15527,59077,"26.28 ",12,Write-in,,28,"0.19 "
120,1200,City,City/Town,City of Renton,Council Position No. 4,15527,59077,"26.28 ",2,Sanjeev Yonzon,,5041,"33.71 "
126,1260,City,City/Town,City of Sammamish,Council Position No. 6,13919,39002,"35.69 ",1,Pam Stuart,,8044,"58.63 "
126,1260,City,City/Town,City of Sammamish,Council Position No. 6,13919,39002,"35.69 ",12,Write-in,,13,"0.09 "
126,1260,City,City/Town,City of Sammamish,Council Position No. 6,13919,39002,"35.69 ",2,Josh Amato,,5663,"41.28 "
216,2160,School,School,Snoqualmie Valley School District No. 410,Director District No. 3,11907,29090,"40.93 ",11,Write-in,,105,"1.36 "
216,2160,School,School,Snoqualmie Valley School District No. 410,Director District No. 3,11907,29090,"40.93 ",1,Rene Price,,7593,"98.64 "
28,280,City,City/Town,City of Black Diamond,Council Position No. 6,1768,4731,"37.37 ",12,Write-in,,24,"1.51 "
28,280,City,City/Town,City of Black Diamond,Council Position No. 6,1768,4731,"37.37 ",1,Pravat Sripranaratanakul,,598,"37.54 "
28,280,City,City/Town,City of Black Diamond,Council Position No. 6,1768,4731,"37.37 ",2,Nathan Jones,,971,"60.95 "
204,2040,School,School,Riverview School District No. 407,Director District No. 4,6150,15846,"38.81 ",11,Write-in,,73,"1.76 "
204,2040,School,School,Riverview School District No. 407,Director District No. 4,6150,15846,"38.81 ",1,Danny L. Edwards,,4076,"98.24 "
85,850,City,City/Town,City of Medina,Council Position No. 2,661,2215,"29.84 ",11,Write-in,,3,"0.63 "
85,850,City,City/Town,City of Medina,Council Position No. 2,661,2215,"29.84 ",1,Harini Gokul,,473,"99.37 "
322,3220,Special Purpose District,Park and Recreation,Des Moines Pool Metropolitan Park District,Commissioner Position No. 5,6006,19228,"31.24 ",12,Write-in,,14,"0.25 "
322,3220,Special Purpose District,Park and Recreation,Des Moines Pool Metropolitan Park District,Commissioner Position No. 5,6006,19228,"31.24 ",2,Gene Achziger,,3559,"64.60 "
322,3220,Special Purpose District,Park and Recreation,Des Moines Pool Metropolitan Park District,Commissioner Position No. 5,6006,19228,"31.24 ",1,Tad Doviak,,1936,"35.14 "
215,2150,School,School,Snoqualmie Valley School District No. 410,Director District No. 2,11907,29090,"40.93 ",2,Judith Milstein,,5416,"51.87 "
215,2150,School,School,Snoqualmie Valley School District No. 410,Director District No. 2,11907,29090,"40.93 ",12,Write-in,,35,"0.34 "
215,2150,School,School,Snoqualmie Valley School District No. 410,Director District No. 2,11907,29090,"40.93 ",1,Linda Grez,,4991,"47.80 "
230,2330,Special Purpose District,Fire,King County Fire Protection District No. 10,Commissioner Position No. 1,5202,16271,"31.97 ",11,Write-in,,60,"1.78 "
230,2330,Special Purpose District,Fire,King County Fire Protection District No. 10,Commissioner Position No. 1,5202,16271,"31.97 ",1,Gloria Hatcher-Mays,,3309,"98.22 "
155,1550,City,City/Town,Town of Beaux Arts Village,Council Position No. 4,104,262,"39.69 ",1,Paula Dix,,92,"97.87 "
155,1550,City,City/Town,Town of Beaux Arts Village,Council Position No. 4,104,262,"39.69 ",11,Write-in,,2,"2.13 "
328,3280,Special Purpose District,Park and Recreation,Vashon-Maury Island Park & Recreation District,Commissioner Position No. 3,4800,9232,"51.99 ",2,Bob McMahon,,2823,"69.58 "
328,3280,Special Purpose District,Park and Recreation,Vashon-Maury Island Park & Recreation District,Commissioner Position No. 3,4800,9232,"51.99 ",1,Mike Spranger,,1227,"30.24 "
328,3280,Special Purpose District,Park and Recreation,Vashon-Maury Island Park & Recreation District,Commissioner Position No. 3,4800,9232,"51.99 ",12,Write-in,,7,"0.17 "
263,2700,Special Purpose District,Fire,Vashon Island Fire and Rescue,Commissioner Position No. 4,4800,9232,"51.99 ",2,Adam Knez,,341,"8.13 "
263,2700,Special Purpose District,Fire,Vashon Island Fire and Rescue,Commissioner Position No. 4,4800,9232,"51.99 ",12,Write-in,,9,"0.21 "
263,2700,Special Purpose District,Fire,Vashon Island Fire and Rescue,Commissioner Position No. 4,4800,9232,"51.99 ",1,Candy McCullough,,3845,"91.66 "
173,1730,School,School,Enumclaw School District No. 216,Proposition No. 1,8841,21521,"41.08 ",10,Yes,,3080,"35.46 "
173,1730,School,School,Enumclaw School District No. 216,Proposition No. 1,8841,21521,"41.08 ",20,No,,5607,"64.54 "
299,3050,Special Purpose District,Sewer & Water,Southwest Suburban Sewer District,Commissioner Position No. 1,15843,41231,"38.42 ",1,Scott Hilsen,,10669,"98.98 "
299,3050,Special Purpose District,Sewer & Water,Southwest Suburban Sewer District,Commissioner Position No. 1,15843,41231,"38.42 ",11,Write-in,,110,"1.02 "
114,1140,City,City/Town,City of Redmond,Council Position No. 1,11498,33934,"33.88 ",2,Nate Niederhausern,,3264,"29.29 "
114,1140,City,City/Town,City of Redmond,Council Position No. 1,11498,33934,"33.88 ",1,Osman Salahuddin,,7841,"70.37 "
114,1140,City,City/Town,City of Redmond,Council Position No. 1,11498,33934,"33.88 ",12,Write-in,,38,"0.34 "
9,90,"Court of Appeals, Division No. 1, District No. 1",Judicial,"Court of Appeals, Division 1, District 1",Judge Position No. 4,516012,1380914,"37.37 ",1,Leonard Feldman,,332578,"98.63 "
9,90,"Court of Appeals, Division No. 1, District No. 1",Judicial,"Court of Appeals, Division 1, District 1",Judge Position No. 4,516012,1380914,"37.37 ",11,Write-in,,4613,"1.37 "
70,700,City,City/Town,City of Kent,Council Position No. 5,17182,70483,"24.38 ",11,Write-in,,449,"3.48 "
70,700,City,City/Town,City of Kent,Council Position No. 5,17182,70483,"24.38 ",1,Bill Boyce,,12458,"96.52 "
225,2250,School,School,Vashon Island School District No. 402,Director Position No. 2,4800,9232,"51.99 ",2,Kaycie Alanis,,2932,"81.72 "
225,2250,School,School,Vashon Island School District No. 402,Director Position No. 2,4800,9232,"51.99 ",1,Holly Gilman,,555,"15.47 "
225,2250,School,School,Vashon Island School District No. 402,Director Position No. 2,4800,9232,"51.99 ",12,Write-in,,101,"2.81 "
133,1330,City,City/Town,City of Seattle Council District No. 2,Council District No. 2,26479,65990,"40.13 ",2,Tanya Woo,,12720,"49.10 "
133,1330,City,City/Town,City of Seattle Council District No. 2,Council District No. 2,26479,65990,"40.13 ",1,Tammy J. Morales,,13123,"50.65 "
133,1330,City,City/Town,City of Seattle Council District No. 2,Council District No. 2,26479,65990,"40.13 ",12,Write-in,,64,"0.25 "
246,2480,Special Purpose District,Fire,King County Fire Protection District No. 38,Commissioner Position No. 1,3550,7922,"44.81 ",1,John K. Murphy,,2196,"99.32 "
246,2480,Special Purpose District,Fire,King County Fire Protection District No. 38,Commissioner Position No. 1,3550,7922,"44.81 ",11,Write-in,,15,"0.68 "
34,340,City,City/Town,City of Burien,Council Position No. 4,10897,29469,"36.98 ",2,Patricia Hudson,,4375,"41.04 "
34,340,City,City/Town,City of Burien,Council Position No. 4,10897,29469,"36.98 ",1,Kevin J. Schilling,,6249,"58.62 "
34,340,City,City/Town,City of Burien,Council Position No. 4,10897,29469,"36.98 ",12,Write-in,,36,"0.34 "
270,2280,Special Purpose District,Fire,East Pierce Fire & Rescue,Commissioner Position No. 4,374,1089,"34.34 ",1,Edward M. Egan,,261,"99.62 "
270,2280,Special Purpose District,Fire,East Pierce Fire & Rescue,Commissioner Position No. 4,374,1089,"34.34 ",11,Write-in,,1,"0.38 "
195,1950,School,School,Mercer Island School District No. 400,Director Position No. 3,8265,18611,"44.41 ",1,Maggie Tai Tucker,,5639,"98.53 "
195,1950,School,School,Mercer Island School District No. 400,Director Position No. 3,8265,18611,"44.41 ",11,Write-in,,84,"1.47 "
181,1810,School,School,Highline School District No. 401,Director District No. 4,25372,76529,"33.15 ",1,Melissa Petrini,,12047,"50.84 "
181,1810,School,School,Highline School District No. 401,Director District No. 4,25372,76529,"33.15 ",12,Write-in,,83,"0.35 "
181,1810,School,School,Highline School District No. 401,Director District No. 4,25372,76529,"33.15 ",2,Carlos M. Ruiz,,11568,"48.81 "
157,1570,City,City/Town,Town of Hunts Point,Council Position No. 4,123,321,"38.32 ",11,Write-in,,5,"5.21 "
157,1570,City,City/Town,Town of Hunts Point,Council Position No. 4,123,321,"38.32 ",1,Patrick Finnelly,,91,"94.79 "
312,3120,Special Purpose District,Public Hospital,Public Hospital District No. 2,Commissioner District No. 3,71398,193032,"36.99 ",1,Norman Seabrooks,,48056,"99.00 "
312,3120,Special Purpose District,Public Hospital,Public Hospital District No. 2,Commissioner District No. 3,71398,193032,"36.99 ",11,Write-in,,483,"1.00 "
227,2270,School,School,Vashon Island School District No. 402,Director Position No. 5,4800,9232,"51.99 ",2,Juniper Rogneby,,2854,"62.74 "
227,2270,School,School,Vashon Island School District No. 402,Director Position No. 5,4800,9232,"51.99 ",12,Write-in,,12,"0.26 "
227,2270,School,School,Vashon Island School District No. 402,Director Position No. 5,4800,9232,"51.99 ",1,Jake Jacobovitch,,1683,"37.00 "
8,80,"Court of Appeals, Division No. 1, District No. 1",Judicial,"Court of Appeals, Division 1, District 1",Judge Position No. 3,516012,1380914,"37.37 ",1,"J. Michael (""Mike"") Diaz",,334894,"98.61 "
8,80,"Court of Appeals, Division No. 1, District No. 1",Judicial,"Court of Appeals, Division 1, District 1",Judge Position No. 3,516012,1380914,"37.37 ",11,Write-in,,4721,"1.39 "
213,2130,School,School,Skykomish School District No. 404,Director Position No. 4,118,358,"32.96 ",1,Jimmy Sarno,,88,"97.78 "
213,2130,School,School,Skykomish School District No. 404,Director Position No. 4,118,358,"32.96 ",11,Write-in,,2,"2.22 "
265,2720,Special Purpose District,Fire,Woodinville Fire & Rescue,Commissioner Position No. 1,9835,26053,"37.75 ",1,Derek van Veen,,6211,"98.01 "
265,2720,Special Purpose District,Fire,Woodinville Fire & Rescue,Commissioner Position No. 1,9835,26053,"37.75 ",11,Write-in,,126,"1.99 "
121,1210,City,City/Town,City of Renton,Council Position No. 5,15527,59077,"26.28 ",12,Write-in,,55,"0.37 "
121,1210,City,City/Town,City of Renton,Council Position No. 5,15527,59077,"26.28 ",2,Marvin Rosete,,6091,"41.14 "
121,1210,City,City/Town,City of Renton,Council Position No. 5,15527,59077,"26.28 ",1,Ed Prince,,8659,"58.49 "
187,1870,School,School,Kent School District No. 415,Director District No. 2,28781,102928,"27.96 ",12,Write-in,,106,"0.41 "
187,1870,School,School,Kent School District No. 415,Director District No. 2,28781,102928,"27.96 ",1,Andy Carter,,10640,"41.31 "
187,1870,School,School,Kent School District No. 415,Director District No. 2,28781,102928,"27.96 ",2,Meghin Margel,,15010,"58.28 "
33,330,City,City/Town,City of Burien,Council Position No. 2,10897,29469,"36.98 ",1,Linda Akey,,6077,"57.60 "
33,330,City,City/Town,City of Burien,Council Position No. 2,10897,29469,"36.98 ",2,Cydney Moore,,4426,"41.95 "
33,330,City,City/Town,City of Burien,Council Position No. 2,10897,29469,"36.98 ",12,Write-in,,48,"0.45 "
252,2540,Special Purpose District,Fire,King County Fire Protection District No. 45,Commissioner Position No. 1,3801,9879,"38.48 ",12,Write-in,,7,"0.21 "
252,2540,Special Purpose District,Fire,King County Fire Protection District No. 45,Commissioner Position No. 1,3801,9879,"38.48 ",2,Brian Robertson,,1540,"45.21 "
252,2540,Special Purpose District,Fire,King County Fire Protection District No. 45,Commissioner Position No. 1,3801,9879,"38.48 ",1,Michel Beard,,1859,"54.58 "
188,1880,School,School,Kent School District No. 415,Director District No. 3,28781,102928,"27.96 ",1,Leslie Kae Hamada,,12529,"49.33 "
188,1880,School,School,Kent School District No. 415,Director District No. 3,28781,102928,"27.96 ",2,Donald Cook,,12709,"50.04 "
188,1880,School,School,Kent School District No. 415,Director District No. 3,28781,102928,"27.96 ",12,Write-in,,161,"0.63 "
2,20,County,County,King County,Director of Elections,516012,1380914,"37.37 ",2,Doug Basler,,75447,"15.87 "
2,20,County,County,King County,Director of Elections,516012,1380914,"37.37 ",1,Julie Wise,,399050,"83.93 "
2,20,County,County,King County,Director of Elections,516012,1380914,"37.37 ",12,Write-in,,933,"0.20 "
69,690,City,City/Town,City of Kent,Council Position No. 3,17182,70483,"24.38 ",12,Write-in,,70,"0.44 "
69,690,City,City/Town,City of Kent,Council Position No. 3,17182,70483,"24.38 ",2,Kelly Wiggans-Crawford,,6504,"41.04 "
69,690,City,City/Town,City of Kent,Council Position No. 3,17182,70483,"24.38 ",1,John Boyd,,9274,"58.52 "
24,240,City,City/Town,City of Black Diamond,Council Position No. 1,1768,4731,"37.37 ",1,Tamie L. Boxx-Deady,,1141,"96.61 "
24,240,City,City/Town,City of Black Diamond,Council Position No. 1,1768,4731,"37.37 ",11,Write-in,,40,"3.39 "
152,1520,City,City/Town,City of Woodinville,Council Position No. 6,3236,8639,"37.46 ",2,Al Taylor,,1547,"50.24 "
152,1520,City,City/Town,City of Woodinville,Council Position No. 6,3236,8639,"37.46 ",1,Lawrence Fudge,,1529,"49.66 "
152,1520,City,City/Town,City of Woodinville,Council Position No. 6,3236,8639,"37.46 ",12,Write-in,,3,"0.10 "
307,2980,Special Purpose District,Sewer & Water,Northshore Utility District,Commissioner Position No. 4,20870,54276,"38.45 ",1,Bruce Gardiner,,11945,"66.30 "
307,2980,Special Purpose District,Sewer & Water,Northshore Utility District,Commissioner Position No. 4,20870,54276,"38.45 ",2,Steve Hamilton,,6007,"33.34 "
307,2980,Special Purpose District,Sewer & Water,Northshore Utility District,Commissioner Position No. 4,20870,54276,"38.45 ",12,Write-in,,64,"0.36 "
145,1450,City,City/Town,City of Snoqualmie,Council Position No. 6,2758,8398,"32.84 ",11,Write-in,,23,"1.13 "
145,1450,City,City/Town,City of Snoqualmie,Council Position No. 6,2758,8398,"32.84 ",1,Cara Christensen,,2019,"98.87 "
242,2440,Special Purpose District,Fire,King County Fire Protection District No. 31,Commissioner Position No. 2,15,83,"18.07 ",1,Matthew Patten,,11,"100.00 "
242,2440,Special Purpose District,Fire,King County Fire Protection District No. 31,Commissioner Position No. 2,15,83,"18.07 ",11,Write-in,,0,"0.00 "
138,1380,City,City/Town,City of Seattle Council District No. 7,Council District No. 7,24178,58884,"41.06 ",2,Bob Kettle,,11951,"50.78 "
138,1380,City,City/Town,City of Seattle Council District No. 7,Council District No. 7,24178,58884,"41.06 ",12,Write-in,,74,"0.31 "
138,1380,City,City/Town,City of Seattle Council District No. 7,Council District No. 7,24178,58884,"41.06 ",1,Andrew J. Lewis,,11512,"48.91 "
222,2220,School,School,Tukwila School District No. 406,Director District No. 4,2663,10251,"25.98 ",1,Terrence Proctor,,1930,"98.82 "
222,2220,School,School,Tukwila School District No. 406,Director District No. 4,2663,10251,"25.98 ",11,Write-in,,23,"1.18 "
57,570,City,City/Town,City of Federal Way,Council Position No. 1,13153,51190,"25.69 ",2,Mark Greene,,4393,"34.87 "
57,570,City,City/Town,City of Federal Way,Council Position No. 1,13153,51190,"25.69 ",12,Write-in,,92,"0.73 "
57,570,City,City/Town,City of Federal Way,Council Position No. 1,13153,51190,"25.69 ",1,Lydia Assefa-Dawson,,8115,"64.40 "
148,1480,City,City/Town,City of Tukwila,Council Position No. 4,2940,11101,"26.48 ",2,Melissa McMahon Do,,1278,"45.79 "
148,1480,City,City/Town,City of Tukwila,Council Position No. 4,2940,11101,"26.48 ",1,Dennis Martinez,,1497,"53.64 "
148,1480,City,City/Town,City of Tukwila,Council Position No. 4,2940,11101,"26.48 ",12,Write-in,,16,"0.57 "
18,180,City,City/Town,City of Auburn,Council Position No. 5,9663,38934,"24.82 ",2,Robyn Mulenga,,4059,"44.28 "
18,180,City,City/Town,City of Auburn,Council Position No. 5,9663,38934,"24.82 ",1,Clinton Taylor,,5072,"55.33 "
18,180,City,City/Town,City of Auburn,Council Position No. 5,9663,38934,"24.82 ",12,Write-in,,36,"0.39 "
27,270,City,City/Town,City of Black Diamond,Council Position No. 5,1768,4731,"37.37 ",11,Write-in,,64,"5.59 "
27,270,City,City/Town,City of Black Diamond,Council Position No. 5,1768,4731,"37.37 ",1,Kristiana de Leon,,1081,"94.41 "
31,310,City,City/Town,City of Bothell,Council Position No. 4,6467,17572,"36.80 ",1,Carston Curd,,3810,"60.51 "
31,310,City,City/Town,City of Bothell,Council Position No. 4,6467,17572,"36.80 ",2,Mark Swanson,,2468,"39.19 "
31,310,City,City/Town,City of Bothell,Council Position No. 4,6467,17572,"36.80 ",12,Write-in,,19,"0.30 "
321,3210,Special Purpose District,Cemetery,King County Cemetery District No. 1,Commissioner Position No. 1,4800,9232,"51.99 ",2,Deborah D. Brown,,1087,"27.70 "
321,3210,Special Purpose District,Cemetery,King County Cemetery District No. 1,Commissioner Position No. 1,4800,9232,"51.99 ",12,Write-in,,3,"0.08 "
321,3210,Special Purpose District,Cemetery,King County Cemetery District No. 1,Commissioner Position No. 1,4800,9232,"51.99 ",1,Catherine L. Sullivan,,2834,"72.22 "
184,1840,School,School,Issaquah School District No. 411,Director District No. 3,23940,73572,"32.54 ",11,Write-in,,225,"1.32 "
184,1840,School,School,Issaquah School District No. 411,Director District No. 3,23940,73572,"32.54 ",1,Harlan Gallinger,,16858,"98.68 "
153,1530,City,City/Town,Town of Beaux Arts Village,Council Position No. 1,104,262,"39.69 ",1,Stacy Saal,,91,"100.00 "
153,1530,City,City/Town,Town of Beaux Arts Village,Council Position No. 1,104,262,"39.69 ",11,Write-in,,0,"0.00 "
201,2010,School,School,Renton School District No. 403,Director District No. 4,20316,74450,"27.29 ",11,Write-in,,170,"1.13 "
201,2010,School,School,Renton School District No. 403,Director District No. 4,20316,74450,"27.29 ",1,Justin Booker,,14871,"98.87 "
223,2230,School,School,Tukwila School District No. 406,Director District No. 5,2663,10251,"25.98 ",1,Dave Larson,,1913,"98.86 "
223,2230,School,School,Tukwila School District No. 406,Director District No. 5,2663,10251,"25.98 ",11,Write-in,,22,"1.14 "
244,2460,Special Purpose District,Fire,King County Fire Protection District No. 37,Commissioner Position No. 1,5400,18031,"29.95 ",11,Write-in,,51,"1.50 "
244,2460,Special Purpose District,Fire,King County Fire Protection District No. 37,Commissioner Position No. 1,5400,18031,"29.95 ",1,Joy Thomas Ratigan,,3359,"98.50 "
218,2180,School,School,Tahoma School District No. 409,Director District No. 2,10627,29483,"36.04 ",1,Michael Wiggins,,6301,"96.64 "
218,2180,School,School,Tahoma School District No. 409,Director District No. 2,10627,29483,"36.04 ",11,Write-in,,219,"3.36 "
103,1030,City,City/Town,City of Normandy Park,Council Position No. 7,2308,5180,"44.56 ",11,Write-in,,33,"2.02 "
103,1030,City,City/Town,City of Normandy Park,Council Position No. 7,2308,5180,"44.56 ",1,Sue-Ann Hohimer,,1604,"97.98 "
247,2490,Special Purpose District,Fire,King County Fire Protection District No. 40,Commissioner Position No. 1,4766,13915,"34.25 ",1,Jeff Wyborny,,976,"23.72 "
247,2490,Special Purpose District,Fire,King County Fire Protection District No. 40,Commissioner Position No. 1,4766,13915,"34.25 ",2,Linda Sartnurak,,3129,"76.04 "
247,2490,Special Purpose District,Fire,King County Fire Protection District No. 40,Commissioner Position No. 1,4766,13915,"34.25 ",12,Write-in,,10,"0.24 "
44,440,City,City/Town,City of Covington,Council Position No. 3,3806,13609,"27.97 ",1,Debby Hartsock,,2553,"98.50 "
44,440,City,City/Town,City of Covington,Council Position No. 3,3806,13609,"27.97 ",11,Write-in,,39,"1.50 "
149,1490,City,City/Town,City of Tukwila,Council Position No. 6,2940,11101,"26.48 ",11,Write-in,,27,"1.24 "
149,1490,City,City/Town,City of Tukwila,Council Position No. 6,2940,11101,"26.48 ",1,Jovita McConnell,,2157,"98.76 "
159,1590,City,City/Town,Town of Skykomish,Council Position No. 3,47,120,"39.17 ",1,Matt Carroll,,33,"94.29 "
159,1590,City,City/Town,Town of Skykomish,Council Position No. 3,47,120,"39.17 ",11,Write-in,,2,"5.71 "
278,2860,Special Purpose District,Sewer & Water,King County Water District No. 117,Commissioner Position No. 1,33,78,"42.31 ",11,Write-in,,0,"0.00 "
278,2860,Special Purpose District,Sewer & Water,King County Water District No. 117,Commissioner Position No. 1,33,78,"42.31 ",1,James Hanley,,28,"100.00 "
177,1770,School,School,Fife School District No. 417,Director District No. 1,1027,3358,"30.58 ",11,Write-in,,23,"3.36 "
177,1770,School,School,Fife School District No. 417,Director District No. 1,1027,3358,"30.58 ",1,Iesha Ki' Kidd,,662,"96.64 "
30,300,City,City/Town,City of Bothell,Council Position No. 2,6467,17572,"36.80 ",12,Write-in,,22,"0.35 "
30,300,City,City/Town,City of Bothell,Council Position No. 2,6467,17572,"36.80 ",1,Mason Thompson,,3792,"60.72 "
30,300,City,City/Town,City of Bothell,Council Position No. 2,6467,17572,"36.80 ",2,James McNeal,,2431,"38.93 "
66,660,City,City/Town,City of Kenmore,Council Position No. 5,6289,15656,"40.17 ",2,David Baker,,3020,"49.31 "
66,660,City,City/Town,City of Kenmore,Council Position No. 5,6289,15656,"40.17 ",12,Write-in,,14,"0.23 "
66,660,City,City/Town,City of Kenmore,Council Position No. 5,6289,15656,"40.17 ",1,Jon Culver,,3090,"50.46 "
267,2630,Special Purpose District,Fire,Snoqualmie Pass Fire and Rescue,Commissioner Position No. 3,26,73,"35.62 ",1,Charity Catalfomo,,20,"95.24 "
267,2630,Special Purpose District,Fire,Snoqualmie Pass Fire and Rescue,Commissioner Position No. 3,26,73,"35.62 ",11,Write-in,,1,"4.76 "
39,390,City,City/Town,City of Carnation,Council Position No. 5,740,1552,"47.68 ",1,Dustin Green,,318,"43.80 "
39,390,City,City/Town,City of Carnation,Council Position No. 5,740,1552,"47.68 ",2,Jessica Merizan,,408,"56.20 "
39,390,City,City/Town,City of Carnation,Council Position No. 5,740,1552,"47.68 ",12,Write-in,,0,"0.00 "
276,2770,Special Purpose District,Sewer & Water,Fall City Water District,Commissioner Position No. 1,722,1832,"39.41 ",1,Dwight Miller,,457,"73.59 "
276,2770,Special Purpose District,Sewer & Water,Fall City Water District,Commissioner Position No. 1,722,1832,"39.41 ",2,Spencer J. Slominski,,159,"25.60 "
276,2770,Special Purpose District,Sewer & Water,Fall City Water District,Commissioner Position No. 1,722,1832,"39.41 ",12,Write-in,,5,"0.81 "
26,260,City,City/Town,City of Black Diamond,Council Position No. 3,1768,4731,"37.37 ",1,Therron Smith,,1150,"96.23 "
26,260,City,City/Town,City of Black Diamond,Council Position No. 3,1768,4731,"37.37 ",11,Write-in,,45,"3.77 "
317,3170,Special Purpose District,Public Hospital,Public Hospital District No. 5,Commissioner Position No. 2,4800,9232,"51.99 ",11,Write-in,,20,"0.62 "
317,3170,Special Purpose District,Public Hospital,Public Hospital District No. 5,Commissioner Position No. 2,4800,9232,"51.99 ",1,Sarah Day,,3224,"99.38 "
127,1270,City,City/Town,City of SeaTac,Council Position No. 1,4275,14884,"28.72 ",2,Amy Rotter,,1861,"45.38 "
127,1270,City,City/Town,City of SeaTac,Council Position No. 1,4275,14884,"28.72 ",12,Write-in,,12,"0.29 "
127,1270,City,City/Town,City of SeaTac,Council Position No. 1,4275,14884,"28.72 ",1,Senayet Negusse,,2228,"54.33 "
54,540,City,City/Town,City of Enumclaw,Council Position No. 2,3678,8920,"41.23 ",2,Kerry Flothe,,1603,"51.49 "
54,540,City,City/Town,City of Enumclaw,Council Position No. 2,3678,8920,"41.23 ",12,Write-in,,17,"0.55 "
54,540,City,City/Town,City of Enumclaw,Council Position No. 2,3678,8920,"41.23 ",1,Michael W. Merker,,1493,"47.96 "
143,1430,City,City/Town,City of Snoqualmie,Council Position No. 4,2758,8398,"32.84 ",1,Carson Maestas,,1114,"42.55 "
143,1430,City,City/Town,City of Snoqualmie,Council Position No. 4,2758,8398,"32.84 ",2,Louis Ray Washington Jr.,,1503,"57.41 "
143,1430,City,City/Town,City of Snoqualmie,Council Position No. 4,2758,8398,"32.84 ",12,Write-in,,1,"0.04 "
303,3030,Special Purpose District,Sewer & Water,Snoqualmie Pass Utility District,Commissioner Position No. 2,26,73,"35.62 ",1,Steve Hartpence,,22,"95.65 "
303,3030,Special Purpose District,Sewer & Water,Snoqualmie Pass Utility District,Commissioner Position No. 2,26,73,"35.62 ",11,Write-in,,1,"4.35 "
296,2940,Special Purpose District,Sewer & Water,Midway Sewer District,Commissioner Position No. 1,7125,24726,"28.82 ",1,Vince Koester,,5118,"99.11 "
296,2940,Special Purpose District,Sewer & Water,Midway Sewer District,Commissioner Position No. 1,7125,24726,"28.82 ",11,Write-in,,46,"0.89 "
113,1130,City,City/Town,City of Redmond,Mayor,11498,33934,"33.88 ",1,Angela Birney,,7732,"69.92 "
113,1130,City,City/Town,City of Redmond,Mayor,11498,33934,"33.88 ",12,Write-in,,82,"0.74 "
113,1130,City,City/Town,City of Redmond,Mayor,11498,33934,"33.88 ",2,Jeralee Anderson,,3245,"29.34 "
289,2910,Special Purpose District,Sewer & Water,Lake Forest Park Water District,Commissioner Position No. 1,1043,1974,"52.84 ",1,David A. Hammond,,684,"99.42 "
289,2910,Special Purpose District,Sewer & Water,Lake Forest Park Water District,Commissioner Position No. 1,1043,1974,"52.84 ",11,Write-in,,4,"0.58 "
198,1980,School,School,Northshore School District No. 417,Director District No. 3,21983,57791,"38.04 ",2,Myriam Juritz,,9513,"45.59 "
198,1980,School,School,Northshore School District No. 417,Director District No. 3,21983,57791,"38.04 ",12,Write-in,,62,"0.30 "
198,1980,School,School,Northshore School District No. 417,Director District No. 3,21983,57791,"38.04 ",1,Han Tran,,11290,"54.11 "
105,1050,City,City/Town,City of North Bend,Council Position No. 1,3150,5785,"54.45 ",2,Errol Tremolada,,1126,"39.72 "
105,1050,City,City/Town,City of North Bend,Council Position No. 1,3150,5785,"54.45 ",12,Write-in,,12,"0.42 "
105,1050,City,City/Town,City of North Bend,Council Position No. 1,3150,5785,"54.45 ",1,Christina Rustik,,1697,"59.86 "
205,2050,School,School,Seattle School District No. 1,Director District No. 1,221040,481368,"45.92 ",12,Write-in,,940,"0.48 "
205,2050,School,School,Seattle School District No. 1,Director District No. 1,221040,481368,"45.92 ",2,Debbie Carlsen,,71554,"36.76 "
205,2050,School,School,Seattle School District No. 1,Director District No. 1,221040,481368,"45.92 ",1,Liza Rankin,,122139,"62.75 "
179,1790,School,School,Fife School District No. 417,Proposition No. 1,1027,3358,"30.58 ",10,Approved,,449,"44.15 "
179,1790,School,School,Fife School District No. 417,Proposition No. 1,1027,3358,"30.58 ",20,Rejected,,568,"55.85 "
88,880,City,City/Town,City of Mercer Island,Council Position No. 1,8265,18611,"44.41 ",1,Dave Rosenbaum,,5664,"98.83 "
88,880,City,City/Town,City of Mercer Island,Council Position No. 1,8265,18611,"44.41 ",11,Write-in,,67,"1.17 "
132,1320,City,City/Town,City of Seattle Council District No. 1,Council District No. 1,34785,74574,"46.64 ",2,Rob Saka,,18382,"54.15 "
132,1320,City,City/Town,City of Seattle Council District No. 1,Council District No. 1,34785,74574,"46.64 ",12,Write-in,,132,"0.39 "
132,1320,City,City/Town,City of Seattle Council District No. 1,Council District No. 1,34785,74574,"46.64 ",1,Maren Costa,,15431,"45.46 "
324,3240,Special Purpose District,Park and Recreation,Si View Metropolitan Park District,Commissioner Position No. 1,6624,13508,"49.04 ",12,Write-in,,19,"0.32 "
324,3240,Special Purpose District,Park and Recreation,Si View Metropolitan Park District,Commissioner Position No. 1,6624,13508,"49.04 ",2,Mark S. Leen,,2904,"49.22 "
324,3240,Special Purpose District,Park and Recreation,Si View Metropolitan Park District,Commissioner Position No. 1,6624,13508,"49.04 ",1,Tim Noonan,,2977,"50.46 "
75,750,City,City/Town,City of Kirkland,Proposition No. 1,22151,56967,"38.88 ",20,No,,12947,"59.45 "
75,750,City,City/Town,City of Kirkland,Proposition No. 1,22151,56967,"38.88 ",10,Yes,,8830,"40.55 "
199,1990,School,School,Renton School District No. 403,Director District No. 1,20316,74450,"27.29 ",2,Susan Talley,,15901,"86.87 "
199,1990,School,School,Renton School District No. 403,Director District No. 1,20316,74450,"27.29 ",1,Mike Acord,,2300,"12.57 "
199,1990,School,School,Renton School District No. 403,Director District No. 1,20316,74450,"27.29 ",12,Write-in,,103,"0.56 "
102,1020,City,City/Town,City of Normandy Park,Council Position No. 5,2308,5180,"44.56 ",1,Jack Lamanna,,1550,"99.04 "
102,1020,City,City/Town,City of Normandy Park,Council Position No. 5,2308,5180,"44.56 ",11,Write-in,,15,"0.96 "
304,2930,Special Purpose District,Sewer & Water,Lakehaven Water and Sewer District,Commissioner Position No. 1,19141,74816,"25.58 ",11,Write-in,,143,"1.01 "
304,2930,Special Purpose District,Sewer & Water,Lakehaven Water and Sewer District,Commissioner Position No. 1,19141,74816,"25.58 ",1,Leonard (Len) Englund,,13992,"98.99 "
62,620,City,City/Town,City of Issaquah,Council Position No. 4,7627,23737,"32.13 ",1,Lindsey Walsh,,6605,"91.17 "
62,620,City,City/Town,City of Issaquah,Council Position No. 4,7627,23737,"32.13 ",12,Write-in,,25,"0.35 "
62,620,City,City/Town,City of Issaquah,Council Position No. 4,7627,23737,"32.13 ",2,Mike Palm,,615,"8.49 "
186,1860,School,School,Kent School District No. 415,Director District No. 1,28781,102928,"27.96 ",1,Andy Song,,20076,"98.64 "
186,1860,School,School,Kent School District No. 415,Director District No. 1,28781,102928,"27.96 ",11,Write-in,,276,"1.36 "
58,580,City,City/Town,City of Federal Way,Council Position No. 3,13153,51190,"25.69 ",12,Write-in,,31,"0.24 "
58,580,City,City/Town,City of Federal Way,Council Position No. 3,13153,51190,"25.69 ",1,Susan Honda,,7533,"58.79 "
58,580,City,City/Town,City of Federal Way,Council Position No. 3,13153,51190,"25.69 ",2,Roger Flygare,,5250,"40.97 "
104,1040,City,City/Town,City of North Bend,Mayor,3150,5785,"54.45 ",2,Rob McFarland,,1437,"47.73 "
104,1040,City,City/Town,City of North Bend,Mayor,3150,5785,"54.45 ",1,Mary Miller,,1562,"51.88 "
104,1040,City,City/Town,City of North Bend,Mayor,3150,5785,"54.45 ",12,Write-in,,12,"0.40 "
266,2620,Special Purpose District,Fire,Snoqualmie Pass Fire and Rescue,Commissioner Position No. 2,26,73,"35.62 ",1,William J Powers jr (Billy),,19,"90.48 "
266,2620,Special Purpose District,Fire,Snoqualmie Pass Fire and Rescue,Commissioner Position No. 2,26,73,"35.62 ",11,Write-in,,2,"9.52 "
254,2560,Special Purpose District,Fire,King County Fire Protection District No. 50,Commissioner Position No. 1,118,358,"32.96 ",1,Arthur R. Allegri,,84,"97.67 "
254,2560,Special Purpose District,Fire,King County Fire Protection District No. 50,Commissioner Position No. 1,118,358,"32.96 ",11,Write-in,,2,"2.33 "
160,1600,City,City/Town,Town of Skykomish,Council Position No. 5,47,120,"39.17 ",1,Gene Egan,,36,"97.30 "
160,1600,City,City/Town,Town of Skykomish,Council Position No. 5,47,120,"39.17 ",11,Write-in,,1,"2.70 "
309,3020,Special Purpose District,Sewer & Water,Skyway Water and Sewer District,Commissioner Position No. 1,2302,9153,"25.15 ",11,Write-in,,14,"0.83 "
309,3020,Special Purpose District,Sewer & Water,Skyway Water and Sewer District,Commissioner Position No. 1,2302,9153,"25.15 ",1,Gary Schulz,,1680,"99.17 "
12,120,City,City/Town,City of Algona,Mayor,478,1748,"27.35 ",12,Write-in,,2,"0.43 "
12,120,City,City/Town,City of Algona,Mayor,478,1748,"27.35 ",1,Troy Linnell,,260,"55.56 "
12,120,City,City/Town,City of Algona,Mayor,478,1748,"27.35 ",2,Mathew Bailey,,206,"44.02 "
229,2310,Special Purpose District,Fire,Enumclaw Fire Department,Commissioner Position No. 4,6201,14653,"42.32 ",11,Write-in,,45,"1.16 "
229,2310,Special Purpose District,Fire,Enumclaw Fire Department,Commissioner Position No. 4,6201,14653,"42.32 ",1,Jim Zoll,,3832,"98.84 "
156,1560,City,City/Town,Town of Hunts Point,Council Position No. 2,123,321,"38.32 ",11,Write-in,,5,"4.90 "
156,1560,City,City/Town,Town of Hunts Point,Council Position No. 2,123,321,"38.32 ",1,Ernest A. Norehad,,97,"95.10 "
284,2810,Special Purpose District,Sewer & Water,King County Water District No. 20,Commissioner Position No. 1,6150,21021,"29.26 ",1,Russ Pritchard,,4248,"98.58 "
284,2810,Special Purpose District,Sewer & Water,King County Water District No. 20,Commissioner Position No. 1,6150,21021,"29.26 ",11,Write-in,,61,"1.42 "
269,2650,Special Purpose District,Fire,Snoqualmie Pass Fire and Rescue,Proposition No. 1,26,73,"35.62 ",10,Approved,,16,"61.54 "
269,2650,Special Purpose District,Fire,Snoqualmie Pass Fire and Rescue,Proposition No. 1,26,73,"35.62 ",20,Rejected,,10,"38.46 "
286,2830,Special Purpose District,Sewer & Water,King County Water District No. 54,Commissioner Position No. 1,1117,2424,"46.08 ",1,Catherine Barashkoff,,818,"100.00 "
286,2830,Special Purpose District,Sewer & Water,King County Water District No. 54,Commissioner Position No. 1,1117,2424,"46.08 ",11,Write-in,,0,"0.00 "
115,1150,City,City/Town,City of Redmond,Council Position No. 3,11498,33934,"33.88 ",11,Write-in,,134,"1.57 "
115,1150,City,City/Town,City of Redmond,Council Position No. 3,11498,33934,"33.88 ",1,Jessica Forsythe,,8390,"98.43 "
95,845,City,City/Town,City of Maple Valley,Proposition No. 1,6494,17705,"36.68 ",20,No,,2145,"34.35 "
95,845,City,City/Town,City of Maple Valley,Proposition No. 1,6494,17705,"36.68 ",10,Yes,,4100,"65.65 "
82,820,City,City/Town,City of Maple Valley,Council Position No. 3,6494,17705,"36.68 ",11,Write-in,,123,"3.03 "
82,820,City,City/Town,City of Maple Valley,Council Position No. 3,6494,17705,"36.68 ",1,Leslie Burberry,,3936,"96.97 "
124,1240,City,City/Town,City of Sammamish,Council Position No. 3,13919,39002,"35.69 ",1,Pamela Randolph,,6319,"46.67 "
124,1240,City,City/Town,City of Sammamish,Council Position No. 3,13919,39002,"35.69 ",2,Sid Gupta,,7187,"53.08 "
124,1240,City,City/Town,City of Sammamish,Council Position No. 3,13919,39002,"35.69 ",12,Write-in,,35,"0.26 "
147,1470,City,City/Town,City of Tukwila,Council Position No. 2,2940,11101,"26.48 ",1,Armen Papyan,,2180,"98.24 "
147,1470,City,City/Town,City of Tukwila,Council Position No. 2,2940,11101,"26.48 ",11,Write-in,,39,"1.76 "
189,1890,School,School,Kent School District No. 415,Proposition No. 1,28781,102928,"27.96 ",20,No,,13841,"49.17 "
189,1890,School,School,Kent School District No. 415,Proposition No. 1,28781,102928,"27.96 ",10,Yes,,14311,"50.83 "
221,2210,School,School,Tahoma School District No. 409,Director District No. 5,10627,29483,"36.04 ",2,Patrick Peacock,,4827,"48.15 "
221,2210,School,School,Tahoma School District No. 409,Director District No. 5,10627,29483,"36.04 ",1,Matt Carreon,,5177,"51.64 "
221,2210,School,School,Tahoma School District No. 409,Director District No. 5,10627,29483,"36.04 ",12,Write-in,,21,"0.21 "
154,1540,City,City/Town,Town of Beaux Arts Village,Council Position No. 2,104,262,"39.69 ",11,Write-in,,0,"0.00 "
154,1540,City,City/Town,Town of Beaux Arts Village,Council Position No. 2,104,262,"39.69 ",1,James McCarthy,,91,"100.00 "
240,2420,Special Purpose District,Fire,King County Fire Protection District No. 27,Proposition No. 1,1528,4020,"38.01 ",20,Rejected,,726,"48.53 "
240,2420,Special Purpose District,Fire,King County Fire Protection District No. 27,Proposition No. 1,1528,4020,"38.01 ",10,Approved,,770,"51.47 "
101,1010,City,City/Town,City of Normandy Park,Council Position No. 3,2308,5180,"44.56 ",1,Shawn McEvoy,,1543,"98.22 "
101,1010,City,City/Town,City of Normandy Park,Council Position No. 3,2308,5180,"44.56 ",11,Write-in,,28,"1.78 "
314,3140,Special Purpose District,Public Hospital,Public Hospital District No. 2,Commissioner Position No. 7,71398,193032,"36.99 ",1,Virgil Snyder,,47503,"99.06 "
314,3140,Special Purpose District,Public Hospital,Public Hospital District No. 2,Commissioner Position No. 7,71398,193032,"36.99 ",11,Write-in,,450,"0.94 "
231,2340,Special Purpose District,Fire,King County Fire Protection District No. 10,Commissioner Position No. 2,5202,16271,"31.97 ",1,David Hatcher-Mays,,3016,"96.70 "
231,2340,Special Purpose District,Fire,King County Fire Protection District No. 10,Commissioner Position No. 2,5202,16271,"31.97 ",11,Write-in,,103,"3.30 "
64,640,City,City/Town,City of Kenmore,Council Position No. 1,6289,15656,"40.17 ",2,Kara Macias,,2486,"40.50 "
64,640,City,City/Town,City of Kenmore,Council Position No. 1,6289,15656,"40.17 ",1,Melanie O'Cain,,3646,"59.40 "
64,640,City,City/Town,City of Kenmore,Council Position No. 1,6289,15656,"40.17 ",12,Write-in,,6,"0.10 "
171,1710,School,School,Enumclaw School District No. 216,Director District No. 3,8841,21521,"41.08 ",2,Vivian Tillman-Cadematori,,4050,"48.94 "
171,1710,School,School,Enumclaw School District No. 216,Director District No. 3,8841,21521,"41.08 ",1,Tyson Gamblin,,4205,"50.81 "
171,1710,School,School,Enumclaw School District No. 216,Director District No. 3,8841,21521,"41.08 ",12,Write-in,,21,"0.25 "
141,1410,City,City/Town,City of Shoreline,Council Position No. 6,13326,39313,"33.90 ",1,Betsy Robertson,,9090,"97.19 "
141,1410,City,City/Town,City of Shoreline,Council Position No. 6,13326,39313,"33.90 ",11,Write-in,,263,"2.81 "
193,1930,School,School,Lake Washington School District No. 414,Director District No. 5,44175,121140,"36.47 ",12,Write-in,,250,"0.64 "
193,1930,School,School,Lake Washington School District No. 414,Director District No. 5,44175,121140,"36.47 ",2,Janel Schermerhorn,,10485,"27.00 "
193,1930,School,School,Lake Washington School District No. 414,Director District No. 5,44175,121140,"36.47 ",1,Lindsey Yocum,,28101,"72.36 "
292,3090,Special Purpose District,Sewer & Water,Woodinville Water District,Commissioner Position No. 1,11833,32292,"36.64 ",1,Julie Belt,,7129,"66.39 "
292,3090,Special Purpose District,Sewer & Water,Woodinville Water District,Commissioner Position No. 1,11833,32292,"36.64 ",12,Write-in,,18,"0.17 "
292,3090,Special Purpose District,Sewer & Water,Woodinville Water District,Commissioner Position No. 1,11833,32292,"36.64 ",2,Ramesh Singh,,3591,"33.44 "
234,2320,Special Purpose District,Fire,King County Fire Protection District No. 2,Commissioner Position No. 1,13205,34649,"38.11 ",2,Alexis Taylor Entrialgo,,2868,"24.02 "
234,2320,Special Purpose District,Fire,King County Fire Protection District No. 2,Commissioner Position No. 1,13205,34649,"38.11 ",12,Write-in,,22,"0.18 "
234,2320,Special Purpose District,Fire,King County Fire Protection District No. 2,Commissioner Position No. 1,13205,34649,"38.11 ",1,Mike Ziegler,,9050,"75.80 "
282,2900,Special Purpose District,Sewer & Water,King County Water District No. 125,Commissioner Position No. 1,2189,9363,"23.38 ",1,Renea Blanchette,,1450,"97.51 "
282,2900,Special Purpose District,Sewer & Water,King County Water District No. 125,Commissioner Position No. 1,2189,9363,"23.38 ",11,Write-in,,37,"2.49 "
202,2020,School,School,Riverview School District No. 407,Director District No. 2,6150,15846,"38.81 ",1,Jodi Fletcher,,4002,"97.82 "
202,2020,School,School,Riverview School District No. 407,Director District No. 2,6150,15846,"38.81 ",11,Write-in,,89,"2.18 "
150,1500,City,City/Town,City of Woodinville,Council Position No. 2,3236,8639,"37.46 ",2,Shengquan Liang,,1183,"37.77 "
150,1500,City,City/Town,City of Woodinville,Council Position No. 2,3236,8639,"37.46 ",12,Write-in,,3,"0.10 "
150,1500,City,City/Town,City of Woodinville,Council Position No. 2,3236,8639,"37.46 ",1,David Edwards,,1946,"62.13 "
52,520,City,City/Town,City of Duvall,Council Position No. 5,2123,5373,"39.51 ",1,Mike Supple,,1509,"98.95 "
52,520,City,City/Town,City of Duvall,Council Position No. 5,2123,5373,"39.51 ",11,Write-in,,16,"1.05 "
219,2190,School,School,Tahoma School District No. 409,Director District No. 3,10627,29483,"36.04 ",12,Write-in,,26,"0.26 "
219,2190,School,School,Tahoma School District No. 409,Director District No. 3,10627,29483,"36.04 ",2,"Stephen ""Dutch"" Deutschman",,3639,"36.30 "
219,2190,School,School,Tahoma School District No. 409,Director District No. 3,10627,29483,"36.04 ",1,Malia Hollowell,,6361,"63.45 "
108,1080,City,City/Town,City of North Bend,Council Position No. 7,3150,5785,"54.45 ",1,Suzan Torguson,,2077,"98.53 "
108,1080,City,City/Town,City of North Bend,Council Position No. 7,3150,5785,"54.45 ",11,Write-in,,31,"1.47 "
285,2820,Special Purpose District,Sewer & Water,King County Water District No. 49,Commissioner Position No. 1,3916,9097,"43.05 ",1,Ray Brickell,,2676,"99.22 "
285,2820,Special Purpose District,Sewer & Water,King County Water District No. 49,Commissioner Position No. 1,3916,9097,"43.05 ",11,Write-in,,21,"0.78 "
49,490,City,City/Town,City of Des Moines,Council Position No. 6,6006,19228,"31.24 ",1,Yoshiko Grace Matsui,,4437,"97.30 "
49,490,City,City/Town,City of Des Moines,Council Position No. 6,6006,19228,"31.24 ",11,Write-in,,123,"2.70 "
257,2590,Special Purpose District,Fire,North Highline Fire District,Commissioner Position No. 1,2936,11200,"26.21 ",1,Terri Robison,,2068,"98.57 "
257,2590,Special Purpose District,Fire,North Highline Fire District,Commissioner Position No. 1,2936,11200,"26.21 ",11,Write-in,,30,"1.43 "
122,1220,City,City/Town,City of Renton,Council Position No. 7,15527,59077,"26.28 ",12,Write-in,,42,"0.28 "
122,1220,City,City/Town,City of Renton,Council Position No. 7,15527,59077,"26.28 ",1,Kim-Khanh Van,,8218,"54.69 "
122,1220,City,City/Town,City of Renton,Council Position No. 7,15527,59077,"26.28 ",2,Randy Corman,,6766,"45.03 "
40,400,City,City/Town,City of Clyde Hill,Mayor,993,2204,"45.05 ",1,Steve Friedman,,662,"97.21 "
40,400,City,City/Town,City of Clyde Hill,Mayor,993,2204,"45.05 ",11,Write-in,,19,"2.79 "
275,2760,Special Purpose District,Sewer & Water,Covington Water District,Commissioner Position No. 4,12842,39427,"32.57 ",1,Brad Lake,,8021,"98.74 "
275,2760,Special Purpose District,Sewer & Water,Covington Water District,Commissioner Position No. 4,12842,39427,"32.57 ",11,Write-in,,102,"1.26 "
47,470,City,City/Town,City of Des Moines,Council Position No. 2,6006,19228,"31.24 ",2,Rob Back,,2436,"42.42 "
47,470,City,City/Town,City of Des Moines,Council Position No. 2,6006,19228,"31.24 ",12,Write-in,,22,"0.38 "
47,470,City,City/Town,City of Des Moines,Council Position No. 2,6006,19228,"31.24 ",1,JC Harris,,3285,"57.20 "
118,1180,City,City/Town,City of Renton,Mayor,15527,59077,"26.28 ",1,Armondo Pavone,,11725,"77.37 "
118,1180,City,City/Town,City of Renton,Mayor,15527,59077,"26.28 ",12,Write-in,,37,"0.24 "
118,1180,City,City/Town,City of Renton,Mayor,15527,59077,"26.28 ",2,Kim Monroe Bass,,3392,"22.38 "
301,3070,Special Purpose District,Sewer & Water,Valley View Sewer District,Commissioner Position No. 3,5619,21361,"26.30 ",11,Write-in,,90,"2.43 "
301,3070,Special Purpose District,Sewer & Water,Valley View Sewer District,Commissioner Position No. 3,5619,21361,"26.30 ",1,Juan Jose Montelongo Jr.,,3617,"97.57 "
192,1920,School,School,Lake Washington School District No. 414,Director District No. 2,44175,121140,"36.47 ",11,Write-in,,402,"1.32 "
192,1920,School,School,Lake Washington School District No. 414,Director District No. 2,44175,121140,"36.47 ",1,Lisa Guthrie,,30089,"98.68 "
79,790,City,City/Town,City of Lake Forest Park,Council Position No. 6,4954,10352,"47.86 ",2,Stephanie Angelis,,2268,"47.14 "
79,790,City,City/Town,City of Lake Forest Park,Council Position No. 6,4954,10352,"47.86 ",12,Write-in,,17,"0.35 "
79,790,City,City/Town,City of Lake Forest Park,Council Position No. 6,4954,10352,"47.86 ",1,Paula Goode,,2526,"52.50 "
297,3000,Special Purpose District,Sewer & Water,Sammamish Plateau Water and Sewer District,Commissioner Position No. 1,13394,38556,"34.74 ",1,Tom Harman,,9559,"99.05 "
297,3000,Special Purpose District,Sewer & Water,Sammamish Plateau Water and Sewer District,Commissioner Position No. 1,13394,38556,"34.74 ",11,Write-in,,92,"0.95 "
182,1820,School,School,Highline School District No. 401,Director District No. 5,25372,76529,"33.15 ",1,Azeb Hagos,,16973,"98.49 "
182,1820,School,School,Highline School District No. 401,Director District No. 5,25372,76529,"33.15 ",11,Write-in,,261,"1.51 "
135,1350,City,City/Town,City of Seattle Council District No. 4,Council District No. 4,29109,60600,"48.03 ",1,Ron Davis,,13986,"49.42 "
135,1350,City,City/Town,City of Seattle Council District No. 4,Council District No. 4,29109,60600,"48.03 ",12,Write-in,,92,"0.33 "
135,1350,City,City/Town,City of Seattle Council District No. 4,Council District No. 4,29109,60600,"48.03 ",2,Maritza Rivera,,14221,"50.25 "
6,60,County,Council,Metropolitan King County Council District No. 8,Council District No. 8,65198,158506,"41.13 ",12,Write-in,,194,"0.31 "
6,60,County,Council,Metropolitan King County Council District No. 8,Council District No. 8,65198,158506,"41.13 ",2,Sofia Aragon,,27553,"44.68 "
6,60,County,Council,Metropolitan King County Council District No. 8,Council District No. 8,65198,158506,"41.13 ",1,Teresa Mosqueda,,33921,"55.01 "
300,3060,Special Purpose District,Sewer & Water,Valley View Sewer District,Commissioner Position No. 1,5619,21361,"26.30 ",11,Write-in,,57,"1.47 "
300,3060,Special Purpose District,Sewer & Water,Valley View Sewer District,Commissioner Position No. 1,5619,21361,"26.30 ",1,Deb McCaslin,,3819,"98.53 "
180,1800,School,School,Highline School District No. 401,Director District No. 1,25372,76529,"33.15 ",1,Stephanie Tidholm,,13280,"57.90 "
180,1800,School,School,Highline School District No. 401,Director District No. 1,25372,76529,"33.15 ",2,Michael T. Lewis,,9465,"41.27 "
180,1800,School,School,Highline School District No. 401,Director District No. 1,25372,76529,"33.15 ",12,Write-in,,191,"0.83 "
203,2030,School,School,Riverview School District No. 407,Director District No. 3,6150,15846,"38.81 ",2,Genessa Rose,,2025,"34.19 "
203,2030,School,School,Riverview School District No. 407,Director District No. 3,6150,15846,"38.81 ",1,Carol Van Noy,,3878,"65.47 "
203,2030,School,School,Riverview School District No. 407,Director District No. 3,6150,15846,"38.81 ",12,Write-in,,20,"0.34 "
45,450,City,City/Town,City of Covington,Council Position No. 5,3806,13609,"27.97 ",11,Write-in,,38,"1.47 "
45,450,City,City/Town,City of Covington,Council Position No. 5,3806,13609,"27.97 ",1,Sean D. Smith,,2554,"98.53 "
19,190,City,City/Town,City of Auburn,Council Position No. 7,9663,38934,"24.82 ",2,Brian Lott,,4621,"50.41 "
19,190,City,City/Town,City of Auburn,Council Position No. 7,9663,38934,"24.82 ",1,Hanan Amer,,4509,"49.19 "
19,190,City,City/Town,City of Auburn,Council Position No. 7,9663,38934,"24.82 ",12,Write-in,,37,"0.40 "
111,1110,City,City/Town,City of Pacific,Council Position No. 3,907,3483,"26.04 ",2,Aarron Fahrenkrug,,315,"36.80 "
111,1110,City,City/Town,City of Pacific,Council Position No. 3,907,3483,"26.04 ",1,Joshua Putnam,,540,"63.08 "
111,1110,City,City/Town,City of Pacific,Council Position No. 3,907,3483,"26.04 ",12,Write-in,,1,"0.12 "
59,590,City,City/Town,City of Federal Way,Council Position No. 5,13153,51190,"25.69 ",2,Katherine Festa,,5682,"44.36 "
59,590,City,City/Town,City of Federal Way,Council Position No. 5,13153,51190,"25.69 ",1,Jack Walsh,,7094,"55.38 "
59,590,City,City/Town,City of Federal Way,Council Position No. 5,13153,51190,"25.69 ",12,Write-in,,33,"0.26 "
56,560,City,City/Town,City of Enumclaw,Council Position No. 6,3678,8920,"41.23 ",11,Write-in,,46,"1.91 "
56,560,City,City/Town,City of Enumclaw,Council Position No. 6,3678,8920,"41.23 ",1,Anthony Wright,,2367,"98.09 "
169,1690,School,School,Bellevue School District No. 405,Director District No. 4,26439,79053,"33.44 ",11,Write-in,,351,"1.91 "
169,1690,School,School,Bellevue School District No. 405,Director District No. 4,26439,79053,"33.44 ",1,Monica Webster,,18063,"98.09 "
241,2430,Special Purpose District,Fire,King County Fire Protection District No. 31,Commissioner Position No. 1,15,83,"18.07 ",11,Write-in,,0,"0.00 "
241,2430,Special Purpose District,Fire,King County Fire Protection District No. 31,Commissioner Position No. 1,15,83,"18.07 ",1,Gerry Bertellotti,,11,"100.00 "
302,3080,Special Purpose District,Sewer & Water,Vashon Sewer District,Commissioner Position No. 1,355,775,"45.81 ",1,"Lyle E. Harris, Jr.",,199,"98.51 "
302,3080,Special Purpose District,Sewer & Water,Vashon Sewer District,Commissioner Position No. 1,355,775,"45.81 ",11,Write-in,,3,"1.49 "
220,2200,School,School,Tahoma School District No. 409,Director District No. 4,10627,29483,"36.04 ",2,Vincent Powell,,4611,"45.94 "
220,2200,School,School,Tahoma School District No. 409,Director District No. 4,10627,29483,"36.04 ",12,Write-in,,27,"0.27 "
220,2200,School,School,Tahoma School District No. 409,Director District No. 4,10627,29483,"36.04 ",1,Pete Miller,,5399,"53.79 "
97,970,City,City/Town,City of Newcastle,Council Position No. 2,3186,8186,"38.92 ",2,Amanda W. Li,,1390,"44.62 "
97,970,City,City/Town,City of Newcastle,Council Position No. 2,3186,8186,"38.92 ",12,Write-in,,2,"0.06 "
97,970,City,City/Town,City of Newcastle,Council Position No. 2,3186,8186,"38.92 ",1,Ariana Sherlock,,1723,"55.31 "
77,770,City,City/Town,City of Lake Forest Park,Council Position No. 2,4954,10352,"47.86 ",11,Write-in,,37,"0.99 "
77,770,City,City/Town,City of Lake Forest Park,Council Position No. 2,4954,10352,"47.86 ",1,Lorri Bodi,,3706,"99.01 "
46,460,City,City/Town,City of Covington,Council Position No. 7,3806,13609,"27.97 ",11,Write-in,,49,"1.88 "
46,460,City,City/Town,City of Covington,Council Position No. 7,3806,13609,"27.97 ",1,Jeff Wagner,,2559,"98.12 "
288,2850,Special Purpose District,Sewer & Water,King County Water District No. 90,Commissioner Position No. 1,4752,16982,"27.98 ",1,Alvin Materi,,3277,"98.44 "
288,2850,Special Purpose District,Sewer & Water,King County Water District No. 90,Commissioner Position No. 1,4752,16982,"27.98 ",11,Write-in,,52,"1.56 "
197,1970,School,School,Northshore School District No. 417,Director District No. 2,21983,57791,"38.04 ",11,Write-in,,235,"1.50 "
197,1970,School,School,Northshore School District No. 417,Director District No. 2,21983,57791,"38.04 ",1,Elisabeth Sotak,,15432,"98.50 "
36,360,City,City/Town,City of Carnation,Council Position No. 1,740,1552,"47.68 ",11,Write-in,,37,"6.86 "
36,360,City,City/Town,City of Carnation,Council Position No. 1,740,1552,"47.68 ",1,Adair Hawkins,,502,"93.14 "
129,1290,City,City/Town,City of SeaTac,Council Position No. 5,4275,14884,"28.72 ",12,Write-in,,16,"0.39 "
129,1290,City,City/Town,City of SeaTac,Council Position No. 5,4275,14884,"28.72 ",2,Brian Millican,,1933,"47.10 "
129,1290,City,City/Town,City of SeaTac,Council Position No. 5,4275,14884,"28.72 ",1,James Lovell,,2155,"52.51 "
137,1370,City,City/Town,City of Seattle Council District No. 6,Council District No. 6,40537,77438,"52.35 ",12,Write-in,,199,"0.51 "
137,1370,City,City/Town,City of Seattle Council District No. 6,Council District No. 6,40537,77438,"52.35 ",1,Dan Strauss,,20601,"52.31 "
137,1370,City,City/Town,City of Seattle Council District No. 6,Council District No. 6,40537,77438,"52.35 ",2,Pete Hanning,,18586,"47.19 "
326,3260,Special Purpose District,Park and Recreation,Tukwila Pool Metropolitan Park District,Commissioner Position No. 5,2940,11101,"26.48 ",1,Aaron Shipman,,2104,"98.87 "
326,3260,Special Purpose District,Park and Recreation,Tukwila Pool Metropolitan Park District,Commissioner Position No. 5,2940,11101,"26.48 ",11,Write-in,,24,"1.13 "
32,320,City,City/Town,City of Bothell,Council Position No. 6,6467,17572,"36.80 ",1,Amanda Dodd,,4058,"64.27 "
32,320,City,City/Town,City of Bothell,Council Position No. 6,6467,17572,"36.80 ",12,Write-in,,10,"0.16 "
32,320,City,City/Town,City of Bothell,Council Position No. 6,6467,17572,"36.80 ",2,Thomas E. Agnew,,2246,"35.57 "
55,550,City,City/Town,City of Enumclaw,Council Position No. 4,3678,8920,"41.23 ",11,Write-in,,55,"2.26 "
55,550,City,City/Town,City of Enumclaw,Council Position No. 4,3678,8920,"41.23 ",1,Chance LaFleur,,2380,"97.74 "
306,2970,Special Purpose District,Sewer & Water,Northshore Utility District,Commissioner Position No. 1,20870,54276,"38.45 ",11,Write-in,,128,"0.89 "
306,2970,Special Purpose District,Sewer & Water,Northshore Utility District,Commissioner Position No. 1,20870,54276,"38.45 ",1,Trudy C. Rolla,,14287,"99.11 "
168,1680,School,School,Bellevue School District No. 405,Director District No. 2,26439,79053,"33.44 ",1,Carolyn Watson,,18430,"75.27 "
168,1680,School,School,Bellevue School District No. 405,Director District No. 2,26439,79053,"33.44 ",12,Write-in,,82,"0.33 "
168,1680,School,School,Bellevue School District No. 405,Director District No. 2,26439,79053,"33.44 ",2,Ryan Sugden,,5972,"24.39 "
325,3250,Special Purpose District,Park and Recreation,Si View Metropolitan Park District,Proposition No. 1,6624,13508,"49.04 ",10,Approved,,3669,"56.32 "
325,3250,Special Purpose District,Park and Recreation,Si View Metropolitan Park District,Proposition No. 1,6624,13508,"49.04 ",20,Rejected,,2845,"43.68 "
209,2090,School,School,Shoreline School District No. 412,Director District No. 1,18271,49613,"36.83 ",1,Meghan Jernigan,,12862,"98.33 "
209,2090,School,School,Shoreline School District No. 412,Director District No. 1,18271,49613,"36.83 ",11,Write-in,,218,"1.67 "
80,800,City,City/Town,City of Maple Valley,Council Position No. 1,6494,17705,"36.68 ",11,Write-in,,126,"2.86 "
80,800,City,City/Town,City of Maple Valley,Council Position No. 1,6494,17705,"36.68 ",1,Sean P. Kelly,,4281,"97.14 "
315,3150,Special Purpose District,Public Hospital,Public Hospital District No. 4,Commissioner Position No. 3,12942,31617,"40.93 ",2,Robert Angrisano,,5149,"46.62 "
315,3150,Special Purpose District,Public Hospital,Public Hospital District No. 4,Commissioner Position No. 3,12942,31617,"40.93 ",12,Write-in,,25,"0.23 "
315,3150,Special Purpose District,Public Hospital,Public Hospital District No. 4,Commissioner Position No. 3,12942,31617,"40.93 ",1,Emma Herron,,5871,"53.16 "
211,2110,School,School,Shoreline School District No. 412,Director District No. 5,18271,49613,"36.83 ",11,Write-in,,204,"1.57 "
211,2110,School,School,Shoreline School District No. 412,Director District No. 5,18271,49613,"36.83 ",1,Sara Betnel,,12754,"98.43 "
190,1900,School,School,Kent School District No. 415,Proposition No. 2,28780,102928,"27.96 ",20,No,,14204,"51.13 "
190,1900,School,School,Kent School District No. 415,Proposition No. 2,28780,102928,"27.96 ",10,Yes,,13574,"48.87 "
14,140,City,City/Town,City of Algona,Council Position No. 3,478,1748,"27.35 ",1,Timothy J. Fairley,,334,"97.09 "
14,140,City,City/Town,City of Algona,Council Position No. 3,478,1748,"27.35 ",11,Write-in,,10,"2.91 "
23,230,City,City/Town,City of Bellevue,Council Position No. 7,26980,80529,"33.50 ",1,Bil Hirt,,4470,"17.54 "
23,230,City,City/Town,City of Bellevue,Council Position No. 7,26980,80529,"33.50 ",2,Dave Hamilton,,20921,"82.07 "
23,230,City,City/Town,City of Bellevue,Council Position No. 7,26980,80529,"33.50 ",12,Write-in,,100,"0.39 "
250,2520,Special Purpose District,Fire,King County Fire Protection District No. 43,Commissioner Position No. 2,10716,29540,"36.28 ",11,Write-in,,59,"0.87 "
250,2520,Special Purpose District,Fire,King County Fire Protection District No. 43,Commissioner Position No. 2,10716,29540,"36.28 ",1,Russell Calcote,,6711,"99.13 "
84,840,City,City/Town,City of Maple Valley,Council Position No. 7,6494,17705,"36.68 ",1,John Herbert,,4213,"98.71 "
84,840,City,City/Town,City of Maple Valley,Council Position No. 7,6494,17705,"36.68 ",11,Write-in,,55,"1.29 "
107,1070,City,City/Town,City of North Bend,Council Position No. 5,3150,5785,"54.45 ",2,Jason Ritchey,,696,"24.93 "
107,1070,City,City/Town,City of North Bend,Council Position No. 5,3150,5785,"54.45 ",1,Brenden Elwood,,2085,"74.68 "
107,1070,City,City/Town,City of North Bend,Council Position No. 5,3150,5785,"54.45 ",12,Write-in,,11,"0.39 "
42,420,City,City/Town,City of Clyde Hill,Council Position No. 4,993,2204,"45.05 ",12,Write-in,,2,"0.21 "
42,420,City,City/Town,City of Clyde Hill,Council Position No. 4,993,2204,"45.05 ",2,Mark Kroese,,411,"43.31 "
42,420,City,City/Town,City of Clyde Hill,Council Position No. 4,993,2204,"45.05 ",1,Ryan D. Olson,,536,"56.48 "
313,3130,Special Purpose District,Public Hospital,Public Hospital District No. 2,Commissioner Position No. 6,71398,193032,"36.99 ",2,Amber Wise,,27131,"42.50 "
313,3130,Special Purpose District,Public Hospital,Public Hospital District No. 2,Commissioner Position No. 6,71398,193032,"36.99 ",1,Jeffrey Cashman,,36536,"57.24 "
313,3130,Special Purpose District,Public Hospital,Public Hospital District No. 2,Commissioner Position No. 6,71398,193032,"36.99 ",12,Write-in,,165,"0.26 "
210,2100,School,School,Shoreline School District No. 412,Director District No. 4,18271,49613,"36.83 ",2,Hazim Ghanim,,5144,"30.76 "
210,2100,School,School,Shoreline School District No. 412,Director District No. 4,18271,49613,"36.83 ",1,Sylvia Gil,,11459,"68.52 "
210,2100,School,School,Shoreline School District No. 412,Director District No. 4,18271,49613,"36.83 ",12,Write-in,,121,"0.72 "
280,2880,Special Purpose District,Sewer & Water,King County Water District No. 119,Commissioner Position No. 2,1177,3375,"34.87 ",11,Write-in,,19,"2.73 "
280,2880,Special Purpose District,Sewer & Water,King County Water District No. 119,Commissioner Position No. 2,1177,3375,"34.87 ",1,Yuri Kreutzer,,676,"97.27 "
60,600,City,City/Town,City of Federal Way,Council Position No. 7,13153,51190,"25.69 ",2,Denise Yun,,4808,"37.71 "
60,600,City,City/Town,City of Federal Way,Council Position No. 7,13153,51190,"25.69 ",1,Linda Kochmar,,7868,"61.71 "
60,600,City,City/Town,City of Federal Way,Council Position No. 7,13153,51190,"25.69 ",12,Write-in,,74,"0.58 "
264,2710,Special Purpose District,Fire,Vashon Island Fire and Rescue,Commissioner Position No. 5,4800,9232,"51.99 ",11,Write-in,,40,"1.36 "
264,2710,Special Purpose District,Fire,Vashon Island Fire and Rescue,Commissioner Position No. 5,4800,9232,"51.99 ",1,Jim Whitney,,2909,"98.64 "
258,2600,Special Purpose District,Fire,Shoreline Fire Department,Commissioner Position No. 1,13326,39313,"33.90 ",12,Write-in,,24,"0.19 "
258,2600,Special Purpose District,Fire,Shoreline Fire Department,Commissioner Position No. 1,13326,39313,"33.90 ",1,Barb Sullivan,,8139,"65.20 "
258,2600,Special Purpose District,Fire,Shoreline Fire Department,Commissioner Position No. 1,13326,39313,"33.90 ",2,Larry Hadland,,4320,"34.61 "
200,2000,School,School,Renton School District No. 403,Director District No. 3,20316,74450,"27.29 ",1,Stefanie McIrvin,,14908,"99.02 "
200,2000,School,School,Renton School District No. 403,Director District No. 3,20316,74450,"27.29 ",11,Write-in,,147,"0.98 "
91,910,City,City/Town,City of Mercer Island,Council Position No. 7,8265,18611,"44.41 ",12,Write-in,,29,"0.37 "
91,910,City,City/Town,City of Mercer Island,Council Position No. 7,8265,18611,"44.41 ",2,Andrew B. Friedman,,1596,"20.35 "
91,910,City,City/Town,City of Mercer Island,Council Position No. 7,8265,18611,"44.41 ",1,Jake Jacobson,,6219,"79.28 "
72,720,City,City/Town,City of Kirkland,Council Position No. 2,22151,56967,"38.88 ",1,Kelli Curtis,,11986,"59.34 "
72,720,City,City/Town,City of Kirkland,Council Position No. 2,22151,56967,"38.88 ",12,Write-in,,40,"0.20 "
72,720,City,City/Town,City of Kirkland,Council Position No. 2,22151,56967,"38.88 ",2,Catie Malik,,8174,"40.47 "
41,410,City,City/Town,City of Clyde Hill,Council Position No. 2,993,2204,"45.05 ",12,Write-in,,0,"0.00 "
41,410,City,City/Town,City of Clyde Hill,Council Position No. 2,993,2204,"45.05 ",2,Steve Sinwell,,595,"60.28 "
41,410,City,City/Town,City of Clyde Hill,Council Position No. 2,993,2204,"45.05 ",1,Ashley Eckel,,392,"39.72 "
310,3040,Special Purpose District,Sewer & Water,Soos Creek Water and Sewer District,Commissioner Position No. 1,24719,81097,"30.48 ",1,Alice Marshall,,14959,"72.11 "
310,3040,Special Purpose District,Sewer & Water,Soos Creek Water and Sewer District,Commissioner Position No. 1,24719,81097,"30.48 ",2,Micah Steinhauer,,5703,"27.49 "
310,3040,Special Purpose District,Sewer & Water,Soos Creek Water and Sewer District,Commissioner Position No. 1,24719,81097,"30.48 ",12,Write-in,,82,"0.40 "
291,2950,Special Purpose District,Sewer & Water,North City Water District,Commissioner Position No. 1,6400,17532,"36.50 ",1,Ronald F. (Ron) Ricker,,4205,"98.16 "
291,2950,Special Purpose District,Sewer & Water,North City Water District,Commissioner Position No. 1,6400,17532,"36.50 ",11,Write-in,,79,"1.84 "
71,710,City,City/Town,City of Kent,Council Position No. 7,17182,70483,"24.38 ",2,Darryl Jones,,4820,"30.94 "
71,710,City,City/Town,City of Kent,Council Position No. 7,17182,70483,"24.38 ",12,Write-in,,55,"0.35 "
71,710,City,City/Town,City of Kent,Council Position No. 7,17182,70483,"24.38 ",1,Zandria Michaud,,10704,"68.71 "
151,1510,City,City/Town,City of Woodinville,Council Position No. 4,3236,8639,"37.46 ",12,Write-in,,4,"0.13 "
151,1510,City,City/Town,City of Woodinville,Council Position No. 4,3236,8639,"37.46 ",1,Mike Millman,,2405,"76.86 "
151,1510,City,City/Town,City of Woodinville,Council Position No. 4,3236,8639,"37.46 ",2,Shan Evans,,720,"23.01 "
183,1830,School,School,Issaquah School District No. 411,Director District No. 1,23940,73572,"32.54 ",1,A.J. Taylor,,17142,"98.86 "
183,1830,School,School,Issaquah School District No. 411,Director District No. 1,23940,73572,"32.54 ",11,Write-in,,198,"1.14 "
61,610,City,City/Town,City of Issaquah,Council Position No. 2,7627,23737,"32.13 ",1,Zach Hall,,4987,"67.08 "
61,610,City,City/Town,City of Issaquah,Council Position No. 2,7627,23737,"32.13 ",2,Landon Halverson,,2443,"32.86 "
61,610,City,City/Town,City of Issaquah,Council Position No. 2,7627,23737,"32.13 ",12,Write-in,,4,"0.05 "
131,1385,City,City/Town,City of Seattle,Proposition No. 1,220938,480980,"45.93 ",20,No,,66634,"30.82 "
131,1385,City,City/Town,City of Seattle,Proposition No. 1,220938,480980,"45.93 ",10,Yes,,149567,"69.18 "
