{"type":"FeatureCollection","features":[{"type":"Feature","geometry":{"type":"MultiPolygon","coordinates":[[[[-122.00223100032936,43.61564600024758],[-122.00236199985061,43.615498000300185],[-122.00193699970318,43.615495999771092],[-121.99694200021085,43.615480999702847],[-121.99194699982019,43.615466000281252],[-121.99044700014529,43.615461000256438],[-121.98695300015275,43.615449999940175],[-121.98273500026202,43.61543699974127],[-121.98195799976209,43.615434999860518],[-121.97696599974449,43.615456000231163],[-121.97197499955179,43.615478000209052],[-121.96698300043251,43.615498999914365],[-121.9628070003746,43.615517000120484],[-121.96199100041487,43.61552000026267],[-121.9570980001315,43.61554200021714],[-121.95220499984808,43.615564000163516],[-121.94731099973978,43.615586000101899],[-121.94241800035468,43.615608000032168],[-121.93785800015719,43.615608000032168],[-121.93287199998738,43.615609000294896],[-121.92788599981755,43.615609000294896],[-121.92289999964774,43.615609999907221],[-121.91791000017827,43.615603000019171],[-121.9129209996354,43.61559600013036],[-121.91213999983579,43.615594000254845],[-121.91207399971357,43.615594000254845],[-121.90864400019346,43.615589000240675],[-121.90793100016593,43.615587999977627],[-121.90467999984764,43.615584000226093],[-121.90294199962304,43.615581000087062],[-121.90135999993238,43.615579000211049],[-121.90128299993947,43.615579000211049],[-121.89859400003598,43.615574999808551],[-121.89795200015358,43.615574000195636],[-121.89553199986361,43.615569999792804],[-121.89541300003792,43.615569999792804],[-121.89296299961072,43.6155670003034],[-121.89194499998466,43.615562999900099],[-121.89067000044065,43.615562999900099],[-121.88977400011503,43.615562000286985],[-121.88972800008426,43.615562000286985],[-121.88298399959835,43.615552000252919],[-121.88036900021302,43.615562000286985],[-121.87800099980159,43.615564999776595],[-121.87366099971214,43.615576000071769],[-121.87301800000481,43.615576999684642],[-121.87135699977311,43.615581000087062],[-121.87130900009255,43.615581999699806],[-121.82496999994764,43.615492000013397],[-121.8240660001244,43.615493999892244],[-121.82382000007709,43.615493999892244],[-121.82218800015774,43.615510000221612],[-121.82115399973985,43.61552000026267],[-121.82082300020203,43.615522000140636],[-121.81876500031032,43.61554200021714],[-121.81815799968967,43.615547999848573],[-121.81766599959509,43.615552999866146],[-121.81743399979149,43.615554999743019],[-121.81724800001867,43.615557000270158],[-121.81673900020563,43.615561000023533],[-121.81650800022695,43.615564000163516],[-121.81634900021828,43.615564999776595],[-121.81587499966703,43.615569000179811],[-121.81571700038161,43.615571000056107],[-121.81569899993994,43.615571000056107],[-121.81514900011904,43.615576000071769],[-121.81504199998892,43.615577999947881],[-121.81486399971369,43.615579999823879],[-121.81370899982029,43.615589999853341],[-121.81288100016504,43.615598000005754],[-121.81020999980488,43.615623000068737],[-121.80865400005348,43.615638000101548],[-121.80720100023427,43.615651999868639],[-121.80652500001665,43.615658000139469],[-121.80576400030856,43.61566500002111],[-121.80506100032675,43.615671999901942],[-121.80480699988354,43.61567399977482],[-121.8035990002867,43.615686000311491],[-121.80310600036718,43.615691999928558],[-121.80260099985381,43.615696000323275],[-121.79868500008689,43.61573599970356],[-121.79447700024193,43.615778000227344],[-121.79437299958653,43.615786999964136],[-121.7933569996103,43.615796999959166],[-121.78999800023529,43.615831999928631],[-121.78873200001382,43.615836999922593],[-121.78540299987773,43.615870000002488],[-121.78394300038582,43.615884999973687],[-121.77915600040762,43.615929000257793],[-121.77888000022307,43.615931000122167],[-121.77381700006036,43.615977000235453],[-121.77327700028519,43.61598099996089],[-121.77076499993372,43.616005000258895],[-121.76875399989765,43.616023000313554],[-121.76369099973492,43.616068999706094],[-121.75953300011867,43.61610400016761],[-121.75874700029621,43.616109999742967],[-121.75579399990376,43.61613500024346],[-121.75380299995916,43.616150999751895],[-121.74885899962214,43.616191999732862],[-121.74727199990862,43.616204999768549],[-121.7464810000633,43.616212000236892],[-121.74632000040481,43.616212999839199],[-121.74568699984489,43.616217999801478],[-121.74391500018345,43.616232999685877],[-121.74292199977343,43.616232000083897],[-121.73892900001361,43.616228999977196],[-121.73690399973385,43.616227000122784],[-121.7339429998438,43.616225999870345],[-121.73285800027058,43.616225000268258],[-121.73083299999081,43.616224000015826],[-121.73061700008074,43.616224000015826],[-121.72895699967395,43.616222000161201],[-121.7240800001824,43.616219000054052],[-121.72397100040247,43.616219000054052],[-121.7197440002909,43.616202999913334],[-121.71847899989436,43.616202999913334],[-121.71823700004499,43.616202999913334],[-121.71747100031402,43.616202000310871],[-121.71445099997443,43.61619999980519],[-121.71368900044142,43.61619999980519],[-121.71344500004393,43.61619999980519],[-121.713260000096,43.61619999980519],[-121.70818900043568,43.616317000009893],[-121.70471800000938,43.616398000118295],[-121.70234799994813,43.616451999913131],[-121.697664999727,43.616464999892621],[-121.69517699966495,43.616471999680321],[-121.69269000032614,43.616479000117529],[-121.68771000000409,43.616493999936822],[-121.68596699975662,43.616503999814292],[-121.68377999999348,43.616506999907273],[-121.68272899985712,43.616508000154994],[-121.67902800017538,43.616498000278241],[-121.67775000025833,43.616492999688873],[-121.6727719995861,43.616477999869339],[-121.66912500033102,43.616466999739167],[-121.66779299998728,43.616463000046053],[-121.66281500021337,43.61644800021903],[-121.65853100020043,43.616443000275872],[-121.65786500002859,43.616442000027028],[-121.65291599966868,43.616437000083366],[-121.64795100031355,43.616542999710624],[-121.64473199978232,43.616616999744629],[-121.64298699988504,43.616648000206375],[-121.63802099980673,43.616622999919173],[-121.63505300024396,43.616608000132061],[-121.63305599955328,43.616598000271885],[-121.63032900001495,43.616584000074674],[-121.62809100019818,43.616572999963886],[-121.62312500011983,43.616548000295829],[-121.62161399967594,43.61654099986665],[-121.61816200041454,43.616522999967046],[-121.61512799983124,43.616506999907273],[-121.61319799998601,43.616498000278241],[-121.61060000031912,43.61648599990361],[-121.60823500028074,43.616472999928675],[-121.60616499979511,43.616464000294556],[-121.60583400025733,43.616461000199415],[-121.60542500000341,43.61645899970236],[-121.60327199967713,43.61644800021903],[-121.60299999969057,43.61644800021903],[-121.60001799988412,43.616443000275872],[-121.59829399990322,43.616440000179701],[-121.59331699995423,43.61643099989027],[-121.58901600022284,43.616424999696562],[-121.58833900018031,43.616422999848666],[-121.58561099991877,43.61641799990344],[-121.58513499971771,43.616417000304544],[-121.58412799996232,43.616414999806011],[-121.58351500039223,43.616414000207072],[-121.58336100040643,43.616414000207072],[-121.57923800005196,43.61642599994569],[-121.57692800026514,43.616432000139291],[-121.57435300016448,43.616440000179701],[-121.56946900010189,43.616453999760068],[-121.56479799957633,43.616466999739167],[-121.56456099974987,43.616466999739167],[-121.55970699982454,43.616474999774901],[-121.55551400004818,43.616479999715402],[-121.55524399971142,43.616476000023205],[-121.55482899960974,43.616479999715402],[-121.5502280003027,43.616490999843194],[-121.54994600027041,43.61649200009122],[-121.54786400008923,43.616497000030307],[-121.54773799969252,43.616497000030307],[-121.54750699971383,43.616497000030307],[-121.54749099982034,43.616497000030307],[-121.5474759997517,43.616497000030307],[-121.54570300026533,43.616500000123636],[-121.54222900036427,43.616511000247776],[-121.54207000035562,43.616511999845109],[-121.54018999984083,43.616519000277712],[-121.53531300034926,43.616532000242707],[-121.53454800044321,43.616534000086972],[-121.53322699997011,43.61653799977536],[-121.53043599995938,43.616545999801666],[-121.52555799974458,43.616556000320841],[-121.52374800044829,43.616560000007716],[-121.52132499978526,43.616566000187944],[-121.52108499958575,43.616566999784361],[-121.52065500031375,43.61656800003113],[-121.51968600019318,43.616571999717209],[-121.51577500044912,43.616584000074674],[-121.51547800034821,43.616582999828168],[-121.51087799996778,43.61660099970981],[-121.51072599963182,43.616601999956011],[-121.50707900037671,43.616614999903064],[-121.50625500002108,43.61661799999051],[-121.50598200020963,43.616619000236433],[-121.5010029997125,43.61666100014348],[-121.49870799999431,43.616680999841151],[-121.49858400014574,43.6166839999253],[-121.49602400011369,43.616704000265685],[-121.49110499989101,43.616706000104287],[-121.49069599963708,43.616706000104287],[-121.49067399989579,43.616706000104287],[-121.48947299997162,43.61670699969833],[-121.4871830002763,43.616703000021232],[-121.48631100024014,43.616703000021232],[-121.48623400024724,43.616701999776708],[-121.48600499991838,43.616701999776708],[-121.48592899975037,43.616701999776708],[-121.48577200028986,43.616701999776708],[-121.48530100011166,43.616701999776708],[-121.48514499957774,43.616701999776708],[-121.48367900023806,43.616699999938028],[-121.47928700027005,43.616695000015781],[-121.47797800039088,43.616695000015781],[-121.47782299968186,43.616693999771172],[-121.4764319997869,43.616691999932222],[-121.47402099971774,43.616688999848471],[-121.47141100035529,43.61666100014348],[-121.47078199999335,43.616654999972724],[-121.47055000018975,43.616651999887125],[-121.46646600019335,43.616606999885953],[-121.46443699971562,43.616606999885953],[-121.46283199956042,43.616608000132061],[-121.4620080001031,43.616608000132061],[-121.45854000004988,43.616609999973797],[-121.45798699985589,43.616609999973797],[-121.45710999979686,43.616603000202154],[-121.45301800030283,43.616571000120921],[-121.45221200038888,43.61656499994119],[-121.44804800002653,43.616532999839691],[-121.44773199965903,43.616529000150969],[-121.44731300025769,43.616524000214547],[-121.44309799984173,43.616476000023205],[-121.44241599977633,43.616467999987542],[-121.43814799965692,43.61641799990344],[-121.43751800036837,43.616414999806011],[-121.43639600008692,43.616409000261079],[-121.43323799965506,43.616393999770224],[-121.4326190002372,43.616391000321975],[-121.42879299998363,43.616372000127505],[-121.42832799965322,43.616370000277797],[-121.4276230000216,43.616369000027788],[-121.42645300005958,43.616364999677792],[-121.42341000015377,43.616362000228094],[-121.42262599998112,43.616360999977893],[-121.41849099993111,43.616354999777258],[-121.41762999976555,43.616354999777258],[-121.41356400021081,43.616352999926981],[-121.41263400044832,43.616351000076698],[-121.40863599976731,43.616349000226293],[-121.40764599973035,43.616333000120221],[-121.4036429999248,43.616279000218512],[-121.4026579999107,43.616313999907426],[-121.39849799974631,43.616217999801478],[-121.39767000009107,43.616294999688584],[-121.39610500011885,43.61628200032272],[-121.39367700033125,43.61626499994702],[-121.39291400007501,43.616273000009642],[-121.39281399961759,43.616274000261249],[-121.39268200027142,43.616276000114155],[-121.38870299985696,43.616320000112204],[-121.38801099974586,43.616328000167499],[-121.38771899966781,43.616331000269263],[-121.38542899997249,43.616357000277773],[-121.38372900028105,43.616375999826623],[-121.38275500013759,43.616386999973436],[-121.37894200030286,43.616427000194761],[-121.37875399998187,43.616432000139291],[-121.37779200043232,43.616443000275872],[-121.37734399982035,43.616442000027028],[-121.37156599998029,43.616511999845109],[-121.36880599993167,43.616542999710624],[-121.36786100010055,43.616519999874868],[-121.36382300013489,43.616556000320841],[-121.3628940001973,43.616542000113853],[-121.36022899968495,43.616561000254592],[-121.35884000033813,43.616569000277835],[-121.35792700029407,43.616563000097905],[-121.35385599981811,43.616582000232064],[-121.35295899966756,43.616584000074674],[-121.34887300002136,43.616595000183445],[-121.3479619996271,43.616600000113962],[-121.34652100040174,43.61660399979796],[-121.34385199969141,43.616611000219848],[-121.34296399976171,43.616614999903064],[-121.33989599974154,43.616624000164954],[-121.33742000027338,43.616626000006164],[-121.33653200034367,43.616626000006164],[-121.33386900037944,43.61662799984736],[-121.33296899985585,43.616645000120421],[-121.32878899959996,43.616659000303436],[-121.32794000002832,43.61666100014348],[-121.32380599980318,43.616672999832822],[-121.32294899983562,43.616675000322758],[-121.31882300000642,43.616685999764563],[-121.31795799964294,43.616688999848471],[-121.31383900038475,43.616699999938028],[-121.31296700034855,43.616703000021232],[-121.31280800033988,43.616703000021232],[-121.30885599968964,43.616714000108232],[-121.29888199970019,43.616685000170129],[-121.29828900022156,43.616682999680513],[-121.29389499970544,43.616670999993168],[-121.29339699976308,43.616669000153408],[-121.28890799971072,43.616656000218029],[-121.28836600028571,43.61665800005818],[-121.28399699988394,43.616672000238161],[-121.28333499991002,43.616675000322758],[-121.27908500023226,43.616688999848471],[-121.27830400043271,43.616690999687513],[-121.27417400040554,43.616704999859813],[-121.27327300005702,43.616707999942768],[-121.26926199985554,43.616720999866907],[-121.26827000016877,43.616725999786993],[-121.26429199957924,43.616744999869603],[-121.26326700028051,43.61674999978765],[-121.25947199998909,43.616768000269666],[-121.25928200001829,43.616770000106079],[-121.25112999991899,43.616837000116341],[-121.24748000029085,43.616819000305341],[-121.24616399984065,43.616816000227921],[-121.24590400044798,43.61681499998533],[-121.24540899998033,43.616819000305341],[-121.24392699984878,43.616830999963156],[-121.24343300010437,43.616835999874041],[-121.24135199974809,43.616854999921948],[-121.24092900014882,43.616857999997414],[-121.23944500036745,43.616872999722169],[-121.23511000030088,43.616883000186917],[-121.23302999976951,43.616888999684555],[-121.22767999955163,43.616907000124904],[-121.21854400016146,43.616937999786835],[-121.21163099962114,43.616948999830846],[-121.20628200012648,43.616959000282954],[-121.20609399980552,43.61695999987284],[-121.20366600001792,43.616964000183252],[-121.20220599962765,43.616967000253233],[-121.18998100030095,43.616999999712995],[-121.18720799983353,43.617007999677824],[-121.18590599962705,43.617011999985053],[-121.18586399979425,43.617011999985053],[-121.18510300008614,43.617013999813352],[-121.18269500039005,43.617021999776327],[-121.1820099999516,43.61702600008261],[-121.18189399960067,43.61702600008261],[-121.18096100036342,43.617032000216341],[-121.17816500032983,43.61704899972483],[-121.17746300017293,43.617054000267963],[-121.17723300001917,43.617056000094863],[-121.17677400043486,43.617051999790625],[-121.1757579995603,43.617046000309244],[-121.17539699988528,43.617046000309244],[-121.17493800030098,43.617046000309244],[-121.17344799977349,43.617046999897688],[-121.16898100036076,43.617051999790625],[-121.16749199965821,43.617054000267963],[-121.1663379995897,43.617054999856272],[-121.16310200023835,43.617059999748534],[-121.16287700010744,43.617059999748534],[-121.1617239998639,43.617065000290744],[-121.16163799965017,43.617065000290744],[-121.15987199983647,43.617073000246926],[-121.15431599975425,43.617095999871168],[-121.15246499955174,43.617105000061059],[-121.15239400030495,43.617105000061059],[-121.1485310002415,43.617122000199274],[-121.14629199970148,43.617131999972294],[-121.13673199998878,43.617144000217955],[-121.13479700012068,43.617147000279012],[-121.13280600017612,43.617155999810905],[-121.13219699990566,43.617158000284832],[-121.13039099990903,43.617166000228643],[-121.12979400023245,43.617169000288598],[-121.12960400026162,43.617169000288598],[-121.12904600004482,43.617171000111675],[-121.12886100009689,43.617172999934702],[-121.12819800029807,43.617175999994309],[-121.12621099965314,43.617185999758348],[-121.12612500033774,43.617186999994779],[-121.12554899967925,43.617172999934702],[-121.12544900012014,43.617171999698044],[-121.1253629999064,43.617171000111675],[-121.1248060004128,43.617171000111675],[-121.12462099956655,43.617171000111675],[-121.12420700018809,43.617169999874939],[-121.12296600008096,43.617169999874939],[-121.12255299962908,43.617169999874939],[-121.12006299991722,43.617168000051826],[-121.11259399970822,43.617164999991822],[-121.11027800007363,43.617163999755029],[-121.11010499982129,43.617163999755029],[-121.10881000018577,43.617161999931668],[-121.10493299987861,43.617160000108285],[-121.10363999989295,43.617160000108285],[-121.10345199957196,43.617160999694825],[-121.10244599964146,43.617160000108285],[-121.09886799998336,43.617160000108285],[-121.09767600028006,43.617160000108285],[-121.09750399985261,43.617160000108285],[-121.09670299996152,43.617158999871364],[-121.09378899992711,43.617158000284832],[-121.09281800015674,43.617158000284832],[-121.09210500012921,43.617147000279012],[-121.09208400021281,43.617158000284832],[-121.09025300010181,43.617158000284832],[-121.08996799969644,43.617158999871364],[-121.08928099960819,43.617164999991822],[-121.08925600039215,43.617164999991822],[-121.08915400028489,43.617164999991822],[-121.08529299987124,43.617174000171389],[-121.08435800008589,43.617177000230946],[-121.08037399964859,43.617185999758348],[-121.08013900037025,43.617186999994779],[-121.07956199988685,43.617188000231231],[-121.0754550003242,43.61719799999328],[-121.07476599968781,43.617199000229505],[-121.07341599980074,43.617202999873662],[-121.07133600016772,43.617204999695609],[-121.06978999956374,43.617210000225761],[-121.06555999997745,43.617215999690778],[-121.06481299961474,43.617216999926747],[-121.06248399956137,43.617219999984172],[-121.06227400039739,43.617218999748239],[-121.06058300002846,43.617221999805544],[-121.05983700038898,43.617223000041427],[-121.05560699990438,43.61722799991972],[-121.05486000043999,43.617229000155497],[-121.05062999995539,43.617234000033299],[-121.04987099989712,43.61723500026897],[-121.04565200018148,43.617240999731486],[-121.04488300007745,43.617241999966993],[-121.04067500023248,43.617246999843715],[-121.03989400043292,43.617248000079165],[-121.03569599973538,43.617252999955397],[-121.03490499989003,43.617254000190748],[-121.03400699991458,43.617256000011004],[-121.0321089998564,43.617257999831239],[-121.03071999961128,43.617259000066461],[-121.02990899967446,43.617260000301719],[-121.02491199963399,43.617266999996836],[-121.02076700043654,43.617271999871527],[-121.01991600031673,43.617273000106522],[-121.01579100031243,43.617277999980715],[-121.01492000010118,43.617279000215603],[-121.01010200016083,43.617298999707728],[-121.00585199958476,43.617313999972829],[-121.00497399970078,43.617320000077818],[-121.00112800025407,43.617343000257939],[-121.0008899997044,43.617343999841395],[-121.00000099994975,43.617349999943393],[-120.99976099975024,43.617351000177138],[-120.995927999824,43.617374999928337],[-120.99502800019873,43.617379999794046],[-120.99096599994363,43.617404999766521],[-120.99067100039086,43.617404000184031],[-120.9905209997047,43.617404000184031],[-120.99027100035775,43.617404000184031],[-120.99001400043981,43.617407000232106],[-120.98836800027672,43.617410000280039],[-120.98500099960751,43.61741699995774],[-120.98332900040346,43.617421000237712],[-120.97998799967348,43.617426999681662],[-120.97835400010428,43.617429999728593],[-120.97497499973949,43.617437000054323],[-120.97497599956441,43.616765999782814],[-120.97495899984595,43.615383999951732],[-120.97332899957641,43.615385999834182],[-120.97294500033514,43.615397000162098],[-120.97211500013175,43.615387999716617],[-120.96834199958165,43.615394000013744],[-120.96831399999257,43.615394000013744],[-120.96716199957392,43.615395999895902],[-120.96329900040874,43.615400999926116],[-120.96242399999952,43.615399000044171],[-120.9598890000818,43.615407999837679],[-120.9582849997515,43.615407999837679],[-120.95327000016769,43.615414999748381],[-120.94825499968556,43.615422999924128],[-120.94584100014167,43.615426000071039],[-120.94580400033175,43.615426000071039],[-120.94324000010172,43.615429999833083],[-120.93846700036724,43.61543600012606],[-120.93757199986649,43.615439000272332],[-120.93258599969668,43.615443000033551],[-120.93083400012671,43.615448000059864],[-120.92322699982547,43.615459999991259],[-120.92260500003454,43.615461000256438],[-120.92133899981305,43.61546300013633],[-120.91823599963277,43.615466999895958],[-120.91324399961516,43.615475000064734],[-120.90942999995549,43.615478999823566],[-120.90825199959754,43.615481999967635],[-120.90536000020278,43.615486999990743],[-120.90381799979677,43.615488000255432],[-120.90326100030317,43.615490000134464],[-120.89826900028555,43.615497000035617],[-120.89707699968393,43.615498000300185],[-120.89327700026794,43.615505000200457],[-120.88828600007527,43.615512000099876],[-120.88746099989473,43.615513999978113],[-120.87830200004004,43.615527000160377],[-120.87348999994751,43.615535000321181],[-120.87349199959732,43.616451999913131],[-120.87349900016832,43.619099999801463],[-120.87350199964305,43.619982999709258],[-120.87350400019119,43.620755000260765],[-120.87351000003898,43.623070000176071],[-120.87351300041203,43.623843000231282],[-120.87351000003898,43.624318000195522],[-120.87350199964305,43.625744999865972],[-120.87349999999324,43.626220999843412],[-120.87350500001611,43.626630999955388],[-120.87352000008474,43.627859999709109],[-120.87352599993251,43.628270999747706],[-120.87352699975743,43.628678000046115],[-120.87353000013046,43.629901000060819],[-120.8735319997803,43.630308999743335],[-120.87352400028266,43.63212500004569],[-120.87350199964305,43.637574999828651],[-120.87349499997038,43.639392000174986],[-120.87349499997038,43.639904999967179],[-120.87349599979527,43.641443999716792],[-120.87349699962019,43.641958000015038],[-120.87349699962019,43.643733999756535],[-120.87349800034342,43.649063000222064],[-120.87349900016832,43.65084000018426],[-120.87349900016832,43.652913000263815],[-120.87349999999324,43.659135000024975],[-120.87350099981816,43.66120899986759],[-120.87350099981816,43.664012000129823],[-120.8735030003663,43.672422999872765],[-120.87350400019119,43.675227000113303],[-120.87351400023695,43.676009000174197],[-120.87352799958232,43.677004000249674],[-120.87354600002398,43.678357000018835],[-120.87355699989465,43.679140000074412],[-120.87355699989465,43.679477000281935],[-120.87355799971957,43.680031999869946],[-120.87355799971957,43.680488999774681],[-120.87355900044277,43.68082700002806],[-120.87356100009261,43.683109999851112],[-120.87356899959022,43.689961000306631],[-120.87357199996325,43.69224500031423],[-120.87357500033633,43.693125999729858],[-120.87358700003188,43.695771000017643],[-120.87359100022982,43.696652999806041],[-120.87358700003188,43.697330999815271],[-120.87357600016122,43.699367999810171],[-120.87357299978817,43.700046999800591],[-120.87357199996325,43.700389000210428],[-120.87357199996325,43.701415000126019],[-120.87357199996325,43.701549000283393],[-120.87357500033633,43.7017580000037],[-120.87357500033633,43.702487000142732],[-120.87357500033633,43.702569999910914],[-120.87357399961309,43.704673999974716],[-120.87357399961309,43.705403999789191],[-120.87357500033633,43.707206999894908],[-120.87358000035917,43.712616000130154],[-120.87358200000901,43.714419000164511],[-120.87358200000901,43.715057999693791],[-120.87358399965882,43.716977999871332],[-120.87358500038204,43.717617999894124],[-120.87357699998611,43.719374999944073],[-120.87356100009261,43.723404999747899],[-120.87355500024482,43.724645999977064],[-120.87355000022195,43.726081999719732],[-120.87354900039703,43.726404000082532],[-120.87355799971957,43.726717999729026],[-120.87358600020696,43.727659999828184],[-120.87359600025269,43.72797499972134],[-120.87360700012336,43.728522000312815],[-120.87363999973533,43.730166000285891],[-120.87365099960596,43.730713999986065],[-120.87363300006263,43.732190000037129],[-120.87358100018409,43.736618000017316],[-120.87356399956732,43.738095000113944],[-120.87357299978817,43.738957999845908],[-120.87359999955235,43.741550000031999],[-120.87360899977317,43.742414000035787],[-120.87360899977317,43.742659000168352],[-120.87360899977317,43.7433949998237],[-120.87360999959809,43.743640999912934],[-120.87360100027558,43.746037999992119],[-120.87357799981103,43.753233000219382],[-120.87357000031344,43.755631000189737],[-120.87357100013836,43.757370000029063],[-120.87357500033633,43.762589999874848],[-120.87357600016122,43.762718000267263],[-120.87356699994038,43.764330000256635],[-120.87356399956732,43.76468099979548],[-120.87355600006974,43.765735999744109],[-120.8735540004199,43.766087999817962],[-120.87354100000111,43.76816900015983],[-120.8735030003663,43.774413999866994],[-120.8734909997724,43.776495999993855],[-120.87347999990173,43.778310999971858],[-120.87344999976453,43.783756000108724],[-120.87343999971878,43.78557200023004],[-120.87342999967302,43.787131999780051],[-120.87341999962729,43.788939000084277],[-120.87440399981647,43.788940000053145],[-120.87629299965381,43.788941999990918],[-120.87785400032639,43.788943999928577],[-120.8787210003397,43.788949999741199],[-120.88132499985439,43.788968999792317],[-120.88219299969259,43.788976000219236],[-120.88394299961277,43.788968999792317],[-120.88919300027155,43.788951999678588],[-120.89094400001662,43.788945999866165],[-120.8922319999794,43.788949999741199],[-120.89609900024084,43.788962000013129],[-120.89652900041115,43.788963999950113],[-120.89738800002856,43.788966999855489],[-120.89849900043933,43.788967999823939],[-120.90450099968707,43.7889740002826],[-120.91604800004468,43.788986999869337],[-120.91621399972604,43.798776999769657],[-120.91633500009986,43.805889999768333],[-120.91634099994765,43.806997000262278],[-120.91635900038931,43.810317999877171],[-120.916366000062,43.811426000227833],[-120.9163920000013,43.813291999811206],[-120.91647200036722,43.818892000278396],[-120.91649900013138,43.820758999991021],[-120.91650400015428,43.821019000016477],[-120.91652199969761,43.821799999847805],[-120.91652900026861,43.822060999939502],[-120.91652699972049,43.822138000183166],[-120.91652500007066,43.822369000318254],[-120.91652500007066,43.822447000220933],[-120.91655199983482,43.824264000267235],[-120.91663600039875,43.829718000193175],[-120.91666399998783,43.831535999807855],[-120.91669800032302,43.833948999972996],[-120.91670199962267,43.834279000047282],[-120.91681799997363,43.842509999855508],[-120.9168229999965,43.84286299979253],[-120.91685700033169,43.845254000031872],[-120.91685800015658,43.845497000042016],[-120.91686099963133,43.846225999963934],[-120.91686300017946,43.846470000203318],[-120.91686999985217,43.846958999924944],[-120.91689099976857,43.848428999813905],[-120.91689900016448,43.848918999932266],[-120.91690800038531,43.848985999860389],[-120.91693599997441,43.849186999840974],[-120.91694600002015,43.849254000115899],[-120.91693799962422,43.849369000170512],[-120.91691800043107,43.849716999745709],[-120.91691199968496,43.849832999800689],[-120.91697299978431,43.854394000001641],[-120.91704599957926,43.859690999733964],[-120.9171600002804,43.868077000207222],[-120.91722300002957,43.872637999869184],[-120.91723200025042,43.873137999708661],[-120.91723499972514,43.873364999879186],[-120.91727400008322,43.87554899988546],[-120.91728699960368,43.876278000249144],[-120.91728900015183,43.876470000057665],[-120.91729599982452,43.876880000174545],[-120.91729599982452,43.876908999949642],[-120.91729800037264,43.877046000304027],[-120.91730099984738,43.877239000013574],[-120.91730400022044,43.877519000165073],[-120.91731599991599,43.878358999847904],[-120.91732000011396,43.878639999678555],[-120.91733099998461,43.878988999770826],[-120.91736699996963,43.880036000084708],[-120.91737899966517,43.880386000150104],[-120.91739700010686,43.882164000171912],[-120.91745200035845,43.887500999886385],[-120.91747099972669,43.889280000140943],[-120.91753299965097,43.893648999732299],[-120.91764499980398,43.901405000021519],[-120.91767999996407,43.903882999692115],[-120.91772000014704,43.906756000273766],[-120.91778299989623,43.911126000234127],[-120.91785499986624,43.916156000099335],[-120.91792099998851,43.920758999914696],[-120.91797100021719,43.931246999851581],[-120.91799600033157,43.936278000203231],[-120.91800600037733,43.93834799980133],[-120.91800700020222,43.938721999813708],[-120.91804300018723,43.946056999781433],[-120.9180549998828,43.948502000234491],[-120.91806499992855,43.950673999697003],[-120.91809800043883,43.957191999850018],[-120.9181090003095,43.959365000222313],[-120.91912399956249,43.959387999779224],[-120.92217099966626,43.959456999689742],[-120.9231869996425,43.959481000202125],[-120.93636199972154,43.959785000033655],[-120.94432600039814,43.959954000239343],[-120.94973799964201,43.960071000050412],[-120.95008400014675,43.960075999782958],[-120.95140899991948,43.960104000088101],[-120.95722399956945,43.960227999987524],[-120.96431500038497,43.960379000120504],[-120.97030999996004,43.960513999811702],[-120.97163800010578,43.960533999883573],[-120.97565900035301,43.96061899979054],[-120.97921500026982,43.960694999893448],[-120.98179299984524,43.960744999908165],[-120.98259000043667,43.960766999901303],[-120.98658700039444,43.960852000121555],[-120.9866910001515,43.970041000108658],[-120.98671200006791,43.971632000209979],[-120.98673800000718,43.974161000099528],[-120.9868469997871,43.983317999842932],[-120.98693100035101,43.991650999761475],[-120.98694899989438,44.002364999908735],[-120.98697400000873,44.013094999913598],[-120.98697599965854,44.014671999858173],[-120.9869790000316,44.016758000233764],[-120.98699599975004,44.023413000207057],[-120.98700900016884,44.028011999691714],[-120.98701300036679,44.031097000031387],[-120.98701699966644,44.032983999878731],[-120.98700199959781,44.035678000191261],[-120.98699199955207,44.037411000299166],[-120.98698400005446,44.038744999701272],[-120.98698300022954,44.03898900020198],[-120.98696099958994,44.045354000265228],[-120.98695499974214,44.047637000220789],[-120.98784799969474,44.047646000282363],[-120.99027499965742,44.047642999831545],[-120.99108399994442,44.047641999681197],[-120.99123100025751,44.047641000176554],[-120.9916739999483,44.047641000176554],[-120.99182200008629,44.047641000176554],[-120.9947100001814,44.047636000070383],[-121.0033760001166,44.047623000050521],[-121.00626500003663,44.04761900009354],[-121.00949899973816,44.047612999834662],[-121.01920099974107,44.047599000304409],[-121.02144299975582,44.047595999851218],[-121.02243600016584,44.047594999700124],[-121.02419600013172,44.047593000043513],[-121.02947799967924,44.047590000235701],[-121.03123900036837,44.047589000084507],[-121.0315230000505,44.047586000276439],[-121.03237800036824,44.047580000014264],[-121.0326629998753,44.047577999711514],[-121.0338899997387,44.047574999902892],[-121.0375710002273,44.047569999791136],[-121.03879899991564,44.047569000285243],[-121.04150299988775,44.047564999678926],[-121.04961800017713,44.047556999756807],[-121.05145699978574,44.047555000098953],[-121.05232299997412,44.047556000250729],[-121.05621600017483,44.047572000094164],[-121.05739299980955,44.047577000205742],[-121.0573800002891,44.049427999737617],[-121.05734000010609,44.055303999781543],[-121.06011400039843,44.055308999885987],[-121.06400800042402,44.05531800007298],[-121.06445799978748,44.055288000090044],[-121.06580799967458,44.055201000118075],[-121.06625899976127,44.055172000099041],[-121.06662199998445,44.05517100007588],[-121.07135899973393,44.055169000029487],[-121.08648200009982,44.055164999936508],[-121.08649399979541,44.055340999898981],[-121.08684399959976,44.060430000126082],[-121.08691300009507,44.061347999892483],[-121.08712099960921,44.064102000284713],[-121.0871909999294,44.065019999916849],[-121.08724199998304,44.065700999850414],[-121.08739699979373,44.06774500021983],[-121.08744899967226,44.068427000230365],[-121.08753900008395,44.069639999943142],[-121.08781000024561,44.073279000304638],[-121.08790099958388,44.074493000309253],[-121.08792599969824,44.074498000083956],[-121.08800100004133,44.074515999785653],[-121.08802600015568,44.074521999900078],[-121.08801399956178,44.074671999982527],[-121.08797900030001,44.075123000216259],[-121.08796800042936,44.075273999749712],[-121.08805000044512,44.076355000256541],[-121.08829599959408,44.079598999705468],[-121.08835800041668,44.080414000011537],[-121.0883509998457,44.080681999759236],[-121.08832099970846,44.08182800022287],[-121.08823299984491,44.085266000058752],[-121.08820400043089,44.086413000267285],[-121.08816400024794,44.087943000223071],[-121.08804600024715,44.092537000217519],[-121.08800699988909,44.094067999841187],[-121.09107900010724,44.094168000236586],[-121.09284900011886,44.09422600011748],[-121.09361099965187,44.094385999983437],[-121.09706799983449,44.094431000230607],[-121.09754400003555,44.094498999894057],[-121.10027800014491,44.094539000039028],[-121.10335200001286,44.09458400016981],[-121.10333899959407,44.095074000022514],[-121.10330000013431,44.096543999734827],[-121.10328800043875,44.097035000081192],[-121.10326900017218,44.097509999684483],[-121.10321300009568,44.098936999972281],[-121.10319499965402,44.099412999699958],[-121.10318600033152,44.099971000001197],[-121.10316000039222,44.101647000038142],[-121.10315899966902,44.101693999684969],[-121.1031519999963,44.102205999771677],[-121.10314100012565,44.102897999872816],[-121.10310900033862,44.104977000080595],[-121.10309900029286,44.105671000273425],[-121.10310199976762,44.106233999882157],[-121.10311199981335,44.107923000076532],[-121.1031160000113,44.108486999934165],[-121.1031009999427,44.108752000265348],[-121.10305599973685,44.10954900007907],[-121.10304200039148,44.109814999908735],[-121.10303999984332,44.109855000012359],[-121.10303399999556,44.109977000290186],[-121.10303300017064,44.110018000025683],[-121.10564799955596,44.110005999901539],[-121.11349500005674,44.109972000289027],[-121.11611100016528,44.109960999898007],[-121.12196400034844,44.109935000138393],[-121.13952700019748,44.109859000279236],[-121.14538100020555,44.10983400021933],[-121.14853600026434,44.109819999923189],[-121.15320699989161,44.109799999862915],[-121.15800399991554,44.109779000050338],[-121.16115999979927,44.109766000131906],[-121.16461500033205,44.109749999682606],[-121.17498000013377,44.10970599987597],[-121.17843599959316,44.109690999802481],[-121.18009199980196,44.109677999864687],[-121.18506200007828,44.109643000315707],[-121.18671900011201,44.109631000115414],[-121.18894299968508,44.109620000305902],[-121.19561500020096,44.109590999860202],[-121.19783999959894,44.109580999792144],[-121.20104499988649,44.109572000116458],[-121.21066400004872,44.109544999791211],[-121.2114880004043,44.10954300029222],[-121.21387000016117,44.109536999859699],[-121.215189999911,44.109530000321882],[-121.21915099988377,44.109513000058648],[-121.22047200035685,44.109508000018231],[-121.22065899995461,44.109507000268096],[-121.2216249997021,44.109502000227224],[-121.2250860000827,44.109487000101907],[-121.22613899986882,44.109482999809906],[-121.22624000015115,44.109482999809906],[-121.22632999966451,44.109482999809906],[-121.22669399971259,44.109482000059337],[-121.22805600019356,44.109479999913162],[-121.22851099957991,44.109479999913162],[-121.22949899996703,44.109474000119299],[-121.23246499987999,44.109456999839971],[-121.23345400009204,44.109451999794814],[-121.23496999966044,44.109443999850711],[-121.23619700042221,44.10943899980446],[-121.23640699958615,44.109438000053203],[-121.23661699964846,44.109437000301874],[-121.23951800016238,44.109422000160116],[-121.24103499955569,44.109414999963619],[-121.24304300011703,44.10941700011201],[-121.243047000315,44.109695999827416],[-121.24315899956967,44.116559000186484],[-121.24319499955467,44.118743999976921],[-121.24319700010281,44.118846999975759],[-121.24319499955467,44.118925999947102],[-121.24319499955467,44.118941000256243],[-121.24319000043015,44.119165999922373],[-121.2431889997069,44.119246999927775],[-121.24314100002633,44.120732999683895],[-121.243047000315,44.123682000225472],[-121.24455100018785,44.123521000169866],[-121.24603099977128,44.123364000317935],[-121.24745299962838,44.1235780001156],[-121.24863400035936,44.123756000055756],[-121.24888799990424,44.122178999994283],[-121.24918500000518,44.122213000322269],[-121.24937999999887,44.122234999765404],[-121.25040099999796,44.122352000037111],[-121.25183100025096,44.122515999934265],[-121.2520730001003,44.122123000170085],[-121.25239299976745,44.121606000115158],[-121.25267599962466,44.121614999892863],[-121.25316900044248,44.121630999709247],[-121.25363100039985,44.121645999976522],[-121.25362999967662,44.121565000035666],[-121.2536289998517,44.121322999741878],[-121.2536289998517,44.12124300019952],[-121.25362399982883,44.120213999935125],[-121.25362200017898,44.11958000021643],[-121.25363800007254,44.117128999845967],[-121.25364599957013,44.116100999802647],[-121.25390699968604,44.116100999802647],[-121.25469000003378,44.116100999802647],[-121.25495199997458,44.116100999802647],[-121.25567699969768,44.116095000035948],[-121.2579089996667,44.116095000035948],[-121.25859699957988,44.116095000035948],[-121.25868500034173,44.109291000308197],[-121.26006299981788,44.109276999883384],[-121.26302100023319,44.109247999914402],[-121.26347399996973,44.109250000068393],[-121.26347399996973,44.109276999883384],[-121.26346599957381,44.11274199998536],[-121.26344700020557,44.12252999980214],[-121.26339399960381,44.124179999962841],[-121.26379199998706,44.124178999816053],[-121.2677379998912,44.124169999784094],[-121.26857499976728,44.124169000281995],[-121.27108700011878,44.124165999841082],[-121.27192499981976,44.124165999841082],[-121.27200299963756,44.124161999897844],[-121.27222299974561,44.124151999716055],[-121.27224000036237,44.124151000213644],[-121.27231900000506,44.124147999771871],[-121.27243700000585,44.124150000066415],[-121.27313800033781,44.124159000101429],[-121.27364100030304,44.124165999841082],[-121.27358900042452,44.126120000036963],[-121.27357500018081,44.126688000104991],[-121.27356500013506,44.126814000215404],[-121.27355599991422,44.126938999957034],[-121.27355400026444,44.127034999811201],[-121.27355199971628,44.127131000154115],[-121.27354900024154,44.12731099989292],[-121.27354699969341,44.12748499982834],[-121.27356299958694,44.128430000053896],[-121.27356799960981,44.128716000120939],[-121.27356900033301,44.128803999763754],[-121.27356699978489,44.128861999837675],[-121.27356799960981,44.128916000233268],[-121.27357699983065,44.129192999969931],[-121.27357900037879,44.129254999905307],[-121.27358299967841,44.129368000223351],[-121.27358299967841,44.129443000081089],[-121.27358600005147,44.129668999781586],[-121.27358699987639,44.129744999954475],[-121.27358799970131,44.129884000000722],[-121.27359199989925,44.130302000154082],[-121.27359400044739,44.130442000219738],[-121.27363899975492,44.131080000194672],[-121.27407099957506,44.131080000194672],[-121.27728799955813,44.131080000194672],[-121.27836100033407,44.131080000194672],[-121.27864199964317,44.131080000194672],[-121.27948600009026,44.131083000284399],[-121.27976800012257,44.131084999699333],[-121.2814739996618,44.131054000055528],[-121.28659500044915,44.130962999800715],[-121.28830199981327,44.130933000125275],[-121.28854000036297,44.130930000027931],[-121.28925699969017,44.130920999735025],[-121.28941300022407,44.130919999702385],[-121.28941300022407,44.131003999805351],[-121.28936899984315,44.132761000149394],[-121.2893229998124,44.134657000218816],[-121.28922800027615,44.13855399980374],[-121.29393999991127,44.138389000044711],[-121.29334599970943,44.140019999826066],[-121.2934489996416,44.14062800021015],[-121.29363699996256,44.141729000247501],[-121.29220000003686,44.141683999907158],[-121.29144199980351,44.141760999938612],[-121.29111200009061,44.141837999869686],[-121.28644399993811,44.141871999840752],[-121.28345100026098,44.141895000189251],[-121.28359299965291,44.149157000291254],[-121.27984500011547,44.149162000199127],[-121.2751779997879,44.149169999922016],[-121.27454299957814,44.149162000199127],[-121.27350499986062,44.149151000014477],[-121.27351499990635,44.150013999719789],[-121.2735240001272,44.15064899990751],[-121.27355300043952,44.151303000218775],[-121.27361399964057,44.152625000193808],[-121.27364299995287,44.153265000208805],[-121.2736730000901,44.153918999890088],[-121.27371999994577,44.154376000028975],[-121.27386399988583,44.155748000091847],[-121.27391199956638,44.156205999849867],[-121.27386700025886,44.156962999719646],[-121.27373400018945,44.159234999903667],[-121.27369099963344,44.159992999765898],[-121.27415199976591,44.159992000225621],[-121.27464600040862,44.159992000225621],[-121.27553500016325,44.159989999856165],[-121.27599600029572,44.159989999856165],[-121.27631699978777,44.159991000040932],[-121.27728000006056,44.159996999860034],[-121.27760200027581,44.159999999769397],[-121.27826000005176,44.160000999953937],[-121.27871000031355,44.160002999678561],[-121.2802340002779,44.159998000044673],[-121.28089299987873,44.159996999860034],[-121.28151300001986,44.159998000044673],[-121.28337300044318,44.1600039998631],[-121.28361299974438,44.160005000047576],[-121.28399299968599,44.160002000138512],[-121.28415699971752,44.160002000138512],[-121.28464899981209,44.160005000047576],[-121.28481299984362,44.160006000232038],[-121.28570800034436,44.160006000232038],[-121.28839600042292,44.160007999956491],[-121.28871600009008,44.160009000140946],[-121.28929199985026,44.160002000138512],[-121.28929100002534,44.159471999843369],[-121.28929000020042,44.159405999923166],[-121.28928900037553,44.15788500005516],[-121.2892879996523,44.157619000114501],[-121.2892879996523,44.157579999707423],[-121.28928699982737,44.157274000130258],[-121.2892879996523,44.157023999908652],[-121.28928500017756,44.156902000112012],[-121.28927599995671,44.156538999938356],[-121.28927299958369,44.156418000028729],[-121.29019900004654,44.15640699990746],[-121.29257300030575,44.156382000210129],[-121.29297699963848,44.156376000023378],[-121.29366799992469,44.156367999988326],[-121.29370100043499,44.156426000057053],[-121.29378400027565,44.156572999820362],[-121.29378599992549,44.156485999912604],[-121.29378400027565,44.156371000082153],[-121.293773000405,44.156256000027589],[-121.29375300031352,44.156145999709615],[-121.29370599955956,44.155961000235763],[-121.29369800006194,44.155928000254704],[-121.29363399958953,44.155731000237871],[-121.29361500022127,44.155643999733194],[-121.29360600000042,44.155574999908438],[-121.29360799965025,44.155551999734087],[-121.29365299985609,44.155374000239327],[-121.29366799992469,44.15527900031455],[-121.29367600032064,44.155174999773827],[-121.29367100029778,44.154863000274368],[-121.2936749995974,44.154121999927483],[-121.29367600032064,44.154046000192068],[-121.29365899970388,44.15357099995078],[-121.29366000042711,44.153502999930403],[-121.29566600044029,44.153469999863844],[-121.29570499990005,44.152914000010604],[-121.29597500023678,44.152685999710947],[-121.29613400024543,44.152692000272893],[-121.29659200000485,44.152687000019476],[-121.29709300032029,44.152681000101559],[-121.29722399984153,44.152679999792937],[-121.29773100000473,44.152675000183038],[-121.29912299972459,44.152671999901301],[-121.29975700010939,44.152671999901301],[-121.3000809999745,44.152671000237021],[-121.3003129997781,44.152671000237021],[-121.30047699980963,44.152675000183038],[-121.30064199966607,44.152694999909073],[-121.30080400004776,44.152723000158673],[-121.30096300005641,44.152767999818373],[-121.30103900022442,44.152792000095516],[-121.30134800002088,44.152891999748746],[-121.30128299972357,44.153023999908065],[-121.30124699973857,44.153112000065093],[-121.30124099989078,44.153129000029011],[-121.30121300030167,44.153246999984994],[-121.30113499958559,44.153786999799095],[-121.30112999956269,44.153831000291902],[-121.30110399962345,44.154073000160196],[-121.30110000032379,44.154103999965081],[-121.30109100010294,44.154196000288096],[-121.30108799972989,44.154228000310816],[-121.30123699969282,44.154271000193162],[-121.30180800032845,44.15434999983534],[-121.30398199967279,44.154655000121309],[-121.30470700029421,44.154756999742617],[-121.3048050002035,44.154171999937454],[-121.30510200030442,44.152416999886917],[-121.30517299955122,44.151999000300748],[-121.30533999995578,44.152019000255869],[-121.30629900003063,44.15213200019722],[-121.3066830001702,44.152154000097909],[-121.30741299991614,44.152197999874673],[-121.30742200013697,44.155519999784858],[-121.30742399978681,44.15616499994325],[-121.30671999998012,44.156104000155182],[-121.30636199977981,44.156073000111917],[-121.30618799970256,44.156058000209889],[-121.30600500030275,44.156042000052366],[-121.30386100019729,44.155857999862782],[-121.30314700034486,44.155796999757349],[-121.30270200010594,44.155806999736704],[-121.30136899993728,44.155839000174801],[-121.30092500042159,44.155849999757443],[-121.30091500037585,44.155943999798637],[-121.30088699988846,44.156228999769311],[-121.30087799966762,44.156324999700502],[-121.30085599992633,44.156538999938356],[-121.30083300036009,44.156732999760379],[-121.30068799969681,44.157957999989094],[-121.30064099984115,44.158366999925939],[-121.30061200042715,44.158695999881822],[-121.30055200015269,44.159400000043931],[-121.30051600016769,44.15968500007817],[-121.30051199996971,44.159726000116834],[-121.30039599961876,44.159992000225621],[-121.3007000002907,44.159999000229242],[-121.30169000032765,44.159999000229242],[-121.30557199975941,44.160002000138512],[-121.30686700029321,44.160002999678561],[-121.30746700034283,44.160002999678561],[-121.30800299992003,44.1600039998631],[-121.30926699959339,44.160007999956491],[-121.30986699964301,44.1600109998653],[-121.30992500026761,44.157078999919406],[-121.31005900016191,44.150427999731129],[-121.3100290000247,44.150274999967131],[-121.30888199962891,44.151054000174064],[-121.30859299992392,44.151119999767928],[-121.30831300043974,44.151117000051698],[-121.30828800032536,44.151115999716517],[-121.30803399988217,44.151115999716517],[-121.30765399994056,44.151044999725691],[-121.30728700041777,44.150907000198103],[-121.30563799988163,44.149964999764457],[-121.30572300027045,44.149908000146667],[-121.30597900036349,44.149720000022114],[-121.30624399977903,44.149527999784269],[-121.30694699976083,44.14891300014574],[-121.30726399995321,44.148636999822017],[-121.30695199978369,44.148672999853375],[-121.30629200035793,44.148751999898906],[-121.30603999956455,44.148674999961898],[-121.3060300004171,44.148665999795277],[-121.30580000026335,44.148454000128943],[-121.30551999988087,44.148515999824326],[-121.30494900014354,44.148645000260593],[-121.30467600033208,44.148634999712208],[-121.30464500036994,44.148633999979587],[-121.3045230001712,44.148564999693484],[-121.30443799978238,44.148488999892201],[-121.30432900000244,44.148228000126487],[-121.30431700030687,44.147210999720514],[-121.30430300006319,44.146004999712176],[-121.30699299979159,44.146012000085811],[-121.30829199962503,44.146015999838575],[-121.3100499999411,44.146011000308775],[-121.31379800037685,44.146003000157741],[-121.3137459996,44.147527999756193],[-121.3136960002696,44.149026000232844],[-121.31392999972302,44.149139000103659],[-121.31392399987523,44.149872000224043],[-121.31391100035475,44.15179200004485],[-121.31390700015677,44.152073000100842],[-121.31389799993596,44.152807000183188],[-121.31388899971515,44.153153999815473],[-121.31389799993596,44.153556000057293],[-121.31392300005032,44.153889999919819],[-121.31392499970012,44.154001000217868],[-121.31391700020254,44.154112000307123],[-121.31389399973799,44.154250999712168],[-121.31389299991309,44.154262000235342],[-121.31387299982161,44.154335000139874],[-121.31379400017887,44.154510000002325],[-121.31377200043758,44.154604000244518],[-121.31374700032323,44.154856999933173],[-121.31376300021674,44.155539000220053],[-121.313753000171,44.156215000155662],[-121.31376499986658,44.156911999904104],[-121.31373800010239,44.158558000200095],[-121.31373700027747,44.158567999711501],[-121.31373700027747,44.158998999858028],[-121.31373700027747,44.159156999911112],[-121.31371399981295,44.15959599986482],[-121.31368000037608,44.160013999773902],[-121.31370600031534,44.160013000234038],[-121.31378599978298,44.160013000234038],[-121.31381300044545,44.160013000234038],[-121.31390100030902,44.159975000305415],[-121.31393800011891,44.159964999743536],[-121.31455999990985,44.159791000135407],[-121.31473900001002,44.159730999773771],[-121.31491300008727,44.159662999762801],[-121.31505399965428,44.159602999915421],[-121.31519199974653,44.159538999882116],[-121.31532499981593,44.159471000294275],[-121.31545100021262,44.1593970001041],[-121.31556400019053,44.159321000073398],[-121.31566999959743,44.159240999799685],[-121.31577099987976,44.159156999911112],[-121.31598900033795,44.158959999718611],[-121.31610200031585,44.158845000198546],[-121.31620799972276,44.158726000274307],[-121.31635000001297,44.158546999833298],[-121.31647300003665,44.158360999941046],[-121.31652499991517,44.158266000313851],[-121.31654599983158,44.15821700012075],[-121.31657599996879,44.158149999869735],[-121.31661699997666,44.158032000050639],[-121.316682000274,44.157792000105637],[-121.31671300023613,44.157634000264203],[-121.31674699967303,44.157314999910817],[-121.3167590002669,44.157155000259976],[-121.31677299961227,44.156778999823921],[-121.31679699990175,44.156489000000484],[-121.3168160001683,44.156392999691541],[-121.31684700013044,44.156303000065762],[-121.31688700031341,44.156213999906939],[-121.31698600004763,44.156040999800716],[-121.31705999966745,44.155935999704965],[-121.31714400023138,44.155834000188023],[-121.31752499999789,44.15540899976601],[-121.31763600032596,44.155300999686588],[-121.31773800043321,44.15521500010265],[-121.31784499966501,44.155133000172796],[-121.31795799964294,44.155054000289788],[-121.31807599964368,44.154979999716019],[-121.31819899966733,44.154908999862172],[-121.31849400011845,44.154754999840193],[-121.31902100037314,44.154513999823699],[-121.31977899970821,44.15415599991308],[-121.32130500022066,44.153456000240183],[-121.32223300033336,44.153018999682786],[-121.32352100029615,44.152434999719347],[-121.32384799963597,44.152280000015644],[-121.32464699987725,44.151904999776342],[-121.32579000007509,44.151377000247003],[-121.32599199974145,44.151289000081057],[-121.32622899956789,44.15119299969178],[-121.32646999959232,44.151102999869863],[-121.32671599963963,44.151018000305889],[-121.32695300036441,44.150941000102321],[-121.32725299994004,44.150867000171978],[-121.32729499977283,44.150857999695042],[-121.32747100039826,44.150823999743004],[-121.32791300026412,44.15075799981814],[-121.32815799958821,44.150733000305841],[-121.32834199971123,44.150719000032908],[-121.32840600018362,44.150714999954317],[-121.32869400006372,44.15070800013838],[-121.32884499967646,44.15070800013838],[-121.32929999996111,44.15071099987545],[-121.32938500034993,44.150712000217453],[-121.3294520002971,44.150712000217453],[-121.32945099957385,44.150680999919913],[-121.3294670003657,44.150411999980811],[-121.32946599964249,44.150268000099061],[-121.32944899992404,44.150152000046234],[-121.32939799987044,44.150028000159956],[-121.32929499993827,44.14992299967826],[-121.32918699998324,44.149854999966465],[-121.32917299973953,44.149846999691889],[-121.32899500036261,44.149744999963495],[-121.32880200001875,44.149679999836088],[-121.32870599975931,44.149631000248043],[-121.32861600024593,44.149561999838305],[-121.32854099990287,44.149465000144168],[-121.32842600027513,44.149281999795406],[-121.32820000031931,44.148832999941874],[-121.32812099977829,44.148686999967047],[-121.32804899980826,44.148578999832779],[-121.32800500032565,44.148522999900223],[-121.32785899983747,44.148398000077783],[-121.32781799982958,44.148349000069992],[-121.32775500008039,44.148240999961843],[-121.32774400020976,44.148201000062627],[-121.32774099983668,44.148129000046829],[-121.32775900027833,44.147986000139923],[-121.3277579995551,44.147915999996108],[-121.32769599963083,44.147681999944034],[-121.32765600034617,44.147586000133636],[-121.32763100023183,44.1475260002534],[-121.32755800043691,44.147399000101672],[-121.32754500001811,44.147388000233008],[-121.3274320000402,44.147254999959387],[-121.32731499986433,44.147143999865087],[-121.32725899978783,44.14706899992715],[-121.32721899960488,44.146988999802339],[-121.32713599976418,44.146782999787618],[-121.32701600011357,44.146625999888158],[-121.3268699996254,44.146436000083689],[-121.32662000027847,44.14618599971454],[-121.32655699963097,44.146122999730409],[-121.32648600038416,44.146043000257293],[-121.32635400013969,44.145895000269377],[-121.32630700028402,44.145864999799763],[-121.3262500003826,44.145828000209448],[-121.32595999995439,44.145728999972079],[-121.32581199981638,44.145666999927712],[-121.32567700009716,44.145582000270466],[-121.32563400043948,44.145534000288606],[-121.32557699963974,44.145471000253195],[-121.32548200010349,44.145332999940699],[-121.32543100004987,44.145258000280187],[-121.32535599970682,44.145181000297477],[-121.32529100030779,44.145114999864056],[-121.3252079995688,44.145017999952557],[-121.32510999965949,44.144938000271154],[-121.32501099992533,44.144873000006996],[-121.3249749999403,44.144832999759259],[-121.32495300019897,44.144787000053263],[-121.32494700035122,44.144764999985057],[-121.32493800013037,44.144723000066399],[-121.32494599962797,44.144636000093804],[-121.32497300029047,44.144574999992102],[-121.32498599981095,44.144545999942764],[-121.32508200007041,44.144443000274805],[-121.32512200025339,44.144410000299366],[-121.32514499981961,44.144378999914942],[-121.3253060003764,44.143982000040673],[-121.32535300023208,44.143910000035611],[-121.32539900026282,44.143837000128862],[-121.32541400033143,44.143813000078005],[-121.3254750004308,44.143709999775766],[-121.32564000028724,44.143439999832808],[-121.32568499959478,44.143320999785779],[-121.32573900002146,44.143184000073866],[-121.32574499986924,44.143168000293805],[-121.32580799961843,44.143016000233096],[-121.32592099959633,44.1427489998363],[-121.32597699967283,44.142660999699316],[-121.32607399975718,44.142546999839539],[-121.32609100037395,44.142527999734092],[-121.32619000010817,44.142399999949944],[-121.32623799978873,44.142352999798376],[-121.32631700032977,44.142304999769543],[-121.32647899981316,44.142234000138821],[-121.32654099973743,44.142190999867026],[-121.32658199974533,44.142154999750282],[-121.32662199992828,44.142120999942193],[-121.3267280002335,44.142006999684327],[-121.32711499984779,44.141653000025229],[-121.32719699986356,44.141570999947099],[-121.32725999961275,44.141482999988135],[-121.32737599996368,44.14129400024818],[-121.32750400001021,44.141089000204403],[-121.32755500006385,44.141008999711197],[-121.32760600011746,44.140912000144283],[-121.32775199970733,44.14068700014321],[-121.32772599976808,44.140643000165952],[-121.32768499976018,44.140574000208872],[-121.32759199987377,44.140396000021958],[-121.32748800011672,44.140171999864428],[-121.32748399991874,44.140161999814538],[-121.32743600023815,44.140044000129592],[-121.32735599987221,44.139804999761047],[-121.327325999735,44.139683999709931],[-121.32730099962062,44.139529000044156],[-121.32727800005441,44.139214999923198],[-121.32727600040459,44.138902999861401],[-121.32728700027525,44.138747000179265],[-121.32730499981859,44.13861800003157],[-121.32732999993297,44.138490000151222],[-121.32733400013089,44.138471999934275],[-121.32739600005517,44.138233000293951],[-121.32749300013955,44.137915999985275],[-121.32318999986006,44.137903999724578],[-121.31918700005447,44.137893999935251],[-121.31894299965701,44.135897000141796],[-121.31910699968854,44.133366999863462],[-121.31843899986684,44.133339000103078],[-121.3178420001903,44.133188999871109],[-121.31710599969821,44.13328399989031],[-121.31709700037572,44.134225000269346],[-121.31803800000887,44.134088000082009],[-121.31790800031251,44.134531000076443],[-121.3178420001903,44.134760000196898],[-121.31651900006739,44.134761000164524],[-121.31623600021015,44.135164999877198],[-121.31398800034762,44.13516699979872],[-121.3140209999596,44.134807999912489],[-121.31404299970092,44.13457600006609],[-121.31409700012757,44.134179000034806],[-121.31418599981603,44.133739999918411],[-121.31425799978607,44.133386999684184],[-121.31412999973955,44.133396000246023],[-121.31374499977508,44.133423999979435],[-121.31361799955347,44.133433999880985],[-121.31337700042737,44.133467000188858],[-121.31334200026726,44.134043999700268],[-121.3112259997509,44.134043999700268],[-121.31120999985737,44.135595000135162],[-121.31120800020756,44.135859000157623],[-121.30960700025032,44.135990999726204],[-121.30928199966199,44.139226999917447],[-121.30492200037938,44.13926600020428],[-121.30492800022715,44.135280999724451],[-121.30493300025002,44.132401999821106],[-121.30654199970488,44.132385999698187],[-121.30884200034424,44.132330999887401],[-121.309401000386,44.132317999772248],[-121.30972299970294,44.125982000276487],[-121.30984099970371,44.12368399989095],[-121.30987099984095,44.123682999735806],[-121.30996100025264,44.123682999735806],[-121.30999200021478,44.123682999735806],[-121.31021999982043,44.123685000046109],[-121.31042999988269,44.123562000181636],[-121.31049099998205,44.123686999711531],[-121.3107899997328,44.123686999711531],[-121.3147170002687,44.123679999915076],[-121.31470399984988,44.125618000043879],[-121.31469499962907,44.12702199981991],[-121.31205699977919,44.12699900012597],[-121.31223900025239,44.127662000159489],[-121.3133239998256,44.127649000306242],[-121.31464600012359,44.127634000273574],[-121.31464399957547,44.127899999943558],[-121.31497300036172,44.128020000202525],[-121.31490499969135,44.12832100018241],[-121.31476300029946,44.128960999987896],[-121.3147170002687,44.129198999696136],[-121.31471300007073,44.129227000129724],[-121.31469499962907,44.129403999754302],[-121.31469899982704,44.129535000154867],[-121.31353300006299,44.129494999831998],[-121.31228500028315,44.129454000069416],[-121.31231899972003,44.130460999701072],[-121.31355999982715,44.13044599973778],[-121.3147259995912,44.130432999852431],[-121.31575699963604,44.130426000210619],[-121.31884999977058,44.13040600003189],[-121.31988199964037,44.130399999783556],[-121.31998899977046,44.130393000137779],[-121.32031299963559,44.130375000031691],[-121.32042200031383,44.130368999780167],[-121.32118999969462,44.130366000298949],[-121.32349399963365,44.130360000046515],[-121.32426299973767,44.130357999962243],[-121.32467600018956,44.13034700014228],[-121.32591499974855,44.130314000025351],[-121.32632800020042,44.130303000197195],[-121.32631200030688,44.129515000319216],[-121.32626799992595,44.12721499984255],[-121.32626799992595,44.127151000152189],[-121.32626999957579,44.126363000135129],[-121.32628100034475,44.126310000095486],[-121.32631399995674,44.126154000031235],[-121.32632599965228,44.126101999918269],[-121.32652300019409,44.125773000114229],[-121.32662000027847,44.125642999874742],[-121.32665200006549,44.125611999953925],[-121.32670399994404,44.125566000103902],[-121.32676800041648,44.12552299994536],[-121.32682199994483,44.125494000210665],[-121.32688300004419,44.125479000275583],[-121.32697199973265,44.125477000026038],[-121.32709200028158,44.125482000004965],[-121.32716599990142,44.125491999961568],[-121.32738099998657,44.125546999692808],[-121.3279810000362,44.12571500023121],[-121.32833599986343,44.125822000160014],[-121.32880299984367,44.125962999999196],[-121.32886599959284,44.125978999927703],[-121.32890300030111,44.125986000096532],[-121.32889999992805,44.124774000320407],[-121.32889800027822,44.123720000306747],[-121.32889800027822,44.123283000153116],[-121.33103999983553,44.12325699980601],[-121.3317260000989,44.123248999796118],[-121.33212799978179,44.123244000273004],[-121.33225199963034,44.123241999947773],[-121.33239100044585,44.123240999785111],[-121.33374299998275,44.12323600026135],[-121.33389799979345,44.123264000297404],[-121.33456300014039,44.123268999818833],[-121.33790599962187,44.123299000162646],[-121.34150400026979,44.1232880003178],[-121.34381800025453,44.123281999991207],[-121.34431500037202,44.123284999832151],[-121.34737300034642,44.123300999841092],[-121.35777099976011,44.123356999838393],[-121.35804000027194,44.123357999999087],[-121.35847700011497,44.12336099983618],[-121.35868899982707,44.123361999996767],[-121.35890100043748,44.123363000157376],[-121.36159600018875,44.123377999984896],[-121.3619579996887,44.123381999981262],[-121.3630480001831,44.123393999968691],[-121.36341100040626,44.123397999963927],[-121.36344700039126,44.123397999963927],[-121.36355600017122,44.123397999963927],[-121.36359299998111,44.123399000123932],[-121.36358100028555,44.124783999752069],[-121.36358100028555,44.124839000142451],[-121.36358100028555,44.124860999897393],[-121.36356600021695,44.126665000281001],[-121.36354699995037,44.128938999825571],[-121.36353699990462,44.130324999851467],[-121.36350900031555,44.130324999851467],[-121.36342800012467,44.130324999851467],[-121.36340100036051,44.130325999894147],[-121.3626909998077,44.130330000064824],[-121.36056500014392,44.130345000057567],[-121.35985600031437,44.130350000269232],[-121.35847200009208,44.130349000226964],[-121.35763799969072,44.130348000184632],[-121.35337100029454,44.130342999972797],[-121.35206599971498,44.130340999887956],[-121.35098600016467,44.130341999930366],[-121.35059199997934,44.130342999972797],[-121.34877000008919,44.13039100005463],[-121.34742400040008,44.13043800005665],[-121.34364900020016,44.130570000136721],[-121.34364199962916,44.130831999988359],[-121.34361099966699,44.13217900029634],[-121.34361099966699,44.13239999980599],[-121.34361099966699,44.133065999809247],[-121.34361099966699,44.133287999860649],[-121.34358499972772,44.134473999739527],[-121.34420700041696,44.134480000218737],[-121.34456999974181,44.134485000080318],[-121.34480300026863,44.134487000024819],[-121.34503599989715,44.134488999969264],[-121.34527899957141,44.134492999857976],[-121.3454690004405,44.134161999770882],[-121.34564799964232,44.13396399997729],[-121.34668399971007,44.133774000039573],[-121.34669100028104,44.136427000053139],[-121.34669700012886,44.138236000020306],[-121.34674700035757,44.138236000020306],[-121.34689999962011,44.138236000020306],[-121.34695099967374,44.138236000020306],[-121.34698199963587,44.137255000151647],[-121.34706200000183,44.134798000243599],[-121.34754700042373,44.134774999709251],[-121.34787700013659,44.134761000164524],[-121.34851800019412,44.134878000126243],[-121.34871200036287,44.134810999812835],[-121.34961399963798,44.134612000290943],[-121.35021100021284,44.134816000291131],[-121.35094500015677,44.13462999975043],[-121.35100799990597,44.134615000201244],[-121.35153299961252,44.134578999978174],[-121.35508699987952,44.134621999991332],[-121.35497399990162,44.13349599987756],[-121.35653600039909,44.13351700028803],[-121.35724900042662,44.133526000185356],[-121.35976699972757,44.133558999797067],[-121.35985600031437,44.133559999784985],[-121.35994599982772,44.133561999760857],[-121.36088499981106,44.133557999809078],[-121.36088599963597,44.133599999933715],[-121.36096699982681,44.136858000079343],[-121.36097199984971,44.137080000059029],[-121.36100100016201,44.138240000299866],[-121.36151099979996,44.138240000299866],[-121.36304300016023,44.138240000299866],[-121.36355399962305,44.138240000299866],[-121.36369500008838,44.138236999929028],[-121.36463200042189,44.138233000293951],[-121.36669500033652,44.138227000196103],[-121.36786899959816,44.138234000202772],[-121.36804000020069,44.138236000020306],[-121.36894800022189,44.138236999929028],[-121.36894800022189,44.137858999692313],[-121.36894800022189,44.13596599976217],[-121.36894999987172,44.133690000007995],[-121.37120199993221,44.133687000050756],[-121.37121199997796,44.135969000248409],[-121.37121899965064,44.137305000267041],[-121.37122399967353,44.138240000299866],[-121.37167499976023,44.138240000299866],[-121.37302899984525,44.138243000025859],[-121.37348099975688,44.13824399993446],[-121.37348099975688,44.138144999872509],[-121.37347999993196,44.138019999993453],[-121.37347900010707,44.137895999764311],[-121.37347599973398,44.137210000269484],[-121.37347200043436,44.1362579997392],[-121.37346099966538,44.134108000303293],[-121.37345700036575,44.13307499977531],[-121.37344200029715,44.130785999689984],[-121.37340299993906,44.124777000085594],[-121.3733970000913,44.123919999924475],[-121.37339500044146,44.123461999851408],[-121.37522499982924,44.123413999942308],[-121.37558200020462,44.123411000107915],[-121.37665199970922,44.123404000278761],[-121.3770099999095,44.123401999958936],[-121.37712500043554,44.123400999798989],[-121.377214000124,44.123400999798989],[-121.37747100004196,44.123399000123932],[-121.37758700039292,44.123399000123932],[-121.37941900032881,44.123413999942308],[-121.38380999957359,44.123449999877785],[-121.38380600027395,44.122343999904672],[-121.38380299990089,44.121392000267747],[-121.38380000042616,44.120511999726936],[-121.38379700005311,44.120455000047485],[-121.3837900003804,44.120285999814797],[-121.38378799983226,44.120230000130931],[-121.38378700000737,44.119754999929533],[-121.38432000010984,44.119759000171207],[-121.38527199961366,44.119767000008785],[-121.38527300033688,44.117690999693622],[-121.3852740001618,44.11668300007122],[-121.38527300033688,44.116604999955655],[-121.38527300033688,44.116373000193953],[-121.38527300033688,44.116295999949401],[-121.38527199961366,44.115957999715974],[-121.3852690001389,44.114946000275566],[-121.385268000314,44.114608999723458],[-121.38526699959077,44.114331999964456],[-121.38526300029113,44.113505000011585],[-121.38526300029113,44.11323000025677],[-121.385268000314,44.112981000233219],[-121.38528500003245,44.112235000021528],[-121.38529099988021,44.111986000320492],[-121.38532799969015,44.110307000075949],[-121.38536299985024,44.108783000002553],[-121.38887399956121,44.108863000289531],[-121.39055300023458,44.10890100022668],[-121.39114200041354,44.108918999780968],[-121.39273400014994,44.108968000260006],[-121.39290800022722,44.108971000182727],[-121.39349700040619,44.108984000275974],[-121.39359000029262,44.108979999949881],[-121.39387200032492,44.10896900001925],[-121.39396600003624,44.108966000096466],[-121.39427400000783,44.108968000260006],[-121.3951800003792,44.10897700002765],[-121.39519899974744,44.10897700002765],[-121.39550800044228,44.108979999949881],[-121.39558000041228,44.10898599979393],[-121.39579700014724,44.109004999725997],[-121.39586999994218,44.109011999971059],[-121.39599499961565,44.109011000212533],[-121.3963710002576,44.109006999888258],[-121.39649699975601,44.109006999888258],[-121.39655200000756,44.109006000129646],[-121.39671699986403,44.109004999725997],[-121.39677299994052,44.109004999725997],[-121.39708000008719,44.109001000046341],[-121.39800099962885,44.108987999956788],[-121.39830899960043,44.108985000034963],[-121.39995999978636,44.108979000190857],[-121.40355699971107,44.10896699985576],[-121.40358400037358,44.107607999841534],[-121.40361799981045,44.10595700021657],[-121.40360600011489,44.105194000147364],[-121.40357199977969,44.10290699991959],[-121.40356099990902,44.102144999707996],[-121.40355300041145,44.100837000172049],[-121.40353099977182,44.096915000114151],[-121.4035240000991,44.095607999696632],[-121.40351999990115,44.095319000039169],[-121.40351099968034,44.094451999689092],[-121.4035080002056,44.094163000188587],[-121.40350499983252,44.09413099987129],[-121.40349899998476,44.094035000105848],[-121.40349700033494,44.094003999731626],[-121.40346499964957,44.090881000047929],[-121.40337099993822,44.081512999696024],[-121.40335099984675,44.079463000240814],[-121.40328999974737,44.078393000181805],[-121.40327399985387,44.076875999804699],[-121.40322600017326,44.072326999714726],[-121.40321100010466,44.070810999777528],[-121.40319799968587,44.070235000237595],[-121.40316000005105,44.068510000295277],[-121.40314800035547,44.06793500011522],[-121.40314800035547,44.067691999895622],[-121.40314800035547,44.066961999881819],[-121.40314900018039,44.066720000014179],[-121.40311200037047,44.065298999983895],[-121.4030019998673,44.06103699977978],[-121.4029659998823,44.059617000135354],[-121.40294900016384,44.058902999966818],[-121.40289800011021,44.056762000088284],[-121.40288200021671,44.056048999716211],[-121.40287700019381,44.05577600003442],[-121.40286399977502,44.054959999973633],[-121.40285999957707,44.054687999821823],[-121.40285700010234,44.054614000039038],[-121.40285100025457,44.054392000135906],[-121.40284899970642,44.054317999983233],[-121.40278199975928,44.052055000165147],[-121.40276300039099,44.051403000096087],[-121.40890100008117,44.05142500006491],[-121.41116499983724,44.051434000196544],[-121.41119699962429,44.051433000110251],[-121.41129399970866,44.051427999678538],[-121.41132800004385,44.051427999678538],[-121.41135099961006,44.051418000105052],[-121.4114159999074,44.051420000278164],[-121.41143900037194,44.051419000191594],[-121.41241599999012,44.051383000293413],[-121.41535000011599,44.051273999732885],[-121.41632799955906,44.051238999836158],[-121.4179560001788,44.051214000173928],[-121.4228410000663,44.051141000015221],[-121.42446999961263,44.051117999849296],[-121.42728099971484,44.051123000307172],[-121.42765399998373,44.051123999753102],[-121.43571400002152,44.051137999741449],[-121.43852599994868,44.051143000197641],[-121.43876000030041,44.051143000197641],[-121.44290500039618,44.051149000098917],[-121.44353399985981,44.051151000281074],[-121.4560439995919,44.051168999980611],[-121.4604239998643,44.0511759999699],[-121.46069699967578,44.051179000241746],[-121.46151600000852,44.051189999945962],[-121.46178899982,44.051194000307433],[-121.46306599991213,44.051187000320319],[-121.46689899983841,44.051167999889842],[-121.46817699975544,44.051163000081367],[-121.47057100010615,44.051166999799065],[-121.47775300025997,44.051180999777245],[-121.48014800043558,44.051186000229862],[-121.48262200025393,44.051189999945962],[-121.49004399970893,44.051205000008913],[-121.49251900025048,44.051209999813807],[-121.49311400027726,44.051210999903866],[-121.49490199983224,44.051214000173928],[-121.49549799968391,44.051215999708297],[-121.4967639999054,44.051217999888188],[-121.50056199967155,44.051224999871685],[-121.50182799989301,44.051228000141045],[-121.50504900007405,44.051238999836158],[-121.51471400026708,44.051273999732885],[-121.51793600027302,44.051286000153894],[-121.51802499996147,44.051283999976292],[-121.5182929997501,44.051278000088736],[-121.51838300016176,44.051276999999807],[-121.51998699959375,44.051274999821871],[-121.52299799971252,44.051273999732885],[-121.52480200005934,44.051272000200534],[-121.52640800003945,44.051272000200534],[-121.53380000025555,44.051287999685833],[-121.53517799973173,44.051290999951995],[-121.55597799965537,44.051273999732885],[-121.56337099969639,44.051268999933399],[-121.56543699998404,44.051266999755228],[-121.57163599977356,44.051261999955095],[-121.57370299988614,44.051260999865903],[-121.57793599984548,44.051253999886654],[-121.59063700027156,44.05123500012332],[-121.59487100005582,44.051229000230798],[-121.59601900027653,44.051230000320544],[-121.59853699957745,44.051231999854309],[-121.60953800031214,44.051244999727722],[-121.61320499965871,44.051250000174875],[-121.6133229996595,44.051245999817176],[-121.61368099985977,44.051234000033674],[-121.61379999968545,44.051230999764613],[-121.61970100044752,44.051224999871685],[-121.63494699993873,44.051211999993903],[-121.63740400003863,44.05120899972372],[-121.64330599972727,44.051203999918705],[-121.64506300021843,44.051205000008913],[-121.6503349997202,44.051209999813807],[-121.65187899977605,44.051211999993903],[-121.6520930000363,44.051211999993903],[-121.65250399994002,44.051201999738332],[-121.65320400044708,44.051187000320319],[-121.65373900019937,44.0511759999699],[-121.65415099992804,44.051166999799065],[-121.65559000040187,44.05116500026304],[-121.65991000039982,44.051160999899608],[-121.66134999980027,44.051159999808711],[-121.66211899990429,44.051154999999596],[-121.6644289996911,44.051144000288829],[-121.66519899962005,44.051141000015221],[-121.66790099994232,44.051141000015221],[-121.67601000038391,44.051141000015221],[-121.67871299963279,44.051142000106431],[-121.6826900003974,44.051135000113177],[-121.6880630001815,44.051125999936104],[-121.69462299964609,44.051115000220008],[-121.69593599972323,44.05111300003658],[-121.69860100023558,44.0511080002235],[-121.7057399998334,44.051102999764304],[-121.70751200039317,44.051102000318068],[-121.71171199984221,44.051097999950372],[-121.72715999989815,44.051085000044758],[-121.72789700021509,44.051085000044758],[-121.73430000021916,44.05108000022927],[-121.73615899991925,44.051083999952574],[-121.74173599991786,44.051095999766432],[-121.74359600034121,44.051100000134255],[-121.75869299986952,44.051078000044711],[-121.76697999968802,44.051067000319698],[-121.77124399960952,44.051060999764466],[-121.80398500007607,44.050956000280209],[-121.81858799986,44.050910999890817],[-121.82005599974784,44.050904999965475],[-121.82027099983299,44.050572999704151],[-121.82051100003251,44.049356000081545],[-121.82083200042287,44.048779000196745],[-121.82091199989051,44.048545000044655],[-121.82139399993936,44.047911000119392],[-121.82251700004568,44.0470990001538],[-121.82267699987926,44.046924999912115],[-121.82315899992813,44.046291000080586],[-121.82379999998561,44.045595000112677],[-121.82572599963288,44.044147000107863],[-121.82741100015402,44.043277999730634],[-121.82837400042679,44.042697999990196],[-121.82861499955291,44.042524999972386],[-121.82893599994328,44.042235999950456],[-121.82933599997637,44.041771000079848],[-121.82965800019164,44.041540999732121],[-121.83005900004963,44.04136500008709],[-121.83062099956608,44.041424999936773],[-121.83086199959052,44.041480999999948],[-121.83198499969687,44.041596000079011],[-121.83222499989641,44.041599000190367],[-121.8326269995793,44.04142300007193],[-121.83286799960372,44.041248999947143],[-121.83300999989395,44.041078000094871],[-121.83328299970542,44.04091899968747],[-121.8333160002157,44.040911000159269],[-121.83334899982765,44.040902999984276],[-121.83399099971007,44.040553999773898],[-121.83431200010044,44.040152000297617],[-121.83447199993402,44.03974400026663],[-121.8344710001091,44.039168000036163],[-121.83511299999152,44.038355000032716],[-121.83535300019101,44.037894000021602],[-121.83519300035745,44.03702399994269],[-121.83503199980066,44.036851000147351],[-121.83471100030862,44.03661799971055],[-121.83447000028418,44.036562000217337],[-121.8339089996943,44.036271999827171],[-121.83318599962104,44.036040000043087],[-121.83286500012899,44.035748000270885],[-121.83278499976306,44.035575999687396],[-121.83278399993814,44.034073000039271],[-121.83267000013531,44.033537000273355],[-121.83262300027965,44.033318999793792],[-121.83238200025521,44.032912000257042],[-121.83181999984043,44.032333999962731],[-121.83150000017331,44.032100999848822],[-121.83117200011023,44.031905000013744],[-121.83098299996435,44.031732999901259],[-121.83056600021281,44.031542000314161],[-121.83011900032407,44.031337999747343],[-121.82955000023658,44.031060000269569],[-121.82909999997479,44.030740999724529],[-121.8288100004449,44.030381000033572],[-121.82859700000957,44.030135999809723],[-121.82827200031954,44.029561000289206],[-121.82804200016577,44.029158000045605],[-121.8279309998377,44.028756999937805],[-121.82780000031646,44.028384000101646],[-121.82764899980539,44.028010999855901],[-121.82759299972889,44.027810000216881],[-121.82756000011692,44.027452999698234],[-121.82756199976676,44.027421999966023],[-121.82756400031489,44.027391000217655],[-121.82748599959878,44.026952000185851],[-121.827523000307,44.026815000047336],[-121.82757900038349,44.026652999899298],[-121.82775599993553,44.026478999677686],[-121.82783399975331,44.026396999982722],[-121.82789700040081,44.026330000076825],[-121.82795199975411,44.026205000127113],[-121.82788399998205,44.026129999772415],[-121.82778199987477,44.026044000118688],[-121.82776500015635,44.026030000013058],[-121.82774699971466,44.02601500003459],[-121.82769700038429,44.025926999826176],[-121.82771499992764,44.025820999842104],[-121.82768300014058,44.025577000023667],[-121.82767999976753,44.025557999775913],[-121.82767700029279,44.025538000290481],[-121.82765899985114,44.025489999689299],[-121.8275659999647,44.025155000090088],[-121.82732400011537,44.024752000248263],[-121.82692300025739,44.024346999809232],[-121.82646999962255,44.024019000178583],[-121.82642000029215,44.023995999817416],[-121.82640400039863,44.023976999708864],[-121.82638699978186,44.023958000240135],[-121.82621400042781,44.023760000145082],[-121.82619099996329,44.023733999959504],[-121.82616800039705,44.023707999762507],[-121.82583799978586,44.023390000256626],[-121.82548700015658,44.023129000222468],[-121.82515999991843,44.02261100029046],[-121.82509200014637,44.022052999684362],[-121.82506000035934,44.021871999950257],[-121.8250379997197,44.021751999996773],[-121.82504199991766,44.021567000211654],[-121.82516499994129,44.021381999849268],[-121.82524699995706,44.02121100015669],[-121.8253540000872,44.020797999767844],[-121.82539799956982,44.02061300023572],[-121.82540299959268,44.020355000144356],[-121.82544799979853,44.020083999973565],[-121.82544799979853,44.020068999782538],[-121.82544799979853,44.020053000263616],[-121.82545500036953,44.019727000081872],[-121.82538099985139,44.019426000212945],[-121.82526600022364,44.019239000308133],[-121.82501599997842,44.018893999727041],[-121.82488200008409,44.01862099999596],[-121.82474800018979,44.018391000233621],[-121.82459500002891,44.018146000193589],[-121.82448000040119,44.017945000050815],[-121.82440500005811,44.017701000115643],[-121.82421699973715,44.017227000066995],[-121.82396700039021,44.016824999975597],[-121.82359900014418,44.016405999854591],[-121.82293299997231,44.016028000281018],[-121.82291899972857,44.016007000126365],[-121.82290500038323,44.015985999964315],[-121.8227560004203,44.015761999926241],[-121.82266900038167,44.015542999918885],[-121.82277800016162,44.014877999754063],[-121.82278200035957,44.014668000260826],[-121.8227289997578,44.014338999990201],[-121.8226590003359,44.013881000097221],[-121.82252799991633,44.013493999853864],[-121.82223599983828,44.013233000186865],[-121.82210500031704,44.012846000237161],[-121.82201599973027,44.012359000139192],[-121.82202900014906,44.011658999782739],[-121.82211500036279,44.011359999894005],[-121.82226000012774,44.011017999709402],[-121.8223839999763,44.010777000077994],[-121.82258800019082,44.010463999714148],[-121.82259999988636,44.010448000187829],[-121.82261199958195,44.010432000011157],[-121.82283199968997,44.010137999791773],[-121.82315800010321,44.009683999693188],[-121.82340099977745,44.009415000154078],[-121.82378499991701,44.008989999716817],[-121.82386199990988,44.008855999897641],[-121.82405199988068,44.008520999994388],[-121.82429899975291,44.0080660002684],[-121.82447299983016,44.00723900003986],[-121.82459199965585,44.005995999851329],[-121.82459000000604,44.00597200004465],[-121.82458800035623,44.005948000228251],[-121.82452300005887,44.005710000015888],[-121.82445199991376,44.005324000301748],[-121.82448399970082,44.004723999947778],[-121.82453300010461,44.004223999863136],[-121.82470100033413,44.003740000135039],[-121.82486399964243,44.003513000265343],[-121.82500599993264,44.003314000137586],[-121.82543799975278,44.002531999901002],[-121.82566299988368,44.0021349997767],[-121.82580900037186,44.001779000016725],[-121.82601400041128,44.001041999750846],[-121.82604299982528,44.000937999803028],[-121.82610899994752,44.000609999916648],[-121.82619699981107,44.000182000096238],[-121.82638500013203,43.99968399983711],[-121.82658799962331,43.999413999864387],[-121.82681299975422,43.999045000241026],[-121.82692200043248,43.998530999975834],[-121.82696000006732,43.998187999797288],[-121.82697099993797,43.998088999780194],[-121.82708700028891,43.997638000268765],[-121.8270930001367,43.997614000311891],[-121.82709899998449,43.997589999699095],[-121.82725899981806,43.997368000032722],[-121.82808499982347,43.996669000190828],[-121.82848700040469,43.996263000145866],[-121.82863700019251,43.995964999927267],[-121.82873699975165,43.995890999827559],[-121.82892000004975,43.995606999863099],[-121.82910300034787,43.995394999868324],[-121.82916600009703,43.995209999930765],[-121.82920100025714,43.995027000200622],[-121.82920499955679,43.995004000226402],[-121.82920999957966,43.994981999989854],[-121.82917399959466,43.994810000032906],[-121.82923899989196,43.994496000321185],[-121.82940100027368,43.994311999923859],[-121.82966300021451,43.994085999933574],[-121.82998399970657,43.993889000029199],[-121.83022599955589,43.993662999720492],[-121.83038700011269,43.993507000040502],[-121.83062999978692,43.993252000264754],[-121.83091000016942,43.993069000312936],[-121.8311980000495,43.992974999705169],[-121.83122399998877,43.992967000169074],[-121.83124900010313,43.992958999985653],[-121.83160800012831,43.992834000129982],[-121.83175399971817,43.992738000227519],[-121.83182800023636,43.99268899978663],[-121.83192899962036,43.992621999922811],[-121.83207099991058,43.992493999991929],[-121.83314999963603,43.991630000023804],[-121.83318300014629,43.991617999801001],[-121.83321599975828,43.991607000025532],[-121.83339800023144,43.991422999718772],[-121.83338399998776,43.991093999771529],[-121.8331699997275,43.990919999902822],[-121.833077999666,43.99090599990609],[-121.8327749997173,43.990859000169806],[-121.83228000014797,43.990853999796904],[-121.8317479998704,43.990747999806153],[-121.83135500040835,43.990572999748515],[-121.8312599999738,43.990429000167261],[-121.83120200024747,43.990341999968173],[-121.83108800044465,43.990069999838049],[-121.83107500002586,43.989973000157789],[-121.83105400010946,43.989812000012101],[-121.83090099994858,43.989539000200025],[-121.83060800004561,43.989335999724638],[-121.83027300030987,43.989247000176],[-121.82981700020029,43.989256000056528],[-121.82938100018221,43.989309000115306],[-121.82890499998112,43.989333000199508],[-121.82845200024461,43.989227999921013],[-121.82833599989365,43.989069999878218],[-121.82832699967281,43.989045999687676],[-121.82831699962708,43.989022000133744],[-121.8282830001902,43.988938000002747],[-121.82827200031954,43.988909999717215],[-121.82826100044889,43.988882999914097],[-121.8284020000159,43.988726999949478],[-121.82870199959153,43.988616000122683],[-121.82901899978394,43.988562000236747],[-121.82925800015853,43.988492999880094],[-121.82951799955121,43.988380999757965],[-121.82969800037459,43.988297000012416],[-121.82991900030756,43.988128000302702],[-121.83006200042267,43.988044000199103],[-121.83015899960874,43.987988000064036],[-121.83036399964814,43.987921999929334],[-121.83141399995957,43.987586000220958],[-121.83174700004551,43.987492999850197],[-121.83244900020237,43.987296000036075],[-121.83310399960527,43.987217000081138],[-121.83363800043097,43.987250999780073],[-121.83406600005316,43.98733100021154],[-121.83420999999319,43.987357000199317],[-121.83456700036855,43.987303999690212],[-121.83476599966185,43.987276999802887],[-121.8350219997549,43.987307999839999],[-121.83520000003013,43.98732500031219],[-121.83545799977301,43.987284000229671],[-121.83573899998041,43.987100999973116],[-121.83628399977842,43.986549000030649],[-121.83660799964355,43.98620999997712],[-121.83679000011672,43.985983000260418],[-121.83671499977366,43.985781999706894],[-121.83654099969638,43.9855939998209],[-121.83628600032655,43.985391000073008],[-121.83617199962544,43.985233000158189],[-121.83601799963967,43.985003000193224],[-121.835978000355,43.984815999696977],[-121.835970999784,43.984780999977644],[-121.83596300028637,43.98474500031864],[-121.83606600021854,43.984545999942512],[-121.8361690001507,43.984426000088327],[-121.83660599999371,43.983534000076119],[-121.83728200021133,43.982647000006963],[-121.8379779996221,43.982082999804042],[-121.8386970003957,43.981690999752551],[-121.83891699960546,43.981553999763996],[-121.83929700044536,43.981316999929071],[-121.84025200032221,43.980984000272521],[-121.84107999997748,43.980420999776783],[-121.8415620000263,43.980045999711777],[-121.84233199995525,43.979730000098677],[-121.84313500039444,43.979072999993541],[-121.84389100007968,43.978129000088074],[-121.84465099996287,43.976957000027369],[-121.84508699998098,43.976238999732722],[-121.84511000044552,43.975020999950864],[-121.84464500011508,43.974560000075833],[-121.84402199960093,43.974097000304241],[-121.84355999964359,43.973444999833248],[-121.84262300020838,43.972865000176213],[-121.8414690001399,43.972587000033322],[-121.84015299968971,43.972536000163508],[-121.83946200030178,43.972476999891875],[-121.83931599981359,43.972464000196666],[-121.83898000025296,43.972368000320635],[-121.83895799961333,43.972358999819228],[-121.83854800043282,43.972233999897448],[-121.83740900043294,43.972060999830298],[-121.83726399976965,43.972019000063092],[-121.83702399957016,43.972006999754697],[-121.83666999956782,43.97188900004123],[-121.83657400020668,43.97181800007327],[-121.83655800031315,43.971805999724275],[-121.83654099969638,43.971792999882204],[-121.83649399984073,43.971758000243568],[-121.83648499961991,43.971674999743541],[-121.83646299987859,43.971463000253216],[-121.83646100022875,43.971444000124706],[-121.83649999968851,43.971412000064689],[-121.83672200034466,43.971231999809817],[-121.83709200024053,43.971096999907132],[-121.83711700035488,43.971087999859627],[-121.83714099974601,43.971078999810743],[-121.83729700027995,43.971050000003103],[-121.83779600004722,43.970957000234719],[-121.83807499970646,43.970859999709347],[-121.8381059996686,43.970841000034447],[-121.83813699963076,43.970821999706949],[-121.83861299983182,43.970664999966786],[-121.83905300004788,43.970469000071041],[-121.83951400018032,43.970159999779355],[-121.84011199968181,43.969922999721675],[-121.84073000017308,43.969714999838423],[-121.84091500012104,43.96968700018391],[-121.8413870001241,43.9695739999664],[-121.84227000003096,43.969052000319373],[-121.84299099955609,43.968879000034811],[-121.84438499982411,43.968062000025512],[-121.84470700003938,43.967710999914743],[-121.8451089997223,43.967357999892378],[-121.84538999992969,43.967175000284122],[-121.84602500013942,43.967094999847212],[-121.84679699971817,43.96708899984246],[-121.84736800035378,43.967238000212873],[-121.84775699961791,43.967305000279332],[-121.84788100036479,43.967311999828404],[-121.84889800016592,43.967268999722286],[-121.84897099996084,43.967238999780186],[-121.84948300014693,43.967066000034023],[-121.84957799968318,43.967038999994543],[-121.85000899967839,43.96677800027328],[-121.85037000025173,43.966524999919585],[-121.85112400028713,43.966389000081463],[-121.85146200039594,43.966335000021317],[-121.85185800023106,43.96635500007325],[-121.85221300005828,43.966372000079765],[-121.85276500042735,43.966492000215673],[-121.85321800016386,43.966595999749373],[-121.8532340000574,43.966595999749373],[-121.85324999995092,43.966595000171289],[-121.85351500026481,43.966584999863279],[-121.85385300037359,43.96651700005183],[-121.85421099967557,43.966392000119249],[-121.85443199960851,43.966237000122085],[-121.85499400002331,43.965828000044127],[-121.85539499988128,43.965559999773234],[-121.85566699986786,43.965469999898374],[-121.85581300035602,43.965421999823171],[-121.85618800027477,43.965468000057676],[-121.85650499956887,43.965456999962662],[-121.85684299967765,43.965360000153545],[-121.8570629997857,43.965247999710321],[-121.85722500016738,43.965050000188242],[-121.85746899966657,43.964751999735242],[-121.8575719995987,43.964581999987509],[-121.85772899995753,43.964323999958161],[-121.85779699972962,43.964049000081637],[-121.85795400008844,43.963606000168639],[-121.85806000039364,43.963414999708007],[-121.8581630003258,43.963230999956409],[-121.85817099982343,43.963214999979186],[-121.85841199984785,43.962967999743718],[-121.85910200030916,43.962347000091462],[-121.85936900027284,43.96207699967988],[-121.85944799991556,43.961997999791983],[-121.85950499981698,43.961895000271547],[-121.85971099968131,43.961526000172071],[-121.8597600000851,43.961220000212286],[-121.8598510003217,43.960868999763051],[-121.85990200037533,43.960395000214881],[-121.85990400002514,43.960309000303582],[-121.85990400002514,43.960291000171026],[-121.85991200042106,43.959873999777173],[-121.85990400002514,43.959562000243345],[-121.85990300020022,43.959549000308009],[-121.85989999982719,43.959430000071691],[-121.85998100001804,43.95916600014192],[-121.85998000019312,43.958507000072935],[-121.85957900033515,43.957985000169586],[-121.85941799977834,43.957812999712289],[-121.8593879996411,43.957665999731425],[-121.85938699981618,43.957653999756516],[-121.8593729995725,43.957581999856217],[-121.85922000030993,43.957279999862813],[-121.85916400023345,43.956881000200987],[-121.85902600014116,43.956373999726544],[-121.85895199962299,43.955806999677748],[-121.85861500023744,43.955442000278516],[-121.85845299985571,43.955265999852053],[-121.85835699959627,43.955201999744155],[-121.8580350002793,43.954985999921796],[-121.85789100033925,43.954740000173842],[-121.8580219998605,43.954541999905203],[-121.85836300034235,43.954437999963602],[-121.85879099996454,43.954243999772643],[-121.8590910004385,43.954048000016634],[-121.85943500039508,43.95380600008594],[-121.859536999604,43.953662999722511],[-121.85967499969628,43.953472000278609],[-121.85972199955197,43.953196000163679],[-121.85949700031938,43.952781000040801],[-121.85922600015772,43.952532999942903],[-121.85902199994321,43.952323000323346],[-121.85900699987461,43.952307999814003],[-121.85851899997796,43.951806000201195],[-121.85825000036444,43.951531999772889],[-121.85812399996775,43.951403999852673],[-121.85802100003558,43.951250000038094],[-121.85800900034003,43.951147999831996],[-121.8579930004465,43.951015999723943],[-121.85798900024855,43.950980000290329],[-121.85798500005058,43.950944000188159],[-121.85796900015706,43.950652999693602],[-121.8581890002651,43.95025699971891],[-121.85819599993778,43.9498789997511],[-121.85819900031083,43.949751000151302],[-121.85817400019646,43.948783000195007],[-121.85834499990068,43.948397000186745],[-121.85862799975791,43.94808499989297],[-121.85891200033836,43.947749999729815],[-121.85906200012619,43.947608000214515],[-121.85920500024133,43.947384000098168],[-121.85926100031783,43.947196000238314],[-121.85926299996763,43.947059000227355],[-121.85914699961667,43.946819000117436],[-121.85913800029417,43.946805000070341],[-121.85908999971527,43.946703999909985],[-121.85893800027762,43.946358999893121],[-121.85876500002524,43.946113999930681],[-121.85835400012152,43.945853000127038],[-121.85810200022644,43.945592999755682],[-121.85804799979979,43.945321000309278],[-121.8581120002722,43.945107000027022],[-121.85821500020435,43.945034999801123],[-121.85822699989991,43.945019000098462],[-121.85836400016727,43.944786999721146],[-121.85876400020035,43.944611000079888],[-121.8590849996924,43.94443899972125],[-121.85945999961113,43.944333000305342],[-121.85952300025863,43.94429300024472],[-121.86042799990679,43.943489999948426],[-121.86092699967406,43.943048000022216],[-121.86116699987357,43.942469999787406],[-121.86140600024817,43.941658000114998],[-121.8613939996543,43.941566000258803],[-121.86144499970794,43.941467000254534],[-121.86156899955647,43.941197000051822],[-121.86153299957147,43.941011000046927],[-121.86137799976078,43.940838000257337],[-121.8612949999201,43.940783000248658],[-121.86122200012515,43.940736000295047],[-121.86112599986568,43.940577999944573],[-121.86114900033023,43.940377999676642],[-121.86121499955416,43.940035999891229],[-121.86128300022453,43.93957900031883],[-121.8613529996464,43.939036000172813],[-121.86141799994375,43.938764999880497],[-121.86147999986802,43.938595000171851],[-121.86156299970871,43.93840999984149],[-121.86168499990742,43.938225000229281],[-121.86182899984749,43.937940999987752],[-121.86197600016058,43.937847000078257],[-121.86200299992474,43.937830999734736],[-121.86202899986404,43.937813999971517],[-121.86219000042084,43.937673000073765],[-121.86235199990422,43.937460000144753],[-121.86239499956193,43.937316999913108],[-121.86239899975988,43.937102999928342],[-121.86228300030723,43.93694500027356],[-121.86214699986481,43.936799999938479],[-121.86204499975753,43.936681000077392],[-121.86202800003912,43.936660999740347],[-121.86201200014558,43.936642000125488],[-121.86193500015268,43.936541000164254],[-121.86181799997684,43.936425000041979],[-121.86172199971735,43.936295999846557],[-121.86155299966298,43.935836999800443],[-121.86161600031048,43.935609000215109],[-121.86165899996818,43.935423000195314],[-121.86178100016691,43.935267000168366],[-121.86191300041136,43.935186000005366],[-121.86196000026706,43.935117999839285],[-121.86228099975911,43.934998999846641],[-121.86268099979219,43.93488600028558],[-121.86300100035763,43.934714000255298],[-121.86308099982527,43.934481000300856],[-121.86308099982527,43.934245999835873],[-121.86332100002478,43.933843999761265],[-121.86380100042379,43.93338000015892],[-121.86432100010749,43.933273000294591],[-121.86467199973676,43.93299499990453],[-121.86511500032586,43.932627999852066],[-121.86529500025092,43.932375000296886],[-121.86531699999222,43.932345000204108],[-121.86533799990862,43.932315000096189],[-121.86540599968068,43.931859000215418],[-121.86545199971144,43.931515999782938],[-121.86551799983368,43.931159000110114],[-121.86548000019884,43.931075999822987],[-121.8654700001531,43.931053999836571],[-121.86546000010736,43.93103199984207],[-121.86534700012946,43.930785999936951],[-121.86515600033376,43.93045500007905],[-121.86504500000568,43.930389000053239],[-121.86486300043079,43.930280999794206],[-121.86480800017921,43.930009000165875],[-121.86487199975329,43.929781000232623],[-121.86511699997568,43.929596999853473],[-121.86514499956479,43.929576000167827],[-121.86517300005218,43.929554999827793],[-121.86527500015943,43.929385000314241],[-121.86527599998435,43.929359999735901],[-121.86527599998435,43.929334000236032],[-121.86547900037394,43.928746999968013],[-121.86554299994803,43.928664999765871],[-121.86554499959787,43.928647999970195],[-121.86554700014599,43.928629999952882],[-121.86575100036049,43.928260000115635],[-121.86591600021694,43.927919000088082],[-121.86614899984544,43.927091999923327],[-121.86627699989195,43.926621999840066],[-121.86630200000631,43.926365000243422],[-121.86638700039514,43.926021999829864],[-121.8664900003273,43.925794999758779],[-121.86666000020661,43.925612000256478],[-121.86666799970422,43.925587000033275],[-121.86667699992506,43.925561999799569],[-121.86699699959219,43.925213999855011],[-121.86731700015766,43.925042000320502],[-121.8674769999912,43.92475099984776],[-121.86764100002273,43.924599000139885],[-121.86766100011421,43.924567000083798],[-121.86768100020571,43.924535000010444],[-121.86782500014574,43.924264000276565],[-121.86806600017019,43.924051999846164],[-121.86836599974581,43.923897999700678],[-121.86859800044775,43.923863999967722],[-121.86892099958962,43.923817999879475],[-121.86931700032304,43.923778999903398],[-121.86971399998309,43.923711000282104],[-121.87001399955875,43.92368300030126],[-121.87012999990971,43.923672999888936],[-121.87021199992544,43.923530000150095],[-121.86996599987816,43.923286000240914],[-121.86948100035458,43.923009999731441],[-121.86917599985775,43.922848000200439],[-121.86910300006281,43.922807000253144],[-121.8685890002269,43.922513999854864],[-121.86831600041543,43.922362000254608],[-121.86804199988073,43.922208000263588],[-121.86765000024357,43.921990000241706],[-121.86702699972942,43.921511999861345],[-121.86636300010569,43.92119400007455],[-121.86620300027212,43.921117999930829],[-121.86602099979893,43.921034999867302],[-121.8659069999961,43.920983000049112],[-121.86585500011758,43.920959000167478],[-121.86568000021538,43.920771000220618],[-121.8655119999859,43.920482000269217],[-121.86545500008449,43.920216000040476],[-121.86555299999377,43.919789000183499],[-121.86581800030766,43.919312999690355],[-121.86626199982337,43.918900999707141],[-121.8664269996798,43.918538000297971],[-121.8664269996798,43.918387999729717],[-121.86645400034227,43.918347999686837],[-121.86653800000786,43.918077000241333],[-121.86656599959697,43.917633999963023],[-121.86658800023658,43.91746999986777],[-121.86663000006936,43.917148000133452],[-121.86663300044242,43.917126999935498],[-121.86663599991716,43.917105999730175],[-121.86677800020738,43.9168789999339],[-121.86696099960716,43.916637999886596],[-121.86699499994236,43.916629999774315],[-121.86702900027755,43.916622000308074],[-121.86714100043056,43.916524999737746],[-121.86748500038712,43.916343999745088],[-121.86751299997623,43.916328999863971],[-121.8675399997404,43.916314999755869],[-121.86786100013074,43.916103000119392],[-121.86819900023956,43.915991999813123],[-121.86837999998954,43.915836999726963],[-121.86842400037047,43.915608999830823],[-121.86817400012522,43.915248999782932],[-121.868039000406,43.915035999786092],[-121.86799199965202,43.914909000038854],[-121.86796800026089,43.914797000291586],[-121.86802900036027,43.914503999921116],[-121.8681520003839,43.914320000174619],[-121.86817499995014,43.914290999846152],[-121.86819900023956,43.914260999692274],[-121.86831399986731,43.914121000068654],[-121.86857400015828,43.913924000225322],[-121.86860299957227,43.913907999917072],[-121.86863100005972,43.913893000069059],[-121.86874599968745,43.913805999711236],[-121.86882699987829,43.913635999842541],[-121.86890499969608,43.912533999704699],[-121.86897800038933,43.91237299996687],[-121.86897900021425,43.912360000065512],[-121.86914400007069,43.912057000216038],[-121.86938500009512,43.91185900016017],[-121.86945600024023,43.911832000278011],[-121.86997400027408,43.911664000304597],[-121.87033699959893,43.911653999813574],[-121.87092999997584,43.911660000237809],[-121.87132499998606,43.911720999770935],[-121.87160199999549,43.911680999776479],[-121.8716930002321,43.911620000202369],[-121.8717140001485,43.911606000280685],[-121.87204300003647,43.911385000017489],[-121.87246999983371,43.911074000169265],[-121.87290800039996,43.91067799997694],[-121.87338700007575,43.910273000187772],[-121.87536799997459,43.908937000307965],[-121.87578800009916,43.908653999912225],[-121.87618200028446,43.908189999912409],[-121.87634299994292,43.908074000156262],[-121.87690299980959,43.907841000046687],[-121.87802500009104,43.90778500002051],[-121.87858499995768,43.907843999803909],[-121.8798660002478,43.907726000178648],[-121.881387999664,43.907844999722947],[-121.88274900032005,43.908307999912182],[-121.88432500016292,43.907984999872092],[-121.8850490000611,43.908031999820565],[-121.88682200044579,43.908492000125207],[-121.88759900004743,43.908620999787637],[-121.88854499970347,43.908669999691483],[-121.88954899998411,43.908599999816481],[-121.89066700006762,43.908369000292069],[-121.89144200001941,43.908658000181013],[-121.89181899958794,43.909345999702978],[-121.89174099977015,43.90977599973418],[-121.89174199959507,43.909812000170817],[-121.89174400014321,43.909847999938449],[-121.89178400032618,43.910118999971445],[-121.89179600002173,43.910205999894686],[-121.89218400035926,43.910638999800774],[-121.8925740003466,43.910900000144508],[-121.89291099973218,43.910873999695433],[-121.89324100034337,43.91084500027636],[-121.89334699975026,43.910836000163677],[-121.89392099986063,43.910783999845435],[-121.89433599996231,43.910802999954512],[-121.89467099969806,43.910848999750755],[-121.89500499960891,43.910951999714264],[-121.89531900032659,43.911112000196241],[-121.89568500002449,43.911346000304569],[-121.89639999970183,43.911604999777651],[-121.89745199966306,43.911938000032656],[-121.89839300019456,43.912269000029305],[-121.89932100030722,43.913243999832211],[-121.8997430000816,43.914537000019472],[-121.90006799977162,43.915022999819314],[-121.90034200030632,43.915266999966512],[-121.90060099987409,43.915553999784734],[-121.90148200013113,43.915899999723031],[-121.90288999974452,43.915677000300001],[-121.90330900004417,43.915382000147773],[-121.90368200031307,43.915015000137039],[-121.9043180003477,43.91486300014504],[-121.90469400009135,43.91428499968714],[-121.90516799974428,43.913690999719961],[-121.90585599965743,43.913362999992742],[-121.90679700018893,43.913829999889607],[-121.90786800041671,43.913875999934774],[-121.90884699968474,43.913656000156834],[-121.91021900021144,43.91322899981683],[-121.91092800004097,43.912680000147475],[-121.91105000023971,43.912564000081986],[-121.91158800036507,43.91232600021052],[-121.9119640001087,43.912272000210521],[-121.91222100002665,43.912274999744426],[-121.91252300015046,43.912360999908685],[-121.91263399958022,43.912393000058508],[-121.91288700019854,43.912609999811409],[-121.91308100036728,43.912840999701892],[-121.91321799973632,43.912913000081168],[-121.91333200043746,43.912913999915055],[-121.91336500004941,43.912914999748921],[-121.91338000011801,43.912914999748921],[-121.9136129997465,43.9129170000637],[-121.9139280002891,43.912776999866857],[-121.91405200013764,43.912720999954722],[-121.9143309997969,43.91260899997242],[-121.91466800008082,43.912540999880363],[-121.91478299970854,43.912537999712704],[-121.91527599962805,43.912401000093254],[-121.9162649998401,43.912347000161304],[-121.91640499958218,43.912310999963758],[-121.9164759997273,43.912198999857019],[-121.91646499985663,43.911994999883717],[-121.91644800013822,43.911810000293094],[-121.91659100025333,43.911573999707741],[-121.91680100031563,43.911487999700512],[-121.91716399964045,43.911517000100623],[-121.91766499995587,43.911634000120756],[-121.91811500021768,43.911662999802552],[-121.91861800018292,43.911606000280685],[-121.91924400017182,43.911523999748738],[-121.91980099966543,43.911379000212648],[-121.92035899988224,43.911170999917573],[-121.92065799963299,43.91093599990127],[-121.92120099978119,43.91059000022355],[-121.92170999959423,43.910243999828687],[-121.92214700033554,43.909936000141791],[-121.92253499977475,43.909651000188383],[-121.92285100014223,43.909440999894443],[-121.92317800038039,43.909220999901251],[-121.92335400010748,43.908935999760075],[-121.92345899968949,43.908713000128607],[-121.9235780004135,43.908565999755034],[-121.9237769997068,43.908481999748389],[-121.92403399962474,43.908456000184557],[-121.9245940003897,43.908462000284068],[-121.92461299975797,43.908463000192718],[-121.92496299956234,43.908493000033353],[-121.92535799957254,43.908589000198432],[-121.92545499965692,43.908611999985801],[-121.92564200015299,43.908699000170316],[-121.9257690003746,43.908757999694927],[-121.92629999992893,43.908906000142721],[-121.92653900030352,43.908992999897507],[-121.92702700020017,43.909170000010299],[-121.92704700029164,43.909177999831144],[-121.92706700038315,43.909186000298043],[-121.92736000028609,43.909301999828628],[-121.92738700005027,43.909304000264846],[-121.92741299998956,43.909306000053853],[-121.92752099994458,43.909314999750755],[-121.92775500029633,43.909333999681643],[-121.92821300005571,43.909181000168168],[-121.92845599972996,43.908826000226242],[-121.92870199977723,43.908371000112489],[-121.92885400011319,43.90811499990064],[-121.9290230001676,43.907907999766095],[-121.92903999988606,43.907890999863767],[-121.92909799961237,43.907819999800331],[-121.92920800011554,43.907634000253687],[-121.92940399993412,43.907346999778078],[-121.92996999964856,43.906688999904873],[-121.93023300031261,43.906464999679308],[-121.93031799980312,43.906350999685806],[-121.93143800043472,43.905542999867038],[-121.93223900032578,43.905369999814035],[-121.93360099990844,43.90514000001626],[-121.93432200033189,43.904908000040415],[-121.93584299992318,43.904039999810905],[-121.9369640003797,43.903342999849066],[-121.93744399988043,43.902879999875751],[-121.93781999962405,43.902574000286535],[-121.93783999971554,43.902564000209999],[-121.93785999980703,43.902554000131737],[-121.93814000018951,43.902435999728809],[-121.93822399985508,43.902371999708613],[-121.93835899957431,43.902258000291098],[-121.9383779998409,43.90223499999037],[-121.93839799993236,43.902211999680794],[-121.93850099986453,43.902087999800358],[-121.93862200023835,43.901931999730124],[-121.93876399963025,43.901718999969923],[-121.93896799984478,43.901406000048716],[-121.93904900003562,43.901250000133274],[-121.93920999969409,43.901093999809021],[-121.93940899988573,43.901038999941605],[-121.93949699974928,43.9009949997522],[-121.93960800007737,43.900940999828386],[-121.93955000035105,43.900882999711762],[-121.93938100029665,43.900869999889913],[-121.93935700000718,43.900867999817478],[-121.93933299971775,43.900865999744987],[-121.93903599961683,43.900864000319714],[-121.9387800004221,43.90083299983376],[-121.93858500042843,43.900795999754571],[-121.93830699969578,43.900742999688589],[-121.93781299995138,43.900729999836173],[-121.9367230003553,43.900622000106083],[-121.93656000014867,43.900588000018637],[-121.93613800037429,43.900437000119219],[-121.93584499957302,43.900331999993412],[-121.93582600020473,43.900324000278289],[-121.93567200021896,43.900268999699556],[-121.93525000044455,43.90013799996423],[-121.93486399975687,43.900013000244535],[-121.93417300036897,43.899817999769368],[-121.93354300018211,43.899654999828186],[-121.93291299999525,43.899506000269859],[-121.93212600034788,43.899313000200827],[-121.93161499998673,43.899136999971454],[-121.93147900044259,43.898992000035229],[-121.93133100030458,43.898748999908378],[-121.93128699992366,43.898675999799103],[-121.93125400031168,43.898317999758575],[-121.93120300025808,43.89783200013207],[-121.93126900038033,43.897503999748452],[-121.93141099977223,43.897290999682241],[-121.93165299962156,43.897035999822549],[-121.9318750002777,43.896765999885119],[-121.9319990001263,43.896439000213235],[-121.93202400024063,43.896181999711743],[-121.93204599998195,43.895825999806611],[-121.93204900035501,43.895788999852599],[-121.93205100000482,43.895752999997711],[-121.93205799967754,43.895353000289681],[-121.9321480000892,43.894725000208318],[-121.93222900028005,43.894569999760932],[-121.93228500035656,43.894461999862209],[-121.93241500005287,43.894212999780883],[-121.9327969996443,43.893815999902749],[-121.93337599977752,43.89349300020826],[-121.93378599985637,43.893226000236467],[-121.93446500044701,43.892985999742116],[-121.93448899983815,43.892971999969369],[-121.93464199999902,43.892806000193197],[-121.93752400024636,43.890662999719318],[-121.93785599960906,43.890342000182173],[-121.93804599957987,43.890174999980793],[-121.93825700036538,43.889973000065112],[-121.93861200019262,43.889633000307406],[-121.94008500010335,43.888290999920216],[-121.94056600032728,43.887828000081328],[-121.94110199990449,43.887391000238914],[-121.94146599995256,43.887011999868513],[-121.94232999959283,43.886261999972902],[-121.94256300011965,43.88598700025652],[-121.94295499975678,43.885525000283366],[-121.9434820000115,43.885017999968724],[-121.94356700040029,43.884893999891425],[-121.94378199958713,43.884602999918137],[-121.9441089998253,43.883976999776479],[-121.94454099964541,43.883024000010458],[-121.94484699996718,43.882482999711399],[-121.94521000019033,43.882057999847412],[-121.94586799996628,43.881721000012192],[-121.94646399981792,43.881525999853636],[-121.94682299984314,43.881357999822846],[-121.94740199997636,43.881048999893586],[-121.94808300021684,43.880497999892185],[-121.94866099962685,43.880216999759192],[-121.94909900019307,43.880034999698623],[-121.94951799959442,43.879811000205635],[-121.95019800000999,43.879373999825901],[-121.95064800027178,43.879138000157852],[-121.95091699988531,43.878923000288601],[-121.95143800029219,43.878485000106416],[-121.95175700013445,43.87831600015096],[-121.95225599990172,43.878063000176198],[-121.95245699974318,43.877864999728139],[-121.95263900021635,43.877637999863431],[-121.95282199961615,43.877325000283378],[-121.95288600008855,43.877083000246458],[-121.9528319996619,43.876781999803036],[-121.95263800039143,43.876552000306695],[-121.95230699995533,43.876276999799963],[-121.95205300041044,43.876102999739771],[-121.95164199960838,43.87585700003811],[-121.95139100043653,43.875554000249672],[-121.95127900028353,43.875166999830832],[-121.95124800032141,43.874694999907113],[-121.95127500008557,43.874281000309793],[-121.95134000038291,43.87393800018075],[-121.9514650000564,43.873582000069725],[-121.95178899992148,43.873127999869524],[-121.95198999976293,43.87292999986019],[-121.95215100031972,43.872759999830976],[-121.95233299989462,43.872518000034681],[-121.95259700038356,43.872105999951316],[-121.9529599997084,43.871680999892448],[-121.95344000010743,43.871385000075364],[-121.95399800032426,43.871118000086284],[-121.95449399971848,43.870994000220655],[-121.95485199991877,43.870869000204621],[-121.95536900012773,43.870674000148348],[-121.95562799969552,43.87054700031328],[-121.95602699990367,43.870337000038127],[-121.95622600009533,43.870224000074224],[-121.95646600029481,43.870082999956402],[-121.95654699958737,43.86992700023648],[-121.95659000014338,43.869756000149152],[-121.95665299989257,43.869556000117569],[-121.95671499981684,43.869460999754168],[-121.95672900006055,43.869444999800756],[-121.95694499997062,43.869240999694576],[-121.95705299992565,43.869016999776939],[-121.95723700004866,43.868791999737851],[-121.9573600000723,43.868647999681556],[-121.95749999981439,43.868549000088727],[-121.95763899973156,43.868521999994584],[-121.95781399963376,43.868501000128795],[-121.95811400010773,43.868483000052905],[-121.95839000029224,43.868485999850037],[-121.95864700021018,43.868499000264563],[-121.95898399959576,43.868419999744503],[-121.95922299997038,43.868321999708037],[-121.95946200034498,43.868195000042299],[-121.95974199982913,43.86801200023676],[-121.96016199995368,43.867686999968626],[-121.96056399963659,43.867347999905085],[-121.960844999844,43.867093000082619],[-121.9610060004008,43.866909000173138],[-121.96116799988421,43.86665299980482],[-121.96132900044098,43.866483000005154],[-121.96138700016731,43.866344000041067],[-121.96148300042678,43.866225999779964],[-121.96153799978005,43.866062999869278],[-121.96157600031319,43.86585100003385],[-121.96154500035105,43.865624999721135],[-121.96155000037392,43.865361999774407],[-121.96151799968855,43.865223999774102],[-121.96158800000875,43.865137000186941],[-121.96169199976583,43.865063999683542],[-121.96204599976816,43.86500300027668],[-121.96248000013644,43.865063999683542],[-121.96289299969,43.865167999823647],[-121.96328500022547,43.865329000268005],[-121.96381499995491,43.865533000162323],[-121.96412899977426,43.865650999852313],[-121.96450399969298,43.86571099991248],[-121.9649969996125,43.865759000176169],[-121.96543099998075,43.865763000088464],[-121.96596599973303,43.865667000176494],[-121.96632999978111,43.865547999888889],[-121.96642799969041,43.86550999992658],[-121.96714499991589,43.865162999883339],[-121.96759299962957,43.864984999792142],[-121.96793599976122,43.86483800027306],[-121.96854800040472,43.864554000131491],[-121.96856699977302,43.864538000156244],[-121.96858600003956,43.864522000176706],[-121.96892400014835,43.864235999817751],[-121.96947999981705,43.863823000116376],[-121.97012400024759,43.86336700002385],[-121.97031400021841,43.863246000285784],[-121.9710520003603,43.862679999732663],[-121.97142200025614,43.862414000292027],[-121.9718060003957,43.862107000007704],[-121.97184099965749,43.86207399999487],[-121.97212199986488,43.861809999882176],[-121.97230299961484,43.861639999872914],[-121.97263300022604,43.861396000163047],[-121.97293100015189,43.86115600032371],[-121.97297299998468,43.861102999959051],[-121.97311600009982,43.860875000309534],[-121.97311899957452,43.860840000141238],[-121.9731229997725,43.8608049999524],[-121.97315200008482,43.860516999765203],[-121.97315499955955,43.860329000008072],[-121.97296799996178,43.859960999966475],[-121.97292899960375,43.859856999810596],[-121.97288299957299,43.859737000152677],[-121.97284300028835,43.859500999797014],[-121.97287500007538,43.859351000100922],[-121.97296600031198,43.859233999687369],[-121.9729899997031,43.859210000172055],[-121.97301399999257,43.859185999999383],[-121.97307199971887,43.859126999938589],[-121.97308400031277,43.859103999822253],[-121.97309699983323,43.859080000254608],[-121.97316299995548,43.858957000051788],[-121.97327000008559,43.858786000232975],[-121.97345000001066,43.858647999907937],[-121.97366799957054,43.858561999891208],[-121.97368400036238,43.858555999945629],[-121.97398800013602,43.858396000095532],[-121.974136000274,43.858343999970849],[-121.97431600019907,43.858280999958289],[-121.97454100032995,43.85813299999603],[-121.97482599983699,43.857920999812713],[-121.97496499975416,43.857750999726136],[-121.97497999982279,43.857737000093643],[-121.97498900004361,43.857721999697269],[-121.97511299989218,43.857569999828975],[-121.97522199967213,43.857292000115784],[-121.97539099972651,43.85690800003465],[-121.97545600002385,43.8565970000205],[-121.97544699980301,43.856276000252187],[-121.97544299960504,43.856248000291359],[-121.97543900030541,43.856220999807753],[-121.97536300013743,43.855638000009812],[-121.97535800011455,43.855444000156425],[-121.97531700010666,43.853769000092875],[-121.97531299990871,43.853756999884403],[-121.97531200008379,43.853745000321254],[-121.97528699996943,43.853487000061428],[-121.97526000020527,43.853304999990058],[-121.97529299981721,43.85315500025402],[-121.97535800011455,43.852779999911178],[-121.97543699975728,43.85253399982026],[-121.97547000026755,43.852288000010191],[-121.97547500029042,43.852031000133451],[-121.97542000003882,43.8517730002321],[-121.97535599956643,43.851697999780207],[-121.97533700019814,43.851676000251679],[-121.97531799993159,43.851654000067207],[-121.97521599982434,43.85154600010398],[-121.97507000023447,43.851437999945176],[-121.97498300019582,43.851351000322815],[-121.97489600015719,43.851242999810893],[-121.97492700011935,43.851157999702316],[-121.97495300005859,43.851131999728771],[-121.97497899999787,43.851106999967747],[-121.97504699976993,43.851041000055922],[-121.97524199976361,43.850935000083972],[-121.97533300000022,43.850765000163427],[-121.97539599974938,43.850619999733965],[-121.97551499957507,43.850533999799651],[-121.97551799994812,43.849604999813586],[-121.97553100036691,43.849570000156092],[-121.9755170001232,43.849544000138074],[-121.97564000014687,43.849308999859851],[-121.97574599955377,43.849160000047341],[-121.97583699979036,43.849053999971538],[-121.97588399964602,43.848871999976467],[-121.97594599957031,43.848732999766419],[-121.97606600011922,43.848637999907183],[-121.97617300024933,43.848478000006899],[-121.97618999996777,43.848296000197806],[-121.97620599986128,43.848082999751504],[-121.97620800040941,43.848061000185211],[-121.97621000005925,43.848038999962981],[-121.97615900000565,43.847555999782415],[-121.9760800003629,43.84731500031279],[-121.97607000031719,43.847285000103668],[-121.97606000027143,43.847254999879461],[-121.97604799967753,43.847104999827792],[-121.97605400042364,43.846762000101918],[-121.9760569998984,43.846589999997413],[-121.97613700026433,43.846248000206977],[-121.97608100018782,43.846043999762081],[-121.97597999990548,43.845903000113907],[-121.97584799966101,43.84577400000601],[-121.97567399958375,43.845579000142003],[-121.97550000040478,43.845363000046881],[-121.9753399996729,43.845168999810632],[-121.97521099980148,43.844953000174591],[-121.97500999996001,43.84455500019466],[-121.97480900011857,43.844210000028362],[-121.97465099993482,43.843907999741802],[-121.97453899978181,43.843511000268009],[-121.97446900035995,43.843274000130634],[-121.97440499988751,43.843056999753216],[-121.97440099968956,43.843042999910743],[-121.97443400019984,43.842727000278842],[-121.97446699981181,43.842567000073011],[-121.97449899959884,43.842384999722078],[-121.97447500020773,43.842073999777618],[-121.97446400033708,43.841982000162481],[-121.97444900026844,43.841858999680731],[-121.97445199974318,43.841719999974138],[-121.9744390002227,43.841558999923215],[-121.97439999986464,43.841279999695509],[-121.97447699985753,43.841087000179535],[-121.97453899978181,43.840958999770102],[-121.97461499994979,43.840809999833482],[-121.97475200021715,43.840586000002574],[-121.97490399965479,43.840404999843081],[-121.97501199960982,43.84031900008322],[-121.97502099983066,43.840311999841113],[-121.97511500044031,43.840171000251352],[-121.97519200043321,43.839990000128765],[-121.9751649997707,43.839850000190665],[-121.97515300007512,43.83970000030903],[-121.97504299957195,43.839194999749715],[-121.97488699993637,43.838776000263813],[-121.97484500010357,43.838636000068938],[-121.97480300027078,43.838518000047607],[-121.97481999998921,43.838346000147652],[-121.97485500014932,43.838250999945139],[-121.97486000017219,43.838226999760948],[-121.97486500019505,43.838201999774768],[-121.97490899967767,43.83808100016013],[-121.97520900015162,43.837253999930262],[-121.97519599973286,43.837223999845158],[-121.97518300021237,43.837192999935787],[-121.97514899987718,43.836893000043311],[-121.97511299989218,43.836678000067302],[-121.97503800044741,43.836434999773672],[-121.97506199983854,43.836205999940518],[-121.97514399985431,43.835991999910476],[-121.97522599987008,43.835849999999851],[-121.97523599991581,43.835838999905967],[-121.9753470002439,43.835722999852862],[-121.97552799999386,43.835509999872045],[-121.97569000037556,43.835283000059491],[-121.97605199987551,43.834913999837411],[-121.97621699973195,43.834486999965527],[-121.97635800019727,43.834288000064966],[-121.97644199986286,43.834046000268621],[-121.97648500041888,43.833818000205305],[-121.97648899971851,43.833589000049294],[-121.97641300044884,43.833417000197464],[-121.97631700018937,43.833259000047448],[-121.97629899974771,43.833169000201579],[-121.97628000037945,43.833073000302697],[-121.97628500040234,43.832787000093724],[-121.97632800006002,43.832586999822027],[-121.97643099999219,43.832345000256076],[-121.97648500041888,43.832285000318961],[-121.97649299991646,43.832253999787817],[-121.97650100031241,43.832221999996065],[-121.97673599959072,43.831974000218402],[-121.97685899961435,43.831836999962022],[-121.97705299978311,43.831638000297097],[-121.97710800003472,43.831451000131004],[-121.97714700039278,43.831213000132578],[-121.97711399988248,43.831099999893638],[-121.97694400000317,43.830897999971391],[-121.97682500017751,43.830783999867506],[-121.97666399962071,43.830599000105174],[-121.97667399966645,43.830482000313289],[-121.97676300025321,43.830225999730516],[-121.97687200003317,43.830082999780075],[-121.97708200009545,43.829910000261243],[-121.97729299998265,43.829736000306788],[-121.9774510001664,43.829575000321675],[-121.97764000031228,43.82934999984839],[-121.97768100032015,43.829301000145534],[-121.97768999964268,43.829282999900741],[-121.97773200037379,43.829191999948101],[-121.97779900032093,43.82852600031562],[-121.97726899969319,43.827934999696538],[-121.97725699999765,43.827921000194287],[-121.97722699986041,43.827907000040682],[-121.97661099991726,43.827614999884425],[-121.97659000000084,43.827611999975296],[-121.97656999990936,43.827609000065962],[-121.97621699973195,43.827554999728683],[-121.97576099962235,43.827635999892301],[-121.97526400040321,43.827874999862452],[-121.97489600015719,43.828377999748092],[-121.97487600006571,43.828399000135597],[-121.97485500014932,43.828419999867648],[-121.97477599960828,43.828765999912825],[-121.97461599977471,43.82911499973023],[-121.9743759995752,43.829347000026459],[-121.9738969998994,43.829459999696105],[-121.97365699969991,43.829345000145075],[-121.97357700023224,43.829056999677263],[-121.97365599987499,43.828823000299082],[-121.9734950002165,43.827146999921574],[-121.97373399969275,43.825699999991322],[-121.97388199983079,43.825320000053154],[-121.97389000022672,43.825286999775535],[-121.97389900044753,43.825254000127721],[-121.97396499967145,43.824995999778032],[-121.9741350004491,43.824158000027936],[-121.97421900011469,43.823307000285631],[-121.97423199963514,43.82254499982124],[-121.9742850002369,43.82228700007802],[-121.97432000039701,43.822239999881646],[-121.97439400001686,43.822193000296359],[-121.97446500016197,43.822080999894489],[-121.974537000132,43.82191899993677],[-121.97460900010203,43.821743999952595],[-121.97464599991193,43.821581999728579],[-121.97468299972185,43.821431999945332],[-121.97475600041513,43.821219000163033],[-121.97475899988983,43.821069000115926],[-121.97474499964612,43.820880999809923],[-121.97471500040723,43.820604999736148],[-121.97464900028498,43.820392000244127],[-121.97461800032285,43.820177999898014],[-121.97458200033782,43.820037000050299],[-121.97461099975182,43.8194630001571],[-121.97460200042931,43.819442999973219],[-121.97460699955387,43.818920999740911],[-121.97459800023137,43.818348999739371],[-121.97456300007127,43.818078000275477],[-121.97443000000186,43.817748000073571],[-121.97431500037415,43.817560999819378],[-121.97429299973452,43.817476999826489],[-121.97428600006182,43.817447000170816],[-121.97427799966593,43.817417999992372],[-121.97432000039701,43.817246000209103],[-121.97444199969745,43.817062000118611],[-121.97450299979681,43.816934000031225],[-121.97452100023845,43.816788000194158],[-121.97452299988829,43.816771999719684],[-121.97452500043644,43.81675499973754],[-121.97452500043644,43.815915000005958],[-121.97468500026999,43.815741000093524],[-121.97480499992059,43.81540800006573],[-121.97481999998921,43.815354999886118],[-121.97496499975416,43.814965999879952],[-121.97508299975496,43.814641999806902],[-121.97532200012955,43.813712000156023],[-121.9754450001532,43.81295399995993],[-121.9754810001382,43.812868999751963],[-121.97556200032905,43.812755000221081],[-121.97556499980378,43.8125409997293],[-121.97551200010034,43.812183000142625],[-121.9754600002218,43.811767999944045],[-121.97528500031963,43.811594999854734],[-121.97503000005149,43.81152699983604],[-121.97495100040879,43.811505999995745],[-121.974861999822,43.811513999966635],[-121.97437099955233,43.811555000043761],[-121.9732280002528,43.812000000240239],[-121.97210000012359,43.812589000003229],[-121.97073000014504,43.813036000053593],[-121.96972300038962,43.813067999759184],[-121.96907399993621,43.81309100012448],[-121.96862500039762,43.812976000154251],[-121.96858500021465,43.812968999945966],[-121.96854900022964,43.812956999957457],[-121.96824200008297,43.812880000189864],[-121.96776699970683,43.812761000235923],[-121.96623400041995,43.811531999735166],[-121.96594399999174,43.81130000021399],[-121.96576700043973,43.811173999934333],[-121.96376499972619,43.809745000174736],[-121.96375399985553,43.8097359996977],[-121.96361699958818,43.809503000057845],[-121.96354100031851,43.809315999914709],[-121.96356399988473,43.809144999763653],[-121.96370600017495,43.808932000232808],[-121.96394600037446,43.808733999695555],[-121.96420599976715,43.808549999956782],[-121.96446600005814,43.808337999893247],[-121.96453700020325,43.808235000138147],[-121.96462800043986,43.808110999819725],[-121.96471200010544,43.807798000234037],[-121.96485500022058,43.807512999814293],[-121.96491799996974,43.80731299978828],[-121.96488500035782,43.806956000297689],[-121.9648700002892,43.806684000025449],[-121.96495700032783,43.806169999804645],[-121.96492399981754,43.805798000127496],[-121.96491700014485,43.805775999882322],[-121.96490999957382,43.805754000277375],[-121.96480499999187,43.805426000078661],[-121.96471799995324,43.805153000273428],[-121.96452999963225,43.804636999784321],[-121.96439699956287,43.804320999716722],[-121.96440099976081,43.804121000024722],[-121.96440400013387,43.803954000080147],[-121.96466400042486,43.803750000275301],[-121.96507699997842,43.803505000033915],[-121.96559699966211,43.803193000031726],[-121.96604799974881,43.802459000204749],[-121.96618400019123,43.802338999841723],[-121.96665399964621,43.80192399996983],[-121.96696699964066,43.801814999711375],[-121.96752099965954,43.801719999716511],[-121.96782399960824,43.801577000210585],[-121.96795000000492,43.801518000228533],[-121.96797400029436,43.801507000291338],[-121.96799799968549,43.801494999945042],[-121.96814099980064,43.801305999845205],[-121.96838199982506,43.800983999762948],[-121.96837900035034,43.800832999688417],[-121.96837199977934,43.800427000313455],[-121.9682010000751,43.800039000114836],[-121.96809399994498,43.799366000251666],[-121.96796699972336,43.7987220001339],[-121.96781000026286,43.797533999923289],[-121.96768200021631,43.79691800009693],[-121.96749100042062,43.79623700002319],[-121.96740199983383,43.796014999904209],[-121.96734800030548,43.795742999744],[-121.9673700000468,43.7952979996872],[-121.96737800044272,43.795128999989316],[-121.96742399957515,43.794728999993247],[-121.96741199987959,43.794285999925435],[-121.96733800025974,43.794164000243399],[-121.9673270003891,43.794145999780241],[-121.96731599962011,43.794127999960104],[-121.96724000035044,43.793941000319059],[-121.96716599983228,43.793683000197042],[-121.96716500000736,43.793661000029509],[-121.96716400018246,43.793637999963643],[-121.96715699961146,43.793346000162039],[-121.96715699961146,43.793312999721628],[-121.96716300035757,43.793298999883007],[-121.96731800016823,43.7929640000795],[-121.96744799986462,43.792489000207183],[-121.96750200029128,43.792338999975073],[-121.96771900002624,43.791777000089361],[-121.96773900011775,43.791685000114697],[-121.96784399969972,43.791207000010957],[-121.96757400026128,43.788228999788345],[-121.96739000013827,43.78698999973431],[-121.96728899985594,43.786756000220052],[-121.96698599990724,43.786099000179256],[-121.96674599970775,43.785695999987574],[-121.96650499968331,43.785229999701762],[-121.96618599984107,43.784709000112095],[-121.96579599985373,43.784350999754906],[-121.96468600016618,43.783270999705785],[-121.96449299982233,43.783092999771704],[-121.96402599984211,43.782628000022846],[-121.96293600024602,43.782010000089699],[-121.96242700043298,43.781875000160852],[-121.96113100007426,43.781702999853159],[-121.96072900039137,43.781405000192407],[-121.96070599992683,43.781387999873139],[-121.96068300036062,43.781371000197673],[-121.96050699973522,43.781239999865406],[-121.96074799975963,43.780716000206091],[-121.96114699996781,43.780079999806716],[-121.96176899975873,43.779550000251213],[-121.96195999955445,43.779351000147273],[-121.96254399971055,43.778720000196429],[-121.9639139996891,43.7781699998771],[-121.96537999992712,43.777706000263031],[-121.9657799999602,43.777530000295094],[-121.96591999970229,43.777462999931593],[-121.96609899980241,43.777357000297094],[-121.96618500001615,43.777282999890211],[-121.96631100041287,43.777144000298208],[-121.96664600014861,43.776796999990601],[-121.96675199955551,43.776660000266169],[-121.9668570000358,43.776585000118345],[-121.96709899988514,43.776500000053318],[-121.96734400010753,43.776427000061247],[-121.96750599959091,43.7762870002448],[-121.96760699987325,43.776215999707595],[-121.96808999974701,43.775625000296216],[-121.96857500016891,43.775154999844482],[-121.96889400001115,43.774753000029754],[-121.96913400021066,43.774227999736169],[-121.9692920003944,43.772896999749193],[-121.96929099967117,43.772375000116448],[-121.96913099983757,43.771391999977553],[-121.96921100020353,43.770928999933957],[-121.96928999984625,43.77052499969971],[-121.96944499965697,43.770047999985138],[-121.96960899968849,43.769542000291224],[-121.96952800039595,43.768672000166212],[-121.96952800039595,43.768496999868717],[-121.96928800019643,43.767801000038403],[-121.96904799999692,43.767340000102728],[-121.96848899995518,43.766817000284107],[-121.96846700021388,43.76680599979845],[-121.96844600029748,43.766794999959558],[-121.96809399994498,43.7666159999374],[-121.96752300020768,43.766372999952658],[-121.966595000095,43.76585200017422],[-121.96555599965421,43.76519700015799],[-121.96553899993576,43.765186000023228],[-121.96552200021735,43.765176000252787],[-121.96418200037601,43.764710999998783],[-121.96356100041,43.764503000312573],[-121.96315100033117,43.764463000115377],[-121.96312200001886,43.764463000115377],[-121.96309400042978,43.764463000115377],[-121.96283800033673,43.764460000277928],[-121.96236200013567,43.764444000060976],[-121.96195299988175,43.76435700014455],[-121.96170699983446,43.764294999903193],[-121.96144499989363,43.764233000246342],[-121.96119499964837,43.764143999904611],[-121.96110299958686,43.764111000210725],[-121.96094000027855,43.764013999845382],[-121.96087599980613,43.763917999710138],[-121.96091099996625,43.763776000322395],[-121.9610420003858,43.763789000198102],[-121.9611899996255,43.763766000316259],[-121.96133600011369,43.76375400017691],[-121.96143700039602,43.763744999908646],[-121.96170199981157,43.763676000185782],[-121.9620979996467,43.76353700010754],[-121.96218899988328,43.763483999973985],[-121.96235399973972,43.763386999889441],[-121.96248000013644,43.76331400011005],[-121.9626969998714,43.763138999707394],[-121.96271399958985,43.76312499993854],[-121.96272700000864,43.763114999823578],[-121.96291399960639,43.762959999774289],[-121.96317399989738,43.762786000039988],[-121.96320200038478,43.762767000101753],[-121.96322999997389,43.762748999915623],[-121.96356200023492,43.762524999814012],[-121.96365599994623,43.76244100028952],[-121.96397999981133,43.76211200004326],[-121.96414800004082,43.761934999824859],[-121.9644500001646,43.761556999903313],[-121.96466699989959,43.761344000074622],[-121.96493300003839,43.761191999979928],[-121.9652650002994,43.761004000028642],[-121.96561500010377,43.760772000254526],[-121.9657799999602,43.760698999879452],[-121.96651200025431,43.760158000074028],[-121.96709499968716,43.759698999896806],[-121.96739799963591,43.759307999924062],[-121.96748399984962,43.759058999882456],[-121.96755400016981,43.758798000266431],[-121.96774300031569,43.758323000129472],[-121.96786200014138,43.758085999862679],[-121.96801299975412,43.757908000222152],[-121.96816400026516,43.757767000036289],[-121.96839600006876,43.757626000167001],[-121.9685450000317,43.757556000030249],[-121.96876000011684,43.757462000255394],[-121.96884999963019,43.757439999734565],[-121.96907399993621,43.757382000151246],[-121.96940600019721,43.757206000064606],[-121.96966999978785,43.75712499976602],[-121.96993500010171,43.756996999735456],[-121.97011900022473,43.756832000189313],[-121.97018899964662,43.756546000157769],[-121.97023800005043,43.756438999921656],[-121.9703130003935,43.756343999824509],[-121.97087499991,43.75506600011159],[-121.97111400028459,43.754429000196112],[-121.97159600033342,43.753445999723418],[-121.97199100034365,43.752983000282271],[-121.97192799969612,43.752612999678661],[-121.97174000027346,43.752378999950466],[-121.97143300012679,43.75209100017706],[-121.97125499985158,43.751906999938704],[-121.97123899995805,43.751891000258006],[-121.97122300006453,43.751873999984269],[-121.97116000031534,43.751707000053649],[-121.97109699966782,43.751564000290642],[-121.97086800023726,43.751489999766342],[-121.97071400025149,43.751450999900399],[-121.97057299978619,43.751415999799441],[-121.97021200011119,43.751376999885281],[-121.96999899967582,43.751374999988819],[-121.96993599992663,43.751194999949895],[-121.96995500019322,43.751029000025376],[-121.97008900008751,43.750899000021008],[-121.97010699963086,43.750895000196074],[-121.97013299957013,43.750884000027291],[-121.97013900031624,43.750864000246096],[-121.97043700024207,43.750747999955976],[-121.97101300000222,43.750657999710185],[-121.97109500001801,43.750650999988224],[-121.97152400036342,43.750615000107395],[-121.97156100017331,43.750614000146442],[-121.97159899980815,43.750614000146442],[-121.97224700043668,43.75060899969256],[-121.97237999960774,43.750604999848235],[-121.97288799959586,43.750590999742194],[-121.97338200023857,43.750535999896414],[-121.97374399973852,43.750480000036902],[-121.97377100040103,43.750474000257441],[-121.97379700034027,43.750467999828459],[-121.97395899982367,43.750433999765484],[-121.97414100029687,43.750364000300308],[-121.97427500019117,43.750175000102445],[-121.97435999968167,43.750032999894167],[-121.97436300005472,43.749825999768468],[-121.97425000007682,43.749665999801437],[-121.97409899956575,43.749413999927015],[-121.9740669997787,43.749275999793397],[-121.97412200003031,43.7491009998623],[-121.97421200044198,43.748888999809203],[-121.97429399955944,43.748749999770901],[-121.97435100035915,43.748548999723504],[-121.97458599963748,43.748331000316675],[-121.9747480000192,43.748120000134641],[-121.97480999994347,43.748038999867177],[-121.97504000009725,43.747739999877624],[-121.97549299983376,43.747148000073778],[-121.97567699995678,43.746965000235576],[-121.97725699999765,43.745916999886141],[-121.97797599987294,43.745338000214389],[-121.97919400041387,43.744516000284797],[-121.97941299979864,43.744410000020174],[-121.98116799974167,43.743368000211362],[-121.98124800010763,43.742964000111122],[-121.98124800010763,43.742441000078372],[-121.98100700008318,43.741516000095324],[-121.97988800017481,43.739952999799549],[-121.9796479999753,43.739082000199986],[-121.9785290000669,43.738157999763139],[-121.97828899986737,43.737692000305366],[-121.97751300009067,43.737218999822453],[-121.97573300003327,43.736133999854218],[-121.97533300000022,43.73596000000358],[-121.97517300016662,43.735841000064525],[-121.97525299963426,43.735319999903567],[-121.9754119996429,43.734798999753188],[-121.97557099965158,43.733584999708995],[-121.9751210002881,43.732550999892034],[-121.97505000014299,43.732454999911056],[-121.9749100004009,43.732205999790857],[-121.97481300031652,43.732128999841322],[-121.97465099993482,43.732001000228749],[-121.9744889995531,43.731856999850791],[-121.97400099965647,43.731602000117128],[-121.97382800030242,43.731449000145247],[-121.97375799998223,43.731385999928662],[-121.97363099976062,43.731145999887389],[-121.97363099976062,43.731120000230916],[-121.97363199958551,43.73109399991398],[-121.97363400013367,43.730967999965934],[-121.97363599978348,43.730872999685538],[-121.97368900038525,43.730635000125382],[-121.97390699994514,43.730375000184978],[-121.97417499973376,43.730237000302388],[-121.97427099999319,43.730187000144113],[-121.97463699969111,43.729929000170145],[-121.97495399988351,43.729668999761465],[-121.97545600002385,43.729101999996537],[-121.9756140002076,43.728819999887079],[-121.97613399989125,43.728078999845735],[-121.97641699974851,43.727680999915911],[-121.97687000038333,43.727125999854024],[-121.97727399971606,43.726558000321567],[-121.97757699966478,43.726071999906559],[-121.97788700018448,43.725548999690169],[-121.97794900010875,43.725443999985082],[-121.97813800025463,43.724981000135301],[-121.97816300036901,43.724848999910961],[-121.97824200001172,43.724648000117284],[-121.97826200010321,43.724445999900283],[-121.97820600002672,43.724263999886368],[-121.97818199973726,43.724231000274074],[-121.97809100039898,43.724169000008999],[-121.97798900029173,43.724097999940788],[-121.97774400006936,43.724001000287664],[-121.97764500033512,43.723940000191078],[-121.97753499983199,43.723871999776073],[-121.9774510001664,43.723819000220161],[-121.97735599973181,43.723664000318792],[-121.97732499976968,43.723531999789287],[-121.97724899960173,43.723174000066152],[-121.97726600021846,43.722960000192892],[-121.97727000041644,43.722912999775502],[-121.97714300019481,43.72262600019787],[-121.97700000007968,43.722386000113048],[-121.97685399959151,43.722254000013606],[-121.97664199987939,43.722156999971595],[-121.97642900034238,43.722107000209839],[-121.97627500035658,43.72206800002909],[-121.97613499971617,43.72203300027811],[-121.97589600023989,43.721934000296692],[-121.97584199981323,43.721910999910349],[-121.97583000011765,43.721891999979711],[-121.97581800042209,43.721872000251267],[-121.9756500001926,43.721588000270167],[-121.97552299997099,43.721337000167459],[-121.97533399982511,43.720835000053469],[-121.97517399999154,43.720583000228856],[-121.97501300033306,43.720415000189774],[-121.97478900002707,43.720090999804341],[-121.97467900042223,43.719768999917562],[-121.97464199971398,43.719667999784079],[-121.97447500020773,43.719218999746055],[-121.97441300028343,43.719066999795075],[-121.97437800012334,43.718910000252414],[-121.97417899993168,43.718445000198251],[-121.97390100009734,43.718041999959155],[-121.97389199987653,43.71802899988537],[-121.97358800010291,43.717599999763721],[-121.97347299957687,43.717273000132565],[-121.97347500012501,43.717185999816948],[-121.9734829996226,43.717161999685295],[-121.97349199984345,43.717139000064073],[-121.97361200039235,43.716875999702822],[-121.97363199958551,43.716662000058086],[-121.97358800010291,43.71636399973481],[-121.97346000005639,43.716172000323283],[-121.97328099995624,43.716028000198577],[-121.97313000034353,43.715833000032752],[-121.97312500032064,43.715821000021791],[-121.97322200040503,43.715574000020005],[-121.97324099977328,43.715527000301336],[-121.97325400019207,43.715515000229104],[-121.97326800043578,43.715504000052555],[-121.97342999991916,43.715363999872295],[-121.97348699982058,43.715314000285176],[-121.97354100024724,43.715268000264615],[-121.97361400004219,43.71521299978432],[-121.97410699996168,43.714844000049389],[-121.97440900008546,43.714442000180391],[-121.9746290001935,43.71402699991917],[-121.97458700036071,43.713645000297383],[-121.97454999965245,43.713550999745173],[-121.9745449996296,43.713522999731751],[-121.97453999960673,43.71349600028622],[-121.9745160002156,43.71335500002597],[-121.97451000036781,43.713323000183209],[-121.97451500039068,43.713048999977872],[-121.97456800009414,43.712801000294903],[-121.97463400021637,43.712693999784882],[-121.9747200004301,43.71255099969099],[-121.97490700002784,43.71234900024379],[-121.97500499993714,43.712243000177914],[-121.97503699972417,43.712139999787262],[-121.97513800000654,43.71182199986616],[-121.97514200020447,43.711807999781875],[-121.97513100033383,43.711542000155944],[-121.97512299993791,43.711053000084924],[-121.97514300002939,43.710851000134014],[-121.97517900001442,43.710660999899609],[-121.97508600012799,43.710338000001826],[-121.97494300001287,43.710062999796456],[-121.9747699997605,43.709632999791729],[-121.97464599991193,43.709214999986258],[-121.97459999988119,43.709000000249731],[-121.97459200038358,43.708964000001011],[-121.97458499981258,43.708927999730662],[-121.97459700040645,43.708746999991845],[-121.97460699955387,43.708583999953028],[-121.97450799981965,43.708537999961436],[-121.97426500014542,43.708425000185223],[-121.97407199980159,43.708209000192596],[-121.97388100000587,43.707838000138224],[-121.97380700038603,43.707543000185439],[-121.97378899994436,43.70746799976785],[-121.97368000016441,43.707085999899093],[-121.97364800037738,43.706818000010301],[-121.9736369996084,43.706727999967839],[-121.97354399972198,43.706441000142185],[-121.97349799969122,43.706227000249008],[-121.97326400023783,43.706164000131864],[-121.97321999985688,43.706153000187115],[-121.97314100021418,43.706026999731023],[-121.97307599991684,43.705924999755418],[-121.9726709998609,43.705623999751438],[-121.97228199969847,43.705322000116247],[-121.97206900016143,43.70518499973921],[-121.97179499962675,43.705008000030489],[-121.97128900018676,43.704824999991274],[-121.9711019996907,43.704772999899497],[-121.97084800014578,43.704702000225851],[-121.9703560000512,43.704626000070405],[-121.96994599997238,43.7046459997105],[-121.96937000021221,43.704723999996517],[-121.96911300029426,43.704711000280597],[-121.9688279998889,43.704695999755657],[-121.96828599956559,43.70470300030415],[-121.96808999974701,43.704650000027343],[-121.96784799989767,43.704585000040517],[-121.96778000012561,43.70456699989186],[-121.96717900025109,43.704253999833625],[-121.96690399989147,43.703795000261785],[-121.9668849996249,43.703762999860615],[-121.96686600025663,43.703731000091842],[-121.9668779999522,43.703366000201108],[-121.96691700031026,43.702821000044366],[-121.96717900025109,43.70222499989363],[-121.96746299993319,43.701869999883378],[-121.96760100002547,43.701699000249697],[-121.96765499955384,43.701630999921804],[-121.96782600015638,43.701406000225859],[-121.96800600008142,43.701206999996074],[-121.96843500042685,43.700784999956888],[-121.96912099979187,43.700076999925997],[-121.96955500016014,43.699651999888459],[-121.97043800006696,43.698885000191744],[-121.97151199976952,43.697861999774375],[-121.97162300009761,43.697776000051171],[-121.97242200033885,43.697140000036519],[-121.97291100006041,43.696394000043469],[-121.97308400031277,43.695847999933541],[-121.97301300016765,43.695228000140212],[-121.97288400029622,43.694361000043521],[-121.97288500012114,43.694343000072777],[-121.97288599994604,43.694323999845182],[-121.97287099987743,43.694215000269182],[-121.97283700044056,43.693963999830707],[-121.97286400020472,43.693357000276443],[-121.97288900031909,43.692867999948625],[-121.97292399958086,43.692702000066561],[-121.97316299995548,43.692179999869055],[-121.97326699971254,43.69185899970519],[-121.97335299992626,43.691633999713474],[-121.97348799964547,43.691409000176705],[-121.97376999967778,43.691243999806723],[-121.97401800027322,43.691128000294484],[-121.97414299994668,43.691070000129429],[-121.97439900003972,43.690952000314866],[-121.97462400017061,43.690876000267387],[-121.97477800015642,43.690825000078895],[-121.97517599964137,43.690613999946471],[-121.9755220001461,43.69055700024817],[-121.97591799998121,43.690417999924918],[-121.97611700017282,43.690300999795667],[-121.97616599967833,43.690247000108741],[-121.97642199977138,43.689961000306631],[-121.97643199981708,43.689949999987171],[-121.97661900031318,43.689769000110417],[-121.97706700002682,43.68914899982704],[-121.97707799989747,43.68913300026712],[-121.97708899976813,43.689117999742081],[-121.97764899963478,43.688605000053705],[-121.97793999988794,43.688339999801499],[-121.97801000020812,43.68826000023067],[-121.97813099968363,43.688124999900943],[-121.97822399957006,43.688020999935382],[-121.97822899959293,43.687991000274032],[-121.97823299979088,43.687962000305717],[-121.97824200001172,43.687907000103223],[-121.97825799990524,43.687802000049032],[-121.97829499971515,43.68726600010686],[-121.97833700044627,43.687185999753197],[-121.97862899962601,43.686616999965281],[-121.9788119999241,43.68629200031657],[-121.97896199971196,43.686023999719247],[-121.97897500013075,43.68526900008969],[-121.97957299963221,43.68376600000196],[-121.97959400044692,43.683103000029675],[-121.97960799979232,43.682642999857826],[-121.97961399964011,43.682439999876273],[-121.97950999988302,43.682197999717573],[-121.97926899985859,43.681629999854174],[-121.97929499979787,43.68120799977018],[-121.9793190000873,43.680824999724599],[-121.97951300025608,43.679942999740788],[-121.97965999967084,43.67937800017058],[-121.97974300040985,43.679059000072066],[-121.97991099974102,43.678531000192358],[-121.9801209998033,43.677867000313796],[-121.98053099988212,43.676934999963876],[-121.9808029998687,43.676163999876721],[-121.98083200018101,43.676079000131338],[-121.98073099989867,43.675487000239158],[-121.98060500040029,43.674748999976401],[-121.98061899974569,43.674664000175852],[-121.98076299968572,43.673841999814158],[-121.98109900014471,43.673037999760844],[-121.98139100022274,43.672634000316364],[-121.98231000011459,43.671356999692094],[-121.98285900011061,43.670534000168935],[-121.9831190004016,43.670143000177831],[-121.9833019998014,43.669776999868915],[-121.98367500007029,43.669027999956256],[-121.98433799986911,43.667993999917378],[-121.9843439997169,43.667972999708802],[-121.98434999956466,43.667952000142634],[-121.98447500013646,43.667766999995997],[-121.98466199973421,43.667376000173839],[-121.98472899968135,43.667103999982025],[-121.98474999959774,43.667018999750553],[-121.98471100013801,43.666447000192079],[-121.98465599988643,43.666257999677292],[-121.98458700028944,43.666016999959268],[-121.98451899961907,43.665707999803111],[-121.98455299995426,43.665630000105295],[-121.98458800011437,43.665577999817231],[-121.98467699980282,43.665442999783892],[-121.98483599981147,43.665257000265868],[-121.98499300017032,43.66515800008824],[-121.98528900044634,43.664998000099317],[-121.98546500017343,43.664810999758615],[-121.98562400018207,43.664561999947082],[-121.98571600024358,43.664249999790165],[-121.98571899971832,43.664062000262362],[-121.9856889995811,43.663798000235801],[-121.98572899976405,43.663434999928171],[-121.98585599998567,43.663085999791662],[-121.98614999971353,43.662061000030846],[-121.98615999975927,43.661961999781454],[-121.98626699988941,43.661707999773462],[-121.98627299973717,43.6613629999502],[-121.98625699984368,43.660386000274954],[-121.98605299962915,43.658823999802777],[-121.98595499971987,43.658551999855192],[-121.98593499962838,43.658496999988436],[-121.98590899968912,43.658351000014967],[-121.98584500011501,43.658125000228431],[-121.98571899971832,43.657677999816386],[-121.98563699970255,43.656925999691808],[-121.98570600019784,43.656382999800606],[-121.9857170000685,43.656291999873417],[-121.98627399956209,43.655305999905522],[-121.98651299993669,43.655133000244177],[-121.98674300009047,43.65489800031537],[-121.98691100031995,43.654727000002097],[-121.98707100015352,43.654435999831868],[-121.98690999959672,43.65385800026565],[-121.98667100012047,43.65362600008735],[-121.98651100028687,43.653336999701381],[-121.98612799997224,43.653105999748966],[-121.98611200007872,43.653096999749707],[-121.98603199971276,43.653049000164259],[-121.98593999965125,43.652928000091094],[-121.98563300040288,43.652527000082742],[-121.9853930002034,43.651948999692173],[-121.98513700011036,43.651236000107993],[-121.98453899971057,43.649573000241922],[-121.98443499995348,43.649283999852344],[-121.98437100037937,43.649178000107611],[-121.98419499975397,43.648881999854417],[-121.98414299987543,43.648728999972974],[-121.9841250003321,43.648704999739536],[-121.98410799971533,43.648681999858908],[-121.98398300004185,43.648492999969392],[-121.98385800036841,43.648288999802979],[-121.98378800004818,43.648179000069412],[-121.98364599975795,43.647742999982803],[-121.98360099955214,43.647605000306783],[-121.98337799996935,43.646764999962642],[-121.98335399967991,43.646673999761859],[-121.98322800018153,43.646287999784711],[-121.98321399993785,43.646244000269768],[-121.98320499971703,43.646224000006825],[-121.98297600028646,43.645728999827902],[-121.98276299985113,43.645149999898997],[-121.98274199993473,43.645092999914112],[-121.98273400043712,43.645070999723046],[-121.98272500021631,43.645047999750993],[-121.98265999991897,43.644894000078907],[-121.98255100013903,43.64463700003823],[-121.98244200035907,43.644378999764072],[-121.98228099980227,43.64415099982407],[-121.98196000031022,43.643754999992865],[-121.98168599977552,43.643489999939789],[-121.98167200043015,43.643480999799735],[-121.98140299991832,43.643297999909457],[-121.98131300040497,43.64323700025556],[-121.98103700022043,43.643055999884176],[-121.98081600028749,43.642756000121999],[-121.98061899974569,43.642540000249681],[-121.98051699963841,43.642105000010019],[-121.98048099965341,43.641954999891965],[-121.98046200028517,43.641474999727862],[-121.9804580000872,43.641383000130652],[-121.98056299966917,43.64099100026796],[-121.98073699974645,43.640444999772448],[-121.98070699960921,43.640216999854353],[-121.98067900002013,43.639991000085303],[-121.98066800014948,43.639972000198298],[-121.98065700027881,43.639951999797525],[-121.98055500017158,43.639765999977072],[-121.98050900014083,43.6396850001479],[-121.98044100036874,43.639619000110059],[-121.98020100016923,43.639329000069594],[-121.98002500044214,43.63917599991013],[-121.97987999977889,43.63904999983049],[-121.97976199977809,43.63889900001125],[-121.97966800006679,43.638778000037185],[-121.97962399968584,43.638721999735694],[-121.97910499982707,43.638055999833938],[-121.97902399963623,43.637952000211776],[-121.97899699987204,43.63792499989912],[-121.97897000010785,43.637898000224418],[-121.97847499964024,43.63739900010399],[-121.9781349998816,43.637181000018394],[-121.9776779999471,43.637058000023686],[-121.97730399985328,43.636930000237591],[-121.9769320003076,43.636782999933502],[-121.97645299973351,43.636377999743225],[-121.97631299999142,43.636313999810156],[-121.97581599987396,43.636089000235764],[-121.97549700003172,43.636032000105793],[-121.97495399988351,43.635801999841995],[-121.97454100032995,43.635627000055024],[-121.97422099976448,43.635277000252501],[-121.97406199975583,43.635164000285862],[-121.97406099993094,43.634839000261884],[-121.97406099993094,43.634700000255116],[-121.97374200008871,43.633715000121136],[-121.97356499963837,43.633446000132082],[-121.97294399967235,43.632497000253359],[-121.97227300037594,43.631816999725316],[-121.97214699997924,43.631688999828697],[-121.97047300022707,43.63053000009468],[-121.96970199957491,43.629971999838084],[-121.96951599980208,43.629836999731808],[-121.96943399978632,43.629643000228214],[-121.9693910001286,43.629505999970235],[-121.96938000025794,43.629495000272918],[-121.96905899986757,43.628893000292713],[-121.96872599978165,43.628246999794243],[-121.96845200014526,43.627854000005762],[-121.96844200009953,43.627840999887759],[-121.96835800043394,43.627718999693954],[-121.96822000034167,43.627661000015927],[-121.96795099982984,43.627549000098185],[-121.96789099955538,43.627539000107028],[-121.96734599975734,43.627448000045682],[-121.96670499969986,43.627536999978503],[-121.96616099972671,43.627698999766466],[-121.96587500039476,43.627755999997397],[-121.96569999959428,43.627790000098017],[-121.96534099956907,43.627704000074083],[-121.96521599989559,43.627524999856433],[-121.96514899994845,43.627428000028019],[-121.96505299968896,43.627259999747046],[-121.96491799996974,43.627045000161687],[-121.96541199971418,43.627031999868713],[-121.96558199959348,43.627027000155451],[-121.96635200042074,43.627034000014007],[-121.9668629998836,43.626919000004918],[-121.96734099973447,43.626744999787746],[-121.96756300039065,43.626649000080157],[-121.96774800033856,43.626567000045938],[-121.96790300014928,43.62649999982397],[-121.96806299998285,43.626459999801384],[-121.96826100034954,43.626411000306454],[-121.96828800011376,43.626403999725092],[-121.96836400028171,43.626385000093727],[-121.96850900004667,43.626384000010319],[-121.96903700012628,43.626379000243155],[-121.96947999981705,43.626335999887402],[-121.96978000029102,43.626309000207833],[-121.96997299973657,43.626292000066208],[-121.9700749998438,43.626266999887427],[-121.97044100044002,43.626175999851171],[-121.97063100041079,43.626154999973281],[-121.97077700000068,43.62612700012469],[-121.97437399992536,43.6258970003176],[-121.97523199971783,43.625859000078151],[-121.9756090001847,43.625835999904432],[-121.97651600038101,43.625796000090268],[-121.97701400032339,43.625796000090268],[-121.97771099955908,43.625651000053125],[-121.97803899962213,43.625605000188045],[-121.97947300007313,43.625662999899099],[-121.97979100009043,43.625724999931947],[-121.98082700015814,43.625838000089558],[-121.98114600000038,43.625894000042884],[-121.98401400000401,43.625779999897077],[-121.98482400011591,43.625722999743104],[-121.98549000028777,43.625675999837881],[-121.9866600002498,43.625632000183813],[-121.987856999976,43.625678000028287],[-121.98830499968963,43.62571099990911],[-121.98877400021802,43.62574599996001],[-121.99052800033614,43.625761000068486],[-121.99064600033691,43.625768000074508],[-121.99193699977445,43.625875999691971],[-121.99214000016403,43.625892999951247],[-121.99305099965996,43.626166999718592],[-121.99368199967171,43.626395999709921],[-121.99399899986413,43.626489000226805],[-121.99552600020154,43.626937000043498],[-121.99636100042778,43.62705099994583],[-121.99775499979745,43.627039999799244],[-121.99872599956787,43.626785999697461],[-121.99913800019482,43.626683000156689],[-122.00009499972153,43.626356999702061],[-122.00016400021681,43.626279000260645],[-122.0002339996387,43.626201000067759],[-122.00046200014265,43.62594400005004],[-122.00073999997699,43.62501699980092],[-122.00093599979556,43.624175000085053],[-122.00096900030584,43.624030000039532],[-122.00101000031373,43.623926999678119],[-122.00125999966066,43.623294000236484],[-122.00143499956286,43.623016999961266],[-122.0015440002411,43.622703000221087],[-122.00162299988382,43.622528000008302],[-122.00165899986882,43.622191000047472],[-122.00186499973316,43.620967999885373],[-122.0017960001362,43.619894000298132],[-122.00179899961091,43.619810999961302],[-122.00182500044849,43.619611000089428],[-122.00186700028128,43.619285999854107],[-122.0018890000226,43.619118000230323],[-122.00189900006836,43.618845999968045],[-122.00189400004547,43.618513999950537],[-122.00191800033492,43.61796800008802],[-122.00192099980966,43.616896000073218],[-122.00194400027418,43.616414000207072],[-122.00207099959748,43.615856999894326],[-122.00223100032936,43.61564600024758]]],[[[-121.33591800005033,44.139653000067185],[-121.33600799956371,44.13796199988748],[-121.33554099958346,44.137962999800877],[-121.33554200030669,44.137020999745083],[-121.33413799999296,44.137022000319085],[-121.33431200007024,44.134014000300397],[-121.33408199991646,44.133993000066674],[-121.33409500033525,44.133983000259775],[-121.3342049999401,44.133903999791507],[-121.33407799971849,44.133810000108646],[-121.333881000075,44.133662999742221],[-121.33370799982264,44.133547999928531],[-121.33369299975404,44.133537000057942],[-121.33356499970751,44.13344599976061],[-121.33344199968386,44.133358999933279],[-121.33334700014761,44.133284999882932],[-121.33320300020758,44.133156000052644],[-121.33315299997886,44.133102000309918],[-121.33305099987162,44.132990000041382],[-121.33282099971784,44.132706000043136],[-121.3327610003417,44.132616999762597],[-121.3327060000901,44.1325149999209],[-121.33257800004358,44.132196999852617],[-121.33238700024789,44.131705000119922],[-121.33236200013351,44.131639000095582],[-121.33230699988194,44.131485999989984],[-121.33222900006413,44.131193000244892],[-121.33198300001683,44.131183999992075],[-121.33124599969986,44.131159999955891],[-121.33100100037581,44.131151999726733],[-121.33098700013207,44.131168000183962],[-121.33060100034272,44.131575000040677],[-121.33046300025046,44.131730999972469],[-121.33041800004462,44.13178200027],[-121.33025900003597,44.131971000154131],[-121.33019000043896,44.132068000224827],[-121.33014500023314,44.132146999925396],[-121.330074000088,44.13231099970907],[-121.3300220002095,44.132478999707168],[-121.32999100024738,44.132609999734861],[-121.32996799978281,44.132749000130588],[-121.32994299966845,44.132997000024083],[-121.32994199984356,44.133121000225046],[-121.32995400043743,44.133244000172347],[-121.32998299985142,44.133364999881032],[-121.33002899988219,44.133473000125598],[-121.33011799957065,44.133617999701656],[-121.33029300037113,44.13386999974518],[-121.33053600004538,44.134185999876564],[-121.33076899967389,44.134502000251253],[-121.33079100031351,44.134532000047948],[-121.33107800036869,44.1349579999005],[-121.33113299972196,44.135049999764867],[-121.33115500036159,44.135085999700756],[-121.33122300013365,44.135214999828172],[-121.33130400032449,44.135394000117941],[-121.33133799976136,44.135484999992407],[-121.33136299987574,44.135576999680403],[-121.33137600029453,44.135663000156129],[-121.33138200014231,44.135749999812752],[-121.33137399974639,44.135924999978791],[-121.33135000035526,44.136062999718206],[-121.33130699979922,44.136215000272607],[-121.33126800033949,44.136315000288235],[-121.33122399995854,44.13640799991223],[-121.33106300030008,44.136678999714476],[-121.33095100014707,44.136874000280017],[-121.33087199960606,44.137015000168788],[-121.33078700011556,44.137206999846299],[-121.33073000021413,44.137367999991149],[-121.33070199972676,44.13748100025915],[-121.33069000003118,44.137530000262451],[-121.33068099981034,44.137600999747818],[-121.33067999998545,44.137612000150767],[-121.33067800033561,44.137717999884806],[-121.33068500000832,44.137825999904678],[-121.33070299955166,44.137931999899259],[-121.33071099994758,44.137966000185649],[-121.33072900038924,44.138033000142791],[-121.33074799975748,44.138084000155395],[-121.3303259999831,44.138087999800611],[-121.32987499989642,44.138093999912535],[-121.32955600005415,44.138812000096884],[-121.32954299963536,44.138836000246762],[-121.32934699981679,44.139208999925181],[-121.33018000039323,44.138914999919059],[-121.3301719999973,44.139136000007653],[-121.3301360000123,44.140277000285806],[-121.32917399956445,44.14021600019268],[-121.32916900043989,44.140693999858186],[-121.32908700042412,44.141420000142027],[-121.32896500022537,44.142518000083257],[-121.3290370001954,44.14261500023477],[-121.32912500005894,44.142732000105774],[-121.32925800012832,44.142905999733003],[-121.32933299957308,44.143002999891664],[-121.32966400000919,44.142987999890863],[-121.33066099971886,44.142943999694516],[-121.33099299997987,44.142930000152603],[-121.33099800000274,44.142950999786557],[-121.33101300007137,44.143016000233096],[-121.33101800009423,44.143038000308508],[-121.33119700019438,44.143047999871271],[-121.33142099960206,44.143061000202792],[-121.33143700039389,44.143185999723741],[-121.33124700042309,44.14319299978709],[-121.33106800032294,44.143201000318889],[-121.33109699973696,44.143666000117591],[-121.33118700014865,44.14506299968545],[-121.33121700028586,44.145529000073417],[-121.33177100030474,44.146225999690088],[-121.33199200023768,44.146514999900248],[-121.33265699968632,44.146531999830636],[-121.33239599957038,44.14604400003379],[-121.33289299968787,44.146058999902706],[-121.33293799989372,44.144739000069592],[-121.33297100040399,44.143757000136212],[-121.33298399992445,44.141807999916864],[-121.3325720001958,44.141797000295611],[-121.33258300006645,44.14073000022114],[-121.33255399975415,44.139990000238811],[-121.33311100014608,44.139991000117867],[-121.33311100014608,44.139697000137588],[-121.33311199997097,44.138838000043918],[-121.33245500001995,44.138906000198354],[-121.33245500001995,44.137763000024535],[-121.33367000018782,44.137829000296406],[-121.33383400021934,44.138426999690189],[-121.33402400019014,44.139067000223399],[-121.33404699975635,44.139659000020131],[-121.33591800005033,44.139653000067185]]]]},"properties":{"GEOID":"4101980","NAME":"Bend-La Pine Administrative School District 1"}}]}